<?xml version="1.0" encoding="UTF-8"?>
<!-- generated by CLiX/Wiki2XML [MPI-Inf, MMCI@UdS] $LastChangedRevision: 92 $ on 16.04.2009 15:58:14[mciao0826] -->
<!DOCTYPE article SYSTEM "../article.dtd">
<article xmlns:xlink="http://www.w3.org/1999/xlink">
<header>
<title>Robots exclusion standard</title>
<id>101673</id>
<revision>
<id>243881343</id>
<timestamp>2008-10-08T13:16:20Z</timestamp>
<contributor>
<username>XLinkBot</username>
<id>6163802</id>
</contributor>
</revision>
<categories>
<category>World Wide Web</category>
</categories>
</header>
<bdy>

<indent level="1">

<it>For restricting Wikipedia bots, see </it>.
</indent>

The <b>robot exclusion standard</b>, also known as the <b>Robots Exclusion Protocol</b> or <b>robots.txt protocol</b>, is a convention to prevent cooperating <link xlink:type="simple" xlink:href="../120/33120.xml">
web spider</link>s and other <link xlink:type="simple" xlink:href="../607/1569607.xml">
web robot</link>s from accessing all or part of a <link xlink:type="simple" xlink:href="../898/33898.xml">
website</link> which is otherwise publicly viewable. Robots are often used by <link xlink:type="simple" xlink:href="../023/4059023.xml">
search engines</link> to categorize and archive web sites, or by webmasters to proofread source code. The standard complements <work wordnetid="100575741" confidence="0.8">
<event wordnetid="100029378" confidence="0.8">
<service wordnetid="100577525" confidence="0.8">
<act wordnetid="100030358" confidence="0.8">
<psychological_feature wordnetid="100023100" confidence="0.8">
<activity wordnetid="100407535" confidence="0.8">
<link xlink:type="simple" xlink:href="../978/2831978.xml">
Sitemaps</link></activity>
</psychological_feature>
</act>
</service>
</event>
</work>
, a <it>robot inclusion standard</it> for websites.
<sec>
<st>
About the standard</st>
<p>

A robots.txt file on a website will function as a request that specified robots ignore specified files or directories in their search. This might be, for example, out of a preference for privacy from search engine results, or the belief that the content of the selected directories might be misleading or irrelevant to the categorization of the site as a whole, or out of a desire that an application only operate on certain data.</p>
<p>

For websites with multiple sub-domains, each sub-domain must have its own robots.txt file. If example.com had a robots.txt file but a.example.com did not, the rules that would apply for example.com will not apply to a.example.com.</p>

</sec>
<sec>
<st>
Disadvantages</st>
<p>

The protocol, however, is purely advisory.  It relies on the cooperation of the <link xlink:type="simple" xlink:href="../607/1569607.xml">
web robot</link>, so that marking an area of a site out of bounds with robots.txt does not guarantee privacy.  Some web site administrators have tried to use the robots file to make private parts of a website invisible to the rest of the world, but the file is necessarily publicly available and its content is easily checked by anyone with a <link xlink:type="simple" xlink:href="../173/33173.xml">
web browser</link>.</p>
<p>

There is no official standards body or <link xlink:type="simple" xlink:href="../540/25540.xml">
RFC</link> for the robots.txt protocol. It was <weblink xlink:type="simple" xlink:href="http://www.robotstxt.org/wc/norobots.html">
created by consensus</weblink> in <link xlink:type="simple" xlink:href="../337/18948337.xml">
June 1994</link> by members of the robots mailing list (robots-request@nexor.co.uk). The information specifying the parts that should not be accessed is specified in a file called <b>robots.txt</b> in the top-level directory of the website.  The robots.txt patterns are matched by simple substring comparisons, so care should be taken to make sure that patterns matching directories have the final '/' character appended, otherwise all files with names starting with that substring will match, rather than just those in the directory intended.</p>

</sec>
<sec>
<st>
Automated Content Access Protocol</st>

<p>

<indent level="1">

<it>Main article: <link xlink:type="simple" xlink:href="../572/7661572.xml">
Automated Content Access Protocol</link></it>
</indent>
ACAP, which is a possible <pause wordnetid="115271008" confidence="0.8">
<extension wordnetid="115272382" confidence="0.8">
<time_interval wordnetid="115269513" confidence="0.8">
<word wordnetid="106286395" confidence="0.8">
<delay wordnetid="115272029" confidence="0.8">
<part wordnetid="113809207" confidence="0.8">
<neologism wordnetid="106294441" confidence="0.8">
<language_unit wordnetid="106284225" confidence="0.8">
<link xlink:type="simple" xlink:href="../659/23659.xml">
plug-in</link></language_unit>
</neologism>
</part>
</delay>
</word>
</time_interval>
</extension>
</pause>
 for the Robots Exclusion Standard, was released as v1.0 on <link xlink:type="simple" xlink:href="../577/21577.xml">
November 30</link>, <link xlink:type="simple" xlink:href="../165/36165.xml">
2007</link>.</p>

</sec>
<sec>
<st>
robots.txt search engine</st>
<p>

Of recent interest is the percentage of website pages that have robots.txt files and which specific robots are given privileges to crawl specific website files. To help understand these issues, a publicly available robots.txt search engine, <artifact wordnetid="100021939" confidence="0.8">
<instrumentality wordnetid="103575240" confidence="0.8">
<engine wordnetid="103287733" confidence="0.8">
<motor wordnetid="103789946" confidence="0.8">
<device wordnetid="103183080" confidence="0.8">
<machine wordnetid="103699975" confidence="0.8">
<link xlink:type="simple" xlink:href="../282/14783282.xml">
BotSeer</link></machine>
</device>
</motor>
</engine>
</instrumentality>
</artifact>
, has been developed to search and index robots.txt files.</p>

</sec>
<sec>
<st>
Examples</st>
<p>

This example <b>allows all robots</b> to visit <b>all files</b> because the wildcard "*" specifies all robots:</p>
<p>

User-agent: *
Disallow:</p>

<p>

This example keeps <b>all robots out</b>:</p>
<p>

User-agent: *
Disallow: /</p>

<p>

The next is an example that tells <b>all crawlers</b> not to enter four directories of a website:</p>
<p>

User-agent: *
Disallow: /cgi-bin/
Disallow: /images/
Disallow: /tmp/
Disallow: /private/</p>

<p>

Example that tells <b>a specific crawler</b> not to enter one specific directory:</p>
<p>

User-agent: BadBot # replace the 'BadBot' with the actual user-agent of the bot
Disallow: /private/</p>

<p>

Example that tells <b>all crawlers</b> not to enter one specific file:</p>
<p>

User-agent: *
Disallow: /directory/file.html</p>

<p>

Note that all other files in the specified directory will be processed.</p>
<p>

Example demonstrating how comments can be used:</p>
<p>

<list>
<entry level="1" type="number">

 Comments appear after the "#" symbol at the start of a line, or after a directive</entry>
</list>

User-agent: * # match all bots
Disallow: / # keep them out</p>


<ss1>
<st>
Compatibility</st>
<p>

In order to prevent access to all pages by robots, do not use</p>

<p>

Disallow: *  # DO NOT USE! Use "/" instead.</p>

<p>

as this is not a stable standard extension.</p>
<p>

Instead:</p>
<p>

Disallow: /</p>
<p>

should be used.</p>

</ss1>
</sec>
<sec>
<st>
Nonstandard extensions</st>

<ss1>
<st>
Crawl-delay directive</st>
<p>

Several major crawlers support a Crawl-delay parameter, set to the number of seconds to wait between successive requests to the same server: <ref xlink:type="simple" xlink:href="#xpointer(//reflist/entry[@id=%221%22])">1</ref> <ref xlink:type="simple" xlink:href="#xpointer(//reflist/entry[@id=%222%22])">2</ref></p>

<p>

User-agent: *
Crawl-delay: 10</p>


</ss1>
<ss1>
<st>
Allow directive</st>

<p>

Some major crawlers support an Allow directive which can counteract a following Disallow directive.<ref xlink:type="simple" xlink:href="#xpointer(//reflist/entry[@id=%223%22])">3</ref>
<ref xlink:type="simple" xlink:href="#xpointer(//reflist/entry[@id=%224%22])">4</ref> This is useful when you disallow an entire directory but still want some HTML documents in that directory crawled and indexed. It should be noted that while by standard the first matching robots.txt pattern always wins, Google's implementation differs in that it first evaluates all Allow patterns and only then all Disallow patterns. Yet, in order to be compatible to all robots, if you want to allow single files inside an otherwise disallowed directory, you need to place the Allow directive(s) first, followed by the Disallow, for example:</p>

<p>

Allow: /folder1/myfile.html
Disallow: /folder1/</p>

<p>

This example will Disallow anything in /folder1/ except /folder1/myfile.html, since the latter will match first. In case of Google, though, the order is not important.</p>

</ss1>
</sec>
<sec>
<st>
Extended standard</st>
<p>

An <weblink xlink:type="simple" xlink:href="http://www.conman.org/people/spc/robots2.html">
Extended Standard for Robot Exclusion</weblink> has been proposed, which adds several new directives, such as <b>Visit-time</b> and <b>Request-rate</b>. For example:</p>

<p>

User-agent: *
Disallow: /downloads/
Request-rate: 1/5         # maximum rate is one page every 5 seconds
Visit-time: 0600-0845     # only visit between 06:00 and 08:45 UTC (GMT)</p>

<p>

The first version of the Robot Exclusion standard does not mention anything about the "*" character in the Disallow: statement. Modern crawlers like Googlebot and Slurp recognize strings containing "*", while MSNbot and Teoma interpret it in different ways. <ref xlink:type="simple" xlink:href="#xpointer(//reflist/entry[@id=%225%22])">5</ref></p>

</sec>
<sec>
<st>
References</st>

<p>

<reflist>
<entry id="1">
"<weblink xlink:type="simple" xlink:href="http://help.yahoo.com/l/us/yahoo/search/webcrawler/slurp-03.html">
How can I reduce the number of requests you make on my web site?</weblink>"&#32;(HTML).&#32;<it>Yahoo! Slurp</it>.&#32;Retrieved on <link>
2007-03-31</link>.</entry>
<entry id="2">
"<weblink xlink:type="simple" xlink:href="http://search.msn.com/docs/siteowner.aspx?t=SEARCH_WEBMASTER_FAQ_MSNBotIndexing.htm&amp;FORM=WFDD#D">
MSNBot is crawling a site too frequently</weblink>"&#32;(HTML).&#32;<it>Troubleshoot issues with MSNBot and site crawling</it>.&#32;Retrieved on <link>
2007-02-08</link>.</entry>
<entry id="3">
"<weblink xlink:type="simple" xlink:href="http://www.google.com/support/webmasters/bin/answer.py?answer=40364">
Webmaster Help Center - How do I block Googlebot?</weblink>"&#32;(HTML).&#32;Retrieved on <link>
2007-11-20</link>.</entry>
<entry id="4">
"<weblink xlink:type="simple" xlink:href="http://help.yahoo.com/l/us/yahoo/search/webcrawler/slurp-02.html">
How do I prevent my site or certain subdirectories from being crawled? - Yahoo Search Help</weblink>"&#32;(HTML).&#32;Retrieved on <link>
2007-11-20</link>.</entry>
<entry id="5">
"<weblink xlink:type="simple" xlink:href="http://www.ghita.ro/article/23/web_robots_and_dynamic_content_issues.html#problems">
Web robots and dynamic content issues</weblink>"&#32;(HTML).&#32;<it>MSNbot issues with robots.txt</it>.&#32;Retrieved on <link>
2007-04-01</link>.</entry>
</reflist>
</p>

</sec>
<sec>
<st>
See also</st>
<p>

<list>
<entry level="1" type="bullet">

<event wordnetid="100029378" confidence="0.8">
<rule wordnetid="105846932" confidence="0.8">
<act wordnetid="100030358" confidence="0.8">
<psychological_feature wordnetid="100023100" confidence="0.8">
<procedure wordnetid="101023820" confidence="0.8">
<activity wordnetid="100407535" confidence="0.8">
<algorithm wordnetid="105847438" confidence="0.8">
<link xlink:type="simple" xlink:href="../055/237055.xml">
Distributed web crawling</link></algorithm>
</activity>
</procedure>
</psychological_feature>
</act>
</rule>
</event>
</entry>
<entry level="1" type="bullet">

<physical_entity wordnetid="100001930" confidence="0.8">
<person wordnetid="100007846" confidence="0.8">
<follower wordnetid="110099375" confidence="0.8">
<flatterer wordnetid="110095869" confidence="0.8">
<algorithm wordnetid="105847438" confidence="0.8">
<sycophant wordnetid="110684827" confidence="0.8">
<event wordnetid="100029378" confidence="0.8">
<rule wordnetid="105846932" confidence="0.8">
<causal_agent wordnetid="100007347" confidence="0.8">
<act wordnetid="100030358" confidence="0.8">
<psychological_feature wordnetid="100023100" confidence="0.8">
<activity wordnetid="100407535" confidence="0.8">
<procedure wordnetid="101023820" confidence="0.8">
<link xlink:type="simple" xlink:href="../799/11442799.xml">
Focused crawler</link></procedure>
</activity>
</psychological_feature>
</act>
</causal_agent>
</rule>
</event>
</sycophant>
</algorithm>
</flatterer>
</follower>
</person>
</physical_entity>
</entry>
<entry level="1" type="bullet">

<structure wordnetid="104341686" confidence="0.8">
<artifact wordnetid="100021939" confidence="0.8">
<area wordnetid="102735688" confidence="0.8">
<facility wordnetid="103315023" confidence="0.8">
<library wordnetid="103660909" confidence="0.8">
<depository wordnetid="103177349" confidence="0.8">
<archive wordnetid="102735086" confidence="0.8">
<room wordnetid="104105893" confidence="0.8">
<link xlink:type="simple" xlink:href="../931/176931.xml">
Internet Archive</link></room>
</archive>
</depository>
</library>
</facility>
</area>
</artifact>
</structure>
</entry>
<entry level="1" type="bullet">

<structure wordnetid="104341686" confidence="0.8">
<artifact wordnetid="100021939" confidence="0.8">
<area wordnetid="102735688" confidence="0.8">
<facility wordnetid="103315023" confidence="0.8">
<library wordnetid="103660909" confidence="0.8">
<depository wordnetid="103177349" confidence="0.8">
<archive wordnetid="102735086" confidence="0.8">
<room wordnetid="104105893" confidence="0.8">
<link xlink:type="simple" xlink:href="../794/209794.xml">
Library of Congress Digital Library project</link></room>
</archive>
</depository>
</library>
</facility>
</area>
</artifact>
</structure>
</entry>
<entry level="1" type="bullet">

<link xlink:type="simple" xlink:href="../687/5730687.xml">
National Digital Information Infrastructure and Preservation Program</link></entry>
<entry level="1" type="bullet">

<link xlink:type="simple" xlink:href="../830/528830.xml#xpointer(//*[./st=%22nofollow%22])">
nofollow and Spam in blogs</link></entry>
<entry level="1" type="bullet">

<link xlink:type="simple" xlink:href="../163/3292163.xml">
Spider trap</link></entry>
<entry level="1" type="bullet">

<structure wordnetid="104341686" confidence="0.8">
<artifact wordnetid="100021939" confidence="0.8">
<area wordnetid="102735688" confidence="0.8">
<facility wordnetid="103315023" confidence="0.8">
<library wordnetid="103660909" confidence="0.8">
<depository wordnetid="103177349" confidence="0.8">
<archive wordnetid="102735086" confidence="0.8">
<room wordnetid="104105893" confidence="0.8">
<link xlink:type="simple" xlink:href="../932/6014932.xml">
Web archiving</link></room>
</archive>
</depository>
</library>
</facility>
</area>
</artifact>
</structure>
</entry>
<entry level="1" type="bullet">

<event wordnetid="100029378" confidence="0.8">
<rule wordnetid="105846932" confidence="0.8">
<act wordnetid="100030358" confidence="0.8">
<psychological_feature wordnetid="100023100" confidence="0.8">
<procedure wordnetid="101023820" confidence="0.8">
<activity wordnetid="100407535" confidence="0.8">
<algorithm wordnetid="105847438" confidence="0.8">
<link xlink:type="simple" xlink:href="../120/33120.xml">
Web crawler</link></algorithm>
</activity>
</procedure>
</psychological_feature>
</act>
</rule>
</event>
</entry>
<entry level="1" type="bullet">

<link xlink:type="simple" xlink:href="../556/20556.xml#xpointer(//*[./st=%22The+robots+attribute%22])">
Meta Elements</link> for Search Engines</entry>
</list>
</p>

</sec>
<sec>
<st>
External links</st>









<p>

<list>
<entry level="1" type="bullet">

<weblink xlink:type="simple" xlink:href="http://robots.googletoad.com">
Online Robots.txt Generator</weblink></entry>
<entry level="1" type="bullet">

<weblink xlink:type="simple" xlink:href="http://www.robotstxt.org/wc/exclusion.html">
Robots Exclusion</weblink></entry>
<entry level="1" type="bullet">

<weblink xlink:type="simple" xlink:href="http://www.google.com/support/webmasters/bin/topic.py?topic=8843">
How Google Crawls My Site</weblink></entry>
<entry level="1" type="bullet">

<weblink xlink:type="simple" xlink:href="http://www.google.com/support/webmasters/bin/answer.py?answer=35237&amp;query=robots.txt&amp;topic=&amp;type=">
Using the robots.txt analysis tool</weblink></entry>
<entry level="1" type="bullet">

<weblink xlink:type="simple" xlink:href="http://www.mediawiki.org/wiki/Robots.txt">
About Robots.txt at the Mediawiki website</weblink></entry>
<entry level="1" type="bullet">

<weblink xlink:type="simple" xlink:href="http://www.kloth.net/internet/badbots.php">
List of Bad Bots</weblink> - rogue robots and spiders which ignore these guidelines</entry>
<entry level="1" type="bullet">

<weblink xlink:type="simple" xlink:href="http://www.searchtools.com/robots/robots-txt.html">
More info about Robots.txt</weblink></entry>
<entry level="1" type="bullet">

<weblink xlink:type="simple" xlink:href="http://en.wikipedia.org/robots.txt">
Wikipedia's Robots.txt - an example</weblink></entry>
<entry level="1" type="bullet">

<weblink xlink:type="simple" xlink:href="http://www.mcanerin.com/EN/search-engine/robots-txt.asp">
Robots.txt Generator + Tutorial</weblink></entry>
<entry level="1" type="bullet">

<weblink xlink:type="simple" xlink:href="http://www.howrank.com/Robots.txt-Tool.php">
Robots.txt Generator Tool</weblink></entry>
<entry level="1" type="bullet">

<weblink xlink:type="simple" xlink:href="http://www.diovo.com/2008/09/robotstxt-is-not-a-security-measure/">
Robots.txt is not a security measure</weblink></entry>
<entry level="1" type="bullet">

<weblink xlink:type="simple" xlink:href="http://yro.slashdot.org/comments.pl?sid=377285&amp;cid=21554125">
The history behind robots.txt</weblink></entry>
<entry level="1" type="bullet">

<weblink xlink:type="simple" xlink:href="http://botseer.ist.psu.edu/">
BotSeer, Robots.txt search engine</weblink></entry>
</list>
</p>

<p>

<table style=";" class="navbox" cellspacing="0">
<row>
<col style="padding:2px;">
<table style="width:100%;background:transparent;color:inherit;;" class="nowraplinks collapsible autocollapse " cellspacing="0">
<row>
<header colspan="2" style=";" class="navbox-title">
<link xlink:type="simple" xlink:href="../946/187946.xml">
Search engine optimization</link></header>
</row>
<row style="height:2px;">

</row>
<row>
<col style=";;" class="navbox-group">
Exclusion standards</col>
<col style="text-align:left;border-left:2px solid #fdfdfd;width:100%;padding:0px;;;" class="navbox-list navbox-odd">
<link xlink:type="simple" xlink:href="../673/101673.xml">
Robots exclusion standard</link>&nbsp;• <link xlink:type="simple" xlink:href="../556/20556.xml">
Meta tags</link>&nbsp;• <link xlink:type="simple" xlink:href="../084/3766084.xml">
nofollow</link></col>
</row>
<row style="height:2px">

</row>
<row>
<col style=";;" class="navbox-group">
Related marketing topics</col>
<col style="text-align:left;border-left:2px solid #fdfdfd;width:100%;padding:0px;;;" class="navbox-list navbox-even">
<link xlink:type="simple" xlink:href="../177/1618177.xml">
Internet marketing</link>&nbsp;• <physical_entity wordnetid="100001930" confidence="0.8">
<person wordnetid="100007846" confidence="0.8">
<model wordnetid="110324560" confidence="0.8">
<assistant wordnetid="109815790" confidence="0.8">
<worker wordnetid="109632518" confidence="0.8">
<causal_agent wordnetid="100007347" confidence="0.8">
<link xlink:type="simple" xlink:href="../758/703758.xml">
Affiliate marketing</link></causal_agent>
</worker>
</assistant>
</model>
</person>
</physical_entity>
&nbsp;• <link xlink:type="simple" xlink:href="../759/1101759.xml">
E-mail marketing</link>&nbsp;• <link xlink:type="simple" xlink:href="../645/646645.xml">
Display advertising</link>&nbsp;• <link xlink:type="simple" xlink:href="../872/2475872.xml">
Web analytics</link></col>
</row>
<row style="height:2px">

</row>
<row>
<col style=";;" class="navbox-group">
Search marketing related topics</col>
<col style="text-align:left;border-left:2px solid #fdfdfd;width:100%;padding:0px;;;" class="navbox-list navbox-odd">
<link xlink:type="simple" xlink:href="../074/2111074.xml">
Search engine marketing</link>&nbsp;• <link xlink:type="simple" xlink:href="../316/6559316.xml">
Social media optimization</link>&nbsp;• <link xlink:type="simple" xlink:href="../470/15883470.xml">
Online identity management</link>&nbsp;• <link xlink:type="simple" xlink:href="../170/501170.xml">
Paid inclusion</link>&nbsp;• <link xlink:type="simple" xlink:href="../207/1027207.xml">
Pay per click (PPC)</link>&nbsp;• <technique wordnetid="105665146" confidence="0.8">
<know-how wordnetid="105616786" confidence="0.8">
<method wordnetid="105660268" confidence="0.8">
<link xlink:type="simple" xlink:href="../747/286747.xml">
Google bomb</link></method>
</know-how>
</technique>
</col>
</row>
<row style="height:2px">

</row>
<row>
<col style=";;" class="navbox-group">
Search engine spam</col>
<col style="text-align:left;border-left:2px solid #fdfdfd;width:100%;padding:0px;;;" class="navbox-list navbox-even">
<link xlink:type="simple" xlink:href="../651/43651.xml">
Spamdexing</link>&nbsp;• <link xlink:type="simple" xlink:href="../619/2696619.xml">
Web scraping</link>&nbsp;• <computer wordnetid="103082979" confidence="0.8">
<artifact wordnetid="100021939" confidence="0.8">
<instrumentality wordnetid="103575240" confidence="0.8">
<device wordnetid="103183080" confidence="0.8">
<machine wordnetid="103699975" confidence="0.8">
<web_site wordnetid="106359193" confidence="0.8">
<link xlink:type="simple" xlink:href="../572/3152572.xml">
Scraper site</link></web_site>
</machine>
</device>
</instrumentality>
</artifact>
</computer>
&nbsp;• <link xlink:type="simple" xlink:href="../213/270213.xml">
Link farm</link>&nbsp;• <link xlink:type="simple" xlink:href="../292/14489292.xml#xpointer(//*[./st=%22Free+for+all+linking%22])">
Free for all linking</link></col>
</row>
<row style="height:2px">

</row>
<row>
<col style=";;" class="navbox-group">
Linking</col>
<col style="text-align:left;border-left:2px solid #fdfdfd;width:100%;padding:0px;;;" class="navbox-list navbox-odd">
<link xlink:type="simple" xlink:href="../490/7065490.xml">
Off-page optimization</link>&nbsp;• <link xlink:type="simple" xlink:href="../292/14489292.xml">
Methods of website linking</link>&nbsp;• <link xlink:type="simple" xlink:href="../433/1395433.xml">
Link exchange</link>&nbsp;• <link xlink:type="simple" xlink:href="../494/580494.xml">
Backlink</link></col>
</row>
<row style="height:2px">

</row>
<row>
<col style=";;" class="navbox-group">
Other</col>
<col style="text-align:left;border-left:2px solid #fdfdfd;width:100%;padding:0px;;;" class="navbox-list navbox-even">
<link xlink:type="simple" xlink:href="../866/2789866.xml">
Landing page</link>&nbsp;• <link xlink:type="simple" xlink:href="../029/11170029.xml">
IP delivery</link>&nbsp;• <link xlink:type="simple" xlink:href="../827/11996827.xml">
Landing page optimization</link>&nbsp;• <artifact wordnetid="100021939" confidence="0.8">
<instrumentality wordnetid="103575240" confidence="0.8">
<engine wordnetid="103287733" confidence="0.8">
<motor wordnetid="103789946" confidence="0.8">
<device wordnetid="103183080" confidence="0.8">
<machine wordnetid="103699975" confidence="0.8">
<link xlink:type="simple" xlink:href="../064/7059064.xml">
Human search engine</link></machine>
</device>
</motor>
</engine>
</instrumentality>
</artifact>
&nbsp;• <link xlink:type="simple" xlink:href="../600/1015600.xml">
Stop words</link>&nbsp;• <link xlink:type="simple" xlink:href="../974/14484974.xml">
Poison words</link></col>
</row>
</table>
</col>
</row>
</table>
</p>


</sec>
</bdy>
</article>
