<?xml version="1.0" encoding="UTF-8"?>
<!-- generated by CLiX/Wiki2XML [MPI-Inf, MMCI@UdS] $LastChangedRevision: 92 $ on 16.04.2009 15:58:55[mciao0827] -->
<!DOCTYPE article SYSTEM "../article.dtd">
<article xmlns:xlink="http://www.w3.org/1999/xlink">
<comedian  confidence="0.9511911446218017" wordnetid="109940146">
<actor  confidence="0.9508927676800064" wordnetid="109765278">
<writer  confidence="0.9173553029164789" wordnetid="110794014">
<header>
<title>Garrett Morris</title>
<id>102980</id>
<revision>
<id>244333943</id>
<timestamp>2008-10-10T08:50:40Z</timestamp>
<contributor>
<username>Garion96</username>
<id>397881</id>
</contributor>
</revision>
<categories>
<category>American musical theatre actors</category>
<category>American film actors</category>
<category>People from New Orleans, Louisiana</category>
<category>1937 births</category>
<category>American television actors</category>
<category>African American comedians</category>
<category>Living people</category>
<category>African American actors</category>
</categories>
</header>
<bdy>
<template>
<name>Infobox actor</name>
<parameters>

<image width="150px" src="Garret_Morris.jpg">
</image>
<occupation>
Actor, Comedian, Comedy Writer</occupation>
<name>
Garrett Gonzalez Morris</name>
<birthdate>
February 1, 1937 (1937-02-01) (age&nbsp;72)</birthdate>
<birthname>
Garrett Gonzalez Morris</birthname>
<yearsactive>
1963 - Present</yearsactive>
</parameters>
</template>

<p>

<b>Garrett Gonzalez Morris</b> (born February 1, 1937) is an <body wordnetid="107965085" confidence="0.8">
<social_group wordnetid="107950920" confidence="0.8">
<political_orientation wordnetid="106212839" confidence="0.8">
<colony wordnetid="108374049" confidence="0.8">
<state wordnetid="108168978" confidence="0.8">
<political_unit wordnetid="108359949" confidence="0.8">
<group wordnetid="100031264" confidence="0.8">
<democracy wordnetid="106217103" confidence="0.8">
<link xlink:type="simple" xlink:href="../750/3434750.xml">
American</link></democracy>
</group>
</political_unit>
</state>
</colony>
</political_orientation>
</social_group>
</body>
 <link xlink:type="simple" xlink:href="../375/179375.xml">
comedian</link> and <link xlink:type="simple" xlink:href="../753/753.xml">
actor</link> from <village wordnetid="108672738" confidence="0.9508927676800064">
<link xlink:type="simple" xlink:href="../842/53842.xml">
New Orleans, Louisiana</link></village>
. He was part of the original cast of the <link xlink:type="simple" xlink:href="../610/51610.xml">
sketch comedy</link> program <it><series wordnetid="108457976" confidence="0.9508927676800064">
<link xlink:type="simple" xlink:href="../013/763013.xml">
Saturday Night Live</link></series>
</it>, appearing from 1975 to 1980.</p>

<sec>
<st>
Early life and career</st>
<p>

Morris was a church-choir singer from his youth, trained at the <link xlink:type="simple" xlink:href="../634/176634.xml">
Juilliard School of Music</link>, and graduated from Dillard University in 1958.  Early in his career, he soloed with the <artist wordnetid="109812338" confidence="0.9508927676800064">
<link xlink:type="simple" xlink:href="../183/154183.xml">
Harry Belafonte</link></artist>
 singers. He performed in a number of <link xlink:type="simple" xlink:href="../252/725252.xml">
Broadway</link> <link xlink:type="simple" xlink:href="../572/20572.xml">
musicals</link>, including <it><musical wordnetid="107019172" confidence="0.9508927676800064">
<link xlink:type="simple" xlink:href="../762/7017762.xml">
Hallelujah, Baby!</link></musical>
</it> and <it><musical wordnetid="107019172" confidence="0.9508927676800064">
<link xlink:type="simple" xlink:href="../308/9486308.xml">
Ain't Supposed to Die a Natural Death</link></musical>
</it>. He also appeared as a high school teacher in the memorable cult classic film <it><movie wordnetid="106613686" confidence="0.9508927676800064">
<link xlink:type="simple" xlink:href="../374/1692374.xml">
Cooley High</link></movie>
</it>. He had a small role as a police sergeant in <movie wordnetid="106613686" confidence="0.9508927676800064">
<link xlink:type="simple" xlink:href="../872/5084872.xml">
The Anderson Tapes</link></movie>
 (1970).</p>

</sec>
<sec>
<st>
<it>Saturday Night Live''</it></st>
<p>

Morris has appeared in numerous television shows and movies since the early 1970s, but is best known as one of the original cast members of <network wordnetid="108434259" confidence="0.9508927676800064">
<link xlink:type="simple" xlink:href="../780/21780.xml">
NBC</link></network>
's <it>Saturday Night Live</it>. At least twice on <it>SNL</it> he sang classical music: once a <person wordnetid="100007846" confidence="0.9508927676800064">
<link xlink:type="simple" xlink:href="../163/33163.xml">
Mozart</link></person>
 <link xlink:type="simple" xlink:href="../739/44739.xml">
aria</link> when guest-host <person wordnetid="100007846" confidence="0.9508927676800064">
<actor wordnetid="109765278" confidence="0.9508927676800064">
<link xlink:type="simple" xlink:href="../811/62811.xml">
Walter Matthau</link></actor>
</person>
 designated him as a "musical guest...in place of the usual crap", and once a <person wordnetid="100007846" confidence="0.9508927676800064">
<link xlink:type="simple" xlink:href="../888/44888.xml">
Schubert</link></person>
 <it><link xlink:type="simple" xlink:href="../550/80550.xml">
lied</link></it> while the titles on the screen purported to express his colleagues' displeasure at having to accommodate a misguided request by him. Morris appeared in five episodes of <series wordnetid="108457976" confidence="0.9508927676800064">
<link xlink:type="simple" xlink:href="../579/477579.xml">
The Jeffersons</link></series>
 playing a character named Jimmy.</p>
<p>

One of Morris's best known characters on <it>SNL </it>was the Dominican baseball player Chico Escuela. Chico spoke only limited and halting English, so the joke centered on him responding to almost any question with his catch phrase: "Baseball... been berra berra good... to me." Another recurring bit, used in the <link xlink:type="simple" xlink:href="../678/1720678.xml">
newscast</link> segment "<sketch wordnetid="104227144" confidence="0.8">
<creation wordnetid="103129123" confidence="0.8">
<artifact wordnetid="100021939" confidence="0.8">
<representation wordnetid="104076846" confidence="0.8">
<drawing wordnetid="103234306" confidence="0.8">
<link xlink:type="simple" xlink:href="../079/240079.xml">
Weekend Update</link></drawing>
</representation>
</artifact>
</creation>
</sketch>
," involved Morris being presented as "President of the New York School for the <link xlink:type="simple" xlink:href="../604/49604.xml">
Hard of Hearing</link>" and assisting the newscaster by shouting the main headlines, in a parody of the then-common practice of providing <link xlink:type="simple" xlink:href="../699/27699.xml">
sign language interpretation</link> in an inset on the screen as an aid to the <link xlink:type="simple" xlink:href="../604/49604.xml">
deaf</link> viewer.</p>
<p>

According to the book <it>Saturday Night: A Backstage History of Saturday Night Live</it>, Morris was frequently unhappy during his tenure on <it>SNL</it> from 1975–1980, and expressed the opinion that he was usually <link xlink:type="simple" xlink:href="../299/984299.xml">
typecast</link> in stereotypical roles. In the late 1970s, he began to <message wordnetid="106598915" confidence="0.8">
<information wordnetid="106634376" confidence="0.8">
<electronic_database wordnetid="106588511" confidence="0.8">
<lexical_database wordnetid="106638868" confidence="0.8">
<wordnet wordnetid="106639428" confidence="0.8">
<database wordnetid="106637824" confidence="0.8">
<link xlink:type="simple" xlink:href="../565/12730565.xml">
freebase</link></database>
</wordnet>
</lexical_database>
</electronic_database>
</information>
</message>
 <link xlink:type="simple" xlink:href="../701/7701.xml">
cocaine</link> on a regular basis, and began to experience <link xlink:type="simple" xlink:href="../159/49159.xml">
hallucination</link>s and symptoms of <link xlink:type="simple" xlink:href="../515/24515.xml">
paranoia</link>, telling other cast members and writers that an invisible hypnotist robot was following him. This culminated in a bizarre outburst in front of <person wordnetid="100007846" confidence="0.9508927676800064">
<actor wordnetid="109765278" confidence="0.9508927676800064">
<link xlink:type="simple" xlink:href="../861/69861.xml">
Kirk Douglas</link></actor>
</person>
 during rehearsals for a sketch in February 1980, when Morris allegedly stripped to the waist and began to scream at the top of his lungs.</p>
<p>

<link xlink:type="simple" xlink:href="../ury/22nd_century.xml">
African-American</link> performers who have followed Morris on <it><series wordnetid="108457976" confidence="0.9508927676800064">
<link xlink:type="simple" xlink:href="../013/763013.xml">
Saturday Night Live</link></series>
</it> have at times been publicly concerned with not experiencing the same fate Morris did. <comedian wordnetid="109940146" confidence="0.9508927676800064">
<person wordnetid="100007846" confidence="0.9508927676800064">
<link xlink:type="simple" xlink:href="../539/54539.xml">
Eddie Murphy</link></person>
</comedian>
, for example, told <it><magazine wordnetid="106595351" confidence="0.9508927676800064">
<link xlink:type="simple" xlink:href="../834/188834.xml">
TV Guide</link></magazine>
</it> in the early 1980s that <it>SNL</it> producer <physical_entity wordnetid="100001930" confidence="0.8">
<person wordnetid="100007846" confidence="0.8">
<manufacturer wordnetid="110292316" confidence="0.8">
<maker wordnetid="110284064" confidence="0.8">
<leader wordnetid="109623038" confidence="0.8">
<administrator wordnetid="109770949" confidence="0.8">
<causal_agent wordnetid="100007347" confidence="0.8">
<head wordnetid="110162991" confidence="0.8">
<director wordnetid="110014939" confidence="0.8">
<creator wordnetid="109614315" confidence="0.8">
<link xlink:type="simple" xlink:href="../612/1127612.xml">
Jean Doumanian</link></creator>
</director>
</head>
</causal_agent>
</administrator>
</leader>
</maker>
</manufacturer>
</person>
</physical_entity>
 "had tried to Garrett Morris me... turn me into the little token nigger."<ref xlink:type="simple" xlink:href="#xpointer(//reflist/entry[@id=%221%22])">1</ref></p>

<ss1>
<st>
Recurring characters on <it>Saturday Night Live''</it></st>
<p>

<list>
<entry level="1" type="bullet">

 Chico Escuela, a Dominican baseball player for the <association wordnetid="108049401" confidence="0.8">
<baseball_team wordnetid="108079319" confidence="0.8">
<club wordnetid="108227214" confidence="0.8">
<team wordnetid="108208560" confidence="0.8">
<link xlink:type="simple" xlink:href="../728/21728.xml">
New York Mets</link></team>
</club>
</baseball_team>
</association>
</entry>
<entry level="1" type="bullet">

 Cliff, the streetwise friend to the Festrunk Brothers (Dan Aykroyd and Steve Martin)</entry>
<entry level="1" type="bullet">

 Grant Robinson, Jr., one of the Nerds</entry>
<entry level="1" type="bullet">

 Hodo, one of Miles Cowperthwaite's cronies</entry>
<entry level="1" type="bullet">

 Merkon, the leader of the Coneheads</entry>
<entry level="1" type="bullet">

 Weekend Update's "News For the Hard of Hearing" translator, who simply repeated each line while shouting.</entry>
</list>
</p>

</ss1>
<ss1>
<st>
Celebrity impersonations on <it>Saturday Night Live''</it></st>

<p>

<table style="background:transparent; width:100%;" cellpadding="0" class=" multicol" cellspacing="0">
<row>
<col align="left" width="" valign="top">
<list>
<entry level="1" type="bullet">

 <person wordnetid="100007846" confidence="0.9508927676800064">
<scriptwriter wordnetid="110564905" confidence="0.9173553029164789">
<writer wordnetid="110794014" confidence="0.9173553029164789">
<novelist wordnetid="110363573" confidence="0.9173553029164789">
<link xlink:type="simple" xlink:href="../904/96904.xml">
Alex Haley</link></novelist>
</writer>
</scriptwriter>
</person>
</entry>
<entry level="1" type="bullet">

 <ambassador wordnetid="109787534" confidence="0.9508927676800064">
<link xlink:type="simple" xlink:href="../510/181510.xml">
Andrew Young</link></ambassador>
</entry>
<entry level="1" type="bullet">

 <link xlink:type="simple" xlink:href="../522/49522.xml">
Anwar Sadat</link></entry>
<entry level="1" type="bullet">

 <person wordnetid="100007846" confidence="0.9508927676800064">
<artist wordnetid="109812338" confidence="0.9508927676800064">
<link xlink:type="simple" xlink:href="../846/8239846.xml">
Bob Marley</link></artist>
</person>
</entry>
<entry level="1" type="bullet">

 <person wordnetid="100007846" confidence="0.9508927676800064">
<artist wordnetid="109812338" confidence="0.9508927676800064">
<link xlink:type="simple" xlink:href="../849/95849.xml">
Chubby Checker</link></artist>
</person>
</entry>
<entry level="1" type="bullet">

 <manufacturer wordnetid="110292316" confidence="0.9173553029164789">
<singer wordnetid="110599806" confidence="0.9173553029164789">
<actor wordnetid="109765278" confidence="0.9173553029164789">
<artist wordnetid="109812338" confidence="0.9508927676800064">
<link xlink:type="simple" xlink:href="../695/154695.xml">
Diana Ross</link></artist>
</actor>
</singer>
</manufacturer>
</entry>
<entry level="1" type="bullet">

 <person wordnetid="100007846" confidence="0.9508927676800064">
<singer wordnetid="110599806" confidence="0.9173553029164789">
<artist wordnetid="109812338" confidence="0.9508927676800064">
<link xlink:type="simple" xlink:href="../350/50350.xml">
Ella Fitzgerald</link></artist>
</singer>
</person>
</entry>
<entry level="1" type="bullet">

 <physical_entity wordnetid="100001930" confidence="0.8">
<champion wordnetid="109906704" confidence="0.8">
<person wordnetid="100007846" confidence="0.8">
<player wordnetid="110439851" confidence="0.8">
<contestant wordnetid="109613191" confidence="0.8">
<ballplayer wordnetid="109835506" confidence="0.8">
<rival wordnetid="110533013" confidence="0.8">
<causal_agent wordnetid="100007347" confidence="0.8">
<fielder wordnetid="110086568" confidence="0.8">
<athlete wordnetid="109820263" confidence="0.8">
<link xlink:type="simple" xlink:href="../321/14321.xml">
Hank Aaron</link></athlete>
</fielder>
</causal_agent>
</rival>
</ballplayer>
</contestant>
</player>
</person>
</champion>
</physical_entity>
</entry>
<entry level="1" type="bullet">

 <president wordnetid="110468559" confidence="0.9508927676800064">
<link xlink:type="simple" xlink:href="../842/70842.xml">
Idi Amin</link></president>
</entry>
<entry level="1" type="bullet">

 <songwriter wordnetid="110624540" confidence="0.9173553029164789">
<person wordnetid="100007846" confidence="0.9508927676800064">
<manufacturer wordnetid="110292316" confidence="0.9173553029164789">
<singer wordnetid="110599806" confidence="0.9173553029164789">
<artist wordnetid="109812338" confidence="0.9508927676800064">
<bandleader wordnetid="109837201" confidence="0.9173553029164789">
<dancer wordnetid="109989502" confidence="0.9173553029164789">
<link xlink:type="simple" xlink:href="../766/15766.xml">
James Brown</link></dancer>
</bandleader>
</artist>
</singer>
</manufacturer>
</person>
</songwriter>
</entry>
<entry level="1" type="bullet">

 <person wordnetid="100007846" confidence="0.9508927676800064">
<link xlink:type="simple" xlink:href="../538/65538.xml">
James Meredith</link></person>
</entry>
<entry level="1" type="bullet">

 <person wordnetid="100007846" confidence="0.9508927676800064">
<link xlink:type="simple" xlink:href="../827/46827.xml">
Jesse Owens</link></person>
</entry>
<entry level="1" type="bullet">

 <officeholder wordnetid="110371450" confidence="0.9508927676800064">
<link xlink:type="simple" xlink:href="../514/360514.xml">
Joshua Nkomo</link></officeholder>
</entry>
</list>
</col>
<col align="left" width="" valign="top">
<list>
<entry level="1" type="bullet">

 <boxer wordnetid="109870208" confidence="0.9508927676800064">
<link xlink:type="simple" xlink:href="../524/155524.xml">
Ken Norton</link></boxer>
</entry>
<entry level="1" type="bullet">

 <boxer wordnetid="109870208" confidence="0.9508927676800064">
<link xlink:type="simple" xlink:href="../447/163447.xml">
Leon Spinks</link></boxer>
</entry>
<entry level="1" type="bullet">

 <person wordnetid="100007846" confidence="0.9508927676800064">
<singer wordnetid="110599806" confidence="0.9173553029164789">
<artist wordnetid="109812338" confidence="0.9508927676800064">
<link xlink:type="simple" xlink:href="../313/18313.xml">
Louis Armstrong</link></artist>
</singer>
</person>
</entry>
<entry level="1" type="bullet">

 <person wordnetid="100007846" confidence="0.9508927676800064">
<saint wordnetid="110546850" confidence="0.9508927676800064">
<link xlink:type="simple" xlink:href="../076/20076.xml">
Martin Luther King, Jr.</link></saint>
</person>
</entry>
<entry level="1" type="bullet">

 Mary Fitzpatrick (Amy Carter's ex-con nanny)</entry>
<entry level="1" type="bullet">

 <physical_entity wordnetid="100001930" confidence="0.8">
<champion wordnetid="109906704" confidence="0.8">
<person wordnetid="100007846" confidence="0.8">
<player wordnetid="110439851" confidence="0.8">
<contestant wordnetid="109613191" confidence="0.8">
<ballplayer wordnetid="109835506" confidence="0.8">
<rival wordnetid="110533013" confidence="0.8">
<causal_agent wordnetid="100007347" confidence="0.8">
<fielder wordnetid="110086568" confidence="0.8">
<athlete wordnetid="109820263" confidence="0.8">
<link xlink:type="simple" xlink:href="../754/2161754.xml">
Mickey Rivers</link></athlete>
</fielder>
</causal_agent>
</rival>
</ballplayer>
</contestant>
</player>
</person>
</champion>
</physical_entity>
</entry>
<entry level="1" type="bullet">

 <chancellor wordnetid="109906986" confidence="0.9508927676800064">
<civil_servant wordnetid="109925459" confidence="0.9173553029164789">
<link xlink:type="simple" xlink:href="../672/334672.xml">
Morarji Desai</link></civil_servant>
</chancellor>
</entry>
<entry level="1" type="bullet">

 <link xlink:type="simple" xlink:href="../747/63747.xml">
Muhammed Ali</link></entry>
<entry level="1" type="bullet">

 <person wordnetid="100007846" confidence="0.9508927676800064">
<actor wordnetid="109765278" confidence="0.9508927676800064">
<link xlink:type="simple" xlink:href="../165/777165.xml">
Pearl Bailey</link></actor>
</person>
</entry>
<entry level="1" type="bullet">

 <comedian wordnetid="109940146" confidence="0.9508927676800064">
<person wordnetid="100007846" confidence="0.9508927676800064">
<link xlink:type="simple" xlink:href="../156/231156.xml">
Richard Pryor</link></person>
</comedian>
</entry>
<entry level="1" type="bullet">

 <boxer wordnetid="109870208" confidence="0.9508927676800064">
<link xlink:type="simple" xlink:href="../139/277139.xml">
Rubin Carter</link></boxer>
</entry>
<entry level="1" type="bullet">

 <actor wordnetid="109765278" confidence="0.9508927676800064">
<link xlink:type="simple" xlink:href="../551/194551.xml">
Sammy Davis, Jr.</link></actor>
</entry>
<entry level="1" type="bullet">

 <actor wordnetid="109765278" confidence="0.9173553029164789">
<link xlink:type="simple" xlink:href="../298/654298.xml">
Sherman Hemsley</link></actor>
</entry>
<entry level="1" type="bullet">

 <person wordnetid="100007846" confidence="0.9508927676800064">
<link xlink:type="simple" xlink:href="../061/82061.xml">
Tina Turner</link></person>
</entry>
</list>
</col>
</row>
</table>
</p>

</ss1>
</sec>
<sec>
<st>
Later life and career</st>
<p>

In 1985, he appeared in <physical_entity wordnetid="100001930" confidence="0.8">
<person wordnetid="100007846" confidence="0.8">
<maker wordnetid="110284064" confidence="0.8">
<scriptwriter wordnetid="110564905" confidence="0.8">
<director wordnetid="110014939" confidence="0.8">
<creator wordnetid="109614315" confidence="0.8">
<communicator wordnetid="109610660" confidence="0.8">
<manufacturer wordnetid="110292316" confidence="0.8">
<administrator wordnetid="109770949" confidence="0.8">
<leader wordnetid="109623038" confidence="0.8">
<causal_agent wordnetid="100007347" confidence="0.8">
<screenwriter wordnetid="110564400" confidence="0.8">
<writer wordnetid="110794014" confidence="0.8">
<head wordnetid="110162991" confidence="0.8">
<link xlink:type="simple" xlink:href="../714/2251714.xml">
Larry Cohen</link></head>
</writer>
</screenwriter>
</causal_agent>
</leader>
</administrator>
</manufacturer>
</communicator>
</creator>
</director>
</scriptwriter>
</maker>
</person>
</physical_entity>
's <link xlink:type="simple" xlink:href="../787/26787.xml">
science fiction</link> <link xlink:type="simple" xlink:href="../451/13451.xml">
horror film</link> <it><movie wordnetid="106613686" confidence="0.9508927676800064">
<link xlink:type="simple" xlink:href="../365/2356365.xml">
The Stuff</link></movie>
</it>, playing cookie magnate "Chocolate Chip Charlie", a parody of <trade_name wordnetid="106845599" confidence="0.9508927676800064">
<link xlink:type="simple" xlink:href="../641/7297641.xml">
Famous Amos</link></trade_name>
.</p>
<p>

In 1994, he was shot in an apparent robbery attempt but went on to make a full recovery. In a radio interview, he mentioned that the robber who shot him was eventually incarcerated, and in prison some fans of Garrett's who happened to be inmates there teamed up and beat up the robber in revenge.</p>
<p>

Among later television performances, he had regular roles on <it><series wordnetid="108457976" confidence="0.9508927676800064">
<link xlink:type="simple" xlink:href="../800/1332800.xml">
Hunter</link></series>
</it>, <it><series wordnetid="108457976" confidence="0.9508927676800064">
<link xlink:type="simple" xlink:href="../051/46051.xml">
Diff'rent Strokes</link></series>
</it>, <it><series wordnetid="108457976" confidence="0.9508927676800064">
<link xlink:type="simple" xlink:href="../579/477579.xml">
The Jeffersons</link></series>
</it>, <it><series wordnetid="108457976" confidence="0.9508927676800064">
<link xlink:type="simple" xlink:href="../208/203208.xml">
Hill Street Blues</link></series>
</it>,  <it><link xlink:type="simple" xlink:href="../321/680321.xml">
Martin</link></it>, <it><link xlink:type="simple" xlink:href="../442/47442.xml">
Roc</link></it> and <it><series wordnetid="108457976" confidence="0.9508927676800064">
<link xlink:type="simple" xlink:href="../351/706351.xml">
The Jamie Foxx Show</link></series>
</it>.</p>
<p>

In 2002, Morris made a cameo appearance on an episode of Saturday Night Live hosted by <person wordnetid="100007846" confidence="0.9508927676800064">
<artist wordnetid="109812338" confidence="0.9173553029164789">
<actor wordnetid="109765278" confidence="0.9173553029164789">
<link xlink:type="simple" xlink:href="../777/166777.xml">
Brittany Murphy</link></actor>
</artist>
</person>
.</p>
<p>

In 2006, Morris reprised his role as the as "President of the New York School for the Hard of Hearing" in a cameo on the TV series <series wordnetid="108457976" confidence="0.9508927676800064">
<evaluation wordnetid="105736149" confidence="0.9508927676800064">
<link xlink:type="simple" xlink:href="../586/187586.xml">
Family Guy</link></evaluation>
</series>
, in the episode "<episode wordnetid="106396330" confidence="0.9508927676800064">
<link xlink:type="simple" xlink:href="../204/6420204.xml">
Barely Legal</link></episode>
".</p>
<p>

As of 2006, he continues to perform regularly in films. He also operates and is the host of his own comedy club, The Downtown Comedy Club in downtown Los Angeles.</p>
<p>

On February 9, 2007, Los Angeles mayor Antonio Villaraigosa honored Garrett Morris for his work and contributions to the black community. He declared February 9, 2007 Garrett Morris Day and named The Downtown Comedy Club the official club of Los Angeles.</p>
<p>

Garrett is currently dating an anonymous Enterprise employee.</p>

</sec>
<sec>
<st>
References</st>

<p>

<reflist>
<entry id="1">
Hill and Weingrad, Saturday Night: A Backstage History of Saturday Night Live. New York: Random House, 1986</entry>
</reflist>
</p>

</sec>
<sec>
<st>
External links</st>
<p>

<list>
<entry level="1" type="bullet">

 <weblink xlink:type="simple" xlink:href="http://www.imdb.com/name/nm0606541/">
Garrett Morris</weblink> at the <web_site wordnetid="106359193" confidence="0.9508927676800064">
<link xlink:type="simple" xlink:href="../554/2855554.xml">
Internet Movie Database</link></web_site>
 </entry>
<entry level="1" type="bullet">

 <weblink xlink:type="simple" xlink:href="http://www.youtube.com/watch?v=BWH8T5SGJ6g">
Colfax roasting Garrett Morris</weblink></entry>
<entry level="1" type="bullet">

 <weblink xlink:type="simple" xlink:href="http://fakeoutfl.tripod.com/garrett">
SNL Player:The Official Garrett Morris Fanlist</weblink></entry>
<entry level="1" type="bullet">

 <weblink xlink:type="simple" xlink:href="http://www.snlpeople.com/5.asp">
SNL People Entry</weblink></entry>
<entry level="1" type="bullet">

 <weblink xlink:type="simple" xlink:href="http://snltranscripts.jt.org/79/79fupdate.phtml">
Morris as Chico on Weekend Update</weblink></entry>
<entry level="1" type="bullet">

 <weblink xlink:type="simple" xlink:href="http://www.downtowncomedyclub.com/">
The Downtown Comedy Club</weblink></entry>
</list>
</p>


</sec>
</bdy>
</writer>
</actor>
</comedian>
</article>
