<?xml version="1.0" encoding="UTF-8"?>
<!-- generated by CLiX/Wiki2XML [MPI-Inf, MMCI@UdS] $LastChangedRevision: 92 $ on 16.04.2009 15:26:38[mciao0827] -->
<!DOCTYPE article SYSTEM "../article.dtd">
<article xmlns:xlink="http://www.w3.org/1999/xlink">
<header>
<title>Half-life</title>
<id>13606</id>
<revision>
<id>242781621</id>
<timestamp>2008-10-03T16:59:34Z</timestamp>
<contributor>
<username>Lomn</username>
<id>330864</id>
</contributor>
</revision>
<categories>
<category>chemical kinetics</category>
<category>Exponentials</category>
<category>Radioactivity</category>
</categories>
</header>
<bdy>

This article is about the scientific and mathematical term.&#32;&#32;For other uses, see <link xlink:type="simple" xlink:href="../091/1633091.xml">
Half-life (disambiguation)</link>.
The <b>half-life</b> of a quantity whose value decreases with time is the interval required for the quantity to decay to half of its initial value. The concept originated in describing how long it takes atoms to undergo <link xlink:type="simple" xlink:href="../767/197767.xml">
radioactive decay</link>, but also applies in a wide variety of other situations.<p>

The term "half-life" dates to 1907. The original term was "half-life period", but that was shortened to "half-life" starting in the early 1950s.<ref xlink:type="simple" xlink:href="#xpointer(//reflist/entry[@id=%221%22])">1</ref></p>
<p>

Half-lives are very often used to describe quantities undergoing <link xlink:type="simple" xlink:href="../320/330320.xml">
exponential decay</link>—for example radioactive decay. However, a half-life can also be defined for non-exponential decay processes. For a general introduction and description of exponential decay, see the article <link xlink:type="simple" xlink:href="../320/330320.xml">
exponential decay</link>. For a general introduction and description of non-exponential decay, see the article <link xlink:type="simple" xlink:href="../334/1677334.xml">
rate law</link>.</p>
<p>

<table align="right" class="wikitable">
<header>
Number ofhalf-liveselapsed</header>
<header>
Fractionremaining</header>
<header colspan="2">
Percentageremaining</header>
<row>
<col>
0</col>
<col>
1/1</col>
<col style="border-right-width: 0; padding-right:0" align="right">
100</col>
<col style="border-left-width: 0"></col>
</row>
<row>
<col>
1</col>
<col>
1/2</col>
<col style="border-right-width: 0; padding-right:0" align="right">
50</col>
<col style="border-left-width: 0"></col>
</row>
<row>
<col>
2</col>
<col>
1/4</col>
<col style="border-right-width: 0; padding-right:0" align="right">
25</col>
<col style="border-left-width: 0"></col>
</row>
<row>
<col>
3</col>
<col>
1/8</col>
<col style="padding-right:0; border-right-width: 0" align="right">
12</col>
<col style="border-left-width: 0; padding-left:0">
.5</col>
</row>
<row>
<col>
4</col>
<col>
1/16</col>
<col style="border-right-width: 0; padding-right:0" align="right">
6</col>
<col style="border-left-width: 0; padding-left:0">
.25</col>
</row>
<row>
<col>
5</col>
<col>
1/32</col>
<col style="border-right-width: 0; padding-right:0" align="right">
3</col>
<col style="border-left-width: 0; padding-left:0">
.125</col>
</row>
<row>
<col>
6</col>
<col>
1/64</col>
<col style="border-right-width: 0; padding-right:0" align="right">
1</col>
<col style="border-left-width: 0; padding-left:0">
.563</col>
</row>
<row>
<col>
7</col>
<col>
1/128</col>
<col style="border-right-width: 0; padding-right:0" align="right">
0</col>
<col style="border-left-width: 0; padding-left:0">
.781</col>
</row>
<row>
<col>
...</col>
<col>
...</col>
<col colspan="2">
...</col>
</row>
<row>
<col>
<math>n</math></col>
<col>
<math>1/2^n</math></col>
<col colspan="2">
<math>100(1/2^n)</math></col>
</row>
</table>

The table at right shows the reduction of the quantity in terms of the number of half-lives elapsed. </p>

<sec>
<st>
Probabilistic nature of half-life</st>

<p>

A half-life often describes the decay of discrete entities, such as radioactive atoms. In that case, it does not work to use the definition "half-life is the time required for exactly half of the entities to decay". For example, if there is just one radioactive atom with a half-life of 1 second, there will <it>not</it> be "half of an atom" left after 1 second. There will be either zero atoms left or one atom left, depending on whether or not the atom happens to decay.</p>
<p>

Instead, the half-life is defined in terms of <link xlink:type="simple" xlink:href="../934/22934.xml">
probability</link>. It is the time when the <it><link xlink:type="simple" xlink:href="../653/9653.xml">
expected value</link></it> of the number of entities that have decayed is equal to half the original number. For example, one can start with a single radioactive atom, wait its half-life, and measure whether or not it decays in that period of time. Perhaps it will and perhaps it will not. But if this experiment is repeated again and again, it will be seen that it decays within the half life 50% of the time.</p>
<p>

In some experiments (such as the synthesis of a <link xlink:type="simple" xlink:href="../537/31537.xml">
superheavy element</link>), there is in fact only one radioactive atom produced at a time, with its lifetime individually measured. In this case, statistical analysis is required to infer the half-life. In other cases, a very large number of identical radioactive atoms decay in the time-range measured. In this case, the <link xlink:type="simple" xlink:href="../406/39406.xml">
central limit theorem</link> ensures that the number of atoms that <it>actually</it> decay is essentially equal to the number of atoms that are expected to decay. In other words, with a large enough number of decaying atoms, the probabilistic aspects of the process can be ignored.</p>
<p>

There are various simple exercises that demonstrate probabilistic decay, for example involving flipping coins or running a computer program. See the following websites: <weblink xlink:type="simple" xlink:href="http://www.madsci.org/posts/archives/Mar2003/1047912974.Ph.r.html">
http://www.madsci.org/posts/archives/Mar2003/1047912974.Ph.r.html</weblink>, <weblink xlink:type="simple" xlink:href="http://www.exploratorium.edu/snacks/radioactive_decay/index.html">
http://www.exploratorium.edu/snacks/radioactive_decay/index.html</weblink>, <weblink xlink:type="simple" xlink:href="http://astro.gmu.edu/classes/c80196/hw2.html">
http://astro.gmu.edu/classes/c80196/hw2.html</weblink>.</p>

</sec>
<sec>
<st>
 Formulae for half-life in exponential decay </st>

<p>

<indent level="1">

<it>Main article: <link xlink:type="simple" xlink:href="../320/330320.xml">
Exponential decay</link></it>
</indent>

An exponential decay process can be described by any of the following three equivalent formulae:</p>
<p>

<indent level="1">

<math>N_t = N_0 (1/2)^{t/t_{1/2}}</math>
</indent>
:<math>N_t = N_0 e^{-t/\tau}</math>
<indent level="1">

<math>N_t = N_0 e^{-\lambda t}</math>
</indent>
where
<list>
<entry level="2" type="bullet">

<math>N_0</math> is the initial quantity of the thing that will decay (this quantity may be measured in grams, moles, number of atoms, etc.),</entry>
<entry level="2" type="bullet">

<math>N_t</math> is the quantity that still remains and has not yet decayed after a time <it>t</it>,</entry>
<entry level="2" type="bullet">

<math>t_{1/2}</math> is the half-life of the decaying quantity,</entry>
<entry level="2" type="bullet">

<link>
τ</link> is a <link xlink:type="simple" xlink:href="../616/154616.xml">
positive</link> number called the <link xlink:type="simple" xlink:href="../343/330343.xml">
mean lifetime</link> of the decaying quantity,</entry>
<entry level="2" type="bullet">

<link>
λ</link> is a positive number called the <link xlink:type="simple" xlink:href="../320/330320.xml">
decay constant</link> of the decaying quantity.</entry>
</list>

The three parameters <math>t_{1/2}</math>, τ, and λ are all directly related in the following way:
<indent level="1">

<math>t_{1/2} = \frac{\ln (2)}{\lambda} = \tau \ln(2)</math>
</indent>
where ln(2) is the <link xlink:type="simple" xlink:href="../476/21476.xml">
natural logarithm</link> of 2 (approximately 0.693).</p>
<p>

<indent level="1">

| class="toccolours collapsible collapsed" width="80%" style="text-align:left"
</indent>
!Click "show" to see a detailed derivation of the relationship between half-life, decay time, and decay constant.
|-
|Start with the three equations
<indent level="1">

<math>N_t = N_0 (1/2)^{t/t_{1/2}}</math>
</indent>
:<math>N_t = N_0 e^{-t/\tau}</math>
<indent level="1">

<math>N_t = N_0 e^{-\lambda t}</math>
</indent>
We want to find a relationship between <math>t_{1/2}</math>, τ, and λ, such that these three equations describe exactly the same exponential decay process. Comparing the equations, we find the following condition:
<indent level="1">

<math>(1/2)^{t/t_{1/2}} = e^{-t/\tau} = e^{-\lambda t}</math>
</indent>
Next, we'll take the <link xlink:type="simple" xlink:href="../476/21476.xml">
natural logarithm</link> of each of these quantities.
<indent level="1">

<math>\ln((1/2)^{t/t_{1/2}}) = \ln(e^{-t/\tau}) = \ln(e^{-\lambda t})</math>
</indent>
Using the properties of logarithms, this simplifies to the following:
<indent level="1">

<math>(t/t_{1/2})\ln (1/2) = (-t/\tau)\ln(e) = (-\lambda t)\ln(e)</math>
</indent>
Since the natural logarithm of <it>e</it> is 1, we get:
<indent level="1">

<math>(t/t_{1/2})\ln (1/2) = -t/\tau = -\lambda t</math>
</indent>
Canceling the factor of <it>t</it> and plugging in <math>\ln(1/2)=-\ln 2</math>, the eventual result is:
<indent level="1">

<math>t_{1/2} = \tau \ln 2 = \frac{\ln 2}{\lambda}.</math>
</indent>
|}</p>
<p>

By plugging in and manipulating these relationships, we get all of the following equivalent descriptions of exponential decay, in terms of the half-life:
<indent level="1">

<math>N_t = N_0 (1/2)^{t/t_{1/2}} = N_0 2^{-t/t_{1/2}} = N_0 e^{-t\ln(2)/t_{1/2}}</math>
</indent>
:<math>t_{1/2} = t/\log_2(N_0/N_t) = t/(\log_2(N_0)-\log_2(N_t)) = (\log_{2^t}(N_0/N_t))^{-1} = t\ln(2)/\ln(N_0/N_t)</math>
Regardless of how it's written, we can plug into the formula to get
<list>
<entry level="1" type="bullet">

<math>N_t=N_0</math> at <it>t</it>=0 (as expected—this is the definition of "initial quantity")</entry>
<entry level="1" type="bullet">

<math>N_t=(1/2)N_0</math> at <math>t=t_{1/2}</math> (as expected—this is the definition of half-life)</entry>
<entry level="1" type="bullet">

<math>N_t</math> approaches zero when <it>t</it> <link xlink:type="simple" xlink:href="../759/285759.xml">
approaches infinity</link> (as expected—the longer we wait, the less remains).</entry>
</list>
</p>

<ss1>
<st>
 Decay by two or more processes </st>
<p>

Some quantities decay by two exponential-decay processes simultaneously. In this case, the actual half-life <it>T</it>1/2 can be related to the half-lives <it>t</it>1 and <it>t</it>2 that the quantity would have if each of the decay processes acted in isolation:
<indent level="1">

<math>\frac{1}{T_{1/2}} = \frac{1}{t_1} + \frac{1}{t_2}</math>
</indent>
For three or more processes, the analogous formula is:
<indent level="1">

<math>\frac{1}{T_{1/2}} = \frac{1}{t_1} + \frac{1}{t_2} + \frac{1}{t_3} + \cdots</math>
</indent>
For a proof of these formulae, see <link xlink:type="simple" xlink:href="../320/330320.xml#xpointer(//*[./st=%22Decay+by+two+or+more+processes%22])">
Decay by two or more processes</link>.</p>

</ss1>
<ss1>
<st>
 Examples </st>
<p>

<indent level="1">

</indent>
:<it>Main article: <link xlink:type="simple" xlink:href="../320/330320.xml#xpointer(//*[./st=%22Applications+and+examples%22])">
Exponential decay--Applications and examples</link></it></p>
<p>

There is a half-life describing any exponential-decay process. For example:
<list>
<entry level="1" type="bullet">

 The current flowing through an <artifact wordnetid="100021939" confidence="0.8">
<instrumentality wordnetid="103575240" confidence="0.8">
<electrical_device wordnetid="103269401" confidence="0.8">
<device wordnetid="103183080" confidence="0.8">
<circuit wordnetid="103033362" confidence="0.8">
<link xlink:type="simple" xlink:href="../801/299801.xml">
RC circuit</link></circuit>
</device>
</electrical_device>
</instrumentality>
</artifact>
 or <artifact wordnetid="100021939" confidence="0.8">
<instrumentality wordnetid="103575240" confidence="0.8">
<electrical_device wordnetid="103269401" confidence="0.8">
<device wordnetid="103183080" confidence="0.8">
<circuit wordnetid="103033362" confidence="0.8">
<link xlink:type="simple" xlink:href="../348/1585348.xml">
RL circuit</link></circuit>
</device>
</electrical_device>
</instrumentality>
</artifact>
 decays with a half-life of <math>RC\ln(2)</math> or <math>\ln(2)L/R</math>, respectively.</entry>
<entry level="1" type="bullet">

 In a first-order <link xlink:type="simple" xlink:href="../271/6271.xml">
chemical reaction</link>, the half-life of the reactant is <math>\ln(2)/\lambda</math>, where λ is the <link xlink:type="simple" xlink:href="../696/1576696.xml">
reaction rate constant</link>.</entry>
<entry level="1" type="bullet">

 In <link xlink:type="simple" xlink:href="../767/197767.xml">
radioactive decay</link>, the half-life is the length of time after which there is a 50% chance that an atom will have undergone <link xlink:type="simple" xlink:href="../411/54411.xml">
nuclear</link> decay. It varies depending on the atom type and <link xlink:type="simple" xlink:href="../416/19600416.xml">
isotope</link>, and is usually determined experimentally.</entry>
</list>
</p>

</ss1>
</sec>
<sec>
<st>
 Half-life in non-exponential decay </st>

<p>

<indent level="1">

<it>Main article: <link xlink:type="simple" xlink:href="../334/1677334.xml">
Rate equation</link></it>
</indent>

Many quantities decay in a way not described by exponential decay—for example, the evaporation of water from a puddle, or (often) the chemical reaction of a molecule. In this case, the half-life is defined the same way as before: The time elapsed before half of the original quantity has decayed. However, unlike in an exponential decay, the half-life depends on the initial quantity, and changes over time as the quantity decays.</p>
<p>

As an example, the radioactive decay of <link xlink:type="simple" xlink:href="../250/146250.xml">
carbon-14</link> is exponential with a half-life of 5730 years. If you have a quantity of carbon-14, half of it (on average) will have decayed after 5730 years, regardless of how big or small the original quantity was. If you wait another 5730 years, one-quarter of the original will remain. On the other hand, the time it will take a puddle to half-evaporate depends on how deep the puddle is. Perhaps a puddle of a certain size will evaporate down to half its original volume in one day. But if you wait a second day, there is no reason to expect that precisely one-quarter of the puddle will remain; in fact, it will probably be much less than that. This is an example where the half-life reduces as time goes on. (In other non-exponential decays, it can increase instead.)</p>
<p>

For specific, quantitative examples of half-lives in non-exponential decays, see the article <link xlink:type="simple" xlink:href="../334/1677334.xml">
Rate equation</link>.</p>
<p>

A <link xlink:type="simple" xlink:href="../099/3206099.xml">
biological half-life</link> is also a type of half-life associated with a non-exponential decay, namely the decay of the activity of a drug or other substance after it is introduced into the body.</p>

</sec>
<sec>
<st>
 See also </st>

<p>

<list>
<entry level="1" type="bullet">

 <link xlink:type="simple" xlink:href="../320/330320.xml">
Exponential decay</link></entry>
<entry level="1" type="bullet">

 <link xlink:type="simple" xlink:href="../343/330343.xml">
Mean lifetime</link></entry>
<entry level="1" type="bullet">

 <link xlink:type="simple" xlink:href="../099/3206099.xml">
Elimination half-life</link></entry>
</list>
</p>

</sec>
<sec>
<st>
References</st>


<p>

<reflist>
<entry id="1">
John Ayto, "20th Century Words" (1999), Cambridge University Press.</entry>
</reflist>
</p>


</sec>
<sec>
<st>
External links</st>
<p>

<list>
<entry level="1" type="bullet">

 <weblink xlink:type="simple" xlink:href="http://www.nucleonica.net">
NUCLEONICA Nuclear Science Portal</weblink></entry>
<entry level="1" type="bullet">

 <weblink xlink:type="simple" xlink:href="http://www.nucleonica.net:81/wiki/index.php/Help:Decay_Engine">
NUCLEONICA wiki: Decay Engine</weblink></entry>
<entry level="1" type="bullet">

 <weblink xlink:type="simple" xlink:href="http://www.facstaff.bucknell.edu/mastascu/elessonshtml/SysDyn/SysDyn3TCBasic.htm">
System Dynamics - Time Constants</weblink></entry>
</list>
</p>


</sec>
</bdy>
</article>
