<?xml version="1.0" encoding="UTF-8"?>
<!-- generated by CLiX/Wiki2XML [MPI-Inf, MMCI@UdS] $LastChangedRevision: 92 $ on 16.04.2009 16:16:58[mciao0828] -->
<!DOCTYPE article SYSTEM "../article.dtd">
<article xmlns:xlink="http://www.w3.org/1999/xlink">
<remake  confidence="0.9511911446218017" wordnetid="104074329">
<movie  confidence="0.9508927676800064" wordnetid="106613686">
<header>
<title>The Thin Red Line (1998 film)</title>
<id>142465</id>
<revision>
<id>242487867</id>
<timestamp>2008-10-02T13:11:27Z</timestamp>
<contributor>
<username>SmackBot</username>
<id>433328</id>
</contributor>
</revision>
<categories>
<category>War films</category>
<category>1998 films</category>
<category>Films based on novels</category>
<category>Films set in the 1940s</category>
<category>World War II films</category>
<category>Films directed by Terrence Malick</category>
<category>Drama films</category>
<category>Film remakes</category>
<category>War drama films</category>
<category>American films</category>
<category>Fiction narrated by a dead person</category>
</categories>
</header>
<bdy>
<template>
<name>Infobox Film</name>
<parameters>

<image width="150px" src="The_Thin_Red_Line_Poster.jpg">
<caption>

Theatrical poster
</caption>
</image>
<music>
<composer wordnetid="109947232" confidence="0.9173553029164789">
<manufacturer wordnetid="110292316" confidence="0.9173553029164789">
<artist wordnetid="109812338" confidence="0.9508927676800064">
<link xlink:type="simple" xlink:href="../381/159381.xml">
Hans Zimmer</link></artist>
</manufacturer>
</composer>
</music>
<budget>
<currency wordnetid="113385913" confidence="0.9508927676800064">
<link xlink:type="simple" xlink:href="../338/18717338.xml">
$</link></currency>
52,000,000 (est.)</budget>
<gross>
<b>Worldwide:</b><currency wordnetid="113385913" confidence="0.9508927676800064">
<link xlink:type="simple" xlink:href="../338/18717338.xml">
$</link></currency>
81,600,000</gross>
<website>
http://www.foxmovies.com/thinredline/</website>
<editing>
<link xlink:type="simple" xlink:href="../698/19112698.xml">
Leslie Jones</link><skilled_worker wordnetid="110605985" confidence="0.8">
<physical_entity wordnetid="100001930" confidence="0.8">
<person wordnetid="100007846" confidence="0.8">
<editor wordnetid="110044879" confidence="0.8">
<intellectual wordnetid="109621545" confidence="0.8">
<worker wordnetid="109632518" confidence="0.8">
<alumnus wordnetid="109786338" confidence="0.8">
<causal_agent wordnetid="100007347" confidence="0.8">
<scholar wordnetid="110557854" confidence="0.8">
<link xlink:type="simple" xlink:href="../524/17072524.xml">
Saar Klein</link></scholar>
</causal_agent>
</alumnus>
</worker>
</intellectual>
</editor>
</person>
</physical_entity>
</skilled_worker>
<skilled_worker wordnetid="110605985" confidence="0.8">
<physical_entity wordnetid="100001930" confidence="0.8">
<person wordnetid="100007846" confidence="0.8">
<editor wordnetid="110044879" confidence="0.8">
<worker wordnetid="109632518" confidence="0.8">
<causal_agent wordnetid="100007347" confidence="0.8">
<link xlink:type="simple" xlink:href="../776/5419776.xml">
Billy Weber</link></causal_agent>
</worker>
</editor>
</person>
</physical_entity>
</skilled_worker>
</editing>
<runtime>
170 min.</runtime>
<amg_id>
1:174294</amg_id>
<director>
<actor wordnetid="109765278" confidence="0.9508927676800064">
<link xlink:type="simple" xlink:href="../658/80658.xml">
Terrence Malick</link></actor>
</director>
<country>
<image width="22x20px" src="Flag_of_the_United_States.svg">
<caption>

border 
</caption>
</image>
&nbsp;<body wordnetid="107965085" confidence="0.8">
<social_group wordnetid="107950920" confidence="0.8">
<political_orientation wordnetid="106212839" confidence="0.8">
<colony wordnetid="108374049" confidence="0.8">
<state wordnetid="108168978" confidence="0.8">
<political_unit wordnetid="108359949" confidence="0.8">
<group wordnetid="100031264" confidence="0.8">
<democracy wordnetid="106217103" confidence="0.8">
<link xlink:type="simple" xlink:href="../750/3434750.xml">
United States</link></democracy>
</group>
</political_unit>
</state>
</colony>
</political_orientation>
</social_group>
</body>
</country>
<released>
<image width="22x20px" src="Flag_of_the_United_States.svg">
<caption>

Flag of the United States
</caption>
</image>
 December 25, 1998 <it>(limited)</it><image width="22x20px" src="Flag_of_the_United_States.svg">
<caption>

Flag of the United States
</caption>
</image>
 January 8, 1999<image width="22x20px" src="Flag_of_Canada.svg">
<caption>

Flag of Canada
</caption>
</image>
 January 15, 1999<image width="22x20px" src="Flag_of_Australia.svg">
<caption>

Flag of Australia
</caption>
</image>
 February 18, 1999<image width="22x20px" src="Flag_of_New_Zealand.svg">
<caption>

Flag of New Zealand
</caption>
</image>
 February 25, 1999<image width="22x20px" src="Flag_of_the_United_Kingdom.svg">
<caption>

Flag of the United Kingdom
</caption>
</image>
 February 28, 1999</released>
<imdb_id>
0120863</imdb_id>
<name>
Thin Red Line</name>
<producer>
Robert Michael GeislerGrant HillJohn Roberdeau</producer>
<cinematography>
<physical_entity wordnetid="100001930" confidence="0.8">
<cameraman wordnetid="109889539" confidence="0.8">
<person wordnetid="100007846" confidence="0.8">
<photographer wordnetid="110426749" confidence="0.8">
<causal_agent wordnetid="100007347" confidence="0.8">
<artist wordnetid="109812338" confidence="0.8">
<creator wordnetid="109614315" confidence="0.8">
<link xlink:type="simple" xlink:href="../003/1495003.xml">
John Toll</link></creator>
</artist>
</causal_agent>
</photographer>
</person>
</cameraman>
</physical_entity>
</cinematography>
<distributor>
<company wordnetid="108058098" confidence="0.9508927676800064">
<link xlink:type="simple" xlink:href="../318/170318.xml">
20th Century Fox</link></company>
</distributor>
<language>
English</language>
<writer>
<b>Screenplay:</b>Terrence Malick<b>Novel:</b><person wordnetid="100007846" confidence="0.9508927676800064">
<writer wordnetid="110794014" confidence="0.9173553029164789">
<link xlink:type="simple" xlink:href="../832/528832.xml">
James Jones</link></writer>
</person>
</writer>
<starring>
<link xlink:type="simple" xlink:href="../746/113746.xml">
Sean Penn</link><link xlink:type="simple" xlink:href="../750/200750.xml">
Adrien Brody</link><link xlink:type="simple" xlink:href="../793/488793.xml">
Jim Caviezel</link><actor wordnetid="109765278" confidence="0.9508927676800064">
<link xlink:type="simple" xlink:href="../668/2305668.xml">
Ben Chaplin</link></actor>
<person wordnetid="100007846" confidence="0.9508927676800064">
<actor wordnetid="109765278" confidence="0.9508927676800064">
<link xlink:type="simple" xlink:href="../889/158889.xml">
George Clooney</link></actor>
</person>
<actor wordnetid="109765278" confidence="0.9508927676800064">
<link xlink:type="simple" xlink:href="../253/223253.xml">
John Cusack</link></actor>
<actor wordnetid="109765278" confidence="0.9508927676800064">
<link xlink:type="simple" xlink:href="../528/171528.xml">
Woody Harrelson</link></actor>
<actor wordnetid="109765278" confidence="0.9508927676800064">
<link xlink:type="simple" xlink:href="../269/2324269.xml">
Elias Koteas</link></actor>
<actor wordnetid="109765278" confidence="0.9508927676800064">
<link xlink:type="simple" xlink:href="../829/84829.xml">
Nick Nolte</link></actor>
<actor wordnetid="109765278" confidence="0.9508927676800064">
<link xlink:type="simple" xlink:href="../143/564143.xml">
John C. Reilly</link></actor>
<person wordnetid="100007846" confidence="0.9508927676800064">
<actor wordnetid="109765278" confidence="0.9508927676800064">
<dancer wordnetid="109989502" confidence="0.9173553029164789">
<link xlink:type="simple" xlink:href="../174/54174.xml">
John Travolta</link></dancer>
</actor>
</person>
</starring>
</parameters>
</template>

<p>

<b><it>The Thin Red Line</it></b> is a <fundamental_quantity wordnetid="113575869" confidence="0.8">
<time_period wordnetid="115113229" confidence="0.8">
<year wordnetid="115203791" confidence="0.8">
<link xlink:type="simple" xlink:href="../574/169574.xml">
1998</link></year>
</time_period>
</fundamental_quantity>
 <link xlink:type="simple" xlink:href="../334/418334.xml">
war film</link> which tells a fictional story of <military wordnetid="108199025" confidence="0.9508927676800064">
<link xlink:type="simple" xlink:href="../212/32212.xml">
United States forces</link></military>
 during the <link xlink:type="simple" xlink:href="../026/60026.xml">
Battle of Guadalcanal</link> in <military_action wordnetid="100952963" confidence="0.8">
<group_action wordnetid="101080366" confidence="0.8">
<event wordnetid="100029378" confidence="0.8">
<conflict wordnetid="100958896" confidence="0.8">
<act wordnetid="100030358" confidence="0.8">
<psychological_feature wordnetid="100023100" confidence="0.8">
<war wordnetid="100973077" confidence="0.8">
<link xlink:type="simple" xlink:href="../927/32927.xml">
World War II</link></war>
</psychological_feature>
</act>
</conflict>
</event>
</group_action>
</military_action>
 with the focus on the men in C Company, most notably Private Witt (<link xlink:type="simple" xlink:href="../793/488793.xml">
Jim Caviezel</link>) and his conflicted feelings about fighting in the war, Colonel Tall (<actor wordnetid="109765278" confidence="0.9508927676800064">
<link xlink:type="simple" xlink:href="../829/84829.xml">
Nick Nolte</link></actor>
) and his desire to win the battle at any cost in order to get a promotion, and Private Bell (<actor wordnetid="109765278" confidence="0.9508927676800064">
<link xlink:type="simple" xlink:href="../668/2305668.xml">
Ben Chaplin</link></actor>
) and the dissolution of his marriage back home while he fights in the war.</p>
<p>

The film marked director <actor wordnetid="109765278" confidence="0.9508927676800064">
<link xlink:type="simple" xlink:href="../658/80658.xml">
Terrence Malick's</link></actor>
 return to filmmaking after a twenty year absence. Malick adapted the screenplay from the <literary_composition wordnetid="106364329" confidence="0.8">
<written_communication wordnetid="106349220" confidence="0.8">
<writing wordnetid="106362953" confidence="0.8">
<fiction wordnetid="106367107" confidence="0.8">
<novel wordnetid="106367879" confidence="0.8">
<link xlink:type="simple" xlink:href="../873/2865873.xml">
novel of the same name</link></novel>
</fiction>
</writing>
</written_communication>
</literary_composition>
 by <person wordnetid="100007846" confidence="0.9508927676800064">
<writer wordnetid="110794014" confidence="0.9173553029164789">
<link xlink:type="simple" xlink:href="../832/528832.xml">
James Jones</link></writer>
</person>
, which had previously been adapted in a <movie wordnetid="106613686" confidence="0.9508927676800064">
<link xlink:type="simple" xlink:href="../644/2411644.xml">
1964 film</link></movie>
. The film features a large <link xlink:type="simple" xlink:href="../601/232601.xml">
ensemble cast</link>. The project took 20 years to make as Malick spent years researching and deciding whether or not to do it. Once it was announced that he would be returning to filmmaking, many big name movie stars expressed interest in appearing in the film, including <link xlink:type="simple" xlink:href="../492/25492.xml">
Robert De Niro</link>, <person wordnetid="100007846" confidence="0.9508927676800064">
<actor wordnetid="109765278" confidence="0.9508927676800064">
<link xlink:type="simple" xlink:href="../152/144152.xml">
Kevin Costner</link></actor>
</person>
, <person wordnetid="100007846" confidence="0.9508927676800064">
<actor wordnetid="109765278" confidence="0.9508927676800064">
<link xlink:type="simple" xlink:href="../460/31460.xml">
Tom Cruise</link></actor>
</person>
 and <person wordnetid="100007846" confidence="0.9508927676800064">
<actor wordnetid="109765278" confidence="0.9508927676800064">
<link xlink:type="simple" xlink:href="../849/44849.xml">
Brad Pitt</link></actor>
</person>
. </p>
<p>

<actor wordnetid="109765278" confidence="0.9508927676800064">
<link xlink:type="simple" xlink:href="../471/4471.xml">
Billy Bob Thornton</link></actor>
, <actor wordnetid="109765278" confidence="0.9508927676800064">
<link xlink:type="simple" xlink:href="../131/68131.xml">
Martin Sheen</link></actor>
, <musician wordnetid="110340312" confidence="0.9173553029164789">
<actor wordnetid="109765278" confidence="0.9508927676800064">
<link xlink:type="simple" xlink:href="../163/213163.xml">
Gary Oldman</link></actor>
</musician>
, <actor wordnetid="109765278" confidence="0.9508927676800064">
<link xlink:type="simple" xlink:href="../902/606902.xml">
Jason Patric</link></actor>
, <person wordnetid="100007846" confidence="0.9508927676800064">
<actor wordnetid="109765278" confidence="0.9508927676800064">
<link xlink:type="simple" xlink:href="../913/225913.xml">
Bill Pullman</link></actor>
</person>
, <actor wordnetid="109765278" confidence="0.9508927676800064">
<link xlink:type="simple" xlink:href="../803/620803.xml">
Lukas Haas</link></actor>
, <person wordnetid="100007846" confidence="0.9508927676800064">
<actor wordnetid="109765278" confidence="0.9508927676800064">
<link xlink:type="simple" xlink:href="../892/163892.xml">
Viggo Mortensen</link></actor>
</person>
 and <actor wordnetid="109765278" confidence="0.9508927676800064">
<link xlink:type="simple" xlink:href="../936/530936.xml">
Mickey Rourke</link></actor>
 acted in the movie, but their scenes were eventually removed. Reportedly, the first assembled cut took seven months to edit and ran three and a half hours, with Thornton contributing three hours of narrative voice-over material, none of which was ultimately used.</p>
<p>

<it>Thin Red Line</it> was not successful at the North American box office where it only grossed <link xlink:type="simple" xlink:href="../338/18717338.xml">
$</link>36 million, well below its $52 million budget. Critical response was generally strong and the film was nominated for seven <link xlink:type="simple" xlink:href="../324/324.xml">
Academy Awards</link>: <symbol wordnetid="106806469" confidence="0.8">
<award wordnetid="106696483" confidence="0.8">
<signal wordnetid="106791372" confidence="0.8">
<link xlink:type="simple" xlink:href="../702/61702.xml">
Best Picture</link></signal>
</award>
</symbol>
, <symbol wordnetid="106806469" confidence="0.8">
<award wordnetid="106696483" confidence="0.8">
<signal wordnetid="106791372" confidence="0.8">
<link xlink:type="simple" xlink:href="../009/62009.xml">
Best Director</link></signal>
</award>
</symbol>
, <product wordnetid="104007894" confidence="0.8">
<creation wordnetid="103129123" confidence="0.8">
<artifact wordnetid="100021939" confidence="0.8">
<symbol wordnetid="106806469" confidence="0.8">
<event wordnetid="100029378" confidence="0.8">
<social_event wordnetid="107288639" confidence="0.8">
<movie wordnetid="106613686" confidence="0.8">
<award wordnetid="106696483" confidence="0.8">
<signal wordnetid="106791372" confidence="0.8">
<show wordnetid="106619065" confidence="0.8">
<psychological_feature wordnetid="100023100" confidence="0.8">
<link xlink:type="simple" xlink:href="../845/61845.xml">
Best Adapted Screenplay</link></psychological_feature>
</show>
</signal>
</award>
</movie>
</social_event>
</event>
</symbol>
</artifact>
</creation>
</product>
, <symbol wordnetid="106806469" confidence="0.8">
<award wordnetid="106696483" confidence="0.8">
<signal wordnetid="106791372" confidence="0.8">
<link xlink:type="simple" xlink:href="../834/61834.xml">
Best in Cinematography</link></signal>
</award>
</symbol>
, <symbol wordnetid="106806469" confidence="0.8">
<award wordnetid="106696483" confidence="0.8">
<signal wordnetid="106791372" confidence="0.8">
<link xlink:type="simple" xlink:href="../841/76841.xml">
Best in Film Editing</link></signal>
</award>
</symbol>
, <symbol wordnetid="106806469" confidence="0.8">
<award wordnetid="106696483" confidence="0.8">
<signal wordnetid="106791372" confidence="0.8">
<link xlink:type="simple" xlink:href="../065/83065.xml">
Best Original Score</link></signal>
</award>
</symbol>
 and <symbol wordnetid="106806469" confidence="0.8">
<award wordnetid="106696483" confidence="0.8">
<signal wordnetid="106791372" confidence="0.8">
<link xlink:type="simple" xlink:href="../028/99028.xml">
Best in Sound Mixing</link></signal>
</award>
</symbol>
. It won the top prize at the 1999 <film_festival wordnetid="100517418" confidence="0.9508927676800064">
<link xlink:type="simple" xlink:href="../039/18948039.xml">
Berlin International Film Festival</link></film_festival>
. <film_director wordnetid="110088200" confidence="0.9173553029164789">
<person wordnetid="100007846" confidence="0.9508927676800064">
<screenwriter wordnetid="110564400" confidence="0.9173553029164789">
<actor wordnetid="109765278" confidence="0.9173553029164789">
<film_maker wordnetid="110088390" confidence="0.9173553029164789">
<link xlink:type="simple" xlink:href="../995/18995.xml">
Martin Scorsese</link></film_maker>
</actor>
</screenwriter>
</person>
</film_director>
 ranked it as his second favorite film of the 1990s on <person wordnetid="100007846" confidence="0.9508927676800064">
<screenwriter wordnetid="110564400" confidence="0.9173553029164789">
<writer wordnetid="110794014" confidence="0.9508927676800064">
<link xlink:type="simple" xlink:href="../908/50908.xml">
Roger Ebert's</link></writer>
</screenwriter>
</person>
 television show.</p>

<sec>
<st>
Plot</st>
<p>

When the film opens, <link xlink:type="simple" xlink:href="../087/32087.xml">
U.S. Army</link> <link xlink:type="simple" xlink:href="../795/24795.xml">
Private</link> Witt (<link xlink:type="simple" xlink:href="../793/488793.xml">
James Caviezel</link>), is <link xlink:type="simple" xlink:href="../824/488824.xml">
AWOL</link> from his unit and living with <link xlink:type="simple" xlink:href="../393/83393.xml">
Melanesian</link> natives in the South Pacific. He is found and imprisoned on a troop carrier by his company <link xlink:type="simple" xlink:href="../438/288438.xml">
First Sergeant</link>, Welsh (<link xlink:type="simple" xlink:href="../746/113746.xml">
Sean Penn</link>). In Welsh's conversation with Witt, it is clear that the private is unenthusiastic about serving in the army.</p>
<p>

The men of C Company have been brought to <island wordnetid="109316454" confidence="0.9508927676800064">
<link xlink:type="simple" xlink:href="../645/113645.xml">
Guadalcanal</link></island>
 as reinforcements in the campaign to seize the island from the Japanese. As they wait in the holds of a <link xlink:type="simple" xlink:href="../533/21533.xml">
Navy</link> transport, they contemplate their lives and the impending invasion. On deck, <link xlink:type="simple" xlink:href="../641/243641.xml">
Lieutenant Colonel</link> Tall (<actor wordnetid="109765278" confidence="0.9508927676800064">
<link xlink:type="simple" xlink:href="../829/84829.xml">
Nick Nolte</link></actor>
) talks with his commanding officer, <link xlink:type="simple" xlink:href="../220/206220.xml">
Brigadier General</link> Quintard (<person wordnetid="100007846" confidence="0.9508927676800064">
<actor wordnetid="109765278" confidence="0.9508927676800064">
<dancer wordnetid="109989502" confidence="0.9173553029164789">
<link xlink:type="simple" xlink:href="../174/54174.xml">
John Travolta</link></dancer>
</actor>
</person>
), about the invasion and its importance. Tall's voice over reveals that he has been passed over for promotion and this battle may be his last chance to command a victorious operation.</p>
<p>

C Company lands on Guadalcanal unopposed and hikes to the interior of the island, encountering little evidence of a Japanese presence at all. At one point they find the mutilated bodies of two G.I.s. They arrive near Hill 210, a key Japanese position. The Japanese have placed a bunker housing several machine guns at the top of the hill, giving them full view of the valley below. Any force attempting to climb the hill can be easily cut down by machine-gun fire and mortar rounds. </p>
<p>

A brief shelling of the hill begins the next day at dawn. Shortly after, C Company attempts to take the hill and are repulsed by gunfire from the bunker. Among the first killed in the battle is the leader of the attacking platoon, Second Lieutenant Whyte (<film_director wordnetid="110088200" confidence="0.9173553029164789">
<songwriter wordnetid="110624540" confidence="0.9173553029164789">
<musician wordnetid="110340312" confidence="0.9173553029164789">
<actor wordnetid="109765278" confidence="0.9173553029164789">
<link xlink:type="simple" xlink:href="../360/483360.xml">
Jared Leto</link></actor>
</musician>
</songwriter>
</film_director>
). During the battle, Colonel Tall fiercely orders his field officer, <rank wordnetid="114429985" confidence="0.8">
<rank wordnetid="108431942" confidence="0.8">
<arrangement wordnetid="107938773" confidence="0.8">
<military_rank wordnetid="114431471" confidence="0.8">
<status wordnetid="113945919" confidence="0.8">
<state wordnetid="100024720" confidence="0.8">
<line wordnetid="108430568" confidence="0.8">
<group wordnetid="100031264" confidence="0.8">
<formation wordnetid="108426461" confidence="0.8">
<link xlink:type="simple" xlink:href="../120/6461120.xml">
Captain</link></formation>
</group>
</line>
</state>
</status>
</military_rank>
</arrangement>
</rank>
</rank>
 Staros (<actor wordnetid="109765278" confidence="0.9508927676800064">
<link xlink:type="simple" xlink:href="../269/2324269.xml">
Elias Koteas</link></actor>
) to take the bunker by frontal assault, whatever the cost. Staros refuses, not wanting his men to be <link xlink:type="simple" xlink:href="../914/615914.xml">
cannon fodder</link>. The two reach a stalemate, so Tall decides to join Staros on the front line to see the situation for himself. By the time he arrives, the Japanese resistance seems to have lessened, and Tall's opinion of Staros seems to have been sealed. Also, during the battle, Pvt. Witt, having been assigned punitively as a stretcher bearer, asks to rejoin the company, and is permitted to do so.</p>
<p>

A small detachment of men perform a reconnaissance mission on Tall's orders to determine the strength of the Japanese bunker. Private Bell (<actor wordnetid="109765278" confidence="0.9508927676800064">
<link xlink:type="simple" xlink:href="../668/2305668.xml">
Ben Chaplin</link></actor>
) reports back that there are five machine guns in the bunker. He joins another small detachment of men, led by Captain Gaff (<actor wordnetid="109765278" confidence="0.9508927676800064">
<link xlink:type="simple" xlink:href="../253/223253.xml">
John Cusack</link></actor>
), on a mission to take the bunker. The operation is a success and the rest of C Company are then able to overun one of the last Japanese strongholds on the island. They are successful in this regard; the Japanese they find are largely malnourished, dying and put up little resistance.
<image location="left" width="250px" src="Trlstillphoto.jpg" type="thumb">
<caption>

Bell (<actor wordnetid="109765278" confidence="0.9508927676800064">
<link xlink:type="simple" xlink:href="../668/2305668.xml">
Ben Chaplin</link></actor>
), Gaff (<actor wordnetid="109765278" confidence="0.9508927676800064">
<link xlink:type="simple" xlink:href="../253/223253.xml">
John Cusack</link></actor>
) and Witt (<link xlink:type="simple" xlink:href="../793/488793.xml">
James Caviezel</link>)
</caption>
</image>

A long stretch of the story then centers on the personal lives and moral views of the men. Staros is relieved of his command for disobeying Tall's orders. Tall nevertheless promises to recommend Staros for several decorations and <occupation wordnetid="100582388" confidence="0.8">
<event wordnetid="100029378" confidence="0.8">
<act wordnetid="100030358" confidence="0.8">
<psychological_feature wordnetid="100023100" confidence="0.8">
<activity wordnetid="100407535" confidence="0.8">
<link xlink:type="simple" xlink:href="../388/697388.xml">
JAG</link></activity>
</psychological_feature>
</act>
</event>
</occupation>
 duty in <village wordnetid="108672738" confidence="0.9508927676800064">
<link xlink:type="simple" xlink:href="../956/108956.xml">
Washington, D.C.</link></village>
 &ndash; he does not want the unit's name to be stained by the fact of having an officer removed from command. Elsewhere, Private Bell receives a letter from his wife asking him for a divorce. Witt leaves the company to find another native village, only to find that his sense of peace in such places has been shaken, as he sees that even here there is horror and evil. He returns to the company before his departure has been noted. A conversation involving Sgt. Welsh and Witt follows, revealing that Welsh is unhappy around other people. The scene highlights Witt's devotion to the spark of light and glory he sees in people, even in death.</p>
<p>

The unit is sent out on another mission further into the interior of the island. Witt and two other men (One of whom is played by <link xlink:type="simple" xlink:href="../750/200750.xml">
Adrian Brody</link>) are sent out but find that their unit is heavily outnumbered and must retreat, however, getting word back to <link xlink:type="simple" xlink:href="../405/161405.xml">
Lieutenant</link> Band (Paul Gleeson), who has replaced Staros as the Company Commander, will be difficult since they are surrounded. Witt decides to act as a decoy and lure the Japanese away from his two companions and the rest of their unit. He succeeds in drawing the Japanese away, but in the course of retreating, is surrounded when he runs into a small clearing. Prohibited from taking prisoners but unwilling to kill without honor, a Japanese soldier asks Witt to lower his gun because he does not wish to kill him unlike Witt who has killed many of the Japanese soldier's friends. He raises his rifle and is instantly shot. The unit later finds his body and buries it on the island. The film ends with another new commanding officer (<person wordnetid="100007846" confidence="0.9508927676800064">
<actor wordnetid="109765278" confidence="0.9508927676800064">
<link xlink:type="simple" xlink:href="../889/158889.xml">
George Clooney</link></actor>
</person>
) taking over C Company, and the campaign coming to a close with the unit boarding transport ships to leave the island.</p>

</sec>
<sec>
<st>
Production</st>

<ss1>
<st>
Screenplay</st>
<p>

New York-based producer Bobby Geisler first approached Malick in 1978 and asked him to direct a film adaptation of <physical_entity wordnetid="100001930" confidence="0.8">
<communicator wordnetid="109610660" confidence="0.8">
<person wordnetid="100007846" confidence="0.8">
<intellectual wordnetid="109621545" confidence="0.8">
<alumnus wordnetid="109786338" confidence="0.8">
<screenwriter wordnetid="110564400" confidence="0.8">
<causal_agent wordnetid="100007347" confidence="0.8">
<scriptwriter wordnetid="110564905" confidence="0.8">
<writer wordnetid="110794014" confidence="0.8">
<dramatist wordnetid="110030277" confidence="0.8">
<scholar wordnetid="110557854" confidence="0.8">
<link xlink:type="simple" xlink:href="../368/2781368.xml">
David Rabe's</link></scholar>
</dramatist>
</writer>
</scriptwriter>
</causal_agent>
</screenwriter>
</alumnus>
</intellectual>
</person>
</communicator>
</physical_entity>
 play <it>In the Boom Boom Room</it>. The filmmaker declined and instead proposed a touring circus that would present the story of <link xlink:type="simple" xlink:href="../374/1039374.xml">
John Merrick</link>."<ref xlink:type="simple" xlink:href="#xpointer(//reflist/entry[@id=%221%22])">1</ref> In 1988, New York based producers Bobby Geisler and John Roberdeau met with Malick in <site wordnetid="108651247" confidence="0.9508927676800064">
<link xlink:type="simple" xlink:href="../989/22989.xml">
Paris</link></site>
 about writing and directing a movie based on <physical_entity wordnetid="100001930" confidence="0.8">
<communicator wordnetid="109610660" confidence="0.8">
<person wordnetid="100007846" confidence="0.8">
<translator wordnetid="110725280" confidence="0.8">
<poet wordnetid="110444194" confidence="0.8">
<causal_agent wordnetid="100007347" confidence="0.8">
<writer wordnetid="110794014" confidence="0.8">
<novelist wordnetid="110363573" confidence="0.8">
<linguist wordnetid="110264219" confidence="0.8">
<link xlink:type="simple" xlink:href="../973/2835973.xml">
D. M. Thomas</link></linguist>
</novelist>
</writer>
</causal_agent>
</poet>
</translator>
</person>
</communicator>
</physical_entity>
' 1981 novel <it><literary_composition wordnetid="106364329" confidence="0.8">
<written_communication wordnetid="106349220" confidence="0.8">
<writing wordnetid="106362953" confidence="0.8">
<fiction wordnetid="106367107" confidence="0.8">
<novel wordnetid="106367879" confidence="0.8">
<link xlink:type="simple" xlink:href="../449/4219449.xml">
The White Hotel</link></novel>
</fiction>
</writing>
</written_communication>
</literary_composition>
</it>. The director declined but told them that he would be willing instead to write either an adaptation of <link>
Molière</link>'s <it><dramatic_composition wordnetid="107007684" confidence="0.8">
<play wordnetid="107007945" confidence="0.8">
<written_communication wordnetid="106349220" confidence="0.8">
<writing wordnetid="106362953" confidence="0.8">
<link xlink:type="simple" xlink:href="../893/1167893.xml">
Tartuffe</link></writing>
</written_communication>
</play>
</dramatic_composition>
</it> or of <it>The Thin Red Line</it>. The producers chose the latter and paid Malick $250,000 to write a <link xlink:type="simple" xlink:href="../597/83597.xml">
screenplay</link>.<ref xlink:type="simple" xlink:href="#xpointer(//reflist/entry[@id=%221%22])">1</ref></p>
<p>

Malick began adapting <it>The Thin Red Line</it> on January 1, 1989. Five months later, the producers received his first draft that was 300 pages in length. According to an article in <it><magazine wordnetid="106595351" confidence="0.9508927676800064">
<link xlink:type="simple" xlink:href="../239/541239.xml">
Entertainment Weekly</link></magazine>
</it> magazine, they gained the director's confidence by "catering to his every whim."<ref xlink:type="simple" xlink:href="#xpointer(//reflist/entry[@id=%222%22])">2</ref> Providing him with obscure research material, including a book titled <it>Reptiles and Amphibians of Australia</it>, an audiotape of <it><ensemble wordnetid="108188235" confidence="0.8">
<musical_organization wordnetid="108246613" confidence="0.8">
<group wordnetid="100031264" confidence="0.8">
<link xlink:type="simple" xlink:href="../522/3255522.xml">
Kodo</link></group>
</musical_organization>
</ensemble>
: Heartbeat Drummers of Japan</it>, information on the <link xlink:type="simple" xlink:href="../285/3007285.xml">
Navajo</link> <link xlink:type="simple" xlink:href="../877/48877.xml">
code talkers</link> enlisted by the <link xlink:type="simple" xlink:href="../087/32087.xml">
U.S. Army</link> to communicate in their native <indigenous_language wordnetid="106903519" confidence="0.8">
<language wordnetid="106282651" confidence="0.8">
<link xlink:type="simple" xlink:href="../526/176526.xml">
Navajo language</link></language>
</indigenous_language>
 in case Japanese troops intercepted radio transmissions, making his travel plans and helping the director and his wife Michele get a mortgage for their Paris apartment.</p>
<p>

The producers spent a lot of time talking with Malick about his vision of the film. Geisler said, "Malick's Guadalcanal would be a <text wordnetid="106387980" confidence="0.8">
<literary_composition wordnetid="106364329" confidence="0.8">
<written_communication wordnetid="106349220" confidence="0.8">
<writing wordnetid="106362953" confidence="0.8">
<poem wordnetid="106377442" confidence="0.8">
<link xlink:type="simple" xlink:href="../373/37373.xml">
Paradise Lost</link></poem>
</writing>
</written_communication>
</literary_composition>
</text>
, an <idea wordnetid="105833840" confidence="0.8">
<concept wordnetid="105835747" confidence="0.8">
<link xlink:type="simple" xlink:href="../078/13078.xml">
Eden</link></concept>
</idea>
, raped by the green poison, as Terry used to call it, of war. Much of the violence was to be portrayed indirectly. A soldier is shot, but rather than showing a <person wordnetid="100007846" confidence="0.9508927676800064">
<actor wordnetid="109765278" confidence="0.9508927676800064">
<link xlink:type="simple" xlink:href="../940/26940.xml">
Spielbergian</link></actor>
</person>
 bloody face we see a tree explode, the shredded vegetation, and a gorgeous bird with a broken wing flying out of a tree." Malick spent years working on other projects, including a stage production of <it><movie wordnetid="106613686" confidence="0.9508927676800064">
<link xlink:type="simple" xlink:href="../961/3341961.xml">
Sansho the Bailiff</link></movie>
</it> and a script known as <it>The English-Speaker</it>, spending $2 million of the producers' money, half of which for writing. In 1990, the director met with James Jones' daughter Kaylie and his widow Gloria about adapting <it>The Thin Red Line</it> into a film.<ref xlink:type="simple" xlink:href="#xpointer(//reflist/entry[@id=%221%22])">1</ref> By January 1995, Geisler and Roberdeau were broke and pressured Malick to decide which one he would complete. They approached Malick's former agent, <physical_entity wordnetid="100001930" confidence="0.8">
<executive wordnetid="110069645" confidence="0.8">
<person wordnetid="100007846" confidence="0.8">
<manufacturer wordnetid="110292316" confidence="0.8">
<maker wordnetid="110284064" confidence="0.8">
<leader wordnetid="109623038" confidence="0.8">
<administrator wordnetid="109770949" confidence="0.8">
<causal_agent wordnetid="100007347" confidence="0.8">
<head wordnetid="110162991" confidence="0.8">
<creator wordnetid="109614315" confidence="0.8">
<link xlink:type="simple" xlink:href="../613/4917613.xml">
Mike Medavoy</link></creator>
</head>
</causal_agent>
</administrator>
</leader>
</maker>
</manufacturer>
</person>
</executive>
</physical_entity>
 who was setting up his own production company, Phoenix Pictures, and  he agreed to give them $100,000 to start work on <it>The Thin Red Line</it>. Medavoy had a deal with <link xlink:type="simple" xlink:href="../909/939909.xml">
Sony Pictures</link> and Malick began scouting locations in <country wordnetid="108544813" confidence="0.9508927676800064">
<link xlink:type="simple" xlink:href="../997/22997.xml">
Panama</link></country>
 and <body wordnetid="107965085" confidence="0.8">
<social_group wordnetid="107950920" confidence="0.8">
<political_orientation wordnetid="106212839" confidence="0.8">
<colony wordnetid="108374049" confidence="0.8">
<group wordnetid="100031264" confidence="0.8">
<democracy wordnetid="106217103" confidence="0.8">
<link xlink:type="simple" xlink:href="../551/5551.xml">
Costa Rica</link></democracy>
</group>
</colony>
</political_orientation>
</social_group>
</body>
 before settling on the jungles of Northern Australia.<ref xlink:type="simple" xlink:href="#xpointer(//reflist/entry[@id=%221%22])">1</ref> In April 1997, three months before filming, Sony pulled the plug while crews were building the sets in Queensland because new studio chairman John Calley did not think Malick could make his movie with the proposed $52 million budget. The director traveled to <link xlink:type="simple" xlink:href="../110/18110.xml">
Los Angeles</link> with Medavoy to pitch the project to various studios. <company wordnetid="108058098" confidence="0.9508927676800064">
<link xlink:type="simple" xlink:href="../318/170318.xml">
20th Century Fox</link></company>
 agreed to put up $39 million of the budget with the stipulation that Malick cast five movie stars from a list of ten who were interested. Pioneer Films, a Japanese company, contributed $8 million to the budget, and Phoenix added a further $3 million.</p>

</ss1>
<ss1>
<st>
Casting</st>
<p>

When Sean Penn met Malick, he told him, "Give me a dollar and tell me where to show up."<ref xlink:type="simple" xlink:href="#xpointer(//reflist/entry[@id=%222%22])">2</ref> Scripts were also sent to <link xlink:type="simple" xlink:href="../492/25492.xml">
Robert De Niro</link>, <film_director wordnetid="110088200" confidence="0.9173553029164789">
<person wordnetid="100007846" confidence="0.9508927676800064">
<actor wordnetid="109765278" confidence="0.9173553029164789">
<link xlink:type="simple" xlink:href="../266/161266.xml">
Robert Duvall</link></actor>
</person>
</film_director>
 and <person wordnetid="100007846" confidence="0.9508927676800064">
<actor wordnetid="109765278" confidence="0.9508927676800064">
<link xlink:type="simple" xlink:href="../460/31460.xml">
Tom Cruise</link></actor>
</person>
. In 1995, once word went out that Malick was making another movie after many years, numerous actors approached him. At Medavoy's home in 1995, he staged a reading with <actor wordnetid="109765278" confidence="0.9508927676800064">
<link xlink:type="simple" xlink:href="../131/68131.xml">
Martin Sheen</link></actor>
 delivering the screen directions, and <person wordnetid="100007846" confidence="0.9508927676800064">
<actor wordnetid="109765278" confidence="0.9508927676800064">
<link xlink:type="simple" xlink:href="../152/144152.xml">
Kevin Costner</link></actor>
</person>
, <actor wordnetid="109765278" confidence="0.9508927676800064">
<link xlink:type="simple" xlink:href="../713/654713.xml">
Will Patton</link></actor>
, <film_director wordnetid="110088200" confidence="0.9173553029164789">
<film_maker wordnetid="110088390" confidence="0.9173553029164789">
<actor wordnetid="109765278" confidence="0.9173553029164789">
<writer wordnetid="110794014" confidence="0.9173553029164789">
<link xlink:type="simple" xlink:href="../433/1896433.xml">
Peter Berg</link></writer>
</actor>
</film_maker>
</film_director>
, <actor wordnetid="109765278" confidence="0.9508927676800064">
<link xlink:type="simple" xlink:href="../803/620803.xml">
Lukas Haas</link></actor>
 and <actor wordnetid="109765278" confidence="0.9508927676800064">
<link xlink:type="simple" xlink:href="../166/2338166.xml">
Dermot Mulroney</link></actor>
 playing the main roles. In June of that year, a five-day workshop was scheduled at Medavoy's with <person wordnetid="100007846" confidence="0.9508927676800064">
<actor wordnetid="109765278" confidence="0.9508927676800064">
<link xlink:type="simple" xlink:href="../849/44849.xml">
Brad Pitt</link></actor>
</person>
 dropping by and culminating with Malick putting on the soundtrack of <it><album wordnetid="106591815" confidence="0.9508927676800064">
<movie wordnetid="106613686" confidence="0.9508927676800064">
<link xlink:type="simple" xlink:href="../761/1145761.xml">
Where Eagles Dare</link></movie>
</album>
</it> and playing Japanese Kodo drums. Malick even met with an interested <person wordnetid="100007846" confidence="0.9508927676800064">
<musician wordnetid="110340312" confidence="0.9173553029164789">
<actor wordnetid="109765278" confidence="0.9508927676800064">
<link xlink:type="simple" xlink:href="../870/71870.xml">
Johnny Depp</link></actor>
</musician>
</person>
 at the Book Soup Bistro on the <position wordnetid="108621598" confidence="0.8">
<point wordnetid="108620061" confidence="0.8">
<landmark wordnetid="108624891" confidence="0.8">
<location wordnetid="100027167" confidence="0.8">
<link xlink:type="simple" xlink:href="../971/313971.xml">
Sunset Strip</link></location>
</landmark>
</point>
</position>
.</p>
<p>

<person wordnetid="100007846" confidence="0.9508927676800064">
<actor wordnetid="109765278" confidence="0.9508927676800064">
<director wordnetid="110014939" confidence="0.9173553029164789">
<link xlink:type="simple" xlink:href="../473/159473.xml">
Edward Norton</link></director>
</actor>
</person>
 flew out to Austin and met Malick, who had been impressed by the actor's screen test for <it><movie wordnetid="106613686" confidence="0.9508927676800064">
<link xlink:type="simple" xlink:href="../466/1055466.xml">
Primal Fear</link></movie>
</it>. <person wordnetid="100007846" confidence="0.9508927676800064">
<actor wordnetid="109765278" confidence="0.9508927676800064">
<link xlink:type="simple" xlink:href="../214/534214.xml">
Matthew McConaughey</link></actor>
</person>
 reportedly took a day off filming <it><literary_composition wordnetid="106364329" confidence="0.8">
<written_communication wordnetid="106349220" confidence="0.8">
<writing wordnetid="106362953" confidence="0.8">
<fiction wordnetid="106367107" confidence="0.8">
<novel wordnetid="106367879" confidence="0.8">
<link xlink:type="simple" xlink:href="../201/620201.xml">
A Time to Kill</link></novel>
</fiction>
</writing>
</written_communication>
</literary_composition>
</it> to see Malick. Others followed, including <actor wordnetid="109765278" confidence="0.9173553029164789">
<link xlink:type="simple" xlink:href="../535/182535.xml">
William Baldwin</link></actor>
, <film_director wordnetid="110088200" confidence="0.9173553029164789">
<actor wordnetid="109765278" confidence="0.9173553029164789">
<link xlink:type="simple" xlink:href="../685/1357685.xml">
Edward Burns</link></actor>
</film_director>
 and <actor wordnetid="109765278" confidence="0.9508927676800064">
<link xlink:type="simple" xlink:href="../711/52711.xml">
Leonardo DiCaprio</link></actor>
 who flew up from the <body wordnetid="107965085" confidence="0.8">
<social_group wordnetid="107950920" confidence="0.8">
<political_orientation wordnetid="106212839" confidence="0.8">
<colony wordnetid="108374049" confidence="0.8">
<state wordnetid="108168978" confidence="0.8">
<political_unit wordnetid="108359949" confidence="0.8">
<group wordnetid="100031264" confidence="0.8">
<democracy wordnetid="106217103" confidence="0.8">
<link xlink:type="simple" xlink:href="../054/3966054.xml">
Mexico</link></democracy>
</group>
</political_unit>
</state>
</colony>
</political_orientation>
</social_group>
</body>
 set of <it><link xlink:type="simple" xlink:href="../652/202652.xml">
Romeo + Juliet</link></it> to meet Malick at the <airline wordnetid="102690081" confidence="0.9508927676800064">
<link xlink:type="simple" xlink:href="../ury/24th_century.xml">
American Airlines</link></airline>
 lounge in the Austin airport.<ref xlink:type="simple" xlink:href="#xpointer(//reflist/entry[@id=%221%22])">1</ref> Before the casting was finalized, <person wordnetid="100007846" confidence="0.9508927676800064">
<actor wordnetid="109765278" confidence="0.9508927676800064">
<link xlink:type="simple" xlink:href="../111/21111.xml">
Nicolas Cage</link></actor>
</person>
 had lunch with Malick in <link xlink:type="simple" xlink:href="../849/53849.xml">
Hollywood</link> in February 1996. The director went off to scout locations and tried calling the actor that summer only to find out that his phone number had been disconnected. Malick felt insulted and refused to even consider Cage for a part. Malick told <actor wordnetid="109765278" confidence="0.9508927676800064">
<link xlink:type="simple" xlink:href="../308/414308.xml">
Tom Sizemore</link></actor>
 that he wanted him for a role in his film and the actor agreed. Sizemore, however, was offered a more substantial role in <it><movie wordnetid="106613686" confidence="0.9508927676800064">
<link xlink:type="simple" xlink:href="../269/28269.xml">
Saving Private Ryan</link></movie>
</it> and when he could not contact Malick for several days, decided to do <person wordnetid="100007846" confidence="0.9508927676800064">
<actor wordnetid="109765278" confidence="0.9508927676800064">
<link xlink:type="simple" xlink:href="../940/26940.xml">
Steven Spielberg</link></actor>
</person>
's film instead.</p>
<p>

To appease the studio, Malick cast <person wordnetid="100007846" confidence="0.9508927676800064">
<actor wordnetid="109765278" confidence="0.9508927676800064">
<link xlink:type="simple" xlink:href="../889/158889.xml">
George Clooney</link></actor>
</person>
 in a small role. Geisler remembers, "Terry was worried that having a big star like Clooney play a character who enters the film near the end would be distracting."<ref xlink:type="simple" xlink:href="#xpointer(//reflist/entry[@id=%222%22])">2</ref> <link xlink:type="simple" xlink:href="../793/488793.xml">
James Caviezel</link>, who was cast as Private Witt and later went on to fame after portraying <link xlink:type="simple" xlink:href="../706/1095706.xml">
Jesus Christ</link> in <it><movie wordnetid="106613686" confidence="0.9508927676800064">
<link xlink:type="simple" xlink:href="../246/195246.xml">
The Passion of the Christ</link></movie>
</it>, credits Malick's casting of him as the turning point in his career.<ref xlink:type="simple" xlink:href="#xpointer(//reflist/entry[@id=%223%22])">3</ref> Cinematographer <physical_entity wordnetid="100001930" confidence="0.8">
<cameraman wordnetid="109889539" confidence="0.8">
<person wordnetid="100007846" confidence="0.8">
<photographer wordnetid="110426749" confidence="0.8">
<causal_agent wordnetid="100007347" confidence="0.8">
<artist wordnetid="109812338" confidence="0.8">
<creator wordnetid="109614315" confidence="0.8">
<link xlink:type="simple" xlink:href="../003/1495003.xml">
John Toll</link></creator>
</artist>
</causal_agent>
</photographer>
</person>
</cameraman>
</physical_entity>
 began talking to Malick in August 1996 several times over the phone about the film.<ref xlink:type="simple" xlink:href="#xpointer(//reflist/entry[@id=%221%22])">1</ref> Toll met Malick in September of the same year and was asked to do the film in the beginning of 1997. Malick and Toll began location scouting in February 1997 and started principal photography in June of that year.</p>

</ss1>
<ss1>
<st>
Principal photography</st>
<p>

Pre-production went slowly as Malick had a hard time making decisions. Weeks before filming began, Malick told Geisler and Roberdeau not to show up in Australia where the film was being made because George Stevens Jr. would be the on-location producer supporting line producer <player wordnetid="110439851" confidence="0.9508927676800064">
<link xlink:type="simple" xlink:href="../424/655424.xml">
Grant Hill</link></player>
. Malick told them that they had upset the studio for refusing to give up above-the-title production credit to Stevens. He did not tell them, however, that in 1996 he had a clause inserted in his contract barring the producers from the set.<ref xlink:type="simple" xlink:href="#xpointer(//reflist/entry[@id=%222%22])">2</ref> Geisler and Roberdeau were mystified about this behavior with Geisler telling <it>Entertainment Weekly</it>, "I didn't think he was capable of betrayal of this magnitude."<ref xlink:type="simple" xlink:href="#xpointer(//reflist/entry[@id=%222%22])">2</ref></p>
<p>

Malick and Toll scouted the actual battlefields on Guadalcanal and shot footage but the logistics were too difficult to shoot the entire film there. <it>The Thin Red Line</it> was filmed predominantly in the <forest wordnetid="108438533" confidence="0.8">
<collection wordnetid="107951464" confidence="0.8">
<vegetation wordnetid="108436759" confidence="0.8">
<group wordnetid="100031264" confidence="0.8">
<link xlink:type="simple" xlink:href="../383/1639383.xml">
Daintree Rainforest</link></group>
</vegetation>
</collection>
</forest>
 in north <link xlink:type="simple" xlink:href="../051/59051.xml">
Queensland, Australia</link>. Filming also took place on Dancer mountain which had such rough terrain that trailers and production trucks could not make it up the hill. A base camp was set up at its base and roads carved out of the mountain. Transporting 250 actors and 200 crew members up the hill took two hours. Malick's unconventional filming techniques included shooting part of a scene during a bright, sunny morning only to finish it weeks later at sunset. He would make a habit of pointing the camera away during an action sequence and focus on a parrot, a tree branch or other fauna. Malick's reputation and working methods commanded great respect among the actors with both <actor wordnetid="109765278" confidence="0.9508927676800064">
<link xlink:type="simple" xlink:href="../528/171528.xml">
Woody Harrelson</link></actor>
 and <actor wordnetid="109765278" confidence="0.9173553029164789">
<link xlink:type="simple" xlink:href="../185/846185.xml">
John Savage</link></actor>
 staying on for an extra month after they finished all of their scenes just to watch the director at work. He shot for 100 days in Australia, 24 in the <country wordnetid="108544813" confidence="0.9508927676800064">
<link xlink:type="simple" xlink:href="../083/265083.xml">
Solomon Islands</link></country>
 and three in the United States. The decision not to shoot on the island of Guadalcanal was a practical one. It has a 50% rate of <link xlink:type="simple" xlink:href="../423/20423.xml">
malaria</link> and it lacked logistical feasibility. As <link xlink:type="simple" xlink:href="../028/51028.xml">
director of photography</link> <physical_entity wordnetid="100001930" confidence="0.8">
<cameraman wordnetid="109889539" confidence="0.8">
<person wordnetid="100007846" confidence="0.8">
<photographer wordnetid="110426749" confidence="0.8">
<causal_agent wordnetid="100007347" confidence="0.8">
<artist wordnetid="109812338" confidence="0.8">
<creator wordnetid="109614315" confidence="0.8">
<link xlink:type="simple" xlink:href="../003/1495003.xml">
John Toll</link></creator>
</artist>
</causal_agent>
</photographer>
</person>
</cameraman>
</physical_entity>
 said, "It's still a bit difficult to get on and off the island, and we had some scenes that involved 200 or 300 extras. We would have had to bring everybody to Guadalcanal, and financially it just didn't make sense."<ref xlink:type="simple" xlink:href="#xpointer(//reflist/entry[@id=%224%22])">4</ref></p>
<p>

In addition to the cast seen in the final cut of the film, <actor wordnetid="109765278" confidence="0.9508927676800064">
<link xlink:type="simple" xlink:href="../471/4471.xml">
Billy Bob Thornton</link></actor>
, <actor wordnetid="109765278" confidence="0.9508927676800064">
<link xlink:type="simple" xlink:href="../131/68131.xml">
Martin Sheen</link></actor>
, <musician wordnetid="110340312" confidence="0.9173553029164789">
<actor wordnetid="109765278" confidence="0.9508927676800064">
<link xlink:type="simple" xlink:href="../163/213163.xml">
Gary Oldman</link></actor>
</musician>
, <person wordnetid="100007846" confidence="0.9508927676800064">
<actor wordnetid="109765278" confidence="0.9508927676800064">
<link xlink:type="simple" xlink:href="../913/225913.xml">
Bill Pullman</link></actor>
</person>
, <actor wordnetid="109765278" confidence="0.9508927676800064">
<link xlink:type="simple" xlink:href="../803/620803.xml">
Lukas Haas</link></actor>
, <person wordnetid="100007846" confidence="0.9508927676800064">
<actor wordnetid="109765278" confidence="0.9508927676800064">
<link xlink:type="simple" xlink:href="../892/163892.xml">
Viggo Mortensen</link></actor>
</person>
 and <actor wordnetid="109765278" confidence="0.9508927676800064">
<link xlink:type="simple" xlink:href="../936/530936.xml">
Mickey Rourke</link></actor>
 also performed, but their scenes were eventually cut. Editor Leslie Jones was on location for five months and rarely saw Malick, who left her to her own devices.<ref xlink:type="simple" xlink:href="#xpointer(//reflist/entry[@id=%221%22])">1</ref> After principal photography wrapped, she came back with a five-hour first cut and spent seven months editing, with Thornton contributing three hours of narrative voice-over material.<ref xlink:type="simple" xlink:href="#xpointer(//reflist/entry[@id=%222%22])">2</ref> It was at this point that editor <skilled_worker wordnetid="110605985" confidence="0.8">
<physical_entity wordnetid="100001930" confidence="0.8">
<person wordnetid="100007846" confidence="0.8">
<editor wordnetid="110044879" confidence="0.8">
<worker wordnetid="109632518" confidence="0.8">
<causal_agent wordnetid="100007347" confidence="0.8">
<link xlink:type="simple" xlink:href="../776/5419776.xml">
Billy Weber</link></causal_agent>
</worker>
</editor>
</person>
</physical_entity>
</skilled_worker>
 came on board and they spent 13 months in post-production and the last four months mixing the film, using four <company wordnetid="108058098" confidence="0.9508927676800064">
<link xlink:type="simple" xlink:href="../669/198669.xml">
Avid</link></company>
 machines with a fifth added at one point. There were no preview screenings but several in-house ones, the largest of which was attended by 15 people for marketing executives. The editors faced the challenge of blending footage of veteran actors with less-experienced ones, integrating the many cameos, and the voice-overs. According to Jones, "Malick removed scenes with dialogue whenever possible, with the final film varying greatly from the original concept." Four months after principal photography, Malick invited Toll to a rough cut screening of the film. In December 1998, Toll did the first color correction at the lab prior to the film's release in North America.</p>
<p>

The editing also resulted in many of the well-known cast members being on screen for only a brief period: for example, John Travolta and George Clooney's appearances are little more than <message wordnetid="106598915" confidence="0.8">
<information wordnetid="106634376" confidence="0.8">
<electronic_database wordnetid="106588511" confidence="0.8">
<lexical_database wordnetid="106638868" confidence="0.8">
<wordnet wordnetid="106639428" confidence="0.8">
<database wordnetid="106637824" confidence="0.8">
<link xlink:type="simple" xlink:href="../882/275882.xml">
cameos</link></database>
</wordnet>
</lexical_database>
</electronic_database>
</information>
</message>
, yet Clooney's name appears prominently in the marketing of the movie. The unfinished film was screened for the New York press on December 1998 and Adrien Brody attended a screening to find that his originally significant role, "to carry the movie,"<ref xlink:type="simple" xlink:href="#xpointer(//reflist/entry[@id=%225%22])">5</ref> as he put it, had been reduced to two lines and approximately five minutes of screen time. Malick was upset that the studio screened his unfinished version for critics and Penn ended up helping him in the editing room, shaping the final version.<ref xlink:type="simple" xlink:href="#xpointer(//reflist/entry[@id=%222%22])">2</ref> Malick spent three more months and cut 45 additional minutes from the film. The director refused to subject his film to test screenings before delivering his final cut.<ref xlink:type="simple" xlink:href="#xpointer(//reflist/entry[@id=%221%22])">1</ref> After Geisler and Roberdeau told their story to <it><magazine wordnetid="106595351" confidence="0.9508927676800064">
<link xlink:type="simple" xlink:href="../542/286542.xml">
Vanity Fair</link></magazine>
</it> magazine, Medavoy's attorneys declared them in breach of contract and threatened to remove their names from the film unless they agreed to do no future interviews until after the <award wordnetid="106696483" confidence="0.9508927676800064">
<link xlink:type="simple" xlink:href="../324/324.xml">
Academy Award</link></award>
s.</p>

</ss1>
</sec>
<sec>
<st>
Reaction</st>
<p>

On its opening weekend, <it>The Thin Red Line</it> grossed <link xlink:type="simple" xlink:href="../338/18717338.xml">
$</link>282,534 in five theaters in limited release. Once it opened wide, in 1,528 theaters, it grossed $9.7 million in one weekend. Its total North American gross is $36 million, well below its $52 million budget.<ref xlink:type="simple" xlink:href="#xpointer(//reflist/entry[@id=%226%22])">6</ref></p>
<p>

Critical responses were generally strong. Currently, the film has a rating of 79% on <web_site wordnetid="106359193" confidence="0.9508927676800064">
<link xlink:type="simple" xlink:href="../482/832482.xml">
Rotten Tomatoes</link></web_site>
 (95% for their "Cream of the Crop" designation) and 78 metascore on <web_site wordnetid="106359193" confidence="0.9508927676800064">
<link xlink:type="simple" xlink:href="../870/805870.xml">
Metacritic</link></web_site>
. <person wordnetid="100007846" confidence="0.9508927676800064">
<screenwriter wordnetid="110564400" confidence="0.9173553029164789">
<writer wordnetid="110794014" confidence="0.9508927676800064">
<link xlink:type="simple" xlink:href="../908/50908.xml">
Roger Ebert</link></writer>
</screenwriter>
</person>
 gave it three stars, saying that it felt confused and unfinished, but was "fascinating... The battle scenes themselves are masterful, in creating a sense of the geography of a particular hill, the way it is defended by Japanese bunkers, the ways in which the American soldiers attempt to take it . . . Actors like Sean Penn, John Cusack, Jim Caviezel and Ben Chaplin find the perfect tone for scenes of a few seconds or a minute, and then are dropped before a rhythm can be established."<ref xlink:type="simple" xlink:href="#xpointer(//reflist/entry[@id=%227%22])">7</ref> Mike Clark of <it><newspaper wordnetid="106267145" confidence="0.9508927676800064">
<link xlink:type="simple" xlink:href="../463/208463.xml">
USA Today</link></newspaper>
</it> gave the film four out of four stars.<ref xlink:type="simple" xlink:href="#xpointer(//reflist/entry[@id=%228%22])">8</ref> In his review for the <it><link xlink:type="simple" xlink:href="../226/102226.xml">
Washington Post</link></it>, Michael O'Sullivan wrote, "<it>The Thin Red Line</it> is a movie about creation growing out of destruction, about love where you'd least expect to find it and about angels &ndash; especially the fallen kind &ndash; who just happen to be men."<ref xlink:type="simple" xlink:href="#xpointer(//reflist/entry[@id=%229%22])">9</ref> In her review for the <it><link xlink:type="simple" xlink:href="../680/30680.xml">
New York Times</link></it>, however, Janet Maslin wrote, "The heart-piercing moments that punctuate its rambling are glimpses of what a tighter film might have been."<ref xlink:type="simple" xlink:href="#xpointer(//reflist/entry[@id=%2210%22])">10</ref> <physical_entity wordnetid="100001930" confidence="0.8">
<expert wordnetid="109617867" confidence="0.8">
<communicator wordnetid="109610660" confidence="0.8">
<authority wordnetid="109824361" confidence="0.8">
<person wordnetid="100007846" confidence="0.8">
<causal_agent wordnetid="100007347" confidence="0.8">
<writer wordnetid="110794014" confidence="0.8">
<evaluator wordnetid="110066732" confidence="0.8">
<journalist wordnetid="110224578" confidence="0.8">
<critic wordnetid="109979321" confidence="0.8">
<link xlink:type="simple" xlink:href="../254/8597254.xml">
Owen Gleiberman</link></critic>
</journalist>
</evaluator>
</writer>
</causal_agent>
</person>
</authority>
</communicator>
</expert>
</physical_entity>
 gave the film a "B-" in his review for <it><magazine wordnetid="106595351" confidence="0.9508927676800064">
<link xlink:type="simple" xlink:href="../239/541239.xml">
Entertainment Weekly</link></magazine>
</it> and wrote, "<it>The Thin Red Line</it> could, I think, turn out to be this season's <it><movie wordnetid="106613686" confidence="0.9508927676800064">
<link xlink:type="simple" xlink:href="../405/694405.xml">
Beloved</link></movie>
</it>, a movie too paralyzingly high-minded to connect with audiences."<ref xlink:type="simple" xlink:href="#xpointer(//reflist/entry[@id=%2211%22])">11</ref> <film_director wordnetid="110088200" confidence="0.9173553029164789">
<person wordnetid="100007846" confidence="0.9508927676800064">
<screenwriter wordnetid="110564400" confidence="0.9173553029164789">
<actor wordnetid="109765278" confidence="0.9173553029164789">
<film_maker wordnetid="110088390" confidence="0.9173553029164789">
<link xlink:type="simple" xlink:href="../995/18995.xml">
Martin Scorsese</link></film_maker>
</actor>
</screenwriter>
</person>
</film_director>
 ranked it as his second favorite film of the 1990s on <person wordnetid="100007846" confidence="0.9508927676800064">
<screenwriter wordnetid="110564400" confidence="0.9173553029164789">
<writer wordnetid="110794014" confidence="0.9508927676800064">
<link xlink:type="simple" xlink:href="../908/50908.xml">
Roger Ebert's</link></writer>
</screenwriter>
</person>
 television show.<ref xlink:type="simple" xlink:href="#xpointer(//reflist/entry[@id=%221%22])">1</ref> <physical_entity wordnetid="100001930" confidence="0.8">
<expert wordnetid="109617867" confidence="0.8">
<authority wordnetid="109824361" confidence="0.8">
<person wordnetid="100007846" confidence="0.8">
<intellectual wordnetid="109621545" confidence="0.8">
<alumnus wordnetid="109786338" confidence="0.8">
<causal_agent wordnetid="100007347" confidence="0.8">
<evaluator wordnetid="110066732" confidence="0.8">
<scholar wordnetid="110557854" confidence="0.8">
<critic wordnetid="109979321" confidence="0.8">
<link xlink:type="simple" xlink:href="../925/1643925.xml">
Jonathan Rosenbaum</link></critic>
</scholar>
</evaluator>
</causal_agent>
</alumnus>
</intellectual>
</person>
</authority>
</expert>
</physical_entity>
, a film critic for the <it><newspaper wordnetid="106267145" confidence="0.9508927676800064">
<link xlink:type="simple" xlink:href="../623/1071623.xml">
Chicago Reader</link></newspaper>
</it>, ranked Malick's film as his second favorite film of 1999.<ref xlink:type="simple" xlink:href="#xpointer(//reflist/entry[@id=%221%22])">1</ref></p>

<ss1>
<st>
Awards</st>
<p>

<it>The Thin Red Line</it> was nominated for <link xlink:type="simple" xlink:href="../324/324.xml">
Academy Awards</link> for <symbol wordnetid="106806469" confidence="0.8">
<award wordnetid="106696483" confidence="0.8">
<signal wordnetid="106791372" confidence="0.8">
<link xlink:type="simple" xlink:href="../834/61834.xml">
Best Cinematography</link></signal>
</award>
</symbol>
, <link xlink:type="simple" xlink:href="../009/62009.xml">
Best Director</link>, <symbol wordnetid="106806469" confidence="0.8">
<award wordnetid="106696483" confidence="0.8">
<signal wordnetid="106791372" confidence="0.8">
<link xlink:type="simple" xlink:href="../841/76841.xml">
Best Film Editing</link></signal>
</award>
</symbol>
, <symbol wordnetid="106806469" confidence="0.8">
<award wordnetid="106696483" confidence="0.8">
<signal wordnetid="106791372" confidence="0.8">
<link xlink:type="simple" xlink:href="../065/83065.xml">
Best Original Score</link></signal>
</award>
</symbol>
, <symbol wordnetid="106806469" confidence="0.8">
<award wordnetid="106696483" confidence="0.8">
<signal wordnetid="106791372" confidence="0.8">
<link xlink:type="simple" xlink:href="../702/61702.xml">
Best Picture</link></signal>
</award>
</symbol>
, <symbol wordnetid="106806469" confidence="0.8">
<award wordnetid="106696483" confidence="0.8">
<signal wordnetid="106791372" confidence="0.8">
<link xlink:type="simple" xlink:href="../028/99028.xml">
Best Sound</link></signal>
</award>
</symbol>
 and <product wordnetid="104007894" confidence="0.8">
<creation wordnetid="103129123" confidence="0.8">
<artifact wordnetid="100021939" confidence="0.8">
<symbol wordnetid="106806469" confidence="0.8">
<event wordnetid="100029378" confidence="0.8">
<social_event wordnetid="107288639" confidence="0.8">
<movie wordnetid="106613686" confidence="0.8">
<award wordnetid="106696483" confidence="0.8">
<signal wordnetid="106791372" confidence="0.8">
<show wordnetid="106619065" confidence="0.8">
<psychological_feature wordnetid="100023100" confidence="0.8">
<link xlink:type="simple" xlink:href="../845/61845.xml">
Best Adapted Screenplay</link></psychological_feature>
</show>
</signal>
</award>
</movie>
</social_event>
</event>
</symbol>
</artifact>
</creation>
</product>
. It failed to win any of these awards.<ref xlink:type="simple" xlink:href="#xpointer(//reflist/entry[@id=%221%22])">1</ref> However, the film was awarded the Golden Bear for Best Film at the <film_festival wordnetid="100517418" confidence="0.9508927676800064">
<link xlink:type="simple" xlink:href="../039/18948039.xml">
Berlin International Film Festival</link></film_festival>
 for 1999.<ref xlink:type="simple" xlink:href="#xpointer(//reflist/entry[@id=%221%22])">1</ref></p>
<p>

<it>The Thin Red Line</it> was named Best Cinematography for 1998 by the <physical_entity wordnetid="100001930" confidence="0.8">
<expert wordnetid="109617867" confidence="0.8">
<authority wordnetid="109824361" confidence="0.8">
<person wordnetid="100007846" confidence="0.8">
<association wordnetid="108049401" confidence="0.8">
<causal_agent wordnetid="100007347" confidence="0.8">
<evaluator wordnetid="110066732" confidence="0.8">
<critic wordnetid="109979321" confidence="0.8">
<link xlink:type="simple" xlink:href="../249/3731249.xml">
National Society of Film Critics</link></critic>
</evaluator>
</causal_agent>
</association>
</person>
</authority>
</expert>
</physical_entity>
 in 1998.<ref xlink:type="simple" xlink:href="#xpointer(//reflist/entry[@id=%221%22])">1</ref></p>

</ss1>
</sec>
<sec>
<st>
References</st>

<p>

<reflist>
<entry id="1">
Carr, Jay.&#32;"National Film Critics Tap Out of Sight", <link xlink:type="simple" xlink:href="../068/30068.xml">
Boston Globe</link>.&nbsp;</entry>
<entry id="2">
Young, Josh&#32;(January 15, 1999).&#32;"Days of Hell", <magazine wordnetid="106595351" confidence="0.9508927676800064">
<link xlink:type="simple" xlink:href="../239/541239.xml">
Entertainment Weekly</link></magazine>
.&#32;Retrieved on <link>
2008-01-07</link>.&nbsp;</entry>
<entry id="3">
Atkinson, Michael&#32;(November 2001).&#32;"<weblink xlink:type="simple" xlink:href="http://findarticles.com/p/articles/mi_m1285/is_11_31/ai_94690066">
James Caviezel: why Hollywood learned to pronounce his name in a hurry - Interview</weblink>", <magazine wordnetid="106595351" confidence="0.9508927676800064">
<link xlink:type="simple" xlink:href="../591/1368591.xml">
Interview</link></magazine>
.&#32;Retrieved on <link>
2007-05-11</link>.&nbsp;</entry>
<entry id="4">
Pizzello, Stephen&#32;(February 1999).&#32;"<weblink xlink:type="simple" xlink:href="http://www.theasc.com/magazine/feb99/war/index.htm">
The War Within</weblink>", <work wordnetid="104599396" confidence="0.8">
<product wordnetid="104007894" confidence="0.8">
<magazine wordnetid="106595351" confidence="0.8">
<print_media wordnetid="106263609" confidence="0.8">
<creation wordnetid="103129123" confidence="0.8">
<press wordnetid="106263369" confidence="0.8">
<artifact wordnetid="100021939" confidence="0.8">
<instrumentality wordnetid="103575240" confidence="0.8">
<medium wordnetid="106254669" confidence="0.8">
<publication wordnetid="106589574" confidence="0.8">
<link xlink:type="simple" xlink:href="../661/1465661.xml">
American Cinematographer</link></publication>
</medium>
</instrumentality>
</artifact>
</press>
</creation>
</print_media>
</magazine>
</product>
</work>
.&#32;Retrieved on <link>
2008-01-07</link>.&nbsp;</entry>
<entry id="5">
Mottram, James&#32;(April 21, 2001).&#32;"<weblink xlink:type="simple" xlink:href="http://www.eskimo.com/~toates/malick/trl/interviews/brody.html">
The Prime of Mr. Adrien Brody</weblink>", <newspaper wordnetid="106267145" confidence="0.9508927676800064">
<link xlink:type="simple" xlink:href="../958/103958.xml">
The Independent</link></newspaper>
.&#32;Retrieved on <link>
2007-10-19</link>.&nbsp;</entry>
<entry id="6">
"<weblink xlink:type="simple" xlink:href="http://www.boxofficemojo.com/movies/?id=thinredline.htm">
The Thin Red Line</weblink>", Box Office Mojo&#32;(October 19, 2007).&#32;Retrieved on <link>
2007-10-19</link>.&nbsp;</entry>
<entry id="7">
Ebert, Roger&#32;(January 8, 1999).&#32;"<weblink xlink:type="simple" xlink:href="http://rogerebert.suntimes.com/apps/pbcs.dll/article?AID=/19990108/REVIEWS/901080302/1023">
The Thin Red Line</weblink>", <newspaper wordnetid="106267145" confidence="0.9508927676800064">
<link xlink:type="simple" xlink:href="../107/245107.xml">
Chicago Sun-Times</link></newspaper>
.&#32;Retrieved on <link>
2007-10-19</link>.&nbsp;</entry>
<entry id="8">
Clark, Mike&#32;(December 23, 1998).&#32;"Stirring Red Line Captures War's Humanity and Horror", <newspaper wordnetid="106267145" confidence="0.9508927676800064">
<link xlink:type="simple" xlink:href="../463/208463.xml">
USA Today</link></newspaper>
.&#32;Retrieved on <link>
2008-01-07</link>.&nbsp;</entry>
<entry id="9">
O'Sullivan, Michael&#32;(January 8, 1999).&#32;"Red Line: Above and Beyond", <link xlink:type="simple" xlink:href="../226/102226.xml">
Washington Post</link>.&#32;Retrieved on <link>
2008-01-07</link>.&nbsp;</entry>
<entry id="10">
Maslin, Janet&#32;(December 23, 1998).&#32;"<weblink xlink:type="simple" xlink:href="http://query.nytimes.com/gst/fullpage.html?res=9C07E5DC133CF930A15751C1A96E958260">
Beauty and Destruction in Pacific Battle</weblink>", <link xlink:type="simple" xlink:href="../680/30680.xml">
New York Times</link>.&#32;Retrieved on <link>
2008-01-07</link>.&nbsp;</entry>
<entry id="11">
Gleiberman, Owen&#32;(December 23, 1998).&#32;"<weblink xlink:type="simple" xlink:href="http://www.ew.com/ew/article/0,,63840,00.html">
The Thin Red Line</weblink>", <magazine wordnetid="106595351" confidence="0.9508927676800064">
<link xlink:type="simple" xlink:href="../239/541239.xml">
Entertainment Weekly</link></magazine>
.&#32;Retrieved on <link>
2007-11-27</link>.&nbsp;</entry>
</reflist>
</p>

</sec>
<sec>
<st>
Further reading</st>
<p>

<list>
<entry level="1" type="bullet">

<weblink xlink:type="simple" xlink:href="http://www.film-philosophy.com/vol6-2002/n48critchley">
Calm: On Terrence Malick's <it>The Thin Red Line''</it></weblink> by <philosopher wordnetid="110423589" confidence="0.9508927676800064">
<link xlink:type="simple" xlink:href="../172/2767172.xml">
Simon Critchley</link></philosopher>
</entry>
<entry level="1" type="bullet">

<weblink xlink:type="simple" xlink:href="http://www.sensesofcinema.com/contents/00/8/thinredline.html">
The Shape of Fear: Thoughts after <it>The Thin Red Line''</it></weblink> by Bill Schaffer</entry>
<entry level="1" type="bullet">

<it>The Thin Red Line (BFI Film Classics)</it> by Michel Chion, (2004, <body wordnetid="107965085" confidence="0.8">
<social_group wordnetid="107950920" confidence="0.8">
<group wordnetid="100031264" confidence="0.8">
<administration wordnetid="108164585" confidence="0.8">
<link xlink:type="simple" xlink:href="../687/669687.xml">
British Film Institute</link></administration>
</group>
</social_group>
</body>
), ISBN 978-1844570447</entry>
</list>
</p>

</sec>
<sec>
<st>
External links</st>

<p>

<list>
<entry level="1" type="bullet">

<weblink xlink:type="simple" xlink:href="http://www.imdb.com/title/tt0120863/">
<it>The Thin Red Line</it> </weblink> at the <web_site wordnetid="106359193" confidence="0.9508927676800064">
<link xlink:type="simple" xlink:href="../554/2855554.xml">
Internet Movie Database</link></web_site>
</entry>
<entry level="1" type="bullet">

<weblink xlink:type="simple" xlink:href="http://www.rottentomatoes.com/m/1084146-thin_red_line/">
<it>The Thin Red Line''</it></weblink> at <web_site wordnetid="106359193" confidence="0.9508927676800064">
<link xlink:type="simple" xlink:href="../482/832482.xml">
Rotten Tomatoes</link></web_site>
</entry>
<entry level="1" type="bullet">

<weblink xlink:type="simple" xlink:href="http://www.metacritic.com/film/titles/thinredline">
<it>The Thin Red Line''</it></weblink> at <web_site wordnetid="106359193" confidence="0.9508927676800064">
<link xlink:type="simple" xlink:href="../870/805870.xml">
Metacritic</link></web_site>
</entry>
<entry level="1" type="bullet">

<weblink xlink:type="simple" xlink:href="http://www.allmovie.com/cg/avg.dll?p=avg&amp;sql=1:174294">
<it>The Thin Red Line''</it></weblink> at <web_site wordnetid="106359193" confidence="0.9508927676800064">
<link xlink:type="simple" xlink:href="../027/1135027.xml">
Allmovie</link></web_site>
</entry>
<entry level="1" type="bullet">

<weblink xlink:type="simple" xlink:href="http://www.geocities.com/filmmusic_thinredline/index.html">
Film Music of the Thin Red Line</weblink> fansite at <weblink xlink:type="simple" xlink:href="http://www.Geocities.com">
Geocities</weblink></entry>
</list>
</p>

<p>

<table style=";" class="navbox" cellspacing="0">
<row>
<col style="padding:2px;">
<table style="width:100%;background:transparent;color:inherit;;" class="nowraplinks collapsible autocollapse " cellspacing="0">
<row>
<header colspan="2" style=";" class="navbox-title">
Films directed by <actor wordnetid="109765278" confidence="0.9508927676800064">
<link xlink:type="simple" xlink:href="../658/80658.xml">
Terrence Malick</link></actor>
</header>
</row>
<row style="height:2px;">

</row>
<row>
<col colspan="2" style="width:100%;padding:0px;;;" class="navbox-list navbox-odd">
<it><movie wordnetid="106613686" confidence="0.9508927676800064">
<link xlink:type="simple" xlink:href="../130/68130.xml">
Badlands</link></movie>
</it> (1973)&nbsp;• <it><movie wordnetid="106613686" confidence="0.9508927676800064">
<link xlink:type="simple" xlink:href="../718/443718.xml">
Days&nbsp;of&nbsp;Heaven</link></movie>
</it> (1978)&nbsp;• <it><movie wordnetid="106613686" confidence="0.9508927676800064">
<link xlink:type="simple" xlink:href="../465/142465.xml">
The&nbsp;Thin&nbsp;Red&nbsp;Line</link></movie>
</it> (1998)&nbsp;• <it><movie wordnetid="106613686" confidence="0.9508927676800064">
<link xlink:type="simple" xlink:href="../961/1278961.xml">
The&nbsp;New&nbsp;World</link></movie>
</it> (2005)&nbsp;• <it><movie wordnetid="106613686" confidence="0.9508927676800064">
<link xlink:type="simple" xlink:href="../507/16074507.xml">
Tree&nbsp;of&nbsp;Life</link></movie>
</it> (2009)</col>
</row>
</table>
</col>
</row>
</table>
</p>


<p>

<table style="margin:0.5em auto; font-size:95%;clear:both;" class="wikitable">
<row>
<header colspan="3" style="background: #FFF179;">
Awards and achievements</header>
</row>
<row style="text-align: center;">
</row>
<row style="text-align:center;">
<col align="center" width="30%" rowspan="1">
Preceded&nbsp;by<b><it><movie wordnetid="106613686" confidence="0.9508927676800064">
<link xlink:type="simple" xlink:href="../479/1223479.xml">
Central Station</link></movie>
</it></b></col>
<col style="text-align: center;" width="40%" rowspan="1">
<b><film_festival wordnetid="100517418" confidence="0.9508927676800064">
<link xlink:type="simple" xlink:href="../039/18948039.xml">
Golden Bear winner</link></film_festival>
</b>1999</col>
<col align="center" width="30%" rowspan="1">
 Succeeded&nbsp;by<b><it><movie wordnetid="106613686" confidence="0.9508927676800064">
<link xlink:type="simple" xlink:href="../829/231829.xml">
Magnolia</link></movie>
</it></b></col>
</row>
</table>
</p>




</sec>
</bdy>
</movie>
</remake>
</article>
