<?xml version="1.0" encoding="UTF-8"?>
<!-- generated by CLiX/Wiki2XML [MPI-Inf, MMCI@UdS] $LastChangedRevision: 92 $ on 16.04.2009 16:18:14[mciao0825] -->
<!DOCTYPE article SYSTEM "../article.dtd">
<article xmlns:xlink="http://www.w3.org/1999/xlink">
<protocol  confidence="0.9511911446218017" wordnetid="106665108">
<header>
<title>Transport Layer</title>
<id>146145</id>
<revision>
<id>242328357</id>
<timestamp>2008-10-01T20:23:40Z</timestamp>
<contributor>
<username>Kadin2048</username>
<id>28153</id>
</contributor>
</revision>
<categories>
<category>OSI protocols</category>
<category>Transport layer protocols</category>
<category>Internet protocols</category>
<category>Uncategorized pages needing expert attention</category>
<category>Pages needing expert attention</category>
</categories>
</header>
<bdy>

In <link xlink:type="simple" xlink:href="../652/5652.xml">
computer networking</link>, the <b>Transport Layer</b> is a group of methods and protocols within a layered architecture of network components, within which it is responsible for encapsulating application data blocks into <link xlink:type="simple" xlink:href="../734/43734.xml">
datagrams</link> (packets) suitable for transfer to the network infrastructure for transmission to the destination host, or managing the reverse transaction by abstracting network datagrams and delivering them to an application. Such protocol are also referred to as "transport protocols".<p>

Transport layers are contained in both the <physical_entity wordnetid="100001930" confidence="0.8">
<message wordnetid="106598915" confidence="0.8">
<protocol wordnetid="106665108" confidence="0.8">
<person wordnetid="100007846" confidence="0.8">
<model wordnetid="110324560" confidence="0.8">
<assistant wordnetid="109815790" confidence="0.8">
<direction wordnetid="106786629" confidence="0.8">
<rule wordnetid="106652242" confidence="0.8">
<worker wordnetid="109632518" confidence="0.8">
<causal_agent wordnetid="100007347" confidence="0.8">
<link xlink:type="simple" xlink:href="../748/468748.xml">
TCP/IP model</link></causal_agent>
</worker>
</rule>
</direction>
</assistant>
</model>
</person>
</protocol>
</message>
</physical_entity>
 (RFC 1122),<ref xlink:type="simple" xlink:href="#xpointer(//reflist/entry[@id=%221%22])">1</ref> which is the foundation of the <link xlink:type="simple" xlink:href="../539/14539.xml">
Internet</link>, and the <message wordnetid="106598915" confidence="0.8">
<proposal wordnetid="107162194" confidence="0.8">
<recommendation wordnetid="106671637" confidence="0.8">
<advice wordnetid="106671484" confidence="0.8">
<link xlink:type="simple" xlink:href="../244/40244.xml">
Open Systems Interconnection</link></advice>
</recommendation>
</proposal>
</message>
 <message wordnetid="106598915" confidence="0.8">
<protocol wordnetid="106665108" confidence="0.8">
<standard wordnetid="107260623" confidence="0.8">
<direction wordnetid="106786629" confidence="0.8">
<rule wordnetid="106652242" confidence="0.8">
<proposal wordnetid="107162194" confidence="0.8">
<recommendation wordnetid="106671637" confidence="0.8">
<advice wordnetid="106671484" confidence="0.8">
<system_of_measurement wordnetid="113577171" confidence="0.8">
<link xlink:type="simple" xlink:href="../747/22747.xml">
(OSI) model</link></system_of_measurement>
</advice>
</recommendation>
</proposal>
</rule>
</direction>
</standard>
</protocol>
</message>
 of general networking. The definitions of the Transport Layer are slightly different in these two models. This article primarily refers to the TCP/IP model. See also the .</p>
<p>

The first transport protocol was the <link xlink:type="simple" xlink:href="../538/30538.xml">
Transmission Control Protocol</link> (TCP). It lent its name to the title of the entire <link xlink:type="simple" xlink:href="../476/15476.xml">
Internet Protocol Suite</link>, <b>TCP/IP</b>. It is used for connection-oriented transmissions, whereas the connectionless <message wordnetid="106598915" confidence="0.8">
<protocol wordnetid="106665108" confidence="0.8">
<standard wordnetid="107260623" confidence="0.8">
<direction wordnetid="106786629" confidence="0.8">
<rule wordnetid="106652242" confidence="0.8">
<system_of_measurement wordnetid="113577171" confidence="0.8">
<link xlink:type="simple" xlink:href="../929/31929.xml">
User Datagram Protocol</link></system_of_measurement>
</rule>
</direction>
</standard>
</protocol>
</message>
 (UDP) is used for simpler messaging transmissions. TCP is the more complex protocol, due to its stateful design incorporating <it>reliable</it> transmission.  Other prominent protocols in this group are the <message wordnetid="106598915" confidence="0.8">
<protocol wordnetid="106665108" confidence="0.8">
<direction wordnetid="106786629" confidence="0.8">
<rule wordnetid="106652242" confidence="0.8">
<link xlink:type="simple" xlink:href="../423/1017423.xml">
Datagram Congestion Control Protocol</link></rule>
</direction>
</protocol>
</message>
 (DCCP) and the <message wordnetid="106598915" confidence="0.8">
<protocol wordnetid="106665108" confidence="0.8">
<standard wordnetid="107260623" confidence="0.8">
<direction wordnetid="106786629" confidence="0.8">
<rule wordnetid="106652242" confidence="0.8">
<system_of_measurement wordnetid="113577171" confidence="0.8">
<link xlink:type="simple" xlink:href="../896/404896.xml">
Stream Control Transmission Protocol</link></system_of_measurement>
</rule>
</direction>
</standard>
</protocol>
</message>
 (SCTP).</p>

<p>

<table style="float:right; margin:0 0 1em 1em; width: 19em; font-size:95%;" class="navbox">
<row>
<header style="background:#adb">
 The <link xlink:type="simple" xlink:href="../476/15476.xml">
TCP/IP model</link>(RFC 1122)</header>
</row>
<row>
<header style="background:#cfc">
 <link xlink:type="simple" xlink:href="../179/172179.xml">
Application Layer</link></header>
</row>
<row>
<col><p>

<message wordnetid="106598915" confidence="0.8">
<protocol wordnetid="106665108" confidence="0.8">
<standard wordnetid="107260623" confidence="0.8">
<direction wordnetid="106786629" confidence="0.8">
<rule wordnetid="106652242" confidence="0.8">
<system_of_measurement wordnetid="113577171" confidence="0.8">
<link xlink:type="simple" xlink:href="../893/38893.xml">
BGP</link></system_of_measurement>
</rule>
</direction>
</standard>
</protocol>
</message>
&nbsp;·  <message wordnetid="106598915" confidence="0.8">
<protocol wordnetid="106665108" confidence="0.8">
<standard wordnetid="107260623" confidence="0.8">
<direction wordnetid="106786629" confidence="0.8">
<rule wordnetid="106652242" confidence="0.8">
<system_of_measurement wordnetid="113577171" confidence="0.8">
<link xlink:type="simple" xlink:href="../622/8622.xml">
DHCP</link></system_of_measurement>
</rule>
</direction>
</standard>
</protocol>
</message>
&nbsp;·  <message wordnetid="106598915" confidence="0.8">
<protocol wordnetid="106665108" confidence="0.8">
<direction wordnetid="106786629" confidence="0.8">
<rule wordnetid="106652242" confidence="0.8">
<link xlink:type="simple" xlink:href="../339/8339.xml">
DNS</link></rule>
</direction>
</protocol>
</message>
&nbsp;·  <link xlink:type="simple" xlink:href="../289/53289.xml">
FTP</link>&nbsp;·  <message wordnetid="106598915" confidence="0.8">
<protocol wordnetid="106665108" confidence="0.8">
<standard wordnetid="107260623" confidence="0.8">
<direction wordnetid="106786629" confidence="0.8">
<rule wordnetid="106652242" confidence="0.8">
<system_of_measurement wordnetid="113577171" confidence="0.8">
<link xlink:type="simple" xlink:href="../794/12794.xml">
Gopher</link></system_of_measurement>
</rule>
</direction>
</standard>
</protocol>
</message>
&nbsp;·  <message wordnetid="106598915" confidence="0.8">
<protocol wordnetid="106665108" confidence="0.8">
<direction wordnetid="106786629" confidence="0.8">
<rule wordnetid="106652242" confidence="0.8">
<link xlink:type="simple" xlink:href="../049/2365049.xml">
GTP</link></rule>
</direction>
</protocol>
</message>
&nbsp;·  <message wordnetid="106598915" confidence="0.8">
<information wordnetid="106634376" confidence="0.8">
<protocol wordnetid="106665108" confidence="0.8">
<standard wordnetid="107260623" confidence="0.8">
<direction wordnetid="106786629" confidence="0.8">
<rule wordnetid="106652242" confidence="0.8">
<format wordnetid="106636806" confidence="0.8">
<system_of_measurement wordnetid="113577171" confidence="0.8">
<link xlink:type="simple" xlink:href="../443/13443.xml">
HTTP</link></system_of_measurement>
</format>
</rule>
</direction>
</standard>
</protocol>
</information>
</message>
&nbsp;·  <message wordnetid="106598915" confidence="0.8">
<protocol wordnetid="106665108" confidence="0.8">
<direction wordnetid="106786629" confidence="0.8">
<rule wordnetid="106652242" confidence="0.8">
<link xlink:type="simple" xlink:href="../837/14837.xml">
IMAP</link></rule>
</direction>
</protocol>
</message>
&nbsp;·  <social_group wordnetid="107950920" confidence="0.8">
<gathering wordnetid="107975026" confidence="0.8">
<community wordnetid="108223802" confidence="0.8">
<group wordnetid="100031264" confidence="0.8">
<link xlink:type="simple" xlink:href="../730/14730.xml">
IRC</link></group>
</community>
</gathering>
</social_group>
&nbsp;·  <message wordnetid="106598915" confidence="0.8">
<protocol wordnetid="106665108" confidence="0.8">
<standard wordnetid="107260623" confidence="0.8">
<direction wordnetid="106786629" confidence="0.8">
<rule wordnetid="106652242" confidence="0.8">
<system_of_measurement wordnetid="113577171" confidence="0.8">
<link xlink:type="simple" xlink:href="../004/173004.xml">
NNTP</link></system_of_measurement>
</rule>
</direction>
</standard>
</protocol>
</message>
&nbsp;·  <message wordnetid="106598915" confidence="0.8">
<protocol wordnetid="106665108" confidence="0.8">
<standard wordnetid="107260623" confidence="0.8">
<direction wordnetid="106786629" confidence="0.8">
<rule wordnetid="106652242" confidence="0.8">
<system_of_measurement wordnetid="113577171" confidence="0.8">
<link xlink:type="simple" xlink:href="../886/159886.xml">
NTP</link></system_of_measurement>
</rule>
</direction>
</standard>
</protocol>
</message>
&nbsp;·  <message wordnetid="106598915" confidence="0.8">
<protocol wordnetid="106665108" confidence="0.8">
<direction wordnetid="106786629" confidence="0.8">
<rule wordnetid="106652242" confidence="0.8">
<link xlink:type="simple" xlink:href="../062/23062.xml">
POP</link></rule>
</direction>
</protocol>
</message>
&nbsp;·  <message wordnetid="106598915" confidence="0.8">
<protocol wordnetid="106665108" confidence="0.8">
<standard wordnetid="107260623" confidence="0.8">
<direction wordnetid="106786629" confidence="0.8">
<rule wordnetid="106652242" confidence="0.8">
<system_of_measurement wordnetid="113577171" confidence="0.8">
<link xlink:type="simple" xlink:href="../389/43389.xml">
RIP</link></system_of_measurement>
</rule>
</direction>
</standard>
</protocol>
</message>
&nbsp;·  <message wordnetid="106598915" confidence="0.8">
<protocol wordnetid="106665108" confidence="0.8">
<direction wordnetid="106786629" confidence="0.8">
<rule wordnetid="106652242" confidence="0.8">
<link xlink:type="simple" xlink:href="../346/26346.xml">
RPC</link></rule>
</direction>
</protocol>
</message>
&nbsp;·  <message wordnetid="106598915" confidence="0.8">
<protocol wordnetid="106665108" confidence="0.8">
<direction wordnetid="106786629" confidence="0.8">
<rule wordnetid="106652242" confidence="0.8">
<link xlink:type="simple" xlink:href="../661/1003661.xml">
RTCP</link></rule>
</direction>
</protocol>
</message>
&nbsp;·  <message wordnetid="106598915" confidence="0.8">
<protocol wordnetid="106665108" confidence="0.8">
<idea wordnetid="105833840" confidence="0.8">
<concept wordnetid="105835747" confidence="0.8">
<direction wordnetid="106786629" confidence="0.8">
<rule wordnetid="106652242" confidence="0.8">
<link xlink:type="simple" xlink:href="../163/26163.xml">
RTP</link></rule>
</direction>
</concept>
</idea>
</protocol>
</message>
&nbsp;·  <message wordnetid="106598915" confidence="0.8">
<protocol wordnetid="106665108" confidence="0.8">
<direction wordnetid="106786629" confidence="0.8">
<rule wordnetid="106652242" confidence="0.8">
<link xlink:type="simple" xlink:href="../162/26162.xml">
RTSP</link></rule>
</direction>
</protocol>
</message>
&nbsp;·    <message wordnetid="106598915" confidence="0.8">
<protocol wordnetid="106665108" confidence="0.8">
<standard wordnetid="107260623" confidence="0.8">
<direction wordnetid="106786629" confidence="0.8">
<rule wordnetid="106652242" confidence="0.8">
<request wordnetid="106513366" confidence="0.8">
<system_of_measurement wordnetid="113577171" confidence="0.8">
<link xlink:type="simple" xlink:href="../702/28702.xml">
SDP</link></system_of_measurement>
</request>
</rule>
</direction>
</standard>
</protocol>
</message>
&nbsp;·  <message wordnetid="106598915" confidence="0.8">
<protocol wordnetid="106665108" confidence="0.8">
<idea wordnetid="105833840" confidence="0.8">
<concept wordnetid="105835747" confidence="0.8">
<direction wordnetid="106786629" confidence="0.8">
<rule wordnetid="106652242" confidence="0.8">
<link xlink:type="simple" xlink:href="../684/28684.xml">
SIP</link></rule>
</direction>
</concept>
</idea>
</protocol>
</message>
&nbsp;·  <message wordnetid="106598915" confidence="0.8">
<protocol wordnetid="106665108" confidence="0.8">
<direction wordnetid="106786629" confidence="0.8">
<rule wordnetid="106652242" confidence="0.8">
<link xlink:type="simple" xlink:href="../675/27675.xml">
SMTP</link></rule>
</direction>
</protocol>
</message>
&nbsp;·  <message wordnetid="106598915" confidence="0.8">
<protocol wordnetid="106665108" confidence="0.8">
<standard wordnetid="107260623" confidence="0.8">
<direction wordnetid="106786629" confidence="0.8">
<rule wordnetid="106652242" confidence="0.8">
<system_of_measurement wordnetid="113577171" confidence="0.8">
<link xlink:type="simple" xlink:href="../710/41710.xml">
SNMP</link></system_of_measurement>
</rule>
</direction>
</standard>
</protocol>
</message>
&nbsp;·  <link xlink:type="simple" xlink:href="../215/29215.xml">
SOAP</link>&nbsp;·  <message wordnetid="106598915" confidence="0.8">
<protocol wordnetid="106665108" confidence="0.8">
<standard wordnetid="107260623" confidence="0.8">
<direction wordnetid="106786629" confidence="0.8">
<rule wordnetid="106652242" confidence="0.8">
<system_of_measurement wordnetid="113577171" confidence="0.8">
<link xlink:type="simple" xlink:href="../814/28814.xml">
SSH</link></system_of_measurement>
</rule>
</direction>
</standard>
</protocol>
</message>
&nbsp;·  <link xlink:type="simple" xlink:href="../813/187813.xml">
SSL</link> &nbsp;· <message wordnetid="106598915" confidence="0.8">
<protocol wordnetid="106665108" confidence="0.8">
<idea wordnetid="105833840" confidence="0.8">
<concept wordnetid="105835747" confidence="0.8">
<direction wordnetid="106786629" confidence="0.8">
<rule wordnetid="106652242" confidence="0.8">
<link xlink:type="simple" xlink:href="../602/937602.xml">
STUN</link></rule>
</direction>
</concept>
</idea>
</protocol>
</message>
&nbsp;· <link xlink:type="simple" xlink:href="../062/31062.xml">
Telnet</link>&nbsp;·  <message wordnetid="106598915" confidence="0.8">
<protocol wordnetid="106665108" confidence="0.8">
<standard wordnetid="107260623" confidence="0.8">
<direction wordnetid="106786629" confidence="0.8">
<rule wordnetid="106652242" confidence="0.8">
<system_of_measurement wordnetid="113577171" confidence="0.8">
<link xlink:type="simple" xlink:href="../813/187813.xml">
TLS</link></system_of_measurement>
</rule>
</direction>
</standard>
</protocol>
</message>
 &nbsp;· <link xlink:type="simple" xlink:href="../455/192455.xml">
XMPP</link> &nbsp;·    
Application layer protocols|(more)</p>
</col>
</row>
<row>
<header style="background:#cfc">
 <link xlink:type="simple" xlink:href="../145/146145.xml">
Transport Layer</link></header>
</row>
<row>
<col>
 <link xlink:type="simple" xlink:href="../538/30538.xml">
TCP</link>&nbsp;·  <message wordnetid="106598915" confidence="0.8">
<protocol wordnetid="106665108" confidence="0.8">
<standard wordnetid="107260623" confidence="0.8">
<direction wordnetid="106786629" confidence="0.8">
<rule wordnetid="106652242" confidence="0.8">
<system_of_measurement wordnetid="113577171" confidence="0.8">
<link xlink:type="simple" xlink:href="../929/31929.xml">
UDP</link></system_of_measurement>
</rule>
</direction>
</standard>
</protocol>
</message>
&nbsp;·  <message wordnetid="106598915" confidence="0.8">
<protocol wordnetid="106665108" confidence="0.8">
<direction wordnetid="106786629" confidence="0.8">
<rule wordnetid="106652242" confidence="0.8">
<link xlink:type="simple" xlink:href="../423/1017423.xml">
DCCP</link></rule>
</direction>
</protocol>
</message>
&nbsp;·  <message wordnetid="106598915" confidence="0.8">
<protocol wordnetid="106665108" confidence="0.8">
<standard wordnetid="107260623" confidence="0.8">
<direction wordnetid="106786629" confidence="0.8">
<rule wordnetid="106652242" confidence="0.8">
<system_of_measurement wordnetid="113577171" confidence="0.8">
<link xlink:type="simple" xlink:href="../896/404896.xml">
SCTP</link></system_of_measurement>
</rule>
</direction>
</standard>
</protocol>
</message>
&nbsp;·  <message wordnetid="106598915" confidence="0.8">
<protocol wordnetid="106665108" confidence="0.8">
<direction wordnetid="106786629" confidence="0.8">
<rule wordnetid="106652242" confidence="0.8">
<link xlink:type="simple" xlink:href="../171/618171.xml">
RSVP</link></rule>
</direction>
</protocol>
</message>
&nbsp;·  <message wordnetid="106598915" confidence="0.8">
<protocol wordnetid="106665108" confidence="0.8">
<direction wordnetid="106786629" confidence="0.8">
<rule wordnetid="106652242" confidence="0.8">
<link xlink:type="simple" xlink:href="../470/309470.xml">
ECN</link></rule>
</direction>
</protocol>
</message>
&nbsp;·  
Transport layer protocols|(more)</col>
</row>
<row>
<header style="background:#cfc">
 <link xlink:type="simple" xlink:href="../736/11207736.xml">
Internet Layer</link></header>
</row>
<row>
<col>
 <message wordnetid="106598915" confidence="0.8">
<protocol wordnetid="106665108" confidence="0.8">
<direction wordnetid="106786629" confidence="0.8">
<rule wordnetid="106652242" confidence="0.8">
<link xlink:type="simple" xlink:href="../323/15323.xml">
IP</link></rule>
</direction>
</protocol>
</message>
 (<message wordnetid="106598915" confidence="0.8">
<protocol wordnetid="106665108" confidence="0.8">
<standard wordnetid="107260623" confidence="0.8">
<direction wordnetid="106786629" confidence="0.8">
<rule wordnetid="106652242" confidence="0.8">
<system_of_measurement wordnetid="113577171" confidence="0.8">
<link xlink:type="simple" xlink:href="../317/15317.xml">
IPv4</link></system_of_measurement>
</rule>
</direction>
</standard>
</protocol>
</message>
&nbsp;·  <message wordnetid="106598915" confidence="0.8">
<protocol wordnetid="106665108" confidence="0.8">
<direction wordnetid="106786629" confidence="0.8">
<rule wordnetid="106652242" confidence="0.8">
<link xlink:type="simple" xlink:href="../318/15318.xml">
IPv6</link></rule>
</direction>
</protocol>
</message>
)&nbsp;·  <message wordnetid="106598915" confidence="0.8">
<protocol wordnetid="106665108" confidence="0.8">
<standard wordnetid="107260623" confidence="0.8">
<direction wordnetid="106786629" confidence="0.8">
<rule wordnetid="106652242" confidence="0.8">
<system_of_measurement wordnetid="113577171" confidence="0.8">
<link xlink:type="simple" xlink:href="../107/15107.xml">
ICMP</link></system_of_measurement>
</rule>
</direction>
</standard>
</protocol>
</message>
&nbsp;·  <message wordnetid="106598915" confidence="0.8">
<protocol wordnetid="106665108" confidence="0.8">
<direction wordnetid="106786629" confidence="0.8">
<rule wordnetid="106652242" confidence="0.8">
<link xlink:type="simple" xlink:href="../232/5223232.xml">
ICMPv6</link></rule>
</direction>
</protocol>
</message>
&nbsp;·  <message wordnetid="106598915" confidence="0.8">
<protocol wordnetid="106665108" confidence="0.8">
<standard wordnetid="107260623" confidence="0.8">
<direction wordnetid="106786629" confidence="0.8">
<rule wordnetid="106652242" confidence="0.8">
<system_of_measurement wordnetid="113577171" confidence="0.8">
<link xlink:type="simple" xlink:href="../654/236654.xml">
IGMP</link></system_of_measurement>
</rule>
</direction>
</standard>
</protocol>
</message>
&nbsp;·  <message wordnetid="106598915" confidence="0.8">
<protocol wordnetid="106665108" confidence="0.8">
<direction wordnetid="106786629" confidence="0.8">
<rule wordnetid="106652242" confidence="0.8">
<link xlink:type="simple" xlink:href="../342/43342.xml">
IPsec</link></rule>
</direction>
</protocol>
</message>
&nbsp;· 
Internet Layer protocols|(more)</col>
</row>
<row>
<header style="background:#cfc">
 <link xlink:type="simple" xlink:href="../777/18419777.xml">
Link Layer</link></header>
</row>
<row>
<col>
 <message wordnetid="106598915" confidence="0.8">
<protocol wordnetid="106665108" confidence="0.8">
<standard wordnetid="107260623" confidence="0.8">
<direction wordnetid="106786629" confidence="0.8">
<rule wordnetid="106652242" confidence="0.8">
<system_of_measurement wordnetid="113577171" confidence="0.8">
<link xlink:type="simple" xlink:href="../986/47986.xml">
ARP</link></system_of_measurement>
</rule>
</direction>
</standard>
</protocol>
</message>
&nbsp;·  <message wordnetid="106598915" confidence="0.8">
<protocol wordnetid="106665108" confidence="0.8">
<standard wordnetid="107260623" confidence="0.8">
<direction wordnetid="106786629" confidence="0.8">
<rule wordnetid="106652242" confidence="0.8">
<system_of_measurement wordnetid="113577171" confidence="0.8">
<link xlink:type="simple" xlink:href="../720/62720.xml">
RARP</link></system_of_measurement>
</rule>
</direction>
</standard>
</protocol>
</message>
&nbsp;·  <message wordnetid="106598915" confidence="0.8">
<protocol wordnetid="106665108" confidence="0.8">
<standard wordnetid="107260623" confidence="0.8">
<direction wordnetid="106786629" confidence="0.8">
<rule wordnetid="106652242" confidence="0.8">
<system_of_measurement wordnetid="113577171" confidence="0.8">
<link xlink:type="simple" xlink:href="../012/2099012.xml">
NDP</link></system_of_measurement>
</rule>
</direction>
</standard>
</protocol>
</message>
&nbsp;·  <message wordnetid="106598915" confidence="0.8">
<protocol wordnetid="106665108" confidence="0.8">
<standard wordnetid="107260623" confidence="0.8">
<direction wordnetid="106786629" confidence="0.8">
<rule wordnetid="106652242" confidence="0.8">
<system_of_measurement wordnetid="113577171" confidence="0.8">
<link xlink:type="simple" xlink:href="../388/43388.xml">
OSPF</link></system_of_measurement>
</rule>
</direction>
</standard>
</protocol>
</message>
&nbsp;·  <link xlink:type="simple" xlink:href="../738/1272738.xml">
Tunnels</link> &nbsp;·  <message wordnetid="106598915" confidence="0.8">
<protocol wordnetid="106665108" confidence="0.8">
<know-how wordnetid="105616786" confidence="0.8">
<direction wordnetid="106786629" confidence="0.8">
<rule wordnetid="106652242" confidence="0.8">
<method wordnetid="105660268" confidence="0.8">
<link xlink:type="simple" xlink:href="../472/207472.xml">
Media Access Control</link></method>
</rule>
</direction>
</know-how>
</protocol>
</message>
&nbsp;·  <link xlink:type="simple" xlink:href="../101/9101.xml">
Device Driver</link>s &nbsp;·  
Link protocols|(more)</col>
</row>


</table>

</p>
<sec>
<st>
 Transport Layer functions </st>
<p>

The Transport Layer is responsible for delivering data to the appropriate application process on the host computers. This involves <link xlink:type="simple" xlink:href="../793/1965793.xml">
statistical multiplexing</link> of data from different application processes, i.e. forming data packets, and adding source and destination port numbers in the header of each Transport Layer data packet. Together with the source and destination IP address, the port numbers constitutes a <link xlink:type="simple" xlink:href="../218/4764218.xml">
network socket</link>, i.e. an identification address of the process-to-process communication. In the OSI model, this function is supported by the <link xlink:type="simple" xlink:href="../409/142409.xml">
Session Layer</link>.</p>
<p>

Some Transport Layer protocols, for example TCP, but not UDP, support <link xlink:type="simple" xlink:href="../851/41851.xml">
virtual circuit</link>s, i.e. provide <link xlink:type="simple" xlink:href="../712/2137712.xml">
connection oriented</link> communication over an underlying packet oriented <link xlink:type="simple" xlink:href="../994/40994.xml">
datagram</link> network. A byte-stream is delivered while hiding the packet mode communication for the application processes. This involves connection establishment, dividing of the data stream into packets called segments, segment numbering and reordering of out-of order data. </p>
<p>

Finally, some Transport Layer protocols, for example TCP, but not UDP, provide end-to-end reliable communication, i.e. <link xlink:type="simple" xlink:href="../375/10375.xml">
error recovery</link> by means of <link xlink:type="simple" xlink:href="../375/10375.xml">
error detecting code</link> and <link xlink:type="simple" xlink:href="../726/40726.xml">
automatic repeat request</link> (ARQ) protocol. The ARQ protocol also provides <link xlink:type="simple" xlink:href="../428/1619428.xml">
flow control</link>, which may be combined with <link xlink:type="simple" xlink:href="../023/235023.xml">
congestion avoidance</link>. </p>
<p>

UDP is a very simple protocol, and does not provide virtual circuits, nor reliable communication, delegating these functions to the <link xlink:type="simple" xlink:href="../746/454746.xml">
application</link> program. UDP packets are called <link xlink:type="simple" xlink:href="../994/40994.xml">
datagram</link>s, rather than segments. </p>
<p>

TCP is used for many protocols, including <link xlink:type="simple" xlink:href="../104/2701104.xml">
HTTP</link> web browsing and email transfer. UDP may be used for <link xlink:type="simple" xlink:href="../407/20407.xml">
multicasting</link> and <link xlink:type="simple" xlink:href="../604/113604.xml">
broadcasting</link>, since retransmissions are not possible to a large amount of hosts. UDP typically gives higher <link xlink:type="simple" xlink:href="../932/30932.xml">
throughput</link> and shorter latency, and is therefore often used for real-time multimedia communication where packet loss occasionally can be accepted, for example IP-TV and IP-telephony, and for online computer games. </p>
<p>

In many non-IP-based networks, for example <message wordnetid="106598915" confidence="0.8">
<protocol wordnetid="106665108" confidence="0.8">
<direction wordnetid="106786629" confidence="0.8">
<rule wordnetid="106652242" confidence="0.8">
<proposal wordnetid="107162194" confidence="0.8">
<recommendation wordnetid="106671637" confidence="0.8">
<advice wordnetid="106671484" confidence="0.8">
<link xlink:type="simple" xlink:href="../336/43336.xml">
X.25</link></advice>
</recommendation>
</proposal>
</rule>
</direction>
</protocol>
</message>
, <link xlink:type="simple" xlink:href="../340/38340.xml">
Frame Relay</link> and <link xlink:type="simple" xlink:href="../ury/25th_century.xml">
ATM</link>, the connection oriented communication is implemented at network layer or data link layer rather than the Transport Layer. In X.25, in telephone network modems and in wireless communication systems, reliable node-to-node communication is implemented at lower protocol layers. </p>
<p>

The OSI/<link xlink:type="simple" xlink:href="../336/43336.xml">
X.25 protocol suite</link> defines five classes of the <message wordnetid="106598915" confidence="0.8">
<proposal wordnetid="107162194" confidence="0.8">
<recommendation wordnetid="106671637" confidence="0.8">
<advice wordnetid="106671484" confidence="0.8">
<link xlink:type="simple" xlink:href="../244/40244.xml">
OSI</link></advice>
</recommendation>
</proposal>
</message>
 <link xlink:type="simple" xlink:href="../711/1117711.xml#xpointer(//*[./st=%22Transport+Layer%22])">
transport protocol</link>, ranging from class 0 (which is also known as <b>TP0</b> and provides the least error recovery) to class 4 (which is also known as <b>TP4</b> and is designed for less reliable networks, similar to the Internet). </p>

<p>

<table class="infobox">
<header colspan="2" style="background-color:#ccccff;">
 <message wordnetid="106598915" confidence="0.8">
<protocol wordnetid="106665108" confidence="0.8">
<standard wordnetid="107260623" confidence="0.8">
<direction wordnetid="106786629" confidence="0.8">
<rule wordnetid="106652242" confidence="0.8">
<proposal wordnetid="107162194" confidence="0.8">
<recommendation wordnetid="106671637" confidence="0.8">
<advice wordnetid="106671484" confidence="0.8">
<system_of_measurement wordnetid="113577171" confidence="0.8">
<link xlink:type="simple" xlink:href="../747/22747.xml">
OSI Model</link></system_of_measurement>
</advice>
</recommendation>
</proposal>
</rule>
</direction>
</standard>
</protocol>
</message>
</header>
<row>
<col>
7</col>
<col>
 <link xlink:type="simple" xlink:href="../179/172179.xml">
Application Layer</link></col>
</row>
<row>
<col>
6</col>
<col>
 <link xlink:type="simple" xlink:href="../181/102181.xml">
Presentation Layer</link></col>
</row>
<row>
<col>
5</col>
<col>
 <link xlink:type="simple" xlink:href="../409/142409.xml">
Session Layer</link></col>
</row>
<row>
<col>
4</col>
<col>
 <link xlink:type="simple" xlink:href="../145/146145.xml">
Transport Layer</link></col>
</row>
<row>
<col>
3</col>
<col>
 <link xlink:type="simple" xlink:href="../024/85024.xml">
Network Layer</link></col>
</row>
<row>
<col>
2</col>
<col>
 <link xlink:type="simple" xlink:href="../949/152949.xml">
Data Link Layer</link>
<list>
<entry level="1" type="bullet">

 <link xlink:type="simple" xlink:href="../459/145459.xml">
LLC sublayer</link></entry>
<entry level="1" type="bullet">

 <message wordnetid="106598915" confidence="0.8">
<protocol wordnetid="106665108" confidence="0.8">
<know-how wordnetid="105616786" confidence="0.8">
<direction wordnetid="106786629" confidence="0.8">
<rule wordnetid="106652242" confidence="0.8">
<method wordnetid="105660268" confidence="0.8">
<link xlink:type="simple" xlink:href="../472/207472.xml">
MAC sublayer</link></method>
</rule>
</direction>
</know-how>
</protocol>
</message>
</entry>
</list>
</col>
</row>
<row>
<col>
1</col>
<col>
 <link xlink:type="simple" xlink:href="../300/78300.xml">
Physical Layer</link></col>
</row>
</table>

</p>
</sec>
<sec>
<st>
 Transport Layer services </st>
<p>

There is a long list of services that can be optionally provided by the Transport Layer. None of them are compulsory, because not all applications require all available services.</p>
<p>

<list>
<entry level="1" type="bullet">

 <link xlink:type="simple" xlink:href="../712/2137712.xml">
Connection-oriented</link>: This is normally easier to deal with than connection-less models, so where the Network layer only provides a connection-less service, often a connection-oriented service is built on top of that in the Transport Layer.</entry>
<entry level="1" type="bullet">

 <link>
Same Order Delivery</link>: The Network layer doesn't generally guarantee that packets of data will arrive in the same order that they were sent, but often this is a desirable feature, so the Transport Layer provides it. The simplest way of doing this is to give each packet a number, and allow the receiver to reorder the packets.</entry>
<entry level="1" type="bullet">

 <message wordnetid="106598915" confidence="0.8">
<protocol wordnetid="106665108" confidence="0.8">
<direction wordnetid="106786629" confidence="0.8">
<rule wordnetid="106652242" confidence="0.8">
<link xlink:type="simple" xlink:href="../492/2563492.xml">
Reliable data</link></rule>
</direction>
</protocol>
</message>
: Packets may be lost in routers, switches, bridges and hosts due to <link xlink:type="simple" xlink:href="../522/430522.xml">
network congestion</link>, when the packet queues are filled and the network nodes have to delete packets. Packets may be lost or corrupted in Ethernet due to interference and noise, since Ethernet does not retransmit corrupted packets. Packets may be delivered in the wrong order by an underlying network. Some Transport Layer protocols, for example <link xlink:type="simple" xlink:href="../538/30538.xml">
TCP</link>, can fix this. By means of an <link xlink:type="simple" xlink:href="../375/10375.xml">
error detection code</link>, for example a <link xlink:type="simple" xlink:href="../538/7538.xml">
checksum</link>, the transport protocol may check that the data is not corrupted, and verify that by sending an <link xlink:type="simple" xlink:href="../601/3327601.xml">
ACK</link> message to the sender. <link xlink:type="simple" xlink:href="../726/40726.xml">
Automatic repeat request</link> schemes may be used to retransmit lost or corrupted data. By introducing <link>
segment numbering</link> in the Transport Layer packet headers, the packets can be sorted in order. Of course, error free is impossible, but it is possible to substantially reduce the numbers of undetected errors. </entry>
<entry level="1" type="bullet">

 <message wordnetid="106598915" confidence="0.8">
<protocol wordnetid="106665108" confidence="0.8">
<direction wordnetid="106786629" confidence="0.8">
<rule wordnetid="106652242" confidence="0.8">
<link xlink:type="simple" xlink:href="../428/1619428.xml">
Flow control</link></rule>
</direction>
</protocol>
</message>
: The amount of memory on a computer is limited, and without flow control a larger computer might flood a computer with so much information that it can't hold it all before dealing with it. Nowadays, this is not a big issue, as memory is cheap while bandwidth is comparatively expensive, but in earlier times it was more important. Flow control allows the receiver to say "Whoa!" before it is overwhelmed. Sometimes this is already provided by the network, but where it is not, the Transport Layer may add it on. </entry>
<entry level="1" type="bullet">

 <link xlink:type="simple" xlink:href="../023/235023.xml">
Congestion avoidance</link>: <link xlink:type="simple" xlink:href="../522/430522.xml">
Network congestion</link> occurs when a queue buffer of a network node is full and starts to drop packets. Automatic repeat request may keep the network in a congested state. This situation can be avoided by adding congestion avoidance to the flow control, including <link xlink:type="simple" xlink:href="../666/1977666.xml">
slow-start</link>. This keeps the bandwidth consumption at a low level in the beginning of the transmission, or after packet retransmission. </entry>
<entry level="1" type="bullet">

 <link xlink:type="simple" xlink:href="../304/972304.xml">
Byte orientation</link>: Rather than dealing with things on a packet-by-packet basis, the Transport Layer may add the ability to view communication just as a stream of bytes. This is nicer to deal with than random packet sizes, however, it rarely matches the communication model which will normally be a sequence of messages of user defined sizes.</entry>
<entry level="1" type="bullet">

 <link xlink:type="simple" xlink:href="../331/4971331.xml">
Ports</link>: (Part of the Transport Layer in the <physical_entity wordnetid="100001930" confidence="0.8">
<message wordnetid="106598915" confidence="0.8">
<protocol wordnetid="106665108" confidence="0.8">
<person wordnetid="100007846" confidence="0.8">
<model wordnetid="110324560" confidence="0.8">
<assistant wordnetid="109815790" confidence="0.8">
<direction wordnetid="106786629" confidence="0.8">
<rule wordnetid="106652242" confidence="0.8">
<worker wordnetid="109632518" confidence="0.8">
<causal_agent wordnetid="100007347" confidence="0.8">
<link xlink:type="simple" xlink:href="../748/468748.xml">
TCP/IP model</link></causal_agent>
</worker>
</rule>
</direction>
</assistant>
</model>
</person>
</protocol>
</message>
</physical_entity>
, but of the <link xlink:type="simple" xlink:href="../409/142409.xml">
Session Layer</link> in the OSI model) Ports are essentially ways to address multiple entities in the same location. For example, the first line of a postal address is a kind of port, and distinguishes between different occupants of the same house. Computer applications will each listen for information on their own ports, which is why you can use more than one network-based application at the same time.</entry>
</list>
</p>

</sec>
<sec>
<st>
 Comparison of principal transport protocols </st>
<p>

<table class="wikitable">
<row>

<header>
 <message wordnetid="106598915" confidence="0.8">
<protocol wordnetid="106665108" confidence="0.8">
<standard wordnetid="107260623" confidence="0.8">
<direction wordnetid="106786629" confidence="0.8">
<rule wordnetid="106652242" confidence="0.8">
<system_of_measurement wordnetid="113577171" confidence="0.8">
<link xlink:type="simple" xlink:href="../929/31929.xml">
UDP</link></system_of_measurement>
</rule>
</direction>
</standard>
</protocol>
</message>
</header>
<header>
 <link xlink:type="simple" xlink:href="../538/30538.xml">
TCP</link></header>
<header>
 <message wordnetid="106598915" confidence="0.8">
<protocol wordnetid="106665108" confidence="0.8">
<direction wordnetid="106786629" confidence="0.8">
<rule wordnetid="106652242" confidence="0.8">
<link xlink:type="simple" xlink:href="../423/1017423.xml">
DCCP</link></rule>
</direction>
</protocol>
</message>
</header>
<header>
 <message wordnetid="106598915" confidence="0.8">
<protocol wordnetid="106665108" confidence="0.8">
<standard wordnetid="107260623" confidence="0.8">
<direction wordnetid="106786629" confidence="0.8">
<rule wordnetid="106652242" confidence="0.8">
<system_of_measurement wordnetid="113577171" confidence="0.8">
<link xlink:type="simple" xlink:href="../896/404896.xml">
SCTP</link></system_of_measurement>
</rule>
</direction>
</standard>
</protocol>
</message>
</header>
</row>
<row>
<col>
Packet header size</col>
<col>
8 Bytes</col>
<col>
20 Bytes</col>
<col>
12 or 16 bytes</col>
<col>
12 Bytes + Variable Chunk Header</col>
</row>
<row>
<col>
Transport Layer packet entity</col>
<col>
Datagram</col>
<col>
Segment</col>
<col>
Datagram</col>
<col>
Datagram</col>
</row>
<row>
<col>
 <link xlink:type="simple" xlink:href="../331/4971331.xml">
Port numbering</link></col>
<col style="background:#90ff90; color:black;" class="table-yes">
Yes</col>
<col style="background:#90ff90; color:black;" class="table-yes">
Yes</col>
<col style="background:#90ff90; color:black;" class="table-yes">
Yes</col>
<col style="background:#90ff90; color:black;" class="table-yes">
Yes</col>
</row>
<row>
<col>
 <link xlink:type="simple" xlink:href="../375/10375.xml">
Error detection</link></col>
<col style="background: #ddffdd">
Optional</col>
<col style="background:#90ff90; color:black;" class="table-yes">
Yes</col>
<col style="background:#90ff90; color:black;" class="table-yes">
Yes</col>
<col style="background:#90ff90; color:black;" class="table-yes">
Yes</col>
</row>
<row>
<col>
 Reliability: Error recovery by <link xlink:type="simple" xlink:href="../726/40726.xml">
automatic repeat request (ARQ)</link></col>
<col style="background:#ff9090; color:black;" class="table-no">
No</col>
<col style="background:#90ff90; color:black;" class="table-yes">
Yes</col>
<col style="background:#ff9090; color:black;" class="table-no">
No</col>
<col style="background:#90ff90; color:black;" class="table-yes">
Yes</col>
</row>
<row>
<col>
 <message wordnetid="106598915" confidence="0.8">
<protocol wordnetid="106665108" confidence="0.8">
<artifact wordnetid="100021939" confidence="0.8">
<instrumentality wordnetid="103575240" confidence="0.8">
<direction wordnetid="106786629" confidence="0.8">
<rule wordnetid="106652242" confidence="0.8">
<electrical_device wordnetid="103269401" confidence="0.8">
<device wordnetid="103183080" confidence="0.8">
<circuit wordnetid="103033362" confidence="0.8">
<link xlink:type="simple" xlink:href="../851/41851.xml">
Virtual circuit</link></circuit>
</device>
</electrical_device>
</rule>
</direction>
</instrumentality>
</artifact>
</protocol>
</message>
s: Sequence numbering and reordering</col>
<col style="background:#ff9090; color:black;" class="table-no">
No</col>
<col style="background:#90ff90; color:black;" class="table-yes">
Yes</col>
<col style="background:#90ff90; color:black;" class="table-yes">
Yes</col>
<col style="background: #ddffdd">
Optional</col>
</row>
<row>
<col>
 <message wordnetid="106598915" confidence="0.8">
<protocol wordnetid="106665108" confidence="0.8">
<direction wordnetid="106786629" confidence="0.8">
<rule wordnetid="106652242" confidence="0.8">
<link xlink:type="simple" xlink:href="../428/1619428.xml">
Flow control</link></rule>
</direction>
</protocol>
</message>
</col>
<col style="background:#ff9090; color:black;" class="table-no">
No</col>
<col style="background:#90ff90; color:black;" class="table-yes">
Yes</col>
<col style="background:#90ff90; color:black;" class="table-yes">
Yes</col>
<col style="background:#90ff90; color:black;" class="table-yes">
Yes</col>
</row>
<row>
<col>
 <link xlink:type="simple" xlink:href="../023/235023.xml">
Congestion avoidance</link>: Variable congestion window, slow start, time outs</col>
<col style="background:#ff9090; color:black;" class="table-no">
No</col>
<col style="background:#90ff90; color:black;" class="table-yes">
Yes</col>
<col style="background:#90ff90; color:black;" class="table-yes">
Yes</col>
<col style="background:#90ff90; color:black;" class="table-yes">
Yes</col>
</row>
<row>
<col>
Multiple streams</col>
<col style="background:#ff9090; color:black;" class="table-no">
No</col>
<col style="background:#ff9090; color:black;" class="table-no">
No</col>
<col style="background:#ff9090; color:black;" class="table-no">
No</col>
<col style="background:#90ff90; color:black;" class="table-yes">
Yes</col>
</row>
<row>
<col>
 <message wordnetid="106598915" confidence="0.8">
<protocol wordnetid="106665108" confidence="0.8">
<direction wordnetid="106786629" confidence="0.8">
<rule wordnetid="106652242" confidence="0.8">
<link xlink:type="simple" xlink:href="../470/309470.xml">
ECN</link></rule>
</direction>
</protocol>
</message>
support</col>
<col style="background:#ff9090; color:black;" class="table-no">
No</col>
<col style="background:#90ff90; color:black;" class="table-yes">
Yes</col>
<col style="background:#90ff90; color:black;" class="table-yes">
Yes</col>
<col style="background:#90ff90; color:black;" class="table-yes">
Yes</col>
</row>
</table>
</p>

</sec>
<sec>
<st>
Examples</st>

<p>

<table class="metadata plainlinks ambox ">
<row>
<col>

ambox-content" style=""</col>
</row>
<row>
<col class="mbox-image"><p>

<image width="40x40px" src="Ambox_content.png">
</image>
</p>
</col>
<col style="" class="mbox-text">
 <b>This article or section is in need of attention from an expert on the subject.</b>
Please help recruit one or <weblink xlink:type="simple" xlink:href="http://localhost:18088/wiki/index.php?title=Transport_Layer&amp;action=edit">
improve this article</weblink> yourself. See the  for details.Please consider using  to associate this request with a </col>
</row>
</table>

</p>
<p>

<list>
<entry level="1" type="bullet">

AEP, <message wordnetid="106598915" confidence="0.8">
<protocol wordnetid="106665108" confidence="0.8">
<direction wordnetid="106786629" confidence="0.8">
<rule wordnetid="106652242" confidence="0.8">
<link xlink:type="simple" xlink:href="../234/2220234.xml">
AppleTalk Echo Protocol</link></rule>
</direction>
</protocol>
</message>
</entry>
<entry level="1" type="bullet">

ATP, <message wordnetid="106598915" confidence="0.8">
<protocol wordnetid="106665108" confidence="0.8">
<direction wordnetid="106786629" confidence="0.8">
<rule wordnetid="106652242" confidence="0.8">
<link xlink:type="simple" xlink:href="../ury/22nd_century.xml">
AppleTalk Transaction Protocol</link></rule>
</direction>
</protocol>
</message>
</entry>
<entry level="1" type="bullet">

CUDP, <link xlink:type="simple" xlink:href="../234/2162234.xml">
Cyclic UDP</link></entry>
<entry level="1" type="bullet">

DCCP, <message wordnetid="106598915" confidence="0.8">
<protocol wordnetid="106665108" confidence="0.8">
<direction wordnetid="106786629" confidence="0.8">
<rule wordnetid="106652242" confidence="0.8">
<link xlink:type="simple" xlink:href="../423/1017423.xml">
Datagram Congestion Control Protocol</link></rule>
</direction>
</protocol>
</message>
</entry>
<entry level="1" type="bullet">

FCIP, <link xlink:type="simple" xlink:href="../920/1091920.xml">
Fiber Channel over TCP/IP</link></entry>
<entry level="1" type="bullet">

FCP, <link xlink:type="simple" xlink:href="../327/143327.xml">
Fiber Channel Protocol</link></entry>
<entry level="1" type="bullet">

IL, <link xlink:type="simple" xlink:href="../581/1864581.xml">
IL Protocol</link></entry>
<entry level="1" type="bullet">

iSCSI, <message wordnetid="106598915" confidence="0.8">
<protocol wordnetid="106665108" confidence="0.8">
<direction wordnetid="106786629" confidence="0.8">
<rule wordnetid="106652242" confidence="0.8">
<link xlink:type="simple" xlink:href="../409/87409.xml">
Internet Small Computer System Interface</link></rule>
</direction>
</protocol>
</message>
</entry>
<entry level="1" type="bullet">

LCP (in PPP), <message wordnetid="106598915" confidence="0.8">
<protocol wordnetid="106665108" confidence="0.8">
<standard wordnetid="107260623" confidence="0.8">
<direction wordnetid="106786629" confidence="0.8">
<rule wordnetid="106652242" confidence="0.8">
<system_of_measurement wordnetid="113577171" confidence="0.8">
<link xlink:type="simple" xlink:href="../191/2181191.xml">
Link Control Protocol</link></system_of_measurement>
</rule>
</direction>
</standard>
</protocol>
</message>
</entry>
<entry level="1" type="bullet">

NBF, <message wordnetid="106598915" confidence="0.8">
<protocol wordnetid="106665108" confidence="0.8">
<direction wordnetid="106786629" confidence="0.8">
<rule wordnetid="106652242" confidence="0.8">
<link xlink:type="simple" xlink:href="../313/263313.xml">
NetBIOS Frames protocol</link></rule>
</direction>
</protocol>
</message>
</entry>
<entry level="1" type="bullet">

NBP, <link>
Name Binding Protocol</link></entry>
<entry level="1" type="bullet">

RTMP, <message wordnetid="106598915" confidence="0.8">
<protocol wordnetid="106665108" confidence="0.8">
<direction wordnetid="106786629" confidence="0.8">
<rule wordnetid="106652242" confidence="0.8">
<link xlink:type="simple" xlink:href="../865/1585865.xml">
Routing Table Maintenance Protocol</link></rule>
</direction>
</protocol>
</message>
</entry>
<entry level="1" type="bullet">

SCSI, <link xlink:type="simple" xlink:href="../313/28313.xml">
Small Computer System Interface</link></entry>
<entry level="1" type="bullet">

SCTP, <message wordnetid="106598915" confidence="0.8">
<protocol wordnetid="106665108" confidence="0.8">
<standard wordnetid="107260623" confidence="0.8">
<direction wordnetid="106786629" confidence="0.8">
<rule wordnetid="106652242" confidence="0.8">
<system_of_measurement wordnetid="113577171" confidence="0.8">
<link xlink:type="simple" xlink:href="../896/404896.xml">
Stream Control Transmission Protocol</link></system_of_measurement>
</rule>
</direction>
</standard>
</protocol>
</message>
</entry>
<entry level="1" type="bullet">

SPX, <link xlink:type="simple" xlink:href="../044/421044.xml">
Sequenced Packet Exchange</link></entry>
<entry level="1" type="bullet">

SST, <message wordnetid="106598915" confidence="0.8">
<protocol wordnetid="106665108" confidence="0.8">
<direction wordnetid="106786629" confidence="0.8">
<rule wordnetid="106652242" confidence="0.8">
<link xlink:type="simple" xlink:href="../136/17543136.xml">
Structured Stream Transport</link></rule>
</direction>
</protocol>
</message>
</entry>
<entry level="1" type="bullet">

TCP, <link xlink:type="simple" xlink:href="../538/30538.xml">
Transmission Control Protocol</link></entry>
<entry level="1" type="bullet">

UDP, <message wordnetid="106598915" confidence="0.8">
<protocol wordnetid="106665108" confidence="0.8">
<standard wordnetid="107260623" confidence="0.8">
<direction wordnetid="106786629" confidence="0.8">
<rule wordnetid="106652242" confidence="0.8">
<system_of_measurement wordnetid="113577171" confidence="0.8">
<link xlink:type="simple" xlink:href="../929/31929.xml">
User Datagram Protocol</link></system_of_measurement>
</rule>
</direction>
</standard>
</protocol>
</message>
</entry>
<entry level="1" type="bullet">

<message wordnetid="106598915" confidence="0.8">
<protocol wordnetid="106665108" confidence="0.8">
<direction wordnetid="106786629" confidence="0.8">
<rule wordnetid="106652242" confidence="0.8">
<link xlink:type="simple" xlink:href="../183/8475183.xml">
UDP Lite</link></rule>
</direction>
</protocol>
</message>
</entry>
</list>
</p>


</sec>
<sec>
<st>
 References </st>
<p>

<reflist>
<entry id="1">
RFC 1122, Requirements for Internet Hosts -- Communication Layers, IETF, R. Braden (Editor), October <link xlink:type="simple" xlink:href="../847/34847.xml">
1989</link></entry>
</reflist>
</p>



</sec>
</bdy>
</protocol>
</article>
