<?xml version="1.0" encoding="UTF-8"?>
<!-- generated by CLiX/Wiki2XML [MPI-Inf, MMCI@UdS] $LastChangedRevision: 92 $ on 16.04.2009 16:17:55[mciao0828] -->
<!DOCTYPE article SYSTEM "../article.dtd">
<article xmlns:xlink="http://www.w3.org/1999/xlink">
<organization  confidence="0.9511911446218017" wordnetid="108008335">
<happening  confidence="0.8" wordnetid="107283608">
<event  confidence="0.8" wordnetid="100029378">
<anarchist  confidence="0.9511911446218017" wordnetid="109791816">
<psychological_feature  confidence="0.8" wordnetid="100023100">
<incident  confidence="0.8" wordnetid="107307477">
<header>
<title>Squamish Five</title>
<id>147035</id>
<revision>
<id>238926594</id>
<timestamp>2008-09-17T01:06:32Z</timestamp>
<contributor>
<username>Sardanaphalus</username>
<id>427947</id>
</contributor>
</revision>
<categories>
<category>Vancouver stubs</category>
<category>Terrorism in Canada</category>
<category>Terrorist incidents in 1983</category>
<category>Terrorist incidents in 1982</category>
<category>1983 in Canada</category>
<category>Organizations based in Vancouver</category>
<category>Anarchist organizations</category>
<category>1982 in Canada</category>
<category>Guerrilla organizations</category>
<category>Canadian anarchists</category>
</categories>
</header>
<bdy>

<table style=" margin:0 0 1.0em 1.0em; text-align:center; line-height:1.4em; font-size:88%; width:18.0em; " cellpadding="0" class="infobox  " cellspacing="0">
<row>
<col style="padding-top:0.2em; padding-bottom:0; font-size:85%; line-height:1.2em; ">
Part of 
Philosophy|the
Philosophy serieson</col>
</row>
<row>
<col style="padding:0.1em 0.4em 0.2em; line-height:1.1em; font-size:145%; font-weight:bold; border-bottom:1px solid #aaa; font-size:220%;  border:none;" class="">
<link xlink:type="simple" xlink:href="../012/12.xml">
Anarchism</link></col>
</row>
<row>
<col style="padding-top:0.4em; padding-right:0.4em; padding-left:0.4em; padding-bottom:0.4em; border-bottom:1px solid #aaa; padding-bottom:0.8em;" class="">
<image width="110px" src="Anarchy-symbol.svg">
<caption>

Circle-A anarchy symbol
</caption>
</image>
</col>
</row>
<row>
<col style=" padding-right:0.4em; padding-bottom:0.4em; padding-left:0.4em; padding-bottom:0.4em; border-bottom:solid 1px #aaa; padding-top:0.4em; "><p>

<event wordnetid="100029378" confidence="0.8">
<change wordnetid="100191142" confidence="0.8">
<issue wordnetid="105814650" confidence="0.8">
<action wordnetid="100037396" confidence="0.8">
<motion wordnetid="100331950" confidence="0.8">
<act wordnetid="100030358" confidence="0.8">
<psychological_feature wordnetid="100023100" confidence="0.8">
<link xlink:type="simple" xlink:href="../456/13550456.xml">
Schools</link></psychological_feature>
</act>
</motion>
</action>
</issue>
</change>
</event>

<school wordnetid="108276720" confidence="0.8">
<educational_institution wordnetid="108276342" confidence="0.8">
<institution wordnetid="108053576" confidence="0.8">
<link xlink:type="simple" xlink:href="../975/770975.xml">
Agorism</link></institution>
</educational_institution>
</school>
&nbsp;·  <position wordnetid="106208751" confidence="0.8">
<link xlink:type="simple" xlink:href="../171/4563171.xml">
Buddhist</link></position>
&nbsp;·  <school wordnetid="108276720" confidence="0.8">
<political_orientation wordnetid="106212839" confidence="0.8">
<educational_institution wordnetid="108276342" confidence="0.8">
<institution wordnetid="108053576" confidence="0.8">
<link xlink:type="simple" xlink:href="../023/1023.xml">
Capitalist</link></institution>
</educational_institution>
</political_orientation>
</school>
 <controversy wordnetid="107183151" confidence="0.8">
<event wordnetid="100029378" confidence="0.8">
<dispute wordnetid="107181935" confidence="0.8">
<change wordnetid="100191142" confidence="0.8">
<action wordnetid="100037396" confidence="0.8">
<disagreement wordnetid="107180787" confidence="0.8">
<motion wordnetid="100331950" confidence="0.8">
<act wordnetid="100030358" confidence="0.8">
<psychological_feature wordnetid="100023100" confidence="0.8">
<speech_act wordnetid="107160883" confidence="0.8">
<link xlink:type="simple" xlink:href="../351/371351.xml">
Christian</link></speech_act>
</psychological_feature>
</act>
</motion>
</disagreement>
</action>
</change>
</dispute>
</event>
</controversy>
&nbsp;·  <school wordnetid="108276720" confidence="0.8">
<educational_institution wordnetid="108276342" confidence="0.8">
<institution wordnetid="108053576" confidence="0.8">
<link xlink:type="simple" xlink:href="../326/4450326.xml">
Collectivist</link></institution>
</educational_institution>
</school>
&nbsp;·  <school wordnetid="108276720" confidence="0.8">
<political_orientation wordnetid="106212839" confidence="0.8">
<educational_institution wordnetid="108276342" confidence="0.8">
<institution wordnetid="108053576" confidence="0.8">
<link xlink:type="simple" xlink:href="../865/17865.xml">
Communist</link></institution>
</educational_institution>
</political_orientation>
</school>
 <software wordnetid="106566077" confidence="0.8">
<application wordnetid="106570110" confidence="0.8">
<program wordnetid="106568978" confidence="0.8">
<written_communication wordnetid="106349220" confidence="0.8">
<writing wordnetid="106359877" confidence="0.8">
<code wordnetid="106355894" confidence="0.8">
<coding_system wordnetid="106353757" confidence="0.8">
<link xlink:type="simple" xlink:href="../427/222427.xml">
Crypto-anarchism</link></coding_system>
</code>
</writing>
</written_communication>
</program>
</application>
</software>
&nbsp;·  <link xlink:type="simple" xlink:href="../074/222074.xml">
Feminist</link> <link xlink:type="simple" xlink:href="../052/470052.xml">
Free market</link>&nbsp;·  <right wordnetid="105174653" confidence="0.8">
<link xlink:type="simple" xlink:href="../514/98514.xml">
Green</link></right>
&nbsp;·  <link xlink:type="simple" xlink:href="../936/14936.xml">
Individualist</link> <event wordnetid="100029378" confidence="0.8">
<change wordnetid="100191142" confidence="0.8">
<action wordnetid="100037396" confidence="0.8">
<motion wordnetid="100331950" confidence="0.8">
<act wordnetid="100030358" confidence="0.8">
<psychological_feature wordnetid="100023100" confidence="0.8">
<link xlink:type="simple" xlink:href="../486/1113486.xml">
Infoanarchism</link></psychological_feature>
</act>
</motion>
</action>
</change>
</event>
&nbsp;·  <link xlink:type="simple" xlink:href="../779/2836779.xml">
Insurrectionary</link> <link xlink:type="simple" xlink:href="../661/1710661.xml">
Leftist</link>&nbsp;·  <school wordnetid="108276720" confidence="0.8">
<political_orientation wordnetid="106212839" confidence="0.8">
<educational_institution wordnetid="108276342" confidence="0.8">
<institution wordnetid="108053576" confidence="0.8">
<link xlink:type="simple" xlink:href="../997/1799997.xml">
Mutualist</link></institution>
</educational_institution>
</political_orientation>
</school>
&nbsp;·  <link xlink:type="simple" xlink:href="../735/179735.xml">
Pacifist</link> <link xlink:type="simple" xlink:href="../796/23796.xml">
Pananarchist</link>&nbsp;·  <political_orientation wordnetid="106212839" confidence="0.8">
<link xlink:type="simple" xlink:href="../545/8817545.xml">
Philosophical</link></political_orientation>
 <link xlink:type="simple" xlink:href="../888/2419888.xml">
Platformist</link>&nbsp;·  <link xlink:type="simple" xlink:href="../010/2557010.xml">
Post-anarchist</link> <link xlink:type="simple" xlink:href="../863/11630863.xml">
Post-colonial</link> <link xlink:type="simple" xlink:href="../266/1547266.xml">
Post-leftist</link>&nbsp;·  <political_orientation wordnetid="106212839" confidence="0.8">
<link xlink:type="simple" xlink:href="../405/98405.xml">
Primitivist</link></political_orientation>
 <link xlink:type="simple" xlink:href="../465/3535465.xml">
Social anarchism</link>&nbsp;·  <school wordnetid="108276720" confidence="0.8">
<political_orientation wordnetid="106212839" confidence="0.8">
<educational_institution wordnetid="108276342" confidence="0.8">
<institution wordnetid="108053576" confidence="0.8">
<link xlink:type="simple" xlink:href="../938/49938.xml">
Syndicalist</link></institution>
</educational_institution>
</political_orientation>
</school>
 <link xlink:type="simple" xlink:href="../697/2052697.xml">
Anarchism without adjectives</link><political_orientation wordnetid="106212839" confidence="0.8">
<link xlink:type="simple" xlink:href="../445/4716445.xml">
Zen</link></political_orientation>
</p>
</col>
</row>
<row>
<col style=" padding-right:0.4em; padding-bottom:0.4em; padding-left:0.4em; border-bottom:solid 1px #aaa; padding-top:0.4em; "><p>

Theory&nbsp;· Practice
<link xlink:type="simple" xlink:href="../784/3857784.xml">
Anarch</link>&nbsp;·   <link xlink:type="simple" xlink:href="../466/2594466.xml">
Anarchy</link> <link xlink:type="simple" xlink:href="../543/172543.xml">
Black bloc</link>&nbsp;·  <link xlink:type="simple" xlink:href="../298/13887298.xml">
Communes</link> <link xlink:type="simple" xlink:href="../903/165903.xml">
Consensus democracy</link> <link xlink:type="simple" xlink:href="../139/49139.xml">
Decentralization</link>&nbsp;·  <link xlink:type="simple" xlink:href="../109/172109.xml">
Deep ecology</link> <link xlink:type="simple" xlink:href="../976/105976.xml">
Direct action</link>&nbsp;·  <politics wordnetid="113840719" confidence="0.8">
<social_relation wordnetid="100032823" confidence="0.8">
<link xlink:type="simple" xlink:href="../816/95816.xml">
Direct democracy</link></social_relation>
</politics>
 <link xlink:type="simple" xlink:href="../163/745163.xml">
Dual power</link>&nbsp;·  <link xlink:type="simple" xlink:href="../558/6205558.xml">
Especifismo</link> <politics wordnetid="113840719" confidence="0.8">
<social_relation wordnetid="100032823" confidence="0.8">
<link xlink:type="simple" xlink:href="../097/9698097.xml">
Horizontalidad</link></social_relation>
</politics>
&nbsp;·  <event wordnetid="100029378" confidence="0.8">
<change wordnetid="100191142" confidence="0.8">
<action wordnetid="100037396" confidence="0.8">
<motion wordnetid="100331950" confidence="0.8">
<act wordnetid="100030358" confidence="0.8">
<psychological_feature wordnetid="100023100" confidence="0.8">
<link xlink:type="simple" xlink:href="../799/2616799.xml">
Illegalism</link></psychological_feature>
</act>
</motion>
</action>
</change>
</event>
 <link xlink:type="simple" xlink:href="../455/16064455.xml">
Individual reclamation</link>&nbsp;·  <issue wordnetid="105814650" confidence="0.8">
<link xlink:type="simple" xlink:href="../237/5483237.xml">
Law</link></issue>
 <link xlink:type="simple" xlink:href="../499/2450499.xml">
Participatory politics</link> <social_group wordnetid="107950920" confidence="0.8">
<gathering wordnetid="107975026" confidence="0.8">
<community wordnetid="108223802" confidence="0.8">
<group wordnetid="100031264" confidence="0.8">
<link xlink:type="simple" xlink:href="../174/1128174.xml">
Permanent Autonomous Zone</link></group>
</community>
</gathering>
</social_group>
 <link xlink:type="simple" xlink:href="../453/10796453.xml">
Prefigurative politics</link> <idea wordnetid="105833840" confidence="0.8">
<concept wordnetid="105835747" confidence="0.8">
<category wordnetid="105838765" confidence="0.8">
<type wordnetid="105840188" confidence="0.8">
<kind wordnetid="105839024" confidence="0.8">
<link xlink:type="simple" xlink:href="../130/8233130.xml">
Private defense agency</link></kind>
</type>
</category>
</concept>
</idea>
 <technique wordnetid="105665146" confidence="0.8">
<know-how wordnetid="105616786" confidence="0.8">
<method wordnetid="105660268" confidence="0.8">
<link xlink:type="simple" xlink:href="../776/400776.xml">
Propaganda of the deed</link></method>
</know-how>
</technique>
 <link xlink:type="simple" xlink:href="../646/760646.xml">
Refusal of work</link>&nbsp;·  <link xlink:type="simple" xlink:href="../858/2159858.xml">
Rewilding</link> <link xlink:type="simple" xlink:href="../286/156286.xml">
Social ecology</link>&nbsp;·  <link xlink:type="simple" xlink:href="../764/866764.xml">
Spontaneous order</link></p>
</col>
</row>
<row>
<col style=" padding-right:0.4em; padding-bottom:0.4em; padding-left:0.4em; border-bottom:solid 1px #aaa; padding-top:0.4em; "><p>

<link xlink:type="simple" xlink:href="../736/5773736.xml">
Issues</link>
<link xlink:type="simple" xlink:href="../125/1905125.xml">
Anarcho-capitalism</link>&nbsp;·  <link xlink:type="simple" xlink:href="../733/4398733.xml">
Animal rights</link> <link xlink:type="simple" xlink:href="../918/1249918.xml">
Capitalism</link>&nbsp;·  <issue wordnetid="105814650" confidence="0.8">
<link xlink:type="simple" xlink:href="../432/5349432.xml">
Criticisms</link></issue>
&nbsp;·  <link xlink:type="simple" xlink:href="../710/2112710.xml">
Islam</link> <link xlink:type="simple" xlink:href="../469/1211469.xml">
Lifestylism</link>&nbsp;·  <link xlink:type="simple" xlink:href="../804/381804.xml">
Marxism</link>&nbsp;·  <link xlink:type="simple" xlink:href="../358/2382358.xml">
Nationalism</link> <link xlink:type="simple" xlink:href="../409/8364409.xml">
Orthodox Judaism</link>&nbsp;·  <link xlink:type="simple" xlink:href="../770/1332770.xml">
Religion</link> <link xlink:type="simple" xlink:href="../859/105859.xml">
Violence</link></p>
</col>
</row>
<row>
<col style="  padding-right:0.4em; padding-bottom:0.4em; padding-left:0.4em; border-bottom:solid 1px #aaa; padding-top:0.4em; "><p>

<link xlink:type="simple" xlink:href="../286/1063286.xml">
History</link>
<link xlink:type="simple" xlink:href="../524/2590524.xml">
Amakasu Incident</link> <social_group wordnetid="107950920" confidence="0.8">
<gathering wordnetid="107975026" confidence="0.8">
<community wordnetid="108223802" confidence="0.8">
<group wordnetid="100031264" confidence="0.8">
<link xlink:type="simple" xlink:href="../391/6552391.xml">
Anarchist Catalonia</link></group>
</community>
</gathering>
</social_group>
 <link xlink:type="simple" xlink:href="../166/14602166.xml">
Anarchist Exclusion Act</link> 
<politics wordnetid="113840719" confidence="0.8">
<social_relation wordnetid="100032823" confidence="0.8">
<link xlink:type="simple" xlink:href="../209/5675209.xml">
Anarchy in Somalia</link></social_relation>
</politics>
 <link xlink:type="simple" xlink:href="../791/10995791.xml">
Australian Anarchist Centenary</link> <link xlink:type="simple" xlink:href="../834/817834.xml">
Barcelona May Days</link> <objection wordnetid="107208338" confidence="0.8">
<event wordnetid="100029378" confidence="0.8">
<protest wordnetid="107210225" confidence="0.8">
<act wordnetid="100030358" confidence="0.8">
<psychological_feature wordnetid="100023100" confidence="0.8">
<speech_act wordnetid="107160883" confidence="0.8">
<link xlink:type="simple" xlink:href="../069/5523069.xml">
Carnival Against Capitalism</link></speech_act>
</psychological_feature>
</act>
</protest>
</event>
</objection>
 <educational_institution wordnetid="108276342" confidence="0.8">
<institution wordnetid="108053576" confidence="0.8">
<link xlink:type="simple" xlink:href="../282/190282.xml">
Escuela Moderna</link></institution>
</educational_institution>
&nbsp;·  <social_group wordnetid="107950920" confidence="0.8">
<congress wordnetid="108308800" confidence="0.8">
<meeting wordnetid="108307589" confidence="0.8">
<gathering wordnetid="107975026" confidence="0.8">
<group wordnetid="100031264" confidence="0.8">
<link xlink:type="simple" xlink:href="../832/1915832.xml">
Hague Congress</link></group>
</gathering>
</meeting>
</congress>
</social_group>
 <aggression wordnetid="100964569" confidence="0.8">
<violence wordnetid="100965404" confidence="0.8">
<event wordnetid="100029378" confidence="0.8">
<action wordnetid="100037396" confidence="0.8">
<riot wordnetid="101170502" confidence="0.8">
<act wordnetid="100030358" confidence="0.8">
<psychological_feature wordnetid="100023100" confidence="0.8">
<link xlink:type="simple" xlink:href="../497/2012497.xml">
Haymarket affair</link></psychological_feature>
</act>
</riot>
</action>
</event>
</violence>
</aggression>
 <link xlink:type="simple" xlink:href="../676/3716676.xml">
High Treason Incident</link> <social_group wordnetid="107950920" confidence="0.8">
<congress wordnetid="108308800" confidence="0.8">
<meeting wordnetid="108307589" confidence="0.8">
<gathering wordnetid="107975026" confidence="0.8">
<group wordnetid="100031264" confidence="0.8">
<link xlink:type="simple" xlink:href="../117/13222117.xml">
Congress of Amsterdam</link></group>
</gathering>
</meeting>
</congress>
</social_group>
 <link xlink:type="simple" xlink:href="../916/3273916.xml">
Kate Sharpley Library</link> <conflict wordnetid="100958896" confidence="0.9508927676800064">
<link xlink:type="simple" xlink:href="../899/287899.xml">
Kronstadt rebellion</link></conflict>
 <structure wordnetid="104341686" confidence="0.8">
<artifact wordnetid="100021939" confidence="0.8">
<area wordnetid="102735688" confidence="0.8">
<facility wordnetid="103315023" confidence="0.8">
<library wordnetid="103660909" confidence="0.8">
<depository wordnetid="103177349" confidence="0.8">
<archive wordnetid="102735086" confidence="0.8">
<room wordnetid="104105893" confidence="0.8">
<link xlink:type="simple" xlink:href="../773/3832773.xml">
Labadie Collection</link></room>
</archive>
</depository>
</library>
</facility>
</area>
</artifact>
</structure>
&nbsp;·  <plant wordnetid="103956922" confidence="0.8">
<structure wordnetid="104341686" confidence="0.8">
<artifact wordnetid="100021939" confidence="0.8">
<factory wordnetid="103316406" confidence="0.8">
<building_complex wordnetid="102914991" confidence="0.8">
<link xlink:type="simple" xlink:href="../837/10793837.xml">
LIP</link></building_complex>
</factory>
</artifact>
</structure>
</plant>
&nbsp;·  <link xlink:type="simple" xlink:href="../205/311205.xml">
May 1968</link> <look wordnetid="100877127" confidence="0.8">
<time_off wordnetid="115118453" confidence="0.8">
<observation wordnetid="100879759" confidence="0.8">
<leisure wordnetid="115137676" confidence="0.8">
<sensory_activity wordnetid="100876737" confidence="0.8">
<sensing wordnetid="100876874" confidence="0.8">
<fundamental_quantity wordnetid="113575869" confidence="0.8">
<time_period wordnetid="115113229" confidence="0.8">
<vacation wordnetid="115137890" confidence="0.8">
<event wordnetid="100029378" confidence="0.8">
<act wordnetid="100030358" confidence="0.8">
<psychological_feature wordnetid="100023100" confidence="0.8">
<activity wordnetid="100407535" confidence="0.8">
<link xlink:type="simple" xlink:href="../829/19829.xml">
May Day</link></activity>
</psychological_feature>
</act>
</event>
</vacation>
</time_period>
</fundamental_quantity>
</sensing>
</sensory_activity>
</leisure>
</observation>
</time_off>
</look>
&nbsp;·  <aggression wordnetid="100964569" confidence="0.8">
<violence wordnetid="100965404" confidence="0.8">
<happening wordnetid="107283608" confidence="0.8">
<event wordnetid="100029378" confidence="0.8">
<change wordnetid="107296428" confidence="0.8">
<revolution wordnetid="107424109" confidence="0.8">
<action wordnetid="100037396" confidence="0.8">
<riot wordnetid="101170502" confidence="0.8">
<act wordnetid="100030358" confidence="0.8">
<psychological_feature wordnetid="100023100" confidence="0.8">
<link xlink:type="simple" xlink:href="../134/59134.xml">
Paris Commune</link></psychological_feature>
</act>
</riot>
</action>
</revolution>
</change>
</event>
</happening>
</violence>
</aggression>
 <politics wordnetid="113840719" confidence="0.8">
<event wordnetid="100029378" confidence="0.8">
<change wordnetid="100191142" confidence="0.8">
<social_relation wordnetid="100032823" confidence="0.8">
<action wordnetid="100037396" confidence="0.8">
<motion wordnetid="100331950" confidence="0.8">
<act wordnetid="100030358" confidence="0.8">
<psychological_feature wordnetid="100023100" confidence="0.8">
<link xlink:type="simple" xlink:href="../264/632264.xml">
Provo</link></psychological_feature>
</act>
</motion>
</action>
</social_relation>
</change>
</event>
</politics>
&nbsp;·  <link xlink:type="simple" xlink:href="../163/2747163.xml">
Red inverted triangle</link> <military_unit wordnetid="108198398" confidence="0.8">
<group_action wordnetid="101080366" confidence="0.8">
<event wordnetid="100029378" confidence="0.8">
<change wordnetid="100191142" confidence="0.8">
<action wordnetid="100037396" confidence="0.8">
<conflict wordnetid="100958896" confidence="0.8">
<rebellion wordnetid="100962129" confidence="0.8">
<motion wordnetid="100331950" confidence="0.8">
<act wordnetid="100030358" confidence="0.8">
<psychological_feature wordnetid="100023100" confidence="0.8">
<link xlink:type="simple" xlink:href="../725/4139725.xml">
Revolutionary Insurrectionary Army of Ukraine</link></psychological_feature>
</act>
</motion>
</rebellion>
</conflict>
</action>
</change>
</event>
</group_action>
</military_unit>
 <happening wordnetid="107283608" confidence="0.8">
<event wordnetid="100029378" confidence="0.8">
<change wordnetid="107296428" confidence="0.8">
<revolution wordnetid="107424109" confidence="0.8">
<psychological_feature wordnetid="100023100" confidence="0.8">
<link xlink:type="simple" xlink:href="../459/88459.xml">
Spanish Revolution</link></psychological_feature>
</revolution>
</change>
</event>
</happening>
 <group_action wordnetid="101080366" confidence="0.8">
<event wordnetid="100029378" confidence="0.8">
<conflict wordnetid="100958896" confidence="0.8">
<act wordnetid="100030358" confidence="0.8">
<psychological_feature wordnetid="100023100" confidence="0.8">
<link xlink:type="simple" xlink:href="../807/16980807.xml">
Third Russian Revolution</link></psychological_feature>
</act>
</conflict>
</event>
</group_action>
 <aggression wordnetid="100964569" confidence="0.8">
<violence wordnetid="100965404" confidence="0.8">
<event wordnetid="100029378" confidence="0.8">
<action wordnetid="100037396" confidence="0.8">
<riot wordnetid="101170502" confidence="0.8">
<act wordnetid="100030358" confidence="0.8">
<psychological_feature wordnetid="100023100" confidence="0.8">
<link xlink:type="simple" xlink:href="../521/3015521.xml">
Tragic Week</link></psychological_feature>
</act>
</riot>
</action>
</event>
</violence>
</aggression>
 <aggression wordnetid="100964569" confidence="0.8">
<violence wordnetid="100965404" confidence="0.8">
<objection wordnetid="107208338" confidence="0.8">
<event wordnetid="100029378" confidence="0.8">
<protest wordnetid="107210225" confidence="0.8">
<action wordnetid="100037396" confidence="0.8">
<riot wordnetid="101170502" confidence="0.8">
<act wordnetid="100030358" confidence="0.8">
<psychological_feature wordnetid="100023100" confidence="0.8">
<speech_act wordnetid="107160883" confidence="0.8">
<link xlink:type="simple" xlink:href="../622/312622.xml">
1999 WTO Conference protest</link></speech_act>
</psychological_feature>
</act>
</riot>
</action>
</protest>
</event>
</objection>
</violence>
</aggression>
</p>
</col>
</row>
<row>
<col style=" padding-right:0.4em; padding-bottom:0.4em; padding-left:0.4em; border-bottom:solid 1px #aaa; padding-top:0.4em; "><p>

Culture
<music_genre wordnetid="107071942" confidence="0.9508927676800064">
<link xlink:type="simple" xlink:href="../676/80676.xml">
Anarcho-punk</link></music_genre>
&nbsp;·  <link xlink:type="simple" xlink:href="../940/1325940.xml">
Arts</link> <politics wordnetid="113840719" confidence="0.8">
<event wordnetid="100029378" confidence="0.8">
<change wordnetid="100191142" confidence="0.8">
<social_relation wordnetid="100032823" confidence="0.8">
<action wordnetid="100037396" confidence="0.8">
<motion wordnetid="100331950" confidence="0.8">
<act wordnetid="100030358" confidence="0.8">
<psychological_feature wordnetid="100023100" confidence="0.8">
<link xlink:type="simple" xlink:href="../742/2287742.xml">
Black anarchism</link></psychological_feature>
</act>
</motion>
</action>
</social_relation>
</change>
</event>
</politics>
 <work wordnetid="100575741" confidence="0.8">
<examination wordnetid="100635850" confidence="0.8">
<event wordnetid="100029378" confidence="0.8">
<survey wordnetid="100644503" confidence="0.8">
<investigation wordnetid="100633864" confidence="0.8">
<act wordnetid="100030358" confidence="0.8">
<psychological_feature wordnetid="100023100" confidence="0.8">
<activity wordnetid="100407535" confidence="0.8">
<link xlink:type="simple" xlink:href="../889/15197889.xml">
Celtic anarchism</link></activity>
</psychological_feature>
</act>
</investigation>
</survey>
</event>
</examination>
</work>
&nbsp;·  <link xlink:type="simple" xlink:href="../565/162565.xml">
Culture jamming</link> <link xlink:type="simple" xlink:href="../399/2377399.xml">
DIY culture</link>&nbsp;·  <link xlink:type="simple" xlink:href="../313/185313.xml">
Freeganism</link> <link xlink:type="simple" xlink:href="../488/44488.xml">
Independent Media Center</link> <event wordnetid="100029378" confidence="0.8">
<change wordnetid="100191142" confidence="0.8">
<action wordnetid="100037396" confidence="0.8">
<motion wordnetid="100331950" confidence="0.8">
<act wordnetid="100030358" confidence="0.8">
<psychological_feature wordnetid="100023100" confidence="0.8">
<link xlink:type="simple" xlink:href="../985/1446985.xml">
Infoshop</link></psychological_feature>
</act>
</motion>
</action>
</change>
</event>
&nbsp;·  <it><anthem wordnetid="107048928" confidence="0.9508927676800064">
<link xlink:type="simple" xlink:href="../637/269637.xml">
The Internationale</link></anthem>
</it> <event wordnetid="100029378" confidence="0.8">
<change wordnetid="100191142" confidence="0.8">
<action wordnetid="100037396" confidence="0.8">
<motion wordnetid="100331950" confidence="0.8">
<act wordnetid="100030358" confidence="0.8">
<psychological_feature wordnetid="100023100" confidence="0.8">
<link xlink:type="simple" xlink:href="../867/4532867.xml">
Jewish anarchism</link></psychological_feature>
</act>
</motion>
</action>
</change>
</event>
&nbsp;·  <link xlink:type="simple" xlink:href="../469/1211469.xml">
Lifestylism</link> <link xlink:type="simple" xlink:href="../066/3859066.xml">
Popular education</link> <link xlink:type="simple" xlink:href="../640/1830640.xml">
Radical cheerleading</link> <link xlink:type="simple" xlink:href="../869/70869.xml">
Radical environmentalism</link> <link xlink:type="simple" xlink:href="../685/28685.xml">
Squatting</link> <issue wordnetid="105814650" confidence="0.8">
<link xlink:type="simple" xlink:href="../360/903360.xml">
Symbolism</link></issue>
&nbsp;·  <music wordnetid="107020895" confidence="0.8">
<song wordnetid="107048000" confidence="0.8">
<auditory_communication wordnetid="107109019" confidence="0.8">
<musical_composition wordnetid="107037465" confidence="0.8">
<link xlink:type="simple" xlink:href="../822/648822.xml">
To The Barricades</link></musical_composition>
</auditory_communication>
</song>
</music>
 <link xlink:type="simple" xlink:href="../282/18017282.xml">
Anarchist terminology</link></p>
</col>
</row>
<row>
<col style=" padding-right:0.4em; padding-bottom:0.4em; padding-left:0.4em; border-bottom:solid 1px #aaa; padding-top:0.4em; "><p>

<issue wordnetid="105814650" confidence="0.8">
<link xlink:type="simple" xlink:href="../884/1228884.xml">
Economics</link></issue>

<school wordnetid="108276720" confidence="0.8">
<educational_institution wordnetid="108276342" confidence="0.8">
<institution wordnetid="108053576" confidence="0.8">
<link xlink:type="simple" xlink:href="../975/770975.xml">
Agorism</link></institution>
</educational_institution>
</school>
&nbsp;·  <school wordnetid="108276720" confidence="0.8">
<political_orientation wordnetid="106212839" confidence="0.8">
<educational_institution wordnetid="108276342" confidence="0.8">
<institution wordnetid="108053576" confidence="0.8">
<link xlink:type="simple" xlink:href="../023/1023.xml">
Capitalism</link></institution>
</educational_institution>
</political_orientation>
</school>
&nbsp;·  <school wordnetid="108276720" confidence="0.8">
<educational_institution wordnetid="108276342" confidence="0.8">
<institution wordnetid="108053576" confidence="0.8">
<link xlink:type="simple" xlink:href="../326/4450326.xml">
Collectivism</link></institution>
</educational_institution>
</school>
 <school wordnetid="108276720" confidence="0.8">
<political_orientation wordnetid="106212839" confidence="0.8">
<educational_institution wordnetid="108276342" confidence="0.8">
<institution wordnetid="108053576" confidence="0.8">
<link xlink:type="simple" xlink:href="../865/17865.xml">
Communism</link></institution>
</educational_institution>
</political_orientation>
</school>
&nbsp;·  <link xlink:type="simple" xlink:href="../313/89313.xml">
Co-operatives</link> <link xlink:type="simple" xlink:href="../491/4821491.xml">
Counter-economics</link>&nbsp;·  <link xlink:type="simple" xlink:href="../052/470052.xml">
Free market</link> <body wordnetid="107965085" confidence="0.8">
<university wordnetid="108286163" confidence="0.8">
<social_group wordnetid="107950920" confidence="0.8">
<event wordnetid="100029378" confidence="0.8">
<change wordnetid="100191142" confidence="0.8">
<action wordnetid="100037396" confidence="0.8">
<motion wordnetid="100331950" confidence="0.8">
<group wordnetid="100031264" confidence="0.8">
<act wordnetid="100030358" confidence="0.8">
<psychological_feature wordnetid="100023100" confidence="0.8">
<link xlink:type="simple" xlink:href="../863/4913863.xml">
Free school</link></psychological_feature>
</act>
</group>
</motion>
</action>
</change>
</event>
</social_group>
</university>
</body>
&nbsp;·  <event wordnetid="100029378" confidence="0.8">
<change wordnetid="100191142" confidence="0.8">
<action wordnetid="100037396" confidence="0.8">
<motion wordnetid="100331950" confidence="0.8">
<act wordnetid="100030358" confidence="0.8">
<psychological_feature wordnetid="100023100" confidence="0.8">
<link xlink:type="simple" xlink:href="../152/1029152.xml">
Free store</link></psychological_feature>
</act>
</motion>
</action>
</change>
</event>
&nbsp;·  <link xlink:type="simple" xlink:href="../329/368329.xml">
Georgism</link> <link xlink:type="simple" xlink:href="../588/126588.xml">
Gift economy</link>&nbsp;·  <political_orientation wordnetid="106212839" confidence="0.8">
<link xlink:type="simple" xlink:href="../225/2451225.xml">
Market abolitionism</link></political_orientation>
 <link xlink:type="simple" xlink:href="../474/11419474.xml">
Mutual aid</link>&nbsp;·  <school wordnetid="108276720" confidence="0.8">
<political_orientation wordnetid="106212839" confidence="0.8">
<educational_institution wordnetid="108276342" confidence="0.8">
<institution wordnetid="108053576" confidence="0.8">
<link xlink:type="simple" xlink:href="../997/1799997.xml">
Mutualism</link></institution>
</educational_institution>
</political_orientation>
</school>
 <idea wordnetid="105833840" confidence="0.8">
<concept wordnetid="105835747" confidence="0.8">
<category wordnetid="105838765" confidence="0.8">
<school wordnetid="108276720" confidence="0.8">
<political_orientation wordnetid="106212839" confidence="0.8">
<educational_institution wordnetid="108276342" confidence="0.8">
<type wordnetid="105840188" confidence="0.8">
<kind wordnetid="105839024" confidence="0.8">
<institution wordnetid="108053576" confidence="0.8">
<link xlink:type="simple" xlink:href="../393/76393.xml">
Participatory economics</link></institution>
</kind>
</type>
</educational_institution>
</political_orientation>
</school>
</category>
</concept>
</idea>
 <school wordnetid="108276720" confidence="0.8">
<event wordnetid="100029378" confidence="0.8">
<change wordnetid="100191142" confidence="0.8">
<action wordnetid="100037396" confidence="0.8">
<educational_institution wordnetid="108276342" confidence="0.8">
<motion wordnetid="100331950" confidence="0.8">
<act wordnetid="100030358" confidence="0.8">
<psychological_feature wordnetid="100023100" confidence="0.8">
<institution wordnetid="108053576" confidence="0.8">
<link xlink:type="simple" xlink:href="../451/2946451.xml">
Really Really Free Market</link></institution>
</psychological_feature>
</act>
</motion>
</educational_institution>
</action>
</change>
</event>
</school>
 <political_orientation wordnetid="106212839" confidence="0.8">
<link xlink:type="simple" xlink:href="../834/766834.xml">
Self-ownership</link></political_orientation>
&nbsp;·  <school wordnetid="108276720" confidence="0.8">
<political_orientation wordnetid="106212839" confidence="0.8">
<educational_institution wordnetid="108276342" confidence="0.8">
<institution wordnetid="108053576" confidence="0.8">
<link xlink:type="simple" xlink:href="../938/49938.xml">
Syndicalism</link></institution>
</educational_institution>
</political_orientation>
</school>
 <practice wordnetid="100410247" confidence="0.8">
<event wordnetid="100029378" confidence="0.8">
<act wordnetid="100030358" confidence="0.8">
<psychological_feature wordnetid="100023100" confidence="0.8">
<activity wordnetid="100407535" confidence="0.8">
<link xlink:type="simple" xlink:href="../706/53706.xml">
Wage slavery</link></activity>
</psychological_feature>
</act>
</event>
</practice>
 <link xlink:type="simple" xlink:href="../690/1864690.xml">
Workers' self-management</link></p>
</col>
</row>
<row>
<col style=" padding-right:0.4em; padding-bottom:0.4em; padding-left:0.4em; border-bottom:solid 1px #aaa; padding-top:0.4em; "><p>

<link xlink:type="simple" xlink:href="../696/6205696.xml">
By region</link>
<link xlink:type="simple" xlink:href="../310/1433310.xml">
Africa</link>&nbsp;·  <politics wordnetid="113840719" confidence="0.8">
<social_relation wordnetid="100032823" confidence="0.8">
<link xlink:type="simple" xlink:href="../653/7195653.xml">
Austria-Hungary</link></social_relation>
</politics>
&nbsp;·  <politics wordnetid="113840719" confidence="0.8">
<social_relation wordnetid="100032823" confidence="0.8">
<link xlink:type="simple" xlink:href="../671/8874671.xml">
Brazil</link></social_relation>
</politics>
 <event wordnetid="100029378" confidence="0.8">
<change wordnetid="100191142" confidence="0.8">
<action wordnetid="100037396" confidence="0.8">
<motion wordnetid="100331950" confidence="0.8">
<act wordnetid="100030358" confidence="0.8">
<psychological_feature wordnetid="100023100" confidence="0.8">
<link xlink:type="simple" xlink:href="../019/14603019.xml">
Canada</link></psychological_feature>
</act>
</motion>
</action>
</change>
</event>
&nbsp;·  <physical_entity wordnetid="100001930" confidence="0.8">
<person wordnetid="100007846" confidence="0.8">
<worker wordnetid="109632518" confidence="0.8">
<causal_agent wordnetid="100007347" confidence="0.8">
<anarchist wordnetid="109791816" confidence="0.8">
<radical wordnetid="110503452" confidence="0.8">
<link xlink:type="simple" xlink:href="../561/4977561.xml">
China</link></radical>
</anarchist>
</causal_agent>
</worker>
</person>
</physical_entity>
&nbsp;·  <link xlink:type="simple" xlink:href="../176/8784176.xml">
Cuba</link>&nbsp;·  <politics wordnetid="113840719" confidence="0.8">
<social_relation wordnetid="100032823" confidence="0.8">
<link xlink:type="simple" xlink:href="../063/673063.xml">
England</link></social_relation>
</politics>
 <link xlink:type="simple" xlink:href="../365/5658365.xml">
France</link>&nbsp;·  <link xlink:type="simple" xlink:href="../745/6244745.xml">
Greece</link>&nbsp;·  <politics wordnetid="113840719" confidence="0.8">
<social_relation wordnetid="100032823" confidence="0.8">
<link xlink:type="simple" xlink:href="../954/14526954.xml">
India</link></social_relation>
</politics>
&nbsp;·  <link xlink:type="simple" xlink:href="../320/10403320.xml">
Ireland</link> <link xlink:type="simple" xlink:href="../302/8360302.xml">
Israel</link>&nbsp;·  <link xlink:type="simple" xlink:href="../567/10304567.xml">
Italy</link>&nbsp;·  <politics wordnetid="113840719" confidence="0.8">
<social_relation wordnetid="100032823" confidence="0.8">
<link xlink:type="simple" xlink:href="../723/15481723.xml">
Japan</link></social_relation>
</politics>
&nbsp;·  <politics wordnetid="113840719" confidence="0.8">
<social_relation wordnetid="100032823" confidence="0.8">
<link xlink:type="simple" xlink:href="../159/15475159.xml">
Korea</link></social_relation>
</politics>
 <physical_entity wordnetid="100001930" confidence="0.8">
<politics wordnetid="113840719" confidence="0.8">
<person wordnetid="100007846" confidence="0.8">
<social_relation wordnetid="100032823" confidence="0.8">
<causal_agent wordnetid="100007347" confidence="0.8">
<anarchist wordnetid="109791816" confidence="0.8">
<radical wordnetid="110503452" confidence="0.8">
<link xlink:type="simple" xlink:href="../528/4117528.xml">
Mexico</link></radical>
</anarchist>
</causal_agent>
</social_relation>
</person>
</politics>
</physical_entity>
&nbsp;·  <politics wordnetid="113840719" confidence="0.8">
<social_relation wordnetid="100032823" confidence="0.8">
<link xlink:type="simple" xlink:href="../386/15499386.xml">
Poland</link></social_relation>
</politics>
&nbsp;·  <link xlink:type="simple" xlink:href="../769/7475769.xml">
Russia</link>&nbsp;·  <link xlink:type="simple" xlink:href="../586/805586.xml">
Spain</link> <politics wordnetid="113840719" confidence="0.8">
<social_relation wordnetid="100032823" confidence="0.8">
<link xlink:type="simple" xlink:href="../268/7080268.xml">
Sweden</link></social_relation>
</politics>
&nbsp;·  <politics wordnetid="113840719" confidence="0.8">
<social_relation wordnetid="100032823" confidence="0.8">
<link xlink:type="simple" xlink:href="../912/15484912.xml">
Turkey</link></social_relation>
</politics>
&nbsp;·  <link xlink:type="simple" xlink:href="../267/7066267.xml">
Ukraine</link> <link xlink:type="simple" xlink:href="../182/2274182.xml">
United States</link>&nbsp;·  <physical_entity wordnetid="100001930" confidence="0.8">
<person wordnetid="100007846" confidence="0.8">
<worker wordnetid="109632518" confidence="0.8">
<causal_agent wordnetid="100007347" confidence="0.8">
<link xlink:type="simple" xlink:href="../615/16032615.xml">
Vietnam</link></causal_agent>
</worker>
</person>
</physical_entity>
</p>
</col>
</row>
<row>
<col style=" padding-right:0.4em; padding-bottom:0.4em; padding-left:0.4em; border-bottom:solid 1px #aaa; padding-top:0.4em; "><p>

<link xlink:type="simple" xlink:href="../461/14946461.xml">
Lists</link>
<link xlink:type="simple" xlink:href="../086/1121086.xml">
Anarcho-punk bands</link>&nbsp;·  <link xlink:type="simple" xlink:href="../104/3786104.xml">
Books</link> <link xlink:type="simple" xlink:href="../185/218185.xml">
Communities</link>&nbsp;·  <link xlink:type="simple" xlink:href="../843/4507843.xml">
Fictional characters</link> <link xlink:type="simple" xlink:href="../009/9465009.xml">
Jewish anarchists</link>&nbsp;·  <link xlink:type="simple" xlink:href="../081/1548081.xml">
Musicians</link> <link xlink:type="simple" xlink:href="../960/773960.xml">
Organizations</link>&nbsp;·  <link xlink:type="simple" xlink:href="../080/11836080.xml">
Periodicals</link>&nbsp;·  <link xlink:type="simple" xlink:href="../989/4758989.xml">
Poets</link> <link xlink:type="simple" xlink:href="../706/5225706.xml">
Russian anarchists</link></p>
</col>
</row>
<row>
<col style=" padding-right:0.4em; padding-bottom:0.4em; padding-left:0.4em; border-bottom:solid 1px #aaa; padding-top:0.4em; "><p>

Related topics
<link xlink:type="simple" xlink:href="../443/44443.xml">
Anti-capitalism</link>&nbsp;·  <link xlink:type="simple" xlink:href="../658/18940658.xml#xpointer(//*[./st=%22Anarchist+anti-communism%22])">
Anti-communism</link> <link xlink:type="simple" xlink:href="../109/3942109.xml">
Anti-consumerism</link>&nbsp;·  <link xlink:type="simple" xlink:href="../803/715803.xml">
Anti-corporatism</link> <information wordnetid="105816287" confidence="0.8">
<political_orientation wordnetid="106212839" confidence="0.8">
<example wordnetid="105820620" confidence="0.8">
<link xlink:type="simple" xlink:href="../816/93816.xml">
Anti-globalization</link></example>
</political_orientation>
</information>
&nbsp;·  <link xlink:type="simple" xlink:href="../698/3483698.xml">
Antimilitarism</link> <link xlink:type="simple" xlink:href="../771/2029771.xml">
Anti-statism</link>&nbsp;·  <link xlink:type="simple" xlink:href="../091/214091.xml">
Anti-war</link>&nbsp;·  <school wordnetid="108276720" confidence="0.8">
<political_orientation wordnetid="106212839" confidence="0.8">
<educational_institution wordnetid="108276342" confidence="0.8">
<institution wordnetid="108053576" confidence="0.8">
<link xlink:type="simple" xlink:href="../659/5170659.xml">
Autarchism</link></institution>
</educational_institution>
</political_orientation>
</school>
 <link xlink:type="simple" xlink:href="../264/4685264.xml">
Autonomism</link>&nbsp;·  <link xlink:type="simple" xlink:href="../687/19287687.xml">
Labour movement</link> <link xlink:type="simple" xlink:href="../162/408162.xml">
Left communism</link>&nbsp;·  <link xlink:type="simple" xlink:href="../498/3225498.xml">
Libertarianism</link> <link xlink:type="simple" xlink:href="../358/19134358.xml">
Libertarian perspectives on revolution</link><political_orientation wordnetid="106212839" confidence="0.8">
<link xlink:type="simple" xlink:href="../048/18048.xml">
Libertarian socialism</link></political_orientation>
 <group wordnetid="100031264" confidence="0.8">
<link xlink:type="simple" xlink:href="../521/57521.xml">
Situationist International</link></group>
</p>
</col>
</row>
<row>
<col style=" padding-right:0.4em; padding-bottom:0.4em; padding-left:0.4em; border-bottom:solid 1px #aaa; padding-top:0.4em; ">
<b>
Anarchism portal</b>

Philosophy portal 
Politics portal</col>
</row>
<row>
<col style=""></col>
</row>
</table>

<p>

The <b>Squamish Five</b> (sometimes referred to as the <b>Vancouver Five</b>) were a group of self-styled "<link xlink:type="simple" xlink:href="../037/485037.xml">
urban guerrilla</link>s" active in <region wordnetid="108630039" confidence="0.9508927676800064">
<link xlink:type="simple" xlink:href="../916/5042916.xml">
Canada</link></region>
 during the early 1980s. Their chosen name was <b>Direct Action</b>.</p>
<p>

The five were <physical_entity wordnetid="100001930" confidence="0.8">
<person wordnetid="100007846" confidence="0.8">
<causal_agent wordnetid="100007347" confidence="0.8">
<anarchist wordnetid="109791816" confidence="0.8">
<radical wordnetid="110503452" confidence="0.8">
<link xlink:type="simple" xlink:href="../567/1324567.xml">
Ann Hansen</link></radical>
</anarchist>
</causal_agent>
</person>
</physical_entity>
, <link>
Brent Taylor</link>, <link xlink:type="simple" xlink:href="../930/16849930.xml">
Juliet Caroline Belmas</link>, <link>
Doug Stewart</link> and <physical_entity wordnetid="100001930" confidence="0.8">
<person wordnetid="100007846" confidence="0.8">
<performer wordnetid="110415638" confidence="0.8">
<musician wordnetid="110340312" confidence="0.8">
<causal_agent wordnetid="100007347" confidence="0.8">
<anarchist wordnetid="109791816" confidence="0.8">
<radical wordnetid="110503452" confidence="0.8">
<entertainer wordnetid="109616922" confidence="0.8">
<link xlink:type="simple" xlink:href="../031/243031.xml">
Gerry Hannah</link></entertainer>
</radical>
</anarchist>
</causal_agent>
</musician>
</performer>
</person>
</physical_entity>
. Unlike the <link xlink:type="simple" xlink:href="../099/26099.xml">
Red Brigades</link>, <terrorist_organization wordnetid="108392137" confidence="0.9508927676800064">
<link xlink:type="simple" xlink:href="../973/25973.xml">
Red Army Faction</link></terrorist_organization>
, and other groups, they were not motivated by a political ideology which placed them at the vanguard of a <link xlink:type="simple" xlink:href="../053/1904053.xml">
Marxist</link> revolution. Rather, they were activists who had become disenchanted and frustrated with traditional methods of activism. They believed that by engaging in semi-symbolic <link xlink:type="simple" xlink:href="../776/400776.xml">
propaganda by the deed</link>, they could jolt people into action themselves.</p>

<sec>
<st>
 Early actions </st>

<p>

The first actions associated with the group were not particularly militant. They vandalized the headquarters of <link>
Amax</link>, a <district wordnetid="108552138" confidence="0.9508927676800064">
<link xlink:type="simple" xlink:href="../392/3392.xml">
British Columbia</link></district>
 (BC) <link xlink:type="simple" xlink:href="../381/20381.xml">
mining</link> company which had been granted a special exemption from environmental laws, and offices of the British Columbia Ministry of Environment.</p>
<p>

After these actions, the group dispersed. Belmas and Hannah retreated to the <range wordnetid="109403734" confidence="0.8">
<geological_formation wordnetid="109287968" confidence="0.8">
<link xlink:type="simple" xlink:href="../459/25459.xml">
Rocky Mountains</link></geological_formation>
</range>
, and Hansen, Taylor, and Stewart moved <link xlink:type="simple" xlink:href="../933/83933.xml">
underground</link> together, becoming more militant.  They began training with stolen weapons in a deserted area north of <link xlink:type="simple" xlink:href="../706/32706.xml">
Vancouver</link>, and stole a large cache of <link xlink:type="simple" xlink:href="../078/8078.xml">
dynamite</link> used for construction work.  They supported themselves through various forms of <link xlink:type="simple" xlink:href="../790/58790.xml">
fraud</link> and <link xlink:type="simple" xlink:href="../287/31287.xml">
theft</link>.</p>

</sec>
<sec>
<st>
 Bombing campaigns </st>


<ss1>
<st>
Cheekeye-Dunsmuir bombing</st>
<p>

On <link xlink:type="simple" xlink:href="../654/19654.xml">
30 May</link> <link xlink:type="simple" xlink:href="../756/34756.xml">
1982</link>, Hansen, Taylor, and Stewart travelled to <island wordnetid="109316454" confidence="0.9508927676800064">
<link xlink:type="simple" xlink:href="../099/53099.xml">
Vancouver Island</link></island>
 and set off a large <link xlink:type="simple" xlink:href="../628/47628.xml">
bomb</link> at the Cheekeye-Dunsmuir <company wordnetid="108058098" confidence="0.9508927676800064">
<link xlink:type="simple" xlink:href="../279/317279.xml">
BC Hydro</link></company>
 substation. Four transformers were damaged beyond repair, but no one was injured. The <link xlink:type="simple" xlink:href="../399/381399.xml">
hydroelectric</link> project had been criticized by some as environmentally unsound and contributing to the destruction of wilderness on the Island. After the bombing, the group again recruited Hannah, a member of the <link xlink:type="simple" xlink:href="../037/23037.xml">
punk rock</link> group <social_group wordnetid="107950920" confidence="0.8">
<set wordnetid="108240169" confidence="0.8">
<group wordnetid="100031264" confidence="0.8">
<link xlink:type="simple" xlink:href="../332/1502332.xml">
Subhumans</link></group>
</set>
</social_group>
, well known for his criticism of BC Hydro executives; and Belmas, an idealist from the <link xlink:type="simple" xlink:href="../908/28908.xml">
suburb</link>s who had been radicalized in the process of opposing a retail <link xlink:type="simple" xlink:href="../507/5710507.xml">
pornography</link> outlet in her <link xlink:type="simple" xlink:href="../019/329019.xml">
Port Coquitlam</link> neighbourhood.</p>

</ss1>
<ss1>
<st>
Litton Industries bombing</st>
<p>

In October, 1982, the five filled a stolen pick-up truck with 550 kg of dynamite and drove from Vancouver to <village wordnetid="108672738" confidence="0.9508927676800064">
<link xlink:type="simple" xlink:href="../646/64646.xml">
Toronto</link></village>
. Their target was <link xlink:type="simple" xlink:href="../655/599655.xml">
Litton Industries</link>, a company producing guidance components for the controversial American <link xlink:type="simple" xlink:href="../590/6590.xml">
cruise missile</link>s many feared would increase the risk of nuclear war.  The bomb was detonated on October 14, 1982, and was intended to cause only property destruction. The van was parked in full view of corporate security, with an elaborate "warning box" <link xlink:type="simple" xlink:href="../707/43707.xml">
duct tape</link>d to the hood, displaying a message, a digital clock counting down, and a single stick of dynamite to draw attention to the danger. Belmas called the security desk and warned them of the explosion, giving instructions on exactly what to do and where the danger area was.  The security personnel, however, suspected a hoax, and did not respond quickly enough to evacuate the facility before the explosion.  The evacuation was just getting started when the bomb detonated minutes ahead of schedule, injuring ten people. Meanwhile, at the back of the factory, where the guidance system was being produced, no damage was done.  The only damage was to the Storage area where the parts were held before production, and the offices above and around the storage area.</p>

</ss1>
<ss1>
<st>
Red Hot Video firebombing and arrest</st>
<p>

The bombers fled Toronto for <village wordnetid="108672738" confidence="0.9508927676800064">
<link xlink:type="simple" xlink:href="../706/32706.xml">
Vancouver</link></village>
 and ceased their activities as they moved underground together. On November 22, 1982, they re-emerged under the name "<link>
Wimmin's Fire Brigade</link>."  They subsequently <link xlink:type="simple" xlink:href="../922/20922.xml">
firebombed</link> three franchises of <link>
Red Hot Video</link>, a chain selling pornographic films which had attracted the attention of <link xlink:type="simple" xlink:href="../185/11185.xml">
feminist</link> activists.  But the high-profile crimes had also attracted major police attention and the <military_unit wordnetid="108198398" confidence="0.9508927676800064">
<law_enforcement_agency wordnetid="108348815" confidence="0.9508927676800064">
<link xlink:type="simple" xlink:href="../080/69080.xml">
Royal Canadian Mounted Police (RCMP)</link></law_enforcement_agency>
</military_unit>
 was closing in.  On the morning of <link xlink:type="simple" xlink:href="../025/16025.xml">
January 20</link>, <link xlink:type="simple" xlink:href="../755/34755.xml">
1983</link>, all five were captured on the road to their training area by an RCMP tactical unit disguised as a road crew. The apprehension occurred on the <artifact wordnetid="100021939" confidence="0.8">
<highway wordnetid="103519981" confidence="0.8">
<way wordnetid="104564698" confidence="0.8">
<road wordnetid="104096066" confidence="0.8">
<link xlink:type="simple" xlink:href="../793/465793.xml">
Sea-to-Sky Highway</link></road>
</way>
</highway>
</artifact>
, just south of <village wordnetid="108672738" confidence="0.9508927676800064">
<link xlink:type="simple" xlink:href="../564/955564.xml">
Squamish</link></village>
, giving rise to the name the media attached to the group.  The five received sentences ranging from six years to life. Only Hannah and Belmas, the youngest member, pled guilty. Belmas renounced the use of violence as a means to an end and apologized to the victims. Upon hearing her sentence for life, Ann Hansen threw a tomato at the judge. All are now out of prison.</p>
<p>

In 2002, Ann Hansen's  was published. While she acknowledges tactical mistakes and misconceptions, Hansen maintains that her actions were justified, and that <link xlink:type="simple" xlink:href="../416/5416.xml">
capitalism</link> should be challenged through <link xlink:type="simple" xlink:href="../976/105976.xml">
direct action</link> and other forms of protest.</p>

</ss1>
</sec>
<sec>
<st>
 External links </st>
<p>

<list>
<entry level="1" type="bullet">

 <weblink xlink:type="simple" xlink:href="http://www.kersplebedeb.com/mystuff/profiles/vancouverfive.html">
The Vancouver Five (aka Direct Action)</weblink>. Includes an interview with Ann Hansen and an essay by a supporter of the Five in Toronto.</entry>
<entry level="1" type="bullet">

 <it><weblink xlink:type="simple" xlink:href="http://www.g7welcomingcommittee.com/discography/g7031.php">
Direct Action: Reflections on Armed Resistance and the Squamish Five</weblink></it>, an audio CD recorded by Ann Hansen, presenting information from her book.</entry>
<entry level="1" type="bullet">

 <weblink xlink:type="simple" xlink:href="http://www.uniset.ca/other/cs5/27CCC3d142.html">
Belmas court records</weblink>, court sentencing documents relating to Belmas' court trials.</entry>
</list>
</p>


<p>

<table class="navbox collapsible autocollapse plain">
<row>
<header colspan="2" style="background: #cdc;">
<image width="20px" src="Flag_of_Canada.svg">
</image>
Canadians allegedly associated with terrorism</header>
</row>
<row align="center">
<header style="background:#B0C4DE;">
 Non-<link xlink:type="simple" xlink:href="../800/13425800.xml">
War on Terror</link></header>
<header style="width:50%; white-space:nowrap;background:#B0C4DE;">
 <link xlink:type="simple" xlink:href="../800/13425800.xml">
War on Terror</link></header>
</row>
<row align="left" valign="top">
<col>
<table style=";" class="navbox" cellspacing="0">
<row>
<col style="padding:2px;">
<table style="width:100%;background:transparent;color:inherit;;" class="nowraplinks  " cellspacing="0">
<row>
<col style=";;" class="navbox-group">
<link xlink:type="simple" xlink:href="../662/59662.xml">
FLQ</link></col>
<col style="text-align:left;border-left:2px solid #fdfdfd;width:100%;padding:0px;;;" class="navbox-list navbox-odd">
<link>
Jacques Lanctôt</link>, <link>
Louise Lanctôt</link>, <physical_entity wordnetid="100001930" confidence="0.8">
<person wordnetid="100007846" confidence="0.8">
<terrorist wordnetid="110702781" confidence="0.8">
<causal_agent wordnetid="100007347" confidence="0.8">
<radical wordnetid="110503452" confidence="0.8">
<link xlink:type="simple" xlink:href="../978/394978.xml">
Marc Carbonneau</link></radical>
</causal_agent>
</terrorist>
</person>
</physical_entity>
, <physical_entity wordnetid="100001930" confidence="0.8">
<person wordnetid="100007846" confidence="0.8">
<terrorist wordnetid="110702781" confidence="0.8">
<causal_agent wordnetid="100007347" confidence="0.8">
<radical wordnetid="110503452" confidence="0.8">
<link xlink:type="simple" xlink:href="../888/148888.xml">
Yves Langlois</link></radical>
</causal_agent>
</terrorist>
</person>
</physical_entity>
, <physical_entity wordnetid="100001930" confidence="0.8">
<person wordnetid="100007846" confidence="0.8">
<manufacturer wordnetid="110292316" confidence="0.8">
<maker wordnetid="110284064" confidence="0.8">
<intellectual wordnetid="109621545" confidence="0.8">
<alumnus wordnetid="109786338" confidence="0.8">
<terrorist wordnetid="110702781" confidence="0.8">
<causal_agent wordnetid="100007347" confidence="0.8">
<radical wordnetid="110503452" confidence="0.8">
<scholar wordnetid="110557854" confidence="0.8">
<creator wordnetid="109614315" confidence="0.8">
<link xlink:type="simple" xlink:href="../001/2188001.xml">
Jacques Cossette-Trudel</link></creator>
</scholar>
</radical>
</causal_agent>
</terrorist>
</alumnus>
</intellectual>
</maker>
</manufacturer>
</person>
</physical_entity>
, <physical_entity wordnetid="100001930" confidence="0.8">
<person wordnetid="100007846" confidence="0.8">
<prisoner wordnetid="110476086" confidence="0.8">
<unfortunate wordnetid="109630641" confidence="0.8">
<principal wordnetid="110474950" confidence="0.8">
<assassin wordnetid="109813696" confidence="0.8">
<wrongdoer wordnetid="109633969" confidence="0.8">
<criminal wordnetid="109977660" confidence="0.8">
<causal_agent wordnetid="100007347" confidence="0.8">
<murderer wordnetid="110338707" confidence="0.8">
<terrorist wordnetid="110702781" confidence="0.8">
<killer wordnetid="110231087" confidence="0.8">
<radical wordnetid="110503452" confidence="0.8">
<bad_person wordnetid="109831962" confidence="0.8">
<link xlink:type="simple" xlink:href="../105/173105.xml">
Bernard Lortie</link></bad_person>
</radical>
</killer>
</terrorist>
</murderer>
</causal_agent>
</criminal>
</wrongdoer>
</assassin>
</principal>
</unfortunate>
</prisoner>
</person>
</physical_entity>
</col>
</row>
<row style="height:2px">

</row>
<row>
<col style=";;" class="navbox-group">
<link>
Air  India Bombing</link></col>
<col style="text-align:left;border-left:2px solid #fdfdfd;width:100%;padding:0px;;;" class="navbox-list navbox-even">
<link xlink:type="simple" xlink:href="../568/371568.xml">
Ripudaman Singh Malik</link>, <link xlink:type="simple" xlink:href="../568/371568.xml">
Ajaib Singh Bagri</link>, <person wordnetid="100007846" confidence="0.9508927676800064">
<link xlink:type="simple" xlink:href="../269/1611269.xml">
Talwinder Singh Parmar</link></person>
, <link xlink:type="simple" xlink:href="../568/371568.xml">
Inderjit Singh Reyat</link>, <link xlink:type="simple" xlink:href="../061/18922061.xml">
Surjan Singh Gill</link>, <link xlink:type="simple" xlink:href="../200/18922200.xml">
Hardial Singh Johal</link>, <link>
Manmohan Singh</link>, <link>
Daljit Sandhu</link></col>
</row>
<row style="height:2px">

</row>
<row>
<col style=";;" class="navbox-group">
<happening wordnetid="107283608" confidence="0.8">
<event wordnetid="100029378" confidence="0.8">
<psychological_feature wordnetid="100023100" confidence="0.8">
<incident wordnetid="107307477" confidence="0.8">
<link xlink:type="simple" xlink:href="../035/147035.xml">
Squamish Five</link></incident>
</psychological_feature>
</event>
</happening>
</col>
<col style="text-align:left;border-left:2px solid #fdfdfd;width:100%;padding:0px;;;" class="navbox-list navbox-odd">
<physical_entity wordnetid="100001930" confidence="0.8">
<person wordnetid="100007846" confidence="0.8">
<causal_agent wordnetid="100007347" confidence="0.8">
<anarchist wordnetid="109791816" confidence="0.8">
<radical wordnetid="110503452" confidence="0.8">
<link xlink:type="simple" xlink:href="../567/1324567.xml">
Ann Hansen</link></radical>
</anarchist>
</causal_agent>
</person>
</physical_entity>
, <link>
Brent Taylor</link>, <link xlink:type="simple" xlink:href="../930/16849930.xml">
Juliet Caroline Belmas</link>, <link>
Doug Stewart</link>, <physical_entity wordnetid="100001930" confidence="0.8">
<person wordnetid="100007846" confidence="0.8">
<performer wordnetid="110415638" confidence="0.8">
<musician wordnetid="110340312" confidence="0.8">
<causal_agent wordnetid="100007347" confidence="0.8">
<anarchist wordnetid="109791816" confidence="0.8">
<radical wordnetid="110503452" confidence="0.8">
<entertainer wordnetid="109616922" confidence="0.8">
<link xlink:type="simple" xlink:href="../031/243031.xml">
Gerry Hannah</link></entertainer>
</radical>
</anarchist>
</causal_agent>
</musician>
</performer>
</person>
</physical_entity>
</col>
</row>
<row style="height:2px">

</row>
<row>
<col style=";;" class="navbox-group">
<cabal wordnetid="108241798" confidence="0.9508927676800064">
<link xlink:type="simple" xlink:href="../732/14732.xml">
IRA</link></cabal>
</col>
<col style="text-align:left;border-left:2px solid #fdfdfd;width:100%;padding:0px;;;" class="navbox-list navbox-even">
<link xlink:type="simple" xlink:href="../427/18908427.xml">
Sean John McCann</link>, <link>
Charles Dennis Finnegan</link>, <link>
Bernard McReynolds</link>, <link>
William James Carson</link>, <physical_entity wordnetid="100001930" confidence="0.8">
<politician wordnetid="110451263" confidence="0.8">
<person wordnetid="100007846" confidence="0.8">
<leader wordnetid="109623038" confidence="0.8">
<causal_agent wordnetid="100007347" confidence="0.8">
<senator wordnetid="110578471" confidence="0.8">
<lawgiver wordnetid="110249270" confidence="0.8">
<legislator wordnetid="110253995" confidence="0.8">
<link xlink:type="simple" xlink:href="../462/6501462.xml">
James Murdock</link></legislator>
</lawgiver>
</senator>
</causal_agent>
</leader>
</person>
</politician>
</physical_entity>
, <link xlink:type="simple" xlink:href="../618/19396618.xml">
Denis Leyne</link></col>
</row>
<row style="height:2px">

</row>
<row>
<col style=";;" class="navbox-group">
<link xlink:type="simple" xlink:href="../606/18606.xml">
Tamil Tigers</link></col>
<col style="text-align:left;border-left:2px solid #fdfdfd;width:100%;padding:0px;;;" class="navbox-list navbox-odd">
<link xlink:type="simple" xlink:href="../848/4451848.xml">
Manickavasagam Suresh</link>, <link>
Prapaharan Thambithurai</link>, <link>
Muralitharan Nadarajah</link>, <link xlink:type="simple" xlink:href="../576/19583576.xml">
Loganathan Sabanayagam</link>, <link xlink:type="simple" xlink:href="../600/19082600.xml">
Kumaravelu Vignarajah</link></col>
</row>
<row style="height:2px">

</row>
<row>
<col style=";;" class="navbox-group">
<party wordnetid="108256968" confidence="0.9508927676800064">
<link xlink:type="simple" xlink:href="../913/13913.xml">
Hamas</link></party>
</col>
<col style="text-align:left;border-left:2px solid #fdfdfd;width:100%;padding:0px;;;" class="navbox-list navbox-even">
<link xlink:type="simple" xlink:href="../653/18657653.xml">
Jamal Akal</link>°</col>
</row>
<row style="height:2px">

</row>
<row>
<col style=";;" class="navbox-group">
<party wordnetid="108256968" confidence="0.9508927676800064">
<link xlink:type="simple" xlink:href="../919/13919.xml">
Hezbollah</link></party>
</col>
<col style="text-align:left;border-left:2px solid #fdfdfd;width:100%;padding:0px;;;" class="navbox-list navbox-odd">
<link>
Ali Adham Amhaz</link>, <link xlink:type="simple" xlink:href="../610/18865610.xml">
Fauzi Ayub</link>°, <link>
Mohammed Hassan Dbouk</link>, <link xlink:type="simple" xlink:href="../419/18866419.xml">
Mohammed al-Husseini</link>, <link xlink:type="simple" xlink:href="../152/18866152.xml">
Omar el Sayed</link>, <link xlink:type="simple" xlink:href="../964/18866964.xml">
Hani al-Sayegh</link></col>
</row>
<row style="height:2px">

</row>
<row>
<col style=";;" class="navbox-group">
<party wordnetid="108256968" confidence="0.9508927676800064">
<link xlink:type="simple" xlink:href="../174/88174.xml">
PFLP</link></party>
</col>
<col style="text-align:left;border-left:2px solid #fdfdfd;width:100%;padding:0px;;;" class="navbox-list navbox-even">
<link>
Mahmoud Mohammad</link></col>
</row>
<row style="height:2px">

</row>
<row>
<col style=";;" class="navbox-group">
<link xlink:type="simple" xlink:href="../680/69680.xml">
PKK</link></col>
<col style="text-align:left;border-left:2px solid #fdfdfd;width:100%;padding:0px;;;" class="navbox-list navbox-odd">
<link>
Hanan Ahmed Osman</link>, <link xlink:type="simple" xlink:href="../385/18889385.xml">
Aynur Saygili</link></col>
</row>
<row style="height:2px">

</row>
<row>
<col style=";;" class="navbox-group">
<link xlink:type="simple" xlink:href="../968/19031968.xml">
1991 Toronto bomb plot</link></col>
<col style="text-align:left;border-left:2px solid #fdfdfd;width:100%;padding:0px;;;" class="navbox-list navbox-even">
<link xlink:type="simple" xlink:href="../886/19031886.xml">
Glenn Neville Ford</link>, <link xlink:type="simple" xlink:href="../891/19031891.xml">
Khidr Ali</link></col>
</row>
<row style="height:2px">

</row>
<row>
<col style=";;" class="navbox-group">
Other</col>
<col style="text-align:left;border-left:2px solid #fdfdfd;width:100%;padding:0px;;;" class="navbox-list navbox-odd">
<physical_entity wordnetid="100001930" confidence="0.8">
<person wordnetid="100007846" confidence="0.8">
<terrorist wordnetid="110702781" confidence="0.8">
<causal_agent wordnetid="100007347" confidence="0.8">
<radical wordnetid="110503452" confidence="0.8">
<link xlink:type="simple" xlink:href="../410/5613410.xml">
Michelle Duclos</link></radical>
</causal_agent>
</terrorist>
</person>
</physical_entity>
°, <physical_entity wordnetid="100001930" confidence="0.8">
<person wordnetid="100007846" confidence="0.8">
<principal wordnetid="110474950" confidence="0.8">
<wrongdoer wordnetid="109633969" confidence="0.8">
<criminal wordnetid="109977660" confidence="0.8">
<terrorist wordnetid="110702781" confidence="0.8">
<causal_agent wordnetid="100007347" confidence="0.8">
<radical wordnetid="110503452" confidence="0.8">
<bad_person wordnetid="109831962" confidence="0.8">
<link xlink:type="simple" xlink:href="../993/12983993.xml">
Thomas Bernard Brigham</link></bad_person>
</radical>
</causal_agent>
</terrorist>
</criminal>
</wrongdoer>
</principal>
</person>
</physical_entity>
ǂ, <link xlink:type="simple" xlink:href="../237/3681237.xml">
Gazi Ibrihim Abu Mezer</link>, <link xlink:type="simple" xlink:href="../091/19294091.xml">
Shaun Going</link></col>
</row>
</table>
</col>
</row>
</table>
</col>
<col>
<table style=";" class="navbox" cellspacing="0">
<row>
<col style="padding:2px;">
<table style="width:100%;background:transparent;color:inherit;;" class="nowraplinks  " cellspacing="0">
<row>
<col style=";;" class="navbox-group">
<link xlink:type="simple" xlink:href="../217/194217.xml">
Millennium Plot</link></col>
<col style="text-align:left;border-left:2px solid #fdfdfd;width:100%;padding:0px;;;" class="navbox-list navbox-odd">
<physical_entity wordnetid="100001930" confidence="0.8">
<person wordnetid="100007846" confidence="0.8">
<immigrant wordnetid="110199489" confidence="0.8">
<migrant wordnetid="110314952" confidence="0.8">
<applicant wordnetid="109607280" confidence="0.8">
<traveler wordnetid="109629752" confidence="0.8">
<causal_agent wordnetid="100007347" confidence="0.8">
<link xlink:type="simple" xlink:href="../217/194217.xml">
Ahmed Ressam</link></causal_agent>
</traveler>
</applicant>
</migrant>
</immigrant>
</person>
</physical_entity>
†, <person wordnetid="100007846" confidence="0.9508927676800064">
<link xlink:type="simple" xlink:href="../513/682513.xml">
Abderraouf Jdey</link></person>
, <link xlink:type="simple" xlink:href="../316/16954316.xml">
Fateh Kamel</link>°, <physical_entity wordnetid="100001930" confidence="0.8">
<unfortunate wordnetid="109630641" confidence="0.8">
<person wordnetid="100007846" confidence="0.8">
<causal_agent wordnetid="100007347" confidence="0.8">
<prisoner wordnetid="110476086" confidence="0.8">
<link xlink:type="simple" xlink:href="../683/2220683.xml">
Ahcene Zemiri</link></prisoner>
</causal_agent>
</person>
</unfortunate>
</physical_entity>
†, <person wordnetid="100007846" confidence="0.9638700866880419">
<link xlink:type="simple" xlink:href="../003/5570003.xml">
Faker Boussora</link></person>
, <link xlink:type="simple" xlink:href="../649/18987649.xml">
Mokhtar Haouari</link>, <physical_entity wordnetid="100001930" confidence="0.8">
<citizen wordnetid="109923673" confidence="0.8">
<person wordnetid="100007846" confidence="0.8">
<national wordnetid="109625401" confidence="0.8">
<causal_agent wordnetid="100007347" confidence="0.8">
<link xlink:type="simple" xlink:href="../818/17167818.xml">
Abousfian Abdelrazik</link></causal_agent>
</national>
</person>
</citizen>
</physical_entity>
</col>
</row>
<row style="height:2px">

</row>
<row>
<col style=";;" class="navbox-group">
<link xlink:type="simple" xlink:href="../838/80838.xml">
al-Jihad</link></col>
<col style="text-align:left;border-left:2px solid #fdfdfd;width:100%;padding:0px;;;" class="navbox-list navbox-even">
<link xlink:type="simple" xlink:href="../782/5311782.xml">
Mahmoud Jaballah</link>, <link xlink:type="simple" xlink:href="../657/18697657.xml">
Essam Marzouk</link>†, <physical_entity wordnetid="100001930" confidence="0.8">
<unfortunate wordnetid="109630641" confidence="0.8">
<person wordnetid="100007846" confidence="0.8">
<terrorist wordnetid="110702781" confidence="0.8">
<causal_agent wordnetid="100007347" confidence="0.8">
<radical wordnetid="110503452" confidence="0.8">
<prisoner wordnetid="110476086" confidence="0.8">
<link xlink:type="simple" xlink:href="../817/8044817.xml">
Mohammad Mahjoub</link></prisoner>
</radical>
</causal_agent>
</terrorist>
</person>
</unfortunate>
</physical_entity>
</col>
</row>
<row style="height:2px">

</row>
<row>
<col style=";;" class="navbox-group">
<link xlink:type="simple" xlink:href="../921/1921.xml">
al-Qaeda</link></col>
<col style="text-align:left;border-left:2px solid #fdfdfd;width:100%;padding:0px;;;" class="navbox-list navbox-odd">
<link xlink:type="simple" xlink:href="../039/13212039.xml">
Mubarak al-Duri</link>, <link xlink:type="simple" xlink:href="../894/15314894.xml">
Mohammed</link>† and <link xlink:type="simple" xlink:href="../757/16950757.xml">
Abdul Rahman Jabarah</link>ǂ, <engineer wordnetid="109615807" confidence="0.9173553029164789">
<detainee wordnetid="110009162" confidence="0.9508927676800064">
<link xlink:type="simple" xlink:href="../741/881741.xml">
Mohamedou Ould Slahi</link></detainee>
</engineer>
, <person wordnetid="100007846" confidence="0.9508927676800064">
<link xlink:type="simple" xlink:href="../491/682491.xml">
Amer el-Maati</link></person>
</col>
</row>
<row style="height:2px">

</row>
<row>
<col style=";;" class="navbox-group">
<link xlink:type="simple" xlink:href="../160/970160.xml">
Khadr family</link></col>
<col style="text-align:left;border-left:2px solid #fdfdfd;width:100%;padding:0px;;;" class="navbox-list navbox-even">
<person wordnetid="100007846" confidence="0.9508927676800064">
<link xlink:type="simple" xlink:href="../370/951370.xml">
Ahmed Said Khadr</link></person>
ǂ and <person wordnetid="100007846" confidence="0.9638700866880419">
<link xlink:type="simple" xlink:href="../934/16741934.xml">
Maha Elsamnah</link></person>
, <person wordnetid="100007846" confidence="0.9508927676800064">
<link xlink:type="simple" xlink:href="../511/2109511.xml">
Zaynab</link></person>
, <person wordnetid="100007846" confidence="0.9508927676800064">
<link xlink:type="simple" xlink:href="../872/2103872.xml">
Abdullah</link></person>
†, <detainee wordnetid="110009162" confidence="0.9508927676800064">
<link xlink:type="simple" xlink:href="../768/385768.xml">
Abdurahman</link></detainee>
°, <detainee wordnetid="110009162" confidence="0.9508927676800064">
<link xlink:type="simple" xlink:href="../234/1657234.xml">
Omar</link></detainee>
†, <person wordnetid="100007846" confidence="0.9508927676800064">
<link xlink:type="simple" xlink:href="../129/16969129.xml">
Abdulkareem</link></person>
</col>
</row>
<row style="height:2px">

</row>
<row>
<col style=";;" class="navbox-group">
<cabal wordnetid="108241798" confidence="0.9508927676800064">
<link xlink:type="simple" xlink:href="../635/30635.xml">
Afghan Insurgency</link></cabal>
</col>
<col style="text-align:left;border-left:2px solid #fdfdfd;width:100%;padding:0px;;;" class="navbox-list navbox-odd">
<person wordnetid="100007846" confidence="0.9508927676800064">
<link xlink:type="simple" xlink:href="../370/951370.xml">
Ahmed Said Khadr</link></person>
ǂ, <link xlink:type="simple" xlink:href="../167/16955167.xml">
Mohammed Warsame</link></col>
</row>
<row style="height:2px">

</row>
<row>
<col style=";;" class="navbox-group">
<link xlink:type="simple" xlink:href="../626/847626.xml">
Iraqi Insurgency</link></col>
<col style="text-align:left;border-left:2px solid #fdfdfd;width:100%;padding:0px;;;" class="navbox-list navbox-even">
<link xlink:type="simple" xlink:href="../059/16937059.xml">
Saeed and Masoud Rasoul</link>, <link xlink:type="simple" xlink:href="../481/16937481.xml">
Abu Abdul Rahman</link>, <link xlink:type="simple" xlink:href="../900/16949900.xml">
Hassan Farhat</link>, <physical_entity wordnetid="100001930" confidence="0.8">
<unfortunate wordnetid="109630641" confidence="0.8">
<person wordnetid="100007846" confidence="0.8">
<causal_agent wordnetid="100007347" confidence="0.8">
<prisoner wordnetid="110476086" confidence="0.8">
<link xlink:type="simple" xlink:href="../910/17799910.xml">
Aumar Alsorani</link></prisoner>
</causal_agent>
</person>
</unfortunate>
</physical_entity>
</col>
</row>
<row style="height:2px">

</row>
<row>
<col style=";;" class="navbox-group">
<region wordnetid="108630985" confidence="0.8">
<region wordnetid="108630039" confidence="0.8">
<administrative_district wordnetid="108491826" confidence="0.8">
<location wordnetid="100027167" confidence="0.8">
<district wordnetid="108552138" confidence="0.8">
<country wordnetid="108544813" confidence="0.8">
<link xlink:type="simple" xlink:href="../095/6095.xml">
Chechnya</link></country>
</district>
</location>
</administrative_district>
</region>
</region>
</col>
<col style="text-align:left;border-left:2px solid #fdfdfd;width:100%;padding:0px;;;" class="navbox-list navbox-odd">
<link xlink:type="simple" xlink:href="../049/16951049.xml">
Rudwan Khalil Abubaker</link>ǂ</col>
</row>
<row style="height:2px">

</row>
<row>
<col style=";;" class="navbox-group">
<link>
Groupe Islamique Armé</link></col>
<col style="text-align:left;border-left:2px solid #fdfdfd;width:100%;padding:0px;;;" class="navbox-list navbox-even">
<physical_entity wordnetid="100001930" confidence="0.8">
<person wordnetid="100007846" confidence="0.8">
<applicant wordnetid="109607280" confidence="0.8">
<traveler wordnetid="109629752" confidence="0.8">
<causal_agent wordnetid="100007347" confidence="0.8">
<refugee wordnetid="110516016" confidence="0.8">
<exile wordnetid="110071332" confidence="0.8">
<absentee wordnetid="109757653" confidence="0.8">
<link xlink:type="simple" xlink:href="../768/3238768.xml">
Mohamed Harkat</link></absentee>
</exile>
</refugee>
</causal_agent>
</traveler>
</applicant>
</person>
</physical_entity>
, <link xlink:type="simple" xlink:href="../614/18986614.xml">
Karim Said Atmani</link></col>
</row>
<row style="height:2px">

</row>
<row>
<col style=";;" class="navbox-group">
<happening wordnetid="107283608" confidence="0.8">
<event wordnetid="100029378" confidence="0.8">
<psychological_feature wordnetid="100023100" confidence="0.8">
<incident wordnetid="107307477" confidence="0.8">
<link xlink:type="simple" xlink:href="../805/5411805.xml">
Toronto 18</link></incident>
</psychological_feature>
</event>
</happening>
</col>
<col style="text-align:left;border-left:2px solid #fdfdfd;width:100%;padding:0px;;;" class="navbox-list navbox-odd">
<link xlink:type="simple" xlink:href="../634/5436634.xml">
Steven Chand</link>, <link xlink:type="simple" xlink:href="../579/5436579.xml">
Shareef Abdelhaleem</link>, <link xlink:type="simple" xlink:href="../161/5437161.xml">
Jahmaal James</link>, <link xlink:type="simple" xlink:href="../869/5436869.xml">
Mohammed Dirie</link>, <link xlink:type="simple" xlink:href="../369/5436369.xml">
Fahim Ahmad</link>, <link xlink:type="simple" xlink:href="../401/5436401.xml">
Asad Ansari</link>, <link xlink:type="simple" xlink:href="../093/5436093.xml">
Zakaria Amara</link>, <link xlink:type="simple" xlink:href="../200/5437200.xml">
Amin Durrani</link>, <link xlink:type="simple" xlink:href="../364/5436364.xml">
Saad Khalid</link>, <link>
Saad Gaya</link>, <it><physical_entity wordnetid="100001930" confidence="0.8">
<person wordnetid="100007846" confidence="0.8">
<principal wordnetid="110474950" confidence="0.8">
<wrongdoer wordnetid="109633969" confidence="0.8">
<criminal wordnetid="109977660" confidence="0.8">
<terrorist wordnetid="110702781" confidence="0.8">
<causal_agent wordnetid="100007347" confidence="0.8">
<radical wordnetid="110503452" confidence="0.8">
<bad_person wordnetid="109831962" confidence="0.8">
<link xlink:type="simple" xlink:href="../485/5761485.xml">
a young offender with unreleased name</link></bad_person>
</radical>
</causal_agent>
</terrorist>
</criminal>
</wrongdoer>
</principal>
</person>
</physical_entity>
''</it></col>
</row>
<row style="height:2px">

</row>
<row>
<col style=";;" class="navbox-group">
Held at <link xlink:type="simple" xlink:href="../037/13037.xml">
Guantanamo Bay</link></col>
<col style="text-align:left;border-left:2px solid #fdfdfd;width:100%;padding:0px;;;" class="navbox-list navbox-even">
<detainee wordnetid="110009162" confidence="0.9508927676800064">
<link xlink:type="simple" xlink:href="../234/1657234.xml">
Omar Khadr</link></detainee>
, <detainee wordnetid="110009162" confidence="0.9508927676800064">
<link xlink:type="simple" xlink:href="../768/385768.xml">
Abdurahman Khadr</link></detainee>
°, <link xlink:type="simple" xlink:href="../389/4366389.xml">
Raouf Hannachi</link>, <detainee wordnetid="110009162" confidence="0.9508927676800064">
<link xlink:type="simple" xlink:href="../638/4363638.xml">
Djamel Ameziane</link></detainee>
, <physical_entity wordnetid="100001930" confidence="0.8">
<unfortunate wordnetid="109630641" confidence="0.8">
<person wordnetid="100007846" confidence="0.8">
<causal_agent wordnetid="100007347" confidence="0.8">
<prisoner wordnetid="110476086" confidence="0.8">
<link xlink:type="simple" xlink:href="../683/2220683.xml">
Ahcene Zemiri</link></prisoner>
</causal_agent>
</person>
</unfortunate>
</physical_entity>
, <engineer wordnetid="109615807" confidence="0.9173553029164789">
<detainee wordnetid="110009162" confidence="0.9508927676800064">
<link xlink:type="simple" xlink:href="../741/881741.xml">
Mohamedou Ould Slahi</link></detainee>
</engineer>
</col>
</row>
<row style="height:2px">

</row>
<row>
<col style=";;" class="navbox-group">
Other</col>
<col style="text-align:left;border-left:2px solid #fdfdfd;width:100%;padding:0px;;;" class="navbox-list navbox-odd">
<physical_entity wordnetid="100001930" confidence="0.8">
<unfortunate wordnetid="109630641" confidence="0.8">
<person wordnetid="100007846" confidence="0.8">
<victim wordnetid="110752093" confidence="0.8">
<causal_agent wordnetid="100007347" confidence="0.8">
<prisoner wordnetid="110476086" confidence="0.8">
<link xlink:type="simple" xlink:href="../322/11342322.xml">
Bashir Makhtal</link></prisoner>
</causal_agent>
</victim>
</person>
</unfortunate>
</physical_entity>
†, <link xlink:type="simple" xlink:href="../066/11234066.xml">
Kassem Daher</link>°, <link xlink:type="simple" xlink:href="../514/16952514.xml">
Mustafa Krer</link>, <person wordnetid="100007846" confidence="0.9638700866880419">
<link xlink:type="simple" xlink:href="../886/12071886.xml">
Momin Khawaja</link></person>
, <link xlink:type="simple" xlink:href="../200/18271200.xml">
Abdullahi Afrah</link>ǂ, <link xlink:type="simple" xlink:href="../588/18697588.xml">
Amr Hamed</link>ǂ, <physical_entity wordnetid="100001930" confidence="0.8">
<person wordnetid="100007846" confidence="0.8">
<traveler wordnetid="109629752" confidence="0.8">
<exile wordnetid="110071332" confidence="0.8">
<refugee wordnetid="110516016" confidence="0.8">
<absentee wordnetid="109757653" confidence="0.8">
<prisoner wordnetid="110476086" confidence="0.8">
<disputant wordnetid="109615465" confidence="0.8">
<unfortunate wordnetid="109630641" confidence="0.8">
<reformer wordnetid="110515194" confidence="0.8">
<militant wordnetid="110315837" confidence="0.8">
<imam wordnetid="110199251" confidence="0.8">
<leader wordnetid="109623038" confidence="0.8">
<causal_agent wordnetid="100007347" confidence="0.8">
<link xlink:type="simple" xlink:href="../052/9358052.xml">
Huseyincan Celil</link></causal_agent>
</leader>
</imam>
</militant>
</reformer>
</unfortunate>
</disputant>
</prisoner>
</absentee>
</refugee>
</exile>
</traveler>
</person>
</physical_entity>
†, <it><link xlink:type="simple" xlink:href="../096/18852096.xml">
Idriss</link></it>†, <link xlink:type="simple" xlink:href="../515/3008515.xml">
Hassan Almrei</link>, <physical_entity wordnetid="100001930" confidence="0.8">
<unfortunate wordnetid="109630641" confidence="0.8">
<person wordnetid="100007846" confidence="0.8">
<intellectual wordnetid="109621545" confidence="0.8">
<traveler wordnetid="109629752" confidence="0.8">
<alumnus wordnetid="109786338" confidence="0.8">
<causal_agent wordnetid="100007347" confidence="0.8">
<exile wordnetid="110071332" confidence="0.8">
<absentee wordnetid="109757653" confidence="0.8">
<scholar wordnetid="110557854" confidence="0.8">
<prisoner wordnetid="110476086" confidence="0.8">
<link xlink:type="simple" xlink:href="../248/2539248.xml">
Adil Charkaoui</link></prisoner>
</scholar>
</absentee>
</exile>
</causal_agent>
</alumnus>
</traveler>
</intellectual>
</person>
</unfortunate>
</physical_entity>
, <physical_entity wordnetid="100001930" confidence="0.8">
<unfortunate wordnetid="109630641" confidence="0.8">
<person wordnetid="100007846" confidence="0.8">
<causal_agent wordnetid="100007347" confidence="0.8">
<prisoner wordnetid="110476086" confidence="0.8">
<link xlink:type="simple" xlink:href="../898/5872898.xml">
Assem Hammoud</link></prisoner>
</causal_agent>
</person>
</unfortunate>
</physical_entity>
</col>
</row>
<row style="height:2px">

</row>
<row>
<col style=";;" class="navbox-group">
Wrongly Accused</col>
<col style="text-align:left;border-left:2px solid #fdfdfd;width:100%;padding:0px;;;" class="navbox-list navbox-even">
<physical_entity wordnetid="100001930" confidence="0.8">
<unfortunate wordnetid="109630641" confidence="0.8">
<person wordnetid="100007846" confidence="0.8">
<immigrant wordnetid="110199489" confidence="0.8">
<migrant wordnetid="110314952" confidence="0.8">
<traveler wordnetid="109629752" confidence="0.8">
<causal_agent wordnetid="100007347" confidence="0.8">
<prisoner wordnetid="110476086" confidence="0.8">
<link xlink:type="simple" xlink:href="../340/951340.xml">
Abdullah Almalki</link></prisoner>
</causal_agent>
</traveler>
</migrant>
</immigrant>
</person>
</unfortunate>
</physical_entity>
, <physical_entity wordnetid="100001930" confidence="0.8">
<person wordnetid="100007846" confidence="0.8">
<victim wordnetid="110752093" confidence="0.8">
<immigrant wordnetid="110199489" confidence="0.8">
<intellectual wordnetid="109621545" confidence="0.8">
<migrant wordnetid="110314952" confidence="0.8">
<engineer wordnetid="109615807" confidence="0.8">
<traveler wordnetid="109629752" confidence="0.8">
<prisoner wordnetid="110476086" confidence="0.8">
<unfortunate wordnetid="109630641" confidence="0.8">
<alumnus wordnetid="109786338" confidence="0.8">
<suspect wordnetid="110681383" confidence="0.8">
<causal_agent wordnetid="100007347" confidence="0.8">
<scholar wordnetid="110557854" confidence="0.8">
<link xlink:type="simple" xlink:href="../845/192845.xml">
Maher Arar</link></scholar>
</causal_agent>
</suspect>
</alumnus>
</unfortunate>
</prisoner>
</traveler>
</engineer>
</migrant>
</intellectual>
</immigrant>
</victim>
</person>
</physical_entity>
, <physical_entity wordnetid="100001930" confidence="0.8">
<unfortunate wordnetid="109630641" confidence="0.8">
<person wordnetid="100007846" confidence="0.8">
<causal_agent wordnetid="100007347" confidence="0.8">
<prisoner wordnetid="110476086" confidence="0.8">
<link xlink:type="simple" xlink:href="../572/3689572.xml">
Arwad al-Boushi</link></prisoner>
</causal_agent>
</person>
</unfortunate>
</physical_entity>
, <link xlink:type="simple" xlink:href="../937/1801937.xml">
Ahmad Abou El-Maati</link>, <link xlink:type="simple" xlink:href="../748/15125748.xml">
Muayyed Nureddin</link>, <physical_entity wordnetid="100001930" confidence="0.8">
<unfortunate wordnetid="109630641" confidence="0.8">
<person wordnetid="100007846" confidence="0.8">
<causal_agent wordnetid="100007347" confidence="0.8">
<prisoner wordnetid="110476086" confidence="0.8">
<link xlink:type="simple" xlink:href="../217/8917217.xml">
Abdellah Ouzghar</link></prisoner>
</causal_agent>
</person>
</unfortunate>
</physical_entity>
, <link xlink:type="simple" xlink:href="../501/18852501.xml">
Liban Hussein</link>, <link xlink:type="simple" xlink:href="../486/5436486.xml">
Qayyum Jamal</link>, <link xlink:type="simple" xlink:href="../917/5436917.xml">
Yasim Mohamed</link>, <link xlink:type="simple" xlink:href="../215/5436215.xml">
Ahmad Ghany</link>, <it><physical_entity wordnetid="100001930" confidence="0.8">
<person wordnetid="100007846" confidence="0.8">
<principal wordnetid="110474950" confidence="0.8">
<wrongdoer wordnetid="109633969" confidence="0.8">
<criminal wordnetid="109977660" confidence="0.8">
<terrorist wordnetid="110702781" confidence="0.8">
<causal_agent wordnetid="100007347" confidence="0.8">
<radical wordnetid="110503452" confidence="0.8">
<bad_person wordnetid="109831962" confidence="0.8">
<link xlink:type="simple" xlink:href="../485/5761485.xml">
three young offenders with unreleased names</link></bad_person>
</radical>
</causal_agent>
</terrorist>
</criminal>
</wrongdoer>
</principal>
</person>
</physical_entity>
</it>, <link xlink:type="simple" xlink:href="../092/15406092.xml">
Sohail Qureshi</link>, <link xlink:type="simple" xlink:href="../646/19293646.xml">
Amine Mezbar</link></col>
</row>
</table>
</col>
</row>
</table>
</col>
</row>
<row>
<col colspan="2">
<b>†</b> denotes currently imprisoned, ° denotes legal release after serving a sentence, ǂ denotes deceased subjects</col>
</row>
</table>
</p>


</sec>
</bdy>
</incident>
</psychological_feature>
</anarchist>
</event>
</happening>
</organization>
</article>
