<?xml version="1.0" encoding="UTF-8"?>
<!-- generated by CLiX/Wiki2XML [MPI-Inf, MMCI@UdS] $LastChangedRevision: 92 $ on 16.04.2009 16:18:19[mciao0828] -->
<!DOCTYPE article SYSTEM "../article.dtd">
<article xmlns:xlink="http://www.w3.org/1999/xlink">
<physical_entity  confidence="0.8" wordnetid="100001930">
<politician  confidence="0.8" wordnetid="110451263">
<communicator  confidence="0.8" wordnetid="109610660">
<person  confidence="0.8" wordnetid="100007846">
<poet  confidence="0.8" wordnetid="110444194">
<leader  confidence="0.8" wordnetid="109623038">
<causal_agent  confidence="0.8" wordnetid="100007347">
<anarchist  confidence="0.8" wordnetid="109791816">
<writer  confidence="0.8" wordnetid="110794014">
<radical  confidence="0.8" wordnetid="110503452">
<novelist  confidence="0.8" wordnetid="110363573">
<essayist  confidence="0.8" wordnetid="110064405">
<header>
<title>Federica Montseny</title>
<id>148694</id>
<revision>
<id>239898829</id>
<timestamp>2008-09-21T00:50:32Z</timestamp>
<contributor>
<username>Sardanaphalus</username>
<id>427947</id>
</contributor>
</revision>
<categories>
<category>Spanish children&apos;s writers</category>
<category>1994 deaths</category>
<category>Confederación Nacional del Trabajo members</category>
<category>Spanish novelists</category>
<category>Catalan politicians</category>
<category>Spanish essayists</category>
<category>1905 births</category>
<category>Spanish poets</category>
<category>Spanish people of the Spanish Civil War</category>
<category>Feminist writers</category>
<category>Catalan anarchists</category>
</categories>
</header>
<bdy>

<b>Federica Montseny i Mañé</b> (<link xlink:type="simple" xlink:href="../158/11158.xml">
February 12</link> <link xlink:type="simple" xlink:href="../637/34637.xml">
1905</link>, <village wordnetid="108672738" confidence="0.9508927676800064">
<link xlink:type="simple" xlink:href="../444/18642444.xml">
Madrid</link></village>
&mdash;<link xlink:type="simple" xlink:href="../192/16192.xml">
January 14</link> <link xlink:type="simple" xlink:href="../337/18948337.xml">
1994</link>) was a <link xlink:type="simple" xlink:href="../586/805586.xml">
Spanish anarchist</link>, intellectual and Minister of Health during the <happening wordnetid="107283608" confidence="0.8">
<event wordnetid="100029378" confidence="0.8">
<change wordnetid="107296428" confidence="0.8">
<revolution wordnetid="107424109" confidence="0.8">
<psychological_feature wordnetid="100023100" confidence="0.8">
<link xlink:type="simple" xlink:href="../459/88459.xml">
social revolution</link></psychological_feature>
</revolution>
</change>
</event>
</happening>
 that occurred in <system wordnetid="108435388" confidence="0.8">
<economy wordnetid="108366753" confidence="0.8">
<group wordnetid="100031264" confidence="0.8">
<link xlink:type="simple" xlink:href="../667/26667.xml">
Spain</link></group>
</economy>
</system>
 parallel to the <conflict wordnetid="100958896" confidence="0.9508927676800064">
<link xlink:type="simple" xlink:href="../471/18842471.xml">
Civil War</link></conflict>
. She is also known as a poet, novelist, essayist, and <link xlink:type="simple" xlink:href="../847/52847.xml">
children's writer</link>.<p>

Federica Montseny was, in her own words, the <it>[d]aughter of a family of old anarchists</it>; her father was the anti-<link xlink:type="simple" xlink:href="../271/3271.xml">
authoritarian</link> writer and <link xlink:type="simple" xlink:href="../203/23203.xml">
propagandist</link> <person wordnetid="100007846" confidence="0.9508927676800064">
<militant wordnetid="110315837" confidence="0.9173553029164789">
<journalist wordnetid="110224578" confidence="0.9173553029164789">
<link xlink:type="simple" xlink:href="../794/3866794.xml">
Joan Montseny</link></journalist>
</militant>
</person>
 (Federico Urales); her mother, <link>
Soledad Gustavo</link>, was herself an anarchist activist.</p>
<p>

She was the first ever female minister in the Spanish government, and as minister she aimed to transform public health to meet the needs of the poor and <link xlink:type="simple" xlink:href="../421/18247421.xml">
working class</link>. To that end, she supported <link xlink:type="simple" xlink:href="../139/49139.xml">
decentralized</link>, locally responsive and preventative <link xlink:type="simple" xlink:href="../925/261925.xml">
health care</link> programs that mobilized the entire working class for the war effort. She was influenced by the anarchist <link xlink:type="simple" xlink:href="../185/11185.xml">
sex reform</link> movement, which since the 1920s had focused on <link xlink:type="simple" xlink:href="../186/706186.xml">
reproductive rights</link>, and was minister in 1936 when Dr. <link>
Félix Martí Ibáñez</link>, the anarchist director general of Health and Social Assistance of the <politics wordnetid="113840719" confidence="0.8">
<social_relation wordnetid="100032823" confidence="0.8">
<link xlink:type="simple" xlink:href="../461/294461.xml">
Generalitat de Catalunya</link></social_relation>
</politics>
, issued the <it>Eugenic Reform of Abortion</it>, a decree effectively making <link xlink:type="simple" xlink:href="../765/765.xml">
abortion</link> on demand legal in <region wordnetid="108630039" confidence="0.8">
<location wordnetid="100027167" confidence="0.8">
<link xlink:type="simple" xlink:href="../822/6822.xml">
Catalonia</link></location>
</region>
.</p>
<p>

Given her family libertarian tradition, the decision to enter the <party wordnetid="108256968" confidence="0.8">
<link xlink:type="simple" xlink:href="../640/273640.xml">
Popular Front</link></party>
 government was especially difficult. Although joining the government was a move encouraged by the <link xlink:type="simple" xlink:href="../938/49938.xml">
anarcho-syndicalist</link> <link>
Confederación Nacional del Trabajo</link> (CNT), this collaboration with the government in order to present a united front to the <link xlink:type="simple" xlink:href="../054/11054.xml">
Fascist</link> threat posed by <person wordnetid="100007846" confidence="0.9508927676800064">
<officeholder wordnetid="110371450" confidence="0.9508927676800064">
<link xlink:type="simple" xlink:href="../466/11466.xml">
Francisco Franco</link></officeholder>
</person>
's rebel armies, was widely questioned during and long after the war was over. Notably, she was involved in polemics with <person wordnetid="100007846" confidence="0.9508927676800064">
<link xlink:type="simple" xlink:href="../764/9764.xml">
Emma Goldman</link></person>
, and the recipient of the harsh criticism in <physical_entity wordnetid="100001930" confidence="0.8">
<politician wordnetid="110450303" confidence="0.8">
<communicator wordnetid="109610660" confidence="0.8">
<person wordnetid="100007846" confidence="0.8">
<communist wordnetid="109945319" confidence="0.8">
<socialist wordnetid="110618848" confidence="0.8">
<leader wordnetid="109623038" confidence="0.8">
<causal_agent wordnetid="100007347" confidence="0.8">
<anarchist wordnetid="109791816" confidence="0.8">
<writer wordnetid="110794014" confidence="0.8">
<radical wordnetid="110503452" confidence="0.8">
<journalist wordnetid="110224578" confidence="0.8">
<link xlink:type="simple" xlink:href="../188/3810188.xml">
Camillo Berneri</link></journalist>
</radical>
</writer>
</anarchist>
</causal_agent>
</leader>
</socialist>
</communist>
</person>
</communicator>
</politician>
</physical_entity>
's open letter of 1937. For many anarchists, the topic of collaboration&nbsp;&ndash;  with both <political_orientation wordnetid="106212839" confidence="0.8">
<paradigm wordnetid="113804375" confidence="0.8">
<change wordnetid="100191142" confidence="0.8">
<explanation wordnetid="105793000" confidence="0.8">
<theory wordnetid="105989479" confidence="0.8">
<linguistic_relation wordnetid="113797142" confidence="0.8">
<process wordnetid="105701363" confidence="0.8">
<thinking wordnetid="105770926" confidence="0.8">
<event wordnetid="100029378" confidence="0.8">
<action wordnetid="100037396" confidence="0.8">
<act wordnetid="100030358" confidence="0.8">
<inflection wordnetid="113803782" confidence="0.8">
<motion wordnetid="100331950" confidence="0.8">
<psychological_feature wordnetid="100023100" confidence="0.8">
<grammatical_relation wordnetid="113796779" confidence="0.8">
<higher_cognitive_process wordnetid="105770664" confidence="0.8">
<link xlink:type="simple" xlink:href="../053/1904053.xml">
Marxist</link></higher_cognitive_process>
</grammatical_relation>
</psychological_feature>
</motion>
</inflection>
</act>
</action>
</event>
</thinking>
</process>
</linguistic_relation>
</theory>
</explanation>
</change>
</paradigm>
</political_orientation>
s and governments&nbsp;&ndash;  is still a contentious one.</p>
<p>

She moved to <country wordnetid="108544813" confidence="0.9508927676800064">
<link xlink:type="simple" xlink:href="../419/5843419.xml">
France</link></country>
 in 1939 where she wrote many books, only a fraction of which were political.</p>

<sec>
<st>
References</st>
<p>

<list>
<entry level="1" type="bullet">

 <cite id="Reference-Nash-1995" style="font-style:normal" class="book">Nash, Mary&#32;(1995). Defying Male Civilization: Women in the Spanish Civil War.&#32;Denver, Colo.:&#32;Arden Press. ISBN 0-912869-15-1.</cite>&nbsp;</entry>
</list>
</p>

</sec>
<sec>
<st>
External links</st>
<p>

<list>
<entry level="1" type="bullet">

 <weblink xlink:type="simple" xlink:href="http://dwardmac.pitzer.edu/Anarchist_Archives/bright/montseny/montseny.html">
Federica Montseny's works and biography</weblink></entry>
<entry level="1" type="bullet">

 <weblink xlink:type="simple" xlink:href="http://www.centrefedericamontseny.org/">
Centre Federica Montseny</weblink></entry>
<entry level="1" type="bullet">

 <weblink xlink:type="simple" xlink:href="http://www.centrefedericamontseny.org/especiales.php?especiales=+Especiales+">
large collection of anarchist posters from the Spanish Civil War (click Buscar)</weblink></entry>
</list>
</p>
<p>

<table style=";" class="navbox" cellspacing="0">
<row>
<col style="padding:2px;">
<table style="width:100%;background:transparent;color:inherit;;" class="nowraplinks collapsible collapsed " cellspacing="0">
<row>
<header colspan="3" style=";background:white;" class="navbox-title">
<link xlink:type="simple" xlink:href="../012/12.xml">
Anarchism</link></header>
</row>
<row style="height:2px;">

</row>
<row>
<col style=";padding:0.35em 1.0em; line-height:1.1em;  background:white;;" class="navbox-group">
<event wordnetid="100029378" confidence="0.8">
<change wordnetid="100191142" confidence="0.8">
<issue wordnetid="105814650" confidence="0.8">
<action wordnetid="100037396" confidence="0.8">
<motion wordnetid="100331950" confidence="0.8">
<act wordnetid="100030358" confidence="0.8">
<psychological_feature wordnetid="100023100" confidence="0.8">
<link xlink:type="simple" xlink:href="../456/13550456.xml">
Schools of
thought</link></psychological_feature>
</act>
</motion>
</action>
</issue>
</change>
</event>
</col>
<col style="text-align:left;border-left:2px solid #fdfdfd;width:100%;padding:0px;padding:0.25em 0; line-height:1.4em;;;" class="navbox-list navbox-odd">
<school wordnetid="108276720" confidence="0.8">
<educational_institution wordnetid="108276342" confidence="0.8">
<institution wordnetid="108053576" confidence="0.8">
<link xlink:type="simple" xlink:href="../975/770975.xml">
Agorist</link></institution>
</educational_institution>
</school>
&nbsp;·  <position wordnetid="106208751" confidence="0.8">
<link xlink:type="simple" xlink:href="../171/4563171.xml">
Buddhist</link></position>
&nbsp;·  <school wordnetid="108276720" confidence="0.8">
<political_orientation wordnetid="106212839" confidence="0.8">
<educational_institution wordnetid="108276342" confidence="0.8">
<institution wordnetid="108053576" confidence="0.8">
<link xlink:type="simple" xlink:href="../023/1023.xml">
Capitalist</link></institution>
</educational_institution>
</political_orientation>
</school>
&nbsp;·  <controversy wordnetid="107183151" confidence="0.8">
<event wordnetid="100029378" confidence="0.8">
<dispute wordnetid="107181935" confidence="0.8">
<change wordnetid="100191142" confidence="0.8">
<action wordnetid="100037396" confidence="0.8">
<disagreement wordnetid="107180787" confidence="0.8">
<motion wordnetid="100331950" confidence="0.8">
<act wordnetid="100030358" confidence="0.8">
<psychological_feature wordnetid="100023100" confidence="0.8">
<speech_act wordnetid="107160883" confidence="0.8">
<link xlink:type="simple" xlink:href="../351/371351.xml">
Christian</link></speech_act>
</psychological_feature>
</act>
</motion>
</disagreement>
</action>
</change>
</dispute>
</event>
</controversy>
&nbsp;·  <school wordnetid="108276720" confidence="0.8">
<educational_institution wordnetid="108276342" confidence="0.8">
<institution wordnetid="108053576" confidence="0.8">
<link xlink:type="simple" xlink:href="../326/4450326.xml">
Collectivist</link></institution>
</educational_institution>
</school>
&nbsp;·  <school wordnetid="108276720" confidence="0.8">
<political_orientation wordnetid="106212839" confidence="0.8">
<educational_institution wordnetid="108276342" confidence="0.8">
<institution wordnetid="108053576" confidence="0.8">
<link xlink:type="simple" xlink:href="../865/17865.xml">
Communist</link></institution>
</educational_institution>
</political_orientation>
</school>
&nbsp;·  <software wordnetid="106566077" confidence="0.8">
<application wordnetid="106570110" confidence="0.8">
<program wordnetid="106568978" confidence="0.8">
<written_communication wordnetid="106349220" confidence="0.8">
<writing wordnetid="106359877" confidence="0.8">
<code wordnetid="106355894" confidence="0.8">
<coding_system wordnetid="106353757" confidence="0.8">
<link xlink:type="simple" xlink:href="../427/222427.xml">
Crypto</link></coding_system>
</code>
</writing>
</written_communication>
</program>
</application>
</software>
&nbsp;·  <link xlink:type="simple" xlink:href="../074/222074.xml">
Feminist</link>&nbsp;·  <link xlink:type="simple" xlink:href="../052/470052.xml">
Free market</link>&nbsp;·  <right wordnetid="105174653" confidence="0.8">
<link xlink:type="simple" xlink:href="../514/98514.xml">
Green</link></right>
&nbsp;·  <link xlink:type="simple" xlink:href="../936/14936.xml">
Individualist</link>&nbsp;·  <event wordnetid="100029378" confidence="0.8">
<change wordnetid="100191142" confidence="0.8">
<action wordnetid="100037396" confidence="0.8">
<motion wordnetid="100331950" confidence="0.8">
<act wordnetid="100030358" confidence="0.8">
<psychological_feature wordnetid="100023100" confidence="0.8">
<link xlink:type="simple" xlink:href="../486/1113486.xml">
Info</link></psychological_feature>
</act>
</motion>
</action>
</change>
</event>
&nbsp;·  <link xlink:type="simple" xlink:href="../779/2836779.xml">
Insurrectionary</link>&nbsp;·  <link xlink:type="simple" xlink:href="../661/1710661.xml">
Leftist</link>&nbsp;·  <link xlink:type="simple" xlink:href="../469/1211469.xml">
Lifestylist</link>&nbsp;·  <school wordnetid="108276720" confidence="0.8">
<political_orientation wordnetid="106212839" confidence="0.8">
<educational_institution wordnetid="108276342" confidence="0.8">
<institution wordnetid="108053576" confidence="0.8">
<link xlink:type="simple" xlink:href="../997/1799997.xml">
Mutualist</link></institution>
</educational_institution>
</political_orientation>
</school>
&nbsp;·  <link xlink:type="simple" xlink:href="../735/179735.xml">
Pacifist</link>&nbsp;·  <link xlink:type="simple" xlink:href="../796/23796.xml">
Pan</link>&nbsp;·  <political_orientation wordnetid="106212839" confidence="0.8">
<link xlink:type="simple" xlink:href="../545/8817545.xml">
Philosophical</link></political_orientation>
&nbsp;·  <link xlink:type="simple" xlink:href="../888/2419888.xml">
Platformist</link>&nbsp;·  <link xlink:type="simple" xlink:href="../010/2557010.xml">
Post</link>&nbsp;· <link xlink:type="simple" xlink:href="../863/11630863.xml">
Post-colonial</link>&nbsp;·   <link xlink:type="simple" xlink:href="../266/1547266.xml">
Post-leftist</link>&nbsp;·  <political_orientation wordnetid="106212839" confidence="0.8">
<link xlink:type="simple" xlink:href="../405/98405.xml">
Primitivist</link></political_orientation>
&nbsp;·  <link xlink:type="simple" xlink:href="../465/3535465.xml">
Social</link>&nbsp;·  <school wordnetid="108276720" confidence="0.8">
<political_orientation wordnetid="106212839" confidence="0.8">
<educational_institution wordnetid="108276342" confidence="0.8">
<institution wordnetid="108053576" confidence="0.8">
<link xlink:type="simple" xlink:href="../938/49938.xml">
Syndicalist</link></institution>
</educational_institution>
</political_orientation>
</school>
&nbsp;·  <link xlink:type="simple" xlink:href="../697/2052697.xml">
Without adjectives</link>&nbsp;·  <political_orientation wordnetid="106212839" confidence="0.8">
<link xlink:type="simple" xlink:href="../445/4716445.xml">
Zen</link></political_orientation>
</col>
<col style="width:0%;padding:0px 0px 0px 2px;" rowspan="17">
<image width="100px" src="Anarchy-symbol.svg">
<caption>

Circle-A anarchy symbol
</caption>
</image>
</col>
</row>
<row style="height:2px">

</row>
<row>
<col style=";padding:0.35em 1.0em; line-height:1.1em;  background:white;;" class="navbox-group">
Theory and
practice</col>
<col style="text-align:left;border-left:2px solid #fdfdfd;width:100%;padding:0px;padding:0.25em 0; line-height:1.4em;;;" class="navbox-list navbox-even">
<link xlink:type="simple" xlink:href="../784/3857784.xml">
Anarch</link>&nbsp;·  <link xlink:type="simple" xlink:href="../466/2594466.xml">
Anarchy</link>&nbsp;·  <link xlink:type="simple" xlink:href="../543/172543.xml">
Black bloc</link>&nbsp;·  <link xlink:type="simple" xlink:href="../298/13887298.xml">
Communes</link>&nbsp;·  <link xlink:type="simple" xlink:href="../313/89313.xml">
Co-operatives</link>&nbsp;·  <link xlink:type="simple" xlink:href="../491/4821491.xml">
Counter-economics</link>&nbsp;·  <link xlink:type="simple" xlink:href="../976/105976.xml">
Direct action</link>&nbsp;·  <politics wordnetid="113840719" confidence="0.8">
<social_relation wordnetid="100032823" confidence="0.8">
<link xlink:type="simple" xlink:href="../816/95816.xml">
Direct democracy</link></social_relation>
</politics>
&nbsp;·  <issue wordnetid="105814650" confidence="0.8">
<link xlink:type="simple" xlink:href="../884/1228884.xml">
Economics</link></issue>
&nbsp;·  <link xlink:type="simple" xlink:href="../558/6205558.xml">
Especifismo</link>&nbsp;·  <idea wordnetid="105833840" confidence="0.8">
<concept wordnetid="105835747" confidence="0.8">
<category wordnetid="105838765" confidence="0.8">
<type wordnetid="105840188" confidence="0.8">
<kind wordnetid="105839024" confidence="0.8">
<link xlink:type="simple" xlink:href="../130/8233130.xml">
Private defense agency</link></kind>
</type>
</category>
</concept>
</idea>
&nbsp;·  <political_orientation wordnetid="106212839" confidence="0.8">
<link xlink:type="simple" xlink:href="../834/766834.xml">
Self-ownership</link></political_orientation>
&nbsp;·  <link xlink:type="simple" xlink:href="../286/156286.xml">
Social ecology</link>&nbsp;·  <link xlink:type="simple" xlink:href="../764/866764.xml">
Spontaneous order</link>&nbsp;·  <link xlink:type="simple" xlink:href="../685/28685.xml">
Squatting</link>&nbsp;·  <link xlink:type="simple" xlink:href="../690/1864690.xml">
Workers' self-management</link></col>
</row>
<row style="height:2px">

</row>
<row>
<col style=";padding:0.35em 1.0em; line-height:1.1em;  background:white;;" class="navbox-group">
<link xlink:type="simple" xlink:href="../736/5773736.xml">
Issues</link></col>
<col style="text-align:left;border-left:2px solid #fdfdfd;width:100%;padding:0px;padding:0.25em 0; line-height:1.4em;;;" class="navbox-list navbox-odd">
<link xlink:type="simple" xlink:href="../125/1905125.xml">
Anarcho-capitalism</link>&nbsp;·  <link xlink:type="simple" xlink:href="../733/4398733.xml">
Animal rights</link>&nbsp;·  <link xlink:type="simple" xlink:href="../918/1249918.xml">
Capitalism</link>&nbsp;·  <issue wordnetid="105814650" confidence="0.8">
<link xlink:type="simple" xlink:href="../432/5349432.xml">
Criticisms</link></issue>
&nbsp;·  <link xlink:type="simple" xlink:href="../710/2112710.xml">
Islam</link>&nbsp;·  <link xlink:type="simple" xlink:href="../804/381804.xml">
Marxism</link>&nbsp;·  <link xlink:type="simple" xlink:href="../358/2382358.xml">
Nationalism</link>&nbsp;·  <link xlink:type="simple" xlink:href="../409/8364409.xml">
Orthodox Judaism</link>&nbsp;·  <link xlink:type="simple" xlink:href="../770/1332770.xml">
Religion</link>&nbsp;·  <link xlink:type="simple" xlink:href="../859/105859.xml">
Violence</link></col>
</row>
<row style="height:2px">

</row>
<row>
<col style=";padding:0.35em 1.0em; line-height:1.1em;  background:white;;" class="navbox-group">
<link xlink:type="simple" xlink:href="../286/1063286.xml">
History</link></col>
<col style="text-align:left;border-left:2px solid #fdfdfd;width:100%;padding:0px;padding:0.25em 0; line-height:1.4em;;;" class="navbox-list navbox-even">
<link xlink:type="simple" xlink:href="../524/2590524.xml">
Amakasu Incident</link>&nbsp;·  <social_group wordnetid="107950920" confidence="0.8">
<gathering wordnetid="107975026" confidence="0.8">
<community wordnetid="108223802" confidence="0.8">
<group wordnetid="100031264" confidence="0.8">
<link xlink:type="simple" xlink:href="../391/6552391.xml">
Anarchist Catalonia</link></group>
</community>
</gathering>
</social_group>
&nbsp;·  <link xlink:type="simple" xlink:href="../166/14602166.xml">
Anarchist Exclusion Act</link>&nbsp;·  <politics wordnetid="113840719" confidence="0.8">
<social_relation wordnetid="100032823" confidence="0.8">
<link xlink:type="simple" xlink:href="../209/5675209.xml">
Anarchy in Somalia</link></social_relation>
</politics>
&nbsp;·  <link xlink:type="simple" xlink:href="../791/10995791.xml">
Australian Anarchist Centenary Celebrations</link>&nbsp;·  <link xlink:type="simple" xlink:href="../834/817834.xml">
Barcelona May Days</link>&nbsp;·  <educational_institution wordnetid="108276342" confidence="0.8">
<institution wordnetid="108053576" confidence="0.8">
<link xlink:type="simple" xlink:href="../282/190282.xml">
Escuela Moderna</link></institution>
</educational_institution>
&nbsp;·  <social_group wordnetid="107950920" confidence="0.8">
<congress wordnetid="108308800" confidence="0.8">
<meeting wordnetid="108307589" confidence="0.8">
<gathering wordnetid="107975026" confidence="0.8">
<group wordnetid="100031264" confidence="0.8">
<link xlink:type="simple" xlink:href="../832/1915832.xml">
Hague Congress</link></group>
</gathering>
</meeting>
</congress>
</social_group>
&nbsp;·  <aggression wordnetid="100964569" confidence="0.8">
<violence wordnetid="100965404" confidence="0.8">
<event wordnetid="100029378" confidence="0.8">
<action wordnetid="100037396" confidence="0.8">
<riot wordnetid="101170502" confidence="0.8">
<act wordnetid="100030358" confidence="0.8">
<psychological_feature wordnetid="100023100" confidence="0.8">
<link xlink:type="simple" xlink:href="../497/2012497.xml">
Haymarket affair</link></psychological_feature>
</act>
</riot>
</action>
</event>
</violence>
</aggression>
&nbsp;·  <link xlink:type="simple" xlink:href="../676/3716676.xml">
High Treason Incident</link>&nbsp;·  <military_unit wordnetid="108198398" confidence="0.8">
<group_action wordnetid="101080366" confidence="0.8">
<event wordnetid="100029378" confidence="0.8">
<change wordnetid="100191142" confidence="0.8">
<action wordnetid="100037396" confidence="0.8">
<conflict wordnetid="100958896" confidence="0.8">
<rebellion wordnetid="100962129" confidence="0.8">
<motion wordnetid="100331950" confidence="0.8">
<act wordnetid="100030358" confidence="0.8">
<psychological_feature wordnetid="100023100" confidence="0.8">
<link xlink:type="simple" xlink:href="../725/4139725.xml">
Revolutionary Insurrectionary Army of Ukraine</link></psychological_feature>
</act>
</motion>
</rebellion>
</conflict>
</action>
</change>
</event>
</group_action>
</military_unit>
&nbsp;·  <social_group wordnetid="107950920" confidence="0.8">
<congress wordnetid="108308800" confidence="0.8">
<meeting wordnetid="108307589" confidence="0.8">
<gathering wordnetid="107975026" confidence="0.8">
<group wordnetid="100031264" confidence="0.8">
<link xlink:type="simple" xlink:href="../117/13222117.xml">
International Anarchist Congress of Amsterdam</link></group>
</gathering>
</meeting>
</congress>
</social_group>
&nbsp;·  <link xlink:type="simple" xlink:href="../916/3273916.xml">
Kate Sharpley Library</link>&nbsp;·  <conflict wordnetid="100958896" confidence="0.9508927676800064">
<link xlink:type="simple" xlink:href="../899/287899.xml">
Kronstadt rebellion</link></conflict>
&nbsp;·  <structure wordnetid="104341686" confidence="0.8">
<artifact wordnetid="100021939" confidence="0.8">
<area wordnetid="102735688" confidence="0.8">
<facility wordnetid="103315023" confidence="0.8">
<library wordnetid="103660909" confidence="0.8">
<depository wordnetid="103177349" confidence="0.8">
<archive wordnetid="102735086" confidence="0.8">
<room wordnetid="104105893" confidence="0.8">
<link xlink:type="simple" xlink:href="../773/3832773.xml">
Labadie Collection</link></room>
</archive>
</depository>
</library>
</facility>
</area>
</artifact>
</structure>
&nbsp;·  <plant wordnetid="103956922" confidence="0.8">
<structure wordnetid="104341686" confidence="0.8">
<artifact wordnetid="100021939" confidence="0.8">
<factory wordnetid="103316406" confidence="0.8">
<building_complex wordnetid="102914991" confidence="0.8">
<link xlink:type="simple" xlink:href="../837/10793837.xml">
LIP</link></building_complex>
</factory>
</artifact>
</structure>
</plant>
&nbsp;·  <violence wordnetid="100965404" confidence="0.8">
<objection wordnetid="107208338" confidence="0.8">
<protest wordnetid="101177033" confidence="0.8">
<protest wordnetid="107210225" confidence="0.8">
<direct_action wordnetid="101168369" confidence="0.8">
<job_action wordnetid="101242164" confidence="0.8">
<riot wordnetid="101170502" confidence="0.8">
<speech_act wordnetid="107160883" confidence="0.8">
<group_action wordnetid="101080366" confidence="0.8">
<aggression wordnetid="100964569" confidence="0.8">
<strike wordnetid="101243674" confidence="0.8">
<event wordnetid="100029378" confidence="0.8">
<action wordnetid="100037396" confidence="0.8">
<resistance wordnetid="101169317" confidence="0.8">
<act wordnetid="100030358" confidence="0.8">
<psychological_feature wordnetid="100023100" confidence="0.8">
<link xlink:type="simple" xlink:href="../205/311205.xml">
May 1968 in France</link></psychological_feature>
</act>
</resistance>
</action>
</event>
</strike>
</aggression>
</group_action>
</speech_act>
</riot>
</job_action>
</direct_action>
</protest>
</protest>
</objection>
</violence>
&nbsp;·  <look wordnetid="100877127" confidence="0.8">
<time_off wordnetid="115118453" confidence="0.8">
<observation wordnetid="100879759" confidence="0.8">
<leisure wordnetid="115137676" confidence="0.8">
<sensory_activity wordnetid="100876737" confidence="0.8">
<sensing wordnetid="100876874" confidence="0.8">
<fundamental_quantity wordnetid="113575869" confidence="0.8">
<time_period wordnetid="115113229" confidence="0.8">
<vacation wordnetid="115137890" confidence="0.8">
<event wordnetid="100029378" confidence="0.8">
<act wordnetid="100030358" confidence="0.8">
<psychological_feature wordnetid="100023100" confidence="0.8">
<activity wordnetid="100407535" confidence="0.8">
<link xlink:type="simple" xlink:href="../829/19829.xml">
May Day</link></activity>
</psychological_feature>
</act>
</event>
</vacation>
</time_period>
</fundamental_quantity>
</sensing>
</sensory_activity>
</leisure>
</observation>
</time_off>
</look>
&nbsp;·  <aggression wordnetid="100964569" confidence="0.8">
<violence wordnetid="100965404" confidence="0.8">
<happening wordnetid="107283608" confidence="0.8">
<event wordnetid="100029378" confidence="0.8">
<change wordnetid="107296428" confidence="0.8">
<revolution wordnetid="107424109" confidence="0.8">
<action wordnetid="100037396" confidence="0.8">
<riot wordnetid="101170502" confidence="0.8">
<act wordnetid="100030358" confidence="0.8">
<psychological_feature wordnetid="100023100" confidence="0.8">
<link xlink:type="simple" xlink:href="../134/59134.xml">
Paris Commune</link></psychological_feature>
</act>
</riot>
</action>
</revolution>
</change>
</event>
</happening>
</violence>
</aggression>
&nbsp;·  <happening wordnetid="107283608" confidence="0.8">
<event wordnetid="100029378" confidence="0.8">
<change wordnetid="107296428" confidence="0.8">
<revolution wordnetid="107424109" confidence="0.8">
<psychological_feature wordnetid="100023100" confidence="0.8">
<link xlink:type="simple" xlink:href="../459/88459.xml">
Spanish Revolution</link></psychological_feature>
</revolution>
</change>
</event>
</happening>
&nbsp;·  <aggression wordnetid="100964569" confidence="0.8">
<violence wordnetid="100965404" confidence="0.8">
<event wordnetid="100029378" confidence="0.8">
<action wordnetid="100037396" confidence="0.8">
<riot wordnetid="101170502" confidence="0.8">
<act wordnetid="100030358" confidence="0.8">
<psychological_feature wordnetid="100023100" confidence="0.8">
<link xlink:type="simple" xlink:href="../521/3015521.xml">
Tragic Week</link></psychological_feature>
</act>
</riot>
</action>
</event>
</violence>
</aggression>
</col>
</row>
<row style="height:2px">

</row>
<row>
<col style=";padding:0.35em 1.0em; line-height:1.1em;  background:white;;" class="navbox-group">
Culture</col>
<col style="text-align:left;border-left:2px solid #fdfdfd;width:100%;padding:0px;padding:0.25em 0; line-height:1.4em;;;" class="navbox-list navbox-odd">
<music_genre wordnetid="107071942" confidence="0.9508927676800064">
<link xlink:type="simple" xlink:href="../676/80676.xml">
Anarcho-punk</link></music_genre>
&nbsp;·  <link xlink:type="simple" xlink:href="../940/1325940.xml">
Arts</link>&nbsp;·  <politics wordnetid="113840719" confidence="0.8">
<event wordnetid="100029378" confidence="0.8">
<change wordnetid="100191142" confidence="0.8">
<social_relation wordnetid="100032823" confidence="0.8">
<action wordnetid="100037396" confidence="0.8">
<motion wordnetid="100331950" confidence="0.8">
<act wordnetid="100030358" confidence="0.8">
<psychological_feature wordnetid="100023100" confidence="0.8">
<link xlink:type="simple" xlink:href="../742/2287742.xml">
Black anarchism</link></psychological_feature>
</act>
</motion>
</action>
</social_relation>
</change>
</event>
</politics>
&nbsp;·  <link xlink:type="simple" xlink:href="../565/162565.xml">
Culture jamming</link>&nbsp;·  <link xlink:type="simple" xlink:href="../399/2377399.xml">
DIY culture</link>&nbsp;·  <link xlink:type="simple" xlink:href="../313/185313.xml">
Freeganism</link>&nbsp;·  <body wordnetid="107965085" confidence="0.8">
<university wordnetid="108286163" confidence="0.8">
<social_group wordnetid="107950920" confidence="0.8">
<event wordnetid="100029378" confidence="0.8">
<change wordnetid="100191142" confidence="0.8">
<action wordnetid="100037396" confidence="0.8">
<motion wordnetid="100331950" confidence="0.8">
<group wordnetid="100031264" confidence="0.8">
<act wordnetid="100030358" confidence="0.8">
<psychological_feature wordnetid="100023100" confidence="0.8">
<link xlink:type="simple" xlink:href="../863/4913863.xml">
Free school</link></psychological_feature>
</act>
</group>
</motion>
</action>
</change>
</event>
</social_group>
</university>
</body>
&nbsp;·  <event wordnetid="100029378" confidence="0.8">
<change wordnetid="100191142" confidence="0.8">
<action wordnetid="100037396" confidence="0.8">
<motion wordnetid="100331950" confidence="0.8">
<act wordnetid="100030358" confidence="0.8">
<psychological_feature wordnetid="100023100" confidence="0.8">
<link xlink:type="simple" xlink:href="../152/1029152.xml">
Free store</link></psychological_feature>
</act>
</motion>
</action>
</change>
</event>
&nbsp;·  <link xlink:type="simple" xlink:href="../488/44488.xml">
Independent Media Center</link>&nbsp;·  <event wordnetid="100029378" confidence="0.8">
<change wordnetid="100191142" confidence="0.8">
<action wordnetid="100037396" confidence="0.8">
<motion wordnetid="100331950" confidence="0.8">
<act wordnetid="100030358" confidence="0.8">
<psychological_feature wordnetid="100023100" confidence="0.8">
<link xlink:type="simple" xlink:href="../985/1446985.xml">
Infoshop</link></psychological_feature>
</act>
</motion>
</action>
</change>
</event>
&nbsp;·  <event wordnetid="100029378" confidence="0.8">
<change wordnetid="100191142" confidence="0.8">
<action wordnetid="100037396" confidence="0.8">
<motion wordnetid="100331950" confidence="0.8">
<act wordnetid="100030358" confidence="0.8">
<psychological_feature wordnetid="100023100" confidence="0.8">
<link xlink:type="simple" xlink:href="../867/4532867.xml">
Jewish anarchism</link></psychological_feature>
</act>
</motion>
</action>
</change>
</event>
&nbsp;·  <link xlink:type="simple" xlink:href="../066/3859066.xml">
Popular education</link>&nbsp;·  <school wordnetid="108276720" confidence="0.8">
<event wordnetid="100029378" confidence="0.8">
<change wordnetid="100191142" confidence="0.8">
<action wordnetid="100037396" confidence="0.8">
<educational_institution wordnetid="108276342" confidence="0.8">
<motion wordnetid="100331950" confidence="0.8">
<act wordnetid="100030358" confidence="0.8">
<psychological_feature wordnetid="100023100" confidence="0.8">
<institution wordnetid="108053576" confidence="0.8">
<link xlink:type="simple" xlink:href="../451/2946451.xml">
Really Really Free Market</link></institution>
</psychological_feature>
</act>
</motion>
</educational_institution>
</action>
</change>
</event>
</school>
&nbsp;·  <issue wordnetid="105814650" confidence="0.8">
<link xlink:type="simple" xlink:href="../360/903360.xml">
Symbolism</link></issue>
&nbsp;· <link xlink:type="simple" xlink:href="../282/18017282.xml">
Terminology</link></col>
</row>
<row style="height:2px">

</row>
<row>
<col style=";padding:0.35em 1.0em; line-height:1.1em;  background:white;;" class="navbox-group">
<issue wordnetid="105814650" confidence="0.8">
<link xlink:type="simple" xlink:href="../884/1228884.xml">
Economics</link></issue>
</col>
<col style="text-align:left;border-left:2px solid #fdfdfd;width:100%;padding:0px;padding:0.25em 0; line-height:1.4em;;;" class="navbox-list navbox-even">
<school wordnetid="108276720" confidence="0.8">
<educational_institution wordnetid="108276342" confidence="0.8">
<institution wordnetid="108053576" confidence="0.8">
<link xlink:type="simple" xlink:href="../975/770975.xml">
Agorism</link></institution>
</educational_institution>
</school>
&nbsp;·  <school wordnetid="108276720" confidence="0.8">
<political_orientation wordnetid="106212839" confidence="0.8">
<educational_institution wordnetid="108276342" confidence="0.8">
<institution wordnetid="108053576" confidence="0.8">
<link xlink:type="simple" xlink:href="../023/1023.xml">
Capitalism</link></institution>
</educational_institution>
</political_orientation>
</school>
&nbsp;·  <school wordnetid="108276720" confidence="0.8">
<educational_institution wordnetid="108276342" confidence="0.8">
<institution wordnetid="108053576" confidence="0.8">
<link xlink:type="simple" xlink:href="../326/4450326.xml">
Collectivism</link></institution>
</educational_institution>
</school>
&nbsp;·  <school wordnetid="108276720" confidence="0.8">
<political_orientation wordnetid="106212839" confidence="0.8">
<educational_institution wordnetid="108276342" confidence="0.8">
<institution wordnetid="108053576" confidence="0.8">
<link xlink:type="simple" xlink:href="../865/17865.xml">
Communism</link></institution>
</educational_institution>
</political_orientation>
</school>
&nbsp;·  <link xlink:type="simple" xlink:href="../313/89313.xml">
Co-operatives</link>&nbsp;·  <link xlink:type="simple" xlink:href="../491/4821491.xml">
Counter-economics</link>&nbsp;·  <link xlink:type="simple" xlink:href="../052/470052.xml">
Free market</link>&nbsp;·  <body wordnetid="107965085" confidence="0.8">
<university wordnetid="108286163" confidence="0.8">
<social_group wordnetid="107950920" confidence="0.8">
<event wordnetid="100029378" confidence="0.8">
<change wordnetid="100191142" confidence="0.8">
<action wordnetid="100037396" confidence="0.8">
<motion wordnetid="100331950" confidence="0.8">
<group wordnetid="100031264" confidence="0.8">
<act wordnetid="100030358" confidence="0.8">
<psychological_feature wordnetid="100023100" confidence="0.8">
<link xlink:type="simple" xlink:href="../863/4913863.xml">
Free school</link></psychological_feature>
</act>
</group>
</motion>
</action>
</change>
</event>
</social_group>
</university>
</body>
&nbsp;·  <event wordnetid="100029378" confidence="0.8">
<change wordnetid="100191142" confidence="0.8">
<action wordnetid="100037396" confidence="0.8">
<motion wordnetid="100331950" confidence="0.8">
<act wordnetid="100030358" confidence="0.8">
<psychological_feature wordnetid="100023100" confidence="0.8">
<link xlink:type="simple" xlink:href="../152/1029152.xml">
Free store</link></psychological_feature>
</act>
</motion>
</action>
</change>
</event>
&nbsp;·  <link xlink:type="simple" xlink:href="../329/368329.xml">
Georgism</link>&nbsp;·  <link xlink:type="simple" xlink:href="../588/126588.xml">
Gift economy</link>&nbsp;·  <political_orientation wordnetid="106212839" confidence="0.8">
<link xlink:type="simple" xlink:href="../225/2451225.xml">
Market abolitionism</link></political_orientation>
&nbsp;·  <link xlink:type="simple" xlink:href="../474/11419474.xml">
Mutual aid</link>&nbsp;·  <school wordnetid="108276720" confidence="0.8">
<political_orientation wordnetid="106212839" confidence="0.8">
<educational_institution wordnetid="108276342" confidence="0.8">
<institution wordnetid="108053576" confidence="0.8">
<link xlink:type="simple" xlink:href="../997/1799997.xml">
Mutualism</link></institution>
</educational_institution>
</political_orientation>
</school>
&nbsp;·  <idea wordnetid="105833840" confidence="0.8">
<concept wordnetid="105835747" confidence="0.8">
<category wordnetid="105838765" confidence="0.8">
<school wordnetid="108276720" confidence="0.8">
<political_orientation wordnetid="106212839" confidence="0.8">
<educational_institution wordnetid="108276342" confidence="0.8">
<type wordnetid="105840188" confidence="0.8">
<kind wordnetid="105839024" confidence="0.8">
<institution wordnetid="108053576" confidence="0.8">
<link xlink:type="simple" xlink:href="../393/76393.xml">
Participatory economics</link></institution>
</kind>
</type>
</educational_institution>
</political_orientation>
</school>
</category>
</concept>
</idea>
&nbsp;·  <school wordnetid="108276720" confidence="0.8">
<event wordnetid="100029378" confidence="0.8">
<change wordnetid="100191142" confidence="0.8">
<action wordnetid="100037396" confidence="0.8">
<educational_institution wordnetid="108276342" confidence="0.8">
<motion wordnetid="100331950" confidence="0.8">
<act wordnetid="100030358" confidence="0.8">
<psychological_feature wordnetid="100023100" confidence="0.8">
<institution wordnetid="108053576" confidence="0.8">
<link xlink:type="simple" xlink:href="../451/2946451.xml">
Really Really Free Market</link></institution>
</psychological_feature>
</act>
</motion>
</educational_institution>
</action>
</change>
</event>
</school>
&nbsp;·  <political_orientation wordnetid="106212839" confidence="0.8">
<link xlink:type="simple" xlink:href="../834/766834.xml">
Self-ownership</link></political_orientation>
&nbsp;·  <school wordnetid="108276720" confidence="0.8">
<political_orientation wordnetid="106212839" confidence="0.8">
<educational_institution wordnetid="108276342" confidence="0.8">
<institution wordnetid="108053576" confidence="0.8">
<link xlink:type="simple" xlink:href="../938/49938.xml">
Syndicalism</link></institution>
</educational_institution>
</political_orientation>
</school>
&nbsp;·  <practice wordnetid="100410247" confidence="0.8">
<event wordnetid="100029378" confidence="0.8">
<act wordnetid="100030358" confidence="0.8">
<psychological_feature wordnetid="100023100" confidence="0.8">
<activity wordnetid="100407535" confidence="0.8">
<link xlink:type="simple" xlink:href="../706/53706.xml">
Wage slavery</link></activity>
</psychological_feature>
</act>
</event>
</practice>
&nbsp;·  <link xlink:type="simple" xlink:href="../690/1864690.xml">
Workers' self-management</link></col>
</row>
<row style="height:2px">

</row>
<row>
<col style=";padding:0.35em 1.0em; line-height:1.1em;  background:white;;" class="navbox-group">
<link xlink:type="simple" xlink:href="../696/6205696.xml">
By region</link></col>
<col style="text-align:left;border-left:2px solid #fdfdfd;width:100%;padding:0px;padding:0.25em 0; line-height:1.4em;;;" class="navbox-list navbox-odd">
<link xlink:type="simple" xlink:href="../310/1433310.xml">
Africa</link>&nbsp;·  <politics wordnetid="113840719" confidence="0.8">
<social_relation wordnetid="100032823" confidence="0.8">
<link xlink:type="simple" xlink:href="../653/7195653.xml">
Austria</link></social_relation>
</politics>
&nbsp;·  <politics wordnetid="113840719" confidence="0.8">
<social_relation wordnetid="100032823" confidence="0.8">
<link xlink:type="simple" xlink:href="../671/8874671.xml">
Brazil</link></social_relation>
</politics>
&nbsp;·  <event wordnetid="100029378" confidence="0.8">
<change wordnetid="100191142" confidence="0.8">
<action wordnetid="100037396" confidence="0.8">
<motion wordnetid="100331950" confidence="0.8">
<act wordnetid="100030358" confidence="0.8">
<psychological_feature wordnetid="100023100" confidence="0.8">
<link xlink:type="simple" xlink:href="../019/14603019.xml">
Canada</link></psychological_feature>
</act>
</motion>
</action>
</change>
</event>
&nbsp;·  <physical_entity wordnetid="100001930" confidence="0.8">
<person wordnetid="100007846" confidence="0.8">
<worker wordnetid="109632518" confidence="0.8">
<causal_agent wordnetid="100007347" confidence="0.8">
<anarchist wordnetid="109791816" confidence="0.8">
<radical wordnetid="110503452" confidence="0.8">
<link xlink:type="simple" xlink:href="../561/4977561.xml">
China</link></radical>
</anarchist>
</causal_agent>
</worker>
</person>
</physical_entity>
&nbsp;·  <link xlink:type="simple" xlink:href="../176/8784176.xml">
Cuba</link>&nbsp;·  <politics wordnetid="113840719" confidence="0.8">
<social_relation wordnetid="100032823" confidence="0.8">
<link xlink:type="simple" xlink:href="../063/673063.xml">
England</link></social_relation>
</politics>
&nbsp;·  <link xlink:type="simple" xlink:href="../365/5658365.xml">
France</link>&nbsp;·  <link xlink:type="simple" xlink:href="../745/6244745.xml">
Greece</link>&nbsp;·  <politics wordnetid="113840719" confidence="0.8">
<social_relation wordnetid="100032823" confidence="0.8">
<link xlink:type="simple" xlink:href="../954/14526954.xml">
India</link></social_relation>
</politics>
&nbsp;·  <link xlink:type="simple" xlink:href="../320/10403320.xml">
Ireland</link>&nbsp;·  <link xlink:type="simple" xlink:href="../302/8360302.xml">
Israel</link>&nbsp;·  <link xlink:type="simple" xlink:href="../567/10304567.xml">
Italy</link>&nbsp;·  <politics wordnetid="113840719" confidence="0.8">
<social_relation wordnetid="100032823" confidence="0.8">
<link xlink:type="simple" xlink:href="../723/15481723.xml">
Japan</link></social_relation>
</politics>
&nbsp;·  <politics wordnetid="113840719" confidence="0.8">
<social_relation wordnetid="100032823" confidence="0.8">
<link xlink:type="simple" xlink:href="../159/15475159.xml">
Korea</link></social_relation>
</politics>
&nbsp;·  <physical_entity wordnetid="100001930" confidence="0.8">
<politics wordnetid="113840719" confidence="0.8">
<person wordnetid="100007846" confidence="0.8">
<social_relation wordnetid="100032823" confidence="0.8">
<causal_agent wordnetid="100007347" confidence="0.8">
<anarchist wordnetid="109791816" confidence="0.8">
<radical wordnetid="110503452" confidence="0.8">
<link xlink:type="simple" xlink:href="../528/4117528.xml">
Mexico</link></radical>
</anarchist>
</causal_agent>
</social_relation>
</person>
</politics>
</physical_entity>
&nbsp;·  <politics wordnetid="113840719" confidence="0.8">
<social_relation wordnetid="100032823" confidence="0.8">
<link xlink:type="simple" xlink:href="../386/15499386.xml">
Poland</link></social_relation>
</politics>
&nbsp;·  <link xlink:type="simple" xlink:href="../769/7475769.xml">
Russia</link>&nbsp;·  <link xlink:type="simple" xlink:href="../586/805586.xml">
Spain</link>&nbsp;·  <politics wordnetid="113840719" confidence="0.8">
<social_relation wordnetid="100032823" confidence="0.8">
<link xlink:type="simple" xlink:href="../268/7080268.xml">
Sweden</link></social_relation>
</politics>
&nbsp;·  <politics wordnetid="113840719" confidence="0.8">
<social_relation wordnetid="100032823" confidence="0.8">
<link xlink:type="simple" xlink:href="../912/15484912.xml">
Turkey</link></social_relation>
</politics>
&nbsp;·  <link xlink:type="simple" xlink:href="../267/7066267.xml">
Ukraine</link>&nbsp;·  <link xlink:type="simple" xlink:href="../182/2274182.xml">
United States</link>&nbsp;·  <physical_entity wordnetid="100001930" confidence="0.8">
<person wordnetid="100007846" confidence="0.8">
<worker wordnetid="109632518" confidence="0.8">
<causal_agent wordnetid="100007347" confidence="0.8">
<link xlink:type="simple" xlink:href="../615/16032615.xml">
Vietnam</link></causal_agent>
</worker>
</person>
</physical_entity>
</col>
</row>
<row style="height:2px">

</row>
<row>
<col style=";padding:0.35em 1.0em; line-height:1.1em;  background:white;;" class="navbox-group">
<link xlink:type="simple" xlink:href="../461/14946461.xml">
Lists</link></col>
<col style="text-align:left;border-left:2px solid #fdfdfd;width:100%;padding:0px;padding:0.25em 0; line-height:1.4em;;;" class="navbox-list navbox-even">
<link xlink:type="simple" xlink:href="../104/3786104.xml">
Books</link>&nbsp;·  <link xlink:type="simple" xlink:href="../185/218185.xml">
Communities</link>&nbsp;·  <link xlink:type="simple" xlink:href="../843/4507843.xml">
Fictional characters</link>&nbsp;·  <link xlink:type="simple" xlink:href="../009/9465009.xml">
Jewish anarchists</link>&nbsp;·  <link xlink:type="simple" xlink:href="../081/1548081.xml">
Musicians</link>&nbsp;·  <link xlink:type="simple" xlink:href="../696/6205696.xml">
Movements by region</link>&nbsp;·  <link xlink:type="simple" xlink:href="../960/773960.xml">
Organizations</link>&nbsp;·  <link xlink:type="simple" xlink:href="../080/11836080.xml">
Periodicals</link>&nbsp;·  <link xlink:type="simple" xlink:href="../989/4758989.xml">
Poets</link>&nbsp;·  <link xlink:type="simple" xlink:href="../086/1121086.xml">
Anarcho-punk bands</link>&nbsp;·  <link xlink:type="simple" xlink:href="../706/5225706.xml">
Russian anarchists</link></col>
</row>
<row style="height:2px">

</row>
<row>
<col style=";padding:0.35em 1.0em; line-height:1.1em;  background:white;;" class="navbox-group">
Related topics</col>
<col style="text-align:left;border-left:2px solid #fdfdfd;width:100%;padding:0px;padding:0.25em 0; line-height:1.4em;;;" class="navbox-list navbox-odd">
<link xlink:type="simple" xlink:href="../443/44443.xml">
Anti-capitalism</link>&nbsp;·  <link xlink:type="simple" xlink:href="../658/18940658.xml#xpointer(//*[./st=%22Anarchist+anti-communism%22])">
Anti-communism</link>&nbsp;·  <link xlink:type="simple" xlink:href="../109/3942109.xml">
Anti-consumerism</link>&nbsp;·  <link xlink:type="simple" xlink:href="../803/715803.xml">
Anti-corporatism</link>&nbsp;·  <information wordnetid="105816287" confidence="0.8">
<political_orientation wordnetid="106212839" confidence="0.8">
<example wordnetid="105820620" confidence="0.8">
<link xlink:type="simple" xlink:href="../816/93816.xml">
Anti-globalization</link></example>
</political_orientation>
</information>
&nbsp;·  <link xlink:type="simple" xlink:href="../698/3483698.xml">
Antimilitarism</link>&nbsp;·  <link xlink:type="simple" xlink:href="../771/2029771.xml">
Anti-statism</link>&nbsp;·  <link xlink:type="simple" xlink:href="../091/214091.xml">
Anti-war</link>&nbsp;·  <school wordnetid="108276720" confidence="0.8">
<political_orientation wordnetid="106212839" confidence="0.8">
<educational_institution wordnetid="108276342" confidence="0.8">
<institution wordnetid="108053576" confidence="0.8">
<link xlink:type="simple" xlink:href="../659/5170659.xml">
Autarchism</link></institution>
</educational_institution>
</political_orientation>
</school>
&nbsp;·  <link xlink:type="simple" xlink:href="../264/4685264.xml">
Autonomism</link>&nbsp;·  <link xlink:type="simple" xlink:href="../687/19287687.xml">
Labour movement</link>&nbsp;·  <link xlink:type="simple" xlink:href="../498/3225498.xml">
Libertarianism</link>&nbsp;·  <political_orientation wordnetid="106212839" confidence="0.8">
<link xlink:type="simple" xlink:href="../048/18048.xml">
Libertarian socialism</link></political_orientation>
&nbsp;·  <group wordnetid="100031264" confidence="0.8">
<link xlink:type="simple" xlink:href="../521/57521.xml">
Situationist International</link></group>
</col>
</row>
<row style="height:2px;">

</row>
<row>
<col colspan="3" style=";background:white;" class="navbox-abovebelow">
<image width="30px" src="BlackFlagSymbol.svg">
</image>
 <b>
Anarchism portal</b>
&nbsp;·  
Philosophy portal&nbsp;·  
Politics portal</col>
</row>
</table>
</col>
</row>
</table>
</p>






</sec>
</bdy>
</essayist>
</novelist>
</radical>
</writer>
</anarchist>
</causal_agent>
</leader>
</poet>
</person>
</communicator>
</politician>
</physical_entity>
</article>
