<?xml version="1.0" encoding="UTF-8"?>
<!-- generated by CLiX/Wiki2XML [MPI-Inf, MMCI@UdS] $LastChangedRevision: 92 $ on 16.04.2009 16:18:32[mciao0828] -->
<!DOCTYPE article SYSTEM "../article.dtd">
<article xmlns:xlink="http://www.w3.org/1999/xlink">
<physical_entity  confidence="0.8" wordnetid="100001930">
<fictional_character  confidence="0.8" wordnetid="109587565">
<imaginary_being  confidence="0.8" wordnetid="109483738">
<causal_agent  confidence="0.8" wordnetid="100007347">
<agent  confidence="0.8" wordnetid="109190918">
<header>
<title>Jerry Cornelius</title>
<id>149880</id>
<revision>
<id>241173828</id>
<timestamp>2008-09-26T18:07:45Z</timestamp>
<contributor>
<username>QaBobAllah</username>
<id>7925541</id>
</contributor>
</revision>
<categories>
<category>Michael Moorcock characters</category>
<category>Eternal Champion</category>
<category>Fictional secret agents and spies</category>
</categories>
</header>
<bdy>

<b>Jerry Cornelius</b> is a <link xlink:type="simple" xlink:href="../749/76749.xml">
fictional</link> <link xlink:type="simple" xlink:href="../501/10501.xml">
secret agent</link> and adventurer created by science fiction / fantasy author <person wordnetid="100007846" confidence="0.9508927676800064">
<writer wordnetid="110794014" confidence="0.9508927676800064">
<novelist wordnetid="110363573" confidence="0.9173553029164789">
<link xlink:type="simple" xlink:href="../358/19358.xml">
Michael Moorcock</link></novelist>
</writer>
</person>
. He is a kind of hip <link xlink:type="simple" xlink:href="../501/10501.xml">
secret agent</link> of ambiguous and occasionally polymorphous <link xlink:type="simple" xlink:href="../951/15179951.xml">
sexuality</link>; the same characters featured in each of several Cornelius books, though the individual books had little connection with one another, having a more <link xlink:type="simple" xlink:href="../910/292910.xml">
metafiction</link>al than causal relationship to one another. The first Jerry Cornelius book, <link xlink:type="simple" xlink:href="../976/14492976.xml">
<it>The Final Programme''</it></link> was made into a film starring <actor wordnetid="109765278" confidence="0.9508927676800064">
<link xlink:type="simple" xlink:href="../405/3050405.xml">
Jon Finch</link></actor>
 and <actor wordnetid="109765278" confidence="0.9508927676800064">
<link xlink:type="simple" xlink:href="../081/9612081.xml">
Jenny Runacre</link></actor>
.<p>

The series draws plot elements from Moorcock's <link>
Elric</link> series, as well as the <it><link xlink:type="simple" xlink:href="../625/51625.xml">
Commedia dell'arte</link></it>. Moorcock hints in many places that Cornelius may be an aspect of the <work wordnetid="104599396" confidence="0.8">
<product wordnetid="104007894" confidence="0.8">
<creation wordnetid="103129123" confidence="0.8">
<artifact wordnetid="100021939" confidence="0.8">
<book wordnetid="106410904" confidence="0.8">
<publication wordnetid="106589574" confidence="0.8">
<link xlink:type="simple" xlink:href="../216/177216.xml">
Eternal Champion</link></publication>
</book>
</artifact>
</creation>
</product>
</work>
.  Characters from the Cornelius novels show up in much of Moorcock's other fiction: for example, Moorcock's <short_story wordnetid="106371999" confidence="0.9508927676800064">
<link xlink:type="simple" xlink:href="../485/2014485.xml">
Dancers at the End of Time</link></short_story>
 series has a character called <link>
Jherek Carnelian</link>; <fictional_character wordnetid="109587565" confidence="0.8">
<imaginary_being wordnetid="109483738" confidence="0.8">
<link xlink:type="simple" xlink:href="../979/14553979.xml">
Una Persson</link></imaginary_being>
</fictional_character>
 appears in the Dancers series, the <link xlink:type="simple" xlink:href="../483/10125483.xml">
Oswald Bastable</link> books, and possibly as <it>Oona</it> in the latest <link>
Elric</link> books; and <link xlink:type="simple" xlink:href="../393/15123393.xml">
Colonel Pyat</link> has his own non-SF series of books by Moorcock, beginning with <it><literary_composition wordnetid="106364329" confidence="0.8">
<written_communication wordnetid="106349220" confidence="0.8">
<writing wordnetid="106362953" confidence="0.8">
<fiction wordnetid="106367107" confidence="0.8">
<novel wordnetid="106367879" confidence="0.8">
<link xlink:type="simple" xlink:href="../747/9698747.xml">
Byzantium Endures</link></novel>
</fiction>
</writing>
</written_communication>
</literary_composition>
</it>. The name "Jerry Cornelius" and its variants appear at least four time (<literary_composition wordnetid="106364329" confidence="0.8">
<written_communication wordnetid="106349220" confidence="0.8">
<writing wordnetid="106362953" confidence="0.8">
<fiction wordnetid="106367107" confidence="0.8">
<novel wordnetid="106367879" confidence="0.8">
<link xlink:type="simple" xlink:href="../503/8038503.xml">
Jerry Cornell</link></novel>
</fiction>
</writing>
</written_communication>
</literary_composition>
, <link>
Jherek Carnelian</link> and the anagrammatic <link xlink:type="simple" xlink:href="../617/7617.xml">
Corum Jhaelen Irsei</link>). The location of <site wordnetid="108651247" confidence="0.9508927676800064">
<link xlink:type="simple" xlink:href="../200/94200.xml">
Notting Hill</link></site>
 in <village wordnetid="108672738" confidence="0.9508927676800064">
<link xlink:type="simple" xlink:href="../867/17867.xml">
London</link></village>
 also features prominently. In the <link xlink:type="simple" xlink:href="../237/7151237.xml">
Runestaff</link> series, the young boy who manifests as the "spirit" of the <link xlink:type="simple" xlink:href="../237/7151237.xml">
Runestaff</link>, is called by the name Jehamiah Cohnalias, that is clearly another cognate, and thereby perhaps suggests Jerry's final fate.</p>

<sec>
<st>
<literary_composition wordnetid="106364329" confidence="0.8">
<written_communication wordnetid="106349220" confidence="0.8">
<writing wordnetid="106362953" confidence="0.8">
<fiction wordnetid="106367107" confidence="0.8">
<novel wordnetid="106367879" confidence="0.8">
<link xlink:type="simple" xlink:href="../095/14493095.xml">
The Cornelius Quartet</link></novel>
</fiction>
</writing>
</written_communication>
</literary_composition>
</st>
<p>

In these four novels Jerry undergoes transformations, dies, is reborn, spends one entire novel as a shivering wreck, and eventually discovers his true natures.
<list>
<entry level="1" type="bullet">

 <literary_composition wordnetid="106364329" confidence="0.8">
<written_communication wordnetid="106349220" confidence="0.8">
<writing wordnetid="106362953" confidence="0.8">
<fiction wordnetid="106367107" confidence="0.8">
<novel wordnetid="106367879" confidence="0.8">
<link xlink:type="simple" xlink:href="../976/14492976.xml">
The Final Programme</link></novel>
</fiction>
</writing>
</written_communication>
</literary_composition>
</entry>
<entry level="2" type="bullet">

 Jerry battles his brother Frank who has kidnapped his beloved Catherine.  Frank of course dies, but Catherine is also killed.  Jerry is sucked into the plans of Miss Brunner to create the perfect being by merging their bodies together.  When this is done, a radiantly charismatic hermaphroditic being emerges from the machinery.  All who see the new creature fall quaking to their knees.  The creature itself announces that this is "a very tasty world".</entry>
<entry level="1" type="bullet">

 <literary_composition wordnetid="106364329" confidence="0.8">
<written_communication wordnetid="106349220" confidence="0.8">
<writing wordnetid="106362953" confidence="0.8">
<fiction wordnetid="106367107" confidence="0.8">
<novel wordnetid="106367879" confidence="0.8">
<link xlink:type="simple" xlink:href="../966/14492966.xml">
A Cure for Cancer</link></novel>
</fiction>
</writing>
</written_communication>
</literary_composition>
</entry>
<entry level="2" type="bullet">

 Jerry is solo again, existing as negative character with black skin and white hair.  He moves through a landscape of destroyed English cities and occupying American armies, a metaphor for contemporary <country wordnetid="108544813" confidence="0.9508927676800064">
<link xlink:type="simple" xlink:href="../354/202354.xml">
Vietnam</link></country>
.  He runs a clandestine "transmogrification" service for people who want to cast off their old selves, flesh and all.  We meet the gluttonous Bishop Beasley, and his daughter Mitzi.  Eventually Jerry drives the Americans to madness, causing them to burn everything, including themselves.</entry>
<entry level="1" type="bullet">

 <literary_composition wordnetid="106364329" confidence="0.8">
<written_communication wordnetid="106349220" confidence="0.8">
<writing wordnetid="106362953" confidence="0.8">
<fiction wordnetid="106367107" confidence="0.8">
<novel wordnetid="106367879" confidence="0.8">
<link xlink:type="simple" xlink:href="../030/14493030.xml">
The English Assassin</link></novel>
</fiction>
</writing>
</written_communication>
</literary_composition>
</entry>
<entry level="2" type="bullet">

 All the supporting characters, particularly Una Persson, drive this novel while Jerry is nothing more than a whimpering heap of rags washed up on a beach and carried in the back of a lorry to safety.  There are episodes in settings ranging from the cockpit of a <aircraft wordnetid="102686568" confidence="0.9508927676800064">
<link xlink:type="simple" xlink:href="../838/486838.xml">
Dornier Do X</link></aircraft>
, the deck of an Edwardian sailing ship, the anarchic steppes of revolutionary Russia, and Victorian music-hall.  Finally Jerry is able to revive as the character Pierrot, forever mourning his lost Columbine, who is Catherine.</entry>
<entry level="1" type="bullet">

 <literary_composition wordnetid="106364329" confidence="0.8">
<written_communication wordnetid="106349220" confidence="0.8">
<writing wordnetid="106362953" confidence="0.8">
<fiction wordnetid="106367107" confidence="0.8">
<novel wordnetid="106367879" confidence="0.8">
<link xlink:type="simple" xlink:href="../035/14493035.xml">
The Condition of Muzak</link></novel>
</fiction>
</writing>
</written_communication>
</literary_composition>
</entry>
<entry level="2" type="bullet">

 Taking its title from the <expert wordnetid="109617867" confidence="0.8">
<peer wordnetid="109626238" confidence="0.8">
<physical_entity wordnetid="100001930" confidence="0.8">
<person wordnetid="100007846" confidence="0.8">
<colleague wordnetid="109935990" confidence="0.8">
<associate wordnetid="109816771" confidence="0.8">
<authority wordnetid="109824361" confidence="0.8">
<communicator wordnetid="109610660" confidence="0.8">
<causal_agent wordnetid="100007347" confidence="0.8">
<writer wordnetid="110794014" confidence="0.8">
<evaluator wordnetid="110066732" confidence="0.8">
<critic wordnetid="109979321" confidence="0.8">
<essayist wordnetid="110064405" confidence="0.8">
<link xlink:type="simple" xlink:href="../303/311303.xml">
Walter Pater</link></essayist>
</critic>
</evaluator>
</writer>
</causal_agent>
</communicator>
</authority>
</associate>
</colleague>
</person>
</physical_entity>
</peer>
</expert>
 quote "All art constantly aspires towards the condition of music", this is a series of vignettes that cast Jerry as a teenager in Notting Hill, a character in the <it>commedia dell'arte</it>, a secret agent and a fool.  Particularly notable are the Notting Hill scenes, which seem to reduce all the other parts of the canon to fantasies in the adolescent Jerry's mind.  Other scenes fill in detail, if any were needed, between the novels.  In the final scene Jerry's foul-mouthed mother dies, and on her deathbed she reveals the family's history as a distorted version of the canon which Jerry and his now-pregnant sister Catherine seem doomed to continue.</entry>
</list>
</p>

</sec>
<sec>
<st>
Notable characters</st>
<p>

<list>
<entry level="1" type="bullet">

 <b>Jerry Cornelius</b>, secret agent, superhero, adventurer, all things to all men (and women).  A figure of almost complete anarchy.  Typically destroys repressive authority.  Later exposed as a false <link xlink:type="simple" xlink:href="../341/38341.xml">
Harlequin</link>, a tragic <fictional_character wordnetid="109587565" confidence="0.8">
<imaginary_being wordnetid="109483738" confidence="0.8">
<link xlink:type="simple" xlink:href="../126/51126.xml">
Pierrot</link></imaginary_being>
</fictional_character>
 at heart, or simply an adolescent fantasy.</entry>
<entry level="1" type="bullet">

 <b>Miss Brunner</b>, Jerry's opposite.  Representing stifling authority.  Also follows a more mystical path than Jerry's fatalistic realism.</entry>
<entry level="1" type="bullet">

 <b>Bishop Beesley</b>, endlessly corrupt gluttonous villain.  Thirsts for power, money, pleasure.</entry>
<entry level="1" type="bullet">

 <b>Una Persson</b>, a female version of Jerry, even to the extent of being Catherine's lover.  In <it>The Condition of Muzak</it> she is revealed to be a true <link xlink:type="simple" xlink:href="../341/38341.xml">
Harlequin</link>.</entry>
<entry level="1" type="bullet">

 <b>Catherine Cornelius</b>, Jerry's sister and incestuous lover.  Usually dies tragically.  Often pregnant by Jerry. In some stories, a masochistic figure.</entry>
<entry level="1" type="bullet">

 <b>Major Nye</b>, a retired British Army officer, participant in secret missions, and Una Persson's sometime lover.</entry>
<entry level="1" type="bullet">

 <b>Colonel Pyat</b>, a Russian emigre officer, also a sometime lover of Una Persson.</entry>
<entry level="1" type="bullet">

 <b>Professor Hira</b>, occasionally another of Jerry's lover.  Counterpart to Jerry's character, always calm and in control.  </entry>
<entry level="1" type="bullet">

 <b>Frank Cornelius</b>', Jerry's scheming brother, <link xlink:type="simple" xlink:href="../648/192648.xml">
Cain</link> to Jerry's <link xlink:type="simple" xlink:href="../648/192648.xml">
Abel</link>.  Usually killed by Jerry, but always returns.</entry>
<entry level="1" type="bullet">

 <b>Mrs. Cornelius</b>, fat, libidinous, foul-mouthed mother to Frank, Jerry and Catherine.  The quintessential urban survivor, a modern <link xlink:type="simple" xlink:href="../469/827469.xml">
Mother Courage</link>.</entry>
<entry level="1" type="bullet">

 <b>'Shaky' Mo Collier</b>, a companion on many adventures, and also supplier of many and varied drugs to almost everyone.  He almost acts as Jerry's right hand man always there when needed, although somewhat unreliable in execution of tasks. (Created by <writer wordnetid="110794014" confidence="0.9173553029164789">
<link xlink:type="simple" xlink:href="../375/58375.xml">
M. John Harrison</link></writer>
, rather than Moorcock.)</entry>
</list>
</p>

</sec>
<sec>
<st>
Bibliography</st>

<ss1>
<st>
Novels</st>
<p>

<list>
<entry level="1" type="bullet">

 <it><literary_composition wordnetid="106364329" confidence="0.8">
<written_communication wordnetid="106349220" confidence="0.8">
<writing wordnetid="106362953" confidence="0.8">
<fiction wordnetid="106367107" confidence="0.8">
<novel wordnetid="106367879" confidence="0.8">
<link xlink:type="simple" xlink:href="../976/14492976.xml">
The Final Programme</link></novel>
</fiction>
</writing>
</written_communication>
</literary_composition>
''</it></entry>
<entry level="1" type="bullet">

 <it><literary_composition wordnetid="106364329" confidence="0.8">
<written_communication wordnetid="106349220" confidence="0.8">
<writing wordnetid="106362953" confidence="0.8">
<fiction wordnetid="106367107" confidence="0.8">
<novel wordnetid="106367879" confidence="0.8">
<link xlink:type="simple" xlink:href="../966/14492966.xml">
A Cure for Cancer</link></novel>
</fiction>
</writing>
</written_communication>
</literary_composition>
''</it></entry>
<entry level="1" type="bullet">

 <it><literary_composition wordnetid="106364329" confidence="0.8">
<written_communication wordnetid="106349220" confidence="0.8">
<writing wordnetid="106362953" confidence="0.8">
<fiction wordnetid="106367107" confidence="0.8">
<novel wordnetid="106367879" confidence="0.8">
<link xlink:type="simple" xlink:href="../030/14493030.xml">
The English Assassin</link></novel>
</fiction>
</writing>
</written_communication>
</literary_composition>
''</it></entry>
<entry level="1" type="bullet">

 <it><literary_composition wordnetid="106364329" confidence="0.8">
<written_communication wordnetid="106349220" confidence="0.8">
<writing wordnetid="106362953" confidence="0.8">
<fiction wordnetid="106367107" confidence="0.8">
<novel wordnetid="106367879" confidence="0.8">
<link xlink:type="simple" xlink:href="../035/14493035.xml">
The Condition of Muzak</link></novel>
</fiction>
</writing>
</written_communication>
</literary_composition>
''</it></entry>
</list>
</p>

</ss1>
<ss1>
<st>
Collections</st>
<p>

<list>
<entry level="1" type="bullet">

 <it><link xlink:type="simple" xlink:href="../047/14493047.xml">
The Lives and Times of Jerry Cornelius</link>''</it></entry>
</list>
</p>

</ss1>
<ss1>
<st>
Associated novels</st>
<p>

<list>
<entry level="1" type="bullet">

 <it><link xlink:type="simple" xlink:href="../042/14493042.xml">
The Adventures of Una Persson and Catherine Cornelius in the Twentieth Century</link></it></entry>
</list>
</p>

</ss1>
<ss1>
<st>
Novellas</st>
<p>

<list>
<entry level="1" type="bullet">

 <it>The Entropy Tango''</it></entry>
<entry level="1" type="bullet">

 <it>The Great Rock 'n' Roll Swindle</it> (a.k.a. <it>Gold Diggers of '77</it>). Ties the <musical_organization wordnetid="108246613" confidence="0.8">
<group wordnetid="100031264" confidence="0.8">
<quartet wordnetid="108247251" confidence="0.8">
<link xlink:type="simple" xlink:href="../320/30320.xml">
Sex Pistols</link></quartet>
</group>
</musical_organization>
 in with the Cornelius mythos. </entry>
<entry level="1" type="bullet">

 <it><literary_composition wordnetid="106364329" confidence="0.8">
<written_communication wordnetid="106349220" confidence="0.8">
<writing wordnetid="106362953" confidence="0.8">
<fiction wordnetid="106367107" confidence="0.8">
<novel wordnetid="106367879" confidence="0.8">
<link xlink:type="simple" xlink:href="../064/14493064.xml">
The Alchemist's Question</link></novel>
</fiction>
</writing>
</written_communication>
</literary_composition>
</it> </entry>
<entry level="1" type="bullet">

 <it><literary_composition wordnetid="106364329" confidence="0.8">
<written_communication wordnetid="106349220" confidence="0.8">
<writing wordnetid="106362953" confidence="0.8">
<fiction wordnetid="106367107" confidence="0.8">
<novel wordnetid="106367879" confidence="0.8">
<link xlink:type="simple" xlink:href="../069/14493069.xml">
Firing the Cathedral</link></novel>
</fiction>
</writing>
</written_communication>
</literary_composition>
''</it></entry>
</list>
</p>

</ss1>
<ss1>
<st>
Shorter fiction</st>
<p>

<list>
<entry level="1" type="bullet">

 "The Peking Junction"</entry>
<entry level="1" type="bullet">

 "The Delhi Division"</entry>
<entry level="1" type="bullet">

 "The Tank Trapeze"</entry>
<entry level="1" type="bullet">

 "The Nature of the Catastrophe"</entry>
<entry level="1" type="bullet">

 "The Swastika Set-up"</entry>
<entry level="1" type="bullet">

 "The Sunset Perspective"</entry>
<entry level="1" type="bullet">

 "Sea Wolves"</entry>
<entry level="1" type="bullet">

 "Voortrekker"</entry>
<entry level="1" type="bullet">

 "Dead Singers" (not to be confused with the non-Jerry Cornelius story of the same title)</entry>
<entry level="1" type="bullet">

 "The Longford Cup"</entry>
<entry level="1" type="bullet">

 "The Entropy Circuit"</entry>
<entry level="1" type="bullet">

 "The Entropy Tango"</entry>
<entry level="1" type="bullet">

 "The Murderer's Song"</entry>
<entry level="1" type="bullet">

 "The Gangrene Collection"</entry>
<entry level="1" type="bullet">

 "The Roumanian Question"</entry>
<entry level="1" type="bullet">

 "The Dodgem Decision" (<it>vt</it> "The Dodgem Division", "The Dodgem Arrangement")</entry>
<entry level="1" type="bullet">

 "All the Way Round Again" (<it>vt</it> "The Enigma Windows")</entry>
<entry level="1" type="bullet">

 "The Spencer Inheritance" <weblink xlink:type="simple" xlink:href="http://www.theedge.abelgratis.co.uk/spencer.htm">
http://www.theedge.abelgratis.co.uk/spencer.htm</weblink> </entry>
<entry level="1" type="bullet">

 "The Camus Connection"</entry>
<entry level="1" type="bullet">

 "Cheering for the Rockets" <weblink xlink:type="simple" xlink:href="http://www.fantasticmetropolis.com/i/rockets/full/">
http://www.fantasticmetropolis.com/i/rockets/full/</weblink></entry>
<entry level="1" type="bullet">

 "Modem Times" (2008, published in <it>The Solaris Book of New Science Fiction, vol. 2</it>)</entry>
</list>
</p>

</ss1>
<ss1>
<st>
Comics</st>
<p>

<list>
<entry level="1" type="bullet">

 "The Adventures of Jerry Cornelius" (or "The English Assassin"), co-written with M. John Harrison and illustrated by Mal Dean</entry>
<entry level="1" type="bullet">

 "Midnight Kiss" (Cornelius is a main character throughout the five part story), written by <physical_entity wordnetid="100001930" confidence="0.8">
<communicator wordnetid="109610660" confidence="0.8">
<person wordnetid="100007846" confidence="0.8">
<causal_agent wordnetid="100007347" confidence="0.8">
<writer wordnetid="110794014" confidence="0.8">
<link xlink:type="simple" xlink:href="../535/3002535.xml">
Tony Lee</link></writer>
</causal_agent>
</person>
</communicator>
</physical_entity>
 and illustrated by Ryan Stegman</entry>
</list>
</p>

</ss1>
<ss1>
<st>
 Film adaptations </st>
<p>

<list>
<entry level="1" type="bullet">

 <it><link xlink:type="simple" xlink:href="../976/14492976.xml">
The Final Programme</link></it> was a 1973 movie adaptation of <it>The Final Programme</it>, directed by <expert wordnetid="109617867" confidence="0.8">
<physical_entity wordnetid="100001930" confidence="0.8">
<person wordnetid="100007846" confidence="0.8">
<interior_designer wordnetid="110210648" confidence="0.8">
<specialist wordnetid="110631941" confidence="0.8">
<scriptwriter wordnetid="110564905" confidence="0.8">
<director wordnetid="110014939" confidence="0.8">
<communicator wordnetid="109610660" confidence="0.8">
<administrator wordnetid="109770949" confidence="0.8">
<leader wordnetid="109623038" confidence="0.8">
<causal_agent wordnetid="100007347" confidence="0.8">
<screenwriter wordnetid="110564400" confidence="0.8">
<writer wordnetid="110794014" confidence="0.8">
<head wordnetid="110162991" confidence="0.8">
<link xlink:type="simple" xlink:href="../111/3240111.xml">
Robert Fuest</link></head>
</writer>
</screenwriter>
</causal_agent>
</leader>
</administrator>
</communicator>
</director>
</scriptwriter>
</specialist>
</interior_designer>
</person>
</physical_entity>
</expert>
</entry>
</list>
</p>

</ss1>
<ss1>
<st>
 Musical adaptations </st>
<p>

<list>
<entry level="1" type="bullet">

 "Needle Gun" by <musical_organization wordnetid="108246613" confidence="0.8">
<group wordnetid="100031264" confidence="0.8">
<link xlink:type="simple" xlink:href="../644/13644.xml">
Hawkwind</link></group>
</musical_organization>
 (<it>The Chronicle Of The Black Sword</it>, 1985)</entry>
<entry level="1" type="bullet">

 "Veteran of the Psychic Wars" by <link>
Blue Öyster Cult</link> (<it>Heavy Metal: Music From The Motion Picture</it>, 1981)</entry>
<entry level="1" type="bullet">

 "Kings of Speed" by <musical_organization wordnetid="108246613" confidence="0.8">
<group wordnetid="100031264" confidence="0.8">
<link xlink:type="simple" xlink:href="../644/13644.xml">
Hawkwind</link></group>
</musical_organization>
 (<it>Warrior on the Edge of Time</it>, 1975)</entry>
</list>
</p>

</ss1>
</sec>
<sec>
<st>
Work inspired by Jerry Cornelius</st>

<p>

Moorcock encouraged other authors and artists to create works about Jerry Cornelius, in a sort of early <link xlink:type="simple" xlink:href="../758/18938758.xml">
open source</link> <link xlink:type="simple" xlink:href="../997/18934997.xml">
shared world</link> attempt at open brand sharing. One example is <physical_entity wordnetid="100001930" confidence="0.8">
<expert wordnetid="109617867" confidence="0.8">
<communicator wordnetid="109610660" confidence="0.8">
<authority wordnetid="109824361" confidence="0.8">
<person wordnetid="100007846" confidence="0.8">
<causal_agent wordnetid="100007347" confidence="0.8">
<writer wordnetid="110794014" confidence="0.8">
<evaluator wordnetid="110066732" confidence="0.8">
<critic wordnetid="109979321" confidence="0.8">
<link xlink:type="simple" xlink:href="../935/142935.xml">
Norman Spinrad</link></critic>
</evaluator>
</writer>
</causal_agent>
</person>
</authority>
</communicator>
</expert>
</physical_entity>
's <it>The Last Hurrah of the Golden Horde</it>; another is <creator wordnetid="109614315" confidence="0.9508927676800064">
<link xlink:type="simple" xlink:href="../087/164087.xml">
Mœbius</link></creator>
's <it>The <message wordnetid="106598915" confidence="0.8">
<comic_strip wordnetid="107003352" confidence="0.8">
<cartoon wordnetid="106780678" confidence="0.8">
<wit wordnetid="106776138" confidence="0.8">
<link xlink:type="simple" xlink:href="../398/1486398.xml">
Airtight Garage</link></wit>
</cartoon>
</comic_strip>
</message>
</it>.    <it>The Nature of the Catastrophe,</it> a collection of Jerry Cornelius stories and comic strips which had appeared in the <it><magazine wordnetid="106595351" confidence="0.9508927676800064">
<link xlink:type="simple" xlink:href="../306/886306.xml">
International Times</link></magazine>
</it> (with art by <link>
Mal Dean</link>) by various hands, was published in 1971. It includes works by Moorcock himself, <link xlink:type="simple" xlink:href="../146/8610146.xml">
James Sallis</link>, <writer wordnetid="110794014" confidence="0.9508927676800064">
<novelist wordnetid="110363573" confidence="0.9173553029164789">
<link xlink:type="simple" xlink:href="../561/4561.xml">
Brian Aldiss</link></novelist>
</writer>
, <link>
Langdon Jones</link>, <writer wordnetid="110794014" confidence="0.9173553029164789">
<link xlink:type="simple" xlink:href="../375/58375.xml">
M. John Harrison</link></writer>
, Richard Glyn Jones, Alex Krislov and Maxim Jakubowski. </p>
<p>

In <link xlink:type="simple" xlink:href="../443/145443.xml">
comics</link> various writers have used elements of the character, most notably <artist wordnetid="109812338" confidence="0.9508927676800064">
<link xlink:type="simple" xlink:href="../937/214937.xml">
Bryan Talbot</link></artist>
's character <physical_entity wordnetid="100001930" confidence="0.8">
<comedian wordnetid="109940146" confidence="0.8">
<person wordnetid="100007846" confidence="0.8">
<performer wordnetid="110415638" confidence="0.8">
<causal_agent wordnetid="100007347" confidence="0.8">
<entertainer wordnetid="109616922" confidence="0.8">
<link xlink:type="simple" xlink:href="../942/214942.xml">
Luther Arkwright</link></entertainer>
</causal_agent>
</performer>
</person>
</comedian>
</physical_entity>
. Currently, <company wordnetid="108058098" confidence="0.9508927676800064">
<link xlink:type="simple" xlink:href="../964/237964.xml">
Image</link></company>
 publishes <creator wordnetid="109614315" confidence="0.9508927676800064">
<link xlink:type="simple" xlink:href="../432/4686432.xml">
Matt Fraction</link></creator>
's <it><link xlink:type="simple" xlink:href="../395/6274395.xml">
Casanova</link></it> series which also pays homage to Cornelius. <physical_entity wordnetid="100001930" confidence="0.8">
<communicator wordnetid="109610660" confidence="0.8">
<person wordnetid="100007846" confidence="0.8">
<causal_agent wordnetid="100007347" confidence="0.8">
<writer wordnetid="110794014" confidence="0.8">
<link xlink:type="simple" xlink:href="../535/3002535.xml">
Tony Lee</link></writer>
</causal_agent>
</person>
</communicator>
</physical_entity>
's <it><link>
Midnight Kiss</link></it> actually features Cornelius, with Michael Moorcock's blessing. (Michael even wrote the introduction for the collected trade paperback). <creator wordnetid="109614315" confidence="0.9508927676800064">
<link xlink:type="simple" xlink:href="../093/362093.xml">
Grant Morrison</link></creator>
 created an <person wordnetid="100007846" confidence="0.9508927676800064">
<poet wordnetid="110444194" confidence="0.9173553029164789">
<writer wordnetid="110794014" confidence="0.9508927676800064">
<novelist wordnetid="110363573" confidence="0.9173553029164789">
<dramatist wordnetid="110030277" confidence="0.9173553029164789">
<link xlink:type="simple" xlink:href="../614/22614.xml">
Oscar Wilde</link></dramatist>
</novelist>
</writer>
</poet>
</person>
-inspired <link xlink:type="simple" xlink:href="../684/27684.xml">
steampunk</link> version of Jerry Cornelius in <it><title wordnetid="106345993" confidence="0.9508927676800064">
<link xlink:type="simple" xlink:href="../876/3254876.xml">
Sebastian O</link></title>
</it>, the original Vertigo mini-series. Another Morrison character, <fictional_character wordnetid="109587565" confidence="0.9508927676800064">
<link xlink:type="simple" xlink:href="../220/1766220.xml">
Gideon Stargrave</link></fictional_character>
, is one of the few interpretations of the character that Moorcock has issues with, as he considers the character little more than a straight lift of Cornelius. Moorcock also had the name of the protagonist of <it>The Airtight Garage</it> change in later editions, making him a different character. 
<weblink xlink:type="simple" xlink:href="http://www.multiverse.org/fora/showthread.php?t=2853">
http://www.multiverse.org/fora/showthread.php?t=2853</weblink></p>
<p>

<it>Bad Voltage</it>, a 1980s cyberpunk novel by <writer wordnetid="110794014" confidence="0.9508927676800064">
<novelist wordnetid="110363573" confidence="0.9173553029164789">
<link xlink:type="simple" xlink:href="../831/7395831.xml">
Jonathan Littell</link></novelist>
</writer>
 that also dealt with themes of bisexuality and violence, features guest appearances by a decidedly has-been Jerry Cornelius and a substance-abusing 'Shaky' Mo Collier. The obscure <link xlink:type="simple" xlink:href="../060/420060.xml">
independent comic</link> <it>Elf-Thing</it> featured not only Cornelius but members of his supporting cast in a very close homage. Cornelius is also seen in <person wordnetid="100007846" confidence="0.9508927676800064">
<musician wordnetid="110340312" confidence="0.9173553029164789">
<screenwriter wordnetid="110564400" confidence="0.9173553029164789">
<artist wordnetid="109812338" confidence="0.9173553029164789">
<writer wordnetid="110794014" confidence="0.9173553029164789">
<novelist wordnetid="110363573" confidence="0.9173553029164789">
<link xlink:type="simple" xlink:href="../702/18932702.xml">
Alan Moore</link></novelist>
</writer>
</artist>
</screenwriter>
</musician>
</person>
's  as a child. Cornelius will be appearing in the second part of <person wordnetid="100007846" confidence="0.9508927676800064">
<musician wordnetid="110340312" confidence="0.9173553029164789">
<screenwriter wordnetid="110564400" confidence="0.9173553029164789">
<artist wordnetid="109812338" confidence="0.9173553029164789">
<writer wordnetid="110794014" confidence="0.9173553029164789">
<novelist wordnetid="110363573" confidence="0.9173553029164789">
<link xlink:type="simple" xlink:href="../702/18932702.xml">
Alan Moore</link></novelist>
</writer>
</artist>
</screenwriter>
</musician>
</person>
's three-part comic .</p>

</sec>
<sec>
<st>
See also</st>
<p>

<list>
<entry level="1" type="bullet">

 <link xlink:type="simple" xlink:href="../843/3843.xml">
Bisexuality</link></entry>
<entry level="1" type="bullet">

 <link xlink:type="simple" xlink:href="../004/106004.xml">
Sex in science fiction</link></entry>
</list>
</p>

</sec>
<sec>
<st>
External links</st>
<p>

<list>
<entry level="1" type="bullet">

 <weblink xlink:type="simple" xlink:href="http://www.multiverse.org/">
Moorcock's Miscellany</weblink> (formerly Tanelorn, Multiverse.org &amp; Moorcock's Weekly Miscellany)</entry>
<entry level="1" type="bullet">

 http://www.novymir.com.au/terminalcafe/jerry.html</entry>
<entry level="1" type="bullet">

 <weblink xlink:type="simple" xlink:href="http://www.users.globalnet.co.uk/~jimthing/jerrycornelius.html">
Link to pictures of original cover art and blurbs</weblink></entry>
<entry level="1" type="bullet">

 <weblink xlink:type="simple" xlink:href="http://www.novymir.com.au/terminalcafe/lighvein.html">
In Lighter Vein: A note on the Jerry Cornelius Tetralogy</weblink> - in which Michael Moorcock explains his intentions behind the style of seeming randomness of the books.</entry>
<entry level="1" type="bullet">

 <weblink xlink:type="simple" xlink:href="http://www.mmcc.yoyo.pl/">
Michael Moorcock's Comics Compendium</weblink>, incl. Jerry Cornelius adaptations and pastiches</entry>
</list>
</p>



</sec>
</bdy>
</agent>
</causal_agent>
</imaginary_being>
</fictional_character>
</physical_entity>
</article>
