<?xml version="1.0" encoding="UTF-8"?>
<!-- generated by CLiX/Wiki2XML [MPI-Inf, MMCI@UdS] $LastChangedRevision: 92 $ on 16.04.2009 15:27:32[mciao0827] -->
<!DOCTYPE article SYSTEM "../article.dtd">
<article xmlns:xlink="http://www.w3.org/1999/xlink">
<system  confidence="0.8" wordnetid="104377057">
<artifact  confidence="0.8" wordnetid="100021939">
<instrumentality  confidence="0.8" wordnetid="103575240">
<standard  confidence="0.8" wordnetid="107260623">
<system_of_measurement  confidence="0.8" wordnetid="113577171">
<header>
<title>ISO 9660</title>
<id>15145</id>
<revision>
<id>243219340</id>
<timestamp>2008-10-05T17:38:38Z</timestamp>
<contributor>
<username>Giraffedata</username>
<id>105732</id>
</contributor>
</revision>
<categories>
<category>Ecma standards</category>
<category>ISO standards</category>
<category>Optical disc authoring</category>
<category>Disk file systems</category>
</categories>
</header>
<bdy>

<table style="width: 22em; text-align: left; font-size: 88%; line-height: 1.5em; " class="infobox " cellspacing="5">
<caption style="font-size: 125%; font-weight: bold; " class="">
<artifact wordnetid="100021939" confidence="0.8">
<instrumentality wordnetid="103575240" confidence="0.8">
<medium wordnetid="106254669" confidence="0.8">
<link xlink:type="simple" xlink:href="../795/421795.xml">
Optical disc authoring</link></medium>
</instrumentality>
</artifact>
</caption>
<row>
<col colspan="2" style="text-align:center; text-align: left" class=""><p>

<list>
<entry level="1" type="bullet">

 <link xlink:type="simple" xlink:href="../458/41458.xml">
Optical disc</link></entry>
<entry level="1" type="bullet">

 <link xlink:type="simple" xlink:href="../592/299592.xml">
Optical disc drive</link></entry>
<entry level="1" type="bullet">

 <artifact wordnetid="100021939" confidence="0.8">
<instrumentality wordnetid="103575240" confidence="0.8">
<medium wordnetid="106254669" confidence="0.8">
<link xlink:type="simple" xlink:href="../795/421795.xml">
Optical disc authoring</link></medium>
</instrumentality>
</artifact>
</entry>
<entry level="1" type="bullet">

 <link xlink:type="simple" xlink:href="../105/3728105.xml">
Authoring software</link></entry>
<entry level="1" type="bullet">

 <link xlink:type="simple" xlink:href="../036/3728036.xml">
Recording technologies</link></entry>
<entry level="2" type="bullet">

 <link xlink:type="simple" xlink:href="../300/3728300.xml">
Recording modes</link></entry>
<entry level="2" type="bullet">

 <link xlink:type="simple" xlink:href="../656/2148656.xml">
Packet writing</link></entry>
</list>
</p>
</col>
</row>
<row>
<header colspan="2" style="text-align:center; ">
Optical media types</header>
</row>
<row>
<col colspan="2" style="text-align:center; text-align: left" class=""><p>

<list>
<entry level="1" type="bullet">

 <medium wordnetid="106254669" confidence="0.9508927676800064">
<link xlink:type="simple" xlink:href="../849/255849.xml">
Laserdisc</link></medium>
 (LD), <recording wordnetid="104063868" confidence="0.8">
<artifact wordnetid="100021939" confidence="0.8">
<instrumentality wordnetid="103575240" confidence="0.8">
<sound_recording wordnetid="104262678" confidence="0.8">
<memory_device wordnetid="103744840" confidence="0.8">
<device wordnetid="103183080" confidence="0.8">
<phonograph_record wordnetid="103924069" confidence="0.8">
<link xlink:type="simple" xlink:href="../315/1962315.xml">
Video Single Disc</link></phonograph_record>
</device>
</memory_device>
</sound_recording>
</instrumentality>
</artifact>
</recording>
 (VSD)</entry>
<entry level="1" type="bullet">

 <link xlink:type="simple" xlink:href="../429/6429.xml">
Compact Disc</link> (CD): <medium wordnetid="106254669" confidence="0.9508927676800064">
<link xlink:type="simple" xlink:href="../920/41920.xml">
Red Book</link></medium>
, <recording wordnetid="104063868" confidence="0.8">
<artifact wordnetid="100021939" confidence="0.8">
<instrumentality wordnetid="103575240" confidence="0.8">
<sound_recording wordnetid="104262678" confidence="0.8">
<memory_device wordnetid="103744840" confidence="0.8">
<device wordnetid="103183080" confidence="0.8">
<phonograph_record wordnetid="103924069" confidence="0.8">
<medium wordnetid="106254669" confidence="0.8">
<link xlink:type="simple" xlink:href="../902/18959902.xml">
CD-ROM</link></medium>
</phonograph_record>
</device>
</memory_device>
</sound_recording>
</instrumentality>
</artifact>
</recording>
, <link xlink:type="simple" xlink:href="../780/6780.xml">
CD-R</link>, <link xlink:type="simple" xlink:href="../495/4487495.xml">
CD-RW</link>, <link xlink:type="simple" xlink:href="../209/7364209.xml">
5.1 Music Disc</link>, <link xlink:type="simple" xlink:href="../784/74784.xml">
SACD</link>, <link xlink:type="simple" xlink:href="../096/2280096.xml">
PhotoCD</link>, <message wordnetid="106598915" confidence="0.8">
<information wordnetid="106634376" confidence="0.8">
<recording wordnetid="104063868" confidence="0.8">
<artifact wordnetid="100021939" confidence="0.8">
<instrumentality wordnetid="103575240" confidence="0.8">
<sound_recording wordnetid="104262678" confidence="0.8">
<memory_device wordnetid="103744840" confidence="0.8">
<device wordnetid="103183080" confidence="0.8">
<format wordnetid="106636806" confidence="0.8">
<phonograph_record wordnetid="103924069" confidence="0.8">
<link xlink:type="simple" xlink:href="../257/1962257.xml">
CD Video</link></phonograph_record>
</format>
</device>
</memory_device>
</sound_recording>
</instrumentality>
</artifact>
</recording>
</information>
</message>
 (CDV), <medium wordnetid="106254669" confidence="0.9508927676800064">
<link xlink:type="simple" xlink:href="../803/42803.xml">
Video CD</link></medium>
 (VCD), <link xlink:type="simple" xlink:href="../070/2343070.xml">
SVCD</link>, <link xlink:type="simple" xlink:href="../494/486494.xml">
CD+G</link>, <link xlink:type="simple" xlink:href="../299/2468299.xml">
CD-Text</link>, <link xlink:type="simple" xlink:href="../940/17264940.xml">
CD-ROM XA</link>, <system wordnetid="104377057" confidence="0.9508927676800064">
<link xlink:type="simple" xlink:href="../883/24883.xml">
CD-i</link></system>
</entry>
<entry level="1" type="bullet">

 <medium wordnetid="106254669" confidence="0.9508927676800064">
<link xlink:type="simple" xlink:href="../968/1547968.xml">
GD-ROM</link></medium>
</entry>
<entry level="1" type="bullet">

 <medium wordnetid="106254669" confidence="0.9508927676800064">
<link xlink:type="simple" xlink:href="../009/44009.xml">
MiniDisc</link></medium>
 (MD) (<artifact wordnetid="100021939" confidence="0.8">
<merchandise wordnetid="103748886" confidence="0.8">
<commodity wordnetid="103076708" confidence="0.8">
<link xlink:type="simple" xlink:href="../852/726852.xml">
Hi-MD</link></commodity>
</merchandise>
</artifact>
)</entry>
<entry level="1" type="bullet">

 <medium wordnetid="106254669" confidence="0.9508927676800064">
<link xlink:type="simple" xlink:href="../498/11014498.xml">
DVD</link></medium>
: <link xlink:type="simple" xlink:href="../034/407034.xml">
DVD-R</link>, <link xlink:type="simple" xlink:href="../097/462097.xml">
DVD+R</link>, <link xlink:type="simple" xlink:href="../937/2577937.xml">
DVD-R DL</link>, <link xlink:type="simple" xlink:href="../371/592371.xml">
DVD+R DL</link>, <link xlink:type="simple" xlink:href="../284/4526284.xml">
DVD-RW</link>, <link xlink:type="simple" xlink:href="../237/4526237.xml">
DVD+RW</link>, <link xlink:type="simple" xlink:href="../890/3996890.xml">
DVD-RW DL</link>, <link xlink:type="simple" xlink:href="../631/3623631.xml">
DVD+RW DL</link>, <link xlink:type="simple" xlink:href="../545/454545.xml">
DVD-RAM</link>, <link xlink:type="simple" xlink:href="../011/878011.xml">
DVD-D</link></entry>
<entry level="1" type="bullet">

 <artifact wordnetid="100021939" confidence="0.8">
<instrumentality wordnetid="103575240" confidence="0.8">
<medium wordnetid="106254669" confidence="0.8">
<link xlink:type="simple" xlink:href="../110/4828110.xml">
Ultra Density Optical</link></medium>
</instrumentality>
</artifact>
 (UDO)</entry>
<entry level="1" type="bullet">

 <medium wordnetid="106254669" confidence="0.9508927676800064">
<link xlink:type="simple" xlink:href="../720/1042720.xml">
Universal Media Disc</link></medium>
 (UMD)</entry>
<entry level="1" type="bullet">

 <medium wordnetid="106254669" confidence="0.9508927676800064">
<link xlink:type="simple" xlink:href="../091/11065091.xml">
HD DVD</link></medium>
: <link xlink:type="simple" xlink:href="../091/11065091.xml">
HD DVD-R</link>, <link xlink:type="simple" xlink:href="../091/11065091.xml">
HD DVD-RW</link></entry>
<entry level="1" type="bullet">

 <medium wordnetid="106254669" confidence="0.9508927676800064">
<link xlink:type="simple" xlink:href="../826/11015826.xml">
Blu-ray Disc</link></medium>
 (BD): <link xlink:type="simple" xlink:href="../869/6404869.xml">
BD-R, BD-RE</link></entry>
<entry level="1" type="bullet">

 <recording wordnetid="104063868" confidence="0.8">
<artifact wordnetid="100021939" confidence="0.8">
<instrumentality wordnetid="103575240" confidence="0.8">
<sound_recording wordnetid="104262678" confidence="0.8">
<memory_device wordnetid="103744840" confidence="0.8">
<device wordnetid="103183080" confidence="0.8">
<phonograph_record wordnetid="103924069" confidence="0.8">
<medium wordnetid="106254669" confidence="0.8">
<link xlink:type="simple" xlink:href="../808/4847808.xml">
High-Definition Versatile Disc</link></medium>
</phonograph_record>
</device>
</memory_device>
</sound_recording>
</instrumentality>
</artifact>
</recording>
 (HVD)</entry>
<entry level="1" type="bullet">

 High definition <medium wordnetid="106254669" confidence="0.9508927676800064">
<link xlink:type="simple" xlink:href="../525/1171525.xml">
Versatile Multilayer Disc</link></medium>
(HD VMD)</entry>
</list>
</p>
</col>
</row>
<row>
<header colspan="2" style="text-align:center; ">
Standards</header>
</row>
<row>
<col colspan="2" style="text-align:center; text-align: left" class=""><p>

<list>
<entry level="1" type="bullet">

 <link xlink:type="simple" xlink:href="../572/521572.xml">
Rainbow Books</link></entry>
<entry level="1" type="bullet">

 File systems</entry>
<entry level="2" type="bullet">

 <system wordnetid="104377057" confidence="0.8">
<artifact wordnetid="100021939" confidence="0.8">
<instrumentality wordnetid="103575240" confidence="0.8">
<standard wordnetid="107260623" confidence="0.8">
<system_of_measurement wordnetid="113577171" confidence="0.8">
<link xlink:type="simple" xlink:href="../145/15145.xml">
ISO 9660</link></system_of_measurement>
</standard>
</instrumentality>
</artifact>
</system>
</entry>
<entry level="3" type="bullet">

 <pause wordnetid="115271008" confidence="0.8">
<extension wordnetid="115272382" confidence="0.8">
<system wordnetid="104377057" confidence="0.8">
<artifact wordnetid="100021939" confidence="0.8">
<instrumentality wordnetid="103575240" confidence="0.8">
<time_interval wordnetid="115269513" confidence="0.8">
<delay wordnetid="115272029" confidence="0.8">
<link xlink:type="simple" xlink:href="../547/1587547.xml">
Joliet</link></delay>
</time_interval>
</instrumentality>
</artifact>
</system>
</extension>
</pause>
</entry>
<entry level="3" type="bullet">

 <pause wordnetid="115271008" confidence="0.8">
<extension wordnetid="115272382" confidence="0.8">
<time_interval wordnetid="115269513" confidence="0.8">
<delay wordnetid="115272029" confidence="0.8">
<link xlink:type="simple" xlink:href="../338/55338.xml">
Rock Ridge</link></delay>
</time_interval>
</extension>
</pause>
</entry>
<entry level="3" type="bullet">

 <pause wordnetid="115271008" confidence="0.8">
<extension wordnetid="115272382" confidence="0.8">
<time_interval wordnetid="115269513" confidence="0.8">
<delay wordnetid="115272029" confidence="0.8">
<link xlink:type="simple" xlink:href="../659/998659.xml">
El Torito</link></delay>
</time_interval>
</extension>
</pause>
</entry>
<entry level="3" type="bullet">

 <pause wordnetid="115271008" confidence="0.8">
<extension wordnetid="115272382" confidence="0.8">
<time_interval wordnetid="115269513" confidence="0.8">
<delay wordnetid="115272029" confidence="0.8">
<link xlink:type="simple" xlink:href="../610/4379610.xml">
Apple ISO 9660 Extensions</link></delay>
</time_interval>
</extension>
</pause>
</entry>
<entry level="2" type="bullet">

 <idea wordnetid="105833840" confidence="0.8">
<concept wordnetid="105835747" confidence="0.8">
<standard wordnetid="107260623" confidence="0.8">
<component wordnetid="105868954" confidence="0.8">
<part wordnetid="105867413" confidence="0.8">
<system_of_measurement wordnetid="113577171" confidence="0.8">
<link xlink:type="simple" xlink:href="../627/49627.xml">
Universal Disk Format</link></system_of_measurement>
</part>
</component>
</standard>
</concept>
</idea>
 (UDF)</entry>
<entry level="3" type="bullet">

 <system wordnetid="104377057" confidence="0.8">
<artifact wordnetid="100021939" confidence="0.8">
<instrumentality wordnetid="103575240" confidence="0.8">
<link xlink:type="simple" xlink:href="../361/315361.xml">
Mount Rainier</link></instrumentality>
</artifact>
</system>
</entry>
</list>
</p>
</col>
</row>
<row>
<header colspan="2" style="text-align:center; ">
Further reading</header>
</row>
<row>
<col colspan="2" style="text-align:center; text-align: left" class=""><p>

<list>
<entry level="1" type="bullet">

 <link xlink:type="simple" xlink:href="../812/11505812.xml">
History of optical storage media</link></entry>
<entry level="1" type="bullet">

 <group_action wordnetid="101080366" confidence="0.8">
<event wordnetid="100029378" confidence="0.8">
<act wordnetid="100030358" confidence="0.8">
<psychological_feature wordnetid="100023100" confidence="0.8">
<competition wordnetid="101168569" confidence="0.8">
<link xlink:type="simple" xlink:href="../221/15779221.xml">
High definition optical disc format war</link></competition>
</psychological_feature>
</act>
</event>
</group_action>
</entry>
</list>
</p>
</col>
</row>
</table>

<p>

<b>ISO 9660,</b> a standard published by the <organization wordnetid="108008335" confidence="0.9508927676800064">
<link xlink:type="simple" xlink:href="../934/14934.xml">
International Organization for Standardization</link></organization>
 (ISO), defines a <link xlink:type="simple" xlink:href="../280/1010280.xml">
file system</link> for <recording wordnetid="104063868" confidence="0.8">
<artifact wordnetid="100021939" confidence="0.8">
<instrumentality wordnetid="103575240" confidence="0.8">
<sound_recording wordnetid="104262678" confidence="0.8">
<memory_device wordnetid="103744840" confidence="0.8">
<device wordnetid="103183080" confidence="0.8">
<phonograph_record wordnetid="103924069" confidence="0.8">
<medium wordnetid="106254669" confidence="0.8">
<link xlink:type="simple" xlink:href="../902/18959902.xml">
CD-ROM</link></medium>
</phonograph_record>
</device>
</memory_device>
</sound_recording>
</instrumentality>
</artifact>
</recording>
 media.
It aims at supporting different computer <link xlink:type="simple" xlink:href="../194/22194.xml">
operating system</link>s such as <link xlink:type="simple" xlink:href="../890/18890.xml">
Windows</link>, classic <link xlink:type="simple" xlink:href="../043/20043.xml">
Mac OS</link>, and <family wordnetid="108078020" confidence="0.8">
<link xlink:type="simple" xlink:href="../815/31815.xml">
Unix-like</link></family>
 systems, so that <information wordnetid="105816287" confidence="0.8">
<datum wordnetid="105816622" confidence="0.8">
<link xlink:type="simple" xlink:href="../333/2234333.xml">
data</link></datum>
</information>
 may be exchanged.</p>
<p>

The <pause wordnetid="115271008" confidence="0.8">
<extension wordnetid="115272382" confidence="0.8">
<time_interval wordnetid="115269513" confidence="0.8">
<delay wordnetid="115272029" confidence="0.8">
<link xlink:type="simple" xlink:href="../338/55338.xml">
Rock Ridge</link></delay>
</time_interval>
</extension>
</pause>
 extension to ISO 9660 adds support for <standard wordnetid="107260623" confidence="0.8">
<system_of_measurement wordnetid="113577171" confidence="0.8">
<link xlink:type="simple" xlink:href="../305/23305.xml">
POSIX</link></system_of_measurement>
</standard>
 file permissions and ownership, symbolic links, and longer file names; the <pause wordnetid="115271008" confidence="0.8">
<extension wordnetid="115272382" confidence="0.8">
<system wordnetid="104377057" confidence="0.8">
<artifact wordnetid="100021939" confidence="0.8">
<instrumentality wordnetid="103575240" confidence="0.8">
<time_interval wordnetid="115269513" confidence="0.8">
<delay wordnetid="115272029" confidence="0.8">
<link xlink:type="simple" xlink:href="../547/1587547.xml">
Joliet</link></delay>
</time_interval>
</instrumentality>
</artifact>
</system>
</extension>
</pause>
 extension to ISO 9660, adds support for longer file names and the <link xlink:type="simple" xlink:href="../742/31742.xml">
Unicode</link> character set.</p>
<p>

<link xlink:type="simple" xlink:href="../498/11014498.xml">
DVDs</link> may also use the ISO 9660 file system. However, the <idea wordnetid="105833840" confidence="0.8">
<concept wordnetid="105835747" confidence="0.8">
<standard wordnetid="107260623" confidence="0.8">
<component wordnetid="105868954" confidence="0.8">
<part wordnetid="105867413" confidence="0.8">
<system_of_measurement wordnetid="113577171" confidence="0.8">
<link xlink:type="simple" xlink:href="../627/49627.xml">
UDF</link></system_of_measurement>
</part>
</component>
</standard>
</concept>
</idea>
 file system is more appropriate on DVDs since it offers better support for the larger media and is better suited for modern operating systems needs.</p>

<sec>
<st>
History</st>
<p>

A CD-ROM may be mastered with any kind of data on it. <company wordnetid="108058098" confidence="0.8">
<institution wordnetid="108053576" confidence="0.8">
<link xlink:type="simple" xlink:href="../980/26980.xml">
Sun Microsystems</link></institution>
</company>
, for example, uses the Berkeley UNIX <system wordnetid="104377057" confidence="0.8">
<artifact wordnetid="100021939" confidence="0.8">
<instrumentality wordnetid="103575240" confidence="0.8">
<link xlink:type="simple" xlink:href="../992/250992.xml">
UFS</link></instrumentality>
</artifact>
</system>
 file systems on many CD-ROMs. <link xlink:type="simple" xlink:href="../013/28013.xml">
Silicon Graphics</link>' <link xlink:type="simple" xlink:href="../537/14537.xml">
IRIX</link> installation media uses <link xlink:type="simple" xlink:href="../750/655750.xml">
EFS</link>. <link xlink:type="simple" xlink:href="../043/20043.xml">
Mac OS</link> uses <system wordnetid="104377057" confidence="0.8">
<artifact wordnetid="100021939" confidence="0.8">
<instrumentality wordnetid="103575240" confidence="0.8">
<link xlink:type="simple" xlink:href="../752/927752.xml">
HFS Plus</link></instrumentality>
</artifact>
</system>
. This restricts them to the producer's operating environment, which, while beneficial in the case of platform-specific software distributions, is not appropriate for widely distributing content. Hence, the need for one volume format that would be accessible on a variety of equipment arose.</p>
<p>

Some were using the High Sierra format on CD-ROM, which arranged file information in a dense, sequential layout to minimise nonsequential access. The <link xlink:type="simple" xlink:href="../533/2840533.xml">
High Sierra</link> file system format uses a hierarchical (eight levels of directories deep) tree file system arrangement, similar to UNIX and <link xlink:type="simple" xlink:href="../045/53045.xml">
FAT</link>. High Sierra has a minimal set of file attributes (directory or ordinary file and time of recording) and name attributes (name, extension, and version). The designers realised they could never get people to agree on a unified definition of file attributes, so they provided for minimum common information, and defined a place for future optional extensions (system use area) for each file.</p>
<p>

High Sierra was adopted in December 1986 (with changes) as an international standard by <link xlink:type="simple" xlink:href="../900/883900.xml">
Ecma International</link> as ECMA-119 <ref xlink:type="simple" xlink:href="#xpointer(//reflist/entry[@id=%221%22])">1</ref> and submitted for the fast tracking to the <organization wordnetid="108008335" confidence="0.9508927676800064">
<link xlink:type="simple" xlink:href="../934/14934.xml">
International Organization for Standardization</link></organization>
, where it was eventually accepted as ISO 9660:1988. The ISO 9660 file system format is now used throughout the industry.</p>

</sec>
<sec>
<st>
Specifications</st>

<ss1>
<st>
CD-ROM Specifications</st>
<p>

The smallest entity in the <link xlink:type="simple" xlink:href="../429/6429.xml">
CD</link> format is called a frame, and holds 24 bytes. Data in a CD-ROM is organized in frames and <system wordnetid="104377057" confidence="0.8">
<artifact wordnetid="100021939" confidence="0.8">
<instrumentality wordnetid="103575240" confidence="0.8">
<link xlink:type="simple" xlink:href="../684/8168684.xml">
sectors</link></instrumentality>
</artifact>
</system>
. A CD-ROM sector contains 98 frames, and holds 2352 bytes.</p>
<p>

<work wordnetid="104599396" confidence="0.8">
<product wordnetid="104007894" confidence="0.8">
<creation wordnetid="103129123" confidence="0.8">
<artifact wordnetid="100021939" confidence="0.8">
<instrumentality wordnetid="103575240" confidence="0.8">
<book wordnetid="106410904" confidence="0.8">
<medium wordnetid="106254669" confidence="0.8">
<publication wordnetid="106589574" confidence="0.8">
<link xlink:type="simple" xlink:href="../278/290278.xml">
CD-ROM Mode 1</link></publication>
</medium>
</book>
</instrumentality>
</artifact>
</creation>
</product>
</work>
, usually used for computer data, divides the 2352 byte data area defined by the Red Book standards into 12 bytes of synchronization information, 4 bytes of header data, 2048 bytes of user data and 288 bytes of error correction and detection codes. These codes help prevent the data from becoming corrupted, which could lead to errors for executable data.</p>
<p>

<work wordnetid="104599396" confidence="0.8">
<product wordnetid="104007894" confidence="0.8">
<creation wordnetid="103129123" confidence="0.8">
<artifact wordnetid="100021939" confidence="0.8">
<instrumentality wordnetid="103575240" confidence="0.8">
<book wordnetid="106410904" confidence="0.8">
<medium wordnetid="106254669" confidence="0.8">
<publication wordnetid="106589574" confidence="0.8">
<link xlink:type="simple" xlink:href="../278/290278.xml">
CD-ROM Mode 2 Form 1</link></publication>
</medium>
</book>
</instrumentality>
</artifact>
</creation>
</product>
</work>
, usually used for computer data, has the same user data and error correction as Mode 1, but with a slightly different layout. Its use is not recommended for compatibility reasons. <ref xlink:type="simple" xlink:href="#xpointer(//reflist/entry[@id=%222%22])">2</ref></p>
<p>

<work wordnetid="104599396" confidence="0.8">
<product wordnetid="104007894" confidence="0.8">
<creation wordnetid="103129123" confidence="0.8">
<artifact wordnetid="100021939" confidence="0.8">
<book wordnetid="106410904" confidence="0.8">
<publication wordnetid="106589574" confidence="0.8">
<link xlink:type="simple" xlink:href="../829/379829.xml">
CD-ROM Mode 2 Form 2</link></publication>
</book>
</artifact>
</creation>
</product>
</work>
, intended to be used for error-tolerant data such as <link xlink:type="simple" xlink:href="../087/18994087.xml">
audio</link> and <link xlink:type="simple" xlink:href="../441/32441.xml">
video</link>, divides the 2352 bytes into 12 bytes of synchronization information, 4 bytes of header data and 2336 bytes of user data. Mode 2 provides 14% more user data space than Mode 1 by omitting error correction, since a read error in audio or video will only cause a small flaw which may not even be detectable to humans. <medium wordnetid="106254669" confidence="0.9508927676800064">
<link xlink:type="simple" xlink:href="../803/42803.xml">
Video CD</link></medium>
s are classified as Mode 2 Form 2.</p>

</ss1>
<ss1>
<st>
ISO 9660 Specifications</st>
<p>

The first 32768 bytes of the disk are unused by ISO 9660 data structure, and therefore available for other use. For example, a CD-ROM may contain an alternative file system descriptor in this area, as it is often used by <link xlink:type="simple" xlink:href="../447/4502447.xml">
Hybrid CD</link>s to offer <link xlink:type="simple" xlink:href="../043/20043.xml">
Mac OS</link>-specific content.</p>
<p>

Immediately afterwards, a series of <b>volume descriptors</b> details the contents and kind of information contained on the disk (similar to the <link xlink:type="simple" xlink:href="../500/1092500.xml">
BIOS parameter block</link> used by <link xlink:type="simple" xlink:href="../045/53045.xml">
FAT</link> and <system wordnetid="104377057" confidence="0.8">
<artifact wordnetid="100021939" confidence="0.8">
<instrumentality wordnetid="103575240" confidence="0.8">
<link xlink:type="simple" xlink:href="../184/39184.xml">
NTFS</link></instrumentality>
</artifact>
</system>
 formatted disks).</p>
<p>

A volume descriptor describes the characteristics of the file system information present on a given CD-ROM, or volume. It is divided into two parts: the type of volume descriptor, and the characteristics of the descriptor.</p>
<p>

The volume descriptor is constructed in this manner so that if a program reading the disk does not understand a particular descriptor, it can just skip over it until it finds one it recognises, thus allowing the use of many different types of information on one CD-ROM. Also, if an error were to render a descriptor unreadable, a subsequent redundant copy of a descriptor could then allow for fault recovery.</p>
<p>

An ISO 9660 compliant disk contains at least a <b>primary descriptor</b> describing the ISO 9660 file system and a <b>terminating descriptor</b> for indicating the end of the descriptor sequence. <pause wordnetid="115271008" confidence="0.8">
<extension wordnetid="115272382" confidence="0.8">
<system wordnetid="104377057" confidence="0.8">
<artifact wordnetid="100021939" confidence="0.8">
<instrumentality wordnetid="103575240" confidence="0.8">
<time_interval wordnetid="115269513" confidence="0.8">
<delay wordnetid="115272029" confidence="0.8">
<link xlink:type="simple" xlink:href="../547/1587547.xml">
Joliet</link></delay>
</time_interval>
</instrumentality>
</artifact>
</system>
</extension>
</pause>
 and <idea wordnetid="105833840" confidence="0.8">
<concept wordnetid="105835747" confidence="0.8">
<standard wordnetid="107260623" confidence="0.8">
<component wordnetid="105868954" confidence="0.8">
<part wordnetid="105867413" confidence="0.8">
<system_of_measurement wordnetid="113577171" confidence="0.8">
<link xlink:type="simple" xlink:href="../627/49627.xml">
UDF</link></system_of_measurement>
</part>
</component>
</standard>
</concept>
</idea>
 are examples of file systems adding more descriptors to this sequence.</p>
<p>

The primary volume descriptor acts much like the superblock of the <system wordnetid="104377057" confidence="0.8">
<artifact wordnetid="100021939" confidence="0.8">
<instrumentality wordnetid="103575240" confidence="0.8">
<link xlink:type="simple" xlink:href="../992/250992.xml">
Unix File System</link></instrumentality>
</artifact>
</system>
, providing details on the ISO 9660 compliant portion of the disk. Contained within the primary volume descriptor is the root directory record describing the location of the contiguous root directory. (As in UNIX, directories appear as files for the operating system special use). Directory entries are successively stored within this region. Evaluation of the ISO 9660 filenames is begun at this location. The root directory is stored as an extent, or sequential series of sectors, that contains each of the directory entries appearing in the root. In addition, since ISO 9660 works by segmenting the CD-ROM into logical blocks, the size of these blocks is found in the primary volume descriptor as well.</p>
<p>

The first field in a Volume Descriptor is the Volume Descriptor Type (type), which can have the following values:
<list>
<entry level="1" type="bullet">

 Number 0: shall mean that the Volume Descriptor is a Boot Record</entry>
<entry level="1" type="bullet">

 Number 1: shall mean that the Volume Descriptor is a Primary Volume Descriptor</entry>
<entry level="1" type="bullet">

 Number 2: shall mean that the Volume Descriptor is a Supplementary Volume Descriptor</entry>
<entry level="1" type="bullet">

 Number 3: shall mean that the Volume Descriptor is a Volume Partition Descriptor</entry>
<entry level="1" type="bullet">

 Number 255: shall mean that the Volume Descriptor is a Volume Descriptor Set Terminator.</entry>
</list>
</p>
<p>

The second field is called the <b>Standard Identifier</b> and is set to CD001 for a CD-ROM compliant to the ISO 9660 standard.</p>
<p>

Another interesting field is the <b>Volume Space Size</b> which contains the amount of data available on the CD-ROM.</p>
<p>

<b>File attributes</b> are very simple in ISO-9660. The most important file attribute is determining whether the file is a directory or an ordinary file. File attributes for the file described by the directory entry are stored in the directory entry and optionally, in the extended attribute record.</p>
<p>

<image width="150px" src="iso9660directoryTree.png" type="thumb">
<caption>

Overview of the ISO 9660 directory structure
</caption>
</image>
</p>
<p>

There are two ways to locate a file on an ISO 9660 file system. One way is to successively interpret the directory names and look through each directory file structure to find the file (much the way MS-DOS and UNIX work to find a file). The other way is through the use of a precompiled <b>table</b> of paths, where all the entries are enumerated in the successive contents of a file with the corresponding entries. Some systems do not have a mechanism for wandering through directories and they obtain a match by consulting the table.</p>
<p>

While a large linear table seems a bit arcane, it can be of great value, as one can quickly search without wandering across the disk (thus reducing seek time).</p>
<p>

All multi-byte values are stored twice, in <link xlink:type="simple" xlink:href="../026/43026.xml#xpointer(//*[./st=%22Little-endian%22])">
little-endian</link> and <link xlink:type="simple" xlink:href="../026/43026.xml#xpointer(//*[./st=%22Big-endian%22])">
big-endian</link> format, either one-after-another in what the specification calls "both-endian format", or in duplicated data structures such as the path table. It is therefore theoretically possible to author an ISO-9660 image which delivers different content on different architectures.</p>

</ss1>
</sec>
<sec>
<st>
Restrictions</st>

<ss1>
<st>
File and directory name restrictions</st>

<p>

The standard has three different levels:</p>
<p>

<list>
<entry level="1" type="bullet">

 Level 1: File names are limited to eight characters with a three-character extension, using upper case letters, numbers and underscore only. The maximum depth of directories is eight.</entry>
<entry level="1" type="bullet">

 Level 2: File names are not limited to 11 characters (the 8.3 format) but can be up to the maximum allowed by the 1 byte counter in the directory entry and the filename length byte counter. Typically, this is close to 180 characters, depending on how many extended attributes are present.</entry>
<entry level="1" type="bullet">

 Level 3: Files are allowed to be non-contiguous (i.e., <link xlink:type="simple" xlink:href="../369/3909369.xml">
fragmented</link>), principally to allow <link xlink:type="simple" xlink:href="../656/2148656.xml">
packet writing</link> or incremental CD recording).</entry>
</list>
</p>
<p>

The standard also specifies the following name restrictions:</p>
<p>

<list>
<entry level="1" type="bullet">

 All levels restrict filenames to upper case letters, digits, underscores ("_"), and a dot. Linux converts uppercase letters to lower case while mounting ISO filesystems.</entry>
<entry level="1" type="bullet">

 File names shall not include spaces.</entry>
<entry level="1" type="bullet">

 File names shall not start or end with the <it>dot</it> character.</entry>
<entry level="1" type="bullet">

 File names shall not have more than one dot.</entry>
<entry level="1" type="bullet">

 Directory names shall not use dots at all.</entry>
</list>
</p>
<p>

Some CD authoring applications allow the user to use almost any character. While, strictly speaking, this does not conform to the ISO 9660 standard, most operating systems which can read ISO 9660 file systems have no problem with out-of-spec names. However, the names could appear wrong to the user.</p>

</ss1>
<ss1>
<st>
Directory depth limit</st>
<p>

The restrictions on filename length and directory depth (8 levels, including the root directory) are a more serious limitation of the ISO 9660 file system. Many CD authoring applications attempt to get around this by truncating filenames automatically, but do so at the risk of breaking applications that rely on a specific file structure.</p>

</ss1>
<ss1>
<st>
The 4 GiB (or 2 GiB depending on implementation) file size limit</st>

<p>

All numbers in ISO 9660 file systems except the single byte value used for the GMT offset are unsigned numbers. As the length of a file's extent on disk is stored in a 32 bit value<ref xlink:type="simple" xlink:href="#xpointer(//reflist/entry[@id=%223%22])">3</ref>, it allows for a maximum length of 4 GiB. (Note: Some older operating systems may handle such values incorrectly (i.e., signed instead of unsigned), which would make it impossible to access files larger than 2 GiB in size.)</p>
<p>

Based on this, it is often assumed that a file on an ISO 9660 formatted disc cannot be larger than 232-1 in size, as the file's size is stored in an unsigned 32 bit value, for which 232-1 is the maximum.</p>
<p>

It is, however, possible to circumvent this limitation by using the multi-extent (fragmentation) feature of ISO 9660 Level 3. With this, files larger than 4 GiB can be split up into multiple extents (sequential series of sectors), each not exceeding the 4 GiB limit.
For example, the free software such as <link xlink:type="simple" xlink:href="../006/8510006.xml">
infrarecorder</link> and <link xlink:type="simple" xlink:href="../495/3636495.xml">
mkisofs</link> as well as <link xlink:type="simple" xlink:href="../088/2702088.xml">
Roxio Toast</link> are able to create ISO 9660 filesystems that use multi-extent files to store files larger than 4 GiB on appropriate media such as recordable DVDs.</p>
<p>

Empirical tests with a 4.2 GiB fragmented file on a DVD media have shown that Microsoft Windows XP supports this, while Mac OS X (as of 10.4.8) does not handle this case properly. In the case of Mac OS X, the driver appears not to support file fragmentation at all (i.e. it only supports ISO 9660 Level 2 but not Level 3). <O wordnetid="106832680" confidence="0.9508927676800064">
<link xlink:type="simple" xlink:href="../297/6097297.xml">
Linux</link></O>
 supports multiple extents.<ref xlink:type="simple" xlink:href="#xpointer(//reflist/entry[@id=%224%22])">4</ref>  <platform wordnetid="103961939" confidence="0.8">
<artifact wordnetid="100021939" confidence="0.8">
<surface wordnetid="104362025" confidence="0.8">
<horizontal_surface wordnetid="103536348" confidence="0.8">
<link xlink:type="simple" xlink:href="../554/7580554.xml">
FreeBSD</link></horizontal_surface>
</surface>
</artifact>
</platform>
 only shows and reads the last extent of a multi-extent file.</p>

</ss1>
<ss1>
<st>
Limit on number of directories</st>

<p>

Another limitation, less well known, is the number of directories. The ISO image has a structure called "path table". For each directory in the image, the path table provides the identifier of its parent directory. The problem is that the directory identifier is a 16-bit number, limiting its range from 1 to 65,535.<ref xlink:type="simple" xlink:href="#xpointer(//reflist/entry[@id=%225%22])">5</ref> The content of each directory is written also in a different place, making the path table redundant, and suitable only for fast searching. Some operating systems (e.g., Windows) use it, while others (e.g., Linux) do not. If an ISO image or disk consists of more than 65,535 directories, it will be readable in Linux, while in the Windows environment all files from the additional directories will be visible, but show up as empty (zero length). A popular application using ISO format, <it><link xlink:type="simple" xlink:href="../495/3636495.xml">
mkisofs</link></it>, aborts if there is a path table overflow. <it><software wordnetid="106566077" confidence="0.9508927676800064">
<link xlink:type="simple" xlink:href="../225/13927225.xml">
Nero Burning ROM</link></software>
</it> (for Windows) does not check whether the problem occurs, and will produce an invalid ISO file or disk without warning. Also, <link>
isovfy</link> cannot easily report this problem. This is the only place in the ISO format where a 16-bit number is used, causing such limitations.</p>

</ss1>
</sec>
<sec>
<st>
Multisession support</st>
<p>

ISO 9660 is by design a read-only, pre-mastered, file system. This means that all the data has to be written in one go to the medium. Once written, there is no provision for altering the stored content. Therefore ISO 9660 is not suitable to be used on random-writable media, such as Hard Disks.</p>
<p>

Recordable CD media (<link xlink:type="simple" xlink:href="../780/6780.xml">
CD-R</link>) provides for multiple session writing. This means that data can be written to disc and made accessible, then later more data can be added to the disc as long as there is unused space left on the disc. (CD-Rs are Write Once media, so they do not support erasing or overwriting data once written.)</p>
<p>

The Multisession extension to ISO 9660 makes use of this feature, by defining a rule for operating systems as to how to read an ISO 9660 volume from a CD-R. Instead of looking for the volume descriptor at offset 32768 (block number 16 on a CD) from the start of the disc, it starts reading from the 16th block in the first track of the <it>latest</it>  session. Block numbers form a contiguous sequence starting at the first session, and continuing over added sessions and their gaps.</p>
<p>

Hence, if a CD mastering program wants to add a single file to a CD-R that has an ISO 9660 volume, it has to append a session containing at least an updated copy of the entire directory tree, plus the new file. The duplicated directory entries can still reference the data files in the previous session(s).</p>
<p>

In a similar way, file data can be updated or even removed. Removal is, however, only virtual: the removed content does not appear any more in the directory shown to the user, but it is still physically present on the disc. It can therefore be recovered, and it takes up space (such that the CD will become full even though appearing to still have unused space).</p>

</sec>
<sec>
<st>
ISO 9660:1999</st>
<p>

ISO 9660:1999 is the latest update to the ISO 9660 standard. It improves on the restrictions imposed by the older standard, by extending the maximum path length to 207 characters, removing the eight-level maximum directory nesting limit, and removing the special meaning of the dot character in filenames.</p>

</sec>
<sec>
<st>
Disc images</st>

<p>

<indent level="1">

<it>Main articles: <format wordnetid="106636806" confidence="0.9508927676800064">
<link xlink:type="simple" xlink:href="../185/346185.xml">
ISO image</link></format>
&#32;and&#32;<link xlink:type="simple" xlink:href="../921/82921.xml">
Optical disc image</link></it>
</indent>
ISO 9660 file system images (<format wordnetid="106636806" confidence="0.9508927676800064">
<link xlink:type="simple" xlink:href="../185/346185.xml">
ISO image</link></format>
s) are a common way to electronically transfer the contents of CD-ROMs. They often have the <link xlink:type="simple" xlink:href="../957/147957.xml">
filename extension</link> .iso (.iso9660 is less common, but also in use) and are commonly referred to as "ISOs". It should be noted an .iso file may be:
<list>
<entry level="1" type="number">

 A single ISO 9660 file system image</entry>
<entry level="1" type="number">

 A multi-track disc image with a table of contents</entry>
</list>
</p>

</sec>
<sec>
<st>
Extensions</st>
<p>

There are common extensions to ISO 9660 to deal with the limitations. <pause wordnetid="115271008" confidence="0.8">
<extension wordnetid="115272382" confidence="0.8">
<time_interval wordnetid="115269513" confidence="0.8">
<delay wordnetid="115272029" confidence="0.8">
<link xlink:type="simple" xlink:href="../338/55338.xml">
Rock Ridge</link></delay>
</time_interval>
</extension>
</pause>
 supports the preservation of Unix-style permissions and longer <message wordnetid="106598915" confidence="0.8">
<protocol wordnetid="106665108" confidence="0.8">
<representation wordnetid="105926676" confidence="0.8">
<direction wordnetid="106786629" confidence="0.8">
<rule wordnetid="106652242" confidence="0.8">
<link xlink:type="simple" xlink:href="../586/586.xml">
ASCII</link></rule>
</direction>
</representation>
</protocol>
</message>
-coded names; <pause wordnetid="115271008" confidence="0.8">
<extension wordnetid="115272382" confidence="0.8">
<system wordnetid="104377057" confidence="0.8">
<artifact wordnetid="100021939" confidence="0.8">
<instrumentality wordnetid="103575240" confidence="0.8">
<time_interval wordnetid="115269513" confidence="0.8">
<delay wordnetid="115272029" confidence="0.8">
<link xlink:type="simple" xlink:href="../547/1587547.xml">
Joliet</link></delay>
</time_interval>
</instrumentality>
</artifact>
</system>
</extension>
</pause>
 supports names stored in <link xlink:type="simple" xlink:href="../742/31742.xml">
Unicode</link>, thus allowing almost any character to be used, even from non-<W wordnetid="106833544" confidence="0.9508927676800064">
<link xlink:type="simple" xlink:href="../306/18306.xml">
Latin</link></W>
 scripts; <pause wordnetid="115271008" confidence="0.8">
<extension wordnetid="115272382" confidence="0.8">
<time_interval wordnetid="115269513" confidence="0.8">
<delay wordnetid="115272029" confidence="0.8">
<link xlink:type="simple" xlink:href="../659/998659.xml">
El Torito</link></delay>
</time_interval>
</extension>
</pause>
 enables CDs to be bootable on <link xlink:type="simple" xlink:href="../032/15032.xml">
PC</link>; <pause wordnetid="115271008" confidence="0.8">
<extension wordnetid="115272382" confidence="0.8">
<time_interval wordnetid="115269513" confidence="0.8">
<delay wordnetid="115272029" confidence="0.8">
<link xlink:type="simple" xlink:href="../610/4379610.xml">
Apple ISO 9660 Extensions</link></delay>
</time_interval>
</extension>
</pause>
 adds support for Mac-OS-specific file characteristics such as <link xlink:type="simple" xlink:href="../655/146655.xml">
Resource fork</link>s, file backup date and more.</p>
<p>

<system wordnetid="104377057" confidence="0.8">
<artifact wordnetid="100021939" confidence="0.8">
<instrumentality wordnetid="103575240" confidence="0.8">
<standard wordnetid="107260623" confidence="0.8">
<system_of_measurement wordnetid="113577171" confidence="0.8">
<link xlink:type="simple" xlink:href="../134/311134.xml">
ISO 13490</link></system_of_measurement>
</standard>
</instrumentality>
</artifact>
</system>
 is basically ISO 9660 with multisession support.</p>
<p>

For operating systems which do not support any extensions, there is a name translation file <pause wordnetid="115271008" confidence="0.8">
<extension wordnetid="115272382" confidence="0.8">
<system wordnetid="104377057" confidence="0.8">
<artifact wordnetid="100021939" confidence="0.8">
<instrumentality wordnetid="103575240" confidence="0.8">
<time_interval wordnetid="115269513" confidence="0.8">
<delay wordnetid="115272029" confidence="0.8">
<link xlink:type="simple" xlink:href="../582/8618582.xml">
TRANS.TBL</link></delay>
</time_interval>
</instrumentality>
</artifact>
</system>
</extension>
</pause>
. It should be located in each directory, including root directory. Now obsolete.</p>

</sec>
<sec>
<st>
Operating system support</st>
<p>

Most operating systems support reading of ISO 9660 formatted discs, and most new versions support the extensions such as Rock Ridge and Joliet. Operating systems that do not support the extensions usually show the basic (non-extended) features of a plain ISO 9660 disc.</p>
<p>

Here are some operating systems and their support for ISO 9660 and extensions:
<list>
<entry level="1" type="bullet">

 <link xlink:type="simple" xlink:href="../146/8146.xml">
DOS</link>: access with extensions, such as MSCDEX.EXE (Microsoft CDROM Extension) or CORELCD.EXE</entry>
<entry level="1" type="bullet">

 Microsoft <version wordnetid="107173585" confidence="0.9508927676800064">
<link xlink:type="simple" xlink:href="../064/34064.xml">
Windows 95</link></version>
, <version wordnetid="107173585" confidence="0.9508927676800064">
<link xlink:type="simple" xlink:href="../433/75433.xml">
Windows 98</link></version>
, <link xlink:type="simple" xlink:href="../458/75458.xml">
Windows ME</link>: can read ISO 9660 Level 1, 2, 3, and Joliet</entry>
<entry level="1" type="bullet">

 <family wordnetid="108078020" confidence="0.8">
<link xlink:type="simple" xlink:href="../438/33438.xml">
Microsoft Windows NT</link></family>
 4, <version wordnetid="107173585" confidence="0.9508927676800064">
<link xlink:type="simple" xlink:href="../941/33941.xml">
Windows 2000</link></version>
, <version wordnetid="107173585" confidence="0.9508927676800064">
<link xlink:type="simple" xlink:href="../879/33879.xml">
Windows XP</link></version>
 can read ISO 9660 Level 1, 2, 3, Joliet, and ISO 9660:1999</entry>
<entry level="1" type="bullet">

 <O wordnetid="106832680" confidence="0.9508927676800064">
<link xlink:type="simple" xlink:href="../297/6097297.xml">
Linux</link></O>
 and <O wordnetid="106832680" confidence="0.9508927676800064">
<link xlink:type="simple" xlink:href="../622/18932622.xml">
BSD</link></O>
: ISO 9660 Level 1, 2, 3, Joliet, Rock Ridge, and ISO 9660:1999</entry>
<entry level="1" type="bullet">

 <link xlink:type="simple" xlink:href="../157/290157.xml">
GS/OS</link>: ISO Level 1 and 2 support via the HS.FST File System Translator. <ref xlink:type="simple" xlink:href="#xpointer(//reflist/entry[@id=%226%22])">6</ref></entry>
<entry level="1" type="bullet">

 <link xlink:type="simple" xlink:href="../043/20043.xml">
Mac OS</link> 7 to 9: ISO Level 1, 2. Optional free software supports Rock Ridge and Joliet (including ISO Level 3): <weblink xlink:type="simple" xlink:href="http://www.alex-castro.com/jokeridge/">
Joke Ridge</weblink> and <weblink xlink:type="simple" xlink:href="http://www.tempel.org/joliet/">
Joliet Volume Access</weblink>.</entry>
<entry level="1" type="bullet">

 <link xlink:type="simple" xlink:href="../640/20640.xml">
Mac OS X</link> 10.2 Jaguar, 10.3 Panther, 10.4 Tiger, 10.5 Leopard: ISO Level 1, 2, Joliet and Rock Ridge Extensions. Level 3 is not currently supported, although users have been able to mount these disks: <weblink xlink:type="simple" xlink:href="http://www.macosxhints.com/article.php?story=2004041301593855">
http://www.macosxhints.com/article.php?story=2004041301593855</weblink></entry>
<entry level="1" type="bullet">

 <O wordnetid="106832680" confidence="0.9508927676800064">
<link xlink:type="simple" xlink:href="../304/18933304.xml">
AmigaOS</link></O>
 supports the "AS" extensions (which preserve the Amiga protection bits and file comments)</entry>
</list>
</p>

</sec>
<sec>
<st>
See also</st>
<p>

<list>
<entry level="1" type="bullet">

 <link xlink:type="simple" xlink:href="../447/4502447.xml">
Hybrid CD</link></entry>
<entry level="1" type="bullet">

 <link xlink:type="simple" xlink:href="../092/1930092.xml">
Disk image emulator</link></entry>
</list>
</p>

</sec>
<sec>
<st>
References</st>
<p>

<reflist>
<entry id="1">
 "<weblink xlink:type="simple" xlink:href="http://www.ecma-international.org/publications/standards/Ecma-119.htm;">
Volume and File Structure of CDROM for Information Interchange</weblink>".&#32;  Ecma International&#32;(December 1987). </entry>
<entry id="2">
Media Sciences - <weblink xlink:type="simple" xlink:href="http://www.mscience.com/faq62.html">
Mode and Form differences</weblink></entry>
<entry id="3">
 ECMA-119 9.1.4</entry>
<entry id="4">
<weblink xlink:type="simple" xlink:href="http://lists.freebsd.org/pipermail/freebsd-bugs/2006-April/017786.html">
kern/95222: File sections on ISO9660 [sic] level 3 CDs ignored</weblink></entry>
<entry id="5">
ECMA-119 6.9</entry>
<entry id="6">
 "<weblink xlink:type="simple" xlink:href="http://www.juiced.gs/samples/assets/JuicedV9I2.pdf">
The Virtual GS: Using ISO disk images in Apple II emulators</weblink>"&#32;(PDF).&#32;  Juiced.GS Volume 9, Issue 2&#32;(May 2004). </entry>
</reflist>
</p>

</sec>
<sec>
<st>
External links</st>
<p>

<list>
<entry level="1" type="bullet">

 <weblink xlink:type="simple" xlink:href="http://www.ecma-international.org/publications/standards/Ecma-119.htm">
ECMA-119</weblink> This is the ECMA release of the ISO 9660:1988 standard, available as a free download.</entry>
<entry level="1" type="bullet">

 <weblink xlink:type="simple" xlink:href="http://www.y-adagio.com/public/standards/iso_cdromr/tocont.htm">
http://www.y-adagio.com/public/standards/iso_cdromr/tocont.htm</weblink> Technical information on ISO 9660:1999</entry>
<entry level="1" type="bullet">

 <weblink xlink:type="simple" xlink:href="http://freshmeat.net/projects/iat/">
iat</weblink> – ISO 9660 Analyzer Tool</entry>
<entry level="1" type="bullet">

 <weblink xlink:type="simple" xlink:href="http://users.pandora.be/it3.consultants.bvba/handouts/ISO9960.html">
ISO 9660 Specifications</weblink></entry>
<entry level="1" type="bullet">

 <weblink xlink:type="simple" xlink:href="http://alumnus.caltech.edu/~pje/iso9660.html">
Description of data structures in ISO-9660</weblink></entry>
<entry level="1" type="bullet">

 <weblink xlink:type="simple" xlink:href="http://www.cdrfaq.org/">
CD Recording FAQ</weblink></entry>
<entry level="1" type="bullet">

 Media Sciences - <weblink xlink:type="simple" xlink:href="http://www.mscience.com/faq60.html">
Book types and compatibility</weblink>, <weblink xlink:type="simple" xlink:href="http://www.mscience.com/faq67.html">
Multisession</weblink></entry>
<entry level="1" type="bullet">

 ISO files:</entry>
<entry level="2" type="bullet">

 <weblink xlink:type="simple" xlink:href="http://www.petri.co.il/how_to_write_iso_files_to_cd.htm">
How to write ISO files to CD in the Microsoft Windows Operating System</weblink></entry>
<entry level="2" type="bullet">

 <weblink xlink:type="simple" xlink:href="http://www.tech-recipes.com/windows_tips620.html">
Small, Free Way to Use and Mount Images (ISO files) Without Burning Them in Windows XP</weblink></entry>
<entry level="2" type="bullet">

 <weblink xlink:type="simple" xlink:href="http://sourceforge.net/projects/uniso/">
Extract a file hierarchy from an iso image (*nix)</weblink></entry>
<entry level="2" type="bullet">

 <weblink xlink:type="simple" xlink:href="http://linux-is-sexy.blogspot.com/2006/01/iso-files-with-linux.html">
How to extract ISO files with Linux</weblink></entry>
<entry level="1" type="bullet">

 Mode 1 and 2:</entry>
<entry level="2" type="bullet">

 Sony Storage Support - <weblink xlink:type="simple" xlink:href="http://sony.storagesupport.com/node/6405">
What CD-ROM Mode-1, Mode-2 and XA are ?</weblink></entry>
<entry level="2" type="bullet">

 Media Sciences - <weblink xlink:type="simple" xlink:href="http://www.mscience.com/faq502.html">
Varieties of Mode 2</weblink></entry>
<entry level="2" type="bullet">

 DivXLand - <weblink xlink:type="simple" xlink:href="http://www.divxland.org/mode2cd.php">
Mode 2 explanation and creation tools</weblink></entry>
</list>
</p>


</sec>
</bdy>
</system_of_measurement>
</standard>
</instrumentality>
</artifact>
</system>
</article>
