<?xml version="1.0" encoding="UTF-8"?>
<!-- generated by CLiX/Wiki2XML [MPI-Inf, MMCI@UdS] $LastChangedRevision: 92 $ on 16.04.2009 15:28:22[mciao0828] -->
<!DOCTYPE article SYSTEM "../article.dtd">
<article xmlns:xlink="http://www.w3.org/1999/xlink">
<message  confidence="0.8" wordnetid="106598915">
<protocol  confidence="0.8" wordnetid="106665108">
<artifact  confidence="0.8" wordnetid="100021939">
<terminal  confidence="0.8" wordnetid="104412901">
<facility  confidence="0.8" wordnetid="103315023">
<station  confidence="0.8" wordnetid="104306080">
<direction  confidence="0.8" wordnetid="106786629">
<rule  confidence="0.8" wordnetid="106652242">
<header>
<title>IBM 3270</title>
<id>15154</id>
<revision>
<id>238575339</id>
<timestamp>2008-09-15T13:21:58Z</timestamp>
<contributor>
<username>Jiang</username>
<id>10049</id>
</contributor>
</revision>
<categories>
<category>IBM hardware</category>
<category>Block-oriented terminal</category>
<category>Clear text protocols</category>
</categories>
</header>
<bdy>

<image width="150px" src="3270ScreenShot.jpg" type="thumb">
</image>
<p>

The <b>IBM 3270</b> is a class of <link xlink:type="simple" xlink:href="../402/249402.xml">
terminals</link> made by <company wordnetid="108058098" confidence="0.9508927676800064">
<link xlink:type="simple" xlink:href="../259/18622259.xml">
IBM</link></company>
 since 1972 (known as "display devices") normally used to communicate with <link xlink:type="simple" xlink:href="../872/14872.xml">
IBM mainframe</link>s. As such, it was the successor to the IBM 2260 display terminal. Due to the text color on the original models, these terminals are informally known as <b><artifact wordnetid="100021939" confidence="0.8">
<instrumentality wordnetid="103575240" confidence="0.8">
<device wordnetid="103183080" confidence="0.8">
<link xlink:type="simple" xlink:href="../771/13591771.xml">
green screen</link></device>
</instrumentality>
</artifact>
</b> terminals. Unlike common <link xlink:type="simple" xlink:href="../402/249402.xml">
serial ASCII terminals</link>, the 3270 minimizes the number of <link xlink:type="simple" xlink:href="../558/14558.xml">
I/O</link> interrupts required by accepting large blocks of <link xlink:type="simple" xlink:href="../040/18985040.xml">
data</link> known as <link xlink:type="simple" xlink:href="../868/47868.xml">
datastreams</link>, and uses a high speed proprietary communications interface, using coax cable.  </p>
<p>

IBM stopped manufacturing terminals many years ago, but the IBM 3270 protocol is still commonly used via <link xlink:type="simple" xlink:href="../540/53540.xml">
terminal emulation</link> to access some mainframe-based applications. Accordingly, such applications are sometimes referred to as <b>green screen applications</b>. Use of 3270 is slowly diminishing over time as more and more mainframe applications acquire <invention wordnetid="105633385" confidence="0.8">
<link xlink:type="simple" xlink:href="../139/33139.xml">
Web</link></invention>
 interfaces, but some web applications use the technique of "screen scraping" to capture old screens and transfer the data to modern front-ends. Today, many sites such as <link xlink:type="simple" xlink:href="../243/7243.xml">
call center</link>s still find the "green screen" 3270 interface to be more productive and efficient than spending resources to replace them with more modern systems.</p>

<sec>
<st>
 Principles </st>

<p>

In a datastream, both text and control (or formatting functions) are interspersed allowing an entire screen to be "painted" as a single output operation. The concept of "formatting" in these devices allows the screen to be divided into clusters of contiguous character cells for which numerous "attributes" (colour, highlighting, character set, protection from modification) can be set. An attribute occupied a physical location on the screen which also determined the beginning and end of a "field" (separately addressable sub section of the screen).</p>
<p>

Further, using a technique known as "read modified," the changes from any number of formatted fields that have been modified can be read as a single input without transferring any other data, another technique to enhance the terminal throughput of the <link xlink:type="simple" xlink:href="../218/5218.xml">
CPU</link>. Some users familiar with character interrupt-driven terminal interfaces (such as Microsoft Windows) find this technique unusual. There was also a "read buffer" capability which transferred the entire content of the 3270-screen buffer including field attributes. This was mainly used for debugging purposes to preserve the application program screen contents while replacing it, temporarily, with debugging information.</p>
<p>

The first 3270s had no function keys. Later 3270s had twelve, and later twenty-four, special <link xlink:type="simple" xlink:href="../379/347379.xml">
programmed function key</link>s, or PF keys, and three PA (or "program attention") keys placed in one or two rows at the top of the keyboard. When one of these keys is pressed, it will cause its <it>control unit</it> (historically, usually, an IBM 3274 or 3174, but nowadays the onboard mainframe equivalent) to generate an I/O interrupt and present a special code identifying which key was pressed. Application program functions such as termination, page-up, page-down, or help can be invoked by a single key press, thereby reducing the load on very busy processors.</p>
<p>

In this way, the CPU is not interrupted at every keystroke, a scheme which allowed an early 3033 mainframe with only 16&nbsp;MB to support up to 17,500 3270 terminals under <link xlink:type="simple" xlink:href="../505/391505.xml">
CICS</link>. On the other hand, <link xlink:type="simple" xlink:href="../494/32494.xml">
vi</link>-like behaviour was not possible. (But end-user responsiveness was arguably more predictable with 3270, something users appreciated.)  For the same reason, a porting of <software wordnetid="106566077" confidence="0.9508927676800064">
<link xlink:type="simple" xlink:href="../273/18273.xml">
Lotus 1-2-3</link></software>
 to mainframes with 3279 screens did not meet success because its programmers were not able to properly adapt the spreadsheet's user interface to a "screen at a time" rather than "character at a time" device. </p>
<p>

In contrast, IBM's <link xlink:type="simple" xlink:href="../539/1892539.xml">
OfficeVision</link> office productivity software enjoyed great success with 3270 interaction because of its design understanding. And for many years the <link xlink:type="simple" xlink:href="../539/1892539.xml">
PROFS</link> calendar was the most commonly displayed screen on office terminals around the world.</p>
<p>

In contrast also, <link xlink:type="simple" xlink:href="../355/15355.xml">
ICI</link> Mond Division's Works Records System, the first known <link>
shared public spreadsheet</link> used the 3270 successfully for what was, in effect, a high powered version of today's spreadsheets with additional functions. It remained in continual use for 27 years up until <link xlink:type="simple" xlink:href="../551/34551.xml">
2001</link> and, despite its lack of a <link xlink:type="simple" xlink:href="../293/12293.xml">
GUI</link>, cells could be defined anywhere on the screen (not necessarily in rows or columns) and could be instantly re-configured for length, content and formulas as required. It is interesting to note that ICI's online, fully interactive system pre-dated PC spreadsheets by quite a few years and allowed multiple users to use the spreadsheets at the same time, similar to today's Web based shared spreadsheets such as <link xlink:type="simple" xlink:href="../441/5352441.xml">
Editgrid</link>, <link xlink:type="simple" xlink:href="../405/5442405.xml">
Google Spreadsheets</link>, and others. </p>
<p>

As mentioned above, the Web (and <link xlink:type="simple" xlink:href="../443/13443.xml">
HTTP</link>) is similar to 3270 interaction because the terminal (browser) is given more responsibility for managing presentation and user input, minimizing host interaction while still facilitating server-based information retrieval and processing.</p>
<p>

Applications development has in many ways returned to the 3270 approach. In the 3270 era, all application functionality was provided centrally. With the advent of the <link xlink:type="simple" xlink:href="../137/18457137.xml">
PC</link>, the idea was to invoke central systems only when absolutely unavoidable, and to do all application processing with local software on the personal computer. Now in the Web era (and with Wikis in particular), the application again is strongly centrally controlled, with only technical functionality distributed to the PC.</p>
<p>

In the early 1990's a popular solution to link PCs with the mainframes was the IRMA card. It was a piece of hardware that plugged into a PC and connected to a coaxial cable towards the mainframe.  IRMA also allowed file transfers between the PC and the mainframe.</p>

</sec>
<sec>
<st>
 Third parties </st>

<p>

Many manufacturers created 3270 compatible terminals such as Hewlett Packard, or adapted ASCII terminals such as the <artifact wordnetid="100021939" confidence="0.8">
<terminal wordnetid="104412901" confidence="0.8">
<merchandise wordnetid="103748886" confidence="0.8">
<facility wordnetid="103315023" confidence="0.8">
<commodity wordnetid="103076708" confidence="0.8">
<station wordnetid="104306080" confidence="0.8">
<link xlink:type="simple" xlink:href="../215/1607215.xml">
HP 2640</link></station>
</commodity>
</facility>
</merchandise>
</terminal>
</artifact>
 series to have a similar block-mode capability which would transmit a screen at a time, with some form validation capability. Modern applications are sometimes built upon legacy 3270 applications, using software utilities to capture (screen scraping) screens and transfer the data to web pages or GUI interfaces.</p>

</sec>
<sec>
<st>
 Models </st>

<p>

<list>
<entry level="1" type="bullet">

3277 model 1 : 16×40 terminal</entry>
<entry level="1" type="bullet">

3277 model 2 : 24×80 terminal, the biggest success of all</entry>
<entry level="1" type="bullet">

3277 model 3 : 32×80 terminal</entry>
<entry level="1" type="bullet">

3277 GA : a 3277 with an RS232C I/O, often used to drive a <link xlink:type="simple" xlink:href="../213/659213.xml">
Tektronix</link> 4013 or 4015 graphic screen (1024×768, monochrome)</entry>
<entry level="1" type="bullet">

3278 models 3,4,5 : next-generation, with accented characters and dead keys in countries that needed them</entry>
<entry level="2" type="bullet">

 model 2 : 24×80</entry>
<entry level="2" type="bullet">

 model 3 : 32×80</entry>
<entry level="2" type="bullet">

 model 4 : 43×80</entry>
<entry level="2" type="bullet">

 model 5 : 27×132 or 24×80 (switchable)</entry>
<entry level="1" type="bullet">

3278 PS : programmable characters; able to display monochrome graphics</entry>
<entry level="1" type="bullet">

3279 : color terminal, 4-color (text) or 7-color (graphics) version,</entry>
</list>
</p>
<p>

(Generally, 3277 models were upper-case only, except for the mixed EBCDIC/APL which had lower case; lower-case capability and possibility of <link xlink:type="simple" xlink:href="../442/418442.xml">
dead key</link>s, at first a simple RPQ (<it>Request Price Quotation</it>, tailored on request at extra cost) was only added in 3278 &amp; 3279 models.) </p>
<p>

A version of the <link xlink:type="simple" xlink:href="../032/15032.xml">
IBM PC</link> called the <computer wordnetid="103082979" confidence="0.9508927676800064">
<link xlink:type="simple" xlink:href="../606/4584606.xml">
3270 PC</link></computer>
, released in October 1983, included 3270 <link xlink:type="simple" xlink:href="../540/53540.xml">
terminal emulation</link>. Later, the 3270 PC/G (graphics) and 3270 PC/GX (extended graphics) followed.</p>

</sec>
<sec>
<st>
 Telnet 3270 </st>

<p>

Telnet 3270, or <b>TN3270</b> describes either the process of sending and receiving 3270 data streams using the <link xlink:type="simple" xlink:href="../062/31062.xml">
Telnet</link> protocol or the software that emulates a 3270 class terminal which communicates using that process.  TN3270 allows a 3270 <link xlink:type="simple" xlink:href="../540/53540.xml">
terminal emulator</link> to communicate over a <message wordnetid="106598915" confidence="0.8">
<protocol wordnetid="106665108" confidence="0.8">
<direction wordnetid="106786629" confidence="0.8">
<rule wordnetid="106652242" confidence="0.8">
<link xlink:type="simple" xlink:href="../476/15476.xml">
TCP/IP</link></rule>
</direction>
</protocol>
</message>
 network instead of an <link xlink:type="simple" xlink:href="../267/78267.xml">
SNA</link> network. Standard <link xlink:type="simple" xlink:href="../062/31062.xml">
telnet</link> clients cannot be used as a substitute for TN3270 clients, as they use fundamentally different techniques for exchanging data.</p>

<ss1>
<st>
 Known TN3270 clients </st>

<p>

<list>
<entry level="1" type="bullet">

 <company wordnetid="108058098" confidence="0.9508927676800064">
<link xlink:type="simple" xlink:href="../947/882947.xml">
Attachmate</link></company>
 <weblink xlink:type="simple" xlink:href="http://www.attachmate.com/Products/Host+Connectivity/Terminal+Emulation/extra">
EXTRA!</weblink></entry>
<entry level="1" type="bullet">

 <company wordnetid="108058098" confidence="0.9508927676800064">
<link xlink:type="simple" xlink:href="../947/882947.xml">
Attachmate</link></company>
 <weblink xlink:type="simple" xlink:href="http://www.attachmate.com/Products/Host+Connectivity/Terminal+Emulation/reflection">
Reflection</weblink>  (formerly <link xlink:type="simple" xlink:href="../947/882947.xml">
WRQ</link> <weblink xlink:type="simple" xlink:href="http://www.attachmate.com/Products/Host+Connectivity/Terminal+Emulation/reflection">
Reflection</weblink> ) </entry>
<entry level="1" type="bullet">

 <weblink xlink:type="simple" xlink:href="http://www.cleo.com/products/tn3270e.php">
Cleo TN3270</weblink> (Cleo Communications)</entry>
<entry level="1" type="bullet">

 <weblink xlink:type="simple" xlink:href="http://www.databeast.com/">
dataComet Macintosh TN3270 emulator</weblink></entry>
<entry level="1" type="bullet">

 <weblink xlink:type="simple" xlink:href="http://www.futuresoft.com/">
DynaComm</weblink> by FutureSoft Inc.</entry>
<entry level="1" type="bullet">

 <company wordnetid="108058098" confidence="0.8">
<institution wordnetid="108053576" confidence="0.8">
<link xlink:type="simple" xlink:href="../278/15656278.xml">
HOB GmbH &amp; Co KG</link></institution>
</company>
 <weblink xlink:type="simple" xlink:href="http://www.hobsoft.com/produkte/connect/jterm-intro.jsp">
HOBLink J-Term</weblink></entry>
<entry level="1" type="bullet">

 <company wordnetid="108058098" confidence="0.9508927676800064">
<link xlink:type="simple" xlink:href="../709/3807709.xml">
Hummingbird Ltd.</link></company>
 Host Explorer</entry>
<entry level="1" type="bullet">

 <weblink xlink:type="simple" xlink:href="http://hosakasoft.com/">
Hosaka TN3270</weblink> (HosakaSoft)</entry>
<entry level="1" type="bullet">

 <weblink xlink:type="simple" xlink:href="http://www-306.ibm.com/software/network/pcomm/">
IBM Host On-Demand and Personal Communications</weblink> (IBM)</entry>
<entry level="1" type="bullet">

 <weblink xlink:type="simple" xlink:href="http://www.gpvno.co.za/">
Inet and Winet for embedded and Windows</weblink> (GPvNO)</entry>
<entry level="1" type="bullet">

 INTRA-SYS All in One</entry>
<entry level="1" type="bullet">

 <weblink xlink:type="simple" xlink:href="http://www.columbia.edu/kermit/">
Kermit</weblink> (Columbia University)</entry>
<entry level="1" type="bullet">

 <weblink xlink:type="simple" xlink:href="http://www.mochasoft.dk/tn3270.htm">
Mocha TN3270</weblink> (MochaSoft)</entry>
<entry level="1" type="bullet">

 <weblink xlink:type="simple" xlink:href="http://www.nexit.com/">
Nexus Terminal</weblink> (Nexus Integration)</entry>
<entry level="1" type="bullet">

 <weblink xlink:type="simple" xlink:href="http://www.ericom.com/">
PowerTerm InterConnect</weblink> (Ericom Software)</entry>
<entry level="1" type="bullet">

 Quick3270 (dn-computing)</entry>
<entry level="1" type="bullet">

 <weblink xlink:type="simple" xlink:href="http://www.jollygiant.com">
QWS3270 PLUS</weblink> (Jolly Giant Software Inc.)</entry>
<entry level="1" type="bullet">

 <weblink xlink:type="simple" xlink:href="http://www.redoaksw.com/products/prod_legint.html">
Red Oak Software Legacy Integrator</weblink></entry>
<entry level="1" type="bullet">

 <weblink xlink:type="simple" xlink:href="http://www.redoaksw.com/products/prod_legcomp.html">
Red Oak Software Legacy Composer</weblink></entry>
<entry level="1" type="bullet">

 <weblink xlink:type="simple" xlink:href="http://www.netmanage.com/products/rumba/rumbamainframe.asp">
Rumba</weblink> (Netmanage Products)</entry>
<entry level="1" type="bullet">

 <weblink xlink:type="simple" xlink:href="http://www.centurysoftware.com/terminal_emulator/advanced_terminal_emulator.php">
TinyTERM Plus</weblink> (Century Software, Inc.)</entry>
<entry level="1" type="bullet">

 <weblink xlink:type="simple" xlink:href="http://www.brown.edu/Facilities/CIS/tn3270/">
tn3270 for the Macintosh</weblink> (<university wordnetid="108286163" confidence="0.9508927676800064">
<link xlink:type="simple" xlink:href="../157/4157.xml">
Brown University</link></university>
)</entry>
<entry level="1" type="bullet">

 <weblink xlink:type="simple" xlink:href="http://www.sdisw.com/">
TN3270 Plus</weblink> (SDI)</entry>
<entry level="1" type="bullet">

 <weblink xlink:type="simple" xlink:href="http://www.clerity.com/">
UniKix J3270</weblink> (Clerity Solutions Inc.)</entry>
<entry level="1" type="bullet">

 <weblink xlink:type="simple" xlink:href="http://www.tombrennansoftware.com/">
Vista tn3270</weblink> (Tom Brennan Software)</entry>
<entry level="1" type="bullet">

 <weblink xlink:type="simple" xlink:href="http://www.oc.com/">
Visual 3270</weblink> by OpenConnect Systems Inc.</entry>
<entry level="1" type="bullet">

 <weblink xlink:type="simple" xlink:href="http://x3270.bgp.nu/">
x3270, for the X Window System and Microsoft Windows</weblink></entry>
<entry level="1" type="bullet">

 <weblink xlink:type="simple" xlink:href="http://www.zephyrcorp.com/">
Zephyr PASSPORT</weblink> (Zephyr Development Corporation)</entry>
<entry level="1" type="bullet">

 <weblink xlink:type="simple" xlink:href="http://www.cybelesoft.com/">
z/Scope Express 3270</weblink> (Cybele Software)</entry>
</list>
</p>

</ss1>
</sec>
<sec>
<st>
 References </st>

<p>

<list>
<entry level="1" type="bullet">

<weblink xlink:type="simple" xlink:href="http://www.elink.ibmlink.ibm.com/publications/servlet/pbi.wss?CTY=US&amp;FNC=SRX&amp;PBL=GA23-0059-07">
3270 Information Display System - 3270 Data Stream Programmer's Reference</weblink> from IBM</entry>
<entry level="1" type="bullet">

<weblink xlink:type="simple" xlink:href="http://www.cisco.com/univercd/cc/td/doc/cisintwk/dsgngde/tn3270/tndg_c1.htm">
Introduction to Telnet 3270</weblink> from Cisco</entry>
<entry level="1" type="bullet">

RFC 1041 - Telnet 3270 regime option</entry>
<entry level="1" type="bullet">

RFC 1576 - TN3270 Current Practices</entry>
<entry level="1" type="bullet">

RFC 2355 - TN3270 Enhancements</entry>
<entry level="1" type="bullet">

 <weblink xlink:type="simple" xlink:href="http://www.hob-techtalk.com/articles/2008/09/12/3270-a-brief-history">
A brief history of 3270</weblink></entry>
</list>
</p>

</sec>
<sec>
<st>
 See also </st>

<p>

<list>
<entry level="1" type="bullet">

<physical_entity wordnetid="100001930" confidence="0.8">
<person wordnetid="100007846" confidence="0.8">
<copycat wordnetid="109964411" confidence="0.8">
<causal_agent wordnetid="100007347" confidence="0.8">
<link xlink:type="simple" xlink:href="../889/3245889.xml">
3270 emulator</link></causal_agent>
</copycat>
</person>
</physical_entity>
</entry>
</list>
</p>
<p>

----
<it>This article was originally based on material from the <work wordnetid="104599396" confidence="0.8">
<product wordnetid="104007894" confidence="0.8">
<creation wordnetid="103129123" confidence="0.8">
<artifact wordnetid="100021939" confidence="0.8">
<wordbook wordnetid="106418693" confidence="0.8">
<book wordnetid="106410904" confidence="0.8">
<dictionary wordnetid="106418901" confidence="0.8">
<reference_book wordnetid="106417598" confidence="0.8">
<publication wordnetid="106589574" confidence="0.8">
<link xlink:type="simple" xlink:href="../324/11324.xml">
Free On-line Dictionary of Computing</link></publication>
</reference_book>
</dictionary>
</book>
</wordbook>
</artifact>
</creation>
</product>
</work>
, which is  under the <link xlink:type="simple" xlink:href="../782/18938782.xml">
GFDL</link>.</it></p>


</sec>
</bdy>
</rule>
</direction>
</station>
</facility>
</terminal>
</artifact>
</protocol>
</message>
</article>
