<?xml version="1.0" encoding="UTF-8"?>
<!-- generated by CLiX/Wiki2XML [MPI-Inf, MMCI@UdS] $LastChangedRevision: 92 $ on 16.04.2009 16:20:23[mciao0825] -->
<!DOCTYPE article SYSTEM "../article.dtd">
<article xmlns:xlink="http://www.w3.org/1999/xlink">
<header>
<title>Internet censorship in the People&apos;s Republic of China</title>
<id>154457</id>
<revision>
<id>244663515</id>
<timestamp>2008-10-11T22:56:18Z</timestamp>
<contributor>
<username>Robbot</username>
<id>25261</id>
</contributor>
</revision>
<categories>
<category>All articles with dead external links</category>
<category>All pages needing cleanup</category>
<category>Internet censorship in the People&apos;s Republic of China</category>
<category>Articles with invalid date parameter in template</category>
<category>Content-control software</category>
<category>Cleanup from September 2007</category>
<category>Articles with dead external links since August 2008</category>
</categories>
</header>
<bdy>

"Chinese firewall" redirects here. For the business concept designed to avoid conflicts of interest, see <link xlink:type="simple" xlink:href="../843/462843.xml">
Chinese wall</link>.
<p>

<table style="width: 15em; float:right; margin:0 0 1em 1em" class="navbox nowraplinks">
<row>
<col colspan="2">
Part of the series on</col>
</row>
<row>
<header colspan="2" style="background:#78866B; color:#fff;">
 <link xlink:type="simple" xlink:href="../537/17253537.xml">
Censorship</link></header>
</row>
<row>
<col colspan="2">
 <image location="center" width="100px" src="Censorship.svg">
<caption>

Censored
</caption>
</image>
</col>
</row>
<row>
<header colspan="2" style="background:#78866B; color:#fff">
By media</header>
</row>
<row>
<col>
<link xlink:type="simple" xlink:href="../399/1800399.xml">
Advertisements</link> 
<link xlink:type="simple" xlink:href="../164/2255164.xml">
Anime</link> 
<link xlink:type="simple" xlink:href="../362/154362.xml">
Books</link> 
<link xlink:type="simple" xlink:href="../884/200884.xml">
Films</link> 
<link xlink:type="simple" xlink:href="../239/3651239.xml">
Re-edited film</link>s</col>
<col>
<link xlink:type="simple" xlink:href="../386/11056386.xml">
Internet</link> 
<link xlink:type="simple" xlink:href="../711/1411711.xml">
Music</link> 
<link xlink:type="simple" xlink:href="../323/105323.xml">
Press</link>
<link xlink:type="simple" xlink:href="../365/3280365.xml">
Speech &amp; expression</link> 
<link xlink:type="simple" xlink:href="../036/661036.xml">
Video games</link></col>
</row>
<row>
<header colspan="2" style="background:#78866B; color:#fff">
By channel</header>
</row>
<row>
<col>
 <link xlink:type="simple" xlink:href="../699/10968699.xml">
BBC</link></col>
<col>
 <system wordnetid="108435388" confidence="0.8">
<group wordnetid="100031264" confidence="0.8">
<network wordnetid="108434259" confidence="0.8">
<link xlink:type="simple" xlink:href="../388/8113388.xml">
MTV</link></network>
</group>
</system>
</col>
</row>
<row>
<header colspan="2" style="background:#78866B; color:#fff">
By method</header>
</row>
<row>
<col colspan="2">
<link xlink:type="simple" xlink:href="../534/152534.xml">
Book burning</link>  
<link xlink:type="simple" xlink:href="../249/483249.xml">
Bleep censor</link> 
<link xlink:type="simple" xlink:href="../392/1136392.xml">
Broadcast delay</link> 
<link xlink:type="simple" xlink:href="../144/7144.xml">
Content-control software</link> 
<link xlink:type="simple" xlink:href="../559/16560559.xml">
Expurgation</link> 
<link xlink:type="simple" xlink:href="../322/559322.xml">
Pixelization</link> 
<physical_entity wordnetid="100001930" confidence="0.8">
<law wordnetid="108441203" confidence="0.8">
<citizen wordnetid="109923673" confidence="0.8">
<person wordnetid="100007846" confidence="0.8">
<national wordnetid="109625401" confidence="0.8">
<civilian wordnetid="109924742" confidence="0.8">
<causal_agent wordnetid="100007347" confidence="0.8">
<collection wordnetid="107951464" confidence="0.8">
<group wordnetid="100031264" confidence="0.8">
<link xlink:type="simple" xlink:href="../551/3968551.xml">
Postal censorship</link></group>
</collection>
</causal_agent>
</civilian>
</national>
</person>
</citizen>
</law>
</physical_entity>
  
<technique wordnetid="105665146" confidence="0.8">
<know-how wordnetid="105616786" confidence="0.8">
<civil_right wordnetid="105182563" confidence="0.8">
<method wordnetid="105660268" confidence="0.8">
<human_right wordnetid="105176846" confidence="0.8">
<right wordnetid="105174653" confidence="0.8">
<link xlink:type="simple" xlink:href="../796/673796.xml">
Prior restraint</link></right>
</human_right>
</method>
</civil_right>
</know-how>
</technique>
 
<link xlink:type="simple" xlink:href="../711/1192711.xml">
Self-censorship</link>   
<link xlink:type="simple" xlink:href="../917/7642917.xml">
Whitewashing</link>  
<link xlink:type="simple" xlink:href="../501/1197501.xml">
Gag order</link></col>
</row>
<row>
<header colspan="2" style="background:#78866B; color:#fff">
By context</header>
</row>
<row>
<col colspan="2">
<link xlink:type="simple" xlink:href="../417/11135417.xml">
Corporate censorship</link>  
<link xlink:type="simple" xlink:href="../973/49973.xml">
Under fascist regimes</link> 
<link xlink:type="simple" xlink:href="../466/4896466.xml">
Political censorship</link> 
<link xlink:type="simple" xlink:href="../984/4807984.xml">
Censorship by religion</link>
<link xlink:type="simple" xlink:href="../332/18100332.xml">
Censorship by country</link>
<it>See&nbsp;also:</it> <link xlink:type="simple" xlink:href="../534/18933534.xml">
Freedom of speech by country</link></col>
</row>
</table>

<b>Internet censorship in the People's Republic of China</b> is conducted under a wide variety of laws and administrative regulations. In accordance with these laws, more than sixty Internet regulations have been made by the <country wordnetid="108544813" confidence="0.9508927676800064">
<link xlink:type="simple" xlink:href="../405/5405.xml">
People's Republic of China</link></country>
 (PRC) government, and censorship systems are vigorously implemented by provincial branches of state-owned <link xlink:type="simple" xlink:href="../245/100245.xml">
ISP</link>s, business companies, and organizations.<ref xlink:type="simple" xlink:href="#xpointer(//reflist/entry[@id=%221%22])">1</ref><ref xlink:type="simple" xlink:href="#xpointer(//reflist/entry[@id=%222%22])">2</ref></p>
<p>

Most national laws of the People's Republic of China do not apply to the <link xlink:type="simple" xlink:href="../109/3540109.xml">
Special Administrative Region</link>s of <country wordnetid="108544813" confidence="0.9508927676800064">
<link xlink:type="simple" xlink:href="../404/13404.xml">
Hong Kong</link></country>
 or <country wordnetid="108544813" confidence="0.9508927676800064">
<link xlink:type="simple" xlink:href="../068/19068.xml">
Macau</link></country>
. There are no known cases of the Chinese authorities censoring critical political or religious content in those territories.</p>
<p>

The escalation of the government's effort to neutralize critical online opinion comes after a series of large anti-Japanese, anti-pollution and anti-corruption protests, many of which were organized or publicized using <link xlink:type="simple" xlink:href="../951/55951.xml">
instant messaging</link> services, chat rooms, and <link xlink:type="simple" xlink:href="../854/305854.xml">
text message</link>s. The size of the <link xlink:type="simple" xlink:href="../486/10502486.xml">
Internet police</link> is estimated at more than 30,000.<ref xlink:type="simple" xlink:href="#xpointer(//reflist/entry[@id=%223%22])">3</ref> Critical comments appearing on <link xlink:type="simple" xlink:href="../813/294813.xml">
Internet forum</link>s, <link xlink:type="simple" xlink:href="../645/33645.xml">
blog</link>s, and major portals such as <company wordnetid="108058098" confidence="0.9508927676800064">
<link xlink:type="simple" xlink:href="../109/1676109.xml">
Sohu</link></company>
 and <possession wordnetid="100032613" confidence="0.8">
<company wordnetid="108058098" confidence="0.8">
<property wordnetid="113244109" confidence="0.8">
<institution wordnetid="108053576" confidence="0.8">
<link xlink:type="simple" xlink:href="../245/463245.xml">
Sina</link></institution>
</property>
</company>
</possession>
 usually are erased within minutes.</p>
<p>

As of <link xlink:type="simple" xlink:href="../587/20587.xml">
March 31</link>, <link xlink:type="simple" xlink:href="../825/35825.xml">
2008</link>, China has unblocked access to some Internet Web sites, including non-politically sensitive parts of English Wikipedia, after the <organization wordnetid="108008335" confidence="0.9508927676800064">
<link xlink:type="simple" xlink:href="../147/15147.xml">
International Olympic Committee</link></organization>
 (IOC) protested that ongoing blocking "would reflect very poorly" on the host nation;<ref xlink:type="simple" xlink:href="#xpointer(//reflist/entry[@id=%224%22])">4</ref> subsequently, the Technology Ministry said that there would continue to be controls, and it was unclear what the final list of prohibited Web sites would be.<ref xlink:type="simple" xlink:href="#xpointer(//reflist/entry[@id=%225%22])">5</ref></p>

<sec>
<st>
Enforcement</st>
<p>

Banning appears mostly uncoordinated and <link xlink:type="simple" xlink:href="../704/168704.xml">
ad hoc</link>, with some sites blocked, yet similar sites allowed or even blocked in one city and allowed in another.<ref xlink:type="simple" xlink:href="#xpointer(//reflist/entry[@id=%226%22])">6</ref> The blocks have often been lifted for special occasions. For example, <it><newspaper wordnetid="106267145" confidence="0.9508927676800064">
<link xlink:type="simple" xlink:href="../680/30680.xml">
The New York Times</link></newspaper>
</it> was unblocked when reporters in a private interview with <president wordnetid="110468559" confidence="0.9508927676800064">
<link xlink:type="simple" xlink:href="../871/95871.xml">
Jiang Zemin</link></president>
 specifically asked about the block and he replied that he would look into the matter. During the <organization wordnetid="108008335" confidence="0.9508927676800064">
<link xlink:type="simple" xlink:href="../976/135976.xml">
APEC</link></organization>
 summit in <village wordnetid="108672738" confidence="0.9508927676800064">
<link xlink:type="simple" xlink:href="../643/27643.xml">
Shanghai</link></village>
 during 2001, normally-blocked media sources such as <channel wordnetid="106259898" confidence="0.9508927676800064">
<link xlink:type="simple" xlink:href="../028/62028.xml">
CNN</link></channel>
, <network wordnetid="108434259" confidence="0.9508927676800064">
<link xlink:type="simple" xlink:href="../780/21780.xml">
NBC</link></network>
, and the <it><link xlink:type="simple" xlink:href="../226/102226.xml">
Washington Post</link></it> suddenly became accessible. Since 2001, the content controls have been further relaxed on a permanent basis, and all three of the sites previously mentioned are now accessible from mainland China. In fact, most foreign news Web sites are accessible, though a small number (including the Chinese-language service of <statement wordnetid="106722453" confidence="0.8">
<message wordnetid="106598915" confidence="0.8">
<announcement wordnetid="106746580" confidence="0.8">
<program wordnetid="106748466" confidence="0.8">
<link xlink:type="simple" xlink:href="../893/1139893.xml">
BBC News</link></program>
</announcement>
</message>
</statement>
) remain blocked.</p>
<p>

Mainland China agencies frequently issue regulations about the Internet, but these often are not enforced or are ignored. One major problem in enforcement is determining who has jurisdiction over the Internet, causing many bureaucratic turf battles within the PRC government, among various ministries, and between central and local officials.  The <link xlink:type="simple" xlink:href="../967/160967.xml">
State Council Information Office</link> has the mandate to regulate the Internet, but other security agencies in mainland China have a say as well.</p>
<p>

Some legal scholars have pointed out that the frequency at which the PRC government issues new regulations on the Internet is a symptom of their ineffectiveness, because the new regulations never make reference to the previous set of regulations, which appear to have been forgotten.</p>

</sec>
<sec>
<st>
Golden Shield Project</st>

<p>

<indent level="1">

<it>Main article: <link xlink:type="simple" xlink:href="../821/8034821.xml">
Golden Shield Project</link></it>
</indent>

The <b>Golden Shield Project</b> (<language wordnetid="106282651" confidence="0.9508927676800064">
<link xlink:type="simple" xlink:href="../751/5751.xml">
Chinese</link></language>
: 金盾工程; <link xlink:type="simple" xlink:href="../588/23588.xml">
pinyin</link>: jīndùn gōngchéng) is owned by <agency wordnetid="108337324" confidence="0.9508927676800064">
<link xlink:type="simple" xlink:href="../858/265858.xml">
Ministry of Public Security of the People's Republic of China</link></agency>
 (MPS). It started in 1998, began the process in November 2003, and the first part of the project passed the national inspection on <link xlink:type="simple" xlink:href="../726/21726.xml">
16 November</link>, 2006 in <village wordnetid="108672738" confidence="0.9508927676800064">
<link xlink:type="simple" xlink:href="../746/18603746.xml">
Beijing</link></village>
. According to MPSass, it is to construct a communication network and computer information system for police to improve their capability and efficiency. According to <company wordnetid="108058098" confidence="0.9508927676800064">
<link xlink:type="simple" xlink:href="../894/77894.xml">
China Central Television</link></company>
 (CCTV), up to 2002, the preliminary work of the Golden Shield Project cost US$800 million (equivalent to RMB 6,400 million or €640 million).<ref xlink:type="simple" xlink:href="#xpointer(//reflist/entry[@id=%227%22])">7</ref></p>
<p>

The Golden Shield Project is part of what is sometimes known outside of <link xlink:type="simple" xlink:href="../079/55079.xml">
mainland China</link> as the <b>Great Firewall of China</b> (in reference both to its role as a <link xlink:type="simple" xlink:href="../296/1362296.xml">
network firewall</link> and to the ancient <site wordnetid="108651247" confidence="0.9508927676800064">
<link xlink:type="simple" xlink:href="../570/5094570.xml">
Great Wall of China</link></site>
). The system blocks content by preventing <link xlink:type="simple" xlink:href="../921/14921.xml">
IP address</link>es from being routed through and consists of standard firewall and <link xlink:type="simple" xlink:href="../768/78768.xml">
proxy server</link>s at the <link xlink:type="simple" xlink:href="../539/14539.xml">
Internet</link> <link xlink:type="simple" xlink:href="../556/1338556.xml">
gateway</link>s. The system also selectively engages in <link xlink:type="simple" xlink:href="../752/1507752.xml">
DNS poisoning</link> when particular sites are requested. The government does not appear to be systematically examining Internet content, as this appears to be technically impractical.<ref xlink:type="simple" xlink:href="#xpointer(//reflist/entry[@id=%228%22])">8</ref></p>
<p>

Researchers at the <university wordnetid="108286163" confidence="0.9508927676800064">
<ranking wordnetid="114429484" confidence="0.9508927676800064">
<link xlink:type="simple" xlink:href="../924/31924.xml">
University of California, Davis</link></ranking>
</university>
 and at the <university wordnetid="108286163" confidence="0.9508927676800064">
<link xlink:type="simple" xlink:href="../570/404570.xml">
University of New Mexico</link></university>
 have asserted, however, that the Great Firewall is not a true firewall since banned material sometimes is able to pass through several routers or through the entire system without being blocked.<ref xlink:type="simple" xlink:href="#xpointer(//reflist/entry[@id=%229%22])">9</ref></p>
<p>

<b>Legislation</b><ref xlink:type="simple" xlink:href="#xpointer(//reflist/entry[@id=%2210%22])">10</ref></p>
<p>

In September 2000, the State Council Order No. 292 created the first content restrictions for Internet content providers. China-based Web sites cannot link to overseas news Web sites or carry news from overseas media without separate approval. Only “licensed print publishers” have the authority to bring out news on-line. Non-licensed Web sites that wish to broadcast news may only publish information already released publicly by other news media. These sites must obtain approval from state information offices and from the State Council Information Agency. Article 14 of this Order gives Chinese officials full access to any kind of sensitive information they wish: “ […] an IIS  provider must keep a copy of its records for 60 days and furnish them to the relevant state authorities upon demand in accordance to the law.” Finally, article 15 officially establishes an online dictatorship: “IIS providers shall not produce, reproduce, release, or disseminate information that: […] endangers national security, […]is detrimental to the honor of the state, […]  undermines social stability, the state’s policy towards religion, […] other information prohibited by the law or administrative regulations”. Article 12 mentions that “content providers are responsible for ensuring the legality of any information disseminated through their services”. </p>

<ss1>
<st>
Technical information</st>
<p>

Some commonly used methods for censoring content are:<ref xlink:type="simple" xlink:href="#xpointer(//reflist/entry[@id=%2211%22])">11</ref></p>
<p>

<list>
<entry level="1" type="bullet">

<link xlink:type="simple" xlink:href="../921/14921.xml">
IP</link> blocking. Access to a certain <link xlink:type="simple" xlink:href="../921/14921.xml">
IP address</link> is denied. If the target Web site is hosted in a <link xlink:type="simple" xlink:href="../746/2455746.xml">
shared hosting server</link>, all websites on the same server will be blocked. This affects <message wordnetid="106598915" confidence="0.8">
<protocol wordnetid="106665108" confidence="0.8">
<direction wordnetid="106786629" confidence="0.8">
<rule wordnetid="106652242" confidence="0.8">
<link xlink:type="simple" xlink:href="../323/15323.xml">
IP</link></rule>
</direction>
</protocol>
</message>
-based protocols such as <message wordnetid="106598915" confidence="0.8">
<information wordnetid="106634376" confidence="0.8">
<protocol wordnetid="106665108" confidence="0.8">
<standard wordnetid="107260623" confidence="0.8">
<direction wordnetid="106786629" confidence="0.8">
<rule wordnetid="106652242" confidence="0.8">
<format wordnetid="106636806" confidence="0.8">
<system_of_measurement wordnetid="113577171" confidence="0.8">
<link xlink:type="simple" xlink:href="../443/13443.xml">
HTTP</link></system_of_measurement>
</format>
</rule>
</direction>
</standard>
</protocol>
</information>
</message>
, <link xlink:type="simple" xlink:href="../289/53289.xml">
FTP</link> and <message wordnetid="106598915" confidence="0.8">
<protocol wordnetid="106665108" confidence="0.8">
<direction wordnetid="106786629" confidence="0.8">
<rule wordnetid="106652242" confidence="0.8">
<link xlink:type="simple" xlink:href="../062/23062.xml">
POP</link></rule>
</direction>
</protocol>
</message>
. A typical circumvention method is to find <link xlink:type="simple" xlink:href="../768/78768.xml">
proxies</link> that have access to the target websites, but proxies may be jammed or blocked, and some Web sites, such as <web_site wordnetid="106359193" confidence="0.9508927676800064">
<link xlink:type="simple" xlink:href="../734/5043734.xml">
Wikipedia</link></web_site>
 (when editing), also block proxies. Some large websites like <company wordnetid="108058098" confidence="0.9508927676800064">
<link xlink:type="simple" xlink:href="../923/1092923.xml">
Google</link></company>
 have allocated additional IP addresses to circumvent the block, but later the block was extended to cover the new IPs.</entry>
<entry level="1" type="bullet">

<link xlink:type="simple" xlink:href="../339/8339.xml">
DNS</link> filtering and redirection. Don't resolve <link xlink:type="simple" xlink:href="../878/39878.xml">
domain name</link>s, or return incorrect IP addresses. This affects all IP-based protocols such as HTTP, FTP and POP. A typical circumvention method is to find a domain name server that resolves domain names correctly, but domain name servers are subject to blockage as well, especially IP blocking. Another workaround is to bypass DNS if the IP address is obtainable from other sources and is not blocked. Examples are modifying the <record wordnetid="106647206" confidence="0.8">
<file wordnetid="106508816" confidence="0.8">
<indication wordnetid="106797169" confidence="0.8">
<evidence wordnetid="106643408" confidence="0.8">
<link xlink:type="simple" xlink:href="../150/622150.xml">
Hosts file</link></evidence>
</indication>
</file>
</record>
 or typing the IP address instead of the domain name in a <link xlink:type="simple" xlink:href="../173/33173.xml">
Web browser</link>.</entry>
<entry level="1" type="bullet">

<link xlink:type="simple" xlink:href="../277/32277.xml">
URL</link> filtering. Scan the requested <link xlink:type="simple" xlink:href="../277/32277.xml">
Uniform Resource Locator</link> (URL) string for target keywords regardless of the domain name specified in the URL. This affects the <message wordnetid="106598915" confidence="0.8">
<information wordnetid="106634376" confidence="0.8">
<protocol wordnetid="106665108" confidence="0.8">
<standard wordnetid="107260623" confidence="0.8">
<direction wordnetid="106786629" confidence="0.8">
<rule wordnetid="106652242" confidence="0.8">
<format wordnetid="106636806" confidence="0.8">
<system_of_measurement wordnetid="113577171" confidence="0.8">
<link xlink:type="simple" xlink:href="../443/13443.xml">
HTTP</link></system_of_measurement>
</format>
</rule>
</direction>
</standard>
</protocol>
</information>
</message>
 protocol. Typical circumvention methods are to use <link xlink:type="simple" xlink:href="../286/1829286.xml">
escaped characters</link> in the URL, or to use encrypted protocols such as <link xlink:type="simple" xlink:href="../130/147130.xml">
VPN</link> and <message wordnetid="106598915" confidence="0.8">
<protocol wordnetid="106665108" confidence="0.8">
<standard wordnetid="107260623" confidence="0.8">
<direction wordnetid="106786629" confidence="0.8">
<rule wordnetid="106652242" confidence="0.8">
<system_of_measurement wordnetid="113577171" confidence="0.8">
<link xlink:type="simple" xlink:href="../813/187813.xml">
TLS/SSL</link></system_of_measurement>
</rule>
</direction>
</standard>
</protocol>
</message>
.<ref xlink:type="simple" xlink:href="#xpointer(//reflist/entry[@id=%2212%22])">12</ref></entry>
<entry level="1" type="bullet">

Packet filtering. Terminate TCP <unit_of_measurement wordnetid="113583724" confidence="0.8">
<definite_quantity wordnetid="113576101" confidence="0.8">
<link xlink:type="simple" xlink:href="../734/43734.xml">
packet</link></definite_quantity>
</unit_of_measurement>
 transmissions when a certain number of <link xlink:type="simple" xlink:href="../223/1133223.xml">
controversial keywords</link> are detected. This affects all TCP-based protocols such as HTTP, FTP and POP, but <artifact wordnetid="100021939" confidence="0.8">
<instrumentality wordnetid="103575240" confidence="0.8">
<engine wordnetid="103287733" confidence="0.8">
<motor wordnetid="103789946" confidence="0.8">
<device wordnetid="103183080" confidence="0.8">
<machine wordnetid="103699975" confidence="0.8">
<link xlink:type="simple" xlink:href="../947/4555947.xml">
Search engine results page</link></machine>
</device>
</motor>
</engine>
</instrumentality>
</artifact>
s are more likely to be censored. Typical circumvention methods are to use encrypted connections - such as VPN and TLS/SSL - to escape the HTML content, or by reducing the <message wordnetid="106598915" confidence="0.8">
<protocol wordnetid="106665108" confidence="0.8">
<direction wordnetid="106786629" confidence="0.8">
<rule wordnetid="106652242" confidence="0.8">
<link xlink:type="simple" xlink:href="../476/15476.xml">
TCP/IP</link></rule>
</direction>
</protocol>
</message>
 <message wordnetid="106598915" confidence="0.8">
<protocol wordnetid="106665108" confidence="0.8">
<direction wordnetid="106786629" confidence="0.8">
<rule wordnetid="106652242" confidence="0.8">
<link xlink:type="simple" xlink:href="../882/23882.xml">
stack</link></rule>
</direction>
</protocol>
</message>
's <link xlink:type="simple" xlink:href="../894/20894.xml">
MTU</link>/<link xlink:type="simple" xlink:href="../445/600445.xml">
MSS</link> to reduce the amount of text contained in a given packet.</entry>
<entry level="1" type="bullet">

Connection reset. If a previous <link xlink:type="simple" xlink:href="../538/30538.xml">
TCP</link> connection is blocked by the filter, future connection attempts from both sides will also be blocked for up to 30 minutes. Depending on the location of the block, other users or websites may also be blocked if the communication is <link xlink:type="simple" xlink:href="../750/25750.xml">
routed</link> to the location of the block. A circumvention method is to ignore the reset packet sent by the firewall.<ref xlink:type="simple" xlink:href="#xpointer(//reflist/entry[@id=%2213%22])">13</ref></entry>
<entry level="1" type="bullet">

<standard wordnetid="107260623" confidence="0.8">
<system_of_measurement wordnetid="113577171" confidence="0.8">
<link xlink:type="simple" xlink:href="../016/717016.xml">
Web feed</link></system_of_measurement>
</standard>
 blocking. Increasingly, incoming URLs starting with the words "<link xlink:type="simple" xlink:href="../489/93489.xml">
rss</link>", "feed", or "<link xlink:type="simple" xlink:href="../645/33645.xml">
blog</link>" are blocked.<ref xlink:type="simple" xlink:href="#xpointer(//reflist/entry[@id=%2214%22])">14</ref></entry>
<entry level="1" type="bullet">

Reverse surveillance. Computers accessing certain websites including <company wordnetid="108058098" confidence="0.9508927676800064">
<link xlink:type="simple" xlink:href="../923/1092923.xml">
Google</link></company>
 are automatically exposed to reverse scanning from the ISP in an apparent attempt to extract further information from the "offending" system.</entry>
</list>
</p>

</ss1>
<ss1>
<st>
Censored content</st>
<p>

<indent level="1">

<it>See also: <link xlink:type="simple" xlink:href="../020/10167020.xml">
List of notable websites blocked in the People's Republic of China</link></it>
</indent>

Research into mainland Chinese <link xlink:type="simple" xlink:href="../539/14539.xml">
Internet</link> <link xlink:type="simple" xlink:href="../537/17253537.xml">
censorship</link> has shown that censored websites included, before the 2008 Summer Olympics: 
<list>
<entry level="1" type="bullet">

 Websites related to the <political_campaign wordnetid="107472929" confidence="0.8">
<event wordnetid="100029378" confidence="0.8">
<social_event wordnetid="107288639" confidence="0.8">
<contest wordnetid="107456188" confidence="0.8">
<race wordnetid="107472657" confidence="0.8">
<psychological_feature wordnetid="100023100" confidence="0.8">
<link xlink:type="simple" xlink:href="../960/4704960.xml">
persecuted</link></psychological_feature>
</race>
</contest>
</social_event>
</event>
</political_campaign>
 <link xlink:type="simple" xlink:href="../174/55174.xml">
Falun Gong</link> spiritual practice<ref xlink:type="simple" xlink:href="#xpointer(//reflist/entry[@id=%2215%22])">15</ref><ref xlink:type="simple" xlink:href="#xpointer(//reflist/entry[@id=%2216%22])">16</ref></entry>
<entry level="1" type="bullet">

 News sources that often cover some taboo topics such as <link xlink:type="simple" xlink:href="../029/166029.xml">
police brutality</link>, <termination wordnetid="100209943" confidence="0.8">
<homicide wordnetid="100220023" confidence="0.8">
<murder wordnetid="100220522" confidence="0.8">
<slaughter wordnetid="100223983" confidence="0.8">
<objection wordnetid="107208338" confidence="0.8">
<change wordnetid="100191142" confidence="0.8">
<protest wordnetid="107210225" confidence="0.8">
<speech_act wordnetid="107160883" confidence="0.8">
<group_action wordnetid="101080366" confidence="0.8">
<change_of_state wordnetid="100199130" confidence="0.8">
<event wordnetid="100029378" confidence="0.8">
<action wordnetid="100037396" confidence="0.8">
<conflict wordnetid="100958896" confidence="0.8">
<act wordnetid="100030358" confidence="0.8">
<psychological_feature wordnetid="100023100" confidence="0.8">
<killing wordnetid="100219012" confidence="0.8">
<link xlink:type="simple" xlink:href="../534/44534.xml">
Tiananmen Square protests of 1989</link></killing>
</psychological_feature>
</act>
</conflict>
</action>
</event>
</change_of_state>
</group_action>
</speech_act>
</protest>
</change>
</objection>
</slaughter>
</murder>
</homicide>
</termination>
, <link xlink:type="simple" xlink:href="../365/3280365.xml">
freedom of speech</link>, <link xlink:type="simple" xlink:href="../959/7959.xml">
democracy</link>, and <link xlink:type="simple" xlink:href="../053/1904053.xml">
Marxist</link> sites.<ref xlink:type="simple" xlink:href="#xpointer(//reflist/entry[@id=%2217%22])">17</ref> These sites include <body wordnetid="107965085" confidence="0.8">
<social_group wordnetid="107950920" confidence="0.8">
<group wordnetid="100031264" confidence="0.8">
<administration wordnetid="108164585" confidence="0.8">
<link xlink:type="simple" xlink:href="../191/103191.xml">
Voice of America</link></administration>
</group>
</social_group>
</body>
, <statement wordnetid="106722453" confidence="0.8">
<message wordnetid="106598915" confidence="0.8">
<announcement wordnetid="106746580" confidence="0.8">
<program wordnetid="106748466" confidence="0.8">
<link xlink:type="simple" xlink:href="../893/1139893.xml">
BBC News</link></program>
</announcement>
</message>
</statement>
, and <weblink xlink:type="simple" xlink:href="http://hk.yahoo.com">
Yahoo! Hong Kong</weblink></entry>
<entry level="1" type="bullet">

 Media sites which may include unregulated content, <link xlink:type="simple" xlink:href="../270/904270.xml">
social commentary</link> or <link xlink:type="simple" xlink:href="../990/5386990.xml">
political commentary</link> censored by the <link xlink:type="simple" xlink:href="../405/5405.xml">
PRC</link>. The Chinese <web_site wordnetid="106359193" confidence="0.9508927676800064">
<link xlink:type="simple" xlink:href="../734/5043734.xml">
Wikipedia</link></web_site>
 and <link xlink:type="simple" xlink:href="../407/92407.xml">
Livejournal</link> are examples of such blocked sites.</entry>
<entry level="1" type="bullet">

 Sites hosted by Taiwan's government and major newspaper and television media and other sites with information on Taiwanese independence<ref xlink:type="simple" xlink:href="#xpointer(//reflist/entry[@id=%2215%22])">15</ref></entry>
<entry level="1" type="bullet">

 Web sites that contain <link xlink:type="simple" xlink:href="../433/90433.xml">
obscenity</link>, <link xlink:type="simple" xlink:href="../507/5710507.xml">
pornography</link>, and <link xlink:type="simple" xlink:href="../785/5785.xml">
criminal</link> activity. </entry>
<entry level="1" type="bullet">

 Sites linked with the <link xlink:type="simple" xlink:href="../133/8133.xml">
Dalai Lama</link> and his <event wordnetid="100029378" confidence="0.8">
<change wordnetid="100191142" confidence="0.8">
<action wordnetid="100037396" confidence="0.8">
<motion wordnetid="100331950" confidence="0.8">
<act wordnetid="100030358" confidence="0.8">
<psychological_feature wordnetid="100023100" confidence="0.8">
<link xlink:type="simple" xlink:href="../497/819497.xml">
International Tibet Independence Movement</link></psychological_feature>
</act>
</motion>
</action>
</change>
</event>
, including his teachings.<ref xlink:type="simple" xlink:href="#xpointer(//reflist/entry[@id=%2215%22])">15</ref></entry>
</list>
</p>
<p>

From the above list, the websites of the Voice of America, BBC News, Yahoo! Hong Kong, and the Chinese Wikipedia are currently (17 August 2008) unblocked.</p>
<p>

Blocked websites are indexed to a lesser degree, if at all, by some Chinese <link xlink:type="simple" xlink:href="../023/4059023.xml">
search engines</link>, such as <company wordnetid="108058098" confidence="0.9508927676800064">
<link xlink:type="simple" xlink:href="../048/1676048.xml">
Baidu</link></company>
 and <company wordnetid="108058098" confidence="0.9508927676800064">
<link xlink:type="simple" xlink:href="../754/4028754.xml">
Google China</link></company>
. This sometimes has considerable impact on search results.<ref xlink:type="simple" xlink:href="#xpointer(//reflist/entry[@id=%2218%22])">18</ref> 
According to a <university wordnetid="108286163" confidence="0.9508927676800064">
<link xlink:type="simple" xlink:href="../501/18426501.xml">
Harvard</link></university>
 study, at least 18,000 websites are blocked from within mainland China.<ref xlink:type="simple" xlink:href="#xpointer(//reflist/entry[@id=%2219%22])">19</ref> 
According to <it>The New York Times</it>, Google has set up computer systems inside China that try to access Web sites outside the country. If a site is inaccessible, then it is added to Google China's blacklist.<ref xlink:type="simple" xlink:href="#xpointer(//reflist/entry[@id=%2220%22])">20</ref> However, once (if) unblocked, the websites will be reindexed.</p>

</ss1>
</sec>
<sec>
<st>
2008 Olympics</st>
<p>

Initially, the Chinese government, the <link xlink:type="simple" xlink:href="../147/15147.xml">
IOC</link> and <president wordnetid="110468559" confidence="0.9508927676800064">
<link xlink:type="simple" xlink:href="../886/92886.xml">
Jacques Rogge</link></president>
 had stated that Internet access would not be censored at the <link xlink:type="simple" xlink:href="../745/77745.xml">
Olympic Village press center</link>.<ref xlink:type="simple" xlink:href="#xpointer(//reflist/entry[@id=%2221%22])">21</ref> However, journalists that arrived at the press center after its opening on <link xlink:type="simple" xlink:href="../804/15804.xml">
25 July</link> found that sites containing politically sensitive matter were inaccessible and learned that the IOC had quietly agreed to "some of the limitations."<ref xlink:type="simple" xlink:href="#xpointer(//reflist/entry[@id=%2221%22])">21</ref> In response Sun Weide, the Chinese spokesman, indicated that the media will have "convenient and sufficient" access to the Internet.<ref xlink:type="simple" xlink:href="#xpointer(//reflist/entry[@id=%2221%22])">21</ref> The censorship at the press center added to a growing skepticism about the claims of the government that it would improve its record on human rights.<ref xlink:type="simple" xlink:href="#xpointer(//reflist/entry[@id=%2221%22])">21</ref> The "broken promise" was condemned by <body wordnetid="107965085" confidence="0.8">
<social_group wordnetid="107950920" confidence="0.8">
<group wordnetid="100031264" confidence="0.8">
<administration wordnetid="108164585" confidence="0.8">
<link xlink:type="simple" xlink:href="../054/526054.xml">
Reporters Without Borders</link></administration>
</group>
</social_group>
</body>
 who pointed out that about 20,000 foreign journalists would be directly affected.<ref xlink:type="simple" xlink:href="#xpointer(//reflist/entry[@id=%2222%22])">22</ref> On <link xlink:type="simple" xlink:href="../254/1254.xml">
August 1</link>, <link xlink:type="simple" xlink:href="../825/35825.xml">
2008</link>, <company wordnetid="108058098" confidence="0.9508927676800064">
<link xlink:type="simple" xlink:href="../750/18998750.xml">
Reuters</link></company>
 reported that Internet restrictions would be lifted for reporters covering the Olympics.<ref xlink:type="simple" xlink:href="#xpointer(//reflist/entry[@id=%2223%22])">23</ref> Reporters Without Borders subsequently confirmed that its website, except for the Chinese version, was accessible for the first time in China since 2003.  The Chinese version of the website is still blocked.<ref xlink:type="simple" xlink:href="#xpointer(//reflist/entry[@id=%2224%22])">24</ref></p>
<p>

IOC press chief Kevan Gosper admitted that, "I regret that it now appears <link xlink:type="simple" xlink:href="../460/2621460.xml">
BOCOG</link> has announced that there will be limitations on Web site access during Games time.  I also now understand that some IOC officials negotiated with the Chinese that some sensitive sites would be blocked on the basis they were not considered Games related."<ref xlink:type="simple" xlink:href="#xpointer(//reflist/entry[@id=%2225%22])">25</ref></p>
<p>

On August 2, 2008, the <commercial_enterprise wordnetid="108065093" confidence="0.8">
<cooperative wordnetid="101100877" confidence="0.8">
<enterprise wordnetid="108056231" confidence="0.8">
<link xlink:type="simple" xlink:href="../732/18935732.xml">
Associated Press</link></enterprise>
</cooperative>
</commercial_enterprise>
 reported that although Chinese organizers unblocked some sites at the request of the IOC, others remained censored for journalists covering the Summer Games.  Even though Chinese officials and high-ranking IOC members have repeatedly said there would be no censorship on the Internet for accredited journalists covering the games, many sites the Chinese government objects to, for example, the spiritual movement <link xlink:type="simple" xlink:href="../174/55174.xml">
Falun Gong</link>, are blocked. The sites being blocked seem to change daily.  Some key words always draw blank screens. Sites that host thousands of blogs are also routinely blocked.<ref xlink:type="simple" xlink:href="#xpointer(//reflist/entry[@id=%2226%22])">26</ref></p>

<ss1>
<st>
 Locking data centers </st>
<p>

The <link xlink:type="simple" xlink:href="../712/13061712.xml">
Ministry of Industry and Information Technology of the People's Republic of China</link> ordered all ISPs to lock down their data centers from 1-25 August 2008.<ref xlink:type="simple" xlink:href="#xpointer(//reflist/entry[@id=%2227%22])">27</ref> During this time no one can enter data centers to do maintenance. Sites with illegal information are blocked automatically.  Authorities stated it was to ensure data security, to prevent hostile personnel from entering data centers and adding illegal information.<ref xlink:type="simple" xlink:href="#xpointer(//reflist/entry[@id=%2227%22])">27</ref>
ISP/IDCs have sent "lockdown notices" to customers.<ref xlink:type="simple" xlink:href="#xpointer(//reflist/entry[@id=%2228%22])">28</ref>
Companies have received orders stating that from 1-25 August 2008:
<list>
<entry level="1" type="number">

Customers will not be able to enter data centers.</entry>
<entry level="1" type="number">

Customers will not able to add new hardware.</entry>
<entry level="1" type="number">

Any sites with illegal information will be blocked automatically, and site owners will not be able to request unblocking as they normally can.</entry>
</list>

In customers' interests, companies have suggested:
<list>
<entry level="1" type="number">

Customers should manage their sites carefully. Forums mediators should check any new posts before publishing, and customers should shutdown all interactive services including forums, because sites will be blocked if customers fail to filter out illegal information.</entry>
<entry level="1" type="number">

Avoid maintenance.</entry>
<entry level="1" type="number">

Reduce promotions.</entry>
<entry level="1" type="number">

Contact the company as soon as possible if a customer wants to add new hardware.</entry>
</list>
</p>

</ss1>
</sec>
<sec>
<st>
Self-censorship</st>

<p>

Internet censorship in the PRC has been called "a <link xlink:type="simple" xlink:href="../528/11644528.xml">
panopticon</link> that encourages <link xlink:type="simple" xlink:href="../711/1192711.xml">
self-censorship</link> through the perception that users are being watched."<ref xlink:type="simple" xlink:href="#xpointer(//reflist/entry[@id=%229%22])">9</ref> The enforcement (or threat of enforcement) of censorship creates a <link xlink:type="simple" xlink:href="../253/1007253.xml">
chilling effect</link> where individuals and businesses willingly censor their own communications to avoid legal and economic repercussions.</p>

<ss1>
<st>
 Search engines </st>
<p>

<indent level="1">

<it>See also: <link xlink:type="simple" xlink:href="../223/1133223.xml">
List of words censored by search engines in the People's Republic of China</link></it>
</indent>

One part of the block is to filter the search results of certain terms on Chinese <link xlink:type="simple" xlink:href="../023/4059023.xml">
search engines</link>. These Chinese search engines include both international ones (for example, <company wordnetid="108058098" confidence="0.9508927676800064">
<link xlink:type="simple" xlink:href="../213/188213.xml">
yahoo</link></company>
.com.cn and <company wordnetid="108058098" confidence="0.9508927676800064">
<link xlink:type="simple" xlink:href="../754/4028754.xml">
Google China</link></company>
) as well as domestic ones (for example, <company wordnetid="108058098" confidence="0.9508927676800064">
<link xlink:type="simple" xlink:href="../048/1676048.xml">
Baidu</link></company>
). Attempting to search for censored keywords in these Chinese search engines will yield few or no results. Google.cn will display the following at the bottom of the page: "According to the local laws, regulations and policies, part of the searching result is not shown."</p>
<p>

In addition, a connection containing intensive censored terms may also be closed by The Great Firewall, and cannot be reestablished for several minutes. This affects all network connections including <link xlink:type="simple" xlink:href="../104/2701104.xml">
HTTP</link> and <message wordnetid="106598915" confidence="0.8">
<protocol wordnetid="106665108" confidence="0.8">
<direction wordnetid="106786629" confidence="0.8">
<rule wordnetid="106652242" confidence="0.8">
<link xlink:type="simple" xlink:href="../062/23062.xml">
POP</link></rule>
</direction>
</protocol>
</message>
, but the reset is more likely to occur during searching.</p>
<p>

Before the search engines censored themselves, many search engines had been blocked, namely Google and <company wordnetid="108058098" confidence="0.9508927676800064">
<link xlink:type="simple" xlink:href="../024/366024.xml">
AltaVista</link></company>
.<ref xlink:type="simple" xlink:href="#xpointer(//reflist/entry[@id=%2229%22])">29</ref> <web_site wordnetid="106359193" confidence="0.9508927676800064">
<link xlink:type="simple" xlink:href="../549/1046549.xml">
Technorati</link></web_site>
, a search engine for blogs, has been blocked.<ref xlink:type="simple" xlink:href="#xpointer(//reflist/entry[@id=%2230%22])">30</ref></p>

</ss1>
<ss1>
<st>
Cernet</st>
<p>

Several <link xlink:type="simple" xlink:href="../430/3430.xml">
Bulletin Board System</link>s in universities were closed down or restricted public access since 2004, including the <link xlink:type="simple" xlink:href="../543/1636543.xml">
SMTH BBS</link> and the <link xlink:type="simple" xlink:href="../127/524127.xml">
YTHT</link> BBS.<ref xlink:type="simple" xlink:href="#xpointer(//reflist/entry[@id=%2231%22])">31</ref></p>

</ss1>
<ss1>
<st>
 Local businesses </st>
<p>

Although blocking foreign sites has received much attention in the West, this is actually only a part of the PRC effort to censor the Internet. The ability to censor content providers within mainland China is much more effective, as the ISPs and other service providers are restricting customers' actions for fear of being found legally liable for customers' conduct. The service providers have assumed an editorial role with regard to customer content, thus became publishers, and legally responsible for libel and other torts committed by customers.</p>
<p>

Although the government does not have the physical resources to monitor all Internet chat rooms and forums, the threat of being shut down has caused Internet content providers to employ internal staff, colloquially known as "<link xlink:type="simple" xlink:href="../688/452688.xml">
big mama</link>s", who stop and remove forum comments which may be politically sensitive. In <village wordnetid="108672738" confidence="0.9508927676800064">
<link xlink:type="simple" xlink:href="../368/83368.xml">
Shenzhen</link></village>
, these duties are partly taken over by a pair of police-created cartoon characters, <link xlink:type="simple" xlink:href="../206/4871206.xml">
Jingjing and Chacha</link>, who help extend the online 'police presence' of the Shenzhen authorities.</p>
<p>

However, Internet content providers have adopted some counter-strategies. One is to post politically sensitive stories and remove them only when the government complains. In the hours or days in which the story is available online, people read it, and by the time the story is taken down, the information is already public. One notable case in which this occurred was in response to a school explosion in 2001, when local officials tried to suppress the fact the explosion resulted from children illegally producing <link xlink:type="simple" xlink:href="../493/59493.xml">
fireworks</link>. By the time local officials forced the story to be removed from the Internet, the news had already been widely disseminated.</p>
<p>

In addition, Internet content providers often replace censored forum comments with white space which allows the reader to know that comments critical of the authorities had been submitted, and often to guess what they might have been.</p>
<p>

In July 2007, the city of <village wordnetid="108672738" confidence="0.9508927676800064">
<link xlink:type="simple" xlink:href="../881/143881.xml">
Xiamen</link></village>
 announced it would ban anonymous online postings after text messages and online communications were used to rally protests against a proposed chemical plant in the city. Internet users will be required to provide proof of identify when posting messages on the more than 100,000 Web sites registered in Xiamen.<ref xlink:type="simple" xlink:href="#xpointer(//reflist/entry[@id=%2232%22])">32</ref></p>
<p>

Some hotels in China are also advising internet users to obey local Chinese internet access rules by leaving a list of internet rules and guidelines near the computers.  These rules, among other things, forbid linking to politically unacceptable messages, and inform internet users that if they do, they will have to face legal consequences.<ref xlink:type="simple" xlink:href="#xpointer(//reflist/entry[@id=%2233%22])">33</ref></p>
<p>

In September 2007, some data centers were shutting down indiscriminately for providing interactive features such as blogs and forums. <network wordnetid="108434259" confidence="0.9508927676800064">
<link xlink:type="simple" xlink:href="../653/37653.xml">
CBS</link></network>
 reports an estimate that half the interactive sites hosted in China were blocked.<ref xlink:type="simple" xlink:href="#xpointer(//reflist/entry[@id=%2234%22])">34</ref></p>

</ss1>
<ss1>
<st>
 International corporations</st>
<p>

One controversial issue is whether foreign companies should supply equipment which assists in the blocking of sites to the PRC government. Some argue that it is wrong for companies to profit from censorship including restrictions on freedom of the press and freedom of speech. Others argue that equipment being supplied, from companies such as the American based <company wordnetid="108058098" confidence="0.9508927676800064">
<link xlink:type="simple" xlink:href="../746/51746.xml">
Cisco Systems</link></company>
 Inc., is standard Internet infrastructure equipment and that providing this sort of equipment actually aids the flow of information, and that the PRC is fully able to create its own infrastructure without Western help.  By contrast, human rights advocates such as <link xlink:type="simple" xlink:href="../530/46530.xml">
Human Rights Watch</link> and media groups such as <body wordnetid="107965085" confidence="0.8">
<social_group wordnetid="107950920" confidence="0.8">
<group wordnetid="100031264" confidence="0.8">
<administration wordnetid="108164585" confidence="0.8">
<link xlink:type="simple" xlink:href="../054/526054.xml">
Reporters Without Borders</link></administration>
</group>
</social_group>
</body>
 argue that if companies would stop contributing to the authorities' censorship efforts the government could be forced to change. </p>
<p>

A similar dilemma faces foreign content providers such as <company wordnetid="108058098" confidence="0.9508927676800064">
<link xlink:type="simple" xlink:href="../213/188213.xml">
Yahoo!</link></company>
, <company wordnetid="108058098" confidence="0.9508927676800064">
<link xlink:type="simple" xlink:href="../397/1397.xml">
AOL</link></company>
, <company wordnetid="108058098" confidence="0.9508927676800064">
<link xlink:type="simple" xlink:href="../923/1092923.xml">
Google</link></company>
 and <software wordnetid="106566077" confidence="0.9508927676800064">
<link xlink:type="simple" xlink:href="../589/424589.xml">
Skype</link></software>
 who abide by PRC government wishes, including having internal content monitors, in order to be able to operate within mainland China. Also, in accordance with mainland Chinese laws, <company wordnetid="108058098" confidence="0.9508927676800064">
<link xlink:type="simple" xlink:href="../001/19001.xml">
Microsoft</link></company>
 began to censor the content of its blog service <software wordnetid="106566077" confidence="0.9508927676800064">
<link xlink:type="simple" xlink:href="../519/5763519.xml">
Windows Live Spaces</link></software>
, arguing continuing to provide Internet services is more beneficial to the Chinese.<ref xlink:type="simple" xlink:href="#xpointer(//reflist/entry[@id=%2235%22])">35</ref> <link xlink:type="simple" xlink:href="../849/3067849.xml">
Michael Anti</link>, a Chinese journalist whose blog on <software wordnetid="106566077" confidence="0.9508927676800064">
<link xlink:type="simple" xlink:href="../519/5763519.xml">
Windows Live Spaces</link></software>
 was removed by Microsoft, agreed that the Chinese are better off with Windows Live Spaces than without it.<ref xlink:type="simple" xlink:href="#xpointer(//reflist/entry[@id=%2236%22])">36</ref></p>
<p>

The Chinese version of <company wordnetid="108058098" confidence="0.9508927676800064">
<link xlink:type="simple" xlink:href="../655/1270655.xml">
MySpace</link></company>
, launched in April 2007, has many censorship-related differences from other international versions of the service. Discussion forums on topics such as religion and politics are absent and a filtering system that prevents the posting of content about <statement wordnetid="106722453" confidence="0.8">
<message wordnetid="106598915" confidence="0.8">
<declaration wordnetid="106725877" confidence="0.8">
<event wordnetid="100029378" confidence="0.8">
<change wordnetid="100191142" confidence="0.8">
<action wordnetid="100037396" confidence="0.8">
<motion wordnetid="100331950" confidence="0.8">
<act wordnetid="100030358" confidence="0.8">
<psychological_feature wordnetid="100023100" confidence="0.8">
<link xlink:type="simple" xlink:href="../156/31156.xml">
Taiwan independence</link></psychological_feature>
</act>
</motion>
</action>
</change>
</event>
</declaration>
</message>
</statement>
, the <link xlink:type="simple" xlink:href="../133/8133.xml">
Dalai Lama</link>, <link xlink:type="simple" xlink:href="../174/55174.xml">
Falun Gong</link>, and other "inappropriate topics" has been added.<ref xlink:type="simple" xlink:href="#xpointer(//reflist/entry[@id=%2237%22])">37</ref> Users are also given the ability to report the "misconduct" of other users for offenses including "endangering national security, leaking state secrets, subverting the government, undermining national unity, spreading rumors or disturbing the social order."<ref xlink:type="simple" xlink:href="#xpointer(//reflist/entry[@id=%2238%22])">38</ref></p>
<p>

Additionally, reporters in the western media have also suggested that China's internet censorship of foreign websites may also be a means of forcing mainland Chinese users to rely on China's own e-commerce industry, thusly self-insulating their economy from the dominance of international corporations. <ref xlink:type="simple" xlink:href="#xpointer(//reflist/entry[@id=%2239%22])">39</ref></p>

</ss1>
</sec>
<sec>
<st>
 Reactions </st>

<ss1>
<st>
Legal action</st>
<p>

On <link xlink:type="simple" xlink:href="../524/19524.xml">
May 9</link>, <link xlink:type="simple" xlink:href="../165/36165.xml">
2007</link>, Mr. Yetaai (冬劲) sued Shanghai Telecom, a sub-company of China Telecom, because one of his sites was blocked from access in China. He then took a series of steps including raising maintenance request and notarization. His lawsuit was accepted by Pu Dong Court, Shanghai. Mr. Yetaai reported it through his <weblink xlink:type="simple" xlink:href="http://yetaai.blogspot.com/">
online diary</weblink> (<weblink xlink:type="simple" xlink:href="http://yetaai.blogspot.com/2007/05/practical-lawsuit-against-china.html">
English</weblink>). He also raised an item for online ticketing through <weblink xlink:type="simple" xlink:href="http://digg.com/politics/A_lawsuit_against_China_Internet_censorship_trial_sche_May_29_Shanghai">
an article</weblink> on <web_site wordnetid="106359193" confidence="0.9508927676800064">
<link xlink:type="simple" xlink:href="../618/11041618.xml">
Digg</link></web_site>
.</p>

</ss1>
<ss1>
<st>
Liberalization of sexually oriented content</st>
<p>

Although restrictions on political information remain as strong as ever, several sexually oriented <link xlink:type="simple" xlink:href="../645/33645.xml">
blog</link>s began appearing in early 2004.  Women using the web aliases <physical_entity wordnetid="100001930" confidence="0.8">
<blogger wordnetid="109860415" confidence="0.8">
<communicator wordnetid="109610660" confidence="0.8">
<person wordnetid="100007846" confidence="0.8">
<causal_agent wordnetid="100007347" confidence="0.8">
<writer wordnetid="110794014" confidence="0.8">
<journalist wordnetid="110224578" confidence="0.8">
<link xlink:type="simple" xlink:href="../354/1898354.xml">
Muzi Mei</link></journalist>
</writer>
</causal_agent>
</person>
</communicator>
</blogger>
</physical_entity>
 (木子美) and <physical_entity wordnetid="100001930" confidence="0.8">
<blogger wordnetid="109860415" confidence="0.8">
<person wordnetid="100007846" confidence="0.8">
<causal_agent wordnetid="100007347" confidence="0.8">
<link xlink:type="simple" xlink:href="../609/2523609.xml">
Zhuying Qingtong</link></causal_agent>
</person>
</blogger>
</physical_entity>
 (竹影青瞳) wrote online diaries of their sex lives and became small celebrities.  This was widely reported and criticized in mainland Chinese news media, and several of these bloggers' sites are blocked in China to this day. This has coincided with an artistic nude photography fad (including a self-published book by dancer <physical_entity wordnetid="100001930" confidence="0.8">
<person wordnetid="100007846" confidence="0.8">
<model wordnetid="110324560" confidence="0.8">
<assistant wordnetid="109815790" confidence="0.8">
<worker wordnetid="109632518" confidence="0.8">
<causal_agent wordnetid="100007347" confidence="0.8">
<link xlink:type="simple" xlink:href="../917/1654917.xml">
Tang Jiali</link></causal_agent>
</worker>
</assistant>
</model>
</person>
</physical_entity>
) and the appearance of pictures of minimally clad women or even topless photos in a few mainland Chinese newspapers, magazines and websites. It is too early to tell how far this trend will go, but increasingly, censorship is applicable to political content rather than to sexuality. This does not hold true for many dating and "adult chat" sites, both Chinese and foreign, which have been blocked. Some, however, continue to be accessible although this appears to be due more to the Chinese government's ignorance of their existence than any particular policy of leniency.</p>

</ss1>
<ss1>
<st>
 Corporate responsibility </st>

<p>

On <link xlink:type="simple" xlink:href="../667/21667.xml">
November 7</link> <link xlink:type="simple" xlink:href="../984/35984.xml">
2005</link> an alliance of investors and researchers representing 26 companies in the U.S., Europe and Australia with over US $21 billion in joint assets <weblink xlink:type="simple" xlink:href="http://www.wired.com/news/politics/0,1283,69508,00.html">
announced</weblink> that they were urging businesses to protect freedom of expression and pledged to monitor technology companies that do business in countries violating human rights, such as China. On <link xlink:type="simple" xlink:href="../850/8850.xml">
December 21</link>, <link xlink:type="simple" xlink:href="../984/35984.xml">
2005</link> the <link xlink:type="simple" xlink:href="../769/31769.xml">
UN</link>, <link xlink:type="simple" xlink:href="../796/22796.xml">
OSCE</link> and <organization wordnetid="108008335" confidence="0.9508927676800064">
<link xlink:type="simple" xlink:href="../788/22788.xml">
OAS</link></organization>
 special mandates on freedom of expression <weblink xlink:type="simple" xlink:href="http://www.article19.org/pdfs/standards/three-mandates-dec-2005.pdf">
called</weblink> on Internet corporations to "work together ... to resist official attempts to control or restrict use of the Internet."</p>

</ss1>
<ss1>
<st>
 Efforts at breaking through </st>

<p>

<table class="metadata plainlinks ambox ">
<row>
<col>

ambox-style" style=""</col>
</row>
<row>
<col class="mbox-image"><p>

<image width="40x40px" src="Ambox_style.png">
</image>
</p>
</col>
<col style="" class="mbox-text">
 <b>This section may require  to meet Wikipedia's .</b>
Please <weblink xlink:type="simple" xlink:href="http://localhost:18088/wiki/index.php?title=Internet_censorship_in_the_People%27s_Republic_of_China&amp;action=edit">
improve this article</weblink>if you can. <it>(September 2007)''</it></col>
</row>
</table>

 </p>
<p>

The firewall is largely ineffective at preventing the flow of information and is rather easily circumvented by determined parties by using <link xlink:type="simple" xlink:href="../768/78768.xml">
proxy servers</link> outside the firewall. <link xlink:type="simple" xlink:href="../130/147130.xml">
VPN</link> and <message wordnetid="106598915" confidence="0.8">
<protocol wordnetid="106665108" confidence="0.8">
<standard wordnetid="107260623" confidence="0.8">
<direction wordnetid="106786629" confidence="0.8">
<rule wordnetid="106652242" confidence="0.8">
<system_of_measurement wordnetid="113577171" confidence="0.8">
<link xlink:type="simple" xlink:href="../814/28814.xml">
SSH</link></system_of_measurement>
</rule>
</direction>
</standard>
</protocol>
</message>
 connections to outside mainland China are not blocked, so circumventing all of the censorship and monitoring features of the Great Firewall of China is trivial for those who have these secure connection methods to computers outside mainland China available to them.</p>
<p>

Since free hosting blog services like <link xlink:type="simple" xlink:href="../645/33645.xml">
Blogger</link> and <link xlink:type="simple" xlink:href="../856/605856.xml">
Wordpress</link> frequently face blockage, bloggers and webmasters aiming for an audience in China often debate merits of the various paid hosting services. Some China-focused services explicitly offer to change a blog's IP address within 30 minutes if it is blocked by the authorities.<ref xlink:type="simple" xlink:href="#xpointer(//reflist/entry[@id=%2240%22])">40</ref></p>
<p>

<software wordnetid="106566077" confidence="0.9508927676800064">
<link xlink:type="simple" xlink:href="../228/4090228.xml">
Psiphon</link></software>
<ref xlink:type="simple" xlink:href="#xpointer(//reflist/entry[@id=%2241%22])">41</ref> is a software project designed by <university wordnetid="108286163" confidence="0.9508927676800064">
<link xlink:type="simple" xlink:href="../325/7955325.xml">
University of Toronto</link></university>
's <link xlink:type="simple" xlink:href="../259/514259.xml">
Citizen Lab</link> under the direction of Professor <physical_entity wordnetid="100001930" confidence="0.8">
<communicator wordnetid="109610660" confidence="0.8">
<person wordnetid="100007846" confidence="0.8">
<causal_agent wordnetid="100007347" confidence="0.8">
<writer wordnetid="110794014" confidence="0.8">
<link xlink:type="simple" xlink:href="../623/1584623.xml">
Ronald Deibert</link></writer>
</causal_agent>
</person>
</communicator>
</physical_entity>
, Director of the Citizen Lab.  Psiphon is a circumvention technology that works through <link xlink:type="simple" xlink:href="../726/325726.xml">
social network</link>s of trust and is designed to help Internet users bypass <link xlink:type="simple" xlink:href="../144/7144.xml">
content-filtering system</link>s set up by governments, such as China, <country wordnetid="108544813" confidence="0.9508927676800064">
<link xlink:type="simple" xlink:href="../255/21255.xml">
North Korea</link></country>
, <country wordnetid="108544813" confidence="0.9508927676800064">
<link xlink:type="simple" xlink:href="../653/14653.xml">
Iran</link></country>
, <country wordnetid="108544813" confidence="0.9508927676800064">
<link xlink:type="simple" xlink:href="../303/349303.xml">
Saudi Arabia</link></country>
, <country wordnetid="108544813" confidence="0.9508927676800064">
<link xlink:type="simple" xlink:href="../328/69328.xml">
United Arab Emirates</link></country>
 and others.  </p>
<p>

"We're aiming at giving people access to sites like Wikipedia," a free, user-maintained online encyclopedia, and other information and news sources, Michael Hull, psiphon's lead engineer, told CBC News Online.<ref xlink:type="simple" xlink:href="#xpointer(//reflist/entry[@id=%2242%22])">42</ref>  </p>

<p>

Neither the <software wordnetid="106566077" confidence="0.9508927676800064">
<link xlink:type="simple" xlink:href="../150/18582150.xml">
Tor</link></software>
 website nor the Tor network are blocked, making Tor (in conjunction with <software wordnetid="106566077" confidence="0.9508927676800064">
<link xlink:type="simple" xlink:href="../697/199697.xml">
Privoxy</link></software>
) an easily acquired and effective tool for circumvention of the censorship controls. Tor maintains a public list of entry nodes, so the authorities could easily block it if they had the inclination. According to the <weblink xlink:type="simple" xlink:href="http://wiki.noreply.org/noreply/TheOnionRouter/TorFAQ">
Tor FAQ</weblink> sections 6.4 and 7.9, Tor is vulnerable to timing analysis by Chinese authorities, so it allows a breach of anonymity. Thus for the moment, Tor allows uncensored downloads and uploads, although no guarantee can be made with regard to freedom from repercussions.</p>
<p>

In addition to <software wordnetid="106566077" confidence="0.9508927676800064">
<link xlink:type="simple" xlink:href="../150/18582150.xml">
Tor</link></software>
, there are various <link xlink:type="simple" xlink:href="../104/2701104.xml">
HTTP</link>/<link xlink:type="simple" xlink:href="../586/13586.xml">
HTTPS</link> Tunnel Services, which work in a similar way as <software wordnetid="106566077" confidence="0.9508927676800064">
<link xlink:type="simple" xlink:href="../150/18582150.xml">
Tor</link></software>
. At least one of them, <weblink xlink:type="simple" xlink:href="http://www.your-freedom.net">
Your Freedom</weblink>, is confirmed to be working from China and also offers encryption features for the transmitted traffic.</p>
<p>

It was common in the past to use <company wordnetid="108058098" confidence="0.9508927676800064">
<link xlink:type="simple" xlink:href="../923/1092923.xml">
Google</link></company>
's cache feature to view blocked websites. However, this feature of Google seems to be under some level of blocking, as access is now erratic and does not work for blocked websites. Currently the block is mostly circumvented by using proxy servers outside the firewall, and is not difficult to carry out for those determined to do so. Some well-known proxy servers have also been blocked. </p>
<p>

Some Chinese citizens used the Google mirror <link xlink:type="simple" xlink:href="../968/1351968.xml">
elgooG</link> after China blocked Google. It is believed that elgooG survived the <link xlink:type="simple" xlink:href="../821/8034821.xml">
Great Firewall of China</link> because the firewall operators thought that elgooG was not a fully functional version of Google. </p>
<p>

As <link xlink:type="simple" xlink:href="../174/55174.xml">
Falun Gong</link> websites are generally inaccessible from mainland China, practitioners have launched a company named <weblink xlink:type="simple" xlink:href="http://www.ultrareach.com">
UltraReach Internet Corp</weblink> and developed a piece of software named <link>
UltraSurf</link> to enable people in mainland China to access restricted web sites via Internet Explorer without being detected.</p>
<p>

There are several techniques (websites and programs) that may be used to browse blocked sites,
which includes <software wordnetid="106566077" confidence="0.9508927676800064">
<link xlink:type="simple" xlink:href="../997/10997.xml">
Freenet</link></software>
, a <link xlink:type="simple" xlink:href="../107/24107.xml">
peer-to-peer</link> <link xlink:type="simple" xlink:href="../094/870094.xml">
distributed data store</link>, which allows members to anonymously send and retrieve information, for example websites, <link xlink:type="simple" xlink:href="../328/4042328.xml">
TriangleBoy</link>, an application called <software wordnetid="106566077" confidence="0.9508927676800064">
<link xlink:type="simple" xlink:href="../741/3275741.xml">
Gollum</link></software>
 that allow users to browse wikipedia, <weblink xlink:type="simple" xlink:href="http://www.picidae.net/">
picidae</weblink>, an application based on turning the pages into images, and also <link xlink:type="simple" xlink:href="../355/4469355.xml">
Freegate</link>.</p>
<p>

On <weblink xlink:type="simple" xlink:href="http://www.howchinaworks.com/2008/10/03/how-to-get-uncensored-internet-acess-in-china-behind-the-great-firewall/">
HowChinaWorks</weblink> is a description on how to set up proxy servers and VPN connection as well as other options.</p>
<p>

Further information can be obtained from the Global Internet Freedom Consortium <weblink xlink:type="simple" xlink:href="http://www.internetfreedom.org">
http://www.internetfreedom.org</weblink>.</p>

</ss1>
</sec>
<sec>
<st>
 See also </st>
<p>

<list>
<entry level="1" type="bullet">

 <link xlink:type="simple" xlink:href="../646/18165646.xml">
ICP license</link></entry>
<entry level="1" type="bullet">

 <link xlink:type="simple" xlink:href="../234/3008234.xml">
Blocking of Wikipedia in mainland China</link></entry>
<entry level="1" type="bullet">

 <link xlink:type="simple" xlink:href="../550/5320550.xml">
Censorship in the People's Republic of China</link></entry>
<entry level="1" type="bullet">

 <link xlink:type="simple" xlink:href="../719/250719.xml">
Internet in the People's Republic of China</link></entry>
<entry level="1" type="bullet">

 <link xlink:type="simple" xlink:href="../649/250649.xml">
Media of the People's Republic of China</link></entry>
<entry level="1" type="bullet">

 <link xlink:type="simple" xlink:href="../065/11010065.xml">
Digital divide in the People's Republic of China</link></entry>
<entry level="1" type="bullet">

 <civil_right wordnetid="105182563" confidence="0.8">
<human_right wordnetid="105176846" confidence="0.8">
<right wordnetid="105174653" confidence="0.8">
<link xlink:type="simple" xlink:href="../674/706674.xml">
International Freedom of Expression Exchange</link></right>
</human_right>
</civil_right>
, promotes and defends the right to freedom of expression</entry>
<entry level="1" type="bullet">

 <politics wordnetid="113840719" confidence="0.8">
<social_relation wordnetid="100032823" confidence="0.8">
<human_right wordnetid="105176846" confidence="0.8">
<right wordnetid="105174653" confidence="0.8">
<link xlink:type="simple" xlink:href="../487/217487.xml">
Human rights in the People's Republic of China</link></right>
</human_right>
</social_relation>
</politics>
</entry>
</list>
</p>

</sec>
<sec>
<st>
References</st>

<p>

<reflist>
<entry id="1">
"<weblink xlink:type="simple" xlink:href="http://www.hrw.org/reports/2006/china0806/3.htm">
II. How Censorship Works in China: A Brief Overview</weblink>".&#32;  <link xlink:type="simple" xlink:href="../530/46530.xml">
Human Rights Watch</link>.&#32;Retrieved on <link>
2006-08-30</link>.</entry>
<entry id="2">
<weblink xlink:type="simple" xlink:href="http://www.chinaeclaw.com/english/showCategory.asp?Code=022">
Chinese Laws and Regulations Regarding Internet</weblink>
</entry>
<entry id="3">
Watts, Jonathan&#32;(2005-06-14).&#32;"<weblink xlink:type="simple" xlink:href="http://technology.guardian.co.uk/online/news/0,12597,1505988,00.html#article_continue">
China's secret Internet police target critics with web of propaganda</weblink>".&#32;  The Guardian.</entry>
<entry id="4">
"<weblink xlink:type="simple" xlink:href="http://in.reuters.com/article/technologyNews/idINIndia-32865420080405">
China allows access to English Wikipedia</weblink>".&#32;Retrieved on <link>
2008-08-02</link>.</entry>
<entry id="5">
"<weblink xlink:type="simple" xlink:href="http://news.yahoo.com/s/nm/20080508/wr_nm/olympics_media_dc">
China won't guarantee Web freedom over Olympics - Yahoo! News</weblink>".&#32;  news.yahoo.com.&#32;Retrieved on <link>
2008-05-09</link>.
</entry>
<entry id="6">
for an example, see <link xlink:type="simple" xlink:href="../234/3008234.xml">
Blocking of Wikipedia in mainland China</link></entry>
<entry id="7">
<weblink xlink:type="simple" xlink:href="http://www.epochtimes.com/gb/3/10/22/n397830p.htm">
金盾工程前期耗8亿美元 建全国性监视系统</weblink> (Chinese)</entry>
<entry id="8">
"<weblink xlink:type="simple" xlink:href="http://www.guardian.co.uk/china/story/0,,1713317,00.html">
War of the words</weblink>".&#32;  <newspaper wordnetid="106267145" confidence="0.9508927676800064">
<link xlink:type="simple" xlink:href="../515/19344515.xml">
The Guardian</link></newspaper>
.</entry>
<entry id="9">
ScienceBlog.com.&#32;"<weblink xlink:type="simple" xlink:href="http://www.scienceblog.com/cms/chinas-eye-internet-fraud-14190.html">
China's 'Eye on the Internet' a Fraud</weblink>".&#32;Retrieved on <link>
2007-09-12</link>.</entry>
<entry id="10">
"<weblink xlink:type="simple" xlink:href="http://www.cepeniscc.gov/pages/virtualAcad/exp/explaws.php">
CECC: Freedom of Expression - Laws and Regulations</weblink>".&#32;Retrieved on <link>
2008-08-02</link>.</entry>
<entry id="11">
<weblink xlink:type="simple" xlink:href="http://cyber.law.harvard.edu/filtering/china/appendix-tech.html">
Empirical Analysis of Internet Filtering in China</weblink>.</entry>
<entry id="12">
For an example, see </entry>
<entry id="13">
<weblink xlink:type="simple" xlink:href="http://www.zdnetasia.com/news/security/0,39044215,39372326,00.htm">
Academics break the Great Firewall of China</weblink></entry>
<entry id="14">
Cheng, Jacqui&#32;(2007-10-05).&#32;"<weblink xlink:type="simple" xlink:href="http://arstechnica.com/news.ars/post/20071004-chinas-great-firewall-turns-its-attention-to-rss-feeds.html">
China's Great Firewall turns its attention to RSS feeds</weblink>".&#32;  <web_site wordnetid="106359193" confidence="0.9508927676800064">
<link xlink:type="simple" xlink:href="../941/1765941.xml">
Ars Technica</link></web_site>
.&#32;Retrieved on <link>
2007-10-05</link>.</entry>
<entry id="15">
http://cyber.law.harvard.edu/filtering/china/ Empirical Analysis of Internet Filtering in China</entry>
<entry id="17">
Marquand, Robert&#32;(2006-02-04).&#32;"<weblink xlink:type="simple" xlink:href="http://www.csmonitor.com/2006/0224/p01s04-woap.html">
China's media censorship rattling world image</weblink>".&#32;  <link xlink:type="simple" xlink:href="../687/227687.xml">
Christian Science Monitor</link>.</entry>
<entry id="16">
http://www.hrw.org/reports/2006/china0806/5.htm How Multinational Internet Companies assist Government Censorship in China</entry>
<entry id="19">
Jonathan Zittrain, Benjamin Edelman.&#32;"<weblink xlink:type="simple" xlink:href="http://cyber.law.harvard.edu/filtering/china/">
Empirical Analysis of Internet Filtering in China</weblink>".&#32;Retrieved on <link>
2006-12-30</link>.</entry>
<entry id="18">
"<weblink xlink:type="simple" xlink:href="http://www.pbs.org/wgbh/pages/frontline/tankman/internet/sidebyside.html">
controlling information: you can't get there from here -- filtering searches</weblink>".&#32;<it>The Tank Man</it>.&#32;  Frontline (pbs.org).</entry>
<entry id="21">
Jacobs A.&#32;(07-30-2008).&#32;"<weblink xlink:type="simple" xlink:href="http://www.iht.com/articles/2008/07/30/business/olymedia.php">
IOC agrees to Internet Blocking at Games</weblink>".&#32;  International Herald Tribune.</entry>
<entry id="20">
Thompson, Clive&#32;(2006-04-23).&#32;"<weblink xlink:type="simple" xlink:href="http://www.nytimes.com/2006/04/23/magazine/23google.html?pagewanted=8&amp;ei=5090&amp;en=972002761056363f&amp;ex=1303444800">
Google's China Problem (and China's Google Problem)</weblink>"&#32;8.&#32;  <newspaper wordnetid="106267145" confidence="0.9508927676800064">
<link xlink:type="simple" xlink:href="../680/30680.xml">
The New York Times</link></newspaper>
.</entry>
<entry id="23">
Grohmann, Karolos&#32;(2008-08-01).&#32;"<weblink xlink:type="simple" xlink:href="http://www.nytimes.com/reuters/technology/tech-olympics-censorship.html">
Olympic Web Restrictions to Be Lifted</weblink>", Reuters.&#32;Retrieved on <link>
2008-08-01</link>.&nbsp;</entry>
<entry id="22">
Reporters Without Borders&#32;(07-30-29008).&#32;"<weblink xlink:type="simple" xlink:href="http://www.rsf.org/article.php3?id_article=27988">
IOC accepts organized online censorship. Internet censorship is first winner at Beijing games.</weblink>".</entry>
<entry id="25">
<weblink xlink:type="simple" xlink:href="http://www.msnbc.msn.com/id/25932817/">
IOC admits Internet censorship deal with China</weblink>, MSNBC, July 30, 2008, Retrieved 2008-08-05</entry>
<entry id="24">
Reporters Without Borders&#32;(08-01-2008).&#32;"<weblink xlink:type="simple" xlink:href="http://www.rsf.org/article.php3?id_article=28032">
Reporters Without Borders website accessible in China for the first time since 2003</weblink>".</entry>
<entry id="27">
"<weblink xlink:type="simple" xlink:href="http://it.people.com.cn/GB/7427276.html">
北京网通详解奥运封网传言 是为保信息安全</weblink>".&#32;  people.com.cn&#32;(06-26-2008).</entry>
<entry id="26">
<weblink xlink:type="simple" xlink:href="http://news.wired.com/dynamic/stories/O/OLY_CHINA_INTERNET_BLOCKED?SITE=WIRE&amp;SECTION=HOME&amp;TEMPLATE=DEFAULT&amp;CTIME=2008-08-02-10-46-45">
IOC being grilled on Internet censorship</weblink>, <weblink xlink:type="simple" xlink:href="http://news.wired.com/">
Wired News</weblink>, 2008-08-02, Accessed 2008-08-04</entry>
<entry id="29">
See <link xlink:type="simple" xlink:href="../696/4338696.xml">
History of Google</link>.</entry>
<entry id="28">
"<weblink xlink:type="simple" xlink:href="http://www.edong.com/www/2008-07-14/1216041335936973697.html">
A sample "Lockdown notice"</weblink>".</entry>
<entry id="31">
"<weblink xlink:type="simple" xlink:href="http://chinadigitaltimes.net/2005/03/students_protes.php">
Students protest restrictions on most influential BBS</weblink>".&#32;  <link xlink:type="simple" xlink:href="../778/2032778.xml">
China Digital Times</link>&#32;(2005-03-20).</entry>
<entry id="30">
Schwartz, Barry&#32;(2006-04-28).&#32;"<weblink xlink:type="simple" xlink:href="http://blog.searchenginewatch.com/blog/060428-105228">
Technorati Blocked In China</weblink>".&#32;  SearchEngineWatch.</entry>
<entry id="34">
<weblink xlink:type="simple" xlink:href="http://www.cbsnews.com/stories/2007/09/25/tech/main3295146.shtml">
Why Did China Shut Down 18,401 Web sites?</weblink></entry>
<entry id="35">
"<weblink xlink:type="simple" xlink:href="http://www.microsoft.com/presspass/exec/krumholtz/02-15WrittenTestimony.mspx">
Congressional Testimony: “The Internet in China: A Tool for Freedom or Suppression?”</weblink>".&#32;  Microsoft.com.&#32;Retrieved on <link>
2006-08-30</link>.</entry>
<entry id="32">
"<weblink xlink:type="simple" xlink:href="http://www.upi.com/NewsTrack/Business/2007/07/07/chinese_city_bans_anonymous_web_postings/4057/">
Chinese city bans anonymous web postings</weblink>".&#32;  United Press International&#32;(2007-07-07).&#32;Retrieved on <link>
2007-07-08</link>.</entry>
<entry id="33">
"<weblink xlink:type="simple" xlink:href="http://freemanchina.blogspot.com/2007/07/chinese-internet-browsing-rules.html">
Chinese Internet Browsing Rules &amp; Guidelines</weblink>".&#32;  Freeman China&#32;(2007-06-17).&#32;Retrieved on <link>
2007-07-25</link>.</entry>
<entry id="38">
"<weblink xlink:type="simple" xlink:href="http://wwwcn.myspace.cn/Modules/Common/Pages/TermsConditions.aspx">
MySpace.cn使用协议条款</weblink>"&#32;(in Chinese).&#32;  MySpace.cn.&#32;Retrieved on <link>
2007-04-28</link>.</entry>
<entry id="39">
Carter, Tom.&#32;"<weblink xlink:type="simple" xlink:href="http://tomcarter.newsvine.com/_news/2007/02/15/569719-the-chinese-internet-crash-of-2007-calamity-or-capitalism">
The Chinese Internet Crash of 2007 - Calamity or Capitalism?</weblink>".&#32;Retrieved on <link>
2008-09-05</link>.</entry>
<entry id="36">
"<weblink xlink:type="simple" xlink:href="http://www.pbs.org/wgbh/pages/frontline/tankman/internet/">
Roundtable: The Struggle to Control Freedom</weblink>".&#32;  PBS.org&#32;(2005-04-11).</entry>
<entry id="37">
Lu Enjie&#32;(2007-04-26).&#32;"<weblink xlink:type="simple" xlink:href="http://texyt.com/MySpace+China+censors+politics+religion+064">
MySpace now available in China - minus politics and religion</weblink>".&#32;  Texyt.com.</entry>
<entry id="42">
<weblink xlink:type="simple" xlink:href="http://www.cbc.ca/technology/story/2006/12/01/censor-tool.html">
Tool to circumvent internet censorship set to launch</weblink></entry>
<entry id="43">
<weblink xlink:type="simple" xlink:href="http://www.opennetinitiative.net/studies/china/ONI_China_Country_Study.pdf">
http://www.opennetinitiative.net/studies/china/ONI_China_Country_Study.pdf</weblink>&#91;&#93;</entry>
<entry id="40">
<weblink xlink:type="simple" xlink:href="http://www.thomascrampton.com/media/best-blog-hosting-service-to-sidestep-chinas-great-firewall/">
The Best Hosting Services to Sidestep China's Great Firewall</weblink></entry>
<entry id="41">
<weblink xlink:type="simple" xlink:href="http://psiphon.civisec.org/">
Psiphon Official Homepage</weblink></entry>
</reflist>
</p>


</sec>
<sec>
<st>
 External links </st>


<p>

<image location="left" width="45px" src="Wikinews-logo.svg">

</image>

<work wordnetid="100575741" confidence="0.8">
<social_group wordnetid="107950920" confidence="0.8">
<possession wordnetid="100032613" confidence="0.8">
<event wordnetid="100029378" confidence="0.8">
<gathering wordnetid="107975026" confidence="0.8">
<community wordnetid="108223802" confidence="0.8">
<undertaking wordnetid="100795720" confidence="0.8">
<property wordnetid="113244109" confidence="0.8">
<group wordnetid="100031264" confidence="0.8">
<act wordnetid="100030358" confidence="0.8">
<psychological_feature wordnetid="100023100" confidence="0.8">
<activity wordnetid="100407535" confidence="0.8">
<link xlink:type="simple" xlink:href="../018/1173018.xml">
Wikinews</link></activity>
</psychological_feature>
</act>
</group>
</property>
</undertaking>
</community>
</gathering>
</event>
</possession>
</social_group>
</work>
 has related news:
</p>

<p>

<b>Official websites</b>
<list>
<entry level="1" type="bullet">

<weblink xlink:type="simple" xlink:href="http://www.cyberpolice.cn/infoCategoryListAction.do?act=init">
Cyberpolice.cn - Ministry of Public Security P.R.China Information &amp; Network Security</weblink></entry>
</list>
</p>
<p>

<b>News reports</b>
<list>
<entry level="1" type="bullet">

<weblink xlink:type="simple" xlink:href="http://www.cnn.com/interactive/world/0603/explainer.china.internet/content.1.1.html">
China Internet Explainer</weblink> CNN</entry>
<entry level="1" type="bullet">

 <weblink xlink:type="simple" xlink:href="http://www.uscc.gov/hearings/2005hearings/written_testimonies/05_04_14wrts/qiang_xiao_wrts.htm">
 The Development and the State Control of the Chinese Internet</weblink> by Xiao Qiang, Director, China Internet Project, The Graduate School of Journalism, University of California at Berkeley, 14 April 2005</entry>
<entry level="1" type="bullet">

 <weblink xlink:type="simple" xlink:href="http://www.theepochtimes.com/news/6-2-20/38388.html">
The Epoch Times | Communist Internet Censorship an "Internationally Common Practice"?</weblink> 20 February 2006</entry>
<entry level="1" type="bullet">

<weblink xlink:type="simple" xlink:href="http://www.channel4.com/news/special-reports/special-reports-storypage.jsp?id=1961">
Blogging on</weblink> report on blogging in China, 16 March 2006</entry>
<entry level="1" type="bullet">

 <weblink xlink:type="simple" xlink:href="http://news.bbc.co.uk/1/hi/technology/2234154.stm">
Behind China's internet Red Firewall</weblink> BBC, 3 September 2002</entry>
<entry level="1" type="bullet">

 <weblink xlink:type="simple" xlink:href="http://www.cbsnews.com/stories/2002/12/03/tech/main531567.shtml">
China's Internet Censorship</weblink> 3 December 2002</entry>
<entry level="1" type="bullet">

 <weblink xlink:type="simple" xlink:href="http://web.amnesty.org/web/content.nsf/pages/gbr_china_internet">
People's Republic of China: State control of the Internet</weblink> Amnesty International, 27 February 2002</entry>
<entry level="1" type="bullet">

 Cherry, Steven (2005). "<weblink xlink:type="simple" xlink:href="http://www.spectrum.ieee.org/jun05/1219">
The Net Effect: As China's Internet gets a much-needed makeover, will the new network promote freedom or curtail it?</weblink>". <periodical wordnetid="106593296" confidence="0.9508927676800064">
<link xlink:type="simple" xlink:href="../226/1951226.xml">
IEEE Spectrum</link></periodical>
 Online (2005).</entry>
<entry level="1" type="bullet">

 Tao, Wenzhao (2001). "<weblink xlink:type="simple" xlink:href="http://firstmonday.org/issues/issue6_1/tao/index.html">
Censorship and protest: The regulation of BBS in China People Daily</weblink>". <it>First Monday</it>, v.6, n.1 (January 2001).</entry>
<entry level="1" type="bullet">

 Walton, Greg.  <weblink xlink:type="simple" xlink:href="http://www.ichrdd.ca/english/commdoc/publications/globalization/goldenMenu.html">
 China's Golden Shield</weblink>.  International Centre for Human Rights and Democratic Development, 2001.</entry>
<entry level="1" type="bullet">

 Tsui, Lokman (2001). "<weblink xlink:type="simple" xlink:href="http://www.lokman.nu/thesis">
Big Mama is Watching You: Internet Control by the Chinese government</weblink>". Unpublished MA thesis, University of Leiden.</entry>
<entry level="1" type="bullet">

 <weblink xlink:type="simple" xlink:href="http://www.opennetinitiative.net/studies/china/">
Internet Filtering in China in 2004-2005: A Country Study</weblink>, from the OpenNet Initiative (Also available as an Adobe <message wordnetid="106598915" confidence="0.8">
<information wordnetid="106634376" confidence="0.8">
<language wordnetid="106282651" confidence="0.8">
<format wordnetid="106636806" confidence="0.8">
<link xlink:type="simple" xlink:href="../077/24077.xml">
PDF</link></format>
</language>
</information>
</message>
 file<ref xlink:type="simple" xlink:href="#xpointer(//reflist/entry[@id=%2243%22])">43</ref> ).</entry>
<entry level="1" type="bullet">

 <weblink xlink:type="simple" xlink:href="http://www.forum18.org/Archive.php?article_id=366">
CHINA: Government blocks religious websites</weblink> Forum 18 News, 21 July 2004</entry>
<entry level="1" type="bullet">

 <weblink xlink:type="simple" xlink:href="http://www.washingtonpost.com/wp-dyn/content/article/2006/02/18/AR2006021801389.html">
The Click That Broke a Government's Grip</weblink> The Washington Post, 19 February 2006</entry>
<entry level="1" type="bullet">

 Clayton, Murdoch, and Watson (2006). "<weblink xlink:type="simple" xlink:href="http://www.cl.cam.ac.uk/~rnc1/ignoring.pdf">
Ignoring the Great Firewall of China</weblink>". Privacy Enhancing Technologies Workshop, Cambridge, UK. To appear in workshop proceedings.</entry>
<entry level="1" type="bullet">

 <weblink xlink:type="simple" xlink:href="http://www.rsf.org/int_blackholes_en.php3?id_mot=88">
The Internet "black holes" - China</weblink> Reporters sans frontières - Internet press releases from 2002 to 2007</entry>
<entry level="1" type="bullet">

 <weblink xlink:type="simple" xlink:href="http://tomcarter.newsvine.com/_news/2007/02/15/569719-the-chinese-internet-crash-of-2007-calamity-or-capitalism">
The Chinese Internet Crash of 2007 - Calamity or Capitalism?</weblink> NewsVine report.</entry>
<entry level="1" type="bullet">

 Crandall, Zinn, Byrd, Barr, and East (2007). "<weblink xlink:type="simple" xlink:href="http://www.cs.unm.edu/~crandall/concept_doppler_ccs07.pdf">
ConceptDoppler: A Weather Tracker for Internet Censorship</weblink>". ACM Conference on Computer and Communications Security, Alexandria, VA, USA. To appear in conference proceedings.</entry>
<entry level="1" type="bullet">

 <weblink xlink:type="simple" xlink:href="http://www.thomascrampton.com/media/best-blog-hosting-service-to-sidestep-chinas-great-firewall/">
Discussion about the best hosting services for websites and blogs looking to get around the Great Firewall.</weblink></entry>
</list>
</p>
<p>

<b>Analysis</b></p>
<p>

<list>
<entry level="1" type="bullet">

 <weblink xlink:type="simple" xlink:href="http://www.websitepulse.com/help/testtools.china-test.html">
WebSitePulse.com</weblink> - Website Test behind the Great Firewall of China</entry>
<entry level="1" type="bullet">

 <weblink xlink:type="simple" xlink:href="http://chinadigitaltimes.net/2005/06/update_the_filt.php">
Translation of the Filtered Key Words in Chinese Cyberspace</weblink> 24 June 2005</entry>
</list>
</p>


</sec>
</bdy>
</article>
