<?xml version="1.0" encoding="UTF-8"?>
<!-- generated by CLiX/Wiki2XML [MPI-Inf, MMCI@UdS] $LastChangedRevision: 92 $ on 16.04.2009 15:27:44[mciao0825] -->
<!DOCTYPE article SYSTEM "../article.dtd">
<article xmlns:xlink="http://www.w3.org/1999/xlink">
<statement  confidence="0.8" wordnetid="106722453">
<message  confidence="0.8" wordnetid="106598915">
<premise  confidence="0.8" wordnetid="106753800">
<postulate  confidence="0.8" wordnetid="106753299">
<proposition  confidence="0.8" wordnetid="106750804">
<algorithm  confidence="0.9511911446218017" wordnetid="105847438">
<header>
<title>Integer factorization</title>
<id>15491</id>
<revision>
<id>243531144</id>
<timestamp>2008-10-06T22:26:56Z</timestamp>
<contributor>
<username>Ankimai</username>
<id>1167063</id>
</contributor>
</revision>
<categories>
<category>Integer factorization algorithms</category>
<category>Computational hardness assumptions</category>
</categories>
</header>
<bdy>

"Prime decomposition" redirects here. For the prime decomposition theorem for 3-manifolds, see <link xlink:type="simple" xlink:href="../360/3141360.xml">
Prime decomposition (3-manifold)</link>.
In <link xlink:type="simple" xlink:href="../527/21527.xml">
number theory</link>, <b>integer factorization</b> is the way of breaking down a <link xlink:type="simple" xlink:href="../289/82289.xml">
composite number</link> into smaller non-trivial<link xlink:type="simple" xlink:href="../492/49492.xml">
 divisors</link>, which when multiplied together equal the original integer.<p>

When the numbers are very large, no efficient integer <link xlink:type="simple" xlink:href="../341/82341.xml">
factorization</link> <link xlink:type="simple" xlink:href="../775/775.xml">
algorithm</link> is publicly known;  a recent effort which factored a 200-digit number (<link>
RSA-200</link>) took eighteen months and used over half a century of computer time. The presumed difficulty of this problem is at the heart of certain algorithms in <link xlink:type="simple" xlink:href="../432/18934432.xml">
cryptography</link> such as <link xlink:type="simple" xlink:href="../385/25385.xml">
RSA</link>.  Many areas of <link xlink:type="simple" xlink:href="../831/18831.xml">
mathematics</link> and <link xlink:type="simple" xlink:href="../323/5323.xml">
computer science</link> have been brought to bear on the problem, including <link xlink:type="simple" xlink:href="../225/10225.xml">
elliptic curves</link>, <link xlink:type="simple" xlink:href="../705/174705.xml">
algebraic number theory</link>, and <link xlink:type="simple" xlink:href="../220/25220.xml">
quantum computing</link>.</p>
<p>

Not all numbers of a given length are equally hard to factor. The hardest instances of these problems (for currently known techniques) are <link xlink:type="simple" xlink:href="../542/339542.xml">
semiprime</link>s, i.e. the product of two distinct <link xlink:type="simple" xlink:href="../666/23666.xml">
prime number</link>s. When they are both large, randomly chosen, and about the same size (but not too close), even the fastest prime factorization algorithms on the fastest computers can take enough time to make the search impractical.</p>

<sec>
<st>
Prime decomposition</st>
<p>

By the <link xlink:type="simple" xlink:href="../556/11556.xml">
fundamental theorem of arithmetic</link>, every positive integer greater than one has a unique prime factorization. However, the fundamental theorem of arithmetic gives no insight into how to obtain an integer's prime factorization; it only guarantees its existence.</p>
<p>

Given an algorithm for integer factorization, one can factor any integer down to its constituent <link xlink:type="simple" xlink:href="../924/378924.xml">
prime factor</link>s by repeated application of this algorithm.</p>

</sec>
<sec>
<st>
Practical applications</st>
<p>

The hardness of this problem, to use a term from <link xlink:type="simple" xlink:href="../543/7543.xml">
computational complexity theory</link> describing the difficulty of efficiently solving specific computational problems,  lies at the heart of several important cryptographic systems.  A fast integer factorization algorithm would mean that the <link xlink:type="simple" xlink:href="../385/25385.xml">
RSA</link> <link xlink:type="simple" xlink:href="../222/24222.xml">
public-key</link> algorithm is not secure.  Some cryptographic systems, such as the <link xlink:type="simple" xlink:href="../283/451283.xml">
Rabin public-key algorithm</link> and the <artifact wordnetid="100021939" confidence="0.8">
<instrumentality wordnetid="103575240" confidence="0.8">
<apparatus wordnetid="102727825" confidence="0.8">
<generator wordnetid="103434188" confidence="0.8">
<equipment wordnetid="103294048" confidence="0.8">
<link xlink:type="simple" xlink:href="../599/39599.xml">
Blum Blum Shub</link></equipment>
</generator>
</apparatus>
</instrumentality>
</artifact>
 <link xlink:type="simple" xlink:href="../524/45524.xml">
pseudo-random number generator</link> can make a stronger guarantee &mdash; any means of breaking them can be used to build a fast integer factorization algorithm; if integer factorization is hard, then they are strong.  In contrast, it may turn out that there are attacks on the <link xlink:type="simple" xlink:href="../741/1544741.xml">
RSA problem</link> more efficient than integer factorization, though none is currently published.</p>
<p>

A similar hard problem with cryptographic applications is the <link xlink:type="simple" xlink:href="../334/181334.xml">
discrete logarithm problem</link>.</p>
<p>

Even in the absence of cryptographic systems based on its hardness, integer factorization also has many positive applications in algorithms. For example, once an integer <it>n</it> is placed in its prime factorization representation, it enables the rapid computation of <link xlink:type="simple" xlink:href="../059/20059.xml">
multiplicative function</link>s on <it>n</it>. It can also be used to save storage, since any <link xlink:type="simple" xlink:href="../303/305303.xml">
multiset</link> of prime numbers can be stored without loss of information as its product; this was exploited, for example, by the <message wordnetid="106253690" confidence="0.8">
<link xlink:type="simple" xlink:href="../000/1317000.xml">
Arecibo message</link></message>
.</p>

</sec>
<sec>
<st>
Current state of the art</st>

<p>

<indent level="1">

<it>See also: <link xlink:type="simple" xlink:href="../972/10892972.xml">
integer factorization records</link></it>
</indent>
A team at the German Federal Agency for Information Technology Security (<body wordnetid="107965085" confidence="0.8">
<social_group wordnetid="107950920" confidence="0.8">
<group wordnetid="100031264" confidence="0.8">
<administration wordnetid="108164585" confidence="0.8">
<link xlink:type="simple" xlink:href="../830/4092830.xml">
BSI</link></administration>
</group>
</social_group>
</body>
) holds the record for factorization of <link xlink:type="simple" xlink:href="../542/339542.xml">
semiprime</link>s in the series proposed by the <event wordnetid="100029378" confidence="0.8">
<rule wordnetid="105846932" confidence="0.8">
<act wordnetid="100030358" confidence="0.8">
<psychological_feature wordnetid="100023100" confidence="0.8">
<procedure wordnetid="101023820" confidence="0.8">
<activity wordnetid="100407535" confidence="0.8">
<algorithm wordnetid="105847438" confidence="0.8">
<link xlink:type="simple" xlink:href="../851/498851.xml">
RSA Factoring Challenge</link></algorithm>
</activity>
</procedure>
</psychological_feature>
</act>
</rule>
</event>
 sponsored by <company wordnetid="108058098" confidence="0.9508927676800064">
<link xlink:type="simple" xlink:href="../240/301240.xml">
RSA Security</link></company>
. On <link xlink:type="simple" xlink:href="../524/19524.xml">
May 9</link>, <link xlink:type="simple" xlink:href="../984/35984.xml">
2005</link>, this team announced factorization of <link>
RSA-200</link>, a 663-bit number (200 decimal digits), using the <link xlink:type="simple" xlink:href="../734/152734.xml">
general number field sieve</link>.</p>
<p>

The same team later announced factorization of <link>
RSA-640</link>, a smaller number containing 193 decimal digits (640 bits), on <link xlink:type="simple" xlink:href="../805/21805.xml">
November 4</link>, <link xlink:type="simple" xlink:href="../984/35984.xml">
2005</link>.</p>
<p>

Both factorizations required several months of computer time using the combined power of 80 <link xlink:type="simple" xlink:href="../ury/24th_century.xml">
AMD</link> <chip wordnetid="103020034" confidence="0.8">
<artifact wordnetid="100021939" confidence="0.8">
<instrumentality wordnetid="103575240" confidence="0.8">
<microprocessor wordnetid="103760310" confidence="0.8">
<conductor wordnetid="103088707" confidence="0.8">
<device wordnetid="103183080" confidence="0.8">
<semiconductor_device wordnetid="104171831" confidence="0.8">
<link xlink:type="simple" xlink:href="../237/165237.xml">
Opteron</link></semiconductor_device>
</device>
</conductor>
</microprocessor>
</instrumentality>
</artifact>
</chip>
 CPUs.</p>

<ss1>
<st>
Difficulty and complexity</st>
<p>

If a large, <it>b</it>-<link xlink:type="simple" xlink:href="../364/3364.xml">
bit</link> number is the product of two primes that are roughly the same size, then no <link xlink:type="simple" xlink:href="../775/775.xml">
algorithm</link> has been published that can factor in <link xlink:type="simple" xlink:href="../576/44576.xml">
polynomial time</link>, <it>i.e.</it>, that can factor it in time <link xlink:type="simple" xlink:href="../578/44578.xml">
O</link>(<it>bk</it>) for some constant <it>k</it>.  There are published algorithms that are faster than <link xlink:type="simple" xlink:href="../578/44578.xml">
O</link>((1+ε)<it>b</it>) for all positive ε, <it>i.e.</it>, sub-exponential. </p>
<p>

The best published asymptotic running time is for the <link xlink:type="simple" xlink:href="../734/152734.xml">
general number field sieve</link> (GNFS) algorithm, which, for a  <it>b</it>-bit number n, is:</p>
<p>

<indent level="1">

<math>O\left(\exp\left(\left(\begin{matrix}\frac{64}{9}\end{matrix} b\right)^{1\over3} (\log b)^{2\over3}\right)\right).</math> 
</indent>

For an ordinary computer, GNFS is the best published algorithm for large <it>n</it> (more than about 100 digits).  For a <link xlink:type="simple" xlink:href="../220/25220.xml">
quantum computer</link>, however, <person wordnetid="100007846" confidence="0.9508927676800064">
<scientist wordnetid="110560637" confidence="0.9508927676800064">
<link xlink:type="simple" xlink:href="../338/68338.xml">
Peter Shor</link></scientist>
</person>
 discovered an algorithm in 1994 that solves it in polynomial time.  This will have significant implications for cryptography if a large quantum computer is ever built.  <event wordnetid="100029378" confidence="0.8">
<rule wordnetid="105846932" confidence="0.8">
<act wordnetid="100030358" confidence="0.8">
<psychological_feature wordnetid="100023100" confidence="0.8">
<procedure wordnetid="101023820" confidence="0.8">
<activity wordnetid="100407535" confidence="0.8">
<algorithm wordnetid="105847438" confidence="0.8">
<link xlink:type="simple" xlink:href="../674/42674.xml">
Shor's algorithm</link></algorithm>
</activity>
</procedure>
</psychological_feature>
</act>
</rule>
</event>
 takes only O(<it>b</it>3) time and O(<it>b</it>) space on <it>b</it>-bit number inputs.    In 2001, the first 7-qubit quantum computer became the first to run Shor's algorithm.  It factored the number 15.</p>
<p>

When discussing what <link xlink:type="simple" xlink:href="../426/502426.xml">
complexity class</link>es the integer factorization problem falls into, it's necessary to distinguish two slightly different versions of the problem:</p>
<p>

<list>
<entry level="1" type="bullet">

 The <link xlink:type="simple" xlink:href="../345/663345.xml">
function problem</link> version: given an integer N, find an integer d with 1  d  N that divides N (or conclude that N is prime). This problem is trivially in <class wordnetid="107997703" confidence="0.8">
<collection wordnetid="107951464" confidence="0.8">
<group wordnetid="100031264" confidence="0.8">
<link xlink:type="simple" xlink:href="../351/663351.xml">
FNP</link></group>
</collection>
</class>
 and it's not known whether it lies in <class wordnetid="107997703" confidence="0.8">
<collection wordnetid="107951464" confidence="0.8">
<group wordnetid="100031264" confidence="0.8">
<link xlink:type="simple" xlink:href="../347/663347.xml">
FP</link></group>
</collection>
</class>
 or not. This is the version solved by most practical implementations.</entry>
<entry level="1" type="bullet">

 The <link xlink:type="simple" xlink:href="../336/8336.xml">
decision problem</link> version: given an integer N and an integer M with 1 ≤ M ≤ N, does N have a factor d with 1  d  M? This version is useful because most well-studied complexity classes are defined as classes of decision problems, not function problems. This is a natural decision version of the problem, analogous to those frequently used for <link xlink:type="simple" xlink:href="../536/1126536.xml">
optimization problem</link>s, because it can be combined with <link xlink:type="simple" xlink:href="../266/4266.xml">
binary search</link> to solve the function problem version in a logarithmic number of queries.</entry>
</list>
</p>
<p>

It is not known exactly which <link xlink:type="simple" xlink:href="../543/7543.xml">
complexity classes</link> contain the decision version of the integer factorization problem. It is known to be in both <class wordnetid="107997703" confidence="0.8">
<collection wordnetid="107951464" confidence="0.8">
<group wordnetid="100031264" confidence="0.8">
<link xlink:type="simple" xlink:href="../562/21562.xml">
NP</link></group>
</collection>
</class>
 and <link xlink:type="simple" xlink:href="../184/6184.xml">
co-NP</link>.  This is because both YES and NO answers can be trivially verified given the prime factors (we can verify their primality using the <process wordnetid="105701363" confidence="0.8">
<institute wordnetid="108407330" confidence="0.8">
<inquiry wordnetid="105797597" confidence="0.8">
<thinking wordnetid="105770926" confidence="0.8">
<association wordnetid="108049401" confidence="0.8">
<problem_solving wordnetid="105796750" confidence="0.8">
<experiment wordnetid="105798043" confidence="0.8">
<trial wordnetid="105799212" confidence="0.8">
<higher_cognitive_process wordnetid="105770664" confidence="0.8">
<link xlink:type="simple" xlink:href="../847/405847.xml">
AKS primality test</link></higher_cognitive_process>
</trial>
</experiment>
</problem_solving>
</association>
</thinking>
</inquiry>
</institute>
</process>
, and that their product is N by multiplication). In fact, providing we require the factors to be listed in order, the <link xlink:type="simple" xlink:href="../556/11556.xml">
fundamental theorem of arithmetic</link> will guarantee that there is only one possible string that will be accepted; this shows that the problem is in both <b><class wordnetid="107997703" confidence="0.8">
<collection wordnetid="107951464" confidence="0.8">
<group wordnetid="100031264" confidence="0.8">
<link xlink:type="simple" xlink:href="../240/312240.xml">
UP</link></group>
</collection>
</class>
</b> and <b>co-UP</b>.<ref xlink:type="simple" xlink:href="#xpointer(//reflist/entry[@id=%221%22])">1</ref> It is known to be in <class wordnetid="107997703" confidence="0.8">
<collection wordnetid="107951464" confidence="0.8">
<group wordnetid="100031264" confidence="0.8">
<link xlink:type="simple" xlink:href="../080/4080.xml">
BQP</link></group>
</collection>
</class>
 because of <event wordnetid="100029378" confidence="0.8">
<rule wordnetid="105846932" confidence="0.8">
<act wordnetid="100030358" confidence="0.8">
<psychological_feature wordnetid="100023100" confidence="0.8">
<procedure wordnetid="101023820" confidence="0.8">
<activity wordnetid="100407535" confidence="0.8">
<algorithm wordnetid="105847438" confidence="0.8">
<link xlink:type="simple" xlink:href="../674/42674.xml">
Shor's algorithm</link></algorithm>
</activity>
</procedure>
</psychological_feature>
</act>
</rule>
</event>
.  It is suspected to be outside of all three of the complexity classes <class wordnetid="107997703" confidence="0.8">
<collection wordnetid="107951464" confidence="0.8">
<group wordnetid="100031264" confidence="0.8">
<link xlink:type="simple" xlink:href="../550/658550.xml">
P</link></group>
</collection>
</class>
, <link xlink:type="simple" xlink:href="../466/39466.xml">
NP-Complete</link>, and <link xlink:type="simple" xlink:href="../680/54680.xml">
co-NP-Complete</link>.  If it could be proved that it is in either NP-Complete or co-NP-Complete, that would imply NP = co-NP.  That would be a very surprising result, and therefore integer factorization is widely suspected to be outside both of those classes.  Many people have tried to find classical polynomial-time algorithms for it and failed, and therefore it is widely suspected to be outside P. </p>
<p>

In contrast, the decision problem "is <it>N</it> a <link xlink:type="simple" xlink:href="../289/82289.xml">
composite number</link>?"  (or equivalently: "is <it>N</it> a <link xlink:type="simple" xlink:href="../666/23666.xml">
prime number</link>?") appears to be much easier than the problem of actually finding the factors of <it>N</it>. Specifically, the former can be solved in polynomial time (in the number <it>n</it> of digits of <it>N</it>) with the <process wordnetid="105701363" confidence="0.8">
<institute wordnetid="108407330" confidence="0.8">
<inquiry wordnetid="105797597" confidence="0.8">
<thinking wordnetid="105770926" confidence="0.8">
<association wordnetid="108049401" confidence="0.8">
<problem_solving wordnetid="105796750" confidence="0.8">
<experiment wordnetid="105798043" confidence="0.8">
<trial wordnetid="105799212" confidence="0.8">
<higher_cognitive_process wordnetid="105770664" confidence="0.8">
<link xlink:type="simple" xlink:href="../847/405847.xml">
AKS primality test</link></higher_cognitive_process>
</trial>
</experiment>
</problem_solving>
</association>
</thinking>
</inquiry>
</institute>
</process>
.  In addition, there are a number of <link xlink:type="simple" xlink:href="../383/495383.xml">
probabilistic algorithm</link>s that can test primality very quickly if one is willing to accept the small possibility of error.  The ease of <link xlink:type="simple" xlink:href="../751/183751.xml">
primality test</link>ing is a crucial part of the <link xlink:type="simple" xlink:href="../385/25385.xml">
RSA</link> algorithm, as it is necessary to find large prime numbers to start with.</p>

</ss1>
</sec>
<sec>
<st>
Factoring algorithms</st>

<ss1>
<st>
Special-purpose</st>
<p>

A special-purpose factoring algorithm's running time depends on the properties of its unknown factors: size, special form, etc. Exactly what the running time depends on varies between algorithms. For example, trial division is considered special purpose because the running time is roughly proportional to the size of the smallest factor.</p>
<p>

<list>
<entry level="1" type="bullet">

 <problem_solving wordnetid="105796750" confidence="0.8">
<algorithm wordnetid="105847438" confidence="0.8">
<process wordnetid="105701363" confidence="0.8">
<inquiry wordnetid="105797597" confidence="0.8">
<thinking wordnetid="105770926" confidence="0.8">
<event wordnetid="100029378" confidence="0.8">
<experiment wordnetid="105798043" confidence="0.8">
<rule wordnetid="105846932" confidence="0.8">
<act wordnetid="100030358" confidence="0.8">
<trial wordnetid="105799212" confidence="0.8">
<psychological_feature wordnetid="100023100" confidence="0.8">
<activity wordnetid="100407535" confidence="0.8">
<procedure wordnetid="101023820" confidence="0.8">
<higher_cognitive_process wordnetid="105770664" confidence="0.8">
<link xlink:type="simple" xlink:href="../660/557660.xml">
Trial division</link></higher_cognitive_process>
</procedure>
</activity>
</psychological_feature>
</trial>
</act>
</rule>
</experiment>
</event>
</thinking>
</inquiry>
</process>
</algorithm>
</problem_solving>
</entry>
<entry level="1" type="bullet">

 <event wordnetid="100029378" confidence="0.8">
<rule wordnetid="105846932" confidence="0.8">
<act wordnetid="100030358" confidence="0.8">
<psychological_feature wordnetid="100023100" confidence="0.8">
<procedure wordnetid="101023820" confidence="0.8">
<activity wordnetid="100407535" confidence="0.8">
<algorithm wordnetid="105847438" confidence="0.8">
<link xlink:type="simple" xlink:href="../668/580668.xml">
Pollard's rho algorithm</link></algorithm>
</activity>
</procedure>
</psychological_feature>
</act>
</rule>
</event>
</entry>
<entry level="1" type="bullet">

 <link xlink:type="simple" xlink:href="../391/14573391.xml">
Algebraic-group factorisation algorithms</link> amongst which are <event wordnetid="100029378" confidence="0.8">
<rule wordnetid="105846932" confidence="0.8">
<act wordnetid="100030358" confidence="0.8">
<psychological_feature wordnetid="100023100" confidence="0.8">
<procedure wordnetid="101023820" confidence="0.8">
<activity wordnetid="100407535" confidence="0.8">
<algorithm wordnetid="105847438" confidence="0.8">
<link xlink:type="simple" xlink:href="../753/578753.xml">
Pollard's <it>p</it>&nbsp;&amp;minus;&nbsp;1 algorithm</link></algorithm>
</activity>
</procedure>
</psychological_feature>
</act>
</rule>
</event>
, <link xlink:type="simple" xlink:href="../573/1916573.xml">
Williams' p+1 algorithm</link> and <region wordnetid="108630985" confidence="0.8">
<field wordnetid="108569998" confidence="0.8">
<location wordnetid="100027167" confidence="0.8">
<tract wordnetid="108673395" confidence="0.8">
<event wordnetid="100029378" confidence="0.8">
<rule wordnetid="105846932" confidence="0.8">
<geographical_area wordnetid="108574314" confidence="0.8">
<act wordnetid="100030358" confidence="0.8">
<psychological_feature wordnetid="100023100" confidence="0.8">
<procedure wordnetid="101023820" confidence="0.8">
<activity wordnetid="100407535" confidence="0.8">
<algorithm wordnetid="105847438" confidence="0.8">
<link xlink:type="simple" xlink:href="../212/154212.xml">
Lenstra elliptic curve factorization</link></algorithm>
</activity>
</procedure>
</psychological_feature>
</act>
</geographical_area>
</rule>
</event>
</tract>
</location>
</field>
</region>
</entry>
<entry level="1" type="bullet">

 <event wordnetid="100029378" confidence="0.8">
<rule wordnetid="105846932" confidence="0.8">
<act wordnetid="100030358" confidence="0.8">
<psychological_feature wordnetid="100023100" confidence="0.8">
<procedure wordnetid="101023820" confidence="0.8">
<activity wordnetid="100407535" confidence="0.8">
<algorithm wordnetid="105847438" confidence="0.8">
<link xlink:type="simple" xlink:href="../433/2132433.xml">
Fermat's factorization method</link></algorithm>
</activity>
</procedure>
</psychological_feature>
</act>
</rule>
</event>
</entry>
<entry level="1" type="bullet">

 <event wordnetid="100029378" confidence="0.8">
<rule wordnetid="105846932" confidence="0.8">
<act wordnetid="100030358" confidence="0.8">
<psychological_feature wordnetid="100023100" confidence="0.8">
<procedure wordnetid="101023820" confidence="0.8">
<activity wordnetid="100407535" confidence="0.8">
<algorithm wordnetid="105847438" confidence="0.8">
<link xlink:type="simple" xlink:href="../069/15822069.xml">
Euler's factorization method</link></algorithm>
</activity>
</procedure>
</psychological_feature>
</act>
</rule>
</event>
</entry>
<entry level="1" type="bullet">

 <event wordnetid="100029378" confidence="0.8">
<rule wordnetid="105846932" confidence="0.8">
<act wordnetid="100030358" confidence="0.8">
<psychological_feature wordnetid="100023100" confidence="0.8">
<procedure wordnetid="101023820" confidence="0.8">
<activity wordnetid="100407535" confidence="0.8">
<algorithm wordnetid="105847438" confidence="0.8">
<link xlink:type="simple" xlink:href="../132/589132.xml">
Special number field sieve</link></algorithm>
</activity>
</procedure>
</psychological_feature>
</act>
</rule>
</event>
</entry>
</list>
</p>

</ss1>
<ss1>
<st>
General-purpose</st>
<p>

A general-purpose factoring algorithm's running time depends solely on the size of the integer to be factored. This is the type of algorithm used to factor <link xlink:type="simple" xlink:href="../379/511379.xml">
RSA number</link>s. Most general-purpose factoring algorithms are based on the <link xlink:type="simple" xlink:href="../713/576713.xml">
congruence of squares</link> method.</p>
<p>

<list>
<entry level="1" type="bullet">

 <link xlink:type="simple" xlink:href="../877/1033877.xml">
Dixon's algorithm</link></entry>
<entry level="1" type="bullet">

 <event wordnetid="100029378" confidence="0.8">
<rule wordnetid="105846932" confidence="0.8">
<act wordnetid="100030358" confidence="0.8">
<psychological_feature wordnetid="100023100" confidence="0.8">
<procedure wordnetid="101023820" confidence="0.8">
<activity wordnetid="100407535" confidence="0.8">
<algorithm wordnetid="105847438" confidence="0.8">
<link xlink:type="simple" xlink:href="../392/1335392.xml">
Continued fraction factorization</link></algorithm>
</activity>
</procedure>
</psychological_feature>
</act>
</rule>
</event>
 (CFRAC)</entry>
<entry level="1" type="bullet">

 <event wordnetid="100029378" confidence="0.8">
<rule wordnetid="105846932" confidence="0.8">
<act wordnetid="100030358" confidence="0.8">
<psychological_feature wordnetid="100023100" confidence="0.8">
<procedure wordnetid="101023820" confidence="0.8">
<activity wordnetid="100407535" confidence="0.8">
<algorithm wordnetid="105847438" confidence="0.8">
<link xlink:type="simple" xlink:href="../340/582340.xml">
Quadratic sieve</link></algorithm>
</activity>
</procedure>
</psychological_feature>
</act>
</rule>
</event>
</entry>
<entry level="1" type="bullet">

 <event wordnetid="100029378" confidence="0.8">
<rule wordnetid="105846932" confidence="0.8">
<act wordnetid="100030358" confidence="0.8">
<psychological_feature wordnetid="100023100" confidence="0.8">
<procedure wordnetid="101023820" confidence="0.8">
<activity wordnetid="100407535" confidence="0.8">
<algorithm wordnetid="105847438" confidence="0.8">
<link xlink:type="simple" xlink:href="../734/152734.xml">
General number field sieve</link></algorithm>
</activity>
</procedure>
</psychological_feature>
</act>
</rule>
</event>
</entry>
<entry level="1" type="bullet">

 <event wordnetid="100029378" confidence="0.8">
<rule wordnetid="105846932" confidence="0.8">
<act wordnetid="100030358" confidence="0.8">
<psychological_feature wordnetid="100023100" confidence="0.8">
<procedure wordnetid="101023820" confidence="0.8">
<activity wordnetid="100407535" confidence="0.8">
<algorithm wordnetid="105847438" confidence="0.8">
<link xlink:type="simple" xlink:href="../328/3387328.xml">
Shanks' square forms factorization</link></algorithm>
</activity>
</procedure>
</psychological_feature>
</act>
</rule>
</event>
 (SQUFOF)</entry>
</list>
</p>

</ss1>
<ss1>
<st>
Other notable algorithms</st>
<p>

<list>
<entry level="1" type="bullet">

 <event wordnetid="100029378" confidence="0.8">
<rule wordnetid="105846932" confidence="0.8">
<act wordnetid="100030358" confidence="0.8">
<psychological_feature wordnetid="100023100" confidence="0.8">
<procedure wordnetid="101023820" confidence="0.8">
<activity wordnetid="100407535" confidence="0.8">
<algorithm wordnetid="105847438" confidence="0.8">
<link xlink:type="simple" xlink:href="../674/42674.xml">
Shor's algorithm</link></algorithm>
</activity>
</procedure>
</psychological_feature>
</act>
</rule>
</event>
, for <link xlink:type="simple" xlink:href="../220/25220.xml">
quantum computer</link>s</entry>
</list>
</p>

</ss1>
</sec>
<sec>
<st>
External links</st>
<p>

<list>
<entry level="1" type="bullet">

Richard P. Brent, "Recent Progress and Prospects for Integer Factorisation Algorithms", <it>Computing and Combinatorics"</it>, 2000, pp.3-22. <weblink xlink:type="simple" xlink:href="http://citeseer.ist.psu.edu/327036.html">
download</weblink></entry>
<entry level="1" type="bullet">

 <scientist wordnetid="110560637" confidence="0.9508927676800064">
<link xlink:type="simple" xlink:href="../948/1192948.xml">
Manindra Agrawal</link></scientist>
, Neeraj Kayal, Nitin Saxena, "PRIMES is in P." Annals of Mathematics 160(2): 781-793 (2004). <weblink xlink:type="simple" xlink:href="http://www.cse.iitk.ac.in/users/manindra/algebra/primality_v6.pdf">
August 2005 version PDF</weblink></entry>
<entry level="1" type="bullet">

 <weblink xlink:type="simple" xlink:href="ftp://ftp.computing.dcu.ie/pub/crypto/factor.exe">
ftp://ftp.computing.dcu.ie/pub/crypto/factor.exe</weblink> is a public-domain integer factorization program for Windows. It claims to handle 80-digit numbers. See also the web site for this program <weblink xlink:type="simple" xlink:href="http://www.shamus.ie/">
MIRACL</weblink></entry>
<entry level="1" type="bullet">

 <weblink xlink:type="simple" xlink:href="http://www.alpertron.com.ar/ECM.HTM">
http://www.alpertron.com.ar/ECM.HTM</weblink> is an integer factorization Java applet that uses the Elliptic Curve Method and the Self Initializing Quadratic Sieve.</entry>
<entry level="1" type="bullet">

 <weblink xlink:type="simple" xlink:href="http://www.rsasecurity.com/rsalabs/node.asp?id=2093">
The RSA Challenge Numbers</weblink> - a factoring challenge.</entry>
<entry level="1" type="bullet">

 Eric W. Weisstein, <weblink xlink:type="simple" xlink:href="http://mathworld.wolfram.com/news/2005-11-08/rsa-640/">
“RSA-640 Factored,”</weblink> <it>MathWorld Headline News</it>, November 8, 2005, http://mathworld.wolfram.com/news/2005-11-08/rsa-640/</entry>
<entry level="1" type="bullet">

 <weblink xlink:type="simple" xlink:href="http://www.thorstenreinecke.de/qsieve/">
Qsieve</weblink>, a suite of programs for integer factorization. It contains several factorization methods like Elliptic Curve Method and MPQS.</entry>
<entry level="1" type="bullet">

 <weblink xlink:type="simple" xlink:href="http://ardoino.com/maths-factoring-pollard/">
Pollard p-1 method</weblink>, summary of the algorithms and C source code</entry>
</list>
</p>

</sec>
<sec>
<st>
References</st>
<p>

<list>
<entry level="1" type="bullet">

 <person wordnetid="100007846" confidence="0.9508927676800064">
<scientist wordnetid="110560637" confidence="0.9508927676800064">
<link xlink:type="simple" xlink:href="../095/8095.xml">
Donald Knuth</link></scientist>
</person>
. <it>The Art of Computer Programming</it>, Volume 2: <it>Seminumerical Algorithms</it>, Third Edition. Addison-Wesley, 1997. ISBN 0-201-89684-2. Section 4.5.4: Factoring into Primes, pp. 379–417.</entry>
<entry level="1" type="bullet">

  <cite style="font-style:normal" class="book">Richard Crandall and <physical_entity wordnetid="100001930" confidence="0.8">
<person wordnetid="100007846" confidence="0.8">
<causal_agent wordnetid="100007347" confidence="0.8">
<scientist wordnetid="110560637" confidence="0.8">
<mathematician wordnetid="110301261" confidence="0.8">
<link xlink:type="simple" xlink:href="../159/2134159.xml">
Carl Pomerance</link></mathematician>
</scientist>
</causal_agent>
</person>
</physical_entity>
&#32;(2001). Prime Numbers: A Computational Perspective, 1st edition,&#32;Springer. ISBN 0-387-94777-9.</cite>&nbsp; Chapter 5: Exponential Factoring Algorithms, pp. 191–226. Chapter 6: Subexponential Factoring Algorithms, pp. 227–284. Section 7.4: Elliptic curve method, pp. 301–313.</entry>
</list>
</p>

<p>

<table style=";" class="navbox" cellspacing="0">
<row>
<col style="padding:2px;">
<table style="width:100%;background:transparent;color:inherit;;" class="nowraplinks collapsible uncollapsed " cellspacing="0">
<row>
<header colspan="2" style=";" class="navbox-title">
<link xlink:type="simple" xlink:href="../527/21527.xml">
Number-theoretic</link> <link xlink:type="simple" xlink:href="../775/775.xml">
algorithm</link>s</header>
</row>
<row style="height:2px;">

</row>
<row>
<col style=";;" class="navbox-group">
<link xlink:type="simple" xlink:href="../751/183751.xml">
Primality test</link>s</col>
<col style="text-align:left;border-left:2px solid #fdfdfd;width:100%;padding:0px;;;" class="navbox-list navbox-odd">
<b><process wordnetid="105701363" confidence="0.8">
<institute wordnetid="108407330" confidence="0.8">
<inquiry wordnetid="105797597" confidence="0.8">
<thinking wordnetid="105770926" confidence="0.8">
<association wordnetid="108049401" confidence="0.8">
<problem_solving wordnetid="105796750" confidence="0.8">
<experiment wordnetid="105798043" confidence="0.8">
<trial wordnetid="105799212" confidence="0.8">
<higher_cognitive_process wordnetid="105770664" confidence="0.8">
<link xlink:type="simple" xlink:href="../847/405847.xml">
AKS</link></higher_cognitive_process>
</trial>
</experiment>
</problem_solving>
</association>
</thinking>
</inquiry>
</institute>
</process>
</b> · <b><link>
APR</link></b> · <process wordnetid="105701363" confidence="0.8">
<inquiry wordnetid="105797597" confidence="0.8">
<thinking wordnetid="105770926" confidence="0.8">
<problem_solving wordnetid="105796750" confidence="0.8">
<experiment wordnetid="105798043" confidence="0.8">
<trial wordnetid="105799212" confidence="0.8">
<higher_cognitive_process wordnetid="105770664" confidence="0.8">
<link xlink:type="simple" xlink:href="../890/3609890.xml">
Ballie-PSW</link></higher_cognitive_process>
</trial>
</experiment>
</problem_solving>
</thinking>
</inquiry>
</process>
 · <b><process wordnetid="105701363" confidence="0.8">
<curve wordnetid="113867641" confidence="0.8">
<inquiry wordnetid="105797597" confidence="0.8">
<thinking wordnetid="105770926" confidence="0.8">
<problem_solving wordnetid="105796750" confidence="0.8">
<experiment wordnetid="105798043" confidence="0.8">
<line wordnetid="113863771" confidence="0.8">
<shape wordnetid="100027807" confidence="0.8">
<trial wordnetid="105799212" confidence="0.8">
<higher_cognitive_process wordnetid="105770664" confidence="0.8">
<link xlink:type="simple" xlink:href="../015/4049015.xml">
ECPP</link></higher_cognitive_process>
</trial>
</shape>
</line>
</experiment>
</problem_solving>
</thinking>
</inquiry>
</curve>
</process>
</b> · <process wordnetid="105701363" confidence="0.8">
<inquiry wordnetid="105797597" confidence="0.8">
<thinking wordnetid="105770926" confidence="0.8">
<problem_solving wordnetid="105796750" confidence="0.8">
<experiment wordnetid="105798043" confidence="0.8">
<trial wordnetid="105799212" confidence="0.8">
<higher_cognitive_process wordnetid="105770664" confidence="0.8">
<link xlink:type="simple" xlink:href="../755/157755.xml">
Fermat</link></higher_cognitive_process>
</trial>
</experiment>
</problem_solving>
</thinking>
</inquiry>
</process>
 · <b><link>
Lucas–Lehmer</link></b> · <b><it><link>
Lucas–Lehmer (Mersenne numbers)</link></it></b> · <b><it><process wordnetid="105701363" confidence="0.8">
<inquiry wordnetid="105797597" confidence="0.8">
<thinking wordnetid="105770926" confidence="0.8">
<problem_solving wordnetid="105796750" confidence="0.8">
<experiment wordnetid="105798043" confidence="0.8">
<trial wordnetid="105799212" confidence="0.8">
<higher_cognitive_process wordnetid="105770664" confidence="0.8">
<link xlink:type="simple" xlink:href="../861/15371861.xml">
Lucas–Lehmer–Riesel</link></higher_cognitive_process>
</trial>
</experiment>
</problem_solving>
</thinking>
</inquiry>
</process>
</it></b> · <b><it><statement wordnetid="106722453" confidence="0.8">
<process wordnetid="105701363" confidence="0.8">
<message wordnetid="106598915" confidence="0.8">
<inquiry wordnetid="105797597" confidence="0.8">
<thinking wordnetid="105770926" confidence="0.8">
<theorem wordnetid="106752293" confidence="0.8">
<problem_solving wordnetid="105796750" confidence="0.8">
<experiment wordnetid="105798043" confidence="0.8">
<proposition wordnetid="106750804" confidence="0.8">
<trial wordnetid="105799212" confidence="0.8">
<higher_cognitive_process wordnetid="105770664" confidence="0.8">
<link xlink:type="simple" xlink:href="../985/3225985.xml">
Proth's theorem</link></higher_cognitive_process>
</trial>
</proposition>
</experiment>
</problem_solving>
</theorem>
</thinking>
</inquiry>
</message>
</process>
</statement>
</it></b> · <b><it><link>
Pépin's</link></it></b> · <link>
Solovay–Strassen</link> · <link>
Miller–Rabin</link> · <b><problem_solving wordnetid="105796750" confidence="0.8">
<algorithm wordnetid="105847438" confidence="0.8">
<process wordnetid="105701363" confidence="0.8">
<inquiry wordnetid="105797597" confidence="0.8">
<thinking wordnetid="105770926" confidence="0.8">
<event wordnetid="100029378" confidence="0.8">
<experiment wordnetid="105798043" confidence="0.8">
<rule wordnetid="105846932" confidence="0.8">
<act wordnetid="100030358" confidence="0.8">
<trial wordnetid="105799212" confidence="0.8">
<psychological_feature wordnetid="100023100" confidence="0.8">
<activity wordnetid="100407535" confidence="0.8">
<procedure wordnetid="101023820" confidence="0.8">
<higher_cognitive_process wordnetid="105770664" confidence="0.8">
<link xlink:type="simple" xlink:href="../660/557660.xml">
Trial division</link></higher_cognitive_process>
</procedure>
</activity>
</psychological_feature>
</trial>
</act>
</rule>
</experiment>
</event>
</thinking>
</inquiry>
</process>
</algorithm>
</problem_solving>
</b></col>
</row>
<row style="height:2px">

</row>
<row>
<col style=";;" class="navbox-group">
Sieving algorithms</col>
<col style="text-align:left;border-left:2px solid #fdfdfd;width:100%;padding:0px;;;" class="navbox-list navbox-even">
<process wordnetid="105701363" confidence="0.8">
<inquiry wordnetid="105797597" confidence="0.8">
<thinking wordnetid="105770926" confidence="0.8">
<problem_solving wordnetid="105796750" confidence="0.8">
<experiment wordnetid="105798043" confidence="0.8">
<trial wordnetid="105799212" confidence="0.8">
<higher_cognitive_process wordnetid="105770664" confidence="0.8">
<link xlink:type="simple" xlink:href="../920/2150920.xml">
Sieve of Atkin</link></higher_cognitive_process>
</trial>
</experiment>
</problem_solving>
</thinking>
</inquiry>
</process>
 · <process wordnetid="105701363" confidence="0.8">
<inquiry wordnetid="105797597" confidence="0.8">
<thinking wordnetid="105770926" confidence="0.8">
<problem_solving wordnetid="105796750" confidence="0.8">
<experiment wordnetid="105798043" confidence="0.8">
<trial wordnetid="105799212" confidence="0.8">
<higher_cognitive_process wordnetid="105770664" confidence="0.8">
<link xlink:type="simple" xlink:href="../415/73415.xml">
Sieve of Eratosthenes</link></higher_cognitive_process>
</trial>
</experiment>
</problem_solving>
</thinking>
</inquiry>
</process>
 · <process wordnetid="105701363" confidence="0.8">
<inquiry wordnetid="105797597" confidence="0.8">
<thinking wordnetid="105770926" confidence="0.8">
<problem_solving wordnetid="105796750" confidence="0.8">
<experiment wordnetid="105798043" confidence="0.8">
<trial wordnetid="105799212" confidence="0.8">
<higher_cognitive_process wordnetid="105770664" confidence="0.8">
<link xlink:type="simple" xlink:href="../330/14517330.xml">
Sieve of Sundaram</link></higher_cognitive_process>
</trial>
</experiment>
</problem_solving>
</thinking>
</inquiry>
</process>
 · <process wordnetid="105701363" confidence="0.8">
<inquiry wordnetid="105797597" confidence="0.8">
<thinking wordnetid="105770926" confidence="0.8">
<problem_solving wordnetid="105796750" confidence="0.8">
<experiment wordnetid="105798043" confidence="0.8">
<trial wordnetid="105799212" confidence="0.8">
<higher_cognitive_process wordnetid="105770664" confidence="0.8">
<link xlink:type="simple" xlink:href="../216/4621216.xml">
Wheel factorization</link></higher_cognitive_process>
</trial>
</experiment>
</problem_solving>
</thinking>
</inquiry>
</process>
</col>
</row>
<row style="height:2px">

</row>
<row>
<col style=";;" class="navbox-group">
<statement wordnetid="106722453" confidence="0.8">
<message wordnetid="106598915" confidence="0.8">
<premise wordnetid="106753800" confidence="0.8">
<postulate wordnetid="106753299" confidence="0.8">
<proposition wordnetid="106750804" confidence="0.8">
<link xlink:type="simple" xlink:href="../491/15491.xml">
Integer factorization</link></proposition>
</postulate>
</premise>
</message>
</statement>
algorithms</col>
<col style="text-align:left;border-left:2px solid #fdfdfd;width:100%;padding:0px;;;" class="navbox-list navbox-odd">
<link xlink:type="simple" xlink:href="../392/1335392.xml">
CFRAC</link> · <event wordnetid="100029378" confidence="0.8">
<rule wordnetid="105846932" confidence="0.8">
<act wordnetid="100030358" confidence="0.8">
<psychological_feature wordnetid="100023100" confidence="0.8">
<procedure wordnetid="101023820" confidence="0.8">
<activity wordnetid="100407535" confidence="0.8">
<algorithm wordnetid="105847438" confidence="0.8">
<link xlink:type="simple" xlink:href="../877/1033877.xml">
Dixon's</link></algorithm>
</activity>
</procedure>
</psychological_feature>
</act>
</rule>
</event>
 · <region wordnetid="108630985" confidence="0.8">
<field wordnetid="108569998" confidence="0.8">
<location wordnetid="100027167" confidence="0.8">
<tract wordnetid="108673395" confidence="0.8">
<event wordnetid="100029378" confidence="0.8">
<rule wordnetid="105846932" confidence="0.8">
<geographical_area wordnetid="108574314" confidence="0.8">
<act wordnetid="100030358" confidence="0.8">
<psychological_feature wordnetid="100023100" confidence="0.8">
<procedure wordnetid="101023820" confidence="0.8">
<activity wordnetid="100407535" confidence="0.8">
<algorithm wordnetid="105847438" confidence="0.8">
<link xlink:type="simple" xlink:href="../212/154212.xml">
ECM</link></algorithm>
</activity>
</procedure>
</psychological_feature>
</act>
</geographical_area>
</rule>
</event>
</tract>
</location>
</field>
</region>
 · <it><event wordnetid="100029378" confidence="0.8">
<rule wordnetid="105846932" confidence="0.8">
<act wordnetid="100030358" confidence="0.8">
<psychological_feature wordnetid="100023100" confidence="0.8">
<procedure wordnetid="101023820" confidence="0.8">
<activity wordnetid="100407535" confidence="0.8">
<algorithm wordnetid="105847438" confidence="0.8">
<link xlink:type="simple" xlink:href="../069/15822069.xml">
Euler's</link></algorithm>
</activity>
</procedure>
</psychological_feature>
</act>
</rule>
</event>
</it> · <it><event wordnetid="100029378" confidence="0.8">
<rule wordnetid="105846932" confidence="0.8">
<act wordnetid="100030358" confidence="0.8">
<psychological_feature wordnetid="100023100" confidence="0.8">
<procedure wordnetid="101023820" confidence="0.8">
<activity wordnetid="100407535" confidence="0.8">
<algorithm wordnetid="105847438" confidence="0.8">
<link xlink:type="simple" xlink:href="../668/580668.xml">
Pollard's rho</link></algorithm>
</activity>
</procedure>
</psychological_feature>
</act>
</rule>
</event>
</it> · <it><event wordnetid="100029378" confidence="0.8">
<rule wordnetid="105846932" confidence="0.8">
<act wordnetid="100030358" confidence="0.8">
<psychological_feature wordnetid="100023100" confidence="0.8">
<procedure wordnetid="101023820" confidence="0.8">
<activity wordnetid="100407535" confidence="0.8">
<algorithm wordnetid="105847438" confidence="0.8">
<link xlink:type="simple" xlink:href="../753/578753.xml">
P − 1</link></algorithm>
</activity>
</procedure>
</psychological_feature>
</act>
</rule>
</event>
</it> · <it><event wordnetid="100029378" confidence="0.8">
<rule wordnetid="105846932" confidence="0.8">
<act wordnetid="100030358" confidence="0.8">
<psychological_feature wordnetid="100023100" confidence="0.8">
<procedure wordnetid="101023820" confidence="0.8">
<activity wordnetid="100407535" confidence="0.8">
<algorithm wordnetid="105847438" confidence="0.8">
<link xlink:type="simple" xlink:href="../573/1916573.xml">
P + 1</link></algorithm>
</activity>
</procedure>
</psychological_feature>
</act>
</rule>
</event>
</it> · <link xlink:type="simple" xlink:href="../340/582340.xml">
QS</link> · <link xlink:type="simple" xlink:href="../734/152734.xml">
GNFS</link> · <it><link xlink:type="simple" xlink:href="../132/589132.xml">
SNFS</link></it> · <link xlink:type="simple" xlink:href="../510/2608510.xml">
rational sieve</link> · <event wordnetid="100029378" confidence="0.8">
<rule wordnetid="105846932" confidence="0.8">
<act wordnetid="100030358" confidence="0.8">
<psychological_feature wordnetid="100023100" confidence="0.8">
<procedure wordnetid="101023820" confidence="0.8">
<activity wordnetid="100407535" confidence="0.8">
<algorithm wordnetid="105847438" confidence="0.8">
<link xlink:type="simple" xlink:href="../433/2132433.xml">
Fermat's</link></algorithm>
</activity>
</procedure>
</psychological_feature>
</act>
</rule>
</event>
 · <event wordnetid="100029378" confidence="0.8">
<rule wordnetid="105846932" confidence="0.8">
<act wordnetid="100030358" confidence="0.8">
<psychological_feature wordnetid="100023100" confidence="0.8">
<procedure wordnetid="101023820" confidence="0.8">
<activity wordnetid="100407535" confidence="0.8">
<algorithm wordnetid="105847438" confidence="0.8">
<link xlink:type="simple" xlink:href="../328/3387328.xml">
Shanks' square forms</link></algorithm>
</activity>
</procedure>
</psychological_feature>
</act>
</rule>
</event>
 · <problem_solving wordnetid="105796750" confidence="0.8">
<algorithm wordnetid="105847438" confidence="0.8">
<process wordnetid="105701363" confidence="0.8">
<inquiry wordnetid="105797597" confidence="0.8">
<thinking wordnetid="105770926" confidence="0.8">
<event wordnetid="100029378" confidence="0.8">
<experiment wordnetid="105798043" confidence="0.8">
<rule wordnetid="105846932" confidence="0.8">
<act wordnetid="100030358" confidence="0.8">
<trial wordnetid="105799212" confidence="0.8">
<psychological_feature wordnetid="100023100" confidence="0.8">
<activity wordnetid="100407535" confidence="0.8">
<procedure wordnetid="101023820" confidence="0.8">
<higher_cognitive_process wordnetid="105770664" confidence="0.8">
<link xlink:type="simple" xlink:href="../660/557660.xml">
Trial division</link></higher_cognitive_process>
</procedure>
</activity>
</psychological_feature>
</trial>
</act>
</rule>
</experiment>
</event>
</thinking>
</inquiry>
</process>
</algorithm>
</problem_solving>
 · <event wordnetid="100029378" confidence="0.8">
<rule wordnetid="105846932" confidence="0.8">
<act wordnetid="100030358" confidence="0.8">
<psychological_feature wordnetid="100023100" confidence="0.8">
<procedure wordnetid="101023820" confidence="0.8">
<activity wordnetid="100407535" confidence="0.8">
<algorithm wordnetid="105847438" confidence="0.8">
<link xlink:type="simple" xlink:href="../674/42674.xml">
Shor's algorithm</link></algorithm>
</activity>
</procedure>
</psychological_feature>
</act>
</rule>
</event>
</col>
</row>
<row style="height:2px">

</row>
<row>
<col style=";;" class="navbox-group">
Other algorithms</col>
<col style="text-align:left;border-left:2px solid #fdfdfd;width:100%;padding:0px;;;" class="navbox-list navbox-even">
<event wordnetid="100029378" confidence="0.8">
<rule wordnetid="105846932" confidence="0.8">
<act wordnetid="100030358" confidence="0.8">
<psychological_feature wordnetid="100023100" confidence="0.8">
<procedure wordnetid="101023820" confidence="0.8">
<activity wordnetid="100407535" confidence="0.8">
<algorithm wordnetid="105847438" confidence="0.8">
<link xlink:type="simple" xlink:href="../814/3975814.xml">
Ancient Egyptian multiplication</link></algorithm>
</activity>
</procedure>
</psychological_feature>
</act>
</rule>
</event>
 · <event wordnetid="100029378" confidence="0.8">
<rule wordnetid="105846932" confidence="0.8">
<act wordnetid="100030358" confidence="0.8">
<psychological_feature wordnetid="100023100" confidence="0.8">
<procedure wordnetid="101023820" confidence="0.8">
<activity wordnetid="100407535" confidence="0.8">
<algorithm wordnetid="105847438" confidence="0.8">
<link xlink:type="simple" xlink:href="../197/4039197.xml">
Aryabhata</link></algorithm>
</activity>
</procedure>
</psychological_feature>
</act>
</rule>
</event>
 · <link xlink:type="simple" xlink:href="../410/985410.xml">
Binary GCD</link> · <link xlink:type="simple" xlink:href="../658/4050658.xml">
Chakravala</link> · <event wordnetid="100029378" confidence="0.8">
<rule wordnetid="105846932" confidence="0.8">
<act wordnetid="100030358" confidence="0.8">
<psychological_feature wordnetid="100023100" confidence="0.8">
<procedure wordnetid="101023820" confidence="0.8">
<activity wordnetid="100407535" confidence="0.8">
<algorithm wordnetid="105847438" confidence="0.8">
<link xlink:type="simple" xlink:href="../377/10377.xml">
Euclidean</link></algorithm>
</activity>
</procedure>
</psychological_feature>
</act>
</rule>
</event>
 · <event wordnetid="100029378" confidence="0.8">
<rule wordnetid="105846932" confidence="0.8">
<act wordnetid="100030358" confidence="0.8">
<psychological_feature wordnetid="100023100" confidence="0.8">
<procedure wordnetid="101023820" confidence="0.8">
<activity wordnetid="100407535" confidence="0.8">
<algorithm wordnetid="105847438" confidence="0.8">
<link xlink:type="simple" xlink:href="../438/99438.xml">
Extended Euclidean</link></algorithm>
</activity>
</procedure>
</psychological_feature>
</act>
</rule>
</event>
 · <link xlink:type="simple" xlink:href="../054/13644054.xml">
integer relation algorithm</link> · <link xlink:type="simple" xlink:href="../655/981655.xml">
integer square root</link> · <event wordnetid="100029378" confidence="0.8">
<rule wordnetid="105846932" confidence="0.8">
<act wordnetid="100030358" confidence="0.8">
<psychological_feature wordnetid="100023100" confidence="0.8">
<procedure wordnetid="101023820" confidence="0.8">
<activity wordnetid="100407535" confidence="0.8">
<algorithm wordnetid="105847438" confidence="0.8">
<link xlink:type="simple" xlink:href="../032/903032.xml">
Modular exponentiation</link></algorithm>
</activity>
</procedure>
</psychological_feature>
</act>
</rule>
</event>
 · <event wordnetid="100029378" confidence="0.8">
<rule wordnetid="105846932" confidence="0.8">
<act wordnetid="100030358" confidence="0.8">
<psychological_feature wordnetid="100023100" confidence="0.8">
<procedure wordnetid="101023820" confidence="0.8">
<activity wordnetid="100407535" confidence="0.8">
<algorithm wordnetid="105847438" confidence="0.8">
<link xlink:type="simple" xlink:href="../375/3667375.xml">
Shanks-Tonelli</link></algorithm>
</activity>
</procedure>
</psychological_feature>
</act>
</rule>
</event>
</col>
</row>
<row style="height:2px;">

</row>
<row>
<col colspan="2" style=";" class="navbox-abovebelow">
<it>Italics</it> indicate that algorithm is for numbers of special forms; <b>bold</b> indicates <link xlink:type="simple" xlink:href="../951/665951.xml">
deterministic algorithm</link>for primality tests.</col>
</row>
</table>
</col>
</row>
</table>
</p>



</sec>
</bdy>
</algorithm>
</proposition>
</postulate>
</premise>
</message>
</statement>
</article>
