<?xml version="1.0" encoding="UTF-8"?>
<!-- generated by CLiX/Wiki2XML [MPI-Inf, MMCI@UdS] $LastChangedRevision: 92 $ on 16.04.2009 16:21:38[mciao0826] -->
<!DOCTYPE article SYSTEM "../article.dtd">
<article xmlns:xlink="http://www.w3.org/1999/xlink">
<header>
<title>Zing</title>
<id>155334</id>
<revision>
<id>244643442</id>
<timestamp>2008-10-11T21:06:26Z</timestamp>
<contributor>
<username>Angela</username>
<id>8551</id>
</contributor>
</revision>
<categories>
<category>All disambiguation pages</category>
<category>Disambiguation pages</category>
</categories>
</header>
<bdy>

<b>Zing</b> may refer to:
<list>
<entry level="1" type="bullet">

 <link xlink:type="simple" xlink:href="../594/4585594.xml">
Zing (punctuation)</link></entry>
<entry level="1" type="bullet">

 <software wordnetid="106566077" confidence="0.9508927676800064">
<link xlink:type="simple" xlink:href="../111/2542111.xml">
Zing Technologies</link></software>
, a company that makes collaborative team learning and meeting systems</entry>
<entry level="1" type="bullet">

 <link>
Zing (Broadband)</link>, a wireless internet provider based in Detroit, MI</entry>
<entry level="1" type="bullet">

 <message wordnetid="106598915" confidence="0.8">
<protocol wordnetid="106665108" confidence="0.8">
<direction wordnetid="106786629" confidence="0.8">
<rule wordnetid="106652242" confidence="0.8">
<link xlink:type="simple" xlink:href="../538/1114538.xml">
Z39.50</link></rule>
</direction>
</protocol>
</message>
 International Next Generation, a standard for information retrieval supported by the United States Library of Congress</entry>
<entry level="1" type="bullet">

 <physical_entity wordnetid="100001930" confidence="0.8">
<person wordnetid="100007846" confidence="0.8">
<drummer wordnetid="110036929" confidence="0.8">
<performer wordnetid="110415638" confidence="0.8">
<musician wordnetid="110340312" confidence="0.8">
<causal_agent wordnetid="100007347" confidence="0.8">
<entertainer wordnetid="109616922" confidence="0.8">
<percussionist wordnetid="110415037" confidence="0.8">
<link xlink:type="simple" xlink:href="../157/3680157.xml">
Steve Zing</link></percussionist>
</entertainer>
</causal_agent>
</musician>
</performer>
</drummer>
</person>
</physical_entity>
 (born 1964), drummer for <it>Implosion</it>, <it>Mourning Noise</it>, <it>The Undead</it> and <it>Samhain''</it></entry>
<entry level="1" type="bullet">

 <music wordnetid="107020895" confidence="0.8">
<song wordnetid="107048000" confidence="0.8">
<auditory_communication wordnetid="107109019" confidence="0.8">
<musical_composition wordnetid="107037465" confidence="0.8">
<link xlink:type="simple" xlink:href="../559/3348559.xml">
Zing A Little Zong</link></musical_composition>
</auditory_communication>
</song>
</music>
, a popular song from the 1952 movie <it>Just for You''</it></entry>
<entry level="1" type="bullet">

 A "flavoured juice" brand, by <link xlink:type="simple" xlink:href="../618/667618.xml">
New Zealand Dairy Foods</link></entry>
<entry level="1" type="bullet">

 <web_site wordnetid="106359193" confidence="0.9508927676800064">
<link xlink:type="simple" xlink:href="../616/15939616.xml">
Zing.vn</link></web_site>
 (the portal of VinaGame company)</entry>
<entry level="1" type="bullet">

 <person wordnetid="100007846" confidence="0.9638700866880419">
<link xlink:type="simple" xlink:href="../332/18436332.xml">
Zing (makeup artist)</link></person>
, a <country wordnetid="108544813" confidence="0.9508927676800064">
<link xlink:type="simple" xlink:href="../318/27318.xml">
Singapore</link></country>
-born (b. 1970) and <country wordnetid="108544813" confidence="0.9508927676800064">
<link xlink:type="simple" xlink:href="../404/13404.xml">
Hong Kong</link></country>
 based <link xlink:type="simple" xlink:href="../005/3768005.xml">
makeup artist</link></entry>
<entry level="1" type="bullet">

 <link>
Zing (book)</link>, a book on creativity and ideas by Sam Harrison</entry>
<entry level="1" type="bullet">

 A brand of "<substance wordnetid="100020090" confidence="0.8">
<substance wordnetid="100019613" confidence="0.8">
<idea wordnetid="105833840" confidence="0.8">
<concept wordnetid="105835747" confidence="0.8">
<category wordnetid="105838765" confidence="0.8">
<liquid wordnetid="114940386" confidence="0.8">
<fluid wordnetid="114939900" confidence="0.8">
<beverage wordnetid="107881800" confidence="0.8">
<food wordnetid="100021265" confidence="0.8">
<type wordnetid="105840188" confidence="0.8">
<part wordnetid="113809207" confidence="0.8">
<kind wordnetid="105839024" confidence="0.8">
<link xlink:type="simple" xlink:href="../640/21640.xml">
near beer</link></kind>
</part>
</type>
</food>
</beverage>
</fluid>
</liquid>
</category>
</concept>
</idea>
</substance>
</substance>
" formerly made by the <name wordnetid="106333653" confidence="0.8">
<company wordnetid="108058098" confidence="0.8">
<trade_name wordnetid="106845599" confidence="0.8">
<part wordnetid="113809207" confidence="0.8">
<language_unit wordnetid="106284225" confidence="0.8">
<institution wordnetid="108053576" confidence="0.8">
<link xlink:type="simple" xlink:href="../682/4615682.xml">
G. Heileman Brewing Company</link></institution>
</language_unit>
</part>
</trade_name>
</company>
</name>
</entry>
</list>

<p>

<table style="background:none">
<row>
<col style="vertical-align:middle;">
<image width="30px" src="Disambig_gray.svg">
</image>
</col>
<col style="vertical-align:middle;">
<it>This  page lists articles associated with the same title. If an <weblink xlink:type="simple" xlink:href="http://localhost:18088/wiki/index.php?title=Special:Whatlinkshere/Zing&amp;namespace=0">
internal link</weblink>led you here, you may wish to change the link to point directly to the intended article.''</it></col>
</row>
</table>

</p>
</bdy>
</article>
