<?xml version="1.0" encoding="UTF-8"?>
<!-- generated by CLiX/Wiki2XML [MPI-Inf, MMCI@UdS] $LastChangedRevision: 92 $ on 16.04.2009 16:21:46[mciao0826] -->
<!DOCTYPE article SYSTEM "../article.dtd">
<article xmlns:xlink="http://www.w3.org/1999/xlink">
<citizen  confidence="0.9511911446218017" wordnetid="109923673">
<alumnus  confidence="0.9511911446218017" wordnetid="109786338">
<screenwriter  confidence="0.9511911446218017" wordnetid="110564400">
<actor  confidence="0.9508927676800064" wordnetid="109765278">
<header>
<title>Julie Delpy</title>
<id>155979</id>
<revision>
<id>244529977</id>
<timestamp>2008-10-11T07:40:56Z</timestamp>
<contributor>
<username>All Hallow&amp;apos;s Wraith</username>
<id>5044346</id>
</contributor>
</revision>
<categories>
<category>New York University alumni</category>
<category>French television actors</category>
<category>Living people</category>
<category>1969 births</category>
<category>Women screenwriters</category>
<category>French film actors</category>
<category>Naturalized citizens of the United States</category>
<category>French screenwriters</category>
</categories>
</header>
<bdy>
<template>
<name>Infobox actor</name>
<parameters>

<image width="150px" src="">

</image>
<birthplace>
<site wordnetid="108651247" confidence="0.9508927676800064">
<link xlink:type="simple" xlink:href="../989/22989.xml">
Paris</link></site>
, <country wordnetid="108544813" confidence="0.9508927676800064">
<link xlink:type="simple" xlink:href="../419/5843419.xml">
France</link></country>
</birthplace>
<birthdate>
December 21, 1969 (1969-12-21) (age&nbsp;39)</birthdate>
<birthname>
Julie Delpy</birthname>
<yearsactive>
<fundamental_quantity wordnetid="113575869" confidence="0.8">
<time_period wordnetid="115113229" confidence="0.8">
<year wordnetid="115203791" confidence="0.8">
<link xlink:type="simple" xlink:href="../657/171657.xml">
1978</link></year>
</time_period>
</fundamental_quantity>
 – present</yearsactive>
</parameters>
</template>

<p>

<b>Julie Delpy</b> (born December 21, 1969) is a <country wordnetid="108544813" confidence="0.9508927676800064">
<link xlink:type="simple" xlink:href="../419/5843419.xml">
French</link></country>
 and American <link xlink:type="simple" xlink:href="../753/753.xml">
actress</link>, <link xlink:type="simple" xlink:href="../324/324.xml">
Academy Award</link>-nominated <link xlink:type="simple" xlink:href="../016/53016.xml">
screenwriter</link>, and occasional singer. She studied filmmaking at New York University's <school wordnetid="108276720" confidence="0.8">
<educational_institution wordnetid="108276342" confidence="0.8">
<institution wordnetid="108053576" confidence="0.8">
<link xlink:type="simple" xlink:href="../422/1156422.xml">
Tisch School of the Arts</link></institution>
</educational_institution>
</school>
, and has directed, written, and acted in more than 30 films. </p>

<sec>
<st>
 Early life </st>
<p>

Delpy was born in <site wordnetid="108651247" confidence="0.9508927676800064">
<link xlink:type="simple" xlink:href="../989/22989.xml">
Paris</link></site>
, the only child of Albert Delpy and Marie Pillet. Both her parents were actors in feature films and the <link xlink:type="simple" xlink:href="../095/76095.xml">
avant-garde</link> theater, and her father was a theater director. </p>
<p>

On the stages of Paris, Delpy's parents were involved in underground theater. At an early age, Julie was exposed to the arts. "I couldn't hope for better parents. They really raised me with a love of art, bringing me to museums and seeing things that a child wouldn't see at that age. I would see Ingmar Bergman movies when I was 9 and totally go for it. And they would bring me to see Francis Bacon's paintings, which I loved: so dark and at the same time it's so wonderful".<ref xlink:type="simple" xlink:href="#xpointer(//reflist/entry[@id=%221%22])">1</ref></p>
<p>

Encouraged to perform by her bohemian-minded parents, Delpy made her stage debut at the age of five.<ref xlink:type="simple" xlink:href="#xpointer(//reflist/entry[@id=%222%22])">2</ref></p>

</sec>
<sec>
<st>
 Film career </st>
<p>

At age fourteen Delpy obtained a role in the film <it>Detective</it>, directed by <cameraman wordnetid="109889539" confidence="0.9173553029164789">
<person wordnetid="100007846" confidence="0.9508927676800064">
<actor wordnetid="109765278" confidence="0.9508927676800064">
<link xlink:type="simple" xlink:href="../368/60368.xml">
Jean-Luc Godard</link></actor>
</person>
</cameraman>
. Two years later, Delpy was cast in the title role in the film <it>Beatrice</it>, and used the money she earned to pay for her first trip to <village wordnetid="108672738" confidence="0.9508927676800064">
<link xlink:type="simple" xlink:href="../042/645042.xml">
New York City</link></village>
. Delpy continued making regular trips to New York over the next few years, before finally moving there in 1990. Delpy became an international celebrity after starring in the 1990 film <it><movie wordnetid="106613686" confidence="0.9508927676800064">
<link xlink:type="simple" xlink:href="../801/459801.xml">
Europa Europa</link></movie>
</it>. In the film, she plays a pro-<link xlink:type="simple" xlink:href="../036/18404036.xml">
Nazi</link> girl, Leni, who falls in love with the hero, <physical_entity wordnetid="100001930" confidence="0.8">
<communicator wordnetid="109610660" confidence="0.8">
<person wordnetid="100007846" confidence="0.8">
<causal_agent wordnetid="100007347" confidence="0.8">
<writer wordnetid="110794014" confidence="0.8">
<link xlink:type="simple" xlink:href="../131/2104131.xml">
Solomon Perel</link></writer>
</causal_agent>
</person>
</communicator>
</physical_entity>
, not knowing that he is <group wordnetid="100031264" confidence="0.8">
<people wordnetid="107942152" confidence="0.8">
<link xlink:type="simple" xlink:href="../913/15913.xml">
Jew</link></people>
</group>
ish. She had to speak fluent German for the part.</p>
<p>

Delpy was subsequently given offers to appear in several <link xlink:type="simple" xlink:href="../849/53849.xml">
Hollywood</link> and <link xlink:type="simple" xlink:href="../239/9239.xml">
Europe</link>an films. In 1993, she was cast by director <link>
Krzysztof Kieślowski</link> to play the female lead in , the second film of Kieślowski's Three Colors Trilogy; Delpy also appeared in the other films in the series, albeit in smaller roles. She has starred in many American and European productions since then, including <link xlink:type="simple" xlink:href="../398/37398.xml">
Disney</link>'s <it><movie wordnetid="106613686" confidence="0.9508927676800064">
<link xlink:type="simple" xlink:href="../913/1962913.xml">
The Three Musketeers</link></movie>
</it> (1993) and <it><movie wordnetid="106613686" confidence="0.9508927676800064">
<link xlink:type="simple" xlink:href="../968/663968.xml">
Killing Zoe</link></movie>
</it> (1994). Delpy may be best known internationally for her co-starring role with <person wordnetid="100007846" confidence="0.9508927676800064">
<actor wordnetid="109765278" confidence="0.9508927676800064">
<link xlink:type="simple" xlink:href="../120/164120.xml">
Ethan Hawke</link></actor>
</person>
 in director <film_director wordnetid="110088200" confidence="0.9173553029164789">
<screenwriter wordnetid="110564400" confidence="0.9173553029164789">
<actor wordnetid="109765278" confidence="0.9173553029164789">
<film_maker wordnetid="110088390" confidence="0.9173553029164789">
<link xlink:type="simple" xlink:href="../000/805000.xml">
Richard Linklater</link></film_maker>
</actor>
</screenwriter>
</film_director>
's 1995 film, <it><movie wordnetid="106613686" confidence="0.9508927676800064">
<link xlink:type="simple" xlink:href="../053/805053.xml">
Before Sunrise</link></movie>
</it>. The film received glowing reviews<ref xlink:type="simple" xlink:href="#xpointer(//reflist/entry[@id=%223%22])">3</ref> and was considered one of the most significant films of the <link xlink:type="simple" xlink:href="../695/378695.xml">
independent film</link> movement of the 1990s. Its success led to the casting of Delpy in the <fundamental_quantity wordnetid="113575869" confidence="0.8">
<time_period wordnetid="115113229" confidence="0.8">
<year wordnetid="115203791" confidence="0.8">
<link xlink:type="simple" xlink:href="../572/169572.xml">
1997</link></year>
</time_period>
</fundamental_quantity>
 American film, <it><movie wordnetid="106613686" confidence="0.9508927676800064">
<link xlink:type="simple" xlink:href="../840/737840.xml">
An American Werewolf in Paris</link></movie>
</it>, generally considered a disappointment by critics.<ref xlink:type="simple" xlink:href="#xpointer(//reflist/entry[@id=%224%22])">4</ref></p>
<p>

In late 2001, she filmed alongside comedian <comedian wordnetid="109940146" confidence="0.9173553029164789">
<manufacturer wordnetid="110292316" confidence="0.9173553029164789">
<singer wordnetid="110599806" confidence="0.9173553029164789">
<screenwriter wordnetid="110564400" confidence="0.9173553029164789">
<actor wordnetid="109765278" confidence="0.9173553029164789">
<link xlink:type="simple" xlink:href="../149/315149.xml">
Martin Short</link></actor>
</screenwriter>
</singer>
</manufacturer>
</comedian>
 for the 30-minute film of <link>
CinéMagique</link>, a theatre-show attraction presented several times daily at <studio wordnetid="104344246" confidence="0.8">
<region wordnetid="108630985" confidence="0.8">
<point wordnetid="108620061" confidence="0.8">
<geographic_point wordnetid="108578706" confidence="0.8">
<park wordnetid="108615374" confidence="0.8">
<park wordnetid="108615149" confidence="0.8">
<location wordnetid="100027167" confidence="0.8">
<tract wordnetid="108673395" confidence="0.8">
<workplace wordnetid="104602044" confidence="0.8">
<geographical_area wordnetid="108574314" confidence="0.8">
<amusement_park wordnetid="108494231" confidence="0.8">
<link xlink:type="simple" xlink:href="../850/1165850.xml">
Walt Disney Studios Park</link></amusement_park>
</geographical_area>
</workplace>
</tract>
</location>
</park>
</park>
</geographic_point>
</point>
</region>
</studio>
 in <region wordnetid="108630985" confidence="0.8">
<park wordnetid="108615374" confidence="0.8">
<location wordnetid="100027167" confidence="0.8">
<tract wordnetid="108673395" confidence="0.8">
<event wordnetid="100029378" confidence="0.8">
<social_event wordnetid="107288639" confidence="0.8">
<show wordnetid="106619065" confidence="0.8">
<geographical_area wordnetid="108574314" confidence="0.8">
<psychological_feature wordnetid="100023100" confidence="0.8">
<attraction wordnetid="106615561" confidence="0.8">
<amusement_park wordnetid="108494231" confidence="0.8">
<link xlink:type="simple" xlink:href="../286/76286.xml">
Disneyland Resort Paris</link></amusement_park>
</attraction>
</psychological_feature>
</geographical_area>
</show>
</social_event>
</event>
</tract>
</location>
</park>
</region>
. Delpy attended the March 2002 opening of the park and the inauguration of the film-based attraction, which sees her star as Marguerite - a female actress with whom Short's character, George, falls in love as he stumbles through countless classic movies. <link>
CinéMagique</link> won the coveted 2002 <link xlink:type="simple" xlink:href="../621/2854621.xml">
Themed Entertainment Association award</link> for "outstanding" themed attraction. Delpy reprised her <it>Before Sunrise</it> character, Céline, with a brief animated appearance in 2001's <it><movie wordnetid="106613686" confidence="0.9508927676800064">
<link xlink:type="simple" xlink:href="../752/244752.xml">
Waking Life</link></movie>
</it>, and again in a 2004 sequel, <it><movie wordnetid="106613686" confidence="0.9508927676800064">
<link xlink:type="simple" xlink:href="../120/805120.xml">
Before Sunset</link></movie>
</it>. The latter film was well-received and earned Delpy, who co-wrote the script, her first <link xlink:type="simple" xlink:href="../324/324.xml">
Academy Award</link> nomination for <product wordnetid="104007894" confidence="0.8">
<creation wordnetid="103129123" confidence="0.8">
<artifact wordnetid="100021939" confidence="0.8">
<symbol wordnetid="106806469" confidence="0.8">
<event wordnetid="100029378" confidence="0.8">
<social_event wordnetid="107288639" confidence="0.8">
<movie wordnetid="106613686" confidence="0.8">
<award wordnetid="106696483" confidence="0.8">
<signal wordnetid="106791372" confidence="0.8">
<show wordnetid="106619065" confidence="0.8">
<psychological_feature wordnetid="100023100" confidence="0.8">
<link xlink:type="simple" xlink:href="../845/61845.xml">
Writing Adapted Screenplay</link></psychological_feature>
</show>
</signal>
</award>
</movie>
</social_event>
</event>
</symbol>
</artifact>
</creation>
</product>
. In addition, she has been nominated for César Awards three times.</p>

</sec>
<sec>
<st>
 Writing and directing </st>

<p>

Delpy has also had an interest in a career as a film director since her childhood, and enrolled in a summer directing course at <university wordnetid="108286163" confidence="0.9508927676800064">
<link xlink:type="simple" xlink:href="../455/7954455.xml">
New York University</link></university>
. She wrote and directed the short film <it><link>
Blah Blah Blah</link></it> (1995), which screened at the <fundamental_quantity wordnetid="113575869" confidence="0.8">
<time_period wordnetid="115113229" confidence="0.8">
<diversion wordnetid="100426928" confidence="0.8">
<event wordnetid="100029378" confidence="0.8">
<film_festival wordnetid="100517418" confidence="0.8">
<festival wordnetid="115162388" confidence="0.8">
<festival wordnetid="100517728" confidence="0.8">
<celebration wordnetid="100428000" confidence="0.8">
<act wordnetid="100030358" confidence="0.8">
<psychological_feature wordnetid="100023100" confidence="0.8">
<activity wordnetid="100407535" confidence="0.8">
<link xlink:type="simple" xlink:href="../188/29188.xml">
Sundance Film Festival</link></activity>
</psychological_feature>
</act>
</celebration>
</festival>
</festival>
</film_festival>
</event>
</diversion>
</time_period>
</fundamental_quantity>
. She made her <link xlink:type="simple" xlink:href="../054/3898054.xml">
feature length</link> directorial debut in 2002, with a film entitled <it><link>
Looking for Jimmy</link></it>, which she also wrote and produced. 2007 saw the release of <it><movie wordnetid="106613686" confidence="0.9508927676800064">
<link xlink:type="simple" xlink:href="../086/13048086.xml">
2 Days in Paris</link></movie>
</it> in which Delpy not only starred in the film (with <person wordnetid="100007846" confidence="0.9508927676800064">
<actor wordnetid="109765278" confidence="0.9508927676800064">
<link xlink:type="simple" xlink:href="../466/865466.xml">
Adam Goldberg</link></actor>
</person>
), but also directed, wrote, edited, co-produced it and wrote the original music. The film also features Delpy's real-life parents, Marie Pillet and Albert Delpy.</p>

</sec>
<sec>
<st>
 Music </st>
<p>

Delpy is also a musical artist. She released a self-titled <link xlink:type="simple" xlink:href="../429/6429.xml">
CD</link> in 2003. Three tracks from the album, "<it>A Waltz For A Night</it>", "<it>An Ocean Apart</it>" and "<it>Je t'aime tant</it>" were featured in <it>Before Sunset</it>.</p>

</sec>
<sec>
<st>
 Personal life </st>
<p>

Delpy lives in <link xlink:type="simple" xlink:href="../110/18110.xml">
Los Angeles</link>, <country wordnetid="108544813" confidence="0.9508927676800064">
<link xlink:type="simple" xlink:href="../407/5407.xml">
California</link></country>
, and has been a naturalized citizen of the United States since 2001, although she also retains her French citizenship.<ref xlink:type="simple" xlink:href="#xpointer(//reflist/entry[@id=%225%22])">5</ref> She loves sewing and making her own clothes.</p>

</sec>
<sec>
<st>
Filmography</st>


<p>

<table style="background:transparent; width:100%;" cellpadding="0" class=" multicol" cellspacing="0">
<row>
<col align="left" width="" valign="top">
<list>
<entry level="1" type="bullet">

 <it><link>
Civil Wars in France</link></it> (1978) (as Julie Pillet)</entry>
<entry level="1" type="bullet">

 <it><link>
Niveau moins trois</link></it> (1982) </entry>
<entry level="1" type="bullet">

 <it><link>
Classique</link></it> (1985) </entry>
<entry level="1" type="bullet">

 <it><link>
Détective</link></it> (1985), Wise young girl</entry>
<entry level="1" type="bullet">

 <it><link>
L'Amour ou presque</link></it> (1985), Mélie</entry>
<entry level="1" type="bullet">

 <it><movie wordnetid="106613686" confidence="0.9508927676800064">
<link xlink:type="simple" xlink:href="../943/8695943.xml">
Bad Blood</link></movie>
</it> (1986), Lise</entry>
<entry level="1" type="bullet">

 <it><link xlink:type="simple" xlink:href="../549/17799549.xml">
Beatrice</link></it> (1987), Béatrice de Cortemart</entry>
<entry level="1" type="bullet">

 <it><trouble wordnetid="107289014" confidence="0.8">
<misfortune wordnetid="107304852" confidence="0.8">
<happening wordnetid="107283608" confidence="0.8">
<event wordnetid="100029378" confidence="0.8">
<dramatic_composition wordnetid="107007684" confidence="0.8">
<play wordnetid="107007945" confidence="0.8">
<calamity wordnetid="107314838" confidence="0.8">
<written_communication wordnetid="106349220" confidence="0.8">
<writing wordnetid="106362953" confidence="0.8">
<psychological_feature wordnetid="100023100" confidence="0.8">
<link xlink:type="simple" xlink:href="../721/55721.xml">
King Lear</link></psychological_feature>
</writing>
</written_communication>
</calamity>
</play>
</dramatic_composition>
</event>
</happening>
</misfortune>
</trouble>
</it> (1987) (uncredited), Virginia</entry>
<entry level="1" type="bullet">

 <it><link>
The Other Night</link></it> (1988), Marie</entry>
<entry level="1" type="bullet">

 <it><link>
The Dark Night of the Soul</link></it> (1989), Virgin Mary</entry>
<entry level="1" type="bullet">

 <it><link xlink:type="simple" xlink:href="../398/236398.xml">
Trouble</link></it> (1989/II) </entry>
<entry level="1" type="bullet">

 <it><movie wordnetid="106613686" confidence="0.9508927676800064">
<link xlink:type="simple" xlink:href="../801/459801.xml">
Europa Europa</link></movie>
</it> (1990), Leni</entry>
<entry level="1" type="bullet">

 <it><link>
Les Dents de ma mère</link></it> (1991), Julie</entry>
<entry level="1" type="bullet">

 <it><product wordnetid="104007894" confidence="0.8">
<creation wordnetid="103129123" confidence="0.8">
<artifact wordnetid="100021939" confidence="0.8">
<event wordnetid="100029378" confidence="0.8">
<social_event wordnetid="107288639" confidence="0.8">
<movie wordnetid="106613686" confidence="0.8">
<show wordnetid="106619065" confidence="0.8">
<psychological_feature wordnetid="100023100" confidence="0.8">
<link xlink:type="simple" xlink:href="../744/4372744.xml">
The Voyager</link></psychological_feature>
</show>
</movie>
</social_event>
</event>
</artifact>
</creation>
</product>
</it> (1991), Sabeth</entry>
<entry level="1" type="bullet">

 <it><link>
Warszawa. Année</link></it> 5703 (1992), Fryda</entry>
<entry level="1" type="bullet">

  (1993), Dominique</entry>
<entry level="1" type="bullet">

 <it><movie wordnetid="106613686" confidence="0.9508927676800064">
<link xlink:type="simple" xlink:href="../913/1962913.xml">
The Three Musketeers</link></movie>
</it> (1993), Constance</entry>
<entry level="1" type="bullet">

 <it><link xlink:type="simple" xlink:href="../817/19233817.xml">
Younger and Younger</link></it> (1993), Melodie</entry>
<entry level="1" type="bullet">

  (1994), Dominique</entry>
<entry level="1" type="bullet">

  (1994), Dominique</entry>
<entry level="1" type="bullet">

 <it><movie wordnetid="106613686" confidence="0.9508927676800064">
<link xlink:type="simple" xlink:href="../968/663968.xml">
Killing Zoe</link></movie>
</it> (1994), Zoe</entry>
<entry level="1" type="bullet">

 <it><change_of_state wordnetid="100199130" confidence="0.8">
<beginning wordnetid="100235435" confidence="0.8">
<event wordnetid="100029378" confidence="0.8">
<change wordnetid="100191142" confidence="0.8">
<action wordnetid="100037396" confidence="0.8">
<act wordnetid="100030358" confidence="0.8">
<psychological_feature wordnetid="100023100" confidence="0.8">
<introduction wordnetid="100238022" confidence="0.8">
<link xlink:type="simple" xlink:href="../079/3598079.xml">
Blah Blah Blah</link></introduction>
</psychological_feature>
</act>
</action>
</change>
</event>
</beginning>
</change_of_state>
</it> (1995) </entry>
<entry level="1" type="bullet">

 <it><movie wordnetid="106613686" confidence="0.9508927676800064">
<link xlink:type="simple" xlink:href="../053/805053.xml">
Before Sunrise</link></movie>
</it> (1995), Celine</entry>
<entry level="1" type="bullet">

 <it><link>
Tykho Moon</link></it> (1996), Lena</entry>
<entry level="1" type="bullet">

 <it><link>
Les Mille merveilles de l'univers</link></it> (1997), Eva Purpur</entry>
<entry level="1" type="bullet">

 <it><movie wordnetid="106613686" confidence="0.9508927676800064">
<link xlink:type="simple" xlink:href="../840/737840.xml">
An American Werewolf in Paris</link></movie>
</it> (1997), Serafine Pigot</entry>
</list>
</col>
<col align="left" width="" valign="top">
<list>
<entry level="1" type="bullet">

 <it><link>
Alleys and Motorways</link></it> (1997) (TV) </entry>
<entry level="1" type="bullet">

 <it><product wordnetid="104007894" confidence="0.8">
<creation wordnetid="103129123" confidence="0.8">
<artifact wordnetid="100021939" confidence="0.8">
<event wordnetid="100029378" confidence="0.8">
<social_event wordnetid="107288639" confidence="0.8">
<movie wordnetid="106613686" confidence="0.8">
<show wordnetid="106619065" confidence="0.8">
<psychological_feature wordnetid="100023100" confidence="0.8">
<link xlink:type="simple" xlink:href="../867/7644867.xml">
L.A. Without a Map</link></psychological_feature>
</show>
</movie>
</social_event>
</event>
</artifact>
</creation>
</product>
</it> (1998), Julie</entry>
<entry level="1" type="bullet">

 <it><link xlink:type="simple" xlink:href="../874/133874.xml">
Crime and Punishment</link></it> (1998) (TV), Sonia</entry>
<entry level="1" type="bullet">

 <it><link>
The Treat</link></it> (1998), Francesca</entry>
<entry level="1" type="bullet">

 <it><link xlink:type="simple" xlink:href="../960/2279960.xml">
True Love</link></it> (1999) (TV) </entry>
<entry level="1" type="bullet">

 <it><movie wordnetid="106613686" confidence="0.9508927676800064">
<link xlink:type="simple" xlink:href="../900/13007900.xml">
The Passion of Ayn Rand</link></movie>
</it> (1999), Barbara</entry>
<entry level="1" type="bullet">

 <it><movie wordnetid="106613686" confidence="0.9508927676800064">
<link xlink:type="simple" xlink:href="../156/770156.xml">
But I'm a Cheerleader</link></movie>
</it> (1999), Lipstick Lesbian</entry>
<entry level="1" type="bullet">

 <it><movie wordnetid="106613686" confidence="0.9508927676800064">
<link xlink:type="simple" xlink:href="../530/16663530.xml">
Sand</link></movie>
</it> (2000), Lill</entry>
<entry level="1" type="bullet">

 <it><movie wordnetid="106613686" confidence="0.9508927676800064">
<link xlink:type="simple" xlink:href="../313/5882313.xml">
Investigating Sex</link></movie>
</it> (2001), Chloe</entry>
<entry level="1" type="bullet">

 <it><region wordnetid="108630985" confidence="0.8">
<position wordnetid="108621598" confidence="0.8">
<point wordnetid="108620061" confidence="0.8">
<landmark wordnetid="108624891" confidence="0.8">
<park wordnetid="108615149" confidence="0.8">
<location wordnetid="100027167" confidence="0.8">
<tract wordnetid="108673395" confidence="0.8">
<geographical_area wordnetid="108574314" confidence="0.8">
<link xlink:type="simple" xlink:href="../396/140396.xml">
MacArthur Park</link></geographical_area>
</tract>
</location>
</park>
</landmark>
</point>
</position>
</region>
</it> (2001/I), Wendy</entry>
<entry level="1" type="bullet">

 <it><movie wordnetid="106613686" confidence="0.9508927676800064">
<link xlink:type="simple" xlink:href="../752/244752.xml">
Waking Life</link></movie>
</it> (2001), Celine</entry>
<entry level="1" type="bullet">

 <it><link xlink:type="simple" xlink:href="../227/19400227.xml">
Beginner's Luck</link></it> (2001), Anya</entry>
<entry level="1" type="bullet">

 <it><series wordnetid="108457976" confidence="0.9508927676800064">
<link xlink:type="simple" xlink:href="../153/177153.xml">
ER</link></series>
</it> (7 episodes, 2001), Nicole </entry>
<entry level="1" type="bullet">

 <it><link>
CinéMagique</link></it> (2002), Marguerite</entry>
<entry level="1" type="bullet">

 <it><link>
Villa des roses</link></it> (2002), Louise Créteur</entry>
<entry level="1" type="bullet">

 <it><link>
Looking for Jimmy</link></it> (2002), Al</entry>
<entry level="1" type="bullet">

 <it><link>
Notting Hill Anxiety Festival</link></it> (2003), Charlotte</entry>
<entry level="1" type="bullet">

 <it><movie wordnetid="106613686" confidence="0.9508927676800064">
<link xlink:type="simple" xlink:href="../120/805120.xml">
Before Sunset</link></movie>
</it> (2004), Celine</entry>
<entry level="1" type="bullet">

 <it><movie wordnetid="106613686" confidence="0.9508927676800064">
<link xlink:type="simple" xlink:href="../262/12259262.xml">
Frankenstein</link></movie>
</it> (2004) (TV mini-series), Caroline Frankenstein</entry>
<entry level="1" type="bullet">

 <it><album wordnetid="106591815" confidence="0.9508927676800064">
<movie wordnetid="106613686" confidence="0.9508927676800064">
<link xlink:type="simple" xlink:href="../012/1904012.xml">
Broken Flowers</link></movie>
</album>
</it> (2005), Sherry</entry>
<entry level="1" type="bullet">

 <it><movie wordnetid="106613686" confidence="0.9508927676800064">
<link xlink:type="simple" xlink:href="../397/15933397.xml">
3 &amp; 3</link></movie>
</it> (2005), Charlotte</entry>
<entry level="1" type="bullet">

 <it><product wordnetid="104007894" confidence="0.8">
<creation wordnetid="103129123" confidence="0.8">
<artifact wordnetid="100021939" confidence="0.8">
<event wordnetid="100029378" confidence="0.8">
<social_event wordnetid="107288639" confidence="0.8">
<movie wordnetid="106613686" confidence="0.8">
<show wordnetid="106619065" confidence="0.8">
<psychological_feature wordnetid="100023100" confidence="0.8">
<link xlink:type="simple" xlink:href="../771/7415771.xml">
The Legend of Lucy Keyes</link></psychological_feature>
</show>
</movie>
</social_event>
</event>
</artifact>
</creation>
</product>
</it> (2006), Jeanne Cooley</entry>
<entry level="1" type="bullet">

 <it><movie wordnetid="106613686" confidence="0.9508927676800064">
<link xlink:type="simple" xlink:href="../634/10370634.xml">
The Hoax</link></movie>
</it> (2006), Nina Van Pallandt</entry>
<entry level="1" type="bullet">

 <it><movie wordnetid="106613686" confidence="0.9508927676800064">
<link xlink:type="simple" xlink:href="../828/3140828.xml">
The Air I Breathe</link></movie>
</it> (2007), Gina</entry>
<entry level="1" type="bullet">

 <it><movie wordnetid="106613686" confidence="0.9508927676800064">
<link xlink:type="simple" xlink:href="../086/13048086.xml">
2 Days in Paris</link></movie>
</it> (2007), Marion</entry>
<entry level="1" type="bullet">

 <it><movie wordnetid="106613686" confidence="0.9508927676800064">
<link xlink:type="simple" xlink:href="../180/13412180.xml">
The Countess</link></movie>
</it> (2009), <link xlink:type="simple" xlink:href="../090/126090.xml">
Erzebet Bathory</link></entry>
</list>
</col>
</row>
</table>
</p>

</sec>
<sec>
<st>
 Awards </st>

<p>

<list>
<entry level="1" type="bullet">

 1987 César Award Nomination, Most Promising Actress for <it>Mauvais sang</it> (1986)</entry>
<entry level="1" type="bullet">

 1988 César Award Nomination, Most Promising Actress for <it>La Passion Béatrice</it> (1987)</entry>
<entry level="1" type="bullet">

 1991 European Film Award Nomination, Best Actress for <it>The Voyager</it> (1991)</entry>
<entry level="1" type="bullet">

 1995 MTV Movie Award Nomination, Best Kiss for <it>Before Sunrise</it> (1995)</entry>
<entry level="1" type="bullet">

 2004 San Francisco Film Critics Circle Award, Best Actress for <it>Before Sunset</it> (2004)</entry>
<entry level="1" type="bullet">

 2005 Academy Award Nomination, Best Writing, Adapted Screenplay for <it>Before Sunset</it> (2004)</entry>
<entry level="1" type="bullet">

 2005 Writers Guild of America Nomination, Best Adapted Screenplay for <it>Before Sunset</it> (2004)</entry>
<entry level="1" type="bullet">

 2005 Empire Award, Best Actress for <it>Before Sunset</it> (2004)</entry>
<entry level="1" type="bullet">

 2005 Independent Spirit Award Nomination, Best Screenplay for <it>Before Sunset</it> (2004)</entry>
<entry level="1" type="bullet">

 2005 Online Film Critics Society Award Nomination, Best Actress for <it>Before Sunset</it> (2004)</entry>
<entry level="1" type="bullet">

 2005 Online Film Critics Society Award Nomination, Best Screenplay, Adapted for <it>Before Sunset</it> (2004)</entry>
<entry level="1" type="bullet">

 2007 Mons International Festival of Love Films Award, Coup de Coeur for <it>2 Days in Paris</it> (2007)</entry>
<entry level="1" type="bullet">

 2008 César Award Nomination, Best Writing - Original for <it><movie wordnetid="106613686" confidence="0.9508927676800064">
<link xlink:type="simple" xlink:href="../086/13048086.xml">
2 Days in Paris</link></movie>
</it> (2007)</entry>
</list>
</p>

</sec>
<sec>
<st>
 References </st>

<p>

<reflist>
<entry id="1">
<weblink xlink:type="simple" xlink:href="http://www.julie-delpy.net/julie/family.php">
www.julie-delpy.net</weblink></entry>
<entry id="2">
<weblink xlink:type="simple" xlink:href="http://www.sfgate.com/cgi-bin/article.cgi?f=/c/a/2004/11/04/DDGJR9KHTB1.DTL">
Julie Delpy is bursting with feeling, full of words - and all that is propelling her beyond the screen</weblink></entry>
<entry id="3">
<weblink xlink:type="simple" xlink:href="http://www.rottentomatoes.com/m/before_sunrise/">
Before Sunrise Movie Reviews, Pictures - Rotten Tomatoes</weblink></entry>
<entry id="4">
<weblink xlink:type="simple" xlink:href="http://www.rottentomatoes.com/m/american_werewolf_in_paris/">
An American Werewolf in Paris Movie Reviews, Pictures - Rotten Tomatoes</weblink></entry>
<entry id="5">
<weblink xlink:type="simple" xlink:href="http://www.sfgate.com/cgi-bin/article.cgi?f=/c/a/2004/11/04/DDGJR9KHTB1.DTL">
Julie Delpy is bursting with feeling, full of words - and all that is propelling her beyond the screen</weblink></entry>
</reflist>

<list>
<entry level="1" type="bullet">

<weblink xlink:type="simple" xlink:href="http://movies.yahoo.com/movie/contributor/1800020228/bio">
Julie Delpy Biography - Yahoo! Movies</weblink></entry>
<entry level="1" type="bullet">

<weblink xlink:type="simple" xlink:href="http://www.allmovie.com/cg/avg.dll?p=avg&amp;sql=2:18491">
Julie Delpy</weblink> at <web_site wordnetid="106359193" confidence="0.9508927676800064">
<link xlink:type="simple" xlink:href="../027/1135027.xml">
Allmovie</link></web_site>
</entry>
</list>
</p>

</sec>
<sec>
<st>
 External links </st>

<p>

<list>
<entry level="1" type="bullet">

<weblink xlink:type="simple" xlink:href="http://www.imdb.com/name/nm0000365/">
Julie Delpy</weblink> at the <web_site wordnetid="106359193" confidence="0.9508927676800064">
<link xlink:type="simple" xlink:href="../554/2855554.xml">
Internet Movie Database</link></web_site>
</entry>
<entry level="1" type="bullet">

<weblink xlink:type="simple" xlink:href="http://delpyweb.freehostia.com/">
Julie Delpy Tribute Site</weblink></entry>
<entry level="1" type="bullet">

<weblink xlink:type="simple" xlink:href="http://travel.timesonline.co.uk/article/0,,7943-1181387,00.html">
interview, 7/18/04, Times Online</weblink></entry>
<entry level="1" type="bullet">

<weblink xlink:type="simple" xlink:href="http://music.ign.com/articles/527/527813p1.html">
interview, 7/01/04, IGN Films</weblink></entry>
<entry level="1" type="bullet">

<weblink xlink:type="simple" xlink:href="http://movies.about.com/od/beforesunset/a/sunsetjd062804.htm">
interview, 7/04, About.com</weblink></entry>
<entry level="1" type="bullet">

<weblink xlink:type="simple" xlink:href="http://www.ioncinema.com/news.php?nid=1063">
IONCINEMA.com interviews Julie Delpy for 2 Days in Paris</weblink></entry>
<entry level="1" type="bullet">

<weblink xlink:type="simple" xlink:href="http://www.jewreview.net/article.php?id=1551">
Video interview on JewReview with Julie for 2 Days in Paris</weblink></entry>
<entry level="1" type="bullet">

<weblink xlink:type="simple" xlink:href="http://www.eyeforfilm.co.uk/feature.php?id=437">
EyeForFilm.co.uk interview with Julie Delpy at Edinburgh Film Festival 2007</weblink></entry>
</list>
</p>



<p>

<table id="persondata" class="persondata">
<header colspan="2">
 </header>
<row>
<col class="persondata-label">
NAME</col>
<col>
Delpy, Julie</col>
</row>
<row>
<col class="persondata-label">
ALTERNATIVE NAMES</col>

</row>
<row>
<col class="persondata-label">
SHORT DESCRIPTION</col>
<col>
actress</col>
</row>
<row>
<col class="persondata-label">
DATE OF BIRTH</col>
<col>
 <link xlink:type="simple" xlink:href="../850/8850.xml">
December 21</link>, <link xlink:type="simple" xlink:href="../610/34610.xml">
1969</link></col>
</row>
<row>
<col class="persondata-label">
PLACE OF BIRTH</col>
<col>
 <site wordnetid="108651247" confidence="0.9508927676800064">
<link xlink:type="simple" xlink:href="../989/22989.xml">
Paris</link></site>
, <country wordnetid="108544813" confidence="0.9508927676800064">
<link xlink:type="simple" xlink:href="../419/5843419.xml">
France</link></country>
</col>
</row>
<row>
<col class="persondata-label">
DATE OF DEATH</col>

</row>
<row>
<col class="persondata-label">
PLACE OF DEATH</col>

</row>
</table>
</p>


</sec>
</bdy>
</actor>
</screenwriter>
</alumnus>
</citizen>
</article>
