<?xml version="1.0" encoding="UTF-8"?>
<!-- generated by CLiX/Wiki2XML [MPI-Inf, MMCI@UdS] $LastChangedRevision: 92 $ on 16.04.2009 15:27:47[mciao0827] -->
<!DOCTYPE article SYSTEM "../article.dtd">
<article xmlns:xlink="http://www.w3.org/1999/xlink">
<person  confidence="0.9508927676800064" wordnetid="100007846">
<entity  confidence="0.9511911446218017" wordnetid="100001740">
<theorist  confidence="0.9511911446218017" wordnetid="110706812">
<colleague  confidence="0.9511911446218017" wordnetid="109935990">
<scientist  confidence="0.9508927676800064" wordnetid="110560637">
<atheist  confidence="0.9511911446218017" wordnetid="109820044">
<mathematician  confidence="0.9511911446218017" wordnetid="110301261">
<header>
<title>John Horton Conway</title>
<id>15807</id>
<revision>
<id>243332601</id>
<timestamp>2008-10-06T02:09:08Z</timestamp>
<contributor>
<username>Conwaydiana</username>
<id>8013389</id>
</contributor>
</revision>
<categories>
<category>20th century mathematicians</category>
<category>Fellows of the Royal Society</category>
<category>Cellular automatists</category>
<category>1937 births</category>
<category>Magic squares</category>
<category>Living people</category>
<category>Game theorists</category>
<category>People from Liverpool</category>
<category>21st century mathematicians</category>
<category>English mathematicians</category>
<category>Princeton University faculty</category>
<category>Combinatorists</category>
<category>Alumni of Gonville and Caius College, Cambridge</category>
<category>English atheists</category>
<category>Group theorists</category>
</categories>
</header>
<bdy>
<template>
<name>Infobox_Scientist</name>
<parameters>

<image width="300px" src="John_H_Conway_2005.jpg">
</image>
<birth_date>
December 26, 1937 (1937-12-26) (age&nbsp;71)</birth_date>
<doctoral_students>
<person wordnetid="100007846" confidence="0.9508927676800064">
<scientist wordnetid="110560637" confidence="0.9508927676800064">
<link xlink:type="simple" xlink:href="../169/292169.xml">
Richard Borcherds</link></scientist>
</person>
 <physical_entity wordnetid="100001930" confidence="0.8">
<person wordnetid="100007846" confidence="0.8">
<theorist wordnetid="110706812" confidence="0.8">
<intellectual wordnetid="109621545" confidence="0.8">
<causal_agent wordnetid="100007347" confidence="0.8">
<scientist wordnetid="110560637" confidence="0.8">
<mathematician wordnetid="110301261" confidence="0.8">
<link xlink:type="simple" xlink:href="../220/4582220.xml">
Robert Wilson</link></mathematician>
</scientist>
</causal_agent>
</intellectual>
</theorist>
</person>
</physical_entity>
</doctoral_students>
<birth_place>
<village wordnetid="108672738" confidence="0.9508927676800064">
<link xlink:type="simple" xlink:href="../081/18081.xml">
Liverpool</link></village>
, <county wordnetid="108546183" confidence="0.9508927676800064">
<link xlink:type="simple" xlink:href="../325/151325.xml">
Merseyside</link></county>
, <country wordnetid="108544813" confidence="0.9508927676800064">
<link xlink:type="simple" xlink:href="../316/9316.xml">
England</link></country>
</birth_place>
<alma_mater>
<university wordnetid="108286163" confidence="0.9508927676800064">
<link xlink:type="simple" xlink:href="../796/31796.xml">
University of Cambridge</link></university>
</alma_mater>
<field>
<link xlink:type="simple" xlink:href="../902/18902.xml">
Mathematician</link></field>
<known_for>
<idea wordnetid="105833840" confidence="0.8">
<concept wordnetid="105835747" confidence="0.8">
<rule wordnetid="105846054" confidence="0.8">
<link xlink:type="simple" xlink:href="../035/37035.xml">
Game of life</link></rule>
</concept>
</idea>
  , <series wordnetid="108457976" confidence="0.8">
<arrangement wordnetid="107938773" confidence="0.8">
<sequence wordnetid="108459252" confidence="0.8">
<ordering wordnetid="108456993" confidence="0.8">
<group wordnetid="100031264" confidence="0.8">
<link xlink:type="simple" xlink:href="../980/563980.xml">
Look-and-say sequence</link></group>
</ordering>
</sequence>
</arrangement>
</series>
</known_for>
<nationality>
<country wordnetid="108544813" confidence="0.9508927676800064">
<link xlink:type="simple" xlink:href="../316/9316.xml">
English</link></country>
</nationality>
<residence>
<body wordnetid="107965085" confidence="0.8">
<social_group wordnetid="107950920" confidence="0.8">
<political_orientation wordnetid="106212839" confidence="0.8">
<colony wordnetid="108374049" confidence="0.8">
<state wordnetid="108168978" confidence="0.8">
<political_unit wordnetid="108359949" confidence="0.8">
<group wordnetid="100031264" confidence="0.8">
<democracy wordnetid="106217103" confidence="0.8">
<link xlink:type="simple" xlink:href="../750/3434750.xml">
U.S.</link></democracy>
</group>
</political_unit>
</state>
</colony>
</political_orientation>
</social_group>
</body>
</residence>
<doctoral_advisor>
<person wordnetid="100007846" confidence="0.9508927676800064">
<scientist wordnetid="110560637" confidence="0.9508927676800064">
<link xlink:type="simple" xlink:href="../111/991111.xml">
Harold Davenport</link></scientist>
</person>
</doctoral_advisor>
<name>
John Horton Conway</name>
<work_institutions>
<university wordnetid="108286163" confidence="0.9508927676800064">
<link xlink:type="simple" xlink:href="../922/23922.xml">
Princeton University</link></university>
</work_institutions>
<prizes>
<link>
Polya Prize</link> (1987),
           <symbol wordnetid="106806469" confidence="0.8">
<award wordnetid="106696483" confidence="0.8">
<signal wordnetid="106791372" confidence="0.8">
<link xlink:type="simple" xlink:href="../473/1252473.xml">
Nemmers Prize in Mathematics</link></signal>
</award>
</symbol>
 (1998)</prizes>
</parameters>
</template>

<p>

<b>John Horton Conway</b> (born <link xlink:type="simple" xlink:href="../360/8360.xml">
December 26</link>, <link xlink:type="simple" xlink:href="../684/34684.xml">
1937</link>, <village wordnetid="108672738" confidence="0.9508927676800064">
<link xlink:type="simple" xlink:href="../081/18081.xml">
Liverpool</link></village>
, <country wordnetid="108544813" confidence="0.9508927676800064">
<link xlink:type="simple" xlink:href="../316/9316.xml">
England</link></country>
) is a prolific mathematician active in the theory of finite <link xlink:type="simple" xlink:href="../447/19447.xml">
groups</link>, <link xlink:type="simple" xlink:href="../008/153008.xml">
knot theory</link>, <link xlink:type="simple" xlink:href="../527/21527.xml">
number theory</link>, <link xlink:type="simple" xlink:href="../231/292231.xml">
combinatorial game theory</link> and <link xlink:type="simple" xlink:href="../869/321869.xml">
coding theory</link>. He has also contributed to many branches of <link xlink:type="simple" xlink:href="../446/26446.xml">
recreational mathematics</link>, notably the invention of <idea wordnetid="105833840" confidence="0.8">
<concept wordnetid="105835747" confidence="0.8">
<rule wordnetid="105846054" confidence="0.8">
<link xlink:type="simple" xlink:href="../035/37035.xml">
the Game of Life</link></rule>
</concept>
</idea>
 (the <link xlink:type="simple" xlink:href="../342/54342.xml">
cellular automaton</link>, not the <link xlink:type="simple" xlink:href="../401/3401.xml">
board game</link>).</p>
<p>

Conway is currently professor of mathematics at <university wordnetid="108286163" confidence="0.9508927676800064">
<link xlink:type="simple" xlink:href="../922/23922.xml">
Princeton University</link></university>
.  He studied at <university wordnetid="108286163" confidence="0.9508927676800064">
<link xlink:type="simple" xlink:href="../796/31796.xml">
Cambridge</link></university>
, where he started research under <person wordnetid="100007846" confidence="0.9508927676800064">
<scientist wordnetid="110560637" confidence="0.9508927676800064">
<link xlink:type="simple" xlink:href="../111/991111.xml">
Harold Davenport</link></scientist>
</person>
.  He has an <link>
Erdős number</link> of one. He received the Berwick Prize (1971)<ref xlink:type="simple" xlink:href="#xpointer(//reflist/entry[@id=%221%22])">1</ref>, was elected a <link>
Fellow of the Royal Society</link> (1981)<ref xlink:type="simple" xlink:href="#xpointer(//reflist/entry[@id=%222%22])">2</ref>, and was the first recipient of the <link>
Pólya Prize (LMS)</link> (1987).<ref xlink:type="simple" xlink:href="#xpointer(//reflist/entry[@id=%223%22])">3</ref></p>

<sec>
<st>
Biography</st>
<p>

Conway's parents were Agnes Boyce and Cyril Horton Conway. John had two older sisters, Sylvia and Joan. Cyril Conway was a chemistry laboratory assistant. John became interested in mathematics at a very early age and his mother Agnes recalled that he could recite the powers of two when aged four years. John's young years were difficult for he grew up in Britain at a time of wartime shortages. At primary school John was outstanding and he topped almost every class. At the age of eleven his ambition was to become a mathematician.</p>
<p>

After leaving secondary school, Conway entered <link xlink:type="simple" xlink:href="../015/161015.xml">
Gonville and Caius College, Cambridge</link> to study mathematics. He was awarded his BA in 1959 and began to undertake research in number theory supervised by <person wordnetid="100007846" confidence="0.9508927676800064">
<scientist wordnetid="110560637" confidence="0.9508927676800064">
<link xlink:type="simple" xlink:href="../111/991111.xml">
Harold Davenport</link></scientist>
</person>
. Having solved the open problem posed by Davenport on writing numbers as the sums of fifth powers, Conway began to become interested in infinite ordinals. It appears that his interest in games began during his years studying at Cambridge, where he became an avid backgammon player spending hours playing the game in the common room. He was awarded his doctorate in 1964 and was appointed as Lecturer in Study at the <university wordnetid="108286163" confidence="0.9508927676800064">
<link xlink:type="simple" xlink:href="../796/31796.xml">
University of Cambridge</link></university>
.</p>
<p>

He left Cambridge in 1986 to take up the appointment to the <person wordnetid="100007846" confidence="0.9508927676800064">
<scientist wordnetid="110560637" confidence="0.9508927676800064">
<link xlink:type="simple" xlink:href="../942/15942.xml">
John von Neumann</link></scientist>
</person>
 Chair of Mathematics at <university wordnetid="108286163" confidence="0.9508927676800064">
<link xlink:type="simple" xlink:href="../922/23922.xml">
Princeton University</link></university>
. He is also a regular visitor at <link xlink:type="simple" xlink:href="../983/1786983.xml">
Mathcamp</link> and <link xlink:type="simple" xlink:href="../904/18546904.xml">
MathPath</link> <weblink xlink:type="simple" xlink:href="http://www.mathpath.org">
http://www.mathpath.org</weblink>, summer math programs for high schoolers and middle schoolers, respectively. </p>
<p>

Conway resides in Princeton, New Jersey, United States with his wife and youngest son.  He has six other children from his two previous marriages, three grandchildren, and two great-grandchildren.</p>

</sec>
<sec>
<st>
Game theory</st>

<p>

Among amateur mathematicians, he is perhaps most widely known for his contributions to <link xlink:type="simple" xlink:href="../231/292231.xml">
combinatorial game theory</link>, a theory of <link xlink:type="simple" xlink:href="../042/316042.xml">
partisan game</link>s. This he developed with <scientist wordnetid="110560637" confidence="0.9508927676800064">
<link xlink:type="simple" xlink:href="../893/655893.xml">
Elwyn Berlekamp</link></scientist>
 and <link xlink:type="simple" xlink:href="../308/816308.xml">
Richard Guy</link>.</p>
<p>

He is also one of the inventors of <event wordnetid="100029378" confidence="0.8">
<social_event wordnetid="107288639" confidence="0.8">
<contest wordnetid="107456188" confidence="0.8">
<game wordnetid="100456199" confidence="0.8">
<psychological_feature wordnetid="100023100" confidence="0.8">
<link xlink:type="simple" xlink:href="../541/27541.xml">
sprouts</link></psychological_feature>
</game>
</contest>
</social_event>
</event>
, as well as <link xlink:type="simple" xlink:href="../661/23661.xml">
philosopher's football</link>. He developed detailed analyses of many other games and puzzles, such as the <puzzle wordnetid="106784639" confidence="0.8">
<message wordnetid="106598915" confidence="0.8">
<subject wordnetid="106599788" confidence="0.8">
<problem wordnetid="106784003" confidence="0.8">
<question wordnetid="106783768" confidence="0.8">
<link xlink:type="simple" xlink:href="../670/36670.xml">
Soma cube</link></question>
</problem>
</subject>
</message>
</puzzle>
, <link xlink:type="simple" xlink:href="../281/37281.xml">
peg solitaire</link>, and <link xlink:type="simple" xlink:href="../897/2017897.xml">
Conway's soldiers</link>.  He came up with the <link xlink:type="simple" xlink:href="../026/1076026.xml">
Angel problem</link>, which was solved in 2006.</p>
<p>

He invented a new system of numbers, the <link xlink:type="simple" xlink:href="../432/51432.xml">
surreal numbers</link>, which are closely related to certain games and have been the subject of a mathematical novel by <person wordnetid="100007846" confidence="0.9508927676800064">
<scientist wordnetid="110560637" confidence="0.9508927676800064">
<link xlink:type="simple" xlink:href="../095/8095.xml">
Donald Knuth</link></scientist>
</person>
. He also invented a nomenclature for exceedingly <link xlink:type="simple" xlink:href="../750/187750.xml">
large number</link>s, the <link xlink:type="simple" xlink:href="../456/305456.xml">
Conway chained arrow notation</link>.</p>
<p>

He is also known for the invention of the <idea wordnetid="105833840" confidence="0.8">
<concept wordnetid="105835747" confidence="0.8">
<rule wordnetid="105846054" confidence="0.8">
<link xlink:type="simple" xlink:href="../035/37035.xml">
Game of Life</link></rule>
</concept>
</idea>
, one of the early and still celebrated examples of a <link xlink:type="simple" xlink:href="../342/54342.xml">
cellular automaton</link>.</p>

</sec>
<sec>
<st>
Geometry</st>

<p>

In the mid-1960s with <physical_entity wordnetid="100001930" confidence="0.8">
<person wordnetid="100007846" confidence="0.8">
<causal_agent wordnetid="100007347" confidence="0.8">
<scientist wordnetid="110560637" confidence="0.8">
<mathematician wordnetid="110301261" confidence="0.8">
<link xlink:type="simple" xlink:href="../693/16480693.xml">
Michael Guy</link></mathematician>
</scientist>
</causal_agent>
</person>
</physical_entity>
, son of <link xlink:type="simple" xlink:href="../308/816308.xml">
Richard Guy</link>, he established that there are sixty-four <link xlink:type="simple" xlink:href="../899/1645899.xml">
convex uniform polychora</link> excluding two infinite sets of prismatic forms.  Conway has also suggested a system of notation dedicated to describing <link xlink:type="simple" xlink:href="../905/149905.xml">
polyhedra</link> called <link xlink:type="simple" xlink:href="../705/5021705.xml">
Conway polyhedron notation</link>.</p>

</sec>
<sec>
<st>
Geometric topology</st>

<p>

Conway's approach to computing the <knowledge_domain wordnetid="105999266" confidence="0.8">
<pure_mathematics wordnetid="106003682" confidence="0.8">
<discipline wordnetid="105996646" confidence="0.8">
<mathematics wordnetid="106000644" confidence="0.8">
<science wordnetid="105999797" confidence="0.8">
<algebra wordnetid="106012726" confidence="0.8">
<link xlink:type="simple" xlink:href="../647/1107647.xml">
Alexander polynomial</link></algebra>
</science>
</mathematics>
</discipline>
</pure_mathematics>
</knowledge_domain>
 of knot theory involved <link xlink:type="simple" xlink:href="../902/314902.xml">
skein relation</link>s, by a variant now called the Alexander-Conway polynomial. After lying dormant for more than a decade, this concept became central to work in the 1980s on the novel <link xlink:type="simple" xlink:href="../735/313735.xml">
knot polynomial</link>s. Conway further developed <link xlink:type="simple" xlink:href="../497/3421497.xml">
tangle theory</link> and invented a system of notation for tabulating knots, while completing the knot tables up to 10 crossings.</p>

</sec>
<sec>
<st>
Group theory</st>

<p>

He worked on the <link xlink:type="simple" xlink:href="../445/7445.xml">
classification of finite simple groups</link> and discovered the <group wordnetid="100031264" confidence="0.8">
<link xlink:type="simple" xlink:href="../511/345511.xml">
Conway group</link></group>
s. He was the primary author of the <it>Atlas of Finite Groups</it> giving properties of many finite simple groups. He with collaborators constructed the first concrete representations of some of the <link xlink:type="simple" xlink:href="../806/324806.xml">
sporadic group</link>s.</p>
<p>

With <link xlink:type="simple" xlink:href="../166/1641166.xml">
Simon Norton</link> he formulated the complex of conjectures relating the <link xlink:type="simple" xlink:href="../422/47422.xml">
monster group</link> with <link xlink:type="simple" xlink:href="../000/286000.xml">
modular function</link>s, which was christened <link xlink:type="simple" xlink:href="../168/728168.xml">
monstrous moonshine</link> by them.</p>

</sec>
<sec>
<st>
Number Theory</st>

<p>

He proved the conjecture by <scientist wordnetid="110560637" confidence="0.9508927676800064">
<link xlink:type="simple" xlink:href="../723/9723.xml">
Edward Waring</link></scientist>
 that every integer could be written as the sum of 37 numbers, each raised to the fifth power.</p>

</sec>
<sec>
<st>
Algebra</st>
<p>

He has also done work in algebra particularly with <link xlink:type="simple" xlink:href="../440/51440.xml">
quaternion</link>s.</p>

</sec>
<sec>
<st>
Algorithmics</st>

<p>

For <link xlink:type="simple" xlink:href="../439/443439.xml">
calculating the day of the week</link>, he invented the <link xlink:type="simple" xlink:href="../579/626579.xml">
Doomsday algorithm</link>. The algorithm is simple enough for anyone with basic arithmetic ability to do the calculations mentally. Conway can usually give the correct answer in under two seconds. To improve his speed, he practices his calendrical calculations on his computer, which is programmed to quiz him with random dates every time he logs on. One of his early books was on <link xlink:type="simple" xlink:href="../931/10931.xml">
finite state machine</link>s.</p>

</sec>
<sec>
<st>
Theoretical physics</st>

<p>

In 2004, Conway and <link>
Simon Kochen</link>, another Princeton mathematician, proved the <statement wordnetid="106722453" confidence="0.8">
<message wordnetid="106598915" confidence="0.8">
<theorem wordnetid="106752293" confidence="0.8">
<proposition wordnetid="106750804" confidence="0.8">
<link xlink:type="simple" xlink:href="../156/3219156.xml">
Free will theorem</link></proposition>
</theorem>
</message>
</statement>
, a startling version of the <link xlink:type="simple" xlink:href="../602/211602.xml">
No Hidden Variables</link> principle of <link xlink:type="simple" xlink:href="../202/25202.xml">
Quantum Mechanics</link>.  It states that given certain conditions, if an experimenter can freely decide what quantities to measure in a particular experiment, then elementary particles must be free to choose their spins in order to make the measurements consistent with physical law. In Conway's provocative wording: "if experimenters have <link xlink:type="simple" xlink:href="../921/47921.xml">
free will</link>, then so do elementary particles".</p>

</sec>
<sec>
<st>
Books</st>

<p>

He has (co-)written several books including the <it>Atlas of Finite Groups</it>, <it>Regular Algebra and Finite Machines</it>, <it>Sphere Packings, Lattices and Groups</it>, <it>The Sensual (Quadratic) Form</it>, <it><link xlink:type="simple" xlink:href="../589/166589.xml">
On Numbers and Games</link></it>, <it><work wordnetid="104599396" confidence="0.8">
<product wordnetid="104007894" confidence="0.8">
<creation wordnetid="103129123" confidence="0.8">
<artifact wordnetid="100021939" confidence="0.8">
<book wordnetid="106410904" confidence="0.8">
<publication wordnetid="106589574" confidence="0.8">
<link xlink:type="simple" xlink:href="../461/252461.xml">
Winning Ways for your Mathematical Plays</link></publication>
</book>
</artifact>
</creation>
</product>
</work>
</it>, <it>The Book of Numbers</it>, and <it>On Quaternions and Octonions</it>.  He is currently finishing <it>The Triangle Book</it> written with the late Steve Sigur, math teacher at Paideia School in Atlanta Georgia, and in summer 2008 published<it>The Symmetries of Things</it> with <link>
Chaim Goodman-Strauss</link> and Heidi Burgiel.</p>

</sec>
<sec>
<st>
See also</st>

<p>

<list>
<entry level="1" type="bullet">

 <link xlink:type="simple" xlink:href="../705/5021705.xml">
Conway polyhedron notation</link></entry>
<entry level="1" type="bullet">

 <link xlink:type="simple" xlink:href="../285/683285.xml">
Conway's LUX method for magic squares</link></entry>
<entry level="1" type="bullet">

 <conduit wordnetid="103089014" confidence="0.8">
<artifact wordnetid="100021939" confidence="0.8">
<tube wordnetid="104493505" confidence="0.8">
<passage wordnetid="103895293" confidence="0.8">
<manifold wordnetid="103717750" confidence="0.8">
<way wordnetid="104564698" confidence="0.8">
<pipe wordnetid="103944672" confidence="0.8">
<link xlink:type="simple" xlink:href="../678/2915678.xml">
Orbifold notation</link></pipe>
</way>
</manifold>
</passage>
</tube>
</artifact>
</conduit>
</entry>
<entry level="1" type="bullet">

 <link xlink:type="simple" xlink:href="../456/305456.xml">
Conway chained arrow notation</link></entry>
<entry level="1" type="bullet">

 <idea wordnetid="105833840" confidence="0.8">
<concept wordnetid="105835747" confidence="0.8">
<rule wordnetid="105846054" confidence="0.8">
<link xlink:type="simple" xlink:href="../035/37035.xml">
Conway's Game of Life</link></rule>
</concept>
</idea>
</entry>
<entry level="1" type="bullet">

 <link xlink:type="simple" xlink:href="../897/2017897.xml">
Conway's soldiers</link></entry>
<entry level="1" type="bullet">

 <event wordnetid="100029378" confidence="0.8">
<social_event wordnetid="107288639" confidence="0.8">
<contest wordnetid="107456188" confidence="0.8">
<game wordnetid="100456199" confidence="0.8">
<psychological_feature wordnetid="100023100" confidence="0.8">
<link xlink:type="simple" xlink:href="../661/23661.xml">
Phutball</link></psychological_feature>
</game>
</contest>
</social_event>
</event>
</entry>
<entry level="1" type="bullet">

 <link xlink:type="simple" xlink:href="../045/9402045.xml">
Pinwheel tiling</link></entry>
<entry level="1" type="bullet">

 <series wordnetid="108457976" confidence="0.8">
<arrangement wordnetid="107938773" confidence="0.8">
<sequence wordnetid="108459252" confidence="0.8">
<ordering wordnetid="108456993" confidence="0.8">
<group wordnetid="100031264" confidence="0.8">
<link xlink:type="simple" xlink:href="../980/563980.xml">
Look-and-say sequence</link></group>
</ordering>
</sequence>
</arrangement>
</series>
</entry>
<entry level="1" type="bullet">

 <link xlink:type="simple" xlink:href="../018/5405018.xml">
15 theorem</link></entry>
<entry level="1" type="bullet">

 <link xlink:type="simple" xlink:href="../288/9797288.xml">
Conway's thrackle conjecture</link></entry>
<entry level="1" type="bullet">

 <mathematical_relation wordnetid="113783581" confidence="0.8">
<function wordnetid="113783816" confidence="0.8">
<link xlink:type="simple" xlink:href="../490/11151490.xml">
Conway base 13 function</link></function>
</mathematical_relation>
</entry>
</list>
</p>


</sec>
<sec>
<st>
References</st>

<p>

<reflist>
<entry id="1">
<weblink xlink:type="simple" xlink:href="http://www.lms.ac.uk/activities/prizes_com/pastwinners.html#berwick">
LMS Prizewinners</weblink> </entry>
<entry id="2">
<weblink xlink:type="simple" xlink:href="http://www.royalsoc.ac.uk/page.asp?id=1727">
List of Royal Society Fellows</weblink> </entry>
<entry id="3">
<weblink xlink:type="simple" xlink:href="http://www.lms.ac.uk/activities/prizes_com/pastwinners.html#berwick">
LMS Prizewinners</weblink> </entry>
</reflist>
</p>

</sec>
<sec>
<st>
References and external links</st>
<p>

<list>
<entry level="1" type="bullet">

  <cite id="CITEREFO.27ConnorRobertson" style="font-style:normal">O'Connor, John J.&#32;&amp;&#32;Robertson, Edmund F.,&#32;<weblink xlink:type="simple" xlink:href="http://www-history.mcs.st-andrews.ac.uk/Biographies/Conway.html">
"John Horton Conway"</weblink>,&#32;<it><link xlink:type="simple" xlink:href="../374/1234374.xml">
MacTutor History of Mathematics archive</link></it></cite>&nbsp; by O'Connor and Robertson</entry>
<entry level="1" type="bullet">

 Charles Seife, <weblink xlink:type="simple" xlink:href="http://www.users.cloud9.net/~cgseife/conway.html">
"Impressions of Conway"</weblink>, The Sciences</entry>
<entry level="1" type="bullet">

 Mark Alpert, "Not Just Fun and Games", <it>Scientific American</it> April 1999. (<weblink xlink:type="simple" xlink:href="http://www.sciam.com/article.cfm?articleID=0000FFD8-61FF-1C70-84A9809EC588EF21&amp;catID=2">
official online version</weblink>; <weblink xlink:type="simple" xlink:href="http://www.cpdee.ufmg.br/~seixas/PaginaATR/Download/DownloadFiles/NotJustFunAndGames.PDF">
registration-free online version</weblink>)</entry>
<entry level="1" type="bullet">

 Jasvir Nagra, "Conway's Proof Of The Free Will Theorem" <weblink xlink:type="simple" xlink:href="http://www.cs.auckland.ac.nz/~jas/one/freewill-theorem.html">
http://www.cs.auckland.ac.nz/~jas/one/freewill-theorem.html</weblink></entry>
<entry level="1" type="bullet">

 Conway, J. H.; Curtis, R. T.; Norton, S. P.; Parker, R. A.; and Wilson, R. A.: "<it>Atlas of Finite Groups: Maximal Subgroups and Ordinary Characters for Simple Groups.</it>"  Oxford, England 1985.</entry>
<entry level="1" type="bullet">

 <weblink xlink:type="simple" xlink:href="http://genealogy.math.ndsu.nodak.edu/id.php?id=18849">
John Horton Conway</weblink> at the <link xlink:type="simple" xlink:href="../126/1152126.xml">
Mathematics Genealogy Project</link></entry>
<entry level="1" type="bullet">

 <weblink xlink:type="simple" xlink:href="http://www.math.dartmouth.edu/~doyle/docs/conway/conway">
Video</weblink> of Conway leading a tour of brickwork patterns in Princeton, lecturing on the ordinals, and lecturing on sums of powers and Bernoulli numbers.</entry>
<entry level="1" type="bullet">

 <weblink xlink:type="simple" xlink:href="http://www.adeptis.ru/vinci/m_part3_3.html">
Photos of John Horton Conway</weblink></entry>
<entry level="1" type="bullet">

 <it>The Triangle Book</it>, <weblink xlink:type="simple" xlink:href="http://www.amazon.com/dp/1568811659">
http://www.amazon.com/dp/1568811659</weblink></entry>
<entry level="1" type="bullet">

 John H. Conway, Heidi Burgiel, Chaim Goodman-Strass, <it>The Symmetry of Things</it> 2008, ISBN 978-1-56881-220-5 <weblink xlink:type="simple" xlink:href="http://www.akpeters.com/product.asp?ProdCode=2205">
http://www.akpeters.com/product.asp?ProdCode=2205</weblink></entry>
<entry level="1" type="bullet">

 <link xlink:type="simple" xlink:href="../868/1499868.xml">
Margaret Boden</link>, Mind As Machine, <company wordnetid="108058098" confidence="0.9508927676800064">
<link xlink:type="simple" xlink:href="../518/48518.xml">
Oxford University Press</link></company>
, 2006, p. 1271</entry>
<entry level="1" type="bullet">

 <person wordnetid="100007846" confidence="0.9508927676800064">
<professor wordnetid="110480730" confidence="0.9173553029164789">
<link xlink:type="simple" xlink:href="../943/3935943.xml">
Marcus du Sautoy</link></professor>
</person>
, Symmetry, HarperCollins, 2008, p.308</entry>
</list>
</p>



<p>

<table id="persondata" class="persondata">
<header colspan="2">
 </header>
<row>
<col class="persondata-label">
NAME</col>
<col>
Conway, John Horton</col>
</row>
<row>
<col class="persondata-label">
ALTERNATIVE NAMES</col>

</row>
<row>
<col class="persondata-label">
SHORT DESCRIPTION</col>
<col>
 <link xlink:type="simple" xlink:href="../902/18902.xml">
Mathematician</link></col>
</row>
<row>
<col class="persondata-label">
DATE OF BIRTH</col>
<col>
December 26, 1937(1937-12-26)</col>
</row>
<row>
<col class="persondata-label">
PLACE OF BIRTH</col>
<col>
 <village wordnetid="108672738" confidence="0.9508927676800064">
<link xlink:type="simple" xlink:href="../081/18081.xml">
Liverpool</link></village>
, <country wordnetid="108544813" confidence="0.9508927676800064">
<link xlink:type="simple" xlink:href="../316/9316.xml">
England</link></country>
</col>
</row>
<row>
<col class="persondata-label">
DATE OF DEATH</col>

</row>
<row>
<col class="persondata-label">
PLACE OF DEATH</col>

</row>
</table>
</p>


</sec>
</bdy>
</mathematician>
</atheist>
</scientist>
</colleague>
</theorist>
</entity>
</person>
</article>
