<?xml version="1.0" encoding="UTF-8"?>
<!-- generated by CLiX/Wiki2XML [MPI-Inf, MMCI@UdS] $LastChangedRevision: 92 $ on 16.04.2009 16:23:00[mciao0827] -->
<!DOCTYPE article SYSTEM "../article.dtd">
<article xmlns:xlink="http://www.w3.org/1999/xlink">
<O  confidence="0.9508927676800064" wordnetid="106832680">
<header>
<title>MenuetOS</title>
<id>160256</id>
<revision>
<id>244093249</id>
<timestamp>2008-10-09T09:20:43Z</timestamp>
<contributor>
<username>Jotterbot</username>
<id>5725039</id>
</contributor>
</revision>
<categories>
<category>X86-64 operating systems</category>
<category>FloppyOS</category>
<category>Free software operating systems</category>
</categories>
</header>
<bdy>
<template>
<name>Infobox OS</name>
<parameters>
<ui>
<link xlink:type="simple" xlink:href="../293/12293.xml">
Graphical user interface</link></ui>
<prog_language>
<link xlink:type="simple" xlink:href="../368/1368.xml">
assembly language</link></prog_language>
<supported_platforms>
<link xlink:type="simple" xlink:href="../285/148285.xml">
64-bit</link> and <link xlink:type="simple" xlink:href="../733/80733.xml">
32-bit</link> <link xlink:type="simple" xlink:href="../198/34198.xml">
x86 architecture</link></supported_platforms>
<website>
<weblink xlink:type="simple" xlink:href="http://www.menuetos.net/">
www.menuetos.net</weblink></website>
<latest_release_version>
0.88B</latest_release_version>
<programmed_in>
<link xlink:type="simple" xlink:href="../260/160260.xml">
FASM</link> <link xlink:type="simple" xlink:href="../368/1368.xml">
assembly language</link></programmed_in>
<caption>
Recent screenshot of 64-bit MenuetOS</caption>
<latest_release_date>
2008-08-16; 243 days ago</latest_release_date>
<kernel_type>
<link xlink:type="simple" xlink:href="../825/20825.xml">
Monolithic</link></kernel_type>
<working_state>
Beta</working_state>
<developer>
<link>
Ville Mikael Turjanmaa</link></developer>
<family>
<link xlink:type="simple" xlink:href="../123/26123.xml">
Real-time operating system</link>s</family>
<name>
MenuetOS</name>
<source_model>
<link xlink:type="simple" xlink:href="../758/18938758.xml">
Open source</link> (32-bit version) /  <link xlink:type="simple" xlink:href="../592/11592.xml">
Freeware</link> (64-bit version)</source_model>
<language>
<language wordnetid="106282651" confidence="0.8">
<link xlink:type="simple" xlink:href="../916/8569916.xml">
English</link></language>
, <language wordnetid="106282651" confidence="0.9508927676800064">
<link xlink:type="simple" xlink:href="../431/25431.xml">
Russian</link></language>
, <language wordnetid="106282651" confidence="0.9508927676800064">
<link xlink:type="simple" xlink:href="../751/5751.xml">
Chinese</link></language>
, <language wordnetid="106282651" confidence="0.9508927676800064">
<link xlink:type="simple" xlink:href="../343/6343.xml">
Czech</link></language>
, <language wordnetid="106282651" confidence="0.9508927676800064">
<link xlink:type="simple" xlink:href="../595/75595.xml">
Serbian</link></language>
</language>
<license>
<weblink xlink:type="simple" xlink:href="http://www.menuetos.net/m64l.txt">
Menuet license</weblink></license>
</parameters>
</template>


For other uses, see <link xlink:type="simple" xlink:href="../033/11011033.xml">
Meos (disambiguation)</link>.<p>

<b>MenuetOS</b> (also known as <b>MeOS</b>) is an <link xlink:type="simple" xlink:href="../194/22194.xml">
operating system</link> with a <link xlink:type="simple" xlink:href="../825/20825.xml">
monolithic</link> <link xlink:type="simple" xlink:href="../566/2204566.xml">
preemptive</link>, <link xlink:type="simple" xlink:href="../123/26123.xml">
real-time</link> <link xlink:type="simple" xlink:href="../394/50394.xml">
kernel</link>, including video drivers, all written in <link xlink:type="simple" xlink:href="../260/160260.xml">
FASM</link> <link xlink:type="simple" xlink:href="../368/1368.xml">
assembly language</link>, for <link xlink:type="simple" xlink:href="../285/148285.xml">
64-bit</link> and <link xlink:type="simple" xlink:href="../733/80733.xml">
32-bit</link> <link xlink:type="simple" xlink:href="../198/34198.xml">
x86 architecture</link> computers, by <link>
Ville Mikael Turjanmaa</link>.</p>
<p>

MenuetOS development has focused on fast, simple, efficient implementation. It has a graphical desktop, games, and networking abilities (<link xlink:type="simple" xlink:href="../476/15476.xml">
TCP/IP stack</link>), yet still fits on one 1.44MB <link xlink:type="simple" xlink:href="../891/10891.xml">
floppy disk</link>. It also facilitates easy, full-featured assembly language programming. This stands in marked contrast to the (as of 2007) widespread view that  assembly languages are useful mainly for old and embedded systems.</p>
<p>

MenuetOS was originally written for 32-bit x86 architectures and released under the <link xlink:type="simple" xlink:href="../683/18938683.xml">
GPL</link>, thus many of its applications are distributed under the GPL. The 64-bit MenuetOS, often referred to as Menuet 64, remains a platform for learning 64-bit assembly language programming. 64-bit Menuet is distributed as <link xlink:type="simple" xlink:href="../592/11592.xml">
freeware</link> without the <link xlink:type="simple" xlink:href="../661/27661.xml">
source code</link> for core components. Menuet 64 works smoothly in <physical_entity wordnetid="100001930" confidence="0.8">
<person wordnetid="100007846" confidence="0.8">
<copycat wordnetid="109964411" confidence="0.8">
<causal_agent wordnetid="100007347" confidence="0.8">
<link xlink:type="simple" xlink:href="../669/1465669.xml">
QEMU</link></causal_agent>
</copycat>
</person>
</physical_entity>
 which can emulate 64-bit machine atop a 32-bit machine.<ref xlink:type="simple" xlink:href="#xpointer(//reflist/entry[@id=%221%22])">1</ref>
</p>
<sec>
<st>
 Networking </st>
<p>

MenuetOS has networking abilities, and a working TCP/IP stack. Most of the networking code is written by Mike Hibbett. </p>

</sec>
<sec>
<st>
 High-level language support </st>
<p>

The main focus of Menuet has been on making an environment for easy assembly programming, but it is still possible to run software written in <link xlink:type="simple" xlink:href="../842/189842.xml">
high-level programming language</link>s on the assembler core. The biggest single effort towards high-level language support is Jarek Pelczar's work in porting <link xlink:type="simple" xlink:href="../378/324378.xml">
C libraries</link> to Menuet.</p>

</sec>
<sec>
<st>
 Distributions </st>
<p>

The 64-bit main distribution is now proprietary. Several distributions of the 32-bit GPL MenuetOS still exist, including translations in <language wordnetid="106282651" confidence="0.9508927676800064">
<link xlink:type="simple" xlink:href="../431/25431.xml">
Russian</link></language>
, <language wordnetid="106282651" confidence="0.9508927676800064">
<link xlink:type="simple" xlink:href="../751/5751.xml">
Chinese</link></language>
, <language wordnetid="106282651" confidence="0.9508927676800064">
<link xlink:type="simple" xlink:href="../343/6343.xml">
Czech</link></language>
, and <language wordnetid="106282651" confidence="0.9508927676800064">
<link xlink:type="simple" xlink:href="../595/75595.xml">
Serbian</link></language>
.
<list>
<entry level="1" type="bullet">

 <weblink xlink:type="simple" xlink:href="http://www.menuetos.net/download.htm">
Menuet64</weblink></entry>
</list>
</p>

</sec>
<sec>
<st>
 Menuet32 distros </st>
<p>

<list>
<entry level="1" type="bullet">

 <weblink xlink:type="simple" xlink:href="http://www.menuetos.net/download.htm">
Menuet32</weblink></entry>
<entry level="1" type="bullet">

 <weblink xlink:type="simple" xlink:href="http://wemakeitbig.com/meos/">
GridWorks "EZ" distribution</weblink> (comprehensive 32-bit archive packages) (CD/HD Boots)</entry>
<entry level="1" type="bullet">

 <O wordnetid="106832680" confidence="0.9508927676800064">
<link xlink:type="simple" xlink:href="../741/12205741.xml">
KolibriOS</link></O>
</entry>
</list>
</p>

</sec>
<sec>
<st>
References</st>
<p>

<reflist>
<entry id="1">
http://www.menuetos.net/hwc.txt</entry>
</reflist>
</p>

</sec>
<sec>
<st>
 External links </st>

<p>

<table style="background:#f9f9f9; font-size:85%; line-height:110%; ">
<row>
<col>
 <image width="32x28px" src="Free_Software_Portal_Logo.svg">
</image>
</col>
<col style="padding:0 0.2em;">
 <b><it>
Free software&#32;portal</it></b></col>
</row>
</table>
</p>
<p>

<list>
<entry level="1" type="bullet">

 <weblink xlink:type="simple" xlink:href="http://www.osnews.com/story.php/1385/Comparing-MenuetOS-SkyOS-and-AtheOS/">
Compared</weblink> to <link xlink:type="simple" xlink:href="../066/88066.xml">
Syllable (operating system)</link> and <O wordnetid="106832680" confidence="0.9508927676800064">
<link xlink:type="simple" xlink:href="../783/262783.xml">
SkyOS</link></O>
 as of 2002</entry>
<entry level="1" type="bullet">

 <weblink xlink:type="simple" xlink:href="http://www.menuetos.net/">
MenuetOS homepage</weblink> (Menuet64 oriented)</entry>
<entry level="1" type="bullet">

 <weblink xlink:type="simple" xlink:href="http://menuetlibc.sourceforge.net/">
MenuetOS C Library</weblink></entry>
</list>
</p>


<p>

<table style=";" class="navbox" cellspacing="0">
<row>
<col style="padding:2px;">
<table style="width:100%;background:transparent;color:inherit;;" class="nowraplinks collapsible autocollapse " cellspacing="0">
<row>
<header colspan="2" style=";" class="navbox-title">
<link xlink:type="simple" xlink:href="../123/26123.xml">
Real-time operating system</link>s (RTOS)</header>
</row>
<row style="height:2px;">

</row>
<row>
<col colspan="2" style="width:100%;padding:0px;;;" class="navbox-list navbox-odd">
<O wordnetid="106832680" confidence="0.9508927676800064">
<link xlink:type="simple" xlink:href="../710/14415710.xml">
ChibiOS/RT</link></O>
&nbsp;·  <software wordnetid="106566077" confidence="0.8">
<application wordnetid="106570110" confidence="0.8">
<program wordnetid="106568978" confidence="0.8">
<browser wordnetid="106571301" confidence="0.8">
<written_communication wordnetid="106349220" confidence="0.8">
<writing wordnetid="106359877" confidence="0.8">
<code wordnetid="106355894" confidence="0.8">
<coding_system wordnetid="106353757" confidence="0.8">
<link xlink:type="simple" xlink:href="../237/849237.xml">
Contiki</link></coding_system>
</code>
</writing>
</written_communication>
</browser>
</program>
</application>
</software>
&nbsp;·  <O wordnetid="106832680" confidence="0.9508927676800064">
<link xlink:type="simple" xlink:href="../172/51172.xml">
DNIX</link></O>
&nbsp;·  <O wordnetid="106832680" confidence="0.9508927676800064">
<link xlink:type="simple" xlink:href="../524/7275524.xml">
DSOS</link></O>
&nbsp;·  <link xlink:type="simple" xlink:href="../225/432225.xml">
eCos</link>&nbsp;·  <link xlink:type="simple" xlink:href="../204/1146204.xml">
Embedded Linux</link>&nbsp;·  <message wordnetid="106598915" confidence="0.8">
<information wordnetid="106634376" confidence="0.8">
<electronic_database wordnetid="106588511" confidence="0.8">
<lexical_database wordnetid="106638868" confidence="0.8">
<wordnet wordnetid="106639428" confidence="0.8">
<database wordnetid="106637824" confidence="0.8">
<link xlink:type="simple" xlink:href="../077/353077.xml">
EROS</link></database>
</wordnet>
</lexical_database>
</electronic_database>
</information>
</message>
&nbsp;·  <O wordnetid="106832680" confidence="0.9508927676800064">
<link xlink:type="simple" xlink:href="../217/2152217.xml">
FreeRTOS</link></O>
&nbsp;·  <O wordnetid="106832680" confidence="0.9508927676800064">
<link xlink:type="simple" xlink:href="../980/867980.xml">
LynxOS</link></O>
&nbsp;·  <O wordnetid="106832680" confidence="0.9508927676800064">
<link xlink:type="simple" xlink:href="../256/160256.xml">
MenuetOS</link></O>
&nbsp;·  <link xlink:type="simple" xlink:href="../242/18921242.xml">
MERT</link>&nbsp;·  <O wordnetid="106832680" confidence="0.9508927676800064">
<link xlink:type="simple" xlink:href="../339/903339.xml">
Nucleus RTOS</link></O>
&nbsp;·  <link xlink:type="simple" xlink:href="../001/16260001.xml">
Open AT OS</link>&nbsp;·  <O wordnetid="106832680" confidence="0.9508927676800064">
<link xlink:type="simple" xlink:href="../093/39093.xml">
OS-9</link></O>
&nbsp;·  <O wordnetid="106832680" confidence="0.9508927676800064">
<link xlink:type="simple" xlink:href="../503/431503.xml">
OSE</link></O>
&nbsp;·  <link xlink:type="simple" xlink:href="../926/85926.xml">
pSOS</link>&nbsp;·  <O wordnetid="106832680" confidence="0.9508927676800064">
<link xlink:type="simple" xlink:href="../179/2161179.xml">
Prex</link></O>
&nbsp;·  <O wordnetid="106832680" confidence="0.9508927676800064">
<link xlink:type="simple" xlink:href="../184/65184.xml">
QNX</link></O>
&nbsp;·  <O wordnetid="106832680" confidence="0.9508927676800064">
<link xlink:type="simple" xlink:href="../130/1209130.xml">
RMX</link></O>
&nbsp;·  <O wordnetid="106832680" confidence="0.9508927676800064">
<link xlink:type="simple" xlink:href="../342/62342.xml">
RSX-11</link></O>
&nbsp;·  <O wordnetid="106832680" confidence="0.9508927676800064">
<link xlink:type="simple" xlink:href="../309/69309.xml">
RT-11</link></O>
&nbsp;·  <O wordnetid="106832680" confidence="0.9508927676800064">
<link xlink:type="simple" xlink:href="../806/3673806.xml">
RTEMS</link></O>
&nbsp;·  <link xlink:type="simple" xlink:href="../232/419232.xml">
RTLinux</link>&nbsp;·  <O wordnetid="106832680" confidence="0.9508927676800064">
<link xlink:type="simple" xlink:href="../313/3302313.xml">
SINTRAN III</link></O>
&nbsp;·  <O wordnetid="106832680" confidence="0.9508927676800064">
<link xlink:type="simple" xlink:href="../446/72446.xml">
Symbian OS</link></O>
&nbsp;·   <O wordnetid="106832680" confidence="0.9508927676800064">
<link xlink:type="simple" xlink:href="../550/10735550.xml">
Talon DSP RTOS</link></O>
&nbsp;·  <message wordnetid="106598915" confidence="0.8">
<information wordnetid="106634376" confidence="0.8">
<electronic_database wordnetid="106588511" confidence="0.8">
<lexical_database wordnetid="106638868" confidence="0.8">
<wordnet wordnetid="106639428" confidence="0.8">
<database wordnetid="106637824" confidence="0.8">
<link xlink:type="simple" xlink:href="../766/1593766.xml">
THEOS</link></database>
</wordnet>
</lexical_database>
</electronic_database>
</information>
</message>
&nbsp;·  <O wordnetid="106832680" confidence="0.9508927676800064">
<link xlink:type="simple" xlink:href="../433/30433.xml">
TPF</link></O>
&nbsp;·  <family wordnetid="108078020" confidence="0.8">
<link xlink:type="simple" xlink:href="../483/519483.xml">
TRON</link></family>
&nbsp;·  <O wordnetid="106832680" confidence="0.9508927676800064">
<link xlink:type="simple" xlink:href="../567/327567.xml">
VRTX</link></O>
&nbsp;·  <O wordnetid="106832680" confidence="0.9508927676800064">
<link xlink:type="simple" xlink:href="../105/157105.xml">
VxWorks</link></O>
&nbsp;·  <O wordnetid="106832680" confidence="0.9508927676800064">
<link xlink:type="simple" xlink:href="../360/230360.xml">
Windows CE</link></O>
</col>
</row>
</table>
</col>
</row>
</table>
</p>



</sec>
</bdy>
</O>
</article>
