<?xml version="1.0" encoding="UTF-8"?>
<!-- generated by CLiX/Wiki2XML [MPI-Inf, MMCI@UdS] $LastChangedRevision: 92 $ on 16.04.2009 16:21:48[mciao0828] -->
<!DOCTYPE article SYSTEM "../article.dtd">
<article xmlns:xlink="http://www.w3.org/1999/xlink">
<person  confidence="0.9508927676800064" wordnetid="100007846">
<narrator  confidence="0.9511911446218017" wordnetid="110345804">
<entity  confidence="0.9511911446218017" wordnetid="100001740">
<actor  confidence="0.9173553029164789" wordnetid="109765278">
<commanding_officer  confidence="0.9511911446218017" wordnetid="109941964">
<header>
<title>Alan Bates</title>
<id>161907</id>
<revision>
<id>244442969</id>
<timestamp>2008-10-10T20:47:09Z</timestamp>
<contributor>
<username>Petra Arkana</username>
<id>3189038</id>
</contributor>
</revision>
<categories>
<category>2003 deaths</category>
<category>Alumni of the Royal Academy of Dramatic Art</category>
<category>Royal National Theatre Company members</category>
<category>Royal Shakespeare Company members</category>
<category>Actors awarded British knighthoods</category>
<category>Knights Bachelor</category>
<category>Commanders of the Order of the British Empire</category>
<category>Deaths from pancreatic cancer</category>
<category>Audio book narrators</category>
<category>Shakespearean actors</category>
<category>Bisexual actors</category>
<category>Cancer deaths in England</category>
<category>English film actors</category>
<category>Drama Desk Award winners</category>
<category>English television actors</category>
<category>People from Derby</category>
<category>English stage actors</category>
<category>English voice actors</category>
<category>English radio actors</category>
<category>Tony Award winners</category>
<category>Royal Air Force personnel</category>
<category>LGBT people from the United Kingdom</category>
<category>1934 births</category>
</categories>
</header>
<bdy>
<template>
<name>Infobox actor</name>
<parameters>

<image width="150px" src="Alan_Bates.jpg">
<caption>

Alan Bates
</caption>
</image>
<occupation>
<link xlink:type="simple" xlink:href="../753/753.xml">
Actor</link></occupation>
<birthplace>
<site wordnetid="108651247" confidence="0.9508927676800064">
<link xlink:type="simple" xlink:href="../231/1005231.xml">
Allestree</link></site>
, <link xlink:type="simple" xlink:href="../070/71070.xml">
Derbyshire</link>, <country wordnetid="108544813" confidence="0.9508927676800064">
<link xlink:type="simple" xlink:href="../316/9316.xml">
England</link></country>
, <autocracy wordnetid="108361001" confidence="0.8">
<system wordnetid="108435388" confidence="0.8">
<social_group wordnetid="107950920" confidence="0.8">
<political_orientation wordnetid="106212839" confidence="0.8">
<monarchy wordnetid="108363812" confidence="0.8">
<state wordnetid="108168978" confidence="0.8">
<political_unit wordnetid="108359949" confidence="0.8">
<political_system wordnetid="108367880" confidence="0.8">
<economy wordnetid="108366753" confidence="0.8">
<group wordnetid="100031264" confidence="0.8">
<democracy wordnetid="106217103" confidence="0.8">
<link xlink:type="simple" xlink:href="../717/31717.xml">
UK</link></democracy>
</group>
</economy>
</political_system>
</political_unit>
</state>
</monarchy>
</political_orientation>
</social_group>
</system>
</autocracy>
</birthplace>
<spouse>
Victoria Ward (1970-1992)</spouse>
<birthdate>
17 February 1934(1934-02-17)</birthdate>
<imagesize>
180px</imagesize>
<tonyawards>
<b><symbol wordnetid="106806469" confidence="0.8">
<award wordnetid="106696483" confidence="0.8">
<signal wordnetid="106791372" confidence="0.8">
<link xlink:type="simple" xlink:href="../256/2386256.xml">
Best Leading Actor in a Play</link></signal>
</award>
</symbol>
</b>  1973 <it><product wordnetid="104007894" confidence="0.8">
<creation wordnetid="103129123" confidence="0.8">
<artifact wordnetid="100021939" confidence="0.8">
<event wordnetid="100029378" confidence="0.8">
<social_event wordnetid="107288639" confidence="0.8">
<movie wordnetid="106613686" confidence="0.8">
<show wordnetid="106619065" confidence="0.8">
<psychological_feature wordnetid="100023100" confidence="0.8">
<link xlink:type="simple" xlink:href="../017/5339017.xml">
Butley</link></psychological_feature>
</show>
</movie>
</social_event>
</event>
</artifact>
</creation>
</product>
''</it></tonyawards>
<birthname>
Alan Arthur Bates</birthname>
<deathdate>
27 December 2003 (aged&nbsp;69)</deathdate>
<deathplace>
<region wordnetid="108630985" confidence="0.8">
<administrative_district wordnetid="108491826" confidence="0.8">
<location wordnetid="100027167" confidence="0.8">
<municipality wordnetid="108626283" confidence="0.8">
<geographical_area wordnetid="108574314" confidence="0.8">
<district wordnetid="108552138" confidence="0.8">
<urban_area wordnetid="108675967" confidence="0.8">
<city wordnetid="108524735" confidence="0.8">
<link xlink:type="simple" xlink:href="../060/54060.xml">
Westminster</link></city>
</urban_area>
</district>
</geographical_area>
</municipality>
</location>
</administrative_district>
</region>
, <village wordnetid="108672738" confidence="0.9508927676800064">
<link xlink:type="simple" xlink:href="../867/17867.xml">
London</link></village>
, England, UK</deathplace>
</parameters>
</template>


For other persons named Alan Bates, see <representative wordnetid="110522035" confidence="0.9508927676800064">
<doctor wordnetid="110020890" confidence="0.9173553029164789">
<link xlink:type="simple" xlink:href="../843/16741843.xml">
Alan Bates (Oregon politician)</link></doctor>
</representative>
.<p>

<b>Sir Alan Arthur Bates</b> <link xlink:type="simple" xlink:href="../182/212182.xml">
CBE</link> (17 February 1934 – 27 December 2003) was a <autocracy wordnetid="108361001" confidence="0.8">
<system wordnetid="108435388" confidence="0.8">
<social_group wordnetid="107950920" confidence="0.8">
<political_orientation wordnetid="106212839" confidence="0.8">
<monarchy wordnetid="108363812" confidence="0.8">
<state wordnetid="108168978" confidence="0.8">
<political_unit wordnetid="108359949" confidence="0.8">
<political_system wordnetid="108367880" confidence="0.8">
<economy wordnetid="108366753" confidence="0.8">
<group wordnetid="100031264" confidence="0.8">
<democracy wordnetid="106217103" confidence="0.8">
<link xlink:type="simple" xlink:href="../717/31717.xml">
British</link></democracy>
</group>
</economy>
</political_system>
</political_unit>
</state>
</monarchy>
</political_orientation>
</social_group>
</system>
</autocracy>
 <link xlink:type="simple" xlink:href="../753/753.xml">
actor</link>.</p>

<sec>
<st>
Biography</st>

<ss1>
<st>
Early life</st>
<p>

Bates, the eldest of three brothers, was born in <site wordnetid="108651247" confidence="0.9508927676800064">
<link xlink:type="simple" xlink:href="../231/1005231.xml">
Allestree</link></site>
, <link xlink:type="simple" xlink:href="../355/18727355.xml">
Derby</link>, <country wordnetid="108544813" confidence="0.9508927676800064">
<link xlink:type="simple" xlink:href="../316/9316.xml">
England</link></country>
, the son of Florence Mary (<link xlink:type="simple" xlink:href="../912/61912.xml">
née</link> Wheatcroft), a homemaker and a pianist, and Harold Arthur Bates, an insurance broker and a cellist.<ref xlink:type="simple" xlink:href="#xpointer(//reflist/entry[@id=%221%22])">1</ref>. The family briefly moved to <site wordnetid="108651247" confidence="0.9508927676800064">
<link xlink:type="simple" xlink:href="../380/420380.xml">
Mickleover</link></site>
, then returned to Allestree. Both of his parents were amateur musicians, and encouraged him to pursue music, but by age 11, young Bates already had determined his life's course as an actor, and so they sent him for dramatic coaching instead.<ref xlink:type="simple" xlink:href="#xpointer(//reflist/entry[@id=%222%22])">2</ref> He also saw productions at Derby's Little Theatre on <it>Beckett Street</it>. He was educated at the Herbert Strutt Grammar School (amalgamated in 1973 with two secondary modern schools and renamed Belper High School, which has now become <school wordnetid="108276720" confidence="0.9508927676800064">
<link xlink:type="simple" xlink:href="../484/1184484.xml">
Belper School</link></school>
 although the former buildings are now the Herbert Strutt <weblink xlink:type="simple" xlink:href="http://www.herbertstrutt.derbyshire.sch.uk">
primary school</weblink>) on <it>Thornhill Avenue</it> in <site wordnetid="108651247" confidence="0.9508927676800064">
<link xlink:type="simple" xlink:href="../516/350516.xml">
Belper</link></site>
, <link xlink:type="simple" xlink:href="../070/71070.xml">
Derbyshire</link> and later earned a scholarship to the <school wordnetid="108276720" confidence="0.8">
<educational_institution wordnetid="108276342" confidence="0.8">
<institution wordnetid="108053576" confidence="0.8">
<link xlink:type="simple" xlink:href="../026/163026.xml">
Royal Academy of Dramatic Art</link></institution>
</educational_institution>
</school>
 in <village wordnetid="108672738" confidence="0.9508927676800064">
<link xlink:type="simple" xlink:href="../867/17867.xml">
London</link></village>
, where he studied with <person wordnetid="100007846" confidence="0.9508927676800064">
<actor wordnetid="109765278" confidence="0.9508927676800064">
<link xlink:type="simple" xlink:href="../910/43910.xml">
Albert Finney</link></actor>
</person>
 and <person wordnetid="100007846" confidence="0.9508927676800064">
<actor wordnetid="109765278" confidence="0.9508927676800064">
<link xlink:type="simple" xlink:href="../321/63321.xml">
Peter O'Toole</link></actor>
</person>
, before leaving to join the <military_unit wordnetid="108198398" confidence="0.9508927676800064">
<link xlink:type="simple" xlink:href="../679/25679.xml">
RAF</link></military_unit>
 for <link xlink:type="simple" xlink:href="../157/15180157.xml">
National Service</link> at <airport wordnetid="102692232" confidence="0.9508927676800064">
<link xlink:type="simple" xlink:href="../681/10204681.xml">
RAF Newton</link></airport>
.</p>

</ss1>
<ss1>
<st>
Career</st>
<p>

In 1956, he debuted on stage in the <event wordnetid="100029378" confidence="0.8">
<social_event wordnetid="107288639" confidence="0.8">
<show wordnetid="106619065" confidence="0.8">
<psychological_feature wordnetid="100023100" confidence="0.8">
<attraction wordnetid="106615561" confidence="0.8">
<link xlink:type="simple" xlink:href="../952/1154952.xml">
West End</link></attraction>
</psychological_feature>
</show>
</social_event>
</event>
, as Cliff in <it><dramatic_composition wordnetid="107007684" confidence="0.8">
<play wordnetid="107007945" confidence="0.8">
<written_communication wordnetid="106349220" confidence="0.8">
<writing wordnetid="106362953" confidence="0.8">
<link xlink:type="simple" xlink:href="../551/954551.xml">
Look Back in Anger</link></writing>
</written_communication>
</play>
</dramatic_composition>
</it>, a role he had originated at the <link xlink:type="simple" xlink:href="../718/229718.xml">
Royal Court</link> and which made him a star. He also played the role on Broadway. Four years later, he appeared in <it><movie wordnetid="106613686" confidence="0.9508927676800064">
<link xlink:type="simple" xlink:href="../942/2882942.xml">
The Entertainer</link></movie>
</it>, his first film role. Bates worked for the Padded Wagon Moving Company in the early 1960s while acting at the Circle in the Square Theater in New York City. He soon starred in <it><movie wordnetid="106613686" confidence="0.9508927676800064">
<link xlink:type="simple" xlink:href="../501/8427501.xml">
Whistle Down the Wind</link></movie>
</it>, Phillipe de Broca's <it><movie wordnetid="106613686" confidence="0.9508927676800064">
<link xlink:type="simple" xlink:href="../877/251877.xml">
 King of Hearts</link></movie>
</it>, and in the <physical_entity wordnetid="100001930" confidence="0.8">
<communicator wordnetid="109610660" confidence="0.8">
<person wordnetid="100007846" confidence="0.8">
<intellectual wordnetid="109621545" confidence="0.8">
<alumnus wordnetid="109786338" confidence="0.8">
<causal_agent wordnetid="100007347" confidence="0.8">
<writer wordnetid="110794014" confidence="0.8">
<novelist wordnetid="110363573" confidence="0.8">
<scholar wordnetid="110557854" confidence="0.8">
<link xlink:type="simple" xlink:href="../760/252760.xml">
Bernard Malamud</link></scholar>
</novelist>
</writer>
</causal_agent>
</alumnus>
</intellectual>
</person>
</communicator>
</physical_entity>
 film <it><movie wordnetid="106613686" confidence="0.9508927676800064">
<link xlink:type="simple" xlink:href="../083/6307083.xml">
The Fixer</link></movie>
</it>, which gave him an <link xlink:type="simple" xlink:href="../324/324.xml">
Academy Award</link> nomination for <symbol wordnetid="106806469" confidence="0.8">
<award wordnetid="106696483" confidence="0.8">
<signal wordnetid="106791372" confidence="0.8">
<link xlink:type="simple" xlink:href="../163/54163.xml">
Best Actor</link></signal>
</award>
</symbol>
.</p>
<p>

Bates was handpicked by director <link xlink:type="simple" xlink:href="../465/275465.xml">
John Schlesinger</link> to star in the film <it><movie wordnetid="106613686" confidence="0.9508927676800064">
<link xlink:type="simple" xlink:href="../002/3146002.xml">
Sunday Bloody Sunday</link></movie>
</it> (1971) in the role of Dr. Daniel Hirsh. Even though he wanted the part very much, Bates was held up filming <it><movie wordnetid="106613686" confidence="0.9508927676800064">
<link xlink:type="simple" xlink:href="../648/8300648.xml">
The Go-Between</link></movie>
</it> (1970) for director <physical_entity wordnetid="100001930" confidence="0.8">
<person wordnetid="100007846" confidence="0.8">
<leader wordnetid="109623038" confidence="0.8">
<administrator wordnetid="109770949" confidence="0.8">
<causal_agent wordnetid="100007347" confidence="0.8">
<head wordnetid="110162991" confidence="0.8">
<director wordnetid="110014939" confidence="0.8">
<link xlink:type="simple" xlink:href="../853/145853.xml">
Joseph Losey</link></director>
</head>
</causal_agent>
</administrator>
</leader>
</person>
</physical_entity>
 and also became a father around that time, so he had to pass on the project, with regrets. The part then went first to <person wordnetid="100007846" confidence="0.9508927676800064">
<actor wordnetid="109765278" confidence="0.9173553029164789">
<link xlink:type="simple" xlink:href="../230/1140230.xml">
Ian Bannen</link></actor>
</person>
 who balked at kissing and simulating sex with another man, and then to <person wordnetid="100007846" confidence="0.9508927676800064">
<actor wordnetid="109765278" confidence="0.9508927676800064">
<link xlink:type="simple" xlink:href="../975/170975.xml">
Peter Finch</link></actor>
</person>
, who earned an Academy Award nomination.</p>
<p>

Bates starred in such international films as <it><movie wordnetid="106613686" confidence="0.9508927676800064">
<link xlink:type="simple" xlink:href="../981/212981.xml">
Georgy Girl</link></movie>
</it>, <it><movie wordnetid="106613686" confidence="0.9508927676800064">
<link xlink:type="simple" xlink:href="../662/3510662.xml">
Far From the Madding Crowd</link></movie>
</it>, <it><link xlink:type="simple" xlink:href="../262/1995262.xml">
Zorba the Greek</link></it>, <it>The Go-Between</it>, <it><product wordnetid="104007894" confidence="0.8">
<creation wordnetid="103129123" confidence="0.8">
<artifact wordnetid="100021939" confidence="0.8">
<event wordnetid="100029378" confidence="0.8">
<social_event wordnetid="107288639" confidence="0.8">
<movie wordnetid="106613686" confidence="0.8">
<show wordnetid="106619065" confidence="0.8">
<psychological_feature wordnetid="100023100" confidence="0.8">
<link xlink:type="simple" xlink:href="../523/14603523.xml">
Nijinsky</link></psychological_feature>
</show>
</movie>
</social_event>
</event>
</artifact>
</creation>
</product>
</it>, <it><movie wordnetid="106613686" confidence="0.9508927676800064">
<link xlink:type="simple" xlink:href="../022/103022.xml">
An Unmarried Woman</link></movie>
</it> and <it><movie wordnetid="106613686" confidence="0.9508927676800064">
<link xlink:type="simple" xlink:href="../800/217800.xml">
Women in Love</link></movie>
</it> (in which, along with <actor wordnetid="109765278" confidence="0.9173553029164789">
<link xlink:type="simple" xlink:href="../908/329908.xml">
Oliver Reed</link></actor>
, he became the first actor to do frontal nudity in a major studio motion picture) but he consciously decided to concentrate on a few well-defined roles, rather than to take everything that came his way. On television, his parts ranged from classic roles such as <it><work wordnetid="104599396" confidence="0.8">
<product wordnetid="104007894" confidence="0.8">
<creation wordnetid="103129123" confidence="0.8">
<artifact wordnetid="100021939" confidence="0.8">
<literary_composition wordnetid="106364329" confidence="0.8">
<book wordnetid="106410904" confidence="0.8">
<written_communication wordnetid="106349220" confidence="0.8">
<writing wordnetid="106362953" confidence="0.8">
<fiction wordnetid="106367107" confidence="0.8">
<novel wordnetid="106367879" confidence="0.8">
<publication wordnetid="106589574" confidence="0.8">
<link xlink:type="simple" xlink:href="../808/418808.xml">
The Mayor of Casterbridge</link></publication>
</novel>
</fiction>
</writing>
</written_communication>
</book>
</literary_composition>
</artifact>
</creation>
</product>
</work>
</it> (1978) to <person wordnetid="100007846" confidence="0.9508927676800064">
<link xlink:type="simple" xlink:href="../152/557152.xml">
Guy Burgess</link></person>
 in <it><screenplay wordnetid="107012279" confidence="0.8">
<idea wordnetid="105833840" confidence="0.8">
<plan wordnetid="105898568" confidence="0.8">
<dramatic_composition wordnetid="107007684" confidence="0.8">
<play wordnetid="107007945" confidence="0.8">
<written_communication wordnetid="106349220" confidence="0.8">
<writing wordnetid="106362953" confidence="0.8">
<script wordnetid="107009946" confidence="0.8">
<link xlink:type="simple" xlink:href="../149/1227149.xml">
An Englishman Abroad</link></script>
</writing>
</written_communication>
</play>
</dramatic_composition>
</plan>
</idea>
</screenplay>
</it> (1979), and from <it><movie wordnetid="106613686" confidence="0.9508927676800064">
<link xlink:type="simple" xlink:href="../369/240369.xml">
The Rose</link></movie>
</it> as Mary Rose Foster's (<person wordnetid="100007846" confidence="0.9508927676800064">
<singer wordnetid="110599806" confidence="0.9173553029164789">
<actor wordnetid="109765278" confidence="0.9173553029164789">
<artist wordnetid="109812338" confidence="0.9508927676800064">
<link xlink:type="simple" xlink:href="../359/210359.xml">
Bette Midler</link></artist>
</actor>
</singer>
</person>
) personal manager (1983) to a Russian spy in <it><dramatic_composition wordnetid="107007684" confidence="0.8">
<play wordnetid="107007945" confidence="0.8">
<written_communication wordnetid="106349220" confidence="0.8">
<writing wordnetid="106362953" confidence="0.8">
<link xlink:type="simple" xlink:href="../513/8069513.xml">
Pack of Lies</link></writing>
</written_communication>
</play>
</dramatic_composition>
</it> (1987) and to the storyteller in the 2000 version of the <it><link xlink:type="simple" xlink:href="../805/2646805.xml">
Arabian Nights</link></it>.</p>
<p>

Bates played Antonius Agrippa in the 2004 TV film <it><movie wordnetid="106613686" confidence="0.9508927676800064">
<link xlink:type="simple" xlink:href="../878/9023878.xml">
Spartacus</link></movie>
</it>, but died before it debuted. It was dedicated to his memory and that of writer <writer wordnetid="110794014" confidence="0.9508927676800064">
<novelist wordnetid="110363573" confidence="0.9173553029164789">
<link xlink:type="simple" xlink:href="../050/197050.xml">
Howard Fast</link></novelist>
</writer>
, who wrote the <literary_composition wordnetid="106364329" confidence="0.8">
<written_communication wordnetid="106349220" confidence="0.8">
<writing wordnetid="106362953" confidence="0.8">
<fiction wordnetid="106367107" confidence="0.8">
<novel wordnetid="106367879" confidence="0.8">
<link xlink:type="simple" xlink:href="../972/5687972.xml">
original novel</link></novel>
</fiction>
</writing>
</written_communication>
</literary_composition>
 that inspired the film <it><movie wordnetid="106613686" confidence="0.9508927676800064">
<link xlink:type="simple" xlink:href="../813/166813.xml">
Spartacus</link></movie>
</it> by <cameraman wordnetid="109889539" confidence="0.9173553029164789">
<film_director wordnetid="110088200" confidence="0.9173553029164789">
<person wordnetid="100007846" confidence="0.9508927676800064">
<editor wordnetid="110044879" confidence="0.9173553029164789">
<screenwriter wordnetid="110564400" confidence="0.9173553029164789">
<film_maker wordnetid="110088390" confidence="0.9173553029164789">
<actor wordnetid="109765278" confidence="0.9508927676800064">
<link xlink:type="simple" xlink:href="../683/26683.xml">
Stanley Kubrick</link></actor>
</film_maker>
</screenwriter>
</editor>
</person>
</film_director>
</cameraman>
. On stage, Bates had a particular association with the plays of <physical_entity wordnetid="100001930" confidence="0.8">
<peer wordnetid="109626238" confidence="0.8">
<communicator wordnetid="109610660" confidence="0.8">
<person wordnetid="100007846" confidence="0.8">
<intellectual wordnetid="109621545" confidence="0.8">
<colleague wordnetid="109935990" confidence="0.8">
<alumnus wordnetid="109786338" confidence="0.8">
<causal_agent wordnetid="100007347" confidence="0.8">
<writer wordnetid="110794014" confidence="0.8">
<dramatist wordnetid="110030277" confidence="0.8">
<scholar wordnetid="110557854" confidence="0.8">
<associate wordnetid="109816771" confidence="0.8">
<link xlink:type="simple" xlink:href="../293/797293.xml">
Simon Gray</link></associate>
</scholar>
</dramatist>
</writer>
</causal_agent>
</alumnus>
</colleague>
</intellectual>
</person>
</communicator>
</peer>
</physical_entity>
, appearing in <it><product wordnetid="104007894" confidence="0.8">
<creation wordnetid="103129123" confidence="0.8">
<artifact wordnetid="100021939" confidence="0.8">
<event wordnetid="100029378" confidence="0.8">
<social_event wordnetid="107288639" confidence="0.8">
<movie wordnetid="106613686" confidence="0.8">
<show wordnetid="106619065" confidence="0.8">
<psychological_feature wordnetid="100023100" confidence="0.8">
<link xlink:type="simple" xlink:href="../017/5339017.xml">
Butley</link></psychological_feature>
</show>
</movie>
</social_event>
</event>
</artifact>
</creation>
</product>
</it>, <it><dramatic_composition wordnetid="107007684" confidence="0.8">
<play wordnetid="107007945" confidence="0.8">
<written_communication wordnetid="106349220" confidence="0.8">
<writing wordnetid="106362953" confidence="0.8">
<link xlink:type="simple" xlink:href="../806/12486806.xml">
Otherwise Engaged</link></writing>
</written_communication>
</play>
</dramatic_composition>
</it>, <it>Stage Struck</it>, <it>Melon</it>, <it>Life Support</it> and <it>Simply Disconnected</it>, as well as the film of <it>Butley</it> and Gray's TV series <it>Unnatural Pursuits</it>.</p>
<p>

Bates was made a <order wordnetid="107168623" confidence="0.8">
<event wordnetid="100029378" confidence="0.8">
<command wordnetid="107168131" confidence="0.8">
<act wordnetid="100030358" confidence="0.8">
<psychological_feature wordnetid="100023100" confidence="0.8">
<speech_act wordnetid="107160883" confidence="0.8">
<link xlink:type="simple" xlink:href="../182/212182.xml">
Commander of the Order of the British Empire</link></speech_act>
</psychological_feature>
</act>
</command>
</event>
</order>
 (CBE) in 1996, and was <link xlink:type="simple" xlink:href="../067/390067.xml">
knighted</link> in 2003. He was an Associate Member of <link xlink:type="simple" xlink:href="../026/163026.xml">
RADA</link> and was a patron of The Actors Centre, Covent Garden, London from 1994 until his death in 2003 (previous Patrons: <link xlink:type="simple" xlink:href="../675/43675.xml">
Lord Olivier</link>, <link xlink:type="simple" xlink:href="../828/19672828.xml">
Sir Alec Guinness</link>).</p>

</ss1>
<ss1>
<st>
Personal life</st>
<p>

Bates was married to the actress <physical_entity wordnetid="100001930" confidence="0.8">
<person wordnetid="100007846" confidence="0.8">
<performer wordnetid="110415638" confidence="0.8">
<causal_agent wordnetid="100007347" confidence="0.8">
<actor wordnetid="109765278" confidence="0.8">
<entertainer wordnetid="109616922" confidence="0.8">
<link xlink:type="simple" xlink:href="../439/1799439.xml">
Victoria Ward</link></entertainer>
</actor>
</causal_agent>
</performer>
</person>
</physical_entity>
 from 1970 until her death in 1992.<ref xlink:type="simple" xlink:href="#xpointer(//reflist/entry[@id=%223%22])">3</ref> The Bateses had twin sons born in 1971, the actors <actor wordnetid="109765278" confidence="0.9508927676800064">
<link xlink:type="simple" xlink:href="../057/8581057.xml">
Benedick Bates</link></actor>
 and Tristan Bates. Tristan died suddenly in 1990 during an asthma attack.<ref xlink:type="simple" xlink:href="#xpointer(//reflist/entry[@id=%223%22])">3</ref> The Bateses are also survived by granddaughter, Chatto Bates, Benedick's daughter.</p>
<p>

In the later years of his life, Alan Bates's companion was his lifelong friend, actress <actor wordnetid="109765278" confidence="0.9508927676800064">
<link xlink:type="simple" xlink:href="../056/1193056.xml">
Joanna Pettet</link></actor>
, his co-star in the 1964 Broadway play <it>Poor Richard</it>. They divided their time between New York and London.</p>
<p>

In May 2007 several articles were published with people from Bates's past with assertions that he had engaged in longtime relationships with men, including ten years relationship with fellow actor <actor wordnetid="109765278" confidence="0.9508927676800064">
<link xlink:type="simple" xlink:href="../973/1391973.xml">
Peter Wyngarde</link></actor>
, five years relationship with <link>
Gerard Hastings</link> and two years relationship with Olympic skater <person wordnetid="100007846" confidence="0.9508927676800064">
<skater wordnetid="110604491" confidence="0.9508927676800064">
<link xlink:type="simple" xlink:href="../898/954898.xml">
John Curry</link></skater>
</person>
.<ref xlink:type="simple" xlink:href="#xpointer(//reflist/entry[@id=%224%22])">4</ref></p>
<p>

Bates died of <link xlink:type="simple" xlink:href="../559/363559.xml">
pancreatic cancer</link> in 2003.<ref xlink:type="simple" xlink:href="#xpointer(//reflist/entry[@id=%222%22])">2</ref></p>

</ss1>
</sec>
<sec>
<st>
<it>Otherwise Engaged''</it></st>
<p>

The posthumous publication of <physical_entity wordnetid="100001930" confidence="0.8">
<communicator wordnetid="109610660" confidence="0.8">
<person wordnetid="100007846" confidence="0.8">
<causal_agent wordnetid="100007347" confidence="0.8">
<writer wordnetid="110794014" confidence="0.8">
<biographer wordnetid="109855433" confidence="0.8">
<link xlink:type="simple" xlink:href="../027/10372027.xml">
Donald Spoto</link></biographer>
</writer>
</causal_agent>
</person>
</communicator>
</physical_entity>
's book, <it>Otherwise Engaged: The Life of Alan Bates</it>,<ref xlink:type="simple" xlink:href="#xpointer(//reflist/entry[@id=%225%22])">5</ref> is the only authorized biography of Alan Bates and is intended to remain so.<ref xlink:type="simple" xlink:href="#xpointer(//reflist/entry[@id=%226%22])">6</ref>  It was written with the full and complete cooperation of his son <actor wordnetid="109765278" confidence="0.9508927676800064">
<link xlink:type="simple" xlink:href="../057/8581057.xml">
Benedick Bates</link></actor>
 and younger brother Martin, Michael Linnit, Rosalind Chatto and more than one hundred other interviews. Bates had gay relationships throughout his life, including actor <physical_entity wordnetid="100001930" confidence="0.8">
<person wordnetid="100007846" confidence="0.8">
<farmer wordnetid="110078806" confidence="0.8">
<performer wordnetid="110415638" confidence="0.8">
<causal_agent wordnetid="100007347" confidence="0.8">
<forester wordnetid="110104756" confidence="0.8">
<actor wordnetid="109765278" confidence="0.8">
<entertainer wordnetid="109616922" confidence="0.8">
<creator wordnetid="109614315" confidence="0.8">
<link xlink:type="simple" xlink:href="../359/4137359.xml">
Nickolas Grace</link></creator>
</entertainer>
</actor>
</forester>
</causal_agent>
</performer>
</farmer>
</person>
</physical_entity>
, <actor wordnetid="109765278" confidence="0.9508927676800064">
<link xlink:type="simple" xlink:href="../973/1391973.xml">
Peter Wyngarde</link></actor>
 and <person wordnetid="100007846" confidence="0.9508927676800064">
<skater wordnetid="110604491" confidence="0.9508927676800064">
<link xlink:type="simple" xlink:href="../898/954898.xml">
John Curry</link></skater>
</person>
, to whom he was devoted for over a decade, through the figure skater's death from <link xlink:type="simple" xlink:href="../516/5069516.xml">
AIDS</link>.<ref xlink:type="simple" xlink:href="#xpointer(//reflist/entry[@id=%224%22])">4</ref> Even after the change of British anti-sodomy laws,<ref xlink:type="simple" xlink:href="#xpointer(//reflist/entry[@id=%227%22])">7</ref> the need to preserve his public image left him terrified of exposure. Bates rigorously avoided interviews and questions about his personal life, and even denied to his lovers that there was a gay component in his nature.<ref xlink:type="simple" xlink:href="#xpointer(//reflist/entry[@id=%224%22])">4</ref> Throughout his life Bates sought to be regarded as more of a <link xlink:type="simple" xlink:href="../005/1871005.xml">
ladies' man</link>, or at least as a man who, as an actor would could appear attractive to and attracted by women.<ref xlink:type="simple" xlink:href="#xpointer(//reflist/entry[@id=%224%22])">4</ref></p>

</sec>
<sec>
<st>
Tristan Bates Theatre</st>
<p>

Sir Alan and his family set up the Tristan Bates Theatre at the Actors' Centre in <site wordnetid="108651247" confidence="0.9508927676800064">
<link xlink:type="simple" xlink:href="../781/161781.xml">
Covent Garden</link></site>
, in memory of his son, Tristan, who died at the age of 19.<ref xlink:type="simple" xlink:href="#xpointer(//reflist/entry[@id=%228%22])">8</ref> Tristan's twin brother, <actor wordnetid="109765278" confidence="0.9508927676800064">
<link xlink:type="simple" xlink:href="../057/8581057.xml">
Benedick</link></actor>
, is a vice-director.<ref xlink:type="simple" xlink:href="#xpointer(//reflist/entry[@id=%229%22])">9</ref></p>

</sec>
<sec>
<st>
Filmography</st>
<p>

<list>
<entry level="1" type="bullet">

 <it><link>
It's Never too Late</link></it> (1956)</entry>
<entry level="1" type="bullet">

 <it><link xlink:type="simple" xlink:href="../106/3215106.xml">
The Entertainer</link></it> (1960)</entry>
<entry level="1" type="bullet">

 <it><link xlink:type="simple" xlink:href="../775/313775.xml">
Whistle Down the Wind</link></it> (1961)</entry>
<entry level="1" type="bullet">

 <it><literary_composition wordnetid="106364329" confidence="0.8">
<written_communication wordnetid="106349220" confidence="0.8">
<writing wordnetid="106362953" confidence="0.8">
<fiction wordnetid="106367107" confidence="0.8">
<novel wordnetid="106367879" confidence="0.8">
<link xlink:type="simple" xlink:href="../401/6981401.xml">
A Kind of Loving</link></novel>
</fiction>
</writing>
</written_communication>
</literary_composition>
</it> (1962)</entry>
<entry level="1" type="bullet">

 <it><dramatic_composition wordnetid="107007684" confidence="0.8">
<play wordnetid="107007945" confidence="0.8">
<written_communication wordnetid="106349220" confidence="0.8">
<writing wordnetid="106362953" confidence="0.8">
<link xlink:type="simple" xlink:href="../676/4287676.xml">
The Caretaker</link></writing>
</written_communication>
</play>
</dramatic_composition>
</it> (1963)</entry>
<entry level="1" type="bullet">

 <it><literary_composition wordnetid="106364329" confidence="0.8">
<written_communication wordnetid="106349220" confidence="0.8">
<writing wordnetid="106362953" confidence="0.8">
<fiction wordnetid="106367107" confidence="0.8">
<novel wordnetid="106367879" confidence="0.8">
<link xlink:type="simple" xlink:href="../073/30073.xml">
The Running Man</link></novel>
</fiction>
</writing>
</written_communication>
</literary_composition>
 (1963)</it></entry>
<entry level="1" type="bullet">

 <it><link xlink:type="simple" xlink:href="../262/1995262.xml">
Zorba the Greek</link></it> (1964)</entry>
<entry level="1" type="bullet">

 <it><movie wordnetid="106613686" confidence="0.9508927676800064">
<link xlink:type="simple" xlink:href="../780/10385780.xml">
Nothing But the Best</link></movie>
''</it></entry>
<entry level="1" type="bullet">

 <link>
Once Upon a Tractor</link> (1965)</entry>
<entry level="1" type="bullet">

 <it><movie wordnetid="106613686" confidence="0.9508927676800064">
<link xlink:type="simple" xlink:href="../981/212981.xml">
Georgy Girl</link></movie>
</it> (1966)</entry>
<entry level="1" type="bullet">

 <it><link>
Roi de coeur, Le</link></it> (1966)</entry>
<entry level="1" type="bullet">

     King of Hearts (1967)</entry>
<entry level="1" type="bullet">

 <it><movie wordnetid="106613686" confidence="0.9508927676800064">
<link xlink:type="simple" xlink:href="../662/3510662.xml">
Far from the Madding Crowd</link></movie>
</it> (1967)</entry>
<entry level="1" type="bullet">

 <it><movie wordnetid="106613686" confidence="0.9508927676800064">
<link xlink:type="simple" xlink:href="../083/6307083.xml">
The Fixer</link></movie>
</it> (1968)</entry>
<entry level="1" type="bullet">

 <it><movie wordnetid="106613686" confidence="0.9508927676800064">
<link xlink:type="simple" xlink:href="../800/217800.xml">
Women in Love</link></movie>
</it> (1969)</entry>
<entry level="1" type="bullet">

 <it><movie wordnetid="106613686" confidence="0.9508927676800064">
<link xlink:type="simple" xlink:href="../486/4418486.xml">
Three Sisters</link></movie>
</it> (1970)</entry>
<entry level="1" type="bullet">

 <it><movie wordnetid="106613686" confidence="0.9508927676800064">
<link xlink:type="simple" xlink:href="../648/8300648.xml">
The Go-Between</link></movie>
</it> (1970)</entry>
<entry level="1" type="bullet">

 <it><movie wordnetid="106613686" confidence="0.9508927676800064">
<link xlink:type="simple" xlink:href="../280/13415280.xml">
Story of a Love Story</link></movie>
</it> (1973)</entry>
<entry level="1" type="bullet">

 <it><product wordnetid="104007894" confidence="0.8">
<creation wordnetid="103129123" confidence="0.8">
<artifact wordnetid="100021939" confidence="0.8">
<event wordnetid="100029378" confidence="0.8">
<social_event wordnetid="107288639" confidence="0.8">
<movie wordnetid="106613686" confidence="0.8">
<show wordnetid="106619065" confidence="0.8">
<psychological_feature wordnetid="100023100" confidence="0.8">
<link xlink:type="simple" xlink:href="../017/5339017.xml">
Butley</link></psychological_feature>
</show>
</movie>
</social_event>
</event>
</artifact>
</creation>
</product>
</it> (1974)</entry>
<entry level="1" type="bullet">

 <it><link xlink:type="simple" xlink:href="../149/18732149.xml">
In Celebration</link></it> (1975)</entry>
<entry level="1" type="bullet">

 <it><movie wordnetid="106613686" confidence="0.9508927676800064">
<link xlink:type="simple" xlink:href="../370/2506370.xml">
Royal Flash</link></movie>
</it> (1975)</entry>
<entry level="1" type="bullet">

 <it><movie wordnetid="106613686" confidence="0.9508927676800064">
<link xlink:type="simple" xlink:href="../022/103022.xml">
An Unmarried Woman</link></movie>
''</it></entry>
<entry level="1" type="bullet">

 <it><movie wordnetid="106613686" confidence="0.9508927676800064">
<link xlink:type="simple" xlink:href="../369/240369.xml">
The Rose</link></movie>
</it> (1979)</entry>
<entry level="1" type="bullet">

 <it><product wordnetid="104007894" confidence="0.8">
<creation wordnetid="103129123" confidence="0.8">
<artifact wordnetid="100021939" confidence="0.8">
<event wordnetid="100029378" confidence="0.8">
<social_event wordnetid="107288639" confidence="0.8">
<movie wordnetid="106613686" confidence="0.8">
<show wordnetid="106619065" confidence="0.8">
<psychological_feature wordnetid="100023100" confidence="0.8">
<link xlink:type="simple" xlink:href="../523/14603523.xml">
Nijinsky</link></psychological_feature>
</show>
</movie>
</social_event>
</event>
</artifact>
</creation>
</product>
</it> (1980)</entry>
<entry level="1" type="bullet">

 <it><link>
Rece do góry</link></it> (1981)</entry>
<entry level="1" type="bullet">

 <it><movie wordnetid="106613686" confidence="0.9508927676800064">
<link xlink:type="simple" xlink:href="../246/5783246.xml">
Quartet</link></movie>
</it> (1981)</entry>
<entry level="1" type="bullet">

 <it><movie wordnetid="106613686" confidence="0.9508927676800064">
<link xlink:type="simple" xlink:href="../036/7405036.xml">
The Return of the Soldier</link></movie>
</it> (1982)</entry>
<entry level="1" type="bullet">

 <it><movie wordnetid="106613686" confidence="0.9508927676800064">
<link xlink:type="simple" xlink:href="../747/2452747.xml">
Britannia Hospital</link></movie>
</it> (1982)</entry>
<entry level="1" type="bullet">

 <it><link>
The Wicked Lady</link></it> (1983)</entry>
<entry level="1" type="bullet">

 <it><movie wordnetid="106613686" confidence="0.9508927676800064">
<link xlink:type="simple" xlink:href="../210/3814210.xml">
Duet for One</link></movie>
</it> (1986)</entry>
<entry level="1" type="bullet">

 <it><movie wordnetid="106613686" confidence="0.9508927676800064">
<link xlink:type="simple" xlink:href="../332/12466332.xml">
A Prayer for the Dying</link></movie>
</it> (1987)</entry>
<entry level="1" type="bullet">

 <it><link>
We Think the World of you</link></it> (1988)</entry>
<entry level="1" type="bullet">

 <it><link>
Force majeure</link></it> (1989)</entry>
<entry level="1" type="bullet">

 <it><movie wordnetid="106613686" confidence="0.9508927676800064">
<link xlink:type="simple" xlink:href="../401/101401.xml">
Hamlet</link></movie>
</it> (1990)</entry>
<entry level="1" type="bullet">

 <it><album wordnetid="106591815" confidence="0.9508927676800064">
<movie wordnetid="106613686" confidence="0.9508927676800064">
<link xlink:type="simple" xlink:href="../476/142476.xml">
Gosford Park</link></movie>
</album>
 (2001)</it></entry>
<entry level="1" type="bullet">

 <it><movie wordnetid="106613686" confidence="0.9508927676800064">
<link xlink:type="simple" xlink:href="../228/2903228.xml">
The Mothman Prophecies</link></movie>
 (2002)</it></entry>
</list>
</p>

</sec>
<sec>
<st>
Awards</st>
<p>

<list>
<entry level="1" type="bullet">

 2002 Best Actor Tony and Drama Desk, for <it>Fortune's Fool</it> </entry>
<entry level="1" type="bullet">

 2000 Drama Desk and Lucille Lortel Award for <it>Unexpected Man''</it></entry>
<entry level="1" type="bullet">

 1983 Variety Club Award for <it>A Patriot for Me''</it></entry>
<entry level="1" type="bullet">

 1975 Variety Club Award for <it>Otherwise Engaged''</it></entry>
<entry level="1" type="bullet">

 1971 Evening Standard Best Actor Award for <it>Butley''</it></entry>
<entry level="1" type="bullet">

 1972 Best Actor Tony for <it>Butley</it> (a performance he recreated in the film version of the same name, <it><product wordnetid="104007894" confidence="0.8">
<creation wordnetid="103129123" confidence="0.8">
<artifact wordnetid="100021939" confidence="0.8">
<event wordnetid="100029378" confidence="0.8">
<social_event wordnetid="107288639" confidence="0.8">
<movie wordnetid="106613686" confidence="0.8">
<show wordnetid="106619065" confidence="0.8">
<psychological_feature wordnetid="100023100" confidence="0.8">
<link xlink:type="simple" xlink:href="../017/5339017.xml">
Butley</link></psychological_feature>
</show>
</movie>
</social_event>
</event>
</artifact>
</creation>
</product>
</it> in 1974)</entry>
<entry level="1" type="bullet">

 1959 Clarence Derwent Award for <it>A Long Day's Journey Into Night''</it></entry>
</list>
</p>

<p>

<table style="margin:0.5em auto; font-size:95%;clear:both;" class="wikitable">
<row>
<header colspan="3" style="background: #FFF179;">
Awards and achievements</header>
</row>
<row style="text-align: center;">
</row>
<row style="text-align:center;">
<col align="center" width="30%" rowspan="1">
Preceded&nbsp;by<b><physical_entity wordnetid="100001930" confidence="0.8">
<person wordnetid="100007846" confidence="0.8">
<performer wordnetid="110415638" confidence="0.8">
<causal_agent wordnetid="100007347" confidence="0.8">
<actor wordnetid="109765278" confidence="0.8">
<entertainer wordnetid="109616922" confidence="0.8">
<link xlink:type="simple" xlink:href="../286/8148286.xml">
Richard Easton</link></entertainer>
</actor>
</causal_agent>
</performer>
</person>
</physical_entity>
 for <it><play wordnetid="107007945" confidence="0.9508927676800064">
<link xlink:type="simple" xlink:href="../871/3623871.xml">
The Invention of Love</link></play>
</it></b></col>
<col style="text-align: center;" width="40%" rowspan="1">
<b><symbol wordnetid="106806469" confidence="0.8">
<award wordnetid="106696483" confidence="0.8">
<signal wordnetid="106791372" confidence="0.8">
<link xlink:type="simple" xlink:href="../203/16064203.xml">
Drama Desk Award for Outstanding Actor in a Play</link></signal>
</award>
</symbol>
</b>2001-2002<b>for <it><dramatic_composition wordnetid="107007684" confidence="0.8">
<play wordnetid="107007945" confidence="0.8">
<written_communication wordnetid="106349220" confidence="0.8">
<writing wordnetid="106362953" confidence="0.8">
<link xlink:type="simple" xlink:href="../739/8497739.xml">
Fortune's Fool</link></writing>
</written_communication>
</play>
</dramatic_composition>
</it></b></col>
<col align="center" width="30%" rowspan="1">
 Succeeded&nbsp;by<b><comedian wordnetid="109940146" confidence="0.9508927676800064">
<person wordnetid="100007846" confidence="0.9508927676800064">
<link xlink:type="simple" xlink:href="../983/143983.xml">
Eddie Izzard</link></person>
</comedian>
 for <it><dramatic_composition wordnetid="107007684" confidence="0.8">
<play wordnetid="107007945" confidence="0.8">
<written_communication wordnetid="106349220" confidence="0.8">
<writing wordnetid="106362953" confidence="0.8">
<link xlink:type="simple" xlink:href="../943/1700943.xml">
A Day in the Death of Joe Egg</link></writing>
</written_communication>
</play>
</dramatic_composition>
</it></b></col>
</row>
</table>
</p>

</sec>
<sec>
<st>
References</st>

<p>

<reflist>
<entry id="1">
"<weblink xlink:type="simple" xlink:href="http://www.filmreference.com/film/5/Alan-Bates.html">
Alan Bates Biography</weblink>".&#32;<it>filmreference.com</it>.&#32;Retrieved on <link>
2007-09-15</link>.</entry>
<entry id="2">
Karen Rappaport.&#32;"<weblink xlink:type="simple" xlink:href="http://alanbates.com/abfeatures/bio.html">
Alan Bates Biography</weblink>".&#32;<it>The Alan Bates Archive</it>.&#32;Retrieved on <link>
2008-04-11</link>.</entry>
<entry id="3">
<weblink xlink:type="simple" xlink:href="http://www.bbc.co.uk/derby/features/famous_derby/alan_bates.shtml">
BBC - Derby - Around Derby - Famous Derby - Sir Alan Bates biography</weblink></entry>
<entry id="4">
Spoto, Donald&#32;(19 May 2007).&#32;"<weblink xlink:type="simple" xlink:href="http://www.dailymail.co.uk/pages/live/femail/article.html?in_article_id=455884&amp;in_page_id=1879">
Alan Bates's Secret Gay Affair with Ice Skater John Curry</weblink>", <it>The Daily Mail</it>.&#32;Retrieved on <link>
2007-09-15</link>.&nbsp;</entry>
<entry id="5">
 <cite id="Reference-Spoto-2007" style="font-style:normal" class="book">Spoto, Donald&#32;(2007). Otherwise Engaged: The Life of Alan Bates.&#32;London:&#32;Hutchinson. ISBN 0091797357.</cite>&nbsp;</entry>
<entry id="6">
Karen Rappaport.&#32;"<weblink xlink:type="simple" xlink:href="http://www.alanbates.com/news.html">
News</weblink>".&#32;<it>The Alan Bates Archive</it>.&#32;Retrieved on <link>
2007-09-15</link>.</entry>
<entry id="7">
Albany Trust
Homosexual Law Reform Society&#32;(1984).&#32;"<weblink xlink:type="simple" xlink:href="http://www.aim25.ac.uk/cgi-bin/search2?coll_id=3213&amp;inst_id=1">
GB 0097 HCA / Albany Trust</weblink>".&#32;<it>AIM25</it>.&#32;  British Library of Political and Economic Science.&#32;Retrieved on <link>
2008-04-10</link>.</entry>
<entry id="8">
Michael Billington&#32;(29 December 2003).&#32;"<weblink xlink:type="simple" xlink:href="http://film.guardian.co.uk/News_Story/Guardian/0,4029,1113685,00.html">
Sir Alan Bates</weblink>", <it>The Guardian</it>.&#32;Retrieved on <link>
2007-11-04</link>.&nbsp;</entry>
<entry id="9">
"<weblink xlink:type="simple" xlink:href="http://www.tristanbatestheatre.co.uk/about.htm">
About Tristan Bates Theatre</weblink>".&#32;  Tristan Bates Theatre.&#32;Retrieved on <link>
2007-11-08</link>.</entry>
</reflist>
</p>

</sec>
<sec>
<st>
External links</st>
<p>

<list>
<entry level="1" type="bullet">

 <weblink xlink:type="simple" xlink:href="http://www.imdb.com/name/nm0000869/">
Alan Bates</weblink> at the <web_site wordnetid="106359193" confidence="0.9508927676800064">
<link xlink:type="simple" xlink:href="../554/2855554.xml">
Internet Movie Database</link></web_site>
</entry>
<entry level="1" type="bullet">

 <weblink xlink:type="simple" xlink:href="http://www.alanbates.com">
The Alan Bates Archive</weblink></entry>
</list>
</p>

<p>

<table style=";" class="navbox" cellspacing="0">
<row>
<col style="padding:2px;">
<table style="width:100%;background:transparent;color:inherit;;" class="nowraplinks collapsible autocollapse " cellspacing="0">
<row>
<header colspan="2" style=";background: #C0C0C0;" class="navbox-title">
<symbol wordnetid="106806469" confidence="0.8">
<award wordnetid="106696483" confidence="0.8">
<signal wordnetid="106791372" confidence="0.8">
<link xlink:type="simple" xlink:href="../256/2386256.xml">
Tony Award for Best Performance by a Leading Actor in a Play</link></signal>
</award>
</symbol>
</header>
</row>
<row style="height:2px;">

</row>
<row>
<col colspan="2" style="width:100%;padding:0px;;;" class="navbox-list navbox-odd"><p>

<link>
José Ferrer</link> / <person wordnetid="100007846" confidence="0.9508927676800064">
<actor wordnetid="109765278" confidence="0.9508927676800064">
<link xlink:type="simple" xlink:href="../556/63556.xml">
Fredric March</link></actor>
</person>
 (1947)&nbsp;· 
<person wordnetid="100007846" confidence="0.9508927676800064">
<actor wordnetid="109765278" confidence="0.9508927676800064">
<link xlink:type="simple" xlink:href="../228/46228.xml">
Henry Fonda</link></actor>
</person>
 / <actor wordnetid="109765278" confidence="0.9173553029164789">
<link xlink:type="simple" xlink:href="../682/1717682.xml">
Paul Kelly</link></actor>
 / <person wordnetid="100007846" confidence="0.9508927676800064">
<actor wordnetid="109765278" confidence="0.9508927676800064">
<link xlink:type="simple" xlink:href="../a$ll/Freescale_D$ragonB$all.xml">
Basil Rathbone</link></actor>
</person>
 (1948)&nbsp;· 
<person wordnetid="100007846" confidence="0.9508927676800064">
<actor wordnetid="109765278" confidence="0.9508927676800064">
<link xlink:type="simple" xlink:href="../019/99019.xml">
Rex Harrison</link></actor>
</person>
 (1949)&nbsp;· 
<person wordnetid="100007846" confidence="0.9508927676800064">
<actor wordnetid="109765278" confidence="0.9508927676800064">
<link xlink:type="simple" xlink:href="../856/901856.xml">
Sidney Blackmer</link></actor>
</person>
 (1950)&nbsp;· 
<person wordnetid="100007846" confidence="0.9508927676800064">
<actor wordnetid="109765278" confidence="0.9173553029164789">
<link xlink:type="simple" xlink:href="../527/63527.xml">
Claude Rains</link></actor>
</person>
 (1951)&nbsp;· 
<link>
José Ferrer</link> (1952)&nbsp;· 
<actor wordnetid="109765278" confidence="0.9508927676800064">
<link xlink:type="simple" xlink:href="../812/1374812.xml">
Tom Ewell</link></actor>
 (1953)&nbsp;· 
<actor wordnetid="109765278" confidence="0.9508927676800064">
<link xlink:type="simple" xlink:href="../563/1939563.xml">
David Wayne</link></actor>
 (1954)&nbsp;· 
<actor wordnetid="109765278" confidence="0.9508927676800064">
<link xlink:type="simple" xlink:href="../776/144776.xml">
Alfred Lunt</link></actor>
 (1955)&nbsp;· 
<person wordnetid="100007846" confidence="0.9508927676800064">
<actor wordnetid="109765278" confidence="0.9508927676800064">
<link xlink:type="simple" xlink:href="../188/45188.xml">
Paul Muni</link></actor>
</person>
 (1956)&nbsp;· 
<person wordnetid="100007846" confidence="0.9508927676800064">
<actor wordnetid="109765278" confidence="0.9508927676800064">
<link xlink:type="simple" xlink:href="../556/63556.xml">
Fredric March</link></actor>
</person>
 (1957)&nbsp;· 
<person wordnetid="100007846" confidence="0.9508927676800064">
<actor wordnetid="109765278" confidence="0.9173553029164789">
<link xlink:type="simple" xlink:href="../975/520975.xml">
Ralph Bellamy</link></actor>
</person>
 (1958)&nbsp;· 
<actor wordnetid="109765278" confidence="0.9508927676800064">
<link xlink:type="simple" xlink:href="../482/312482.xml">
Jason Robards, Jr.</link></actor>
 (1959)&nbsp;· 
<person wordnetid="100007846" confidence="0.9508927676800064">
<actor wordnetid="109765278" confidence="0.9508927676800064">
<link xlink:type="simple" xlink:href="../914/161914.xml">
Melvyn Douglas</link></actor>
</person>
 (1960)&nbsp;· 
<person wordnetid="100007846" confidence="0.9508927676800064">
<actor wordnetid="109765278" confidence="0.9508927676800064">
<link xlink:type="simple" xlink:href="../772/571772.xml">
Zero Mostel</link></actor>
</person>
 (1961)&nbsp;· 
<actor wordnetid="109765278" confidence="0.9173553029164789">
<link xlink:type="simple" xlink:href="../943/67943.xml">
Paul Scofield</link></actor>
 (1962)&nbsp;· 
<actor wordnetid="109765278" confidence="0.9508927676800064">
<link xlink:type="simple" xlink:href="../308/2936308.xml">
Arthur Hill</link></actor>
 (1963)&nbsp;· 
<person wordnetid="100007846" confidence="0.9508927676800064">
<actor wordnetid="109765278" confidence="0.9508927676800064">
<link xlink:type="simple" xlink:href="../828/19672828.xml">
Alec Guinness</link></actor>
</person>
 (1964)&nbsp;· 
<person wordnetid="100007846" confidence="0.9508927676800064">
<actor wordnetid="109765278" confidence="0.9508927676800064">
<link xlink:type="simple" xlink:href="../811/62811.xml">
Walter Matthau</link></actor>
</person>
 (1965)&nbsp;· 
<actor wordnetid="109765278" confidence="0.9508927676800064">
<link xlink:type="simple" xlink:href="../619/870619.xml">
Hal Holbrook</link></actor>
 (1966)&nbsp;· 
<physical_entity wordnetid="100001930" confidence="0.8">
<person wordnetid="100007846" confidence="0.8">
<performer wordnetid="110415638" confidence="0.8">
<causal_agent wordnetid="100007347" confidence="0.8">
<actor wordnetid="109765278" confidence="0.8">
<entertainer wordnetid="109616922" confidence="0.8">
<link xlink:type="simple" xlink:href="../664/6764664.xml">
Paul Rogers</link></entertainer>
</actor>
</causal_agent>
</performer>
</person>
</physical_entity>
 (1967)&nbsp;· 
<actor wordnetid="109765278" confidence="0.9173553029164789">
<link xlink:type="simple" xlink:href="../244/709244.xml">
Martin Balsam</link></actor>
 (1968)&nbsp;· 
<person wordnetid="100007846" confidence="0.9508927676800064">
<actor wordnetid="109765278" confidence="0.9173553029164789">
<link xlink:type="simple" xlink:href="../049/18622049.xml">
James Earl Jones</link></actor>
</person>
 (1969)&nbsp;· 
<actor wordnetid="109765278" confidence="0.9508927676800064">
<link xlink:type="simple" xlink:href="../350/1471350.xml">
Fritz Weaver</link></actor>
 (1970)&nbsp;· 
<actor wordnetid="109765278" confidence="0.9508927676800064">
<link xlink:type="simple" xlink:href="../473/4166473.xml">
Brian Bedford</link></actor>
 (1971)&nbsp;· 
<actor wordnetid="109765278" confidence="0.9173553029164789">
<link xlink:type="simple" xlink:href="../494/7161494.xml">
Cliff Gorman</link></actor>
 (1972)&nbsp;· 
<person wordnetid="100007846" confidence="0.9508927676800064">
<actor wordnetid="109765278" confidence="0.9173553029164789">
<link xlink:type="simple" xlink:href="../907/161907.xml">
Alan Bates</link></actor>
</person>
 (1973)&nbsp;· 
<actor wordnetid="109765278" confidence="0.9508927676800064">
<link xlink:type="simple" xlink:href="../718/916718.xml">
Michael Moriarty</link></actor>
 (1974)&nbsp;· 
<physical_entity wordnetid="100001930" confidence="0.8">
<communicator wordnetid="109610660" confidence="0.8">
<person wordnetid="100007846" confidence="0.8">
<performer wordnetid="110415638" confidence="0.8">
<causal_agent wordnetid="100007347" confidence="0.8">
<actor wordnetid="109765278" confidence="0.8">
<writer wordnetid="110794014" confidence="0.8">
<dramatist wordnetid="110030277" confidence="0.8">
<entertainer wordnetid="109616922" confidence="0.8">
<link xlink:type="simple" xlink:href="../434/1141434.xml">
John Kani</link></entertainer>
</dramatist>
</writer>
</actor>
</causal_agent>
</performer>
</person>
</communicator>
</physical_entity>
 / <physical_entity wordnetid="100001930" confidence="0.8">
<communicator wordnetid="109610660" confidence="0.8">
<person wordnetid="100007846" confidence="0.8">
<performer wordnetid="110415638" confidence="0.8">
<causal_agent wordnetid="100007347" confidence="0.8">
<actor wordnetid="109765278" confidence="0.8">
<writer wordnetid="110794014" confidence="0.8">
<dramatist wordnetid="110030277" confidence="0.8">
<entertainer wordnetid="109616922" confidence="0.8">
<link xlink:type="simple" xlink:href="../965/701965.xml">
Winston Ntshona</link></entertainer>
</dramatist>
</writer>
</actor>
</causal_agent>
</performer>
</person>
</communicator>
</physical_entity>
(1975)</p>
</col>
</row>
<row style="height:2px;">

</row>
<row>
<col colspan="2" style=";background: transparent; border-top: 1px solid #C0C0C0;" class="navbox-abovebelow"><p>


&nbsp;· 
&nbsp;· 
</p>
</col>
</row>
</table>
</col>
</row>
</table>
</p>

<p>

<table style=";" class="navbox" cellspacing="0">
<row>
<col style="padding:2px;">
<table style="width:100%;background:transparent;color:inherit;;" class="nowraplinks collapsible autocollapse " cellspacing="0">
<row>
<header colspan="2" style=";background: #C0C0C0;" class="navbox-title">
<symbol wordnetid="106806469" confidence="0.8">
<award wordnetid="106696483" confidence="0.8">
<signal wordnetid="106791372" confidence="0.8">
<link xlink:type="simple" xlink:href="../256/2386256.xml">
Tony Award for Best Performance by a Leading Actor in a Play</link></signal>
</award>
</symbol>
</header>
</row>
<row style="height:2px;">

</row>
<row>
<col colspan="2" style="width:100%;padding:0px;;;" class="navbox-list navbox-odd"><p>

<physical_entity wordnetid="100001930" confidence="0.8">
<person wordnetid="100007846" confidence="0.8">
<performer wordnetid="110415638" confidence="0.8">
<causal_agent wordnetid="100007347" confidence="0.8">
<actor wordnetid="109765278" confidence="0.8">
<entertainer wordnetid="109616922" confidence="0.8">
<link xlink:type="simple" xlink:href="../286/8148286.xml">
Richard Easton</link></entertainer>
</actor>
</causal_agent>
</performer>
</person>
</physical_entity>
 (2001)&nbsp;· 
<person wordnetid="100007846" confidence="0.9508927676800064">
<actor wordnetid="109765278" confidence="0.9173553029164789">
<link xlink:type="simple" xlink:href="../907/161907.xml">
Alan Bates</link></actor>
</person>
 (2002)&nbsp;· 
<person wordnetid="100007846" confidence="0.9508927676800064">
<actor wordnetid="109765278" confidence="0.9173553029164789">
<link xlink:type="simple" xlink:href="../318/1067318.xml">
Brian Dennehy</link></actor>
</person>
 (2003)&nbsp;· 
<actor wordnetid="109765278" confidence="0.9508927676800064">
<link xlink:type="simple" xlink:href="../492/1511492.xml">
Jefferson Mays</link></actor>
 (2004)&nbsp;· 
<person wordnetid="100007846" confidence="0.9508927676800064">
<actor wordnetid="109765278" confidence="0.9173553029164789">
<link xlink:type="simple" xlink:href="../831/1061831.xml">
Bill Irwin</link></actor>
</person>
 (2005)&nbsp;· 
<person wordnetid="100007846" confidence="0.9508927676800064">
<actor wordnetid="109765278" confidence="0.9508927676800064">
<link xlink:type="simple" xlink:href="../515/1745515.xml">
Richard Griffiths</link></actor>
</person>
 (2006)&nbsp;· 
<actor wordnetid="109765278" confidence="0.9508927676800064">
<link xlink:type="simple" xlink:href="../454/893454.xml">
Frank Langella</link></actor>
 (2007)&nbsp;· 
<actor wordnetid="109765278" confidence="0.9508927676800064">
<link xlink:type="simple" xlink:href="../406/2227406.xml">
Mark Rylance</link></actor>
(2008)</p>
</col>
</row>
<row style="height:2px;">

</row>
<row>
<col colspan="2" style=";background: transparent; border-top: 1px solid #C0C0C0;" class="navbox-abovebelow"><p>


&nbsp;· 
&nbsp;· 
</p>
</col>
</row>
</table>
</col>
</row>
</table>
</p>






<p>

<table id="persondata" class="persondata">
<header colspan="2">
 </header>
<row>
<col class="persondata-label">
NAME</col>
<col>
Bates, Alan</col>
</row>
<row>
<col class="persondata-label">
ALTERNATIVE NAMES</col>
<col>
Bates, Alan Arthur</col>
</row>
<row>
<col class="persondata-label">
SHORT DESCRIPTION</col>
<col>
 <link xlink:type="simple" xlink:href="../753/753.xml">
Actor</link></col>
</row>
<row>
<col class="persondata-label">
DATE OF BIRTH</col>
<col>
1934-02-17</col>
</row>
<row>
<col class="persondata-label">
PLACE OF BIRTH</col>
<col>
 <site wordnetid="108651247" confidence="0.9508927676800064">
<link xlink:type="simple" xlink:href="../231/1005231.xml">
Allestree</link></site>
, <link xlink:type="simple" xlink:href="../070/71070.xml">
Derbyshire</link>, <country wordnetid="108544813" confidence="0.9508927676800064">
<link xlink:type="simple" xlink:href="../316/9316.xml">
England</link></country>
, <autocracy wordnetid="108361001" confidence="0.8">
<system wordnetid="108435388" confidence="0.8">
<social_group wordnetid="107950920" confidence="0.8">
<political_orientation wordnetid="106212839" confidence="0.8">
<monarchy wordnetid="108363812" confidence="0.8">
<state wordnetid="108168978" confidence="0.8">
<political_unit wordnetid="108359949" confidence="0.8">
<political_system wordnetid="108367880" confidence="0.8">
<economy wordnetid="108366753" confidence="0.8">
<group wordnetid="100031264" confidence="0.8">
<democracy wordnetid="106217103" confidence="0.8">
<link xlink:type="simple" xlink:href="../717/31717.xml">
UK</link></democracy>
</group>
</economy>
</political_system>
</political_unit>
</state>
</monarchy>
</political_orientation>
</social_group>
</system>
</autocracy>
</col>
</row>
<row>
<col class="persondata-label">
DATE OF DEATH</col>
<col>
2003-12-27</col>
</row>
<row>
<col class="persondata-label">
PLACE OF DEATH</col>
<col>
 <village wordnetid="108672738" confidence="0.9508927676800064">
<link xlink:type="simple" xlink:href="../867/17867.xml">
London</link></village>
, <country wordnetid="108544813" confidence="0.9508927676800064">
<link xlink:type="simple" xlink:href="../316/9316.xml">
England</link></country>
, <autocracy wordnetid="108361001" confidence="0.8">
<system wordnetid="108435388" confidence="0.8">
<social_group wordnetid="107950920" confidence="0.8">
<political_orientation wordnetid="106212839" confidence="0.8">
<monarchy wordnetid="108363812" confidence="0.8">
<state wordnetid="108168978" confidence="0.8">
<political_unit wordnetid="108359949" confidence="0.8">
<political_system wordnetid="108367880" confidence="0.8">
<economy wordnetid="108366753" confidence="0.8">
<group wordnetid="100031264" confidence="0.8">
<democracy wordnetid="106217103" confidence="0.8">
<link xlink:type="simple" xlink:href="../717/31717.xml">
UK</link></democracy>
</group>
</economy>
</political_system>
</political_unit>
</state>
</monarchy>
</political_orientation>
</social_group>
</system>
</autocracy>
</col>
</row>
</table>





















</p>

</sec>
</bdy>
</commanding_officer>
</actor>
</entity>
</narrator>
</person>
</article>
