<?xml version="1.0" encoding="UTF-8"?>
<!-- generated by CLiX/Wiki2XML [MPI-Inf, MMCI@UdS] $LastChangedRevision: 92 $ on 16.04.2009 16:23:44[mciao0827] -->
<!DOCTYPE article SYSTEM "../article.dtd">
<article xmlns:xlink="http://www.w3.org/1999/xlink">
<person  confidence="0.9508927676800064" wordnetid="100007846">
<entity  confidence="0.9511911446218017" wordnetid="100001740">
<actor  confidence="0.9173553029164789" wordnetid="109765278">
<military_officer  confidence="0.9511911446218017" wordnetid="110317007">
<header>
<title>John Le Mesurier</title>
<id>163382</id>
<revision>
<id>243178403</id>
<timestamp>2008-10-05T13:47:41Z</timestamp>
<contributor>
<username>21stCenturyGreenstuff</username>
<id>6295372</id>
</contributor>
</revision>
<categories>
<category>British Army personnel of World War II</category>
<category>English television actors</category>
<category>Royal Tank Regiment officers</category>
<category>Old Shirburnians</category>
<category>English voice actors</category>
<category>English stage actors</category>
<category>English radio actors</category>
<category>People from Bedford</category>
<category>English film actors</category>
<category>1983 deaths</category>
<category>1912 births</category>
</categories>
</header>
<bdy>
<template>
<name>Infobox actor</name>
<parameters>

<image width="150px" src="John_Le_Mesurier_B&amp;W.jpg">
</image>
<children>
Kim and Robin (by Jacques)</children>
<deathdate>
15 November 1983 (aged&nbsp;71)</deathdate>
<spouse>
June Melville (1939–47)<person wordnetid="100007846" confidence="0.9508927676800064">
<actor wordnetid="109765278" confidence="0.9508927676800064">
<link xlink:type="simple" xlink:href="../997/158997.xml">
Hattie Jacques</link></actor>
</person>
 (1949–65)Joan Malin (1965–83)</spouse>
<name>
John Le Mesurier</name>
<birthdate>
5 April 1912(1912-04-05)</birthdate>
<occupation>
Comedy actor, film actor</occupation>
<imagesize>
180px</imagesize>
<deathplace>
<region wordnetid="108630985" confidence="0.8">
<location wordnetid="100027167" confidence="0.8">
<district wordnetid="108552138" confidence="0.8">
<link xlink:type="simple" xlink:href="../452/478452.xml">
Thanet</link></district>
</location>
</region>
, <county wordnetid="108546183" confidence="0.9508927676800064">
<link xlink:type="simple" xlink:href="../766/16766.xml">
Kent</link></county>
, England</deathplace>
<restingplace>
Church of St. George the Martyr, Church Hill, Ramsgate</restingplace>
<nationality>
British</nationality>
<residence>
<site wordnetid="108651247" confidence="0.9508927676800064">
<link xlink:type="simple" xlink:href="../352/324352.xml">
Ramsgate</link></site>
, <county wordnetid="108546183" confidence="0.9508927676800064">
<link xlink:type="simple" xlink:href="../766/16766.xml">
Kent</link></county>
</residence>
<birthplace>
<site wordnetid="108651247" confidence="0.9508927676800064">
<link xlink:type="simple" xlink:href="../772/69772.xml">
Bedford</link></site>
, <county wordnetid="108546183" confidence="0.9508927676800064">
<link xlink:type="simple" xlink:href="../769/69769.xml">
Bedfordshire</link></county>
, England</birthplace>
</parameters>
</template>


For other people of this name, see <link xlink:type="simple" xlink:href="../191/15476191.xml">
John Le Mesurier (disambiguation)</link>.
<p>

<b>John Le Mesurier</b> (born <b>John Charles Elton Le Mesurier De Somerys Halliley</b>; 5 April 1912 &ndash; 15 November 1983) was a <link xlink:type="simple" xlink:href="../943/147943.xml">
BAFTA</link> Award-winning English actor. He is most famous for his role as <fictional_character wordnetid="109587565" confidence="0.8">
<imaginary_being wordnetid="109483738" confidence="0.8">
<link xlink:type="simple" xlink:href="../837/4103837.xml">
Sergeant Arthur Wilson</link></imaginary_being>
</fictional_character>
 on the popular 1970s BBC comedy <it><series wordnetid="108457976" confidence="0.9508927676800064">
<link xlink:type="simple" xlink:href="../168/68168.xml">
Dad's Army</link></series>
</it>.</p>

<sec>
<st>
Career</st>
<p>

Le Mesurier was born in Chaucer Road, <site wordnetid="108651247" confidence="0.9508927676800064">
<link xlink:type="simple" xlink:href="../772/69772.xml">
Bedford</link></site>
, <county wordnetid="108546183" confidence="0.9508927676800064">
<link xlink:type="simple" xlink:href="../769/69769.xml">
Bedfordshire</link></county>
, England in 1912.<ref xlink:type="simple" xlink:href="#xpointer(//reflist/entry[@id=%221%22])">1</ref>, the son of a <link xlink:type="simple" xlink:href="../777/89777.xml">
solicitor</link>, Charles Elton Halliley and Amy Michelle Le Mesurier, who was from an ancient family from <country wordnetid="108544813" confidence="0.9508927676800064">
<link xlink:type="simple" xlink:href="../647/171647.xml">
Alderney</link></country>
 in the <link xlink:type="simple" xlink:href="../643/5643.xml">
Channel Islands</link>. Le Mesurier was educated at <school wordnetid="108276720" confidence="0.9508927676800064">
<link xlink:type="simple" xlink:href="../261/672261.xml">
Sherborne School</link></school>
, and began to study acting at the age of 20, using his mother's maiden name (common in the Channel Islands) <it>Le Mesurier</it> (pronounced 'Le Measurer') as his stage name. He was commissioned into the <military_unit wordnetid="108198398" confidence="0.9508927676800064">
<link xlink:type="simple" xlink:href="../588/949588.xml">
Royal Tank Regiment</link></military_unit>
 in 1941 and served in the UK and India in World War II, reaching the rank of <rank wordnetid="114429985" confidence="0.8">
<military_rank wordnetid="114431471" confidence="0.8">
<status wordnetid="113945919" confidence="0.8">
<state wordnetid="100024720" confidence="0.8">
<link xlink:type="simple" xlink:href="../187/6461187.xml">
captain</link></state>
</status>
</military_rank>
</rank>
.</p>
<p>

Le Mesurier appeared in over 100 films, including <it><movie wordnetid="106613686" confidence="0.9508927676800064">
<link xlink:type="simple" xlink:href="../639/1381639.xml">
Private's Progress</link></movie>
</it>  (1956), <it><situation_comedy wordnetid="107017733" confidence="0.8">
<announcement wordnetid="106746580" confidence="0.8">
<beginning wordnetid="100235435" confidence="0.8">
<comedy wordnetid="107015510" confidence="0.8">
<change wordnetid="100191142" confidence="0.8">
<literary_composition wordnetid="106364329" confidence="0.8">
<written_communication wordnetid="106349220" confidence="0.8">
<writing wordnetid="106362953" confidence="0.8">
<drama wordnetid="106376154" confidence="0.8">
<statement wordnetid="106722453" confidence="0.8">
<message wordnetid="106598915" confidence="0.8">
<change_of_state wordnetid="100199130" confidence="0.8">
<writing_style wordnetid="107092158" confidence="0.8">
<program wordnetid="106748466" confidence="0.8">
<event wordnetid="100029378" confidence="0.8">
<action wordnetid="100037396" confidence="0.8">
<fiction wordnetid="106367107" confidence="0.8">
<act wordnetid="100030358" confidence="0.8">
<psychological_feature wordnetid="100023100" confidence="0.8">
<novel wordnetid="106367879" confidence="0.8">
<expressive_style wordnetid="107066659" confidence="0.8">
<introduction wordnetid="100238022" confidence="0.8">
<link xlink:type="simple" xlink:href="../715/6202715.xml">
Brothers in Law</link></introduction>
</expressive_style>
</novel>
</psychological_feature>
</act>
</fiction>
</action>
</event>
</program>
</writing_style>
</change_of_state>
</message>
</statement>
</drama>
</writing>
</written_communication>
</literary_composition>
</change>
</comedy>
</beginning>
</announcement>
</situation_comedy>
</it>  (1957), <it><movie wordnetid="106613686" confidence="0.9508927676800064">
<link xlink:type="simple" xlink:href="../125/16648125.xml">
Carlton-Browne of the F.O.</link></movie>
</it>  (1959), <it><movie wordnetid="106613686" confidence="0.9508927676800064">
<link xlink:type="simple" xlink:href="../956/1239956.xml">
I'm All Right Jack</link></movie>
</it>  (1959), <it><movie wordnetid="106613686" confidence="0.9508927676800064">
<link xlink:type="simple" xlink:href="../440/5663440.xml">
The Hound of the Baskervilles</link></movie>
</it>  (1959), <it>Doctor in Love</it>  (1960), <it><movie wordnetid="106613686" confidence="0.9508927676800064">
<link xlink:type="simple" xlink:href="../470/1381470.xml">
The Pure Hell of St Trinian's</link></movie>
</it> (1960), <it><movie wordnetid="106613686" confidence="0.9508927676800064">
<link xlink:type="simple" xlink:href="../326/2179326.xml">
The Wrong Arm of the Law</link></movie>
</it>  (1963), <it><movie wordnetid="106613686" confidence="0.9508927676800064">
<link xlink:type="simple" xlink:href="../169/2609169.xml">
The Pink Panther</link></movie>
</it>  (1963), <it>Our Man in Marrakesh</it>  (1966), <it><movie wordnetid="106613686" confidence="0.9508927676800064">
<link xlink:type="simple" xlink:href="../204/2025204.xml">
The Wrong Box</link></movie>
</it>  (1966), <it><movie wordnetid="106613686" confidence="0.9508927676800064">
<link xlink:type="simple" xlink:href="../195/16907195.xml">
The Italian Job</link></movie>
</it>  (1969), and <it>The Alf Garnett Saga</it>  (1972). In <it><movie wordnetid="106613686" confidence="0.9508927676800064">
<link xlink:type="simple" xlink:href="../342/1343342.xml">
Ben-Hur</link></movie>
</it> (1959) he has an uncredited cameo role as a doctor. He also appeared in most of <person wordnetid="100007846" confidence="0.9508927676800064">
<actor wordnetid="109765278" confidence="0.9173553029164789">
<link xlink:type="simple" xlink:href="../972/36972.xml">
Tony Hancock</link></actor>
</person>
's films and many episodes of his television series. His final film was with <person wordnetid="100007846" confidence="0.9508927676800064">
<actor wordnetid="109765278" confidence="0.9508927676800064">
<link xlink:type="simple" xlink:href="../518/24518.xml">
Peter Sellers</link></actor>
</person>
 in <it><movie wordnetid="106613686" confidence="0.9508927676800064">
<link xlink:type="simple" xlink:href="../210/1466210.xml">
The Fiendish Plot of Dr. Fu Manchu</link></movie>
</it> in 1980.  In most of his performances, he presented an impression of good-natured vagueness, which acquaintances claim was close to his true personality. </p>
<p>

Le Mesurier's most popular TV (and radio) role was as the upper-class <fictional_character wordnetid="109587565" confidence="0.8">
<imaginary_being wordnetid="109483738" confidence="0.8">
<link xlink:type="simple" xlink:href="../837/4103837.xml">
Sergeant Arthur Wilson</link></imaginary_being>
</fictional_character>
 in <it><series wordnetid="108457976" confidence="0.9508927676800064">
<link xlink:type="simple" xlink:href="../168/68168.xml">
Dad's Army</link></series>
</it> from 1968 to 1977.  He accepted that role after finding out <person wordnetid="100007846" confidence="0.9508927676800064">
<actor wordnetid="109765278" confidence="0.9508927676800064">
<link xlink:type="simple" xlink:href="../131/576131.xml">
Clive Dunn</link></actor>
</person>
, with whom he had worked in the <structure wordnetid="104341686" confidence="0.8">
<building wordnetid="102913152" confidence="0.8">
<artifact wordnetid="100021939" confidence="0.8">
<company wordnetid="108058098" confidence="0.8">
<theater wordnetid="104417809" confidence="0.8">
<institution wordnetid="108053576" confidence="0.8">
<link xlink:type="simple" xlink:href="../970/1665970.xml">
Players' Theatre</link></institution>
</theater>
</company>
</artifact>
</building>
</structure>
, would be playing the part of Corporal Jones.  He gave a memorable performance in <writer wordnetid="110794014" confidence="0.9508927676800064">
<novelist wordnetid="110363573" confidence="0.9173553029164789">
<link xlink:type="simple" xlink:href="../639/163639.xml">
Dennis Potter</link></novelist>
</writer>
's play <it><link xlink:type="simple" xlink:href="../388/10424388.xml">
Traitor</link></it> (1971) which won him a Society of Film and Television Arts "Best Television Actor" award. Following the success of <it>Dad's Army</it>, Le Mesurier recorded several wartime songs as singles; <it><link xlink:type="simple" xlink:href="../341/5101341.xml">
A Nightingale Sang In Berkeley Square</link> / Hometown</it> (the latter with <person wordnetid="100007846" confidence="0.9508927676800064">
<actor wordnetid="109765278" confidence="0.9508927676800064">
<link xlink:type="simple" xlink:href="../481/251481.xml">
Arthur Lowe</link></actor>
</person>
) on the Warner label in 1975 and <it>There Ain't Much Change From A Pound These Days / After All These Years</it> with <person wordnetid="100007846" confidence="0.9508927676800064">
<actor wordnetid="109765278" confidence="0.9508927676800064">
<link xlink:type="simple" xlink:href="../131/576131.xml">
Clive Dunn</link></actor>
</person>
 on KA Records in 1982.</p>
<p>

For nearly 20 years until his death in 1983, he provided the original voice for the animated TV commercial character "Flour Grader Fred", a little man in a bowler hat who advertised <link>
Homepride Flour</link> and related products. (The character continues, voiced by other actors.)  In 1975, Le Mesurier narrated <it><series wordnetid="108457976" confidence="0.9508927676800064">
<link xlink:type="simple" xlink:href="../837/1740837.xml">
Bod</link></series>
</it>, an animated children's programme from the <network wordnetid="108434259" confidence="0.9508927676800064">
<link xlink:type="simple" xlink:href="../654/19344654.xml">
BBC</link></network>
. In the series, a boy named Bod, his aunt Flo, and their friends have rather strange adventures (like falling into a manhole and finding a giant strawberry). He portrayed <appearance wordnetid="105939432" confidence="0.8">
<representation wordnetid="105926676" confidence="0.8">
<fictional_character wordnetid="109587565" confidence="0.8">
<imaginary_being wordnetid="109483738" confidence="0.8">
<illusion wordnetid="105939636" confidence="0.8">
<ghost wordnetid="105898171" confidence="0.8">
<apparition wordnetid="105897553" confidence="0.8">
<link xlink:type="simple" xlink:href="../023/1626023.xml">
Jacob Marley</link></apparition>
</ghost>
</illusion>
</imaginary_being>
</fictional_character>
</representation>
</appearance>
 in a BBC television adaptation of <literary_composition wordnetid="106364329" confidence="0.8">
<written_communication wordnetid="106349220" confidence="0.8">
<writing wordnetid="106362953" confidence="0.8">
<fiction wordnetid="106367107" confidence="0.8">
<novel wordnetid="106367879" confidence="0.8">
<link xlink:type="simple" xlink:href="../670/73670.xml">
A Christmas Carol</link></novel>
</fiction>
</writing>
</written_communication>
</literary_composition>
, which starred <link xlink:type="simple" xlink:href="../227/164227.xml">
Sir Michael Hordern</link> as Scrooge. </p>
<p>

On radio, he reprised the role of Arthur Wilson in <it><statement wordnetid="106722453" confidence="0.8">
<music wordnetid="107020895" confidence="0.8">
<message wordnetid="106598915" confidence="0.8">
<episode wordnetid="106396330" confidence="0.8">
<announcement wordnetid="106746580" confidence="0.8">
<program wordnetid="106748466" confidence="0.8">
<auditory_communication wordnetid="107109019" confidence="0.8">
<written_communication wordnetid="106349220" confidence="0.8">
<writing wordnetid="106362953" confidence="0.8">
<section wordnetid="106392001" confidence="0.8">
<link xlink:type="simple" xlink:href="../322/351322.xml">
It Sticks Out Half a Mile</link></section>
</writing>
</written_communication>
</auditory_communication>
</program>
</announcement>
</episode>
</message>
</music>
</statement>
</it>, and played <link xlink:type="simple" xlink:href="../356/266356.xml#xpointer(//*[./st=%22Wise+Old+Bird=2C+The%22])">
The Wise Old Bird</link> in <it><statement wordnetid="106722453" confidence="0.8">
<message wordnetid="106598915" confidence="0.8">
<announcement wordnetid="106746580" confidence="0.8">
<program wordnetid="106748466" confidence="0.8">
<literary_composition wordnetid="106364329" confidence="0.8">
<written_communication wordnetid="106349220" confidence="0.8">
<writing wordnetid="106362953" confidence="0.8">
<fiction wordnetid="106367107" confidence="0.8">
<novel wordnetid="106367879" confidence="0.8">
<link xlink:type="simple" xlink:href="../353/31353.xml">
The Hitchhiker's Guide to the Galaxy</link></novel>
</fiction>
</writing>
</written_communication>
</literary_composition>
</program>
</announcement>
</message>
</statement>
</it> (1980) and <fictional_character wordnetid="109587565" confidence="0.8">
<imaginary_being wordnetid="109483738" confidence="0.8">
<hobbit wordnetid="109488995" confidence="0.8">
<link xlink:type="simple" xlink:href="../584/59584.xml">
Bilbo Baggins</link></hobbit>
</imaginary_being>
</fictional_character>
 in the BBC's <show wordnetid="100520257" confidence="0.9508927676800064">
<link xlink:type="simple" xlink:href="../506/516506.xml">
1981 radio version</link></show>
 of <it><literary_composition wordnetid="106364329" confidence="0.8">
<written_communication wordnetid="106349220" confidence="0.8">
<writing wordnetid="106362953" confidence="0.8">
<fiction wordnetid="106367107" confidence="0.8">
<novel wordnetid="106367879" confidence="0.8">
<link xlink:type="simple" xlink:href="../798/29798.xml">
The Lord of the Rings</link></novel>
</fiction>
</writing>
</written_communication>
</literary_composition>
</it> (1981).</p>
<p>

Elsewhere, Le Mesurier played a short but key character role in Granada TV's adaptation of <it><literary_composition wordnetid="106364329" confidence="0.8">
<written_communication wordnetid="106349220" confidence="0.8">
<writing wordnetid="106362953" confidence="0.8">
<fiction wordnetid="106367107" confidence="0.8">
<novel wordnetid="106367879" confidence="0.8">
<link xlink:type="simple" xlink:href="../133/214133.xml">
Brideshead Revisited</link></novel>
</fiction>
</writing>
</written_communication>
</literary_composition>
</it> in 1981 and guest starred in episodes of the British comedy television series <it><series wordnetid="108457976" confidence="0.9508927676800064">
<link xlink:type="simple" xlink:href="../954/4714954.xml">
The Goodies</link></series>
</it> and of <it><series wordnetid="108457976" confidence="0.9508927676800064">
<link xlink:type="simple" xlink:href="../809/1292809.xml">
Doctor in the House</link></series>
</it>.</p>

</sec>
<sec>
<st>
Private life</st>
<p>

<image location="right" width="150px" src="Lemesurier.png" type="frame">
<caption>

<it>The Times</it>: John le Mesurier wishes it to be known that he conked out on 15 November. He sadly misses family and friends.
</caption>
</image>

Le Mesurier was married three times:-</p>
<p>

<list>
<entry level="1" type="number">

The actress June Melville (1939–1947)</entry>
<entry level="1" type="number">

The <link xlink:type="simple" xlink:href="../375/179375.xml">
comedienne</link> <person wordnetid="100007846" confidence="0.9508927676800064">
<actor wordnetid="109765278" confidence="0.9508927676800064">
<link xlink:type="simple" xlink:href="../997/158997.xml">
Hattie Jacques</link></actor>
</person>
 (1949–1965); two sons Kim and Robin <ref xlink:type="simple" xlink:href="#xpointer(//reflist/entry[@id=%222%22])">2</ref></entry>
<entry level="1" type="number">

The actress Joan Malin (1965–1983)</entry>
</list>
</p>
<p>

When his second wife left him for a younger man, Le Mesurier allowed the press to give him the blame for the break-up. His best friend was the <link xlink:type="simple" xlink:href="../375/179375.xml">
comedian</link> <person wordnetid="100007846" confidence="0.9508927676800064">
<actor wordnetid="109765278" confidence="0.9173553029164789">
<link xlink:type="simple" xlink:href="../972/36972.xml">
Tony Hancock</link></actor>
</person>
, a friendship which was tested by a difficult period early in his third marriage, when his third wife left him for Hancock, only to return a year later. All this was not known to the general public at the time. In private life, the actor was a heavy drinker. </p>
<p>

Towards the end of <it><series wordnetid="108457976" confidence="0.9508927676800064">
<link xlink:type="simple" xlink:href="../168/68168.xml">
Dad's Army</link></series>
</it> Le Mesurier became seriously ill, and lost a great deal of weight. He died at <site wordnetid="108651247" confidence="0.9508927676800064">
<link xlink:type="simple" xlink:href="../352/324352.xml">
Ramsgate</link></site>
 from a stomach <link xlink:type="simple" xlink:href="../315/146315.xml">
haemorrhage</link>, (which was brought on by <link xlink:type="simple" xlink:href="../060/37060.xml">
cirrhosis of the liver</link>) on 15 November 1983, aged 71.<ref xlink:type="simple" xlink:href="#xpointer(//reflist/entry[@id=%223%22])">3</ref> He is buried in the churchyard of the Church of St. George the Martyr, Church Hill, Ramsgate.  His self-penned death notice in <it><newspaper wordnetid="106267145" confidence="0.9508927676800064">
<link xlink:type="simple" xlink:href="../127/39127.xml">
The Times</link></newspaper>
</it> stated that he had "conked out" and that he "misses his family and friends".</p>
<p>

His last words before slipping into a coma were reportedly, "It's all been rather lovely".</p>

</sec>
<sec>
<st>
Filmography</st>

<p>

<table style="background:transparent; width:100%;" cellpadding="0" class=" multicol" cellspacing="0">
<row>
<col align="left" width="" valign="top">
<list>
<entry level="1" type="bullet">

<it><link>
Death in the Hand</link></it> (1948)</entry>
<entry level="1" type="bullet">

<it><link xlink:type="simple" xlink:href="../048/18904048.xml">
Escape from Broadmoor</link></it> (1948)</entry>
<entry level="1" type="bullet">

<it><link>
Mother Riley's New Venture</link></it> (1949)</entry>
<entry level="1" type="bullet">

<it><link xlink:type="simple" xlink:href="../411/19161411.xml">
A Matter of Murder</link></it> (1949)</entry>
<entry level="1" type="bullet">

<it><link>
Dark Interval</link></it> (1950)</entry>
<entry level="1" type="bullet">

<it><link xlink:type="simple" xlink:href="../884/19163884.xml">
The Small Miracle</link></it> (1951)</entry>
<entry level="1" type="bullet">

<it><link xlink:type="simple" xlink:href="../443/1007443.xml">
Blind Man's Bluff</link></it> (1952)</entry>
<entry level="1" type="bullet">

<it><link>
Mother Riley Meets the Vampire</link></it> (1952)</entry>
<entry level="1" type="bullet">

<it><link xlink:type="simple" xlink:href="../105/227105.xml">
The Pleasure Garden</link></it> (1953)</entry>
<entry level="1" type="bullet">

<it><link xlink:type="simple" xlink:href="../352/19161352.xml">
The Drayton Case</link></it> (1953)</entry>
<entry level="1" type="bullet">

<it><link xlink:type="simple" xlink:href="../695/19161695.xml">
The Blue Parrot</link></it> (1953)</entry>
<entry level="1" type="bullet">

<it><link xlink:type="simple" xlink:href="../528/19163528.xml">
Black 13</link></it> (1953)</entry>
<entry level="1" type="bullet">

<it><link xlink:type="simple" xlink:href="../660/19161660.xml">
Dangerous Cargo</link></it> (1954)</entry>
<entry level="1" type="bullet">

<it><link xlink:type="simple" xlink:href="../747/19161747.xml">
Beautiful Stranger</link></it> (1954)</entry>
<entry level="1" type="bullet">

<it><link>
Stranger from Venus</link></it> (1954)</entry>
<entry level="1" type="bullet">

<it><link>
Police Dog</link></it> (1955)</entry>
<entry level="1" type="bullet">

<it><link xlink:type="simple" xlink:href="../465/19163465.xml">
Josephine and Men</link></it> (1955)</entry>
<entry level="1" type="bullet">

<it><link xlink:type="simple" xlink:href="../766/19161766.xml">
A Time to Kill</link></it> (1955)</entry>
<entry level="1" type="bullet">

<it><movie wordnetid="106613686" confidence="0.9508927676800064">
<link xlink:type="simple" xlink:href="../639/1381639.xml">
Private's Progress</link></movie>
</it> (1956)</entry>
<entry level="1" type="bullet">

<it><movie wordnetid="106613686" confidence="0.9508927676800064">
<link xlink:type="simple" xlink:href="../695/189695.xml">
The Battle of the River Plate</link></movie>
</it> (1956)</entry>
<entry level="1" type="bullet">

<it><link>
The Baby and the Battleship</link></it> (1956)</entry>
<entry level="1" type="bullet">

<it><situation_comedy wordnetid="107017733" confidence="0.8">
<announcement wordnetid="106746580" confidence="0.8">
<beginning wordnetid="100235435" confidence="0.8">
<comedy wordnetid="107015510" confidence="0.8">
<change wordnetid="100191142" confidence="0.8">
<literary_composition wordnetid="106364329" confidence="0.8">
<written_communication wordnetid="106349220" confidence="0.8">
<writing wordnetid="106362953" confidence="0.8">
<drama wordnetid="106376154" confidence="0.8">
<statement wordnetid="106722453" confidence="0.8">
<message wordnetid="106598915" confidence="0.8">
<change_of_state wordnetid="100199130" confidence="0.8">
<writing_style wordnetid="107092158" confidence="0.8">
<program wordnetid="106748466" confidence="0.8">
<event wordnetid="100029378" confidence="0.8">
<action wordnetid="100037396" confidence="0.8">
<fiction wordnetid="106367107" confidence="0.8">
<act wordnetid="100030358" confidence="0.8">
<psychological_feature wordnetid="100023100" confidence="0.8">
<novel wordnetid="106367879" confidence="0.8">
<expressive_style wordnetid="107066659" confidence="0.8">
<introduction wordnetid="100238022" confidence="0.8">
<link xlink:type="simple" xlink:href="../715/6202715.xml">
Brothers in Law</link></introduction>
</expressive_style>
</novel>
</psychological_feature>
</act>
</fiction>
</action>
</event>
</program>
</writing_style>
</change_of_state>
</message>
</statement>
</drama>
</writing>
</written_communication>
</literary_composition>
</change>
</comedy>
</beginning>
</announcement>
</situation_comedy>
</it> (1957)</entry>
<entry level="1" type="bullet">

<it><movie wordnetid="106613686" confidence="0.9508927676800064">
<link xlink:type="simple" xlink:href="../003/18579003.xml">
The Good Companions</link></movie>
</it> (1957)</entry>
<entry level="1" type="bullet">

<it><movie wordnetid="106613686" confidence="0.9508927676800064">
<link xlink:type="simple" xlink:href="../415/7347415.xml">
The Admirable Crichton</link></movie>
</it> (1957)</entry>
<entry level="1" type="bullet">

<it><link xlink:type="simple" xlink:href="../449/19163449.xml">
These Dangerous Years</link></it> (1957)</entry>
<entry level="1" type="bullet">

<it><link xlink:type="simple" xlink:href="../590/202590.xml">
High Flight</link></it> (1957)</entry>
<entry level="1" type="bullet">

<it><link xlink:type="simple" xlink:href="../837/19163837.xml">
Happy is the Bride</link></it> (1958)</entry>
<entry level="1" type="bullet">

<it><literary_composition wordnetid="106364329" confidence="0.8">
<written_communication wordnetid="106349220" confidence="0.8">
<writing wordnetid="106362953" confidence="0.8">
<fiction wordnetid="106367107" confidence="0.8">
<novel wordnetid="106367879" confidence="0.8">
<link xlink:type="simple" xlink:href="../516/9062516.xml">
Gideon's Day</link></novel>
</fiction>
</writing>
</written_communication>
</literary_composition>
</it> (1958)</entry>
<entry level="1" type="bullet">

<it><link xlink:type="simple" xlink:href="../692/19165692.xml">
The Man Who Wouldn't Talk</link></it> (1958)</entry>
<entry level="1" type="bullet">

<it><link xlink:type="simple" xlink:href="../089/19161089.xml">
Law and Disorder</link></it> (1958)</entry>
<entry level="1" type="bullet">

<it><movie wordnetid="106613686" confidence="0.9508927676800064">
<link xlink:type="simple" xlink:href="../090/3759090.xml">
Another Time, Another Place</link></movie>
</it> (1958)</entry>
<entry level="1" type="bullet">

<it><link xlink:type="simple" xlink:href="../020/19166020.xml">
The Moonraker</link></it> (1958)</entry>
<entry level="1" type="bullet">

<it><link xlink:type="simple" xlink:href="../897/19165897.xml">
Blind Spot</link></it> (1958)</entry>
<entry level="1" type="bullet">

<it><movie wordnetid="106613686" confidence="0.9508927676800064">
<link xlink:type="simple" xlink:href="../552/4143552.xml">
Blood of the Vampire</link></movie>
</it> (1958)</entry>
<entry level="1" type="bullet">

<it><link xlink:type="simple" xlink:href="../943/19165943.xml">
Man with a Gun</link></it> (1958)</entry>
<entry level="1" type="bullet">

<it><link xlink:type="simple" xlink:href="../886/2509886.xml">
I was Monty's Double</link></it> (1958)</entry>
<entry level="1" type="bullet">

<it><movie wordnetid="106613686" confidence="0.9508927676800064">
<link xlink:type="simple" xlink:href="../549/11588549.xml">
Our Man in Havana</link></movie>
</it> (1959)</entry>
<entry level="1" type="bullet">

<it><link xlink:type="simple" xlink:href="../688/19163688.xml">
The Captain's Table</link></it> (1959)</entry>
<entry level="1" type="bullet">

<it><movie wordnetid="106613686" confidence="0.9508927676800064">
<link xlink:type="simple" xlink:href="../054/16856054.xml">
Operation Amsterdam</link></movie>
</it> (1959)</entry>
<entry level="1" type="bullet">

<it><link xlink:type="simple" xlink:href="../226/42226.xml">
Ben-Hur</link></it> (1959)</entry>
<entry level="1" type="bullet">

<it><link xlink:type="simple" xlink:href="../852/19165852.xml">
The Lady Is a Square</link></it> (1959)</entry>
<entry level="1" type="bullet">

<it><link>
Jack the Ripper</link></it> (1959)</entry>
<entry level="1" type="bullet">

<it><link xlink:type="simple" xlink:href="../774/19165774.xml">
The Wreck of the Mary Deare</link></it> (1959)</entry>
<entry level="1" type="bullet">

<it><link xlink:type="simple" xlink:href="../421/19081421.xml">
Desert Mice</link></it> (1959)</entry>
<entry level="1" type="bullet">

<it><movie wordnetid="106613686" confidence="0.9508927676800064">
<link xlink:type="simple" xlink:href="../089/13697089.xml">
Follow a Star</link></movie>
</it> (1959)</entry>
<entry level="1" type="bullet">

<it><movie wordnetid="106613686" confidence="0.9508927676800064">
<link xlink:type="simple" xlink:href="../554/14489554.xml">
Too Many Crooks</link></movie>
</it> (1959)</entry>
<entry level="1" type="bullet">

<it><movie wordnetid="106613686" confidence="0.9508927676800064">
<link xlink:type="simple" xlink:href="../125/16648125.xml">
Carlton-Browne of the F.O.</link></movie>
</it> (1959)</entry>
<entry level="1" type="bullet">

<it><movie wordnetid="106613686" confidence="0.9508927676800064">
<link xlink:type="simple" xlink:href="../440/5663440.xml">
The Hound of the Baskervilles</link></movie>
</it> (1959)</entry>
<entry level="1" type="bullet">

<it><movie wordnetid="106613686" confidence="0.9508927676800064">
<link xlink:type="simple" xlink:href="../956/1239956.xml">
I'm All Right Jack</link></movie>
</it> (1959)</entry>
<entry level="1" type="bullet">

<it><movie wordnetid="106613686" confidence="0.9508927676800064">
<link xlink:type="simple" xlink:href="../074/2413074.xml">
School for Scoundrels</link></movie>
</it> (1960)</entry>
<entry level="1" type="bullet">

<it><movie wordnetid="106613686" confidence="0.9508927676800064">
<link xlink:type="simple" xlink:href="../374/5082374.xml">
The Day They Robbed the Bank of England</link></movie>
</it> (1960)</entry>
<entry level="1" type="bullet">

<it><link xlink:type="simple" xlink:href="../858/17571858.xml">
Never Let Go</link></it> (1960)</entry>
<entry level="1" type="bullet">

<it><link>
Doctor in Love</link></it> (1960)</entry>
<entry level="1" type="bullet">

<it><movie wordnetid="106613686" confidence="0.9508927676800064">
<link xlink:type="simple" xlink:href="../795/13469795.xml">
The Bulldog Breed</link></movie>
</it> (1960)</entry>
<entry level="1" type="bullet">

<it><movie wordnetid="106613686" confidence="0.9508927676800064">
<link xlink:type="simple" xlink:href="../470/1381470.xml">
The Pure Hell of St Trinian's</link></movie>
</it> (1960)</entry>
<entry level="1" type="bullet">

<it><link xlink:type="simple" xlink:href="../733/19163733.xml">
A Touch of Larcenry</link></it> (1960)</entry>
<entry level="1" type="bullet">

<it><artifact wordnetid="100021939" confidence="0.8">
<instrumentality wordnetid="103575240" confidence="0.8">
<medium wordnetid="106254669" confidence="0.8">
<link xlink:type="simple" xlink:href="../274/19034274.xml">
Let's Get Married</link></medium>
</instrumentality>
</artifact>
</it> (1960)</entry>
<entry level="1" type="bullet">

<it><link>
Dead Lucky</link></it> (1960)</entry>
<entry level="1" type="bullet">

<it><link xlink:type="simple" xlink:href="../591/19233591.xml">
On the Fiddle</link></it> (1961)</entry>
<entry level="1" type="bullet">

<it><link xlink:type="simple" xlink:href="../396/19628396.xml">
The Night We Got the Bird</link></it> (1961)</entry>
<entry level="1" type="bullet">

<it><link xlink:type="simple" xlink:href="../544/19410544.xml">
Five Golden Hours</link></it> (1961)</entry>
</list>
</col>
<col align="left" width="" valign="top">
<list>
<entry level="1" type="bullet">

<it><movie wordnetid="106613686" confidence="0.9508927676800064">
<link xlink:type="simple" xlink:href="../538/2940538.xml">
Mr. Topaze</link></movie>
</it> (1961)</entry>
<entry level="1" type="bullet">

<it><link xlink:type="simple" xlink:href="../837/19273837.xml">
Don't Bother to Knock</link>]</it> (1961)</entry>
<entry level="1" type="bullet">

<it><link>
Invasion Quartet</link></it> (1961)</entry>
<entry level="1" type="bullet">

<it><product wordnetid="104007894" confidence="0.8">
<creation wordnetid="103129123" confidence="0.8">
<artifact wordnetid="100021939" confidence="0.8">
<event wordnetid="100029378" confidence="0.8">
<social_event wordnetid="107288639" confidence="0.8">
<movie wordnetid="106613686" confidence="0.8">
<show wordnetid="106619065" confidence="0.8">
<psychological_feature wordnetid="100023100" confidence="0.8">
<link xlink:type="simple" xlink:href="../186/1371186.xml">
The Rebel</link></psychological_feature>
</show>
</movie>
</social_event>
</event>
</artifact>
</creation>
</product>
</it> (1961)</entry>
<entry level="1" type="bullet">

<it><movie wordnetid="106613686" confidence="0.9508927676800064">
<link xlink:type="simple" xlink:href="../659/2434659.xml">
Very Important Person</link></movie>
</it> (1961)</entry>
<entry level="1" type="bullet">

<it><product wordnetid="104007894" confidence="0.8">
<creation wordnetid="103129123" confidence="0.8">
<artifact wordnetid="100021939" confidence="0.8">
<event wordnetid="100029378" confidence="0.8">
<social_event wordnetid="107288639" confidence="0.8">
<movie wordnetid="106613686" confidence="0.8">
<show wordnetid="106619065" confidence="0.8">
<psychological_feature wordnetid="100023100" confidence="0.8">
<link xlink:type="simple" xlink:href="../284/10304284.xml">
Waltz of the Toreadors</link></psychological_feature>
</show>
</movie>
</social_event>
</event>
</artifact>
</creation>
</product>
</it> (1962)</entry>
<entry level="1" type="bullet">

<it><link xlink:type="simple" xlink:href="../134/19077134.xml">
Go to Blazes</link></it> (1962)</entry>
<entry level="1" type="bullet">

<it><link xlink:type="simple" xlink:href="../405/19411405.xml">
We Joined the Navy</link></it> (1962)</entry>
<entry level="1" type="bullet">

<it><link>
Hair of the Dog</link></it> (1962)</entry>
<entry level="1" type="bullet">

<it><movie wordnetid="106613686" confidence="0.9508927676800064">
<link xlink:type="simple" xlink:href="../722/7301722.xml">
Only Two Can Play</link></movie>
</it> (1962)</entry>
<entry level="1" type="bullet">

<it><link xlink:type="simple" xlink:href="../826/19204826.xml">
Village of Daughters</link></it> (1962)</entry>
<entry level="1" type="bullet">

<it><link xlink:type="simple" xlink:href="../284/10304284.xml">
Waltz of the Toreadors</link></it> (1962)</entry>
<entry level="1" type="bullet">

<it><product wordnetid="104007894" confidence="0.8">
<creation wordnetid="103129123" confidence="0.8">
<artifact wordnetid="100021939" confidence="0.8">
<event wordnetid="100029378" confidence="0.8">
<social_event wordnetid="107288639" confidence="0.8">
<movie wordnetid="106613686" confidence="0.8">
<show wordnetid="106619065" confidence="0.8">
<psychological_feature wordnetid="100023100" confidence="0.8">
<link xlink:type="simple" xlink:href="../608/12989608.xml">
Mrs. Gibbons' Boys</link></psychological_feature>
</show>
</movie>
</social_event>
</event>
</artifact>
</creation>
</product>
</it> (1962)</entry>
<entry level="1" type="bullet">

<it><link xlink:type="simple" xlink:href="../681/19080681.xml">
Jigsaw</link></it> (1962)</entry>
<entry level="1" type="bullet">

<it><link xlink:type="simple" xlink:href="../120/19205120.xml">
The Main Attraction</link></it> (1962)</entry>
<entry level="1" type="bullet">

<it><link xlink:type="simple" xlink:href="../944/1800944.xml">
The Punch and Judy Man</link></it> (1963)</entry>
<entry level="1" type="bullet">

<it><movie wordnetid="106613686" confidence="0.9508927676800064">
<link xlink:type="simple" xlink:href="../326/2179326.xml">
The Wrong Arm of the Law</link></movie>
</it>  (1963)</entry>
<entry level="1" type="bullet">

<it><movie wordnetid="106613686" confidence="0.9508927676800064">
<link xlink:type="simple" xlink:href="../430/11378430.xml">
The Mouse on the Moon</link></movie>
</it> (1963)</entry>
<entry level="1" type="bullet">

<it><link xlink:type="simple" xlink:href="../841/19663841.xml">
In the Cool of the Day</link></it> (1963)</entry>
<entry level="1" type="bullet">

<it><link xlink:type="simple" xlink:href="../820/17864820.xml">
The Pink Panther</link></it> (1963)</entry>
<entry level="1" type="bullet">

<it><literary_composition wordnetid="106364329" confidence="0.8">
<written_communication wordnetid="106349220" confidence="0.8">
<writing wordnetid="106362953" confidence="0.8">
<fiction wordnetid="106367107" confidence="0.8">
<novel wordnetid="106367879" confidence="0.8">
<link xlink:type="simple" xlink:href="../134/4781134.xml">
The Moon-Spinners</link></novel>
</fiction>
</writing>
</written_communication>
</literary_composition>
</it> (1964)</entry>
<entry level="1" type="bullet">

<it><link xlink:type="simple" xlink:href="../689/19273689.xml">
Hot Enough for June</link></it> (1964)</entry>
<entry level="1" type="bullet">

<it><link xlink:type="simple" xlink:href="../622/19273622.xml">
Never Put it in Writing</link></it> (1964)</entry>
<entry level="1" type="bullet">

<it><movie wordnetid="106613686" confidence="0.9508927676800064">
<link xlink:type="simple" xlink:href="../922/2942922.xml">
War-Gods of the Deep</link></movie>
</it> (1965)</entry>
<entry level="1" type="bullet">

<it><link xlink:type="simple" xlink:href="../617/19080617.xml">
Where the Spies Are</link></it> (1965)</entry>
<entry level="1" type="bullet">

<it><link xlink:type="simple" xlink:href="../625/13021625.xml">
The Early Bird</link></it> (1965)</entry>
<entry level="1" type="bullet">

<it><conflict wordnetid="100958896" confidence="0.9508927676800064">
<link xlink:type="simple" xlink:href="../246/1869246.xml">
Operation Crossbow</link></conflict>
</it> (1965)</entry>
<entry level="1" type="bullet">

<it><link xlink:type="simple" xlink:href="../522/253522.xml">
Masquerade</link></it> (1965)</entry>
<entry level="1" type="bullet">

<it><movie wordnetid="106613686" confidence="0.9508927676800064">
<link xlink:type="simple" xlink:href="../023/586023.xml">
Those Magnificent Men in Their Flying Machines</link></movie>
</it> (1965)</entry>
<entry level="1" type="bullet">

<it><link xlink:type="simple" xlink:href="../717/4906717.xml">
The Liquidator</link></it> (1965)</entry>
<entry level="1" type="bullet">

<it><movie wordnetid="106613686" confidence="0.9508927676800064">
<link xlink:type="simple" xlink:href="../643/10616643.xml">
The Sandwich Man</link></movie>
</it> (1966)</entry>
<entry level="1" type="bullet">

<it><movie wordnetid="106613686" confidence="0.9508927676800064">
<link xlink:type="simple" xlink:href="../489/11335489.xml">
Our Man in Marrakesh</link></movie>
</it> (1966)</entry>
<entry level="1" type="bullet">

<it><movie wordnetid="106613686" confidence="0.9508927676800064">
<link xlink:type="simple" xlink:href="../204/2025204.xml">
The Wrong Box</link></movie>
</it> (1966)</entry>
<entry level="1" type="bullet">

<it><link xlink:type="simple" xlink:href="../327/8584327.xml">
Finders Keepers</link></it> (1966)</entry>
<entry level="1" type="bullet">

<it><movie wordnetid="106613686" confidence="0.9508927676800064">
<link xlink:type="simple" xlink:href="../967/1844967.xml">
Eye of the Devil</link></movie>
</it> (1966)</entry>
<entry level="1" type="bullet">

<it><link>
Vingt-cinquième heure, La</link></it> (1967)</entry>
<entry level="1" type="bullet">

<it><link>
Cuckoo Patrol</link></it> (1967)</entry>
<entry level="1" type="bullet">

<it><album wordnetid="106591815" confidence="0.9508927676800064">
<movie wordnetid="106613686" confidence="0.9508927676800064">
<link xlink:type="simple" xlink:href="../592/2461592.xml">
Casino Royale</link></movie>
</album>
</it> (1967)</entry>
<entry level="1" type="bullet">

<it><product wordnetid="104007894" confidence="0.8">
<creation wordnetid="103129123" confidence="0.8">
<artifact wordnetid="100021939" confidence="0.8">
<event wordnetid="100029378" confidence="0.8">
<social_event wordnetid="107288639" confidence="0.8">
<movie wordnetid="106613686" confidence="0.8">
<show wordnetid="106619065" confidence="0.8">
<psychological_feature wordnetid="100023100" confidence="0.8">
<link xlink:type="simple" xlink:href="../005/13843005.xml">
Mister Ten Per Cent</link></psychological_feature>
</show>
</movie>
</social_event>
</event>
</artifact>
</creation>
</product>
</it> (1967)</entry>
<entry level="1" type="bullet">

<it><link xlink:type="simple" xlink:href="../210/16754210.xml">
Salt and Pepper</link></it> (1968)</entry>
<entry level="1" type="bullet">

<it><movie wordnetid="106613686" confidence="0.9508927676800064">
<link xlink:type="simple" xlink:href="../195/16907195.xml">
The Italian Job</link></movie>
</it> (1969)</entry>
<entry level="1" type="bullet">

<it><link xlink:type="simple" xlink:href="../562/19101562.xml">
Midas Run</link></it> (1969)</entry>
<entry level="1" type="bullet">

<it><link xlink:type="simple" xlink:href="../363/74363.xml">
The Magic Christian</link></it> (1969)</entry>
<entry level="1" type="bullet">

<it><link xlink:type="simple" xlink:href="../247/18768247.xml">
Doctor in Trouble</link></it> (1970)</entry>
<entry level="1" type="bullet">

<it><musical wordnetid="107019172" confidence="0.9508927676800064">
<link xlink:type="simple" xlink:href="../791/904791.xml">
On a Clear Day You Can See Forever</link></musical>
</it> (1970)</entry>
<entry level="1" type="bullet">

<it><movie wordnetid="106613686" confidence="0.9508927676800064">
<link xlink:type="simple" xlink:href="../782/6040782.xml">
Dad's Army</link></movie>
</it> (1971)</entry>
<entry level="1" type="bullet">

<it><link xlink:type="simple" xlink:href="../576/19108576.xml">
Au Pair Girls</link></it> (1972)</entry>
<entry level="1" type="bullet">

<it><link>
The Alf Garnett Saga</link></it> (1972)</entry>
<entry level="1" type="bullet">

<it><movie wordnetid="106613686" confidence="0.9508927676800064">
<link xlink:type="simple" xlink:href="../682/3807682.xml">
Confessions of a Window Cleaner</link></movie>
</it> (1974)</entry>
<entry level="1" type="bullet">

<it><link xlink:type="simple" xlink:href="../723/18904723.xml">
Brief Encounter</link></it> (1974)</entry>
<entry level="1" type="bullet">

<it><link xlink:type="simple" xlink:href="../754/19163754.xml">
Three for All</link></it> (1975)</entry>
<entry level="1" type="bullet">

<it><movie wordnetid="106613686" confidence="0.9508927676800064">
<link xlink:type="simple" xlink:href="../348/2565348.xml">
The Adventure of Sherlock Holmes' Smarter Brother</link></movie>
</it> (1975)</entry>
<entry level="1" type="bullet">

<it><movie wordnetid="106613686" confidence="0.9508927676800064">
<link xlink:type="simple" xlink:href="../650/758650.xml">
Jabberwocky</link></movie>
</it> (1977)</entry>
<entry level="1" type="bullet">

<it><link>
What's Up Nurse!</link></it> (1977)</entry>
<entry level="1" type="bullet">

<it><link>
Stand up, Virgin Soldiers</link></it> (1977)</entry>
<entry level="1" type="bullet">

<it><link>
Rosie Dixon - Night Nurse</link></it> (1978)</entry>
<entry level="1" type="bullet">

<it><movie wordnetid="106613686" confidence="0.9508927676800064">
<link xlink:type="simple" xlink:href="../048/8609048.xml">
Who Is Killing the Great Chefs of Europe?</link></movie>
</it> (1978)</entry>
<entry level="1" type="bullet">

<it><product wordnetid="104007894" confidence="0.8">
<creation wordnetid="103129123" confidence="0.8">
<artifact wordnetid="100021939" confidence="0.8">
<event wordnetid="100029378" confidence="0.8">
<social_event wordnetid="107288639" confidence="0.8">
<movie wordnetid="106613686" confidence="0.8">
<show wordnetid="106619065" confidence="0.8">
<psychological_feature wordnetid="100023100" confidence="0.8">
<link xlink:type="simple" xlink:href="../493/7109493.xml">
Unidentified Flying Oddball</link></psychological_feature>
</show>
</movie>
</social_event>
</event>
</artifact>
</creation>
</product>
</it>, also titled <it>The Spaceman and King Arthur</it> (1979)</entry>
<entry level="1" type="bullet">

<it><movie wordnetid="106613686" confidence="0.9508927676800064">
<link xlink:type="simple" xlink:href="../210/1466210.xml">
The Fiendish Plot of Dr. Fu Manchu</link></movie>
</it> (1980)</entry>
<entry level="1" type="bullet">

<it><link>
Late Flowering Love</link></it> (1981)</entry>
<entry level="1" type="bullet">

<it><link xlink:type="simple" xlink:href="../222/706222.xml">
The Passionate Pilgrim</link></it> (1984)</entry>
</list>
</col>
</row>
</table>
</p>

</sec>
<sec>
<st>
References</st>

<p>

<reflist>
<entry id="1">
GRO Register of Births: JUN 1912 3b 519 BEDFORD - Halliley, John E Le M, mmn = Le Mesurier</entry>
<entry id="2">
GRO Register of Marriages: DEC 1949 5c 2328 KENSINGTON - John E. Le M. Halliley = Josephine E. Jacques</entry>
<entry id="3">
GRO Register of Deaths: DEC 1983 16 1890 THANET - John Le Mesurier, DoB = 5 Apr 1912</entry>
</reflist>
</p>
<p>

<list>
<entry level="1" type="bullet">

 <link xlink:type="simple" xlink:href="../ury/22nd_century.xml">
autobiography</link>: <it>A Jobbing Actor</it>, appeared posthumously in 1984.</entry>
</list>
</p>

</sec>
<sec>
<st>
 Television roles </st>
<p>
 
<table class="wikitable">
<header>
Year</header>
<header>
Title</header>
<header>
Role</header>
<row>
<col>
1968 to 1977</col>
<col>
 <it><series wordnetid="108457976" confidence="0.9508927676800064">
<link xlink:type="simple" xlink:href="../168/68168.xml">
Dad's Army</link></series>
''</it></col>
<col>
 <fictional_character wordnetid="109587565" confidence="0.8">
<imaginary_being wordnetid="109483738" confidence="0.8">
<link xlink:type="simple" xlink:href="../837/4103837.xml">
Sergeant Arthur Wilson</link></imaginary_being>
</fictional_character>
</col>
</row>
</table>
</p>

</sec>
<sec>
<st>
External links</st>
<p>

<list>
<entry level="1" type="bullet">

 <weblink xlink:type="simple" xlink:href="http://www.imdb.com/name/nm0494452/">
John Le Mesurier</weblink> at the <web_site wordnetid="106359193" confidence="0.9508927676800064">
<link xlink:type="simple" xlink:href="../554/2855554.xml">
Internet Movie Database</link></web_site>
</entry>
<entry level="1" type="bullet">

<weblink xlink:type="simple" xlink:href="http://www.screenonline.org.uk/people/id/465317/">
John Le Mesurier </weblink> at the <body wordnetid="107965085" confidence="0.8">
<social_group wordnetid="107950920" confidence="0.8">
<group wordnetid="100031264" confidence="0.8">
<administration wordnetid="108164585" confidence="0.8">
<link xlink:type="simple" xlink:href="../687/669687.xml">
British Film Institute</link></administration>
</group>
</social_group>
</body>
's <link xlink:type="simple" xlink:href="../220/2694220.xml">
Screenonline</link></entry>
<entry level="1" type="bullet">

 <weblink xlink:type="simple" xlink:href="http://www.tonyhancock.org.uk/mesurier.html">
John Le Mesurier biography</weblink> from the <person wordnetid="100007846" confidence="0.9508927676800064">
<actor wordnetid="109765278" confidence="0.9173553029164789">
<link xlink:type="simple" xlink:href="../972/36972.xml">
Tony Hancock</link></actor>
</person>
 web site.</entry>
<entry level="1" type="bullet">

<weblink xlink:type="simple" xlink:href="http://storynory.com/2006/05/27/creation-and-adam-and-eve/">
Audio of John Le Mesurier reading Bible stories for children</weblink> at Storynory</entry>
</list>
</p>

<p>

<table style=";" class="navbox" cellspacing="0">
<row>
<col style="padding:2px;">
<table style="width:100%;background:transparent;color:inherit;;" class="nowraplinks collapsible autocollapse " cellspacing="0">
<row>
<header colspan="2" style=";background:#BDB76B;" class="navbox-title">
<link xlink:type="simple" xlink:href="../267/5939267.xml">
Major cast members of</link> <it><series wordnetid="108457976" confidence="0.9508927676800064">
<link xlink:type="simple" xlink:href="../168/68168.xml">
Dad's Army</link></series>
''</it></header>
</row>
<row style="height:2px;">

</row>
<row>
<col colspan="2" style="width:100%;padding:0px;;;" class="navbox-list navbox-odd">
<b><person wordnetid="100007846" confidence="0.9508927676800064">
<actor wordnetid="109765278" confidence="0.9508927676800064">
<link xlink:type="simple" xlink:href="../481/251481.xml">
Arthur Lowe</link></actor>
</person>
</b>&nbsp;• <b><person wordnetid="100007846" confidence="0.9508927676800064">
<actor wordnetid="109765278" confidence="0.9173553029164789">
<link xlink:type="simple" xlink:href="../382/163382.xml">
John Le Mesurier</link></actor>
</person>
</b>&nbsp;• <b><person wordnetid="100007846" confidence="0.9508927676800064">
<actor wordnetid="109765278" confidence="0.9508927676800064">
<link xlink:type="simple" xlink:href="../131/576131.xml">
Clive Dunn</link></actor>
</person>
</b> <b><person wordnetid="100007846" confidence="0.9508927676800064">
<actor wordnetid="109765278" confidence="0.9173553029164789">
<link xlink:type="simple" xlink:href="../902/1518902.xml">
John Laurie</link></actor>
</person>
</b>&nbsp;• <b><person wordnetid="100007846" confidence="0.9508927676800064">
<actor wordnetid="109765278" confidence="0.9508927676800064">
<link xlink:type="simple" xlink:href="../998/1518998.xml">
James Beck</link></actor>
</person>
</b>&nbsp;• <b><person wordnetid="100007846" confidence="0.9508927676800064">
<actor wordnetid="109765278" confidence="0.9173553029164789">
<link xlink:type="simple" xlink:href="../159/592159.xml">
Arnold Ridley</link></actor>
</person>
</b>&nbsp;• <b><person wordnetid="100007846" confidence="0.9508927676800064">
<actor wordnetid="109765278" confidence="0.9173553029164789">
<link xlink:type="simple" xlink:href="../451/1375451.xml">
Ian Lavender</link></actor>
</person>
</b><person wordnetid="100007846" confidence="0.9508927676800064">
<actor wordnetid="109765278" confidence="0.9173553029164789">
<link xlink:type="simple" xlink:href="../958/151958.xml">
Bill Pertwee</link></actor>
</person>
&nbsp;• <person wordnetid="100007846" confidence="0.9508927676800064">
<actor wordnetid="109765278" confidence="0.9173553029164789">
<link xlink:type="simple" xlink:href="../194/2511194.xml">
Frank Williams</link></actor>
</person>
 &nbsp;• <person wordnetid="100007846" confidence="0.9508927676800064">
<actor wordnetid="109765278" confidence="0.9173553029164789">
<link xlink:type="simple" xlink:href="../328/3452328.xml">
Edward Sinclair</link></actor>
</person>
&nbsp;• <physical_entity wordnetid="100001930" confidence="0.8">
<person wordnetid="100007846" confidence="0.8">
<performer wordnetid="110415638" confidence="0.8">
<causal_agent wordnetid="100007347" confidence="0.8">
<actor wordnetid="109765278" confidence="0.8">
<entertainer wordnetid="109616922" confidence="0.8">
<link xlink:type="simple" xlink:href="../106/5418106.xml">
Janet Davies</link></entertainer>
</actor>
</causal_agent>
</performer>
</person>
</physical_entity>
&nbsp;• <physical_entity wordnetid="100001930" confidence="0.8">
<person wordnetid="100007846" confidence="0.8">
<performer wordnetid="110415638" confidence="0.8">
<causal_agent wordnetid="100007347" confidence="0.8">
<actor wordnetid="109765278" confidence="0.8">
<entertainer wordnetid="109616922" confidence="0.8">
<link xlink:type="simple" xlink:href="../409/3532409.xml">
Pamela Cundell</link></entertainer>
</actor>
</causal_agent>
</performer>
</person>
</physical_entity>
</col>
</row>
</table>
</col>
</row>
</table>
</p>




<p>

<table id="persondata" class="persondata">
<header colspan="2">
 </header>
<row>
<col class="persondata-label">
NAME</col>
<col>
Le Mesurier, John</col>
</row>
<row>
<col class="persondata-label">
ALTERNATIVE NAMES</col>
<col>
Halliley, John Charles Elton Le Mesurier De Somerys</col>
</row>
<row>
<col class="persondata-label">
SHORT DESCRIPTION</col>
<col>
Comedy actor and film actor</col>
</row>
<row>
<col class="persondata-label">
DATE OF BIRTH</col>
<col>
 <link>
1912-04-05</link></col>
</row>
<row>
<col class="persondata-label">
PLACE OF BIRTH</col>
<col>
 <image width="22x20px" src="Flag_of_England.svg">
<caption>

border 
</caption>
</image>
&nbsp;<country wordnetid="108544813" confidence="0.9508927676800064">
<link xlink:type="simple" xlink:href="../316/9316.xml">
England</link></country>
 - <site wordnetid="108651247" confidence="0.9508927676800064">
<link xlink:type="simple" xlink:href="../772/69772.xml">
Bedford</link></site>
, <county wordnetid="108546183" confidence="0.9508927676800064">
<link xlink:type="simple" xlink:href="../769/69769.xml">
Bedfordshire</link></county>
</col>
</row>
<row>
<col class="persondata-label">
DATE OF DEATH</col>
<col>
 <link>
1983-11-15</link></col>
</row>
<row>
<col class="persondata-label">
PLACE OF DEATH</col>
<col>
 <site wordnetid="108651247" confidence="0.9508927676800064">
<link xlink:type="simple" xlink:href="../352/324352.xml">
Ramsgate</link></site>
, <county wordnetid="108546183" confidence="0.9508927676800064">
<link xlink:type="simple" xlink:href="../766/16766.xml">
Kent</link></county>
</col>
</row>
</table>
</p>


</sec>
</bdy>
</military_officer>
</actor>
</entity>
</person>
</article>
