<?xml version="1.0" encoding="UTF-8"?>
<!-- generated by CLiX/Wiki2XML [MPI-Inf, MMCI@UdS] $LastChangedRevision: 92 $ on 16.04.2009 16:24:19[mciao0826] -->
<!DOCTYPE article SYSTEM "../article.dtd">
<article xmlns:xlink="http://www.w3.org/1999/xlink">
<entity  confidence="0.9511911446218017" wordnetid="100001740">
<header>
<title>Insult</title>
<id>167740</id>
<revision>
<id>244572945</id>
<timestamp>2008-10-11T14:24:37Z</timestamp>
<contributor>
<username>Blanchardb</username>
<id>5311630</id>
</contributor>
</revision>
<categories>
<category>Rude behavior</category>
<category>Pejoratives</category>
<category>Bullying</category>
</categories>
</header>
<bdy>

For the novel, see <literary_composition wordnetid="106364329" confidence="0.8">
<written_communication wordnetid="106349220" confidence="0.8">
<writing wordnetid="106362953" confidence="0.8">
<fiction wordnetid="106367107" confidence="0.8">
<novel wordnetid="106367879" confidence="0.8">
<link xlink:type="simple" xlink:href="../288/6025288.xml">
The Insult</link></novel>
</fiction>
</writing>
</written_communication>
</literary_composition>
.
"Putdown" redirects here. For other uses, see <link xlink:type="simple" xlink:href="../256/14352256.xml">
putting down</link>.
An <b>insult</b> (also called <b>putdown</b>) is an expression, statement or behavior that is considered degrading. Insults may be intentional or accidental. An example of the  is a well-intended simple explanation, which in fact is , but is given due to underestimating intelligence or knowledge of the other. This practice is also called <b>flouting</b>.<p>

Whether speech or behavior is insulting, in practice and sometimes by the terms of local <link xlink:type="simple" xlink:href="../466/1466.xml">
assault</link> statutes, is often a product of the subjective sense of the person insulted. But insults to one person who might not mind the derogatory speech may indirectly insult others. Many states and local municipalities enforce prohibitions against rude, offensive or insulting speech, leaving citizens, law enforcement officers and courts to decide what is and what is not an insult. The concept of <link xlink:type="simple" xlink:href="../185/143185.xml">
fighting words</link> as a form of prohibited speech has developed in the <link xlink:type="simple" xlink:href="../366/16366.xml">
jurisprudence</link> of <document wordnetid="106470073" confidence="0.9508927676800064">
<link xlink:type="simple" xlink:href="../644/31644.xml">
U.S. constitutional law</link></document>
 concerning <link>
terms of disparagement</link>. However, the <link xlink:type="simple" xlink:href="../185/143185.xml">
fighting words</link> exclusion is construed in an extraordinarily narrow manner, and only insulting speech that is "meaningless" can be suppressed; speech that contains significant literary, artistic, political, or scientific significance cannot be suppressed, even if wantonly and maliciously insulting, demeaning, or even inciting of racial, ethnic, religious, or sexual hatred; there is no "right not to be offended" in the United States. For example, a vocal creationist might be insulted by being called a "troglodyte" for dismissing the Darwinian theory of evolution; however, this is political and scientific speech, and as such, is fully protected by the laws; the same would go for a creationist who calls a Darwinian an "apostate heathen" or such. Insults offered as <link xlink:type="simple" xlink:href="../791/26791.xml">
satire</link> in an artistic venue, such as a novel, a film or a song, are especially considered protected speech, especially in the <body wordnetid="107965085" confidence="0.8">
<social_group wordnetid="107950920" confidence="0.8">
<political_orientation wordnetid="106212839" confidence="0.8">
<colony wordnetid="108374049" confidence="0.8">
<state wordnetid="108168978" confidence="0.8">
<political_unit wordnetid="108359949" confidence="0.8">
<group wordnetid="100031264" confidence="0.8">
<democracy wordnetid="106217103" confidence="0.8">
<link xlink:type="simple" xlink:href="../750/3434750.xml">
United States</link></democracy>
</group>
</political_unit>
</state>
</colony>
</political_orientation>
</social_group>
</body>
. </p>
<p>

The role of insults in the social sense may be better understood by an appreciation of how the term is used in a medical setting. Though a popular idiom refers to "adding insult to injury," in a medical context they are the same. Physicians examine injuries resulting from an insult to flesh and bones, caused by various traumatic events. In speech and in social settings, insults are words that tend to <link xlink:type="simple" xlink:href="../534/515534.xml">
injure</link> the <idea wordnetid="105833840" confidence="0.8">
<concept wordnetid="105835747" confidence="0.8">
<link xlink:type="simple" xlink:href="../472/4880472.xml">
psyche</link></concept>
</idea>
. In <link xlink:type="simple" xlink:href="../407/38407.xml">
humor</link>, insults may be exchanged in much the way fighters exchange blows in training, to develop a resistance to the pain of mild injuries, or to spar with no real intention of seriously injuring the other.</p>

<sec>
<st>
Types of insults</st>

<ss1>
<st>
Behavioral insults</st>
<p>

Insults are not limited to words. Behavioral expectations create boundaries that, when crossed, can be the substance of insults. A guest who wears casual clothing to a formal event might offend the host of a party. At times the casual wearing of military garb has been seen or intended as an insult to the uniform. The deliberate adoption of some , <link xlink:type="simple" xlink:href="../947/19947.xml">
mannerism</link>, or clothing may be used as a deliberate insult. Misuse of flags, especially burning a national flag, can be used as an insult (but can also be a political statement).</p>

</ss1>
<ss1>
<st>
Verbal insults</st>
<p>

<link xlink:type="simple" xlink:href="../209/24209.xml">
Profanity</link> is frequently used as part of insults to strengthen their emotional impact. Some body parts, although useful, may be of low esteem; the word may then be used as insult. For example, the word asshole (or arsehole) is used to imply disapproval for the behavior or morals of another, but tends to imply the behavior resulted from a character flaw. </p>
<p>

The examination of insulting language reveals the tensions between <link xlink:type="simple" xlink:href="../174/29174.xml">
social class</link>es and ethnic groups in modern society, where expectations are sometimes viewed as insulting by some and failure to comply with those expectations being seen as insulting by others.</p>

</ss1>
</sec>
<sec>
<st>
Categories of insults</st>
<p>

<list>
<entry level="1" type="bullet">

 Insult to <link xlink:type="simple" xlink:href="../280/519280.xml">
intelligence</link> (e.g. <link xlink:type="simple" xlink:href="../004/15004.xml">
idiot</link>, <link xlink:type="simple" xlink:href="../040/18567040.xml">
retard</link>, <link xlink:type="simple" xlink:href="../592/396592.xml">
moron</link>, , <link xlink:type="simple" xlink:href="../534/369534.xml">
dummy</link>, bighead)</entry>
<entry level="1" type="bullet">

 Insult to being <link xlink:type="simple" xlink:href="../252/9252.xml">
educated</link> (e.g. <link xlink:type="simple" xlink:href="../783/729783.xml">
egghead</link>, <link xlink:type="simple" xlink:href="../494/21494.xml">
nerd</link>, <link>
smart-ass</link>)</entry>
<entry level="1" type="bullet">

 Insult to <link xlink:type="simple" xlink:href="../174/70174.xml">
moral</link>s and <link xlink:type="simple" xlink:href="../805/4805.xml">
behavior</link> (e.g.  <link xlink:type="simple" xlink:href="../723/229723.xml">
liar</link>, <link xlink:type="simple" xlink:href="../287/31287.xml">
thief</link>, <link xlink:type="simple" xlink:href="../430/7753430.xml">
psycho</link>, <link xlink:type="simple" xlink:href="../119/165119.xml">
coward</link>)</entry>
<entry level="1" type="bullet">

 Insult to <link xlink:type="simple" xlink:href="../648/177648.xml">
personality</link> (e.g. <link xlink:type="simple" xlink:href="../097/48097.xml">
bitch</link>, <link xlink:type="simple" xlink:href="../229/17181229.xml">
asshole</link>, <link xlink:type="simple" xlink:href="../290/16290.xml">
jerk</link>, <link xlink:type="simple" xlink:href="../455/19196455.xml">
douchebag</link>, jerk-off, <link xlink:type="simple" xlink:href="../265/533265.xml">
wanker</link>)</entry>
<entry level="1" type="bullet">

 Insult to <link xlink:type="simple" xlink:href="../828/46828.xml">
conception</link> (e.g. <link xlink:type="simple" xlink:href="../821/574821.xml">
bastard</link>, <link xlink:type="simple" xlink:href="../743/54743.xml">
inbred</link> )</entry>
<entry level="1" type="bullet">

 Insult via <link xlink:type="simple" xlink:href="../191/563191.xml">
relative</link>s (e.g.  <link xlink:type="simple" xlink:href="../201/1806201.xml">
"Yo Momma"</link> or "<link xlink:type="simple" xlink:href="../201/1806201.xml">
Your Mum</link>")</entry>
<entry level="1" type="bullet">

 Insult via implied drug use (e.g. <link xlink:type="simple" xlink:href="../126/2535126.xml">
tweaker</link>, <link xlink:type="simple" xlink:href="../961/102961.xml">
crackhead</link>, <link xlink:type="simple" xlink:href="../961/102961.xml">
druggie</link>, <link xlink:type="simple" xlink:href="../621/520621.xml">
wino</link>)</entry>
<entry level="1" type="bullet">

 Insult to economic class (e.g. <link xlink:type="simple" xlink:href="../792/18006792.xml">
redneck</link>, <link xlink:type="simple" xlink:href="../708/682708.xml">
bum</link>, <link xlink:type="simple" xlink:href="../804/842804.xml">
greaser</link> bourgeoisie)</entry>
<entry level="1" type="bullet">

 Insult against lack of skill (e.g rookie, <link xlink:type="simple" xlink:href="../127/2118127.xml">
loser</link>, noob)</entry>
<entry level="1" type="bullet">

 Insult to <link xlink:type="simple" xlink:href="../451/211451.xml">
appearance</link> (e.g. <link xlink:type="simple" xlink:href="../460/3605460.xml">
fatso</link>, <link xlink:type="simple" xlink:href="../769/1034769.xml">
ugly</link>, <link xlink:type="simple" xlink:href="../896/5873896.xml">
fatty</link>, fatass, fuck-face)</entry>
<entry level="1" type="bullet">

 Insult to <link xlink:type="simple" xlink:href="../515/11014515.xml">
race</link> (e.g. <link xlink:type="simple" xlink:href="../539/33539.xml">
white trash</link>, <link xlink:type="simple" xlink:href="../604/467604.xml">
chink</link>, <link>
gook</link>, <link xlink:type="simple" xlink:href="../817/310817.xml">
wetback</link>, <link xlink:type="simple" xlink:href="../120/37120.xml">
nigger</link>, <link>
 Orange Picker</link>, <link xlink:type="simple" xlink:href="../982/5982.xml">
Cracker</link>)</entry>
<entry level="1" type="bullet">

 Insult to gender (e.g. "What are you? A girl!!!")</entry>
<entry level="1" type="bullet">

 Insult to religion (e.g. <link xlink:type="simple" xlink:href="../063/19547063.xml">
kike</link>)</entry>
<entry level="1" type="bullet">

 Insult to <link xlink:type="simple" xlink:href="../445/270445.xml">
hair colour</link> (e.g. <link xlink:type="simple" xlink:href="../498/443498.xml">
Blonde</link>, <link xlink:type="simple" xlink:href="../381/270381.xml">
Ginger</link>, <link xlink:type="simple" xlink:href="../358/518358.xml">
Brunette</link>)</entry>
<entry level="1" type="bullet">

 Insult to <link xlink:type="simple" xlink:href="../337/14337.xml">
sexual behavior</link> (e.g. <link xlink:type="simple" xlink:href="../915/15157915.xml">
whore</link>, <link xlink:type="simple" xlink:href="../217/531217.xml">
slut</link>, <link xlink:type="simple" xlink:href="../777/4600777.xml">
skank</link> <link xlink:type="simple" xlink:href="../014/4651014.xml">
pimp</link>)</entry>
<entry level="1" type="bullet">

 Insult to <link xlink:type="simple" xlink:href="../252/29252.xml">
sexual orientation</link> (e.g. <link xlink:type="simple" xlink:href="../128/5171128.xml">
gay</link>, <link xlink:type="simple" xlink:href="../336/901336.xml">
poof</link>, <link xlink:type="simple" xlink:href="../367/18589367.xml">
dyke</link>, <link xlink:type="simple" xlink:href="../280/816280.xml">
fag</link>, <link>
A big gay bear</link>, <link>
 cock Sucker</link>)</entry>
<entry level="1" type="bullet">

 Insult to an adult man still living at home with his mother or both parents (e.g. Mummy's or Mamma's boy)</entry>
<entry level="1" type="bullet">

 Insult adults of middle age and elderly people (e.g old bag or bat, old fogy, left-overs)</entry>
<entry level="1" type="bullet">

 Inappropriately intended insults (e.g. fuckface, dickweed, shithead)</entry>
<entry level="1" type="bullet">

 Insult to disability (e.g. vegetable, spineless freak, flid, two-faced lizard, retard, spazmo, references to <personality wordnetid="104617562" confidence="0.8">
<link xlink:type="simple" xlink:href="../507/906507.xml">
Joey Deacon</link></personality>
)</entry>
<entry level="1" type="bullet">

 Insult to nationality (e.g. yankee, cheese-eating surrender monkey)</entry>
<entry level="1" type="bullet">

 Insult to penis size (e.g. Small cocked twat, Pin dick, Needle dick)</entry>
</list>
</p>

</sec>
<sec>
<st>
Higher level insults (or: The art of verbal abuse)</st>

<ss1>
<st>
Disguised insult</st>
<p>

E.g. as an apology after a previous insult: "I'm sorry Sir, I didn't think you could be insulted."</p>
<p>

This implies that you're thinking that no matter how bad a thing anyone could say to him, surely it would not be an insult to him. Thus this apology constitutes in effect an insult.</p>

</ss1>
</sec>
<sec>
<st>
Perceptions of insults</st>
<p>

Sociologists suggest insults are often an indicator of flawed reasoning about the character or motivation of others. Though insults are common, and often used in jest, a fundamental axiom of sociology recognizes that derogatory forms of speech make erroneous attributions about the motivation of a person. Scholars classify the erroneous assumptions as the <link xlink:type="simple" xlink:href="../319/221319.xml">
fundamental attribution error</link>. </p>

<ss1>
<st>
Cultural perceptions</st>
<p>

Perceptions of insulting language often vary, and often depend on the context and persons involved as much as the actual words. For example, in 21st century <body wordnetid="107965085" confidence="0.8">
<social_group wordnetid="107950920" confidence="0.8">
<political_orientation wordnetid="106212839" confidence="0.8">
<colony wordnetid="108374049" confidence="0.8">
<state wordnetid="108168978" confidence="0.8">
<political_unit wordnetid="108359949" confidence="0.8">
<group wordnetid="100031264" confidence="0.8">
<democracy wordnetid="106217103" confidence="0.8">
<link xlink:type="simple" xlink:href="../750/3434750.xml">
America</link></democracy>
</group>
</political_unit>
</state>
</colony>
</political_orientation>
</social_group>
</body>
, <ethnic_group wordnetid="107967382" confidence="0.8">
<group wordnetid="100031264" confidence="0.8">
<people wordnetid="107942152" confidence="0.8">
<link xlink:type="simple" xlink:href="../ury/22nd_century.xml">
African American</link></people>
</group>
</ethnic_group>
 descendants of former <link xlink:type="simple" xlink:href="../992/27992.xml">
slaves</link> hold mixed views of the term "<link xlink:type="simple" xlink:href="../120/37120.xml">
nigger</link>", sometimes using it as a rugged form of mutual affection in popular culture, but resenting the term when used in <link xlink:type="simple" xlink:href="../955/48955.xml">
pejorative</link> sense, especially when spoken by members of other ethnic groups. Other African-Americans take offense at any use of the term even between friends, holding that even though it is shared affectionately perhaps as a sign of strength, it acts as a term of mutual degradation, and inevitably serves to degrade African-Americans in general.
Another example would be reference (even in a joke) to stereotypical aspects of a person, for example jokingly linking a person's <group wordnetid="100031264" confidence="0.8">
<people wordnetid="107942152" confidence="0.8">
<link xlink:type="simple" xlink:href="../913/15913.xml">
Jew</link></people>
</group>
ishness with a joke about money, a person's  <country wordnetid="108544813" confidence="0.9508927676800064">
<link xlink:type="simple" xlink:href="../936/22936.xml">
Pole</link></country>
 nationality with their intelligence, or making a joke about how feminine or "gay" someone is with a French joke.</p>

</ss1>
</sec>
<sec>
<st>
See also</st>
<p>

<list>
<entry level="1" type="bullet">

<link xlink:type="simple" xlink:href="../508/54508.xml">
The dozens</link></entry>
<entry level="1" type="bullet">

<work wordnetid="104599396" confidence="0.8">
<product wordnetid="104007894" confidence="0.8">
<creation wordnetid="103129123" confidence="0.8">
<artifact wordnetid="100021939" confidence="0.8">
<periodical wordnetid="106593296" confidence="0.8">
<publication wordnetid="106589574" confidence="0.8">
<link xlink:type="simple" xlink:href="../041/1388041.xml">
Maledicta</link></publication>
</periodical>
</artifact>
</creation>
</product>
</work>
</entry>
<entry level="1" type="bullet">

<link xlink:type="simple" xlink:href="../661/28661.xml">
Slander and libel</link> (defamation)</entry>
<entry level="1" type="bullet">

<link xlink:type="simple" xlink:href="../ury/23rd_century.xml">
Personal attack</link></entry>
</list>
</p>

</sec>
<sec>
<st>
External links and references</st>
<p>

<list>
<entry level="1" type="bullet">

<weblink xlink:type="simple" xlink:href="http://www.sonic.net/maledicta/">
The International Journal of Verbal Aggression</weblink></entry>
<entry level="1" type="bullet">

<weblink xlink:type="simple" xlink:href="http://www.nosweatshakespeare.com/resources/shakespeare-insults.htm">
List of Shakespeare's insults</weblink></entry>
<entry level="1" type="bullet">

<weblink xlink:type="simple" xlink:href="http://www.insultmonger.com/insults/index.htm">
A collection of insults in a comprehensive range of categories</weblink></entry>
</list>
</p>



</sec>
</bdy>
</entity>
</article>
