<?xml version="1.0" encoding="UTF-8"?>
<!-- generated by CLiX/Wiki2XML [MPI-Inf, MMCI@UdS] $LastChangedRevision: 92 $ on 16.04.2009 16:24:52[mciao0826] -->
<!DOCTYPE article SYSTEM "../article.dtd">
<article xmlns:xlink="http://www.w3.org/1999/xlink">
<header>
<title>Topic outline of computer science</title>
<id>169633</id>
<revision>
<id>242422388</id>
<timestamp>2008-10-02T04:34:13Z</timestamp>
<contributor>
<username>The Transhumanist</username>
<id>1754504</id>
</contributor>
</revision>
<categories>
<category>Basic topic lists</category>
<category>Computer science</category>
<category>Computer lists</category>
</categories>
</header>
<bdy>

<b><link xlink:type="simple" xlink:href="../323/5323.xml">
Computer science</link></b>, or <b>computing science</b>, is the study of the theoretical foundations of <link xlink:type="simple" xlink:href="../062/18985062.xml">
information</link> and <link xlink:type="simple" xlink:href="../926/5926.xml">
computation</link> and their implementation and application in <link xlink:type="simple" xlink:href="../457/7878457.xml">
computer system</link>s. One well known subject classification system for <link xlink:type="simple" xlink:href="../323/5323.xml">
computer science</link> is the <link xlink:type="simple" xlink:href="../516/3192516.xml">
ACM Computing Classification System</link> devised by the <organization wordnetid="108008335" confidence="0.9508927676800064">
<link xlink:type="simple" xlink:href="../ury/30th_century.xml">
Association for Computing Machinery</link></organization>
. <p>

The following outline is provided as an overview of and introduction to <b>computer science</b>:</p>

<sec>
<st>
 Branches of computer science </st>

<ss1>
<st>
 Mathematical foundations </st>

<p>

<list>
<entry level="1" type="bullet">

 <link xlink:type="simple" xlink:href="../636/19636.xml">
Mathematical logic</link> - Boolean logic and other ways of modeling logical queries; the uses and limitations of formal proof methods</entry>
<entry level="1" type="bullet">

 <link xlink:type="simple" xlink:href="../527/21527.xml">
Number theory</link> - Theory of proofs and heuristics for finding proofs in the simple domain of integers.  Used in <link xlink:type="simple" xlink:href="../432/18934432.xml">
cryptography</link> as well as a test domain in <link xlink:type="simple" xlink:href="../164/1164.xml">
artificial intelligence</link>.</entry>
<entry level="1" type="bullet">

 <link xlink:type="simple" xlink:href="../401/12401.xml">
Graph theory</link> - Foundations for data structures and searching algorithms.</entry>
<entry level="1" type="bullet">

 <link xlink:type="simple" xlink:href="../924/11924.xml">
Game theory</link> - useful in <link xlink:type="simple" xlink:href="../164/1164.xml">
artificial intelligence</link> and <link xlink:type="simple" xlink:href="../904/5904.xml">
cybernetics</link>.</entry>
</list>
</p>

</ss1>
<ss1>
<st>
 Theory of computation </st>

<p>

<indent level="1">

<it>Main article: <link>
 Theory of computation</link></it>
</indent>

<list>
<entry level="1" type="bullet">

 <link xlink:type="simple" xlink:href="../356/103356.xml">
Automata theory</link> - Different logical structures for solving problems.</entry>
<entry level="1" type="bullet">

 <link xlink:type="simple" xlink:href="../136/442136.xml">
Computability theory</link> - What is calculable with the current models of computers. Proofs developed by <person wordnetid="100007846" confidence="0.9508927676800064">
<scientist wordnetid="110560637" confidence="0.9508927676800064">
<link xlink:type="simple" xlink:href="../208/1208.xml">
Alan Turing</link></scientist>
</person>
 and others provide insight into the possibilities of what may be computed and what may not.</entry>
<entry level="1" type="bullet">

 <link xlink:type="simple" xlink:href="../543/7543.xml">
Computational complexity theory</link> - Fundamental bounds (especially time and storage space) on classes of computations.</entry>
<entry level="1" type="bullet">

 <link xlink:type="simple" xlink:href="../220/25220.xml">
Quantum computing</link> theory - Explores computational models involving <link xlink:type="simple" xlink:href="../728/82728.xml">
quantum superposition</link> of bits.</entry>
</list>
</p>

</ss1>
<ss1>
<st>
 Algorithms and data structures </st>

<p>

<list>
<entry level="1" type="bullet">

 <link xlink:type="simple" xlink:href="../775/775.xml">
Algorithms</link> - Sequential and parallel computational procedures for solving a wide range of problems.</entry>
<entry level="1" type="bullet">

 <link xlink:type="simple" xlink:href="../519/8519.xml">
Data structure</link>s - The organization and manipulation of data.</entry>
</list>
</p>

</ss1>
<ss1>
<st>
 Programming languages and compilers </st>

<p>

<list>
<entry level="1" type="bullet">

 <link xlink:type="simple" xlink:href="../208/1695208.xml">
Compiler theory</link> - Theory of <link xlink:type="simple" xlink:href="../739/5739.xml">
compiler</link> design, based on <link xlink:type="simple" xlink:href="../356/103356.xml">
Automata theory</link>.</entry>
<entry level="1" type="bullet">

 <link xlink:type="simple" xlink:href="../015/23015.xml">
Programing language pragmatics</link> - Taxonomy of programming languages, their strength and weaknesses. Various <link xlink:type="simple" xlink:href="../897/189897.xml">
programming paradigms</link>, such as <link xlink:type="simple" xlink:href="../757/22757.xml">
object-oriented programming</link>.</entry>
<entry level="1" type="bullet">

 <message wordnetid="106598915" confidence="0.8">
<subject wordnetid="106599788" confidence="0.8">
<link xlink:type="simple" xlink:href="../218/3882218.xml">
Programming language theory</link></subject>
</message>
</entry>
<entry level="2" type="bullet">

 <know-how wordnetid="105616786" confidence="0.8">
<method wordnetid="105660268" confidence="0.8">
<link xlink:type="simple" xlink:href="../608/397608.xml">
Formal semantics</link></method>
</know-how>
 - rigorous mathematical study of the meaning of programs.</entry>
<entry level="2" type="bullet">

 <system wordnetid="104377057" confidence="0.8">
<artifact wordnetid="100021939" confidence="0.8">
<instrumentality wordnetid="103575240" confidence="0.8">
<link xlink:type="simple" xlink:href="../282/40282.xml">
Type theory</link></instrumentality>
</artifact>
</system>
 - Formal analysis of the types of data, and the use of these types to understand properties of programs — especially program safety.</entry>
</list>
</p>

</ss1>
<ss1>
<st>
 Concurrent, parallel, and distributed systems </st>

<p>

<list>
<entry level="1" type="bullet">

 <link xlink:type="simple" xlink:href="../467/928467.xml">
Concurrency</link> - The theory and practice of simultaneous computation; data safety in any multitasking or multithreaded environment.</entry>
<entry level="1" type="bullet">

 <link xlink:type="simple" xlink:href="../162/145162.xml">
Parallel computing</link> - Computing using multiple concurrent threads of execution, devising algorithms for solving problems on multiple processors to achieve maximal speed-up compared to sequential execution.</entry>
<entry level="1" type="bullet">

 <link xlink:type="simple" xlink:href="../501/8501.xml">
Distributed computing</link> - Computing using multiple computing devices over a network to accomplish a common objective or task and there by reducing the latency involved in single processor contributions for any task.</entry>
</list>
</p>

</ss1>
<ss1>
<st>
 Software engineering </st>

<p>

<list>
<entry level="1" type="bullet">

 <belief wordnetid="105941423" confidence="0.8">
<doctrine wordnetid="105943300" confidence="0.8">
<link xlink:type="simple" xlink:href="../883/161883.xml">
Formal methods</link></doctrine>
</belief>
 - Mathematical approaches for describing and reasoning about software designs.</entry>
<entry level="1" type="bullet">

 <link xlink:type="simple" xlink:href="../010/27010.xml">
Software engineering</link> - The principles and practice of designing, developing, and testing programs, as well as proper engineering practices.</entry>
<entry level="1" type="bullet">

 <link xlink:type="simple" xlink:href="../488/18935488.xml">
Reverse engineering</link> - The application of the scientific method to the understanding of arbitrary existing software</entry>
<entry level="1" type="bullet">

 <link xlink:type="simple" xlink:href="../312/10433312.xml">
Algorithm design</link> - Using ideas from algorithm theory to creatively design solutions to real tasks</entry>
<entry level="1" type="bullet">

 <link xlink:type="simple" xlink:href="../311/5311.xml">
Computer programming</link> - The practice of using a programming language to implement algorithms</entry>
</list>
</p>

</ss1>
<ss1>
<st>
 Computer architecture </st>
<p>

<list>
<entry level="1" type="bullet">

 <link xlink:type="simple" xlink:href="../509/6509.xml">
Computer architecture</link> - The design, organization, optimization and verification of a computer system, mostly about <link xlink:type="simple" xlink:href="../218/5218.xml">
CPU</link>s and <link xlink:type="simple" xlink:href="../300/5300.xml">
Memory</link> subsystem (and the bus connecting them).</entry>
<entry level="1" type="bullet">

 <link xlink:type="simple" xlink:href="../194/22194.xml">
Operating system</link>s - Systems for managing computer programs and providing the basis of a usable system.</entry>
</list>
</p>

</ss1>
<ss1>
<st>
 Communications and Security</st>

<p>

<list>
<entry level="1" type="bullet">

 <link xlink:type="simple" xlink:href="../652/5652.xml">
Networking</link> - Algorithms and protocols for reliably communicating data across different shared or dedicated media, often including <link xlink:type="simple" xlink:href="../375/10375.xml">
error correction</link>.</entry>
<entry level="1" type="bullet">

 <link xlink:type="simple" xlink:href="../398/7398.xml">
Computer security</link> - Practical aspects of securing computer systems and computer networks.</entry>
<entry level="1" type="bullet">

 <link xlink:type="simple" xlink:href="../432/18934432.xml">
Cryptography</link> - Applies results from complexity, probability and number theory to invent and <link xlink:type="simple" xlink:href="../715/5715.xml">
break codes</link>, and analyze the security of <link xlink:type="simple" xlink:href="../994/591994.xml">
cryptographic protocols</link>.</entry>
</list>
</p>

</ss1>
<ss1>
<st>
 Databases </st>

<p>

<list>
<entry level="1" type="bullet">

 <link xlink:type="simple" xlink:href="../873/25873.xml">
Relational databases</link> - the <link xlink:type="simple" xlink:href="../553/27553.xml">
set theoretic</link> and algorithmic foundation of databases.</entry>
<entry level="1" type="bullet">

 <link xlink:type="simple" xlink:href="../253/42253.xml">
Data mining</link> - Study of algorithms for searching and processing information in documents and databases; closely related to <link xlink:type="simple" xlink:href="../271/15271.xml">
information retrieval</link>.</entry>
</list>
</p>

</ss1>
<ss1>
<st>
 Artificial intelligence </st>

<p>

<list>
<entry level="1" type="bullet">

 <link xlink:type="simple" xlink:href="../164/1164.xml">
Artificial intelligence</link> - The implementation and study of systems that exhibit an autonomous intelligence or behaviour of their own.</entry>
<entry level="1" type="bullet">

 <link xlink:type="simple" xlink:href="../728/2884728.xml">
Automated reasoning</link> - Solving engines, such as used in <link xlink:type="simple" xlink:href="../485/23485.xml">
Prolog</link>, which produce steps to a result given a query on a fact and rule database, and <know-how wordnetid="105616786" confidence="0.8">
<method wordnetid="105660268" confidence="0.8">
<link xlink:type="simple" xlink:href="../546/2546.xml">
automated theorem provers</link></method>
</know-how>
 that aim to prove <link xlink:type="simple" xlink:href="../977/30977.xml">
mathematical theorem</link>s with some assistance from a programmer.</entry>
<entry level="1" type="bullet">

 <link xlink:type="simple" xlink:href="../673/46673.xml">
Robotics</link> - Algorithms for controlling the behavior of robots.</entry>
<entry level="1" type="bullet">

 <link xlink:type="simple" xlink:href="../596/6596.xml">
Computer vision</link> - Algorithms for identifying three dimensional objects from a two dimensional picture.</entry>
<entry level="1" type="bullet">

 <link xlink:type="simple" xlink:href="../488/233488.xml">
Machine learning</link> - Automated creation of a set of rules and axioms based on input.</entry>
</list>
</p>

</ss1>
<ss1>
<st>
 Computer graphics </st>

<p>

<list>
<entry level="1" type="bullet">

 <link xlink:type="simple" xlink:href="../210/18567210.xml">
Computer graphics</link> - Algorithms both for generating visual images synthetically, and for integrating or altering visual and spatial information sampled from the real world.</entry>
<entry level="1" type="bullet">

 <link xlink:type="simple" xlink:href="../332/76332.xml">
Image processing</link> - Determining information from an image through computation.</entry>
<entry level="1" type="bullet">

 <link xlink:type="simple" xlink:href="../516/13516.xml">
Human computer interaction</link> - The study and design of computer interfaces that people use.</entry>
</list>
</p>

</ss1>
<ss1>
<st>
 Scientific computing </st>

<p>

<list>
<entry level="1" type="bullet">

 <link xlink:type="simple" xlink:href="../506/21506.xml">
Numerical analysis</link> - Approximate numerical solution of mathematical problems such as <link xlink:type="simple" xlink:href="../299/153299.xml">
root-finding</link>, <link xlink:type="simple" xlink:href="../089/170089.xml">
integration</link>, the <statement wordnetid="106722453" confidence="0.8">
<message wordnetid="106598915" confidence="0.8">
<equation wordnetid="106669864" confidence="0.8">
<mathematical_statement wordnetid="106732169" confidence="0.8">
<link xlink:type="simple" xlink:href="../829/272829.xml">
solution of ordinary differential equations</link></mathematical_statement>
</equation>
</message>
</statement>
; the approximation of <link xlink:type="simple" xlink:href="../055/29055.xml">
special functions</link>.</entry>
<entry level="1" type="bullet">

 <link xlink:type="simple" xlink:href="../200/3189200.xml">
Symbolic computation</link> - Manipulation and solution of expressions in symbolic form, also known as <link xlink:type="simple" xlink:href="../427/54427.xml">
Computer algebra</link>.</entry>
<entry level="1" type="bullet">

 <link xlink:type="simple" xlink:href="../418/106418.xml">
Computational physics</link> - Numerical simulations of large non-analytic systems</entry>
<entry level="1" type="bullet">

 <link xlink:type="simple" xlink:href="../019/6019.xml">
Computational chemistry</link> - Computational modelling of theoretical chemistry in order to determine chemical structures and properties</entry>
<entry level="1" type="bullet">

 <link xlink:type="simple" xlink:href="../214/4214.xml">
Bioinformatics</link> - The use of computer science to maintain, analyse, store <link xlink:type="simple" xlink:href="../951/4145951.xml">
biological data</link> and to assist in solving biological problems such as <link xlink:type="simple" xlink:href="../085/52085.xml">
Protein folding</link>, function prediction and <link xlink:type="simple" xlink:href="../962/23962.xml">
Phylogeny</link>.</entry>
<entry level="1" type="bullet">

 <link xlink:type="simple" xlink:href="../430/271430.xml">
Computational neuroscience</link> - Computational modelling of <link xlink:type="simple" xlink:href="../304/374304.xml">
neurophysiology</link>.</entry>
</list>
</p>

</ss1>
</sec>
<sec>
<st>
 History of computer science </st>

<p>

<indent level="1">

<it>Main article: <link xlink:type="simple" xlink:href="../413/3271413.xml">
History of computer science</link></it>
</indent>

</p>
</sec>
<sec>
<st>
 Vocations of computer science </st>
<p>

<list>
<entry level="1" type="bullet">

 <link xlink:type="simple" xlink:href="../716/23716.xml">
Programmer</link></entry>
<entry level="1" type="bullet">

 <link xlink:type="simple" xlink:href="../132/2497132.xml">
Software architect</link></entry>
<entry level="1" type="bullet">

 <link xlink:type="simple" xlink:href="../683/179683.xml">
Software developer</link></entry>
<entry level="1" type="bullet">

 <link xlink:type="simple" xlink:href="../090/29090.xml">
Software tester</link></entry>
</list>
</p>

</sec>
<sec>
<st>
 Basic computer science concepts </st>


<ss1>
<st>
Data and data structures</st>

<p>

<table style="background:transparent; width:100%;" cellpadding="0" class=" multicol" cellspacing="0">
<row>
<col align="left" width="33.33%" valign="top">
<list>
<entry level="1" type="bullet">

<link xlink:type="simple" xlink:href="../052/2052.xml">
Array</link></entry>
<entry level="1" type="bullet">

<link xlink:type="simple" xlink:href="../519/8519.xml">
Data structure</link></entry>
<entry level="1" type="bullet">

<link xlink:type="simple" xlink:href="../817/93817.xml">
Data type</link></entry>
</list>
</col>
<col align="left" width="33.33%" valign="top">
<list>
<entry level="1" type="bullet">

<link xlink:type="simple" xlink:href="../377/8377.xml">
Database</link></entry>
<entry level="1" type="bullet">

<link xlink:type="simple" xlink:href="../382/208382.xml">
List</link></entry>
<entry level="1" type="bullet">

<link xlink:type="simple" xlink:href="../728/19008728.xml">
Matrix (computer science)</link></entry>
</list>
</col>
<col align="left" width="33.33%" valign="top">
<list>
<entry level="1" type="bullet">

<idea wordnetid="105833840" confidence="0.8">
<concept wordnetid="105835747" confidence="0.8">
<category wordnetid="105838765" confidence="0.8">
<language wordnetid="106282651" confidence="0.8">
<type wordnetid="105840188" confidence="0.8">
<kind wordnetid="105839024" confidence="0.8">
<link xlink:type="simple" xlink:href="../701/27701.xml">
String</link></kind>
</type>
</language>
</category>
</concept>
</idea>
</entry>
<entry level="1" type="bullet">

<link xlink:type="simple" xlink:href="../806/30806.xml">
Tree</link></entry>
</list>
</col>
</row>
</table>
</p>

</ss1>
<ss1>
<st>
Object oriented</st>

<p>

<table style="background:transparent; width:100%;" cellpadding="0" class=" multicol" cellspacing="0">
<row>
<col align="left" width="33.33%" valign="top">
<list>
<entry level="1" type="bullet">

<idea wordnetid="105833840" confidence="0.8">
<concept wordnetid="105835747" confidence="0.8">
<link xlink:type="simple" xlink:href="../392/7392.xml">
Class</link></concept>
</idea>
</entry>
<entry level="1" type="bullet">

<link xlink:type="simple" xlink:href="../746/2617746.xml">
Inheritance</link></entry>
</list>
</col>
<col align="left" width="33.33%" valign="top">
<list>
<entry level="1" type="bullet">

<link xlink:type="simple" xlink:href="../665/169665.xml">
Object</link></entry>
</list>
</col>
<col align="left" width="33.33%" valign="top">
<list>
<entry level="1" type="bullet">

<link xlink:type="simple" xlink:href="../757/22757.xml">
Object-oriented programming</link></entry>
</list>
</col>
</row>
</table>
</p>

</ss1>
<ss1>
<st>
Other</st>

<p>

<table style="background:transparent; width:100%;" cellpadding="0" class=" multicol" cellspacing="0">
<row>
<col align="left" width="33.33%" valign="top">
<list>
<entry level="1" type="bullet">

<paradigm wordnetid="113804375" confidence="0.8">
<linguistic_relation wordnetid="113797142" confidence="0.8">
<inflection wordnetid="113803782" confidence="0.8">
<grammatical_relation wordnetid="113796779" confidence="0.8">
<link xlink:type="simple" xlink:href="../491/60491.xml">
Abstraction</link></grammatical_relation>
</inflection>
</linguistic_relation>
</paradigm>
</entry>
<entry level="1" type="bullet">

<link xlink:type="simple" xlink:href="../775/775.xml">
Algorithm</link></entry>
<entry level="1" type="bullet">

<link xlink:type="simple" xlink:href="../356/103356.xml">
Automata</link></entry>
<entry level="1" type="bullet">

<link xlink:type="simple" xlink:href="../578/44578.xml">
Big O notation</link></entry>
<entry level="1" type="bullet">

<link xlink:type="simple" xlink:href="../319/62319.xml">
Closure</link></entry>
<entry level="1" type="bullet">

<link xlink:type="simple" xlink:href="../739/5739.xml">
Compiler</link></entry>
<entry level="1" type="bullet">

<link xlink:type="simple" xlink:href="../926/5926.xml">
Computation</link></entry>
<entry level="1" type="bullet">

<link xlink:type="simple" xlink:href="../136/442136.xml">
Computability</link></entry>
<entry level="1" type="bullet">

<link xlink:type="simple" xlink:href="../543/7543.xml">
Computational complexity</link></entry>
<entry level="1" type="bullet">

<link xlink:type="simple" xlink:href="../652/5652.xml">
Computer networking</link></entry>
<entry level="1" type="bullet">

<link xlink:type="simple" xlink:href="../311/5311.xml">
Computer programming</link></entry>
<entry level="1" type="bullet">

<link xlink:type="simple" xlink:href="../467/928467.xml">
Concurrency</link></entry>
<entry level="1" type="bullet">

<link xlink:type="simple" xlink:href="../189/505189.xml">
Continuation</link></entry>
<entry level="1" type="bullet">

<link xlink:type="simple" xlink:href="../459/45459.xml">
Control flow</link></entry>
</list>
</col>
<col align="left" width="33.33%" valign="top">
<list>
<entry level="1" type="bullet">

<paradigm wordnetid="113804375" confidence="0.8">
<linguistic_relation wordnetid="113797142" confidence="0.8">
<inflection wordnetid="113803782" confidence="0.8">
<grammatical_relation wordnetid="113796779" confidence="0.8">
<link xlink:type="simple" xlink:href="../648/210648.xml">
Declarative programming</link></grammatical_relation>
</inflection>
</linguistic_relation>
</paradigm>
</entry>
<entry level="1" type="bullet">

<know-how wordnetid="105616786" confidence="0.8">
<method wordnetid="105660268" confidence="0.8">
<link xlink:type="simple" xlink:href="../931/10931.xml">
Finite state machine</link></method>
</know-how>
</entry>
<entry level="1" type="bullet">

<link xlink:type="simple" xlink:href="../453/527453.xml">
Flowchart</link></entry>
<entry level="1" type="bullet">

<belief wordnetid="105941423" confidence="0.8">
<doctrine wordnetid="105943300" confidence="0.8">
<link xlink:type="simple" xlink:href="../883/161883.xml">
Formal methods</link></doctrine>
</belief>
</entry>
<entry level="1" type="bullet">

<paradigm wordnetid="113804375" confidence="0.8">
<linguistic_relation wordnetid="113797142" confidence="0.8">
<inflection wordnetid="113803782" confidence="0.8">
<grammatical_relation wordnetid="113796779" confidence="0.8">
<link xlink:type="simple" xlink:href="../933/10933.xml">
Functional programming</link></grammatical_relation>
</inflection>
</linguistic_relation>
</paradigm>
</entry>
<entry level="1" type="bullet">

<link xlink:type="simple" xlink:href="../806/325806.xml">
Graph</link></entry>
<entry level="1" type="bullet">

<link xlink:type="simple" xlink:href="../668/13668.xml">
Halting problem</link></entry>
<entry level="1" type="bullet">

<paradigm wordnetid="113804375" confidence="0.8">
<linguistic_relation wordnetid="113797142" confidence="0.8">
<inflection wordnetid="113803782" confidence="0.8">
<grammatical_relation wordnetid="113796779" confidence="0.8">
<link xlink:type="simple" xlink:href="../847/197847.xml">
Imperative programming</link></grammatical_relation>
</inflection>
</linguistic_relation>
</paradigm>
</entry>
<entry level="1" type="bullet">

<link xlink:type="simple" xlink:href="../501/79501.xml">
Information hiding</link></entry>
<entry level="1" type="bullet">

<know-how wordnetid="105616786" confidence="0.8">
<method wordnetid="105660268" confidence="0.8">
<link xlink:type="simple" xlink:href="../643/1126643.xml">
Invariant</link></method>
</know-how>
</entry>
<entry level="1" type="bullet">

<link xlink:type="simple" xlink:href="../833/68833.xml">
Iteration</link></entry>
<entry level="1" type="bullet">

<link xlink:type="simple" xlink:href="../203/18203.xml">
λ-calculus</link></entry>
<entry level="1" type="bullet">

<link xlink:type="simple" xlink:href="../de)/17927_(Z$I$P$_code).xml">
Logic programming</link></entry>
</list>
</col>
<col align="left" width="33.33%" valign="top">
<list>
<entry level="1" type="bullet">

<link xlink:type="simple" xlink:href="../194/22194.xml">
Operating system</link></entry>
<entry level="1" type="bullet">

<event wordnetid="100029378" confidence="0.8">
<rule wordnetid="105846932" confidence="0.8">
<act wordnetid="100030358" confidence="0.8">
<psychological_feature wordnetid="100023100" confidence="0.8">
<procedure wordnetid="101023820" confidence="0.8">
<activity wordnetid="100407535" confidence="0.8">
<algorithm wordnetid="105847438" confidence="0.8">
<link xlink:type="simple" xlink:href="../015/310015.xml">
Parsing</link></algorithm>
</activity>
</procedure>
</psychological_feature>
</act>
</rule>
</event>
</entry>
<entry level="1" type="bullet">

<link xlink:type="simple" xlink:href="../373/420373.xml">
π-calculus</link></entry>
<entry level="1" type="bullet">

<link xlink:type="simple" xlink:href="../811/261811.xml">
Polymorphism</link></entry>
<entry level="1" type="bullet">

<paradigm wordnetid="113804375" confidence="0.8">
<linguistic_relation wordnetid="113797142" confidence="0.8">
<inflection wordnetid="113803782" confidence="0.8">
<grammatical_relation wordnetid="113796779" confidence="0.8">
<link xlink:type="simple" xlink:href="../801/23801.xml">
Procedural programming</link></grammatical_relation>
</inflection>
</linguistic_relation>
</paradigm>
</entry>
<entry level="1" type="bullet">

<link xlink:type="simple" xlink:href="../218/3882218.xml">
Programming language design</link></entry>
<entry level="1" type="bullet">

<know-how wordnetid="105616786" confidence="0.8">
<method wordnetid="105660268" confidence="0.8">
<link xlink:type="simple" xlink:href="../608/397608.xml">
Programming language semantics</link></method>
</know-how>
</entry>
<entry level="1" type="bullet">

<link xlink:type="simple" xlink:href="../407/25407.xml">
Recursion</link></entry>
<entry level="1" type="bullet">

<message wordnetid="106598915" confidence="0.8">
<subject wordnetid="106599788" confidence="0.8">
<language wordnetid="106282651" confidence="0.8">
<link xlink:type="simple" xlink:href="../717/25717.xml">
Regular expression</link></language>
</subject>
</message>
</entry>
<entry level="1" type="bullet">

<link xlink:type="simple" xlink:href="../988/40988.xml">
Subroutine</link></entry>
<entry level="1" type="bullet">

<link>
Systems programming</link></entry>
<entry level="1" type="bullet">

<link xlink:type="simple" xlink:href="../403/30403.xml">
Turing machine</link></entry>
</list>
</col>
</row>
</table>
</p>

</ss1>
</sec>
<sec>
<st>
 People in computer science </st>

<p>

<indent level="1">

<it>Main article: <link xlink:type="simple" xlink:href="../834/6834.xml">
List of computer scientists</link></it>
</indent>

</p>
</sec>
<sec>
<st>
 See also </st>

<p>

<table style="background:#f9f9f9; font-size:85%; line-height:110%; ">
<row>
<col>
 <image width="32x28px" src="Portal.svg">
</image>
</col>
<col style="padding:0 0.2em;">
 <b><it>
Computer science&#32;portal</it></b></col>
</row>
</table>
</p>

<p>

<list>
<entry level="1" type="bullet">

 <link xlink:type="simple" xlink:href="../626/5626.xml">
Cognitive science</link></entry>
</list>
</p>

</sec>
<sec>
<st>
 External links </st>


<p>

<list>
<entry level="1" type="bullet">

 <weblink xlink:type="simple" xlink:href="http://www.dmoz.org/Computers/Computer_Science//">
Topic outline of computer science</weblink> at the <work wordnetid="100575741" confidence="0.8">
<possession wordnetid="100032613" confidence="0.8">
<event wordnetid="100029378" confidence="0.8">
<company wordnetid="108058098" confidence="0.8">
<undertaking wordnetid="100795720" confidence="0.8">
<property wordnetid="113244109" confidence="0.8">
<act wordnetid="100030358" confidence="0.8">
<psychological_feature wordnetid="100023100" confidence="0.8">
<activity wordnetid="100407535" confidence="0.8">
<subsidiary_company wordnetid="108003935" confidence="0.8">
<institution wordnetid="108053576" confidence="0.8">
<link xlink:type="simple" xlink:href="../501/18949501.xml">
Open Directory Project</link></institution>
</subsidiary_company>
</activity>
</psychological_feature>
</act>
</property>
</undertaking>
</company>
</event>
</possession>
</work>
</entry>
<entry level="1" type="bullet">

 <weblink xlink:type="simple" xlink:href="http://www.lecturefox.com/computerscience/">
Directory of free university lectures in Computer Science</weblink> </entry>
<entry level="1" type="bullet">

 <weblink xlink:type="simple" xlink:href="http://liinwww.ira.uka.de/bibliography/">
Collection of Computer Science Bibliographies</weblink></entry>
<entry level="1" type="bullet">

 <weblink xlink:type="simple" xlink:href="http://se.ethz.ch/~meyer/gallery/">
Photographs of computer scientists</weblink> (<physical_entity wordnetid="100001930" confidence="0.8">
<expert wordnetid="109617867" confidence="0.8">
<person wordnetid="100007846" confidence="0.8">
<interior_designer wordnetid="110210648" confidence="0.8">
<specialist wordnetid="110631941" confidence="0.8">
<intellectual wordnetid="109621545" confidence="0.8">
<alumnus wordnetid="109786338" confidence="0.8">
<causal_agent wordnetid="100007347" confidence="0.8">
<scientist wordnetid="110560637" confidence="0.8">
<scholar wordnetid="110557854" confidence="0.8">
<research_worker wordnetid="110523076" confidence="0.8">
<link xlink:type="simple" xlink:href="../807/291807.xml">
Bertrand Meyer</link></research_worker>
</scholar>
</scientist>
</causal_agent>
</alumnus>
</intellectual>
</specialist>
</interior_designer>
</person>
</expert>
</physical_entity>
's gallery)</entry>
</list>
</p>
<p>

<list>
<entry level="1" type="definition">

 Webcasts</entry>
<entry level="1" type="bullet">

 <weblink xlink:type="simple" xlink:href="http://www.oid.ucla.edu/webcasts/courses/2006-2007/2006fall/cs1">
UCLA Computer Science 1 Freshman Computer Science Seminar Section 1</weblink></entry>
<entry level="1" type="bullet">

 <weblink xlink:type="simple" xlink:href="http://webcast.berkeley.edu/course_details.php?seriesid=1906978395">
Berkeley Introduction to Computers</weblink></entry>
</list>
</p>

<p>

<table style=";" class="navbox" cellspacing="0">
<row>
<col style="padding:2px;">
<table style="width:100%;background:transparent;color:inherit;;" class="nowraplinks collapsible autocollapse " cellspacing="0">
<row>
<header colspan="2" style=";" class="navbox-title">

List resources</header>
</row>
<row style="height:2px;">

</row>
<row>
<col colspan="2" style="width:100%;padding:0px;;;" class="navbox-list navbox-odd">

Topic lists (
basic)&nbsp;·  
Glossaries&nbsp;·  <link xlink:type="simple" xlink:href="../183/5374183.xml">
Countries</link>&nbsp;·  <link xlink:type="simple" xlink:href="../883/3883.xml">
People</link>&nbsp;·  <link xlink:type="simple" xlink:href="../297/4873297.xml">
Timelines</link></col>
</row>
</table>
</col>
</row>
</table>
</p>



</sec>
</bdy>
</article>
