<?xml version="1.0" encoding="UTF-8"?>
<!-- generated by CLiX/Wiki2XML [MPI-Inf, MMCI@UdS] $LastChangedRevision: 92 $ on 16.04.2009 15:28:28[mciao0827] -->
<!DOCTYPE article SYSTEM "../article.dtd">
<article xmlns:xlink="http://www.w3.org/1999/xlink">
<message  confidence="0.8" wordnetid="106598915">
<information  confidence="0.8" wordnetid="106634376">
<electronic_database  confidence="0.8" wordnetid="106588511">
<lexical_database  confidence="0.8" wordnetid="106638868">
<wordnet  confidence="0.8" wordnetid="106639428">
<database  confidence="0.8" wordnetid="106637824">
<header>
<title>Kent Applicative Operating System</title>
<id>17092</id>
<revision>
<id>91957495</id>
<timestamp>2006-12-04T07:48:58Z</timestamp>
<contributor>
<username>Arch dude</username>
<id>1763779</id>
</contributor>
</revision>
<categories>
<category>Operating systems</category>
</categories>
</header>
<bdy>

The <b>Kent Applicative Operating System</b> is a functional <link xlink:type="simple" xlink:href="../194/22194.xml">
operating system</link> concept to use dynamic process creation and inter-process communication.<p>

The system is based on earlier work by <link>
Will R. Stoye</link>. The system allow dynamic creation of <link>
functional process</link>es. Processes are stream processors, functions that transform an ingoing to an outgoing stream. Process scheduling is based on evaluation on demand. <link xlink:type="simple" xlink:href="../106/152106.xml">
Inter-process communication</link> is, by <link xlink:type="simple" xlink:href="../867/1324867.xml">
message passing</link>, based on Stoye's sorting office concept.</p>




</bdy>
</database>
</wordnet>
</lexical_database>
</electronic_database>
</information>
</message>
</article>
