<?xml version="1.0" encoding="UTF-8"?>
<!-- generated by CLiX/Wiki2XML [MPI-Inf, MMCI@UdS] $LastChangedRevision: 92 $ on 16.04.2009 16:23:33[mciao0828] -->
<!DOCTYPE article SYSTEM "../article.dtd">
<article xmlns:xlink="http://www.w3.org/1999/xlink">
<medium  confidence="0.9511911446218017" wordnetid="106254669">
<network  confidence="0.9508927676800064" wordnetid="108434259">
<header>
<title>Pacifica Radio</title>
<id>171151</id>
<revision>
<id>243692770</id>
<timestamp>2008-10-07T17:22:04Z</timestamp>
<contributor>
<username>PublickOccurrences</username>
<id>6622594</id>
</contributor>
</revision>
<categories>
<category>Public broadcasting in the United States</category>
<category>Pacifica Radio</category>
<category>Alternative radio</category>
<category>American radio networks</category>
<category>Alternative journalism</category>
<category>Alternative media</category>
</categories>
</header>
<bdy>
<template>
<name>Infobox Network</name>
<parameters>
<affiliations>
<system wordnetid="108435388" confidence="0.8">
<group wordnetid="100031264" confidence="0.8">
<transmission wordnetid="106251781" confidence="0.8">
<channel wordnetid="106259898" confidence="0.8">
<network wordnetid="108434259" confidence="0.8">
<link xlink:type="simple" xlink:href="../367/2565367.xml">
World Radio Network</link></network>
</channel>
</transmission>
</group>
</system>
</affiliations>
<network_type>
<message wordnetid="106598915" confidence="0.8">
<information wordnetid="106634376" confidence="0.8">
<company wordnetid="108058098" confidence="0.8">
<broadcasting_company wordnetid="108002015" confidence="0.8">
<format wordnetid="106636806" confidence="0.8">
<institution wordnetid="108053576" confidence="0.8">
<link xlink:type="simple" xlink:href="../808/178808.xml">
Public radio network</link></institution>
</format>
</broadcasting_company>
</company>
</information>
</message>
</network_type>
<website>
<weblink xlink:type="simple" xlink:href="http://www.pacificafoundation.org/">
www.pacificafoundation.org</weblink></website>
<network_name>
Pacifica Radio Network</network_name>
<available>
<link xlink:type="simple" xlink:href="../873/289873.xml">
Global</link></available>
<country>
<image width="22x20px" src="Flag_of_the_United_States.svg">
<caption>

border 
</caption>
</image>
&nbsp;<body wordnetid="107965085" confidence="0.8">
<social_group wordnetid="107950920" confidence="0.8">
<political_orientation wordnetid="106212839" confidence="0.8">
<colony wordnetid="108374049" confidence="0.8">
<state wordnetid="108168978" confidence="0.8">
<political_unit wordnetid="108359949" confidence="0.8">
<group wordnetid="100031264" confidence="0.8">
<democracy wordnetid="106217103" confidence="0.8">
<link xlink:type="simple" xlink:href="../750/3434750.xml">
United States</link></democracy>
</group>
</political_unit>
</state>
</colony>
</political_orientation>
</social_group>
</body>
</country>
<founded>
1946</founded>
<launch_date>
1949</launch_date>
<owner>
Pacifica Foundation, Inc</owner>
<foundation>
Pacifica Foundation</foundation>
<network_logo>
<image width="150px" src="Pacifica_Logo.jpg">
<caption>

Pacifica Logo.jpg
</caption>
</image>
</network_logo>
</parameters>
</template>


<b>Pacifica Radio</b> is a network of five independently operated, non-commercial, listener-supported <link xlink:type="simple" xlink:href="../088/173088.xml">
radio station</link>s in the <body wordnetid="107965085" confidence="0.8">
<social_group wordnetid="107950920" confidence="0.8">
<political_orientation wordnetid="106212839" confidence="0.8">
<colony wordnetid="108374049" confidence="0.8">
<state wordnetid="108168978" confidence="0.8">
<political_unit wordnetid="108359949" confidence="0.8">
<group wordnetid="100031264" confidence="0.8">
<democracy wordnetid="106217103" confidence="0.8">
<link xlink:type="simple" xlink:href="../750/3434750.xml">
United States</link></democracy>
</group>
</political_unit>
</state>
</colony>
</political_orientation>
</social_group>
</body>
 that is known for its <link xlink:type="simple" xlink:href="../730/2035730.xml#xpointer(//*[./st=%22Contemporary+progressivism%22])">
progressive</link> political orientation. The network also includes under its umbrella one "associated" station, and over 100 affiliated radio stations; some other U.S. and Canadian community radio stations also carry some Pacifica programming.  Pacifica was the first <message wordnetid="106598915" confidence="0.8">
<information wordnetid="106634376" confidence="0.8">
<company wordnetid="108058098" confidence="0.8">
<broadcasting_company wordnetid="108002015" confidence="0.8">
<format wordnetid="106636806" confidence="0.8">
<institution wordnetid="108053576" confidence="0.8">
<link xlink:type="simple" xlink:href="../808/178808.xml">
public radio</link></institution>
</format>
</broadcasting_company>
</company>
</information>
</message>
 network in the United States; it is operated by the <b>Pacifica Foundation</b>, with national headquarters adjoining station <radio_station wordnetid="104044119" confidence="0.9508927676800064">
<link xlink:type="simple" xlink:href="../454/418454.xml">
KPFA</link></radio_station>
 in <village wordnetid="108672738" confidence="0.9508927676800064">
<link xlink:type="simple" xlink:href="../860/4860.xml">
Berkeley, California</link></village>
.<p>

The Pacifica Radio Archives, housed at station <radio_station wordnetid="104044119" confidence="0.9508927676800064">
<link xlink:type="simple" xlink:href="../690/1916690.xml">
KPFK</link></radio_station>
 in <link xlink:type="simple" xlink:href="../110/18110.xml">
Los Angeles</link>, is the nation's oldest public radio archive, documenting more than five decades of grassroots political, cultural, and performing arts history. The archive includes original recordings of interviews with <composer wordnetid="109947232" confidence="0.9173553029164789">
<saxophonist wordnetid="110554243" confidence="0.9173553029164789">
<person wordnetid="100007846" confidence="0.9508927676800064">
<artist wordnetid="109812338" confidence="0.9508927676800064">
<bandleader wordnetid="109837201" confidence="0.9173553029164789">
<link xlink:type="simple" xlink:href="../536/53536.xml">
John Coltrane</link></bandleader>
</artist>
</person>
</saxophonist>
</composer>
, <link xlink:type="simple" xlink:href="../631/1000631.xml">
James Baldwin</link>, <writer wordnetid="110794014" confidence="0.9173553029164789">
<dramatist wordnetid="110030277" confidence="0.9173553029164789">
<link xlink:type="simple" xlink:href="../831/464831.xml">
Lorraine Hansberry</link></dramatist>
</writer>
, and <columnist wordnetid="109939154" confidence="0.9173553029164789">
<person wordnetid="100007846" confidence="0.9508927676800064">
<militant wordnetid="110315837" confidence="0.9173553029164789">
<poet wordnetid="110444194" confidence="0.9173553029164789">
<lyricist wordnetid="110277912" confidence="0.9173553029164789">
<writer wordnetid="110794014" confidence="0.9173553029164789">
<novelist wordnetid="110363573" confidence="0.9173553029164789">
<dramatist wordnetid="110030277" confidence="0.9173553029164789">
<essayist wordnetid="110064405" confidence="0.9173553029164789">
<link xlink:type="simple" xlink:href="../316/9369316.xml">
Langston Hughes</link></essayist>
</dramatist>
</novelist>
</writer>
</lyricist>
</poet>
</militant>
</person>
</columnist>
, among many others.</p>

<sec>
<st>
History</st>

<ss1>
<st>
Early history</st>
<p>

Pacifica was founded in 1946 by pacifist <physical_entity wordnetid="100001930" confidence="0.8">
<person wordnetid="100007846" confidence="0.8">
<pioneer wordnetid="110434725" confidence="0.8">
<dissenter wordnetid="110018021" confidence="0.8">
<intellectual wordnetid="109621545" confidence="0.8">
<creator wordnetid="109614315" confidence="0.8">
<executive wordnetid="110069645" confidence="0.8">
<administrator wordnetid="109770949" confidence="0.8">
<leader wordnetid="109623038" confidence="0.8">
<alumnus wordnetid="109786338" confidence="0.8">
<causal_agent wordnetid="100007347" confidence="0.8">
<head wordnetid="110162991" confidence="0.8">
<originator wordnetid="110383816" confidence="0.8">
<scholar wordnetid="110557854" confidence="0.8">
<link xlink:type="simple" xlink:href="../269/2322269.xml">
Lewis Hill</link></scholar>
</originator>
</head>
</causal_agent>
</alumnus>
</leader>
</administrator>
</executive>
</creator>
</intellectual>
</dissenter>
</pioneer>
</person>
</physical_entity>
. During <military_action wordnetid="100952963" confidence="0.8">
<group_action wordnetid="101080366" confidence="0.8">
<event wordnetid="100029378" confidence="0.8">
<conflict wordnetid="100958896" confidence="0.8">
<act wordnetid="100030358" confidence="0.8">
<psychological_feature wordnetid="100023100" confidence="0.8">
<war wordnetid="100973077" confidence="0.8">
<link xlink:type="simple" xlink:href="../927/32927.xml">
World War II</link></war>
</psychological_feature>
</act>
</conflict>
</event>
</group_action>
</military_action>
 Hill filed for <link xlink:type="simple" xlink:href="../003/83003.xml">
conscientious objector</link> status. After the war Hill and a small group of ex-conscientious-objectors created the Pacifica Foundation. On air broadcasting at <radio_station wordnetid="104044119" confidence="0.9508927676800064">
<link xlink:type="simple" xlink:href="../454/418454.xml">
KPFA</link></radio_station>
 in <village wordnetid="108672738" confidence="0.9508927676800064">
<link xlink:type="simple" xlink:href="../860/4860.xml">
Berkeley, California</link></village>
 commenced in 1949.</p>

</ss1>
<ss1>
<st>
Internal conflict, 1990s-2002</st>
<p>

For most of its history, Pacifica gave each of its stations independent control of programming.  Then, during the 1990s, a major controversy arose over rumors that the Pacifica National Board and national staff were attempting to centralize control of content, in order to increase listenership.  The rumors also included accusations that the board also proposed changing the network's funding model away from reliance on listener donations and toward corporate foundation funding.  There were also accusations that the Board was considering selling both <radio_station wordnetid="104044119" confidence="0.9508927676800064">
<link xlink:type="simple" xlink:href="../454/418454.xml">
KPFA</link></radio_station>
 in <village wordnetid="108672738" confidence="0.9508927676800064">
<link xlink:type="simple" xlink:href="../860/4860.xml">
Berkeley, California</link></village>
 and <radio_station wordnetid="104044119" confidence="0.9508927676800064">
<link xlink:type="simple" xlink:href="../471/1046471.xml">
WBAI</link></radio_station>
 in <village wordnetid="108672738" confidence="0.9508927676800064">
<link xlink:type="simple" xlink:href="../042/645042.xml">
New York City</link></village>
, which operate on commercial broadcast channels, and whose frequencies are worth hundreds of millions of dollars.  This led to years of conflict, including court cases, firings and strikes of station staff, and public demonstrations.  Many listeners to the individual stations — especially KPFA and WBAI — objected to what they saw as an attempt to tone down the overtly political content on Pacifica stations. The controversy included highly publicized disputes between listener organizations and <physical_entity wordnetid="100001930" confidence="0.8">
<person wordnetid="100007846" confidence="0.8">
<intellectual wordnetid="109621545" confidence="0.8">
<causal_agent wordnetid="100007347" confidence="0.8">
<scientist wordnetid="110560637" confidence="0.8">
<historian wordnetid="110177150" confidence="0.8">
<scholar wordnetid="110557854" confidence="0.8">
<link xlink:type="simple" xlink:href="../905/1251905.xml">
Mary Frances Berry</link></scholar>
</historian>
</scientist>
</causal_agent>
</intellectual>
</person>
</physical_entity>
, the radio network's board chair.</p>
<p>

The board eventually was embroiled in counter lawsuits by boardmembers and listener-sponsors, and after global settlement of the lawsuits in November, 2001, an interim board was formed to craft new bylaws, which it did in two tumultuous years of national debates among thousands of listener-sponsors and activists, finally giving listener-sponsors the right and responsibility to elect new Local Station Boards at each of the five Pacifica stations. These local boards in turn elect the national board of directors. Aside from some minor changes, the same 2003 bylaws remain in effect today.</p>

</ss1>
<ss1>
<st>
Recent history, 2000s</st>
<p>

Pacifica National News director <link>
Dan Coughlin</link> was voted Interim Executive Director of the network in 2002 (the "Interim" was later dropped).  But the years of internal legal battles and financial mismanagement had taken a toll.  In 2005, Coughlin resigned, the network was still largely disorganized, and Pacifica reverted to operating with an interim executive director for most of the year.</p>
<p>

In January 2006, Pacifica hired <person wordnetid="100007846" confidence="0.9638700866880419">
<link xlink:type="simple" xlink:href="../390/16195390.xml">
Greg Guma</link></person>
 as the next executive director of the Pacifica Foundation. By the end of the year, it had fully recovered its financial health and had launched two new national programs: "Informativo Pacifica", a daily Spanish Language newcast, and "From the Vault", a weekly program drawn from Pacifica's extensive audio archives. Pacifica also produced "Informed Dissent", a 10-week series for the 2006 mid-term elections that drew from talent across the network.</p>
<p>

Guma left his post in September 2007 <weblink xlink:type="simple" xlink:href="http://video.google.com/videoplay?docid=1299528035837796976&amp;hl=en">
http://video.google.com/videoplay?docid=1299528035837796976&amp;hl=en</weblink>. The National Board unanimously chose former KPFA General Manager <physical_entity wordnetid="100001930" confidence="0.8">
<communicator wordnetid="109610660" confidence="0.8">
<person wordnetid="100007846" confidence="0.8">
<causal_agent wordnetid="100007347" confidence="0.8">
<writer wordnetid="110794014" confidence="0.8">
<journalist wordnetid="110224578" confidence="0.8">
<link xlink:type="simple" xlink:href="../216/18376216.xml">
Nicole Sawaya</link></journalist>
</writer>
</causal_agent>
</person>
</communicator>
</physical_entity>
 as the next Executive Director.  Sawaya was among the staff members fired by the national board in 1999 amidst Pacifica's internal crisis.  Sawaya began her tenure as Executive Director in mid-November 2007, but abruptly changed her mind two weeks later. Pacifica historian Matthew Lasar said she "found the level of internecine dysfunction at Pacifica overwhelming, and fled her job." <weblink xlink:type="simple" xlink:href="http://www.lasarletter.net/drupal/node/529">
http://www.lasarletter.net/drupal/node/529</weblink> The Pacifica National Board spent the next several months negotiating with her, and Sawaya resumed her job on March 5, 2008. She resigned effective September 30 <weblink xlink:type="simple" xlink:href="http://www.current.org/2008/09/sawaya-leaves-pacifica-publishes.html">
http://www.current.org/2008/09/sawaya-leaves-pacifica-publishes.html</weblink>, citing "dysfunctional” governance and “shoddy and opaque” business practices that had plunged the organization into a financial crisis.    </p>

<ss2>
<st>
Recent initiatives</st>
<p>

<list>
<entry level="1" type="bullet">

In 2007, the FCC announced that it would accept new applications for non-commercial radio licenses for the first time in more than a decade. In response, Pacifica joined forces with other advocates for independent media in the "Radio for People" campaign, helping local groups apply for these full-power licenses.</entry>
<entry level="1" type="bullet">

Pacifica has expanded its schedule of national special broadcasts, distributing more audio documentaries, covering the Attorney General <person wordnetid="100007846" confidence="0.9508927676800064">
<official wordnetid="110372373" confidence="0.9508927676800064">
<link xlink:type="simple" xlink:href="../780/1131780.xml">
Alberto Gonzales</link></official>
</person>
 hearings live, and sending production teams to the <link xlink:type="simple" xlink:href="../932/5631932.xml">
United States Social Forum</link> and the National Conference for Media Reform.</entry>
<entry level="1" type="bullet">

Pacifica expanded its offerings in multiple media platforms, using "<work wordnetid="100575741" confidence="0.8">
<event wordnetid="100029378" confidence="0.8">
<service wordnetid="100577525" confidence="0.8">
<act wordnetid="100030358" confidence="0.8">
<psychological_feature wordnetid="100023100" confidence="0.8">
<meme wordnetid="105985126" confidence="0.8">
<activity wordnetid="100407535" confidence="0.8">
<acculturation wordnetid="105984936" confidence="0.8">
<link xlink:type="simple" xlink:href="../022/1555022.xml">
Web 2.0</link></acculturation>
</activity>
</meme>
</psychological_feature>
</act>
</service>
</event>
</work>
" technology. In September 2007, one interactive website, KPFA's <weblink xlink:type="simple" xlink:href="http://www.warcomeshome.org">
Warcomeshome.org,</weblink> began to offer hard-hitting stories from reporter <reporter wordnetid="110521662" confidence="0.8">
<physical_entity wordnetid="100001930" confidence="0.8">
<communicator wordnetid="109610660" confidence="0.8">
<person wordnetid="100007846" confidence="0.8">
<causal_agent wordnetid="100007347" confidence="0.8">
<writer wordnetid="110794014" confidence="0.8">
<journalist wordnetid="110224578" confidence="0.8">
<link xlink:type="simple" xlink:href="../044/8737044.xml">
Aaron Glantz</link></journalist>
</writer>
</causal_agent>
</person>
</communicator>
</physical_entity>
</reporter>
 about the human costs of the <conflict wordnetid="100958896" confidence="0.9508927676800064">
<link xlink:type="simple" xlink:href="../324/5043324.xml">
Iraq War</link></conflict>
, as well as innovative ways of contributing to, and distributing information about, the impact of the conflict.</entry>
<entry level="1" type="bullet">

Pacifica has announced that it will suspend regular programming for three days in order to air a live broadcast of the <conflict wordnetid="100958896" confidence="0.9508927676800064">
<link xlink:type="simple" xlink:href="../324/5043324.xml">
Iraq War</link></conflict>
 <transgression wordnetid="100745005" confidence="0.8">
<event wordnetid="100029378" confidence="0.8">
<crime wordnetid="100766234" confidence="0.8">
<wrongdoing wordnetid="100732746" confidence="0.8">
<act wordnetid="100030358" confidence="0.8">
<psychological_feature wordnetid="100023100" confidence="0.8">
<activity wordnetid="100407535" confidence="0.8">
<war_crime wordnetid="100782518" confidence="0.8">
<link xlink:type="simple" xlink:href="../609/2806609.xml">
Winter Soldier event</link></war_crime>
</activity>
</psychological_feature>
</act>
</wrongdoing>
</crime>
</event>
</transgression>
 in <village wordnetid="108672738" confidence="0.9508927676800064">
<link xlink:type="simple" xlink:href="../485/43485.xml">
Silver Spring, Maryland</link></village>
 from <link xlink:type="simple" xlink:href="../199/20199.xml">
March 14</link> through <link xlink:type="simple" xlink:href="../818/19818.xml">
March 16</link>, <link xlink:type="simple" xlink:href="../825/35825.xml">
2008</link>. The broadcast will be co-anchored by journalist <reporter wordnetid="110521662" confidence="0.8">
<physical_entity wordnetid="100001930" confidence="0.8">
<communicator wordnetid="109610660" confidence="0.8">
<person wordnetid="100007846" confidence="0.8">
<causal_agent wordnetid="100007347" confidence="0.8">
<writer wordnetid="110794014" confidence="0.8">
<journalist wordnetid="110224578" confidence="0.8">
<link xlink:type="simple" xlink:href="../044/8737044.xml">
Aaron Glantz</link></journalist>
</writer>
</causal_agent>
</person>
</communicator>
</physical_entity>
</reporter>
 and <radio_station wordnetid="104044119" confidence="0.9508927676800064">
<link xlink:type="simple" xlink:href="../454/418454.xml">
KPFA</link></radio_station>
 Morning Show host Aimee Allison.<ref xlink:type="simple" xlink:href="#xpointer(//reflist/entry[@id=%221%22])">1</ref></entry>
</list>
</p>

</ss2>
</ss1>
</sec>
<sec>
<st>
Programs</st>
<p>

A show which has for years been considered the flagship of Pacifica Radio's national programming is <it><show wordnetid="100520257" confidence="0.9508927676800064">
<link xlink:type="simple" xlink:href="../805/373805.xml">
Democracy Now!</link></show>
,</it> an independent talk show that covers <link xlink:type="simple" xlink:href="../959/7959.xml">
democracy</link>, <link xlink:type="simple" xlink:href="../831/13831.xml">
human rights</link> and <link xlink:type="simple" xlink:href="../369/16369.xml">
justice</link> issues, and questions the motives of U.S. foreign and domestic policy.  Hosted by <person wordnetid="100007846" confidence="0.9508927676800064">
<presenter wordnetid="110466387" confidence="0.9508927676800064">
<link xlink:type="simple" xlink:href="../409/372409.xml">
Amy Goodman</link></presenter>
</person>
 and <physical_entity wordnetid="100001930" confidence="0.8">
<expert wordnetid="109617867" confidence="0.8">
<analyst wordnetid="109790482" confidence="0.8">
<communicator wordnetid="109610660" confidence="0.8">
<columnist wordnetid="109939154" confidence="0.8">
<person wordnetid="100007846" confidence="0.8">
<causal_agent wordnetid="100007347" confidence="0.8">
<writer wordnetid="110794014" confidence="0.8">
<journalist wordnetid="110224578" confidence="0.8">
<link xlink:type="simple" xlink:href="../419/1895419.xml">
Juan González</link></journalist>
</writer>
</causal_agent>
</person>
</columnist>
</communicator>
</analyst>
</expert>
</physical_entity>
, this program is a compilation of news, interviews, and documentaries.  <it>Democracy Now!</it> is heard and seen on more than 700 radio and TV stations across the U.S. including <link xlink:type="simple" xlink:href="../710/428710.xml">
public-access television</link> stations and satellite television channels <system wordnetid="108435388" confidence="0.8">
<group wordnetid="100031264" confidence="0.8">
<network wordnetid="108434259" confidence="0.8">
<link xlink:type="simple" xlink:href="../571/2999571.xml">
Free Speech TV</link></network>
</group>
</system>
 and <network wordnetid="108434259" confidence="0.9508927676800064">
<link xlink:type="simple" xlink:href="../243/608243.xml">
Link TV</link></network>
.</p>
<p>

In 2002, as Pacifica implemented its new listener-sponsor-accountability structure and as Pacifica and <it>Democracy Now!</it> settled outstanding disputes from previous years, it spun off with substantial funding from Pacifica to become an independent production.</p>
<p>

The Pacifica network, in addition to extensive community-based productions at its various stations around the United States, also features a daily newscast <it><idea wordnetid="105833840" confidence="0.8">
<plan wordnetid="105898568" confidence="0.8">
<link xlink:type="simple" xlink:href="../921/2984921.xml">
Free Speech Radio News</link></plan>
</idea>
.</it> <it>FSRN</it> is a radio program founded by Pacifica Reporters Against Censorship, a group of mostly <it>Pacifica Network News</it> reporters who went on strike against the Pacifica board policies of the late 1990s. <it>FSRN</it> is primarily funded by Pacifica, and includes headlines and news features produced by reporters based around the US and in scores of countries around the world.</p>
<p>

In 2006, Pacifica added two new national programs: <it><link>
From the Vault</link></it> from the Pacifica Radio Archives, a weekly program that thematically repackages archival material, making it relevant to contemporary listeners; and <it><link>
Informativo Pacifica</link></it>, based at <radio_station wordnetid="104044119" confidence="0.9508927676800064">
<link xlink:type="simple" xlink:href="../690/1916690.xml">
KPFK</link></radio_station>
 in Los Angeles, a daily Spanish-language newscast that includes reporters from the US and many Latin American countries.</p>
<p>

Like many media outlets, Pacifica is devoting coverage to the 2008 Presidential and Congressional elections. In February, it launched <it><link>
Election Unspun</link></it>, <weblink xlink:type="simple" xlink:href="http://electionunspun.org">
http://electionunspun.org</weblink> a daily news module that provides election headlines, features, and analysis.</p>
<p>

Local Pacifica stations also produce many programs that are available to network stations and affiliates. These include: <it><link>
Sprouts</link></it>, a weekly showcase of producers and stations around the network, often in documentary format; <it><link>
Explorations in Science</link></it> with Dr. <person wordnetid="100007846" confidence="0.9508927676800064">
<scientist wordnetid="110560637" confidence="0.9508927676800064">
<link xlink:type="simple" xlink:href="../746/348746.xml">
Michio Kaku</link></scientist>
</person>
, a weekly radio program on science, politics, and the environment; <physical_entity wordnetid="100001930" confidence="0.8">
<communicator wordnetid="109610660" confidence="0.8">
<person wordnetid="100007846" confidence="0.8">
<causal_agent wordnetid="100007347" confidence="0.8">
<writer wordnetid="110794014" confidence="0.8">
<journalist wordnetid="110224578" confidence="0.8">
<link xlink:type="simple" xlink:href="../423/196423.xml">
Dennis Bernstein</link></journalist>
</writer>
</causal_agent>
</person>
</communicator>
</physical_entity>
's <it><idea wordnetid="105833840" confidence="0.8">
<plan wordnetid="105898568" confidence="0.8">
<link xlink:type="simple" xlink:href="../692/17205692.xml">
Flashpoints</link></plan>
</idea>
</it> a daily drive-time public affairs program; and many other regular programs.</p>
<p>

Pacifica also produces a wide variety of special broadcasts. These include live coverage of major US Congressional hearings, national mobilizations against war, and other important events like the <link xlink:type="simple" xlink:href="../932/5631932.xml">
United States Social Forum</link>. Special programs also include news documentaries, holidays &amp; commemorations, and archival audio from the Pacifica Radio Archives.</p>

</sec>
<sec>
<st>
Stations</st>
<p>

<table class="wikitable">
<row bgcolor="#DDDDDD">
<header colspan="1">
Pacifica Radio Network</header>
<header colspan="2"></header>
</row>
<row bgcolor="#EEEEEE">
<header>
Station</header>
<header>
Dial Number</header>
<header>
Location</header>
</row>
<row>
<col>
 <image width="50px" src="KPFA_Logo.gif">
</image>
 <radio_station wordnetid="104044119" confidence="0.9508927676800064">
<link xlink:type="simple" xlink:href="../454/418454.xml">
KPFA</link></radio_station>
</col>
<col>
94.1 FM</col>
<col>
 <village wordnetid="108672738" confidence="0.9508927676800064">
<link xlink:type="simple" xlink:href="../860/4860.xml">
Berkeley, California</link></village>
</col>
</row>
<row>
<col>
 <radio_station wordnetid="104044119" confidence="0.9508927676800064">
<link xlink:type="simple" xlink:href="../690/1916690.xml">
KPFK</link></radio_station>
</col>
<col>
90.7 FM</col>
<col>
 <village wordnetid="108672738" confidence="0.9508927676800064">
<link xlink:type="simple" xlink:href="../110/18110.xml">
Los Angeles, California</link></village>
</col>
</row>
<row>
<col>
 <radio_station wordnetid="104044119" confidence="0.9508927676800064">
<link xlink:type="simple" xlink:href="../670/3098670.xml">
KPFT</link></radio_station>
</col>
<col>
90.1 FM</col>
<col>
 <village wordnetid="108672738" confidence="0.9508927676800064">
<link xlink:type="simple" xlink:href="../774/13774.xml">
Houston, Texas</link></village>
</col>
</row>
<row>
<col>
 <image width="50px" src="WBAI_Logo.gif">
</image>
 <radio_station wordnetid="104044119" confidence="0.9508927676800064">
<link xlink:type="simple" xlink:href="../471/1046471.xml">
WBAI</link></radio_station>
</col>
<col>
99.5 FM</col>
<col>
 <village wordnetid="108672738" confidence="0.9508927676800064">
<link xlink:type="simple" xlink:href="../042/645042.xml">
New York City, New York</link></village>
</col>
</row>
<row>
<col>
 <image width="50px" src="Wpfw_logo.gif">
</image>
 <radio_station wordnetid="104044119" confidence="0.9508927676800064">
<link xlink:type="simple" xlink:href="../686/4023686.xml">
WPFW</link></radio_station>
</col>
<col>
89.3 FM</col>
<col>
 <link xlink:type="simple" xlink:href="../956/108956.xml">
Washington D.C.</link></col>
</row>
</table>
</p>

</sec>
<sec>
<st>
Board of directors</st>

<p>

<list>
<entry level="1" type="bullet">

<radio_station wordnetid="104044119" confidence="0.9508927676800064">
<link xlink:type="simple" xlink:href="../454/418454.xml">
KPFA</link></radio_station>
 <personality wordnetid="104617562" confidence="0.8">
<link xlink:type="simple" xlink:href="../883/14186883.xml">
Bonnie Simmons</link></personality>
</entry>
<entry level="1" type="bullet">

<radio_station wordnetid="104044119" confidence="0.9508927676800064">
<link xlink:type="simple" xlink:href="../454/418454.xml">
KPFA</link></radio_station>
 Joe Wanzala</entry>
<entry level="1" type="bullet">

<radio_station wordnetid="104044119" confidence="0.9508927676800064">
<link xlink:type="simple" xlink:href="../454/418454.xml">
KPFA</link></radio_station>
 Sarv Randhawa</entry>
<entry level="1" type="bullet">

<radio_station wordnetid="104044119" confidence="0.9508927676800064">
<link xlink:type="simple" xlink:href="../454/418454.xml">
KPFA</link></radio_station>
 Sherry Gendelman</entry>
<entry level="1" type="bullet">

<radio_station wordnetid="104044119" confidence="0.9508927676800064">
<link xlink:type="simple" xlink:href="../690/1916690.xml">
KPFK</link></radio_station>
 Jack VanAken</entry>
<entry level="1" type="bullet">

<radio_station wordnetid="104044119" confidence="0.9508927676800064">
<link xlink:type="simple" xlink:href="../690/1916690.xml">
KPFK</link></radio_station>
 Grace Aaron</entry>
<entry level="1" type="bullet">

<radio_station wordnetid="104044119" confidence="0.9508927676800064">
<link xlink:type="simple" xlink:href="../690/1916690.xml">
KPFK</link></radio_station>
 Margaret Prescod</entry>
<entry level="1" type="bullet">

<radio_station wordnetid="104044119" confidence="0.9508927676800064">
<link xlink:type="simple" xlink:href="../690/1916690.xml">
KPFK</link></radio_station>
 Yosh Yamanaka</entry>
<entry level="1" type="bullet">

<radio_station wordnetid="104044119" confidence="0.9508927676800064">
<link xlink:type="simple" xlink:href="../670/3098670.xml">
KPFT</link></radio_station>
 Dr. Evelyn Serwa Bethune</entry>
<entry level="1" type="bullet">

<radio_station wordnetid="104044119" confidence="0.9508927676800064">
<link xlink:type="simple" xlink:href="../670/3098670.xml">
KPFT</link></radio_station>
 Mike Martin</entry>
<entry level="1" type="bullet">

<radio_station wordnetid="104044119" confidence="0.9508927676800064">
<link xlink:type="simple" xlink:href="../670/3098670.xml">
KPFT</link></radio_station>
 Wendy Schroell</entry>
<entry level="1" type="bullet">

<radio_station wordnetid="104044119" confidence="0.9508927676800064">
<link xlink:type="simple" xlink:href="../670/3098670.xml">
KPFT</link></radio_station>
 George Reiter</entry>
<entry level="1" type="bullet">

<radio_station wordnetid="104044119" confidence="0.9508927676800064">
<link xlink:type="simple" xlink:href="../471/1046471.xml">
WBAI</link></radio_station>
 Carolyn Birden</entry>
<entry level="1" type="bullet">

<radio_station wordnetid="104044119" confidence="0.9508927676800064">
<link xlink:type="simple" xlink:href="../471/1046471.xml">
WBAI</link></radio_station>
 Nia Bediako</entry>
<entry level="1" type="bullet">

<radio_station wordnetid="104044119" confidence="0.9508927676800064">
<link xlink:type="simple" xlink:href="../471/1046471.xml">
WBAI</link></radio_station>
 Kathy Davis</entry>
<entry level="1" type="bullet">

<radio_station wordnetid="104044119" confidence="0.9508927676800064">
<link xlink:type="simple" xlink:href="../471/1046471.xml">
WBAI</link></radio_station>
 James Ross</entry>
<entry level="1" type="bullet">

<radio_station wordnetid="104044119" confidence="0.9508927676800064">
<link xlink:type="simple" xlink:href="../686/4023686.xml">
WPFW</link></radio_station>
 Acie Byrd</entry>
<entry level="1" type="bullet">

<radio_station wordnetid="104044119" confidence="0.9508927676800064">
<link xlink:type="simple" xlink:href="../686/4023686.xml">
WPFW</link></radio_station>
 Ambrose Lane</entry>
<entry level="1" type="bullet">

<radio_station wordnetid="104044119" confidence="0.9508927676800064">
<link xlink:type="simple" xlink:href="../686/4023686.xml">
WPFW</link></radio_station>
 Rob Robinson</entry>
<entry level="1" type="bullet">

<radio_station wordnetid="104044119" confidence="0.9508927676800064">
<link xlink:type="simple" xlink:href="../686/4023686.xml">
WPFW</link></radio_station>
 Thomas Ruffin</entry>
<entry level="1" type="bullet">

<radio_station wordnetid="104044119" confidence="0.9508927676800064">
<link xlink:type="simple" xlink:href="../148/13665148.xml">
WMXP</link></radio_station>
 Efia Nwangaza*</entry>
<entry level="1" type="bullet">

<radio_station wordnetid="104044119" confidence="0.9508927676800064">
<link xlink:type="simple" xlink:href="../938/10074938.xml">
WOJB</link></radio_station>
 Lori Taguma*</entry>
</list>
</p>


</sec>
<sec>
<st>
See also</st>
<p>

<list>
<entry level="1" type="bullet">

<link xlink:type="simple" xlink:href="../812/308812.xml">
F.C.C. v. Pacifica Foundation</link></entry>
<entry level="1" type="bullet">

<link xlink:type="simple" xlink:href="../088/6037088.xml">
List of Pacifica Radio Stations and Affiliates</link></entry>
</list>
</p>

</sec>
<sec>
<st>
Further reading</st>
<p>

<list>
<entry level="1" type="bullet">

Lasar, Matthew, <it>Pacifica Radio: The Rise of an Alternative Network,</it> <firm wordnetid="108059870" confidence="0.8">
<enterprise wordnetid="108056231" confidence="0.8">
<business wordnetid="108061042" confidence="0.8">
<publisher wordnetid="108062623" confidence="0.8">
<link xlink:type="simple" xlink:href="../821/9739821.xml">
Temple University Press</link></publisher>
</business>
</enterprise>
</firm>
, April, 2000. ISBN 1-56639-777-4</entry>
<entry level="1" type="bullet">

Lasar, Matthew, <it>Uneasy Listening: Pacifica Radio's Civil War,</it> Black Apollo, October, 2005. ISBN 1-900355-45-0</entry>
<entry level="1" type="bullet">

<skilled_worker wordnetid="110605985" confidence="0.8">
<physical_entity wordnetid="100001930" confidence="0.8">
<blogger wordnetid="109860415" confidence="0.8">
<person wordnetid="100007846" confidence="0.8">
<editor wordnetid="110044879" confidence="0.8">
<worker wordnetid="109632518" confidence="0.8">
<libertarian wordnetid="110257524" confidence="0.8">
<causal_agent wordnetid="100007347" confidence="0.8">
<advocate wordnetid="109774783" confidence="0.8">
<link xlink:type="simple" xlink:href="../334/3944334.xml">
Walker, Jesse</link></advocate>
</causal_agent>
</libertarian>
</worker>
</editor>
</person>
</blogger>
</physical_entity>
</skilled_worker>
, <it>Rebels on the Air: An Alternative History of Radio in America,</it> <firm wordnetid="108059870" confidence="0.8">
<enterprise wordnetid="108056231" confidence="0.8">
<business wordnetid="108061042" confidence="0.8">
<publisher wordnetid="108062623" confidence="0.8">
<link xlink:type="simple" xlink:href="../242/9678242.xml">
New York University Press</link></publisher>
</business>
</enterprise>
</firm>
, June, 2004</entry>
</list>
</p>

</sec>
<sec>
<st>
References</st>

<p>

<reflist>
<entry id="1">
<weblink xlink:type="simple" xlink:href="http://warcomeshome.org/wintersoldier2008">
"Pacifica Radio to Broadcast the Historic Winter Soldier Gathering"</weblink></entry>
</reflist>
</p>

</sec>
<sec>
<st>
External links</st>
<p>

<list>
<entry level="1" type="bullet">

<weblink xlink:type="simple" xlink:href="http://pacifica.org/">
Pacifica.org</weblink></entry>
<entry level="1" type="bullet">

<weblink xlink:type="simple" xlink:href="http://pacificanetwork.org/">
Pacifica Network stations and affiliates</weblink></entry>
<entry level="1" type="bullet">

<weblink xlink:type="simple" xlink:href="http://www.pacificaradioarchives.org/">
Pacifica Radio Archives</weblink></entry>
<entry level="1" type="bullet">

<weblink xlink:type="simple" xlink:href="http://www.democracynow.org">
<it>Democracy Now!''</it></weblink></entry>
<entry level="1" type="bullet">

<weblink xlink:type="simple" xlink:href="http://www.fsrn.org/">
<it>Free Speech Radio News''</it></weblink></entry>
<entry level="1" type="bullet">

<weblink xlink:type="simple" xlink:href="http://www.whitings-writings.com/lengthening_shadow.htm">
The Lengthening Shadow: Lewis Hill and the Origins of Listener-Sponsored Radio in America</weblink></entry>
<entry level="1" type="bullet">

<weblink xlink:type="simple" xlink:href="http://www.radioforpeople.org">
Radio for People</weblink></entry>
<entry level="1" type="bullet">

<weblink xlink:type="simple" xlink:href="http://www.kpfahistory.info">
KPFA: A Historical Footnote (Seventy five hours of programs and interviews from the 1960s)</weblink></entry>
</list>
</p>

<p>

<table style=";" class="navbox" cellspacing="0">
<row>
<col style="padding:2px;">
<table style="width:100%;background:transparent;color:inherit;;" class="nowraplinks collapsible autocollapse " cellspacing="0">
<row>
<header colspan="2" style=";" class="navbox-title">
<network wordnetid="108434259" confidence="0.9508927676800064">
<link xlink:type="simple" xlink:href="../151/171151.xml">
Pacifica Radio Network</link></network>
</header>
</row>
<row style="height:2px;">

</row>
<row>
<col style=";;" class="navbox-group">
Stations</col>
<col style="text-align:left;border-left:2px solid #fdfdfd;width:100%;padding:0px;;;" class="navbox-list navbox-odd">
<radio_station wordnetid="104044119" confidence="0.9508927676800064">
<link xlink:type="simple" xlink:href="../454/418454.xml">
KPFA</link></radio_station>
&nbsp;&amp;bull;  <radio_station wordnetid="104044119" confidence="0.9508927676800064">
<link xlink:type="simple" xlink:href="../690/1916690.xml">
KPFK</link></radio_station>
&nbsp;&amp;bull;  <radio_station wordnetid="104044119" confidence="0.9508927676800064">
<link xlink:type="simple" xlink:href="../471/1046471.xml">
WBAI</link></radio_station>
&nbsp;&amp;bull;  <radio_station wordnetid="104044119" confidence="0.9508927676800064">
<link xlink:type="simple" xlink:href="../670/3098670.xml">
KPFT</link></radio_station>
&nbsp;&amp;bull;  <radio_station wordnetid="104044119" confidence="0.9508927676800064">
<link xlink:type="simple" xlink:href="../686/4023686.xml">
WPFW</link></radio_station>
&nbsp;&amp;bull;  <link xlink:type="simple" xlink:href="../088/6037088.xml">
Pacifica Radio affiliates</link></col>
</row>
<row style="height:2px">

</row>
<row>
<col style=";;" class="navbox-group">
Programs</col>
<col style="text-align:left;border-left:2px solid #fdfdfd;width:100%;padding:0px;;;" class="navbox-list navbox-even">
<it><idea wordnetid="105833840" confidence="0.8">
<plan wordnetid="105898568" confidence="0.8">
<link xlink:type="simple" xlink:href="../197/18377197.xml">
Against the Grain</link></plan>
</idea>
</it>&nbsp;&amp;bull; <it><show wordnetid="100520257" confidence="0.9508927676800064">
<link xlink:type="simple" xlink:href="../805/373805.xml">
Democracy Now!</link></show>
</it>&nbsp;&amp;bull;  <it><idea wordnetid="105833840" confidence="0.8">
<plan wordnetid="105898568" confidence="0.8">
<link xlink:type="simple" xlink:href="../692/17205692.xml">
Flashpoints</link></plan>
</idea>
</it>&nbsp;&amp;bull;  <it><idea wordnetid="105833840" confidence="0.8">
<plan wordnetid="105898568" confidence="0.8">
<link xlink:type="simple" xlink:href="../921/2984921.xml">
Free Speech Radio News</link></plan>
</idea>
</it>&nbsp;&amp;bull;  <it><link>
Hard Knock Radio</link></it>&nbsp;&amp;bull;  <it><idea wordnetid="105833840" confidence="0.8">
<plan wordnetid="105898568" confidence="0.8">
<link xlink:type="simple" xlink:href="../340/2345340.xml">
Hour 25</link></plan>
</idea>
</it> (historical)&nbsp;&amp;bull;  <it><idea wordnetid="105833840" confidence="0.8">
<plan wordnetid="105898568" confidence="0.8">
<link xlink:type="simple" xlink:href="../145/12131145.xml">
Something's Happening</link></plan>
</idea>
</it>&nbsp;&amp;bull;  <it><link>
Uprising</link></it>&nbsp;&amp;bull;  <it><idea wordnetid="105833840" confidence="0.8">
<plan wordnetid="105898568" confidence="0.8">
<diversion wordnetid="100426928" confidence="0.8">
<event wordnetid="100029378" confidence="0.8">
<show wordnetid="100520257" confidence="0.8">
<act wordnetid="100030358" confidence="0.8">
<psychological_feature wordnetid="100023100" confidence="0.8">
<entertainment wordnetid="100429048" confidence="0.8">
<activity wordnetid="100407535" confidence="0.8">
<link xlink:type="simple" xlink:href="../121/8717121.xml">
Wakeup Call</link></activity>
</entertainment>
</psychological_feature>
</act>
</show>
</event>
</diversion>
</plan>
</idea>
''</it></col>
</row>
<row style="height:2px">

</row>
<row>
<col style=";;" class="navbox-group">
Persons</col>
<col style="text-align:left;border-left:2px solid #fdfdfd;width:100%;padding:0px;;;" class="navbox-list navbox-odd">
<b>Current</b>: <personality wordnetid="104617562" confidence="0.8">
<link xlink:type="simple" xlink:href="../001/15257001.xml">
Aimee Allison</link></personality>
&nbsp;&amp;bull;  <physical_entity wordnetid="100001930" confidence="0.8">
<communicator wordnetid="109610660" confidence="0.8">
<person wordnetid="100007846" confidence="0.8">
<causal_agent wordnetid="100007347" confidence="0.8">
<writer wordnetid="110794014" confidence="0.8">
<journalist wordnetid="110224578" confidence="0.8">
<link xlink:type="simple" xlink:href="../423/196423.xml">
Dennis Bernstein</link></journalist>
</writer>
</causal_agent>
</person>
</communicator>
</physical_entity>
&nbsp;&amp;bull;  <physical_entity wordnetid="100001930" confidence="0.8">
<person wordnetid="100007846" confidence="0.8">
<priest wordnetid="110470779" confidence="0.8">
<disputant wordnetid="109615465" confidence="0.8">
<communicator wordnetid="109610660" confidence="0.8">
<politician wordnetid="110451263" confidence="0.8">
<clergyman wordnetid="109927451" confidence="0.8">
<reformer wordnetid="110515194" confidence="0.8">
<militant wordnetid="110315837" confidence="0.8">
<leader wordnetid="109623038" confidence="0.8">
<spiritual_leader wordnetid="109505153" confidence="0.8">
<causal_agent wordnetid="100007347" confidence="0.8">
<writer wordnetid="110794014" confidence="0.8">
<link xlink:type="simple" xlink:href="../420/1925420.xml">
Blase Bonpane</link></writer>
</causal_agent>
</spiritual_leader>
</leader>
</militant>
</reformer>
</clergyman>
</politician>
</communicator>
</disputant>
</priest>
</person>
</physical_entity>
&nbsp;&amp;bull;  <personality wordnetid="104617562" confidence="0.8">
<link xlink:type="simple" xlink:href="../538/14894538.xml">
Don Bustany</link></personality>
&nbsp;&amp;bull;  <physical_entity wordnetid="100001930" confidence="0.8">
<disputant wordnetid="109615465" confidence="0.8">
<communicator wordnetid="109610660" confidence="0.8">
<person wordnetid="100007846" confidence="0.8">
<reformer wordnetid="110515194" confidence="0.8">
<militant wordnetid="110315837" confidence="0.8">
<causal_agent wordnetid="100007347" confidence="0.8">
<writer wordnetid="110794014" confidence="0.8">
<journalist wordnetid="110224578" confidence="0.8">
<link xlink:type="simple" xlink:href="../649/3378649.xml">
Pratap Chatterjee</link></journalist>
</writer>
</causal_agent>
</militant>
</reformer>
</person>
</communicator>
</disputant>
</physical_entity>
&nbsp;&amp;bull; <link>
Davey D</link>&nbsp;&amp;bull;  <link>
Brian Edwards-Tiekert</link>&nbsp;&amp;bull;  <physical_entity wordnetid="100001930" confidence="0.8">
<communicator wordnetid="109610660" confidence="0.8">
<person wordnetid="100007846" confidence="0.8">
<causal_agent wordnetid="100007347" confidence="0.8">
<writer wordnetid="110794014" confidence="0.8">
<journalist wordnetid="110224578" confidence="0.8">
<link xlink:type="simple" xlink:href="../861/2609861.xml">
Deepa Fernandes</link></journalist>
</writer>
</causal_agent>
</person>
</communicator>
</physical_entity>
&nbsp;&amp;bull;  <physical_entity wordnetid="100001930" confidence="0.8">
<communicator wordnetid="109610660" confidence="0.8">
<person wordnetid="100007846" confidence="0.8">
<translator wordnetid="110725280" confidence="0.8">
<poet wordnetid="110444194" confidence="0.8">
<causal_agent wordnetid="100007347" confidence="0.8">
<artist wordnetid="109812338" confidence="0.8">
<writer wordnetid="110794014" confidence="0.8">
<linguist wordnetid="110264219" confidence="0.8">
<essayist wordnetid="110064405" confidence="0.8">
<creator wordnetid="109614315" confidence="0.8">
<link xlink:type="simple" xlink:href="../530/8966530.xml">
Jack Foley</link></creator>
</essayist>
</linguist>
</writer>
</artist>
</causal_agent>
</poet>
</translator>
</person>
</communicator>
</physical_entity>
&nbsp;&amp;bull;   <person wordnetid="100007846" confidence="0.9508927676800064">
<presenter wordnetid="110466387" confidence="0.9508927676800064">
<link xlink:type="simple" xlink:href="../409/372409.xml">
Amy Goodman</link></presenter>
</person>
&nbsp;&amp;bull;  <physical_entity wordnetid="100001930" confidence="0.8">
<expert wordnetid="109617867" confidence="0.8">
<analyst wordnetid="109790482" confidence="0.8">
<communicator wordnetid="109610660" confidence="0.8">
<columnist wordnetid="109939154" confidence="0.8">
<person wordnetid="100007846" confidence="0.8">
<causal_agent wordnetid="100007347" confidence="0.8">
<writer wordnetid="110794014" confidence="0.8">
<journalist wordnetid="110224578" confidence="0.8">
<link xlink:type="simple" xlink:href="../419/1895419.xml">
Juan González</link></journalist>
</writer>
</causal_agent>
</person>
</columnist>
</communicator>
</analyst>
</expert>
</physical_entity>
&nbsp;&amp;bull;  <physical_entity wordnetid="100001930" confidence="0.8">
<communicator wordnetid="109610660" confidence="0.8">
<person wordnetid="100007846" confidence="0.8">
<causal_agent wordnetid="100007347" confidence="0.8">
<writer wordnetid="110794014" confidence="0.8">
<journalist wordnetid="110224578" confidence="0.8">
<link xlink:type="simple" xlink:href="../220/1540220.xml">
Doug Henwood</link></journalist>
</writer>
</causal_agent>
</person>
</communicator>
</physical_entity>
&nbsp;&amp;bull;  <person wordnetid="100007846" confidence="0.9508927676800064">
<scientist wordnetid="110560637" confidence="0.9508927676800064">
<link xlink:type="simple" xlink:href="../746/348746.xml">
Michio Kaku</link></scientist>
</person>
&nbsp;&amp;bull;  <link>
Sonali Kolhatkar</link>&nbsp;&amp;bull;  <link>
Sasha Lilley</link>&nbsp;&amp;bull;  <physical_entity wordnetid="100001930" confidence="0.8">
<communicator wordnetid="109610660" confidence="0.8">
<person wordnetid="100007846" confidence="0.8">
<causal_agent wordnetid="100007347" confidence="0.8">
<writer wordnetid="110794014" confidence="0.8">
<journalist wordnetid="110224578" confidence="0.8">
<link xlink:type="simple" xlink:href="../216/18376216.xml">
Nicole Sawaya</link></journalist>
</writer>
</causal_agent>
</person>
</communicator>
</physical_entity>
&nbsp;&amp;bull;  <reporter wordnetid="110521662" confidence="0.8">
<physical_entity wordnetid="100001930" confidence="0.8">
<communicator wordnetid="109610660" confidence="0.8">
<person wordnetid="100007846" confidence="0.8">
<causal_agent wordnetid="100007347" confidence="0.8">
<writer wordnetid="110794014" confidence="0.8">
<journalist wordnetid="110224578" confidence="0.8">
<link xlink:type="simple" xlink:href="../362/10028362.xml">
Jeremy Scahill</link></journalist>
</writer>
</causal_agent>
</person>
</communicator>
</physical_entity>
</reporter>
&nbsp;&amp;bull;  <link>
C.S. Soong</link>&nbsp;&amp;bull;  <personality wordnetid="104617562" confidence="0.8">
<link xlink:type="simple" xlink:href="../109/4631109.xml">
Roy Tuckman</link></personality>

<b>Historical</b>: <physical_entity wordnetid="100001930" confidence="0.8">
<composer wordnetid="109947232" confidence="0.8">
<communicator wordnetid="109610660" confidence="0.8">
<person wordnetid="100007846" confidence="0.8">
<poet wordnetid="110444194" confidence="0.8">
<musician wordnetid="110339966" confidence="0.8">
<causal_agent wordnetid="100007347" confidence="0.8">
<artist wordnetid="109812338" confidence="0.8">
<writer wordnetid="110794014" confidence="0.8">
<creator wordnetid="109614315" confidence="0.8">
<link xlink:type="simple" xlink:href="../317/513317.xml">
Charles Amirkhanian</link></creator>
</writer>
</artist>
</causal_agent>
</musician>
</poet>
</person>
</communicator>
</composer>
</physical_entity>
&nbsp;&amp;bull;  <person wordnetid="100007846" confidence="0.9508927676800064">
<link xlink:type="simple" xlink:href="../336/12885336.xml">
Larry Bensky</link></person>
&nbsp;&amp;bull;  <physical_entity wordnetid="100001930" confidence="0.8">
<person wordnetid="100007846" confidence="0.8">
<intellectual wordnetid="109621545" confidence="0.8">
<causal_agent wordnetid="100007347" confidence="0.8">
<scientist wordnetid="110560637" confidence="0.8">
<historian wordnetid="110177150" confidence="0.8">
<scholar wordnetid="110557854" confidence="0.8">
<link xlink:type="simple" xlink:href="../905/1251905.xml">
Mary Frances Berry</link></scholar>
</historian>
</scientist>
</causal_agent>
</intellectual>
</person>
</physical_entity>
&nbsp;&amp;bull;  <governor wordnetid="110140314" confidence="0.9508927676800064">
<link xlink:type="simple" xlink:href="../220/175220.xml">
Jerry Brown</link></governor>
&nbsp;&amp;bull;  <physical_entity wordnetid="100001930" confidence="0.8">
<expert wordnetid="109617867" confidence="0.8">
<analyst wordnetid="109790482" confidence="0.8">
<communicator wordnetid="109610660" confidence="0.8">
<person wordnetid="100007846" confidence="0.8">
<signer wordnetid="110597234" confidence="0.8">
<intellectual wordnetid="109621545" confidence="0.8">
<alumnus wordnetid="109786338" confidence="0.8">
<causal_agent wordnetid="100007347" confidence="0.8">
<writer wordnetid="110794014" confidence="0.8">
<scholar wordnetid="110557854" confidence="0.8">
<journalist wordnetid="110224578" confidence="0.8">
<link xlink:type="simple" xlink:href="../993/1875993.xml">
Marc Cooper</link></journalist>
</scholar>
</writer>
</causal_agent>
</alumnus>
</intellectual>
</signer>
</person>
</communicator>
</analyst>
</expert>
</physical_entity>
&nbsp;&amp;bull;  <physical_entity wordnetid="100001930" confidence="0.8">
<person wordnetid="100007846" confidence="0.8">
<pacifist wordnetid="110390199" confidence="0.8">
<causal_agent wordnetid="100007347" confidence="0.8">
<adult wordnetid="109605289" confidence="0.8">
<personality wordnetid="104617562" confidence="0.8">
<link xlink:type="simple" xlink:href="../056/2741056.xml">
Bob Fass</link></personality>
</adult>
</causal_agent>
</pacifist>
</person>
</physical_entity>
&nbsp;&amp;bull;  <link xlink:type="simple" xlink:href="../596/6884596.xml">
Dorothy Healey</link>&nbsp;&amp;bull;  <physical_entity wordnetid="100001930" confidence="0.8">
<person wordnetid="100007846" confidence="0.8">
<pioneer wordnetid="110434725" confidence="0.8">
<dissenter wordnetid="110018021" confidence="0.8">
<intellectual wordnetid="109621545" confidence="0.8">
<creator wordnetid="109614315" confidence="0.8">
<executive wordnetid="110069645" confidence="0.8">
<administrator wordnetid="109770949" confidence="0.8">
<leader wordnetid="109623038" confidence="0.8">
<alumnus wordnetid="109786338" confidence="0.8">
<causal_agent wordnetid="100007347" confidence="0.8">
<head wordnetid="110162991" confidence="0.8">
<originator wordnetid="110383816" confidence="0.8">
<scholar wordnetid="110557854" confidence="0.8">
<link xlink:type="simple" xlink:href="../269/2322269.xml">
Lewis Hill</link></scholar>
</originator>
</head>
</causal_agent>
</alumnus>
</leader>
</administrator>
</executive>
</creator>
</intellectual>
</dissenter>
</pioneer>
</person>
</physical_entity>
&nbsp;&amp;bull;  <obstructionist wordnetid="110349243" confidence="0.8">
<physical_entity wordnetid="100001930" confidence="0.8">
<person wordnetid="100007846" confidence="0.8">
<adult wordnetid="109605289" confidence="0.8">
<professional wordnetid="110480253" confidence="0.8">
<educator wordnetid="110045713" confidence="0.8">
<creator wordnetid="109614315" confidence="0.8">
<disputant wordnetid="109615465" confidence="0.8">
<communicator wordnetid="109610660" confidence="0.8">
<poet wordnetid="110444194" confidence="0.8">
<producer wordnetid="110480018" confidence="0.8">
<academician wordnetid="109759069" confidence="0.8">
<causal_agent wordnetid="100007347" confidence="0.8">
<film_maker wordnetid="110088390" confidence="0.8">
<writer wordnetid="110794014" confidence="0.8">
<journalist wordnetid="110224578" confidence="0.8">
<link xlink:type="simple" xlink:href="../840/2212840.xml">
Saul Landau</link></journalist>
</writer>
</film_maker>
</causal_agent>
</academician>
</producer>
</poet>
</communicator>
</disputant>
</creator>
</educator>
</professional>
</adult>
</person>
</physical_entity>
</obstructionist>
&nbsp;&amp;bull;  <physical_entity wordnetid="100001930" confidence="0.8">
<economist wordnetid="110043643" confidence="0.8">
<communicator wordnetid="109610660" confidence="0.8">
<person wordnetid="100007846" confidence="0.8">
<social_scientist wordnetid="110619642" confidence="0.8">
<causal_agent wordnetid="100007347" confidence="0.8">
<scientist wordnetid="110560637" confidence="0.8">
<writer wordnetid="110794014" confidence="0.8">
<journalist wordnetid="110224578" confidence="0.8">
<link xlink:type="simple" xlink:href="../569/1061569.xml">
Julianne Malveaux</link></journalist>
</writer>
</scientist>
</causal_agent>
</social_scientist>
</person>
</communicator>
</economist>
</physical_entity>
&nbsp;&amp;bull;  <obstructionist wordnetid="110349243" confidence="0.8">
<physical_entity wordnetid="100001930" confidence="0.8">
<disbeliever wordnetid="110015897" confidence="0.8">
<person wordnetid="100007846" confidence="0.8">
<communist wordnetid="109945319" confidence="0.8">
<socialist wordnetid="110618848" confidence="0.8">
<disputant wordnetid="109615465" confidence="0.8">
<politician wordnetid="110450303" confidence="0.8">
<communicator wordnetid="109610660" confidence="0.8">
<reformer wordnetid="110515194" confidence="0.8">
<militant wordnetid="110315837" confidence="0.8">
<leader wordnetid="109623038" confidence="0.8">
<causal_agent wordnetid="100007347" confidence="0.8">
<writer wordnetid="110794014" confidence="0.8">
<atheist wordnetid="109820044" confidence="0.8">
<nonreligious_person wordnetid="109625789" confidence="0.8">
<journalist wordnetid="110224578" confidence="0.8">
<link xlink:type="simple" xlink:href="../405/5949405.xml">
William Mandel</link></journalist>
</nonreligious_person>
</atheist>
</writer>
</causal_agent>
</leader>
</militant>
</reformer>
</communicator>
</politician>
</disputant>
</socialist>
</communist>
</person>
</disbeliever>
</physical_entity>
</obstructionist>
&nbsp;&amp;bull;  <comedian wordnetid="109940146" confidence="0.9508927676800064">
<person wordnetid="100007846" confidence="0.9508927676800064">
<link xlink:type="simple" xlink:href="../156/231156.xml">
Richard Pryor</link></person>
</comedian>
&nbsp;&amp;bull;  <peer wordnetid="109626238" confidence="0.8">
<physical_entity wordnetid="100001930" confidence="0.8">
<person wordnetid="100007846" confidence="0.8">
<dissenter wordnetid="110018021" confidence="0.8">
<colleague wordnetid="109935990" confidence="0.8">
<adult wordnetid="109605289" confidence="0.8">
<professional wordnetid="110480253" confidence="0.8">
<educator wordnetid="110045713" confidence="0.8">
<associate wordnetid="109816771" confidence="0.8">
<communicator wordnetid="109610660" confidence="0.8">
<poet wordnetid="110444194" confidence="0.8">
<worker wordnetid="109632518" confidence="0.8">
<academician wordnetid="109759069" confidence="0.8">
<causal_agent wordnetid="100007347" confidence="0.8">
<anarchist wordnetid="109791816" confidence="0.8">
<writer wordnetid="110794014" confidence="0.8">
<radical wordnetid="110503452" confidence="0.8">
<link xlink:type="simple" xlink:href="../509/359509.xml">
Kenneth Rexroth</link></radical>
</writer>
</anarchist>
</causal_agent>
</academician>
</worker>
</poet>
</communicator>
</associate>
</educator>
</professional>
</adult>
</colleague>
</dissenter>
</person>
</physical_entity>
</peer>
&nbsp;&amp;bull;  <personality wordnetid="104617562" confidence="0.8">
<link xlink:type="simple" xlink:href="../844/14186844.xml">
Susan Stone</link></personality>
&nbsp;&amp;bull;  <physical_entity wordnetid="100001930" confidence="0.8">
<communicator wordnetid="109610660" confidence="0.8">
<person wordnetid="100007846" confidence="0.8">
<causal_agent wordnetid="100007347" confidence="0.8">
<writer wordnetid="110794014" confidence="0.8">
<journalist wordnetid="110224578" confidence="0.8">
<link xlink:type="simple" xlink:href="../321/14187321.xml">
Elsa Knight Thompson</link></journalist>
</writer>
</causal_agent>
</person>
</communicator>
</physical_entity>
&nbsp;&amp;bull;  <person wordnetid="100007846" confidence="0.9508927676800064">
<link xlink:type="simple" xlink:href="../475/202475.xml">
Alan Watts</link></person>
</col>
</row>
<row style="height:2px">

</row>
<row>
<col style=";;" class="navbox-group">
Related articles</col>
<col style="text-align:left;border-left:2px solid #fdfdfd;width:100%;padding:0px;;;" class="navbox-list navbox-even">
<link xlink:type="simple" xlink:href="../812/308812.xml">
Federal Communications Commission v. Pacifica Foundation</link>&nbsp;&amp;bull;  <message wordnetid="106598915" confidence="0.8">
<information wordnetid="106634376" confidence="0.8">
<company wordnetid="108058098" confidence="0.8">
<broadcasting_company wordnetid="108002015" confidence="0.8">
<format wordnetid="106636806" confidence="0.8">
<institution wordnetid="108053576" confidence="0.8">
<link xlink:type="simple" xlink:href="../808/178808.xml#xpointer(//*[./st=%22United+States%22])">
Public broadcasting</link></institution>
</format>
</broadcasting_company>
</company>
</information>
</message>
&nbsp;&amp;bull;  <link xlink:type="simple" xlink:href="../519/899519.xml">
American Public Media</link>&nbsp;&amp;bull;  <network wordnetid="108434259" confidence="0.9508927676800064">
<link xlink:type="simple" xlink:href="../098/44098.xml">
National Public Radio</link></network>
&nbsp;&amp;bull;  <network wordnetid="108434259" confidence="0.9508927676800064">
<link xlink:type="simple" xlink:href="../808/309808.xml">
Public Radio International</link></network>
</col>
</row>
</table>
</col>
</row>
</table>
</p>

<p>

<table style=";" class="navbox" cellspacing="0">
<row>
<col style="padding:2px;">
<table style="width:100%;background:transparent;color:inherit;;" class="nowraplinks collapsible autocollapse " cellspacing="0">
<row>
<header colspan="2" style=";" class="navbox-title">
<system wordnetid="108435388" confidence="0.8">
<group wordnetid="100031264" confidence="0.8">
<transmission wordnetid="106251781" confidence="0.8">
<channel wordnetid="106259898" confidence="0.8">
<network wordnetid="108434259" confidence="0.8">
<link xlink:type="simple" xlink:href="../367/2565367.xml">
World Radio Network</link></network>
</channel>
</transmission>
</group>
</system>
</header>
</row>
<row style="height:2px;">

</row>
<row>
<col colspan="2" style="width:100%;padding:0px;;;" class="navbox-list navbox-odd"><p>

<network wordnetid="108434259" confidence="0.9508927676800064">
<link xlink:type="simple" xlink:href="../259/292259.xml">
Deutsche Welle</link></network>
&nbsp;·  
<idea wordnetid="105833840" confidence="0.8">
<plan wordnetid="105898568" confidence="0.8">
<link xlink:type="simple" xlink:href="../972/3406972.xml">
Earth &amp; Sky</link></plan>
</idea>
&nbsp;·  
<network wordnetid="108434259" confidence="0.9508927676800064">
<link xlink:type="simple" xlink:href="../816/6786816.xml">
Israel Radio International</link></network>
&nbsp;·  
<network wordnetid="108434259" confidence="0.9508927676800064">
<link xlink:type="simple" xlink:href="../850/7018850.xml">
KBS World Radio</link></network>
&nbsp;·  
<network wordnetid="108434259" confidence="0.9508927676800064">
<link xlink:type="simple" xlink:href="../098/44098.xml">
National Public Radio</link></network>
&nbsp;·  
<network wordnetid="108434259" confidence="0.9508927676800064">
<link xlink:type="simple" xlink:href="../151/171151.xml">
Pacifica Radio</link></network>
&nbsp;·  
<network wordnetid="108434259" confidence="0.9508927676800064">
<link xlink:type="simple" xlink:href="../991/2418991.xml">
Radio Australia</link></network>
&nbsp;·  
<link>
Radio Budapest</link>&nbsp;·  
<network wordnetid="108434259" confidence="0.9508927676800064">
<link xlink:type="simple" xlink:href="../264/357264.xml">
Radio Canada International</link></network>
&nbsp;·  
<company wordnetid="108058098" confidence="0.8">
<broadcasting_company wordnetid="108002015" confidence="0.8">
<institution wordnetid="108053576" confidence="0.8">
<link xlink:type="simple" xlink:href="../201/3866201.xml">
Radio France Internationale</link></institution>
</broadcasting_company>
</company>
&nbsp;·  
<artifact wordnetid="100021939" confidence="0.8">
<radio_station wordnetid="104044119" confidence="0.8">
<facility wordnetid="103315023" confidence="0.8">
<station wordnetid="104306080" confidence="0.8">
<broadcasting_station wordnetid="102903405" confidence="0.8">
<link xlink:type="simple" xlink:href="../363/12939363.xml">
Radio Guangdong</link></broadcasting_station>
</station>
</facility>
</radio_station>
</artifact>
&nbsp;·  
<artifact wordnetid="100021939" confidence="0.8">
<radio_station wordnetid="104044119" confidence="0.8">
<facility wordnetid="103315023" confidence="0.8">
<station wordnetid="104306080" confidence="0.8">
<broadcasting_station wordnetid="102903405" confidence="0.8">
<link xlink:type="simple" xlink:href="../949/450949.xml">
Radio Netherlands</link></broadcasting_station>
</station>
</facility>
</radio_station>
</artifact>
&nbsp;·  
<network wordnetid="108434259" confidence="0.9508927676800064">
<link xlink:type="simple" xlink:href="../091/6814091.xml">
Radio New Zealand International</link></network>
&nbsp;·  
<network wordnetid="108434259" confidence="0.9508927676800064">
<link xlink:type="simple" xlink:href="../636/3104636.xml">
Radio Polonia</link></network>
&nbsp;·  
<network wordnetid="108434259" confidence="0.9508927676800064">
<link xlink:type="simple" xlink:href="../250/6077250.xml">
Radio Prague</link></network>
&nbsp;·  
<radio_station wordnetid="104044119" confidence="0.9508927676800064">
<link xlink:type="simple" xlink:href="../586/6042586.xml">
Radio Romania International</link></radio_station>
&nbsp;·  
<network wordnetid="108434259" confidence="0.9508927676800064">
<link xlink:type="simple" xlink:href="../269/6785269.xml">
Radio Slovakia International</link></network>
&nbsp;·  
<network wordnetid="108434259" confidence="0.9508927676800064">
<link xlink:type="simple" xlink:href="../650/6800650.xml">
Radio Sweden</link></network>
&nbsp;·  
<link>
RTÉ</link>&nbsp;·  
<network wordnetid="108434259" confidence="0.9508927676800064">
<link xlink:type="simple" xlink:href="../875/8650875.xml">
United Nations Radio</link></network>
&nbsp;·  
<radio_station wordnetid="104044119" confidence="0.9508927676800064">
<link xlink:type="simple" xlink:href="../742/1304742.xml">
Vatican Radio</link></radio_station>
&nbsp;· 
<network wordnetid="108434259" confidence="0.9508927676800064">
<link xlink:type="simple" xlink:href="../965/530965.xml">
Voice of Russia</link></network>
</p>
</col>
</row>
</table>
</col>
</row>
</table>
</p>


</sec>
</bdy>
</network>
</medium>
</article>
