<?xml version="1.0" encoding="UTF-8"?>
<!-- generated by CLiX/Wiki2XML [MPI-Inf, MMCI@UdS] $LastChangedRevision: 92 $ on 16.04.2009 16:25:14[mciao0826] -->
<!DOCTYPE article SYSTEM "../article.dtd">
<article xmlns:xlink="http://www.w3.org/1999/xlink">
<entity  confidence="0.9511911446218017" wordnetid="100001740">
<actor  confidence="0.9508927676800064" wordnetid="109765278">
<header>
<title>Geoffrey Rush</title>
<id>171515</id>
<revision>
<id>244104358</id>
<timestamp>2008-10-09T11:06:18Z</timestamp>
<contributor>
<username>Tony1</username>
<id>332841</id>
</contributor>
</revision>
<categories>
<category>Best Miniseries or Television Movie Actor Golden Globe winners</category>
<category>1951 births</category>
<category>Living people</category>
<category>Shakespearean actors</category>
<category>Best Actor Academy Award winners</category>
<category>British and Commonwealth Academy Award Winners for Best Actor</category>
<category>Australian stage actors</category>
<category>Emmy Award winners</category>
<category>Australian voice actors</category>
<category>People from Queensland</category>
<category>Best Drama Actor Golden Globe (film) winners</category>
<category>Australian film actors</category>
<category>BAFTA winners (people)</category>
</categories>
</header>
<bdy>
<template>
<name>Infobox actor</name>
<parameters>

<image width="150px" src="Geoffrey_Rush.jpg">
<caption>

Rush at the premiere of , May 2007
</caption>
</image>
<sagawards>
<b><link xlink:type="simple" xlink:href="../358/3651358.xml">
Best Cast - Motion Picture</link></b>  1998 <it><movie wordnetid="106613686" confidence="0.9508927676800064">
<link xlink:type="simple" xlink:href="../075/88075.xml">
Shakespeare in Love</link></movie>
</it><b><symbol wordnetid="106806469" confidence="0.8">
<award wordnetid="106696483" confidence="0.8">
<signal wordnetid="106791372" confidence="0.8">
<link xlink:type="simple" xlink:href="../027/3627027.xml">
Best Actor - Motion Picture</link></signal>
</award>
</symbol>
</b>1996 <it><movie wordnetid="106613686" confidence="0.9508927676800064">
<link xlink:type="simple" xlink:href="../443/142443.xml">
Shine</link></movie>
''</it></sagawards>
<emmyawards>
<b><symbol wordnetid="106806469" confidence="0.8">
<award wordnetid="106696483" confidence="0.8">
<signal wordnetid="106791372" confidence="0.8">
<link xlink:type="simple" xlink:href="../261/4038261.xml">
Outstanding Lead Actor in a Mini-Series or a Movie</link></signal>
</award>
</symbol>
</b>2005 <it><link xlink:type="simple" xlink:href="../948/2122948.xml">
The Life and Death of Peter Sellers</link>''</it></emmyawards>
<imagesize>
200px</imagesize>
<baftaawards>
<b><symbol wordnetid="106806469" confidence="0.8">
<award wordnetid="106696483" confidence="0.8">
<signal wordnetid="106791372" confidence="0.8">
<link xlink:type="simple" xlink:href="../674/1235674.xml">
Best Actor</link></signal>
</award>
</symbol>
</b>1996 <it><movie wordnetid="106613686" confidence="0.9508927676800064">
<link xlink:type="simple" xlink:href="../443/142443.xml">
Shine</link></movie>
</it> <b><symbol wordnetid="106806469" confidence="0.8">
<award wordnetid="106696483" confidence="0.8">
<signal wordnetid="106791372" confidence="0.8">
<link xlink:type="simple" xlink:href="../579/8682579.xml">
Best Supporting Actor</link></signal>
</award>
</symbol>
</b>1998 <it><movie wordnetid="106613686" confidence="0.9508927676800064">
<link xlink:type="simple" xlink:href="../461/142461.xml">
Elizabeth</link></movie>
''</it></baftaawards>
<goldenglobeawards>
<b><symbol wordnetid="106806469" confidence="0.8">
<award wordnetid="106696483" confidence="0.8">
<signal wordnetid="106791372" confidence="0.8">
<link xlink:type="simple" xlink:href="../074/186074.xml">
Best Actor - Motion Picture Drama</link></signal>
</award>
</symbol>
</b> 1997 <it><movie wordnetid="106613686" confidence="0.9508927676800064">
<link xlink:type="simple" xlink:href="../443/142443.xml">
Shine</link></movie>
</it>   2005 <it><link xlink:type="simple" xlink:href="../948/2122948.xml">
The Life and Death of Peter Sellers</link>''</it></goldenglobeawards>
<birthplace>
<link xlink:type="simple" xlink:href="../329/463329.xml">
Toowoomba</link>, <body wordnetid="107965085" confidence="0.8">
<social_group wordnetid="107950920" confidence="0.8">
<colony wordnetid="108374049" confidence="0.8">
<group wordnetid="100031264" confidence="0.8">
<link xlink:type="simple" xlink:href="../051/59051.xml">
Queensland</link></group>
</colony>
</social_group>
</body>
, Australia</birthplace>
<spouse>
<actor wordnetid="109765278" confidence="0.9508927676800064">
<link xlink:type="simple" xlink:href="../019/3314019.xml">
Jane Menelaus</link></actor>
 (1988-)</spouse>
<birthdate>
6 July 1951 (1951-07-06) (age&nbsp;57)</birthdate>
<afiawards>
<b><symbol wordnetid="106806469" confidence="0.8">
<award wordnetid="106696483" confidence="0.8">
<signal wordnetid="106791372" confidence="0.8">
<link xlink:type="simple" xlink:href="../344/3209344.xml">
Best Actor in a Leading Role</link></signal>
</award>
</symbol>
</b>1996 <it><movie wordnetid="106613686" confidence="0.9508927676800064">
<link xlink:type="simple" xlink:href="../443/142443.xml">
Shine</link></movie>
</it><b><link xlink:type="simple" xlink:href="../423/2427423.xml">
Global Achievement Award</link></b>2003 Lifetime Archievement</afiawards>
<birthname>
Geoffrey Roy Rush</birthname>
<academyawards>
<b><symbol wordnetid="106806469" confidence="0.8">
<award wordnetid="106696483" confidence="0.8">
<signal wordnetid="106791372" confidence="0.8">
<link xlink:type="simple" xlink:href="../163/54163.xml">
Best Actor</link></signal>
</award>
</symbol>
</b>1996 <it><movie wordnetid="106613686" confidence="0.9508927676800064">
<link xlink:type="simple" xlink:href="../443/142443.xml">
Shine</link></movie>
''</it></academyawards>
</parameters>
</template>

<p>

<b>Geoffrey Roy Rush</b> (born 6 July 1951) is a <link>
Golden Globe</link>-, <link xlink:type="simple" xlink:href="../943/147943.xml">
BAFTA</link>-, <link xlink:type="simple" xlink:href="../921/151921.xml">
Emmy</link>-, <link xlink:type="simple" xlink:href="../423/2427423.xml">
AFI</link>- and <symbol wordnetid="106806469" confidence="0.8">
<award wordnetid="106696483" confidence="0.8">
<signal wordnetid="106791372" confidence="0.8">
<link xlink:type="simple" xlink:href="../163/54163.xml">
Academy Award</link></signal>
</award>
</symbol>
-winning Australian actor. He is the first Australian-born person to win an Academy Award for acting. He is also the only Australian person to win it playing an Australian character (although American <person wordnetid="100007846" confidence="0.9508927676800064">
<actor wordnetid="109765278" confidence="0.9508927676800064">
<link xlink:type="simple" xlink:href="../152/492152.xml">
Linda Hunt</link></actor>
</person>
 won one for playing an Australian character in <it><movie wordnetid="106613686" confidence="0.9508927676800064">
<link xlink:type="simple" xlink:href="../524/30524.xml">
The Year of Living Dangerously</link></movie>
</it>).</p>
<p>

Originally a <body wordnetid="107965085" confidence="0.8">
<social_group wordnetid="107950920" confidence="0.8">
<colony wordnetid="108374049" confidence="0.8">
<group wordnetid="100031264" confidence="0.8">
<link xlink:type="simple" xlink:href="../051/59051.xml">
Queensland</link></group>
</colony>
</social_group>
</body>
er from regional <site wordnetid="108651247" confidence="0.9508927676800064">
<link xlink:type="simple" xlink:href="../329/463329.xml">
Toowoomba</link></site>
, Rush moved to <site wordnetid="108651247" confidence="0.9508927676800064">
<link xlink:type="simple" xlink:href="../237/17306237.xml">
Melbourne</link></site>
 in the early 1990s via <site wordnetid="108651247" confidence="0.9508927676800064">
<link xlink:type="simple" xlink:href="../093/192093.xml">
Brisbane</link></site>
 and Sydney<ref xlink:type="simple" xlink:href="#xpointer(//reflist/entry[@id=%221%22])">1</ref> and currently lives in the suburb of <site wordnetid="108651247" confidence="0.9508927676800064">
<link xlink:type="simple" xlink:href="../657/471657.xml">
Camberwell, Victoria</link></site>
.<ref xlink:type="simple" xlink:href="#xpointer(//reflist/entry[@id=%222%22])">2</ref></p>

<sec>
<st>
Biography</st>

<ss1>
<st>
Early life</st>
<p>

Rush was born in <site wordnetid="108651247" confidence="0.9508927676800064">
<link xlink:type="simple" xlink:href="../329/463329.xml">
Toowoomba</link></site>
, <body wordnetid="107965085" confidence="0.8">
<social_group wordnetid="107950920" confidence="0.8">
<colony wordnetid="108374049" confidence="0.8">
<group wordnetid="100031264" confidence="0.8">
<link xlink:type="simple" xlink:href="../051/59051.xml">
Queensland</link></group>
</colony>
</social_group>
</body>
, Australia, the son of Merle (<link xlink:type="simple" xlink:href="../912/61912.xml">
née</link> Kiehne), a department store sales clerk, and Roy Baden Rush, an <link xlink:type="simple" xlink:href="../216/58216.xml">
accountant</link> for the <military_unit wordnetid="108198398" confidence="0.9508927676800064">
<link xlink:type="simple" xlink:href="../328/26328.xml">
Royal Australian Air Force</link></military_unit>
.<ref xlink:type="simple" xlink:href="#xpointer(//reflist/entry[@id=%223%22])">3</ref><ref xlink:type="simple" xlink:href="#xpointer(//reflist/entry[@id=%224%22])">4</ref> His parents divorced when he was five, and his mother subsequently took him to live with her parents in the suburbs.<ref xlink:type="simple" xlink:href="#xpointer(//reflist/entry[@id=%225%22])">5</ref> Before he began his acting career, Rush attended <school wordnetid="108276720" confidence="0.8">
<public_school wordnetid="108410282" confidence="0.8">
<senior_high_school wordnetid="108409617" confidence="0.8">
<educational_institution wordnetid="108276342" confidence="0.8">
<institution wordnetid="108053576" confidence="0.8">
<link xlink:type="simple" xlink:href="../928/7846928.xml">
Everton Park State High School</link></institution>
</educational_institution>
</senior_high_school>
</public_school>
</school>
. He began his acting career with the <company wordnetid="108058098" confidence="0.8">
<institution wordnetid="108053576" confidence="0.8">
<link xlink:type="simple" xlink:href="../515/3319515.xml">
Queensland Theatre Company</link></institution>
</company>
 in <site wordnetid="108651247" confidence="0.9508927676800064">
<link xlink:type="simple" xlink:href="../093/192093.xml">
Brisbane</link></site>
. In 1975, Rush took off for Paris for a couple of years, and studied <genre wordnetid="105845332" confidence="0.8">
<body wordnetid="107965085" confidence="0.8">
<idea wordnetid="105833840" confidence="0.8">
<concept wordnetid="105835747" confidence="0.8">
<category wordnetid="105838765" confidence="0.8">
<social_group wordnetid="107950920" confidence="0.8">
<occupational_group wordnetid="108403631" confidence="0.8">
<profession wordnetid="108112096" confidence="0.8">
<group wordnetid="100031264" confidence="0.8">
<kind wordnetid="105839024" confidence="0.8">
<link xlink:type="simple" xlink:href="../689/2101689.xml">
mime</link></kind>
</group>
</profession>
</occupational_group>
</social_group>
</category>
</concept>
</idea>
</body>
</genre>
 and <link xlink:type="simple" xlink:href="../713/2101713.xml">
pantomime</link> at the famous <link>
L'École Internationale de Théâtre Jacques Lecoq</link> School of Mime, before returning to Australia to resume his stage career.<ref xlink:type="simple" xlink:href="#xpointer(//reflist/entry[@id=%224%22])">4</ref> He also has an Arts Degree from the <university wordnetid="108286163" confidence="0.9508927676800064">
<link xlink:type="simple" xlink:href="../819/192819.xml">
University of Queensland</link></university>
.<ref xlink:type="simple" xlink:href="#xpointer(//reflist/entry[@id=%226%22])">6</ref> In 1979, he shared an apartment with actor <person wordnetid="100007846" confidence="0.9508927676800064">
<screenwriter wordnetid="110564400" confidence="0.9173553029164789">
<actor wordnetid="109765278" confidence="0.9173553029164789">
<link xlink:type="simple" xlink:href="../219/44219.xml">
Mel Gibson</link></actor>
</screenwriter>
</person>
 for four months, while they co-starred in a stage production of <it>Waiting for Godot</it>.<ref xlink:type="simple" xlink:href="#xpointer(//reflist/entry[@id=%224%22])">4</ref><ref xlink:type="simple" xlink:href="#xpointer(//reflist/entry[@id=%225%22])">5</ref><ref xlink:type="simple" xlink:href="#xpointer(//reflist/entry[@id=%226%22])">6</ref></p>

</ss1>
<ss1>
<st>
Stage career</st>
<p>

Rush has appeared on stage for <company wordnetid="108058098" confidence="0.8">
<institution wordnetid="108053576" confidence="0.8">
<link xlink:type="simple" xlink:href="../870/4876870.xml">
Company B</link></institution>
</company>
, and for the <company wordnetid="108058098" confidence="0.8">
<institution wordnetid="108053576" confidence="0.8">
<link xlink:type="simple" xlink:href="../515/3319515.xml">
Queensland Theatre Company</link></institution>
</company>
 and the <structure wordnetid="104341686" confidence="0.8">
<building wordnetid="102913152" confidence="0.8">
<artifact wordnetid="100021939" confidence="0.8">
<theater wordnetid="104417809" confidence="0.8">
<link xlink:type="simple" xlink:href="../568/3109568.xml">
Brisbane Arts Theatre</link></theater>
</artifact>
</building>
</structure>
, as well as in many other theatre venues, and has worked as a theatre director.</p>
<p>

His credits include <person wordnetid="100007846" confidence="0.9508927676800064">
<poet wordnetid="110444194" confidence="0.9173553029164789">
<actor wordnetid="109765278" confidence="0.9173553029164789">
<writer wordnetid="110794014" confidence="0.9508927676800064">
<dramatist wordnetid="110030277" confidence="0.9173553029164789">
<link xlink:type="simple" xlink:href="../897/32897.xml">
William Shakespeare</link></dramatist>
</writer>
</actor>
</poet>
</person>
's plays, <it><comedy wordnetid="107015510" confidence="0.8">
<writing_style wordnetid="107092158" confidence="0.8">
<dramatic_composition wordnetid="107007684" confidence="0.8">
<play wordnetid="107007945" confidence="0.8">
<written_communication wordnetid="106349220" confidence="0.8">
<writing wordnetid="106362953" confidence="0.8">
<drama wordnetid="106376154" confidence="0.8">
<expressive_style wordnetid="107066659" confidence="0.8">
<link xlink:type="simple" xlink:href="../378/85378.xml">
The Winter's Tale</link></expressive_style>
</drama>
</writing>
</written_communication>
</play>
</dramatic_composition>
</writing_style>
</comedy>
</it> (with the <country wordnetid="108544813" confidence="0.9508927676800064">
<link xlink:type="simple" xlink:href="../264/4689264.xml">
South Australia Theatre Company</link></country>
 in 1987 at The Playhouse in <site wordnetid="108651247" confidence="0.9508927676800064">
<link xlink:type="simple" xlink:href="../148/1148.xml">
Adelaide</link></site>
), and <it><link xlink:type="simple" xlink:href="../937/318937.xml">
Troilus and Cressida</link></it> (at the <structure wordnetid="104341686" confidence="0.8">
<building wordnetid="102913152" confidence="0.8">
<artifact wordnetid="100021939" confidence="0.8">
<facility wordnetid="103315023" confidence="0.8">
<depository wordnetid="103177349" confidence="0.8">
<museum wordnetid="103800563" confidence="0.8">
<link xlink:type="simple" xlink:href="../285/2890285.xml">
Old Museum Building</link></museum>
</depository>
</facility>
</artifact>
</building>
</structure>
 in 1989).  He also appeared in an on-going production of <it><dramatic_composition wordnetid="107007684" confidence="0.8">
<play wordnetid="107007945" confidence="0.8">
<written_communication wordnetid="106349220" confidence="0.8">
<writing wordnetid="106362953" confidence="0.8">
<link xlink:type="simple" xlink:href="../067/31067.xml">
The Importance of Being Earnest</link></writing>
</written_communication>
</play>
</dramatic_composition>
</it> as John Worthing.</p>
<p>

In September 1998, Rush played the title role in the <link>
Beaumarchais</link> play <it><music wordnetid="107020895" confidence="0.8">
<classical_music wordnetid="107025900" confidence="0.8">
<auditory_communication wordnetid="107109019" confidence="0.8">
<opera wordnetid="107026352" confidence="0.8">
<music_genre wordnetid="107071942" confidence="0.8">
<expressive_style wordnetid="107066659" confidence="0.8">
<link xlink:type="simple" xlink:href="../418/30418.xml">
The Marriage of Figaro</link></expressive_style>
</music_genre>
</opera>
</auditory_communication>
</classical_music>
</music>
</it> for the <company wordnetid="108058098" confidence="0.8">
<institution wordnetid="108053576" confidence="0.8">
<link xlink:type="simple" xlink:href="../515/3319515.xml">
Queensland Theatre Company</link></institution>
</company>
. This was the opening production of the Optus Playhouse, at the <creation wordnetid="103129123" confidence="0.8">
<structure wordnetid="104341686" confidence="0.8">
<building wordnetid="102913152" confidence="0.8">
<artifact wordnetid="100021939" confidence="0.8">
<art wordnetid="102743547" confidence="0.8">
<link xlink:type="simple" xlink:href="../411/2399411.xml">
Queensland Performing Arts Centre</link></art>
</artifact>
</building>
</structure>
</creation>
 at <link xlink:type="simple" xlink:href="../441/3091441.xml">
South Bank</link> in <site wordnetid="108651247" confidence="0.9508927676800064">
<link xlink:type="simple" xlink:href="../093/192093.xml">
Brisbane</link></site>
. A <link xlink:type="simple" xlink:href="../145/24145.xml">
pun</link> on Geoffrey Rush's name (and the circumstances), was used in the opening prologue of the play with the comment that the "<it>Optus Playhouse was opening with a Rush</it>".</p>
<p>

In 2007, he starred as King Berenger in a production of <link xlink:type="simple" xlink:href="../590/72590.xml">
Eugene Ionesco</link>'s <it><link xlink:type="simple" xlink:href="../425/8032425.xml">
Exit the King</link></it> at the <link xlink:type="simple" xlink:href="../805/9320805.xml">
Malthouse Theatre</link> in Melbourne and <link xlink:type="simple" xlink:href="../986/5461986.xml">
Company B</link> in Sydney, directed by <skilled_worker wordnetid="110605985" confidence="0.8">
<physical_entity wordnetid="100001930" confidence="0.8">
<person wordnetid="100007846" confidence="0.8">
<leader wordnetid="109623038" confidence="0.8">
<administrator wordnetid="109770949" confidence="0.8">
<worker wordnetid="109632518" confidence="0.8">
<causal_agent wordnetid="100007347" confidence="0.8">
<serviceman wordnetid="110582746" confidence="0.8">
<head wordnetid="110162991" confidence="0.8">
<director wordnetid="110014939" confidence="0.8">
<military_officer wordnetid="110317007" confidence="0.8">
<link xlink:type="simple" xlink:href="../626/2978626.xml">
Neil Armfield</link></military_officer>
</director>
</head>
</serviceman>
</causal_agent>
</worker>
</administrator>
</leader>
</person>
</physical_entity>
</skilled_worker>
.</p>

</ss1>
<ss1>
<st>
Film career</st>
<p>

<image location="right" width="150px" src="Barbossa_in_Pirates_of_the_Caribbean_At_World's_End.JPG" type="thumb">
<caption>

Rush is <skilled_worker wordnetid="110605985" confidence="0.8">
<physical_entity wordnetid="100001930" confidence="0.8">
<commissioned_officer wordnetid="109942970" confidence="0.8">
<person wordnetid="100007846" confidence="0.8">
<serviceman wordnetid="110582746" confidence="0.8">
<captain wordnetid="109893191" confidence="0.8">
<military_officer wordnetid="110317007" confidence="0.8">
<commissioned_military_officer wordnetid="109943239" confidence="0.8">
<plagiarist wordnetid="110437262" confidence="0.8">
<principal wordnetid="110474950" confidence="0.8">
<wrongdoer wordnetid="109633969" confidence="0.8">
<criminal wordnetid="109977660" confidence="0.8">
<worker wordnetid="109632518" confidence="0.8">
<thief wordnetid="110707804" confidence="0.8">
<causal_agent wordnetid="100007347" confidence="0.8">
<murderer wordnetid="110338707" confidence="0.8">
<killer wordnetid="110231087" confidence="0.8">
<bad_person wordnetid="109831962" confidence="0.8">
<link xlink:type="simple" xlink:href="../380/601380.xml">
Captain Hector Barbossa</link></bad_person>
</killer>
</murderer>
</causal_agent>
</thief>
</worker>
</criminal>
</wrongdoer>
</principal>
</plagiarist>
</commissioned_military_officer>
</military_officer>
</captain>
</serviceman>
</person>
</commissioned_officer>
</physical_entity>
</skilled_worker>
 in <it><link xlink:type="simple" xlink:href="../184/6079184.xml">
Pirates of the Caribbean</link>''</it>
</caption>
</image>
</p>
<p>

Rush's film debut was in the Australian film <it><link xlink:type="simple" xlink:href="../571/10571.xml">
Hoodwink</link></it> in 1981. His next film was <film_director wordnetid="110088200" confidence="0.9173553029164789">
<person wordnetid="100007846" confidence="0.9508927676800064">
<actor wordnetid="109765278" confidence="0.9508927676800064">
<link xlink:type="simple" xlink:href="../782/1274782.xml">
Gillian Armstrong</link></actor>
</person>
</film_director>
's <it><movie wordnetid="106613686" confidence="0.9508927676800064">
<link xlink:type="simple" xlink:href="../080/5490080.xml">
Starstruck</link></movie>
</it>, the following year. In 1996, he starred in <it><movie wordnetid="106613686" confidence="0.9508927676800064">
<link xlink:type="simple" xlink:href="../443/142443.xml">
Shine</link></movie>
</it>, for which he won the <symbol wordnetid="106806469" confidence="0.8">
<award wordnetid="106696483" confidence="0.8">
<signal wordnetid="106791372" confidence="0.8">
<link xlink:type="simple" xlink:href="../163/54163.xml">
Academy Award for Best Actor</link></signal>
</award>
</symbol>
, becoming the first Australian actor to win an Oscar since <person wordnetid="100007846" confidence="0.9508927676800064">
<actor wordnetid="109765278" confidence="0.9508927676800064">
<link xlink:type="simple" xlink:href="../975/170975.xml">
Peter Finch</link></actor>
</person>
. From that point on, his film career skyrocketed.</p>
<p>

In 1998, he appeared in three major films: <it><link>
Les Misérables</link></it>, in which he played Inspector Javert; <it><link xlink:type="simple" xlink:href="../461/142461.xml">
Elizabeth</link></it>, in which he played the suspicious Sir <skilled_worker wordnetid="110605985" confidence="0.8">
<physical_entity wordnetid="100001930" confidence="0.8">
<person wordnetid="100007846" confidence="0.8">
<spy wordnetid="110641755" confidence="0.8">
<agent wordnetid="109777353" confidence="0.8">
<secretary wordnetid="110570019" confidence="0.8">
<chancellor wordnetid="109906986" confidence="0.8">
<representative wordnetid="110522035" confidence="0.8">
<communicator wordnetid="109610660" confidence="0.8">
<secret_agent wordnetid="110569411" confidence="0.8">
<ambassador wordnetid="109787534" confidence="0.8">
<leader wordnetid="109623038" confidence="0.8">
<worker wordnetid="109632518" confidence="0.8">
<official wordnetid="110372373" confidence="0.8">
<causal_agent wordnetid="100007347" confidence="0.8">
<head wordnetid="110162991" confidence="0.8">
<diplomat wordnetid="110013927" confidence="0.8">
<head_of_state wordnetid="110164747" confidence="0.8">
<negotiator wordnetid="110351874" confidence="0.8">
<link xlink:type="simple" xlink:href="../106/51106.xml">
Francis Walsingham</link></negotiator>
</head_of_state>
</diplomat>
</head>
</causal_agent>
</official>
</worker>
</leader>
</ambassador>
</secret_agent>
</communicator>
</representative>
</chancellor>
</secretary>
</agent>
</spy>
</person>
</physical_entity>
</skilled_worker>
; and <it><movie wordnetid="106613686" confidence="0.9508927676800064">
<link xlink:type="simple" xlink:href="../075/88075.xml">
Shakespeare in Love</link></movie>
</it> in which he played Philip Henslowe, the acting company manager who remained calm in the midst of chaos (and received an <link xlink:type="simple" xlink:href="../324/324.xml">
Academy Award</link> nomination for <symbol wordnetid="106806469" confidence="0.8">
<award wordnetid="106696483" confidence="0.8">
<signal wordnetid="106791372" confidence="0.8">
<link xlink:type="simple" xlink:href="../825/61825.xml">
Best Supporting Actor</link></signal>
</award>
</symbol>
). In 1999, Rush departured from his usual dramatic stint and took the lead role as Steven Price in the horror flick <it><movie wordnetid="106613686" confidence="0.9508927676800064">
<link xlink:type="simple" xlink:href="../843/628843.xml">
House on Haunted Hill</link></movie>
</it>. In 2000, he received his third Academy Award nomination, for <it><link xlink:type="simple" xlink:href="../621/171621.xml">
Quills</link></it>, in which he played the <person wordnetid="100007846" confidence="0.9508927676800064">
<poet wordnetid="110444194" confidence="0.9173553029164789">
<writer wordnetid="110794014" confidence="0.9173553029164789">
<critic wordnetid="109979321" confidence="0.9173553029164789">
<link xlink:type="simple" xlink:href="../787/8787.xml">
Marquis de Sade</link></critic>
</writer>
</poet>
</person>
.</p>
<p>

Rush's career continued at a fast pace, with nine films released from 2001 through 2003. He starred in the movie , as <skilled_worker wordnetid="110605985" confidence="0.8">
<physical_entity wordnetid="100001930" confidence="0.8">
<commissioned_officer wordnetid="109942970" confidence="0.8">
<person wordnetid="100007846" confidence="0.8">
<serviceman wordnetid="110582746" confidence="0.8">
<captain wordnetid="109893191" confidence="0.8">
<military_officer wordnetid="110317007" confidence="0.8">
<commissioned_military_officer wordnetid="109943239" confidence="0.8">
<plagiarist wordnetid="110437262" confidence="0.8">
<principal wordnetid="110474950" confidence="0.8">
<wrongdoer wordnetid="109633969" confidence="0.8">
<criminal wordnetid="109977660" confidence="0.8">
<worker wordnetid="109632518" confidence="0.8">
<thief wordnetid="110707804" confidence="0.8">
<causal_agent wordnetid="100007347" confidence="0.8">
<murderer wordnetid="110338707" confidence="0.8">
<killer wordnetid="110231087" confidence="0.8">
<bad_person wordnetid="109831962" confidence="0.8">
<link xlink:type="simple" xlink:href="../380/601380.xml">
Captain Hector Barbossa</link></bad_person>
</killer>
</murderer>
</causal_agent>
</thief>
</worker>
</criminal>
</wrongdoer>
</principal>
</plagiarist>
</commissioned_military_officer>
</military_officer>
</captain>
</serviceman>
</person>
</commissioned_officer>
</physical_entity>
</skilled_worker>
, also appearing in its sequels,  and . Rush reprised his character's voice for the enhancements at the <link xlink:type="simple" xlink:href="../184/6079184.xml">
Pirates of the Caribbean</link> attractions at <link xlink:type="simple" xlink:href="../788/15937788.xml">
Disneyland</link> and the <event wordnetid="100029378" confidence="0.8">
<social_event wordnetid="107288639" confidence="0.8">
<show wordnetid="106619065" confidence="0.8">
<psychological_feature wordnetid="100023100" confidence="0.8">
<attraction wordnetid="106615561" confidence="0.8">
<link xlink:type="simple" xlink:href="../362/537362.xml">
Magic Kingdom</link></attraction>
</psychological_feature>
</show>
</social_event>
</event>
 theme parks, which involved an <link xlink:type="simple" xlink:href="../272/438272.xml">
Audio-Animatronic</link> with Rush's likeness being installed (including one at Tokyo Disneyland). He also voiced <first_name wordnetid="106337307" confidence="0.9508927676800064">
<link xlink:type="simple" xlink:href="../284/2255284.xml">
Nigel</link></first_name>
 the pelican in <it><movie wordnetid="106613686" confidence="0.9508927676800064">
<link xlink:type="simple" xlink:href="../587/239587.xml">
Finding Nemo</link></movie>
</it>.</p>
<p>

Rush played actor <person wordnetid="100007846" confidence="0.9508927676800064">
<actor wordnetid="109765278" confidence="0.9508927676800064">
<link xlink:type="simple" xlink:href="../518/24518.xml">
Peter Sellers</link></actor>
</person>
 in the television film <it><link xlink:type="simple" xlink:href="../948/2122948.xml">
The Life and Death of Peter Sellers</link></it>. For this performance, he won an <award wordnetid="106696483" confidence="0.9508927676800064">
<link xlink:type="simple" xlink:href="../921/151921.xml">
Emmy Award</link></award>
 for Best Actor in a Mini-series or Movie. In 2005, he starred in <person wordnetid="100007846" confidence="0.9508927676800064">
<actor wordnetid="109765278" confidence="0.9508927676800064">
<link xlink:type="simple" xlink:href="../940/26940.xml">
Steven Spielberg</link></actor>
</person>
's film <it><movie wordnetid="106613686" confidence="0.9508927676800064">
<link xlink:type="simple" xlink:href="../219/2311219.xml">
Munich</link></movie>
</it> as Ephraim, a cold Mossad officer. </p>
<p>

In 2006, Rush hosted the <link xlink:type="simple" xlink:href="../423/2427423.xml">
Australian Film Institute Awards</link> for the <channel wordnetid="106259898" confidence="0.9508927676800064">
<link xlink:type="simple" xlink:href="../014/176014.xml">
Nine Network</link></channel>
. He was the <link xlink:type="simple" xlink:href="../327/1217327.xml">
master of ceremonies</link> again at the 2007 AFI Awards.</p>

</ss1>
<ss1>
<st>
Personal life</st>
<p>

Rush lives in <site wordnetid="108651247" confidence="0.9508927676800064">
<link xlink:type="simple" xlink:href="../657/471657.xml">
Camberwell</link></site>
, a suburb of <site wordnetid="108651247" confidence="0.9508927676800064">
<link xlink:type="simple" xlink:href="../237/17306237.xml">
Melbourne</link></site>
, <body wordnetid="107965085" confidence="0.8">
<social_group wordnetid="107950920" confidence="0.8">
<colony wordnetid="108374049" confidence="0.8">
<group wordnetid="100031264" confidence="0.8">
<link xlink:type="simple" xlink:href="../460/4689460.xml">
Victoria</link></group>
</colony>
</social_group>
</body>
, Australia.<ref xlink:type="simple" xlink:href="#xpointer(//reflist/entry[@id=%222%22])">2</ref> He has become involved in the preservation of heritage and architecture, becoming a figurehead for a campaign for the preservation of <artifact wordnetid="100021939" confidence="0.8">
<terminal wordnetid="104412901" confidence="0.8">
<facility wordnetid="103315023" confidence="0.8">
<station wordnetid="104306080" confidence="0.8">
<railway_station wordnetid="104049098" confidence="0.8">
<link xlink:type="simple" xlink:href="../057/642057.xml">
Camberwell Railway Station</link></railway_station>
</station>
</facility>
</terminal>
</artifact>
 from demolition by developers<ref xlink:type="simple" xlink:href="#xpointer(//reflist/entry[@id=%227%22])">7</ref> and championing a <body wordnetid="107965085" confidence="0.8">
<social_group wordnetid="107950920" confidence="0.8">
<possession wordnetid="100032613" confidence="0.8">
<trust wordnetid="113360498" confidence="0.8">
<property wordnetid="113244109" confidence="0.8">
<group wordnetid="100031264" confidence="0.8">
<administration wordnetid="108164585" confidence="0.8">
<link xlink:type="simple" xlink:href="../241/553241.xml">
National Trust of Australia</link></administration>
</group>
</property>
</trust>
</possession>
</social_group>
</body>
 (Victoria) poll for the <link xlink:type="simple" xlink:href="../423/2427423.xml">
Victorian Heritage Icons Awards</link>.<ref xlink:type="simple" xlink:href="#xpointer(//reflist/entry[@id=%228%22])">8</ref></p>
<p>

Since 1988, Rush has been married to actress <actor wordnetid="109765278" confidence="0.9508927676800064">
<link xlink:type="simple" xlink:href="../019/3314019.xml">
Jane Menelaus</link></actor>
, with whom he has a daughter, Angelica (born 1992) and a son, James (born 9th Sep 1995).<ref xlink:type="simple" xlink:href="#xpointer(//reflist/entry[@id=%229%22])">9</ref> <ref xlink:type="simple" xlink:href="#xpointer(//reflist/entry[@id=%2210%22])">10</ref> <ref xlink:type="simple" xlink:href="#xpointer(//reflist/entry[@id=%2211%22])">11</ref> <ref xlink:type="simple" xlink:href="#xpointer(//reflist/entry[@id=%2212%22])">12</ref> <ref xlink:type="simple" xlink:href="#xpointer(//reflist/entry[@id=%2213%22])">13</ref></p>

</ss1>
</sec>
<sec>
<st>
 Filmography and awards </st>
<p>

<table style="width:99%" class="wikitable">
<row>
<header>
Year</header>
<header>
Film</header>
<header>
Role</header>
<header>
Other notes</header>
</row>
<row>
<col rowspan="2">
1981</col>
<col>
<it><link xlink:type="simple" xlink:href="../571/10571.xml">
Hoodwink</link>''</it></col>
<col>
Detective 1</col>

</row>
<row>
<col>
<it><link xlink:type="simple" xlink:href="../881/320881.xml">
Menotti</link>''</it></col>

<col>
TV Series</col>
</row>
<row>
<col>
1982</col>
<col>
<it><movie wordnetid="106613686" confidence="0.9508927676800064">
<link xlink:type="simple" xlink:href="../080/5490080.xml">
Starstruck</link></movie>
''</it></col>
<col>
Floor Manager</col>

</row>
<row>
<col>
1987</col>
<col>
<it><comedy wordnetid="107015510" confidence="0.8">
<writing_style wordnetid="107092158" confidence="0.8">
<dramatic_composition wordnetid="107007684" confidence="0.8">
<play wordnetid="107007945" confidence="0.8">
<written_communication wordnetid="106349220" confidence="0.8">
<writing wordnetid="106362953" confidence="0.8">
<drama wordnetid="106376154" confidence="0.8">
<expressive_style wordnetid="107066659" confidence="0.8">
<link xlink:type="simple" xlink:href="../812/652812.xml">
Twelfth Night</link></expressive_style>
</drama>
</writing>
</written_communication>
</play>
</dramatic_composition>
</writing_style>
</comedy>
''</it></col>
<col>
<physical_entity wordnetid="100001930" confidence="0.8">
<person wordnetid="100007846" confidence="0.8">
<aristocrat wordnetid="109807754" confidence="0.8">
<leader wordnetid="109623038" confidence="0.8">
<fictional_character wordnetid="109587565" confidence="0.8">
<imaginary_being wordnetid="109483738" confidence="0.8">
<causal_agent wordnetid="100007347" confidence="0.8">
<male_aristocrat wordnetid="110285135" confidence="0.8">
<knight wordnetid="110238375" confidence="0.8">
<link xlink:type="simple" xlink:href="../942/2096942.xml">
Sir Andrew Aguecheek</link></knight>
</male_aristocrat>
</causal_agent>
</imaginary_being>
</fictional_character>
</leader>
</aristocrat>
</person>
</physical_entity>
</col>

</row>
<row>
<col rowspan="3">
1996</col>
<col>
<it><movie wordnetid="106613686" confidence="0.9508927676800064">
<link xlink:type="simple" xlink:href="../443/142443.xml">
Shine</link></movie>
''</it></col>
<col>
<person wordnetid="100007846" confidence="0.9508927676800064">
<link xlink:type="simple" xlink:href="../517/724517.xml">
David Helfgott</link></person>
(adult)</col>
<col>
<symbol wordnetid="106806469" confidence="0.8">
<award wordnetid="106696483" confidence="0.8">
<signal wordnetid="106791372" confidence="0.8">
<link xlink:type="simple" xlink:href="../163/54163.xml">
Academy Award for Best Actor</link></signal>
</award>
</symbol>
<symbol wordnetid="106806469" confidence="0.8">
<award wordnetid="106696483" confidence="0.8">
<signal wordnetid="106791372" confidence="0.8">
<link xlink:type="simple" xlink:href="../674/1235674.xml">
BAFTA Award for Best Actor in a Leading Role</link></signal>
</award>
</symbol>
<symbol wordnetid="106806469" confidence="0.8">
<award wordnetid="106696483" confidence="0.8">
<signal wordnetid="106791372" confidence="0.8">
<link xlink:type="simple" xlink:href="../074/186074.xml">
Golden Globe Award for Best Actor - Motion Picture Drama</link></signal>
</award>
</symbol>
<symbol wordnetid="106806469" confidence="0.8">
<award wordnetid="106696483" confidence="0.8">
<signal wordnetid="106791372" confidence="0.8">
<link xlink:type="simple" xlink:href="../344/3209344.xml">
Australian Film Institute Award for Best Actor in a Leading Role</link></signal>
</award>
</symbol>
</col>
</row>
<row>
<col>
<it><link xlink:type="simple" xlink:href="../320/19456320.xml">
Mercury</link>''</it></col>
<col>
Bill Wyatt</col>
<col>
TV series</col>
</row>
<row>
<col>
<it><medium wordnetid="106254669" confidence="0.9508927676800064">
<link xlink:type="simple" xlink:href="../073/5602073.xml">
Children of the Revolution</link></medium>
''</it></col>
<col>
Zachary Welch</col>

</row>
<row>
<col rowspan="2">
1997</col>
<col>
<it><link xlink:type="simple" xlink:href="../344/50344.xml">
Frontier</link>''</it></col>
<col>
Soldier Administrator David Collins</col>
<col>
TV mini-series</col>
</row>
<row>
<col>
<it><link xlink:type="simple" xlink:href="../497/244497.xml">
Oscar and Lucinda</link>''</it></col>
<col>
Narrator</col>
<col>
voice</col>
</row>
<row>
<col rowspan="4">
1998</col>
<col>
<it><link xlink:type="simple" xlink:href="../571/10571.xml">
A Little Bit of Soul</link>''</it></col>
<col>
Godfrey Usher</col>
<col>
Nominated - <symbol wordnetid="106806469" confidence="0.8">
<award wordnetid="106696483" confidence="0.8">
<signal wordnetid="106791372" confidence="0.8">
<link xlink:type="simple" xlink:href="../565/4091565.xml">
Australian Film Institute Award for Best Actor in a Supporting Role</link></signal>
</award>
</symbol>
</col>
</row>
<row>
<col>
<it><link>
Les Misérables</link>''</it></col>
<col>
<skilled_worker wordnetid="110605985" confidence="0.8">
<physical_entity wordnetid="100001930" confidence="0.8">
<policeman wordnetid="110448983" confidence="0.8">
<person wordnetid="100007846" confidence="0.8">
<preserver wordnetid="110466918" confidence="0.8">
<worker wordnetid="109632518" confidence="0.8">
<lawman wordnetid="110249459" confidence="0.8">
<defender wordnetid="109614684" confidence="0.8">
<causal_agent wordnetid="100007347" confidence="0.8">
<serviceman wordnetid="110582746" confidence="0.8">
<detective wordnetid="110009276" confidence="0.8">
<military_officer wordnetid="110317007" confidence="0.8">
<link xlink:type="simple" xlink:href="../910/2644910.xml">
Inspector Javert</link></military_officer>
</detective>
</serviceman>
</causal_agent>
</defender>
</lawman>
</worker>
</preserver>
</person>
</policeman>
</physical_entity>
</skilled_worker>
</col>

</row>
<row>
<col>
<it><movie wordnetid="106613686" confidence="0.9508927676800064">
<link xlink:type="simple" xlink:href="../461/142461.xml">
Elizabeth</link></movie>
''</it></col>
<col>
<link xlink:type="simple" xlink:href="../106/51106.xml">
Sir Francis Walsingham</link></col>
<col>
<symbol wordnetid="106806469" confidence="0.8">
<award wordnetid="106696483" confidence="0.8">
<signal wordnetid="106791372" confidence="0.8">
<link xlink:type="simple" xlink:href="../579/8682579.xml">
BAFTA Award for Best Actor in a Supporting Role</link></signal>
</award>
</symbol>
</col>
</row>
<row>
<col>
<it><movie wordnetid="106613686" confidence="0.9508927676800064">
<link xlink:type="simple" xlink:href="../075/88075.xml">
Shakespeare in Love</link></movie>
''</it></col>
<col>
Philip Henslowe</col>
<col>
Nominated - <symbol wordnetid="106806469" confidence="0.8">
<award wordnetid="106696483" confidence="0.8">
<signal wordnetid="106791372" confidence="0.8">
<link xlink:type="simple" xlink:href="../825/61825.xml">
Academy Award for Best Supporting Actor</link></signal>
</award>
</symbol>
  Nominated - <symbol wordnetid="106806469" confidence="0.8">
<award wordnetid="106696483" confidence="0.8">
<signal wordnetid="106791372" confidence="0.8">
<link xlink:type="simple" xlink:href="../579/8682579.xml">
BAFTA Award for Best Actor in a Supporting Role</link></signal>
</award>
</symbol>
Nominated - <symbol wordnetid="106806469" confidence="0.8">
<award wordnetid="106696483" confidence="0.8">
<signal wordnetid="106791372" confidence="0.8">
<link xlink:type="simple" xlink:href="../751/1476751.xml">
Golden Globe Award for Best Supporting Actor - Motion Picture</link></signal>
</award>
</symbol>
</col>
</row>
<row>
<col rowspan="2">
1999</col>
<col>
<it><movie wordnetid="106613686" confidence="0.9508927676800064">
<link xlink:type="simple" xlink:href="../757/295757.xml">
Mystery Men</link></movie>
''</it></col>
<col>
Casanova Frankenstein</col>

</row>
<row>
<col>
<it><link xlink:type="simple" xlink:href="../616/947616.xml">
House on Haunted Hill</link>''</it></col>
<col>
Stephen H. Price</col>

</row>
<row>
<col rowspan="2">
2000</col>
<col>
<it><link xlink:type="simple" xlink:href="../621/171621.xml">
Quills</link>''</it></col>
<col>
<person wordnetid="100007846" confidence="0.9508927676800064">
<poet wordnetid="110444194" confidence="0.9173553029164789">
<writer wordnetid="110794014" confidence="0.9173553029164789">
<critic wordnetid="109979321" confidence="0.9173553029164789">
<link xlink:type="simple" xlink:href="../787/8787.xml">
Marquis de Sade</link></critic>
</writer>
</poet>
</person>
</col>
<col>
Nominated - <symbol wordnetid="106806469" confidence="0.8">
<award wordnetid="106696483" confidence="0.8">
<signal wordnetid="106791372" confidence="0.8">
<link xlink:type="simple" xlink:href="../163/54163.xml">
Academy Award for Best Actor</link></signal>
</award>
</symbol>
Nominated - <symbol wordnetid="106806469" confidence="0.8">
<award wordnetid="106696483" confidence="0.8">
<signal wordnetid="106791372" confidence="0.8">
<link xlink:type="simple" xlink:href="../674/1235674.xml">
BAFTA Award for Best Actor in a Leading Role</link></signal>
</award>
</symbol>
Nominated - <symbol wordnetid="106806469" confidence="0.8">
<award wordnetid="106696483" confidence="0.8">
<signal wordnetid="106791372" confidence="0.8">
<link xlink:type="simple" xlink:href="../074/186074.xml">
Golden Globe Award for Best Actor - Motion Picture Drama</link></signal>
</award>
</symbol>
</col>
</row>
<row>
<col>
<it><literary_composition wordnetid="106364329" confidence="0.8">
<written_communication wordnetid="106349220" confidence="0.8">
<writing wordnetid="106362953" confidence="0.8">
<fiction wordnetid="106367107" confidence="0.8">
<novel wordnetid="106367879" confidence="0.8">
<link xlink:type="simple" xlink:href="../396/2406396.xml">
The Magic Pudding</link></novel>
</fiction>
</writing>
</written_communication>
</literary_composition>
''</it></col>
<col>
Bunyip Bluegum</col>
<col>
voice</col>
</row>
<row>
<col rowspan="2">
2001</col>
<col>
<it><movie wordnetid="106613686" confidence="0.9508927676800064">
<link xlink:type="simple" xlink:href="../167/1184167.xml">
The Tailor of Panama</link></movie>
''</it></col>
<col>
Harold 'Harry' Pendel</col>

</row>
<row>
<col>
<it><movie wordnetid="106613686" confidence="0.9508927676800064">
<link xlink:type="simple" xlink:href="../458/1704458.xml">
Lantana</link></movie>
''</it></col>
<col>
John Knox</col>

</row>
<row>
<col rowspan="2">
2002</col>
<col>
<it><movie wordnetid="106613686" confidence="0.9508927676800064">
<link xlink:type="simple" xlink:href="../792/509792.xml">
Frida</link></movie>
''</it></col>
<col>
<person wordnetid="100007846" confidence="0.9508927676800064">
<officeholder wordnetid="110371450" confidence="0.9508927676800064">
<link xlink:type="simple" xlink:href="../888/17888.xml">
Leon Trotsky</link></officeholder>
</person>
</col>

</row>
<row>
<col>
<it><movie wordnetid="106613686" confidence="0.9508927676800064">
<link xlink:type="simple" xlink:href="../470/396470.xml">
The Banger Sisters</link></movie>
''</it></col>
<col>
Harry Plummer</col>

</row>
<row>
<col rowspan="7">
2003</col>
<col>
<it><product wordnetid="104007894" confidence="0.8">
<creation wordnetid="103129123" confidence="0.8">
<artifact wordnetid="100021939" confidence="0.8">
<event wordnetid="100029378" confidence="0.8">
<social_event wordnetid="107288639" confidence="0.8">
<movie wordnetid="106613686" confidence="0.8">
<show wordnetid="106619065" confidence="0.8">
<psychological_feature wordnetid="100023100" confidence="0.8">
<link xlink:type="simple" xlink:href="../293/5610293.xml">
Swimming Upstream</link></psychological_feature>
</show>
</movie>
</social_event>
</event>
</artifact>
</creation>
</product>
''</it></col>
<col>
Harold Fingleton</col>
<col>
Nominated - <symbol wordnetid="106806469" confidence="0.8">
<award wordnetid="106696483" confidence="0.8">
<signal wordnetid="106791372" confidence="0.8">
<link xlink:type="simple" xlink:href="../344/3209344.xml">
Australian Film Institute Award for Best Actor in a Leading Role</link></signal>
</award>
</symbol>
</col>
</row>
<row>
<col>
<it><movie wordnetid="106613686" confidence="0.9508927676800064">
<link xlink:type="simple" xlink:href="../661/1394661.xml">
Ned Kelly</link></movie>
''</it></col>
<col>
Superintendent Francis Hare</col>

</row>
<row>
<col>
<it><movie wordnetid="106613686" confidence="0.9508927676800064">
<link xlink:type="simple" xlink:href="../587/239587.xml">
Finding Nemo</link></movie>
''</it></col>
<col>
Nigel</col>
<col>
voice</col>
</row>
<row>
<col>
<it>''</it></col>
<col>
<skilled_worker wordnetid="110605985" confidence="0.8">
<physical_entity wordnetid="100001930" confidence="0.8">
<commissioned_officer wordnetid="109942970" confidence="0.8">
<person wordnetid="100007846" confidence="0.8">
<serviceman wordnetid="110582746" confidence="0.8">
<captain wordnetid="109893191" confidence="0.8">
<military_officer wordnetid="110317007" confidence="0.8">
<commissioned_military_officer wordnetid="109943239" confidence="0.8">
<plagiarist wordnetid="110437262" confidence="0.8">
<principal wordnetid="110474950" confidence="0.8">
<wrongdoer wordnetid="109633969" confidence="0.8">
<criminal wordnetid="109977660" confidence="0.8">
<worker wordnetid="109632518" confidence="0.8">
<thief wordnetid="110707804" confidence="0.8">
<causal_agent wordnetid="100007347" confidence="0.8">
<murderer wordnetid="110338707" confidence="0.8">
<killer wordnetid="110231087" confidence="0.8">
<bad_person wordnetid="109831962" confidence="0.8">
<link xlink:type="simple" xlink:href="../380/601380.xml">
Captain Hector Barbossa</link></bad_person>
</killer>
</murderer>
</causal_agent>
</thief>
</worker>
</criminal>
</wrongdoer>
</principal>
</plagiarist>
</commissioned_military_officer>
</military_officer>
</captain>
</serviceman>
</person>
</commissioned_officer>
</physical_entity>
</skilled_worker>
</col>

</row>
<row>
<col>
<it><album wordnetid="106591815" confidence="0.9508927676800064">
<movie wordnetid="106613686" confidence="0.9508927676800064">
<link xlink:type="simple" xlink:href="../877/1597877.xml">
Intolerable Cruelty</link></movie>
</album>
''</it></col>
<col>
Donovan Donaly</col>

</row>
<row>
<col>
<it><movie wordnetid="106613686" confidence="0.9508927676800064">
<link xlink:type="simple" xlink:href="../622/1406622.xml">
Harvie Krumpet</link></movie>
''</it></col>
<col>
Narrator</col>
<col>
voice</col>
</row>
<row>
<col colspan="2"></col>
<col>
<body wordnetid="107965085" confidence="0.8">
<social_group wordnetid="107950920" confidence="0.8">
<group wordnetid="100031264" confidence="0.8">
<administration wordnetid="108164585" confidence="0.8">
<link xlink:type="simple" xlink:href="../462/380462.xml">
Australian Film Institute</link></administration>
</group>
</social_group>
</body>
Global Achievement Award</col>
</row>
<row>
<col>
2004</col>
<col>
<it><link xlink:type="simple" xlink:href="../948/2122948.xml">
The Life and Death of Peter Sellers</link>''</it></col>
<col>
<person wordnetid="100007846" confidence="0.9508927676800064">
<actor wordnetid="109765278" confidence="0.9508927676800064">
<link xlink:type="simple" xlink:href="../518/24518.xml">
Peter Sellers</link></actor>
</person>
</col>
<col>
<link xlink:type="simple" xlink:href="../826/1476826.xml">
Golden Globe Award for Best Performance by an Actor in a Mini-Series or Motion Picture Made for Television</link><symbol wordnetid="106806469" confidence="0.8">
<award wordnetid="106696483" confidence="0.8">
<signal wordnetid="106791372" confidence="0.8">
<link xlink:type="simple" xlink:href="../261/4038261.xml">
Primetime Emmy Award for Outstanding Lead Actor - Miniseries or a Movie</link></signal>
</award>
</symbol>
</col>
</row>
<row>
<col>
2005</col>
<col>
<it><movie wordnetid="106613686" confidence="0.9508927676800064">
<link xlink:type="simple" xlink:href="../219/2311219.xml">
Munich</link></movie>
''</it></col>
<col>
Mossad case officer Ephraim</col>

</row>
<row>
<col rowspan="2">
2006</col>
<col>
<it><movie wordnetid="106613686" confidence="0.9508927676800064">
<link xlink:type="simple" xlink:href="../267/2511267.xml">
Candy</link></movie>
''</it></col>
<col>
Casper</col>
<col>
Nominated - <symbol wordnetid="106806469" confidence="0.8">
<award wordnetid="106696483" confidence="0.8">
<signal wordnetid="106791372" confidence="0.8">
<link xlink:type="simple" xlink:href="../565/4091565.xml">
Australian Film Institute Award for Best Actor in a Supporting Role</link></signal>
</award>
</symbol>
</col>
</row>
<row>
<col>
<it>''</it></col>
<col>
<skilled_worker wordnetid="110605985" confidence="0.8">
<physical_entity wordnetid="100001930" confidence="0.8">
<commissioned_officer wordnetid="109942970" confidence="0.8">
<person wordnetid="100007846" confidence="0.8">
<serviceman wordnetid="110582746" confidence="0.8">
<captain wordnetid="109893191" confidence="0.8">
<military_officer wordnetid="110317007" confidence="0.8">
<commissioned_military_officer wordnetid="109943239" confidence="0.8">
<plagiarist wordnetid="110437262" confidence="0.8">
<principal wordnetid="110474950" confidence="0.8">
<wrongdoer wordnetid="109633969" confidence="0.8">
<criminal wordnetid="109977660" confidence="0.8">
<worker wordnetid="109632518" confidence="0.8">
<thief wordnetid="110707804" confidence="0.8">
<causal_agent wordnetid="100007347" confidence="0.8">
<murderer wordnetid="110338707" confidence="0.8">
<killer wordnetid="110231087" confidence="0.8">
<bad_person wordnetid="109831962" confidence="0.8">
<link xlink:type="simple" xlink:href="../380/601380.xml">
Captain Hector Barbossa</link></bad_person>
</killer>
</murderer>
</causal_agent>
</thief>
</worker>
</criminal>
</wrongdoer>
</principal>
</plagiarist>
</commissioned_military_officer>
</military_officer>
</captain>
</serviceman>
</person>
</commissioned_officer>
</physical_entity>
</skilled_worker>
</col>
<col>
uncredited cameo</col>
</row>
<row>
<col rowspan="2">
2007</col>
<col>
<it>''</it></col>
<col>
<skilled_worker wordnetid="110605985" confidence="0.8">
<physical_entity wordnetid="100001930" confidence="0.8">
<commissioned_officer wordnetid="109942970" confidence="0.8">
<person wordnetid="100007846" confidence="0.8">
<serviceman wordnetid="110582746" confidence="0.8">
<captain wordnetid="109893191" confidence="0.8">
<military_officer wordnetid="110317007" confidence="0.8">
<commissioned_military_officer wordnetid="109943239" confidence="0.8">
<plagiarist wordnetid="110437262" confidence="0.8">
<principal wordnetid="110474950" confidence="0.8">
<wrongdoer wordnetid="109633969" confidence="0.8">
<criminal wordnetid="109977660" confidence="0.8">
<worker wordnetid="109632518" confidence="0.8">
<thief wordnetid="110707804" confidence="0.8">
<causal_agent wordnetid="100007347" confidence="0.8">
<murderer wordnetid="110338707" confidence="0.8">
<killer wordnetid="110231087" confidence="0.8">
<bad_person wordnetid="109831962" confidence="0.8">
<link xlink:type="simple" xlink:href="../380/601380.xml">
Captain Hector Barbossa</link></bad_person>
</killer>
</murderer>
</causal_agent>
</thief>
</worker>
</criminal>
</wrongdoer>
</principal>
</plagiarist>
</commissioned_military_officer>
</military_officer>
</captain>
</serviceman>
</person>
</commissioned_officer>
</physical_entity>
</skilled_worker>
</col>

</row>
<row>
<col>
<it>''</it></col>
<col>
<link xlink:type="simple" xlink:href="../106/51106.xml">
Sir Francis Walsingham</link></col>

</row>
<row>
<col rowspan="2">
2008</col>
<col>
<it><link xlink:type="simple" xlink:href="../571/10571.xml">
$9.99</link>''</it></col>
<col>
Angel</col>
<col>
<it>post-production''</it></col>
</row>
<row>
<col>
<it><movie wordnetid="106613686" confidence="0.9508927676800064">
<link xlink:type="simple" xlink:href="../109/10602109.xml">
Laundry Warrior</link></movie>
''</it></col>
<col>
Town Drunk</col>
<col>
<it>post-production''</it></col>
</row>
</table>
</p>

</sec>
<sec>
<st>
References</st>

<p>

<reflist>
<entry id="1">
<weblink xlink:type="simple" xlink:href="http://www.pbs.org/kcet/tavissmiley/archive/200705/20070514_rush.html">
Travis Smiley's interview transcript with Geoffrey Rush</weblink></entry>
<entry id="2">
<weblink xlink:type="simple" xlink:href="http://www.news.com.au/heraldsun/story/0,21985,23419798-5000107,00.html">
Rush to flat earth</weblink> from heraldsun.com.au</entry>
<entry id="3">
<weblink xlink:type="simple" xlink:href="http://www.filmreference.com/film/79/Geoffrey-Rush.html">
<it>Geoffrey Rush biography''</it></weblink>. Film Reference.com.</entry>
<entry id="4">
<weblink xlink:type="simple" xlink:href="http://www.tiscali.co.uk/entertainment/film/biographies/geoffrey_rush_biog.html">
<it>Geoffrey Rush Biography''</it></weblink>. Tiscali.film &amp; tv.</entry>
<entry id="5">
<weblink xlink:type="simple" xlink:href="http://movies.yahoo.com/movie/contributor/1800018920/bio">
<it>Geoffrey Rush biography''</it></weblink>. Yahoo! Movies.</entry>
<entry id="6">
<weblink xlink:type="simple" xlink:href="http://www.alumni.uq.edu.au/index.html?page=286">
<it>Geoffrey Rush, 1997Academy award winner''</it></weblink>. Alumni at <university wordnetid="108286163" confidence="0.9508927676800064">
<link xlink:type="simple" xlink:href="../819/192819.xml">
University of Queensland</link></university>
.</entry>
<entry id="7">
<weblink xlink:type="simple" xlink:href="http://www.theage.com.au/articles/2004/10/17/1097951560203.html">
Actor Rush lifts lid on Camberwell station plan</weblink> from theage.com.au</entry>
<entry id="8">
<weblink xlink:type="simple" xlink:href="http://www.nattrust.com.au/header/news_archive/2006_heritage_icon_anounced">
2006 Heritage Icon announced | National Trust of Australia (Victoria)</weblink></entry>
<entry id="9">
 <weblink xlink:type="simple" xlink:href="http://www.filmreference.com/film/79/Geoffrey-Rush.html">
Geoffrey Rush Biography — Theatre, Television and Film Biographies</weblink></entry>
<entry id="10">
<weblink xlink:type="simple" xlink:href="http://www.tiscali.co.uk/entertainment/film/biographies/geoffrey_rush_biog.html">
Geoffrey Rush Biography — Tiscali</weblink></entry>
<entry id="11">
<weblink xlink:type="simple" xlink:href="http://www.tribute.ca/people/bio/1683">
Geoffrey Rush Biography — Tribute</weblink></entry>
<entry id="12">
<weblink xlink:type="simple" xlink:href="http://www.hollywood.com/celebrity/Geoffrey_Rush/187684">
Geoffrey Rush Biography — Hollywood.com</weblink></entry>
<entry id="13">
<weblink xlink:type="simple" xlink:href="http://www.independent.co.uk/arts-entertainment/film-and-tv/features/geoffrey-rush-how-he-relished-his-starring-role-in-the-sequel-to-elizabeth--even-if-his-demise-came-too-soon-396607.html">
Geoffrey Rush interview — The Independent</weblink></entry>
</reflist>
</p>

</sec>
<sec>
<st>
External links</st>


<p>

<list>
<entry level="1" type="bullet">

<weblink xlink:type="simple" xlink:href="http://www.imdb.com/name/nm0001691/">
Geoffrey Rush</weblink> at the <web_site wordnetid="106359193" confidence="0.9508927676800064">
<link xlink:type="simple" xlink:href="../554/2855554.xml">
Internet Movie Database</link></web_site>
</entry>
<entry level="1" type="bullet">

<weblink xlink:type="simple" xlink:href="http://www.afc.gov.au/faqs/osaustralians/actors/geoffrey_rush.aspx">
Geoffrey Rush</weblink> &mdash; <company wordnetid="108058098" confidence="0.8">
<institution wordnetid="108053576" confidence="0.8">
<link xlink:type="simple" xlink:href="../314/7738314.xml">
Australian Film Commission</link></institution>
</company>
</entry>
<entry level="1" type="bullet">

<weblink xlink:type="simple" xlink:href="http://www.ausstage.edu.au/indexdrilldown.jsp?xcid=59&amp;f_contrib_id=482&amp;f_event_id=14306">
Geoffrey Rush</weblink> - Stage acting credits</entry>
<entry level="1" type="bullet">

http://www.93950.com/rush/ - The Cinematic Hats of Geoffrey Rush</entry>
</list>
</p>

<p>

<table style="margin:0.5em auto; font-size:95%;clear:both;" class="wikitable">
<row>
<header colspan="3" style="background: #FFF179;">
Awards and achievements</header>
</row>
<row style="text-align: center;">
</row>
<row style="text-align:center;">
<col align="center" width="30%" rowspan="1">
Preceded&nbsp;by<b><actor wordnetid="109765278" confidence="0.9508927676800064">
<link xlink:type="simple" xlink:href="../754/93754.xml">
Nigel Hawthorne</link></actor>
for <it><movie wordnetid="106613686" confidence="0.9508927676800064">
<link xlink:type="simple" xlink:href="../068/171068.xml">
The Madness of King George</link></movie>
</it></b></col>
<col style="text-align: center;" width="40%" rowspan="1">
<b><symbol wordnetid="106806469" confidence="0.8">
<award wordnetid="106696483" confidence="0.8">
<signal wordnetid="106791372" confidence="0.8">
<link xlink:type="simple" xlink:href="../674/1235674.xml">
BAFTA Award for Best Actor in a Leading Role</link></signal>
</award>
</symbol>
</b>1997<b>for <it><movie wordnetid="106613686" confidence="0.9508927676800064">
<link xlink:type="simple" xlink:href="../443/142443.xml">
Shine</link></movie>
</it></b></col>
<col align="center" width="30%" rowspan="1">
 Succeeded&nbsp;by<b><actor wordnetid="109765278" confidence="0.9173553029164789">
<link xlink:type="simple" xlink:href="../687/328687.xml">
Robert Carlyle</link></actor>
for <it><movie wordnetid="106613686" confidence="0.9508927676800064">
<link xlink:type="simple" xlink:href="../453/142453.xml">
The Full Monty</link></movie>
</it></b></col>
</row>

<row style="text-align: center;">
</row>
<row style="text-align:center;">
<col align="center" width="30%" rowspan="1">
Preceded&nbsp;by<b><person wordnetid="100007846" confidence="0.9508927676800064">
<actor wordnetid="109765278" confidence="0.9508927676800064">
<link xlink:type="simple" xlink:href="../111/21111.xml">
Nicolas Cage</link></actor>
</person>
for <it><movie wordnetid="106613686" confidence="0.9508927676800064">
<link xlink:type="simple" xlink:href="../160/54160.xml">
Leaving Las Vegas</link></movie>
</it></b></col>
<col style="text-align: center;" width="40%" rowspan="1">
<b><symbol wordnetid="106806469" confidence="0.8">
<award wordnetid="106696483" confidence="0.8">
<signal wordnetid="106791372" confidence="0.8">
<link xlink:type="simple" xlink:href="../074/186074.xml">
Golden Globe Award for Best Actor - Motion Picture Drama</link></signal>
</award>
</symbol>
</b>1996<b>for <it><movie wordnetid="106613686" confidence="0.9508927676800064">
<link xlink:type="simple" xlink:href="../443/142443.xml">
Shine</link></movie>
</it></b></col>
<col align="center" width="30%" rowspan="1">
 Succeeded&nbsp;by<b><person wordnetid="100007846" confidence="0.9508927676800064">
<actor wordnetid="109765278" confidence="0.9508927676800064">
<link xlink:type="simple" xlink:href="../549/171549.xml">
Peter Fonda</link></actor>
</person>
for <it><movie wordnetid="106613686" confidence="0.9508927676800064">
<link xlink:type="simple" xlink:href="../550/171550.xml">
Ulee's Gold</link></movie>
</it></b></col>
</row>

<row style="text-align: center;">
</row>
<row style="text-align:center;">
<col align="center" width="30%" rowspan="1">
Preceded&nbsp;by<b><link xlink:type="simple" xlink:href="../630/171630.xml">
Tom Wilkinson</link>for <it><movie wordnetid="106613686" confidence="0.9508927676800064">
<link xlink:type="simple" xlink:href="../453/142453.xml">
The Full Monty</link></movie>
</it></b></col>
<col style="text-align: center;" width="40%" rowspan="1">
<b><symbol wordnetid="106806469" confidence="0.8">
<award wordnetid="106696483" confidence="0.8">
<signal wordnetid="106791372" confidence="0.8">
<link xlink:type="simple" xlink:href="../579/8682579.xml">
BAFTA Award for Best Actor in a Supporting Role</link></signal>
</award>
</symbol>
</b>1999<b>for <it><link xlink:type="simple" xlink:href="../075/88075.xml">
Shakespeare in love</link></it></b></col>
<col align="center" width="30%" rowspan="1">
 Succeeded&nbsp;by<b><person wordnetid="100007846" confidence="0.9508927676800064">
<actor wordnetid="109765278" confidence="0.9508927676800064">
<link xlink:type="simple" xlink:href="../256/296256.xml">
Jude Law</link></actor>
</person>
for <it><movie wordnetid="106613686" confidence="0.9508927676800064">
<link xlink:type="simple" xlink:href="../009/536009.xml">
The Talented Mr. Ripley</link></movie>
</it></b></col>
</row>

<row style="text-align: center;">
</row>
<row style="text-align:center;">
<col align="center" width="30%" rowspan="1">
Preceded&nbsp;by<b><link xlink:type="simple" xlink:href="../906/41906.xml">
Al Pacino</link>for <it><idea wordnetid="105833840" confidence="0.8">
<change wordnetid="100191142" confidence="0.8">
<broadcast wordnetid="106619428" confidence="0.8">
<show wordnetid="100520257" confidence="0.8">
<show wordnetid="106619065" confidence="0.8">
<change_of_state wordnetid="100199130" confidence="0.8">
<diversion wordnetid="100426928" confidence="0.8">
<event wordnetid="100029378" confidence="0.8">
<description wordnetid="106724763" confidence="0.8">
<action wordnetid="100037396" confidence="0.8">
<portrayal wordnetid="107202391" confidence="0.8">
<psychological_feature wordnetid="100023100" confidence="0.8">
<word_picture wordnetid="107201804" confidence="0.8">
<activity wordnetid="100407535" confidence="0.8">
<language_unit wordnetid="106284225" confidence="0.8">
<beginning wordnetid="100235435" confidence="0.8">
<social_event wordnetid="107288639" confidence="0.8">
<entertainment wordnetid="100429048" confidence="0.8">
<ending wordnetid="106308765" confidence="0.8">
<morpheme wordnetid="106306233" confidence="0.8">
<message wordnetid="106598915" confidence="0.8">
<statement wordnetid="106722453" confidence="0.8">
<plan wordnetid="105898568" confidence="0.8">
<television_program wordnetid="106620579" confidence="0.8">
<act wordnetid="100030358" confidence="0.8">
<part wordnetid="113809207" confidence="0.8">
<introduction wordnetid="100238022" confidence="0.8">
<link xlink:type="simple" xlink:href="../871/9959871.xml">
Angels in America</link></introduction>
</part>
</act>
</television_program>
</plan>
</statement>
</message>
</morpheme>
</ending>
</entertainment>
</social_event>
</beginning>
</language_unit>
</activity>
</word_picture>
</psychological_feature>
</portrayal>
</action>
</description>
</event>
</diversion>
</change_of_state>
</show>
</show>
</broadcast>
</change>
</idea>
</it></b></col>
<col style="text-align: center;" width="40%" rowspan="1">
2005<b>for <it><link xlink:type="simple" xlink:href="../948/2122948.xml">
The Life and Death of Peter Sellers</link></it></b></col>
<col align="center" width="30%" rowspan="1">
 Succeeded&nbsp;by<b><link xlink:type="simple" xlink:href="../376/854376.xml">
Jonathan Rhys-Meyers</link>for <it><link xlink:type="simple" xlink:href="../121/9976121.xml">
Elvis</link></it></b></col>
</row>
</table>
</p>
<p>

<table style=";" class="navbox" cellspacing="0">
<row>
<col style="padding:2px;">
<table style="width:100%;background:transparent;color:inherit;;" class="nowraplinks collapsible autocollapse " cellspacing="0">
<row>
<header colspan="2" style=";background: #EEDD82" class="navbox-title">
<symbol wordnetid="106806469" confidence="0.8">
<award wordnetid="106696483" confidence="0.8">
<signal wordnetid="106791372" confidence="0.8">
<link xlink:type="simple" xlink:href="../163/54163.xml">
Academy Award for</link></signal>
</award>
</symbol>
 <symbol wordnetid="106806469" confidence="0.8">
<award wordnetid="106696483" confidence="0.8">
<signal wordnetid="106791372" confidence="0.8">
<link xlink:type="simple" xlink:href="../163/54163.xml#xpointer(//*[./st=%221980s%22])">
Best Actor</link></signal>
</award>
</symbol>
</header>
</row>
<row style="height:2px;">

</row>
<row>
<col colspan="2" style="width:100%;padding:0px;;;" class="navbox-list navbox-odd"><p>

<person wordnetid="100007846" confidence="0.9508927676800064">
<actor wordnetid="109765278" confidence="0.9508927676800064">
<link xlink:type="simple" xlink:href="../228/46228.xml">
Henry Fonda</link></actor>
</person>
 (1981)&nbsp;· 
<person wordnetid="100007846" confidence="0.9508927676800064">
<actor wordnetid="109765278" confidence="0.9173553029164789">
<link xlink:type="simple" xlink:href="../480/168480.xml">
Ben Kingsley</link></actor>
</person>
 (1982)&nbsp;· 
<film_director wordnetid="110088200" confidence="0.9173553029164789">
<person wordnetid="100007846" confidence="0.9508927676800064">
<actor wordnetid="109765278" confidence="0.9173553029164789">
<link xlink:type="simple" xlink:href="../266/161266.xml">
Robert Duvall</link></actor>
</person>
</film_director>
 (1983)&nbsp;· 
<person wordnetid="100007846" confidence="0.9508927676800064">
<actor wordnetid="109765278" confidence="0.9173553029164789">
<presenter wordnetid="110466387" confidence="0.9173553029164789">
<link xlink:type="simple" xlink:href="../494/168494.xml">
F. Murray Abraham</link></presenter>
</actor>
</person>
 (1984)&nbsp;· 
<actor wordnetid="109765278" confidence="0.9508927676800064">
<link xlink:type="simple" xlink:href="../534/168534.xml">
William Hurt</link></actor>
 (1985)&nbsp;· 
<person wordnetid="100007846" confidence="0.9508927676800064">
<actor wordnetid="109765278" confidence="0.9508927676800064">
<link xlink:type="simple" xlink:href="../706/49706.xml">
Paul Newman</link></actor>
</person>
 (1986)&nbsp;· 
<person wordnetid="100007846" confidence="0.9508927676800064">
<actor wordnetid="109765278" confidence="0.9508927676800064">
<link xlink:type="simple" xlink:href="../781/78781.xml">
Michael Douglas</link></actor>
</person>
 (1987)&nbsp;· 
<link xlink:type="simple" xlink:href="../148/42148.xml">
Dustin Hoffman</link> (1988)&nbsp;· 
<person wordnetid="100007846" confidence="0.9508927676800064">
<actor wordnetid="109765278" confidence="0.9508927676800064">
<link xlink:type="simple" xlink:href="../003/171003.xml">
Daniel Day-Lewis</link></actor>
</person>
 (1989)&nbsp;· 
<link xlink:type="simple" xlink:href="../007/171007.xml">
Jeremy Irons</link> (1990)&nbsp;· 
<person wordnetid="100007846" confidence="0.9508927676800064">
<actor wordnetid="109765278" confidence="0.9508927676800064">
<link xlink:type="simple" xlink:href="../ury/24th_century.xml">
Anthony Hopkins</link></actor>
</person>
 (1991)&nbsp;· 
<link xlink:type="simple" xlink:href="../906/41906.xml">
Al Pacino</link> (1992)&nbsp;· 
<person wordnetid="100007846" confidence="0.9508927676800064">
<artist wordnetid="109812338" confidence="0.9173553029164789">
<actor wordnetid="109765278" confidence="0.9508927676800064">
<writer wordnetid="110794014" confidence="0.9173553029164789">
<link xlink:type="simple" xlink:href="../568/43568.xml">
Tom Hanks</link></writer>
</actor>
</artist>
</person>
 (1993)&nbsp;· 
<person wordnetid="100007846" confidence="0.9508927676800064">
<artist wordnetid="109812338" confidence="0.9173553029164789">
<actor wordnetid="109765278" confidence="0.9508927676800064">
<writer wordnetid="110794014" confidence="0.9173553029164789">
<link xlink:type="simple" xlink:href="../568/43568.xml">
Tom Hanks</link></writer>
</actor>
</artist>
</person>
 (1994)&nbsp;· 
<person wordnetid="100007846" confidence="0.9508927676800064">
<actor wordnetid="109765278" confidence="0.9508927676800064">
<link xlink:type="simple" xlink:href="../111/21111.xml">
Nicolas Cage</link></actor>
</person>
 (1995)&nbsp;· 
<actor wordnetid="109765278" confidence="0.9508927676800064">
<link xlink:type="simple" xlink:href="../515/171515.xml">
Geoffrey Rush</link></actor>
 (1996)&nbsp;· 
<link xlink:type="simple" xlink:href="../829/18617829.xml">
Jack Nicholson</link> (1997)&nbsp;· 
<person wordnetid="100007846" confidence="0.9508927676800064">
<actor wordnetid="109765278" confidence="0.9508927676800064">
<link xlink:type="simple" xlink:href="../344/46344.xml">
Roberto Benigni</link></actor>
</person>
 (1998)&nbsp;· 
<person wordnetid="100007846" confidence="0.9508927676800064">
<actor wordnetid="109765278" confidence="0.9508927676800064">
<link xlink:type="simple" xlink:href="../768/16768.xml">
Kevin Spacey</link></actor>
</person>
 (1999)&nbsp;· 
<actor wordnetid="109765278" confidence="0.9508927676800064">
<link xlink:type="simple" xlink:href="../695/25695.xml">
Russell Crowe</link></actor>
 (2000)
----
&nbsp;· 
&nbsp;· 
&nbsp;· 
&nbsp;· 
&nbsp;· 
</p>
</col>
</row>
</table>
</col>
</row>
</table>
</p>

<p>

<table style=";" class="navbox" cellspacing="0">
<row>
<col style="padding:2px;">
<table style="width:100%;background:transparent;color:inherit;;" class="nowraplinks collapsible autocollapse " cellspacing="0">
<row>
<header colspan="2" style=";background: #DAA520;" class="navbox-title">
<symbol wordnetid="106806469" confidence="0.8">
<award wordnetid="106696483" confidence="0.8">
<signal wordnetid="106791372" confidence="0.8">
<link xlink:type="simple" xlink:href="../261/4038261.xml">
Primetime Emmy Award for Outstanding Lead Actor - Miniseries or a Movie</link></signal>
</award>
</symbol>
</header>
</row>
<row style="height:2px;">

</row>
<row>
<col colspan="2" style="width:100%;padding:0px;;;" class="navbox-list navbox-odd"><p>

<film_director wordnetid="110088200" confidence="0.9173553029164789">
<actor wordnetid="109765278" confidence="0.9173553029164789">
<link xlink:type="simple" xlink:href="../407/101407.xml">
Kenneth Branagh</link></actor>
</film_director>
 (2001)&nbsp;· 
<person wordnetid="100007846" confidence="0.9508927676800064">
<actor wordnetid="109765278" confidence="0.9508927676800064">
<link xlink:type="simple" xlink:href="../910/43910.xml">
Albert Finney</link></actor>
</person>
 (2002)&nbsp;· 
<person wordnetid="100007846" confidence="0.9508927676800064">
<actor wordnetid="109765278" confidence="0.9508927676800064">
<link xlink:type="simple" xlink:href="../602/398602.xml">
William H. Macy</link></actor>
</person>
 (2003)&nbsp;· 
<link xlink:type="simple" xlink:href="../906/41906.xml">
Al Pacino</link> (2004)&nbsp;· 
<actor wordnetid="109765278" confidence="0.9508927676800064">
<link xlink:type="simple" xlink:href="../515/171515.xml">
Geoffrey Rush</link></actor>
 (2005)&nbsp;· 
<actor wordnetid="109765278" confidence="0.9508927676800064">
<link xlink:type="simple" xlink:href="../457/846457.xml">
Andre Braugher</link></actor>
 (2006)&nbsp;· 
<film_director wordnetid="110088200" confidence="0.9173553029164789">
<person wordnetid="100007846" confidence="0.9508927676800064">
<actor wordnetid="109765278" confidence="0.9173553029164789">
<link xlink:type="simple" xlink:href="../266/161266.xml">
Robert Duvall</link></actor>
</person>
</film_director>
(2007)</p>
</col>
</row>
<row style="height:2px;">

</row>
<row>
<col colspan="2" style=";background: transparent; border-top: 1px solid #DAA520;" class="navbox-abovebelow"><p>


&nbsp;· 
&nbsp;· 
</p>
</col>
</row>
</table>
</col>
</row>
</table>
</p>

<p>

<table style=";" class="navbox" cellspacing="0">
<row>
<col style="padding:2px;">
<table style="width:100%;background:transparent;color:inherit;;" class="nowraplinks collapsible autocollapse " cellspacing="0">
<row>
<header colspan="2" style=";background: #ABCDEF;" class="navbox-title">
<symbol wordnetid="106806469" confidence="0.8">
<award wordnetid="106696483" confidence="0.8">
<signal wordnetid="106791372" confidence="0.8">
<link xlink:type="simple" xlink:href="../027/3627027.xml">
Screen Actors Guild Award for Outstanding Performance by a Male Actor in a Leading Role</link></signal>
</award>
</symbol>
</header>
</row>
<row style="height:2px;">

</row>
<row>
<col colspan="2" style="width:100%;padding:0px;;;" class="navbox-list navbox-odd"><p>

<person wordnetid="100007846" confidence="0.9508927676800064">
<artist wordnetid="109812338" confidence="0.9173553029164789">
<actor wordnetid="109765278" confidence="0.9508927676800064">
<writer wordnetid="110794014" confidence="0.9173553029164789">
<link xlink:type="simple" xlink:href="../568/43568.xml">
Tom Hanks</link></writer>
</actor>
</artist>
</person>
 (1994)&nbsp;· 
<person wordnetid="100007846" confidence="0.9508927676800064">
<actor wordnetid="109765278" confidence="0.9508927676800064">
<link xlink:type="simple" xlink:href="../111/21111.xml">
Nicolas Cage</link></actor>
</person>
 (1995)&nbsp;· 
<actor wordnetid="109765278" confidence="0.9508927676800064">
<link xlink:type="simple" xlink:href="../515/171515.xml">
Geoffrey Rush</link></actor>
 (1996)&nbsp;· 
<link xlink:type="simple" xlink:href="../829/18617829.xml">
Jack Nicholson</link> (1997)&nbsp;· 
<person wordnetid="100007846" confidence="0.9508927676800064">
<actor wordnetid="109765278" confidence="0.9508927676800064">
<link xlink:type="simple" xlink:href="../344/46344.xml">
Roberto Benigni</link></actor>
</person>
 (1998)&nbsp;· 
<person wordnetid="100007846" confidence="0.9508927676800064">
<actor wordnetid="109765278" confidence="0.9508927676800064">
<link xlink:type="simple" xlink:href="../768/16768.xml">
Kevin Spacey</link></actor>
</person>
 (1999)&nbsp;· 
<actor wordnetid="109765278" confidence="0.9508927676800064">
<link xlink:type="simple" xlink:href="../592/292592.xml">
Benicio del Toro</link></actor>
(2000)</p>
</col>
</row>
<row style="height:2px;">

</row>
<row>
<col colspan="2" style=";background: #ABCDEF;" class="navbox-abovebelow"><p>

&nbsp;· 
&nbsp;· 
</p>
</col>
</row>
</table>
</col>
</row>
</table>
</p>




</sec>
</bdy>
</actor>
</entity>
</article>
