<?xml version="1.0" encoding="UTF-8"?>
<!-- generated by CLiX/Wiki2XML [MPI-Inf, MMCI@UdS] $LastChangedRevision: 92 $ on 16.04.2009 16:24:22[mciao0825] -->
<!DOCTYPE article SYSTEM "../article.dtd">
<article xmlns:xlink="http://www.w3.org/1999/xlink">
<work  confidence="0.8" wordnetid="100575741">
<examination  confidence="0.8" wordnetid="100635850">
<event  confidence="0.8" wordnetid="100029378">
<survey  confidence="0.8" wordnetid="100644503">
<investigation  confidence="0.8" wordnetid="100633864">
<act  confidence="0.8" wordnetid="100030358">
<psychological_feature  confidence="0.8" wordnetid="100023100">
<activity  confidence="0.8" wordnetid="100407535">
<header>
<title>Space syntax</title>
<id>174704</id>
<revision>
<id>232718753</id>
<timestamp>2008-08-18T16:49:27Z</timestamp>
<contributor>
<username>Barneca</username>
<id>3138853</id>
</contributor>
</revision>
<categories>
<category>Architectural theory</category>
<category>Environmental psychology</category>
<category>Urban studies and planning</category>
</categories>
</header>
<bdy>

The term <b>space syntax</b> encompasses a set of theories and techniques for the analysis of spatial configurations.  Originally it was conceived by <link>
Bill Hillier</link>, <link>
Julienne Hanson</link> and colleagues at <school wordnetid="108276720" confidence="0.8">
<educational_institution wordnetid="108276342" confidence="0.8">
<institution wordnetid="108053576" confidence="0.8">
<link xlink:type="simple" xlink:href="../072/1494072.xml">
The Bartlett</link></institution>
</educational_institution>
</school>
, <university wordnetid="108286163" confidence="0.9508927676800064">
<link xlink:type="simple" xlink:href="../029/52029.xml">
University College London</link></university>
 in the late 1970s to early 1980s as a tool to help architects simulate the likely social effects of their designs. 
<sec>
<st>
Thesis</st>
<p>

The general idea is that spaces can be broken down into components, analyzed as networks of choices, then represented as maps and graphs that describe the relative connectivity and integration of those spaces.  It rests on three basic conceptions of space:</p>
<p>

<list>
<entry level="1" type="bullet">

  an <b><link xlink:type="simple" xlink:href="../288/2286288.xml">
isovist</link></b> (popularised by Michael Benedikt at University of Texas), or viewshed or visibility polygon, the field of view from any particular point</entry>
<entry level="1" type="bullet">

  <b>axial space</b> (idea popularized by Bill Hillier at UCL), a straight sight-line and possible path, and</entry>
<entry level="1" type="bullet">

  <b>convex space</b> (popularized by John Peponis and his collaborators at Georgia Tech), an occupiable void where, if imagined as a wireframe diagram, no line between two of its points goes outside its perimeter, in other words, all points within the polygon are visible to all other points within the polygon.</entry>
</list>

</p>
<ss1>
<st>
Applications</st>
<p>

From these components it is thought to be possible to quantify and describe how easily navigable any space is, useful for the design of museums, airports, hospitals, and other settings where <link xlink:type="simple" xlink:href="../135/1796135.xml">
wayfinding</link> is a significant issue.  Space syntax has also been applied to predict the correlation between spatial layouts and social effects such as crime, traffic flow, <link xlink:type="simple" xlink:href="../766/1959766.xml">
sales per unit area</link>, and so on.</p>

</ss1>
</sec>
<sec>
<st>
History</st>
<p>

It has since grown to become a tool used around the world in a variety of research and areas and design applications in the fields of <link xlink:type="simple" xlink:href="../378/903378.xml">
architecture</link>, <link xlink:type="simple" xlink:href="../345/50345.xml">
urban design</link>, planning, <link xlink:type="simple" xlink:href="../879/18580879.xml">
transport</link> and <link xlink:type="simple" xlink:href="../174/573174.xml">
interior design</link>.  In general, the analysis uses one of many <work wordnetid="100575741" confidence="0.8">
<examination wordnetid="100635850" confidence="0.8">
<event wordnetid="100029378" confidence="0.8">
<survey wordnetid="100644503" confidence="0.8">
<investigation wordnetid="100633864" confidence="0.8">
<act wordnetid="100030358" confidence="0.8">
<psychological_feature wordnetid="100023100" confidence="0.8">
<activity wordnetid="100407535" confidence="0.8">
<link xlink:type="simple" xlink:href="../774/2497774.xml">
software programs</link></activity>
</psychological_feature>
</act>
</investigation>
</survey>
</event>
</examination>
</work>
 that allow researchers to analyse graphs of one (or more) of the primary spatial components.</p>
<p>

Over the past decade, space syntax techniques have also been used for research in fields as diverse as <link xlink:type="simple" xlink:href="../655/18951655.xml">
archaeology</link>, <link xlink:type="simple" xlink:href="../340/15340.xml">
information technology</link>, urban and human <link xlink:type="simple" xlink:href="../910/18963910.xml">
geography</link>, and <link xlink:type="simple" xlink:href="../569/569.xml">
anthropology</link>.  Since 1997, the space syntax community has held a series of biennial conferences, and many journal papers have been published on the subject, chiefly in <weblink xlink:type="simple" xlink:href="http://www.envplan.com">
Environment and Planning B</weblink>.</p>

</sec>
<sec>
<st>
Criticism</st>
<p>

Space syntax's mathematical reliability has recently come under scrutiny because of a number of paradoxes that arise under certain geometric configurations. These paradoxes have been highlighted by <physical_entity wordnetid="100001930" confidence="0.8">
<architect wordnetid="109805475" confidence="0.8">
<person wordnetid="100007846" confidence="0.8">
<causal_agent wordnetid="100007347" confidence="0.8">
<creator wordnetid="109614315" confidence="0.8">
<link xlink:type="simple" xlink:href="../489/12115489.xml">
Carlo Ratti</link></creator>
</causal_agent>
</person>
</architect>
</physical_entity>
 at the <university wordnetid="108286163" confidence="0.9508927676800064">
<link xlink:type="simple" xlink:href="../879/18879.xml">
Massachusetts Institute of Technology</link></university>
, in a passionate academic exchange with Bill Hiller and Alan Penn. There have also been moves to return to combine space syntax with more traditional <link xlink:type="simple" xlink:href="../571/50571.xml">
transport engineering</link> models, using intersections as nodes and constructing <link xlink:type="simple" xlink:href="../291/1448291.xml">
visibility graph</link>s to link them by various researchers, including <link>
Bin Jiang</link>, Valerio Cutini and Mike Batty. Recently there has also been research development that combines space syntax with geographic accessibility analysis in GIS, such as the <link xlink:type="simple" xlink:href="../851/8084851.xml">
place syntax</link>-models developed by the research group <link xlink:type="simple" xlink:href="../431/3190431.xml">
Spatial Analysis</link> and Design at the <university wordnetid="108286163" confidence="0.9508927676800064">
<link xlink:type="simple" xlink:href="../609/25609.xml">
Royal Institute of Technology</link></university>
 in <village wordnetid="108672738" confidence="0.9508927676800064">
<link xlink:type="simple" xlink:href="../741/26741.xml">
Stockholm</link></village>
, <autocracy wordnetid="108361001" confidence="0.8">
<social_group wordnetid="107950920" confidence="0.8">
<political_orientation wordnetid="106212839" confidence="0.8">
<monarchy wordnetid="108363812" confidence="0.8">
<political_system wordnetid="108367880" confidence="0.8">
<group wordnetid="100031264" confidence="0.8">
<democracy wordnetid="106217103" confidence="0.8">
<link xlink:type="simple" xlink:href="../739/5058739.xml">
Sweden</link></democracy>
</group>
</political_system>
</monarchy>
</political_orientation>
</social_group>
</autocracy>
.</p>

</sec>
<sec>
<st>
 See also </st>

<p>

<list>
<entry level="1" type="bullet">

 <link xlink:type="simple" xlink:href="../671/1708671.xml">
Spatial network</link></entry>
<entry level="1" type="bullet">

 <work wordnetid="100575741" confidence="0.8">
<examination wordnetid="100635850" confidence="0.8">
<event wordnetid="100029378" confidence="0.8">
<survey wordnetid="100644503" confidence="0.8">
<investigation wordnetid="100633864" confidence="0.8">
<act wordnetid="100030358" confidence="0.8">
<psychological_feature wordnetid="100023100" confidence="0.8">
<activity wordnetid="100407535" confidence="0.8">
<link xlink:type="simple" xlink:href="../774/2497774.xml">
Spatial network analysis software</link></activity>
</psychological_feature>
</act>
</investigation>
</survey>
</event>
</examination>
</work>
</entry>
<entry level="1" type="bullet">

 <link xlink:type="simple" xlink:href="../346/45346.xml">
Urban planning</link></entry>
<entry level="1" type="bullet">

 <link xlink:type="simple" xlink:href="../883/1465883.xml">
Visibility graph analysis</link></entry>
</list>
</p>

</sec>
<sec>
<st>
References</st>

<p>

<list>
<entry level="1" type="bullet">

  <cite style="font-style:normal" class="book">Hillier B. and Hanson J.&#32;(1984). The Social Logic of Space.&#32;Cambridge University Press. ISBN 0-521-36784-0.</cite>&nbsp;</entry>
<entry level="1" type="bullet">

  <cite style="font-style:normal" class="book">Hillier B.&#32;(1999). Space is the Machine: A Configurational Theory of Architecture.&#32;Cambridge University Press. ISBN 0-521-64528-X.</cite>&nbsp;</entry>
</list>
</p>
<p>

<list>
<entry level="1" type="bullet">

  <cite style="font-style:normal">Jiang B. and Claramunt C.&#32;(2002).&#32;"<weblink xlink:type="simple" xlink:href="http://www.hig.se/~bjg/transactiongis.pdf">
Integration of space syntax into GIS: new perspectives for urban morphology</weblink>".&#32;Transactions in GIS.</cite>&nbsp; <b>6</b>(3), 295-309.</entry>
<entry level="1" type="bullet">

 Hillier B. and Penn A. (2004). Rejoinder to Carlo Ratti. <it>Environment and Planning B - Planning and Design</it> <b>31</b> (4), 487–499.</entry>
<entry level="1" type="bullet">

 Ratti C. (2004). Space syntax: some inconsistencies. <it>Environment and Planning B - Planning and Design</it> <b>31</b>(4), 501–511.</entry>
</list>
</p>

</sec>
<sec>
<st>
 External links </st>
<p>

<list>
<entry level="1" type="bullet">

 For more information, visit: http://www.spacesyntax.org/</entry>
<entry level="1" type="bullet">

 The special issue (v. 30, no.5) of the journal Environment and Planning-B on Visibility Analysis contains several articles on visibility in urban and natural environments. <weblink xlink:type="simple" xlink:href="http://www.envplan.com/epb/epb30_contents.html#iss5">
http://www.envplan.com/epb/epb30_contents.html#iss5</weblink></entry>
<entry level="1" type="bullet">

 The article by C. Ratti: http://senseable.mit.edu/papers/pdf/E&amp;PB2004Ratti.pdf</entry>
</list>
</p>



</sec>
</bdy>
</activity>
</psychological_feature>
</act>
</investigation>
</survey>
</event>
</examination>
</work>
</article>
