<?xml version="1.0" encoding="UTF-8"?>
<!-- generated by CLiX/Wiki2XML [MPI-Inf, MMCI@UdS] $LastChangedRevision: 92 $ on 16.04.2009 16:26:22[mciao0827] -->
<!DOCTYPE article SYSTEM "../article.dtd">
<article xmlns:xlink="http://www.w3.org/1999/xlink">
<header>
<title>Hypercomputation</title>
<id>175613</id>
<revision>
<id>239978516</id>
<timestamp>2008-09-21T11:13:19Z</timestamp>
<contributor>
<username>CALR</username>
<id>80866</id>
</contributor>
</revision>
<categories>
<category>Theory of computation</category>
<category>All articles to be merged</category>
<category>Articles to be merged&amp;#32;since July 2008</category>
</categories>
</header>
<bdy>

<b>Hypercomputation</b> refers to various hypothetical methods for the <link xlink:type="simple" xlink:href="../926/5926.xml">
computation</link> of non-<link xlink:type="simple" xlink:href="../338/1139338.xml">
Turing-computable function</link>s (see also <link xlink:type="simple" xlink:href="../383/314383.xml">
supertask</link>).  The term was first introduced in 1999 by <physical_entity wordnetid="100001930" confidence="0.8">
<philosopher wordnetid="110423589" confidence="0.8">
<person wordnetid="100007846" confidence="0.8">
<intellectual wordnetid="109621545" confidence="0.8">
<causal_agent wordnetid="100007347" confidence="0.8">
<academician wordnetid="109759069" confidence="0.8">
<adult wordnetid="109605289" confidence="0.8">
<historian wordnetid="110177150" confidence="0.8">
<professional wordnetid="110480253" confidence="0.8">
<scholar wordnetid="110557854" confidence="0.8">
<educator wordnetid="110045713" confidence="0.8">
<link xlink:type="simple" xlink:href="../942/5717942.xml">
Jack Copeland</link></educator>
</scholar>
</professional>
</historian>
</adult>
</academician>
</causal_agent>
</intellectual>
</person>
</philosopher>
</physical_entity>
 and <link>
Diane Proudfoot</link><ref xlink:type="simple" xlink:href="#xpointer(//reflist/entry[@id=%221%22])">1</ref>. A similar term is super-Turing computation, though to some hypercomputation may have the additional connotation of entertaining the possibility that such a device could be physically realizable.  Some models have been proposed, such as <link xlink:type="simple" xlink:href="../542/1729542.xml">
neural network</link>s with <link>
real numbers</link> as weights, the ability to carry out infinitely many computations simultaneously, or the ability to perform non-Turing computable operations, such as limits or integrations on general (i.e. not just trivial) real-valued continuous functions that are exact rather than approximate.
<sec>
<st>
History</st>
<p>

A model more powerful than Turing machines was introduced by <person wordnetid="100007846" confidence="0.9508927676800064">
<scientist wordnetid="110560637" confidence="0.9508927676800064">
<link xlink:type="simple" xlink:href="../208/1208.xml">
Alan Turing</link></scientist>
</person>
 in his 1939 paper <it>Systems of logic based on ordinals</it>. This paper investigated mathematical systems in which an <physical_entity wordnetid="100001930" confidence="0.8">
<person wordnetid="100007846" confidence="0.8">
<model wordnetid="110324560" confidence="0.8">
<assistant wordnetid="109815790" confidence="0.8">
<worker wordnetid="109632518" confidence="0.8">
<causal_agent wordnetid="100007347" confidence="0.8">
<link xlink:type="simple" xlink:href="../431/22431.xml">
oracle</link></causal_agent>
</worker>
</assistant>
</model>
</person>
</physical_entity>
 was available, which could compute a single arbitrary (non-recursive) function from <link xlink:type="simple" xlink:href="../474/21474.xml">
naturals</link> to naturals. He used this device to prove that even in those more powerful systems, <link xlink:type="simple" xlink:href="../795/54795.xml">
undecidability</link> is still present. Turing's writing made it clear that oracle machines were only mathematical abstractions, and were not thought of as physically realisable.<ref xlink:type="simple" xlink:href="#xpointer(//reflist/entry[@id=%222%22])">2</ref></p>

</sec>
<sec>
<st>
Hypercomputer proposals</st>

<p>

<table class="metadata plainlinks ambox ">
<row>
<col>

ambox-move" style=""</col>
</row>
<row>
<col class="mbox-image"><p>

<image width="50px" src="Mergefrom.svg">
</image>
</p>
</col>
<col style="" class="mbox-text">
 It has been suggested that  be  into this article or section. ()</col>
</row>
</table>


<list>
<entry level="1" type="bullet">

A Turing machine that can <it>complete</it> infinitely many steps. Simply being able to run for an unbounded number of steps forever, (i.e. potential infinity) does not suffice.  One proposed example uses <link xlink:type="simple" xlink:href="../839/297839.xml">
time dilation</link> to allow a computer to spend an infinite amount of time performing a computation while a finite amount of time passes for an observer (it would require an infinite amount of energy to perform this calculation--see <link xlink:type="simple" xlink:href="../470/5185470.xml">
Malament-Hogarth spacetime</link>).  Another example is the <physical_entity wordnetid="100001930" confidence="0.8">
<person wordnetid="100007846" confidence="0.8">
<model wordnetid="110324560" confidence="0.8">
<assistant wordnetid="109815790" confidence="0.8">
<worker wordnetid="109632518" confidence="0.8">
<causal_agent wordnetid="100007347" confidence="0.8">
<link xlink:type="simple" xlink:href="../751/1256751.xml">
Zeno machine</link></causal_agent>
</worker>
</assistant>
</model>
</person>
</physical_entity>
 (inspired by <link>
Zeno's paradox</link>), a purely mathematical model.  The Zeno machine performs its first computation step in (say) 1 minute, the second step in ½ minute, the third step in ¼ minute, etc.  By summing the infinite <link xlink:type="simple" xlink:href="../630/12630.xml">
geometric series</link> 1+½+¼+... we see that the machine performs infinitely many steps in a total of 2 minutes. However, some people claim that, following the reasoning from <link>
Zeno's paradox</link>, Zeno machines are not just physically impossible, but logically impossible.</entry>
<entry level="1" type="bullet">

The <b>infinite time Turing machine</b> is a generalization of the Zeno machine, that can perform infinitely long computations whose steps are enumerated by potentially transfinite <link xlink:type="simple" xlink:href="../368/22368.xml">
ordinal number</link>s.  It models an otherwise-ordinary Turing machine for which non-halting computations are completed by entering a special state reserved for reaching a <link xlink:type="simple" xlink:href="../137/373137.xml">
limit ordinal</link> and to which the results of the preceding infinite computation are available.<ref xlink:type="simple" xlink:href="#xpointer(//reflist/entry[@id=%223%22])">3</ref></entry>
<entry level="1" type="bullet">

A <link xlink:type="simple" xlink:href="../247/397247.xml">
real computer</link> (a sort of idealized <link xlink:type="simple" xlink:href="../ury/25th_century.xml">
analog computer</link>) might be able to perform hypercomputation <ref xlink:type="simple" xlink:href="#xpointer(//reflist/entry[@id=%224%22])">4</ref> if physics admits general <link xlink:type="simple" xlink:href="../491/19725491.xml">
real</link> variables (not just <link xlink:type="simple" xlink:href="../206/6206.xml">
computable reals</link>), and these are in some way "harnessable" for computation.  This might require quite bizarre laws of physics (for example, a measurable <link xlink:type="simple" xlink:href="../205/23205.xml">
physical constant</link> with an oracular value, such as <link xlink:type="simple" xlink:href="../205/6205.xml">
Chaitin's constant</link>), and would at minimum require the ability to measure a real-valued physical value to arbitrary precision despite <link xlink:type="simple" xlink:href="../745/182745.xml">
thermal noise</link> and <link xlink:type="simple" xlink:href="../202/25202.xml">
quantum effects</link>.</entry>
<entry level="1" type="bullet">

A <link xlink:type="simple" xlink:href="../202/25202.xml">
quantum mechanical</link> system which somehow uses (for example) an infinite superposition of states to compute a non-<link xlink:type="simple" xlink:href="../338/1139338.xml">
computable function</link>.<ref xlink:type="simple" xlink:href="#xpointer(//reflist/entry[@id=%225%22])">5</ref> This might not be possible using the standard <link xlink:type="simple" xlink:href="../284/25284.xml">
qubit</link>-model <link xlink:type="simple" xlink:href="../220/25220.xml">
quantum computer</link>, because it is conjectured and widely-held that regular quantum computers are <link xlink:type="simple" xlink:href="../375/1188375.xml">
Turing reducible</link> (they may yield speedup for some problems, but they may not solve problems that an ordinary (i.e. Turing) computer couldn't already).  <ref xlink:type="simple" xlink:href="#xpointer(//reflist/entry[@id=%226%22])">6</ref></entry>
<entry level="1" type="bullet">

 A technique known as <link xlink:type="simple" xlink:href="../475/2647475.xml">
fair nondeterminism</link> or <link xlink:type="simple" xlink:href="../475/2647475.xml">
unbounded nondeterminism</link> may allow the computation of noncomputable functions. There is dispute in the literature over whether this technique is coherent, and whether it actually allows noncomputable functions to be "computed".</entry>
<entry level="1" type="bullet">

The use of <link xlink:type="simple" xlink:href="../091/287091.xml">
closed timelike curve</link>s (CTC), contrary to the beliefs of some, do not appear to permit hypercomputation, since they do not provide the unbounded amount of storage that an infinite computation would require.  However, access to a CTC may allow the rapid solution to <class wordnetid="107997703" confidence="0.8">
<collection wordnetid="107951464" confidence="0.8">
<group wordnetid="100031264" confidence="0.8">
<link xlink:type="simple" xlink:href="../685/54685.xml">
PSPACE-complete</link></group>
</collection>
</class>
 problems, a complexity class which while Turing-decidable is generally considered computationally intractable.<ref xlink:type="simple" xlink:href="#xpointer(//reflist/entry[@id=%227%22])">7</ref><ref xlink:type="simple" xlink:href="#xpointer(//reflist/entry[@id=%228%22])">8</ref></entry>
</list>
</p>
<p>

As long as there is no physically plausible way to build such a device, hypercomputers will exist only as mathematical models.</p>

</sec>
<sec>
<st>
See also</st>
<p>

<list>
<entry level="1" type="bullet">

 <link>
Church-Turing thesis</link></entry>
<entry level="1" type="bullet">

 <physical_entity wordnetid="100001930" confidence="0.8">
<person wordnetid="100007846" confidence="0.8">
<model wordnetid="110324560" confidence="0.8">
<assistant wordnetid="109815790" confidence="0.8">
<worker wordnetid="109632518" confidence="0.8">
<causal_agent wordnetid="100007347" confidence="0.8">
<link xlink:type="simple" xlink:href="../431/22431.xml">
Oracle machine</link></causal_agent>
</worker>
</assistant>
</model>
</person>
</physical_entity>
</entry>
<entry level="1" type="bullet">

 <physical_entity wordnetid="100001930" confidence="0.8">
<person wordnetid="100007846" confidence="0.8">
<model wordnetid="110324560" confidence="0.8">
<assistant wordnetid="109815790" confidence="0.8">
<worker wordnetid="109632518" confidence="0.8">
<causal_agent wordnetid="100007347" confidence="0.8">
<link xlink:type="simple" xlink:href="../751/1256751.xml">
Zeno machine</link></causal_agent>
</worker>
</assistant>
</model>
</person>
</physical_entity>
</entry>
<entry level="1" type="bullet">

 <link xlink:type="simple" xlink:href="../926/5926.xml">
Computation</link></entry>
<entry level="1" type="bullet">

 <link xlink:type="simple" xlink:href="../383/314383.xml">
Supertask</link></entry>
<entry level="1" type="bullet">

 <link>
Zeno paradox</link></entry>
</list>
</p>

</sec>
<sec>
<st>
Bibliography</st>

<p>

<reflist>
<entry id="1">
Copeland and Proudfoot, <it><weblink xlink:type="simple" xlink:href="http://www.sciamdigital.com/index.cfm?fa=Products.ViewIssuePreview&amp;ARTICLEID_CHAR=94B166BF-E481-47FA-80C8-112C6BAF404">
Alan Turing's forgotten ideas in computer science</weblink></it>. <periodical wordnetid="106593296" confidence="0.9508927676800064">
<link xlink:type="simple" xlink:href="../507/29507.xml">
Scientific American</link></periodical>
, April 1999.</entry>
<entry id="2">
"Let us suppose that we are supplied with some unspecified means of solving number-theoretic problems; a kind of oracle as it were. We shall not go any further into the nature of this oracle apart from saying that it cannot be a machine" (Undecidable p. 167, a reprint of Turing's paper <it>Systems of Logic Based On Ordinals</it>)</entry>
<entry id="3">
<link>
Joel David Hamkins</link> and <link>
Andy Lewis</link>, Infinite time Turing machines, <it>Journal of Symbolic Logic</it>, 65(2):567-604, 2000.<weblink xlink:type="simple" xlink:href="http://jdh.hamkins.org/Publications/2000e">
http://jdh.hamkins.org/Publications/2000e</weblink></entry>
<entry id="4">
<link>
Arnold Schönhage</link>, "On the power of random access machines", in <it>Proc. Intl. Colloquium on Automata, Languages, and Programming (ICALP), pages 520-529, 1979.  Source of citation: Scott Aaronson, "NP-complete Problems and Physical Reality"<weblink xlink:type="simple" xlink:href="http://www.scottaaronson.com/papers/npcomplete.pdf">
http://www.scottaaronson.com/papers/npcomplete.pdf</weblink> p. 12</it></entry>
<entry id="5">
There have been some claims to this effect; see  <cite style="font-style:normal">Tien Kieu&#32;(2003).&#32;"<weblink xlink:type="simple" xlink:href="http://www.arxiv.org/pdf/quant-ph/0110136">
Quantum Algorithm for the <link xlink:type="simple" xlink:href="../584/154584.xml">
Hilbert's Tenth Problem</link></weblink>". <it>Int. J. Theor. Phys.</it>&#32;<b>42</b>: 1461–1478. <document wordnetid="106470073" confidence="0.8">
<written_communication wordnetid="106349220" confidence="0.8">
<writing wordnetid="106362953" confidence="0.8">
<link xlink:type="simple" xlink:href="../994/422994.xml">
doi</link></writing>
</written_communication>
</document>
:<weblink xlink:type="simple" xlink:href="http://dx.doi.org/10.1023%2FA%3A1025780028846">
10.1023/A:1025780028846</weblink>.</cite>&nbsp;. &amp; the ensuing literature.  Errors have been pointed out in Kieu's approach by Warren D. Smith in <weblink xlink:type="simple" xlink:href="http://www.sciencedirect.com/science?_ob=ArticleURL&amp;_udi=B6TY8-4JD0GX5-1&amp;_user=10&amp;_rdoc=1&amp;_fmt=&amp;_orig=search&amp;_sort=d&amp;view=c&amp;_acct=C000050221&amp;_version=1&amp;_urlVersion=0&amp;_userid=10&amp;md5=a63612cc7522010ee340e8ddada13779">
Three counterexamples refuting Kieu’s plan for “quantum adiabatic hypercomputation”; and some uncomputable quantum mechanical tasks</weblink>
</entry>
<entry id="6">
  <cite style="font-style:normal" class="book">Michael Nielsen and Isaac Chuang&#32;(2000). Quantum Computation and Quantum Information.&#32;Cambridge:&#32;Cambridge University Press. ISBN 0-521-63503-9.</cite>&nbsp; </entry>
<entry id="7">
Todd A. Brun, <it>Computers with closed timelike curves can solve hard problems</it>, Found.Phys.Lett. 16 (2003) 245-253.<weblink xlink:type="simple" xlink:href="http://arxiv.org/abs/gr-qc/0209061">
http://arxiv.org/abs/gr-qc/0209061</weblink></entry>
<entry id="8">
S. Aaronson and J. Watrous. Closed Timelike Curves Make Quantum and Classical Computing Equivalent <weblink xlink:type="simple" xlink:href="http://scottaaronson.com/papers/ctc.pdf">
http://scottaaronson.com/papers/ctc.pdf</weblink></entry>
</reflist>
</p>
<p>

Note: Kieu does not seem to have down graded his claim in his reply to Tsirelson's paper.  He points out that Tsirelson's argument may be flawed or of limited applicability to his theorem. </p>

</sec>
<sec>
<st>
References</st>
<p>

<list>
<entry level="1" type="number">

<person wordnetid="100007846" confidence="0.9508927676800064">
<scientist wordnetid="110560637" confidence="0.9508927676800064">
<link xlink:type="simple" xlink:href="../208/1208.xml">
Alan Turing</link></scientist>
</person>
, <it>Systems of logic based on ordinals</it>, Proc. London math. soc., <b>45</b>, 1939</entry>
<entry level="1" type="number">

<link xlink:type="simple" xlink:href="../116/17472116.xml">
Hava Siegelmann</link>. <it>Neural Networks and Analog Computation: Beyond the Turing Limit</it> Boston: Birkhäuser.</entry>
<entry level="1" type="number">

<link xlink:type="simple" xlink:href="../116/17472116.xml">
Hava Siegelmann</link>. <weblink xlink:type="simple" xlink:href="http://dx.doi.org/doi:10.1016/S0304-3975(96)00087-4">
<it>The simple dynamics of super Turing theories''</it></weblink>; Theoretical Computer Science Volume 168, Issue 2, 20 November 1996, Pages 461-472. (link is to ScienceDirect website copy)</entry>
<entry level="1" type="number">

Keith Douglas. <it><weblink xlink:type="simple" xlink:href="http://www.philosopher-animal.com/papers/take6c.PDF">
Super-Turing Computation: a Case Study Analysis</weblink></it> (<message wordnetid="106598915" confidence="0.8">
<information wordnetid="106634376" confidence="0.8">
<language wordnetid="106282651" confidence="0.8">
<format wordnetid="106636806" confidence="0.8">
<link xlink:type="simple" xlink:href="../077/24077.xml">
PDF</link></format>
</language>
</information>
</message>
), M.S. Thesis, Carnegie Mellon University, 2003.</entry>
<entry level="1" type="number">

L. Blum, F. Cucker, M. Shub, S. Smale, <it>Complexity and Real Computation</it>, Springer-Verlag 1997.  General development of complexity theory for <link xlink:type="simple" xlink:href="../492/60492.xml">
abstract machine</link>s that compute on <link xlink:type="simple" xlink:href="../247/397247.xml">
real numbers</link> instead of bits.</entry>
</list>
</p>
<p>

<list>
<entry level="1" type="number">

<weblink xlink:type="simple" xlink:href="ftp://ftp.cs.cuhk.hk/pub/neuro/papers/jcss1.ps.Z">
On the computational power of neural nets</weblink></entry>
<entry level="1" type="number">

Toby Ord. <weblink xlink:type="simple" xlink:href="http://arxiv.org/abs/math/0209332">
<it>Hypercomputation: Computing more than the Turing machine can compute''</it></weblink>: A survey article on various forms of hypercomputation.</entry>
<entry level="1" type="number">

Apostolos Syropoulos (2008), <it>Hypercomputation: Computing Beyond the Church-Turing Barrier</it>, Springer. ISBN 9780387308869</entry>
<entry level="1" type="number">

 Burgin, M. S. (1983) Inductive Turing Machines, <it>Notices of the Academy of Sciences of the USSR</it>, v. 270, No. 6, pp. 1289-1293    </entry>
<entry level="1" type="number">

 Mark Burgin (2005), <it>Super-recursive algorithms</it>, Monographs in computer science, Springer. ISBN 0387955690</entry>
<entry level="1" type="number">

 Cockshott, P. and Michaelson, G. Are there new Models of Computation? Reply to Wegner and Eberbach, <it>The computer Journal</it>, 2007</entry>
<entry level="1" type="number">

 Copeland, J. (2002) Hypercomputation, <it> Minds and machines</it>, v. 12, pp. 461-502</entry>
<entry level="1" type="number">

 Martin Davis (2006), "<weblink xlink:type="simple" xlink:href="http://people.cs.uchicago.edu/~simon/TEACH/28000/DavisUniversal.pdf">
The Church–Turing Thesis: Consensus and opposition</weblink>". Proceedings, Computability in Europe 2006.  Lecture notes in computer science, 3988 pp. 125–132</entry>
<entry level="1" type="number">

 Hagar, A. and Korolev, A. (2007) Quantum Hypercomputation – Hype or Computation? http://philsci-archive.pitt.edu/archive/00003180/</entry>
<entry level="1" type="number">

 Rogers, H. (1987) Theory of Recursive Functions and Effective Computability, MIT Press, Cambridge Massachusetts</entry>
</list>
</p>

</sec>
<sec>
<st>
External links</st>
<p>

<list>
<entry level="1" type="bullet">

<weblink xlink:type="simple" xlink:href="http://www.hypercomputation.net/">
Hypercomputation Research Network</weblink></entry>
<entry level="1" type="bullet">

<weblink xlink:type="simple" xlink:href="http://arxiv.org/abs/math/0209332">
Toby Ord, <it>Hypercomputation: computing more than the Turing machine''</it></weblink></entry>
<entry level="1" type="bullet">

<weblink xlink:type="simple" xlink:href="http://www.amirrorclear.net/academic/papers/many-forms.pdf">
Toby Ord, <it>The many forms of hypercomputation''</it></weblink></entry>
<entry level="1" type="bullet">

<weblink xlink:type="simple" xlink:href="http://citeseer.ist.psu.edu/cotogno03hypercomputation.html">
Paolo Cotogno, <it>Hypercomputation and the Physical Church-Turing thesis''</it></weblink></entry>
</list>
</p>


</sec>
</bdy>
</article>
