<?xml version="1.0" encoding="UTF-8"?>
<!-- generated by CLiX/Wiki2XML [MPI-Inf, MMCI@UdS] $LastChangedRevision: 92 $ on 16.04.2009 15:29:34[mciao0828] -->
<!DOCTYPE article SYSTEM "../article.dtd">
<article xmlns:xlink="http://www.w3.org/1999/xlink">
<header>
<title>LMS</title>
<id>17573</id>
<revision>
<id>239219362</id>
<timestamp>2008-09-18T07:58:41Z</timestamp>
<contributor>
<username>Londo06</username>
<id>2700576</id>
</contributor>
</revision>
<categories>
<category>All disambiguation pages</category>
<category>Disambiguation pages</category>
</categories>
</header>
<bdy>

<b>LMS</b> is an <link xlink:type="simple" xlink:href="../571/1052571.xml">
initialism</link> with the following meanings:<p>

<list>
<entry level="1" type="bullet">

 <physical_entity wordnetid="100001930" confidence="0.8">
<person wordnetid="100007846" confidence="0.8">
<player wordnetid="110439851" confidence="0.8">
<contestant wordnetid="109613191" confidence="0.8">
<causal_agent wordnetid="100007347" confidence="0.8">
<link xlink:type="simple" xlink:href="../814/8354814.xml">
Louie McCarthy-Scarsbrook</link></causal_agent>
</contestant>
</player>
</person>
</physical_entity>
, a rugby league footballer for Harlequins Rugby League</entry>
<entry level="1" type="bullet">

 <link xlink:type="simple" xlink:href="../448/187448.xml">
London, Midland and Scottish Railway</link></entry>
<entry level="1" type="bullet">

 <station wordnetid="104306080" confidence="0.9508927676800064">
<link xlink:type="simple" xlink:href="../181/1300181.xml">
Leamington Spa railway station</link></station>
, <country wordnetid="108544813" confidence="0.9508927676800064">
<link xlink:type="simple" xlink:href="../316/9316.xml">
England</link></country>
; <company wordnetid="108058098" confidence="0.8">
<institution wordnetid="108053576" confidence="0.8">
<link xlink:type="simple" xlink:href="../923/21923.xml">
National Rail</link></institution>
</company>
 station code LMS</entry>
<entry level="1" type="bullet">

 <link xlink:type="simple" xlink:href="../311/2017311.xml">
Least mean squares filter</link>, an adaptive filter algorithm for digital signal processing.</entry>
<entry level="1" type="bullet">

 <link xlink:type="simple" xlink:href="../908/1729908.xml">
Learning Management System</link> (LMS) </entry>
<entry level="1" type="bullet">

 <link xlink:type="simple" xlink:href="../712/895712.xml">
Le Mans Series</link>, a European sports car racing series</entry>
<entry level="1" type="bullet">

 <link xlink:type="simple" xlink:href="../035/2218035.xml">
LMS color space</link></entry>
<entry level="1" type="bullet">

 <link xlink:type="simple" xlink:href="../468/3550468.xml">
Local Mitigation Strategy</link></entry>
<entry level="1" type="bullet">

 <body wordnetid="107965085" confidence="0.8">
<social_group wordnetid="107950920" confidence="0.8">
<society wordnetid="107966140" confidence="0.8">
<group wordnetid="100031264" confidence="0.8">
<administration wordnetid="108164585" confidence="0.8">
<link xlink:type="simple" xlink:href="../097/591097.xml">
London Mathematical Society</link></administration>
</group>
</society>
</social_group>
</body>
</entry>
<entry level="1" type="bullet">

 <body wordnetid="107965085" confidence="0.8">
<social_group wordnetid="107950920" confidence="0.8">
<society wordnetid="107966140" confidence="0.8">
<mission wordnetid="108403225" confidence="0.8">
<group wordnetid="100031264" confidence="0.8">
<nongovernmental_organization wordnetid="108009834" confidence="0.8">
<administration wordnetid="108164585" confidence="0.8">
<link xlink:type="simple" xlink:href="../386/2466386.xml">
London Missionary Society</link></administration>
</nongovernmental_organization>
</group>
</mission>
</society>
</social_group>
</body>
</entry>
<entry level="1" type="bullet">

 <link xlink:type="simple" xlink:href="../553/15625553.xml">
Location Message Service</link></entry>
</list>
</p>

<p>

<table style="background:none">
<row>
<col style="vertical-align:middle;">
<image width="30px" src="Disambig_gray.svg">
</image>
</col>
<col style="vertical-align:middle;">
<it>This  page lists articles associated with the same title. If an <weblink xlink:type="simple" xlink:href="http://localhost:18088/wiki/index.php?title=Special:Whatlinkshere/LMS&amp;namespace=0">
internal link</weblink>led you here, you may wish to change the link to point directly to the intended article.''</it></col>
</row>
</table>

</p>

</bdy>
</article>
