<?xml version="1.0" encoding="UTF-8"?>
<!-- generated by CLiX/Wiki2XML [MPI-Inf, MMCI@UdS] $LastChangedRevision: 92 $ on 16.04.2009 15:29:08[mciao0826] -->
<!DOCTYPE article SYSTEM "../article.dtd">
<article xmlns:xlink="http://www.w3.org/1999/xlink">
<entity  confidence="0.9511911446218017" wordnetid="100001740">
<header>
<title>Lamiales</title>
<id>17651</id>
<revision>
<id>230628331</id>
<timestamp>2008-08-08T15:27:47Z</timestamp>
<contributor>
<username>TaBOT-zerem</username>
<id>7359933</id>
</contributor>
</revision>
<categories>
<category>Lamiales</category>
</categories>
</header>
<bdy>

<table style="text-align:center; padding:2.5px; width:200px;" class="infobox biota">
<row style="text-align:center;">
<header style="background:#90EE90;">
Lamiales</header>
</row>
<row style="text-align:center;">
<col>
 <image width="240px" src="Galeopsis_speciosa_(Zellwald).jpg">
<caption>

<it><link xlink:type="simple" xlink:href="../048/17521048.xml">
Galeopsis speciosa</link>''</it>
</caption>
</image>
<it><link xlink:type="simple" xlink:href="../048/17521048.xml">
Galeopsis speciosa</link>''</it></col>
</row>
<row style="background:#90EE90;">
</row>
<row style="text-align:center;">
<header style="background:#90EE90;">
 <link xlink:type="simple" xlink:href="../581/53581.xml">
Scientific classification</link></header>
</row>
<row style="text-align:center;">
<col>
<table style="margin:0 auto; text-align:left; background:transparent;" cellpadding="2">
<row valign="top">
</row>
<row valign="top">
</row>
<row valign="top">
</row>
<row valign="top">
</row>
<row valign="top">
</row>
<row valign="top">
<col>
Kingdom:</col>
<col>
 <link xlink:type="simple" xlink:href="../208/23208.xml">
Plantae</link></col>
</row>
<row valign="top">
</row>
<row valign="top">
</row>
<row valign="top">
</row>
<row valign="top">
</row>
<row valign="top">
<col>
Division:</col>
<col>
 <link xlink:type="simple" xlink:href="../967/18967.xml">
Magnoliophyta</link></col>
</row>
<row valign="top">
</row>
<row valign="top">
</row>
<row valign="top">
</row>
<row valign="top">
</row>
<row valign="top">
</row>
<row valign="top">
</row>
<row valign="top">
</row>
<row valign="top">
</row>
<row valign="top">
</row>
<row valign="top">
<col>
Class:</col>
<col>
 <link xlink:type="simple" xlink:href="../111/67111.xml">
Magnoliopsida</link></col>
</row>
<row valign="top">
</row>
<row valign="top">
</row>
<row valign="top">
</row>
<row valign="top">
</row>
<row valign="top">
</row>
<row valign="top">
<col>
Order:</col>
<col>
 <b>Lamiales</b><link xlink:type="simple" xlink:href="../311/10523311.xml">
Bromhead</link></col>
</row>
<row valign="top">
</row>
<row valign="top">
</row>
<row valign="top">
</row>
<row valign="top">
</row>
<row valign="top">
</row>
<row valign="top">
</row>
<row valign="top">
</row>
<row valign="top">
</row>
<row valign="top">
</row>
<row valign="top">
</row>
<row valign="top">
</row>
<row valign="top">
</row>
<row valign="top">
</row>
<row valign="top">
</row>
<row valign="top">
</row>
<row valign="top">
</row>
<row valign="top">
</row>
<row valign="top">
</row>
<row valign="top">
</row>
<row valign="top">
</row>
<row valign="top">
</row>
<row valign="top">
</row>
<row valign="top">
</row>
<row valign="top">
</row>
<row valign="top">
</row>
<row valign="top">
</row>
</table>
</col>
</row>
<row style="background:#90EE90;">
</row>
<row style="background:#90EE90;">
</row>
<row style="background:#90EE90;">
</row>
<row style="background:#90EE90;">
</row>
<row style="background:#90EE90;">
</row>
<row style="text-align:center;">
</row>
<row style="text-align:center;">
</row>
<row style="text-align:center;">
</row>
<row style="text-align:center;">
</row>
<row style="text-align:center;">
</row>
<row style="text-align:center;">
</row>
<row style="text-align:center;">
</row>
<row style="text-align:center;">
</row>
<row style="text-align:center;">
</row>
<row style="text-align:center;">
</row>
<row style="background:#90EE90;">
<header>
Families</header>
</row>
<row>
<col style="padding:0 .5em; text-align:left;">
<list>
<entry level="1" type="bullet">

<link xlink:type="simple" xlink:href="../911/81911.xml">
Acanthaceae</link></entry>
<entry level="1" type="bullet">

<link xlink:type="simple" xlink:href="../987/247987.xml">
Bignoniaceae</link></entry>
<entry level="1" type="bullet">

<link xlink:type="simple" xlink:href="../519/1229519.xml">
Byblidaceae</link></entry>
<entry level="1" type="bullet">

<link xlink:type="simple" xlink:href="../456/3653456.xml">
Calceolariaceae</link></entry>
<entry level="1" type="bullet">

<link>
Carlemanniaceae</link></entry>
<entry level="1" type="bullet">

<link xlink:type="simple" xlink:href="../152/569152.xml">
Gesneriaceae</link></entry>
<entry level="1" type="bullet">

<link xlink:type="simple" xlink:href="../856/17856.xml">
Lamiaceae</link></entry>
<entry level="1" type="bullet">

<link xlink:type="simple" xlink:href="../194/871194.xml">
Lentibulariaceae</link></entry>
<entry level="1" type="bullet">

<link xlink:type="simple" xlink:href="../280/3993280.xml">
Martyniaceae</link></entry>
<entry level="1" type="bullet">

<link xlink:type="simple" xlink:href="../495/2383495.xml">
Myoporaceae</link></entry>
<entry level="1" type="bullet">

<link xlink:type="simple" xlink:href="../918/78918.xml">
Oleaceae</link></entry>
<entry level="1" type="bullet">

<link xlink:type="simple" xlink:href="../891/1590891.xml">
Orobanchaceae</link></entry>
<entry level="1" type="bullet">

<link xlink:type="simple" xlink:href="../819/1123819.xml">
Paulowniaceae</link></entry>
<entry level="1" type="bullet">

<link xlink:type="simple" xlink:href="../444/2061444.xml">
Pedaliacae</link></entry>
<entry level="1" type="bullet">

<link xlink:type="simple" xlink:href="../783/1601783.xml">
Phrymaceae</link></entry>
<entry level="1" type="bullet">

<link xlink:type="simple" xlink:href="../789/646789.xml">
Plantaginaceae</link></entry>
<entry level="1" type="bullet">

<link>
Plocospermataceae</link></entry>
<entry level="1" type="bullet">

<link xlink:type="simple" xlink:href="../447/15016447.xml">
Schlegeliaceae</link></entry>
<entry level="1" type="bullet">

<link xlink:type="simple" xlink:href="../910/81910.xml">
Scrophulariaceae</link></entry>
<entry level="1" type="bullet">

<link>
Stilbaceae</link></entry>
<entry level="1" type="bullet">

<link xlink:type="simple" xlink:href="../375/15016375.xml">
Tetrachondraceae</link></entry>
<entry level="1" type="bullet">

<link xlink:type="simple" xlink:href="../430/464430.xml">
Verbenaceae</link></entry>
</list>
</col>
</row>
</table>
<p>

The <link xlink:type="simple" xlink:href="../763/61763.xml">
order</link> <b>Lamiales</b> is a <link xlink:type="simple" xlink:href="../556/199556.xml">
taxon</link> in the <link xlink:type="simple" xlink:href="../210/1120210.xml">
asterid</link> group of <link xlink:type="simple" xlink:href="../149/54149.xml">
dicotyledonous</link> <link xlink:type="simple" xlink:href="../967/18967.xml">
flowering plants</link>. It includes approximately 11,000 <link xlink:type="simple" xlink:href="../023/28023.xml">
species</link> divided up into about 10 <link xlink:type="simple" xlink:href="../276/56276.xml">
families</link>. Well-known members of this order include the <link xlink:type="simple" xlink:href="../643/17643.xml">
lavender</link>, the <link xlink:type="simple" xlink:href="../098/76098.xml">
lilac</link>, the <link xlink:type="simple" xlink:href="../479/22479.xml">
olive</link>, the <link xlink:type="simple" xlink:href="../585/98585.xml">
jasmine</link>, the <link xlink:type="simple" xlink:href="../706/66706.xml">
ash tree</link>, the <link xlink:type="simple" xlink:href="../469/303469.xml">
teak</link>, the <link xlink:type="simple" xlink:href="../893/260893.xml">
snapdragon</link>, and a number of table herbs such as <link xlink:type="simple" xlink:href="../955/18955.xml">
mint</link>, <link xlink:type="simple" xlink:href="../865/346865.xml">
basil</link>, and <link xlink:type="simple" xlink:href="../484/25484.xml">
rosemary</link>.</p>

<sec>
<st>
Characteristics</st>
<p>

<link xlink:type="simple" xlink:href="../023/28023.xml">
Species</link> in this order typically have the following characteristics, although there are exceptions to all of them:</p>
<p>

<list>
<entry level="1" type="bullet">

 superior <link xlink:type="simple" xlink:href="../340/3449340.xml">
ovary</link> composed of two fused <link xlink:type="simple" xlink:href="../288/2394288.xml">
carpel</link>s</entry>
<entry level="1" type="bullet">

 five <link xlink:type="simple" xlink:href="../493/169493.xml">
petal</link>s fused into a tube</entry>
<entry level="1" type="bullet">

 bilaterally symmetrical, often bilabiate <link>
corolla</link>s</entry>
<entry level="1" type="bullet">

 four (or fewer) fertile <link xlink:type="simple" xlink:href="../031/193031.xml">
stamen</link>s</entry>
</list>
</p>

</sec>
<sec>
<st>
Taxonomic history</st>
<p>

Lamiales formerly had a restricted circumscription (e.g., by <scientist wordnetid="110560637" confidence="0.9508927676800064">
<link xlink:type="simple" xlink:href="../603/3063603.xml">
Arthur Cronquist</link></scientist>
) that included the major families <link xlink:type="simple" xlink:href="../856/17856.xml">
Lamiaceae</link> (Labiatae), <link xlink:type="simple" xlink:href="../430/464430.xml">
Verbenaceae</link>, and <link xlink:type="simple" xlink:href="../897/78897.xml">
Boraginaceae</link> plus a few smaller families.  Recent phylogenetic work has shown that Lamiales is <link xlink:type="simple" xlink:href="../091/310091.xml">
polyphyletic</link> with respect to order <link xlink:type="simple" xlink:href="../651/17651.xml">
Scrophulariales</link> and the two groups are now usually combined in a single order that also includes the former orders <link>
Hippuridales</link> and <link xlink:type="simple" xlink:href="../789/646789.xml">
Plantaginales</link>. Lamiales has become the preferred name for this much larger combined group.  The placement of <link xlink:type="simple" xlink:href="../897/78897.xml">
Boraginaceae</link> is unclear but phylogenetic work shows that this family does not belong in Lamiales.</p>
<p>

Also, the circumscription of family <link xlink:type="simple" xlink:href="../910/81910.xml">
Scrophulariaceae</link>, formerly a paraphyletic group defined primarily by <link xlink:type="simple" xlink:href="../376/5376.xml">
plesiomorphic</link> characters and from within which numerous other families of the Lamiales were derived, has been radically altered to create a number of smaller, better-defined and putatively monophyletic families.</p>

</sec>
<sec>
<st>
 External links </st>
<p>

<image location="left" width="50px" src="Wikispecies-logo.svg">
</image>

<web_site wordnetid="106359193" confidence="0.9508927676800064">
<link xlink:type="simple" xlink:href="../826/998826.xml">
Wikispecies</link></web_site>
 has information related to:
</p>


<p>

<list>
<entry level="1" type="bullet">

 <weblink xlink:type="simple" xlink:href="http://www.mobot.org/MOBOT/research/APweb/orders/lamialesweb.htm#Lamiales">
Lamiales</weblink></entry>
<entry level="1" type="bullet">

 <weblink xlink:type="simple" xlink:href="http://depts.washington.edu/phylo/OlmsteadPubs/Asteridae.1993.Annals.pdf">
A parsimony analysis of the Asteridae sensu lato based on rbcL sequences</weblink></entry>
<entry level="1" type="bullet">

 <weblink xlink:type="simple" xlink:href="http://www.amjbot.org/cgi/content/abstract/88/2/348">
Distintegration of the Scrophulariaceae</weblink> (deals with relationships throughout Lamiales)</entry>
<entry level="1" type="bullet">

 http://www.itis.usda.gov of 2002-05-31 TSN: 500018</entry>
<entry level="1" type="bullet">

 <weblink xlink:type="simple" xlink:href="http://delta-intkey.com/angio/">
L. Watson and M.J. Dallwitz (1992 onwards). The families of flowering plants: descriptions, illustrations, identification, information retrieval.</weblink> http://delta-intkey.com</entry>
<entry level="1" type="bullet">

 http://www.biologie.uni-hamburg.de/b-online/vascular/acanth.htm 2002-09-06</entry>
<entry level="1" type="bullet">

 http://www.biologie.uni-hamburg.de/b-online/d52/52e.htm 2002-09-06</entry>
<entry level="1" type="bullet">

 http://www.biologie.uni-hamburg.de/b-online/d52/52efam.htm 2002-09-06</entry>
<entry level="1" type="bullet">

 http://www.science.siu.edu/parasitic-plants/Relation-Scroph.html</entry>
<entry level="1" type="bullet">

 http://www.rbgkew.org.uk/web.dbs/genlist.html 2002-09-06</entry>
</list>
</p>


</sec>
</bdy>
</entity>
</article>
