<?xml version="1.0" encoding="UTF-8"?>
<!-- generated by CLiX/Wiki2XML [MPI-Inf, MMCI@UdS] $LastChangedRevision: 92 $ on 16.04.2009 16:24:46[mciao0825] -->
<!DOCTYPE article SYSTEM "../article.dtd">
<article xmlns:xlink="http://www.w3.org/1999/xlink">
<event  confidence="0.8" wordnetid="100029378">
<rule  confidence="0.8" wordnetid="105846932">
<act  confidence="0.8" wordnetid="100030358">
<psychological_feature  confidence="0.8" wordnetid="100023100">
<procedure  confidence="0.8" wordnetid="101023820">
<activity  confidence="0.8" wordnetid="100407535">
<algorithm  confidence="0.8" wordnetid="105847438">
<header>
<title>Computational geometry</title>
<id>176927</id>
<revision>
<id>238828204</id>
<timestamp>2008-09-16T16:03:25Z</timestamp>
<contributor>
<username>HRV</username>
<id>7829869</id>
</contributor>
</revision>
<categories>
<category>Computational science</category>
<category>Incomplete lists</category>
<category>Geometric algorithms</category>
</categories>
</header>
<bdy>

<b>Computational geometry</b> is a branch of <link xlink:type="simple" xlink:href="../323/5323.xml">
computer science</link> devoted to the study of algorithms which can be stated in terms of <link xlink:type="simple" xlink:href="../446/18973446.xml">
geometry</link>. Some purely geometrical problems arise out of the study of computational geometric algorithms, and such problems are also considered to be part of computational geometry.<p>

The main impetus for the development of computational geometry as a discipline was progress in <link xlink:type="simple" xlink:href="../210/18567210.xml">
computer graphics</link>, computer-aided design and manufacturing (<link xlink:type="simple" xlink:href="../315/37315.xml">
CAD</link>/<link xlink:type="simple" xlink:href="../795/5821795.xml">
CAM</link>), but many problems in computational geometry are classical in nature.</p>
<p>

Other important applications of computational geometry include <link xlink:type="simple" xlink:href="../673/46673.xml">
robotics</link> (motion planning and visibility problems), <link xlink:type="simple" xlink:href="../398/12398.xml">
geographic information system</link>s (GIS) (geometrical location and search, route planning), <link xlink:type="simple" xlink:href="../150/15150.xml">
integrated circuit</link> design (IC geometry design and verification), computer-aided engineering (CAE) (programming of numerically controlled (NC) machines).</p>
<p>

The main branches of computational geometry are:</p>
<p>

<list>
<entry level="1" type="bullet">

<it>Combinatorial computational geometry</it>, also called <it>algorithmic geometry</it>, which deals with geometric objects as <link xlink:type="simple" xlink:href="../492/8492.xml">
discrete</link> entities. A groundlaying book in the subject by Preparata and Shamos dates the first use of the term "computational geometry" in this sense by 1975<ref xlink:type="simple" xlink:href="#xpointer(//reflist/entry[@id=%221%22])">1</ref></entry>
<entry level="1" type="bullet">

 <it>Numerical computational geometry</it>, also called <it>machine geometry</it>, <it>computer-aided geometric design</it> (CAGD), or <it>geometric modeling</it>, which deals primarily with representing real-world objects in forms suitable for computer computations in <link xlink:type="simple" xlink:href="../315/37315.xml">
CAD</link> /<link xlink:type="simple" xlink:href="../289/162289.xml">
CAM</link> systems.  This branch may be seen as a further development of <link xlink:type="simple" xlink:href="../891/484891.xml">
descriptive geometry</link> and is often considered a branch of <link xlink:type="simple" xlink:href="../210/18567210.xml">
computer graphics</link> or CAD. The term "computational geometry" in this meaning has been in use since 1971.<ref xlink:type="simple" xlink:href="#xpointer(//reflist/entry[@id=%222%22])">2</ref></entry>
</list>
</p>

<sec>
<st>
 Combinatorial computational geometry </st>

<p>

The primary goal of research in combinatorial computational geometry is to develop efficient <link xlink:type="simple" xlink:href="../775/775.xml">
algorithm</link>s and <link xlink:type="simple" xlink:href="../519/8519.xml">
data structure</link>s for solving problems stated in terms of basic geometrical objects: points, line segments, <link xlink:type="simple" xlink:href="../621/23621.xml">
polygon</link>s, <link xlink:type="simple" xlink:href="../470/23470.xml">
polyhedra</link>, etc. </p>
<p>

Some of these problems seem so simple that they were not regarded as problems at all until the advent of <link xlink:type="simple" xlink:href="../457/7878457.xml">
computer</link>s. Consider, for example, the <it><link xlink:type="simple" xlink:href="../111/9311111.xml">
Closest pair problem</link></it>:</p>
<p>

<list>
<entry level="1" type="bullet">

 Given <it>n</it> points in the plane, find the two with the smallest distance from each other.</entry>
</list>
</p>
<p>

One could compute the distances between all the pairs of points, of which there are <it>n(n-1)/2</it>, then pick the pair with the smallest distance. This <link xlink:type="simple" xlink:href="../127/103127.xml">
brute-force</link> algorithm takes <link xlink:type="simple" xlink:href="../578/44578.xml">
O</link>(<it>n</it>2) time; i.e. its execution time is proportional to the square of the number of points. A classic result in computational geometry was the formulation of an algorithm that takes O(<it>n</it> log <it>n</it>). <link xlink:type="simple" xlink:href="../383/495383.xml">
Randomized algorithm</link>s that take O(<it>n</it>) expected time, as well as a deterministic algorithm that takes O(<it>n</it> log log <it>n</it>) time, have also been discovered.</p>
<p>

Computational geometry focuses heavily on <link xlink:type="simple" xlink:href="../543/7543.xml">
computational complexity</link> since the algorithms are meant to be used on very large datasets containing tens and hundreds of million points.  For large data sets, the difference between O(<it>n</it>2) and O(<it>n</it> log <it>n</it>) can be the difference between days and seconds of computation.</p>

<ss1>
<st>
 Problem classes </st>

<p>

The core problems in computational geometry may be classified in different ways, according to various criteria. The following general classes may be distinguished.</p>

<ss2>
<st>
Static problems</st>
<p>

In the problems of this category, some input is given and the corresponding output needs to be constructed or found. Some fundamental problems of this type are:</p>
<p>

<list>
<entry level="1" type="bullet">

 <mathematical_relation wordnetid="113783581" confidence="0.8">
<chart wordnetid="106999802" confidence="0.8">
<visual_communication wordnetid="106873252" confidence="0.8">
<operator wordnetid="113786413" confidence="0.8">
<function wordnetid="113783816" confidence="0.8">
<link xlink:type="simple" xlink:href="../634/40634.xml">
Convex hull</link></function>
</operator>
</visual_communication>
</chart>
</mathematical_relation>
: Given a set of points, find the smallest convex polyhedron/polygon containing all the points.</entry>
<entry level="1" type="bullet">

 <event wordnetid="100029378" confidence="0.8">
<rule wordnetid="105846932" confidence="0.8">
<act wordnetid="100030358" confidence="0.8">
<psychological_feature wordnetid="100023100" confidence="0.8">
<procedure wordnetid="101023820" confidence="0.8">
<activity wordnetid="100407535" confidence="0.8">
<algorithm wordnetid="105847438" confidence="0.8">
<link xlink:type="simple" xlink:href="../098/3194098.xml">
Line segment intersection</link></algorithm>
</activity>
</procedure>
</psychological_feature>
</act>
</rule>
</event>
: Find the intersections between a given set of line segments.</entry>
<entry level="1" type="bullet">

 <event wordnetid="100029378" confidence="0.8">
<rule wordnetid="105846932" confidence="0.8">
<act wordnetid="100030358" confidence="0.8">
<psychological_feature wordnetid="100023100" confidence="0.8">
<procedure wordnetid="101023820" confidence="0.8">
<activity wordnetid="100407535" confidence="0.8">
<algorithm wordnetid="105847438" confidence="0.8">
<link xlink:type="simple" xlink:href="../864/8864.xml">
Delaunay triangulation</link></algorithm>
</activity>
</procedure>
</psychological_feature>
</act>
</rule>
</event>
</entry>
<entry level="1" type="bullet">

 <event wordnetid="100029378" confidence="0.8">
<rule wordnetid="105846932" confidence="0.8">
<act wordnetid="100030358" confidence="0.8">
<psychological_feature wordnetid="100023100" confidence="0.8">
<procedure wordnetid="101023820" confidence="0.8">
<activity wordnetid="100407535" confidence="0.8">
<algorithm wordnetid="105847438" confidence="0.8">
<link xlink:type="simple" xlink:href="../668/177668.xml">
Voronoi diagram</link></algorithm>
</activity>
</procedure>
</psychological_feature>
</act>
</rule>
</event>
: Given a set of points, partition the space according to which point is closest.</entry>
<entry level="1" type="bullet">

 <link xlink:type="simple" xlink:href="../730/43730.xml">
Linear programming</link></entry>
<entry level="1" type="bullet">

 <link xlink:type="simple" xlink:href="../111/9311111.xml">
Closest pair of points</link>: Given a set of points, find the two with the smallest distance from each other.</entry>
<entry level="1" type="bullet">

 <event wordnetid="100029378" confidence="0.8">
<rule wordnetid="105846932" confidence="0.8">
<act wordnetid="100030358" confidence="0.8">
<psychological_feature wordnetid="100023100" confidence="0.8">
<procedure wordnetid="101023820" confidence="0.8">
<activity wordnetid="100407535" confidence="0.8">
<algorithm wordnetid="105847438" confidence="0.8">
<link xlink:type="simple" xlink:href="../022/10976022.xml">
Euclidean shortest path</link></algorithm>
</activity>
</procedure>
</psychological_feature>
</act>
</rule>
</event>
: Connect two points in a Euclidean space (with polyhedral obstacles) by a shortest path.</entry>
<entry level="1" type="bullet">

 <event wordnetid="100029378" confidence="0.8">
<rule wordnetid="105846932" confidence="0.8">
<act wordnetid="100030358" confidence="0.8">
<psychological_feature wordnetid="100023100" confidence="0.8">
<procedure wordnetid="101023820" confidence="0.8">
<activity wordnetid="100407535" confidence="0.8">
<algorithm wordnetid="105847438" confidence="0.8">
<link xlink:type="simple" xlink:href="../384/679384.xml">
Polygon triangulation</link></algorithm>
</activity>
</procedure>
</psychological_feature>
</act>
</rule>
</event>
: Given a polygon, partition its interior into triangles </entry>
</list>
</p>
<p>

The computational complexity for this class of problems is estimated by the time and space (computer memory) required to solve a given problem instance.</p>

</ss2>
<ss2>
<st>
Geometric query problems</st>

<p>

In geometric query problems, commonly known as <link>
geometric search problems</link>, the input consists of two parts: the <link xlink:type="simple" xlink:href="../707/389707.xml">
search space</link> part and the <link xlink:type="simple" xlink:href="../390/679390.xml">
query</link> part, which varies over the problem instances. The search space typically needs to be <link xlink:type="simple" xlink:href="../971/81971.xml">
preprocessed</link>, in a way that multiple queries can be answered efficiently. </p>
<p>

Some fundamental geometric query problems are:</p>
<p>

<list>
<entry level="1" type="bullet">

 <event wordnetid="100029378" confidence="0.8">
<rule wordnetid="105846932" confidence="0.8">
<act wordnetid="100030358" confidence="0.8">
<psychological_feature wordnetid="100023100" confidence="0.8">
<procedure wordnetid="101023820" confidence="0.8">
<activity wordnetid="100407535" confidence="0.8">
<algorithm wordnetid="105847438" confidence="0.8">
<link xlink:type="simple" xlink:href="../818/9334818.xml">
Range searching</link></algorithm>
</activity>
</procedure>
</psychological_feature>
</act>
</rule>
</event>
: Preprocess a set of points, in order to efficiently count the number of points inside a query region.</entry>
<entry level="1" type="bullet">

 <event wordnetid="100029378" confidence="0.8">
<rule wordnetid="105846932" confidence="0.8">
<act wordnetid="100030358" confidence="0.8">
<psychological_feature wordnetid="100023100" confidence="0.8">
<procedure wordnetid="101023820" confidence="0.8">
<activity wordnetid="100407535" confidence="0.8">
<algorithm wordnetid="105847438" confidence="0.8">
<link xlink:type="simple" xlink:href="../494/504494.xml">
Point location</link></algorithm>
</activity>
</procedure>
</psychological_feature>
</act>
</rule>
</event>
: Given a partitioning of the space into cells, produce a data structure that efficiently tells in which cell a query point is located.</entry>
<entry level="1" type="bullet">

 <link xlink:type="simple" xlink:href="../022/7309022.xml">
Nearest neighbor</link>: Preprocess a set of points, in order to efficiently find which point is closest to a query point.</entry>
<entry level="1" type="bullet">

 <link xlink:type="simple" xlink:href="../193/17884193.xml">
Ray tracing</link>: Given a set of objects in space, produce a data structure that efficiently tells which object a query ray intersects first.</entry>
</list>
</p>
<p>

If the search space is fixed, the computational complexity for this class of problems is usually estimated by: 
<list>
<entry level="1" type="bullet">

the time and space required to construct the data structure to be searched in</entry>
<entry level="1" type="bullet">

the time (and sometimes an extra space) to answer queries.</entry>
</list>
</p>
<p>

For the case when the search space is allowed to vary, see "<link xlink:type="simple" xlink:href="#xpointer(//*[./st=%22Dynamic+problems%22])">
Dynamic problems</link>".</p>

</ss2>
<ss2>
<st>
Dynamic problems</st>

<p>

A yet another major class are the <link xlink:type="simple" xlink:href="../644/9314644.xml">
dynamic problem</link>s, in which the goal is to find an efficient algorithm for finding a solution repeatedly after each incremental modification of the input data (addition or deletion input geometric elements). Algorithms  for problems of this type typically involve <link xlink:type="simple" xlink:href="../207/3641207.xml">
dynamic data structures</link>. Any of the computational geometric problems may be converted into a dynamic one. For example, the <link xlink:type="simple" xlink:href="../818/9334818.xml">
range searching</link> problem may be converted into the <link>
dynamic range searching</link> problem by providing for addition and/or deletion of the points. The <link xlink:type="simple" xlink:href="../042/11543042.xml">
dynamic convex hull</link> problem is to keep track of the convex hull, e.g., for the dynamically changing  set of points, i.e., while the input points are inserted or deleted. </p>
<p>

The computational complexity for this class of problems is estimated by: 
<list>
<entry level="1" type="bullet">

the time and space required to construct the data structure to be searched in</entry>
<entry level="1" type="bullet">

the time and space to modify the searched data structure after an incremental change in the search space</entry>
<entry level="1" type="bullet">

the time (and sometimes an extra space) to answer a query.</entry>
</list>
</p>

</ss2>
<ss2>
<st>
Variations</st>

<p>

Some problems may be treated as belonging to either of the categories, depending on the context. For example, consider the following problem.
<list>
<entry level="1" type="bullet">

 <event wordnetid="100029378" confidence="0.8">
<rule wordnetid="105846932" confidence="0.8">
<act wordnetid="100030358" confidence="0.8">
<psychological_feature wordnetid="100023100" confidence="0.8">
<procedure wordnetid="101023820" confidence="0.8">
<activity wordnetid="100407535" confidence="0.8">
<algorithm wordnetid="105847438" confidence="0.8">
<link xlink:type="simple" xlink:href="../484/504484.xml">
Point in polygon</link></algorithm>
</activity>
</procedure>
</psychological_feature>
</act>
</rule>
</event>
: Decide whether a point is inside or outside a given polygon.</entry>
</list>
</p>
<p>

In many applications this problem is treated as a single-shot one, i.e., belonging to the first class. For example, in many applications of <link xlink:type="simple" xlink:href="../210/18567210.xml">
computer graphics</link> a common problem is to find which area on the screen is clicked by a <link xlink:type="simple" xlink:href="../830/2104830.xml">
mouse cursor</link>. However in some applications the polygon in question is invariant, while the point represents a query. For example, the input polygon may represent a border of a country and a point is a position of an aircraft, and the problem is to determine whether the aircraft violated the border. Finally, in the previously mentioned example of computer graphics, in <link xlink:type="simple" xlink:href="../315/37315.xml">
CAD</link> applications the changing input data are often stored in dynamic data structures, which may be exploited to speed-up the point-in-polygon queries.</p>
<p>

In some contexts of query problems there are reasonable expectations on the sequence of the queries, which may be exploited either for efficient data structures or for tighter computational complexity estimates. For example, in some cases it is important to know the worst case for the total time for the whole sequence of N queries, rather than for a single query. See also "<link xlink:type="simple" xlink:href="../683/236683.xml">
amortized analysis</link>".</p>

</ss2>
</ss1>
</sec>
<sec>
<st>
 Numerical computational geometry </st>

<p>

This branch is also known as <b><link xlink:type="simple" xlink:href="../632/511632.xml">
geometric modelling</link></b>, <b>computer-aided geometric design</b> (CAGD), and may be often found under the keyword <b>curves and surfaces</b>.</p>
<p>

Core problems are curve and surface modelling and representation.</p>
<p>

The most important instruments here are <link xlink:type="simple" xlink:href="../403/493403.xml">
parametric curve</link>s and <link xlink:type="simple" xlink:href="../953/3400953.xml">
parametric surface</link>s, such as <link>
Bezier curve</link>s, <link xlink:type="simple" xlink:href="../680/457680.xml">
spline</link> curves and surfaces. An important non-parametric approach is the <link xlink:type="simple" xlink:href="../063/1203063.xml">
level set method</link>.</p>
<p>

First (and still most important) application areas are shipbuilding, aircraft, and automotive industries. However because of modern ubiquity and power of computers even perfume bottles and shampoo dispensers are designed using techniques unheard of by shipbuilders of 1960s.</p>

</sec>
<sec>
<st>
 Further reading </st>
<p>

<list>
<entry level="1" type="bullet">

<link xlink:type="simple" xlink:href="../085/8701085.xml">
List of books in computational geometry</link></entry>
</list>
</p>

<ss1>
<st>
Journals</st>

<ss2>
<st>
Combinatorial/algorithmic computational geometry</st>
<p>

Below is the list of the major journals that have been publishing research in geometric algorithms. Please notice with the appearance of journals specifically dedicated to computational geometry, the share of geometric publications in general-purpose computer science and computer graphics journals decreased.
<list>
<entry level="1" type="bullet">

<it><link>
ACM Computing Surveys</link>''</it></entry>
<entry level="1" type="bullet">

<it><work wordnetid="104599396" confidence="0.8">
<product wordnetid="104007894" confidence="0.8">
<creation wordnetid="103129123" confidence="0.8">
<artifact wordnetid="100021939" confidence="0.8">
<periodical wordnetid="106593296" confidence="0.8">
<publication wordnetid="106589574" confidence="0.8">
<link xlink:type="simple" xlink:href="../503/4043503.xml">
ACM Transactions on Graphics</link></publication>
</periodical>
</artifact>
</creation>
</product>
</work>
''</it></entry>
<entry level="1" type="bullet">

<it><link>
Acta Informatica</link>''</it></entry>
<entry level="1" type="bullet">

<it><link>
Advances in Geometry</link>''</it></entry>
<entry level="1" type="bullet">

<it><link>
Algorithmica</link>''</it></entry>
<entry level="1" type="bullet">

<it><link xlink:type="simple" xlink:href="../724/3858724.xml">
Ars Combinatoria</link>''</it></entry>
<entry level="1" type="bullet">

<it>''</it></entry>
<entry level="1" type="bullet">

<it><work wordnetid="104599396" confidence="0.8">
<product wordnetid="104007894" confidence="0.8">
<creation wordnetid="103129123" confidence="0.8">
<artifact wordnetid="100021939" confidence="0.8">
<periodical wordnetid="106593296" confidence="0.8">
<publication wordnetid="106589574" confidence="0.8">
<link xlink:type="simple" xlink:href="../161/291161.xml">
Communications of the ACM</link></publication>
</periodical>
</artifact>
</creation>
</product>
</work>
''</it></entry>
<entry level="1" type="bullet">

<it><weblink xlink:type="simple" xlink:href="http://www.elsevier.com/wps/find/journaldescription.cws_home/505604/description#description">
Computer Aided Geometric Design</weblink>''</it></entry>
<entry level="1" type="bullet">

<it><link>
Computer Graphics and Applications</link>''</it></entry>
<entry level="1" type="bullet">

<it><link>
Computer Graphics World</link>''</it></entry>
<entry level="1" type="bullet">

<it><link>
Discrete &amp; Computational Geometry</link>''</it></entry>
<entry level="1" type="bullet">

<it><work wordnetid="104599396" confidence="0.8">
<product wordnetid="104007894" confidence="0.8">
<creation wordnetid="103129123" confidence="0.8">
<artifact wordnetid="100021939" confidence="0.8">
<periodical wordnetid="106593296" confidence="0.8">
<publication wordnetid="106589574" confidence="0.8">
<link xlink:type="simple" xlink:href="../994/400994.xml">
Geombinatorics</link></publication>
</periodical>
</artifact>
</creation>
</product>
</work>
''</it></entry>
<entry level="1" type="bullet">

<it><link>
Geometriae Dedicata</link>''</it></entry>
<entry level="1" type="bullet">

<it><link>
IEEE Transactions on Graphics</link>''</it></entry>
<entry level="1" type="bullet">

<it><work wordnetid="104599396" confidence="0.8">
<product wordnetid="104007894" confidence="0.8">
<creation wordnetid="103129123" confidence="0.8">
<artifact wordnetid="100021939" confidence="0.8">
<periodical wordnetid="106593296" confidence="0.8">
<publication wordnetid="106589574" confidence="0.8">
<link xlink:type="simple" xlink:href="../121/12953121.xml">
IEEE Transactions on Computers</link></publication>
</periodical>
</artifact>
</creation>
</product>
</work>
''</it></entry>
<entry level="1" type="bullet">

<it><link xlink:type="simple" xlink:href="../325/12953325.xml">
IEEE Transactions on Pattern Analysis and Machine Intelligence</link>''</it></entry>
<entry level="1" type="bullet">

<it><link>
Information Processing Letters</link>''</it></entry>
<entry level="1" type="bullet">

<it><link>
International Journal of Computational Geometry and Applications</link>''</it></entry>
<entry level="1" type="bullet">

<it><work wordnetid="104599396" confidence="0.8">
<product wordnetid="104007894" confidence="0.8">
<creation wordnetid="103129123" confidence="0.8">
<artifact wordnetid="100021939" confidence="0.8">
<periodical wordnetid="106593296" confidence="0.8">
<publication wordnetid="106589574" confidence="0.8">
<link xlink:type="simple" xlink:href="../960/15094960.xml">
Journal of Combinatorial Theory</link></publication>
</periodical>
</artifact>
</creation>
</product>
</work>
, series B''</it></entry>
<entry level="1" type="bullet">

<it><magazine wordnetid="106595351" confidence="0.9508927676800064">
<link xlink:type="simple" xlink:href="../845/2321845.xml">
Journal of the ACM</link></magazine>
''</it></entry>
<entry level="1" type="bullet">

<it><link>
Journal of Algorithms</link>''</it></entry>
<entry level="1" type="bullet">

<it><link>
Journal of Computer and System Sciences</link></it></entry>
<entry level="1" type="bullet">

<it><link>
Management Science</link></it> </entry>
<entry level="1" type="bullet">

<it><link>
Pattern Recognition</link>''</it></entry>
<entry level="1" type="bullet">

<it><link>
Pattern Recognition Letters</link>''</it></entry>
<entry level="1" type="bullet">

<it><work wordnetid="104599396" confidence="0.8">
<product wordnetid="104007894" confidence="0.8">
<creation wordnetid="103129123" confidence="0.8">
<artifact wordnetid="100021939" confidence="0.8">
<periodical wordnetid="106593296" confidence="0.8">
<publication wordnetid="106589574" confidence="0.8">
<link xlink:type="simple" xlink:href="../724/1230724.xml">
SIAM Journal on Computing</link></publication>
</periodical>
</artifact>
</creation>
</product>
</work>
''</it></entry>
<entry level="1" type="bullet">

<it><link xlink:type="simple" xlink:href="../782/4356782.xml">
SIGACT News</link></it>; featured the "Computational Geometry Column" by <link xlink:type="simple" xlink:href="../439/18703439.xml">
Joseph O'Rourke</link></entry>
<entry level="1" type="bullet">

<it><link xlink:type="simple" xlink:href="../983/2817983.xml">
Theoretical Computer Science</link>''</it></entry>
<entry level="1" type="bullet">

<it><link>
The Visual Computer</link>''</it></entry>
</list>
</p>

</ss2>
<ss2>
<st>
Geometric modeling/CAGD</st>
<p>

<it>This list is ; you can help by <weblink xlink:type="simple" xlink:href="http://localhost:18088/wiki/index.php?title=Computational_geometry&amp;action=edit">
expanding it</weblink></it>.
<list>
<entry level="1" type="bullet">

<it><link xlink:type="simple" xlink:href="../618/19284618.xml">
Computer-aided geometric design</link>''</it></entry>
<entry level="1" type="bullet">

<it><link xlink:type="simple" xlink:href="../315/37315.xml">
Computer-Aided Design</link>''</it></entry>
</list>
</p>

</ss2>
</ss1>
</sec>
<sec>
<st>
 See also </st>
<p>

<list>
<entry level="1" type="bullet">

 <link xlink:type="simple" xlink:href="../840/2920840.xml">
List of combinatorial computational geometry topics</link></entry>
<entry level="1" type="bullet">

 <link xlink:type="simple" xlink:href="../916/2920916.xml">
List of numerical computational geometry topics</link></entry>
<entry level="1" type="bullet">

 <link xlink:type="simple" xlink:href="../315/37315.xml">
CAD</link>/<link xlink:type="simple" xlink:href="../289/162289.xml">
CAM</link>/<link xlink:type="simple" xlink:href="../729/456729.xml">
CAE</link></entry>
<entry level="1" type="bullet">

 <link xlink:type="simple" xlink:href="../673/46673.xml">
Robotics</link></entry>
<entry level="1" type="bullet">

 <link xlink:type="simple" xlink:href="../579/457579.xml">
Solid modeling</link></entry>
<entry level="1" type="bullet">

 <link xlink:type="simple" xlink:href="../833/1248833.xml">
Computational topology</link></entry>
<entry level="1" type="bullet">

 <link xlink:type="simple" xlink:href="../413/386413.xml">
Digital geometry</link></entry>
<entry level="1" type="bullet">

 <link xlink:type="simple" xlink:href="../618/19284618.xml">
Computer-aided geometric design</link></entry>
<entry level="1" type="bullet">

 <software wordnetid="106566077" confidence="0.9508927676800064">
<link xlink:type="simple" xlink:href="../183/11587183.xml">
Computational Geometry Algorithms Library (CGAL)</link></software>
</entry>
<entry level="1" type="bullet">

 <event wordnetid="100029378" confidence="0.8">
<rule wordnetid="105846932" confidence="0.8">
<act wordnetid="100030358" confidence="0.8">
<psychological_feature wordnetid="100023100" confidence="0.8">
<procedure wordnetid="101023820" confidence="0.8">
<activity wordnetid="100407535" confidence="0.8">
<algorithm wordnetid="105847438" confidence="0.8">
<link xlink:type="simple" xlink:href="../608/1676608.xml">
Space partitioning</link></algorithm>
</activity>
</procedure>
</psychological_feature>
</act>
</rule>
</event>
</entry>
<entry level="1" type="bullet">

 </entry>
</list>
</p>

</sec>
<sec>
<st>
References</st>
<p>

<reflist>
<entry id="1">
 <cite style="font-style:normal" class="book"><physical_entity wordnetid="100001930" confidence="0.8">
<peer wordnetid="109626238" confidence="0.8">
<person wordnetid="100007846" confidence="0.8">
<colleague wordnetid="109935990" confidence="0.8">
<causal_agent wordnetid="100007347" confidence="0.8">
<scientist wordnetid="110560637" confidence="0.8">
<research_worker wordnetid="110523076" confidence="0.8">
<associate wordnetid="109816771" confidence="0.8">
<link xlink:type="simple" xlink:href="../906/9597906.xml">
Franco P. Preparata</link></associate>
</research_worker>
</scientist>
</causal_agent>
</colleague>
</person>
</peer>
</physical_entity>
 and <link>
Michael Ian Shamos</link>&#32;(1985). Computational Geometry - An Introduction.&#32;<link xlink:type="simple" xlink:href="../949/1418949.xml">
Springer-Verlag</link>. 1st edition: ISBN 0-387-96131-3; 2nd printing, corrected and expanded, 1988: ISBN 3-540-96131-3.</cite>&nbsp;</entry>
<entry id="2">
A.R. Forrest, "Computational geometry", <it>Proc. Royal Society London</it>, 321, series 4, 187-195 (1971)</entry>
</reflist>
</p>

</sec>
<sec>
<st>
 External links </st>
<p>

<list>
<entry level="1" type="bullet">

<weblink xlink:type="simple" xlink:href="http://www.computational-geometry.org/">
Computational Geometry</weblink></entry>
<entry level="1" type="bullet">

<weblink xlink:type="simple" xlink:href="http://compgeom.cs.uiuc.edu/~jeffe/compgeom/">
Computational Geometry Pages</weblink></entry>
<entry level="1" type="bullet">

<weblink xlink:type="simple" xlink:href="http://www.ics.uci.edu/~eppstein/geom.html">
Geometry In Action</weblink></entry>
<entry level="1" type="bullet">

<weblink xlink:type="simple" xlink:href="http://www.cs.brown.edu/people/rt/sdcr/report/report.html">
"Strategic Directions in Computational Geometry &mdash; Working Group Report" (1996)</weblink></entry>
</list>
</p>


</sec>
</bdy>
</algorithm>
</activity>
</procedure>
</psychological_feature>
</act>
</rule>
</event>
</article>
