<?xml version="1.0" encoding="UTF-8"?>
<!-- generated by CLiX/Wiki2XML [MPI-Inf, MMCI@UdS] $LastChangedRevision: 92 $ on 16.04.2009 16:25:34[mciao0828] -->
<!DOCTYPE article SYSTEM "../article.dtd">
<article xmlns:xlink="http://www.w3.org/1999/xlink">
<food  confidence="0.9511911446218017" wordnetid="100021265">
<header>
<title>Sauerkraut</title>
<id>178951</id>
<revision>
<id>244323884</id>
<timestamp>2008-10-10T07:17:22Z</timestamp>
<contributor>
<username>Closedmouth</username>
<id>372693</id>
</contributor>
</revision>
<categories>
<category>Fermented foods</category>
<category>German cuisine</category>
<category>French cuisine</category>
<category>Swiss cuisine</category>
<category>German loanwords</category>
<category>Wikipedia articles needing clarification</category>
<category>Articles including recorded pronunciations</category>
<category>Brassica</category>
<category>Slavic cuisine</category>
<category>Pickles</category>
<category>Montenegrin cuisine</category>
</categories>
</header>
<bdy>

<image location="right" width="150px" src="Sauerkraut.jpg" type="thumb">
<caption>

Sauerkraut and sausage served on a plate
</caption>
</image>

<image location="right" width="150px" src="Eisbein-2.jpg" type="thumb">
<caption>

Pickled <dish wordnetid="103206908" confidence="0.8">
<crockery wordnetid="103133538" confidence="0.8">
<artifact wordnetid="100021939" confidence="0.8">
<instrumentality wordnetid="103575240" confidence="0.8">
<article wordnetid="100022903" confidence="0.8">
<ware wordnetid="104550840" confidence="0.8">
<container wordnetid="103094503" confidence="0.8">
<tableware wordnetid="104381994" confidence="0.8">
<link xlink:type="simple" xlink:href="../609/2297609.xml">
Eisbein</link></tableware>
</container>
</ware>
</article>
</instrumentality>
</artifact>
</crockery>
</dish>
 served with sauerkraut
</caption>
</image>

<image location="right" width="150px" src="Zuurkool_in_pan.jpg" type="thumb">
<caption>

Dutch sauerkraut mashed with potatoes in pan
</caption>
</image>
<p>

<b>Sauerkraut</b> (<language wordnetid="106282651" confidence="0.8">
<link xlink:type="simple" xlink:href="../916/8569916.xml">
English</link></language>
: pronounced , <language wordnetid="106282651" confidence="0.9508927676800064">
<link xlink:type="simple" xlink:href="../884/11884.xml">
German</link></language>
: &nbsp;(·<image width="150px" src="De-sauerkraut.ogg">
<caption>

info
</caption>
</image>
), <language wordnetid="106282651" confidence="0.9508927676800064">
<link xlink:type="simple" xlink:href="../272/34272.xml">
Yiddish</link></language>
: IPA:&nbsp;) is finely shredded <link xlink:type="simple" xlink:href="../115/55115.xml">
cabbage</link> that has been <link xlink:type="simple" xlink:href="../980/6073980.xml">
fermented</link> by various <link xlink:type="simple" xlink:href="../316/3907316.xml">
lactic acid bacteria</link>, including <it><link xlink:type="simple" xlink:href="../488/3301488.xml">
Leuconostoc</link></it>, <it><link xlink:type="simple" xlink:href="../371/189371.xml">
Lactobacillus</link></it>, and <it><link xlink:type="simple" xlink:href="../270/2170270.xml">
Pediococcus</link></it>.<ref xlink:type="simple" xlink:href="#xpointer(//reflist/entry[@id=%221%22])">1</ref><ref xlink:type="simple" xlink:href="#xpointer(//reflist/entry[@id=%222%22])">2</ref>
It has a long shelf-life and a distinctive <link>
sour</link> flavor, both of which result from the <link xlink:type="simple" xlink:href="../474/172474.xml">
lactic acid</link> that forms when the bacteria ferment the sugars in the cabbage. It is therefore not to be confused with <link xlink:type="simple" xlink:href="../382/916382.xml">
coleslaw</link>, which receives its acidic taste from <link xlink:type="simple" xlink:href="../762/32762.xml">
vinegar</link>.</p>
<p>

The word comes directly from the <language wordnetid="106282651" confidence="0.9508927676800064">
<link xlink:type="simple" xlink:href="../884/11884.xml">
German language</link></language>
, which literally translates to <it>sour cabbage</it>.<ref xlink:type="simple" xlink:href="#xpointer(//reflist/entry[@id=%221%22])">1</ref> Sauerkraut is a traditional <link xlink:type="simple" xlink:href="../485/12485.xml">
German</link> and <link xlink:type="simple" xlink:href="../557/2807557.xml">
Czech food</link>, but it is also a prominent feature of traditional cuisines of <link xlink:type="simple" xlink:href="../733/918733.xml">
The Netherlands</link> (<it>zuurkool</it>), <link xlink:type="simple" xlink:href="../748/12843748.xml">
Estonia</link> (<it>hapukapsas</it>), <link xlink:type="simple" xlink:href="../340/1393340.xml">
Latvia</link> (<it>skābi kāposti</it>) and other <link xlink:type="simple" xlink:href="../865/159865.xml">
Northern</link>, <region wordnetid="108630039" confidence="0.8">
<location wordnetid="100027167" confidence="0.8">
<link xlink:type="simple" xlink:href="../188/5188.xml">
Central</link></location>
</region>
 and <link xlink:type="simple" xlink:href="../403/37403.xml">
East Europe</link>an cuisines, such as the <link>
Northern parts of Italy (Friuli-Venezia-Giulia, Trentino)</link>, <link xlink:type="simple" xlink:href="../931/1245931.xml">
Romanian</link>, <link xlink:type="simple" xlink:href="../602/2015602.xml">
Serbian</link>, <link xlink:type="simple" xlink:href="../631/1485631.xml">
Croatian</link>, <link xlink:type="simple" xlink:href="../713/418713.xml">
Polish</link>, <link xlink:type="simple" xlink:href="../135/644135.xml">
Russian</link>, <link xlink:type="simple" xlink:href="../498/995498.xml">
Ukrainian</link>, <link xlink:type="simple" xlink:href="../565/176565.xml">
Hungarian</link> and <link xlink:type="simple" xlink:href="../279/3587279.xml">
Belarusian</link>. It is also part of the native cuisine of Alsace Lorraine in North Eastern France. Finally, it is no less popular in many parts of <region wordnetid="108630039" confidence="0.8">
<location wordnetid="100027167" confidence="0.8">
<link xlink:type="simple" xlink:href="../662/788662.xml">
Northeast China</link></location>
</region>
, <link xlink:type="simple" xlink:href="../364/923364.xml">
Northern China</link>, the <link xlink:type="simple" xlink:href="../750/3434750.xml">
USA</link>, <body wordnetid="107965085" confidence="0.8">
<system wordnetid="108435388" confidence="0.8">
<social_group wordnetid="107950920" confidence="0.8">
<political_orientation wordnetid="106212839" confidence="0.8">
<colony wordnetid="108374049" confidence="0.8">
<state wordnetid="108168978" confidence="0.8">
<political_unit wordnetid="108359949" confidence="0.8">
<economy wordnetid="108366753" confidence="0.8">
<group wordnetid="100031264" confidence="0.8">
<democracy wordnetid="106217103" confidence="0.8">
<link xlink:type="simple" xlink:href="../489/5489.xml">
Chile</link></democracy>
</group>
</economy>
</political_unit>
</state>
</colony>
</political_orientation>
</social_group>
</system>
</body>
, and <region wordnetid="108630039" confidence="0.9508927676800064">
<link xlink:type="simple" xlink:href="../916/5042916.xml">
Canada</link></region>
.</p>

<sec>
<st>
History</st>
<p>

Fermentation of cabbages in salt and acidic liquids dates back to prehistoric times and probably was described first by <skilled_worker wordnetid="110605985" confidence="0.8">
<physical_entity wordnetid="100001930" confidence="0.8">
<commissioned_naval_officer wordnetid="109943541" confidence="0.8">
<flag_officer wordnetid="110094584" confidence="0.8">
<commissioned_officer wordnetid="109942970" confidence="0.8">
<person wordnetid="100007846" confidence="0.8">
<philosopher wordnetid="110423589" confidence="0.8">
<botanist wordnetid="109868270" confidence="0.8">
<intellectual wordnetid="109621545" confidence="0.8">
<admiral wordnetid="109771204" confidence="0.8">
<serviceman wordnetid="110582746" confidence="0.8">
<scientist wordnetid="110560637" confidence="0.8">
<enlisted_person wordnetid="110058777" confidence="0.8">
<military_officer wordnetid="110317007" confidence="0.8">
<soldier wordnetid="110622053" confidence="0.8">
<communicator wordnetid="109610660" confidence="0.8">
<biologist wordnetid="109855630" confidence="0.8">
<worker wordnetid="109632518" confidence="0.8">
<causal_agent wordnetid="100007347" confidence="0.8">
<writer wordnetid="110794014" confidence="0.8">
<scholar wordnetid="110557854" confidence="0.8">
<link xlink:type="simple" xlink:href="../920/44920.xml">
Pliny the Elder</link></scholar>
</writer>
</causal_agent>
</worker>
</biologist>
</communicator>
</soldier>
</military_officer>
</enlisted_person>
</scientist>
</serviceman>
</admiral>
</intellectual>
</botanist>
</philosopher>
</person>
</commissioned_officer>
</flag_officer>
</commissioned_naval_officer>
</physical_entity>
</skilled_worker>
 during the first century AD.<ref xlink:type="simple" xlink:href="#xpointer(//reflist/entry[@id=%221%22])">1</ref> Modern preparation techniques are thought to have been developed sometime between  AD1550 and 1750.<ref xlink:type="simple" xlink:href="#xpointer(//reflist/entry[@id=%221%22])">1</ref> </p>
<p>

In his 1772 <it>Treatise on Scurvy</it>, <physical_entity wordnetid="100001930" confidence="0.8">
<peer wordnetid="109626238" confidence="0.8">
<person wordnetid="100007846" confidence="0.8">
<medical_practitioner wordnetid="110305802" confidence="0.8">
<colleague wordnetid="109935990" confidence="0.8">
<causal_agent wordnetid="100007347" confidence="0.8">
<health_professional wordnetid="110165109" confidence="0.8">
<adult wordnetid="109605289" confidence="0.8">
<professional wordnetid="110480253" confidence="0.8">
<doctor wordnetid="110020890" confidence="0.8">
<associate wordnetid="109816771" confidence="0.8">
<link xlink:type="simple" xlink:href="../559/19098559.xml">
James Lind</link></associate>
</doctor>
</professional>
</adult>
</health_professional>
</causal_agent>
</colleague>
</medical_practitioner>
</person>
</peer>
</physical_entity>
 discussed the ability of <link xlink:type="simple" xlink:href="../735/152735.xml">
German</link> <link xlink:type="simple" xlink:href="../934/553934.xml">
seamen</link> to withstand long sea voyages without succumbing to <link xlink:type="simple" xlink:href="../266/28266.xml">
scurvy</link> compared to seamen from other countries, and pointed to their consumption of fermented cabbage as a defining difference.<ref xlink:type="simple" xlink:href="#xpointer(//reflist/entry[@id=%223%22])">3</ref></p>
<p>

In 1776, Captain <person wordnetid="100007846" confidence="0.9508927676800064">
<cartographer wordnetid="109898215" confidence="0.9173553029164789">
<link xlink:type="simple" xlink:href="../630/15630.xml">
James Cook</link></cartographer>
</person>
 was awarded the <symbol wordnetid="106806469" confidence="0.8">
<award wordnetid="106696483" confidence="0.8">
<signal wordnetid="106791372" confidence="0.8">
<link xlink:type="simple" xlink:href="../258/373258.xml">
Copley Medal</link></signal>
</award>
</symbol>
 for demonstrating that sauerkraut could be used to allay <link xlink:type="simple" xlink:href="../266/28266.xml">
scurvy</link> in British crews on long sea voyages.<ref xlink:type="simple" xlink:href="#xpointer(//reflist/entry[@id=%221%22])">1</ref></p>

</sec>
<sec>
<st>
Preparation</st>

<ss1>
<st>
Storage</st>
<p>

Traditionally, sauerkraut is prepared in a stoneware crock and the seal is created with a piece of wet linen cloth, a board, and a heavy stone. This arrangement is not fully airtight and will lead to spoiled sauerkraut unless the surface of the brine is skimmed daily to remove molds and other <link xlink:type="simple" xlink:href="../934/153934.xml">
aerobic</link> contaminants that grow on the surface where there is contact with air.</p>
<p>

An alternative that avoids this problem is a type of ceramic jar that has a trough around its lid. When this trough is filled with water, the result is an airtight seal. </p>
<p>

Glass <link xlink:type="simple" xlink:href="../676/2054676.xml">
canning jar</link>s with clamped threadless lids may also be used effectively.</p>
<p>

Commercial-scale sauerkraut production typically employs large airtight plastic barrels fitted with one-way valves for the gas to escape.</p>
<p>

Whatever kind of vessel is used, it must allow the escape of fermentation gases.</p>

</ss1>
<ss1>
<st>
Fermentation</st>
<p>

<image location="right" width="150px" src="Choucroute-p1030189.jpg" type="thumb">
<caption>

<it><link>
Choucroute</link> garnie</it>, a  traditional dish of <region wordnetid="108630039" confidence="0.9508927676800064">
<link xlink:type="simple" xlink:href="../129/48129.xml">
Alsace</link></region>
, where sauerkraut is garnished with sausages and other <link xlink:type="simple" xlink:href="../929/19719929.xml">
pork</link> meats
</caption>
</image>

Sauerkraut is made by a process of <link xlink:type="simple" xlink:href="../607/2259607.xml">
pickling</link> called <link xlink:type="simple" xlink:href="../201/200201.xml">
lacto-fermentation</link> that is analogous to how traditional (not heat-treated) <link xlink:type="simple" xlink:href="../668/18978668.xml">
pickled cucumber</link>s are made.
Fully-cured sauerkraut keeps for several months in an airtight container stored at or below 15°C (59°F). Neither refrigeration nor <link xlink:type="simple" xlink:href="../311/23311.xml">
pasteurization</link> is required, although these treatments may prolong storage life.  However, pasteurization will destroy all of the beneficial digestive enzymes and lactic acid bacteria, as well as the valuable vitamin C content, so it greatly diminishes the nutritional value without any significant benefit.</p>
<p>

No special culture of lactic acid bacteria is needed because these bacteria already are present on raw cabbage. Yeasts also are present, and may yield soft sauerkraut of poor flavor when the fermentation temperature is too high. The fermentation process has three phases. In the first phase, <link xlink:type="simple" xlink:href="../640/92640.xml">
anaerobic</link> bacteria such as <it><link xlink:type="simple" xlink:href="../943/954943.xml">
Klebsiella</link></it> and <it><microorganism wordnetid="101326291" confidence="0.8">
<bacteria wordnetid="101348530" confidence="0.8">
<link xlink:type="simple" xlink:href="../907/1766907.xml">
Enterobacter</link></bacteria>
</microorganism>
</it> lead the fermentation, and begin producing an acid environment that favours later bacteria. The second phase starts as the acid levels become too high for many bacteria, and <it><link xlink:type="simple" xlink:href="../603/6880603.xml">
Leuconostoc mesenteroides</link></it> and other Leuconostoc spp. take dominance. In the third phase, various <it><link xlink:type="simple" xlink:href="../371/189371.xml">
Lactobacillus</link></it> species including <it><link xlink:type="simple" xlink:href="../976/7719976.xml">
L. brevis</link></it> and <it><link xlink:type="simple" xlink:href="../378/1304378.xml">
L. plantarum</link></it> ferment any remaining sugars, further lowering the <link xlink:type="simple" xlink:href="../530/24530.xml">
pH</link>.<ref xlink:type="simple" xlink:href="#xpointer(//reflist/entry[@id=%221%22])">1</ref><ref xlink:type="simple" xlink:href="#xpointer(//reflist/entry[@id=%222%22])">2</ref> </p>
<p>

Salt (<link xlink:type="simple" xlink:href="../207/80207.xml">
sodium chloride</link>) is a major component in both the fermentation process and the flavour profile of sauerkraut, and typically is added in proportions between 0.6% and 2% relative to the amount of cabbage.<ref xlink:type="simple" xlink:href="#xpointer(//reflist/entry[@id=%221%22])">1</ref> For preparation at home, the <agency wordnetid="108337324" confidence="0.9508927676800064">
<link xlink:type="simple" xlink:href="../896/70896.xml">
USDA</link></agency>
 recommends a greater amount of salt than is traditional, making the sauerkraut unpalatably salty unless rinsed before eating. Such rinsing removes much of the nutrient content and flavor. When traditional amounts of salt are used, temperature control is critical, because spoilage leading to food poisoning can occur if the fermentation temperature is too high. However, once made, sauerkraut is a very safe food because its high acidity prevents spoilage. USDA also recommends pasteurizing sauerkraut for storage. This is not necessary if the raw sauerkraut has been properly made and stored, and will needlessly diminish the nutritional value. A slimy or excessively soft texture, discoloration, or off-flavor may indicate spoilage.</p>

</ss1>
</sec>
<sec>
<st>
Serving</st>
<p>

Sauerkraut is a common and traditional ingredient in <link xlink:type="simple" xlink:href="../141/1856141.xml">
Bulgarian cuisine</link>, <link xlink:type="simple" xlink:href="../319/592319.xml">
Austrian cuisine</link>, <link xlink:type="simple" xlink:href="../565/176565.xml">
Hungarian cuisine</link>, <link xlink:type="simple" xlink:href="../485/12485.xml">
German cuisine</link>, <link xlink:type="simple" xlink:href="../135/644135.xml">
Russian cuisine</link>, <region wordnetid="108630039" confidence="0.9508927676800064">
<link xlink:type="simple" xlink:href="../129/48129.xml">
Alsatian</link></region>
 <link xlink:type="simple" xlink:href="../002/11002.xml">
French cuisine</link>, <link xlink:type="simple" xlink:href="../733/918733.xml">
Dutch cuisine</link>, <link xlink:type="simple" xlink:href="../931/1245931.xml">
Romanian cuisine</link>, <link xlink:type="simple" xlink:href="../713/418713.xml">
Polish cuisine</link>, <link xlink:type="simple" xlink:href="../557/2807557.xml">
Czech cuisine</link> and other cuisines of <link xlink:type="simple" xlink:href="../865/159865.xml">
Northern</link> and <region wordnetid="108630039" confidence="0.8">
<location wordnetid="100027167" confidence="0.8">
<link xlink:type="simple" xlink:href="../403/37403.xml">
Eastern Europe</link></location>
</region>
, as well as in northern <link xlink:type="simple" xlink:href="../862/5042862.xml">
China</link>. It also is eaten in the <link xlink:type="simple" xlink:href="../971/293971.xml">
Friuli</link> and <link xlink:type="simple" xlink:href="../766/246766.xml">
Trentino Alto Adige</link> regions of <system wordnetid="108435388" confidence="0.8">
<economy wordnetid="108366753" confidence="0.8">
<group wordnetid="100031264" confidence="0.8">
<link xlink:type="simple" xlink:href="../532/14532.xml">
Italy</link></group>
</economy>
</system>
, where it is called <it>capuzi garbi</it> and <it>crauti</it>, respectively.</p>
<p>

Sauerkraut may be eaten raw and unadorned; in this form it is often eaten as a <link xlink:type="simple" xlink:href="../775/851775.xml">
relish</link> with meat dishes, for example,
as condiment on <link xlink:type="simple" xlink:href="../765/225765.xml">
bratwurst</link>, <link xlink:type="simple" xlink:href="../138/554138.xml">
weisswurst</link>, or North American <link xlink:type="simple" xlink:href="../368/192368.xml">
hot dog</link>s.  Raw sauerkraut dressed with oil and <link xlink:type="simple" xlink:href="../258/51258.xml">
onion</link>s is served as a <link xlink:type="simple" xlink:href="../950/61950.xml">
salad</link>, while warmed sauerkraut is also commonly served.</p>

</sec>
<sec>
<st>
Variations</st>
<p>

Variations include sauerkraut prepared from whole cabbages or leaves instead of shredded strips.  Sometimes other vegetables such as carrots may be added. Spices may be added; <link xlink:type="simple" xlink:href="../546/173546.xml">
caraway</link> and <link xlink:type="simple" xlink:href="../104/170104.xml">
juniper</link> berries are traditional. In some variations, wine may be added. Red cabbage can be used to make a red sauerkraut. When sauerkraut is made from <link xlink:type="simple" xlink:href="../576/46576.xml">
turnip</link>s or <link xlink:type="simple" xlink:href="../561/152561.xml">
rutabaga</link>s, the product is called <it><link>
Sauerrüben</link></it>.</p>
<p>

Sauerkraut has been a long-time staple in many European countries, e.g., the <system wordnetid="108435388" confidence="0.8">
<economy wordnetid="108366753" confidence="0.8">
<group wordnetid="100031264" confidence="0.8">
<link xlink:type="simple" xlink:href="../148/21148.xml">
Netherlands</link></group>
</economy>
</system>
, <country wordnetid="108544813" confidence="0.9508927676800064">
<link xlink:type="simple" xlink:href="../391/25391.xml">
Russia</link></country>
, and <country wordnetid="108544813" confidence="0.9508927676800064">
<link xlink:type="simple" xlink:href="../936/22936.xml">
Poland</link></country>
 (raw as <it>kiszona kapusta</it> or in a dish as <link xlink:type="simple" xlink:href="../504/1945504.xml">
bigos</link>), France (the popularity of the dish in <region wordnetid="108630039" confidence="0.9508927676800064">
<link xlink:type="simple" xlink:href="../129/48129.xml">
Alsace</link></region>
 has spread sauerkraut (<it>choucroute</it> in French) to other regions of the country), <system wordnetid="108435388" confidence="0.8">
<economy wordnetid="108366753" confidence="0.8">
<group wordnetid="100031264" confidence="0.8">
<link xlink:type="simple" xlink:href="../514/17514.xml">
Latvia</link></group>
</economy>
</system>
 (popularly known as <it>skābi kāposti</it>), <political_orientation wordnetid="106212839" confidence="0.8">
<democracy wordnetid="106217103" confidence="0.8">
<link xlink:type="simple" xlink:href="../577/17238577.xml">
Estonia</link></democracy>
</political_orientation>
 (known as <it>hapukapsas</it> and often prepared with <link xlink:type="simple" xlink:href="../712/5712.xml">
cumin</link> or <link xlink:type="simple" xlink:href="../025/7025.xml">
cranberries</link>), as well as in <system wordnetid="108435388" confidence="0.8">
<economy wordnetid="108366753" confidence="0.8">
<group wordnetid="100031264" confidence="0.8">
<link xlink:type="simple" xlink:href="../675/17675.xml">
Lithuania</link></group>
</economy>
</system>
 (<it>rauginti kopūstai</it>).</p>
<p>

Common ingredients in warm sauerkraut dishes (besides those already mentioned) are <link xlink:type="simple" xlink:href="../394/63394.xml">
bacon</link>, <link xlink:type="simple" xlink:href="../546/173546.xml">
caraway seed</link>s, and <link xlink:type="simple" xlink:href="../754/18978754.xml">
apple</link>s.</p>

<ss2>
<st>
Germany</st>
<p>

Sauerkraut has long been associated with German cuisine, although other Europeans consume a large amount of sauerkraut and it has long been a staple of their diets.</p>
<p>

A popular German dish combines warmed sauerkraut with <it>Schupfnudeln</it>  (potato noodles, the German equivalent of <link xlink:type="simple" xlink:href="../411/95411.xml">
gnocchi</link>).</p>

</ss2>
<ss2>
<st>
Poland</st>
<p>

In <link xlink:type="simple" xlink:href="../713/418713.xml">
Polish cooking</link>, sauerkraut is known as <link>
kiszona kapusta</link>. Preparations including sauerkraut include soups and stews, such as <it><link xlink:type="simple" xlink:href="../504/1945504.xml">
bigos</link></it> and <link>
kapusniak</link> (sauerkraut soup) or <link xlink:type="simple" xlink:href="../787/863787.xml">
shchi</link> ; filled <link xlink:type="simple" xlink:href="../698/465698.xml">
dumplings</link> (<it><link xlink:type="simple" xlink:href="../536/439536.xml">
pierogi</link></it>); and seasoned kapusta served as a hot vegetable side dish. </p>

</ss2>
<ss2>
<st>
France</st>
<p>

In <region wordnetid="108630039" confidence="0.9508927676800064">
<link xlink:type="simple" xlink:href="../129/48129.xml">
Alsace</link></region>
 (a region of <country wordnetid="108544813" confidence="0.9508927676800064">
<link xlink:type="simple" xlink:href="../419/5843419.xml">
France</link></country>
 that was part of Germany until 1678 and again from 1870 until 1919), the traditional sauerkraut dish is <it><link xlink:type="simple" xlink:href="../068/2248068.xml">
choucroute garnie</link></it> (garnished sauerkraut): a one-dish meal of sauerkraut, <link xlink:type="simple" xlink:href="../056/78056.xml">
sausage</link>s, pieces of meat such as <dish wordnetid="103206908" confidence="0.8">
<crockery wordnetid="103133538" confidence="0.8">
<artifact wordnetid="100021939" confidence="0.8">
<instrumentality wordnetid="103575240" confidence="0.8">
<article wordnetid="100022903" confidence="0.8">
<ware wordnetid="104550840" confidence="0.8">
<container wordnetid="103094503" confidence="0.8">
<tableware wordnetid="104381994" confidence="0.8">
<link xlink:type="simple" xlink:href="../609/2297609.xml">
ham knuckle</link></tableware>
</container>
</ware>
</article>
</instrumentality>
</artifact>
</crockery>
</dish>
, and perhaps <link xlink:type="simple" xlink:href="../501/23501.xml">
potato</link>es, all cooked together in <link xlink:type="simple" xlink:href="../484/50484.xml">
goose</link> fat. Typical accompaniment beverages are <link xlink:type="simple" xlink:href="../363/3363.xml">
beer</link> or white <link xlink:type="simple" xlink:href="../961/32961.xml">
wine</link> (<assortment wordnetid="108398773" confidence="0.9508927676800064">
<link xlink:type="simple" xlink:href="../239/176239.xml">
Riesling</link></assortment>
).</p>

</ss2>
<ss2>
<st>
Canada</st>
<p>

Cabbage sauerkraut is a common addition to sausages and <link xlink:type="simple" xlink:href="../368/192368.xml">
hot dogs</link>, and its manufacture is sometimes associated with communities with certain European origins, such as <link xlink:type="simple" xlink:href="../902/99902.xml">
Lunenburg</link>, <body wordnetid="107965085" confidence="0.8">
<social_group wordnetid="107950920" confidence="0.8">
<colony wordnetid="108374049" confidence="0.8">
<group wordnetid="100031264" confidence="0.8">
<link xlink:type="simple" xlink:href="../184/21184.xml">
Nova Scotia</link></group>
</colony>
</social_group>
</body>
, where it is produced by M.A. Hatt &amp; Son Ltd.</p>

</ss2>
<ss2>
<st>
Bulgaria</st>
<p>

In <country wordnetid="108544813" confidence="0.9508927676800064">
<link xlink:type="simple" xlink:href="../415/3415.xml">
Bulgaria</link></country>
, it is used in various dishes, especially in chicken and pork stews. Sauerkraut (<language wordnetid="106282651" confidence="0.9508927676800064">
<link xlink:type="simple" xlink:href="../149/4149.xml">
Bulgarian</link></language>
: <it>кисело зеле</it>, literally "sour cabbage") is sometimes served when cold in salads, usually seasoned with oil and <link xlink:type="simple" xlink:href="../011/113011.xml">
paprika</link>.
The Suerkraut salty brine (<language wordnetid="106282651" confidence="0.9508927676800064">
<link xlink:type="simple" xlink:href="../149/4149.xml">
Bulgarian</link></language>
: <it>зелева чорба</it>, literally "cabbage soup") is commonly used in Bulgaria for drinking or as a soup base, as well as a typical Bulgarian 'cure' for hangover.</p>

</ss2>
<ss2>
<st>
Netherlands</st>
<p>

In the <system wordnetid="108435388" confidence="0.8">
<economy wordnetid="108366753" confidence="0.8">
<group wordnetid="100031264" confidence="0.8">
<link xlink:type="simple" xlink:href="../148/21148.xml">
Netherlands</link></group>
</economy>
</system>
 it is often served mixed with mashed potatoes, gravy and a <sausage wordnetid="107675627" confidence="0.8">
<solid wordnetid="115046900" confidence="0.8">
<food wordnetid="107555863" confidence="0.8">
<meat wordnetid="107649854" confidence="0.8">
<link xlink:type="simple" xlink:href="../654/5501654.xml">
smoked sausage</link></meat>
</food>
</solid>
</sausage>
.</p>

</ss2>
<ss2>
<st>
United States</st>
<p>

Immigrants to America from Germany (e.g. the <ethnic_group wordnetid="107967382" confidence="0.9508927676800064">
<link xlink:type="simple" xlink:href="../674/177674.xml">
Pennsylvania Dutch</link></ethnic_group>
) and other European regions brought their traditional preparation methods and appreciation of this food, adding such ingredients as heimgriches, or "mountain lopers". Pork and Sauerkraut is an extremely popular meal for <vacation wordnetid="115137890" confidence="0.9508927676800064">
<link xlink:type="simple" xlink:href="../971/161971.xml">
New Year's Day</link></vacation>
 in Pennsylvania, an example of the culture left from the Pennsylvania Dutch. It is thought that eating sauerkraut on this day brings good luck. Sauerkraut's popularity in Europe and America continues today, although in somewhat reduced measure due to the convenience of modern alternative preserving methods.</p>
<p>

<link xlink:type="simple" xlink:href="../951/1177951.xml">
Kraut juice</link> is a regional beverage in the USA that consists of the liquid in which sauerkraut is cured. It is the juice of the vegetable itself and the pickling brine.</p>
<p>

Sauerkraut is a key ingredient in the <food wordnetid="100021265" confidence="0.9508927676800064">
<link xlink:type="simple" xlink:href="../892/318892.xml">
Reuben sandwich</link></food>
. It is also a popular topping for sausages such as <link xlink:type="simple" xlink:href="../765/225765.xml">
bratwurst</link> and hot dogs.</p>

</ss2>
<ss2>
<st>
East Asia</st>
<p>

Sauerkraut is similar to many ancient Northeastern Asian dishes, including Korean <link xlink:type="simple" xlink:href="../952/178952.xml">
kimchi</link> and other fermented vegetables. In Northeast China, people make the same dish called <it>suancai</it>, which also literally translates as, "sour vegetable".</p>

</ss2>
<ss2>
<st>
Russia</st>
<p>

In <country wordnetid="108544813" confidence="0.9508927676800064">
<link xlink:type="simple" xlink:href="../391/25391.xml">
Russia</link></country>
, sour berries such as <link xlink:type="simple" xlink:href="../025/7025.xml">
cranberry</link>, or bits of finely chopped vegetables and fruit, such as carrots or apples, may be added prior to fermenting to enhance flavour. <link xlink:type="simple" xlink:href="../516/199516.xml">
Beet</link>s also may be added to give the cabbage a red color. Sauerkraut (<language wordnetid="106282651" confidence="0.9508927676800064">
<link xlink:type="simple" xlink:href="../431/25431.xml">
Russian</link></language>
: <it>квашеная капуста</it>, literally "soured cabbage") is often served with sugar or vegetable (mostly sunflower) oil.</p>

</ss2>
<ss2>
<st>
South America</st>
<p>

Many people in <city wordnetid="108524735" confidence="0.9508927676800064">
<country wordnetid="108544813" confidence="0.9508927676800064">
<link xlink:type="simple" xlink:href="../905/18951905.xml">
Argentina</link></country>
</city>
 also eat sauerkraut, and in <body wordnetid="107965085" confidence="0.8">
<system wordnetid="108435388" confidence="0.8">
<social_group wordnetid="107950920" confidence="0.8">
<political_orientation wordnetid="106212839" confidence="0.8">
<colony wordnetid="108374049" confidence="0.8">
<state wordnetid="108168978" confidence="0.8">
<political_unit wordnetid="108359949" confidence="0.8">
<economy wordnetid="108366753" confidence="0.8">
<group wordnetid="100031264" confidence="0.8">
<democracy wordnetid="106217103" confidence="0.8">
<link xlink:type="simple" xlink:href="../489/5489.xml">
Chile</link></democracy>
</group>
</economy>
</political_unit>
</state>
</colony>
</political_orientation>
</social_group>
</system>
</body>
, as "chucrut", is part of the popular "porgusto", a french bread that (usually, but ingredients may vary) combines it with tap water and eggplant.</p>

</ss2>
</sec>
<sec>
<st>
Health and nutrition</st>

<p>

<table style="margin: 0 0 0.5em 1em; border-collapse:collapse; border: 1px solid black; background: white; color: black;  float:right; clear:right; font-size: 90%;">
<row>
<header align="center">
Sauerkraut (including liquid)  Nutritional value per 100&nbsp;g (3.5 oz)</header>
</row>
<row style="background:#e0e0e0; color:black;">
<col align="center">
Energy 20 kcal &nbsp; 80 kJ</col>
</row>
<row>
<col>
<table style="margin:0.3em;" cellpadding="0px" cellspacing="0px">
<row>
<header align="left">
 <link xlink:type="simple" xlink:href="../932/5932.xml">
Carbohydrate</link>s &nbsp; &nbsp;</header>
<col>
4.3 g</col>
</row>
<row>
<col colspan="2">
- Sugars &nbsp;1.8 g</col>
</row>
<row>
<col colspan="2">
 - <link xlink:type="simple" xlink:href="../554/66554.xml">
Dietary fibre</link>&nbsp;2.9 g &nbsp;</col>
</row>
<row>
<header align="left">
 <link xlink:type="simple" xlink:href="../042/11042.xml">
Fat</link></header>
<col>
0.14 g</col>
</row>
<row>
<header align="left">
 <link xlink:type="simple" xlink:href="../634/23634.xml#xpointer(//*[./st=%22Nutrition%22])">
Protein</link></header>
<col>
0.9 g</col>
</row>
<row>
<col>
 <b><link xlink:type="simple" xlink:href="../306/33306.xml">
Water</link></b></col>
<col>
92 g</col>
</row>
<row>
<col>
 <link xlink:type="simple" xlink:href="../110/54110.xml">
Vitamin B6</link>&nbsp;0.13 mg</col>
<col>
10%</col>
</row>
<row>
<col>
 <link xlink:type="simple" xlink:href="../509/32509.xml">
Vitamin C</link>&nbsp;15 mg</col>
<col>
25%</col>
</row>
<row>
<col>
 <link xlink:type="simple" xlink:href="../734/14734.xml#xpointer(//*[./st=%22Nutrition+and+dietary+sources%22])">
Iron</link>&nbsp;1.5 mg</col>
<col>
12%</col>
</row>
<row>
<col>
 <link xlink:type="simple" xlink:href="../207/80207.xml">
Sodium</link>&nbsp;661 mg</col>
<col>
44%</col>
</row>
</table>
</col>
</row>
<row style="background:#e0e0e0; color:black;">
<col style="font-size:90%; text-align:center; padding:4pt; line-height:1.25em;">
 Percentages are relative to US 
<link xlink:type="simple" xlink:href="../488/267488.xml">
recommendations</link> for adults. Source: <weblink xlink:type="simple" xlink:href="http://www.nal.usda.gov/fnic/foodcomp/search/">
USDA Nutrient database</weblink></col>
</row>
</table>
</p>


<ss1>
<st>
Health benefits</st>
<p>

Raw sauerkraut is an extremely healthy food. It is an excellent source of <link xlink:type="simple" xlink:href="../509/32509.xml">
vitamin C</link>, <link xlink:type="simple" xlink:href="../371/189371.xml">
lactobacilli</link>, and other nutrients. However, the low <link xlink:type="simple" xlink:href="../530/24530.xml">
pH</link> and abundance of healthful lactobacilli may upset the intestines of people who are not used to eating acidic foods. (In such cases, it is advisable to eat small amounts daily until the person's digestive system adjusts).</p>
<p>

Before <link xlink:type="simple" xlink:href="../605/339605.xml">
frozen food</link>s and the importation of foods from the <link xlink:type="simple" xlink:href="../273/261273.xml">
Southern hemisphere</link> became readily available in <link xlink:type="simple" xlink:href="../865/159865.xml">
northern</link> and <link xlink:type="simple" xlink:href="../188/5188.xml">
central Europe</link>, sauerkraut provided a vital source of the aforementioned nutrients during the winter. Captain <person wordnetid="100007846" confidence="0.9508927676800064">
<cartographer wordnetid="109898215" confidence="0.9173553029164789">
<link xlink:type="simple" xlink:href="../630/15630.xml">
James Cook</link></cartographer>
</person>
 always took a store of sauerkraut on his sea voyages, since experience had taught him that it was an effective preventative of <link xlink:type="simple" xlink:href="../266/28266.xml">
scurvy</link><ref xlink:type="simple" xlink:href="#xpointer(//reflist/entry[@id=%224%22])">4</ref> <ref xlink:type="simple" xlink:href="#xpointer(//reflist/entry[@id=%225%22])">5</ref>.</p>
<p>

It is now known that the preservation of sauerkraut in an <link xlink:type="simple" xlink:href="../618/162618.xml">
anaerobic</link> environment (in the <link xlink:type="simple" xlink:href="../663/70663.xml">
brine</link>) keeps the vitamin C in it from being oxidized.&#91;&#93; There is some evidence that indicates that <link xlink:type="simple" xlink:href="../952/178952.xml">
kimchi</link>, and by extension, sauerkraut may be used to treat <link xlink:type="simple" xlink:href="../916/442916.xml">
avian influenza</link> in birds.<ref xlink:type="simple" xlink:href="#xpointer(//reflist/entry[@id=%226%22])">6</ref> Currently, there is no evidence of its effect on human cases.</p>
<p>

Sauerkraut is also a source of <link xlink:type="simple" xlink:href="../245/563245.xml">
biogenic amine</link>s such as <link xlink:type="simple" xlink:href="../002/608002.xml">
tyramine</link>, which may cause adverse reactions to sensitive people.<ref xlink:type="simple" xlink:href="#xpointer(//reflist/entry[@id=%227%22])">7</ref><ref xlink:type="simple" xlink:href="#xpointer(//reflist/entry[@id=%228%22])">8</ref> It also provides various cancer fighting compounds including <link xlink:type="simple" xlink:href="../732/554732.xml">
ITC</link> and <link xlink:type="simple" xlink:href="../086/2108086.xml">
sulphoraphane</link>.<ref xlink:type="simple" xlink:href="#xpointer(//reflist/entry[@id=%229%22])">9</ref></p>

</ss1>
<ss1>
<st>
Health risks</st>
<p>

It is well known that pickled food is usually rich in <link xlink:type="simple" xlink:href="../307/379307.xml">
nitrites</link> and <link xlink:type="simple" xlink:href="../412/1412.xml">
amines</link>, if not properly manufactured.<ref xlink:type="simple" xlink:href="#xpointer(//reflist/entry[@id=%2210%22])">10</ref><ref xlink:type="simple" xlink:href="#xpointer(//reflist/entry[@id=%2211%22])">11</ref>  The former can cause stomach cancer, the latter <link xlink:type="simple" xlink:href="../035/21035.xml">
migraine</link>s.<ref xlink:type="simple" xlink:href="#xpointer(//reflist/entry[@id=%2212%22])">12</ref> Although no direct report has been published stating that sauerkraut is associated with <link xlink:type="simple" xlink:href="../081/8263081.xml">
nasopharyngeal carcinoma</link> and <link xlink:type="simple" xlink:href="../539/243539.xml">
esophageal carcinoma</link>, prudent measures should be taken to avoid consuming the product with high levels of <link xlink:type="simple" xlink:href="../388/1028388.xml">
nitrosamines</link>, which are normally found in salted preserved foods.<ref xlink:type="simple" xlink:href="#xpointer(//reflist/entry[@id=%2213%22])">13</ref><ref xlink:type="simple" xlink:href="#xpointer(//reflist/entry[@id=%2214%22])">14</ref><ref xlink:type="simple" xlink:href="#xpointer(//reflist/entry[@id=%2215%22])">15</ref><ref xlink:type="simple" xlink:href="#xpointer(//reflist/entry[@id=%2216%22])">16</ref></p>

</ss1>
</sec>
<sec>
<st>
Similar foods</st>
<p>

There are many other vegetables that are preserved by a similar process. 
<list>
<entry level="1" type="bullet">

 <link xlink:type="simple" xlink:href="../793/16793.xml">
Korean</link> <link xlink:type="simple" xlink:href="../952/178952.xml">
kimchi</link></entry>
<entry level="1" type="bullet">

 <link xlink:type="simple" xlink:href="../976/15976.xml">
Japanese</link> <link xlink:type="simple" xlink:href="../871/853871.xml">
tsukemono</link></entry>
<entry level="1" type="bullet">

 <link xlink:type="simple" xlink:href="../222/2047222.xml">
Filipino</link> <link xlink:type="simple" xlink:href="../915/11832915.xml">
atchara</link></entry>
<entry level="1" type="bullet">

 <change_of_state wordnetid="100199130" confidence="0.8">
<cuisine wordnetid="107571324" confidence="0.8">
<event wordnetid="100029378" confidence="0.8">
<change wordnetid="100191142" confidence="0.8">
<action wordnetid="100037396" confidence="0.8">
<cooking wordnetid="100243918" confidence="0.8">
<act wordnetid="100030358" confidence="0.8">
<psychological_feature wordnetid="100023100" confidence="0.8">
<link xlink:type="simple" xlink:href="../833/1659833.xml">
Manchurian</link></psychological_feature>
</act>
</cooking>
</action>
</change>
</event>
</cuisine>
</change_of_state>
 <link xlink:type="simple" xlink:href="../361/3985361.xml">
suan cai</link></entry>
</list>

Also a feed for <link xlink:type="simple" xlink:href="../307/5307.xml">
cattle</link>, <link xlink:type="simple" xlink:href="../507/246507.xml">
silage</link>, is made the same way.</p>
<p>

There is a dessert known as <link>
sauerkraut candy</link> which is a <link xlink:type="simple" xlink:href="../168/1063168.xml">
penuche</link> made with <link xlink:type="simple" xlink:href="../346/51346.xml">
coconut</link> flakes. While this candy resembles sauerkraut visually, it does not necessarily contain sauerkraut as an ingredient.<ref xlink:type="simple" xlink:href="#xpointer(//reflist/entry[@id=%2217%22])">17</ref></p>

</sec>
<sec>
<st>
Cultural references</st>
<p>

<list>
<entry level="1" type="bullet">

 The American soldiers in World War II referred to German soldiers as "Krauts", in reference to the sauerkraut which, as German soldiers were known to consume at that time by the allied forces, was typically bitter and sour.  The word is still used as an <link xlink:type="simple" xlink:href="../515/11014515.xml">
ethnic slur</link> against people of German descent.</entry>
<entry level="1" type="bullet">

 During World War I, due to concerns the American public would reject a product with a German name, American sauerkraut makers relabeled their product as "<word wordnetid="106286395" confidence="0.8">
<part wordnetid="113809207" confidence="0.8">
<neologism wordnetid="106294441" confidence="0.8">
<language_unit wordnetid="106284225" confidence="0.8">
<link xlink:type="simple" xlink:href="../829/246829.xml">
Liberty cabbage</link></language_unit>
</neologism>
</part>
</word>
" for the duration of the war.</entry>
<entry level="1" type="bullet">

 In the <link xlink:type="simple" xlink:href="../750/3434750.xml">
USA</link>, there is an annual sauerkraut festival held in <weblink xlink:type="simple" xlink:href="http://www.phelpssauerkrautfestival.com">
Phelps, New York</weblink> and also in <weblink xlink:type="simple" xlink:href="http://www.sauerkrautfestival.com">
Waynesville, Ohio</weblink></entry>
<entry level="1" type="bullet">

 The area of Europe where sauerkraut is probably the most typical regional dish is around <link xlink:type="simple" xlink:href="../220/5366220.xml">
Leinfelden-Echterdingen</link>. The town, where the <airport wordnetid="102692232" confidence="0.9508927676800064">
<link xlink:type="simple" xlink:href="../015/270015.xml">
Stuttgart Airport</link></airport>
 is located, holds an annual "Krautfest" around the middle of October. The event has taken place since 1978 and attracts as many as 40,000 visitors.</entry>
</list>
</p>

</sec>
<sec>
<st>
See also</st>

<p>

<image location="none" width="50px" src="Wikibooks-logo-en.svg">
<caption>

Wikibooks
</caption>
</image>

<work wordnetid="100575741" confidence="0.8">
<possession wordnetid="100032613" confidence="0.8">
<event wordnetid="100029378" confidence="0.8">
<undertaking wordnetid="100795720" confidence="0.8">
<property wordnetid="113244109" confidence="0.8">
<act wordnetid="100030358" confidence="0.8">
<psychological_feature wordnetid="100023100" confidence="0.8">
<activity wordnetid="100407535" confidence="0.8">
<link xlink:type="simple" xlink:href="../006/329006.xml">
Wikibooks</link></activity>
</psychological_feature>
</act>
</property>
</undertaking>
</event>
</possession>
</work>
  has an article on
</p>



<p>

<list>
<entry level="1" type="bullet">

 <substance wordnetid="100020090" confidence="0.8">
<inhibitor wordnetid="114724436" confidence="0.8">
<link xlink:type="simple" xlink:href="../556/3026556.xml">
Foods containing tyramine</link></inhibitor>
</substance>
</entry>
<entry level="1" type="bullet">

 <link xlink:type="simple" xlink:href="../607/2259607.xml">
Pickling</link></entry>
<entry level="1" type="bullet">

 <name wordnetid="106333653" confidence="0.9508927676800064">
<link xlink:type="simple" xlink:href="../952/178952.xml">
Kimchi</link></name>
</entry>
<entry level="1" type="bullet">

 <link xlink:type="simple" xlink:href="../940/217940.xml">
Kraut</link></entry>
<entry level="1" type="bullet">

 <link xlink:type="simple" xlink:href="../765/225765.xml">
Bratwurst</link> (<it>Bratwurst</it>, <it>Sauerkraut</it>, and <it>potatoes</it> being a traditional dish in various parts of the German-speaking world)</entry>
</list>
</p>

</sec>
<sec>
<st>
References</st>

<p>

<reflist>
<entry id="1">
 <cite id="Reference-Farnworth-2003" style="font-style:normal" class="book">Farnworth, Edward R.&#32;(2003). Handbook of Fermented Functional Foods.&#32;CRC. ISBN 0-8493-1372-4.</cite>&nbsp;</entry>
<entry id="2">
"<weblink xlink:type="simple" xlink:href="http://www.fao.org/docrep/x0560e/x0560e10.htm">
Fermented Fruits and Vegetables - A Global Perspective</weblink>".&#32;  United Nations FAO&#32;(1998).&#32;Retrieved on <link>
2007-06-10</link>.</entry>
<entry id="3">
 <cite id="Reference-Steinkraus-1996" style="font-style:normal" class="book">Steinkraus, Keith H.&#32;(1996). Handbook of Indigenous Fermented Foods.&#32;Marcel Dekker, Inc.. ISBN 0-8247-9352-8.</cite>&nbsp;</entry>
<entry id="4">
see http://www.mariner.org/exploration/index.php?type=webpage&amp;id=55 / <it>What did they eat?</it> which begins "One of Cook’s most important discoveries..."  and http://www.vitamindeficiency.info/?page_id=9 which additionally mentions "...citrus fruit such as lemons and lime.  James Cook ...."</entry>
<entry id="5">
 <cite style="font-style:normal">Saloheimo P&#32;(2005).&#32;"[Captain Cook used sauerkraut to prevent scurvy]"&#32;(in Finnish). <it>Duodecim</it>&#32;<b>121</b>&#32;(9): 1014–5. PMID 15991750.</cite>&nbsp;</entry>
<entry id="6">
"<weblink xlink:type="simple" xlink:href="http://news.bbc.co.uk/2/hi/asia-pacific/4347443.stm">
BBC News — Korean dish ‘may cure bird flu’</weblink>".&#32;Retrieved on <link xlink:type="simple" xlink:href="../170/11170.xml">
13 February</link>, <link xlink:type="simple" xlink:href="../825/35825.xml">
2008</link>.</entry>
<entry id="7">
"<weblink xlink:type="simple" xlink:href="http://www.nutrition.org.uk/home.asp?siteId=43&amp;sectionId=776&amp;parentSection=656">
British Nutrition Foundation</weblink>".&#32;Retrieved on <link xlink:type="simple" xlink:href="../170/11170.xml">
13 February</link>, <link xlink:type="simple" xlink:href="../825/35825.xml">
2008</link>.</entry>
<entry id="8">
"<weblink xlink:type="simple" xlink:href="http://www.eufic.org/gb/food/pag/food28/food281.htm">
The European Food Information Council (EUFIC) : Your guide to food safety &amp; quality and health &amp; nutrition for a balanced diet and healthy lifestyle.</weblink>".&#32;Retrieved on <link xlink:type="simple" xlink:href="../170/11170.xml">
13 February</link>, <link xlink:type="simple" xlink:href="../825/35825.xml">
2008</link>.</entry>
<entry id="9">
"<weblink xlink:type="simple" xlink:href="http://www.rd.com/health/cancer/31-simple-ways-to-prevent-cancer/article16072.html">
RD - simple ways to prevent cancer</weblink>".</entry>
<entry id="10">
 <cite style="font-style:normal">Moret, Sabrina et al.&#32;(2005).&#32;"A survey on free biogenic amine content of fresh and preserved vegetables". <it>Food Chemistry</it>&#32;<b>89</b>&#32;(3): 355–361.&#32;Elsevier. <document wordnetid="106470073" confidence="0.8">
<written_communication wordnetid="106349220" confidence="0.8">
<writing wordnetid="106362953" confidence="0.8">
<link xlink:type="simple" xlink:href="../994/422994.xml">
doi</link></writing>
</written_communication>
</document>
:<weblink xlink:type="simple" xlink:href="http://dx.doi.org/10.1016%2Fj.foodchem.2004.02.050">
10.1016/j.foodchem.2004.02.050</weblink>. Retrieved on <link xlink:type="simple" xlink:href="../667/21667.xml">
7 November</link>, <link xlink:type="simple" xlink:href="../165/36165.xml">
2007</link>.</cite>&nbsp;</entry>
<entry id="11">
 <cite style="font-style:normal">Pu, C. et al.&#32;(2001).&#32;"Research on the dynamic variation and elimination of nitrite content in sauerkraut during pickling". <it>Wei Sheng Yan Jiu</it>&#32;<b>30</b>&#32;(6): 352–4. PMID 12561618.</cite>&nbsp;</entry>
<entry id="12">
 <cite style="font-style:normal">Wantke, F. et al.&#32;(1993).&#32;"<weblink xlink:type="simple" xlink:href="http://www.blackwell-synergy.com/doi/abs/10.1111/j.1365-2222.1993.tb00287.x">
Histamine-free diet: treatment of choice for histamine-induced food intolerance and supporting treatment for chronical headaches</weblink>". <it>Clinical &amp; Experimental Allergy</it>&#32;<b>23</b>&#32;(12): 982–5.&#32;<company wordnetid="108058098" confidence="0.8">
<institution wordnetid="108053576" confidence="0.8">
<link xlink:type="simple" xlink:href="../268/4694268.xml">
Blackwell Publishing</link></institution>
</company>
. <document wordnetid="106470073" confidence="0.8">
<written_communication wordnetid="106349220" confidence="0.8">
<writing wordnetid="106362953" confidence="0.8">
<link xlink:type="simple" xlink:href="../994/422994.xml">
doi</link></writing>
</written_communication>
</document>
:<weblink xlink:type="simple" xlink:href="http://dx.doi.org/10.1111%2Fj.1365-2222.1993.tb00287.x">
10.1111/j.1365-2222.1993.tb00287.x</weblink>. PMID 10779289.</cite>&nbsp;</entry>
<entry id="13">
 <cite style="font-style:normal">Ward, Mary H. et al.&#32;(2000).&#32;"<weblink xlink:type="simple" xlink:href="http://www3.interscience.wiley.com/cgi-bin/abstract/72001571/ABSTRACT">
Dietary exposure to nitrite and nitrosamines and risk of nasopharyngeal carcinoma in Taiwan</weblink>". <it>International Journal of Cancer</it>&#32;<b>86</b>&#32;(5): 603–9.&#32;<company wordnetid="108058098" confidence="0.9508927676800064">
<link xlink:type="simple" xlink:href="../930/537930.xml">
John Wiley &amp; Sons</link></company>
. <document wordnetid="106470073" confidence="0.8">
<written_communication wordnetid="106349220" confidence="0.8">
<writing wordnetid="106362953" confidence="0.8">
<link xlink:type="simple" xlink:href="../994/422994.xml">
doi</link></writing>
</written_communication>
</document>
:<weblink xlink:type="simple" xlink:href="http://dx.doi.org/10.1002%2F%28SICI%291097-0215%2820000601%2986%3A5603%3A%3AAID-IJC1%3E3.0.CO%3B2-H">
10.1002/(SICI)1097-0215(20000601)86:5603::AID-IJC1&amp;gt;3.0.CO;2-H</weblink>. PMID 10797279.</cite>&nbsp;</entry>
<entry id="14">
 <cite style="font-style:normal">Chang, Ellen T.; Hans-Olov Adami&#32;(2006).&#32;"The Enigmatic Epidemiology of Nasopharyngeal Carcinoma". <it>Cancer Epidemiology Biomarkers &amp; Prevention</it>&#32;<b>15</b>: 1765–77. <document wordnetid="106470073" confidence="0.8">
<written_communication wordnetid="106349220" confidence="0.8">
<writing wordnetid="106362953" confidence="0.8">
<link xlink:type="simple" xlink:href="../994/422994.xml">
doi</link></writing>
</written_communication>
</document>
:<weblink xlink:type="simple" xlink:href="http://dx.doi.org/10.1158%2F1055-9965.EPI-06-0353">
10.1158/1055-9965.EPI-06-0353</weblink>. PMID 17035381.</cite>&nbsp;</entry>
<entry id="15">
 <cite style="font-style:normal">Hung, Hsin-chia et al.&#32;(2004).&#32;"<weblink xlink:type="simple" xlink:href="http://www.blackwell-synergy.com/doi/abs/10.1111/j.1440-1746.2004.03346.x">
Association between diet and esophageal cancer in Taiwan</weblink>". <it>Journal of Gastroenterology and Hepatology</it>&#32;<b>19</b>&#32;(6): 632–7. <document wordnetid="106470073" confidence="0.8">
<written_communication wordnetid="106349220" confidence="0.8">
<writing wordnetid="106362953" confidence="0.8">
<link xlink:type="simple" xlink:href="../994/422994.xml">
doi</link></writing>
</written_communication>
</document>
:<weblink xlink:type="simple" xlink:href="http://dx.doi.org/10.1111%2Fj.1440-1746.2004.03346.x">
10.1111/j.1440-1746.2004.03346.x</weblink>. PMID 15151616.</cite>&nbsp;</entry>
<entry id="17">
"<weblink xlink:type="simple" xlink:href="http://www.hungrybrowser.com/phaedrus/2000b2.htm#1">
Uncle Phaedrus, Finder of Lost Recipes</weblink>".&#32;Retrieved on <link>
2008-02-13</link>.</entry>
<entry id="16">
 <cite style="font-style:normal">Siddiqi, Maqsood; R. Preussmann&#32;(1989).&#32;"<weblink xlink:type="simple" xlink:href="http://www.springerlink.com/content/q673338420ul2555/">
Esophageal cancer in Kashmir — an assessment</weblink>". <it>Journal of Cancer Research and Clinical Oncology</it>&#32;<b>115</b>&#32;(2): 111–7.&#32;Springer. <document wordnetid="106470073" confidence="0.8">
<written_communication wordnetid="106349220" confidence="0.8">
<writing wordnetid="106362953" confidence="0.8">
<link xlink:type="simple" xlink:href="../994/422994.xml">
doi</link></writing>
</written_communication>
</document>
:<weblink xlink:type="simple" xlink:href="http://dx.doi.org/10.1007%2FBF00397910">
10.1007/BF00397910</weblink>. PMID 2715165. Retrieved on <link xlink:type="simple" xlink:href="../759/21759.xml">
8 November</link>, <link xlink:type="simple" xlink:href="../165/36165.xml">
2007</link>.</cite>&nbsp;</entry>
</reflist>
</p>

</sec>
<sec>
<st>
Bibliography</st>
<p>

<list>
<entry level="1" type="bullet">

 <it>USDA Canning guides</it>, Volume 7</entry>
<entry level="1" type="bullet">

 "<weblink xlink:type="simple" xlink:href="http://rfpfaq.jaclu.com/rfpFAQ.htm">
rec.foods.preserving FAQ</weblink>".&#32;Retrieved on <link>
2006-04-23</link>.</entry>
<entry level="1" type="bullet">

  <cite id="Reference-Aubert-1999" style="font-style:normal" class="book">Aubert, Claude&#32;(1999). Keeping Food Fresh: Old World Techniques &amp; Recipes.&#32;Chelsea Green Publishing Company. ISBN 1-890132-10-1.</cite>&nbsp;</entry>
<entry level="1" type="bullet">

  <cite id="Reference-Katz-2003" style="font-style:normal" class="book">Katz, Sandor Ellix&#32;(2003). <weblink xlink:type="simple" xlink:href="http://www.wildfermentation.com/">
Wild Fermentation: The Flavor, Nutrition, and Craft of Live-Culture Foods</weblink>.&#32;Chelsea Green Publishing Company. ISBN 1-931498-23-7. Retrieved on <link>
2006-04-23</link>.</cite>&nbsp;</entry>
</list>
</p>

</sec>
<sec>
<st>
External links</st>
<p>

<list>
<entry level="1" type="bullet">

 <weblink xlink:type="simple" xlink:href="http://www.germanfoodguide.com/sauerkraut.cfm">
German Food Guide: Sauerkraut</weblink></entry>
<entry level="1" type="bullet">

 <weblink xlink:type="simple" xlink:href="http://www.kitchengardeners.org/sauerkraut.html">
12 International Sauerkraut Recipes</weblink></entry>
<entry level="1" type="bullet">

 <weblink xlink:type="simple" xlink:href="http://news.bbc.co.uk/2/hi/asia-pacific/4347443.stm">
Korean dish 'may cure bird flu'</weblink></entry>
<entry level="1" type="bullet">

 <weblink xlink:type="simple" xlink:href="http://www.wildfermentation.com/resources.php?page=sauerkraut">
Wild Fermentation recipe for making sauerkraut</weblink></entry>
<entry level="1" type="bullet">

 <weblink xlink:type="simple" xlink:href="http://www.jlindquist.net/generalmicro/324sauerkraut.html">
The Sauerkraut Fermentation described here</weblink></entry>
<entry level="1" type="bullet">

 <weblink xlink:type="simple" xlink:href="http://www.ajcn.org/cgi/content/full/73/2/380S/F2">
Fermenting food since before H. sapiens appeared</weblink></entry>
<entry level="1" type="bullet">

 <weblink xlink:type="simple" xlink:href="http://www.krautfest-le.de/">
Official L-E Krautfest Homepage</weblink></entry>
<entry level="1" type="bullet">

 <weblink xlink:type="simple" xlink:href="http://www.rawfreedomcommunity.info/forum/showthread.php?highlight=sauerkraut&amp;t=1110">
Photo Tutorial on Making Sauerkraut and KimChi</weblink></entry>
</list>
</p>

<p>

<table style=";" class="navbox" cellspacing="0">
<row>
<col style="padding:2px;">
<table class="nowraplinks collapsible {[[{&amp;lt;br /" cellspacing="0">
<row>
<col>

}, {}|{}]], <link>
{}</link>} " style="width:100%;background:transparent;color:inherit;;"&amp;gt;</col>
</row>
<row>
<header colspan="2" style=";" class="navbox-title">
Herbs and spices</header>
</row>
<row style="height:2px;">

</row>
<row>
<col colspan="2" style="width:100%;padding:0px;;;" class="navbox-list navbox-odd">
<table style="width:100%;;;;" class="nowraplinks collapsible collapsed navbox-subgroup" cellspacing="0">
<row>
<header colspan="2" style=";;" class="navbox-title">
&nbsp;<link xlink:type="simple" xlink:href="../296/13296.xml">
Herbs</link></header>
</row>
<row style="height:2px;">

</row>
<row>
<col colspan="2" style="width:100%;padding:0px;;;" class="navbox-list navbox-odd"><p>

<link xlink:type="simple" xlink:href="../306/840306.xml">
Angelica</link>&nbsp;•  <link xlink:type="simple" xlink:href="../865/346865.xml">
Basil</link>&nbsp;•  <link xlink:type="simple" xlink:href="../837/2122837.xml">
Basil, holy</link>&nbsp;•  <cultivar wordnetid="113084834" confidence="0.9508927676800064">
<link xlink:type="simple" xlink:href="../069/3308069.xml">
Basil, Thai</link></cultivar>
&nbsp;•  <link xlink:type="simple" xlink:href="../419/3419.xml">
Bay leaf</link>&nbsp;•  <link xlink:type="simple" xlink:href="../794/2676794.xml">
Boldo</link>&nbsp;•  <link xlink:type="simple" xlink:href="../419/1137419.xml">
Bolivian Coriander</link>&nbsp;•  <link xlink:type="simple" xlink:href="../698/616698.xml">
Borage</link>&nbsp;•  <link xlink:type="simple" xlink:href="../394/5394.xml">
Chervil</link>&nbsp;•  <link xlink:type="simple" xlink:href="../395/5395.xml">
Chives</link>&nbsp;•  <link xlink:type="simple" xlink:href="../761/1800761.xml">
Cicely</link>&nbsp;•  <link xlink:type="simple" xlink:href="../640/341640.xml">
Coriander leaf (cilantro)</link>&nbsp;•  <link xlink:type="simple" xlink:href="../195/472195.xml">
Cress</link>&nbsp;•  <plant wordnetid="103956922" confidence="0.8">
<structure wordnetid="104341686" confidence="0.8">
<artifact wordnetid="100021939" confidence="0.8">
<building_complex wordnetid="102914991" confidence="0.8">
<link xlink:type="simple" xlink:href="../852/851852.xml">
Curry leaf</link></building_complex>
</artifact>
</structure>
</plant>
&nbsp;•  <link xlink:type="simple" xlink:href="../985/7985.xml">
Dill</link>&nbsp;•  <link xlink:type="simple" xlink:href="../946/7723946.xml">
Elsholtzia ciliata</link>&nbsp;•  <link xlink:type="simple" xlink:href="../409/1554409.xml">
Epazote</link>&nbsp;•  <link xlink:type="simple" xlink:href="../066/1872066.xml">
Eryngium foetidum (long coriander)</link>&nbsp;•  <link xlink:type="simple" xlink:href="../313/963313.xml">
Hemp</link>&nbsp;•  <group_action wordnetid="101080366" confidence="0.8">
<commercial_enterprise wordnetid="101094725" confidence="0.8">
<transaction wordnetid="101106808" confidence="0.8">
<event wordnetid="100029378" confidence="0.8">
<output wordnetid="100914632" confidence="0.8">
<industry wordnetid="100923444" confidence="0.8">
<act wordnetid="100030358" confidence="0.8">
<psychological_feature wordnetid="100023100" confidence="0.8">
<production wordnetid="100913705" confidence="0.8">
<crop wordnetid="113085864" confidence="0.8">
<commerce wordnetid="101090446" confidence="0.8">
<link xlink:type="simple" xlink:href="../204/8278204.xml">
Hoja santa</link></commerce>
</crop>
</production>
</psychological_feature>
</act>
</industry>
</output>
</event>
</transaction>
</commercial_enterprise>
</group_action>
&nbsp;•  <plant wordnetid="103956922" confidence="0.8">
<structure wordnetid="104341686" confidence="0.8">
<artifact wordnetid="100021939" confidence="0.8">
<building_complex wordnetid="102914991" confidence="0.8">
<link xlink:type="simple" xlink:href="../702/2431702.xml">
Houttuynia cordata (<it>giấp cá</it>)</link></building_complex>
</artifact>
</structure>
</plant>
&nbsp;•  <link xlink:type="simple" xlink:href="../328/78328.xml">
Hyssop</link>&nbsp;•  <link xlink:type="simple" xlink:href="../184/3458184.xml">
Lavender</link>&nbsp;•  <link xlink:type="simple" xlink:href="../644/17644.xml">
Lemon balm</link>&nbsp;•  <link xlink:type="simple" xlink:href="../883/194883.xml">
Lemon grass</link>&nbsp;•  <link xlink:type="simple" xlink:href="../156/746156.xml">
Lemon verbena</link>&nbsp;•  <link xlink:type="simple" xlink:href="../839/4057839.xml">
Limnophila aromatica (rice paddy herb)</link>&nbsp;•  <link xlink:type="simple" xlink:href="../258/480258.xml">
Lovage</link>&nbsp;•  <link xlink:type="simple" xlink:href="../956/18956.xml">
Marjoram</link>&nbsp;•  <link xlink:type="simple" xlink:href="../955/18955.xml">
Mint</link>&nbsp;•  <plant wordnetid="103956922" confidence="0.8">
<structure wordnetid="104341686" confidence="0.8">
<artifact wordnetid="100021939" confidence="0.8">
<building_complex wordnetid="102914991" confidence="0.8">
<link xlink:type="simple" xlink:href="../736/2471736.xml">
Mitsuba</link></building_complex>
</artifact>
</structure>
</plant>
&nbsp;•  <link xlink:type="simple" xlink:href="../266/22266.xml">
Oregano</link>&nbsp;•  <link xlink:type="simple" xlink:href="../206/23206.xml">
Parsley</link>&nbsp;•  <link xlink:type="simple" xlink:href="../880/312880.xml">
Perilla (<it>shiso</it>)</link>&nbsp;•  <link xlink:type="simple" xlink:href="../484/25484.xml">
Rosemary</link>&nbsp;•  <link xlink:type="simple" xlink:href="../916/1800916.xml">
Rue</link>&nbsp;•  <link xlink:type="simple" xlink:href="../892/433892.xml">
Sage</link>&nbsp;•  <link xlink:type="simple" xlink:href="../902/26902.xml">
Savory</link>&nbsp;•  <link xlink:type="simple" xlink:href="../183/27183.xml">
Sorrel</link>&nbsp;•  <link xlink:type="simple" xlink:href="../967/29967.xml">
Tarragon</link>&nbsp;•  <link xlink:type="simple" xlink:href="../968/29968.xml">
Thyme</link>&nbsp;•  <link xlink:type="simple" xlink:href="../422/765422.xml">
Vietnamese coriander (<it>rau răm</it>)</link>&nbsp;•  <link xlink:type="simple" xlink:href="../482/1226482.xml">
Woodruff</link></p>
</col>
</row>
</table>
</col>
</row>
<row style="height:2px">

</row>
<row>
<col colspan="2" style="width:100%;padding:0px;;;" class="navbox-list navbox-even">
<table style="width:100%;;;;" class="nowraplinks collapsible collapsed navbox-subgroup" cellspacing="0">
<row>
<header colspan="2" style=";;" class="navbox-title">
&nbsp;<link xlink:type="simple" xlink:href="../897/26897.xml">
Spices</link></header>
</row>
<row style="height:2px;">

</row>
<row>
<col colspan="2" style="width:100%;padding:0px;;;" class="navbox-list navbox-odd"><p>

<link xlink:type="simple" xlink:href="../860/346860.xml">
Ajwain (bishop's weed)</link>&nbsp;•  <link xlink:type="simple" xlink:href="../188/8250188.xml">
Aleppo pepper</link>&nbsp;•  <link xlink:type="simple" xlink:href="../873/194873.xml">
Allspice</link>&nbsp;•  <link xlink:type="simple" xlink:href="../315/56315.xml#xpointer(//*[./st=%22Usage+as+food%22])">
Amchur (mango powder)</link>&nbsp;•  <link xlink:type="simple" xlink:href="../674/68674.xml">
Anise</link>&nbsp;•  <plant wordnetid="103956922" confidence="0.8">
<structure wordnetid="104341686" confidence="0.8">
<artifact wordnetid="100021939" confidence="0.8">
<building_complex wordnetid="102914991" confidence="0.8">
<link xlink:type="simple" xlink:href="../806/9167806.xml">
Aromatic ginger</link></building_complex>
</artifact>
</structure>
</plant>
&nbsp;•  <link xlink:type="simple" xlink:href="../366/193366.xml">
Asafoetida</link>&nbsp;•  <link xlink:type="simple" xlink:href="../266/2077266.xml">
Camphor</link>&nbsp;•  <link xlink:type="simple" xlink:href="../546/173546.xml">
Caraway</link>&nbsp;•  <link xlink:type="simple" xlink:href="../951/60951.xml">
Cardamom</link>&nbsp;•  <component wordnetid="103081021" confidence="0.8">
<ingredient wordnetid="103570709" confidence="0.8">
<part wordnetid="103892891" confidence="0.8">
<link xlink:type="simple" xlink:href="../953/60953.xml">
Cardamom, black</link></part>
</ingredient>
</component>
&nbsp;•  <link xlink:type="simple" xlink:href="../560/1911560.xml">
Cassia</link>&nbsp;•  <link xlink:type="simple" xlink:href="../859/90859.xml">
Cayenne pepper</link>&nbsp;•  <link xlink:type="simple" xlink:href="../535/6535.xml">
Celery seed</link>&nbsp;•  <link xlink:type="simple" xlink:href="../378/17400378.xml">
Chenpi</link>&nbsp;•  <link xlink:type="simple" xlink:href="../225/74225.xml">
Chili</link>&nbsp;•  <link xlink:type="simple" xlink:href="../469/53469.xml">
Cinnamon</link>&nbsp;•  <link xlink:type="simple" xlink:href="../950/70950.xml">
Clove</link>&nbsp;•  <link xlink:type="simple" xlink:href="../640/341640.xml">
Coriander seed</link>&nbsp;•  <link xlink:type="simple" xlink:href="../685/2871685.xml">
Cubeb</link>&nbsp;•  <link xlink:type="simple" xlink:href="../712/5712.xml">
Cumin</link>&nbsp;•  <link xlink:type="simple" xlink:href="../856/2050856.xml">
Cumin, black</link>&nbsp;•  <link xlink:type="simple" xlink:href="../985/7985.xml">
Dill &amp; dill seed</link>&nbsp;•  <link xlink:type="simple" xlink:href="../548/173548.xml">
Fennel</link>&nbsp;•  <link xlink:type="simple" xlink:href="../834/289834.xml">
Fenugreek</link>&nbsp;•  <link xlink:type="simple" xlink:href="../352/165352.xml">
Fingerroot (<it>krachai</it>)</link>&nbsp;•  <link xlink:type="simple" xlink:href="../248/5863248.xml">
Galangal, greater</link>&nbsp;•  <link xlink:type="simple" xlink:href="../550/9167550.xml">
Galangal, lesser</link>&nbsp;•  <link xlink:type="simple" xlink:href="../469/50469.xml">
Garlic</link>&nbsp;•  <link xlink:type="simple" xlink:href="../929/54929.xml">
Ginger</link>&nbsp;•  <link xlink:type="simple" xlink:href="../056/18550056.xml">
Golpar</link>&nbsp;•  <link xlink:type="simple" xlink:href="../127/294127.xml">
Grains of Paradise</link>&nbsp;•  <link xlink:type="simple" xlink:href="../776/3007776.xml">
Grains of Selim</link>&nbsp;•  <link xlink:type="simple" xlink:href="../714/45714.xml">
Horseradish</link>&nbsp;•  <link xlink:type="simple" xlink:href="../482/6135482.xml">
Juniper berry</link>&nbsp;•  <link xlink:type="simple" xlink:href="../116/249116.xml">
Liquorice</link>&nbsp;•  <link xlink:type="simple" xlink:href="../546/38546.xml">
Mace</link>&nbsp;•  <link xlink:type="simple" xlink:href="../257/3059257.xml">
Mahlab</link>&nbsp;•  <plant wordnetid="103956922" confidence="0.8">
<structure wordnetid="104341686" confidence="0.8">
<artifact wordnetid="100021939" confidence="0.8">
<building_complex wordnetid="102914991" confidence="0.8">
<link xlink:type="simple" xlink:href="../428/1746428.xml">
Malabathrum (<it>tejpat</it>)</link></building_complex>
</artifact>
</structure>
</plant>
&nbsp;•  <plant wordnetid="103956922" confidence="0.8">
<structure wordnetid="104341686" confidence="0.8">
<artifact wordnetid="100021939" confidence="0.8">
<building_complex wordnetid="102914991" confidence="0.8">
<link xlink:type="simple" xlink:href="../972/1729972.xml">
Mustard, black</link></building_complex>
</artifact>
</structure>
</plant>
&nbsp;•  <solid wordnetid="115046900" confidence="0.8">
<food wordnetid="107555863" confidence="0.8">
<vegetable wordnetid="107707451" confidence="0.8">
<produce wordnetid="107705711" confidence="0.8">
<link xlink:type="simple" xlink:href="../735/2033735.xml">
Mustard, brown</link></produce>
</vegetable>
</food>
</solid>
&nbsp;•  <link xlink:type="simple" xlink:href="../793/2729793.xml">
Mustard, white</link>&nbsp;•  <link xlink:type="simple" xlink:href="../244/2043244.xml">
Nigella (<it>kalonji</it>)</link>&nbsp;•  <link xlink:type="simple" xlink:href="../546/38546.xml">
Nutmeg</link>&nbsp;•  <link xlink:type="simple" xlink:href="../011/113011.xml">
Paprika</link>&nbsp;•  <link xlink:type="simple" xlink:href="../116/150116.xml">
Peppercorn (black, green &amp; white)</link>&nbsp;•  <link xlink:type="simple" xlink:href="../461/3072461.xml">
Pepper, long</link>&nbsp;•  <plant wordnetid="100017222" confidence="0.8">
<tree wordnetid="113104059" confidence="0.8">
<vascular_plant wordnetid="113083586" confidence="0.8">
<woody_plant wordnetid="113103136" confidence="0.8">
<link xlink:type="simple" xlink:href="../340/2134340.xml">
Pepper, Brazilian</link></woody_plant>
</vascular_plant>
</tree>
</plant>
&nbsp;•  <plant wordnetid="100017222" confidence="0.8">
<tree wordnetid="113104059" confidence="0.8">
<vascular_plant wordnetid="113083586" confidence="0.8">
<woody_plant wordnetid="113103136" confidence="0.8">
<link xlink:type="simple" xlink:href="../551/8736551.xml">
Pepper, Peruvian</link></woody_plant>
</vascular_plant>
</tree>
</plant>
&nbsp;•  <link xlink:type="simple" xlink:href="../549/74549.xml">
Pomegranate seed (<it>anardana</it>)</link>&nbsp;•  <link xlink:type="simple" xlink:href="../758/161758.xml">
Poppy seed</link>&nbsp;•  <link xlink:type="simple" xlink:href="../332/53332.xml">
Saffron</link>&nbsp;•  <link xlink:type="simple" xlink:href="../809/499809.xml">
Sarsaparilla</link>&nbsp;•  <link xlink:type="simple" xlink:href="../033/168033.xml">
Sassafras</link>&nbsp;•  <link xlink:type="simple" xlink:href="../420/82420.xml">
Sesame</link>&nbsp;•  <link xlink:type="simple" xlink:href="../190/60190.xml">
Sichuan pepper (<it>huājiāo</it>, <it>sansho</it>)</link>&nbsp;•  <link xlink:type="simple" xlink:href="../575/192575.xml">
Star anise</link>&nbsp;•  <link xlink:type="simple" xlink:href="../232/69232.xml">
Sumac</link>&nbsp;•  <link xlink:type="simple" xlink:href="../929/1001929.xml">
Tasmanian pepper</link>&nbsp;•  <link xlink:type="simple" xlink:href="../931/227931.xml">
Tamarind</link>&nbsp;•  <link xlink:type="simple" xlink:href="../991/2347991.xml">
Tonka bean</link>&nbsp;•  <link xlink:type="simple" xlink:href="../973/29973.xml">
Turmeric</link>&nbsp;•  <link xlink:type="simple" xlink:href="../623/32623.xml">
Vanilla</link>&nbsp;•  <link xlink:type="simple" xlink:href="../637/33637.xml">
Wasabi</link>&nbsp;•  <plant wordnetid="103956922" confidence="0.8">
<structure wordnetid="104341686" confidence="0.8">
<artifact wordnetid="100021939" confidence="0.8">
<building_complex wordnetid="102914991" confidence="0.8">
<link xlink:type="simple" xlink:href="../389/882389.xml">
Zedoary</link></building_complex>
</artifact>
</structure>
</plant>
&nbsp;•  <component wordnetid="103081021" confidence="0.8">
<ingredient wordnetid="103570709" confidence="0.8">
<part wordnetid="103892891" confidence="0.8">
<link xlink:type="simple" xlink:href="../416/4430416.xml">
Zest</link></part>
</ingredient>
</component>
</p>
</col>
</row>
</table>
</col>
</row>
<row style="height:2px">

</row>
<row>
<col colspan="2" style="width:100%;padding:0px;;;" class="navbox-list navbox-odd">
<table style="width:100%;;;;" class="nowraplinks collapsible collapsed navbox-subgroup" cellspacing="0">
<row>
<header colspan="2" style=";;" class="navbox-title">
&nbsp;<link xlink:type="simple" xlink:href="../637/803637.xml">
Herb and spice mixtures</link></header>
</row>
<row style="height:2px;">

</row>
<row>
<col colspan="2" style="width:100%;padding:0px;;;" class="navbox-list navbox-odd">
<link xlink:type="simple" xlink:href="../255/6068255.xml">
Adjika</link>&nbsp;•  <link xlink:type="simple" xlink:href="../991/10078991.xml">
Advieh</link>&nbsp;•  <link xlink:type="simple" xlink:href="../349/6341349.xml">
Afghan spice rub</link>&nbsp;•  <link xlink:type="simple" xlink:href="../052/15054052.xml">
Baharat</link>&nbsp;•  <link xlink:type="simple" xlink:href="../855/1995855.xml">
Berbere</link>&nbsp;•  <link xlink:type="simple" xlink:href="../196/746196.xml">
Bouquet garni</link>&nbsp;•  <component wordnetid="103081021" confidence="0.8">
<ingredient wordnetid="103570709" confidence="0.8">
<part wordnetid="103892891" confidence="0.8">
<link xlink:type="simple" xlink:href="../148/6913148.xml">
Buknu</link></part>
</ingredient>
</component>
&nbsp;•  <component wordnetid="103081021" confidence="0.8">
<ingredient wordnetid="103570709" confidence="0.8">
<part wordnetid="103892891" confidence="0.8">
<link xlink:type="simple" xlink:href="../908/3832908.xml">
Chaat masala</link></part>
</ingredient>
</component>
&nbsp;•  <technique wordnetid="105665146" confidence="0.8">
<component wordnetid="103081021" confidence="0.8">
<know-how wordnetid="105616786" confidence="0.8">
<method wordnetid="105660268" confidence="0.8">
<ingredient wordnetid="103570709" confidence="0.8">
<part wordnetid="103892891" confidence="0.8">
<link xlink:type="simple" xlink:href="../109/6922109.xml">
Chaunk</link></part>
</ingredient>
</method>
</know-how>
</component>
</technique>
&nbsp;•  <link xlink:type="simple" xlink:href="../642/803642.xml">
Chili powder</link>&nbsp;•  <link xlink:type="simple" xlink:href="../897/5817897.xml">
Crab boil</link>&nbsp;•  <link xlink:type="simple" xlink:href="../204/323204.xml">
Curry powder</link>&nbsp;•  <link xlink:type="simple" xlink:href="../882/194882.xml">
Fines herbes</link>&nbsp;•  <component wordnetid="103081021" confidence="0.8">
<ingredient wordnetid="103570709" confidence="0.8">
<part wordnetid="103892891" confidence="0.8">
<link xlink:type="simple" xlink:href="../003/11003.xml">
Five-spice powder</link></part>
</ingredient>
</component>
&nbsp;•  <component wordnetid="103081021" confidence="0.8">
<ingredient wordnetid="103570709" confidence="0.8">
<part wordnetid="103892891" confidence="0.8">
<link xlink:type="simple" xlink:href="../874/194874.xml">
Garam masala</link></part>
</ingredient>
</component>
&nbsp;•  <link xlink:type="simple" xlink:href="../368/10339368.xml">
Garlic salt</link>&nbsp;•  <link xlink:type="simple" xlink:href="../359/606359.xml">
Harissa</link>&nbsp;•  <link xlink:type="simple" xlink:href="../315/169315.xml">
Herbes de Provence</link>&nbsp;•  <link xlink:type="simple" xlink:href="../441/1027441.xml">
Jerk spice</link>&nbsp;&amp;bull; <link xlink:type="simple" xlink:href="../193/5436193.xml">
Khmeli suneli</link>&nbsp;•  <link xlink:type="simple" xlink:href="../418/11065418.xml">
Lemon pepper</link>&nbsp;•  <component wordnetid="103081021" confidence="0.8">
<ingredient wordnetid="103570709" confidence="0.8">
<part wordnetid="103892891" confidence="0.8">
<link xlink:type="simple" xlink:href="../813/548813.xml">
Masala</link></part>
</ingredient>
</component>
&nbsp;•  <link xlink:type="simple" xlink:href="../013/12029013.xml">
Mitmita</link>&nbsp;•  <link xlink:type="simple" xlink:href="../891/2503891.xml">
Mixed spice</link>&nbsp;•  <link xlink:type="simple" xlink:href="../085/1968085.xml">
Old Bay Seasoning</link>&nbsp;•  <component wordnetid="103081021" confidence="0.8">
<ingredient wordnetid="103570709" confidence="0.8">
<part wordnetid="103892891" confidence="0.8">
<link xlink:type="simple" xlink:href="../968/1969968.xml">
Panch phoron</link></part>
</ingredient>
</component>
&nbsp;•  <link xlink:type="simple" xlink:href="../889/6966889.xml">
Persillade</link>&nbsp;•  <link xlink:type="simple" xlink:href="../318/12091318.xml">
Pumpkin pie spice</link>&nbsp;•  <link>
Qâlat Daqqa</link>&nbsp;•  <link>
Quatre épices</link>&nbsp;•  <link xlink:type="simple" xlink:href="../594/1584594.xml">
Ras el hanout</link>&nbsp;•  <link xlink:type="simple" xlink:href="../719/1584719.xml">
Recado rojo</link>&nbsp;•  <link xlink:type="simple" xlink:href="../806/1975806.xml">
Sharena sol</link>&nbsp;•  <component wordnetid="103081021" confidence="0.8">
<ingredient wordnetid="103570709" confidence="0.8">
<part wordnetid="103892891" confidence="0.8">
<link xlink:type="simple" xlink:href="../670/1584670.xml">
Shichimi</link></part>
</ingredient>
</component>
&nbsp;•  <link xlink:type="simple" xlink:href="../398/18734398.xml">
Tabil</link>&nbsp;•  <component wordnetid="103081021" confidence="0.8">
<ingredient wordnetid="103570709" confidence="0.8">
<part wordnetid="103892891" confidence="0.8">
<link xlink:type="simple" xlink:href="../806/3684806.xml">
Tandoori masala</link></part>
</ingredient>
</component>
&nbsp;•  <link xlink:type="simple" xlink:href="../445/1584445.xml">
Za'atar</link></col>
</row>
</table>
</col>
</row>
<row style="height:2px">

</row>
<row>
<col colspan="2" style="width:100%;padding:0px;;;" class="navbox-list navbox-even">
<table style="width:100%;;;;" class="nowraplinks collapsible collapsed navbox-subgroup" cellspacing="0">
<row>
<header colspan="2" style=";;" class="navbox-title">
&nbsp;Lists of herbs and spices</header>
</row>
<row style="height:2px;">

</row>
<row>
<col colspan="2" style="width:100%;padding:0px;;;" class="navbox-list navbox-odd">
<link xlink:type="simple" xlink:href="../852/6516852.xml">
List of Australian herbs and spices</link>&nbsp;&amp;bull;  <component wordnetid="103081021" confidence="0.8">
<ingredient wordnetid="103570709" confidence="0.8">
<part wordnetid="103892891" confidence="0.8">
<link xlink:type="simple" xlink:href="../452/5614452.xml">
Chinese herbs</link></part>
</ingredient>
</component>
&nbsp;&amp;bull;  <link xlink:type="simple" xlink:href="../836/3982836.xml">
List of Indian spices</link>&nbsp;&amp;bull;  <link xlink:type="simple" xlink:href="../487/125487.xml">
List of culinary herbs and spices</link></col>
</row>
</table>
</col>
</row>
<row style="height:2px">

</row>
<row>
<col colspan="2" style="width:100%;padding:0px;;;" class="navbox-list navbox-odd">
<table style="width:100%;;;;" class="nowraplinks collapsible collapsed navbox-subgroup" cellspacing="0">
<row>
<header colspan="2" style=";;" class="navbox-title">
&nbsp;Related topics</header>
</row>
<row style="height:2px;">

</row>
<row>
<col colspan="2" style="width:100%;padding:0px;;;" class="navbox-list navbox-odd">
<link xlink:type="simple" xlink:href="../864/52864.xml">
Marinating</link>&nbsp;&amp;bull;  <link xlink:type="simple" xlink:href="../293/6380293.xml">
Spice rub</link></col>
</row>
</table>
</col>
</row>
</table>
</col>
</row>
</table>
</p>



</sec>
</bdy>
</food>
</article>
