<?xml version="1.0" encoding="UTF-8"?>
<!-- generated by CLiX/Wiki2XML [MPI-Inf, MMCI@UdS] $LastChangedRevision: 92 $ on 16.04.2009 16:26:07[mciao0825] -->
<!DOCTYPE article SYSTEM "../article.dtd">
<article xmlns:xlink="http://www.w3.org/1999/xlink">
<entity  confidence="0.9511911446218017" wordnetid="100001740">
<trial  confidence="0.9511911446218017" wordnetid="105799212">
<header>
<title>Primality test</title>
<id>183751</id>
<revision>
<id>229142415</id>
<timestamp>2008-08-01T01:34:24Z</timestamp>
<contributor>
<username>CountingPine</username>
<id>1949034</id>
</contributor>
</revision>
<categories>
<category>Primality tests</category>
<category>Asymmetric-key cryptosystems</category>
</categories>
</header>
<bdy>

A <b>primality test</b> is an <link xlink:type="simple" xlink:href="../775/775.xml">
algorithm</link> for determining whether an input number is <link xlink:type="simple" xlink:href="../666/23666.xml">
prime</link>. It is important to note the difference between primality testing and <link xlink:type="simple" xlink:href="../491/15491.xml">
integer factorization</link>. As of <link xlink:type="simple" xlink:href="../825/35825.xml">
2008</link>, factorization is a computationally hard problem, whereas primality testing is comparatively easy.
<sec>
<st>
Naïve methods</st>
<p>

The simplest primality test is as follows:  Given an input number <it>n</it>,
check whether any integer <it>m</it> from 2 to <it>n</it>&nbsp;&amp;minus;&nbsp;1 <link xlink:type="simple" xlink:href="../492/49492.xml">
divides</link> <it>n</it>.  If <it>n</it> is divisible by any <it>m</it> then <it>n</it> is composite, otherwise it is prime.</p>
<p>

However, rather than testing all <it>m</it> up to <it>n</it>&nbsp;&amp;minus;&nbsp;1, it is only necessary to test <it>m</it> up to <math>\scriptstyle\sqrt n</math>:  if <it>n</it> is composite then it can be factored into two values, at least one of which must be less than or equal to <math>\scriptstyle\sqrt n</math>.  </p>
<p>

The efficiency can also be improved by skipping all even <it>m</it> except 2, since if any even number divides <it>n</it> then 2 does.   It can be improved further by observing that all primes are of the form 6<it>k</it>&nbsp;±&nbsp;1, with the only exceptions of 2 and 3. This is because all integers can be expressed as (6<it>k</it>&nbsp;+&nbsp;<it>i</it>) for some <it>k</it> and for <it>i</it> = &amp;minus;1, 0, 1, 2, 3, or 4;  2 divides (6<it>k</it>&nbsp;+&nbsp;0), (6<it>k</it>&nbsp;+&nbsp;2), (6<it>k</it>&nbsp;+&nbsp;4); and 3 divides (6<it>k</it>&nbsp;+&nbsp;3). So a more efficient method is to test if <it>n</it> is divisible by 2 or 3, then to check through all the numbers of form 6<it>k</it>&nbsp;±&nbsp;1 <math>\scriptstyle{}\leq\sqrt n</math>. This is 3 times as fast as the previous method.</p>
<p>

Generalising further, it can be seen that all primes are of the form <it>c</it>#<it>k</it>&nbsp;+&nbsp;<it>i</it> for <it>i</it>&nbsp;&nbsp;<it>c</it># where <it>i</it> represents the numbers that are <link xlink:type="simple" xlink:href="../556/6556.xml">
coprime</link> to <link xlink:type="simple" xlink:href="../786/422786.xml">
c#</link>. In fact, as <it>c</it>&nbsp;→&nbsp;∞ the number of values that <it>c</it>#<it>k</it>&nbsp;+&nbsp;<it>i</it> can take over a certain range decreases, and so the time to test <it>n</it> decreases. For this method, it is also necessary to check for divisibility by all primes that are less than <it>c</it>.  Observations analogous to the preceding can be applied <link xlink:type="simple" xlink:href="../798/54798.xml">
recursive</link>ly, giving the <link xlink:type="simple" xlink:href="../415/73415.xml">
sieve of Eratosthenes</link>.</p>
<p>

A good way to speed up these methods (and all the others mentioned below) is to pre-compute and store a list of all primes up to a certain bound, say all primes up to 200. (Such a list can be computed with the Sieve of Eratosthenes). Then, before testing <it>n</it> for primality with a serious method, <it>n</it> can first be checked for divisibility by any prime from the list.  If it divides any of those numbers then it is composite, and any further tests can be skipped.</p>

</sec>
<sec>
<st>
Probabilistic tests</st>
<p>

Most popular primality tests are <link xlink:type="simple" xlink:href="../383/495383.xml">
probabilistic tests</link>. These tests use, apart from the tested number <it>n</it>, some other numbers <it>a</it> which are chosen at random from some sample space; the usual randomized primality tests never report a prime number as composite, but it is possible for a composite number to be reported as prime. The probability of error can be reduced by repeating the test with several independently chosen values of <it>a</it>; for two commonly used tests, for <it>any</it> composite <it>n</it> at least half the <it>a</it>s detect <it>n</it> 's compositeness, so <it>k</it> repetitions reduce the error probability to at most 2&amp;minus;<it>k</it>, which can be made arbitrarily small by increasing <it>k</it>.</p>
<p>

The basic structure of randomized primality tests is as follows:</p>
<p>

<list>
<entry level="1" type="number">

Randomly pick a number <it>a</it>.</entry>
<entry level="1" type="number">

Check some equality involving <it>a</it> and the given number <it>n</it>. If the equality fails to hold true, then <it>n</it> is a <link xlink:type="simple" xlink:href="../289/82289.xml">
composite number</link>, <it>a</it> is known as a <it>witness</it> for the compositeness, and the test stops.</entry>
<entry level="1" type="number">

Repeat from step 1 until the required certainty is achieved.</entry>
</list>
</p>
<p>

After several iterations, if <it>n</it> is not found to be a <link xlink:type="simple" xlink:href="../289/82289.xml">
composite number</link>, then it can be declared <link xlink:type="simple" xlink:href="../560/160560.xml">
probably prime</link>.</p>
<p>

The simplest probabilistic primality test is the
<process wordnetid="105701363" confidence="0.8">
<inquiry wordnetid="105797597" confidence="0.8">
<thinking wordnetid="105770926" confidence="0.8">
<problem_solving wordnetid="105796750" confidence="0.8">
<experiment wordnetid="105798043" confidence="0.8">
<trial wordnetid="105799212" confidence="0.8">
<higher_cognitive_process wordnetid="105770664" confidence="0.8">
<link xlink:type="simple" xlink:href="../755/157755.xml">
Fermat primality test</link></higher_cognitive_process>
</trial>
</experiment>
</problem_solving>
</thinking>
</inquiry>
</process>
. It is only a heuristic test; some composite numbers (<series wordnetid="108457976" confidence="0.8">
<arrangement wordnetid="107938773" confidence="0.8">
<sequence wordnetid="108459252" confidence="0.8">
<ordering wordnetid="108456993" confidence="0.8">
<group wordnetid="100031264" confidence="0.8">
<link xlink:type="simple" xlink:href="../723/7723.xml">
Carmichael number</link></group>
</ordering>
</sequence>
</arrangement>
</series>
s) will be declared "probably prime" no matter what witness is chosen.  Nevertheless, it is sometimes used if a rapid screening of numbers is needed, for instance in the key generation phase of the <link xlink:type="simple" xlink:href="../385/25385.xml">
RSA public key cryptographical algorithm</link>.</p>
<p>

The <region wordnetid="108630985" confidence="0.8">
<process wordnetid="105701363" confidence="0.8">
<field wordnetid="108569998" confidence="0.8">
<inquiry wordnetid="105797597" confidence="0.8">
<thinking wordnetid="105770926" confidence="0.8">
<location wordnetid="100027167" confidence="0.8">
<tract wordnetid="108673395" confidence="0.8">
<problem_solving wordnetid="105796750" confidence="0.8">
<experiment wordnetid="105798043" confidence="0.8">
<geographical_area wordnetid="108574314" confidence="0.8">
<trial wordnetid="105799212" confidence="0.8">
<higher_cognitive_process wordnetid="105770664" confidence="0.8">
<link xlink:type="simple" xlink:href="../999/188999.xml">
Miller-Rabin primality test</link></higher_cognitive_process>
</trial>
</geographical_area>
</experiment>
</problem_solving>
</tract>
</location>
</thinking>
</inquiry>
</field>
</process>
</region>
 and <process wordnetid="105701363" confidence="0.8">
<inquiry wordnetid="105797597" confidence="0.8">
<thinking wordnetid="105770926" confidence="0.8">
<problem_solving wordnetid="105796750" confidence="0.8">
<experiment wordnetid="105798043" confidence="0.8">
<trial wordnetid="105799212" confidence="0.8">
<higher_cognitive_process wordnetid="105770664" confidence="0.8">
<link xlink:type="simple" xlink:href="../089/1013089.xml">
Solovay-Strassen primality test</link></higher_cognitive_process>
</trial>
</experiment>
</problem_solving>
</thinking>
</inquiry>
</process>
 are more sophisticated variants which detect all composites (once again, this means: for <it>every</it> composite number <it>n</it>, at least 3/4 (Miller-Rabin) or 1/2 (Solovay-Strassen) of numbers <it>a</it> are witnesses of compositeness of <it>n</it>).  They are often the methods of choice, as they are much faster than other general primality tests.  For high confidence, the <link xlink:type="simple" xlink:href="../360/2246360.xml">
Frobenius pseudoprimality test</link> detects at least 99.987% of composites, though its runtime is typically three times that of Solovay-Strassen or Miller-Rabin.</p>
<p>

<person wordnetid="100007846" confidence="0.9508927676800064">
<scientist wordnetid="110560637" confidence="0.9508927676800064">
<link xlink:type="simple" xlink:href="../886/249886.xml">
Leonard Adleman</link></scientist>
</person>
 and Huang presented an errorless (but expected polynomial-time) variant of the <link xlink:type="simple" xlink:href="../015/4049015.xml">
elliptic curve primality test</link>. Unlike the other probabilistic tests, this algorithm produces a certificate for primality, and thus can be used to prove that a number is prime. The algorithm is prohibitively slow in practice.</p>

</sec>
<sec>
<st>
Fast deterministic tests</st>
<p>

The first <link xlink:type="simple" xlink:href="../951/665951.xml">
deterministic</link> primality test significantly faster than the naïve methods was the <link xlink:type="simple" xlink:href="../761/8198761.xml">
cyclotomy test</link>; its runtime can be proven to be <link xlink:type="simple" xlink:href="../578/44578.xml">
O</link>((log&nbsp;<it>n</it>)<it>c</it>log log log <it>n</it>), where <it>n</it> is the number to test for primality and <it>c</it> is a constant independent of <it>n</it>. </p>
<p>

The <link xlink:type="simple" xlink:href="../015/4049015.xml">
elliptic curve primality test</link> can be proven to run in O((log&nbsp;<it>n</it>)6), but only if some still unproven (but widely assumed to be true) statements of analytic number theory are used. It is one of the most often used deterministic tests in practice.</p>
<p>

The implementation of these two methods is rather difficult, creating a risk of programming errors; this is one reason they are not preferred.</p>
<p>

If the <link xlink:type="simple" xlink:href="../567/152567.xml">
generalized Riemann hypothesis</link> is assumed, the Miller-Rabin test can be turned into a deterministic version with runtime Õ((log&nbsp;<it>n</it>)4). In practice, this algorithm is slower than the other two for sizes of numbers that can be dealt with at all.</p>
<p>

In 2002, Manindra Agrawal, Nitin Saxena and Neeraj Kayal described a new deterministic primality test, the <process wordnetid="105701363" confidence="0.8">
<institute wordnetid="108407330" confidence="0.8">
<inquiry wordnetid="105797597" confidence="0.8">
<thinking wordnetid="105770926" confidence="0.8">
<association wordnetid="108049401" confidence="0.8">
<problem_solving wordnetid="105796750" confidence="0.8">
<experiment wordnetid="105798043" confidence="0.8">
<trial wordnetid="105799212" confidence="0.8">
<higher_cognitive_process wordnetid="105770664" confidence="0.8">
<link xlink:type="simple" xlink:href="../847/405847.xml">
AKS primality test</link></higher_cognitive_process>
</trial>
</experiment>
</problem_solving>
</association>
</thinking>
</inquiry>
</institute>
</process>
, which they proved runs in Õ((log&nbsp;<it>n</it>)12), later improved to Õ((log&nbsp;<it>n</it>)6) <ref xlink:type="simple" xlink:href="#xpointer(//reflist/entry[@id=%221%22])">1</ref>. In practice, this algorithm is slower than probabilistic methods.</p>

</sec>
<sec>
<st>
Complexity</st>
<p>

In <link xlink:type="simple" xlink:href="../543/7543.xml">
computational complexity theory</link>, the formal language corresponding to the prime numbers is denoted as PRIMES.  It is easy to show that PRIMES is in <b>coNP</b>: its complement COMPOSITES is in <b>NP</b> because one can decide compositeness by nondeterministically guessing a factor.</p>
<p>

In 1975, <physical_entity wordnetid="100001930" confidence="0.8">
<peer wordnetid="109626238" confidence="0.8">
<person wordnetid="100007846" confidence="0.8">
<intellectual wordnetid="109621545" confidence="0.8">
<colleague wordnetid="109935990" confidence="0.8">
<alumnus wordnetid="109786338" confidence="0.8">
<causal_agent wordnetid="100007347" confidence="0.8">
<scientist wordnetid="110560637" confidence="0.8">
<scholar wordnetid="110557854" confidence="0.8">
<associate wordnetid="109816771" confidence="0.8">
<link xlink:type="simple" xlink:href="../977/1597977.xml">
Vaughan Pratt</link></associate>
</scholar>
</scientist>
</causal_agent>
</alumnus>
</colleague>
</intellectual>
</person>
</peer>
</physical_entity>
 showed that there existed a certificate for primality that was checkable in polynomial time, and thus that PRIMES was in <class wordnetid="107997703" confidence="0.8">
<collection wordnetid="107951464" confidence="0.8">
<group wordnetid="100031264" confidence="0.8">
<link xlink:type="simple" xlink:href="../562/21562.xml">
NP</link></group>
</collection>
</class>
, and therefore in <b>NP ∩ coNP</b>. See <link xlink:type="simple" xlink:href="../235/3691235.xml">
primality certificate</link> for details.</p>
<p>

The subsequent discovery of the Solovay-Strassen and Miller-Rabin algorithms put PRIMES in <class wordnetid="107997703" confidence="0.8">
<collection wordnetid="107951464" confidence="0.8">
<group wordnetid="100031264" confidence="0.8">
<link xlink:type="simple" xlink:href="../771/54771.xml">
coRP</link></group>
</collection>
</class>
. In 1992, the Adleman-Huang algorithm reduced the complexity to <class wordnetid="107997703" confidence="0.8">
<collection wordnetid="107951464" confidence="0.8">
<group wordnetid="100031264" confidence="0.8">
<link xlink:type="simple" xlink:href="../772/54772.xml">
ZPP</link></group>
</collection>
</class>
 = <b>RP</b> ∩ <b>coRP</b>, which superseded Pratt's result.</p>
<p>

The cyclotomy test of Adleman, <link xlink:type="simple" xlink:href="../159/2134159.xml">
Pomerance</link>, and Rumely from 1983 put PRIMES in <b>QP</b> (<link>
quasi-polynomial time</link>), which is not known to be comparable with the classes mentioned above.</p>
<p>

Because of its tractability in practice, polynomial-time algorithms assuming the Riemann hypothesis, and other similar evidence, it was long suspected but not proven that primality could be solved in polynomial time. The existence of the <process wordnetid="105701363" confidence="0.8">
<institute wordnetid="108407330" confidence="0.8">
<inquiry wordnetid="105797597" confidence="0.8">
<thinking wordnetid="105770926" confidence="0.8">
<association wordnetid="108049401" confidence="0.8">
<problem_solving wordnetid="105796750" confidence="0.8">
<experiment wordnetid="105798043" confidence="0.8">
<trial wordnetid="105799212" confidence="0.8">
<higher_cognitive_process wordnetid="105770664" confidence="0.8">
<link xlink:type="simple" xlink:href="../847/405847.xml">
AKS primality test</link></higher_cognitive_process>
</trial>
</experiment>
</problem_solving>
</association>
</thinking>
</inquiry>
</institute>
</process>
 finally settled this long-standing question and placed PRIMES in <b><class wordnetid="107997703" confidence="0.8">
<collection wordnetid="107951464" confidence="0.8">
<group wordnetid="100031264" confidence="0.8">
<link xlink:type="simple" xlink:href="../550/658550.xml">
P</link></group>
</collection>
</class>
</b>. However, PRIMES is not known to be <class wordnetid="107997703" confidence="0.8">
<collection wordnetid="107951464" confidence="0.8">
<group wordnetid="100031264" confidence="0.8">
<link xlink:type="simple" xlink:href="../683/54683.xml">
P-complete</link></group>
</collection>
</class>
, and it is not known whether it lies in classes lying inside <b>P</b> such as <mathematical_relation wordnetid="113783581" confidence="0.8">
<class wordnetid="107997703" confidence="0.8">
<collection wordnetid="107951464" confidence="0.8">
<group wordnetid="100031264" confidence="0.8">
<operator wordnetid="113786413" confidence="0.8">
<function wordnetid="113783816" confidence="0.8">
<link xlink:type="simple" xlink:href="../999/1149999.xml">
L</link></function>
</operator>
</group>
</collection>
</class>
</mathematical_relation>
 or <class wordnetid="107997703" confidence="0.8">
<collection wordnetid="107951464" confidence="0.8">
<group wordnetid="100031264" confidence="0.8">
<link xlink:type="simple" xlink:href="../073/22073.xml">
NC</link></group>
</collection>
</class>
.</p>

</sec>
<sec>
<st>
Number-theoretic methods</st>
<p>

Certain number-theoretic methods exist for testing whether a number is prime, such as the <link xlink:type="simple" xlink:href="../169/359169.xml">
Lucas-Lehmer test</link> and <statement wordnetid="106722453" confidence="0.8">
<process wordnetid="105701363" confidence="0.8">
<message wordnetid="106598915" confidence="0.8">
<inquiry wordnetid="105797597" confidence="0.8">
<thinking wordnetid="105770926" confidence="0.8">
<theorem wordnetid="106752293" confidence="0.8">
<problem_solving wordnetid="105796750" confidence="0.8">
<experiment wordnetid="105798043" confidence="0.8">
<proposition wordnetid="106750804" confidence="0.8">
<trial wordnetid="105799212" confidence="0.8">
<higher_cognitive_process wordnetid="105770664" confidence="0.8">
<link xlink:type="simple" xlink:href="../985/3225985.xml">
Proth's test</link></higher_cognitive_process>
</trial>
</proposition>
</experiment>
</problem_solving>
</theorem>
</thinking>
</inquiry>
</message>
</process>
</statement>
. These tests typically require factorization of <it>n</it> + 1, <it>n</it> &amp;minus; 1, or a similar quantity, which means that they are not useful for general-purpose primality testing, but they are often quite powerful when the tested number <it>n</it> is known to have a special form.</p>
<p>

The Lucas-Lehmer test relies on the fact that the <link xlink:type="simple" xlink:href="../542/344542.xml">
multiplicative order</link> of a number <it>a</it> modulo <it>n</it> is <it>n</it> &amp;minus; 1 for a prime <it>n</it> when <it>a</it> is a <link xlink:type="simple" xlink:href="../864/186864.xml">
primitive root modulo n</link>. If we can show <it>a</it> is primitive for <it>n</it>, we can show <it>n</it> is prime.</p>

</sec>
<sec>
<st>
See also</st>
<p>

<list>
<entry level="1" type="bullet">

<link xlink:type="simple" xlink:href="../917/1813917.xml">
UBASIC</link> for practical program (APRT-CLE).</entry>
</list>
</p>

</sec>
<sec>
<st>
References</st>
<p>

<reflist>
<entry id="1">
Carl Pomerance and Hendrik W. Lenstra, <weblink xlink:type="simple" xlink:href="http://www.math.dartmouth.edu/~carlp/PDF/complexity12.pdf">
http://www.math.dartmouth.edu/~carlp/PDF/complexity12.pdf</weblink></entry>
</reflist>
</p>
<p>

<list>
<entry level="1" type="bullet">

  <cite style="font-style:normal" class="book"><physical_entity wordnetid="100001930" confidence="0.8">
<person wordnetid="100007846" confidence="0.8">
<causal_agent wordnetid="100007347" confidence="0.8">
<scientist wordnetid="110560637" confidence="0.8">
<link xlink:type="simple" xlink:href="../048/9210048.xml">
Richard Crandall</link></scientist>
</causal_agent>
</person>
</physical_entity>
 and <physical_entity wordnetid="100001930" confidence="0.8">
<person wordnetid="100007846" confidence="0.8">
<causal_agent wordnetid="100007347" confidence="0.8">
<scientist wordnetid="110560637" confidence="0.8">
<mathematician wordnetid="110301261" confidence="0.8">
<link xlink:type="simple" xlink:href="../159/2134159.xml">
Carl Pomerance</link></mathematician>
</scientist>
</causal_agent>
</person>
</physical_entity>
&#32;(2005). Prime Numbers: A Computational Perspective, 2nd edition,&#32;Springer. ISBN 0-387-25282-7.</cite>&nbsp; Chapter 3: Recognizing Primes and Composites, pp.109&ndash;158. Chapter 4: Primality Proving, pp.159&ndash;190. Section 7.6: Elliptic curve primality proving (ECPP), pp.334&ndash;340.</entry>
<entry level="1" type="bullet">

  <cite id="Reference-Knuth-1997" style="font-style:normal" class="book"><person wordnetid="100007846" confidence="0.9508927676800064">
<scientist wordnetid="110560637" confidence="0.9508927676800064">
<link xlink:type="simple" xlink:href="../095/8095.xml">
Knuth, Donald</link></scientist>
</person>
&#32;(1997).&#32;"section 4.5.4", The Art of Computer Programming, Third Edition&#32;<b>Volume 2: Seminumerical Algorithms</b>,&#32;Addison-Wesley,&#32;391&ndash;396. ISBN 0-201-89684-2.</cite>&nbsp;</entry>
<entry level="1" type="bullet">

  <cite style="font-style:normal" class="book"><scientist wordnetid="110560637" confidence="0.9508927676800064">
<link xlink:type="simple" xlink:href="../475/4108475.xml">
Thomas H. Cormen</link></scientist>
, <scientist wordnetid="110560637" confidence="0.9508927676800064">
<link xlink:type="simple" xlink:href="../884/1400884.xml">
Charles E. Leiserson</link></scientist>
, <link xlink:type="simple" xlink:href="../057/68057.xml">
Ronald L. Rivest</link>, and <scientist wordnetid="110560637" confidence="0.9508927676800064">
<link xlink:type="simple" xlink:href="../993/3489993.xml">
Clifford Stein</link></scientist>
&#32;(2001).&#32;"Section 31.8: Primality testing", <work wordnetid="104599396" confidence="0.8">
<product wordnetid="104007894" confidence="0.8">
<creation wordnetid="103129123" confidence="0.8">
<artifact wordnetid="100021939" confidence="0.8">
<book wordnetid="106410904" confidence="0.8">
<publication wordnetid="106589574" confidence="0.8">
<link xlink:type="simple" xlink:href="../226/3499226.xml">
Introduction to Algorithms</link></publication>
</book>
</artifact>
</creation>
</product>
</work>
, Second Edition,&#32;MIT Press and McGraw-Hill,&#32;887&ndash;896. ISBN 0-262-03293-7.</cite>&nbsp;</entry>
<entry level="1" type="bullet">

  <cite style="font-style:normal" class="book"><physical_entity wordnetid="100001930" confidence="0.8">
<peer wordnetid="109626238" confidence="0.8">
<person wordnetid="100007846" confidence="0.8">
<honoree wordnetid="110183757" confidence="0.8">
<intellectual wordnetid="109621545" confidence="0.8">
<colleague wordnetid="109935990" confidence="0.8">
<acquirer wordnetid="109764201" confidence="0.8">
<scientist wordnetid="110560637" confidence="0.8">
<adult wordnetid="109605289" confidence="0.8">
<professional wordnetid="110480253" confidence="0.8">
<recipient wordnetid="109627906" confidence="0.8">
<educator wordnetid="110045713" confidence="0.8">
<associate wordnetid="109816771" confidence="0.8">
<communicator wordnetid="109610660" confidence="0.8">
<laureate wordnetid="110249011" confidence="0.8">
<alumnus wordnetid="109786338" confidence="0.8">
<academician wordnetid="109759069" confidence="0.8">
<causal_agent wordnetid="100007347" confidence="0.8">
<writer wordnetid="110794014" confidence="0.8">
<scholar wordnetid="110557854" confidence="0.8">
<link xlink:type="simple" xlink:href="../428/3509428.xml">
Christos Papadimitriou</link></scholar>
</writer>
</causal_agent>
</academician>
</alumnus>
</laureate>
</communicator>
</associate>
</educator>
</recipient>
</professional>
</adult>
</scientist>
</acquirer>
</colleague>
</intellectual>
</honoree>
</person>
</peer>
</physical_entity>
&#32;(1993).&#32;"Section 10.2: Primality", Computational Complexity, 1st edition,&#32;Addison Wesley,&#32;222&ndash;227. ISBN 0-201-53082-1.</cite>&nbsp;</entry>
<entry level="1" type="bullet">

 <scientist wordnetid="110560637" confidence="0.9508927676800064">
<link xlink:type="simple" xlink:href="../948/1192948.xml">
Manindra Agrawal</link></scientist>
, <physical_entity wordnetid="100001930" confidence="0.8">
<person wordnetid="100007846" confidence="0.8">
<honoree wordnetid="110183757" confidence="0.8">
<laureate wordnetid="110249011" confidence="0.8">
<causal_agent wordnetid="100007347" confidence="0.8">
<acquirer wordnetid="109764201" confidence="0.8">
<scientist wordnetid="110560637" confidence="0.8">
<recipient wordnetid="109627906" confidence="0.8">
<link xlink:type="simple" xlink:href="../056/2157056.xml">
Neeraj Kayal</link></recipient>
</scientist>
</acquirer>
</causal_agent>
</laureate>
</honoree>
</person>
</physical_entity>
, <physical_entity wordnetid="100001930" confidence="0.8">
<person wordnetid="100007846" confidence="0.8">
<honoree wordnetid="110183757" confidence="0.8">
<laureate wordnetid="110249011" confidence="0.8">
<causal_agent wordnetid="100007347" confidence="0.8">
<acquirer wordnetid="109764201" confidence="0.8">
<scientist wordnetid="110560637" confidence="0.8">
<recipient wordnetid="109627906" confidence="0.8">
<link xlink:type="simple" xlink:href="../722/2297722.xml">
Nitin Saxena</link></recipient>
</scientist>
</acquirer>
</causal_agent>
</laureate>
</honoree>
</person>
</physical_entity>
, <it><weblink xlink:type="simple" xlink:href="http://www.cse.iitk.ac.in/users/manindra/primality_v6.pdf">
PRIMES is in P</weblink></it>, Annals of Mathematics 160 (2004), no. 2, pp. 781&ndash;793.</entry>
</list>
</p>


</sec>
<sec>
<st>
External links</st>
<p>

<list>
<entry level="1" type="bullet">

<weblink xlink:type="simple" xlink:href="http://cr.yp.to/primetests.html">
Distinguishing prime numbers from composite numbers</weblink>, D.J. Bernstein</entry>
<entry level="1" type="bullet">

<weblink xlink:type="simple" xlink:href="http://primes.utm.edu/">
The Prime Pages</weblink></entry>
<entry level="1" type="bullet">

<weblink xlink:type="simple" xlink:href="http://www.bigprimes.net/primality_test.php">
Big Primes Database</weblink></entry>
<entry level="1" type="bullet">

<weblink xlink:type="simple" xlink:href="http://www.mathpages.com/home/kmath473.htm">
Lucas Primality Test with Factored N-1</weblink> at MathPages</entry>
</list>
</p>

<p>

<table style=";" class="navbox" cellspacing="0">
<row>
<col style="padding:2px;">
<table style="width:100%;background:transparent;color:inherit;;" class="nowraplinks collapsible uncollapsed " cellspacing="0">
<row>
<header colspan="2" style=";" class="navbox-title">
<link xlink:type="simple" xlink:href="../527/21527.xml">
Number-theoretic</link> <link xlink:type="simple" xlink:href="../775/775.xml">
algorithm</link>s</header>
</row>
<row style="height:2px;">

</row>
<row>
<col style=";;" class="navbox-group">
<link xlink:type="simple" xlink:href="../751/183751.xml">
Primality test</link>s</col>
<col style="text-align:left;border-left:2px solid #fdfdfd;width:100%;padding:0px;;;" class="navbox-list navbox-odd">
<b><process wordnetid="105701363" confidence="0.8">
<institute wordnetid="108407330" confidence="0.8">
<inquiry wordnetid="105797597" confidence="0.8">
<thinking wordnetid="105770926" confidence="0.8">
<association wordnetid="108049401" confidence="0.8">
<problem_solving wordnetid="105796750" confidence="0.8">
<experiment wordnetid="105798043" confidence="0.8">
<trial wordnetid="105799212" confidence="0.8">
<higher_cognitive_process wordnetid="105770664" confidence="0.8">
<link xlink:type="simple" xlink:href="../847/405847.xml">
AKS</link></higher_cognitive_process>
</trial>
</experiment>
</problem_solving>
</association>
</thinking>
</inquiry>
</institute>
</process>
</b> · <b><link>
APR</link></b> · <process wordnetid="105701363" confidence="0.8">
<inquiry wordnetid="105797597" confidence="0.8">
<thinking wordnetid="105770926" confidence="0.8">
<problem_solving wordnetid="105796750" confidence="0.8">
<experiment wordnetid="105798043" confidence="0.8">
<trial wordnetid="105799212" confidence="0.8">
<higher_cognitive_process wordnetid="105770664" confidence="0.8">
<link xlink:type="simple" xlink:href="../890/3609890.xml">
Ballie-PSW</link></higher_cognitive_process>
</trial>
</experiment>
</problem_solving>
</thinking>
</inquiry>
</process>
 · <b><process wordnetid="105701363" confidence="0.8">
<curve wordnetid="113867641" confidence="0.8">
<inquiry wordnetid="105797597" confidence="0.8">
<thinking wordnetid="105770926" confidence="0.8">
<problem_solving wordnetid="105796750" confidence="0.8">
<experiment wordnetid="105798043" confidence="0.8">
<line wordnetid="113863771" confidence="0.8">
<shape wordnetid="100027807" confidence="0.8">
<trial wordnetid="105799212" confidence="0.8">
<higher_cognitive_process wordnetid="105770664" confidence="0.8">
<link xlink:type="simple" xlink:href="../015/4049015.xml">
ECPP</link></higher_cognitive_process>
</trial>
</shape>
</line>
</experiment>
</problem_solving>
</thinking>
</inquiry>
</curve>
</process>
</b> · <process wordnetid="105701363" confidence="0.8">
<inquiry wordnetid="105797597" confidence="0.8">
<thinking wordnetid="105770926" confidence="0.8">
<problem_solving wordnetid="105796750" confidence="0.8">
<experiment wordnetid="105798043" confidence="0.8">
<trial wordnetid="105799212" confidence="0.8">
<higher_cognitive_process wordnetid="105770664" confidence="0.8">
<link xlink:type="simple" xlink:href="../755/157755.xml">
Fermat</link></higher_cognitive_process>
</trial>
</experiment>
</problem_solving>
</thinking>
</inquiry>
</process>
 · <b><link>
Lucas–Lehmer</link></b> · <b><it><link>
Lucas–Lehmer (Mersenne numbers)</link></it></b> · <b><it><process wordnetid="105701363" confidence="0.8">
<inquiry wordnetid="105797597" confidence="0.8">
<thinking wordnetid="105770926" confidence="0.8">
<problem_solving wordnetid="105796750" confidence="0.8">
<experiment wordnetid="105798043" confidence="0.8">
<trial wordnetid="105799212" confidence="0.8">
<higher_cognitive_process wordnetid="105770664" confidence="0.8">
<link xlink:type="simple" xlink:href="../861/15371861.xml">
Lucas–Lehmer–Riesel</link></higher_cognitive_process>
</trial>
</experiment>
</problem_solving>
</thinking>
</inquiry>
</process>
</it></b> · <b><it><statement wordnetid="106722453" confidence="0.8">
<process wordnetid="105701363" confidence="0.8">
<message wordnetid="106598915" confidence="0.8">
<inquiry wordnetid="105797597" confidence="0.8">
<thinking wordnetid="105770926" confidence="0.8">
<theorem wordnetid="106752293" confidence="0.8">
<problem_solving wordnetid="105796750" confidence="0.8">
<experiment wordnetid="105798043" confidence="0.8">
<proposition wordnetid="106750804" confidence="0.8">
<trial wordnetid="105799212" confidence="0.8">
<higher_cognitive_process wordnetid="105770664" confidence="0.8">
<link xlink:type="simple" xlink:href="../985/3225985.xml">
Proth's theorem</link></higher_cognitive_process>
</trial>
</proposition>
</experiment>
</problem_solving>
</theorem>
</thinking>
</inquiry>
</message>
</process>
</statement>
</it></b> · <b><it><link>
Pépin's</link></it></b> · <link>
Solovay–Strassen</link> · <link>
Miller–Rabin</link> · <b><problem_solving wordnetid="105796750" confidence="0.8">
<algorithm wordnetid="105847438" confidence="0.8">
<process wordnetid="105701363" confidence="0.8">
<inquiry wordnetid="105797597" confidence="0.8">
<thinking wordnetid="105770926" confidence="0.8">
<event wordnetid="100029378" confidence="0.8">
<experiment wordnetid="105798043" confidence="0.8">
<rule wordnetid="105846932" confidence="0.8">
<act wordnetid="100030358" confidence="0.8">
<trial wordnetid="105799212" confidence="0.8">
<psychological_feature wordnetid="100023100" confidence="0.8">
<activity wordnetid="100407535" confidence="0.8">
<procedure wordnetid="101023820" confidence="0.8">
<higher_cognitive_process wordnetid="105770664" confidence="0.8">
<link xlink:type="simple" xlink:href="../660/557660.xml">
Trial division</link></higher_cognitive_process>
</procedure>
</activity>
</psychological_feature>
</trial>
</act>
</rule>
</experiment>
</event>
</thinking>
</inquiry>
</process>
</algorithm>
</problem_solving>
</b></col>
</row>
<row style="height:2px">

</row>
<row>
<col style=";;" class="navbox-group">
Sieving algorithms</col>
<col style="text-align:left;border-left:2px solid #fdfdfd;width:100%;padding:0px;;;" class="navbox-list navbox-even">
<process wordnetid="105701363" confidence="0.8">
<inquiry wordnetid="105797597" confidence="0.8">
<thinking wordnetid="105770926" confidence="0.8">
<problem_solving wordnetid="105796750" confidence="0.8">
<experiment wordnetid="105798043" confidence="0.8">
<trial wordnetid="105799212" confidence="0.8">
<higher_cognitive_process wordnetid="105770664" confidence="0.8">
<link xlink:type="simple" xlink:href="../920/2150920.xml">
Sieve of Atkin</link></higher_cognitive_process>
</trial>
</experiment>
</problem_solving>
</thinking>
</inquiry>
</process>
 · <process wordnetid="105701363" confidence="0.8">
<inquiry wordnetid="105797597" confidence="0.8">
<thinking wordnetid="105770926" confidence="0.8">
<problem_solving wordnetid="105796750" confidence="0.8">
<experiment wordnetid="105798043" confidence="0.8">
<trial wordnetid="105799212" confidence="0.8">
<higher_cognitive_process wordnetid="105770664" confidence="0.8">
<link xlink:type="simple" xlink:href="../415/73415.xml">
Sieve of Eratosthenes</link></higher_cognitive_process>
</trial>
</experiment>
</problem_solving>
</thinking>
</inquiry>
</process>
 · <process wordnetid="105701363" confidence="0.8">
<inquiry wordnetid="105797597" confidence="0.8">
<thinking wordnetid="105770926" confidence="0.8">
<problem_solving wordnetid="105796750" confidence="0.8">
<experiment wordnetid="105798043" confidence="0.8">
<trial wordnetid="105799212" confidence="0.8">
<higher_cognitive_process wordnetid="105770664" confidence="0.8">
<link xlink:type="simple" xlink:href="../330/14517330.xml">
Sieve of Sundaram</link></higher_cognitive_process>
</trial>
</experiment>
</problem_solving>
</thinking>
</inquiry>
</process>
 · <process wordnetid="105701363" confidence="0.8">
<inquiry wordnetid="105797597" confidence="0.8">
<thinking wordnetid="105770926" confidence="0.8">
<problem_solving wordnetid="105796750" confidence="0.8">
<experiment wordnetid="105798043" confidence="0.8">
<trial wordnetid="105799212" confidence="0.8">
<higher_cognitive_process wordnetid="105770664" confidence="0.8">
<link xlink:type="simple" xlink:href="../216/4621216.xml">
Wheel factorization</link></higher_cognitive_process>
</trial>
</experiment>
</problem_solving>
</thinking>
</inquiry>
</process>
</col>
</row>
<row style="height:2px">

</row>
<row>
<col style=";;" class="navbox-group">
<statement wordnetid="106722453" confidence="0.8">
<message wordnetid="106598915" confidence="0.8">
<premise wordnetid="106753800" confidence="0.8">
<postulate wordnetid="106753299" confidence="0.8">
<proposition wordnetid="106750804" confidence="0.8">
<link xlink:type="simple" xlink:href="../491/15491.xml">
Integer factorization</link></proposition>
</postulate>
</premise>
</message>
</statement>
algorithms</col>
<col style="text-align:left;border-left:2px solid #fdfdfd;width:100%;padding:0px;;;" class="navbox-list navbox-odd">
<link xlink:type="simple" xlink:href="../392/1335392.xml">
CFRAC</link> · <event wordnetid="100029378" confidence="0.8">
<rule wordnetid="105846932" confidence="0.8">
<act wordnetid="100030358" confidence="0.8">
<psychological_feature wordnetid="100023100" confidence="0.8">
<procedure wordnetid="101023820" confidence="0.8">
<activity wordnetid="100407535" confidence="0.8">
<algorithm wordnetid="105847438" confidence="0.8">
<link xlink:type="simple" xlink:href="../877/1033877.xml">
Dixon's</link></algorithm>
</activity>
</procedure>
</psychological_feature>
</act>
</rule>
</event>
 · <region wordnetid="108630985" confidence="0.8">
<field wordnetid="108569998" confidence="0.8">
<location wordnetid="100027167" confidence="0.8">
<tract wordnetid="108673395" confidence="0.8">
<event wordnetid="100029378" confidence="0.8">
<rule wordnetid="105846932" confidence="0.8">
<geographical_area wordnetid="108574314" confidence="0.8">
<act wordnetid="100030358" confidence="0.8">
<psychological_feature wordnetid="100023100" confidence="0.8">
<procedure wordnetid="101023820" confidence="0.8">
<activity wordnetid="100407535" confidence="0.8">
<algorithm wordnetid="105847438" confidence="0.8">
<link xlink:type="simple" xlink:href="../212/154212.xml">
ECM</link></algorithm>
</activity>
</procedure>
</psychological_feature>
</act>
</geographical_area>
</rule>
</event>
</tract>
</location>
</field>
</region>
 · <it><event wordnetid="100029378" confidence="0.8">
<rule wordnetid="105846932" confidence="0.8">
<act wordnetid="100030358" confidence="0.8">
<psychological_feature wordnetid="100023100" confidence="0.8">
<procedure wordnetid="101023820" confidence="0.8">
<activity wordnetid="100407535" confidence="0.8">
<algorithm wordnetid="105847438" confidence="0.8">
<link xlink:type="simple" xlink:href="../069/15822069.xml">
Euler's</link></algorithm>
</activity>
</procedure>
</psychological_feature>
</act>
</rule>
</event>
</it> · <it><event wordnetid="100029378" confidence="0.8">
<rule wordnetid="105846932" confidence="0.8">
<act wordnetid="100030358" confidence="0.8">
<psychological_feature wordnetid="100023100" confidence="0.8">
<procedure wordnetid="101023820" confidence="0.8">
<activity wordnetid="100407535" confidence="0.8">
<algorithm wordnetid="105847438" confidence="0.8">
<link xlink:type="simple" xlink:href="../668/580668.xml">
Pollard's rho</link></algorithm>
</activity>
</procedure>
</psychological_feature>
</act>
</rule>
</event>
</it> · <it><event wordnetid="100029378" confidence="0.8">
<rule wordnetid="105846932" confidence="0.8">
<act wordnetid="100030358" confidence="0.8">
<psychological_feature wordnetid="100023100" confidence="0.8">
<procedure wordnetid="101023820" confidence="0.8">
<activity wordnetid="100407535" confidence="0.8">
<algorithm wordnetid="105847438" confidence="0.8">
<link xlink:type="simple" xlink:href="../753/578753.xml">
P − 1</link></algorithm>
</activity>
</procedure>
</psychological_feature>
</act>
</rule>
</event>
</it> · <it><event wordnetid="100029378" confidence="0.8">
<rule wordnetid="105846932" confidence="0.8">
<act wordnetid="100030358" confidence="0.8">
<psychological_feature wordnetid="100023100" confidence="0.8">
<procedure wordnetid="101023820" confidence="0.8">
<activity wordnetid="100407535" confidence="0.8">
<algorithm wordnetid="105847438" confidence="0.8">
<link xlink:type="simple" xlink:href="../573/1916573.xml">
P + 1</link></algorithm>
</activity>
</procedure>
</psychological_feature>
</act>
</rule>
</event>
</it> · <link xlink:type="simple" xlink:href="../340/582340.xml">
QS</link> · <link xlink:type="simple" xlink:href="../734/152734.xml">
GNFS</link> · <it><link xlink:type="simple" xlink:href="../132/589132.xml">
SNFS</link></it> · <link xlink:type="simple" xlink:href="../510/2608510.xml">
rational sieve</link> · <event wordnetid="100029378" confidence="0.8">
<rule wordnetid="105846932" confidence="0.8">
<act wordnetid="100030358" confidence="0.8">
<psychological_feature wordnetid="100023100" confidence="0.8">
<procedure wordnetid="101023820" confidence="0.8">
<activity wordnetid="100407535" confidence="0.8">
<algorithm wordnetid="105847438" confidence="0.8">
<link xlink:type="simple" xlink:href="../433/2132433.xml">
Fermat's</link></algorithm>
</activity>
</procedure>
</psychological_feature>
</act>
</rule>
</event>
 · <event wordnetid="100029378" confidence="0.8">
<rule wordnetid="105846932" confidence="0.8">
<act wordnetid="100030358" confidence="0.8">
<psychological_feature wordnetid="100023100" confidence="0.8">
<procedure wordnetid="101023820" confidence="0.8">
<activity wordnetid="100407535" confidence="0.8">
<algorithm wordnetid="105847438" confidence="0.8">
<link xlink:type="simple" xlink:href="../328/3387328.xml">
Shanks' square forms</link></algorithm>
</activity>
</procedure>
</psychological_feature>
</act>
</rule>
</event>
 · <problem_solving wordnetid="105796750" confidence="0.8">
<algorithm wordnetid="105847438" confidence="0.8">
<process wordnetid="105701363" confidence="0.8">
<inquiry wordnetid="105797597" confidence="0.8">
<thinking wordnetid="105770926" confidence="0.8">
<event wordnetid="100029378" confidence="0.8">
<experiment wordnetid="105798043" confidence="0.8">
<rule wordnetid="105846932" confidence="0.8">
<act wordnetid="100030358" confidence="0.8">
<trial wordnetid="105799212" confidence="0.8">
<psychological_feature wordnetid="100023100" confidence="0.8">
<activity wordnetid="100407535" confidence="0.8">
<procedure wordnetid="101023820" confidence="0.8">
<higher_cognitive_process wordnetid="105770664" confidence="0.8">
<link xlink:type="simple" xlink:href="../660/557660.xml">
Trial division</link></higher_cognitive_process>
</procedure>
</activity>
</psychological_feature>
</trial>
</act>
</rule>
</experiment>
</event>
</thinking>
</inquiry>
</process>
</algorithm>
</problem_solving>
 · <event wordnetid="100029378" confidence="0.8">
<rule wordnetid="105846932" confidence="0.8">
<act wordnetid="100030358" confidence="0.8">
<psychological_feature wordnetid="100023100" confidence="0.8">
<procedure wordnetid="101023820" confidence="0.8">
<activity wordnetid="100407535" confidence="0.8">
<algorithm wordnetid="105847438" confidence="0.8">
<link xlink:type="simple" xlink:href="../674/42674.xml">
Shor's algorithm</link></algorithm>
</activity>
</procedure>
</psychological_feature>
</act>
</rule>
</event>
</col>
</row>
<row style="height:2px">

</row>
<row>
<col style=";;" class="navbox-group">
Other algorithms</col>
<col style="text-align:left;border-left:2px solid #fdfdfd;width:100%;padding:0px;;;" class="navbox-list navbox-even">
<event wordnetid="100029378" confidence="0.8">
<rule wordnetid="105846932" confidence="0.8">
<act wordnetid="100030358" confidence="0.8">
<psychological_feature wordnetid="100023100" confidence="0.8">
<procedure wordnetid="101023820" confidence="0.8">
<activity wordnetid="100407535" confidence="0.8">
<algorithm wordnetid="105847438" confidence="0.8">
<link xlink:type="simple" xlink:href="../814/3975814.xml">
Ancient Egyptian multiplication</link></algorithm>
</activity>
</procedure>
</psychological_feature>
</act>
</rule>
</event>
 · <event wordnetid="100029378" confidence="0.8">
<rule wordnetid="105846932" confidence="0.8">
<act wordnetid="100030358" confidence="0.8">
<psychological_feature wordnetid="100023100" confidence="0.8">
<procedure wordnetid="101023820" confidence="0.8">
<activity wordnetid="100407535" confidence="0.8">
<algorithm wordnetid="105847438" confidence="0.8">
<link xlink:type="simple" xlink:href="../197/4039197.xml">
Aryabhata</link></algorithm>
</activity>
</procedure>
</psychological_feature>
</act>
</rule>
</event>
 · <link xlink:type="simple" xlink:href="../410/985410.xml">
Binary GCD</link> · <link xlink:type="simple" xlink:href="../658/4050658.xml">
Chakravala</link> · <event wordnetid="100029378" confidence="0.8">
<rule wordnetid="105846932" confidence="0.8">
<act wordnetid="100030358" confidence="0.8">
<psychological_feature wordnetid="100023100" confidence="0.8">
<procedure wordnetid="101023820" confidence="0.8">
<activity wordnetid="100407535" confidence="0.8">
<algorithm wordnetid="105847438" confidence="0.8">
<link xlink:type="simple" xlink:href="../377/10377.xml">
Euclidean</link></algorithm>
</activity>
</procedure>
</psychological_feature>
</act>
</rule>
</event>
 · <event wordnetid="100029378" confidence="0.8">
<rule wordnetid="105846932" confidence="0.8">
<act wordnetid="100030358" confidence="0.8">
<psychological_feature wordnetid="100023100" confidence="0.8">
<procedure wordnetid="101023820" confidence="0.8">
<activity wordnetid="100407535" confidence="0.8">
<algorithm wordnetid="105847438" confidence="0.8">
<link xlink:type="simple" xlink:href="../438/99438.xml">
Extended Euclidean</link></algorithm>
</activity>
</procedure>
</psychological_feature>
</act>
</rule>
</event>
 · <link xlink:type="simple" xlink:href="../054/13644054.xml">
integer relation algorithm</link> · <link xlink:type="simple" xlink:href="../655/981655.xml">
integer square root</link> · <event wordnetid="100029378" confidence="0.8">
<rule wordnetid="105846932" confidence="0.8">
<act wordnetid="100030358" confidence="0.8">
<psychological_feature wordnetid="100023100" confidence="0.8">
<procedure wordnetid="101023820" confidence="0.8">
<activity wordnetid="100407535" confidence="0.8">
<algorithm wordnetid="105847438" confidence="0.8">
<link xlink:type="simple" xlink:href="../032/903032.xml">
Modular exponentiation</link></algorithm>
</activity>
</procedure>
</psychological_feature>
</act>
</rule>
</event>
 · <event wordnetid="100029378" confidence="0.8">
<rule wordnetid="105846932" confidence="0.8">
<act wordnetid="100030358" confidence="0.8">
<psychological_feature wordnetid="100023100" confidence="0.8">
<procedure wordnetid="101023820" confidence="0.8">
<activity wordnetid="100407535" confidence="0.8">
<algorithm wordnetid="105847438" confidence="0.8">
<link xlink:type="simple" xlink:href="../375/3667375.xml">
Shanks-Tonelli</link></algorithm>
</activity>
</procedure>
</psychological_feature>
</act>
</rule>
</event>
</col>
</row>
<row style="height:2px;">

</row>
<row>
<col colspan="2" style=";" class="navbox-abovebelow">
<it>Italics</it> indicate that algorithm is for numbers of special forms; <b>bold</b> indicates <link xlink:type="simple" xlink:href="../951/665951.xml">
deterministic algorithm</link>for primality tests.</col>
</row>
</table>
</col>
</row>
</table>
</p>





</sec>
</bdy>
</trial>
</entity>
</article>
