<?xml version="1.0" encoding="UTF-8"?>
<!-- generated by CLiX/Wiki2XML [MPI-Inf, MMCI@UdS] $LastChangedRevision: 92 $ on 16.04.2009 16:27:03[mciao0825] -->
<!DOCTYPE article SYSTEM "../article.dtd">
<article xmlns:xlink="http://www.w3.org/1999/xlink">
<entity  confidence="0.9511911446218017" wordnetid="100001740">
<header>
<title>Rare disease</title>
<id>189092</id>
<revision>
<id>240671703</id>
<timestamp>2008-09-24T12:50:25Z</timestamp>
<contributor>
<username>SmackBot</username>
<id>433328</id>
</contributor>
</revision>
<categories>
<category>Epidemiology</category>
<category>Rare diseases</category>
</categories>
</header>
<bdy>
<p>

A <b>rare disease</b> (sometimes known as an orphan disease) has such a low <link xlink:type="simple" xlink:href="../688/126688.xml">
prevalence</link> in a population that a <link xlink:type="simple" xlink:href="../315/23315.xml">
doctor</link> in a busy <link xlink:type="simple" xlink:href="../817/197817.xml">
general practice</link> would not expect to see more than one case a year. Rare diseases, including those of <link xlink:type="simple" xlink:href="../266/12266.xml">
genetic</link> origin, are life-threatening or chronically debilitating diseases which are of such low prevalence that special combined efforts are needed to address them.</p>

<sec>
<st>
 Prevalence </st>

<p>

As a guide, low prevalence is taken as prevalence of fewer than 5 per 10,000 in the community<weblink xlink:type="simple" xlink:href="http://ec.europa.eu/health/ph_information/documents/ev20040705_rd05_en.pdf">
http://ec.europa.eu/health/ph_information/documents/ev20040705_rd05_en.pdf</weblink>.</p>
<p>

The NIH's Office of Rare Diseases states that, "an <link xlink:type="simple" xlink:href="../889/395889.xml">
orphan</link> or rare disease is generally considered to have a prevalence of fewer than 200,000 affected individuals in the United States" <weblink xlink:type="simple" xlink:href="http://ord.aspensys.com/asp/diseases/diseases.asp">
http://ord.aspensys.com/asp/diseases/diseases.asp</weblink>. This office was established by H.R. 4013 in 2002.<ref xlink:type="simple" xlink:href="#xpointer(//reflist/entry[@id=%221%22])">1</ref> H.R. 4014, signed the same day, refers to the "Rare Diseases Orphan Product Development Act".<ref xlink:type="simple" xlink:href="#xpointer(//reflist/entry[@id=%222%22])">2</ref> Similar initiatives have been proposed in Europe.<ref xlink:type="simple" xlink:href="#xpointer(//reflist/entry[@id=%223%22])">3</ref></p>
<p>

Rare disease can vary in prevalence between populations, so a disease that is rare in some populations may be common in others.  This is especially true of <link xlink:type="simple" xlink:href="../437/12437.xml">
genetic disease</link>s and <link xlink:type="simple" xlink:href="../795/14795.xml">
infectious disease</link>s.  An example is <link xlink:type="simple" xlink:href="../601/50601.xml">
cystic fibrosis</link>, a genetic disease:  it is rare in most parts of <system wordnetid="108435388" confidence="0.8">
<economy wordnetid="108366753" confidence="0.8">
<group wordnetid="100031264" confidence="0.8">
<link xlink:type="simple" xlink:href="../689/689.xml">
Asia</link></group>
</economy>
</system>
 but relatively common in Europe and in populations of European descent.  Many <link xlink:type="simple" xlink:href="../795/14795.xml">
infectious disease</link>s are prevalent in a given geographic area but rare everywhere else.  Other diseases, such as many rare forms of <link xlink:type="simple" xlink:href="../219/105219.xml">
cancer</link>, have no apparent pattern of distribution but are simply rare.</p>
<p>

<link>
Eurordis</link> (European Organization for Rare Diseases) estimates that there exist between 5,000 and 8,000 distinct rare diseases, affecting between 6% and 8% of the population.</p>

</sec>
<sec>
<st>
Characteristics</st>

<p>

Rare diseases are usually chronic. Those that are diagnosed are often life-threatening; less severe rare illnesses are seldom properly diagnosed. Eurordis estimates that at least 80% of them have identified genetic origins.<ref xlink:type="simple" xlink:href="#xpointer(//reflist/entry[@id=%224%22])">4</ref> Other rare diseases are the result of infections and allergies or due to degenerative and proliferative causes. Symptoms of some rare diseases may appear at birth or in childhood, whereas others only appear once adulthood is reached.</p>

</sec>
<sec>
<st>
See also </st>
<p>

<list>
<entry level="1" type="bullet">

<link xlink:type="simple" xlink:href="../822/700822.xml">
List of diseases</link></entry>
<entry level="1" type="bullet">

<link xlink:type="simple" xlink:href="../889/395889.xml">
Orphan drug</link>s</entry>
</list>
</p>

</sec>
<sec>
<st>
References</st>

<p>

<reflist>
<entry id="1">
"<weblink xlink:type="simple" xlink:href="http://www.whitehouse.gov/news/releases/2002/11/20021106-3.html">
President Signs Bills into Law</weblink>".</entry>
<entry id="2">
"<weblink xlink:type="simple" xlink:href="http://www.rarediseases.org/washington/bush_signs">
NORD - National Organization for Rare Disorders, Inc.</weblink>".</entry>
<entry id="3">
"<weblink xlink:type="simple" xlink:href="http://www.orpha.net/actor/EuropaNews/2008/080319.html">
OrphaNews Europe : the newsletter of the Rare Disease Task Force</weblink>".</entry>
<entry id="4">
"<weblink xlink:type="simple" xlink:href="http://www.novartis.com/newsroom/news/2008-02-28_rare-disease-day.shtml">
February 29 is Rare Disease Day in Europe</weblink>".</entry>
</reflist>
</p>

</sec>
<sec>
<st>
 External links </st>

<p>

<list>
<entry level="1" type="bullet">

<weblink xlink:type="simple" xlink:href="http://www.hon.ch/HONselect/RareDiseases/index.html">
List</weblink> from Health on the Net Foundation, available in several languages</entry>
<entry level="1" type="bullet">

<weblink xlink:type="simple" xlink:href="http://rarediseases.info.nih.gov/asp/diseases/diseases.asp">
 List</weblink> from National Institutes of Health</entry>
<entry level="1" type="bullet">

<weblink xlink:type="simple" xlink:href="http://www.diseasecard.org">
DiseaseCard.org</weblink> -- Information retrieval portal that integrates genetic and medical information</entry>
<entry level="1" type="bullet">

<weblink xlink:type="simple" xlink:href="http://rarediseases.info.nih.gov/html/resources/info_cntr.html">
NIH's Genetic and Rare Diseases Information Center</weblink></entry>
<entry level="1" type="bullet">

<weblink xlink:type="simple" xlink:href="http://www.rarediseases.org/">
National Organization for Rare Disorders</weblink></entry>
<entry level="1" type="bullet">

<weblink xlink:type="simple" xlink:href="http://www.orpha.net">
Database of rare diseases</weblink> at Orphanet</entry>
<entry level="1" type="bullet">

<weblink xlink:type="simple" xlink:href="http://www.eurordis.org/rubrique.php3?id_rubrique=6">
Information</weblink> from the European Organization for Rare Diseases</entry>
<entry level="1" type="bullet">

<weblink xlink:type="simple" xlink:href="http://www.ojrd.com/">
Orphanet Journal of Rare Diseases</weblink></entry>
</list>
</p>



</sec>
</bdy>
</entity>
</article>
