<?xml version="1.0" encoding="UTF-8"?>
<!-- generated by CLiX/Wiki2XML [MPI-Inf, MMCI@UdS] $LastChangedRevision: 92 $ on 16.04.2009 16:28:54[mciao0826] -->
<!DOCTYPE article SYSTEM "../article.dtd">
<article xmlns:xlink="http://www.w3.org/1999/xlink">
<header>
<title>Electronic publishing</title>
<id>190831</id>
<revision>
<id>243024226</id>
<timestamp>2008-10-04T20:21:32Z</timestamp>
<contributor>
<username>Closeapple</username>
<id>89053</id>
</contributor>
</revision>
<categories>
<category>Electronic publishing</category>
<category>Publishing terms</category>
</categories>
</header>
<bdy>

<b>Electronic publishing</b> includes the digital publication of <link xlink:type="simple" xlink:href="../814/192814.xml">
e-book</link>s and <link xlink:type="simple" xlink:href="../736/1005736.xml">
electronic article</link>s, and the development of <link xlink:type="simple" xlink:href="../863/18934863.xml">
digital libraries</link> and catalogues. Electronic publishing has become common in scientific publishing where it has been argued that <link xlink:type="simple" xlink:href="../116/24116.xml">
peer-review</link>ed paper <link xlink:type="simple" xlink:href="../316/37316.xml">
scientific journal</link>s are in the process of being replaced by electronic publishing.  Although network distribution is nowadays strongly associated with electronic publishing, there are many non network electronic publications such as <link xlink:type="simple" xlink:href="../965/167965.xml#xpointer(//*[./st=%22On+CD-ROM.2C+DVD-ROM+and.2For+the+Internet%22])">
Encyclopedias on CD and DVD</link>, as well as technical and reference publications relied on by mobile users and others without reliable and high speed access to a network.  <p>

There is usually a delay of several months after an article is written before it is published in a paper journal and this makes journals not an ideal format for disseminating the latest research.  In some fields such as <link xlink:type="simple" xlink:href="../650/50650.xml">
astronomy</link> and some parts of <link xlink:type="simple" xlink:href="../939/22939.xml">
physics</link>, the role of the journal at disseminating the latest research has largely been replaced by <link xlink:type="simple" xlink:href="../945/158945.xml">
preprint</link> databases such as <link xlink:type="simple" xlink:href="../751/38751.xml">
arXiv.org</link>.  However, scientific journals still provide an important role in quality control, archiving papers, and establishing scientific credit.  In general, the electronic material uploaded to preprint database are still intended for eventual publication in a peer-reviewed journal.</p>
<p>

There is an article titled "Online or Invisible?" (see link at end of article) which provides statistical evidence that electronic publishing provides wider dissemination.  
A number of journals have, while retaining their peer review process, established electronic versions or even moved entirely to electronic publication.</p>
<p>

Electronic publishing is increasingly popular in works of fiction as well as with scientific articles. Electronic publishers are able to provide quick gratification for late-night readers, books that customers might not be able to find in standard book retailers (erotica is especially popular in eBook format), and books by new authors that would be unlikely to be profitable for traditional publishers.</p>
<p>

<link xlink:type="simple" xlink:href="../337/155337.xml">
Hyponym</link>s are:
<list>
<entry level="1" type="bullet">

 Online publishing</entry>
<entry level="1" type="bullet">

 ePublishing </entry>
<entry level="1" type="bullet">

 Web Publishing </entry>
</list>
</p>
<p>

While the term "Electronic Publishing" is primarily used today to refer to the current offerings of online and web-based publishers, the term has a history of being used to describe the development of new forms of production, distribution, and user intereaction in regard to  computer-based production of text and other interactive media. A good example of this use of the term can be found in the work of <link xlink:type="simple" xlink:href="../484/3323484.xml">
Walter Bender</link> and his <link>
Electronic Publishing Research Group</link> at the <link xlink:type="simple" xlink:href="../540/386540.xml">
MIT Media Lab</link>.</p>



<ss1>
<st>
Technology vendors</st>

<p>

<list>
<entry level="1" type="bullet">

<weblink xlink:type="simple" xlink:href="http://www.atypon.com">
Atypon</weblink></entry>
<entry level="1" type="bullet">

<company wordnetid="108058098" confidence="0.9508927676800064">
<link xlink:type="simple" xlink:href="../647/6837647.xml">
Eastgate Systems</link></company>
</entry>
<entry level="1" type="bullet">

<link xlink:type="simple" xlink:href="../633/3369633.xml">
eMeta Corporation</link></entry>
<entry level="1" type="bullet">

<structure wordnetid="104341686" confidence="0.8">
<artifact wordnetid="100021939" confidence="0.8">
<area wordnetid="102735688" confidence="0.8">
<firm wordnetid="108059870" confidence="0.8">
<library wordnetid="103660909" confidence="0.8">
<enterprise wordnetid="108056231" confidence="0.8">
<business wordnetid="108061042" confidence="0.8">
<room wordnetid="104105893" confidence="0.8">
<publisher wordnetid="108062623" confidence="0.8">
<link xlink:type="simple" xlink:href="../113/11590113.xml">
InformIT</link></publisher>
</room>
</business>
</enterprise>
</library>
</firm>
</area>
</artifact>
</structure>
</entry>
<entry level="1" type="bullet">

<structure wordnetid="104341686" confidence="0.8">
<artifact wordnetid="100021939" confidence="0.8">
<area wordnetid="102735688" confidence="0.8">
<library wordnetid="103660909" confidence="0.8">
<room wordnetid="104105893" confidence="0.8">
<link xlink:type="simple" xlink:href="../201/5937201.xml">
Ingenta</link></room>
</library>
</area>
</artifact>
</structure>
</entry>
<entry level="1" type="bullet">

<firm wordnetid="108059870" confidence="0.8">
<enterprise wordnetid="108056231" confidence="0.8">
<business wordnetid="108061042" confidence="0.8">
<publisher wordnetid="108062623" confidence="0.8">
<link xlink:type="simple" xlink:href="../445/8727445.xml">
Safari Books Online</link></publisher>
</business>
</enterprise>
</firm>
</entry>
</list>
</p>

</ss1>
<sec>
<st>
See also</st>
<p>

<list>
<entry level="1" type="bullet">

 <link xlink:type="simple" xlink:href="../833/26833.xml">
Scientific method</link> </entry>
<entry level="1" type="bullet">

 <work wordnetid="104599396" confidence="0.8">
<product wordnetid="104007894" confidence="0.8">
<creation wordnetid="103129123" confidence="0.8">
<artifact wordnetid="100021939" confidence="0.8">
<oeuvre wordnetid="103841417" confidence="0.8">
<end_product wordnetid="103287178" confidence="0.8">
<periodical wordnetid="106593296" confidence="0.8">
<publication wordnetid="106589574" confidence="0.8">
<link xlink:type="simple" xlink:href="../896/158896.xml">
Public Library of Science</link></publication>
</periodical>
</end_product>
</oeuvre>
</artifact>
</creation>
</product>
</work>
</entry>
<entry level="1" type="bullet">

 <link xlink:type="simple" xlink:href="../362/423362.xml">
citation index</link></entry>
<entry level="1" type="bullet">

 <link xlink:type="simple" xlink:href="../949/158949.xml">
Citeseer</link></entry>
<entry level="1" type="bullet">

 <link xlink:type="simple" xlink:href="../902/189902.xml">
Print on Demand</link></entry>
<entry level="1" type="bullet">

 <link xlink:type="simple" xlink:href="../219/381219.xml">
Open access</link></entry>
<entry level="1" type="bullet">

 <company wordnetid="108058098" confidence="0.9508927676800064">
<link xlink:type="simple" xlink:href="../795/2245795.xml">
Medknow Publications</link></company>
</entry>
</list>
</p>

</sec>
<sec>
<st>
External links</st>
<p>

<list>
<entry level="1" type="bullet">

 <weblink xlink:type="simple" xlink:href="http://automatedebook.net/?cat=4">
How authors can take advantage of ebooks.</weblink></entry>
<entry level="1" type="bullet">

 <weblink xlink:type="simple" xlink:href="http://hantarto.definitionroadsafety.org/epublishing.php">
Electronic Paper:Merging between Traditional Publishing &amp; e-Publishing</weblink></entry>
<entry level="1" type="bullet">

 <weblink xlink:type="simple" xlink:href="http://info.lib.uh.edu/cwb/oab.pdf">
<it>Open Access Bibliography: Liberating Scholarly Literature with E-Prints and Open Access Journals''</it></weblink></entry>
<entry level="1" type="bullet">

 <weblink xlink:type="simple" xlink:href="http://info.lib.uh.edu/sepb/sepb.html">
<it>Scholarly Electronic Publishing Bibliography''</it></weblink></entry>
<entry level="1" type="bullet">

 <weblink xlink:type="simple" xlink:href="http://www.ama-assn.org/med_link/peer.htm">
AMA list of peer-reviewed journals</weblink></entry>
<entry level="1" type="bullet">

 <weblink xlink:type="simple" xlink:href="http://www.idemployee.id.tue.nl/g.w.m.rauterberg/publications/CITESEER2001online-nature.pdf">
Online Or Invisible?</weblink> by <singer wordnetid="110599806" confidence="0.9173553029164789">
<actor wordnetid="109765278" confidence="0.9173553029164789">
<artist wordnetid="109812338" confidence="0.9508927676800064">
<link xlink:type="simple" xlink:href="../109/564109.xml">
Steve Lawrence</link></artist>
</actor>
</singer>
 of the <link xlink:type="simple" xlink:href="../687/383687.xml">
NEC Research Institute</link></entry>
<entry level="1" type="bullet">

 <weblink xlink:type="simple" xlink:href="http://www.dlib.org/dlib/december99/12harnad.html">
'Free at Last: The Future of Peer-Reviewed Journals'</weblink> by <physical_entity wordnetid="100001930" confidence="0.8">
<person wordnetid="100007846" confidence="0.8">
<causal_agent wordnetid="100007347" confidence="0.8">
<academician wordnetid="109759069" confidence="0.8">
<scientist wordnetid="110560637" confidence="0.8">
<adult wordnetid="109605289" confidence="0.8">
<professional wordnetid="110480253" confidence="0.8">
<educator wordnetid="110045713" confidence="0.8">
<link xlink:type="simple" xlink:href="../426/179426.xml">
Stevan Harnad</link></educator>
</professional>
</adult>
</scientist>
</academician>
</causal_agent>
</person>
</physical_entity>
</entry>
<entry level="1" type="bullet">

 <weblink xlink:type="simple" xlink:href="http://www.libraryreference.com/electronic-journals.html">
Acquiring and Managing Electronic Journals</weblink></entry>
<entry level="1" type="bullet">

 <weblink xlink:type="simple" xlink:href="http://ep.media.mit.edu">
The Electronic Publishing Research Group</weblink> at the <link xlink:type="simple" xlink:href="../540/386540.xml">
MIT Media Lab</link></entry>
<entry level="1" type="bullet">

<weblink xlink:type="simple" xlink:href="http://www.elpub.net">
International Conference on Electronic Publishing / ELPUB</weblink></entry>
<entry level="1" type="bullet">

<weblink xlink:type="simple" xlink:href="http://elpub.scix.net">
ELPUB Digital Library</weblink></entry>
</list>
</p>


</sec>
</bdy>
</article>
