<?xml version="1.0" encoding="UTF-8"?>
<!-- generated by CLiX/Wiki2XML [MPI-Inf, MMCI@UdS] $LastChangedRevision: 92 $ on 16.04.2009 16:30:37[mciao0827] -->
<!DOCTYPE article SYSTEM "../article.dtd">
<article xmlns:xlink="http://www.w3.org/1999/xlink">
<software  confidence="0.9508927676800064" wordnetid="106566077">
<service  confidence="0.9511911446218017" wordnetid="100577525">
<header>
<title>Yahoo! Messenger</title>
<id>199351</id>
<revision>
<id>242806078</id>
<timestamp>2008-10-03T19:07:35Z</timestamp>
<contributor>
<username>Lightmouse</username>
<id>4469495</id>
</contributor>
</revision>
<categories>
<category>VoIP software</category>
<category>Yahoo!</category>
<category>Mac OS instant messaging clients</category>
<category>Freeware</category>
<category>Windows instant messaging clients</category>
<category>Mac OS X real time communication services</category>
</categories>
</header>
<bdy>
<template>
<name>Infobox_Software</name>
<parameters>
<genre>
<link xlink:type="simple" xlink:href="../028/75028.xml">
VoIP</link>/<link xlink:type="simple" xlink:href="../951/55951.xml">
Instant messaging</link> <link xlink:type="simple" xlink:href="../970/667970.xml">
client</link></genre>
<logo>
<image width="64px" src="Yahoo!_Messenger_logo.png">
<caption>

Yahoo! Messenger Icon
</caption>
</image>
</logo>
<screenshot>
<image width="150px" src="Yahoo!_Messenger_for_vista_.png">
<caption>

Yahoo! Messenger for vista .png
</caption>
</image>
</screenshot>
<collapsible>
Yes</collapsible>
<website>
<weblink xlink:type="simple" xlink:href="http://messenger.yahoo.com/">
messenger.yahoo.com</weblink></website>
<latest_release_version>
9.0.0.1912 (Windows) / 2.5.3 (Mac) / 1.0.4 (Unix)</latest_release_version>
<latest_preview_date>
April 28, 2008 / August 28, 2008</latest_preview_date>
<caption>
Yahoo! Messenger Beta for Windows Vistadisplaying Contact List</caption>
<developer>
<company wordnetid="108058098" confidence="0.9508927676800064">
<link xlink:type="simple" xlink:href="../213/188213.xml">
Yahoo!</link></company>
</developer>
<name>
Yahoo! Messenger</name>
<latest_preview_version>
1.2.1.1046 (Windows Vista) / 3.0b3 build 126432 (Mac OS X)</latest_preview_version>
<license>
<link xlink:type="simple" xlink:href="../886/18934886.xml">
Proprietary</link> <link xlink:type="simple" xlink:href="../616/2616.xml">
adware</link></license>
<operating_system>
<link xlink:type="simple" xlink:href="../982/33982.xml">
Windows</link>, <link xlink:type="simple" xlink:href="../640/20640.xml">
Mac OS X</link>, <link xlink:type="simple" xlink:href="../642/31642.xml">
UNIX</link></operating_system>
</parameters>
</template>


“Y!M” redirects here. For the movie database, see <web_site wordnetid="106359193" confidence="0.9508927676800064">
<link xlink:type="simple" xlink:href="../907/908907.xml">
Yahoo! Movies</link></web_site>
, for the mail service, see <web_site wordnetid="106359193" confidence="0.9508927676800064">
<link xlink:type="simple" xlink:href="../788/646788.xml">
Yahoo! Mail</link></web_site>
.<p>

<b>Yahoo! Messenger</b> is an <link xlink:type="simple" xlink:href="../861/2861.xml">
advertisement</link>-supported <link xlink:type="simple" xlink:href="../951/55951.xml">
instant messaging</link> <link xlink:type="simple" xlink:href="../970/667970.xml">
client</link> and <link xlink:type="simple" xlink:href="../629/1451629.xml">
associated protocol</link> provided by <company wordnetid="108058098" confidence="0.9508927676800064">
<link xlink:type="simple" xlink:href="../213/188213.xml">
Yahoo!</link></company>
.  Yahoo! Messenger is provided free of charge and can be downloaded and used with a generic "Yahoo! ID" which also allows access to other Yahoo! services, such as <web_site wordnetid="106359193" confidence="0.9508927676800064">
<link xlink:type="simple" xlink:href="../788/646788.xml">
Yahoo! Mail</link></web_site>
, where users can be automatically notified when they receive new email.  Yahoo! also offers PC-PC, PC-Phone and Phone-to-PC service, file transfers, webcam hosting, text messaging service, and chat rooms in various categories.</p>
<p>

Yahoo! Messenger was originally launched under the name Yahoo! Pager on <link>
1998-03-09</link>.<ref xlink:type="simple" xlink:href="#xpointer(//reflist/entry[@id=%221%22])">1</ref></p>
<p>

In addition to instant messaging features similar to those offered by <software wordnetid="106566077" confidence="0.9508927676800064">
<link xlink:type="simple" xlink:href="../167/15167.xml">
ICQ</link></software>
, it also offers (on <link xlink:type="simple" xlink:href="../890/18890.xml">
Microsoft Windows</link>) features such as: <b>IMVironments</b> (customizing the look of Instant Message windows, some of which include authorized themes of famous cartoons such as <comic_strip wordnetid="107003352" confidence="0.9508927676800064">
<link xlink:type="simple" xlink:href="../022/13022.xml">
Garfield</link></comic_strip>
 or <comic_strip wordnetid="107003352" confidence="0.9508927676800064">
<link xlink:type="simple" xlink:href="../127/8127.xml">
Dilbert</link></comic_strip>
), address-book integration and Custom Status Messages.<ref xlink:type="simple" xlink:href="#xpointer(//reflist/entry[@id=%222%22])">2</ref> It was also the first major IM client to feature BUZZing and music-status. Another recently added feature is customized <link xlink:type="simple" xlink:href="../746/908746.xml">
avatars</link>. </p>

<sec>
<st>
Announcements</st>

<p>

On December 5, 2007, Yahoo! Messenger announces the release of Yahoo Messenger for Windows Vista as a Beta Release.<ref xlink:type="simple" xlink:href="#xpointer(//reflist/entry[@id=%223%22])">3</ref> It includes transparent Glass Windows and a new skin and GUI for the Windows Sidebar and program. Also integrated new tabs for going between different chat windows.</p>
<p>

On October 29, 2007, Yahoo! Messenger announced the release of Yahoo! Messenger 9 Beta. It features a new and improved interface, new emoticons (also hidden emotions<ref xlink:type="simple" xlink:href="#xpointer(//reflist/entry[@id=%224%22])">4</ref>), the integration with Flickr account and a new in-line media player which enables the user to view maps, photos and videos from sites like Yahoo! Video and YouTube right in the IM window.<ref xlink:type="simple" xlink:href="#xpointer(//reflist/entry[@id=%225%22])">5</ref></p>
<p>

Yahoo! has announced a partnership with <company wordnetid="108058098" confidence="0.9508927676800064">
<link xlink:type="simple" xlink:href="../001/19001.xml">
Microsoft</link></company>
 to join their instant messaging networks. This would make Yahoo! Messenger compatible with Microsoft's <link xlink:type="simple" xlink:href="../094/174094.xml">
.NET Messenger Service</link>. It also made Microsoft's <software wordnetid="106566077" confidence="0.9508927676800064">
<link xlink:type="simple" xlink:href="../063/19011063.xml">
Windows Live Messenger</link></software>
 compatible with Yahoo!'s Network. This change has taken effect as of <link>
2006-07-13</link> - Yahoo! Messenger has integrated instant messaging with <software wordnetid="106566077" confidence="0.9508927676800064">
<link xlink:type="simple" xlink:href="../063/19011063.xml">
Windows Live Messenger</link></software>
 users, and is fully functional.</p>
<p>

British Telecommunications' BT Communicator software is based on Yahoo! Messenger. BT Communicator was withdrawn on <link>
2006-12-31</link>.<ref xlink:type="simple" xlink:href="#xpointer(//reflist/entry[@id=%226%22])">6</ref></p>

</sec>
<sec>
<st>
Features</st>
<p>

<image location="right" width="300px" src="Yahoo!_Messenger_for_vista_.png" type="thumb">
<caption>

Yahoo! Messenger for <version wordnetid="107173585" confidence="0.9508927676800064">
<link xlink:type="simple" xlink:href="../648/2289648.xml">
Windows Vista</link></version>
 showing Yahoo!'s calling feature.
</caption>
</image>

</p>
<ss1>
<st>
Yahoo! Voice</st>

<p>

<indent level="1">

<it>Main article: <software wordnetid="106566077" confidence="0.9508927676800064">
<link xlink:type="simple" xlink:href="../488/10128488.xml">
Yahoo! Voice</link></software>
</it>
</indent>

<b>Yahoo! Voice</b> is a <link xlink:type="simple" xlink:href="../028/75028.xml">
Voice over IP</link> PC-PC, PC-Phone and Phone-to-PC service <ref xlink:type="simple" xlink:href="#xpointer(//reflist/entry[@id=%227%22])">7</ref>, <ref xlink:type="simple" xlink:href="#xpointer(//reflist/entry[@id=%228%22])">8</ref> provided by <company wordnetid="108058098" confidence="0.9508927676800064">
<link xlink:type="simple" xlink:href="../213/188213.xml">
Yahoo!</link></company>
 via its Yahoo! Messenger <link xlink:type="simple" xlink:href="../951/55951.xml">
instant messaging</link> application. It is also  available for the Mac OS X platform <ref xlink:type="simple" xlink:href="#xpointer(//reflist/entry[@id=%229%22])">9</ref>.</p>

</ss1>
<ss1>
<st>
Voicemail and file sharing</st>
<p>

Yahoo! added voicemail and file sending capabilities to their client. File-sharing of sizes up to 2GB was added.</p>

</ss1>
<ss1>
<st>
Plug-ins</st>
<p>

As of 8.0, Yahoo! Messenger has added the ability for users to create plug-ins (via the use of the freely available <weblink xlink:type="simple" xlink:href="http://developer.yahoo.com/messenger/">
Yahoo! Messenger Plug-in SDK</weblink>), which are then hosted and showcased on the <weblink xlink:type="simple" xlink:href="http://gallery.yahoo.com/messenger">
Yahoo! Plug-in gallery</weblink>.</p>

</ss1>
<ss1>
<st>
Yahoo! Mail integration</st>
<p>

Yahoo! plans to integrate <web_site wordnetid="106359193" confidence="0.9508927676800064">
<link xlink:type="simple" xlink:href="../788/646788.xml#xpointer(//*[./st=%22Yahoo!+Mail+Beta%22])">
Yahoo! Mail Beta</link></web_site>
 and Yahoo! Messenger.<ref xlink:type="simple" xlink:href="#xpointer(//reflist/entry[@id=%2210%22])">10</ref> Conversations will be archived and stored in the same manner as emails. This allows users to search within their chat logs easily, and to have them centrally stored and accessible from any computer.</p>

</ss1>
<ss1>
<st>
Chat</st>
<p>

All versions of Yahoo! Messenger have included the ability to access Yahoo! Chat rooms.  </p>
<p>

On June 19, 2005, with no advance warning, Yahoo! disabled users' ability to create their own chat rooms.  The move came after <artifact wordnetid="100021939" confidence="0.8">
<facility wordnetid="103315023" confidence="0.8">
<station wordnetid="104306080" confidence="0.8">
<television_station wordnetid="104406350" confidence="0.8">
<channel wordnetid="103006398" confidence="0.8">
<broadcasting_station wordnetid="102903405" confidence="0.8">
<link xlink:type="simple" xlink:href="../197/1499197.xml">
KPRC-TV</link></broadcasting_station>
</channel>
</television_station>
</station>
</facility>
</artifact>
 in <village wordnetid="108672738" confidence="0.9508927676800064">
<link xlink:type="simple" xlink:href="../774/13774.xml">
Houston, Texas</link></village>
 reported that many of the user-created rooms were geared toward <link xlink:type="simple" xlink:href="../469/6341469.xml">
pedophilia</link>.  Many regulars in these rooms used the rooms to set up meetings to have sex with children and trade lewd pictures.  While it was thought this move came as a result of several advertisers pulling their ads from Yahoo!, a more likely cause was a $10 million lawsuit filed by watchdog groups of internet portals on behalf of a 12-year-old victim of molestation<ref xlink:type="simple" xlink:href="#xpointer(//reflist/entry[@id=%2211%22])">11</ref> .</p>
<p>

Yahoo! has since closed down the chat.yahoo.com site (which is now a redirect to a section of the Yahoo! Messenger page) because the great majority of chat users accessed it through Messenger.  In August of 2007, it began requiring <link xlink:type="simple" xlink:href="../834/230834.xml">
word verification</link> in order to use Yahoo! Chat. Officially, this is to guard against spammers and automated bots, which had been a source of frustration for many chatters (This method has proved highly unsuccessful, as many rooms now have more bots than users).  However, as this also logs users' IP addresses, this feature could presumably be used to monitor against the type of behavior that prevailed in the pedophilia-oriented rooms.  The company claims to be still working on a way to allow users to create their own rooms while providing safeguards against abuse.</p>
<p>

As of October 2008, Yahoo's inability to control chat bots and spammers continues to be a major issue. Over 90% of all chat messages, even in supposedly family oriented chat rooms like genealogy, appear to be originated by automated spam bots spewing solicitations for adult activities, web cams and pictures.</p>

</ss1>
<ss1>
<st>
 Web Messenger </st>
<p>

Similar to <software wordnetid="106566077" confidence="0.9508927676800064">
<link xlink:type="simple" xlink:href="../057/175057.xml#xpointer(//*[./st=%22MSN_Web_Messenger%22])">
MSN Web Messenger</link></software>
 and <physical_entity wordnetid="100001930" confidence="0.8">
<person wordnetid="100007846" confidence="0.8">
<client wordnetid="109985075" confidence="0.8">
<traveler wordnetid="109629752" confidence="0.8">
<causal_agent wordnetid="100007347" confidence="0.8">
<case wordnetid="109898892" confidence="0.8">
<messenger wordnetid="110311021" confidence="0.8">
<link xlink:type="simple" xlink:href="../ury/30th_century.xml">
AOL Instant Messenger</link></messenger>
</case>
</causal_agent>
</traveler>
</client>
</person>
</physical_entity>
's <physical_entity wordnetid="100001930" confidence="0.8">
<person wordnetid="100007846" confidence="0.8">
<client wordnetid="109985075" confidence="0.8">
<traveler wordnetid="109629752" confidence="0.8">
<causal_agent wordnetid="100007347" confidence="0.8">
<case wordnetid="109898892" confidence="0.8">
<messenger wordnetid="110311021" confidence="0.8">
<link xlink:type="simple" xlink:href="../ury/30th_century.xml#xpointer(//*[./st=%22AIM_Express%22])">
Aim Express and Quick Buddy</link></messenger>
</case>
</causal_agent>
</traveler>
</client>
</person>
</physical_entity>
, Yahoo! Messenger also has a web applet version that runs in a browser window to communicate with friends. Recently, it has switched from <link xlink:type="simple" xlink:href="../996/8996.xml">
DHTML</link> to <software wordnetid="106566077" confidence="0.9508927676800064">
<link xlink:type="simple" xlink:href="../947/20947.xml">
Adobe Flash</link></software>
 in coding.</p>

</ss1>
<ss1>
<st>
URI scheme</st>
<p>

Yahoo! Messenger's installation process automatically installs an extra <link xlink:type="simple" xlink:href="../915/2767915.xml">
URI scheme</link> ("protocol") handler into some web browsers, so that URIs beginning "ymsgr:" can open a new Yahoo! Messenger window with specified parameters. This is similar in function to the mailto: URI scheme, which creates a new e-mail message using the system's default mail program. For instance, a web page might include a link like the following in its HTML source to open a window for sending a message to the YIM user <it>notarealuser</it>:
Send Message</p>
<p>

To specify a message body, the m parameter is used, so that the link location might look like this:
ymsgr:sendim?notarealuser&amp;m=This+is+my+message</p>
<p>

<list>
<entry level="1" type="bullet">

 ymsgr:sendim? Example: ymsgr:sendim?myid</entry>
<entry level="1" type="bullet">

 ymsgr:addfriend? Example: ymsgr:addfriend?myid</entry>
<entry level="1" type="bullet">

 ymsgr:sendfile? Example: ymsgr:sendfile?myid</entry>
<entry level="1" type="bullet">

 ymsgr:call? Example: ymsgr:call?1-800-555-7654 </entry>
<entry level="1" type="bullet">

 ymsgr:callPhone? Example: ymsgr:callPhone?1-800-555-7654</entry>
<entry level="1" type="bullet">

 YMSGR:chat? "opens chat room list" Note: bigblueball does not like ? at the end of a link!</entry>
<entry level="1" type="bullet">

 ymsgr:im? </entry>
</list>
</p>

</ss1>
<ss1>
<st>
Offline messaging</st>
<p>

Offline messaging, a feature long offered by <company wordnetid="108058098" confidence="0.9508927676800064">
<link xlink:type="simple" xlink:href="../213/188213.xml">
Yahoo!</link></company>
, allows online users to send messages to their contacts, even if said contacts are not signed in at the time. The sender's offline contacts will receive these messages when they next go online.</p>

</ss1>
<ss1>
<st>
Interoperability</st>
<p>

On October 13, 2005, Yahoo! and Microsoft announced plans to introduce interoperability between their two messengers, creating the second largest real time communications service userbase worldwide: 40 percent of all users (<physical_entity wordnetid="100001930" confidence="0.8">
<person wordnetid="100007846" confidence="0.8">
<client wordnetid="109985075" confidence="0.8">
<traveler wordnetid="109629752" confidence="0.8">
<causal_agent wordnetid="100007347" confidence="0.8">
<case wordnetid="109898892" confidence="0.8">
<messenger wordnetid="110311021" confidence="0.8">
<link xlink:type="simple" xlink:href="../ury/30th_century.xml">
AIM</link></messenger>
</case>
</causal_agent>
</traveler>
</client>
</person>
</physical_entity>
 currently holds 56 percent). The announcement comes after years of 3rd party interoperability success (most notably, <link xlink:type="simple" xlink:href="../388/89388.xml">
Trillian</link>, <physical_entity wordnetid="100001930" confidence="0.8">
<person wordnetid="100007846" confidence="0.8">
<client wordnetid="109985075" confidence="0.8">
<causal_agent wordnetid="100007347" confidence="0.8">
<case wordnetid="109898892" confidence="0.8">
<link xlink:type="simple" xlink:href="../211/188211.xml">
Pidgin</link></case>
</causal_agent>
</client>
</person>
</physical_entity>
) and criticisms that the major real time communications services were locking their networks. Microsoft has also had talks with AOL in an attempt to introduce further interoperability, but so far, AOL seems unwilling to participate.</p>
<p>

Interoperability between Yahoo! and Windows Live Messenger was launched July 12, 2006. This allows, for Yahoo! and Windows Live Messenger users to chat to each other without the need to create an account on the other service, provided both contacts use the latest versions of the clients. For now, it's impossible to talk using the voice service among both messengers.</p>

</ss1>
<ss1>
<st>
Games</st>
<p>

There are various games and applications available that can be accessed via the conversation window by clicking the games icon and challenging your current contact. It requires <message wordnetid="106598915" confidence="0.8">
<request wordnetid="106513366" confidence="0.8">
<link xlink:type="simple" xlink:href="../881/15881.xml">
Java</link></request>
</message>
 to work.</p>

</ss1>
<ss1>
<st>
Main process</st>
<p>

The Windows version of Yahoo! Messenger previously used ypager.exe as the name of the instance of the client. It was changed to yahoomessenger.exe since the <link xlink:type="simple" xlink:href="../901/220901.xml#xpointer(//*[./st=%22Beta%22])">
beta</link> of version 7.5.0.</p>

</ss1>
</sec>
<sec>
<st>
 Malware </st>
<p>

Yahoo! Messenger (along with other networks such as Windows Live Messenger and AOL Instant Messenger) is often used as a conduit or "vector" for delivering malicious software such as spyware, viruses, worms, and trojans to unsuspecting computer users. The three methods used by hackers to deliver malware over the IM vector are (1) sending a file transfer with a virus-infected file, (2) delivering a message with socially engineered content containing a web address (URL) containing active malicious code and (3) sending specially crafted messages exploiting security vulnerabilities in the client software. Viruses and worms with colorful names such as W32.Yalove or W32/Spybot-MQ have been identified as targeting users of the Yahoo! Messenger network over the past few years.</p>
<p>

The most common method of delivering a malicious payload is the use of social engineering to construct a message that appears to be coming from a contact on the recipient's contact list. A socially engineered message is one that is written in a friendly, informal manner, that could easily be mistaken as coming from a friend. The message usually will say something like "Click here to see pics of me from vacation!" or "Is this you?" with a web address -- known as a "poison URL" -- for the recipient to click. Upon clicking the web address, the recipient is connected to a website containing active content, which is immediately downloaded to the recipient's computer. In most cases, the payload contains an installer, a number of hidden files containing text, and code which causes the same socially engineered message with poison URL to be sent to every contact on the contact list. When the message is sent to all contacts, the cycle starts again, as each contact believes they are receiving a message from a trusted friend. In this manner, IM-borne malware is capable of propagating very rapidly through company and external networks.</p>
<p>

Worms and viruses are discovered on a regular basis by security companies, particularly by the three companies with <link xlink:type="simple" xlink:href="../685/10227685.xml">
IM-specific security products</link>, Akonix Systems, FaceTime Communications, and Symantec. According to IM security researchers at Akonix, the number of new threats identified each month is 30 to 35, with a high of 88 in October, 2006.</p>

</sec>
<sec>
<st>
 SPIM </st>
<p>

Yahoo! Messenger users are subject to unsolicited messages (<link xlink:type="simple" xlink:href="../592/394592.xml">
SPIM</link>) and the problem remains unresolved. Blogs and websites addressing this issue are supportive of the chat environment, and writers genuinely want to continue using the service, yet express frustration about Yahoo's apparent failure to address spam and other related problems. User queries are met with <link xlink:type="simple" xlink:href="../674/3422674.xml">
forms</link> and replies that Yahoo is "working to resolve the problem," yet there is no evident progress.<ref xlink:type="simple" xlink:href="#xpointer(//reflist/entry[@id=%2212%22])">12</ref><ref xlink:type="simple" xlink:href="#xpointer(//reflist/entry[@id=%2213%22])">13</ref> As of 2007 it is estimated that at least 60% of all users who use Yahoo chat rooms are bots.<ref xlink:type="simple" xlink:href="#xpointer(//reflist/entry[@id=%2214%22])">14</ref> Yahoo has introduced a <software wordnetid="106566077" confidence="0.8">
<application wordnetid="106570110" confidence="0.8">
<program wordnetid="106568978" confidence="0.8">
<written_communication wordnetid="106349220" confidence="0.8">
<writing wordnetid="106359877" confidence="0.8">
<code wordnetid="106355894" confidence="0.8">
<coding_system wordnetid="106353757" confidence="0.8">
<link xlink:type="simple" xlink:href="../834/230834.xml">
CAPTCHA</link></coding_system>
</code>
</writing>
</written_communication>
</program>
</application>
</software>
 system to help filter out bots from joining chat rooms but it has done little to actually stop the problem and has only inconvenienced human users.</p>

</sec>
<sec>
<st>
Upcoming releases</st>

<p>

Yahoo! recently released a preview version of Yahoo! Messenger <ref xlink:type="simple" xlink:href="#xpointer(//reflist/entry[@id=%2215%22])">15</ref> for <version wordnetid="107173585" confidence="0.9508927676800064">
<link xlink:type="simple" xlink:href="../648/2289648.xml">
Windows Vista</link></version>
. It has been designed to exploit the new design elements of Vista's <link xlink:type="simple" xlink:href="../979/1707979.xml">
Windows Presentation Foundation</link> and entitles a whole new user interface and features. Currently it lacks some basic functions such as webcam support and Chat.</p>
<p>

The Mac OS X client version 3.0 Beta 2 has been released: file transfers have been re-enabled as have group conferences.</p>


</sec>
<sec>
<st>
Latest releases</st>
<p>

<image width="150px" src="Yahoo_Messenger_for_Mac.jpg" type="thumb">
<caption>

A screenshot of Yahoo! Messenger 3.0b1 for Mac OS X
</caption>
</image>
</p>

<p>

<list>
<entry level="1" type="bullet">

 <b>Windows</b> - <weblink xlink:type="simple" xlink:href="http://messenger.yahoo.com/win">
9.0.0.1912</weblink></entry>
<entry level="1" type="bullet">

 <b>Windows Vista</b> - <weblink xlink:type="simple" xlink:href="http://messenger.yahoo.com/vista">
1.0 build 1.2.1.1046 beta</weblink> </entry>
<entry level="1" type="bullet">

 <b>Mac OS X</b> - <weblink xlink:type="simple" xlink:href="http://messenger.yahoo.com/messenger/mac.php">
3.0 beta 3 (build 126432)</weblink> / August 28, 2008</entry>
<entry level="2" type="bullet">

 Several third-party clients exist that can connect to the Yahoo! Messenger network, such as <physical_entity wordnetid="100001930" confidence="0.8">
<person wordnetid="100007846" confidence="0.8">
<client wordnetid="109985075" confidence="0.8">
<traveler wordnetid="109629752" confidence="0.8">
<causal_agent wordnetid="100007347" confidence="0.8">
<case wordnetid="109898892" confidence="0.8">
<messenger wordnetid="110311021" confidence="0.8">
<link xlink:type="simple" xlink:href="../874/255874.xml">
Adium</link></messenger>
</case>
</causal_agent>
</traveler>
</client>
</person>
</physical_entity>
 and the now-discontinued <link xlink:type="simple" xlink:href="../786/310786.xml">
Fire</link> and <physical_entity wordnetid="100001930" confidence="0.8">
<person wordnetid="100007846" confidence="0.8">
<client wordnetid="109985075" confidence="0.8">
<traveler wordnetid="109629752" confidence="0.8">
<causal_agent wordnetid="100007347" confidence="0.8">
<case wordnetid="109898892" confidence="0.8">
<messenger wordnetid="110311021" confidence="0.8">
<link xlink:type="simple" xlink:href="../529/1151529.xml">
Proteus</link></messenger>
</case>
</causal_agent>
</traveler>
</client>
</person>
</physical_entity>
.  Adium can access the chat rooms, while the others cannot.</entry>
<entry level="1" type="bullet">

 <b>Unix</b> - <weblink xlink:type="simple" xlink:href="http://messenger.yahoo.com/unix.php">
1.0.4</weblink> / September 2003</entry>
<entry level="2" type="bullet">

 Version 1.0.6 can be downloaded from the Unix Beta page: http://public.yahoo.com/~mmk/</entry>
</list>
</p>

</sec>
<sec>
<st>
Feature and release history</st>



<ss1>
<st>
Windows</st>
<p>

There are many versions between those listed here and prior to last version listed here.  These are "major releases".  See one of several sites listed in external links to find other, older versions of the product.  </p>
<p>

Oldest version for which customer care support is available: 8.0 (as of April 2, 2007)</p>
<p>

Oldest version that can log in (has not reached end of life): 6.0 (as of April 2, 2008)</p>
<p>

<table class="wikitable">
<header>
Version</header>
<header>
Release date</header>
<header>
Notes</header>
<row>
<col>
1.0</col>
<col>
March 9, <b>1998</b></col>

</row>
<row>
<col>
3.0</col>
<col>
August 17, <b>2000</b></col>

</row>
<row>
<col>
3.5</col>


</row>
<row>
<col>
4.0</col>


</row>
<row>
<col>
4.1</col>


</row>
<row>
<col>
5.0</col>
<col>
November <b>2001</b></col>

</row>
<row>
<col>
5.5</col>
<col>
August 15, <b>2002</b></col>

</row>
<row>
<col>
5.6</col>


</row>
<row>
<col>
6.0</col>
<col>
August <b>2004</b></col>
<col>
Support for <version wordnetid="107173585" confidence="0.9508927676800064">
<link xlink:type="simple" xlink:href="../064/34064.xml">
Windows 95</link></version>
 and <family wordnetid="108078020" confidence="0.8">
<link xlink:type="simple" xlink:href="../438/33438.xml">
Windows NT</link></family>
dropped.<ref xlink:type="simple" xlink:href="#xpointer(//reflist/entry[@id=%2216%22])">16</ref></col>
</row>
<row>
<col>
6.1</col>


</row>
<row>
<col>
7.0.0.426</col>
<col>
August 8, <b>2005</b></col>
<col>
<list>
<entry level="1" type="bullet">

Renamed to "Yahoo! Messenger with Voice"</entry>
<entry level="1" type="bullet">

Drag-and-drop photo sharing</entry>
<entry level="1" type="bullet">

Drag-and-drop file sharing</entry>
<entry level="1" type="bullet">

PC-to-PC calling</entry>
<entry level="1" type="bullet">

<link xlink:type="simple" xlink:href="../867/254867.xml">
Voicemail</link></entry>
<entry level="1" type="bullet">

<link xlink:type="simple" xlink:href="../463/231463.xml">
Ringtones</link></entry>
<entry level="1" type="bullet">

<link>
Yahoo! 360°</link> integration</entry>
<entry level="1" type="bullet">

Pop-up Contact Cards</entry>
<entry level="1" type="bullet">

<link xlink:type="simple" xlink:href="../592/394592.xml">
Spam</link> Reporting</entry>
<entry level="1" type="bullet">

New tabs</entry>
<entry level="1" type="bullet">

New <link xlink:type="simple" xlink:href="../739/9739.xml">
emoticons</link>*Archive updates</entry>
<entry level="1" type="bullet">

LiveWords (Beta)</entry>
</list>
</col>
</row>
<row>
<col>
7.0.0.437</col>
<col>
August 30, 2005</col>

</row>
<row>
<col>
7.5</col>


</row>
<row>
<col>
8.0.0.505</col>
<col>
June 20, <b>2006</b></col>
<col>
Plugins possible</col>
</row>
<row>
<col>
8.0.0.508</col>
<col>
July 13, 2006</col>
<col>
Interoperability between Yahoo! and Windows Live Messenger contacts</col>
</row>
<row>
<col>
8.0.0.701</col>
<col>
August 10, 2006</col>
<col>
The release date signifies the release of a beta version.  This is not clearly documented on the Yahoo site.</col>
</row>
<row>
<col>
8.0.0.716</col>
<col >
September 15, 2006</col>

</row>
<row>
<col>
8.1.0.195</col>
<col>
October 24, 2006</col>
<col>
<list>
<entry level="1" type="bullet">

Renamed to "Yahoo! Messenger"</entry>
<entry level="1" type="bullet">

Ability to check for updates from the help menu</entry>
</list>
</col>
</row>
<row>
<col>
8.1.0.209</col>
<col>
December 4, 2006</col>
<col>
<weblink xlink:type="simple" xlink:href="http://messenger.yahoo.com/security_update.php?id=120806">
Patched an ActiveX Control Buffer Overflow</weblink></col>
</row>
<row>
<col>
8.1.0.239<ref xlink:type="simple" xlink:href="#xpointer(//reflist/entry[@id=%2217%22])">17</ref></col>
<col>
January 19, <b>2007</b></col>
<col>
Improvements in voice quality and sign-in, fixes for minor bugs with <version wordnetid="107173585" confidence="0.9508927676800064">
<link xlink:type="simple" xlink:href="../648/2289648.xml">
Windows Vista</link></version>
</col>
</row>
<row>
<col>
8.1.0.244</col>
<col>
March 14, 2007</col>

</row>
<row>
<col>
8.1.0.249<ref xlink:type="simple" xlink:href="#xpointer(//reflist/entry[@id=%2218%22])">18</ref></col>
<col>
March 28, 2007</col>
<col>
Patches a security flaw</col>
</row>
<row>
<col>
8.1.0.401</col>
<col>
June 8, 2007</col>
<col>
Fixes a vulnerability with the Webcam ActiveX control</col>
</row>
<row>
<col>
8.1.0.402</col>
<col>
June 15, 2007</col>
<col>
Fixes a buffer overflow in an ActiveX control</col>
</row>
<row>
<col>
8.1.0.413</col>
<col>
July 17, 2007</col>

</row>
<row>
<col>
8.1.0.416<ref xlink:type="simple" xlink:href="#xpointer(//reflist/entry[@id=%2219%22])">19</ref></col>
<col>
August 22, 2007</col>
<col>
<list>
<entry level="1" type="bullet">

Changes to voice library for better Vista support. (Users can get voice in Windows Vista without using a proxy app anymore, provided they still install codec themselves)</entry>
<entry level="1" type="bullet">

Fix to two Cam exploits</entry>
</list>
</col>
</row>
<row>
<col>
8.1.0.419</col>
<col>
August 29, 2007</col>
<col>
Two more security patches</col>
</row>
<row>
<col>
8.1.0.421</col>
<col>
September 6, 2007</col>

</row>
<row>
<col>
9.0.0.797 Beta<ref xlink:type="simple" xlink:href="#xpointer(//reflist/entry[@id=%2220%22])">20</ref></col>
<col>
October 29, 2007</col>
<col>
<list>
<entry level="1" type="bullet">

New beta release of Yahoo! Messenger. It provides an improved user interface.</entry>
<entry level="1" type="bullet">

Brand new skins and emoticons</entry>
<entry level="1" type="bullet">

Flickr integration in the photo sharing feature</entry>
<entry level="1" type="bullet">

New in-line media player</entry>
<entry level="1" type="bullet">

New features for voice calls</entry>
<entry level="1" type="bullet">

Unicode support for better international messaging.</entry>
</list>
</col>
</row>
<row>
<col>
9.0.0.907 Beta<ref xlink:type="simple" xlink:href="#xpointer(//reflist/entry[@id=%2221%22])">21</ref></col>
<col>
November 7, 2007</col>
<col>
<list>
<entry level="1" type="bullet">

Fixed issues with Windows Vista installation problem</entry>
<entry level="1" type="bullet">

Message formatting in the IM window</entry>
<entry level="1" type="bullet">

Compact list view enabled</entry>
</list>
</col>
</row>
<row>
<col>
9.0.0.922 Beta</col>
<col>
December 18, 2007</col>

</row>
<row>
<col>
9.0.0.1389 Beta<ref xlink:type="simple" xlink:href="#xpointer(//reflist/entry[@id=%2222%22])">22</ref></col>
<col>
May 29, <b>2008</b></col>
<col>
<list>
<entry level="1" type="bullet">

Bigger emoticons</entry>
<entry level="1" type="bullet">

Games are back!</entry>
<entry level="1" type="bullet">

Status message improvements</entry>
<entry level="1" type="bullet">

New contact list format button</entry>
<entry level="1" type="bullet">

Import Contacts - new &amp; improved</entry>
<entry level="1" type="bullet">

Voice in chat rooms for Vista users &amp; faster Captcha process</entry>
<entry level="1" type="bullet">

Yahoo! Updates</entry>
</list>
</col>

</row>
<row>
<col>
9.0.0.1912 <ref xlink:type="simple" xlink:href="#xpointer(//reflist/entry[@id=%2223%22])">23</ref></col>
<col>
September 23, 2008</col>
<col>
<list>
<entry level="1" type="bullet">

Pingbox™</entry>
<entry level="1" type="bullet">

New skins</entry>
<entry level="1" type="bullet">

Return of the (original) emoticons</entry>
<entry level="1" type="bullet">

Ignore list enhancements</entry>
<entry level="1" type="bullet">

Inline video &amp; picture viewer</entry>
<entry level="1" type="bullet">

New emoticons inspired by our users</entry>
<entry level="1" type="bullet">

Import Contacts wizard</entry>
<entry level="1" type="bullet">

Yahoo! Updates</entry>
<entry level="1" type="bullet">

Call forwarding &amp; new voicemail delivery</entry>
<entry level="1" type="bullet">

Yahoo! Games are back</entry>
<entry level="1" type="bullet">

Changes to the look and feel</entry>
</list>
</col>
</row>
</table>
</p>

</ss1>
<ss1>
<st>
Mac</st>

<p>

<list>
<entry level="1" type="bullet">

 2.5.3 - September 24, 2003</entry>
<entry level="2" type="bullet">

 Chat </entry>
<entry level="2" type="bullet">

 <link xlink:type="simple" xlink:href="../171/92171.xml">
Webcam</link></entry>
<entry level="2" type="bullet">

 Conference chat </entry>
<entry level="1" type="bullet">

 3.0 beta 1 (build 17006) - June 28, 2006</entry>
<entry level="2" type="bullet">

 New UI</entry>
<entry level="2" type="bullet">

 Display Images</entry>
<entry level="2" type="bullet">

 Avatars Support</entry>
<entry level="2" type="bullet">

 Stealth Settings</entry>
<entry level="2" type="bullet">

 Interoperability between Yahoo! and Windows Live Messenger contacts</entry>
<entry level="2" type="bullet">

 YMSG14</entry>
<entry level="1" type="bullet">

 Prior Releases - Undocumented</entry>
<entry level="1" type="bullet">

 3.0 beta 1 revision 2 (build 18274) - July 13, 2006</entry>
<entry level="2" type="bullet">

 Auto Reconnect</entry>
<entry level="2" type="bullet">

 YMSG14 related bug fixes.</entry>
<entry level="1" type="bullet">

 3.0 beta 2 (build 65474) <ref xlink:type="simple" xlink:href="#xpointer(//reflist/entry[@id=%2224%22])">24</ref> - September 06, 2007 </entry>
<entry level="2" type="bullet">

 Tabbed IM windows</entry>
<entry level="2" type="bullet">

 Chat rooms</entry>
<entry level="2" type="bullet">

 Improved stability for webcam and file transfer</entry>
<entry level="2" type="bullet">

 More emoticons</entry>
<entry level="2" type="bullet">

 Message archiving</entry>
<entry level="2" type="bullet">

 YMSG15</entry>
<entry level="2" type="bullet">

 No voice calling</entry>
<entry level="2" type="bullet">

 Fixed scrolling up issue when Safari 3/Webkit 522+ is installed.</entry>
<entry level="1" type="bullet">

 3.0 beta 2 revision 2 (build 75170) <ref xlink:type="simple" xlink:href="#xpointer(//reflist/entry[@id=%2225%22])">25</ref> - October 25, 2007</entry>
<entry level="2" type="bullet">

 Improved stability and compatibility with Mac OS X Version 10.5 (Leopard)</entry>
<entry level="2" type="bullet">

 Some small interface improvements, including a new Show/Hide Display Images button in the IM and chat room windows</entry>
<entry level="2" type="bullet">

 Improved chat room layout, with the list of chatters in a left hand, scrollable panel with age/sex/location details available on hover (if the user is sharing his/her profile)</entry>
<entry level="2" type="bullet">

 Contextual (right click) menu's added to chatroom adding support for finally viewing a persons cam who isn't on contact list who's in the room.</entry>
<entry level="1" type="bullet">

 3.0 beta 2 revision 3 (build 78326) <ref xlink:type="simple" xlink:href="#xpointer(//reflist/entry[@id=%2226%22])">26</ref> - November 21, 2007</entry>
<entry level="2" type="bullet">

 Improved stability and compatibility with Mac OS X Version 10.5 (Leopard)</entry>
<entry level="2" type="bullet">

 Crash Reporter now works under Leopard.</entry>
<entry level="2" type="bullet">

 Improvements to the sign in process when behind a firewall.</entry>
<entry level="2" type="bullet">

 Couple of crash bugs fixed.</entry>
<entry level="1" type="bullet">

 3.0 beta 3 (build 98855) <ref xlink:type="simple" xlink:href="#xpointer(//reflist/entry[@id=%2227%22])">27</ref> - March 25, 2008</entry>
<entry level="1" type="bullet">

 3.0 beta 3 (build 126432) <ref xlink:type="simple" xlink:href="#xpointer(//reflist/entry[@id=%2228%22])">28</ref> - August 28, 2008</entry>
</list>
</p>

</ss1>
</sec>
<sec>
<st>
Compatible software</st>


<p>

<table style="background:transparent; width:100%;" cellpadding="0" class=" multicol" cellspacing="0">
<row>
<col align="left" width="33.33%" valign="top">
<list>
<entry level="1" type="bullet">

 <software wordnetid="106566077" confidence="0.9508927676800064">
<link xlink:type="simple" xlink:href="../784/15704784.xml">
Digsby</link></software>
</entry>
<entry level="1" type="bullet">

 <physical_entity wordnetid="100001930" confidence="0.8">
<person wordnetid="100007846" confidence="0.8">
<client wordnetid="109985075" confidence="0.8">
<traveler wordnetid="109629752" confidence="0.8">
<causal_agent wordnetid="100007347" confidence="0.8">
<case wordnetid="109898892" confidence="0.8">
<messenger wordnetid="110311021" confidence="0.8">
<link xlink:type="simple" xlink:href="../874/255874.xml">
Adium</link></messenger>
</case>
</causal_agent>
</traveler>
</client>
</person>
</physical_entity>
</entry>
<entry level="1" type="bullet">

 <physical_entity wordnetid="100001930" confidence="0.8">
<person wordnetid="100007846" confidence="0.8">
<client wordnetid="109985075" confidence="0.8">
<traveler wordnetid="109629752" confidence="0.8">
<causal_agent wordnetid="100007347" confidence="0.8">
<case wordnetid="109898892" confidence="0.8">
<messenger wordnetid="110311021" confidence="0.8">
<link xlink:type="simple" xlink:href="../108/1570108.xml">
BitlBee</link></messenger>
</case>
</causal_agent>
</traveler>
</client>
</person>
</physical_entity>
</entry>
<entry level="1" type="bullet">

 <physical_entity wordnetid="100001930" confidence="0.8">
<person wordnetid="100007846" confidence="0.8">
<client wordnetid="109985075" confidence="0.8">
<causal_agent wordnetid="100007347" confidence="0.8">
<case wordnetid="109898892" confidence="0.8">
<link xlink:type="simple" xlink:href="../552/266552.xml">
Centericq</link></case>
</causal_agent>
</client>
</person>
</physical_entity>
</entry>
<entry level="1" type="bullet">

 <physical_entity wordnetid="100001930" confidence="0.8">
<person wordnetid="100007846" confidence="0.8">
<client wordnetid="109985075" confidence="0.8">
<causal_agent wordnetid="100007347" confidence="0.8">
<case wordnetid="109898892" confidence="0.8">
<link xlink:type="simple" xlink:href="../786/310786.xml">
Fire</link></case>
</causal_agent>
</client>
</person>
</physical_entity>
</entry>
<entry level="1" type="bullet">

 <link xlink:type="simple" xlink:href="../218/9815218.xml">
imeem</link></entry>
<entry level="1" type="bullet">

 <software wordnetid="106566077" confidence="0.9508927676800064">
<link xlink:type="simple" xlink:href="../645/13052645.xml">
IMVU</link></software>
</entry>
<entry level="1" type="bullet">

 <link xlink:type="simple" xlink:href="../745/18109745.xml">
Gyachi</link></entry>
</list>
</col>
<col align="left" width="33.33%" valign="top"><p>

<list>
<entry level="1" type="bullet">

 <software wordnetid="106566077" confidence="0.9508927676800064">
<link xlink:type="simple" xlink:href="../401/4647401.xml">
MECA Messenger</link></software>
</entry>
<entry level="1" type="bullet">

 <link xlink:type="simple" xlink:href="../254/2686254.xml">
meebo</link></entry>
<entry level="1" type="bullet">

 <software wordnetid="106566077" confidence="0.9508927676800064">
<link xlink:type="simple" xlink:href="../096/3095096.xml">
Meetro</link></software>
</entry>
<entry level="1" type="bullet">

 <physical_entity wordnetid="100001930" confidence="0.8">
<person wordnetid="100007846" confidence="0.8">
<client wordnetid="109985075" confidence="0.8">
<causal_agent wordnetid="100007347" confidence="0.8">
<case wordnetid="109898892" confidence="0.8">
<link xlink:type="simple" xlink:href="../532/255532.xml">
Miranda IM</link></case>
</causal_agent>
</client>
</person>
</physical_entity>
</entry>
<entry level="1" type="bullet">

 <software wordnetid="106566077" confidence="0.9508927676800064">
<link xlink:type="simple" xlink:href="../131/2892131.xml">
Paltalk</link></software>
</entry>
<entry level="1" type="bullet">

 <physical_entity wordnetid="100001930" confidence="0.8">
<person wordnetid="100007846" confidence="0.8">
<client wordnetid="109985075" confidence="0.8">
<causal_agent wordnetid="100007347" confidence="0.8">
<case wordnetid="109898892" confidence="0.8">
<link xlink:type="simple" xlink:href="../211/188211.xml">
Pidgin (formerly Gaim)</link></case>
</causal_agent>
</client>
</person>
</physical_entity>
</entry>
<entry level="1" type="bullet">

 <physical_entity wordnetid="100001930" confidence="0.8">
<person wordnetid="100007846" confidence="0.8">
<client wordnetid="109985075" confidence="0.8">
<traveler wordnetid="109629752" confidence="0.8">
<causal_agent wordnetid="100007347" confidence="0.8">
<case wordnetid="109898892" confidence="0.8">
<messenger wordnetid="110311021" confidence="0.8">
<link xlink:type="simple" xlink:href="../529/1151529.xml">
Proteus</link></messenger>
</case>
</causal_agent>
</traveler>
</client>
</person>
</physical_entity>
</entry>
</list>
</p>
</col>
<col align="left" width="33.33%" valign="top"><p>

<list>
<entry level="1" type="bullet">

 <software wordnetid="106566077" confidence="0.9508927676800064">
<link xlink:type="simple" xlink:href="../903/1593903.xml">
Qnext</link></software>
</entry>
<entry level="1" type="bullet">

 <physical_entity wordnetid="100001930" confidence="0.8">
<person wordnetid="100007846" confidence="0.8">
<client wordnetid="109985075" confidence="0.8">
<traveler wordnetid="109629752" confidence="0.8">
<causal_agent wordnetid="100007347" confidence="0.8">
<case wordnetid="109898892" confidence="0.8">
<messenger wordnetid="110311021" confidence="0.8">
<link xlink:type="simple" xlink:href="../861/1237861.xml">
SIM</link></messenger>
</case>
</causal_agent>
</traveler>
</client>
</person>
</physical_entity>
</entry>
<entry level="1" type="bullet">

 <physical_entity wordnetid="100001930" confidence="0.8">
<person wordnetid="100007846" confidence="0.8">
<client wordnetid="109985075" confidence="0.8">
<causal_agent wordnetid="100007347" confidence="0.8">
<case wordnetid="109898892" confidence="0.8">
<link xlink:type="simple" xlink:href="../388/89388.xml">
Trillian</link></case>
</causal_agent>
</client>
</person>
</physical_entity>
</entry>
<entry level="1" type="bullet">

 <physical_entity wordnetid="100001930" confidence="0.8">
<person wordnetid="100007846" confidence="0.8">
<client wordnetid="109985075" confidence="0.8">
<causal_agent wordnetid="100007347" confidence="0.8">
<case wordnetid="109898892" confidence="0.8">
<link xlink:type="simple" xlink:href="../388/89388.xml">
Trillian</link></case>
</causal_agent>
</client>
</person>
</physical_entity>
 Pro</entry>
<entry level="1" type="bullet">

 <physical_entity wordnetid="100001930" confidence="0.8">
<person wordnetid="100007846" confidence="0.8">
<client wordnetid="109985075" confidence="0.8">
<causal_agent wordnetid="100007347" confidence="0.8">
<case wordnetid="109898892" confidence="0.8">
<link xlink:type="simple" xlink:href="../388/89388.xml">
Trillian Astra</link></case>
</causal_agent>
</client>
</person>
</physical_entity>
</entry>
<entry level="1" type="bullet">

 <software wordnetid="106566077" confidence="0.9508927676800064">
<link xlink:type="simple" xlink:href="../063/19011063.xml">
Windows Live Messenger</link></software>
</entry>
<entry level="1" type="bullet">

 <physical_entity wordnetid="100001930" confidence="0.8">
<person wordnetid="100007846" confidence="0.8">
<client wordnetid="109985075" confidence="0.8">
<causal_agent wordnetid="100007347" confidence="0.8">
<case wordnetid="109898892" confidence="0.8">
<link xlink:type="simple" xlink:href="../998/229998.xml">
Kopete</link></case>
</causal_agent>
</client>
</person>
</physical_entity>
</entry>
</list>
</p>
</col>
</row>
</table>
</p>

</sec>
<sec>
<st>
References</st>

<p>

<reflist>
<entry id="1">
"<weblink xlink:type="simple" xlink:href="http://yhoo.client.shareholder.com/press/ReleaseDetail.cfm?ReleaseID=173501">
Stay In Touch With Yahoo! Pager</weblink>".&#32;Retrieved on <link>
2008-02-12</link>.</entry>
<entry id="2">
"<weblink xlink:type="simple" xlink:href="http://messenger.yahoo.com/features.php">
Features - Yahoo! Messenger</weblink>".&#32;Retrieved on <link>
2008-02-12</link>.</entry>
<entry id="3">
"<weblink xlink:type="simple" xlink:href="http://www.messenger.yahoo.com/windowsvista.php">
Yahoo! Messenger for Windows Vista</weblink>".&#32;Retrieved on <link>
2008-02-12</link>.</entry>
<entry id="4">
"<weblink xlink:type="simple" xlink:href="http://coolaery.blogspot.com/2008/01/hidden-emotions-of-yahoo-messenger.html">
Hidden emotions of yahoo messenger</weblink>"&#32;(2008).&#32;Retrieved on <link>
2008-02-12</link>.</entry>
<entry id="5">
<weblink xlink:type="simple" xlink:href="http://blog.messenger.yahoo.com/blog/2007/10/29/new-yahoo-messenger-90-beta/">
- Yahoo! Messenger Team announces Yahoo! Messenger 9 Beta</weblink></entry>
<entry id="6">
<weblink xlink:type="simple" xlink:href="http://www.bt.com/btcommunicator">
BT.com - Withdrawal of BT Communicator</weblink></entry>
<entry id="7">
<weblink xlink:type="simple" xlink:href="http://yhoo.client.shareholder.com/press/ReleaseDetail.cfm?ReleaseID=190916">
Yahoo! Delivers Phone Out and Phone In Voice Services in the U.S.</weblink></entry>
<entry id="8">
<weblink xlink:type="simple" xlink:href="http://www.eweek.com/article2/0,1895,1817029,00.asp">
Yahoo's 'Voice Over IM' Targets Skype</weblink></entry>
<entry id="9">
<weblink xlink:type="simple" xlink:href="http://messenger.yahoo.com/mac.php">
Yahoo Messenger Beta 3</weblink></entry>
<entry id="10">
"<weblink xlink:type="simple" xlink:href="http://www.techcrunch.com/2006/11/09/single-ajax-interface-for-yahoo-mail-im-coming/">
Single Ajax Interface For Yahoo Mail &amp; IM Coming</weblink>".&#32;  TechCrunch&#32;(2006).&#32;Retrieved on <link>
2008-02-24</link>.</entry>
<entry id="11">
"<weblink xlink:type="simple" xlink:href="http://news.cnet.com/Yahoo-closes-chat-rooms-over-child-sex-concerns/2100-1025_3-5759705.html/">
Yahoo close chat rooms over child sex concerns</weblink>".&#32;  CNet&#32;(2005).&#32;Retrieved on <link>
2008-07-17</link>.</entry>
<entry id="12">
<weblink xlink:type="simple" xlink:href="http://news.softpedia.com/news/Tired-of-Yahoo-Messenger-Spam-69788.shtml">
Tired of Yahoo! Messenger Spam?</weblink></entry>
<entry id="13">
Larry Dignan of <link xlink:type="simple" xlink:href="../858/435858.xml">
Zdnet</link> described the spam as becoming <weblink xlink:type="simple" xlink:href="http://blogs.zdnet.com/BTL/?p=6833">
insufferable</weblink>.</entry>
<entry id="14">
<weblink xlink:type="simple" xlink:href="http://www.chatspam.org/">
http://www.chatspam.org/</weblink></entry>
<entry id="15">
<weblink xlink:type="simple" xlink:href="http://messenger.yahoo.com/windowsvista.php">
Yahoo! Messenger for Windows Vista™</weblink></entry>
<entry id="17">
<weblink xlink:type="simple" xlink:href="http://www.ymessengerblog.com/blog/2007/01/26/new-build-free-voice-feature/">
Yahoo! Messenger Blog » New Build &amp; Free Voice Feature</weblink></entry>
<entry id="16">
"<weblink xlink:type="simple" xlink:href="http://web.archive.org/web/20040811022124/http://help.yahoo.com/help/us/messenger/win/tech/tech-05.html">
What are the system requirements?</weblink>".&#32;<it>Messenger 6.0 Help</it>.&#32;  <company wordnetid="108058098" confidence="0.9508927676800064">
<link xlink:type="simple" xlink:href="../213/188213.xml">
Yahoo!</link></company>
&#32;(2004).&#32;Archived from <weblink xlink:type="simple" xlink:href="http://help.yahoo.com/help/us/messenger/win/tech/tech-05.html">
the original</weblink> on <link>
2004-08-11</link>.</entry>
<entry id="19">
<weblink xlink:type="simple" xlink:href="http://www.ymessengerblog.com/blog/2007/08/21/new-version-810416-with-security-update/">
Yahoo! Messenger Blog » New version: 8.1.0.416 (with security update)</weblink></entry>
<entry id="18">
<weblink xlink:type="simple" xlink:href="http://www.ymessengerblog.com/blog/2007/04/03/security-update-in-latest-version/">
Yahoo! Messenger Blog » Security Update in Latest Version</weblink></entry>
<entry id="21">
<weblink xlink:type="simple" xlink:href="http://www.ymessengerblog.com/blog/2007/11/07/update-for-yahoo-messenger-90-beta/">
Yahoo! Messenger Blog » Update for Yahoo! Messenger 9.0 Beta</weblink></entry>
<entry id="20">
<weblink xlink:type="simple" xlink:href="http://www.ymessengerblog.com/blog/2007/10/29/new-yahoo-messenger-90-beta/">
Yahoo! Messenger Blog » New Yahoo! Messenger 9.0 Beta</weblink></entry>
<entry id="23">
<weblink xlink:type="simple" xlink:href="http://www.ymessengerblog.com/blog/2008/09/23/bye-bye-beta-%E2%80%93-yahoo-messenger-90-launches/">
Yahoo! Messenger Blog » Bye bye Beta – Yahoo! Messenger 9.0 launches</weblink></entry>
<entry id="22">
<weblink xlink:type="simple" xlink:href="http://www.ymessengerblog.com/blog/2008/05/29/new-release-of-yahoo-messenger-90-beta/">
Yahoo! Messenger Blog » New Release of Yahoo Messenger 9.0 Beta</weblink></entry>
<entry id="25">
<weblink xlink:type="simple" xlink:href="http://www.ymessengerblog.com/blog/2007/10/25/new-release-of-mac-30-beta-2/">
Yahoo! Messenger Blog » New release of Mac 3.0 Beta 2</weblink></entry>
<entry id="24">
<weblink xlink:type="simple" xlink:href="http://www.ymessengerblog.com/blog/2007/09/06/new-mac-version-beta-2/">
Yahoo! Messenger Blog » New Mac version: Beta 2</weblink></entry>
<entry id="27">
<weblink xlink:type="simple" xlink:href="http://www.versiontracker.com/dyn/moreinfo/macosx/22025">
VersionTracker</weblink></entry>
<entry id="26">
<weblink xlink:type="simple" xlink:href="http://www.ymessengerblog.com/blog/2007/11/21/new-update-for-messenger-for-mac-30-beta-2/">
Yahoo! Messenger Blog » New update for Messenger for Mac 3.0 Beta 2</weblink></entry>
<entry id="28">
<weblink xlink:type="simple" xlink:href="http://www.versiontracker.com/dyn/moreinfo/macosx/22025">
VersionTracker</weblink></entry>
</reflist>
</p>

</sec>
<sec>
<st>
See also</st>
<p>

<list>
<entry level="1" type="bullet">

<link xlink:type="simple" xlink:href="../101/987101.xml">
Comparison of instant messaging clients</link></entry>
<entry level="1" type="bullet">

<link xlink:type="simple" xlink:href="../299/1597299.xml">
Comparison of instant messaging protocols</link></entry>
<entry level="1" type="bullet">

<link xlink:type="simple" xlink:href="../639/2317639.xml">
Comparison of IRC clients</link></entry>
<entry level="1" type="bullet">

<link xlink:type="simple" xlink:href="../951/55951.xml">
Instant Messaging</link></entry>
</list>
</p>

</sec>
<sec>
<st>
External links</st>
<p>

<list>
<entry level="1" type="bullet">

 <weblink xlink:type="simple" xlink:href="http://messenger.yahoo.com/">
Yahoo! Messenger</weblink></entry>
<entry level="1" type="bullet">

 <weblink xlink:type="simple" xlink:href="http://www.ymessengerblog.com">
Yahoo! Messenger - Official Blog</weblink></entry>
<entry level="1" type="bullet">

 <weblink xlink:type="simple" xlink:href="http://messenger.yahoo.com/vista/">
Yahoo Messenger for Vista</weblink></entry>
</list>
</p>











<p>

<table style=";" class="navbox" cellspacing="0">
<row>
<col style="padding:2px;">
<table style="width:100%;background:transparent;color:inherit;;" class="nowraplinks collapsible autocollapse " cellspacing="0">
<row>
<header colspan="2" style=";background:#D1B6EC;" class="navbox-title">
<company wordnetid="108058098" confidence="0.9508927676800064">
<link xlink:type="simple" xlink:href="../213/188213.xml">
Yahoo! Inc</link></company>
</header>
</row>
<row style="height:2px;">

</row>
<row>
<col colspan="2" style=";background:#DECAF1;" class="navbox-abovebelow">
<weblink xlink:type="simple" xlink:href="http://docs.yahoo.com/docs/family/more/">
Products and services</weblink></col>
</row>
<row style="height:2px;">

</row>
<row>
<col style=";background:#D1B6EC; vertical-align:middle;;" class="navbox-group">
Advertising</col>
<col style="text-align:left;border-left:2px solid #fdfdfd;width:100%;padding:0px;;;" class="navbox-list navbox-odd">
<artifact wordnetid="100021939" confidence="0.8">
<instrumentality wordnetid="103575240" confidence="0.8">
<engine wordnetid="103287733" confidence="0.8">
<motor wordnetid="103789946" confidence="0.8">
<device wordnetid="103183080" confidence="0.8">
<machine wordnetid="103699975" confidence="0.8">
<link xlink:type="simple" xlink:href="../180/11580180.xml">
Panama</link></machine>
</device>
</motor>
</engine>
</instrumentality>
</artifact>
&nbsp;·  <artifact wordnetid="100021939" confidence="0.8">
<instrumentality wordnetid="103575240" confidence="0.8">
<engine wordnetid="103287733" confidence="0.8">
<motor wordnetid="103789946" confidence="0.8">
<device wordnetid="103183080" confidence="0.8">
<machine wordnetid="103699975" confidence="0.8">
<link xlink:type="simple" xlink:href="../942/1025942.xml">
Search Marketing</link></machine>
</device>
</motor>
</engine>
</instrumentality>
</artifact>
&nbsp;·  <link xlink:type="simple" xlink:href="../744/3182744.xml">
Yahoo! Publisher Network</link></col>
</row>
<row style="height:2px">

</row>
<row>
<col style=";background:#D1B6EC; vertical-align:middle;;" class="navbox-group">
Developer Networks and Resources</col>
<col style="text-align:left;border-left:2px solid #fdfdfd;width:100%;padding:0px;;;" class="navbox-list navbox-even">
<link xlink:type="simple" xlink:href="../484/10610484.xml">
Yahoo! Gallery</link>&nbsp;·  <work wordnetid="100575741" confidence="0.8">
<social_group wordnetid="107950920" confidence="0.8">
<event wordnetid="100029378" confidence="0.8">
<service wordnetid="100577525" confidence="0.8">
<gathering wordnetid="107975026" confidence="0.8">
<community wordnetid="108223802" confidence="0.8">
<group wordnetid="100031264" confidence="0.8">
<act wordnetid="100030358" confidence="0.8">
<psychological_feature wordnetid="100023100" confidence="0.8">
<activity wordnetid="100407535" confidence="0.8">
<link xlink:type="simple" xlink:href="../552/12114552.xml">
Yahoo! Developer Network</link></activity>
</psychological_feature>
</act>
</group>
</community>
</gathering>
</service>
</event>
</social_group>
</work>
</col>
</row>
<row style="height:2px">

</row>
<row>
<col style=";background:#D1B6EC; vertical-align:middle;;" class="navbox-group">
Search</col>
<col style="text-align:left;border-left:2px solid #fdfdfd;width:100%;padding:0px;;;" class="navbox-list navbox-odd">
<link xlink:type="simple" xlink:href="../396/3607396.xml">
blo.gs</link>&nbsp;·  <web_site wordnetid="106359193" confidence="0.9508927676800064">
<link xlink:type="simple" xlink:href="../563/3359563.xml">
Directory</link></web_site>
&nbsp;·  <web_site wordnetid="106359193" confidence="0.9508927676800064">
<link xlink:type="simple" xlink:href="../044/14904044.xml">
Finance</link></web_site>
&nbsp;·  <web_site wordnetid="106359193" confidence="0.9508927676800064">
<link xlink:type="simple" xlink:href="../541/330541.xml">
Groups</link></web_site>
&nbsp;·  <link xlink:type="simple" xlink:href="../769/2945769.xml">
HotJobs</link>&nbsp;·  <software wordnetid="106566077" confidence="0.9508927676800064">
<link xlink:type="simple" xlink:href="../357/3198357.xml">
Kelkoo</link></software>
&nbsp;·  <software wordnetid="106566077" confidence="0.9508927676800064">
<link xlink:type="simple" xlink:href="../031/818031.xml">
LAUNCHcast</link></software>
&nbsp;·  <web_site wordnetid="106359193" confidence="0.9508927676800064">
<link xlink:type="simple" xlink:href="../997/1718997.xml">
Maps</link></web_site>
&nbsp;·  <web_site wordnetid="106359193" confidence="0.9508927676800064">
<link xlink:type="simple" xlink:href="../907/908907.xml">
Movies</link></web_site>
&nbsp;·  <web_site wordnetid="106359193" confidence="0.9508927676800064">
<link xlink:type="simple" xlink:href="../033/1988033.xml">
Music</link></web_site>
&nbsp;·  <web_site wordnetid="106359193" confidence="0.9508927676800064">
<link xlink:type="simple" xlink:href="../005/1560005.xml">
News</link></web_site>
&nbsp;·  <link xlink:type="simple" xlink:href="../258/5284258.xml">
omg!</link>&nbsp;·  <web_site wordnetid="106359193" confidence="0.9508927676800064">
<link xlink:type="simple" xlink:href="../791/9180791.xml">
Sports</link></web_site>
&nbsp;·  <web_site wordnetid="106359193" confidence="0.9508927676800064">
<link xlink:type="simple" xlink:href="../520/7337520.xml">
Video</link></web_site>
&nbsp;·  <web_site wordnetid="106359193" confidence="0.9508927676800064">
<link xlink:type="simple" xlink:href="../022/1620022.xml">
Web</link></web_site>
</col>
</row>
<row style="height:2px">

</row>
<row>
<col style=";background:#D1B6EC; vertical-align:middle;;" class="navbox-group">
Communication and Publishing</col>
<col style="text-align:left;border-left:2px solid #fdfdfd;width:100%;padding:0px;;;" class="navbox-list navbox-even">
<web_site wordnetid="106359193" confidence="0.9508927676800064">
<link xlink:type="simple" xlink:href="../969/3385969.xml">
Answers</link></web_site>
&nbsp;·  <web_site wordnetid="106359193" confidence="0.9508927676800064">
<link xlink:type="simple" xlink:href="../074/16389074.xml">
Buzz</link></web_site>
&nbsp;·  <web_site wordnetid="106359193" confidence="0.9508927676800064">
<link xlink:type="simple" xlink:href="../458/1178458.xml">
Flickr</link></web_site>
&nbsp;·  <link xlink:type="simple" xlink:href="../308/950308.xml">
Delicious</link>&nbsp;·  <link xlink:type="simple" xlink:href="../226/18171226.xml">
Fire Eagle</link>&nbsp;·  <event wordnetid="100029378" confidence="0.8">
<social_event wordnetid="107288639" confidence="0.8">
<contest wordnetid="107456188" confidence="0.8">
<game wordnetid="100456199" confidence="0.8">
<psychological_feature wordnetid="100023100" confidence="0.8">
<link xlink:type="simple" xlink:href="../731/1002731.xml">
Games</link></psychological_feature>
</game>
</contest>
</social_event>
</event>
&nbsp;·  <social_group wordnetid="107950920" confidence="0.8">
<gathering wordnetid="107975026" confidence="0.8">
<community wordnetid="108223802" confidence="0.8">
<group wordnetid="100031264" confidence="0.8">
<link xlink:type="simple" xlink:href="../913/479913.xml">
GeoCities</link></group>
</community>
</gathering>
</social_group>
&nbsp;·  <link xlink:type="simple" xlink:href="../892/13411892.xml">
Go</link>&nbsp;·  <web_site wordnetid="106359193" confidence="0.9508927676800064">
<link xlink:type="simple" xlink:href="../875/8141875.xml">
JumpCut</link></web_site>
&nbsp;·  <web_site wordnetid="106359193" confidence="0.9508927676800064">
<link xlink:type="simple" xlink:href="../868/15717868.xml">
Live</link></web_site>
&nbsp;·  <web_site wordnetid="106359193" confidence="0.9508927676800064">
<link xlink:type="simple" xlink:href="../788/646788.xml">
Mail</link></web_site>
&nbsp;·  <software wordnetid="106566077" confidence="0.9508927676800064">
<link xlink:type="simple" xlink:href="../351/199351.xml">
Messenger</link></software>
&nbsp;·  <link xlink:type="simple" xlink:href="../392/3441392.xml">
Mobile</link>&nbsp;·  <company wordnetid="108058098" confidence="0.9508927676800064">
<link xlink:type="simple" xlink:href="../825/12079825.xml">
MyBlogLog</link></company>
&nbsp;·  <web_site wordnetid="106359193" confidence="0.9508927676800064">
<link xlink:type="simple" xlink:href="../492/9391492.xml">
Pipes</link></web_site>
&nbsp;·   <computer wordnetid="103082979" confidence="0.8">
<artifact wordnetid="100021939" confidence="0.8">
<instrumentality wordnetid="103575240" confidence="0.8">
<device wordnetid="103183080" confidence="0.8">
<machine wordnetid="103699975" confidence="0.8">
<web_site wordnetid="106359193" confidence="0.8">
<link xlink:type="simple" xlink:href="../041/1661041.xml">
Rivals</link></web_site>
</machine>
</device>
</instrumentality>
</artifact>
</computer>
&nbsp;·  <work wordnetid="100575741" confidence="0.8">
<event wordnetid="100029378" confidence="0.8">
<service wordnetid="100577525" confidence="0.8">
<act wordnetid="100030358" confidence="0.8">
<psychological_feature wordnetid="100023100" confidence="0.8">
<activity wordnetid="100407535" confidence="0.8">
<link xlink:type="simple" xlink:href="../804/15873804.xml">
Web Hosting</link></activity>
</psychological_feature>
</act>
</service>
</event>
</work>
&nbsp;·  <link xlink:type="simple" xlink:href="../529/2909529.xml">
Upcoming</link>&nbsp;·  <software wordnetid="106566077" confidence="0.9508927676800064">
<link xlink:type="simple" xlink:href="../488/10128488.xml">
Voice</link></software>
&nbsp;·  <software wordnetid="106566077" confidence="0.9508927676800064">
<link xlink:type="simple" xlink:href="../586/2732586.xml">
Zimbra</link></software>
</col>
</row>
<row style="height:2px">

</row>
<row>
<col style=";background:#D1B6EC; vertical-align:middle;;" class="navbox-group">
Computer Applications</col>
<col style="text-align:left;border-left:2px solid #fdfdfd;width:100%;padding:0px;;;" class="navbox-list navbox-odd">
<software wordnetid="106566077" confidence="0.9508927676800064">
<link xlink:type="simple" xlink:href="../590/414590.xml">
Widgets </link></software>
&nbsp;·  <software wordnetid="106566077" confidence="0.9508927676800064">
<link xlink:type="simple" xlink:href="../038/1847038.xml">
Desktop Search</link></software>
&nbsp;·  <software wordnetid="106566077" confidence="0.9508927676800064">
<link xlink:type="simple" xlink:href="../351/199351.xml">
Messenger</link></software>
&nbsp;·  <physical_entity wordnetid="100001930" confidence="0.8">
<person wordnetid="100007846" confidence="0.8">
<player wordnetid="110439851" confidence="0.8">
<contestant wordnetid="109613191" confidence="0.8">
<causal_agent wordnetid="100007347" confidence="0.8">
<link xlink:type="simple" xlink:href="../684/2605684.xml">
Music Jukebox</link></causal_agent>
</contestant>
</player>
</person>
</physical_entity>
&nbsp;·  <software wordnetid="106566077" confidence="0.8">
<application wordnetid="106570110" confidence="0.8">
<program wordnetid="106568978" confidence="0.8">
<browser wordnetid="106571301" confidence="0.8">
<written_communication wordnetid="106349220" confidence="0.8">
<writing wordnetid="106359877" confidence="0.8">
<code wordnetid="106355894" confidence="0.8">
<coding_system wordnetid="106353757" confidence="0.8">
<link xlink:type="simple" xlink:href="../235/401235.xml">
The All-Seeing Eye</link></coding_system>
</code>
</writing>
</written_communication>
</browser>
</program>
</application>
</software>
&nbsp;·  <component wordnetid="103081021" confidence="0.8">
<part wordnetid="103892891" confidence="0.8">
<addition wordnetid="102679415" confidence="0.8">
<link xlink:type="simple" xlink:href="../747/13577747.xml">
Toolbar</link></addition>
</part>
</component>
</col>
</row>
<row style="height:2px">

</row>
<row>
<col style=";background:#D1B6EC; vertical-align:middle;;" class="navbox-group">
Former Products and Services</col>
<col style="text-align:left;border-left:2px solid #fdfdfd;width:100%;padding:0px;;;" class="navbox-list navbox-even">
<link>
360°</link>&nbsp;·  <computer wordnetid="103082979" confidence="0.8">
<artifact wordnetid="100021939" confidence="0.8">
<instrumentality wordnetid="103575240" confidence="0.8">
<device wordnetid="103183080" confidence="0.8">
<machine wordnetid="103699975" confidence="0.8">
<web_site wordnetid="106359193" confidence="0.8">
<link xlink:type="simple" xlink:href="../946/462946.xml">
Broadcast.com</link></web_site>
</machine>
</device>
</instrumentality>
</artifact>
</computer>
&nbsp;·  <computer wordnetid="103082979" confidence="0.8">
<artifact wordnetid="100021939" confidence="0.8">
<social_group wordnetid="107950920" confidence="0.8">
<instrumentality wordnetid="103575240" confidence="0.8">
<gathering wordnetid="107975026" confidence="0.8">
<device wordnetid="103183080" confidence="0.8">
<community wordnetid="108223802" confidence="0.8">
<machine wordnetid="103699975" confidence="0.8">
<group wordnetid="100031264" confidence="0.8">
<web_site wordnetid="106359193" confidence="0.8">
<link xlink:type="simple" xlink:href="../462/13281462.xml">
Mash</link></web_site>
</group>
</machine>
</community>
</device>
</gathering>
</instrumentality>
</social_group>
</artifact>
</computer>
&nbsp;·  <physical_entity wordnetid="100001930" confidence="0.8">
<person wordnetid="100007846" confidence="0.8">
<player wordnetid="110439851" confidence="0.8">
<client wordnetid="109985075" confidence="0.8">
<contestant wordnetid="109613191" confidence="0.8">
<causal_agent wordnetid="100007347" confidence="0.8">
<case wordnetid="109898892" confidence="0.8">
<link xlink:type="simple" xlink:href="../884/533884.xml">
Musicmatch Jukebox</link></case>
</causal_agent>
</contestant>
</client>
</player>
</person>
</physical_entity>
&nbsp;·  <service wordnetid="100577525" confidence="0.9508927676800064">
<link xlink:type="simple" xlink:href="../842/3422842.xml">
Music Unlimited</link></service>
&nbsp;·  <web_site wordnetid="106359193" confidence="0.9508927676800064">
<link xlink:type="simple" xlink:href="../642/3811642.xml">
Photos</link></web_site>
&nbsp;·  <web_site wordnetid="106359193" confidence="0.9508927676800064">
<link xlink:type="simple" xlink:href="../931/10423931.xml">
Podcasts</link></web_site>
&nbsp;·  <computer wordnetid="103082979" confidence="0.8">
<artifact wordnetid="100021939" confidence="0.8">
<instrumentality wordnetid="103575240" confidence="0.8">
<device wordnetid="103183080" confidence="0.8">
<machine wordnetid="103699975" confidence="0.8">
<web_site wordnetid="106359193" confidence="0.8">
<link xlink:type="simple" xlink:href="../036/1553036.xml">
RocketMail</link></web_site>
</machine>
</device>
</instrumentality>
</artifact>
</computer>
&nbsp;·  <link xlink:type="simple" xlink:href="../684/714684.xml">
WebRing</link></col>
</row>
<row style="height:2px">

</row>
<row>
<col style=";background:#D1B6EC; vertical-align:middle;;" class="navbox-group">
See also</col>
<col style="text-align:left;border-left:2px solid #fdfdfd;width:100%;padding:0px;;;" class="navbox-list navbox-odd">
<link xlink:type="simple" xlink:href="../423/6916423.xml">
Acquisitions</link> &nbsp;·  <link xlink:type="simple" xlink:href="../392/18718392.xml">
Criticism</link>  &nbsp;·  <web_site wordnetid="106359193" confidence="0.9508927676800064">
<link xlink:type="simple" xlink:href="../112/7806112.xml">
Time Capsule</link></web_site>
</col>
</row>
<row style="height:2px;">

</row>
<row>
<col colspan="2" style=";background:#DECAF1;" class="navbox-abovebelow">
<b>Annual Revenue</b>: 
▲$6.7 Billion <currency wordnetid="113385913" confidence="0.9508927676800064">
<link xlink:type="simple" xlink:href="../338/18717338.xml">
USD</link></currency>
 (2007)&nbsp;·  <b>Employees</b>: 11,400 (2007)
<b>Stock Symbol</b>: (<company wordnetid="108058098" confidence="0.8">
<institution wordnetid="108053576" confidence="0.8">
<link xlink:type="simple" xlink:href="../559/21559.xml">
NASDAQ</link></institution>
</company>
:&nbsp;<weblink xlink:type="simple" xlink:href="http://quotes.nasdaq.com/asp/SummaryQuote.asp?symbol=YHOO&amp;selected=YHOO">
YHOO</weblink>)&nbsp;·  <b>Website</b>: <weblink xlink:type="simple" xlink:href="http://www.yahoo.com/">
Yahoo.com</weblink></col>
</row>
</table>
</col>
</row>
</table>
</p>

<p>

<table style=";" class="navbox" cellspacing="0">
<row>
<col style="padding:2px;">
<table style="width:100%;background:transparent;color:inherit;;" class="nowraplinks collapsible autocollapse " cellspacing="0">
<row>
<header colspan="2" style=";" class="navbox-title">
<link xlink:type="simple" xlink:href="../951/55951.xml">
Instant messaging</link> clients (and comparison of <link xlink:type="simple" xlink:href="../101/987101.xml">
clients</link> and <link xlink:type="simple" xlink:href="../299/1597299.xml">
protocols</link>)</header>
</row>
<row style="height:2px;">

</row>
<row>
<col style=";;" class="navbox-group">
Proprietary and/or
single protocol</col>
<col style="text-align:left;border-left:2px solid #fdfdfd;width:100%;padding:0px;;;" class="navbox-list navbox-odd">
<physical_entity wordnetid="100001930" confidence="0.8">
<person wordnetid="100007846" confidence="0.8">
<client wordnetid="109985075" confidence="0.8">
<traveler wordnetid="109629752" confidence="0.8">
<causal_agent wordnetid="100007347" confidence="0.8">
<case wordnetid="109898892" confidence="0.8">
<messenger wordnetid="110311021" confidence="0.8">
<link xlink:type="simple" xlink:href="../ury/30th_century.xml">
AIM</link></messenger>
</case>
</causal_agent>
</traveler>
</client>
</person>
</physical_entity>
&nbsp;·  <company wordnetid="108058098" confidence="0.9508927676800064">
<link xlink:type="simple" xlink:href="../048/1676048.xml">
Baidu Hi</link></company>
&nbsp;·  <link xlink:type="simple" xlink:href="../891/18033891.xml">
Fetion</link>&nbsp;·  <software wordnetid="106566077" confidence="0.9508927676800064">
<link xlink:type="simple" xlink:href="../779/334779.xml">
Gadu-Gadu</link></software>
&nbsp;·  <software wordnetid="106566077" confidence="0.9508927676800064">
<link xlink:type="simple" xlink:href="../696/5716696.xml">
Mail.ru Agent</link></software>
&nbsp;·  <software wordnetid="106566077" confidence="0.9508927676800064">
<link xlink:type="simple" xlink:href="../931/5093931.xml">
MySpaceIM</link></software>
&nbsp;·  <artifact wordnetid="100021939" confidence="0.8">
<portal wordnetid="103985684" confidence="0.8">
<company wordnetid="108058098" confidence="0.8">
<way wordnetid="104564698" confidence="0.8">
<access wordnetid="102671062" confidence="0.8">
<entrance wordnetid="103290771" confidence="0.8">
<institution wordnetid="108053576" confidence="0.8">
<link xlink:type="simple" xlink:href="../418/2534418.xml">
NateOn</link></institution>
</entrance>
</access>
</way>
</company>
</portal>
</artifact>
&nbsp;·  <software wordnetid="106566077" confidence="0.9508927676800064">
<link xlink:type="simple" xlink:href="../589/424589.xml">
Skype</link></software>
&nbsp;·  <software wordnetid="106566077" confidence="0.9508927676800064">
<link xlink:type="simple" xlink:href="../903/571903.xml">
Tencent QQ</link></software>
&nbsp;·  <software wordnetid="106566077" confidence="0.9508927676800064">
<link xlink:type="simple" xlink:href="../351/199351.xml">
Yahoo! Messenger</link></software>
&nbsp;·  <software wordnetid="106566077" confidence="0.9508927676800064">
<link xlink:type="simple" xlink:href="../676/1610676.xml">
Xfire</link></software>
</col>
</row>
<row style="height:2px">

</row>
<row>
<col style=";;" class="navbox-group">
Multi-protocol</col>
<col style="text-align:left;border-left:2px solid #fdfdfd;width:100%;padding:0px;;;" class="navbox-list navbox-even">
<physical_entity wordnetid="100001930" confidence="0.8">
<person wordnetid="100007846" confidence="0.8">
<client wordnetid="109985075" confidence="0.8">
<traveler wordnetid="109629752" confidence="0.8">
<causal_agent wordnetid="100007347" confidence="0.8">
<case wordnetid="109898892" confidence="0.8">
<messenger wordnetid="110311021" confidence="0.8">
<link xlink:type="simple" xlink:href="../874/255874.xml">
Adium</link></messenger>
</case>
</causal_agent>
</traveler>
</client>
</person>
</physical_entity>
&nbsp;·  <software wordnetid="106566077" confidence="0.9508927676800064">
<link xlink:type="simple" xlink:href="../547/669547.xml">
Ayttm</link></software>
&nbsp;·  <physical_entity wordnetid="100001930" confidence="0.8">
<person wordnetid="100007846" confidence="0.8">
<client wordnetid="109985075" confidence="0.8">
<traveler wordnetid="109629752" confidence="0.8">
<causal_agent wordnetid="100007347" confidence="0.8">
<case wordnetid="109898892" confidence="0.8">
<messenger wordnetid="110311021" confidence="0.8">
<link xlink:type="simple" xlink:href="../108/1570108.xml">
BitlBee</link></messenger>
</case>
</causal_agent>
</traveler>
</client>
</person>
</physical_entity>
&nbsp;·  <software wordnetid="106566077" confidence="0.9508927676800064">
<link xlink:type="simple" xlink:href="../351/17273351.xml">
Carrier</link></software>
&nbsp;·  <software wordnetid="106566077" confidence="0.9508927676800064">
<link xlink:type="simple" xlink:href="../784/15704784.xml">
Digsby</link></software>
&nbsp;·  <software wordnetid="106566077" confidence="0.9508927676800064">
<link xlink:type="simple" xlink:href="../486/12495486.xml">
Empathy</link></software>
&nbsp;·  <software wordnetid="106566077" confidence="0.9508927676800064">
<link xlink:type="simple" xlink:href="../319/856319.xml">
IBM Lotus Sametime</link></software>
&nbsp;·  <link xlink:type="simple" xlink:href="../427/251427.xml">
iChat</link> &nbsp;·  <physical_entity wordnetid="100001930" confidence="0.8">
<person wordnetid="100007846" confidence="0.8">
<client wordnetid="109985075" confidence="0.8">
<causal_agent wordnetid="100007347" confidence="0.8">
<case wordnetid="109898892" confidence="0.8">
<link xlink:type="simple" xlink:href="../080/13798080.xml">
Instantbird</link></case>
</causal_agent>
</client>
</person>
</physical_entity>
&nbsp;·  <physical_entity wordnetid="100001930" confidence="0.8">
<person wordnetid="100007846" confidence="0.8">
<client wordnetid="109985075" confidence="0.8">
<causal_agent wordnetid="100007347" confidence="0.8">
<case wordnetid="109898892" confidence="0.8">
<link xlink:type="simple" xlink:href="../998/229998.xml">
Kopete</link></case>
</causal_agent>
</client>
</person>
</physical_entity>
&nbsp;·  <link xlink:type="simple" xlink:href="../254/2686254.xml">
meebo</link>&nbsp;·  <physical_entity wordnetid="100001930" confidence="0.8">
<person wordnetid="100007846" confidence="0.8">
<client wordnetid="109985075" confidence="0.8">
<causal_agent wordnetid="100007347" confidence="0.8">
<case wordnetid="109898892" confidence="0.8">
<link xlink:type="simple" xlink:href="../532/255532.xml">
Miranda IM</link></case>
</causal_agent>
</client>
</person>
</physical_entity>
&nbsp;·  <physical_entity wordnetid="100001930" confidence="0.8">
<person wordnetid="100007846" confidence="0.8">
<client wordnetid="109985075" confidence="0.8">
<causal_agent wordnetid="100007347" confidence="0.8">
<case wordnetid="109898892" confidence="0.8">
<link xlink:type="simple" xlink:href="../211/188211.xml">
Pidgin</link></case>
</causal_agent>
</client>
</person>
</physical_entity>
&nbsp;·  <software wordnetid="106566077" confidence="0.9508927676800064">
<link xlink:type="simple" xlink:href="../903/1593903.xml">
Qnext</link></software>
&nbsp;·  <software wordnetid="106566077" confidence="0.9508927676800064">
<link xlink:type="simple" xlink:href="../558/7794558.xml#xpointer(//*[./st=%22QIP+Infium%22])">
QIP Infium</link></software>
&nbsp;·  <physical_entity wordnetid="100001930" confidence="0.8">
<person wordnetid="100007846" confidence="0.8">
<client wordnetid="109985075" confidence="0.8">
<traveler wordnetid="109629752" confidence="0.8">
<causal_agent wordnetid="100007347" confidence="0.8">
<case wordnetid="109898892" confidence="0.8">
<messenger wordnetid="110311021" confidence="0.8">
<link xlink:type="simple" xlink:href="../861/1237861.xml">
SIM</link></messenger>
</case>
</causal_agent>
</traveler>
</client>
</person>
</physical_entity>
&nbsp;·  <physical_entity wordnetid="100001930" confidence="0.8">
<person wordnetid="100007846" confidence="0.8">
<client wordnetid="109985075" confidence="0.8">
<causal_agent wordnetid="100007347" confidence="0.8">
<case wordnetid="109898892" confidence="0.8">
<link xlink:type="simple" xlink:href="../388/89388.xml">
Trillian</link></case>
</causal_agent>
</client>
</person>
</physical_entity>
&nbsp;·  <software wordnetid="106566077" confidence="0.9508927676800064">
<link xlink:type="simple" xlink:href="../351/199351.xml">
Yahoo! Messenger</link></software>
</col>
</row>
<row style="height:2px">

</row>
<row>
<col style=";;" class="navbox-group">
<link xlink:type="simple" xlink:href="../455/192455.xml">
XMPP (Jabber)</link></col>
<col style="text-align:left;border-left:2px solid #fdfdfd;width:100%;padding:0px;;;" class="navbox-list navbox-odd">
<physical_entity wordnetid="100001930" confidence="0.8">
<person wordnetid="100007846" confidence="0.8">
<client wordnetid="109985075" confidence="0.8">
<traveler wordnetid="109629752" confidence="0.8">
<causal_agent wordnetid="100007347" confidence="0.8">
<case wordnetid="109898892" confidence="0.8">
<messenger wordnetid="110311021" confidence="0.8">
<link xlink:type="simple" xlink:href="../580/4287580.xml">
Coccinella</link></messenger>
</case>
</causal_agent>
</traveler>
</client>
</person>
</physical_entity>
&nbsp;·  <software wordnetid="106566077" confidence="0.9508927676800064">
<link xlink:type="simple" xlink:href="../279/867279.xml">
Exodus</link></software>
&nbsp;·  <software wordnetid="106566077" confidence="0.9508927676800064">
<link xlink:type="simple" xlink:href="../819/1819819.xml">
Gajim</link></software>
&nbsp;·  <software wordnetid="106566077" confidence="0.9508927676800064">
<link xlink:type="simple" xlink:href="../175/1566175.xml">
Google Talk</link></software>
&nbsp;·  <link xlink:type="simple" xlink:href="../661/15702661.xml">
Jabbim</link>&nbsp;·  <software wordnetid="106566077" confidence="0.9508927676800064">
<link xlink:type="simple" xlink:href="../067/12008067.xml">
JAJC</link></software>
&nbsp;·  <physical_entity wordnetid="100001930" confidence="0.8">
<person wordnetid="100007846" confidence="0.8">
<client wordnetid="109985075" confidence="0.8">
<traveler wordnetid="109629752" confidence="0.8">
<causal_agent wordnetid="100007347" confidence="0.8">
<case wordnetid="109898892" confidence="0.8">
<messenger wordnetid="110311021" confidence="0.8">
<link xlink:type="simple" xlink:href="../183/603183.xml">
Psi</link></messenger>
</case>
</causal_agent>
</traveler>
</client>
</person>
</physical_entity>
&nbsp;·  <physical_entity wordnetid="100001930" confidence="0.8">
<person wordnetid="100007846" confidence="0.8">
<client wordnetid="109985075" confidence="0.8">
<traveler wordnetid="109629752" confidence="0.8">
<causal_agent wordnetid="100007347" confidence="0.8">
<case wordnetid="109898892" confidence="0.8">
<messenger wordnetid="110311021" confidence="0.8">
<link xlink:type="simple" xlink:href="../025/15671025.xml">
Tkabber</link></messenger>
</case>
</causal_agent>
</traveler>
</client>
</person>
</physical_entity>
</col>
</row>
<row style="height:2px">

</row>
<row>
<col style=";;" class="navbox-group">
<software wordnetid="106566077" confidence="0.9508927676800064">
<link xlink:type="simple" xlink:href="../167/15167.xml">
ICQ</link></software>
</col>
<col style="text-align:left;border-left:2px solid #fdfdfd;width:100%;padding:0px;;;" class="navbox-list navbox-even">
<software wordnetid="106566077" confidence="0.9508927676800064">
<link xlink:type="simple" xlink:href="../167/15167.xml">
ICQ</link></software>
&nbsp;·  <software wordnetid="106566077" confidence="0.9508927676800064">
<link xlink:type="simple" xlink:href="../558/7794558.xml#xpointer(//*[./st=%22QIP+2005%22])">
QIP 2005</link></software>
&nbsp;·  <link xlink:type="simple" xlink:href="../397/19156397.xml">
qutIM</link></col>
</row>
<row style="height:2px">

</row>
<row>
<col style=";;" class="navbox-group">
<link xlink:type="simple" xlink:href="../094/174094.xml">
.NET Messenger</link></col>
<col style="text-align:left;border-left:2px solid #fdfdfd;width:100%;padding:0px;;;" class="navbox-list navbox-odd">
<link xlink:type="simple" xlink:href="../879/1134879.xml">
aMSN</link>&nbsp;·  <link xlink:type="simple" xlink:href="../127/6145127.xml">
emesene</link>&nbsp;·  <software wordnetid="106566077" confidence="0.9508927676800064">
<link xlink:type="simple" xlink:href="../781/2402781.xml">
Microsoft Messenger for Mac</link></software>
&nbsp;·  <software wordnetid="106566077" confidence="0.9508927676800064">
<link xlink:type="simple" xlink:href="../057/175057.xml">
MSN Messenger</link></software>
&nbsp;·  <software wordnetid="106566077" confidence="0.9508927676800064">
<link xlink:type="simple" xlink:href="../026/15311026.xml">
Mercury Messenger</link></software>
&nbsp;· <software wordnetid="106566077" confidence="0.9508927676800064">
<link xlink:type="simple" xlink:href="../063/19011063.xml">
Windows Live Messenger</link></software>
</col>
</row>
</table>
</col>
</row>
</table>
</p>



</sec>
</bdy>
</service>
</software>
</article>
