<?xml version="1.0" encoding="UTF-8"?>
<!-- generated by CLiX/Wiki2XML [MPI-Inf, MMCI@UdS] $LastChangedRevision: 92 $ on 16.04.2009 16:31:11[mciao0826] -->
<!DOCTYPE article SYSTEM "../article.dtd">
<article xmlns:xlink="http://www.w3.org/1999/xlink">
<region  confidence="0.8" wordnetid="108630985">
<prophet  confidence="0.9511911446218017" wordnetid="110483530">
<administrative_district  confidence="0.8" wordnetid="108491826">
<location  confidence="0.8" wordnetid="100027167">
<tract  confidence="0.8" wordnetid="108673395">
<municipality  confidence="0.8" wordnetid="108626283">
<geographical_area  confidence="0.8" wordnetid="108574314">
<town  confidence="0.8" wordnetid="108665504">
<district  confidence="0.8" wordnetid="108552138">
<oasis  confidence="0.8" wordnetid="108506496">
<urban_area  confidence="0.8" wordnetid="108675967">
<header>
<title>Siwa Oasis</title>
<id>203574</id>
<revision>
<id>244026743</id>
<timestamp>2008-10-09T00:13:58Z</timestamp>
<contributor>
<username>Nicolas93</username>
<id>8031497</id>
</contributor>
</revision>
<categories>
<category>Classical oracles</category>
<category>Berber</category>
<category>Cities, towns and villages in Egypt</category>
<category>Oases of Egypt</category>
<category>Tourism in Egypt</category>
</categories>
</header>
<bdy>
<p>

<image width="300px" src="Oase_Siwa.jpg" type="thumb">
<caption>

Siwi Oasis is vast, extending beyond the horizon
</caption>
</image>

The <b>Siwa Oasis</b> (<language wordnetid="106282651" confidence="0.9508927676800064">
<link xlink:type="simple" xlink:href="../803/803.xml">
Arabic</link></language>
: واحة سيوة&amp;lrm; <it>Wāḥat Sīwah</it>, from Berber <it>Siwa</it> "prey bird; protector of the sun god <belief wordnetid="105941423" confidence="0.8">
<deity wordnetid="109505418" confidence="0.8">
<spiritual_being wordnetid="109504135" confidence="0.8">
<link xlink:type="simple" xlink:href="../789/19230789.xml">
Amon-Ra</link></spiritual_being>
</deity>
</belief>
"<ref xlink:type="simple" xlink:href="#xpointer(//reflist/entry[@id=%221%22])">1</ref>) is an <link xlink:type="simple" xlink:href="../205/22205.xml">
oasis</link> in <country wordnetid="108544813" confidence="0.9508927676800064">
<link xlink:type="simple" xlink:href="../628/8087628.xml">
Egypt</link></country>
, located between the <link xlink:type="simple" xlink:href="../310/45310.xml">
Qattara Depression</link> and the <region wordnetid="108630985" confidence="0.8">
<desert wordnetid="108505573" confidence="0.8">
<location wordnetid="100027167" confidence="0.8">
<biome wordnetid="107941945" confidence="0.8">
<tract wordnetid="108673395" confidence="0.8">
<community wordnetid="107941729" confidence="0.8">
<geographical_area wordnetid="108574314" confidence="0.8">
<group wordnetid="100031264" confidence="0.8">
<link xlink:type="simple" xlink:href="../555/202555.xml">
Egyptian Sand Sea</link></group>
</geographical_area>
</community>
</tract>
</biome>
</location>
</desert>
</region>
 in the <region wordnetid="108630985" confidence="0.8">
<desert wordnetid="108505573" confidence="0.8">
<location wordnetid="100027167" confidence="0.8">
<biome wordnetid="107941945" confidence="0.8">
<tract wordnetid="108673395" confidence="0.8">
<community wordnetid="107941729" confidence="0.8">
<geographical_area wordnetid="108574314" confidence="0.8">
<group wordnetid="100031264" confidence="0.8">
<link xlink:type="simple" xlink:href="../548/202548.xml">
Libyan Desert</link></group>
</geographical_area>
</community>
</tract>
</biome>
</location>
</desert>
</region>
, nearly 50 <link xlink:type="simple" xlink:href="../510/50510.xml">
km</link> (30 <link xlink:type="simple" xlink:href="../159/19159.xml">
mi</link>) east of the <country wordnetid="108544813" confidence="0.9508927676800064">
<link xlink:type="simple" xlink:href="../633/17633.xml">
Libya</link></country>
n border, and 560 km (348 mil) from <village wordnetid="108672738" confidence="0.9508927676800064">
<link xlink:type="simple" xlink:href="../293/6293.xml">
Cairo</link></village>
.<ref xlink:type="simple" xlink:href="#xpointer(//reflist/entry[@id=%222%22])">2</ref><ref xlink:type="simple" xlink:href="#xpointer(//reflist/entry[@id=%223%22])">3</ref><ref xlink:type="simple" xlink:href="#xpointer(//reflist/entry[@id=%224%22])">4</ref>
About 80 <link xlink:type="simple" xlink:href="../510/50510.xml">
km</link> (50 miles) in length and 20 km (12 mi) wide,<ref xlink:type="simple" xlink:href="#xpointer(//reflist/entry[@id=%222%22])">2</ref></p>
<p>

Siwi Oasis is one of Egypt's isolated settlements, with 23,000 people, mostly ethnic <ethnic_group wordnetid="107967382" confidence="0.9508927676800064">
<link xlink:type="simple" xlink:href="../132/48132.xml">
Berbers</link></ethnic_group>
<ref xlink:type="simple" xlink:href="#xpointer(//reflist/entry[@id=%222%22])">2</ref> who speak a distinct <class wordnetid="107997703" confidence="0.9508927676800064">
<link xlink:type="simple" xlink:href="../693/4693.xml">
language of the Berber family</link></class>
 known as <link xlink:type="simple" xlink:href="../011/148011.xml">
taSiwit</link>. Its fame lies primarily in its ancient role as the home to an <link xlink:type="simple" xlink:href="../589/22589.xml">
oracle</link> of Amon, the ruins of which are a popular tourist attraction and gave the oasis its name.</p>
<p>

<link xlink:type="simple" xlink:href="../627/627.xml">
Agriculture</link> is the main activity of modern Siwi, mostly <link xlink:type="simple" xlink:href="../598/87598.xml">
date</link>s and <link xlink:type="simple" xlink:href="../479/22479.xml">
olive</link>s, supplemented by handicrafts (like <link xlink:type="simple" xlink:href="../158/3133158.xml">
basketry</link>).<ref xlink:type="simple" xlink:href="#xpointer(//reflist/entry[@id=%222%22])">2</ref> Tourism has in recent decades become a vital source of income. Much attention has been given to creating hotels that use local materials and play on local styles.</p>

<sec>
<st>
History</st>
<p>

<image location="right" width="250px" src="Egypt-region-map-cities.gif" type="thumb">
<caption>

Site of Siwah Oasis in Egypt (top left).
</caption>
</image>

Although the oasis is known to have been settled since at least the <link xlink:type="simple" xlink:href="../457/55457.xml">
10th millennium BC</link>, the earliest evidence of connection with <link xlink:type="simple" xlink:href="../874/874.xml">
ancient Egypt</link> is the <link xlink:type="simple" xlink:href="../817/801817.xml">
26th Dynasty</link>, when a <link xlink:type="simple" xlink:href="../766/220766.xml">
necropolis</link> was established. The ancient Egyptian name of Siwa was <it>Sekht-am</it> "Palm Land".<ref xlink:type="simple" xlink:href="#xpointer(//reflist/entry[@id=%222%22])">2</ref><ref xlink:type="simple" xlink:href="#xpointer(//reflist/entry[@id=%225%22])">5</ref></p>
<p>

<link xlink:type="simple" xlink:href="../056/42056.xml">
Greek</link> settlers at <link xlink:type="simple" xlink:href="../257/85257.xml">
Cyrene</link> made contact with the oasis around the same time (7th century BC), and the oracle temple of Amun (Greek <it>Zeus Ammon</it>) was already famous during the time of <person wordnetid="100007846" confidence="0.9508927676800064">
<historian wordnetid="110177150" confidence="0.9173553029164789">
<link xlink:type="simple" xlink:href="../574/13574.xml">
Herodotus</link></historian>
</person>
.<ref xlink:type="simple" xlink:href="#xpointer(//reflist/entry[@id=%225%22])">5</ref> Prior to his campaign of conquest in <country wordnetid="108544813" confidence="0.9508927676800064">
<link xlink:type="simple" xlink:href="../116/49116.xml">
Persia</link></country>
 <person wordnetid="100007846" confidence="0.9508927676800064">
<emperor wordnetid="110053004" confidence="0.9508927676800064">
<link xlink:type="simple" xlink:href="../783/783.xml">
Alexander the Great</link></emperor>
</person>
 reached the oasis, supposedly by following birds across the desert.  The oracle is said to have confirmed him as both a divine personage and the legitimate <sovereign wordnetid="110628644" confidence="0.8">
<physical_entity wordnetid="100001930" confidence="0.8">
<representative wordnetid="110522035" confidence="0.8">
<communicator wordnetid="109610660" confidence="0.8">
<person wordnetid="100007846" confidence="0.8">
<leader wordnetid="109623038" confidence="0.8">
<causal_agent wordnetid="100007347" confidence="0.8">
<head wordnetid="110162991" confidence="0.8">
<head_of_state wordnetid="110164747" confidence="0.8">
<ruler wordnetid="110541229" confidence="0.8">
<negotiator wordnetid="110351874" confidence="0.8">
<link xlink:type="simple" xlink:href="../294/23294.xml">
Pharaoh</link></negotiator>
</ruler>
</head_of_state>
</head>
</causal_agent>
</leader>
</person>
</communicator>
</representative>
</physical_entity>
</sovereign>
 of Egypt. </p>
<p>

The <link xlink:type="simple" xlink:href="../555/521555.xml">
Romans</link> later used Siwa as a place of banishment. Evidence of <physical_entity wordnetid="100001930" confidence="0.8">
<causal_agent wordnetid="100007347" confidence="0.8">
<link xlink:type="simple" xlink:href="../211/5211.xml">
Christianity</link></causal_agent>
</physical_entity>
 at Siwa is dubious, but in 708 the Siwans resisted an <link xlink:type="simple" xlink:href="../917/6037917.xml">
Islam</link>ic army, and probably did not convert until the 12th century. A local manuscript mentions only seven families totalling 40 men living at the oasis in 1203.</p>
<p>

The first European to visit since Roman times was the English traveler <physical_entity wordnetid="100001930" confidence="0.8">
<person wordnetid="100007846" confidence="0.8">
<explorer wordnetid="110072708" confidence="0.8">
<causal_agent wordnetid="100007347" confidence="0.8">
<link xlink:type="simple" xlink:href="../895/2332895.xml">
William George Browne</link></causal_agent>
</explorer>
</person>
</physical_entity>
, who came in 1792 to see the ancient temple of the oracle.<ref xlink:type="simple" xlink:href="#xpointer(//reflist/entry[@id=%222%22])">2</ref></p>
<p>

The oasis was officially added to Egypt by <link xlink:type="simple" xlink:href="../464/332464.xml">
Muhammad Ali of Egypt</link> in 1819, but his rule was tenuous and marked by several revolts. </p>
<p>

Siwa was the site of some fighting during <conflict wordnetid="100958896" confidence="0.9508927676800064">
<link xlink:type="simple" xlink:href="../461/4764461.xml">
World War I</link></conflict>
 and <military_action wordnetid="100952963" confidence="0.8">
<group_action wordnetid="101080366" confidence="0.8">
<event wordnetid="100029378" confidence="0.8">
<conflict wordnetid="100958896" confidence="0.8">
<act wordnetid="100030358" confidence="0.8">
<psychological_feature wordnetid="100023100" confidence="0.8">
<war wordnetid="100973077" confidence="0.8">
<link xlink:type="simple" xlink:href="../927/32927.xml">
World War II</link></war>
</psychological_feature>
</act>
</conflict>
</event>
</group_action>
</military_action>
. The <link xlink:type="simple" xlink:href="../887/4887.xml">
British Army</link>'s <military_unit wordnetid="108198398" confidence="0.8">
<unit_of_measurement wordnetid="113583724" confidence="0.8">
<power wordnetid="105190804" confidence="0.8">
<influence wordnetid="105194151" confidence="0.8">
<definite_quantity wordnetid="113576101" confidence="0.8">
<force wordnetid="105194578" confidence="0.8">
<group wordnetid="100031264" confidence="0.8">
<link xlink:type="simple" xlink:href="../228/99228.xml">
Long Range Desert Group</link></group>
</force>
</definite_quantity>
</influence>
</power>
</unit_of_measurement>
</military_unit>
 was based here, but also Rommel's <military_unit wordnetid="108198398" confidence="0.8">
<unit_of_measurement wordnetid="113583724" confidence="0.8">
<definite_quantity wordnetid="113576101" confidence="0.8">
<army_unit wordnetid="108190754" confidence="0.8">
<corps wordnetid="108212527" confidence="0.8">
<link xlink:type="simple" xlink:href="../208/158208.xml">
Afrika Korps</link></corps>
</army_unit>
</definite_quantity>
</unit_of_measurement>
</military_unit>
 took possession three times. German soldiers went <link xlink:type="simple" xlink:href="../428/1235428.xml">
skinny dipping</link> in the lake of the oracle, which was considered a <link xlink:type="simple" xlink:href="../729/385729.xml">
sacrilege</link>.</p>
<p>

<image location="left" width="380px" src="Egypt_Siwa_Oasis_town_panorama_2006.jpg" type="thumb">
<caption>

 Siwa Oasis has many mud-brick buildings.
</caption>
</image>
</p>
<p>

The ancient fortress of Siwa, built of natural rock (inselberg), made of salt, mud-brick<ref xlink:type="simple" xlink:href="#xpointer(//reflist/entry[@id=%222%22])">2</ref> and palm logs and known as the <link>
Shali Ghali</link> ("Shali" for city, and "Ghali", remote), although now mostly abandoned and 'melted', remains a prominent feature, towering five storeys above the modern town.</p>
<p>

Other local historic sites of interest include: the remains of the oracle temple; the Gebel al Mawta (the Mountain of the Dead) Roman-era necropolis featuring dozens of rock-cut tombs;<ref xlink:type="simple" xlink:href="#xpointer(//reflist/entry[@id=%222%22])">2</ref> and "Cleopatra's Bath" an antique natural spring.  The fragmentary remains of the oracle temple, with some inscriptions dating from the 4th century BC, lie within the ruins of Aghurmi. The revelations of the oracle fell into disrepute under the Roman occupation of Egypt.<ref xlink:type="simple" xlink:href="#xpointer(//reflist/entry[@id=%222%22])">2</ref></p>
<p>

Another attraction for tourists is Fatnas Island, which became a palm-fringed peninsula located on the edge of a saltwater lake. The lake had been partially drained in recent years due to a plan to limit the effect of rising water levels in Siwa due to agricultural runoff from uncontrolled wells (a major problem affecting the entire oasis), and Fatnas Island is now surrounded mostly by mud flats.</p>

</sec>
<sec>
<st>
Agriculture</st>
<p>

Siwa is popular for its palm and olive trees, producing huge volumes of dates and olives. <link xlink:type="simple" xlink:href="../478/22478.xml">
Extra virgin olive oil</link> is one of Siwa's popular products used in Egypt and exported to Europe. <link xlink:type="simple" xlink:href="../519/1870519.xml">
Jew's mallow</link> is also a reputable Siwa product in Egypt.</p>

</sec>
<sec>
<st>
Ancient footprint</st>
<p>

What may be the world's oldest human footprint was discovered in 2007 at Siwa Oasis. It may date to over 3 million years old.<ref xlink:type="simple" xlink:href="#xpointer(//reflist/entry[@id=%226%22])">6</ref></p>

</sec>
<sec>
<st>
See also</st>
<p>

<list>
<entry level="1" type="bullet">

 <physical_entity wordnetid="100001930" confidence="0.8">
<anthropologist wordnetid="109796323" confidence="0.8">
<person wordnetid="100007846" confidence="0.8">
<social_scientist wordnetid="110619642" confidence="0.8">
<causal_agent wordnetid="100007347" confidence="0.8">
<archeologist wordnetid="109804806" confidence="0.8">
<scientist wordnetid="110560637" confidence="0.8">
<link xlink:type="simple" xlink:href="../902/2614902.xml">
Ahmad Fakhri</link></scientist>
</archeologist>
</causal_agent>
</social_scientist>
</person>
</anthropologist>
</physical_entity>
, an archaeologist who worked at this site</entry>
</list>
</p>

</sec>
<sec>
<st>
References</st>

<p>

<reflist>
<entry id="1">
 <cite id="CITEREFIlahiane" style="font-style:normal">Ilahiane, Hsain,&#32;"Siwa Oasis", written at Lanham, MD,&#32;<it>Historical dictionary of the Berbers (Imazighen)</it>, Historical dictionaries of peoples and cultures, <b>5</b>, Scarecrow Press, Inc&#32;(published 2006), p. 111, ISBN 9780810854529</cite>&nbsp;</entry>
<entry id="2">
 <cite id="CITEREF2007" style="font-style:normal">"Siwa",&#32;<it>Encyclopædia Britannica</it>, 2007</cite>&nbsp;.
</entry>
<entry id="3">
 <cite id="CITEREFBardShubert" style="font-style:normal">Bard, Kathryn A.&#32;&amp;&#32;Shubert, Steven Blake, eds.,&#32;<it><weblink xlink:type="simple" xlink:href="http://books.google.com/books?vid=ISBN0415185890&amp;id=XNdgScxtirYC&amp;pg=PA738&amp;lpg=PA738&amp;ots=wF_yMSkmE0&amp;dq=%22Siwa+Oasis%22&amp;ie=ISO-8859-1&amp;output=html&amp;sig=k7Zbz8ncr2tgC0aJXx2YGNYVib4">
Encyclopedia of the Archaeology of Ancient Egypt</weblink></it>, Routledge (UK), ISBN 0415185890, </cite>&nbsp;.</entry>
<entry id="4">
 <cite id="CITEREFArnoldStrudwickStrudwick2003" style="font-style:normal">Arnold, Dieter; Strudwick, Helen&#32;&amp; Strudwick, Nigel, eds.&#32;(2003),&#32;<it><weblink xlink:type="simple" xlink:href="http://books.google.com/books?vid=ISBN1860644651&amp;id=XIns9M_9DcgC&amp;pg=RA1-PA223&amp;lpg=RA1-PA223&amp;dq=%22Siwa+Oasis%22&amp;ie=ISO-8859-1&amp;output=html&amp;sig=ZE8yEaZ-glWVuCLRceTfM8xdn_c">
The Encyclopaedia of Ancient Egyptian Architecture</weblink></it>, I B Tauris, ISBN 1860644651, </cite>&nbsp;</entry>
<entry id="5">
 <cite id="CITEREF2007" style="font-style:normal"><weblink xlink:type="simple" xlink:href="http://www.britannica.com/eb/topic-21208/Amon">
"Ammon"</weblink>,&#32;<it>Encyclopædia Britannica</it>, 2007, </cite>&nbsp;</entry>
<entry id="6">
<weblink xlink:type="simple" xlink:href="http://www.reuters.com/article/scienceNews/idUSL2029290020070820">
Reuters: Human footprint may be oldest ever found</weblink> August 20, 2007.</entry>
</reflist>
</p>

</sec>
<sec>
<st>
Bibliography</st>
<p>

<list>
<entry level="1" type="bullet">

 (French)<weblink xlink:type="simple" xlink:href="http://vbat.org/spip.php?article268">
<it>De l’habitation aux pieds d’argile, Les vicissitudes des matériaux (et des techniques) de construction à Siwa (Égypte)''</it></weblink><message wordnetid="106598915" confidence="0.8">
<information wordnetid="106634376" confidence="0.8">
<language wordnetid="106282651" confidence="0.8">
<format wordnetid="106636806" confidence="0.8">
<link xlink:type="simple" xlink:href="../077/24077.xml">
PDF</link></format>
</language>
</information>
</message>
, de Vincent Battesti, <it>in</it> Benfoughal T. et Boulay S. (dirs), <it>Journal des Africanistes</it>, <it>Sahara : identités et mutations sociales en objets</it>, Paris, Sociétés des Africanistes, 2006, Tome 76, fascicule 1, p. 165-185.</entry>
<entry level="1" type="bullet">

 (French)<weblink xlink:type="simple" xlink:href="http://vbat.org/spip.php?article169">
<it>« Pourquoi j’irais voir d’en haut ce que je connais déjà d’en bas ? » Centralités et circulations : comprendre l’usage des espaces dans l’oasis de Siwa''</it></weblink><message wordnetid="106598915" confidence="0.8">
<information wordnetid="106634376" confidence="0.8">
<language wordnetid="106282651" confidence="0.8">
<format wordnetid="106636806" confidence="0.8">
<link xlink:type="simple" xlink:href="../077/24077.xml">
PDF</link></format>
</language>
</information>
</message>
, de Vincent Battesti, <it>in</it> Battesti V. et Puig N. (dirs)  <weblink xlink:type="simple" xlink:href="http://ema.revues.org/index696.html">
Égypte/Monde Arabe</weblink>, <it>Terrains d’Égypte, anthropologies contemporaines</it>, n° 3, 3e série, 1er semestre 2006, Le Caire, <link xlink:type="simple" xlink:href="../083/19679083.xml">
Cedej</link>,  p. 139-179.</entry>
<entry level="1" type="bullet">

 (French) Alain Blottière, <it>L'Oasis</it>, éditions Quai Voltaire, Paris, 1992. Pocket edition : éditions Payot, "Petite Bibliothèque Voyageurs", Paris, 1994. (see link below).</entry>
<entry level="1" type="bullet">

 (English) Alain Blottière, <it>Siwa : the oasis</it>, Harpocrates Publishing, Alexandria (Egypt), 2004. (see link below)</entry>
<entry level="1" type="bullet">

 (English) Ahmed Fakhry, <it>The Oasis of Siwa. Its Customs, History and Monuments</it>, Cairo, Wadi el-Nil Press, 1950.</entry>
<entry level="1" type="bullet">

 (German) Klaus P. Kuhlmann, <it>Das Ammoneion. Archäologie, Geschichte und Kultpraxis des Orakels von Siwa.</it> Mit einem Beitrag von William Brashear, Mainz am Rhein, Verlag Philipp von Zabern, 1988 = Archäologische Veröffentlichungen. Deutsches Archäologisches Institut Abteilung Kairo, 75.</entry>
</list>
</p>

</sec>
<sec>
<st>
External links</st>

<p>

<list>
<entry level="1" type="bullet">

 (English)<weblink xlink:type="simple" xlink:href="http://www.siwaoasis.com/album/index.html">
 See Siwa Oasis Photo album</weblink>.</entry>
<entry level="1" type="bullet">

 (English)<weblink xlink:type="simple" xlink:href="http://www.badawiya.com/cpg142/thumbnails.php?album=11">
Siwa Oasis Photo Gallery</weblink>.</entry>
<entry level="1" type="bullet">

 (English)<weblink xlink:type="simple" xlink:href="http://www.siwaoasis.com">
The Locally Run Website of Siwa Oasis</weblink>.</entry>
<entry level="1" type="bullet">

 (English)<weblink xlink:type="simple" xlink:href="http://www.saudiaramcoworld.com/issue/198805/siwa-oasis.extraordinary.htm">
Siwa Oasis &ndash; Extraordinary</weblink>.</entry>
<entry level="1" type="bullet">

 (English)<weblink xlink:type="simple" xlink:href="http://www.harpocrates.com.eg/siwa.htm">
Alain Blottière's Travel book on Siwa</weblink>.</entry>
<entry level="1" type="bullet">

 (French)<weblink xlink:type="simple" xlink:href="http://alainblottiere.free.fr/oasis.html">
Alain Blottière's Travel book on Siwa</weblink>.</entry>
<entry level="1" type="bullet">

 (German)<weblink xlink:type="simple" xlink:href="http://www.zdf.de/ZDFde/inhalt/25/0,1872,2011481,00.html">
Account of Germans skinny-dipping in the well of the Oracle</weblink>.</entry>
<entry level="1" type="bullet">

 Detailed map of Egypt, with towns, oases &amp; temples:  http://unimaps.com/egypt/index.html.</entry>
<entry level="1" type="bullet">

 <weblink xlink:type="simple" xlink:href="http://vbat.org/galerie/index.php?/category/3">
<it>Pictures gallery on Siwa oasis"</it></weblink> on vbat.org, by Vincent Battesti.</entry>
<entry level="1" type="bullet">

 (English)<weblink xlink:type="simple" xlink:href="http://looklex.com/egypt/siwa.htm">
Travel guide</weblink>.</entry>
<entry level="1" type="bullet">

 (English)<weblink xlink:type="simple" xlink:href="http://www.40daysand1001nights.com">
40 Days and 1001 Nights</weblink> by Tamalyn Dallal (2007).</entry>
</list>
</p>
<p>

<link xlink:type="simple" xlink:href="../361/48361.xml">
Coordinates</link>: <weblink xlink:type="simple" xlink:href="http://stable.toolserver.org/geohack/geohack.php?pagename=Siwa_Oasis&amp;params=29_11_N_25_33_E_">
29°11′N 25°33′E﻿ / ﻿29.183, 25.55</weblink></p>

<p>

<table style=";" class="navbox" cellspacing="0">
<row>
<col style="padding:2px;">
<table style="width:100%;background:transparent;color:inherit;;" class="nowraplinks collapsible autocollapse " cellspacing="0">
<row>
<header colspan="3" style=";color:#DDDDDD;background:#338833;" class="navbox-title">
Egypt oasis areas</header>
</row>
<row style="height:2px;">

</row>
<row>
<col style="width:0%;padding:0px 2px 0px 0px;" rowspan="1">
<image width="81px" src="Palm_tree.jpg">
</image>
</col>
<col colspan="2" style="width:100%;padding:0px;text-align:left;;;" class="navbox-list navbox-odd"><p>

&nbsp;&nbsp;<region wordnetid="108630985" confidence="0.8">
<administrative_district wordnetid="108491826" confidence="0.8">
<location wordnetid="100027167" confidence="0.8">
<tract wordnetid="108673395" confidence="0.8">
<municipality wordnetid="108626283" confidence="0.8">
<geographical_area wordnetid="108574314" confidence="0.8">
<town wordnetid="108665504" confidence="0.8">
<district wordnetid="108552138" confidence="0.8">
<oasis wordnetid="108506496" confidence="0.8">
<urban_area wordnetid="108675967" confidence="0.8">
<link xlink:type="simple" xlink:href="../376/2013376.xml">
Bahariya</link></urban_area>
</oasis>
</district>
</town>
</geographical_area>
</municipality>
</tract>
</location>
</administrative_district>
</region>
 .
<region wordnetid="108630985" confidence="0.8">
<administrative_district wordnetid="108491826" confidence="0.8">
<location wordnetid="100027167" confidence="0.8">
<tract wordnetid="108673395" confidence="0.8">
<municipality wordnetid="108626283" confidence="0.8">
<geographical_area wordnetid="108574314" confidence="0.8">
<town wordnetid="108665504" confidence="0.8">
<district wordnetid="108552138" confidence="0.8">
<oasis wordnetid="108506496" confidence="0.8">
<urban_area wordnetid="108675967" confidence="0.8">
<link xlink:type="simple" xlink:href="../234/1197234.xml">
Dakhla</link></urban_area>
</oasis>
</district>
</town>
</geographical_area>
</municipality>
</tract>
</location>
</administrative_district>
</region>
 .
<link xlink:type="simple" xlink:href="../380/3081380.xml">
Farafra</link> .
<region wordnetid="108630985" confidence="0.8">
<location wordnetid="100027167" confidence="0.8">
<tract wordnetid="108673395" confidence="0.8">
<geographical_area wordnetid="108574314" confidence="0.8">
<oasis wordnetid="108506496" confidence="0.8">
<link xlink:type="simple" xlink:href="../890/11526890.xml">
Fayoum</link></oasis>
</geographical_area>
</tract>
</location>
</region>
 .
<region wordnetid="108630985" confidence="0.8">
<location wordnetid="100027167" confidence="0.8">
<tract wordnetid="108673395" confidence="0.8">
<geographical_area wordnetid="108574314" confidence="0.8">
<oasis wordnetid="108506496" confidence="0.8">
<link xlink:type="simple" xlink:href="../383/2013383.xml">
Kharga</link></oasis>
</geographical_area>
</tract>
</location>
</region>
 .
<region wordnetid="108630985" confidence="0.8">
<administrative_district wordnetid="108491826" confidence="0.8">
<location wordnetid="100027167" confidence="0.8">
<tract wordnetid="108673395" confidence="0.8">
<municipality wordnetid="108626283" confidence="0.8">
<geographical_area wordnetid="108574314" confidence="0.8">
<town wordnetid="108665504" confidence="0.8">
<district wordnetid="108552138" confidence="0.8">
<oasis wordnetid="108506496" confidence="0.8">
<urban_area wordnetid="108675967" confidence="0.8">
<link xlink:type="simple" xlink:href="../574/203574.xml">
Siwa</link></urban_area>
</oasis>
</district>
</town>
</geographical_area>
</municipality>
</tract>
</location>
</administrative_district>
</region>
</p>
<p>

&nbsp; <link xlink:type="simple" xlink:href="../689/78689.xml">
Egyptology</link> . 
<link xlink:type="simple" xlink:href="../170/234170.xml">
Egyptologists</link> .
</p>
</col>
</row>
</table>
</col>
</row>
</table>
</p>



</sec>
</bdy>
</urban_area>
</oasis>
</district>
</town>
</geographical_area>
</municipality>
</tract>
</location>
</administrative_district>
</prophet>
</region>
</article>
