<?xml version="1.0" encoding="UTF-8"?>
<!-- generated by CLiX/Wiki2XML [MPI-Inf, MMCI@UdS] $LastChangedRevision: 92 $ on 16.04.2009 16:29:43[mciao0825] -->
<!DOCTYPE article SYSTEM "../article.dtd">
<article xmlns:xlink="http://www.w3.org/1999/xlink">
<null_set  confidence="0.8" wordnetid="108001344">
<set  confidence="0.8" wordnetid="107999699">
<header>
<title>Normal number</title>
<id>204277</id>
<revision>
<id>241314437</id>
<timestamp>2008-09-27T12:45:31Z</timestamp>
<contributor>
<username>Thijs!bot</username>
<id>1392310</id>
</contributor>
</revision>
<categories>
<category>All articles with unsourced statements</category>
<category>Articles with invalid date parameter in template</category>
<category>Number theory</category>
<category>Articles with unsourced statements since July 2008</category>
<category>Sets of real numbers</category>
</categories>
</header>
<bdy>

<indent level="1">

<it>A different topic is treated in the article titled <link xlink:type="simple" xlink:href="../780/653780.xml">
normal number (computing)</link>.</it>
</indent>

In <link xlink:type="simple" xlink:href="../831/18831.xml">
mathematics</link>, a <b>normal number</b> is a <link xlink:type="simple" xlink:href="../491/19725491.xml">
real number</link> whose digits in every <link xlink:type="simple" xlink:href="../207/701207.xml">
base</link> show a <link xlink:type="simple" xlink:href="../214/1699214.xml">
uniform distribution</link>, with all digits being equally likely, all pairs of digits equally likely, all triplets of digits equally likely, etc.<p>

While a general proof can be given that <link xlink:type="simple" xlink:href="../309/1309.xml">
almost all</link> numbers are normal, this proof is not constructive and only very few concrete numbers have been shown to be normal. It is for instance widely believed that the numbers <link xlink:type="simple" xlink:href="../682/341682.xml">
√2</link>, <link xlink:type="simple" xlink:href="../601/23601.xml">
π</link>, and <it><link xlink:type="simple" xlink:href="../633/9633.xml">
e</link></it> are normal, but a proof remains elusive.</p>

<sec>
<st>
 Definitions </st>
<p>

Let Σ be a finite <link xlink:type="simple" xlink:href="../269/4292269.xml">
alphabet</link> of <it>b</it> digits. Let <it>S</it> &amp;isin; &amp;Sigma;&amp;infin; be an infinite <link xlink:type="simple" xlink:href="../838/27838.xml">
sequence</link> drawn from the alphabet &amp;Sigma;. Let <it>w</it> &amp;isin; &amp;Sigma;* be a finite <idea wordnetid="105833840" confidence="0.8">
<concept wordnetid="105835747" confidence="0.8">
<category wordnetid="105838765" confidence="0.8">
<language wordnetid="106282651" confidence="0.8">
<type wordnetid="105840188" confidence="0.8">
<kind wordnetid="105839024" confidence="0.8">
<link xlink:type="simple" xlink:href="../701/27701.xml#xpointer(//*[./st=%22Formal+theory%22])">
string</link></kind>
</type>
</language>
</category>
</concept>
</idea>
 drawn from the alphabet &amp;Sigma;. Let <it>n</it> be a positive integer. Define <it>NS</it>(<it>w</it>, <it>n</it>) to be the number of times the string <it>w</it> appears as a <link xlink:type="simple" xlink:href="../560/2696560.xml">
substring</link> in the first <it>n</it> digits of the sequence <it>S</it>. (For instance, if <it>S</it> = 01010101..., then <it>NS</it>(010, 8) = 3.) <it>S</it> is <b>normal</b> if, for all finite strings <it>w</it> &amp;isin; &amp;Sigma;*,</p>
<p>

<indent level="1">

<math>\lim_{n\to\infty} \frac{N_S(w,n)}{n} = \frac{1}{b^{|w|}}</math>
</indent>

(where |&amp;thinsp;<it>w</it>&amp;thinsp;| denotes the length of the string <it>w</it>; see also <link xlink:type="simple" xlink:href="../773/285773.xml">
limit</link>.)
In other words, <it>S</it> is normal if all strings of equal length occur with equal <link xlink:type="simple" xlink:href="../503/3469503.xml">
asymptotic</link> frequency. For example, in a normal binary sequence (a sequence over the alphabet {0,1}), 0 and 1 each occur with frequency 1&amp;frasl;2; 00, 01, 10, and 11 each occur with frequency 1&amp;frasl;4; 000, 001, 010, 011, 100, 101, 110, and 111 each occur with frequency 1&amp;frasl;8, etc. Roughly speaking, the <link xlink:type="simple" xlink:href="../934/22934.xml">
probability</link> of finding the string <it>w</it> in any given position in <it>S</it> is precisely that expected if the sequence had been produced at <link xlink:type="simple" xlink:href="../256/48256.xml">
random</link>.</p>
<p>

Suppose now that <it>b</it> is an <link xlink:type="simple" xlink:href="../563/14563.xml">
integer</link> greater than 1 and <it>x</it> is a <link xlink:type="simple" xlink:href="../491/19725491.xml">
real number</link>. Consider the infinite digit sequence expansion <it>Sx, b</it> of <it>x</it> in the base <it>b</it> <link xlink:type="simple" xlink:href="../170/21170.xml">
positional number system</link> (we ignore the decimal point). We say <it>x</it> is <b>normal in base <it>b</it></b> if the sequence <it>Sx, b</it> is normal. The number <it>x</it> is called a <b>normal number</b> (or sometimes an <b>absolutely normal number</b>) if it is normal in base <it>b</it> for every integer <it>b</it> greater than 1.</p>
<p>

A given infinite sequence is either normal or not normal, whereas a real number, having a different base-<it>b</it> expansion for each integer <it>b</it> &amp;ge; 2, may be normal in one base but not in another (<physical_entity wordnetid="100001930" confidence="0.8">
<peer wordnetid="109626238" confidence="0.8">
<person wordnetid="100007846" confidence="0.8">
<colleague wordnetid="109935990" confidence="0.8">
<causal_agent wordnetid="100007347" confidence="0.8">
<scientist wordnetid="110560637" confidence="0.8">
<mathematician wordnetid="110301261" confidence="0.8">
<associate wordnetid="109816771" confidence="0.8">
<link xlink:type="simple" xlink:href="../206/1709206.xml">
Cassels</link></associate>
</mathematician>
</scientist>
</causal_agent>
</colleague>
</person>
</peer>
</physical_entity>
 1959 and <person wordnetid="100007846" confidence="0.9638700866880419">
<link xlink:type="simple" xlink:href="../227/8693227.xml">
Schmidt</link></person>
 1960). A normal number in base <it>r</it> is normal in base <it>s</it> if log <it>r</it> / log <it>s</it> is a rational number. (Schmidt 1960)</p>
<p>

A <link xlink:type="simple" xlink:href="../950/4251950.xml">
disjunctive sequence</link> is a sequence in which every finite string appears. A normal sequence is disjunctive, but a disjunctive sequence need not be normal. A number that is disjunctive to some particular base (or to every base) is sometimes called a <b>lexicon</b> or is said to be <it>b</it>-dense.<ref xlink:type="simple" xlink:href="#xpointer(//reflist/entry[@id=%221%22])">1</ref> Every normal number is <it>b</it>-dense, but not necessarily vice versa.  Another weaker property than normality is simple normality. A number is <b>simply normal in base <it>b</it></b> if each individual digit appears with frequency 1/<it>b</it>.  For a given base <it>b</it>, a number can be simply normal (but not normal or <it>b</it>-dense), <it>b</it>-dense (but not simply normal or normal), normal (and thus simply normal and <it>b</it>-dense), or none of these.</p>

</sec>
<sec>
<st>
 Properties and examples </st>
<p>

The concept of a normal number was introduced by <link>
Émile Borel</link> in 1909. Using the <statement wordnetid="106722453" confidence="0.8">
<message wordnetid="106598915" confidence="0.8">
<lemma wordnetid="106751833" confidence="0.8">
<proposition wordnetid="106750804" confidence="0.8">
<link xlink:type="simple" xlink:href="../987/44987.xml">
Borel-Cantelli lemma</link></proposition>
</lemma>
</message>
</statement>
, he proved the normal number theorem: <link xlink:type="simple" xlink:href="../309/1309.xml">
almost all</link> real numbers are normal, in the sense that the set of non-normal numbers has <link xlink:type="simple" xlink:href="../198/18198.xml">
Lebesgue measure</link> zero (Borel 1909). This theorem established the existence of normal numbers, but <link xlink:type="simple" xlink:href="../122/34122.xml">
Waclaw Sierpinski</link> in 1917 was the first to give an example of one.</p>
<p>

The set of non-normal numbers, though "small" in the sense of being a <link xlink:type="simple" xlink:href="../520/21520.xml">
null set</link>, is "large" in the sense of being <link xlink:type="simple" xlink:href="../248/32248.xml">
uncountable</link>. Indeed, there are uncountably many numbers whose decimal expansion does not contain the digit 5, and none of these are normal.</p>
<p>

<idea wordnetid="105833840" confidence="0.8">
<concept wordnetid="105835747" confidence="0.8">
<constant wordnetid="105858936" confidence="0.8">
<quantity wordnetid="105855125" confidence="0.8">
<link xlink:type="simple" xlink:href="../351/541351.xml">
Champernowne's number</link></quantity>
</constant>
</concept>
</idea>

<indent level="1">

 0.1234567891011121314151617...,
</indent>
obtained by concatenating the decimal representations of the natural numbers in order, is normal in base 10, but it might not be normal in some other bases. The <link>
Copeland–Erdős constant</link>
<indent level="1">

 0.235711131719232931374143...,
</indent>
obtained by concatenating the <link xlink:type="simple" xlink:href="../666/23666.xml">
prime number</link>s in base 10, is also known to be normal in base 10.</p>
<p>

An example of a normal number is given by <link xlink:type="simple" xlink:href="../205/6205.xml">
Chaitin's constant</link> <math>\ \Omega</math>. Indeed, every <link xlink:type="simple" xlink:href="../548/4257548.xml">
algorithmically random sequence</link> over the alphabet <math>\Sigma = \{0,1,\ldots,b-1\}</math> is the base-<it>b</it> expansion of a normal number. A <link xlink:type="simple" xlink:href="../206/6206.xml">
computable</link> absolutely normal number was constructed in (Becher 2002).</p>
<p>

No <link xlink:type="simple" xlink:href="../024/19727024.xml">
rational number</link> is normal to any base, since the digit sequences of rational numbers are <link xlink:type="simple" xlink:href="../447/13612447.xml">
eventually periodic</link>.</p>
<p>

Bailey and Crandall show an explicit <link xlink:type="simple" xlink:href="../248/32248.xml">
uncountably infinite</link> class of <it>b</it>-normal numbers by perturbing <null_set wordnetid="108001344" confidence="0.8">
<set wordnetid="107999699" confidence="0.8">
<link xlink:type="simple" xlink:href="../361/541361.xml">
Stoneham number</link></set>
</null_set>
s.<ref xlink:type="simple" xlink:href="#xpointer(//reflist/entry[@id=%221%22])">1</ref></p>
<p>

It has been an elusive goal to prove the normality of numbers which were not explicitly constructed for the purpose. It is for instance unknown whether <link xlink:type="simple" xlink:href="../682/341682.xml">
√2</link>, <link xlink:type="simple" xlink:href="../601/23601.xml">
π</link>, <link xlink:type="simple" xlink:href="../476/21476.xml">
ln</link>(2) or <link xlink:type="simple" xlink:href="../633/9633.xml">
e</link> is normal (but all of them are strongly conjectured to be normal, because of some empirical evidence). It is not even known which digits occur infinitely often in the decimal expansions of those constants. It has been conjectured that every <link xlink:type="simple" xlink:href="../804/19724804.xml">
irrational</link> <link xlink:type="simple" xlink:href="../158/1158.xml">
algebraic number</link> is normal; while no counterexamples are known, there also exists no algebraic number that has been proven to be normal in any base.</p>
<p>

Additional properties of normal numbers include:</p>
<p>

<list>
<entry level="1" type="bullet">

 Every positive number is the product of two normal numbers. This follows from the general fact that every number is the product of two numbers from a set <math>X\subseteq\R^+</math> if the complement of <it>X</it> has measure 0.&#91;&#93;</entry>
</list>
</p>
<p>

<list>
<entry level="1" type="bullet">

 If <it>x</it> is normal in base <it>b</it> and <it>q</it> ≠ 0 is a <link xlink:type="simple" xlink:href="../024/19727024.xml">
rational number</link>, then <math>x \cdot q</math> is normal in base <it>b</it>. (Wall 1949)</entry>
</list>
</p>
<p>

<list>
<entry level="1" type="bullet">

 If <math>A\subseteq\N</math> is <it>dense</it> (for every <math>\alpha&amp;lt;1</math> and for all sufficiently large <it>n</it>, <math>|A \cap \{1,\ldots,n\}| \geq n^\alpha</math>) and <math>a_1,a_2,a_3,\ldots</math> are the base-<it>b</it> expansions of the elements of <it>A</it>, then the number <math>0.a_1a_2a_3\ldots</math>, formed by concatenating the elements of <it>A</it>, is normal in base <it>b</it> (Copeland and Erdős 1946). From this it follows that Champernowne's number is normal in base 10 (since the set of all positive integers is obviously dense) and that the Copeland-Erdős constant is normal in base 10 (since the <link xlink:type="simple" xlink:href="../692/23692.xml">
prime number theorem</link> implies that the set of primes is dense).</entry>
</list>
</p>
<p>

<list>
<entry level="1" type="bullet">

 A sequence is normal <link xlink:type="simple" xlink:href="../922/14922.xml">
if and only if</link> every <it>block</it> of equal length appears with equal frequency. (A block of length <it>k</it> is a substring of length <it>k</it> appearing at a position in the sequence that is a multiple of <it>k</it>: e.g. the first length-<it>k</it> block in <it>S</it> is <it>S</it>[1..''k''], the second length-<it>k</it> block is <it>S</it>[''k''+1..2''k''], etc.) This was implicit in the work of Ziv and Lempel (1978) and made explicit in the work of Bourke, Hitchcock, and Vinodchandran (2005).</entry>
</list>
</p>
<p>

<list>
<entry level="1" type="bullet">

 A number is normal in base <it>b</it> if and only if it is simply normal in base <it>bk</it> for every integer <math>k \geq 1</math>. This follows from the previous block characterization of normality: Since the nth block of length <it>k</it> in its base <it>b</it> expansion corresponds to the nth digit in its base <it>bk</it> expansion, a number is simply normal in base <it>bk</it> if and only if blocks of length <it>k</it> appear in its base <it>b</it> expansion with equal frequency.</entry>
</list>
</p>
<p>

<list>
<entry level="1" type="bullet">

 A number is normal if and only if it is simply normal in every base. This follows from the previous characterization of base <it>b</it> normality.</entry>
</list>
</p>
<p>

<list>
<entry level="1" type="bullet">

 A number is <it>b</it>-normal if and only if it is simply normal to bases <it>b</it>, <it>b</it>2, <it>b</it>3, ….</entry>
</list>
</p>
<p>

<list>
<entry level="1" type="bullet">

 A number is <it>b</it>-normal if and only if there exists a set of positive integers <math>m_1&amp;lt;m_2&amp;lt;m_3&amp;lt;\cdots</math> where the number is simply normal to bases <it>bm</it> for all <math>m\in\{m_1,m_2,\ldots\}.</math><ref xlink:type="simple" xlink:href="#xpointer(//reflist/entry[@id=%222%22])">2</ref> No finite set suffices to show that the number is <it>b</it>-normal.</entry>
</list>
</p>
<p>

<list>
<entry level="1" type="bullet">

 The set of normal sequences is <b>closed under finite variations</b>: adding, removing, or changing a <link xlink:type="simple" xlink:href="../742/11742.xml">
finite</link> number of digits in any normal sequence leaves it normal.</entry>
</list>
</p>
<p>

<list>
<entry level="1" type="bullet">

 A number is <it>b</it>-normal if and only if<ref xlink:type="simple" xlink:href="#xpointer(//reflist/entry[@id=%223%22])">3</ref></entry>
<entry level="2" type="indent">

<math>\liminf_{m\to\infty}\limsup_{n\to\infty}\frac{\#_{0\le j\le n}(|\{b^jx\}-y|&amp;lt;b^{-m})}{2nb^{-m}}=\infty</math></entry>
</list>
</p>

</sec>
<sec>
<st>
 Connection to finite-state machines </st>
<p>

Agafonov showed an early connection between <link xlink:type="simple" xlink:href="../931/10931.xml">
finite-state machine</link>s and normal sequences: every subsequence selected from a normal sequence by a <link xlink:type="simple" xlink:href="../723/25723.xml">
regular language</link> is also normal. In other words, if one runs a finite-state machine on a normal sequence, where each of the finite-state machine's states are labeled either "output" or "no output", and the machine outputs the digit it reads next after entering an "output" state, but does not output the next digit after entering a "no output state", then the sequence it outputs will be normal (Agafonov 1968).</p>
<p>

A deeper connection exists with finite-state gamblers (FSG's) and information lossless finite-state compressors (ILFSC's). </p>

<p>

A <b>finite-state gambler</b> (a.k.a. <b>finite-state <link xlink:type="simple" xlink:href="../536/274536.xml">
martingale</link></b>) is a <link xlink:type="simple" xlink:href="../931/10931.xml">
finite-state machine</link> over a finite alphabet <math>\Sigma</math>, each of whose states is labelled with percentages of money to bet on each digit in <math>\Sigma</math>. For instance, for an FSG over the binary alphabet <math>\Sigma = \{0,1\}</math>, the current state <it>q</it> bets some percentage <math>q_0 \in [0,1]</math> of the gambler's money on the bit 0, and the remaining <math>q_1 = 1-q_0</math> fraction of the gambler's money on the bit 1. The money bet on the digit that comes next in the input (total money times percent bet) is multiplied by <math>|\Sigma|</math>, and the rest of the money is lost. After the bit is read, the FSG transitions to the next state according to the input it received. A FSG <it>d</it> <b>succeeds</b> on an infinite sequence <it>S</it> if, starting from $1, it makes unbounded money betting on the sequence; i.e., if </p>
<p>

<indent level="1">

<math>\limsup_{n\to\infty} d(S \upharpoonright n) = \infty,</math>
</indent>

where <math>d(S \upharpoonright n)</math> is the amount of money the gambler <it>d</it> has after reading the first <it>n</it> digits of <it>S</it> (see <link>
limit superior</link>).</p>
<p>

A <b>finite-state compressor</b> is a <link xlink:type="simple" xlink:href="../931/10931.xml">
finite-state machine</link> with output strings labelling its <link xlink:type="simple" xlink:href="../857/548857.xml">
state transitions</link>, including possibly the empty string. (Since one digit is read from the input sequence for each state transition, it is necessary to be able to output the empty string in order to achieve any compression at all). An information lossless finite-state compressor is a finite-state compressor whose input can be uniquely recovered from its output and final state. In other words, for a finite-state compressor <it>C</it> with state set <it>Q</it>, <it>C</it> is information lossless if the function <math>f: \Sigma^* \to \Sigma^* \times Q</math>, mapping the input string of <it>C</it> to the output string and final state of <it>C</it>, is <link xlink:type="simple" xlink:href="../417/252417.xml">
1-1</link>. Compression techniques such as <plant wordnetid="100017222" confidence="0.8">
<tree wordnetid="113104059" confidence="0.8">
<vascular_plant wordnetid="113083586" confidence="0.8">
<event wordnetid="100029378" confidence="0.8">
<rule wordnetid="105846932" confidence="0.8">
<woody_plant wordnetid="113103136" confidence="0.8">
<act wordnetid="100030358" confidence="0.8">
<psychological_feature wordnetid="100023100" confidence="0.8">
<procedure wordnetid="101023820" confidence="0.8">
<activity wordnetid="100407535" confidence="0.8">
<algorithm wordnetid="105847438" confidence="0.8">
<link xlink:type="simple" xlink:href="../883/13883.xml">
Huffman coding</link></algorithm>
</activity>
</procedure>
</psychological_feature>
</act>
</woody_plant>
</rule>
</event>
</vascular_plant>
</tree>
</plant>
 or <link xlink:type="simple" xlink:href="../544/62544.xml">
Shannon-Fano coding</link> can be implemented with ILFSC's. An ILFSC <it>C</it> <b>compresses</b> an infinite sequence <it>S</it> if</p>
<p>

<indent level="1">

<math>\liminf_{n\to\infty} \frac{|C(S \upharpoonright n)|}{n} &amp;lt; 1,</math>
</indent>

where <math>|C(S \upharpoonright n)|</math> is the number of digits output by <it>C</it> after reading the first <it>n</it> digits of <it>S</it>. Note that the <link xlink:type="simple" xlink:href="../681/8681.xml">
compression ratio</link> (the <link xlink:type="simple" xlink:href="../837/44837.xml">
limit inferior</link> above) can always be made to equal 1 by the 1-state ILFSC that simply copies its input to the output.</p>


<p>

Schnorr and Stimm showed that no FSG can succeed on any normal sequence, and Bourke, Hitchcock and Vinodchandran showed the <link xlink:type="simple" xlink:href="../331/2671331.xml">
converse</link>. Therefore:
<indent level="1">

<it>A sequence is normal if and only if there is no finite-state gambler that succeeds on it</it>. 
</indent>
Ziv and Lempel showed:
<indent level="1">

<it>A sequence is normal if and only if it is incompressible by any information lossless finite-state compressor</it> 
</indent>
(they actually showed that the sequence's optimal compression ratio over all ILFSC's is exactly its <it><link xlink:type="simple" xlink:href="../445/15445.xml">
entropy</link> rate</it>, a quantitative measure of its deviation from normality, which is 1 exactly when the sequence is normal). Since the <link xlink:type="simple" xlink:href="../855/75855.xml">
LZ compression algorithm</link> compresses asymptotically as well as any ILFSC, this means that the LZ compression algorithm can compress any non-normal sequence. (Ziv Lempel 1978)</p>
<p>

These characterizations of normal sequences can be interpreted to mean that "normal" = "finite-state random"; i.e., the normal sequences are precisely those that appear random to any finite-state machine. Compare this with the <link xlink:type="simple" xlink:href="../548/4257548.xml">
algorithmically random sequence</link>s, which are those infinite sequences that appear random to any algorithm (and in fact have similar gambling and compression characterizations with <invention wordnetid="105633385" confidence="0.8">
<know-how wordnetid="105616786" confidence="0.8">
<method wordnetid="105660268" confidence="0.8">
<link xlink:type="simple" xlink:href="../403/30403.xml">
Turing machine</link></method>
</know-how>
</invention>
s replacing finite-state machines).</p>

</sec>
<sec>
<st>
 Connection to equidistributed sequences </st>
<p>

A number <it>x</it> is normal in base <it>b</it> <link xlink:type="simple" xlink:href="../922/14922.xml">
if and only if</link> the sequence <math>{\left( b^k x \right) }_{k=0}^\infty</math> is <link xlink:type="simple" xlink:href="../420/1030420.xml">
equidistributed modulo 1</link>, or equivalently, using <link xlink:type="simple" xlink:href="../015/1986015.xml">
Weyl's criterion</link>, if and only if
<indent level="1">

<math>\lim_{n\rightarrow\infty}\frac{1}{n}\sum_{k=0}^{n-1}e^{2 \pi i m b^k x}=0 \quad\mbox{ for all integers } m\geq 1.</math>
</indent>

</p>
</sec>
<sec>
<st>
Notes</st>

<p>

<reflist>
<entry id="1">
<link xlink:type="simple" xlink:href="#xpointer(//cite[@id=%22CITEREFBaileyCrandall2002%22])">
Bailey &amp; Crandall (2002)</link>.</entry>
<entry id="2">
<link xlink:type="simple" xlink:href="#xpointer(//cite[@id=%22CITEREFLong1957%22])">
Long (1957)</link>.</entry>
<entry id="3">
<link xlink:type="simple" xlink:href="#xpointer(//cite[@id=%22CITEREFBaileyMisiurewicz2006%22])">
Bailey &amp; Misiurewicz (2006)</link>.</entry>
</reflist>
</p>

</sec>
<sec>
<st>
References</st>

<p>

<list>
<entry level="1" type="bullet">

 <cite id="CITEREFAgafonov1968" style="font-style:normal">Agafonov, V. N.&#32;(1968),&#32;"Normal sequences and finite automata",&#32;<it><link xlink:type="simple" xlink:href="../850/15050850.xml">
Soviet Mathematics Doklady</link></it>&#32;<b>9</b>:  324–325</cite>&nbsp;.</entry>
</list>
</p>
<p>

<list>
<entry level="1" type="bullet">

 <cite id="CITEREFBaileyCrandall2001" style="font-style:normal"><link>
Bailey, D. H.</link>&#32;&amp;&#32;<link>
Crandall, R. E.</link>&#32;(2001),&#32;"<weblink xlink:type="simple" xlink:href="http://www.nersc.gov/~dhbailey/dhbpapers/baicran.pdf">
On the random character of fundamental constant expansions</weblink>",&#32;<it><link xlink:type="simple" xlink:href="../498/18797498.xml">
Experimental Mathematics</link></it>&#32;<b>10</b>:  175–190, </cite>&nbsp;.</entry>
</list>
</p>
<p>

<list>
<entry level="1" type="bullet">

 <cite id="CITEREFBaileyCrandall2002" style="font-style:normal"><link>
Bailey, D. H.</link>&#32;&amp;&#32;<link>
Crandall, R. E.</link>&#32;(2002),&#32;"<weblink xlink:type="simple" xlink:href="http://www.emis.de/journals/EM/expmath/volumes/11/11.4/pp527_546.pdf">
Random generators and normal numbers</weblink>",&#32;<it><link xlink:type="simple" xlink:href="../498/18797498.xml">
Experimental Mathematics</link></it>&#32;<b>11</b>(4):  527–546, </cite>&nbsp;.</entry>
</list>
</p>
<p>

<list>
<entry level="1" type="bullet">

 <cite id="CITEREFBaileyMisiurewicz2006" style="font-style:normal"><link>
Bailey, D. H.</link>&#32;&amp;&#32;<link>
Misiurewicz, M.</link>&#32;(2006),&#32;"<weblink xlink:type="simple" xlink:href="http://repositories.cdlib.org/lbnl/LBNL-53656_Journal/">
A strong hot spot theorem</weblink>",&#32;<it><work wordnetid="104599396" confidence="0.8">
<product wordnetid="104007894" confidence="0.8">
<creation wordnetid="103129123" confidence="0.8">
<artifact wordnetid="100021939" confidence="0.8">
<periodical wordnetid="106593296" confidence="0.8">
<publication wordnetid="106589574" confidence="0.8">
<link xlink:type="simple" xlink:href="../374/4977374.xml">
Proceedings of the American Mathematical Society</link></publication>
</periodical>
</artifact>
</creation>
</product>
</work>
</it>&#32;<b>134</b>(9):  2495–2501, </cite>&nbsp;.</entry>
</list>
</p>
<p>

<list>
<entry level="1" type="bullet">

 <cite id="CITEREFBecherFigueira2002" style="font-style:normal">Becher, V.&#32;&amp;&#32;Figueira, S.&#32;(2002),&#32;"An example of a computable absolutely normal number",&#32;<it>Theoretical Computer Science</it>&#32;<b>270</b>:  947–958, <document wordnetid="106470073" confidence="0.8">
<written_communication wordnetid="106349220" confidence="0.8">
<writing wordnetid="106362953" confidence="0.8">
<link xlink:type="simple" xlink:href="../994/422994.xml">
doi</link></writing>
</written_communication>
</document>
:<weblink xlink:type="simple" xlink:href="http://dx.doi.org/10.1016%2FS0304-3975%2801%2900170-0">
10.1016/S0304-3975(01)00170-0</weblink></cite>&nbsp;.</entry>
</list>
</p>
<p>

<list>
<entry level="1" type="bullet">

 <cite id="CITEREFBorel1909" style="font-style:normal"><link>
Borel, E.</link>&#32;(1909),&#32;"Les probabilités dénombrables et leurs applications arithmétiques",&#32;<it>Rendiconti del Circolo Matematico di Palermo</it>&#32;<b>27</b>:  247–271</cite>&nbsp;. </entry>
</list>
</p>
<p>

<list>
<entry level="1" type="bullet">

 <cite id="CITEREFBourkeHitchcockVinodchandran2005" style="font-style:normal">Bourke, C.; Hitchcock, J. M.&#32;&amp;&#32;Vinodchandran, N. V.&#32;(2005),&#32;"Entropy rates and finite-state dimension",&#32;<it>Theoretical Computer Science</it>&#32;<b>349</b>(3):  392–406, <document wordnetid="106470073" confidence="0.8">
<written_communication wordnetid="106349220" confidence="0.8">
<writing wordnetid="106362953" confidence="0.8">
<link xlink:type="simple" xlink:href="../994/422994.xml">
doi</link></writing>
</written_communication>
</document>
:<weblink xlink:type="simple" xlink:href="http://dx.doi.org/10.1016%2Fj.tcs.2005.09.040">
10.1016/j.tcs.2005.09.040</weblink></cite>&nbsp;.</entry>
</list>
</p>
<p>

<list>
<entry level="1" type="bullet">

 <cite id="CITEREFCassels1959" style="font-style:normal"><link>
Cassels, J. W. S.</link>&#32;(1959),&#32;"On a problem of Steinhaus about normal numbers",&#32;<it>Colloquium Mathematicum</it>&#32;<b>7</b>:  95–101</cite>&nbsp;.</entry>
</list>
</p>
<p>

<list>
<entry level="1" type="bullet">

 <cite id="CITEREFChampernowne1933" style="font-style:normal"><link>
Champernowne, D. G.</link>&#32;(1933),&#32;"The construction of decimals normal in the scale of ten",&#32;<it><body wordnetid="107965085" confidence="0.8">
<social_group wordnetid="107950920" confidence="0.8">
<society wordnetid="107966140" confidence="0.8">
<group wordnetid="100031264" confidence="0.8">
<administration wordnetid="108164585" confidence="0.8">
<link xlink:type="simple" xlink:href="../097/591097.xml">
Journal of the London Mathematical Society</link></administration>
</group>
</society>
</social_group>
</body>
</it>&#32;<b>8</b>:  254–260, <document wordnetid="106470073" confidence="0.8">
<written_communication wordnetid="106349220" confidence="0.8">
<writing wordnetid="106362953" confidence="0.8">
<link xlink:type="simple" xlink:href="../994/422994.xml">
doi</link></writing>
</written_communication>
</document>
:<weblink xlink:type="simple" xlink:href="http://dx.doi.org/10.1112%2Fjlms%2Fs1-8.4.254">
10.1112/jlms/s1-8.4.254</weblink></cite>&nbsp;.</entry>
</list>
</p>
<p>

<list>
<entry level="1" type="bullet">

 <cite id="CITEREFCopelandErd.C5.91s1946" style="font-style:normal"><link>
Copeland, A. H.</link>&#32;&amp;&#32;<link>
Erdős, P.</link>&#32;(1946),&#32;"Note on normal numbers",&#32;<it><work wordnetid="104599396" confidence="0.8">
<product wordnetid="104007894" confidence="0.8">
<creation wordnetid="103129123" confidence="0.8">
<artifact wordnetid="100021939" confidence="0.8">
<periodical wordnetid="106593296" confidence="0.8">
<publication wordnetid="106589574" confidence="0.8">
<link xlink:type="simple" xlink:href="../304/2668304.xml">
Bulletin of the American Mathematical Society</link></publication>
</periodical>
</artifact>
</creation>
</product>
</work>
</it>&#32;<b>52</b>:  857–860, <document wordnetid="106470073" confidence="0.8">
<written_communication wordnetid="106349220" confidence="0.8">
<writing wordnetid="106362953" confidence="0.8">
<link xlink:type="simple" xlink:href="../994/422994.xml">
doi</link></writing>
</written_communication>
</document>
:<weblink xlink:type="simple" xlink:href="http://dx.doi.org/10.1090%2FS0002-9904-1946-08657-7">
10.1090/S0002-9904-1946-08657-7</weblink></cite>&nbsp;.</entry>
</list>
</p>
<p>

<list>
<entry level="1" type="bullet">

 <cite id="CITEREFLong1957" style="font-style:normal">Long, C. T.&#32;(1957),&#32;"<weblink xlink:type="simple" xlink:href="http://projecteuclid.org/DPubS/Repository/1.0/Disseminate?view=body&amp;id=pdf_1&amp;handle=euclid.pjm/1103043507">
Note on normal numbers</weblink>",&#32;<it><work wordnetid="104599396" confidence="0.8">
<product wordnetid="104007894" confidence="0.8">
<creation wordnetid="103129123" confidence="0.8">
<artifact wordnetid="100021939" confidence="0.8">
<periodical wordnetid="106593296" confidence="0.8">
<publication wordnetid="106589574" confidence="0.8">
<link xlink:type="simple" xlink:href="../883/2625883.xml">
Pacific Journal of Mathematics</link></publication>
</periodical>
</artifact>
</creation>
</product>
</work>
</it>&#32;<b>7</b>(2):  1163–1165, </cite>&nbsp;.</entry>
</list>
</p>
<p>

<list>
<entry level="1" type="bullet">

 <cite id="CITEREFSchmidt1960" style="font-style:normal">Schmidt, W.&#32;(1960),&#32;"<weblink xlink:type="simple" xlink:href="http://projecteuclid.org/DPubS?service=UI&amp;version=1.0&amp;verb=Display&amp;handle=euclid.pjm/1103038420">
On normal numbers</weblink>",&#32;<it><work wordnetid="104599396" confidence="0.8">
<product wordnetid="104007894" confidence="0.8">
<creation wordnetid="103129123" confidence="0.8">
<artifact wordnetid="100021939" confidence="0.8">
<periodical wordnetid="106593296" confidence="0.8">
<publication wordnetid="106589574" confidence="0.8">
<link xlink:type="simple" xlink:href="../883/2625883.xml">
Pacific Journal of Mathematics</link></publication>
</periodical>
</artifact>
</creation>
</product>
</work>
</it>&#32;<b>10</b>:  661–672, </cite>&nbsp;.</entry>
</list>
</p>
<p>

<list>
<entry level="1" type="bullet">

 <cite id="CITEREFSchnorrStimm1972" style="font-style:normal"><link>
Schnorr, C. P.</link>&#32;&amp;&#32;Stimm, H.&#32;(1972),&#32;"Endliche Automaten und Zufallsfolgen",&#32;<it>Acta Informatica</it>&#32;<b>1</b>:  345–359, <document wordnetid="106470073" confidence="0.8">
<written_communication wordnetid="106349220" confidence="0.8">
<writing wordnetid="106362953" confidence="0.8">
<link xlink:type="simple" xlink:href="../994/422994.xml">
doi</link></writing>
</written_communication>
</document>
:<weblink xlink:type="simple" xlink:href="http://dx.doi.org/10.1007%2FBF00289514">
10.1007/BF00289514</weblink></cite>&nbsp;.</entry>
</list>
</p>
<p>

<list>
<entry level="1" type="bullet">

 <cite id="CITEREFSierpi.C5.84ski1917" style="font-style:normal"><link>
Sierpiński, W.</link>&#32;(1917),&#32;"Démonstration élémentaire d'un théorème de M. Borel sur les nombres absolutment normaux et détermination effective d'un tel nombre",&#32;<it>Bulletin de la Société Mathématique de France</it>&#32;<b>45</b>:  125–144</cite>&nbsp;.</entry>
</list>
</p>
<p>

<list>
<entry level="1" type="bullet">

 <cite id="CITEREFWall1949" style="font-style:normal">Wall, D. D.&#32;(1949),&#32;<it>Normal Numbers</it>, Ph.D. thesis, Berkeley, California: University of California</cite>&nbsp;.</entry>
</list>
</p>
<p>

<list>
<entry level="1" type="bullet">

 <cite id="CITEREFZivLempel1978" style="font-style:normal"><link>
Ziv, J.</link>&#32;&amp;&#32;<link>
Lempel, A.</link>&#32;(1978),&#32;"<weblink xlink:type="simple" xlink:href="http://citeseer.ist.psu.edu/ziv78compression.html">
Compression of individual sequences via variable-rate coding</weblink>",&#32;<it><periodical wordnetid="106593296" confidence="0.9508927676800064">
<link xlink:type="simple" xlink:href="../484/1976484.xml">
IEEE Transactions on Information Theory</link></periodical>
</it>&#32;<b>24</b>:  530–536, <document wordnetid="106470073" confidence="0.8">
<written_communication wordnetid="106349220" confidence="0.8">
<writing wordnetid="106362953" confidence="0.8">
<link xlink:type="simple" xlink:href="../994/422994.xml">
doi</link></writing>
</written_communication>
</document>
:<weblink xlink:type="simple" xlink:href="http://dx.doi.org/10.1109%2FTIT.1978.1055934">
10.1109/TIT.1978.1055934</weblink>, </cite>&nbsp;.</entry>
</list>
</p>


</sec>
<sec>
<st>
Further reading</st>
<p>

<list>
<entry level="1" type="bullet">

 <cite id="CITEREFQu.C3.A9fflec2006" style="font-style:normal">Quéfflec, M.&#32;(2006),&#32;"Old and new results on normality", in&#32;Denteneer, D.; den Hollander, F.&#32;&amp; Verbitskiy, E.,&#32;<it>Dynamics &amp; Stochastics: Festschrift in honor of M. S. Keane</it>, IMS Lecture Notes – Monograph Series, <b>48</b>, Beachwood, Ohio: <link xlink:type="simple" xlink:href="../647/8096647.xml">
Institute of Mathematical Statistics</link>, pp. 225–236, <document wordnetid="106470073" confidence="0.8">
<written_communication wordnetid="106349220" confidence="0.8">
<writing wordnetid="106362953" confidence="0.8">
<link xlink:type="simple" xlink:href="../994/422994.xml">
doi</link></writing>
</written_communication>
</document>
:<weblink xlink:type="simple" xlink:href="http://dx.doi.org/10.1214%2F074921706000000248">
10.1214/074921706000000248</weblink>, <link xlink:type="simple" xlink:href="../751/38751.xml">
ar&amp;Chi;iv</link>:</cite>&nbsp;.</entry>
</list>
</p>


</sec>
</bdy>
</set>
</null_set>
</article>
