<?xml version="1.0" encoding="UTF-8"?>
<!-- generated by CLiX/Wiki2XML [MPI-Inf, MMCI@UdS] $LastChangedRevision: 92 $ on 16.04.2009 16:29:47[mciao0825] -->
<!DOCTYPE article SYSTEM "../article.dtd">
<article xmlns:xlink="http://www.w3.org/1999/xlink">
<dish  confidence="0.8" wordnetid="103206908">
<crockery  confidence="0.8" wordnetid="103133538">
<artifact  confidence="0.8" wordnetid="100021939">
<instrumentality  confidence="0.8" wordnetid="103575240">
<article  confidence="0.8" wordnetid="100022903">
<ware  confidence="0.8" wordnetid="104550840">
<container  confidence="0.8" wordnetid="103094503">
<tableware  confidence="0.8" wordnetid="104381994">
<header>
<title>Tortilla de patatas</title>
<id>205362</id>
<revision>
<id>244397231</id>
<timestamp>2008-10-10T16:31:50Z</timestamp>
<contributor>
<username>Garion96</username>
<id>397881</id>
</contributor>
</revision>
<categories>
<category>All articles with unsourced statements</category>
<category>Articles with unsourced statements since September 2008</category>
<category>Potato dishes</category>
<category>Egg dishes</category>
<category>Spanish cuisine</category>
</categories>
</header>
<bdy>
<template>
<name>Infobox Prepared Food</name>
<parameters>

<image width="250px" src="Tortilla-de-patatas.jpg">
<caption>

Tortilla de patatas cut in half.
</caption>
</image>
<alternate_name>
Tortilla españolaSpanish omelette</alternate_name>
<served>
Hot or cold</served>
<country>
<system wordnetid="108435388" confidence="0.8">
<economy wordnetid="108366753" confidence="0.8">
<group wordnetid="100031264" confidence="0.8">
<link xlink:type="simple" xlink:href="../667/26667.xml">
Spain</link></group>
</economy>
</system>
</country>
<course>
<link xlink:type="simple" xlink:href="../151/101151.xml">
Appetiser</link> or <link xlink:type="simple" xlink:href="../797/667797.xml">
main course</link></course>
<name>
Tortilla de patatas</name>
<main_ingredient>
<link xlink:type="simple" xlink:href="../010/19196010.xml">
Egg</link> and <link xlink:type="simple" xlink:href="../501/23501.xml">
potato</link>es</main_ingredient>
</parameters>
</template>


<table class="metadata plainlinks ambox ">
<row>
<col>

ambox-content" style=""</col>
</row>
<row>
<col class="mbox-image"><p>

<image width="40x40px" src="Ambox_content.png">
</image>
</p>
</col>
<col style="" class="mbox-text">
 <b>This article or section is missing  or needs .</b>
Using helps guard against copyright violations and factual inaccuracies. <it>(September 2008)''</it></col>
</row>
</table>


<p>

The <b>tortilla de patatas</b> or <b>Spanish omelette</b> is a typical <link xlink:type="simple" xlink:href="../669/27669.xml">
Spanish</link> dish consisting of an <link xlink:type="simple" xlink:href="../010/19196010.xml">
egg</link> <link xlink:type="simple" xlink:href="../240/167240.xml">
omelette</link>  with fried <link xlink:type="simple" xlink:href="../501/23501.xml">
potato</link>es (<it><link xlink:type="simple" xlink:href="../885/10885.xml">
Chips or fries</link></it>). Frequently it also includes <link xlink:type="simple" xlink:href="../258/51258.xml">
onion</link> and <link xlink:type="simple" xlink:href="../469/50469.xml">
garlic</link>, depending on region or taste.</p>

<sec>
<st>
Names</st>
<p>

Apart from the aforementioned names, this dish is sometimes also referred to as <b>tortilla española</b> or <b>tortilla a la española</b> (<language wordnetid="106282651" confidence="0.9508927676800064">
<link xlink:type="simple" xlink:href="../825/26825.xml">
Spanish</link></language>
: <it>Spanish omelette</it>) to distinguish it from the plain - or "French" - omelette, with no potato filling, known as <b>tortilla a la francesa</b><ref xlink:type="simple" xlink:href="#xpointer(//reflist/entry[@id=%221%22])">1</ref>. In <link xlink:type="simple" xlink:href="../833/29833.xml">
The Americas</link>, <social_group wordnetid="107950920" confidence="0.8">
<gathering wordnetid="107975026" confidence="0.8">
<community wordnetid="108223802" confidence="0.8">
<group wordnetid="100031264" confidence="0.8">
<link xlink:type="simple" xlink:href="../736/2736.xml">
Andalusia</link></group>
</community>
</gathering>
</social_group>
 and the <community wordnetid="108223802" confidence="0.9508927676800064">
<link xlink:type="simple" xlink:href="../717/5717.xml">
Canary Islands</link></community>
, it is popularly known as <b>tortilla de papas</b> (<it>papa</it> being another word for potato in these places).</p>
<p>

Other than its shared name in Spanish, which means "small <link xlink:type="simple" xlink:href="../916/8036916.xml">
torte</link>", it has nothing else in common with the <link xlink:type="simple" xlink:href="../459/2493459.xml">
flatbread</link> <link xlink:type="simple" xlink:href="../059/392059.xml">
staple food</link> from <link xlink:type="simple" xlink:href="../651/524651.xml">
Latin American cuisine</link> known as a <link xlink:type="simple" xlink:href="../791/87791.xml">
tortilla</link>.</p>

</sec>
<sec>
<st>
Preparation</st>
<p>

<image width="250px" src="Tortilla_patatas.jpg" type="thumb">
<caption>

A portion of <it>tortilla de patatas</it>. Thickness and texture varies according to region or taste.
</caption>
</image>

The potatoes and onions are sliced and fried in abundant oil (preferably <link xlink:type="simple" xlink:href="../478/22478.xml">
olive oil</link>) so they get fried but also boiled in the oil. Once drained from the oil, they are mixed with raw beaten eggs before being slowly fried again in a pan. The tortilla is fried first on one side and then flipped over to fry on its other side. This is done with the help of a plate or a "<it>vuelve-tortillas</it>" (a ceramic lid-like utensil made for this particular purpose), or by tossing it in the air and catching it again in the pan if it is not to big.</p>
<p>

It is one of the most common <link xlink:type="simple" xlink:href="../359/31359.xml">
tapas</link> throughout Spain and a favourite at Spanish <link xlink:type="simple" xlink:href="../616/247616.xml">
picnic</link>s, as it can also be enjoyed cold. A tapas portion of tortilla is sometimes called <b>pincho de tortilla</b> as it is usually cut up into small cubes and each piece pierced with a <link xlink:type="simple" xlink:href="../854/3070854.xml">
cocktail stick</link>.</p>

</sec>
<sec>
<st>
History</st>
<p>
 
The first document known in which a reference appears to the potato tortilla is <link xlink:type="simple" xlink:href="../731/59731.xml">
navarrese</link>. One is an anonymous one: “Memorial of the mousehole”, directed to the Spanish Parliament in <link xlink:type="simple" xlink:href="../552/35552.xml">
1817</link>, which depicts the miserable conditions in which agriculturists live by comparing them with the inhabitants on <village wordnetid="108672738" confidence="0.9508927676800064">
<link xlink:type="simple" xlink:href="../732/59732.xml">
Pamplona</link></village>
 and <link xlink:type="simple" xlink:href="../562/4167562.xml">
Ribera</link>. The letter describes one of the foods eaten by the mountain dwellers: ” <it>… two or three eggs in one tortilla instead of five or six, because our women know how to make it large and thick with few eggs using potatoes, breadcrumbs, or other things…</it> “</p>

</sec>
<sec>
<st>
Variations</st>
<p>

<image width="250px" src="Tortilla-Asturiana.JPG" type="thumb">
</image>

There are many variants for this dish, and almost every Spanish home has its own favourite way of preparing tortilla. Some of the many additions to the base ingredients include: <link xlink:type="simple" xlink:href="../940/71940.xml">
green pepper</link>s, <link xlink:type="simple" xlink:href="../617/335617.xml">
chorizo</link>, <link xlink:type="simple" xlink:href="../003/431003.xml">
courgettes</link>, <link xlink:type="simple" xlink:href="../712/45712.xml">
aubergines</link>, <link xlink:type="simple" xlink:href="../043/1633043.xml">
mushrooms</link>, or diced <link xlink:type="simple" xlink:href="../299/14299.xml">
ham</link>. A peculiar variant is <b>tortilla paisana</b> that in addition to the potatoes and egg includes <link xlink:type="simple" xlink:href="../469/100469.xml">
red pepper</link>, and <link xlink:type="simple" xlink:href="../407/59407.xml">
peas</link>. The texture and width of the tortilla varies according to regions and taste. Tortilla almost always accompanied by <link xlink:type="simple" xlink:href="../969/36969.xml">
bread</link> and frequently by <link xlink:type="simple" xlink:href="../026/303026.xml">
pickles</link> such as <link xlink:type="simple" xlink:href="../836/1818836.xml">
olives</link> and <link xlink:type="simple" xlink:href="../318/309318.xml">
gherkins</link>. In many <link xlink:type="simple" xlink:href="../868/922868.xml">
bars</link> and canteens, it is served in a <b>bocadillo</b> (a sandwich made with crusty bread).</p>
<p>

In <city wordnetid="108524735" confidence="0.9508927676800064">
<country wordnetid="108544813" confidence="0.9508927676800064">
<link xlink:type="simple" xlink:href="../905/18951905.xml">
Argentina</link></country>
</city>
 a variety of potato tortillas exists where the preparation is practically identical to its ancestral Spanish, the difference being that it includes more onion (cut in fine strips) and, as in the case of tortillas of <link xlink:type="simple" xlink:href="../516/199516.xml">
beet</link> and <link xlink:type="simple" xlink:href="../734/169734.xml">
spinach</link>, two similar plates are used to mold the mixture.</p>

</sec>
<sec>
<st>
Gallery</st>

<p>

<image width="150px" src="Tortillacorte.jpg">
<caption>

A crossection slice of <it>tortilla de patatas</it>, showing its inner texture of fried potatoes, onions, and egg.
</caption>
</image>

<image width="150px" src="Tortilladepatatas.jpg">
<caption>

<it>Tortilla de patatas</it> with a less fried finish.
</caption>
</image>
</p>



</sec>
<sec>
<st>
References</st>
<p>
 
<reflist>
<entry id="1">
<weblink xlink:type="simple" xlink:href="http://www.diccionarios.com/consultas.php?palabra=tortilla&amp;diccionario=definicion">
"Tortilla" entry in <it>Diccionarios.com''</it></weblink></entry>
</reflist>
</p>

</sec>
<sec>
<st>
External links</st>
<p>

<list>
<entry level="1" type="bullet">

 <weblink xlink:type="simple" xlink:href="http://www.100tapas.com/subapartados.php?idsubapartado=26/">
Spanish Tortilla Recipes</weblink></entry>
<entry level="1" type="bullet">

 <weblink xlink:type="simple" xlink:href="http://sclipo.com/controller.php?p_action=view_detail&amp;video_id=BWT2C6R2F7">
Video on how to make a tortilla of potatoes</weblink></entry>
<entry level="1" type="bullet">

 <weblink xlink:type="simple" xlink:href="http://spanishfood.about.com/od/tapas/ss/tortilla.htm">
How to Make Tortilla Espanola - Spanish Omelet Recipe</weblink></entry>
<entry level="1" type="bullet">

 <weblink xlink:type="simple" xlink:href="http://www.greedygourmet.com/2007/10/18/potato-onion-spanish-tortilla/">
Another Tortilla Recipe</weblink></entry>
</list>
</p>


</sec>
</bdy>
</tableware>
</container>
</ware>
</article>
</instrumentality>
</artifact>
</crockery>
</dish>
</article>
