<?xml version="1.0" encoding="UTF-8"?>
<!-- generated by CLiX/Wiki2XML [MPI-Inf, MMCI@UdS] $LastChangedRevision: 92 $ on 16.04.2009 15:30:50[mciao0826] -->
<!DOCTYPE article SYSTEM "../article.dtd">
<article xmlns:xlink="http://www.w3.org/1999/xlink">
<message  confidence="0.8" wordnetid="106598915">
<entity  confidence="0.9511911446218017" wordnetid="100001740">
<disapproval  confidence="0.8" wordnetid="106709533">
<criticism  confidence="0.8" wordnetid="106710546">
<header>
<title>United States Microsoft antitrust case</title>
<id>20770</id>
<revision>
<id>244519178</id>
<timestamp>2008-10-11T05:45:43Z</timestamp>
<contributor>
<username>Elmmapleoakpine</username>
<id>7869631</id>
</contributor>
</revision>
<categories>
<category>Microsoft criticisms and controversies</category>
<category>Computer law</category>
<category>United States antitrust case law</category>
<category>Articles needing additional references from January 2008</category>
<category>United States district court cases</category>
</categories>
</header>
<bdy>

<b><it>United States v. Microsoft</it></b> There were many civil actions taking place in May 18, 1998. Bundling them together is alleged to have been responsible for Microsoft's victory in the <link xlink:type="simple" xlink:href="../709/486709.xml">
browser wars</link> as every Windows user had a copy of Internet Explorer. It was further alleged that this unfairly restricted the market for competing web browsers (such as <software wordnetid="106566077" confidence="0.9508927676800064">
<link xlink:type="simple" xlink:href="../863/21863.xml">
Netscape Navigator</link></software>
 or <software wordnetid="106566077" confidence="0.9508927676800064">
<link xlink:type="simple" xlink:href="../620/18996620.xml">
Opera</link></software>
) that were slow to download over a modem or had to be purchased at a store. Underlying these disputes were questions over whether Microsoft altered or manipulated its <link xlink:type="simple" xlink:href="../ury/24th_century.xml">
application programming interface</link>s (APIs) to favor Internet Explorer over third party web browsers, Microsoft's conduct in forming restrictive licensing agreements with <link xlink:type="simple" xlink:href="../922/69922.xml">
OEM</link> computer manufacturers, and Microsoft's intent in its course of conduct.<p>

Those who opposed Microsoft's position countered that the browser was still a distinct and separate product which did not need to be tied to the operating system, since a separate version of Internet Explorer was available for <link xlink:type="simple" xlink:href="../043/20043.xml">
Mac OS</link>. They also asserted that IE was not really free because its development and marketing costs may have kept the price of Windows higher than it might otherwise have been. The case was tried before <link xlink:type="simple" xlink:href="../235/70235.xml">
U.S. District Court</link> Judge <skilled_worker wordnetid="110605985" confidence="0.8">
<physical_entity wordnetid="100001930" confidence="0.8">
<adjudicator wordnetid="109769636" confidence="0.8">
<person wordnetid="100007846" confidence="0.8">
<judge wordnetid="110225219" confidence="0.8">
<intellectual wordnetid="109621545" confidence="0.8">
<worker wordnetid="109632518" confidence="0.8">
<official wordnetid="110372373" confidence="0.8">
<alumnus wordnetid="109786338" confidence="0.8">
<causal_agent wordnetid="100007347" confidence="0.8">
<scholar wordnetid="110557854" confidence="0.8">
<link xlink:type="simple" xlink:href="../545/1239545.xml">
Thomas Penfield Jackson</link></scholar>
</causal_agent>
</alumnus>
</official>
</worker>
</intellectual>
</judge>
</person>
</adjudicator>
</physical_entity>
</skilled_worker>
. The DOJ was initially represented by <person wordnetid="100007846" confidence="0.9508927676800064">
<lawyer wordnetid="110249950" confidence="0.9173553029164789">
<link xlink:type="simple" xlink:href="../783/38783.xml">
David Boies</link></lawyer>
</person>
.</p>

<sec>
<st>
History</st>
<p>

Government interest in Microsoft's affairs had begun in 1991 with an inquiry by the <agency wordnetid="108337324" confidence="0.9508927676800064">
<link xlink:type="simple" xlink:href="../215/182215.xml">
Federal Trade Commission</link></agency>
 over whether Microsoft was abusing its monopoly on the PC operating system market. The commissioners deadlocked with a 2-2 vote in 1993 and closed the investigation, but the Department of Justice opened its own investigation on <link xlink:type="simple" xlink:href="../499/1499.xml">
August 21</link> of that year, resulting in a settlement on <time_off wordnetid="115118453" confidence="0.8">
<fundamental_quantity wordnetid="113575869" confidence="0.8">
<time_period wordnetid="115113229" confidence="0.8">
<vacation wordnetid="115137890" confidence="0.8">
<leisure wordnetid="115137676" confidence="0.8">
<link xlink:type="simple" xlink:href="../088/16088.xml">
July 15</link></leisure>
</vacation>
</time_period>
</fundamental_quantity>
</time_off>
, <link xlink:type="simple" xlink:href="../337/18948337.xml">
1994</link> in which Microsoft consented not to tie other Microsoft products to the sale of Windows but remained free to integrate additional features into the operating system. In the years that followed, Microsoft insisted that Internet Explorer (which first appeared in the <software wordnetid="106566077" confidence="0.9508927676800064">
<link xlink:type="simple" xlink:href="../436/2911436.xml">
Plus! Pack</link></software>
 sold separately from Windows 95) was not a <it>product</it> but a <it>feature</it> which it was allowed to add to Windows, although the DOJ did not agree with this definition.</p>
<p>

In its 2008 Annual Report Microsoft stated:<ref xlink:type="simple" xlink:href="#xpointer(//reflist/entry[@id=%221%22])">1</ref></p>
<p>

<table style="margin:auto; border-collapse:collapse; border-style:none; background-color:transparent; " class="cquote">
<row>
<col style="color:#B2B7F2;font-size:35px;font-family:'Times New Roman',serif;font-weight:bold;text-align:left;padding:10px 10px;" width="20" valign="top">
“</col>
<col style="padding:4px 10px;" valign="top">
Lawsuits brought by the U.S. Department of Justice, 18 states, and the District of Columbia in two separate actions were resolved through a Consent Decree that took effect in 2001 and a Final Judgment entered in 2002. These proceedings imposed various constraints on our Windows operating system businesses. These constraints include limits on certain contracting practices, mandated disclosure of certain software program interfaces and protocols, and rights for computer manufacturers to limit the visibility of certain Windows features in new PCs. We believe we are in full compliance with these rules. However, if we fail to comply with them, additional restrictions could be imposed on us that would adversely affect our business.</col>
<col style="color:#B2B7F2;font-size:36px;font-family:'Times New Roman',serif;font-weight:bold;text-align:right;padding:10px 10px;" width="20" valign="bottom">
”</col>
</row>
</table>
</p>

</sec>
<sec>
<st>
Trial</st>
<p>

<image location="right" width="300px" src="Billgates.JPG" type="thumb">
<caption>

Bill Gates testifying <link xlink:type="simple" xlink:href="../013/1013.xml">
August 27</link> <link xlink:type="simple" xlink:href="../647/34647.xml">
1998</link>              See <link xlink:type="simple" xlink:href="#xpointer(//*[./st=%22External_links%22])">
external links</link> for full video
</caption>
</image>

The trial started on May 18, 1998 with the U.S. Justice Department and the Attorneys General of twenty U.S. states suing Microsoft for illegally thwarting competition in order to protect and extend its software monopoly. Later, in October the US Justice Department also sued Microsoft for violating a 1994 consent decree by forcing computer makers to include its Internet browser as a part of the installation of Windows software. During the antitrust case it was revealed that Microsoft had threatened PC manufacturers with revoking their license to distribute Windows if they removed the Internet Explorer icon from the initial desktop,  something that Netscape had requested of its licensees. </p>
<p>

Microsoft Chairman <person wordnetid="100007846" confidence="0.9508927676800064">
<link xlink:type="simple" xlink:href="../747/3747.xml">
Bill Gates</link></person>
 was called "evasive and nonresponsive" by a source present at a session in which Gates was questioned on his deposition.<ref xlink:type="simple" xlink:href="#xpointer(//reflist/entry[@id=%222%22])">2</ref> He argued over the definitions of words such as "compete", "concerned", "ask", and "we".<ref xlink:type="simple" xlink:href="#xpointer(//reflist/entry[@id=%223%22])">3</ref> BusinessWeek reported, "Early rounds of his deposition show him offering obfuscatory answers and saying 'I don't recall' so many times that even the presiding judge had to chuckle. Worse, many of the technology chief's denials and pleas of ignorance have been directly refuted by prosecutors with snippets of E-mail Gates both sent and received."<ref xlink:type="simple" xlink:href="#xpointer(//reflist/entry[@id=%224%22])">4</ref> <link xlink:type="simple" xlink:href="../617/14617.xml">
Intel</link> Vice-President <physical_entity wordnetid="100001930" confidence="0.8">
<person wordnetid="100007846" confidence="0.8">
<computer_user wordnetid="109951274" confidence="0.8">
<programmer wordnetid="110481268" confidence="0.8">
<intellectual wordnetid="109621545" confidence="0.8">
<engineer wordnetid="109615807" confidence="0.8">
<alumnus wordnetid="109786338" confidence="0.8">
<causal_agent wordnetid="100007347" confidence="0.8">
<scholar wordnetid="110557854" confidence="0.8">
<link xlink:type="simple" xlink:href="../593/3959593.xml">
Steven McGeady</link></scholar>
</causal_agent>
</alumnus>
</engineer>
</intellectual>
</programmer>
</computer_user>
</person>
</physical_entity>
, called as a witness, quoted <physical_entity wordnetid="100001930" confidence="0.8">
<person wordnetid="100007846" confidence="0.8">
<worker wordnetid="109632518" confidence="0.8">
<causal_agent wordnetid="100007347" confidence="0.8">
<employee wordnetid="110053808" confidence="0.8">
<link xlink:type="simple" xlink:href="../630/3824630.xml">
Paul Maritz</link></employee>
</causal_agent>
</worker>
</person>
</physical_entity>
, a senior Microsoft vice president as having stated an intention to "extinguish" and "smother" rival <link xlink:type="simple" xlink:href="../979/21979.xml">
Netscape Communications Corporation</link> and to "cut off Netscape's air supply" by giving away a clone of Netscape's flagship product for free. The Microsoft executive denied the allegations.<ref xlink:type="simple" xlink:href="#xpointer(//reflist/entry[@id=%225%22])">5</ref></p>
<p>

A number of videotapes were submitted as evidence by Microsoft during the trial, including one that demonstrated that removing Internet Explorer from Microsoft Windows caused slowdowns and malfunctions in Windows. In the videotaped demonstration of what Microsoft vice president <link xlink:type="simple" xlink:href="../008/1913008.xml">
James Allchin</link>'s stated to be a seamless segment filmed on one PC, the plaintiff noticed that some icons mysteriously disappear and reappear on the PC's desktop, suggesting that the effects might have been falsified.<ref xlink:type="simple" xlink:href="#xpointer(//reflist/entry[@id=%226%22])">6</ref> Allchin admitted that the blame for the tape problems lay with some of his staff "They ended up filming it -- grabbing the wrong screen shot," he said of the incident. Later, Allchin re-ran the demonstration and provided a new videotape, but in so doing Microsoft dropped the claim that Windows is slowed down when Internet Explorer is removed. Mark Murray, a Microsoft spokesperson, berated the government attorneys for "nitpicking on issues like video production."<ref xlink:type="simple" xlink:href="#xpointer(//reflist/entry[@id=%227%22])">7</ref> Microsoft submitted a second inaccurate videotape into evidence later the same month as the first. The issue in question was how easy or hard it was for America Online users to download and install Netscape Navigator onto a Windows PC. Microsoft's videotape showed the process as being quick and easy, resulting in the Netscape icon appearing on the user's desktop. The government produced its own videotape of the same process, revealing that Microsoft's videotape had edited out a long and complex part of the procedure and that the Netscape icon was not placed on the desktop, requiring a user to search for it. Brad Chase, a Microsoft vice president, verified the government's tape and conceded that Microsoft's own tape was inaccurate.<ref xlink:type="simple" xlink:href="#xpointer(//reflist/entry[@id=%228%22])">8</ref></p>
<p>

When the judge ordered Microsoft to offer a version of Windows which did not include Internet Explorer, Microsoft responded that the company would offer manufacturers a choice: one version of Windows that was obsolete, or another that did not work properly. The judge asked, "It seemed absolutely clear to you that I entered an order that required that you distribute a product that would not work?" <physical_entity wordnetid="100001930" confidence="0.8">
<person wordnetid="100007846" confidence="0.8">
<intellectual wordnetid="109621545" confidence="0.8">
<adult wordnetid="109605289" confidence="0.8">
<professional wordnetid="110480253" confidence="0.8">
<educator wordnetid="110045713" confidence="0.8">
<communicator wordnetid="109610660" confidence="0.8">
<alumnus wordnetid="109786338" confidence="0.8">
<academician wordnetid="109759069" confidence="0.8">
<causal_agent wordnetid="100007347" confidence="0.8">
<writer wordnetid="110794014" confidence="0.8">
<lawyer wordnetid="110249950" confidence="0.8">
<scholar wordnetid="110557854" confidence="0.8">
<link xlink:type="simple" xlink:href="../043/6979043.xml">
David D. Cole</link></scholar>
</lawyer>
</writer>
</causal_agent>
</academician>
</alumnus>
</communicator>
</educator>
</professional>
</adult>
</intellectual>
</person>
</physical_entity>
, a Microsoft vice president, replied, "In plain English, yes. We followed that order. It wasn't my place to consider the consequences of that."<ref xlink:type="simple" xlink:href="#xpointer(//reflist/entry[@id=%229%22])">9</ref> <university wordnetid="108286163" confidence="0.9508927676800064">
<link xlink:type="simple" xlink:href="../922/23922.xml">
Princeton University</link></university>
 professor <scientist wordnetid="110560637" confidence="0.9508927676800064">
<link xlink:type="simple" xlink:href="../140/442140.xml">
Edward Felten</link></scientist>
 presented a modified version of Windows from which he claimed the Internet Explorer function had been removed. On cross-examination, he was guided through a sequence of steps that produced a fully functional Internet Explorer window.</p>
<p>

Microsoft vigorously defended itself in the public arena, claiming that its attempts to innovate were under attack by rival companies jealous at its success, and that government litigation was merely their pawn. A full-page ad run in <newspaper wordnetid="106267145" confidence="0.9508927676800064">
<link xlink:type="simple" xlink:href="../226/102226.xml">
The Washington Post</link></newspaper>
 and <newspaper wordnetid="106267145" confidence="0.9508927676800064">
<link xlink:type="simple" xlink:href="../680/30680.xml">
The New York Times</link></newspaper>
 on <link xlink:type="simple" xlink:href="../855/15855.xml">
June 2</link> <link xlink:type="simple" xlink:href="../553/34553.xml">
1999</link> by The Independent Institute (which received donations from Microsoft as well as other companies<ref xlink:type="simple" xlink:href="#xpointer(//reflist/entry[@id=%2210%22])">10</ref>) delivered "An Open Letter to President Clinton From 240 Economists On Antitrust Protectionism." It said, in part, <it>"Consumers did not ask for these antitrust actions - rival business firms did. Consumers of high technology have enjoyed falling prices, expanding outputs, and a breathtaking array of new products and innovations. ... Increasingly, however, some firms have sought to handicap their rivals by turning to government for protection of these cases are based on speculation about some vaguely specified consumer harm in some unspecified future, and many of the proposed interventions will weaken successful U.S. firms and impede their competitiveness abroad."</it><ref xlink:type="simple" xlink:href="#xpointer(//reflist/entry[@id=%2211%22])">11</ref></p>
<p>

Judge Jackson issued his findings of fact<ref xlink:type="simple" xlink:href="#xpointer(//reflist/entry[@id=%2212%22])">12</ref> on <link xlink:type="simple" xlink:href="../565/21565.xml">
November 5</link> <link xlink:type="simple" xlink:href="../553/34553.xml">
1999</link>, which stated that Microsoft's dominance of the personal computer operating systems market constituted a monopoly, and that Microsoft had taken actions to crush threats to the monopoly, including Apple, Java, Netscape, Lotus Notes, Real Networks, Linux, and others. Then on <link xlink:type="simple" xlink:href="../ury/23rd_century.xml">
April 3</link>, <link xlink:type="simple" xlink:href="../548/34548.xml">
2000</link>, he issued a two-part ruling: his <it>conclusions of law</it> were that Microsoft had committed <link xlink:type="simple" xlink:href="../528/6566528.xml">
monopolization</link>, attempted monopolization, and <link xlink:type="simple" xlink:href="../858/249858.xml">
tying</link> in violation of Sections 1 and 2 of the <link xlink:type="simple" xlink:href="../693/46693.xml">
Sherman Act</link>, and his <it>remedy</it> was that Microsoft must be broken into two separate units, one to produce the operating system, and one to produce other software components.</p>
<p>

The trial was also notable for the use by both the prosecution and the defense of professors of <link xlink:type="simple" xlink:href="../061/19061.xml">
MIT</link> to serve as expert witnesses to bolster their cases. <physical_entity wordnetid="100001930" confidence="0.8">
<economist wordnetid="110043643" confidence="0.8">
<person wordnetid="100007846" confidence="0.8">
<social_scientist wordnetid="110619642" confidence="0.8">
<causal_agent wordnetid="100007347" confidence="0.8">
<scientist wordnetid="110560637" confidence="0.8">
<link xlink:type="simple" xlink:href="../190/977190.xml">
Richard L. Schmalensee</link></scientist>
</causal_agent>
</social_scientist>
</person>
</economist>
</physical_entity>
, a noted <link xlink:type="simple" xlink:href="../349/57349.xml">
economist</link> and the dean of the <school wordnetid="108276720" confidence="0.8">
<graduate_school wordnetid="108282696" confidence="0.8">
<educational_institution wordnetid="108276342" confidence="0.8">
<business_school wordnetid="108281812" confidence="0.8">
<institution wordnetid="108053576" confidence="0.8">
<link xlink:type="simple" xlink:href="../988/231988.xml">
MIT Sloan School of Management</link></institution>
</business_school>
</educational_institution>
</graduate_school>
</school>
, testified as an expert witness in favor of Microsoft. <physical_entity wordnetid="100001930" confidence="0.8">
<person wordnetid="100007846" confidence="0.8">
<player wordnetid="110439851" confidence="0.8">
<contestant wordnetid="109613191" confidence="0.8">
<winner wordnetid="110782940" confidence="0.8">
<causal_agent wordnetid="100007347" confidence="0.8">
<medalist wordnetid="110305062" confidence="0.8">
<link xlink:type="simple" xlink:href="../130/13890130.xml">
Frank Fisher</link></medalist>
</causal_agent>
</winner>
</contestant>
</player>
</person>
</physical_entity>
, another MIT economist who was Schmalensee's former doctoral thesis adviser, testified in favor of the <agency wordnetid="108337324" confidence="0.9508927676800064">
<link xlink:type="simple" xlink:href="../563/52563.xml">
Department of Justice</link></agency>
.</p>

</sec>
<sec>
<st>
Appeal</st>
<p>

On <time_off wordnetid="115118453" confidence="0.8">
<fundamental_quantity wordnetid="113575869" confidence="0.8">
<time_period wordnetid="115113229" confidence="0.8">
<vacation wordnetid="115137890" confidence="0.8">
<leisure wordnetid="115137676" confidence="0.8">
<link xlink:type="simple" xlink:href="../178/28178.xml">
September 26</link></leisure>
</vacation>
</time_period>
</fundamental_quantity>
</time_off>
 <link xlink:type="simple" xlink:href="../548/34548.xml">
2000</link>, after Judge Jackson issued his findings of fact,<ref xlink:type="simple" xlink:href="#xpointer(//reflist/entry[@id=%2212%22])">12</ref> the plaintiffs (to save time) attempted to send Microsoft's appeal directly to the <supreme_court wordnetid="108336188" confidence="0.9508927676800064">
<link xlink:type="simple" xlink:href="../737/31737.xml">
U.S. Supreme Court</link></supreme_court>
. However, the Supreme Court declined to hear the appeal and sent the case to a federal appeals court.</p>
<p>

The <social_group wordnetid="107950920" confidence="0.8">
<assembly wordnetid="108163792" confidence="0.8">
<gathering wordnetid="107975026" confidence="0.8">
<court wordnetid="108329453" confidence="0.8">
<group wordnetid="100031264" confidence="0.8">
<link xlink:type="simple" xlink:href="../245/575245.xml">
D.C. Circuit Court of Appeals</link></group>
</court>
</gathering>
</assembly>
</social_group>
 overturned Judge Jackson's rulings against Microsoft. This was in part because the Appellate court had adopted a "drastically altered scope of liability" under which the Remedies could be taken, but also due to the <technique wordnetid="105665146" confidence="0.8">
<know-how wordnetid="105616786" confidence="0.8">
<method wordnetid="105660268" confidence="0.8">
<link xlink:type="simple" xlink:href="../143/3122143.xml">
embargoed</link></method>
</know-how>
</technique>
 interviews Judge Jackson had given to the <link xlink:type="simple" xlink:href="../113/304113.xml">
news media</link> while he was still hearing the case, in violation of the Code of Conduct for US Judges.<ref xlink:type="simple" xlink:href="#xpointer(//reflist/entry[@id=%2213%22])">13</ref> Judge Jackson did not attend the D.C. Circuit Court of Appeals hearing, in which the appeals court judges accused him of unethical conduct and determined he should have recused himself from the case.<ref xlink:type="simple" xlink:href="#xpointer(//reflist/entry[@id=%2214%22])">14</ref></p>
<p>

Judge Jackson's response to this was that Microsoft's conduct itself was the cause of any "perceived bias"; Microsoft executives had "proved, time and time again, to be inaccurate, misleading, evasive, and transparently false. ... Microsoft is a company with an institutional disdain for both the truth and for rules of law that lesser entities must respect. It is also a company whose senior management is not averse to offering specious testimony to support spurious defenses to claims of its wrongdoing."<ref xlink:type="simple" xlink:href="#xpointer(//reflist/entry[@id=%2215%22])">15</ref></p>
<p>

However, the appeals court did not overturn the findings of fact. The D.C. Circuit remanded the case for consideration of a proper remedy under a more limited scope of liability. Judge <skilled_worker wordnetid="110605985" confidence="0.8">
<physical_entity wordnetid="100001930" confidence="0.8">
<adjudicator wordnetid="109769636" confidence="0.8">
<person wordnetid="100007846" confidence="0.8">
<judge wordnetid="110225219" confidence="0.8">
<worker wordnetid="109632518" confidence="0.8">
<official wordnetid="110372373" confidence="0.8">
<causal_agent wordnetid="100007347" confidence="0.8">
<adult wordnetid="109605289" confidence="0.8">
<professional wordnetid="110480253" confidence="0.8">
<lawyer wordnetid="110249950" confidence="0.8">
<link xlink:type="simple" xlink:href="../644/3474644.xml">
Colleen Kollar-Kotelly</link></lawyer>
</professional>
</adult>
</causal_agent>
</official>
</worker>
</judge>
</person>
</adjudicator>
</physical_entity>
</skilled_worker>
 was chosen to hear the case.</p>
<p>

The DOJ announced on <link xlink:type="simple" xlink:href="../948/27948.xml">
September 6</link>, <link xlink:type="simple" xlink:href="../551/34551.xml">
2001</link> that it was no longer seeking to break up Microsoft and would instead seek a lesser antitrust penalty.</p>

</sec>
<sec>
<st>
Settlement</st>
<p>

On <link xlink:type="simple" xlink:href="../461/21461.xml">
November 2</link>, <link xlink:type="simple" xlink:href="../551/34551.xml">
2001</link>, the DOJ reached an agreement with Microsoft to settle the case. The proposed settlement required Microsoft to share its <link>
application programming interfaces</link> with third-party companies and appoint a panel of three people who will have full access to Microsoft's systems, records, and source code for five years in order to ensure compliance. However, the DOJ did not require Microsoft to change any of its code nor prevent Microsoft from tying other software with Windows in the future. On <link xlink:type="simple" xlink:href="../990/1990.xml">
August 5</link>, <link xlink:type="simple" xlink:href="../502/35502.xml">
2002</link>, Microsoft announced that it would make some concessions towards the proposed final settlement ahead of the judge's verdict. On <link xlink:type="simple" xlink:href="../460/21460.xml">
November 1</link>, <link xlink:type="simple" xlink:href="../502/35502.xml">
2002</link>, Judge Kollar-Kotelly released a judgment accepting most of the proposed DOJ settlement. Nine states (California, Connecticut, Iowa, Florida, Kansas, Minnesota, Utah, Virginia and Massachusetts) and the <village wordnetid="108672738" confidence="0.9508927676800064">
<link xlink:type="simple" xlink:href="../956/108956.xml">
District of Columbia</link></village>
 (which had been pursuing the case together with the DOJ) did not agree with the settlement, arguing that it did not go far enough to curb Microsoft's anti-competitive business practices. On <link xlink:type="simple" xlink:href="../843/15843.xml">
June 30</link> <link xlink:type="simple" xlink:href="../524/35524.xml">
2004</link>, the U.S. appeals court unanimously approved the settlement with the Justice Department, rejecting objections from Massachusetts that the sanctions were inadequate.</p>
<p>

The dissenting states regarded the settlement as merely a slap on the wrist. Industry pundit <name wordnetid="106333653" confidence="0.8">
<personality wordnetid="104617562" confidence="0.8">
<part wordnetid="113809207" confidence="0.8">
<pseudonym wordnetid="106338278" confidence="0.8">
<language_unit wordnetid="106284225" confidence="0.8">
<link xlink:type="simple" xlink:href="../633/915633.xml">
Robert X. Cringely</link></language_unit>
</pseudonym>
</part>
</personality>
</name>
 believes a breakup is not possible, and that "now the only way Microsoft can die is by suicide."<ref xlink:type="simple" xlink:href="#xpointer(//reflist/entry[@id=%2216%22])">16</ref> Andrew Chin, an antitrust law professor at the <university wordnetid="108286163" confidence="0.9508927676800064">
<link xlink:type="simple" xlink:href="../510/89510.xml">
University of North Carolina at Chapel Hill</link></university>
 who assisted Judge Jackson in drafting the findings of fact, wrote that the settlement gave Microsoft "a special antitrust immunity to license Windows and other 'platform software' under contractual terms that destroy freedom of competition."<ref xlink:type="simple" xlink:href="#xpointer(//reflist/entry[@id=%2217%22])">17</ref></p>
<p>

Microsoft's obligations under the settlement, as originally drafted, expired on <link xlink:type="simple" xlink:href="../631/21631.xml">
November 12</link> <link xlink:type="simple" xlink:href="../165/36165.xml">
2007</link>.<ref xlink:type="simple" xlink:href="#xpointer(//reflist/entry[@id=%2218%22])">18</ref> However, Microsoft later "agreed to consent to a two-year extension of part of the Final Judgments" dealing with <link xlink:type="simple" xlink:href="../235/83235.xml">
communications protocol</link> licensing, and that if the plaintiffs later wished to extend those aspects of the settlement even as far as 2012, it would not object.  The plaintiffs made clear that the extension was intended to serve only to give the relevant part of the settlement "the opportunity to succeed for the period of time it was intended to cover", rather than being due to any "pattern of willful and systematic violations".  The court has yet to approve the change in terms <link xlink:type="simple" xlink:href="../458/1292458.xml">
as of May 2006</link>.<ref xlink:type="simple" xlink:href="#xpointer(//reflist/entry[@id=%2219%22])">19</ref></p>

</sec>
<sec>
<st>
Criticisms of the case</st>

<p>

<table class="metadata plainlinks ambox ">
<row>
<col>

ambox-content" style=""</col>
</row>
<row>
<col class="mbox-image"><p>

<image width="50px" src="Question_book-new.svg">
</image>
</p>
</col>
<col style="" class="mbox-text">
 <b>This section needs additional  for .</b>
Please help <weblink xlink:type="simple" xlink:href="http://localhost:18088/wiki/index.php?title=United_States_Microsoft_antitrust_case&amp;action=edit">
improve this article</weblink> by adding . Unsourced material may be and removed. <it>(January 2008)''</it></col>
</row>
</table>


The late Nobel economist <person wordnetid="100007846" confidence="0.9508927676800064">
<scientist wordnetid="110560637" confidence="0.9508927676800064">
<link xlink:type="simple" xlink:href="../640/19640.xml">
Milton Friedman</link></scientist>
</person>
 believed that the antitrust case against Microsoft set a dangerous precedent that foreshadowed increasing government regulation of what was formerly an industry that was relatively free of government intrusion and that future technological progress in the industry will be impeded as a result.<ref xlink:type="simple" xlink:href="#xpointer(//reflist/entry[@id=%2220%22])">20</ref></p>
<p>

<link>
Jean-Louis Gassée</link>, CEO of <company wordnetid="108058098" confidence="0.9508927676800064">
<link xlink:type="simple" xlink:href="../716/251716.xml">
Be Inc.</link></company>
, which at the time made a competing operating system which eventually folded in the face of Microsoft's dominance, criticized the emphasis on the "packaging problem." He claimed Microsoft was not really making any money from Internet Explorer, and its incorporation with the operating system was due to consumer expectation to have a browser packaged with the operating system. <link xlink:type="simple" xlink:href="../801/4801.xml">
BeOS</link> came packaged with its web browser, NetPositive. </p>
<p>

Instead, he argued, Microsoft's true anticompetitive clout was in the rebates it offered to OEMs preventing other operating systems from getting a foothold in the market.<ref xlink:type="simple" xlink:href="#xpointer(//reflist/entry[@id=%2221%22])">21</ref></p>

</sec>
<sec>
<st>
See also</st>
<p>

<list>
<entry level="1" type="bullet">

<message wordnetid="106598915" confidence="0.8">
<disapproval wordnetid="106709533" confidence="0.8">
<criticism wordnetid="106710546" confidence="0.8">
<link xlink:type="simple" xlink:href="../422/5805422.xml">
European Union Microsoft competition case</link></criticism>
</disapproval>
</message>
</entry>
<entry level="1" type="bullet">

<message wordnetid="106598915" confidence="0.8">
<disapproval wordnetid="106709533" confidence="0.8">
<criticism wordnetid="106710546" confidence="0.8">
<link xlink:type="simple" xlink:href="../683/709683.xml">
Criticism of Microsoft</link></criticism>
</disapproval>
</message>
</entry>
<entry level="1" type="bullet">

<link xlink:type="simple" xlink:href="../335/18773335.xml">
Microsoft litigation</link></entry>
</list>
</p>

</sec>
<sec>
<st>
References</st>

<p>

<reflist>
<entry id="1">
http://news.cnet.com/8301-13505_3-10005379-16.html</entry>
<entry id="2">
<weblink xlink:type="simple" xlink:href="http://news.com.com/2100-1023-214993.html">
Gates deposition called evasive - CNET News.com</weblink></entry>
<entry id="3">
<weblink xlink:type="simple" xlink:href="http://www.cnn.com/TECH/computing/9811/17/judgelaugh.ms.idg/index.html">
CNN - Gates deposition makes judge laugh in court - November 17, 1998</weblink></entry>
<entry id="4">
<weblink xlink:type="simple" xlink:href="http://www.businessweek.com/1998/48/b3606125.htm">
11/30/98 MICROSOFT'S TEFLON BILL</weblink></entry>
<entry id="5">
<weblink xlink:type="simple" xlink:href="http://www.washingtonpost.com/wp-srv/business/longterm/microsoft/stories/1998/microsoft111398.htm">
Washingtonpost.com: WashTech - U.S. v. Microsoft Special Report</weblink></entry>
<entry id="6">
http://www.chguy.net/news/feb99/demoMS.html</entry>
<entry id="7">
<weblink xlink:type="simple" xlink:href="http://www.wired.com/news/politics/0,1283,17689,00.html">
Feds Accuse MS of Falsification</weblink></entry>
<entry id="8">
<weblink xlink:type="simple" xlink:href="http://www.wired.com/news/politics/0,1283,17938,00.html">
Compaq: It Was All a Big Mix-Up</weblink></entry>
<entry id="9">
<weblink xlink:type="simple" xlink:href="http://www.richardnoble.com/microsoft-trial.htm">
Microsoft Antitrust Trial C</weblink></entry>
<entry id="10">
<weblink xlink:type="simple" xlink:href="http://independent.org/newsroom/article.asp?id=1069">
Winners, Losers &amp; Microsoft Strikes a Sensitive Nerve: Newsroom: The Independent Institute</weblink></entry>
<entry id="11">
<weblink xlink:type="simple" xlink:href="http://www.independent.org/issues/article.asp?id=483">
Open Letter on Antitrust Protectionism: The Independent Institute</weblink></entry>
<entry id="12">
<weblink xlink:type="simple" xlink:href="http://www.usdoj.gov/atr/cases/f3800/msjudgex.htm">
U.S. v. Microsoft: Court's Findings of Fact</weblink></entry>
<entry id="13">
<weblink xlink:type="simple" xlink:href="http://www.uscourts.gov/guide/vol2/ch1.html#3">
Judiciary Policies And Procedures: Codes Of Conduct</weblink></entry>
<entry id="14">
<weblink xlink:type="simple" xlink:href="http://www.wired.com/politics/law/news/2001/02/42071">
Microsoft Judge Ripped in Court</weblink></entry>
<entry id="15">
<weblink xlink:type="simple" xlink:href="http://www.windowsitpro.com/Article/ArticleID/20269/20269.html">
Judge Jackson Exits Microsoft Discrimination Case</weblink></entry>
<entry id="17">
<weblink xlink:type="simple" xlink:href="http://www.unclaw.com/chin/scholarship/microsoft.htm">
The Microsoft Case</weblink></entry>
<entry id="16">
<weblink xlink:type="simple" xlink:href="http://www.pbs.org/cringely/pulpit/pulpit20040408.html">
I, Cringely . The Pulpit . The Once and Future King | PBS</weblink></entry>
<entry id="19">
<weblink xlink:type="simple" xlink:href="http://blog.seattlepi.nwsource.com/microsoft/library/jsr20060512.pdf">
ATR-SV-DIV401;MDE;15906;7</weblink></entry>
<entry id="18">
<weblink xlink:type="simple" xlink:href="http://www.usdoj.gov/atr/cases/f201200/201205a.htm">
Microsoft Consent Decree Compliance Advisory - August 1, 2003 : U.S. v. Microsoft</weblink></entry>
<entry id="21">
<weblink xlink:type="simple" xlink:href="http://lists.essential.org/info-policy-notes/msg00005.html">
Jean-Louis Gassée on why PC manufacturers don't sell non MS products</weblink></entry>
<entry id="20">
<weblink xlink:type="simple" xlink:href="http://www.cato.org/pubs/policy_report/v21n2/friedman.html">
Policy Forum: The Business Community's Suicidal Impulse</weblink></entry>
</reflist>
</p>

</sec>
<sec>
<st>
 Bibliography </st>
<p>
 
<list>
<entry level="1" type="bullet">

 <weblink xlink:type="simple" xlink:href="http://www.unclaw.com/chin/scholarship/microsoft.htm">
Andrew Chin, Decoding Microsoft: A First Principles Approach, 40 Wake Forest Law Review 1 (2005)</weblink></entry>
<entry level="1" type="bullet">

 Kenneth Elzinga, David Evans, and Albert Nichols, United States v. Microsoft: Remedy or Malady? 9 Geo. Mason L. Rev. 633 (2001)</entry>
<entry level="1" type="bullet">

 John Lopatka and William Page, Antitrust on Internet Time: Microsoft and the Law and Economics of Exclusion, 7 Supreme Court Economic Review 157-231 (1999)</entry>
<entry level="1" type="bullet">

 John Lopatka and William Page, The Dubious Search For Integration in the Microsoft Trial, 31 Conn. L. Rev. 1251 (1999)</entry>
<entry level="1" type="bullet">

 John Lopatka and William Page, Who Suffered Antitrust Injury in the Microsoft Case?, 69 George Washington Law Review 829-59 (2001)</entry>
<entry level="1" type="bullet">

 Alan Meese, Monopoly Bundling In Cyberspacec: How Many Products Does Microsoft Sell ? 44 Antitrust Bulletin 65 (1999)</entry>
<entry level="1" type="bullet">

 Alan Meese, Don't Disintegrate Microsoft (Yet), 9 Geo. Mason L. Rev. 761 (2001)</entry>
<entry level="1" type="bullet">

 Alan Reynolds, <it>The Microsoft Antitrust Appeal</it>, Hudson Institute (2001)</entry>
<entry level="1" type="bullet">

 Steven Salop and R. Craig Romaine, Preserving Monopoly: Economic Analysis, Legal Standards, and the Microsoft Case, 7 Geo. Mas. L. Rev. 617 (1999)</entry>
<entry level="1" type="bullet">

 Howard A. Shelanski and J. Gregory Sidak, Antitrust Divestiture in Network Industries, 68 University of Chicago Law Review 1 (2001)</entry>
</list>
</p>

</sec>
<sec>
<st>
External links</st>

<p>

<list>
<entry level="1" type="bullet">

<weblink xlink:type="simple" xlink:href="http://www.usdoj.gov/atr/cases/f200400/200457.htm">
Final Judgment in U.S. v. Microsoft</weblink> (injunction including final settlement terms approved by the court) (note that the copy posted on the district court's web site is actually an earlier version that the court declined to approve).</entry>
<entry level="1" type="bullet">

<weblink xlink:type="simple" xlink:href="http://www.usdoj.gov/atr/cases/ms_index.htm">
The United States DOJ's website on U.S. v. Microsoft</weblink></entry>
</list>
</p>
<p>

<list>
<entry level="1" type="bullet">

<weblink xlink:type="simple" xlink:href="http://www.wired.com/news/antitrust/0,1551,35212,00.html">
Wired news timeline of the Microsoft antitrust case</weblink></entry>
<entry level="1" type="bullet">

<weblink xlink:type="simple" xlink:href="http://zdnet.com.com/2100-1104-917931.html">
ZDnet story on 4th anniversary of Microsoft antitrust case</weblink></entry>
<entry level="1" type="bullet">

<weblink xlink:type="simple" xlink:href="http://zdnet.com.com/2100-1104-948381.html">
ZDnet story on proposed concessions</weblink></entry>
<entry level="1" type="bullet">

<weblink xlink:type="simple" xlink:href="http://www.netlitigation.com/netlitigation/antitrust.htm">
Antitrust &amp; the Internet: Microsoft case archive</weblink></entry>
<entry level="1" type="bullet">

<weblink xlink:type="simple" xlink:href="http://www.unclaw.com/chin/scholarship/microsoft.htm">
"A Case of Insecure Browsing" by Andrew Chin. Raleigh News &amp; Observer, <link xlink:type="simple" xlink:href="../843/27843.xml">
September 30</link> <link xlink:type="simple" xlink:href="../524/35524.xml">
2004</link></weblink></entry>
<entry level="1" type="bullet">

<weblink xlink:type="simple" xlink:href="http://www.groklaw.net/staticpages/index.php?page=GatesDepo">
Bill Gates deposition video at Microsoft on August 27, 1998</weblink> (Windows Media, ogg Theora and ogg Vorbis formats)</entry>
</list>
</p>

<p>

<table style=";" class="navbox" cellspacing="0">
<row>
<col style="padding:2px;">
<table style="width:100%;background:transparent;color:inherit;;" class="nowraplinks collapsible autocollapse " cellspacing="0">
<row>
<header colspan="2" style=";" class="navbox-title">
<company wordnetid="108058098" confidence="0.9508927676800064">
<link xlink:type="simple" xlink:href="../001/19001.xml">
Microsoft</link></company>
</header>
</row>
<row style="height:2px;">

</row>
<row>
<col style=";;" class="navbox-group">
<link xlink:type="simple" xlink:href="../026/2043026.xml">
Desktop software</link></col>
<col style="text-align:left;border-left:2px solid #fdfdfd;width:100%;padding:0px;;;" class="navbox-list navbox-odd">
<link xlink:type="simple" xlink:href="../890/18890.xml">
Windows</link> (<link xlink:type="simple" xlink:href="../550/2055550.xml">
components</link>)&nbsp;·  <software wordnetid="106566077" confidence="0.9508927676800064">
<link xlink:type="simple" xlink:href="../288/20288.xml">
Office</link></software>
&nbsp;·  <software wordnetid="106566077" confidence="0.9508927676800064">
<link xlink:type="simple" xlink:href="../768/13980768.xml">
Visual Studio</link></software>
&nbsp;·  <software wordnetid="106566077" confidence="0.9508927676800064">
<link xlink:type="simple" xlink:href="../832/2686832.xml">
Expression</link></software>
&nbsp;·  <software wordnetid="106566077" confidence="0.9508927676800064">
<link xlink:type="simple" xlink:href="../138/2672138.xml">
Dynamics</link></software>
&nbsp;·  <software wordnetid="106566077" confidence="0.9508927676800064">
<link xlink:type="simple" xlink:href="../354/1407354.xml">
Money</link></software>
&nbsp;·  <work wordnetid="104599396" confidence="0.8">
<product wordnetid="104007894" confidence="0.8">
<encyclopedia wordnetid="106427387" confidence="0.8">
<creation wordnetid="103129123" confidence="0.8">
<artifact wordnetid="100021939" confidence="0.8">
<book wordnetid="106410904" confidence="0.8">
<reference_book wordnetid="106417598" confidence="0.8">
<publication wordnetid="106589574" confidence="0.8">
<link xlink:type="simple" xlink:href="../702/18581702.xml">
Encarta</link></publication>
</reference_book>
</book>
</artifact>
</creation>
</encyclopedia>
</product>
</work>
&nbsp;·  <software wordnetid="106566077" confidence="0.9508927676800064">
<link xlink:type="simple" xlink:href="../480/2501480.xml">
Student</link></software>
&nbsp;·  <software wordnetid="106566077" confidence="0.9508927676800064">
<link xlink:type="simple" xlink:href="../361/16520361.xml">
Math</link></software>
&nbsp;·  <software wordnetid="106566077" confidence="0.9508927676800064">
<link xlink:type="simple" xlink:href="../327/681327.xml">
Works</link></software>
&nbsp;·  <software wordnetid="106566077" confidence="0.9508927676800064">
<link xlink:type="simple" xlink:href="../502/2194502.xml">
MapPoint</link></software>
&nbsp;·  <software wordnetid="106566077" confidence="0.9508927676800064">
<link xlink:type="simple" xlink:href="../015/312015.xml">
Virtual PC</link></software>
&nbsp;·  <link xlink:type="simple" xlink:href="../788/6269788.xml">
Forefront</link>&nbsp;·  <link xlink:type="simple" xlink:href="../907/2609907.xml">
Home</link></col>
</row>
<row style="height:2px">

</row>
<row>
<col style=";;" class="navbox-group">
<link xlink:type="simple" xlink:href="../746/1717746.xml">
Server software</link></col>
<col style="text-align:left;border-left:2px solid #fdfdfd;width:100%;padding:0px;;;" class="navbox-list navbox-even">
<link xlink:type="simple" xlink:href="../467/1774467.xml">
Windows Server</link>&nbsp;·  <software wordnetid="106566077" confidence="0.9508927676800064">
<link xlink:type="simple" xlink:href="../994/13989994.xml">
SQL Server</link></software>
&nbsp;·  <software wordnetid="106566077" confidence="0.9508927676800064">
<link xlink:type="simple" xlink:href="../050/209050.xml">
IIS</link></software>
&nbsp;·  <software wordnetid="106566077" confidence="0.9508927676800064">
<link xlink:type="simple" xlink:href="../384/508384.xml">
Exchange</link></software>
&nbsp;·  <link xlink:type="simple" xlink:href="../212/2239212.xml">
BizTalk</link>&nbsp;·  <link xlink:type="simple" xlink:href="../285/2544285.xml">
Commerce</link>&nbsp;·  <link xlink:type="simple" xlink:href="../189/2369189.xml">
ISA Server</link>&nbsp;·  <link>
System Center</link>&nbsp;·  <version wordnetid="107173585" confidence="0.9508927676800064">
<link xlink:type="simple" xlink:href="../011/8821011.xml">
Home Server</link></version>
&nbsp;·  <link xlink:type="simple" xlink:href="../328/13473328.xml">
SharePoint</link> (<link xlink:type="simple" xlink:href="../489/2370489.xml">
WSS</link>, <physical_entity wordnetid="100001930" confidence="0.8">
<person wordnetid="100007846" confidence="0.8">
<worker wordnetid="109632518" confidence="0.8">
<causal_agent wordnetid="100007347" confidence="0.8">
<dining-room_attendant wordnetid="110013614" confidence="0.8">
<employee wordnetid="110053808" confidence="0.8">
<waiter wordnetid="110763383" confidence="0.8">
<link xlink:type="simple" xlink:href="../581/5293581.xml">
MOSS</link></waiter>
</employee>
</dining-room_attendant>
</causal_agent>
</worker>
</person>
</physical_entity>
, <link xlink:type="simple" xlink:href="../152/14136152.xml">
Search Server</link>) &nbsp;·  <physical_entity wordnetid="100001930" confidence="0.8">
<person wordnetid="100007846" confidence="0.8">
<artifact wordnetid="100021939" confidence="0.8">
<merchandise wordnetid="103748886" confidence="0.8">
<commodity wordnetid="103076708" confidence="0.8">
<worker wordnetid="109632518" confidence="0.8">
<causal_agent wordnetid="100007347" confidence="0.8">
<dining-room_attendant wordnetid="110013614" confidence="0.8">
<employee wordnetid="110053808" confidence="0.8">
<waiter wordnetid="110763383" confidence="0.8">
<link xlink:type="simple" xlink:href="../821/1976821.xml">
OCS</link></waiter>
</employee>
</dining-room_attendant>
</causal_agent>
</worker>
</commodity>
</merchandise>
</artifact>
</person>
</physical_entity>
&nbsp;·  <software wordnetid="106566077" confidence="0.9508927676800064">
<link xlink:type="simple" xlink:href="../110/16575110.xml">
Terminal Services</link></software>
 &nbsp;·  <link xlink:type="simple" xlink:href="../879/16704879.xml">
Microsoft Host Integration Server</link></col>
</row>
<row style="height:2px">

</row>
<row>
<col style=";;" class="navbox-group">
Technologies</col>
<col style="text-align:left;border-left:2px solid #fdfdfd;width:100%;padding:0px;;;" class="navbox-list navbox-odd">
<system wordnetid="104377057" confidence="0.8">
<idea wordnetid="105833840" confidence="0.8">
<concept wordnetid="105835747" confidence="0.8">
<artifact wordnetid="100021939" confidence="0.8">
<instrumentality wordnetid="103575240" confidence="0.8">
<component wordnetid="105868954" confidence="0.8">
<part wordnetid="105867413" confidence="0.8">
<link xlink:type="simple" xlink:href="../807/2807.xml">
Active Directory</link></part>
</component>
</instrumentality>
</artifact>
</concept>
</idea>
</system>
&nbsp;·  <software wordnetid="106566077" confidence="0.9508927676800064">
<link xlink:type="simple" xlink:href="../506/8506.xml">
DirectX</link></software>
&nbsp;·  <link>
.NET</link>&nbsp;·  <link xlink:type="simple" xlink:href="../206/441206.xml">
Windows Media</link>&nbsp;·  <drive wordnetid="104835724" confidence="0.8">
<enterprise wordnetid="104836074" confidence="0.8">
<trait wordnetid="104616059" confidence="0.8">
<link xlink:type="simple" xlink:href="../583/1341583.xml">
PlaysForSure</link></trait>
</enterprise>
</drive>
&nbsp;·  <link xlink:type="simple" xlink:href="../889/10541889.xml">
App-V</link>&nbsp;·  <idea wordnetid="105833840" confidence="0.8">
<concept wordnetid="105835747" confidence="0.8">
<component wordnetid="105868954" confidence="0.8">
<part wordnetid="105867413" confidence="0.8">
<link xlink:type="simple" xlink:href="../084/11168084.xml">
Hyper-V</link></part>
</component>
</concept>
</idea>
 &nbsp;·  <link xlink:type="simple" xlink:href="../719/9731719.xml">
Silverlight</link>&nbsp;·  <O wordnetid="106832680" confidence="0.9508927676800064">
<link xlink:type="simple" xlink:href="../656/1275656.xml">
Windows Mobile</link></O>
&nbsp;·  <structure wordnetid="104341686" confidence="0.8">
<artifact wordnetid="100021939" confidence="0.8">
<window wordnetid="104587648" confidence="0.8">
<family wordnetid="108078020" confidence="0.8">
<supporting_structure wordnetid="104361095" confidence="0.8">
<framework wordnetid="103391770" confidence="0.8">
<link xlink:type="simple" xlink:href="../589/8969589.xml">
Windows Embedded</link></framework>
</supporting_structure>
</family>
</window>
</artifact>
</structure>
&nbsp;·  <software wordnetid="106566077" confidence="0.9508927676800064">
<link xlink:type="simple" xlink:href="../421/11847421.xml">
Mediaroom</link></software>
&nbsp;·  <link xlink:type="simple" xlink:href="../263/3537263.xml">
HDi</link></col>
</row>
<row style="height:2px">

</row>
<row>
<col style=";;" class="navbox-group">
Web properties</col>
<col style="text-align:left;border-left:2px solid #fdfdfd;width:100%;padding:0px;;;" class="navbox-list navbox-even">
<physical_entity wordnetid="100001930" confidence="0.8">
<computer wordnetid="103082979" confidence="0.8">
<person wordnetid="100007846" confidence="0.8">
<artifact wordnetid="100021939" confidence="0.8">
<instrumentality wordnetid="103575240" confidence="0.8">
<businessperson wordnetid="109882716" confidence="0.8">
<device wordnetid="103183080" confidence="0.8">
<capitalist wordnetid="109609232" confidence="0.8">
<causal_agent wordnetid="100007347" confidence="0.8">
<machine wordnetid="103699975" confidence="0.8">
<web_site wordnetid="106359193" confidence="0.8">
<supplier wordnetid="110677271" confidence="0.8">
<link xlink:type="simple" xlink:href="../584/3060584.xml">
Windows Live</link></supplier>
</web_site>
</machine>
</causal_agent>
</capitalist>
</device>
</businessperson>
</instrumentality>
</artifact>
</person>
</computer>
</physical_entity>
&nbsp;·  <software wordnetid="106566077" confidence="0.9508927676800064">
<link xlink:type="simple" xlink:href="../218/3935218.xml">
Office Live</link></software>
 (<link xlink:type="simple" xlink:href="../846/13563846.xml">
Workspace</link>)&nbsp;·  <work wordnetid="100575741" confidence="0.8">
<event wordnetid="100029378" confidence="0.8">
<service wordnetid="100577525" confidence="0.8">
<act wordnetid="100030358" confidence="0.8">
<psychological_feature wordnetid="100023100" confidence="0.8">
<activity wordnetid="100407535" confidence="0.8">
<link xlink:type="simple" xlink:href="../992/16161992.xml">
SQL Server Data Services</link></activity>
</psychological_feature>
</act>
</service>
</event>
</work>
&nbsp;·  <channel wordnetid="106259898" confidence="0.9508927676800064">
<link xlink:type="simple" xlink:href="../846/159846.xml">
MSNBC</link></channel>
&nbsp;·  <link xlink:type="simple" xlink:href="../519/759519.xml">
msnbc.com</link>&nbsp;·  <link xlink:type="simple" xlink:href="../422/3653422.xml">
ninemsn</link>&nbsp;·  <web_site wordnetid="106359193" confidence="0.9508927676800064">
<link xlink:type="simple" xlink:href="../041/185041.xml">
MSN</link></web_site>
&nbsp;·  <software wordnetid="106566077" confidence="0.9508927676800064">
<link xlink:type="simple" xlink:href="../466/15559466.xml">
Hotmail</link></software>
&nbsp;·  <software wordnetid="106566077" confidence="0.9508927676800064">
<link xlink:type="simple" xlink:href="../063/19011063.xml">
Live Messenger</link></software>
&nbsp;·  <software wordnetid="106566077" confidence="0.9508927676800064">
<link xlink:type="simple" xlink:href="../519/5763519.xml">
Spaces</link></software>
&nbsp;·  <computer wordnetid="103082979" confidence="0.8">
<artifact wordnetid="100021939" confidence="0.8">
<instrumentality wordnetid="103575240" confidence="0.8">
<device wordnetid="103183080" confidence="0.8">
<machine wordnetid="103699975" confidence="0.8">
<web_site wordnetid="106359193" confidence="0.8">
<link xlink:type="simple" xlink:href="../491/1402491.xml">
Groups</link></web_site>
</machine>
</device>
</instrumentality>
</artifact>
</computer>
&nbsp;·  <software wordnetid="106566077" confidence="0.9508927676800064">
<link xlink:type="simple" xlink:href="../327/1956327.xml">
Live ID</link></software>
&nbsp;·  <link xlink:type="simple" xlink:href="../820/11610820.xml">
Ignition</link>&nbsp;·  <web_site wordnetid="106359193" confidence="0.9508927676800064">
<link xlink:type="simple" xlink:href="../828/591828.xml">
Channel 9</link></web_site>
&nbsp;·  <computer wordnetid="103082979" confidence="0.8">
<artifact wordnetid="100021939" confidence="0.8">
<instrumentality wordnetid="103575240" confidence="0.8">
<device wordnetid="103183080" confidence="0.8">
<machine wordnetid="103699975" confidence="0.8">
<web_site wordnetid="106359193" confidence="0.8">
<link xlink:type="simple" xlink:href="../583/5188583.xml">
CodePlex</link></web_site>
</machine>
</device>
</instrumentality>
</artifact>
</computer>
&nbsp;·  <software wordnetid="106566077" confidence="0.9508927676800064">
<link xlink:type="simple" xlink:href="../722/13630722.xml">
HealthVault</link></software>
&nbsp;·  <artifact wordnetid="100021939" confidence="0.8">
<instrumentality wordnetid="103575240" confidence="0.8">
<engine wordnetid="103287733" confidence="0.8">
<motor wordnetid="103789946" confidence="0.8">
<device wordnetid="103183080" confidence="0.8">
<machine wordnetid="103699975" confidence="0.8">
<link xlink:type="simple" xlink:href="../207/3708207.xml">
Microsoft adCenter</link></machine>
</device>
</motor>
</engine>
</instrumentality>
</artifact>
</col>
</row>
<row style="height:2px">

</row>
<row>
<col style=";;" class="navbox-group">
Gaming</col>
<col style="text-align:left;border-left:2px solid #fdfdfd;width:100%;padding:0px;;;" class="navbox-list navbox-odd">
<military_unit wordnetid="108198398" confidence="0.8">
<division wordnetid="108213205" confidence="0.8">
<company wordnetid="108058098" confidence="0.8">
<army_unit wordnetid="108190754" confidence="0.8">
<institution wordnetid="108053576" confidence="0.8">
<link xlink:type="simple" xlink:href="../838/456838.xml">
Microsoft Game Studios</link></institution>
</army_unit>
</company>
</division>
</military_unit>
&nbsp;·  <web_site wordnetid="106359193" confidence="0.9508927676800064">
<link xlink:type="simple" xlink:href="../456/3613456.xml">
Zone</link></web_site>
&nbsp;·  <software wordnetid="106566077" confidence="0.9508927676800064">
<link xlink:type="simple" xlink:href="../616/550616.xml">
XNA</link></software>
&nbsp;·  <system wordnetid="104377057" confidence="0.9508927676800064">
<link xlink:type="simple" xlink:href="../342/17416342.xml">
Xbox</link></system>
&nbsp;·  <system wordnetid="104377057" confidence="0.9508927676800064">
<link xlink:type="simple" xlink:href="../833/7514833.xml">
Xbox 360</link></system>
&nbsp;·  <service wordnetid="100577525" confidence="0.9508927676800064">
<link xlink:type="simple" xlink:href="../586/881586.xml">
Xbox Live</link></service>
 (<event wordnetid="100029378" confidence="0.8">
<social_event wordnetid="107288639" confidence="0.8">
<contest wordnetid="107456188" confidence="0.8">
<game wordnetid="100456199" confidence="0.8">
<psychological_feature wordnetid="100023100" confidence="0.8">
<link xlink:type="simple" xlink:href="../097/3221097.xml">
Arcade</link></psychological_feature>
</game>
</contest>
</social_event>
</event>
&nbsp;·  <service wordnetid="100577525" confidence="0.9508927676800064">
<link xlink:type="simple" xlink:href="../889/3766889.xml">
Marketplace</link></service>
)&nbsp;·  <link xlink:type="simple" xlink:href="../161/6359161.xml">
Games for Windows</link> (<software wordnetid="106566077" confidence="0.9508927676800064">
<link xlink:type="simple" xlink:href="../506/5347506.xml">
LIVE</link></software>
)&nbsp;·  <link xlink:type="simple" xlink:href="../332/8844332.xml">
Live Anywhere</link>&nbsp;·  <link xlink:type="simple" xlink:href="../120/18857120.xml">
Xbox Live Productions</link></col>
</row>
<row style="height:2px">

</row>
<row>
<col style=";;" class="navbox-group">
Hardware</col>
<col style="text-align:left;border-left:2px solid #fdfdfd;width:100%;padding:0px;;;" class="navbox-list navbox-even">
<software wordnetid="106566077" confidence="0.9508927676800064">
<link xlink:type="simple" xlink:href="../117/11499117.xml">
Surface</link></software>
&nbsp;·  <appliance wordnetid="102729965" confidence="0.9508927676800064">
<link xlink:type="simple" xlink:href="../849/5919849.xml">
Zune</link></appliance>
 (<appliance wordnetid="102729965" confidence="0.9508927676800064">
<link xlink:type="simple" xlink:href="../591/13547591.xml">
4 / 8</link></appliance>
&nbsp;·  <physical_entity wordnetid="100001930" confidence="0.8">
<person wordnetid="100007846" confidence="0.8">
<artifact wordnetid="100021939" confidence="0.8">
<instrumentality wordnetid="103575240" confidence="0.8">
<player wordnetid="110439851" confidence="0.8">
<contestant wordnetid="109613191" confidence="0.8">
<device wordnetid="103183080" confidence="0.8">
<causal_agent wordnetid="100007347" confidence="0.8">
<link xlink:type="simple" xlink:href="../204/13846204.xml">
30</link></causal_agent>
</device>
</contestant>
</player>
</instrumentality>
</artifact>
</person>
</physical_entity>
&nbsp;·  <appliance wordnetid="102729965" confidence="0.9508927676800064">
<link xlink:type="simple" xlink:href="../385/13630385.xml">
80</link></appliance>
)&nbsp;·  <link xlink:type="simple" xlink:href="../297/189297.xml">
MSN TV</link>&nbsp;·  <link xlink:type="simple" xlink:href="../254/520254.xml">
Natural Keyboard</link>&nbsp;·  <software wordnetid="106566077" confidence="0.9508927676800064">
<link xlink:type="simple" xlink:href="../858/10199858.xml">
Keyboard</link></software>
&nbsp;·  <software wordnetid="106566077" confidence="0.9508927676800064">
<link xlink:type="simple" xlink:href="../621/3085621.xml">
Mouse</link></software>
&nbsp;·  <artifact wordnetid="100021939" confidence="0.8">
<instrumentality wordnetid="103575240" confidence="0.8">
<camera wordnetid="102942699" confidence="0.8">
<equipment wordnetid="103294048" confidence="0.8">
<photographic_equipment wordnetid="103926148" confidence="0.8">
<link xlink:type="simple" xlink:href="../893/5560893.xml">
LifeCam</link></photographic_equipment>
</equipment>
</camera>
</instrumentality>
</artifact>
&nbsp;·  <link xlink:type="simple" xlink:href="../629/10323629.xml">
LifeChat</link>&nbsp;·  <physical_entity wordnetid="100001930" confidence="0.8">
<person wordnetid="100007846" confidence="0.8">
<artifact wordnetid="100021939" confidence="0.8">
<merchandise wordnetid="103748886" confidence="0.8">
<commodity wordnetid="103076708" confidence="0.8">
<businessperson wordnetid="109882716" confidence="0.8">
<capitalist wordnetid="109609232" confidence="0.8">
<causal_agent wordnetid="100007347" confidence="0.8">
<accountant wordnetid="109761403" confidence="0.8">
<link xlink:type="simple" xlink:href="../304/271304.xml">
SideWinder</link></accountant>
</causal_agent>
</capitalist>
</businessperson>
</commodity>
</merchandise>
</artifact>
</person>
</physical_entity>
&nbsp;·  <link xlink:type="simple" xlink:href="../851/4185851.xml">
Ultra-Mobile PC</link>&nbsp;·  <link xlink:type="simple" xlink:href="../115/5009115.xml">
Fingerprint</link>&nbsp;·  <artifact wordnetid="100021939" confidence="0.8">
<merchandise wordnetid="103748886" confidence="0.8">
<commodity wordnetid="103076708" confidence="0.8">
<link xlink:type="simple" xlink:href="../025/8116025.xml">
Audio System</link></commodity>
</merchandise>
</artifact>
&nbsp;·  <link xlink:type="simple" xlink:href="../853/7636853.xml">
Cordless Phone</link>&nbsp;·  <link xlink:type="simple" xlink:href="../170/69170.xml">
Pocket PC</link>&nbsp;·  <link xlink:type="simple" xlink:href="../436/12819436.xml">
RoundTable</link>&nbsp;·  <link xlink:type="simple" xlink:href="../088/10617088.xml">
Response Point</link></col>
</row>
<row style="height:2px">

</row>
<row>
<col style=";;" class="navbox-group">
Education andrecognition</col>
<col style="text-align:left;border-left:2px solid #fdfdfd;width:100%;padding:0px;;;" class="navbox-list navbox-odd">
<qualification wordnetid="104717139" confidence="0.8">
<fitness wordnetid="104716864" confidence="0.8">
<suitability wordnetid="104715487" confidence="0.8">
<link xlink:type="simple" xlink:href="../199/997199.xml">
MCP</link></suitability>
</fitness>
</qualification>
s&nbsp;·  <computer wordnetid="103082979" confidence="0.8">
<artifact wordnetid="100021939" confidence="0.8">
<social_group wordnetid="107950920" confidence="0.8">
<instrumentality wordnetid="103575240" confidence="0.8">
<gathering wordnetid="107975026" confidence="0.8">
<device wordnetid="103183080" confidence="0.8">
<community wordnetid="108223802" confidence="0.8">
<machine wordnetid="103699975" confidence="0.8">
<group wordnetid="100031264" confidence="0.8">
<web_site wordnetid="106359193" confidence="0.8">
<link xlink:type="simple" xlink:href="../316/63316.xml">
MSDN</link></web_site>
</group>
</machine>
</community>
</device>
</gathering>
</instrumentality>
</social_group>
</artifact>
</computer>
&nbsp;·  <link xlink:type="simple" xlink:href="../684/7874684.xml">
Technet</link>&nbsp;·  <link xlink:type="simple" xlink:href="../994/2315994.xml">
MSDNAA</link>&nbsp;·  <link xlink:type="simple" xlink:href="../131/1001131.xml">
MSCA</link>&nbsp;·  <military_unit wordnetid="108198398" confidence="0.8">
<division wordnetid="108213205" confidence="0.8">
<army_unit wordnetid="108190754" confidence="0.8">
<link xlink:type="simple" xlink:href="../783/4431783.xml">
Microsoft Press</link></army_unit>
</division>
</military_unit>
&nbsp;·  <link xlink:type="simple" xlink:href="../084/557084.xml">
Microsoft MVP</link>&nbsp;·  <link xlink:type="simple" xlink:href="../109/10231109.xml">
Student Partners</link>&nbsp;·  <physical_entity wordnetid="100001930" confidence="0.8">
<military_unit wordnetid="108198398" confidence="0.8">
<person wordnetid="100007846" confidence="0.8">
<division wordnetid="108213205" confidence="0.8">
<causal_agent wordnetid="100007347" confidence="0.8">
<scientist wordnetid="110560637" confidence="0.8">
<army_unit wordnetid="108190754" confidence="0.8">
<research_worker wordnetid="110523076" confidence="0.8">
<link xlink:type="simple" xlink:href="../522/2163522.xml">
Research</link></research_worker>
</army_unit>
</scientist>
</causal_agent>
</division>
</person>
</military_unit>
</physical_entity>
&nbsp;·  <link xlink:type="simple" xlink:href="../379/2008379.xml">
Studies related to Microsoft</link></col>
</row>
<row style="height:2px">

</row>
<row>
<col style=";;" class="navbox-group">
Licensing</col>
<col style="text-align:left;border-left:2px solid #fdfdfd;width:100%;padding:0px;;;" class="navbox-list navbox-even">
<link xlink:type="simple" xlink:href="../526/2912526.xml">
Client Access License</link>&nbsp;·  <link xlink:type="simple" xlink:href="../156/650156.xml">
Shared Source</link>&nbsp;·  <link xlink:type="simple" xlink:href="../279/12955279.xml">
Licensing Services</link></col>
</row>
<row style="height:2px">

</row>
<row>
<col style=";;" class="navbox-group">
<message wordnetid="106598915" confidence="0.8">
<disapproval wordnetid="106709533" confidence="0.8">
<criticism wordnetid="106710546" confidence="0.8">
<link xlink:type="simple" xlink:href="../683/709683.xml">
Criticism</link></criticism>
</disapproval>
</message>
</col>
<col style="text-align:left;border-left:2px solid #fdfdfd;width:100%;padding:0px;;;" class="navbox-list navbox-odd">
<message wordnetid="106598915" confidence="0.8">
<disapproval wordnetid="106709533" confidence="0.8">
<criticism wordnetid="106710546" confidence="0.8">
<link xlink:type="simple" xlink:href="../782/7339782.xml">
Windows Vista</link></criticism>
</disapproval>
</message>
&nbsp;·  <message wordnetid="106598915" confidence="0.8">
<disapproval wordnetid="106709533" confidence="0.8">
<criticism wordnetid="106710546" confidence="0.8">
<link xlink:type="simple" xlink:href="../338/4225338.xml">
Windows XP</link></criticism>
</disapproval>
</message>
&nbsp;·  <version wordnetid="107173585" confidence="0.9508927676800064">
<link xlink:type="simple" xlink:href="../941/33941.xml#xpointer(//*[./st=%22Security+criticisms%22])">
Windows 2000 (section)</link></version>
&nbsp;·  <version wordnetid="107173585" confidence="0.9508927676800064">
<link xlink:type="simple" xlink:href="../458/75458.xml#xpointer(//*[./st=%22Criticisms%22])">
Windows Me (section)</link></version>
&nbsp;·  <O wordnetid="106832680" confidence="0.9508927676800064">
<link xlink:type="simple" xlink:href="../486/454486.xml#xpointer(//*[./st=%22Disadvantages%22])">
Windows 9x (section)</link></O>
&nbsp;·  <software wordnetid="106566077" confidence="0.9508927676800064">
<link xlink:type="simple" xlink:href="../288/20288.xml#xpointer(//*[./st=%22Criticisms%22])">
Office (section)</link></software>
&nbsp;·  <message wordnetid="106598915" confidence="0.8">
<disapproval wordnetid="106709533" confidence="0.8">
<criticism wordnetid="106710546" confidence="0.8">
<link xlink:type="simple" xlink:href="../530/6035530.xml">
Xbox 360</link></criticism>
</disapproval>
</message>
</col>
</row>
<row style="height:2px">

</row>
<row>
<col style=";;" class="navbox-group">
<link xlink:type="simple" xlink:href="../335/18773335.xml">
Legal issues</link></col>
<col style="text-align:left;border-left:2px solid #fdfdfd;width:100%;padding:0px;;;" class="navbox-list navbox-even">
<message wordnetid="106598915" confidence="0.8">
<disapproval wordnetid="106709533" confidence="0.8">
<criticism wordnetid="106710546" confidence="0.8">
<link xlink:type="simple" xlink:href="../682/9709682.xml">
Alcatel-Lucent v. Microsoft</link></criticism>
</disapproval>
</message>
&nbsp;·  <message wordnetid="106598915" confidence="0.8">
<disapproval wordnetid="106709533" confidence="0.8">
<criticism wordnetid="106710546" confidence="0.8">
<link xlink:type="simple" xlink:href="../422/5805422.xml">
European Union Microsoft competition case</link></criticism>
</disapproval>
</message>
&nbsp;·  <message wordnetid="106598915" confidence="0.8">
<disapproval wordnetid="106709533" confidence="0.8">
<criticism wordnetid="106710546" confidence="0.8">
<link xlink:type="simple" xlink:href="../770/20770.xml">
United States Microsoft antitrust case</link></criticism>
</disapproval>
</message>
&nbsp;·  <message wordnetid="106598915" confidence="0.8">
<disapproval wordnetid="106709533" confidence="0.8">
<criticism wordnetid="106710546" confidence="0.8">
<link xlink:type="simple" xlink:href="../335/465335.xml">
Microsoft vs. Lindows</link></criticism>
</disapproval>
</message>
&nbsp;·  <link xlink:type="simple" xlink:href="../676/345676.xml">
Apple v. Microsoft</link></col>
</row>
<row style="height:2px">

</row>
<row>
<col style=";;" class="navbox-group">
<link xlink:type="simple" xlink:href="../822/4822.xml">
Board of directors</link></col>
<col style="text-align:left;border-left:2px solid #fdfdfd;width:100%;padding:0px;;;" class="navbox-list navbox-odd">
<celebrity wordnetid="109903153" confidence="0.9508927676800064">
<link xlink:type="simple" xlink:href="../656/29656.xml">
Steve Ballmer</link></celebrity>
&nbsp;·  <physical_entity wordnetid="100001930" confidence="0.8">
<person wordnetid="100007846" confidence="0.8">
<intellectual wordnetid="109621545" confidence="0.8">
<alumnus wordnetid="109786338" confidence="0.8">
<causal_agent wordnetid="100007347" confidence="0.8">
<scholar wordnetid="110557854" confidence="0.8">
<link xlink:type="simple" xlink:href="../981/3281981.xml">
James Cash, Jr.</link></scholar>
</causal_agent>
</alumnus>
</intellectual>
</person>
</physical_entity>
&nbsp;·  <person wordnetid="100007846" confidence="0.9638700866880419">
<link xlink:type="simple" xlink:href="../201/6036201.xml">
Dina Dublon</link></person>
&nbsp;·  <person wordnetid="100007846" confidence="0.9508927676800064">
<link xlink:type="simple" xlink:href="../747/3747.xml">
Bill Gates</link></person>
&nbsp;·  <link xlink:type="simple" xlink:href="../210/6036210.xml">
Raymond Gilmartin</link>&nbsp;·  <skilled_worker wordnetid="110605985" confidence="0.8">
<physical_entity wordnetid="100001930" confidence="0.8">
<person wordnetid="100007846" confidence="0.8">
<volunteer wordnetid="110759331" confidence="0.8">
<intellectual wordnetid="109621545" confidence="0.8">
<worker wordnetid="109632518" confidence="0.8">
<alumnus wordnetid="109786338" confidence="0.8">
<causal_agent wordnetid="100007347" confidence="0.8">
<serviceman wordnetid="110582746" confidence="0.8">
<scholar wordnetid="110557854" confidence="0.8">
<link xlink:type="simple" xlink:href="../422/632422.xml">
Reed Hastings</link></scholar>
</serviceman>
</causal_agent>
</alumnus>
</worker>
</intellectual>
</volunteer>
</person>
</physical_entity>
</skilled_worker>
&nbsp;·  <link xlink:type="simple" xlink:href="../218/6036218.xml">
David Marquardt</link>&nbsp;·  <physical_entity wordnetid="100001930" confidence="0.8">
<person wordnetid="100007846" confidence="0.8">
<intellectual wordnetid="109621545" confidence="0.8">
<alumnus wordnetid="109786338" confidence="0.8">
<causal_agent wordnetid="100007347" confidence="0.8">
<scholar wordnetid="110557854" confidence="0.8">
<link xlink:type="simple" xlink:href="../221/6036221.xml">
Charles Noski</link></scholar>
</causal_agent>
</alumnus>
</intellectual>
</person>
</physical_entity>
&nbsp;·  <physical_entity wordnetid="100001930" confidence="0.8">
<executive wordnetid="110069645" confidence="0.8">
<person wordnetid="100007846" confidence="0.8">
<leader wordnetid="109623038" confidence="0.8">
<administrator wordnetid="109770949" confidence="0.8">
<worker wordnetid="109632518" confidence="0.8">
<causal_agent wordnetid="100007347" confidence="0.8">
<head wordnetid="110162991" confidence="0.8">
<employee wordnetid="110053808" confidence="0.8">
<link xlink:type="simple" xlink:href="../227/6036227.xml">
Helmut Panke</link></employee>
</head>
</causal_agent>
</worker>
</administrator>
</leader>
</person>
</executive>
</physical_entity>
&nbsp;·  <physical_entity wordnetid="100001930" confidence="0.8">
<person wordnetid="100007846" confidence="0.8">
<leader wordnetid="109623038" confidence="0.8">
<administrator wordnetid="109770949" confidence="0.8">
<causal_agent wordnetid="100007347" confidence="0.8">
<head wordnetid="110162991" confidence="0.8">
<director wordnetid="110014939" confidence="0.8">
<link xlink:type="simple" xlink:href="../238/6036238.xml">
Jon Shirley</link></director>
</head>
</causal_agent>
</administrator>
</leader>
</person>
</physical_entity>
</col>
</row>
</table>
</col>
</row>
</table>
</p>


</sec>
</bdy>
</criticism>
</disapproval>
</entity>
</message>
</article>
