<?xml version="1.0" encoding="UTF-8"?>
<!-- generated by CLiX/Wiki2XML [MPI-Inf, MMCI@UdS] $LastChangedRevision: 92 $ on 16.04.2009 16:30:52[mciao0828] -->
<!DOCTYPE article SYSTEM "../article.dtd">
<article xmlns:xlink="http://www.w3.org/1999/xlink">
<safety  confidence="0.8" wordnetid="114538472">
<condition  confidence="0.8" wordnetid="113920835">
<entity  confidence="0.9511911446218017" wordnetid="100001740">
<state  confidence="0.8" wordnetid="100024720">
<security  confidence="0.8" wordnetid="114539268">
<header>
<title>EDGAR</title>
<id>208942</id>
<revision>
<id>237770320</id>
<timestamp>2008-09-11T19:12:02Z</timestamp>
<contributor>
<username>Int21h</username>
<id>4513618</id>
</contributor>
</revision>
<categories>
<category>United States Securities and Exchange Commission</category>
<category>Government databases in the United States</category>
</categories>
</header>
<bdy>

<b>EDGAR</b>, the <b>Electronic Data-Gathering, Analysis, and Retrieval</b> system, performs automated collection, validation, indexing, acceptance, and forwarding of submissions by companies and others who are required by law to file forms with the <link xlink:type="simple" xlink:href="../097/55097.xml">
U.S. Securities and Exchange Commission</link> (the "SEC"). The database is freely available to the public via <weblink xlink:type="simple" xlink:href="http://www.sec.gov/edgar/searchedgar/webusers.htm">
Web</weblink> or <weblink xlink:type="simple" xlink:href="ftp://ftp.sec.gov/edgar/">
FTP</weblink>, typically posting in excess of 3,000 filings per day.<p>

Not all <market wordnetid="101097292" confidence="0.8">
<event wordnetid="100029378" confidence="0.8">
<act wordnetid="100030358" confidence="0.8">
<psychological_feature wordnetid="100023100" confidence="0.8">
<activity wordnetid="100407535" confidence="0.8">
<link xlink:type="simple" xlink:href="../507/864507.xml">
SEC filing</link></activity>
</psychological_feature>
</act>
</event>
</market>
s by <link xlink:type="simple" xlink:href="../293/262293.xml">
public companies</link> are available on EDGAR. Companies were phased in to EDGAR filing over a three-year period, ending <link xlink:type="simple" xlink:href="../514/19514.xml">
6 May</link> <link xlink:type="simple" xlink:href="../636/34636.xml">
1996</link>. As of that date, all public domestic companies were required to make their filings on EDGAR, except for filings made in paper because of a <link>
hardship exemption</link>. Third-party filings with respect to these companies, such as <link xlink:type="simple" xlink:href="../769/1300769.xml">
tender offer</link>s and <link xlink:type="simple" xlink:href="../520/7062520.xml">
Schedule 13D</link> filings, are also filed on EDGAR.</p>
<p>

The vast majority of documents are now filed electronically. As of <link xlink:type="simple" xlink:href="../805/21805.xml">
4 November</link> <link xlink:type="simple" xlink:href="../502/35502.xml">
2002</link>, the SEC required all foreign companies and foreign governments to file their documents on EDGAR. Prior to that time, electronic filing by foreign companies also was voluntary.</p>
<p>

Actual <link xlink:type="simple" xlink:href="../420/1272420.xml">
annual report</link>s to shareholders (except in the case of <link xlink:type="simple" xlink:href="../597/226597.xml">
mutual fund</link> companies) need not be submitted on EDGAR, although some companies do so voluntarily. However, the annual report on <message wordnetid="106598915" confidence="0.8">
<submission wordnetid="107167578" confidence="0.8">
<filing wordnetid="107167954" confidence="0.8">
<link xlink:type="simple" xlink:href="../355/1536355.xml">
Form 10-K</link></filing>
</submission>
</message>
 or Form 10-KSB, which contains much of the same information, is required to be filed on EDGAR.</p>

<sec>
<st>
See also</st>
<p>

<list>
<entry level="1" type="bullet">

 <idea wordnetid="105833840" confidence="0.8">
<concept wordnetid="105835747" confidence="0.8">
<category wordnetid="105838765" confidence="0.8">
<type wordnetid="105840188" confidence="0.8">
<kind wordnetid="105839024" confidence="0.8">
<link xlink:type="simple" xlink:href="../807/9689807.xml">
Central Index Key</link></kind>
</type>
</category>
</concept>
</idea>
</entry>
<entry level="1" type="bullet">

 <institute wordnetid="108407330" confidence="0.8">
<administrative_unit wordnetid="108077292" confidence="0.8">
<association wordnetid="108049401" confidence="0.8">
<agency wordnetid="108337324" confidence="0.8">
<link xlink:type="simple" xlink:href="../165/4243165.xml">
Netherlands Environmental Assessment Agency</link></agency>
</association>
</administrative_unit>
</institute>
's <weblink xlink:type="simple" xlink:href="http://www.mnp.nl/en/publications/2005/Website_FT2000_EDGAR.html">
EDGAR consortium</weblink></entry>
</list>
</p>

</sec>
<sec>
<st>
External links</st>
<p>

<list>
<entry level="1" type="bullet">

<weblink xlink:type="simple" xlink:href="http://www.sec.gov/edgar.shtml">
EDGAR website</weblink></entry>
<entry level="1" type="bullet">

<weblink xlink:type="simple" xlink:href="http://www.sec.gov/info/edgar/regoverview.htm">
Outline of EDGAR Rules from the SEC</weblink></entry>
<entry level="1" type="bullet">

<weblink xlink:type="simple" xlink:href="http://emma.msrb.org">
EMMA website for municipal securities disclosures</weblink></entry>
</list>
</p>

</sec>
</bdy>
</security>
</state>
</entity>
</condition>
</safety>
</article>
