<?xml version="1.0" encoding="UTF-8"?>
<!-- generated by CLiX/Wiki2XML [MPI-Inf, MMCI@UdS] $LastChangedRevision: 92 $ on 16.04.2009 16:32:47[mciao0826] -->
<!DOCTYPE article SYSTEM "../article.dtd">
<article xmlns:xlink="http://www.w3.org/1999/xlink">
<software  confidence="0.9508927676800064" wordnetid="106566077">
<environment  confidence="0.9511911446218017" wordnetid="113934596">
<tool  confidence="0.9511911446218017" wordnetid="104451818">
<header>
<title>NetBeans</title>
<id>214178</id>
<revision>
<id>244658146</id>
<timestamp>2008-10-11T22:26:12Z</timestamp>
<contributor>
<username>TakuyaMurata</username>
<id>6707</id>
</contributor>
</revision>
<categories>
<category>Linux integrated development environments</category>
<category>Open source integrated development environments</category>
<category>Java platform</category>
<category>Free UML tools</category>
<category>Sun Microsystems software</category>
<category>Java development tools</category>
<category>Cross-platform software</category>
<category>Integrated development environments</category>
</categories>
</header>
<bdy>
<template>
<name>Infobox_Software</name>
<parameters>
<genre>
<link xlink:type="simple" xlink:href="../305/15305.xml">
Java IDE</link></genre>
<logo>
<image width="250px" src="NetBeansLogo.png">
</image>
</logo>
<screenshot>
<image width="250px" src="NetBeansScreenshot.png">
</image>
</screenshot>
<website>
<weblink xlink:type="simple" xlink:href="http://www.netbeans.org/">
www.netbeans.org</weblink></website>
<collapsible>
yes</collapsible>
<latest_release_version>
6.1</latest_release_version>
<programming_language>
<message wordnetid="106598915" confidence="0.8">
<request wordnetid="106513366" confidence="0.8">
<link xlink:type="simple" xlink:href="../881/15881.xml">
Java</link></request>
</message>
</programming_language>
<latest_preview_date>
2008-08-13; 246 days ago</latest_preview_date>
<caption>
NetBeans IDE 6.5 Beta 1 in <link xlink:type="simple" xlink:href="../982/33982.xml">
Microsoft Windows XP SP3</link>.</caption>
<latest_release_date>
2008-04-28; 353 days ago</latest_release_date>
<developer>
<company wordnetid="108058098" confidence="0.8">
<institution wordnetid="108053576" confidence="0.8">
<link xlink:type="simple" xlink:href="../980/26980.xml">
Sun Microsystems</link></institution>
</company>
</developer>
<name>
NetBeans IDE</name>
<latest_preview_version>
6.5 Beta 1</latest_preview_version>
<language>
<link xlink:type="simple" xlink:href="#xpointer(//*[./st=%22Localization%22])">
Multilingual</link></language>
<license>
<link xlink:type="simple" xlink:href="../631/1245631.xml">
CDDL</link> or <link xlink:type="simple" xlink:href="../683/18938683.xml">
GPL2</link> + <weblink xlink:type="simple" xlink:href="http://www.netbeans.org/cddl-gplv2.html">
"certain source files"</weblink> allow <link xlink:type="simple" xlink:href="../406/390406.xml">
classpath exception</link></license>
<operating_system>
<platform wordnetid="103961939" confidence="0.8">
<artifact wordnetid="100021939" confidence="0.8">
<surface wordnetid="104362025" confidence="0.8">
<horizontal_surface wordnetid="103536348" confidence="0.8">
<link xlink:type="simple" xlink:href="../193/81193.xml">
Cross-platform</link></horizontal_surface>
</surface>
</artifact>
</platform>
</operating_system>
</parameters>
</template>

<p>

<b>NetBeans</b> refers to both a <link xlink:type="simple" xlink:href="../196/81196.xml">
platform</link> for the development of <message wordnetid="106598915" confidence="0.8">
<request wordnetid="106513366" confidence="0.8">
<link xlink:type="simple" xlink:href="../881/15881.xml">
Java</link></request>
</message>
 desktop <artifact wordnetid="100021939" confidence="0.8">
<instrumentality wordnetid="103575240" confidence="0.8">
<furnishing wordnetid="103405265" confidence="0.8">
<table wordnetid="104379243" confidence="0.8">
<furniture wordnetid="103405725" confidence="0.8">
<console_table wordnetid="103092883" confidence="0.8">
<link xlink:type="simple" xlink:href="../746/454746.xml">
applications</link></console_table>
</furniture>
</table>
</furnishing>
</instrumentality>
</artifact>
, and an <link xlink:type="simple" xlink:href="../305/15305.xml">
integrated development environment</link> (IDE) developed using the NetBeans Platform.</p>
<p>

The NetBeans Platform allows applications to be developed from a set of modular <link>
software component</link>s called <it>modules</it>. A module is a <link xlink:type="simple" xlink:href="../609/265609.xml">
Java archive</link> file that contains Java classes written to interact with the NetBeans Open APIs and a <link xlink:type="simple" xlink:href="../944/11726944.xml">
manifest file</link> that identifies it as a module. Applications built on modules can be extended by adding new modules. Since modules can be developed independently, applications based on the NetBeans platform can be extended by <link xlink:type="simple" xlink:href="../478/1177478.xml">
third party developer</link>s.<ref xlink:type="simple" xlink:href="#xpointer(//reflist/entry[@id=%221%22])">1</ref></p>

<sec>
<st>
 History </st>

<ss1>
<st>
 Early history </st>
<p>

NetBeans began in 1997 as Xelfi<ref xlink:type="simple" xlink:href="#xpointer(//reflist/entry[@id=%222%22])">2</ref><ref xlink:type="simple" xlink:href="#xpointer(//reflist/entry[@id=%223%22])">3</ref>, a student project under the guidance of the Faculty of Mathematics and Physics at <link xlink:type="simple" xlink:href="../091/38091.xml">
Charles University</link> in <site wordnetid="108651247" confidence="0.8">
<region wordnetid="108630039" confidence="0.8">
<region wordnetid="108630985" confidence="0.8">
<administrative_district wordnetid="108491826" confidence="0.8">
<location wordnetid="100027167" confidence="0.8">
<municipality wordnetid="108626283" confidence="0.8">
<settlement wordnetid="108672562" confidence="0.8">
<capital wordnetid="108518505" confidence="0.8">
<city wordnetid="108524735" confidence="0.8">
<center wordnetid="108523483" confidence="0.8">
<area wordnetid="108497294" confidence="0.8">
<village wordnetid="108672738" confidence="0.8">
<seat wordnetid="108647945" confidence="0.8">
<tract wordnetid="108673395" confidence="0.8">
<geographical_area wordnetid="108574314" confidence="0.8">
<district wordnetid="108552138" confidence="0.8">
<urban_area wordnetid="108675967" confidence="0.8">
<link xlink:type="simple" xlink:href="../844/23844.xml">
Prague</link></urban_area>
</district>
</geographical_area>
</tract>
</seat>
</village>
</area>
</center>
</city>
</capital>
</settlement>
</municipality>
</location>
</administrative_district>
</region>
</region>
</site>
. Roman Stanek later formed company around the project and produced commercial versions of the NetBeans IDE until it was bought by <company wordnetid="108058098" confidence="0.8">
<institution wordnetid="108053576" confidence="0.8">
<link xlink:type="simple" xlink:href="../980/26980.xml">
Sun Microsystems</link></institution>
</company>
 in 1999. Sun open-sourced the NetBeans IDE in June of the following year. The NetBeans community has since continued to grow, thanks to individuals and companies using and contributing to the project.<ref xlink:type="simple" xlink:href="#xpointer(//reflist/entry[@id=%224%22])">4</ref></p>

</ss1>
<ss1>
<st>
 Current versions </st>
<p>

NetBeans IDE 6.1 extended the existing <message wordnetid="106598915" confidence="0.8">
<model wordnetid="105890249" confidence="0.8">
<idea wordnetid="105833840" confidence="0.8">
<concept wordnetid="105835747" confidence="0.8">
<request wordnetid="106513366" confidence="0.8">
<hypothesis wordnetid="105888929" confidence="0.8">
<link xlink:type="simple" xlink:href="../869/42869.xml">
Java EE</link></hypothesis>
</request>
</concept>
</idea>
</model>
</message>
 features (including Java Persistence support, EJB 3 and JAX-WS). Additionally, the <software wordnetid="106566077" confidence="0.9508927676800064">
<link xlink:type="simple" xlink:href="../178/214178.xml#xpointer(//*[./st=%22NetBeans+Enterprise+Pack%22])">
NetBeans Enterprise Pack</link></software>
 supports development of Java EE 5 enterprise applications, including <work wordnetid="100575741" confidence="0.8">
<event wordnetid="100029378" confidence="0.8">
<service wordnetid="100577525" confidence="0.8">
<act wordnetid="100030358" confidence="0.8">
<psychological_feature wordnetid="100023100" confidence="0.8">
<activity wordnetid="100407535" confidence="0.8">
<link xlink:type="simple" xlink:href="../924/666924.xml">
SOA</link></activity>
</psychological_feature>
</act>
</service>
</event>
</work>
 visual design tools, XML schema tools, web services orchestration (for BPEL), and <link xlink:type="simple" xlink:href="../169/32169.xml">
UML</link> modeling. The <software wordnetid="106566077" confidence="0.9508927676800064">
<link xlink:type="simple" xlink:href="../178/214178.xml#xpointer(//*[./st=%22NetBeans+C.2FC.2B.2B+Pack%22])">
NetBeans C/C++ Pack</link></software>
 supports C/C++ projects.</p>
<p>

NetBeans IDE 6.0 builds upon the previous version 5.5.1, which introduced comprehensive support for developing IDE modules and rich client applications based on the NetBeans platform, a new <link xlink:type="simple" xlink:href="../293/12293.xml">
GUI</link> builder (formerly known as "Project Matisse"), new and redesigned <software wordnetid="106566077" confidence="0.9508927676800064">
<link xlink:type="simple" xlink:href="../656/37656.xml">
CVS</link></software>
 support, <link xlink:type="simple" xlink:href="../825/743825.xml">
Weblogic</link> 9 and <link xlink:type="simple" xlink:href="../348/191348.xml">
JBoss</link> 4 support, and many editor enhancements. NetBeans 6.0 is being delivered as part of the <O wordnetid="106832680" confidence="0.9508927676800064">
<link xlink:type="simple" xlink:href="../298/990298.xml">
Ubuntu 8.04</link></O>
 Linux distribution<ref xlink:type="simple" xlink:href="#xpointer(//reflist/entry[@id=%225%22])">5</ref>.</p>
<p>

The current development version is NetBeans IDE 6.5 Milestone 1, which was released in <link xlink:type="simple" xlink:href="../309/13292309.xml">
July 2008</link>.</p>

</ss1>
</sec>
<sec>
<st>
 The NetBeans Platform </st>
<p>

The <b>NetBeans Platform</b> is a reusable <link xlink:type="simple" xlink:href="../145/1173145.xml">
framework</link> for simplifying the development of other desktop applications. When an application based on the NetBeans Platform is run, the platform's Main class is executed. Available modules are located, placed in an in-memory registry, and the modules' startup tasks are executed. Generally, a module's code is loaded into memory only as it is needed.</p>
<p>

Applications can install modules dynamically. Any application can include the Update Center module to allow users of the application to download <document wordnetid="106470073" confidence="0.8">
<written_communication wordnetid="106349220" confidence="0.8">
<writing wordnetid="106362953" confidence="0.8">
<link xlink:type="simple" xlink:href="../644/59644.xml">
digitally-signed</link></writing>
</written_communication>
</document>
 upgrades and new features directly into the running application. Reinstalling an upgrade or a new release does not force users to download the entire application again.</p>
<p>

The platform offers services common to desktop applications, allowing developers to focus on the logic specific to their application. Among the features of the platform are:
<list>
<entry level="1" type="bullet">

 User interface management (e.g. menus and toolbars)</entry>
<entry level="1" type="bullet">

 User settings management</entry>
<entry level="1" type="bullet">

 Storage management (saving and loading any kind of data)</entry>
<entry level="1" type="bullet">

 Window management</entry>
<entry level="1" type="bullet">

 Wizard framework (supports step-by-step dialogs)</entry>
</list>
</p>

</sec>
<sec>
<st>
 The NetBeans IDE </st>
<p>

The <b>NetBeans IDE</b> is an <link xlink:type="simple" xlink:href="../758/18938758.xml">
open-source</link> integrated development environment written entirely in Java using the NetBeans Platform. NetBeans IDE supports development of all Java application types (<link xlink:type="simple" xlink:href="../871/42871.xml">
J2SE</link>, <link xlink:type="simple" xlink:href="../311/288311.xml">
web</link>, <link xlink:type="simple" xlink:href="../750/42750.xml">
EJB</link> and <link xlink:type="simple" xlink:href="../368/182368.xml">
mobile</link> applications) out of the box. Among other features are an <structure wordnetid="104341686" confidence="0.8">
<artifact wordnetid="100021939" confidence="0.8">
<instrumentality wordnetid="103575240" confidence="0.8">
<area wordnetid="102735688" confidence="0.8">
<tool wordnetid="104451818" confidence="0.8">
<library wordnetid="103660909" confidence="0.8">
<implement wordnetid="103563967" confidence="0.8">
<room wordnetid="104105893" confidence="0.8">
<link xlink:type="simple" xlink:href="../891/438891.xml">
Ant</link></room>
</implement>
</library>
</tool>
</area>
</instrumentality>
</artifact>
</structure>
-based project system, <link xlink:type="simple" xlink:href="../955/55955.xml">
version control</link> and <link xlink:type="simple" xlink:href="../871/25871.xml">
refactoring</link>.</p>
<p>

<b>Modularity</b>: All the functions of the IDE are provided by modules. Each module provides a well defined function, such as support for the <message wordnetid="106598915" confidence="0.8">
<request wordnetid="106513366" confidence="0.8">
<link xlink:type="simple" xlink:href="../881/15881.xml">
Java language</link></request>
</message>
, editing, or support for the <software wordnetid="106566077" confidence="0.9508927676800064">
<link xlink:type="simple" xlink:href="../656/37656.xml">
CVS</link></software>
 versioning system. NetBeans contains all the modules needed for Java development in a single download, allowing the user to start working immediately. Modules also allow NetBeans to be extended. New features, such as support for other programming languages, can be added by installing additional modules. For instance, <link xlink:type="simple" xlink:href="../996/14107996.xml">
Sun Studio</link>, Sun Java Studio Enterprise, and <environment wordnetid="113934596" confidence="0.8">
<state wordnetid="100024720" confidence="0.8">
<situation wordnetid="113927383" confidence="0.8">
<link xlink:type="simple" xlink:href="../017/11656017.xml">
Sun Java Studio Creator</link></situation>
</state>
</environment>
 from <company wordnetid="108058098" confidence="0.8">
<institution wordnetid="108053576" confidence="0.8">
<link xlink:type="simple" xlink:href="../980/26980.xml">
Sun Microsystems</link></institution>
</company>
 are all based on the NetBeans IDE.</p>
<p>

<b>License</b>: From July 2006 through 2007, NetBeans IDE was licensed under Sun's <link xlink:type="simple" xlink:href="../631/1245631.xml">
Common Development and Distribution License</link> (CDDL), a license based on the <link xlink:type="simple" xlink:href="../528/608528.xml">
Mozilla Public License</link> (MPL). In October 2007, Sun announced that NetBeans would henceforth be offered under a <link xlink:type="simple" xlink:href="../366/2266366.xml">
dual license</link> of the CDDL and the <link xlink:type="simple" xlink:href="../683/18938683.xml">
GPL</link> version 2 licences, with the <link xlink:type="simple" xlink:href="../406/390406.xml">
GPL linking exception</link> for <structure wordnetid="104341686" confidence="0.8">
<artifact wordnetid="100021939" confidence="0.8">
<area wordnetid="102735688" confidence="0.8">
<library wordnetid="103660909" confidence="0.8">
<room wordnetid="104105893" confidence="0.8">
<link xlink:type="simple" xlink:href="../419/390419.xml">
GNU Classpath</link></room>
</library>
</area>
</artifact>
</structure>
<ref xlink:type="simple" xlink:href="#xpointer(//reflist/entry[@id=%226%22])">6</ref></p>

</sec>
<sec>
<st>
 NetBeans integrated modules </st>
<p>

These modules are part of the core Netbeans IDE.</p>

<ss1>
<st>
 NetBeans Profiler </st>
<p>

The <b>NetBeans Profiler</b><ref xlink:type="simple" xlink:href="#xpointer(//reflist/entry[@id=%227%22])">7</ref> is a tool for the monitoring of Java applications: It helps you find memory leaks and optimize speed. Formerly downloaded separately, it is integrated into the core IDE since version 6.0.</p>
<p>

The <link xlink:type="simple" xlink:href="../080/2310080.xml">
Profiler</link> is based on a Sun Laboratories research project that was named JFluid. That research uncovered specific techniques that can be used to lower the overhead of profiling a Java application. One of those techniques is dynamic bytecode instrumentation, which is particularly useful for profiling large Java applications. Using dynamic bytecode instrumentation and additional algorithms, the NetBeans Profiler is able to obtain runtime information on applications that are too large or complex for other profilers. NetBeans also support Profiling Points that let you profile precise points of execution and measure execution time.</p>

</ss1>
<ss1>
<st>
 GUI design tool </st>
<p>

Formerly known as <it>project Matisse</it>, the GUI design-tool enables developers to prototype and design <link xlink:type="simple" xlink:href="../441/269441.xml">
Swing</link> <link xlink:type="simple" xlink:href="../293/12293.xml">
GUIs</link> by dragging and positioning GUI components <ref xlink:type="simple" xlink:href="#xpointer(//reflist/entry[@id=%228%22])">8</ref>.</p>
<p>

The GUI builder has also built-in support for JSR 296 (<message wordnetid="106598915" confidence="0.8">
<request wordnetid="106513366" confidence="0.8">
<link xlink:type="simple" xlink:href="../391/10402391.xml">
Swing Application Framework</link></request>
</message>
), and JSR 295 (Beans Binding technology).</p>

</ss1>
<ss1>
<st>
 NetBeans JavaScript Editor </st>
<p>

NetBeans JavaScript Editor provides extended support for <link xlink:type="simple" xlink:href="../845/9845.xml">
Javascript</link> and <link xlink:type="simple" xlink:href="../013/164013.xml">
CSS</link><ref xlink:type="simple" xlink:href="#xpointer(//reflist/entry[@id=%229%22])">9</ref><ref xlink:type="simple" xlink:href="#xpointer(//reflist/entry[@id=%2210%22])">10</ref>.</p>
<p>

Features comprise:</p>
<p>

<list>
<entry level="1" type="number">

 JavaScript editor:</entry>
<entry level="2" type="bullet">

 <link xlink:type="simple" xlink:href="../079/265079.xml">
syntax highlighting</link>,</entry>
<entry level="2" type="bullet">

 <word wordnetid="106286395" confidence="0.8">
<part wordnetid="113809207" confidence="0.8">
<neologism wordnetid="106294441" confidence="0.8">
<language_unit wordnetid="106284225" confidence="0.8">
<link xlink:type="simple" xlink:href="../871/25871.xml">
refactoring</link></language_unit>
</neologism>
</part>
</word>
,</entry>
<entry level="2" type="bullet">

 <idea wordnetid="105833840" confidence="0.8">
<concept wordnetid="105835747" confidence="0.8">
<property wordnetid="105849040" confidence="0.8">
<feature wordnetid="105849789" confidence="0.8">
<link xlink:type="simple" xlink:href="../025/669025.xml">
code completion</link></feature>
</property>
</concept>
</idea>
 for native objects and functions,</entry>
<entry level="2" type="bullet">

 all NetBeans editor's features,</entry>
<entry level="2" type="bullet">

 generation of JavaScript class skeleton,</entry>
<entry level="2" type="bullet">

 generation of <word wordnetid="106286395" confidence="0.8">
<part wordnetid="113809207" confidence="0.8">
<neologism wordnetid="106294441" confidence="0.8">
<language_unit wordnetid="106284225" confidence="0.8">
<link xlink:type="simple" xlink:href="../950/1610950.xml">
AJAX</link></language_unit>
</neologism>
</part>
</word>
 <link xlink:type="simple" xlink:href="../246/645246.xml">
callback</link> from a template;</entry>
<entry level="2" type="bullet">

 <link xlink:type="simple" xlink:href="../845/9845.xml#xpointer(//*[./st=%22Compatibility+considerations%22])">
browser compatibility</link> check;</entry>
<entry level="1" type="number">

 CSS editor:</entry>
<entry level="2" type="bullet">

 <idea wordnetid="105833840" confidence="0.8">
<concept wordnetid="105835747" confidence="0.8">
<property wordnetid="105849040" confidence="0.8">
<feature wordnetid="105849789" confidence="0.8">
<link xlink:type="simple" xlink:href="../025/669025.xml">
code completion</link></feature>
</property>
</concept>
</idea>
 for styles names,</entry>
<entry level="2" type="bullet">

 quick navigation through the navigator panel,</entry>
<entry level="2" type="bullet">

 display CSS rule declaration in a List View,</entry>
<entry level="2" type="bullet">

 display file structure in a Tree View,</entry>
<entry level="2" type="bullet">

 sort the outline view by name, type or declaration order (List &amp; Tree),</entry>
<entry level="2" type="bullet">

 create rule declaration (Tree only),</entry>
<entry level="2" type="bullet">

 refactor a part of a rule name (Tree only).</entry>
</list>
</p>

</ss1>
</sec>
<sec>
<st>
 NetBeans IDE Download Bundles </st>
<p>

Users can choose to download NetBeans IDE bundles tailored to specific development needs. With the exception of the NetBeans IDE 6.1 Early Access for PHP bundle, users can download and install all other features at a later date directly through the NetBeans IDE.</p>

<ss1>
<st>
 NetBeans IDE Bundle for Web &amp; Java EE </st>

<p>

The <b>NetBeans IDE Bundle for Web &amp; Java EE</b><ref xlink:type="simple" xlink:href="#xpointer(//reflist/entry[@id=%2211%22])">11</ref> provides tools for building all Java EE components, including Enterprise Java Beans (EJBs), web pages, servlets, and web services.</p>
<p>

The bundle also includes an easy and intuitive drag and drop interface for developers to create rich UIs for web development. These components are based on <message wordnetid="106598915" confidence="0.8">
<model wordnetid="105890249" confidence="0.8">
<idea wordnetid="105833840" confidence="0.8">
<concept wordnetid="105835747" confidence="0.8">
<request wordnetid="106513366" confidence="0.8">
<hypothesis wordnetid="105888929" confidence="0.8">
<link xlink:type="simple" xlink:href="../564/422564.xml">
 JSF</link></hypothesis>
</request>
</concept>
</idea>
</model>
</message>
 and help in easy development for user interfaces. This visual web pack is considered to be a much better and improved version with a lot of good features compared to the previous releases of Sun Java Studio Creator.</p>
<p>

The source code for the UI component set is also open source and available for download at:
[https://woodstock.dev.java.net/ https://woodstock.dev.java.net/]</p>

</ss1>
<ss1>
<st>
 NetBeans IDE Bundle for Ruby </st>
<p>

The <b>NetBeans IDE Bundle for Ruby</b><ref xlink:type="simple" xlink:href="#xpointer(//reflist/entry[@id=%2212%22])">12</ref> includes a Ruby editor (with code completion), debugger, and full support for Rails. Includes the JRuby runtime. Supports <physical_entity wordnetid="100001930" confidence="0.8">
<causal_agent wordnetid="100007347" confidence="0.8">
<link xlink:type="simple" xlink:href="../768/25768.xml">
Ruby</link></causal_agent>
</physical_entity>
 and <software wordnetid="106566077" confidence="0.9508927676800064">
<link xlink:type="simple" xlink:href="../859/1948859.xml">
JRuby</link></software>
, as well as <software wordnetid="106566077" confidence="0.9508927676800064">
<link xlink:type="simple" xlink:href="../401/1421401.xml">
Rails</link></software>
 for these two implementations of Ruby <weblink xlink:type="simple" xlink:href="http://www.netbeans.org/servlets/NewsItemView?newsItemID=1015">
http://www.netbeans.org/servlets/NewsItemView?newsItemID=1015</weblink> <weblink xlink:type="simple" xlink:href="http://www.infoworld.com/article/07/03/01/HNsunruby_1.html">
http://www.infoworld.com/article/07/03/01/HNsunruby_1.html</weblink>.</p>
<p>

The bundle for Ruby includes:
<list>
<entry level="1" type="bullet">

 basic editing,</entry>
<entry level="1" type="bullet">

 syntax highlighting for Ruby</entry>
<entry level="1" type="bullet">

 code completion,</entry>
<entry level="1" type="bullet">

 occurrence highlighting,</entry>
<entry level="1" type="bullet">

 integrated documentation pop-ups for Ruby API calls,</entry>
<entry level="1" type="bullet">

 semantic analysis with highlighting of parameters and unused local variables,</entry>
<entry level="1" type="bullet">

 Ruby code debugging.</entry>
</list>
</p>
<p>

It is also possible to create directly Ruby projects or <software wordnetid="106566077" confidence="0.9508927676800064">
<link xlink:type="simple" xlink:href="../401/1421401.xml">
Ruby on Rails</link></software>
 projects, using the reference Ruby implementation, or using JRuby (the Java implementation of Ruby).</p>

</ss1>
<ss1>
<st>
 NetBeans IDE Bundle for Mobility </st>
<p>

The <b>NetBeans IDE Bundle for Mobility</b> <weblink xlink:type="simple" xlink:href="http://www.netbeans.org/features/javame/index.html">
http://www.netbeans.org/features/javame/index.html</weblink> is a tool for developing applications that run on mobile devices; generally mobile phones, but this also includes entry-level <link xlink:type="simple" xlink:href="../304/23304.xml">
PDA</link>s, among others.</p>
<p>

The Mobility Pack can be used to write, test, and debug applications for the <link xlink:type="simple" xlink:href="../870/42870.xml">
Java Micro Edition</link> platform (Java ME platform) technology-enabled mobile devices. It integrates support for the <message wordnetid="106598915" confidence="0.8">
<request wordnetid="106513366" confidence="0.8">
<link xlink:type="simple" xlink:href="../239/395239.xml">
Mobile Information Device Profile</link></request>
</message>
 (MIDP) 2.0, the <message wordnetid="106598915" confidence="0.8">
<request wordnetid="106513366" confidence="0.8">
<link xlink:type="simple" xlink:href="../988/417988.xml">
Connected Limited Device Configuration</link></request>
</message>
 (CLDC) 1.1, and <message wordnetid="106598915" confidence="0.8">
<request wordnetid="106513366" confidence="0.8">
<link xlink:type="simple" xlink:href="../983/417983.xml">
Connected Device Configuration</link></request>
</message>
 (CDC). One can easily integrate third-party emulators for a robust testing environment. Currently, the pack is available as two separate clusters, one covering CDC and the other, CLDC devices.</p>

</ss1>
<ss1>
<st>
 NetBeans IDE Bundle for C/C++ </st>
<p>

<image width="250px" src="NetBeansCppScreenshot.png" type="thumb">
<caption>

Netbeans 6.5 Beta 1 debugging a C++ application with NetBeans C/C++ Pack &amp; <physical_entity wordnetid="100001930" confidence="0.8">
<communicator wordnetid="109610660" confidence="0.8">
<person wordnetid="100007846" confidence="0.8">
<copycat wordnetid="109964411" confidence="0.8">
<compiler wordnetid="109946957" confidence="0.8">
<causal_agent wordnetid="100007347" confidence="0.8">
<writer wordnetid="110794014" confidence="0.8">
<link xlink:type="simple" xlink:href="../840/6840.xml">
The Cygwin Compiler</link></writer>
</causal_agent>
</compiler>
</copycat>
</person>
</communicator>
</physical_entity>
, In <version wordnetid="107173585" confidence="0.9508927676800064">
<link xlink:type="simple" xlink:href="../879/33879.xml">
Microsoft Windows XP</link></version>
.
</caption>
</image>

The <b>NetBeans IDE Bundle for C/C++</b><ref xlink:type="simple" xlink:href="#xpointer(//reflist/entry[@id=%2213%22])">13</ref> adds support for C/C++ developers to NetBeans IDE 5.5.</p>
<p>

This pack lets C/C++ developers use their specified set of compilers and tools in conjunction with NetBeans IDE to build native applications for e.g. MS Windows, Linux, and Solaris. The pack makes the editor language-aware for C/C++, and provides project templates, a dynamic class browser, make file support, and debugger functionality. Developers can also extend the pack with their own additional functionalities. The NetBeans C\C++ bundle does not include a C\C++ compiler. However, Sun Microsystems has a page with instructions on how to install a free GNU C\C++ Compiler.</p>

</ss1>
<ss1>
<st>
 NetBeans IDE Bundle for PHP </st>
<p>

On August 18th 2008, <company wordnetid="108058098" confidence="0.8">
<institution wordnetid="108053576" confidence="0.8">
<link xlink:type="simple" xlink:href="../980/26980.xml">
Sun Microsystems</link></institution>
</company>
 released Netbeans 6.5 Beta, with support for <physical_entity wordnetid="100001930" confidence="0.8">
<communicator wordnetid="109610660" confidence="0.8">
<person wordnetid="100007846" confidence="0.8">
<compiler wordnetid="109946957" confidence="0.8">
<causal_agent wordnetid="100007347" confidence="0.8">
<language wordnetid="106282651" confidence="0.8">
<writer wordnetid="110794014" confidence="0.8">
<link xlink:type="simple" xlink:href="../131/24131.xml">
PHP</link></writer>
</language>
</causal_agent>
</compiler>
</person>
</communicator>
</physical_entity>
 editing and debugging.</p>

</ss1>
<ss1>
<st>
 NetBeans IDE Complete Bundle </st>
<p>

<company wordnetid="108058098" confidence="0.8">
<institution wordnetid="108053576" confidence="0.8">
<link xlink:type="simple" xlink:href="../980/26980.xml">
Sun Microsystems</link></institution>
</company>
 also releases a Version of NetBeans that include all of the features of tha above bundles.
This Includes:
<list>
<entry level="1" type="bullet">

 NetBeans Base IDE</entry>
<entry level="1" type="bullet">

 Java SE</entry>
<entry level="1" type="bullet">

 Web &amp; Java EE</entry>
<entry level="1" type="bullet">

 Mobility</entry>
<entry level="1" type="bullet">

 SOA</entry>
<entry level="1" type="bullet">

 Ruby</entry>
<entry level="1" type="bullet">

 C/C++ (Compiler Distributed Seprately)</entry>
<entry level="1" type="bullet">

 PHP (Version 6.5 and later)</entry>
<entry level="1" type="bullet">

 GlassFish</entry>
<entry level="1" type="bullet">

 Apache Tomcat</entry>
</list>
</p>

</ss1>
<ss1>
<st>
 NetBeans IDE Starter Kit </st>
<p>

<company wordnetid="108058098" confidence="0.8">
<institution wordnetid="108053576" confidence="0.8">
<link xlink:type="simple" xlink:href="../980/26980.xml">
Sun Microsystems</link></institution>
</company>
 used to offer a free DVD-ROM which included all of the components needed to run NetBeans. However, the DVD is no longer available, as Sun is evaluating more efficient ways of distributing the software, which is to include an ISO of the DVD available for download.<ref xlink:type="simple" xlink:href="#xpointer(//reflist/entry[@id=%2214%22])">14</ref></p>

</ss1>
</sec>
<sec>
<st>
 Localization </st>
<p>

As of January <link xlink:type="simple" xlink:href="../165/36165.xml">
2007</link>, <link xlink:type="simple" xlink:href="../949/261949.xml">
Simplified Chinese</link>, <W wordnetid="106833544" confidence="0.9508927676800064">
<link xlink:type="simple" xlink:href="../210/266210.xml">
Traditional Chinese</link></W>
, <language wordnetid="106282651" confidence="0.9508927676800064">
<link xlink:type="simple" xlink:href="../884/11884.xml">
German</link></language>
, <language wordnetid="106282651" confidence="0.9508927676800064">
<link xlink:type="simple" xlink:href="../606/15606.xml">
Japanese</link></language>
, <language wordnetid="106282651" confidence="0.9508927676800064">
<link xlink:type="simple" xlink:href="../915/23915.xml">
Portuguese</link></language>
 (Brazil) and <language wordnetid="106282651" confidence="0.9508927676800064">
<link xlink:type="simple" xlink:href="../825/26825.xml">
Spanish language</link></language>
 packs are available for Netbeans 5.5.1.<weblink xlink:type="simple" xlink:href="http://www.netbeans.org/servlets/NewsItemView?newsItemID=1056">
http://www.netbeans.org/servlets/NewsItemView?newsItemID=1056</weblink></p>
<p>

<language wordnetid="106282651" confidence="0.9508927676800064">
<link xlink:type="simple" xlink:href="../550/18940550.xml">
Albanian</link></language>
, <language wordnetid="106282651" confidence="0.9508927676800064">
<link xlink:type="simple" xlink:href="../825/192825.xml">
Azerbaijani</link></language>
, <language wordnetid="106282651" confidence="0.9508927676800064">
<link xlink:type="simple" xlink:href="../343/6343.xml">
Czech</link></language>
, <language wordnetid="106282651" confidence="0.9508927676800064">
<link xlink:type="simple" xlink:href="../433/8433.xml">
Dutch</link></language>
, <language wordnetid="106282651" confidence="0.8">
<link xlink:type="simple" xlink:href="../597/10597.xml">
French</link></language>
, <language wordnetid="106282651" confidence="0.9508927676800064">
<link xlink:type="simple" xlink:href="../887/11887.xml">
Greek</link></language>
, <language wordnetid="106282651" confidence="0.9508927676800064">
<link xlink:type="simple" xlink:href="../042/37042.xml">
Indonesian</link></language>
, <language wordnetid="106282651" confidence="0.9508927676800064">
<link xlink:type="simple" xlink:href="../708/14708.xml">
Italian</link></language>
 and <language wordnetid="106282651" confidence="0.9508927676800064">
<link xlink:type="simple" xlink:href="../689/26689.xml">
Swedish language</link></language>
 packs are in progress.</p>

</sec>
<sec>
<st>
 References </st>

<p>

<reflist>
<entry id="1">
<weblink xlink:type="simple" xlink:href="http://platform.netbeans.org/tutorials/">
platform: NetBeans Modules and Rich-Client Applications Learning Trail</weblink></entry>
<entry id="2">
"<weblink xlink:type="simple" xlink:href="http://www.xelfi.cz/">
original Xelfi homepage</weblink>".&#32;Retrieved on <link>
2008-05-17</link>.</entry>
<entry id="3">
"<weblink xlink:type="simple" xlink:href="http://www.netbeans.org/community/articles/interviews/yarda-tulach.html">
Happy Birthday NetBeans - interview with Jaroslav "Yarda" Tulach</weblink>".&#32;  Netbeans.org.&#32;Retrieved on <link>
2008-05-17</link>.</entry>
<entry id="4">
"<weblink xlink:type="simple" xlink:href="http://www.netbeans.org/about/history.html">
A Brief History of NetBeans</weblink>".&#32;  Netbeans.org.&#32;Retrieved on <link>
2008-05-17</link>.</entry>
<entry id="5">
"<weblink xlink:type="simple" xlink:href="http://www.sun.com/aboutsun/pr/2008-04/sunflash.20080430.1.xml">
Open Source Java Technology Debuts In GNU/Linux Distributions</weblink>".&#32;  Sun Microsystems.&#32;Retrieved on <link>
2008-05-02</link>.</entry>
<entry id="6">
<weblink xlink:type="simple" xlink:href="http://www.netbeans.org/gplv2-faqs.html">
Why dual license Netbeans faq</weblink></entry>
<entry id="7">
"<weblink xlink:type="simple" xlink:href="http://profiler.netbeans.org/">
Profiler</weblink>".&#32;  Netbeans.org.&#32;Retrieved on <link>
2008-05-17</link>.</entry>
<entry id="8">
"<weblink xlink:type="simple" xlink:href="http://www.netbeans.org/features/java/swing.html">
Swing GUI Builder (formerly Project Matisse)</weblink>".&#32;  Netbeans.org.&#32;Retrieved on <link>
2008-05-17</link>.</entry>
<entry id="9">
"<weblink xlink:type="simple" xlink:href="http://wiki.netbeans.org/JavaScript">
Javascript</weblink>".&#32;  Netbeans wiki&#32;(<link>
2007-03-31</link>).&#32;Retrieved on <link>
2008-04-19</link>.</entry>
<entry id="10">
"<weblink xlink:type="simple" xlink:href="http://www.netbeans.org/features/web/web-app.html">
Java Web Applications</weblink>".&#32;  Netbeans.org.&#32;Retrieved on <link>
2008-04-19</link>.</entry>
<entry id="11">
"<weblink xlink:type="simple" xlink:href="http://www.netbeans.org/features/web/index.html">
Web &amp; Java EE</weblink>".&#32;  Netbeans.org.&#32;Retrieved on <link>
2008-05-17</link>.</entry>
<entry id="12">
"<weblink xlink:type="simple" xlink:href="http://www.netbeans.org/features/ruby/index.html">
Ruby</weblink>".&#32;  Netbeans.org.&#32;Retrieved on <link>
2008-05-17</link>.</entry>
<entry id="13">
"<weblink xlink:type="simple" xlink:href="http://www.netbeans.org/features/cpp/index.html">
C/C++ Development</weblink>".&#32;  Netbeans.org.&#32;Retrieved on <link>
2008-05-17</link>.</entry>
<entry id="14">
<weblink xlink:type="simple" xlink:href="http://www.netbeans.org/about/media.html">
NetBeans DVD Starter Kit Program</weblink></entry>
</reflist>
</p>

</sec>
<sec>
<st>
 See also </st>
<p>

<list>
<entry level="1" type="bullet">

 <company wordnetid="108058098" confidence="0.8">
<institution wordnetid="108053576" confidence="0.8">
<link xlink:type="simple" xlink:href="../980/26980.xml">
Sun Microsystems</link></institution>
</company>
</entry>
<entry level="1" type="bullet">

 <link xlink:type="simple" xlink:href="../203/5365203.xml">
NetBeans BlueJ Edition</link></entry>
<entry level="1" type="bullet">

 <link xlink:type="simple" xlink:href="../283/6444283.xml">
Comparison of integrated development environments</link></entry>
<entry level="1" type="bullet">

 <link xlink:type="simple" xlink:href="../958/216958.xml">
Eclipse IDE</link></entry>
</list>
</p>

</sec>
<sec>
<st>
 External links </st>

<p>

<list>
<entry level="1" type="bullet">

 <weblink xlink:type="simple" xlink:href="http://www.netbeans.org/">
Official site</weblink></entry>
<entry level="1" type="bullet">

 <weblink xlink:type="simple" xlink:href="http://www.planetnetbeans.org/">
Blogs about NetBeans</weblink></entry>
<entry level="1" type="bullet">

 <weblink xlink:type="simple" xlink:href="http://www.nbextras.org/">
NB Extras</weblink> to extend IDE functionality</entry>
<entry level="1" type="bullet">

 <weblink xlink:type="simple" xlink:href="http://www.codebeamer.com/">
codeBeamer</weblink> module for Collaborative Software Development</entry>
<entry level="1" type="bullet">

 <weblink xlink:type="simple" xlink:href="http://www.techienuggets.com/">
Netbeans Archived User Forums</weblink></entry>
<entry level="1" type="bullet">

 [https://ajaxnetbeans.dev.java.net/?utm_source=wiki_en_nt&amp;utm_medium=link ajaxnetbeans.dev.java.net] This is a project hosted by java.net, with different Ajax samples in NetBeans project ready, so that people can build and run the applications with minimum effort.</entry>
<entry level="1" type="bullet">

 <weblink xlink:type="simple" xlink:href="http://www.idapython.narod.ru/">
NetbeansIDA-Interactive DisassemblerToDecompiler</weblink> Netbeans module with <link xlink:type="simple" xlink:href="../322/852322.xml">
Interactive Disassembler</link></entry>
<entry level="1" type="bullet">

 (Russian)<weblink xlink:type="simple" xlink:href="http://rubyclub.com.ua/NetBeans-for-ruby-on-rails-beginers.htm">
NetBeans for ruby on rails beginners </weblink></entry>
<entry level="1" type="bullet">

 <weblink xlink:type="simple" xlink:href="http://www.sun.com/service/developer/index.jsp">
Developer Support Services from Sun Microsystems</weblink></entry>
</list>
</p>

<p>

<table style=";" class="navbox" cellspacing="0">
<row>
<col style="padding:2px;">
<table style="width:100%;background:transparent;color:inherit;;" class="nowraplinks collapsible autocollapse " cellspacing="0">
<row>
<header colspan="2" style=";" class="navbox-title">
<company wordnetid="108058098" confidence="0.8">
<institution wordnetid="108053576" confidence="0.8">
<link xlink:type="simple" xlink:href="../980/26980.xml">
Sun Microsystems</link></institution>
</company>
</header>
</row>
<row style="height:2px;">

</row>
<row>
<col style=";;" class="navbox-group">
Hardware</col>
<col style="text-align:left;border-left:2px solid #fdfdfd;width:100%;padding:0px;;;" class="navbox-list navbox-odd">
<computer wordnetid="103082979" confidence="0.8">
<artifact wordnetid="100021939" confidence="0.8">
<instrumentality wordnetid="103575240" confidence="0.8">
<device wordnetid="103183080" confidence="0.8">
<machine wordnetid="103699975" confidence="0.8">
<digital_computer wordnetid="103196324" confidence="0.8">
<workstation wordnetid="104603399" confidence="0.8">
<link xlink:type="simple" xlink:href="../020/4003020.xml">
Sun-1</link></workstation>
</digital_computer>
</machine>
</device>
</instrumentality>
</artifact>
</computer>
&nbsp;·  <computer wordnetid="103082979" confidence="0.8">
<artifact wordnetid="100021939" confidence="0.8">
<instrumentality wordnetid="103575240" confidence="0.8">
<device wordnetid="103183080" confidence="0.8">
<machine wordnetid="103699975" confidence="0.8">
<digital_computer wordnetid="103196324" confidence="0.8">
<workstation wordnetid="104603399" confidence="0.8">
<link xlink:type="simple" xlink:href="../050/3997050.xml">
Sun-2</link></workstation>
</digital_computer>
</machine>
</device>
</instrumentality>
</artifact>
</computer>
&nbsp;·  <computer wordnetid="103082979" confidence="0.8">
<artifact wordnetid="100021939" confidence="0.8">
<instrumentality wordnetid="103575240" confidence="0.8">
<device wordnetid="103183080" confidence="0.8">
<machine wordnetid="103699975" confidence="0.8">
<digital_computer wordnetid="103196324" confidence="0.8">
<workstation wordnetid="104603399" confidence="0.8">
<link xlink:type="simple" xlink:href="../743/3984743.xml">
Sun-3</link></workstation>
</digital_computer>
</machine>
</device>
</instrumentality>
</artifact>
</computer>
&nbsp;·  <computer wordnetid="103082979" confidence="0.8">
<artifact wordnetid="100021939" confidence="0.8">
<instrumentality wordnetid="103575240" confidence="0.8">
<device wordnetid="103183080" confidence="0.8">
<machine wordnetid="103699975" confidence="0.8">
<digital_computer wordnetid="103196324" confidence="0.8">
<workstation wordnetid="104603399" confidence="0.8">
<link xlink:type="simple" xlink:href="../710/4029710.xml">
Sun386i</link></workstation>
</digital_computer>
</machine>
</device>
</instrumentality>
</artifact>
</computer>
&nbsp;·  <computer wordnetid="103082979" confidence="0.8">
<artifact wordnetid="100021939" confidence="0.8">
<instrumentality wordnetid="103575240" confidence="0.8">
<device wordnetid="103183080" confidence="0.8">
<machine wordnetid="103699975" confidence="0.8">
<digital_computer wordnetid="103196324" confidence="0.8">
<workstation wordnetid="104603399" confidence="0.8">
<link xlink:type="simple" xlink:href="../293/3973293.xml">
Sun-4</link></workstation>
</digital_computer>
</machine>
</device>
</instrumentality>
</artifact>
</computer>
&nbsp;·  <computer wordnetid="103082979" confidence="0.8">
<artifact wordnetid="100021939" confidence="0.8">
<instrumentality wordnetid="103575240" confidence="0.8">
<device wordnetid="103183080" confidence="0.8">
<machine wordnetid="103699975" confidence="0.8">
<digital_computer wordnetid="103196324" confidence="0.8">
<workstation wordnetid="104603399" confidence="0.8">
<link xlink:type="simple" xlink:href="../237/2223237.xml">
SPARCstation</link></workstation>
</digital_computer>
</machine>
</device>
</instrumentality>
</artifact>
</computer>
&nbsp;·  <computer wordnetid="103082979" confidence="0.8">
<artifact wordnetid="100021939" confidence="0.8">
<instrumentality wordnetid="103575240" confidence="0.8">
<device wordnetid="103183080" confidence="0.8">
<machine wordnetid="103699975" confidence="0.8">
<digital_computer wordnetid="103196324" confidence="0.8">
<workstation wordnetid="104603399" confidence="0.8">
<link xlink:type="simple" xlink:href="../379/2255379.xml">
Sun Ultra series</link></workstation>
</digital_computer>
</machine>
</device>
</instrumentality>
</artifact>
</computer>
&nbsp;·  <link xlink:type="simple" xlink:href="../229/435229.xml">
Sun Enterprise</link>&nbsp;·  <link xlink:type="simple" xlink:href="../820/2262820.xml">
Sun Blade</link>&nbsp;·  <link xlink:type="simple" xlink:href="../699/2262699.xml">
Sun Fire</link>&nbsp;·   <link xlink:type="simple" xlink:href="../663/19274663.xml">
Java Workstation</link>&nbsp;·  <link xlink:type="simple" xlink:href="../465/10818465.xml">
SPARC Enterprise</link>&nbsp;·  <link xlink:type="simple" xlink:href="../615/2580615.xml">
UltraSPARC T1</link> / <link xlink:type="simple" xlink:href="../717/4776717.xml">
UltraSPARC T2</link> &nbsp;·  <link xlink:type="simple" xlink:href="../954/36954.xml">
SPARC</link>&nbsp;·  <computer wordnetid="103082979" confidence="0.8">
<artifact wordnetid="100021939" confidence="0.8">
<instrumentality wordnetid="103575240" confidence="0.8">
<device wordnetid="103183080" confidence="0.8">
<machine wordnetid="103699975" confidence="0.8">
<digital_computer wordnetid="103196324" confidence="0.8">
<workstation wordnetid="104603399" confidence="0.8">
<link xlink:type="simple" xlink:href="../279/2737279.xml">
JavaStation</link></workstation>
</digital_computer>
</machine>
</device>
</instrumentality>
</artifact>
</computer>
&nbsp;·  <physical_entity wordnetid="100001930" confidence="0.8">
<person wordnetid="100007846" confidence="0.8">
<client wordnetid="109985075" confidence="0.8">
<causal_agent wordnetid="100007347" confidence="0.8">
<case wordnetid="109898892" confidence="0.8">
<link xlink:type="simple" xlink:href="../110/1814110.xml">
Sun Ray</link></case>
</causal_agent>
</client>
</person>
</physical_entity>
&nbsp;·  <link xlink:type="simple" xlink:href="../014/7542014.xml">
Sun Modular Datacenter</link>&nbsp;·  <link xlink:type="simple" xlink:href="../187/4583187.xml">
Sun Grid</link>&nbsp;·  <substance wordnetid="100019613" confidence="0.8">
<part wordnetid="113809207" confidence="0.8">
<material wordnetid="114580897" confidence="0.8">
<link xlink:type="simple" xlink:href="../537/4406537.xml">
Sun SPOT</link></material>
</part>
</substance>
</col>
</row>
<row style="height:2px">

</row>
<row>
<col style=";;" class="navbox-group">
General Software</col>
<col style="text-align:left;border-left:2px solid #fdfdfd;width:100%;padding:0px;;;" class="navbox-list navbox-even">
<message wordnetid="106598915" confidence="0.8">
<information wordnetid="106634376" confidence="0.8">
<electronic_database wordnetid="106588511" confidence="0.8">
<lexical_database wordnetid="106638868" confidence="0.8">
<wordnet wordnetid="106639428" confidence="0.8">
<database wordnetid="106637824" confidence="0.8">
<link xlink:type="simple" xlink:href="../145/46145.xml">
Solaris</link></database>
</wordnet>
</lexical_database>
</electronic_database>
</information>
</message>
 / <link xlink:type="simple" xlink:href="../658/1178658.xml">
OpenSolaris</link> / <O wordnetid="106832680" confidence="0.9508927676800064">
<link xlink:type="simple" xlink:href="../071/29071.xml">
SunOS</link></O>
&nbsp;·  <software wordnetid="106566077" confidence="0.9508927676800064">
<link xlink:type="simple" xlink:href="../229/68229.xml">
StarOffice</link></software>
 / <software wordnetid="106566077" confidence="0.9508927676800064">
<link xlink:type="simple" xlink:href="../227/68227.xml">
OpenOffice.org</link></software>
&nbsp;·  <software wordnetid="106566077" confidence="0.9508927676800064">
<link xlink:type="simple" xlink:href="../018/417018.xml">
Java Desktop System</link></software>
&nbsp;·  <link xlink:type="simple" xlink:href="../908/9939908.xml">
Sun Secure Global Desktop</link>&nbsp;· <message wordnetid="106598915" confidence="0.8">
<protocol wordnetid="106665108" confidence="0.8">
<direction wordnetid="106786629" confidence="0.8">
<rule wordnetid="106652242" confidence="0.8">
<link xlink:type="simple" xlink:href="../252/51252.xml">
Network File System</link></rule>
</direction>
</protocol>
</message>
&nbsp;·  <system wordnetid="104377057" confidence="0.8">
<artifact wordnetid="100021939" confidence="0.8">
<instrumentality wordnetid="103575240" confidence="0.8">
<link xlink:type="simple" xlink:href="../844/216844.xml">
NIS</link></instrumentality>
</artifact>
</system>
 / <system wordnetid="104377057" confidence="0.8">
<artifact wordnetid="100021939" confidence="0.8">
<instrumentality wordnetid="103575240" confidence="0.8">
<link xlink:type="simple" xlink:href="../459/1675459.xml">
NIS+</link></instrumentality>
</artifact>
</system>
&nbsp;·  <software wordnetid="106566077" confidence="0.9508927676800064">
<link xlink:type="simple" xlink:href="../828/217828.xml">
JXTA</link></software>
&nbsp;·  <link xlink:type="simple" xlink:href="../658/2328658.xml">
JavaDB</link>&nbsp;·  <system wordnetid="104377057" confidence="0.8">
<artifact wordnetid="100021939" confidence="0.8">
<instrumentality wordnetid="103575240" confidence="0.8">
<link xlink:type="simple" xlink:href="../545/19545.xml">
MySQL</link></instrumentality>
</artifact>
</system>
&nbsp;·  <structure wordnetid="104341686" confidence="0.8">
<artifact wordnetid="100021939" confidence="0.8">
<area wordnetid="102735688" confidence="0.8">
<library wordnetid="103660909" confidence="0.8">
<room wordnetid="104105893" confidence="0.8">
<link xlink:type="simple" xlink:href="../635/11303635.xml">
Java Class Library</link></room>
</library>
</area>
</artifact>
</structure>
 (<format wordnetid="106636806" confidence="0.9508927676800064">
<link xlink:type="simple" xlink:href="../609/265609.xml">
jar</link></format>
)</col>
</row>
<row style="height:2px">

</row>
<row>
<col style=";;" class="navbox-group">
Software Development</col>
<col style="text-align:left;border-left:2px solid #fdfdfd;width:100%;padding:0px;;;" class="navbox-list navbox-odd">
<link xlink:type="simple" xlink:href="../446/4718446.xml">
Java</link> (<message wordnetid="106598915" confidence="0.8">
<request wordnetid="106513366" confidence="0.8">
<link xlink:type="simple" xlink:href="../881/15881.xml">
language</link></request>
</message>
&nbsp;·  <message wordnetid="106598915" confidence="0.8">
<artifact wordnetid="100021939" confidence="0.8">
<instrumentality wordnetid="103575240" confidence="0.8">
<request wordnetid="106513366" confidence="0.8">
<device wordnetid="103183080" confidence="0.8">
<machine wordnetid="103699975" confidence="0.8">
<link xlink:type="simple" xlink:href="../389/16389.xml">
JVM</link></machine>
</device>
</request>
</instrumentality>
</artifact>
</message>
&nbsp;·  <link xlink:type="simple" xlink:href="../470/1165470.xml">
API</link>&nbsp;·  <link xlink:type="simple" xlink:href="../718/18392718.xml">
VisualVM</link>&nbsp;·  <link xlink:type="simple" xlink:href="../091/7585091.xml">
Squawk</link>)&nbsp;·  <software wordnetid="106566077" confidence="0.9508927676800064">
<link xlink:type="simple" xlink:href="../049/11125049.xml">
JavaFX</link></software>
&nbsp;·  <software wordnetid="106566077" confidence="0.9508927676800064">
<link xlink:type="simple" xlink:href="../178/214178.xml">
NetBeans</link></software>
&nbsp;·   <physical_entity wordnetid="100001930" confidence="0.8">
<communicator wordnetid="109610660" confidence="0.8">
<person wordnetid="100007846" confidence="0.8">
<compiler wordnetid="109946957" confidence="0.8">
<causal_agent wordnetid="100007347" confidence="0.8">
<writer wordnetid="110794014" confidence="0.8">
<link xlink:type="simple" xlink:href="../996/14107996.xml">
Sun Studio</link></writer>
</causal_agent>
</compiler>
</person>
</communicator>
</physical_entity>
 &nbsp;·  <link xlink:type="simple" xlink:href="../750/42750.xml">
EJB</link> &nbsp;·  <software wordnetid="106566077" confidence="0.8">
<application wordnetid="106570110" confidence="0.8">
<possession wordnetid="100032613" confidence="0.8">
<program wordnetid="106568978" confidence="0.8">
<written_communication wordnetid="106349220" confidence="0.8">
<writing wordnetid="106359877" confidence="0.8">
<property wordnetid="113244109" confidence="0.8">
<code wordnetid="106355894" confidence="0.8">
<coding_system wordnetid="106353757" confidence="0.8">
<link xlink:type="simple" xlink:href="../096/18865096.xml">
Zembly</link></coding_system>
</code>
</property>
</writing>
</written_communication>
</program>
</possession>
</application>
</software>
</col>
</row>
<row style="height:2px">

</row>
<row>
<col style=";;" class="navbox-group">
Server Software</col>
<col style="text-align:left;border-left:2px solid #fdfdfd;width:100%;padding:0px;;;" class="navbox-list navbox-even">
<software wordnetid="106566077" confidence="0.9508927676800064">
<link xlink:type="simple" xlink:href="../928/2625928.xml">
Sun Java System Web Server</link></software>
 &nbsp;·  <system wordnetid="104377057" confidence="0.8">
<artifact wordnetid="100021939" confidence="0.8">
<instrumentality wordnetid="103575240" confidence="0.8">
<link xlink:type="simple" xlink:href="../547/6243547.xml">
Sun Java System Directory Server</link></instrumentality>
</artifact>
</system>
 / <software wordnetid="106566077" confidence="0.9508927676800064">
<link xlink:type="simple" xlink:href="../439/8993439.xml">
OpenDS</link></software>
&nbsp;·  <link xlink:type="simple" xlink:href="../345/1614345.xml">
Sun Java System Application Server</link> / <software wordnetid="106566077" confidence="0.9508927676800064">
<link xlink:type="simple" xlink:href="../850/3077850.xml">
GlassFish</link></software>
</col>
</row>
<row style="height:2px">

</row>
<row>
<col style=";;" class="navbox-group">
Virtualization Solutions</col>
<col style="text-align:left;border-left:2px solid #fdfdfd;width:100%;padding:0px;;;" class="navbox-list navbox-odd">
<link xlink:type="simple" xlink:href="../334/5097334.xml">
Solaris Containers</link>&nbsp;·  <software wordnetid="106566077" confidence="0.9508927676800064">
<link xlink:type="simple" xlink:href="../696/14629696.xml">
Sun xVM</link></software>
&nbsp;·  <link xlink:type="simple" xlink:href="../832/10536832.xml">
Logical Domains</link>&nbsp;·   <link xlink:type="simple" xlink:href="../260/8934260.xml">
VirtualBox</link></col>
</row>
<row style="height:2px">

</row>
<row>
<col style=";;" class="navbox-group">
Enterprise Software</col>
<col style="text-align:left;border-left:2px solid #fdfdfd;width:100%;padding:0px;;;" class="navbox-list navbox-even">
<link xlink:type="simple" xlink:href="../543/7876543.xml">
Open ESB</link>&nbsp;·  <software wordnetid="106566077" confidence="0.9508927676800064">
<link xlink:type="simple" xlink:href="../179/11842179.xml">
Sun Java System Access Manager</link></software>
 / <software wordnetid="106566077" confidence="0.9508927676800064">
<link xlink:type="simple" xlink:href="../110/6743110.xml">
OpenSSO</link></software>
&nbsp;·  <link xlink:type="simple" xlink:href="../191/3185191.xml">
JES</link>&nbsp;·  <link xlink:type="simple" xlink:href="../325/2607325.xml">
Project DReaM</link></col>
</row>
<row style="height:2px">

</row>
<row>
<col style=";;" class="navbox-group">
Storage Products</col>
<col style="text-align:left;border-left:2px solid #fdfdfd;width:100%;padding:0px;;;" class="navbox-list navbox-odd">
<system wordnetid="104377057" confidence="0.8">
<artifact wordnetid="100021939" confidence="0.8">
<instrumentality wordnetid="103575240" confidence="0.8">
<link xlink:type="simple" xlink:href="../352/5203352.xml">
QFS</link></instrumentality>
</artifact>
</system>
&nbsp;·  <system wordnetid="104377057" confidence="0.8">
<artifact wordnetid="100021939" confidence="0.8">
<instrumentality wordnetid="103575240" confidence="0.8">
<link xlink:type="simple" xlink:href="../693/1205693.xml">
ZFS</link></instrumentality>
</artifact>
</system>
&nbsp;·  <artifact wordnetid="100021939" confidence="0.8">
<instrumentality wordnetid="103575240" confidence="0.8">
<device wordnetid="103183080" confidence="0.8">
<link xlink:type="simple" xlink:href="../355/18561355.xml">
Sun Open Storage</link></device>
</instrumentality>
</artifact>
</col>
</row>
<row style="height:2px">

</row>
<row>
<col style=";;" class="navbox-group">
HPC Solutions</col>
<col style="text-align:left;border-left:2px solid #fdfdfd;width:100%;padding:0px;;;" class="navbox-list navbox-even">
<link xlink:type="simple" xlink:href="../392/14403392.xml">
Sun Constellation System</link>&nbsp;·  <link xlink:type="simple" xlink:href="../629/14988629.xml">
Sun Visualization System</link>&nbsp;·   <software wordnetid="106566077" confidence="0.9508927676800064">
<link xlink:type="simple" xlink:href="../409/1056409.xml">
Sun Grid Engine</link></software>
&nbsp;·  <system wordnetid="104377057" confidence="0.8">
<artifact wordnetid="100021939" confidence="0.8">
<instrumentality wordnetid="103575240" confidence="0.8">
<link xlink:type="simple" xlink:href="../965/1778965.xml">
Lustre</link></instrumentality>
</artifact>
</system>
</col>
</row>
<row style="height:2px">

</row>
<row>
<col style=";;" class="navbox-group">
Sun Research</col>
<col style="text-align:left;border-left:2px solid #fdfdfd;width:100%;padding:0px;;;" class="navbox-list navbox-odd">
<link xlink:type="simple" xlink:href="../690/2885690.xml">
MAJC</link>&nbsp;·  <link xlink:type="simple" xlink:href="../264/14410264.xml">
Proximity communication</link>&nbsp;·  <link xlink:type="simple" xlink:href="../049/3885049.xml">
picoJava</link>&nbsp;·  <link xlink:type="simple" xlink:href="../171/1822171.xml">
Fortress</link>&nbsp;·  <software wordnetid="106566077" confidence="0.9508927676800064">
<link xlink:type="simple" xlink:href="../916/544916.xml">
Project Looking Glass</link></software>
&nbsp;·  <link xlink:type="simple" xlink:href="../619/5011619.xml">
Sun Labs</link></col>
</row>
<row style="height:2px">

</row>
<row>
<col style=";;" class="navbox-group">
Education and Recognition</col>
<col style="text-align:left;border-left:2px solid #fdfdfd;width:100%;padding:0px;;;" class="navbox-list navbox-even">
<qualification wordnetid="104717139" confidence="0.8">
<fitness wordnetid="104716864" confidence="0.8">
<suitability wordnetid="104715487" confidence="0.8">
<link xlink:type="simple" xlink:href="../717/2887717.xml">
SCP</link></suitability>
</fitness>
</qualification>
s&nbsp;·  <link xlink:type="simple" xlink:href="../036/6973036.xml">
List of notable employees</link>&nbsp;·  <environment wordnetid="113934596" confidence="0.8">
<state wordnetid="100024720" confidence="0.8">
<situation wordnetid="113927383" confidence="0.8">
<link xlink:type="simple" xlink:href="../941/998941.xml">
BlueJ</link></situation>
</state>
</environment>
</col>
</row>
<row style="height:2px">

</row>
<row>
<col style=";;" class="navbox-group">
Community</col>
<col style="text-align:left;border-left:2px solid #fdfdfd;width:100%;padding:0px;;;" class="navbox-list navbox-odd">
<message wordnetid="106598915" confidence="0.8">
<request wordnetid="106513366" confidence="0.8">
<link xlink:type="simple" xlink:href="../789/177789.xml">
Java Community Process</link></request>
</message>
&nbsp;·  <structure wordnetid="104341686" confidence="0.8">
<artifact wordnetid="100021939" confidence="0.8">
<area wordnetid="102735688" confidence="0.8">
<library wordnetid="103660909" confidence="0.8">
<room wordnetid="104105893" confidence="0.8">
<link xlink:type="simple" xlink:href="../236/8232236.xml">
OpenJDK</link></room>
</library>
</area>
</artifact>
</structure>
&nbsp;·  <chip wordnetid="103020034" confidence="0.8">
<artifact wordnetid="100021939" confidence="0.8">
<instrumentality wordnetid="103575240" confidence="0.8">
<microprocessor wordnetid="103760310" confidence="0.8">
<conductor wordnetid="103088707" confidence="0.8">
<device wordnetid="103183080" confidence="0.8">
<semiconductor_device wordnetid="104171831" confidence="0.8">
<link xlink:type="simple" xlink:href="../715/3339715.xml">
OpenSPARC</link></semiconductor_device>
</device>
</conductor>
</microprocessor>
</instrumentality>
</artifact>
</chip>
</col>
</row>
</table>
</col>
</row>
</table>
</p>



</sec>
</bdy>
</tool>
</environment>
</software>
</article>
