<?xml version="1.0" encoding="UTF-8"?>
<!-- generated by CLiX/Wiki2XML [MPI-Inf, MMCI@UdS] $LastChangedRevision: 92 $ on 16.04.2009 16:32:14[mciao0825] -->
<!DOCTYPE article SYSTEM "../article.dtd">
<article xmlns:xlink="http://www.w3.org/1999/xlink">
<physical_entity  confidence="0.8" wordnetid="100001930">
<politician  confidence="0.8" wordnetid="110451263">
<person  confidence="0.8" wordnetid="100007846">
<leader  confidence="0.8" wordnetid="109623038">
<causal_agent  confidence="0.8" wordnetid="100007347">
<header>
<title>Ben Bradshaw</title>
<id>221182</id>
<revision>
<id>243479583</id>
<timestamp>2008-10-06T18:16:22Z</timestamp>
<contributor>
<username>CmdrObot</username>
<id>1079367</id>
</contributor>
</revision>
<categories>
<category>UK MPs 2005-</category>
<category>Members of the United Kingdom Parliament for English constituencies</category>
<category>Living people</category>
<category>Labour MPs (UK)</category>
<category>LGBT Christians</category>
<category>UK MPs 1997-2001</category>
<category>UK MPs 2001-2005</category>
<category>1960 births</category>
<category>Gay politicians</category>
<category>Alumni of the University of Sussex</category>
<category>LGBT politicians from the United Kingdom</category>
<category>People from London</category>
</categories>
</header>
<bdy>
<template>
<name>Infobox MP</name>
<parameters>

<image width="150px" src="Replace_this_image_male.svg">
<caption>

Replace this image male.svg
</caption>
</image>
<successor>
Incumbent</successor>
<party>
<party wordnetid="108256968" confidence="0.9508927676800064">
<link xlink:type="simple" xlink:href="../158/19279158.xml">
Labour</link></party>
</party>
<predecessor>
<politics wordnetid="113840719" confidence="0.8">
<social_relation wordnetid="100032823" confidence="0.8">
<link xlink:type="simple" xlink:href="../124/419124.xml">
Rosie Winterton</link></social_relation>
</politics>
</predecessor>
<name>
Ben Bradshaw</name>
<office>
<physical_entity wordnetid="100001930" confidence="0.8">
<person wordnetid="100007846" confidence="0.8">
<clergyman wordnetid="109927451" confidence="0.8">
<leader wordnetid="109623038" confidence="0.8">
<spiritual_leader wordnetid="109505153" confidence="0.8">
<causal_agent wordnetid="100007347" confidence="0.8">
<curate wordnetid="109983572" confidence="0.8">
<link xlink:type="simple" xlink:href="../410/248410.xml">
Minister of State</link></curate>
</causal_agent>
</spiritual_leader>
</leader>
</clergyman>
</person>
</physical_entity>
 for <body wordnetid="107965085" confidence="0.8">
<social_group wordnetid="107950920" confidence="0.8">
<division wordnetid="108220714" confidence="0.8">
<administrative_unit wordnetid="108077292" confidence="0.8">
<priesthood wordnetid="108113443" confidence="0.8">
<occupational_group wordnetid="108403631" confidence="0.8">
<department wordnetid="108114861" confidence="0.8">
<profession wordnetid="108112096" confidence="0.8">
<ministry wordnetid="108113797" confidence="0.8">
<group wordnetid="100031264" confidence="0.8">
<link xlink:type="simple" xlink:href="../579/373579.xml">
Health</link></group>
</ministry>
</profession>
</department>
</occupational_group>
</priesthood>
</administrative_unit>
</division>
</social_group>
</body>
 Services</office>
<birth_date>
30 August 1960(1960-08-30)</birth_date>
<majority2>
7,665 (13.9%)</majority2>
<constituency_MP2>
<body wordnetid="107965085" confidence="0.8">
<social_group wordnetid="107950920" confidence="0.8">
<constituency wordnetid="108238156" confidence="0.8">
<group wordnetid="100031264" confidence="0.8">
<link xlink:type="simple" xlink:href="../633/1829633.xml">
Exeter</link></group>
</constituency>
</social_group>
</body>
</constituency_MP2>
<birth_place>
<region wordnetid="108630985" confidence="0.8">
<administrative_district wordnetid="108491826" confidence="0.8">
<location wordnetid="100027167" confidence="0.8">
<municipality wordnetid="108626283" confidence="0.8">
<geographical_area wordnetid="108574314" confidence="0.8">
<district wordnetid="108552138" confidence="0.8">
<urban_area wordnetid="108675967" confidence="0.8">
<city wordnetid="108524735" confidence="0.8">
<link xlink:type="simple" xlink:href="../060/54060.xml">
City of Westminster</link></city>
</urban_area>
</district>
</geographical_area>
</municipality>
</location>
</administrative_district>
</region>
, <village wordnetid="108672738" confidence="0.9508927676800064">
<link xlink:type="simple" xlink:href="../867/17867.xml">
London</link></village>
</birth_place>
<alma_mater>
<university wordnetid="108286163" confidence="0.9508927676800064">
<link xlink:type="simple" xlink:href="../045/32045.xml">
University of Sussex</link></university>
</alma_mater>
<predecessor2>
<person wordnetid="100007846" confidence="0.9638700866880419">
<link xlink:type="simple" xlink:href="../956/5532956.xml">
John Hannam</link></person>
</predecessor2>
<honorific-suffix>
<link xlink:type="simple" xlink:href="../066/98066.xml">
MP</link></honorific-suffix>
<nationality>
<autocracy wordnetid="108361001" confidence="0.8">
<system wordnetid="108435388" confidence="0.8">
<social_group wordnetid="107950920" confidence="0.8">
<political_orientation wordnetid="106212839" confidence="0.8">
<monarchy wordnetid="108363812" confidence="0.8">
<state wordnetid="108168978" confidence="0.8">
<political_unit wordnetid="108359949" confidence="0.8">
<political_system wordnetid="108367880" confidence="0.8">
<economy wordnetid="108366753" confidence="0.8">
<group wordnetid="100031264" confidence="0.8">
<democracy wordnetid="106217103" confidence="0.8">
<link xlink:type="simple" xlink:href="../717/31717.xml">
British</link></democracy>
</group>
</economy>
</political_system>
</political_unit>
</state>
</monarchy>
</political_orientation>
</social_group>
</system>
</autocracy>
</nationality>
<term_start2>
1 May 1997</term_start2>
<term_start>
28 June 2007</term_start>
<successor2>
<link xlink:type="simple" xlink:href="../022/364022.xml">
Incumbent</link></successor2>
<primeminister>
<chancellor wordnetid="109906986" confidence="0.9508927676800064">
<link xlink:type="simple" xlink:href="../076/13076.xml">
Gordon Brown</link></chancellor>
</primeminister>
</parameters>
</template>


<b>Benjamin Peter James Bradshaw</b> (born 30 August 1960 in <village wordnetid="108672738" confidence="0.9508927676800064">
<link xlink:type="simple" xlink:href="../867/17867.xml">
London</link></village>
) is a <autocracy wordnetid="108361001" confidence="0.8">
<system wordnetid="108435388" confidence="0.8">
<social_group wordnetid="107950920" confidence="0.8">
<political_orientation wordnetid="106212839" confidence="0.8">
<monarchy wordnetid="108363812" confidence="0.8">
<state wordnetid="108168978" confidence="0.8">
<political_unit wordnetid="108359949" confidence="0.8">
<political_system wordnetid="108367880" confidence="0.8">
<economy wordnetid="108366753" confidence="0.8">
<group wordnetid="100031264" confidence="0.8">
<democracy wordnetid="106217103" confidence="0.8">
<link xlink:type="simple" xlink:href="../717/31717.xml">
British</link></democracy>
</group>
</economy>
</political_system>
</political_unit>
</state>
</monarchy>
</political_orientation>
</social_group>
</system>
</autocracy>
 <link xlink:type="simple" xlink:href="../959/55959.xml">
politician</link> and the <party wordnetid="108256968" confidence="0.9508927676800064">
<link xlink:type="simple" xlink:href="../158/19279158.xml">
Labour</link></party>
 <link xlink:type="simple" xlink:href="../066/98066.xml">
Member of Parliament</link> for <body wordnetid="107965085" confidence="0.8">
<social_group wordnetid="107950920" confidence="0.8">
<constituency wordnetid="108238156" confidence="0.8">
<group wordnetid="100031264" confidence="0.8">
<link xlink:type="simple" xlink:href="../633/1829633.xml">
Exeter</link></group>
</constituency>
</social_group>
</body>
.<p>

Currently <physical_entity wordnetid="100001930" confidence="0.8">
<person wordnetid="100007846" confidence="0.8">
<clergyman wordnetid="109927451" confidence="0.8">
<leader wordnetid="109623038" confidence="0.8">
<spiritual_leader wordnetid="109505153" confidence="0.8">
<causal_agent wordnetid="100007347" confidence="0.8">
<curate wordnetid="109983572" confidence="0.8">
<link xlink:type="simple" xlink:href="../410/248410.xml">
Minister of State</link></curate>
</causal_agent>
</spiritual_leader>
</leader>
</clergyman>
</person>
</physical_entity>
 in the <body wordnetid="107965085" confidence="0.8">
<social_group wordnetid="107950920" confidence="0.8">
<division wordnetid="108220714" confidence="0.8">
<administrative_unit wordnetid="108077292" confidence="0.8">
<priesthood wordnetid="108113443" confidence="0.8">
<occupational_group wordnetid="108403631" confidence="0.8">
<department wordnetid="108114861" confidence="0.8">
<profession wordnetid="108112096" confidence="0.8">
<ministry wordnetid="108113797" confidence="0.8">
<group wordnetid="100031264" confidence="0.8">
<link xlink:type="simple" xlink:href="../579/373579.xml">
Department of Health</link></group>
</ministry>
</profession>
</department>
</occupational_group>
</priesthood>
</administrative_unit>
</division>
</social_group>
</body>
 and Minister for the South West, he was one of the first openly <link xlink:type="simple" xlink:href="../128/5171128.xml">
gay</link> MPs.</p>

<sec>
<st>
Biography</st>
<p>

The son of a <denomination wordnetid="108146782" confidence="0.9508927676800064">
<link xlink:type="simple" xlink:href="../955/5955.xml">
Church of England</link></denomination>
 <link xlink:type="simple" xlink:href="../711/177711.xml#xpointer(//*[./st=%22Anglican%22])">
vicar</link> at <structure wordnetid="104341686" confidence="0.8">
<building wordnetid="102913152" confidence="0.8">
<artifact wordnetid="100021939" confidence="0.8">
<church wordnetid="103028079" confidence="0.8">
<place_of_worship wordnetid="103953416" confidence="0.8">
<cathedral wordnetid="102984061" confidence="0.8">
<link xlink:type="simple" xlink:href="../842/1477842.xml">
Norwich Cathedral</link></cathedral>
</place_of_worship>
</church>
</artifact>
</building>
</structure>
, Bradshaw was educated at the <region wordnetid="108630985" confidence="0.8">
<village wordnetid="108672738" confidence="0.8">
<location wordnetid="100027167" confidence="0.8">
<settlement wordnetid="108672562" confidence="0.8">
<geographical_area wordnetid="108574314" confidence="0.8">
<link xlink:type="simple" xlink:href="../530/3120530.xml">
Thorpe St Andrew</link></geographical_area>
</settlement>
</location>
</village>
</region>
 School (<region wordnetid="108630985" confidence="0.8">
<center wordnetid="108523483" confidence="0.8">
<area wordnetid="108497294" confidence="0.8">
<administrative_district wordnetid="108491826" confidence="0.8">
<seat wordnetid="108647945" confidence="0.8">
<location wordnetid="100027167" confidence="0.8">
<municipality wordnetid="108626283" confidence="0.8">
<geographical_area wordnetid="108574314" confidence="0.8">
<county_town wordnetid="108547300" confidence="0.8">
<district wordnetid="108552138" confidence="0.8">
<urban_area wordnetid="108675967" confidence="0.8">
<city wordnetid="108524735" confidence="0.8">
<link xlink:type="simple" xlink:href="../443/103443.xml">
Norwich</link></city>
</urban_area>
</district>
</county_town>
</geographical_area>
</municipality>
</location>
</seat>
</administrative_district>
</area>
</center>
</region>
) and the <university wordnetid="108286163" confidence="0.9508927676800064">
<link xlink:type="simple" xlink:href="../045/32045.xml">
University of Sussex</link></university>
 where he was awarded a degree in <language wordnetid="106282651" confidence="0.9508927676800064">
<link xlink:type="simple" xlink:href="../884/11884.xml">
German</link></language>
. He also attended the <link xlink:type="simple" xlink:href="../971/298971.xml">
University of Freiburg</link> (Germany). In 1982/83 he taught English at the Technikum, a school of technology in <town wordnetid="108665504" confidence="0.9508927676800064">
<link xlink:type="simple" xlink:href="../113/502113.xml">
Winterthur</link></town>
 (Switzerland). He became a <link xlink:type="simple" xlink:href="../173/192173.xml">
reporter</link> with the <it><site wordnetid="108651247" confidence="0.9508927676800064">
<link xlink:type="simple" xlink:href="../691/9691.xml">
Exeter</link></site>
 Express and Echo</it> in 1984 and was appointed as a reporter with the <it><company wordnetid="108058098" confidence="0.8">
<institution wordnetid="108053576" confidence="0.8">
<link xlink:type="simple" xlink:href="../065/2158065.xml">
Eastern Daily Press</link></institution>
</company>
</it> in <region wordnetid="108630985" confidence="0.8">
<center wordnetid="108523483" confidence="0.8">
<area wordnetid="108497294" confidence="0.8">
<administrative_district wordnetid="108491826" confidence="0.8">
<seat wordnetid="108647945" confidence="0.8">
<location wordnetid="100027167" confidence="0.8">
<municipality wordnetid="108626283" confidence="0.8">
<geographical_area wordnetid="108574314" confidence="0.8">
<county_town wordnetid="108547300" confidence="0.8">
<district wordnetid="108552138" confidence="0.8">
<urban_area wordnetid="108675967" confidence="0.8">
<city wordnetid="108524735" confidence="0.8">
<link xlink:type="simple" xlink:href="../443/103443.xml">
Norwich</link></city>
</urban_area>
</district>
</county_town>
</geographical_area>
</municipality>
</location>
</seat>
</administrative_district>
</area>
</center>
</region>
 in 1985. In 1986 he joined the <network wordnetid="108434259" confidence="0.9508927676800064">
<link xlink:type="simple" xlink:href="../654/19344654.xml">
BBC</link></network>
 as reporter with <radio_station wordnetid="104044119" confidence="0.9508927676800064">
<link xlink:type="simple" xlink:href="../474/569474.xml">
BBC Radio Devon</link></radio_station>
. In 1989 he became the award winning <region wordnetid="108630985" confidence="0.8">
<administrative_district wordnetid="108491826" confidence="0.8">
<location wordnetid="100027167" confidence="0.8">
<municipality wordnetid="108626283" confidence="0.8">
<settlement wordnetid="108672562" confidence="0.8">
<capital wordnetid="108518505" confidence="0.8">
<city wordnetid="108524735" confidence="0.8">
<country wordnetid="108544813" confidence="0.8">
<center wordnetid="108523483" confidence="0.8">
<area wordnetid="108497294" confidence="0.8">
<village wordnetid="108672738" confidence="0.8">
<seat wordnetid="108647945" confidence="0.8">
<geographical_area wordnetid="108574314" confidence="0.8">
<district wordnetid="108552138" confidence="0.8">
<urban_area wordnetid="108675967" confidence="0.8">
<link xlink:type="simple" xlink:href="../354/3354.xml">
Berlin</link></urban_area>
</district>
</geographical_area>
</seat>
</village>
</area>
</center>
</country>
</city>
</capital>
</settlement>
</municipality>
</location>
</administrative_district>
</region>
 <link xlink:type="simple" xlink:href="../100/50100.xml">
correspondent</link> with <link xlink:type="simple" xlink:href="../583/167583.xml">
BBC Radio</link> and was serving in the city at the time of the <link xlink:type="simple" xlink:href="../722/3722.xml#xpointer(//*[./st=%22The+fall+of+the+wall%22])">
fall of the Berlin Wall</link>. He became a reporter in 1991 with BBC Radio's <it><statement wordnetid="106722453" confidence="0.8">
<message wordnetid="106598915" confidence="0.8">
<announcement wordnetid="106746580" confidence="0.8">
<program wordnetid="106748466" confidence="0.8">
<link xlink:type="simple" xlink:href="../729/2912729.xml">
The World At One</link></program>
</announcement>
</message>
</statement>
</it> programme, where he stayed until his election to <structure wordnetid="104341686" confidence="0.8">
<building wordnetid="102913152" confidence="0.8">
<artifact wordnetid="100021939" confidence="0.8">
<mansion wordnetid="103719053" confidence="0.8">
<dwelling wordnetid="103259505" confidence="0.8">
<housing wordnetid="103546340" confidence="0.8">
<house wordnetid="103544360" confidence="0.8">
<palace wordnetid="103878066" confidence="0.8">
<link xlink:type="simple" xlink:href="../170/24170.xml">
Westminster</link></palace>
</house>
</housing>
</dwelling>
</mansion>
</artifact>
</building>
</structure>
. He won the <company wordnetid="108058098" confidence="0.9508927676800064">
<link xlink:type="simple" xlink:href="../989/26989.xml">
Sony</link></company>
 <link xlink:type="simple" xlink:href="../041/22041.xml">
News</link> Reporter Award in 1993.</p>
<p>

Bradshaw was selected to contest the marginal <link xlink:type="simple" xlink:href="../828/13828.xml">
parliamentary</link> seat of Exeter at the <election wordnetid="100181781" confidence="0.9508927676800064">
<link xlink:type="simple" xlink:href="../519/35519.xml">
1997 General Election</link></election>
 after the first choice candidate, John Lloyd, was deselected by the local Labour party on instructions from Labour HQ. The sitting <party wordnetid="108256968" confidence="0.9508927676800064">
<link xlink:type="simple" xlink:href="../113/32113.xml">
Conservative</link></party>
 MP, <person wordnetid="100007846" confidence="0.9638700866880419">
<link xlink:type="simple" xlink:href="../956/5532956.xml">
John Hannam</link></person>
 had retired and the Conservatives chose <link>
 Adrian Rogers</link> to be their candidate. This created a very interesting election campaign, Bradshaw an openly <link xlink:type="simple" xlink:href="../304/5488304.xml">
gay man</link>, and Rogers a leading member of the <link xlink:type="simple" xlink:href="../317/63317.xml#xpointer(//*[./st=%22United_Kingdom%22])">
religious right</link>. The campaign was vitriolic and bitter with allegations of <link xlink:type="simple" xlink:href="../395/5097395.xml">
homophobia</link> and <link xlink:type="simple" xlink:href="../307/28307.xml#xpointer(//*[./st=%22Christian+views+of+sin%22])">
sin</link>. The result, however was not close, and Bradshaw was elected as the Labour MP for Exeter with a majority of 11,705. He made his <link xlink:type="simple" xlink:href="../280/427280.xml">
maiden speech</link> on 4 July 1997.</p>
<p>

In Parliament Bradshaw introduced the <link xlink:type="simple" xlink:href="../340/48340.xml">
Pesticide</link>s Act in 1998<ref xlink:type="simple" xlink:href="#xpointer(//reflist/entry[@id=%221%22])">1</ref>, which gave more powers to inspectors. He became a <link xlink:type="simple" xlink:href="../399/598399.xml">
Parliamentary Private Secretary</link> to the <physical_entity wordnetid="100001930" confidence="0.8">
<person wordnetid="100007846" confidence="0.8">
<clergyman wordnetid="109927451" confidence="0.8">
<leader wordnetid="109623038" confidence="0.8">
<spiritual_leader wordnetid="109505153" confidence="0.8">
<causal_agent wordnetid="100007347" confidence="0.8">
<curate wordnetid="109983572" confidence="0.8">
<link xlink:type="simple" xlink:href="../410/248410.xml">
Minister of State</link></curate>
</causal_agent>
</spiritual_leader>
</leader>
</clergyman>
</person>
</physical_entity>
 at the <body wordnetid="107965085" confidence="0.8">
<social_group wordnetid="107950920" confidence="0.8">
<division wordnetid="108220714" confidence="0.8">
<administrative_unit wordnetid="108077292" confidence="0.8">
<priesthood wordnetid="108113443" confidence="0.8">
<occupational_group wordnetid="108403631" confidence="0.8">
<department wordnetid="108114861" confidence="0.8">
<profession wordnetid="108112096" confidence="0.8">
<ministry wordnetid="108113797" confidence="0.8">
<group wordnetid="100031264" confidence="0.8">
<link xlink:type="simple" xlink:href="../579/373579.xml">
Department of Health</link></group>
</ministry>
</profession>
</department>
</occupational_group>
</priesthood>
</administrative_unit>
</division>
</social_group>
</body>
 <link xlink:type="simple" xlink:href="../991/413991.xml">
John Denham</link> in 2000. After the <election wordnetid="100181781" confidence="0.9508927676800064">
<link xlink:type="simple" xlink:href="../975/3975.xml">
2001 General Election</link></election>
 Bradshaw entered <chancellor wordnetid="109906986" confidence="0.9508927676800064">
<person wordnetid="100007846" confidence="0.9508927676800064">
<diplomat wordnetid="110013927" confidence="0.9173553029164789">
<link xlink:type="simple" xlink:href="../347/3301347.xml">
Tony Blair's</link></diplomat>
</person>
</chancellor>
 government as the Parliamentary Under Secretary of State at the <link xlink:type="simple" xlink:href="../653/59653.xml">
Foreign and Commonwealth Office</link>.  Only days after being appointed to the Foreign Office he had to answer questions following <terrorist_attack wordnetid="101246697" confidence="0.9508927676800064">
<link xlink:type="simple" xlink:href="../690/5058690.xml">
the terrorist attacks of 11 September 2001</link></terrorist_attack>
. On March 6 2002, while answering Parliamentary Questions, Bradshaw accused <person wordnetid="100007846" confidence="0.9508927676800064">
<link xlink:type="simple" xlink:href="../133/18247133.xml">
George Galloway</link></person>
 of "being not just an apologist but a mouthpiece for the Iraqi regime over many years". Galloway responded by accusing Bradshaw of being a liar, though after a suspension of the Commons sitting, both men withdrew their comments.<ref xlink:type="simple" xlink:href="#xpointer(//reflist/entry[@id=%222%22])">2</ref> </p>
<p>

Bradshaw became the Deputy to the <office wordnetid="103841666" confidence="0.9508927676800064">
<link xlink:type="simple" xlink:href="../789/197789.xml">
Leader of the House of Commons</link></office>
 <politician wordnetid="110451263" confidence="0.9508927676800064">
<link xlink:type="simple" xlink:href="../803/186803.xml">
Robin Cook</link></politician>
 in 2002, and was an Under Secretary of State at the <link xlink:type="simple" xlink:href="../477/301477.xml">
Department of Environment, Food and Rural Affairs</link> from 2003 until 2006, when he was made a <physical_entity wordnetid="100001930" confidence="0.8">
<person wordnetid="100007846" confidence="0.8">
<clergyman wordnetid="109927451" confidence="0.8">
<leader wordnetid="109623038" confidence="0.8">
<spiritual_leader wordnetid="109505153" confidence="0.8">
<causal_agent wordnetid="100007347" confidence="0.8">
<curate wordnetid="109983572" confidence="0.8">
<link xlink:type="simple" xlink:href="../410/248410.xml">
Minister of State</link></curate>
</causal_agent>
</spiritual_leader>
</leader>
</clergyman>
</person>
</physical_entity>
 at the same department. On 28 June 2007 he was moved to become a Minister of State in the Department of Health and was also given the responsibility of being Minister for the South West.</p>
<p>

His support for the <conflict wordnetid="100958896" confidence="0.9508927676800064">
<link xlink:type="simple" xlink:href="../324/5043324.xml">
Iraq War</link></conflict>
 proved unpopular amongst many in a seat with a high student population.</p>

<ss1>
<st>
Health Minister</st>
<p>

Mr. Bradshaw has been the subject of a good deal of controversy as a Minister for Health. His responses to questioning on Radio 4 about the shortfall in <link>
NHS</link> <link xlink:type="simple" xlink:href="../005/8005.xml">
dentistry</link> leading to patients unable to access NHS dentists and even resorting to treating themselves was to claim that those needing urgent treatment should go to see their GP<ref xlink:type="simple" xlink:href="#xpointer(//reflist/entry[@id=%223%22])">3</ref>, prompting the <body wordnetid="107965085" confidence="0.8">
<social_group wordnetid="107950920" confidence="0.8">
<association wordnetid="108049401" confidence="0.8">
<group wordnetid="100031264" confidence="0.8">
<administration wordnetid="108164585" confidence="0.8">
<link xlink:type="simple" xlink:href="../754/911754.xml">
British Medical Association</link></administration>
</group>
</association>
</social_group>
</body>
 to observe that a <link xlink:type="simple" xlink:href="../817/197817.xml">
General Practitioner</link> was no substitute for a qualified dentist<ref xlink:type="simple" xlink:href="#xpointer(//reflist/entry[@id=%224%22])">4</ref>.</p>
<p>

He also claimed that GPs were operating "gentleman's agreements" to ensure patients didn't move between surgeries, claims dismissed as "absolute nonsense" by doctors' leaders<ref xlink:type="simple" xlink:href="#xpointer(//reflist/entry[@id=%225%22])">5</ref>.</p>
<p>

On the subject of the <link xlink:type="simple" xlink:href="../790/1515790.xml">
National Programme for IT</link>, a scheme dogged by cost overruns, failing public confidence, delays, and doubts over its benefit to patients<ref xlink:type="simple" xlink:href="#xpointer(//reflist/entry[@id=%226%22])">6</ref><ref xlink:type="simple" xlink:href="#xpointer(//reflist/entry[@id=%227%22])">7</ref>, he commented: "Our use of computer technology in the NHS is becoming the envy of the world. It is saving lives, saving time and saving money. If you talk to health and IT experts anywhere in the world they point to Britain as example of computer technology being used successfully to improve health services to the public."<ref xlink:type="simple" xlink:href="#xpointer(//reflist/entry[@id=%228%22])">8</ref></p>
<p>

He has also been criticised for defending<ref xlink:type="simple" xlink:href="#xpointer(//reflist/entry[@id=%229%22])">9</ref> car parking fees at NHS hospitals at a time when Wales were removing parking fees<ref xlink:type="simple" xlink:href="#xpointer(//reflist/entry[@id=%2210%22])">10</ref>. The BMA called such charges "a tax on the sick"<ref xlink:type="simple" xlink:href="#xpointer(//reflist/entry[@id=%2210%22])">10</ref>, and questioned the legitimacy of trusts making up to £248,000 a month in parking fees<ref xlink:type="simple" xlink:href="#xpointer(//reflist/entry[@id=%2211%22])">11</ref>. Bradshaw's claims that such charges were necessary to pay for patient care were dismissed by a shadow health spokesman, who commented that it did "not add up" for the government to make such claims in the light of an NHS surplus of £1.8bn<ref xlink:type="simple" xlink:href="#xpointer(//reflist/entry[@id=%2212%22])">12</ref>.</p>
<p>

His plan to introduce private management of some NHS trusts was also heavily criticised. The BMA called it a step towards privatising the NHS, Dr. <link>
Jonathan Fielden</link> observed that there was no evidence private management was better than public sector management, commenting "How many of us have seen our Trusts bring in the management consultants, paying through the nose, only to get a half baked solution and one that the real talent in the NHS could have delivered for less?", Professor <link>
Allyson Pollock</link>, head of the Centre for International Public Health Policy at the <university wordnetid="108286163" confidence="0.9508927676800064">
<link xlink:type="simple" xlink:href="../395/64395.xml">
University of Edinburgh</link></university>
, said: "Bringing private management in will simply accelerate the process of privatisation of services which will have catastrophic effects for the patients and the public at large. It will mean less care for everyone, and more money for profits and shareholders.", while Nigel Edwards of the NHS Confederation, said the government had tried drafting in private sector management unsuccessfully before - at the Good Hope Hospital in Sutton Coldfield in 2003: "What it revealed is that the reason that hospitals tend to fail is often much more complicated and much more difficult than just poor management."<ref xlink:type="simple" xlink:href="#xpointer(//reflist/entry[@id=%2213%22])">13</ref>.</p>

</ss1>
</sec>
<sec>
<st>
Personal life</st>
<p>

When first elected in 1997, Ben Bradshaw was one of the first <link xlink:type="simple" xlink:href="../304/5488304.xml">
gay</link> MPs to be <link xlink:type="simple" xlink:href="../537/71537.xml">
out</link> at the time he was initially elected, along with <physical_entity wordnetid="100001930" confidence="0.8">
<member wordnetid="110307234" confidence="0.8">
<peer wordnetid="109626238" confidence="0.8">
<president wordnetid="110468559" confidence="0.8">
<person wordnetid="100007846" confidence="0.8">
<intellectual wordnetid="109621545" confidence="0.8">
<council_member wordnetid="109944763" confidence="0.8">
<associate wordnetid="109816771" confidence="0.8">
<politician wordnetid="110451263" confidence="0.8">
<executive wordnetid="110069645" confidence="0.8">
<administrator wordnetid="109770949" confidence="0.8">
<leader wordnetid="109623038" confidence="0.8">
<corporate_executive wordnetid="109966255" confidence="0.8">
<alumnus wordnetid="109786338" confidence="0.8">
<causal_agent wordnetid="100007347" confidence="0.8">
<head wordnetid="110162991" confidence="0.8">
<scholar wordnetid="110557854" confidence="0.8">
<link xlink:type="simple" xlink:href="../358/413358.xml">
Stephen Twigg</link></scholar>
</head>
</causal_agent>
</alumnus>
</corporate_executive>
</leader>
</administrator>
</executive>
</politician>
</associate>
</council_member>
</intellectual>
</person>
</president>
</peer>
</member>
</physical_entity>
. On 24 June 2006, he and his partner Neal Dalgleish, who is a <network wordnetid="108434259" confidence="0.9508927676800064">
<link xlink:type="simple" xlink:href="../654/19344654.xml">
BBC</link></network>
 producer<ref xlink:type="simple" xlink:href="#xpointer(//reflist/entry[@id=%2214%22])">14</ref>, undertook a <link xlink:type="simple" xlink:href="../822/630822.xml">
civil partnership</link> ceremony, he being the first MP to do so<ref xlink:type="simple" xlink:href="#xpointer(//reflist/entry[@id=%2215%22])">15</ref>. His brother is <link>
Jonathan Bradshaw</link>, <order wordnetid="107168623" confidence="0.8">
<event wordnetid="100029378" confidence="0.8">
<command wordnetid="107168131" confidence="0.8">
<act wordnetid="100030358" confidence="0.8">
<psychological_feature wordnetid="100023100" confidence="0.8">
<speech_act wordnetid="107160883" confidence="0.8">
<link xlink:type="simple" xlink:href="../182/212182.xml">
CBE</link></speech_act>
</psychological_feature>
</act>
</command>
</event>
</order>
, <link xlink:type="simple" xlink:href="../771/19360771.xml">
Professor</link> of <link xlink:type="simple" xlink:href="../274/852274.xml">
Social Policy</link> at the <university wordnetid="108286163" confidence="0.9508927676800064">
<link xlink:type="simple" xlink:href="../637/155637.xml">
University of York</link></university>
.</p>

</sec>
<sec>
<st>
References</st>

<p>

<reflist>
<entry id="1">
"<weblink xlink:type="simple" xlink:href="http://www.opsi.gov.uk/acts/acts1998/19980026.htm">
Pesticides Act 1998 (c. 26)</weblink>".&#32;Retrieved on <link>
2008-07-03</link>.</entry>
<entry id="2">
Ben Russell <weblink xlink:type="simple" xlink:href="http://findarticles.com/p/articles/mi_qn4158/is_20020307/ai_n12596310">
"PARLIAMENT &amp; POLITICS; FOREIGN POLICY - Angry scenes as minister...",</weblink> <it>The Independent</it>, 7 March 2002, as reproduced on the "Find Articles" website. Retrieved on 21 March 2008.</entry>
<entry id="3">
"<weblink xlink:type="simple" xlink:href="http://www.dailymail.co.uk/news/article-487621/Patients-turn-DIY-dentistry-crisis-NHS-care-deepens.html">
Patients turn to DIY dentistry as the crisis in NHS care deepens</weblink>".&#32;  The Daily Mail.&#32;Retrieved on <link>
2008-07-03</link>.</entry>
<entry id="4">
"<weblink xlink:type="simple" xlink:href="http://www.medicalnewstoday.com/articles/85594.php">
GPs Cannot Fill The Gaps In The NHS Dental Service, Says BMA, UK</weblink>"&#32;(2007-10-17).&#32;Retrieved on <link>
2008-07-03</link>.</entry>
<entry id="5">
"<weblink xlink:type="simple" xlink:href="http://news.bbc.co.uk/1/hi/health/7475985.stm">
Minister says GPs blocking choice</weblink>".&#32;  BBC NEWS&#32;(2008-07-03).&#32;Retrieved on <link>
2008-07-03</link>.</entry>
<entry id="6">
"<weblink xlink:type="simple" xlink:href="http://www.telegraph.co.uk/news/main.jhtml?xml=/news/2007/04/17/ncomputer17.xml">
Patients 'won't benefit from £12bn IT project' - Telegraph</weblink>"&#32;(2007-04-17).&#32;Retrieved on <link>
2008-05-29</link>.</entry>
<entry id="7">
"<weblink xlink:type="simple" xlink:href="http://www.publications.parliament.uk/pa/cm200607/cmselect/cmpubacc/390/390.pdf">
DoH: The NPfIT in the NHS - twentieth report of session 2006-2007</weblink>".&#32;Retrieved on <link>
2008-05-31</link>.</entry>
<entry id="8">
"<weblink xlink:type="simple" xlink:href="http://www.politics.co.uk/issue-of-the-day/opinion-former-index/health/doh-uk-shining-example-it-use-$1212561$1212511.htm">
UK is shining example of IT use</weblink>".&#32;Retrieved on <link>
2008-07-03</link>.</entry>
<entry id="9">
"<weblink xlink:type="simple" xlink:href="http://news.bbc.co.uk/1/hi/wales/7275796.stm">
NHS car parking 'sour grapes' row</weblink>".&#32;  BBC News&#32;(2008-03-03).&#32;Retrieved on <link>
2008-07-03</link>.</entry>
<entry id="10">
"<weblink xlink:type="simple" xlink:href="http://news.bbc.co.uk/1/hi/wales/7273649.stm">
NHS parking in Wales to be free</weblink>".&#32;  BBC NEWS&#32;(2008-03-03).&#32;Retrieved on <link>
2008-07-03</link>.</entry>
<entry id="11">
"<weblink xlink:type="simple" xlink:href="http://tpa.typepad.com/media/2008/06/nottingham-even.html">
Nottingham Evening Post: Hospital car parks are 'taxing the ill'</weblink>".&#32;  The TaxPayers' Alliance&#32;(2008-06-13).&#32;Retrieved on <link>
2008-07-03</link>.</entry>
<entry id="12">
"<weblink xlink:type="simple" xlink:href="http://www.timesonline.co.uk/tol/news/politics/article3479152.ece">
£1.8bn surplus forecast for NHS after cutbacks in patient care</weblink>".&#32;  The Times&#32;(2008-03-04).&#32;Retrieved on <link>
2008-07-03</link>.</entry>
<entry id="13">
"<weblink xlink:type="simple" xlink:href="http://news.bbc.co.uk/1/hi/health/7434728.stm">
Firms 'to run failing NHS trusts'</weblink>".&#32;  BBC News&#32;(2008-06-04).&#32;Retrieved on <link>
2008-07-03</link>.</entry>
<entry id="14">
"<weblink xlink:type="simple" xlink:href="http://news.bbc.co.uk/1/hi/uk_politics/4786378.stm">
Minister announces gay 'wedding'</weblink>".&#32;  BBC News&#32;(2006-03-08).&#32;Retrieved on <link>
2008-07-03</link>.</entry>
<entry id="15">
"<weblink xlink:type="simple" xlink:href="http://www.sundaymirror.co.uk/news/tm_objectid=17288401%26method=full%26siteid=62484%26headline=first%2dgay%2dmp%2dwed%2d-name_page.html">
First gay MP wed</weblink>".&#32;  Sunday Mirror&#32;(2006-06-25).&#32;Retrieved on <link>
2008-07-02</link>.</entry>
</reflist>
</p>

</sec>
<sec>
<st>
External links</st>
<p>

<list>
<entry level="1" type="bullet">

 <weblink xlink:type="simple" xlink:href="http://www.benbradshaw.co.uk/">
Ben Bradshaw official website</weblink></entry>
<entry level="1" type="bullet">

 <weblink xlink:type="simple" xlink:href="http://politics.guardian.co.uk/person/0,9290,-552,00.html">
Guardian Unlimited Politics — Ask Aristotle: Ben Bradshaw MP</weblink></entry>
<entry level="1" type="bullet">

 <weblink xlink:type="simple" xlink:href="http://www.theyworkforyou.com/mp/ben_bradshaw/exeter">
TheyWorkForYou.com — Ben Bradshaw MP</weblink></entry>
<entry level="1" type="bullet">

 <weblink xlink:type="simple" xlink:href="http://www.opsi.gov.uk/acts/acts1998/19980026.htm">
Pesticides Act 1998</weblink></entry>
</list>
</p>



</sec>
</bdy>
</causal_agent>
</leader>
</person>
</politician>
</physical_entity>
</article>
