<?xml version="1.0" encoding="UTF-8"?>
<!-- generated by CLiX/Wiki2XML [MPI-Inf, MMCI@UdS] $LastChangedRevision: 92 $ on 16.04.2009 16:32:52[mciao0828] -->
<!DOCTYPE article SYSTEM "../article.dtd">
<article xmlns:xlink="http://www.w3.org/1999/xlink">
<screen  confidence="0.8" wordnetid="104152829">
<artifact  confidence="0.8" wordnetid="100021939">
<surface  confidence="0.8" wordnetid="104362025">
<kernel  confidence="0.9511911446218017" wordnetid="113137010">
<header>
<title>Kernel panic</title>
<id>221277</id>
<revision>
<id>240034729</id>
<timestamp>2008-09-21T17:19:27Z</timestamp>
<contributor>
<username>Warren</username>
<id>695942</id>
</contributor>
</revision>
<categories>
<category>Computer errors</category>
<category>Screens of death</category>
<category>Operating system kernels</category>
</categories>
</header>
<bdy>

<image location="right" width="150px" src="Forced-linux-kernel-panic-under-qemu.jpg" type="thumb">
</image>

<image location="right" width="150px" src="MacOSX_kernel_panic.png" type="thumb">
</image>
<p>

A <b>kernel panic</b> is an action taken by an <link xlink:type="simple" xlink:href="../194/22194.xml">
operating system</link> upon detecting an internal <link xlink:type="simple" xlink:href="../324/2638324.xml">
fatal error</link> from which it cannot safely recover; the term is largely specific to <family wordnetid="108078020" confidence="0.8">
<link xlink:type="simple" xlink:href="../642/31642.xml">
Unix</link></family>
 and <family wordnetid="108078020" confidence="0.8">
<link xlink:type="simple" xlink:href="../815/31815.xml">
Unix-like</link></family>
 systems. </p>
<p>

The <link xlink:type="simple" xlink:href="../394/50394.xml">
kernel</link> routines that handle panics (in <company wordnetid="108058098" confidence="0.9508927676800064">
<link xlink:type="simple" xlink:href="../269/17555269.xml">
AT&amp;T</link></company>
-derived and <link xlink:type="simple" xlink:href="../807/1223807.xml">
BSD</link> Unix source code, a routine known as panic()) are generally designed to output an <link xlink:type="simple" xlink:href="../502/3388502.xml">
error message</link> to the <link xlink:type="simple" xlink:href="../571/361571.xml">
console</link>, dump an image of kernel memory to disk for post-mortem <link xlink:type="simple" xlink:href="../395/323395.xml">
debugging</link> and then either wait for the system to be manually rebooted, or initiate an automatic <link>
reboot</link>. The information provided is of highly technical nature and aims to assist a <link xlink:type="simple" xlink:href="../985/154985.xml">
system administrator</link> or <link xlink:type="simple" xlink:href="../683/179683.xml">
software developer</link> in diagnosing the problem.</p>
<p>

Attempts by the operating system to read an invalid or non-permitted <link xlink:type="simple" xlink:href="../018/568018.xml">
memory address</link> are a common source of kernel panics. A panic may also occur as a result of a hardware failure or a bug in the operating system.  While technically often the operating system could continue operation, after memory violations have occurred the system is in an unstable state.  Rather than risk security breaches and data corruption, the operating system stops to prevent further damage and facilitate diagnosis of the error.</p>
<p>

The kernel panic was introduced in an early version of <family wordnetid="108078020" confidence="0.8">
<link xlink:type="simple" xlink:href="../642/31642.xml">
Unix</link></family>
 and demonstrated a major difference between the design philosophies of Unix and its predecessor <O wordnetid="106832680" confidence="0.9508927676800064">
<link xlink:type="simple" xlink:href="../847/18847.xml">
Multics</link></O>
. Multics developer <link>
Tom van Vleck</link> recalls a discussion of this change with Unix developer <person wordnetid="100007846" confidence="0.9508927676800064">
<scientist wordnetid="110560637" confidence="0.9508927676800064">
<link xlink:type="simple" xlink:href="../218/8218.xml">
Dennis Ritchie</link></scientist>
</person>
: </p>

<p>

<table style="margin:auto; border-collapse:collapse; border-style:none; background-color:transparent; " class="cquote">
<row>
<col style="color:#B2B7F2;font-size:35px;font-family:'Times New Roman',serif;font-weight:bold;text-align:left;padding:10px 10px;" width="20" valign="top">
“</col>
<col style="padding:4px 10px;" valign="top">
I remarked to Dennis that easily half the code I was writing in Multics was error recovery code. He said, "We left all that stuff out. If there's an error, we have this routine called panic, and when it is called, the machine crashes, and you holler down the hall, 'Hey, reboot it.'"<ref xlink:type="simple" xlink:href="#xpointer(//reflist/entry[@id=%221%22])">1</ref></col>
<col style="color:#B2B7F2;font-size:36px;font-family:'Times New Roman',serif;font-weight:bold;text-align:right;padding:10px 10px;" width="20" valign="bottom">
”</col>
</row>
</table>
</p>
<p>

The original panic() function was essentially unchanged from Fifth Edition UNIX to the <link xlink:type="simple" xlink:href="../517/32517.xml">
VAX</link>-based UNIX 32V and output only an error message with no other information, then dropped the system into an endless idle loop. As the Unix codebase was enhanced, the panic() function was also enhanced to dump various forms of debugging information to the console.</p>

<sec>
<st>
 See also </st>
<p>

<list>
<entry level="1" type="bullet">

 <structure wordnetid="104341686" confidence="0.8">
<artifact wordnetid="100021939" confidence="0.8">
<window wordnetid="104587648" confidence="0.8">
<supporting_structure wordnetid="104361095" confidence="0.8">
<framework wordnetid="103391770" confidence="0.8">
<link xlink:type="simple" xlink:href="../910/2395910.xml">
Bug check</link></framework>
</supporting_structure>
</window>
</artifact>
</structure>
</entry>
<entry level="1" type="bullet">

 <link xlink:type="simple" xlink:href="../657/7892657.xml">
Screens of death</link></entry>
</list>
</p>

</sec>
<sec>
<st>
References</st>

<p>

<reflist>
<entry id="1">
<weblink xlink:type="simple" xlink:href="http://www.multicians.org/unix.html">
Unix and Multics</weblink></entry>
</reflist>
</p>

</sec>
<sec>
<st>
External links</st>
<p>

<list>
<entry level="1" type="bullet">

 <weblink xlink:type="simple" xlink:href="http://opensolaris.org/os/community/documentation/files/book.pdf">
The Solaris Operating System on x86 Platforms: Crashdump Analysis Operating System Internals</weblink></entry>
<entry level="1" type="bullet">

 <weblink xlink:type="simple" xlink:href="http://www.amazon.com/gp/product/0131493868">
"Panic! Unix System Crash Dump Analysis" (SunSoft Press / Prentice Hall book by Chris Drake &amp; Kimberley Brown</weblink></entry>
<entry level="1" type="bullet">

 The file <weblink xlink:type="simple" xlink:href="http://minnie.tuhs.org/UnixTree/V6/usr/sys/ken/prf.c.html">
prf.c</weblink> from <link xlink:type="simple" xlink:href="../660/2303660.xml">
Version 6 Unix</link> and the <link xlink:type="simple" xlink:href="../607/676607.xml">
Lions Book</link>, containing the <it>panic()</it> routine as implemented on early Unix systems (will not compile with modern <programming_language wordnetid="106898352" confidence="0.9508927676800064">
<link xlink:type="simple" xlink:href="../021/6021.xml">
C compilers</link></programming_language>
)</entry>
<entry level="1" type="bullet">

 Kernel panic source code examples from <weblink xlink:type="simple" xlink:href="http://cvs.opensolaris.org/source/xref/onnv/onnv-gate/usr/src/uts/common/os/panic.c">
OpenSolaris</weblink>, <weblink xlink:type="simple" xlink:href="http://darwinsource.opendarwin.org/10.4.2/xnu-792.2.4/osfmk/kern/debug.c">
Darwin/Mac OS X</weblink>, <weblink xlink:type="simple" xlink:href="http://www.eng.mu.edu/corlissg/MSCS207.1998/Minix_tree/S/sys%20src%20kernel%20main.c.html#130">
Minix</weblink>, and <weblink xlink:type="simple" xlink:href="http://developer.osdl.org/ogasawara/kernel_gcov/kernel/panic.c.gcov.html">
Linux</weblink></entry>
</list>
</p>


<p>

<table style=";" class="navbox" cellspacing="0">
<row>
<col style="padding:2px;">
<table style="width:100%;background:transparent;color:inherit;;" class="nowraplinks collapsible autocollapse " cellspacing="0">
<row>
<header colspan="3" style=";" class="navbox-title">
<link xlink:type="simple" xlink:href="../657/7892657.xml">
Screens of death</link></header>
</row>
<row style="height:2px;">

</row>
<row>
<col style=";;" class="navbox-group">
Colors</col>
<col style="text-align:left;border-left:2px solid #fdfdfd;width:100%;padding:0px;;;" class="navbox-list navbox-odd">
<screen wordnetid="104152829" confidence="0.8">
<artifact wordnetid="100021939" confidence="0.8">
<surface wordnetid="104362025" confidence="0.8">
<link xlink:type="simple" xlink:href="../114/1371114.xml">
Black</link></surface>
</artifact>
</screen>
&nbsp;·  <screen wordnetid="104152829" confidence="0.8">
<artifact wordnetid="100021939" confidence="0.8">
<surface wordnetid="104362025" confidence="0.8">
<link xlink:type="simple" xlink:href="../256/18909256.xml">
Blue</link></surface>
</artifact>
</screen>
&nbsp;·  <screen wordnetid="104152829" confidence="0.8">
<artifact wordnetid="100021939" confidence="0.8">
<surface wordnetid="104362025" confidence="0.8">
<link xlink:type="simple" xlink:href="../502/1861502.xml">
Red</link></surface>
</artifact>
</screen>
&nbsp;·  <link>
Green</link>&nbsp;·  <link xlink:type="simple" xlink:href="../556/5634556.xml">
White</link>&nbsp;·  <link>
Yellow</link> &nbsp;·  <link>
Purple</link></col>
<col style="width:0%;padding:0px 0px 0px 2px;" rowspan="3">
<image width="150px" src="Gnome-mime-application-x-core-file.svg">
<caption>

Stylised bomb symbol
</caption>
</image>
</col>
</row>
<row style="height:2px">

</row>
<row>
<col style=";;" class="navbox-group">
Other screens</col>
<col style="text-align:left;border-left:2px solid #fdfdfd;width:100%;padding:0px;;;" class="navbox-list navbox-even">
<screen wordnetid="104152829" confidence="0.8">
<artifact wordnetid="100021939" confidence="0.8">
<surface wordnetid="104362025" confidence="0.8">
<link xlink:type="simple" xlink:href="../277/221277.xml">
Kernel panic</link></surface>
</artifact>
</screen>
&nbsp;·  <screen wordnetid="104152829" confidence="0.8">
<artifact wordnetid="100021939" confidence="0.8">
<surface wordnetid="104362025" confidence="0.8">
<link>
Sad Mac</link></surface>
</artifact>
</screen>
&nbsp;·  <link xlink:type="simple" xlink:href="../580/1628580.xml">
Bomb</link>&nbsp;·  <screen wordnetid="104152829" confidence="0.8">
<artifact wordnetid="100021939" confidence="0.8">
<surface wordnetid="104362025" confidence="0.8">
<link xlink:type="simple" xlink:href="../947/3823947.xml">
Row of bombs</link></surface>
</artifact>
</screen>
&nbsp;·  <screen wordnetid="104152829" confidence="0.8">
<artifact wordnetid="100021939" confidence="0.8">
<surface wordnetid="104362025" confidence="0.8">
<link xlink:type="simple" xlink:href="../050/13050.xml">
Guru Meditation</link></surface>
</artifact>
</screen>
/Grim Reaper</col>
</row>
</table>
</col>
</row>
</table>
</p>



</sec>
</bdy>
</kernel>
</surface>
</artifact>
</screen>
</article>
