<?xml version="1.0" encoding="UTF-8"?>
<!-- generated by CLiX/Wiki2XML [MPI-Inf, MMCI@UdS] $LastChangedRevision: 92 $ on 16.04.2009 16:34:03[mciao0827] -->
<!DOCTYPE article SYSTEM "../article.dtd">
<article xmlns:xlink="http://www.w3.org/1999/xlink">
<header>
<title>Social software</title>
<id>222034</id>
<revision>
<id>243910659</id>
<timestamp>2008-10-08T15:40:54Z</timestamp>
<contributor>
<username>Dancter</username>
<id>1296713</id>
</contributor>
</revision>
<categories>
<category>Internet culture</category>
<category>All articles needing copy edit</category>
<category>Technology in society</category>
<category>Articles with invalid date parameter in template</category>
<category>Wikipedia articles needing copy edit from April 2007</category>
<category>Social Information Processing</category>
<category>Collaboration</category>
<category>On-line chat</category>
<category>Online social networking</category>
</categories>
</header>
<bdy>

<table class="metadata plainlinks ambox ">
<row>
<col>

ambox-style" style=""</col>
</row>
<row>
<col class="mbox-image"><p>

<image width="30px" src="Acap.svg">
</image>
</p>
</col>
<col style="" class="mbox-text">
 <b>This article or section needs  for  grammar, style, cohesion, tone or spelling.</b>
You can assist by <weblink xlink:type="simple" xlink:href="http://localhost:18088/wiki/index.php?title=Social_software&amp;action=edit">
editing it</weblink> now. A how-to is available.<it>&nbsp;(April 2007)''</it></col>
</row>
</table>


This article is about computer software.&#32;&#32;For the Social Procedure field of research, see <link xlink:type="simple" xlink:href="../980/1186980.xml">
Social Software</link>.&#32;&#32;
<b>Social software</b> encompasses a range of software systems that allow users to interact and share data. This <link xlink:type="simple" xlink:href="../498/320498.xml">
computer-mediated communication</link> has become very popular with social sites like <company wordnetid="108058098" confidence="0.9508927676800064">
<link xlink:type="simple" xlink:href="../655/1270655.xml">
MySpace</link></company>
 and <company wordnetid="108058098" confidence="0.9508927676800064">
<link xlink:type="simple" xlink:href="../378/7529378.xml">
Facebook</link></company>
, media sites like <web_site wordnetid="106359193" confidence="0.9508927676800064">
<link xlink:type="simple" xlink:href="../458/1178458.xml">
Flickr</link></web_site>
 and <company wordnetid="108058098" confidence="0.9508927676800064">
<link xlink:type="simple" xlink:href="../766/3524766.xml">
YouTube</link></company>
, and commercial sites like <computer wordnetid="103082979" confidence="0.8">
<shop wordnetid="104202417" confidence="0.8">
<structure wordnetid="104341686" confidence="0.8">
<mercantile_establishment wordnetid="103748162" confidence="0.8">
<artifact wordnetid="100021939" confidence="0.8">
<instrumentality wordnetid="103575240" confidence="0.8">
<bookshop wordnetid="102871525" confidence="0.8">
<place_of_business wordnetid="103953020" confidence="0.8">
<establishment wordnetid="103297735" confidence="0.8">
<device wordnetid="103183080" confidence="0.8">
<machine wordnetid="103699975" confidence="0.8">
<web_site wordnetid="106359193" confidence="0.8">
<link xlink:type="simple" xlink:href="../451/90451.xml">
Amazon.com</link></web_site>
</machine>
</device>
</establishment>
</place_of_business>
</bookshop>
</instrumentality>
</artifact>
</mercantile_establishment>
</structure>
</shop>
</computer>
 and <link xlink:type="simple" xlink:href="../495/130495.xml">
eBay</link>. Many of these applications share characteristics like open <link xlink:type="simple" xlink:href="../ury/24th_century.xml">
API</link>s, service oriented design, and the ability to upload data and media. The terms <b>Web 2.0</b> and (for large-business applications) <b>Enterprise 2.0</b>  are also used to describe this style of software.<p>

The more specific term <it><link xlink:type="simple" xlink:href="../005/42005.xml">
collaborative software</link></it> applies to cooperative information sharing systems, and is usually narrowly applied to the software that enables collaborative work functions.  Distinctions among usage of the terms "social", "trusted", and "collaborative" are in the applications or uses, not the tools themselves, although there are some tools that are only rarely used for work collaboration. </p>
<p>

Social technologies or Conversational technologies used in organizations, in particular a
<link xlink:type="simple" xlink:href="../721/11384721.xml">
network-centric organization</link>, are other terms used to describe knowledge creation and storage that is carried out through collaborative writing. Constructivist learning theorists such as Vygotsky; Leidner &amp; Jarvenpaa explained that the process of expressing knowledge aids its creation and conversations benefits the refinement of knowledge. Conversational KM fulfills this purpose because conversations, e.g. questions and answers, become the source of relevant knowledge in the organization. <ref xlink:type="simple" xlink:href="#xpointer(//reflist/entry[@id=%221%22])">1</ref> Conversational
technologies are seen as tools to support work units and the individual knowledge worker.<ref xlink:type="simple" xlink:href="#xpointer(//reflist/entry[@id=%222%22])">2</ref></p>
<p>

Many advocates of using these tools believe (and actively argue or assume) that they create actual <link xlink:type="simple" xlink:href="../695/5695.xml">
communities</link>, and have adopted the term "<link xlink:type="simple" xlink:href="../320/176320.xml">
online communities</link>" to describe the resulting social structures.  </p>

<sec>
<st>
History</st>
<p>

Christopher Allen supports this  definition and traces the core ideas of this concept back through Computer Supported Cooperative or Collaborative Work (CSCW) in the 1990s, Groupware in the 1970s and 80s, to Englebart’s “augmentation” (1960s) and Bush’s “Memex” (1940s). Although he identifies a “lifecycle” to this terminology that appears to reemerge each decade in a different form, this does not necessarily mean that social software is simply old wine in new bottles.</p>
<p>

Early manifestations of social software in early Internet apps for communication and collaboration such as email, newsgroups, groupware, virtual communities and the like and point out its augmentation capabilities. In the next phase, influences of academic experiments, Social Constructivism, and the open source software movement.  In the current phase, these collaborative tools add a capability “that aggregates the actions of networked users”.  This points to a powerful dynamic that distinguishes social software from other group collaboration tools and as a component of Web 2.0 technology.  Capabilities for content and behavior aggregation and redistribution present some of the more important potentials of this media.</p>
<p>

In 1945 <person wordnetid="100007846" confidence="0.9508927676800064">
<scientist wordnetid="110560637" confidence="0.9508927676800064">
<link xlink:type="simple" xlink:href="../767/32767.xml">
Vannevar Bush</link></scientist>
</person>
 describes a <link xlink:type="simple" xlink:href="../460/13460.xml">
hypertext</link>-like device called the "<link xlink:type="simple" xlink:href="../636/20636.xml">
memex</link>"<ref xlink:type="simple" xlink:href="#xpointer(//reflist/entry[@id=%223%22])">3</ref>.</p>
<p>

In 1962 <person wordnetid="100007846" confidence="0.9508927676800064">
<scientist wordnetid="110560637" confidence="0.9508927676800064">
<link xlink:type="simple" xlink:href="../081/8081.xml">
Douglas Engelbart</link></scientist>
</person>
 publishes his seminal work, "Augmenting Human Intellect: a conceptual framework". In this paper, he proposes using computers to augment training. With his colleagues at the Stanford Research Institute, Engelbart started to develop a computer system to augment human abilities, including learning. The system was simply called the oNLine System (<link xlink:type="simple" xlink:href="../576/1648576.xml">
NLS</link>), and it debuted in 1968.</p>
<p>

The initial concept of a global information network should be given to J.C.R. Licklider in his series of memos entitled "On-Line Man Computer Communication”, written in August of 1962.  However, the actual development of the internet must be given to <physical_entity wordnetid="100001930" confidence="0.8">
<person wordnetid="100007846" confidence="0.8">
<pioneer wordnetid="110434725" confidence="0.8">
<causal_agent wordnetid="100007347" confidence="0.8">
<originator wordnetid="110383816" confidence="0.8">
<creator wordnetid="109614315" confidence="0.8">
<link xlink:type="simple" xlink:href="../525/3151525.xml">
Lawrence G. Roberts</link></creator>
</originator>
</causal_agent>
</pioneer>
</person>
</physical_entity>
 of MIT.</p>
<p>

In 1971 the <link xlink:type="simple" xlink:href="../752/458752.xml">
MITRE</link> Corporation begins a year-long demonstration of the <link xlink:type="simple" xlink:href="../913/6600913.xml">
TICCIT</link> system among Reston, Virginia cable television subscribers.  Interactive television services included informational and educational demonstrations using a touch-tone telephone.  The <agency wordnetid="108337324" confidence="0.9508927676800064">
<link xlink:type="simple" xlink:href="../427/157427.xml">
National Science Foundation</link></agency>
 refunds the <link xlink:type="simple" xlink:href="../474/1000474.xml">
PLATO</link> project and funds MITRE's proposal to modify its TICCIT technology as a computer-assisted instruction (CAI) system to support English and algebra at community colleges.  MITRE subcontracts instructional design and courseware authoring tasks to the <university wordnetid="108286163" confidence="0.9508927676800064">
<link xlink:type="simple" xlink:href="../031/32031.xml">
University of Texas at Austin</link></university>
 and <university wordnetid="108286163" confidence="0.9508927676800064">
<link xlink:type="simple" xlink:href="../058/82058.xml">
Brigham Young University</link></university>
. Also this year <person wordnetid="100007846" confidence="0.9508927676800064">
<philosopher wordnetid="110423589" confidence="0.9508927676800064">
<link xlink:type="simple" xlink:href="../515/236515.xml">
Ivan Illich</link></philosopher>
</person>
 describes computer-based "learning webs" in his book <it>Deschooling Society</it> <ref xlink:type="simple" xlink:href="#xpointer(//reflist/entry[@id=%224%22])">4</ref>.</p>
<p>

<person wordnetid="100007846" confidence="0.9508927676800064">
<scientist wordnetid="110560637" confidence="0.9508927676800064">
<link xlink:type="simple" xlink:href="../802/27802.xml">
Seymour Papert</link></scientist>
</person>
 at <link xlink:type="simple" xlink:href="../061/19061.xml">
MIT</link> publishes "Mindstorms: children, computers, and powerful ideas" in 1980. (New York: Basic Books). This book inspired a number of books and dissertations on "microworlds" and their impact on learning. <link xlink:type="simple" xlink:href="../033/18950033.xml">
BITNET</link>, founded by a consortium of US and Canadian universities, allowed universities to connect with each other for educational communications and e-mail. At its peak in 1991, it had over 500 organizations as members and over 3000 nodes. Its use declined as the <invention wordnetid="105633385" confidence="0.8">
<link xlink:type="simple" xlink:href="../139/33139.xml">
World Wide Web</link></invention>
 grew.</p>
<p>

In 1986 Tony Bates publishes "Computer Assisted Learning or Communications: Which Way for Information Technology in Distance Education?", Journal of Distance Education/ Revue de l'enseignement a distance, reflecting (in 1986!) on ways forward for e-learning, based on 15 years of operational use of computer networks at the Open University and nine years of systematic R&amp;D on CAL, viewdata/videotex, audio-graphic teleconferencing and computer conferencing. Many of the systems specification issues discussed later are rehearsed here.<ref xlink:type="simple" xlink:href="#xpointer(//reflist/entry[@id=%225%22])">5</ref></p>
<p>

The first version of CSILE installed on a small network of Cemcorp ICON computers at an elementary school in Toronto, Canada.  CSILE included text and graphical notes authored by several kinds of users (students, teachers, others) with attributes such as comments and thinking types which reflect the role of the note in the author's thinking.  Thinking types included "my theory", "new information", and "I need to understand".  CSILE later evolved into <software wordnetid="106566077" confidence="0.9508927676800064">
<link xlink:type="simple" xlink:href="../410/8017410.xml">
Knowledge Forum</link></software>
.</p>
<p>

In 1989 <person wordnetid="100007846" confidence="0.9508927676800064">
<computer_scientist wordnetid="109951070" confidence="0.9173553029164789">
<link xlink:type="simple" xlink:href="../034/30034.xml">
Tim Berners-Lee</link></computer_scientist>
</person>
, then a young British engineer working at CERN in Switzerland, circulated a proposal for an in-house online document sharing system which he described as a "web of notes with links". After the proposal was grudgingly approved by his superiors, he called the new system the World Wide Web.</p>
<p>

CAPA (Computer Assisted Personalized Approach) system was developed at Michigan State University was developed in 1992. It was first used in a small (92 student) physics class in the Fall of 1992. Students accessed randomized (personalized) homework problems through telnet.</p>
<p>

<list>
<entry level="1" type="bullet">

<company wordnetid="108058098" confidence="0.9508927676800064">
<link xlink:type="simple" xlink:href="../085/11582085.xml">
TheGlobe.com</link></company>
 is founded in 1994.  In 1998 *TheGlobe.com's <link xlink:type="simple" xlink:href="../879/63879.xml">
initial public offering</link> posts the largest first day gain in US history.</entry>
</list>
</p>
<p>

In 2001 <web_site wordnetid="106359193" confidence="0.9508927676800064">
<link xlink:type="simple" xlink:href="../029/5155029.xml">
Ryze</link></web_site>
 founded by Adrian Scott.  In April 2002 Jonathan Abrams creates his profile on <company wordnetid="108058098" confidence="0.9508927676800064">
<link xlink:type="simple" xlink:href="../927/379927.xml">
Friendster</link></company>
.</p>
<p>

2003 introduced the world to the launches of <link xlink:type="simple" xlink:href="../258/2847258.xml">
Hi5</link>, <system wordnetid="108435388" confidence="0.8">
<possession wordnetid="100032613" confidence="0.8">
<company wordnetid="108058098" confidence="0.8">
<property wordnetid="113244109" confidence="0.8">
<group wordnetid="100031264" confidence="0.8">
<network wordnetid="108434259" confidence="0.8">
<institution wordnetid="108053576" confidence="0.8">
<link xlink:type="simple" xlink:href="../755/970755.xml">
LinkedIn</link></institution>
</network>
</group>
</property>
</company>
</possession>
</system>
, and <company wordnetid="108058098" confidence="0.9508927676800064">
<link xlink:type="simple" xlink:href="../655/1270655.xml">
MySpace</link></company>
.  
Facebook was launched in February 2004.</p>
<p>

Levin (in Allen 2004, sec. 2000s) acknowledges that many of characteristics of social software (hyperlinks, Weblog conversation discovery, and standards-based aggregation) “build on older forms”; nevertheless, “the difference in scale, standardization, simplicity, and social incentives provided by Web access turn a difference in degree to a difference in kind.” Key technological factors underlying this difference in kind in the computer, network, and information technologies are: filtered hypertext, ubiquitous Web/computing, continuous Internet connectivity, cheap, efficient and small electronics, content syndication strategies (RSS), and others. Additionally, the convergence of several major information technology systems for voice, data, and video into a single system makes for expansive computing environments with far reaching effects.</p>
<p>

In October 2005, Marc Andreessen (after Netscape and Opsware) and Gina Bianchini co-founded <web_site wordnetid="106359193" confidence="0.9508927676800064">
<link xlink:type="simple" xlink:href="../908/2830908.xml">
Ning</link></web_site>
: an online platform for users to create their own social websites and social networks. Ning means "peace" in Chinese, as explained by Gina Bianchini on the company blog<ref xlink:type="simple" xlink:href="#xpointer(//reflist/entry[@id=%226%22])">6</ref>, &amp; is now running more than 275,000 networks. Ning is part of what is called "white label social networking providers" and it is offen compare to <link xlink:type="simple" xlink:href="../877/13541877.xml">
Kickapps</link>, <link xlink:type="simple" xlink:href="../781/13129781.xml">
Brightcove</link>,rSitez and Flux<ref xlink:type="simple" xlink:href="#xpointer(//reflist/entry[@id=%227%22])">7</ref>.</p>

</sec>
<sec>
<st>
Debates and design choices </st>

<p>

Social software may be better understood as a set of debates or design choices than any particular list of tools. Broadly conceived, there are many older media such as <link xlink:type="simple" xlink:href="../611/167611.xml">
mailing list</link>s and <work wordnetid="100575741" confidence="0.8">
<protocol wordnetid="106665108" confidence="0.8">
<standard wordnetid="107260623" confidence="0.8">
<direction wordnetid="106786629" confidence="0.8">
<community wordnetid="108223802" confidence="0.8">
<system_of_measurement wordnetid="113577171" confidence="0.8">
<message wordnetid="106598915" confidence="0.8">
<social_group wordnetid="107950920" confidence="0.8">
<event wordnetid="100029378" confidence="0.8">
<rule wordnetid="106652242" confidence="0.8">
<gathering wordnetid="107975026" confidence="0.8">
<service wordnetid="100577525" confidence="0.8">
<act wordnetid="100030358" confidence="0.8">
<group wordnetid="100031264" confidence="0.8">
<psychological_feature wordnetid="100023100" confidence="0.8">
<activity wordnetid="100407535" confidence="0.8">
<link xlink:type="simple" xlink:href="../994/18588994.xml">
Usenet</link></activity>
</psychological_feature>
</group>
</act>
</service>
</gathering>
</rule>
</event>
</social_group>
</message>
</system_of_measurement>
</community>
</direction>
</standard>
</protocol>
</work>
 fora that qualify as "social".  Most users of this term, however, restrict its meaning to more recent software genres such as <link xlink:type="simple" xlink:href="../645/33645.xml">
blog</link>s and <link xlink:type="simple" xlink:href="../851/32851.xml">
wiki</link>s.  Others suggest that the term <it>social software</it> is best used not to refer to a single type of software, but rather to the use of two or more modes of computer-mediated communication that result in "community formation".<ref xlink:type="simple" xlink:href="#xpointer(//reflist/entry[@id=%228%22])">8</ref>  In this view, people form online communities by combining one-to-one (e.g., <link xlink:type="simple" xlink:href="../738/9738.xml">
email</link> and  <link xlink:type="simple" xlink:href="../951/55951.xml">
instant messaging</link>), one-to-many (<link xlink:type="simple" xlink:href="../063/34063.xml">
Web pages</link> and <link xlink:type="simple" xlink:href="../645/33645.xml">
blogs</link>), and many-to-many (<link xlink:type="simple" xlink:href="../851/32851.xml">
wiki</link>s) communication modes.<ref xlink:type="simple" xlink:href="#xpointer(//reflist/entry[@id=%229%22])">9</ref>.   Some groups schedule <link xlink:type="simple" xlink:href="../843/437843.xml">
real life</link> meetings and so become physically "real" communities of people that share physical lives.</p>
<p>

Common to most definitions of social software, is the observation that some types of software seem to facilitate a more egalitarian and meritocratic "bottom-up" community development, in which membership is voluntary, <link xlink:type="simple" xlink:href="../009/233009.xml">
reputation</link>s are earned by winning the <link xlink:type="simple" xlink:href="../663/850663.xml">
trust</link> of other members, and the community's mission and governance are defined by the communities' members themselves<ref xlink:type="simple" xlink:href="#xpointer(//reflist/entry[@id=%2210%22])">10</ref>.</p>
<p>

Communities formed by "bottom-up" processes are often contrasted to the less vibrant collectivities formed by "top-down" software, in which users' roles are determined by an external authority and circumscribed by rigidly conceived software mechanisms (such as <link xlink:type="simple" xlink:href="../272/3906272.xml">
access rights</link>).  Given small differences in policies, very similar software can produce radically different social outcomes.  For instance, <software wordnetid="106566077" confidence="0.9508927676800064">
<link xlink:type="simple" xlink:href="../579/421579.xml">
TikiWiki</link></software>
 CMS/Groupware has a fine-grained permission system of detailed access control so the site administrator can, on a page by page basis, determine which groups can view, edit or view the history. By contrast, <link xlink:type="simple" xlink:href="../710/323710.xml">
mediawiki</link> avoids per-user controls, to keep most pages editable by most users, and puts more information about users currently editing in its recent changes pages. The result is that TikiWiki can be both used by community groups which embrace the social paradigm of mediawiki, or for groups which prefer having more content control.</p>
<p>

Social software, by design, reflects the traits of <link xlink:type="simple" xlink:href="../726/325726.xml">
social network</link>s and is designed very consciously to let <link xlink:type="simple" xlink:href="../726/325726.xml">
social network analysis</link> work with a very compatible database.  All social software systems create links between users, as persistent as the identity those users choose. Through these persistent links, a permanent community can be formed out of a formerly <link xlink:type="simple" xlink:href="../435/183435.xml">
epistemic community</link>.  The ownership and control of these links - who is linked, and who isn't - is in the hands of the user. Thus, these links are asymmetrical - you might link to me, but I might not link to you<ref xlink:type="simple" xlink:href="#xpointer(//reflist/entry[@id=%2211%22])">11</ref>. Also, these links are functional, not decorative - you can choose not to receive any content from people you are not connected to, for example. <link>
Wikipedia user page</link>s are a very good example, and often contain extremely detailed information about the person who constructed them, including everything from <link xlink:type="simple" xlink:href="../257/263257.xml">
mother tongue</link> to their <link xlink:type="simple" xlink:href="../852/441852.xml">
moral purchasing</link> preferences.</p>

</sec>
<sec>
<st>
Tools for online communication</st>

<p>

The tools used in social software applications include communication tools and interactive tools. Communication tools typically handle the capturing, storing, and presentation of communication, usually written but increasingly including audio and video also.  Interactive tools handle mediated interactions between a pair or group of users.  They differ from communication tools in their focus on establishing and maintaining a connection among users, facilitating the mechanics of conversation and talk.  Communication tools are generally asynchronous. Interactive tools are generally synchronous, allowing users to communicate in real time (phone, Net phone, video chat) or near-synchronous (IM, text chat).</p>
<p>

We can add to this distinction one that describes the primary user experience of each: communication involves the content of talk, speech, or writing; interaction involves the interest users establish in one another as individuals.  In other words, a communication tool may want to make access and searching of text both simple and powerful.  An interactive tool may want to present as much of a user's expression, performance, and presence as possible. The organization of texts, and providing access to archived contributions differs from the facilitation of interpersonal interactions between contributors enough to warrant the distinction in media.</p>

<ss1>
<st>
 Instant Messaging </st>

<p>

<indent level="1">

<it>Main article: <link xlink:type="simple" xlink:href="../951/55951.xml">
Instant messaging</link></it>
</indent>
An <it><link xlink:type="simple" xlink:href="../951/55951.xml">
instant messaging</link></it> application or <link xlink:type="simple" xlink:href="../970/667970.xml">
client</link> allows one to communicate with another person over a network in real time, in relative privacy.  Popular, consumer-oriented clients include <software wordnetid="106566077" confidence="0.9508927676800064">
<link xlink:type="simple" xlink:href="../175/1566175.xml">
Gtalk</link></software>
, <software wordnetid="106566077" confidence="0.9508927676800064">
<link xlink:type="simple" xlink:href="../589/424589.xml">
Skype</link></software>
, <web_site wordnetid="106359193" confidence="0.9508927676800064">
<link xlink:type="simple" xlink:href="../254/2686254.xml">
Meebo</link></web_site>
, <software wordnetid="106566077" confidence="0.9508927676800064">
<link xlink:type="simple" xlink:href="../167/15167.xml">
ICQ</link></software>
, <software wordnetid="106566077" confidence="0.9508927676800064">
<link xlink:type="simple" xlink:href="../351/199351.xml">
Yahoo! Messenger</link></software>
, <software wordnetid="106566077" confidence="0.9508927676800064">
<link xlink:type="simple" xlink:href="../057/175057.xml">
MSN Messenger</link></software>
, <link xlink:type="simple" xlink:href="../211/188211.xml">
Pidgin</link> (formerly Gaim) and <physical_entity wordnetid="100001930" confidence="0.8">
<person wordnetid="100007846" confidence="0.8">
<client wordnetid="109985075" confidence="0.8">
<traveler wordnetid="109629752" confidence="0.8">
<causal_agent wordnetid="100007347" confidence="0.8">
<case wordnetid="109898892" confidence="0.8">
<messenger wordnetid="110311021" confidence="0.8">
<link xlink:type="simple" xlink:href="../ury/30th_century.xml">
AOL Instant Messenger</link></messenger>
</case>
</causal_agent>
</traveler>
</client>
</person>
</physical_entity>
.  Instant messaging software designed for use in business includes <software wordnetid="106566077" confidence="0.9508927676800064">
<link xlink:type="simple" xlink:href="../319/856319.xml">
IBM Lotus Sametime</link></software>
, <link xlink:type="simple" xlink:href="../781/2402781.xml">
Microsoft Messenger</link>, and <link xlink:type="simple" xlink:href="../455/192455.xml">
Jabber</link>.</p>
<p>

One can add friends to a contact or "buddy" list, by entering the person's email address or messenger ID.  If the person is online, their name will typically be listed as available for chat.  Clicking on their name will activate a chat window with space to write to the other person, as well as read their reply.</p>

</ss1>
<ss1>
<st>
 Text chat </st>

<p>

<indent level="1">

<it>Main article: <link xlink:type="simple" xlink:href="../492/174492.xml">
Text chat</link></it>
</indent>
<social_group wordnetid="107950920" confidence="0.8">
<gathering wordnetid="107975026" confidence="0.8">
<community wordnetid="108223802" confidence="0.8">
<group wordnetid="100031264" confidence="0.8">
<link xlink:type="simple" xlink:href="../730/14730.xml">
Internet Relay Chat</link></group>
</community>
</gathering>
</social_group>
 (IRC) and other <link xlink:type="simple" xlink:href="../492/174492.xml">
online chat</link> technologies allow users to join <link xlink:type="simple" xlink:href="../892/38892.xml">
chat room</link>s and communicate with many people at once, publicly.  Users may join a pre-existing chat room or create a chat room about any topic.  Once inside, you may type messages that everyone else in the room can read, as well as respond to messages from others.  Often there is a steady stream of people entering and leaving.  Whether you are in another person's chat room, or one you've created yourself, you are generally free to invite others online to join you in that room. Instant messaging facilitates both <link xlink:type="simple" xlink:href="../049/8149049.xml">
one-to-one (communication)</link> and <link xlink:type="simple" xlink:href="../970/2146970.xml">
many-to-many</link> interaction.</p>

</ss1>
<ss1>
<st>
 Internet forums </st>

<p>

<indent level="1">

<it>Main article: <link xlink:type="simple" xlink:href="../813/294813.xml">
Internet forum</link></it>
</indent>
Originally modeled after the real-world paradigm of electronic <link xlink:type="simple" xlink:href="../430/3430.xml">
bulletin boards</link> of the world before Internet was born, <it>internet forums</it> allow users to post a "topic" for others to review.  Other users can view the topic and post their own comments in a linear fashion, one after the other.  Most forums are public, allowing anybody to sign up at any time.  A few are private, gated communities where new members must pay a small fee to join, like the <link>
Something Awful Forums</link>.</p>
<p>

Forums can contain many different categories in a hierarchy according to topics and subtopics. Other features include the ability to post images or files or the ability to quote another user's post with special formatting in one's own post. Forums often grow in popularity until they can boast several thousand members posting replies to tens of thousands of topics continuously. </p>
<p>

There are various standards and claimants for the market leaders of each software category.  Various add-ons may be available, including translation and spelling correction software, depending on the expertise of the operators of the bulletin board.  In some industry areas, the bulletin board has its own commercially successful achievements:  free and paid hardcopy magazines, professional and amateur sites.</p>
<p>

Current successful services have combined new tools with the older <link xlink:type="simple" xlink:href="../125/21125.xml">
newsgroup</link> and <link xlink:type="simple" xlink:href="../611/167611.xml">
mailing list</link> paradigm to produce hybrids like <web_site wordnetid="106359193" confidence="0.9508927676800064">
<link xlink:type="simple" xlink:href="../541/330541.xml">
Yahoo! Groups</link></web_site>
 and <software wordnetid="106566077" confidence="0.9508927676800064">
<link xlink:type="simple" xlink:href="../593/502593.xml">
Google Groups</link></software>
.  Also as a service catches on, it tends to adopt characteristics and tools of other services that compete.  Over time, for example, <link>
wiki user page</link>s have become social portals for individual users and may be used in place of other portal applications.</p>

</ss1>
<ss1>
<st>
 Blogs </st>

<p>

<indent level="1">

<it>Main article: <link xlink:type="simple" xlink:href="../645/33645.xml">
Blog</link></it>
</indent>
Blogs, short for web logs, are like online journals for a particular person. The owner will post a message periodically, allowing others to comment. Topics often include the owner's daily life, views on politics or a particular subject important to them. </p>
<p>

Blogs mean many things to different people, ranging from "online journal" to "easily updated personal website."  While these definitions are technically correct, they fail to capture the power of blogs as social software. Beyond being a simple homepage or an online diary, some blogs allow comments on the entries, thereby creating a discussion forum. They also have blogrolls (i.e., links to other blogs which the owner reads or admires), and indicate their social relationship to those other bloggers using the <standard wordnetid="107260623" confidence="0.8">
<system_of_measurement wordnetid="113577171" confidence="0.8">
<link xlink:type="simple" xlink:href="../597/1539597.xml">
XFN</link></system_of_measurement>
</standard>
 social relationship standard. <link xlink:type="simple" xlink:href="../560/768560.xml">
Pingback</link> and <link xlink:type="simple" xlink:href="../973/461973.xml">
trackback</link> allow one blog to notify another blog, creating an inter-blog conversation. Blogs engage readers and can build a virtual community around a particular person or interest. Examples include <web_site wordnetid="106359193" confidence="0.9508927676800064">
<link xlink:type="simple" xlink:href="../715/26715.xml">
Slashdot</link></web_site>
, <web_site wordnetid="106359193" confidence="0.9508927676800064">
<link xlink:type="simple" xlink:href="../407/92407.xml">
LiveJournal</link></web_site>
, <work wordnetid="100575741" confidence="0.8">
<social_group wordnetid="107950920" confidence="0.8">
<possession wordnetid="100032613" confidence="0.8">
<event wordnetid="100029378" confidence="0.8">
<service wordnetid="100577525" confidence="0.8">
<gathering wordnetid="107975026" confidence="0.8">
<community wordnetid="108223802" confidence="0.8">
<property wordnetid="113244109" confidence="0.8">
<group wordnetid="100031264" confidence="0.8">
<act wordnetid="100030358" confidence="0.8">
<psychological_feature wordnetid="100023100" confidence="0.8">
<activity wordnetid="100407535" confidence="0.8">
<link xlink:type="simple" xlink:href="../875/304875.xml">
BlogSpot</link></activity>
</psychological_feature>
</act>
</group>
</property>
</community>
</gathering>
</service>
</event>
</possession>
</social_group>
</work>
.  Blogging has also become fashionable in business settings, by companies who use software such as <software wordnetid="106566077" confidence="0.9508927676800064">
<link xlink:type="simple" xlink:href="../040/11278040.xml">
IBM Lotus Connections</link></software>
 and <weblink xlink:type="simple" xlink:href="http://www.jivesoftware.com">
Jive</weblink>.</p>

</ss1>
<ss1>
<st>
 Wikis </st>

<p>

<indent level="1">

<it>Main article: <link xlink:type="simple" xlink:href="../851/32851.xml">
Wiki</link></it>
</indent>
A wiki is a web page whose content can be edited by its visitors. Examples include <web_site wordnetid="106359193" confidence="0.9508927676800064">
<link xlink:type="simple" xlink:href="../734/5043734.xml">
Wikipedia</link></web_site>
, <web_site wordnetid="106359193" confidence="0.9508927676800064">
<link xlink:type="simple" xlink:href="../658/156658.xml">
Wiktionary</link></web_site>
, the original <computer wordnetid="103082979" confidence="0.8">
<structure wordnetid="105726345" confidence="0.8">
<artifact wordnetid="100021939" confidence="0.8">
<instrumentality wordnetid="103575240" confidence="0.8">
<form wordnetid="105930736" confidence="0.8">
<device wordnetid="103183080" confidence="0.8">
<machine wordnetid="103699975" confidence="0.8">
<web_site wordnetid="106359193" confidence="0.8">
<link xlink:type="simple" xlink:href="../042/452042.xml">
Portland Pattern Repository</link></web_site>
</machine>
</device>
</form>
</instrumentality>
</artifact>
</structure>
</computer>
 wiki, <social_group wordnetid="107950920" confidence="0.8">
<gathering wordnetid="107975026" confidence="0.8">
<community wordnetid="108223802" confidence="0.8">
<group wordnetid="100031264" confidence="0.8">
<link xlink:type="simple" xlink:href="../512/20512.xml">
MeatballWiki</link></group>
</community>
</gathering>
</social_group>
, CommunityWiki, and <work wordnetid="100575741" confidence="0.8">
<possession wordnetid="100032613" confidence="0.8">
<event wordnetid="100029378" confidence="0.8">
<undertaking wordnetid="100795720" confidence="0.8">
<property wordnetid="113244109" confidence="0.8">
<act wordnetid="100030358" confidence="0.8">
<psychological_feature wordnetid="100023100" confidence="0.8">
<activity wordnetid="100407535" confidence="0.8">
<link xlink:type="simple" xlink:href="../342/420342.xml">
Wikisource</link></activity>
</psychological_feature>
</act>
</property>
</undertaking>
</event>
</possession>
</work>
. For more detail on free and commercially available wiki systems see <link xlink:type="simple" xlink:href="../921/1550921.xml">
Comparison of wiki software</link>.</p>

</ss1>
<ss1>
<st>
 Collaborative real-time editor </st>

<p>

<indent level="1">

<it>Main article: <link xlink:type="simple" xlink:href="../417/1963417.xml">
Collaborative real-time editor</link></it>
</indent>
Simultaneous editing of a text or media file by different participants on a network was first demonstrated on research systems as early as the 1970s but is now practical on a global network. <skilled_worker wordnetid="110605985" confidence="0.8">
<physical_entity wordnetid="100001930" confidence="0.8">
<person wordnetid="100007846" confidence="0.8">
<editor wordnetid="110044879" confidence="0.8">
<worker wordnetid="109632518" confidence="0.8">
<causal_agent wordnetid="100007347" confidence="0.8">
<link xlink:type="simple" xlink:href="../268/863268.xml">
SubEthaEdit</link></causal_agent>
</worker>
</editor>
</person>
</physical_entity>
</skilled_worker>
, <link>
SynchroEdit</link>, <software wordnetid="106566077" confidence="0.9508927676800064">
<link xlink:type="simple" xlink:href="../635/5088635.xml">
ACE</link></software>
, <link xlink:type="simple" xlink:href="../983/1434983.xml">
Moonedit</link> are examples of this type of social software. <link xlink:type="simple" xlink:href="../405/5442405.xml">
Google Docs &amp; Spreadsheets</link> and <link xlink:type="simple" xlink:href="../002/7416002.xml">
Zoho</link> allow for joint editing, but other users will only see changes after saving.</p>

</ss1>
<ss1>
<st>
 Prediction markets </st>

<p>

<indent level="1">

<it>Main article: <link xlink:type="simple" xlink:href="../496/294496.xml">
Prediction market</link></it>
</indent>
Many prediction market tools have become available (including some <link xlink:type="simple" xlink:href="../635/10635.xml">
free software</link>) that make it easy to predict and bet on future events.  This a more formal version of social interaction, but it nonetheless qualifies as a robust type of social software.</p>

</ss1>
<ss1>
<st>
 Social network services </st>

<p>

<indent level="1">

<it>Main article: <link xlink:type="simple" xlink:href="../117/2041117.xml">
Social network service</link></it>
</indent>
Social network services allow people to come together online around shared interests, hobbies, or causes. For example, some sites provide dating services where users post personal profiles, locations, ages, gender, etc, and are able to search for a partner. Other services enable business networking (<web_site wordnetid="106359193" confidence="0.9508927676800064">
<link xlink:type="simple" xlink:href="../029/5155029.xml">
Ryze</link></web_site>
, <company wordnetid="108058098" confidence="0.9508927676800064">
<link xlink:type="simple" xlink:href="../424/2793424.xml">
XING</link></company>
, and <system wordnetid="108435388" confidence="0.8">
<possession wordnetid="100032613" confidence="0.8">
<company wordnetid="108058098" confidence="0.8">
<property wordnetid="113244109" confidence="0.8">
<group wordnetid="100031264" confidence="0.8">
<network wordnetid="108434259" confidence="0.8">
<institution wordnetid="108053576" confidence="0.8">
<link xlink:type="simple" xlink:href="../755/970755.xml">
LinkedIn</link></institution>
</network>
</group>
</property>
</company>
</possession>
</system>
) and social event meetups (<link xlink:type="simple" xlink:href="../195/212195.xml">
Meetup</link>).</p>
<p>

Some large <link xlink:type="simple" xlink:href="../851/32851.xml">
wiki</link>s effectively become social network services by encouraging user pages and portals.</p>
<p>

Anyone can create their own social networking service using hosted offerings like <web_site wordnetid="106359193" confidence="0.9508927676800064">
<link xlink:type="simple" xlink:href="../908/2830908.xml">
Ning</link></web_site>
 or rSitez, or more flexible, installable software like <software wordnetid="106566077" confidence="0.9508927676800064">
<link xlink:type="simple" xlink:href="../043/9063043.xml">
Elgg</link></software>
.</p>

</ss1>
<ss1>
<st>
 Social network search engines </st>
<p>

Social network search engines are a class of search engines that use social networks to organize, prioritize, or filter search results. There are two subclasses of social network search engines: 
those that use <b>explicit</b> social networks, and those that use <b>implicit</b> social networks:</p>
<p>

<list>
<entry level="1" type="bullet">

<b>Explicit</b> social network search engines allow people to find each other according to explicitly stated social relationships such as <standard wordnetid="107260623" confidence="0.8">
<system_of_measurement wordnetid="113577171" confidence="0.8">
<link xlink:type="simple" xlink:href="../597/1539597.xml">
XFN</link></system_of_measurement>
</standard>
 social relationships.  <standard wordnetid="107260623" confidence="0.8">
<system_of_measurement wordnetid="113577171" confidence="0.8">
<link xlink:type="simple" xlink:href="../597/1539597.xml">
XHTML Friends Network</link></system_of_measurement>
</standard>
, for example, allows people to share their relationships on their own sites, thus forming a decentralized/distributed online social network, in contrast to centralized social network services listed in the previous section.</entry>
<entry level="1" type="bullet">

<b>Implicit</b> social network search engines allow people to filter search results based upon classes of social networks they trust, such as a shared political viewpoint.  This was called an <link>
epistemic filter</link> in a <work wordnetid="100575741" confidence="0.8">
<body wordnetid="107965085" confidence="0.8">
<university wordnetid="108286163" confidence="0.8">
<examination wordnetid="100635850" confidence="0.8">
<agency wordnetid="108337324" confidence="0.8">
<educational_institution wordnetid="108276342" confidence="0.8">
<social_group wordnetid="107950920" confidence="0.8">
<administrative_unit wordnetid="108077292" confidence="0.8">
<school wordnetid="108276720" confidence="0.8">
<event wordnetid="100029378" confidence="0.8">
<survey wordnetid="100644503" confidence="0.8">
<investigation wordnetid="100633864" confidence="0.8">
<act wordnetid="100030358" confidence="0.8">
<group wordnetid="100031264" confidence="0.8">
<psychological_feature wordnetid="100023100" confidence="0.8">
<activity wordnetid="100407535" confidence="0.8">
<institution wordnetid="108053576" confidence="0.8">
<link xlink:type="simple" xlink:href="../904/31904.xml">
United Nations University</link></institution>
</activity>
</psychological_feature>
</group>
</act>
</investigation>
</survey>
</event>
</school>
</administrative_unit>
</social_group>
</educational_institution>
</agency>
</examination>
</university>
</body>
</work>
 report from 1993 which predicted that this would become the dominant means of search for most users.</entry>
</list>
</p>
<p>

Lacking trustworthy explicit information about such viewpoints, this type of social network search engine mines the web to infer the topology of online social networks.  For example, the <link>
NewsTrove</link> search engine infers social networks from content - sites, blogs, pods, and feeds - by examining,  among other things, subject matter, link relationships, and grammatical features to infer social networks.</p>

</ss1>
<ss1>
<st>
Deliberative social networks</st>
<p>

Deliberative social networks are webs of discussion and debate for decision-making purposes. They are built for the purpose of establishing sustained relationships between individuals and their government. They rely upon informed opinion and advice that is given with a clear expectation of outcomes.</p>

</ss1>
<ss1>
<st>
 Commercial social networks  </st>
<p>

Commercial social networks are designed to support business transaction and to build a trust between an individual and a brand, which relies on opinion of product, ideas to make the product better, enabling customers to participate with the brands in promoting development, service delivery, and a better customer experience.. an example of these networks is <artifact wordnetid="100021939" confidence="0.8">
<merchandise wordnetid="103748886" confidence="0.8">
<commodity wordnetid="103076708" confidence="0.8">
<link xlink:type="simple" xlink:href="../456/9644456.xml">
Dell IdeaStorm</link></commodity>
</merchandise>
</artifact>
.</p>

</ss1>
<ss1>
<st>
 Social guides </st>

<p>

A social guide recommending places to visit or contains information about places in the real world such as coffee shops, restaurants, and wifi hotspots, etc.  One such application is <link xlink:type="simple" xlink:href="../633/19329633.xml">
WikiTravel</link>.</p>

</ss1>
<ss1>
<st>
 Social bookmarking </st>

<p>

<indent level="1">

<it>Main article: <link xlink:type="simple" xlink:href="../581/1257581.xml">
Social bookmarking</link></it>
</indent>
Some Web sites allow users to post their list of <link xlink:type="simple" xlink:href="../555/5826555.xml">
bookmarks</link> or favorites websites for others to search and view them. These sites can also be used to meet others sharing common interests. Examples include <link xlink:type="simple" xlink:href="../618/11041618.xml">
digg</link>, <link xlink:type="simple" xlink:href="../308/950308.xml">
del.icio.us</link>, <software wordnetid="106566077" confidence="0.9508927676800064">
<link xlink:type="simple" xlink:href="../881/759881.xml">
StumbleUpon</link></software>
, <link xlink:type="simple" xlink:href="../005/3829005.xml">
reddit</link>, <link>
Netvouz</link>, and <link xlink:type="simple" xlink:href="../539/1010539.xml">
furl</link>.</p>

</ss1>
<ss1>
<st>
Social citations</st>
<p>

Much like social bookmarking, this software is aimed towards academics, and allows the user to post a citation for an article found on the internet or a website, online database like Academic Search Premier or LexisNexis Academic University, a book found in a library catalog, and so on. These citations can be organized into predefined categories or a new category defined by the user through the use of <link xlink:type="simple" xlink:href="../086/1707086.xml">
tags</link>. This allows academics researching or interested in similar areas to connect and share resources. Examples for those services include <link xlink:type="simple" xlink:href="../664/1678664.xml">
CiteULike</link>, <link xlink:type="simple" xlink:href="../919/1839919.xml">
Connotea</link>, <link xlink:type="simple" xlink:href="../617/10092617.xml">
BibSonomy</link> and <link xlink:type="simple" xlink:href="../858/7491858.xml">
refbase</link>.</p>


</ss1>
<ss1>
<st>
 Social libraries </st>
<p>

This applications allows visitors to keep track of their collectibles, books, records, and DVDs. Users can share their collections. Recommendations can be generated based on user ratings, using statistical computation and <link xlink:type="simple" xlink:href="../409/766409.xml">
network theory</link>. Some sites offer a buddy system, as well as virtual "check outs" of items for borrowing among friends. <word wordnetid="106286395" confidence="0.8">
<part wordnetid="113809207" confidence="0.8">
<neologism wordnetid="106294441" confidence="0.8">
<language_unit wordnetid="106284225" confidence="0.8">
<link xlink:type="simple" xlink:href="../913/1145913.xml">
Folksonomy</link></language_unit>
</neologism>
</part>
</word>
 or <link xlink:type="simple" xlink:href="../086/1707086.xml">
tagging</link> is implemented on most of these sites. Examples include <link xlink:type="simple" xlink:href="../156/744156.xml">
discogs.com</link>, <link xlink:type="simple" xlink:href="../159/1438159.xml">
imdb.com</link> and <social_group wordnetid="107950920" confidence="0.8">
<possession wordnetid="100032613" confidence="0.8">
<gathering wordnetid="107975026" confidence="0.8">
<community wordnetid="108223802" confidence="0.8">
<property wordnetid="113244109" confidence="0.8">
<group wordnetid="100031264" confidence="0.8">
<link xlink:type="simple" xlink:href="../455/4538455.xml">
LibraryThing</link></group>
</property>
</community>
</gathering>
</possession>
</social_group>
.</p>

</ss1>
<ss1>
<st>
 Virtual worlds </st>

<p>

<indent level="1">

<it>Main article: <social_group wordnetid="107950920" confidence="0.8">
<natural_object wordnetid="100019128" confidence="0.8">
<gathering wordnetid="107975026" confidence="0.8">
<community wordnetid="108223802" confidence="0.8">
<group wordnetid="100031264" confidence="0.8">
<universe wordnetid="109466280" confidence="0.8">
<link xlink:type="simple" xlink:href="../896/716896.xml">
Virtual world</link></universe>
</group>
</community>
</gathering>
</natural_object>
</social_group>
</it>
</indent>
Virtual Worlds are services where it is possible to meet and interact with other people in a virtual environment reminiscent of the real world.  Thus the term <link xlink:type="simple" xlink:href="../612/32612.xml">
virtual reality</link>.  Typically, the user manipulates an <physical_entity wordnetid="100001930" confidence="0.8">
<personification wordnetid="110418101" confidence="0.8">
<person wordnetid="100007846" confidence="0.8">
<embodiment wordnetid="110418302" confidence="0.8">
<causal_agent wordnetid="100007347" confidence="0.8">
<link xlink:type="simple" xlink:href="../746/908746.xml">
avatar</link></causal_agent>
</embodiment>
</person>
</personification>
</physical_entity>
 through the world, interacting with others using <link xlink:type="simple" xlink:href="../390/40390.xml">
chat</link> or <link xlink:type="simple" xlink:href="../849/1042849.xml">
voice chat</link>.</p>

<ss2>
<st>
Massively Multiplayer Online Games (MMOGs)</st>

<p>

<indent level="1">

<it>Main article: <link xlink:type="simple" xlink:href="../056/529056.xml">
Massively Multiplayer Online Games</link></it>
</indent>
MMOGs are virtual worlds that add various sorts of point systems, levels, competition, and winners and losers to virtual world simulation. Commercial MMOGs (or, more accurately, massively multiplayer online role-playing games or <link xlink:type="simple" xlink:href="../844/20844.xml">
MMORPG</link>s,) include <link xlink:type="simple" xlink:href="../322/10322.xml">
Everquest</link> and <event wordnetid="100029378" confidence="0.8">
<social_event wordnetid="107288639" confidence="0.8">
<contest wordnetid="107456188" confidence="0.8">
<game wordnetid="100456199" confidence="0.8">
<psychological_feature wordnetid="100023100" confidence="0.8">
<link xlink:type="simple" xlink:href="../591/379591.xml">
World of Warcraft</link></psychological_feature>
</game>
</contest>
</social_event>
</event>
. The <social_group wordnetid="107950920" confidence="0.8">
<gathering wordnetid="107975026" confidence="0.8">
<community wordnetid="108223802" confidence="0.8">
<group wordnetid="100031264" confidence="0.8">
<link xlink:type="simple" xlink:href="../089/6178089.xml">
Dotsoul</link></group>
</community>
</gathering>
</social_group>
 Cyberpark is one of the more innovative non-commercial worlds, with the look and feel of <standard wordnetid="107260623" confidence="0.8">
<medium_of_exchange wordnetid="113372961" confidence="0.8">
<system_of_measurement wordnetid="113577171" confidence="0.8">
<currency wordnetid="113385913" confidence="0.8">
<link xlink:type="simple" xlink:href="../192/589192.xml">
Second Life</link></currency>
</system_of_measurement>
</medium_of_exchange>
</standard>
 and <social_group wordnetid="107950920" confidence="0.8">
<gathering wordnetid="107975026" confidence="0.8">
<community wordnetid="108223802" confidence="0.8">
<group wordnetid="100031264" confidence="0.8">
<link xlink:type="simple" xlink:href="../878/879878.xml">
Active Worlds</link></group>
</community>
</gathering>
</social_group>
, but an adamantly anti-corporate stance. Other open-source and experimental examples include <link xlink:type="simple" xlink:href="../606/163606.xml">
Planeshift</link>, <link xlink:type="simple" xlink:href="../975/1474975.xml">
Croquet project</link>, <link xlink:type="simple" xlink:href="../857/48857.xml">
VOS</link> and <software wordnetid="106566077" confidence="0.9508927676800064">
<link xlink:type="simple" xlink:href="../594/1107594.xml">
Solipsis</link></software>
.</p>

</ss2>
<ss2>
<st>
Non-game worlds</st>
<p>

Another development are the worlds that are less game-like, or not <link xlink:type="simple" xlink:href="../138/18723138.xml">
game</link>s at all.  Games have points, winners, and losers.  Instead, some virtual worlds are more like social networking services like <company wordnetid="108058098" confidence="0.9508927676800064">
<link xlink:type="simple" xlink:href="../655/1270655.xml">
MySpace</link></company>
 and <company wordnetid="108058098" confidence="0.9508927676800064">
<link xlink:type="simple" xlink:href="../378/7529378.xml">
Facebook</link></company>
, but with 3D simulation features. Examples include <standard wordnetid="107260623" confidence="0.8">
<medium_of_exchange wordnetid="113372961" confidence="0.8">
<system_of_measurement wordnetid="113577171" confidence="0.8">
<currency wordnetid="113385913" confidence="0.8">
<link xlink:type="simple" xlink:href="../192/589192.xml">
Second Life</link></currency>
</system_of_measurement>
</medium_of_exchange>
</standard>
, <link xlink:type="simple" xlink:href="../878/879878.xml">
ActiveWorlds</link>, <event wordnetid="100029378" confidence="0.8">
<social_event wordnetid="107288639" confidence="0.8">
<contest wordnetid="107456188" confidence="0.8">
<game wordnetid="100456199" confidence="0.8">
<psychological_feature wordnetid="100023100" confidence="0.8">
<link xlink:type="simple" xlink:href="../411/184411.xml">
The Sims Online</link></psychological_feature>
</game>
</contest>
</social_event>
</event>
, and <link xlink:type="simple" xlink:href="../437/463437.xml">
There</link>.</p>

</ss2>
<ss2>
<st>
 Economies </st>
<p>

Very often a real economy emerges in these worlds, extending the non-physical <link xlink:type="simple" xlink:href="../487/327487.xml">
service economy</link> within the world to service providers in the real world.  Experts can design dresses or hairstyles for characters, go on routine missions for them, and so on, and be paid in game money to do so.  This emergence has resulted in expanding social possibility and also in increased incentives to cheat.  In the case of <standard wordnetid="107260623" confidence="0.8">
<medium_of_exchange wordnetid="113372961" confidence="0.8">
<system_of_measurement wordnetid="113577171" confidence="0.8">
<currency wordnetid="113385913" confidence="0.8">
<link xlink:type="simple" xlink:href="../192/589192.xml">
Second Life</link></currency>
</system_of_measurement>
</medium_of_exchange>
</standard>
, the in-world economy is one of the primary features of the world.</p>

</ss2>
</ss1>
<ss1>
<st>
 Other specialized social applications </st>
<p>

There are many other applications with social software characteristics that facilitate human connection and collaboration in specific contexts. <link xlink:type="simple" xlink:href="../042/24042.xml">
Project management</link> and <link xlink:type="simple" xlink:href="../677/74677.xml">
e-learning</link> applications are among these.</p>



</ss1>
</sec>
<sec>
<st>
 Emerging technologies </st>

<p>

Emerging technological capabilities to more widely distribute hosting and support much higher bandwidth in real time are bypassing central content arbiters in some cases.</p>

<ss1>
<st>
 Peer-to-peer social networks </st>
<p>

A hybrid of web-based social networks, <link xlink:type="simple" xlink:href="../951/55951.xml">
instant messaging</link> technologies and <link xlink:type="simple" xlink:href="../107/24107.xml">
peer-to-peer</link> connectivity and file sharing, <link xlink:type="simple" xlink:href="../366/1651366.xml">
peer-to-peer social networks</link> generally allow users to share <link xlink:type="simple" xlink:href="../645/33645.xml">
blog</link>s, files (especially photographs) and <link xlink:type="simple" xlink:href="../951/55951.xml">
instant messages</link>. Some examples are <link xlink:type="simple" xlink:href="../218/9815218.xml">
imeem</link>, <link>
SpinXpress</link>, Bouillon, <link xlink:type="simple" xlink:href="../688/1762688.xml">
Wirehog</link>, and <software wordnetid="106566077" confidence="0.9508927676800064">
<link xlink:type="simple" xlink:href="../525/271525.xml">
Soulseek</link></software>
. Also, <link xlink:type="simple" xlink:href="../716/52716.xml">
Groove</link>, WiredReach and <software wordnetid="106566077" confidence="0.9508927676800064">
<link xlink:type="simple" xlink:href="../239/11490239.xml">
Kerika</link></software>
 have similar functionality, but with more of a work-based, collaboration bias.</p>

</ss1>
<ss1>
<st>
 Virtual presence </st>
<p>

Widely viewed, <it>virtual presence</it> means being present via intermediate technologies, usually radio, telephone, television, or the internet.  In addition, it can denote apparent physical appearance, such as voice, face, and body language.</p>
<p>

More narrowly, the term <link>
virtual presence</link> denotes presence on <invention wordnetid="105633385" confidence="0.8">
<link xlink:type="simple" xlink:href="../139/33139.xml">
World Wide Web</link></invention>
 locations which  identified by <link xlink:type="simple" xlink:href="../277/32277.xml">
URL</link>s. People who are browsing a web site are considered to be virtually present at web locations. Virtual presence is a social software in the sense that people meet on the web by chance or intentionally. The ubiquitous(in the web space) communication transfers behavior patterns from the real world and <link xlink:type="simple" xlink:href="../896/716896.xml">
virtual world</link>s to the web. Research <ref xlink:type="simple" xlink:href="#xpointer(//reflist/entry[@id=%2212%22])">12</ref>  has demonstrated effects <ref xlink:type="simple" xlink:href="#xpointer(//reflist/entry[@id=%2213%22])">13</ref>
of online indicators</p>

</ss1>
</sec>
<sec>
<st>
References</st>


<p>

<reflist>
<entry id="1">
Helen Hasan &amp; Charmaine C Pfaff. 2006. <weblink xlink:type="simple" xlink:href="http://delivery.acm.org/10.1145/1230000/1228250/p377-hasan.pdf?key1=1228250&amp;key2=6609899811&amp;coll=GUIDE&amp;dl=GUIDE&amp;CFID=15151515&amp;CFTOKEN=6184618">
"The Wiki: an environment to revolutionise employees’ interaction with corporate knowledge" ACM International Conference Proceeding Series; Vol. 206, pp.377-380.</weblink></entry>
<entry id="2">
Helen Hasan &amp; Charmaine C Pfaff. 2006. <weblink xlink:type="simple" xlink:href="http://ro.uow.edu.au/cgi/viewcontent.cgi?article=1297&amp;context=commpapers">
"Emergent Conversational Technologies that are Democratizing Information Systems in Organizations: the case of the corporate Wiki" Proceedings of the Information Systems Foundations (ISF): Theory, Representation and Reality Conference, Australian National University, Canberra, 27-28 September 2006.</weblink></entry>
<entry id="3">
Bush, Vannevar(1945). <weblink xlink:type="simple" xlink:href="http://www.theatlantic.com/doc/194507/bush">
http://www.theatlantic.com/doc/194507/bush</weblink> </entry>
<entry id="4">
Illich, Ivan (1971). <it>Deschooling Society</it>. New York, Harper &amp; Row ISBN 0-06-012139-4 </entry>
<entry id="5">
<weblink xlink:type="simple" xlink:href="http://cade.athabascau.ca/vol1.1/bates.html">
Computer Assisted Learning or Communications:  Which Way for Information Technology in Distance Education?</weblink></entry>
<entry id="6">
<weblink xlink:type="simple" xlink:href="http://blog.ning.com/2007/04/the_story_behind_the_ning_name.html">
The Story Behind the Ning Name, by Gina Bianchini</weblink>, Ning Blog, April 11, 2007</entry>
<entry id="7">
<weblink xlink:type="simple" xlink:href="http://www.techcrunch.com/2007/07/24/9-ways-to-build-your-own-social-network/">
TechCrunch: Nine Ways to Build Your Own Social Network - July 24 2007</weblink></entry>
<entry id="8">
Stowe Boyd, <weblink xlink:type="simple" xlink:href="http://www.stoweboyd.com/message/2006/10/are_you_ready_f.html">
"Are You Ready for Social Software?"</weblink></entry>
<entry id="9">
Clay Shirky,  <weblink xlink:type="simple" xlink:href="http://www.shirky.com/writings/group_enemy.html">
"A Group is Its Own Worst Enemy"</weblink></entry>
<entry id="10">
Matt Webb, <weblink xlink:type="simple" xlink:href="http://interconnected.org/home/2004/04/28/on_social_software">
"On Social Software"</weblink></entry>
<entry id="11">
Trustlet, <weblink xlink:type="simple" xlink:href="http://www.trustlet.org/wiki/Trust_network">
Definition of trust network</weblink></entry>
<entry id="12">
 <physical_entity wordnetid="100001930" confidence="0.8">
<person wordnetid="100007846" confidence="0.8">
<causal_agent wordnetid="100007347" confidence="0.8">
<scientist wordnetid="110560637" confidence="0.8">
<link xlink:type="simple" xlink:href="../501/6293501.xml">
Sheizaf Rafaeli</link></scientist>
</causal_agent>
</person>
</physical_entity>
 &amp; Noy, A. (2002), Online auctions, messaging, communication and social facilitation: a simulation and experimental evidence, European Journal of Information Systems, September 2002, vol. 11, no. 3, pp. 196-207.</entry>
<entry id="13">
 <physical_entity wordnetid="100001930" confidence="0.8">
<person wordnetid="100007846" confidence="0.8">
<causal_agent wordnetid="100007347" confidence="0.8">
<scientist wordnetid="110560637" confidence="0.8">
<link xlink:type="simple" xlink:href="../501/6293501.xml">
Sheizaf Rafaeli</link></scientist>
</causal_agent>
</person>
</physical_entity>
 and Noy, A. (2005). <weblink xlink:type="simple" xlink:href="http://sheizaf.rafaeli.net/publications/SocialPresenceEMRafaeliNoyPrePrint.doc">
"Social Presence: Influence on Bidders in Internet Auctions"</weblink>. EM-Electronic Markets, 15(2), 158-176. </entry>
</reflist>
</p>


</sec>
<sec>
<st>
 See also </st>
<p>

<list>
<entry level="1" type="bullet">

<link xlink:type="simple" xlink:href="../921/1550921.xml">
Comparison of wiki software</link></entry>
<entry level="1" type="bullet">

<link xlink:type="simple" xlink:href="../922/11375922.xml">
Customer engagement</link></entry>
<entry level="1" type="bullet">

<word wordnetid="106286395" confidence="0.8">
<part wordnetid="113809207" confidence="0.8">
<neologism wordnetid="106294441" confidence="0.8">
<language_unit wordnetid="106284225" confidence="0.8">
<link xlink:type="simple" xlink:href="../913/1145913.xml">
Folksonomy</link></language_unit>
</neologism>
</part>
</word>
</entry>
<entry level="1" type="bullet">

<link xlink:type="simple" xlink:href="../299/3209299.xml">
List of social software</link></entry>
<entry level="1" type="bullet">

<link xlink:type="simple" xlink:href="../320/176320.xml">
Motivations for contributing to online communities</link></entry>
<entry level="1" type="bullet">

<social_group wordnetid="107950920" confidence="0.8">
<gathering wordnetid="107975026" confidence="0.8">
<community wordnetid="108223802" confidence="0.8">
<group wordnetid="100031264" confidence="0.8">
<link xlink:type="simple" xlink:href="../128/2000128.xml">
Online identity</link></group>
</community>
</gathering>
</social_group>
</entry>
<entry level="1" type="bullet">

<work wordnetid="100575741" confidence="0.8">
<examination wordnetid="100635850" confidence="0.8">
<social_relation wordnetid="100032823" confidence="0.8">
<community wordnetid="108223802" confidence="0.8">
<politics wordnetid="113840719" confidence="0.8">
<social_group wordnetid="107950920" confidence="0.8">
<event wordnetid="100029378" confidence="0.8">
<know-how wordnetid="105616786" confidence="0.8">
<gathering wordnetid="107975026" confidence="0.8">
<survey wordnetid="100644503" confidence="0.8">
<investigation wordnetid="100633864" confidence="0.8">
<method wordnetid="105660268" confidence="0.8">
<act wordnetid="100030358" confidence="0.8">
<group wordnetid="100031264" confidence="0.8">
<psychological_feature wordnetid="100023100" confidence="0.8">
<activity wordnetid="100407535" confidence="0.8">
<procedure wordnetid="101023820" confidence="0.8">
<link xlink:type="simple" xlink:href="../588/3448588.xml">
Online deliberation</link></procedure>
</activity>
</psychological_feature>
</group>
</act>
</method>
</investigation>
</survey>
</gathering>
</know-how>
</event>
</social_group>
</politics>
</community>
</social_relation>
</examination>
</work>
</entry>
<entry level="1" type="bullet">

<link xlink:type="simple" xlink:href="../076/5535076.xml">
Participatory Media</link></entry>
<entry level="1" type="bullet">

<software wordnetid="106566077" confidence="0.8">
<application wordnetid="106570110" confidence="0.8">
<program wordnetid="106568978" confidence="0.8">
<written_communication wordnetid="106349220" confidence="0.8">
<writing wordnetid="106359877" confidence="0.8">
<code wordnetid="106355894" confidence="0.8">
<coding_system wordnetid="106353757" confidence="0.8">
<link xlink:type="simple" xlink:href="../426/53426.xml">
Pseudonymity</link></coding_system>
</code>
</writing>
</written_communication>
</program>
</application>
</software>
</entry>
<entry level="1" type="bullet">

<link xlink:type="simple" xlink:href="../581/1257581.xml">
Social bookmarking</link></entry>
<entry level="1" type="bullet">

<link xlink:type="simple" xlink:href="../742/5897742.xml">
Social media</link></entry>
<entry level="1" type="bullet">

The <link xlink:type="simple" xlink:href="../038/992038.xml">
WELL</link></entry>
<entry level="1" type="bullet">

<work wordnetid="100575741" confidence="0.8">
<protocol wordnetid="106665108" confidence="0.8">
<standard wordnetid="107260623" confidence="0.8">
<direction wordnetid="106786629" confidence="0.8">
<community wordnetid="108223802" confidence="0.8">
<system_of_measurement wordnetid="113577171" confidence="0.8">
<message wordnetid="106598915" confidence="0.8">
<social_group wordnetid="107950920" confidence="0.8">
<event wordnetid="100029378" confidence="0.8">
<rule wordnetid="106652242" confidence="0.8">
<gathering wordnetid="107975026" confidence="0.8">
<service wordnetid="100577525" confidence="0.8">
<act wordnetid="100030358" confidence="0.8">
<group wordnetid="100031264" confidence="0.8">
<psychological_feature wordnetid="100023100" confidence="0.8">
<activity wordnetid="100407535" confidence="0.8">
<link xlink:type="simple" xlink:href="../994/18588994.xml">
Usenet</link></activity>
</psychological_feature>
</group>
</act>
</service>
</gathering>
</rule>
</event>
</social_group>
</message>
</system_of_measurement>
</community>
</direction>
</standard>
</protocol>
</work>
</entry>
<entry level="1" type="bullet">

<link xlink:type="simple" xlink:href="../164/33164.xml">
Wiki software</link></entry>
<entry level="1" type="bullet">

</entry>
<entry level="1" type="bullet">

<link xlink:type="simple" xlink:href="../311/6802311.xml">
Enterprise 2.0</link></entry>
<entry level="1" type="bullet">

<work wordnetid="100575741" confidence="0.8">
<event wordnetid="100029378" confidence="0.8">
<service wordnetid="100577525" confidence="0.8">
<act wordnetid="100030358" confidence="0.8">
<psychological_feature wordnetid="100023100" confidence="0.8">
<meme wordnetid="105985126" confidence="0.8">
<activity wordnetid="100407535" confidence="0.8">
<acculturation wordnetid="105984936" confidence="0.8">
<link xlink:type="simple" xlink:href="../022/1555022.xml">
Web 2.0</link></acculturation>
</activity>
</meme>
</psychological_feature>
</act>
</service>
</event>
</work>
</entry>
<entry level="1" type="bullet">

<link xlink:type="simple" xlink:href="../320/176320.xml">
Online web community</link></entry>
<entry level="1" type="bullet">

<link xlink:type="simple" xlink:href="../404/1673404.xml">
Commons-based peer production</link></entry>
</list>
</p>

</sec>
<sec>
<st>
 External links </st>
<p>

<list>
<entry level="1" type="bullet">

 <weblink xlink:type="simple" xlink:href="http://www.conectafrica.ning.com">
Conectafrica</weblink>: Ning network, Social Software against poverty (PhD investigation)</entry>
<entry level="1" type="bullet">

 <weblink xlink:type="simple" xlink:href="http://www.phpmotion.com">
PHPmotion - Media Sharing CMS</weblink></entry>
<entry level="1" type="bullet">

 <weblink xlink:type="simple" xlink:href="http://www.spaces.ro">
Spaces.ro - Example of Social Software</weblink></entry>
<entry level="1" type="bullet">

 <weblink xlink:type="simple" xlink:href="http://www.lifewithalacrity.com/2004/10/tracing_the_evo.html">
Tracing the Evolution of Social Software</weblink></entry>
<entry level="1" type="bullet">

 <weblink xlink:type="simple" xlink:href="http://www.dfdsjumbo.com/social-bookmarks-script-generator/en/">
Social Bookmarks Script Generator</weblink></entry>
<entry level="1" type="bullet">

 <weblink xlink:type="simple" xlink:href="http://www.w3.org/Talks/980922-MIT6805/SocialProtocols.html">
Social Protocols: An Introduction</weblink></entry>
<entry level="1" type="bullet">

 <link xlink:type="simple" xlink:href="../329/2646329.xml">
Tom Coates</link>' <weblink xlink:type="simple" xlink:href="http://www.plasticbag.org/archives/2003/05/my_working_definition_of_social_software.shtml">
Definition of Social Software</weblink> and <weblink xlink:type="simple" xlink:href="http://www.plasticbag.org/archives/2005/01/an_addendum_to_a_definition_of_social_software.shtml">
Revised / Simplified Definition of Social Software</weblink></entry>
</list>
</p>


</sec>
</bdy>
</article>
