<?xml version="1.0" encoding="UTF-8"?>
<!-- generated by CLiX/Wiki2XML [MPI-Inf, MMCI@UdS] $LastChangedRevision: 92 $ on 16.04.2009 16:35:23[mciao0826] -->
<!DOCTYPE article SYSTEM "../article.dtd">
<article xmlns:xlink="http://www.w3.org/1999/xlink">
<ingredient  confidence="0.9511911446218017" wordnetid="103570709">
<header>
<title>Vanillin</title>
<id>228190</id>
<revision>
<id>244255055</id>
<timestamp>2008-10-09T23:51:56Z</timestamp>
<contributor>
<username>Agne27</username>
<id>1279957</id>
</contributor>
</revision>
<categories>
<category>Aromatic compounds</category>
<category>perfume ingredients</category>
<category>Flavors</category>
<category>Aldehydes</category>
<category>Phenols</category>
</categories>
</header>
<bdy>

<table style="float: right; clear: right; margin: 0 0 1em 1em; border-collapse: collapse;" width="250px" class="toccolours" border="1">
<header colspan="2" style="width: 30%; background: #F8EABA; text-align: center;">
Vanillin</header>
<row>
<col colspan="2" align="center" bgcolor="#ffffff">
 <image width="120px" src="Vanillin.png">
<caption>

Vanillin
</caption>
</image>
</col>
</row>
<row>
<col colspan="2" align="center" bgcolor="#ffffff">
 <image width="130px" src="Vanillin-3d.png">
</image>
</col>
</row>


<row>
<col>
 <link xlink:type="simple" xlink:href="../503/3141503.xml">
IUPAC name</link></col>
<col>
4-Hydroxy-3-methoxybenzaldehyde</col>
</row>
<row>
<col>
Other names</col>
<col>
VanilinVanillic aldehydeMethyl vanillin</col>
</row>
<row>
<header>
style="background: #F8EABA; text-align: center;" colspan="2"</header>
<header>
style="background: #F8EABA; text-align: center;" colspan="2"</header>
<header>
style="background: #F8EABA; text-align: center;" colspan="2"</header>
<header>
style="background: #F8EABA; text-align: center;" colspan="2"</header>
<col colspan="2" style="width: 30%; background: #F8EABA; text-align: center;">
 Except where noted otherwise, data are given for materials in their <link xlink:type="simple" xlink:href="../224/240224.xml">
standard state(at 25&nbsp;°C, 100&nbsp;kPa)</link></col>
</row>
</table>

<p>

<b>Vanillin</b>, <b>methyl vanillin</b>, or <it>4-hydroxy-3-methoxybenzaldehyde</it>, is an <link xlink:type="simple" xlink:href="../203/22203.xml">
organic compound</link> with the molecular formula C8H8O3.  Its <link xlink:type="simple" xlink:href="../911/10911.xml">
functional groups</link> include <link xlink:type="simple" xlink:href="../329/37329.xml">
aldehyde</link>, <link xlink:type="simple" xlink:href="../263/9263.xml">
ether</link> and <link xlink:type="simple" xlink:href="../085/24085.xml">
phenol</link>.  It is the primary component of the extract of the <link xlink:type="simple" xlink:href="../623/32623.xml">
vanilla</link> bean.  Synthetic vanillin, instead of natural vanilla extract, is sometimes used as a <link xlink:type="simple" xlink:href="../591/10591.xml">
flavoring agent</link> in foods, beverages, and pharmaceuticals.</p>
<p>

Methyl vanillin is used by the food industry as well as <link xlink:type="simple" xlink:href="../891/19035891.xml">
ethylvanillin</link>. The ethyl is more expensive but has a stronger note.  It differs from vanillin by having an ethoxy group (-O-CH2CH3) instead of a methoxy group (-O-CH3).</p>
<p>

Natural "vanilla extract" is a mixture of several hundred different compounds in addition to vanillin.  Artificial vanilla flavoring is a solution of pure vanillin, usually of synthetic origin. Because of the scarcity and expense of natural vanilla extract, there has long been interest in the synthetic preparation of its predominant component.  The first commercial synthesis of vanillin began with the more readily available natural compound <link xlink:type="simple" xlink:href="../656/1362656.xml">
eugenol</link>.  Today, artificial vanillin is made from either <link xlink:type="simple" xlink:href="../389/3212389.xml">
guaiacol</link> or from <link xlink:type="simple" xlink:href="../996/190996.xml">
lignin</link>, a constituent of <link xlink:type="simple" xlink:href="../550/33550.xml">
wood</link> which is a byproduct of the <link xlink:type="simple" xlink:href="../465/293465.xml">
paper industry</link>.</p>
<p>

Lignin-based artificial vanilla flavoring is alleged to have a richer flavor profile than oil-based flavoring; the difference is due to the presence of <link xlink:type="simple" xlink:href="../249/10846249.xml">
acetovanillone</link> in the lignin-derived product, an impurity not found in vanillin synthesized from guaiacol.<ref xlink:type="simple" xlink:href="#xpointer(//reflist/entry[@id=%221%22])">1</ref></p>

<sec>
<st>
History</st>
<p>

Vanilla was cultivated as a flavoring by pre-Columbian Mesoamerican peoples; at the time of their conquest by <link>
Hernán Cortés</link>, the <link xlink:type="simple" xlink:href="../198/53198.xml">
Aztecs</link> used it as a flavoring for <link xlink:type="simple" xlink:href="../089/7089.xml">
chocolate</link>.  Europeans became aware of both chocolate and vanilla around the year 1520.<ref xlink:type="simple" xlink:href="#xpointer(//reflist/entry[@id=%222%22])">2</ref></p>
<p>

Vanillin was first isolated as a relatively pure substance in 1858 by <link xlink:type="simple" xlink:href="../983/3764983.xml">
Nicolas-Theodore Gobley</link>, who obtained it by evaporating a vanilla extract to dryness, and <link xlink:type="simple" xlink:href="../022/531022.xml">
recrystallizing</link> the resulting solids from hot water.<ref xlink:type="simple" xlink:href="#xpointer(//reflist/entry[@id=%223%22])">3</ref> In 1874, the German scientists <scientist wordnetid="110560637" confidence="0.9508927676800064">
<link xlink:type="simple" xlink:href="../447/15611447.xml">
Ferdinand Tiemann</link></scientist>
 and <scientist wordnetid="110560637" confidence="0.9508927676800064">
<link xlink:type="simple" xlink:href="../936/15637936.xml">
Wilhelm Haarmann</link></scientist>
 deduced its chemical structure, at the same time finding a synthesis for vanillin from <link xlink:type="simple" xlink:href="../368/15647368.xml">
coniferin</link>, a <link xlink:type="simple" xlink:href="../902/518902.xml">
glycoside</link> of <link>
isoeugenol</link> found in <link xlink:type="simple" xlink:href="../389/39389.xml">
pine</link> bark.<ref xlink:type="simple" xlink:href="#xpointer(//reflist/entry[@id=%224%22])">4</ref> Tiemann and Haarmann founded a company, Haarmann &amp; Reimer (now part of <company wordnetid="108058098" confidence="0.9508927676800064">
<link xlink:type="simple" xlink:href="../558/3483558.xml">
Symrise</link></company>
) and started the first industrial production of Vanillin using their process in <location wordnetid="100027167" confidence="0.9508927676800064">
<link xlink:type="simple" xlink:href="../795/1341795.xml">
Holzminden</link></location>
 (<country wordnetid="108544813" confidence="0.9508927676800064">
<link xlink:type="simple" xlink:href="../867/11867.xml">
Germany</link></country>
). In 1876, <link>
Karl Reimer</link> synthesized vanillin from <link xlink:type="simple" xlink:href="../389/3212389.xml">
guaiacol</link>.<ref xlink:type="simple" xlink:href="#xpointer(//reflist/entry[@id=%225%22])">5</ref>  By the late 19th century, semisynthetic vanillin derived from the <link xlink:type="simple" xlink:href="../656/1362656.xml">
eugenol</link> found in <link xlink:type="simple" xlink:href="../950/70950.xml">
clove</link> oil was commercially available.<ref xlink:type="simple" xlink:href="#xpointer(//reflist/entry[@id=%226%22])">6</ref></p>
<p>

Synthetic vanillin became significantly more available in the 1930s, when production from <link xlink:type="simple" xlink:href="../256/4435256.xml">
clove oil</link> was supplanted by production from the <link xlink:type="simple" xlink:href="../996/190996.xml">
lignin</link>-containing waste produced by the <link>
Sulfite pulping process</link> for preparing wood pulp for the <link xlink:type="simple" xlink:href="../908/16861908.xml">
paper</link> industry.  By 1981, a single pulp and paper mill in Ontario supplied 60% of the world market for synthetic vanillin.<ref xlink:type="simple" xlink:href="#xpointer(//reflist/entry[@id=%227%22])">7</ref>  However, subsequent developments in the wood pulp industry have made its lignin wastes less attractive as a raw material for vanillin synthesis.  While some vanillin is still made from lignin wastes, most synthetic vanillin is today synthesized in a two-step process from the petrochemical precursors <link xlink:type="simple" xlink:href="../389/3212389.xml">
guaiacol</link> and <link xlink:type="simple" xlink:href="../056/2949056.xml">
glyoxylic acid</link>.<ref xlink:type="simple" xlink:href="#xpointer(//reflist/entry[@id=%228%22])">8</ref></p>
<p>

Beginning in 2000, <company wordnetid="108058098" confidence="0.9508927676800064">
<link xlink:type="simple" xlink:href="../914/9475914.xml">
Rhodia</link></company>
 began marketing biosynthetic vanillin prepared by the action of microorganisms on <link xlink:type="simple" xlink:href="../110/2630110.xml">
ferulic acid</link> extracted from <link xlink:type="simple" xlink:href="../377/489377.xml">
rice bran</link>.  At $700/kg, this product, sold under the trademarked name Rhovanil Natural, is not cost-competitive with petrochemical vanillin, which sells for around $15/kg.<ref xlink:type="simple" xlink:href="#xpointer(//reflist/entry[@id=%229%22])">9</ref> However, unlike vanillin synthesized from lignin or guaiacol, it can be labeled as a natural flavoring.</p>

</sec>
<sec>
<st>
Occurrence</st>
<p>

Vanillin is most prominent as the principal flavor and aroma compound in vanilla.  Cured vanilla pods contain approximately 2% by dry weight vanillin; on cured pods of high quality, relatively pure vanillin may be visible as a white dust or "frost" on the exterior of the pod.</p>
<p>

At lower concentrations, vanillin contributes to the flavor and aroma profiles of foodstuffs as diverse as <link xlink:type="simple" xlink:href="../478/22478.xml">
olive oil</link>,<ref xlink:type="simple" xlink:href="#xpointer(//reflist/entry[@id=%2210%22])">10</ref> <link xlink:type="simple" xlink:href="../183/46183.xml">
butter</link>,<ref xlink:type="simple" xlink:href="#xpointer(//reflist/entry[@id=%2211%22])">11</ref> <link xlink:type="simple" xlink:href="../409/276409.xml">
raspberry</link><ref xlink:type="simple" xlink:href="#xpointer(//reflist/entry[@id=%2212%22])">12</ref> and <link xlink:type="simple" xlink:href="../658/79658.xml">
lychee</link><ref xlink:type="simple" xlink:href="#xpointer(//reflist/entry[@id=%2213%22])">13</ref> fruits.  Aging in <link xlink:type="simple" xlink:href="../887/748887.xml">
oak (wine)</link> barrels imparts vanillin to some <link xlink:type="simple" xlink:href="../961/32961.xml">
wine</link>s and <link xlink:type="simple" xlink:href="../497/1318497.xml">
spirit</link>s.<ref xlink:type="simple" xlink:href="#xpointer(//reflist/entry[@id=%2214%22])">14</ref>  In other foods, heat treatment evolves vanillin from other chemicals.  In this way, vanillin contributes to the flavor and aroma of <link xlink:type="simple" xlink:href="../727/604727.xml">
coffee</link>,<ref xlink:type="simple" xlink:href="#xpointer(//reflist/entry[@id=%2215%22])">15</ref> <link xlink:type="simple" xlink:href="../886/19886.xml">
maple syrup</link>,<ref xlink:type="simple" xlink:href="#xpointer(//reflist/entry[@id=%2216%22])">16</ref> and <link xlink:type="simple" xlink:href="../597/2052597.xml">
whole grain</link> products including corn <link xlink:type="simple" xlink:href="../791/87791.xml">
tortilla</link>s<ref xlink:type="simple" xlink:href="#xpointer(//reflist/entry[@id=%2217%22])">17</ref> and <link xlink:type="simple" xlink:href="../310/193310.xml">
oatmeal</link>.<ref xlink:type="simple" xlink:href="#xpointer(//reflist/entry[@id=%2218%22])">18</ref></p>

</sec>
<sec>
<st>
Production</st>
<p>

<image location="left" width="150px" src="Vanilla_fragrans_2.jpg" type="thumb">
<caption>

These green seed pods contain vanillin only in its glycoside form, and lack the characteristic odor of vanilla.
</caption>
</image>
</p>

<ss1>
<st>
Natural production</st>
<p>

Natural vanillin is extracted from the seed pods of <it><link xlink:type="simple" xlink:href="../623/32623.xml">
Vanilla</link> planifola</it>, a <link xlink:type="simple" xlink:href="../607/66607.xml">
vining</link> <link xlink:type="simple" xlink:href="../719/22719.xml">
orchid</link> native to <body wordnetid="107965085" confidence="0.8">
<social_group wordnetid="107950920" confidence="0.8">
<political_orientation wordnetid="106212839" confidence="0.8">
<colony wordnetid="108374049" confidence="0.8">
<state wordnetid="108168978" confidence="0.8">
<political_unit wordnetid="108359949" confidence="0.8">
<group wordnetid="100031264" confidence="0.8">
<democracy wordnetid="106217103" confidence="0.8">
<link xlink:type="simple" xlink:href="../054/3966054.xml">
Mexico</link></democracy>
</group>
</political_unit>
</state>
</colony>
</political_orientation>
</social_group>
</body>
, but now grown in tropical areas around the globe.  <country wordnetid="108544813" confidence="0.9508927676800064">
<link xlink:type="simple" xlink:href="../964/18964.xml">
Madagascar</link></country>
 is presently the largest producer of natural vanillin.</p>
<p>

As harvested, the green seed pods contain vanillin in the form of its β-D-<link xlink:type="simple" xlink:href="../902/518902.xml">
glycoside</link>; the green pods do not have the flavor or odor of vanilla.<ref xlink:type="simple" xlink:href="#xpointer(//reflist/entry[@id=%2219%22])">19</ref>  After being harvested, their flavor is developed by a months-long curing process, the details of which vary among vanilla-producing regions, but in broad terms it proceeds as follows:</p>
<p>

First, the seed pods are <link xlink:type="simple" xlink:href="../668/436668.xml">
blanched</link> in hot water, to arrest the processes of the living plant tissues.  Then, for 1&ndash;2 weeks, the pods are alternately sunned and sweated: during the day, they are laid out in the sun, and each night, wrapped in cloth and packed in airtight boxes to sweat.  During this process, the pods become a dark brown, and <link xlink:type="simple" xlink:href="../257/9257.xml">
enzyme</link>s in the pod release vanillin as the free molecule.  Finally, the pods are dried and further aged for several months, during which time their flavors further develop.  Several methods have been described for curing vanilla in days rather than months, although they have not been widely developed in the natural vanilla industry,<ref xlink:type="simple" xlink:href="#xpointer(//reflist/entry[@id=%2220%22])">20</ref> with its focus on producing a premium product by established methods, rather than on innovations that might alter the product's flavor profile.</p>
<p>

Vanillin accounts for about 2% of the dry weight of cured vanilla beans, and is the chief among about 200 other flavor compounds found in vanilla.</p>

</ss1>
<ss1>
<st>
Chemical synthesis</st>
<p>

The demand for vanilla flavoring has long exceeded the supply of vanilla beans. <link xlink:type="simple" xlink:href="../582/80582.xml">
As of 2001</link>, the annual demand for vanillin was 12,000 tons, but only 1800 tons of natural vanillin were produced.<ref xlink:type="simple" xlink:href="#xpointer(//reflist/entry[@id=%2221%22])">21</ref> The remainder was produced by <link xlink:type="simple" xlink:href="../029/85029.xml">
chemical synthesis</link>. Vanillin was first synthesized from <link xlink:type="simple" xlink:href="../656/1362656.xml">
eugenol</link> (found in oil of <link xlink:type="simple" xlink:href="../950/70950.xml">
clove</link>) in 1874–75, less than 20 years after it was first identified and isolated. Vanillin was commercially produced from eugenol until the 1920s.<ref xlink:type="simple" xlink:href="#xpointer(//reflist/entry[@id=%2222%22])">22</ref> Later it was synthesized from <link xlink:type="simple" xlink:href="../996/190996.xml">
lignin</link>-containing "brown liquor", a byproduct of the <link xlink:type="simple" xlink:href="../339/13611339.xml">
sulfite process</link> for making <link xlink:type="simple" xlink:href="../844/215844.xml">
wood pulp</link>.<ref xlink:type="simple" xlink:href="#xpointer(//reflist/entry[@id=%2223%22])">23</ref> Counter-intuitively, even though it uses waste materials, the lignin process is no longer popular because of environmental concerns, and today most vanillin is produced from the <link xlink:type="simple" xlink:href="../729/67729.xml">
petrochemical</link> raw material <link xlink:type="simple" xlink:href="../389/3212389.xml">
guaiacol</link>.<ref xlink:type="simple" xlink:href="#xpointer(//reflist/entry[@id=%2224%22])">24</ref> Several routes exist for synthesizing vanillin from guaiacol.<ref xlink:type="simple" xlink:href="#xpointer(//reflist/entry[@id=%2225%22])">25</ref>  At present, the most significant of these is the two-step process practiced by <company wordnetid="108058098" confidence="0.9508927676800064">
<link xlink:type="simple" xlink:href="../914/9475914.xml">
Rhodia</link></company>
 since the 1970s, in which guaiacol reacts with <link xlink:type="simple" xlink:href="../056/2949056.xml">
glyoxylic acid</link> by <link xlink:type="simple" xlink:href="../998/508998.xml">
electrophilic aromatic substitution</link>.  The resulting vanilmandelic acid is then converted to vanillin by oxidative decarboxylation.<ref xlink:type="simple" xlink:href="#xpointer(//reflist/entry[@id=%2226%22])">26</ref> In October 2007 Mayu Yamamoto of the International Medical Center of Japan won an <link xlink:type="simple" xlink:href="../207/15207.xml">
Ig Nobel</link> prize for developing a way to extract vanillin from cow dung.<ref xlink:type="simple" xlink:href="#xpointer(//reflist/entry[@id=%2227%22])">27</ref></p>

</ss1>
</sec>
<sec>
<st>
Uses</st>
<p>

The largest use of vanillin is as a flavoring, usually in <link xlink:type="simple" xlink:href="../797/1781797.xml">
sweet</link> foods.  The <link xlink:type="simple" xlink:href="../212/48212.xml">
ice cream</link> and <link xlink:type="simple" xlink:href="../089/7089.xml">
chocolate</link> industries together comprise 75% of the market for vanillin as a flavoring, with smaller amounts being used in <link xlink:type="simple" xlink:href="../760/44760.xml">
confection</link>s and <link xlink:type="simple" xlink:href="../634/52634.xml">
baked goods</link>.<ref xlink:type="simple" xlink:href="#xpointer(//reflist/entry[@id=%2228%22])">28</ref></p>
<p>

Vanillin is also used in the fragrance industry, in <link xlink:type="simple" xlink:href="../581/98581.xml">
perfume</link>s, and to mask unpleasant odors or tastes in medicines, livestock <link xlink:type="simple" xlink:href="../526/634526.xml">
fodder</link>, and cleaning products.<ref xlink:type="simple" xlink:href="#xpointer(//reflist/entry[@id=%2229%22])">29</ref></p>
<p>

Vanillin has been used as a chemical intermediate in the production of <link xlink:type="simple" xlink:href="../172/9311172.xml">
pharmaceuticals</link> and other <link xlink:type="simple" xlink:href="../845/3694845.xml">
fine chemicals</link>.  In 1970, more than half the world's vanillin production was used in the synthesis of other chemicals,<ref xlink:type="simple" xlink:href="#xpointer(//reflist/entry[@id=%2230%22])">30</ref> but as of 2004 this use accounts for only 13% of the market for vanillin.<ref xlink:type="simple" xlink:href="#xpointer(//reflist/entry[@id=%2231%22])">31</ref></p>
<p>

Additionally, vanillin can be used as a general purpose stain for developing <link xlink:type="simple" xlink:href="../225/2152225.xml">
thin layer chromatography</link> (TLC) plates to aid in visualizing components of a reaction mixture.  This stain yields a range of colors for these different components.</p>

</sec>
<sec>
<st>
See also</st>
<p>

<list>
<entry level="1" type="bullet">

<link xlink:type="simple" xlink:href="../317/19696317.xml">
Phenolic compounds in wine</link></entry>
</list>
</p>

</sec>
<sec>
<st>
References</st>

<p>

<list>
<entry level="1" type="bullet">

  <cite style="font-style:normal">Adahchour, Mohamed; René J. J. Vreuls, Arnold van der Heijden and Udo A. Th. Brinkman&#32;(1999).&#32;"Trace-level determination of polar flavour compounds in butter by solid-phase extraction and gas chromatography–mass spectrometry". <it>Journal of Chromatography A</it>&#32;<b>844</b>&#32;(1-2): 295–305. <document wordnetid="106470073" confidence="0.8">
<written_communication wordnetid="106349220" confidence="0.8">
<writing wordnetid="106362953" confidence="0.8">
<link xlink:type="simple" xlink:href="../994/422994.xml">
doi</link></writing>
</written_communication>
</document>
:<weblink xlink:type="simple" xlink:href="http://dx.doi.org/10.1016%2FS0021-9673%2899%2900351-9">
10.1016/S0021-9673(99)00351-9</weblink>.</cite>&nbsp;</entry>
<entry level="1" type="bullet">

  <cite style="font-style:normal">Blank, Imre; Alina Sen, and Werner Grosch&#32;(1992).&#32;"Potent odorants of the roasted powder and brew of Arabica coffee". <it>Zeitschrift für Lebensmittel-Untersuchung und -Forschung A</it>&#32;<b>195</b>&#32;(3): 239–245. <document wordnetid="106470073" confidence="0.8">
<written_communication wordnetid="106349220" confidence="0.8">
<writing wordnetid="106362953" confidence="0.8">
<link xlink:type="simple" xlink:href="../994/422994.xml">
doi</link></writing>
</written_communication>
</document>
:<weblink xlink:type="simple" xlink:href="http://dx.doi.org/10.1007%2FBF01202802">
10.1007/BF01202802</weblink>.</cite>&nbsp;</entry>
<entry level="1" type="bullet">

  <cite style="font-style:normal">Brenes, Manuel; Aranzazu García, Pedro García, José J. Rios, and Antonio Garrido&#32;(1999).&#32;"Phenolic Compounds in Spanish Olive Oils". <it>Journal of Agricultural and Food Chemistry</it>&#32;<b>47</b>&#32;(9): 3535–3540. <document wordnetid="106470073" confidence="0.8">
<written_communication wordnetid="106349220" confidence="0.8">
<writing wordnetid="106362953" confidence="0.8">
<link xlink:type="simple" xlink:href="../994/422994.xml">
doi</link></writing>
</written_communication>
</document>
:<weblink xlink:type="simple" xlink:href="http://dx.doi.org/10.1021%2Fjf990009o">
10.1021/jf990009o</weblink>.</cite>&nbsp;</entry>
<entry level="1" type="bullet">

  <cite style="font-style:normal">Buttery, Ron G.; and Louisa C. Ling&#32;(1995).&#32;"Volatile Flavor Components of Corn Tortillas and Related Products". <it>Journal of Agricultural and Food Chemistry</it>&#32;<b>43</b>&#32;(7): 1878–1882. <document wordnetid="106470073" confidence="0.8">
<written_communication wordnetid="106349220" confidence="0.8">
<writing wordnetid="106362953" confidence="0.8">
<link xlink:type="simple" xlink:href="../994/422994.xml">
doi</link></writing>
</written_communication>
</document>
:<weblink xlink:type="simple" xlink:href="http://dx.doi.org/10.1021%2Fjf00055a023">
10.1021/jf00055a023</weblink>.</cite>&nbsp;</entry>
<entry level="1" type="bullet">

  <cite style="font-style:normal">Dignum, Mark J. W.; Josef Kerlera, and Rob Verpoorte&#32;(2001).&#32;"<weblink xlink:type="simple" xlink:href="http://taylorandfrancis.metapress.com/link.asp?id=db9u44c22f9dqt7w">
Vanilla Production: Technological, Chemical, and Biosynthetic Aspects</weblink>". <it>Food Reviews International</it>&#32;<b>17</b>&#32;(2): 119–120. <document wordnetid="106470073" confidence="0.8">
<written_communication wordnetid="106349220" confidence="0.8">
<writing wordnetid="106362953" confidence="0.8">
<link xlink:type="simple" xlink:href="../994/422994.xml">
doi</link></writing>
</written_communication>
</document>
:<weblink xlink:type="simple" xlink:href="http://dx.doi.org/10.1081%2FFRI-100000269">
10.1081/FRI-100000269</weblink>. Retrieved on <link>
2006-09-09</link>.</cite>&nbsp;</entry>
<entry level="1" type="bullet">

 <cite style="font-style:normal">Esposito, Lawrence J.; K. Formanek, G. Kientz, F. Mauger, V. Maureaux, G. Robert, and F. Truchet&#32;(1997).&#32;"Vanillin".&#32;<it>Kirk-Othmer Encyclopedia of Chemical Technology, 4th edition</it>&#32;<b>24</b>.&#32;&#32;New York:&#32;John Wiley &amp; Sons.&#32;812–825.</cite>&nbsp;</entry>
<entry level="1" type="bullet">

 <cite style="font-style:normal" class="book">Fund for Research into Industrial Development, Growth and Equity (FRIDGE)&#32;(2004). <weblink xlink:type="simple" xlink:href="http://www.nedlac.org.za/top.asp?inc=research/fridge/aroma/index.html">
Study into the Establishment of an Aroma and Fragrance Fine Chemicals Value Chain in South Africa, Part Three: Aroma Chemicals Derived from Petrochemical Feedstocks</weblink>.&#32;National Economic Development and Labor Council.</cite>&nbsp;</entry>
<entry level="1" type="bullet">

 <cite style="font-style:normal">Gobley, N.-T.&#32;(1858).&#32;"Recherches sur le principe odorant de la vanille". <it>Journal de Pharmacie et de Chimie</it>&#32;<b>34</b>: 401–405.</cite>&nbsp;</entry>
<entry level="1" type="bullet">

  <cite style="font-style:normal">Guth, Helmut; and Werner Grosch&#32;(1995).&#32;"Odorants of extrusion products of oat meal: Changes during storage". <it>Zeitschrift für Lebensmittel-Untersuchung und -Forschung A</it>&#32;<b>196</b>&#32;(1): 22–28. <document wordnetid="106470073" confidence="0.8">
<written_communication wordnetid="106349220" confidence="0.8">
<writing wordnetid="106362953" confidence="0.8">
<link xlink:type="simple" xlink:href="../994/422994.xml">
doi</link></writing>
</written_communication>
</document>
:<weblink xlink:type="simple" xlink:href="http://dx.doi.org/10.1007%2FBF01192979">
10.1007/BF01192979</weblink>.</cite>&nbsp;</entry>
<entry level="1" type="bullet">

 <cite style="font-style:normal">Hocking, Martin B.&#32;(September 1997).&#32;"<weblink xlink:type="simple" xlink:href="http://jchemed.chem.wisc.edu/hs/Journal/Issues/1997/Sep/abs1055.html">
Vanillin: Synthetic Flavoring from Spent Sulfite Liquor</weblink>"&#32;(PDF). <it>Journal of Chemical Education</it>&#32;<b>74</b>&#32;(9): 1055. Retrieved on <link>
2006-09-09</link>.</cite>&nbsp;</entry>
<entry level="1" type="bullet">

  <cite style="font-style:normal">Kermasha, S.; M. Goetghebeur, and J. Dumont&#32;(1995).&#32;"Determination of Phenolic Compound Profiles in Maple Products by High-Performance Liquid Chromatography". <it>Journal of Agricultural and Food Chemistry</it>&#32;<b>43</b>&#32;(3): 708–716. <document wordnetid="106470073" confidence="0.8">
<written_communication wordnetid="106349220" confidence="0.8">
<writing wordnetid="106362953" confidence="0.8">
<link xlink:type="simple" xlink:href="../994/422994.xml">
doi</link></writing>
</written_communication>
</document>
:<weblink xlink:type="simple" xlink:href="http://dx.doi.org/10.1021%2Fjf00051a028">
10.1021/jf00051a028</weblink>.</cite>&nbsp;</entry>
<entry level="1" type="bullet">

  <cite style="font-style:normal">Lampman, Gary M.; Jennifer Andrews, Wayne Bratz, Otto Hanssen, Kenneth Kelley, Dana Perry, and Anthony Ridgeway&#32;(1977).&#32;"Preparation of vanillin from eugenol and sawdust". <it>Journal of Chemical Education</it>&#32;<b>54</b>&#32;(12): 776–778.</cite>&nbsp;</entry>
<entry level="1" type="bullet">

  <cite style="font-style:normal">Ong, Peter K. C.; Terry E. Acree&#32;(1998).&#32;"Gas Chromatography/Olfactory Analysis of Lychee (Litchi chinesis Sonn.)". <it>Journal of Agricultural and Food Chemistry</it>&#32;<b>46</b>&#32;(6): 2282–2286. <document wordnetid="106470073" confidence="0.8">
<written_communication wordnetid="106349220" confidence="0.8">
<writing wordnetid="106362953" confidence="0.8">
<link xlink:type="simple" xlink:href="../994/422994.xml">
doi</link></writing>
</written_communication>
</document>
:<weblink xlink:type="simple" xlink:href="http://dx.doi.org/10.1021%2Fjf9801318">
10.1021/jf9801318</weblink>.</cite>&nbsp;</entry>
<entry level="1" type="bullet">

  <cite style="font-style:normal">Reimer, K.&#32;(1876).&#32;"Ueber eine neue Bildungsweise aromatischer Aldehyde". <it>Berichte der deutschen chemischen Gesellschaft</it>&#32;<b>9</b>&#32;(1): 423–424. <document wordnetid="106470073" confidence="0.8">
<written_communication wordnetid="106349220" confidence="0.8">
<writing wordnetid="106362953" confidence="0.8">
<link xlink:type="simple" xlink:href="../994/422994.xml">
doi</link></writing>
</written_communication>
</document>
:<weblink xlink:type="simple" xlink:href="http://dx.doi.org/10.1002%2Fcber.187600901134">
10.1002/cber.187600901134</weblink>.</cite>&nbsp;</entry>
<entry level="1" type="bullet">

  <cite style="font-style:normal">Roberts, Deborah D.; Terry E. Acree&#32;(1996).&#32;"Effects of Heating and Cream Addition on Fresh Raspberry Aroma Using a Retronasal Aroma Simulator and Gas Chromatography Olfactometry". <it>Journal of Agricultural and Food Chemistry</it>&#32;<b>44</b>&#32;(12): 3919–3925. <document wordnetid="106470073" confidence="0.8">
<written_communication wordnetid="106349220" confidence="0.8">
<writing wordnetid="106362953" confidence="0.8">
<link xlink:type="simple" xlink:href="../994/422994.xml">
doi</link></writing>
</written_communication>
</document>
:<weblink xlink:type="simple" xlink:href="http://dx.doi.org/10.1021%2Fjf950701t">
10.1021/jf950701t</weblink>.</cite>&nbsp;</entry>
<entry level="1" type="bullet">

  <cite style="font-style:normal">Rouhi, A. Maureen&#32;(2003).&#32;"Fine Chemicals Firms Enable Flavor And Fragrance Industry". <it>Chemical and Engineering News</it>&#32;<b>81</b>&#32;(28): 54.</cite>&nbsp;</entry>
<entry level="1" type="bullet">

  <cite style="font-style:normal">Tiemann, Ferd.; Wilh. Haarmann&#32;(1874).&#32;"Ueber das Coniferin und seine Umwandlung in das aromatische Princip der Vanille". <it>Berichte der Deutschen Chemischen Gesellschaft</it>&#32;<b>7</b>&#32;(1): 608–623. <document wordnetid="106470073" confidence="0.8">
<written_communication wordnetid="106349220" confidence="0.8">
<writing wordnetid="106362953" confidence="0.8">
<link xlink:type="simple" xlink:href="../994/422994.xml">
doi</link></writing>
</written_communication>
</document>
:<weblink xlink:type="simple" xlink:href="http://dx.doi.org/10.1002%2Fcber.187400701193">
10.1002/cber.187400701193</weblink>.</cite>&nbsp;</entry>
<entry level="1" type="bullet">

 <cite style="font-style:normal">Van Ness, J. H.&#32;(1983).&#32;"Vanillin".&#32;<it>Kirk-Othmer Encyclopedia of Chemical Technology, 3rd edition</it>&#32;<b>23</b>.&#32;&#32;New York:&#32;John Wiley &amp; Sons.&#32;704–717.</cite>&nbsp;</entry>
<entry level="1" type="bullet">

  <cite style="font-style:normal">Viriot, Carole; Augustin Scalbert, Catherine Lapierre, and Michel Moutounet&#32;(1993).&#32;"Ellagitannins and lignins in aging of spirits in oak barrels". <it>Journal of Agricultural and Food Chemistry</it>&#32;<b>41</b>&#32;(11): 1872–1879. <document wordnetid="106470073" confidence="0.8">
<written_communication wordnetid="106349220" confidence="0.8">
<writing wordnetid="106362953" confidence="0.8">
<link xlink:type="simple" xlink:href="../994/422994.xml">
doi</link></writing>
</written_communication>
</document>
:<weblink xlink:type="simple" xlink:href="http://dx.doi.org/10.1021%2Fjf00035a013">
10.1021/jf00035a013</weblink>.</cite>&nbsp;</entry>
<entry level="1" type="bullet">

 <cite style="font-style:normal">Walton, Nicholas J.; Melinda J. Mayer, and Arjan Narbad&#32;(July 2003).&#32;"Vanillin". <it>Phytochemistry</it>&#32;<b>63</b>&#32;(5): 505–515. <document wordnetid="106470073" confidence="0.8">
<written_communication wordnetid="106349220" confidence="0.8">
<writing wordnetid="106362953" confidence="0.8">
<link xlink:type="simple" xlink:href="../994/422994.xml">
doi</link></writing>
</written_communication>
</document>
:<weblink xlink:type="simple" xlink:href="http://dx.doi.org/10.1016%2FS0031-9422%2803%2900149-3">
10.1016/S0031-9422(03)00149-3</weblink>.</cite>&nbsp;</entry>
</list>
</p>


</sec>
<sec>
<st>
Notes</st>


<p>

<reflist>
<entry id="1">
According to <link xlink:type="simple" xlink:href="#xpointer(//*[./st=%22esposito1997%22])">
Esposito 1997</link>, blind taste-testing panels cannot distinguish between the flavors of synthetic vanillin from lignin and from guaicol, but can distinguish the odors of these two types of synthetic vanilla extracts.  Guaiacol vanillin, adulterated with acetovanillone, has an odor indistinguishable from lignin vanillin.</entry>
<entry id="2">
<link xlink:type="simple" xlink:href="#xpointer(//*[./st=%22esposito1997%22])">
Esposito 1997</link></entry>
<entry id="3">
<link xlink:type="simple" xlink:href="#xpointer(//*[./st=%22gobley1858%22])">
Gobley 1858</link></entry>
<entry id="4">
<link xlink:type="simple" xlink:href="#xpointer(//*[./st=%22tiemann1874%22])">
Tiemann 1874</link></entry>
<entry id="5">
<link xlink:type="simple" xlink:href="#xpointer(//*[./st=%22reimer1876%22])">
Reimer 1876</link></entry>
<entry id="6">
According to <link xlink:type="simple" xlink:href="#xpointer(//*[./st=%22hocking1997%22])">
Hocking 1997</link>, synthetic vanillin was sold commercially in 1874, the same year Tiemann and Haarmann's original synthesis was published.  Haarmann &amp; Reimer, one of the corporate ancestors of the modern flavor and aroma manufacturer <company wordnetid="108058098" confidence="0.9508927676800064">
<link xlink:type="simple" xlink:href="../558/3483558.xml">
Symrise</link></company>
, was in fact established in 1874.  However, <link xlink:type="simple" xlink:href="#xpointer(//*[./st=%22esposito1997%22])">
Esposito 1997</link> claims that synthetic vanillin first became available in 1894 when Rhône-Poulenc (since 1998, <company wordnetid="108058098" confidence="0.9508927676800064">
<link xlink:type="simple" xlink:href="../914/9475914.xml">
Rhodia</link></company>
) entered the vanillin business.  If the former claim is correct, the authors of the latter article, being employees of Rhône-Poulenc, may have been unaware of any previous vanillin manufacture.</entry>
<entry id="7">
<link xlink:type="simple" xlink:href="#xpointer(//*[./st=%22hocking1997%22])">
Hocking 1997</link></entry>
<entry id="8">
<link xlink:type="simple" xlink:href="#xpointer(//*[./st=%22esposito1997%22])">
Esposito 1997</link></entry>
<entry id="9">
<link xlink:type="simple" xlink:href="#xpointer(//*[./st=%22rouhi2003%22])">
Rouhi 2003</link></entry>
<entry id="10">
<link xlink:type="simple" xlink:href="#xpointer(//*[./st=%22brenes1999%22])">
Brenes 1999</link></entry>
<entry id="11">
<link xlink:type="simple" xlink:href="#xpointer(//*[./st=%22adahchour1999%22])">
Adahchour 1999</link></entry>
<entry id="12">
<link xlink:type="simple" xlink:href="#xpointer(//*[./st=%22roberts1996%22])">
Roberts 1996</link></entry>
<entry id="13">
<link xlink:type="simple" xlink:href="#xpointer(//*[./st=%22ong1998%22])">
Ong 1998</link></entry>
<entry id="14">
<link xlink:type="simple" xlink:href="#xpointer(//*[./st=%22viriot1993%22])">
Viriot 1993</link></entry>
<entry id="15">
<link xlink:type="simple" xlink:href="#xpointer(//*[./st=%22blank1992%22])">
Blank 1992</link></entry>
<entry id="17">
<link xlink:type="simple" xlink:href="#xpointer(//*[./st=%22buttery1995%22])">
Buttery 1995</link></entry>
<entry id="16">
<link xlink:type="simple" xlink:href="#xpointer(//*[./st=%22kermasha1995%22])">
Kermasha 1995</link></entry>
<entry id="19">
<link xlink:type="simple" xlink:href="#xpointer(//*[./st=%22walton2003%22])">
Walton 2003</link></entry>
<entry id="18">
<link xlink:type="simple" xlink:href="#xpointer(//*[./st=%22guth1993%22])">
Guth 1993</link></entry>
<entry id="21">
<link xlink:type="simple" xlink:href="#xpointer(//*[./st=%22dignum2001%22])">
Dignum 2001</link></entry>
<entry id="20">
<link xlink:type="simple" xlink:href="#xpointer(//*[./st=%22dignum2001%22])">
Dignum 2001</link> reviews several such proposed innovations in vanilla processing, including processes in which the seed pods are chopped, frozen, warmed by a heat source other than the sun, or crushed and treated by various enzymes.  Whether or not these procedures produce a product whose taste is comparable to traditionally prepared natural vanilla, many of them are incompatible with the customs of the natural vanilla market, in which the vanilla beans are sold whole, and graded by, among other factors, their length.</entry>
<entry id="23">
<link xlink:type="simple" xlink:href="#xpointer(//*[./st=%22hocking1997%22])">
Hocking 1997</link></entry>
<entry id="22">
<link xlink:type="simple" xlink:href="#xpointer(//*[./st=%22hocking1997%22])">
Hocking 1997</link>.  This chemical process can be conveniently carried out on the laboratory scale using the procedure described by <link xlink:type="simple" xlink:href="#xpointer(//*[./st=%22lampman1977%22])">
Lampman 1977</link>.</entry>
<entry id="25">
<link xlink:type="simple" xlink:href="#xpointer(//*[./st=%22vanness1983%22])">
Van Ness 1983</link></entry>
<entry id="24">
<link xlink:type="simple" xlink:href="#xpointer(//*[./st=%22hocking1997%22])">
Hocking 1997</link></entry>
<entry id="27">
<weblink xlink:type="simple" xlink:href="http://www.japanprobe.com/?p=2875">
Japan’s 12th Ig Noble Prize Winner: Mayu Yamamoto &amp; Dung Vanilla : Japan Probe</weblink></entry>
<entry id="26">
<link xlink:type="simple" xlink:href="#xpointer(//*[./st=%22esposito1997%22])">
Esposito 1997</link></entry>
<entry id="29">
<link xlink:type="simple" xlink:href="#xpointer(//*[./st=%22esposito1997%22])">
Esposito 1997</link></entry>
<entry id="28">
<link xlink:type="simple" xlink:href="#xpointer(//*[./st=%22fridge2004%22])">
FRIDGE 2004</link>, p. 33</entry>
<entry id="31">
<link xlink:type="simple" xlink:href="#xpointer(//*[./st=%22fridge2004%22])">
FRIDGE 2004</link>, p. 32</entry>
<entry id="30">
<link xlink:type="simple" xlink:href="#xpointer(//*[./st=%22hocking1997%22])">
Hocking 1997</link></entry>
</reflist>
</p>


</sec>
</bdy>
</ingredient>
</article>
