<article xmlns:ns0="http://www.w3.org/1999/xlink"><event confidence="0.8" wordnetid="100029378"><entity confidence="0.9511911446218017" wordnetid="100001740"><rule confidence="0.8" wordnetid="105846932"><act confidence="0.8" wordnetid="100030358"><psychological_feature confidence="0.8" wordnetid="100023100"><procedure confidence="0.8" wordnetid="101023820"><activity confidence="0.8" wordnetid="100407535"><algorithm confidence="0.8" wordnetid="105847438"><header><title>needlemanwunsch algorithm</title><id /><revision><id /><timestamp /><contributor><username>thorwald</username><id /></contributor></revision><categories><category>computational phylogenetics</category><category>bioinformatics algorithms</category><category>algorithms strings</category><category>dynamic programming</category></categories></header><bdy>needlemanwunsch algorithm performs<link ns0:type="simple" ns0:href="../289/149289.xml#xpointer(//*[./st=%22Global+alignment%22])">global alignment</link>sequences called commonly<link ns0:type="simple" ns0:href="../214/4214.xml">bioinformatics</link>align<link ns0:type="simple" ns0:href="../634/23634.xml">protein</link><link ns0:type="simple" ns0:href="../505/21505.xml">nucleotide</link>sequences algorithm published<link ns0:type="simple" ns0:href="../856/1210856.xml">saul needleman</link><link ns0:type="simple" ns0:href="../859/1210859.xml">christian wunsch</link><ref ns0:type="simple" ns0:href="#xpointer(//reflist/entry[@id=%221%22])" /><p>needlemanwunsch<link ns0:type="simple" ns0:href="../775/775.xml">algorithm</link>example<link ns0:type="simple" ns0:href="../297/125297.xml">dynamic programming</link>application dynamic programming biological sequence comparison</p><p>scores aligned characters<link ns0:type="simple" ns0:href="../743/1004743.xml">similarity matrix</link><math />similarity characters linear<link ns0:type="simple" ns0:href="../764/1004764.xml">gap penalty</link>called</p><p>example similarity matrix</p><p><table><row><header /><header /><header /><header /><header /></row><row><header /><col align="right" /></row><row /><row /><row /><row><header /></row><row><col align="right" /></row><row /><row /><row><header /></row><row /><row><col align="right" /><col align="right" /></row><row><header /></row><row /><row><col align="right" /><col align="right" /></row></table></p><p>alignment agactagttac cgagacgt gap penalty score<math>sac sgg saa times sgg sta stc sag sct</math><math>times</math></p><p>find alignment highest score twodimensional<link ns0:type="simple" ns0:href="../052/2052.xml">array</link><link ns0:type="simple" ns0:href="../728/19008728.xml">matrix</link>allocated matrix called matrix ijth entry denoted<math />column character sequence row character sequence aligning sequences sizes running time algorithm onm amount memory onm modified version algorithm space cost higher running time modification fact general technique applies dynamic programming algorithms method introduced<event wordnetid="100029378" confidence="0.8"><rule wordnetid="105846932" confidence="0.8"><act wordnetid="100030358" confidence="0.8"><psychological_feature wordnetid="100023100" confidence="0.8"><procedure wordnetid="101023820" confidence="0.8"><activity wordnetid="100407535" confidence="0.8"><algorithm wordnetid="105847438" confidence="0.8"><link ns0:type="simple" ns0:href="../509/10171509.xml">hirschbergs algorithm</link></algorithm></activity></procedure></psychological_feature></act></rule></event>solving<link ns0:type="simple" ns0:href="../105/236105.xml">longest common subsequence problem</link></p><p>algorithm progresses<math />will assigned optimal score alignment characters characters principle optimality applied basis<math /><math />recursion based principle optimality<math /></p><p>pseudocode algorithm compute matrix sequence indexes start array starts include boundary values defined lengtha lengthb lengtha lengthb choice fij sai choice choice fij maxchoice choice choice matrix computed note bottom hand corner matrix maximum score alignments compute alignment score start bottom cell compare three sourceschoice choice choice choice aligned choice aligned gap choice aligned gap general choices leading alternative optimal alignments alignmenta alignmentb lengtha lengthb score fij scorediag scoreup scoreleft score scorediag sai alignmenta alignmenta alignmentb alignmentb score scoreleft alignmenta alignmenta alignmentb alignmentb score scoreup alignmenta alignmenta alignmentb alignmentb alignmenta alignmenta alignmentb alignmentb alignmenta alignmenta alignmentb alignmentb</p><sec><st>references</st><p><reflist><entry id="1"><cite style="font-style:normal">needleman wunsch<weblink ns0:type="simple" ns0:href="http://linkinghub.elsevier.com/retrieve/pii/0022-2836(70)90057-4">general method applicable search similarities amino acid sequence proteins</weblink>mol<document wordnetid="106470073" confidence="0.8"><written_communication wordnetid="106349220" confidence="0.8"><writing wordnetid="106362953" confidence="0.8"><link ns0:type="simple" ns0:href="../994/422994.xml">doi</link></writing></written_communication></document><weblink ns0:type="simple" ns0:href="http://dx.doi.org/10.1016%2F0022-2836%2870%2990057-4" />pmid</cite></entry></reflist></p></sec><sec><st>external links</st><p><list><entry level="1" type="bullet"><weblink ns0:type="simple" ns0:href="http://www.bigbold.com/snippets/posts/show/2199">needlemanwunsch algorithm ruby code</weblink></entry><entry level="1" type="bullet"><weblink ns0:type="simple" ns0:href="http://www25.brinkster.com/denshade/NeedlemanWunsch.java.htm">java implementation needlemanwunsch algorithm</weblink></entry><entry level="1" type="bullet"><weblink ns0:type="simple" ns0:href="http://baba.sourceforge.net/">baba</weblink>applet source visually explains algorithm</entry><entry level="1" type="bullet"><weblink ns0:type="simple" ns0:href="http://www.ludwig.edu.au/course/lectures2005/Likic.pdf">clear explanation applications sequence alignment</weblink></entry></list></p></sec><sec><st /><p><list><entry level="1" type="bullet"><event wordnetid="100029378" confidence="0.8"><rule wordnetid="105846932" confidence="0.8"><act wordnetid="100030358" confidence="0.8"><psychological_feature wordnetid="100023100" confidence="0.8"><procedure wordnetid="101023820" confidence="0.8"><activity wordnetid="100407535" confidence="0.8"><algorithm wordnetid="105847438" confidence="0.8"><link ns0:type="simple" ns0:href="../195/1606195.xml">smithwaterman algorithm</link></algorithm></activity></procedure></psychological_feature></act></rule></event></entry><entry level="1" type="bullet"><link ns0:type="simple" ns0:href="../695/363695.xml">blast</link></entry><entry level="1" type="bullet"><event wordnetid="100029378" confidence="0.8"><rule wordnetid="105846932" confidence="0.8"><act wordnetid="100030358" confidence="0.8"><psychological_feature wordnetid="100023100" confidence="0.8"><procedure wordnetid="101023820" confidence="0.8"><activity wordnetid="100407535" confidence="0.8"><algorithm wordnetid="105847438" confidence="0.8"><link ns0:type="simple" ns0:href="../418/406418.xml">levenshtein distance</link></algorithm></activity></procedure></psychological_feature></act></rule></event></entry><entry level="1" type="bullet"><link ns0:type="simple" ns0:href="../855/342855.xml">dynamic time warping</link></entry></list></p></sec></bdy></algorithm></activity></procedure></psychological_feature></act></rule></entity></event></article>