<article xmlns:ns0="http://www.w3.org/1999/xlink"><measure confidence="0.9511911446218017" wordnetid="100174412"><entity confidence="0.9511911446218017" wordnetid="100001740"><header><title>similarity matrix</title><id /><revision><id /><timestamp /><contributor><username>pucicu</username><id /></contributor></revision><categories><category>computational phylogenetics</category><category>matrices</category><category>dna</category><category>multivariate statistics</category><category>bioinformatics</category><category>statistical distance measures</category></categories></header><bdy>similarity matrix<link ns0:type="simple" ns0:href="../728/19008728.xml">matrix</link>scores express similarity data points similarity matrices counterparts<link ns0:type="simple" ns0:href="../350/831350.xml">distance matrices</link><link ns0:type="simple" ns0:href="../225/363225.xml">substitution matrices</link>similarity matrix representations diagonal matrix representation<sec><st>applications</st><p>case based reasoningcontent based image retrieval intelligent information retrieval</p></sec><sec><st>sequence alignment</st><p>similarity matrices<link ns0:type="simple" ns0:href="../289/149289.xml">sequence alignment</link>higher scores moresimilar characters lower negative scores dissimilar characters</p><p><link ns0:type="simple" ns0:href="../505/21505.xml">nucleotide</link>similarity matrices align<link ns0:type="simple" ns0:href="../496/21496.xml">nucleic acid</link>sequences nucleotides commonly<link ns0:type="simple" ns0:href="../955/7955.xml">dna</link><link ns0:type="simple" ns0:href="../571/38571.xml">adenine</link><link ns0:type="simple" ns0:href="../016/6016.xml">cytosine</link><link ns0:type="simple" ns0:href="../439/12439.xml">guanine</link><link ns0:type="simple" ns0:href="../550/58550.xml">thymine</link>nucleotide similarity matrices simpler<link ns0:type="simple" ns0:href="../634/23634.xml">protein</link>similarity matrices example simple matrix will assign identical bases score nonidentical bases score complicated matrix higher score transitions changes<link ns0:type="simple" ns0:href="../653/23653.xml">pyrimidine</link>pyrimidine<link ns0:type="simple" ns0:href="../652/23652.xml">purine</link>purine transversions pyrimidine purine vice versa matchmismatch ratio matrix sets target evolutionary distance methods companion methods enzymology dna matrix blastn best suited finding matches sequences identical matrix sensitive optimal matches sequences identical</p><p><link ns0:type="simple" ns0:href="../207/1207.xml">amino acid</link>similarity matrices complicated amino acids coded<link ns0:type="simple" ns0:href="../385/12385.xml">genetic code</link>similarity matrix amino acids entries<link ns0:type="simple" ns0:href="../474/126474.xml">symmetric</link>approach scored amino acid changes equally refinement determine amino acid similarities based base changes required change codon code amino acid model better doesnt account selective pressure amino acid changes better models account chemical properties amino acids</p><p>approach empirically generate similarity matrices dayhoff method phylogenetic trees sequences species tree approach rise<link ns0:type="simple" ns0:href="../624/3167624.xml">pam</link>series matrices pam matrices labelled based nucleotide changes occurred amino acids pam matrices benefit well understood evolutionary model short evolutionary distances pam pam long evolutionary distances example pam identity<link ns0:type="simple" ns0:href="../617/5558617.xml">blosum</link>matrices effective</p><p>blosum series generated comparing number divergent sequences blosum series labeled based entropy remains unmutated sequences lower blosum number corresponds higher pam number</p></sec><sec><st /><p><list><entry level="1" type="bullet"><chart wordnetid="106999802" confidence="0.8"><visual_communication wordnetid="106873252" confidence="0.8"><link ns0:type="simple" ns0:href="../120/546120.xml">recurrence plot</link></visual_communication></chart>powerful visualisation tool recurrences dynamical systems</entry></list></p></sec></bdy></entity></measure></article>