<article xmlns:ns0="http://www.w3.org/1999/xlink"><region confidence="0.8" wordnetid="108630985"><area confidence="0.8" wordnetid="108497294"><location confidence="0.8" wordnetid="100027167"><sanctuary confidence="0.8" wordnetid="104133648"><geographical_area confidence="0.8" wordnetid="108574314"><place confidence="0.8" wordnetid="108513718"><header><title>cielo nature sanctuary</title><id /><revision><id /><timestamp /><contributor><username>elucius</username><id /></contributor></revision><categories><category>mecosta county michigan</category><category>wildlife sanctuaries united</category><category>protected areas michigan</category></categories></header><bdy>cielo nature sanctuary pronounced chaylow acre privately managed wildlife sanctuary located<link ns0:type="simple" ns0:href="../066/95066.xml">mecosta county</link><country wordnetid="108544813" confidence="0.9508927676800064"><link ns0:type="simple" ns0:href="../859/18859.xml">michigan</link></country>city<link ns0:type="simple" ns0:href="../102/118102.xml">big rapids</link>objective sanctuary enhance habitat sanctuary benefit fish wildlife live migrate<link ns0:type="simple" ns0:href="../213/73213.xml">sanctuary</link><sec><st>land</st><p>terrain cielo incredibly diverse nontidal<link ns0:type="simple" ns0:href="../208/169208.xml">marsh</link>mature northern hardwoods land fertile nurtures healthy vibrant<link ns0:type="simple" ns0:href="../632/9632.xml">ecosystem</link>landscape rolling elevation soil types rocky deposits cielo result michigans<link ns0:type="simple" ns0:href="../659/4562659.xml">glacial retreat</link>years ago sanctuarys diversity<link ns0:type="simple" ns0:href="../317/1596317.xml">habitat</link>foundation cielos wildlife management plan success mineral oil composition cielo unknown areas mecosta county abundant reserves crude oil<ref ns0:type="simple" ns0:href="#xpointer(//reflist/entry[@id=%221%22])" /></p></sec><sec><st>water</st><p>cielos water resources key ingredient unique<link ns0:type="simple" ns0:href="../632/9632.xml">ecosystem</link><image location="left" width="150px" src="Outlethuntlake.jpg" type="thumb"><caption>enzo creek dam hunt marsh</caption></image>highly<link ns0:type="simple" ns0:href="../758/6939758.xml">eutrophic</link>ponds located property three feet deep formed result<link ns0:type="simple" ns0:href="../399/4399.xml">beaver</link>damming flowing water<image location="right" width="150px" src="huntlake1.jpg" type="thumb"><caption>hunt lake</caption></image>largest body water hunt lake acres size large acre area flooded timber north lake hunt marsh result beaver activity creating<link ns0:type="simple" ns0:href="../546/1511546.xml">impoundment</link>blocking enzo creek outlet hunt lake runs east ultimately ryan creek hunt lake maximum depth feet visibility generally exceeds feet despite<link ns0:type="simple" ns0:href="../196/46196.xml">marl</link>substrate</p><p>nehmer lake accessible cielo acres size shallower hunt lake<link ns0:type="simple" ns0:href="../326/581326.xml">littoral zone</link>flooded timber margins maximum depth unknown<image location="right" width="150px" src="spiderwebs.jpg" type="thumb"><caption>spider webs hunt marsh</caption></image></p></sec><sec><st>flora</st><p><link ns0:type="simple" ns0:href="../246/778246.xml">flora</link>cielo comprehensively inventoried project colossal undertaking tree types obvious notation include<link ns0:type="simple" ns0:href="../722/66722.xml">deciduous</link>species<link ns0:type="simple" ns0:href="../959/76959.xml">pin oak</link><link ns0:type="simple" ns0:href="../444/271444.xml">white oak</link><link ns0:type="simple" ns0:href="../953/536953.xml">red oak</link><link ns0:type="simple" ns0:href="../932/174932.xml">sugar maple</link><link ns0:type="simple" ns0:href="../750/170750.xml">aspen</link><link ns0:type="simple" ns0:href="../706/66706.xml">ash</link><link ns0:type="simple" ns0:href="../252/67252.xml">birch</link><link ns0:type="simple" ns0:href="../773/54773.xml">cherry</link><link ns0:type="simple" ns0:href="../754/18978754.xml">apple</link><link ns0:type="simple" ns0:href="../832/10097832.xml">sassafras</link><link ns0:type="simple" ns0:href="../789/2249789.xml">american hornbeam</link><link ns0:type="simple" ns0:href="../840/434840.xml">ironwood</link><link ns0:type="simple" ns0:href="../140/165140.xml">walnut</link>trees<link ns0:type="simple" ns0:href="../085/68085.xml">coniferous</link>species include<link ns0:type="simple" ns0:href="../949/516949.xml">jack pine</link><link ns0:type="simple" ns0:href="../802/507802.xml">red pine</link><link ns0:type="simple" ns0:href="../301/464301.xml">eastern white pine</link><plant wordnetid="100017222" confidence="0.8"><tree wordnetid="113104059" confidence="0.8"><vascular_plant wordnetid="113083586" confidence="0.8"><woody_plant wordnetid="113103136" confidence="0.8"><link ns0:type="simple" ns0:href="../760/1428760.xml">eastern hemlock</link></woody_plant></vascular_plant></tree></plant><plant wordnetid="100017222" confidence="0.8"><tree wordnetid="113104059" confidence="0.8"><vascular_plant wordnetid="113083586" confidence="0.8"><woody_plant wordnetid="113103136" confidence="0.8"><link ns0:type="simple" ns0:href="../259/460259.xml">arborvitae</link></woody_plant></vascular_plant></tree></plant><plant wordnetid="100017222" confidence="0.8"><tree wordnetid="113104059" confidence="0.8"><vascular_plant wordnetid="113083586" confidence="0.8"><woody_plant wordnetid="113103136" confidence="0.8"><link ns0:type="simple" ns0:href="../580/181580.xml">scots pine</link></woody_plant></vascular_plant></tree></plant><symbol wordnetid="106806469" confidence="0.8"><signal wordnetid="106791372" confidence="0.8"><link ns0:type="simple" ns0:href="../278/14226278.xml">blue spruce</link></signal></symbol></p><p>selective harvest aspen improve habitat<link ns0:type="simple" ns0:href="../559/327559.xml">ruffed grouse</link>upland birds<link ns0:type="simple" ns0:href="../071/297071.xml">wild turkey</link>low impact selective harvest proved successful project</p><p>stands conifers planted future economic timber provide dense cover wildlife species red pines planted acre stand future economic timber jack pine planted<link ns0:type="simple" ns0:href="../470/46470.xml">fallow</link>area poor soil types suitable jack pine conducive<link ns0:type="simple" ns0:href="../828/246828.xml">forage</link>plants serve future area dense cover wildlife</p><p><image location="left" width="150px" src="cardinalflower.jpg" type="thumb"><caption>cardinal flower</caption></image>tree species including<plant wordnetid="100017222" confidence="0.8"><tree wordnetid="113104059" confidence="0.8"><vascular_plant wordnetid="113083586" confidence="0.8"><woody_plant wordnetid="113103136" confidence="0.8"><link ns0:type="simple" ns0:href="../759/959759.xml">tamarack larch</link></woody_plant></vascular_plant></tree></plant>deciduous conifer looses needles autumn<link ns0:type="simple" ns0:href="../826/3197826.xml">staghorn sumac</link>abundant areas sanctuary</p><p><link ns0:type="simple" ns0:href="../744/507744.xml">elaeagnus umbellata</link>autumn olive planted recommendation michigan department conservation michigan department natural resources shrub believed beneficial wildlife invasive acre area cut converted hayland<image location="right" width="150px" src="Cieloautumn.jpg" type="thumb"><caption>cielo october</caption></image></p><p>wildflowers season winter<link ns0:type="simple" ns0:href="../187/5279187.xml">cardinal flower</link><link ns0:type="simple" ns0:href="../852/266852.xml">indian paintbrush</link><link ns0:type="simple" ns0:href="../385/471385.xml">touchmenot</link><link ns0:type="simple" ns0:href="../458/488458.xml">multiflora rose</link><link ns0:type="simple" ns0:href="../963/9088963.xml">trout lily</link>serve examples</p><p>aquatic flora abundant diverse<link ns0:type="simple" ns0:href="../024/102024.xml">wetland</link>species narrow leaf<link ns0:type="simple" ns0:href="../962/66962.xml">cattails</link><link ns0:type="simple" ns0:href="../077/67077.xml">horsetail</link><link ns0:type="simple" ns0:href="../378/3373378.xml">giant reed</link>abundant hunt marsh covered<link ns0:type="simple" ns0:href="../130/209130.xml">duckweed</link>months summer patches white<link ns0:type="simple" ns0:href="../166/385166.xml">water lilly</link><link ns0:type="simple" ns0:href="../543/2045543.xml">poison sumac</link>common hunt marsh discovered accident mistaken cielos manager<link ns0:type="simple" ns0:href="../938/19119938.xml">winterberry</link>michigan holly colorful addition hunt marsh winter marshs greenery subsides late fall abundant forage base wild birds</p></sec><sec><st>fauna</st><p><link ns0:type="simple" ns0:href="../672/722672.xml">fauna</link>cielo diverse flora abundance appropriate habitat view wildlife sanctuary day whitetail<link ns0:type="simple" ns0:href="../428/38428.xml">deer</link><link ns0:type="simple" ns0:href="../299/11299.xml">fox</link><link ns0:type="simple" ns0:href="../808/171808.xml">bobcat</link><image location="left" width="150px" src="cielofawn.jpg" type="thumb"><caption>whitetail fawn cielo</caption></image><link ns0:type="simple" ns0:href="../071/297071.xml">wild turkey</link>cottontail<link ns0:type="simple" ns0:href="../573/26573.xml">rabbit</link><link ns0:type="simple" ns0:href="../492/28492.xml">squirrels</link>eastern red fox<link ns0:type="simple" ns0:href="../710/6710.xml">coyote</link><link ns0:type="simple" ns0:href="../991/18600991.xml">raccoon</link><link ns0:type="simple" ns0:href="../668/44668.xml">porcupine</link><link ns0:type="simple" ns0:href="../559/327559.xml">ruffed grouse</link>ringneck<link ns0:type="simple" ns0:href="../919/59919.xml">pheasant</link><link ns0:type="simple" ns0:href="../054/51054.xml">black bear</link>sighting impossible<link ns0:type="simple" ns0:href="../055/95055.xml">newaygo county</link>miles west cielo<link ns0:type="simple" ns0:href="../931/536931.xml">osceola county</link>miles north cielo legal hunting season black bear bear seek mecosta county<link ns0:type="simple" ns0:href="../056/2024056.xml">refuge</link><ref ns0:type="simple" ns0:href="#xpointer(//reflist/entry[@id=%222%22])" /><image location="right" width="150px" src="turkeyhen1.jpg" type="thumb"><caption>hen wild turky cielo</caption></image>michigan department naural resources extended range bear hunting include mecosta county<weblink ns0:type="simple" ns0:href="http://www.michigan.gov/dnr/0,1607,7-153-10363_10856_10890-25976--,00.html" /></p><p>abundance wildlife spectacular cielo waterfowl habitat cielo unique autumn waterfowl migrating cielo species waterfowl abundant<link ns0:type="simple" ns0:href="../112/252112.xml">wood duck</link><link ns0:type="simple" ns0:href="../456/230456.xml">mallards</link><link ns0:type="simple" ns0:href="../972/218972.xml">canada geese</link><link ns0:type="simple" ns0:href="../937/230937.xml">teal</link><link ns0:type="simple" ns0:href="../005/68005.xml">loons</link>residence hunt lake presence unique cry twilight birds prefer<lake wordnetid="109328904" confidence="0.9508927676800064"><link ns0:type="simple" ns0:href="../050/10154050.xml">townline lake</link></lake>located east cielo size</p><p>wood duck nesting box installed cielo resident hen hatched ducklings residence additional nesting boxes installed help provide optimal nesting habitat october check nexting boxes installed spring sign nesting activity speculated abundance natural nesting habitat precluded</p><p>hunt marsh<link ns0:type="simple" ns0:href="../509/198509.xml">great blue heron</link>largest heron family wing span feet<link ns0:type="simple" ns0:href="../100/17100.xml">kingfisher</link>observed frequent basis ambush fish staple diet</p><p>hunt marsh exist activity worlds second largest rodent<link ns0:type="simple" ns0:href="../399/4399.xml">beaver</link>beaver remain active marsh novice identify trademark stump left<link ns0:type="simple" ns0:href="../662/571662.xml">muskrat</link>abundant traveling lakes ponds marsh enzo creek</p><p><chordate wordnetid="101466257" confidence="0.8"><vertebrate wordnetid="101471682" confidence="0.8"><mammal wordnetid="101861778" confidence="0.8"><animal wordnetid="100015388" confidence="0.8"><link ns0:type="simple" ns0:href="../292/1322292.xml">northern river otter</link></animal></mammal></vertebrate></chordate>prevalent hunt lake hunt marsh swim mile underwater disturbed disappear trace observed question amazing creatures observe socially playful special note river otters acute sensitivity form environmental pollution generally vacates area tainted water quality existence cielo testament water quality nature sanctuary</p><p>cielo<link ns0:type="simple" ns0:href="../800/642800.xml">blandings turtle</link>threatened endangered range turtles reach sexual maturity years live years<image location="left" width="150px" src="blandingsturtle.jpg" type="thumb"><caption>blandings turtlethreatened</caption></image><link ns0:type="simple" ns0:href="../872/440872.xml">common snapping turtle</link>spring nesting sandy areas preserve rarely pose threat encountered water land aggressive disturbed<image location="right" width="150px" src="cieloturtle.jpg" type="thumb"><caption>snapping turtle nesting cielo</caption></image></p><p>hunt lake harbors vibrant fishery<link ns0:type="simple" ns0:href="../777/86777.xml">northern pike</link>top food chain considering small body water hunts pike balance forage lake year class older fish<link ns0:type="simple" ns0:href="../843/48843.xml">largemouth bass</link>food pyramid lesser extent<link ns0:type="simple" ns0:href="../319/554319.xml">bluegill</link><link ns0:type="simple" ns0:href="../166/1217166.xml">yellow perch</link><link ns0:type="simple" ns0:href="../974/5526974.xml">emerald shiner</link>bulk forage base complete fishery survey completed strangely year muskellunge identified hunt lake unclear fish sole representative species small reproductive population exists</p><p>nehmer lake resources hunt lake<link ns0:type="simple" ns0:href="../244/41244.xml">hybrid</link><link ns0:type="simple" ns0:href="../343/47343.xml">sunfish</link>stocked occasions survival abundance curtailed predation northern pike</p><p>april spring waterfowl survey<link ns0:type="simple" ns0:href="../401/4401.xml">american bald eagle</link>observed soaring low hunt lake bald eagles hunt<stream wordnetid="109448361" confidence="0.8"><body_of_water wordnetid="109225146" confidence="0.8"><river wordnetid="109411430" confidence="0.8"><link ns0:type="simple" ns0:href="../089/218089.xml">muskegon river</link></river></body_of_water></stream>located mile west cielo evidence nesting activity cielo confirmed</p><p>survey migratory<link ns0:type="simple" ns0:href="../547/264547.xml">bufflehead</link>viewed waddling pool hunt marshs beaver dams bufflehead arguably colorful species waterfowl pass cielo spring fall route birds southern winter range canadians boreal forest<region wordnetid="108630985" confidence="0.8"><administrative_district wordnetid="108491826" confidence="0.8"><location wordnetid="100027167" confidence="0.8"><state wordnetid="108654360" confidence="0.8"><district wordnetid="108552138" confidence="0.8"><link ns0:type="simple" ns0:href="../302/31302.xml">taiga</link></district></state></location></administrative_district></region>nest vulnerable predation bald eagle</p></sec><sec><st>references</st><p><reflist><entry id="1"><weblink ns0:type="simple" ns0:href="http://www.michigan.gov/deq/0,1607,7-135-3311_4111_4231-14421--,00.html" />michigan department environmental quality</entry><entry id="2"><weblink ns0:type="simple" ns0:href="http://www.michigan.gov/images/bear_02distribution_16359_7.gif" />conservation officer mike bomay michigan department natural resources</entry></reflist></p></sec></bdy></place></geographical_area></sanctuary></location></area></region></article>