<article xmlns:ns0="http://www.w3.org/1999/xlink"><entity confidence="0.9511911446218017" wordnetid="100001740"><actor confidence="0.9508927676800064" wordnetid="109765278"><header><title>brittany snow</title><id /><revision><id /><timestamp /><contributor><username>smackbot</username><id /></contributor></revision><categories><category>american film actors</category><category>births</category><category>people tampa florida</category><category>american television actors</category><category>living people</category><category>american child actors</category><category>florida actors</category><category>american roman catholics</category></categories></header><bdy><template><name>infobox actor</name><parameters><image width="150px" src="" /><birthplace><link ns0:type="simple" ns0:href="../995/92995.xml">tampa</link><symbol wordnetid="106806469" confidence="0.9508927676800064"><link ns0:type="simple" ns0:href="../066/18933066.xml">florida</link></symbol></birthplace><name>brittany snow</name><birthdate>march age</birthdate><yearsactive /><birthname>brittany anne snow</birthname></parameters></template><p>brittany anne snow born<link ns0:type="simple" ns0:href="../054/20054.xml">march</link><link ns0:type="simple" ns0:href="../761/34761.xml" /><body wordnetid="107965085" confidence="0.8"><social_group wordnetid="107950920" confidence="0.8"><political_orientation wordnetid="106212839" confidence="0.8"><colony wordnetid="108374049" confidence="0.8"><state wordnetid="108168978" confidence="0.8"><political_unit wordnetid="108359949" confidence="0.8"><group wordnetid="100031264" confidence="0.8"><democracy wordnetid="106217103" confidence="0.8"><link ns0:type="simple" ns0:href="../750/3434750.xml">american</link></democracy></group></political_unit></state></colony></political_orientation></social_group></body>television film actress<movie wordnetid="106613686" confidence="0.9508927676800064"><link ns0:type="simple" ns0:href="../082/1519082.xml">pacifier</link></movie><movie wordnetid="106613686" confidence="0.9508927676800064"><link ns0:type="simple" ns0:href="../233/5095233.xml">john tucker die</link></movie><movie wordnetid="106613686" confidence="0.9508927676800064"><link ns0:type="simple" ns0:href="../347/4265347.xml">hairspray</link></movie><movie wordnetid="106613686" confidence="0.9508927676800064"><link ns0:type="simple" ns0:href="../104/11901104.xml">prom night</link></movie></p><sec><st>biography</st><ss1><st>personal life</st><p>brittany snow born grew<village wordnetid="108672738" confidence="0.9508927676800064"><link ns0:type="simple" ns0:href="../995/92995.xml">tampa florida</link></village>daughter cynthia works<link ns0:type="simple" ns0:href="../050/5421050.xml">prentice hall</link>john snow<link ns0:type="simple" ns0:href="../176/15176.xml">insurance</link>agency<ref ns0:type="simple" ns0:href="#xpointer(//reflist/entry[@id=%221%22])" /><ref ns0:type="simple" ns0:href="#xpointer(//reflist/entry[@id=%222%22])" />retiring organize brittanys schedule halfbrother john halfsister live ohio good friend<actor wordnetid="109765278" confidence="0.9508927676800064"><link ns0:type="simple" ns0:href="../733/4019733.xml">bethany joy galeotti</link></actor><actor wordnetid="109765278" confidence="0.9508927676800064"><link ns0:type="simple" ns0:href="../409/2364409.xml">vanessa lengies</link></actor><actor wordnetid="109765278" confidence="0.9508927676800064"><link ns0:type="simple" ns0:href="../050/1640050.xml">sophia bush</link></actor><person wordnetid="100007846" confidence="0.9508927676800064"><actor wordnetid="109765278" confidence="0.9173553029164789"><artist wordnetid="109812338" confidence="0.9508927676800064"><link ns0:type="simple" ns0:href="../438/2190438.xml">ashley tisdale</link></artist></actor></person><singer wordnetid="110599806" confidence="0.9173553029164789"><actor wordnetid="109765278" confidence="0.9173553029164789"><link ns0:type="simple" ns0:href="../421/203421.xml">amanda bynes</link></actor></singer><person wordnetid="100007846" confidence="0.9508927676800064"><singer wordnetid="110599806" confidence="0.9173553029164789"><actor wordnetid="109765278" confidence="0.9173553029164789"><link ns0:type="simple" ns0:href="../483/16705483.xml">zac efron</link></actor></singer></person><actor wordnetid="109765278" confidence="0.9508927676800064"><link ns0:type="simple" ns0:href="../847/3134847.xml">arielle kebbel</link></actor>attended carrollwood day school tampa florida early education kindergarten second grade middle school attended ben hill brittany graduate<school wordnetid="108276720" confidence="0.9508927676800064"><link ns0:type="simple" ns0:href="../084/3000084.xml">gaither high school</link></school><village wordnetid="108672738" confidence="0.9508927676800064"><link ns0:type="simple" ns0:href="../995/92995.xml">tampa florida</link></village>enjoys spending time friends family visiting hometown tampa florida brittany<physical_entity wordnetid="100001930" confidence="0.8"><causal_agent wordnetid="100007347" confidence="0.8"><link ns0:type="simple" ns0:href="../610/7610.xml">catholic</link></causal_agent></physical_entity><ref ns0:type="simple" ns0:href="#xpointer(//reflist/entry[@id=%223%22])" /></p><p>brittany revealed struggled<link ns0:type="simple" ns0:href="../193/37193.xml">anorexia nervosa</link>teenage years joined promote help youth struggling issue</p></ss1><ss1><st>career</st><p>brittany began modeling age three half print<company wordnetid="108058098" confidence="0.9508927676800064"><link ns0:type="simple" ns0:href="../052/1686052.xml">burdines</link></company>popular role age twelve troubled teen susan lemay soap opera<link ns0:type="simple" ns0:href="../599/191599.xml">guiding light</link>best playing<link>meg pryor</link><link ns0:type="simple" ns0:href="../780/21780.xml">nbcs</link><series wordnetid="108457976" confidence="0.9508927676800064"><link ns0:type="simple" ns0:href="../613/1023613.xml">american dreams</link></series><fictional_character wordnetid="109587565" confidence="0.9508927676800064"><link ns0:type="simple" ns0:href="../403/3469403.xml">ariel alderman</link></fictional_character><link ns0:type="simple" ns0:href="../361/54361.xml">neonazi</link>high school student third season<series wordnetid="108457976" confidence="0.9508927676800064"><link ns0:type="simple" ns0:href="../955/339955.xml">niptuck</link></series>appeared<movie wordnetid="106613686" confidence="0.9508927676800064"><link ns0:type="simple" ns0:href="../082/1519082.xml">pacifier</link></movie>action star<person wordnetid="100007846" confidence="0.9508927676800064"><screenwriter wordnetid="110564400" confidence="0.9173553029164789"><film_maker wordnetid="110088390" confidence="0.9173553029164789"><actor wordnetid="109765278" confidence="0.9173553029164789"><link ns0:type="simple" ns0:href="../175/415175.xml">vin diesel</link></actor></film_maker></screenwriter></person>film<movie wordnetid="106613686" confidence="0.9508927676800064"><link ns0:type="simple" ns0:href="../233/5095233.xml">john tucker die</link></movie>voiced<link>namin</link>video game<result wordnetid="107292694" confidence="0.8"><idea wordnetid="105833840" confidence="0.8"><heart wordnetid="105919263" confidence="0.8"><happening wordnetid="107283608" confidence="0.8"><impression wordnetid="105916739" confidence="0.8"><contest wordnetid="107456188" confidence="0.8"><social_event wordnetid="107288639" confidence="0.8"><game wordnetid="100456199" confidence="0.8"><sequel wordnetid="107295507" confidence="0.8"><ending wordnetid="107291312" confidence="0.8"><event wordnetid="100029378" confidence="0.8"><intuition wordnetid="105919034" confidence="0.8"><psychological_feature wordnetid="100023100" confidence="0.8"><link ns0:type="simple" ns0:href="../270/1745270.xml">kingdom hearts</link></psychological_feature></intuition></event></ending></sequel></game></social_event></contest></impression></happening></heart></idea></result>well shizuku tsukishima<company wordnetid="108058098" confidence="0.9508927676800064"><link ns0:type="simple" ns0:href="../415/148415.xml">studio ghibli</link></company>film<product wordnetid="104007894" confidence="0.8"><creation wordnetid="103129123" confidence="0.8"><artifact wordnetid="100021939" confidence="0.8"><event wordnetid="100029378" confidence="0.8"><social_event wordnetid="107288639" confidence="0.8"><movie wordnetid="106613686" confidence="0.8"><show wordnetid="106619065" confidence="0.8"><psychological_feature wordnetid="100023100" confidence="0.8"><link ns0:type="simple" ns0:href="../464/571464.xml">whisper heart</link></psychological_feature></show></movie></social_event></event></artifact></creation></product>appeared<movie wordnetid="106613686" confidence="0.9508927676800064"><link ns0:type="simple" ns0:href="../347/4265347.xml">hairspray</link></movie>film adaptation broadway musical playing amber von tussle alongside<actor wordnetid="109765278" confidence="0.9508927676800064"><link ns0:type="simple" ns0:href="../666/62666.xml">michelle pfeiffer</link></actor><actor wordnetid="109765278" confidence="0.9508927676800064"><link ns0:type="simple" ns0:href="../378/1061378.xml">james marsden</link></actor><actor wordnetid="109765278" confidence="0.9508927676800064"><link ns0:type="simple" ns0:href="../965/5501965.xml">nikki blonsky</link></actor><singer wordnetid="110599806" confidence="0.9173553029164789"><actor wordnetid="109765278" confidence="0.9173553029164789"><link ns0:type="simple" ns0:href="../421/203421.xml">amanda bynes</link></actor></singer><person wordnetid="100007846" confidence="0.9508927676800064"><singer wordnetid="110599806" confidence="0.9173553029164789"><actor wordnetid="109765278" confidence="0.9173553029164789"><link ns0:type="simple" ns0:href="../483/16705483.xml">zac efron</link></actor></singer></person>role hairspray musical side numerous numbers including solo entitled girl town song cut broadway musical version played lead role<movie wordnetid="106613686" confidence="0.9508927676800064"><link ns0:type="simple" ns0:href="../104/11901104.xml">prom night</link></movie>released april</p></ss1></sec><sec><st>filmography</st><p><table class="wikitable"><row><header>year</header><header>title</header><header>role</header></row><row><col /><col><product wordnetid="104007894" confidence="0.8"><creation wordnetid="103129123" confidence="0.8"><artifact wordnetid="100021939" confidence="0.8"><event wordnetid="100029378" confidence="0.8"><social_event wordnetid="107288639" confidence="0.8"><movie wordnetid="106613686" confidence="0.8"><show wordnetid="106619065" confidence="0.8"><psychological_feature wordnetid="100023100" confidence="0.8"><link ns0:type="simple" ns0:href="../464/571464.xml">whisper heart</link></psychological_feature></show></movie></social_event></event></artifact></creation></product></col><col>shizuku tsukishima</col></row><row><col rowspan="1" /><col><movie wordnetid="106613686" confidence="0.9508927676800064"><link ns0:type="simple" ns0:href="../082/1519082.xml">pacifier</link></movie></col><col>zoe plummer</col></row><row><col rowspan="1" /><col><movie wordnetid="106613686" confidence="0.9508927676800064"><link ns0:type="simple" ns0:href="../233/5095233.xml">john tucker die</link></movie></col><col>kate spencer</col></row><row><col rowspan="2" /><col><movie wordnetid="106613686" confidence="0.9508927676800064"><link ns0:type="simple" ns0:href="../347/4265347.xml">hairspray</link></movie></col><col>amber von tussle</col></row><row><col><product wordnetid="104007894" confidence="0.8"><creation wordnetid="103129123" confidence="0.8"><artifact wordnetid="100021939" confidence="0.8"><event wordnetid="100029378" confidence="0.8"><social_event wordnetid="107288639" confidence="0.8"><movie wordnetid="106613686" confidence="0.8"><show wordnetid="106619065" confidence="0.8"><psychological_feature wordnetid="100023100" confidence="0.8"><link ns0:type="simple" ns0:href="../173/17705173.xml">doll</link></psychological_feature></show></movie></social_event></event></artifact></creation></product></col><col>balery</col></row><row><col rowspan="3" /><col><movie wordnetid="106613686" confidence="0.9508927676800064"><link ns0:type="simple" ns0:href="../104/11901104.xml">prom night</link></movie></col><col>donna keppel</col></row><row><col><movie wordnetid="106613686" confidence="0.9508927676800064"><link ns0:type="simple" ns0:href="../771/16457771.xml">finding amanda</link></movie></col><col>amanda king</col></row><row><col><link>black water tsex</link></col><col>sardoonah</col></row><row><col rowspan="2" /><col><movie wordnetid="106613686" confidence="0.9508927676800064"><link ns0:type="simple" ns0:href="../840/16279840.xml">vicious kind</link></movie></col><col>emma</col></row><row><col><event wordnetid="100029378" confidence="0.8"><social_event wordnetid="107288639" confidence="0.8"><contest wordnetid="107456188" confidence="0.8"><game wordnetid="100456199" confidence="0.8"><psychological_feature wordnetid="100023100" confidence="0.8"><link ns0:type="simple" ns0:href="../370/2367370.xml">clock tower</link></psychological_feature></game></contest></social_event></event></col><col>alyssa hale</col></row></table></p><ss1><st>television</st><p><list><entry level="1" type="bullet"><link ns0:type="simple" ns0:href="../432/516432.xml">earth moon</link></entry><entry level="1" type="bullet"><link ns0:type="simple" ns0:href="../599/191599.xml">guiding light</link>susan lemay</entry><entry level="1" type="bullet"><link>murphys dozen</link></entry><entry level="1" type="bullet"><series wordnetid="108457976" confidence="0.9508927676800064"><link ns0:type="simple" ns0:href="../613/1023613.xml">american dreams</link></series>meg pryor</entry><entry level="1" type="bullet"><series wordnetid="108457976" confidence="0.9508927676800064"><link ns0:type="simple" ns0:href="../728/291728.xml">punkd</link></series></entry><entry level="1" type="bullet"><series wordnetid="108457976" confidence="0.9508927676800064"><link ns0:type="simple" ns0:href="../955/339955.xml">niptuck</link></series><fictional_character wordnetid="109587565" confidence="0.9508927676800064"><link ns0:type="simple" ns0:href="../403/3469403.xml">ariel alderman</link></fictional_character>episodes</entry><entry level="1" type="bullet">influence jamie hoskins</entry><entry level="1" type="bullet"><link ns0:type="simple" ns0:href="../177/41177.xml">framed</link>number</entry></list></p></ss1><ss1><st /><p><list><entry level="1" type="bullet"><result wordnetid="107292694" confidence="0.8"><idea wordnetid="105833840" confidence="0.8"><heart wordnetid="105919263" confidence="0.8"><happening wordnetid="107283608" confidence="0.8"><impression wordnetid="105916739" confidence="0.8"><contest wordnetid="107456188" confidence="0.8"><social_event wordnetid="107288639" confidence="0.8"><game wordnetid="100456199" confidence="0.8"><sequel wordnetid="107295507" confidence="0.8"><ending wordnetid="107291312" confidence="0.8"><event wordnetid="100029378" confidence="0.8"><intuition wordnetid="105919034" confidence="0.8"><psychological_feature wordnetid="100023100" confidence="0.8"><link ns0:type="simple" ns0:href="../270/1745270.xml">kingdom hearts</link></psychological_feature></intuition></event></ending></sequel></game></social_event></contest></impression></happening></heart></idea></result>video game<link>namin</link></entry><entry level="1" type="bullet"><product wordnetid="104007894" confidence="0.8"><creation wordnetid="103129123" confidence="0.8"><artifact wordnetid="100021939" confidence="0.8"><event wordnetid="100029378" confidence="0.8"><social_event wordnetid="107288639" confidence="0.8"><movie wordnetid="106613686" confidence="0.8"><show wordnetid="106619065" confidence="0.8"><psychological_feature wordnetid="100023100" confidence="0.8"><link ns0:type="simple" ns0:href="../464/571464.xml">whisper heart</link></psychological_feature></show></movie></social_event></event></artifact></creation></product>anime feature movie shizuku tsukishima</entry><entry level="1" type="bullet"><link>girl boo</link>ground music video love interest</entry><entry level="1" type="bullet"><medium wordnetid="106254669" confidence="0.9508927676800064"><link ns0:type="simple" ns0:href="../384/7434384.xml">phrase pays</link></medium><musical_organization wordnetid="108246613" confidence="0.8"><group wordnetid="100031264" confidence="0.8"><link ns0:type="simple" ns0:href="../076/1981076.xml">academy</link></group></musical_organization>music video nurse</entry><entry level="1" type="bullet"><weblink ns0:type="simple" ns0:href="http://www.vh1.com/video/play.jhtml?artist=1233090 vid=220185">sing</weblink><group wordnetid="100031264" confidence="0.8"><link ns0:type="simple" ns0:href="../668/3525668.xml">virginia coalition</link></group>music video</entry><entry level="1" type="bullet"><link ns0:type="simple" ns0:href="../521/238521.xml">ride</link><artist wordnetid="109812338" confidence="0.9508927676800064"><link ns0:type="simple" ns0:href="../846/1837846.xml">cary brothers</link></artist><link ns0:type="simple" ns0:href="../372/892372.xml">tiesto</link>remix music video</entry><entry level="1" type="bullet"><link ns0:type="simple" ns0:href="../225/149225.xml">acdc</link><link>adamchu dance crew</link>youtube</entry></list></p></ss1></sec><sec><st>discography</st><ss1><st>soundtracks</st><p><list><entry level="1" type="bullet"><album wordnetid="106591815" confidence="0.9508927676800064"><link ns0:type="simple" ns0:href="../049/10608049.xml">hairspray soundtrack</link></album><link ns0:type="simple" ns0:href="../809/15809.xml">july</link><link ns0:type="simple" ns0:href="../165/36165.xml" /></entry></list></p></ss1></sec><sec><st>references</st><p><reflist><entry id="1"><weblink ns0:type="simple" ns0:href="http://nl.newsbank.com/nl-search/we/Archives?p_product=DDNB p_theme=ddnb p_action=search p_maxdocs=200 p_topdoc=1 p_text_direct-0=100C7328547BE4C4 p_field_direct-0=document_id p_perpage=10 p_sort=YMD_date:D s_trackval=GooglePM">dayton daily news archive articles</weblink></entry><entry id="2"><weblink ns0:type="simple" ns0:href="http://www.sptimes.com/2007/07/19/Movies/Snow_focuses_on_work_.shtml">movies snow focuses work image</weblink></entry><entry id="3"><weblink ns0:type="simple" ns0:href="http://web.archive.org/web/20061114091849/http://www.brittany-snow.com/Interviews/exclusive.htm">exclusive interview</weblink></entry></reflist></p></sec><sec><st>external links</st><p><list><entry level="1" type="bullet"><weblink ns0:type="simple" ns0:href="http://www.imdb.com/name/nm0811242/">brittany snow</weblink><web_site wordnetid="106359193" confidence="0.9508927676800064"><link ns0:type="simple" ns0:href="../554/2855554.xml">internet movie database</link></web_site></entry><entry level="1" type="bullet"><weblink ns0:type="simple" ns0:href="http://www.tv.com/person/16126/summary.html">brittany snow</weblink><web_site wordnetid="106359193" confidence="0.9508927676800064"><link ns0:type="simple" ns0:href="../055/2026055.xml">tvcom</link></web_site></entry></list></p></sec></bdy></actor></entity></article>