<article xmlns:ns0="http://www.w3.org/1999/xlink"><software confidence="0.9508927676800064" wordnetid="106566077"><header><title>mixcraft</title><id /><revision><id /><timestamp /><contributor><username>veldin</username><id /></contributor></revision><categories><category>music software</category><category>windows software</category></categories></header><bdy><template><name /><parameters><genre><computer wordnetid="103082979" confidence="0.8"><artifact wordnetid="100021939" confidence="0.8"><instrumentality wordnetid="103575240" confidence="0.8"><device wordnetid="103183080" confidence="0.8"><machine wordnetid="103699975" confidence="0.8"><digital_computer wordnetid="103196324" confidence="0.8"><workstation wordnetid="104603399" confidence="0.8"><link ns0:type="simple" ns0:href="../270/431270.xml">digital audio workstation</link></workstation></digital_computer></machine></device></instrumentality></artifact></computer></genre><website>httpwwwacousticacommixcraft</website><latest_release_version>build</latest_release_version><developer>acoustica</developer><name>acoustica mixcraft</name><caption>mixcraft</caption><license><link ns0:type="simple" ns0:href="../886/18934886.xml">proprietary</link></license><operating_system><link ns0:type="simple" ns0:href="../890/18890.xml">microsoft windows</link></operating_system></parameters></template>mixcraft<link ns0:type="simple" ns0:href="../133/255133.xml">multitrack recording</link>application<link ns0:type="simple" ns0:href="../982/33982.xml">windows</link>software functions digital audio workstation<link ns0:type="simple" ns0:href="../905/431905.xml">daw</link><link ns0:type="simple" ns0:href="../510/127510.xml">midi sequencer</link><link ns0:type="simple" ns0:href="../551/165551.xml">virtual instrument</link>host music loop remix program<p>current version mixcraft version adds features previous version notably support<link ns0:type="simple" ns0:href="../461/1692461.xml">midi</link>sequencing<link ns0:type="simple" ns0:href="../066/399066.xml">vsti</link>virtual instruments mixcraft includes large extended<message wordnetid="106598915" confidence="0.8"><information wordnetid="106634376" confidence="0.8"><standard wordnetid="107260623" confidence="0.8"><format wordnetid="106636806" confidence="0.8"><system_of_measurement wordnetid="113577171" confidence="0.8"><link ns0:type="simple" ns0:href="../312/202312.xml">general midi</link></system_of_measurement></format></standard></information></message>instrument library<link ns0:type="simple" ns0:href="../144/24144.xml">polyphonic</link><link ns0:type="simple" ns0:href="../746/10791746.xml">synthesizer</link>instrument recreates sound classic keyboard instruments instrument models famous<synthesist wordnetid="110687231" confidence="0.9508927676800064"><link ns0:type="simple" ns0:href="../282/173282.xml">minimoog</link></synthesist>analog synthesizer modeled<link>hammond</link>simulator professional sampled grand piano instruments mixcraft features guitar amplifier simulator spectrum analyzer plugin sound sounds well support windows vista<link>wavert</link>low latency drivers</p><sec><st>major features</st><p>major features mixcraft include</p><p><list><entry level="1" type="bullet"><link ns0:type="simple" ns0:href="../461/1692461.xml">midi</link>recording sequencing feature allows record midi data played midi controller keyboard users enter edit notes manually unique<link ns0:type="simple" ns0:href="../149/374149.xml">piano roll</link>interface</entry></list></p><p><list><entry level="1" type="bullet"><link ns0:type="simple" ns0:href="../066/399066.xml">vsti</link>virtual instrument support feature allows softwarebased musical instruments played sequenced recorded inside mixcraft virtual instruments generate instrument sounds entirely software</entry></list></p><p><list><entry level="1" type="bullet"><link ns0:type="simple" ns0:href="../133/255133.xml">multitrack recording</link>feature allows users create recordings multiple sound card inputs simultaneously<link ns0:type="simple" ns0:href="../461/1692461.xml">midi</link>keyboard connected record microphone keyboard time</entry></list></p><p><list><entry level="1" type="bullet"><company wordnetid="108058098" confidence="0.9508927676800064"><link ns0:type="simple" ns0:href="../989/26989.xml">sony</link></company><software wordnetid="106566077" confidence="0.9508927676800064"><link ns0:type="simple" ns0:href="../198/1108198.xml">acid pro</link></software><link ns0:type="simple" ns0:href="../856/856.xml">apple computer</link><software wordnetid="106566077" confidence="0.9508927676800064"><link ns0:type="simple" ns0:href="../253/424253.xml">garageband</link></software>loop support feature allows audio loops popular libraries imported mixcraft mixcraft will time stretch pitch shift loops match current project tempo key project tempo key changed</entry></list></p><p><list><entry level="1" type="bullet">automatic<link ns0:type="simple" ns0:href="../547/156547.xml">remixing</link>feature will attempt detect tempo key prerecorded song change tempo match project<link ns0:type="simple" ns0:href="../967/30967.xml">tempo</link>songs varying tempos mixed matched layered drum beat loops create custom remix</entry></list></p><p><list><entry level="1" type="bullet"><link ns0:type="simple" ns0:href="../943/46943.xml">time stretching</link><link ns0:type="simple" ns0:href="../398/3404398.xml">pitch shifting</link>mixcraft advanced algorithm provide high quality time stretching pitch shifting minimizing cpu usage</entry></list></p><p><list><entry level="1" type="bullet"><link ns0:type="simple" ns0:href="../489/730489.xml">vst</link><software wordnetid="106566077" confidence="0.9508927676800064"><link ns0:type="simple" ns0:href="../506/8506.xml">directx</link></software>effects unlimited effects reverb delay track unlimited global effects project mixcraft includes plugin delay compensation technology will work properly time stretching directx effects plugins downloaded<weblink ns0:type="simple" ns0:href="http://www.kvraudio.com">kvr audio</weblink></entry></list></p><p><list><entry level="1" type="bullet">support multiple mixdown formats including<format wordnetid="106636806" confidence="0.9508927676800064"><link ns0:type="simple" ns0:href="../673/19673.xml" /></format><format wordnetid="106636806" confidence="0.9508927676800064"><link ns0:type="simple" ns0:href="../062/34062.xml">wav</link></format><format wordnetid="106636806" confidence="0.9508927676800064"><link ns0:type="simple" ns0:href="../082/34082.xml">wma</link></format><link ns0:type="simple" ns0:href="../489/32489.xml">ogg vorbis</link>file formats mixcraft will import audio formats will import<link ns0:type="simple" ns0:href="../785/66785.xml">aiff</link>files well</entry></list></p><p><list><entry level="1" type="bullet">large library virtual instruments loops sound effects audio effects included mixcraft sounds loops library downloaded directly application minimizing size initial installer</entry></list></p></sec><sec><st>price</st><p>price mixcraft currently electronic download price free day unlimited trial acoustica web site trials features active trial expires exception burning cds outputting music mixes single audio file</p></sec><sec><st>awards</st><p><list><entry level="1" type="bullet">mixcraft keyboard magazines top honor key buy award<link>craig anderton</link>issue</entry><entry level="1" type="bullet">mixcraft computer music magazines computer music award product review score issue</entry></list></p></sec><sec><st>history</st><p>version contained improvements previous version including graphic user interface<link ns0:type="simple" ns0:href="../293/12293.xml">gui</link><link ns0:type="simple" ns0:href="../133/255133.xml">multitrack recording</link>support<link ns0:type="simple" ns0:href="../775/77775.xml">music loops</link><software wordnetid="106566077" confidence="0.9508927676800064"><link ns0:type="simple" ns0:href="../198/1108198.xml">sony acid pro</link></software><software wordnetid="106566077" confidence="0.9508927676800064"><link ns0:type="simple" ns0:href="../253/424253.xml">apple garageband</link></software></p></sec><sec><st>external links</st><p><list><entry level="1" type="bullet"><weblink ns0:type="simple" ns0:href="http://www.acoustica.com">acoustica web site</weblink></entry><entry level="1" type="bullet"><weblink ns0:type="simple" ns0:href="http://www.acoustica.com/mixcraft">mixcraft download web</weblink></entry><entry level="1" type="bullet"><weblink ns0:type="simple" ns0:href="http://www.soundonsound.com/sos/may08/articles/mixcraft4.htm">sound sound mixcraft review</weblink></entry><entry level="1" type="bullet"><weblink ns0:type="simple" ns0:href="http://livefrom.musicplayer.com/clip.aspx?key=19423B5C8023C959 ctx=feat">keyboard magazines stephen fortner january namm video interview mixcraft</weblink></entry><entry level="1" type="bullet"><weblink ns0:type="simple" ns0:href="http://livefrom.musicplayer.com/clip.aspx?key=2951A252B1083C88 ctx=feat">keyboard magazines stephen fortner january namm video interview mixcraft</weblink></entry><entry level="1" type="bullet"><weblink ns0:type="simple" ns0:href="http://www.gearwire.com/acoustica-mixcraft4.html">gearwirecom january namm video interview mixcraft</weblink></entry><entry level="1" type="bullet"><weblink ns0:type="simple" ns0:href="http://www.soundonsound.com/sos/nov07/articles/mixcraft.htm">sound sound magazines november review mixcraft</weblink></entry><entry level="1" type="bullet"><weblink ns0:type="simple" ns0:href="http://www.jakeludington.com/ask_jake/20070513_garagebandlike_software_for_windows.html">jack ludingtons mediablab review mixcraft</weblink></entry><entry level="1" type="bullet"><weblink ns0:type="simple" ns0:href="http://www.itp.net/reviews/details.php?id=3170">itp technology review mixcraft stars</weblink></entry><entry level="1" type="bullet"><weblink ns0:type="simple" ns0:href="http://www.technewsworld.com/story/commentary/56130.html">technewsworld review mixcraft</weblink></entry><entry level="1" type="bullet"><weblink ns0:type="simple" ns0:href="http://www.podcastusermagazine.com/files/podusermag-issue4.pdf">podcast user magazine review mixcraft</weblink></entry></list></p></sec></bdy></software></article>