<article xmlns:ns0="http://www.w3.org/1999/xlink"><artist confidence="0.9508927676800064" wordnetid="109812338"><group confidence="0.9511911446218017" wordnetid="100031264"><header><title>chemistry band</title><id /><revision><id /><timestamp /><contributor><username>chameleon</username><id /></contributor></revision><categories><category>japanese musical groups</category><category>sony music japan artists</category></categories></header><bdy><template><name>infobox musical artist</name><parameters><Background /><Years_active><link ns0:type="simple" ns0:href="../551/34551.xml" /></Years_active><Origin><image width="22x20px" src="Flag_of_Japan.svg"><caption>flag japan</caption></image><link ns0:type="simple" ns0:href="../573/15573.xml">japan</link></Origin><Current_members><link>yoshikuni dchin</link><link>kaname kawabata</link></Current_members><Name>chemistry</Name><Alias>kemi</Alias><Associated_acts><link>kiyoshi matsuo</link><link>shigeaki tanaka</link></Associated_acts><Genre><link ns0:type="simple" ns0:href="../082/414082.xml">jpop</link><link ns0:type="simple" ns0:href="../168/26168.xml" /></Genre><Label><label wordnetid="107202579" confidence="0.9508927676800064"><link ns0:type="simple" ns0:href="../876/16275876.xml">defstar records</link></label></Label><URL><weblink ns0:type="simple" ns0:href="http://www.chemistryclub.net/pc/top.jsp">official website</weblink></URL></parameters></template>chemistry redirects field science<link ns0:type="simple" ns0:href="../180/5180.xml">chemistry</link><p>chemistry kemisutor<link ns0:type="simple" ns0:href="../082/414082.xml">japanese pop</link><link ns0:type="simple" ns0:href="../168/26168.xml" />duo composed<link>yoshikuni dchin</link><link>yoshikuni dchin</link>born<link ns0:type="simple" ns0:href="../798/21798.xml">november</link><link ns0:type="simple" ns0:href="../753/34753.xml" /><link>kaname kawabata</link><link>kaname kawabata</link>born<link ns0:type="simple" ns0:href="../792/15792.xml">january</link><link ns0:type="simple" ns0:href="../754/34754.xml" />winners<series wordnetid="108457976" confidence="0.9508927676800064"><link ns0:type="simple" ns0:href="../178/10099178.xml">asayan</link></series>audition<series wordnetid="108457976" confidence="0.9508927676800064"><link ns0:type="simple" ns0:href="../890/191890.xml">american idol</link></series>series organized<event wordnetid="100029378" confidence="0.8"><description wordnetid="107201365" confidence="0.8"><company wordnetid="108058098" confidence="0.8"><label wordnetid="107202579" confidence="0.8"><act wordnetid="100030358" confidence="0.8"><psychological_feature wordnetid="100023100" confidence="0.8"><speech_act wordnetid="107160883" confidence="0.8"><subsidiary_company wordnetid="108003935" confidence="0.8"><institution wordnetid="108053576" confidence="0.8"><link ns0:type="simple" ns0:href="../734/2476734.xml">sony music entertainment japan</link></institution></subsidiary_company></speech_act></psychological_feature></act></label></company></description></event></p><p>single<medium wordnetid="106254669" confidence="0.9508927676800064"><link ns0:type="simple" ns0:href="../735/6995735.xml">pieces dream</link></medium>released<link ns0:type="simple" ns0:href="../633/19633.xml">march</link><link ns0:type="simple" ns0:href="../551/34551.xml" />best selling single year singles reached oricon charts albums reached day released streak broken<link ns0:type="simple" ns0:href="../675/10343675.xml">kinki kids</link><link />album scoring rank<link /></p><p>chemistry<country wordnetid="108544813" confidence="0.9508927676800064"><link ns0:type="simple" ns0:href="../749/16749.xml">korea</link></country>popular collaboration song<link ns0:type="simple" ns0:href="../247/2859247.xml" />featuring talents korea japan collaborating korean singer<singer wordnetid="110599806" confidence="0.9173553029164789"><artist wordnetid="109812338" confidence="0.9508927676800064"><link ns0:type="simple" ns0:href="../080/1350080.xml">lena park</link></artist></singer>appears bside dance<link>kimi iru</link>single</p><p><link ns0:type="simple" ns0:href="../865/19865.xml">march</link><link ns0:type="simple" ns0:href="../825/35825.xml" />kaname kawabata married model<link>miki takahashi</link>met appeared<link>night</link><ref ns0:type="simple" ns0:href="#xpointer(//reflist/entry[@id=%221%22])" /></p><sec><st>discography</st><ss1><st>albums</st><p><table style="margin: 1em; border: 1px #aaa solid; border-collapse: collapse; text-align:center;" cellpadding="3" border="1"><row style="background:#EFEFEF;"><header /><header>title</header><header>release</header><col>ranking<ref ns0:type="simple" ns0:href="#xpointer(//reflist/entry[@id=%222%22])" /></col></row><row><col /><col><album wordnetid="106591815" confidence="0.9508927676800064"><link ns0:type="simple" ns0:href="../243/13917243.xml" /></album></col><col><link /></col><col /></row><row><col /><col><link>second</link></col><col><link /></col><col /></row><row><col /><col><link>lines</link></col><col><link /></col><col /></row><row><col /><col><link>oneone</link></col><col><link /></col><col /></row><row><col /><col><link>hot chemistry</link></col><col><link /></col><col /></row><row><col /><col><link /></col><col><link /></col><col><list><entry level="1" type="number" /></list></col></row><row><col /><col /><col><link /></col><col><list><entry level="1" type="number" /></list></col></row><row><col /><col><link>best</link></col><col><link /></col><col /></row><row><col /><col><link>face face</link></col><col><link /></col><col /></row></table></p></ss1><ss1><st>singles</st><p><table style="margin: 1em; border: 1px #aaa solid; border-collapse: collapse; text-align:center;" cellpadding="3" border="1"><row style="background:#EFEFEF;"><header /><header>title</header><header>release</header><col>ranking<ref ns0:type="simple" ns0:href="#xpointer(//reflist/entry[@id=%222%22])" /></col><col>weeks charts<ref ns0:type="simple" ns0:href="#xpointer(//reflist/entry[@id=%222%22])" /></col></row><row><col /><col align="left"><medium wordnetid="106254669" confidence="0.9508927676800064"><link ns0:type="simple" ns0:href="../735/6995735.xml">pieces dream</link></medium></col><col><link /></col><col /><col>weeks</col></row><row><col /><col align="left"><link>point return</link></col><col><link /></col><col /><col>weeks</col></row><row><col /><col align="left"><link /></col><col><link /></col><col /><col>weeks</col></row><row><col /><col align="left"><link>kimi sagashiteta jersey united</link>jersey united<link>kimi sagashiteta jersey united</link></col><col><link /></col><col><list><entry level="1" type="number" /></list></col><col>weeks</col></row><row><col /><col align="left"><link>floatin</link></col><col><link /></col><col /><col>weeks</col></row><row><col /><col align="left"><link>takes</link></col><col><link /></col><col /><col>weeks</col></row><row><col /><col align="left"><link>gift</link></col><col><link /></col><col><list><entry level="1" type="number" /></list></col><col>weeks</col></row><row><col /><col align="left"><link>ashita kaeru</link><link>ashita kaeru</link></col><col><link /></col><col /><col>weeks</col></row><row><col /><col align="left"><link /></col><col><link /></col><col><list><entry level="1" type="number" /></list></col><col>weeks</col></row><row><col /><col align="left"><link>vain</link></col><col><link /></col><col><list><entry level="1" type="number" /></list></col><col>weeks</col></row><row><col /><col align="left"><link>mirage blue</link></col><col><link /></col><col><list><entry level="1" type="number" /></list></col><col>weeks</col></row><row><col /><col align="left"><link>long long</link></col><col><link /></col><col><list><entry level="1" type="number" /></list></col><col>weeks</col></row><row><col /><col align="left"><link>shiroi toiki</link><link>shiroi toiki</link></col><col><link /></col><col><list><entry level="1" type="number" /></list></col><col>weeks</col></row><row><col /><col align="left"><link>kimi iru</link><link>kimi iru</link></col><col><link /></col><col><list><entry level="1" type="number" /></list></col><col>weeks</col></row><row><col /><col align="left"><link>wings</link></col><col><link /></col><col><list><entry level="1" type="number" /></list></col><col>weeks</col></row><row><col /><col align="left"><link>love</link></col><col><link /></col><col><list><entry level="1" type="number" /></list></col><col>weeks</col></row><row><col /><col align="left"><link>yakusoku basho</link><link>yakusoku basho</link></col><col><link /></col><col><list><entry level="1" type="number" /></list></col><col>weeks</col></row><row><col /><col align="left"><link>tkage</link>feat<physical_entity wordnetid="100001930" confidence="0.8"><person wordnetid="100007846" confidence="0.8"><performer wordnetid="110415638" confidence="0.8"><singer wordnetid="110599806" confidence="0.8"><musician wordnetid="110340312" confidence="0.8"><causal_agent wordnetid="100007347" confidence="0.8"><pianist wordnetid="110430665" confidence="0.8"><entertainer wordnetid="109616922" confidence="0.8"><link ns0:type="simple" ns0:href="../279/1575279.xml">john legend</link></entertainer></pianist></causal_agent></musician></singer></performer></person></physical_entity>feat john legend<link>tkage</link>feat<physical_entity wordnetid="100001930" confidence="0.8"><person wordnetid="100007846" confidence="0.8"><performer wordnetid="110415638" confidence="0.8"><singer wordnetid="110599806" confidence="0.8"><musician wordnetid="110340312" confidence="0.8"><causal_agent wordnetid="100007347" confidence="0.8"><pianist wordnetid="110430665" confidence="0.8"><entertainer wordnetid="109616922" confidence="0.8"><link ns0:type="simple" ns0:href="../279/1575279.xml">john legend</link></entertainer></pianist></causal_agent></musician></singer></performer></person></physical_entity></col><col><link /></col><col><list><entry level="1" type="number" /></list></col><col>weeks</col></row><row><col /><col align="left"><link>top</link></col><col><link /></col><col><list><entry level="1" type="number" /></list></col><col>weeks</col></row><row><col /><col align="left"><link>sora kiseki</link><link>sora kiseki</link></col><col><link /></col><col><list><entry level="1" type="number" /></list></col><col>weeks</col></row><row><col /><col align="left"><link>night</link><ref ns0:type="simple" ns0:href="#xpointer(//reflist/entry[@id=%223%22])" /></col><col><link /></col><col><list><entry level="1" type="number" /></list></col></row><row><col /><col align="left"><link>kagayaku yoru</link><link>kagayaku yoru</link></col><col><link /></col><col /><col /></row><row><col /><col align="left"><link>life</link></col><col><link /></col><col /><col /></row></table></p></ss1><ss1><st>videos</st><p><list><entry level="1" type="bullet"><link />raw respect wisdom chemistry acoustic live<medium wordnetid="106254669" confidence="0.9508927676800064"><link ns0:type="simple" ns0:href="../498/11014498.xml">dvd</link></medium><message wordnetid="106598915" confidence="0.8"><information wordnetid="106634376" confidence="0.8"><hallmark wordnetid="104732543" confidence="0.8"><format wordnetid="106636806" confidence="0.8"><characteristic wordnetid="104731497" confidence="0.8"><link ns0:type="simple" ns0:href="../124/52124.xml">vhs</link></characteristic></format></hallmark></information></message></entry><entry level="1" type="bullet"><link />chemistry videos dvd vhs</entry><entry level="1" type="bullet"><link />stand live documentary dvd vhs</entry><entry level="1" type="bullet"><link />chemistry suntory hall hibiki dvd<medium wordnetid="106254669" confidence="0.9508927676800064"><link ns0:type="simple" ns0:href="../720/1042720.xml">umd</link></medium></entry><entry level="1" type="bullet"><link />chemistry videos sing dvd vhs</entry><entry level="1" type="bullet"><link />chemistry tour<medium wordnetid="106254669" confidence="0.9508927676800064"><link ns0:type="simple" ns0:href="../826/11015826.xml">bluray disc</link></medium></entry></list></p></ss1></sec><sec><st>notes references</st><p><reflist><entry id="1"><weblink ns0:type="simple" ns0:href="http://www.sanspo.com/geino/top/gt200803/gt2008030701.html">chemistry</weblink>japanese retrieved<link /></entry><entry id="2">based<link ns0:type="simple" ns0:href="../023/2758023.xml">oricon charts</link></entry><entry id="3"><weblink ns0:type="simple" ns0:href="http://www.chemistryclub.net/pc/disco/top.jsp">chemistry club latest release</weblink>japanese retrieved<link /></entry></reflist></p></sec><sec><st>external links</st><p><table style="width:25.36em; background:#f7f8ff; border-collapse:collapse; padding:0em; margins:0em; font-size:83%; line-height:1.2em;" class="expansion"><row><col style="width:65px; vertical-align:middle;"><image location="center" width="50px" src="書.svg" /></col><col style="vertical-align:middle;">article<language wordnetid="106282651" confidence="0.9508927676800064"><link ns0:type="simple" ns0:href="../606/15606.xml">japanese</link></language>textwithout proper<link ns0:type="simple" ns0:href="../415/186415.xml">question marks boxes symbols</link><link ns0:type="simple" ns0:href="../604/37604.xml">kanji</link><link ns0:type="simple" ns0:href="../204/17204.xml">kana</link></col></row></table><list><entry level="1" type="bullet"><weblink ns0:type="simple" ns0:href="http://www.chemistryclub.net/">chemistry club</weblink></entry><entry level="1" type="bullet"><weblink ns0:type="simple" ns0:href="http://www.sonymusic.co.jp/Music/Arch/DF/CHEMISTRY/">chemistry website</weblink>sony music online japan</entry><entry level="1" type="bullet"><weblink ns0:type="simple" ns0:href="http://nippop.com/artist/artist_id-145/artist_name-chemistry/">nippop profile chemistry</weblink></entry></list></p></sec></bdy></group></artist></article>