<article xmlns:ns0="http://www.w3.org/1999/xlink"><event confidence="0.8" wordnetid="100029378"><act confidence="0.8" wordnetid="100030358"><psychological_feature confidence="0.8" wordnetid="100023100"><procedure confidence="0.8" wordnetid="101023820"><activity confidence="0.8" wordnetid="100407535"><header><title>baddeley model working memory</title><id /><revision><id /><timestamp /><contributor><username>closedmouth</username><id /></contributor></revision><categories><category>memory processes</category></categories></header><bdy><image location="right" width="150px" src="Baddeley.jpg" type="frame"><caption>schematic baddeleys model</caption></image><physical_entity wordnetid="100001930" confidence="0.8"><person wordnetid="100007846" confidence="0.8"><causal_agent wordnetid="100007347" confidence="0.8"><scientist wordnetid="110560637" confidence="0.8"><psychologist wordnetid="110488865" confidence="0.8"><link ns0:type="simple" ns0:href="../669/3257669.xml">alan baddeley</link></psychologist></scientist></causal_agent></person></physical_entity><physical_entity wordnetid="100001930" confidence="0.8"><person wordnetid="100007846" confidence="0.8"><causal_agent wordnetid="100007347" confidence="0.8"><academician wordnetid="109759069" confidence="0.8"><adult wordnetid="109605289" confidence="0.8"><professional wordnetid="110480253" confidence="0.8"><educator wordnetid="110045713" confidence="0.8"><link ns0:type="simple" ns0:href="../388/15331388.xml">graham hitch</link></educator></professional></adult></academician></causal_agent></person></physical_entity>proposed model working memory attempt describe accurate model<link ns0:type="simple" ns0:href="../944/28944.xml">shortterm memory</link><p>baddeley hitch proposed tripartite working memory model alternative shortterm store<event wordnetid="100029378" confidence="0.8"><act wordnetid="100030358" confidence="0.8"><psychological_feature wordnetid="100023100" confidence="0.8"><procedure wordnetid="101023820" confidence="0.8"><activity wordnetid="100407535" confidence="0.8"><link ns0:type="simple" ns0:href="../209/568209.xml">atkinson shiffrins multistore memory model</link></activity></procedure></psychological_feature></act></event>model expanded baddeley coworkers dominant view field working memory alternative models developing<link ns0:type="simple" ns0:href="../912/33912.xml">working memory</link>providing perspective working memory system</p><p>original model baddeley hitch composed three main components central<link ns0:type="simple" ns0:href="../475/3704475.xml">executive</link>acts supervisory system controls flow information slave systems phonological loop visuospatial sketchpad slave systems shortterm storage systems dedicated content domain verbal visuospatial baddeley third slave system model episodic buffer</p><p>baddeley hitchs argument distinction domainspecific slave systems older model derived experimental findings<link ns0:type="simple" ns0:href="../839/10477839.xml">dualtask paradigms</link>performance simultaneous tasks requiring separate perceptual domains visual verbal task efficient performance tasks individually contrast person carry tasks simultaneously perceptual domain performance efficient performing tasks individually</p><sec><st>components</st><ss1><st>central executive</st><p>central executive flexible system responsible control regulation cognitive processes functions<list><entry level="1" type="bullet">binding information number sources coherent episodes</entry><entry level="1" type="bullet">coordination slave systems</entry><entry level="1" type="bullet">shifting tasks retrieval strategies</entry><entry level="1" type="bullet">selective attention inhibition</entry></list>thought supervisory system controls cognitive processes intervenes astray</p><p>dualtask paradigm baddeley colleagues instance patients<link ns0:type="simple" ns0:href="../017/18914017.xml">alzheimers</link>dementia impaired performing multiple tasks simultaneously difficulty individual tasks adapted abilities<ref ns0:type="simple" ns0:href="#xpointer(//reflist/entry[@id=%221%22])" /></p><p>executive functions suggests central executive central conceived baddeley hitch model separate executive functions vary independently individuals selectively impaired spared brain damage<ref ns0:type="simple" ns0:href="#xpointer(//reflist/entry[@id=%222%22])" /></p></ss1><ss1><st>phonological loop</st><p>phonological loop articulatory loop deals sound phonological information consists parts shortterm phonological store<link ns0:type="simple" ns0:href="../796/293796.xml">auditory</link>memory traces subject rapid decay articulatory rehearsal component revive memory traces</p><p>auditory verbal information assumed enter automatically phonological store visually presented language transformed phonological code silent articulation encoded phonological store transformation facilitated articulatory control process phonological store acts inner ear remembering speech sounds temporal order whilst articulatory process acts inner voice repeats series speech elements loop prevent decaying phonological loop play key role acquisition vocabulary early childhood years<ref ns0:type="simple" ns0:href="#xpointer(//reflist/entry[@id=%223%22])" />vital learning second language</p><p>main findings provide evidence phonological loop</p><p><list><entry level="1" type="number"><link ns0:type="simple" ns0:href="../247/23247.xml">phonological</link>similaritylists sound difficult remember sound<link ns0:type="simple" ns0:href="../107/29107.xml">semantic</link>similarity similarity meaning comparatively supporting assumption verbal information coded phonologically working memory<ref ns0:type="simple" ns0:href="#xpointer(//reflist/entry[@id=%224%22])" /></entry><entry level="1" type="number">articulatory suppressionmemory verbal material impaired people asked irrelevant aloud assumed block articulatory rehearsal process leaving memory traces phonological loop decay<ref ns0:type="simple" ns0:href="#xpointer(//reflist/entry[@id=%225%22])" /></entry><entry level="1" type="number">transfer information codeswith visually presented items adults subvocally rehearse information transferred visual auditory code articulatory suppression prevents transfer case mentioned phonological similarity erased visually presented items<ref ns0:type="simple" ns0:href="#xpointer(//reflist/entry[@id=%226%22])" /></entry><entry level="1" type="number">neuropsychological evidencea defective phonological store explains behavior patients specific deficit phonological shortterm memory<link ns0:type="simple" ns0:href="../80s/2080s.xml">aphasic</link>patients<link ns0:type="simple" ns0:href="../469/572469.xml">dyspraxia</link>unable set speech motor codes<link ns0:type="simple" ns0:href="../749/1065749.xml">articulation</link>caused deficiency articulatory rehearsal process<ref ns0:type="simple" ns0:href="#xpointer(//reflist/entry[@id=%227%22])" /></entry><entry level="1" type="number">hand patients<link ns0:type="simple" ns0:href="../706/1004706.xml">dysarthria</link>speech problems secondary normal capacity rehearsal suggests subvocal rehearsing crucial<ref ns0:type="simple" ns0:href="#xpointer(//reflist/entry[@id=%228%22])" /></entry></list></p></ss1><ss1><st>visuospatial sketchpad</st><p>visuospatial sketchpad assumed hold information temporary storage manipulation spatial visual information remembering shapes colours location speed objects space involved tasks involve planning spatial movements planning complex building visuospatial sketchpad divided separate visual spatial kinaesthetic movement components principally represented<link ns0:type="simple" ns0:href="../608/406608.xml">hemisphere</link>brain<ref ns0:type="simple" ns0:href="#xpointer(//reflist/entry[@id=%229%22])" /></p><ss2><st>logies elaboration visuospatial sketchpad</st><p>logie proposed visuospatial sketchpad subdivided components<list><entry level="1" type="number">visual cache stores information form color</entry><entry level="1" type="number">inner scribe deals spatial movement information rehearses information visual cache transfers information central executive<ref ns0:type="simple" ns0:href="#xpointer(//reflist/entry[@id=%2210%22])" /></entry></list></p><p>three main findings provide evidence distinction visual spatial parts visuospatial sketchpad</p><p><list><entry level="1" type="number">interference visual spatial tasks visual tasks spatial tasks<ref ns0:type="simple" ns0:href="#xpointer(//reflist/entry[@id=%2211%22])" /></entry><entry level="1" type="number">brain damage influence components influencing<ref ns0:type="simple" ns0:href="#xpointer(//reflist/entry[@id=%2212%22])" /></entry><entry level="1" type="number">brainimaging working memory tasks visual objects activate areas left hemisphere tasks spatial information activate areas hemisphere<ref ns0:type="simple" ns0:href="#xpointer(//reflist/entry[@id=%2213%22])" /></entry></list></p></ss2></ss1><ss1><st>episodic buffer</st><p>baddeley fourth component model called episodic buffer component third slave system dedicated linking information domains form integrated units visual spatial verbal information time sequencing chronological ordering memory story movie scene episodic buffer assumed links longterm memory semantical meaning</p><p>main motivation introducing component observation highly intelligent patients<link ns0:type="simple" ns0:href="../950/234950.xml">amnesia</link>presumably ability encode information longterm memory good shortterm recall stories recalling information held phonological loop<ref ns0:type="simple" ns0:href="#xpointer(//reflist/entry[@id=%2214%22])" /></p></ss1></sec><sec><st>validity model</st><p>strength baddeleys model ability integrate large amount findings work shortterm working memory additionally mechanisms slave systems phonological loop inspired wealth experimental psychology neuropsychology cognitive neuroscience</p><p>criticisms raised instance phonologicalloop component details findings easily explained original baddeley hitch model<ref ns0:type="simple" ns0:href="#xpointer(//reflist/entry[@id=%2215%22])" /><ref ns0:type="simple" ns0:href="#xpointer(//reflist/entry[@id=%2216%22])" /></p><p>episodic buffer helpful addition model working memory investigated extensively functions remain unclear<ref ns0:type="simple" ns0:href="#xpointer(//reflist/entry[@id=%2217%22])" /></p></sec><sec><st>references</st><ss1><st>notes</st><p><reflist><entry id="1">baddeley della sala working memory executive control philosophical transactions royal society london</entry><entry id="2">miyake friedman emerson witzki howerter wager unity diversity executive functions contributions complex frontal lobe tasks latent variable analysis cognitive psychology</entry><entry id="3">baddeley gathercole papagno phonological loop language learning device psychological review</entry><entry id="4">conrad hull information acoustic confusion memory span british journal psychology baddeley shortterm memory word sequences function acoustic semantic formal similarity quarterly journal experimental psychology</entry><entry id="5">baddeley word length structure shortterm memory journal verbal learning verbal behavior</entry><entry id="6">murray articulation acoustic confusability short term memory journal experimental psychology</entry><entry id="7">waters role highlevel speech planning rehearsal evidence patients apraxia speech journal memory language</entry><entry id="8">baddeley wilson phonological coding shortterm memory patients speech journal memory language</entry><entry id="9">baddeley episodic buffer component working memory trends cognitive science</entry><entry id="10">logie visuospatial working memory hove lawrence eribaum associates</entry><entry id="11">klauer zhao double dissociations visual spatial shortterm memory journal experimental psychology general</entry><entry id="12">mentioned</entry><entry id="13">smith jonides</entry><entry id="14">baddeley wilson prose recall amnesia implications structure working memory neuropsychologia</entry><entry id="15">jones macken nicholls phonological store working memory phonological store journal experimental psychology learning memory cognition</entry><entry id="17"><weblink ns0:type="simple" ns0:href="http://www.psypress.com/ek5/resources/demo_ch06-sc-02.asp">cognitive psychology students handbook edition chapter topic</weblink></entry><entry id="16">nairne remembering shortterm case standard model annual review psychology</entry></reflist></p></ss1><ss1><st>bibliography</st><p><list><entry level="1" type="bullet">baddeley wilson prose recall amnesia implications structure working memory neuropsychologia</entry><entry level="1" type="bullet">baddeley episodic buffer component working memory trends cognitive science</entry><entry level="1" type="bullet">baddeley della sala working memory executive control philosophical transactions royal society london</entry><entry level="1" type="bullet">baddeley hitch working memory bower psychology learning motivation advances theory york academic press</entry></list></p></ss1></sec><sec><st /><p><list><entry level="1" type="bullet"><link ns0:type="simple" ns0:href="../912/33912.xml">working memory</link></entry><entry level="1" type="bullet"><link ns0:type="simple" ns0:href="../977/2855977.xml">attention versus memory prefrontal cortex</link></entry><entry level="1" type="bullet"><event wordnetid="100029378" confidence="0.8"><act wordnetid="100030358" confidence="0.8"><psychological_feature wordnetid="100023100" confidence="0.8"><procedure wordnetid="101023820" confidence="0.8"><activity wordnetid="100407535" confidence="0.8"><link ns0:type="simple" ns0:href="../587/10269587.xml">echoic memory</link></activity></procedure></psychological_feature></act></event></entry></list></p></sec></bdy></activity></procedure></psychological_feature></act></event></article>