<article xmlns:ns0="http://www.w3.org/1999/xlink"><entity confidence="0.9511911446218017" wordnetid="100001740"><header><title>fasta</title><id /><revision><id /><timestamp /><contributor><username>thorwald</username><id /></contributor></revision><categories><category>bioinformatics software</category><category>computational phylogenetics</category><category>bioinformatics</category></categories></header><bdy><template><name>infobox software</name><parameters><genre>bioinformatics tool</genre><licence>free academic users</licence><website><weblink ns0:type="simple" ns0:href="http://fasta.bioch.virginia.edu/">fastabiochvirginiaedu</weblink></website><latest_release_version /><developer>pearson</developer><name>fasta</name><operating_system><link ns0:type="simple" ns0:href="../642/31642.xml">unix</link><O wordnetid="106832680" confidence="0.9508927676800064"><link ns0:type="simple" ns0:href="../297/6097297.xml">linux</link></O><link ns0:type="simple" ns0:href="../979/19006979.xml">mac</link><link ns0:type="simple" ns0:href="../890/18890.xml">mswindows</link></operating_system></parameters></template><p>fasta<link ns0:type="simple" ns0:href="../955/7955.xml">dna</link><link ns0:type="simple" ns0:href="../634/23634.xml">protein</link><link ns0:type="simple" ns0:href="../289/149289.xml">sequence alignment</link>software package described fastp<physical_entity wordnetid="100001930" confidence="0.8"><person wordnetid="100007846" confidence="0.8"><biologist wordnetid="109855630" confidence="0.8"><causal_agent wordnetid="100007347" confidence="0.8"><scientist wordnetid="110560637" confidence="0.8"><link ns0:type="simple" ns0:href="../950/6700950.xml">david lipman</link></scientist></causal_agent></biologist></person></physical_entity><link>william pearson</link>article<weblink ns0:type="simple" ns0:href="http://www.ncbi.nlm.nih.gov/entrez/query.fcgi?cmd=Retrieve db=pubmed dopt=Abstract list_uids=2983426">rapid sensitive protein similarity searches</weblink>original fastp program designed protein sequence similarity searching fasta described<weblink ns0:type="simple" ns0:href="http://www.ncbi.nlm.nih.gov/entrez/query.fcgi?cmd=Retrieve db=pubmed dopt=Abstract list_uids=3162770">improved tools biological sequence comparison</weblink>ability dnadna searches translated proteindna searches provided sophisticated shuffling program evaluating statistical significance programs package allow alignment<link ns0:type="simple" ns0:href="../634/23634.xml">protein</link>sequences dna sequences fasta pronounced fastaye stands fastall works alphabet extension fastp protein fastn nucleotide alignment</p><p>current fasta package programs proteinprotein dnadna proteintranslated dna frameshifts ordered unordered peptide searches versions fasta package include special translated search algorithms correctly handle frameshift errors sixframetranslated searches handle well comparing nucleotide protein sequence data</p><p>addition rapid heuristic search methods fasta package ssearch implementation optimal<event wordnetid="100029378" confidence="0.8"><rule wordnetid="105846932" confidence="0.8"><act wordnetid="100030358" confidence="0.8"><psychological_feature wordnetid="100023100" confidence="0.8"><procedure wordnetid="101023820" confidence="0.8"><activity wordnetid="100407535" confidence="0.8"><algorithm wordnetid="105847438" confidence="0.8"><link ns0:type="simple" ns0:href="../195/1606195.xml">smithwaterman algorithm</link></algorithm></activity></procedure></psychological_feature></act></rule></event>major focus package calculation accurate similarity statistics biologists judge alignment occurred chance infer<link ns0:type="simple" ns0:href="../431/142431.xml">homology</link>fasta package<weblink ns0:type="simple" ns0:href="http://fasta.bioch.virginia.edu/">fastabiochvirginiaedu</weblink></p><p><weblink ns0:type="simple" ns0:href="http://www.ebi.ac.uk/fasta">webinterface</weblink>submit sequences running search<institute wordnetid="108407330" confidence="0.8"><association wordnetid="108049401" confidence="0.8"><link ns0:type="simple" ns0:href="../296/2056296.xml">european bioinformatics institute ebis</link></association></institute>online databases fasta programs</p><p><link ns0:type="simple" ns0:href="../001/468001.xml">fasta file format</link>input software sequence database search tools<link ns0:type="simple" ns0:href="../695/363695.xml">blast</link>sequence alignment programs<link ns0:type="simple" ns0:href="../990/1976990.xml">clustal</link><link ns0:type="simple" ns0:href="../633/4344633.xml">tcoffee</link></p><sec><st>search method</st><p>fasta takes nucleotide aminoacid sequence searches corresponding sequence database<link ns0:type="simple" ns0:href="../289/149289.xml#xpointer(//*[./st=%22Local+alignment%22])">local sequence alignment</link>find matches database sequences</p><p>fasta program heuristic method contributes high speed execution initially observes pattern word hits wordtoword matches length marks potential matches performing timeconsuming optimized search<event wordnetid="100029378" confidence="0.8"><rule wordnetid="105846932" confidence="0.8"><act wordnetid="100030358" confidence="0.8"><psychological_feature wordnetid="100023100" confidence="0.8"><procedure wordnetid="101023820" confidence="0.8"><activity wordnetid="100407535" confidence="0.8"><algorithm wordnetid="105847438" confidence="0.8"><link ns0:type="simple" ns0:href="../195/1606195.xml">smithwaterman</link></algorithm></activity></procedure></psychological_feature></act></rule></event>type algorithm size word parameter ktup controls sensitivity speed program increasing ktup decreases number background hits word hits returned program segments cluster nearby hits investigates segments match</p><p><image location="right" width="150px" src="Document_html_47f1ed1b.gif" type="frame"><caption>diagram book<weblink ns0:type="simple" ns0:href="http://search.barnesandnoble.com/bookSearch/isbnInquiry.asp?r=1 isbn=0199634963">protein structure prediction practical approach</weblink>chapter<weblink ns0:type="simple" ns0:href="http://www.compbio.dundee.ac.uk/ftp/preprints/review93/review93.pdf">protein sequence alignment database scanning</weblink></caption></image>differences fastn fastp relating type sequences steps calculate three scores describe format sequence similarity<list><entry level="1" type="bullet">identify regions highest density sequence comparison ktup equal</entry><entry level="1" type="indent">step group identities sequences table ktup determines consecutive identities required match declared lesser ktup sensitive search ktup frequently users protein sequences ktup nucleotide sequences short oligonucleotides ktup program finds local regions represented diagonals length dot plot sequences counting ktup matches penalizing intervening mismatches local regions highest density matches diagonal isolated background hits protein sequences<link ns0:type="simple" ns0:href="../225/363225.xml#xpointer(//*[./st=%22BLOSUM%22])">blosum</link>values scoring ktup matches ensures groups identities high similarity scores contribute local diagonal score identities low similarity scores nucleotide sequences<link ns0:type="simple" ns0:href="../225/363225.xml#xpointer(//*[./st=%22Identity+matrix%22])">identity matrix</link>purpose best local regions selected diagonals saved</entry></list></p><p><list><entry level="1" type="bullet">rescan regions scoring matrices trimming ends region include contributing highest score</entry><entry level="1" type="indent">rescan regions time relevant scoring matrix rescoring allow runs identities shorter ktup rescoring conservative replacements contribute similarity score protein sequences<link ns0:type="simple" ns0:href="../225/363225.xml#xpointer(//*[./st=%22BLOSUM%22])">blosum</link>matrix scoring matrices based minimum number base changes required specific replacement identities alternative measure similarity<link>pam</link>program diagonal regions rescanned subregion maximum score identified initial scores step rank library sequences highest score referred init score</entry></list></p><p><list><entry level="1" type="bullet">alignment initial regions scores greater cutoff check trimmed initial regions joined form approximate alignment gaps calculate similarity score sum joined regions penalising gap points initial similarity score initn rank library sequences score single best initial region step reported init</entry><entry level="1" type="indent">program calculates optimal alignment initial regions combination compatible regions maximal score optimal alignment initial regions rapidily calculated dynamic programming algorithm score initn rank library sequencesthis joining process increases sensitivity decreases selectivity carefully calculated cutoff control step implemented<link ns0:type="simple" ns0:href="../590/27590.xml">standard deviation</link>average score expected unrelated sequences library residue query sequence ktup</entry></list></p><p><list><entry level="1" type="bullet">banded<link ns0:type="simple" ns0:href="../195/1606195.xml">smithwaterman</link>algorithm calculate optimal score alignment</entry><entry level="1" type="indent">step banded<link ns0:type="simple" ns0:href="../195/1606195.xml">smithwaterman</link>algorithm create optimised score opt alignment query sequence databaselibrary sequence takes band residues centered init region step calculating optimal alignment sequences searched program plots initial scores database sequence<link ns0:type="simple" ns0:href="../266/13266.xml">histogram</link>calculates statistical significance opt score protein sequences final alignment produced full<link ns0:type="simple" ns0:href="../195/1606195.xml">smithwaterman</link>alignment dna sequences banded alignment provided</entry></list></p></sec><sec><st /><p><list><entry level="1" type="bullet"><link ns0:type="simple" ns0:href="../695/363695.xml">blast</link></entry><entry level="1" type="bullet"><link ns0:type="simple" ns0:href="../001/468001.xml">fasta format</link></entry><entry level="1" type="bullet"><link ns0:type="simple" ns0:href="../289/149289.xml">sequence alignment</link></entry><entry level="1" type="bullet"><link ns0:type="simple" ns0:href="../900/5806900.xml">sequence alignment software</link></entry><entry level="1" type="bullet"><link ns0:type="simple" ns0:href="../366/1319366.xml">sequence profiling tool</link></entry></list></p></sec><sec><st>external links</st><p><list><entry level="1" type="bullet"><weblink ns0:type="simple" ns0:href="http://fasta.bioch.virginia.edu/fasta_www2/fasta_list2.shtml">fasta website</weblink></entry><entry level="1" type="bullet"><weblink ns0:type="simple" ns0:href="http://www.ebi.ac.uk/Tools/fasta">ebis fasta</weblink><institute wordnetid="108407330" confidence="0.8"><association wordnetid="108049401" confidence="0.8"><link>ebis</link></association></institute>accessing fasta services</entry></list></p></sec></bdy></entity></article>