<article xmlns:ns0="http://www.w3.org/1999/xlink"><header><title>sum unix</title><id /><revision><id /><timestamp /><contributor><username>smackbot</username><id /></contributor></revision><categories><category>wikipedia articles needing style editing december</category><category>articles needing style editing</category></categories></header><bdy><table class="metadata plainlinks ambox "><row><col>amboxstyle style</col></row><row><col class="mbox-image"><p><image width="40x40px" src="Ambox_style.png" /></p></col><col style="" class="mbox-text">style article appropriate wikipedia specific concerns wikipedias suggestions december</col></row></table><p>sum core<link ns0:type="simple" ns0:href="../875/11875.xml">gnu</link>utility written<link>kayvan aghaiepour</link><link ns0:type="simple" ns0:href="../278/7346278.xml">david mackenzie</link>distributed<link ns0:type="simple" ns0:href="../642/31642.xml">unix</link><O wordnetid="106832680" confidence="0.9508927676800064"><link ns0:type="simple" ns0:href="../297/6097297.xml">linux</link></O>based operating systems utility outputs<link ns0:type="simple" ns0:href="../538/7538.xml">checksum</link>argument<link ns0:type="simple" ns0:href="../077/7077.xml">file</link>well number<system wordnetid="104377057" confidence="0.8"><artifact wordnetid="100021939" confidence="0.8"><instrumentality wordnetid="103575240" confidence="0.8"><link ns0:type="simple" ns0:href="../667/313667.xml">blocks</link></instrumentality></artifact></system>disk<ref ns0:type="simple" ns0:href="#xpointer(//reflist/entry[@id=%221%22])" /></p><p><link ns0:type="simple" ns0:href="../332/85332.xml">manual</link>sum<link ns0:type="simple" ns0:href="../775/775.xml">algorithm</link>calculating checksum blocks<link>system</link>algorithm<link ns0:type="simple" ns0:href="../807/1223807.xml">bsd</link><information wordnetid="105816287" confidence="0.8"><datum wordnetid="105816622" confidence="0.8"><link ns0:type="simple" ns0:href="../316/957316.xml">default</link></datum></information>algorithm switching algorithms inline option parameters</p><p>sum utility invoked<link ns0:type="simple" ns0:href="../707/6707.xml">command</link>syntax</p><p><indent level="1">sum option file</indent>option parameters</p><p><list><entry level="1" type="bullet" /><entry level="2" type="bullet">bsd sum algorithm blocks defeats</entry><entry level="1" type="bullet">sysv</entry><entry level="2" type="bullet">system sum<link ns0:type="simple" ns0:href="../775/775.xml">algorithm</link>bytes blocks</entry><entry level="1" type="bullet">help</entry><entry level="2" type="bullet">display help screen exit</entry><entry level="1" type="bullet">version</entry><entry level="2" type="bullet">output version information exit</entry></list></p><p>file parameter file<link ns0:type="simple" ns0:href="../067/220067.xml">standard input</link>input file</p><sec><st>references</st><p><reflist><entry id="1">sum manual nix distributions invoked man sum</entry></reflist></p></sec><sec><st /><p><list><entry level="1" type="bullet"><link ns0:type="simple" ns0:href="../194/940194.xml">gnu core utilities</link></entry><entry level="1" type="bullet"><link ns0:type="simple" ns0:href="../171/7452171.xml">unxutils</link></entry></list></p></sec></bdy></article>