<article xmlns:ns0="http://www.w3.org/1999/xlink"><header><title>wintopo</title><id /><revision><id /><timestamp /><contributor><username>aldis</username><id /></contributor></revision><categories><category>computeraided design software</category><category>freeware</category><category>raster vector conversion software</category></categories></header><bdy>wintopo computer<link ns0:type="simple" ns0:href="../309/5309.xml">software</link>application converting<link ns0:type="simple" ns0:href="../742/25742.xml">raster</link>image<link ns0:type="simple" ns0:href="../499/32499.xml">vector</link>drawing exists<link ns0:type="simple" ns0:href="../890/18890.xml">microsoft windows</link>platform operated<O wordnetid="106832680" confidence="0.9508927676800064"><link ns0:type="simple" ns0:href="../297/6097297.xml">linux</link></O>software notable<link ns0:type="simple" ns0:href="../592/11592.xml">freeware</link>version well nonfree pro version<sec><st>wintopo freeware</st><p>wintopo freeware automates stage method firstly mathematical algorithms skelotonize<link ns0:type="simple" ns0:href="../665/23665.xml">pixel</link>image single width pixel lines secondly employs pixel algorithm produce vector lines pixel skeleton<ref ns0:type="simple" ns0:href="#xpointer(//reflist/entry[@id=%221%22])" /></p><p>wintopo freeware imports raster images<link ns0:type="simple" ns0:href="../326/13390326.xml">bitmap</link><link ns0:type="simple" ns0:href="../478/145478.xml">tiff</link><format wordnetid="106636806" confidence="0.9508927676800064"><link ns0:type="simple" ns0:href="../306/24306.xml">png</link></format><link ns0:type="simple" ns0:href="../702/12702.xml">gif</link><format wordnetid="106636806" confidence="0.9508927676800064"><link ns0:type="simple" ns0:href="../009/16009.xml">jpeg</link></format>format conversion result saved vector file formats<link ns0:type="simple" ns0:href="../754/2754.xml">dxf</link><link ns0:type="simple" ns0:href="../315/37315.xml">cad</link>applications arcview shapefile<link ns0:type="simple" ns0:href="../398/12398.xml">gis</link>applications wintopo<system wordnetid="104377057" confidence="0.8"><artifact wordnetid="100021939" confidence="0.8"><instrumentality wordnetid="103575240" confidence="0.8"><link ns0:type="simple" ns0:href="../457/266457.xml">cnc</link></instrumentality></artifact></system>industry vector lines output joined continuous polylines beneficial minimize tool movement cnc machinery<ref ns0:type="simple" ns0:href="#xpointer(//reflist/entry[@id=%222%22])" /></p></sec><sec><st>wintopo pro</st><p>wintopo pro nonfree version software version freeware version includes additional functionality clean raster image better prepare raster vector conversion process additional vectorisation possibilities functions allow editing vector conversion</p><p>raster images require conversion vector format produced paper originals<link ns0:type="simple" ns0:href="../625/317625.xml">scanned</link><link ns0:type="simple" ns0:href="../742/25742.xml">raster</link>file format common paper original blemishes background discoloration scanning process introduce image defects reason number functions wintopo pro remove image defects isolate wanted detail<ref ns0:type="simple" ns0:href="#xpointer(//reflist/entry[@id=%223%22])" /><ref ns0:type="simple" ns0:href="#xpointer(//reflist/entry[@id=%224%22])" /></p></sec><sec><st>history wintopo</st><p>wintopo released<link ns0:type="simple" ns0:href="../592/11592.xml">freeware</link>original author bong khin fah<country wordnetid="108544813" confidence="0.9508927676800064"><link ns0:type="simple" ns0:href="../937/3607937.xml">malaysia</link></country><ref ns0:type="simple" ns0:href="#xpointer(//reflist/entry[@id=%225%22])" />software implemented<link ns0:type="simple" ns0:href="../604/1924604.xml">skeletonization</link>techniques published algorithms pixelfollowing algorithm output<link ns0:type="simple" ns0:href="../499/32499.xml">vectors</link>representing original image</p><p>year english software company softsoft collaborated original author enhance software number improved versions released<ref ns0:type="simple" ns0:href="#xpointer(//reflist/entry[@id=%226%22])" />softsoft involved inexpensive capable raster vector conversion program convert image project time software capable cost thousands dollars expensive purposes required</p><p>release wintopo capable skeletonization functionality produce vectors<link ns0:type="simple" ns0:href="../315/37315.xml">cad</link>usage softsoft experienced production cad systems collaborated develop software standard believed incumbent expensive systems parties agreed software maintained<link ns0:type="simple" ns0:href="../592/11592.xml">freeware</link></p><p>alongside freeware project softsoft bong khin fah developed wintopo pro version expended advancing skeletonization image processing</p><p>wintopo freeware project wintopo pro project combined single code base purpose simplifying ongoing development sideeffect providing freeware version professional quality algorithms user interface benefiting millions users wintopo freeware<ref ns0:type="simple" ns0:href="#xpointer(//reflist/entry[@id=%227%22])" /></p></sec><sec><st>wintopo</st><p>developed softsoft<link ns0:type="simple" ns0:href="../315/37315.xml">cad</link>industry bong khin fah<link ns0:type="simple" ns0:href="../398/12398.xml">gis</link>field wintopo utilized wide range disciplines examples</p><p><list><entry level="1" type="bullet"><weblink ns0:type="simple" ns0:href="http://www.robotlab.de/auto/portrait.htm">robotics</weblink>robot portrait painter</entry><entry level="1" type="bullet"><weblink ns0:type="simple" ns0:href="http://www.terrainmap.com/rm33.html">ground modeling</weblink>creation<system wordnetid="104377057" confidence="0.8"><artifact wordnetid="100021939" confidence="0.8"><instrumentality wordnetid="103575240" confidence="0.8"><link ns0:type="simple" ns0:href="../442/78442.xml">dem</link></instrumentality></artifact></system><link ns0:type="simple" ns0:href="../086/650086.xml">contour map</link></entry><entry level="1" type="bullet"><weblink ns0:type="simple" ns0:href="http://www.bevstephenson.co.uk/Tutorials">cnc cutting</weblink>preparation raster images<system wordnetid="104377057" confidence="0.8"><artifact wordnetid="100021939" confidence="0.8"><instrumentality wordnetid="103575240" confidence="0.8"><link ns0:type="simple" ns0:href="../457/266457.xml">cnc</link></instrumentality></artifact></system>cutting machines</entry><entry level="1" type="bullet"><weblink ns0:type="simple" ns0:href="http://www.ayeone.com/wintopo.htm">embroidery</weblink>preparation raster images digital<link ns0:type="simple" ns0:href="../996/9996.xml">embroidery</link><link ns0:type="simple" ns0:href="../012/85012.xml">sewing machine</link></entry><entry level="1" type="bullet"><weblink ns0:type="simple" ns0:href="http://www.jksmithdesigns.com/projects/chap9/dxfPat.htm">clothing</weblink>creation clothing designs raster images</entry><entry level="1" type="bullet"><weblink ns0:type="simple" ns0:href="http://www.koreamed.org/SearchBasic.php?RID=188887 DT=1">medicine</weblink>diagnosis burst fracture<link ns0:type="simple" ns0:href="../648/304648.xml">spine</link>plain<link ns0:type="simple" ns0:href="../807/95807.xml">radiographs</link></entry><entry level="1" type="bullet"><weblink ns0:type="simple" ns0:href="http://members.aol.com/q9685123/M4.htm">woodcutting</weblink><system wordnetid="104377057" confidence="0.8"><artifact wordnetid="100021939" confidence="0.8"><instrumentality wordnetid="103575240" confidence="0.8"><link ns0:type="simple" ns0:href="../457/266457.xml">cnc</link></instrumentality></artifact></system>milling raster images</entry><entry level="1" type="bullet"><weblink ns0:type="simple" ns0:href="http://www2.humlab.umu.se/hsm/program/metoder.htm">ancient art</weblink>analysis ancient rock paintings</entry><entry level="1" type="bullet"><weblink ns0:type="simple" ns0:href="http://msanfilippo.typepad.com/photos/homebuilt_cnc/dsc06920.html">photo engraving</weblink>preparation photo<system wordnetid="104377057" confidence="0.8"><artifact wordnetid="100021939" confidence="0.8"><instrumentality wordnetid="103575240" confidence="0.8"><link ns0:type="simple" ns0:href="../457/266457.xml">cnc</link></instrumentality></artifact></system><link ns0:type="simple" ns0:href="../125/60125.xml">engraving</link>machine</entry></list></p><p><list><entry level="1" type="bullet"><link ns0:type="simple" ns0:href="../178/3099178.xml">comparison raster vector conversion software</link></entry></list></p><p>external links<list><entry level="1" type="bullet"><weblink ns0:type="simple" ns0:href="http://www.wintopo.com">wintopo web site</weblink></entry><entry level="1" type="bullet"><weblink ns0:type="simple" ns0:href="http://tech.groups.yahoo.com/group/wintopo">wintopo user group</weblink></entry></list></p><p>references</p><p><reflist><entry id="1"><weblink ns0:type="simple" ns0:href="http://www.softsoft.net/wintopo/help/html/vectorise2.htm" />wintopo stages vectorization</entry><entry id="2"><weblink ns0:type="simple" ns0:href="http://www.wintopo.com/wintopo-free.htm" />wintopo freeware</entry><entry id="3"><weblink ns0:type="simple" ns0:href="http://www.wintopo.com/wintopo-pro.htm" />wintopo pro</entry><entry id="4"><weblink ns0:type="simple" ns0:href="http://www.wintopo.com/help/html/raster-opt.htm" />wintopo raster image manipulation</entry><entry id="5"><weblink ns0:type="simple" ns0:href="http://tech.groups.yahoo.com/group/wintopo/messages/1" />wintopo user group posts</entry><entry id="6"><weblink ns0:type="simple" ns0:href="http://www.wintopo.com/history.htm">httpwwwwintopocomhistoryhtm</weblink>wintopo version history</entry><entry id="7"><weblink ns0:type="simple" ns0:href="http://www.wintopo.com/faq.htm">httpwwwwintopocomfaqhtm</weblink>wintopo faq</entry></reflist></p></sec></bdy></article>