<article xmlns:ns0="http://www.w3.org/1999/xlink"><physical_entity confidence="0.8" wordnetid="100001930"><person confidence="0.8" wordnetid="100007846"><worker confidence="0.8" wordnetid="109632518"><causal_agent confidence="0.8" wordnetid="100007347"><scientist confidence="0.8" wordnetid="110560637"><employee confidence="0.8" wordnetid="110053808"><header><title>hans peter luhn</title><id /><revision><id /><timestamp /><contributor><username>tabotzerem</username><id /></contributor></revision><categories><category>information scientists</category><category>births</category><category>ibm employees</category><category>deaths</category></categories></header><bdy>hans peter luhn<link ns0:type="simple" ns0:href="../844/15844.xml">july</link><link ns0:type="simple" ns0:href="../668/34668.xml" /><link ns0:type="simple" ns0:href="../497/1497.xml">august</link><link ns0:type="simple" ns0:href="../550/34550.xml" /><link ns0:type="simple" ns0:href="../323/5323.xml">computer scientist</link><company wordnetid="108058098" confidence="0.9508927676800064"><link ns0:type="simple" ns0:href="../259/18622259.xml">ibm</link></company>creator<event wordnetid="100029378" confidence="0.8"><rule wordnetid="105846932" confidence="0.8"><act wordnetid="100030358" confidence="0.8"><psychological_feature wordnetid="100023100" confidence="0.8"><procedure wordnetid="101023820" confidence="0.8"><activity wordnetid="100407535" confidence="0.8"><algorithm wordnetid="105847438" confidence="0.8"><link ns0:type="simple" ns0:href="../440/582440.xml">luhn algorithm</link></algorithm></activity></procedure></psychological_feature></act></rule></event><link ns0:type="simple" ns0:href="../908/41908.xml">kwic</link>key context indexing awarded<link ns0:type="simple" ns0:href="../273/23273.xml">patent</link>hans peter luhn born<link ns0:type="simple" ns0:href="../439/1162439.xml">barmen</link><country wordnetid="108544813" confidence="0.9508927676800064"><link ns0:type="simple" ns0:href="../867/11867.xml">germany</link></country><location wordnetid="100027167" confidence="0.9508927676800064"><link ns0:type="simple" ns0:href="../146/49146.xml">wuppertal</link></location><link ns0:type="simple" ns0:href="../844/15844.xml">july</link><link ns0:type="simple" ns0:href="../668/34668.xml" />completed secondary school luhn moved switzerland learn printing trade join family business career printing halted service communications officer german army<conflict wordnetid="100958896" confidence="0.9508927676800064"><link ns0:type="simple" ns0:href="../461/4764461.xml">war</link></conflict>war luhn entered textile field eventually led united invented threadcounting gauge lunometer market httpwwwlunometercom<p>late twenties early forties time patents broad range inventions luhn worked textiles independent engineering consultant joined ibm senior engineer manager information retrieval division</p><p>introduction field documentationinformation science asked work problem brought ibm james perry malcolm dyson involved searching chemical compounds recorded coded form solution problems punched cards overcome limitations machines coming ways dawn computer age software surmount limitations inherent punched card machines</p><p>luhn spent greater greater amounts time problems information retrieval storage faced libraries documentation centers pioneered data processing equipment resolving problems luhn work basic techniques commonplace information science techniques included fulltext processing<link>hash code</link>key word context indexing<person wordnetid="100007846" confidence="0.9638700866880419"><link ns0:type="simple" ns0:href="../700/12556700.xml">herbert marvin ohlman</link></person>autoindexing automatic abstracting concept selective dissemination information sdi</p><p>luhns greatest achievements idea sdi system kwic method indexing todays sdi systems owe great deal paper luhn business intelligence system<weblink ns0:type="simple" ns0:href="http://www.research.ibm.com/journal/rd/024/ibmrd0204H.pdf" />described automatic method provide current awareness services scientists engineers needed help cope rapid postwar growth scientific technical literature luhn coined term<link ns0:type="simple" ns0:href="../387/168387.xml">business intelligence</link>paper</p><sec><st>external links</st><p><list><entry level="1" type="bullet" /><entry level="1" type="bullet" /><entry level="1" type="bullet" /><entry level="1" type="bullet" /><entry level="1" type="bullet" /><entry level="1" type="bullet"><weblink ns0:type="simple" ns0:href="http://worldcat.org/identities/lccn-n86-104903">works hans peter luhn</weblink>libraries<link ns0:type="simple" ns0:href="../871/1339871.xml">worldcat</link>catalog</entry></list></p></sec></bdy></employee></scientist></causal_agent></worker></person></physical_entity></article>