<article xmlns:ns0="http://www.w3.org/1999/xlink"><header><title>robots exclusion standard</title><id /><revision><id /><timestamp /><contributor><username>xlinkbot</username><id /></contributor></revision><categories><category>wide web</category></categories></header><bdy><indent level="1">restricting wikipedia bots</indent>robot exclusion standard robots exclusion protocol robotstxt protocol convention prevent cooperating<link ns0:type="simple" ns0:href="../120/33120.xml">web spider</link><link ns0:type="simple" ns0:href="../607/1569607.xml">web robot</link>accessing<link ns0:type="simple" ns0:href="../898/33898.xml">website</link>publicly viewable robots<link ns0:type="simple" ns0:href="../023/4059023.xml">search engines</link>categorize archive web sites webmasters proofread source code standard complements<work wordnetid="100575741" confidence="0.8"><event wordnetid="100029378" confidence="0.8"><service wordnetid="100577525" confidence="0.8"><act wordnetid="100030358" confidence="0.8"><psychological_feature wordnetid="100023100" confidence="0.8"><activity wordnetid="100407535" confidence="0.8"><link ns0:type="simple" ns0:href="../978/2831978.xml">sitemaps</link></activity></psychological_feature></act></service></event></work>robot inclusion standard websites<sec><st>standard</st><p>robotstxt file website will function request robots ignore files directories search example preference privacy search engine belief content selected directories misleading irrelevant categorization site desire application operate data</p><p>websites multiple subdomains subdomain robotstxt file examplecom robotstxt file aexamplecom rules apply examplecom will apply aexamplecom</p></sec><sec><st>disadvantages</st><p>protocol purely advisory relies cooperation<link ns0:type="simple" ns0:href="../607/1569607.xml">web robot</link>marking area site bounds robotstxt guarantee privacy web site administrators robots file private parts website invisible rest file publicly content easily checked<link ns0:type="simple" ns0:href="../173/33173.xml">web browser</link></p><p>official standards body<link ns0:type="simple" ns0:href="../540/25540.xml">rfc</link>robotstxt protocol<weblink ns0:type="simple" ns0:href="http://www.robotstxt.org/wc/norobots.html">created consensus</weblink><link ns0:type="simple" ns0:href="../337/18948337.xml">june</link>members robots mailing list robotsrequestnexorcouk information parts accessed file called robotstxt toplevel directory website robotstxt patterns matched simple substring comparisons care patterns matching directories final character appended files names starting substring will match directory intended</p></sec><sec><st>automated content access protocol</st><p><indent level="1">main article<link ns0:type="simple" ns0:href="../572/7661572.xml">automated content access protocol</link></indent>acap<pause wordnetid="115271008" confidence="0.8"><extension wordnetid="115272382" confidence="0.8"><time_interval wordnetid="115269513" confidence="0.8"><word wordnetid="106286395" confidence="0.8"><delay wordnetid="115272029" confidence="0.8"><part wordnetid="113809207" confidence="0.8"><neologism wordnetid="106294441" confidence="0.8"><language_unit wordnetid="106284225" confidence="0.8"><link ns0:type="simple" ns0:href="../659/23659.xml">plugin</link></language_unit></neologism></part></delay></word></time_interval></extension></pause>robots exclusion standard released<link ns0:type="simple" ns0:href="../577/21577.xml">november</link><link ns0:type="simple" ns0:href="../165/36165.xml" /></p></sec><sec><st>robotstxt search engine</st><p>interest percentage website robotstxt files specific robots privileges crawl specific website files help understand issues publicly robotstxt search engine<artifact wordnetid="100021939" confidence="0.8"><instrumentality wordnetid="103575240" confidence="0.8"><engine wordnetid="103287733" confidence="0.8"><motor wordnetid="103789946" confidence="0.8"><device wordnetid="103183080" confidence="0.8"><machine wordnetid="103699975" confidence="0.8"><link ns0:type="simple" ns0:href="../282/14783282.xml">botseer</link></machine></device></motor></engine></instrumentality></artifact>developed search robotstxt files</p></sec><sec><st>examples</st><p>example allows robots visit files wildcard specifies robots</p><p>useragent disallow</p><p>example robots</p><p>useragent disallow</p><p>example tells crawlers enter directories website</p><p>useragent disallow cgibin disallow images disallow tmp disallow private</p><p>example tells specific crawler enter specific directory</p><p>useragent badbot replace badbot actual useragent bot disallow private</p><p>example tells crawlers enter specific file</p><p>useragent disallow directoryfilehtml</p><p>note files directory will processed</p><p>example demonstrating comments</p><p><list><entry level="1" type="number">comments appear symbol start directive</entry></list>useragent match bots disallow</p><ss1><st>compatibility</st><p>order prevent access robots</p><p>disallow</p><p>stable standard extension</p><p /><p>disallow</p><p /></ss1></sec><sec><st>nonstandard extensions</st><ss1><st>crawldelay directive</st><p>major crawlers support crawldelay parameter set number seconds wait successive requests server<ref ns0:type="simple" ns0:href="#xpointer(//reflist/entry[@id=%221%22])" /><ref ns0:type="simple" ns0:href="#xpointer(//reflist/entry[@id=%222%22])" /></p><p>useragent crawldelay</p></ss1><ss1><st>allow directive</st><p>major crawlers support allow directive counteract disallow directive<ref ns0:type="simple" ns0:href="#xpointer(//reflist/entry[@id=%223%22])" /><ref ns0:type="simple" ns0:href="#xpointer(//reflist/entry[@id=%224%22])" />disallow entire directory html documents directory crawled indexed standard matching robotstxt pattern wins googles implementation differs evaluates allow patterns disallow patterns order compatible robots allow single files inside disallowed directory place allow directives disallow example</p><p>allow foldermyfilehtml disallow folder</p><p>example will disallow folder foldermyfilehtml will match case google order</p></ss1></sec><sec><st>extended standard</st><p><weblink ns0:type="simple" ns0:href="http://www.conman.org/people/spc/robots2.html">extended standard robot exclusion</weblink>proposed adds directives visittime requestrate example</p><p>useragent disallow downloads requestrate maximum rate seconds visittime visit utc gmt</p><p>version robot exclusion standard mention character disallow statement modern crawlers googlebot slurp recognize strings msnbot teoma interpret ways<ref ns0:type="simple" ns0:href="#xpointer(//reflist/entry[@id=%225%22])" /></p></sec><sec><st>references</st><p><reflist><entry id="1"><weblink ns0:type="simple" ns0:href="http://help.yahoo.com/l/us/yahoo/search/webcrawler/slurp-03.html">reduce number requests web site</weblink>html yahoo slurp retrieved<link /></entry><entry id="2"><weblink ns0:type="simple" ns0:href="http://search.msn.com/docs/siteowner.aspx?t=SEARCH_WEBMASTER_FAQ_MSNBotIndexing.htm FORM=WFDD#D">msnbot crawling site frequently</weblink>html troubleshoot issues msnbot site crawling retrieved<link /></entry><entry id="3"><weblink ns0:type="simple" ns0:href="http://www.google.com/support/webmasters/bin/answer.py?answer=40364">webmaster help center block googlebot</weblink>html retrieved<link /></entry><entry id="4"><weblink ns0:type="simple" ns0:href="http://help.yahoo.com/l/us/yahoo/search/webcrawler/slurp-02.html">prevent site subdirectories crawled yahoo search help</weblink>html retrieved<link /></entry><entry id="5"><weblink ns0:type="simple" ns0:href="http://www.ghita.ro/article/23/web_robots_and_dynamic_content_issues.html#problems">web robots dynamic content issues</weblink>html msnbot issues robotstxt retrieved<link /></entry></reflist></p></sec><sec><st /><p><list><entry level="1" type="bullet"><event wordnetid="100029378" confidence="0.8"><rule wordnetid="105846932" confidence="0.8"><act wordnetid="100030358" confidence="0.8"><psychological_feature wordnetid="100023100" confidence="0.8"><procedure wordnetid="101023820" confidence="0.8"><activity wordnetid="100407535" confidence="0.8"><algorithm wordnetid="105847438" confidence="0.8"><link ns0:type="simple" ns0:href="../055/237055.xml">distributed web crawling</link></algorithm></activity></procedure></psychological_feature></act></rule></event></entry><entry level="1" type="bullet"><physical_entity wordnetid="100001930" confidence="0.8"><person wordnetid="100007846" confidence="0.8"><follower wordnetid="110099375" confidence="0.8"><flatterer wordnetid="110095869" confidence="0.8"><algorithm wordnetid="105847438" confidence="0.8"><sycophant wordnetid="110684827" confidence="0.8"><event wordnetid="100029378" confidence="0.8"><rule wordnetid="105846932" confidence="0.8"><causal_agent wordnetid="100007347" confidence="0.8"><act wordnetid="100030358" confidence="0.8"><psychological_feature wordnetid="100023100" confidence="0.8"><activity wordnetid="100407535" confidence="0.8"><procedure wordnetid="101023820" confidence="0.8"><link ns0:type="simple" ns0:href="../799/11442799.xml">focused crawler</link></procedure></activity></psychological_feature></act></causal_agent></rule></event></sycophant></algorithm></flatterer></follower></person></physical_entity></entry><entry level="1" type="bullet"><structure wordnetid="104341686" confidence="0.8"><artifact wordnetid="100021939" confidence="0.8"><area wordnetid="102735688" confidence="0.8"><facility wordnetid="103315023" confidence="0.8"><library wordnetid="103660909" confidence="0.8"><depository wordnetid="103177349" confidence="0.8"><archive wordnetid="102735086" confidence="0.8"><room wordnetid="104105893" confidence="0.8"><link ns0:type="simple" ns0:href="../931/176931.xml">internet archive</link></room></archive></depository></library></facility></area></artifact></structure></entry><entry level="1" type="bullet"><structure wordnetid="104341686" confidence="0.8"><artifact wordnetid="100021939" confidence="0.8"><area wordnetid="102735688" confidence="0.8"><facility wordnetid="103315023" confidence="0.8"><library wordnetid="103660909" confidence="0.8"><depository wordnetid="103177349" confidence="0.8"><archive wordnetid="102735086" confidence="0.8"><room wordnetid="104105893" confidence="0.8"><link ns0:type="simple" ns0:href="../794/209794.xml">library congress digital library project</link></room></archive></depository></library></facility></area></artifact></structure></entry><entry level="1" type="bullet"><link ns0:type="simple" ns0:href="../687/5730687.xml">national digital information infrastructure preservation program</link></entry><entry level="1" type="bullet"><link ns0:type="simple" ns0:href="../830/528830.xml#xpointer(//*[./st=%22nofollow%22])">nofollow spam blogs</link></entry><entry level="1" type="bullet"><link ns0:type="simple" ns0:href="../163/3292163.xml">spider trap</link></entry><entry level="1" type="bullet"><structure wordnetid="104341686" confidence="0.8"><artifact wordnetid="100021939" confidence="0.8"><area wordnetid="102735688" confidence="0.8"><facility wordnetid="103315023" confidence="0.8"><library wordnetid="103660909" confidence="0.8"><depository wordnetid="103177349" confidence="0.8"><archive wordnetid="102735086" confidence="0.8"><room wordnetid="104105893" confidence="0.8"><link ns0:type="simple" ns0:href="../932/6014932.xml">web archiving</link></room></archive></depository></library></facility></area></artifact></structure></entry><entry level="1" type="bullet"><event wordnetid="100029378" confidence="0.8"><rule wordnetid="105846932" confidence="0.8"><act wordnetid="100030358" confidence="0.8"><psychological_feature wordnetid="100023100" confidence="0.8"><procedure wordnetid="101023820" confidence="0.8"><activity wordnetid="100407535" confidence="0.8"><algorithm wordnetid="105847438" confidence="0.8"><link ns0:type="simple" ns0:href="../120/33120.xml">web crawler</link></algorithm></activity></procedure></psychological_feature></act></rule></event></entry><entry level="1" type="bullet"><link ns0:type="simple" ns0:href="../556/20556.xml#xpointer(//*[./st=%22The+robots+attribute%22])">meta elements</link>search engines</entry></list></p></sec><sec><st>external links</st><p><list><entry level="1" type="bullet"><weblink ns0:type="simple" ns0:href="http://robots.googletoad.com">online robotstxt generator</weblink></entry><entry level="1" type="bullet"><weblink ns0:type="simple" ns0:href="http://www.robotstxt.org/wc/exclusion.html">robots exclusion</weblink></entry><entry level="1" type="bullet"><weblink ns0:type="simple" ns0:href="http://www.google.com/support/webmasters/bin/topic.py?topic=8843">google crawls site</weblink></entry><entry level="1" type="bullet"><weblink ns0:type="simple" ns0:href="http://www.google.com/support/webmasters/bin/answer.py?answer=35237 query=robots.txt topic= type=">robotstxt analysis tool</weblink></entry><entry level="1" type="bullet"><weblink ns0:type="simple" ns0:href="http://www.mediawiki.org/wiki/Robots.txt">robotstxt mediawiki website</weblink></entry><entry level="1" type="bullet"><weblink ns0:type="simple" ns0:href="http://www.kloth.net/internet/badbots.php">list bad bots</weblink>rogue robots spiders ignore guidelines</entry><entry level="1" type="bullet"><weblink ns0:type="simple" ns0:href="http://www.searchtools.com/robots/robots-txt.html">info robotstxt</weblink></entry><entry level="1" type="bullet"><weblink ns0:type="simple" ns0:href="http://en.wikipedia.org/robots.txt">wikipedias robotstxt example</weblink></entry><entry level="1" type="bullet"><weblink ns0:type="simple" ns0:href="http://www.mcanerin.com/EN/search-engine/robots-txt.asp">robotstxt generator tutorial</weblink></entry><entry level="1" type="bullet"><weblink ns0:type="simple" ns0:href="http://www.howrank.com/Robots.txt-Tool.php">robotstxt generator tool</weblink></entry><entry level="1" type="bullet"><weblink ns0:type="simple" ns0:href="http://www.diovo.com/2008/09/robotstxt-is-not-a-security-measure/">robotstxt security measure</weblink></entry><entry level="1" type="bullet"><weblink ns0:type="simple" ns0:href="http://yro.slashdot.org/comments.pl?sid=377285 cid=21554125">history robotstxt</weblink></entry><entry level="1" type="bullet"><weblink ns0:type="simple" ns0:href="http://botseer.ist.psu.edu/">botseer robotstxt search engine</weblink></entry></list></p><p><table style=";" class="navbox" cellspacing="0"><row><col style="padding:2px;"><table style="width:100%;background:transparent;color:inherit;;" class="nowraplinks collapsible autocollapse " cellspacing="0"><row><header colspan="2" style=";" class="navbox-title"><link ns0:type="simple" ns0:href="../946/187946.xml">search engine optimization</link></header></row><row style="height:2px;" /><row><col style=";;" class="navbox-group">exclusion standards</col><col style="text-align:left;border-left:2px solid #fdfdfd;width:100%;padding:0px;;;" class="navbox-list navbox-odd"><link ns0:type="simple" ns0:href="../673/101673.xml">robots exclusion standard</link><link ns0:type="simple" ns0:href="../556/20556.xml">meta tags</link><link ns0:type="simple" ns0:href="../084/3766084.xml">nofollow</link></col></row><row style="height:2px" /><row><col style=";;" class="navbox-group">marketing topics</col><col style="text-align:left;border-left:2px solid #fdfdfd;width:100%;padding:0px;;;" class="navbox-list navbox-even"><link ns0:type="simple" ns0:href="../177/1618177.xml">internet marketing</link><physical_entity wordnetid="100001930" confidence="0.8"><person wordnetid="100007846" confidence="0.8"><model wordnetid="110324560" confidence="0.8"><assistant wordnetid="109815790" confidence="0.8"><worker wordnetid="109632518" confidence="0.8"><causal_agent wordnetid="100007347" confidence="0.8"><link ns0:type="simple" ns0:href="../758/703758.xml">affiliate marketing</link></causal_agent></worker></assistant></model></person></physical_entity><link ns0:type="simple" ns0:href="../759/1101759.xml">email marketing</link><link ns0:type="simple" ns0:href="../645/646645.xml">display advertising</link><link ns0:type="simple" ns0:href="../872/2475872.xml">web analytics</link></col></row><row style="height:2px" /><row><col style=";;" class="navbox-group">search marketing topics</col><col style="text-align:left;border-left:2px solid #fdfdfd;width:100%;padding:0px;;;" class="navbox-list navbox-odd"><link ns0:type="simple" ns0:href="../074/2111074.xml">search engine marketing</link><link ns0:type="simple" ns0:href="../316/6559316.xml">social media optimization</link><link ns0:type="simple" ns0:href="../470/15883470.xml">online identity management</link><link ns0:type="simple" ns0:href="../170/501170.xml">paid inclusion</link><link ns0:type="simple" ns0:href="../207/1027207.xml">pay click ppc</link><technique wordnetid="105665146" confidence="0.8"><know-how wordnetid="105616786" confidence="0.8"><method wordnetid="105660268" confidence="0.8"><link ns0:type="simple" ns0:href="../747/286747.xml">google bomb</link></method></know-how></technique></col></row><row style="height:2px" /><row><col style=";;" class="navbox-group">search engine spam</col><col style="text-align:left;border-left:2px solid #fdfdfd;width:100%;padding:0px;;;" class="navbox-list navbox-even"><link ns0:type="simple" ns0:href="../651/43651.xml">spamdexing</link><link ns0:type="simple" ns0:href="../619/2696619.xml">web scraping</link><computer wordnetid="103082979" confidence="0.8"><artifact wordnetid="100021939" confidence="0.8"><instrumentality wordnetid="103575240" confidence="0.8"><device wordnetid="103183080" confidence="0.8"><machine wordnetid="103699975" confidence="0.8"><web_site wordnetid="106359193" confidence="0.8"><link ns0:type="simple" ns0:href="../572/3152572.xml">scraper site</link></web_site></machine></device></instrumentality></artifact></computer><link ns0:type="simple" ns0:href="../213/270213.xml">link farm</link><link ns0:type="simple" ns0:href="../292/14489292.xml#xpointer(//*[./st=%22Free+for+all+linking%22])">free linking</link></col></row><row style="height:2px" /><row><col style=";;" class="navbox-group">linking</col><col style="text-align:left;border-left:2px solid #fdfdfd;width:100%;padding:0px;;;" class="navbox-list navbox-odd"><link ns0:type="simple" ns0:href="../490/7065490.xml">offpage optimization</link><link ns0:type="simple" ns0:href="../292/14489292.xml">methods website linking</link><link ns0:type="simple" ns0:href="../433/1395433.xml">link exchange</link><link ns0:type="simple" ns0:href="../494/580494.xml">backlink</link></col></row><row style="height:2px" /><row><col style=";;" class="navbox-group" /><col style="text-align:left;border-left:2px solid #fdfdfd;width:100%;padding:0px;;;" class="navbox-list navbox-even"><link ns0:type="simple" ns0:href="../866/2789866.xml">landing</link><link ns0:type="simple" ns0:href="../029/11170029.xml">delivery</link><link ns0:type="simple" ns0:href="../827/11996827.xml">landing optimization</link><artifact wordnetid="100021939" confidence="0.8"><instrumentality wordnetid="103575240" confidence="0.8"><engine wordnetid="103287733" confidence="0.8"><motor wordnetid="103789946" confidence="0.8"><device wordnetid="103183080" confidence="0.8"><machine wordnetid="103699975" confidence="0.8"><link ns0:type="simple" ns0:href="../064/7059064.xml">human search engine</link></machine></device></motor></engine></instrumentality></artifact><link ns0:type="simple" ns0:href="../600/1015600.xml" /><link ns0:type="simple" ns0:href="../974/14484974.xml">poison</link></col></row></table></col></row></table></p></sec></bdy></article>