<article xmlns:ns0="http://www.w3.org/1999/xlink"><treatment confidence="0.9511911446218017" wordnetid="100658082"><scientist confidence="0.9508927676800064" wordnetid="110560637"><header><title>david smith</title><id /><revision><id /><timestamp /><contributor><username>imageremovalbot</username><id /></contributor></revision><categories><category>drug rehabilitation</category><category>university california berkeley alumni</category><category>living people</category><category>university california san francisco alumni</category><category>medical treatments</category><category>drug addiction</category><category>university california san francisco faculty</category><category>births</category></categories></header><bdy><template><name /><parameters><birth_date>february age</birth_date><citizenship><body wordnetid="107965085" confidence="0.8"><social_group wordnetid="107950920" confidence="0.8"><political_orientation wordnetid="106212839" confidence="0.8"><colony wordnetid="108374049" confidence="0.8"><state wordnetid="108168978" confidence="0.8"><political_unit wordnetid="108359949" confidence="0.8"><group wordnetid="100031264" confidence="0.8"><democracy wordnetid="106217103" confidence="0.8"><link ns0:type="simple" ns0:href="../750/3434750.xml" /></democracy></group></political_unit></state></colony></political_orientation></social_group></body><image width="22x20px" src="Flag_of_the_United_States.svg"><caption>flag united</caption></image></citizenship><birth_place><village wordnetid="108672738" confidence="0.9508927676800064"><link ns0:type="simple" ns0:href="../521/107521.xml">bakersfield california</link></village><body wordnetid="107965085" confidence="0.8"><social_group wordnetid="107950920" confidence="0.8"><political_orientation wordnetid="106212839" confidence="0.8"><colony wordnetid="108374049" confidence="0.8"><state wordnetid="108168978" confidence="0.8"><political_unit wordnetid="108359949" confidence="0.8"><group wordnetid="100031264" confidence="0.8"><democracy wordnetid="106217103" confidence="0.8"><link ns0:type="simple" ns0:href="../750/3434750.xml" /></democracy></group></political_unit></state></colony></political_orientation></social_group></body></birth_place><alma_mater><university wordnetid="108286163" confidence="0.9508927676800064"><ranking wordnetid="114429484" confidence="0.9508927676800064"><link ns0:type="simple" ns0:href="../922/31922.xml">university california berkeley</link></ranking></university><university wordnetid="108286163" confidence="0.9508927676800064"><link ns0:type="simple" ns0:href="../920/31920.xml">university california san francisco</link></university></alma_mater><field><link ns0:type="simple" ns0:href="../148/5876148.xml">addiction medicine</link></field><known_for><link ns0:type="simple" ns0:href="../616/13513616.xml">haight ashbury free clinic</link>founder<work wordnetid="104599396" confidence="0.8"><product wordnetid="104007894" confidence="0.8"><creation wordnetid="103129123" confidence="0.8"><artifact wordnetid="100021939" confidence="0.8"><periodical wordnetid="106593296" confidence="0.8"><publication wordnetid="106589574" confidence="0.8"><link ns0:type="simple" ns0:href="../825/1580825.xml">journal psychoactive drugs</link></publication></periodical></artifact></creation></product></work>founder<financial_institution wordnetid="108054721" confidence="0.8"><foundation wordnetid="108406486" confidence="0.8"><charity wordnetid="108406619" confidence="0.8"><institution wordnetid="108053576" confidence="0.8"><link>free clinic cooperative</link></institution></charity></foundation></financial_institution>founder<link ns0:type="simple" ns0:href="../764/8529764.xml">prometa</link>treatment protocol</known_for><residence><village wordnetid="108672738" confidence="0.9508927676800064"><link ns0:type="simple" ns0:href="../728/49728.xml">san francisco california</link></village><body wordnetid="107965085" confidence="0.8"><social_group wordnetid="107950920" confidence="0.8"><political_orientation wordnetid="106212839" confidence="0.8"><colony wordnetid="108374049" confidence="0.8"><state wordnetid="108168978" confidence="0.8"><political_unit wordnetid="108359949" confidence="0.8"><group wordnetid="100031264" confidence="0.8"><democracy wordnetid="106217103" confidence="0.8"><link ns0:type="simple" ns0:href="../750/3434750.xml" /></democracy></group></political_unit></state></colony></political_orientation></social_group></body></residence><name>david elvin smith</name><work_institution><link ns0:type="simple" ns0:href="../764/8529764.xml">hythiam</link></work_institution></parameters></template><p>david smith recognized national leader<link ns0:type="simple" ns0:href="../148/5876148.xml">addiction medicine</link>psychopharmacology drugs strategies management drug abuse problems proper prescribing practices physicians founder<link ns0:type="simple" ns0:href="../616/13513616.xml">haight ashbury free clinics</link><link ns0:type="simple" ns0:href="../728/49728.xml">san francisco</link>honored best doctors america</p><p>smith fellow president<link ns0:type="simple" ns0:href="../395/5437395.xml">american society addiction medicine</link>president<link>california society addiction medicine</link>medical director california department alcohol drug programs medical director california collaborative center substance abuse policy advisor<structure wordnetid="104341686" confidence="0.8"><building wordnetid="102913152" confidence="0.8"><artifact wordnetid="100021939" confidence="0.8"><medical_building wordnetid="103739518" confidence="0.8"><hospital wordnetid="103540595" confidence="0.8"><link ns0:type="simple" ns0:href="../507/472507.xml">betty ford center</link></hospital></medical_building></artifact></building></structure>current appointments include chair addiction medicine bayside marin treatment centers medical director centerpoint drug rehabilitation centers smith adjunct professor<university wordnetid="108286163" confidence="0.9508927676800064"><link ns0:type="simple" ns0:href="../920/31920.xml">university california san francisco</link></university></p><p>smith founder publisher<work wordnetid="104599396" confidence="0.8"><product wordnetid="104007894" confidence="0.8"><creation wordnetid="103129123" confidence="0.8"><artifact wordnetid="100021939" confidence="0.8"><periodical wordnetid="106593296" confidence="0.8"><publication wordnetid="106589574" confidence="0.8"><link ns0:type="simple" ns0:href="../825/1580825.xml">journal psychoactive drugs</link></publication></periodical></artifact></creation></product></work>coeditor international addiction infoline newsletter addition authored coauthored books including textbook clinicians guide substance abuse written journal articles edited journals technical consultant drug abuserelated films</p><p>smith founded<financial_institution wordnetid="108054721" confidence="0.8"><foundation wordnetid="108406486" confidence="0.8"><charity wordnetid="108406619" confidence="0.8"><institution wordnetid="108053576" confidence="0.8"><link>free clinic cooperative</link></institution></charity></foundation></financial_institution>nonprofit organization mission reach support free medical clinics nationwide opened medical clinics<link ns0:type="simple" ns0:href="../764/8529764.xml">prometa</link>treratment protocol addiction<link ns0:type="simple" ns0:href="../208/28208.xml">santa monica</link><link ns0:type="simple" ns0:href="../728/49728.xml">san francisco</link></p><sec><st>haight ashbury free clinic</st><p>june smith founded opened haight ashbury free medical clinic<link ns0:type="simple" ns0:href="../728/49728.xml">san francisco</link><region wordnetid="108630985" confidence="0.8"><artifact wordnetid="100021939" confidence="0.8"><location wordnetid="100027167" confidence="0.8"><street wordnetid="104334599" confidence="0.8"><way wordnetid="104564698" confidence="0.8"><thoroughfare wordnetid="104426618" confidence="0.8"><road wordnetid="104096066" confidence="0.8"><district wordnetid="108552138" confidence="0.8"><link ns0:type="simple" ns0:href="../453/1577453.xml">haight street</link></district></road></thoroughfare></way></street></location></artifact></region>response medical thousands young people descended san francisco<link ns0:type="simple" ns0:href="../204/29204.xml">summer love</link>clinic operates today san francisco continues serve adequate health insurance</p><p>smith served president clinic years inception resigned president clinic february amid legal medical business disputes current clinic administration</p></sec><sec><st>haight ashbury free clinic benefit concerts</st><p>clinic initially funded proceeds benefit concerts organized<promoter wordnetid="110482220" confidence="0.9173553029164789"><person wordnetid="100007846" confidence="0.9508927676800064"><link ns0:type="simple" ns0:href="../912/671912.xml">bill graham promoter</link></person></promoter>benefit concerts place july<cabaret wordnetid="102931417" confidence="0.8"><structure wordnetid="104341686" confidence="0.8"><building wordnetid="102913152" confidence="0.8"><artifact wordnetid="100021939" confidence="0.8"><place_of_business wordnetid="103953020" confidence="0.8"><establishment wordnetid="103297735" confidence="0.8"><spot wordnetid="104286128" confidence="0.8"><link ns0:type="simple" ns0:href="../729/412729.xml">fillmore auditorium</link></spot></establishment></place_of_business></artifact></building></structure></cabaret>san francisco titled sundays medicine place october<village wordnetid="108672738" confidence="0.9508927676800064"><link ns0:type="simple" ns0:href="../446/53446.xml">san jose</link></village></p><p>benefit concerts organized smith bill graham early years clinic included bands<link ns0:type="simple" ns0:href="../704/610704.xml">big brother holding company</link><group wordnetid="100031264" confidence="0.8"><link ns0:type="simple" ns0:href="../995/145995.xml">creedence clearwater revival</link></group><composer wordnetid="109947232" confidence="0.9173553029164789"><person wordnetid="100007846" confidence="0.9508927676800064"><artist wordnetid="109812338" confidence="0.9508927676800064"><link ns0:type="simple" ns0:href="../156/100156.xml">ravi shankar</link></artist></person></composer><songwriter wordnetid="110624540" confidence="0.9173553029164789"><person wordnetid="100007846" confidence="0.9508927676800064"><manufacturer wordnetid="110292316" confidence="0.9173553029164789"><musician wordnetid="110340312" confidence="0.9173553029164789"><artist wordnetid="109812338" confidence="0.9508927676800064"><link ns0:type="simple" ns0:href="../731/12731.xml">george harrison</link></artist></musician></manufacturer></person></songwriter><link ns0:type="simple" ns0:href="../850/302850.xml">charlatans</link><set wordnetid="107996689" confidence="0.8"><trio wordnetid="107986198" confidence="0.8"><collection wordnetid="107951464" confidence="0.8"><group wordnetid="100031264" confidence="0.8"><link ns0:type="simple" ns0:href="../078/147078.xml">blue cheer</link></group></collection></trio></set><social_group wordnetid="107950920" confidence="0.8"><set wordnetid="108240169" confidence="0.8"><group wordnetid="100031264" confidence="0.8"><link ns0:type="simple" ns0:href="../435/152435.xml">quicksilver messenger service</link></group></set></social_group>concerts proved crucial providing funding clinic doors open early years traditional sources funding forthcoming</p></sec><sec><st>rock medicine</st><p>benefit concerts organized<officeholder wordnetid="110371450" confidence="0.9508927676800064"><link ns0:type="simple" ns0:href="../508/12981508.xml">bill graham</link></officeholder>late early smith oversaw creation<link>rock medicine</link>spring bill graham staged consecutive saturday concerts<region wordnetid="108630985" confidence="0.8"><area wordnetid="108497294" confidence="0.8"><location wordnetid="100027167" confidence="0.8"><scene wordnetid="108645963" confidence="0.8"><venue wordnetid="108677628" confidence="0.8"><link ns0:type="simple" ns0:href="../944/634944.xml">kezar stadium</link></venue></scene></location></area></region>san francisco featuring<link>grateful dead</link><musical_organization wordnetid="108246613" confidence="0.8"><group wordnetid="100031264" confidence="0.8"><link ns0:type="simple" ns0:href="../909/17909.xml">led zeppelin</link></group></musical_organization>bill graham asked smith staff medical emergency care tent concerts small stadium concerts dead led zeppelin evolved bill grahams<fundamental_quantity wordnetid="113575869" confidence="0.8"><time_period wordnetid="115113229" confidence="0.8"><event wordnetid="100029378" confidence="0.8"><festival wordnetid="115162388" confidence="0.8"><psychological_feature wordnetid="100023100" confidence="0.8"><link ns0:type="simple" ns0:href="../742/3469742.xml">days green</link></psychological_feature></festival></event></time_period></fundamental_quantity>concert series medical emergency care tent<link>rock medicine</link>branch clinic exists today medical emergency care<link ns0:type="simple" ns0:href="../806/19283806.xml">bay area</link>music concerts events</p></sec><sec><st>references</st><p>davidson leigh smith david built clinic rock roll drdaveorg march utc accessed march</p></sec><sec><st>links</st><p><list><entry level="1" type="bullet"><weblink ns0:type="simple" ns0:href="http://www.drdave.org/">drdavid smiths homepage</weblink></entry></list></p><p><list><entry level="1" type="bullet"><weblink ns0:type="simple" ns0:href="http://www.freecc.org/">free clinic cooperative</weblink></entry></list></p><p><list><entry level="1" type="bullet"><weblink ns0:type="simple" ns0:href="http://www.prometainfo.com/">prometa treatment information</weblink></entry></list></p><p><list><entry level="1" type="bullet"><weblink ns0:type="simple" ns0:href="http://www.prometacenter.com/">prometa centers homepage</weblink></entry></list></p><p><list><entry level="1" type="bullet"><weblink ns0:type="simple" ns0:href="http://www.hythiam.com/">hythiam</weblink></entry></list></p><p><list><entry level="1" type="bullet"><weblink ns0:type="simple" ns0:href="http://www.rockmedicine.org/">rock medicine</weblink></entry></list></p><p><list><entry level="1" type="bullet"><weblink ns0:type="simple" ns0:href="http://www.hafci.org/">haight ashbury free clinic</weblink></entry></list></p></sec></bdy></scientist></treatment></article>