<article xmlns:ns0="http://www.w3.org/1999/xlink"><person confidence="0.9508927676800064" wordnetid="100007846"><manufacturer confidence="0.9511911446218017" wordnetid="110292316"><actor confidence="0.9508927676800064" wordnetid="109765278"><header><title>fred ward</title><id /><revision><id /><timestamp /><contributor><username>lucasbfr</username><id /></contributor></revision><categories><category>american film actors</category><category>california actors</category><category>american television actors</category><category>living people</category><category>american film producers</category><category>people san diego california</category><category>american stage actors</category><category>births</category></categories></header><bdy><template><name>infobox actor</name><parameters><image width="150px" src="Replace_this_image_male.svg" /><goldenglobeawards>best ensemble cast<movie wordnetid="106613686" confidence="0.9508927676800064"><link ns0:type="simple" ns0:href="../038/676038.xml">short cuts</link></movie></goldenglobeawards><birthplace><village wordnetid="108672738" confidence="0.9508927676800064"><link ns0:type="simple" ns0:href="../504/28504.xml">san diego california</link></village><body wordnetid="107965085" confidence="0.8"><social_group wordnetid="107950920" confidence="0.8"><political_orientation wordnetid="106212839" confidence="0.8"><colony wordnetid="108374049" confidence="0.8"><state wordnetid="108168978" confidence="0.8"><political_unit wordnetid="108359949" confidence="0.8"><group wordnetid="100031264" confidence="0.8"><democracy wordnetid="106217103" confidence="0.8"><link ns0:type="simple" ns0:href="../750/3434750.xml">united</link></democracy></group></political_unit></state></colony></political_orientation></social_group></body></birthplace><spouse>mariefrance ward silvia ward</spouse><birthdate>december age</birthdate></parameters></template><p>fred ward born<link ns0:type="simple" ns0:href="../677/8677.xml">december</link><link ns0:type="simple" ns0:href="../629/34629.xml" /><body wordnetid="107965085" confidence="0.8"><social_group wordnetid="107950920" confidence="0.8"><political_orientation wordnetid="106212839" confidence="0.8"><colony wordnetid="108374049" confidence="0.8"><state wordnetid="108168978" confidence="0.8"><political_unit wordnetid="108359949" confidence="0.8"><group wordnetid="100031264" confidence="0.8"><democracy wordnetid="106217103" confidence="0.8"><link ns0:type="simple" ns0:href="../750/3434750.xml">american</link></democracy></group></political_unit></state></colony></political_orientation></social_group></body><link ns0:type="simple" ns0:href="../753/753.xml">actor</link>began career alongside<person wordnetid="100007846" confidence="0.9508927676800064"><actor wordnetid="109765278" confidence="0.9508927676800064"><link ns0:type="simple" ns0:href="../373/43373.xml">clint eastwood</link></actor></person><link ns0:type="simple" ns0:href="../821/4933821.xml">escape alcatraz</link></p><sec><st>biography</st><ss1><st>personal life</st><p>ward born freddie joe ward<ref ns0:type="simple" ns0:href="#xpointer(//reflist/entry[@id=%221%22])" /><village wordnetid="108672738" confidence="0.9508927676800064"><link ns0:type="simple" ns0:href="../504/28504.xml">san diego california</link></village><ethnic_group wordnetid="107967382" confidence="0.9508927676800064"><link ns0:type="simple" ns0:href="../490/50490.xml">cherokee</link></ethnic_group>descent<ref ns0:type="simple" ns0:href="#xpointer(//reflist/entry[@id=%222%22])" />acting ward spent three years<work wordnetid="100575741" confidence="0.8"><military_unit wordnetid="108198398" confidence="0.8"><event wordnetid="100029378" confidence="0.8"><service wordnetid="100577525" confidence="0.8"><force wordnetid="108208016" confidence="0.8"><military_service wordnetid="108198137" confidence="0.8"><act wordnetid="100030358" confidence="0.8"><psychological_feature wordnetid="100023100" confidence="0.8"><activity wordnetid="100407535" confidence="0.8"><air_force wordnetid="108196024" confidence="0.8"><link ns0:type="simple" ns0:href="../090/32090.xml">united air force</link></air_force></activity></psychological_feature></act></military_service></force></service></event></military_unit></work><link ns0:type="simple" ns0:href="../243/4243.xml">boxer</link>worked<link ns0:type="simple" ns0:href="../321/79321.xml">lumberjack</link><symbol wordnetid="106806469" confidence="0.9508927676800064"><link ns0:type="simple" ns0:href="../624/624.xml">alaska</link></symbol><ref ns0:type="simple" ns0:href="#xpointer(//reflist/entry[@id=%223%22])" /><ref ns0:type="simple" ns0:href="#xpointer(//reflist/entry[@id=%224%22])" />ward divorced silvia ward currently married mariefrance ward</p></ss1><ss1><st>career</st><p>ward actor studying<region wordnetid="108630985" confidence="0.8"><administrative_district wordnetid="108491826" confidence="0.8"><location wordnetid="100027167" confidence="0.8"><district wordnetid="108552138" confidence="0.8"><country wordnetid="108544813" confidence="0.8"><link ns0:type="simple" ns0:href="../131/8210131.xml">york</link></country></district></location></administrative_district></region>herbert berghof studio<site wordnetid="108651247" confidence="0.9508927676800064"><village wordnetid="108672738" confidence="0.9508927676800064"><link ns0:type="simple" ns0:href="../458/25458.xml">rome</link></village></site><system wordnetid="108435388" confidence="0.8"><economy wordnetid="108366753" confidence="0.8"><group wordnetid="100031264" confidence="0.8"><link ns0:type="simple" ns0:href="../532/14532.xml">italy</link></group></economy></system>dubbed italian movies worked mime debut<person wordnetid="100007846" confidence="0.9508927676800064"><screenwriter wordnetid="110564400" confidence="0.9173553029164789"><link ns0:type="simple" ns0:href="../953/38953.xml">roberto rossellini</link></screenwriter></person>films returning stateside early ward spent time working experimental theater<link ns0:type="simple" ns0:href="../831/29831.xml">television</link>work<body wordnetid="107965085" confidence="0.8"><social_group wordnetid="107950920" confidence="0.8"><political_orientation wordnetid="106212839" confidence="0.8"><colony wordnetid="108374049" confidence="0.8"><state wordnetid="108168978" confidence="0.8"><political_unit wordnetid="108359949" confidence="0.8"><group wordnetid="100031264" confidence="0.8"><democracy wordnetid="106217103" confidence="0.8"><link ns0:type="simple" ns0:href="../750/3434750.xml">american</link></democracy></group></political_unit></state></colony></political_orientation></social_group></body>film appearance playing cowboy<link>hearts west</link>major role<person wordnetid="100007846" confidence="0.9508927676800064"><actor wordnetid="109765278" confidence="0.9508927676800064"><link ns0:type="simple" ns0:href="../373/43373.xml">clint eastwood</link></actor></person>vehicle<link ns0:type="simple" ns0:href="../821/4933821.xml">escape alcatraz</link>fellow escapee<person wordnetid="100007846" confidence="0.9508927676800064"><link ns0:type="simple" ns0:href="../125/2562125.xml">john anglin</link></person>notable violent<link ns0:type="simple" ns0:href="../988/37988.xml">national guardsman</link><link ns0:type="simple" ns0:href="../481/1590481.xml">walter hill</link><movie wordnetid="106613686" confidence="0.9508927676800064"><link ns0:type="simple" ns0:href="../658/2370658.xml">southern comfort</link></movie></p><p>notable film roles include<link ns0:type="simple" ns0:href="../756/34756.xml" />written<person wordnetid="100007846" confidence="0.9508927676800064"><artist wordnetid="109812338" confidence="0.9508927676800064"><link ns0:type="simple" ns0:href="../993/20993.xml">michael nesmith</link></artist></person><series wordnetid="108457976" confidence="0.9508927676800064"><link ns0:type="simple" ns0:href="../417/31417.xml">monkees</link></series>fame ward shares exact birthday astronaut<astronaut wordnetid="109818022" confidence="0.9508927676800064"><test_pilot wordnetid="110704098" confidence="0.9173553029164789"><link ns0:type="simple" ns0:href="../592/36592.xml">gus grissom</link></test_pilot></astronaut><movie wordnetid="106613686" confidence="0.9508927676800064"><link ns0:type="simple" ns0:href="../442/113442.xml">stuff</link></movie><link ns0:type="simple" ns0:href="../755/34755.xml" />overbearing father<movie wordnetid="106613686" confidence="0.9508927676800064"><link ns0:type="simple" ns0:href="../524/2918524.xml">secret admirer</link></movie><link ns0:type="simple" ns0:href="../846/34846.xml" /><link ns0:type="simple" ns0:href="../564/43564.xml">action movie</link><link ns0:type="simple" ns0:href="../846/34846.xml" /><skilled_worker wordnetid="110605985" confidence="0.8"><physical_entity wordnetid="100001930" confidence="0.8"><hunter wordnetid="110193026" confidence="0.8"><person wordnetid="100007846" confidence="0.8"><farmer wordnetid="110078806" confidence="0.8"><worker wordnetid="109632518" confidence="0.8"><causal_agent wordnetid="100007347" confidence="0.8"><creator wordnetid="109614315" confidence="0.8"><link ns0:type="simple" ns0:href="../462/18722462.xml">earl bassett</link></creator></causal_agent></worker></farmer></person></hunter></physical_entity></skilled_worker><movie wordnetid="106613686" confidence="0.9508927676800064"><link ns0:type="simple" ns0:href="../414/433414.xml">tremors</link></movie>reprised<link ns0:type="simple" ns0:href="../636/34636.xml" />writer<writer wordnetid="110794014" confidence="0.9173553029164789"><link ns0:type="simple" ns0:href="../083/63083.xml">henry miller</link></writer><actor wordnetid="109765278" confidence="0.9173553029164789"><link ns0:type="simple" ns0:href="../396/871396.xml">philip kaufman</link></actor><movie wordnetid="106613686" confidence="0.9508927676800064"><link ns0:type="simple" ns0:href="../135/2198135.xml">henry june</link></movie><link ns0:type="simple" ns0:href="../635/34635.xml" />sgt hoke mosely<link ns0:type="simple" ns0:href="../727/2918727.xml">miami blues</link><link ns0:type="simple" ns0:href="../635/34635.xml" />covert security chief<film_director wordnetid="110088200" confidence="0.9173553029164789"><person wordnetid="100007846" confidence="0.9508927676800064"><actor wordnetid="109765278" confidence="0.9508927676800064"><link ns0:type="simple" ns0:href="../823/43823.xml">robert altman</link></actor></person></film_director>hollywood satire<movie wordnetid="106613686" confidence="0.9508927676800064"><link ns0:type="simple" ns0:href="../263/358263.xml">player</link></movie><link ns0:type="simple" ns0:href="../669/34669.xml" /></p><p>ward continued active roles films<product wordnetid="104007894" confidence="0.8"><creation wordnetid="103129123" confidence="0.8"><artifact wordnetid="100021939" confidence="0.8"><event wordnetid="100029378" confidence="0.8"><social_event wordnetid="107288639" confidence="0.8"><movie wordnetid="106613686" confidence="0.8"><show wordnetid="106619065" confidence="0.8"><psychological_feature wordnetid="100023100" confidence="0.8"><link ns0:type="simple" ns0:href="../628/910628.xml">bob roberts</link></psychological_feature></show></movie></social_event></event></artifact></creation></product><link ns0:type="simple" ns0:href="../337/18948337.xml" />parodied film escape alcatraz<movie wordnetid="106613686" confidence="0.9508927676800064"><link ns0:type="simple" ns0:href="../312/1487312.xml">chain reaction</link></movie><link ns0:type="simple" ns0:href="../636/34636.xml" /><movie wordnetid="106613686" confidence="0.9508927676800064"><link ns0:type="simple" ns0:href="../434/2952434.xml">chaos factor</link></movie><movie wordnetid="106613686" confidence="0.9508927676800064"><link ns0:type="simple" ns0:href="../486/231486.xml">sweet alabama</link></movie>enjoyed success comedies dramas action thrillers</p></ss1></sec><sec><st>awards</st><p><list><entry level="1" type="bullet"><link ns0:type="simple" ns0:href="../164/36164.xml" />jtpc award<movie wordnetid="106613686" confidence="0.9508927676800064"><link ns0:type="simple" ns0:href="../135/2198135.xml">henry june</link></movie>nomination</entry><entry level="1" type="bullet"><link ns0:type="simple" ns0:href="../551/34551.xml" />video premiere award full discosure nomination</entry><entry level="1" type="bullet"><link ns0:type="simple" ns0:href="../598/34598.xml" /><film_festival wordnetid="100517418" confidence="0.9508927676800064"><link ns0:type="simple" ns0:href="../497/32497.xml">volpi cup</link></film_festival><movie wordnetid="106613686" confidence="0.9508927676800064"><link ns0:type="simple" ns0:href="../038/676038.xml">short cuts</link></movie></entry><entry level="1" type="bullet"><link ns0:type="simple" ns0:href="../598/34598.xml" /><link>golden globe</link><movie wordnetid="106613686" confidence="0.9508927676800064"><link ns0:type="simple" ns0:href="../038/676038.xml">short cuts</link></movie></entry></list></p></sec><sec><st>filmography</st><p><table class="wikitable"><row bgcolor="#CCCCCC"><header>year</header><header>film</header><header>role</header><header>chart record</header></row><row><col rowspan="1"><fundamental_quantity wordnetid="113575869" confidence="0.8"><time_period wordnetid="115113229" confidence="0.8"><year wordnetid="115203791" confidence="0.8"><link ns0:type="simple" ns0:href="../432/10451432.xml" /></year></time_period></fundamental_quantity></col><col><movie wordnetid="106613686" confidence="0.9508927676800064"><link ns0:type="simple" ns0:href="../585/16718585.xml">armored</link></movie></col><col>ashcroft</col><col>postproduction</col></row><row><col rowspan="2"><fundamental_quantity wordnetid="113575869" confidence="0.8"><time_period wordnetid="115113229" confidence="0.8"><year wordnetid="115203791" confidence="0.8"><link ns0:type="simple" ns0:href="../113/1463113.xml" /></year></time_period></fundamental_quantity></col><col><movie wordnetid="106613686" confidence="0.9508927676800064"><link ns0:type="simple" ns0:href="../632/15622632.xml">management</link></movie></col><col>jerry</col><col>awaiting release</col></row><row><col><link ns0:type="simple" ns0:href="../206/19149206.xml">exit speed</link></col><col>sergeant archie sparks</col></row><row><col rowspan="2"><fundamental_quantity wordnetid="113575869" confidence="0.8"><time_period wordnetid="115113229" confidence="0.8"><year wordnetid="115203791" confidence="0.8"><link ns0:type="simple" ns0:href="../978/294978.xml" /></year></time_period></fundamental_quantity></col><col><movie wordnetid="106613686" confidence="0.9508927676800064"><link ns0:type="simple" ns0:href="../488/11467488.xml">feast love</link></movie></col><col>bat</col></row><row><col><movie wordnetid="106613686" confidence="0.9508927676800064"><link ns0:type="simple" ns0:href="../697/4262697.xml">wild stallion</link></movie></col><col>frank mills</col></row><row><col rowspan="2"><fundamental_quantity wordnetid="113575869" confidence="0.8"><time_period wordnetid="115113229" confidence="0.8"><year wordnetid="115203791" confidence="0.8"><link ns0:type="simple" ns0:href="../754/302754.xml" /></year></time_period></fundamental_quantity></col><col><series wordnetid="108457976" confidence="0.9508927676800064"><link ns0:type="simple" ns0:href="../153/177153.xml" /></series></col><col>eddie</col><col>series</col></row><row><col><series wordnetid="108457976" confidence="0.9508927676800064"><link ns0:type="simple" ns0:href="../277/1660277.xml">greys anatomy</link></series></col><col>denny duquette</col><col>episode</col></row><row><col rowspan="3"><fundamental_quantity wordnetid="113575869" confidence="0.8"><time_period wordnetid="115113229" confidence="0.8"><year wordnetid="115203791" confidence="0.8"><link ns0:type="simple" ns0:href="../634/294634.xml" /></year></time_period></fundamental_quantity></col><col><movie wordnetid="106613686" confidence="0.9508927676800064"><link ns0:type="simple" ns0:href="../833/3028833.xml">ride</link></movie></col><col>darryl kurtz</col><col>event</col></row><row><col><movie wordnetid="106613686" confidence="0.9508927676800064"><link ns0:type="simple" ns0:href="../040/640040.xml" /></movie></col><col>roy nolan</col><col>event</col></row><row><col><link ns0:type="simple" ns0:href="../193/7893193.xml">coast coast</link></col><col>hal kressler</col><col>event</col></row><row><col rowspan="4"><fundamental_quantity wordnetid="113575869" confidence="0.8"><time_period wordnetid="115113229" confidence="0.8"><year wordnetid="115203791" confidence="0.8"><link ns0:type="simple" ns0:href="../212/169212.xml" /></year></time_period></fundamental_quantity></col><col><link ns0:type="simple" ns0:href="../613/3145613.xml">masked anonymous</link></col><col>drunk</col><col /></row><row><col>years counting</col><col><astronaut wordnetid="109818022" confidence="0.9508927676800064"><test_pilot wordnetid="110704098" confidence="0.9173553029164789"><link ns0:type="simple" ns0:href="../592/36592.xml">gus grissom</link></test_pilot></astronaut>himsef archive footage</col><col>documentary</col></row><row><col>realizing<movie wordnetid="106613686" confidence="0.9508927676800064"><link ns0:type="simple" ns0:href="../442/113442.xml">stuff</link></movie></col><col /><col>documentary</col></row><row><col><link ns0:type="simple" ns0:href="../613/3145613.xml">masked anonymous</link>exposed</col><col>special</col><col>documentary</col></row><row><col rowspan="5"><fundamental_quantity wordnetid="113575869" confidence="0.8"><time_period wordnetid="115113229" confidence="0.8"><year wordnetid="115203791" confidence="0.8"><link ns0:type="simple" ns0:href="../180/167180.xml" /></year></time_period></fundamental_quantity></col><col><work wordnetid="104599396" confidence="0.8"><product wordnetid="104007894" confidence="0.8"><creation wordnetid="103129123" confidence="0.8"><artifact wordnetid="100021939" confidence="0.8"><book wordnetid="106410904" confidence="0.8"><publication wordnetid="106589574" confidence="0.8"><link ns0:type="simple" ns0:href="../750/6446750.xml">live baghdad</link></publication></book></artifact></creation></product></work></col><col>archive footage</col><col>specialdocumentary</col></row><row><col><link ns0:type="simple" ns0:href="../047/229047.xml" /></col><col>jupiter</col><col /></row><row><col><movie wordnetid="106613686" confidence="0.9508927676800064"><link ns0:type="simple" ns0:href="../486/231486.xml">sweet alabama</link></movie></col><col>earl smooter</col><col /></row><row><col>aka birdseye</col><col>sheriff nolan sharpless</col></row><row><col><movie wordnetid="106613686" confidence="0.9508927676800064"><link ns0:type="simple" ns0:href="../339/4122339.xml">abandon film</link></movie></col><col>lieutenant bill stayton</col><col /></row><row><col rowspan="6"><fundamental_quantity wordnetid="113575869" confidence="0.8"><time_period wordnetid="115113229" confidence="0.8"><year wordnetid="115203791" confidence="0.8"><link ns0:type="simple" ns0:href="../503/162503.xml" /></year></time_period></fundamental_quantity></col><col><movie wordnetid="106613686" confidence="0.9508927676800064"><link ns0:type="simple" ns0:href="../099/5830099.xml">summer catch</link></movie></col><col>sean dunne</col><col /></row><row><col><movie wordnetid="106613686" confidence="0.9508927676800064"><link ns0:type="simple" ns0:href="../149/2390149.xml">corky romano</link></movie></col><col>leo corrigan</col><col /></row><row><col><movie wordnetid="106613686" confidence="0.9508927676800064"><link ns0:type="simple" ns0:href="../301/963301.xml">joe dirt</link></movie></col><col>joes dad</col><col /></row><row><col><movie wordnetid="106613686" confidence="0.9508927676800064"><link ns0:type="simple" ns0:href="../496/2952496.xml">full disclosure</link></movie></col><col>john mcwhirter</col><col>directtovideo</col></row><row><col><product wordnetid="104007894" confidence="0.8"><creation wordnetid="103129123" confidence="0.8"><artifact wordnetid="100021939" confidence="0.8"><event wordnetid="100029378" confidence="0.8"><social_event wordnetid="107288639" confidence="0.8"><movie wordnetid="106613686" confidence="0.8"><show wordnetid="106619065" confidence="0.8"><psychological_feature wordnetid="100023100" confidence="0.8"><link ns0:type="simple" ns0:href="../465/3966465.xml">wild iris</link></psychological_feature></show></movie></social_event></event></artifact></creation></product></col><col>errol podubney</col><col>event</col></row><row><col><link ns0:type="simple" ns0:href="../553/6822553.xml">dice</link></col><col>gacynoah aldis</col><col>tvminiseries</col></row><row><col rowspan="6"><fundamental_quantity wordnetid="113575869" confidence="0.8"><time_period wordnetid="115113229" confidence="0.8"><year wordnetid="115203791" confidence="0.8"><link ns0:type="simple" ns0:href="../091/167091.xml" /></year></time_period></fundamental_quantity></col><col /><col>john police captain</col></row><row><col>ropewalk</col><col>davids father</col></row><row><col><movie wordnetid="106613686" confidence="0.9508927676800064"><link ns0:type="simple" ns0:href="../434/2952434.xml">chaos factor</link></movie></col><col>max camden</col></row><row><col><link ns0:type="simple" ns0:href="../737/906737.xml">circus</link></col><col>elmo somerset</col><col /></row><row><col><movie wordnetid="106613686" confidence="0.9508927676800064"><link ns0:type="simple" ns0:href="../535/1164535.xml">road trip</link></movie></col><col>earl edwards</col><col /></row><row><col>jackie bouvier kennedy onassis</col><col>black jack bouvier</col><col /></row><row><col><fundamental_quantity wordnetid="113575869" confidence="0.8"><time_period wordnetid="115113229" confidence="0.8"><year wordnetid="115203791" confidence="0.8"><link ns0:type="simple" ns0:href="../577/169577.xml" /></year></time_period></fundamental_quantity></col><col><movie wordnetid="106613686" confidence="0.9508927676800064"><link ns0:type="simple" ns0:href="../503/3254503.xml">crimson code</link></movie></col><col>randall brooks</col></row><row><col rowspan="4"><fundamental_quantity wordnetid="113575869" confidence="0.8"><time_period wordnetid="115113229" confidence="0.8"><year wordnetid="115203791" confidence="0.8"><link ns0:type="simple" ns0:href="../574/169574.xml" /></year></time_period></fundamental_quantity></col><col>making<link ns0:type="simple" ns0:href="../642/37642.xml">tremors</link></col><col><skilled_worker wordnetid="110605985" confidence="0.8"><physical_entity wordnetid="100001930" confidence="0.8"><hunter wordnetid="110193026" confidence="0.8"><person wordnetid="100007846" confidence="0.8"><farmer wordnetid="110078806" confidence="0.8"><worker wordnetid="109632518" confidence="0.8"><causal_agent wordnetid="100007347" confidence="0.8"><creator wordnetid="109614315" confidence="0.8"><link ns0:type="simple" ns0:href="../462/18722462.xml">earl bassett</link></creator></causal_agent></worker></farmer></person></hunter></physical_entity></skilled_worker>archive footage</col><col>documentary</col></row><row><col><product wordnetid="104007894" confidence="0.8"><creation wordnetid="103129123" confidence="0.8"><artifact wordnetid="100021939" confidence="0.8"><event wordnetid="100029378" confidence="0.8"><social_event wordnetid="107288639" confidence="0.8"><movie wordnetid="106613686" confidence="0.8"><show wordnetid="106619065" confidence="0.8"><psychological_feature wordnetid="100023100" confidence="0.8"><link ns0:type="simple" ns0:href="../412/3254412.xml">vivero letter</link></psychological_feature></show></movie></social_event></event></artifact></creation></product></col><col>andrew fallon</col></row><row><col /><col>major general david reece</col><col>tvminiseries</col></row><row><col><movie wordnetid="106613686" confidence="0.9508927676800064"><link ns0:type="simple" ns0:href="../395/2952395.xml">dangerous beauty</link></movie></col><col>domenico venier</col><col /></row><row><col rowspan="3"><fundamental_quantity wordnetid="113575869" confidence="0.8"><time_period wordnetid="115113229" confidence="0.8"><year wordnetid="115203791" confidence="0.8"><link ns0:type="simple" ns0:href="../572/169572.xml" /></year></time_period></fundamental_quantity></col><col><link>harm</link></col><col>dave reimller</col><col>event</col></row><row><col><movie wordnetid="106613686" confidence="0.9508927676800064"><link ns0:type="simple" ns0:href="../912/3027912.xml">best men</link></movie></col><col>sheriff bud phillips</col></row><row><col><link>gun series</link>father john</col><col>john farragut</col><col>episode</col></row><row><col rowspan="3"><fundamental_quantity wordnetid="113575869" confidence="0.8"><time_period wordnetid="115113229" confidence="0.8"><year wordnetid="115203791" confidence="0.8"><link ns0:type="simple" ns0:href="../568/169568.xml" /></year></time_period></fundamental_quantity></col><col>west</col><col>voice</col><col>documentary</col></row><row><col><movie wordnetid="106613686" confidence="0.9508927676800064"><link ns0:type="simple" ns0:href="../312/1487312.xml">chain reaction</link></movie></col><col>fbi agent leon ford</col><col /></row><row><col /><col><skilled_worker wordnetid="110605985" confidence="0.8"><physical_entity wordnetid="100001930" confidence="0.8"><hunter wordnetid="110193026" confidence="0.8"><person wordnetid="100007846" confidence="0.8"><farmer wordnetid="110078806" confidence="0.8"><worker wordnetid="109632518" confidence="0.8"><causal_agent wordnetid="100007347" confidence="0.8"><creator wordnetid="109614315" confidence="0.8"><link ns0:type="simple" ns0:href="../462/18722462.xml">earl bassett</link></creator></causal_agent></worker></farmer></person></hunter></physical_entity></skilled_worker></col><col>directtovideo</col></row><row><col><fundamental_quantity wordnetid="113575869" confidence="0.8"><time_period wordnetid="115113229" confidence="0.8"><year wordnetid="115203791" confidence="0.8"><link ns0:type="simple" ns0:href="../220/169220.xml" /></year></time_period></fundamental_quantity></col><col><movie wordnetid="106613686" confidence="0.9508927676800064"><link ns0:type="simple" ns0:href="../887/2951887.xml">bruit qui rend fou</link></movie></col><col>frank sailor</col><col>festival event</col></row><row><col><fundamental_quantity wordnetid="113575869" confidence="0.8"><time_period wordnetid="115113229" confidence="0.8"><year wordnetid="115203791" confidence="0.8"><link ns0:type="simple" ns0:href="../019/171019.xml" /></year></time_period></fundamental_quantity></col><col /><col>rocco dillon</col><col /></row><row><col rowspan="3"><fundamental_quantity wordnetid="113575869" confidence="0.8"><time_period wordnetid="115113229" confidence="0.8"><year wordnetid="115203791" confidence="0.8"><link ns0:type="simple" ns0:href="../575/171575.xml" /></year></time_period></fundamental_quantity></col><col>luck trust ketchup</col><col /><col>documentary</col></row><row><col><movie wordnetid="106613686" confidence="0.9508927676800064"><link ns0:type="simple" ns0:href="../038/676038.xml">short cuts</link></movie></col><col>stuart kane</col></row><row><col><movie wordnetid="106613686" confidence="0.9508927676800064"><link ns0:type="simple" ns0:href="../878/2951878.xml">small bodies</link></movie></col><col>lieutenant brann</col><col>festival event production</col></row><row><col rowspan="5"><fundamental_quantity wordnetid="113575869" confidence="0.8"><time_period wordnetid="115113229" confidence="0.8"><year wordnetid="115203791" confidence="0.8"><link ns0:type="simple" ns0:href="../581/171581.xml" /></year></time_period></fundamental_quantity></col><col><link ns0:type="simple" ns0:href="../956/2603956.xml">eyes guns</link></col><col><physical_entity wordnetid="100001930" confidence="0.8"><person wordnetid="100007846" confidence="0.8"><gambler wordnetid="110118844" confidence="0.8"><sheriff wordnetid="110589140" confidence="0.8"><preserver wordnetid="110466918" confidence="0.8"><lawman wordnetid="110249459" confidence="0.8"><defender wordnetid="109614684" confidence="0.8"><causal_agent wordnetid="100007347" confidence="0.8"><marshal wordnetid="110295951" confidence="0.8"><link ns0:type="simple" ns0:href="../247/400247.xml">wyatt earp</link></marshal></causal_agent></defender></lawman></preserver></sheriff></gambler></person></physical_entity></col><col /></row><row><col><movie wordnetid="106613686" confidence="0.9508927676800064"><link ns0:type="simple" ns0:href="../263/358263.xml">player</link></movie></col><col>walter stuckel</col><col /></row><row><col><link>equinox film</link></col><col>paris</col></row><row><col><movie wordnetid="106613686" confidence="0.9508927676800064"><link ns0:type="simple" ns0:href="../841/2951841.xml">thunderheart</link></movie></col><col>jack milton</col><col /></row><row><col><product wordnetid="104007894" confidence="0.8"><creation wordnetid="103129123" confidence="0.8"><artifact wordnetid="100021939" confidence="0.8"><event wordnetid="100029378" confidence="0.8"><social_event wordnetid="107288639" confidence="0.8"><movie wordnetid="106613686" confidence="0.8"><show wordnetid="106619065" confidence="0.8"><psychological_feature wordnetid="100023100" confidence="0.8"><link ns0:type="simple" ns0:href="../628/910628.xml">bob roberts</link></psychological_feature></show></movie></social_event></event></artifact></creation></product></col><col>news anchor chip daley</col></row><row><col rowspan="2"><fundamental_quantity wordnetid="113575869" confidence="0.8"><time_period wordnetid="115113229" confidence="0.8"><year wordnetid="115203791" confidence="0.8"><link ns0:type="simple" ns0:href="../587/171587.xml" /></year></time_period></fundamental_quantity></col><col><product wordnetid="104007894" confidence="0.8"><creation wordnetid="103129123" confidence="0.8"><artifact wordnetid="100021939" confidence="0.8"><event wordnetid="100029378" confidence="0.8"><social_event wordnetid="107288639" confidence="0.8"><movie wordnetid="106613686" confidence="0.8"><show wordnetid="106619065" confidence="0.8"><psychological_feature wordnetid="100023100" confidence="0.8"><link ns0:type="simple" ns0:href="../673/2918673.xml">cast deadly spell</link></psychological_feature></show></movie></social_event></event></artifact></creation></product></col><col><person wordnetid="100007846" confidence="0.9508927676800064"><writer wordnetid="110794014" confidence="0.9508927676800064"><novelist wordnetid="110363573" confidence="0.9173553029164789"><link ns0:type="simple" ns0:href="../509/13509.xml">det harry phillips lovecraft</link></novelist></writer></person></col><col>event</col></row><row><col><movie wordnetid="106613686" confidence="0.9508927676800064"><link ns0:type="simple" ns0:href="../669/6992669.xml">dark wind</link></movie></col><col><physical_entity wordnetid="100001930" confidence="0.8"><policeman wordnetid="110448983" confidence="0.8"><person wordnetid="100007846" confidence="0.8"><preserver wordnetid="110466918" confidence="0.8"><lawman wordnetid="110249459" confidence="0.8"><defender wordnetid="109614684" confidence="0.8"><causal_agent wordnetid="100007347" confidence="0.8"><detective wordnetid="110009276" confidence="0.8"><link ns0:type="simple" ns0:href="../553/753553.xml">joe leaphorn</link></detective></causal_agent></defender></lawman></preserver></person></policeman></physical_entity></col></row><row><col rowspan="2"><fundamental_quantity wordnetid="113575869" confidence="0.8"><time_period wordnetid="115113229" confidence="0.8"><year wordnetid="115203791" confidence="0.8"><link ns0:type="simple" ns0:href="../259/171259.xml" /></year></time_period></fundamental_quantity></col><col><movie wordnetid="106613686" confidence="0.9508927676800064"><link ns0:type="simple" ns0:href="../135/2198135.xml">henry june</link></movie></col><col><writer wordnetid="110794014" confidence="0.9173553029164789"><link ns0:type="simple" ns0:href="../083/63083.xml">henry miller</link></writer>soundtrack</col><col /></row><row><col><link ns0:type="simple" ns0:href="../727/2918727.xml">miami blues</link></col><col>sgt<link>hoke moseley</link><link ns0:type="simple" ns0:href="../405/211405.xml">producer</link></col></row><row><col><fundamental_quantity wordnetid="113575869" confidence="0.8"><time_period wordnetid="115113229" confidence="0.8"><year wordnetid="115203791" confidence="0.8"><link ns0:type="simple" ns0:href="../259/171259.xml" /></year></time_period></fundamental_quantity></col><col><movie wordnetid="106613686" confidence="0.9508927676800064"><link ns0:type="simple" ns0:href="../414/433414.xml">tremors</link></movie></col><col><skilled_worker wordnetid="110605985" confidence="0.8"><physical_entity wordnetid="100001930" confidence="0.8"><hunter wordnetid="110193026" confidence="0.8"><person wordnetid="100007846" confidence="0.8"><farmer wordnetid="110078806" confidence="0.8"><worker wordnetid="109632518" confidence="0.8"><causal_agent wordnetid="100007347" confidence="0.8"><creator wordnetid="109614315" confidence="0.8"><link ns0:type="simple" ns0:href="../462/18722462.xml">earl bassett</link></creator></causal_agent></worker></farmer></person></hunter></physical_entity></skilled_worker></col><col /></row><row><col rowspan="4"><fundamental_quantity wordnetid="113575869" confidence="0.8"><time_period wordnetid="115113229" confidence="0.8"><year wordnetid="115203791" confidence="0.8"><link ns0:type="simple" ns0:href="../292/171292.xml" /></year></time_period></fundamental_quantity></col><col><movie wordnetid="106613686" confidence="0.9508927676800064"><link ns0:type="simple" ns0:href="../064/3965064.xml">catchfire</link></movie></col><col>police officer pauling</col></row><row><col><movie wordnetid="106613686" confidence="0.9508927676800064"><link ns0:type="simple" ns0:href="../617/2918617.xml">prince pennsylvania</link></movie></col><col>gary marshetta</col></row><row><col><movie wordnetid="106613686" confidence="0.9508927676800064"><link ns0:type="simple" ns0:href="../184/2638184.xml">big business</link></movie></col><col>roone dimmick</col><col /></row><row><col><movie wordnetid="106613686" confidence="0.9508927676800064"><link ns0:type="simple" ns0:href="../386/3799386.xml">limits</link></movie></col><col>sgt benjamin dix</col><col /></row><row><col rowspan="2"><fundamental_quantity wordnetid="113575869" confidence="0.8"><time_period wordnetid="115113229" confidence="0.8"><year wordnetid="115203791" confidence="0.8"><link ns0:type="simple" ns0:href="../293/171293.xml" /></year></time_period></fundamental_quantity></col><col>price life</col><col>short feature</col></row><row><col><series wordnetid="108457976" confidence="0.9508927676800064"><link ns0:type="simple" ns0:href="../146/309146.xml">hitchhiker</link></series>dead heat</col><col>luther redmond</col><col>episode</col></row><row><col><fundamental_quantity wordnetid="113575869" confidence="0.8"><time_period wordnetid="115113229" confidence="0.8"><year wordnetid="115203791" confidence="0.8"><link ns0:type="simple" ns0:href="../612/171612.xml" /></year></time_period></fundamental_quantity></col><col><link ns0:type="simple" ns0:href="../620/461620.xml">florida straits</link></col><col>lucky boone</col><col>cinema</col></row><row><col rowspan="3"><fundamental_quantity wordnetid="113575869" confidence="0.8"><time_period wordnetid="115113229" confidence="0.8"><year wordnetid="115203791" confidence="0.8"><link ns0:type="simple" ns0:href="../615/171615.xml" /></year></time_period></fundamental_quantity></col><col /><col><physical_entity wordnetid="100001930" confidence="0.8"><person wordnetid="100007846" confidence="0.8"><causal_agent wordnetid="100007347" confidence="0.8"><artist wordnetid="109812338" confidence="0.8"><creator wordnetid="109614315" confidence="0.8"><link ns0:type="simple" ns0:href="../951/3217951.xml">remo williams</link></creator></artist></causal_agent></person></physical_entity>samuel edward macon</col><col /></row><row><col><movie wordnetid="106613686" confidence="0.9508927676800064"><link ns0:type="simple" ns0:href="../524/2918524.xml">secret admirer</link></movie></col><col>lou fimple</col><col /></row><row><col><literary_composition wordnetid="106364329" confidence="0.8"><written_communication wordnetid="106349220" confidence="0.8"><writing wordnetid="106362953" confidence="0.8"><fiction wordnetid="106367107" confidence="0.8"><novel wordnetid="106367879" confidence="0.8"><link ns0:type="simple" ns0:href="../792/2951792.xml">noon wine</link></novel></fiction></writing></written_communication></literary_composition></col><col>royal earle thompson</col><col /></row><row><col><fundamental_quantity wordnetid="113575869" confidence="0.8"><time_period wordnetid="115113229" confidence="0.8"><year wordnetid="115203791" confidence="0.8"><link ns0:type="simple" ns0:href="../620/171620.xml" /></year></time_period></fundamental_quantity></col><col><link>swing shift</link></col><col>archibald biscuits toue</col><col /></row><row><col rowspan="3"><fundamental_quantity wordnetid="113575869" confidence="0.8"><time_period wordnetid="115113229" confidence="0.8"><year wordnetid="115203791" confidence="0.8"><link ns0:type="simple" ns0:href="../622/171622.xml" /></year></time_period></fundamental_quantity></col><col><link ns0:type="simple" ns0:href="../548/242548.xml">silkwood</link></col><col><link ns0:type="simple" ns0:href="../878/10230878.xml">morgan</link></col><col /></row><row><col><movie wordnetid="106613686" confidence="0.9508927676800064"><link ns0:type="simple" ns0:href="../585/2918585.xml">uncommon valor</link></movie></col><col>wilkes</col><col /></row><row><col><movie wordnetid="106613686" confidence="0.9508927676800064"><link ns0:type="simple" ns0:href="../442/113442.xml">stuff</link></movie></col><col>capt virgil ivan<astronaut wordnetid="109818022" confidence="0.9508927676800064"><test_pilot wordnetid="110704098" confidence="0.9173553029164789"><link ns0:type="simple" ns0:href="../592/36592.xml">gus grissom</link></test_pilot></astronaut></col><col /></row><row><col><fundamental_quantity wordnetid="113575869" confidence="0.8"><time_period wordnetid="115113229" confidence="0.8"><year wordnetid="115203791" confidence="0.8"><link ns0:type="simple" ns0:href="../649/171649.xml" /></year></time_period></fundamental_quantity></col><col /><col>lyle swan</col></row><row><col><fundamental_quantity wordnetid="113575869" confidence="0.8"><time_period wordnetid="115113229" confidence="0.8"><year wordnetid="115203791" confidence="0.8"><link ns0:type="simple" ns0:href="../651/171651.xml" /></year></time_period></fundamental_quantity></col><col><movie wordnetid="106613686" confidence="0.9508927676800064"><link ns0:type="simple" ns0:href="../658/2370658.xml">southern comfort</link></movie></col><col>cpl lonnie reece</col></row><row><col rowspan="4"><fundamental_quantity wordnetid="113575869" confidence="0.8"><time_period wordnetid="115113229" confidence="0.8"><year wordnetid="115203791" confidence="0.8"><link ns0:type="simple" ns0:href="../652/171652.xml" /></year></time_period></fundamental_quantity></col><col><movie wordnetid="106613686" confidence="0.9508927676800064"><link ns0:type="simple" ns0:href="../501/2918501.xml">uforia</link></movie></col><col><person wordnetid="100007846" confidence="0.9508927676800064"><link ns0:type="simple" ns0:href="../086/39086.xml">waylon jennings</link></person>imitator sheldon bart</col></row><row><col>carny</col><col>jack</col></row><row><col><link ns0:type="simple" ns0:href="../349/8408349.xml">cardiac arrest</link></col><col>jamie</col></row><row><col>belle starr</col><col>ned christie</col><col /></row><row><col rowspan="2"><fundamental_quantity wordnetid="113575869" confidence="0.8"><time_period wordnetid="115113229" confidence="0.8"><year wordnetid="115203791" confidence="0.8"><link ns0:type="simple" ns0:href="../655/171655.xml" /></year></time_period></fundamental_quantity></col><col><movie wordnetid="106613686" confidence="0.9508927676800064"><link ns0:type="simple" ns0:href="../516/1707516.xml">escape alcatraz</link></movie></col><col><person wordnetid="100007846" confidence="0.9508927676800064"><link ns0:type="simple" ns0:href="../125/2562125.xml">john anglin</link></person></col><col /></row><row><col><link ns0:type="simple" ns0:href="../509/31509.xml">incredible hulk</link></col><col>henchmanmarvin</col><col>episodes</col></row><row><col rowspan="2"><fundamental_quantity wordnetid="113575869" confidence="0.8"><time_period wordnetid="115113229" confidence="0.8"><year wordnetid="115203791" confidence="0.8"><link ns0:type="simple" ns0:href="../657/171657.xml" /></year></time_period></fundamental_quantity></col><col>tilt</col></row><row><col><link ns0:type="simple" ns0:href="../561/442561.xml">quincy</link>odds</col><col>crane</col><col>episode</col></row><row><col><fundamental_quantity wordnetid="113575869" confidence="0.8"><time_period wordnetid="115113229" confidence="0.8"><year wordnetid="115203791" confidence="0.8"><link ns0:type="simple" ns0:href="../668/171668.xml" /></year></time_period></fundamental_quantity></col><col><link>hearts west</link></col><col>sam</col></row><row><col><fundamental_quantity wordnetid="113575869" confidence="0.8"><time_period wordnetid="115113229" confidence="0.8"><year wordnetid="115203791" confidence="0.8"><link ns0:type="simple" ns0:href="../671/171671.xml" /></year></time_period></fundamental_quantity></col><col>cartesius</col><col /></row><row><col><fundamental_quantity wordnetid="113575869" confidence="0.8"><time_period wordnetid="115113229" confidence="0.8"><year wordnetid="115203791" confidence="0.8"><link ns0:type="simple" ns0:href="../673/171673.xml" /></year></time_period></fundamental_quantity></col><col>power cosimo eta<link>cosimo medici</link></col><col>niccolo conti</col><col /></row></table></p></sec><sec><st>references</st><p><reflist><entry id="1">california california birth center health statistics california department health services sacramento california ancestrycom</entry><entry id="2"><weblink ns0:type="simple" ns0:href="http://nl.newsbank.com/nl-search/we/Archives?p_product=WO p_theme=wo p_action=search p_maxdocs=200 p_topdoc=1 p_text_direct-0=0EADE805E9D681E9 p_field_direct-0=document_id p_perpage=10 p_sort=YMD_date:D s_trackval=GooglePM">worcester telegram gazette archives</weblink></entry><entry id="3"><weblink ns0:type="simple" ns0:href="http://pqasb.pqarchiver.com/latimes/access/60035778.html?dids=60035778:60035778 FMT=ABS FMTS=ABS:FT date=Apr+15%2C+1990 author=SEAN+MITCHELL pub=Los+Angeles+Times+(pre-1997+Fulltext) desc=Exploring+the+Dark+Side-as+a+Producer+Actor+Fred+Ward's+tenacity+brings+the+comically+sordid+world+of+%60Miami+Blues'+to+the+screen pqatl=google">exploring dark sideas producer actor fred wards tenacity brings comically sordid miami blues screen</weblink></entry><entry id="4"><weblink ns0:type="simple" ns0:href="http://nl.newsbank.com/nl-search/we/Archives?p_product=DM p_theme=dm p_action=search p_maxdocs=200 p_topdoc=1 p_text_direct-0=0ED3CDB7973EC64A p_field_direct-0=document_id p_perpage=10 p_sort=YMD_date:D s_trackval=GooglePM">dallasnewscom archives</weblink></entry></reflist></p></sec><sec><st>external links</st><p><list><entry level="1" type="bullet"><weblink ns0:type="simple" ns0:href="http://www.imdb.com/name/nm0911542/">fred ward</weblink><web_site wordnetid="106359193" confidence="0.9508927676800064"><link ns0:type="simple" ns0:href="../554/2855554.xml">internet movie database</link></web_site></entry></list></p><p><table style=";" class="navbox" cellspacing="0"><row><col style="padding:2px;"><table style="width:100%;background:transparent;color:inherit;;" class="nowraplinks collapsible autocollapse " cellspacing="0"><row><header colspan="2" style=";" class="navbox-title"><link ns0:type="simple" ns0:href="../140/5419140.xml">naked gun series</link></header></row><row style="height:2px;" /><row><col style=";;" class="navbox-group">series</col><col style="text-align:left;border-left:2px solid #fdfdfd;width:100%;padding:0px;;;" class="navbox-list navbox-odd"><series wordnetid="108457976" confidence="0.9508927676800064"><link ns0:type="simple" ns0:href="../038/665038.xml">police squad</link></series></col></row><row style="height:2px" /><row><col style=";;" class="navbox-group">films</col><col style="text-align:left;border-left:2px solid #fdfdfd;width:100%;padding:0px;;;" class="navbox-list navbox-even" /></row><row style="height:2px" /><row><col style=";;" class="navbox-group">cast</col><col style="text-align:left;border-left:2px solid #fdfdfd;width:100%;padding:0px;;;" class="navbox-list navbox-odd"><comedian wordnetid="109940146" confidence="0.9173553029164789"><person wordnetid="100007846" confidence="0.9508927676800064"><actor wordnetid="109765278" confidence="0.9173553029164789"><link ns0:type="simple" ns0:href="../014/55014.xml">leslie nielsen</link></actor></person></comedian><person wordnetid="100007846" confidence="0.9508927676800064"><actor wordnetid="109765278" confidence="0.9508927676800064"><link ns0:type="simple" ns0:href="../499/1817499.xml">alan north</link></actor></person><person wordnetid="100007846" confidence="0.9508927676800064"><actor wordnetid="109765278" confidence="0.9508927676800064"><link ns0:type="simple" ns0:href="../789/3055789.xml">peter lupus</link></actor></person><person wordnetid="100007846" confidence="0.9508927676800064"><actor wordnetid="109765278" confidence="0.9173553029164789"><link ns0:type="simple" ns0:href="../891/15099891.xml">william duell</link></actor></person><link ns0:type="simple" ns0:href="../445/15180445.xml">williams</link><person wordnetid="100007846" confidence="0.9508927676800064"><actor wordnetid="109765278" confidence="0.9508927676800064"><link ns0:type="simple" ns0:href="../580/208580.xml">priscilla presley</link></actor></person><person wordnetid="100007846" confidence="0.9508927676800064"><actor wordnetid="109765278" confidence="0.9508927676800064"><link ns0:type="simple" ns0:href="../519/614519.xml">george kennedy</link></actor></person><physical_entity wordnetid="100001930" confidence="0.8"><person wordnetid="100007846" confidence="0.8"><player wordnetid="110439851" confidence="0.8"><announcer wordnetid="109795334" confidence="0.8"><ball_carrier wordnetid="109834378" confidence="0.8"><contestant wordnetid="109613191" confidence="0.8"><rival wordnetid="110533013" confidence="0.8"><rusher wordnetid="110544067" confidence="0.8"><actor wordnetid="109765278" confidence="0.8"><communicator wordnetid="109610660" confidence="0.8"><football_player wordnetid="110101634" confidence="0.8"><performer wordnetid="110415638" confidence="0.8"><causal_agent wordnetid="100007347" confidence="0.8"><advocate wordnetid="109774783" confidence="0.8"><democrat wordnetid="110002031" confidence="0.8"><athlete wordnetid="109820263" confidence="0.8"><entertainer wordnetid="109616922" confidence="0.8"><link ns0:type="simple" ns0:href="../445/8955445.xml">simpson</link></entertainer></athlete></democrat></advocate></causal_agent></performer></football_player></communicator></actor></rusher></rival></contestant></ball_carrier></announcer></player></person></physical_entity><person wordnetid="100007846" confidence="0.9508927676800064"><manufacturer wordnetid="110292316" confidence="0.9173553029164789"><artist wordnetid="109812338" confidence="0.9508927676800064"><link ns0:type="simple" ns0:href="../265/18938265.xml">weird yankovic</link></artist></manufacturer></person><link>ricardo montalbn</link><person wordnetid="100007846" confidence="0.9508927676800064"><singer wordnetid="110599806" confidence="0.9173553029164789"><actor wordnetid="109765278" confidence="0.9173553029164789"><link ns0:type="simple" ns0:href="../309/326309.xml">robert goulet</link></actor></singer></person><person wordnetid="100007846" confidence="0.9508927676800064"><actor wordnetid="109765278" confidence="0.9508927676800064"><link ns0:type="simple" ns0:href="../073/1023073.xml">fred ward</link></actor></person><person wordnetid="100007846" confidence="0.9508927676800064"><actor wordnetid="109765278" confidence="0.9508927676800064"><playmate wordnetid="110441037" confidence="0.9508927676800064"><link ns0:type="simple" ns0:href="../335/68335.xml">anna nicole smith</link></playmate></actor></person></col></row><row style="height:2px" /><row><col style=";;" class="navbox-group">crew</col><col style="text-align:left;border-left:2px solid #fdfdfd;width:100%;padding:0px;;;" class="navbox-list navbox-even"><link ns0:type="simple" ns0:href="../820/1575820.xml">zucker abrahams zucker</link><physical_entity wordnetid="100001930" confidence="0.8"><person wordnetid="100007846" confidence="0.8"><leader wordnetid="109623038" confidence="0.8"><administrator wordnetid="109770949" confidence="0.8"><producer wordnetid="110480018" confidence="0.8"><causal_agent wordnetid="100007347" confidence="0.8"><film_maker wordnetid="110088390" confidence="0.8"><head wordnetid="110162991" confidence="0.8"><director wordnetid="110014939" confidence="0.8"><creator wordnetid="109614315" confidence="0.8"><link ns0:type="simple" ns0:href="../428/727428.xml">jerry zucker</link></creator></director></head></film_maker></causal_agent></producer></administrator></leader></person></physical_entity><actor wordnetid="109765278" confidence="0.9508927676800064"><link ns0:type="simple" ns0:href="../383/1170383.xml">jim abrahams</link></actor><celebrity wordnetid="109903153" confidence="0.9508927676800064"><screenwriter wordnetid="110564400" confidence="0.9173553029164789"><link ns0:type="simple" ns0:href="../424/727424.xml">david zucker</link></screenwriter></celebrity><actor wordnetid="109765278" confidence="0.9508927676800064"><link ns0:type="simple" ns0:href="../806/1815806.xml">pat proft</link></actor><actor wordnetid="109765278" confidence="0.9508927676800064"><link ns0:type="simple" ns0:href="../204/10113204.xml">peter segal</link></actor><physical_entity wordnetid="100001930" confidence="0.8"><person wordnetid="100007846" confidence="0.8"><manufacturer wordnetid="110292316" confidence="0.8"><maker wordnetid="110284064" confidence="0.8"><causal_agent wordnetid="100007347" confidence="0.8"><creator wordnetid="109614315" confidence="0.8"><link ns0:type="simple" ns0:href="../103/5137103.xml">robert weiss</link></creator></causal_agent></maker></manufacturer></person></physical_entity></col></row><row style="height:2px" /><row><col style=";;" class="navbox-group">characters</col><col style="text-align:left;border-left:2px solid #fdfdfd;width:100%;padding:0px;;;" class="navbox-list navbox-odd"><fictional_character wordnetid="109587565" confidence="0.9508927676800064"><link ns0:type="simple" ns0:href="../858/6916858.xml">lieutenant frank drebin</link></fictional_character></col></row></table></col></row></table></p><p><table id="persondata" class="persondata"><header colspan="2" /><row><col class="persondata-label" /><col>ward fred</col></row><row><col class="persondata-label">alternative names</col></row><row><col class="persondata-label">short description</col><col><link ns0:type="simple" ns0:href="../753/753.xml">actor</link></col></row><row><col class="persondata-label">birth</col><col /></row><row><col class="persondata-label">place birth</col><col><village wordnetid="108672738" confidence="0.9508927676800064"><link ns0:type="simple" ns0:href="../504/28504.xml">san diego california</link></village><body wordnetid="107965085" confidence="0.8"><social_group wordnetid="107950920" confidence="0.8"><political_orientation wordnetid="106212839" confidence="0.8"><colony wordnetid="108374049" confidence="0.8"><state wordnetid="108168978" confidence="0.8"><political_unit wordnetid="108359949" confidence="0.8"><group wordnetid="100031264" confidence="0.8"><democracy wordnetid="106217103" confidence="0.8"><link ns0:type="simple" ns0:href="../750/3434750.xml">united</link></democracy></group></political_unit></state></colony></political_orientation></social_group></body></col></row><row><col class="persondata-label">death</col></row><row><col class="persondata-label">place death</col></row></table></p></sec></bdy></actor></manufacturer></person></article>