<article xmlns:ns0="http://www.w3.org/1999/xlink"><header><title>carne piatto</title><id /><revision><id /><timestamp /><contributor><username>addbot</username><id /></contributor></revision><categories><category>italian cuisine</category><category>orphaned articles january</category><category>orphaned articles</category></categories></header><bdy><p><table class="metadata plainlinks ambox "><row><col>amboxstyle style</col></row><row><col class="mbox-image"><p><image width="44px" src="Wiki_letter_w.svg" /></p></col><col style="" class="mbox-text">article articles<weblink ns0:type="simple" ns0:href="http://localhost:18088/wiki/index.php?title=Special:Whatlinkshere target=Carne_al_piatto namespace=0">link</weblink>help articles<weblink ns0:type="simple" ns0:href="http://www.google.com/search?hl=en as_qdr=all q=+site%3Aen.wikipedia.org+%22Carne+al+piatto%22">topics</weblink>january</col></row></table></p><p>carne piatto plated meat northerncentral<system wordnetid="108435388" confidence="0.8"><economy wordnetid="108366753" confidence="0.8"><group wordnetid="100031264" confidence="0.8"><link ns0:type="simple" ns0:href="../532/14532.xml">italian</link></group></economy></system>recipe meat cooking</p><sec><st>preparation</st><p>thin slices beef plate generous amount<link ns0:type="simple" ns0:href="../478/22478.xml">olive oil</link>seasoned<link ns0:type="simple" ns0:href="../200/1605200.xml">salt</link><link ns0:type="simple" ns0:href="../288/214288.xml">lemon juice</link>optional seasonings<link ns0:type="simple" ns0:href="../484/25484.xml">rosemary</link><link ns0:type="simple" ns0:href="../355/705355.xml">sage</link><link ns0:type="simple" ns0:href="../419/3419.xml">bay leaves</link>plate atop pot water covered plate creating minioven cooking takes minutes depending thickness meat slices indirect heat boiling water cooks meat frying dish naturally tasty light easily digestible usual sides boiled vegetables<link ns0:type="simple" ns0:href="../501/23501.xml">potato</link><link ns0:type="simple" ns0:href="../319/46319.xml">asparagus</link><link ns0:type="simple" ns0:href="../734/169734.xml">spinach</link>garden salads tossed<link ns0:type="simple" ns0:href="../437/38437.xml">lemon</link>olive oil salt</p></sec></bdy></article>