<article xmlns:ns0="http://www.w3.org/1999/xlink"><football_player confidence="0.9511911446218017" wordnetid="110101634"><person confidence="0.9508927676800064" wordnetid="100007846"><player confidence="0.9511911446218017" wordnetid="110439851"><entity confidence="0.9511911446218017" wordnetid="100001740"><header><title>ronny rosenthal</title><id /><revision><id /><timestamp /><contributor><username>earl</username><id /></contributor></revision><categories><category>watford players</category><category>liverpool players</category><category>luton town players</category><category>living people</category><category>israeli jews</category><category>israeli footballers</category><category>standard lige players</category><category>premier league players</category><category>maccabi haifa players</category><category>births</category><category>jewish footballers</category><category>club brugge players</category><category>tottenham hotspur players</category><category>israel international footballers</category></categories></header><bdy><table style="font-size: 85%;" class="infobox vcard"><row><col colspan="3" style="text-align:center; font-size: large" class="fn">ronny rosenthal</col></row><row><header colspan="3" style="background: #b0c4de; text-align: center">personal information</header></row><row><col>full</col><col colspan="2">ronny rosenthal</col></row><row><col>birth</col><col colspan="2">october age</col></row><row><col>place birth</col><col colspan="2"><link ns0:type="simple" ns0:href="../606/55606.xml">haifa</link><country wordnetid="108544813" confidence="0.9508927676800064"><link ns0:type="simple" ns0:href="../173/9282173.xml">israel</link></country></col></row><row><col>height</col><col colspan="2" /></row><row><col>playing position</col><col colspan="2"><link ns0:type="simple" ns0:href="../681/428681.xml">striker</link></col></row><row><header colspan="3" style="background: #b0c4de;">youth clubs</header></row><row><col colspan="2"><association wordnetid="108049401" confidence="0.8"><club wordnetid="108227214" confidence="0.8"><link ns0:type="simple" ns0:href="../872/319872.xml">maccabi haifa</link></club></association></col></row><row><header colspan="3" style="background: #b0c4de;">senior clubs</header></row><row style="line-height:9pt;"><col>years</col><col>club</col><col>app gls</col></row><row><col style="padding-right:3em;" /><col style="padding-right:3em;"><association wordnetid="108049401" confidence="0.8"><club wordnetid="108227214" confidence="0.8"><link ns0:type="simple" ns0:href="../872/319872.xml">maccabi haifa</link></club></association><link ns0:type="simple" ns0:href="../623/563623.xml">club brugge</link><link>standard lige</link><club wordnetid="108227214" confidence="0.9508927676800064"><link ns0:type="simple" ns0:href="../877/149877.xml">udinese</link></club>loan<association wordnetid="108049401" confidence="0.8"><club wordnetid="108227214" confidence="0.8"><link ns0:type="simple" ns0:href="../367/18367.xml">luton town</link></club></association>loan<club wordnetid="108227214" confidence="0.9508927676800064"><link ns0:type="simple" ns0:href="../119/18119.xml">liverpool</link></club>loan<club wordnetid="108227214" confidence="0.9508927676800064"><link ns0:type="simple" ns0:href="../119/18119.xml">liverpool</link></club><club wordnetid="108227214" confidence="0.9508927676800064"><link ns0:type="simple" ns0:href="../198/68198.xml">tottenham hotspur</link></club><club wordnetid="108227214" confidence="0.9508927676800064"><link ns0:type="simple" ns0:href="../099/85099.xml">watford</link></club></col><col /></row><row><header colspan="3" style="background: #b0c4de;text-align: center">national team</header></row><row><col><team wordnetid="108208560" confidence="0.9508927676800064"><link ns0:type="simple" ns0:href="../536/769536.xml">israel</link></team></col><col /></row><row><col colspan="3" style="color: #555555; font-size:80%; text-align:center;">senior club appearances goals counted domestic league correct november utc<p>appearances goals</p></col></row></table>ronny rosenthal<W wordnetid="106833544" confidence="0.9508927676800064"><link ns0:type="simple" ns0:href="../446/13446.xml">hebrew</link></W>born<link ns0:type="simple" ns0:href="../440/22440.xml">october</link><link ns0:type="simple" ns0:href="../648/34648.xml" /><link ns0:type="simple" ns0:href="../606/55606.xml">haifa</link>nickname rocket ronny<country wordnetid="108544813" confidence="0.9508927676800064"><link ns0:type="simple" ns0:href="../173/9282173.xml">israel</link></country><link ns0:type="simple" ns0:href="../568/10568.xml">football</link><sec><st>career</st><ss1><st>playing career</st><p>rosenthal born raised<link ns0:type="simple" ns0:href="../606/55606.xml">haifa</link><country wordnetid="108544813" confidence="0.9508927676800064"><link ns0:type="simple" ns0:href="../173/9282173.xml">israel</link></country>joined youth team local club<association wordnetid="108049401" confidence="0.8"><club wordnetid="108227214" confidence="0.8"><link ns0:type="simple" ns0:href="../872/319872.xml">maccabi haifa</link></club></association>age promoted senior squad scored coming substitute</p><p><country wordnetid="108544813" confidence="0.9508927676800064"><link ns0:type="simple" ns0:href="../316/9316.xml">english</link></country>coach<physical_entity wordnetid="100001930" confidence="0.8"><person wordnetid="100007846" confidence="0.8"><leader wordnetid="109623038" confidence="0.8"><administrator wordnetid="109770949" confidence="0.8"><causal_agent wordnetid="100007347" confidence="0.8"><head wordnetid="110162991" confidence="0.8"><director wordnetid="110014939" confidence="0.8"><link ns0:type="simple" ns0:href="../555/10425555.xml">jack mansell</link></director></head></causal_agent></administrator></leader></person></physical_entity>release rosenthal free transfer assumed will player weakest link team club president<physical_entity wordnetid="100001930" confidence="0.8"><person wordnetid="100007846" confidence="0.8"><player wordnetid="110439851" confidence="0.8"><contestant wordnetid="109613191" confidence="0.8"><preserver wordnetid="110466918" confidence="0.8"><executive wordnetid="110069645" confidence="0.8"><football_player wordnetid="110101634" confidence="0.8"><administrator wordnetid="109770949" confidence="0.8"><leader wordnetid="109623038" confidence="0.8"><causal_agent wordnetid="100007347" confidence="0.8"><defender wordnetid="109614684" confidence="0.8"><head wordnetid="110162991" confidence="0.8"><athlete wordnetid="109820263" confidence="0.8"><link ns0:type="simple" ns0:href="../864/8905864.xml">yochanan vollach</link></athlete></head></defender></causal_agent></leader></administrator></football_player></executive></preserver></contestant></player></person></physical_entity>believed rosenthals potential intervened stating price</p><p><link ns0:type="simple" ns0:href="../188/10426188.xml">shlomo sharf</link>hired manager season sharf rosenthal threeman strikeforce team won consecutive league championships total rosenthal scored goals haifa</p><p>rosenthal moved<link ns0:type="simple" ns0:href="../623/563623.xml">club brugge</link><country wordnetid="108544813" confidence="0.9508927676800064"><link ns0:type="simple" ns0:href="../343/3343.xml">belgium</link></country>season transfer fee<link ns0:type="simple" ns0:href="../563/2308563.xml" />season brugge team thay won<link ns0:type="simple" ns0:href="../677/1430677.xml">belgian league</link>reached<tournament wordnetid="107464725" confidence="0.9508927676800064"><link ns0:type="simple" ns0:href="../175/232175.xml">uefa cup</link></tournament>semifinals</p><p>rosenthal moved<link>standard lige</link>exchange deal whilst lige loaned<system wordnetid="108435388" confidence="0.8"><economy wordnetid="108366753" confidence="0.8"><group wordnetid="100031264" confidence="0.8"><link ns0:type="simple" ns0:href="../532/14532.xml">italian</link></group></economy></system>side<club wordnetid="108227214" confidence="0.9508927676800064"><link ns0:type="simple" ns0:href="../877/149877.xml">udinese</link></club>midst season allowed trial english side<association wordnetid="108049401" confidence="0.8"><club wordnetid="108227214" confidence="0.8"><link ns0:type="simple" ns0:href="../367/18367.xml">luton town</link></club></association>whilst spotted<club wordnetid="108227214" confidence="0.9508927676800064"><link ns0:type="simple" ns0:href="../119/18119.xml">liverpool</link></club>signed loan<link ns0:type="simple" ns0:href="../211/20211.xml">march</link>season</p><p>rosenthal debut minute<link ns0:type="simple" ns0:href="../587/20587.xml">march</link><link ns0:type="simple" ns0:href="../635/34635.xml" />league win<association wordnetid="108049401" confidence="0.8"><club wordnetid="108227214" confidence="0.8"><link ns0:type="simple" ns0:href="../576/81576.xml">southampton</link></club></association><stadium wordnetid="104295881" confidence="0.9508927676800064"><link ns0:type="simple" ns0:href="../253/178253.xml">anfield</link></stadium><link ns0:type="simple" ns0:href="../ury/24th_century.xml">april</link>scored<link ns0:type="simple" ns0:href="../541/411541.xml">hattrick</link>full debut win<association wordnetid="108049401" confidence="0.8"><club wordnetid="108227214" confidence="0.8"><link ns0:type="simple" ns0:href="../720/6720.xml">charlton athletic</link></club></association><stadium wordnetid="104295881" confidence="0.9508927676800064"><link ns0:type="simple" ns0:href="../449/679449.xml">selhurst park</link></stadium>liverpool win<event wordnetid="100029378" confidence="0.8"><social_event wordnetid="107288639" confidence="0.8"><contest wordnetid="107456188" confidence="0.8"><psychological_feature wordnetid="100023100" confidence="0.8"><link ns0:type="simple" ns0:href="../378/563378.xml">division</link></psychological_feature></contest></social_event></event>championship season rosenthal scoring goals final matches</p><p><link ns0:type="simple" ns0:href="../842/15842.xml">june</link><link ns0:type="simple" ns0:href="../635/34635.xml" />rosenthal signed permanently liverpool fee impact club making appearances bench clubs top reserve team goalscorer<link ns0:type="simple" ns0:href="../094/4040094.xml" />season goals appearances<club wordnetid="108227214" confidence="0.9508927676800064"><link ns0:type="simple" ns0:href="../173/42173.xml">aston villa</link></club><link ns0:type="simple" ns0:href="../801/3395801.xml" />hit crossbar open goal ten yards achieving cult status rosenthal played times club scoring goals poll<link>players shook kop</link></p><p>rosenthal moved<club wordnetid="108227214" confidence="0.9508927676800064"><link ns0:type="simple" ns0:href="../198/68198.xml">tottenham hotspur</link></club><link ns0:type="simple" ns0:href="../791/15791.xml">january</link><link ns0:type="simple" ns0:href="../337/18948337.xml" />fee spurs debut<link ns0:type="simple" ns0:href="../814/15814.xml">january</link><link ns0:type="simple" ns0:href="../337/18948337.xml" /><event wordnetid="100029378" confidence="0.8"><social_event wordnetid="107288639" confidence="0.8"><contest wordnetid="107456188" confidence="0.8"><psychological_feature wordnetid="100023100" confidence="0.8"><link ns0:type="simple" ns0:href="../237/11237.xml">cup</link></psychological_feature></contest></social_event></event>defeat<association wordnetid="108049401" confidence="0.8"><club wordnetid="108227214" confidence="0.8"><link ns0:type="simple" ns0:href="../843/352843.xml">ipswich town</link></club></association><stadium wordnetid="104295881" confidence="0.9508927676800064"><link ns0:type="simple" ns0:href="../681/1338681.xml">portman road</link></stadium><link ns0:type="simple" ns0:href="../119/11119.xml">february</link>scored league debut twentyyard header defeat<association wordnetid="108049401" confidence="0.8"><club wordnetid="108227214" confidence="0.8"><team wordnetid="108208560" confidence="0.8"><link ns0:type="simple" ns0:href="../538/177538.xml">sheffield wednesday</link></team></club></association><link ns0:type="simple" ns0:href="../102/3485102.xml" />season rosenthal instrumental victory<association wordnetid="108049401" confidence="0.8"><club wordnetid="108227214" confidence="0.8"><link ns0:type="simple" ns0:href="../576/81576.xml">southampton</link></club></association><event wordnetid="100029378" confidence="0.8"><social_event wordnetid="107288639" confidence="0.8"><contest wordnetid="107456188" confidence="0.8"><psychological_feature wordnetid="100023100" confidence="0.8"><link ns0:type="simple" ns0:href="../237/11237.xml">cup</link></psychological_feature></contest></social_event></event>round replay losing halftime rosenthal scored hattrick appearances spurs scoring goals</p><p><link ns0:type="simple" ns0:href="../ury/24th_century.xml">august</link><link ns0:type="simple" ns0:href="../601/34601.xml" />rosenthal signed<club wordnetid="108227214" confidence="0.9508927676800064"><link ns0:type="simple" ns0:href="../099/85099.xml">watford</link></club>free transfer helped watford win<event wordnetid="100029378" confidence="0.8"><social_event wordnetid="107288639" confidence="0.8"><contest wordnetid="107456188" confidence="0.8"><psychological_feature wordnetid="100023100" confidence="0.8"><link ns0:type="simple" ns0:href="../379/563379.xml">second division</link></psychological_feature></contest></social_event></event>championship scoring goal season<association wordnetid="108049401" confidence="0.8"><club wordnetid="108227214" confidence="0.8"><link ns0:type="simple" ns0:href="../357/245357.xml">blackpool</link></club></association><ref ns0:type="simple" ns0:href="#xpointer(//reflist/entry[@id=%221%22])" />suffered injuries<link ns0:type="simple" ns0:href="../460/4096460.xml" />season playing matches retired season making appearances watford scoring goals total scored goals european football</p></ss1><ss1><st>international career</st><p>rosenthal caps<team wordnetid="108208560" confidence="0.9508927676800064"><link ns0:type="simple" ns0:href="../536/769536.xml">israel</link></team>starting scoring goals selected junior side making maccabi haifa debut full debut whilst club</p><p>international career involved match versus<team wordnetid="108208560" confidence="0.9508927676800064"><link ns0:type="simple" ns0:href="../197/250197.xml">france</link></team>stopped france qualifying<contest wordnetid="107456188" confidence="0.9508927676800064"><link ns0:type="simple" ns0:href="../793/147793.xml">cup</link></contest>israel won paris rosenthal assisting goals individual goal<team wordnetid="108208560" confidence="0.9508927676800064"><link ns0:type="simple" ns0:href="../906/655906.xml">azerbaijan</link></team>ball israeli penalty area voted millennium goal israeli public</p></ss1><ss1><st>postplaying career</st><p>rosenthal works football consultant family live<country wordnetid="108544813" confidence="0.9508927676800064"><link ns0:type="simple" ns0:href="../316/9316.xml">england</link></country>married woman<country wordnetid="108544813" confidence="0.9508927676800064"><link ns0:type="simple" ns0:href="../343/3343.xml">belgium</link></country>sons born<country wordnetid="108544813" confidence="0.9508927676800064"><link ns0:type="simple" ns0:href="../316/9316.xml">england</link></country>sons midfielder enrolled club watfords academy<ref ns0:type="simple" ns0:href="#xpointer(//reflist/entry[@id=%222%22])" /></p></ss1></sec><sec><st>honours</st><p><list><entry level="1" type="bullet"><association wordnetid="108049401" confidence="0.8"><event wordnetid="100029378" confidence="0.8"><social_event wordnetid="107288639" confidence="0.8"><contest wordnetid="107456188" confidence="0.8"><league wordnetid="108231184" confidence="0.8"><psychological_feature wordnetid="100023100" confidence="0.8"><link ns0:type="simple" ns0:href="../668/5833668.xml">israeli premier division</link></psychological_feature></league></contest></social_event></event></association>champions maccabi haifa</entry><entry level="1" type="bullet"><link ns0:type="simple" ns0:href="../677/1430677.xml">belgian premier division</link>champions club brugge</entry><entry level="1" type="bullet"><event wordnetid="100029378" confidence="0.8"><social_event wordnetid="107288639" confidence="0.8"><contest wordnetid="107456188" confidence="0.8"><psychological_feature wordnetid="100023100" confidence="0.8"><link ns0:type="simple" ns0:href="../378/563378.xml">football league division</link></psychological_feature></contest></social_event></event>champions<link ns0:type="simple" ns0:href="../857/4039857.xml" />liverpool</entry><entry level="1" type="bullet"><event wordnetid="100029378" confidence="0.8"><social_event wordnetid="107288639" confidence="0.8"><contest wordnetid="107456188" confidence="0.8"><psychological_feature wordnetid="100023100" confidence="0.8"><link ns0:type="simple" ns0:href="../379/563379.xml">football league second division</link></psychological_feature></contest></social_event></event>champions<link ns0:type="simple" ns0:href="../290/4086290.xml" />watford</entry></list></p></sec><sec><st>references</st><p><reflist><entry id="1"><weblink ns0:type="simple" ns0:href="http://www.bsad.org/gone/ronny.html">forgotten ronnie rosenthal</weblink></entry><entry id="2"><weblink ns0:type="simple" ns0:href="http://sport.guardian.co.uk/smalltalk/story/0,,2211713,00.html">small talk ronnie rosenthal</weblink></entry></reflist></p></sec><sec><st>external links</st><p><list><entry level="1" type="bullet"><weblink ns0:type="simple" ns0:href="http://www.soccerbase.com/players_details.sd?playerid=6887">ronny rosenthal career stats</weblink><link ns0:type="simple" ns0:href="../964/1571964.xml">soccerbase</link></entry><entry level="1" type="bullet"><weblink ns0:type="simple" ns0:href="http://www.liverpoolfc.tv/team/past_players/players/rosenthal/">ronny rosenthals official liverpool web site</weblink></entry><entry level="1" type="bullet"><weblink ns0:type="simple" ns0:href="http://sporting-heroes.net/football-heroes/searchresults.asp?ButtonLeap=0 countryLinkDescription=+matching+search+results FootballHeroName=ronny+rosenthal FootballHeroClubCountry= FootballHeroDecade=Select+One SearchButton=Search">ronny rosenthals sportingheroesnet</weblink></entry></list></p><p><table id="persondata" class="persondata"><header colspan="2" /><row><col class="persondata-label" /><col>rosenthal ronny</col></row><row><col class="persondata-label">alternative names</col></row><row><col class="persondata-label">short description</col><col>footballer</col></row><row><col class="persondata-label">birth</col><col><link ns0:type="simple" ns0:href="../440/22440.xml">october</link><link ns0:type="simple" ns0:href="../648/34648.xml" /></col></row><row><col class="persondata-label">place birth</col><col><link ns0:type="simple" ns0:href="../606/55606.xml">haifa</link><country wordnetid="108544813" confidence="0.9508927676800064"><link ns0:type="simple" ns0:href="../173/9282173.xml">israel</link></country></col></row><row><col class="persondata-label">death</col></row><row><col class="persondata-label">place death</col></row></table></p></sec></bdy></entity></player></person></football_player></article>