<article xmlns:ns0="http://www.w3.org/1999/xlink"><header><title /><id /><revision><id /><timestamp /><contributor><username>discospinster</username><id /></contributor></revision><categories><category>disambiguation</category><category>disambiguation</category></categories></header><bdy><image location="none" width="50px" src="Wiktionary-logo-en.svg"><caption>wiktionary</caption></image><web_site wordnetid="106359193" confidence="0.9508927676800064"><link ns0:type="simple" ns0:href="../658/156658.xml">wiktionary</link></web_site>free dictionary<p>refer<list><entry level="1" type="bullet"><link ns0:type="simple" ns0:href="../389/3556389.xml#xpointer(//*[./st=%22I%22])" />abbreviation latin est meaning</entry></list></p><sec><st>computing</st><p><list><entry level="1" type="bullet"><link ns0:type="simple" ns0:href="../220/455220.xml">information engineering</link></entry><entry level="1" type="bullet"><software wordnetid="106566077" confidence="0.9508927676800064"><link ns0:type="simple" ns0:href="../215/15215.xml">internet explorer</link></software>web browser microsoft</entry><entry level="1" type="bullet"><artifact wordnetid="100021939" confidence="0.8"><instrumentality wordnetid="103575240" confidence="0.8"><device wordnetid="103183080" confidence="0.8"><link ns0:type="simple" ns0:href="../363/10479363.xml">intellimouse explorer</link></device></instrumentality></artifact>computer mice designed microsoft</entry><entry level="1" type="bullet"><software wordnetid="106566077" confidence="0.9508927676800064"><link ns0:type="simple" ns0:href="../471/797471.xml">infinity engine</link></software>game engine baldurs gate</entry><entry level="1" type="bullet"><sphere wordnetid="114514039" confidence="0.9508927676800064"><link ns0:type="simple" ns0:href="../050/960050.xml" /></sphere>irish top level cctld</entry></list></p></sec><sec><st>transport</st><p><list><entry level="1" type="bullet"><link>iarnrd ireann</link>irish rail</entry><entry level="1" type="bullet"><airline wordnetid="102690081" confidence="0.9508927676800064"><link ns0:type="simple" ns0:href="../689/169689.xml">solomon airlines</link></airline>iata airline designator</entry></list></p></sec><sec><st>artsentertainment</st><p><list><entry level="1" type="bullet"><musical_organization wordnetid="108246613" confidence="0.8"><group wordnetid="100031264" confidence="0.8"><link ns0:type="simple" ns0:href="../018/391018.xml">iced earth</link></group></musical_organization>power metal band united</entry><entry level="1" type="bullet"><physical_entity wordnetid="100001930" confidence="0.8"><comedian wordnetid="109940146" confidence="0.8"><person wordnetid="100007846" confidence="0.8"><performer wordnetid="110415638" confidence="0.8"><causal_agent wordnetid="100007347" confidence="0.8"><entertainer wordnetid="109616922" confidence="0.8"><link ns0:type="simple" ns0:href="../667/2330667.xml">improv</link></entertainer></causal_agent></performer></person></comedian></physical_entity>comedy group</entry></list></p></sec><sec><st>places</st><p><list><entry level="1" type="bullet"><area wordnetid="108497294" confidence="0.9508927676800064"><link ns0:type="simple" ns0:href="../364/220364.xml">inland empire california</link></area>united</entry><entry level="1" type="bullet"><region wordnetid="108630985" confidence="0.8"><village wordnetid="108672738" confidence="0.8"><location wordnetid="100027167" confidence="0.8"><settlement wordnetid="108672562" confidence="0.8"><geographical_area wordnetid="108574314" confidence="0.8"><link ns0:type="simple" ns0:href="../349/451349.xml">okinawa</link></geographical_area></settlement></location></village></region>japan</entry><entry level="1" type="bullet">west frisian dutch village<village wordnetid="108672738" confidence="0.9508927676800064"><link ns0:type="simple" ns0:href="../368/7160368.xml">dongeradeel</link></village></entry></list></p></sec><sec><st>science engineering</st><p><list><entry level="1" type="bullet"><link ns0:type="simple" ns0:href="../898/223898.xml">industrial ecology</link>study sustainable industrial systems</entry><entry level="1" type="bullet"><link ns0:type="simple" ns0:href="../701/195701.xml">industrial engineering</link>engineering discipline concerns development improvement implementation evaluation integrated systems people knowledge equipment energy material process</entry><entry level="1" type="bullet"><link ns0:type="simple" ns0:href="../103/9277103.xml">information element</link>networks abbreviation</entry><entry level="1" type="bullet"><link ns0:type="simple" ns0:href="../220/455220.xml">information engineering</link>approach designing developing information systems</entry><entry level="1" type="bullet"><link ns0:type="simple" ns0:href="../162/383162.xml">information extraction</link>type information retrieval goal automatically extract structured semistructured information unstructured machinereadable documents</entry><entry level="1" type="bullet"><institute wordnetid="108407330" confidence="0.8"><association wordnetid="108049401" confidence="0.8"><link ns0:type="simple" ns0:href="../212/7651212.xml">institute energy</link></association></institute>european union</entry><entry level="1" type="bullet">ionization energy energy required strip atom molecule electron<link ns0:type="simple" ns0:href="../613/59613.xml">ionization potential</link></entry></list></p></sec><sec><st>language culture</st><p><list><entry level="1" type="bullet"><link ns0:type="simple" ns0:href="../235/5595235.xml">digraph</link></entry><entry level="1" type="bullet"><link ns0:type="simple" ns0:href="../996/14996.xml">international english</link>concept english language global communication</entry><entry level="1" type="bullet"><link ns0:type="simple" ns0:href="../540/14540.xml">indoeuropean disambiguation</link></entry><entry level="2" type="bullet"><class wordnetid="107997703" confidence="0.9508927676800064"><link ns0:type="simple" ns0:href="../848/14848.xml">indoeuropean languages</link></class></entry><entry level="2" type="bullet"><link ns0:type="simple" ns0:href="../540/14540.xml">indoeuropean people</link></entry><entry level="2" type="bullet"><link ns0:type="simple" ns0:href="../796/931796.xml">indoeuropean studies</link></entry><entry level="1" type="bullet"><link ns0:type="simple" ns0:href="../206/360206.xml">japanese family system</link>classical japanese family system</entry><entry level="1" type="bullet"><link ns0:type="simple" ns0:href="../823/7046823.xml">trading houses</link>japanese cottage industry</entry><entry level="1" type="bullet"><link ns0:type="simple" ns0:href="../892/505892.xml" /><language wordnetid="106282651" confidence="0.8"><link ns0:type="simple" ns0:href="../916/8569916.xml">english</link></language>diminutive suffix</entry><entry level="1" type="bullet"><sphere wordnetid="114514039" confidence="0.9508927676800064"><link ns0:type="simple" ns0:href="../050/960050.xml" /></sphere><link ns0:type="simple" ns0:href="../473/228473.xml">iso standards</link></entry><entry level="2" type="bullet">interlingue originally<language wordnetid="106282651" confidence="0.9508927676800064"><link ns0:type="simple" ns0:href="../761/22761.xml">occidental language</link></language><link ns0:type="simple" ns0:href="../835/307835.xml">iso</link></entry><entry level="2" type="bullet"><country wordnetid="108544813" confidence="0.9508927676800064"><link ns0:type="simple" ns0:href="../560/14560.xml">republic ireland</link></country><written_communication wordnetid="106349220" confidence="0.8"><code wordnetid="106667317" confidence="0.8"><link ns0:type="simple" ns0:href="../179/223179.xml">iso alpha</link></code></written_communication></entry><entry level="1" type="bullet">spelling guideline english language<link ns0:type="simple" ns0:href="../491/838491.xml" /></entry></list></p><p><table style="background:none"><row><col style="vertical-align:middle;"><image width="30px" src="Disambig_gray.svg" /></col><col style="vertical-align:middle;">lists articles associated title<weblink ns0:type="simple" ns0:href="http://localhost:18088/wiki/index.php?title=Special:Whatlinkshere/Ie namespace=0">internal link</weblink>led change link point directly intended article</col></row></table></p></sec></bdy></article>