<article xmlns:ns0="http://www.w3.org/1999/xlink"><header><title>applix</title><id /><revision><id /><timestamp /><contributor><username>cmdrobot</username><id /></contributor></revision><categories><category>microcomputers</category></categories></header><bdy><image location="right" width="265px" src="Applix-1616-logo.png" /><p>applix kit<link ns0:type="simple" ns0:href="../457/7878457.xml">computer</link><chip wordnetid="103020034" confidence="0.8"><artifact wordnetid="100021939" confidence="0.8"><instrumentality wordnetid="103575240" confidence="0.8"><microprocessor wordnetid="103760310" confidence="0.8"><conductor wordnetid="103088707" confidence="0.8"><device wordnetid="103183080" confidence="0.8"><semiconductor_device wordnetid="104171831" confidence="0.8"><link ns0:type="simple" ns0:href="../270/20270.xml">motorola</link></semiconductor_device></device></conductor></microprocessor></instrumentality></artifact></chip><link ns0:type="simple" ns0:href="../218/5218.xml">cpu</link>produced small company called applix<link ns0:type="simple" ns0:href="../862/27862.xml">sydney australia</link>early custom<link ns0:type="simple" ns0:href="../857/6857.xml">multitasking</link><link ns0:type="simple" ns0:href="../751/39751.xml">multiuser</link><link ns0:type="simple" ns0:href="../194/22194.xml">operating system</link>resident<link ns0:type="simple" ns0:href="../934/18934934.xml">rom</link>version<link ns0:type="simple" ns0:href="../977/18977.xml">minix</link>ported<link ns0:type="simple" ns0:href="../377/6056377.xml">mgr window system</link><person wordnetid="100007846" confidence="0.9508927676800064"><programmer wordnetid="110481268" confidence="0.9173553029164789"><link ns0:type="simple" ns0:href="../940/384940.xml">andrew morton</link></programmer></person>designer founders applix maintainer version<software wordnetid="106566077" confidence="0.9508927676800064"><link ns0:type="simple" ns0:href="../510/18510.xml">linux kernel</link></software></p><sec><st>history</st><p>paul berger andrew morton formed australian company applix<link ns0:type="simple" ns0:href="../278/1988278.xml">pty</link>sell<link />card developed<computer wordnetid="103082979" confidence="0.8"><artifact wordnetid="100021939" confidence="0.8"><instrumentality wordnetid="103575240" confidence="0.8"><device wordnetid="103183080" confidence="0.8"><machine wordnetid="103699975" confidence="0.8"><link ns0:type="simple" ns0:href="../275/255275.xml">apple iic</link></machine></device></instrumentality></artifact></computer>allowed<O wordnetid="106832680" confidence="0.9508927676800064"><link ns0:type="simple" ns0:href="../146/45146.xml">cpm</link></O>product commercial success paul proposed develop<chip wordnetid="103020034" confidence="0.8"><artifact wordnetid="100021939" confidence="0.8"><instrumentality wordnetid="103575240" confidence="0.8"><microprocessor wordnetid="103760310" confidence="0.8"><conductor wordnetid="103088707" confidence="0.8"><device wordnetid="103183080" confidence="0.8"><semiconductor_device wordnetid="104171831" confidence="0.8"><link ns0:type="simple" ns0:href="../270/20270.xml">motorola</link></semiconductor_device></device></conductor></microprocessor></instrumentality></artifact></chip>based personal computer sale kit form</p><p>project presented jon fairall editor australia zealand electronics magazine<link>electronics today international</link>december construction articles published project series concluding june october november disk controller card published project</p><p>decade sold<ref ns0:type="simple" ns0:href="#xpointer(//reflist/entry[@id=%221%22])" /></p><p>applix pty north american company produced<link>applixware</link></p></sec><sec><st>hardware</st><ss1><st>main board</st><p>main board<list><entry level="1" type="bullet"><chip wordnetid="103020034" confidence="0.8"><artifact wordnetid="100021939" confidence="0.8"><instrumentality wordnetid="103575240" confidence="0.8"><microprocessor wordnetid="103760310" confidence="0.8"><conductor wordnetid="103088707" confidence="0.8"><device wordnetid="103183080" confidence="0.8"><semiconductor_device wordnetid="104171831" confidence="0.8"><link ns0:type="simple" ns0:href="../270/20270.xml">motorola</link></semiconductor_device></device></conductor></microprocessor></instrumentality></artifact></chip>running mhz<link ns0:type="simple" ns0:href="../863/38863.xml" />running mhz</entry><entry level="1" type="bullet"><link ns0:type="simple" ns0:href="../755/149755.xml">kibibyte</link><link ns0:type="simple" ns0:href="../567/74567.xml">dynamic ram</link></entry><entry level="1" type="bullet"><link ns0:type="simple" ns0:href="../755/149755.xml">kibibyte</link><link ns0:type="simple" ns0:href="../755/149755.xml">kibibyte</link><link ns0:type="simple" ns0:href="../934/18934934.xml">rom</link></entry><entry level="1" type="bullet">board<message wordnetid="106598915" confidence="0.8"><information wordnetid="106634376" confidence="0.8"><structure wordnetid="104341686" confidence="0.8"><artifact wordnetid="100021939" confidence="0.8"><format wordnetid="106636806" confidence="0.8"><link ns0:type="simple" ns0:href="../742/25742.xml">bit mapped</link></format></artifact></structure></information></message>colour graphics text mode timing provided<bit wordnetid="109222051" confidence="0.8"><artifact wordnetid="100021939" confidence="0.8"><merchandise wordnetid="103748886" confidence="0.8"><commodity wordnetid="103076708" confidence="0.8"><part wordnetid="109385911" confidence="0.8"><fragment wordnetid="109285254" confidence="0.8"><link ns0:type="simple" ns0:href="../665/1109665.xml">motorola</link></fragment></part></commodity></merchandise></artifact></bit>crt controller video produce colours palette colours modification providing monochrome mode frame buffer resided system memory video refresh provided dram refresh cycles video output drive cga ega mga multisync monitors</entry><entry level="1" type="bullet">dual<link ns0:type="simple" ns0:href="../023/26023.xml" /><link ns0:type="simple" ns0:href="../359/77359.xml">serial ports</link><link>zilog</link></entry><entry level="1" type="bullet"><link ns0:type="simple" ns0:href="../616/100616.xml">parallel port</link>centronicstype printers general purpose provided<link>rockwell</link>versatile interface adaptor source timer interrupts</entry><entry level="1" type="bullet">channel analogaudio output bit<link ns0:type="simple" ns0:href="../943/92943.xml">dac</link>multiplexor</entry><entry level="1" type="bullet">software audioanalogue input<link ns0:type="simple" ns0:href="../943/92943.xml">dac</link>comparator</entry><entry level="1" type="bullet">pcxt keyboard interface</entry></list></p><p>main board pin<link ns0:type="simple" ns0:href="../022/75022.xml">expansion slot</link>shared<link ns0:type="simple" ns0:href="../352/4352.xml">backplane</link>platform developed andrew morton keno computer systems allowing expansion boards developed keno computer systems platform graphics coprocessor formfactor left kcs cards sticking top case</p></ss1><ss1><st>disk controller card</st><p>disk controller card<list><entry level="1" type="bullet"><link ns0:type="simple" ns0:href="../461/34461.xml">zilog</link><link ns0:type="simple" ns0:href="../831/2172831.xml">processor</link>running mhz</entry><entry level="1" type="bullet"><link ns0:type="simple" ns0:href="../755/149755.xml">kibibyte</link><link ns0:type="simple" ns0:href="../934/18934934.xml">rom</link></entry><entry level="1" type="bullet"><link ns0:type="simple" ns0:href="../755/149755.xml">kibibyte</link><link ns0:type="simple" ns0:href="../915/63915.xml">static ram</link></entry><entry level="1" type="bullet"><link /><link ns0:type="simple" ns0:href="../891/10891.xml">floppy disk</link>controller</entry><entry level="1" type="bullet">dual<link ns0:type="simple" ns0:href="../023/26023.xml" /><link ns0:type="simple" ns0:href="../359/77359.xml">serial ports</link><link>zilog</link></entry><entry level="1" type="bullet"><link ns0:type="simple" ns0:href="../285/3645285.xml">ncr</link><link ns0:type="simple" ns0:href="../313/28313.xml">scsi</link>controller</entry></list></p><p>coprocessor<link>zrdos</link><O wordnetid="106832680" confidence="0.9508927676800064"><link ns0:type="simple" ns0:href="../146/45146.xml">cpm</link></O>clone smart disk controller</p></ss1><ss1><st>memory expansion card</st><p>memory card<list><entry level="1" type="bullet">accepts<link ns0:type="simple" ns0:href="../727/60727.xml">mebibyte</link><link ns0:type="simple" ns0:href="../567/74567.xml">dynamic ram</link>mebibyte increments</entry><entry level="1" type="bullet">optional<link ns0:type="simple" ns0:href="../112/177112.xml">memory management unit</link>implemented fast<link ns0:type="simple" ns0:href="../915/63915.xml">static ram</link><arrangement wordnetid="107938773" confidence="0.8"><group wordnetid="100031264" confidence="0.8"><array wordnetid="107939382" confidence="0.8"><link ns0:type="simple" ns0:href="../693/578693.xml">pals</link></array></group></arrangement></entry><entry level="1" type="bullet"><link ns0:type="simple" ns0:href="../285/3645285.xml">ncr</link><link ns0:type="simple" ns0:href="../313/28313.xml">scsi</link>hard disk interface scsi controller mapped address space considerably faster coprocessor card</entry></list></p></ss1><ss1><st>graphics coprocessor card</st><p><link ns0:type="simple" ns0:href="../740/3882740.xml">tms</link>card developed andrew morton<link>keno computer systems</link>bitaddressable<link ns0:type="simple" ns0:href="../214/390214.xml">graphics processor</link>instructions twodimensional graphics primitives arbitrary width arithmetic operations pixel data</p></ss1><ss1><st>user developed cards</st><p><list><entry level="1" type="bullet">graham redwood developed<link ns0:type="simple" ns0:href="../499/9499.xml">ethernet</link>card<link ns0:type="simple" ns0:href="../897/65897.xml">wirewrap</link><link>speedwire</link>prototype</entry><entry level="1" type="bullet">philip hutchison developed<chip wordnetid="103020034" confidence="0.8"><artifact wordnetid="100021939" confidence="0.8"><instrumentality wordnetid="103575240" confidence="0.8"><microprocessor wordnetid="103760310" confidence="0.8"><conductor wordnetid="103088707" confidence="0.8"><device wordnetid="103183080" confidence="0.8"><semiconductor_device wordnetid="104171831" confidence="0.8"><link ns0:type="simple" ns0:href="../322/20322.xml">motorola</link></semiconductor_device></device></conductor></microprocessor></instrumentality></artifact></chip><link ns0:type="simple" ns0:href="../193/378193.xml">coprocessor</link>card small working double sided<link ns0:type="simple" ns0:href="../910/65910.xml">pcbs</link></entry></list></p><p>oneoff interface cards developed specific projects including numerically controlled sheet metal spinning machine controller<link ns0:type="simple" ns0:href="../858/87858.xml">transputer</link>card eeprom programmers</p></ss1></sec><sec><st>operating systems</st><ss1><st /><p>initially powerful monitor commands dumping modifying memory loading saving tape built macro assembler full screen editor time operating system gained hierarchical<link ns0:type="simple" ns0:href="../280/1010280.xml">file system</link><link ns0:type="simple" ns0:href="../566/2204566.xml">preemptive multitasking</link>support multiple users access controls memory protection lightweight threads message passing primitives pipes ultimately operating system system calls commands built shell operating system similarity<family wordnetid="108078020" confidence="0.8"><link ns0:type="simple" ns0:href="../642/31642.xml">unix</link></family>porting unix source painless</p></ss1><ss1><st>minix</st><p>colin mccormack ported<link ns0:type="simple" ns0:href="../977/18977.xml">minix</link>worked lack<link ns0:type="simple" ns0:href="../112/177112.xml">memory management unit</link>forking copying bss heap stack child parent processes scheduling mmu ram expansion card developed support colins minix port unclear purpose</p></ss1><ss1><st>zrdos</st><p><link>conal walsh</link>ported<O wordnetid="106832680" confidence="0.9508927676800064"><link ns0:type="simple" ns0:href="../146/45146.xml">cpm</link></O>clone<link>zrdos</link><link />based disk controller card operating mode acted console zrdos suspend connection zrdos programs provided didnt disk</p></ss1><ss1><st>mgr</st><p>strictly operating system mgr windowing system usurped console video keyboard virtual tty devices window mgr port required video hack add higher resolution monochrome video mode replacing<arrangement wordnetid="107938773" confidence="0.8"><group wordnetid="100031264" confidence="0.8"><array wordnetid="107939382" confidence="0.8"><link ns0:type="simple" ns0:href="../693/578693.xml">pal</link></array></group></arrangement>video circuit</p></ss1></sec><sec><st>applications</st><p>unix minix programs ported ports included</p><p><indent level="1">advent arc cal cat chess gnu cmp comm compress conquest cron diff eroff grep head indent<skilled_worker wordnetid="110605985" confidence="0.8"><physical_entity wordnetid="100001930" confidence="0.8"><person wordnetid="100007846" confidence="0.8"><editor wordnetid="110044879" confidence="0.8"><worker wordnetid="109632518" confidence="0.8"><causal_agent wordnetid="100007347" confidence="0.8"><link ns0:type="simple" ns0:href="../202/3727202.xml">microemacs</link></causal_agent></worker></editor></person></physical_entity></skilled_worker>nroff roff sed sort split stevie strings sum tail tar tee ularn uniq wanderer xmodem ymodem zmodem zoo</indent>messaging<link ns0:type="simple" ns0:href="../925/270925.xml">bulletin board</link>systems written including<work wordnetid="100575741" confidence="0.8"><protocol wordnetid="106665108" confidence="0.8"><standard wordnetid="107260623" confidence="0.8"><direction wordnetid="106786629" confidence="0.8"><community wordnetid="108223802" confidence="0.8"><system_of_measurement wordnetid="113577171" confidence="0.8"><message wordnetid="106598915" confidence="0.8"><social_group wordnetid="107950920" confidence="0.8"><event wordnetid="100029378" confidence="0.8"><rule wordnetid="106652242" confidence="0.8"><gathering wordnetid="107975026" confidence="0.8"><service wordnetid="100577525" confidence="0.8"><act wordnetid="100030358" confidence="0.8"><group wordnetid="100031264" confidence="0.8"><psychological_feature wordnetid="100023100" confidence="0.8"><activity wordnetid="100407535" confidence="0.8"><link ns0:type="simple" ns0:href="../994/18588994.xml">usenet</link></activity></psychological_feature></group></act></service></gathering></rule></event></social_group></message></system_of_measurement></community></direction></standard></protocol></work><link ns0:type="simple" ns0:href="../442/11442.xml">fidonet</link>gateways utilities allow safe shelllevel dialup access</p><p>computer languages supported including</p><p><list><entry level="1" type="bullet"><link ns0:type="simple" ns0:href="../015/4015.xml">basic</link></entry><entry level="2" type="bullet"><link ns0:type="simple" ns0:href="../894/86894.xml">tiny basic</link></entry><entry level="1" type="bullet"><programming_language wordnetid="106898352" confidence="0.9508927676800064"><link ns0:type="simple" ns0:href="../021/6021.xml" /></programming_language>hitech<physical_entity wordnetid="100001930" confidence="0.8"><communicator wordnetid="109610660" confidence="0.8"><person wordnetid="100007846" confidence="0.8"><compiler wordnetid="109946957" confidence="0.8"><causal_agent wordnetid="100007347" confidence="0.8"><writer wordnetid="110794014" confidence="0.8"><link ns0:type="simple" ns0:href="../323/12323.xml">gcc</link></writer></causal_agent></compiler></person></communicator></physical_entity></entry><entry level="2" type="bullet">cscript interpreted clike scripting language created andrew morton<link ns0:type="simple" ns0:href="../757/22757.xml">oop</link>features renamed ported unix source free download andrew mortons site</entry><entry level="1" type="bullet"><link ns0:type="simple" ns0:href="../012/11012.xml" /></entry><entry level="1" type="bullet"><programming_language wordnetid="106898352" confidence="0.9508927676800064"><link ns0:type="simple" ns0:href="../016/18016.xml">lisp</link></programming_language></entry><entry level="1" type="bullet"><link ns0:type="simple" ns0:href="../723/19723.xml">mumps</link></entry><entry level="1" type="bullet"><link ns0:type="simple" ns0:href="../368/1368.xml">assembly language</link></entry></list></p><p>collection shareware eventually grew seventeen floppies included innumerable small utilities ported applications environments</p></sec><sec><st>users group</st><p>applix<link ns0:type="simple" ns0:href="../278/1988278.xml">pty</link>started holding informal user group meetings<site wordnetid="108651247" confidence="0.9508927676800064"><link ns0:type="simple" ns0:href="../862/27862.xml">sydney</link></site>store meetings held second saturday month finished well midnight consumption<link ns0:type="simple" ns0:href="../768/24768.xml">pizza</link>users brought latest creations demonstrate share discussion ranged hardware design operating system theory language design politics philosophy</p><p>mortons sold shop meetings moved house<site wordnetid="108651247" confidence="0.9508927676800064"><link ns0:type="simple" ns0:href="../595/5619595.xml">yerrinbool</link></site>southern highlands<body wordnetid="107965085" confidence="0.8"><social_group wordnetid="107950920" confidence="0.8"><colony wordnetid="108374049" confidence="0.8"><group wordnetid="100031264" confidence="0.8"><link ns0:type="simple" ns0:href="../654/21654.xml">nsw</link></group></colony></social_group></body>mortons moved<site wordnetid="108651247" confidence="0.9508927676800064"><link ns0:type="simple" ns0:href="../276/234276.xml">wollongong</link></site>meetings moved escape user group moving nsw mortons moved<village wordnetid="108672738" confidence="0.9508927676800064"><link ns0:type="simple" ns0:href="../445/53445.xml">palo alto california</link></village></p><p>user group meets second saturday month years applix booted older meetings tend midnight pizza consumed moderation</p></sec><sec><st>external links</st><p><list><entry level="1" type="bullet"><weblink ns0:type="simple" ns0:href="http://www.zipworld.com.au/~akpm/1616.html">applix project</weblink>andrew mortons</entry><entry level="1" type="bullet"><weblink ns0:type="simple" ns0:href="http://www.ericlindsay.com/applix/index.htm">applix manuals</weblink></entry></list></p></sec><sec><st>references</st><p><reflist><entry id="1"><weblink ns0:type="simple" ns0:href="http://kerneltrap.org/node/10">kerneltraporg interview andrew morton</weblink></entry></reflist></p></sec></bdy></article>