<article xmlns:ns0="http://www.w3.org/1999/xlink"><header><title>tachypsychia</title><id /><revision><id /><timestamp /><contributor><username>rjfjr</username><id /></contributor></revision><categories><category>psychology</category></categories></header><bdy>tachypsychia neurological condition distorts<link ns0:type="simple" ns0:href="../639/296639.xml">perception time</link>induced<link ns0:type="simple" ns0:href="../037/189037.xml">physical exertion</link><link ns0:type="simple" ns0:href="../887/87887.xml">drug</link><link ns0:type="simple" ns0:href="../091/788091.xml">traumatic event</link>referred<link ns0:type="simple" ns0:href="../501/19501.xml">martial arts</link>instructors defense experts tachy psyche tachypsychia time perceived individual lengthens making events appear slow contracts objects appearing moving speeding blur believed tachypsychia induced combination high levels<link ns0:type="simple" ns0:href="../548/48548.xml">dopamine</link><link ns0:type="simple" ns0:href="../342/9903342.xml">norepinephrine</link>periods great physical stress andor violent confrontation<sec><st>physical responses</st><p>called fight flight response body event mind considers life threatening tachypsychia believed include numerous physical changes</p><ss1><st>adrenaline response</st><p>stimulated fear anger<link ns0:type="simple" ns0:href="../415/471415.xml">adrenal medulla</link>automatically produce hormone epinephrine aka<link ns0:type="simple" ns0:href="../640/15548640.xml">adrenaline</link>directly blood stream effects bodily systems including</p><p><list><entry level="1" type="bullet">increased heart rate blood pressure average persons pulse raise beats minute<link ns0:type="simple" ns0:href="../083/99083.xml">bpm</link>increased<link ns0:type="simple" ns0:href="../942/304942.xml">heart rate</link>bpm<link ns0:type="simple" ns0:href="../319/168319.xml">faint</link>ing body constrict fetal position preparation<link ns0:type="simple" ns0:href="../721/5721.xml">coma</link></entry><entry level="1" type="bullet">dilation<link ns0:type="simple" ns0:href="../449/308449.xml">bronchial passages</link>permitting higher absorption oxygen</entry><entry level="1" type="bullet">dilated pupils allow light enter visual exclusiontunnel visionoccurs allowing greater focus loss peripheral vision</entry><entry level="1" type="bullet">release glucose bloodstream generating extra energy raising<link>blood sugar level</link></entry></list></p><p>common individual experience auditory exclusion enhancement common individuals experience increased pain tolerance loss color vision short term memory loss decreased fine motor skills decreased communication skills decreased coordination</p></ss1><ss1><st>psychological response</st><p>common experience tachypsychia feeling time increased slowed brought increased brain activity epinephrine severe decrease brain activity caused catecholamine washout occurring event</p><p>common individual experiencing tachypsychia serious misinterpretations surrounding events combination altered perception time well transient partial color blindness tunnel vision irregularly high levels adrenaline consumed sympathetic nervous system activation individual display signs symptoms<link ns0:type="simple" ns0:href="../974/82974.xml">posttraumatic stress disorder</link>common person display extreme emotional lability fatigue actual physical exertion</p><p>manage adrenaline dump occurring event common soldiers martial artists tachypsychia order increase performance stressful situations ability presage exploit natural phenomena distinguishing characteristic master skilled amateur inherently stressful professions</p></ss1></sec><sec><st>references</st><p /></sec></bdy></article>