<article xmlns:ns0="http://www.w3.org/1999/xlink"><header><title>computer experiment</title><id /><revision><id /><timestamp /><contributor><username>btyner</username><id /></contributor></revision><categories><category>computational science</category></categories></header><bdy>scientific context computer experiment typically implies phases modelization phase experimentation phase modelization phase replacement traditional<link>mathematical modelization</link>experimentation phase replacement traditional<link ns0:type="simple" ns0:href="../187/15187.xml">vivo</link><link ns0:type="simple" ns0:href="../188/15188.xml">vitro</link>experiements common call experiements<link ns0:type="simple" ns0:href="../450/1035450.xml">silico</link><sec><st>computer simulation building block computer experiment</st><p>computer simulation computer model typically replaces traditional mathematical model mathematical model traditionally solved analytically computer model solved numerically<link ns0:type="simple" ns0:href="../416/375416.xml">computer simulation</link>system typically physical systems analytical solution mathematical model computer simulation find approximate solution typically<link ns0:type="simple" ns0:href="../309/1424309.xml">differential equations</link></p><p>computer experiment computer model inferences underlying system idea computer model takes place experiment phrase<link ns0:type="simple" ns0:href="../450/1035450.xml">silico experiment</link>moment example debate climate change informed evaluations climate simulators running largest computers investigate impact substantial increase atmospheric concentration greenhouse gases carbon dioxide case accumulation simulations initial conditions form experiment</p></sec><sec><st>computer experiments statistics</st><p>computer experiments branch<link ns0:type="simple" ns0:href="../059/1059.xml">applied statistics</link>user account three sources uncertainty models parameters values second models imperfect representations underlying system third data collected system calibrate models imperfectly measured fair practitioners computer experiments statisticians</p></sec><sec><st>history</st><p>computer experiments conducted<site wordnetid="108651247" confidence="0.8"><region wordnetid="108630985" confidence="0.8"><position wordnetid="108621598" confidence="0.8"><center wordnetid="108523483" confidence="0.8"><point wordnetid="108620061" confidence="0.8"><landmark wordnetid="108624891" confidence="0.8"><area wordnetid="108497294" confidence="0.8"><location wordnetid="100027167" confidence="0.8"><tract wordnetid="108673395" confidence="0.8"><geographical_area wordnetid="108574314" confidence="0.8"><link ns0:type="simple" ns0:href="../145/38145.xml">los alamos national laboratory</link></geographical_area></tract></location></area></landmark></point></center></position></region></site>study behaviour nuclear weapons computer models branched large parts physical environmental sciences referred process models medicine computer experiments developed wide range applications standardisation terminology</p></sec><sec><st>preliminary remark</st><p>general guide article learning model parameters data system referred model calibration learning system behaviour system prediction combining model system data predictions system referred calibrated prediction terminology discussed<link ns0:type="simple" ns0:href="#xpointer(//*[./st=%22The+traditional+approach%22])"><list><entry level="1" type="number">traditional approach</entry></list></link></p><ss1><st>constructing simulator</st><p>simulator computer code evaluate outputs simulator correspond directly measurable aspects system understand process creating simulator allows judgements simulators system information difficult combine information simulators extent treat independent sources information<link ns0:type="simple" ns0:href="../416/375416.xml">computer simulation</link></p><p>applications typically three parts simulator model treatment solver write</p><p>simulator model treatment solver</p><p>differences three components rise simulators</p></ss1><ss1><st>model</st><p>subject models large<link ns0:type="simple" ns0:href="../795/3224795.xml">model abstract</link>introduction links starting point<link ns0:type="simple" ns0:href="../590/20590.xml">mathematical model</link>system interest physical sciences model typically describes variables fundamental laws equations variables exist evolve space time</p><p>example suppose interested building ocean model proceed</p><p><list><entry level="1" type="bullet">variables velocity three directions pressure temperature salinity density</entry></list></p><p><list><entry level="1" type="bullet">fundamental laws<link ns0:type="simple" ns0:href="../395/48395.xml">navierstokes equations</link>conservation momentum<link ns0:type="simple" ns0:href="../793/410793.xml">continuity equation</link>conservation mass conservation temperature salinity</entry></list></p><p><list><entry level="1" type="bullet">equations relationship density temperature salinity pressure model formation seaice</entry></list></p><p>variables ocean model expressed continuum space time fundamental laws<link ns0:type="simple" ns0:href="../564/52564.xml">partial differential equation</link>stage simplifications example common treat seawater incompressible equations empirical relationships based laboratory experiments</p><p>lessphysical sciences models tend constructed respect key processes referred compartmental models example supplied physical models example simple model ocean atlantic divide ocean compartments south tropical north deep</p></ss1><ss1><st>treatment</st><p>treatment model applicable instance example model ocean applicable earth period treatment case comprises boundary conditions describe ocean margins topography initial conditions quantify vector velocity pressure location start forcing functions describe external influences oceans period forcings describe events surface ocean temperature winds exchanges freshwater evaporation precipitation historic values forcing inferred data future values today will scenario</p><p>note largescale climate modelling couple ocean model atmosphere model forcing margin ocean atmosphere prescribed inferred moment type coupling bit black art forcing coupled models atmosphere things orbital effects atmospheric concentrations greenhouse gases</p></ss1><ss1><st>solver</st><p>finally solver turns model treatment calculation approximates evolution vector point discretise problem involves replacing continuum lattice discrete points ocean simulator earths surface divided rectangles ocean number layers division typically fixed simulator number cells referred simulators resolution time discretised treat stepsize adjacent timepoints sophisticated manner adapts calculation</p><p>discretisation allows approximate solution model treatment introduces problems necessitate adjustment processes characteristic scales smaller grid cell timestep dont picked simulator behaves vector constant cell timestep socalled subgridscale processes thought large component model solver includes approximation processes impact approximation simulator resolution large</p></ss1><ss1><st>simulator function</st><p>simulator implemented piece computer code evaluated produce collection outputs written file code files read code find numbers required code will typically comprise coefficients underlying model initial conditions forcing functions natural simulator deterministic function maps inputs collection outputs notion extended stochastic simulators inputs seed random number generator</p><p>basis simulator common refer collection inputs simulator output vector quantities large collections values indexed space time space time</p><p>worth noting simulator worthy object inference simulators embody formally informally expertise large sections relevant scientific community interesting objects</p><p><math>fcdot</math>principle practice case simulators comprise tens thousands lines highlevel computer code accessible intuition discussed running code impossible predict exactly outputs will</p><p>view lends<link ns0:type="simple" ns0:href="../526/38526.xml">bayesian</link>analysis<math>fcdot</math>treated random function set simulator runs observations implicitly treats<math>fcdot</math>random function inferences bayesian paradigm</p></ss1></sec><sec><st>sources uncertainty</st><p>sources uncertainty computer experiment discussed turn</p><ss1><st>uncertainty simulator behaviour</st><p>uncertain happen evaluated simulator input evaluation outcome uncertain simulator complicated values simulator cheap evaluate number components small problem evaluate simulator cost find input close evaluation case uncertainty issue simulator expensive evaluate lots components typical uncertain uncertainty large</p></ss1><ss1><st>uncertainty correct simulator input</st><p>reasons uncertain correct simulator input precise measurement applies components analogue system measurable inputs typically include initial conditions starting values vector vector typically quantity analogue system water temperature forcing functions measurable measurable doesnt measurements error</p><p>second components correspond measurable quantity system tuning inputs typically model parameters places model simplified processes completely understood represented flexible nonphysical submodels tuning inputs tend represent general concepts highly aggregated</p><p>example hydrocarbon reservoir common parameterise fault transmissibility nature fault varies microscale level single number gross simplification reasonable treatment faults transmissibility case exactly problems apply rock permeability averaged regions aggregated permeability examples simplifying model lead problems definitions input components uncertainty correct correct correct</p><p>add flexible nonphysical submodels example coupling</p></ss1><ss1><st>uncertainty simulator output system</st><p /></ss1><ss1><st>uncertainty measurements system</st></ss1></sec><sec><st>traditional approach</st></sec><sec><st>probabilistic bayesian approach</st></sec><sec><st>challenges large computer experiments</st></sec><sec><st>reading</st><p><cite id="Reference-Santner-2003" style="font-style:normal" class="book">santner thomas design analysis computer experiments berlin springer isbn</cite></p></sec></bdy></article>