<article xmlns:ns0="http://www.w3.org/1999/xlink"><organization confidence="0.9511911446218017" wordnetid="108008335"><header><title>peace oil</title><id /><revision><id /><timestamp /><contributor><username>cydebot</username><id /></contributor></revision><categories><category>nongovernmental organizations involved israelipalestinian peace process</category></categories></header><bdy>peace oil initiative charities advisory trust<ref ns0:type="simple" ns0:href="#xpointer(//reflist/entry[@id=%221%22])" />ukbased registered charity lead hilary blume<ref ns0:type="simple" ns0:href="#xpointer(//reflist/entry[@id=%222%22])" />supports fundraising charitable organisations charity describes oil produced israel jews arabs druze bedouin working encourages cooperation communities<ref ns0:type="simple" ns0:href="#xpointer(//reflist/entry[@id=%223%22])" />project running oil launched<weblink ns0:type="simple" ns0:href="http://www.doingzionism.org.il/about_us/activity.asp?id=353">israel expo day</weblink>organised<weblink ns0:type="simple" ns0:href="http://www.zionist.org.uk/new/cms/?id=23">zionist federation great britain ireland</weblink>promoted support israels vibrant tradeto difference actual future israel<ref ns0:type="simple" ns0:href="#xpointer(//reflist/entry[@id=%224%22])" /><p>projects web site oil produced<country wordnetid="108544813" confidence="0.9508927676800064"><link ns0:type="simple" ns0:href="../173/9282173.xml">israel</link></country><link ns0:type="simple" ns0:href="../684/6516684.xml">jews</link><link ns0:type="simple" ns0:href="../ury/22nd_century.xml">arabs</link><group wordnetid="100031264" confidence="0.9508927676800064"><link ns0:type="simple" ns0:href="../632/8632.xml">druze</link></group><physical_entity wordnetid="100001930" confidence="0.8"><person wordnetid="100007846" confidence="0.8"><wanderer wordnetid="110765679" confidence="0.8"><traveler wordnetid="109629752" confidence="0.8"><causal_agent wordnetid="100007347" confidence="0.8"><nomad wordnetid="110359759" confidence="0.8"><link ns0:type="simple" ns0:href="../770/61770.xml">bedouin</link></nomad></causal_agent></traveler></wanderer></person></physical_entity>working olives grown foothills<link>carmel mountains</link>pressed hours picking produce prize winning extra virgin<link ns0:type="simple" ns0:href="../478/22478.xml">olive oil</link>charity claims activities promote peace challenged campaigners<weblink ns0:type="simple" ns0:href="http://www.palestinecampaign.org/psc_news.asp?d=y id=202">accuse</weblink>misleadingly attaching peace label israeli product relies continuing injustices suffered<link ns0:type="simple" ns0:href="../267/23267.xml">palestinians</link></p><sec><st>criticism</st><p>critics argue arab workers employed work israeli company promote peaceful resolution israelpalestine conflict black workers employed production south african gold wine diamonds<link ns0:type="simple" ns0:href="../527/2200527.xml">apartheid</link>israeli military occupation<link ns0:type="simple" ns0:href="../209/33209.xml">west bank</link>palestinian olive groves regularly destroyed uprooted farmers denied access land checkpoints discriminatory regulations routinely disrupt palestinian economic life<link ns0:type="simple" ns0:href="../479/22479.xml">olive</link>trees oil central disputes occupied territories<weblink ns0:type="simple" ns0:href="http://www.american.edu/ted/ice/olive-tree.htm">well documented accounts destruction palestinian olive groves</weblink><weblink ns0:type="simple" ns0:href="http://www.haaretz.com/hasen/spages/873850.html">israeli settlers</weblink><weblink ns0:type="simple" ns0:href="http://www.guardian.co.uk/israel/Story/0,2763,473147,00.html">israeli army</weblink></p><p>charities advisory trust asked<ref ns0:type="simple" ns0:href="#xpointer(//reflist/entry[@id=%225%22])" /><ref ns0:type="simple" ns0:href="#xpointer(//reflist/entry[@id=%226%22])" />explain disadvantaged communities benefit enterprise justify claims benefits peace oil suggested oil distraction<weblink ns0:type="simple" ns0:href="http://www.zaytoun.org/">fairly traded oil produced palestinian farmers occupied territories</weblink></p><p>unrelated product marketed usa<weblink ns0:type="simple" ns0:href="http://www.peaceoil.net/">peace oil</weblink>produced palestinian olives marketed cooperation israeli palestinian<link ns0:type="simple" ns0:href="../147/49147.xml">fair trade</link>groups supporters london version olive oil west bank economic assistance needed<ref ns0:type="simple" ns0:href="#xpointer(//reflist/entry[@id=%227%22])" /></p></sec><sec><st>external links</st><p><list><entry level="1" type="bullet"><weblink ns0:type="simple" ns0:href="http://www.peaceoil.org">peace oil website</weblink></entry><entry level="1" type="bullet"><weblink ns0:type="simple" ns0:href="http://www.zaytoun.org/">fairly traded olive oil occupied territories zaytoun</weblink></entry><entry level="1" type="bullet"><weblink ns0:type="simple" ns0:href="http://www.charitiesadvisorytrust.org.uk">charities advisory trust website</weblink></entry><entry level="1" type="bullet"><weblink ns0:type="simple" ns0:href="http://www.american.edu/ted/ice/olive-tree.htm">uprooting olive trees palestine report american university washington</weblink></entry><entry level="1" type="bullet"><weblink ns0:type="simple" ns0:href="http://www.guardian.co.uk/g2/story/0,,2229936,00.html">guardian article charity peace oil best help middle east</weblink></entry><entry level="1" type="bullet"><weblink ns0:type="simple" ns0:href="http://www.palestinecampaign.org/files/newsmagazines/PN_Autumn_Winter_2007.pdf">palestine solidarity campaign newsletter criticism peace oil autumnwinter</weblink></entry></list></p></sec><sec><st>references</st><p><reflist><entry id="1"><weblink ns0:type="simple" ns0:href="http://www.charitiesadvisorytrust.org.uk/">charities advisory trust</weblink></entry><entry id="2"><weblink ns0:type="simple" ns0:href="http://www.guardian.co.uk/society/2004/dec/08/charityfinance.guardiansocietysupplement">guardian article hilary blume founder charities advisory trust keeping faith hilary blume brains good gifts greetings cards raised millions pounds charity care charities alison benjamin finds guardian society wednesday december</weblink></entry><entry id="3"><weblink ns0:type="simple" ns0:href="http://www.peaceoil.org/peaceoil/">peace oil website</weblink></entry><entry id="4"><weblink ns0:type="simple" ns0:href="http://www.somethingjewish.co.uk/articles/2074_israel_expo_day.htm">israel expo day</weblink>jewish november</entry><entry id="5"><weblink ns0:type="simple" ns0:href="http://www.guardian.co.uk/money/2007/dec/01/moneysupplement1">join battle peace oil</weblink>debbie fink<newspaper wordnetid="106267145" confidence="0.9508927676800064"><link ns0:type="simple" ns0:href="../515/19344515.xml">guardian</link></newspaper>december</entry><entry id="6"><weblink ns0:type="simple" ns0:href="http://www.guardian.co.uk/israel/Story/0,,2223925,00.html">war oil named peace</weblink>mark tran guardian december</entry><entry id="7"><weblink ns0:type="simple" ns0:href="http://www.olives101.com/2007/04/01/peace-olive-oil-is-now-available-in-usa/Peace">olive oil usa</weblink>olives olive oil news</entry></reflist></p></sec></bdy></organization></article>