<article xmlns:ns0="http://www.w3.org/1999/xlink"><header><title>greek salad</title><id /><revision><id /><timestamp /><contributor><username /><id /></contributor></revision><categories><category>greek cuisine</category><category>salads</category></categories></header><bdy><image width="150px" src="GreekSalad.jpg" type="thumb"><caption>greek salad additional ingredients</caption></image><p>greek salad<link ns0:type="simple" ns0:href="../887/11887.xml">greek</link>ipa countryvillage salad common component traditional greek meal popular salads summer months<country wordnetid="108544813" confidence="0.9508927676800064"><link ns0:type="simple" ns0:href="../108/12108.xml">greece</link></country><body wordnetid="107965085" confidence="0.8"><system wordnetid="108435388" confidence="0.8"><social_group wordnetid="107950920" confidence="0.8"><political_orientation wordnetid="106212839" confidence="0.8"><colony wordnetid="108374049" confidence="0.8"><economy wordnetid="108366753" confidence="0.8"><group wordnetid="100031264" confidence="0.8"><democracy wordnetid="106217103" confidence="0.8"><link ns0:type="simple" ns0:href="../593/5593.xml">cyprus</link></democracy></group></economy></colony></political_orientation></social_group></system></body>light refreshing easy true greek salad essentially tomato salad sliced chopped<link ns0:type="simple" ns0:href="../234/9940234.xml">tomatoes</link>slices<link ns0:type="simple" ns0:href="../491/164491.xml">cucumber</link><link ns0:type="simple" ns0:href="../808/4955808.xml">red onion</link><link ns0:type="simple" ns0:href="../892/277892.xml">feta</link>cheese kalamata<link ns0:type="simple" ns0:href="../479/22479.xml">olive</link>seasoned<link ns0:type="simple" ns0:href="../200/1605200.xml">salt</link><link ns0:type="simple" ns0:href="../116/150116.xml">black pepper</link><link ns0:type="simple" ns0:href="../266/22266.xml">oregano</link><link ns0:type="simple" ns0:href="../865/346865.xml">basil</link>dressed<link ns0:type="simple" ns0:href="../478/22478.xml">olive oil</link>common additions include<link ns0:type="simple" ns0:href="../940/71940.xml">bell peppers</link><link ns0:type="simple" ns0:href="../317/309317.xml">capers</link><link ns0:type="simple" ns0:href="../741/234741.xml">anchovies</link><link ns0:type="simple" ns0:href="../436/235436.xml">sardines</link><link ns0:type="simple" ns0:href="../079/57079.xml">lettuce</link><link ns0:type="simple" ns0:href="../762/32762.xml">vinegar</link>main ingredient</p><p>lettuce salad called lettuce distinct salad popular autumn spring consisting finely sliced lettuce<link ns0:type="simple" ns0:href="../433/453433.xml">scallion</link>fresh<link ns0:type="simple" ns0:href="../985/7985.xml">dill</link>dressed salt black pepper olive oil<link ns0:type="simple" ns0:href="../762/32762.xml">red wine vinegar</link><link ns0:type="simple" ns0:href="../288/214288.xml">lemon juice</link></p><sec><st>usage</st><p>term greek salad<system wordnetid="108435388" confidence="0.8"><economy wordnetid="108366753" confidence="0.8"><group wordnetid="100031264" confidence="0.8"><link ns0:type="simple" ns0:href="../139/21139.xml">north america</link></group></economy></system><country wordnetid="108544813" confidence="0.9508927676800064"><link ns0:type="simple" ns0:href="../264/4689264.xml">australia</link></country><country wordnetid="108544813" confidence="0.9508927676800064"><link ns0:type="simple" ns0:href="../221/17416221.xml">south africa</link></country><autocracy wordnetid="108361001" confidence="0.8"><system wordnetid="108435388" confidence="0.8"><social_group wordnetid="107950920" confidence="0.8"><political_orientation wordnetid="106212839" confidence="0.8"><monarchy wordnetid="108363812" confidence="0.8"><state wordnetid="108168978" confidence="0.8"><political_unit wordnetid="108359949" confidence="0.8"><political_system wordnetid="108367880" confidence="0.8"><economy wordnetid="108366753" confidence="0.8"><group wordnetid="100031264" confidence="0.8"><democracy wordnetid="106217103" confidence="0.8"><link ns0:type="simple" ns0:href="../717/31717.xml">united kingdom</link></democracy></group></economy></political_system></political_unit></state></monarchy></political_orientation></social_group></system></autocracy>refer lettuce salad greekinspired ingredients dressed<link ns0:type="simple" ns0:href="../762/32762.xml">vinegar</link>oil lettuce tomatoes feta olives standard elements american greek salad cucumbers bell peppers onions<link ns0:type="simple" ns0:href="../497/164497.xml">radish</link>dolmades anchoviessardines pickled hot peppers common detroit michigan area example greek salad includes<link ns0:type="simple" ns0:href="../516/199516.xml">beet</link>simple olive oil vinegar lettuce salad prepared dressings herbs seasonings frequently employed style greek salad rarely encountered greece homes american greeks restaurants cater tourists countries true greek salad encountered called greek term horiatikipronounced hritkior terms country salad peasant salad village salad avoid confusion</p><p>greek salad european countries germany called bauernsalat france salade grecque hungary grg salta spain ensalada griega</p><p>salads called greek english language century including connection greek cuisine example<link ns0:type="simple" ns0:href="../852/19283852.xml" />american<link ns0:type="simple" ns0:href="../845/97845.xml">recipe</link>called<link ns0:type="simple" ns0:href="../933/61933.xml">mayonnaise</link>dressed lettuce salad shredded<link ns0:type="simple" ns0:href="../115/55115.xml">cabbage</link><link ns0:type="simple" ns0:href="../739/5985739.xml">carrots</link>diced smoked<link ns0:type="simple" ns0:href="../890/49890.xml">herring</link>regarenga<ref ns0:type="simple" ns0:href="#xpointer(//reflist/entry[@id=%221%22])" /></p><p>salads<link ns0:type="simple" ns0:href="../486/12486.xml">greek cuisine</link>wide varied region greece salad specific village area common described start meals today greece dining salads<link ns0:type="simple" ns0:href="../486/12486.xml">greek cuisine</link>include cabbage salad slaw<link>lahanosalata</link>dressed olive oil<link ns0:type="simple" ns0:href="../288/214288.xml">lemon juice</link>garlic beetroot salad<link>pantzarosalata</link>sliced beetroots beet greens well dressed olive oil<link ns0:type="simple" ns0:href="../762/32762.xml">red wine vinegar</link>rocket salad<link ns0:type="simple" ns0:href="../422/92422.xml">arugula</link>dressed olive oil<link ns0:type="simple" ns0:href="../762/32762.xml">red wine vinegar</link><link ns0:type="simple" ns0:href="../288/214288.xml">lemon juice</link>include anchovies patata salata potato salad olive oil finely sliced onions lemon juice vinegar<link>revithosalata</link><link ns0:type="simple" ns0:href="../146/57146.xml">chickpea</link>salad maintanouri parsley salad condiment<link>cypriot salad</link>native island<body wordnetid="107965085" confidence="0.8"><system wordnetid="108435388" confidence="0.8"><social_group wordnetid="107950920" confidence="0.8"><political_orientation wordnetid="106212839" confidence="0.8"><colony wordnetid="108374049" confidence="0.8"><economy wordnetid="108366753" confidence="0.8"><group wordnetid="100031264" confidence="0.8"><democracy wordnetid="106217103" confidence="0.8"><link ns0:type="simple" ns0:href="../593/5593.xml">cyprus</link></democracy></group></economy></colony></political_orientation></social_group></system></body>consists finely chopped tomatoes cucumbers onions green bell peppers flatleaf parsley closely resembles greek salad greece</p><p>spreads dips<link ns0:type="simple" ns0:href="../015/351015.xml">meze</link><link ns0:type="simple" ns0:href="../486/12486.xml">greek cuisine</link>affectionately called salad greek<link>melitzanosalata</link>greek eggplant puree includes olive oil red wine vinegar flatleaf parsley garlic regional variations<link ns0:type="simple" ns0:href="../890/1088890.xml">taramosalata</link>greek fish roe mixed lemon juice onions olive oil breadcrumbs mashed potato</p></sec><sec><st /><p><list><entry level="1" type="bullet"><link ns0:type="simple" ns0:href="../486/12486.xml">greek cuisine</link></entry><entry level="1" type="bullet"><link ns0:type="simple" ns0:href="../022/2582022.xml">cuisine cyprus</link></entry><entry level="1" type="bullet"><link ns0:type="simple" ns0:href="../911/3620911.xml">greek food products</link></entry><entry level="1" type="bullet"><link ns0:type="simple" ns0:href="../325/7794325.xml">greek macedonian cuisine</link></entry><entry level="1" type="bullet"><link ns0:type="simple" ns0:href="../015/351015.xml">meze</link></entry></list></p></sec><sec><st>references</st><p><reflist><entry id="1"><person wordnetid="100007846" confidence="0.9508927676800064"><link ns0:type="simple" ns0:href="../690/3090690.xml">barry popik</link></person><weblink ns0:type="simple" ns0:href="http://www.barrypopik.com/index.php/new_york_city/entry/greek_salad/">greek salad</weblink>big apple retrieved<link /></entry></reflist></p></sec><sec><st>external links</st><p><list><entry level="1" type="bullet"><weblink ns0:type="simple" ns0:href="http://www.riceoflife.com/2008/07/recipe-greek-salad-with-feta-and-olives.html">greek salad recipe</weblink></entry></list></p></sec></bdy></article>