<article xmlns:ns0="http://www.w3.org/1999/xlink"><header><title>memo model</title><id /><revision><id /><timestamp /><contributor><username>benjaminevans</username><id /></contributor></revision><categories><category>air dispersion modeling</category><category>winds</category><category>air pollution</category><category>numerical climate weather models</category><category>air dispersion model articles</category><category>environmental engineering</category></categories></header><bdy>memo model version<link ns0:type="simple" ns0:href="../693/5289693.xml">eulerian</link>nonhydrostatic prognostic<link ns0:type="simple" ns0:href="../001/2966001.xml">mesoscale</link>model wind flow simulation developed<university wordnetid="108286163" confidence="0.9508927676800064"><link ns0:type="simple" ns0:href="../160/715160.xml">aristotle university thessaloniki</link></university>collaboration<link>universitt karlsruhe</link>memo model photochemical<link ns0:type="simple" ns0:href="../162/3752162.xml">dispersion model</link>mars core models<link ns0:type="simple" ns0:href="../239/9239.xml">european</link>zooming model ezm model belongs family models designed describing atmospheric transport phenomena localtoregional scale frequently referred mesoscale<link ns0:type="simple" ns0:href="../212/10934212.xml">air pollution</link>models<sec><st>history</st><p>initially ezm developed modelling transport chemical transformation pollutants selected european regions frame eurotrac subproject eumac called eumac zooming model eurotrac ezm evolved frequently applied mesoscale air pollution model systems europe applied european airsheds including<stream wordnetid="109448361" confidence="0.8"><body_of_water wordnetid="109225146" confidence="0.8"><river wordnetid="109411430" confidence="0.8"><link ns0:type="simple" ns0:href="../280/173280.xml">upper rhine</link></river></body_of_water></stream>valley areas<town wordnetid="108665504" confidence="0.9508927676800064"><link ns0:type="simple" ns0:href="../911/4911.xml">basel</link></town><site wordnetid="108651247" confidence="0.9508927676800064"><town wordnetid="108665504" confidence="0.9508927676800064"><link ns0:type="simple" ns0:href="../946/48946.xml">graz</link></town></site><site wordnetid="108651247" confidence="0.8"><region wordnetid="108630985" confidence="0.8"><administrative_district wordnetid="108491826" confidence="0.8"><location wordnetid="100027167" confidence="0.8"><tract wordnetid="108673395" confidence="0.8"><municipality wordnetid="108626283" confidence="0.8"><geographical_area wordnetid="108574314" confidence="0.8"><district wordnetid="108552138" confidence="0.8"><urban_area wordnetid="108675967" confidence="0.8"><city wordnetid="108524735" confidence="0.8"><link ns0:type="simple" ns0:href="../443/4443.xml">barcelona</link></city></urban_area></district></geographical_area></municipality></tract></location></administrative_district></region></site><region wordnetid="108630985" confidence="0.8"><site wordnetid="108651247" confidence="0.8"><administrative_district wordnetid="108491826" confidence="0.8"><location wordnetid="100027167" confidence="0.8"><municipality wordnetid="108626283" confidence="0.8"><capital wordnetid="108518505" confidence="0.8"><city wordnetid="108524735" confidence="0.8"><center wordnetid="108523483" confidence="0.8"><area wordnetid="108497294" confidence="0.8"><seat wordnetid="108647945" confidence="0.8"><tract wordnetid="108673395" confidence="0.8"><geographical_area wordnetid="108574314" confidence="0.8"><district wordnetid="108552138" confidence="0.8"><urban_area wordnetid="108675967" confidence="0.8"><link ns0:type="simple" ns0:href="../091/18091.xml">lisbon</link></urban_area></district></geographical_area></tract></seat></area></center></city></capital></municipality></location></administrative_district></site></region><village wordnetid="108672738" confidence="0.9508927676800064"><link ns0:type="simple" ns0:href="../444/18642444.xml">madrid</link></village><link ns0:type="simple" ns0:href="../511/36511.xml">milano</link><village wordnetid="108672738" confidence="0.9508927676800064"><link ns0:type="simple" ns0:href="../867/17867.xml">london</link></village><link ns0:type="simple" ns0:href="../187/6187.xml">cologne</link><site wordnetid="108651247" confidence="0.9508927676800064"><link ns0:type="simple" ns0:href="../634/8638634.xml">lyon</link></site><village wordnetid="108672738" confidence="0.9508927676800064"><link ns0:type="simple" ns0:href="../269/30269.xml">hague</link></village><region wordnetid="108630985" confidence="0.8"><site wordnetid="108651247" confidence="0.8"><administrative_district wordnetid="108491826" confidence="0.8"><location wordnetid="100027167" confidence="0.8"><municipality wordnetid="108626283" confidence="0.8"><settlement wordnetid="108672562" confidence="0.8"><capital wordnetid="108518505" confidence="0.8"><city wordnetid="108524735" confidence="0.8"><center wordnetid="108523483" confidence="0.8"><area wordnetid="108497294" confidence="0.8"><village wordnetid="108672738" confidence="0.8"><seat wordnetid="108647945" confidence="0.8"><tract wordnetid="108673395" confidence="0.8"><geographical_area wordnetid="108574314" confidence="0.8"><district wordnetid="108552138" confidence="0.8"><urban_area wordnetid="108675967" confidence="0.8"><link ns0:type="simple" ns0:href="../216/1216.xml">athens</link></urban_area></district></geographical_area></tract></seat></village></area></center></city></capital></settlement></municipality></location></administrative_district></site></region>moussiopoulos moussiopoulos<region wordnetid="108630985" confidence="0.8"><site wordnetid="108651247" confidence="0.8"><administrative_district wordnetid="108491826" confidence="0.8"><location wordnetid="100027167" confidence="0.8"><municipality wordnetid="108626283" confidence="0.8"><settlement wordnetid="108672562" confidence="0.8"><capital wordnetid="108518505" confidence="0.8"><city wordnetid="108524735" confidence="0.8"><center wordnetid="108523483" confidence="0.8"><area wordnetid="108497294" confidence="0.8"><village wordnetid="108672738" confidence="0.8"><seat wordnetid="108647945" confidence="0.8"><tract wordnetid="108673395" confidence="0.8"><geographical_area wordnetid="108574314" confidence="0.8"><district wordnetid="108552138" confidence="0.8"><urban_area wordnetid="108675967" confidence="0.8"><link ns0:type="simple" ns0:href="../471/40471.xml">thessaloniki</link></urban_area></district></geographical_area></tract></seat></village></area></center></city></capital></settlement></municipality></location></administrative_district></site></region>details moussiopoulos flassak moussiopoulos</p></sec><sec><st>model equations</st><p>prognostic mesoscale model memo describes dynamics<link ns0:type="simple" ns0:href="../641/927641.xml">atmospheric boundary layer</link>model version air assumed unsaturated model solves<link ns0:type="simple" ns0:href="../793/410793.xml">continuity equation</link><link ns0:type="simple" ns0:href="../431/20431.xml">momentum</link>equations<link ns0:type="simple" ns0:href="../406/4064406.xml">transport equation</link>scalars including thermal energy equation options transport equations water vapour turbulent kinetic energy<link ns0:type="simple" ns0:href="../872/24872.xml">pollutant</link>concentrations</p></sec><sec><st>transformation terrainfollowing coordinates</st><p>lower boundary model domain coincides ground inhomogeneity terrain impose boundary conditions boundary respect<link ns0:type="simple" ns0:href="../706/7706.xml">cartesian coordinates</link>transformation vertical coordinate terrainfollowing performed originally irregularly bounded physical domain mapped consisting unit cubes</p></sec><sec><st>numerical solution equation system</st><p>discretized equations solved numerically staggered grid scalar quantities<math>rho</math><math /><math>theta</math>defined cell centre velocity components<math /><math /><math />defined centre appropriate interfaces</p><p>temporal discretization prognostic equations based explicit second order<statement wordnetid="106722453" confidence="0.8"><message wordnetid="106598915" confidence="0.8"><equation wordnetid="106669864" confidence="0.8"><mathematical_statement wordnetid="106732169" confidence="0.8"><link ns0:type="simple" ns0:href="../865/2090865.xml#xpointer(//*[./st=%22Adams.E2.80.93Bashforth+methods%22])">adamsbashforth scheme</link></mathematical_statement></equation></message></statement>deviations adamsbashforth scheme refers implicit treatment nonhydrostatic mesoscale pressure perturbation<math />ensure nondivergence flow field elliptic equation solved elliptic equation derived continuity equation velocity components expressed terms<math />elliptic equation derived discrete form continuity equation discrete form pressure gradient conservativity guaranteed flassak moussiopoulos discrete pressure equation solved numerically fast elliptic solver conjunction generalized conjugate gradient method fast elliptic solver based fast<link ns0:type="simple" ns0:href="../659/11659.xml">fourier analysis</link>horizontal directions<link ns0:type="simple" ns0:href="../035/13035.xml">gaussian elimination</link>vertical direction moussiopoulos flassak</p><p>second deviation explicit treatment turbulent diffusion vertical direction case explicit treatment term stability requirement necessitate unacceptable abridgement time increment avoid vertical turbulent diffusion treated second order<link ns0:type="simple" ns0:href="../447/1843447.xml">cranknicolson method</link></p><p>principle advective terms computed suitable advection scheme version memo secondorder totalvariationdiminishing tvd scheme implemented based scheme proposed harten achieves fair reduction numerical diffusion solution independent magnitude scalar preserving transportivity</p></sec><sec><st>parameterizations</st><p>turbulence radiative transfer physical processes parameterized prognostic mesoscale model memo model radiative transfer calculated efficient scheme based emissivity method longwave radiation implicit multilayer method shortwave radiation moussiopoulos</p><p>diffusion terms represented divergence corresponding fluxes turbulence parameterizations ktheory applied case memo turbulence treated twoequation turbulence model applications oneequation model conservation equation turbulent kinetic energy solved</p></sec><sec><st>initial boundary conditions</st><p>memo initialization performed suitable diagnostic methods massconsistent initial wind field formulated objective analysis model scalar fields initialized appropriate interpolating techniques kunz data needed apply diagnostic methods derived observations larger scale simulations</p><p>suitable boundary conditions imposed wind velocity components<math /><math /><math />potential temperature<math>theta</math>pressure<math />boundaries open boundaries wave reflection deformation minimized socalled radiation conditions orlanski</p><p>experience gained model memo neglecting large scale environmental information result instabilities case simulations longer time periods</p><p>nonhydrostatic mesoscale pressure perturbation homogeneous<link ns0:type="simple" ns0:href="../443/735443.xml">neumann boundary condition</link>lateral boundaries conditions wind velocity component perpendicular boundary remains unaffected pressure change</p><p>upper boundary neumann boundary conditions imposed horizontal velocity components potential temperature ensure nonreflectivity radiative condition hydrostatic mesoscale pressure perturbation<math />boundary vertically propagating internal gravity waves allowed leave computational domain klemp durran nonhydrostatic mesoscale pressure perturbation homogeneous staggered<link ns0:type="simple" ns0:href="../290/1461290.xml">dirichlet conditions</link>imposed justified fact nonhydrostatic effects negligible large heights condition singularity elliptic pressure equation avoided view neumann boundary conditions boundaries</p><p>lower boundary coincides ground precisely height ground corresponding aerodynamic roughness nonhydrostatic mesoscale pressure perturbation inhomogeneous neumann conditions imposed boundary conditions lower boundary follow assumption<link ns0:type="simple" ns0:href="../959/5376959.xml">moninobukhov</link>similarity theory valid</p><p>interactive nesting facility memo successive simulations grids increasing resolution simulations application coarse grid boundary conditions application finer grid kunz moussiopoulos</p></sec><sec><st>grid definition</st><p>governing equations solved numerically staggered grid scalar quantities temperature pressure density cell volume defined centre grid cell velocity components<math /><math /><math />centre appropriate interface turbulent fluxes defined locations shear fluxes defined centre appropriate edges grid cell normal stress fluxes scalar points definition outgoing fluxes momentum mass heat turbulent fluxes grid cell identical incoming flux adjacent grid cell numerical method conservative</p></sec><sec><st>topography surface type</st><p>calculations memo file provided orography height surface type grid location surface types distinguished stored percentage</p><p><list><entry level="1" type="bullet">water type</entry><entry level="1" type="bullet">arid land type</entry><entry level="1" type="bullet">vegetation type</entry><entry level="1" type="bullet">farmland type</entry><entry level="1" type="bullet">forest type</entry><entry level="1" type="bullet">suburban area type</entry><entry level="1" type="bullet">urban area type</entry></list></p><p>surface types stored type difference sum types percentage surface type write number surface types number</p><p><link ns0:type="simple" ns0:href="../573/164573.xml">orography</link>height height grid location sea level meter</p></sec><sec><st>meteorological data</st><p>prognostic model memo set partial differential equations three spatial directions time solve equations information initial domain development relevant quantities lateral boundaries required</p><ss1><st>initial</st><p>generate initial prognostic model diagnostic model kunz applied measured temperature wind data data provided<list><entry level="1" type="bullet">surface measurements single measurements directly surface</entry><entry level="1" type="bullet">upper air soundings soundings consist measurements heights constant geographical location required sounding temperature wind velocity</entry></list></p></ss1><ss1><st>timedependent boundary conditions</st><p>information quantities lateral boundaries account surface measurements upper air soundings key word time boundary data occur front set boundary information</p></ss1></sec><sec><st>nesting facility</st><p>memo oneway interactive nesting scheme implemented nesting scheme coarse grid fine grid simulation nested coarse grid simulation data interpolated written file consecutive fine grid simulation data lateral boundary values</p></sec><sec><st /><p><list><entry level="1" type="bullet"><work wordnetid="104599396" confidence="0.8"><product wordnetid="104007894" confidence="0.8"><creation wordnetid="103129123" confidence="0.8"><artifact wordnetid="100021939" confidence="0.8"><book wordnetid="106410904" confidence="0.8"><publication wordnetid="106589574" confidence="0.8"><link ns0:type="simple" ns0:href="../594/4453594.xml">bibliography atmospheric dispersion modeling</link></publication></book></artifact></creation></product></work></entry><entry level="1" type="bullet"><link ns0:type="simple" ns0:href="../162/3752162.xml">atmospheric dispersion modeling</link></entry><entry level="1" type="bullet"><link ns0:type="simple" ns0:href="../664/4271664.xml">compilation air dispersion models</link></entry><entry level="1" type="bullet"><link ns0:type="simple" ns0:href="../352/6956352.xml">air pollution dispersion terminology</link></entry><entry level="1" type="bullet"><link ns0:type="simple" ns0:href="../692/3988692.xml">conversions formulas air dispersion modeling</link></entry></list></p></sec><sec><st>references</st><p><list><entry level="1" type="bullet">eurotrac annual report</entry><entry level="1" type="bullet">flassak moussiopoulos direct solution helmholtz equation fourier analysis cyber environmental software</entry><entry level="1" type="bullet">harten large timestep high resolution scheme math comp</entry><entry level="1" type="bullet">klemp durran upper boundary condition permitting internal gravity wave radiation numerical mesoscale models mon weather rev</entry><entry level="1" type="bullet">kunz enwicklung eines diagnostischen windmodells zur berechnung des anfangszustandes das dynamische grenzschichtmodell memo diplomarbeit universitt karlsruhe</entry><entry level="1" type="bullet">kunz moussiopoulos simulation wind field athens refined boundary conditions atmos environ</entry><entry level="1" type="bullet">moussiopoulos efficient scheme calculate radiative transfer mesoscale models environmental software</entry><entry level="1" type="bullet">moussiopoulos mathematische modellierung mesoskaliger ausbreitung der atmosphre fortschrber vdi reihe</entry><entry level="1" type="bullet">moussiopoulos eumac zooming model ezm model structure applications eurotrac report</entry><entry level="1" type="bullet">moussiopoulos eumac zooming model tool localtoregional air quality studies meteorol atmos phys</entry><entry level="1" type="bullet">moussiopoulos flassak fully vectorized fast direct solver helmholtz equation applications supercomputers engineering algorithms computer systems user experience brebbia peters editors elsevier amsterdam</entry><entry level="1" type="bullet">moussiopoulos flassak berlowitz sahm simulations wind field athens nonhydrostatic mesoscale model memo environmental software</entry><entry level="1" type="bullet">orlanski simple boundary condition unbounded hyperbolic flows comput phys</entry></list></p></sec><sec><st>external links</st><p><list><entry level="1" type="bullet"><weblink ns0:type="simple" ns0:href="http://air-climate.eionet.eu.int/databases/MDS/index_html">model documentation system</weblink></entry><entry level="1" type="bullet"><weblink ns0:type="simple" ns0:href="http://air-climate.eionet.europa.eu/">european topic centre air climate change etcacc</weblink></entry><entry level="1" type="bullet"><weblink ns0:type="simple" ns0:href="http://pandora.meng.auth.gr/mds/showlong.php?id=20">long description model memo</weblink></entry></list></p><p><table style=";" class="navbox" cellspacing="0"><row><col style="padding:2px;"><table style="width:100%;background:transparent;color:inherit;;" class="nowraplinks collapsible autocollapse " cellspacing="0"><row><header colspan="2" style=";" class="navbox-title">atmospheric oceanographic climate models</header></row><row style="height:2px;" /><row><col style=";line-height:2.0em;;" class="navbox-group">general</col><col style="text-align:left;border-left:2px solid #fdfdfd;width:100%;padding:0px;line-height:1.2em;;;" class="navbox-list navbox-odd"><link ns0:type="simple" ns0:href="../216/5444216.xml">atmospheric model</link><link ns0:type="simple" ns0:href="../513/47513.xml">climate model</link><occupation wordnetid="100582388" confidence="0.8"><event wordnetid="100029378" confidence="0.8"><act wordnetid="100030358" confidence="0.8"><psychological_feature wordnetid="100023100" confidence="0.8"><activity wordnetid="100407535" confidence="0.8"><link ns0:type="simple" ns0:href="../381/1505381.xml">numerical weather prediction</link></activity></psychological_feature></act></event></occupation><link ns0:type="simple" ns0:href="../447/4142447.xml">tropical cyclone forecast model</link><link ns0:type="simple" ns0:href="../162/3752162.xml">atmospheric dispersion modeling</link></col></row><row style="height:2px" /><row><col style=";line-height:2.0em;;" class="navbox-group">discontinued models</col><col style="text-align:left;border-left:2px solid #fdfdfd;width:100%;padding:0px;line-height:1.2em;;;" class="navbox-list navbox-even">avn mrf gsm eta lfm ngm</col></row><row style="height:2px" /><row><col style=";line-height:2.0em;;" class="navbox-group">climate models</col><col style="text-align:left;border-left:2px solid #fdfdfd;width:100%;padding:0px;line-height:1.2em;;;" class="navbox-list navbox-odd"><link ns0:type="simple" ns0:href="../482/10916482.xml">igcm</link><link ns0:type="simple" ns0:href="../930/1568930.xml">hadcm</link><link ns0:type="simple" ns0:href="../013/9180013.xml">gfdl cmx</link><link ns0:type="simple" ns0:href="../855/3515855.xml">cgcm</link></col></row><row style="height:2px" /><row><col style=";line-height:2.0em;;" class="navbox-group">global weather models</col><col style="text-align:left;border-left:2px solid #fdfdfd;width:100%;padding:0px;line-height:1.2em;;;" class="navbox-list navbox-even"><link>ecmwf</link><link ns0:type="simple" ns0:href="../768/9746768.xml">gem</link><link ns0:type="simple" ns0:href="../634/3093634.xml">gfs</link>nogaps<link ns0:type="simple" ns0:href="../870/18615870.xml" /><region wordnetid="108630985" confidence="0.8"><center wordnetid="108523483" confidence="0.8"><area wordnetid="108497294" confidence="0.8"><administrative_unit wordnetid="108077292" confidence="0.8"><location wordnetid="100027167" confidence="0.8"><agency wordnetid="108337324" confidence="0.8"><link ns0:type="simple" ns0:href="../886/457886.xml">jma</link></agency></location></administrative_unit></area></center></region></col></row><row style="height:2px" /><row><col style=";line-height:2.0em;;" class="navbox-group">regional mesoscale models</col><col style="text-align:left;border-left:2px solid #fdfdfd;width:100%;padding:0px;line-height:1.2em;;;" class="navbox-list navbox-odd"><link ns0:type="simple" ns0:href="../349/1365349.xml" /><link ns0:type="simple" ns0:href="../257/11238257.xml">nam</link><link ns0:type="simple" ns0:href="../369/61369.xml">ruc</link>rams<link ns0:type="simple" ns0:href="../567/6688567.xml">wrf</link>raqms<link ns0:type="simple" ns0:href="../661/1384661.xml">hirlam</link></col></row><row style="height:2px" /><row><col style=";line-height:2.0em;;" class="navbox-group">atmospheric dispersion models</col><col style="text-align:left;border-left:2px solid #fdfdfd;width:100%;padding:0px;line-height:1.2em;;;" class="navbox-list navbox-even"><link ns0:type="simple" ns0:href="../435/6604435.xml" /><link ns0:type="simple" ns0:href="../175/10346175.xml">memo</link><link ns0:type="simple" ns0:href="../876/6378876.xml">adms</link><link ns0:type="simple" ns0:href="../439/12275439.xml">atstep</link><link ns0:type="simple" ns0:href="../837/14439837.xml">austal</link><link ns0:type="simple" ns0:href="../142/5748142.xml">calpuff</link><link ns0:type="simple" ns0:href="../625/6674625.xml">dispersion</link><link ns0:type="simple" ns0:href="../502/7268502.xml">isc</link><link ns0:type="simple" ns0:href="../583/7131583.xml">mercure</link><link ns0:type="simple" ns0:href="../599/5748599.xml">puffplume</link><link ns0:type="simple" ns0:href="../595/14419595.xml">rimpuff</link><link ns0:type="simple" ns0:href="../529/15537529.xml">safe air</link><link ns0:type="simple" ns0:href="../705/6569705.xml">aermod</link></col></row><row style="height:2px" /><row><col style=";line-height:2.0em;;" class="navbox-group">land surface parameterisation models</col><col style="text-align:left;border-left:2px solid #fdfdfd;width:100%;padding:0px;line-height:1.2em;;;" class="navbox-list navbox-odd"><link ns0:type="simple" ns0:href="../839/18992839.xml">jules</link><physical_entity wordnetid="100001930" confidence="0.8"><person wordnetid="100007846" confidence="0.8"><model wordnetid="110324560" confidence="0.8"><assistant wordnetid="109815790" confidence="0.8"><worker wordnetid="109632518" confidence="0.8"><causal_agent wordnetid="100007347" confidence="0.8"><link ns0:type="simple" ns0:href="../914/9797914.xml">class</link></causal_agent></worker></assistant></model></person></physical_entity><link ns0:type="simple" ns0:href="../003/9754003.xml">isba</link></col></row><row style="height:2px;" /><row><col colspan="2" style=";" class="navbox-abovebelow"><link ns0:type="simple" ns0:href="../590/20590.xml">mathematical model</link><link ns0:type="simple" ns0:href="../795/3224795.xml">scientific modelling</link></col></row></table></col></row></table></p></sec></bdy></article>