<article xmlns:ns0="http://www.w3.org/1999/xlink"><argument confidence="0.9511911446218017" wordnetid="106648724"><header><title>analogy</title><id /><revision><id /><timestamp /><contributor><username>puuropyssy</username><id /></contributor></revision><categories><category>logic</category><category>philosophical arguments</category><category>cognitive science</category><category>greek loanwords</category><category>linguistics</category><category>semantics</category></categories></header><bdy>analogy<link ns0:type="simple" ns0:href="../238/106238.xml">cognitive</link>process transferring<link ns0:type="simple" ns0:href="../062/18985062.xml">information</link>subject analogue source subject target<link ns0:type="simple" ns0:href="../524/17524.xml">linguistic</link>expression corresponding process narrower sense analogy<link ns0:type="simple" ns0:href="../465/317465.xml">inference</link><link ns0:type="simple" ns0:href="../310/13018310.xml">argument</link>opposed<link ns0:type="simple" ns0:href="../093/61093.xml">deduction</link><link ns0:type="simple" ns0:href="../736/393736.xml">induction</link><link ns0:type="simple" ns0:href="../459/60459.xml">abduction</link><link ns0:type="simple" ns0:href="../337/7993337.xml">premise</link>conclusion general word analogy refer relation source target<link ns0:type="simple" ns0:href="../523/532523.xml">similarity</link><link ns0:type="simple" ns0:href="../816/1460816.xml">biological notion analogy</link><image location="right" width="288px" src="Bohr_atom_model_English.svg" type="thumb" />analogy plays role<link ns0:type="simple" ns0:href="../948/1467948.xml">problem solving</link><link ns0:type="simple" ns0:href="../752/265752.xml">decision making</link><link ns0:type="simple" ns0:href="../140/25140.xml">perception</link><link ns0:type="simple" ns0:href="../844/18844.xml">memory</link><link ns0:type="simple" ns0:href="../910/142910.xml">creativity</link><link ns0:type="simple" ns0:href="../406/10406.xml">emotion</link><link ns0:type="simple" ns0:href="../186/216186.xml">explanation</link><link ns0:type="simple" ns0:href="../177/5177.xml">communication</link>lies basic tasks identification places objects people example<link ns0:type="simple" ns0:href="../309/485309.xml">face perception</link><link ns0:type="simple" ns0:href="../401/602401.xml">facial recognition system</link>argued analogy core cognition<person wordnetid="100007846" confidence="0.9508927676800064"><professor wordnetid="110480730" confidence="0.9173553029164789"><writer wordnetid="110794014" confidence="0.9508927676800064"><link ns0:type="simple" ns0:href="../758/8758.xml">hofstadter</link></writer></professor></person>gentner specific analogical language comprises<link ns0:type="simple" ns0:href="../233/1646233.xml">exemplification</link><link ns0:type="simple" ns0:href="../936/553936.xml">comparison</link><link ns0:type="simple" ns0:href="../518/20518.xml">metaphor</link><link ns0:type="simple" ns0:href="../860/28860.xml">simile</link><link ns0:type="simple" ns0:href="../837/1837.xml">allegories</link><link ns0:type="simple" ns0:href="../463/150463.xml">parable</link><link ns0:type="simple" ns0:href="../715/72715.xml">metonymy</link>phrases word<link ns0:type="simple" ns0:href="../140/567140.xml" />rely analogical understanding receiver<link ns0:type="simple" ns0:href="../367/41367.xml">message</link>including analogy<link ns0:type="simple" ns0:href="../177/590177.xml">ordinary language</link><link ns0:type="simple" ns0:href="../147/5147.xml">common sense</link><link ns0:type="simple" ns0:href="../529/23529.xml">proverb</link><link ns0:type="simple" ns0:href="../563/47563.xml">idiom</link>examples application<link ns0:type="simple" ns0:href="../700/26700.xml">science</link><link ns0:type="simple" ns0:href="../155/13692155.xml">philosophy</link><link ns0:type="simple" ns0:href="../132/53132.xml">humanities</link>concepts<link ns0:type="simple" ns0:href="../334/569334.xml">association</link><link ns0:type="simple" ns0:href="../936/553936.xml">comparison</link><link ns0:type="simple" ns0:href="../956/392956.xml">correspondence</link><link ns0:type="simple" ns0:href="../432/142432.xml">mathematical</link><link ns0:type="simple" ns0:href="../431/142431.xml">morphological homology</link><link ns0:type="simple" ns0:href="../564/13564.xml">homomorphism</link><link ns0:type="simple" ns0:href="../712/72712.xml">iconicity</link><link ns0:type="simple" ns0:href="../828/14828.xml">isomorphism</link><link ns0:type="simple" ns0:href="../518/20518.xml">metaphor</link><link ns0:type="simple" ns0:href="../746/2987746.xml">resemblance</link><link ns0:type="simple" ns0:href="../523/532523.xml">similarity</link>closely analogy<link ns0:type="simple" ns0:href="../711/72711.xml">cognitive linguistics</link>notion<link ns0:type="simple" ns0:href="../710/72710.xml">conceptual metaphor</link>equivalent analogy<p>analogy studied discussed<link ns0:type="simple" ns0:href="../905/252905.xml">classical antiquity</link>philosophers scientists<link ns0:type="simple" ns0:href="../668/18949668.xml">law</link>yers decades renewed interest analogy notable<link ns0:type="simple" ns0:href="../626/5626.xml">cognitive science</link></p><sec><st>usage terms source target</st><p>respect terms source target distinct traditions usage</p><p><list><entry level="1" type="bullet">logical mathematical tradition speaks arrow<link ns0:type="simple" ns0:href="../564/13564.xml">homomorphism</link><link ns0:type="simple" ns0:href="../931/516931.xml">mapping</link><link ns0:type="simple" ns0:href="../520/19520.xml">morphism</link>typically complex domain source typically complex<link ns0:type="simple" ns0:href="../264/50264.xml">codomain</link>target sense mathematical<link ns0:type="simple" ns0:href="../869/5869.xml">category theory</link></entry></list></p><p><list><entry level="1" type="bullet">tradition appears common<link ns0:type="simple" ns0:href="../961/5961.xml">cognitive psychology</link><link ns0:type="simple" ns0:href="../119/51119.xml">literary theory</link>specializations<link ns0:type="simple" ns0:href="../155/13692155.xml">philosophy</link><link ns0:type="simple" ns0:href="../225/3729225.xml">logic</link>speaks mapping typically familiar area experience source typically problematic area experience target</entry></list></p></sec><sec><st>models theories analogy</st><ss1><st>identity relation</st><p>ancient<language wordnetid="106282651" confidence="0.9508927676800064"><link ns0:type="simple" ns0:href="../887/11887.xml">greek</link></language>word analogia originally meant<link ns0:type="simple" ns0:href="../863/81863.xml">proportionality</link>mathematical sense translated<language wordnetid="106282651" confidence="0.9508927676800064"><link ns0:type="simple" ns0:href="../730/17730.xml">latin</link></language>proportio analogy understood identity relation<link ns0:type="simple" ns0:href="../362/22362.xml">ordered pair</link>mathematical nature<person wordnetid="100007846" confidence="0.9508927676800064"><philosopher wordnetid="110423589" confidence="0.9508927676800064"><link ns0:type="simple" ns0:href="../631/14631.xml">kants</link></philosopher></person><link ns0:type="simple" ns0:href="../047/549047.xml">critique judgment</link>held notion kant argued exactly<link ns0:type="simple" ns0:href="../117/6117.xml">relation</link>completely objects notion analogy<body wordnetid="107965085" confidence="0.8"><social_group wordnetid="107950920" confidence="0.8"><political_orientation wordnetid="106212839" confidence="0.8"><colony wordnetid="108374049" confidence="0.8"><state wordnetid="108168978" confidence="0.8"><political_unit wordnetid="108359949" confidence="0.8"><group wordnetid="100031264" confidence="0.8"><democracy wordnetid="106217103" confidence="0.8"><link ns0:type="simple" ns0:href="../750/3434750.xml" /></democracy></group></political_unit></state></colony></political_orientation></social_group></body>based<process wordnetid="105701363" confidence="0.8"><inquiry wordnetid="105797597" confidence="0.8"><thinking wordnetid="105770926" confidence="0.8"><problem_solving wordnetid="105796750" confidence="0.8"><experiment wordnetid="105798043" confidence="0.8"><trial wordnetid="105799212" confidence="0.8"><higher_cognitive_process wordnetid="105770664" confidence="0.8"><link ns0:type="simple" ns0:href="../716/144716.xml">sat</link></higher_cognitive_process></trial></experiment></problem_solving></thinking></inquiry></process>tests included analogy questions form example hand palm foot questions aristotelian format<indent level="1">hand palm foot</indent>worth noting competent<language wordnetid="106282651" confidence="0.8"><link ns0:type="simple" ns0:href="../916/8569916.xml">english</link></language>speakers will answer analogy question sole difficult identify describe exact relation holds hand palm foot sole relation apparent<link ns0:type="simple" ns0:href="../500/768500.xml">lexical definition</link>palm sole defined inner surface hand underside foot analogy<link ns0:type="simple" ns0:href="../ury/30th_century.xml">abstraction</link>cognitive processes analogy easier</p><p>computer algorithm achieved humanlevel performance multiplechoice analogy questions<process wordnetid="105701363" confidence="0.8"><inquiry wordnetid="105797597" confidence="0.8"><thinking wordnetid="105770926" confidence="0.8"><problem_solving wordnetid="105796750" confidence="0.8"><experiment wordnetid="105798043" confidence="0.8"><trial wordnetid="105799212" confidence="0.8"><higher_cognitive_process wordnetid="105770664" confidence="0.8"><link ns0:type="simple" ns0:href="../716/144716.xml">sat</link></higher_cognitive_process></trial></experiment></problem_solving></thinking></inquiry></process>test turney algorithm measures similarity relations pairs similarity pairs handpalm footsole statistical analysis large collection text answers sat questions selecting choice highest relational similarity</p></ss1><ss1><st>shared abstraction</st><p><image location="right" width="300px" src="Crepuscular_rays8_-_NOAA.jpg" type="thumb"><caption><link ns0:type="simple" ns0:href="../508/19159508.xml">culture</link><link ns0:type="simple" ns0:href="../751/26751.xml">sun</link>source analogy<link ns0:type="simple" ns0:href="../765/5042765.xml">god</link></caption></image>greek philosophers<person wordnetid="100007846" confidence="0.9508927676800064"><philosopher wordnetid="110423589" confidence="0.9508927676800064"><link ns0:type="simple" ns0:href="../954/22954.xml">plato</link></philosopher></person><person wordnetid="100007846" confidence="0.9508927676800064"><philosopher wordnetid="110423589" confidence="0.9508927676800064"><link ns0:type="simple" ns0:href="../308/308.xml">aristotle</link></philosopher></person>wider notion analogy analogy shared abstraction shelley analogous objects share relation<link ns0:type="simple" ns0:href="../999/161999.xml">idea</link><link ns0:type="simple" ns0:href="../351/68351.xml">pattern</link><link ns0:type="simple" ns0:href="../992/336992.xml">regularity</link><link ns0:type="simple" ns0:href="../738/40738.xml">attribute</link><link ns0:type="simple" ns0:href="../492/317492.xml" /><link>function</link>authors accepted comparisons metaphors images allegories valid<link ns0:type="simple" ns0:href="../310/13018310.xml">argument</link>called analogies analogies abstractions easier understand confidence</p><p><link ns0:type="simple" ns0:href="../836/18836.xml">middle ages</link>increased theorization analogy<site wordnetid="108651247" confidence="0.9508927676800064"><village wordnetid="108672738" confidence="0.9508927676800064"><link ns0:type="simple" ns0:href="../458/25458.xml">roman</link></village></site>lawyers analogical reasoning greek word analogia medieval lawyers distinguished analogia legis analogia iuris<link ns0:type="simple" ns0:href="../133/1978133.xml">islamic logic</link>analogical reasoning process<link ns0:type="simple" ns0:href="../045/822045.xml">qiyas</link><physical_entity wordnetid="100001930" confidence="0.8"><causal_agent wordnetid="100007347" confidence="0.8"><link ns0:type="simple" ns0:href="../211/5211.xml">christian</link></causal_agent></physical_entity><link ns0:type="simple" ns0:href="../503/30503.xml">theology</link>analogical arguments accepted order explain attributes<link ns0:type="simple" ns0:href="../765/5042765.xml">god</link><person wordnetid="100007846" confidence="0.9508927676800064"><philosopher wordnetid="110423589" confidence="0.9508927676800064"><saint wordnetid="110546850" confidence="0.9508927676800064"><link ns0:type="simple" ns0:href="../716/30716.xml">aquinas</link></saint></philosopher></person>distinction equivocal univocal analogical terms healthy meanings person healthy food good health contemporary distinction<link ns0:type="simple" ns0:href="../327/155327.xml">polysemy</link><link ns0:type="simple" ns0:href="../126/148126.xml">homonymy</link><physical_entity wordnetid="100001930" confidence="0.8"><person wordnetid="100007846" confidence="0.8"><philosopher wordnetid="110423589" confidence="0.8"><priest wordnetid="110470779" confidence="0.8"><bishop wordnetid="109857200" confidence="0.8"><cardinal wordnetid="109894143" confidence="0.8"><intellectual wordnetid="109621545" confidence="0.8"><archbishop wordnetid="109805151" confidence="0.8"><clergyman wordnetid="109927451" confidence="0.8"><leader wordnetid="109623038" confidence="0.8"><spiritual_leader wordnetid="109505153" confidence="0.8"><causal_agent wordnetid="100007347" confidence="0.8"><scholar wordnetid="110557854" confidence="0.8"><link ns0:type="simple" ns0:href="../245/1338245.xml">thomas cajetan</link></scholar></causal_agent></spiritual_leader></leader></clergyman></archbishop></intellectual></cardinal></bishop></priest></philosopher></person></physical_entity>wrote influential treatise analogy cases wide platonic aristotelian notion analogy preserved</p></ss1><ss1><st>special case induction</st><p>contrary<link ns0:type="simple" ns0:href="../319/11319.xml">bacon</link><person wordnetid="100007846" confidence="0.9508927676800064"><philosopher wordnetid="110423589" confidence="0.9508927676800064"><link ns0:type="simple" ns0:href="../626/15626.xml">mill</link></philosopher></person>argued analogy simply special case induction shelley view analogy<link ns0:type="simple" ns0:href="../736/393736.xml">inductive</link>inference common attributes<link ns0:type="simple" ns0:href="../934/22934.xml">probable</link>common attribute source analogy form<list><entry level="1" type="definition">premises</entry><entry level="1" type="indent" /><entry level="1" type="indent" /><entry level="1" type="definition">conclusion</entry><entry level="1" type="indent" /><entry level="1" type="definition">alternative conclusion</entry><entry level="1" type="indent" /></list></p><p>view accept analogy autonomous mode thought inference<link ns0:type="simple" ns0:href="../203/49203.xml">reducing</link>induction autonomous analogical arguments science philosophy humanities reduction philosophically uninteresting induction achieve general conclusions analogy</p></ss1><ss1><st>hidden deduction</st><p>opposite move reducing analogy deduction argued analogical argument partially superfluous rendered<link ns0:type="simple" ns0:href="../093/61093.xml">deduction</link>stating<link ns0:type="simple" ns0:href="../337/7993337.xml">premise</link>hidden universal proposition applied source target view argument form<list><entry level="1" type="definition">premises</entry><entry level="1" type="indent">analogous</entry><entry level="1" type="indent" /><entry level="1" type="definition">conclusion</entry><entry level="1" type="indent">plausibly</entry></list><list><entry level="1" type="definition">hidden universal premise</entry><entry level="1" type="indent">plausibly</entry><entry level="1" type="definition">hidden singular premise</entry><entry level="1" type="indent" /><entry level="1" type="definition">conclusion</entry><entry level="1" type="indent">plausibly</entry></list>premises referring source analogical relation superfluous find plausibly<link ns0:type="simple" ns0:href="../920/29920.xml">true</link>universal premise replace analogical premises juthe analogy argument distinct cognitive process</p></ss1><ss1><st>shared structure</st><p><image location="left" width="300px" src="Latimeria_chalumnae01.jpg" type="thumb"><caption>shelley study<link ns0:type="simple" ns0:href="../503/45503.xml">coelacanth</link>drew heavily analogies fish</caption></image>contemporary cognitive scientists wide notion analogy<link ns0:type="simple" ns0:href="../095/39095.xml">extensionally</link>close plato aristotle framed structure mapping theory<link ns0:type="simple" ns0:href="../260/1940260.xml">dedre gentner</link>idea<link ns0:type="simple" ns0:href="../937/18937.xml">mapping</link>source target<link ns0:type="simple" ns0:href="../710/72710.xml">conceptual metaphor</link>theorists structure mapping theory concerns<link ns0:type="simple" ns0:href="../921/22921.xml">psychology</link><link ns0:type="simple" ns0:href="../323/5323.xml">computer science</link></p><p>view analogy depends<mathematical_relation wordnetid="113783581" confidence="0.8"><idea wordnetid="105833840" confidence="0.8"><concept wordnetid="105835747" confidence="0.8"><function wordnetid="113783816" confidence="0.8"><link ns0:type="simple" ns0:href="../931/516931.xml">mapping</link></function></concept></idea></mathematical_relation>alignment elements source target mapping takes place objects relations objects relations relations mapping yields assignment predicate relation target</p><p>structure mapping theory applied considerable confirmation<link ns0:type="simple" ns0:href="../921/22921.xml">psychology</link>reasonable success computer science artificial intelligence studies extended approach specific subjects<link ns0:type="simple" ns0:href="../518/20518.xml">metaphor</link><link ns0:type="simple" ns0:href="../523/532523.xml">similarity</link>gentner gentners publication</p><p><link ns0:type="simple" ns0:href="../962/5644962.xml">keith holyoak</link><link ns0:type="simple" ns0:href="../043/3820043.xml">paul thagard</link>developed multiconstraint theory structure mapping theory defend<link ns0:type="simple" ns0:href="../495/231495.xml">coherence</link>analogy depends structural consistency<link ns0:type="simple" ns0:href="../135/1473135.xml">semantic similarity</link><link ns0:type="simple" ns0:href="../444/191444.xml">purpose</link>structural consistency maximal analogy<link ns0:type="simple" ns0:href="../828/14828.xml">isomorphism</link>lower levels admitted similarity demands mapping connects elements relations source target level abstraction maximal identical relations connected elements identical attributes analogy achieves purpose insofar helps solve problem hand multiconstraint theory faces difficulties multiple sources overcome shelley hummel holyoak recast multiconstraint theory<link ns0:type="simple" ns0:href="../542/1729542.xml">neural network</link>architecture</p><p>problem multiconstraint theory arises concept similarity respect analogy computer applications demand identical attributes relations level abstraction<link ns0:type="simple" ns0:href="../482/682482.xml">human</link>analogy</p></ss1><ss1><st>highlevel perception</st><p><person wordnetid="100007846" confidence="0.9508927676800064"><professor wordnetid="110480730" confidence="0.9173553029164789"><writer wordnetid="110794014" confidence="0.9508927676800064"><link ns0:type="simple" ns0:href="../758/8758.xml">douglas hofstadter</link></writer></professor></person>team chalmers challenged shared structure theory applications computer science argue<link ns0:type="simple" ns0:href="../140/25140.xml">perception</link>including highlevel perception analogical thought fact analogy occurs time highlevel perception highlevel perception humans<link ns0:type="simple" ns0:href="../920/16920.xml">representations</link>selecting relevant information lowlevel<link ns0:type="simple" ns0:href="../399/569399.xml">stimuli</link>perception analogy analogy highlevel perception chalmers conclude analogy highlevel perception forbus claim metaphor argued morrison dietrich hofstadters gentners groups defend opposite views dealing aspects analogy</p></ss1></sec><sec><st>applications types analogy</st><ss1><st>rhetoric</st><p><list><entry level="1" type="bullet">analogy<link ns0:type="simple" ns0:href="../649/2917649.xml">spoken</link><link ns0:type="simple" ns0:href="../977/32977.xml">textual</link>comparison sets highlight form<link ns0:type="simple" ns0:href="../107/29107.xml">semantic</link>similarity analogies strengthen<link ns0:type="simple" ns0:href="../986/22986.xml">political</link><link ns0:type="simple" ns0:href="../155/13692155.xml">philosophical</link><link ns0:type="simple" ns0:href="../310/13018310.xml">arguments</link>semantic similarity weak nonexistent crafted carefully audience</entry></list></p></ss1><ss1><st>linguistics</st><p><list><entry level="1" type="bullet">analogy<link ns0:type="simple" ns0:href="../526/17526.xml">linguistic</link>process reduces word forms perceived irregular remaking shape common forms governed rules example<language wordnetid="106282651" confidence="0.8"><link ns0:type="simple" ns0:href="../916/8569916.xml">english</link></language><link ns0:type="simple" ns0:href="../354/37354.xml">verb</link><link ns0:type="simple" ns0:href="../103/215103.xml">preterite</link>holp participle holpen<link ns0:type="simple" ns0:href="../563/241563.xml">obsolete</link>forms discarded replaced helped power analogy widened application<link ns0:type="simple" ns0:href="../368/894368.xml">productive</link>verbed rule called<link ns0:type="simple" ns0:href="../452/16020452.xml">leveling</link>irregular forms created analogy example<speech wordnetid="107109196" confidence="0.8"><dialect wordnetid="107155661" confidence="0.8"><auditory_communication wordnetid="107109019" confidence="0.8"><language wordnetid="106282651" confidence="0.8"><non-standard_speech wordnetid="107155081" confidence="0.8"><link ns0:type="simple" ns0:href="../890/1890.xml">american english</link></non-standard_speech></language></auditory_communication></dialect></speech>tense form dive dove formed analogy drive drove</entry><entry level="1" type="bullet"><link ns0:type="simple" ns0:href="../907/153907.xml">neologisms</link>formed analogy existing good example<link ns0:type="simple" ns0:href="../309/5309.xml">software</link>formed analogy<link ns0:type="simple" ns0:href="../615/13615.xml">hardware</link>analogous neologisms<link ns0:type="simple" ns0:href="../155/41155.xml">firmware</link><link ns0:type="simple" ns0:href="../087/60087.xml">vaporware</link>example humorous term underwhelm formed analogy overwhelm</entry><entry level="1" type="bullet">analogy presented alternative mechanism<link ns0:type="simple" ns0:href="../848/443848.xml">generative rules</link>explaining<link ns0:type="simple" ns0:href="../368/894368.xml">productive</link>formation structures argue fact mechanism rules analogies entrenched standard parts linguistic system clearer cases analogy simply langacker view obvious resonances current views analogy cognitive science discussed</entry></list></p></ss1><ss1><st>science</st><p>analogs theoretical applied sciences form models simulations considered strong analogies weaker analogies assist understanding describing functional behaviours systems instance analogy commonly electronics textbooks compares electrical circuits hydraulics example<link ns0:type="simple" ns0:href="../195/8504195.xml">analog ear</link>based electrical electronic mechanical devices</p></ss1><ss1><st>mathematics</st><p>types analogies precise<link ns0:type="simple" ns0:href="../831/18831.xml">mathematical</link>formulation concept<link ns0:type="simple" ns0:href="../828/14828.xml">isomorphism</link>detail mathematical structures type analogy thought<link ns0:type="simple" ns0:href="../942/3942.xml">bijection</link>preserves relevant structure example<math>bbbr</math><math>bbbc</math>isomorphic vector spaces<link>complex numbers</link><math>bbbc</math>structure<math>bbbr</math><math>bbbc</math><link ns0:type="simple" ns0:href="../603/10603.xml">field</link>well<link ns0:type="simple" ns0:href="../370/32370.xml">vector space</link></p><p><link ns0:type="simple" ns0:href="../869/5869.xml">category theory</link>takes idea mathematical analogy concept<link ns0:type="simple" ns0:href="../987/10987.xml">functor</link>categories functor thought analogy map objects objects arrows arrows compositional structure categories preserved<link ns0:type="simple" ns0:href="../533/103533.xml#xpointer(//*[./st=%22Shared+structure%22])">structure mapping theory analogy</link>dedre gentner formalizes idea analogy function satisfies conditions</p></ss1><ss1><st>artificial intelligence</st><p><link ns0:type="simple" ns0:href="../333/170333.xml">casebased reasoning</link></p></ss1><ss1><st>anatomy</st><p><indent level="1"><link ns0:type="simple" ns0:href="../816/1460816.xml">analogy biology</link></indent><link ns0:type="simple" ns0:href="../674/674.xml">anatomy</link>anatomical structures considered analogous serve<link ns0:type="simple" ns0:href="../191/170191.xml">function</link><link ns0:type="simple" ns0:href="../236/9236.xml">evolution</link>arily<link ns0:type="simple" ns0:href="../409/19166409.xml">legs</link><link ns0:type="simple" ns0:href="../856/36856.xml">vertebrate</link>legs<link ns0:type="simple" ns0:href="../944/14944.xml">insect</link>analogous structures result<link ns0:type="simple" ns0:href="../804/82804.xml">convergent evolution</link>contrasted<link ns0:type="simple" ns0:href="../431/142431.xml">homologous</link>structures</p></ss1><ss1><st>morality</st><p>analogical reasoning plays<link ns0:type="simple" ns0:href="../254/43254.xml">morality</link>morality supposed impartial fair wrong situation situation analogous relevant features wrong perform action situation<link ns0:type="simple" ns0:href="../485/9398485.xml">moral particularism</link>accepts analogical moral reasoning rejecting deduction induction moral principles</p></ss1><ss1><st>law</st><p><link ns0:type="simple" ns0:href="../668/18949668.xml">law</link>analogy resolve issues previous authority distinction analogous reasoning written law analogy<link ns0:type="simple" ns0:href="../004/23004.xml">precedent</link><link ns0:type="simple" ns0:href="../403/215403.xml">case law</link></p><ss2><st>analogies codes statutes</st><p><link ns0:type="simple" ns0:href="../798/1048798.xml">civil law</link>systems preeminent source law<link ns0:type="simple" ns0:href="../297/2457297.xml">legal code</link><link ns0:type="simple" ns0:href="../783/26783.xml">statute</link><link ns0:type="simple" ns0:href="../073/1209073.xml">lacuna</link>gap arises specific issue explicitly dealt written law judges will identify provision purpose applies case hand process reach high degree sophistication judges specific provision fill lacunae gaps provisions underlying<link ns0:type="simple" ns0:href="../444/191444.xml">purpose</link>inferred general<link ns0:type="simple" ns0:href="../460/4095460.xml">principles</link>law identify<link ns0:type="simple" ns0:href="../622/661622.xml">legislator</link><link ns0:type="simple" ns0:href="../521/1102521.xml">judgement</link>analogy drawn frequent filling lacunae analogy commonly provisions order achieve substantial<link ns0:type="simple" ns0:href="../495/231495.xml">coherence</link>analogy previous judicial decisions common decisions binding<link ns0:type="simple" ns0:href="../653/170653.xml">authorities</link></p></ss2><ss2><st>analogies precedent case law</st><p>contrast<link ns0:type="simple" ns0:href="../254/5254.xml">common law</link>systems precedent cases primary source law analogies codes statutes rare coherent system incursions common law analogies drawn precedent cases judge finds facts case hand extent analogous application rule established previous case justified</p></ss2></ss1><ss1><st>engineering</st><p>physical<link ns0:type="simple" ns0:href="../718/72718.xml">prototype</link>built model represent physical object example<link ns0:type="simple" ns0:href="../247/38247.xml">wind tunnels</link>test scale models wings aircraft analog fullsize wings aircraft</p><p>example<computer wordnetid="103082979" confidence="0.8"><artifact wordnetid="100021939" confidence="0.8"><instrumentality wordnetid="103575240" confidence="0.8"><device wordnetid="103183080" confidence="0.8"><machine wordnetid="103699975" confidence="0.8"><link ns0:type="simple" ns0:href="../105/2110105.xml">moniac</link></machine></device></instrumentality></artifact></computer><link ns0:type="simple" ns0:href="../ury/25th_century.xml">analog computer</link>flow water pipes analog flow money economy</p></ss1></sec><sec><st /><p><list><entry level="1" type="bullet">list thinkingrelated topics</entry><entry level="1" type="bullet"><link ns0:type="simple" ns0:href="../710/72710.xml">conceptual metaphor</link></entry><entry level="1" type="bullet"><link ns0:type="simple" ns0:href="../603/540603.xml">conceptual blending</link></entry><entry level="1" type="bullet"><idea wordnetid="105833840" confidence="0.8"><misconception wordnetid="105893653" confidence="0.8"><fallacy wordnetid="105893916" confidence="0.8"><link ns0:type="simple" ns0:href="../025/1116025.xml">false analogy</link></fallacy></misconception></idea></entry><entry level="1" type="bullet">portal thinking</entry><entry level="1" type="bullet"><link ns0:type="simple" ns0:href="../518/20518.xml">metaphor</link></entry><entry level="1" type="bullet"><link ns0:type="simple" ns0:href="../837/1837.xml">allegory</link></entry></list></p></sec><sec><st>external links references</st><p><image location="none" width="50px" src="Wiktionary-logo-en.svg"><caption>wiktionary</caption></image><web_site wordnetid="106359193" confidence="0.9508927676800064"><link ns0:type="simple" ns0:href="../658/156658.xml">wiktionary</link></web_site>free dictionary</p><p><list><entry level="1" type="bullet"><weblink ns0:type="simple" ns0:href="http://etext.lib.virginia.edu/cgi-local/DHI/dhi.cgi?id=dv1-09">dictionary history ideas</weblink>analogy early greek thought</entry><entry level="1" type="bullet"><weblink ns0:type="simple" ns0:href="http://etext.lib.virginia.edu/cgi-local/DHI/dhi.cgi?id=dv1-10">dictionary history ideas</weblink>analogy patristic medieval thought</entry><entry level="1" type="bullet"><weblink ns0:type="simple" ns0:href="http://plato.stanford.edu/entries/analogy-medieval/">stanford encyclopedia philosophy</weblink>medieval theories analogy</entry><entry level="1" type="bullet"><weblink ns0:type="simple" ns0:href="http://www.psych.northwestern.edu/psych/people/faculty/gentner/publications2.htm">dedre gentners publications</weblink>analogy download</entry><entry level="1" type="bullet"><weblink ns0:type="simple" ns0:href="http://www.coe.uga.edu/twa/">shawn glynns publications</weblink>teaching analogies download</entry><entry level="1" type="bullet"><weblink ns0:type="simple" ns0:href="http://reasoninglab.psych.ucla.edu/KeithPublications.htm">keith holyoaks publications</weblink>analogy download</entry><entry level="1" type="bullet"><weblink ns0:type="simple" ns0:href="http://nbu.bg/cogs/personal/kokinov/index.html">boicho kokinovs publications</weblink>analogy download</entry><entry level="1" type="bullet">chalmers chalmers french hofstadter<weblink ns0:type="simple" ns0:href="http://consc.net/papers/highlevel.pdf">highlevel perception representation analogy</weblink></entry><entry level="1" type="bullet">forbus<weblink ns0:type="simple" ns0:href="http://www.psych.northwestern.edu/psych/people/faculty/gentner/newpdfpapers/ForbusGentner98.pdf">analogy highlevel perception</weblink></entry><entry level="1" type="bullet">gentner holyoak kokinov eds<weblink ns0:type="simple" ns0:href="http://cognet.mit.edu/library/books/view?isbn=0262571390">analogical mind perspectives cognitive science</weblink>cambridge mit press isbn</entry><entry level="1" type="bullet">hofstadter<weblink ns0:type="simple" ns0:href="http://prelectur.stanford.edu/lecturers/hofstadter/analogy.html">analogy core cognition</weblink><link ns0:type="simple" ns0:href="../260/1940260.xml">dedre gentner</link><link ns0:type="simple" ns0:href="../962/5644962.xml">keith holyoak</link><physical_entity wordnetid="100001930" confidence="0.8"><person wordnetid="100007846" confidence="0.8"><causal_agent wordnetid="100007347" confidence="0.8"><scientist wordnetid="110560637" confidence="0.8"><link ns0:type="simple" ns0:href="../389/3559389.xml">boicho kokinov</link></scientist></causal_agent></person></physical_entity>eds analogical mind perspectives cognitive science cambridge mit press<link>bradford book</link></entry><entry level="1" type="bullet">holland holyoak nisbett thagard<weblink ns0:type="simple" ns0:href="http://cognet.mit.edu/library/books/view?isbn=0262580969">induction processes inference learning discovery</weblink>cambridge mit press isbn</entry><entry level="1" type="bullet">holyoak thagard<weblink ns0:type="simple" ns0:href="http://cognet.mit.edu/library/books/view?isbn=0262581442">mental leaps analogy creative thought</weblink>cambridge mit press isbn</entry><entry level="1" type="bullet">holyoak thagard<weblink ns0:type="simple" ns0:href="http://cogsci.uwaterloo.ca/Articles/Pages/Analog.Mind.html">analogical mind</weblink></entry><entry level="1" type="bullet">hummel holyoak<weblink ns0:type="simple" ns0:href="http://reasoninglab.psych.ucla.edu/KH%20pdfs/hummel holyoak_cdips_2005.pdf">relational reasoning neurally plausible cognitive architecture</weblink></entry><entry level="1" type="bullet">itkonen analogy structure process amsterdamphiladelphia john benjamins publishing company</entry><entry level="1" type="bullet">juthe<weblink ns0:type="simple" ns0:href="http://www.cs.hut.fi/Opinnot/T-93.850/2005/Papers/juthe2005-analogy.pdf">argument analogy</weblink>argumentation</entry><entry level="1" type="bullet">kokinov<weblink ns0:type="simple" ns0:href="http://nbu.bg/cogs/personal/kokinov/ambr94.pdf">hybrid model reasoning analogy</weblink></entry><entry level="1" type="bullet">kokinov petrov<weblink ns0:type="simple" ns0:href="http://nbu.bg/cogs/personal/kokinov/Analogy Memory(2002).pdf">integration memory reasoning analogymaking</weblink></entry><entry level="1" type="bullet">lamond<weblink ns0:type="simple" ns0:href="http://plato.stanford.edu/entries/legal-reas-prec/">precedent analogy legal reasoning</weblink><work wordnetid="104599396" confidence="0.8"><product wordnetid="104007894" confidence="0.8"><encyclopedia wordnetid="106427387" confidence="0.8"><creation wordnetid="103129123" confidence="0.8"><artifact wordnetid="100021939" confidence="0.8"><book wordnetid="106410904" confidence="0.8"><reference_book wordnetid="106417598" confidence="0.8"><publication wordnetid="106589574" confidence="0.8"><link ns0:type="simple" ns0:href="../356/357356.xml">stanford encyclopedia philosophy</link></publication></reference_book></book></artifact></creation></encyclopedia></product></work></entry><entry level="1" type="bullet">langacker ronald foundations cognitive grammar theoretical prerequisites stanford stanford university press</entry><entry level="1" type="bullet">analogy science rhetoric society quarterly</entry><entry level="1" type="bullet">role analogy george gamows derivation drop energy technical communication quarterly</entry><entry level="1" type="bullet">morrison dietrich<weblink ns0:type="simple" ns0:href="http://eksl.cs.umass.edu/~clayton/publications/CogSci95/SM-v-HLP.pdf">structuremapping highlevel perception</weblink></entry><entry level="1" type="bullet">shelley multiple analogies science philosophy amsterdamphiladelphia john benjamins publishing company</entry><entry level="1" type="bullet">turney littman<weblink ns0:type="simple" ns0:href="http://arxiv.org/abs/cs.LG/0508103">corpusbased learning analogies semantic relations</weblink>machine learning</entry><entry level="1" type="bullet">turney<weblink ns0:type="simple" ns0:href="http://arxiv.org/abs/cs.CL/0608100">similarity semantic relations</weblink>computational linguistics</entry></list></p><p><list><entry level="1" type="definition">applications examples</entry><entry level="1" type="bullet"><weblink ns0:type="simple" ns0:href="http://student.dei.uc.pt/~racosta/jmapper">jmapper java library analogymetaphor generation</weblink></entry></list></p></sec></bdy></argument></article>