<article xmlns:ns0="http://www.w3.org/1999/xlink"><code confidence="0.9511911446218017" wordnetid="106667317"><header><title>list atmospheric radiative transfer codes</title><id /><revision><id /><timestamp /><contributor><username>vortex</username><id /></contributor></revision><categories><category>sciencerelated lists</category><category>atmospheric radiative transfer codes</category></categories></header><bdy>list atmospheric radiative transfer codes article list atmospheric radiative transfer codes applications<sec><st>classification</st><p>compilation information<link ns0:type="simple" ns0:href="../600/10395600.xml">atmospheric radiative transfer</link>relevant databases atmospheric radiation<link ns0:type="simple" ns0:href="../048/2282048.xml">parameterizations</link>public domain codes grouped separately commercial codes codes classified criteria</p><p><list><entry level="1" type="bullet">solver method numerical discretization<link ns0:type="simple" ns0:href="../371/2925371.xml">radiative transfer</link>equationexamples include discrete ordinate method<technique wordnetid="105665146" confidence="0.8"><know-how wordnetid="105616786" confidence="0.8"><method wordnetid="105660268" confidence="0.8"><link ns0:type="simple" ns0:href="../098/56098.xml">monte carlo method</link></method></know-how></technique>adding doubling metod geometry plane parallel three dimensional</entry><entry level="1" type="bullet">properties<link ns0:type="simple" ns0:href="../899/202899.xml">atmosphere</link><link ns0:type="simple" ns0:href="../483/164483.xml">single scattering properties</link><link ns0:type="simple" ns0:href="../795/731795.xml">cloud</link>droplets<link ns0:type="simple" ns0:href="../946/14946.xml">ice crystals</link><link ns0:type="simple" ns0:href="../688/286688.xml">aerosols</link>scattering absorbing properties air molecules</entry><entry level="1" type="bullet">characterization boundary conditions<link ns0:type="simple" ns0:href="../038/1687038.xml">bidirectional reflectance distribution function</link><link ns0:type="simple" ns0:href="../039/39.xml">albedo</link></entry><entry level="1" type="bullet">type output<link ns0:type="simple" ns0:href="../970/556970.xml">irradiance</link><link ns0:type="simple" ns0:href="../592/532592.xml">radiance</link></entry></list></p><ss1><st>public molecular absorption databases</st><p><table class="wikitable"><row style="background-color: #efefef;"><header /><header>author</header><header>type</header><header>description</header></row><row><col><link ns0:type="simple" ns0:href="../056/10399056.xml">hitran</link></col><col>rothman</col><col>hitran compilation spectroscopic parameters variety computer codes predict simulate transmission emission light atmosphere original version created air force cambridge laboratories database maintained developed harvardsmithsonian center astrophysics cambridge usa</col></row><row><col><link ns0:type="simple" ns0:href="../008/17097008.xml">geisa</link></col><col>jacquinethusson</col><col>geisa gestion etude des informations spectroscopiques atmosphriques management study spectroscopic information computeraccessible spectroscopic database designed facilitate accurate forward radiative transfer calculations linebyline layerbylayer approach started three decades laboratoire mtorologie dynamique lmdipsl france geisa maintained ara group lmd ecole polytechnique scientific ether group cnrs centre national recherche scientifiquefrance ipsl institut pierre simon laplace technical currently geisa involved activities assessment capabilities iasi infrared atmospheric sounding interferometer board metop european satellite geisaiasi database derived geisa</col></row></table></p></ss1><ss1><st>public codes</st><p><table class="wikitable"><row style="background-color: #efefef;"><header /><header>author</header><header>type</header><header>description</header></row><row><col><weblink ns0:type="simple" ns0:href="http://www.spectralcalc.com/">linepak</weblink></col><col>gats</col><col>transmittanceradiance modeling software</col></row><row><col><link ns0:type="simple" ns0:href="../062/18950062.xml">lblrtm</link></col><col>atmospheric environmental</col><col>radiative transfer model</col></row><row><col><link ns0:type="simple" ns0:href="../702/10426702.xml">genln</link></col><col>edwards edwards</col><col>edwards linebyline atmospheric transmissionradiance model</col></row><row><col><link>firearms</link></col><col>gribanov</col><col>linebyline lookup table model retrieval options</col></row><row><col><link>kcarta</link></col><col>desouzamachado</col><col>infrared pseudo linebyline radiative transfer code compressed lookup tables</col></row><row><col><link ns0:type="simple" ns0:href="../478/340478.xml">rfm</link></col><col>dudhia onwards</col><col>reference forward model multipurpose linebyline model originally based genln</col></row><row><col><link ns0:type="simple" ns0:href="../730/17096730.xml">aop</link></col><col>scott chdin noveltis lmd cnes</col><col>operational fast accurate radiative transfer model infrared based atlases monochromatic optical thicknesses computed linebyline layerbylayer</col></row></table>fascode notable code<link ns0:type="simple" ns0:href="../056/10399056.xml">hitran</link></p></ss1><ss1><st>public band transmission models</st><p>band transmission models estimate radiative fluxes example solar infrared radiance irradiance earths surface free atmosphere things estimate amount incoming solar energy</p><p><table class="wikitable"><row style="background-color: #efefef;"><header /><header>author</header><header>type</header><header>description</header></row><row><col><weblink ns0:type="simple" ns0:href="http://www.gats-inc.com/bandpak.htm">bandpak</weblink></col><col>gats</col><col>band transmittanceradiance model</col></row><row><col><link>spctral</link></col><col>bird riordan</col><col>transmission model</col><col>simple spectral irradiance model produces terrestrial spectra resolution inputs model include solar zenith angle collector tilt angle atmospheric turbidity amount precipitable water vapor ozone surface pressure ground albedo</col></row><row><col>gregg carder</col><col>transmission model</col><col>calculates spectral transmission visible solar radiation takes account rayleigh scattering ozone oxygen marine aerosol scattering absorption</col></row><row><col><written_communication wordnetid="106349220" confidence="0.8"><code wordnetid="106667317" confidence="0.8"><link ns0:type="simple" ns0:href="../662/3766662.xml">modtran</link></code></written_communication></col><col>berk</col><col>transmission model multiple scattering<written_communication wordnetid="106349220" confidence="0.8"><code wordnetid="106667317" confidence="0.8"><link ns0:type="simple" ns0:href="../790/10414790.xml">disort</link></code></written_communication>option</col><col>moderate resolution transmittance<written_communication wordnetid="106349220" confidence="0.8"><code wordnetid="106667317" confidence="0.8"><link ns0:type="simple" ns0:href="../662/3766662.xml">modtran</link></code></written_communication>code calculates atmospheric transmittance radiance frequencies moderate spectral resolution original development modtran driven higher spectral resolution greater accuracy provided lowtran series band model algorithms molecular band model parameterization modtran adopts lowtran capabilities including spherical refractive geometry solar lunar source functions scattering rayleigh mie single multiple default profiles gases aerosols clouds fogs rain</col></row><row><col><written_communication wordnetid="106349220" confidence="0.8"><code wordnetid="106667317" confidence="0.8"><link ns0:type="simple" ns0:href="../589/10414589.xml" /></code></written_communication></col><col>vermote</col><col>transmission model</col><col>simulation satellite signal solar spectrum developed laboratoire doptique atmospherique code permits calculations nearnadir downlooking aircraft observations lambertian surface conditions absorbing gases rayleigh scattering aerosol scattering effects spectral resolution<p>landsat etm adapted version</p><p>vector polarized radiative transfer</p></col></row><row><col><link ns0:type="simple" ns0:href="../144/18950144.xml">rrtm</link></col><col>mlawer</col><col>radiative transfer band model multiple scattering<written_communication wordnetid="106349220" confidence="0.8"><code wordnetid="106667317" confidence="0.8"><link ns0:type="simple" ns0:href="../790/10414790.xml">disort</link></code></written_communication>option</col><col>rrtm correlated kdistribution band radiation model calculating longwave shortwave atmospheric fluxes heating rates gaseous absorption coefficients provided<link ns0:type="simple" ns0:href="../062/18950062.xml">lblrtm</link>gaseous absorption water vapor carbon dioxide ozone oxygen methane nitrous oxide halocarbons included clouds aerosols treated<written_communication wordnetid="106349220" confidence="0.8"><code wordnetid="106667317" confidence="0.8"><link ns0:type="simple" ns0:href="../790/10414790.xml">disort</link></code></written_communication>multiple scattering capability</col></row><row><col><link ns0:type="simple" ns0:href="../375/18950375.xml">rrtmg</link></col><col>iacono</col><col>radiative transfer band model stream multiple scattering option</col><col>rrtmg accelerated version<link ns0:type="simple" ns0:href="../144/18950144.xml">rrtm</link>improved efficiency minimal loss accuracy application general circulation models differs rrtm stream solver multiple scattering includes aerosol absorption longwave applies montecarlo independent column approximation mcica treat subgrid scale cloud variability</col></row></table></p><p>transmission band codes include lowtran kneizs obsolete moderate spectral atmospheric radiance transfer mosart smac rahman dedieu simplified method atmospheric correction satellite measurements solar spectrum lidarpc</p></ss1><ss1><st>public multiple scattering planeparallel</st><p><table class="wikitable"><row style="background-color: #efefef;"><header /><header>author</header><header>type</header><header>description</header></row><row><col>sbdart</col><col>paul ricchiazzi shiren yang catherine gautier</col><col>plane parallel</col><col>sbdart santa barbara disort atmospheric radiative transfer fortran computer code designed analysis wide variety radiative transfer problems encountered satellite remote sensing atmospheric energy budget studies</col></row><row><col>fuliou</col><col /><col>plane parallel</col><col>stream radiative transfer solver</col></row><row><col><written_communication wordnetid="106349220" confidence="0.8"><code wordnetid="106667317" confidence="0.8"><link ns0:type="simple" ns0:href="../790/10414790.xml">disort</link></code></written_communication></col><col>stamnes tsay wiscombe stamnes thomas stamnes</col><col>discrete ordinate planeparallel</col><col>nstream plane parallel code</col></row><row><col>key key schweiger</col><col>based disort</col><col>streamer radiative transfer model computing radiances intensities irradiances fluxes wide variety atmospheric surface conditions</col></row><row><col>key</col><col>neural networks</col><col>fluxnet neural network version based radiative transfer equations set input data consisting surface cloud atmospheric characteristics fluxnet calculates upwelling downwelling surface flux shortwave longwave flexible streamer fluxnet faster orders magnitude making ideal large batch jobs image processing</col></row><row><col>shdompp shdomppda</col><col>evans</col><col>shdompp planeparallel version shdom shdomppda version shdompp data assimilation shdomppda includes forward tangent linear adjoint models shdompp packaged fortran module easy interface</col></row><row><col>crm</col><col>column radiation model crm standalone version radiation model ncar community climate model ccm</col></row><row><col>libradtran</col><col>mayer hamann kylling mayer kylling</col><col>libradtran software package suite tools radiative transfer calculations earths atmosphere compute radiances irradiances actinic fluxes solar terrestrial spectrum</col></row><row><col>sciatran</col><col>rozanov rozanov rozanov</col><col>planeparallel pseudospherical approximative spherical fully spherical multiple scattering</col><col>sciatran linearized radiative transfer model designed simulate scattered solar radiation weighting functions atmospheric parameters uvvisible nearir spectral range viewing geometry nadir zenith offaxis limb observer position atmosphere</col></row><row><col>karine</col><col>eymet</col><col>planeparallel montecarlo netexchange formulation</col><col>karine fortran code radiative transfer simulations analysis planetary atmospheres montecarlo algorithm optimized fast accurate highly absorbing scattering atmospheres netexchange formulation helps understand radiative energy redistributions vertical applicable planetary atmosphere kdistribution data set provided input</col></row><row><col>rtmom</col><col>govaerts</col><col>planeparallel matrix operator multiple scattering solar infraread</col><col>rtmom onedimensional radiative transfer model written fortran language simulates radiation propagation planeparallel atmosphere composed horizontally homogeneous layers bounded anisotropic scattering surface layers aerosols andor clouds assuming elastic scattering atmosphere composed absorbing gases including water vapour ozone carbon dioxide gaseous absorption calculated kdistribution method radiative transfer equation solved matrix operator method solar thermal contributions radiative field calculated spectral resolutions ranging</col></row></table></p><p>notable codes include adding atrad adding doubling code written wiscombe nakajimas university tokyo code code chou polradtran planeparallel fullypolarized atmospheric radiative transfer model evans starneuro written schwander combines radiative transfer model technique neural networks sharm lyapustin model</p></ss1><ss1><st>public multiplescattering threedimensional</st><p><table class="wikitable"><row style="background-color: #efefef;"><header /><header>author</header><header>type</header><header>description</header></row><row><col>shdom</col><col>evans</col><col>spherical harmonics</col><col>program computes unpolarized monochromatic spectral band radiative transfer threedimensional medium collimated solar andor thermal emission sources radiation properties medium completely generally extinction single scattering albedo legendre coefficients scattering phase function temperature wavelength spectral band input grid point radiances angle hemispheric fluxes net fluxes radiances net flux convergence heating rates output domain</col></row><row><col>irc</col><col>community model development led pincus</col><col>monte carlo</col><col>international intercomparison dimensional radiative transfer codes irc project sponsored development community monte carlo code simulates solar radiative transfer atmosphere model calculate radiative fluxes radiances view direction top bottom domain radiative heating rates domain provide scene average values complete fields current version includes generalpurpose radiative transfer solver well tools create inputs cloud droplet scattering properties calculated mie theory users extend code types calculations</col></row></table>codes include jeff haferman dom vdom andrea macke mclayer montecarlo code mclm lihong</p></ss1><ss1><st>public oceanatmosphere codes</st><p><table class="wikitable"><row style="background-color: #efefef;"><header /><header>author</header><header>type</header><header>description</header></row><row><col>coart</col><col>zhonghai jin</col><col>discrete ordinates</col><col>coupled ocean atmosphere radiative transfer coart model applied radiative transfer problems coupled atmosphereocean system</col></row></table>code femrad finite element method</p></ss1><ss1><st>public vector polarization codes</st><p><table class="wikitable"><row style="background-color: #efefef;"><header /><header>author</header><header>type</header><header>description</header></row><row><col><written_communication wordnetid="106349220" confidence="0.8"><code wordnetid="106667317" confidence="0.8"><link ns0:type="simple" ns0:href="../589/10414589.xml" /></code></written_communication></col><col>vermote kotchenova kotchenova vermote</col><col>planeparallel transmission model multiple scattering</col><col>second simulation satellite signal solar spectrum vector version basic code calculation lookup tables modis atmospheric correction algorithm enables accurate simulations satellite plane observations accounting elevated targets anisotropic lambertian surfaces calculation gaseous absorption code based vector method successive orders scattering sos approximations effects polarization included calculation components stokes vector</col></row></table></p></ss1></sec><sec><st>history</st><p>compilation originally rtelib maintained piotr flatau scripps institution oceanography</p></sec><sec><st>references</st><ss1><st>books</st><p>subsection list books general content document radiative transfer codes complete list atmospheric radiative transfer books article<link ns0:type="simple" ns0:href="../600/10395600.xml">atmospheric radiative transfer codes</link>mobley documents great detail<link>hydrolight</link>code ocean optics applications thomas stamnes describes<written_communication wordnetid="106349220" confidence="0.8"><code wordnetid="106667317" confidence="0.8"><link ns0:type="simple" ns0:href="../790/10414790.xml">disort</link></code></written_communication>code</p><p><list><entry level="1" type="bullet">mobley curtis light water radiative transfer natural waters based collaborations rudolph preisendorfer san diego academic press isbn</entry></list></p><p><list><entry level="1" type="bullet">thomas gary eand knut stamnes radiative transfer atmosphere ocean cambridge york cambridge university press isbn</entry></list></p></ss1><ss1><st>original papers reports</st><p>original papers reports documenting atmospheric radiative transfer codes</p><p><list><entry level="1" type="bullet">berk bernstein anderson acharya robertson chetwynd adlergolden modtran cloud multiple scattering upgrades application aviris remote sensing envionment sep</entry></list></p><p><list><entry level="1" type="bullet">bird riordan simple solar spectral model direct diffuse irradiance horizontal tilted planes earths surface cloudless atmospheres technical report seritr golden solar energy institute</entry></list></p><p><list><entry level="1" type="bullet">cahalan oreopoulos marshak evans davis pincus yetzer mayer davies ackerman barker clothiaux ellingson garay kassianov kinne macke ohirok partain prigarin rublev stephens szczap takara varnai wen zhuravleva international intercomparison radiation codes irc bringing advanced radiative transfer tools cloudy atmospheres bull amer meteor soc</entry></list></p><p><list><entry level="1" type="bullet">edwards genln general linebyline atmospheric transmittance radiance model version description users guide ncartnstr national center atmospheric boulder</entry></list></p><p><list><entry level="1" type="bullet">edwards genln oxford linebyline atmospheric transmissionradiance model dept atmospheric oceanic planetary physics memorandum university oxford</entry></list></p><p><list><entry level="1" type="bullet">evans franklin shdomppda radiative transfer model cloudy sky data assimilation journal atmospheric sciences press</entry></list></p><p><list><entry level="1" type="bullet">eymet fournier blanco dufresne boundarybased netexchange montecarlo method absorbing scattering thick media quant spectrosc radiat transfer</entry></list></p><p><list><entry level="1" type="bullet">gregg carder simple spectral solar irradiance model cloudless maritime atmospheres limnol oceanogr</entry></list></p><p><list><entry level="1" type="bullet">gordley marshall chu linepak algorithm modeling spectral transmittance radiance quant spectrosc radiat transfer</entry></list></p><p><list><entry level="1" type="bullet">gribanov zakharov tashkun tyuterev vlg software tool radiative transfer calculations application imgadeos data jqsrt</entry></list></p><p><list><entry level="1" type="bullet">halthore rangasayi crisp david schwartz stephen anderson berk bonnel boucher chang fulung chou mingdah clothiaux eugene dubuisson fomin boris fouquart freidenreich gautier catherine kato seiji laszlo istvan mather planafattori artemio ramaswamy ricchiazzi shiren trishchenko wiscombe intercomparison shortwave radiative transfer codes measurements geophys res test input output cases evaluating radiative transfer codes</entry></list></p><p><list><entry level="1" type="bullet">iacono delamere mlawer shephard clough collins radiative forcing longlived greenhouse gases calculations aer radiative transfer models geophys res doijd</entry></list></p><p><list><entry level="1" type="bullet">key schweiger tools atmospheric radiative transfer streamer fluxnet computers geosciences</entry></list></p><p><list><entry level="1" type="bullet">kneizys shettle gallery chetwynd abreu jea selby clough fenn atmospheric transmittanceradiance computer code lowtran air force geophysics laboratroy report afgltr hanscom afb</entry></list></p><p><list><entry level="1" type="bullet">kotchenova vermote matarrese klemm validation vector version radiative transfer code atmospheric correction satellite data path radiance appl opt</entry></list></p><p><list><entry level="1" type="bullet">kotchenova vermote validation vector version radiative transfer code atmospheric correction satellite data homogeneous lambertian anisotropic surfaces appl opt press</entry></list></p><p><list><entry level="1" type="bullet">lyapustin radiative transfer code sharm atmospheric terrestrial applications appl opt</entry></list></p><p><list><entry level="1" type="bullet">mayer kylling technical note libradtran software package radiative transfer calculations description examples atmos chem phys</entry></list></p><p><list><entry level="1" type="bullet">marshall gordley bandpak algorithms modeling broadband transmission radiance quant spectrosc radiat transfer</entry></list></p><p><list><entry level="1" type="bullet">mlawer taubman brown iacono clough radiative transfer inhomogeneous atmospheres rrtm validated correlatedk model longwave geophys res doijd</entry></list></p><p><list><entry level="1" type="bullet">rothman jacquemart barbe benner birk brown carleer chackerian chance coudert dana devi flaud gamache goldman hartmann jucks maki mandin massie orphal perrin rinsland smith mah tennyson tolchenov toth vander auwera varanasi wagner hitran molecular spectroscopic database source journal quantitative spectroscopy radiative transfer dec</entry></list></p><p><list><entry level="1" type="bullet">rozanov rozanov buchwitz kokhanovsky burrows sciatran radiative transfer model geophysical applications spectral region adv space res doijasr</entry></list></p><p><list><entry level="1" type="bullet">schwander kaifel ruggaber koepke spectral radiative transfer modelling minimized computation time neural network technique appl opt</entry></list></p><p><list><entry level="1" type="bullet">stamnes tsay wiscombe jayaweera numerically stable algorithm discreteordinatemethod radiative transfer multiple scattering emitting layered media appl opt</entry></list></p><p><list><entry level="1" type="bullet">vermote tanre deuze herman morcrette second simulation satellite signal solar spectrum overview ieee transactions geoscience remote sensing</entry></list></p></ss1></sec></bdy></code></article>