<article xmlns:ns0="http://www.w3.org/1999/xlink"><technique confidence="0.8" wordnetid="105665146"><system confidence="0.8" wordnetid="108435388"><know-how confidence="0.8" wordnetid="105616786"><method confidence="0.8" wordnetid="105660268"><group confidence="0.8" wordnetid="100031264"><network confidence="0.8" wordnetid="108434259"><header><title>network analysis</title><id /><revision><id /><timestamp /><contributor><username>synthebot</username><id /></contributor></revision></header><bdy>network analysis refer<p><list><entry level="1" type="bullet">analysis general networks<link ns0:type="simple" ns0:href="../409/766409.xml">network theory</link></entry></list></p><p><list><entry level="1" type="bullet">electrical network analysis<link ns0:type="simple" ns0:href="../611/735611.xml">network analysis electronics</link></entry></list></p><p><list><entry level="1" type="bullet"><link ns0:type="simple" ns0:href="../726/325726.xml">social network analysis</link></entry></list></p></bdy></network></group></method></know-how></system></technique></article>