<article xmlns:ns0="http://www.w3.org/1999/xlink"><header><title>anarchism ireland</title><id /><revision><id /><timestamp /><contributor><username>sardanaphalus</username><id /></contributor></revision><categories><category>anarchism country</category><category>history anarchism</category></categories></header><bdy><table style=" margin:0 0 1.0em 1.0em; text-align:center; line-height:1.4em; font-size:88%; width:18.0em; " cellpadding="0" class="infobox  " cellspacing="0"><row><col style="padding-top:0.2em; padding-bottom:0; font-size:85%; line-height:1.2em; ">philosophythe philosophy serieson</col></row><row><col style="padding:0.1em 0.4em 0.2em; line-height:1.1em; font-size:145%; font-weight:bold; border-bottom:1px solid #aaa; font-size:220%;  border:none;" class=""><link ns0:type="simple" ns0:href="../012/12.xml">anarchism</link></col></row><row><col style="padding-top:0.4em; padding-right:0.4em; padding-left:0.4em; padding-bottom:0.4em; border-bottom:1px solid #aaa; padding-bottom:0.8em;" class=""><image width="110px" src="Anarchy-symbol.svg"><caption>circlea anarchy symbol</caption></image></col></row><row><col style=" padding-right:0.4em; padding-bottom:0.4em; padding-left:0.4em; padding-bottom:0.4em; border-bottom:solid 1px #aaa; padding-top:0.4em; "><p><event wordnetid="100029378" confidence="0.8"><change wordnetid="100191142" confidence="0.8"><issue wordnetid="105814650" confidence="0.8"><action wordnetid="100037396" confidence="0.8"><motion wordnetid="100331950" confidence="0.8"><act wordnetid="100030358" confidence="0.8"><psychological_feature wordnetid="100023100" confidence="0.8"><link ns0:type="simple" ns0:href="../456/13550456.xml">schools</link></psychological_feature></act></motion></action></issue></change></event><school wordnetid="108276720" confidence="0.8"><educational_institution wordnetid="108276342" confidence="0.8"><institution wordnetid="108053576" confidence="0.8"><link ns0:type="simple" ns0:href="../975/770975.xml">agorism</link></institution></educational_institution></school><position wordnetid="106208751" confidence="0.8"><link ns0:type="simple" ns0:href="../171/4563171.xml">buddhist</link></position><school wordnetid="108276720" confidence="0.8"><political_orientation wordnetid="106212839" confidence="0.8"><educational_institution wordnetid="108276342" confidence="0.8"><institution wordnetid="108053576" confidence="0.8"><link ns0:type="simple" ns0:href="../023/1023.xml">capitalist</link></institution></educational_institution></political_orientation></school><controversy wordnetid="107183151" confidence="0.8"><event wordnetid="100029378" confidence="0.8"><dispute wordnetid="107181935" confidence="0.8"><change wordnetid="100191142" confidence="0.8"><action wordnetid="100037396" confidence="0.8"><disagreement wordnetid="107180787" confidence="0.8"><motion wordnetid="100331950" confidence="0.8"><act wordnetid="100030358" confidence="0.8"><psychological_feature wordnetid="100023100" confidence="0.8"><speech_act wordnetid="107160883" confidence="0.8"><link ns0:type="simple" ns0:href="../351/371351.xml">christian</link></speech_act></psychological_feature></act></motion></disagreement></action></change></dispute></event></controversy><school wordnetid="108276720" confidence="0.8"><educational_institution wordnetid="108276342" confidence="0.8"><institution wordnetid="108053576" confidence="0.8"><link ns0:type="simple" ns0:href="../326/4450326.xml">collectivist</link></institution></educational_institution></school><school wordnetid="108276720" confidence="0.8"><political_orientation wordnetid="106212839" confidence="0.8"><educational_institution wordnetid="108276342" confidence="0.8"><institution wordnetid="108053576" confidence="0.8"><link ns0:type="simple" ns0:href="../865/17865.xml">communist</link></institution></educational_institution></political_orientation></school><software wordnetid="106566077" confidence="0.8"><application wordnetid="106570110" confidence="0.8"><program wordnetid="106568978" confidence="0.8"><written_communication wordnetid="106349220" confidence="0.8"><writing wordnetid="106359877" confidence="0.8"><code wordnetid="106355894" confidence="0.8"><coding_system wordnetid="106353757" confidence="0.8"><link ns0:type="simple" ns0:href="../427/222427.xml">cryptoanarchism</link></coding_system></code></writing></written_communication></program></application></software><link ns0:type="simple" ns0:href="../074/222074.xml">feminist</link><link ns0:type="simple" ns0:href="../052/470052.xml">free market</link><right wordnetid="105174653" confidence="0.8"><link ns0:type="simple" ns0:href="../514/98514.xml">green</link></right><link ns0:type="simple" ns0:href="../936/14936.xml">individualist</link><event wordnetid="100029378" confidence="0.8"><change wordnetid="100191142" confidence="0.8"><action wordnetid="100037396" confidence="0.8"><motion wordnetid="100331950" confidence="0.8"><act wordnetid="100030358" confidence="0.8"><psychological_feature wordnetid="100023100" confidence="0.8"><link ns0:type="simple" ns0:href="../486/1113486.xml">infoanarchism</link></psychological_feature></act></motion></action></change></event><link ns0:type="simple" ns0:href="../779/2836779.xml">insurrectionary</link><link ns0:type="simple" ns0:href="../661/1710661.xml">leftist</link><school wordnetid="108276720" confidence="0.8"><political_orientation wordnetid="106212839" confidence="0.8"><educational_institution wordnetid="108276342" confidence="0.8"><institution wordnetid="108053576" confidence="0.8"><link ns0:type="simple" ns0:href="../997/1799997.xml">mutualist</link></institution></educational_institution></political_orientation></school><link ns0:type="simple" ns0:href="../735/179735.xml">pacifist</link><link ns0:type="simple" ns0:href="../796/23796.xml">pananarchist</link><political_orientation wordnetid="106212839" confidence="0.8"><link ns0:type="simple" ns0:href="../545/8817545.xml">philosophical</link></political_orientation><link ns0:type="simple" ns0:href="../888/2419888.xml">platformist</link><link ns0:type="simple" ns0:href="../010/2557010.xml">postanarchist</link><link ns0:type="simple" ns0:href="../863/11630863.xml">postcolonial</link><link ns0:type="simple" ns0:href="../266/1547266.xml">postleftist</link><political_orientation wordnetid="106212839" confidence="0.8"><link ns0:type="simple" ns0:href="../405/98405.xml">primitivist</link></political_orientation><link ns0:type="simple" ns0:href="../465/3535465.xml">social anarchism</link><school wordnetid="108276720" confidence="0.8"><political_orientation wordnetid="106212839" confidence="0.8"><educational_institution wordnetid="108276342" confidence="0.8"><institution wordnetid="108053576" confidence="0.8"><link ns0:type="simple" ns0:href="../938/49938.xml">syndicalist</link></institution></educational_institution></political_orientation></school><link ns0:type="simple" ns0:href="../697/2052697.xml">anarchism adjectives</link><political_orientation wordnetid="106212839" confidence="0.8"><link ns0:type="simple" ns0:href="../445/4716445.xml">zen</link></political_orientation></p></col></row><row><col style=" padding-right:0.4em; padding-bottom:0.4em; padding-left:0.4em; border-bottom:solid 1px #aaa; padding-top:0.4em; "><p>theory practice<link ns0:type="simple" ns0:href="../784/3857784.xml">anarch</link><link ns0:type="simple" ns0:href="../466/2594466.xml">anarchy</link><link ns0:type="simple" ns0:href="../543/172543.xml">black bloc</link><link ns0:type="simple" ns0:href="../298/13887298.xml">communes</link><link ns0:type="simple" ns0:href="../903/165903.xml">consensus democracy</link><link ns0:type="simple" ns0:href="../139/49139.xml">decentralization</link><link ns0:type="simple" ns0:href="../109/172109.xml">deep ecology</link><link ns0:type="simple" ns0:href="../976/105976.xml">direct action</link><politics wordnetid="113840719" confidence="0.8"><social_relation wordnetid="100032823" confidence="0.8"><link ns0:type="simple" ns0:href="../816/95816.xml">direct democracy</link></social_relation></politics><link ns0:type="simple" ns0:href="../163/745163.xml">dual power</link><link ns0:type="simple" ns0:href="../558/6205558.xml">especifismo</link><politics wordnetid="113840719" confidence="0.8"><social_relation wordnetid="100032823" confidence="0.8"><link ns0:type="simple" ns0:href="../097/9698097.xml">horizontalidad</link></social_relation></politics><event wordnetid="100029378" confidence="0.8"><change wordnetid="100191142" confidence="0.8"><action wordnetid="100037396" confidence="0.8"><motion wordnetid="100331950" confidence="0.8"><act wordnetid="100030358" confidence="0.8"><psychological_feature wordnetid="100023100" confidence="0.8"><link ns0:type="simple" ns0:href="../799/2616799.xml">illegalism</link></psychological_feature></act></motion></action></change></event><link ns0:type="simple" ns0:href="../455/16064455.xml">individual reclamation</link><issue wordnetid="105814650" confidence="0.8"><link ns0:type="simple" ns0:href="../237/5483237.xml">law</link></issue><link ns0:type="simple" ns0:href="../499/2450499.xml">participatory politics</link><social_group wordnetid="107950920" confidence="0.8"><gathering wordnetid="107975026" confidence="0.8"><community wordnetid="108223802" confidence="0.8"><group wordnetid="100031264" confidence="0.8"><link ns0:type="simple" ns0:href="../174/1128174.xml">permanent autonomous zone</link></group></community></gathering></social_group><link ns0:type="simple" ns0:href="../453/10796453.xml">prefigurative politics</link><idea wordnetid="105833840" confidence="0.8"><concept wordnetid="105835747" confidence="0.8"><category wordnetid="105838765" confidence="0.8"><type wordnetid="105840188" confidence="0.8"><kind wordnetid="105839024" confidence="0.8"><link ns0:type="simple" ns0:href="../130/8233130.xml">private defense agency</link></kind></type></category></concept></idea><technique wordnetid="105665146" confidence="0.8"><know-how wordnetid="105616786" confidence="0.8"><method wordnetid="105660268" confidence="0.8"><link ns0:type="simple" ns0:href="../776/400776.xml">propaganda deed</link></method></know-how></technique><link ns0:type="simple" ns0:href="../646/760646.xml">refusal work</link><link ns0:type="simple" ns0:href="../858/2159858.xml">rewilding</link><link ns0:type="simple" ns0:href="../286/156286.xml">social ecology</link><link ns0:type="simple" ns0:href="../764/866764.xml">spontaneous order</link></p></col></row><row><col style=" padding-right:0.4em; padding-bottom:0.4em; padding-left:0.4em; border-bottom:solid 1px #aaa; padding-top:0.4em; "><p><link ns0:type="simple" ns0:href="../736/5773736.xml">issues</link><link ns0:type="simple" ns0:href="../125/1905125.xml">anarchocapitalism</link><link ns0:type="simple" ns0:href="../733/4398733.xml">animal rights</link><link ns0:type="simple" ns0:href="../918/1249918.xml">capitalism</link><issue wordnetid="105814650" confidence="0.8"><link ns0:type="simple" ns0:href="../432/5349432.xml">criticisms</link></issue><link ns0:type="simple" ns0:href="../710/2112710.xml">islam</link><link ns0:type="simple" ns0:href="../469/1211469.xml">lifestylism</link><link ns0:type="simple" ns0:href="../804/381804.xml">marxism</link><link ns0:type="simple" ns0:href="../358/2382358.xml">nationalism</link><link ns0:type="simple" ns0:href="../409/8364409.xml">orthodox judaism</link><link ns0:type="simple" ns0:href="../770/1332770.xml">religion</link><link ns0:type="simple" ns0:href="../859/105859.xml">violence</link></p></col></row><row><col style="  padding-right:0.4em; padding-bottom:0.4em; padding-left:0.4em; border-bottom:solid 1px #aaa; padding-top:0.4em; "><p><link ns0:type="simple" ns0:href="../286/1063286.xml">history</link><link ns0:type="simple" ns0:href="../524/2590524.xml">amakasu incident</link><social_group wordnetid="107950920" confidence="0.8"><gathering wordnetid="107975026" confidence="0.8"><community wordnetid="108223802" confidence="0.8"><group wordnetid="100031264" confidence="0.8"><link ns0:type="simple" ns0:href="../391/6552391.xml">anarchist catalonia</link></group></community></gathering></social_group><link ns0:type="simple" ns0:href="../166/14602166.xml">anarchist exclusion</link><politics wordnetid="113840719" confidence="0.8"><social_relation wordnetid="100032823" confidence="0.8"><link ns0:type="simple" ns0:href="../209/5675209.xml">anarchy somalia</link></social_relation></politics><link ns0:type="simple" ns0:href="../791/10995791.xml">australian anarchist centenary</link><link ns0:type="simple" ns0:href="../834/817834.xml">barcelona days</link><objection wordnetid="107208338" confidence="0.8"><event wordnetid="100029378" confidence="0.8"><protest wordnetid="107210225" confidence="0.8"><act wordnetid="100030358" confidence="0.8"><psychological_feature wordnetid="100023100" confidence="0.8"><speech_act wordnetid="107160883" confidence="0.8"><link ns0:type="simple" ns0:href="../069/5523069.xml">carnival capitalism</link></speech_act></psychological_feature></act></protest></event></objection><educational_institution wordnetid="108276342" confidence="0.8"><institution wordnetid="108053576" confidence="0.8"><link ns0:type="simple" ns0:href="../282/190282.xml">escuela moderna</link></institution></educational_institution><social_group wordnetid="107950920" confidence="0.8"><congress wordnetid="108308800" confidence="0.8"><meeting wordnetid="108307589" confidence="0.8"><gathering wordnetid="107975026" confidence="0.8"><group wordnetid="100031264" confidence="0.8"><link ns0:type="simple" ns0:href="../832/1915832.xml">hague congress</link></group></gathering></meeting></congress></social_group><aggression wordnetid="100964569" confidence="0.8"><violence wordnetid="100965404" confidence="0.8"><event wordnetid="100029378" confidence="0.8"><action wordnetid="100037396" confidence="0.8"><riot wordnetid="101170502" confidence="0.8"><act wordnetid="100030358" confidence="0.8"><psychological_feature wordnetid="100023100" confidence="0.8"><link ns0:type="simple" ns0:href="../497/2012497.xml">haymarket affair</link></psychological_feature></act></riot></action></event></violence></aggression><link ns0:type="simple" ns0:href="../676/3716676.xml">high treason incident</link><social_group wordnetid="107950920" confidence="0.8"><congress wordnetid="108308800" confidence="0.8"><meeting wordnetid="108307589" confidence="0.8"><gathering wordnetid="107975026" confidence="0.8"><group wordnetid="100031264" confidence="0.8"><link ns0:type="simple" ns0:href="../117/13222117.xml">congress amsterdam</link></group></gathering></meeting></congress></social_group><link ns0:type="simple" ns0:href="../916/3273916.xml">kate sharpley library</link><conflict wordnetid="100958896" confidence="0.9508927676800064"><link ns0:type="simple" ns0:href="../899/287899.xml">kronstadt rebellion</link></conflict><structure wordnetid="104341686" confidence="0.8"><artifact wordnetid="100021939" confidence="0.8"><area wordnetid="102735688" confidence="0.8"><facility wordnetid="103315023" confidence="0.8"><library wordnetid="103660909" confidence="0.8"><depository wordnetid="103177349" confidence="0.8"><archive wordnetid="102735086" confidence="0.8"><room wordnetid="104105893" confidence="0.8"><link ns0:type="simple" ns0:href="../773/3832773.xml">labadie collection</link></room></archive></depository></library></facility></area></artifact></structure><plant wordnetid="103956922" confidence="0.8"><structure wordnetid="104341686" confidence="0.8"><artifact wordnetid="100021939" confidence="0.8"><factory wordnetid="103316406" confidence="0.8"><building_complex wordnetid="102914991" confidence="0.8"><link ns0:type="simple" ns0:href="../837/10793837.xml">lip</link></building_complex></factory></artifact></structure></plant><link ns0:type="simple" ns0:href="../205/311205.xml" /><look wordnetid="100877127" confidence="0.8"><time_off wordnetid="115118453" confidence="0.8"><observation wordnetid="100879759" confidence="0.8"><leisure wordnetid="115137676" confidence="0.8"><sensory_activity wordnetid="100876737" confidence="0.8"><sensing wordnetid="100876874" confidence="0.8"><fundamental_quantity wordnetid="113575869" confidence="0.8"><time_period wordnetid="115113229" confidence="0.8"><vacation wordnetid="115137890" confidence="0.8"><event wordnetid="100029378" confidence="0.8"><act wordnetid="100030358" confidence="0.8"><psychological_feature wordnetid="100023100" confidence="0.8"><activity wordnetid="100407535" confidence="0.8"><link ns0:type="simple" ns0:href="../829/19829.xml">day</link></activity></psychological_feature></act></event></vacation></time_period></fundamental_quantity></sensing></sensory_activity></leisure></observation></time_off></look><aggression wordnetid="100964569" confidence="0.8"><violence wordnetid="100965404" confidence="0.8"><happening wordnetid="107283608" confidence="0.8"><event wordnetid="100029378" confidence="0.8"><change wordnetid="107296428" confidence="0.8"><revolution wordnetid="107424109" confidence="0.8"><action wordnetid="100037396" confidence="0.8"><riot wordnetid="101170502" confidence="0.8"><act wordnetid="100030358" confidence="0.8"><psychological_feature wordnetid="100023100" confidence="0.8"><link ns0:type="simple" ns0:href="../134/59134.xml">paris commune</link></psychological_feature></act></riot></action></revolution></change></event></happening></violence></aggression><politics wordnetid="113840719" confidence="0.8"><event wordnetid="100029378" confidence="0.8"><change wordnetid="100191142" confidence="0.8"><social_relation wordnetid="100032823" confidence="0.8"><action wordnetid="100037396" confidence="0.8"><motion wordnetid="100331950" confidence="0.8"><act wordnetid="100030358" confidence="0.8"><psychological_feature wordnetid="100023100" confidence="0.8"><link ns0:type="simple" ns0:href="../264/632264.xml">provo</link></psychological_feature></act></motion></action></social_relation></change></event></politics><link ns0:type="simple" ns0:href="../163/2747163.xml">red inverted triangle</link><military_unit wordnetid="108198398" confidence="0.8"><group_action wordnetid="101080366" confidence="0.8"><event wordnetid="100029378" confidence="0.8"><change wordnetid="100191142" confidence="0.8"><action wordnetid="100037396" confidence="0.8"><conflict wordnetid="100958896" confidence="0.8"><rebellion wordnetid="100962129" confidence="0.8"><motion wordnetid="100331950" confidence="0.8"><act wordnetid="100030358" confidence="0.8"><psychological_feature wordnetid="100023100" confidence="0.8"><link ns0:type="simple" ns0:href="../725/4139725.xml">revolutionary insurrectionary army ukraine</link></psychological_feature></act></motion></rebellion></conflict></action></change></event></group_action></military_unit><happening wordnetid="107283608" confidence="0.8"><event wordnetid="100029378" confidence="0.8"><change wordnetid="107296428" confidence="0.8"><revolution wordnetid="107424109" confidence="0.8"><psychological_feature wordnetid="100023100" confidence="0.8"><link ns0:type="simple" ns0:href="../459/88459.xml">spanish revolution</link></psychological_feature></revolution></change></event></happening><group_action wordnetid="101080366" confidence="0.8"><event wordnetid="100029378" confidence="0.8"><conflict wordnetid="100958896" confidence="0.8"><act wordnetid="100030358" confidence="0.8"><psychological_feature wordnetid="100023100" confidence="0.8"><link ns0:type="simple" ns0:href="../807/16980807.xml">third russian revolution</link></psychological_feature></act></conflict></event></group_action><aggression wordnetid="100964569" confidence="0.8"><violence wordnetid="100965404" confidence="0.8"><event wordnetid="100029378" confidence="0.8"><action wordnetid="100037396" confidence="0.8"><riot wordnetid="101170502" confidence="0.8"><act wordnetid="100030358" confidence="0.8"><psychological_feature wordnetid="100023100" confidence="0.8"><link ns0:type="simple" ns0:href="../521/3015521.xml">tragic week</link></psychological_feature></act></riot></action></event></violence></aggression><aggression wordnetid="100964569" confidence="0.8"><violence wordnetid="100965404" confidence="0.8"><objection wordnetid="107208338" confidence="0.8"><event wordnetid="100029378" confidence="0.8"><protest wordnetid="107210225" confidence="0.8"><action wordnetid="100037396" confidence="0.8"><riot wordnetid="101170502" confidence="0.8"><act wordnetid="100030358" confidence="0.8"><psychological_feature wordnetid="100023100" confidence="0.8"><speech_act wordnetid="107160883" confidence="0.8"><link ns0:type="simple" ns0:href="../622/312622.xml">wto conference protest</link></speech_act></psychological_feature></act></riot></action></protest></event></objection></violence></aggression></p></col></row><row><col style=" padding-right:0.4em; padding-bottom:0.4em; padding-left:0.4em; border-bottom:solid 1px #aaa; padding-top:0.4em; "><p>culture<music_genre wordnetid="107071942" confidence="0.9508927676800064"><link ns0:type="simple" ns0:href="../676/80676.xml">anarchopunk</link></music_genre><link ns0:type="simple" ns0:href="../940/1325940.xml">arts</link><politics wordnetid="113840719" confidence="0.8"><event wordnetid="100029378" confidence="0.8"><change wordnetid="100191142" confidence="0.8"><social_relation wordnetid="100032823" confidence="0.8"><action wordnetid="100037396" confidence="0.8"><motion wordnetid="100331950" confidence="0.8"><act wordnetid="100030358" confidence="0.8"><psychological_feature wordnetid="100023100" confidence="0.8"><link ns0:type="simple" ns0:href="../742/2287742.xml">black anarchism</link></psychological_feature></act></motion></action></social_relation></change></event></politics><work wordnetid="100575741" confidence="0.8"><examination wordnetid="100635850" confidence="0.8"><event wordnetid="100029378" confidence="0.8"><survey wordnetid="100644503" confidence="0.8"><investigation wordnetid="100633864" confidence="0.8"><act wordnetid="100030358" confidence="0.8"><psychological_feature wordnetid="100023100" confidence="0.8"><activity wordnetid="100407535" confidence="0.8"><link ns0:type="simple" ns0:href="../889/15197889.xml">celtic anarchism</link></activity></psychological_feature></act></investigation></survey></event></examination></work><link ns0:type="simple" ns0:href="../565/162565.xml">culture jamming</link><link ns0:type="simple" ns0:href="../399/2377399.xml">diy culture</link><link ns0:type="simple" ns0:href="../313/185313.xml">freeganism</link><link ns0:type="simple" ns0:href="../488/44488.xml">independent media center</link><event wordnetid="100029378" confidence="0.8"><change wordnetid="100191142" confidence="0.8"><action wordnetid="100037396" confidence="0.8"><motion wordnetid="100331950" confidence="0.8"><act wordnetid="100030358" confidence="0.8"><psychological_feature wordnetid="100023100" confidence="0.8"><link ns0:type="simple" ns0:href="../985/1446985.xml">infoshop</link></psychological_feature></act></motion></action></change></event><anthem wordnetid="107048928" confidence="0.9508927676800064"><link ns0:type="simple" ns0:href="../637/269637.xml">internationale</link></anthem><event wordnetid="100029378" confidence="0.8"><change wordnetid="100191142" confidence="0.8"><action wordnetid="100037396" confidence="0.8"><motion wordnetid="100331950" confidence="0.8"><act wordnetid="100030358" confidence="0.8"><psychological_feature wordnetid="100023100" confidence="0.8"><link ns0:type="simple" ns0:href="../867/4532867.xml">jewish anarchism</link></psychological_feature></act></motion></action></change></event><link ns0:type="simple" ns0:href="../469/1211469.xml">lifestylism</link><link ns0:type="simple" ns0:href="../066/3859066.xml">popular education</link><link ns0:type="simple" ns0:href="../640/1830640.xml">radical cheerleading</link><link ns0:type="simple" ns0:href="../869/70869.xml">radical environmentalism</link><link ns0:type="simple" ns0:href="../685/28685.xml">squatting</link><issue wordnetid="105814650" confidence="0.8"><link ns0:type="simple" ns0:href="../360/903360.xml">symbolism</link></issue><music wordnetid="107020895" confidence="0.8"><song wordnetid="107048000" confidence="0.8"><auditory_communication wordnetid="107109019" confidence="0.8"><musical_composition wordnetid="107037465" confidence="0.8"><link ns0:type="simple" ns0:href="../822/648822.xml">barricades</link></musical_composition></auditory_communication></song></music><link ns0:type="simple" ns0:href="../282/18017282.xml">anarchist terminology</link></p></col></row><row><col style=" padding-right:0.4em; padding-bottom:0.4em; padding-left:0.4em; border-bottom:solid 1px #aaa; padding-top:0.4em; "><p><issue wordnetid="105814650" confidence="0.8"><link ns0:type="simple" ns0:href="../884/1228884.xml">economics</link></issue><school wordnetid="108276720" confidence="0.8"><educational_institution wordnetid="108276342" confidence="0.8"><institution wordnetid="108053576" confidence="0.8"><link ns0:type="simple" ns0:href="../975/770975.xml">agorism</link></institution></educational_institution></school><school wordnetid="108276720" confidence="0.8"><political_orientation wordnetid="106212839" confidence="0.8"><educational_institution wordnetid="108276342" confidence="0.8"><institution wordnetid="108053576" confidence="0.8"><link ns0:type="simple" ns0:href="../023/1023.xml">capitalism</link></institution></educational_institution></political_orientation></school><school wordnetid="108276720" confidence="0.8"><educational_institution wordnetid="108276342" confidence="0.8"><institution wordnetid="108053576" confidence="0.8"><link ns0:type="simple" ns0:href="../326/4450326.xml">collectivism</link></institution></educational_institution></school><school wordnetid="108276720" confidence="0.8"><political_orientation wordnetid="106212839" confidence="0.8"><educational_institution wordnetid="108276342" confidence="0.8"><institution wordnetid="108053576" confidence="0.8"><link ns0:type="simple" ns0:href="../865/17865.xml">communism</link></institution></educational_institution></political_orientation></school><link ns0:type="simple" ns0:href="../313/89313.xml">cooperatives</link><link ns0:type="simple" ns0:href="../491/4821491.xml">countereconomics</link><link ns0:type="simple" ns0:href="../052/470052.xml">free market</link><body wordnetid="107965085" confidence="0.8"><university wordnetid="108286163" confidence="0.8"><social_group wordnetid="107950920" confidence="0.8"><event wordnetid="100029378" confidence="0.8"><change wordnetid="100191142" confidence="0.8"><action wordnetid="100037396" confidence="0.8"><motion wordnetid="100331950" confidence="0.8"><group wordnetid="100031264" confidence="0.8"><act wordnetid="100030358" confidence="0.8"><psychological_feature wordnetid="100023100" confidence="0.8"><link ns0:type="simple" ns0:href="../863/4913863.xml">free school</link></psychological_feature></act></group></motion></action></change></event></social_group></university></body><event wordnetid="100029378" confidence="0.8"><change wordnetid="100191142" confidence="0.8"><action wordnetid="100037396" confidence="0.8"><motion wordnetid="100331950" confidence="0.8"><act wordnetid="100030358" confidence="0.8"><psychological_feature wordnetid="100023100" confidence="0.8"><link ns0:type="simple" ns0:href="../152/1029152.xml">free store</link></psychological_feature></act></motion></action></change></event><link ns0:type="simple" ns0:href="../329/368329.xml">georgism</link><link ns0:type="simple" ns0:href="../588/126588.xml">gift economy</link><political_orientation wordnetid="106212839" confidence="0.8"><link ns0:type="simple" ns0:href="../225/2451225.xml">market abolitionism</link></political_orientation><link ns0:type="simple" ns0:href="../474/11419474.xml">mutual aid</link><school wordnetid="108276720" confidence="0.8"><political_orientation wordnetid="106212839" confidence="0.8"><educational_institution wordnetid="108276342" confidence="0.8"><institution wordnetid="108053576" confidence="0.8"><link ns0:type="simple" ns0:href="../997/1799997.xml">mutualism</link></institution></educational_institution></political_orientation></school><idea wordnetid="105833840" confidence="0.8"><concept wordnetid="105835747" confidence="0.8"><category wordnetid="105838765" confidence="0.8"><school wordnetid="108276720" confidence="0.8"><political_orientation wordnetid="106212839" confidence="0.8"><educational_institution wordnetid="108276342" confidence="0.8"><type wordnetid="105840188" confidence="0.8"><kind wordnetid="105839024" confidence="0.8"><institution wordnetid="108053576" confidence="0.8"><link ns0:type="simple" ns0:href="../393/76393.xml">participatory economics</link></institution></kind></type></educational_institution></political_orientation></school></category></concept></idea><school wordnetid="108276720" confidence="0.8"><event wordnetid="100029378" confidence="0.8"><change wordnetid="100191142" confidence="0.8"><action wordnetid="100037396" confidence="0.8"><educational_institution wordnetid="108276342" confidence="0.8"><motion wordnetid="100331950" confidence="0.8"><act wordnetid="100030358" confidence="0.8"><psychological_feature wordnetid="100023100" confidence="0.8"><institution wordnetid="108053576" confidence="0.8"><link ns0:type="simple" ns0:href="../451/2946451.xml">free market</link></institution></psychological_feature></act></motion></educational_institution></action></change></event></school><political_orientation wordnetid="106212839" confidence="0.8"><link ns0:type="simple" ns0:href="../834/766834.xml">selfownership</link></political_orientation><school wordnetid="108276720" confidence="0.8"><political_orientation wordnetid="106212839" confidence="0.8"><educational_institution wordnetid="108276342" confidence="0.8"><institution wordnetid="108053576" confidence="0.8"><link ns0:type="simple" ns0:href="../938/49938.xml">syndicalism</link></institution></educational_institution></political_orientation></school><practice wordnetid="100410247" confidence="0.8"><event wordnetid="100029378" confidence="0.8"><act wordnetid="100030358" confidence="0.8"><psychological_feature wordnetid="100023100" confidence="0.8"><activity wordnetid="100407535" confidence="0.8"><link ns0:type="simple" ns0:href="../706/53706.xml">wage slavery</link></activity></psychological_feature></act></event></practice><link ns0:type="simple" ns0:href="../690/1864690.xml">workers selfmanagement</link></p></col></row><row><col style=" padding-right:0.4em; padding-bottom:0.4em; padding-left:0.4em; border-bottom:solid 1px #aaa; padding-top:0.4em; "><p><link ns0:type="simple" ns0:href="../696/6205696.xml">region</link><link ns0:type="simple" ns0:href="../310/1433310.xml">africa</link><politics wordnetid="113840719" confidence="0.8"><social_relation wordnetid="100032823" confidence="0.8"><link ns0:type="simple" ns0:href="../653/7195653.xml">austriahungary</link></social_relation></politics><politics wordnetid="113840719" confidence="0.8"><social_relation wordnetid="100032823" confidence="0.8"><link ns0:type="simple" ns0:href="../671/8874671.xml">brazil</link></social_relation></politics><event wordnetid="100029378" confidence="0.8"><change wordnetid="100191142" confidence="0.8"><action wordnetid="100037396" confidence="0.8"><motion wordnetid="100331950" confidence="0.8"><act wordnetid="100030358" confidence="0.8"><psychological_feature wordnetid="100023100" confidence="0.8"><link ns0:type="simple" ns0:href="../019/14603019.xml">canada</link></psychological_feature></act></motion></action></change></event><physical_entity wordnetid="100001930" confidence="0.8"><person wordnetid="100007846" confidence="0.8"><worker wordnetid="109632518" confidence="0.8"><causal_agent wordnetid="100007347" confidence="0.8"><anarchist wordnetid="109791816" confidence="0.8"><radical wordnetid="110503452" confidence="0.8"><link ns0:type="simple" ns0:href="../561/4977561.xml">china</link></radical></anarchist></causal_agent></worker></person></physical_entity><link ns0:type="simple" ns0:href="../176/8784176.xml">cuba</link><politics wordnetid="113840719" confidence="0.8"><social_relation wordnetid="100032823" confidence="0.8"><link ns0:type="simple" ns0:href="../063/673063.xml">england</link></social_relation></politics><link ns0:type="simple" ns0:href="../365/5658365.xml">france</link><link ns0:type="simple" ns0:href="../745/6244745.xml">greece</link><politics wordnetid="113840719" confidence="0.8"><social_relation wordnetid="100032823" confidence="0.8"><link ns0:type="simple" ns0:href="../954/14526954.xml">india</link></social_relation></politics><link ns0:type="simple" ns0:href="../320/10403320.xml">ireland</link><link ns0:type="simple" ns0:href="../302/8360302.xml">israel</link><link ns0:type="simple" ns0:href="../567/10304567.xml">italy</link><politics wordnetid="113840719" confidence="0.8"><social_relation wordnetid="100032823" confidence="0.8"><link ns0:type="simple" ns0:href="../723/15481723.xml">japan</link></social_relation></politics><politics wordnetid="113840719" confidence="0.8"><social_relation wordnetid="100032823" confidence="0.8"><link ns0:type="simple" ns0:href="../159/15475159.xml">korea</link></social_relation></politics><physical_entity wordnetid="100001930" confidence="0.8"><politics wordnetid="113840719" confidence="0.8"><person wordnetid="100007846" confidence="0.8"><social_relation wordnetid="100032823" confidence="0.8"><causal_agent wordnetid="100007347" confidence="0.8"><anarchist wordnetid="109791816" confidence="0.8"><radical wordnetid="110503452" confidence="0.8"><link ns0:type="simple" ns0:href="../528/4117528.xml">mexico</link></radical></anarchist></causal_agent></social_relation></person></politics></physical_entity><politics wordnetid="113840719" confidence="0.8"><social_relation wordnetid="100032823" confidence="0.8"><link ns0:type="simple" ns0:href="../386/15499386.xml">poland</link></social_relation></politics><link ns0:type="simple" ns0:href="../769/7475769.xml">russia</link><link ns0:type="simple" ns0:href="../586/805586.xml">spain</link><politics wordnetid="113840719" confidence="0.8"><social_relation wordnetid="100032823" confidence="0.8"><link ns0:type="simple" ns0:href="../268/7080268.xml">sweden</link></social_relation></politics><politics wordnetid="113840719" confidence="0.8"><social_relation wordnetid="100032823" confidence="0.8"><link ns0:type="simple" ns0:href="../912/15484912.xml">turkey</link></social_relation></politics><link ns0:type="simple" ns0:href="../267/7066267.xml">ukraine</link><link ns0:type="simple" ns0:href="../182/2274182.xml">united</link><physical_entity wordnetid="100001930" confidence="0.8"><person wordnetid="100007846" confidence="0.8"><worker wordnetid="109632518" confidence="0.8"><causal_agent wordnetid="100007347" confidence="0.8"><link ns0:type="simple" ns0:href="../615/16032615.xml">vietnam</link></causal_agent></worker></person></physical_entity></p></col></row><row><col style=" padding-right:0.4em; padding-bottom:0.4em; padding-left:0.4em; border-bottom:solid 1px #aaa; padding-top:0.4em; "><p><link ns0:type="simple" ns0:href="../461/14946461.xml">lists</link><link ns0:type="simple" ns0:href="../086/1121086.xml">anarchopunk bands</link><link ns0:type="simple" ns0:href="../104/3786104.xml">books</link><link ns0:type="simple" ns0:href="../185/218185.xml">communities</link><link ns0:type="simple" ns0:href="../843/4507843.xml">fictional characters</link><link ns0:type="simple" ns0:href="../009/9465009.xml">jewish anarchists</link><link ns0:type="simple" ns0:href="../081/1548081.xml">musicians</link><link ns0:type="simple" ns0:href="../960/773960.xml">organizations</link><link ns0:type="simple" ns0:href="../080/11836080.xml">periodicals</link><link ns0:type="simple" ns0:href="../989/4758989.xml">poets</link><link ns0:type="simple" ns0:href="../706/5225706.xml">russian anarchists</link></p></col></row><row><col style=" padding-right:0.4em; padding-bottom:0.4em; padding-left:0.4em; border-bottom:solid 1px #aaa; padding-top:0.4em; "><p>topics<link ns0:type="simple" ns0:href="../443/44443.xml">anticapitalism</link><link ns0:type="simple" ns0:href="../658/18940658.xml#xpointer(//*[./st=%22Anarchist+anti-communism%22])">anticommunism</link><link ns0:type="simple" ns0:href="../109/3942109.xml">anticonsumerism</link><link ns0:type="simple" ns0:href="../803/715803.xml">anticorporatism</link><information wordnetid="105816287" confidence="0.8"><political_orientation wordnetid="106212839" confidence="0.8"><example wordnetid="105820620" confidence="0.8"><link ns0:type="simple" ns0:href="../816/93816.xml">antiglobalization</link></example></political_orientation></information><link ns0:type="simple" ns0:href="../698/3483698.xml">antimilitarism</link><link ns0:type="simple" ns0:href="../771/2029771.xml">antistatism</link><link ns0:type="simple" ns0:href="../091/214091.xml">antiwar</link><school wordnetid="108276720" confidence="0.8"><political_orientation wordnetid="106212839" confidence="0.8"><educational_institution wordnetid="108276342" confidence="0.8"><institution wordnetid="108053576" confidence="0.8"><link ns0:type="simple" ns0:href="../659/5170659.xml">autarchism</link></institution></educational_institution></political_orientation></school><link ns0:type="simple" ns0:href="../264/4685264.xml">autonomism</link><link ns0:type="simple" ns0:href="../687/19287687.xml">labour movement</link><link ns0:type="simple" ns0:href="../162/408162.xml">left communism</link><link ns0:type="simple" ns0:href="../498/3225498.xml">libertarianism</link><link ns0:type="simple" ns0:href="../358/19134358.xml">libertarian perspectives revolution</link><political_orientation wordnetid="106212839" confidence="0.8"><link ns0:type="simple" ns0:href="../048/18048.xml">libertarian socialism</link></political_orientation><group wordnetid="100031264" confidence="0.8"><link ns0:type="simple" ns0:href="../521/57521.xml">situationist international</link></group></p></col></row><row><col style=" padding-right:0.4em; padding-bottom:0.4em; padding-left:0.4em; border-bottom:solid 1px #aaa; padding-top:0.4em; ">anarchism portal philosophy portal politics portal</col></row><row><col style="" /></row></table><p>irish<link ns0:type="simple" ns0:href="../012/12.xml">anarchism</link>historical tradition movement developed late organisation<link ns0:type="simple" ns0:href="../208/973208.xml">workers solidarity movement</link>continuous existence anarchists active<island wordnetid="109316454" confidence="0.9508927676800064"><link ns0:type="simple" ns0:href="../575/147575.xml">ireland</link></island>shortlived groups isolated individuals large gaps activity</p><sec><st>origins</st><p>mention irish connection<link ns0:type="simple" ns0:href="../775/3775.xml">boston</link>based<link ns0:type="simple" ns0:href="../434/334434.xml">irish nationalist</link><link>wgh smart</link>wrote articles magazine called<link>anarchist</link><ref ns0:type="simple" ns0:href="#xpointer(//reflist/entry[@id=%221%22])" /><politics wordnetid="113840719" confidence="0.8"><social_relation wordnetid="100032823" confidence="0.8"><link ns0:type="simple" ns0:href="../063/673063.xml">english anarchist</link></social_relation></politics><link>michael gabriel</link>arrived<site wordnetid="108651247" confidence="0.9508927676800064"><link ns0:type="simple" ns0:href="../504/8504.xml">dublin</link></site>moved bayview avenue<region wordnetid="108630985" confidence="0.8"><administrative_district wordnetid="108491826" confidence="0.8"><location wordnetid="100027167" confidence="0.8"><municipality wordnetid="108626283" confidence="0.8"><geographical_area wordnetid="108574314" confidence="0.8"><town wordnetid="108665504" confidence="0.8"><district wordnetid="108552138" confidence="0.8"><urban_area wordnetid="108675967" confidence="0.8"><link ns0:type="simple" ns0:href="../245/5310245.xml">north strand</link></urban_area></district></town></geographical_area></municipality></location></administrative_district></region>member<party wordnetid="108256968" confidence="0.8"><group wordnetid="100031264" confidence="0.8"><link ns0:type="simple" ns0:href="../796/8170796.xml">socialist league</link></group></party>organisation bestknown members<link ns0:type="simple" ns0:href="../758/3661758.xml">libertarian marxist</link><person wordnetid="100007846" confidence="0.9508927676800064"><writer wordnetid="110794014" confidence="0.9173553029164789"><link ns0:type="simple" ns0:href="../277/33277.xml">william morris</link></writer></person><link ns0:type="simple" ns0:href="../012/12.xml">anarchist</link><link>joseph lane</link>branch league formed anarchist publications distributed time<person wordnetid="100007846" confidence="0.9508927676800064"><militant wordnetid="110315837" confidence="0.9173553029164789"><writer wordnetid="110794014" confidence="0.9508927676800064"><link ns0:type="simple" ns0:href="../855/12855.xml">george bernard shaw</link></writer></militant></person>wrote article anarchist request<physical_entity wordnetid="100001930" confidence="0.8"><person wordnetid="100007846" confidence="0.8"><causal_agent wordnetid="100007347" confidence="0.8"><anarchist wordnetid="109791816" confidence="0.8"><radical wordnetid="110503452" confidence="0.8"><link ns0:type="simple" ns0:href="../942/3442942.xml">charlotte wilson</link></radical></anarchist></causal_agent></person></physical_entity>issue anarchist shaw taught<language wordnetid="106282651" confidence="0.8"><link ns0:type="simple" ns0:href="../597/10597.xml">french</link></language><aggression wordnetid="100964569" confidence="0.8"><violence wordnetid="100965404" confidence="0.8"><happening wordnetid="107283608" confidence="0.8"><event wordnetid="100029378" confidence="0.8"><change wordnetid="107296428" confidence="0.8"><revolution wordnetid="107424109" confidence="0.8"><action wordnetid="100037396" confidence="0.8"><riot wordnetid="101170502" confidence="0.8"><act wordnetid="100030358" confidence="0.8"><psychological_feature wordnetid="100023100" confidence="0.8"><link ns0:type="simple" ns0:href="../134/59134.xml">communard</link></psychological_feature></act></riot></action></revolution></change></event></happening></violence></aggression><link>richard deck</link>introduced<link ns0:type="simple" ns0:href="../944/49944.xml">proudhon</link>embarrassed unauthorised reprints shaw anarchist<link ns0:type="simple" ns0:href="../877/19283877.xml">fabian socialist</link></p><p><physical_entity wordnetid="100001930" confidence="0.8"><politics wordnetid="113840719" confidence="0.8"><person wordnetid="100007846" confidence="0.8"><social_relation wordnetid="100032823" confidence="0.8"><causal_agent wordnetid="100007347" confidence="0.8"><anarchist wordnetid="109791816" confidence="0.8"><radical wordnetid="110503452" confidence="0.8"><link ns0:type="simple" ns0:href="../354/15070354.xml">john creaghe</link></radical></anarchist></causal_agent></social_relation></person></politics></physical_entity>irish doctor joint founder fred charles<link>sheffield anarchist</link><link>rent</link><link ns0:type="simple" ns0:href="../947/1165947.xml">agitation</link>leaving<village wordnetid="108672738" confidence="0.9508927676800064"><link ns0:type="simple" ns0:href="../885/88885.xml">sheffield</link></village>founding editor<city wordnetid="108524735" confidence="0.9508927676800064"><country wordnetid="108544813" confidence="0.9508927676800064"><link ns0:type="simple" ns0:href="../905/18951905.xml">argentina</link></country></city>anarchist paper<link>oprimido</link>support organisers current opposed refusal organise large scale organisations english anarchists visited<person wordnetid="100007846" confidence="0.9508927676800064"><presenter wordnetid="110466387" confidence="0.9508927676800064"><link ns0:type="simple" ns0:href="../712/248712.xml">fred allen</link></presenter></person>dublin independent offices<link>fair trial fund</link>anarchist well<physical_entity wordnetid="100001930" confidence="0.8"><group_action wordnetid="101080366" confidence="0.8"><person wordnetid="100007846" confidence="0.8"><event wordnetid="100029378" confidence="0.8"><resistance wordnetid="101169317" confidence="0.8"><causal_agent wordnetid="100007347" confidence="0.8"><rebellion wordnetid="101177327" confidence="0.8"><act wordnetid="100030358" confidence="0.8"><revolutionist wordnetid="110527334" confidence="0.8"><radical wordnetid="110503452" confidence="0.8"><psychological_feature wordnetid="100023100" confidence="0.8"><link ns0:type="simple" ns0:href="../213/366213.xml">irish republican brotherhood</link></psychological_feature></radical></revolutionist></act></rebellion></causal_agent></resistance></event></person></group_action></physical_entity>prisoners<ref ns0:type="simple" ns0:href="#xpointer(//reflist/entry[@id=%222%22])" /><link ns0:type="simple" ns0:href="../298/142298.xml">trinity college dublin</link>fabian society students listened sympathetically lecture anarchism<process wordnetid="105701363" confidence="0.8"><thinking wordnetid="105770926" confidence="0.8"><explanation wordnetid="105793000" confidence="0.8"><theory wordnetid="105989479" confidence="0.8"><higher_cognitive_process wordnetid="105770664" confidence="0.8"><link ns0:type="simple" ns0:href="../411/8411.xml">darwinism</link></higher_cognitive_process></theory></explanation></thinking></process><ref ns0:type="simple" ns0:href="#xpointer(//reflist/entry[@id=%223%22])" /></p><p>century captain<link ns0:type="simple" ns0:href="../860/1763860.xml">jack white</link>active anarchist returning<happening wordnetid="107283608" confidence="0.8"><event wordnetid="100029378" confidence="0.8"><change wordnetid="107296428" confidence="0.8"><revolution wordnetid="107424109" confidence="0.8"><psychological_feature wordnetid="100023100" confidence="0.8"><link ns0:type="simple" ns0:href="../459/88459.xml">spanish revolution</link></psychological_feature></revolution></change></event></happening><ref ns0:type="simple" ns0:href="#xpointer(//reflist/entry[@id=%224%22])" /></p></sec><sec><st>modern development</st><p>late civil rights campaign<link ns0:type="simple" ns0:href="../236/2498236.xml">peoples democracy</link>small<link ns0:type="simple" ns0:href="../092/62092.xml">trotskyist</link>group included selfdescribed anarchists<link>john mcguffin</link><link>jackie crawford</link>crawford group sold<newspaper wordnetid="106267145" confidence="0.9508927676800064"><link ns0:type="simple" ns0:href="../846/81846.xml">freedom</link></newspaper><site wordnetid="108651247" confidence="0.9508927676800064"><link ns0:type="simple" ns0:href="../046/5046.xml">belfast</link></site>castle street late anarchist banner belfast<site wordnetid="108651247" confidence="0.9508927676800064"><link ns0:type="simple" ns0:href="../055/9055.xml">derry</link></site><link ns0:type="simple" ns0:href="../576/19615576.xml">civil rights</link>march members including<link ns0:type="simple" ns0:href="../202/3733202.xml">john grey</link>librarian<link ns0:type="simple" ns0:href="../163/1909163.xml">linenhall library</link>belfast contributed special issue british<newspaper wordnetid="106267145" confidence="0.9508927676800064"><link ns0:type="simple" ns0:href="../520/1619520.xml">anarchy magazine</link></newspaper><country wordnetid="108544813" confidence="0.9508927676800064"><link ns0:type="simple" ns0:href="../265/21265.xml">northern ireland</link></country></p><p>early exmembers<link ns0:type="simple" ns0:href="../032/146032.xml">official ira</link>interested anarchism developed contact<newspaper wordnetid="106267145" confidence="0.9508927676800064"><link ns0:type="simple" ns0:href="../358/103358.xml">black flag</link></newspaper>magazine<village wordnetid="108672738" confidence="0.9508927676800064"><link ns0:type="simple" ns0:href="../867/17867.xml">london</link></village>names dublin anarchist group earth existence number jailings armed actions group disappear members noel marie murray sentenced death killing offduty<link>garda</link>bank raid reprieved international<link>protest campaign</link>released years ago existed<link ns0:type="simple" ns0:href="../646/47646.xml">hippy</link>commune squatted house dublins exclusive<artifact wordnetid="100021939" confidence="0.8"><street wordnetid="104334599" confidence="0.8"><way wordnetid="104564698" confidence="0.8"><thoroughfare wordnetid="104426618" confidence="0.8"><road wordnetid="104096066" confidence="0.8"><link ns0:type="simple" ns0:href="../621/382621.xml">merrion road</link></road></thoroughfare></way></street></artifact><link>island commune</link>ended mentally disturbed participant poison inhabitants including<link>ubi dwyer</link><link>windsor free festival</link>fame sold freedom<structure wordnetid="104341686" confidence="0.8"><building wordnetid="102913152" confidence="0.8"><artifact wordnetid="100021939" confidence="0.8"><link ns0:type="simple" ns0:href="../607/169607.xml">gpo</link></artifact></building></structure>saturdays</p><ss1><st>origins movement</st><p>steps building movement lates number young irish people living working britain returned bringing anarchist politics local groups set belfast dublin<link ns0:type="simple" ns0:href="../885/56885.xml">limerick</link><site wordnetid="108651247" confidence="0.9508927676800064"><link ns0:type="simple" ns0:href="../073/208073.xml">dundalk</link></site>decade anarchist papers appeared editions longer life titles included outta control belfast anarchist worker dublin antrim alternative<site wordnetid="108651247" confidence="0.9508927676800064"><link ns0:type="simple" ns0:href="../733/1418733.xml">ballymena</link></site>black star ballymena resistance dublin organise ballymena bookshops opened belfast books winetavern street dublin abc marlborough street groups attracted people identified anarchists agreed politics activities organised discussions education anarchism imposed limits achieve continued existence groups shortlived impact left lasting legacy</p><p>exmembers<link>belfast anarchist collective</link><link>dublin anarchist group</link>decided politically united class based public organisation discussions led<link>anarchist workers alliance</link>existed substantial extent dublin produced<link>anarchist worker</link>documents<politics wordnetid="113840719" confidence="0.8"><event wordnetid="100029378" confidence="0.8"><change wordnetid="100191142" confidence="0.8"><social_relation wordnetid="100032823" confidence="0.8"><action wordnetid="100037396" confidence="0.8"><motion wordnetid="100331950" confidence="0.8"><act wordnetid="100030358" confidence="0.8"><psychological_feature wordnetid="100023100" confidence="0.8"><link ns0:type="simple" ns0:href="../434/334434.xml">national question</link></psychological_feature></act></motion></action></social_relation></change></event></politics><link ns0:type="simple" ns0:href="../975/713975.xml">womens liberation</link><link ns0:type="simple" ns0:href="../626/17626.xml">trade union</link><link ns0:type="simple" ns0:href="../253/5253.xml">constitution</link></p></ss1></sec><sec><st>today</st><p>anarchist organisations operating ireland moment</p><p><list><entry level="1" type="bullet"><link ns0:type="simple" ns0:href="../208/973208.xml">workers solidarity movement</link><link ns0:type="simple" ns0:href="../888/2419888.xml">platformist</link>anarchist group members dublin cork limerick belfast derry formed</entry></list></p><p><list><entry level="1" type="bullet"><link ns0:type="simple" ns0:href="../080/11358080.xml">organise</link>small class struggle anarchist organisation based northern ireland formed merger anarchosyndicalist federation anarchist federation anarchist prisoner support number individuals</entry></list></p><p><list><entry level="1" type="bullet">dublinbased<link>revolutionary anarchafeminist group</link>rag group female anarchists formed published issues magazine<artifact wordnetid="100021939" confidence="0.8"><instrumentality wordnetid="103575240" confidence="0.8"><medium wordnetid="106254669" confidence="0.8"><link ns0:type="simple" ns0:href="../270/15905270.xml">rag</link></medium></instrumentality></artifact><weblink ns0:type="simple" ns0:href="http://www.ragdublin.org">httpwwwragdublinorg</weblink></entry></list></p><p><list><entry level="1" type="bullet">number organisations explicitly anarchist share common anarchist movement include<link>grassroots gatherings</link><link>dublin grassroots network</link><link>grassroots dissent</link><objection wordnetid="107208338" confidence="0.8"><event wordnetid="100029378" confidence="0.8"><protest wordnetid="107210225" confidence="0.8"><act wordnetid="100030358" confidence="0.8"><psychological_feature wordnetid="100023100" confidence="0.8"><speech_act wordnetid="107160883" confidence="0.8"><link ns0:type="simple" ns0:href="../313/6555313.xml">rossport solidarity camp</link></speech_act></psychological_feature></act></protest></event></objection><region wordnetid="108630985" confidence="0.8"><center wordnetid="108523483" confidence="0.8"><area wordnetid="108497294" confidence="0.8"><location wordnetid="100027167" confidence="0.8"><link ns0:type="simple" ns0:href="../692/13603692.xml">seomra spraoi</link></location></area></center></region></entry></list></p></sec><sec><st>references</st><p><reflist><entry id="1">sourcethe raven</entry><entry id="2">source owen mcgee irb based<administrative_unit wordnetid="108077292" confidence="0.8"><law_enforcement_agency wordnetid="108348815" confidence="0.8"><power wordnetid="105190804" confidence="0.8"><influence wordnetid="105194151" confidence="0.8"><agency wordnetid="108337324" confidence="0.8"><force wordnetid="105194578" confidence="0.8"><link ns0:type="simple" ns0:href="../970/645970.xml">dublin metropolitan police</link></force></agency></influence></power></law_enforcement_agency></administrative_unit>report</entry><entry id="3">source owen mcgee irb based dublin police report</entry><entry id="4"><weblink ns0:type="simple" ns0:href="http://struggle.ws/ws/ws50_jack.html">jack white irish anarchist organised<link ns0:type="simple" ns0:href="../051/611051.xml">irish citizens army</link></weblink></entry></reflist></p></sec><sec><st>reading</st><p><list><entry level="1" type="bullet">fintan lane<weblink ns0:type="simple" ns0:href="http://www.wsm.ie/story/1778">emergence modern irish socialism</weblink></entry></list></p><p><list><entry level="1" type="bullet">fintan lane practical anarchists social revolutionaries dublin history ireland marchapril</entry></list></p><p><table style=";" class="navbox" cellspacing="0"><row><col style="padding:2px;"><table style="width:100%;background:transparent;color:inherit;;" class="nowraplinks collapsible autocollapse " cellspacing="0"><row><header colspan="2" style=";" class="navbox-title"><link>anarchism europe</link></header></row><row style="height:2px;" /><row><col style=";padding:0.35em 1.0em; line-height:1.1em;;" class="navbox-group"><link ns0:type="simple" ns0:href="../253/68253.xml">sovereign</link></col><col style="text-align:left;border-left:2px solid #fdfdfd;width:100%;padding:0px;;;" class="navbox-list navbox-odd"><p><link>albania</link><link>andorra</link><link>armenia</link><link ns0:type="simple" ns0:href="../653/7195653.xml">austria</link><link>azerbaijan</link><link>belarus</link><link>belgium</link><link>bosnia herzegovina</link><link>bulgaria</link><link>croatia</link><link>cyprus</link><link>czech republic</link><link>denmark</link><link>estonia</link><link>finland</link><link ns0:type="simple" ns0:href="../365/5658365.xml">france</link><link>georgia</link><link>germany</link><link ns0:type="simple" ns0:href="../745/6244745.xml">greece</link><link ns0:type="simple" ns0:href="../653/7195653.xml">hungary</link><link>iceland</link><link ns0:type="simple" ns0:href="../320/10403320.xml">republic ireland</link><link ns0:type="simple" ns0:href="../567/10304567.xml">italy</link><link>kazakhstan</link><link>latvia</link><link>liechtenstein</link><link>lithuania</link><link>luxembourg</link><link>republic macedonia</link><link>malta</link><link>moldova</link><link>monaco</link><link>montenegro</link><link>netherlands</link><link>norway</link><politics wordnetid="113840719" confidence="0.8"><social_relation wordnetid="100032823" confidence="0.8"><link ns0:type="simple" ns0:href="../386/15499386.xml">poland</link></social_relation></politics><link>portugal</link><link>romania</link><link ns0:type="simple" ns0:href="../769/7475769.xml">russia</link><link>san marino</link><link>serbia</link><link>slovakia</link><link>slovenia</link><link ns0:type="simple" ns0:href="../586/805586.xml">spain</link><politics wordnetid="113840719" confidence="0.8"><social_relation wordnetid="100032823" confidence="0.8"><link ns0:type="simple" ns0:href="../268/7080268.xml">sweden</link></social_relation></politics><link>switzerland</link><politics wordnetid="113840719" confidence="0.8"><social_relation wordnetid="100032823" confidence="0.8"><link ns0:type="simple" ns0:href="../912/15484912.xml">turkey</link></social_relation></politics><link ns0:type="simple" ns0:href="../267/7066267.xml">ukraine</link><link ns0:type="simple" ns0:href="../063/673063.xml">united kingdom</link><politics wordnetid="113840719" confidence="0.8"><social_relation wordnetid="100032823" confidence="0.8"><link ns0:type="simple" ns0:href="../063/673063.xml">england</link></social_relation></politics><link>northern ireland</link><link>scotland</link><link>wales</link></p></col></row><row style="height:2px" /><row><col style=";padding:0.35em 1.0em; line-height:1.1em;;" class="navbox-group"><region wordnetid="108630985" confidence="0.8"><administrative_district wordnetid="108491826" confidence="0.8"><location wordnetid="100027167" confidence="0.8"><district wordnetid="108552138" confidence="0.8"><country wordnetid="108544813" confidence="0.8"><link ns0:type="simple" ns0:href="../529/214529.xml">dependencies</link></country></district></location></administrative_district></region><link ns0:type="simple" ns0:href="../026/1636026.xml">autonomies</link><link ns0:type="simple" ns0:href="../815/6450815.xml">territories</link></col><col style="text-align:left;border-left:2px solid #fdfdfd;width:100%;padding:0px;;;" class="navbox-list navbox-even"><p><link>abkhazia</link><link>adjara</link><link>adygea</link><link>akrotiri dhekelia</link><link>land</link><link>azores</link><link>bashkortostan</link><link>chechnya</link><link>chuvashia</link><link>crimea</link><link>dagestan</link><link>faroe islands</link><link>gagauzia</link><link>gibraltar</link><link>guernsey</link><link>ingushetia</link><link>jan mayen</link><link>jersey</link><link>kabardinobalkaria</link><link>kalmykia</link><link>karachaycherkessia</link><link>republic karelia</link><link>komi republic</link><link>kosovo</link><link>madeira</link><link>isle man</link><link>mari</link><link>mordovia</link><link>nagornokarabakh</link><link>nakhchivan</link><link>north ossetiaalania</link><link>northern cyprus</link><link>south ossetia</link><link>svalbard</link><link>tatarstan</link><link>transnistria</link><link>udmurtia</link><link>vojvodina</link></p></col></row><row style="height:2px;" /><row><col colspan="2" style=";padding:0.4em 0.2em 0.2em; line-height:1.4em; font-size:95%;" class="navbox-abovebelow">italics indicates<link ns0:type="simple" ns0:href="../670/523670.xml">unrecognised partially recognised country</link>entirely<system wordnetid="108435388" confidence="0.8"><economy wordnetid="108366753" confidence="0.8"><group wordnetid="100031264" confidence="0.8"><link ns0:type="simple" ns0:href="../689/689.xml">asia</link></group></economy></system><artifact wordnetid="100021939" confidence="0.8"><sports_equipment wordnetid="104285146" confidence="0.8"><instrumentality wordnetid="103575240" confidence="0.8"><home_plate wordnetid="103528901" confidence="0.8"><base wordnetid="102797881" confidence="0.8"><equipment wordnetid="103294048" confidence="0.8"><baseball_equipment wordnetid="102799897" confidence="0.8"><link ns0:type="simple" ns0:href="../081/521081.xml">african plate</link></baseball_equipment></equipment></base></home_plate></instrumentality></sports_equipment></artifact>historically considered european partially entirely asia depending<link ns0:type="simple" ns0:href="../661/13973661.xml#xpointer(//*[./st=%22Europe+and+Asia%22])">border definitions</link>territory<system wordnetid="108435388" confidence="0.8"><economy wordnetid="108366753" confidence="0.8"><group wordnetid="100031264" confidence="0.8"><link ns0:type="simple" ns0:href="../689/689.xml">asia</link></group></economy></system><system wordnetid="108435388" confidence="0.8"><economy wordnetid="108366753" confidence="0.8"><group wordnetid="100031264" confidence="0.8"><link ns0:type="simple" ns0:href="../139/21139.xml">north america</link></group></economy></system><system wordnetid="108435388" confidence="0.8"><economy wordnetid="108366753" confidence="0.8"><group wordnetid="100031264" confidence="0.8"><link ns0:type="simple" ns0:href="../769/26769.xml">south america</link></group></economy></system><region wordnetid="108630985" confidence="0.8"><center wordnetid="108523483" confidence="0.8"><area wordnetid="108497294" confidence="0.8"><see wordnetid="108586825" confidence="0.8"><seat wordnetid="108647945" confidence="0.8"><location wordnetid="100027167" confidence="0.8"><link ns0:type="simple" ns0:href="../607/5334607.xml">africa</link></location></seat></see></area></center></region></col></row></table></col></row></table></p></sec></bdy></article>