<article xmlns:ns0="http://www.w3.org/1999/xlink"><entity confidence="0.9511911446218017" wordnetid="100001740"><header><title>journal ranking</title><id /><revision><id /><timestamp /><contributor><username>signalhead</username><id /></contributor></revision><categories><category>bibliometrics</category><category>npov disputes</category><category>npov disputes december</category><category>academic publishing</category><category>wikipedia articles conflicts interest</category></categories></header><bdy><table class="metadata plainlinks ambox "><row><col>amboxcontent style</col></row><row><col class="mbox-image"><p><image width="40px" src="Unbalanced_scales.svg" /></p></col><col style="" class="mbox-text">major contributor article creator appears subject require comply wikipedias content policies discuss december</col></row></table><p><table class="metadata plainlinks ambox "><row><col>amboxcontent style</col></row><row><col class="mbox-image"><p><image width="40px" src="Unbalanced_scales.svg" /></p></col><col style="" class="mbox-text">article discussion december remove message</col></row></table></p><sec><st>static journal ranking</st><p>journal ranking academic circles evaluation journals impact websites release rankings journals specific areas audiences static access ranking reports sites provide facilities change structure categories criteria ranking journals</p><p>limitations severely curtailed flexibility required assessing journals impact domain domains</p></sec><sec><st>interactive journal ranking model</st><p>limitations static journal ranking websites inspired researchers design interactive model allow users interactively configure ranking interests evaluating journals impact employing modified classical scientific model eigenvector analysis commonly googles pagerank algorithm applied areas image processing pattern recognition web rankings</p><p>interactive version implemented model<weblink ns0:type="simple" ns0:href="http://www.journal-ranking.com/ranking/web/content/whitepapers.html" />users flexibility evaluate journal impact based interests parameters customizable</p></sec><sec><st /><p><link ns0:type="simple" ns0:href="../865/1036865.xml">impact factor</link></p></sec><sec><st>external links</st><p><list><entry level="1" type="bullet">httpjournalrankingcom</entry><entry level="1" type="bullet" /></list></p></sec></bdy></entity></article>