<article xmlns:ns0="http://www.w3.org/1999/xlink"><header><title>perforation oil well</title><id /><revision><id /><timestamp /><contributor><username>merc</username><id /></contributor></revision><categories><category>petroleum production</category></categories></header><bdy>article perforations oil gas well perforations paper film<link ns0:type="simple" ns0:href="../280/292280.xml">perforation</link><p>perforation context<link ns0:type="simple" ns0:href="../570/198570.xml">oil well</link>refers hole punched<link>casing</link>liner<link ns0:type="simple" ns0:href="../570/198570.xml">oil well</link>connect<link>reservoir</link>cased hole<link ns0:type="simple" ns0:href="../184/13892184.xml">completions</link>well will drilled formation desired production will casing liner separating formation well bore final stage completion will involve running perforating guns string shaped charges desired depth firing perforate casing liner typical perforating gun carry dozens charges</p><p>commonly perforation guns<link>eline</link>traditional electrical signals surface fire guns highly deviated wells<link ns0:type="simple" ns0:href="../187/10067187.xml">coiled tubing</link>newer technologies allow guns<link ns0:type="simple" ns0:href="../551/10369551.xml">slickline</link>communication surface slickline mechanism gun arms charges reaching temperature pressure timer will fire set interval</p><p>benefit strategy greater deal control well casing bottom hole allows well completed worry reservoir fluids allows precise selection formation production will seal perforations longer counterproductive cementing straddling</p><p>disadvantage perforating lead skin damage debris perforations hinder productivity well order mitigate perforating commonly underbalanced lower pressure well bore formation higher formation pressure will caused surge fluids well point perforating hopefully carrying debris methods stimulation acidising proppant<link ns0:type="simple" ns0:href="../949/8798949.xml">fracturing</link>required overcome damage bring well full potential</p><p>casing perforating method completion common place nowadays unconsolidated formations prone production sand<link>harding</link>example open hole completions sandscreens preferred choice</p><sec><st /><p><list><entry level="1" type="bullet"><link ns0:type="simple" ns0:href="../507/18042507.xml">completion</link></entry><entry level="1" type="bullet"><link ns0:type="simple" ns0:href="../377/1254377.xml">list oilfield service companies</link></entry></list></p></sec><sec><st>external links</st><p><list><entry level="1" type="bullet"><weblink ns0:type="simple" ns0:href="http://www.expro.co.uk/corpus/Powr-perf/POWR_PERF.pdf">example perforating technology expro pdf</weblink></entry><entry level="1" type="bullet"><weblink ns0:type="simple" ns0:href="http://www.dynawell.de/ndg-video/start.html">example debris perforation technology dynawell germany</weblink></entry></list></p></sec></bdy></article>