<article xmlns:ns0="http://www.w3.org/1999/xlink"><written_communication confidence="0.8" wordnetid="106349220"><code confidence="0.8" wordnetid="106667317"><header><title>radiative transfer code</title><id /><revision><id /><timestamp /><contributor><username>muslim hybrid</username><id /></contributor></revision><categories><category>articles invalid parameter template</category><category>wikify september</category><category>needing wikified</category><category>atmospheric radiative transfer codes</category></categories></header><bdy><table class="metadata plainlinks ambox "><row><col>amboxstyle style</col></row><row><col class="mbox-image"><p><image width="50px" src="Wikitext.svg" /></p></col><col style="" class="mbox-text">article help<weblink ns0:type="simple" ns0:href="http://localhost:18088/wiki/index.php?title=6S_%28radiative_transfer_code%29 action=edit">improve article</weblink>adding september</col></row></table><p>second simulation satellite signal solar spectrum vector version advanced radiative transfer code designed simulate reflection solar radiation coupled atmospheresurface system wide range atmospheric spectral geometrical conditions code operates basis sos successive orders scattering method accounts polarization radiation atmosphere calculation components stokes vector basic code calculation lookup tables modis atmospheric correction algorithm</p><sec><st /><p><list><entry level="1" type="bullet"><link ns0:type="simple" ns0:href="../762/10396762.xml">list atmospheric radiative transfer codes</link></entry></list></p></sec><sec><st>external links</st><p><list><entry level="1" type="bullet"><weblink ns0:type="simple" ns0:href="http://6S.ltdri.org">httpsltdriorg</weblink>web site</entry><entry level="1" type="bullet"><weblink ns0:type="simple" ns0:href="http://rtcodes.ltdri.org">httprtcodesltdriorg</weblink>joint code comparison project</entry><entry level="1" type="bullet"><weblink ns0:type="simple" ns0:href="http://modis-sr.ltdri.org">httpmodissrltdriorg</weblink>modis atmospheric correction group</entry></list></p></sec><sec><st>references</st><p>kotchenova vermote matarrese klemm validation vector version radiative transfer code atmospheric correction satellite data path radiance applied optics</p><p>kotchenova vermote validation vector version radiative transfer code atmospheric correction satellite data homogeneous lambertian anisotropic surfaces applied optics press</p></sec></bdy></code></written_communication></article>