<article xmlns:ns0="http://www.w3.org/1999/xlink"><senior_high_school confidence="0.8" wordnetid="108409617"><header><title>central high school martinsburg pennsylvania</title><id /><revision><id /><timestamp /><contributor><username>mbisanz</username><id /></contributor></revision><categories><category>articles invalid parameter template</category><category>needing wikified</category><category>high schools pennsylvania</category><category>wikify february</category></categories></header><bdy><table class="metadata plainlinks ambox "><row><col>amboxstyle style</col></row><row><col class="mbox-image"><p><image width="50px" src="Wikitext.svg" /></p></col><col style="" class="mbox-text">article help<weblink ns0:type="simple" ns0:href="http://localhost:18088/wiki/index.php?title=Central_High_School_%28Martinsburg%2C_Pennsylvania%29 action=edit">improve article</weblink>adding february</col></row></table><sec><st>central high school</st><p>central high school public high school martinsburg pennsylvania serves spring cove school district southern blair county pennsylvania central high school enrollment students grades</p><ss1><st>academics</st><p>central high school offers academic programs</p><p>career exploration resource center</p><p>consumer homemaking education</p><p>honors courses</p><p>vocational building tradeshome maintenance</p><p>distance learning opportunities</p><p>business vocational courses</p><p>advanced placement courses</p><p>foreign language courses</p><p>college high school courses</p><p>required physical education courses</p><p>art major course</p><p>independent study courses</p><p>workbased learning</p><p>schooltowork activities</p><p>drivers education</p><p>vocational agriculture horticulture courses</p><p>average sat score central high school students scoring top</p><p>classes class size</p><p>central high school safe high school safety infractions students compared average</p><p>central high school seniors voted central high schools top strengths</p><p>teachers</p><p>administration</p><p>small size allows focus individual education</p><p>block schedulingcurriculum</p><p>extracurricular activities</p><p><list><entry level="1" type="bullet">central high school switched block schedulingcurriculum period schedulingcurriculum school year</entry></list></p><p>central high school multiple supporting programs including</p><p>onsite breakfast lunch programs interscholastic sports</p><p>band orchestra</p><p>chorus</p><p>theater arts activities</p><p>business partnerships</p><p>community service programs</p><p>school clubs</p><p>work study</p><p>school computer labs library library central approx books pamphlets maps videotapes films software electronic media classrooms computer teacher instructional approx computers students day students supervised access internet school computers</p></ss1><ss1><st>athletics</st><p>central high schools mascot dragon school participates newly formed mountain athletic conference mac school offers sports students location venue</p><p>baseball central high school</p><p>basketballboys central high school gym</p><p>basketballgirls central high school gym</p><p>competition cheerleading bean hill gym martinsburg</p><p>cross country girlsboys central high school</p><p>football dragon field roaring spring</p><p>golf iron masters country club roaring spring</p><p>softball central high school</p><p>swimming girlsboys penn altoona</p><p>tennisgirls morrisons cove park martinsburg</p><p>track field girlsboys central high school</p><p>volleyballboys central high school gym</p><p>volleyballgirls central high school gym</p><p>wrestling bean hill gym martinsburg</p></ss1></sec></bdy></senior_high_school></article>