<article xmlns:ns0="http://www.w3.org/1999/xlink"><company confidence="0.8" wordnetid="108058098"><institution confidence="0.8" wordnetid="108053576"><header><title>cognio</title><id /><revision><id /><timestamp /><contributor><username>wilsbadkarma</username><id /></contributor></revision><categories><category>montgomery county maryland</category><category>companies based maryland</category><category>radiofrequency identification</category><category>networking companies united</category></categories></header><bdy>cognio builds<link ns0:type="simple" ns0:href="../852/42852.xml">radio frequency</link>spectrum analysis solutions find solve wifi channel interference problems wireless networks wireless applications<link ns0:type="simple" ns0:href="../320/169320.xml">rfid</link>designed frequency bands common today abg rfid cognios product spectrum expert helps network engineers analyze diagnose locate sources interference enterprises environment cognio acquired cisco systems<sec><st>company overview</st><p>cognio shipping spectrum expert<link ns0:type="simple" ns0:href="../973/63973.xml">wifi</link>management software spring built base customers cognio sells wireless internet connectivity solutions directly resellers oem partnerships companies airmagnet fluke networks wildpackets cognio headquartered<village wordnetid="108672738" confidence="0.9508927676800064"><link ns0:type="simple" ns0:href="../050/145050.xml">germantown</link></village><region wordnetid="108630985" confidence="0.8"><administrative_district wordnetid="108491826" confidence="0.8"><location wordnetid="100027167" confidence="0.8"><district wordnetid="108552138" confidence="0.8"><country wordnetid="108544813" confidence="0.8"><link ns0:type="simple" ns0:href="../858/18858.xml">maryland</link></country></district></location></administrative_district></region><village wordnetid="108672738" confidence="0.9508927676800064"><link ns0:type="simple" ns0:href="../956/108956.xml">washington</link></village><link ns0:type="simple" ns0:href="../750/3434750.xml">usa</link>privately held investments north bridge venture partners abs ventures avansis ventures company currently employees cognio granted patents submitted patent applications analysis technology cognios market spectrum analysis software enterprise communications cognio sells wifi spectrum analyzer products network engineers field service engineers responsible security wireless networks applications wireless networks engineers troubleshoot interference pattern problems hamper wireless communications</p><p>wireless network devices communicate transmitting radio waves type network operates specific range radio wave frequencies range called spectrum</p><p><standard wordnetid="107260623" confidence="0.8"><system_of_measurement wordnetid="113577171" confidence="0.8"><link ns0:type="simple" ns0:href="../739/14739.xml">ieee</link></system_of_measurement></standard>wireless networks operate unlicensed spectrum frequency bands licensed<link ns0:type="simple" ns0:href="../145/41145.xml">fcc</link>organizations exclusively traffic spectrum shared types devices cordless phones<computer wordnetid="103082979" confidence="0.8"><artifact wordnetid="100021939" confidence="0.8"><instrumentality wordnetid="103575240" confidence="0.8"><standard wordnetid="107260623" confidence="0.8"><device wordnetid="103183080" confidence="0.8"><machine wordnetid="103699975" confidence="0.8"><system_of_measurement wordnetid="113577171" confidence="0.8"><link ns0:type="simple" ns0:href="../742/3742.xml">bluetooth</link></system_of_measurement></machine></device></standard></instrumentality></artifact></computer>devices designed shared spectrum technology checks airwaves clear transmitting messages airwaves crowded radio signals device will shut communications</p><p>sources interference networks nearby wlans wifi channel interference second communication devices share spectrumdevices bluetooth headsetsmay interference third interference originate radio energy electronic devices video cameras microwave ovens</p><p>interference result slow network performance dropped connections devices jammers types video cameras prevent wlans communicating</p><p>wlan management tools measure analyze interference problems monitor layers<message wordnetid="106598915" confidence="0.8"><protocol wordnetid="106665108" confidence="0.8"><standard wordnetid="107260623" confidence="0.8"><direction wordnetid="106786629" confidence="0.8"><rule wordnetid="106652242" confidence="0.8"><proposal wordnetid="107162194" confidence="0.8"><recommendation wordnetid="106671637" confidence="0.8"><advice wordnetid="106671484" confidence="0.8"><system_of_measurement wordnetid="113577171" confidence="0.8"><link ns0:type="simple" ns0:href="../747/22747.xml">osi model</link></system_of_measurement></advice></recommendation></proposal></rule></direction></standard></protocol></message>report performance slow typically unable report slow performance caused wifi interference consequently wlan network engineers detecting poor connectivity wireless internet areas left wifi tools analyzing interference measuring effects interference specific channels network identifying type location sources interference</p><p>network engineers scientific spectrum analyzers tools designed laboratory settings large heavy network administrators moving building course day wifi spectrum analyzers cost tens thousands dollars</p></sec><sec><st>wireless spectrum analyzer products</st><p>cognio currently sells products spectrum expert wifi spectrum expert rfid product naming cognio omits hyphen appears word wifi</p><p>cognio spectrum expert wifi enables network engineers identify locate sources wifi channel interference networks product consists cardbus card includes builtin antenna hardware designed rapidly analyze activity spectrum expert wifi scans radio spectrum networks ghz scan spectrum networks ghz ghz</p><p>cognio spectrum expert rfid wifi product scans radio spectrum rfid tags mhz mhz</p></sec><sec><st>cognio spectrum expert wifi interference monitoring</st><p>cognio spectrum expert wifi pclaptopbased solution spectrum analysis product consists windows application cardbus card features builtin antenna cognios patented analysis technology</p><p>spectrum expert wifi network engineers list devices transmitting wlans spectrum spectrum experts bar graphs wifi channel interference specific device causing specific channel wlan</p><p>identify interfering device network engineers spectrum experts device locator feature works sort<equipment wordnetid="103294048" confidence="0.9508927676800064"><link ns0:type="simple" ns0:href="../984/12984.xml">geiger counter</link></equipment>track signal strength location device removed repositioned shielded</p></sec><sec><st>channels partners</st><p>cognio sells products oems resellers oem partners include airmagnet fluke networks wildpackets resellers include<link ns0:type="simple" ns0:href="../746/51746.xml">cisco</link>advanced telecom systems cumulus consulting group elexo lumiad meritech group psiber streakwave tessco test tools europe unitronics</p><p>addition cognio works training partners offer training spectrum analysis wifi networks cognios training partners security university spectrotech</p></sec><sec><st>partnership cisco</st><p>october cognio cisco announced partnership cisco press release<weblink ns0:type="simple" ns0:href="http://newsroom.cisco.com/dlls/partners/news/2006/pr_prod_10-03.html" />cisco tackles enterprise radio frequency challenges address growing issue facing pervasive enterprise deployments wifi networks radio frequency interference</p><p>february cisco launched<weblink ns0:type="simple" ns0:href="http://www.cisco.com/en/US/netsol/ns736/networking_solutions_package.html" />devoted interference features cognio spectrum expert solution</p><p>wifi management software customers cognio sold wireless spectrum analyzer products businesses customers include chicago board trade christiana care fedex honda microsoft netstar telecommunications eleven siemens skypilot networks university richmond</p></sec><sec><st>financials</st><p>cognio acquired cisco systems</p><p>learn industry acclaimed spectrum expert wifi visit cisco spectrum expert product</p><p>existing cognio customer contact cisco register spectrum expert product visit cisco spectrum expert registration</p><p>customers active service contract cisco open support case accessing cisco technical assistance center website calling tac hotline visit worldwide contact list</p><p>general information cisco products services ordering visit ciscocom</p></sec><sec><st>management team</st><p>cognios management team consists</p><p><list><entry level="1" type="bullet">tom mcpherson ceo</entry><entry level="1" type="bullet">neil diener cto</entry><entry level="1" type="bullet">elizabeth hess cfo</entry><entry level="1" type="bullet">jeff white executive vice president business development</entry><entry level="1" type="bullet">gary sugar founder vice president engineering</entry><entry level="1" type="bullet">william flanagan vice president marketing</entry><entry level="1" type="bullet">greg barone vice president sales</entry></list></p></sec><sec><st>references</st><p /></sec><sec><st>external links</st><p><list><entry level="1" type="bullet"><weblink ns0:type="simple" ns0:href="http://www.cognio.com/">company website</weblink></entry></list></p></sec></bdy></institution></company></article>