<article xmlns:ns0="http://www.w3.org/1999/xlink"><header><title>war cry</title><id /><revision><id /><timestamp /><contributor><username>rockkr</username><id /></contributor></revision><categories><category>disambiguation</category><category>disambiguation</category></categories></header><bdy>war cry warcry refer<p><list><entry level="1" type="bullet"><link ns0:type="simple" ns0:href="../788/1202788.xml">battle cry</link>yell chant battle members military unit</entry><entry level="1" type="bullet"><musical_organization wordnetid="108246613" confidence="0.8"><group wordnetid="100031264" confidence="0.8"><link ns0:type="simple" ns0:href="../384/4189384.xml">warcry band</link></group></musical_organization>spanish power metal band</entry><entry level="2" type="bullet"><album wordnetid="106591815" confidence="0.9508927676800064"><link ns0:type="simple" ns0:href="../427/11769427.xml">warcry album</link></album>debut selftitled album</entry><entry level="1" type="bullet"><work wordnetid="104599396" confidence="0.8"><product wordnetid="104007894" confidence="0.8"><magazine wordnetid="106595351" confidence="0.8"><print_media wordnetid="106263609" confidence="0.8"><creation wordnetid="103129123" confidence="0.8"><press wordnetid="106263369" confidence="0.8"><artifact wordnetid="100021939" confidence="0.8"><instrumentality wordnetid="103575240" confidence="0.8"><medium wordnetid="106254669" confidence="0.8"><publication wordnetid="106589574" confidence="0.8"><newspaper wordnetid="106267145" confidence="0.8"><link ns0:type="simple" ns0:href="../038/6584038.xml">war cry</link></newspaper></publication></medium></instrumentality></artifact></press></creation></print_media></magazine></product></work>official newspaper salvation army</entry><entry level="1" type="bullet"><physical_entity wordnetid="100001930" confidence="0.8"><disputant wordnetid="109615465" confidence="0.8"><person wordnetid="100007846" confidence="0.8"><reformer wordnetid="110515194" confidence="0.8"><militant wordnetid="110315837" confidence="0.8"><causal_agent wordnetid="100007347" confidence="0.8"><anarchist wordnetid="109791816" confidence="0.8"><radical wordnetid="110503452" confidence="0.8"><link ns0:type="simple" ns0:href="../195/16452195.xml">priya reddy</link></radical></anarchist></causal_agent></militant></reformer></person></disputant></physical_entity>american anarchist sobriquet warcry</entry><entry level="1" type="bullet"><game wordnetid="100456199" confidence="0.9508927676800064"><link ns0:type="simple" ns0:href="../057/901057.xml">warcry game</link></game>collectible card game set warhammer fantasy</entry><entry level="1" type="bullet"><web_site wordnetid="106359193" confidence="0.9508927676800064"><link ns0:type="simple" ns0:href="../846/9312846.xml">warcry network</link></web_site>fanbased web site network centered mmogs</entry></list></p><p><table style="background:none"><row><col style="vertical-align:middle;"><image width="30px" src="Disambig_gray.svg" /></col><col style="vertical-align:middle;">lists articles associated title<weblink ns0:type="simple" ns0:href="http://localhost:18088/wiki/index.php?title=Special:Whatlinkshere/War_cry namespace=0">internal link</weblink>led change link point directly intended article</col></row></table></p></bdy></article>