<article xmlns:ns0="http://www.w3.org/1999/xlink"><entity confidence="0.9511911446218017" wordnetid="100001740"><header><title>medical literature retrieval</title><id /><revision><id /><timestamp /><contributor><username>eleassar</username><id /></contributor></revision><categories><category>orphaned articles</category><category>articles expanded</category><category>articles invalid parameter template</category><category>medical</category><category>articles expanded</category><category>medical informatics</category><category>bioinformatics</category><category>orphaned articles</category></categories></header><bdy><p><table class="metadata plainlinks ambox "><row><col>amboxstyle style</col></row><row><col class="mbox-image"><p><image width="44px" src="Wiki_letter_w.svg" /></p></col><col style="" class="mbox-text">article articles<weblink ns0:type="simple" ns0:href="http://localhost:18088/wiki/index.php?title=Special:Whatlinkshere target=Medical_literature_retrieval namespace=0">link</weblink>help articles<weblink ns0:type="simple" ns0:href="http://www.google.com/search?hl=en as_qdr=all q=+site%3Aen.wikipedia.org+%22Medical+literature+retrieval%22">topics</weblink></col></row></table></p><p><table class="metadata plainlinks ambox "><row><col>amboxnotice style</col></row><row><col class="mbox-image"><p><image width="44px" src="Wiki_letter_w.svg" /></p></col><col style="" class="mbox-text">help<weblink ns0:type="simple" ns0:href="http://localhost:18088/wiki/index.php?title=Medical_literature_retrieval action=edit">improve article</weblink>expanding information</col></row></table>medical literature retrieval medical document retrieval activity professional methods medical papers retrieval report data improve medicine practice</p><sec><st /><p><list><entry level="1" type="bullet"><link ns0:type="simple" ns0:href="../581/351581.xml">health informatics</link></entry><entry level="1" type="bullet"><link ns0:type="simple" ns0:href="../794/1076794.xml">medical subject headings</link></entry><entry level="1" type="bullet"><link ns0:type="simple" ns0:href="../013/10013.xml">evidencebased medicine</link></entry><entry level="1" type="bullet"><body wordnetid="107965085" confidence="0.8"><social_group wordnetid="107950920" confidence="0.8"><group wordnetid="100031264" confidence="0.8"><administration wordnetid="108164585" confidence="0.8"><link ns0:type="simple" ns0:href="../766/1124766.xml">international medical informatics association</link></administration></group></social_group></body></entry><entry level="1" type="bullet"><body wordnetid="107965085" confidence="0.8"><social_group wordnetid="107950920" confidence="0.8"><group wordnetid="100031264" confidence="0.8"><administration wordnetid="108164585" confidence="0.8"><link ns0:type="simple" ns0:href="../689/8424689.xml">european federation medical informatics</link></administration></group></social_group></body></entry></list></p></sec><sec><st>external links</st><p><list><entry level="1" type="bullet"><weblink ns0:type="simple" ns0:href="http://www.pubmed.gov/">medlinepubmed</weblink></entry><entry level="1" type="bullet">william hersh<weblink ns0:type="simple" ns0:href="http://medir.ohsu.edu/~hersh/irbook/">information retrieval health biomedical perspective</weblink>springerverlag isbn</entry><entry level="1" type="bullet"><weblink ns0:type="simple" ns0:href="http://websearch.about.com/od/enginesanddirectories/tp/medical.htm?terms=Medical+search%20engine">top medical search engines web</weblink><web_site wordnetid="106359193" confidence="0.9508927676800064"><link ns0:type="simple" ns0:href="../553/38553.xml">aboutcom</link></web_site>wendy boswell</entry></list></p></sec></bdy></entity></article>