<article xmlns:ns0="http://www.w3.org/1999/xlink"><header><title>high performance wireless education network</title><id /><revision><id /><timestamp /><contributor><username>tikiwont</username><id /></contributor></revision><categories><category>development organizations</category><category>wireless networking</category><category>articles invalid parameter template</category><category>articles expanded august</category><category>articles expanded</category><category>university california san diego</category><category>san diego university</category></categories></header><bdy><table class="metadata plainlinks ambox "><row><col>amboxnotice style</col></row><row><col class="mbox-image"><p><image width="44px" src="Wiki_letter_w.svg" /></p></col><col style="" class="mbox-text">help<weblink ns0:type="simple" ns0:href="http://localhost:18088/wiki/index.php?title=High_Performance_Wireless_Research_and_Education_Network action=edit">improve article</weblink>expanding information august</col></row></table><p>high performance wireless education network hpwren network program funded<agency wordnetid="108337324" confidence="0.9508927676800064"><link ns0:type="simple" ns0:href="../427/157427.xml">national science foundation</link></agency>program includes creation demonstration evaluation noncommercial prototype highperformance widearea wireless network<link ns0:type="simple" ns0:href="../520/62520.xml">southern california</link>service area</p><p>hpwren program<link ns0:type="simple" ns0:href="../330/303330.xml">collaborative</link><link ns0:type="simple" ns0:href="../201/15201.xml">interdisciplinary</link>multi<link ns0:type="simple" ns0:href="../833/294833.xml">institutional</link>cyberinfrastructure education purposes program data data tranmission capabilities<link ns0:type="simple" ns0:href="../334/146334.xml">emergency</link><link ns0:type="simple" ns0:href="../273/500273.xml">responder</link>service area</p><sec><st>network</st><p>program includes creation demonstration evaluation noncommercial prototype highperformance widearea<link ns0:type="simple" ns0:href="../172/33172.xml">wireless network</link>service area currently hpwren network network analysis highspeed<link ns0:type="simple" ns0:href="../539/14539.xml">internet</link>access field researchers</p><ss1><st>service area</st><p><link ns0:type="simple" ns0:href="../520/62520.xml">southern california</link><county wordnetid="108546183" confidence="0.9508927676800064"><link ns0:type="simple" ns0:href="../048/82048.xml">san diego</link></county><county wordnetid="108546183" confidence="0.9508927676800064"><link ns0:type="simple" ns0:href="../039/82039.xml">riverside</link></county><county wordnetid="108546183" confidence="0.9508927676800064"><link ns0:type="simple" ns0:href="../545/80545.xml">imperial</link></county>counties</p></ss1><ss1><st>backbone nodes</st><p>network includes<link ns0:type="simple" ns0:href="../116/998116.xml">backbone nodes</link>located<university wordnetid="108286163" confidence="0.9508927676800064"><ranking wordnetid="114429484" confidence="0.9508927676800064"><link ns0:type="simple" ns0:href="../927/31927.xml">university california san diego</link></ranking></university>ucsd<university wordnetid="108286163" confidence="0.9508927676800064"><link ns0:type="simple" ns0:href="../083/286083.xml">san diego university</link></university>sdsu campuses well number hardtoreach areas remote environments</p></ss1></sec><sec><st>operations</st><p>hpwren backbone operates licensed spectrum project researchers offtheshelf technology create redundant topology access links utilize<link ns0:type="simple" ns0:href="../551/48551.xml">license</link>exempt radios</p></sec><sec><st>topology</st><p>network spans<link ns0:type="simple" ns0:href="../520/62520.xml">southern california</link>coast inland valleys high mountains reaching feet remote desert networks longest link miles distance reaching<site wordnetid="108651247" confidence="0.8"><region wordnetid="108630985" confidence="0.8"><location wordnetid="100027167" confidence="0.8"><tract wordnetid="108673395" confidence="0.8"><geographical_area wordnetid="108574314" confidence="0.8"><link ns0:type="simple" ns0:href="../778/715778.xml">san diego supercomputer center</link></geographical_area></tract></location></region></site><land wordnetid="109334396" confidence="0.8"><island wordnetid="109316454" confidence="0.8"><link ns0:type="simple" ns0:href="../139/416139.xml">san clemente island</link></island></land></p></sec><sec><st>external links</st><p><list><entry level="1" type="bullet"><weblink ns0:type="simple" ns0:href="http://hpwren.ucsd.edu/index.html">ucsd hpwren</weblink></entry></list></p><p><table style=";" class="navbox" cellspacing="0"><row><col style="padding:2px;"><table style="width:100%;background:transparent;color:inherit;;" class="nowraplinks collapsible expanded " cellspacing="0"><row><header colspan="3" style=";background:#000080;color:#FFB300;" class="navbox-title"><university wordnetid="108286163" confidence="0.9508927676800064"><ranking wordnetid="114429484" confidence="0.9508927676800064"><link ns0:type="simple" ns0:href="../927/31927.xml">university california san diego</link></ranking></university><village wordnetid="108672738" confidence="0.9508927676800064"><link ns0:type="simple" ns0:href="../504/28504.xml">san diego california</link></village></header></row><row style="height:2px;" /><row><col style="width:0%;padding:0px 2px 0px 0px;" rowspan="9"><image width="130px" src="Geisel_library.jpg" /></col><col style=";text-align:center;background:transparent;color:#AAAAAA;;" class="navbox-group">residential colleges</col><col style="text-align:left;border-left:2px solid #fdfdfd;width:100%;padding:0px;text-align:center;;;" class="navbox-list navbox-odd"><link ns0:type="simple" ns0:href="../358/1929358.xml">revelle college</link><link ns0:type="simple" ns0:href="../755/1927755.xml">john muir college</link><link ns0:type="simple" ns0:href="../432/1972432.xml">thurgood marshall college</link><link ns0:type="simple" ns0:href="../832/1931832.xml">earl warren college</link><link ns0:type="simple" ns0:href="../560/939560.xml">eleanor roosevelt college</link><link ns0:type="simple" ns0:href="../176/1631176.xml">sixth college</link></col></row><row style="height:2px" /><row><col style=";text-align:center;background:transparent;color:#AAAAAA;;" class="navbox-group">professional schools</col><col style="text-align:left;border-left:2px solid #fdfdfd;width:100%;padding:0px;text-align:center;;;" class="navbox-list navbox-even"><link ns0:type="simple" ns0:href="../468/3645468.xml">graduate school international relations pacific studies</link><school wordnetid="108276720" confidence="0.8"><graduate_school wordnetid="108282696" confidence="0.8"><educational_institution wordnetid="108276342" confidence="0.8"><business_school wordnetid="108281812" confidence="0.8"><institution wordnetid="108053576" confidence="0.8"><link ns0:type="simple" ns0:href="../713/3980713.xml">rady school management</link></institution></business_school></educational_institution></graduate_school></school><link ns0:type="simple" ns0:href="../686/5582686.xml">school medicine</link><link>skaggs school pharmacy</link></col></row><row style="height:2px" /><row><col style=";text-align:center;background:transparent;color:#AAAAAA;;" class="navbox-group">institutes</col><col style="text-align:left;border-left:2px solid #fdfdfd;width:100%;padding:0px;text-align:center;;;" class="navbox-list navbox-odd"><institute wordnetid="108407330" confidence="0.8"><association wordnetid="108049401" confidence="0.8"><institution wordnetid="108053576" confidence="0.8"><link ns0:type="simple" ns0:href="../295/224295.xml">scripps institution oceanography</link></institution></association></institute><link ns0:type="simple" ns0:href="../985/10548985.xml">hpwren</link><link ns0:type="simple" ns0:href="../052/18510052.xml">calit</link><site wordnetid="108651247" confidence="0.8"><region wordnetid="108630985" confidence="0.8"><location wordnetid="100027167" confidence="0.8"><tract wordnetid="108673395" confidence="0.8"><geographical_area wordnetid="108574314" confidence="0.8"><link ns0:type="simple" ns0:href="../778/715778.xml">san diego supercomputer center</link></geographical_area></tract></location></region></site><link ns0:type="simple" ns0:href="../979/2651979.xml">san diego medical center</link></col></row><row style="height:2px" /><row><col style=";text-align:center;background:transparent;color:#AAAAAA;;" class="navbox-group">athletics</col><col style="text-align:left;border-left:2px solid #fdfdfd;width:100%;padding:0px;text-align:center;;;" class="navbox-list navbox-even"><link ns0:type="simple" ns0:href="../963/18925963.xml">ucsd tritons</link><region wordnetid="108630985" confidence="0.8"><center wordnetid="108523483" confidence="0.8"><area wordnetid="108497294" confidence="0.8"><location wordnetid="100027167" confidence="0.8"><scene wordnetid="108645963" confidence="0.8"><venue wordnetid="108677628" confidence="0.8"><link ns0:type="simple" ns0:href="../000/12317000.xml">rimac arena</link></venue></scene></location></area></center></region></col></row><row style="height:2px" /><row><col style=";text-align:center;background:transparent;color:#AAAAAA;;" class="navbox-group">life</col><col style="text-align:left;border-left:2px solid #fdfdfd;width:100%;padding:0px;text-align:center;;;" class="navbox-list navbox-odd"><newspaper wordnetid="106267145" confidence="0.9508927676800064"><link ns0:type="simple" ns0:href="../081/4520081.xml">ucsd guardian</link></newspaper><newspaper wordnetid="106267145" confidence="0.9508927676800064"><link ns0:type="simple" ns0:href="../632/8226632.xml">koala</link></newspaper><educational_institution wordnetid="108276342" confidence="0.8"><institution wordnetid="108053576" confidence="0.8"><link ns0:type="simple" ns0:href="../850/15468850.xml">ucsd price center</link></institution></educational_institution><structure wordnetid="104341686" confidence="0.8"><artifact wordnetid="100021939" confidence="0.8"><area wordnetid="102735688" confidence="0.8"><library wordnetid="103660909" confidence="0.8"><room wordnetid="104105893" confidence="0.8"><link ns0:type="simple" ns0:href="../927/5743927.xml">geisel library</link></room></library></area></artifact></structure><radio_station wordnetid="104044119" confidence="0.9508927676800064"><link ns0:type="simple" ns0:href="../261/12555261.xml">ksdt radio</link></radio_station><link ns0:type="simple" ns0:href="../318/7404318.xml">ucsd</link><link ns0:type="simple" ns0:href="../330/1470330.xml">preuss school ucsd</link><university wordnetid="108286163" confidence="0.9508927676800064"><link ns0:type="simple" ns0:href="../266/13991266.xml">ucsd alumni association</link></university><link>caf</link><festival wordnetid="115162388" confidence="0.9508927676800064"><link ns0:type="simple" ns0:href="../712/5117712.xml">sun god festival</link></festival><sculpture wordnetid="104157320" confidence="0.8"><creation wordnetid="103129123" confidence="0.8"><artifact wordnetid="100021939" confidence="0.8"><figure wordnetid="113862780" confidence="0.8"><art wordnetid="102743547" confidence="0.8"><plastic_art wordnetid="103958097" confidence="0.8"><shape wordnetid="100027807" confidence="0.8"><solid_figure wordnetid="113863473" confidence="0.8"><link ns0:type="simple" ns0:href="../009/5927009.xml">stuart collection</link></solid_figure></shape></plastic_art></art></figure></artifact></creation></sculpture></col></row></table></col></row></table></p><p><table style="margin-left:auto; margin-right:auto; width:90%;" class="navbox"><row><header style="color:#D2C694; font-size:3.0em; line-height:100%; background:#A81933; width:1.5em; padding:0.6em;" rowspan="8">sdsu</header></row><row><col><link ns0:type="simple" ns0:href="../953/6668953.xml">college arts letters</link><university wordnetid="108286163" confidence="0.9508927676800064"><link ns0:type="simple" ns0:href="../879/6663879.xml">college business administration</link></university><school wordnetid="108276720" confidence="0.8"><educational_institution wordnetid="108276342" confidence="0.8"><institution wordnetid="108053576" confidence="0.8"><link ns0:type="simple" ns0:href="../388/6707388.xml">college education</link></institution></educational_institution></school><body wordnetid="107965085" confidence="0.8"><university wordnetid="108286163" confidence="0.8"><social_group wordnetid="107950920" confidence="0.8"><group wordnetid="100031264" confidence="0.8"><link ns0:type="simple" ns0:href="../750/6706750.xml">college engineering</link></group></social_group></university></body><school wordnetid="108276720" confidence="0.8"><nursing_school wordnetid="108283757" confidence="0.8"><educational_institution wordnetid="108276342" confidence="0.8"><institution wordnetid="108053576" confidence="0.8"><link ns0:type="simple" ns0:href="../302/6707302.xml">college health human services graduate school public health</link></institution></educational_institution></nursing_school></school><institute wordnetid="108407330" confidence="0.8"><association wordnetid="108049401" confidence="0.8"><link ns0:type="simple" ns0:href="../413/6706413.xml">college sciences</link></association></institute><music_school wordnetid="108283649" confidence="0.8"><conservatory wordnetid="108287436" confidence="0.8"><school wordnetid="108276720" confidence="0.8"><educational_institution wordnetid="108276342" confidence="0.8"><institution wordnetid="108053576" confidence="0.8"><link ns0:type="simple" ns0:href="../750/6707750.xml">college professional studies fine arts</link></institution></educational_institution></school></conservatory></music_school><university wordnetid="108286163" confidence="0.9508927676800064"><link ns0:type="simple" ns0:href="../896/10912896.xml">college extended studies</link></university><university wordnetid="108286163" confidence="0.9508927676800064"><link ns0:type="simple" ns0:href="../896/10912896.xml">american language institute</link></university><university wordnetid="108286163" confidence="0.9508927676800064"><link ns0:type="simple" ns0:href="../917/6707917.xml">imperial valley campus</link></university></col><col style="color:#A81933;">colleges</col></row><row><col><link ns0:type="simple" ns0:href="../628/8360628.xml">list san diego university alumni faculty</link></col><col style="color:#A81933;">people</col></row><row><col><link ns0:type="simple" ns0:href="../217/6829217.xml">sdsu foundation</link><link>biological field stations</link><link ns0:type="simple" ns0:href="../985/10548985.xml">hpwren</link><structure wordnetid="104341686" confidence="0.8"><building wordnetid="102913152" confidence="0.8"><artifact wordnetid="100021939" confidence="0.8"><observatory wordnetid="103839671" confidence="0.8"><link ns0:type="simple" ns0:href="../330/2866330.xml">mount laguna observatory</link></observatory></artifact></building></structure></col><col style="color:#A81933;" /></row><row><col><artifact wordnetid="100021939" confidence="0.8"><facility wordnetid="103315023" confidence="0.8"><station wordnetid="104306080" confidence="0.8"><television_station wordnetid="104406350" confidence="0.8"><channel wordnetid="103006398" confidence="0.8"><broadcasting_station wordnetid="102903405" confidence="0.8"><link ns0:type="simple" ns0:href="../569/899569.xml">kpbs television</link></broadcasting_station></channel></television_station></station></facility></artifact><radio_station wordnetid="104044119" confidence="0.9508927676800064"><link ns0:type="simple" ns0:href="../532/13834532.xml">kpbs radio</link></radio_station><artifact wordnetid="100021939" confidence="0.8"><facility wordnetid="103315023" confidence="0.8"><station wordnetid="104306080" confidence="0.8"><link ns0:type="simple" ns0:href="../884/3629884.xml">kcr radio</link></station></facility></artifact><firm wordnetid="108059870" confidence="0.8"><enterprise wordnetid="108056231" confidence="0.8"><business wordnetid="108061042" confidence="0.8"><publisher wordnetid="108062623" confidence="0.8"><link ns0:type="simple" ns0:href="../796/6707796.xml">san diego university press</link></publisher></business></enterprise></firm></col><col style="color:#A81933;">media</col></row><row><col><link ns0:type="simple" ns0:href="../670/6767670.xml">sdsu aztecs</link><region wordnetid="108630985" confidence="0.8"><area wordnetid="108497294" confidence="0.8"><location wordnetid="100027167" confidence="0.8"><scene wordnetid="108645963" confidence="0.8"><venue wordnetid="108677628" confidence="0.8"><link ns0:type="simple" ns0:href="../025/635025.xml">qualcomm stadium</link></venue></scene></location></area></region><region wordnetid="108630985" confidence="0.8"><area wordnetid="108497294" confidence="0.8"><location wordnetid="100027167" confidence="0.8"><scene wordnetid="108645963" confidence="0.8"><venue wordnetid="108677628" confidence="0.8"><link ns0:type="simple" ns0:href="../265/1747265.xml">cox arena</link></venue></scene></location></area></region><region wordnetid="108630985" confidence="0.8"><area wordnetid="108497294" confidence="0.8"><location wordnetid="100027167" confidence="0.8"><scene wordnetid="108645963" confidence="0.8"><venue wordnetid="108677628" confidence="0.8"><link ns0:type="simple" ns0:href="../408/7493408.xml">peterson gym</link></venue></scene></location></area></region><region wordnetid="108630985" confidence="0.8"><area wordnetid="108497294" confidence="0.8"><location wordnetid="100027167" confidence="0.8"><scene wordnetid="108645963" confidence="0.8"><venue wordnetid="108677628" confidence="0.8"><link ns0:type="simple" ns0:href="../086/2485086.xml">tony gwynn stadium</link></venue></scene></location></area></region></col><col style="color:#A81933;">athletics</col></row><row><col><station wordnetid="104306080" confidence="0.9508927676800064"><link ns0:type="simple" ns0:href="../545/13377545.xml">sdsu transit center san diego trolley station</link></station><region wordnetid="108630985" confidence="0.8"><vicinity wordnetid="108641113" confidence="0.8"><social_group wordnetid="107950920" confidence="0.8"><area wordnetid="108497294" confidence="0.8"><location wordnetid="100027167" confidence="0.8"><gathering wordnetid="107975026" confidence="0.8"><community wordnetid="108223802" confidence="0.8"><group wordnetid="100031264" confidence="0.8"><section wordnetid="108648322" confidence="0.8"><link ns0:type="simple" ns0:href="../600/1887600.xml">college area</link></section></group></community></gathering></location></area></social_group></vicinity></region></col><col style="color:#A81933;">infrastructure</col></row><row><header colspan="2" style="font-size:1.2em; background:#D2C694;"><university wordnetid="108286163" confidence="0.9508927676800064"><link ns0:type="simple" ns0:href="../083/286083.xml">san diego university</link></university><village wordnetid="108672738" confidence="0.9508927676800064"><link ns0:type="simple" ns0:href="../504/28504.xml">san diego california</link></village></header></row></table></p></sec></bdy></article>