<article xmlns:ns0="http://www.w3.org/1999/xlink"><physical_entity confidence="0.8" wordnetid="100001930"><person confidence="0.8" wordnetid="100007846"><performer confidence="0.8" wordnetid="110415638"><engineer confidence="0.8" wordnetid="109615807"><musician confidence="0.8" wordnetid="110340312"><causal_agent confidence="0.8" wordnetid="100007347"><entertainer confidence="0.8" wordnetid="109616922"><header><title>alessandro simonetto</title><id /><revision><id /><timestamp /><contributor><username>twsx</username><id /></contributor></revision><categories><category>audio engineers</category><category>living people</category><category>italian musicians</category><category>births</category></categories></header><bdy>alessandro simonetto<structure wordnetid="104341686" confidence="0.8"><building wordnetid="102913152" confidence="0.8"><artifact wordnetid="100021939" confidence="0.8"><mansion wordnetid="103719053" confidence="0.8"><dwelling wordnetid="103259505" confidence="0.8"><church wordnetid="103028079" confidence="0.8"><housing wordnetid="103546340" confidence="0.8"><place_of_worship wordnetid="103953416" confidence="0.8"><cathedral wordnetid="102984061" confidence="0.8"><house wordnetid="103544360" confidence="0.8"><palace wordnetid="103878066" confidence="0.8"><link ns0:type="simple" ns0:href="../334/826334.xml">bassano del grappa</link></palace></house></cathedral></place_of_worship></housing></church></dwelling></mansion></artifact></building></structure><link ns0:type="simple" ns0:href="../654/34654.xml" />italian<link ns0:type="simple" ns0:href="../284/38284.xml">musician</link><link ns0:type="simple" ns0:href="../478/597478.xml">sound engineer</link><sec><st>background</st><p><table style="margin:auto; border-collapse:collapse; border-style:none; background-color:transparent; " class="cquote"><row><col style="color:#B2B7F2;font-size:35px;font-family:'Times New Roman',serif;font-weight:bold;text-align:left;padding:10px 10px;" width="20" valign="top" /><col style="padding:4px 10px;" valign="top">pianist immense talent will surely mark musical profession<ref ns0:type="simple" ns0:href="#xpointer(//reflist/entry[@id=%221%22])" /><ref ns0:type="simple" ns0:href="#xpointer(//reflist/entry[@id=%222%22])" /></col><col style="color:#B2B7F2;font-size:36px;font-family:'Times New Roman',serif;font-weight:bold;text-align:right;padding:10px 10px;" width="20" valign="bottom" /></row></table></p><p>alessandro simonetto graduated autodidact<link ns0:type="simple" ns0:href="../034/23034.xml">pianoforte</link>three years<ref ns0:type="simple" ns0:href="#xpointer(//reflist/entry[@id=%223%22])" />steffani conservatory music<structure wordnetid="104341686" confidence="0.8"><building wordnetid="102913152" confidence="0.8"><artifact wordnetid="100021939" confidence="0.8"><mansion wordnetid="103719053" confidence="0.8"><dwelling wordnetid="103259505" confidence="0.8"><church wordnetid="103028079" confidence="0.8"><housing wordnetid="103546340" confidence="0.8"><place_of_worship wordnetid="103953416" confidence="0.8"><cathedral wordnetid="102984061" confidence="0.8"><house wordnetid="103544360" confidence="0.8"><palace wordnetid="103878066" confidence="0.8"><link ns0:type="simple" ns0:href="../624/2913624.xml">castelfranco veneto</link></palace></house></cathedral></place_of_worship></housing></church></dwelling></mansion></artifact></building></structure><region wordnetid="108630985" confidence="0.8"><administrative_district wordnetid="108491826" confidence="0.8"><location wordnetid="100027167" confidence="0.8"><municipality wordnetid="108626283" confidence="0.8"><geographical_area wordnetid="108574314" confidence="0.8"><district wordnetid="108552138" confidence="0.8"><urban_area wordnetid="108675967" confidence="0.8"><city wordnetid="108524735" confidence="0.8"><link ns0:type="simple" ns0:href="../340/925340.xml">treviso</link></city></urban_area></district></geographical_area></municipality></location></administrative_district></region><link ns0:type="simple" ns0:href="../510/9510.xml">electronic music</link>countemporary composition pollini conservatory music<site wordnetid="108651247" confidence="0.9508927676800064"><link ns0:type="simple" ns0:href="../240/50240.xml">padua</link></site>studied<link ns0:type="simple" ns0:href="../312/14312.xml">harpsichord</link><link ns0:type="simple" ns0:href="../162/199162.xml">choral conducting</link>traditional jazz electronic<link ns0:type="simple" ns0:href="../794/156794.xml">composition</link><ref ns0:type="simple" ns0:href="#xpointer(//reflist/entry[@id=%224%22])" /></p></sec><sec><st>activities</st><p>early age started composing music piano including<link ns0:type="simple" ns0:href="../533/222533.xml">mazurkas</link>book inspired<link ns0:type="simple" ns0:href="../823/10823.xml">chopin</link>inspired<link ns0:type="simple" ns0:href="../909/5909.xml">contrapuntual</link>method wrote<link ns0:type="simple" ns0:href="../506/17188506.xml">disklavier</link><link ns0:type="simple" ns0:href="../778/152778.xml">organ</link><link ns0:type="simple" ns0:href="../991/82991.xml">chamber music</link><link ns0:type="simple" ns0:href="../866/43866.xml">choral music</link>choral settings<link ns0:type="simple" ns0:href="../510/9510.xml">electronic</link>confined field<link ns0:type="simple" ns0:href="../775/775.xml">algorithm</link><ref ns0:type="simple" ns0:href="#xpointer(//reflist/entry[@id=%225%22])" /></p><p><image width="150px" src="AlessandroSimonetto.jpg"><caption>alessandrosimonettojpg</caption></image></p><p><link ns0:type="simple" ns0:href="../502/35502.xml" />alessandro founded<weblink ns0:type="simple" ns0:href="http://www.kunstderfuge.com/">kunst der fuge website</weblink>exhaustive largest<ref ns0:type="simple" ns0:href="#xpointer(//reflist/entry[@id=%226%22])" />web resource<link ns0:type="simple" ns0:href="../778/6668778.xml">classical music</link><link ns0:type="simple" ns0:href="../461/1692461.xml">midi</link>format online counts files files produced contributors<ref ns0:type="simple" ns0:href="#xpointer(//reflist/entry[@id=%227%22])" />ordered composer plethora files licensed<link ns0:type="simple" ns0:href="../272/52272.xml" /><weblink ns0:type="simple" ns0:href="http://creativecommons.org/licenses/by-nc-sa/2.0/">byncsa</weblink>license<ref ns0:type="simple" ns0:href="#xpointer(//reflist/entry[@id=%226%22])" />mentioned web project simonetto collaborated productors samples audio milandigitalaudio organartmedia<link ns0:type="simple" ns0:href="../761/68761.xml">book</link>record houses centaur audio press seneca edizioni<link ns0:type="simple" ns0:href="../898/33898.xml">website</link><link ns0:type="simple" ns0:href="../707/154707.xml">narrator</link></p><p><link ns0:type="simple" ns0:href="../461/1692461.xml">midi</link>recorded pieces technique perfected tuned years times applied mere<link ns0:type="simple" ns0:href="../770/7634770.xml">sequences</link></p><p><link ns0:type="simple" ns0:href="../478/597478.xml">sound technician</link>alessandro founder<service wordnetid="100577525" confidence="0.9508927676800064"><link ns0:type="simple" ns0:href="../968/5176968.xml">onclassical</link></service>independent<link ns0:type="simple" ns0:href="../078/443078.xml">net label</link>acclaimed<link ns0:type="simple" ns0:href="../272/52272.xml" />licenses italy applied classical music productions<ref ns0:type="simple" ns0:href="#xpointer(//reflist/entry[@id=%228%22])" />simonetto third sound engineer furnished recordings<link ns0:type="simple" ns0:href="../101/147101.xml">labels</link><system wordnetid="108435388" confidence="0.8"><economy wordnetid="108366753" confidence="0.8"><group wordnetid="100031264" confidence="0.8"><link ns0:type="simple" ns0:href="../532/14532.xml">italy</link></group></economy></system><link ns0:type="simple" ns0:href="../239/9239.xml">europe</link></p><p>project simonetto<weblink ns0:type="simple" ns0:href="http://classicaland.com">classicalandcom</weblink>free<link ns0:type="simple" ns0:href="../898/33898.xml">webresource</link>sheet music books reedited portable document formats<message wordnetid="106598915" confidence="0.8"><information wordnetid="106634376" confidence="0.8"><language wordnetid="106282651" confidence="0.8"><format wordnetid="106636806" confidence="0.8"><link ns0:type="simple" ns0:href="../077/24077.xml">pdf</link></format></language></information></message></p></sec><sec><st>references</st><p><reflist><entry id="1">james eric<weblink ns0:type="simple" ns0:href="http://www.mediateca.marche.it/teche_musicali/musicisti_compositori/28%20-%20alessandro%20simonetto.pdf">quotation mediateca delle marche</weblink>pdf</entry><entry id="2"><weblink ns0:type="simple" ns0:href="http://chaplin.bfi.org.uk/resources/bfi/filmog/film_thumb.php?fid=59405 resource=Music%20Cue%20Sheet">music associate late sir charles spenser chaplin</weblink>retrieved<link ns0:type="simple" ns0:href="../553/34553.xml" /></entry><entry id="3"><weblink ns0:type="simple" ns0:href="http://www.onclassical.com/texts/press/07-10-14_simonetto_regala_musica_classica_(giornale-di-vicenza).pdf">article giornale vicenza</weblink>pdf retrieved<link /></entry><entry id="4"><weblink ns0:type="simple" ns0:href="http://www.onclassical.com/texts/author.htm">official biography</weblink></entry><entry id="5"><weblink ns0:type="simple" ns0:href="http://www.archive.org/details/AlessandroSimonetto-OneNote">note algorithmic composition</weblink></entry><entry id="6"><weblink ns0:type="simple" ns0:href="http://creativecommons.org/weblog/entry/8110">article creative commons</weblink>retrieved<link /></entry><entry id="7"><weblink ns0:type="simple" ns0:href="http://kunstderfuge.com/thanks.htm">kunstderfugecom contributors</weblink></entry><entry id="8"><weblink ns0:type="simple" ns0:href="http://creativecommons.org/weblog/entry/7866">article creative commoners</weblink>retrieved<link /></entry></reflist></p></sec><sec><st>references</st><p><list><entry level="1" type="bullet"><weblink ns0:type="simple" ns0:href="http://www.onclassical.com/texts/author.htm">biography official</weblink><service wordnetid="100577525" confidence="0.9508927676800064"><link ns0:type="simple" ns0:href="../968/5176968.xml">onclassical</link></service></entry><entry level="1" type="bullet"><weblink ns0:type="simple" ns0:href="http://www.commoncontent.org/user/6503">alessandro simonettos user info</weblink><region wordnetid="108630985" confidence="0.8"><park wordnetid="108615374" confidence="0.8"><location wordnetid="100027167" confidence="0.8"><tract wordnetid="108673395" confidence="0.8"><geographical_area wordnetid="108574314" confidence="0.8"><link ns0:type="simple" ns0:href="../016/1438016.xml">commoncontentorg</link></geographical_area></tract></location></park></region></entry></list></p></sec><sec><st>external links</st><p><list><entry level="1" type="bullet"><weblink ns0:type="simple" ns0:href="http://www.onclassical.com">onclassical italian record label</weblink></entry></list></p></sec></bdy></entertainer></causal_agent></musician></engineer></performer></person></physical_entity></article>