<article xmlns:ns0="http://www.w3.org/1999/xlink"><series confidence="0.9508927676800064" wordnetid="108457976"><plan confidence="0.9511911446218017" wordnetid="105898568"><introduction confidence="0.9511911446218017" wordnetid="100238022"><ending confidence="0.9511911446218017" wordnetid="106308765"><header><title>time trax</title><id /><revision><id /><timestamp /><contributor><username>botijo</username><id /></contributor></revision><categories><category>television series warner bros television</category><category>american television series</category><category>television series debuts</category><category>prime time entertainment network</category><category>australian science fiction television series</category><category>television series endings</category><category>time travel television series</category><category>firstrun syndicated television programs united</category></categories></header><bdy><template><name>infobox television</name><parameters><image width="150px" src="TimeTrax_cast.JPG"><caption>timetrax castjpg</caption></image><first_aired><link ns0:type="simple" ns0:href="../025/16025.xml">january</link><link ns0:type="simple" ns0:href="../598/34598.xml" /></first_aired><runtime>hour</runtime><format><link ns0:type="simple" ns0:href="../787/26787.xml">science fiction</link></format><network><network wordnetid="108434259" confidence="0.9508927676800064"><link ns0:type="simple" ns0:href="../805/401805.xml">pten</link></network><ref ns0:type="simple" ns0:href="#xpointer(//reflist/entry[@id=%221%22])" /></network><starring><actor wordnetid="109765278" confidence="0.9508927676800064"><link ns0:type="simple" ns0:href="../885/2600885.xml">dale midkiff</link></actor><physical_entity wordnetid="100001930" confidence="0.8"><person wordnetid="100007846" confidence="0.8"><performer wordnetid="110415638" confidence="0.8"><causal_agent wordnetid="100007347" confidence="0.8"><actor wordnetid="109765278" confidence="0.8"><entertainer wordnetid="109616922" confidence="0.8"><link ns0:type="simple" ns0:href="../357/4601357.xml">elizabeth alexander</link></entertainer></actor></causal_agent></performer></person></physical_entity></starring><show_name>time trax</show_name><num_episodes /><last_aired><link ns0:type="simple" ns0:href="../355/8355.xml">december</link><link ns0:type="simple" ns0:href="../337/18948337.xml" /></last_aired><country><body wordnetid="107965085" confidence="0.8"><social_group wordnetid="107950920" confidence="0.8"><political_orientation wordnetid="106212839" confidence="0.8"><colony wordnetid="108374049" confidence="0.8"><state wordnetid="108168978" confidence="0.8"><political_unit wordnetid="108359949" confidence="0.8"><group wordnetid="100031264" confidence="0.8"><democracy wordnetid="106217103" confidence="0.8"><link ns0:type="simple" ns0:href="../750/3434750.xml">united</link></democracy></group></political_unit></state></colony></political_orientation></social_group></body><country wordnetid="108544813" confidence="0.9508927676800064"><link ns0:type="simple" ns0:href="../264/4689264.xml">australia</link></country></country><creator><physical_entity wordnetid="100001930" confidence="0.8"><person wordnetid="100007846" confidence="0.8"><manufacturer wordnetid="110292316" confidence="0.8"><maker wordnetid="110284064" confidence="0.8"><causal_agent wordnetid="100007347" confidence="0.8"><creator wordnetid="109614315" confidence="0.8"><link ns0:type="simple" ns0:href="../383/252383.xml">harve bennett</link></creator></causal_agent></maker></manufacturer></person></physical_entity><link>jeffrey hayes</link><physical_entity wordnetid="100001930" confidence="0.8"><communicator wordnetid="109610660" confidence="0.8"><person wordnetid="100007846" confidence="0.8"><manufacturer wordnetid="110292316" confidence="0.8"><maker wordnetid="110284064" confidence="0.8"><screenwriter wordnetid="110564400" confidence="0.8"><causal_agent wordnetid="100007347" confidence="0.8"><scriptwriter wordnetid="110564905" confidence="0.8"><writer wordnetid="110794014" confidence="0.8"><creator wordnetid="109614315" confidence="0.8"><link ns0:type="simple" ns0:href="../931/10108931.xml">grant rosenberg</link></creator></writer></scriptwriter></causal_agent></screenwriter></maker></manufacturer></person></communicator></physical_entity></creator></parameters></template><p>time trax<body wordnetid="107965085" confidence="0.8"><social_group wordnetid="107950920" confidence="0.8"><political_orientation wordnetid="106212839" confidence="0.8"><colony wordnetid="108374049" confidence="0.8"><state wordnetid="108168978" confidence="0.8"><political_unit wordnetid="108359949" confidence="0.8"><group wordnetid="100031264" confidence="0.8"><democracy wordnetid="106217103" confidence="0.8"><link ns0:type="simple" ns0:href="../750/3434750.xml">american</link></democracy></group></political_unit></state></colony></political_orientation></social_group></body><country wordnetid="108544813" confidence="0.9508927676800064"><link ns0:type="simple" ns0:href="../264/4689264.xml">australia</link></country>coproduced<link ns0:type="simple" ns0:href="../787/26787.xml">science fiction</link>television series aired<link ns0:type="simple" ns0:href="../598/34598.xml" />police officer time track return convicted criminals escaped production<link ns0:type="simple" ns0:href="../812/274812.xml">lorimar television</link></p><sec><st>premise</st><p>year criminals fugitives law enforcement travelling time years<link ns0:type="simple" ns0:href="../591/31591.xml">time machine</link>called trax darien lambert<actor wordnetid="109765278" confidence="0.9508927676800064"><link ns0:type="simple" ns0:href="../885/2600885.xml">dale midkiff</link></actor>police detective period order apprehend fugitives assisted encapsulated limitless memory archive<link>selma</link><physical_entity wordnetid="100001930" confidence="0.8"><person wordnetid="100007846" confidence="0.8"><performer wordnetid="110415638" confidence="0.8"><causal_agent wordnetid="100007347" confidence="0.8"><actor wordnetid="109765278" confidence="0.8"><entertainer wordnetid="109616922" confidence="0.8"><link ns0:type="simple" ns0:href="../357/4601357.xml">elizabeth alexander</link></entertainer></actor></causal_agent></performer></person></physical_entity>extremely small powerful computer described equivalent<link ns0:type="simple" ns0:href="../266/20266.xml">mainframe</link>disguised mission<company wordnetid="108058098" confidence="0.9508927676800064"><link ns0:type="simple" ns0:href="../269/17555269.xml" /></company><company wordnetid="108058098" confidence="0.9508927676800064"><link ns0:type="simple" ns0:href="../791/378791.xml">mastercard</link></company>communicated<link ns0:type="simple" ns0:href="../338/66338.xml">holographic</link>interface visual form prim british nanny lambert equipped mppt micropellet projection tube disguised keyless car alarm remote stun target engulf target energy field render transportable future point selma execute transmission sequence send criminal lamberts biggest enemy<link>mordecai sahmbi</link><actor wordnetid="109765278" confidence="0.9508927676800064"><link ns0:type="simple" ns0:href="../710/4387710.xml">peter donat</link></actor>responsible sending fugitives times kill</p><p>captain lambert fearing consequences altering timeline actively attempt interfere natural flow history frequently left messages colleagues personals sections assorted newspapers series occasional allusions theory parallel timelines skirting issue temporal paradox impling time travellers alternate actions</p></sec><sec><st>narration</st><p>season began future scientist turning evil time machine called trax criminals vanish lawman mission weapon computer named selma</p><p>selma good morning captain lambert</p><p>will travel time innocent special breed man hunter traveling searching fugitives knowing darian lambert story</p><p>season began future time machine called trax criminals vanish lawman pursue special breed man weapon computer called selma will travel searching fugitives knowing darien lambert story</p></sec><sec><st>characters</st><ss1><st>darien lambert</st><p>captain fugitive retrieval</p><p>preseries pilot narration</p><p>born<link ns0:type="simple" ns0:href="../490/1490.xml">august</link><link ns0:type="simple" ns0:href="../179/36179.xml" />monday left bradwell orphanage mother unclaimed birth parents raised enclave middle city area long<village wordnetid="108672738" confidence="0.9508927676800064"><link ns0:type="simple" ns0:href="../886/6886.xml">chicago land</link></village>custom allowed choose chose darien hero war lambert surname woman bore called mother photograph</p><p>grew normal child times<link ns0:type="simple" ns0:href="../892/14892.xml" />speed memorization rate second average competent athlete best speed meters seconds mile minutes seconds wondered<link ns0:type="simple" ns0:href="../360/22360.xml">olympic champion</link>seconds faster heartbeat normal beats minute<link ns0:type="simple" ns0:href="../669/18669.xml">life expectancy</link>years lungs average capable air storage minutes beta wave training generation<link ns0:type="simple" ns0:href="../948/20948.xml">mind control</link>capabilities unavailable years birth ability slow speed visual images reaching brain popularly called time stalling demanded rigorous training</p><p>solitary child lived memories patriot admitted fashion feelings native land called<link ns0:type="simple" ns0:href="../750/3434750.xml">united</link>knew detail<link ns0:type="simple" ns0:href="../876/63876.xml">history</link>admired early fugitive retrieval specialists<link ns0:type="simple" ns0:href="../221/98221.xml">marshals</link>wondered times criminals unpunished belief system career path international police academy<link ns0:type="simple" ns0:href="../173/32173.xml">west point</link><stream wordnetid="109448361" confidence="0.8"><body_of_water wordnetid="109225146" confidence="0.8"><river wordnetid="109411430" confidence="0.8"><link ns0:type="simple" ns0:href="../911/47911.xml">hudson</link></river></body_of_water></stream></p><p>year mordecai sahmbi<link ns0:type="simple" ns0:href="../061/19061.xml">mit</link>won<link ns0:type="simple" ns0:href="../497/52497.xml">nobel prize physics</link>theoretical work<link ns0:type="simple" ns0:href="../001/58001.xml">teletransportation</link>particle mass halfway earth sahmbi idolized brilliant young prodigy<link>elyssa channingknox</link><actor wordnetid="109765278" confidence="0.9508927676800064"><link ns0:type="simple" ns0:href="../778/682778.xml">mia sara</link></actor>accepted mit years time will gifted student people will change lamberts life forever</p><p>westpoint lambert excels learns<link>mosht</link>occidental improvement<link ns0:type="simple" ns0:href="../501/19501.xml">martial arts</link>expert<link>pellet projection tube</link>standard police weapon day graduates class commissioned detective junior grade marshall years follow turbulent lambert learns eternal lesson trade policeman stands isolation easier member minority race crowd chants blanco centurys abrasive<link ns0:type="simple" ns0:href="../515/11014515.xml">racial slur</link>experiences strong decades series events begun shake confidence</p><p>arrest record declines sharply routine trackdowns mysterious disappearances suspects vanish trace doubt ability day summer<link ns0:type="simple" ns0:href="../179/36179.xml" />leads series</p><p>primary source introduction episode time trax</p><p>family<list><entry level="1" type="bullet">mothers kathryn treasure ages</entry><entry level="1" type="bullet">darien selma picture drew mother</entry><entry level="1" type="bullet">kathryn kit lambert logan traveled exhusband fugitive darien meets episode mother</entry></list></p><p>aliases<list><entry level="1" type="bullet">danny lambertson boxer contender</entry><entry level="1" type="bullet">donald lombardi police night savage</entry><entry level="1" type="bullet">darien lind special investigator international thoroughbred racing association photo finish</entry><entry level="1" type="bullet">dan longstreet reporter cure</entry><entry level="1" type="bullet">daniel lang police split image</entry></list></p><p>misc<list><entry level="1" type="bullet">lambert<association wordnetid="108049401" confidence="0.8"><baseball_team wordnetid="108079319" confidence="0.8"><sport wordnetid="100523513" confidence="0.8"><team wordnetid="108208560" confidence="0.8"><diversion wordnetid="100426928" confidence="0.8"><event wordnetid="100029378" confidence="0.8"><club wordnetid="108227214" confidence="0.8"><company wordnetid="108058098" confidence="0.8"><act wordnetid="100030358" confidence="0.8"><psychological_feature wordnetid="100023100" confidence="0.8"><activity wordnetid="100407535" confidence="0.8"><institution wordnetid="108053576" confidence="0.8"><subsidiary_company wordnetid="108003935" confidence="0.8"><link ns0:type="simple" ns0:href="../654/6654.xml">chicago cubs</link></subsidiary_company></institution></activity></psychological_feature></act></company></club></event></diversion></team></sport></baseball_team></association>fan episodes wore vintage cubs hat time cubs won pennant years actual pennant</entry></list></p></ss1><ss1><st>selma</st><p>technology selma</p><p>selma dariens link future selma computer computer real person darien time fought worried series selma mothered darien despite programming admitted deep pride appearances feeling mutual</p></ss1><ss1><st>encountered fugitives</st><p>mordecai sahmbi<list><entry level="1" type="bullet">mordecai sahmbi<link ns0:type="simple" ns0:href="../061/19061.xml">mit</link>won nobel prize physics theoretical work teletransportation particle mass year darien admitted police academy west point estimated stranger time</entry><entry level="1" type="bullet">child sahmbis father drink beat going library mother deep denial</entry></list></p><p>charlie burke<list><entry level="1" type="bullet">committed treason century stranger time</entry></list></p><p>sepp dietrich<list><entry level="1" type="bullet">violent<link ns0:type="simple" ns0:href="../361/54361.xml">neonazi</link><link ns0:type="simple" ns0:href="../613/25613.xml">racist</link>attempted establish<link ns0:type="simple" ns0:href="../001/1568001.xml">fourth reich</link>survivor doses txp left disfigured</entry></list></p></ss1><ss1><st>characters</st><p>elyssa channingknox<list><entry level="1" type="bullet">young prodigy accepted mit age stranger time</entry><entry level="1" type="bullet">age sahmbis gifted student stranger time</entry></list></p><p>annie knox<actor wordnetid="109765278" confidence="0.9508927676800064"><link ns0:type="simple" ns0:href="../778/682778.xml">mia sara</link></actor></p><p>fugitive retrieval sergeant<list><entry level="1" type="bullet">worked darien lambert chief stranger time kill billionaire</entry></list></p><p>country singer caitlin carlisle<link ns0:type="simple" ns0:href="../159/748159.xml">kassie wesley</link>depaiva<list><entry level="1" type="bullet">lamberts favorite singers beautiful songbird</entry><entry level="2" type="bullet">favorite songs mystery man turns lofty pines misty mountains</entry></list></p><p>joey miller<list><entry level="1" type="bullet">lamberts favorite comedian turns fugitives lottery</entry></list></p><p>cop christopher elliott<list><entry level="1" type="bullet">episode australian actor<actor wordnetid="109765278" confidence="0.9508927676800064"><link ns0:type="simple" ns0:href="../587/11914587.xml">christopher elliott</link></actor>unsuspecting cop blown investigates supposed father son loitering bank early hours morning</entry></list></p></ss1></sec><sec><st>terminology technology</st><p><list><entry level="1" type="definition">aptux antigravity personal transport unit experimental personal flying belt</entry></list></p><p><list><entry level="1" type="definition">blanco centurys abrasive racial slur reference<link ns0:type="simple" ns0:href="../626/465626.xml">caucasians</link>minority writers series doubt considered incredibly witty social commentary</entry></list></p><p><list><entry level="1" type="definition">cindi consumer information network data interface cheap knock ineffectual version selma image stereotypical blonde image blinks lot appearance episode perfect pair</entry></list></p><p><list><entry level="1" type="definition">irv integrated reference vortex simple version selma</entry></list></p><p><list><entry level="1" type="definition">lehctr laserend heart cardiac trauma replicator alternative steroids expands lung capacity simultaneously accelerating heartrate administered laser medically undetectable olympics winner heat meter dash succumbed total cardiovascular disintegration injections lehctr prior race darien encounters drug episode photo finish suspects horse race</entry></list></p><p><list><entry level="1" type="definition">mosht<link ns0:type="simple" ns0:href="../760/22760.xml">occidental</link>improvement martial arts sources list mashti</entry></list></p><p><list><entry level="1" type="definition">myriad originally developed medical device famous weapon cordon fuller symptoms death victims characterized imploded brain</entry></list></p><p><list><entry level="1" type="definition">ppt pellet projection tubestandard police weapon century darien carries miniaturized stateoftheart version mppt miniature ppt engineered car remote dariens mppt three types pellets fired blue pellets knock person minutes green pellets hours red pellets dose txp induces coma person struck future selmas transmission tone</entry></list></p><p><list><entry level="1" type="definition">highly addictive drug spread century created prof alistair alwyn</entry></list></p><p><list><entry level="1" type="definition">selma encapsulated limitless memory archive computers issued top police captains selma unique programmed darien mission designed credit card holographic image projected based picture dariens mother</entry><entry level="2" type="bullet">general order number prohibits participating unlawful</entry></list></p><p><list><entry level="1" type="definition">sfd spontaneous freezing device freezing weapon</entry></list></p><p><list><entry level="1" type="definition">time stalling popular form beta wave training ability slow speed visual images reaching brain demanded rigorous training</entry></list></p><p><list><entry level="1" type="definition">trax project transtime experimentationcreated mordecai sahmbi time machine permitted matter transported aka temported precisely years relationship worlds unclear sahmbi receives messages subjects century newspapers pilot episode blood selma timelines parallel perpendicular changes episodes antagonist murdering ancestors policeman killed lover affect future</entry></list></p><p><list><entry level="1" type="definition">txp substance coordination trax project exposure trax machine instantly lethal substance toxic believed doses kill user substance instantly return user trax machine travels</entry></list></p><p><list><entry level="1" type="definition">veda gamma infusion developed tool psychoanalysis forming school called adt accelerated dream therapy deadly</entry></list></p><p>technology information gleaned<weblink ns0:type="simple" ns0:href="http://www.geocities.com/garnet_tm/timetrax">teris time trax directory</weblink><weblink ns0:type="simple" ns0:href="http://www.tvacres.com/">acres</weblink>episodes</p></sec><sec><st>time</st><p><list><entry level="1" type="bullet">war</entry><entry level="1" type="bullet">contact transmission received procardians</entry><entry level="1" type="bullet"><link ns0:type="simple" ns0:href="../490/1490.xml">august</link>darien lambert born</entry><entry level="1" type="bullet">war hemispheres</entry><entry level="1" type="bullet">abt elyssa channingknox born</entry><entry level="1" type="bullet">abt darien admitted international police academy west point</entry><entry level="1" type="bullet">abt mordicai sahmbi mit wins nobel prize physics theoretical work teletransportation particle mass</entry><entry level="1" type="bullet">lambert jumps</entry><entry level="1" type="bullet"><link ns0:type="simple" ns0:href="../936/15936.xml">june</link>darien lambert arrives</entry></list></p></sec><sec><st>filming information</st><ss1><st>credits</st><p>created<list><entry level="1" type="bullet"><physical_entity wordnetid="100001930" confidence="0.8"><person wordnetid="100007846" confidence="0.8"><manufacturer wordnetid="110292316" confidence="0.8"><maker wordnetid="110284064" confidence="0.8"><causal_agent wordnetid="100007347" confidence="0.8"><creator wordnetid="109614315" confidence="0.8"><link ns0:type="simple" ns0:href="../383/252383.xml">harve bennett</link></creator></causal_agent></maker></manufacturer></person></physical_entity></entry><entry level="1" type="bullet"><link>jeffrey hayes</link></entry><entry level="1" type="bullet"><physical_entity wordnetid="100001930" confidence="0.8"><communicator wordnetid="109610660" confidence="0.8"><person wordnetid="100007846" confidence="0.8"><manufacturer wordnetid="110292316" confidence="0.8"><maker wordnetid="110284064" confidence="0.8"><screenwriter wordnetid="110564400" confidence="0.8"><causal_agent wordnetid="100007347" confidence="0.8"><scriptwriter wordnetid="110564905" confidence="0.8"><writer wordnetid="110794014" confidence="0.8"><creator wordnetid="109614315" confidence="0.8"><link ns0:type="simple" ns0:href="../931/10108931.xml">grant rosenberg</link></creator></writer></scriptwriter></causal_agent></screenwriter></maker></manufacturer></person></communicator></physical_entity></entry></list></p><p>regulars<list><entry level="1" type="bullet"><actor wordnetid="109765278" confidence="0.9508927676800064"><link ns0:type="simple" ns0:href="../885/2600885.xml">dale midkiff</link></actor>capt darien lambert</entry><entry level="1" type="bullet"><physical_entity wordnetid="100001930" confidence="0.8"><person wordnetid="100007846" confidence="0.8"><performer wordnetid="110415638" confidence="0.8"><causal_agent wordnetid="100007347" confidence="0.8"><actor wordnetid="109765278" confidence="0.8"><entertainer wordnetid="109616922" confidence="0.8"><link ns0:type="simple" ns0:href="../357/4601357.xml">elizabeth alexander</link></entertainer></actor></causal_agent></performer></person></physical_entity>selma</entry></list></p><p>recurring characters<list><entry level="1" type="bullet"><actor wordnetid="109765278" confidence="0.9508927676800064"><link ns0:type="simple" ns0:href="../710/4387710.xml">peter donat</link></actor>mordecai sahmbi</entry><entry level="1" type="bullet"><actor wordnetid="109765278" confidence="0.9508927676800064"><link ns0:type="simple" ns0:href="../012/951012.xml">henry darrow</link></actor>chief</entry><entry level="1" type="bullet"><link>henk johannes</link>sepp dietrich</entry></list></p><p>misc<list><entry level="1" type="bullet">filmed<site wordnetid="108651247" confidence="0.9508927676800064"><link ns0:type="simple" ns0:href="../093/192093.xml">brisbane</link></site><body wordnetid="107965085" confidence="0.8"><social_group wordnetid="107950920" confidence="0.8"><colony wordnetid="108374049" confidence="0.8"><group wordnetid="100031264" confidence="0.8"><link ns0:type="simple" ns0:href="../051/59051.xml">queensland</link></group></colony></social_group></body><country wordnetid="108544813" confidence="0.9508927676800064"><link ns0:type="simple" ns0:href="../264/4689264.xml">australia</link></country></entry><entry level="1" type="bullet">series premiere<company wordnetid="108058098" confidence="0.8"><subsidiary_company wordnetid="108003935" confidence="0.8"><institution wordnetid="108053576" confidence="0.8"><link ns0:type="simple" ns0:href="../812/274812.xml">lorimar productions</link></institution></subsidiary_company></company></entry></list></p></ss1><ss1><st>episode list</st><p>season<list><entry level="1" type="bullet"><link ns0:type="simple" ns0:href="../025/16025.xml">january</link><link ns0:type="simple" ns0:href="../598/34598.xml" />stranger time</entry><entry level="1" type="bullet"><link ns0:type="simple" ns0:href="../025/16025.xml">january</link><link ns0:type="simple" ns0:href="../598/34598.xml" />stranger time</entry><entry level="1" type="bullet"><link ns0:type="simple" ns0:href="../323/11323.xml">february</link><link ns0:type="simple" ns0:href="../598/34598.xml" />kill billionaire</entry><entry level="1" type="bullet"><link ns0:type="simple" ns0:href="../991/10991.xml">february</link><link ns0:type="simple" ns0:href="../598/34598.xml" />fire ice</entry><entry level="1" type="bullet"><link ns0:type="simple" ns0:href="../164/11164.xml">february</link><link ns0:type="simple" ns0:href="../598/34598.xml" />showdown</entry><entry level="1" type="bullet"><link ns0:type="simple" ns0:href="../007/11007.xml">february</link><link ns0:type="simple" ns0:href="../598/34598.xml" />prodigy</entry><entry level="1" type="bullet"><link ns0:type="simple" ns0:href="../633/19633.xml">march</link><link ns0:type="simple" ns0:href="../598/34598.xml" />death takes holiday</entry><entry level="1" type="bullet"><link ns0:type="simple" ns0:href="../196/20196.xml">march</link><link ns0:type="simple" ns0:href="../598/34598.xml" />contender</entry><entry level="1" type="bullet"><link ns0:type="simple" ns0:href="../223/20223.xml">march</link><link ns0:type="simple" ns0:href="../598/34598.xml" />night savage</entry><entry level="1" type="bullet"><link ns0:type="simple" ns0:href="../587/20587.xml">march</link><link ns0:type="simple" ns0:href="../598/34598.xml" />treasure ages</entry><entry level="1" type="bullet"><link ns0:type="simple" ns0:href="../735/2735.xml">april</link><link ns0:type="simple" ns0:href="../598/34598.xml" />price honor</entry><entry level="1" type="bullet"><link ns0:type="simple" ns0:href="../862/1862.xml">april</link><link ns0:type="simple" ns0:href="../598/34598.xml" />face death</entry><entry level="1" type="bullet"><link ns0:type="simple" ns0:href="../352/19352.xml" /><link ns0:type="simple" ns0:href="../598/34598.xml" />revenge</entry><entry level="1" type="bullet"><link ns0:type="simple" ns0:href="../497/19497.xml" /><link ns0:type="simple" ns0:href="../598/34598.xml" />darien</entry><entry level="1" type="bullet"><link ns0:type="simple" ns0:href="../632/19632.xml" /><link ns0:type="simple" ns0:href="../598/34598.xml" />beans wheel</entry><entry level="1" type="bullet"><link ns0:type="simple" ns0:href="../648/19648.xml" /><link ns0:type="simple" ns0:href="../598/34598.xml" />boy lost</entry><entry level="1" type="bullet"><link ns0:type="simple" ns0:href="../434/22434.xml">october</link><link ns0:type="simple" ns0:href="../598/34598.xml" />mysterious stranger</entry><entry level="1" type="bullet"><link ns0:type="simple" ns0:href="../764/21764.xml">november</link><link ns0:type="simple" ns0:href="../598/34598.xml" />framed</entry><entry level="1" type="bullet"><link ns0:type="simple" ns0:href="../760/21760.xml">november</link><link ns0:type="simple" ns0:href="../598/34598.xml" />beautiful songbird</entry><entry level="1" type="bullet"><link ns0:type="simple" ns0:href="../798/21798.xml">november</link><link ns0:type="simple" ns0:href="../598/34598.xml" />photo finish</entry><entry level="1" type="bullet"><link ns0:type="simple" ns0:href="../581/21581.xml">november</link><link ns0:type="simple" ns0:href="../598/34598.xml" />darrow defense</entry><entry level="1" type="bullet"><link ns0:type="simple" ns0:href="../357/8357.xml">december</link><link ns0:type="simple" ns0:href="../598/34598.xml" /></entry></list></p><p>season<list><entry level="1" type="bullet"><link ns0:type="simple" ns0:href="../814/15814.xml">january</link><link ns0:type="simple" ns0:href="../337/18948337.xml" />return yakazu</entry><entry level="1" type="bullet"><link ns0:type="simple" ns0:href="../119/11119.xml">february</link><link ns0:type="simple" ns0:href="../337/18948337.xml" />missing</entry><entry level="1" type="bullet"><link ns0:type="simple" ns0:href="../158/11158.xml">february</link><link ns0:type="simple" ns0:href="../337/18948337.xml" />live die docker flats</entry><entry level="1" type="bullet"><link ns0:type="simple" ns0:href="../006/11006.xml">february</link><link ns0:type="simple" ns0:href="../337/18948337.xml" />close encounter</entry><entry level="1" type="bullet"><link ns0:type="simple" ns0:href="../141/11141.xml">february</link><link ns0:type="simple" ns0:href="../337/18948337.xml" />gravity</entry><entry level="1" type="bullet"><link ns0:type="simple" ns0:href="../314/20314.xml">march</link><link ns0:type="simple" ns0:href="../337/18948337.xml" />happy valley</entry><entry level="1" type="bullet"><link ns0:type="simple" ns0:href="../197/20197.xml">march</link><link ns0:type="simple" ns0:href="../337/18948337.xml" />lethal weapons</entry><entry level="1" type="bullet"><link ns0:type="simple" ns0:href="../316/20316.xml">march</link><link ns0:type="simple" ns0:href="../337/18948337.xml" />cure</entry><entry level="1" type="bullet"><link ns0:type="simple" ns0:href="../827/1827.xml">april</link><link ns0:type="simple" ns0:href="../337/18948337.xml" />perfect pair</entry><entry level="1" type="bullet"><link ns0:type="simple" ns0:href="../011/1011.xml">april</link><link ns0:type="simple" ns0:href="../337/18948337.xml" />catch</entry><entry level="1" type="bullet"><link ns0:type="simple" ns0:href="../582/19582.xml" /><link ns0:type="simple" ns0:href="../337/18948337.xml" />dream team</entry><entry level="1" type="bullet"><link ns0:type="simple" ns0:href="../676/19676.xml" /><link ns0:type="simple" ns0:href="../337/18948337.xml" />human</entry><entry level="1" type="bullet"><link ns0:type="simple" ns0:href="../684/19684.xml" /><link ns0:type="simple" ns0:href="../337/18948337.xml" />mother</entry><entry level="1" type="bullet"><link ns0:type="simple" ns0:href="../672/19672.xml" /><link ns0:type="simple" ns0:href="../337/18948337.xml" />mia</entry><entry level="1" type="bullet"><link ns0:type="simple" ns0:href="../555/22555.xml">october</link><link ns0:type="simple" ns0:href="../337/18948337.xml" />split image</entry><entry level="1" type="bullet"><link ns0:type="simple" ns0:href="../571/22571.xml">october</link><link ns0:type="simple" ns0:href="../337/18948337.xml" />cool hand darien</entry><entry level="1" type="bullet"><link ns0:type="simple" ns0:href="../435/22435.xml">october</link><link ns0:type="simple" ns0:href="../337/18948337.xml" />lottery</entry><entry level="1" type="bullet"><link ns0:type="simple" ns0:href="../565/21565.xml">november</link><link ns0:type="simple" ns0:href="../337/18948337.xml" />blood</entry><entry level="1" type="bullet"><link ns0:type="simple" ns0:href="../631/21631.xml">november</link><link ns0:type="simple" ns0:href="../337/18948337.xml" />scarlet koala</entry><entry level="1" type="bullet"><link ns0:type="simple" ns0:href="../574/21574.xml">november</link><link ns0:type="simple" ns0:href="../337/18948337.xml" />optic nerve</entry><entry level="1" type="bullet"><link ns0:type="simple" ns0:href="../581/21581.xml">november</link><link ns0:type="simple" ns0:href="../337/18948337.xml" />crash</entry><entry level="1" type="bullet"><link ns0:type="simple" ns0:href="../355/8355.xml">december</link><link ns0:type="simple" ns0:href="../337/18948337.xml" />forgotten tomorrows</entry></list></p></ss1></sec><sec><st>find time trax</st><p><list><entry level="1" type="definition">nintendo super nes</entry><entry level="1" type="bullet">product description</entry></list>guts step shoes fugitive retrieval officer darien lambert travel future todays criminal underworld attempt capture smart thugs century course weapons fighting skills will years ahead time will enemies place nations capital game sends massive hunt scientist mordicai sahmbi assassin sepp dietrich host bad dudes intelligent enemies awesome combat maneuvers richly varied missions mark epic chase centuries<list><entry level="1" type="bullet">released april sources list december malibu games</entry><entry level="1" type="bullet">rated players</entry></list></p><p><list><entry level="1" type="definition">books time trax books fan fiction stories directory time trax fan fiction<weblink ns0:type="simple" ns0:href="http://www.geocities.com/garnet_tm/timetrax">teris time trax directory</weblink></entry></list></p></sec><sec><st>sourcesexternal links</st><p>sources information article<reflist><entry id="1">benson jim<weblink ns0:type="simple" ns0:href="http://www.variety.com/article/VR107288.html?categoryid=14 cs=1">warner weblet night sked</weblink>variety</entry></reflist><list><entry level="1" type="bullet"><weblink ns0:type="simple" ns0:href="http://timetrax.castlegrayskull.org">journals darien lambert</weblink></entry><entry level="1" type="bullet"><weblink ns0:type="simple" ns0:href="http://www.geocities.com/garnet_tm/timetrax">teris time trax directory</weblink></entry><entry level="1" type="bullet"><weblink ns0:type="simple" ns0:href="http://www.imdb.com/title/tt0106154/">time trax</weblink><web_site wordnetid="106359193" confidence="0.9508927676800064"><link ns0:type="simple" ns0:href="../554/2855554.xml">internet movie database</link></web_site></entry><entry level="1" type="bullet"><weblink ns0:type="simple" ns0:href="http://www.tv.com/time-trax/show/1816/summary.html">time trax</weblink><weblink ns0:type="simple" ns0:href="http://www.tv.com/">tvcom</weblink></entry><entry level="1" type="bullet"><weblink ns0:type="simple" ns0:href="http://www.tvacres.com/">acres</weblink></entry></list></p></sec></bdy></ending></introduction></plan></series></article>