<article xmlns:ns0="http://www.w3.org/1999/xlink"><know-how confidence="0.8" wordnetid="105616786"><method confidence="0.8" wordnetid="105660268"><header><title>digital watermarking</title><id /><revision><id /><timestamp /><contributor><username>jdelanoy</username><id /></contributor></revision><categories><category>articles merged january</category><category>authentication methods</category><category>watermarking</category><category>digital photography</category><category>articles merged</category></categories></header><bdy><table class="metadata plainlinks ambox "><row><col>amboxmove style</col></row><row><col class="mbox-image"><p><image width="50px" src="Merge-arrow.svg"><caption>merge arrow</caption></image></p></col><col style="" class="mbox-text">suggested article</col></row></table><image location="right" width="150px" src="Visible_digital_watermarking.jpg" type="thumb"><caption>image visible digital watermarking text brian kell center image</caption></image>digital watermarking process embedding information digital signal signal audio pictures video example signal copied information carried copy<p>visible watermarking information visible picture video typically information text logo identifies owner media image visible watermark television broadcaster adds logo corner transmitted video visible watermark</p><p>invisible watermarking information digital data audio picture video perceived application invisible watermarking copyright protection systems intended prevent deter unauthorized copying digital media<link ns0:type="simple" ns0:href="../733/28733.xml">steganography</link>application digital watermarking parties communicate secret message embedded digital signal annotation digital photographs descriptive information application invisible watermarking file formats digital media additional information called<link ns0:type="simple" ns0:href="../632/18933632.xml">metadata</link>digital watermarking distinct data carried signal</p><p>word watermarking derived older notion placing visible<link ns0:type="simple" ns0:href="../921/32921.xml">watermark</link>paper</p><sec><st>instance digital watermarking scheme</st><p>general watermarking scheme defined</p><p><math>omega</math></p><p>defines embedding function detecting function retrieval function message embedding parameters<math />defines parameter set watermark embedding<math />defines detection parameters<math />retrieval parameters watermarking scheme<math>omega</math>instances values parameters adopt instance<math>omega</math>watermarking scheme<math>omega</math>parameter vectors</p></sec><sec><st>watermarking lifecycle phases</st><p>general usage digital watermarking simplified unmarked original signal<math /><math>sinmathbbs</math>source signal watermark<math />embedded embedding function<math />result marked signal<math />defined process secure environment step example distribution<math />internet storage provide authenticity integrity checks processes insecure attacks<math />occur<math />distribution<math />signal defined<math />potential attacks destroyed watermark detecting function<math />detect watermark<math />retrieval function<math />retrieve embedded message<math />detectionretrieval secure insecure environment depending application watermarking algorithm</p><p>complete scenario defined life cycle watermark embedding ends detectionretrieval figure expected secure insecure parts</p><p><image location="center" width="550px" src="watermark_life_cycle.png" type="thumb"><caption>general watermark lifecycle phases embedding attacking detectionretrieval functions</caption></image></p><p>information embedded called digital watermark contexts phrase digital watermark difference watermarked signal cover signal signal watermark embedded called host signal watermarking system divided three distinct steps embedding attack detection embedding algorithm accepts host data embedded produces watermarked signal</p><p>watermarked signal transmitted stored transmitted person person modification called attack modification malicious term attack arises copyright protection application pirates attempt remove digital watermark modification modifications example lossy compression data cropping image video intentionally adding noise</p><p>detection called extraction algorithm applied attacked signal attempt extract watermark signal unmodified transmission watermark extracted robust watermarking applications extraction algorithm correctly produce watermark modifications strong fragile watermarking extraction algorithm fail change signal</p></sec><sec><st>watermark parameters</st><p>general fundamental watermarking parameters classifies watermarking properties capacity complexity invertibility transparency robustness security verification alphabetic order</p><ss1><st>capacity</st><p>capacity general divided embedding retrieval capacity</p><ss2><st>embedding capacity</st><p>embedding capacity<math />watermarking scheme defined amount information embedded cover object marked object simple definition capacity measure<math />size embedded message<math />addition capacity relative size cover object</p><p><math /></p><p>note measure takes account information embedded information retrieved note measure consider possibility repeat coding mark replicated times needed prior insertion issues retrieval capacity defined retrieval function</p></ss2><ss2><st>retrieval capacity</st><p>definition retrieval capacity defines capacity respect retrieved message<math />zerobit watermarking schemes transmit message watermark<math />detected message<math />retrieved case retrieval capacity schemes</p><p>zerobit watermarking schemes retrieval capacity considered data extraction retrieval capacity function defined<math /><math>dots</math><math>dots</math><math>oplus</math>depicts exclusive operation equation counts number correctly transmitted bits equal sides communication channel assumed<math /><math />exactly length<math /><math />padded cut manner</p><p>case repeat coding retrieved message times longer embedded message<math>dots dots dots dots</math>situation retrieval capacity consider repetitions<math>oplus</math><math />counted number maximal retrieved<math />sequel repeat coding assumed notational simplicity formulae easily extended case watermark embedded multiple times<math /></p><p>relevant comments definition relative capacity kind measure terms size cover object<math /><math />assumed sizes<math /><math />second definition measures bits second bits transmitted information bit marked object interval<math />transmitted bits message best case capacity concerned second comment<math />relative pair<math /><math />absolute measure provided</p><p>capacity measure defined terms ratio correctly recovered bits normalized<math /><math />unknown measure<math />result highest normalized values<math /></p></ss2></ss1><ss1><st>complexity</st><p>function<math />complexity measured effort investment needed embed attack detect retrieve watermark defined complexity measuring function<math />defined<math />measure complexity<math />adapted example embedding function<math>omega</math>embedding complexity computed<math>ces</math>depending<math />example computation cost time needed memory operations lines code measured relative complexity watermarking scheme<math>omega</math>object<math />defines<math />definition complexity depends signal<math />normalization needed provide independent<math />normalization signal length size embedded capacity length size signal normalization length time size needed streaming file size storage exactly defined function<math>mathrmsizes</math>normalization embedding capacity measures needed effort embed single bit note normalization usable nbit watermarking schemes normalizations formalized<math />note case linear complexity depending length<math />assumed nonlinear function measure complexity normalization depending example embedding capacity introduced<math />definitions complexity object<math />watermark properties definition absolute values applies definitions</p><p><list><entry level="1" type="bullet">average complexity based signal capacity normalization<math /><math /></entry><entry level="1" type="bullet">maximum complexity audio signal capacity normalization<math /><math /></entry><entry level="1" type="bullet">minimum complexity audio signal capacity normalization<math /><math /></entry></list></p></ss1><ss1><st>invertibility</st><p>refers property watermarking scheme possibility remove watermark<math />marked signal<math />completely receive signal<math /><math>omega</math>invertible<math />provide feature watermarking algorithms provide special embedding techniques secret protect original content unauthorized access measured invertibility watermarking scheme<math>omega</math>boolean<math /><math>omega</math>remove<math />marked object<math>omega</math>remove<math />completely<math /><math />returned<math>begincases rightarrow wedge snot texttrue rightarrow wedge texttrue endcases</math></p></ss1><ss1><st>robustness</st><p>robustness digital watermarking scheme described introduce robustness detection success needed introduced</p><ss2><st>detection success</st><p>measure success detection retrieval function detection success function introduced connection zerobit nbit watermarking scheme introduced zerobit watermarking schemes<math />returns<math />watermark successful detected<math />detection function detect watermark equation<math>begincases textno successful detection negative textpositive successful detection positive endcases</math>measure embedding rate test set<math>mathbbs</math>average<math />computed<math />nbit watermarking schemes watermark detected case multiple embedding example watermark scheme embeds message<math />multiple times<math />retrieval function<math />returns positive retrievable unknown<math />define successful detection embedded message retrieved positively introduced equation<math>begincases exists oplus textotherwise endcases</math>note definition detection function case repeat coding example definition<math>begincases textif geq tau textotherwise endcases</math>detection reported ratio correctly recovered bits threshold<math>tau</math>equal close</p></ss2><ss2><st>watermark robustness</st><p>robustness measure<math />watermarking scheme closed interval<math />worst scheme robust signal best method robust signal difference example depending bit error rate ber byte error rate byr measure robustness robustness measured based byte error rate<math>textrobbyte</math>watermarking scheme classified robust bytes embedded massage characters correctly retrieved measurement levenstein distance works measured distance strings applications scenarios determine strings robustness measure function based bit error rate<math>textrobbit</math>returns percentage robustness watermarking scheme measured attacking test set based bit changes retrieved message measurement hamming distance based bitstrings watermarking scheme classified robust<math />numbers retrieved bits destroyed transparency attacks higher<math>tau</math>zerobit watermarking schemes retrieval function exists classification based bit byte error rates simplify matters robustness measure zerobit watermarking schemes classified<math>textrobbyte</math></p><p>example motivates distinction robustness measure based bit byte error rate message<math />bytes bits embedded attacking bits destroyed incorrectly retrieved byte error rate returns bytes correct false<math>fracoverline</math>bit error rate returns bits correct bits false<math>frac</math>bit destroyed byte error rate returns bytes characters false result<math>frac</math>bytes destroyed contrast bit error rate returns bits correct retrieved bits wrong<math>frac</math>bit error rate change example differences apparent byte error rater equations introduce robustness nbit watermarking schemes divided<math>textrobbyte</math><math>textrobbit</math>zerobit watermarking schemes<math>textrobbyte</math>robustness measures<math>textrobbyte</math><math>textrobbit</math>returns completely robustness values introduced approaches depending test goals choices select measure function measure methods measure robustness based<math />relation attacking transparency</p><p>function relates robustness based byte error rate transparency zerobit nbit watermarking scheme<math /><math>inmathcala</math>nbit watermarking scheme<math>inmathcala</math></p><p>robustness based bit error rate transparency nbit watermarking schemes<math>begincases left tau wedge left nuright textotherwise endcases</math></p><p>marked object<math />attacks attack watermark optimal embedding detection parameters<math />produces distortion marked object<math />determines robust scheme attacks family<math>mathbba</math>erases embedded mark measure definition equal best</p><p>functions measure robustness worst case sense security system assessed considered system weak weakest components equation establishes worst attack sense mark erased attacked signal preserves good quality family determines robust watermarking scheme<math>omega</math>best maximum transparency attacks destroy mark<math />robustness method<math /></p><p>functions equation introduced textitrelative object<math />subindex rel define robustness watermarking scheme inherent property object family collection objects referred absolute robustness<math />defined ways family<math>mathbbs</math>cover objects corresponding marked objects<math />embedding absolute robustness based bit byte error rate defined criteria example<list><entry level="1" type="bullet">average robustness based byte error rate<math />minimum robustness worst case approach based byte error rate<math /></entry><entry level="1" type="bullet">probabilistic approach based byte error rate<math>ltr</math><math />stands probability<math />threshold example<math /><math />objects<math>mathbbs</math>provide relative robustness greater equal<math />scheme<math>omega</math>maximum robustness measure defined applicability worst average cases reported robustness concerned</entry></list></p></ss2></ss1><ss1><st>security</st><p>described security embedded watermark specific security attacks defining required security measurements<math>mathcall</math>collusion subspace security relative total security<math />computed cover signal<math /><math />defines relative security measurement provided<math>mathcall</math>example subspace security<math />collusion security<math />security measurements defined security set<math>mathcall</math>average total security<math />maximum<math />minimum<math />measured definition<list><entry level="1" type="bullet">average total security<math /></entry><entry level="1" type="bullet">maximum total security<math /></entry><entry level="1" type="bullet">minimum total security<math /></entry></list></p></ss1><ss1><st>transparency</st><p>reference object<math />test object<math />transparency function measure perceptible distortion<math /><math />loss generality function values closed interval worst case signals<math /><math /><math />recognized version<math />best case observer perceive difference<math /><math /><math>rightarrow</math>relative transparency watermarking scheme<math>omega</math>object defined<math />definition transparency object<math />better provide absolute transparency object<math />definition absolute transparency family<math>mathbbs</math>objects marked applies definitions average transparency</p><p><math /></p><p><list><entry level="1" type="bullet">maximum transparency</entry></list><math /></p><p><list><entry level="1" type="bullet">minimum transparency</entry></list><math /></p></ss1><ss1><st>verification</st><p>described type detectionretrieval function<math />requires information three classifications</p><p>nonblind watermarking scheme requires cover object<math />associated nonblind watermarking scheme type watermark scheme referred informed watermarking scheme watermark detectorretriever usable defined group people hides watermark detector required original signal<math /></p><p>informed watermarking scheme requires embedded message<math />embedding parameters<math />additional information original signal<math />detection retrieval watermarking scheme associated group watermarking schemes embedding function creates data file needed detectionretrieval associated type verification</p><p>blind watermarking scheme require original signal additional information<math /><math />watermarking scheme associated group verification<math>textver</math>defined list<math /><math />associated nonblind<math />informed<math />blind formalization introduced equation<math>textveromegas begincases omegasquad textis nonblind omegasquad textis informed omegasquad textis blind endcases</math></p></ss1></sec><sec><st>classification</st><p>digital watermark called robust respect class transformations embedded information reliably detected marked signal degraded transformation typical image degradations jpeg compression rotation cropping additive noise quantization video content temporal modifications mpeg compression list watermark called imperceptible cover signal marked signal indistinguishable respect appropriate perceptual metric general easy create robust watermarks imperceptible watermarks creation robust imperceptible watermarks proven challenging<ref ns0:type="simple" ns0:href="#xpointer(//reflist/entry[@id=%221%22])" />robust imperceptible watermarks proposed tool protection digital content example embedded nocopyallowed flag professional video content<ref ns0:type="simple" ns0:href="#xpointer(//reflist/entry[@id=%222%22])" /></p><p>digital watermarking techniques classified ways</p><ss1><st>robustness</st><p>watermark called fragile fails detected slightest modification fragile watermarks commonly tamper detection integrity proof modification original work clearly noticeable commonly referred watermarks referred generalized<link ns0:type="simple" ns0:href="../600/60600.xml">barcode</link></p><p>watermark called semifragile resist benign transformations fails detection malignant transformations semifragile watermarks commonly detect malignant transformations</p><p>watermark called robust resists designated class transformations robust watermarks commonly copyright applications carry ownership forensic information copy protection applications carry copy access control information</p></ss1><ss1><st>perceptibility</st><p>watermark called imperceptible original cover signal marked signal close perceptually indistinguishable</p><p>watermark called perceptible presence marked signal noticeable nonintrusive</p></ss1><ss1><st>capacity</st><p>length embedded message<math />determines main classes watermarking schemes</p><p><list><entry level="1" type="bullet"><math />message<math />conceptually zerobit long system designed order detect presence absence watermark<math />marked object<math />kind watermarking schemes referred italic zerobit italic presence watermarking schemes type watermarking scheme called bit watermark denotes presence absence watermark</entry><entry level="1" type="bullet"><math />message<math />nbit long stream<math>ninn</math><math /><math />modulated<math />kind schemes referred multiple bit watermarking zerobit watermarking schemes</entry></list></p></ss1><ss1><st>embedding method</st><p>watermarking method referred<link>spreadspectrum</link>marked signal additive modification spreadspectrum watermarks modestly robust low information capacity host<link>interference</link></p><p>watermarking method referred<link>quantization</link>type marked signal quantization quantization watermarks suffer low robustness high information capacity rejection host interference</p><p>watermarking method referred<link>amplitude modulation</link>marked signal embedded additive modification method spread spectrum method method embedded spatial domain</p></ss1></sec><sec><st>applications</st><p>digital watermarking wide range applications<list><entry level="1" type="bullet">copyright protection</entry><entry level="1" type="bullet">fingerprinting recipients differently watermarked content</entry><entry level="1" type="bullet">broadcast monitoring television news watermarked video international agencies</entry><entry level="1" type="bullet">covert communication steganography</entry></list></p></sec><sec><st>evaluation benchmarking</st><p>evaluation digital watermarking schemes provide detailed information watermark designer users evaluation strategies exists watermark designer evaluation single properties example improvement users interested detailed information digital watermarking algorithm application scenario parameter sets best</p></sec><sec><st /><p><list><entry level="1" type="bullet"><know-how wordnetid="105616786" confidence="0.8"><method wordnetid="105660268" confidence="0.8"><link ns0:type="simple" ns0:href="../410/3146410.xml">copy attack</link></method></know-how></entry><entry level="1" type="bullet"><know-how wordnetid="105616786" confidence="0.8"><method wordnetid="105660268" confidence="0.8"><link ns0:type="simple" ns0:href="../812/3015812.xml">watermark data file</link></method></know-how></entry></list></p></sec><sec><st>external links</st><p><list><entry level="1" type="bullet"><weblink ns0:type="simple" ns0:href="http://www.digitalwatermarkingalliance.org/">digital watermarking alliance furthering adoption digital watermarking</weblink></entry><entry level="1" type="bullet"><weblink ns0:type="simple" ns0:href="http://www.forensics.nl/digital-watermarking">digital watermarking data hiding papers</weblink>forensicsnl</entry><entry level="1" type="bullet"><weblink ns0:type="simple" ns0:href="http://www.cl.cam.ac.uk/~mgk25/stirmark.html">stirmark images</weblink>watermarking robustness test developed<person wordnetid="100007846" confidence="0.9508927676800064"><link ns0:type="simple" ns0:href="../703/1082703.xml">markus kuhn</link></person>fabien petitcolas</entry><entry level="1" type="bullet"><weblink ns0:type="simple" ns0:href="http://wwwiti.cs.uni-magdeburg.de/~alang/smba.php#smba_LA">stirmark audio</weblink>watermarking robustness fragility test developed andreas lang</entry><entry level="1" type="bullet"><weblink ns0:type="simple" ns0:href="http://knowledgebase.aegisdrm.com/knowledgebase_digital_watermarking_drm.htm">directory books journals conferences digital watermarking digital watermarking assessment tools</weblink></entry><entry level="1" type="bullet"><weblink ns0:type="simple" ns0:href="http://slashdot.org/articles/04/11/13/0036243.shtml">slashdot article</weblink>warezed soundforge files windows media player</entry><entry level="1" type="bullet"><weblink ns0:type="simple" ns0:href="http://www.petitcolas.net/fabien/steganography/">information hiding homepage</weblink>fabien petitcolas<weblink ns0:type="simple" ns0:href="http://watermarker.com/how-to-ptotect-digital-images.aspx">comparison watermarking methods</weblink></entry><entry level="1" type="bullet"><weblink ns0:type="simple" ns0:href="http://www.business-sites.philips.com/contentidentification/about/Index.html">watermarking monitoring television broadcasts</weblink></entry><entry level="1" type="bullet"><weblink ns0:type="simple" ns0:href="http://www.cs.princeton.edu/gfx/proj/meshwm/">robust mesh watermarking</weblink></entry><entry level="1" type="bullet"><weblink ns0:type="simple" ns0:href="http://www.smirnov.sp.ru/watermark/cards/card_eng.html">photowatermark technology holographic approach</weblink></entry></list></p></sec><sec><st>references</st><p><reflist><entry id="1">cox miller bloom fridrich kalker digital watermarking steganography second edition morgan kaufmann</entry><entry id="2"><weblink ns0:type="simple" ns0:href="http://www.cptwg.org">copy protection technical working group cptwg</weblink></entry></reflist><list><entry level="1" type="bullet"><weblink ns0:type="simple" ns0:href="http://omen.cs.uni-magdeburg.de/ecrypt/deliverables/D.WVL.10-1.1.pdf">ecrypt report audio benchmarking tools steganalysis</weblink></entry><entry level="1" type="bullet"><weblink ns0:type="simple" ns0:href="http://omen.cs.uni-magdeburg.de/ecrypt/deliverables/DWVL16_final.pdf">ecrypt report watermarking benchmarking</weblink></entry><entry level="1" type="bullet">jana dittmann david megias andreas lang jordi herrerajoancomarti theoretical framework practical evaluation comparison audio watermarking schemes triangle robustness transparency capacity transaction data hiding multimedia security springer lncs editor yun shi isbn<weblink ns0:type="simple" ns0:href="http://wwwiti.cs.uni-magdeburg.de/~alang/paper/dittmann_magias_lang_joan-eval_audio_WM_triangle-journal.pdf">pdf</weblink></entry></list></p><p><list><entry level="1" type="bullet"><weblink ns0:type="simple" ns0:href="http://jot.osa.org/abstract.cfm?id=85832">smirnov holographic approach embedding hidden watermarks photographic image journal optical technology issue</weblink></entry></list></p></sec></bdy></method></know-how></article>