<article xmlns:ns0="http://www.w3.org/1999/xlink"><event confidence="0.8" wordnetid="100029378"><rule confidence="0.8" wordnetid="105846932"><act confidence="0.8" wordnetid="100030358"><psychological_feature confidence="0.8" wordnetid="100023100"><procedure confidence="0.8" wordnetid="101023820"><activity confidence="0.8" wordnetid="100407535"><algorithm confidence="0.8" wordnetid="105847438"><header><title>algorithms calculating variance</title><id /><revision><id /><timestamp /><contributor><username>lese</username><id /></contributor></revision><categories><category>statistical algorithms</category><category>statistical deviation dispersion</category><category>articles example pseudocode</category></categories></header><bdy><link ns0:type="simple" ns0:href="../775/775.xml">algorithm</link>calculating<link ns0:type="simple" ns0:href="../344/32344.xml">variance</link>play major role<link ns0:type="simple" ns0:href="../685/26685.xml">statistical</link>computing key problem design good algorithms problem formulas variance involve sums squares lead<link ns0:type="simple" ns0:href="../807/233807.xml">numerical instability</link>well<link ns0:type="simple" ns0:href="../724/40724.xml">arithmetic overflow</link>dealing large values<sec><st>nave algorithm</st><p><link ns0:type="simple" ns0:href="../040/164040.xml">formula</link>calculating variance entire<link ns0:type="simple" ns0:href="../585/27585.xml">population</link>size</p><p><indent level="1"><math>sigma displaystylefrac</math></indent>formula calculating<link ns0:type="simple" ns0:href="../479/8450479.xml">unbiased</link>estimate population variance finite<link ns0:type="simple" ns0:href="../586/27586.xml">sample</link>observations</p><p><indent level="1"><math>displaystylefrac</math></indent>naive algorithm calculate estimated variance<link ns0:type="simple" ns0:href="../185/24185.xml">pseudocode</link></p><p>sum</p><p>foreach data sum sum</p><p>sumn variance summeann</p><p>algorithm easily adapted compute variance finite population simply divide minus</p><p>sum numbers<link ns0:type="simple" ns0:href="../110/552110.xml">precision</link>result inherent precision<link ns0:type="simple" ns0:href="../376/11376.xml">floatingpoint</link>arithmetic perform computation bad variance small relative sum numbers</p></sec><sec><st>twopass algorithm</st><p>alternate approach formula variance pseudocode</p><p>sum foreach data sum sum sumn</p><p>sum foreach data sum sum variance sumn</p><p>algorithm numerically reliable nave<link ns0:type="simple" ns0:href="#xpointer(//*[./st=%22I.+Na=C3=AFve+algorithm%22])">algorithm</link>large sets data worse data close precisely equal</p><p>simple algorithms depend inordinately ordering data poor large data sets repeated roundoff error accumulation sums techniques<link ns0:type="simple" ns0:href="../216/373216.xml">compensated summation</link>combat error degree</p><ss1><st>iia compensated variant</st><p>compensatedsummation version algorithm reads</p><p>sum foreach data sum sum sumn</p><p>sum sumc foreach data sum sum sumc sumc variance sum sumcnn</p></ss1></sec><sec><st>iii online algorithm</st><p>compute variance single pass inspecting<math />example data collected storage values costs memory access dominate computation<link ns0:type="simple" ns0:href="../716/22716.xml">online algorithm</link><link ns0:type="simple" ns0:href="../806/146806.xml">recurrence relation</link>required quantities required statistics calculated numerically stable fashion</p><p>formulas update<link ns0:type="simple" ns0:href="../192/19192.xml" />estimated variance sequence additional element<math />denotes estimate population meanusing sample estimate population variance estimate sample variance number elements sequence addition</p><p><indent level="1"><math>fracn</math></indent><indent level="1"><math>fracn mathrmn</math></indent><indent level="1"><math>fracn</math></indent>turns suitable quantity updating sum squares differences current<math />denoted<math /></p><p><indent level="1"><math /></indent><math /><indent level="1"><math /></indent>numerically stable algorithm computes algorithm knuth<ref ns0:type="simple" ns0:href="#xpointer(//reflist/entry[@id=%221%22])" />cites welford<ref ns0:type="simple" ns0:href="#xpointer(//reflist/entry[@id=%222%22])" /></p><p /><p>foreach data delta deltan deltax expression</p><p>variance</p><p>algorithm prone loss precision massive cancellation efficient division operation inside loop robust twopass algorithm computing variance compute subtract estimate algorithm residuals</p><p>convenient form allows calculate standard deviation explicitly calculate<math />number elements sequence addition element</p><p><math /></p></sec><sec><st>weighted incremental algorithm</st><p>observations weighted west<ref ns0:type="simple" ns0:href="#xpointer(//reflist/entry[@id=%223%22])" />suggests incremental algorithm</p><p>foreach data sumweight weight temp weight sumweight sumweightweightxmean temp xmeanweight temp sumweight temp variance sumweight sample population omit</p></sec><sec><st>parallel algorithm</st><p>chan<ref ns0:type="simple" ns0:href="#xpointer(//reflist/entry[@id=%224%22])" />note online algorithm iii special case algorithm works partition sample<math />sets<math /><math /><indent level="1"><math>delta</math></indent><math>deltacdotfracnbnx</math><indent level="1"><math>deltacdotfracna nbnx</math></indent>example multiple processing units assigned discrete parts input</p><ss1><st>higherorder statistics</st><p>terriberry<ref ns0:type="simple" ns0:href="#xpointer(//reflist/entry[@id=%225%22])" />extends chans formulae calculating third fourth<link ns0:type="simple" ns0:href="../983/19983.xml">central moment</link>needed example estimating<link ns0:type="simple" ns0:href="../212/28212.xml">skewness</link><link ns0:type="simple" ns0:href="../848/16848.xml">kurtosis</link><indent level="1"><math>deltafracna nbnx</math></indent><math>beginalign deltafracna leftna nbrightnx deltafracna endalign</math></p><p><math />sums powers differences<math>sigmax overlinexk</math><indent level="1">skewness<math>fracsqrtn</math></indent>kurtosis<math>fracn</math></p><p>incremental case<math />simplifies<indent level="1"><math>delta</math></indent><math>fracdeltan</math><indent level="1"><math>delta frac</math></indent><math>delta frac fracdelta</math><indent level="1"><math>fracdelta fracdelta fracdelta</math></indent>preserving<math>delta</math>division operation needed higherorder statistics calculated incremental cost</p></ss1></sec><sec><st>example</st><p>assume floating point operations standard<link ns0:type="simple" ns0:href="../039/405039.xml#xpointer(//*[./st=%22Double-precision+64+bit%22])">ieee doubleprecision</link>arithmetic consider sample infinite population based sample estimated population unbiased estimate population variance algorithm algorithm compute values correctly consider sample rise estimated variance sample algorithm computes variance estimate correctly algorithm returns loss precision tolerable viewed minor flaw algorithm easy find data reveal major flaw naive algorithm sample estimated population variance computed correctly algorithm naive algorithm computes minus serious problem algorithm variance definition negative</p></sec><sec><st /><p><list><entry level="1" type="bullet"><link ns0:type="simple" ns0:href="../934/12456934.xml">computational formula variance</link></entry></list></p></sec><sec><st>references</st><p><reflist><entry id="1"><link ns0:type="simple" ns0:href="../095/8095.xml">donald knuth</link><work wordnetid="104599396" confidence="0.8"><product wordnetid="104007894" confidence="0.8"><creation wordnetid="103129123" confidence="0.8"><artifact wordnetid="100021939" confidence="0.8"><book wordnetid="106410904" confidence="0.8"><publication wordnetid="106589574" confidence="0.8"><link ns0:type="simple" ns0:href="../358/31358.xml">art computer programming</link></publication></book></artifact></creation></product></work>volume seminumerical algorithms edn boston addisonwesley</entry><entry id="2">welford<weblink ns0:type="simple" ns0:href="http://www.jstor.org/view/00401706/ap040015/04a00090/0">note method calculating corrected sums squares products</weblink><work wordnetid="104599396" confidence="0.8"><product wordnetid="104007894" confidence="0.8"><creation wordnetid="103129123" confidence="0.8"><artifact wordnetid="100021939" confidence="0.8"><periodical wordnetid="106593296" confidence="0.8"><publication wordnetid="106589574" confidence="0.8"><link ns0:type="simple" ns0:href="../084/5854084.xml">technometrics</link></publication></periodical></artifact></creation></product></work></entry><entry id="3">west<work wordnetid="104599396" confidence="0.8"><product wordnetid="104007894" confidence="0.8"><creation wordnetid="103129123" confidence="0.8"><artifact wordnetid="100021939" confidence="0.8"><periodical wordnetid="106593296" confidence="0.8"><publication wordnetid="106589574" confidence="0.8"><link ns0:type="simple" ns0:href="../161/291161.xml">communications acm</link></publication></periodical></artifact></creation></product></work>updating variance estimates improved method</entry><entry id="4"><cite id="CITEREFChanGolubLeVeque1979" style="font-style:normal">chan tony<link>golub gene</link>leveque randall<weblink ns0:type="simple" ns0:href="ftp://reports.stanford.edu/pub/cstr/reports/cs/tr/79/773/CS-TR-79-773.pdf">updating formulae pairwise algorithm computing sample variances</weblink>technical report stancs department computer science stanford university</cite></entry><entry id="5"><cite id="CITEREFTerriberry2007" style="font-style:normal">terriberry timothy<weblink ns0:type="simple" ns0:href="http://people.xiph.org/~tterribe/notes/homs.html">computing higherorder moments online</weblink></cite></entry></reflist></p></sec><sec><st>external links</st><p><list><entry level="1" type="bullet"><cite id="Reference-Mathworld-Sample Variance Computation"><physical_entity wordnetid="100001930" confidence="0.8"><communicator wordnetid="109610660" confidence="0.8"><person wordnetid="100007846" confidence="0.8"><intellectual wordnetid="109621545" confidence="0.8"><encyclopedist wordnetid="110055566" confidence="0.8"><compiler wordnetid="109946957" confidence="0.8"><alumnus wordnetid="109786338" confidence="0.8"><causal_agent wordnetid="100007347" confidence="0.8"><scientist wordnetid="110560637" confidence="0.8"><writer wordnetid="110794014" confidence="0.8"><mathematician wordnetid="110301261" confidence="0.8"><scholar wordnetid="110557854" confidence="0.8"><link ns0:type="simple" ns0:href="../189/836189.xml">eric weisstein</link></scholar></mathematician></writer></scientist></causal_agent></alumnus></compiler></encyclopedist></intellectual></person></communicator></physical_entity><weblink ns0:type="simple" ns0:href="http://mathworld.wolfram.com/SampleVarianceComputation.html">sample variance computation</weblink><computer wordnetid="103082979" confidence="0.8"><work wordnetid="104599396" confidence="0.8"><creation wordnetid="103129123" confidence="0.8"><machine wordnetid="103699975" confidence="0.8"><reference_book wordnetid="106417598" confidence="0.8"><publication wordnetid="106589574" confidence="0.8"><encyclopedia wordnetid="106427387" confidence="0.8"><product wordnetid="104007894" confidence="0.8"><artifact wordnetid="100021939" confidence="0.8"><instrumentality wordnetid="103575240" confidence="0.8"><book wordnetid="106410904" confidence="0.8"><device wordnetid="103183080" confidence="0.8"><web_site wordnetid="106359193" confidence="0.8"><link ns0:type="simple" ns0:href="../235/374235.xml">mathworld</link></web_site></device></book></instrumentality></artifact></product></encyclopedia></publication></reference_book></machine></creation></work></computer></cite></entry></list></p></sec></bdy></algorithm></activity></procedure></psychological_feature></act></rule></event></article>