<article xmlns:ns0="http://www.w3.org/1999/xlink"><software confidence="0.9508927676800064" wordnetid="106566077"><simulator confidence="0.9511911446218017" wordnetid="104221823"><format confidence="0.9511911446218017" wordnetid="106636806"><header><title>circuitlogix</title><id /><revision><id /><timestamp /><contributor><username>cretanforever</username><id /></contributor></revision><categories><category>electronic circuit simulators</category><category>simulation programming languages</category><category>simulation software</category><category>cad file formats</category><category>electronic design automation software</category></categories></header><bdy><template><name>infobox software</name><parameters><genre>electronic circuit simulation</genre><website><weblink ns0:type="simple" ns0:href="http://www.CircuitLogix.com">wwwcircuitlogixcom</weblink></website><latest_release_version /><developer>logic design</developer><name>circuitlogix</name><latest_release_date>january</latest_release_date><caption>version interface</caption><license><link ns0:type="simple" ns0:href="../886/18934886.xml">proprietary</link></license><operating_system><link ns0:type="simple" ns0:href="../890/18890.xml">windows</link>vista</operating_system></parameters></template><p>circuitlogix<link ns0:type="simple" ns0:href="../720/10900720.xml">electronic circuit simulator</link>utilizes<artifact wordnetid="100021939" confidence="0.8"><instrumentality wordnetid="103575240" confidence="0.8"><simulator wordnetid="104221823" confidence="0.8"><device wordnetid="103183080" confidence="0.8"><machine wordnetid="103699975" confidence="0.8"><link ns0:type="simple" ns0:href="../486/2888486.xml">pspice</link></machine></device></simulator></instrumentality></artifact>allow simulation thousands<link ns0:type="simple" ns0:href="../663/9663.xml">electronic devices</link>models circuits student version circuitlogix free charge<link ns0:type="simple" ns0:href="../390/7801390.xml">registration</link><ref ns0:type="simple" ns0:href="#xpointer(//reflist/entry[@id=%221%22])" />circuitlogix supports<artifact wordnetid="100021939" confidence="0.8"><instrumentality wordnetid="103575240" confidence="0.8"><electrical_device wordnetid="103269401" confidence="0.8"><device wordnetid="103183080" confidence="0.8"><circuit wordnetid="103033362" confidence="0.8"><link ns0:type="simple" ns0:href="../993/993.xml">analog</link></circuit></device></electrical_device></instrumentality></artifact><link ns0:type="simple" ns0:href="../276/8276.xml">digital</link>mixedsignal circuits spice simulation accurate realworld<link ns0:type="simple" ns0:href="../293/12293.xml">graphic user interface</link>allows students easily draw modify combine analog digital circuit diagrams</p><p>circuitlogix developed<link ns0:type="simple" ns0:href="../874/10774874.xml">colin simpson</link>electronics professor<university wordnetid="108286163" confidence="0.9508927676800064"><link ns0:type="simple" ns0:href="../448/637448.xml">george brown college</link></university><village wordnetid="108672738" confidence="0.9508927676800064"><link ns0:type="simple" ns0:href="../646/64646.xml">toronto</link></village><region wordnetid="108630039" confidence="0.9508927676800064"><link ns0:type="simple" ns0:href="../916/5042916.xml">canada</link></region>john bud skinner<link ns0:type="simple" ns0:href="../716/23716.xml">computer programmer</link>electronics program won awards including award excellence<link ns0:type="simple" ns0:href="../910/10939910.xml">association canadian community colleges</link>accc<ref ns0:type="simple" ns0:href="#xpointer(//reflist/entry[@id=%222%22])" />circuitlogix exclusively electronic circuit simulation tool george brown college<link ns0:type="simple" ns0:href="../394/10943394.xml">electronics technician distance education program</link>largest electronics program students countries</p><p>professional version circuitlogix circuitlogix pro includes device models well virtual instruments includes dlab software product combines interactive dimensional learning environment electronic devices tools enhance users comprehension electronics dlab virtual components include<substance wordnetid="100019613" confidence="0.8"><part wordnetid="113809207" confidence="0.8"><material wordnetid="114580897" confidence="0.8"><link ns0:type="simple" ns0:href="../720/19174720.xml">batteries</link></material></part></substance><link ns0:type="simple" ns0:href="../284/28284.xml">switches</link><link ns0:type="simple" ns0:href="../437/58437.xml">motors</link><link ns0:type="simple" ns0:href="../407/2999407.xml">lamp</link><link ns0:type="simple" ns0:href="../754/25754.xml">resistors</link><link ns0:type="simple" ns0:href="../896/14896.xml">inductors</link><link ns0:type="simple" ns0:href="../111/4932111.xml">capacitors</link>instruments including<link ns0:type="simple" ns0:href="../791/15361791.xml">oscilloscopes</link><link ns0:type="simple" ns0:href="../927/41927.xml">signal generator</link><link ns0:type="simple" ns0:href="../666/578666.xml">frequency counter</link></p><sec><st>overview</st><p><image width="150px" src="CircuitLogix3.jpg"><caption>circuitlogix simulating circuit<link ns0:type="simple" ns0:href="../986/42986.xml" />power sourcethumbright</caption></image>fast accurate simulation electronic circuits essential information needed perform accurate analysis circuit behavior<link ns0:type="simple" ns0:href="../251/180251.xml">spice</link>simulators verify analog mixedsignal circuits will yield expected outputs schematic netlist file circuit input values fed spice software simulates circuits behavior length time circuitlogix allows observation voltage current levels circuit node change frequency time allows obtaining accurate simulating complex circuits hierarchical blocks reused circuitlogix simulation engine based berkeley spice<link ns0:type="simple" ns0:href="../293/12293.xml">gui</link>circuit design easier efficient</p><p>operating batch mode circuitlogix bit spice engine allows direct interaction circuit simulation process determine effects changes example change<link ns0:type="simple" ns0:href="../779/10779.xml">frequency</link>sources adjust<link ns0:type="simple" ns0:href="../084/76084.xml">potentiometer</link>flick<link ns0:type="simple" ns0:href="../284/28284.xml">switches</link>simulation ability simulate behavior numerous design configurations performing whatif scenarios easily addition circuitlogix spice engine fully integrated schematic capture<link ns0:type="simple" ns0:href="../592/47592.xml">waveform</link>tools integration speeds setup management time circuitlogix passes schematic edits simulator automatically running components<link ns0:type="simple" ns0:href="../202/41202.xml">fuses</link><link ns0:type="simple" ns0:href="../290/18290.xml">led</link>controlled switches automatically updated schematic simulation runs</p><p>circuitlogix simulates<artifact wordnetid="100021939" confidence="0.8"><instrumentality wordnetid="103575240" confidence="0.8"><electrical_device wordnetid="103269401" confidence="0.8"><device wordnetid="103183080" confidence="0.8"><circuit wordnetid="103033362" confidence="0.8"><link ns0:type="simple" ns0:href="../993/993.xml">analog</link></circuit></device></electrical_device></instrumentality></artifact><link ns0:type="simple" ns0:href="../276/8276.xml">digital</link>mixed analogdigital circuits consequently extra work involved simulating mixedsignal design simulator handles aspects divides circuit analog digital portions analog circuitry simulated timestep driven spice engine digital parts simulated separately eventdriven simulation engine greater speed circuitlogix digital engine native mode meaning developed directly<link ns0:type="simple" ns0:href="../164/3582164.xml">net</link>slow spice<link ns0:type="simple" ns0:href="../089/4638089.xml">macros</link>simulator will automatically perform signal conversion connect analog digital addition systems model library hybrid parts analogtodigital digitaltoanalog conversion</p></sec><sec><st>mixedmode simulation</st><p><image location="left" width="150px" src="3DLab.jpg" type="thumb"><caption>dlab feature circuitlogix pro</caption></image>circuitlogix mixedmode<link ns0:type="simple" ns0:href="../132/893132.xml">schematic editor</link>includes analog eventdriven simulation capabilities simulation components analog event driven digital sampleddata combination entire mixed<link ns0:type="simple" ns0:href="../324/29324.xml">signal analysis</link>driven integrated schematic digital models circuitlogix provide accurate specification propagation time risefall time delays</p><p>event driven<link ns0:type="simple" ns0:href="../775/775.xml">algorithm</link>circuitlogix general purpose supports nondigital types data example elements real<link ns0:type="simple" ns0:href="../563/14563.xml">integer</link>values simulate dsp functions sampled data filters event driven algorithm faster standard spice matrix simulation time greatly reduced circuits event driven models place analog models</p><p>mixedmode simulation handled three levels circuitlogix primitive digital elements timing models builtin digital logic simulator subcircuit models actual transistor<link ns0:type="simple" ns0:href="../954/29954.xml">topology</link><link ns0:type="simple" ns0:href="../150/15150.xml">integrated circuit</link>finally inline<link ns0:type="simple" ns0:href="../124/12351124.xml">boolean logic</link>expressions modeling techniques spice solve problem third method digital primitives mixedmode capability</p></sec><sec><st>component library</st><p>component library includes<list><entry level="1" type="definition"><link ns0:type="simple" ns0:href="../709/27709.xml">semiconductors</link>semiconductor resistors<link ns0:type="simple" ns0:href="../111/4932111.xml">capacitors</link><link ns0:type="simple" ns0:href="../989/1384989.xml">diodes</link>schottky<link ns0:type="simple" ns0:href="../835/97835.xml">zener diode</link><link ns0:type="simple" ns0:href="../964/176964.xml">bridge rectifier</link><link ns0:type="simple" ns0:href="../506/231506.xml">varactor</link></entry><entry level="1" type="definition"><link ns0:type="simple" ns0:href="../703/450703.xml">displays</link>indicators<link ns0:type="simple" ns0:href="../284/28284.xml">switches</link><link ns0:type="simple" ns0:href="../290/18290.xml">leds</link>segment leds hex display hex key logic display<link ns0:type="simple" ns0:href="../335/662335.xml" /><link ns0:type="simple" ns0:href="../243/1508243.xml">pushbutton</link><link ns0:type="simple" ns0:href="../338/662338.xml" />push button spdt piezo buzzer pulser latch coil polar latch rocket scope stepper stoplight window</entry><entry level="1" type="definition">digital primitives gates<link ns0:type="simple" ns0:href="../289/18949289.xml">demorgan</link>symboled gates buffers inverters flipflops</entry><entry level="1" type="definition">digital ics ram prom complete selection xxx ics</entry><entry level="1" type="definition">linear ics<link ns0:type="simple" ns0:href="../804/22804.xml">amp</link><artifact wordnetid="100021939" confidence="0.8"><instrumentality wordnetid="103575240" confidence="0.8"><electrical_device wordnetid="103269401" confidence="0.8"><device wordnetid="103183080" confidence="0.8"><circuit wordnetid="103033362" confidence="0.8"><link ns0:type="simple" ns0:href="../929/40929.xml">comparator</link></circuit></device></electrical_device></instrumentality></artifact>timers buffers cdas<link ns0:type="simple" ns0:href="../637/20637.xml">modulator</link><link ns0:type="simple" ns0:href="../367/40367.xml">converter</link><link ns0:type="simple" ns0:href="../943/92943.xml">converter</link><link ns0:type="simple" ns0:href="../548/41548.xml">pll</link><link ns0:type="simple" ns0:href="../329/232329.xml">vco</link></entry><entry level="1" type="definition"><link ns0:type="simple" ns0:href="../011/30011.xml">transistors</link><link ns0:type="simple" ns0:href="../030/11030.xml">fet</link><link ns0:type="simple" ns0:href="../338/49338.xml">bjt</link><link ns0:type="simple" ns0:href="../053/109053.xml">igbt</link><link ns0:type="simple" ns0:href="../824/108824.xml">ujt</link><idea wordnetid="105833840" confidence="0.8"><concept wordnetid="105835747" confidence="0.8"><category wordnetid="105838765" confidence="0.8"><type wordnetid="105840188" confidence="0.8"><kind wordnetid="105839024" confidence="0.8"><link ns0:type="simple" ns0:href="../485/842485.xml">mesfet</link></kind></type></category></concept></idea><idea wordnetid="105833840" confidence="0.8"><concept wordnetid="105835747" confidence="0.8"><category wordnetid="105838765" confidence="0.8"><type wordnetid="105840188" confidence="0.8"><kind wordnetid="105839024" confidence="0.8"><link ns0:type="simple" ns0:href="../345/40345.xml">mosfet</link></kind></type></category></concept></idea><idea wordnetid="105833840" confidence="0.8"><concept wordnetid="105835747" confidence="0.8"><category wordnetid="105838765" confidence="0.8"><artifact wordnetid="100021939" confidence="0.8"><instrumentality wordnetid="103575240" confidence="0.8"><equipment wordnetid="103294048" confidence="0.8"><type wordnetid="105840188" confidence="0.8"><kind wordnetid="105839024" confidence="0.8"><electronic_equipment wordnetid="103278248" confidence="0.8"><amplifier wordnetid="102705944" confidence="0.8"><link ns0:type="simple" ns0:href="../122/109122.xml">darlington transistor</link></amplifier></electronic_equipment></kind></type></equipment></instrumentality></artifact></category></concept></idea></entry><entry level="1" type="definition"><link ns0:type="simple" ns0:href="../590/26590.xml">relays</link><idea wordnetid="105833840" confidence="0.8"><concept wordnetid="105835747" confidence="0.8"><component wordnetid="105868954" confidence="0.8"><part wordnetid="105867413" confidence="0.8"><link ns0:type="simple" ns0:href="../538/11026538.xml">control relay</link></part></component></concept></idea>spst dpdt individual contacts coils enable creation relay</entry><entry level="1" type="definition">supplies sources<substance wordnetid="100019613" confidence="0.8"><part wordnetid="113809207" confidence="0.8"><material wordnetid="114580897" confidence="0.8"><link ns0:type="simple" ns0:href="../720/19174720.xml">battery</link></material></part></substance>voltage terminal<link ns0:type="simple" ns0:href="../927/41927.xml">signal generator</link>source source gti source gti source gtswitchv gtswitch gtv source gtv source</entry><entry level="1" type="definition">math devices wide variety devices manipulating quantities</entry><entry level="1" type="definition">miscellaneous devices crystals<idea wordnetid="105833840" confidence="0.8"><concept wordnetid="105835747" confidence="0.8"><component wordnetid="105868954" confidence="0.8"><part wordnetid="105867413" confidence="0.8"><link ns0:type="simple" ns0:href="../342/683342.xml">fuses</link></part></component></concept></idea><link ns0:type="simple" ns0:href="../906/30906.xml">transformer</link><link ns0:type="simple" ns0:href="../697/759697.xml">motor</link>converters</entry><entry level="1" type="definition"><link ns0:type="simple" ns0:href="../811/41811.xml">transmission lines</link>lossless lossy uniform distributed</entry><entry level="1" type="definition"><link ns0:type="simple" ns0:href="../496/32496.xml">vacuum tubes</link>lgc</entry><entry level="1" type="definition">instruments<link ns0:type="simple" ns0:href="../791/15361791.xml">oscilloscope</link>digital<artifact wordnetid="100021939" confidence="0.8"><instrumentality wordnetid="103575240" confidence="0.8"><tool wordnetid="104451818" confidence="0.8"><implement wordnetid="103563967" confidence="0.8"><link ns0:type="simple" ns0:href="../623/40623.xml">multimeter</link></implement></tool></instrumentality></artifact><link ns0:type="simple" ns0:href="../562/155562.xml">bode plotter</link><link ns0:type="simple" ns0:href="../208/7313208.xml">curve tracer</link>data sequencer signal generator<system wordnetid="104377057" confidence="0.8"><artifact wordnetid="100021939" confidence="0.8"><instrumentality wordnetid="103575240" confidence="0.8"><link ns0:type="simple" ns0:href="../613/40613.xml">logic analyzer</link></instrumentality></artifact></system><link ns0:type="simple" ns0:href="../413/6713413.xml">logic probe</link>logic pulser</entry><entry level="1" type="definition">simulation controls initial condition nodeset devices</entry><entry level="1" type="definition">miscellaneous<link ns0:type="simple" ns0:href="../393/465393.xml">optoisolator</link><link ns0:type="simple" ns0:href="../937/42937.xml">photodiodes</link><link ns0:type="simple" ns0:href="../231/624231.xml">voltage regulator</link>references scrs triacs</entry></list></p></sec><sec><st>references</st><p><reflist><entry id="1"><weblink ns0:type="simple" ns0:href="http://www.circuitlogix.com/student_version.html">web student version circuitlogix</weblink></entry><entry id="2"><weblink ns0:type="simple" ns0:href="http://www.accc.ca/ftp/pubs/CollegeCanada/CollegeCanada-v3-2.pdf">accc document article electronics technician distance education program</weblink></entry></reflist></p></sec><sec><st>external links</st><p><list><entry level="1" type="bullet"><weblink ns0:type="simple" ns0:href="http://www.CircuitLogix.com">circuitlogix website wwwcircuitlogixcom</weblink></entry><entry level="1" type="bullet"><weblink ns0:type="simple" ns0:href="http://www.ETcourse.com">electronics technician distance education program website wwwetcoursecom</weblink></entry></list></p></sec></bdy></format></simulator></software></article>