<article xmlns:ns0="http://www.w3.org/1999/xlink"><physical_entity confidence="0.8" wordnetid="100001930"><person confidence="0.8" wordnetid="100007846"><causal_agent confidence="0.8" wordnetid="100007347"><scientist confidence="0.8" wordnetid="110560637"><research_worker confidence="0.8" wordnetid="110523076"><header><title>roger schank</title><id /><revision><id /><timestamp /><contributor><username>ezrac</username><id /></contributor></revision><categories><category>artificial intelligence researchers</category><category>living people</category><category>history artificial intelligence</category></categories></header><bdy>roger schank president ceo<link>socratic arts</link>leading visionary<link ns0:type="simple" ns0:href="../164/1164.xml">artificial intelligence</link><sec><st>career</st><p>schank professor computer science<link ns0:type="simple" ns0:href="../921/22921.xml">psychology</link><university wordnetid="108286163" confidence="0.9508927676800064"><link ns0:type="simple" ns0:href="../273/34273.xml">yale university</link></university>director yale artificial intelligence project hired<university wordnetid="108286163" confidence="0.9508927676800064"><ranking wordnetid="114429484" confidence="0.9508927676800064"><link ns0:type="simple" ns0:href="../216/174216.xml">northwestern university</link></ranking></university>institute learning sciences absorbed school education separate department helped center learning sciences<university wordnetid="108286163" confidence="0.9508927676800064"><link ns0:type="simple" ns0:href="../093/48093.xml">carnegie mellon university</link></university>founded learning sciences corporation<link>cognitive arts</link>commercial arm ils led sold schank appointed chief learning officer<chief_executive_officer wordnetid="109916348" confidence="0.9173553029164789"><celebrity wordnetid="109903153" confidence="0.9508927676800064"><link ns0:type="simple" ns0:href="../272/4848272.xml">donald trump</link></celebrity></chief_executive_officer><institution wordnetid="108053576" confidence="0.8"><link ns0:type="simple" ns0:href="../520/1982520.xml">trump university</link></institution><ref ns0:type="simple" ns0:href="#xpointer(//reflist/entry[@id=%221%22])" /></p></sec><sec><st>influence</st><p>schank influential early contributors<link ns0:type="simple" ns0:href="../164/1164.xml">artificial intelligence</link><link ns0:type="simple" ns0:href="../961/5961.xml">cognitive psychology</link>schanks major innovations fields concepts<link ns0:type="simple" ns0:href="../333/170333.xml">case based reasoning</link>dynamic memory opposed traditional views memory reasoning field classic<link ns0:type="simple" ns0:href="../646/7646.xml">cognitivist</link>view cognition popular time viewed cognition rule<link ns0:type="simple" ns0:href="../775/775.xml">algorithm</link>bound manipulation<link ns0:type="simple" ns0:href="../673/37673.xml">symbols</link>schank hand stated memory form meaningful stories inert decontextualized information problem solving progressed cases examples stored memory example classical view walk store accomplish access stored algorithm tells step open door step step street schanks view hand accomplish access stored schema based previous experience walk store dont rules describe schank students yale initially applied ideas problem computer recognition english called<link ns0:type="simple" ns0:href="../778/98778.xml">natural language understanding</link>late early progress eventually stalled methods fell disuse</p></sec><sec><st>works</st><p><list><entry level="1" type="bullet">roger schank robert abelson scripts plans goals understanding inquiry human knowledge structures hillsdale isbn</entry><entry level="1" type="bullet">roger schank story real artificial memory scribners people learn easily stories easily taught firmly things true schank notes passing</entry><entry level="1" type="bullet">roger schank connoisseurs guide mind learn intelligent summit books tour force explains general ideas learning memory understanding specific context schanks culinary adventures gourmet wining dining french weather grapeharvesting order good wines cheap restaurant wine lists late</entry><entry level="1" type="bullet">roger schank chip cleary engines education lawrence erlbaum associates publishing hillsdale jersey specific examples software built ils implement schanks ideas casebased exploratory learning</entry><entry level="1" type="bullet">schank roger scrooge meets dick jane mahwah lawrence erlbaum isbn</entry></list></p></sec><sec><st /><p><physical_entity wordnetid="100001930" confidence="0.8"><peer wordnetid="109626238" confidence="0.8"><person wordnetid="100007846" confidence="0.8"><colleague wordnetid="109935990" confidence="0.8"><causal_agent wordnetid="100007347" confidence="0.8"><scientist wordnetid="110560637" confidence="0.8"><psychologist wordnetid="110488865" confidence="0.8"><associate wordnetid="109816771" confidence="0.8"><link ns0:type="simple" ns0:href="../278/7720278.xml">robert abelson</link></associate></psychologist></scientist></causal_agent></colleague></person></peer></physical_entity></p></sec><sec><st>references</st><p><reflist><entry id="1">associated press<link /><weblink ns0:type="simple" ns0:href="http://deming.eng.clemson.edu/den/archive/2005.06/msg00001.html">trump unveils launch trump university</weblink>yahoocom retrieved<link /></entry></reflist></p></sec><sec><st>external links</st><p><list><entry level="1" type="bullet"><weblink ns0:type="simple" ns0:href="http://west.cmu.edu/masters/ls/">cmu center learning sciences</weblink></entry><entry level="1" type="bullet"><weblink ns0:type="simple" ns0:href="http://www.cognitivearts.com/">cognitive arts</weblink></entry><entry level="1" type="bullet"><weblink ns0:type="simple" ns0:href="http://socraticarts.com/">socratic arts</weblink></entry><entry level="1" type="bullet"><weblink ns0:type="simple" ns0:href="http://www.grandparentgames.com/">grandparent games</weblink></entry><entry level="1" type="bullet"><weblink ns0:type="simple" ns0:href="http://www.edge.org/3rd_culture/schank/schank_index.html">edge magazine interview roger schank</weblink></entry><entry level="1" type="bullet"><weblink ns0:type="simple" ns0:href="http://www.rogerschank.com/">roger schanks homepage</weblink></entry></list></p></sec></bdy></research_worker></scientist></causal_agent></person></physical_entity></article>