<article xmlns:ns0="http://www.w3.org/1999/xlink"><header><title>variableorder markov model</title><id /><revision><id /><timestamp /><contributor><username>doi bot</username><id /></contributor></revision><categories><category>stochastic processes</category><category>probability theory</category><category>machine learning</category></categories></header><bdy>variableorder markov vom models class models extend well<physical_entity wordnetid="100001930" confidence="0.8"><person wordnetid="100007846" confidence="0.8"><model wordnetid="110324560" confidence="0.8"><assistant wordnetid="109815790" confidence="0.8"><worker wordnetid="109632518" confidence="0.8"><causal_agent wordnetid="100007347" confidence="0.8"><link ns0:type="simple" ns0:href="../876/60876.xml">markov chain</link></causal_agent></worker></assistant></model></person></physical_entity>models contrast markov chain models random variable sequence<link ns0:type="simple" ns0:href="../422/306422.xml">markov property</link>depends fixed number<link ns0:type="simple" ns0:href="../685/25685.xml">random variable</link>vom models number conditioning random variables vary based specific observed realization<p>realization sequence called context vom models called context trees<ref ns0:type="simple" ns0:href="#xpointer(//reflist/entry[@id=%221%22])" />flexibility number conditioning<link ns0:type="simple" ns0:href="../685/25685.xml">random variable</link>turns real advantage applications statistical analysis classification prediction<ref ns0:type="simple" ns0:href="#xpointer(//reflist/entry[@id=%222%22])" /><ref ns0:type="simple" ns0:href="#xpointer(//reflist/entry[@id=%223%22])" /><ref ns0:type="simple" ns0:href="#xpointer(//reflist/entry[@id=%224%22])" /></p><sec><st>example</st><p>consider example sequence<link ns0:type="simple" ns0:href="../685/25685.xml">random variable</link>takes ternary<link ns0:type="simple" ns0:href="../670/670.xml">alphabet</link>consider string aaabcaaabcaaabcaaabcaaabc constructed infinite concatenations substring aaabc</p><p>vom model maximal order approximate string<link ns0:type="simple" ns0:href="../791/5791.xml">conditional probability</link>components praaa prbaa prcb prac praca</p><p>example prcab prcb shorter context sufficient determine character vom model maximal order generate string exactly conditional probability components equal</p><p>construct<physical_entity wordnetid="100001930" confidence="0.8"><person wordnetid="100007846" confidence="0.8"><model wordnetid="110324560" confidence="0.8"><assistant wordnetid="109815790" confidence="0.8"><worker wordnetid="109632518" confidence="0.8"><causal_agent wordnetid="100007347" confidence="0.8"><link ns0:type="simple" ns0:href="../876/60876.xml">markov chain</link></causal_agent></worker></assistant></model></person></physical_entity>order character string estimate conditional probability components praa prab prac prba prbb prbc prca prcb prcc construct markov chain order character estimate conditional probability components praaa praab prccc construct markov chain order three character estimate conditional probability components praaaa praaab prcccc</p><p>practical settings seldom sufficient data accurately estimate<link ns0:type="simple" ns0:href="../933/191933.xml">exponentially increasing</link>number conditional probability components order markov chain increases</p><p>variableorder markov model assumes realistic settings realizations represented contexts independent future great reduction number model parameters achieved<ref ns0:type="simple" ns0:href="#xpointer(//reflist/entry[@id=%221%22])" /></p></sec><sec><st>definition</st><p><math />space finite<link ns0:type="simple" ns0:href="../670/670.xml">alphabet</link>size</p><p>consider sequence<physical_entity wordnetid="100001930" confidence="0.8"><person wordnetid="100007846" confidence="0.8"><model wordnetid="110324560" confidence="0.8"><assistant wordnetid="109815790" confidence="0.8"><worker wordnetid="109632518" confidence="0.8"><causal_agent wordnetid="100007347" confidence="0.8"><link ns0:type="simple" ns0:href="../876/60876.xml">markov property</link></causal_agent></worker></assistant></model></person></physical_entity><math /><math />realizations<link ns0:type="simple" ns0:href="../685/25685.xml">random variable</link><math />symbol position<math /><math /><math />concatenation<math /><math />denoted<math /></p><p>training set observed<math />construction algorithm vom models<ref ns0:type="simple" ns0:href="#xpointer(//reflist/entry[@id=%222%22])" /><ref ns0:type="simple" ns0:href="#xpointer(//reflist/entry[@id=%223%22])" /><ref ns0:type="simple" ns0:href="#xpointer(//reflist/entry[@id=%224%22])" />learns model<math /><link ns0:type="simple" ns0:href="../934/22934.xml">probability</link>assignment sequence observed symbols future</p><p>learner generates<link ns0:type="simple" ns0:href="../458/504458.xml">conditional probability distribution</link><math />symbol<math />context<math>sin</math>sign represents sequence length including empty context</p><p>vom models attempt estimate<link ns0:type="simple" ns0:href="../458/504458.xml">conditional distribution</link>form<math />context length<math /><math />varies depending statistics contrast conventional<physical_entity wordnetid="100001930" confidence="0.8"><person wordnetid="100007846" confidence="0.8"><model wordnetid="110324560" confidence="0.8"><assistant wordnetid="109815790" confidence="0.8"><worker wordnetid="109632518" confidence="0.8"><causal_agent wordnetid="100007347" confidence="0.8"><link ns0:type="simple" ns0:href="../876/60876.xml">markov models</link></causal_agent></worker></assistant></model></person></physical_entity>attempt estimate<link ns0:type="simple" ns0:href="../458/504458.xml">conditional distribution</link>assuming fixed contexts length<math /><math />considered special cases vom models</p><p>effectively training sequence vom models better model parameterization fixedorder<physical_entity wordnetid="100001930" confidence="0.8"><person wordnetid="100007846" confidence="0.8"><model wordnetid="110324560" confidence="0.8"><assistant wordnetid="109815790" confidence="0.8"><worker wordnetid="109632518" confidence="0.8"><causal_agent wordnetid="100007347" confidence="0.8"><link ns0:type="simple" ns0:href="../876/60876.xml">markov models</link></causal_agent></worker></assistant></model></person></physical_entity>leads better<link ns0:type="simple" ns0:href="../344/32344.xml">variance</link>bias tradeoff learned models<ref ns0:type="simple" ns0:href="#xpointer(//reflist/entry[@id=%222%22])" /><ref ns0:type="simple" ns0:href="#xpointer(//reflist/entry[@id=%223%22])" /><ref ns0:type="simple" ns0:href="#xpointer(//reflist/entry[@id=%224%22])" /></p></sec><sec><st>application areas</st><p>efficient algorithms devised estimating parameters vom model<ref ns0:type="simple" ns0:href="#xpointer(//reflist/entry[@id=%223%22])" /></p><p>vom models applied areas<link ns0:type="simple" ns0:href="../488/233488.xml">machine learning</link><link ns0:type="simple" ns0:href="../773/14773.xml">information theory</link><link ns0:type="simple" ns0:href="../214/4214.xml">bioinformatics</link>including specific applications<link ns0:type="simple" ns0:href="../225/5225.xml">coding</link><link ns0:type="simple" ns0:href="../013/8013.xml">data compression</link><ref ns0:type="simple" ns0:href="#xpointer(//reflist/entry[@id=%221%22])" />document compression<ref ns0:type="simple" ns0:href="#xpointer(//reflist/entry[@id=%223%22])" />classification identification<link ns0:type="simple" ns0:href="../955/7955.xml">dna</link><link ns0:type="simple" ns0:href="../634/23634.xml">protein sequences</link><ref ns0:type="simple" ns0:href="#xpointer(//reflist/entry[@id=%222%22])" /><link ns0:type="simple" ns0:href="../680/593680.xml">statistical process control</link><ref ns0:type="simple" ns0:href="#xpointer(//reflist/entry[@id=%224%22])" /><link ns0:type="simple" ns0:href="../001/1336001.xml">spam filtering</link><ref ns0:type="simple" ns0:href="#xpointer(//reflist/entry[@id=%225%22])" /></p></sec><sec><st /><p><list><entry level="1" type="bullet"><physical_entity wordnetid="100001930" confidence="0.8"><person wordnetid="100007846" confidence="0.8"><model wordnetid="110324560" confidence="0.8"><assistant wordnetid="109815790" confidence="0.8"><worker wordnetid="109632518" confidence="0.8"><causal_agent wordnetid="100007347" confidence="0.8"><link ns0:type="simple" ns0:href="../876/60876.xml">markov chain</link></causal_agent></worker></assistant></model></person></physical_entity></entry><entry level="1" type="bullet"><link ns0:type="simple" ns0:href="../196/195196.xml">examples markov chains</link></entry><entry level="1" type="bullet"><link ns0:type="simple" ns0:href="../012/11228012.xml">variable order bayesian network</link></entry><entry level="1" type="bullet"><link ns0:type="simple" ns0:href="../772/98772.xml">markov process</link></entry><entry level="1" type="bullet"><know-how wordnetid="105616786" confidence="0.8"><method wordnetid="105660268" confidence="0.8"><link ns0:type="simple" ns0:href="../801/236801.xml">markov chain monte carlo</link></method></know-how></entry><entry level="1" type="bullet"><link ns0:type="simple" ns0:href="../736/1598736.xml">semimarkov process</link></entry><entry level="1" type="bullet"><link ns0:type="simple" ns0:href="../214/4214.xml">bioinformatics</link></entry><entry level="1" type="bullet"><link ns0:type="simple" ns0:href="../488/233488.xml">machine learning</link></entry><entry level="1" type="bullet"><link ns0:type="simple" ns0:href="../164/1164.xml">artificial intelligence</link></entry></list></p></sec><sec><st>references</st><p><reflist><entry id="1"><cite style="font-style:normal">rissanen sep<weblink ns0:type="simple" ns0:href="http://ieeexplore.ieee.org/xpl/freeabs_all.jsp?isnumber=22734 arnumber=1056741">universal data compression system</weblink>ieee transactions information theory<document wordnetid="106470073" confidence="0.8"><written_communication wordnetid="106349220" confidence="0.8"><writing wordnetid="106362953" confidence="0.8"><link ns0:type="simple" ns0:href="../994/422994.xml">doi</link></writing></written_communication></document><weblink ns0:type="simple" ns0:href="http://dx.doi.org/10.1109%2FTIT.1983.1056741">tit</weblink></cite></entry><entry id="2"><cite style="font-style:normal">shmilovici bengal<weblink ns0:type="simple" ns0:href="http://www.springerlink.com/content/a447865604519210/">vom model reconstructing potential coding regions est sequences</weblink>computational statistics<document wordnetid="106470073" confidence="0.8"><written_communication wordnetid="106349220" confidence="0.8"><writing wordnetid="106362953" confidence="0.8"><link ns0:type="simple" ns0:href="../994/422994.xml">doi</link></writing></written_communication></document><weblink ns0:type="simple" ns0:href="http://dx.doi.org/10.1007%2Fs00180-007-0021-8" /></cite></entry><entry id="3"><cite style="font-style:normal">begleiter elyaniv yona<weblink ns0:type="simple" ns0:href="http://www.jair.org/media/1491/live-1491-2335-jair.pdf">prediction variable order markov models</weblink>journal artificial intelligence</cite></entry><entry id="4"><cite style="font-style:normal">bengal morag shmilovici<weblink ns0:type="simple" ns0:href="http://www.eng.tau.ac.il/~bengal/Technometrics_final.pdf">cspc monitoring procedure dependent processes</weblink>technometrics<document wordnetid="106470073" confidence="0.8"><written_communication wordnetid="106349220" confidence="0.8"><writing wordnetid="106362953" confidence="0.8"><link ns0:type="simple" ns0:href="../994/422994.xml">doi</link></writing></written_communication></document><weblink ns0:type="simple" ns0:href="http://dx.doi.org/10.1198%2F004017003000000122" /></cite></entry><entry id="5"><cite style="font-style:normal">bratko cormack filipic lynam zupan<weblink ns0:type="simple" ns0:href="http://www.jmlr.org/papers/volume7/bratko06a/bratko06a.pdf">spam filtering statistical data compression models</weblink>journal machine learning</cite></entry></reflist></p></sec></bdy></article>