<article xmlns:ns0="http://www.w3.org/1999/xlink"><physical_entity confidence="0.8" wordnetid="100001930"><person confidence="0.8" wordnetid="100007846"><player confidence="0.9511911446218017" wordnetid="110439851"><coach confidence="0.9511911446218017" wordnetid="109931640"><leader confidence="0.8" wordnetid="109623038"><administrator confidence="0.8" wordnetid="109770949"><causal_agent confidence="0.8" wordnetid="100007347"><head confidence="0.8" wordnetid="110162991"><director confidence="0.8" wordnetid="110014939"><header><title>craig colbert</title><id /><revision><id /><timestamp /><contributor><username>dewelar</username><id /></contributor></revision><categories><category>san diego padres managers</category><category>major league baseball catchers</category><category>san francisco giants players</category><category>living people</category><category>births</category><category>minor league baseball managers</category><category>major league baseball coaches</category></categories></header><bdy><template><name>infobox mlb retired</name><parameters><image width="150px" src="" /><position><link ns0:type="simple" ns0:href="../699/436699.xml">catcher</link></position><stat1value /><debutteam><diversion wordnetid="100426928" confidence="0.8"><association wordnetid="108049401" confidence="0.8"><event wordnetid="100029378" confidence="0.8"><baseball_team wordnetid="108079319" confidence="0.8"><club wordnetid="108227214" confidence="0.8"><sport wordnetid="100523513" confidence="0.8"><team wordnetid="108208560" confidence="0.8"><act wordnetid="100030358" confidence="0.8"><psychological_feature wordnetid="100023100" confidence="0.8"><activity wordnetid="100407535" confidence="0.8"><link ns0:type="simple" ns0:href="../416/28416.xml">san francisco giants</link></activity></psychological_feature></act></team></sport></club></baseball_team></event></association></diversion></debutteam><finalyear><link ns0:type="simple" ns0:href="../946/2070946.xml" /></finalyear><finalteam><diversion wordnetid="100426928" confidence="0.8"><association wordnetid="108049401" confidence="0.8"><event wordnetid="100029378" confidence="0.8"><baseball_team wordnetid="108079319" confidence="0.8"><club wordnetid="108227214" confidence="0.8"><sport wordnetid="100523513" confidence="0.8"><team wordnetid="108208560" confidence="0.8"><act wordnetid="100030358" confidence="0.8"><psychological_feature wordnetid="100023100" confidence="0.8"><activity wordnetid="100407535" confidence="0.8"><link ns0:type="simple" ns0:href="../416/28416.xml">san francisco giants</link></activity></psychological_feature></act></team></sport></club></baseball_team></event></association></diversion></finalteam><debutdate><link ns0:type="simple" ns0:href="../008/1008.xml">april</link></debutdate><stat3value /><throws /><stat3label><link ns0:type="simple" ns0:href="../469/236469.xml">runs batted</link></stat3label><debutyear><link ns0:type="simple" ns0:href="../419/2076419.xml" /></debutyear><stat2value /><teams><list><entry level="1" type="bullet"><diversion wordnetid="100426928" confidence="0.8"><association wordnetid="108049401" confidence="0.8"><event wordnetid="100029378" confidence="0.8"><baseball_team wordnetid="108079319" confidence="0.8"><club wordnetid="108227214" confidence="0.8"><sport wordnetid="100523513" confidence="0.8"><team wordnetid="108208560" confidence="0.8"><act wordnetid="100030358" confidence="0.8"><psychological_feature wordnetid="100023100" confidence="0.8"><activity wordnetid="100407535" confidence="0.8"><link ns0:type="simple" ns0:href="../416/28416.xml">san francisco giants</link></activity></psychological_feature></act></team></sport></club></baseball_team></event></association></diversion></entry></list></teams><bats /><name>craig colbert</name><birthdate>february age<village wordnetid="108672738" confidence="0.9508927676800064"><link ns0:type="simple" ns0:href="../933/113933.xml">iowa city</link></village><region wordnetid="108630985" confidence="0.8"><administrative_district wordnetid="108491826" confidence="0.8"><location wordnetid="100027167" confidence="0.8"><district wordnetid="108552138" confidence="0.8"><country wordnetid="108544813" confidence="0.8"><link ns0:type="simple" ns0:href="../589/14589.xml">iowa</link></country></district></location></administrative_district></region></birthdate><stat1label><link ns0:type="simple" ns0:href="../273/18933273.xml">batting average</link></stat1label><finaldate><link ns0:type="simple" ns0:href="../204/28204.xml">september</link></finaldate><stat2label><link ns0:type="simple" ns0:href="../148/14148.xml">runs</link></stat2label></parameters></template>craig charles colbert<link ns0:type="simple" ns0:href="../170/11170.xml">february</link><link ns0:type="simple" ns0:href="../750/34750.xml" /><village wordnetid="108672738" confidence="0.9508927676800064"><link ns0:type="simple" ns0:href="../933/113933.xml">iowa city</link></village><region wordnetid="108630985" confidence="0.8"><administrative_district wordnetid="108491826" confidence="0.8"><location wordnetid="100027167" confidence="0.8"><district wordnetid="108552138" confidence="0.8"><country wordnetid="108544813" confidence="0.8"><link ns0:type="simple" ns0:href="../589/14589.xml">iowa</link></country></district></location></administrative_district></region><league wordnetid="108231184" confidence="0.9508927676800064"><link ns0:type="simple" ns0:href="../776/38776.xml">major league baseball</link></league>catcher current<link ns0:type="simple" ns0:href="../035/596035.xml">bench coach</link><baseball_team wordnetid="108079319" confidence="0.8"><team wordnetid="108208560" confidence="0.8"><link ns0:type="simple" ns0:href="../417/28417.xml">san diego padres</link></team></baseball_team><p>colbert selected round<link ns0:type="simple" ns0:href="../355/18505355.xml">major league baseball draft</link><diversion wordnetid="100426928" confidence="0.8"><association wordnetid="108049401" confidence="0.8"><event wordnetid="100029378" confidence="0.8"><baseball_team wordnetid="108079319" confidence="0.8"><club wordnetid="108227214" confidence="0.8"><sport wordnetid="100523513" confidence="0.8"><team wordnetid="108208560" confidence="0.8"><act wordnetid="100030358" confidence="0.8"><psychological_feature wordnetid="100023100" confidence="0.8"><activity wordnetid="100407535" confidence="0.8"><link ns0:type="simple" ns0:href="../416/28416.xml">san francisco giants</link></activity></psychological_feature></act></team></sport></club></baseball_team></event></association></diversion>played farm system making debut<link ns0:type="simple" ns0:href="../419/2076419.xml" />season played games seasons released<link ns0:type="simple" ns0:href="../946/2070946.xml" />season</p><p>colbert played seasons minor leagues<association wordnetid="108049401" confidence="0.8"><baseball_team wordnetid="108079319" confidence="0.8"><club wordnetid="108227214" confidence="0.8"><team wordnetid="108208560" confidence="0.8"><link ns0:type="simple" ns0:href="../652/6652.xml">cleveland indians</link></team></club></baseball_team></association><baseball_team wordnetid="108079319" confidence="0.8"><team wordnetid="108208560" confidence="0.8"><link ns0:type="simple" ns0:href="../417/28417.xml">san diego padres</link></team></baseball_team><link ns0:type="simple" ns0:href="../834/1822834.xml" />colbert playercoach<link ns0:type="simple" ns0:href="../112/3154112.xml">las vegas stars</link>playing career season<link ns0:type="simple" ns0:href="../553/1487553.xml" /><link ns0:type="simple" ns0:href="../436/3119436.xml" />colbert worked padres chain managing levels minor leagues</p><p><link ns0:type="simple" ns0:href="../205/6721205.xml" />named padres bench coach position september<link ns0:type="simple" ns0:href="../405/13639405.xml" />loss season hitting coach<physical_entity wordnetid="100001930" confidence="0.8"><person wordnetid="100007846" confidence="0.8"><player wordnetid="110439851" confidence="0.8"><good_person wordnetid="110138767" confidence="0.8"><contestant wordnetid="109613191" confidence="0.8"><causal_agent wordnetid="100007347" confidence="0.8"><saint wordnetid="110546850" confidence="0.8"><link ns0:type="simple" ns0:href="../058/1046058.xml">wally joyner</link></saint></causal_agent></contestant></good_person></player></person></physical_entity>scapegoats disappointing season upper managements inability proven talent field teams bottom ranking mlb scoring runs ranking team batting average injuries<player wordnetid="110439851" confidence="0.9508927676800064"><link ns0:type="simple" ns0:href="../542/1250542.xml">jake peavy</link></player><person wordnetid="100007846" confidence="0.9508927676800064"><player wordnetid="110439851" confidence="0.9508927676800064"><link ns0:type="simple" ns0:href="../330/5740330.xml">chris young</link></player></person>paltry stolen bases season total players surpassed heavily contributed lackluster season</p></bdy></director></head></causal_agent></administrator></leader></coach></player></person></physical_entity></article>