<article xmlns:ns0="http://www.w3.org/1999/xlink"><organization confidence="0.9511911446218017" wordnetid="108008335"><header><title>national centre text mining</title><id /><revision><id /><timestamp /><contributor><username>pseudomonas</username><id /></contributor></revision><categories><category>information retrieval</category><category>computer science organizations</category><category>computational linguistics</category><category>linguistics organizations</category></categories></header><bdy>national centre text mining nactem worlds publicly funded<link ns0:type="simple" ns0:href="../439/318439.xml">text mining</link>centre established provide support advice information technologies disseminate information larger community providing tailored services tools response requirements local<autocracy wordnetid="108361001" confidence="0.8"><system wordnetid="108435388" confidence="0.8"><social_group wordnetid="107950920" confidence="0.8"><political_orientation wordnetid="106212839" confidence="0.8"><monarchy wordnetid="108363812" confidence="0.8"><state wordnetid="108168978" confidence="0.8"><political_unit wordnetid="108359949" confidence="0.8"><political_system wordnetid="108367880" confidence="0.8"><economy wordnetid="108366753" confidence="0.8"><group wordnetid="100031264" confidence="0.8"><democracy wordnetid="106217103" confidence="0.8"><link ns0:type="simple" ns0:href="../717/31717.xml">british</link></democracy></group></economy></political_system></political_unit></state></monarchy></political_orientation></social_group></system></autocracy>academic community<p><link ns0:type="simple" ns0:href="../309/5309.xml">software</link>tools services nactem supplies allow researchers apply text mining techniques problems areas interest examples tools highlighted addition providing services centre involved contributions text mining community nationally internationally</p><p>centre located<institute wordnetid="108407330" confidence="0.8"><structure wordnetid="104341686" confidence="0.8"><building wordnetid="102913152" confidence="0.8"><artifact wordnetid="100021939" confidence="0.8"><association wordnetid="108049401" confidence="0.8"><link ns0:type="simple" ns0:href="../188/9385188.xml">manchester interdisciplinary biocentre</link></association></artifact></building></structure></institute>operated universities<weblink ns0:type="simple" ns0:href="http://www.cs.man.ac.uk/">school computer science</weblink><university wordnetid="108286163" confidence="0.9508927676800064"><link ns0:type="simple" ns0:href="../266/83266.xml">university manchester</link></university><weblink ns0:type="simple" ns0:href="http://www.manchester.ac.uk">httpwwwmanchesteracuk</weblink>leads<link ns0:type="simple" ns0:href="../537/286537.xml">consortium</link>contributes expertise<link ns0:type="simple" ns0:href="../162/383162.xml">information extraction</link><link ns0:type="simple" ns0:href="../652/21652.xml">natural language processing</link>parallel distributed<link ns0:type="simple" ns0:href="../253/42253.xml">data mining</link><weblink ns0:type="simple" ns0:href="http://sca.lib.liv.ac.uk/collections/">special collections archives</weblink><university wordnetid="108286163" confidence="0.9508927676800064"><link ns0:type="simple" ns0:href="../512/156512.xml">university liverpool</link></university><weblink ns0:type="simple" ns0:href="http://www.liv.ac.uk/">httpwwwlivacuk</weblink><weblink ns0:type="simple" ns0:href="http://www.liv.ac.uk/library/">library</weblink>experience expertise<link ns0:type="simple" ns0:href="../271/15271.xml">information retrieval</link>systems</p><p>addition main consortium partners number selffunded associates worldleading groups including<weblink ns0:type="simple" ns0:href="http://www.sdsc.edu/">san diego supercomputer centers</weblink>data intensive computing group led<weblink ns0:type="simple" ns0:href="http://www.sdsc.edu/~moore/rmoore.html">reagan moore</weblink><university wordnetid="108286163" confidence="0.9508927676800064"><ranking wordnetid="114429484" confidence="0.9508927676800064"><link ns0:type="simple" ns0:href="../922/31922.xml">university california berkeley</link></ranking></university><weblink ns0:type="simple" ns0:href="http://www.berkeley.edu/">httpwwwberkeleyedu</weblink>information retrieval specialists lead<weblink ns0:type="simple" ns0:href="http://www.ischool.berkeley.edu/people/faculty/raylarson">ray larson</weblink><weblink ns0:type="simple" ns0:href="http://www-tsujii.is.s.u-tokyo.ac.jp/index.html">tsujii lab</weblink><weblink ns0:type="simple" ns0:href="http://www.u-tokyo.ac.jp/index_e.html">university tokyo</weblink><weblink ns0:type="simple" ns0:href="http://www-tsujii.is.s.u-tokyo.ac.jp/%7Etsujii/atlab.html">professor tsujiis</weblink>lab worldleading researchers field<link ns0:type="simple" ns0:href="../561/5561.xml">computational linguistics</link>application technology biomedical domain</p><sec><st>applications</st><p><weblink ns0:type="simple" ns0:href="http://www.nactem.ac.uk/software/termine/">termine</weblink>domain independent method automatic term recognition finds terms document automatically ranks</p><p><weblink ns0:type="simple" ns0:href="http://www.nactem.ac.uk/software/ctermine">cheshiretermine</weblink>search engine<link ns0:type="simple" ns0:href="../749/240749.xml">medline</link>documents generates lists terms relevant search combines best features browse search techniques drilling focused set documents</p><p><weblink ns0:type="simple" ns0:href="http://www.nactem.ac.uk/software/acromine/">acromine</weblink>finds expanded forms<link ns0:type="simple" ns0:href="../571/1052571.xml">acronyms</link>appeared<link ns0:type="simple" ns0:href="../749/240749.xml">medline</link>entries conversely find acronyms expanded forms appeared<link ns0:type="simple" ns0:href="../749/240749.xml">medline</link><link ns0:type="simple" ns0:href="../065/67065.xml">disambiguates</link></p><p><weblink ns0:type="simple" ns0:href="http://www-tsujii.is.s.u-tokyo.ac.jp/medie/">medie</weblink>intelligent search engine semantic retrieval sentences biomedical correlations<link ns0:type="simple" ns0:href="../749/240749.xml">medline</link>abstracts</p><p>infopubmed information graphical representation biomedical interactions extracted<link ns0:type="simple" ns0:href="../749/240749.xml">medline</link>deep<link ns0:type="simple" ns0:href="../019/3404019.xml">semantic parsing</link>technology supplemented term dictionary consisting<link ns0:type="simple" ns0:href="../634/23634.xml">protein</link><link ns0:type="simple" ns0:href="../553/4250553.xml">gene</link>names identification<link ns0:type="simple" ns0:href="../072/8072.xml">disease</link>types<link ns0:type="simple" ns0:href="../842/19653842.xml">organisms</link></p></sec><sec><st>external links</st><p><list><entry level="1" type="bullet">httpwwwnactemacuk</entry></list></p></sec></bdy></organization></article>