<article xmlns:ns0="http://www.w3.org/1999/xlink"><scientist confidence="0.9508927676800064" wordnetid="110560637"><research_worker confidence="0.9511911446218017" wordnetid="110523076"><header><title>arthur samuel</title><id /><revision><id /><timestamp /><contributor><username>lightbot</username><id /></contributor></revision><categories><category>draughts</category><category>artificial intelligence researchers</category><category>game artificial intelligence</category><category>history artificial intelligence</category></categories></header><bdy><template><name /><parameters><image width="150px" src="" /><death_date><link ns0:type="simple" ns0:href="../968/15968.xml">july</link><link ns0:type="simple" ns0:href="../635/34635.xml" /></death_date><birth_date /><citizenship>united</citizenship><birth_place><village wordnetid="108672738" confidence="0.9508927676800064"><link ns0:type="simple" ns0:href="../705/114705.xml">emporia kansas</link></village></birth_place><alma_mater><link ns0:type="simple" ns0:href="../061/19061.xml">mit</link></alma_mater><field>computer science</field><known_for>samuel checkersplaying program</known_for><death_place><link ns0:type="simple" ns0:href="../166/108166.xml">stanford</link></death_place><nationality>american</nationality><name>arthur samuel</name></parameters></template><p>arthur samuel<link ns0:type="simple" ns0:href="../968/15968.xml">july</link><link ns0:type="simple" ns0:href="../635/34635.xml" />pioneer field computer gaming artificial intelligence samuel checkersplaying program appears worlds selflearning program early demonstration fundamental concept<link ns0:type="simple" ns0:href="../164/1164.xml">artificial intelligence</link><ref ns0:type="simple" ns0:href="#xpointer(//reflist/entry[@id=%221%22])" /></p><sec><st>biography</st><p>samuel attended<body wordnetid="107965085" confidence="0.8"><university wordnetid="108286163" confidence="0.8"><social_group wordnetid="107950920" confidence="0.8"><educational_institution wordnetid="108276342" confidence="0.8"><group wordnetid="100031264" confidence="0.8"><institution wordnetid="108053576" confidence="0.8"><link ns0:type="simple" ns0:href="../331/880331.xml">college emporia</link></institution></group></educational_institution></social_group></university></body>kansas undergraduate work received masters degree electrical engineering<link ns0:type="simple" ns0:href="../879/18879.xml">mit</link>joined<link ns0:type="simple" ns0:href="../712/3712.xml">bell laboratories</link>labored hardware today call<link ns0:type="simple" ns0:href="../408/50408.xml">computer engineering</link>computers stint<link ns0:type="simple" ns0:href="../695/384695.xml">uiuc</link>samuel<company wordnetid="108058098" confidence="0.9508927676800064"><link ns0:type="simple" ns0:href="../259/18622259.xml">ibm</link></company>conceive carry successful work ibm<link ns0:type="simple" ns0:href="../459/62459.xml">checkers</link>program ibms commercial computer<computer wordnetid="103082979" confidence="0.8"><artifact wordnetid="100021939" confidence="0.8"><instrumentality wordnetid="103575240" confidence="0.8"><device wordnetid="103183080" confidence="0.8"><machine wordnetid="103699975" confidence="0.8"><link ns0:type="simple" ns0:href="../701/192701.xml">ibm</link></machine></device></instrumentality></artifact></computer>program sensational demonstration advances hardware skilled programming caused ibms stock increase points overnight pioneering nonnumerical programming helped shaped instruction set processors work computers projects computation samuel professor<link>stanford</link>worked remainder life died complications<link ns0:type="simple" ns0:href="../185/6302185.xml">parkinsons disease</link></p></sec><sec><st>computer checkers draughts development</st><p>samuel community groundbreaking work<link ns0:type="simple" ns0:href="../459/62459.xml#xpointer(//*[./st=%22Computer_draughts%22])">computer checkers</link>thought teaching computers play games fruitful developing tactics appropriate general problems chose checkers simple depth strategy main driver machine search tree board positions reachable current limited amount memory samuel implemented called<link ns0:type="simple" ns0:href="../501/159501.xml">alphabeta pruning</link>searching path games conclusion samuel developed scoring function based position board time function measure chance winning side position account things number pieces side number kings proximity pieces kinged program chose move based<link ns0:type="simple" ns0:href="../589/19589.xml">minimax</link>strategy meaning move optimized function assuming opponent optimize function point view<ref ns0:type="simple" ns0:href="#xpointer(//reflist/entry[@id=%222%22])" /></p><p>samuel designed mechanisms program better called<link ns0:type="simple" ns0:href="../914/217914.xml">rote learning</link>program remembered position terminal reward function technique effectively extended search depth positions samuels programs reevaluated reward function based inputted professional games play thousands games learning work samuels program reached respectable amateur status play board game high level continued work checkers mids point program easily beaten best time method learning games continued continued work checkers completely solved computer explored relevant positions games chess</p></sec><sec><st>external links</st><p><list><entry level="1" type="bullet"><weblink ns0:type="simple" ns0:href="http://infolab.stanford.edu/pub/voy/museum/samuel.html">stanford obituary</weblink></entry><entry level="1" type="bullet"><weblink ns0:type="simple" ns0:href="http://www.cs.ualberta.ca/~sutton/book/11/node3.html">biography</weblink></entry><entry level="1" type="bullet"><weblink ns0:type="simple" ns0:href="http://www.cs.ualberta.ca/~chinook/">chinook information</weblink></entry></list></p></sec><sec><st>references</st><p><reflist><entry id="1"><weblink ns0:type="simple" ns0:href="http://www.google.com/search?q=cache:fBmy-cdHMDkJ:histsoc.stanford.edu/pdfmem/SamuelA.pdf+Arthur+Samuel+emporia hl=en ct=clnk cd=1 gl=us client=firefox-a">memorial resolution</weblink>retrieved<link /></entry><entry id="2"><cite style="font-style:normal">arthur samuel<weblink ns0:type="simple" ns0:href="http://www.research.ibm.com/journal/rd/033/ibmrd0303B.pdf">studies machine learning game checkers</weblink>pdf ibm journal retrieved<link /></cite></entry></reflist></p></sec></bdy></research_worker></scientist></article>