<article xmlns:ns0="http://www.w3.org/1999/xlink"><header><title>semiempirical mass formula</title><id /><revision><id /><timestamp /><contributor><username>longhair</username><id /></contributor></revision><categories><category>articles lacking intext citations</category><category>nuclear physics</category><category>mass</category></categories></header><bdy><p><table class="metadata plainlinks ambox "><row><col>amboxstyle style</col></row><row><col class="mbox-image"><p><image width="50px" src="Text_document_with_red_question_mark.svg" /></p></col><col style="" class="mbox-text">article includes sources remain unclear lacks article introducing precise citations</col></row></table><link ns0:type="simple" ns0:href="../285/21285.xml">nuclear physics</link>semiempirical mass formula semf called weizsckers formula formula approximate<link ns0:type="simple" ns0:href="../048/19048.xml">mass</link>properties<link ns0:type="simple" ns0:href="../411/54411.xml">atomic nucleus</link>suggests partially based<link ns0:type="simple" ns0:href="../746/30746.xml">theory</link>partly<link ns0:type="simple" ns0:href="../139/307139.xml">empirical</link>measurements theory based liquid drop model account terms formula rough estimates values coefficients formulated<country wordnetid="108544813" confidence="0.9508927676800064"><link ns0:type="simple" ns0:href="../867/11867.xml">german</link></country><link ns0:type="simple" ns0:href="../269/23269.xml">physicist</link><link>carl von weizscker</link>refinements coefficients years form formula remains today</p><p>formula confused<link ns0:type="simple" ns0:href="../520/1876520.xml">mass formula</link>weizsckers student<scientist wordnetid="110560637" confidence="0.9508927676800064"><link ns0:type="simple" ns0:href="../821/1157821.xml">burkhard heim</link></scientist></p><p>formula good approximation atomic masses effects explain appearance<link ns0:type="simple" ns0:href="../633/546633.xml">magic numbers</link></p><sec><st>liquid drop model analysis</st><p>liquid drop model model<link ns0:type="simple" ns0:href="../285/21285.xml">nuclear physics</link>treats<link ns0:type="simple" ns0:href="../411/54411.xml">nucleus</link>drop incompressible nuclear fluid proposed<scientist wordnetid="110560637" confidence="0.9508927676800064"><link ns0:type="simple" ns0:href="../641/74641.xml">george gamow</link></scientist>developed<person wordnetid="100007846" confidence="0.9508927676800064"><scientist wordnetid="110560637" confidence="0.9508927676800064"><link ns0:type="simple" ns0:href="../210/21210.xml">niels bohr</link></scientist></person><person wordnetid="100007846" confidence="0.9508927676800064"><scientist wordnetid="110560637" confidence="0.9508927676800064"><link ns0:type="simple" ns0:href="../127/327127.xml">john archibald wheeler</link></scientist></person>fluid<link ns0:type="simple" ns0:href="../961/21961.xml">nucleon</link><link ns0:type="simple" ns0:href="../317/23317.xml">proton</link><link ns0:type="simple" ns0:href="../272/21272.xml">neutron</link>held<link ns0:type="simple" ns0:href="../984/27984.xml">strong nuclear force</link></p><p>crude model explain properties nuclei explain spherical shape nuclei helps predict binding energy nucleus</p><p>mathematical analysis theory delivers equation attempts predict binding energy nucleus terms numbers<link ns0:type="simple" ns0:href="../317/23317.xml">proton</link><link ns0:type="simple" ns0:href="../272/21272.xml">neutron</link>equation terms hand side correspond cohesive binding<link ns0:type="simple" ns0:href="../961/21961.xml">nucleon</link><link ns0:type="simple" ns0:href="../984/27984.xml">strong nuclear force</link><link ns0:type="simple" ns0:href="../328/368328.xml">electrostatic</link>mutual repulsion protons<link ns0:type="simple" ns0:href="../302/113302.xml">surface energy</link>term asymmetry term derivable protons neutrons occupying independent<link ns0:type="simple" ns0:href="../649/19595649.xml">quantum</link><link ns0:type="simple" ns0:href="../431/20431.xml">momentum</link>pairing term partly derivable protons neutrons occupying independent<link ns0:type="simple" ns0:href="../649/19595649.xml">quantum</link><link ns0:type="simple" ns0:href="../829/19593829.xml">spin</link></p><p>consider sum types energies picture nucleus drop incompressible liquid roughly accounts observed variation binding energy nucleus</p><p>volume energy assembly nucleons size packed smallest volume interior nucleon number nucleons contact nuclear energy proportional volume</p><p>surface energy nucleon surface nucleus interacts fewer nucleons interior nucleus binding energy surface energy term takes account negative proportional surface area</p><p><idea wordnetid="105833840" confidence="0.8"><concept wordnetid="105835747" confidence="0.8"><link ns0:type="simple" ns0:href="../060/179060.xml">coulomb</link></concept></idea>energy electric repulsion pair protons nucleus contributes decreasing binding energy</p><p>asymmetry energy called<person wordnetid="100007846" confidence="0.9508927676800064"><scientist wordnetid="110560637" confidence="0.9508927676800064"><link ns0:type="simple" ns0:href="../972/33972.xml">pauli</link></scientist></person>energy energy associated<idea wordnetid="105833840" confidence="0.8"><concept wordnetid="105835747" confidence="0.8"><link ns0:type="simple" ns0:href="../669/24669.xml">pauli exclusion principle</link></concept></idea>wasnt coulomb energy stable form nuclear matter unequal values imply filling higher energy levels type particle leaving lower energy levels vacant type</p><p>pairing energy energy correction term arises tendency proton pairs neutron pairs occur number particles stable odd number</p></sec><sec><st>formula</st><p>formulae total number<link ns0:type="simple" ns0:href="../961/21961.xml">nucleon</link>number<link ns0:type="simple" ns0:href="../317/23317.xml">proton</link>number<link ns0:type="simple" ns0:href="../272/21272.xml">neutron</link></p><p>mass atomic nucleus<indent level="1"><math /></indent><math /><math />rest mass proton neutron<math /><link ns0:type="simple" ns0:href="../769/125769.xml">binding energy</link>nucleus semiempirical mass formula binding energy will form<indent level="1"><math>fraczza fraca deltaaz</math></indent>terms formula theoretical basis will explained</p></sec><sec><st>terms</st><ss1><st>volume term</st><p>term<math />volume term volume nucleus proportional term proportional volume</p><p>basis term<link ns0:type="simple" ns0:href="../984/27984.xml">strong nuclear force</link>strong force protons neutrons expected term independent number pairs particles<math>fracaa</math>expect term proportional<math />strong force limited range nucleon interact nearest neighbors nearest neighbors number pairs particles interact roughly proportional volume term form</p><p>coefficient<math />smaller binding energy nucleons neighbours<math />order<link ns0:type="simple" ns0:href="../598/9598.xml">mev</link>bigger number<link ns0:type="simple" ns0:href="../961/21961.xml">nucleon</link>nucleus larger kinetic energy paulis<link ns0:type="simple" ns0:href="../828/5424828.xml">exclusion principle</link>treats nucleus<link ns0:type="simple" ns0:href="../165/170165.xml">fermi ball</link><math /><link ns0:type="simple" ns0:href="../961/21961.xml">nucleon</link>equal numbers protons neutrons total kinetic energy<math /><math /><link ns0:type="simple" ns0:href="../165/170165.xml">fermi energy</link><link ns0:type="simple" ns0:href="../165/170165.xml#xpointer(//*[./st=%22Nucleus%22])">estimated</link><link ns0:type="simple" ns0:href="../598/9598.xml">mev</link>expected<math />model<math>sim mathrmmev</math>measured</p></ss1><ss1><st>surface term</st><p>term<math />surface term term based strong force correction volume term</p><p>volume term suggests nucleon interacts constant number nucleons independent true nucleons deep nucleus nucleons surface nucleus fewer nearest neighbors justifying correction thought<link ns0:type="simple" ns0:href="../302/113302.xml">surface tension</link>term mechanism creates<link ns0:type="simple" ns0:href="../302/113302.xml">surface tension</link>liquids</p><p>volume nucleus proportional radius proportional<math />surface area<math />explains surface term proportional<math />deduced<math />order magnitude<math /></p></ss1><ss1><st>coulomb term</st><p>term<math>fraczza</math>coulomb electrostatic term</p><p>basis term<link ns0:type="simple" ns0:href="../809/9809.xml">electrostatic repulsion</link>protons rough approximation nucleus considered sphere uniform<link ns0:type="simple" ns0:href="../804/9804.xml">charge</link>density<link ns0:type="simple" ns0:href="../703/23703.xml">potential energy</link>charge distribution<indent level="1"><math>frac frac fracqr</math></indent>total charge radius sphere identifying<math />noting radius proportional<math />close form coulomb term electrostatic repulsion will exist proton<math /><math /></p><p><math />calculated equation<link ns0:type="simple" ns0:href="../615/24615.xml">natural units</link><indent level="1"><math>frac</math></indent><math>alpha</math><link ns0:type="simple" ns0:href="../295/49295.xml">fine structure constant</link><math />radius nucleus<math /><link>femtometer</link><math />approximate theoretical<link ns0:type="simple" ns0:href="../598/9598.xml">mev</link>measured</p></ss1><ss1><st>asymmetry term</st><p><image location="right" width="150px" src="Semf_asymmetric_term.PNG"><caption>illustration basis asymmetric term</caption></image></p><p>term<math>fraca</math>asymmetry term theoretical justification term complex note<math />parenthesized expression rewritten<math />form<math />dependence explicit will number formula</p><p><idea wordnetid="105833840" confidence="0.8"><concept wordnetid="105835747" confidence="0.8"><link ns0:type="simple" ns0:href="../669/24669.xml">pauli exclusion principle</link></concept></idea><link ns0:type="simple" ns0:href="../529/11529.xml">fermion</link>occupy exactly<link ns0:type="simple" ns0:href="../638/279638.xml">quantum</link>energy level finitely quantum particles nucleus particles particles occupy higher energy levels increasing total energy nucleus decreasing binding energy note based fundamental forces<link ns0:type="simple" ns0:href="../579/38579.xml">gravitational</link>electromagnetic pauli exclusion principle</p><p>protons neutrons distinct types particles occupy<link ns0:type="simple" ns0:href="../638/279638.xml">quantum</link>pools protons neutrons example neutrons protons nucleus neutrons will higher energy proton pool move particles neutron pool proton pool change neutrons protons decrease energy imbalance number protons neutrons energy higher number nucleons basis asymmetry term</p><p>actual form asymmetry term derived modelling nucleus fermi ball protons neutrons total kinetic energy<indent level="1"><math /></indent><math /><math />numbers protons neutrons<math /><math /><link ns0:type="simple" ns0:href="../165/170165.xml">fermi energies</link>proportional<math /><math /><indent level="1"><math />constant</indent>leading expansion difference<math /><indent level="1"><math>cover</math></indent>zeroth order expansion kinetic energy<link ns0:type="simple" ns0:href="../165/170165.xml#xpointer(//*[./st=%22Nucleus%22])">fermi energy</link><math />multiplied<math /><indent level="1"><math>oaz</math></indent>term contributes volume term semiempirical mass formula second term minus asymmetry term remember kinetic energy contributes total binding energy negative sign</p><p><math /><link ns0:type="simple" ns0:href="../598/9598.xml">mev</link>calculating<math />equation half measured discrepancy explained model accurate nucleons fact interact spread evenly nucleus example<link ns0:type="simple" ns0:href="../609/50609.xml">shell model</link>proton neutron overlapping<link ns0:type="simple" ns0:href="../343/145343.xml">wavefunction</link>will greater<link ns0:type="simple" ns0:href="../984/27984.xml">strong interaction</link>stronger binding energy energetically favourable lower energy protons neutrons quantum numbers<link ns0:type="simple" ns0:href="../218/672218.xml">isospin</link>increase energy cost asymmetry</p><p>understand asymmetry term intuitively dependent absolute difference<math />form<math />simple<link ns0:type="simple" ns0:href="../921/7921.xml">differentiable</link>applications formula addition small differences high energy cost denominator reflects fact difference<math />larger values</p></ss1><ss1><st>pairing term</st><p>term<math>deltaaz</math>pairing term pairwise interaction term captures<idea wordnetid="105833840" confidence="0.8"><concept wordnetid="105835747" confidence="0.8"><link ns0:type="simple" ns0:href="../829/19593829.xml">spin</link></concept></idea>coupling</p><p><indent level="1"><math>deltaaz begincases mbox mbox mbox odd mbox odd mbox evenendcases</math></indent><indent level="1"><math /></indent><idea wordnetid="105833840" confidence="0.8"><concept wordnetid="105835747" confidence="0.8"><link ns0:type="simple" ns0:href="../669/24669.xml">pauli exclusion principle</link></concept></idea>nucleus lower energy number protons spin will equal number protons spin true neutrons protons neutrons equal numbers spin spin particles asymmetry term</p><p>factor<math />easily explained theoretically fermi ball calculation based<link ns0:type="simple" ns0:href="../343/1085343.xml">liquid drop model</link>neglecting interactions will<math />dependence asymmetry term actual large nuclei will larger expected model explained interactions nucleons example<link ns0:type="simple" ns0:href="../609/50609.xml">shell model</link>protons quantum numbers<idea wordnetid="105833840" confidence="0.8"><concept wordnetid="105835747" confidence="0.8"><link ns0:type="simple" ns0:href="../829/19593829.xml">spin</link></concept></idea>will completely overlapping<link ns0:type="simple" ns0:href="../343/145343.xml">wavefunction</link>will greater<link ns0:type="simple" ns0:href="../984/27984.xml">strong interaction</link>stronger binding energy energetically favourable lower energy protons pair pairs opposite spin true neutrons</p></ss1></sec><sec><st>calculating coefficients</st><p>coefficients calculated fitting experimentally measured masses nuclei values vary depending fitted data examples units<link ns0:type="simple" ns0:href="../881/7566881.xml">mega</link><link ns0:type="simple" ns0:href="../598/9598.xml">electronvolt</link>mev</p><p><table class="wikitable sortable"><header>leastsquares fit</header><header>wapstra</header><header>rohlf</header><row><header><math /></header><col /><col /><col /></row><row><header><math /></header><col /><col /><col /></row><row><header><math /></header><col /><col /><col /></row><row><header><math /></header><col /><col /><col /></row><row><header><math /></header><col /><col /><col /></row><row><header><math>delta</math>eveneven</header><col /><col /><col /></row><row><header><math>delta</math>oddodd</header><col /><col /><col /></row><row><header><math>delta</math>evenodd</header><col /><col /><col /></row></table></p><p><list><entry level="1" type="bullet">wapstra atomic masses nuclides wapstra springer</entry><entry level="1" type="bullet">rohlf modern physics james william rohlf wiley</entry></list></p><p>semiempirical mass formula good fit heavier nuclei poor fit light nuclei<link ns0:type="simple" ns0:href="../256/13256.xml" />formula consider internal<link ns0:type="simple" ns0:href="../609/50609.xml">shell structure</link>nucleus light nuclei better model takes structure account</p></sec><sec><st>examples consequences formula</st><p>maximizing baz respect find number protons stable nucleus atomic weight<indent level="1"><math /></indent>roughly light nuclei heavy nuclei better agreement<link ns0:type="simple" ns0:href="../053/23053.xml">nature</link></p><p>substituting obtains binding energy function atomic weight maximizing baa respect nucleus bound stable<link ns0:type="simple" ns0:href="../293/125293.xml">copper</link>close<link ns0:type="simple" ns0:href="../734/14734.xml#xpointer(//*[./st=%22Isotopes%22])">measured values</link><link ns0:type="simple" ns0:href="../274/21274.xml">nickel</link><link ns0:type="simple" ns0:href="../734/14734.xml">iron</link></p></sec><sec><st /><p><list><entry level="1" type="bullet"><link ns0:type="simple" ns0:href="../642/8752642.xml">nuclear structure</link></entry><entry level="1" type="bullet"><link ns0:type="simple" ns0:href="../604/50604.xml">interacting boson model</link></entry><entry level="1" type="bullet"><link ns0:type="simple" ns0:href="../609/50609.xml">shell model</link></entry></list></p></sec><sec><st>references</st><p><list><entry level="1" type="number">rfreedman hyoung university physics modern physics international edition sears zemansky isbn</entry><entry level="1" type="number">seliverhant elementary introduction nuclear reactor physics john wiley sons</entry><entry level="1" type="number"><weblink ns0:type="simple" ns0:href="http://book.nc.chalmers.se/">radiochemistry nuclear chemistry</weblink>gregory choppin janolov liljenzin jan rydberg edition<weblink ns0:type="simple" ns0:href="http://book.nc.chalmers.se/KAPITEL/CH03NY3.PDF">chapter nuclear stability</weblink><link ns0:type="simple" ns0:href="../077/24077.xml">pdf</link></entry></list></p></sec><sec><st>external links</st><p><list><entry level="1" type="bullet"><weblink ns0:type="simple" ns0:href="http://hyperphysics.phy-astr.gsu.edu/hbase/nuclear/liqdrop.html">nuclear liquid drop model</weblink></entry><entry level="1" type="bullet"><weblink ns0:type="simple" ns0:href="http://www.phy.uct.ac.za/courses/phy300w/np/ch1/node22.html">semiempirical mass formula</weblink></entry><entry level="1" type="bullet"><weblink ns0:type="simple" ns0:href="http://hyperphysics.phy-astr.gsu.edu/hbase/nuclear/liqdrop.html">liquid drop model</weblink><weblink ns0:type="simple" ns0:href="http://hyperphysics.phy-astr.gsu.edu/HBASE/hframe.html">hyperphysics</weblink>online reference<university wordnetid="108286163" confidence="0.9508927676800064"><link ns0:type="simple" ns0:href="../118/503118.xml">georgia university</link></university></entry><entry level="1" type="bullet"><weblink ns0:type="simple" ns0:href="http://www.phys.jyu.fi/research/gamma/publications/akthesis/node4.html">liquid drop model parameter fit</weblink>observations excited neutron deficient nuclei alex keenan phd thesis<university wordnetid="108286163" confidence="0.9508927676800064"><link ns0:type="simple" ns0:href="../512/156512.xml">university liverpool</link></university><weblink ns0:type="simple" ns0:href="http://www.phys.jyu.fi/research/gamma/publications/akthesis/thesis.html">html version</weblink></entry></list></p></sec></bdy></article>