<article xmlns:ns0="http://www.w3.org/1999/xlink"><entity confidence="0.9511911446218017" wordnetid="100001740"><actor confidence="0.9508927676800064" wordnetid="109765278"><dancer confidence="0.9511911446218017" wordnetid="109989502"><header><title>paul mercurio</title><id /><revision><id /><timestamp /><contributor><username>cmdrobot</username><id /></contributor></revision><categories><category>births</category><category>living people</category><category>australian dancers</category><category>people swan hill</category><category>australian television actors</category><category>australian film actors</category><category>australians italian descent</category></categories></header><bdy><template><name>infobox actor</name><parameters><image width="150px" src="Replace_this_image_male.svg"><caption>replace image malesvg</caption></image><website>httpwwwpaulmercuriocom</website><location><link ns0:type="simple" ns0:href="../582/3169582.xml">swan hill</link><body wordnetid="107965085" confidence="0.8"><social_group wordnetid="107950920" confidence="0.8"><colony wordnetid="108374049" confidence="0.8"><group wordnetid="100031264" confidence="0.8"><link ns0:type="simple" ns0:href="../460/4689460.xml">victoria</link></group></colony></social_group></body></location><spouse>andrea mercurio</spouse><name>paul joseph mercurio</name><birthdate>march age</birthdate><imagesize /></parameters></template>comedian<physical_entity wordnetid="100001930" confidence="0.8"><comedian wordnetid="109940146" confidence="0.8"><person wordnetid="100007846" confidence="0.8"><performer wordnetid="110415638" confidence="0.8"><causal_agent wordnetid="100007347" confidence="0.8"><entertainer wordnetid="109616922" confidence="0.8"><link ns0:type="simple" ns0:href="../083/6062083.xml">paul mecurio</link></entertainer></causal_agent></performer></person></comedian></physical_entity><p>paul joseph mercurio born<link ns0:type="simple" ns0:href="../587/20587.xml">march</link><link ns0:type="simple" ns0:href="../648/34648.xml" /><country wordnetid="108544813" confidence="0.9508927676800064"><link ns0:type="simple" ns0:href="../264/4689264.xml">australia</link></country>actor dancer star<actor wordnetid="109765278" confidence="0.9508927676800064"><link ns0:type="simple" ns0:href="../171/152171.xml">baz luhrmann</link></actor><movie wordnetid="106613686" confidence="0.9508927676800064"><link ns0:type="simple" ns0:href="../202/542202.xml">strictly ballroom</link></movie>father character actor<actor wordnetid="109765278" confidence="0.9173553029164789"><link ns0:type="simple" ns0:href="../278/2779278.xml">gus mercurio</link></actor></p><p>mercurio judges australian version popular television<link ns0:type="simple" ns0:href="../813/3728813.xml">dancing stars</link>broadcast australia<channel wordnetid="106259898" confidence="0.9508927676800064"><link ns0:type="simple" ns0:href="../657/494657.xml">channel</link></channel>judge zealands edition sacked judge version dancing stars</p><p>mercurio best remembered lead role rebel scott hastings baz luhrmanns movie<movie wordnetid="106613686" confidence="0.9508927676800064"><link ns0:type="simple" ns0:href="../202/542202.xml">strictly ballroom</link></movie>accomplished dramatic actor appearing popular australian blue heelers saints murder call medivac heartbreak high water rats day roses</p><sec><st>biography</st><p>born<site wordnetid="108651247" confidence="0.9508927676800064"><link ns0:type="simple" ns0:href="../582/3169582.xml">swan hill victoria</link></site>mercurio began ballet age principal dancer<company wordnetid="108058098" confidence="0.8"><institution wordnetid="108053576" confidence="0.8"><link ns0:type="simple" ns0:href="../613/477613.xml">sydney dance company</link></institution></company>position held ten years time commissioned choreograph works performed company</p><p>mercurio left sydney dance company<company wordnetid="108058098" confidence="0.8"><institution wordnetid="108053576" confidence="0.8"><link ns0:type="simple" ns0:href="../308/16454308.xml">australian choreographic ensemble</link></institution></company>danced director principal dancer principal choreographer</p><p>mercurio film debut<movie wordnetid="106613686" confidence="0.9508927676800064"><link ns0:type="simple" ns0:href="../202/542202.xml">strictly ballroom</link></movie>receiving<body wordnetid="107965085" confidence="0.8"><social_group wordnetid="107950920" confidence="0.8"><group wordnetid="100031264" confidence="0.8"><administration wordnetid="108164585" confidence="0.8"><link ns0:type="simple" ns0:href="../462/380462.xml">australian film institute</link></administration></group></social_group></body>award nomination film credits included<movie wordnetid="106613686" confidence="0.9508927676800064"><link ns0:type="simple" ns0:href="../956/6084956.xml">exit eden</link></movie><link /><link ns0:type="simple" ns0:href="../099/2099099.xml">cosi</link><movie wordnetid="106613686" confidence="0.9508927676800064"><link ns0:type="simple" ns0:href="../030/7469030.xml">red ribbon blues</link></movie><movie wordnetid="106613686" confidence="0.9508927676800064"><link ns0:type="simple" ns0:href="../745/2251745.xml">woop woop</link></movie><link>dark planet</link><link>weeks</link><link ns0:type="simple" ns0:href="../831/16831.xml">kick</link>starred wrote choreographed produced directed short film spilt milk mercurio debut documentary life called lifes burning desire starred lead role joseph emmy awardwinning miniseries</p><p>today mercurio continues dance choreograph professionally movement consultant<rapper wordnetid="110507482" confidence="0.9173553029164789"><manufacturer wordnetid="110292316" confidence="0.9173553029164789"><film_maker wordnetid="110088390" confidence="0.9173553029164789"><actor wordnetid="109765278" confidence="0.9173553029164789"><artist wordnetid="109812338" confidence="0.9508927676800064"><link ns0:type="simple" ns0:href="../698/154698.xml">will smith</link></artist></actor></film_maker></manufacturer></rapper>movie<album wordnetid="106591815" confidence="0.9508927676800064"><movie wordnetid="106613686" confidence="0.9508927676800064"><link ns0:type="simple" ns0:href="../947/564947.xml">robot</link></movie></album>choreographed usa campaign<link ns0:type="simple" ns0:href="../690/6690.xml">coca cola</link>harry miller production<musical wordnetid="107019172" confidence="0.9508927676800064"><link ns0:type="simple" ns0:href="../554/59554.xml">jesus christ superstar</link></musical><musical wordnetid="107019172" confidence="0.9508927676800064"><link ns0:type="simple" ns0:href="../348/286348.xml">annie gun</link></musical></p><p>january appeared stage<movie wordnetid="106613686" confidence="0.9508927676800064"><link ns0:type="simple" ns0:href="../453/142453.xml">full monty</link></movie>mercurio judge australian zealand versions<series wordnetid="108457976" confidence="0.9508927676800064"><link ns0:type="simple" ns0:href="../887/5045887.xml">dancing stars</link></series>announced august dropped judgeing panel</p><p>paul began hosting series called mercurios menu travels australia cooking locations</p><p>mercurio teaches full time students dance studios melbourne australia</p></sec><sec><st>external links</st><p><list><entry level="1" type="bullet"><weblink ns0:type="simple" ns0:href="http://www.imdb.com/name/nm0580527/">paul mercurio</weblink><web_site wordnetid="106359193" confidence="0.9508927676800064"><link ns0:type="simple" ns0:href="../554/2855554.xml">internet movie database</link></web_site></entry><entry level="1" type="bullet"><weblink ns0:type="simple" ns0:href="http://www.australiadancing.org/subjects/43.html">paul mercurio biography</weblink>australiadancing</entry><entry level="1" type="bullet"><weblink ns0:type="simple" ns0:href="http://www.mercuriosmenu.com/">mercurios menu</weblink>mercurios menu</entry></list></p><p>newscomau paul mercurio dancing ian dickinsons idol fears</p></sec></bdy></dancer></actor></entity></article>