<article xmlns:ns0="http://www.w3.org/1999/xlink"><physical_entity confidence="0.8" wordnetid="100001930"><communicator confidence="0.8" wordnetid="109610660"><person confidence="0.8" wordnetid="100007846"><causal_agent confidence="0.8" wordnetid="100007347"><academician confidence="0.8" wordnetid="109759069"><scientist confidence="0.8" wordnetid="110560637"><adult confidence="0.8" wordnetid="109605289"><writer confidence="0.8" wordnetid="110794014"><inventor confidence="0.8" wordnetid="110214637"><professional confidence="0.8" wordnetid="110480253"><educator confidence="0.8" wordnetid="110045713"><creator confidence="0.8" wordnetid="109614315"><header><title>christoph meinel</title><id /><revision><id /><timestamp /><contributor><username>smackbot</username><id /></contributor></revision><categories><category>german inventors</category><category>living people</category><category>german computer scientists</category><category>german academics</category><category>german writers</category></categories></header><bdy>univprof nat christoph meinel born<link ns0:type="simple" ns0:href="../862/1862.xml">april</link><link ns0:type="simple" ns0:href="../982/34982.xml" /><location wordnetid="100027167" confidence="0.9508927676800064"><link ns0:type="simple" ns0:href="../674/40674.xml">meien</link></location>germany german scientist university professor computerscience president ceo<link ns0:type="simple" ns0:href="../936/10919936.xml">hasso plattner institute</link>hpi systems engineering<university wordnetid="108286163" confidence="0.9508927676800064"><link ns0:type="simple" ns0:href="../448/4039448.xml">university potsdam</link></university>germany ranked top departments computer sciences germany<p>meinel studied mathematics computer sciences<link ns0:type="simple" ns0:href="../234/308234.xml">humboldtuniversity</link>berlin received phd degree defensed doctorate habilitation institute mathematics academy sciences berlin visiting positions universities saarbrcken paderborn appointed full professor computer science<university wordnetid="108286163" confidence="0.9508927676800064"><link ns0:type="simple" ns0:href="../696/541696.xml">university trier</link></university>germany time activities concentrated<link ns0:type="simple" ns0:href="../132/6132.xml">complexity theory</link>efficient<link ns0:type="simple" ns0:href="../519/8519.xml">data structures</link>esp<link ns0:type="simple" ns0:href="../855/576855.xml">binary decision diagrams</link>bdds chip design midnineteeth extended focus internet webtechnologies startet applied development itsecurity teleteaching time founded institut telematik supervised fraunhofer society applied invented technologies<link ns0:type="simple" ns0:href="../839/10961839.xml">lockkeeper</link><link ns0:type="simple" ns0:href="../690/10916690.xml">teletask</link>appointed scientific director hpi continued work fields lockkeeper licensed<company wordnetid="108058098" confidence="0.9508927676800064"><link ns0:type="simple" ns0:href="../632/168632.xml">siemens</link></company>teletask regularly recording internetbroadcasting lectures hpi universities professorship potsdam visiting professor university luxembourg school computer science technical university beijing china</p><p>meinel author coauthor text books monographs conference proceedings published scientific papers wellknown international scientific journals conferences actual interests activities focus applied engineering internet technology systems fields trust<link ns0:type="simple" ns0:href="../730/28730.xml">security engineering</link>teleteaching elearning<work wordnetid="100575741" confidence="0.8"><event wordnetid="100029378" confidence="0.8"><service wordnetid="100577525" confidence="0.8"><act wordnetid="100030358" confidence="0.8"><psychological_feature wordnetid="100023100" confidence="0.8"><activity wordnetid="100407535" confidence="0.8"><link ns0:type="simple" ns0:href="../123/29123.xml">semantic web</link></activity></psychological_feature></act></service></event></work>secure<work wordnetid="100575741" confidence="0.8"><event wordnetid="100029378" confidence="0.8"><service wordnetid="100577525" confidence="0.8"><act wordnetid="100030358" confidence="0.8"><psychological_feature wordnetid="100023100" confidence="0.8"><activity wordnetid="100407535" confidence="0.8"><link ns0:type="simple" ns0:href="../446/774446.xml">telemedicine</link></activity></psychological_feature></act></service></event></work>highsecurity solution lockkeeper international patented licensed<company wordnetid="108058098" confidence="0.9508927676800064"><link ns0:type="simple" ns0:href="../632/168632.xml">siemens</link></company>initiated foundation scientific electronic journal eccc electronic colloquium computational complexity chief editor eccc well itgipfelblog actively ongoing blog ict germany meinel member scientific board ibfi schlo<institute wordnetid="108407330" confidence="0.8"><social_group wordnetid="107950920" confidence="0.8"><association wordnetid="108049401" confidence="0.8"><meeting wordnetid="108307589" confidence="0.8"><gathering wordnetid="107975026" confidence="0.8"><group wordnetid="100031264" confidence="0.8"><conference wordnetid="108308497" confidence="0.8"><link ns0:type="simple" ns0:href="../386/1367386.xml">dagstuhl</link></conference></group></gathering></meeting></association></social_group></institute>speaker special interest group complexity german computer science society gesellschaft informatik member international scientific boards program committees organised symposia conferences chairman german<message wordnetid="106598915" confidence="0.8"><protocol wordnetid="106665108" confidence="0.8"><direction wordnetid="106786629" confidence="0.8"><rule wordnetid="106652242" confidence="0.8"><link ns0:type="simple" ns0:href="../318/15318.xml">ipv</link></rule></direction></protocol></message>council</p><sec><st>external links</st><p><list><entry level="1" type="bullet"><weblink ns0:type="simple" ns0:href="http://www.hpi-web.de">hassoplattnerinstitut potsdam germany</weblink></entry><entry level="1" type="bullet"><weblink ns0:type="simple" ns0:href="http://www.hpi-web.de/meinel/">personal homepage</weblink></entry><entry level="1" type="bullet"><weblink ns0:type="simple" ns0:href="http://www.informatik.uni-trier.de/~ley/db/indices/a-tree/m/Meinel:Christoph.html">list publications dblpserver</weblink></entry><entry level="1" type="bullet"><weblink ns0:type="simple" ns0:href="http://www.tele-task.de">archive teletask lectures</weblink></entry><entry level="1" type="bullet"><weblink ns0:type="simple" ns0:href="http://www.hpi-web.de/meinel/projects/lockkeeper.html">highsecurity network solution lockkeeper</weblink></entry><entry level="1" type="bullet"><weblink ns0:type="simple" ns0:href="http://eccc.hpi-web.de">eccc electronic colloqium computational complexity</weblink></entry><entry level="1" type="bullet"><weblink ns0:type="simple" ns0:href="http://www.it-gipfelblog.de">blog ict germany</weblink></entry><entry level="1" type="bullet"><weblink ns0:type="simple" ns0:href="http://ipv6council.de">german ipv council</weblink></entry></list></p></sec></bdy></creator></educator></professional></inventor></writer></adult></scientist></academician></causal_agent></person></communicator></physical_entity></article>