<article xmlns:ns0="http://www.w3.org/1999/xlink"><person confidence="0.9638700866880419" wordnetid="100007846"><therapy confidence="0.9511911446218017" wordnetid="100661091"><header><title>catherine kousmine</title><id /><revision><id /><timestamp /><contributor><username>tenofalltrades</username><id /></contributor></revision><categories><category>biologically based therapies</category><category>orphaned articles september</category><category>orthomolecular medicine</category><category>deaths</category><category>births</category><category>orphaned articles</category></categories></header><bdy><p><table class="metadata plainlinks ambox "><row><col>amboxstyle style</col></row><row><col class="mbox-image"><p><image width="44px" src="Wiki_letter_w.svg" /></p></col><col style="" class="mbox-text">article articles<weblink ns0:type="simple" ns0:href="http://localhost:18088/wiki/index.php?title=Special:Whatlinkshere target=Catherine_Kousmine namespace=0">link</weblink>help articles<weblink ns0:type="simple" ns0:href="http://www.google.com/search?hl=en as_qdr=all q=+site%3Aen.wikipedia.org+%22Catherine+Kousmine%22">topics</weblink>september</col></row></table></p><p>catherine kousmine<link ns0:type="simple" ns0:href="../993/27993.xml">september</link><link ns0:type="simple" ns0:href="../651/34651.xml" />hvalynsky russia<link ns0:type="simple" ns0:href="../629/1629.xml">august</link><link ns0:type="simple" ns0:href="../669/34669.xml" /><town wordnetid="108665504" confidence="0.9508927676800064"><link ns0:type="simple" ns0:href="../078/582078.xml">lutry</link></town>switzerland scientist devoted entire life showing good health depends healthy diet outstanding physician russian origin pioneer nutritionally based medicine kousmine focused diseases<link ns0:type="simple" ns0:href="../219/105219.xml">cancer</link><link ns0:type="simple" ns0:href="../603/50603.xml">multiple sclerosis</link><link ns0:type="simple" ns0:href="../875/25875.xml">rheumatoid arthritis</link><link ns0:type="simple" ns0:href="../842/93842.xml">autoimmune</link>diseases</p><sec><st>life</st><p>born welltodo family russia catherine kousmine parents fled country russian revolution settled switzerland shores lake geneva young catherine ecole suprieure lausanne graduated sciences medical school graduation mention moved zurich professor<link ns0:type="simple" ns0:href="../455/2593455.xml">guido fanconi</link>unit specialize<link ns0:type="simple" ns0:href="../593/23593.xml">pediatrics</link>worked vienna austria degree pediatrics</p><p>switzerland resume work general practitioner degree pediatrics recognized swiss authorities catherine kousmine spent life switzerland set foundation<town wordnetid="108665504" confidence="0.9508927676800064"><link ns0:type="simple" ns0:href="../078/582078.xml">lutry</link></town>switzerland promote methods fondation catherine kousmine foundation sister foundations france germany italy kousmine medical center<town wordnetid="108665504" confidence="0.9508927676800064"><link ns0:type="simple" ns0:href="../880/455880.xml">vevey</link></town>switzerland</p></sec><sec><st /><p>decided conduct cancer death children care working general practitioner seventeen years working makeshift laboratory kitchen studied special breed mice develop mammalian cancer months age discovered striking correlation<link ns0:type="simple" ns0:href="../671/1581671.xml">healthy diet</link><link ns0:type="simple" ns0:href="../094/5827094.xml">remission</link>cancer convinced cure diseases labeled incurable involves return healthy feeding habit nutrients organism function properly consequently focused attention healthy diet treated success cancer patients suffering<link>reticulosarcoma</link>healthy diet</p></sec><sec><st>work cold pressed virgin oils</st><p>catherine kousmine interest<link ns0:type="simple" ns0:href="../331/192331.xml">vegetable oils</link>quality greatly altered<military_action wordnetid="100952963" confidence="0.8"><group_action wordnetid="101080366" confidence="0.8"><event wordnetid="100029378" confidence="0.8"><conflict wordnetid="100958896" confidence="0.8"><act wordnetid="100030358" confidence="0.8"><psychological_feature wordnetid="100023100" confidence="0.8"><war wordnetid="100973077" confidence="0.8"><link ns0:type="simple" ns0:href="../927/32927.xml">war</link></war></psychological_feature></act></conflict></event></group_action></military_action>producers methods oil extraction heat goal produce half quantity oil extraction<link ns0:type="simple" ns0:href="../952/105952.xml">hexane</link>hydrocarbon solvent<link ns0:type="simple" ns0:href="../445/6445.xml">carcinogenic</link>properties allowed production amount oil</p><p>major problem methods compared cold pressed method produces commonly called<link>virgin oil</link>quality poor respect<link ns0:type="simple" ns0:href="../445/9130445.xml">cis</link>molecules transformed infamous<link ns0:type="simple" ns0:href="../534/264534.xml">trans</link>molecules</p><p>kousmine strong opponent<link ns0:type="simple" ns0:href="../960/602960.xml">processed food</link>white sugar refined flour refined oil<link ns0:type="simple" ns0:href="../276/193276.xml">margarine</link>butter harmful body cells providing empty calories called</p><p>work foundation catherine kousmine transfatty acids object studies worldwide studies small doses trans molecules health hazard studies lead countries canada usa france example health recommendations denmark reduced proportion transfatty acids grams grams cooking oil transfatty acids forbidden york netherlands advertising campaign eighties amount transfatty acids margarine today</p></sec><sec><st>theory cancer</st><p>novel approach understand<link ns0:type="simple" ns0:href="../214/31214.xml">tumor</link>form invade healthy cells destroy tumor extensive studies mice conclusion cancer organism ward<link ns0:type="simple" ns0:href="../063/2880063.xml">toxic</link>aggression</p><p>tumor<link ns0:type="simple" ns0:href="../016/11693016.xml">benign</link><link ns0:type="simple" ns0:href="../900/549900.xml">malignant</link>form defense mechanism body tumor freak isolated accident coherent reaction alarm method focuses disengage source cancer useless</p></sec><sec><st>basic treatment</st><p>measures recommend start effective months develop full benefits years kousmine</p><p>kousmine consuming raw virgin vegetable oil cold pressed<link ns0:type="simple" ns0:href="../869/38869.xml">flaxseed</link><link ns0:type="simple" ns0:href="../622/57622.xml">sunflower</link>oil rich<link ns0:type="simple" ns0:href="../594/22594.xml">omega</link><link ns0:type="simple" ns0:href="../218/681218.xml">omega</link>fatty acids vitamin reduce permeability intestinal membrane prevent toxins invading blood overloading kidneys liver preventing formation tumor reducing severity degenerative disease multiple sclerosis rheumatoid arthritis</p><p>proclaimed organic sunflower oil grains prescriptions patients included<physical_entity wordnetid="100001930" confidence="0.8"><person wordnetid="100007846" confidence="0.8"><biochemist wordnetid="109854915" confidence="0.8"><causal_agent wordnetid="100007347" confidence="0.8"><scientist wordnetid="110560637" confidence="0.8"><chemist wordnetid="109913824" confidence="0.8"><link ns0:type="simple" ns0:href="../853/1813853.xml">johanna budwig</link></chemist></scientist></causal_agent></biochemist></person></physical_entity><link>crme budwig</link><link>budwig cream</link>mixture freshly ground cereals flax sunflower seeds fruit cold pressed sunflower flaxseed oil cottage cheese<link>essentials vitamins</link><link>alkalizing minerals</link>restore<link>immunologic</link>balance ill patients suffering acidic blood chamomile enemas clean intestines instillation organic sunflower oil cases rheumatoid arthritis<link ns0:type="simple" ns0:href="../653/32653.xml">vaccines</link></p><p>patient ill better prepare surgery weeks months described measures observe tumor stops growing shrinks size general patient improves dramatically result delayed surgery radiotherapy excellent</p><p>hand diet approach generally easy pleasant follow ensure daily<link ns0:type="simple" ns0:href="../020/147020.xml">hygiene</link><link ns0:type="simple" ns0:href="../525/21525.xml">nutrition</link>healthy person hand patient sever<link ns0:type="simple" ns0:href="../791/48791.xml">pathology</link>doctors patients agree<link ns0:type="simple" ns0:href="../042/197042.xml">treatment</link>requires tremendous personal investment lifetime strict<link ns0:type="simple" ns0:href="../487/267487.xml">discipline</link></p></sec><sec><st>criticism</st><p>treatment recommend beneficial complement current medical treatments</p><p>kousmine stated times eating<link>budwig cream</link>vitamin pills werent<link ns0:type="simple" ns0:href="../066/683066.xml">magic bullet</link>cure disease cancer contrary critics insisted method<link ns0:type="simple" ns0:href="../139/74139.xml">complement</link><link ns0:type="simple" ns0:href="../097/1040097.xml">substitute</link>mainstream treatments advocates method claim dramatically improves<link ns0:type="simple" ns0:href="../172/7172.xml">chemotherapy</link>reduces<link ns0:type="simple" ns0:href="../828/151828.xml">sideeffects</link></p><p>countless people benefited method providing follow treatment letter rest lives orthodox medical community scoffed years inaccurately reducing theory methods budwig cream<link ns0:type="simple" ns0:href="../512/32512.xml">vitamin</link><link ns0:type="simple" ns0:href="../053/19053.xml">mineral</link>pills cancer specialists critically ill patients treatment complete<link ns0:type="simple" ns0:href="../094/5827094.xml">remission</link>thirty years simply misdiagnosed today physicians treat patients method well viewed orthodox medical community kousmine repeatedly stated dramatic long term remission dramatic improvement quality life desperate patients<link ns0:type="simple" ns0:href="../041/52041.xml">miraculous</link>result<link ns0:type="simple" ns0:href="../358/206358.xml">holistic</link>approach disease compared limited approach orthodox medicine focuses<link ns0:type="simple" ns0:href="../967/196967.xml">symptoms</link>disease providing patients<link ns0:type="simple" ns0:href="../509/275509.xml">palliative</link>treatments</p><p>time death criticism included benefits raw foods cold pressed vegetable oils supported scientific literature theory scientifically proven critics monitoring patients scientific study rested control group test diet healthy people determine protective</p></sec><sec><st>awards</st><p>socit dencouragement progrs headquarters paris france mdaille vermeil outstanding accomplishment multiple sclerosis</p><p>honorary citizen city<town wordnetid="108665504" confidence="0.9508927676800064"><link ns0:type="simple" ns0:href="../078/582078.xml">lutry</link></town><country wordnetid="108544813" confidence="0.9508927676800064"><link ns0:type="simple" ns0:href="../748/26748.xml">switzerland</link></country></p></sec><sec><st>books</st><p>books remarkable detailed easytoread nonspecialist accounts patients severe pathologies documented complete<link ns0:type="simple" ns0:href="../738/594738.xml">clinical</link><link ns0:type="simple" ns0:href="../335/1676335.xml">anamnesis</link>patients kin treatment provided successes well failures</p><p>books provide explanations intestinal flora processed food chapters<link ns0:type="simple" ns0:href="../316/288316.xml">instinct</link><link ns0:type="simple" ns0:href="../568/524568.xml">ancestral</link>feeding habits hypothesis connection cancer<link ns0:type="simple" ns0:href="../740/23740.xml">toxins</link><link ns0:type="simple" ns0:href="../107/228107.xml">stress</link></p><p>critics explanations simplistic complain rants chemical products caricatural andor lack solid data example<link ns0:type="simple" ns0:href="../752/2752.xml">aspartame</link>milk experts complain books feeling doctors dont understand</p><p>books include full description method french translated english</p><p><link>soyez bien dans votre assiette jusqu ans</link>well till ditions sand isbn</p><p><link>sclrose plaque est gurissable</link>multiple sclerosis curable ditions delachaux nestl isbn</p><p><link>sauvez votre corps</link>save body ditions robert laffont isbn sequel soyez bien dans votre cases indepth explanations</p></sec><sec><st>references</st><p>sauvez votre corps save body ditions robert laffont quebec june nutrition<weblink ns0:type="simple" ns0:href="http://www.mssociety.ca">httpwwwmssocietyca</weblink>rgime doctoresse kousmine diet kousmine ecoetsant<weblink ns0:type="simple" ns0:href="http://ecoetsante2010.free.fr">httpecoetsantefreefr</weblink></p></sec><sec><st>external links</st><p><list><entry level="1" type="bullet"><weblink ns0:type="simple" ns0:href="http://www.kousmine.ch">centre mdical kousmine</weblink></entry><entry level="1" type="bullet"><weblink ns0:type="simple" ns0:href="http://www.msif.org/en/">multiple sclerosis international federation</weblink></entry><entry level="1" type="bullet"><weblink ns0:type="simple" ns0:href="http://www.pureinsideout.com/kousmine-budwig-breakfast.html">power breakfast recipe</weblink></entry><entry level="1" type="bullet"><weblink ns0:type="simple" ns0:href="http://www.kousmine.fr" /></entry></list></p></sec></bdy></therapy></person></article>