<article xmlns:ns0="http://www.w3.org/1999/xlink"><model confidence="0.9511911446218017" wordnetid="110324560"><know-how confidence="0.8" wordnetid="105616786"><method confidence="0.8" wordnetid="105660268"><header><title>finite machine</title><id /><revision><id /><timestamp /><contributor><username>pseudobot</username><id /></contributor></revision><categories><category>digital electronics</category><category>automata</category><category>computational models</category><category>formal methods</category></categories></header><bdy>machine redirects infinite machines<physical_entity wordnetid="100001930" confidence="0.8"><person wordnetid="100007846" confidence="0.8"><model wordnetid="110324560" confidence="0.8"><assistant wordnetid="109815790" confidence="0.8"><worker wordnetid="109632518" confidence="0.8"><causal_agent wordnetid="100007347" confidence="0.8"><link ns0:type="simple" ns0:href="../417/396417.xml">transition system</link></causal_agent></worker></assistant></model></person></physical_entity><p><image location="right" width="225px" src="Finite_state_machine_example_with_comments.svg" type="thumb"><caption>fig example finite machine</caption></image></p><p>finite machine fsm finite automaton plural automata simply machine model behavior composed finite number<link ns0:type="simple" ns0:href="../512/285512.xml" />transitions actions finite machine abstract model machine primitive internal memory</p><sec><st>concepts vocabulary</st><p>current determined system record information reflects input changes system start moment transition indicates change described condition fulfilled enable transition action description activity performed moment action types<list><entry level="1" type="definition">entry action performed entering</entry><entry level="1" type="definition">exit action performed exiting</entry><entry level="1" type="definition">input action performed depending input conditions</entry><entry level="1" type="definition">transition action performed performing transition</entry></list></p><p>fsm represented<link ns0:type="simple" ns0:href="../337/187337.xml">diagram</link>transition diagram figure<link ns0:type="simple" ns0:href="../857/548857.xml">transition table</link>types common representation combination current condition complete actions information footnotes fsm definition including full actions information<physical_entity wordnetid="100001930" confidence="0.8"><person wordnetid="100007846" confidence="0.8"><model wordnetid="110324560" confidence="0.8"><assistant wordnetid="109815790" confidence="0.8"><worker wordnetid="109632518" confidence="0.8"><causal_agent wordnetid="100007347" confidence="0.8"><link ns0:type="simple" ns0:href="../085/1296085.xml#xpointer(//*[./st=%22State+Table%22])">tables</link></causal_agent></worker></assistant></model></person></physical_entity><link>vfsm</link></p><p><table align="center" cellpadding="5" border="1" cellspacing="0"><caption>transition table</caption><row><col valign="top">current condition</col><col /><col /><col /></row><row><col>condition</col><col /><col /><col /></row><row><col>condition</col><col /><col /><col /></row><row><col>condition</col><col /><col /><col /></row></table></p><p>addition modeling reactive systems presented finite automata areas including<link ns0:type="simple" ns0:href="../531/9531.xml">electrical engineering</link><link ns0:type="simple" ns0:href="../526/17526.xml">linguistics</link><link ns0:type="simple" ns0:href="../323/5323.xml">computer science</link><link ns0:type="simple" ns0:href="../155/13692155.xml">philosophy</link><link ns0:type="simple" ns0:href="../632/9127632.xml">biology</link><link ns0:type="simple" ns0:href="../831/18831.xml">mathematic</link><link ns0:type="simple" ns0:href="../225/3729225.xml">logic</link>complete survey applications scope article finite machines class automata studied<link ns0:type="simple" ns0:href="../356/103356.xml">automata theory</link><link ns0:type="simple" ns0:href="../402/30402.xml">theory computation</link>computer science finite machines modeling application behavior design hardware digital systems software engineering compilers network protocols study computation languages</p></sec><sec><st>classification</st><p>groups acceptorsrecognizers transducers</p><ss1><st>acceptors recognizers</st><p><image location="right" width="400px" src="Fsm_parsing_word_nice.svg" type="thumb"><caption>fig acceptor fsm parsing word nice</caption></image></p><p>acceptors recognizers sequence detectors produce binary output answer input accepted machine fsm accepting accepting time input processed current accepting input accepted rejected rule input symbols characters actions example figure finite machine accepts word nice fsm accepting number</p><p>machine described defining language word accepted machine rejected language accepted machine definition languages accepted fsms<link ns0:type="simple" ns0:href="../723/25723.xml">regular language</link>language regular fsm accepts</p><ss2><st>start</st><p>start drawn arrow pointing sipser</p></ss2><ss2><st>accept</st><p><image location="right" width="220px" src="DFAexample.svg" type="thumb"><caption>fig finite machine determines binary number odd number</caption></image>accept referred accepting machine performed procedure represented double circle</p><p>example accepting appears left diagram<link ns0:type="simple" ns0:href="../404/653404.xml">deterministic finite automaton</link>dfa determines<system wordnetid="104377057" confidence="0.8"><artifact wordnetid="100021939" confidence="0.8"><instrumentality wordnetid="103575240" confidence="0.8"><link ns0:type="simple" ns0:href="../686/238686.xml">binary</link></instrumentality></artifact></system>input number</p><p>start indicates number input defined accepting machine will correct binary number number zeros including string zeros examples strings accepted dfa epsilon empty string</p></ss2></ss1><ss1><st>transducers</st><p><physical_entity wordnetid="100001930" confidence="0.8"><person wordnetid="100007846" confidence="0.8"><model wordnetid="110324560" confidence="0.8"><assistant wordnetid="109815790" confidence="0.8"><worker wordnetid="109632518" confidence="0.8"><causal_agent wordnetid="100007347" confidence="0.8"><language wordnetid="106282651" confidence="0.8"><link ns0:type="simple" ns0:href="../289/1071289.xml">transducers</link></language></causal_agent></worker></assistant></model></person></physical_entity>generate output based input andor actions control applications field<link ns0:type="simple" ns0:href="../561/5561.xml">computational linguistics</link>types distinguished</p><p><list><entry level="1" type="definition"><physical_entity wordnetid="100001930" confidence="0.8"><person wordnetid="100007846" confidence="0.8"><model wordnetid="110324560" confidence="0.8"><assistant wordnetid="109815790" confidence="0.8"><worker wordnetid="109632518" confidence="0.8"><causal_agent wordnetid="100007347" confidence="0.8"><link ns0:type="simple" ns0:href="../020/353020.xml">moore machine</link></causal_agent></worker></assistant></model></person></physical_entity>fsm entry actions output depends advantage moore model simplification behaviour example figure moore fsm elevator door machine recognizes commands trigger changes entry action opening starts motor opening door entry action closing starts motor direction closing door opened closed dont perform actions signal machines situation door open door closed</entry></list></p><p><image location="right" width="350px" src="Fsm_mealy_model_door_control.jpg" type="thumb"><caption>fig transducer fsm mealy model example</caption></image><list><entry level="1" type="definition"><physical_entity wordnetid="100001930" confidence="0.8"><person wordnetid="100007846" confidence="0.8"><model wordnetid="110324560" confidence="0.8"><assistant wordnetid="109815790" confidence="0.8"><worker wordnetid="109632518" confidence="0.8"><causal_agent wordnetid="100007347" confidence="0.8"><link ns0:type="simple" ns0:href="../512/331512.xml">mealy machine</link></causal_agent></worker></assistant></model></person></physical_entity>fsm input actions output depends input mealy fsm leads reduction number example figure mealy fsm implementing behaviour moore example behaviour depends implemented fsm execution model will work<physical_entity wordnetid="100001930" confidence="0.8"><person wordnetid="100007846" confidence="0.8"><model wordnetid="110324560" confidence="0.8"><assistant wordnetid="109815790" confidence="0.8"><worker wordnetid="109632518" confidence="0.8"><causal_agent wordnetid="100007347" confidence="0.8"><link ns0:type="simple" ns0:href="../085/1296085.xml">virtual fsm</link></causal_agent></worker></assistant></model></person></physical_entity><link ns0:type="simple" ns0:href="../752/1295752.xml">event driven fsm</link>input actions start motor close door arrives start motor direction open door arrives</entry></list></p><p>practice mixed models</p><p>details differences usage moore mealy models including executable example external technical note<weblink ns0:type="simple" ns0:href="http://www.stateworks.com/active/content/en/technology/technical_notes.php#tn10">moore mealy model</weblink></p><p>distinction deterministic<link ns0:type="simple" ns0:href="../404/653404.xml">dfa</link>nondeterministic<physical_entity wordnetid="100001930" confidence="0.8"><person wordnetid="100007846" confidence="0.8"><model wordnetid="110324560" confidence="0.8"><assistant wordnetid="109815790" confidence="0.8"><worker wordnetid="109632518" confidence="0.8"><causal_agent wordnetid="100007347" confidence="0.8"><link ns0:type="simple" ns0:href="../406/653406.xml">ndfa</link></causal_agent></worker></assistant></model></person></physical_entity><link ns0:type="simple" ns0:href="../415/653415.xml">gnfa</link>automata deterministic automata exactly transition input nondeterministic automata transition input distinction relevant practice theory exists algorithm transform ndfa equivalent dfa transformation typically increases complexity automaton</p><p>fsm called combinatorial fsm input actions concept cases number fsm required work convenient consider purely combinatorial form fsm suit design tools</p></ss1></sec><sec><st>fsm logic</st><p><image location="right" width="200px" src="Finite_State_Machine_Logic.svg" type="thumb"><caption>fig fsm logic mealy</caption></image></p><p>output fsm function input current fsm logic figure</p></sec><sec><st>mathematical model</st><p>depending type definitions acceptor finitestate machine<series wordnetid="108457976" confidence="0.8"><idea wordnetid="105833840" confidence="0.8"><concept wordnetid="105835747" confidence="0.8"><arrangement wordnetid="107938773" confidence="0.8"><sequence wordnetid="108459252" confidence="0.8"><ordering wordnetid="108456993" confidence="0.8"><group wordnetid="100031264" confidence="0.8"><link ns0:type="simple" ns0:href="../729/132729.xml">quintuple</link></group></ordering></sequence></arrangement></concept></idea></series><math>sigma delta</math><list><entry level="1" type="bullet"><math>sigma</math>input<link ns0:type="simple" ns0:href="../269/4292269.xml">alphabet</link>finite nonempty set symbols</entry><entry level="1" type="bullet"><math />finite nonempty set</entry><entry level="1" type="bullet"><math />initial element<math /><physical_entity wordnetid="100001930" confidence="0.8"><person wordnetid="100007846" confidence="0.8"><model wordnetid="110324560" confidence="0.8"><assistant wordnetid="109815790" confidence="0.8"><worker wordnetid="109632518" confidence="0.8"><causal_agent wordnetid="100007347" confidence="0.8"><link ns0:type="simple" ns0:href="../406/653406.xml">nondeterministic finite machine</link></causal_agent></worker></assistant></model></person></physical_entity><math />set initial</entry><entry level="1" type="bullet"><math>delta</math>statetransition function<math>delta times sigma rightarrow</math></entry><entry level="1" type="bullet"><math />set final empty subset<math /></entry></list></p><p><link ns0:type="simple" ns0:href="../289/1071289.xml">finite transducer</link>sextuple<math>sigma gamma delta omega</math><list><entry level="1" type="bullet"><math>sigma</math>input<link ns0:type="simple" ns0:href="../269/4292269.xml">alphabet</link>finite empty set symbols</entry><entry level="1" type="bullet"><math>gamma</math>output alphabet finite nonempty set symbols</entry><entry level="1" type="bullet"><math />finite nonempty set</entry><entry level="1" type="bullet"><math />initial element<math /><physical_entity wordnetid="100001930" confidence="0.8"><person wordnetid="100007846" confidence="0.8"><model wordnetid="110324560" confidence="0.8"><assistant wordnetid="109815790" confidence="0.8"><worker wordnetid="109632518" confidence="0.8"><causal_agent wordnetid="100007347" confidence="0.8"><link ns0:type="simple" ns0:href="../406/653406.xml">nondeterministic finite machine</link></causal_agent></worker></assistant></model></person></physical_entity><math />set initial</entry><entry level="1" type="bullet"><math>delta</math>statetransition function<math>delta times sigma rightarrow</math></entry><entry level="1" type="bullet"><math>omega</math>output function</entry></list></p><p>output function function input alphabet<math>omega times sigma rightarrow gamma</math>definition corresponds mealy model modelled<physical_entity wordnetid="100001930" confidence="0.8"><person wordnetid="100007846" confidence="0.8"><model wordnetid="110324560" confidence="0.8"><assistant wordnetid="109815790" confidence="0.8"><worker wordnetid="109632518" confidence="0.8"><causal_agent wordnetid="100007347" confidence="0.8"><link ns0:type="simple" ns0:href="../512/331512.xml">mealy machine</link></causal_agent></worker></assistant></model></person></physical_entity>output function depends<math>omega rightarrow gamma</math>definition corresponds moore model modelled<physical_entity wordnetid="100001930" confidence="0.8"><person wordnetid="100007846" confidence="0.8"><model wordnetid="110324560" confidence="0.8"><assistant wordnetid="109815790" confidence="0.8"><worker wordnetid="109632518" confidence="0.8"><causal_agent wordnetid="100007347" confidence="0.8"><link ns0:type="simple" ns0:href="../020/353020.xml">moore machine</link></causal_agent></worker></assistant></model></person></physical_entity>finitestate machine output function<link ns0:type="simple" ns0:href="../937/10766937.xml">semiautomaton</link><link ns0:type="simple" ns0:href="../417/396417.xml">transition system</link></p></sec><sec><st>optimization</st><p>optimizing fsm finding machine minimum number performs function fastest algorithm hopcroft minimization algorithm<weblink ns0:type="simple" ns0:href="http://localhost:18088/wiki/index.php/Finite_state_machine#endnote_hopcroft1" /><weblink ns0:type="simple" ns0:href="http://localhost:18088/wiki/index.php/Finite_state_machine#endnote_AlmeidaEtAl" />techniques include<link ns0:type="simple" ns0:href="../376/8426376.xml">implication table</link><link ns0:type="simple" ns0:href="../215/8433215.xml">moore reduction procedure</link>additionally acyclic fsas optimized simple bottom algorithm<weblink ns0:type="simple" ns0:href="http://localhost:18088/wiki/index.php/Finite_state_machine#endnote_minimization1" /></p></sec><sec><st>implementation</st><ss1><st>hardware applications</st><p><image location="right" width="500px" src="4_bit_counter.png" type="thumbnail"><caption>fig<link ns0:type="simple" ns0:href="../339/587339.xml">circuit diagram</link>bit<link ns0:type="simple" ns0:href="../769/47769.xml">ttl</link>counter type machine</caption></image><link ns0:type="simple" ns0:href="../068/39068.xml">digital circuit</link>fsm built<link ns0:type="simple" ns0:href="../215/73215.xml">programmable logic device</link><link ns0:type="simple" ns0:href="../992/24992.xml">programmable logic controller</link><link ns0:type="simple" ns0:href="../168/18168.xml">logic gate</link><link ns0:type="simple" ns0:href="../777/11777.xml">flip flop</link><link ns0:type="simple" ns0:href="../590/26590.xml">relay</link>hardware implementation requires<link ns0:type="simple" ns0:href="../432/486432.xml">register</link>store variables block combinational logic determines transition second block combinational logic determines output fsm classic hardware implementations<link ns0:type="simple" ns0:href="../961/7706961.xml">richards controller</link></p></ss1><ss1><st>software applications</st><p>concepts commonly build software applications finite machines<list><entry level="1" type="bullet"><link ns0:type="simple" ns0:href="../752/1295752.xml">event driven fsm</link></entry><entry level="1" type="bullet"><link ns0:type="simple" ns0:href="../085/1296085.xml">virtual fsm vfsm</link></entry><entry level="1" type="bullet"><link ns0:type="simple" ns0:href="../755/3377755.xml">automatabased programming</link></entry></list></p></ss1></sec><sec><st /><p><list><entry level="1" type="bullet"><link ns0:type="simple" ns0:href="../836/2575836.xml">abstract machine</link></entry><entry level="1" type="bullet"><link ns0:type="simple" ns0:href="../572/433572.xml">decision tables</link></entry><entry level="1" type="bullet"><link ns0:type="simple" ns0:href="../259/6965259.xml">extended finite machine</link></entry><entry level="1" type="bullet"><link ns0:type="simple" ns0:href="../109/11693109.xml">finite machine datapath</link></entry><entry level="1" type="bullet"><language wordnetid="106282651" confidence="0.8"><link ns0:type="simple" ns0:href="../192/225192.xml">petri net</link></language></entry><entry level="1" type="bullet"><physical_entity wordnetid="100001930" confidence="0.8"><person wordnetid="100007846" confidence="0.8"><model wordnetid="110324560" confidence="0.8"><assistant wordnetid="109815790" confidence="0.8"><worker wordnetid="109632518" confidence="0.8"><causal_agent wordnetid="100007347" confidence="0.8"><link ns0:type="simple" ns0:href="../510/24510.xml">pushdown automaton</link></causal_agent></worker></assistant></model></person></physical_entity></entry><entry level="1" type="bullet"><link ns0:type="simple" ns0:href="../008/7926008.xml">quantum finite automata</link></entry><entry level="1" type="bullet"><link ns0:type="simple" ns0:href="../374/89374.xml">sequential logic</link></entry><entry level="1" type="bullet"><link>statechart</link></entry><entry level="1" type="bullet"><link ns0:type="simple" ns0:href="../417/396417.xml">transition system</link></entry><entry level="1" type="bullet"><invention wordnetid="105633385" confidence="0.8"><know-how wordnetid="105616786" confidence="0.8"><method wordnetid="105660268" confidence="0.8"><link ns0:type="simple" ns0:href="../403/30403.xml">turing machine</link></method></know-how></invention></entry><entry level="1" type="bullet"><physical_entity wordnetid="100001930" confidence="0.8"><person wordnetid="100007846" confidence="0.8"><model wordnetid="110324560" confidence="0.8"><assistant wordnetid="109815790" confidence="0.8"><worker wordnetid="109632518" confidence="0.8"><causal_agent wordnetid="100007347" confidence="0.8"><link ns0:type="simple" ns0:href="../770/98770.xml">hidden markov model</link></causal_agent></worker></assistant></model></person></physical_entity></entry><entry level="1" type="bullet"><link ns0:type="simple" ns0:href="../987/2997987.xml">ant wars</link></entry><entry level="1" type="bullet"><link ns0:type="simple" ns0:href="../769/1654769.xml">game</link></entry><entry level="1" type="bullet"><format wordnetid="106636806" confidence="0.9508927676800064"><link ns0:type="simple" ns0:href="../592/5171592.xml">scxml</link></format></entry></list></p></sec><sec><st>external links</st><p><list><entry level="1" type="bullet"><weblink ns0:type="simple" ns0:href="http://foldoc.doc.ic.ac.uk/foldoc/foldoc.cgi?query=finite+state+machine">description free online dictionary computing</weblink></entry><entry level="1" type="bullet">nist dictionary algorithms data structures<weblink ns0:type="simple" ns0:href="http://www.nist.gov/dads/HTML/finiteStateMachine.html">entry</weblink></entry><entry level="1" type="bullet"><weblink ns0:type="simple" ns0:href="http://www.eventhelix.com/RealtimeMantra/HierarchicalStateMachine.htm">hierarchical machines</weblink></entry><entry level="1" type="bullet"><weblink ns0:type="simple" ns0:href="http://www.troyworks.com/cogs/">cogs</weblink>cogs open source small fsm hsm hierarchical machine library flash flex actionscript projects introductory talk<weblink ns0:type="simple" ns0:href="http://link.brightcove.com/services/player/bcpid1733261879?bclid=1729365228 bctid=1743215121" /></entry><entry level="1" type="bullet"><weblink ns0:type="simple" ns0:href="http://sourceforge.net/projects/fsmgenerator/">fsm generator</weblink>fsmgenerator turnkey solution fsm finite machine automatic generation integration users software</entry><entry level="1" type="bullet"><weblink ns0:type="simple" ns0:href="http://sourceforge.net/projects/fsmdesigner/">fsm designer</weblink>opensource tool graphical development fsms automatic verilog code generation</entry><entry level="1" type="bullet"><weblink ns0:type="simple" ns0:href="http://www.intelliwizard.com">roundtrip engineering machines</weblink></entry><entry level="1" type="bullet"><weblink ns0:type="simple" ns0:href="http://www.sccs.swarthmore.edu/users/06/adem/engin/e15/lab4/">machines practical applications</weblink></entry><entry level="1" type="bullet"><weblink ns0:type="simple" ns0:href="http://leotools.atwebpages.com/">tool design visualization finite machines</weblink></entry><entry level="1" type="bullet"><weblink ns0:type="simple" ns0:href="http://www.sinelabore.com">sinelaborert</weblink>generates human readable ccode statecharts targeting embedded realtime systems</entry><entry level="1" type="bullet"><weblink ns0:type="simple" ns0:href="http://www.augeas.net/libfa/index.html">libfa</weblink>opensource library automata computations</entry><entry level="1" type="bullet"><weblink ns0:type="simple" ns0:href="http://smc.sourceforge.net/">machine compiler</weblink>tool model compile statemachines number languages java well display graphically</entry><entry level="1" type="bullet"><cite id="endnote_minimziation1" style="font-style: normal;" /><weblink ns0:type="simple" ns0:href="http://www.cs.jhu.edu/~hajic/courses/cs226/alg.html">bottomup algorithm acyclic fsas</weblink>fsm minimization algorithms</entry><entry level="1" type="bullet"><weblink ns0:type="simple" ns0:href="http://www.state-machine.com">quantum leaps</weblink>provider open source machinebased frameworks includes examples code</entry><entry level="1" type="bullet"><weblink ns0:type="simple" ns0:href="http://gfsm.sourceforge.net">gfsm</weblink>open source implementation fsm finite machine programming framework</entry><entry level="1" type="bullet"><weblink ns0:type="simple" ns0:href="http://vaucanson.lrde.epita.fr">vaucanson</weblink>open source finite machine manipulation platform consisting library tools implemented top</entry><entry level="1" type="bullet"><weblink ns0:type="simple" ns0:href="http://unimod.sf.net">unimod</weblink>open source plugin eclipse automatabased programming</entry></list></p></sec><sec><st>references</st><ss1><st>general</st><p><list><entry level="1" type="bullet">wagner modeling software finite machines practical approach auerbach publications isbn</entry><entry level="1" type="bullet">samek<weblink ns0:type="simple" ns0:href="http://www.state-machine.com/psicc1/">practical statecharts</weblink>cmp books isbn</entry><entry level="1" type="bullet">samek<weblink ns0:type="simple" ns0:href="http://www.state-machine.com/psicc2/">practical uml statecharts edition</weblink>newnes isbn</entry><entry level="1" type="bullet">gardner<weblink ns0:type="simple" ns0:href="http://www.troyworks.com/cogs/">advanced management</weblink><weblink ns0:type="simple" ns0:href="http://link.brightcove.com/services/player/bcpid1733261879?bclid=1729365228 bctid=1743215121">video flex</weblink></entry><entry level="1" type="bullet">cassandras lafortune introduction discrete event systems kluwer isbn</entry><entry level="1" type="bullet">timothy kam synthesis finite machines functional optimization kluwer academic publishers boston isbn</entry><entry level="1" type="bullet">tiziano villa synthesis finite machines logic optimization kluwer academic publishers boston isbn</entry><entry level="1" type="bullet">carroll long theory finite automata introduction formal languages prentice hall englewood cliffs</entry><entry level="1" type="bullet">kohavi switching finite automata theory mcgrawhill</entry><entry level="1" type="bullet">gill introduction theory finitestate machines mcgrawhill</entry><entry level="1" type="bullet">ginsburg introduction mathematical machine theory addisonwesley</entry></list></p></ss1><ss1><st>finite machines automata theory theoretical computer science</st><p><list><entry level="1" type="bullet"><cite id="Reference-Arbib-1969" style="font-style:normal" class="book">arbib michael theories abstract automata englewood cliffs prenticehall</cite></entry></list></p><p><list><entry level="1" type="bullet"><cite id="Reference-Bobrow-1974" style="font-style:normal" class="book">bobrow leonard michael arbib discrete mathematics applied algebra computer information science philadelphia saunders company</cite></entry></list></p><p><list><entry level="1" type="bullet"><cite id="Reference-Booth-1967" style="font-style:normal" class="book">booth taylor sequential machines automata theory york john wiley sons library congress card catalog number</cite>extensive wideranging book meant specialists written theoretical computer scientists well electrical engineers detailed explanations minimization techniques fsms turing machines markov processes undecidability excellent treatment markov processes</entry></list></p><p><list><entry level="1" type="bullet"><cite id="Reference-Boolos-1989, 1999" style="font-style:normal" class="book">boolos george richard jeffrey computability logic cambridge england cambridge university press isbn</cite>excellent print editions reprints</entry></list></p><p><list><entry level="1" type="bullet"><cite id="Reference-Brookshear-1989" style="font-style:normal" class="book">brookshear glenn theory computation formal languages automata complexity redwood city california benjamincummings publish company isbn</cite>approaches<link ns0:type="simple" ns0:href="../854/6854.xml">churchturing thesis</link>three angles levels finite automata acceptors formal languages primitive partial recursive theory power barebones programming languages implement algorithms slim volume</entry></list></p><p><list><entry level="1" type="bullet"><cite id="Reference-Davis-1994" style="font-style:normal" class="book">davis martin ron sigal elaine weyuker second edition computability complexity languages logic fundamentals theoretical computer science san diego academic press harcourt brace company</cite></entry></list></p><p><list><entry level="1" type="bullet"><cite id="endnote_hopcroft1" style="font-style: normal;" />hopcroft john log algorithm minimizing finite automaton<weblink ns0:type="simple" ns0:href="ftp://reports.stanford.edu/pub/cstr/reports/cs/tr/71/190/CS-TR-71-190.pdf" /></entry></list></p><p><list><entry level="1" type="bullet"><cite id="Reference-Hopcroft-1979" style="font-style:normal" class="book">hopcroft john jeffrey ullman introduction automata theory languages computation reading mass addisonwesley isbn</cite>difficult book centered issues machineinterpretation languages npcompleteness</entry></list></p><p><list><entry level="1" type="bullet"><cite id="Reference-Hopcroft-2001" style="font-style:normal" class="book">hopcroft john rajeev motwani jeffrey ullman introduction automata theory languages computation reading mass addisonwesley</cite>distinctly intimidating edition</entry></list></p><p><list><entry level="1" type="bullet"><cite id="Reference-Hopkin-1976" style="font-style:normal" class="book">hopkin david barbara moss automata york elsevier northholland isbn</cite></entry></list></p><p><list><entry level="1" type="bullet"><cite id="Reference-Kozen-1997" style="font-style:normal" class="book">kozen dexter automata computability york springerverlag isbn</cite></entry></list></p><p><list><entry level="1" type="bullet"><cite id="Reference-Lewis-1998" style="font-style:normal" class="book">lewis harry christos papadimitriou elements theory computation upper saddle river jersey prenticehall isbn</cite></entry></list></p><p><list><entry level="1" type="bullet"><cite id="Reference-Linz-2006" style="font-style:normal" class="book">linz peter formal languages automata sudbury jones bartlett isbn</cite></entry></list></p><p><list><entry level="1" type="bullet"><cite id="Reference-Minsky-1967" style="font-style:normal" class="book">minsky marvin computation finite infinite machines jersey prenticehall</cite>minsky spends defining context fsms diagram convention unconventional excellent readable funny</entry></list></p><p><list><entry level="1" type="bullet"><cite style="font-style:normal" class="book"><physical_entity wordnetid="100001930" confidence="0.8"><peer wordnetid="109626238" confidence="0.8"><person wordnetid="100007846" confidence="0.8"><honoree wordnetid="110183757" confidence="0.8"><intellectual wordnetid="109621545" confidence="0.8"><colleague wordnetid="109935990" confidence="0.8"><acquirer wordnetid="109764201" confidence="0.8"><scientist wordnetid="110560637" confidence="0.8"><adult wordnetid="109605289" confidence="0.8"><professional wordnetid="110480253" confidence="0.8"><recipient wordnetid="109627906" confidence="0.8"><educator wordnetid="110045713" confidence="0.8"><associate wordnetid="109816771" confidence="0.8"><communicator wordnetid="109610660" confidence="0.8"><laureate wordnetid="110249011" confidence="0.8"><alumnus wordnetid="109786338" confidence="0.8"><academician wordnetid="109759069" confidence="0.8"><causal_agent wordnetid="100007347" confidence="0.8"><writer wordnetid="110794014" confidence="0.8"><scholar wordnetid="110557854" confidence="0.8"><link ns0:type="simple" ns0:href="../428/3509428.xml">christos papadimitriou</link></scholar></writer></causal_agent></academician></alumnus></laureate></communicator></associate></educator></recipient></professional></adult></scientist></acquirer></colleague></intellectual></honoree></person></peer></physical_entity>computational complexity edition addison wesley isbn</cite></entry></list></p><p><list><entry level="1" type="bullet"><cite id="Reference-Pippenger-1997" style="font-style:normal" class="book">pippenger nicholas theories computability cambridge england cambridge university press</cite>abstract algebra core book rendering advanced accessible texts</entry></list></p><p><list><entry level="1" type="bullet"><cite id="Reference-Rodger-2006" style="font-style:normal" class="book">rodger susan thomas finley jflap interactive formal languages automata package sudbury jones bartlett isbn</cite></entry></list></p><p><list><entry level="1" type="bullet"><cite id="Reference-Sipser-2006" style="font-style:normal" class="book">sipser michael introduction theory computation second edition boston mass thomson course technology isbn</cite>finite machines finite automata chapter</entry></list></p><p><list><entry level="1" type="bullet"><cite id="Reference-Wood-1987" style="font-style:normal" class="book">wood derick theory computation york harper row publishers isbn</cite></entry></list></p><p><list><entry level="1" type="bullet"><cite id="endnote_AlmeidaEtAl" style="font-style: normal;" />almeida marco moreira nelma reis rogerio performance automata minimization algrotims<weblink ns0:type="simple" ns0:href="http://www.dcc.fc.up.pt/dcc/Pubs/TReports/TR07/dcc-2007-03.pdf" /></entry></list></p></ss1><ss1><st>abstract machines theoretical computer science</st><p><list><entry level="1" type="bullet">yuri gurevich sequential abstract machines capture sequential algorithms acm transactions computational logic july</entry></list></p></ss1><ss1><st>machine learning finitestate algorithms</st><p><list><entry level="1" type="bullet"><cite id="Reference-Mitchell-1997" style="font-style:normal" class="book">mitchell tom machine learning york wcbmcgrawhill corporation isbn</cite>broad brush thorough difficult meant computer scientists engineers chapter reinforcement learning deals robotlearning involving statemachinelike algorithms</entry></list></p></ss1><ss1><st>hardware engineering minimization synthesis sequential circuits</st><p><list><entry level="1" type="bullet"><cite id="Reference-Booth-1967" style="font-style:normal" class="book">booth taylor sequential machines automata theory york john wiley sons library congress card catalog number</cite>extensive wideranging book meant specialists written theoretical computer scientists well electrical engineers detailed explanations minimization techniques fsms turing machines markov processes undecidability excellent treatment markov processes</entry><entry level="1" type="bullet"><cite id="Reference-Booth-1971" style="font-style:normal" class="book">booth taylor digital networks computer systems york john wiley sons isbn</cite>meant electrical engineers focused demanding earlier book treatment computers outdated interesting definition algorithm</entry><entry level="1" type="bullet"><cite id="Reference-McCluskey-1965" style="font-style:normal" class="book">mccluskey introduction theory switching circuits york mcgrawhill book company library congress card catalog number</cite>meant hardware electrical engineers detailed explanations minimization techniques synthesis techniques design combinatory logic circuits</entry><entry level="1" type="bullet"><cite id="Reference-Hill-1965" style="font-style:normal" class="book">hill fredrick gerald peterson introduction theory switching circuits york mcgrawhill book company library congress card catalog number</cite>meant hardware electrical engineers excellent explanations minimization techniques synthesis techniques design combinatory sequential logic circuits</entry></list></p></ss1><ss1><st>finite markov chain processes</st><p><indent level="2"><physical_entity wordnetid="100001930" confidence="0.8"><person wordnetid="100007846" confidence="0.8"><model wordnetid="110324560" confidence="0.8"><assistant wordnetid="109815790" confidence="0.8"><worker wordnetid="109632518" confidence="0.8"><causal_agent wordnetid="100007347" confidence="0.8"><link ns0:type="simple" ns0:href="../876/60876.xml">markov chain</link></causal_agent></worker></assistant></model></person></physical_entity>process moves successively set moves probability pij probabilities exhibited form transition matrix kemeny</indent>finite markovchain processes<link ns0:type="simple" ns0:href="../265/1986265.xml">subshifts finite type</link></p><p><list><entry level="1" type="bullet"><cite id="Reference-Booth-1967" style="font-style:normal" class="book">booth taylor sequential machines automata theory york john wiley sons library congress card catalog number</cite>extensive wideranging book meant specialists written theoretical computer scientists well electrical engineers detailed explanations minimization techniques fsms turing machines markov processes undecidability excellent treatment markov processes</entry><entry level="1" type="bullet"><cite id="Reference-Kemeny-1959" style="font-style:normal" class="book">kemeny john hazleton mirkil laurie snell gerald thompson finite mathematical structures englewood cliffs prenticehall library congress card catalog number</cite>classical text chapter finite markov chains</entry></list></p><p><table style=";width:auto;" class="navbox" cellspacing="0"><row><col style="padding:2px;"><table style="width:100%;background:transparent;color:inherit;;" class="nowraplinks collapsible autocollapse " cellspacing="0"><row><header colspan="2" style=";" class="navbox-title"><link ns0:type="simple" ns0:href="../356/103356.xml">automata theory</link><link ns0:type="simple" ns0:href="../939/10939.xml">formal language</link><link ns0:type="simple" ns0:href="../716/18020716.xml">formal grammar</link></header></row><row style="height:2px;" /><row><col colspan="2" style="width:100%;padding:0px;;;background:transparent;color:inherit;" class="navbox-list navbox-odd"><table style="text-align:left;width:100%;" class="navbox-columns-table" cellspacing="0"><row><col colspan="1" style="" class="navbox-abovebelow"><language wordnetid="106282651" confidence="0.8"><link ns0:type="simple" ns0:href="../011/6011.xml">chomsky hierarchy</link></language></col><col colspan="1" style="border-left:2px solid #fdfdfd;" class="navbox-abovebelow"><language wordnetid="106282651" confidence="0.8"><link ns0:type="simple" ns0:href="../716/18020716.xml">grammars</link></language></col><col colspan="1" style="border-left:2px solid #fdfdfd;" class="navbox-abovebelow"><link ns0:type="simple" ns0:href="../939/10939.xml">languages</link></col><col colspan="1" style="border-left:2px solid #fdfdfd;" class="navbox-abovebelow">minimal<link ns0:type="simple" ns0:href="../931/10931.xml">automaton</link></col></row><row style="height:2px;" /><row style="vertical-align:top;"><col style="padding:0px;text-align: center;;;;width:10em;">type type type type</col><col style="border-left:2px solid #fdfdfd;padding:0px;text-align: center;;;;width:10em;"><p><language wordnetid="106282651" confidence="0.8"><link ns0:type="simple" ns0:href="../174/4906174.xml">unrestricted</link></language>common<language wordnetid="106282651" confidence="0.8"><link ns0:type="simple" ns0:href="../211/6211.xml">contextsensitive</link></language><language wordnetid="106282651" confidence="0.8"><link ns0:type="simple" ns0:href="../637/12656637.xml">indexed</link></language><model wordnetid="105890249" confidence="0.8"><idea wordnetid="105833840" confidence="0.8"><concept wordnetid="105835747" confidence="0.8"><hypothesis wordnetid="105888929" confidence="0.8"><link ns0:type="simple" ns0:href="../555/567555.xml">treeadjoining</link></hypothesis></concept></idea></model><message wordnetid="106598915" confidence="0.8"><subject wordnetid="106599788" confidence="0.8"><language wordnetid="106282651" confidence="0.8"><link ns0:type="simple" ns0:href="../759/6759.xml">contextfree</link></language></subject></message><language wordnetid="106282651" confidence="0.8"><link ns0:type="simple" ns0:href="../024/10609024.xml">deterministic contextfree</link></language><language wordnetid="106282651" confidence="0.8"><link ns0:type="simple" ns0:href="../855/25855.xml">regular</link></language></p></col><col style="border-left:2px solid #fdfdfd;padding:0px;text-align: center;;;;width:10em;"><p><language wordnetid="106282651" confidence="0.8"><link ns0:type="simple" ns0:href="../789/54789.xml">recursively enumerable</link></language><language wordnetid="106282651" confidence="0.8"><link ns0:type="simple" ns0:href="../874/53874.xml">recursive</link></language><language wordnetid="106282651" confidence="0.8"><link ns0:type="simple" ns0:href="../212/6212.xml">contextsensitive</link></language><language wordnetid="106282651" confidence="0.8"><link ns0:type="simple" ns0:href="../284/7324284.xml">indexed</link></language><language wordnetid="106282651" confidence="0.8"><link ns0:type="simple" ns0:href="../226/13026226.xml">mildly contextsensitive</link></language><language wordnetid="106282651" confidence="0.8"><link ns0:type="simple" ns0:href="../867/6867.xml">contextfree</link></language><language wordnetid="106282651" confidence="0.8"><link ns0:type="simple" ns0:href="../589/7962589.xml">deterministic contextfree</link></language><language wordnetid="106282651" confidence="0.8"><link ns0:type="simple" ns0:href="../723/25723.xml">regular</link></language><language wordnetid="106282651" confidence="0.8"><link ns0:type="simple" ns0:href="../792/4922792.xml">starfree</link></language></p></col><col style="border-left:2px solid #fdfdfd;padding:0px;text-align: center;;;;width:10em;"><p><invention wordnetid="105633385" confidence="0.8"><know-how wordnetid="105616786" confidence="0.8"><method wordnetid="105660268" confidence="0.8"><link ns0:type="simple" ns0:href="../403/30403.xml">turing machine</link></method></know-how></invention><physical_entity wordnetid="100001930" confidence="0.8"><person wordnetid="100007846" confidence="0.8"><model wordnetid="110324560" confidence="0.8"><assistant wordnetid="109815790" confidence="0.8"><worker wordnetid="109632518" confidence="0.8"><causal_agent wordnetid="100007347" confidence="0.8"><link ns0:type="simple" ns0:href="../564/1352564.xml">decider</link></causal_agent></worker></assistant></model></person></physical_entity><physical_entity wordnetid="100001930" confidence="0.8"><person wordnetid="100007846" confidence="0.8"><model wordnetid="110324560" confidence="0.8"><assistant wordnetid="109815790" confidence="0.8"><worker wordnetid="109632518" confidence="0.8"><causal_agent wordnetid="100007347" confidence="0.8"><link ns0:type="simple" ns0:href="../962/1811962.xml">linearbounded</link></causal_agent></worker></assistant></model></person></physical_entity><physical_entity wordnetid="100001930" confidence="0.8"><person wordnetid="100007846" confidence="0.8"><model wordnetid="110324560" confidence="0.8"><assistant wordnetid="109815790" confidence="0.8"><worker wordnetid="109632518" confidence="0.8"><causal_agent wordnetid="100007347" confidence="0.8"><link ns0:type="simple" ns0:href="../447/9791447.xml">nested stack</link></causal_agent></worker></assistant></model></person></physical_entity><physical_entity wordnetid="100001930" confidence="0.8"><person wordnetid="100007846" confidence="0.8"><model wordnetid="110324560" confidence="0.8"><assistant wordnetid="109815790" confidence="0.8"><worker wordnetid="109632518" confidence="0.8"><causal_agent wordnetid="100007347" confidence="0.8"><link ns0:type="simple" ns0:href="../961/14345961.xml">embedded pushdown</link></causal_agent></worker></assistant></model></person></physical_entity><physical_entity wordnetid="100001930" confidence="0.8"><person wordnetid="100007846" confidence="0.8"><model wordnetid="110324560" confidence="0.8"><assistant wordnetid="109815790" confidence="0.8"><worker wordnetid="109632518" confidence="0.8"><causal_agent wordnetid="100007347" confidence="0.8"><link ns0:type="simple" ns0:href="../510/24510.xml">nondeterministic pushdown</link></causal_agent></worker></assistant></model></person></physical_entity><physical_entity wordnetid="100001930" confidence="0.8"><person wordnetid="100007846" confidence="0.8"><model wordnetid="110324560" confidence="0.8"><assistant wordnetid="109815790" confidence="0.8"><worker wordnetid="109632518" confidence="0.8"><causal_agent wordnetid="100007347" confidence="0.8"><link ns0:type="simple" ns0:href="../656/3972656.xml">deterministic pushdown</link></causal_agent></worker></assistant></model></person></physical_entity><link ns0:type="simple" ns0:href="../931/10931.xml">finite</link><language wordnetid="106282651" confidence="0.8"><link ns0:type="simple" ns0:href="../149/17995149.xml">aperiodic finite</link></language></p></col></row></table></col></row><row style="height:2px;" /><row><col colspan="2" style=";" class="navbox-abovebelow">category languages grammars<link ns0:type="simple" ns0:href="../631/27631.xml">proper subset</link>category directly automaton category equivalent automaton category directly</col></row></table></col></row></table></p></ss1></sec></bdy></method></know-how></model></article>