<article xmlns:ns0="http://www.w3.org/1999/xlink"><person confidence="0.9638700866880419" wordnetid="100007846"><header><title>aretas blood</title><id /><revision><id /><timestamp /><contributor><username>lightbot</username><id /></contributor></revision><categories><category>deaths</category><category>people vermont</category><category>foundrymen</category><category>people rail transport</category><category>births</category></categories></header><bdy>aretas blood played role manufacture early<body wordnetid="107965085" confidence="0.8"><social_group wordnetid="107950920" confidence="0.8"><political_orientation wordnetid="106212839" confidence="0.8"><colony wordnetid="108374049" confidence="0.8"><state wordnetid="108168978" confidence="0.8"><political_unit wordnetid="108359949" confidence="0.8"><group wordnetid="100031264" confidence="0.8"><democracy wordnetid="106217103" confidence="0.8"><link ns0:type="simple" ns0:href="../750/3434750.xml">american</link></democracy></group></political_unit></state></colony></political_orientation></social_group></body><link ns0:type="simple" ns0:href="../715/25715.xml">railroad</link><link ns0:type="simple" ns0:href="../788/196788.xml">steam locomotives</link><p>blood born<village wordnetid="108672738" confidence="0.9508927676800064"><link ns0:type="simple" ns0:href="../468/137468.xml">weathersfield vermont</link></village>age railroads began built united<link ns0:type="simple" ns0:href="../619/162619.xml">apprenticed</link><link ns0:type="simple" ns0:href="../092/145092.xml">blacksmith</link>years learning trade moved<village wordnetid="108672738" confidence="0.9508927676800064"><link ns0:type="simple" ns0:href="../848/116848.xml">lowell massachusetts</link></village>hired<link>locks canals machine shop</link>brought title blood foundry position job hand essex machine shop</p><p>essex blood manufactured locomotive parts built cash reserve purchase share<manufacturer wordnetid="108060446" confidence="0.8"><enterprise wordnetid="108056231" confidence="0.8"><business wordnetid="108061042" confidence="0.8"><link ns0:type="simple" ns0:href="../081/3039081.xml">manchester locomotive works</link></business></enterprise></manufacturer>opened blood shop superintendent position manchester original superintendent<link>bayley</link>left company</p><p>bloods opinion locomotives manchester produced light future railroads instigated substantial locomotive construction shop succeeding years blood acquired greater principal company majority owner</p><p>bloods tenure manchester purchased<link ns0:type="simple" ns0:href="../363/146363.xml">fire engine</link>manufacturing business<physical_entity wordnetid="100001930" confidence="0.8"><person wordnetid="100007846" confidence="0.8"><manufacturer wordnetid="108060446" confidence="0.8"><maker wordnetid="110284064" confidence="0.8"><enterprise wordnetid="108056231" confidence="0.8"><causal_agent wordnetid="100007347" confidence="0.8"><business wordnetid="108061042" confidence="0.8"><creator wordnetid="109614315" confidence="0.8"><link ns0:type="simple" ns0:href="../294/1079294.xml">amoskeag locomotive works</link></creator></business></causal_agent></enterprise></maker></manufacturer></person></physical_entity>blood died manchester continued absence building locomotives</p><p>bloods wife<link>lavinia kendall blood</link>founded<link>manchester womens aid relief society</link>interred<site wordnetid="108651247" confidence="0.8"><region wordnetid="108630985" confidence="0.8"><location wordnetid="100027167" confidence="0.8"><tract wordnetid="108673395" confidence="0.8"><cemetery wordnetid="108521623" confidence="0.8"><geographical_area wordnetid="108574314" confidence="0.8"><link ns0:type="simple" ns0:href="../106/3599106.xml">valley cemetery</link></geographical_area></cemetery></tract></location></region></site><village wordnetid="108672738" confidence="0.9508927676800064"><link ns0:type="simple" ns0:href="../770/124770.xml">manchester hampshire</link></village>cemeterys private mausoleums</p><p>bloods daughter<link>elenora blood carpenter</link>married<link ns0:type="simple" ns0:href="../081/1973081.xml">amoskeag</link>manufacturing company president<link>frank pierce carpenter</link>death carpenter donated funds elaborate building citys<link ns0:type="simple" ns0:href="../010/182010.xml">public library</link><ref ns0:type="simple" ns0:href="#xpointer(//reflist/entry[@id=%221%22])" /></p><sec><st>references</st><p><reflist><entry id="1"><weblink ns0:type="simple" ns0:href="http://www.manchesternh.gov/CityGov/LIB/About/History.htmlThe">city library gift learning</weblink></entry></reflist></p><p><list><entry level="1" type="bullet"><cite style="font-style:normal" class="book">white john history american locomotive development dover publications york isbn</cite></entry><entry level="1" type="bullet"><weblink ns0:type="simple" ns0:href="http://www.manchesternh.gov/CityGov/LIB/About/History.html">history manchester public library</weblink></entry></list></p></sec></bdy></person></article>