<article xmlns:ns0="http://www.w3.org/1999/xlink"><header><title>server gated cryptography</title><id /><revision><id /><timestamp /><contributor><username>natureboymd</username><id /></contributor></revision><categories><category>articles lacking intext citations</category><category>cryptography</category></categories></header><bdy><table class="metadata plainlinks ambox "><row><col>amboxstyle style</col></row><row><col class="mbox-image"><p><image width="50px" src="Text_document_with_red_question_mark.svg" /></p></col><col style="" class="mbox-text">article includes sources remain unclear lacks article introducing precise citations</col></row></table>server gated cryptography sgc created response<link ns0:type="simple" ns0:href="../211/32211.xml">united federal legislation</link><link ns0:type="simple" ns0:href="../003/826003.xml">export strong cryptography</link><p>legislation limited<link ns0:type="simple" ns0:href="../294/10294.xml">encryption</link>weak<link ns0:type="simple" ns0:href="../775/775.xml">algorithm</link>shorter key lengths software<body wordnetid="107965085" confidence="0.8"><social_group wordnetid="107950920" confidence="0.8"><political_orientation wordnetid="106212839" confidence="0.8"><colony wordnetid="108374049" confidence="0.8"><state wordnetid="108168978" confidence="0.8"><political_unit wordnetid="108359949" confidence="0.8"><group wordnetid="100031264" confidence="0.8"><democracy wordnetid="106217103" confidence="0.8"><link ns0:type="simple" ns0:href="../750/3434750.xml">united america</link></democracy></group></political_unit></state></colony></political_orientation></social_group></body></p><p>legislation included exception financial transactions sgc created extension<link ns0:type="simple" ns0:href="../813/187813.xml">ssl</link>sgc certificates issued financial organisations</p><p>ssl handshake takes place software<link ns0:type="simple" ns0:href="../173/33173.xml">web browser</link>list<link ns0:type="simple" ns0:href="../244/5244.xml">cipher</link>supports</p><p>weaker exported browsers include weaker ciphers ssl handshake browser stronger cryptography algorithms</p><p>comply legislation browser renegotiate handshake stronger ciphers browser detected server sgc certificate</p><p>legislation revoked sgc certificates issued organisation</p><p><software wordnetid="106566077" confidence="0.9508927676800064"><link ns0:type="simple" ns0:href="../215/15215.xml">internet explorer</link></software>sgc bit bit encryption starting patched versions<software wordnetid="106566077" confidence="0.9508927676800064"><link ns0:type="simple" ns0:href="../399/1956399.xml">internet explorer</link></software><software wordnetid="106566077" confidence="0.9508927676800064"><link ns0:type="simple" ns0:href="../397/1956397.xml">version</link></software><music wordnetid="107020895" confidence="0.8"><application wordnetid="106570110" confidence="0.8"><concept wordnetid="105835747" confidence="0.8"><idea wordnetid="105833840" confidence="0.8"><written_communication wordnetid="106349220" confidence="0.8"><writing wordnetid="106359877" confidence="0.8"><code wordnetid="106355894" confidence="0.8"><software wordnetid="106566077" confidence="0.8"><component wordnetid="105868954" confidence="0.8"><auditory_communication wordnetid="107109019" confidence="0.8"><program wordnetid="106568978" confidence="0.8"><browser wordnetid="106571301" confidence="0.8"><suite wordnetid="107047011" confidence="0.8"><coding_system wordnetid="106353757" confidence="0.8"><part wordnetid="105867413" confidence="0.8"><musical_composition wordnetid="107037465" confidence="0.8"><link ns0:type="simple" ns0:href="../394/1956394.xml">version</link></musical_composition></part></coding_system></suite></browser></program></auditory_communication></component></software></code></writing></written_communication></idea></concept></application></music></p><sec><st>external links</st><p><list><entry level="1" type="bullet"><weblink ns0:type="simple" ns0:href="http://www.thawte.com/ssl-digital-certificates/technical-support/sgc/index.html">thawtes server gated cryptography</weblink></entry><entry level="1" type="bullet"><weblink ns0:type="simple" ns0:href="http://www.microsoft.com/technet/prodtechnol/WindowsServer2003/Library/IIS/78a7c37b-ec75-4ff3-a510-920f2f0b73aa.mspx?mfr=true">microsofts server gated cryptography</weblink></entry><entry level="1" type="bullet"><weblink ns0:type="simple" ns0:href="http://www-uxsup.csx.cam.ac.uk/~jw35/courses/using_https/html/x746.htm">university cambridge server gated cryptography</weblink></entry></list></p><p><table style=";" class="navbox" cellspacing="0"><row><col style="padding:2px;"><table style="width:100%;background:transparent;color:inherit;;" class="nowraplinks collapsible autocollapse " cellspacing="0"><row><header colspan="2" style=";" class="navbox-title"><software wordnetid="106566077" confidence="0.9508927676800064"><link ns0:type="simple" ns0:href="../215/15215.xml">internet explorer</link></software></header></row><row style="height:2px;" /><row><col style=";;" class="navbox-group">versions</col><col style="text-align:left;border-left:2px solid #fdfdfd;width:100%;padding:0px;;;" class="navbox-list navbox-odd"><software wordnetid="106566077" confidence="0.9508927676800064"><link ns0:type="simple" ns0:href="../402/1956402.xml">version</link></software><software wordnetid="106566077" confidence="0.9508927676800064"><link ns0:type="simple" ns0:href="../399/1956399.xml">version</link></software><software wordnetid="106566077" confidence="0.9508927676800064"><link ns0:type="simple" ns0:href="../397/1956397.xml">version</link></software><music wordnetid="107020895" confidence="0.8"><application wordnetid="106570110" confidence="0.8"><concept wordnetid="105835747" confidence="0.8"><idea wordnetid="105833840" confidence="0.8"><written_communication wordnetid="106349220" confidence="0.8"><writing wordnetid="106359877" confidence="0.8"><code wordnetid="106355894" confidence="0.8"><software wordnetid="106566077" confidence="0.8"><component wordnetid="105868954" confidence="0.8"><auditory_communication wordnetid="107109019" confidence="0.8"><program wordnetid="106568978" confidence="0.8"><browser wordnetid="106571301" confidence="0.8"><suite wordnetid="107047011" confidence="0.8"><coding_system wordnetid="106353757" confidence="0.8"><part wordnetid="105867413" confidence="0.8"><musical_composition wordnetid="107037465" confidence="0.8"><link ns0:type="simple" ns0:href="../394/1956394.xml">version</link></musical_composition></part></coding_system></suite></browser></program></auditory_communication></component></software></code></writing></written_communication></idea></concept></application></music><software wordnetid="106566077" confidence="0.8"><idea wordnetid="105833840" confidence="0.8"><concept wordnetid="105835747" confidence="0.8"><application wordnetid="106570110" confidence="0.8"><component wordnetid="105868954" confidence="0.8"><program wordnetid="106568978" confidence="0.8"><browser wordnetid="106571301" confidence="0.8"><written_communication wordnetid="106349220" confidence="0.8"><writing wordnetid="106359877" confidence="0.8"><code wordnetid="106355894" confidence="0.8"><part wordnetid="105867413" confidence="0.8"><coding_system wordnetid="106353757" confidence="0.8"><link ns0:type="simple" ns0:href="../387/1956387.xml">version</link></coding_system></part></code></writing></written_communication></browser></program></component></application></concept></idea></software><software wordnetid="106566077" confidence="0.9508927676800064"><link ns0:type="simple" ns0:href="../419/1622419.xml">version</link></software><software wordnetid="106566077" confidence="0.9508927676800064"><link ns0:type="simple" ns0:href="../479/11031479.xml">version</link></software><software wordnetid="106566077" confidence="0.9508927676800064"><link ns0:type="simple" ns0:href="../668/2160668.xml">mobile</link></software><software wordnetid="106566077" confidence="0.9508927676800064"><link ns0:type="simple" ns0:href="../328/1144328.xml">mac</link></software><software wordnetid="106566077" confidence="0.9508927676800064"><link ns0:type="simple" ns0:href="../909/3477909.xml">unix</link></software></col></row><row style="height:2px" /><row><col style=";;" class="navbox-group">overview</col><col style="text-align:left;border-left:2px solid #fdfdfd;width:100%;padding:0px;;;" class="navbox-list navbox-even"><link ns0:type="simple" ns0:href="../016/1873016.xml">history</link><link ns0:type="simple" ns0:href="../191/1544191.xml">removal</link><link ns0:type="simple" ns0:href="../597/5876597.xml#xpointer(//*[./st=%22Internet+Explorer%22])">easter eggs</link><invertebrate wordnetid="101905661" confidence="0.8"><arthropod wordnetid="101767661" confidence="0.8"><amorphous_shape wordnetid="113867492" confidence="0.8"><location wordnetid="100027167" confidence="0.8"><expanse wordnetid="109277538" confidence="0.8"><bug wordnetid="102236355" confidence="0.8"><shape wordnetid="100027807" confidence="0.8"><space wordnetid="113910384" confidence="0.8"><insect wordnetid="102159955" confidence="0.8"><sheet wordnetid="109432060" confidence="0.8"><animal wordnetid="100015388" confidence="0.8"><link ns0:type="simple" ns0:href="../355/888355.xml">box model bug</link></animal></sheet></insect></space></shape></bug></expanse></location></amorphous_shape></arthropod></invertebrate><link ns0:type="simple" ns0:href="../758/11167758.xml">addins</link><link ns0:type="simple" ns0:href="../346/10590346.xml">extensions</link><link ns0:type="simple" ns0:href="../534/1950534.xml">shell</link></col></row><row style="height:2px" /><row><col style=";;" class="navbox-group">current technologies software</col><col style="text-align:left;border-left:2px solid #fdfdfd;width:100%;padding:0px;;;" class="navbox-list navbox-odd"><artifact wordnetid="100021939" confidence="0.8"><instrumentality wordnetid="103575240" confidence="0.8"><engine wordnetid="103287733" confidence="0.8"><motor wordnetid="103789946" confidence="0.8"><device wordnetid="103183080" confidence="0.8"><machine wordnetid="103699975" confidence="0.8"><link ns0:type="simple" ns0:href="../649/981649.xml">trident mshtml</link></machine></device></motor></engine></instrumentality></artifact><software wordnetid="106566077" confidence="0.8"><program wordnetid="106568978" confidence="0.8"><written_communication wordnetid="106349220" confidence="0.8"><writing wordnetid="106359877" confidence="0.8"><code wordnetid="106355894" confidence="0.8"><coding_system wordnetid="106353757" confidence="0.8"><parser wordnetid="106577369" confidence="0.8"><link ns0:type="simple" ns0:href="../900/5127900.xml">msxml</link></parser></coding_system></code></writing></written_communication></program></software><idea wordnetid="105833840" confidence="0.8"><concept wordnetid="105835747" confidence="0.8"><component wordnetid="105868954" confidence="0.8"><part wordnetid="105867413" confidence="0.8"><link ns0:type="simple" ns0:href="../966/11167966.xml">rss platform</link></part></component></concept></idea><programming_language wordnetid="106898352" confidence="0.9508927676800064"><link ns0:type="simple" ns0:href="../872/263872.xml">jscript</link></programming_language><physical_entity wordnetid="100001930" confidence="0.8"><person wordnetid="100007846" confidence="0.8"><client wordnetid="109985075" confidence="0.8"><causal_agent wordnetid="100007347" confidence="0.8"><case wordnetid="109898892" confidence="0.8"><link ns0:type="simple" ns0:href="../360/1594360.xml">xmlhttprequest</link></case></causal_agent></client></person></physical_entity><link ns0:type="simple" ns0:href="../497/93497.xml">activex</link><link ns0:type="simple" ns0:href="../143/11389143.xml">administration kit</link><component wordnetid="103081021" confidence="0.8"><part wordnetid="103892891" confidence="0.8"><addition wordnetid="102679415" confidence="0.8"><link ns0:type="simple" ns0:href="../992/11166992.xml">developer toolbar</link></addition></part></component><artifact wordnetid="100021939" confidence="0.8"><instrumentality wordnetid="103575240" confidence="0.8"><engine wordnetid="103287733" confidence="0.8"><motor wordnetid="103789946" confidence="0.8"><device wordnetid="103183080" confidence="0.8"><language wordnetid="106282651" confidence="0.8"><machine wordnetid="103699975" confidence="0.8"><link ns0:type="simple" ns0:href="../695/8172695.xml">hta</link></machine></language></device></motor></engine></instrumentality></artifact><link ns0:type="simple" ns0:href="../788/2942788.xml">htmltime</link><link ns0:type="simple" ns0:href="../992/11166992.xml">internet explorer developer toolbar</link><message wordnetid="106598915" confidence="0.8"><information wordnetid="106634376" confidence="0.8"><format wordnetid="106636806" confidence="0.8"><link ns0:type="simple" ns0:href="../688/922688.xml">web archive mhtml</link></format></information></message><link ns0:type="simple" ns0:href="../310/398310.xml">favicon</link><link ns0:type="simple" ns0:href="../170/14671170.xml">html components</link><link ns0:type="simple" ns0:href="../610/366610.xml">vector markup language vml</link><know-how wordnetid="105616786" confidence="0.8"><method wordnetid="105660268" confidence="0.8"><link ns0:type="simple" ns0:href="../688/596688.xml">integrated windows authentication</link></method></know-how><structure wordnetid="104341686" confidence="0.8"><artifact wordnetid="100021939" confidence="0.8"><window wordnetid="104587648" confidence="0.8"><supporting_structure wordnetid="104361095" confidence="0.8"><framework wordnetid="103391770" confidence="0.8"><link ns0:type="simple" ns0:href="../550/8674550.xml">temporary internet files</link></framework></supporting_structure></window></artifact></structure><message wordnetid="106598915" confidence="0.8"><information wordnetid="106634376" confidence="0.8"><format wordnetid="106636806" confidence="0.8"><link ns0:type="simple" ns0:href="../790/943790.xml">indexdat</link></format></information></message><message wordnetid="106598915" confidence="0.8"><information wordnetid="106634376" confidence="0.8"><format wordnetid="106636806" confidence="0.8"><link ns0:type="simple" ns0:href="../726/910726.xml">browser helper object bho</link></format></information></message><link ns0:type="simple" ns0:href="../702/971702.xml">web proxy autodiscovery protocol wpad</link></col></row><row style="height:2px" /><row><col style=";;" class="navbox-group">previous technologies software</col><col style="text-align:left;border-left:2px solid #fdfdfd;width:100%;padding:0px;;;" class="navbox-list navbox-even"><physical_entity wordnetid="100001930" confidence="0.8"><person wordnetid="100007846" confidence="0.8"><client wordnetid="109985075" confidence="0.8"><causal_agent wordnetid="100007347" confidence="0.8"><case wordnetid="109898892" confidence="0.8"><link ns0:type="simple" ns0:href="../281/176281.xml">outlook express</link></case></causal_agent></client></person></physical_entity><link ns0:type="simple" ns0:href="../494/3646494.xml">internet mail news</link><software wordnetid="106566077" confidence="0.9508927676800064"><link ns0:type="simple" ns0:href="../123/360123.xml">comic chatchat</link></software><idea wordnetid="105833840" confidence="0.8"><concept wordnetid="105835747" confidence="0.8"><component wordnetid="105868954" confidence="0.8"><component wordnetid="103081021" confidence="0.8"><part wordnetid="105867413" confidence="0.8"><part wordnetid="103892891" confidence="0.8"><addition wordnetid="102679415" confidence="0.8"><link ns0:type="simple" ns0:href="../279/1804279.xml">netmeeting</link></addition></part></part></component></component></concept></idea><format wordnetid="106636806" confidence="0.9508927676800064"><link ns0:type="simple" ns0:href="../497/4531497.xml">netshow</link></format><link ns0:type="simple" ns0:href="../688/4930688.xml">activemovie</link><link ns0:type="simple" ns0:href="../396/4452396.xml">directx media</link><idea wordnetid="105833840" confidence="0.8"><concept wordnetid="105835747" confidence="0.8"><component wordnetid="105868954" confidence="0.8"><component wordnetid="103081021" confidence="0.8"><part wordnetid="105867413" confidence="0.8"><part wordnetid="103892891" confidence="0.8"><addition wordnetid="102679415" confidence="0.8"><link ns0:type="simple" ns0:href="../463/4122463.xml">windows address book</link></addition></part></part></component></component></concept></idea><structure wordnetid="104341686" confidence="0.8"><artifact wordnetid="100021939" confidence="0.8"><window wordnetid="104587648" confidence="0.8"><supporting_structure wordnetid="104361095" confidence="0.8"><framework wordnetid="103391770" confidence="0.8"><link ns0:type="simple" ns0:href="../975/3857975.xml">windows desktop update</link></framework></supporting_structure></window></artifact></structure><idea wordnetid="105833840" confidence="0.8"><concept wordnetid="105835747" confidence="0.8"><component wordnetid="105868954" confidence="0.8"><part wordnetid="105867413" confidence="0.8"><link ns0:type="simple" ns0:href="../316/1165316.xml">active desktop</link></part></component></concept></idea><computer wordnetid="103082979" confidence="0.8"><artifact wordnetid="100021939" confidence="0.8"><instrumentality wordnetid="103575240" confidence="0.8"><device wordnetid="103183080" confidence="0.8"><machine wordnetid="103699975" confidence="0.8"><web_site wordnetid="106359193" confidence="0.8"><link ns0:type="simple" ns0:href="../280/2373280.xml">active channel</link></web_site></machine></device></instrumentality></artifact></computer><standard wordnetid="107260623" confidence="0.8"><system_of_measurement wordnetid="113577171" confidence="0.8"><link ns0:type="simple" ns0:href="../631/1500631.xml">channel definition format</link></system_of_measurement></standard><link ns0:type="simple" ns0:href="../351/14910351.xml">java virtual machine</link><link ns0:type="simple" ns0:href="../740/10930740.xml">server gated cryptography sgc</link><technique wordnetid="105665146" confidence="0.8"><know-how wordnetid="105616786" confidence="0.8"><drive wordnetid="104835724" confidence="0.8"><enterprise wordnetid="104836074" confidence="0.8"><method wordnetid="105660268" confidence="0.8"><trait wordnetid="104616059" confidence="0.8"><link ns0:type="simple" ns0:href="../329/13821329.xml">smart tags</link></trait></method></enterprise></drive></know-how></technique><software wordnetid="106566077" confidence="0.9508927676800064"><link ns0:type="simple" ns0:href="../614/1129614.xml">msn explorer</link></software><company wordnetid="108058098" confidence="0.8"><institution wordnetid="108053576" confidence="0.8"><link ns0:type="simple" ns0:href="../861/774861.xml">spyglass</link></institution></company><artifact wordnetid="100021939" confidence="0.8"><instrumentality wordnetid="103575240" confidence="0.8"><engine wordnetid="103287733" confidence="0.8"><motor wordnetid="103789946" confidence="0.8"><device wordnetid="103183080" confidence="0.8"><machine wordnetid="103699975" confidence="0.8"><link ns0:type="simple" ns0:href="../650/981650.xml">tasman</link></machine></device></motor></engine></instrumentality></artifact></col></row><row style="height:2px" /><row><col style=";;" class="navbox-group">events</col><col style="text-align:left;border-left:2px solid #fdfdfd;width:100%;padding:0px;;;" class="navbox-list navbox-odd"><military_action wordnetid="100952963" confidence="0.8"><group_action wordnetid="101080366" confidence="0.8"><event wordnetid="100029378" confidence="0.8"><act wordnetid="100030358" confidence="0.8"><psychological_feature wordnetid="100023100" confidence="0.8"><war wordnetid="100973077" confidence="0.8"><competition wordnetid="101168569" confidence="0.8"><link ns0:type="simple" ns0:href="../709/486709.xml#xpointer(//*[./st=%22The+first+browser+war%22])">browser war</link></competition></war></psychological_feature></act></event></group_action></military_action><link ns0:type="simple" ns0:href="../770/20770.xml">united microsoft</link><link ns0:type="simple" ns0:href="../351/14910351.xml#xpointer(//*[./st=%22Sun+vs.+Microsoft+settlement%22])">sun microsoft</link><link ns0:type="simple" ns0:href="../005/756005.xml">downloadject</link><company wordnetid="108058098" confidence="0.8"><institution wordnetid="108053576" confidence="0.8"><link ns0:type="simple" ns0:href="../522/337522.xml#xpointer(//*[./st=%22The+patent%22])">eolas microsoft</link></institution></company><military_action wordnetid="100952963" confidence="0.8"><group_action wordnetid="101080366" confidence="0.8"><event wordnetid="100029378" confidence="0.8"><act wordnetid="100030358" confidence="0.8"><psychological_feature wordnetid="100023100" confidence="0.8"><war wordnetid="100973077" confidence="0.8"><competition wordnetid="101168569" confidence="0.8"><link ns0:type="simple" ns0:href="../709/486709.xml#xpointer(//*[./st=%22The+second+browser+war%22])">second browser war</link></competition></war></psychological_feature></act></event></group_action></military_action></col></row><row style="height:2px" /><row><col style=";;" class="navbox-group">topics</col><col style="text-align:left;border-left:2px solid #fdfdfd;width:100%;padding:0px;;;" class="navbox-list navbox-even"><link ns0:type="simple" ns0:href="../045/978045.xml">comparison web browsers</link><link ns0:type="simple" ns0:href="../262/1876262.xml">usage share web browsers</link><link ns0:type="simple" ns0:href="../106/1122106.xml">list web browsers</link><link ns0:type="simple" ns0:href="../679/4786679.xml">browser timeline</link></col></row></table></col></row></table></p></sec></bdy></article>