<article xmlns:ns0="http://www.w3.org/1999/xlink"><physical_entity confidence="0.8" wordnetid="100001930"><benefactor confidence="0.8" wordnetid="109608709"><collector confidence="0.8" wordnetid="109936620"><person confidence="0.8" wordnetid="100007846"><good_person confidence="0.8" wordnetid="110138767"><donor confidence="0.8" wordnetid="110025730"><causal_agent confidence="0.8" wordnetid="100007347"><philanthropist confidence="0.8" wordnetid="110421956"><header><title>louise blouin macbain</title><id /><revision><id /><timestamp /><contributor><username>micksteroony</username><id /></contributor></revision><categories><category>canadian businesspeople</category><category>canadian art collectors</category><category>living people</category><category>births</category><category>canadian philanthropists</category></categories></header><bdy>louise thrse blouin macbain born<link ns0:type="simple" ns0:href="../555/22555.xml">october</link><link ns0:type="simple" ns0:href="../953/34953.xml" />french<region wordnetid="108630039" confidence="0.9508927676800064"><link ns0:type="simple" ns0:href="../916/5042916.xml">canadian</link></region><link ns0:type="simple" ns0:href="../001/21001.xml">magazine</link><link ns0:type="simple" ns0:href="../761/68761.xml">publisher</link><link ns0:type="simple" ns0:href="../050/220050.xml">philanthropist</link><link ns0:type="simple" ns0:href="../234/52234.xml">ceo</link>president louise blouin media founder chairman louise blouin foundation<link ns0:type="simple" ns0:href="../487/72487.xml">notforprofit</link>organization promotes culture creativity forces positive change<ref ns0:type="simple" ns0:href="#xpointer(//reflist/entry[@id=%221%22])" /><sec><st>early life</st><p>louise thrse blouin born<village wordnetid="108672738" confidence="0.9508927676800064"><link ns0:type="simple" ns0:href="../681/7954681.xml">montreal</link></village>youngest children worked parttime bookkeeper whilst school<university wordnetid="108286163" confidence="0.9508927676800064"><link ns0:type="simple" ns0:href="../643/7954643.xml">mcgill university</link></university>study commerce switching<link ns0:type="simple" ns0:href="../914/42914.xml">concordia</link>graduate study ownerpresident management program<university wordnetid="108286163" confidence="0.9508927676800064"><link ns0:type="simple" ns0:href="../741/18998741.xml">harvard business school</link></university>early eighties met married david stewart member canadian macdonald tobacco family marriage annulled year unknown reasons<ref ns0:type="simple" ns0:href="#xpointer(//reflist/entry[@id=%222%22])" /></p></sec><sec><st>media career</st><p>married<physical_entity wordnetid="100001930" confidence="0.8"><executive wordnetid="110069645" confidence="0.8"><person wordnetid="100007846" confidence="0.8"><leader wordnetid="109623038" confidence="0.8"><administrator wordnetid="109770949" confidence="0.8"><intellectual wordnetid="109621545" confidence="0.8"><alumnus wordnetid="109786338" confidence="0.8"><causal_agent wordnetid="100007347" confidence="0.8"><head wordnetid="110162991" confidence="0.8"><scholar wordnetid="110557854" confidence="0.8"><link ns0:type="simple" ns0:href="../300/2566300.xml">john macbain</link></scholar></head></causal_agent></alumnus></intellectual></administrator></leader></person></executive></physical_entity>acquired auto hebdo classified car trading magazine louise macbain chairman ceo business grew<message wordnetid="106598915" confidence="0.8"><information wordnetid="106634376" confidence="0.8"><electronic_database wordnetid="106588511" confidence="0.8"><lexical_database wordnetid="106638868" confidence="0.8"><company wordnetid="108058098" confidence="0.8"><wordnet wordnetid="106639428" confidence="0.8"><database wordnetid="106637824" confidence="0.8"><institution wordnetid="108053576" confidence="0.8"><link ns0:type="simple" ns0:href="../219/2566219.xml">trader classified media</link></institution></database></wordnet></company></lexical_database></electronic_database></information></message>acquired<link ns0:type="simple" ns0:href="../525/646525.xml">classifiedadvertisement</link>publications early adopter<link ns0:type="simple" ns0:href="../539/14539.xml">internet</link>websites ten years sales rising<ref ns0:type="simple" ns0:href="#xpointer(//reflist/entry[@id=%223%22])" />focus expanding cars include boats real estate jobs</p><p>hebdo changed tradercom holding ipos nasdaq paris premier march<ref ns0:type="simple" ns0:href="#xpointer(//reflist/entry[@id=%224%22])" />continued acquisition spree impacted operating profits years profitable blouin exited company long divorced second husband<ref ns0:type="simple" ns0:href="#xpointer(//reflist/entry[@id=%225%22])" /></p><p>ceo international auction house<link ns0:type="simple" ns0:href="../234/6873234.xml">phillips pury luxembourg</link>resigning position year setting louise blouin media moving art publications acquiring<work wordnetid="104599396" confidence="0.8"><product wordnetid="104007894" confidence="0.8"><magazine wordnetid="106595351" confidence="0.8"><print_media wordnetid="106263609" confidence="0.8"><creation wordnetid="103129123" confidence="0.8"><press wordnetid="106263369" confidence="0.8"><artifact wordnetid="100021939" confidence="0.8"><instrumentality wordnetid="103575240" confidence="0.8"><medium wordnetid="106254669" confidence="0.8"><publication wordnetid="106589574" confidence="0.8"><link ns0:type="simple" ns0:href="../252/11382252.xml">artauction</link></publication></medium></instrumentality></artifact></press></creation></print_media></magazine></product></work>gallery guide museums<link>culturetravel</link><work wordnetid="104599396" confidence="0.8"><product wordnetid="104007894" confidence="0.8"><magazine wordnetid="106595351" confidence="0.8"><print_media wordnetid="106263609" confidence="0.8"><creation wordnetid="103129123" confidence="0.8"><press wordnetid="106263369" confidence="0.8"><artifact wordnetid="100021939" confidence="0.8"><instrumentality wordnetid="103575240" confidence="0.8"><medium wordnetid="106254669" confidence="0.8"><publication wordnetid="106589574" confidence="0.8"><link ns0:type="simple" ns0:href="../807/17641807.xml">modern painters</link></publication></medium></instrumentality></artifact></press></creation></print_media></magazine></product></work>three years founded<work wordnetid="104599396" confidence="0.8"><product wordnetid="104007894" confidence="0.8"><magazine wordnetid="106595351" confidence="0.8"><print_media wordnetid="106263609" confidence="0.8"><creation wordnetid="103129123" confidence="0.8"><press wordnetid="106263369" confidence="0.8"><artifact wordnetid="100021939" confidence="0.8"><instrumentality wordnetid="103575240" confidence="0.8"><medium wordnetid="106254669" confidence="0.8"><publication wordnetid="106589574" confidence="0.8"><link ns0:type="simple" ns0:href="../092/11275092.xml">artinfo</link></publication></medium></instrumentality></artifact></press></creation></print_media></magazine></product></work>wwwartinfocom online portal access arts culture summer<link>myartinfo</link>launched myartinfocom social networking website artists post artwork connect blog</p></sec><sec><st>philanthropy</st><p>louise blouin macbain founded louise blouin foundation aim raising awareness role culture creativity play resolving global issues foundations website lists core aims</p><p><list><entry level="1" type="bullet">encouraging better understanding foreign affairs culture borders international cooperation exchange dialogue century</entry><entry level="1" type="bullet">exploring broader practical significance creativity creative potential human brain<ref ns0:type="simple" ns0:href="#xpointer(//reflist/entry[@id=%226%22])" /></entry></list></p><p>foundations projects inception include</p><p><list><entry level="1" type="bullet">principal supporter staging<person wordnetid="100007846" confidence="0.9508927676800064"><link ns0:type="simple" ns0:href="../172/38172.xml">stravinsky</link></person><link ns0:type="simple" ns0:href="../729/1546729.xml">soldiers tale</link><link ns0:type="simple" ns0:href="../824/589824.xml">vic</link>theatre<village wordnetid="108672738" confidence="0.9508927676800064"><link ns0:type="simple" ns0:href="../867/17867.xml">london</link></village>collaboration<link ns0:type="simple" ns0:href="../703/181703.xml">iraqi</link><ethnic_group wordnetid="107967382" confidence="0.8"><group wordnetid="100031264" confidence="0.8"><link ns0:type="simple" ns0:href="../542/13279542.xml">european</link></group></ethnic_group>actors</entry><entry level="1" type="bullet">bring orleans support project rebuilding cultural infrastructure<link ns0:type="simple" ns0:href="../842/53842.xml">orleans</link>wake<hurricane wordnetid="111467018" confidence="0.9508927676800064"><link ns0:type="simple" ns0:href="../378/2569378.xml">hurricane katrina</link></hurricane></entry><entry level="1" type="bullet">generations multipart<link>series</link>chronicling stories families<link ns0:type="simple" ns0:href="../296/181296.xml">israeli</link><link ns0:type="simple" ns0:href="../267/23267.xml">palestinian</link>partnership<link ns0:type="simple" ns0:href="../877/1329877.xml">film school</link><university wordnetid="108286163" confidence="0.9508927676800064"><link ns0:type="simple" ns0:href="../402/161402.xml">tel aviv university</link></university>royal<link ns0:type="simple" ns0:href="../964/7515964.xml">jordanian</link>film commission</entry><entry level="1" type="bullet">making case culture support project<link ns0:type="simple" ns0:href="../793/493793.xml">oecd</link>investigates possibility link quality life country amount<link ns0:type="simple" ns0:href="../594/12594.xml">gdp</link>spent culture</entry><entry level="1" type="bullet">cultural exchange programmes<link ns0:type="simple" ns0:href="../862/5042862.xml">china</link><link ns0:type="simple" ns0:href="../323/19323.xml">middle east</link></entry><entry level="1" type="bullet">art biology mind<link ns0:type="simple" ns0:href="../101/37101.xml">thinktank</link><university wordnetid="108286163" confidence="0.9508927676800064"><ranking wordnetid="114429484" confidence="0.9508927676800064"><link ns0:type="simple" ns0:href="../310/6310.xml">columbia university</link></ranking></university><village wordnetid="108672738" confidence="0.9508927676800064"><link ns0:type="simple" ns0:href="../042/645042.xml">york city</link></village>march featuring debate<link ns0:type="simple" ns0:href="../212/1212.xml">artists</link><physical_entity wordnetid="100001930" confidence="0.8"><person wordnetid="100007846" confidence="0.8"><causal_agent wordnetid="100007347" confidence="0.8"><painter wordnetid="110391653" confidence="0.8"><artist wordnetid="109812338" confidence="0.8"><creator wordnetid="109614315" confidence="0.8"><link ns0:type="simple" ns0:href="../593/3573593.xml">david salle</link></creator></artist></painter></causal_agent></person></physical_entity><physical_entity wordnetid="100001930" confidence="0.8"><architect wordnetid="109805475" confidence="0.8"><person wordnetid="100007846" confidence="0.8"><intellectual wordnetid="109621545" confidence="0.8"><alumnus wordnetid="109786338" confidence="0.8"><causal_agent wordnetid="100007347" confidence="0.8"><scholar wordnetid="110557854" confidence="0.8"><creator wordnetid="109614315" confidence="0.8"><link ns0:type="simple" ns0:href="../613/53613.xml">richard meier</link></creator></scholar></causal_agent></alumnus></intellectual></person></architect></physical_entity><link>george condo</link><link ns0:type="simple" ns0:href="../997/26997.xml">scientists</link><physical_entity wordnetid="100001930" confidence="0.8"><person wordnetid="100007846" confidence="0.8"><honoree wordnetid="110183757" confidence="0.8"><intellectual wordnetid="109621545" confidence="0.8"><neurobiologist wordnetid="110353928" confidence="0.8"><acquirer wordnetid="109764201" confidence="0.8"><scientist wordnetid="110560637" confidence="0.8"><recipient wordnetid="109627906" confidence="0.8"><biologist wordnetid="109855630" confidence="0.8"><laureate wordnetid="110249011" confidence="0.8"><alumnus wordnetid="109786338" confidence="0.8"><causal_agent wordnetid="100007347" confidence="0.8"><neuroscientist wordnetid="110354580" confidence="0.8"><scholar wordnetid="110557854" confidence="0.8"><research_worker wordnetid="110523076" confidence="0.8"><link ns0:type="simple" ns0:href="../151/1039151.xml">richard axel</link></research_worker></scholar></neuroscientist></causal_agent></alumnus></laureate></biologist></recipient></scientist></acquirer></neurobiologist></intellectual></honoree></person></physical_entity><physical_entity wordnetid="100001930" confidence="0.8"><person wordnetid="100007846" confidence="0.8"><honoree wordnetid="110183757" confidence="0.8"><intellectual wordnetid="109621545" confidence="0.8"><neurobiologist wordnetid="110353928" confidence="0.8"><acquirer wordnetid="109764201" confidence="0.8"><scientist wordnetid="110560637" confidence="0.8"><recipient wordnetid="109627906" confidence="0.8"><biologist wordnetid="109855630" confidence="0.8"><laureate wordnetid="110249011" confidence="0.8"><alumnus wordnetid="109786338" confidence="0.8"><causal_agent wordnetid="100007347" confidence="0.8"><neuroscientist wordnetid="110354580" confidence="0.8"><scholar wordnetid="110557854" confidence="0.8"><research_worker wordnetid="110523076" confidence="0.8"><link ns0:type="simple" ns0:href="../622/193622.xml">eric kandel</link></research_worker></scholar></neuroscientist></causal_agent></alumnus></laureate></biologist></recipient></scientist></acquirer></neurobiologist></intellectual></honoree></person></physical_entity><link ns0:type="simple" ns0:href="../189/4275189.xml">joseph ledoux</link>clearer understanding ways brain responds art</entry><entry level="1" type="bullet">music brain review exploring brain processes music music affect psychological development</entry></list></p><ss1><st>global creative leadership summit</st><p>louise blouin foundations flagship event place harold pratt house<village wordnetid="108672738" confidence="0.9508927676800064"><link ns0:type="simple" ns0:href="../042/645042.xml">york city</link></village>november stated aim</p><p>bringing influential leaders business technology government science arts global creative leadership summit hosted ltb foundation hopes unleash insights will practical implications problemsolving disciplines business government leaders benefit knowing brain works differently break todays complex challenges<ref ns0:type="simple" ns0:href="#xpointer(//reflist/entry[@id=%227%22])" /></p><p>notable speakers included</p><p><list><entry level="1" type="bullet"><link ns0:type="simple" ns0:href="../987/1175987.xml">nobel laureate</link><person wordnetid="100007846" confidence="0.9508927676800064"><officeholder wordnetid="110371450" confidence="0.9508927676800064"><link ns0:type="simple" ns0:href="../765/13765.xml">henry kissinger</link></officeholder></person><physical_entity wordnetid="100001930" confidence="0.8"><person wordnetid="100007846" confidence="0.8"><honoree wordnetid="110183757" confidence="0.8"><intellectual wordnetid="109621545" confidence="0.8"><neurobiologist wordnetid="110353928" confidence="0.8"><acquirer wordnetid="109764201" confidence="0.8"><scientist wordnetid="110560637" confidence="0.8"><recipient wordnetid="109627906" confidence="0.8"><biologist wordnetid="109855630" confidence="0.8"><laureate wordnetid="110249011" confidence="0.8"><alumnus wordnetid="109786338" confidence="0.8"><causal_agent wordnetid="100007347" confidence="0.8"><neuroscientist wordnetid="110354580" confidence="0.8"><scholar wordnetid="110557854" confidence="0.8"><research_worker wordnetid="110523076" confidence="0.8"><link ns0:type="simple" ns0:href="../151/1039151.xml">richard axel</link></research_worker></scholar></neuroscientist></causal_agent></alumnus></laureate></biologist></recipient></scientist></acquirer></neurobiologist></intellectual></honoree></person></physical_entity><person wordnetid="100007846" confidence="0.9508927676800064"><scientist wordnetid="110560637" confidence="0.9508927676800064"><link ns0:type="simple" ns0:href="../289/16289.xml">james watson</link></scientist></person><physical_entity wordnetid="100001930" confidence="0.8"><person wordnetid="100007846" confidence="0.8"><honoree wordnetid="110183757" confidence="0.8"><intellectual wordnetid="109621545" confidence="0.8"><neurobiologist wordnetid="110353928" confidence="0.8"><acquirer wordnetid="109764201" confidence="0.8"><scientist wordnetid="110560637" confidence="0.8"><recipient wordnetid="109627906" confidence="0.8"><biologist wordnetid="109855630" confidence="0.8"><laureate wordnetid="110249011" confidence="0.8"><alumnus wordnetid="109786338" confidence="0.8"><causal_agent wordnetid="100007347" confidence="0.8"><neuroscientist wordnetid="110354580" confidence="0.8"><scholar wordnetid="110557854" confidence="0.8"><research_worker wordnetid="110523076" confidence="0.8"><link ns0:type="simple" ns0:href="../622/193622.xml">eric kandel</link></research_worker></scholar></neuroscientist></causal_agent></alumnus></laureate></biologist></recipient></scientist></acquirer></neurobiologist></intellectual></honoree></person></physical_entity></entry><entry level="1" type="bullet">scientists<link ns0:type="simple" ns0:href="../063/417063.xml">ramachandran</link><celebrity wordnetid="109903153" confidence="0.9508927676800064"><link ns0:type="simple" ns0:href="../830/3935830.xml">mehmet</link></celebrity><person wordnetid="100007846" confidence="0.9508927676800064"><scientist wordnetid="110560637" confidence="0.9508927676800064"><link ns0:type="simple" ns0:href="../936/671936.xml">lisa randall</link></scientist></person></entry><entry level="1" type="bullet">spiritual leader<person wordnetid="100007846" confidence="0.9508927676800064"><link ns0:type="simple" ns0:href="../486/301486.xml">sri sri ravi shankar</link></person></entry><entry level="1" type="bullet">journalist<columnist wordnetid="109939154" confidence="0.9173553029164789"><writer wordnetid="110794014" confidence="0.9508927676800064"><link ns0:type="simple" ns0:href="../555/295555.xml">arianna huffington</link></writer></columnist>chess grandmaster<chess_player wordnetid="109915834" confidence="0.9508927676800064"><link ns0:type="simple" ns0:href="../659/232659.xml">susan polgar</link></chess_player><link ns0:type="simple" ns0:href="../303/349303.xml">saudi</link>ambassador<link ns0:type="simple" ns0:href="../750/3434750.xml" /><link ns0:type="simple" ns0:href="../446/1803446.xml">prince turki faisal</link>artists<artist wordnetid="109812338" confidence="0.9508927676800064"><link ns0:type="simple" ns0:href="../023/840023.xml">chuck close</link></artist><person wordnetid="100007846" confidence="0.9508927676800064"><artist wordnetid="109812338" confidence="0.9508927676800064"><link ns0:type="simple" ns0:href="../575/518575.xml">richard serra</link></artist></person>ceo<company wordnetid="108058098" confidence="0.9508927676800064"><link ns0:type="simple" ns0:href="../066/885066.xml">blackstone group</link></company><physical_entity wordnetid="100001930" confidence="0.8"><benefactor wordnetid="109608709" confidence="0.8"><person wordnetid="100007846" confidence="0.8"><rich_person wordnetid="110529231" confidence="0.8"><good_person wordnetid="110138767" confidence="0.8"><billionaire wordnetid="110529684" confidence="0.8"><intellectual wordnetid="109621545" confidence="0.8"><philanthropist wordnetid="110421956" confidence="0.8"><director wordnetid="110014939" confidence="0.8"><donor wordnetid="110025730" confidence="0.8"><administrator wordnetid="109770949" confidence="0.8"><leader wordnetid="109623038" confidence="0.8"><alumnus wordnetid="109786338" confidence="0.8"><causal_agent wordnetid="100007347" confidence="0.8"><head wordnetid="110162991" confidence="0.8"><scholar wordnetid="110557854" confidence="0.8"><link ns0:type="simple" ns0:href="../070/885070.xml">stephen schwarzman</link></scholar></head></causal_agent></alumnus></leader></administrator></donor></director></philanthropist></intellectual></billionaire></good_person></rich_person></person></benefactor></physical_entity></entry></list></p></ss1><ss1><st>louise blouin institute</st><p>october foundation opened louise blouin institute<site wordnetid="108651247" confidence="0.9508927676800064"><link ns0:type="simple" ns0:href="../200/94200.xml">notting hill</link></site><region wordnetid="108630985" confidence="0.8"><location wordnetid="100027167" confidence="0.8"><district wordnetid="108552138" confidence="0.8"><link ns0:type="simple" ns0:href="../819/1493819.xml">west london</link></district></location></region>gallery space combined centre foundations work opening exhibition featured light installation pieces<link ns0:type="simple" ns0:href="../617/396617.xml">californian</link>artist<physical_entity wordnetid="100001930" confidence="0.8"><peer wordnetid="109626238" confidence="0.8"><person wordnetid="100007846" confidence="0.8"><intellectual wordnetid="109621545" confidence="0.8"><colleague wordnetid="109935990" confidence="0.8"><alumnus wordnetid="109786338" confidence="0.8"><causal_agent wordnetid="100007347" confidence="0.8"><religious_person wordnetid="109628382" confidence="0.8"><artist wordnetid="109812338" confidence="0.8"><scholar wordnetid="110557854" confidence="0.8"><creator wordnetid="109614315" confidence="0.8"><associate wordnetid="109816771" confidence="0.8"><link ns0:type="simple" ns0:href="../297/1380297.xml">james turrell</link></associate></creator></scholar></artist></religious_person></causal_agent></alumnus></colleague></intellectual></person></peer></physical_entity>lecturers organised speak theme art light science tandem exhibition included professors<link ns0:type="simple" ns0:href="../040/1038040.xml">semir zeki</link><physical_entity wordnetid="100001930" confidence="0.8"><peer wordnetid="109626238" confidence="0.8"><person wordnetid="100007846" confidence="0.8"><intellectual wordnetid="109621545" confidence="0.8"><colleague wordnetid="109935990" confidence="0.8"><causal_agent wordnetid="100007347" confidence="0.8"><historian wordnetid="110177150" confidence="0.8"><scholar wordnetid="110557854" confidence="0.8"><associate wordnetid="109816771" confidence="0.8"><link ns0:type="simple" ns0:href="../023/5167023.xml">martin kemp</link></associate></scholar></historian></causal_agent></colleague></intellectual></person></peer></physical_entity><physical_entity wordnetid="100001930" confidence="0.8"><peer wordnetid="109626238" confidence="0.8"><physicist wordnetid="110428004" confidence="0.8"><person wordnetid="100007846" confidence="0.8"><colleague wordnetid="109935990" confidence="0.8"><causal_agent wordnetid="100007347" confidence="0.8"><academician wordnetid="109759069" confidence="0.8"><scientist wordnetid="110560637" confidence="0.8"><adult wordnetid="109605289" confidence="0.8"><professional wordnetid="110480253" confidence="0.8"><educator wordnetid="110045713" confidence="0.8"><associate wordnetid="109816771" confidence="0.8"><link ns0:type="simple" ns0:href="../001/322001.xml">sir michael berry</link></associate></educator></professional></adult></scientist></academician></causal_agent></colleague></person></physicist></peer></physical_entity></p><p>foundations website lists philosophy institute</p><p>philosophy institute will experimentation questioning debate learning will focuses activity work individual artists temporary exhibitions installations performances screenings will promote lively programme events lectures debates workshops thinktanks summits foundations areas interest<ref ns0:type="simple" ns0:href="#xpointer(//reflist/entry[@id=%228%22])" /></p></ss1></sec><sec><st>trivia</st><p><list><entry level="1" type="bullet"><link ns0:type="simple" ns0:href="../305/8305.xml">dyslexia</link>stated belief enhanced creative abilities condition<ref ns0:type="simple" ns0:href="#xpointer(//reflist/entry[@id=%229%22])" /></entry><entry level="1" type="bullet"><link ns0:type="simple" ns0:href="../063/299063.xml">sunday times rich list</link>equal place estimating fortune</entry></list></p></sec><sec><st>external links</st><p><list><entry level="1" type="bullet"><weblink ns0:type="simple" ns0:href="http://www.ltbfoundation.org">louise blouin foundation website</weblink>information louise blouin institute</entry><entry level="1" type="bullet"><weblink ns0:type="simple" ns0:href="http://www.creativeleadershipsummit.org">website global creative leadership summit</weblink></entry><entry level="1" type="bullet"><weblink ns0:type="simple" ns0:href="http://www.artinfo.com">artinfocom</weblink></entry><entry level="1" type="bullet"><weblink ns0:type="simple" ns0:href="http://www.ltbholding.com">louise blouin media website</weblink></entry><entry level="1" type="bullet"><weblink ns0:type="simple" ns0:href="http://www.artinfo.com/artandauction">artauction magazine</weblink></entry><entry level="1" type="bullet"><weblink ns0:type="simple" ns0:href="http://www.galleryguide.com">gallery guide magazine</weblink></entry><entry level="1" type="bullet"><weblink ns0:type="simple" ns0:href="http://www.modernpainters.co.uk">modern painters magazine</weblink></entry><entry level="1" type="bullet"><weblink ns0:type="simple" ns0:href="http://www.cultureandtravel.com">culturetravel magazine</weblink></entry><entry level="1" type="bullet"><weblink ns0:type="simple" ns0:href="http://www.myartinfo.com">myartinfocom</weblink>social networking website artists</entry><entry level="1" type="bullet"><weblink ns0:type="simple" ns0:href="http://www.guardian.co.uk/artanddesign/2006/oct/08/art1">interview</weblink>guardian interview october</entry></list></p></sec><sec><st>references</st><p><reflist><entry id="1"><weblink ns0:type="simple" ns0:href="http://www.ltbfoundation.org">louise blouin foundation website</weblink></entry><entry id="2"><weblink ns0:type="simple" ns0:href="http://www.guardian.co.uk/artanddesign/2006/oct/08/art1">guardian interview</weblink></entry><entry id="3"><weblink ns0:type="simple" ns0:href="http://business.timesonline.co.uk/tol/business/article1045448.ece">art publishers ambition study revenge</weblink>andrew porter<newspaper wordnetid="106267145" confidence="0.9508927676800064"><link ns0:type="simple" ns0:href="../472/2313472.xml">sunday times</link></newspaper>march</entry><entry id="4"><weblink ns0:type="simple" ns0:href="http://www.fundinguniverse.com/company-histories/Trader-Classified-Media-NV-Company-History.html">history trader classified media</weblink></entry><entry id="5"><weblink ns0:type="simple" ns0:href="http://www.guardian.co.uk/artanddesign/2006/oct/08/art1">guardian interview</weblink></entry><entry id="6"><weblink ns0:type="simple" ns0:href="http://www.ltbfoundation.org">louise blouin foundation website</weblink></entry><entry id="7"><weblink ns0:type="simple" ns0:href="http://www.creativeleadershipsummit.org/event_programme.htm">global creative leadership summit website</weblink></entry><entry id="8"><weblink ns0:type="simple" ns0:href="http://www.ltbfoundation.org/ltbi_institute.html">louise blouin foundation website</weblink></entry><entry id="9"><weblink ns0:type="simple" ns0:href="http://select.nytimes.com/gst/abstract.html?res=F70812F735550C718CDDAC0894DD404482">arts foundation focus creativity</weblink>felicia lee<newspaper wordnetid="106267145" confidence="0.9508927676800064"><link ns0:type="simple" ns0:href="../680/30680.xml">york times</link></newspaper></entry></reflist></p></sec></bdy></philanthropist></causal_agent></donor></good_person></person></collector></benefactor></physical_entity></article>