<article xmlns:ns0="http://www.w3.org/1999/xlink"><region confidence="0.8" wordnetid="108630985"><village confidence="0.8" wordnetid="108672738"><location confidence="0.8" wordnetid="100027167"><settlement confidence="0.8" wordnetid="108672562"><geographical_area confidence="0.8" wordnetid="108574314"><header><title>miniara</title><id /><revision><id /><timestamp /><contributor><username /><id /></contributor></revision><categories><category>settlements lebanon</category><category>rough translations</category></categories></header><bdy><table class="metadata plainlinks ambox "><row><col>amboxstyle style</col></row><row><col class="mbox-image"><p><image width="50px" src="Translation_arrow.svg"><caption>translation arrow icon</caption></image></p></col><col style="" class="mbox-text">article rough article arabic generated computer translator limited proficiency english arabic feel free<weblink ns0:type="simple" ns0:href="http://localhost:18088/wiki/index.php?title=Miniara action=edit">enhance translation</weblink>reference original article appear arabic languages list</col></row></table>miniara<language wordnetid="106282651" confidence="0.9508927676800064"><link ns0:type="simple" ns0:href="../803/803.xml">arabic</link></language>lrm transliterated manyara village mouhafazah akkar north<country wordnetid="108544813" confidence="0.9508927676800064"><link ns0:type="simple" ns0:href="../771/17771.xml">lebanon</link></country>kilometers east<link ns0:type="simple" ns0:href="../006/19006.xml">mediterranean sea</link>kilometers south<link ns0:type="simple" ns0:href="../725/3971725.xml">halba</link>population miniara birth place ibrahim beik<link>sarraf</link>member lebanese parliament represent christian seat<link ns0:type="simple" ns0:href="../785/8380785.xml">akkar</link><country wordnetid="108544813" confidence="0.9508927676800064"><link ns0:type="simple" ns0:href="../771/17771.xml">lebanon</link></country>french mandate<p>people originating village reside<link ns0:type="simple" ns0:href="../232/31232.xml">tripoli</link><village wordnetid="108672738" confidence="0.9508927676800064"><link ns0:type="simple" ns0:href="../428/37428.xml">beirut</link></village>lebanese regions abroad</p><p>mayor toni naim abboud won municipality terms row</p><sec><st>geography</st><p>miniara close coast close mountains plains sahel miniara well fertile land vineyards vegetables grown plentitude</p></sec><sec><st>social life</st><p>population culturally diverse people<link ns0:type="simple" ns0:href="../522/18337522.xml">christian</link>denominations<link ns0:type="simple" ns0:href="../547/52547.xml">jehovahs witness</link>numerous<link ns0:type="simple" ns0:href="../731/224731.xml">greek orthodox</link><link ns0:type="simple" ns0:href="../848/606848.xml">roman catholics</link><link ns0:type="simple" ns0:href="../979/3979.xml">baptists</link></p><p>village started villages terms teaching clothing food fashion miniara wealthy village</p><p>village manyara villages free illiteracy replete intellectuals holders advanced degrees high restaurants summer festivals concerts organized sponsored municipality manyara municipality manyara best municipalities lot projects rehabilitation physical infrastructure establishment garden general playgrounds children lot projects serve citizen achievements achieved supervision president mayor anton abboud manyara abound growing olives citrus grapevines products shopping spree olive oil ethnicity wine addition number products manyara lebanese villages characterized distinctive destination surrounding villages seek knowledge culture buying pleasure hadiiqtma eliminate night life holidays restaurants president mayor anton abboud prominent attention improving conditions village service cultural mayor sought provide security highlight civilized face manyara construction projects</p></sec><sec><st>families miniara</st><p>elsarraf<language wordnetid="106282651" confidence="0.9508927676800064"><link ns0:type="simple" ns0:href="../803/803.xml">arabic</link></language>lrm fouad ibrahim sarraf mayor miniara mid mid civil war years miniaras council leadership fouad ibrahim sarraf remained functional extent councils<country wordnetid="108544813" confidence="0.9508927676800064"><link ns0:type="simple" ns0:href="../771/17771.xml">lebanon</link></country>dissolved political military pressure yacoub sarraf minister health member parliament terms franjieh power riad sarraf member parliament terms<physical_entity wordnetid="100001930" confidence="0.8"><politician wordnetid="110451263" confidence="0.8"><person wordnetid="100007846" confidence="0.8"><leader wordnetid="109623038" confidence="0.8"><causal_agent wordnetid="100007347" confidence="0.8"><link ns0:type="simple" ns0:href="../741/7918741.xml">yacoub riad sarraf</link></causal_agent></leader></person></politician></physical_entity>governor<village wordnetid="108672738" confidence="0.9508927676800064"><link ns0:type="simple" ns0:href="../428/37428.xml">beirut</link></village>mountlebanon years minister environment july july acting minister defence absence<physical_entity wordnetid="100001930" confidence="0.8"><politician wordnetid="110451263" confidence="0.8"><person wordnetid="100007846" confidence="0.8"><leader wordnetid="109623038" confidence="0.8"><causal_agent wordnetid="100007347" confidence="0.8"><link ns0:type="simple" ns0:href="../966/2217966.xml">elias murr</link></causal_agent></leader></person></politician></physical_entity>refer<physical_entity wordnetid="100001930" confidence="0.8"><politician wordnetid="110451263" confidence="0.8"><person wordnetid="100007846" confidence="0.8"><leader wordnetid="109623038" confidence="0.8"><causal_agent wordnetid="100007347" confidence="0.8"><link ns0:type="simple" ns0:href="../741/7918741.xml">yacoub riad sarraf</link></causal_agent></leader></person></politician></physical_entity>wiki political story affiliation</p><p>bahliss yaacoub bahliss doctor akkar bassim bahliss president education government center north lebanon wrote lots books well enormous favours lot people general bahige bahliss officers lebanese army created positions nationwide international president international civil defense nowadays doctor nizar bahliss cancer professor awarded best cancer researcher north america bahliss family well education public relations</p><p>major family village saoud big family political rival sarraf family century sarraf family year limit role region succeeding</p><p>miniara prominent families ayoub naous kafrouni hiar rabahi melhem mansour bourdoukan sabbagh toulany farah families contributed modernisation miniara</p></sec><sec><st>education</st><p>literacy rate miniara high majority miniaras teenage population high school completed high school</p><p>miniara stands backward towns terms education region akkar miniara located poorest educated country people miniara ignorant follow traditions began years ago person lives village doctorate ignorance</p><p>miniara private public schools</p><ss1><st>private schools</st><p><list><entry level="1" type="bullet">miniara protestant school</entry><entry level="1" type="bullet">saint josephs college</entry><entry level="1" type="bullet">saint josephs school</entry><entry level="1" type="bullet">miniara russian school</entry></list></p></ss1><ss1><st>public schools</st><p><list><entry level="1" type="bullet">miniara female public school</entry></list>reda ibrahim sarraf died previous principal served years record dedication unrivaled exemplary noteworthy<list><entry level="1" type="bullet">miniara boys public school</entry></list></p></ss1></sec><sec><st>employment</st><p>students choose career paths teaching army personnelle doctors lawyers engineers majority young students miniara prefer study overseas<link ns0:type="simple" ns0:href="../750/3434750.xml">usa</link><country wordnetid="108544813" confidence="0.9508927676800064"><link ns0:type="simple" ns0:href="../264/4689264.xml">australia</link></country><region wordnetid="108630039" confidence="0.9508927676800064"><link ns0:type="simple" ns0:href="../916/5042916.xml">canada</link></region>unstable political situation lebanon large percentage individuals prefer work arab countries graduation</p></sec><sec><st>health</st></sec><sec><st>politics</st><p>completed region akkar project twinning municipalities manyara akar karatagina colombia major municipalities colombia mayor manyara antoine abboud twinning cover areas including development health projects cultural social reconstruction twinning will contribute process improving developing performance municipality manyara discounts municipalities akkar including mayor manyara impacted negatively municipal work indicating municipality akkar region completed twinning foreign municipality expatriates colombia lebanese origin akkar region</p></sec><sec><st>references</st><p><list><entry level="1" type="bullet"><weblink ns0:type="simple" ns0:href="http://www.almustaqbal.com/stories.aspx?StoryID=39808">mustaqbal article fouad ibrahim sarraf</weblink>accessed january</entry></list></p><p><link ns0:type="simple" ns0:href="../361/48361.xml">coordinates</link><weblink ns0:type="simple" ns0:href="http://stable.toolserver.org/geohack/geohack.php?pagename=Miniara params=34_31_57_N_36_03_38.76_E_region:LB_type:city_source:enwiki-GNS" /></p></sec></bdy></geographical_area></settlement></location></village></region></article>