<article xmlns:ns0="http://www.w3.org/1999/xlink"><event confidence="0.8" wordnetid="100029378"><act confidence="0.8" wordnetid="100030358"><psychological_feature confidence="0.8" wordnetid="100023100"><procedure confidence="0.8" wordnetid="101023820"><activity confidence="0.8" wordnetid="100407535"><header><title>forgetting</title><id /><revision><id /><timestamp /><contributor><username>epbr</username><id /></contributor></revision><categories><category>memory processes</category><category>uncategorized needing expert attention</category><category>needing expert attention</category></categories></header><bdy><table class="metadata plainlinks ambox "><row><col>amboxcontent style</col></row><row><col class="mbox-image"><p><image width="40x40px" src="Ambox_content.png" /></p></col><col style="" class="mbox-text">article attention expert subject help recruit<weblink ns0:type="simple" ns0:href="http://localhost:18088/wiki/index.php?title=Forgetting action=edit">improve article</weblink>detailsplease consider associate request</col></row></table><p>forgetting retention loss refers apparent loss information encoded stored individuals long term memory spontaneous gradual process<link ns0:type="simple" ns0:href="../844/18844.xml">memories</link>unable recalled memory storage subject delicately balanced optimization ensures relevant memories recalled forgetting reduced repetition andor elaborate cognitive processing information reviewing information ways involve active retrieval slow rate forgetting</p><p>forgetting functions amount remembered function time event experienced extensively analyzed evidence suggests power function closest mathematical fit forgetting function<weblink ns0:type="simple" ns0:href="http://psy.ucsd.edu/~jwixted/Reprints/Wickelgren%20Ebbinghaus%20(final)_formatted.pdf" /></p><sec><st>history</st><p>people study mechanisms forgetting german psychologist<scientist wordnetid="110560637" confidence="0.9508927676800064"><link ns0:type="simple" ns0:href="../647/13647.xml">hermann ebbinghaus</link></scientist>sole subject experiment memorized lists three letter nonsense syllable consonants vowel middle measured capacity relearn list variety time period forgetting occurs systematic manner rapidly leveling methods primitive basic premises held true today reaffirmed methodologically sound methods</p></sec><sec><st>theories forgetting</st><p>main theories forgetting apparent study psychology</p><ss2><st>cuedependent forgetting</st><p><event wordnetid="100029378" confidence="0.8"><act wordnetid="100030358" confidence="0.8"><psychological_feature wordnetid="100023100" confidence="0.8"><procedure wordnetid="101023820" confidence="0.8"><activity wordnetid="100407535" confidence="0.8"><link ns0:type="simple" ns0:href="../207/2367207.xml">cuedependent forgetting</link></activity></procedure></psychological_feature></act></event>retrieval failure failure recall<link ns0:type="simple" ns0:href="../844/18844.xml">memory</link>missing<link ns0:type="simple" ns0:href="../399/569399.xml">stimuli</link>cues time memory<event wordnetid="100029378" confidence="0.8"><act wordnetid="100030358" confidence="0.8"><psychological_feature wordnetid="100023100" confidence="0.8"><procedure wordnetid="101023820" confidence="0.8"><activity wordnetid="100407535" confidence="0.8"><link ns0:type="simple" ns0:href="../182/5128182.xml">encoded</link></activity></procedure></psychological_feature></act></event><link ns0:type="simple" ns0:href="../961/5961.xml">cognitive psychology</link>theories<link ns0:type="simple" ns0:href="../963/10963.xml">forgetting</link>memory temporarily forgotten purely retrieved proper cue bring mind good<link ns0:type="simple" ns0:href="../518/20518.xml">metaphor</link>searching book library<link ns0:type="simple" ns0:href="../327/18327.xml">reference number</link>title author subject information exists cues retrieval good<link ns0:type="simple" ns0:href="../271/15271.xml">retrieval</link>cue consistent original encoding information sound word<link ns0:type="simple" ns0:href="../810/1068810.xml">emphasized</link>encoding process cue emphasis<link ns0:type="simple" ns0:href="../194/23194.xml">phonetic</link>quality word information cues</p></ss2></sec><sec><st>trace decay</st><p>trace decay focuses problem availability caused memories decay hebb incoming information creates pattern neurons create neurological memory trace brain fade time repeated firing structural change synapses rehearsal repeated firing maintains memory stm structural change</p><ss2><st>organic</st><p>forgetting occurs physiological damage dilapidation brain referred organic forgetting theories encompass loss information retained<link ns0:type="simple" ns0:href="../995/17995.xml">long term memory</link>inability encode information examples include<link ns0:type="simple" ns0:href="../017/18914017.xml">alzheimers</link><link ns0:type="simple" ns0:href="../950/234950.xml">amnesia</link><link ns0:type="simple" ns0:href="../390/38390.xml">dementia</link>consolidation theory gradual slowing central nervous system<link ns0:type="simple" ns0:href="../098/4402098.xml">aging</link></p></ss2><ss2><st>interference theories</st><p><event wordnetid="100029378" confidence="0.8"><act wordnetid="100030358" confidence="0.8"><psychological_feature wordnetid="100023100" confidence="0.8"><procedure wordnetid="101023820" confidence="0.8"><activity wordnetid="100407535" confidence="0.8"><link ns0:type="simple" ns0:href="../281/533281.xml">interference theory</link></activity></procedure></psychological_feature></act></event>refers idea forgetting occurs recall items interferes recall items nature interfering items originate stimulating environment interference theory exists branches retroactive proactive inhibition referring contrast retroactive interference memory interferes memory causing change extent hand proactive interference memory interferes older memory causing change</p></ss2><ss2><st>decay theory</st><p>decay theory learned neurochemical physical memory trace formed brain time trace disintegrate occasionally</p></ss2></sec><sec><st>definitions controversy</st><p>forgetting simply removal stored content forgetting access problems availability problems reasons<link ns0:type="simple" ns0:href="../950/234950.xml">amnesia</link>caused accident</p><p>debatable popular concept<link ns0:type="simple" ns0:href="../317/533317.xml">trace decay</link>occur short<link ns0:type="simple" ns0:href="../995/17995.xml">longterm memory</link>theory applicable<link ns0:type="simple" ns0:href="../944/28944.xml">shortterm memory</link>supposedly contradicted fact ride bike decades<link ns0:type="simple" ns0:href="../199/250199.xml">flashbulb memories</link>piece seemingly contradicting evidence believed memories trace decay dont sleep believed play key role halting trace decay exact mechanism unknown</p></sec><sec><st /><p><list><entry level="1" type="bullet"><link ns0:type="simple" ns0:href="../950/234950.xml">amnesia</link></entry><entry level="1" type="bullet"><event wordnetid="100029378" confidence="0.8"><act wordnetid="100030358" confidence="0.8"><psychological_feature wordnetid="100023100" confidence="0.8"><procedure wordnetid="101023820" confidence="0.8"><activity wordnetid="100407535" confidence="0.8"><link ns0:type="simple" ns0:href="../207/2367207.xml">cuedependent forgetting</link></activity></procedure></psychological_feature></act></event></entry><entry level="1" type="bullet"><idea wordnetid="105833840" confidence="0.8"><scheme wordnetid="105905348" confidence="0.8"><plan wordnetid="105898568" confidence="0.8"><plan_of_action wordnetid="105902545" confidence="0.8"><link ns0:type="simple" ns0:href="../332/322332.xml">experience curve effects</link></plan_of_action></plan></scheme></idea></entry><entry level="1" type="bullet"><link ns0:type="simple" ns0:href="../332/10332.xml">educational psychology</link></entry><entry level="1" type="bullet"><link ns0:type="simple" ns0:href="../844/18844.xml">memory</link></entry></list></p></sec><sec><st>references</st><p><list><entry level="1" type="bullet"><cite id="CITEREFWixted2004" style="font-style:normal">wixted<weblink ns0:type="simple" ns0:href="http://psy.ucsd.edu/~jwixted/Reprints/AnnualReview.pdf">psychology neuroscience forgetting</weblink>annual review psychology</cite></entry></list></p></sec></bdy></activity></procedure></psychological_feature></act></event></article>