<article xmlns:ns0="http://www.w3.org/1999/xlink"><physical_entity confidence="0.8" wordnetid="100001930"><person confidence="0.8" wordnetid="100007846"><entity confidence="0.9511911446218017" wordnetid="100001740"><leader confidence="0.8" wordnetid="109623038"><administrator confidence="0.8" wordnetid="109770949"><performer confidence="0.8" wordnetid="110415638"><causal_agent confidence="0.8" wordnetid="100007347"><actor confidence="0.8" wordnetid="109765278"><head confidence="0.8" wordnetid="110162991"><director confidence="0.8" wordnetid="110014939"><entertainer confidence="0.8" wordnetid="109616922"><header><title>amjad khan</title><id /><revision><id /><timestamp /><contributor><username>proofreader</username><id /></contributor></revision><categories><category>births</category><category>indian film actors</category><category>indian muslims</category><category>indian actors</category><category>deaths</category><category>indian film directors</category></categories></header><bdy>cricket player<physical_entity wordnetid="100001930" confidence="0.8"><cricketer wordnetid="109977326" confidence="0.8"><person wordnetid="100007846" confidence="0.8"><contestant wordnetid="109613191" confidence="0.8"><causal_agent wordnetid="100007347" confidence="0.8"><athlete wordnetid="109820263" confidence="0.8"><link ns0:type="simple" ns0:href="../011/3536011.xml">amjad khan cricketer</link></athlete></causal_agent></contestant></person></cricketer></physical_entity>squash player<physical_entity wordnetid="100001930" confidence="0.8"><person wordnetid="100007846" confidence="0.8"><player wordnetid="110439851" confidence="0.8"><contestant wordnetid="109613191" confidence="0.8"><causal_agent wordnetid="100007347" confidence="0.8"><link ns0:type="simple" ns0:href="../957/13212957.xml">amjad khan squash</link></causal_agent></contestant></player></person></physical_entity><image location="right" width="150px" src="Sholay.jpg" type="thumbnail"><caption>amjad khan top<movie wordnetid="106613686" confidence="0.9508927676800064"><link ns0:type="simple" ns0:href="../216/648216.xml">sholay</link></movie></caption></image><p>amjad khan<link ns0:type="simple" ns0:href="../117/15295117.xml">hindi</link><link ns0:type="simple" ns0:href="../631/21631.xml">november</link><link ns0:type="simple" ns0:href="../708/34708.xml" /><link ns0:type="simple" ns0:href="../922/15922.xml">july</link><link ns0:type="simple" ns0:href="../669/34669.xml" />acclaimed<country wordnetid="108544813" confidence="0.9508927676800064"><link ns0:type="simple" ns0:href="../533/14533.xml">india</link></country><link ns0:type="simple" ns0:href="../753/753.xml">actor</link><link ns0:type="simple" ns0:href="../181/506181.xml">director</link>worked films film career spanning twenty years enjoyed iconic popularity<link ns0:type="simple" ns0:href="../515/254515.xml">villain</link>roles<link ns0:type="simple" ns0:href="../117/15295117.xml">hindi language</link>films famous playing role<link ns0:type="simple" ns0:href="../121/9121.xml">dacoit</link><physical_entity wordnetid="100001930" confidence="0.8"><person wordnetid="100007846" confidence="0.8"><principal wordnetid="110474950" confidence="0.8"><wrongdoer wordnetid="109633969" confidence="0.8"><criminal wordnetid="109977660" confidence="0.8"><fictional_character wordnetid="109587565" confidence="0.8"><imaginary_being wordnetid="109483738" confidence="0.8"><causal_agent wordnetid="100007347" confidence="0.8"><bad_person wordnetid="109831962" confidence="0.8"><link ns0:type="simple" ns0:href="../134/12923134.xml">gabbar singh</link></bad_person></causal_agent></imaginary_being></fictional_character></criminal></wrongdoer></principal></person></physical_entity><movie wordnetid="106613686" confidence="0.9508927676800064"><link ns0:type="simple" ns0:href="../216/648216.xml">sholay</link></movie></p><sec><st>early life</st><p>amjad khan son legendary actor<physical_entity wordnetid="100001930" confidence="0.8"><person wordnetid="100007846" confidence="0.8"><performer wordnetid="110415638" confidence="0.8"><causal_agent wordnetid="100007347" confidence="0.8"><actor wordnetid="109765278" confidence="0.8"><entertainer wordnetid="109616922" confidence="0.8"><link ns0:type="simple" ns0:href="../937/3926937.xml">jayant</link></entertainer></actor></causal_agent></performer></person></physical_entity>born<region wordnetid="108630985" confidence="0.8"><administrative_district wordnetid="108491826" confidence="0.8"><village wordnetid="108672738" confidence="0.8"><location wordnetid="100027167" confidence="0.8"><municipality wordnetid="108626283" confidence="0.8"><settlement wordnetid="108672562" confidence="0.8"><geographical_area wordnetid="108574314" confidence="0.8"><district wordnetid="108552138" confidence="0.8"><urban_area wordnetid="108675967" confidence="0.8"><city wordnetid="108524735" confidence="0.8"><link ns0:type="simple" ns0:href="../534/37534.xml">hyderabad</link></city></urban_area></district></geographical_area></settlement></municipality></location></village></administrative_district></region><link ns0:type="simple" ns0:href="../541/19541.xml">muslim</link>parents brother fellow actor<link ns0:type="simple" ns0:href="../045/19408045.xml">imtiaz khan</link><physical_entity wordnetid="100001930" confidence="0.8"><mystic wordnetid="110343554" confidence="0.8"><person wordnetid="100007846" confidence="0.8"><causal_agent wordnetid="100007347" confidence="0.8"><religious_person wordnetid="109628382" confidence="0.8"><believer wordnetid="109847727" confidence="0.8"><link ns0:type="simple" ns0:href="../459/53459.xml">inayat khan</link></believer></religious_person></causal_agent></person></mystic></physical_entity>acted film cast movie dili dur nahin child artist married sheila khan year birth child<physical_entity wordnetid="100001930" confidence="0.8"><person wordnetid="100007846" confidence="0.8"><performer wordnetid="110415638" confidence="0.8"><causal_agent wordnetid="100007347" confidence="0.8"><actor wordnetid="109765278" confidence="0.8"><entertainer wordnetid="109616922" confidence="0.8"><link ns0:type="simple" ns0:href="../798/11384798.xml">shadaab khan</link></entertainer></actor></causal_agent></performer></person></physical_entity>acted films daughter ahlam khan son<link ns0:type="simple" ns0:href="../019/1096019.xml">seemaab khan</link></p><p>amjad khan schooling theresas high school bandra attended national college bandra general secretary highest elected student body representative gained reputation heavyweight dada feared respected</p></sec><sec><st>career</st><p>amjad films theatre actor film child artist age film<movie wordnetid="106613686" confidence="0.9508927676800064"><link ns0:type="simple" ns0:href="../217/9022217.xml">dilli dur nahin</link></movie>assisted<film_director wordnetid="110088200" confidence="0.9173553029164789"><person wordnetid="100007846" confidence="0.9508927676800064"><actor wordnetid="109765278" confidence="0.9508927676800064"><link ns0:type="simple" ns0:href="../786/6444786.xml">asif</link></actor></person></film_director>film<link>love god</link>late appearance film official film debut film left incomplete<film_director wordnetid="110088200" confidence="0.9173553029164789"><person wordnetid="100007846" confidence="0.9508927676800064"><actor wordnetid="109765278" confidence="0.9508927676800064"><link ns0:type="simple" ns0:href="../786/6444786.xml">asif</link></actor></person></film_director>death ended releasing film debut<movie wordnetid="106613686" confidence="0.9508927676800064"><link ns0:type="simple" ns0:href="../292/9538292.xml">hindustan kasam</link></movie></p><p>offered role dacoit gabbar singh film<movie wordnetid="106613686" confidence="0.9508927676800064"><link ns0:type="simple" ns0:href="../216/648216.xml">sholay</link></movie>meaning flames<physical_entity wordnetid="100001930" confidence="0.8"><communicator wordnetid="109610660" confidence="0.8"><person wordnetid="100007846" confidence="0.8"><performer wordnetid="110415638" confidence="0.8"><screenwriter wordnetid="110564400" confidence="0.8"><causal_agent wordnetid="100007347" confidence="0.8"><scriptwriter wordnetid="110564905" confidence="0.8"><actor wordnetid="109765278" confidence="0.8"><writer wordnetid="110794014" confidence="0.8"><entertainer wordnetid="109616922" confidence="0.8"><link ns0:type="simple" ns0:href="../616/2586616.xml">salim</link></entertainer></writer></actor></scriptwriter></causal_agent></screenwriter></performer></person></communicator></physical_entity>films writers preparation role amjad read abhishapth chambal book<link ns0:type="simple" ns0:href="../460/1979460.xml">chambal</link>dacoits written<link>taroon kumar bhaduri</link>actress<link ns0:type="simple" ns0:href="../400/1133400.xml">jaya bhaduri</link>father amjad shot stardom movie portrayal gabbar singh considered depiction pure evil screen<link ns0:type="simple" ns0:href="../402/402402.xml">indian cinema</link>totally evil character doesnt excuses evil</p><p>movie sholay time blockbuster movies india highest earners movie cast superstars including<person wordnetid="100007846" confidence="0.9508927676800064"><singer wordnetid="110599806" confidence="0.9173553029164789"><film_maker wordnetid="110088390" confidence="0.9173553029164789"><actor wordnetid="109765278" confidence="0.9173553029164789"><link ns0:type="simple" ns0:href="../828/1828.xml">amitabh bachchan</link></actor></film_maker></singer></person><politician wordnetid="110451263" confidence="0.9173553029164789"><actor wordnetid="109765278" confidence="0.9173553029164789"><link ns0:type="simple" ns0:href="../817/539817.xml">dharmendra</link></actor></politician>memorable character considered gabbar singh amjad khan appeared advertisements gabbar singh endorsing brittania biscuits incidence villain sell popular product</p><p>success sholay khan continued play villain roles subsequent hindi films early superseding terms popularity demand earlier indian actor<celebrity wordnetid="109903153" confidence="0.9508927676800064"><actor wordnetid="109765278" confidence="0.9173553029164789"><link ns0:type="simple" ns0:href="../812/2322812.xml">ajit</link></actor></celebrity>portraying sophisticated urbane criminal bosses mastermind bank robberies murders conspiracies seize power acted villain opposite<person wordnetid="100007846" confidence="0.9508927676800064"><singer wordnetid="110599806" confidence="0.9173553029164789"><film_maker wordnetid="110088390" confidence="0.9173553029164789"><actor wordnetid="109765278" confidence="0.9173553029164789"><link ns0:type="simple" ns0:href="../828/1828.xml">amitabh bachchan</link></actor></film_maker></singer></person>hero</p><p>khan acclaimed playing unconventional roles critically acclaimed film<link ns0:type="simple" ns0:href="../109/1407109.xml">shatranj khiladi</link>directed<link ns0:type="simple" ns0:href="../424/18933424.xml">satyajit ray</link>khan played helpless deluded monarch<sovereign wordnetid="110628644" confidence="0.9508927676800064"><link ns0:type="simple" ns0:href="../125/3120125.xml">wajid ali shah</link></sovereign>kingdom<link ns0:type="simple" ns0:href="../078/392078.xml">avadh</link>targeted british colonialists<link ns0:type="simple" ns0:href="../281/43281.xml">british east india company</link>played positive roles opposite amitabh bachchan<movie wordnetid="106613686" confidence="0.9508927676800064"><link ns0:type="simple" ns0:href="../634/9892634.xml">yaarana</link></movie>played bachchans characters best friend<link ns0:type="simple" ns0:href="../005/9057005.xml">laawaris</link>amitabhs father<link ns0:type="simple" ns0:href="../784/540784.xml">art film</link><movie wordnetid="106613686" confidence="0.9508927676800064"><link ns0:type="simple" ns0:href="../560/11337560.xml">utsav</link></movie>portrayed<link ns0:type="simple" ns0:href="../780/740780.xml">vatsayana</link>author<link ns0:type="simple" ns0:href="../559/42559.xml">kama sutra</link>appeared<link ns0:type="simple" ns0:href="../901/298901.xml">merchantivory</link><language wordnetid="106282651" confidence="0.8"><link ns0:type="simple" ns0:href="../916/8569916.xml">english</link></language>film<link ns0:type="simple" ns0:href="../320/12664320.xml">perfect murder</link>underworld don played comic characters films<movie wordnetid="106613686" confidence="0.9508927676800064"><link ns0:type="simple" ns0:href="../268/5008268.xml">qurbani</link></movie><movie wordnetid="106613686" confidence="0.9508927676800064"><link ns0:type="simple" ns0:href="../006/13074006.xml">chameli shaadi</link></movie>played gabbar singh<movie wordnetid="106613686" confidence="0.9508927676800064"><link ns0:type="simple" ns0:href="../565/9099565.xml">ramgarh sholay</link></movie><link ns0:type="simple" ns0:href="../192/18960192.xml">parody</link>legendary film included lookalike<person wordnetid="100007846" confidence="0.9508927676800064"><singer wordnetid="110599806" confidence="0.9173553029164789"><film_maker wordnetid="110088390" confidence="0.9173553029164789"><actor wordnetid="109765278" confidence="0.9173553029164789"><link ns0:type="simple" ns0:href="../828/1828.xml">amitabh bachchan</link></actor></film_maker></singer></person><link ns0:type="simple" ns0:href="../152/396152.xml">dev anand</link></p><p>ventured directing period directing starring<link>chor police</link><link>ameer aadmi gareeb aadmi</link>films failed well box office</p><p>amjad president actors guild association mentioned earlier leader college respected film industry intervene negotiate disputes actors directorsproducers dispute dimple kapadia agreed play role mother movie backed entire film producer community boycott amjad intervene behalf actors guild</p></sec><sec><st>death</st><p>met fatal accident bombaygoa road drove car tree avoid boulder drugs administered treatment caused serious weight problem rest life result increasing weight died suffering<link ns0:type="simple" ns0:href="../930/249930.xml">heart failure</link>age</p><p>films completed alive released death</p><p>funeral procession passed house pali hill<link ns0:type="simple" ns0:href="../541/19541.xml">muslim</link>burial bandra east major movie stars time attended walking narrow lanes bandra</p></sec><sec><st>selected filmography</st><p><indent level="1">main article<link ns0:type="simple" ns0:href="../301/7342301.xml">amjad khan filmography</link></indent>actor<list><entry level="1" type="bullet"><movie wordnetid="106613686" confidence="0.9508927676800064"><link ns0:type="simple" ns0:href="../331/8053331.xml">rudaali</link></movie></entry><entry level="1" type="bullet"><movie wordnetid="106613686" confidence="0.9508927676800064"><link ns0:type="simple" ns0:href="../084/2776084.xml">custody</link></movie></entry><entry level="1" type="bullet"><movie wordnetid="106613686" confidence="0.9508927676800064"><link ns0:type="simple" ns0:href="../565/9099565.xml">ramgarh sholay</link></movie></entry><entry level="1" type="bullet"><movie wordnetid="106613686" confidence="0.9508927676800064"><link ns0:type="simple" ns0:href="../197/2775197.xml">love</link></movie></entry><entry level="1" type="bullet"><movie wordnetid="106613686" confidence="0.9508927676800064"><link ns0:type="simple" ns0:href="../705/12320705.xml">lekin</link></movie></entry><entry level="1" type="bullet"><link ns0:type="simple" ns0:href="../320/12664320.xml">perfect murder</link></entry><entry level="1" type="bullet"><movie wordnetid="106613686" confidence="0.9508927676800064"><link ns0:type="simple" ns0:href="../195/9127195.xml">vikram</link></movie></entry><entry level="1" type="bullet"><movie wordnetid="106613686" confidence="0.9508927676800064"><link ns0:type="simple" ns0:href="../006/13074006.xml">chameli shaadi</link></movie></entry><entry level="1" type="bullet"><movie wordnetid="106613686" confidence="0.9508927676800064"><link ns0:type="simple" ns0:href="../560/11337560.xml">utsav</link></movie></entry><entry level="1" type="bullet"><movie wordnetid="106613686" confidence="0.9508927676800064"><link ns0:type="simple" ns0:href="../183/11448183.xml">bindiya chamkegi</link></movie></entry><entry level="1" type="bullet"><movie wordnetid="106613686" confidence="0.9508927676800064"><link ns0:type="simple" ns0:href="../749/11055749.xml">nastik</link></movie></entry><entry level="1" type="bullet"><movie wordnetid="106613686" confidence="0.9508927676800064"><link ns0:type="simple" ns0:href="../849/10619849.xml">mahaan</link></movie></entry><entry level="1" type="bullet"><movie wordnetid="106613686" confidence="0.9508927676800064"><link ns0:type="simple" ns0:href="../413/4980413.xml">satte satta</link></movie></entry><entry level="1" type="bullet"><movie wordnetid="106613686" confidence="0.9508927676800064"><link ns0:type="simple" ns0:href="../647/8220647.xml">desh premee</link></movie></entry><entry level="1" type="bullet"><movie wordnetid="106613686" confidence="0.9508927676800064"><link ns0:type="simple" ns0:href="../471/10595471.xml">kaalia</link></movie></entry><entry level="1" type="bullet"><movie wordnetid="106613686" confidence="0.9508927676800064"><link ns0:type="simple" ns0:href="../970/10645970.xml">rocky</link></movie></entry><entry level="1" type="bullet"><movie wordnetid="106613686" confidence="0.9508927676800064"><link ns0:type="simple" ns0:href="../005/9057005.xml">lawaaris</link></movie></entry><entry level="1" type="bullet"><movie wordnetid="106613686" confidence="0.9508927676800064"><link ns0:type="simple" ns0:href="../221/5177221.xml">katilon kaatil</link></movie></entry><entry level="1" type="bullet"><movie wordnetid="106613686" confidence="0.9508927676800064"><link ns0:type="simple" ns0:href="../634/9892634.xml">yaarana</link></movie></entry><entry level="1" type="bullet"><movie wordnetid="106613686" confidence="0.9508927676800064"><link ns0:type="simple" ns0:href="../544/5114544.xml">barsaat raat</link></movie></entry><entry level="1" type="bullet"><link ns0:type="simple" ns0:href="../126/10593126.xml">naseeb</link></entry><entry level="1" type="bullet"><movie wordnetid="106613686" confidence="0.9508927676800064"><link ns0:type="simple" ns0:href="../349/10373349.xml">zamane dikhana hai</link></movie></entry><entry level="1" type="bullet"><link>maan gaye ustad</link></entry><entry level="1" type="bullet"><movie wordnetid="106613686" confidence="0.9508927676800064"><link ns0:type="simple" ns0:href="../100/9713100.xml">love story</link></movie></entry><entry level="1" type="bullet"><movie wordnetid="106613686" confidence="0.9508927676800064"><link ns0:type="simple" ns0:href="../268/5008268.xml">qurbani</link></movie></entry><entry level="1" type="bullet"><movie wordnetid="106613686" confidence="0.9508927676800064"><link ns0:type="simple" ns0:href="../601/5420601.xml">ram balram</link></movie></entry><entry level="1" type="bullet"><movie wordnetid="106613686" confidence="0.9508927676800064"><link ns0:type="simple" ns0:href="../291/11235291.xml">ahsaas</link></movie></entry><entry level="1" type="bullet"><link ns0:type="simple" ns0:href="../400/16455400.xml">suhaag</link></entry><entry level="1" type="bullet"><movie wordnetid="106613686" confidence="0.9508927676800064"><link ns0:type="simple" ns0:href="../974/10617974.xml">natwarlal</link></movie></entry><entry level="1" type="bullet"><movie wordnetid="106613686" confidence="0.9508927676800064"><link ns0:type="simple" ns0:href="../524/5089524.xml">muqaddar sikander</link></movie></entry><entry level="1" type="bullet"><movie wordnetid="106613686" confidence="0.9508927676800064"><link ns0:type="simple" ns0:href="../209/10618209.xml">ganga saugandh</link></movie></entry><entry level="1" type="bullet"><movie wordnetid="106613686" confidence="0.9508927676800064"><link ns0:type="simple" ns0:href="../523/10616523.xml">des pardes</link></movie></entry><entry level="1" type="bullet"><movie wordnetid="106613686" confidence="0.9508927676800064"><link ns0:type="simple" ns0:href="../089/5179089.xml">kasme vaade</link></movie></entry><entry level="1" type="bullet"><movie wordnetid="106613686" confidence="0.9508927676800064"><link ns0:type="simple" ns0:href="../996/5178996.xml">parvarish</link></movie></entry><entry level="1" type="bullet"><link ns0:type="simple" ns0:href="../109/1407109.xml">shatranj khiladi</link></entry><entry level="1" type="bullet"><movie wordnetid="106613686" confidence="0.9508927676800064"><link ns0:type="simple" ns0:href="../194/5117194.xml">hum kisi kum nahin</link></movie></entry><entry level="1" type="bullet"><movie wordnetid="106613686" confidence="0.9508927676800064"><link ns0:type="simple" ns0:href="../256/10891256.xml">ginny aur johnny</link></movie></entry><entry level="1" type="bullet"><movie wordnetid="106613686" confidence="0.9508927676800064"><link ns0:type="simple" ns0:href="../216/648216.xml">sholay</link></movie></entry><entry level="1" type="bullet"><movie wordnetid="106613686" confidence="0.9508927676800064"><link ns0:type="simple" ns0:href="../292/9538292.xml">hindustan kasam</link></movie></entry><entry level="1" type="bullet"><movie wordnetid="106613686" confidence="0.9508927676800064"><link ns0:type="simple" ns0:href="../217/9022217.xml">dilli dur nahin</link></movie></entry></list></p><ss1><st>director</st><p><list><entry level="1" type="bullet"><link>ameer aadmi gareeb aadmi</link></entry><entry level="1" type="bullet"><link>chor police</link></entry></list></p></ss1></sec><sec><st>external links</st><p><list><entry level="1" type="bullet"><weblink ns0:type="simple" ns0:href="http://www.imdb.com/name/nm0451166/">amjad khan</weblink><web_site wordnetid="106359193" confidence="0.9508927676800064"><link ns0:type="simple" ns0:href="../554/2855554.xml">internet movie database</link></web_site></entry></list></p></sec></bdy></entertainer></director></head></actor></causal_agent></performer></administrator></leader></entity></person></physical_entity></article>