<article xmlns:ns0="http://www.w3.org/1999/xlink"><header><title>bien logic</title><id /><revision><id /><timestamp /><contributor><username>gych</username><id /></contributor></revision><categories><category>information technology management</category></categories></header><bdy>bien logic interactive marketing agency based<link ns0:type="simple" ns0:href="../504/28504.xml">san diego</link><country wordnetid="108544813" confidence="0.9508927676800064"><link ns0:type="simple" ns0:href="../407/5407.xml">california</link></country>mids largest company pioneered innovations web development internet software industry years professionals worked bien logic san diego orange county los angeles designers programmers account sales executives managers start companies continue exist thrive today sitelab netrics<sec><st>early years</st><p>bien logic founded february<link ns0:type="simple" ns0:href="../598/34598.xml" />frederic bien collaboration michel delory george geller dina tsoukas peter yianilos angel investor company initial plan create<link ns0:type="simple" ns0:href="../786/290786.xml">educational software</link>handheld<link ns0:type="simple" ns0:href="../814/192814.xml">digital books</link><link ns0:type="simple" ns0:href="../304/23304.xml">personal digital assistants</link>bien logic delivered prototype products matchcoach<company wordnetid="108058098" confidence="0.8"><subsidiary_company wordnetid="108003935" confidence="0.8"><institution wordnetid="108053576" confidence="0.8"><link ns0:type="simple" ns0:href="../882/1001882.xml">simon schuster</link></institution></subsidiary_company></company><company wordnetid="108058098" confidence="0.8"><institution wordnetid="108053576" confidence="0.8"><link ns0:type="simple" ns0:href="../103/1115103.xml">franklin electronic publishers</link></institution></company>ebook<weblink ns0:type="simple" ns0:href="http://www.franklin.com">httpwwwfranklincom</weblink>spanishcoach<physical_entity wordnetid="100001930" confidence="0.8"><person wordnetid="100007846" confidence="0.8"><assistant wordnetid="109815790" confidence="0.8"><worker wordnetid="109632518" confidence="0.8"><causal_agent wordnetid="100007347" confidence="0.8"><link ns0:type="simple" ns0:href="../887/887.xml">apple newton</link></causal_agent></worker></assistant></person></physical_entity><weblink ns0:type="simple" ns0:href="http://www.apple.com">httpwwwapplecom</weblink>faced low consumer adoption early<link ns0:type="simple" ns0:href="../814/192814.xml">digital books</link>bien logic changed direction<link ns0:type="simple" ns0:href="../337/18948337.xml" />started developing<link ns0:type="simple" ns0:href="../898/33898.xml">websites</link>interactive marketing programs clients</p></sec><sec><st>web development</st><p>commercial success launch<link ns0:type="simple" ns0:href="../898/33898.xml">website</link>university towne center called shoputccom<weblink ns0:type="simple" ns0:href="http://westfield.com/utc/">site</weblink>website inaugurated<link ns0:type="simple" ns0:href="../658/34658.xml" /><link ns0:type="simple" ns0:href="../504/28504.xml">san diego</link>thenmayor<mayor wordnetid="110303814" confidence="0.9508927676800064"><link ns0:type="simple" ns0:href="../237/3277237.xml">susan golding</link></mayor>called largest expansion history major shopping center stage<physical_entity wordnetid="100001930" confidence="0.8"><disputant wordnetid="109615465" confidence="0.8"><person wordnetid="100007846" confidence="0.8"><environmentalist wordnetid="110060621" confidence="0.8"><reformer wordnetid="110515194" confidence="0.8"><biologist wordnetid="109855630" confidence="0.8"><causal_agent wordnetid="100007347" confidence="0.8"><scientist wordnetid="110560637" confidence="0.8"><zoologist wordnetid="110806222" confidence="0.8"><link>joan embery</link></zoologist></scientist></causal_agent></biologist></reformer></environmentalist></person></disputant></physical_entity><weblink ns0:type="simple" ns0:href="http://www.joanembery.com">httpwwwjoanemberycom</weblink>hosted popular animals holding parrot hands pressed enter key computer keyboard pulled utc time web project won award best marketing campaign shopping centers square feet international council shopping centers icsc stacy armstrong received award utc</p><p>shoputccom number noteworthy websites<musical_organization wordnetid="108246613" confidence="0.8"><group wordnetid="100031264" confidence="0.8"><link ns0:type="simple" ns0:href="../852/5068852.xml">pearl jam</link></group></musical_organization>rock band<law_firm wordnetid="108064039" confidence="0.9508927676800064"><link ns0:type="simple" ns0:href="../019/1019019.xml">baker mckenzie</link></law_firm>law firm virtual holdings emailbased secure online payment system bien logic initial key staff<link>ucsd</link>students friends uyen nguyen marc northover mike zemans talented teresa shaw unstoppable bob adams joined executives kevin mcdermott ops mgt charles gillespie proposals jack abbott sales bien logic established welldefined step process design produce launch websites interactive marketing campaigns process core commercial success</p><p>firm continued grow developing larger projects<firm wordnetid="108059870" confidence="0.8"><enterprise wordnetid="108056231" confidence="0.8"><business wordnetid="108061042" confidence="0.8"><link>trizechahn company</link></business></enterprise></firm>shopping centers<menagerie wordnetid="103745146" confidence="0.9508927676800064"><link ns0:type="simple" ns0:href="../392/317392.xml">san diego zoo</link></menagerie><company wordnetid="108058098" confidence="0.9508927676800064"><link ns0:type="simple" ns0:href="../442/4047442.xml">sempra energy</link></company>called sdg<company wordnetid="108058098" confidence="0.9508927676800064"><link ns0:type="simple" ns0:href="../157/18157.xml">lucent technologies</link></company><company wordnetid="108058098" confidence="0.9508927676800064"><link>saturn cars</link></company><link>californiamart</link><weblink ns0:type="simple" ns0:href="http://www.procopio.com">procopio</weblink>law firm<weblink ns0:type="simple" ns0:href="http://www.avocado.org">california avocado commission</weblink><weblink ns0:type="simple" ns0:href="http://www.apparelnews.com">apparel news</weblink>mnm publishing</p><p>additional people joined company including marlene matheson sales dana todd joe eibert account exec lane sharman cto victor spindler creative director<weblink ns0:type="simple" ns0:href="http://internetideals.com/">httpinternetidealscom</weblink>victoria battison becky savell editorial marc koob adrian stewart ops mgt troy troxler project mgr people</p></sec><sec><st>traffic analysis software</st><p>bien logic developed marketed<weblink ns0:type="simple" ns0:href="http://www.accessmylibrary.com/comsite5/bin/pdinventory.pl?pdlanding=1 referid=2930 purchase_type=ITM item_id=0286-9382504">referid</weblink>software applications commercialgrade<link>web traffic analyzers</link><list><entry level="1" type="bullet">surfreport<weblink ns0:type="simple" ns0:href="http://findarticles.com/p/articles/mi_m0EIN/is_1997_March_12/ai_19198294" />devt led rick mcgillis michel delory based graphics routine matchcoach</entry><entry level="1" type="bullet">proxyreport<weblink ns0:type="simple" ns0:href="http://www.careerknowhow.com/surfing.htm" />devt michel delory</entry></list></p><p>general<link>web traffic</link>reports surfreport<link ns0:type="simple" ns0:href="../636/34636.xml" />provided innovative strategic marketing information list keywords searched web users<link ns0:type="simple" ns0:href="../023/4059023.xml">search engines</link>led users visit website surfreport installed time major search engines<company wordnetid="108058098" confidence="0.9508927676800064"><link ns0:type="simple" ns0:href="../979/21979.xml">netscape</link></company><link ns0:type="simple" ns0:href="../213/188213.xml">yahoo</link><link ns0:type="simple" ns0:href="../024/366024.xml">altavista</link><link ns0:type="simple" ns0:href="../513/1101513.xml">infoseek</link><web_site wordnetid="106359193" confidence="0.9508927676800064"><link ns0:type="simple" ns0:href="../846/536846.xml">excite</link></web_site>offered buy keywords<link ns0:type="simple" ns0:href="../601/34601.xml" />surfreport web traffic analyzer analyze gygabyte data hour<company wordnetid="108058098" confidence="0.9508927676800064"><link ns0:type="simple" ns0:href="../979/21979.xml">netscape</link></company><weblink ns0:type="simple" ns0:href="http://www.netscape.com">httpwwwnetscapecom</weblink>analyze log files largest time frederic bien michel delory rick mcgillis contributed articles<link ns0:type="simple" ns0:href="../065/27065.xml">standardization</link><link ns0:type="simple" ns0:href="../455/33455.xml">web server</link><link>log files</link>analysis content<weblink ns0:type="simple" ns0:href="http://www.drdobbs.com/dept/architect/184410090" />correct article<link>oracle</link>marketed surfreport network computing architecture<weblink ns0:type="simple" ns0:href="http://findarticles.com/p/articles/mi_m0EIN/is_1997_March_12/ai_19198294" />john logan software sales manager</p></sec><sec><st>web publishing</st><p>addition bien logic developed published original websites continue today<list><entry level="1" type="bullet">online dating sites<weblink ns0:type="simple" ns0:href="http://www.flirt.com">flirtcom</weblink>launched february<link ns0:type="simple" ns0:href="../658/34658.xml" />expanding simple<link ns0:type="simple" ns0:href="../063/34063.xml">webpage</link>named flirt online dec</entry><entry level="1" type="bullet">web directory<weblink ns0:type="simple" ns0:href="http://www.planetearth.net">planet earth</weblink>originally started richard bocher<link>san diego navy</link><link ns0:type="simple" ns0:href="../337/18948337.xml" />visited website internet wired magazine ranking</entry></list></p></sec><sec><st>team members</st><p>additional angel investors company lenny julia baum sandor straus<weblink ns0:type="simple" ns0:href="http://www.firedoll.org/firedoll_about.html" />jacob reinbolt<weblink ns0:type="simple" ns0:href="http://procopio.com/profiles/attorney_detail.cfm?id=190" />general counsel prolific writer subject intellectual property protection internet ken king cfo nazanin berenjian controller eric boldt taxes handled bien logic finances</p></sec><sec><st>company sale sitelab netrics</st><p>bien logic sold form<weblink ns0:type="simple" ns0:href="http://www.sitelab.com/Interactive_Web_Agency/index_seo_web_developer.html">sitelab llc</weblink><weblink ns0:type="simple" ns0:href="http://www.netrics.com/">netrics</weblink>sitelab top interactive agency<weblink ns0:type="simple" ns0:href="http://www.sitelab.com/Interactive_Web_Agency/Online_Marketing_Releases/pr_sitelab_top50_agencies.asp" />led bien logic employees marlene matheson<weblink ns0:type="simple" ns0:href="http://sitelab.com/Interactive_Web_Agency/sli_team_web_development.html" />dana todd president board<link ns0:type="simple" ns0:href="../347/4739347.xml">sempo</link><weblink ns0:type="simple" ns0:href="http://www.searchenginestrategies.com/sew/chicago06/dtodd.html" />mike zemans netrics innovative company<weblink ns0:type="simple" ns0:href="http://www.netrics.com/news_article.psp?newsID=6" />providing highend intelligent search solutions enterprise databases peter yianilos chairman netrics<weblink ns0:type="simple" ns0:href="http://www.netrics.com/index.php/Management/Management.html" /></p></sec></bdy></article>