<article xmlns:ns0="http://www.w3.org/1999/xlink"><computer confidence="0.8" wordnetid="103082979"><artifact confidence="0.8" wordnetid="100021939"><instrumentality confidence="0.8" wordnetid="103575240"><device confidence="0.8" wordnetid="103183080"><machine confidence="0.8" wordnetid="103699975"><web_site confidence="0.8" wordnetid="106359193"><header><title>sploofus</title><id /><revision><id /><timestamp /><contributor><username>closedmouth</username><id /></contributor></revision><categories><category>entertainment websites</category></categories></header><bdy><image location="right" width="300px" src="Sploofuslogo.jpg" type="thumb"><caption>logo sploofus web site</caption></image><p>sploofus web site featuring<link ns0:type="simple" ns0:href="../736/1690736.xml">trivia</link>quizzes<link ns0:type="simple" ns0:href="../944/1050944.xml">online game</link></p><p>trivia quizzes submitted site members checked site editors live wordpuzzles game<link ns0:type="simple" ns0:href="../462/14462.xml">hangman</link>trivia question day selected randomly user large database questions submitted editors created editorial staff wordrounds wordmatches designed test vocabulary knowledge dexterity created independent third party webmaster</p><p>contestants challenge members directly totalpoint ranking showdown allows challenger win lose points person challenged will breakeven loses showdown win points challenger victorious showdown</p><p>additionally wagers allow contestant bet number points predetermined maximum based players total points successful wagerers win number losers forfeit number</p><p>sploofus site created justin morton grown membership members</p><sec><st>references</st><p><list><entry level="1" type="bullet"><weblink ns0:type="simple" ns0:href="http://www.toledoblade.com/apps/pbcs.dll/article?AID=/20060507/NEWS19/605070310/-1/NEWS|">site attracts global fan base</weblink>george tanber<link ns0:type="simple" ns0:href="../719/1458719.xml">toledo blade</link></entry><entry level="1" type="bullet"><weblink ns0:type="simple" ns0:href="http://news.google.com/news/url?sa=t ct=us/0-0 fp=4646822e8320b690 ei=gYJGRvmRJo-soAKC3di-Bw url=http%3A//www.courierpress.com/news/2007/apr/24/sploofuscom-its-the-answer-for-trivia-fans/ cid=0|">answer trivia fans</weblink>rebecca coudret<newspaper wordnetid="106267145" confidence="0.9508927676800064"><link ns0:type="simple" ns0:href="../923/3452923.xml">evansville courier press</link></newspaper>april</entry><entry level="1" type="bullet"><weblink ns0:type="simple" ns0:href="http://www.southbendtribune.com/apps/pbcs.dll/article?AID=/20060214/News01/602140503/-1/NEWS01/CAT=News01|">trivia knowledge power</weblink>dave frownfelder<newspaper wordnetid="106267145" confidence="0.9508927676800064"><link ns0:type="simple" ns0:href="../222/4791222.xml">south bend tribune</link></newspaper>february</entry></list></p></sec><sec><st>external links</st><p><list><entry level="1" type="bullet"><weblink ns0:type="simple" ns0:href="http://www.sploofus.com">sploofus trivia systems web site</weblink></entry></list></p></sec></bdy></web_site></machine></device></instrumentality></artifact></computer></article>