<article xmlns:ns0="http://www.w3.org/1999/xlink"><company confidence="0.9508927676800064" wordnetid="108058098"><header><title>sopheon</title><id /><revision><id /><timestamp /><contributor><username>conman</username><id /></contributor></revision><categories><category>software companies netherlands</category><category>articles invalid parameter template</category><category>needing wikified</category><category>orphaned articles april</category><category>orphaned articles</category><category>wikify april</category></categories></header><bdy><template><name>infobox company</name><parameters><location>headquarters minneapolis</location><company_name>sopheon plc</company_name><company_type>publicly traded</company_type><foundation>netherlands</foundation><products>software solutions product portfolio management strategic roadmapping services</products><homepage>httpwwwsopheoncom</homepage><key_people>andy michuda ceo</key_people></parameters></template><p><table class="metadata plainlinks ambox "><row><col>amboxstyle style</col></row><row><col class="mbox-image"><p><image width="44px" src="Wiki_letter_w.svg" /></p></col><col style="" class="mbox-text">article articles<weblink ns0:type="simple" ns0:href="http://localhost:18088/wiki/index.php?title=Special:Whatlinkshere target=Sopheon namespace=0">link</weblink>help articles<weblink ns0:type="simple" ns0:href="http://www.google.com/search?hl=en as_qdr=all q=+site%3Aen.wikipedia.org+%22Sopheon%22">topics</weblink>april</col></row></table></p><p><table class="metadata plainlinks ambox "><row><col>amboxstyle style</col></row><row><col class="mbox-image"><p><image width="50px" src="Wikitext.svg" /></p></col><col style="" class="mbox-text">article help<weblink ns0:type="simple" ns0:href="http://localhost:18088/wiki/index.php?title=Sopheon action=edit">improve article</weblink>adding april</col></row></table></p><p><weblink ns0:type="simple" ns0:href="http://www.sopheon.com">sopheon</weblink><weblink ns0:type="simple" ns0:href="http://www.londonstockexchange.com/en-gb/pricesnews/prices/system/detailedprices.htm?sym=GB0006932171GBGBXAIM%200693217SPE">lsespe</weblink>international provider software services help organizations improve business impact product innovation sopheons accolade system automates governs innovation process allowing customers increase revenue profits products sopheon listed aim market london stock exchange euronext netherlands</p><p /><sec><st>history</st><p>sopheon began netherlandsbased polydoc building competencies linguistics language management company developed software applications allowed organizations capture organize access knowledge structured authoring tools terminology management thesauri technology focused specific processes hospital protocol management sharing quality standards</p><p>november polydoc knowledge harvesting content dissemination competencies acquiring appliednet supplier knowledge management solutions products expertise search portal technologies extending intellectual property group acquisition strength implementation services expanded polydocs market presence conjunction acquisition appliednet polydoc changed sopheon</p><p>commercially sound set software tools place sopheon looked opportunity integrate content solutions gain foothold market september sopheon completed acquisition teltech resource network corporation knowledge management services organization year history teltech brought sopheon diverse bluechip client base strategy globalizing services offering july sopheon acquired technology information services division ait aventis technologies frankfurt germany</p><p>november sopheon acquired ukbased orbital software technology expanded capacity sopheons solutions include access unstructured information product innovation process june sopheon sold usbased information management division findsvp transaction allowed company pursue strategic decision focus closely growing software business focus centered sopheons primary offering accolade product life cycle management plm system</p><p>market introduction accolade evolved product portfolio management submarket plm</p><p>june sopheon announced acquisition californiabased alignent software alignent suppliers worldwide specializes provision advanced product technology roadmapping software complex global companies</p></sec><sec><st>products</st><p>sopheons accolade product life cycle management plm system automates product development processes providing strategic decision support needed</p><p><list><entry level="1" type="bullet">better understand business project innovation pipeline</entry><entry level="1" type="bullet">speed products market faster</entry><entry level="1" type="bullet">capture collect compare product ideas</entry><entry level="1" type="bullet">resource allocation decisions aligned organizations strategic priorities</entry></list></p><p>key features accolade<list><entry level="1" type="bullet">process automation automates phase gatebased product development process</entry><entry level="1" type="bullet">process accelerator compresses implementation time speeds process adoption</entry><entry level="1" type="bullet">portfolio management predefined process model guidelines enable easy tracking assessing status viability projects based key performance metrics</entry><entry level="1" type="bullet">product planning roadmapping easier develop analyze product roadmaps product release schedules</entry><entry level="1" type="bullet">idea management allows objective evaluation strengths weaknesses risks associated product idea</entry><entry level="1" type="bullet">resource planning details analysis project resource demands developmental pipeline</entry><entry level="1" type="bullet">document routing approval tracks records progress project documentation review approval processes</entry><entry level="1" type="bullet">project integration close integration microsoft office project server accolade</entry></list></p><p>sopheons vision strategist strategic roadmapping software</p><p>sopheons strategic product planning solution vision strategist collaborative software designed exclusively product roadmapping allows user visualize predict external market technology trends will impact product plans time enabling better decisions product direction introduction technologies principal advantage system centralizes planning information making easy access data transform product technology market roadmaps</p><p>vision strategist help professionals better plan technology paths implementation integration systems supplier capabilities map internal business customers</p><p>vision strategist</p><p><list><entry level="1" type="bullet">streamline automate visualize strategic planning data</entry></list></p><p><list><entry level="1" type="bullet">ensure product development technology investments reflect longterm</entry></list></p><p><list><entry level="1" type="bullet">eliminate redundant planning efforts early development process</entry></list></p><p><list><entry level="1" type="bullet">identify technology intellectual property reused products</entry></list></p><p><list><entry level="1" type="bullet">share realtime product roadmaps teams suppliers</entry></list></p></sec><sec><st>external links</st><p><list><entry level="1" type="bullet"><weblink ns0:type="simple" ns0:href="http://www.sopheon.com">company web site</weblink></entry></list></p></sec></bdy></company></article>