<article xmlns:ns0="http://www.w3.org/1999/xlink"><physical_entity confidence="0.8" wordnetid="100001930"><person confidence="0.8" wordnetid="100007846"><alumnus confidence="0.9511911446218017" wordnetid="109786338"><causal_agent confidence="0.8" wordnetid="100007347"><academician confidence="0.8" wordnetid="109759069"><adult confidence="0.8" wordnetid="109605289"><professional confidence="0.8" wordnetid="110480253"><educator confidence="0.8" wordnetid="110045713"><header><title>edith lesley</title><id /><revision><id /><timestamp /><contributor><username>smackbot</username><id /></contributor></revision><categories><category>people massachusetts</category><category>lesley university</category><category>births</category><category>american academics</category><category>people bangor maine</category><category>radcliffe college alumni</category><category>deaths</category></categories></header><bdy>edith lesley american educator founder<university wordnetid="108286163" confidence="0.9508927676800064"><link ns0:type="simple" ns0:href="../715/3372715.xml">lesley university</link></university>born january<country wordnetid="108544813" confidence="0.9508927676800064"><link ns0:type="simple" ns0:href="../997/22997.xml">panama canal zone</link></country>protectorate died<link ns0:type="simple" ns0:href="../775/3775.xml">boston</link><country wordnetid="108544813" confidence="0.9508927676800064"><link ns0:type="simple" ns0:href="../518/1645518.xml">massachusetts</link></country>elder daughter alonzo rebecca cousens lesley<sec><st>early life</st><p>edith lesley born province granada nation<country wordnetid="108544813" confidence="0.9508927676800064"><link ns0:type="simple" ns0:href="../997/22997.xml">panama</link></country>living family moved<village wordnetid="108672738" confidence="0.9508927676800064"><link ns0:type="simple" ns0:href="../100/116100.xml">bangor maine</link></village>alonzo lesley grown nearby<village wordnetid="108672738" confidence="0.9508927676800064"><link ns0:type="simple" ns0:href="../105/116105.xml">carmel maine</link></village>rebecca cousens lesley<village wordnetid="108672738" confidence="0.9508927676800064"><link ns0:type="simple" ns0:href="../006/116006.xml">trenton maine</link></village>alonzo lesley worked shoemaker bangor ediths sister olive lesley born december bangor</p><p>edith lesley attended public elementary school bangor clear graduated bangor high school attended private classes helen newman opened newmans school bangor late rebecca lesley boarders familys rented adams street bangor broadway</p><p>lesley family moved<village wordnetid="108672738" confidence="0.9508927676800064"><link ns0:type="simple" ns0:href="../685/5685.xml">cambridge massachusetts</link></village>alonzo lesley continued work shoemaker time edith lesley received training<link ns0:type="simple" ns0:href="../280/217280.xml">kindergarten</link>education anne kindergarten school boston precepts<physical_entity wordnetid="100001930" confidence="0.8"><expert wordnetid="109617867" confidence="0.8"><person wordnetid="100007846" confidence="0.8"><educationist wordnetid="110045454" confidence="0.8"><specialist wordnetid="110631941" confidence="0.8"><causal_agent wordnetid="100007347" confidence="0.8"><link ns0:type="simple" ns0:href="../927/728927.xml">friedrich wilhelm august froebel</link></causal_agent></specialist></educationist></person></expert></physical_entity>credited inventor concept<link ns0:type="simple" ns0:href="../280/217280.xml">kindergarten</link>advocate early childhood education sister olive working kindergarten teachers riverside school cambridge move houghton school edith eventually principal</p><p>edith lesley attended<university wordnetid="108286163" confidence="0.9508927676800064"><link ns0:type="simple" ns0:href="../977/242977.xml">radcliffe college</link></university>special student studying philosophy<physical_entity wordnetid="100001930" confidence="0.8"><philosopher wordnetid="110423589" confidence="0.8"><person wordnetid="100007846" confidence="0.8"><intellectual wordnetid="109621545" confidence="0.8"><causal_agent wordnetid="100007347" confidence="0.8"><scholar wordnetid="110557854" confidence="0.8"><link ns0:type="simple" ns0:href="../060/494060.xml">josiah royce</link></scholar></causal_agent></intellectual></person></philosopher></physical_entity><link ns0:type="simple" ns0:href="../279/917279.xml">hugo munsterberg</link><physical_entity wordnetid="100001930" confidence="0.8"><person wordnetid="100007846" confidence="0.8"><philosopher wordnetid="110423589" confidence="0.8"><intellectual wordnetid="109621545" confidence="0.8"><adult wordnetid="109605289" confidence="0.8"><professional wordnetid="110480253" confidence="0.8"><educator wordnetid="110045713" confidence="0.8"><biographer wordnetid="109855433" confidence="0.8"><communicator wordnetid="109610660" confidence="0.8"><alumnus wordnetid="109786338" confidence="0.8"><academician wordnetid="109759069" confidence="0.8"><causal_agent wordnetid="100007347" confidence="0.8"><writer wordnetid="110794014" confidence="0.8"><scholar wordnetid="110557854" confidence="0.8"><link ns0:type="simple" ns0:href="../410/5700410.xml">george herbert palmer</link></scholar></writer></causal_agent></academician></alumnus></communicator></biographer></educator></professional></adult></intellectual></philosopher></person></physical_entity>classes prepare open school indicating long period planning finally venture</p></sec><sec><st>lesley school</st><p>edith lesley founded lesley school<village wordnetid="108672738" confidence="0.9508927676800064"><link ns0:type="simple" ns0:href="../685/5685.xml">cambridge massachusetts</link></village>early years school called lesley normal school term normal based french cole normale suprieure school educate teachers purpose school train young women classic kindergarten methods froebel twoyear course study school enrolled students year charged tuition classes taught edith olive lesley parttime instructors teach specialty classes</p><p>school parttime venture edith sister olive continued teach cambridge public schools growing enrollments appears resigned teaching job devote full attention lesley school school training early primary grades opened household arts department enrollment grew rapidly peaking well students</p><p>edith lesley married merl ruskin wolfard engineer merl wolfard participated closely expansion school buying properties dormitories boarding students olive lesley left school work<physical_entity wordnetid="100001930" confidence="0.8"><person wordnetid="100007846" confidence="0.8"><clergyman wordnetid="109927451" confidence="0.8"><medical_practitioner wordnetid="110305802" confidence="0.8"><leader wordnetid="109623038" confidence="0.8"><spiritual_leader wordnetid="109505153" confidence="0.8"><causal_agent wordnetid="100007347" confidence="0.8"><health_professional wordnetid="110165109" confidence="0.8"><adult wordnetid="109605289" confidence="0.8"><professional wordnetid="110480253" confidence="0.8"><curate wordnetid="109983572" confidence="0.8"><doctor wordnetid="110020890" confidence="0.8"><link ns0:type="simple" ns0:href="../870/560870.xml">wilfred grenfell</link></doctor></curate></professional></adult></health_professional></causal_agent></spiritual_leader></leader></medical_practitioner></clergyman></person></physical_entity>labrador proponent<link ns0:type="simple" ns0:href="../087/295087.xml">girl scouts usa</link>finally journeying<country wordnetid="108544813" confidence="0.9508927676800064"><link ns0:type="simple" ns0:href="../419/5843419.xml">france</link></country>work war relief<conflict wordnetid="100958896" confidence="0.9508927676800064"><link ns0:type="simple" ns0:href="../461/4764461.xml">war</link></conflict>remain europe balance life</p><p>edith lesley wolfard hired getrude malloch kindergarten teacher experience boston cambridge schools parttime instructor malloch rapidly moved administration well continuing teach frequently accompanied wolfard travels professional work behalf kindergarten education life members worked behalf international kindergarten union iku association childhood education international</p><p>edith lesley purchased everett street house family long rented turning headquarters lesley school years wolfards onestory brick addition everett classes student boarding began buy neighboring properties turning dormitories school rebuilt garden quadrangle everett mellen streets residential campus form today</p><p>lesley school gained reputation solid teacher preparation focused extensive experience graduates employment well regions country schools leaders faculty changes teacher education requirements philosophy adding threeyear course liberal arts refining pedagogic methods theory edith lesley wolfard continued set general direction school husband merl wolfard divided profits business gertrude malloch associate principal principal facto administrative head school</p><p>edith lesley wolfard traveled extensively united including territories<symbol wordnetid="106806469" confidence="0.9508927676800064"><link ns0:type="simple" ns0:href="../270/13270.xml">hawaii</link></symbol><symbol wordnetid="106806469" confidence="0.9508927676800064"><link ns0:type="simple" ns0:href="../624/624.xml">alaska</link></symbol>well europe collecting artifacts add educational cultural experience lesley school students</p><p>enrollments declined mids result<condition wordnetid="113920835" confidence="0.8"><state wordnetid="100024720" confidence="0.8"><difficulty wordnetid="114408086" confidence="0.8"><crisis wordnetid="113933560" confidence="0.8"><situation wordnetid="114411243" confidence="0.8"><link ns0:type="simple" ns0:href="../335/19283335.xml">great depression</link></situation></crisis></difficulty></state></condition>edith lesley wolfard began struggle chronic illness received honorary masters degree<university wordnetid="108286163" confidence="0.9508927676800064"><link ns0:type="simple" ns0:href="../889/322889.xml">suffolk university</link></university>ways marked active involvement education</p></sec><sec><st>transition establishment lesley college</st><p>wolfards gertrude malloch investor john gordon created trust attempted lesley school basis school continued struggle enrollments school incorporated nonprofit institution petitioned massachusetts offer bachelors degree petition granted lesley school officially<body wordnetid="107965085" confidence="0.8"><university wordnetid="108286163" confidence="0.8"><social_group wordnetid="107950920" confidence="0.8"><group wordnetid="100031264" confidence="0.8"><link ns0:type="simple" ns0:href="../678/3372678.xml">lesley college</link></group></social_group></university></body>founding institution undergraduate college<university wordnetid="108286163" confidence="0.9508927676800064"><link ns0:type="simple" ns0:href="../715/3372715.xml">lesley university</link></university>edith lesley wolfard remained trustee direct involvement school ended</p><p>wolfards continued live everett street edith lesley wolfards death merl wolfard remained corporator college death</p></sec><sec><st>references</st><p>edith lesley wolfard american women official women nation los angeles american publishing</p><p>edith lesley wolfard englandv comp direction marquis chicago marquis</p><p>edith lesley wolfard massachusetts boston larkin roosevelt larkin</p></sec><sec><st>notes</st><p>death certificate edith wolfard certificate registry vital records statistics department public health boston massachusetts filed alonzo leslie city bangor greenough bangor david bugbee place birth alonzo lesley death record mass vital records massachusetts archives boston massachusetts residence rebecca cousens census trenton hancock maine roll image head household john cousens vital records bangor maine graduation elementary school bangor grammar schools graduate exercises class bangor daily whig courier june obituary bangor newspaper graduated bangor high school merl wolfard bangor daily news selfreported records earlier life cite newman source high school education household listing census bangor penobscot county maine ward roll family history film enumeration district head house alonso leslie sic cambridge massachusetts directory published cambridge massachuusetts cambridge massachusetts directories letter jane knowles radcliffe college hannah roberts lesley college september recording years registrations edith lesley cambridge massachusetts directory published cambridge massachusetts marriage record merl wolfard edith leslie sic massachusetts vital records massachusetts archives boston massachusetts edith wolfard cambridge mass buyer purchases everett street consideration paid john robert edwards sumner abby sumner colorado springs colorado july middlesex county deeds cambridge massachusetts</p></sec><sec><st>external links</st><p><list><entry level="1" type="bullet"><weblink ns0:type="simple" ns0:href="http://www.lesley.edu/">lesley university website</weblink></entry></list></p></sec></bdy></educator></professional></adult></academician></causal_agent></alumnus></person></physical_entity></article>