<article xmlns:ns0="http://www.w3.org/1999/xlink"><artifact confidence="0.8" wordnetid="100021939"><instrumentality confidence="0.8" wordnetid="103575240"><camera confidence="0.8" wordnetid="102942699"><equipment confidence="0.8" wordnetid="103294048"><photographic_equipment confidence="0.8" wordnetid="103926148"><header><title>canon powershot</title><id /><revision><id /><timestamp /><contributor><username>cataphract</username><id /></contributor></revision><categories><category>bridge digital cameras</category><category>canon powershot cameras</category></categories></header><bdy><template><name /><parameters><image width="250px" src="Canon_PowerShot_S5_IS-face.png" /><image width="250px" src="Canon_PowerShot_S5_IS-full.png" /><shutterRange /><res><link>megapixels</link></res><flash>builtin popup electronic external speedlite flash supported hot shoe</flash><model><link ns0:type="simple" ns0:href="../263/5647263.xml">canon powershot</link></model><weight>body</weight><wbbkt /><emode>full auto programmed shutterpriority aperture priority manual movie</emode><viewfinder>electronic coverage</viewfinder><metering>evaluative center weighted spot</metering><kind><link>multi function hybrid camera</link></kind><sensor>pixels<artifact wordnetid="100021939" confidence="0.8"><instrumentality wordnetid="103575240" confidence="0.8"><device wordnetid="103183080" confidence="0.8"><detector wordnetid="103180969" confidence="0.8"><link ns0:type="simple" ns0:href="../804/6804.xml">ccd</link></detector></device></instrumentality></artifact></sensor><battery><link ns0:type="simple" ns0:href="../019/1592019.xml">batteries</link></battery><speedRange>iso stops</speedRange><cont>frames</cont><flbkt /><White_Balance>presets auto manual</White_Balance><fmode>ttl center area face detection manual</fmode><lens>nondetachable equiv optical zoom</lens><farea>singlepoint autofocus fixed center flexizone</farea><obp /><rearLCD>pixels coverage</rearLCD><shutter>electronic mechanical shutter</shutter><fcbkt /><mmode>evaluative center weighted spot</mmode><storage><link>secure digital</link>sdsdhc<link ns0:type="simple" ns0:href="../708/350708.xml">multimedia card</link>mmc</storage></parameters></template><p>canon powershot megapixel<link ns0:type="simple" ns0:href="../643/3547643.xml">bridge digital camera</link>announced launched june year fourth canons cameras superzoom category integrated zoom lens<link ns0:type="simple" ns0:href="../320/4198320.xml">image stabilization</link>technology digic iii processor higher performance digic predecessor megapixel<artifact wordnetid="100021939" confidence="0.8"><instrumentality wordnetid="103575240" confidence="0.8"><camera wordnetid="102942699" confidence="0.8"><equipment wordnetid="103294048" confidence="0.8"><photographic_equipment wordnetid="103926148" confidence="0.8"><link ns0:type="simple" ns0:href="../802/5231802.xml">canon powershot</link></photographic_equipment></equipment></camera></instrumentality></artifact></p><sec><st>features</st><p><list><entry level="1" type="bullet">megapixel effective</entry><entry level="1" type="bullet">ccd sensor</entry><entry level="1" type="bullet">flash hotshoe compared</entry><entry level="1" type="bullet">optical zoom digital zoom</entry><entry level="1" type="bullet"><link ns0:type="simple" ns0:href="../320/4198320.xml">optical image stabilizer</link>shift type</entry><entry level="1" type="bullet"><link ns0:type="simple" ns0:href="../511/2147511.xml">ultrasonic lens motor</link></entry><entry level="1" type="bullet">extralong movie mode enhanced vga resolution stereo sound</entry><entry level="1" type="bullet">canon digic iii processor isaps</entry><entry level="1" type="bullet">running<O wordnetid="106832680" confidence="0.9508927676800064"><link ns0:type="simple" ns0:href="../275/15114275.xml">dryos</link></O>operating system</entry><entry level="1" type="bullet"><link ns0:type="simple" ns0:href="../384/648384.xml">pictbridge</link>photostitch canon direct print compatible required</entry><entry level="1" type="bullet">shooting modes</entry><entry level="1" type="bullet">aperture range</entry><entry level="1" type="bullet">macro focus range max wide angle slight zoomin infinity zoom</entry><entry level="1" type="bullet">supermacro focus range forced max wide angle mode</entry><entry level="1" type="bullet">min shutter max shutter</entry><entry level="1" type="bullet">frames movie clips stereo audio limited hour whichever mode frames</entry><entry level="1" type="bullet">electronic viewfinder approx pixels</entry><entry level="1" type="bullet">continuous drive fps</entry><entry level="1" type="bullet">flipout twist lcd pixels</entry><entry level="1" type="bullet">dimensions</entry><entry level="1" type="bullet">weight</entry></list></p></sec><sec><st>reasons exclusion powershot</st><p>canon based<link ns0:type="simple" ns0:href="../573/15573.xml">japan</link><link ns0:type="simple" ns0:href="../161/208161.xml">number</link>range cultural<link ns0:type="simple" ns0:href="../712/18581712.xml">superstition</link><indent level="1">word read chinese mandarin shi japanese close<link ns0:type="simple" ns0:href="../126/148126.xml">homonym</link>word death languages<speech wordnetid="107109196" confidence="0.8"><dialect wordnetid="107155661" confidence="0.8"><auditory_communication wordnetid="107109019" confidence="0.8"><language wordnetid="106282651" confidence="0.8"><non-standard_speech wordnetid="107155081" confidence="0.8"><link ns0:type="simple" ns0:href="../292/1092292.xml">cantonese</link></non-standard_speech></language></auditory_communication></dialect></speech>dialect spoken hong kong eos included number pronounced yonjyuu<weblink ns0:type="simple" ns0:href="http://www.hardware-one.com/forum/read_msg.php?tid=214 forumid=seriousth">forumidseriousth</weblink></indent><magazine wordnetid="106595351" confidence="0.9508927676800064"><link ns0:type="simple" ns0:href="../073/487073.xml">amateur photographer</link></magazine>magazine supported<indent level="1">truth leap based cultural superstition japan number considered unlucky pronunciation shi pronunciation death reason<artifact wordnetid="100021939" confidence="0.8"><instrumentality wordnetid="103575240" confidence="0.8"><camera wordnetid="102942699" confidence="0.8"><equipment wordnetid="103294048" confidence="0.8"><photographic_equipment wordnetid="103926148" confidence="0.8"><link ns0:type="simple" ns0:href="../354/887354.xml">eos range</link></photographic_equipment></equipment></camera></instrumentality></artifact>jumps eos eos latest<artifact wordnetid="100021939" confidence="0.8"><instrumentality wordnetid="103575240" confidence="0.8"><camera wordnetid="102942699" confidence="0.8"><equipment wordnetid="103294048" confidence="0.8"><photographic_equipment wordnetid="103926148" confidence="0.8"><link ns0:type="simple" ns0:href="../130/861130.xml">ixus digital</link></photographic_equipment></equipment></camera></instrumentality></artifact>compacts bucks trend ixus ixus models ixus find canon camera model number canon</indent></p></sec><sec><st>external hot shoe capabilities</st><p>compatible newer flash systems older flash systems older flashes require adapters protect camera high voltages volts flashes contact sites digital cameras electronic device trigger flash voltage high eventually destroy flash triggering system camera</p></sec><sec><st>external links</st><p><list><entry level="1" type="bullet"><weblink ns0:type="simple" ns0:href="http://www.usa.canon.com/html/templatedata/pressrelease/20070507_s5is_sd850is.html">official press release</weblink></entry><entry level="1" type="bullet"><weblink ns0:type="simple" ns0:href="http://www.dpreview.com/reviews/canons5is/">review dpreview</weblink></entry></list></p><p><table style="margin:0.5em auto; font-size:95%;clear:both;" class="wikitable"><row style="text-align: center;" /><row style="text-align:center;"><col align="center" width="30%" rowspan="1">preceded<artifact wordnetid="100021939" confidence="0.8"><instrumentality wordnetid="103575240" confidence="0.8"><camera wordnetid="102942699" confidence="0.8"><equipment wordnetid="103294048" confidence="0.8"><photographic_equipment wordnetid="103926148" confidence="0.8"><link ns0:type="simple" ns0:href="../802/5231802.xml">canon powershot</link></photographic_equipment></equipment></camera></instrumentality></artifact></col><col style="text-align: center;" width="40%" rowspan="1">canon superzoom consumer digital camera<link ns0:type="simple" ns0:href="../650/9518650.xml">july</link></col><col align="center" width="30%" rowspan="1">succeeded<link>canon powershot</link><link>canon powershot</link></col></row></table></p></sec></bdy></photographic_equipment></equipment></camera></instrumentality></artifact></article>