<article xmlns:ns0="http://www.w3.org/1999/xlink"><header><title>risk observatory</title><id /><revision><id /><timestamp /><contributor><username>cmdrobot</username><id /></contributor></revision><categories><category>risk analysis</category><category>orphaned articles november</category><category>orphaned articles</category></categories></header><bdy><p><table class="metadata plainlinks ambox "><row><col>amboxstyle style</col></row><row><col class="mbox-image"><p><image width="44px" src="Wiki_letter_w.svg" /></p></col><col style="" class="mbox-text">article articles<weblink ns0:type="simple" ns0:href="http://localhost:18088/wiki/index.php?title=Special:Whatlinkshere target=Risk_observatory namespace=0">link</weblink>help articles<weblink ns0:type="simple" ns0:href="http://www.google.com/search?hl=en as_qdr=all q=+site%3Aen.wikipedia.org+%22Risk+observatory%22">topics</weblink>november</col></row></table></p><p>risk observatory based european agency safety health work euosha aims providing</p><p><list><entry level="1" type="bullet">overview health work europe</entry><entry level="1" type="bullet">description trends underlying factors</entry><entry level="1" type="bullet">description risk factors</entry><entry level="1" type="bullet">anticipation changes work consequences health</entry></list></p><p>observatory intends draw attention emerging risks enable set preventive action</p><p>monitoring forecasting activities based collection analysis consolidation existing hard data national international data sources description<weblink ns0:type="simple" ns0:href="http://riskobservatory.osha.europa.eu/osm/">monitoring systems</weblink></p><p><list><entry level="1" type="bullet">labour force surveys</entry><entry level="1" type="bullet">workers surveys</entry><entry level="1" type="bullet">accident registers</entry><entry level="1" type="bullet">registers occupational diseases</entry><entry level="1" type="bullet">death registers</entry><entry level="1" type="bullet">exposure registers</entry></list></p><p>collation hard data observatory qualitative information support identification emerging risks information based expert forecast reviews extend sources information collected control bodies</p><p>european agency safety health work<link>euosha</link>responsible management observatory consolidation data external contractors wide network national institutes contribute collection analysis data support agency mission</p><sec><st>methodology</st><ss1><st>sources data</st><p>data collection based existing sources data collected published online statistical sources existing tables graphics presentation sources data combine breakdown criteria result data difficult compare</p><p>efforts raw data sources treated expected output example case data european working conditions survey regard european belgian data occupational diseases statistics belgium danish work environment cohort study check</p><p>sources statistical analytical background documents statistical sources combination administrative registers statistics occupational disease registers exposure registers surveys voluntary reporting systems inspection reports global risk picture presented combining sources</p></ss1></sec><sec><st>administrative data sources</st><ss1><st>accidents work</st><p>european statistics accidents work esaw collect statistical data accidents work statistics year onwards allow uniform presentation european member statistics comparison member statistics</p><p>harmonized methodology data collection created information collected variables economic activity employer occupation victim age sex victim type injury body injured time accident size enterprise employment status victim days lost phase esaw methodology gradually implemented reference year onwards addition variables includes information concerning circumstances events leading accidents</p><p>details esaw methodology described<weblink ns0:type="simple" ns0:href="http://ec.europa.eu/employment_social/publications/2002/ke4202569_en.html">european statistics accidents work esaw methodology edition</weblink>european communities directorate general employment social affairs series catalogue keenc resume concepts coverage data<weblink ns0:type="simple" ns0:href="http://epp.eurostat.ec.europa.eu/portal/page?_pageid=1073,46587259 _dad=portal _schema=PORTAL p_product_code=KS-57-04-807">work health statistical portrait</weblink>european communities eurostat catalogue ksenn</p></ss1><ss1><st>occupational diseases</st><p>european statistics occupational diseases esod national data sources collect statistical data occupational diseases project european statistics occupational diseases eods started pilot data collection reference year data phase methodology collected year</p><p>phase methodology eods includes detailed information causative agent occupational diseases collection information purpose causative agents planned well main drawback data collection systems workers covered national data collection systems member occupational disease problems underreporting differences national social security systems</p></ss1><ss1><st>exposure registers</st><p>alternative concentrating occurrence disease monitor exposures exposure register records data relevant occupational health safety outcomes disease register concentrates workplace exposures disorders</p><p>measurement services institutions statutory accident insurance prevention bgs germany perform exposure measurements workplaces data stored bgbia exposure database</p><p>voluntary reporting occupational diseases specialist doctors</p><p>sentinel surveillance network health providers report cases occupational diseases approach register occupational diseases differences sentinel networks achieve total coverage operate restricted geographical area involve sample physicians</p><p>thor project responsible collection specialistbased workrelated illhealth data scheme relies systematic voluntary confidential reporting cases consultant thoracic physicians country regular reports required physicians detailing number cases diagnostic categories individual data case age sex place residence type work suspected agent occupational surveillance scheme audiologists ossa operates thor network</p></ss1><ss1><st>inspections</st><p>countries medical inspections carried labour inspectorate play essential role ensuring laws regulations governing workers health surveillance properly applied</p><p>arbomonitor netherlands representative information affairs working conditions dutch companies risks policies preventive practices information gathered labour inspection company visits</p></ss1></sec><sec><st /><p><link>euosha</link></p></sec><sec><st>external links</st><p><list><entry level="1" type="bullet"><weblink ns0:type="simple" ns0:href="http://riskobservatory.osha.europa.eu">risk observatory website</weblink>european agency safety health work<link>euosha</link></entry><entry level="1" type="bullet"><weblink ns0:type="simple" ns0:href="http://osha.europa.eu/publications/factsheets/68">expert forecast emerging biological risks occupational safety health</weblink></entry></list></p></sec></bdy></article>