<article xmlns:ns0="http://www.w3.org/1999/xlink"><actor confidence="0.9508927676800064" wordnetid="109765278"><header><title>todd carty</title><id /><revision><id /><timestamp /><contributor><username>jeremy</username><id /></contributor></revision><categories><category>births</category><category>irish stage actors</category><category>irish film actors</category><category>living people</category><category>people kilburn</category><category>irish television actors</category><category>irish soap opera actors</category></categories></header><bdy><template><name>infobox actor</name><parameters><image width="150px" src="Replace_this_image_male.svg"><caption>replace image malesvg</caption></image><location><link ns0:type="simple" ns0:href="../885/56885.xml">limerick city</link><site wordnetid="108651247" confidence="0.9508927676800064"><link ns0:type="simple" ns0:href="../864/56864.xml">munster</link></site><country wordnetid="108544813" confidence="0.9508927676800064"><link ns0:type="simple" ns0:href="../560/14560.xml">ireland</link></country></location><name>todd carty</name><birthdate>august age</birthdate><imagesize /><notable_role>tucker jenkins<series wordnetid="108457976" confidence="0.9508927676800064"><link ns0:type="simple" ns0:href="../502/236502.xml">grange hill</link></series><series wordnetid="108457976" confidence="0.9508927676800064"><link ns0:type="simple" ns0:href="../922/2730922.xml">tuckers luck</link></series><fictional_character wordnetid="109587565" confidence="0.8"><imaginary_being wordnetid="109483738" confidence="0.8"><link ns0:type="simple" ns0:href="../654/1963654.xml">mark fowler</link></imaginary_being></fictional_character><series wordnetid="108457976" confidence="0.9508927676800064"><link ns0:type="simple" ns0:href="../995/9995.xml">eastenders</link></series><policeman wordnetid="110448983" confidence="0.9173553029164789"><link ns0:type="simple" ns0:href="../417/1247417.xml">gabriel kent</link></policeman><series wordnetid="108457976" confidence="0.9508927676800064"><link ns0:type="simple" ns0:href="../016/12319016.xml">bill</link></series></notable_role></parameters></template>todd carty born<link ns0:type="simple" ns0:href="../711/1711.xml">august</link><link ns0:type="simple" ns0:href="../648/34648.xml" /><link ns0:type="simple" ns0:href="../885/56885.xml">limerick city</link><site wordnetid="108651247" confidence="0.9508927676800064"><link ns0:type="simple" ns0:href="../864/56864.xml">munster</link></site><country wordnetid="108544813" confidence="0.9508927676800064"><link ns0:type="simple" ns0:href="../560/14560.xml">ireland</link></country><ref ns0:type="simple" ns0:href="#xpointer(//reflist/entry[@id=%221%22])" />irishborn<link ns0:type="simple" ns0:href="../927/1048927.xml">british</link>based actor director grown television screens variety roles stage work varied pantomime serious drama well radio plays voice overs commercials narrations<p>best roles schoolboy peter<link ns0:type="simple" ns0:href="../668/1505668.xml">tucker</link>jenkins<series wordnetid="108457976" confidence="0.9508927676800064"><link ns0:type="simple" ns0:href="../502/236502.xml">grange hill</link></series>market trader<fictional_character wordnetid="109587565" confidence="0.8"><imaginary_being wordnetid="109483738" confidence="0.8"><link ns0:type="simple" ns0:href="../654/1963654.xml">mark fowler</link></imaginary_being></fictional_character><series wordnetid="108457976" confidence="0.9508927676800064"><link ns0:type="simple" ns0:href="../995/9995.xml">eastenders</link></series>villainous policeman<policeman wordnetid="110448983" confidence="0.9173553029164789"><link ns0:type="simple" ns0:href="../417/1247417.xml">gabriel kent</link></policeman><series wordnetid="108457976" confidence="0.9508927676800064"><link ns0:type="simple" ns0:href="../016/12319016.xml">bill</link></series></p><sec><st>personal life</st><p>born<link ns0:type="simple" ns0:href="../885/56885.xml">limerick city</link><site wordnetid="108651247" confidence="0.9508927676800064"><link ns0:type="simple" ns0:href="../864/56864.xml">munster</link></site><country wordnetid="108544813" confidence="0.9508927676800064"><link ns0:type="simple" ns0:href="../560/14560.xml">ireland</link></country>family emigrated<country wordnetid="108544813" confidence="0.9508927676800064"><link ns0:type="simple" ns0:href="../316/9316.xml">england</link></country>carty spent early years<site wordnetid="108651247" confidence="0.9508927676800064"><link ns0:type="simple" ns0:href="../149/94149.xml">kilburn</link></site><region wordnetid="108630985" confidence="0.8"><location wordnetid="100027167" confidence="0.8"><district wordnetid="108552138" confidence="0.8"><link ns0:type="simple" ns0:href="../308/380308.xml">north london</link></district></location></region>moving<site wordnetid="108651247" confidence="0.9508927676800064"><link ns0:type="simple" ns0:href="../233/452233.xml">harrow</link></site>london years<ref ns0:type="simple" ns0:href="#xpointer(//reflist/entry[@id=%222%22])" />carty lives<site wordnetid="108651247" confidence="0.9508927676800064"><link ns0:type="simple" ns0:href="../184/94184.xml">muswell hill</link></site>north london<ref ns0:type="simple" ns0:href="#xpointer(//reflist/entry[@id=%223%22])" />relationship<link ns0:type="simple" ns0:href="../669/34669.xml" />childhood sweetheart business partner actresswriter film producer dina clarkin daughter irish actor<actor wordnetid="109765278" confidence="0.9508927676800064"><link ns0:type="simple" ns0:href="../868/13953868.xml">tony clarkin</link></actor>couple sons james thomas interview<newspaper wordnetid="106267145" confidence="0.9508927676800064"><link ns0:type="simple" ns0:href="../688/235688.xml">daily mirror</link></newspaper>carty explained met clarkin yearold child actress yearold parents carty describes dina soul mate<ref ns0:type="simple" ns0:href="#xpointer(//reflist/entry[@id=%224%22])" /></p><p><link ns0:type="simple" ns0:href="../417/46417.xml">west ham united</link>supporter west ham team appearing guests<link ns0:type="simple" ns0:href="../377/426377.xml">life</link>tribute todd carty year todd fortunes<team wordnetid="108208560" confidence="0.9508927676800064"><link ns0:type="simple" ns0:href="../510/578510.xml">republic ireland</link></team><team wordnetid="108208560" confidence="0.9508927676800064"><link ns0:type="simple" ns0:href="../500/955500.xml">ireland rugby team</link></team><association wordnetid="108049401" confidence="0.8"><club wordnetid="108227214" confidence="0.8"><team wordnetid="108208560" confidence="0.8"><link ns0:type="simple" ns0:href="../954/985954.xml">munster rugby</link></team></club></association>team</p><p>reported<channel wordnetid="106259898" confidence="0.9508927676800064"><link ns0:type="simple" ns0:href="../613/37613.xml">bbc news</link></channel><link ns0:type="simple" ns0:href="../362/11362.xml">february</link><link ns0:type="simple" ns0:href="../825/35825.xml" />todd carty collapsed stage performing business murder gordon craig theatre stevenage<ref ns0:type="simple" ns0:href="#xpointer(//reflist/entry[@id=%225%22])" />newspapers claimed carty suffered heart attack agent strenuously denied<statement wordnetid="106722453" confidence="0.8"><message wordnetid="106598915" confidence="0.8"><announcement wordnetid="106746580" confidence="0.8"><program wordnetid="106748466" confidence="0.8"><link ns0:type="simple" ns0:href="../893/1139893.xml">bbc news</link></program></announcement></message></statement>claiming collapse caused middle ear infection actor medication<ref ns0:type="simple" ns0:href="#xpointer(//reflist/entry[@id=%226%22])" />carty confirmed interviewed itvs<series wordnetid="108457976" confidence="0.9508927676800064"><link ns0:type="simple" ns0:href="../593/1943593.xml">loose women</link></series>shortly event</p></sec><sec><st>career</st><ss1><st>early career</st><p>television appearance advertisement<link ns0:type="simple" ns0:href="../637/1063637.xml">woolworth</link>age advertising roles including<series wordnetid="108457976" confidence="0.9508927676800064"><link ns0:type="simple" ns0:href="../209/8209.xml">doctor</link></series>actor<person wordnetid="100007846" confidence="0.9508927676800064"><actor wordnetid="109765278" confidence="0.9508927676800064"><link ns0:type="simple" ns0:href="../601/51601.xml">jon pertwee</link></actor></person><product wordnetid="104007894" confidence="0.8"><creation wordnetid="103129123" confidence="0.8"><artifact wordnetid="100021939" confidence="0.8"><event wordnetid="100029378" confidence="0.8"><written_communication wordnetid="106349220" confidence="0.8"><social_event wordnetid="107288639" confidence="0.8"><movie wordnetid="106613686" confidence="0.8"><show wordnetid="106619065" confidence="0.8"><code wordnetid="106667317" confidence="0.8"><psychological_feature wordnetid="100023100" confidence="0.8"><link ns0:type="simple" ns0:href="../780/1701780.xml">green cross code</link></psychological_feature></code></show></movie></social_event></written_communication></event></artifact></creation></product></p><p>stage appearance london theatre drury lane young lionel<composer wordnetid="109947232" confidence="0.9173553029164789"><person wordnetid="100007846" confidence="0.9508927676800064"><actor wordnetid="109765278" confidence="0.9508927676800064"><link ns0:type="simple" ns0:href="../463/163463.xml">lionel bart</link></actor></person></composer>autobiographical musical<link ns0:type="simple" ns0:href="../811/283811.xml">lionel</link>television career youth defined role tucker jenkins<skilled_worker wordnetid="110605985" confidence="0.8"><physical_entity wordnetid="100001930" confidence="0.8"><person wordnetid="100007846" confidence="0.8"><maker wordnetid="110284064" confidence="0.8"><serviceman wordnetid="110582746" confidence="0.8"><adult wordnetid="109605289" confidence="0.8"><professional wordnetid="110480253" confidence="0.8"><commanding_officer wordnetid="109941964" confidence="0.8"><educator wordnetid="110045713" confidence="0.8"><creator wordnetid="109614315" confidence="0.8"><military_officer wordnetid="110317007" confidence="0.8"><communicator wordnetid="109610660" confidence="0.8"><manufacturer wordnetid="110292316" confidence="0.8"><worker wordnetid="109632518" confidence="0.8"><academician wordnetid="109759069" confidence="0.8"><causal_agent wordnetid="100007347" confidence="0.8"><writer wordnetid="110794014" confidence="0.8"><link ns0:type="simple" ns0:href="../698/2782698.xml">phil redmond</link></writer></causal_agent></academician></worker></manufacturer></communicator></military_officer></creator></educator></commanding_officer></professional></adult></serviceman></maker></person></physical_entity></skilled_worker>popular<network wordnetid="108434259" confidence="0.9508927676800064"><link ns0:type="simple" ns0:href="../654/19344654.xml">bbc</link></network>drama<link ns0:type="simple" ns0:href="../502/236502.xml">grange hill</link>subsequent spin series<series wordnetid="108457976" confidence="0.9508927676800064"><link ns0:type="simple" ns0:href="../922/2730922.xml">tuckers luck</link></series></p><p>carty appeared<link ns0:type="simple" ns0:href="../087/865087.xml">cars</link><literary_composition wordnetid="106364329" confidence="0.8"><written_communication wordnetid="106349220" confidence="0.8"><writing wordnetid="106362953" confidence="0.8"><fiction wordnetid="106367107" confidence="0.8"><novel wordnetid="106367879" confidence="0.8"><link ns0:type="simple" ns0:href="../282/664282.xml">mutual friend</link></novel></fiction></writing></written_communication></literary_composition>drummer headmaster bbc german focus britain idle bunch film work time included professor poppers problems<situation_comedy wordnetid="107017733" confidence="0.8"><comedy wordnetid="107015510" confidence="0.8"><writing_style wordnetid="107092158" confidence="0.8"><drama wordnetid="106376154" confidence="0.8"><expressive_style wordnetid="107066659" confidence="0.8"><link ns0:type="simple" ns0:href="../247/4250247.xml">sir</link></expressive_style></drama></writing_style></comedy></situation_comedy>landed role oswyn fantasy film<movie wordnetid="106613686" confidence="0.9508927676800064"><link ns0:type="simple" ns0:href="../896/4622896.xml">krull</link></movie>opposite ken marshall lysette anthony liam neeson alun armstrong</p></ss1><ss1><st>eastenders</st><p>carty role original character<fictional_character wordnetid="109587565" confidence="0.8"><imaginary_being wordnetid="109483738" confidence="0.8"><link ns0:type="simple" ns0:href="../654/1963654.xml">mark fowler</link></imaginary_being></fictional_character>bbcs<series wordnetid="108457976" confidence="0.9508927676800064"><link ns0:type="simple" ns0:href="../995/9995.xml">eastenders</link></series>death original actor<physical_entity wordnetid="100001930" confidence="0.8"><person wordnetid="100007846" confidence="0.8"><performer wordnetid="110415638" confidence="0.8"><causal_agent wordnetid="100007347" confidence="0.8"><actor wordnetid="109765278" confidence="0.8"><entertainer wordnetid="109616922" confidence="0.8"><link ns0:type="simple" ns0:href="../000/2636000.xml">david scarboro</link></entertainer></actor></causal_agent></performer></person></physical_entity>cartys character notable mainstream soap protagonist diagnosed hivpositive carty played role years longestrunning male castmembers july bbc announced mark fowler written serial mutual decision producers carty executive producer<physical_entity wordnetid="100001930" confidence="0.8"><person wordnetid="100007846" confidence="0.8"><manufacturer wordnetid="110292316" confidence="0.8"><maker wordnetid="110284064" confidence="0.8"><causal_agent wordnetid="100007347" confidence="0.8"><creator wordnetid="109614315" confidence="0.8"><link ns0:type="simple" ns0:href="../383/2500383.xml">louise berridge</link></creator></causal_agent></maker></manufacturer></person></physical_entity>carty fantastic contribution soap mark pivotal figure character finally course todd discussed length agreed time mark hang leather jacket time will todd bestloved actors success future<ref ns0:type="simple" ns0:href="#xpointer(//reflist/entry[@id=%227%22])" />carty final appearance mark february character subsequently killed offscreen dying aidsrelated illness carty revealed broke eastenders contract year earlier planned role marks offscreen death<ref ns0:type="simple" ns0:href="#xpointer(//reflist/entry[@id=%228%22])" /></p></ss1><ss1><st>television film appearances</st><p>whilst eastenders carty appeared friend eastenders costar<actor wordnetid="109765278" confidence="0.9508927676800064"><link ns0:type="simple" ns0:href="../330/1465330.xml">nick berry</link></actor><link ns0:type="simple" ns0:href="../798/32798.xml">victorian</link>period adventure film black velvet band<link ns0:type="simple" ns0:href="../177/29177.xml">spaghetti western</link>style drama carty subject<diversion wordnetid="100426928" confidence="0.8"><event wordnetid="100029378" confidence="0.8"><show wordnetid="100520257" confidence="0.8"><act wordnetid="100030358" confidence="0.8"><psychological_feature wordnetid="100023100" confidence="0.8"><entertainment wordnetid="100429048" confidence="0.8"><activity wordnetid="100407535" confidence="0.8"><link ns0:type="simple" ns0:href="../377/426377.xml">life</link></activity></entertainment></psychological_feature></act></show></event></diversion>tribute guests included<person wordnetid="100007846" confidence="0.9508927676800064"><actor wordnetid="109765278" confidence="0.9508927676800064"><link ns0:type="simple" ns0:href="../890/613890.xml">wendy richard</link></actor></person><comedian wordnetid="109940146" confidence="0.9173553029164789"><person wordnetid="100007846" confidence="0.9508927676800064"><singer wordnetid="110599806" confidence="0.9173553029164789"><actor wordnetid="109765278" confidence="0.9173553029164789"><link ns0:type="simple" ns0:href="../532/151532.xml">norman wisdom</link></actor></singer></person></comedian><actor wordnetid="109765278" confidence="0.9508927676800064"><link ns0:type="simple" ns0:href="../330/1465330.xml">nick berry</link></actor>partner dina clarkin sons james thomas fatherinlaw actor<actor wordnetid="109765278" confidence="0.9508927676800064"><link ns0:type="simple" ns0:href="../868/13953868.xml">tony clarkin</link></actor></p><p>leaving eastenders carty play bent copper<link ns0:type="simple" ns0:href="../928/153928.xml" /><policeman wordnetid="110448983" confidence="0.9173553029164789"><link ns0:type="simple" ns0:href="../417/1247417.xml">gabriel kent</link></policeman><channel wordnetid="106259898" confidence="0.9508927676800064"><link ns0:type="simple" ns0:href="../089/58089.xml">itv</link></channel><series wordnetid="108457976" confidence="0.9508927676800064"><link ns0:type="simple" ns0:href="../016/12319016.xml">bill</link></series>leaving bill returned big screen aristocrat harvey van bollingbroke movie treasure albion carty acted school roared eccentric haig second unit director</p><p>gueststarred ray hallam christmas special series<series wordnetid="108457976" confidence="0.9508927676800064"><link ns0:type="simple" ns0:href="../125/868125.xml">heartbeat</link></series>bbcs<series wordnetid="108457976" confidence="0.9508927676800064"><link ns0:type="simple" ns0:href="../298/1460298.xml">holby city</link></series>villain cameron cooke gueststarred bbcs<link ns0:type="simple" ns0:href="../307/146307.xml">doctors</link>playing kev blake</p><p>carty reprised role tucker jenkins grange hill uncle pupils patrick togger johnson<ref ns0:type="simple" ns0:href="#xpointer(//reflist/entry[@id=%229%22])" />appeared episode brought film grange hills series broadcast oneoff special episode celebrate birthday longrunning bbc movie grange hill will star todd carty announced early stages development<ref ns0:type="simple" ns0:href="#xpointer(//reflist/entry[@id=%2210%22])" /></p><p>carty guest bbc<series wordnetid="108457976" confidence="0.9508927676800064"><link ns0:type="simple" ns0:href="../756/14830756.xml" /></series><link ns0:type="simple" ns0:href="../183/263183.xml">cameron mackintosh</link>helping choose selected boys play<literary_composition wordnetid="106364329" confidence="0.8"><written_communication wordnetid="106349220" confidence="0.8"><writing wordnetid="106362953" confidence="0.8"><fiction wordnetid="106367107" confidence="0.8"><novel wordnetid="106367879" confidence="0.8"><link ns0:type="simple" ns0:href="../301/161301.xml">oliver twist</link></novel></fiction></writing></written_communication></literary_composition>west production<musical wordnetid="107019172" confidence="0.9508927676800064"><link ns0:type="simple" ns0:href="../017/99017.xml">oliver</link></musical></p></ss1><ss1><st>radio presenting stage</st><p>cartys radio work includes dramas<link>les misrables</link>three loves ida bliss happy wavelength midweek jellybonesthe london particulars chocolate frigate narration work includes<link ns0:type="simple" ns0:href="../095/2323095.xml">paddington green</link>story york subways guardian angelsscene york fame game driving mum crazy snapshoteddie kidd jungle creatures</p><p>carty played ali baba bbc christmas pantomime<fictional_character wordnetid="109587565" confidence="0.8"><imaginary_being wordnetid="109483738" confidence="0.8"><link ns0:type="simple" ns0:href="../604/166604.xml">aladdin</link></imaginary_being></fictional_character>starred<person wordnetid="100007846" confidence="0.9508927676800064"><actor wordnetid="109765278" confidence="0.9508927676800064"><link ns0:type="simple" ns0:href="../991/158991.xml">barbara windsor</link></actor></person>captains mate<link>dick whittington</link>orchard theatre dartford appeared king rat<event wordnetid="100029378" confidence="0.8"><broadcast wordnetid="106619428" confidence="0.8"><social_event wordnetid="107288639" confidence="0.8"><television_program wordnetid="106620579" confidence="0.8"><show wordnetid="106619065" confidence="0.8"><psychological_feature wordnetid="100023100" confidence="0.8"><link ns0:type="simple" ns0:href="../386/323386.xml">basil brush</link></psychological_feature></show></television_program></social_event></broadcast></event>pantomime<link>dick whittington</link>wycombe swan theatre<ref ns0:type="simple" ns0:href="#xpointer(//reflist/entry[@id=%2211%22])" />reprised role king rat version dick whittington capital theatre<site wordnetid="108651247" confidence="0.9508927676800064"><link ns0:type="simple" ns0:href="../050/7386050.xml">horsham</link></site><link ns0:type="simple" ns0:href="../852/8852.xml">december</link><link ns0:type="simple" ns0:href="../165/36165.xml" /><link ns0:type="simple" ns0:href="../986/15986.xml">january</link><link ns0:type="simple" ns0:href="../825/35825.xml" /></p><p>carty reprised role tucker musical stage version series grange hill grange hill tuckers return queens theatre hornchurch toured<person wordnetid="100007846" confidence="0.9508927676800064"><actor wordnetid="109765278" confidence="0.9508927676800064"><link ns0:type="simple" ns0:href="../483/138483.xml">richard harris</link></actor></person>stage play business murder police detective hallett</p><p>todd carty<person wordnetid="100007846" confidence="0.9508927676800064"><actor wordnetid="109765278" confidence="0.9508927676800064"><link ns0:type="simple" ns0:href="../890/613890.xml">wendy richard</link></actor></person>famously played screen mother<twin wordnetid="110734394" confidence="0.8"><physical_entity wordnetid="100001930" confidence="0.8"><person wordnetid="100007846" confidence="0.8"><sibling wordnetid="110595164" confidence="0.8"><fictional_character wordnetid="109587565" confidence="0.8"><imaginary_being wordnetid="109483738" confidence="0.8"><causal_agent wordnetid="100007347" confidence="0.8"><relative wordnetid="110235549" confidence="0.8"><link ns0:type="simple" ns0:href="../680/1963680.xml">pauline</link></relative></causal_agent></imaginary_being></fictional_character></sibling></person></physical_entity></twin>eastenders presented greatest families<channel wordnetid="106259898" confidence="0.9508927676800064"><link ns0:type="simple" ns0:href="../026/392026.xml">sky</link></channel>march</p><p>todd carty interviewed<statement wordnetid="106722453" confidence="0.8"><message wordnetid="106598915" confidence="0.8"><announcement wordnetid="106746580" confidence="0.8"><program wordnetid="106748466" confidence="0.8"><link ns0:type="simple" ns0:href="../893/1139893.xml">bbc news</link></program></announcement></message></statement>radio well newspapers talk gueststar appearance legendary<link ns0:type="simple" ns0:href="../668/1505668.xml">tucker</link>televised episode<series wordnetid="108457976" confidence="0.9508927676800064"><link ns0:type="simple" ns0:href="../502/236502.xml">grange hill</link></series>screened monday september<link ns0:type="simple" ns0:href="../157/212157.xml">bbc</link></p><p>todd will eldest son yearold james carty factual television series<link ns0:type="simple" ns0:href="../890/175890.xml">channel</link>dangerous adventures boys based book written<writer wordnetid="110794014" confidence="0.9173553029164789"><link ns0:type="simple" ns0:href="../710/1528710.xml">conn</link></writer>hal iggulden<book wordnetid="106410904" confidence="0.9508927676800064"><link ns0:type="simple" ns0:href="../297/8706297.xml">dangerous book boys</link></book></p></ss1><ss1><st>directing producing</st><p>carty partner actresswriter film producer dina clarkin set film production company swordfish productions<ref ns0:type="simple" ns0:href="#xpointer(//reflist/entry[@id=%2212%22])" />july carty directorial debut director episodes bbcs daytime soap opera<link ns0:type="simple" ns0:href="../307/146307.xml">doctors</link></p></ss1></sec><sec><st>references</st><p><reflist><entry id="1"><weblink ns0:type="simple" ns0:href="http://www.highbeam.com/doc/1G1-97359622.html">celeb todd carty</weblink></entry><entry id="2"><weblink ns0:type="simple" ns0:href="http://www.irishabroad.com/news/irishpost/news/IrishIdentityImportant211107.ASP">irish identity todd</weblink></entry><entry id="3"><weblink ns0:type="simple" ns0:href="http://www.thisislondon.co.uk/home/article-911247-details/Mackenzie+takes+the+Highbury+road/article.do">mackenzie takes highbury road</weblink></entry><entry id="4"><weblink ns0:type="simple" ns0:href="http://www.mirror.co.uk/news/tm_objectid=16233726 method=full siteid=94762 headline=todd-carty--day-2--dina-was-five-when-we-met--we-re-soul-mates--name_page.html">todd carty day dina metwere soul mates</weblink></entry><entry id="5"><weblink ns0:type="simple" ns0:href="http://news.bbc.co.uk/1/hi/entertainment/7249040.stm">actor carty collapses play</weblink></entry><entry id="6"><weblink ns0:type="simple" ns0:href="http://news.bbc.co.uk/1/hi/entertainment/7250585.stm">actor carty rests collapse</weblink></entry><entry id="7"><weblink ns0:type="simple" ns0:href="http://news.bbc.co.uk/1/hi/entertainment/tv_and_radio/2091882.stm">eastenders mark axed square</weblink></entry><entry id="8"><weblink ns0:type="simple" ns0:href="http://www.mirror.co.uk/news/tm_objectid=16233726 method=full siteid=94762 headline=todd-carty--day-2--dina-was-five-when-we-met--we-re-soul-mates--name_page.html">dina metwere soul mates</weblink></entry><entry id="9"><weblink ns0:type="simple" ns0:href="http://news.bbc.co.uk/1/hi/entertainment/tv_and_radio/2144505.stm">tucker grange hill</weblink></entry><entry id="10"><weblink ns0:type="simple" ns0:href="http://www.timeout.com/film/news/883/">grange hill movie</weblink></entry><entry id="11"><weblink ns0:type="simple" ns0:href="http://www.bbc.co.uk/threecounties/content/articles/2005/11/16/todd_carty_interview_feature.shtml">king rat</weblink></entry><entry id="12"><weblink ns0:type="simple" ns0:href="http://www.mirror.co.uk/showbiz/2007/12/03/todd-s-back-as-tucker-89520-20194758/">grange hill todd carty returns kids tucker jenkins</weblink></entry></reflist></p></sec><sec><st>external links</st><p><list><entry level="1" type="bullet"><weblink ns0:type="simple" ns0:href="http://www.imdb.com/name/nm0142227/">todd carty</weblink><web_site wordnetid="106359193" confidence="0.9508927676800064"><link ns0:type="simple" ns0:href="../554/2855554.xml">internet movie database</link></web_site></entry></list></p></sec></bdy></actor></article>