<article xmlns:ns0="http://www.w3.org/1999/xlink"><event confidence="0.8" wordnetid="100029378"><rule confidence="0.8" wordnetid="105846932"><act confidence="0.8" wordnetid="100030358"><psychological_feature confidence="0.8" wordnetid="100023100"><procedure confidence="0.8" wordnetid="101023820"><activity confidence="0.8" wordnetid="100407535"><algorithm confidence="0.8" wordnetid="105847438"><header><title>web harvesting</title><id /><revision><id /><timestamp /><contributor><username /><id /></contributor></revision><categories><category>internet search algorithms</category><category>information retrieval</category><category>internet terminology</category><category>search engine optimization</category><category>searching</category></categories></header><bdy>web harvesting implementation<event wordnetid="100029378" confidence="0.8"><rule wordnetid="105846932" confidence="0.8"><act wordnetid="100030358" confidence="0.8"><psychological_feature wordnetid="100023100" confidence="0.8"><procedure wordnetid="101023820" confidence="0.8"><activity wordnetid="100407535" confidence="0.8"><algorithm wordnetid="105847438" confidence="0.8"><link ns0:type="simple" ns0:href="../120/33120.xml">web crawler</link></algorithm></activity></procedure></psychological_feature></act></rule></event>human expertise machine guidance direct crawler<link ns0:type="simple" ns0:href="../277/32277.xml">urls</link>compose specialized collection set knowledge web harvesting thought focused directed web crawling<sec><st>purpose</st><p>web harvesting allows webbased search retrieval applications commonly referred<link ns0:type="simple" ns0:href="../023/4059023.xml">search engines</link>content pertinent audience harvest intended content virtually integrated searchable separate web application general purpose search engines<company wordnetid="108058098" confidence="0.9508927676800064"><link ns0:type="simple" ns0:href="../923/1092923.xml">google</link></company><company wordnetid="108058098" confidence="0.9508927676800064"><link ns0:type="simple" ns0:href="../213/188213.xml">yahoo</link></company>links encounter origin crawl contrast search engines based web harvesting urls directed implementation strategy creating searchable application faster reduced size higher quality selective indexed urls prefiltered topic domain interest harvesting isolated islands information searchable integrated</p></sec><sec><st>process</st><p>web harvesting identifying input computer program list urls define specialized collection set knowledge computer program download list urls embedded hyperlinks encountered ignored depending human machine guidance key differentiation web harvesting general purpose web crawlers web harvesting crawl depth will defined crawls recursively follow urls links exhausted downloaded content indexed search engine application offered information customers searchable web application information customers access search web application follow hyperlinks original urls meet search criteria</p></sec><sec><st>focused web harvesting</st><p>focused web harvesting targeted web crawler<link>general purpose crawler</link>harvest web mechanism works predefined conditions information<ref ns0:type="simple" ns0:href="#xpointer(//reflist/entry[@id=%221%22])" /><ref ns0:type="simple" ns0:href="#xpointer(//reflist/entry[@id=%222%22])" />mechanism intended realize indirect<link ns0:type="simple" ns0:href="../372/4780372.xml">data integration</link>implementation kind data integartion indonesian scientific isi<ref ns0:type="simple" ns0:href="#xpointer(//reflist/entry[@id=%223%22])" />integrates information science technology<country wordnetid="108544813" confidence="0.9508927676800064"><link ns0:type="simple" ns0:href="../579/14579.xml">indonesia</link></country></p></sec><sec><st>references</st><p><reflist><entry id="1">handoko approach scientific data dissemination developing countries case indonesia proceeding unesanasa workshops basic space science international heliophysical year<weblink ns0:type="simple" ns0:href="http://arxiv.org/abs/0711.2842">arxiv</weblink></entry><entry id="2">akbar handoko simple mechanism focused webharvesting proceeding international conference advanced computational intelligence applications<weblink ns0:type="simple" ns0:href="http://arxiv.org/abs/0809.0723">arxiv</weblink></entry><entry id="3"><weblink ns0:type="simple" ns0:href="http://www.isi.lipi.go.id">indonesian scientific</weblink></entry></reflist></p></sec><sec><st /><p><list><entry level="1" type="bullet"><event wordnetid="100029378" confidence="0.8"><rule wordnetid="105846932" confidence="0.8"><act wordnetid="100030358" confidence="0.8"><psychological_feature wordnetid="100023100" confidence="0.8"><procedure wordnetid="101023820" confidence="0.8"><activity wordnetid="100407535" confidence="0.8"><algorithm wordnetid="105847438" confidence="0.8"><link ns0:type="simple" ns0:href="../120/33120.xml">web crawler</link></algorithm></activity></procedure></psychological_feature></act></rule></event></entry><entry level="1" type="bullet"><link ns0:type="simple" ns0:href="../023/4059023.xml">search engine</link></entry></list></p></sec></bdy></algorithm></activity></procedure></psychological_feature></act></rule></event></article>