<article xmlns:ns0="http://www.w3.org/1999/xlink"><politics confidence="0.8" wordnetid="113840719"><idea confidence="0.8" wordnetid="105833840"><plan confidence="0.8" wordnetid="105898568"><social_relation confidence="0.8" wordnetid="100032823"><header><title>social security australia</title><id /><revision><id /><timestamp /><contributor><username>gimmebot</username><id /></contributor></revision><categories><category>politics australia</category><category>retirement australia</category><category>welfare economics</category><category>social programs</category><category>economy australia</category><category>welfare</category><category>retirement</category></categories></header><bdy>social security<country wordnetid="108544813" confidence="0.9508927676800064"><link ns0:type="simple" ns0:href="../264/4689264.xml">australia</link></country>refers system<link ns0:type="simple" ns0:href="../250/3332250.xml">social welfare</link>payments provided<link ns0:type="simple" ns0:href="../540/1222540.xml">commonwealth government australia</link>payments administered government body named<link ns0:type="simple" ns0:href="../169/962169.xml">centrelink</link>australia benefits subject<link ns0:type="simple" ns0:href="../905/1157905.xml">test</link><sec><st>legal framework</st><p>social security payments benefits currently acts parliament</p><p>social security tax system family assistance student assistance</p><p>social security payments australia</p></sec><sec><st>payments social security student assistance</st><p><list><entry level="1" type="bullet">abstudy offers range allowances assist indigenous students apprentices</entry><entry level="1" type="bullet">age pension people planning retirement retired</entry><entry level="1" type="bullet">assistance isolated children families child attend school locally distance special</entry><entry level="1" type="bullet">austudy payment fulltime students apprentices aged years</entry><entry level="1" type="bullet">carer allowance people care minors adults years disability</entry><entry level="1" type="bullet">carer allowance child people care child years disability</entry><entry level="1" type="bullet">carer payment people provide fulltime care disability</entry><entry level="1" type="bullet">disability support pension people unable work years illness injury disability</entry><entry level="1" type="bullet">double orphan pension people raising children lost parents</entry><entry level="1" type="bullet">newstart allowance people employment</entry><entry level="1" type="bullet">maternity payment help extra costs birth baby</entry><entry level="1" type="bullet">parenting payment parents guardians help cost raising children</entry><entry level="1" type="bullet">pensioner education supplement people pensions education expenses</entry><entry level="1" type="bullet">special benefit people financial hardship supporting entitled payment residency requirements</entry><entry level="1" type="bullet">youth allowance fulltime students apprentices aged people aged undertaking job search combination approved activities</entry></list></p><ss1><st>income support</st><p>centrelink income support payments payable fortnightly direct deposit recipients bank account subject test calculates recipient partners fortnightly income assets rate payment people lower incomes entitled partpayment allowance subject qualification requirements assessment income assets social security payments income assets payment differs income thresholds income earn payment taper rates amount payment drops dollar thresholds</p><ss2><st>age pension</st><p>age pension payment issued commonwealth government dates men aged years age women eligible progressively phased upward years males women currently eligible age pension pension payments countries workers contribute pension insurance australia payment subject testing ensures require assistance receive</p></ss2><ss2><st>newstart allowance</st><p>newstart allowance<link ns0:type="simple" ns0:href="../430/378430.xml">unemployment benefit</link>paid form payment people find unemployed seeking work paid basis mutual agreement customer centrelink centrelink will continue pay fortnightly payments customer long customer attempts find employment customers period unemployment lengthens requirements centrelink onerous customers required dependent local labor market job search contacts fortnight record details jobs participation contact recordthey required apply jobs sectors customer obliged contact job network provider spend day week customer remains unemployed subject intense voluntary work job network provider require newstart recipient voluntary work hours apply positions time meet mutual obligations</p></ss2><ss2><st>youth allowance</st><p>youth allowance income support payment young australians fulltime study australian<link ns0:type="simple" ns0:href="../619/162619.xml">apprentice</link>ship actively employment undertaking combination activities leading employment</p><p>youth defined fulltime students job seekers payment dependent children lowincome earners young people met independence criteria criteria considered independent youth allowance purposes include young people</p><p>supporting paid work marriage relationship dependent child orphan refugee parents australia unable live parents relationship breakdown parent incarcerated missing</p><p>young people gain independence criteria criteria specific conditions required met independent status gained</p><p>underlying philosophy youth allowance parents responsible supporting children young person lived independently year olds receive youth allowance defined independent<link ns0:type="simple" ns0:href="../259/11029259.xml">school leaving age</link>residence school leaving age<body wordnetid="107965085" confidence="0.8"><social_group wordnetid="107950920" confidence="0.8"><colony wordnetid="108374049" confidence="0.8"><group wordnetid="100031264" confidence="0.8"><link ns0:type="simple" ns0:href="../654/21654.xml">south wales</link></group></colony></social_group></body><region wordnetid="108630985" confidence="0.8"><location wordnetid="100027167" confidence="0.8"><district wordnetid="108552138" confidence="0.8"><link ns0:type="simple" ns0:href="../944/1944.xml" /></district></location></region><region wordnetid="108630985" confidence="0.8"><administrative_district wordnetid="108491826" confidence="0.8"><location wordnetid="100027167" confidence="0.8"><district wordnetid="108552138" confidence="0.8"><country wordnetid="108544813" confidence="0.8"><link ns0:type="simple" ns0:href="../638/21638.xml" /></country></district></location></administrative_district></region><link ns0:type="simple" ns0:href="../460/4689460.xml">victoria</link><ref ns0:type="simple" ns0:href="#xpointer(//reflist/entry[@id=%221%22])" /></p><p>youth allowance subject number<link ns0:type="simple" ns0:href="../905/1157905.xml">test</link>independent youth allowance recipients subject personal partner applicable income assets test dependent youth allowance recipients subject personal income test dependent youth allowance recipient member couple married member facto couple period months will person independent partners will affect entitlement subject parental income test family assets test parent receipt income support payment subject family actual test famt applies parent employed involved<volition wordnetid="105652593" confidence="0.8"><faculty wordnetid="105650329" confidence="0.8"><link ns0:type="simple" ns0:href="../043/31043.xml">trust</link></faculty></volition><link ns0:type="simple" ns0:href="../223/4918223.xml">company</link>categories rationale famt<link ns0:type="simple" ns0:href="../513/3147513.xml">taxable income</link>youth allowance based accurately reflect true financial parents categories asks details familys spending living expenses relevant tax year extrapolates equivalent notional taxable income<link ns0:type="simple" ns0:href="../326/668326.xml">sole traders</link>involved<link ns0:type="simple" ns0:href="../303/208303.xml">primary production</link>parents receiving drought assistance exceptional circumstances relief payment exempt</p><p>youth allowance introduced july<link ns0:type="simple" ns0:href="../647/34647.xml" />replaced youth training allowance newstart allowance job seekers<link ns0:type="simple" ns0:href="../165/10009165.xml">austudy</link>students</p></ss2><ss2><st>austudy payment</st><p><link>austudy payment</link>originally<link ns0:type="simple" ns0:href="../165/10009165.xml">austudy</link>scheme allages study allowance introduction youth allowance reserved qualify australian resident studying full time approved education institution students receiving youth allowance prior turning pursuing course study continue receive youth allowance finish terminate course</p><p>youth allowance austudy customers considered independent subject parental income test family assets test family actual test federal budget announcement<link>austudy payment</link>recipients eligible rent assistance<link ns0:type="simple" ns0:href="../787/15787.xml">january</link><link ns0:type="simple" ns0:href="../825/35825.xml" />prior<link ns0:type="simple" ns0:href="../787/15787.xml">january</link><link ns0:type="simple" ns0:href="../825/35825.xml" />rent assistance payable austudy centrelink payments austudy payment subject personal andor partner income assets test</p></ss2><ss2><st>abstudy</st><p><link>abstudy</link><group wordnetid="100031264" confidence="0.8"><people wordnetid="107942152" confidence="0.8"><link ns0:type="simple" ns0:href="../742/12598742.xml">aboriginal</link></people></group><ethnic_group wordnetid="107967382" confidence="0.9508927676800064"><link ns0:type="simple" ns0:href="../809/595809.xml">torres strait islander</link></ethnic_group>study assistance scheme welfare payment<link ns0:type="simple" ns0:href="../594/2912594.xml">indigenous australians</link>undergoing form study indigenous students secondary tertiary institutions well studying correspondence primary students turned prior january current year study qualify indigenous student aboriginal<link ns0:type="simple" ns0:href="../809/595809.xml">torres strait islander</link>descent centrelink standards current australian citizen<link>abstudy</link>tailored income tests status partners guardians dependent children</p><p>whilst payment administered<link ns0:type="simple" ns0:href="../169/962169.xml">centrelink</link>payment<link>abstudy</link>policy responsibility<link>abstudy</link>policy rests<link ns0:type="simple" ns0:href="../971/4978971.xml">minister education science training</link><link ns0:type="simple" ns0:href="../581/5427581.xml">ministers department</link>contained<link ns0:type="simple" ns0:href="../645/10008645.xml">social security</link></p></ss2><ss2><st>disability support pension</st><p>income support people suffer longterm disability opinion assessor will recover years will render unable work participate training activity enabling work newstart income assetstested permanently blind receive dsp income assets tests needing prove inability work dsp process temporary measure claimants payment newstart medical certificate cover activity tests payment assessed granted backdated claim higher dsp rate</p></ss2><ss2><st>sickness allowance</st><p>payment currently suffering illness injury disability short term years employed access leave leave paid newstart system activity test</p></ss2><ss2><st>carer payment</st><p>payment providing full time care ill injured disability</p></ss2><ss2><st>parenting payment</st><p>payment principal carers dependent children age partnered customers children age single customers granted payments july customers granted parenting payment prior july eligible remain parenting payment youngest child turns compulsory participation requirements july youngest child turns whichever occurs parenting payment partnered classified allowance parenting payment single classified pension</p><p>parenting payment partnered individual partner income test determine rate payment benefit withdrawal rates cents dollar july income legislated limits partners gross earnings assessed shared individual tax paid example breadwinner currently paying cent personal tax<link ns0:type="simple" ns0:href="../824/782824.xml">effective marginal tax rate</link>emtr benefit withdrawal percent earnings legislated limit emtr prior july benefit withdrawal rate partners earnings legislated income limit</p></ss2></ss1><ss1><st>additional supplementary payments</st><ss2><st>rent assistance</st><p>income support recipients classed nonhomeowners pay required amount board rent accommodation eligible<link>rent assistance</link>payments payment paid income support payment verification rent details required lease completing rent certificate months</p></ss2><ss2><st>pharmaceutical allowance</st><p>small payment receiving centrelink payments help cover cost prescription medicines payment froms pharmaceutical benefits scheme pbs effectively health care card holders free access medicines pbs</p></ss2><ss2><st>telephone allowance</st><p>payment issued quarterly eligible customers receiving pension payments help cover cost telephone bills eligible customers telephone service subscribed eligible telephone allowance</p></ss2><ss2><st>pensioner education supplement</st><p>additional payment pension studying help cover cost study applies approved courses study bachelors degrees<link ns0:type="simple" ns0:href="../386/31386.xml">tafe</link>courses approved courses study generally postgraduate study eligible pes study completed previous studies</p></ss2></ss1></sec><sec><st>payments tax system family assistance</st><p><list><entry level="1" type="bullet">family tax benefit parents carers help cost raising children</entry><entry level="1" type="bullet">family tax benefit single income families sole parents</entry><entry level="1" type="bullet">maternity immunisation allowance fully immunised children exempt immunisation</entry><entry level="1" type="bullet">child care benefit families help cost child care</entry></list></p><ss1><st>family tax benefit</st><p>family tax benefit payment tax system caretakers children entitlement benefit based familys taxable income financial year payment person lodged tax return advance based estimate taxable income financial year payments received advance reconciled financial year amount received compared amount received based actual income tax returns</p><p>family tax benefit paid based combined taxable income recipient partner applicable family tax benefit paid based lower recipient partners income single parent highest rate</p></ss1><ss1><st>maternity immunisation allowance</st><p>maternity immunisation allowance paid parents children received immunisations national immunisation schedule time years alternatively parents object immunisation grounds inform<link ns0:type="simple" ns0:href="../169/962169.xml">centrelink</link>receive allowance</p></ss1><ss1><st>child care benefit</st><p>child care benefit paid australians charged child care services payment directly child care centre discount recipients fees directly parent lodge tax returns tested payment based recipients taxable income</p></ss1></sec><sec><st>concession cards</st><p>concession cards issued centrelink<list><entry level="1" type="bullet"><link ns0:type="simple" ns0:href="../760/2792760.xml">health care card</link>entitles holder<link ns0:type="simple" ns0:href="../990/772990.xml">pbs</link>medications concession rate recipients payment entitled well people receiving maximum rate family tax benefit card secondary benefits including cheaper<link ns0:type="simple" ns0:href="../894/23894.xml">public transport</link></entry><entry level="1" type="bullet"><link>commonwealth seniors health card</link>hcc issued senior citizens</entry><entry level="1" type="bullet"><link>pensioner concession card</link>offers additional benefits pensioner including pensioner transportation fares areas number free country rail journeys holders</entry></list></p></sec><sec><st>prisons psychiatric hospitals</st><p>persons imprisoned admitted psychiatric institution eligible receive benefits duration imprisonment admission payable psychiatric stay classed rehabilitation benefits resume release discharge release discharge imprisonment psychiatric hospitalisation weeks claimant entitled additional payment equal days regular payment help adjustment</p></sec><sec><st>review social security decisions</st><p>decision social security law writing sufficient notice letter<ref ns0:type="simple" ns0:href="#xpointer(//reflist/entry[@id=%222%22])" />applications review decisions lodged time depending decision remedial action review received weeks receiving notice decisions social security weeks decisions family assistance law bottom letter informing customers centrelink decision rights box informs individuals potential avenues review</p><ss1><st>internal review</st><p>legislation ultimately governs decision making process centrelink policy guidelines provide lens legislation interpreted centrelink customer service advisers csas notwithstanding legislation policy areas discretion afforded decision maker subject internal external review</p><ss2><st>original decision maker odm review</st><p>centrelink possesses prescribed twotiered system internal review initial stage odm review matter brought csa reconsideration<ref ns0:type="simple" ns0:href="#xpointer(//reflist/entry[@id=%223%22])" />wholly intraoffice process functions initial check decision appeal progresses odm reviews legislative changes administrative errors provision customer documentation customer disagreement decision opportunity customer formal written complaint individuals csa decision lead confusion internal review place</p><p>odm review completed relevant legislative provisions information considered determination stating original decision set affirmed varied</p></ss2><ss2><st>authorised review officer aro review</st><p>individual satisfied authorised review officer aro officer delegated review powers secretary purposes social security law affirm vary set original decision<ref ns0:type="simple" ns0:href="#xpointer(//reflist/entry[@id=%224%22])" />employee centrelink aro defend odm decisions strong principle aro independent situation previous involvement case aros legislation policy guidelines csas</p></ss2><ss2><st>social security appeals tribunal ssat</st><p>customer dissatisfied internal review decision apply social security appeals tribunal ssat<ref ns0:type="simple" ns0:href="#xpointer(//reflist/entry[@id=%225%22])" />review decision affirmed varied set internal review subject exceptions ssat generally powers secretary affirm vary set substitute decision return matter centrelink recommendations ssat hearings generally informal confidential bound laws evidence</p><p>experience indicated ssat weighting legislation opposed policy guidelines welfare advocacy groups welfare rights centre involved providing legal help individuals centrelink decisions</p></ss2></ss1><ss1><st>external review</st><ss2><st>aat courts</st><p>appeals questions law federal court high court<ref ns0:type="simple" ns0:href="#xpointer(//reflist/entry[@id=%226%22])" />decision reviewed ssat heard aat secretary delegated person behalf secretary appeal decision ssat decisions overturned aat appeal federal court high court questions law</p></ss2><ss2><st><link ns0:type="simple" ns0:href="../583/202583.xml#xpointer(//*[./st=%22Australia%22])">ombudsman</link></st><p><link ns0:type="simple" ns0:href="../583/202583.xml#xpointer(//*[./st=%22Australia%22])">commonwealth ombudsman</link>conduct merits review aro ssat considers administrative decision making process employed centrelink reach decision carry action complained</p><p>ombudsman concludes deficiency centrelinks action examples<ref ns0:type="simple" ns0:href="#xpointer(//reflist/entry[@id=%227%22])" />ombudsman recommendations centrelink remedial action result centrelink changing decision providing better explanation decision</p><p>investigations ombudsman result complaint decision action centrelink process investigation ombudsman entitled view centrelink records questions centrelink staff ombudsman coercive powers centrelink change decision recommendations ombudsman rarely rejected</p></ss2></ss1></sec><sec><st>references</st><p><reflist><entry id="1"><weblink ns0:type="simple" ns0:href="http://www.education.vic.gov.au/about/directions/reviewleg_minimumage.htm">victorian minimum school leaving age</weblink></entry><entry id="2">social security administration cth</entry><entry id="3">centrelink information guide payments services chapter reviews appeals</entry><entry id="4">social security administration cth</entry><entry id="5">social security administration cth</entry><entry id="6">administrative appeals tribunal cth</entry><entry id="7">ombudsman cth</entry></reflist></p></sec><sec><st /><p><list><entry level="1" type="bullet"><link ns0:type="simple" ns0:href="../645/10008645.xml">social security</link></entry><entry level="1" type="bullet"><idea wordnetid="105833840" confidence="0.8"><plan wordnetid="105898568" confidence="0.8"><link ns0:type="simple" ns0:href="../691/27691.xml">social security</link></plan></idea></entry><entry level="1" type="bullet"><link ns0:type="simple" ns0:href="../868/19477868.xml">social security</link>disambiguation</entry><entry level="1" type="bullet"><link ns0:type="simple" ns0:href="../826/1550826.xml">social insurance</link></entry><entry level="1" type="bullet"><link ns0:type="simple" ns0:href="../250/3332250.xml">social welfare</link></entry><entry level="1" type="bullet"><idea wordnetid="105833840" confidence="0.8"><plan wordnetid="105898568" confidence="0.8"><link ns0:type="simple" ns0:href="../564/19287564.xml">social safety net</link></plan></idea></entry><entry level="1" type="bullet"><link ns0:type="simple" ns0:href="../078/3271078.xml">superannuation australia</link></entry><entry level="1" type="bullet"><link ns0:type="simple" ns0:href="../024/3186024.xml">welfare financial aid</link></entry><entry level="1" type="bullet"><link ns0:type="simple" ns0:href="../839/222839.xml">welfare</link></entry><entry level="1" type="bullet"><link ns0:type="simple" ns0:href="../875/401875.xml">welfare reform</link></entry></list></p></sec><sec><st>australian government external links</st><p><list><entry level="1" type="bullet"><weblink ns0:type="simple" ns0:href="http://www.centrelink.gov.au/">centrelink</weblink></entry><entry level="1" type="bullet"><weblink ns0:type="simple" ns0:href="http://www.familyassist.gov.au/">family assistance office</weblink></entry><entry level="1" type="bullet"><weblink ns0:type="simple" ns0:href="http://www.ombudsman.gov.au/">commonwealth ombudsman</weblink></entry><entry level="1" type="bullet"><weblink ns0:type="simple" ns0:href="http://www.ssat.gov.au/">social security appeals tribunal ssat</weblink></entry><entry level="1" type="bullet"><weblink ns0:type="simple" ns0:href="http://www.aat.gov.au/">administrative appeals tribunal aat</weblink></entry></list></p></sec><sec><st>external links</st><p><list><entry level="1" type="bullet"><weblink ns0:type="simple" ns0:href="http://www.unistudent.com.au/news/1120528475_26847.html">austudy students receive rent assistance</weblink>national union students news article</entry></list></p></sec></bdy></social_relation></plan></idea></politics></article>