<article xmlns:ns0="http://www.w3.org/1999/xlink"><event confidence="0.8" wordnetid="100029378"><social_event confidence="0.8" wordnetid="107288639"><contest confidence="0.8" wordnetid="107456188"><game confidence="0.8" wordnetid="100456199"><psychological_feature confidence="0.8" wordnetid="100023100"><header><title>basketball manager</title><id /><revision><id /><timestamp /><contributor><username>kman</username><id /></contributor></revision><categories><category>basketball management video games</category><category>video games</category><category>video games</category><category>video games</category><category>basketball video games</category><category>video games</category><category>windows games</category></categories></header><bdy><template><name>infobox</name><parameters><image width="150px" src="Wbm2008.jpg"><caption>wbmjpg</caption></image><released /><genre><event wordnetid="100029378" confidence="0.8"><social_event wordnetid="107288639" confidence="0.8"><contest wordnetid="107456188" confidence="0.8"><game wordnetid="100456199" confidence="0.8"><psychological_feature wordnetid="100023100" confidence="0.8"><link ns0:type="simple" ns0:href="../562/387562.xml">sports</link></psychological_feature></game></contest></social_event></event></genre><title>basketball manager</title><developer>icehole</developer><modes><link ns0:type="simple" ns0:href="../340/497340.xml">single player</link><link ns0:type="simple" ns0:href="../680/350680.xml">multiplayer</link></modes><platforms><link ns0:type="simple" ns0:href="../137/18457137.xml" /><link ns0:type="simple" ns0:href="../890/18890.xml">windows</link></platforms><requirements>operating system windows mexp processor pentium amd duron ghz processormemory ram minimum recommended</requirements><ratings><system wordnetid="104377057" confidence="0.8"><artifact wordnetid="100021939" confidence="0.8"><instrumentality wordnetid="103575240" confidence="0.8"><link ns0:type="simple" ns0:href="../617/1019617.xml">pegi</link></instrumentality></artifact></system></ratings></parameters></template><p><image width="250px" src="Usadraft.jpg" type="thumb"><caption>drafts</caption></image><image width="250px" src="WOW_matxh.jpg" type="thumb"><caption>match screen</caption></image></p><p><image width="250px" src="WBM_2007_3.JPG" type="thumb"><caption>tournament screen</caption></image><image width="250px" src="WBM_2007_2.JPG" type="thumb"><caption>budget</caption></image><image width="250px" src="WBM_2007_1.JPG" type="thumb"><caption>screen</caption></image></p><sec><st>overview</st><p>basketball manager wbm game charge manage<link ns0:type="simple" ns0:href="../921/3921.xml">basketball</link>teams basketball management game includes basketball teams nba wbm holds firsts basketball management game create successful franchise draw attention fans greek computer game published<country wordnetid="108544813" confidence="0.9508927676800064"><link ns0:type="simple" ns0:href="../108/12108.xml">greece</link></country><country wordnetid="108544813" confidence="0.9508927676800064"><link ns0:type="simple" ns0:href="../576/576.xml">austria</link></country><link ns0:type="simple" ns0:href="../862/5042862.xml">china</link><country wordnetid="108544813" confidence="0.9508927676800064"><link ns0:type="simple" ns0:href="../867/11867.xml">germany</link></country><country wordnetid="108544813" confidence="0.9508927676800064"><link ns0:type="simple" ns0:href="../338/27338.xml">slovenia</link></country><country wordnetid="108544813" confidence="0.9508927676800064"><link ns0:type="simple" ns0:href="../265/29265.xml">serbia</link></country><country wordnetid="108544813" confidence="0.9508927676800064"><link ns0:type="simple" ns0:href="../748/26748.xml">switzerland</link></country>country professional computer game development studios production<link ns0:type="simple" ns0:href="../363/5363.xml">computer games</link>wbm developers originally released version fake names teams players managers fanmaintained wbm database includes basketball players teams managers countries order database updated season users created network researchers update data download wbm database reference basketball fans requiring accurate team player data</p></sec><sec><st>features</st><p><list><entry level="1" type="bullet">gameplay basically soccer management games</entry><entry level="1" type="bullet">user manage club national teams time</entry><entry level="1" type="bullet">wbm features accurate<link ns0:type="simple" ns0:href="../130/2728130.xml">real time</link>match<link ns0:type="simple" ns0:href="../775/775.xml">algorithm</link></entry><entry level="1" type="bullet"><link ns0:type="simple" ns0:href="../254/40254.xml">genetic algorithm</link>opponent challenging</entry><entry level="1" type="bullet">biggest accurate basketball<link ns0:type="simple" ns0:href="../377/8377.xml">database</link></entry><entry level="1" type="bullet">easy learn play</entry><entry level="1" type="bullet">produces statistics basketball professionals</entry><entry level="1" type="bullet">human managers play time game session</entry><entry level="1" type="bullet">data editor easy edit<link ns0:type="simple" ns0:href="../377/8377.xml">database</link></entry><entry level="1" type="bullet">languages<language wordnetid="106282651" confidence="0.8"><link ns0:type="simple" ns0:href="../916/8569916.xml">english</link></language><language wordnetid="106282651" confidence="0.8"><link ns0:type="simple" ns0:href="../597/10597.xml">french</link></language><language wordnetid="106282651" confidence="0.9508927676800064"><link ns0:type="simple" ns0:href="../884/11884.xml">german</link></language><language wordnetid="106282651" confidence="0.9508927676800064"><link ns0:type="simple" ns0:href="../887/11887.xml">greek</link></language><language wordnetid="106282651" confidence="0.9508927676800064"><link ns0:type="simple" ns0:href="../708/14708.xml">italian</link></language><language wordnetid="106282651" confidence="0.9508927676800064"><link ns0:type="simple" ns0:href="../242/77242.xml">lithuanian</link></language><language wordnetid="106282651" confidence="0.9508927676800064"><link ns0:type="simple" ns0:href="../915/23915.xml">portuguese</link></language><language wordnetid="106282651" confidence="0.9508927676800064"><link ns0:type="simple" ns0:href="../825/26825.xml">spanish</link></language></entry></list></p></sec><sec><st>database</st><p>big number players managers teams tournaments distinguish wbm<link ns0:type="simple" ns0:href="../921/3921.xml">basketball</link>games detail described sense remarkable fact database maintained solely users</p><p>players described attributes team nationality citizenship age position potential form experience moral clutch temperament blocking rebounding marking stealing ball handling drive scoring rebounding passing pointshoot pointshoot pointinside pointshoot height jump speed quickness power stamina contract duration injury risk player fee club national team appearances previous teams</p><p>teams described attributes country stadium enemy team worth owner season budget starting balance financial status cohesion performance team colors primary team colors secondary fans aggression fans base foreigners allowed facilities level academy level medical level financial level year established</p><p>managers described attributes team national team age seasons club seasons rank score season score career coaching psychology training youth development nationality</p><p>list tournaments included wbm stands national team tournaments african champions cup african cup american cup angolan league argentine league asian champions cup asian cup australian league belgian cup belgian eague brazilian league central american cup chinese league croatian cup croatian league cuban league cyprus league european cup qualifications european cup qualifications eurocup euroleague european cup french cup french league german cup german league greek cup greek league israeli cup israeli league italian cup italian league japanese league lebanese league lithuanian league moroccan league zealand league oceania cup olympics polish league portuguese cup portuguese league puerto rican league russian cup russian league slovenian cup slovenian league south american cup south american league south korean league spanish cup spanish league turkish cup turkish league usa league cup league venezuelan league cup serbian cup serbian league league mcdonalds cup</p></sec><sec><st>history</st><p>wbm developed icehole small development team based<region wordnetid="108630985" confidence="0.8"><site wordnetid="108651247" confidence="0.8"><administrative_district wordnetid="108491826" confidence="0.8"><location wordnetid="100027167" confidence="0.8"><municipality wordnetid="108626283" confidence="0.8"><settlement wordnetid="108672562" confidence="0.8"><capital wordnetid="108518505" confidence="0.8"><city wordnetid="108524735" confidence="0.8"><center wordnetid="108523483" confidence="0.8"><area wordnetid="108497294" confidence="0.8"><village wordnetid="108672738" confidence="0.8"><seat wordnetid="108647945" confidence="0.8"><tract wordnetid="108673395" confidence="0.8"><geographical_area wordnetid="108574314" confidence="0.8"><district wordnetid="108552138" confidence="0.8"><urban_area wordnetid="108675967" confidence="0.8"><link ns0:type="simple" ns0:href="../216/1216.xml">athens</link></urban_area></district></geographical_area></tract></seat></village></area></center></city></capital></settlement></municipality></location></administrative_district></site></region><country wordnetid="108544813" confidence="0.9508927676800064"><link ns0:type="simple" ns0:href="../108/12108.xml">greece</link></country>game released<link ns0:type="simple" ns0:href="../551/34551.xml" />basketball manager included greek basketball league year version game countries<system wordnetid="108435388" confidence="0.8"><economy wordnetid="108366753" confidence="0.8"><group wordnetid="100031264" confidence="0.8"><link ns0:type="simple" ns0:href="../532/14532.xml">italy</link></group></economy></system><country wordnetid="108544813" confidence="0.9508927676800064"><link ns0:type="simple" ns0:href="../419/5843419.xml">france</link></country><system wordnetid="108435388" confidence="0.8"><economy wordnetid="108366753" confidence="0.8"><group wordnetid="100031264" confidence="0.8"><link ns0:type="simple" ns0:href="../667/26667.xml">spain</link></group></economy></system><country wordnetid="108544813" confidence="0.9508927676800064"><link ns0:type="simple" ns0:href="../867/11867.xml">germany</link></country><country wordnetid="108544813" confidence="0.9508927676800064"><link ns0:type="simple" ns0:href="../173/9282173.xml">israel</link></country><link ns0:type="simple" ns0:href="../524/35524.xml" />game renamed basketball manager support basketball tournaments included countries version game released<link ns0:type="simple" ns0:href="../984/35984.xml" /><language wordnetid="106282651" confidence="0.9508927676800064"><link ns0:type="simple" ns0:href="../751/5751.xml">chinese</link></language><language wordnetid="106282651" confidence="0.9508927676800064"><link ns0:type="simple" ns0:href="../884/11884.xml">german language</link></language>local markets<link ns0:type="simple" ns0:href="../825/35825.xml" />latest version game released languages<language wordnetid="106282651" confidence="0.8"><link ns0:type="simple" ns0:href="../916/8569916.xml">english</link></language><language wordnetid="106282651" confidence="0.8"><link ns0:type="simple" ns0:href="../597/10597.xml">french</link></language><language wordnetid="106282651" confidence="0.9508927676800064"><link ns0:type="simple" ns0:href="../884/11884.xml">german</link></language><language wordnetid="106282651" confidence="0.9508927676800064"><link ns0:type="simple" ns0:href="../887/11887.xml">greek</link></language><language wordnetid="106282651" confidence="0.9508927676800064"><link ns0:type="simple" ns0:href="../708/14708.xml">italian</link></language><language wordnetid="106282651" confidence="0.9508927676800064"><link ns0:type="simple" ns0:href="../242/77242.xml">lithuanian</link></language><language wordnetid="106282651" confidence="0.9508927676800064"><link ns0:type="simple" ns0:href="../915/23915.xml">portuguese</link></language><language wordnetid="106282651" confidence="0.9508927676800064"><link ns0:type="simple" ns0:href="../825/26825.xml">spanish</link></language><language wordnetid="106282651" confidence="0.9508927676800064"><link ns0:type="simple" ns0:href="../992/29992.xml">turkish</link></language></p></sec><sec><st>future wbm</st><p>wbm market years managed achieve worldwide distribution result games fan base small loyal permits wbm survive develop slowly basketball season icehole announced version game will include updated league formats features including match engine<event wordnetid="100029378" confidence="0.8"><social_event wordnetid="107288639" confidence="0.8"><contest wordnetid="107456188" confidence="0.8"><game wordnetid="100456199" confidence="0.8"><psychological_feature wordnetid="100023100" confidence="0.8"><link ns0:type="simple" ns0:href="../848/465848.xml">football manager</link></psychological_feature></game></contest></social_event></event><event wordnetid="100029378" confidence="0.8"><social_event wordnetid="107288639" confidence="0.8"><contest wordnetid="107456188" confidence="0.8"><game wordnetid="100456199" confidence="0.8"><psychological_feature wordnetid="100023100" confidence="0.8"><link ns0:type="simple" ns0:href="../081/4081081.xml">championship manager</link></psychological_feature></game></contest></social_event></event>games</p></sec><sec><st>references</st><p><list><entry level="1" type="bullet"><weblink ns0:type="simple" ns0:href="http://www.ag.ru/games/world_basketball_manager">review absolute games</weblink></entry><entry level="1" type="bullet"><weblink ns0:type="simple" ns0:href="http://www.nordicgamers.se/sektion/nordicgamers/recen/326.html">review nordic gamers</weblink></entry><entry level="1" type="bullet"><weblink ns0:type="simple" ns0:href="http://www.gameweb.gr/reviews/review_660.asp">review game web</weblink></entry><entry level="1" type="bullet"><weblink ns0:type="simple" ns0:href="http://www.sk.co.yu/2004/03/siop14.html">review svet igara</weblink></entry><entry level="1" type="bullet"><weblink ns0:type="simple" ns0:href="http://www.gamesradio.gr/modules.php?name=Reviews rop=showcontent id=235">review games radio</weblink></entry><entry level="1" type="bullet"><weblink ns0:type="simple" ns0:href="http://www.megagames.com/news/html/pc/basketballmanagerlookingforpublisher.shtml">article mega games</weblink></entry></list></p></sec><sec><st>external links</st><p><list><entry level="1" type="bullet"><weblink ns0:type="simple" ns0:href="http://www.wbmgame.com/">official site</weblink></entry><entry level="1" type="bullet"><weblink ns0:type="simple" ns0:href="http://www.createforum.com/phpbb/index.php?mforum=wbm">fan forum</weblink></entry><entry level="1" type="bullet"><weblink ns0:type="simple" ns0:href="http://www.wbmbelgium.be">french belgian forum</weblink></entry><entry level="1" type="bullet"><weblink ns0:type="simple" ns0:href="http://dunk.co.il/forum/index.php?showtopic=2">israeli forum</weblink></entry><entry level="1" type="bullet"><weblink ns0:type="simple" ns0:href="http://www.iceholegames.com">developers website</weblink></entry></list></p></sec></bdy></psychological_feature></game></contest></social_event></event></article>