<article xmlns:ns0="http://www.w3.org/1999/xlink"><header><title>inplace matrix transposition</title><id /><revision><id /><timestamp /><contributor><username>thenickdude</username><id /></contributor></revision><categories><category>numerical linear algebra</category><category>permutations</category></categories></header><bdy>inplace matrix transposition called insitu matrix transposition problem<link ns0:type="simple" ns0:href="../844/173844.xml">transposing</link><math>times</math><link ns0:type="simple" ns0:href="../728/19008728.xml">matrix</link><link ns0:type="simple" ns0:href="../861/219861.xml">inplace</link><link ns0:type="simple" ns0:href="../847/25847.xml">computer memory</link>ideally<math />bounded additional storage additional storage<math />typically matrix assumed stored<link ns0:type="simple" ns0:href="../786/1620786.xml">rowmajor order</link><link ns0:type="simple" ns0:href="../786/1620786.xml">columnmajor order</link>contiguous rows columns arranged consecutively<p>performing inplace transpose insitu transpose difficult<math>neq</math>nonsquare rectangular matrix involves complicated<link ns0:type="simple" ns0:href="../027/44027.xml">permutation</link>data elements<link ns0:type="simple" ns0:href="../394/2539394.xml">cycle</link>length greater contrast square matrix<math />cycles length transpose achieved simple loop swap upper triangle matrix lower triangle complications wishes maximize<link>memory locality</link>improve<link ns0:type="simple" ns0:href="../181/849181.xml">cache</link>utilization operate<link ns0:type="simple" ns0:href="../722/1881722.xml">outofcore</link>matrix fit main memory transposes inherently involve nonconsecutive memory accesses</p><p>problem nonsquare inplace transposition studied late<link ns0:type="simple" ns0:href="../573/34573.xml" />algorithms including attempt optimize locality cache outofcore memoryrelated contexts</p><sec><st>background</st><p><link ns0:type="simple" ns0:href="../457/7878457.xml">computer</link>avoid explicitly transposing matrix<link ns0:type="simple" ns0:href="../847/25847.xml">memory</link>simply accessing data order example<link ns0:type="simple" ns0:href="../421/106421.xml">software libraries</link><link ns0:type="simple" ns0:href="../422/18422.xml">linear algebra</link><link ns0:type="simple" ns0:href="../721/1060721.xml">blas</link>typically provide options matrices interpreted transposed order avoid necessity data movement</p><p>remain number circumstances desirable physically reorder matrix memory transposed ordering example matrix stored<link ns0:type="simple" ns0:href="../786/1620786.xml">rowmajor order</link>rows matrix contiguous memory columns discontiguous repeated operations performed columns example<link ns0:type="simple" ns0:href="../512/11512.xml">fast fourier transform</link>algorithm frigo johnson transposing matrix memory columns contiguous improve performance increasing<link>memory locality</link>situations coincide case large matrices exceed cache size performing transposition inplace minimal additional storage desirable</p><p>purely mathematical problem inplace transposition involves number interesting<link ns0:type="simple" ns0:href="../527/21527.xml">number theory</link>puzzles worked course decades</p></sec><sec><st>example</st><p>example consider<math>times</math>matrix</p><p><indent level="1"><math>beginbmatrix endbmatrix</math></indent>rowmajor format stored computer memory sequence rows stored consecutively transpose<math>times</math>matrix</p><p><indent level="1"><math>beginbmatrix endbmatrix</math></indent>stored computer memory sequence</p><p>number storage locations left permutation consists cycles</p><p><indent level="1" />position position cycle length data motion position position position position position position positions</p></sec><sec><st>properties permutation</st><p>assume<math>times</math>matrix stored rowmajor order zerobased indices<math />element<math>ldotsn</math><math>ldotsm</math>stored address<math />offset memory ignore transposed<math>times</math>matrix corresponding<math />element stored address<math />rowmajor order define transposition permutation function<math /><indent level="1"><math>pmn</math><math>ntimesm</math></indent>defines permutation numbers<math>ldotsmn</math></p><p>turns define simple formulas inverse cate twigg</p><p><indent level="1"><math>left beginmatrix mboxif mod mboxotherwise endmatrix</math></indent>mod<link ns0:type="simple" ns0:href="../428/1352428.xml">modulo operation</link>proof<math>leq</math><math>mod mod</math>note<math>mod mod</math><math>leq</math>note<math /><math />elements left invariant transposition second inverse permutation</p><p><indent level="1"><math>left beginmatrix mboxif mod mboxotherwise endmatrix</math></indent>consequence fact inverse<math>times</math>transpose<math>times</math>transpose easy explicitly<math />composed<math />identity</p><p>proved cate twigg number<link ns0:type="simple" ns0:href="../738/449738.xml">fixed points</link>cycles length permutation precisely gcdn minusm minus gcd<link ns0:type="simple" ns0:href="../354/12354.xml">greatest common divisor</link>example number fixed points simply diagonal matrix minus minus<link ns0:type="simple" ns0:href="../556/6556.xml">coprime</link>hand fixed points upperleft lowerright corners matrix</p><p>number cycles length cate twigg</p><p><indent level="1"><math>frack mukd gcdnd</math></indent><link>mbius function</link>sum<link ns0:type="simple" ns0:href="../492/49492.xml">divisor</link></p><p>cycle second element row matrix cycle maximum length lengths cycles divisors cate twigg</p><p>cycle element<math />greatest common divisor<math>gcdx</math>proof brenner smallest element cycle<math>gcds</math>definition permutation element cycle repeatedly multiplying modulo minus element divisible minus coprime divisible factor minus larger<math>gcdx</math>theorem searching cycles permutation efficient search multiples divisors minus brenner</p><p>laflin brebner pointed cycles pairs exploited algorithms permute pairs cycles time smallest element cycle length minus minuss element cycle length cycle proof definition length cycle smallest<math>mod</math>clearly smallest<math>mod</math>multiplying sides minus<math>mns mod</math></p></sec><sec><st>algorithms</st><p>summarizes published algorithms perform inplace matrix transposition<link ns0:type="simple" ns0:href="../661/27661.xml">source code</link>implementing algorithms references</p><ss1><st>square matrices</st><p>square<math>times</math>matrix<math>anm</math>inplace transposition easy cycles length diagonals<math />length upper triangle swapped lower triangle<message wordnetid="106598915" confidence="0.8"><subject wordnetid="106599788" confidence="0.8"><link ns0:type="simple" ns0:href="../185/24185.xml">pseudocode</link></subject></message>accomplish assuming zerobased<link ns0:type="simple" ns0:href="../052/2052.xml">array</link>indices</p><p>swap anm amn</p><p>type implementation simple exhibit poor performance poor cacheline utilization<link ns0:type="simple" ns0:href="../948/376948.xml">power</link>cacheline conflicts<link ns0:type="simple" ns0:href="../181/849181.xml">cpu cache</link>limited associativity reason incremented inner loop memory address corresponding anm amn jumps discontiguously memory depending array columnmajor rowmajor format algorithm exploit possibility<link>spatial locality</link></p><p>solution improve cache utilization block algorithm operate numbers blocks cacheline size algorithm depends size cache cacheaware modern computer multiple levels cache requires multiple levels machinedependent blocking suggested frigo better performance<link ns0:type="simple" ns0:href="../407/25407.xml">recursive</link>algorithm divide matrix submatrices roughly equal size transposing submatrices diagonal recursively transposing swapping submatrices diagonal small simple algorithm base case naively recursing excessive functioncall overhead<link ns0:type="simple" ns0:href="../377/1773377.xml">cacheoblivious</link>algorithm sense exploit cache cacheline size explicit parameter</p></ss1><ss1><st>cycles</st><p>nonsquare matrices algorithms complicated algorithms prior described followthecycles algorithms loop cycles moving data location cycle pseudocode form</p><p>length cycle permutation pick starting address data predecessor cycle move data successor predecessor move data successor</p><p>differences algorithms lie locate cycles find starting addresses cycle ensure cycle moved exactly typically discussed cycles moved pairs minus minuss cycles length cycle small scratch array typically length brenner cate twigg track subset locations array visited accelerate algorithm</p><p>order determine cycle moved simplest scheme omn auxiliary storage<link ns0:type="simple" ns0:href="../364/3364.xml">bit</link>element indicate element moved omn olog auxiliary storage complicated algorithms required algorithms worstcase<link ns0:type="simple" ns0:href="../768/239768.xml">linearithmic</link>computational cost omn log best proved<person wordnetid="100007846" confidence="0.9508927676800064"><scientist wordnetid="110560637" confidence="0.9508927676800064"><link ns0:type="simple" ns0:href="../095/8095.xml">knuth</link></scientist></person>fich gustavson swirszcz</p><p>algorithms designed move data element exactly involve considerable amount arithmetic compute cycles require heavily nonconsecutive memory accesses adjacent elements cycles differ multiplicative factors discussed</p></ss1><ss1><st>improving memory locality cost greater total data movement</st><p>algorithms designed achieve greater memory locality cost greater data movement well greater storage requirements move data element involve consecutive memory access greater spatial locality improve performance modern cpus rely caches well<link ns0:type="simple" ns0:href="../359/55359.xml">simd</link>architectures optimized processing consecutive data blocks oldest context spatial locality transposition studied outofcore operation alltop matrix large fit main memory core</p><p>example gcdnm small perform transposition small amount nmd additional storage three passes array alltop dow passes involve sequence separate small transpositions performed efficiently place small buffer involves inplace timesd square transposition<math>nmd</math>blocks efficient blocks moved large consecutive cycles length case minus small dow describes algorithm requiring minus mminnm additional storage involving minn times minn square transpose preceded small outofplace transpose frigo johnson describe adaptation algorithms cacheoblivious techniques generalpurpose cpus relying cache lines exploit spatial locality</p><p>work outofcore matrix transposition matrix fit main memory stored<link ns0:type="simple" ns0:href="../777/13777.xml">hard disk</link>focused squarematrix case exceptions alltop reviews outofcore algorithms applied<link ns0:type="simple" ns0:href="../162/145162.xml">parallel computing</link>suh prasanna krishnamoorth</p></ss1></sec><sec><st>references</st><p><list><entry level="1" type="bullet">windley transposing matrices digital computer computer journal</entry><entry level="1" type="bullet">pall seiden problem abelian groups application transposition matrix electronic computer math comp</entry><entry level="1" type="bullet">boothroyd<weblink ns0:type="simple" ns0:href="http://portal.acm.org/citation.cfm?id=363304 dl=GUIDE coll=GUIDE CFID=436989 CFTOKEN=18491885">algorithm transpose vector stored array</weblink>acm transactions mathematical software</entry><entry level="1" type="bullet">susan laflin brebner<weblink ns0:type="simple" ns0:href="http://portal.acm.org/citation.cfm?id=362368 dl=GUIDE coll=GUIDE CFID=436989 CFTOKEN=18491885">algorithm insitu transposition rectangular matrix</weblink>acm transactions mathematical software<weblink ns0:type="simple" ns0:href="http://www.netlib.org/toms/380">source code</weblink></entry><entry level="1" type="bullet">norman brenner<weblink ns0:type="simple" ns0:href="http://portal.acm.org/citation.cfm?id=362542 dl=GUIDE coll=GUIDE CFID=436989 CFTOKEN=18491885">algorithm matrix transposition place</weblink>acm transactions mathematical software<weblink ns0:type="simple" ns0:href="http://www.netlib.org/toms/467">source code</weblink></entry><entry level="1" type="bullet">alltop computer algorithm transposing nonsquare matrices ieee trans comput</entry><entry level="1" type="bullet">esko cate david twigg<weblink ns0:type="simple" ns0:href="http://portal.acm.org/citation.cfm?id=355719.355729 coll=GUIDE dl=GUIDE CFID=436989 CFTOKEN=18491885">algorithm analysis insitu transposition</weblink>acm transactions mathematical software<weblink ns0:type="simple" ns0:href="http://www.netlib.org/toms/513">source code</weblink></entry><entry level="1" type="bullet">murray dow transposing matrix vector computer parallel computing</entry><entry level="1" type="bullet">donald knuth<work wordnetid="104599396" confidence="0.8"><product wordnetid="104007894" confidence="0.8"><creation wordnetid="103129123" confidence="0.8"><artifact wordnetid="100021939" confidence="0.8"><book wordnetid="106410904" confidence="0.8"><publication wordnetid="106589574" confidence="0.8"><link ns0:type="simple" ns0:href="../358/31358.xml">art computer programming</link></publication></book></artifact></creation></product></work>volume fundamental algorithms third edition exercise addisonwesley york</entry><entry level="1" type="bullet">frigo leiserson prokop ramachandran<weblink ns0:type="simple" ns0:href="http://supertech.lcs.mit.edu/cilk/papers/abstracts/abstract4.html">cacheoblivious algorithms</weblink>proceedings ieee symposium foundations computer science focs<weblink ns0:type="simple" ns0:href="http://ieeexplore.ieee.org/iel5/6604/17631/00814600.pdf?arnumber=814600">extended abstract ieee</weblink><weblink ns0:type="simple" ns0:href="http://citeseer.ist.psu.edu/307799.html">citeseer</weblink></entry><entry level="1" type="bullet">suh prasanna<weblink ns0:type="simple" ns0:href="http://www.east.isi.edu/~jsuh/publ/tc_113280.pdf">efficient algorithm outofcore matrix transposition</weblink>ieee trans computers</entry><entry level="1" type="bullet">krishnamoorthy baumgartner cociorva lam sadayappan<weblink ns0:type="simple" ns0:href="http://csc.lsu.edu/~gb/TCE//Publications/ParTranspose2.pdf">efficient parallel outofcore matrix transposition</weblink>international journal high performance computing networking</entry><entry level="1" type="bullet">frigo johnson<weblink ns0:type="simple" ns0:href="http://fftw.org/fftw-paper-ieee.pdf">design implementation fftw</weblink>proceedings ieee<weblink ns0:type="simple" ns0:href="http://www.fftw.org">source code</weblink><software wordnetid="106566077" confidence="0.9508927676800064"><link ns0:type="simple" ns0:href="../334/2969334.xml">fftw</link></software>library includes optimized serial<link ns0:type="simple" ns0:href="../162/145162.xml">parallel</link>square nonsquare transposes addition<link ns0:type="simple" ns0:href="../512/11512.xml">fft</link></entry><entry level="1" type="bullet">faith fich ian munro patricio poblete permuting place siam journal computing</entry><entry level="1" type="bullet">fred gustavson tadeusz swirszcz inplace transposition rectangular matrices lecture notes computer science proceedings workshop stateoftheart sic scientific parallel computing para ume sweden june</entry><entry level="1" type="bullet"><weblink ns0:type="simple" ns0:href="http://www.research.att.com/~njas/sequences/A093055">sequence</weblink>number nonsingleton cycles insitu transpositions<link ns0:type="simple" ns0:href="../004/500004.xml">online encyclopedia integer sequences</link></entry><entry level="1" type="bullet"><weblink ns0:type="simple" ns0:href="http://www.research.att.com/~njas/sequences/A093056">sequence</weblink>length longest cycle insitu transpositions<link ns0:type="simple" ns0:href="../004/500004.xml">online encyclopedia integer sequences</link></entry><entry level="1" type="bullet"><weblink ns0:type="simple" ns0:href="http://www.research.att.com/~njas/sequences/A093057">sequence</weblink>number fixed points minus insitu transpositions<link ns0:type="simple" ns0:href="../004/500004.xml">online encyclopedia integer sequences</link></entry></list></p></sec><sec><st>external links</st><ss1><st>source code</st><p><list><entry level="1" type="bullet"><weblink ns0:type="simple" ns0:href="http://romo661.free.fr/offt.html">offt</weblink>recursive block inplace transpose square matrices fortran</entry><entry level="1" type="bullet"><weblink ns0:type="simple" ns0:href="http://groups.google.com/group/sci.math.num-analysis/msg/680211b3fbac30c4?hl=en">jason stratos papadopoulos</weblink>blocked inplace transpose square matrices<programming_language wordnetid="106898352" confidence="0.9508927676800064"><link ns0:type="simple" ns0:href="../021/6021.xml" /></programming_language>scimathnumanalysis newsgroup april</entry><entry level="1" type="bullet">source code links references additional code perform inplace transposes square nonsquare matrices</entry></list></p></ss1></sec></bdy></article>