<article xmlns:ns0="http://www.w3.org/1999/xlink"><header><title>geo targeting</title><id /><revision><id /><timestamp /><contributor><username>mediaexpert</username><id /></contributor></revision><categories><category>advertising</category><category>search engine optimization</category><category>internet advertising promotion</category></categories></header><bdy>geo targeting<link ns0:type="simple" ns0:href="../177/1618177.xml">internet marketing</link>method determining physical location website visitor delivering content visitor based location country regionstate city metro code<link ns0:type="simple" ns0:href="../550/51550.xml">zip code</link>organization<link ns0:type="simple" ns0:href="../245/100245.xml">isp</link>criteria<sec><st>geographical information provided visitor</st><p>geo targeting based geographical personal information provided visitor typical example type geo targeting fedex website fedexcom users select country location presented site content depending selection</p><p>automated discovery user citylevel information based addresses trace routes pings combination tools methods advanced dependent preanalysis entire address space billion addresses detailed analysis herculean task light fact addresses constantly assigned allocated reallocated moved changed routers moved enterprises assigned addresses moving networks built changed order changes complex algorithms bandwidth measurement mapping technology finely tuned delivery mechanisms space analyzed address periodically updated reflect changes address information process analogous internet search engine spidering enormity requires deeper layers intelligence information constantly changing billionplus addresses current</p></sec><sec><st>delivery seo</st><p><indent level="1">main article<link ns0:type="simple" ns0:href="../364/418364.xml">cloaking</link></indent>delivery<link ns0:type="simple" ns0:href="../946/187946.xml">search engine optimization</link>method delivering content search engine spiders robots crawlers human visitors determination visitor search engine spider based address seos compare visitors address list addresses servers owned search engine crawler applications spiders delivery content search engine spiders human visitors called<link ns0:type="simple" ns0:href="../364/418364.xml">cloaking</link>search engines webmaster guidelines<ref ns0:type="simple" ns0:href="#xpointer(//reflist/entry[@id=%221%22])" /><ref ns0:type="simple" ns0:href="#xpointer(//reflist/entry[@id=%222%22])" /><ref ns0:type="simple" ns0:href="#xpointer(//reflist/entry[@id=%223%22])" /></p><p>search engine guidelines imply type cloaking bad cases cloaking legitimate subject controversial seo experts continue debate cloaking acceptable<ref ns0:type="simple" ns0:href="#xpointer(//reflist/entry[@id=%224%22])" /></p><p>cloaking delivery works cloaking<link ns0:type="simple" ns0:href="../303/487303.xml">user agent</link><link ns0:type="simple" ns0:href="../284/41284.xml">address spoofing</link>harder<link ns0:type="simple" ns0:href="../303/487303.xml#xpointer(//*[./st=%22User_agent_spoofing%22])">useragent spoofing</link>reliable harder list addresses search engines crawlers uptodate outdated list active crawler addresses missing enables search engines detect cloaking result removal site search engines</p></sec><sec><st>common usage geo targeting</st><p><list><entry level="1" type="bullet">webmasters serve local content global domain<ref ns0:type="simple" ns0:href="#xpointer(//reflist/entry[@id=%225%22])" /><ref ns0:type="simple" ns0:href="#xpointer(//reflist/entry[@id=%226%22])" /></entry><entry level="1" type="bullet">content owners delivery networks restrict streams based geographical information</entry><entry level="1" type="bullet"><link ns0:type="simple" ns0:href="../207/1027207.xml">pay click</link>advertisement ads appear users live selected locations</entry><entry level="1" type="bullet"><link ns0:type="simple" ns0:href="../870/1083870.xml">display advertisement</link>banner multimedia ads selected displayed based visitors location connection speed data correlated address tailor content</entry><entry level="1" type="bullet">online analytics identify live correlation citylevel geography connection speed data demographic data addresses</entry><entry level="1" type="bullet">enhanced performance networks provide superior customer targeting advertisers</entry><entry level="1" type="bullet">fraud prevention identifies suspicious payment transactions live correlations address additional information billing records email header</entry><entry level="1" type="bullet">city advertising<ref ns0:type="simple" ns0:href="#xpointer(//reflist/entry[@id=%227%22])" />advertising web sites extensive content cities web sites connect large city audiences productsservices sale cities surfers searching information cities find adverts web sites result city searches productservice keyword searches businesses shops restaurants advertise reach consumers located realworld localities productservice offerings</entry></list></p></sec><sec><st>references</st><p><reflist><entry id="1"><weblink ns0:type="simple" ns0:href="http://www.google.com/support/webmasters/bin/answer.py?answer=35769">google webmaster guidelines</weblink></entry><entry id="2"><weblink ns0:type="simple" ns0:href="http://help.yahoo.com/help/us/ysearch/indexing/indexing-14.html">yahoo search content quality guidelines</weblink></entry><entry id="3"><weblink ns0:type="simple" ns0:href="http://search.msn.com/docs/siteowner.aspx?t=SEARCH_WEBMASTER_REF_GuidelinesforOptimizingSite.htm">search guidelines successful indexing</weblink></entry><entry id="4">chris sherman july<weblink ns0:type="simple" ns0:href="http://searchenginewatch.com/showPage.html?page=2157341">search engine cloaking controversy continues</weblink>search engine watch retrieved december</entry><entry id="5"><weblink ns0:type="simple" ns0:href="http://www.ipligence.com/worldmap/">internet map</weblink>study showing geographic distribution internet entire</entry><entry id="6"><weblink ns0:type="simple" ns0:href="http://www.ip2location.com/ip2location-internet-ip-address-2008-report.aspx">internet address allocation country report</weblink>study showing address distribution internet</entry><entry id="7">search engine optimization dummies edition peter kent chapter finding traffic geotargeting</entry></reflist></p><p><table style=";" class="navbox" cellspacing="0"><row><col style="padding:2px;"><table style="width:100%;background:transparent;color:inherit;;" class="nowraplinks collapsible autocollapse " cellspacing="0"><row><header colspan="2" style=";" class="navbox-title"><link ns0:type="simple" ns0:href="../946/187946.xml">search engine optimization</link></header></row><row style="height:2px;" /><row><col style=";;" class="navbox-group">exclusion standards</col><col style="text-align:left;border-left:2px solid #fdfdfd;width:100%;padding:0px;;;" class="navbox-list navbox-odd"><link ns0:type="simple" ns0:href="../673/101673.xml">robots exclusion standard</link><link ns0:type="simple" ns0:href="../556/20556.xml">meta tags</link><link ns0:type="simple" ns0:href="../084/3766084.xml">nofollow</link></col></row><row style="height:2px" /><row><col style=";;" class="navbox-group">marketing topics</col><col style="text-align:left;border-left:2px solid #fdfdfd;width:100%;padding:0px;;;" class="navbox-list navbox-even"><link ns0:type="simple" ns0:href="../177/1618177.xml">internet marketing</link><physical_entity wordnetid="100001930" confidence="0.8"><person wordnetid="100007846" confidence="0.8"><model wordnetid="110324560" confidence="0.8"><assistant wordnetid="109815790" confidence="0.8"><worker wordnetid="109632518" confidence="0.8"><causal_agent wordnetid="100007347" confidence="0.8"><link ns0:type="simple" ns0:href="../758/703758.xml">affiliate marketing</link></causal_agent></worker></assistant></model></person></physical_entity><link ns0:type="simple" ns0:href="../759/1101759.xml">email marketing</link><link ns0:type="simple" ns0:href="../645/646645.xml">display advertising</link><link ns0:type="simple" ns0:href="../872/2475872.xml">web analytics</link></col></row><row style="height:2px" /><row><col style=";;" class="navbox-group">search marketing topics</col><col style="text-align:left;border-left:2px solid #fdfdfd;width:100%;padding:0px;;;" class="navbox-list navbox-odd"><link ns0:type="simple" ns0:href="../074/2111074.xml">search engine marketing</link><link ns0:type="simple" ns0:href="../316/6559316.xml">social media optimization</link><link ns0:type="simple" ns0:href="../470/15883470.xml">online identity management</link><link ns0:type="simple" ns0:href="../170/501170.xml">paid inclusion</link><link ns0:type="simple" ns0:href="../207/1027207.xml">pay click ppc</link><technique wordnetid="105665146" confidence="0.8"><know-how wordnetid="105616786" confidence="0.8"><method wordnetid="105660268" confidence="0.8"><link ns0:type="simple" ns0:href="../747/286747.xml">google bomb</link></method></know-how></technique></col></row><row style="height:2px" /><row><col style=";;" class="navbox-group">search engine spam</col><col style="text-align:left;border-left:2px solid #fdfdfd;width:100%;padding:0px;;;" class="navbox-list navbox-even"><link ns0:type="simple" ns0:href="../651/43651.xml">spamdexing</link><link ns0:type="simple" ns0:href="../619/2696619.xml">web scraping</link><computer wordnetid="103082979" confidence="0.8"><artifact wordnetid="100021939" confidence="0.8"><instrumentality wordnetid="103575240" confidence="0.8"><device wordnetid="103183080" confidence="0.8"><machine wordnetid="103699975" confidence="0.8"><web_site wordnetid="106359193" confidence="0.8"><link ns0:type="simple" ns0:href="../572/3152572.xml">scraper site</link></web_site></machine></device></instrumentality></artifact></computer><link ns0:type="simple" ns0:href="../213/270213.xml">link farm</link><link ns0:type="simple" ns0:href="../292/14489292.xml#xpointer(//*[./st=%22Free+for+all+linking%22])">free linking</link></col></row><row style="height:2px" /><row><col style=";;" class="navbox-group">linking</col><col style="text-align:left;border-left:2px solid #fdfdfd;width:100%;padding:0px;;;" class="navbox-list navbox-odd"><link ns0:type="simple" ns0:href="../490/7065490.xml">offpage optimization</link><link ns0:type="simple" ns0:href="../292/14489292.xml">methods website linking</link><link ns0:type="simple" ns0:href="../433/1395433.xml">link exchange</link><link ns0:type="simple" ns0:href="../494/580494.xml">backlink</link></col></row><row style="height:2px" /><row><col style=";;" class="navbox-group" /><col style="text-align:left;border-left:2px solid #fdfdfd;width:100%;padding:0px;;;" class="navbox-list navbox-even"><link ns0:type="simple" ns0:href="../866/2789866.xml">landing</link><link ns0:type="simple" ns0:href="../029/11170029.xml">delivery</link><link ns0:type="simple" ns0:href="../827/11996827.xml">landing optimization</link><artifact wordnetid="100021939" confidence="0.8"><instrumentality wordnetid="103575240" confidence="0.8"><engine wordnetid="103287733" confidence="0.8"><motor wordnetid="103789946" confidence="0.8"><device wordnetid="103183080" confidence="0.8"><machine wordnetid="103699975" confidence="0.8"><link ns0:type="simple" ns0:href="../064/7059064.xml">human search engine</link></machine></device></motor></engine></instrumentality></artifact><link ns0:type="simple" ns0:href="../600/1015600.xml" /><link ns0:type="simple" ns0:href="../974/14484974.xml">poison</link></col></row></table></col></row></table></p></sec></bdy></article>