<article xmlns:ns0="http://www.w3.org/1999/xlink"><header><title>dxplain</title><id /><revision><id /><timestamp>tz</timestamp><contributor><username>whpq</username><id /></contributor></revision><categories><category>health softwar</category><category>medic informat</category></categories></header><bdy>dxplain<software wordnetid="106566077" confidence="0.8"><application wordnetid="106570110" confidence="0.8"><program wordnetid="106568978" confidence="0.8"><written_communication wordnetid="106349220" confidence="0.8"><writing wordnetid="106359877" confidence="0.8"><code wordnetid="106355894" confidence="0.8"><coding_system wordnetid="106353757" confidence="0.8"><link ns0:type="simple" ns0:href="../154/2368154.xml">clinic decis support system</link></coding_system></code></writing></written_communication></program></application></software>cdss<invention wordnetid="105633385" confidence="0.8"><link ns0:type="simple" ns0:href="../139/33139.xml">wide web</link></invention>assist<link ns0:type="simple" ns0:href="../314/832314.xml">clinic</link>ian gener stratifi<link ns0:type="simple" ns0:href="../525/18507525.xml">diagnos</link>base user input patient sign symptom laboratori clinic find<ref ns0:type="simple" ns0:href="#xpointer(//reflist/entry[@id=%221%22])" /><feeling wordnetid="100026192" confidence="0.8"><state wordnetid="100024720" confidence="0.8"><temper wordnetid="107551052" confidence="0.8"><link ns0:type="simple" ns0:href="../807/1592807.xml">evidenti</link></temper></state></feeling>support<link ns0:type="simple" ns0:href="../081/915081.xml">differenti diagnosi</link>present recommend followup conduct clinician arriv definit<link ns0:type="simple" ns0:href="../525/18507525.xml">diagnosi</link>system serv clinician refer searchabl<link ns0:type="simple" ns0:href="../377/8377.xml">databas</link>diseas clinic manifest<sec><st>histori</st><p>design laboratori comput scienc<hospital wordnetid="103540595" confidence="0.9508927676800064"><link ns0:type="simple" ns0:href="../900/1149900.xml">massachusett gener hospit</link></hospital>work dxplain began version releas<ref ns0:type="simple" ns0:href="#xpointer(//reflist/entry[@id=%222%22])" />dxplain databas crude probabl clinic manifest associ uniqu diseas yield total uniqu findingdiseas interconnect<ref ns0:type="simple" ns0:href="#xpointer(//reflist/entry[@id=%222%22])" /></p></sec><sec><st>educ tool</st><p>dxplain tool medic consult common institut fill gap<link>medic student</link>clinic rotat adequ cover textbook literatur<ref ns0:type="simple" ns0:href="#xpointer(//reflist/entry[@id=%223%22])" />system larg access knowledg base combin abil formul diagnost hypothes popular educ tool usbas medic school dxplain support total user<ref ns0:type="simple" ns0:href="#xpointer(//reflist/entry[@id=%224%22])" /></p></sec><sec><st>methodolog</st><p>dxplain gener rank<link ns0:type="simple" ns0:href="../081/915081.xml">differenti diagnos</link>pseudoprobabilist<link ns0:type="simple" ns0:href="../775/775.xml">algorithm</link><ref ns0:type="simple" ns0:href="#xpointer(//reflist/entry[@id=%225%22])" />clinic find enter dxplain assess determin find find support diagnosi diseas<link ns0:type="simple" ns0:href="../497/239497.xml">knowledg base</link>criterion dxplain gener rank differenti diagnos diseas yield lowest rank store diseas preval signific system differenti common rare diseas</p></sec><sec><st>accuraci</st><p>analysi accuraci promis dxplain clinic decis support system preliminari trial investig benchmark case varieti diseas clinic manifest rank differenti diagnos gener dxplain align panel boardcertifi physician<ref ns0:type="simple" ns0:href="#xpointer(//reflist/entry[@id=%226%22])" />studi investig well decis support system work respond<link ns0:type="simple" ns0:href="../393/4393.xml">bioterror</link>event evalu consecut<link ns0:type="simple" ns0:href="../264/205264.xml">intern medicin</link>case dxplain correctli identifi diagnosi case correct diagnosi averag rank<ref ns0:type="simple" ns0:href="#xpointer(//reflist/entry[@id=%227%22])" /></p></sec><sec><st>clinic usag</st><p>despit usag clinician train clinic decis support system dxplain expand laboratori medic train set lack support<link>clinician</link>realworld set<ref ns0:type="simple" ns0:href="#xpointer(//reflist/entry[@id=%228%22])" /></p></sec><sec><st>refer</st><p><reflist><entry id="1">barnett cimino jj hupp ja hoffer ep dxplain evolv diagnost decisionsupport system jama jul</entry><entry id="2"><weblink ns0:type="simple" ns0:href="http://lcs.mgh.harvard.edu/projects/dxplain.html">mgh laboratori comput scienc project dxplain laboratori comput scienc massachusett gener hospit</weblink></entry><entry id="3">london dxplain webbas diagnost decis support system medic student med serv summer</entry><entry id="4"><weblink ns0:type="simple" ns0:href="http://groups.csail.mit.edu/medg/courses/6872/2004/DXp%20HST%20Lec%2005.pdf">comput scienc artifici intellig laboratori csail mit</weblink></entry><entry id="5">detmer wm shortliff eh internet improv knowledg diffus medicin commun associ comput machineri</entry><entry id="6">feldman mj barnett approach evalu accuraci dxplain comput method program biom aug</entry><entry id="7"><weblink ns0:type="simple" ns0:href="http://www.cdc.gov/ncidod/EID/vol10no1/03-0243.htm">bravata dm sundaram mcdonald smith wm szeto schleinitz md al detect diagnost decis support system bioterror respons emerg infect di jan</weblink></entry><entry id="8">coiera guid health informat edit arnold</entry></reflist></p></sec><sec><st>extern link</st><p><list><entry level="1" type="bullet"><weblink ns0:type="simple" ns0:href="http://www.lcs.mgh.harvard.edu/projects/dxplain.html">dxplain mgh lab comput scienc</weblink></entry></list></p></sec></bdy></article>