<article xmlns:ns0="http://www.w3.org/1999/xlink"><measure confidence="0.9511911446218017" wordnetid="100174412"><entity confidence="0.9511911446218017" wordnetid="100001740"><header><title>similar matrix</title><id /><revision><id /><timestamp>tz</timestamp><contributor><username>pucicu</username><id /></contributor></revision><categories><category>comput phylogenet</category><category>matric</category><category>dna</category><category>multivari statist</category><category>bioinformat</category><category>statist distanc measur</category></categories></header><bdy><b>similar matrix</b><link ns0:type="simple" ns0:href="../728/19008728.xml">matrix</link>score express similar data point similar matric counterpart<link ns0:type="simple" ns0:href="../350/831350.xml">distanc matric</link><link ns0:type="simple" ns0:href="../225/363225.xml">substitut matric</link>similar matrix represent diagon matrix represent<sec><st>applic</st><p>case base reasoningcont base imag retriev<b>intellig retriev</b></p></sec><sec><st>sequenc align</st><p>similar matric<link ns0:type="simple" ns0:href="../289/149289.xml">sequenc align</link>higher score moresimilar charact lower neg score dissimilar charact</p><p><link ns0:type="simple" ns0:href="../505/21505.xml">nucleotid</link>similar matric align<link ns0:type="simple" ns0:href="../496/21496.xml">nucleic acid</link>sequenc nucleotid commonli<link ns0:type="simple" ns0:href="../955/7955.xml">dna</link><link ns0:type="simple" ns0:href="../571/38571.xml">adenin</link><link ns0:type="simple" ns0:href="../016/6016.xml">cytosin</link><link ns0:type="simple" ns0:href="../439/12439.xml">guanin</link><link ns0:type="simple" ns0:href="../550/58550.xml">thymin</link>nucleotid similar matric simpler<link ns0:type="simple" ns0:href="../634/23634.xml">protein</link>similar matric exampl simpl matrix will assign ident base score nonident base score complic matrix higher score transit chang<link ns0:type="simple" ns0:href="../653/23653.xml">pyrimidin</link>pyrimidin<link ns0:type="simple" ns0:href="../652/23652.xml">purin</link>purin transvers pyrimidin purin vice versa matchmismatch ratio matrix set target evolutionari distanc al method companion method enzymolog dna matrix blastn best suit find match sequenc ident matrix sensit optim match sequenc ident</p><p><link ns0:type="simple" ns0:href="../207/1207.xml">amino acid</link>similar matric complic amino acid code<link ns0:type="simple" ns0:href="../385/12385.xml">genet code</link>similar matrix amino acid entri<link ns0:type="simple" ns0:href="../474/126474.xml">symmetr</link>approach score amino acid chang equal refin determin amino acid similar base base chang requir chang codon code amino acid model better doesnt account select pressur amino acid chang better model account chemic properti amino acid</p><p>approach empir gener similar matric dayhoff method phylogenet tree sequenc speci tree approach rise<link ns0:type="simple" ns0:href="../624/3167624.xml">pam</link>seri matric pam matric label base nucleotid chang occur amino acid pam matric benefit well understood evolutionari model short evolutionari distanc pam pam long evolutionari distanc exampl pam ident<link ns0:type="simple" ns0:href="../617/5558617.xml">blosum</link>matric effect</p><p>blosum seri gener compar number diverg sequenc blosum seri label base entropi remain unmut sequenc lower blosum number correspond higher pam number</p></sec><sec><st /><p><list><entry level="1" type="bullet"><chart wordnetid="106999802" confidence="0.8"><visual_communication wordnetid="106873252" confidence="0.8"><link ns0:type="simple" ns0:href="../120/546120.xml">recurr plot</link></visual_communication></chart>power visualis tool recurr dynam system</entry></list></p></sec></bdy></entity></measure></article>