<article xmlns:ns0="http://www.w3.org/1999/xlink"><header><title>gnetwork</title><id /><revision><id /><timestamp>tz</timestamp><contributor><username>melcomb</username><id /></contributor></revision><categories><category>wikipedia articl conflict interest</category></categories></header><bdy><table class="metadata plainlinks ambox "><row><col>amboxcont style</col></row><row><col class="mbox-image"><p><image width="40px" src="Unbalanced_scales.svg" /></p></col><col style="" class="mbox-text"><b>major contributor articl creator appear subject</b>requir compli wikipedia content polici discuss<it>april</it></col></row></table><p><b>gnetwork</b>class probabilist model repres custom travel set servic station queue queue network commonli design optimis comput system packet network internet commun network factori product schedul jobshop servic organis transport system road traffic model describ continu time discret time gnetwork vector repres number custom queue custom servic queue move queue depart network custom arriv network extern sourc join queue continu behav custom novelti gnetwork lie fact custom leav queue join neg custom destroy custom queue visit neg custom disappear queue visit custom leav queue enter queue trigger role will displac custom queue enter move queue trigger disappear carri action custom reset fill place queue enter reset queue length steadyst exist gnetwork offer predict behaviour queue system specif custom exert control function neg custom elimin work traffic trigger move work traffic queue model describ term probabl distribut system time probabl distribut satisfi system chapmankolmogorov master equat term master equat relat term theoret chemistri describ chemic reaction extern arriv gnetwork follow poisson process servic time queue independ exponenti distribut random variabl gener case gnetwork includ distinguish custom class probabl move queue product form steadyst solut equat gnetwork yield joint probabl distribut number custom queue network equal product margin probabl distribut number custom individu queue network exampl call product form result consider simplifi express steadyst probabl offer intuit form solut term arriv rate posit neg custom trigger queue gnetwork mathemat perspect<link ns0:type="simple" ns0:href="../198/8278198.xml">random neural network</link></p><sec><st>sourc</st><p><list><entry level="1" type="bullet">gelenb productform queue network neg posit custom appli probabl</entry></list></p><p><list><entry level="1" type="bullet">gelenb schassberg stabil product form gnetwork probabl engin inform scienc</entry></list></p><p><list><entry level="1" type="bullet">gelenb gnetwork trigger custom movement journal appli probabl</entry></list></p><p><list><entry level="1" type="bullet">jeanmichel fourneau erol gelenb rina suro gnetwork multipl class neg posit custom theoret comput scienc</entry></list></p><p><list><entry level="1" type="bullet">jr artalejo gnetwork versatil approach work remov queue network european journal oper octob</entry></list></p><p><list><entry level="1" type="bullet">erol gelenb jeanmichel fourneau gnetwork reset perform evalu</entry></list></p><p><list><entry level="1" type="bullet">peter harrison composit revers markov process applic gnetwork perform evalu</entry></list></p><p><list><entry level="1" type="bullet">jeanmichel fourneau franck quessett comput steadyst distribut gnetwork synchron partial flush intern symposium comput scienc springer lectur note lnc</entry></list></p></sec></bdy></article>