<article xmlns:ns0="http://www.w3.org/1999/xlink"><header><title>prevent paradox</title><id /><revision><id /><timestamp>tz</timestamp><contributor><username>vegaswikian</username><id /></contributor></revision><categories><category>paradox</category><category>medic term</category></categories></header><bdy><b>prevent paradox</b>formal describ<ref ns0:type="simple" ns0:href="#xpointer(//reflist/entry[@id=%221%22])" />epidemiologist geoffrey rose problem encount govern organis attempt introduc intervent improv health intervent aim improv health small influenc percept benefit health peopl person benefit peopl chang behavioureven receiv benefit suffer chang public awar paradox strength purport benefit popul programm exagger peopl cynic accept burdensom intervent<sec><st>refer</st><p><reflist><entry id="1">rose strategi prevent lesson cardiovascular diseas<it>brit med</it></entry></reflist></p></sec><sec><st>extern link</st><p><weblink ns0:type="simple" ns0:href="http://ije.oxfordjournals.org/cgi/content/abstract/14/1/32?ijkey=cc2107f6663d0f720023503b8f7d6a54b10bda73 keytype2=tf_ipsecsha">sick individu sick popul rose<it>int epidem</it></weblink></p><p><weblink ns0:type="simple" ns0:href="http://ije.oxfordjournals.org/cgi/content/full/30/3/442">commentari prevent paradox lay epidemiologyros revisit kate hunt carol emsli<it>int epidem</it></weblink></p></sec></bdy></article>