<article xmlns:ns0="http://www.w3.org/1999/xlink"><event confidence="0.8" wordnetid="100029378"><rule confidence="0.8" wordnetid="105846932"><act confidence="0.8" wordnetid="100030358"><psychological_feature confidence="0.8" wordnetid="100023100"><procedure confidence="0.8" wordnetid="101023820"><activity confidence="0.8" wordnetid="100407535"><algorithm confidence="0.8" wordnetid="105847438"><header><title>event chain methodolog</title><id /><revision><id /><timestamp>tz</timestamp><contributor><username>ksnow</username><id /></contributor></revision><categories><category>engin</category><category>busi term</category><category>manag</category><category>event comput</category><category>product manufactur</category><category>oper</category><category>schedul algorithm</category><category>methodolog</category><category>project manag</category></categories></header><bdy><image location="right" width="320px" src="EventChain.jpg" type="thumb"><caption>event chain diagram</caption></image>event chain methodolog uncertainti model schedul<link ns0:type="simple" ns0:href="../587/1039587.xml">network analysi</link>techniqu focus identifi manag event event chain affect<link ns0:type="simple" ns0:href="../483/160483.xml">project</link>schedul event chain methodolog advanc<link ns0:type="simple" ns0:href="../406/5939406.xml">critic path method</link><link ns0:type="simple" ns0:href="../373/183373.xml">critic chain</link>project manag<ref ns0:type="simple" ns0:href="#xpointer(//reflist/entry[@id=%221%22])" /><p>event chain methodolog help mitig<link ns0:type="simple" ns0:href="../495/232495.xml">motiv</link>al<link ns0:type="simple" ns0:href="../791/510791.xml">cognit bias</link><link ns0:type="simple" ns0:href="../504/172504.xml">estim</link><link ns0:type="simple" ns0:href="../851/4941851.xml">schedul</link><ref ns0:type="simple" ns0:href="#xpointer(//reflist/entry[@id=%222%22])" /><ref ns0:type="simple" ns0:href="#xpointer(//reflist/entry[@id=%223%22])" />case project manag intent unintent creat project schedul imposs implement<ref ns0:type="simple" ns0:href="#xpointer(//reflist/entry[@id=%224%22])" /><ref ns0:type="simple" ns0:href="#xpointer(//reflist/entry[@id=%225%22])" />methodolog simplifi process defin risk uncertainti project schedul improv abil provid realiti check visual multipl event event chain methodolog perform accur quantit analysi account factor relationship event actual moment event</p><sec><st>event chain methodolog principl</st><ss1><st>moment risk activ</st><p><image location="right" width="320px" src="EventChainMethodology.jpg" type="thumb"><caption>moment risk activ</caption></image>activ task real life process continu uniform procedur task extern event transform activ properti event moment event occur cours activ moment event occur case probabilist defin<link ns0:type="simple" ns0:href="../543/23543.xml">statist distribut</link></p></ss1><ss1><st>event chain</st><p>event event will creat event chain event chain affect cours project exampl requir chang activ delay acceler activ project manag alloc resourc activ lead miss deadlin eventu lead failur project</p></ss1><ss1><st>mont carlo simul</st><p>event event chain defin quantit analysi<link ns0:type="simple" ns0:href="../098/56098.xml">mont carlo simul</link>perform quantifi cumul event probabl effect risk input data mont carlo simul project schedul<ref ns0:type="simple" ns0:href="#xpointer(//reflist/entry[@id=%226%22])" />real life project supplement uncertainti express event distribut durat start time cost paramet</p></ss1><ss1><st>critic event chain</st><p>singl event event chain potenti affect project critic event critic chain event identifi critic event critic chain event mitig neg effect critic chain event identifi analyz correl main project paramet project durat cost event chain</p></ss1><ss1><st>perform track event chain</st><p>monitor activ progress ensur updat perform analysi cours project probabl time event recalcul base actual data main issu perform track forecast activ durat cost activ partial complet event assign activ simpl heurist approach problem analyz moment risk defin event paramet advanc analysi perform bayesian approach</p></ss1><ss1><st>event chain diagram</st><p>event chain diagram visual relationship event task event affect simplest repres chain depict arrow associ task time interv gantt chart event event chain display color event global task project local task event chain diagram visual event event chain model analysi risk uncertainti simplifi</p></ss1></sec><sec><st>event chain methodolog phenomena</st><ss1><st>repeat activ</st><p><image location="right" width="320px" src="RepeatedActivity.jpg" type="thumb"><caption>repeat acit</caption></image>event start activ complet common scenario real life project previou activ repeat base succeed activ model scenario event chain methodolog simpl origin project schedul updat requir defin event assign activ point previou activ addit limit number time activ repeat defin</p></ss1><ss1><st>event chain risk mitig</st><p><image location="right" width="250px" src="MitigationPlan.jpg" type="thumb"><caption>mitig plan</caption></image>event event chain occur cours project requir mitig effort case mitig plan gener mitig plan activ group activ small schedul augment project schedul event occur solut assign mitig plan event event chain small schedul will trigger event chain occur mitig plan event</p></ss1><ss1><st>resourc alloc base event</st><p>potenti event reassign resourc activ occur condit exampl activ requir resourc complet fix period will trigger event realloc resourc activ realloc resourc occur activ durat reach deadlin cost exce event model situat resourc temporari leav ill vacat</p></ss1></sec><sec><st /><p><list><entry level="1" type="bullet"><link ns0:type="simple" ns0:href="../098/56098.xml">mont carlo simul</link></entry><entry level="1" type="bullet"><link ns0:type="simple" ns0:href="../309/400309.xml">list project manag topic</link></entry><entry level="1" type="bullet"><link ns0:type="simple" ns0:href="../886/206886.xml">program evalu review techniqu</link></entry><entry level="1" type="bullet"><link ns0:type="simple" ns0:href="../483/160483.xml">project</link></entry><entry level="1" type="bullet"><link ns0:type="simple" ns0:href="../042/24042.xml">project manag</link></entry><entry level="1" type="bullet"><link ns0:type="simple" ns0:href="../500/75500.xml">project plan</link></entry><entry level="1" type="bullet"><link ns0:type="simple" ns0:href="../598/33598.xml">work breakdown structur</link></entry><entry level="1" type="bullet"><link ns0:type="simple" ns0:href="../048/2265048.xml">list project manag softwar</link></entry></list></p></sec><sec><st>bibliographi</st><p><list><entry level="1" type="bullet">arnaud doucet nando de freita neil gordon sequenti mont carlo method practic isbn</entry><entry level="1" type="bullet">hammond js keeney rl raiffa smart choic practic guid make better decis harvard busi school press</entry><entry level="1" type="bullet">keeney rlvaluefocus think path creativ decisionmak harvard univers press isbn</entry><entry level="1" type="bullet">matheson david matheson jim smart organ creat strateg harvard busi school press isbn</entry><entry level="1" type="bullet">raiffa howard decis analysi introductori read choic uncertainti mcgraw hill isbn</entry><entry level="1" type="bullet">robert cp casella mont carlo statist method second edit york springerverlag<link ns0:type="simple" ns0:href="../524/35524.xml" />isbn</entry><entry level="1" type="bullet">skinner david introduct decis analysi edit probabilist isbn</entry><entry level="1" type="bullet">smith jq decis analysi bayesian approach chapman hall isbn</entry><entry level="1" type="bullet">judgement uncertainti heurist bias kahneman tverskycambridg univers press isbn</entry></list></p></sec><sec><st>refer</st><p><reflist><entry id="1">virin trumper project decis art scienc manag concept vienna va isbn</entry><entry id="2">robyn daw bernard corrigan linear model decis make psycholog bulletin</entry><entry id="3">tverski kahneman judgment uncertainti heurist bias scienc</entry><entry id="4"><weblink ns0:type="simple" ns0:href="http://flyvbjerg.plan.aau.dk/Publications2006/Nobel-PMJ2006.pdf">flyvbjerg nobel prize project manag risk project manag journal</weblink></entry><entry id="5"><weblink ns0:type="simple" ns0:href="http://flyvbjerg.plan.aau.dk/JAPAASPUBLISHED.pdf">flyvbjerg mk holm sl buhl underestim cost public work project error lie journal american plan associ</weblink></entry><entry id="6">william mont carlo simul project network mislead project manag journal</entry></reflist></p></sec><sec><st>extern link</st><p><list><entry level="1" type="bullet"><weblink ns0:type="simple" ns0:href="http://www.projectdecisions.org/paper/Paper_EventChainMeethodology.pdf">event chain methodolog detail</weblink></entry><entry level="1" type="bullet"><weblink ns0:type="simple" ns0:href="http://yosemite.epa.gov/oswer/ceppoweb.nsf/content/EPAguidance.htm#General">epa gener risk manag program guidanc april</weblink></entry><entry level="1" type="bullet"><weblink ns0:type="simple" ns0:href="http://csrc.nist.gov/publications/nistpubs/800-30/sp800-30.pdf">nist special public risk manag guid technolog system juli</weblink></entry><entry level="1" type="bullet"><weblink ns0:type="simple" ns0:href="http://www.intaver.com/Articles/RP_Art_EventChainMethodology.html">project manag event chain methodolog</weblink></entry><entry level="1" type="bullet"><weblink ns0:type="simple" ns0:href="http://www.planningengineers.org/publications/papers_download.aspx?id=20">project plan event chain methodolog</weblink></entry><entry level="1" type="bullet"><weblink ns0:type="simple" ns0:href="http://www.ce.cmu.edu/pmbook/10_Fundamental_Scheduling_Procedures.html">project manag construct chri hendrickson</weblink></entry><entry level="1" type="bullet"><weblink ns0:type="simple" ns0:href="http://www.dbcenter.cise.ufl.edu/seek/Publications/RCPSP_YGO.pdf">resourceconstrain project schedul work direct</weblink></entry><entry level="1" type="bullet"><weblink ns0:type="simple" ns0:href="http://www.springerlink.com/index/CAGPW559AX96QR0R.pdf">petri net project manag resourc level</weblink></entry></list></p></sec></bdy></algorithm></activity></procedure></psychological_feature></act></rule></event></article>