<article xmlns:ns0="http://www.w3.org/1999/xlink"><physical_entity confidence="0.8" wordnetid="100001930"><person confidence="0.8" wordnetid="100007846"><model confidence="0.8" wordnetid="110324560"><assistant confidence="0.8" wordnetid="109815790"><worker confidence="0.8" wordnetid="109632518"><causal_agent confidence="0.8" wordnetid="100007347"><header><title>multilevel secur</title><id /><revision><id /><timestamp>tz</timestamp><contributor><username>bogorm</username><id /></contributor></revision><categories><category>cissp</category><category>comput secur model</category></categories></header><bdy>multilevel secur written multilevel secur abbrevi ml applic comput system process sensit secur level permit simultan access user<link ns0:type="simple" ns0:href="../858/252858.xml">secur clearanc</link>needstoknow prevent user obtain access lack author<p>ml allow easi access lesssensit higherclear individu allow higherclear individu easili share<link ns0:type="simple" ns0:href="../806/2424806.xml">sanit</link>document lessclear individu sanit document edit remov lessclear individu allow</p><sec><st>trust oper system</st><p>ml<link ns0:type="simple" ns0:href="../797/206797.xml">oper environ</link>requir highli trustworthi process system built ml oper system ml function support system compos entir untrust comput requir multipl independ comput link hardwar securitycompli channel trust network interpret ncsctg exampl hardwar enforc ml asymmetr isol<ref ns0:type="simple" ns0:href="#xpointer(//reflist/entry[@id=%221%22])" />singl comput ml mode comput trust oper system os ml environ physic access os strong logic control exist ensur access strictli control typic involv<link ns0:type="simple" ns0:href="../900/879900.xml">mandatori access control</link>secur label<physical_entity wordnetid="100001930" confidence="0.8"><person wordnetid="100007846" confidence="0.8"><model wordnetid="110324560" confidence="0.8"><assistant wordnetid="109815790" confidence="0.8"><worker wordnetid="109632518" confidence="0.8"><causal_agent wordnetid="100007347" confidence="0.8"><link ns0:type="simple" ns0:href="../866/423866.xml">belllapadula model</link></causal_agent></worker></assistant></model></person></physical_entity>earlier</p><p>custom deploy trust oper system typic requir product complet formal comput secur evalu evalu stricter broader secur rang lowest highest classif level system process<link ns0:type="simple" ns0:href="../300/6687300.xml">tcsec</link>evalu criteria develop assess ml comput system criteria clear uniform map cscstd secur requir breadth ml secur rang histor implement certifi capabl ml process secur rang unclassifi top secret<company wordnetid="108058098" confidence="0.9508927676800064"><link ns0:type="simple" ns0:href="../721/225721.xml">honeywel</link></company>scomp<link ns0:type="simple" ns0:href="../090/32090.xml">usaf</link>sacdin<link ns0:type="simple" ns0:href="../939/21939.xml">nsa</link>blacker<company wordnetid="108058098" confidence="0.9508927676800064"><link ns0:type="simple" ns0:href="../266/18933266.xml">boe</link></company>ml lan tcsec vintag<chip wordnetid="103020034" confidence="0.8"><artifact wordnetid="100021939" confidence="0.8"><instrumentality wordnetid="103575240" confidence="0.8"><microprocessor wordnetid="103760310" confidence="0.8"><conductor wordnetid="103088707" confidence="0.8"><device wordnetid="103183080" confidence="0.8"><semiconductor_device wordnetid="104171831" confidence="0.8"><link ns0:type="simple" ns0:href="../070/15070.xml">intel</link></semiconductor_device></device></conductor></microprocessor></instrumentality></artifact></chip>base current ml product evalu<standard wordnetid="107260623" confidence="0.8"><event wordnetid="100029378" confidence="0.8"><act wordnetid="100030358" confidence="0.8"><psychological_feature wordnetid="100023100" confidence="0.8"><system_of_measurement wordnetid="113577171" confidence="0.8"><procedure wordnetid="101023820" confidence="0.8"><activity wordnetid="100407535" confidence="0.8"><link ns0:type="simple" ns0:href="../625/57625.xml">common criteria</link></activity></procedure></system_of_measurement></psychological_feature></act></event></standard>current system certifi approach broad secur rang certif common criteria rigid today common criteria decoupl tcsec pair assur eal level function protect profil clear uniform map secur requir ml secur rang capabl document cscstd lost common criteria supersed<event wordnetid="100029378" confidence="0.8"><act wordnetid="100030358" confidence="0.8"><psychological_feature wordnetid="100023100" confidence="0.8"><procedure wordnetid="101023820" confidence="0.8"><activity wordnetid="100407535" confidence="0.8"><link ns0:type="simple" ns0:href="../479/2207479.xml">rainbow seri</link></activity></procedure></psychological_feature></act></event></p><p>freeli implement oper system limit ml applic includ<idea wordnetid="105833840" confidence="0.8"><concept wordnetid="105835747" confidence="0.8"><property wordnetid="105849040" confidence="0.8"><feature wordnetid="105849789" confidence="0.8"><link ns0:type="simple" ns0:href="../908/55908.xml">securityenhanc linux</link></feature></property></concept></idea><link>trustedbsd</link>secur evalu problem free ml implement three reason</p><p><list><entry level="1" type="number">difficult implement kernel protect strategi precis need ml trust exampl certifi ml protect profil measur</entry><entry level="1" type="number">eal level common criteria lack inventori appropri high assur protect profil robust need oper ml mode</entry><entry level="1" type="number">met evalu process costli impos special restrict configur control evalu softwar</entry></list></p><p>vendor certif strategi mislead laymen certifi common strategi exploit layman overemphasi eal level overcertif certifi eal protect profil capp elev level eal eal ad certifi ml support featur rolebas access control protect profil rbacpp label secur protect profil lspp kernel evalu mlscapabl protect profil type featur servic kernel depend kernel protect corrupt subvers kernel evalu mlscapabl protect profil ml featur trust impress demonstr exampl follow</p><p><company wordnetid="108058098" confidence="0.8"><institution wordnetid="108053576" confidence="0.8"><link ns0:type="simple" ns0:href="../980/26980.xml">sun microsystem</link></institution></company>offer<link ns0:type="simple" ns0:href="../782/866782.xml">solari trust extens</link>integr featur commerci<link ns0:type="simple" ns0:href="../145/46145.xml">solari oper system</link>well<link ns0:type="simple" ns0:href="../658/1178658.xml">opensolari</link>solari certifi common criteria eal control access protect profil capp<link ns0:type="simple" ns0:href="../181/66181.xml">rolebas access control</link>rbac protect profil trust extens certifi eal label secur protect profil lspp extens host oper system capp function assum user will voluntarili compli secur access control<ref ns0:type="simple" ns0:href="#xpointer(//reflist/entry[@id=%222%22])" />mandatori access control capabl solari label role enforc user voluntari cooper secur target includ desktop network function warrant ml capabl</p><p><company wordnetid="108058098" confidence="0.9508927676800064"><link ns0:type="simple" ns0:href="../128/200128.xml">bae system</link></company>offer<O wordnetid="106832680" confidence="0.9508927676800064"><link ns0:type="simple" ns0:href="../230/6061230.xml">xt</link></O>commerci system support ml vendor claim high assur earli version ml capabl evidenc evalu tcsec level version evalu common criteria eal protect profil capp lspp eal protect profil mlscapabl discuss warrant ml product note case ml capabl spring lower assur protect profil secur target enrich set secur function warrant ml capabl</p></sec><sec><st>ml problem area</st><p><link ns0:type="simple" ns0:href="../806/2424806.xml">sanit</link>problem area ml system system implement ml restrict defin<link ns0:type="simple" ns0:href="../866/423866.xml">belllapadula</link>allow share violat secur restrict user lower clearanc easili share work user hold higher clearanc vice versa effici reliabl mechan top secret user edit top secret file remov top secret deliv user secret lower clearanc practic ml system circumv problem privileg function allow trustworthi user bypass ml mechan chang file secur classif techniqu<link ns0:type="simple" ns0:href="../806/2424806.xml">reliabl</link></p><p><accomplishment wordnetid="100035189" confidence="0.8"><event wordnetid="100029378" confidence="0.8"><action wordnetid="100037396" confidence="0.8"><act wordnetid="100030358" confidence="0.8"><psychological_feature wordnetid="100023100" confidence="0.8"><feat wordnetid="100036762" confidence="0.8"><link ns0:type="simple" ns0:href="../907/174907.xml">covert channel</link></feat></psychological_feature></act></action></event></accomplishment>pose problem ml system ml system secret perfectli top secret process transmit signal kind secret lower process includ side effect chang memori disk space chang process time process exploit side transmit data exploit covert channel extrem difficult close covert channel practic comput system imposs practic process identifi covert channel challeng commerci ml system attempt close covert channel impract high secur applic</p><p><link ns0:type="simple" ns0:href="../827/40827.xml">bypass</link>problemat introduc treat system high object ml trust common exampl extract data secret system high object unclassifi destin cite properti data trust evid unclassifi strict format system high system trust preserv trust evid result overt data path open logic secur mediat bypass riski narrow bandwidth covert channel difficult exploit bypass larg easili exploit overt leak system bypass aris failur trust oper environ maintain continu separ secur domain origin origin lie system boundari valid trust separ origin case risk bypass unavoid flow essenti</p><p>common exampl unavoid bypass subject system requir accept secret ip packet untrust sourc encrypt secret userdata header deposit result untrust network sourc lie sphere influenc subject system sourc untrust system high trust ml packet unclassifi header secret plaintext userdata ml data construct sourc untrust corrupt place secret unclassifi packet header corrupt packet header nonsens imposs subject system determin reason reliabl packet userdata cryptograph well protect packet header readabl secret corrupt packet pass untrust network subject system routabl cooper corrupt process network grab packet acknowledg subject system detect leak larg overt leak hard detect view classifi packet unclassifi header system high structur ml structur present common seriou threat</p><p>bypass avoid avoid bypass system architect design system correctli consid secur attempt appli secur fact addon function situat bypass appear easi system work pseudosecur scheme propos approv examin content bypass data vain attempt establish bypass data secret trust data format contrari assumpt sourc trust preserv characterist sourc data assur secur bypass myth socal<link ns0:type="simple" ns0:href="../544/6800544.xml">high assur guard</link>hag transpar implement bypass risk introduc long acknowledg extant solut ultim procedur technic certainti classifi system exploit bypass</p></sec><sec><st>thing ml</st><p>fals statement common term ml today declin<ref ns0:type="simple" ns0:href="#xpointer(//reflist/entry[@id=%223%22])" /><link ns0:type="simple" ns0:href="../398/7398.xml">compusec</link>expert laymen compusecastut design secur comput system mistakenli draw conclus term ml<message wordnetid="106598915" confidence="0.8"><subject wordnetid="106599788" confidence="0.8"><link ns0:type="simple" ns0:href="../708/1658708.xml">overload</link></subject></message>ml process environ ml capabl fals conclus base belief product certifi oper ml environ mode ml capabl exist impli system oper environ data unequ secur level ml comput secur intermedi theorem csivt<weblink ns0:type="simple" ns0:href="http://www.selfless-security.org/papers/addendum.php#ivt">httpwwwselflesssecurityorgpapersaddendumphpivt</weblink>consequ confus run deeper laymen conclud admit system oper ml environ environmentcentr mean ml back perceiv corner problem ml solut capabilitycentr mean ml ml decept complex simpl solut obviou justifi conclus exist lead crippl ignor compusec manifest whisper talk ml thing ml mlsdenial scheme chang rapidli address clarifi distinct mlsenviron mlscapabl</p><p><list><entry level="1" type="bullet">ml secur environ<link ns0:type="simple" ns0:href="../546/3024546.xml">secur mode</link>commun user differ secur clearanc perceiv ml datashar capabl user share recipi clearanc allow receipt system oper ml mode connect destin clear lower secur level data ml system formal csivt determin secur mode system depend entir system secur environ classif data clearanc direct indirect access system output signal system connect port system secur mode independ capabl system oper mode worthi trust</entry></list></p><p><list><entry level="1" type="bullet">ml capabl develop product system intend allow ml data share tend loos perceiv term capabl enforc datashar restrict secur polici mechan enforc<physical_entity wordnetid="100001930" confidence="0.8"><person wordnetid="100007846" confidence="0.8"><model wordnetid="110324560" confidence="0.8"><assistant wordnetid="109815790" confidence="0.8"><worker wordnetid="109632518" confidence="0.8"><causal_agent wordnetid="100007347" confidence="0.8"><link ns0:type="simple" ns0:href="../866/423866.xml">belllapadula model</link></causal_agent></worker></assistant></model></person></physical_entity>system mlscapabl robustli implement secur polici</entry></list></p><p>origin term ml appli secur environ mode solut confus retain origin definit ml specif mlscapabl context</p></sec><sec><st>mil architectur</st><p>mil multipl independ level secur architectur address domain separ compon ml secur model<link ns0:type="simple" ns0:href="../924/664924.xml">biba model</link>integr<physical_entity wordnetid="100001930" confidence="0.8"><person wordnetid="100007846" confidence="0.8"><model wordnetid="110324560" confidence="0.8"><assistant wordnetid="109815790" confidence="0.8"><worker wordnetid="109632518" confidence="0.8"><causal_agent wordnetid="100007347" confidence="0.8"><link ns0:type="simple" ns0:href="../866/423866.xml">belllapadula model</link></causal_agent></worker></assistant></model></person></physical_entity>confidenti allow oneway flow secur domain assum isol mil address isol underli ml address control interact domain address model trust securitycompli channel mention link mil domain support ml function</p><p>mil approach pursu strategi character older term msl multipl singl level isol level singlelevel environ<link ns0:type="simple" ns0:href="../546/3024546.xml">system high</link></p><p>rigid process commun isol offer mil ultra high reliabl softwar applic ml mil notabl address hierarch structur embodi notion secur level mil well call multipl independ domain secur ml mil requir complex structur trust certifi applic emul ml oper environ applic declin directli address interact level impli hierarch structur mil simpler implement lack rich flexibl expect practic ml applic</p></sec><sec><st>msl system</st><p>solv problem<physical_entity wordnetid="100001930" confidence="0.8"><person wordnetid="100007846" confidence="0.8"><model wordnetid="110324560" confidence="0.8"><assistant wordnetid="109815790" confidence="0.8"><worker wordnetid="109632518" confidence="0.8"><causal_agent wordnetid="100007347" confidence="0.8"><link ns0:type="simple" ns0:href="../501/4460501.xml">multipl singlelevel</link></causal_agent></worker></assistant></model></person></physical_entity>secur level isol separ untrust domain absenc medium commun domain assur interact mechan isol physic separ separ comput support applic oss possibl support ml ms window solari</p></sec><sec><st /><p><list><entry level="1" type="bullet"><physical_entity wordnetid="100001930" confidence="0.8"><person wordnetid="100007846" confidence="0.8"><model wordnetid="110324560" confidence="0.8"><assistant wordnetid="109815790" confidence="0.8"><worker wordnetid="109632518" confidence="0.8"><causal_agent wordnetid="100007347" confidence="0.8"><link ns0:type="simple" ns0:href="../866/423866.xml">belllapadula model</link></causal_agent></worker></assistant></model></person></physical_entity></entry><entry level="1" type="bullet"><link ns0:type="simple" ns0:href="../900/879900.xml">mandatori access control</link>mac</entry><entry level="1" type="bullet"><link ns0:type="simple" ns0:href="../518/881518.xml">discretionari access control</link>dac</entry><entry level="1" type="bullet"><physical_entity wordnetid="100001930" confidence="0.8"><person wordnetid="100007846" confidence="0.8"><model wordnetid="110324560" confidence="0.8"><assistant wordnetid="109815790" confidence="0.8"><worker wordnetid="109632518" confidence="0.8"><causal_agent wordnetid="100007347" confidence="0.8"><link ns0:type="simple" ns0:href="../181/66181.xml">rolebas access control</link></causal_agent></worker></assistant></model></person></physical_entity>rbac</entry><entry level="1" type="bullet"><link ns0:type="simple" ns0:href="../924/664924.xml">biba integr model</link></entry><entry level="1" type="bullet"><link ns0:type="simple" ns0:href="../744/4992744.xml">takegr model</link></entry><entry level="1" type="bullet"><link ns0:type="simple" ns0:href="../274/2035274.xml">clarkwilson integr model</link></entry><entry level="1" type="bullet"><link ns0:type="simple" ns0:href="../416/3024416.xml">grahamden model</link></entry><entry level="1" type="bullet"><link ns0:type="simple" ns0:href="../546/3024546.xml">secur mode oper</link></entry><entry level="1" type="bullet"><event wordnetid="100029378" confidence="0.8"><act wordnetid="100030358" confidence="0.8"><psychological_feature wordnetid="100023100" confidence="0.8"><procedure wordnetid="101023820" confidence="0.8"><activity wordnetid="100407535" confidence="0.8"><link ns0:type="simple" ns0:href="../164/7667164.xml">system high mode</link></activity></procedure></psychological_feature></act></event></entry><entry level="1" type="bullet"><link ns0:type="simple" ns0:href="../429/3782429.xml">multi categori secur abbrevi mc</link></entry><entry level="1" type="bullet"><link ns0:type="simple" ns0:href="../758/11393758.xml">noninterfer model</link></entry><entry level="1" type="bullet"><link ns0:type="simple" ns0:href="../967/47967.xml#xpointer(//*[./st=%22Multifactor+authentication%22])">multifactor authent</link></entry><entry level="1" type="bullet"><weblink ns0:type="simple" ns0:href="http://www.afcea.org/wiki/index.php?title=Trusted_Computing_Base">trustifi tcb overview</weblink></entry></list></p></sec><sec><st>refer</st><p><reflist><entry id="1">davidson ja<weblink ns0:type="simple" ns0:href="http://ieeexplore.ieee.org/search/wrapper.jsp?arnumber=569668">asymmetr isol</weblink></entry><entry id="2">system secur organ<weblink ns0:type="simple" ns0:href="http://www.commoncriteriaportal.org/files/ppfiles/capp.pdf">control access protect profil</weblink>nation secur agenc</entry><entry id="3"><weblink ns0:type="simple" ns0:href="http://www.selfless-security.org/papers/addendum.php">addendum</weblink></entry></reflist></p></sec><sec><st>read</st><p><list><entry level="1" type="bullet"><cite style="font-style:normal">lampson<weblink ns0:type="simple" ns0:href="http://research.microsoft.com/Lampson/11-Confinement/Abstract.html">note confin problem</weblink>commun acm<document wordnetid="106470073" confidence="0.8"><written_communication wordnetid="106349220" confidence="0.8"><writing wordnetid="106362953" confidence="0.8"><link ns0:type="simple" ns0:href="../994/422994.xml">doi</link></writing></written_communication></document><weblink ns0:type="simple" ns0:href="http://dx.doi.org/10.1145%2F362375.362389" /></cite></entry><entry level="1" type="bullet">ncsc trust comput system evalu criteria nation comput secur center aka<link ns0:type="simple" ns0:href="../300/6687300.xml">tcsec</link>orang book</entry><entry level="1" type="bullet">ncsc trust network interpret nation comput secur center aka<link ns0:type="simple" ns0:href="../485/482485.xml">tni</link>red book<weblink ns0:type="simple" ns0:href="http://csrc.nist.gov/secpubs/rainbow/tg005.txt">httpcsrcnistgovsecpubsrainbowtgtxt</weblink></entry><entry level="1" type="bullet"><cite id="CITEREFSmith2005">smith richard<weblink ns0:type="simple" ns0:href="http://www.cs.stthomas.edu/faculty/resmith/r/mls/index.html">chapter multilevel secur</weblink>written york hossein bidgoli handbook secur volum threat vulner prevent detect manag john wiley retriev<link ns0:type="simple" ns0:href="../684/19684.xml" /><link ns0:type="simple" ns0:href="../164/36164.xml" /></cite>isbn</entry><entry level="1" type="bullet">patel collin vanfleet calloni wild maclearn luke novemb<weblink ns0:type="simple" ns0:href="http://www.omg.org/docs/security/02-11-02.pdf#search='MSL%20multisecurity%20level'">deepli embed high assur multipl independ level securitysafeti mil architectur</weblink>center econom develop polici reform retriev<link /></entry><entry level="1" type="bullet">loscocco smalley muckelbau taylor turner farrel<weblink ns0:type="simple" ns0:href="http://www.jya.com/paperF1.htm">inevit failur flaw assumpt secur modern comput environ</weblink>proceed st nation system secur confer oct<weblink ns0:type="simple" ns0:href="http://csrc.nist.gov/nissc/1998/proceedings/paperF1.pdf">httpcsrcnistgovnisscproceedingspaperfpdf</weblink></entry></list></p></sec></bdy></causal_agent></worker></assistant></model></person></physical_entity></article>