<article xmlns:ns0="http://www.w3.org/1999/xlink"><system confidence="0.9511911446218017" wordnetid="104377057"><header><title>expert system</title><id /><revision><id /><timestamp>tz</timestamp><contributor><username>sardanaphalu</username><id /></contributor></revision><categories><category>intellig</category><category>expert system</category><category>decis theori</category><category>system</category></categories></header><bdy><b>expert system</b><link ns0:type="simple" ns0:href="../309/5309.xml">softwar</link>attempt reproduc perform human<link ns0:type="simple" ns0:href="../892/9892.xml">expert</link>commonli specif<link ns0:type="simple" ns0:href="../733/1705733.xml">problem domain</link>tradit applic andor subfield<link ns0:type="simple" ns0:href="../164/1164.xml">artifici intellig</link>wide varieti method simul perform expert common creation socal<link ns0:type="simple" ns0:href="../497/239497.xml">knowledgebas</link><link ns0:type="simple" ns0:href="../920/16920.xml">knowledg represent</link>formal captur subject matter expert sme knowledg process gather knowledg sme codifi formal call<link ns0:type="simple" ns0:href="../499/458499.xml">knowledg engin</link>expert system learn compon third common element system develop proven real problem solv situat human sme typic aid human worker supplement system<p>premier applic comput artifici intellig topic expert system point contact gener<link ns0:type="simple" ns0:href="../238/29238.xml">system theori</link><link ns0:type="simple" ns0:href="../476/43476.xml">oper</link><link ns0:type="simple" ns0:href="../840/1638840.xml">busi process reengin</link>topic<link ns0:type="simple" ns0:href="../988/18950988.xml">appli mathemat</link><link ns0:type="simple" ns0:href="../200/20200.xml">manag scienc</link></p><p>illustr actual expert system idea work real case chemic refineri senior employe retir compani concern loss expertis manag fraction tower sever impact oper plant knowledg engin assign produc expert system reproduc expertis save compani loss valu knowledg asset system call<system wordnetid="104377057" confidence="0.8"><artifact wordnetid="100021939" confidence="0.8"><instrumentality wordnetid="103575240" confidence="0.8"><link ns0:type="simple" ns0:href="../929/649929.xml">mycin</link></instrumentality></artifact></system>develop expertis best diagnostician bacteri infect perform good better averag clinician earli commerci success illustr typic applic task gener consid overli complex human expert system field dec qualiti check configur comput prior deliveri eighti time greatest popular expert system interest lag onset<link ns0:type="simple" ns0:href="../574/3548574.xml">ai winter</link></p><sec><st>overview</st><p>common form expert system<link ns0:type="simple" ns0:href="../853/1867853.xml">comput program</link>set<idea wordnetid="105833840" confidence="0.8"><concept wordnetid="105835747" confidence="0.8"><rule wordnetid="105846054" confidence="0.8"><link ns0:type="simple" ns0:href="../311/252311.xml">rule</link></rule></concept></idea>analyz suppli user system specif class problem recommend cours user action expert system provid<link ns0:type="simple" ns0:href="../396/48396.xml">mathemat analysi</link>problem expert system util appear reason capabl reach conclus</p><p>term<link ns0:type="simple" ns0:href="../833/624833.xml">wizard</link>wizard interact comput program help user solv problem origin term wizard program construct<link ns0:type="simple" ns0:href="../377/8377.xml">databas</link>search queri base criteria suppli user rulebas expert system call wizard wizard sequenc onlin form guid user seri choic manag instal softwar comput expert system</p><ss1><st>promin expert system languag</st><p><list><entry level="1" type="bullet"><link>art</link>earli generalpurpos program languag develop expert system</entry><entry level="1" type="bullet"><system wordnetid="104377057" confidence="0.8"><artifact wordnetid="100021939" confidence="0.8"><instrumentality wordnetid="103575240" confidence="0.8"><link ns0:type="simple" ns0:href="../474/3974474.xml">caduceu expert system</link></instrumentality></artifact></system>bloodborn infecti bacteria</entry><entry level="1" type="bullet"><link ns0:type="simple" ns0:href="../603/418603.xml">clip</link>program languag develop expert system</entry><entry level="1" type="bullet"><link ns0:type="simple" ns0:href="../365/10706365.xml">drool</link>open sourc offer jboss lab</entry><entry level="1" type="bullet"><system wordnetid="104377057" confidence="0.8"><artifact wordnetid="100021939" confidence="0.8"><instrumentality wordnetid="103575240" confidence="0.8"><link ns0:type="simple" ns0:href="../912/557912.xml">dendral</link></instrumentality></artifact></system>analysi mass spectra</entry><entry level="1" type="bullet"><link ns0:type="simple" ns0:href="../814/3971814.xml">dipmet advisor</link>analysi data gather oil explor</entry><entry level="1" type="bullet"><system wordnetid="104377057" confidence="0.8"><artifact wordnetid="100021939" confidence="0.8"><instrumentality wordnetid="103575240" confidence="0.8"><engine wordnetid="103287733" confidence="0.8"><motor wordnetid="103789946" confidence="0.8"><device wordnetid="103183080" confidence="0.8"><machine wordnetid="103699975" confidence="0.8"><link ns0:type="simple" ns0:href="../091/37091.xml">jess</link></machine></device></motor></engine></instrumentality></artifact></system>java expert system shell clip engin implement<message wordnetid="106598915" confidence="0.8"><request wordnetid="106513366" confidence="0.8"><link ns0:type="simple" ns0:href="../881/15881.xml">java</link></request></message>develop expert system</entry><entry level="1" type="bullet"><link ns0:type="simple" ns0:href="../431/16567431.xml">knowledgebench</link>expert system build product develop applic</entry><entry level="1" type="bullet"><link ns0:type="simple" ns0:href="../386/4510386.xml">knowledg engin environ</link><system wordnetid="104377057" confidence="0.8"><artifact wordnetid="100021939" confidence="0.8"><instrumentality wordnetid="103575240" confidence="0.8"><link ns0:type="simple" ns0:href="../929/649929.xml">emycin</link></instrumentality></artifact></system>deriv implement<link ns0:type="simple" ns0:href="../986/849986.xml">atm</link></entry><entry level="1" type="bullet"><link>mql</link>metaquot languag custom languag financi strategi program</entry><entry level="1" type="bullet"><system wordnetid="104377057" confidence="0.8"><artifact wordnetid="100021939" confidence="0.8"><instrumentality wordnetid="103575240" confidence="0.8"><link ns0:type="simple" ns0:href="../929/649929.xml">mycin</link></instrumentality></artifact></system>diagnos infecti blood diseas recommend antibiot<university wordnetid="108286163" confidence="0.9508927676800064"><link ns0:type="simple" ns0:href="../977/26977.xml">stanford univers</link></university></entry><entry level="1" type="bullet"><software wordnetid="106566077" confidence="0.9508927676800064"><link ns0:type="simple" ns0:href="../624/17417624.xml">netexpert</link></software>missioncrit<link ns0:type="simple" ns0:href="../261/9520261.xml">oper support system</link>framework rule polici object model adapt<link ns0:type="simple" ns0:href="../983/883983.xml">network oper center</link>autom</entry><entry level="1" type="bullet"><link>nexpert object</link>earli generalpurpos commerci backwardschain infer engin develop expert system</entry><entry level="1" type="bullet"><link ns0:type="simple" ns0:href="../485/23485.xml">prolog</link>program languag develop expert system</entry><entry level="1" type="bullet"><link ns0:type="simple" ns0:href="../012/11012.xml" />program languag develop expert system</entry><entry level="1" type="bullet"><system wordnetid="104377057" confidence="0.8"><artifact wordnetid="100021939" confidence="0.8"><instrumentality wordnetid="103575240" confidence="0.8"><link ns0:type="simple" ns0:href="../557/3234557.xml">rxcon</link></instrumentality></artifact></system>order process</entry><entry level="1" type="bullet"><system wordnetid="104377057" confidence="0.8"><artifact wordnetid="100021939" confidence="0.8"><instrumentality wordnetid="103575240" confidence="0.8"><link ns0:type="simple" ns0:href="../797/16883797.xml">shine realtim expert system</link></instrumentality></artifact></system>spacecraft health infer engin</entry><entry level="1" type="bullet"><system wordnetid="104377057" confidence="0.8"><artifact wordnetid="100021939" confidence="0.8"><instrumentality wordnetid="103575240" confidence="0.8"><link ns0:type="simple" ns0:href="../583/14137583.xml">std wizard</link></instrumentality></artifact></system>expert system recommend medic screen test</entry><entry level="1" type="bullet"><link>pyke</link>pyke knowledgebas infer engin expert system</entry></list></p></ss1></sec><sec><st>studi expert system</st><ss1><st>knowledg represent</st><p><indent level="1"><it>main articl<link ns0:type="simple" ns0:href="../920/16920.xml">knowledg represent</link></it></indent><b>knowledg represent</b>issu aris<link ns0:type="simple" ns0:href="../626/5626.xml">cognit scienc</link><link ns0:type="simple" ns0:href="../164/1164.xml">artifici intellig</link>cognit scienc concern peopl store process artifici intellig ai primari aim store knowledg program process achiev verisimilitud human intellig ai research borrow represent theori cognit scienc represent techniqu frame rule semant network origin theori human process knowledg achiev intellig behavior fundament goal knowledg represent repres knowledg manner facilit inferenc draw conclus knowledg</p></ss1><ss1><st>knowledg engin</st><p><indent level="1"><it>main articl<link ns0:type="simple" ns0:href="../337/1904337.xml">knowledg engin</link></it></indent>knowledg engin concern<link ns0:type="simple" ns0:href="../920/16920.xml">represent</link>chosen expert knowledg declar<link ns0:type="simple" ns0:href="../609/418609.xml">infer engin</link>process knowledg knowledg acquisit compon expert system input characterist appropri good infer techniqu includ</p><p><list><entry level="1" type="bullet">good infer techniqu independ problem domain</entry><entry level="1" type="bullet">order realiz benefit<link ns0:type="simple" ns0:href="../186/216186.xml">explan</link><link>knowledg transpar</link><link ns0:type="simple" ns0:href="../547/346547.xml">reusabl</link>program problem domain infer engin domain specif expertis</entry><entry level="1" type="bullet">infer techniqu specif<link ns0:type="simple" ns0:href="../110/314110.xml">task</link><link ns0:type="simple" ns0:href="../233/5837233.xml">diagnosi</link><link>hardwar configur</link>techniqu commit<link>process techniqu</link></entry><entry level="1" type="bullet">infer techniqu specif knowledg structur</entry><entry level="1" type="bullet">success exampl rule process techniqu<link ns0:type="simple" ns0:href="../962/568962.xml">forward chain</link><link ns0:type="simple" ns0:href="../967/568967.xml">backward chain</link></entry></list></p></ss1></sec><sec><st>expert system topic</st><ss1><st>chain</st><p>main method reason infer rule backward chain forward chain</p><p><system wordnetid="104377057" confidence="0.8"><artifact wordnetid="100021939" confidence="0.8"><instrumentality wordnetid="103575240" confidence="0.8"><link ns0:type="simple" ns0:href="../962/568962.xml">forward chain</link></instrumentality></artifact></system>start data infer rule conclud data desir<link ns0:type="simple" ns0:href="../094/14850094.xml">goal</link>reach infer engin forward chain search infer rule find ifclaus<link ns0:type="simple" ns0:href="../711/161711.xml">true</link>conclud thenclaus add<link ns0:type="simple" ns0:href="../040/18985040.xml">data</link>continu goal reach data determin infer rule method call<it>data driven</it></p><p><system wordnetid="104377057" confidence="0.8"><artifact wordnetid="100021939" confidence="0.8"><instrumentality wordnetid="103575240" confidence="0.8"><link ns0:type="simple" ns0:href="../967/568967.xml">backward chain</link></instrumentality></artifact></system>start list goal work backward data will allow conclud goal infer engin backward chain search infer rule find thenclaus match desir goal ifclaus infer rule true list goal exampl suppos rulebas rule</p><p><indent level="1">fritz green fritz frog</indent><indent level="1">fritz frog fritz hop</indent>suppos goal conclud fritz hopsth rulebas search rule select conclus claus match goal fritz frog statement goal list rulebas search time rule select claus match goal list time ifclaus fritz green true goal fritz hop conclud list goal determin rule select method call<it>goal driven</it></p></ss1><ss1><st>certainti factor</st><p>advantag expert system tradit method program allow confid certainti factor human reason conclud thing confid fritz green frog chameleon type reason imit numer valu call confid exampl fritz green conclud confid frog frog conclud confid hop number natur<link ns0:type="simple" ns0:href="../934/22934.xml">probabl</link>meant imit confid human reason follow mathemat definit calcul probabl</p></ss1><ss1><st>expert system architectur</st><p>gener point expert system architectur illustr</p><p><indent level="1">sequenc step reach conclus dynam synthes case explicitli program system built</indent><indent level="1">expert system process multipl valu problem paramet permit reason pursu incomplet fulli determin reason present</indent><indent level="1"><link ns0:type="simple" ns0:href="../948/1467948.xml">problem solv</link>accomplish appli specif knowledg specif techniqu key idea expert system technolog reflect belief human expert process knowledg differ possess knowledg philosophi find expert system produc desir work expand knowledg base reprogram<link ns0:type="simple" ns0:href="../775/775.xml">procedur</link></indent>expert system rulebas infer engin cooper simul reason process human expert pursu analyz problem arriv conclus system order simul human reason process vast amount knowledg need store knowledg base gener knowledg base expert system consist larg number type statement interrel manner theori resembl sequenc mental step involv human reason process</p><p>larg storag capac program store rulebas expert system larg handl system storag capac person comput increas point consid run type simpl expert system<link ns0:type="simple" ns0:href="../137/18457137.xml">person comput</link></p><p><link ns0:type="simple" ns0:href="../746/454746.xml">applic</link>expert system natur applic amount store simul<link>human reason process</link>applic vast store activ<link ns0:type="simple" ns0:href="../300/5300.xml">memori</link><link ns0:type="simple" ns0:href="../457/7878457.xml">comput</link>applic expert system natur applic need reason process exampl type applic expert system diagnos data process system compris separ compon option type expert system employ singl integr rulebas diagnos minimum system configur data process system rulebas requir compon option unit system will system earlier expert system requir entir rulebas store rule chain link structur rulebas</p><p>rulebas segment prefer contextu segment unit elimin portion rulebas data knowledg need applic segment rulebas allow expert system system system smaller memori capac earlier arrang segment rulebas page system need segment rulebas contextu segment requir expert system manag interseg relationship segment page memori execut program system permit rulebas segment call execut time process rulebas provis store data accumul point time process system return segment proceed point rule node process provis data collect system point pass second segment rulebas page system data collect process second segment pass segment system return complet process segment</p><p><link ns0:type="simple" ns0:href="../249/45249.xml">user interfac</link><link>procedur interfac</link>function<link>collect process</link></p></ss1><ss1><st>user</st><p>endus see expert system<link>interact dialog</link>exampl</p><p><indent level="1">restaur</indent></p><p><indent level="1">kind food</indent></p><p><indent level="1">spici food</indent></p><p><indent level="1">drink wine meal</indent></p><p><indent level="1">drink wine french wine</indent></p><p><link ns0:type="simple" ns0:href="../594/170594.xml">dialog</link>system lead user set<link ns0:type="simple" ns0:href="../038/502038.xml">question</link>purpos determin suitabl set restaur recommend dialog system user restaur choic common featur expert system illustr characterist expert system user choos respond question expert system dialog preplan fix<link ns0:type="simple" ns0:href="../459/45459.xml">control structur</link>dialog synthes current<link ns0:type="simple" ns0:href="../094/426094.xml">content</link>knowledg base suppli answer question consult</p></ss1><ss1><st>explan system</st><p>major distinct expert system tradit system illustr answer system user answer question question occur exampl answer</p><p><indent level="1">determin type restaur chines choic french choic diner wine drinker prefer wine french strong evid restaur choic includ french</indent>difficult implement gener<link>explan system</link>answer question tradit comput program expert system gener explan retrac step reason respons expert system question exposur underli<link>knowledg structur</link>rule set<link ns0:type="simple" ns0:href="../141/2012141.xml">anteced condit</link>true allow<link ns0:type="simple" ns0:href="../355/252355.xml">assert</link><link ns0:type="simple" ns0:href="../778/804778.xml">consequ</link>rule refer valu test<link ns0:type="simple" ns0:href="../360/206360.xml">constraint</link>assert constraint fact knowledg structur valu associ organ<link ns0:type="simple" ns0:href="../176/42176.xml">entiti</link>exampl individu diner entiti attribut valu includ drink wine kind wine rule associ current<information wordnetid="105816287" confidence="0.8"><datum wordnetid="105816622" confidence="0.8"><link ns0:type="simple" ns0:href="../331/338331.xml" /></datum></information><link ns0:type="simple" ns0:href="../738/40738.xml">attribut</link>assert attribut orderli process rule dictat dialog</p></ss1><ss1><st>expert system versu problemsolv system</st><p>princip distinct expert system tradit<link ns0:type="simple" ns0:href="../948/1467948.xml">problem solv</link>program problem expertis code tradit applic problem expertis encod program data structur</p><p>expert system approach problem expertis encod<link ns0:type="simple" ns0:href="../519/8519.xml">data structur</link>program organ benefit</p><p>exampl help contrast tradit problem solv program expert system approach exampl problem tax advic tradit approach data structur describ taxpay tax tabl program statement repres expert tax consult knowledg statement relat taxpay tax tabl choic represent tax expert knowledg difficult tax expert understand modifi</p><p>expert system approach taxpay tax comput data structur knowledg describ relationship encod data structur well program expert system independ<link ns0:type="simple" ns0:href="../733/1705733.xml">problem domain</link>tax serv process data structur regard natur problem area describ exampl program acquir describ data valu<link ns0:type="simple" ns0:href="../528/644528.xml">user interact</link>program repres process special organ descript program process<link ns0:type="simple" ns0:href="../406/4329406.xml">declar</link>repres semant relationship problem domain<link ns0:type="simple" ns0:href="../775/775.xml">algorithm</link>control process sequenc focu</p><p>gener<link ns0:type="simple" ns0:href="../378/903378.xml">architectur</link>expert system involv princip compon problem depend set<link>data declar</link>call knowledg base<link ns0:type="simple" ns0:href="../961/12162961.xml">rule base</link>problem independ highli data structur depend program call<link ns0:type="simple" ns0:href="../609/418609.xml">infer engin</link></p></ss1><ss1><st>individu involv expert system</st><p>gener three individu interact expert system primari<link ns0:type="simple" ns0:href="../759/127759.xml">endus</link>individu system problem solv assist build mainten system role<link ns0:type="simple" ns0:href="../773/1402773.xml">problem domain expert</link>build suppli knowledg base provid domain expertis<link ns0:type="simple" ns0:href="../337/1904337.xml">knowledg engin</link>assist expert determin<link ns0:type="simple" ns0:href="../920/16920.xml">represent</link>knowledg enter knowledg<link ns0:type="simple" ns0:href="../645/5581645.xml">explan modul</link>defin<link ns0:type="simple" ns0:href="../465/317465.xml">infer techniqu</link>requir problem solv activ<link ns0:type="simple" ns0:href="../337/1904337.xml">knowledg engin</link>will repres problem solv activ form rule refer<link ns0:type="simple" ns0:href="../de)/17927_(Z$I$P$_code).xml">rulebas</link>expert system rule creat domain expertis knowledg base store rule expert system</p></ss1><ss1><st>infer rule</st><p>understand<link ns0:type="simple" ns0:href="../311/252311.xml">infer rule</link>concept understand expert system infer rule<link ns0:type="simple" ns0:href="../746/41746.xml">statement</link>part<link>ifclaus</link><link>thenclaus</link>rule expert system abil find solut diagnost<link ns0:type="simple" ns0:href="../136/229136.xml">prescript</link>problem exampl infer rule</p><p><indent level="1">restaur choic includ french occas romant</indent><indent level="1">restaur choic definit<chef wordnetid="109963574" confidence="0.9508927676800064"><link ns0:type="simple" ns0:href="../127/857127.xml">paul bocus</link></chef></indent>expert system rulebas infer rule enter separ rule infer engin draw<link ns0:type="simple" ns0:href="../907/307907.xml">conclus</link>rule unit rule delet rule affect conclus reach advantag infer rule tradit program infer rule<link ns0:type="simple" ns0:href="../755/89755.xml">reason</link>close resembl human reason</p><p>conclus drawn understand conclus reach expert system knowledg form<link ns0:type="simple" ns0:href="../892/9892.xml">expert</link>easier retriev expert</p></ss1><ss1><st>procedur node interfac</st><p>function procedur node interfac receiv procedur coordin creat appropri<link ns0:type="simple" ns0:href="../988/40988.xml">procedur call</link>abil call<link ns0:type="simple" ns0:href="../988/40988.xml">procedur</link>receiv procedur view simpli<link ns0:type="simple" ns0:href="../746/12746.xml">gener</link><link ns0:type="simple" ns0:href="../264/41264.xml">input</link>extern earlier expert system extern predetermin manner acquir expert system disclos crossreferenc applic knowledg base permit invok procedur allow host system expert system wider class knowledg domain extern access limit extern access</p><p>area<link>machin diagnost</link>expert system selfdiagnost applic conclud current health machin best sourc machin detail reason provid oper</p><p>knowledg repres system appear rulebas rulebas describ crossreferenc applic basic type object associ</p><p><list><entry level="1" type="number">classesthes question ask user</entry><entry level="1" type="number">parametersa paramet place holder charact string variabl insert class question point question paramet posit</entry><entry level="1" type="number">proceduresthes definit call extern procedur</entry><entry level="1" type="number">rule nodesth inferenc system tree structur indic rule logic mimic human reason node tree call rule node type rule node</entry></list></p><p>rulebas compris forest tree top node tree call goal node conclus tree forest goal node leav tree refer rule node type rule node leaf evid node extern node refer node</p><p>evid node function oper specif question respond question present evid node oper gener instruct answer repres numer valu provid repres</p><p>question requir respons oper handl manner</p><p>leaf extern node indic data will procedur call</p><p>refer node function refer tree subtre</p><p>tree intermedi minor node goal node leaf node intermedi node repres<link ns0:type="simple" ns0:href="../153/18153.xml">logic oper</link></p><p><link>infer logic</link>function select<link ns0:type="simple" ns0:href="../875/18955875.xml">tree</link>trace trace tree tree select tree trace depthfirst left</p><p>word trace refer action system take travers tree class question call procedur calcul confid proce</p><p>explain crossreferenc applic select tree depend order tree origin order tree order appear rulebas order chang assign evid node attribut initi describ detail applic action valu evid node assign initi attribut answer initi evid rule order succeed evalu tree reorder constantli updat select tree trace</p><p>type solicit system user question class tailor level knowledg user applic group prospect nice defin knowledg level estim question present level correspond gener averag user applic knowledg specif domain expert system vari consider group prospect user</p><p>applic true involv expert system oper selfdiagnost mode person comput assist oper person comput diagnos fault error hardwar softwar gener oper straightforward expert system gather assum cours oper understand exampl diagnos person comput expert system major function<idea wordnetid="105833840" confidence="0.8"><concept wordnetid="105835747" confidence="0.8"><component wordnetid="105868954" confidence="0.8"><part wordnetid="105867413" confidence="0.8"><link ns0:type="simple" ns0:href="../820/1886820.xml">compon</link></part></component></concept></idea>system oper instanc<artifact wordnetid="100021939" confidence="0.8"><instrumentality wordnetid="103575240" confidence="0.8"><device wordnetid="103183080" confidence="0.8"><link ns0:type="simple" ns0:href="../703/450703.xml">display</link></device></instrumentality></artifact>monochrom color display oper probabl provid correct answer time expert system hand<link>test unit</link>determin type display accuraci data collect approach instanc<link ns0:type="simple" ns0:href="../499/458499.xml">knowledg engin</link>employ approach accuraci diagnosi instanc natur solicit better system oper<link ns0:type="simple" ns0:href="../932/41932.xml">accuraci</link>data suppli oper low system effect process meaning conclus</p><p>situat system form permit correct<link ns0:type="simple" ns0:href="../642/642.xml">answer</link>question process induct deduct reason data collect system answer provid user complex question ask reason return test unit</p></ss1><ss1><st>user interfac</st><p>function user interfac question user suppli user respons infer engin</p><p>valu enter user receiv interpret user interfac respons restrict set legal answer user interfac check respons insur correct data type respons restrict legal set answer compar legal answer user enter illeg answer user interfac inform user answer invalid prompt correct</p></ss1></sec><sec><st>applic expert system</st><p>expert system design creat facilit task field<link ns0:type="simple" ns0:href="../593/2593.xml">account</link>medicin<link ns0:type="simple" ns0:href="../183/658183.xml">process control</link><link ns0:type="simple" ns0:href="../425/433425.xml">financi servic</link><link ns0:type="simple" ns0:href="../388/39388.xml">product</link><link ns0:type="simple" ns0:href="../053/46053.xml">human resourc</link>foundat success expert system depend seri technic procedur develop design technician expert</p><p>good exampl applic expert system bank area<link ns0:type="simple" ns0:href="../144/14693144.xml">expert system mortgag</link>loan depart interest expert system<link ns0:type="simple" ns0:href="../708/256708.xml">mortgag</link>grow cost labour handl accept small loan profit applic expert system possibl standardis effici handl<link ns0:type="simple" ns0:href="../731/8449731.xml">mortgag loan</link>appreci accept<link ns0:type="simple" ns0:href="../708/256708.xml">mortgag</link>hard fast rule exist type loan</p><p>expert system distinguish<link ns0:type="simple" ns0:href="../164/1164.xml">ai</link>find practic applic applic limit expert system notori narrow domain<link ns0:type="simple" ns0:href="../391/243391.xml">knowledg</link>amus exampl research skin diseas expert system diagnos rustbucket car develop measl system prone make<link ns0:type="simple" ns0:href="../118/41118.xml">error</link><link ns0:type="simple" ns0:href="../482/682482.xml">human</link>easili spot addit mystiqu worn<link ns0:type="simple" ns0:href="../716/23716.xml">programm</link>realiz simpl expert system essenti elabor version<link>decis logic</link>techniqu expert system complex program fuss</p><p>exampl good demonstr limit expert system peopl<link ns0:type="simple" ns0:href="../890/18890.xml">microsoft window</link><link ns0:type="simple" ns0:href="../194/22194.xml">oper system</link><link ns0:type="simple" ns0:href="../274/1714274.xml">troubleshoot</link>softwar locat help<link ns0:type="simple" ns0:href="../410/455410.xml">taskbar</link>menu obtain expert technic oper system support difficult individu close involv develop oper system microsoft design expert system provid solut advic suggest common error encount oper system</p><p>applic expert system today simpli call<link ns0:type="simple" ns0:href="../268/1268.xml">ai</link><link ns0:type="simple" ns0:href="../363/5363.xml">comput game</link>exampl comput<link ns0:type="simple" ns0:href="../850/3850.xml">basebal</link>game<event wordnetid="100029378" confidence="0.8"><social_event wordnetid="107288639" confidence="0.8"><contest wordnetid="107456188" confidence="0.8"><game wordnetid="100456199" confidence="0.8"><psychological_feature wordnetid="100023100" confidence="0.8"><link ns0:type="simple" ns0:href="../495/2694495.xml">earl weaver basebal</link></psychological_feature></game></contest></social_event></event><event wordnetid="100029378" confidence="0.8"><social_event wordnetid="107288639" confidence="0.8"><contest wordnetid="107456188" confidence="0.8"><game wordnetid="100456199" confidence="0.8"><psychological_feature wordnetid="100023100" confidence="0.8"><link ns0:type="simple" ns0:href="../180/2789180.xml">toni la russa basebal</link></psychological_feature></game></contest></social_event></event>highli detail simul game strategi basebal manag human play game comput comput queri<physical_entity wordnetid="100001930" confidence="0.8"><communicator wordnetid="109610660" confidence="0.8"><person wordnetid="100007846" confidence="0.8"><announcer wordnetid="109795334" confidence="0.8"><leader wordnetid="109623038" confidence="0.8"><administrator wordnetid="109770949" confidence="0.8"><causal_agent wordnetid="100007347" confidence="0.8"><head wordnetid="110162991" confidence="0.8"><director wordnetid="110014939" confidence="0.8"><link ns0:type="simple" ns0:href="../520/475520.xml">earl weaver</link></director></head></causal_agent></administrator></leader></announcer></person></communicator></physical_entity><person wordnetid="100007846" confidence="0.9508927676800064"><link ns0:type="simple" ns0:href="../098/1110098.xml">toni la russa</link></person>expert system decis strategi follow choic random natur system throw surpris pitchout trick runner steal base decid base probabl suppli weaver la russa today simpli game ai provid oppos manag strategi</p><ss1><st>advantag disadvantag</st><p>advantag<list><entry level="1" type="bullet">consist answer repetit decis process task</entry><entry level="1" type="bullet">hold maintain level</entry><entry level="1" type="bullet">encourag organ clarifi logic decisionmak</entry><entry level="1" type="bullet">forget question human</entry></list></p><p>disadvantag<list><entry level="1" type="bullet">lack common sens need decis make</entry><entry level="1" type="bullet">creativ respons human expert unusu circumst</entry><entry level="1" type="bullet">domain expert explain logic reason</entry><entry level="1" type="bullet">error occur knowledg base lead wrong decis</entry><entry level="1" type="bullet">adapt chang environ knowledg base chang</entry></list></p></ss1><ss1><st>type problem solv expert system</st><p>expert system valuabl organ highlevel<link ns0:type="simple" ns0:href="../950/4707950.xml">knowhow</link>experi expertis easili transfer member design carri intellig intellect expert provid knowledg member organ<link ns0:type="simple" ns0:href="../948/1467948.xml">problemsolv</link>purpos</p><p>typic problem solv sort tackl medic<link ns0:type="simple" ns0:href="../809/290809.xml">profession</link>real expert problem domain will typic narrow instanc diagnos skin condit human teenag ask provid<link ns0:type="simple" ns0:href="../538/56538.xml">rule thumb</link>evalu problem explicitli aid experienc<link ns0:type="simple" ns0:href="../565/27565.xml">system develop</link>implicitli expert evalu<link ns0:type="simple" ns0:href="../949/1343949.xml">test case</link>comput program examin test data strictli limit manner deriv<link ns0:type="simple" ns0:href="../213/22213.xml">rule</link>gener expert system problem singl correct solut encod convent algorithm write expert system find shortest path graph sort data simpli easier way task</p><p>simpl system simpl truefals<link ns0:type="simple" ns0:href="../225/3729225.xml">logic</link>evalu data sophist system capabl perform<link ns0:type="simple" ns0:href="../433/62433.xml">evalu</link>account realworld uncertainti method<link ns0:type="simple" ns0:href="../180/49180.xml">fuzzi logic</link>sophist difficult develop highli imperfect</p></ss1></sec><sec><st>expert system shell<system wordnetid="104377057" confidence="0.8"><artifact wordnetid="100021939" confidence="0.8"><instrumentality wordnetid="103575240" confidence="0.8"><link>infer engin</link></instrumentality></artifact></system></st><p>shell complet develop environ build maintain knowledgebas applic stepbystep methodolog knowledg engin allow domain expert directli involv structur encod knowledg shell reduc develop time commerci shell</p></sec><sec><st /><p><table style="background-color:transparent;table-layout:fixed;" width="100%" cellpadding="0" border="0" cellspacing="0"><row valign="top"><col><list><entry level="1" type="bullet"><link ns0:type="simple" ns0:href="../457/3157457.xml">ai product</link></entry><entry level="1" type="bullet"><link ns0:type="simple" ns0:href="../164/1164.xml">artifici intellig</link></entry><entry level="1" type="bullet"><event wordnetid="100029378" confidence="0.8"><rule wordnetid="105846932" confidence="0.8"><act wordnetid="100030358" confidence="0.8"><psychological_feature wordnetid="100023100" confidence="0.8"><procedure wordnetid="101023820" confidence="0.8"><activity wordnetid="100407535" confidence="0.8"><algorithm wordnetid="105847438" confidence="0.8"><link ns0:type="simple" ns0:href="../523/21523.xml">artifici neural network</link></algorithm></activity></procedure></psychological_feature></act></rule></event></entry><entry level="1" type="bullet"><link ns0:type="simple" ns0:href="../373/5033373.xml">action select mechan</link></entry><entry level="1" type="bullet"><link ns0:type="simple" ns0:href="../387/168387.xml">busi intellig</link></entry><entry level="1" type="bullet"><event wordnetid="100029378" confidence="0.8"><rule wordnetid="105846932" confidence="0.8"><act wordnetid="100030358" confidence="0.8"><psychological_feature wordnetid="100023100" confidence="0.8"><procedure wordnetid="101023820" confidence="0.8"><activity wordnetid="100407535" confidence="0.8"><algorithm wordnetid="105847438" confidence="0.8"><link ns0:type="simple" ns0:href="../333/170333.xml">casebas reason</link></algorithm></activity></procedure></psychological_feature></act></rule></event></entry><entry level="1" type="bullet"><software wordnetid="106566077" confidence="0.8"><application wordnetid="106570110" confidence="0.8"><program wordnetid="106568978" confidence="0.8"><written_communication wordnetid="106349220" confidence="0.8"><writing wordnetid="106359877" confidence="0.8"><code wordnetid="106355894" confidence="0.8"><coding_system wordnetid="106353757" confidence="0.8"><link ns0:type="simple" ns0:href="../154/2368154.xml">clinic decis support system</link></coding_system></code></writing></written_communication></program></application></software></entry></list></col><col><list><entry level="1" type="bullet"><link ns0:type="simple" ns0:href="../264/2368264.xml">connectionist expert system</link></entry><entry level="1" type="bullet"><link ns0:type="simple" ns0:href="../253/42253.xml">data mine</link></entry><entry level="1" type="bullet"><link ns0:type="simple" ns0:href="../180/49180.xml">fuzzi logic</link></entry><entry level="1" type="bullet"><link ns0:type="simple" ns0:href="../509/846509.xml">heurist comput scienc</link></entry><entry level="1" type="bullet"><system wordnetid="104377057" confidence="0.8"><artifact wordnetid="100021939" confidence="0.8"><instrumentality wordnetid="103575240" confidence="0.8"><link ns0:type="simple" ns0:href="../609/418609.xml">infer engin</link></instrumentality></artifact></system></entry><entry level="1" type="bullet"><link ns0:type="simple" ns0:href="../001/18039001.xml">knowledg acquisit document structur</link></entry><entry level="1" type="bullet"><link ns0:type="simple" ns0:href="../497/239497.xml">knowledg base</link></entry></list></col><col><list><entry level="1" type="bullet"><link ns0:type="simple" ns0:href="../488/233488.xml">machin learn</link></entry><entry level="1" type="bullet"><system wordnetid="104377057" confidence="0.8"><artifact wordnetid="100021939" confidence="0.8"><instrumentality wordnetid="103575240" confidence="0.8"><language wordnetid="106282651" confidence="0.8"><link ns0:type="simple" ns0:href="../829/475829.xml">op</link></language></instrumentality></artifact></system></entry><entry level="1" type="bullet"><system wordnetid="104377057" confidence="0.8"><artifact wordnetid="100021939" confidence="0.8"><instrumentality wordnetid="103575240" confidence="0.8"><link ns0:type="simple" ns0:href="../457/3157457.xml">product system</link></instrumentality></artifact></system></entry><entry level="1" type="bullet"><system wordnetid="104377057" confidence="0.8"><artifact wordnetid="100021939" confidence="0.8"><instrumentality wordnetid="103575240" confidence="0.8"><link ns0:type="simple" ns0:href="../566/172566.xml">rete algorithm</link></instrumentality></artifact></system></entry><entry level="1" type="bullet"><link ns0:type="simple" ns0:href="../653/3663653.xml">servic softwar</link></entry><entry level="1" type="bullet"><link ns0:type="simple" ns0:href="../144/14693144.xml">expert system mortgag</link></entry></list></col></row></table></p></sec><sec><st>bibliographi</st><p><list><entry level="1" type="bullet">jame<b>ignizio</b><it>introduct expert system</it>isbn</entry><entry level="1" type="bullet">joseph<b>giarratano</b>gari<b>riley</b><it>expert system principl program</it>isbn</entry><entry level="1" type="bullet">peter<b>jackson</b><it>introduct expert system</it>isbn</entry><entry level="1" type="bullet"><cite style="font-style:normal" class="book">walker adrian al knowledg system prolog addisonwesley isbn</cite></entry></list></p></sec><sec><st>extern link</st><p><list><entry level="1" type="bullet"><weblink ns0:type="simple" ns0:href="http://www.dmoz.org/Computers/Artificial_Intelligence//">artifici intellig</weblink><work wordnetid="100575741" confidence="0.8"><possession wordnetid="100032613" confidence="0.8"><event wordnetid="100029378" confidence="0.8"><company wordnetid="108058098" confidence="0.8"><undertaking wordnetid="100795720" confidence="0.8"><property wordnetid="113244109" confidence="0.8"><act wordnetid="100030358" confidence="0.8"><psychological_feature wordnetid="100023100" confidence="0.8"><activity wordnetid="100407535" confidence="0.8"><subsidiary_company wordnetid="108003935" confidence="0.8"><institution wordnetid="108053576" confidence="0.8"><link ns0:type="simple" ns0:href="../501/18949501.xml">open directori project</link></institution></subsidiary_company></activity></psychological_feature></act></property></undertaking></company></event></possession></work></entry></list></p></sec></bdy></system></article>