<article xmlns:ns0="http://www.w3.org/1999/xlink"><physical_entity confidence="0.8" wordnetid="100001930"><person confidence="0.8" wordnetid="100007846"><golfer confidence="0.8" wordnetid="110136959"><player confidence="0.8" wordnetid="110439851"><contestant confidence="0.8" wordnetid="109613191"><intellectual confidence="0.8" wordnetid="109621545"><alumnus confidence="0.8" wordnetid="109786338"><causal_agent confidence="0.8" wordnetid="100007347"><scholar confidence="0.8" wordnetid="110557854"><header><title>liz janangelo</title><id /><revision><id /><timestamp>tz</timestamp><contributor><username>crunch</username><id /></contributor></revision><categories><category>lpga tour golfer</category><category>birth</category><category>live peopl</category><category>american golfer</category><category>duke univers alumni</category><category>peopl connecticut</category></categories></header><bdy><table style="margin: 0.5em 0 1em 1em; background: #f9f9f9; border: 1px #aaaaaa solid; border-collapse: collapse; font-size: 85%; clear:right" width="290" align="right" cellpadding="1" border="1" cellspacing="1"><caption><b>liz janangelo</b></caption><row><header colspan="2" bgcolor="#4682B4"><b>person</b></header></row><row><col><b>birth</b></col><col>octob age<village wordnetid="108672738" confidence="0.9508927676800064"><link ns0:type="simple" ns0:href="../678/53678.xml">hartford connecticut</link></village><body wordnetid="107965085" confidence="0.8"><social_group wordnetid="107950920" confidence="0.8"><political_orientation wordnetid="106212839" confidence="0.8"><colony wordnetid="108374049" confidence="0.8"><state wordnetid="108168978" confidence="0.8"><political_unit wordnetid="108359949" confidence="0.8"><group wordnetid="100031264" confidence="0.8"><democracy wordnetid="106217103" confidence="0.8"><link ns0:type="simple" ns0:href="../750/3434750.xml" /></democracy></group></political_unit></state></colony></political_orientation></social_group></body></col></row><row><col><b>height</b></col><col><link ns0:type="simple" ns0:href="../482/202482.xml">ft</link><link ns0:type="simple" ns0:href="../775/14775.xml" /><link ns0:type="simple" ns0:href="../947/18947.xml" /></col></row><row><col><b>nation</b></col><col><image width="22x20px" src="Flag_of_the_United_States.svg"><caption>border</caption></image><body wordnetid="107965085" confidence="0.8"><social_group wordnetid="107950920" confidence="0.8"><political_orientation wordnetid="106212839" confidence="0.8"><colony wordnetid="108374049" confidence="0.8"><state wordnetid="108168978" confidence="0.8"><political_unit wordnetid="108359949" confidence="0.8"><group wordnetid="100031264" confidence="0.8"><democracy wordnetid="106217103" confidence="0.8"><link ns0:type="simple" ns0:href="../750/3434750.xml">unit</link></democracy></group></political_unit></state></colony></political_orientation></social_group></body></col></row><row><col><b>resid</b></col><col><village wordnetid="108672738" confidence="0.9508927676800064"><link ns0:type="simple" ns0:href="../934/256934.xml">west hartford connecticut</link></village><body wordnetid="107965085" confidence="0.8"><social_group wordnetid="107950920" confidence="0.8"><political_orientation wordnetid="106212839" confidence="0.8"><colony wordnetid="108374049" confidence="0.8"><state wordnetid="108168978" confidence="0.8"><political_unit wordnetid="108359949" confidence="0.8"><group wordnetid="100031264" confidence="0.8"><democracy wordnetid="106217103" confidence="0.8"><link ns0:type="simple" ns0:href="../750/3434750.xml" /></democracy></group></political_unit></state></colony></political_orientation></social_group></body></col></row><row><col><b>colleg</b></col><col><university wordnetid="108286163" confidence="0.9508927676800064"><link ns0:type="simple" ns0:href="../273/53273.xml">duke univers</link></university></col></row><row><header colspan="2" bgcolor="E2725B">career</header></row><row><col><b>turn pro</b></col><col /></row><row><col><b>current tour</b></col><col><link ns0:type="simple" ns0:href="../345/173345.xml">lpga tour</link>join</col></row><row><col><b>profession win</b></col><col>futur tour</col></row></table><b>liz janangelo</b>born<b>elizabeth janangelo</b><link ns0:type="simple" ns0:href="../530/22530.xml">octob</link><link ns0:type="simple" ns0:href="../755/34755.xml" /><link ns0:type="simple" ns0:href="../890/2569890.xml">profession golfer</link>current play<link ns0:type="simple" ns0:href="../345/173345.xml">lpga tour</link><sec><st>earli life amateur career</st><p>born rais<village wordnetid="108672738" confidence="0.9508927676800064"><link ns0:type="simple" ns0:href="../934/256934.xml">west hartford connecticut</link></village>janangelo began play golf age<ref ns0:type="simple" ns0:href="#xpointer(//reflist/entry[@id=%221%22])" />age won connecticut women amateur golf championship youngest champion histori<ref ns0:type="simple" ns0:href="#xpointer(//reflist/entry[@id=%221%22])" />win championship time</p><p>junior golfer janangelo won<association wordnetid="108049401" confidence="0.8"><link ns0:type="simple" ns0:href="../714/2402714.xml">american junior golf associ ajga</link></association>titl includ major titl enrol<university wordnetid="108286163" confidence="0.9508927676800064"><link ns0:type="simple" ns0:href="../273/53273.xml">duke univers</link></university>golf scholarship fall success name<conference wordnetid="108308497" confidence="0.9508927676800064"><link ns0:type="simple" ns0:href="../023/78023.xml">acc</link></conference>rooki year allacc freshman year sophomor year janangelo won tournament broke duke score averag record name ngca nation player year won golfstat cup name acc player year end colleg career career win second duke alltim win list</p><p>amateur janangelo qualifi play<link ns0:type="simple" ns0:href="../008/1456008.xml">women open</link>time sixteenyear finish high tie</p><p>liz janangelo golfer<facility wordnetid="103315023" confidence="0.9508927676800064"><link ns0:type="simple" ns0:href="../530/16187530.xml">wampanoag countri club</link></facility></p></sec><sec><st>notabl amateur win</st><p><list><entry level="1" type="bullet">connecticut women amateur golf championship</entry><entry level="1" type="bullet">connecticut women amateur golf championship</entry><entry level="1" type="bullet">connecticut women amateur golf championship</entry><entry level="1" type="bullet">connecticut women amateur golf championship</entry><entry level="1" type="bullet">connecticut women amateur golf championship</entry><entry level="1" type="bullet">win member duke univers golf team</entry></list></p></sec><sec><st>profession career</st><p>graduat duke janangelo elig play futur tour base high rank<link>golfweek</link>collegi rank play event remaind season make cut fall attend<association wordnetid="108049401" confidence="0.8"><event wordnetid="100029378" confidence="0.8"><change wordnetid="100191142" confidence="0.8"><action wordnetid="100037396" confidence="0.8"><journey wordnetid="100306426" confidence="0.8"><travel wordnetid="100295701" confidence="0.8"><tour wordnetid="100310666" confidence="0.8"><motion wordnetid="100279835" confidence="0.8"><act wordnetid="100030358" confidence="0.8"><psychological_feature wordnetid="100023100" confidence="0.8"><link ns0:type="simple" ns0:href="../345/173345.xml">lpga</link></psychological_feature></act></motion></tour></travel></journey></action></change></event></association>qualifi school fail qualifi return futur tour won tournament second event futur tour season<diversion wordnetid="100426928" confidence="0.8"><event wordnetid="100029378" confidence="0.8"><sport wordnetid="100523513" confidence="0.8"><act wordnetid="100030358" confidence="0.8"><psychological_feature wordnetid="100023100" confidence="0.8"><activity wordnetid="100407535" confidence="0.8"><link ns0:type="simple" ns0:href="../614/9977614.xml">greater tampa duram futur classic</link></activity></psychological_feature></act></sport></event></diversion></p><p>janangelo earn finish sixth futur tour money list spot automat qualifi fulli exempt statu<link ns0:type="simple" ns0:href="../345/173345.xml">lpga tour</link></p><p>decemb qualifi lgpa tour finish top player final lpga qualifi tournament</p></sec><sec><st>profession win</st><ss1><st>futur tour</st><p><list><entry level="1" type="bullet"><diversion wordnetid="100426928" confidence="0.8"><event wordnetid="100029378" confidence="0.8"><sport wordnetid="100523513" confidence="0.8"><act wordnetid="100030358" confidence="0.8"><psychological_feature wordnetid="100023100" confidence="0.8"><activity wordnetid="100407535" confidence="0.8"><link ns0:type="simple" ns0:href="../614/9977614.xml">greater tampa duram futur classic</link></activity></psychological_feature></act></sport></event></diversion><diversion wordnetid="100426928" confidence="0.8"><event wordnetid="100029378" confidence="0.8"><sport wordnetid="100523513" confidence="0.8"><act wordnetid="100030358" confidence="0.8"><psychological_feature wordnetid="100023100" confidence="0.8"><activity wordnetid="100407535" confidence="0.8"><link ns0:type="simple" ns0:href="../421/11283421.xml">mercedesbenz kansa citi championship</link></activity></psychological_feature></act></sport></event></diversion></entry></list></p></ss1></sec><sec><st>lpga major</st><p><table style="font-size: 95%; border: #aaa solid 1px; border-collapse: collapse;" cellpadding="3" border="1" cellspacing="0"><row bgcolor="#eeeeee"><header align="left">tournament</header><header /><header /><header /><header /><header /><header /><header /><header /><header /></row><row><col><tournament wordnetid="107464725" confidence="0.9508927676800064"><link ns0:type="simple" ns0:href="../628/1527628.xml">kraft nabisco championship</link></tournament></col><col align="center">dnp</col><col align="center">dnp</col><col align="center">dnp</col><col align="center">dnp</col><col align="center">dnp</col><col align="center">dnp</col><col align="center">dnp</col><col align="center">dnp</col><col align="center">dnp</col></row><row><col><tournament wordnetid="107464725" confidence="0.9508927676800064"><link ns0:type="simple" ns0:href="../059/229059.xml">lpga championship</link></tournament></col><col align="center">dnp</col><col align="center">dnp</col><col align="center">dnp</col><col align="center">dnp</col><col align="center">dnp</col><col align="center">dnp</col><col align="center">dnp</col><col align="center">dnp</col><col align="center">cut</col></row><row><col><link ns0:type="simple" ns0:href="../008/1456008.xml">women open</link></col><col align="center">cut</col><col align="center">dnp</col><col align="center">cut</col><col align="center" /><col align="center">dnp</col><col align="center">dnp</col><col align="center">cut</col><col align="center">dnp</col></row><row><col><tournament wordnetid="107464725" confidence="0.9508927676800064"><link ns0:type="simple" ns0:href="../559/1520559.xml">women british open</link></tournament></col><col align="center">dnp</col><col align="center">dnp</col><col align="center">dnp</col><col align="center">dnp</col><col align="center">dnp</col><col align="center">dnp</col><col align="center">dnp</col><col align="center">dnp</col></row></table></p><p>dnp play cut miss halfway cut wd withdrew tie green background win yellow background top finish</p></sec><sec><st>refer</st><p><reflist><entry id="1">berlet bruce<weblink ns0:type="simple" ns0:href="http://www.ctgolfer.com/news/library/1997/news0907.html">elizabeth janangelo matur well year</weblink>ct golfer onlin retriev<link /></entry></reflist></p></sec><sec><st>extern link</st><p><list><entry level="1" type="bullet"><weblink ns0:type="simple" ns0:href="http://lpga.com/player_results.aspx?id=13725">biographi lpga tour offici web site</weblink></entry><entry level="1" type="bullet"><weblink ns0:type="simple" ns0:href="http://www.duramedfuturestour.com/PlayerBios/JanangeloLiz.html">biographi futur tour offici web site</weblink></entry><entry level="1" type="bullet"><weblink ns0:type="simple" ns0:href="http://www.goduke.com/ViewArticle.dbml?SPSID=22564 SPID=1838 DB_OEM_ID=4200 ATCLID=153296 Q_SEASON=2005">biographi duke univers golf team web site</weblink></entry></list></p></sec></bdy></scholar></causal_agent></alumnus></intellectual></contestant></player></golfer></person></physical_entity></article>