<article xmlns:ns0="http://www.w3.org/1999/xlink"><computer confidence="0.8" wordnetid="103082979"><artifact confidence="0.8" wordnetid="100021939"><instrumentality confidence="0.8" wordnetid="103575240"><device confidence="0.8" wordnetid="103183080"><machine confidence="0.8" wordnetid="103699975"><digital_computer confidence="0.8" wordnetid="103196324"><workstation confidence="0.8" wordnetid="104603399"><header><title>perq</title><id /><revision><id /><timestamp>tz</timestamp><contributor><username>ghettoblast</username><id /></contributor></revision><categories><category>person comput</category><category>intern comput limit</category><category>comput workstat</category></categories></header><bdy>perq refer three river perq influenti<link ns0:type="simple" ns0:href="../457/7878457.xml">comput</link><link ns0:type="simple" ns0:href="../181/68181.xml">workstat</link>releas<link ns0:type="simple" ns0:href="../754/34754.xml" />workstat conceiv<university wordnetid="108286163" confidence="0.9508927676800064"><link ns0:type="simple" ns0:href="../093/48093.xml">carnegi mellon univers</link></university>employe form startup<company wordnetid="108058098" confidence="0.9508927676800064"><link ns0:type="simple" ns0:href="../652/12414652.xml">three river comput corpor</link></company>rcc<link ns0:type="simple" ns0:href="../654/34654.xml" />founder brian rosen work<link ns0:type="simple" ns0:href="../154/34154.xml">xerox parc</link>dolphin workstat system direct descend origin workstat<computer wordnetid="103082979" confidence="0.8"><artifact wordnetid="100021939" confidence="0.8"><instrumentality wordnetid="103575240" confidence="0.8"><device wordnetid="103183080" confidence="0.8"><machine wordnetid="103699975" confidence="0.8"><digital_computer wordnetid="103196324" confidence="0.8"><workstation wordnetid="104603399" confidence="0.8"><link ns0:type="simple" ns0:href="../252/77252.xml">xerox alto</link></workstation></digital_computer></machine></device></instrumentality></artifact></computer>commerci person workstat launch<social_group wordnetid="107950920" confidence="0.8"><meeting wordnetid="108307589" confidence="0.8"><gathering wordnetid="107975026" confidence="0.8"><group wordnetid="100031264" confidence="0.8"><conference wordnetid="108308497" confidence="0.8"><link ns0:type="simple" ns0:href="../279/29279.xml">siggraph</link></conference></group></gathering></meeting></social_group>confer<p>result interest<autocracy wordnetid="108361001" confidence="0.8"><system wordnetid="108435388" confidence="0.8"><social_group wordnetid="107950920" confidence="0.8"><political_orientation wordnetid="106212839" confidence="0.8"><monarchy wordnetid="108363812" confidence="0.8"><state wordnetid="108168978" confidence="0.8"><political_unit wordnetid="108359949" confidence="0.8"><political_system wordnetid="108367880" confidence="0.8"><economy wordnetid="108366753" confidence="0.8"><group wordnetid="100031264" confidence="0.8"><democracy wordnetid="106217103" confidence="0.8"><link ns0:type="simple" ns0:href="../717/31717.xml">uk</link></democracy></group></economy></political_system></political_unit></state></monarchy></political_orientation></social_group></system></autocracy><link ns0:type="simple" ns0:href="../243/623243.xml">scienc engin council</link>rcc enter deal british comput compani<company wordnetid="108058098" confidence="0.8"><institution wordnetid="108053576" confidence="0.8"><link ns0:type="simple" ns0:href="../789/515789.xml">icl</link></institution></company>european distribut codevelop manufactur perq number academ project uk</p><p>origin perq word<link ns0:type="simple" ns0:href="../074/1633074.xml">perquisit</link>rcc renam perq system corpor busi<link ns0:type="simple" ns0:href="../761/34761.xml" />competit upstart workstat manufactur<company wordnetid="108058098" confidence="0.8"><institution wordnetid="108053576" confidence="0.8"><link ns0:type="simple" ns0:href="../980/26980.xml">sun microsystem</link></institution></company><company wordnetid="108058098" confidence="0.8"><institution wordnetid="108053576" confidence="0.8"><link ns0:type="simple" ns0:href="../443/181443.xml">apollo comput</link></institution></company><link ns0:type="simple" ns0:href="../013/28013.xml">silicon graphic</link></p><sec><st>technic specif</st><p>three offici perq model releas origin perq perq<weblink ns0:type="simple" ns0:href="http://www.chilton-computing.org.uk/acd/sus/perq_pr/p005.htm">brochur</weblink>perq<link ns0:type="simple" ns0:href="../776/34776.xml" />perq<link ns0:type="simple" ns0:href="../756/34756.xml" />perq workstat<link ns0:type="simple" ns0:href="../769/47769.xml">discret logic</link><link ns0:type="simple" ns0:href="../999/19999.xml">microcod</link><link ns0:type="simple" ns0:href="../218/5218.xml">cpu</link><link ns0:type="simple" ns0:href="../553/19553.xml">microprocessor</link>perq model look workstat<computer wordnetid="103082979" confidence="0.8"><artifact wordnetid="100021939" confidence="0.8"><instrumentality wordnetid="103575240" confidence="0.8"><device wordnetid="103183080" confidence="0.8"><machine wordnetid="103699975" confidence="0.8"><digital_computer wordnetid="103196324" confidence="0.8"><workstation wordnetid="104603399" confidence="0.8"><link ns0:type="simple" ns0:href="../738/82738.xml">xerox star</link></workstation></digital_computer></machine></device></instrumentality></artifact></computer>standard squareshap<link ns0:type="simple" ns0:href="../677/7677.xml">monitor</link>origin pageshap monitor height width perq configur bit<link ns0:type="simple" ns0:href="../847/25847.xml">memori</link>mb<link ns0:type="simple" ns0:href="../777/13777.xml">hard disk</link>storag instruct speed<link>mip</link>origin perq expans slot commun port<standard wordnetid="107260623" confidence="0.8"><system_of_measurement wordnetid="113577171" confidence="0.8"><link ns0:type="simple" ns0:href="../183/162183.xml">ieee</link></system_of_measurement></standard>connect rs<link ns0:type="simple" ns0:href="../359/77359.xml">serial port</link>perq abil<link ns0:type="simple" ns0:href="../499/9499.xml">ethernet</link>special expans card oio slot perq builtin ethernet port perq workstat option<link ns0:type="simple" ns0:href="../677/50677.xml">laser printer</link><link ns0:type="simple" ns0:href="../679/50679.xml">dotmatrix printer</link>interfac dec<link ns0:type="simple" ns0:href="../399/24399.xml">pdp</link>perq special bit perqlink interfac</p></sec><sec><st>oper system</st><p>initi<link ns0:type="simple" ns0:href="../194/22194.xml">oper system</link>perq workstat po<link>perq oper system</link>oper system perq includ mpo po<link ns0:type="simple" ns0:href="../857/6857.xml">multitask</link><plant_part wordnetid="113086908" confidence="0.8"><natural_object wordnetid="100019128" confidence="0.8"><kernel wordnetid="113137010" confidence="0.8"><link ns0:type="simple" ns0:href="../415/1531415.xml">accent</link></kernel></natural_object></plant_part>qnix<family wordnetid="108078020" confidence="0.8"><link ns0:type="simple" ns0:href="../642/31642.xml">unix</link></family>addon pnx<family wordnetid="108078020" confidence="0.8"><link ns0:type="simple" ns0:href="../642/31642.xml">unix</link></family>port develop icl<link ns0:type="simple" ns0:href="../222/1504222.xml">dalkeith palac</link><country wordnetid="108544813" confidence="0.9508927676800064"><link ns0:type="simple" ns0:href="../994/26994.xml">scotland</link></country><link ns0:type="simple" ns0:href="../748/376748.xml">flex</link>accent multitask oper system develop carnegi mellon univers predat<link ns0:type="simple" ns0:href="../028/21028.xml">mach kernel</link>oper system flex workstat system<computer wordnetid="103082979" confidence="0.8"><artifact wordnetid="100021939" confidence="0.8"><instrumentality wordnetid="103575240" confidence="0.8"><device wordnetid="103183080" confidence="0.8"><machine wordnetid="103699975" confidence="0.8"><digital_computer wordnetid="103196324" confidence="0.8"><workstation wordnetid="104603399" confidence="0.8"><link ns0:type="simple" ns0:href="../123/18123.xml">lisp machin</link></workstation></digital_computer></machine></device></instrumentality></artifact></computer>workstat run microcod ucsd<programming_language wordnetid="106898352" confidence="0.9508927676800064"><link ns0:type="simple" ns0:href="../773/23773.xml">pascal</link></programming_language><programming_language wordnetid="106898352" confidence="0.9508927676800064"><link ns0:type="simple" ns0:href="../259/81259.xml">modula</link></programming_language>languag choic<programming_language wordnetid="106898352" confidence="0.9508927676800064"><link ns0:type="simple" ns0:href="../880/692880.xml">algol</link></programming_language></p></sec><sec><st>miscellan perq softwar</st><p>perq microcod machin default instruct set variant<link ns0:type="simple" ns0:href="../316/347316.xml">pcode</link>optim pascal oper system util written<programming_language wordnetid="106898352" confidence="0.9508927676800064"><link ns0:type="simple" ns0:href="../773/23773.xml">pascal</link></programming_language>fact gener effici pascal attempt creat assembl program directli pcode</p><p>perq popular earli graphic workstat help spawn earli thirdparti applic advantag<link ns0:type="simple" ns0:href="../293/12293.xml">graphic user interfac</link><link ns0:type="simple" ns0:href="../742/25742.xml">bitmap graphic</link>intran<link ns0:type="simple" ns0:href="../756/34756.xml" />produc pioneer graphic program suit call metaform consist separ graphic builder font builder form builder file manag program perq serv dedic platform pioneer<link ns0:type="simple" ns0:href="../460/13460.xml">hypertext</link>program<link ns0:type="simple" ns0:href="../275/286275.xml">zog</link><link ns0:type="simple" ns0:href="../351/286351.xml">guid</link></p><p>perq schemat drawn dp draw packag<link ns0:type="simple" ns0:href="../315/37315.xml">cad</link>system written<link>dario gius</link>perq</p></sec><sec><st>perq</st><p>perq workstat develop jointli icl rcc replac perq perq allnew hardwar architectur base mhz<company wordnetid="108058098" confidence="0.9508927676800064"><link ns0:type="simple" ns0:href="../319/20319.xml">motorola</link></company>mc<link ns0:type="simple" ns0:href="../302/20302.xml" />processor mc<link ns0:type="simple" ns0:href="../803/1830803.xml" /><link ns0:type="simple" ns0:href="../see/Linden=2C_T$ennessee.xml">floatingpoint unit</link>hous desktop minitowerstyl enclosur prototyp unit produc project cancel full product commenc collaps rcc</p></sec><sec><st>extern link</st><p><list><entry level="1" type="bullet"><weblink ns0:type="simple" ns0:href="http://vonhagen.org/perq-gen-faq.html">perq faq rev davi</weblink></entry><entry level="1" type="bullet"><weblink ns0:type="simple" ns0:href="http://bitsavers.org/pdf/perq">perq document</weblink></entry><entry level="1" type="bullet"><weblink ns0:type="simple" ns0:href="http://www.digibarn.com/collections/systems/perqt2/">digibarn perq</weblink></entry><entry level="1" type="bullet"><weblink ns0:type="simple" ns0:href="http://246.dk/perq.html">perq bitmap imag</weblink></entry><entry level="1" type="bullet"><weblink ns0:type="simple" ns0:href="http://www.chiark.greenend.org.uk/~pmaydell/PERQ/">perq workstat</weblink></entry><entry level="1" type="bullet"><weblink ns0:type="simple" ns0:href="http://toastytech.com/guis/perq.html">graphic user interfac galleri perq</weblink></entry><entry level="1" type="bullet"><weblink ns0:type="simple" ns0:href="http://www.chilton-computing.org.uk/acd/sus/overview.htm">rutherford laboratori atla comput divis singl user system programm archiv</weblink></entry></list></p></sec></bdy></workstation></digital_computer></machine></device></instrumentality></artifact></computer></article>