<article xmlns:ns0="http://www.w3.org/1999/xlink"><header><title>distanc graph theori</title><id /><revision><id /><timestamp>tz</timestamp><contributor><username>eloz</username><id /></contributor></revision><categories><category>graph theori</category></categories></header><bdy><link ns0:type="simple" ns0:href="../831/18831.xml">mathemat</link>field<link ns0:type="simple" ns0:href="../401/12401.xml">graph theori</link><b>distanc</b><link ns0:type="simple" ns0:href="../899/638899.xml">vertic</link><link ns0:type="simple" ns0:href="../806/325806.xml">graph</link>number edg<link ns0:type="simple" ns0:href="../985/41985.xml">shortest path</link>connect<b>geodes distanc</b><ref ns0:type="simple" ns0:href="#xpointer(//reflist/entry[@id=%221%22])" />length graph geodes vertic<ref ns0:type="simple" ns0:href="#xpointer(//reflist/entry[@id=%222%22])" />path connect vertic belong<link ns0:type="simple" ns0:href="../223/246223.xml">connect compon</link>convent distanc defin infinit<p>vertex set distanc function form<link ns0:type="simple" ns0:href="../018/20018.xml">metric space</link>graph<link ns0:type="simple" ns0:href="../492/1614492.xml">connect</link></p><p><link>metric</link>defin set point term distanc graph defin set call<b>graph metric</b></p><p>number measur defin term distanc</p><p><b>eccentr</b><math>epsilon</math>vertex<math />greatest distanc<math />vertex</p><p><b>radiu</b>graph minimum eccentr vertex</p><p><b>diamet</b>graph maximum eccentr vertex graph greatest distanc vertic<b>peripher vertex</b>graph diamet<math />distanc<math />vertex vertex achiev diamet</p><p><b>pseudoperipher vertex</b><math />properti vertex<math /><math /><math /><math /><math />formal distanc<math /><math />equal eccentr<math />equal eccentr<math /></p><sec><st>algorithm find pseudoperipher vertic</st><p>peripher<link ns0:type="simple" ns0:href="../015/341015.xml">spars matrix</link>algorithm start vertex high eccentr peripher vertex perfect hard calcul circumst pseudoperipher vertex pseudoperipher vertex easili algorithm</p><p><list><entry level="1" type="number">choos vertex<math /></entry><entry level="1" type="number">vertic<math /><math />minim degre</entry><entry level="1" type="number"><math>epsilonv gt epsilonu</math>set<it /><it />repeat step<it />pseudoperipher vertex</entry></list></p></sec><sec><st>note</st><p><reflist><entry id="1"><cite style="font-style:normal">bouttier jrmie di francescop guitter juli<weblink ns0:type="simple" ns0:href="http://www.sciencedirect.com/science?_ob=ArticleURL _udi=B6TVC-48KW72R-1 _user=3742306 _rdoc=1 _fmt= _orig=search _sort=d view=c _acct=C000061256 _version=1 _urlVersion=0 _userid=3742306 md5=86dd4de63373a7e72d23d16840947661">geodes distanc planar graph</weblink><it>nuclear physic</it><b /><document wordnetid="106470073" confidence="0.8"><written_communication wordnetid="106349220" confidence="0.8"><writing wordnetid="106362953" confidence="0.8"><link ns0:type="simple" ns0:href="../994/422994.xml">doi</link></writing></written_communication></document><weblink ns0:type="simple" ns0:href="http://dx.doi.org/10.1016%2FS0550-3213%2803%2900355-9" />retriev<link />distanc geodes distanc graph length shortest path face</cite></entry><entry id="2"><physical_entity wordnetid="100001930" confidence="0.8"><communicator wordnetid="109610660" confidence="0.8"><person wordnetid="100007846" confidence="0.8"><intellectual wordnetid="109621545" confidence="0.8"><encyclopedist wordnetid="110055566" confidence="0.8"><compiler wordnetid="109946957" confidence="0.8"><alumnus wordnetid="109786338" confidence="0.8"><causal_agent wordnetid="100007347" confidence="0.8"><scientist wordnetid="110560637" confidence="0.8"><writer wordnetid="110794014" confidence="0.8"><mathematician wordnetid="110301261" confidence="0.8"><scholar wordnetid="110557854" confidence="0.8"><link ns0:type="simple" ns0:href="../189/836189.xml">weisstein eric</link></scholar></mathematician></writer></scientist></causal_agent></alumnus></compiler></encyclopedist></intellectual></person></communicator></physical_entity><weblink ns0:type="simple" ns0:href="http://mathworld.wolfram.com/GraphGeodesic.html">graph geodes</weblink>html<it>mathworlda wolfram web resourc</it>wolfram retriev<link />length graph geodes point duv call graph distanc</entry></reflist></p></sec><sec><st /><p><list><entry level="1" type="bullet"><link ns0:type="simple" ns0:href="../350/831350.xml">distanc matrix</link></entry><entry level="1" type="bullet"><link ns0:type="simple" ns0:href="../230/695230.xml">resist distanc</link></entry><entry level="1" type="bullet"><link>between</link></entry><entry level="1" type="bullet"><link ns0:type="simple" ns0:href="../712/1462712.xml">central</link></entry><entry level="1" type="bullet"><link>close</link></entry><entry level="1" type="bullet"><link ns0:type="simple" ns0:href="../161/19726161.xml">degre diamet problem</link><link ns0:type="simple" ns0:href="../806/325806.xml">graph</link><link ns0:type="simple" ns0:href="../986/19721986.xml">digraph</link></entry></list></p></sec></bdy></article>