<article xmlns:ns0="http://www.w3.org/1999/xlink"><partisan confidence="0.9511911446218017" wordnetid="110402086"><header><title>soviet partisan brigad</title><id /><revision><id /><timestamp>tz</timestamp><contributor><username>koavf</username><id /></contributor></revision><categories><category>soviet partisan</category></categories></header><bdy><b>soviet partisan brigad</b><language wordnetid="106282651" confidence="0.8"><link ns0:type="simple" ns0:href="../213/45213.xml">belarusian</link></language>organis form<link ns0:type="simple" ns0:href="../430/1994430.xml">soviet partisan</link>unit princip organis form unit oper territori<link ns0:type="simple" ns0:href="../937/194937.xml">bssr</link><ref ns0:type="simple" ns0:href="#xpointer(//reflist/entry[@id=%221%22])" /><p>bssr territori brigadelik unit pavlovskiy harrison creat januari aktsyabrski dist palesy provinc</p><p>brigad compris fight person<physical_entity wordnetid="100001930" confidence="0.8"><person wordnetid="100007846" confidence="0.8"><partisan wordnetid="110402086" confidence="0.8"><causal_agent wordnetid="100007347" confidence="0.8"><advocate wordnetid="109774783" confidence="0.8"><link ns0:type="simple" ns0:href="../253/10226253.xml">detach</link></advocate></causal_agent></partisan></person></physical_entity>rare call battalion</p><p>emphasi brigad order enhanc offens capabilitui partisan unit facilit cooper mutual coordin activ effect radio commun logist support</p><p><reflist><entry id="1">border</entry></reflist></p><sec><st>sourc</st><p><list><entry level="1" type="bullet">isbn sourc refer</entry></list></p></sec></bdy></partisan></article>