<article xmlns:ns0="http://www.w3.org/1999/xlink"><header><title>london water suppli infrastructur</title><id /><revision><id /><timestamp>tz</timestamp><contributor><username>motmit</username><id /></contributor></revision><categories><category>london water infrastructur</category><category>drink water</category></categories></header><bdy><b>london water suppli infrastructur</b>develop centuri expans<village wordnetid="108672738" confidence="0.9508927676800064"><link ns0:type="simple" ns0:href="../867/17867.xml">london</link></village>repres sizeabl infrastructur invest london histori privat compani suppli fresh water part london<stream wordnetid="109448361" confidence="0.8"><body_of_water wordnetid="109225146" confidence="0.8"><river wordnetid="109411430" confidence="0.8"><link ns0:type="simple" ns0:href="../031/49031.xml">river thame</link></river></body_of_water></stream><link ns0:type="simple" ns0:href="../258/361258.xml">river lea</link>crisi point reach mid centuri outbreak cholera gener problem aris extract water pollut<link ns0:type="simple" ns0:href="../504/3944504.xml">tideway</link>major facil built river hampton molesey merger nation<control wordnetid="105196375" confidence="0.8"><body wordnetid="107965085" confidence="0.8"><authority wordnetid="105196582" confidence="0.8"><social_group wordnetid="107950920" confidence="0.8"><commercial_enterprise wordnetid="108065093" confidence="0.8"><power wordnetid="105190804" confidence="0.8"><enterprise wordnetid="108056231" confidence="0.8"><industry wordnetid="108065234" confidence="0.8"><group wordnetid="100031264" confidence="0.8"><administration wordnetid="108164585" confidence="0.8"><link ns0:type="simple" ns0:href="../241/3010241.xml">metropolitan water board</link></administration></group></industry></enterprise></power></commercial_enterprise></social_group></authority></body></control>reprivat modern descend<company wordnetid="108058098" confidence="0.9508927676800064"><link ns0:type="simple" ns0:href="../273/3010273.xml">thame water</link></company>run london water suppli infrastructur<sec><st>earli london water suppli</st><p>late centuri london citizen reliant water suppli water river thame tributari dozen natur spring includ spring<link ns0:type="simple" ns0:href="../624/2166624.xml">tyburn</link>connect<link ns0:type="simple" ns0:href="../747/17747.xml">lead</link>pipe larg cistern tank conduit<link ns0:type="simple" ns0:href="../260/7874260.xml">great conduit</link><artifact wordnetid="100021939" confidence="0.8"><street wordnetid="104334599" confidence="0.8"><way wordnetid="104564698" confidence="0.8"><thoroughfare wordnetid="104426618" confidence="0.8"><road wordnetid="104096066" confidence="0.8"><link ns0:type="simple" ns0:href="../722/383722.xml">cheapsid</link></road></thoroughfare></way></street></artifact><ref ns0:type="simple" ns0:href="#xpointer(//reflist/entry[@id=%221%22])" /><ref ns0:type="simple" ns0:href="#xpointer(//reflist/entry[@id=%222%22])" />water abstract unauthoris commerci industri purpos citi author appoint keeper conduit ensur user<link ns0:type="simple" ns0:href="../410/4410.xml">brewer</link>cook<link ns0:type="simple" ns0:href="../043/2543043.xml">fishmong</link>pay water wealthi london live conduit pipe permiss connect home prevent unauthoris tap conduit household gravityfe water conduit provid individu household water carrier cob<ref ns0:type="simple" ns0:href="#xpointer(//reflist/entry[@id=%222%22])" />abstract thame nearbi stream run thame</p></sec><sec><st>sixteenth centuri</st><p>dutchman<link ns0:type="simple" ns0:href="../699/14994699.xml">peter moric</link>die develop pump water suppli system<village wordnetid="108672738" confidence="0.9508927676800064"><link ns0:type="simple" ns0:href="../883/6883.xml">citi london</link></village>power undershot<link ns0:type="simple" ns0:href="../248/150248.xml">waterwheel</link>hous northernmost arch<bridge wordnetid="102898711" confidence="0.9508927676800064"><link ns0:type="simple" ns0:href="../370/98370.xml">london bridg</link></bridge>span<stream wordnetid="109448361" confidence="0.8"><body_of_water wordnetid="109225146" confidence="0.8"><river wordnetid="109411430" confidence="0.8"><link ns0:type="simple" ns0:href="../031/49031.xml">river thame</link></river></body_of_water></stream>machineri destroy<misfortune wordnetid="114475405" confidence="0.8"><condition wordnetid="113920429" confidence="0.8"><happening wordnetid="107283608" confidence="0.8"><event wordnetid="100029378" confidence="0.8"><state wordnetid="100024720" confidence="0.8"><catastrophe wordnetid="114476290" confidence="0.8"><adversity wordnetid="114475661" confidence="0.8"><fortune wordnetid="114473222" confidence="0.8"><psychological_feature wordnetid="100023100" confidence="0.8"><fire wordnetid="107302836" confidence="0.8"><link ns0:type="simple" ns0:href="../549/7669549.xml">great fire london</link></fire></psychological_feature></fortune></adversity></catastrophe></state></event></happening></condition></misfortune>replac engin grandson remain bridg earli centuri</p></sec><sec><st>seventeenth centuri</st><p><image width="150px" src="London_-_Richard_Blome's_map_of_1673.JPG" type="thumb"><caption>richard blome map london develop west begun acceler</caption></image><link ns0:type="simple" ns0:href="../136/3354136.xml">hugh myddleton</link>drive forc construct<region wordnetid="108630985" confidence="0.8"><park wordnetid="108615149" confidence="0.8"><location wordnetid="100027167" confidence="0.8"><tract wordnetid="108673395" confidence="0.8"><geographical_area wordnetid="108574314" confidence="0.8"><link ns0:type="simple" ns0:href="../471/372471.xml">river</link></geographical_area></tract></location></park></region>ambiti engin project fresh water<county wordnetid="108546183" confidence="0.9508927676800064"><link ns0:type="simple" ns0:href="../986/13986.xml">hertfordshir</link></county>centuri<village wordnetid="108672738" confidence="0.9508927676800064"><link ns0:type="simple" ns0:href="../867/17867.xml">london</link></village>initi project encount financi difficulti myddleton help fund project complet river construct offici open<link ns0:type="simple" ns0:href="../204/28204.xml">septemb</link>year origin mile long initi financi success cost myddleton substanti sum success secur monetari assist<sovereign wordnetid="110628644" confidence="0.9508927676800064"><person wordnetid="100007846" confidence="0.9508927676800064"><link ns0:type="simple" ns0:href="../055/269055.xml">king jame</link></person></sovereign><link ns0:type="simple" ns0:href="../471/372471.xml">river compani</link>largest privat water compani suppli<village wordnetid="108672738" confidence="0.9508927676800064"><link ns0:type="simple" ns0:href="../883/6883.xml">citi london</link></village>central area<ref ns0:type="simple" ns0:href="#xpointer(//reflist/entry[@id=%222%22])" /></p><p>construct london current water distribut infrastructur date<misfortune wordnetid="114475405" confidence="0.8"><condition wordnetid="113920429" confidence="0.8"><happening wordnetid="107283608" confidence="0.8"><event wordnetid="100029378" confidence="0.8"><state wordnetid="100024720" confidence="0.8"><catastrophe wordnetid="114476290" confidence="0.8"><adversity wordnetid="114475661" confidence="0.8"><fortune wordnetid="114473222" confidence="0.8"><psychological_feature wordnetid="100023100" confidence="0.8"><fire wordnetid="107302836" confidence="0.8"><link ns0:type="simple" ns0:href="../549/7669549.xml">great fire london</link></fire></psychological_feature></fortune></adversity></catastrophe></state></event></happening></condition></misfortune>destroy citi previou water infrastructur wood lead<ref ns0:type="simple" ns0:href="#xpointer(//reflist/entry[@id=%222%22])" />waterwork fire<site wordnetid="108651247" confidence="0.9508927676800064"><link ns0:type="simple" ns0:href="../694/390694.xml">shadwel</link></site>date citi water suppli distribut infrastructur continu updat upgrad</p></sec><sec><st>eighteenth centuri</st><p><company wordnetid="108058098" confidence="0.8"><institution wordnetid="108053576" confidence="0.8"><link ns0:type="simple" ns0:href="../102/11693102.xml">chelsea waterwork compani</link></institution></company>establish better suppli<region wordnetid="108630985" confidence="0.8"><administrative_district wordnetid="108491826" confidence="0.8"><location wordnetid="100027167" confidence="0.8"><municipality wordnetid="108626283" confidence="0.8"><geographical_area wordnetid="108574314" confidence="0.8"><district wordnetid="108552138" confidence="0.8"><urban_area wordnetid="108675967" confidence="0.8"><city wordnetid="108524735" confidence="0.8"><link ns0:type="simple" ns0:href="../060/54060.xml">citi</link></city></urban_area></district></geographical_area></municipality></location></administrative_district></region><subdivision wordnetid="108674251" confidence="0.9508927676800064"><link ns0:type="simple" ns0:href="../279/4165279.xml">liberti</link></subdivision><site wordnetid="108651247" confidence="0.9508927676800064"><link ns0:type="simple" ns0:href="../432/37432.xml">westminst</link></site>part adjac water<ref ns0:type="simple" ns0:href="#xpointer(//reflist/entry[@id=%223%22])" />compani receiv<link ns0:type="simple" ns0:href="../943/100943.xml">royal charter</link><link ns0:type="simple" ns0:href="../053/20053.xml">march</link><link ns0:type="simple" ns0:href="../808/35808.xml" /><ref ns0:type="simple" ns0:href="#xpointer(//reflist/entry[@id=%224%22])" /></p><p>waterwork establish east london<site wordnetid="108651247" confidence="0.9508927676800064"><link ns0:type="simple" ns0:href="../380/94380.xml">west ham</link></site><site wordnetid="108651247" confidence="0.9508927676800064"><link ns0:type="simple" ns0:href="../793/558793.xml">lea bridg</link></site></p><p>borough waterwork compani form origin suppli water breweri surround area span distanc<bridge wordnetid="102898711" confidence="0.9508927676800064"><link ns0:type="simple" ns0:href="../370/98370.xml">london</link></bridge><bridge wordnetid="102898711" confidence="0.9508927676800064"><link ns0:type="simple" ns0:href="../325/360325.xml">southwark bridg</link></bridge>adjac area suppli london bridg waterwork compani</p><p><link ns0:type="simple" ns0:href="../859/19426859.xml">lambeth waterwork compani</link>found suppli water south west london establish south bank<stream wordnetid="109448361" confidence="0.8"><body_of_water wordnetid="109225146" confidence="0.8"><river wordnetid="109411430" confidence="0.8"><link ns0:type="simple" ns0:href="../031/49031.xml">river thame</link></river></body_of_water></stream>close site<bridge wordnetid="102898711" confidence="0.9508927676800064"><link ns0:type="simple" ns0:href="../889/380889.xml">hungerford bridg</link></bridge><passageway wordnetid="103895585" confidence="0.8"><structure wordnetid="104341686" confidence="0.8"><building wordnetid="102913152" confidence="0.8"><artifact wordnetid="100021939" confidence="0.8"><hall wordnetid="103478907" confidence="0.8"><area wordnetid="102735688" confidence="0.8"><passage wordnetid="103895293" confidence="0.8"><corridor wordnetid="103112099" confidence="0.8"><way wordnetid="104564698" confidence="0.8"><concert_hall wordnetid="103086580" confidence="0.8"><hallway wordnetid="103479952" confidence="0.8"><room wordnetid="104105893" confidence="0.8"><link ns0:type="simple" ns0:href="../195/392195.xml">royal festiv hall</link></room></hallway></concert_hall></way></corridor></passage></area></hall></artifact></building></structure></passageway>stand water intak compani south side river suppli directli river complaint water foul intak move middl river<ref ns0:type="simple" ns0:href="#xpointer(//reflist/entry[@id=%225%22])" /></p></sec><sec><st>nineteenth centuri</st><ss1><st>compani</st><p><image width="150px" src="London_engraved_by_J._ _C._Walker_in_1845_from_a_map_by_R_Creighton.JPG" type="thumb"><caption>london engrav walker map creighton</caption></image>london spread centuri facil need servic increas popul newli develop area water suppli compani establish lead arrang privat water compani geograph<link ns0:type="simple" ns0:href="../878/18878.xml">monopoli</link></p><p>lambeth waterwork compani expand suppli<site wordnetid="108651247" confidence="0.9508927676800064"><link ns0:type="simple" ns0:href="../128/94128.xml">kennington</link></site>time replac wooden pipe iron<ref ns0:type="simple" ns0:href="#xpointer(//reflist/entry[@id=%226%22])" /></p><p>south london waterwork compani establish privat<link ns0:type="simple" ns0:href="../166/145166.xml">parliament</link>compani extract water thame<bridge wordnetid="102898711" confidence="0.9508927676800064"><link ns0:type="simple" ns0:href="../496/341496.xml">vauxhal bridg</link></bridge></p><p><link ns0:type="simple" ns0:href="../360/19427360.xml">west middlesex waterwork compani</link>found suppli water<site wordnetid="108651247" confidence="0.9508927676800064"><link ns0:type="simple" ns0:href="../165/94165.xml">marylebon</link></site><site wordnetid="108651247" confidence="0.9508927676800064"><link ns0:type="simple" ns0:href="../211/94211.xml">paddington</link></site>area london compani instal cast iron pipe suppli water intak hammersmith<ref ns0:type="simple" ns0:href="#xpointer(//reflist/entry[@id=%227%22])" /></p><p><structure wordnetid="104341686" confidence="0.8"><building wordnetid="102913152" confidence="0.8"><artifact wordnetid="100021939" confidence="0.8"><link ns0:type="simple" ns0:href="../540/13525540.xml">east london waterwork compani</link></artifact></building></structure>found<link ns0:type="simple" ns0:href="../166/145166.xml">parliament</link>acquir exist waterwork shadwel lea bridg west ham</p><p><link ns0:type="simple" ns0:href="../233/19423233.xml">grand junction waterwork compani</link>creat advantag claus<body_of_water wordnetid="109225146" confidence="0.8"><channel wordnetid="109241247" confidence="0.8"><canal wordnetid="109232317" confidence="0.8"><link ns0:type="simple" ns0:href="../171/968171.xml">grand junction canal</link></canal></channel></body_of_water>compani allow suppli water brought canal<stream wordnetid="109448361" confidence="0.8"><body_of_water wordnetid="109225146" confidence="0.8"><branch wordnetid="109228324" confidence="0.8"><river wordnetid="109411430" confidence="0.8"><feeder wordnetid="109278997" confidence="0.8"><link ns0:type="simple" ns0:href="../510/939510.xml">river coln</link></feeder></river></branch></body_of_water></stream><stream wordnetid="109448361" confidence="0.8"><body_of_water wordnetid="109225146" confidence="0.8"><branch wordnetid="109228324" confidence="0.8"><river wordnetid="109411430" confidence="0.8"><feeder wordnetid="109278997" confidence="0.8"><link ns0:type="simple" ns0:href="../793/922793.xml">river brent</link></feeder></river></branch></body_of_water></stream>reservoir northwest middlesex suppli land drainag thought water better thame fact poor qualiti insuffici meet demand resolv problem compani resort suppli<stream wordnetid="109448361" confidence="0.8"><body_of_water wordnetid="109225146" confidence="0.8"><river wordnetid="109411430" confidence="0.8"><link ns0:type="simple" ns0:href="../031/49031.xml">river thame</link></river></body_of_water></stream>point<link ns0:type="simple" ns0:href="../658/715658.xml">chelsea hospit</link><ref ns0:type="simple" ns0:href="#xpointer(//reflist/entry[@id=%228%22])" /></p></ss1><ss1><st>expans</st><p><image upright="upright" location="right" width="150px" src="Standpipe_Tower,_Kew_Waterworks.jpg" type="thumb"><caption>standpip tower brentford</caption></image>legisl establish london water compani intend compet custom east london compani drew legal agreement<region wordnetid="108630985" confidence="0.8"><park wordnetid="108615149" confidence="0.8"><location wordnetid="100027167" confidence="0.8"><tract wordnetid="108673395" confidence="0.8"><geographical_area wordnetid="108574314" confidence="0.8"><link ns0:type="simple" ns0:href="../471/372471.xml">river compani</link></geographical_area></tract></location></park></region>defin boundari area suppli</p><p>london bridg waterwork compani dissolv water suppli licenc purchas<link ns0:type="simple" ns0:href="../471/372471.xml">river compani</link>year borough waterwork compani purchas london bridg licenc river compani renam southwark water compani compani extract water<stream wordnetid="109448361" confidence="0.8"><body_of_water wordnetid="109225146" confidence="0.8"><river wordnetid="109411430" confidence="0.8"><link ns0:type="simple" ns0:href="../031/49031.xml">river thame</link></river></body_of_water></stream>steam engin pump cistern top sixti foot high tower<ref ns0:type="simple" ns0:href="#xpointer(//reflist/entry[@id=%229%22])" /></p><p>west middlesex waterwork compani establish gallon reservoir<link ns0:type="simple" ns0:href="../792/19427792.xml">campden hill</link><site wordnetid="108651247" confidence="0.9508927676800064"><link ns0:type="simple" ns0:href="../200/94200.xml">not hill</link></site>compani built reservoir barrow hill<site wordnetid="108651247" confidence="0.9508927676800064"><link ns0:type="simple" ns0:href="../451/382451.xml">primros hill</link></site>north london</p><p>east london waterwork compani move sourc water river<site wordnetid="108651247" confidence="0.9508927676800064"><link ns0:type="simple" ns0:href="../793/558793.xml">lea bridg</link></site>result pollut caus popul growth clean water abstract natur channel bypass<structure wordnetid="104341686" confidence="0.8"><building wordnetid="102913152" confidence="0.8"><artifact wordnetid="100021939" confidence="0.8"><link ns0:type="simple" ns0:href="../884/18564884.xml">hackney cut</link></artifact></building></structure><link ns0:type="simple" ns0:href="../675/3292675.xml">reservoir</link>ford<ref ns0:type="simple" ns0:href="#xpointer(//reflist/entry[@id=%2210%22])" />compani gain leas exist reservoir<link ns0:type="simple" ns0:href="../485/2443485.xml">clapton</link></p><p>lambeth waterwork compani built reservoir streatham hill<link ns0:type="simple" ns0:href="../166/145166.xml">parliament</link>extend area suppli year compani purchas acr land<site wordnetid="108651247" confidence="0.9508927676800064"><link ns0:type="simple" ns0:href="../901/93901.xml">brixton</link></site>built reservoir work brixton hill adjac<link ns0:type="simple" ns0:href="../946/7975946.xml">brixton prison</link><ref ns0:type="simple" ns0:href="#xpointer(//reflist/entry[@id=%2211%22])" /></p><p>south london waterwork compani suppli hous gallon water<ref ns0:type="simple" ns0:href="#xpointer(//reflist/entry[@id=%2212%22])" />compani renam vauxhal water compani<ref ns0:type="simple" ns0:href="#xpointer(//reflist/entry[@id=%229%22])" /></p><p>grand junction waterwork compani built pump station<structure wordnetid="104341686" confidence="0.8"><artifact wordnetid="100021939" confidence="0.8"><bridge wordnetid="102898711" confidence="0.8"><link ns0:type="simple" ns0:href="../305/360305.xml">kew bridg</link></bridge></artifact></structure><site wordnetid="108651247" confidence="0.9508927676800064"><link ns0:type="simple" ns0:href="../899/93899.xml">brentford</link></site>hous steam pump pump purchas boulton watt compani water middl river pump filter reservoir ft high water tower provid graviti feed area mile main water reservoir<link ns0:type="simple" ns0:href="../792/19427792.xml">campden hill</link><site wordnetid="108651247" confidence="0.9508927676800064"><link ns0:type="simple" ns0:href="../200/94200.xml">not hill</link></site>capabl gallon</p><p>east london waterwork compani suppli hous<ref ns0:type="simple" ns0:href="#xpointer(//reflist/entry[@id=%2212%22])" /></p><p>januari southwark waterwork compani vauxhal waterwork compani submit memori<link>health town commission</link>propos<link ns0:type="simple" ns0:href="../938/360938.xml">amalgam</link>bill promot compani pass parliament<link ns0:type="simple" ns0:href="../360/16132360.xml">southwark vauxhal waterwork compani</link>form year<ref ns0:type="simple" ns0:href="#xpointer(//reflist/entry[@id=%229%22])" />area suppli svwc centr borough<site wordnetid="108651247" confidence="0.9508927676800064"><link ns0:type="simple" ns0:href="../062/54062.xml">southwark</link></site>reach east<site wordnetid="108651247" confidence="0.9508927676800064"><link ns0:type="simple" ns0:href="../266/94266.xml">rotherhith</link></site>south<site wordnetid="108651247" confidence="0.9508927676800064"><link ns0:type="simple" ns0:href="../907/93907.xml">camberwel</link></site>west includ<site wordnetid="108651247" confidence="0.9508927676800064"><link ns0:type="simple" ns0:href="../865/93865.xml">battersea</link></site>part<site wordnetid="108651247" confidence="0.9508927676800064"><link ns0:type="simple" ns0:href="../933/93933.xml">clapham</link></site><site wordnetid="108651247" confidence="0.9508927676800064"><link ns0:type="simple" ns0:href="../747/298747.xml">lambeth</link></site><ref ns0:type="simple" ns0:href="#xpointer(//reflist/entry[@id=%2213%22])" />amalgam compani establish waterwork battersea field deposit reservoir capac gallon filter reservoir hold gallon<ref ns0:type="simple" ns0:href="#xpointer(//reflist/entry[@id=%2213%22])" />compani water describ<link ns0:type="simple" ns0:href="../909/19909.xml">microbiologist</link>arthur hassal disgust examin<ref ns0:type="simple" ns0:href="#xpointer(//reflist/entry[@id=%229%22])" /></p><p>limit suppli east london waterwork compani describ<it>portion metropoli suburb lie east<village wordnetid="108672738" confidence="0.9508927676800064"><link ns0:type="simple" ns0:href="../883/6883.xml">citi</link></village><site wordnetid="108651247" confidence="0.9508927676800064"><link ns0:type="simple" ns0:href="../278/94278.xml">shoreditch</link></site>kingsland road<site wordnetid="108651247" confidence="0.9508927676800064"><link ns0:type="simple" ns0:href="../970/93970.xml">dalston</link></site>extend main<link ns0:type="simple" ns0:href="../258/361258.xml">river lea</link><county wordnetid="108546183" confidence="0.9508927676800064"><link ns0:type="simple" ns0:href="../568/9568.xml">essex</link></county><site wordnetid="108651247" confidence="0.9508927676800064"><link ns0:type="simple" ns0:href="../380/94380.xml">west ham</link></site></it><ref ns0:type="simple" ns0:href="#xpointer(//reflist/entry[@id=%2212%22])" />water suppli compani lea waterwork acr land<site wordnetid="108651247" confidence="0.9508927676800064"><link ns0:type="simple" ns0:href="../431/2982431.xml">ford</link></site></p></ss1><ss1><st>metropoli water</st><p><image location="right" width="150px" src="HWTW01.JPG" type="thumb"><caption>waterwork build hampton</caption></image>compani provid inadequ quantiti water contamin famous discov<link ns0:type="simple" ns0:href="../623/1160623.xml">john snow</link><link ns0:type="simple" ns0:href="../591/7591.xml">cholera</link>epidem popul growth london rapid doubl increas infrastructur invest<link>metropoli water</link>enact order provis secur suppli metropoli pure wholesom water unlaw water compani extract water domest<link ns0:type="simple" ns0:href="../504/3944504.xml">tidal reach thame</link>august decemb water requir effectu filter<ref ns0:type="simple" ns0:href="#xpointer(//reflist/entry[@id=%2214%22])" /><link ns0:type="simple" ns0:href="../689/1732689.xml">metropolitan commiss sewer</link>form water filtrat compulsori water intak<link ns0:type="simple" ns0:href="../031/49031.xml">thame</link>establish<obstruction wordnetid="103839993" confidence="0.8"><structure wordnetid="104341686" confidence="0.8"><barrier wordnetid="102796623" confidence="0.8"><artifact wordnetid="100021939" confidence="0.8"><instrumentality wordnetid="103575240" confidence="0.8"><dam wordnetid="103160309" confidence="0.8"><weir wordnetid="104571566" confidence="0.8"><restraint wordnetid="104081844" confidence="0.8"><lock wordnetid="103682487" confidence="0.8"><device wordnetid="103183080" confidence="0.8"><fastener wordnetid="103323703" confidence="0.8"><link ns0:type="simple" ns0:href="../445/1017445.xml">teddington lock</link></fastener></device></lock></restraint></weir></dam></instrumentality></artifact></barrier></structure></obstruction></p><p>chelsea waterwork compani lambeth waterwork compani share servic<engineer wordnetid="109615807" confidence="0.9508927676800064"><link ns0:type="simple" ns0:href="../147/13930147.xml">jame simpson</link></engineer>establish facil<link ns0:type="simple" ns0:href="../139/1785139.xml">seeth well</link><site wordnetid="108651247" confidence="0.9508927676800064"><link ns0:type="simple" ns0:href="../393/1183393.xml">thame ditton</link></site><site wordnetid="108651247" confidence="0.9508927676800064"><link ns0:type="simple" ns0:href="../309/94309.xml">surbiton</link></site>grand junction west middlesex southwark vauxhal waterwork compani set facil<artifact wordnetid="100021939" confidence="0.8"><instrumentality wordnetid="103575240" confidence="0.8"><restraint wordnetid="104081844" confidence="0.8"><lock wordnetid="103682487" confidence="0.8"><device wordnetid="103183080" confidence="0.8"><fastener wordnetid="103323703" confidence="0.8"><link ns0:type="simple" ns0:href="../981/7358981.xml">molesey lock</link></fastener></device></lock></restraint></instrumentality></artifact><site wordnetid="108651247" confidence="0.9508927676800064"><link ns0:type="simple" ns0:href="../036/94036.xml">hampton</link></site>design<physical_entity wordnetid="100001930" confidence="0.8"><person wordnetid="100007846" confidence="0.8"><engineer wordnetid="109615807" confidence="0.8"><causal_agent wordnetid="100007347" confidence="0.8"><link ns0:type="simple" ns0:href="../588/14765588.xml">joseph quick</link></causal_agent></engineer></person></physical_entity><reservoir wordnetid="113776854" confidence="0.8"><supply wordnetid="113777344" confidence="0.8"><indefinite_quantity wordnetid="113576355" confidence="0.8"><link ns0:type="simple" ns0:href="../900/10225900.xml">stain hill reservoir</link></indefinite_quantity></supply></reservoir><reservoir wordnetid="113776854" confidence="0.8"><supply wordnetid="113777344" confidence="0.8"><indefinite_quantity wordnetid="113576355" confidence="0.8"><link ns0:type="simple" ns0:href="../485/10226485.xml">sunnysid reservoir</link></indefinite_quantity></supply></reservoir>construct<site wordnetid="108651247" confidence="0.9508927676800064"><link ns0:type="simple" ns0:href="../036/94036.xml">hampton</link></site>svwc inch diamet main<site wordnetid="108651247" confidence="0.9508927676800064"><link ns0:type="simple" ns0:href="../865/93865.xml">battersea</link></site>third reservoir open year<site wordnetid="108651247" confidence="0.9508927676800064"><link ns0:type="simple" ns0:href="../057/749057.xml">nunhead</link></site>cemeteri<region wordnetid="108630985" confidence="0.8"><vicinity wordnetid="108641113" confidence="0.8"><area wordnetid="108497294" confidence="0.8"><park wordnetid="108615149" confidence="0.8"><location wordnetid="100027167" confidence="0.8"><tract wordnetid="108673395" confidence="0.8"><geographical_area wordnetid="108574314" confidence="0.8"><section wordnetid="108648322" confidence="0.8"><link ns0:type="simple" ns0:href="../167/6440167.xml">peckham rye</link></section></geographical_area></tract></location></park></area></vicinity></region><ref ns0:type="simple" ns0:href="#xpointer(//reflist/entry[@id=%229%22])" /><image location="right" width="250px" src="Coppermills,_Walthamstow.jpg" type="thumb"><caption>coppermil walthamstow</caption></image>mid centuri east london waterwork compani purchas<stream wordnetid="109448361" confidence="0.8"><body_of_water wordnetid="109225146" confidence="0.8"><river wordnetid="109411430" confidence="0.8"><link ns0:type="simple" ns0:href="../627/14703627.xml">coppermil</link></river></body_of_water></stream><site wordnetid="108651247" confidence="0.9508927676800064"><link ns0:type="simple" ns0:href="../358/94358.xml">walthamstow</link></site>modifi drive<link ns0:type="simple" ns0:href="../617/23617.xml">water pump</link>assist build<link ns0:type="simple" ns0:href="../675/3292675.xml">reservoir</link>nearbi<link ns0:type="simple" ns0:href="../208/169208.xml">marshland</link><link ns0:type="simple" ns0:href="../138/2558138.xml">lea valley</link><ref ns0:type="simple" ns0:href="#xpointer(//reflist/entry[@id=%2215%22])" />compani built seri reservoir<reservoir wordnetid="113776854" confidence="0.8"><supply wordnetid="113777344" confidence="0.8"><indefinite_quantity wordnetid="113576355" confidence="0.8"><link ns0:type="simple" ns0:href="../686/14378686.xml">high maynard reservoir</link></indefinite_quantity></supply></reservoir><reservoir wordnetid="113776854" confidence="0.8"><supply wordnetid="113777344" confidence="0.8"><indefinite_quantity wordnetid="113576355" confidence="0.8"><link ns0:type="simple" ns0:href="../296/14449296.xml">low maynard reservoir</link></indefinite_quantity></supply></reservoir>link number reservoir make<reservoir wordnetid="113776854" confidence="0.8"><supply wordnetid="113777344" confidence="0.8"><indefinite_quantity wordnetid="113576355" confidence="0.8"><link ns0:type="simple" ns0:href="../534/14642534.xml">walthamstow reservoir</link></indefinite_quantity></supply></reservoir><reservoir wordnetid="113776854" confidence="0.8"><supply wordnetid="113777344" confidence="0.8"><indefinite_quantity wordnetid="113576355" confidence="0.8"><link ns0:type="simple" ns0:href="../799/14584799.xml">east warwick reservoir</link></indefinite_quantity></supply></reservoir><reservoir wordnetid="113776854" confidence="0.8"><supply wordnetid="113777344" confidence="0.8"><indefinite_quantity wordnetid="113576355" confidence="0.8"><link ns0:type="simple" ns0:href="../005/14600005.xml">west warwick reservoir</link></indefinite_quantity></supply></reservoir></p><p>lambeth waterwork compani move upstream thame<site wordnetid="108651247" confidence="0.9508927676800064"><link ns0:type="simple" ns0:href="../370/2919370.xml">molesey</link></site>chelsea waterwork compani built<reservoir wordnetid="113776854" confidence="0.8"><supply wordnetid="113777344" confidence="0.8"><indefinite_quantity wordnetid="113576355" confidence="0.8"><link ns0:type="simple" ns0:href="../722/10225722.xml">molesey reservoir</link></indefinite_quantity></supply></reservoir></p><p>east london waterwork compani replac reservoir clapton reservoir<site wordnetid="108651247" confidence="0.9508927676800064"><link ns0:type="simple" ns0:href="../293/94293.xml">stamford hill</link></site><ref ns0:type="simple" ns0:href="#xpointer(//reflist/entry[@id=%2216%22])" /></p><p>river compani start develop treatment work<link ns0:type="simple" ns0:href="../958/12933958.xml">kempton park</link>suppli addit water facil cricklewood</p><p>svwc start work<reservoir wordnetid="113776854" confidence="0.8"><supply wordnetid="113777344" confidence="0.8"><indefinite_quantity wordnetid="113576355" confidence="0.8"><link ns0:type="simple" ns0:href="../015/10226015.xml">bessborough reservoir</link></indefinite_quantity></supply></reservoir><reservoir wordnetid="113776854" confidence="0.8"><supply wordnetid="113777344" confidence="0.8"><indefinite_quantity wordnetid="113576355" confidence="0.8"><link ns0:type="simple" ns0:href="../055/10226055.xml">knight reservoir</link></indefinite_quantity></supply></reservoir>river hampton molesey svwc suppli popul hous constant suppli<ref ns0:type="simple" ns0:href="#xpointer(//reflist/entry[@id=%2217%22])" />lambeth waterwork compani start work<lake wordnetid="109328904" confidence="0.9508927676800064"><link ns0:type="simple" ns0:href="../228/10226228.xml">island barn reservoir</link></lake>molesey</p></ss1></sec><sec><st>twentieth centuri</st><p>privat water compani nationalis centuri metropoli water edw creat<control wordnetid="105196375" confidence="0.8"><body wordnetid="107965085" confidence="0.8"><authority wordnetid="105196582" confidence="0.8"><social_group wordnetid="107950920" confidence="0.8"><commercial_enterprise wordnetid="108065093" confidence="0.8"><power wordnetid="105190804" confidence="0.8"><enterprise wordnetid="108056231" confidence="0.8"><industry wordnetid="108065234" confidence="0.8"><group wordnetid="100031264" confidence="0.8"><administration wordnetid="108164585" confidence="0.8"><link ns0:type="simple" ns0:href="../241/3010241.xml">metropolitan water board</link></administration></group></industry></enterprise></power></commercial_enterprise></social_group></authority></body></control>found origin constitut member nomin local author appoint paid chairman vicechairman board compulsorili acquir water compani<list><entry level="1" type="bullet"><region wordnetid="108630985" confidence="0.8"><park wordnetid="108615149" confidence="0.8"><location wordnetid="100027167" confidence="0.8"><tract wordnetid="108673395" confidence="0.8"><geographical_area wordnetid="108574314" confidence="0.8"><link ns0:type="simple" ns0:href="../471/372471.xml">river</link></geographical_area></tract></location></park></region>compani</entry><entry level="1" type="bullet"><structure wordnetid="104341686" confidence="0.8"><building wordnetid="102913152" confidence="0.8"><artifact wordnetid="100021939" confidence="0.8"><link ns0:type="simple" ns0:href="../540/13525540.xml">east london waterwork compani</link></artifact></building></structure></entry><entry level="1" type="bullet"><link ns0:type="simple" ns0:href="../360/16132360.xml">southwark vauxhal waterwork compani</link></entry><entry level="1" type="bullet"><link ns0:type="simple" ns0:href="../360/19427360.xml">west middlesex waterwork compani</link></entry><entry level="1" type="bullet"><link ns0:type="simple" ns0:href="../859/19426859.xml">lambeth waterwork compani</link></entry><entry level="1" type="bullet"><company wordnetid="108058098" confidence="0.8"><institution wordnetid="108053576" confidence="0.8"><link ns0:type="simple" ns0:href="../102/11693102.xml">chelsea waterwork compani</link></institution></company></entry><entry level="1" type="bullet"><link ns0:type="simple" ns0:href="../233/19423233.xml">grand junction waterwork compani</link></entry><entry level="1" type="bullet"><lake wordnetid="109328904" confidence="0.9508927676800064"><link ns0:type="simple" ns0:href="../216/10225216.xml">stain reservoir</link></lake>joint committe</entry></list>acquir cost water undertak<site wordnetid="108651247" confidence="0.9508927676800064"><link ns0:type="simple" ns0:href="../957/18253957.xml">tottenham</link></site><link ns0:type="simple" ns0:href="../255/97255.xml">enfield</link>urban district council<image location="right" width="150px" src="HytheEndWW01.JPG" type="thumb"><caption>water extract plant build hyth</caption></image>mwb open east london waterwork reservoir<lake wordnetid="109328904" confidence="0.9508927676800064"><link ns0:type="simple" ns0:href="../340/14208340.xml">banburi reservoir</link></lake><reservoir wordnetid="113776854" confidence="0.8"><supply wordnetid="113777344" confidence="0.8"><indefinite_quantity wordnetid="113576355" confidence="0.8"><link ns0:type="simple" ns0:href="../081/14272081.xml">lockwood reservoir</link></indefinite_quantity></supply></reservoir>bessborough reservoir knight reservoir island barn reservoir molesey open<site wordnetid="108651247" confidence="0.8"><region wordnetid="108630985" confidence="0.8"><reservoir wordnetid="113776854" confidence="0.8"><location wordnetid="100027167" confidence="0.8"><tract wordnetid="108673395" confidence="0.8"><supply wordnetid="113777344" confidence="0.8"><geographical_area wordnetid="108574314" confidence="0.8"><indefinite_quantity wordnetid="113576355" confidence="0.8"><link ns0:type="simple" ns0:href="../561/16598561.xml">kempton park reservoir</link></indefinite_quantity></geographical_area></supply></tract></location></reservoir></region></site></p><p>extract facil open<region wordnetid="108630985" confidence="0.8"><administrative_district wordnetid="108491826" confidence="0.8"><location wordnetid="100027167" confidence="0.8"><municipality wordnetid="108626283" confidence="0.8"><geographical_area wordnetid="108574314" confidence="0.8"><town wordnetid="108665504" confidence="0.8"><district wordnetid="108552138" confidence="0.8"><urban_area wordnetid="108675967" confidence="0.8"><link ns0:type="simple" ns0:href="../323/18287323.xml">hyth</link></urban_area></district></town></geographical_area></municipality></location></administrative_district></region>stain reservoir aqueduct built suppli water hampton<railway wordnetid="104048568" confidence="0.8"><enterprise wordnetid="108056231" confidence="0.8"><carrier wordnetid="108057633" confidence="0.8"><business wordnetid="108061042" confidence="0.8"><link ns0:type="simple" ns0:href="../976/6980976.xml">metropolitan water board railway</link></business></carrier></enterprise></railway>open carri coal river hampton kempton park engin hous power steam engin open kempton park<artifact wordnetid="100021939" confidence="0.8"><facility wordnetid="103315023" confidence="0.8"><depository wordnetid="103177349" confidence="0.8"><museum wordnetid="103800563" confidence="0.8"><link ns0:type="simple" ns0:href="../891/4654891.xml">kempton park steam engin</link></museum></depository></facility></artifact>museum</p><p>mwb open success reservoir<reservoir wordnetid="113776854" confidence="0.8"><supply wordnetid="113777344" confidence="0.8"><indefinite_quantity wordnetid="113576355" confidence="0.8"><link ns0:type="simple" ns0:href="../689/8281689.xml">king georg reservoir</link></indefinite_quantity></supply></reservoir>lea valley<lake wordnetid="109328904" confidence="0.9508927676800064"><link ns0:type="simple" ns0:href="../467/10225467.xml">queen mari reservoir</link></lake>ashford<lake wordnetid="109328904" confidence="0.9508927676800064"><link ns0:type="simple" ns0:href="../184/15604184.xml">king georg vi reservoir</link></lake>stanwellmoor<reservoir wordnetid="113776854" confidence="0.8"><supply wordnetid="113777344" confidence="0.8"><indefinite_quantity wordnetid="113576355" confidence="0.8"><link ns0:type="simple" ns0:href="../731/8066731.xml">william girl reservoir</link></indefinite_quantity></supply></reservoir>lea valley<lake wordnetid="109328904" confidence="0.9508927676800064"><link ns0:type="simple" ns0:href="../385/10226385.xml">queen elizabeth ii reservoir</link></lake>molesey<reservoir wordnetid="113776854" confidence="0.8"><supply wordnetid="113777344" confidence="0.8"><indefinite_quantity wordnetid="113576355" confidence="0.8"><link ns0:type="simple" ns0:href="../065/10225065.xml">wraysburi reservoir</link></indefinite_quantity></supply></reservoir><lake wordnetid="109328904" confidence="0.9508927676800064"><link ns0:type="simple" ns0:href="../610/10225610.xml">queen mother reservoir</link></lake>stain</p><p>metropolitan water board local water board combin<link ns0:type="simple" ns0:href="../273/3010273.xml">thame water author</link><link ns0:type="simple" ns0:href="../661/24661.xml">privat</link><company wordnetid="108058098" confidence="0.9508927676800064"><link ns0:type="simple" ns0:href="../273/3010273.xml">thame water</link></company>stateregul privat compani current london water suppli</p></sec><sec><st>day</st><p>london water<stream wordnetid="109448361" confidence="0.8"><body_of_water wordnetid="109225146" confidence="0.8"><river wordnetid="109411430" confidence="0.8"><link ns0:type="simple" ns0:href="../031/49031.xml">river thame</link></river></body_of_water></stream><link ns0:type="simple" ns0:href="../258/361258.xml">river lea</link>remaind abstract underground sourc<ref ns0:type="simple" ns0:href="#xpointer(//reflist/entry[@id=%2218%22])" /></p><p>water pipe london<link ns0:type="simple" ns0:href="../784/132784.xml">cast iron</link>pipe date nineteenth centuri slowli deterior led widespread critic thame water amount water lost leak distribut network<ref ns0:type="simple" ns0:href="#xpointer(//reflist/entry[@id=%2219%22])" />thame water process roll program upgrad water suppli network modern plastic pipe<ref ns0:type="simple" ns0:href="#xpointer(//reflist/entry[@id=%2220%22])" /></p><p>singl largest infrastructur project year creation<passageway wordnetid="103895585" confidence="0.8"><artifact wordnetid="100021939" confidence="0.8"><passage wordnetid="103895293" confidence="0.8"><way wordnetid="104564698" confidence="0.8"><tunnel wordnetid="104497962" confidence="0.8"><link ns0:type="simple" ns0:href="../023/3214023.xml">thame water ring main</link></tunnel></way></passage></artifact></passageway>backbon network london water suppli<ref ns0:type="simple" ns0:href="#xpointer(//reflist/entry[@id=%2221%22])" />connect waterwork pump station</p><ss1><st>water treatment work</st><p><link ns0:type="simple" ns0:href="../926/239926.xml">water treatment</link>work ring main<list><entry level="1" type="bullet"><site wordnetid="108651247" confidence="0.9508927676800064"><link ns0:type="simple" ns0:href="../086/12769086.xml">ashford common</link></site></entry><entry level="1" type="bullet"><link ns0:type="simple" ns0:href="../258/2255258.xml">kempton park</link></entry><entry level="1" type="bullet"><region wordnetid="108630985" confidence="0.8"><park wordnetid="108615149" confidence="0.8"><location wordnetid="100027167" confidence="0.8"><tract wordnetid="108673395" confidence="0.8"><land wordnetid="109334396" confidence="0.8"><geographical_area wordnetid="108574314" confidence="0.8"><island wordnetid="109316454" confidence="0.8"><link ns0:type="simple" ns0:href="../950/10206950.xml">walton</link></island></geographical_area></land></tract></location></park></region></entry><entry level="1" type="bullet"><site wordnetid="108651247" confidence="0.9508927676800064"><link ns0:type="simple" ns0:href="../036/94036.xml">hampton</link></site></entry><entry level="1" type="bullet"><stream wordnetid="109448361" confidence="0.8"><body_of_water wordnetid="109225146" confidence="0.8"><river wordnetid="109411430" confidence="0.8"><link ns0:type="simple" ns0:href="../627/14703627.xml">coppermil</link></river></body_of_water></stream></entry></list></p></ss1><ss1><st>pump station</st><p><link ns0:type="simple" ns0:href="../965/851965.xml">pump station</link>ring main</p><p><list><entry level="1" type="bullet"><site wordnetid="108651247" confidence="0.9508927676800064"><link ns0:type="simple" ns0:href="../309/94309.xml">surbiton</link></site>ps</entry><entry level="1" type="bullet"><link ns0:type="simple" ns0:href="../112/3545112.xml">merton</link>ps</entry><entry level="1" type="bullet"><site wordnetid="108651247" confidence="0.9508927676800064"><link ns0:type="simple" ns0:href="../307/94307.xml">streatham</link></site>ps</entry><entry level="1" type="bullet"><site wordnetid="108651247" confidence="0.9508927676800064"><link ns0:type="simple" ns0:href="../901/93901.xml">brixton</link></site>ps</entry><entry level="1" type="bullet"><site wordnetid="108651247" confidence="0.9508927676800064"><link ns0:type="simple" ns0:href="../865/93865.xml">battersea</link></site>ps</entry><entry level="1" type="bullet"><link>park lane</link>ps</entry><entry level="1" type="bullet"><site wordnetid="108651247" confidence="0.9508927676800064"><link ns0:type="simple" ns0:href="../142/94142.xml">kew</link></site>ps</entry><entry level="1" type="bullet"><site wordnetid="108651247" confidence="0.9508927676800064"><link ns0:type="simple" ns0:href="../779/593779.xml">holland park</link></site>avenu ps</entry><entry level="1" type="bullet"><link>barrow hill</link>ps</entry><entry level="1" type="bullet"><link ns0:type="simple" ns0:href="../071/512071.xml">river</link>head ps</entry><entry level="1" type="bullet"><site wordnetid="108651247" confidence="0.9508927676800064"><link ns0:type="simple" ns0:href="../303/94303.xml">stoke newington</link></site>ps</entry></list></p></ss1><ss1><st>access</st><p><list><entry level="1" type="bullet"><link ns0:type="simple" ns0:href="../412/1187412.xml">hogsmil</link>access</entry><entry level="1" type="bullet"><site wordnetid="108651247" confidence="0.9508927676800064"><link ns0:type="simple" ns0:href="../389/1115389.xml">rayn park</link></site>access</entry><entry level="1" type="bullet"><link>mogden</link>access</entry></list></p></ss1><ss1><st>storag</st><p><list><entry level="1" type="bullet"><site wordnetid="108651247" confidence="0.9508927676800064"><link ns0:type="simple" ns0:href="../148/943148.xml">honor oak</link></site>underground storag</entry><entry level="1" type="bullet"><site wordnetid="108651247" confidence="0.9508927676800064"><link ns0:type="simple" ns0:href="../860/93860.xml">barn</link></site>balanc storag</entry></list></p></ss1></sec><sec><st /><p><list><entry level="1" type="bullet"><link ns0:type="simple" ns0:href="../020/14020.xml">histori london</link></entry><entry level="1" type="bullet"><link ns0:type="simple" ns0:href="../918/164918.xml">list reservoir dam unit kingdom</link></entry><entry level="1" type="bullet"><link ns0:type="simple" ns0:href="../423/2915423.xml">metropolitan drink fountain cattl trough associ</link></entry><entry level="1" type="bullet"><museum wordnetid="103800563" confidence="0.9508927676800064"><link ns0:type="simple" ns0:href="../399/4655399.xml">kew bridg steam museum</link></museum></entry><entry level="1" type="bullet"><link ns0:type="simple" ns0:href="../405/494405.xml">london sewer system</link></entry></list></p></sec><sec><st>refer</st><p><reflist><entry id="1">great conduit westcheap dictionari london url httpwwwbritishhistoryacukreportaspcompid access novemb</entry><entry id="2"><weblink ns0:type="simple" ns0:href="http://www.waterhistory.org/histories/london/">waterrel infrastructur mediev london</weblink>waterhistoryorg retriev<link /></entry><entry id="3"><it>london encyclopaedia</it>ben weinreb christoph hibbert macmillan isbn</entry><entry id="4"><weblink ns0:type="simple" ns0:href="http://www.privy-council.org.uk/output/page44.asp">royal charter privi council websit</weblink></entry><entry id="5"><weblink ns0:type="simple" ns0:href="http://www.ph.ucla.edu/epi/snow/1859map/lambeth_waterworks_a2.html">ucla depart epidemiolog<it>lambeth waterwork histori</it></weblink></entry><entry id="6"><weblink ns0:type="simple" ns0:href="http://www.ph.ucla.edu/epi/snow/1859map/lambeth_waterworks_a2.html">ucla depart epidemiolog<it>lambeth waterwork histori</it></weblink></entry><entry id="7"><weblink ns0:type="simple" ns0:href="http://www.ph.ucla.edu/epi/snow/1859map/westmiddlesex_waterworks_a2.html">ucla depart epidemiolog<it>west middlesex waterwork histori</it></weblink></entry><entry id="8"><weblink ns0:type="simple" ns0:href="http://www.british-history.ac.uk/report.aspx?compid=45230"><it>not hill bayswat</it>london volum access septemb</weblink></entry><entry id="9"><it>southwark vauxhal water compani histori snow era</it>ucla depart epidemiolgi</entry><entry id="10"><weblink ns0:type="simple" ns0:href="http://www.ph.ucla.edu/epi/snow/1859map/eastlondon_waterworks.html"><it>east london waterwork compani histori snow era</it></weblink>ucla epidemiolog access<link ns0:type="simple" ns0:href="../340/22340.xml">octob</link><link ns0:type="simple" ns0:href="../165/36165.xml" /></entry><entry id="11"><weblink ns0:type="simple" ns0:href="http://www.british-history.ac.uk/report.aspx?compid=49767"><it>stockwel brixton hill area</it>survey london volum lambeth southern area access septemb</weblink></entry><entry id="12">joseph fletcher<it>histor statist account system suppli metropoli water</it>journal statist societi london june</entry><entry id="13">john weal<it>pictori handbook london</it>london</entry><entry id="14"><it>better provis respect suppli water metropoli</it>vict</entry><entry id="15"><weblink ns0:type="simple" ns0:href="http://www.shadyoldlady.com/location.php?loc=450">coppermil</weblink>retriev<link ns0:type="simple" ns0:href="../851/8851.xml">decemb</link><link ns0:type="simple" ns0:href="../165/36165.xml" /></entry><entry id="17">perci ashley<it>water ga electr light suppli london</it><it>annal american academi polit social scienc municip ownership municip franchis</it>januari</entry><entry id="16"><weblink ns0:type="simple" ns0:href="http://www.british-history.ac.uk/report.asp?compid=22710#s2"><it>hackney public servic</it>histori counti middlesex volum hackney</weblink>british histori onlin access<link ns0:type="simple" ns0:href="../340/22340.xml">octob</link><link ns0:type="simple" ns0:href="../165/36165.xml" /></entry><entry id="19"><weblink ns0:type="simple" ns0:href="http://business.guardian.co.uk/story/0,,1802686,00.html">thame water fail plug leak profit rise</weblink>guardian june retriev<link /></entry><entry id="18"><weblink ns0:type="simple" ns0:href="http://news.bbc.co.uk/1/hi/england/london/3732540.stm">london water suppli dri</weblink>bbc news octob retriev<link /></entry><entry id="21"><weblink ns0:type="simple" ns0:href="http://www.thameswateruk.co.uk/UK/region/en_gb/content/news/news_000982.jsp">thame water ring main extens</weblink>thame water septemb retriev<link /></entry><entry id="20"><weblink ns0:type="simple" ns0:href="http://www.thameswater.co.uk/UK/region/en_gb/content/Section_Homepages/Section_Homepage_000514.jsp">replac london victorian water main</weblink>thame water retriev<link /></entry></reflist></p></sec><sec><st>extern link</st><p><list><entry level="1" type="bullet"><weblink ns0:type="simple" ns0:href="http://www.thameswater.co.uk/UK/region/en_gb/content/Section_Homepages/Section_Homepage_000563.jsp">histori thame water</weblink></entry><entry level="1" type="bullet"><weblink ns0:type="simple" ns0:href="http://createyourself.co.uk/modules/smartsection/item.php?itemid=54">london water safe drink</weblink></entry></list></p></sec></bdy></article>