<article xmlns:ns0="http://www.w3.org/1999/xlink"><artifact confidence="0.8" wordnetid="100021939"><merchandise confidence="0.8" wordnetid="103748886"><commodity confidence="0.8" wordnetid="103076708"><header><title>soy ink</title><id /><revision><id /><timestamp>tz</timestamp><contributor><username>cheeselouis</username><id /></contributor></revision><categories><category>ink</category><category>soy product</category></categories></header><bdy>soy ink kind<link ns0:type="simple" ns0:href="../292/15292.xml">ink</link><link ns0:type="simple" ns0:href="../784/62784.xml">soybean</link>oppos tradit<link ns0:type="simple" ns0:href="../195/23195.xml">petroleum</link>base ink soybas ink<p><list><entry level="1" type="bullet"><link ns0:type="simple" ns0:href="../673/1021673.xml">environment friendli</link></entry><entry level="1" type="bullet">brighter color</entry><entry level="1" type="bullet">improv life span printer</entry><entry level="1" type="bullet">easier<link ns0:type="simple" ns0:href="../157/70157.xml">recycl</link>paper</entry><entry level="1" type="bullet">econom long</entry></list></p><sec><st>histori</st><p>vinegar ink soy tinta form nonfood soy environment friendli healthi safe approach print take small amount energi fact cultiv soybean percent total energi produc ink<ref ns0:type="simple" ns0:href="#xpointer(//reflist/entry[@id=%221%22])" />crop requir irrig limit fix nutrient leav fewer agricultur residu crop<ref ns0:type="simple" ns0:href="#xpointer(//reflist/entry[@id=%222%22])" />soy ink low level<link ns0:type="simple" ns0:href="../518/1014518.xml">voc</link>volatil organ compound help reduc air pollut minim toxic emiss<ref ns0:type="simple" ns0:href="#xpointer(//reflist/entry[@id=%223%22])" /></p><p>late<association wordnetid="108049401" confidence="0.8"><group wordnetid="100031264" confidence="0.8"><link ns0:type="simple" ns0:href="../945/6402945.xml">newspap associ america</link></group></association>way ink standard<link ns0:type="simple" ns0:href="../195/23195.xml">petroleum</link>base ink rise price petroleum quarrel<link ns0:type="simple" ns0:href="../346/166346.xml">opec</link>countri reason want find reliabl cost effici method print<ref ns0:type="simple" ns0:href="#xpointer(//reflist/entry[@id=%224%22])" />test veget oil formul<ref ns0:type="simple" ns0:href="#xpointer(//reflist/entry[@id=%225%22])" />research naa solut soybean oil soybean test<weblink ns0:type="simple" ns0:href="http://www.gazetteonline.com">gazett</weblink>iowa practic print test success soy ink increasingli popular america daili newspap circul fifteen copi<ref ns0:type="simple" ns0:href="#xpointer(//reflist/entry[@id=%226%22])" />addit quarter commerci printer unit oper soy ink<ref ns0:type="simple" ns0:href="#xpointer(//reflist/entry[@id=%227%22])" /><image location="right" width="150px" src="Soyseal.svg" type="thumb"><caption>soyseal author american soybean associ</caption></image></p><p>nation soy ink center establish iowa soybean associ promot soy ink<ref ns0:type="simple" ns0:href="#xpointer(//reflist/entry[@id=%228%22])" />center creat soyseal mark identifi product meet basic requir success soy ink judg suffici justifi close nation soy ink center soyseal regul american soybean associ<ref ns0:type="simple" ns0:href="#xpointer(//reflist/entry[@id=%229%22])" /></p></sec><sec><st>product</st><p>soy ink soybean oil refin blend<link ns0:type="simple" ns0:href="../598/49598.xml">pigment</link><link ns0:type="simple" ns0:href="../890/58890.xml">resin</link><link ns0:type="simple" ns0:href="../256/58256.xml">wax</link>es soybean oil edibl veget oil soy ink edibl<link ns0:type="simple" ns0:href="../490/47490.xml">biodegrad</link>pigment addit mix oil petroleumbas ink overwhelmingli environment friendli degrad studi conduct erhan bagbi conclud pigment cartier percent soy ink degrad complet ink soy oil petroleum resin time complet standard petroleum ink<ref ns0:type="simple" ns0:href="#xpointer(//reflist/entry[@id=%2210%22])" /><ref ns0:type="simple" ns0:href="#xpointer(//reflist/entry[@id=%2211%22])" />soy ink help compon<link ns0:type="simple" ns0:href="../589/1524589.xml">paper recycl</link>soy ink remov easili regular ink paper deink process allow recycl paper damag paper fiber brighter appear wast left soy ink deink process hazard treat easili develop modern process<ref ns0:type="simple" ns0:href="#xpointer(//reflist/entry[@id=%2212%22])" /></p><p>soybean oil natur clearer petroleum distil veget oil make easier brightli color ink oil clearer pigment produc reduc cost ink<ref ns0:type="simple" ns0:href="#xpointer(//reflist/entry[@id=%2213%22])" />higher oil pigment ratio render ink easier recycl well studi involv engin oil bean clearer oil<ref ns0:type="simple" ns0:href="#xpointer(//reflist/entry[@id=%2214%22])" /></p><p>addit brighter ink printer report ink print amount paper compar petroleum ink soy ink spread reduc ink printer cleanup cost<ref ns0:type="simple" ns0:href="#xpointer(//reflist/entry[@id=%2215%22])" /></p><p>newspap soy ink regularli color creat sharper brighter imag color newspap ink competit petroleumbas ink well ten percent price cost pigment big factor black ink<ref ns0:type="simple" ns0:href="#xpointer(//reflist/entry[@id=%2216%22])" />color soy ink accept cost effect save term excess pigment voc printer cleanup cost cost soy ink lower initi market price point competit petroleum counterpart</p></sec><sec><st>disadvantag</st><p>soy ink perfect solut problem associ product ink exampl<link ns0:type="simple" ns0:href="../519/4519.xml">ballpoint pen</link><link ns0:type="simple" ns0:href="../272/5272.xml">person printer</link>major problem soy ink take time dri petroleumbas ink lack evapor solvent form voc creat challeng<link ns0:type="simple" ns0:href="../295/23295.xml">print press</link>es coat paper magazin porou uncoat paper newspap ink dri absorpt current studi<link ns0:type="simple" ns0:href="../990/31990.xml">uv</link>reactiv ink cure conduct ink produc promin<weblink ns0:type="simple" ns0:href="http://www.flintgrp.com/index.html">flint group</weblink>process dri faster cheaper energi emit voc<ref ns0:type="simple" ns0:href="#xpointer(//reflist/entry[@id=%2217%22])" />requir equip chang scale consum size</p><p>problem overdepend singl crop introduc risk crop diseas epidem<link ns0:type="simple" ns0:href="../726/14726.xml">great irish famin</link></p><p><ref ns0:type="simple" ns0:href="#xpointer(//reflist/entry[@id=%2218%22])" />soy produc<link ns0:type="simple" ns0:href="../339/12339.xml">genet modifi</link>cultivar increas soy exacerb concern gmo<link ns0:type="simple" ns0:href="../627/627.xml#xpointer(//*[./st=%22Environmental+impact%22])">modern agricultur</link></p></sec><sec><st>extern link</st><p><list><entry level="1" type="bullet"><weblink ns0:type="simple" ns0:href="http://www.pneac.org/sheets/all/Biochemicals_for_the_Printing_Industry.pdf">biochem print industri</weblink>institut local selfreli printer nation environment assist center</entry><entry level="1" type="bullet"><weblink ns0:type="simple" ns0:href="http://www.unitedsoybean.org/newuses/stories_Soy_ink.html">soy ink experi rapid adopt good perform econom benefit</weblink></entry><entry level="1" type="bullet"><weblink ns0:type="simple" ns0:href="http://www.soya.be/soy-ink.php">soy soya product</weblink></entry><entry level="1" type="bullet"><weblink ns0:type="simple" ns0:href="http://es.epa.gov/techinfo/specific/proj-sum.html">unit environment protect agenc evalu economi soy ink versu tradit petroleumbas ink</weblink></entry></list></p></sec><sec><st>refer</st><p><reflist><entry id="1">toll duan ever david vigon bruce benchmark lifecycl inventori impact assess sheetf print system soy ink battel septemb httpwwwppaysorgref</entry><entry id="2">wool richard xiuzhi susan sun biobas polym composit elsevi academ press</entry><entry id="3"><weblink ns0:type="simple" ns0:href="http://www.soya.be/soy-ink-benefits.php">benefit soy ink</weblink></entry><entry id="4"><weblink ns0:type="simple" ns0:href="http://www.soya.be/soy-ink.php">soy ink</weblink></entry><entry id="5"><weblink ns0:type="simple" ns0:href="http://www.soya.be/soy-ink.php">soy ink</weblink></entry><entry id="6">theodor lustig celebr soy year august graphic art onlin httpwwwgraphicartsonlinecomarticlecahtml</entry><entry id="7"><weblink ns0:type="simple" ns0:href="http://www.soya.be/soy-ink.php">soy ink</weblink></entry><entry id="8"><weblink ns0:type="simple" ns0:href="http://www.soya.be/national-soy-ink-information-center.php">nation soy ink center</weblink></entry><entry id="9">asa soyseal minimum standard httpwwwsoygrowerscomresourcessoyinkhtm</entry><entry id="10">marci gerriett soy ordinari bean agricultur nov findarticlescom httpfindarticlescomparticlesmi_mis_n_vai_</entry><entry id="11">cook linda soy ink superior degrad agricultur januari httparsservtamueduisararchivejaninkhtm</entry><entry id="12">httpwwwsoyabesoyinkbenefitsphp benefit soy ink</entry><entry id="13">erhan bagbi cunningham hw veget oilbas print ink journal american oil chemist societi march</entry><entry id="14">soybean varieti iowa univers improv product healthi oil novemb iowa univers httpwwwnotransiastateedu</entry><entry id="15">wast evalu soybas ink sheetf offset printer pacif northwest pollut prevent resourc center httpwwwpprcorgpprcrpdfedfundepaepastdwastehtml</entry><entry id="17">van meter mari uv dri gain traction printer newspap technolog juli httpwwwnaflintgrpcomnewsnews_newsandtech_pdf</entry><entry id="16">linda cook allsoy ink splash print ink soybean oil agricultur march findarticlescom httpfindarticlescomparticlesmi_mis_n_vai_</entry><entry id="18">american soybean associ nation corn grower associ nation cotton council america farmer leader recogn plant onebillionth biotech httpwwwsoygrowerscombiotechrhtm</entry></reflist></p></sec></bdy></commodity></merchandise></artifact></article>