<article xmlns:ns0="http://www.w3.org/1999/xlink"><idea confidence="0.8" wordnetid="105833840"><plan confidence="0.8" wordnetid="105898568"><header><title>american forum air</title><id /><revision><id /><timestamp>tz</timestamp><contributor><username>timeineurop</username><id /></contributor></revision><categories><category>american televis seri</category><category>american radio program</category></categories></header><bdy><b><it>american forum air</it></b>host theodor granik public affair panel discuss program seri kind radio air<network wordnetid="108434259" confidence="0.9508927676800064"><link ns0:type="simple" ns0:href="../326/187326.xml">mutual broadcast system</link></network><network wordnetid="108434259" confidence="0.9508927676800064"><link ns0:type="simple" ns0:href="../780/21780.xml">nbc</link></network>notabl guest journalist<physical_entity wordnetid="100001930" confidence="0.8"><communicator wordnetid="109610660" confidence="0.8"><person wordnetid="100007846" confidence="0.8"><causal_agent wordnetid="100007347" confidence="0.8"><writer wordnetid="110794014" confidence="0.8"><journalist wordnetid="110224578" confidence="0.8"><link ns0:type="simple" ns0:href="../977/1098977.xml">dorothi thompson</link></journalist></writer></causal_agent></person></communicator></physical_entity>york mayor<officeholder wordnetid="110371450" confidence="0.9508927676800064"><link ns0:type="simple" ns0:href="../418/11418.xml">fiorello la guardia</link></officeholder>senat<link ns0:type="simple" ns0:href="../303/3418303.xml">harri truman</link><senator wordnetid="110578471" confidence="0.9508927676800064"><link ns0:type="simple" ns0:href="../753/358753.xml">robert taft</link></senator>discuss wide rang topic<link ns0:type="simple" ns0:href="../361/19283361.xml">deal</link>fascism seri won<award wordnetid="106696483" confidence="0.9508927676800064"><link ns0:type="simple" ns0:href="../062/89062.xml">peabodi award</link></award><p>program origin trace granik law student employ<company wordnetid="108058098" confidence="0.9508927676800064"><link ns0:type="simple" ns0:href="../838/1311838.xml">gimbel</link></company>depart store radio station<radio_station wordnetid="104044119" confidence="0.9508927676800064"><link ns0:type="simple" ns0:href="../126/1841126.xml">wgb</link></radio_station>write copi station sport report granik start program<b><it>law layman</it></b>gimbel station sold<person wordnetid="100007846" confidence="0.9508927676800064"><link ns0:type="simple" ns0:href="../536/33536.xml">william randolph hearst</link></person>granik continu panel discuss york<radio_station wordnetid="104044119" confidence="0.9508927676800064"><link ns0:type="simple" ns0:href="../194/576194.xml">wor</link></radio_station>program attract nation attent prohibit debat<link ns0:type="simple" ns0:href="../759/101759.xml">women christian temper union</link><physical_entity wordnetid="100001930" confidence="0.8"><politician wordnetid="110451263" confidence="0.8"><person wordnetid="100007846" confidence="0.8"><leader wordnetid="109623038" confidence="0.8"><causal_agent wordnetid="100007347" confidence="0.8"><link ns0:type="simple" ns0:href="../038/794038.xml">ella bool</link></causal_agent></leader></person></politician></physical_entity>startl claim drunken congressmen wander underground passag offic washington speakeasi</p><p>program<b><it>mutual forum hour</it></b>mutual network launch granik open law offic washington move program titl chang<b><it>american forum air</it></b>rigid format open remark debat oppon led panel discuss audienc close summari</p><p>transcript publish<it><work wordnetid="104599396" confidence="0.8"><product wordnetid="104007894" confidence="0.8"><creation wordnetid="103129123" confidence="0.8"><artifact wordnetid="100021939" confidence="0.8"><publication wordnetid="106589574" confidence="0.8"><link ns0:type="simple" ns0:href="../295/851295.xml">congression record</link></publication></artifact></creation></product></work></it>debat spark activ congress seri move televis continu nbc radio<link ns0:type="simple" ns0:href="../530/19530.xml">march</link><link ns0:type="simple" ns0:href="../672/34672.xml" /><ref ns0:type="simple" ns0:href="#xpointer(//reflist/entry[@id=%221%22])" /></p><p>theodor granik granddaught<physical_entity wordnetid="100001930" confidence="0.8"><person wordnetid="100007846" confidence="0.8"><leader wordnetid="109623038" confidence="0.8"><administrator wordnetid="109770949" confidence="0.8"><causal_agent wordnetid="100007347" confidence="0.8"><head wordnetid="110162991" confidence="0.8"><director wordnetid="110014939" confidence="0.8"><link ns0:type="simple" ns0:href="../413/7146413.xml">debra granik</link></director></head></causal_agent></administrator></leader></person></physical_entity>winner sundanc film festiv dramat direct award featur film<it><link ns0:type="simple" ns0:href="../560/4191560.xml">bone</link></it></p><sec><st>refer</st><p><reflist><entry id="1"><weblink ns0:type="simple" ns0:href="http://www.oldalgonquin.com/authorPage.php">dun john<it>air encyclopedia oldtim radio</it>york oxford univers press isbn</weblink></entry></reflist></p></sec><sec><st>extern link</st><p><list><entry level="1" type="bullet"><weblink ns0:type="simple" ns0:href="http://www.time.com/time/magazine/article/0,9171,884322,00.html">mb soapbox<it>time</it>march</weblink></entry></list></p></sec></bdy></plan></idea></article>