<article xmlns:ns0="http://www.w3.org/1999/xlink"><software confidence="0.9508927676800064" wordnetid="106566077"><header><title>ant</title><id /><revision><id /><timestamp>tz</timestamp><contributor><username>smackbot</username><id /></contributor></revision><categories><category>anonym file share network</category></categories></header><bdy><template><name>infobox softwar</name><parameters><genre><link ns0:type="simple" ns0:href="../797/18949797.xml">file share</link><system wordnetid="108435388" confidence="0.8"><group wordnetid="100031264" confidence="0.8"><network wordnetid="108434259" confidence="0.8"><link ns0:type="simple" ns0:href="../322/454322.xml">anonym peer peer</link></network></group></system></genre><website>httpsourceforgenetprojectsantspp</website><latest_release_version>beta protocol</latest_release_version><developer><link>gwren</link></developer><name>ant</name><programming_language><message wordnetid="106598915" confidence="0.8"><request wordnetid="106513366" confidence="0.8"><link ns0:type="simple" ns0:href="../881/15881.xml">java</link></request></message></programming_language><latest_release_date>feb</latest_release_date><license><link ns0:type="simple" ns0:href="../683/18938683.xml">gpl</link></license><operating_system><platform wordnetid="103961939" confidence="0.8"><artifact wordnetid="100021939" confidence="0.8"><surface wordnetid="104362025" confidence="0.8"><horizontal_surface wordnetid="103536348" confidence="0.8"><link ns0:type="simple" ns0:href="../193/81193.xml">crossplatform</link></horizontal_surface></surface></artifact></platform></operating_system></parameters></template><p><b>ant</b><system wordnetid="108435388" confidence="0.8"><group wordnetid="100031264" confidence="0.8"><network wordnetid="108434259" confidence="0.8"><link ns0:type="simple" ns0:href="../322/454322.xml">anonym peertop</link></network></group></system><link ns0:type="simple" ns0:href="../758/18938758.xml">open sourc</link><link ns0:type="simple" ns0:href="../797/18949797.xml">file share</link>softwar written<message wordnetid="106598915" confidence="0.8"><request wordnetid="106513366" confidence="0.8"><link ns0:type="simple" ns0:href="../881/15881.xml">java</link></request></message>project launch code licens<link ns0:type="simple" ns0:href="../683/18938683.xml">gpl</link></p><sec><st>featur</st><p>ant encrypt traffic receiv proxi traffic particip network harder determin origin<link ns0:type="simple" ns0:href="../921/14921.xml">ip address</link>es featur includ</p><p><list><entry level="1" type="bullet">automat updat softwar</entry><entry level="1" type="bullet">pointtopoint<link ns0:type="simple" ns0:href="../294/10294.xml">encrypt</link>ae<link>dh</link></entry><entry level="1" type="bullet">encrypt ae<link>dh</link></entry><entry level="1" type="bullet">multipath rout packet</entry><entry level="1" type="bullet">preferenti connect network fast<link ns0:type="simple" ns0:href="../516/2853516.xml">backbon</link></entry><entry level="1" type="bullet">support partial<link ns0:type="simple" ns0:href="../295/42295.xml">download</link></entry><entry level="1" type="bullet">support<link ns0:type="simple" ns0:href="../159/297159.xml">edonkey</link>link format</entry><entry level="1" type="bullet">autosearch sourc activ interrupt download</entry><entry level="1" type="bullet">find part file normal queri queri hash</entry><entry level="1" type="bullet">full text index search full file content full file path locat</entry><entry level="1" type="bullet">nonanonym<link>internet relay chat</link></entry><entry level="1" type="bullet">queri encrypt<link ns0:type="simple" ns0:href="../222/24222.xml">asymmetr</link>origin read queri read queri string asymmetr approach reduc potenti node transit queri analysi</entry></list></p><p>ant allow user offer<link ns0:type="simple" ns0:href="../455/33455.xml">web server</link>anonym server reachabl ant network ant outproxi network user reach servic convent internet outproxi servic<software wordnetid="106566077" confidence="0.9508927676800064"><link ns0:type="simple" ns0:href="../150/18582150.xml">tor</link></software>separ</p></sec><sec><st>secur</st><p>data transfer indirect connect sender receiv file hold direct connect connect cascad node parti trivial determin ident</p><p>traffic node encrypt<cipher wordnetid="106254239" confidence="0.9508927676800064"><link ns0:type="simple" ns0:href="../260/1260.xml">ae</link></cipher>prevent snif outsid transit node encrypt key exchang<link>diffiehellman</link>algorithm</p></sec><sec><st /><p><table style="background:#f9f9f9; font-size:85%; line-height:110%; "><row><col><image width="32x28px" src="Free_Software_Portal_Logo.svg" /></col><col style="padding:0 0.2em;"><b><it>free softwar portal</it></b></col></row></table></p><p><list><entry level="1" type="bullet"><system wordnetid="108435388" confidence="0.8"><group wordnetid="100031264" confidence="0.8"><network wordnetid="108434259" confidence="0.8"><link ns0:type="simple" ns0:href="../322/454322.xml">anonym</link></network></group></system></entry><entry level="1" type="bullet"><link ns0:type="simple" ns0:href="../682/3212682.xml">comparison file share applic</link></entry><entry level="1" type="bullet"><link ns0:type="simple" ns0:href="../342/430342.xml">mute</link>project</entry><entry level="1" type="bullet"><link>iphex</link>project</entry><entry level="1" type="bullet"><software wordnetid="106566077" confidence="0.9508927676800064"><link ns0:type="simple" ns0:href="../124/7133124.xml">rshare</link></software>project</entry></list></p></sec><sec><st>extern link</st><p><list><entry level="1" type="bullet"><weblink ns0:type="simple" ns0:href="http://antsp2p.sourceforge.net/">sourceforg ant websit</weblink></entry><entry level="1" type="bullet"><weblink ns0:type="simple" ns0:href="http://sourceforge.net/projects/antsp2p/">ant project summari</weblink><web_site wordnetid="106359193" confidence="0.9508927676800064"><link ns0:type="simple" ns0:href="../227/52227.xml">sourceforgenet</link></web_site></entry><entry level="1" type="bullet"><weblink ns0:type="simple" ns0:href="http://www.zeropaid.com/bbs/archive/index.php/t-26848.html">oper instruct german</weblink></entry><entry level="1" type="bullet"><weblink ns0:type="simple" ns0:href="http://antsp2p.altervista.org/">english ant guid</weblink></entry><entry level="1" type="bullet"><weblink ns0:type="simple" ns0:href="http://www.slyck.com/news.php?story=567">ant approach file share</weblink><link ns0:type="simple" ns0:href="../117/1983117.xml">slyck news</link>septemb detail view technic legal aspect ant</entry></list></p></sec></bdy></software></article>