<article xmlns:ns0="http://www.w3.org/1999/xlink"><movie confidence="0.9508927676800064" wordnetid="106613686"><header><title>borom sarret</title><id /><revision><id /><timestamp>tz</timestamp><contributor><username>blofeld spectr</username><id /></contributor></revision><categories><category>senegales film</category><category>frenchlanguag film</category><category>black white film</category><category>film direct ousman semben</category><category>film</category><category>short film</category></categories></header><bdy><template><name>infobox film</name><parameters><image width="150px" src="" /><narrator>ousman semben</narrator><director><link ns0:type="simple" ns0:href="../061/1182061.xml">ousman semben</link></director><country><image width="22x20px" src="Flag_of_Senegal.svg"><caption>flag seneg</caption></image><country wordnetid="108544813" confidence="0.9508927676800064"><link ns0:type="simple" ns0:href="../278/27278.xml">seneg</link></country></country><released><link ns0:type="simple" ns0:href="../112/16112.xml">januari</link><link ns0:type="simple" ns0:href="../610/34610.xml" />usa</released><imdb_id /><name>borom sarret</name><language><language wordnetid="106282651" confidence="0.8"><link ns0:type="simple" ns0:href="../597/10597.xml">french</link></language></language><writer>ousman semben</writer><starring><link>ly abdoulay</link></starring></parameters></template>borom sarret<fundamental_quantity wordnetid="113575869" confidence="0.8"><time_period wordnetid="115113229" confidence="0.8"><year wordnetid="115203791" confidence="0.8"><link ns0:type="simple" ns0:href="../697/171697.xml" /></year></time_period></fundamental_quantity>film<country wordnetid="108544813" confidence="0.9508927676800064"><link ns0:type="simple" ns0:href="../278/27278.xml">seneg</link></country>ese director<link ns0:type="simple" ns0:href="../061/1182061.xml">ousman semben</link>consid film africa<link ns0:type="simple" ns0:href="../745/4745.xml">black african</link>twenti minut long tell stori cart driver<village wordnetid="108672738" confidence="0.9508927676800064"><link ns0:type="simple" ns0:href="../251/44251.xml">dakar</link></village>film illustr poverti africa show independ solv problem peopl<ref ns0:type="simple" ns0:href="#xpointer(//reflist/entry[@id=%221%22])" /><sec><st>note</st><p><reflist><entry id="1">david bordwel kriston thompson film histori introduct mcgraw hill</entry></reflist></p><p><table style=";" class="navbox" cellspacing="0"><row><col style="padding:2px;"><table style="width:100%;background:transparent;color:inherit;;" class="nowraplinks collapsible autocollapse " cellspacing="0"><row><header colspan="2" style=";" class="navbox-title"><image width="20px" src="Senegalfilm.png"><caption>senegales film icon</caption></image><link ns0:type="simple" ns0:href="../096/19694096.xml">cinema seneg</link></header></row><row style="height:2px;" /><row><col colspan="2" style="width:100%;padding:0px;;;" class="navbox-list navbox-odd"><p>senegales filmsfilm az<link ns0:type="simple" ns0:href="../023/11376023.xml">film year</link>senegales film directorsdirector senegales screenwritersscreenwrit senegales cinematographerscinematograph senegales actorsactor senegales film producersproduc</p></col></row></table></col></row></table></p></sec></bdy></movie></article>