<article xmlns:ns0="http://www.w3.org/1999/xlink"><header><title>brssearch</title><id /><revision><id /><timestamp>tz</timestamp><contributor><username>smackbot</username><id /></contributor></revision><categories><category>scienc</category></categories></header><bdy>brssearch fulltext databas retriev system brssearch fullyinvert index system store locat retriev unstructur data search engin power bibliograph retriev servic br commerci oper databas includ nation commerci avail<link ns0:type="simple" ns0:href="../749/240749.xml">medlin</link>chang ownership time develop current sold livelink ecm discoveri server<company wordnetid="108058098" confidence="0.9508927676800064"><link ns0:type="simple" ns0:href="../262/797262.xml">open text corpor</link></company><sec><st>earli develop</st><p>develop br began biomed commun network<link ns0:type="simple" ns0:href="../905/4020905.xml">bcn</link><university wordnetid="108286163" confidence="0.9508927676800064"><link ns0:type="simple" ns0:href="../024/97024.xml">univers york</link></university>albani suni bcn onlin provid onlin access databas includ<link ns0:type="simple" ns0:href="../749/240749.xml">medlin</link>biosi preview larg univers medic school northeast usa fund project withdrawn bibliograph retriev servic br form nonprofit concern year incorpor forprofit corpor ron quak presid jan egeland vice presid charg market train lloyd palmer vice presid system<ref ns0:type="simple" ns0:href="#xpointer(//reflist/entry[@id=%221%22])" /></p></sec><sec><st>br commerci oper</st><p>decemb br user meet held syracus ny januari br start commerci oper databas includ nation commerci avail<link ns0:type="simple" ns0:href="../749/240749.xml">medlin</link>record modifi ibm stair storag retriev system softwar<link ns0:type="simple" ns0:href="../588/4618588.xml">telenet</link>telecommun timeshar mainfram comput carrier corpor octob br sold egeland quak indian head subsidiari dutch compani thyssenbornemisza corpor<ref ns0:type="simple" ns0:href="#xpointer(//reflist/entry[@id=%222%22])" /><ref ns0:type="simple" ns0:href="#xpointer(//reflist/entry[@id=%223%22])" /></p></sec><sec><st /><p><celebrity wordnetid="109903153" confidence="0.9508927676800064"><owner wordnetid="110388924" confidence="0.9173553029164789"><link ns0:type="simple" ns0:href="../978/5409978.xml">robert maxwel</link></owner></celebrity>acquir br brssearch softwar announc plan incorpor orbit search servic br technolog renam group maxwel onlin time br technolog serv medic academ librari marketplac databas maxwel bought publish compani<company wordnetid="108058098" confidence="0.8"><institution wordnetid="108053576" confidence="0.8"><link ns0:type="simple" ns0:href="../012/1048012.xml">macmillan</link></institution></company>maxwel onlin macmillan year brslink hypertext connect databas applic deliv full text announc</p><p>time robert maxwel death<company wordnetid="108058098" confidence="0.8"><institution wordnetid="108053576" confidence="0.8"><link ns0:type="simple" ns0:href="../012/1048012.xml">macmillan</link></institution></company>brought andrew gregori repres compani year maxwel affair settl prepar maxwel onlin sell compon maxwel onlin shortli underw chang time infopro technolog</p></sec><sec><st>datawar technolog ownership brssearch</st><p>earli infopro technolog subsidiari mhc hold compani macmillan maxwel onlin servic sold subsidiari orbit search servic frenchown questel dialup br search servic<link ns0:type="simple" ns0:href="../951/7145951.xml">cd technolog</link>ovid br softwar product includ brssearch datawar technolog infopro technolog br softwar fastest grow segment compani<ref ns0:type="simple" ns0:href="#xpointer(//reflist/entry[@id=%224%22])" /></p><p>br north american user group confer<link ns0:type="simple" ns0:href="../553/34553.xml" />dave schubmehl datawar technolog present paper state purpos present updat br user upcom releas brssearch netansw datawar product brssearch will includ featur request custom well enhanc earlier year datawar acquir sovereign hill softwar maker inqueri light acquisit datawar develop project well datawar plan product includ brssearch netansw<ref ns0:type="simple" ns0:href="#xpointer(//reflist/entry[@id=%225%22])" /></p></sec><sec><st>open text acquisit brssearch</st><p>brssearch acquir<link ns0:type="simple" ns0:href="../262/797262.xml">open text</link><weblink ns0:type="simple" ns0:href="http://www.opentext.com/2/sol-products/sol-pro-knowledge-management/pro-ll-discovery-server.htm">livelink ecm discoveri server</weblink><ref ns0:type="simple" ns0:href="#xpointer(//reflist/entry[@id=%226%22])" /></p><p>open text support brssearch netansw activ brssearch netansw instal includ public web patent fulltext databas oper unit patent trademark offic<weblink ns0:type="simple" ns0:href="http://www.uspto.gov/patft/">uspto web patent databas</weblink>brssearch netansw inhous search perform patent examin public patent searcher uspto</p><p>core brssearch technolog open text portfolio augment capabl acquisit exampl datawar acquisit soveriegnhil brought inqueri probabilist retriev system infer network<weblink ns0:type="simple" ns0:href="http://www.cs.umass.edu/csinfo/newsletter/images/sigbits_spring97.pdf">develop univers massachusett amherst center intellig retriev</weblink><weblink ns0:type="simple" ns0:href="http://ciir.cs.umass.edu/">umass ciir</weblink>marketplac<weblink ns0:type="simple" ns0:href="http://www.opentext.com/2/sol-products/pro-allproducts/pro-rebranded-products-table.htm">product rebrand tabl</weblink>rang product name name</p><p>inqueri concept search engin noun phrase part speech cooccurr relationship overlap passag text singl term invert index singl document</p><p>open text portfolio grown includ hummingbird content manag includ basi</p></sec><sec><st /><p>brssearch north america user group brsnaug websit jun list featur brssearch brsnaug disincorpor crossrefer brssearch point open text livelink</p></sec><sec><st>refer</st><p><reflist><entry id="1"><weblink ns0:type="simple" ns0:href="http://govinfo.library.unt.edu/ota/Ota_4/DATA/1982/8219.PDF">httpgovinfolibraryunteduotaota_datapdf</weblink>congress offic technolog assess medlar health polici isbn</entry><entry id="2">onlin internet earli pioneer stori brsan interview jan egeland<weblink ns0:type="simple" ns0:href="http://www.infotoday.com/SEARCHER/jul04/ardito_bjorner.shtml">httpwwwinfotodaycomsearcherjulardito_bjornershtml</weblink></entry><entry id="3">onlin internet earli pioneer stori brsan interview jan egeland<weblink ns0:type="simple" ns0:href="http://www.infotoday.com/searcher/nov04/ardito_bjorner.shtml">httpwwwinfotodaycomsearchernovardito_bjornershtml</weblink></entry><entry id="4"><weblink ns0:type="simple" ns0:href="http://findarticles.com/p/articles/mi_hb4328/is_199501/ai_n15084021">httpfindarticlescomparticlesmi_hbis_ai_n</weblink>searcher happen br softwar interview kurt mueller ceo datawar technolog januari</entry><entry id="5"><weblink ns0:type="simple" ns0:href="http://www.usc.edu/users/karl/BRSNAUG/Conferences/1999a/Papers/">httpwwwusceduuserskarlbrsnaugconferencesapap</weblink>br north american user group confer august</entry><entry id="6"><weblink ns0:type="simple" ns0:href="http://www.thefreelibrary.com/LeadingSide,+Inc.+Sells+Search+and+Retrieval+Product+Business+to+Open...-a067265168|">leadingsid sell search retriev product busi open text</weblink></entry></reflist></p></sec></bdy></article>