<article xmlns:ns0="http://www.w3.org/1999/xlink"><actor confidence="0.9511911446218017" wordnetid="109765278"><header><title>harold perrineau</title><id /><revision><id /><timestamp>tz</timestamp><contributor><username>thetito</username><id /></contributor></revision><categories><category>american film actor</category><category>birth</category><category>american televis actor</category><category>live peopl</category><category>peopl brooklyn</category><category>york actor</category><category>african american actor</category></categories></header><bdy><template><name>infobox actor</name><parameters><image width="150px" src="Harold_Perrineau,_Jr.jpg"><caption>harold perrineau jr</caption></image><sagawards><link ns0:type="simple" ns0:href="../668/4722668.xml">best ensembl drama seri</link><series wordnetid="108457976" confidence="0.9508927676800064"><link ns0:type="simple" ns0:href="../230/16454230.xml">lost</link></series></sagawards><birthplace><link ns0:type="simple" ns0:href="../384/47384.xml">brooklyn</link><region wordnetid="108630985" confidence="0.8"><administrative_district wordnetid="108491826" confidence="0.8"><location wordnetid="100027167" confidence="0.8"><district wordnetid="108552138" confidence="0.8"><country wordnetid="108544813" confidence="0.8"><link ns0:type="simple" ns0:href="../131/8210131.xml">york</link></country></district></location></administrative_district></region><body wordnetid="107965085" confidence="0.8"><social_group wordnetid="107950920" confidence="0.8"><political_orientation wordnetid="106212839" confidence="0.8"><colony wordnetid="108374049" confidence="0.8"><state wordnetid="108168978" confidence="0.8"><political_unit wordnetid="108359949" confidence="0.8"><group wordnetid="100031264" confidence="0.8"><democracy wordnetid="106217103" confidence="0.8"><link ns0:type="simple" ns0:href="../750/3434750.xml">unit</link></democracy></group></political_unit></state></colony></political_orientation></social_group></body></birthplace><spouse><physical_entity wordnetid="100001930" confidence="0.8"><person wordnetid="100007846" confidence="0.8"><performer wordnetid="110415638" confidence="0.8"><causal_agent wordnetid="100007347" confidence="0.8"><actor wordnetid="109765278" confidence="0.8"><entertainer wordnetid="109616922" confidence="0.8"><link ns0:type="simple" ns0:href="../855/5042855.xml">brittani perrineau</link></entertainer></actor></causal_agent></performer></person></physical_entity></spouse><name>harold perrineau jr</name><birthdate>august age</birthdate><birthname>harold perrineau</birthname></parameters></template>harold perrineau jr born<link ns0:type="simple" ns0:href="../332/1332.xml">august</link><link ns0:type="simple" ns0:href="../648/34648.xml" /><body wordnetid="107965085" confidence="0.8"><social_group wordnetid="107950920" confidence="0.8"><political_orientation wordnetid="106212839" confidence="0.8"><colony wordnetid="108374049" confidence="0.8"><state wordnetid="108168978" confidence="0.8"><political_unit wordnetid="108359949" confidence="0.8"><group wordnetid="100031264" confidence="0.8"><democracy wordnetid="106217103" confidence="0.8"><link ns0:type="simple" ns0:href="../750/3434750.xml">american</link></democracy></group></political_unit></state></colony></political_orientation></social_group></body><link ns0:type="simple" ns0:href="../753/753.xml">actor</link>role<fictional_character wordnetid="109587565" confidence="0.9508927676800064"><link ns0:type="simple" ns0:href="../815/2667815.xml">michael dawson</link></fictional_character>televis seri<series wordnetid="108457976" confidence="0.9508927676800064"><link ns0:type="simple" ns0:href="../230/16454230.xml">lost</link></series><fictional_character wordnetid="109587565" confidence="0.8"><imaginary_being wordnetid="109483738" confidence="0.8"><link ns0:type="simple" ns0:href="../400/2108400.xml">link</link></imaginary_being></fictional_character><movie wordnetid="106613686" confidence="0.9508927676800064"><link ns0:type="simple" ns0:href="../007/30007.xml">matrix</link></movie>film game<fictional_character wordnetid="109587565" confidence="0.8"><imaginary_being wordnetid="109483738" confidence="0.8"><link ns0:type="simple" ns0:href="../726/3024726.xml">augustu hill</link></imaginary_being></fictional_character>american televis seri<series wordnetid="108457976" confidence="0.9508927676800064"><link ns0:type="simple" ns0:href="../362/106362.xml">oz</link></series>charact serv narrat seri<fictional_character wordnetid="109587565" confidence="0.8"><imaginary_being wordnetid="109483738" confidence="0.8"><link ns0:type="simple" ns0:href="../157/843157.xml">mercutio</link></imaginary_being></fictional_character><actor wordnetid="109765278" confidence="0.9508927676800064"><link ns0:type="simple" ns0:href="../171/152171.xml">baz luhrmann</link></actor><movie wordnetid="106613686" confidence="0.9508927676800064"><link ns0:type="simple" ns0:href="../652/202652.xml">romeo juliet</link></movie><sec><st>biographi</st><ss1><st>person life</st><p>perrineau jr born harold perrineau<link ns0:type="simple" ns0:href="../384/47384.xml">brooklyn york</link>son harold william sr parent chang william age harold legal chang birth discov harold william screen actor guild union french surnam mother maiden perrineau wife<physical_entity wordnetid="100001930" confidence="0.8"><person wordnetid="100007846" confidence="0.8"><performer wordnetid="110415638" confidence="0.8"><causal_agent wordnetid="100007347" confidence="0.8"><actor wordnetid="109765278" confidence="0.8"><entertainer wordnetid="109616922" confidence="0.8"><link ns0:type="simple" ns0:href="../855/5042855.xml">brittani</link></entertainer></actor></causal_agent></performer></person></physical_entity>daughter aurora robinson perrineau born<link ns0:type="simple" ns0:href="../658/34658.xml" />second daughter wynter aria born<ref ns0:type="simple" ns0:href="#xpointer(//reflist/entry[@id=%221%22])" /></p></ss1><ss1><st>act career</st><p>perrineau cast origin tyron jackson premier stage adapt hit movi<link ns0:type="simple" ns0:href="../629/639629.xml">fame</link>walnut street theatr<ref ns0:type="simple" ns0:href="#xpointer(//reflist/entry[@id=%222%22])" /></p><p>perrineau role link matrix seri origin oper tank written script<actor wordnetid="109765278" confidence="0.9508927676800064"><link ns0:type="simple" ns0:href="../269/474269.xml">marcu chong</link></actor>fire money disput<ref ns0:type="simple" ns0:href="#xpointer(//reflist/entry[@id=%223%22])" /><series wordnetid="108457976" confidence="0.9508927676800064"><link ns0:type="simple" ns0:href="../230/16454230.xml">lost</link></series>costar<actor wordnetid="109765278" confidence="0.9508927676800064"><link ns0:type="simple" ns0:href="../600/2452600.xml">adewal akinnuoyeagbaj</link></actor>star perrineau hbo seri<series wordnetid="108457976" confidence="0.9508927676800064"><link ns0:type="simple" ns0:href="../362/106362.xml">oz</link></series></p><p>perrineau play charact<fictional_character wordnetid="109587565" confidence="0.9508927676800064"><link ns0:type="simple" ns0:href="../815/2667815.xml">michael dawson</link></fictional_character>lost temporarili written lost charact left island son season appear season three return fourth season announc juli<ref ns0:type="simple" ns0:href="#xpointer(//reflist/entry[@id=%224%22])" />fourth season perrineau charact michael die lost departur<ref ns0:type="simple" ns0:href="#xpointer(//reflist/entry[@id=%225%22])" />news broke perrineau cast upcom pilot abc dramedi unusu<ref ns0:type="simple" ns0:href="#xpointer(//reflist/entry[@id=%226%22])" /></p></ss1></sec><sec><st>filmographi</st><p>note credit<link ns0:type="simple" ns0:href="../740/850740.xml">suffix</link>jr<list><entry level="1" type="bullet"><movie wordnetid="106613686" confidence="0.9508927676800064"><link ns0:type="simple" ns0:href="../103/18486103.xml">felon</link></movie>lt jackson</entry><entry level="1" type="bullet"><movie wordnetid="106613686" confidence="0.9508927676800064"><link ns0:type="simple" ns0:href="../538/5971538.xml">week</link></movie>flynn</entry><entry level="1" type="bullet">rev rhode episod</entry><entry level="1" type="bullet"><series wordnetid="108457976" confidence="0.9508927676800064"><link ns0:type="simple" ns0:href="../230/16454230.xml">lost</link></series><fictional_character wordnetid="109587565" confidence="0.9508927676800064"><link ns0:type="simple" ns0:href="../815/2667815.xml">michael dawson</link></fictional_character></entry><entry level="1" type="bullet"><series wordnetid="108457976" confidence="0.9508927676800064"><link ns0:type="simple" ns0:href="../652/440652.xml">dead</link></series>yoga instructor episod rest peac</entry><entry level="1" type="bullet"><movie wordnetid="106613686" confidence="0.9508927676800064"><link ns0:type="simple" ns0:href="../998/210998.xml">matrix revolut</link></movie><link ns0:type="simple" ns0:href="../400/2108400.xml">link</link></entry><entry level="1" type="bullet"><event wordnetid="100029378" confidence="0.8"><social_event wordnetid="107288639" confidence="0.8"><contest wordnetid="107456188" confidence="0.8"><game wordnetid="100456199" confidence="0.8"><psychological_feature wordnetid="100023100" confidence="0.8"><link ns0:type="simple" ns0:href="../766/232766.xml">enter matrix</link></psychological_feature></game></contest></social_event></event><link ns0:type="simple" ns0:href="../400/2108400.xml">link</link></entry><entry level="1" type="bullet"><movie wordnetid="106613686" confidence="0.9508927676800064"><link ns0:type="simple" ns0:href="../417/123417.xml">matrix reload</link></movie><link ns0:type="simple" ns0:href="../400/2108400.xml">link</link></entry><entry level="1" type="bullet"><movie wordnetid="106613686" confidence="0.9508927676800064"><link ns0:type="simple" ns0:href="../228/3711228.xml" /></movie>moe curley</entry><entry level="1" type="bullet"><link ns0:type="simple" ns0:href="../143/2819143.xml">prison song</link>uncl steve</entry><entry level="1" type="bullet"><link ns0:type="simple" ns0:href="../404/2647404.xml">woman top</link>monica jone</entry><entry level="1" type="bullet"><movie wordnetid="106613686" confidence="0.9508927676800064"><link ns0:type="simple" ns0:href="../425/2880425.xml">best man</link></movie>julian murch</entry><entry level="1" type="bullet"><series wordnetid="108457976" confidence="0.9508927676800064"><link ns0:type="simple" ns0:href="../362/106362.xml">oz</link></series><fictional_character wordnetid="109587565" confidence="0.8"><imaginary_being wordnetid="109483738" confidence="0.8"><link ns0:type="simple" ns0:href="../726/3024726.xml">augustu hill</link></imaginary_being></fictional_character></entry><entry level="1" type="bullet"><link ns0:type="simple" ns0:href="../601/181601.xml">edg</link>stephen</entry><entry level="1" type="bullet"><link ns0:type="simple" ns0:href="../652/202652.xml">romeo juliet</link><fictional_character wordnetid="109587565" confidence="0.8"><imaginary_being wordnetid="109483738" confidence="0.8"><link ns0:type="simple" ns0:href="../157/843157.xml">mercutio</link></imaginary_being></fictional_character></entry><entry level="1" type="bullet"><link ns0:type="simple" ns0:href="../421/1786421.xml">smoke</link>thoma rashid cole</entry><entry level="1" type="bullet"><series wordnetid="108457976" confidence="0.9508927676800064"><link ns0:type="simple" ns0:href="../324/3218324.xml">ill fli</link></series>robert evan</entry><entry level="1" type="bullet"><movie wordnetid="106613686" confidence="0.9508927676800064"><link ns0:type="simple" ns0:href="../502/833502.xml">king york</link></movie>thief subway</entry></list></p></sec><sec><st>refer</st><p><reflist><entry id="1">httpwwweonlinecomuberblogb_losts_perrineau_uncovers_child_no_html</entry><entry id="2">httpwwwfamenetworkcomproductionsphp histori fame music product</entry><entry id="3"><weblink ns0:type="simple" ns0:href="http://www.rollingstone.com/news/story/9138137/the_mystery_of_larry_wachowski">mysteri larri wachowski</weblink><newspaper wordnetid="106267145" confidence="0.9508927676800064"><link ns0:type="simple" ns0:href="../441/25441.xml">roll stone</link></newspaper>retriev<link /></entry><entry id="4"><weblink ns0:type="simple" ns0:href="http://www.mediaweek.com/mw/news/recent_display.jsp?vnu_content_id=1003616978">tca abc mcpherson press divulg lost news</weblink>media week retriev<link /></entry><entry id="5"><weblink ns0:type="simple" ns0:href="http://www.celebuzz.com/harold-perrineau-whiteys-keeping-me-s20741/">harold perrineau jr whitey keep</weblink>celebuzz</entry><entry id="6"><weblink ns0:type="simple" ns0:href="http://www.headlineplanet.com/base/articles/1212450949.html">lost michael score televis role headlin planet</weblink></entry></reflist></p></sec><sec><st>extern link</st><p><list><entry level="1" type="bullet"><weblink ns0:type="simple" ns0:href="http://www.imdb.com/name/nm0674782/">harold perrineau jr</weblink><web_site wordnetid="106359193" confidence="0.9508927676800064"><link ns0:type="simple" ns0:href="../554/2855554.xml">internet movi databas</link></web_site></entry></list></p></sec></bdy></actor></article>