<article xmlns:ns0="http://www.w3.org/1999/xlink"><organization confidence="0.9511911446218017" wordnetid="108008335"><header><title>peac oil</title><id /><revision><id /><timestamp>tz</timestamp><contributor><username>cydebot</username><id /></contributor></revision><categories><category>nongovernment organ involv israelipalestinian peac process</category></categories></header><bdy>peac oil initi chariti advisori trust<ref ns0:type="simple" ns0:href="#xpointer(//reflist/entry[@id=%221%22])" />ukbas regist chariti lead hilari blume<ref ns0:type="simple" ns0:href="#xpointer(//reflist/entry[@id=%222%22])" />support fundrais charit organis chariti describ oil produc israel jew arab druze bedouin work encourag cooper commun<ref ns0:type="simple" ns0:href="#xpointer(//reflist/entry[@id=%223%22])" />project run oil launch<weblink ns0:type="simple" ns0:href="http://www.doingzionism.org.il/about_us/activity.asp?id=353">israel expo day</weblink>organis<weblink ns0:type="simple" ns0:href="http://www.zionist.org.uk/new/cms/?id=23">zionist feder great britain ireland</weblink>promot support israel vibrant tradeto differ actual futur israel<ref ns0:type="simple" ns0:href="#xpointer(//reflist/entry[@id=%224%22])" /><p>project web site oil produc<country wordnetid="108544813" confidence="0.9508927676800064"><link ns0:type="simple" ns0:href="../173/9282173.xml">israel</link></country><link ns0:type="simple" ns0:href="../684/6516684.xml">jew</link><link ns0:type="simple" ns0:href="../ury/22nd_century.xml">arab</link><group wordnetid="100031264" confidence="0.9508927676800064"><link ns0:type="simple" ns0:href="../632/8632.xml">druze</link></group><physical_entity wordnetid="100001930" confidence="0.8"><person wordnetid="100007846" confidence="0.8"><wanderer wordnetid="110765679" confidence="0.8"><traveler wordnetid="109629752" confidence="0.8"><causal_agent wordnetid="100007347" confidence="0.8"><nomad wordnetid="110359759" confidence="0.8"><link ns0:type="simple" ns0:href="../770/61770.xml">bedouin</link></nomad></causal_agent></traveler></wanderer></person></physical_entity>work oliv grown foothil<link>carmel mountain</link>press hour pick produc prize win extra virgin<link ns0:type="simple" ns0:href="../478/22478.xml">oliv oil</link>chariti claim activ promot peac challeng campaign<weblink ns0:type="simple" ns0:href="http://www.palestinecampaign.org/psc_news.asp?d=y id=202">accus</weblink>misleadingli attach peac label isra product reli continu injustic suffer<link ns0:type="simple" ns0:href="../267/23267.xml">palestinian</link></p><sec><st>critic</st><p>critic argu arab worker employ work isra compani promot peac resolut israelpalestin conflict black worker employ product south african gold wine diamond<link ns0:type="simple" ns0:href="../527/2200527.xml">apartheid</link>isra militari occup<link ns0:type="simple" ns0:href="../209/33209.xml">west bank</link>palestinian oliv grove regularli destroy uproot farmer deni access land checkpoint discriminatori regul routin disrupt palestinian econom life<link ns0:type="simple" ns0:href="../479/22479.xml">oliv</link>tree oil central disput occupi territori<weblink ns0:type="simple" ns0:href="http://www.american.edu/ted/ice/olive-tree.htm">well document account destruct palestinian oliv grove</weblink><weblink ns0:type="simple" ns0:href="http://www.haaretz.com/hasen/spages/873850.html">isra settler</weblink><weblink ns0:type="simple" ns0:href="http://www.guardian.co.uk/israel/Story/0,2763,473147,00.html">isra armi</weblink></p><p>chariti advisori trust ask<ref ns0:type="simple" ns0:href="#xpointer(//reflist/entry[@id=%225%22])" /><ref ns0:type="simple" ns0:href="#xpointer(//reflist/entry[@id=%226%22])" />explain disadvantag commun benefit enterpris justifi claim benefit peac oil suggest oil distract<weblink ns0:type="simple" ns0:href="http://www.zaytoun.org/">fairli trade oil produc palestinian farmer occupi territori</weblink></p><p>unrel product market usa<weblink ns0:type="simple" ns0:href="http://www.peaceoil.net/">peac oil</weblink>produc palestinian oliv market cooper isra palestinian<link ns0:type="simple" ns0:href="../147/49147.xml">fair trade</link>group support london version oliv oil west bank econom assist need<ref ns0:type="simple" ns0:href="#xpointer(//reflist/entry[@id=%227%22])" /></p></sec><sec><st>extern link</st><p><list><entry level="1" type="bullet"><weblink ns0:type="simple" ns0:href="http://www.peaceoil.org">peac oil websit</weblink></entry><entry level="1" type="bullet"><weblink ns0:type="simple" ns0:href="http://www.zaytoun.org/">fairli trade oliv oil occupi territori zaytoun</weblink></entry><entry level="1" type="bullet"><weblink ns0:type="simple" ns0:href="http://www.charitiesadvisorytrust.org.uk">chariti advisori trust websit</weblink></entry><entry level="1" type="bullet"><weblink ns0:type="simple" ns0:href="http://www.american.edu/ted/ice/olive-tree.htm">uproot oliv tree palestin report american univers washington dc</weblink></entry><entry level="1" type="bullet"><weblink ns0:type="simple" ns0:href="http://www.guardian.co.uk/g2/story/0,,2229936,00.html">guardian articl chariti peac oil best help middl east</weblink></entry><entry level="1" type="bullet"><weblink ns0:type="simple" ns0:href="http://www.palestinecampaign.org/files/newsmagazines/PN_Autumn_Winter_2007.pdf">palestin solidar campaign newslett critic peac oil autumnwint</weblink></entry></list></p></sec><sec><st>refer</st><p><reflist><entry id="1"><weblink ns0:type="simple" ns0:href="http://www.charitiesadvisorytrust.org.uk/">chariti advisori trust</weblink></entry><entry id="2"><weblink ns0:type="simple" ns0:href="http://www.guardian.co.uk/society/2004/dec/08/charityfinance.guardiansocietysupplement">guardian articl hilari blume founder chariti advisori trust keep faith hilari blume brain good gift greet card rais million pound chariti care chariti alison benjamin find guardian societi wednesday decemb</weblink></entry><entry id="3"><weblink ns0:type="simple" ns0:href="http://www.peaceoil.org/peaceoil/">peac oil websit</weblink></entry><entry id="4"><weblink ns0:type="simple" ns0:href="http://www.somethingjewish.co.uk/articles/2074_israel_expo_day.htm">israel expo day</weblink>jewish novemb</entry><entry id="5"><weblink ns0:type="simple" ns0:href="http://www.guardian.co.uk/money/2007/dec/01/moneysupplement1">join battl peac oil</weblink>debbi fink<newspaper wordnetid="106267145" confidence="0.9508927676800064"><link ns0:type="simple" ns0:href="../515/19344515.xml">guardian</link></newspaper>decemb</entry><entry id="6"><weblink ns0:type="simple" ns0:href="http://www.guardian.co.uk/israel/Story/0,,2223925,00.html">war oil name peac</weblink>mark tran guardian decemb</entry><entry id="7"><weblink ns0:type="simple" ns0:href="http://www.olives101.com/2007/04/01/peace-olive-oil-is-now-available-in-usa/Peace">oliv oil usa</weblink>oliv oliv oil news</entry></reflist></p></sec></bdy></organization></article>