<article xmlns:ns0="http://www.w3.org/1999/xlink"><region confidence="0.8" wordnetid="108630985"><administrative_district confidence="0.8" wordnetid="108491826"><location confidence="0.8" wordnetid="100027167"><municipality confidence="0.8" wordnetid="108626283"><geographical_area confidence="0.8" wordnetid="108574314"><district confidence="0.8" wordnetid="108552138"><urban_area confidence="0.8" wordnetid="108675967"><header><title>ayerb</title><id /><revision><id /><timestamp>tz</timestamp><contributor><username /><id /></contributor></revision><categories><category>municip huesca</category></categories></header><bdy><image location="right" width="150px" src="Escudo_de_Ayerbe.png" type="thumb"><caption>coat arm ayerb</caption></image><image location="right" width="150px" src="LocationAyerbe.png" type="thumb"><caption>locat ayerb</caption></image>ayerb town<link ns0:type="simple" ns0:href="../495/5432495.xml">hoya de huesca</link><link ns0:type="simple" ns0:href="../834/1555834.xml">comarca</link><subdivision wordnetid="108674251" confidence="0.8"><region wordnetid="108630985" confidence="0.8"><location wordnetid="100027167" confidence="0.8"><tract wordnetid="108673395" confidence="0.8"><geographical_area wordnetid="108574314" confidence="0.8"><link ns0:type="simple" ns0:href="../002/55002.xml">autonom commun</link></geographical_area></tract></location></region></subdivision><region wordnetid="108630039" confidence="0.8"><social_group wordnetid="107950920" confidence="0.8"><location wordnetid="100027167" confidence="0.8"><gathering wordnetid="107975026" confidence="0.8"><community wordnetid="108223802" confidence="0.8"><group wordnetid="100031264" confidence="0.8"><link ns0:type="simple" ns0:href="../443/39443.xml">aragon</link></group></community></gathering></location></social_group></region><system wordnetid="108435388" confidence="0.8"><economy wordnetid="108366753" confidence="0.8"><group wordnetid="100031264" confidence="0.8"><link ns0:type="simple" ns0:href="../667/26667.xml">spain</link></group></economy></system><sec><st>geographi</st><p>ayerb locat<site wordnetid="108651247" confidence="0.8"><region wordnetid="108630985" confidence="0.8"><location wordnetid="100027167" confidence="0.8"><tract wordnetid="108673395" confidence="0.8"><batch wordnetid="113774404" confidence="0.8"><large_indefinite_quantity wordnetid="113757724" confidence="0.8"><geographical_area wordnetid="108574314" confidence="0.8"><indefinite_quantity wordnetid="113576355" confidence="0.8"><link ns0:type="simple" ns0:href="../298/68298.xml">huesca</link></indefinite_quantity></geographical_area></large_indefinite_quantity></batch></tract></location></region></site>highway direct<village wordnetid="108672738" confidence="0.9508927676800064"><link ns0:type="simple" ns0:href="../732/59732.xml">pamplona</link></village>gllego river bound riglo crag santo domingo rang hill north east villag loarr loscorral south villag lupinortilla west villag biscarru murillo de gllego locat<weblink ns0:type="simple" ns0:href="http://stable.toolserver.org/geohack/geohack.php?pagename=Ayerbe params=42_16_36_N_00_41_21_W_type:city_region:ES" /><link ns0:type="simple" ns0:href="../361/48361.xml">coordin</link><weblink ns0:type="simple" ns0:href="http://stable.toolserver.org/geohack/geohack.php?pagename=Ayerbe params=42_16_36_N_00_41_21_W_type:city_region:ES" />height sea level<site wordnetid="108651247" confidence="0.8"><region wordnetid="108630985" confidence="0.8"><administrative_district wordnetid="108491826" confidence="0.8"><location wordnetid="100027167" confidence="0.8"><tract wordnetid="108673395" confidence="0.8"><municipality wordnetid="108626283" confidence="0.8"><geographical_area wordnetid="108574314" confidence="0.8"><district wordnetid="108552138" confidence="0.8"><urban_area wordnetid="108675967" confidence="0.8"><city wordnetid="108524735" confidence="0.8"><link ns0:type="simple" ns0:href="../ury/25th_century.xml">alicant</link></city></urban_area></district></geographical_area></municipality></tract></location></administrative_district></region></site>area squar<link ns0:type="simple" ns0:href="../510/50510.xml">kilometr</link>locat excav eros depress surfac<link ns0:type="simple" ns0:href="../253/30253.xml">tertiari period</link></p><p>soil dri loos stoni gener level sprinkl small isol hill land cover oliv almond tree vineyard make comeback area cereal product east south popul evergreen oak rosemari gors shrub addit grass occasion occurr rabbit hare partridg</p><p>area attract bird watcher<link ns0:type="simple" ns0:href="../633/186633.xml">lammergei</link><link>griffon vultur</link><link>egyptian vultur</link>well wide varieti bird prey hunter find plenti wild boar deer well partridg quail</p><p>hill rang ayerb prepyrene reach town plain foot rang eventu lead river ebro</p></sec><sec><st>point interest</st><p><image location="left" width="150px" src="Palacio_de_Ayerbe.JPG" type="thumb"><caption>thcenturi palacio marquess de ayerb privat build music school</caption></image>town center featur rectangular squar side<painting wordnetid="103876519" confidence="0.9508927676800064"><link ns0:type="simple" ns0:href="../568/34568.xml">thcenturi</link></painting>palac marquess de ayerb declar histor monument gener collect domest architectur architectur distinguish build ayerb worth visit</p><p>ayerb main claim fame<link>santiago ramn cajal</link>winner<link ns0:type="simple" ns0:href="../201/21201.xml">nobel prize</link>physiolog medicin live ten year town promot memori<weblink ns0:type="simple" ns0:href="http://www.aragob.es/pre/cido/cajayer1.htm#">museum</weblink>visitor centr ayerb librari hold collect cajalrel book work document public</p><p>ayerb public librari casino bar municip swim pool town network footpath field highway walker cyclist restaur hotel bed breakfast accommod well tourist center summer month town squar attract includ fontaneta park<weblink ns0:type="simple" ns0:href="http://stable.toolserver.org/geohack/geohack.php?pagename=Ayerbe params=42_16_43_N_00_41_19_W_type:landmark_region:ES" />la fuent de lo tre cao fountain</p><p>hill directli town locat renov chapel moorish castl ruin reach foot terrain vehicl provid excel view surround countrysid pyrene</p><p>town region torta de ayerb sweet flat round pastri flavour anise visitor purchas locallyproduc wine oliv oil honey</p></sec><sec><st>fiesta celebr</st><p><image location="left" width="150px" src="Ayerbe.gigantes.2005.6.18.4.jpg" type="thumb"><caption>ayerb giant parad year feast st leticia</caption></image><fundamental_quantity wordnetid="113575869" confidence="0.8"><time_period wordnetid="115113229" confidence="0.8"><festival wordnetid="115162388" confidence="0.8"><link ns0:type="simple" ns0:href="../262/696262.xml">fiesta</link></festival></time_period></fundamental_quantity><saint wordnetid="110546850" confidence="0.9508927676800064"><link ns0:type="simple" ns0:href="../792/7457792.xml">santa leticia</link></saint>take place septemb last day sculptur saint carri process pedest garland grape figur<link ns0:type="simple" ns0:href="../903/53903.xml">giant</link>cabezudo parad street<link ns0:type="simple" ns0:href="../493/59493.xml">pyrotechn</link>figur bull race town night</p><p>meet giant aragon place town bring giant figur<region wordnetid="108630039" confidence="0.8"><social_group wordnetid="107950920" confidence="0.8"><location wordnetid="100027167" confidence="0.8"><gathering wordnetid="107975026" confidence="0.8"><community wordnetid="108223802" confidence="0.8"><group wordnetid="100031264" confidence="0.8"><link ns0:type="simple" ns0:href="../443/39443.xml">aragon</link></group></community></gathering></location></social_group></region>band musician figurecarri</p><p>week mushroom celebr town year month octob constitut social event intern level</p></sec><sec><st /><p><list><entry level="1" type="bullet"><weblink ns0:type="simple" ns0:href="http://es.wikipedia.org/wiki/Palacio_de_Ayerbe">palac ayerb</weblink>articl spanish wikipedia spanish</entry></list></p></sec><sec><st>extern link</st><p><list><entry level="1" type="bullet"><weblink ns0:type="simple" ns0:href="http://www.fontaneta.blogspot.com/">fontanetablogspotcom</weblink></entry><entry level="1" type="bullet"><weblink ns0:type="simple" ns0:href="http://www.reinodelosmallos.com/">reino de lo mallo</weblink></entry><entry level="1" type="bullet"><weblink ns0:type="simple" ns0:href="http://www.ayerbe.es/">wwwayerbe</weblink></entry><entry level="1" type="bullet"><weblink ns0:type="simple" ns0:href="http://www.carnicraba.com/">carnicraba</weblink></entry><entry level="1" type="bullet"><image width="20px" src="Speaker_Icon.svg" /><weblink ns0:type="simple" ns0:href="http://usuarios.lycos.es/juandayerbe/casbas.html">himno la virgen de casba fichero audio mid</weblink></entry></list></p></sec></bdy></urban_area></district></geographical_area></municipality></location></administrative_district></region></article>