<article xmlns:ns0="http://www.w3.org/1999/xlink"><contest confidence="0.9511911446218017" wordnetid="107456188"><header><title>krkpnar</title><id /><revision><id /><timestamp>tz</timestamp><contributor><username>barticu</username><id /></contributor></revision><categories><category>sport competit</category><category>sport amsterdam</category><category>sport edirn</category></categories></header><bdy><b>krkpnar</b><link ns0:type="simple" ns0:href="../639/11125639.xml">turkish</link>oilwrestl<language wordnetid="106282651" confidence="0.9508927676800064"><link ns0:type="simple" ns0:href="../992/29992.xml">turkish</link></language><it><link>yal gre</link></it>tournament held annual late june<village wordnetid="108672738" confidence="0.9508927676800064"><link ns0:type="simple" ns0:href="../887/216887.xml">edirn</link></village><link ns0:type="simple" ns0:href="../639/11125639.xml">turkey</link><sec><st>histori</st><ss1><st>oldest evid</st><p>histori oil wrestl link straight bc evid<region wordnetid="108630985" confidence="0.8"><administrative_district wordnetid="108491826" confidence="0.8"><location wordnetid="100027167" confidence="0.8"><empire wordnetid="108557482" confidence="0.8"><domain wordnetid="108556491" confidence="0.8"><district wordnetid="108552138" confidence="0.8"><country wordnetid="108544813" confidence="0.8"><link ns0:type="simple" ns0:href="../874/874.xml">ancient egypt</link></country></district></domain></empire></location></administrative_district></region><site wordnetid="108651247" confidence="0.8"><region wordnetid="108630985" confidence="0.8"><administrative_district wordnetid="108491826" confidence="0.8"><location wordnetid="100027167" confidence="0.8"><tract wordnetid="108673395" confidence="0.8"><geographical_area wordnetid="108574314" confidence="0.8"><district wordnetid="108552138" confidence="0.8"><country wordnetid="108544813" confidence="0.8"><link ns0:type="simple" ns0:href="../80s/2080s.xml">assyria</link></country></district></geographical_area></tract></location></administrative_district></region></site><link ns0:type="simple" ns0:href="../883/46883.xml">babylonian</link>bodi evid tini bronz excav<link>chafadji</link>templ clear plain daylight bronz concern oilwrestl athlet pictur oilvessel head</p><p>oldest proof exist oilwrestl ancient egypt limeston tomb<link>ptahhoteb</link><link ns0:type="simple" ns0:href="../493/1318493.xml">sakkara</link>dynasti bc period chafadjibronz</p><p>appeal proof year paint cartoon tomb<region wordnetid="108630985" confidence="0.8"><point wordnetid="108620061" confidence="0.8"><administrative_district wordnetid="108491826" confidence="0.8"><location wordnetid="100027167" confidence="0.8"><municipality wordnetid="108626283" confidence="0.8"><topographic_point wordnetid="108664443" confidence="0.8"><grave wordnetid="103455033" confidence="0.8"><geographical_area wordnetid="108574314" confidence="0.8"><town wordnetid="108665504" confidence="0.8"><district wordnetid="108552138" confidence="0.8"><urban_area wordnetid="108675967" confidence="0.8"><link ns0:type="simple" ns0:href="../773/2073773.xml">beni hasan</link></urban_area></district></town></geographical_area></grave></topographic_point></municipality></location></administrative_district></point></region>egypt deceas occupi tomb famou oilwrestl time</p><p>pictur greas wrestler oil store reed stem wrestl start pictur yesterday krkpinar pictur unchang three step triumph oil wrestl period trace basic rule</p><p>centuri<country wordnetid="108544813" confidence="0.9508927676800064"><link ns0:type="simple" ns0:href="../116/49116.xml">persian</link></country>conquest egypt<country wordnetid="108544813" confidence="0.9508927676800064"><link ns0:type="simple" ns0:href="../116/49116.xml">persian</link></country><link ns0:type="simple" ns0:href="../648/64648.xml">shah</link>king occupi throne<sovereign wordnetid="110628644" confidence="0.8"><physical_entity wordnetid="100001930" confidence="0.8"><representative wordnetid="110522035" confidence="0.8"><communicator wordnetid="109610660" confidence="0.8"><person wordnetid="100007846" confidence="0.8"><leader wordnetid="109623038" confidence="0.8"><causal_agent wordnetid="100007347" confidence="0.8"><head wordnetid="110162991" confidence="0.8"><head_of_state wordnetid="110164747" confidence="0.8"><ruler wordnetid="110541229" confidence="0.8"><negotiator wordnetid="110351874" confidence="0.8"><link ns0:type="simple" ns0:href="../294/23294.xml">pharaoh</link></negotiator></ruler></head_of_state></head></causal_agent></leader></person></communicator></representative></physical_entity></sovereign></p></ss1><ss1><st>oilwrestl iran</st><p>histori oilwrestl tournament today link persian mythic era<physical_entity wordnetid="100001930" confidence="0.8"><communicator wordnetid="109610660" confidence="0.8"><person wordnetid="100007846" confidence="0.8"><poet wordnetid="110444194" confidence="0.8"><causal_agent wordnetid="100007347" confidence="0.8"><writer wordnetid="110794014" confidence="0.8"><link ns0:type="simple" ns0:href="../580/193580.xml">ferdowsi</link></writer></causal_agent></poet></person></communicator></physical_entity>shahnameh start bc legendari<link ns0:type="simple" ns0:href="../229/990229.xml">pehlivan</link>era call<story wordnetid="106369829" confidence="0.8"><legend wordnetid="106371413" confidence="0.8"><literary_composition wordnetid="106364329" confidence="0.8"><fictional_character wordnetid="109587565" confidence="0.8"><written_communication wordnetid="106349220" confidence="0.8"><writing wordnetid="106362953" confidence="0.8"><imaginary_being wordnetid="109483738" confidence="0.8"><fiction wordnetid="106367107" confidence="0.8"><link ns0:type="simple" ns0:href="../482/1571482.xml">rostam</link></fiction></imaginary_being></writing></written_communication></fictional_character></literary_composition></legend></story>hero constantli save countri evil forc</p><p>ceremoni start oilwrestl call persian<link ns0:type="simple" ns0:href="../063/11320063.xml">peshrev</link>clear link<country wordnetid="108544813" confidence="0.9508927676800064"><link ns0:type="simple" ns0:href="../653/14653.xml">iran</link></country>ian institut zurkhan liter hous strength build consist court men will perform arrang galleri ostad master morsh spiritu leader musician nowaday music accompani consist drum recit portion ferdowsi<link ns0:type="simple" ns0:href="../608/193608.xml">shahnam</link>rhythm employ varieti movement associ includ display strength manipul heavi object weight chain acrobat</p><p>origin peshrev consid warm greettheaudi ceremoni participatori form danc usual stepright stepleft stepright kickleft stepleft kickright danc area</p></ss1><ss1><st>grecoroman oilwrestl</st><p>word pehlivan wrestler period parthian bc ad expel<link ns0:type="simple" ns0:href="../540/66540.xml">greek</link>iran</p></ss1><ss1><st>hun defeat roman edirn</st><p><group wordnetid="100031264" confidence="0.8"><people wordnetid="107942152" confidence="0.8"><link ns0:type="simple" ns0:href="../519/13519.xml">hun</link></people></group>arriv fring<country wordnetid="108544813" confidence="0.9508927676800064"><link ns0:type="simple" ns0:href="../507/25507.xml">roman empir</link></country>late centuri ride hors great<link ns0:type="simple" ns0:href="../048/54048.xml">stepp</link><region wordnetid="108630985" confidence="0.8"><region wordnetid="108630039" confidence="0.8"><location wordnetid="100027167" confidence="0.8"><hot_spot wordnetid="108586330" confidence="0.8"><geographical_area wordnetid="108574314" confidence="0.8"><link ns0:type="simple" ns0:href="../742/6742.xml">central asia</link></geographical_area></hot_spot></location></region></region><country wordnetid="108544813" confidence="0.9508927676800064"><link ns0:type="simple" ns0:href="../867/11867.xml">germani</link></country><country wordnetid="108544813" confidence="0.9508927676800064"><link ns0:type="simple" ns0:href="../419/5843419.xml">franc</link></country>approach<vessel wordnetid="104531098" confidence="0.8"><artifact wordnetid="100021939" confidence="0.8"><instrumentality wordnetid="103575240" confidence="0.8"><basin wordnetid="102801525" confidence="0.8"><container wordnetid="103094503" confidence="0.8"><link ns0:type="simple" ns0:href="../386/3386.xml">black sea</link></container></basin></instrumentality></artifact></vessel>conquer<ethnic_group wordnetid="107967382" confidence="0.8"><group wordnetid="100031264" confidence="0.8"><people wordnetid="107942152" confidence="0.8"><link ns0:type="simple" ns0:href="../428/22428.xml">ostrogoth</link></people></group></ethnic_group>drove<ethnic_group wordnetid="107967382" confidence="0.8"><group wordnetid="100031264" confidence="0.8"><people wordnetid="107942152" confidence="0.8"><link ns0:type="simple" ns0:href="../530/32530.xml">visigoth</link></people></group></ethnic_group><stream wordnetid="109448361" confidence="0.8"><body_of_water wordnetid="109225146" confidence="0.8"><river wordnetid="109411430" confidence="0.8"><link ns0:type="simple" ns0:href="../969/7969.xml">danub</link></river></body_of_water></stream>roman empir caus crisi led astound defeat roman armi emperor<emperor wordnetid="110053004" confidence="0.9508927676800064"><link ns0:type="simple" ns0:href="../519/32519.xml">valen</link></emperor><link ns0:type="simple" ns0:href="../887/216887.xml">adrianopl</link>edirn ad</p><p>hun fanat wrestler well horsemen secur strong posit roman side danub hun check roman armi gener<link ns0:type="simple" ns0:href="../027/145027.xml">aspar</link>thrace</p><p>pehlivan<link ns0:type="simple" ns0:href="../841/841.xml">attila</link><link ns0:type="simple" ns0:href="../857/36857.xml">thrace</link>stop emperor<link>thodosiu ii</link>beg term negoti romanhun wrestl competit held<link ns0:type="simple" ns0:href="../088/145088.xml">thermopyla</link>disput settl wrest match winner attila accept payment tribut arrear annual tribut pound gold territori south<stream wordnetid="109448361" confidence="0.8"><body_of_water wordnetid="109225146" confidence="0.8"><river wordnetid="109411430" confidence="0.8"><link ns0:type="simple" ns0:href="../969/7969.xml">danub</link></river></body_of_water></stream></p><p>three year emperor theodosiu fell hors die successor<emperor wordnetid="110053004" confidence="0.9508927676800064"><link ns0:type="simple" ns0:href="../739/53739.xml">marcian</link></emperor>refus pay attila hun decid leav sister roman emperor<person wordnetid="100007846" confidence="0.9508927676800064"><emperor wordnetid="110053004" confidence="0.9508927676800064"><link ns0:type="simple" ns0:href="../647/74647.xml">valentinian iii</link></emperor></person>love<link ns0:type="simple" ns0:href="../785/960785.xml">honoria</link>ring messag king hun ask attila champion atilla agre marriag propos sister roman emperor prison atilla decid care dowri cross<river wordnetid="109411430" confidence="0.9508927676800064"><link ns0:type="simple" ns0:href="../845/25845.xml">rhine</link></river><region wordnetid="108630985" confidence="0.8"><administrative_district wordnetid="108491826" confidence="0.8"><location wordnetid="100027167" confidence="0.8"><commune wordnetid="108541609" confidence="0.8"><municipality wordnetid="108626283" confidence="0.8"><geographical_area wordnetid="108574314" confidence="0.8"><district wordnetid="108552138" confidence="0.8"><urban_area wordnetid="108675967" confidence="0.8"><city wordnetid="108524735" confidence="0.8"><link ns0:type="simple" ns0:href="../906/57906.xml">metz</link></city></urban_area></district></geographical_area></municipality></commune></location></administrative_district></region>sack<link ns0:type="simple" ns0:href="../845/48845.xml">rheim</link><location wordnetid="100027167" confidence="0.9508927676800064"><link ns0:type="simple" ns0:href="../537/20537.xml">mainz</link></location><country wordnetid="108544813" confidence="0.9508927676800064"><link ns0:type="simple" ns0:href="../407/37407.xml">strasbourg</link></country><link ns0:type="simple" ns0:href="../187/6187.xml">cologn</link><location wordnetid="100027167" confidence="0.9508927676800064"><country wordnetid="108544813" confidence="0.9508927676800064"><link ns0:type="simple" ns0:href="../896/33896.xml">worm</link></country></location><link ns0:type="simple" ns0:href="../317/30317.xml">trier</link><link ns0:type="simple" ns0:href="../818/75818.xml">orlean</link>sieg attila invad<system wordnetid="108435388" confidence="0.8"><economy wordnetid="108366753" confidence="0.8"><group wordnetid="100031264" confidence="0.8"><link ns0:type="simple" ns0:href="../532/14532.xml">itali</link></group></economy></system><physical_entity wordnetid="100001930" confidence="0.8"><person wordnetid="100007846" confidence="0.8"><genitor wordnetid="110126708" confidence="0.8"><father wordnetid="110080869" confidence="0.8"><doctor wordnetid="110020890" confidence="0.8"><leader wordnetid="109623038" confidence="0.8"><spiritual_leader wordnetid="109505153" confidence="0.8"><progenitor wordnetid="110126806" confidence="0.8"><ancestor wordnetid="109792555" confidence="0.8"><priest wordnetid="110470779" confidence="0.8"><bishop wordnetid="109857200" confidence="0.8"><good_person wordnetid="110138767" confidence="0.8"><intellectual wordnetid="109621545" confidence="0.8"><parent wordnetid="110399491" confidence="0.8"><health_professional wordnetid="110165109" confidence="0.8"><archbishop wordnetid="109805151" confidence="0.8"><adult wordnetid="109605289" confidence="0.8"><theologian wordnetid="110705615" confidence="0.8"><professional wordnetid="110480253" confidence="0.8"><relative wordnetid="110235549" confidence="0.8"><saint wordnetid="110546850" confidence="0.8"><clergyman wordnetid="109927451" confidence="0.8"><medical_practitioner wordnetid="110305802" confidence="0.8"><causal_agent wordnetid="100007347" confidence="0.8"><scholar wordnetid="110557854" confidence="0.8"><link ns0:type="simple" ns0:href="../692/44692.xml">pope leo</link></scholar></causal_agent></medical_practitioner></clergyman></saint></relative></professional></theologian></adult></archbishop></health_professional></parent></intellectual></good_person></bishop></priest></ancestor></progenitor></spiritual_leader></leader></doctor></father></genitor></person></physical_entity>northern itali meet great pehlivan pay spare<site wordnetid="108651247" confidence="0.9508927676800064"><village wordnetid="108672738" confidence="0.9508927676800064"><link ns0:type="simple" ns0:href="../458/25458.xml">rome</link></village></site>abandon papal soil</p><p>honoria year attila young beauti bride name<link ns0:type="simple" ns0:href="../306/87306.xml">ildico</link>wed day spent greatest wrestl match time parti king hun bride bed night night die drown noseble empir hun dissip famou leader ostrogoth<link ns0:type="simple" ns0:href="../446/12446.xml">german tribe</link>revolt son attila quarrel deal crisi buri hun scatter wind</p></ss1><ss1><st>oilwrestl sultan shah</st><p>period<link ns0:type="simple" ns0:href="../917/6037917.xml">islam</link>brought<link ns0:type="simple" ns0:href="../854/854.xml">asia minor</link>spiritu philosophi physic garment pehlivan oilwrestl establish sport iran<country wordnetid="108544813" confidence="0.9508927676800064"><link ns0:type="simple" ns0:href="../278/22278.xml">ottoman empir</link></country>alik wrestl nation sport iran wrestl grew customari institut<link>zurkhan</link>strong hous peopl socialis engag athlet exercis wrestler strongman popular cultur persian term big neck pahlavan knightli hero freeliv spirit gener loyal</p><p>year adapt organ edirn krkpnar<country wordnetid="108544813" confidence="0.9508927676800064"><link ns0:type="simple" ns0:href="../278/22278.xml">ottoman</link></country>soldier start organ annual oilwrestl tournament krkpnar wrestl field<link>samona</link>villag<link ns0:type="simple" ns0:href="../796/100796.xml">guin book record</link>legend krkpnar world oldest continu sanction sport competit</p><p>bout finalist last night defeat dead morn bodi intertwin buri underneath nearbi fig tree comrad head conquer edirn</p><p>conquest soldier fig tree surround crystalclear spring renam surround meadow ahirki krkpnar translat<language wordnetid="106282651" confidence="0.9508927676800064"><link ns0:type="simple" ns0:href="../992/29992.xml">turkish</link></language>forti spring forti sourc</p><p>commemor heroism conquer warrior wrestl tournament reenact annual site oldest stillcontest sanction sport competit began</p><p>tale myth stori common respect oilwrestl pehlivan stronger well built bodi cloth heavi<link ns0:type="simple" ns0:href="../062/18062.xml">leather</link>pant till today wrestler pour oliv oil bodi younger wrestler defeat older wrestler kiss older wrestler hand</p><p>historian burhan katia word pehlivan offic governor huge honest person<painting wordnetid="103876519" confidence="0.9508927676800064"><link ns0:type="simple" ns0:href="../568/34568.xml">centuri</link></painting>term exclus ottoman empir wrestl sportsman</p><p>time<link>sleyman</link>magnific bignameplay<peer wordnetid="110412910" confidence="0.8"><count wordnetid="109969218" confidence="0.8"><duke wordnetid="110038620" confidence="0.8"><link ns0:type="simple" ns0:href="../716/70716.xml">charl</link></duke></count></peer>holi roman emperor rule<system wordnetid="108435388" confidence="0.8"><economy wordnetid="108366753" confidence="0.8"><group wordnetid="100031264" confidence="0.8"><link ns0:type="simple" ns0:href="../667/26667.xml">spain</link></group></economy></system>germani part itali<link ns0:type="simple" ns0:href="../187/14187.xml">henri viii</link>tudor king england<link ns0:type="simple" ns0:href="../371/595371.xml">franci</link><link ns0:type="simple" ns0:href="../241/62241.xml">valoi</link>king franc</p><p>sleyman land kanuni legisl reign succeed son<physical_entity wordnetid="100001930" confidence="0.8"><person wordnetid="100007846" confidence="0.8"><sultan wordnetid="110674315" confidence="0.8"><causal_agent wordnetid="100007347" confidence="0.8"><ruler wordnetid="110541229" confidence="0.8"><link ns0:type="simple" ns0:href="../223/28223.xml">selim ii</link></ruler></causal_agent></sultan></person></physical_entity><physical_entity wordnetid="100001930" confidence="0.8"><architect wordnetid="109805475" confidence="0.8"><person wordnetid="100007846" confidence="0.8"><engineer wordnetid="109615807" confidence="0.8"><causal_agent wordnetid="100007347" confidence="0.8"><creator wordnetid="109614315" confidence="0.8"><link ns0:type="simple" ns0:href="../874/561874.xml">sinan</link></creator></causal_agent></engineer></person></architect></physical_entity>build<structure wordnetid="104341686" confidence="0.8"><building wordnetid="102913152" confidence="0.8"><artifact wordnetid="100021939" confidence="0.8"><mosque wordnetid="103788195" confidence="0.8"><place_of_worship wordnetid="103953416" confidence="0.8"><link ns0:type="simple" ns0:href="../987/1815987.xml">selimiy</link></place_of_worship></mosque></artifact></building></structure>edirn consid turkey beauti mosqu</p><p>era<link ns0:type="simple" ns0:href="../989/19989.xml">murat iii</link>ottoman empir reach largest geograph area histori</p><p>peac agreement reach murat iii persian shah model wrestl pant period model iranian pahlivan turkish pehlivan turkish wrestl pant leather call<link>kispet</link>iranian pahlivan wear pirpet silk</p><p>famou wrestler iran<site wordnetid="108651247" confidence="0.9508927676800064"><village wordnetid="108672738" confidence="0.9508927676800064"><link ns0:type="simple" ns0:href="../396/3391396.xml">istanbul</link></village></site>compet ottoman champion turkish champ invit persia strength</p></ss1><ss1><st>collect strong men</st><p>recruit prison war<link ns0:type="simple" ns0:href="../814/505814.xml">devsirm</link>slave sourc devsirm best strongest guy recruit provinc ottoman empir strongest healtiest boy chanc pehlivan free honest histori trust behaviour</p><p>influenc iranian sport huge turkey tradit start oilwrestl bout call peshrev<language wordnetid="106282651" confidence="0.9508927676800064"><link ns0:type="simple" ns0:href="../600/11600.xml">persian languag</link></language>languag reform turkey wrestler call pehlivan persian hero</p><p>ottoman empir wrestl championship held citi villag annual wrestl nowaday wrestl occur varieti context includ social ceremoni event wrestl religi festiv day special even muslim fastingmonth<fundamental_quantity wordnetid="113575869" confidence="0.8"><time_period wordnetid="115113229" confidence="0.8"><time wordnetid="115122231" confidence="0.8"><festival wordnetid="115162388" confidence="0.8"><day wordnetid="115123115" confidence="0.8"><link ns0:type="simple" ns0:href="../173/26173.xml">ramadan</link></day></festival></time></time_period></fundamental_quantity>agricultur event<link ns0:type="simple" ns0:href="../425/8718425.xml">circumcis</link>wed special occas chariti wrestl competit organ palac best wrestler accept train member elit<link ns0:type="simple" ns0:href="../311/166311.xml">janissari</link>corp</p></ss1><ss1><st>oilwrestl french impratric eugeni</st><p>ottoman sultan visit franc oilwrestl entourag impratric<link ns0:type="simple" ns0:href="../400/3484400.xml">eugeni</link>visit wrestlingtourna wrestl tough oilwrestl harder consid difficult sport day express fort comm une turc strong turk reviv crusadeday</p></ss1><ss1><st>virantekk</st><p><link ns0:type="simple" ns0:href="../823/4823.xml">balkan war</link>place origin krkpnar oilwrestl left annual match reloc krkpnar samona<link>virantekk</link><region wordnetid="108630985" confidence="0.8"><crossing wordnetid="100297532" confidence="0.8"><location wordnetid="100027167" confidence="0.8"><change wordnetid="100191142" confidence="0.8"><settlement wordnetid="108672562" confidence="0.8"><travel wordnetid="100295701" confidence="0.8"><village wordnetid="108672738" confidence="0.8"><event wordnetid="100029378" confidence="0.8"><action wordnetid="100037396" confidence="0.8"><geographical_area wordnetid="108574314" confidence="0.8"><act wordnetid="100030358" confidence="0.8"><motion wordnetid="100279835" confidence="0.8"><psychological_feature wordnetid="100023100" confidence="0.8"><link ns0:type="simple" ns0:href="../248/7580248.xml">kapitan andreevo</link></psychological_feature></motion></act></geographical_area></action></event></village></travel></settlement></change></location></crossing></region>checkpoint<country wordnetid="108544813" confidence="0.9508927676800064"><link ns0:type="simple" ns0:href="../415/3415.xml">bulgaria</link></country>border</p></ss1><ss1><st>edirn</st><p>year annual oilwrestl competit krkpnar move place bout held<link>sarayii</link>island edirn</p><p>ottoman sultan exil<country wordnetid="108544813" confidence="0.9508927676800064"><link ns0:type="simple" ns0:href="../137/19137.xml">malta</link></country>left great empir tradit replac western languag purifi replac persian arab origin french sport prevail western sport stake<link>atatrk</link>thought wrestl organ directli sponsorship order<link>selim srr tarcan</link>restyl oilwrestl guidelin sport turkish republ</p><p>winner edirn longer<link>bapehlivan</link>krkpnar champion turkey tradit prize altin kemer golden belt hors donkey camel winner nice modern medal rest modern</p><p>rumor pehlivan gold livestock titl medal<link ns0:type="simple" ns0:href="../239/9239.xml">europ</link>offic respons sport republ allow win wrestler highest categori bapehlivan year award hors camel sheep duck organ selim srr tarcan restraint<link>golden belt</link>edirn krkpnar sole turkish champion winner three consecut year owner valuabl object weight altin kemer limit topmost gram carat gold</p><p>krkpnar wrestl competit edirn held protector<rank wordnetid="114429985" confidence="0.8"><military_rank wordnetid="114431471" confidence="0.8"><status wordnetid="113945919" confidence="0.8"><state wordnetid="100024720" confidence="0.8"><link ns0:type="simple" ns0:href="../433/19407433.xml">agha</link></state></status></military_rank></rank>agha welcom guest put hotel dinner organ festiv hand prize winner categori final krkpnar organ agha hold auction bid ram sheep highest bidder agha year krkpnar number sponsor</p><p>econom depress hit turkey agha selim srr tarcan turkish<link ns0:type="simple" ns0:href="../487/15487.xml">red cross</link>kzlay institut child care ocuk esirgem kurumu respons organ host guest</p><p>day agha match disqualifi wrestler cancel wrestl event nowaday organ committe decis red cross child care organ edirn krkpnar year organ municip servic</p></ss1><ss1><st>edirn krkpnar municip servic</st><p>mayor edirn tahsin sipka sign edirn municip respons organ edirn krkpnar year mayor sipka edirn krkpnar municip servic</p><p>year oilwrestl game held turkey host spectat averag</p></ss1><ss1><st>introduct time</st><p>time limit wrestl krkpnar pehlivan wrestl day establish superior wrestl game morn dusk beat day wrestl limit minut bapehlivan categori winner limit pehlivan wrestl minut score record score point period accept winner categori wrestl time limit minut winner minut score wrestl</p></ss1><ss1><st>feder</st><p><link ns0:type="simple" ns0:href="../818/15818.xml">june</link><link ns0:type="simple" ns0:href="../636/34636.xml" />turkish feder tradit sport branch geleneksel spor dallari federasyonu accept turkish ministri ride oilwrestl abawrestl tradit sport assembl feder alper yazoglu</p></ss1><ss1><st>oilwrestl hit europ amsterdam</st><p>annual krkpnar edirn agha mc hseyin sahin agre veyi gngr chairman trkevi<village wordnetid="108672738" confidence="0.9508927676800064"><link ns0:type="simple" ns0:href="../844/844.xml">amsterdam</link></village><link ns0:type="simple" ns0:href="../563/12281563.xml">moham elfer</link><link>mokumtv</link>amsterdam unit forc promot tradit oilwrestl europ three day elfer film match</p><p><link ns0:type="simple" ns0:href="../765/27765.xml">septemb</link><link ns0:type="simple" ns0:href="../636/34636.xml" />mokumtv start weekli program amsterdam channel prove start fast grow respect europ uniqu highli esthet mother sport</p><p>late hseyin sahin speech attend turkish presid<link>sleyman demirel</link>edirnemayor hamdi sedefi veyi gngr moham elfer krkpnar will exceed border turkey unit</p><p>champion wrestler attend edirn krkpnar applaud news amsterdam krkpnar speech award ceremoni presid sleyman demirel turkey continu rais worldfam wrestler veyi gngr told press enthusiast reaction europ prove tradit turkish sport everlast televis video gain popular nonturkish peopl well organ come amsterdam krkpnar receiv day news releas letter oilwrestl turkey enter competit titl eurochampion amsterdam krkpnar</p><p>mother sport western europ european champion leagu held amsterdam televis team cover event scene amsterdam krkpnar<channel wordnetid="106259898" confidence="0.9508927676800064"><link ns0:type="simple" ns0:href="../028/62028.xml">cnn</link></channel><network wordnetid="108434259" confidence="0.9508927676800064"><link ns0:type="simple" ns0:href="../654/19344654.xml">bbc</link></network>alik</p><p>european oilwrestl championship held amsterdam final wrestler turkey<link ns0:type="simple" ns0:href="../148/21148.xml">netherland</link>european countri winner cengiz elbey edirn krkpnar oilwrestl champion address ceremoni held start match erkut onart turkish consul gener netherland believ friendship turkish societi european countri intensifi kind cultur valu brought europ</p><p>oilwrestl amsterdam annual edirn</p></ss1><ss1><st>special branch</st><p>oilwrestl accept special branch turkish olymp wrestl feder sport polit turkish feder tradit sport branch geleneksel spor dallari federasyonu offici accept feder repres oilwrestl tradit turkish sport</p></ss1><ss1><st>antidop control</st><p>antidop control introduc time turkish olymp wrestl feder edirn krkpnar</p></ss1><ss1><st>foreign oilwrestl reject edirn</st><p>oilwrestl grow sport limit turkey sad difficult foreign wrestler enter nation turkish championship dutch oilwrestl melvin witteveen entri edirn reject kadir yilmaz beaten witteveen week earlier amsterdam krkpnar allow particip doubl turkodutch nation</p><p>winner categori amsterdam krkpnar holland consid european champion creat strang fact intern standard amsterdam krkpnar top edirn nation championship turkey repudi nonturkish entri</p><p>bout wrestler pour<link ns0:type="simple" ns0:href="../478/22478.xml">oliv oil</link>entir bodi match place open grassi field contest nake trouser leather extend knee victori achiev wrestler pin ground form wrestl lift oppon shoulder</p><p>event attract attent<link ns0:type="simple" ns0:href="../639/11125639.xml">turkey</link>style wrestl began spread<region wordnetid="108630039" confidence="0.8"><location wordnetid="100027167" confidence="0.8"><link ns0:type="simple" ns0:href="../800/33800.xml">western europ</link></location></region>popular<system wordnetid="108435388" confidence="0.8"><economy wordnetid="108366753" confidence="0.8"><group wordnetid="100031264" confidence="0.8"><link ns0:type="simple" ns0:href="../148/21148.xml">netherland</link></group></economy></system>host annual version tournament attract particip europ<link>yal gre</link>wrestl match held<link ns0:type="simple" ns0:href="../573/15573.xml">japan</link></p><p>guin record longest run sport competit</p></ss1></sec><sec><st>extern link</st><p><list><entry level="1" type="bullet"><weblink ns0:type="simple" ns0:href="http://www.turkishoilwrestling.net">turkish oil wrestl kirkpinar festiv</weblink></entry><entry level="1" type="bullet"><weblink ns0:type="simple" ns0:href="http://www.kirkpinar.com">kirkpinarcom turkish oil wrestl</weblink></entry><entry level="1" type="bullet"><weblink ns0:type="simple" ns0:href="http://www.mokumtv.nl/oilwrest.htmt">turkish oilwrestl krkpnar startsit</weblink></entry><entry level="1" type="bullet"><weblink ns0:type="simple" ns0:href="http://www.michael-craig.com/Kırkpınar/Kırkpınar.html">award win krkpnar photostori documentari photograph michael craig</weblink></entry><entry level="1" type="bullet"><weblink ns0:type="simple" ns0:href="http://www.Kirkpinar.nl/index.html">amsterdam krkpnar</weblink></entry><entry level="1" type="bullet"><weblink ns0:type="simple" ns0:href="http://www.Kirkpinar.eu/">krkpnar</weblink></entry><entry level="1" type="bullet"><weblink ns0:type="simple" ns0:href="http://www.Kirkpinar.jp/index.html">turkish wrestl</weblink></entry><entry level="1" type="bullet"><weblink ns0:type="simple" ns0:href="http://www.bashpelivanns.com/english/index.html">bashpelivannscom</weblink></entry></list></p></sec></bdy></contest></article>