<article xmlns:ns0="http://www.w3.org/1999/xlink"><header><title>memo model</title><id /><revision><id /><timestamp>tz</timestamp><contributor><username>benjaminevan</username><id /></contributor></revision><categories><category>air dispers model</category><category>wind</category><category>air pollut</category><category>numer climat weather model</category><category>air dispers model articl</category><category>environment engin</category></categories></header><bdy><b>memo model</b>version<link ns0:type="simple" ns0:href="../693/5289693.xml">eulerian</link>nonhydrostat prognost<link ns0:type="simple" ns0:href="../001/2966001.xml">mesoscal</link>model wind flow simul develop<university wordnetid="108286163" confidence="0.9508927676800064"><link ns0:type="simple" ns0:href="../160/715160.xml">aristotl univers thessaloniki</link></university>collabor<link>universitt karlsruh</link>memo model photochem<link ns0:type="simple" ns0:href="../162/3752162.xml">dispers model</link>mar core model<link ns0:type="simple" ns0:href="../239/9239.xml">european</link>zoom model ezm model belong famili model design describ atmospher transport phenomena localtoregion scale frequent refer mesoscal<link ns0:type="simple" ns0:href="../212/10934212.xml">air pollut</link>model<sec><st>histori</st><p>initi ezm develop model transport chemic transform pollut select european region frame eurotrac subproject eumac call eumac zoom model eurotrac ezm evolv frequent appli mesoscal air pollut model system europ appli european airsh includ<stream wordnetid="109448361" confidence="0.8"><body_of_water wordnetid="109225146" confidence="0.8"><river wordnetid="109411430" confidence="0.8"><link ns0:type="simple" ns0:href="../280/173280.xml">upper rhine</link></river></body_of_water></stream>valley area<town wordnetid="108665504" confidence="0.9508927676800064"><link ns0:type="simple" ns0:href="../911/4911.xml">basel</link></town><site wordnetid="108651247" confidence="0.9508927676800064"><town wordnetid="108665504" confidence="0.9508927676800064"><link ns0:type="simple" ns0:href="../946/48946.xml">graz</link></town></site><site wordnetid="108651247" confidence="0.8"><region wordnetid="108630985" confidence="0.8"><administrative_district wordnetid="108491826" confidence="0.8"><location wordnetid="100027167" confidence="0.8"><tract wordnetid="108673395" confidence="0.8"><municipality wordnetid="108626283" confidence="0.8"><geographical_area wordnetid="108574314" confidence="0.8"><district wordnetid="108552138" confidence="0.8"><urban_area wordnetid="108675967" confidence="0.8"><city wordnetid="108524735" confidence="0.8"><link ns0:type="simple" ns0:href="../443/4443.xml">barcelona</link></city></urban_area></district></geographical_area></municipality></tract></location></administrative_district></region></site><region wordnetid="108630985" confidence="0.8"><site wordnetid="108651247" confidence="0.8"><administrative_district wordnetid="108491826" confidence="0.8"><location wordnetid="100027167" confidence="0.8"><municipality wordnetid="108626283" confidence="0.8"><capital wordnetid="108518505" confidence="0.8"><city wordnetid="108524735" confidence="0.8"><center wordnetid="108523483" confidence="0.8"><area wordnetid="108497294" confidence="0.8"><seat wordnetid="108647945" confidence="0.8"><tract wordnetid="108673395" confidence="0.8"><geographical_area wordnetid="108574314" confidence="0.8"><district wordnetid="108552138" confidence="0.8"><urban_area wordnetid="108675967" confidence="0.8"><link ns0:type="simple" ns0:href="../091/18091.xml">lisbon</link></urban_area></district></geographical_area></tract></seat></area></center></city></capital></municipality></location></administrative_district></site></region><village wordnetid="108672738" confidence="0.9508927676800064"><link ns0:type="simple" ns0:href="../444/18642444.xml">madrid</link></village><link ns0:type="simple" ns0:href="../511/36511.xml">milano</link><village wordnetid="108672738" confidence="0.9508927676800064"><link ns0:type="simple" ns0:href="../867/17867.xml">london</link></village><link ns0:type="simple" ns0:href="../187/6187.xml">cologn</link><site wordnetid="108651247" confidence="0.9508927676800064"><link ns0:type="simple" ns0:href="../634/8638634.xml">lyon</link></site><village wordnetid="108672738" confidence="0.9508927676800064"><link ns0:type="simple" ns0:href="../269/30269.xml">hagu</link></village><region wordnetid="108630985" confidence="0.8"><site wordnetid="108651247" confidence="0.8"><administrative_district wordnetid="108491826" confidence="0.8"><location wordnetid="100027167" confidence="0.8"><municipality wordnetid="108626283" confidence="0.8"><settlement wordnetid="108672562" confidence="0.8"><capital wordnetid="108518505" confidence="0.8"><city wordnetid="108524735" confidence="0.8"><center wordnetid="108523483" confidence="0.8"><area wordnetid="108497294" confidence="0.8"><village wordnetid="108672738" confidence="0.8"><seat wordnetid="108647945" confidence="0.8"><tract wordnetid="108673395" confidence="0.8"><geographical_area wordnetid="108574314" confidence="0.8"><district wordnetid="108552138" confidence="0.8"><urban_area wordnetid="108675967" confidence="0.8"><link ns0:type="simple" ns0:href="../216/1216.xml">athen</link></urban_area></district></geographical_area></tract></seat></village></area></center></city></capital></settlement></municipality></location></administrative_district></site></region>moussiopoulo moussiopoulo<region wordnetid="108630985" confidence="0.8"><site wordnetid="108651247" confidence="0.8"><administrative_district wordnetid="108491826" confidence="0.8"><location wordnetid="100027167" confidence="0.8"><municipality wordnetid="108626283" confidence="0.8"><settlement wordnetid="108672562" confidence="0.8"><capital wordnetid="108518505" confidence="0.8"><city wordnetid="108524735" confidence="0.8"><center wordnetid="108523483" confidence="0.8"><area wordnetid="108497294" confidence="0.8"><village wordnetid="108672738" confidence="0.8"><seat wordnetid="108647945" confidence="0.8"><tract wordnetid="108673395" confidence="0.8"><geographical_area wordnetid="108574314" confidence="0.8"><district wordnetid="108552138" confidence="0.8"><urban_area wordnetid="108675967" confidence="0.8"><link ns0:type="simple" ns0:href="../471/40471.xml">thessaloniki</link></urban_area></district></geographical_area></tract></seat></village></area></center></city></capital></settlement></municipality></location></administrative_district></site></region>detail moussiopoulo flassak moussiopoulo al</p></sec><sec><st>model equat</st><p>prognost mesoscal model memo describ dynam<link ns0:type="simple" ns0:href="../641/927641.xml">atmospher boundari layer</link>model version air assum unsatur model solv<link ns0:type="simple" ns0:href="../793/410793.xml">continu equat</link><link ns0:type="simple" ns0:href="../431/20431.xml">momentum</link>equat<link ns0:type="simple" ns0:href="../406/4064406.xml">transport equat</link>scalar includ thermal energi equat option transport equat water vapour turbul kinet energi<link ns0:type="simple" ns0:href="../872/24872.xml">pollut</link>concentr</p></sec><sec><st>transform terrainfollow coordin</st><p>lower boundari model domain coincid ground inhomogen terrain impos boundari condit boundari respect<link ns0:type="simple" ns0:href="../706/7706.xml">cartesian coordin</link>transform vertic coordin terrainfollow perform origin irregularli bound physic domain map consist unit cube</p></sec><sec><st>numer solut equat system</st><p>discret equat solv numer stagger grid scalar quantiti<math>rho</math><math /><math>theta</math>defin cell centr veloc compon<math /><math /><math />defin centr appropri interfac</p><p>tempor discret prognost equat base explicit second order<statement wordnetid="106722453" confidence="0.8"><message wordnetid="106598915" confidence="0.8"><equation wordnetid="106669864" confidence="0.8"><mathematical_statement wordnetid="106732169" confidence="0.8"><link ns0:type="simple" ns0:href="../865/2090865.xml#xpointer(//*[./st=%22Adams.E2.80.93Bashforth+methods%22])">adamsbashforth scheme</link></mathematical_statement></equation></message></statement>deviat adamsbashforth scheme refer implicit treatment nonhydrostat mesoscal pressur perturb<math>p_nh</math>ensur nondiverg flow field ellipt equat solv ellipt equat deriv continu equat veloc compon express term<math>p_nh</math>ellipt equat deriv discret form continu equat discret form pressur gradient conserv guarante flassak moussiopoulo discret pressur equat solv numer fast ellipt solver conjunct gener conjug gradient method fast ellipt solver base fast<link ns0:type="simple" ns0:href="../659/11659.xml">fourier analysi</link>horizont direct<link ns0:type="simple" ns0:href="../035/13035.xml">gaussian elimin</link>vertic direct moussiopoulo flassak</p><p>second deviat explicit treatment turbul diffus vertic direct case explicit treatment term stabil requir necessit unaccept abridg time increment avoid vertic turbul diffus treat second order<link ns0:type="simple" ns0:href="../447/1843447.xml">cranknicolson method</link></p><p>principl advect term comput suitabl advect scheme version memo secondord totalvariationdiminish tvd scheme implement base scheme propos harten achiev fair reduct numer diffus solut independ magnitud scalar preserv transport</p></sec><sec><st>parameter</st><p>turbul radi transfer physic process parameter prognost mesoscal model memo model radi transfer calcul effici scheme base emiss method longwav radiat implicit multilay method shortwav radiat moussiopoulo</p><p>diffus term repres diverg correspond flux turbul parameter ktheori appli case memo turbul treat twoequat turbul model applic oneequ model conserv equat turbul kinet energi solv</p></sec><sec><st>initi boundari condit</st><p>memo initi perform suitabl diagnost method massconsist initi wind field formul object analysi model scalar field initi appropri interpol techniqu kunz data need appli diagnost method deriv observ larger scale simul</p><p>suitabl boundari condit impos wind veloc compon<math /><math /><math />potenti temperatur<math>theta</math>pressur<math />boundari open boundari wave reflect deform minim socal<it>radiat condit</it>orlanski</p><p>experi gain model memo neglect larg scale environment result instabl case simul longer time period</p><p>nonhydrostat mesoscal pressur perturb homogen<link ns0:type="simple" ns0:href="../443/735443.xml">neumann boundari condit</link>later boundari condit wind veloc compon perpendicular boundari remain unaffect pressur chang</p><p>upper boundari neumann boundari condit impos horizont veloc compon potenti temperatur ensur nonreflect radi condit hydrostat mesoscal pressur perturb<math>p_h</math>boundari vertic propag intern graviti wave allow leav comput domain klemp durran nonhydrostat mesoscal pressur perturb homogen stagger<link ns0:type="simple" ns0:href="../290/1461290.xml">dirichlet condit</link>impos justifi fact nonhydrostat effect neglig larg height condit singular ellipt pressur equat avoid view neumann boundari condit boundari</p><p>lower boundari coincid ground precis height ground correspond aerodynam rough nonhydrostat mesoscal pressur perturb inhomogen neumann condit impos boundari condit lower boundari follow assumpt<link ns0:type="simple" ns0:href="../959/5376959.xml">moninobukhov</link>similar theori valid</p><p>interact nest facil memo success simul grid increas resolut simul applic coars grid boundari condit applic finer grid kunz moussiopoulo</p></sec><sec><st>grid definit</st><p>govern equat solv numer stagger grid scalar quantiti temperatur pressur densiti cell volum defin centr grid cell veloc compon<math /><math /><math />centr appropri interfac turbul flux defin locat shear flux defin centr appropri edg grid cell normal stress flux scalar point definit outgo flux momentum mass heat turbul flux grid cell ident incom flux adjac grid cell numer method conserv</p></sec><sec><st>topographi surfac type</st><p>calcul memo file provid orographi height surfac type grid locat surfac type distinguish store percentag</p><p><list><entry level="1" type="bullet">water type</entry><entry level="1" type="bullet">arid land type</entry><entry level="1" type="bullet">veget type</entry><entry level="1" type="bullet">farmland type</entry><entry level="1" type="bullet">forest type</entry><entry level="1" type="bullet">suburban area type</entry><entry level="1" type="bullet">urban area type</entry></list></p><p>surfac type store type differ sum type percentag surfac type write number surfac type number</p><p><link ns0:type="simple" ns0:href="../573/164573.xml">orographi</link>height height grid locat sea level meter</p></sec><sec><st>meteorolog data</st><p>prognost model memo set partial differenti equat three spatial direct time solv equat initi domain develop relev quantiti later boundari requir</p><ss1><st>initi</st><p>gener initi prognost model diagnost model kunz appli measur temperatur wind data data provid<list><entry level="1" type="bullet">surfac measur singl measur directli surfac</entry><entry level="1" type="bullet">upper air sound sound consist measur height constant geograph locat requir sound temperatur wind veloc</entry></list></p></ss1><ss1><st>timedepend boundari condit</st><p>quantiti later boundari account surfac measur upper air sound key word time boundari data occur front set boundari</p></ss1></sec><sec><st>nest facil</st><p>memo oneway interact nest scheme implement nest scheme coars grid fine grid simul nest coars grid simul data interpol written file consecut fine grid simul data later boundari valu</p></sec><sec><st /><p><list><entry level="1" type="bullet"><work wordnetid="104599396" confidence="0.8"><product wordnetid="104007894" confidence="0.8"><creation wordnetid="103129123" confidence="0.8"><artifact wordnetid="100021939" confidence="0.8"><book wordnetid="106410904" confidence="0.8"><publication wordnetid="106589574" confidence="0.8"><link ns0:type="simple" ns0:href="../594/4453594.xml">bibliographi atmospher dispers model</link></publication></book></artifact></creation></product></work></entry><entry level="1" type="bullet"><link ns0:type="simple" ns0:href="../162/3752162.xml">atmospher dispers model</link></entry><entry level="1" type="bullet"><link ns0:type="simple" ns0:href="../664/4271664.xml">compil air dispers model</link></entry><entry level="1" type="bullet"><link ns0:type="simple" ns0:href="../352/6956352.xml">air pollut dispers terminolog</link></entry><entry level="1" type="bullet"><link ns0:type="simple" ns0:href="../692/3988692.xml">convers formula air dispers model</link></entry></list></p></sec><sec><st>refer</st><p><list><entry level="1" type="bullet">eurotrac annual report</entry><entry level="1" type="bullet">flassak moussiopoulo<it>direct solut helmholtz equat fourier analysi cyber</it>environment softwar</entry><entry level="1" type="bullet">harten<it>larg timestep high resolut scheme</it>math comp</entry><entry level="1" type="bullet">klemp jb durran dr<it>upper boundari condit permit intern graviti wave radiat numer mesoscal model</it>mon weather rev</entry><entry level="1" type="bullet">kunz<it>enwicklung ein diagnostischen windmodel zur berechnung de anfangszustand fr da dynamisch grenzschichtmodel memo</it>diplomarbeit universitt karlsruh</entry><entry level="1" type="bullet">kunz moussiopoulo<it>simul wind field athen refin boundari condit</it>atmo environ</entry><entry level="1" type="bullet">moussiopoulo<it>effici scheme calcul radi transfer mesoscal model</it>environment softwar</entry><entry level="1" type="bullet">moussiopoulo<it>mathematisch modellierung mesoskalig ausbreitung der atmosphr</it>fortschrber vdi reih nr</entry><entry level="1" type="bullet">moussiopoulo<it>eumac zoom model ezm model structur applic</it>eurotrac report</entry><entry level="1" type="bullet">moussiopoulo<it>eumac zoom model tool localtoregion air qualiti studi</it>meteorol atmo phi</entry><entry level="1" type="bullet">moussiopoulo flassak<it>fulli vector fast direct solver helmholtz equat</it><it>applic supercomput engin algorithm comput system user experi</it>brebbia peter editor elsevi amsterdam</entry><entry level="1" type="bullet">moussiopoulo flassak berlowitz sahm<it>simul wind field athen nonhydrostat mesoscal model memo</it>environment softwar</entry><entry level="1" type="bullet">orlanski<it>simpl boundari condit unbound hyperbol flow</it>comput phi</entry></list></p></sec><sec><st>extern link</st><p><list><entry level="1" type="bullet"><weblink ns0:type="simple" ns0:href="http://air-climate.eionet.eu.int/databases/MDS/index_html">model document system</weblink></entry><entry level="1" type="bullet"><weblink ns0:type="simple" ns0:href="http://air-climate.eionet.europa.eu/">european topic centr air climat chang etcacc</weblink></entry><entry level="1" type="bullet"><weblink ns0:type="simple" ns0:href="http://pandora.meng.auth.gr/mds/showlong.php?id=20">long descript model memo</weblink></entry></list></p><p><table style=";" class="navbox" cellspacing="0"><row><col style="padding:2px;"><table style="width:100%;background:transparent;color:inherit;;" class="nowraplinks collapsible autocollapse " cellspacing="0"><row><header colspan="2" style=";" class="navbox-title">atmospher oceanograph climat model</header></row><row style="height:2px;" /><row><col style=";line-height:2.0em;;" class="navbox-group">gener</col><col style="text-align:left;border-left:2px solid #fdfdfd;width:100%;padding:0px;line-height:1.2em;;;" class="navbox-list navbox-odd"><link ns0:type="simple" ns0:href="../216/5444216.xml">atmospher model</link><link ns0:type="simple" ns0:href="../513/47513.xml">climat model</link><occupation wordnetid="100582388" confidence="0.8"><event wordnetid="100029378" confidence="0.8"><act wordnetid="100030358" confidence="0.8"><psychological_feature wordnetid="100023100" confidence="0.8"><activity wordnetid="100407535" confidence="0.8"><link ns0:type="simple" ns0:href="../381/1505381.xml">numer weather predict</link></activity></psychological_feature></act></event></occupation><link ns0:type="simple" ns0:href="../447/4142447.xml">tropic cyclon forecast model</link><link ns0:type="simple" ns0:href="../162/3752162.xml">atmospher dispers model</link></col></row><row style="height:2px" /><row><col style=";line-height:2.0em;;" class="navbox-group">discontinu model</col><col style="text-align:left;border-left:2px solid #fdfdfd;width:100%;padding:0px;line-height:1.2em;;;" class="navbox-list navbox-even">avn mrf gsm eta lfm ngm</col></row><row style="height:2px" /><row><col style=";line-height:2.0em;;" class="navbox-group">climat model</col><col style="text-align:left;border-left:2px solid #fdfdfd;width:100%;padding:0px;line-height:1.2em;;;" class="navbox-list navbox-odd"><link ns0:type="simple" ns0:href="../482/10916482.xml">igcm</link><link ns0:type="simple" ns0:href="../930/1568930.xml">hadcm</link><link ns0:type="simple" ns0:href="../013/9180013.xml">gfdl cmx</link><link ns0:type="simple" ns0:href="../855/3515855.xml">cgcm</link></col></row><row style="height:2px" /><row><col style=";line-height:2.0em;;" class="navbox-group">global weather model</col><col style="text-align:left;border-left:2px solid #fdfdfd;width:100%;padding:0px;line-height:1.2em;;;" class="navbox-list navbox-even"><link>ecmwf</link><link ns0:type="simple" ns0:href="../768/9746768.xml">gem</link><link ns0:type="simple" ns0:href="../634/3093634.xml">gf</link>nogap<link ns0:type="simple" ns0:href="../870/18615870.xml">um</link><region wordnetid="108630985" confidence="0.8"><center wordnetid="108523483" confidence="0.8"><area wordnetid="108497294" confidence="0.8"><administrative_unit wordnetid="108077292" confidence="0.8"><location wordnetid="100027167" confidence="0.8"><agency wordnetid="108337324" confidence="0.8"><link ns0:type="simple" ns0:href="../886/457886.xml">jma</link></agency></location></administrative_unit></area></center></region></col></row><row style="height:2px" /><row><col style=";line-height:2.0em;;" class="navbox-group">region mesoscal model</col><col style="text-align:left;border-left:2px solid #fdfdfd;width:100%;padding:0px;line-height:1.2em;;;" class="navbox-list navbox-odd"><link ns0:type="simple" ns0:href="../349/1365349.xml">mm</link><link ns0:type="simple" ns0:href="../257/11238257.xml">nam</link><link ns0:type="simple" ns0:href="../369/61369.xml">ruc</link>ram<link ns0:type="simple" ns0:href="../567/6688567.xml">wrf</link>raqm<link ns0:type="simple" ns0:href="../661/1384661.xml">hirlam</link></col></row><row style="height:2px" /><row><col style=";line-height:2.0em;;" class="navbox-group">atmospher dispers model</col><col style="text-align:left;border-left:2px solid #fdfdfd;width:100%;padding:0px;line-height:1.2em;;;" class="navbox-list navbox-even"><link ns0:type="simple" ns0:href="../435/6604435.xml" /><link ns0:type="simple" ns0:href="../175/10346175.xml">memo</link><link ns0:type="simple" ns0:href="../876/6378876.xml">adm</link><link ns0:type="simple" ns0:href="../439/12275439.xml">atstep</link><link ns0:type="simple" ns0:href="../837/14439837.xml">austal</link><link ns0:type="simple" ns0:href="../142/5748142.xml">calpuff</link><link ns0:type="simple" ns0:href="../625/6674625.xml">dispers</link><link ns0:type="simple" ns0:href="../502/7268502.xml">isc</link><link ns0:type="simple" ns0:href="../583/7131583.xml">mercur</link><link ns0:type="simple" ns0:href="../599/5748599.xml">puffplum</link><link ns0:type="simple" ns0:href="../595/14419595.xml">rimpuff</link><link ns0:type="simple" ns0:href="../529/15537529.xml">safe air</link><link ns0:type="simple" ns0:href="../705/6569705.xml">aermod</link></col></row><row style="height:2px" /><row><col style=";line-height:2.0em;;" class="navbox-group">land surfac parameteris model</col><col style="text-align:left;border-left:2px solid #fdfdfd;width:100%;padding:0px;line-height:1.2em;;;" class="navbox-list navbox-odd"><link ns0:type="simple" ns0:href="../839/18992839.xml">jule</link><physical_entity wordnetid="100001930" confidence="0.8"><person wordnetid="100007846" confidence="0.8"><model wordnetid="110324560" confidence="0.8"><assistant wordnetid="109815790" confidence="0.8"><worker wordnetid="109632518" confidence="0.8"><causal_agent wordnetid="100007347" confidence="0.8"><link ns0:type="simple" ns0:href="../914/9797914.xml">class</link></causal_agent></worker></assistant></model></person></physical_entity><link ns0:type="simple" ns0:href="../003/9754003.xml">isba</link></col></row><row style="height:2px;" /><row><col colspan="2" style=";" class="navbox-abovebelow"><link ns0:type="simple" ns0:href="../590/20590.xml">mathemat model</link><link ns0:type="simple" ns0:href="../795/3224795.xml">scientif model</link></col></row></table></col></row></table></p></sec></bdy></article>