<article xmlns:ns0="http://www.w3.org/1999/xlink"><header><title>fingerprint verif competit</title><id /><revision><id /><timestamp>tz</timestamp><contributor><username>nicolasimmelman</username><id /></contributor></revision><categories><category>biometr</category><category>wikipedia articl need rewrit</category></categories></header><bdy><p><table class="metadata plainlinks ambox "><row><col>amboxcont style</col></row><row><col class="mbox-image"><p><image width="40px" src="Crystal_Clear_app_kedit.svg"><caption>notepad</caption></image></p></col><col style="" class="mbox-text"><b>compli wikipedia articl rewritten</b>reason<it>articl written person appear copi entireti</it>help<weblink ns0:type="simple" ns0:href="http://localhost:18088/wiki/index.php?title=Fingerprint_Verification_Competition action=edit">improv articl</weblink>suggest</col></row></table></p><p><b>fingerprint verif competit</b><b>fvc</b>intern competit focus<link ns0:type="simple" ns0:href="../777/84777.xml">fingerprint</link>verif softwar assess subset fingerprint impress acquir sensor provid regist particip allow adjust paramet algorithm particip request provid enrol match execut file algorithm evalu conduct organ facil submit execut file sequest databas acquir sensor train set</p><p>organ fvc<list><entry level="1" type="bullet"><weblink ns0:type="simple" ns0:href="http://biolab.csr.unibo.it/">biometr system laboratori univers bologna</weblink></entry><entry level="1" type="bullet"><weblink ns0:type="simple" ns0:href="http://biometrics.cse.msu.edu/">pattern recognit imag process laboratori michigan univers</weblink></entry><entry level="1" type="bullet"><weblink ns0:type="simple" ns0:href="http://www.engr.sjsu.edu/biometrics">biometr test center san jose univers</weblink></entry><entry level="1" type="bullet"><weblink ns0:type="simple" ns0:href="http://atvs.ii.uam.es/">biometr recognit group atv universidad autonoma de madrid</weblink></entry></list></p><p>particip submit algorithm open light categori</p><p>second third intern competit fingerprint verif fvc fvc fvc organ event receiv great attent academ industri biometr commun establish common benchmark allow develop unambigu compar algorithm provid overview stateoftheart fingerprint recognit base respons biometr commun fvc fvc fvc undoubtedli success initi interest previou edit biometr commun prompt organ schedul competit year</p><p><list><entry level="1" type="bullet">databas three real synthet</entry><entry level="1" type="bullet">categori open categori light categori</entry><entry level="1" type="bullet">particip industri academ independ develop</entry><entry level="1" type="bullet">algorithm submit open categori light categori</entry></list></p><sec><st>aim</st><p><list><entry level="1" type="bullet">continu advanc field biometr system fingerprintbas system match techniqu sens devic requir perform evalu biometr system carri regular interv</entry><entry level="1" type="bullet">aim fvc track advanc fingerprint verif academia industri benchmark stateoftheart fingerprint technolog</entry><entry level="1" type="bullet">test interoper qualiti issu will perform second stage competit complet</entry><entry level="1" type="bullet">competit view offici perform certif biometr system part system softwar will evalu imag sensor nativ system competit will overview stateoftheart field will provid guidanc particip improv algorithm</entry></list></p></sec><sec><st>categori</st><p><list><entry level="1" type="bullet">subcompetit open categori light categori will organ databas</entry><entry level="1" type="bullet">particip allow submit algorithm categori</entry><entry level="1" type="bullet">open categori limit memori requir templat size practic test reason maximum respons time algorithm limit maximum time enrol second maximum time match second test will execut window xp profession os pc intel pentium ghz<link ns0:type="simple" ns0:href="../570/12570.xml">gb</link>ram</entry><entry level="1" type="bullet">light categori intend algorithm conceiv light architectur character low comput limit memori usag small templat size maximum time enrol second maximum time match second test will execut window xp profession os pc intel pentium ghz gb ram maximum memori alloc process<link ns0:type="simple" ns0:href="../918/19918.xml">mb</link>maximum templat size<link ns0:type="simple" ns0:href="../794/16794.xml">kb</link>util will particip test execut compli memori requir</entry></list></p></sec><sec><st>databas</st><p>timeconsum task biometr system evalu data collect creat multidatabas disjoint fingerprint databas collect sensortechnolog</p><p><list><entry level="1" type="bullet">distinct databas provid organ will constitut benchmark db db db db databas finger wide sampl finger depth consist fingerprint imag databas will partit disjoint subset</entry><entry level="3" type="bullet">subset dba dba dba dba finger imag db db db db will algorithm perform evalu</entry><entry level="3" type="bullet">subset dbb dbb dbb dbb finger imag db db db db will particip develop set allow paramet tune submiss</entry><entry level="1" type="bullet">perform evalu fingerprint belong databas will match</entry><entry level="1" type="bullet">imag format bmp graylevel uncompress</entry><entry level="1" type="bullet">imag size resolut vari depend databas detail will particip</entry><entry level="1" type="bullet">data collect fvc perform deliber introduc difficulti exagger distort larg amount rotat displac wetdri impress previou edit popul heterogen includ manual worker elderli peopl volunt simpli ask finger natur acquisit devic constraint enforc guarante minimum qualiti acquir imag final dataset select larger databas choos difficult finger qualiti benchmark difficult technolog evalu</entry></list></p></sec><sec><st>perform evalu</st><p>databas algorithm</p><p><list><entry level="1" type="bullet">sampl subset match remain sampl finger comput fals match rate fnmr refer fals reject rate frr imag match symmetr match execut avoid correl score total number genuin test case enrol reject occur</entry></list></p><p><list><entry level="1" type="bullet">sampl finger subset match sampl remain finger comput fals match rate fmr refer fals accept rate imag match symmetr match execut avoid correl score total number impostor test case enrol reject occur</entry></list></p><p>reject imag enrol discourag fact fvc fvc fvc reject enrol fuse error rate final rank reject enrol will produc ghost templat will match match score remain fingerprint</p><p>algorithm databas perform indic report</p><p><list><entry level="1" type="bullet">rejenrol number reject fingerprint enrol</entry><entry level="1" type="bullet">rejngra number reject fingerprint genuin match</entry><entry level="1" type="bullet">rejnira number reject fingerprint impostor match</entry><entry level="1" type="bullet">impostor genuin score distribut</entry><entry level="1" type="bullet">fmrtfnmrt curv accept threshold</entry><entry level="1" type="bullet">roct curv</entry><entry level="1" type="bullet">eer equalerrorr</entry><entry level="1" type="bullet">eer eer match failur exclud comput fmr fnmr</entry><entry level="1" type="bullet">fmr lowest fnmr fmr</entry><entry level="1" type="bullet">fmr lowest fnmr fmr</entry><entry level="1" type="bullet">zerofmr lowest fnmr fmr</entry><entry level="1" type="bullet">zerofnmr lowest fmr fnmr</entry><entry level="1" type="bullet">averag enrol time</entry><entry level="1" type="bullet">averag match time</entry><entry level="1" type="bullet">averag maximum templat size</entry><entry level="1" type="bullet">maximum amount memori alloc</entry></list></p><p>averag perform indic report databas</p><p><list><entry level="1" type="bullet">averag eer</entry><entry level="1" type="bullet">averag fmr</entry><entry level="1" type="bullet">averag fmr</entry><entry level="1" type="bullet">averag zerofmr</entry><entry level="1" type="bullet">averag rejenrol averag number reject fingerprint enrol</entry><entry level="1" type="bullet">averag rejmatch averag number reject fingerprint genuin impostor match</entry><entry level="1" type="bullet">averag enrol time</entry><entry level="1" type="bullet">averag match time</entry><entry level="1" type="bullet">averag templat size calcul averag templat size databas</entry><entry level="1" type="bullet">averag memori alloc calcul maximum amount memori alloc databas</entry></list></p></sec><sec><st>particip</st><p><list><entry level="1" type="bullet">particip academia industri independ develop</entry><entry level="1" type="bullet">anonym particip will accept particip will allow decid publish name algorithm perform particip will confidenti inform perform algorithm requir decis case particip decid remain anonym label anonym organ will real ident will reveal</entry><entry level="1" type="bullet">submiss particip will requir provid gener highlevel algorithm report fvc cappelli maio maltoni jl wayman ak jain perform evalu fingerprint verif system ieee transact pattern analysi machin intellig januari whilst requir will disclos industri secret high level descript approach interest entir fingerprint commun</entry><entry level="1" type="bullet">organ fvc will particip contest</entry></list></p></sec><sec><st /><p><list><entry level="1" type="bullet"><link ns0:type="simple" ns0:href="../777/84777.xml">fingerprint</link></entry><entry level="1" type="bullet"><link ns0:type="simple" ns0:href="../622/290622.xml">biometr</link></entry><entry level="1" type="bullet"><link ns0:type="simple" ns0:href="../953/1658953.xml">afi</link></entry></list></p></sec><sec><st>extern link</st><p><list><entry level="1" type="bullet"><weblink ns0:type="simple" ns0:href="http://bias.csr.unibo.it/fvc2006/">fvc</weblink></entry><entry level="1" type="bullet"><weblink ns0:type="simple" ns0:href="http://bias.csr.unibo.it/fvc2004/">fvc</weblink></entry><entry level="1" type="bullet"><weblink ns0:type="simple" ns0:href="http://bias.csr.unibo.it/fvc2002/">fvc</weblink></entry><entry level="1" type="bullet"><weblink ns0:type="simple" ns0:href="http://bias.csr.unibo.it/fvc2000/">fvc</weblink></entry></list></p></sec></bdy></article>