<article xmlns:ns0="http://www.w3.org/1999/xlink"><physical_entity confidence="0.8" wordnetid="100001930"><person confidence="0.8" wordnetid="100007846"><player confidence="0.8" wordnetid="110439851"><contestant confidence="0.8" wordnetid="109613191"><causal_agent confidence="0.8" wordnetid="100007347"><header><title>dushawn simpson</title><id /><revision><id /><timestamp>tz</timestamp><contributor><username>mohrfli</username><id /></contributor></revision><categories><category>connecticut wolv player</category><category>hampshir phantom player</category><category>live peopl</category><category>boston bulldog player</category><category>american soccer player</category><category>african american sportspeopl</category><category>southern connecticut fight owl soccer player</category><category>usisl player</category></categories></header><bdy><b>dushawn simpson</b><body wordnetid="107965085" confidence="0.8"><social_group wordnetid="107950920" confidence="0.8"><political_orientation wordnetid="106212839" confidence="0.8"><colony wordnetid="108374049" confidence="0.8"><state wordnetid="108168978" confidence="0.8"><political_unit wordnetid="108359949" confidence="0.8"><group wordnetid="100031264" confidence="0.8"><democracy wordnetid="106217103" confidence="0.8"><link ns0:type="simple" ns0:href="../750/3434750.xml">american</link></democracy></group></political_unit></state></colony></political_orientation></social_group></body><link ns0:type="simple" ns0:href="../568/10568.xml">soccer</link>coach current coach<diversion wordnetid="100426928" confidence="0.8"><association wordnetid="108049401" confidence="0.8"><event wordnetid="100029378" confidence="0.8"><club wordnetid="108227214" confidence="0.8"><sport wordnetid="100523513" confidence="0.8"><team wordnetid="108208560" confidence="0.8"><act wordnetid="100030358" confidence="0.8"><psychological_feature wordnetid="100023100" confidence="0.8"><activity wordnetid="100407535" confidence="0.8"><link ns0:type="simple" ns0:href="../075/7769075.xml">boston aztec</link></activity></psychological_feature></act></team></sport></club></event></association></diversion>simpson coach aztec girl team serv aztec youth club technic director girl program<p>move coach simpson standout soccer player simpson play youth soccer<symbol wordnetid="106806469" confidence="0.9508927676800064"><link ns0:type="simple" ns0:href="../466/6466.xml">connecticut</link></symbol>play high school soccer<link ns0:type="simple" ns0:href="../130/1280130.xml">avon farm school</link><link ns0:type="simple" ns0:href="../656/6281656.xml">avon high school</link>avon high school simpson help lead team nation high school soccer rank select ct allstat team soccer<link ns0:type="simple" ns0:href="../921/3921.xml">basketbal</link><link ns0:type="simple" ns0:href="../719/43719.xml">track</link></p><p>simpson continu shine collegi level play<link ns0:type="simple" ns0:href="../423/1608423.xml">ncaa divis ii</link>powerhous<university wordnetid="108286163" confidence="0.9508927676800064"><link ns0:type="simple" ns0:href="../398/496398.xml">southern connecticut univers</link></university>scsu freshman move<university wordnetid="108286163" confidence="0.9508927676800064"><link ns0:type="simple" ns0:href="../554/2382554.xml">salem colleg</link></university>dushawn allconfer perform salem colleg freshman allconfer freshman year scsu led leagu score</p><p>simpson brilliant colleg career play profession team includ<diversion wordnetid="100426928" confidence="0.8"><association wordnetid="108049401" confidence="0.8"><event wordnetid="100029378" confidence="0.8"><club wordnetid="108227214" confidence="0.8"><sport wordnetid="100523513" confidence="0.8"><team wordnetid="108208560" confidence="0.8"><act wordnetid="100030358" confidence="0.8"><psychological_feature wordnetid="100023100" confidence="0.8"><activity wordnetid="100407535" confidence="0.8"><link ns0:type="simple" ns0:href="../214/1939214.xml">hampshir phantom</link></activity></psychological_feature></act></team></sport></club></event></association></diversion><diversion wordnetid="100426928" confidence="0.8"><association wordnetid="108049401" confidence="0.8"><event wordnetid="100029378" confidence="0.8"><club wordnetid="108227214" confidence="0.8"><sport wordnetid="100523513" confidence="0.8"><team wordnetid="108208560" confidence="0.8"><act wordnetid="100030358" confidence="0.8"><psychological_feature wordnetid="100023100" confidence="0.8"><activity wordnetid="100407535" confidence="0.8"><link ns0:type="simple" ns0:href="../688/3891688.xml">connecticut wolv</link></activity></psychological_feature></act></team></sport></club></event></association></diversion><diversion wordnetid="100426928" confidence="0.8"><association wordnetid="108049401" confidence="0.8"><event wordnetid="100029378" confidence="0.8"><club wordnetid="108227214" confidence="0.8"><sport wordnetid="100523513" confidence="0.8"><team wordnetid="108208560" confidence="0.8"><act wordnetid="100030358" confidence="0.8"><psychological_feature wordnetid="100023100" confidence="0.8"><activity wordnetid="100407535" confidence="0.8"><link ns0:type="simple" ns0:href="../873/1934873.xml">boston bulldog soccer</link></activity></psychological_feature></act></team></sport></club></event></association></diversion>well<association wordnetid="108049401" confidence="0.8"><club wordnetid="108227214" confidence="0.8"><link ns0:type="simple" ns0:href="../118/2074118.xml">avellino</link></club></association><association wordnetid="108049401" confidence="0.8"><event wordnetid="100029378" confidence="0.8"><social_event wordnetid="107288639" confidence="0.8"><contest wordnetid="107456188" confidence="0.8"><league wordnetid="108231184" confidence="0.8"><psychological_feature wordnetid="100023100" confidence="0.8"><link ns0:type="simple" ns0:href="../140/1137140.xml">seri</link></psychological_feature></league></contest></social_event></event></association><system wordnetid="108435388" confidence="0.8"><economy wordnetid="108366753" confidence="0.8"><group wordnetid="100031264" confidence="0.8"><link ns0:type="simple" ns0:href="../532/14532.xml">itali</link></group></economy></system><weblink ns0:type="simple" ns0:href="http://www.aztecsoccer.com/Doc_Simpson.html">httpwwwaztecsoccercomdoc_simpsonhtml</weblink></p><sec><st>extern link</st><p><list><entry level="1" type="bullet"><weblink ns0:type="simple" ns0:href="http://www.aztecsoccer.com/Doc_Simpson.html">dushawn simpson aztec bio</weblink></entry><entry level="1" type="bullet"><weblink ns0:type="simple" ns0:href="http://www.aztecsoccer.com/news_2007_PASL_DocResigns.html">simpson step head coach boston aztec psal squad</weblink></entry><entry level="1" type="bullet"><weblink ns0:type="simple" ns0:href="http://www.soccernewengland.com/articles/view_article.php?id=2342">aztec romp coach simpson eject</weblink></entry><entry level="1" type="bullet"><weblink ns0:type="simple" ns0:href="http://www.aztecsoccer.com/news_menopener_dec04.html">simpson trade indoor sneak clipboard</weblink></entry><entry level="1" type="bullet"><weblink ns0:type="simple" ns0:href="http://prosoccer.uslsoccer.com/honors/57907.html">hamsphir simpson player week</weblink></entry><entry level="1" type="bullet"><weblink ns0:type="simple" ns0:href="http://archive.southcoasttoday.com/daily/08-97/08-25-97/d04sp158.htm">portugues sport win ot</weblink></entry></list></p></sec></bdy></causal_agent></contestant></player></person></physical_entity></article>