<article xmlns:ns0="http://www.w3.org/1999/xlink"><entity confidence="0.9511911446218017" wordnetid="100001740"><header><title>impact factor</title><id /><revision><id /><timestamp>tz</timestamp><contributor><username>hughcharlespark</username><id /></contributor></revision><categories><category>bibliometr</category><category>academ publish</category></categories></header><bdy><b>impact factor</b>abbrevi<b />measur<link ns0:type="simple" ns0:href="../585/97585.xml">citat</link><link ns0:type="simple" ns0:href="../316/37316.xml">scienc social scienc journal</link>frequent<link ns0:type="simple" ns0:href="../209/4900209.xml">proxi</link>journal field<sec><st>overview</st><p>impact factor devis<physical_entity wordnetid="100001930" confidence="0.8"><person wordnetid="100007846" confidence="0.8"><causal_agent wordnetid="100007347" confidence="0.8"><scientist wordnetid="110560637" confidence="0.8"><link ns0:type="simple" ns0:href="../229/1283229.xml">eugen garfield</link></scientist></causal_agent></person></physical_entity>founder<company wordnetid="108058098" confidence="0.8"><institution wordnetid="108053576" confidence="0.8"><link ns0:type="simple" ns0:href="../854/1036854.xml">institut scientif</link></institution></company><link ns0:type="simple" ns0:href="../185/483185.xml">thomson</link>larg worldwid usbas publish impact factor calcul year thomson scientif journal index factor indic publish<it><link ns0:type="simple" ns0:href="../495/9137495.xml">journal citat report</link></it>valu calcul publish organ<list><entry level="1" type="bullet"><link ns0:type="simple" ns0:href="../942/5448942.xml">immediaci</link>number citat articl journal receiv year divid number articl publish</entry><entry level="1" type="bullet"><b>cite halflif</b>median age articl cite<it>journal citat report</it>year exampl journal halflif citat half citat journal half citat preced<ref ns0:type="simple" ns0:href="#xpointer(//reflist/entry[@id=%221%22])" /></entry><entry level="1" type="bullet"><b>aggreg impact factor</b>subject categori calcul account number citat journal subject categori number articl journal subject categori</entry></list></p><p>measur appli journal individu articl individu scientist<link ns0:type="simple" ns0:href="../693/3604693.xml">hindex</link>rel number citat individu articl receiv better view<link ns0:type="simple" ns0:href="../321/3209321.xml">citat impact</link></p><p>measur impact factor journal person publish articl widespread controversi eugen garfield warn misus evalu individu wide variat articl articl singl journal<ref ns0:type="simple" ns0:href="#xpointer(//reflist/entry[@id=%222%22])" /></p><p>impact factor huge controversi influenc publish scientif perceiv evalu</p></sec><sec><st>calcul</st><p>impact factor journal calcul base twoyear period view averag number citat year paper journal publish preced year<ref ns0:type="simple" ns0:href="#xpointer(//reflist/entry[@id=%223%22])" />exampl impact factor journal calcul</p><p><indent level="1"><it />number time articl publish cite index journal</indent><it />number citabl item articl review proceed note editori letterstotheeditor publish</p><p><indent level="1">impact factor<it /><it /></indent>note impact factor publish calcul public receiv</p><p>conveni think journal cite averag articl publish express</p><p>nuanc isi exclud articl type socal frontmatt news item correspond errata denomin thomson scientif fix rule type articl consid citabl frontmatt</p><p>journal index publish issu will receiv impact factor complet year index case citat year prior volum number articl publish year prior volum valu journal index start volum volum will impact factor publish three complet datayear annual irregular public will publish item year count impact factor specif time period calcul impact factor desir period web site instruct<it>journal citat report</it>includ tabl rel rank journal impact factor specif scienc disciplin<link ns0:type="simple" ns0:href="../208/22208.xml">organ chemistri</link><link ns0:type="simple" ns0:href="../869/18973869.xml">psychiatri</link></p></sec><sec><st>debat</st><p>compar journal group exampl sponsor scientif compar assess product project object measur public requir number public citat statist obviou candid object measur measur gener impact factor matter debat</p><ss1><st>favor properti</st><p><list><entry level="1" type="bullet">thomson scientif wide intern coverag web knowledg index scienc social scienc journal countri partial correct</entry><entry level="1" type="bullet">freeli</entry><entry level="1" type="bullet">object measur</entry><entry level="1" type="bullet">practic altern measur qualiti prestig rate reput slow chang quantifi object demonstr popular</entry></list></p></ss1><ss1><st>object</st><p>continu controversi numer critic impact factor gener debat citat metric critic concern valid impact factor easili manipul misus</p><ss2><st>valid</st><p><list><entry level="1" type="bullet">denomin impact factor negoti reflect actual citat count<ref ns0:type="simple" ns0:href="#xpointer(//reflist/entry[@id=%224%22])" /></entry><entry level="1" type="bullet">impact factor reproduc independ audit<ref ns0:type="simple" ns0:href="#xpointer(//reflist/entry[@id=%225%22])" /><weblink ns0:type="simple" ns0:href="http://forums.thomsonscientific.com/ts/blog/article?message.uid=717">thomson scientif repli</weblink></entry><entry level="1" type="bullet">impact factor refer averag number citat paper<link ns0:type="simple" ns0:href="../462/21462.xml">gaussian distribut</link><link ns0:type="simple" ns0:href="../119/62119.xml">bradford distribut</link>predict theori impact factor valid measur citat evalu<ref ns0:type="simple" ns0:href="#xpointer(//reflist/entry[@id=%226%22])" /></entry><entry level="1" type="bullet">tempor window citat short classic articl cite frequent decad affect specif journal<ref ns0:type="simple" ns0:href="#xpointer(//reflist/entry[@id=%227%22])" /></entry><entry level="1" type="bullet">short term case lowimpactfactor journal citat articl paper written author origin articl<ref ns0:type="simple" ns0:href="#xpointer(//reflist/entry[@id=%228%22])" />count citat independ real impact work investig</entry><entry level="1" type="bullet">failur includ intern journal type public web knowledg index journal countri coverag uneven public languag english includ journal lessdevelop countri includ undercount citat journal will journal languag countri includ high qualiti journal appli aspect subject includ<link ns0:type="simple" ns0:href="../461/945461.xml">market commun</link><link ns0:type="simple" ns0:href="../389/24389.xml">public relat</link><link ns0:type="simple" ns0:href="../852/239852.xml">promot</link>manag peerreview technic magazin book public index includ textbook handbook refer book confer proceed public index includ confer workshop symposia</entry></list></p></ss2><ss2><st>manipul</st><p>journal adopt editori polici increas impact factor<ref ns0:type="simple" ns0:href="#xpointer(//reflist/entry[@id=%229%22])" />editori polici sole involv improv qualiti publish scientif work<list><entry level="1" type="bullet">journal publish larger percentag review articl articl remain uncit year review articl receiv citat three year public review articl rais impact factor journal<weblink ns0:type="simple" ns0:href="http://thomsonscientific.com/knowtrend/essays/journalcitationreports/impactfactor/">thomson scientif websit</weblink>direct remov journal calcul research student slight familiar field review journal will obviou</entry><entry level="1" type="bullet">journal chang fraction citabl item compar frontmatt denomin equat type articl consid citabl matter negoti journal thomson scientif result negoti impact factor variat observ<ref ns0:type="simple" ns0:href="#xpointer(//reflist/entry[@id=%224%22])" />instanc editori journal count public cite publish articl articl journal citat increas citat count articl hard evalu distinct editori comment short origin articl obviou letter editor refer class</entry><entry level="1" type="bullet">method nefari intent exist journal cite articl journal will increas journal impact factor<ref ns0:type="simple" ns0:href="#xpointer(//reflist/entry[@id=%2210%22])" /></entry><entry level="1" type="bullet">editor journal encourag author cite articl journal paper submit degre practic citat count impact factor includ journal citat report cite journal data examin effect thoroughli discuss site help way correct figur effect desir univers articl journal cite articl merit special field artifici will visibl journal low impact factor absolut term ii publish paper year</entry></list></p><p>specialist journal impact factor publish editori cite articl protest absurd impact factor<ref ns0:type="simple" ns0:href="#xpointer(//reflist/entry[@id=%2211%22])" />larg number citat meant impact factor journal increas</p></ss2><ss2><st>misus</st><p><list><entry level="1" type="bullet">impact factor misus predict individu public base publish<ref ns0:type="simple" ns0:href="#xpointer(//reflist/entry[@id=%2212%22])" />work well small number public cite major exampl natur impact factor base fourth public public will averag number<ref ns0:type="simple" ns0:href="#xpointer(//reflist/entry[@id=%2213%22])" />impact factor averag articl underestim citat top cite exagger number citat averag public</entry></list></p><p><list><entry level="1" type="bullet">academ review involv programmat evalu doctor degre grant institut turn isi proprietari list journal determin scholarli output build bia automat undervalu type distort total contribut faculti member</entry><entry level="1" type="bullet">absolut impact factor meaningless journal impress<link ns0:type="simple" ns0:href="../909/19909.xml">microbiolog</link><link ns0:type="simple" ns0:href="../044/44044.xml">oceanographi</link>valu advertis scientif publish</entry><entry level="1" type="bullet">comparison impact factor field invalid comparison evalu journal scientist univers depart exampl depart public averag lowlevel sens<link ns0:type="simple" ns0:href="../528/19528.xml">mechan engin</link>review journal attain</entry><entry level="1" type="bullet">scienc impact factor relev field public pattern scienc econom public journal articl cite journal articl relev literatur public book cite book thomson scientif publish jcr human</entry><entry level="1" type="bullet">practic appli impact factor correctli thing consid librari select journal local journal equal institut faculti member editor journal editori review board</entry><entry level="1" type="bullet">impact factor origin intend object measur reput journal garfield increasingli appli measur product scientist customarili examin impact factor journal scientist articl publish obviou appeal academ administr subject journal</entry><entry level="1" type="bullet">absolut number research averag number author paper natur area well variat citat habit disciplin number citat paper combin impact factor group scientist incommensur<ref ns0:type="simple" ns0:href="#xpointer(//reflist/entry[@id=%2210%22])" />gener exampl medic journal higher impact factor mathemat journal engin journal limit accept publish claim fieldssuch indic misunderstand</entry><entry level="1" type="bullet"><link ns0:type="simple" ns0:href="../394/697394.xml">hefc</link>urg<parliament wordnetid="108319198" confidence="0.9508927676800064"><link ns0:type="simple" ns0:href="../964/13964.xml">parliament unit kingdom</link></parliament>committe scienc technolog remind<body wordnetid="105216365" confidence="0.8"><natural_object wordnetid="100019128" confidence="0.8"><link ns0:type="simple" ns0:href="../035/1246035.xml">assess exercis</link></natural_object></body>rae panel oblig assess qualiti content individu articl reput journal publish<ref ns0:type="simple" ns0:href="#xpointer(//reflist/entry[@id=%2214%22])" /></entry></list></p></ss2></ss1><ss1><st>gener</st><p><list><entry level="1" type="bullet">number citat paper journal directli measur true qualiti journal scientif merit paper reflect intens public citat area current popular topic avail journal journal low circul scientif merit content will high impact factor absolut sens journal specif subject low circul area<link ns0:type="simple" ns0:href="../183/4183.xml">botani</link><link ns0:type="simple" ns0:href="../413/34413.xml">zoolog</link>rel stand meaning defin qualiti academ public problemat involv nonquantifi factor influenc gener scientist assign specif numer measur stori</entry><entry level="1" type="bullet">count frequenc citat articl disregard prestig cite journal impact factor metric popular prestig</entry></list></p></ss1></sec><sec><st>altern measur</st><ss1><st>pagerank algorithm</st><p><link>gabriel pinski</link><link>franci narin</link>suggest recurs impact factor citat journal high impact greater weight citat lowimpact journal<ref ns0:type="simple" ns0:href="#xpointer(//reflist/entry[@id=%2215%22])" />recurs impact factor resembl<event wordnetid="100029378" confidence="0.8"><rule wordnetid="105846932" confidence="0.8"><act wordnetid="100030358" confidence="0.8"><psychological_feature wordnetid="100023100" confidence="0.8"><procedure wordnetid="101023820" confidence="0.8"><activity wordnetid="100407535" confidence="0.8"><algorithm wordnetid="105847438" confidence="0.8"><link ns0:type="simple" ns0:href="../724/23724.xml">pagerank</link></algorithm></activity></procedure></psychological_feature></act></rule></event>algorithm<company wordnetid="108058098" confidence="0.9508927676800064"><link ns0:type="simple" ns0:href="../923/1092923.xml">googl</link></company>search engin origin pinski narin paper trade balanc approach journal score highest cite rare cite journal number subsequ author propos approach rank scholarli journal<ref ns0:type="simple" ns0:href="#xpointer(//reflist/entry[@id=%2216%22])" /><ref ns0:type="simple" ns0:href="#xpointer(//reflist/entry[@id=%2217%22])" /><ref ns0:type="simple" ns0:href="#xpointer(//reflist/entry[@id=%2218%22])" />johan bollen marko rodriguez herbert van de sompel propos<event wordnetid="100029378" confidence="0.8"><rule wordnetid="105846932" confidence="0.8"><act wordnetid="100030358" confidence="0.8"><psychological_feature wordnetid="100023100" confidence="0.8"><procedure wordnetid="101023820" confidence="0.8"><activity wordnetid="100407535" confidence="0.8"><algorithm wordnetid="105847438" confidence="0.8"><link ns0:type="simple" ns0:href="../724/23724.xml">pagerank</link></algorithm></activity></procedure></psychological_feature></act></rule></event>algorithm<ref ns0:type="simple" ns0:href="#xpointer(//reflist/entry[@id=%2219%22])" />paper</p><p><table class="wikitable"><row><header colspan="2">isi impact factor</header><header colspan="2">pagerank</header><header colspan="2">combin</header></row><row><col /><col /><col><firm wordnetid="108059870" confidence="0.8"><enterprise wordnetid="108056231" confidence="0.8"><business wordnetid="108061042" confidence="0.8"><publisher wordnetid="108062623" confidence="0.8"><link ns0:type="simple" ns0:href="../556/7450556.xml">annu rev immunol</link></publisher></business></enterprise></firm></col><col /><col><periodical wordnetid="106593296" confidence="0.9508927676800064"><link ns0:type="simple" ns0:href="../427/43427.xml">natur</link></periodical></col><col /><col><periodical wordnetid="106593296" confidence="0.9508927676800064"><link ns0:type="simple" ns0:href="../427/43427.xml">natur</link></periodical></col></row><row><col /><col /><col><firm wordnetid="108059870" confidence="0.8"><enterprise wordnetid="108056231" confidence="0.8"><business wordnetid="108061042" confidence="0.8"><publisher wordnetid="108062623" confidence="0.8"><link ns0:type="simple" ns0:href="../556/7450556.xml">annu rev biochem</link></publisher></business></enterprise></firm></col><col /><col><periodical wordnetid="106593296" confidence="0.9508927676800064"><link ns0:type="simple" ns0:href="../742/4964742.xml">journal biolog chemistri</link></periodical></col><col /><col><periodical wordnetid="106593296" confidence="0.9508927676800064"><link ns0:type="simple" ns0:href="../513/193513.xml">scienc</link></periodical></col></row><row><col /><col /><col>physiol rev</col><col /><col><periodical wordnetid="106593296" confidence="0.9508927676800064"><link ns0:type="simple" ns0:href="../513/193513.xml">scienc</link></periodical></col><col /><col><periodical wordnetid="106593296" confidence="0.9508927676800064"><link ns0:type="simple" ns0:href="../492/486492.xml">england journal medicin</link></periodical></col></row><row><col /><col /><col><work wordnetid="104599396" confidence="0.8"><product wordnetid="104007894" confidence="0.8"><creation wordnetid="103129123" confidence="0.8"><artifact wordnetid="100021939" confidence="0.8"><periodical wordnetid="106593296" confidence="0.8"><publication wordnetid="106589574" confidence="0.8"><link ns0:type="simple" ns0:href="../015/1940015.xml">nat rev mol cell bio</link></publication></periodical></artifact></creation></product></work></col><col /><col><periodical wordnetid="106593296" confidence="0.9508927676800064"><link ns0:type="simple" ns0:href="../259/224259.xml">pna</link></periodical></col><col /><col><periodical wordnetid="106593296" confidence="0.9508927676800064"><link ns0:type="simple" ns0:href="../985/3625985.xml">cell</link></periodical></col></row><row><col /><col /><col><periodical wordnetid="106593296" confidence="0.9508927676800064"><link ns0:type="simple" ns0:href="../492/486492.xml">england journal medicin</link></periodical></col><col /><col><periodical wordnetid="106593296" confidence="0.9508927676800064"><link ns0:type="simple" ns0:href="../723/649723.xml">phi rev lett</link></periodical></col><col /><col><periodical wordnetid="106593296" confidence="0.9508927676800064"><link ns0:type="simple" ns0:href="../259/224259.xml">pna</link></periodical></col></row><row><col /><col /><col><periodical wordnetid="106593296" confidence="0.9508927676800064"><link ns0:type="simple" ns0:href="../427/43427.xml">natur</link></periodical></col><col /><col><periodical wordnetid="106593296" confidence="0.9508927676800064"><link ns0:type="simple" ns0:href="../985/3625985.xml">cell</link></periodical></col><col /><col><periodical wordnetid="106593296" confidence="0.9508927676800064"><link ns0:type="simple" ns0:href="../742/4964742.xml">journal biolog chemistri</link></periodical></col></row><row><col /><col /><col><periodical wordnetid="106593296" confidence="0.9508927676800064"><link ns0:type="simple" ns0:href="../558/6725558.xml">natur medicin</link></periodical></col><col /><col><periodical wordnetid="106593296" confidence="0.9508927676800064"><link ns0:type="simple" ns0:href="../492/486492.xml">england journal medicin</link></periodical></col><col /><col><periodical wordnetid="106593296" confidence="0.9508927676800064"><link ns0:type="simple" ns0:href="../941/541941.xml">jama</link></periodical></col></row><row><col /><col /><col><periodical wordnetid="106593296" confidence="0.9508927676800064"><link ns0:type="simple" ns0:href="../513/193513.xml">scienc</link></periodical></col><col /><col><periodical wordnetid="106593296" confidence="0.9508927676800064"><link ns0:type="simple" ns0:href="../915/1754915.xml">journal american chemic societi</link></periodical></col><col /><col><periodical wordnetid="106593296" confidence="0.9508927676800064"><link ns0:type="simple" ns0:href="../899/463899.xml">lancet</link></periodical></col></row><row><col /><col /><col><periodical wordnetid="106593296" confidence="0.9508927676800064"><link ns0:type="simple" ns0:href="../427/43427.xml">nat immunol</link></periodical></col><col /><col><work wordnetid="104599396" confidence="0.8"><product wordnetid="104007894" confidence="0.8"><creation wordnetid="103129123" confidence="0.8"><artifact wordnetid="100021939" confidence="0.8"><periodical wordnetid="106593296" confidence="0.8"><publication wordnetid="106589574" confidence="0.8"><link ns0:type="simple" ns0:href="../923/11538923.xml">immunol</link></publication></periodical></artifact></creation></product></work></col><col /><col><periodical wordnetid="106593296" confidence="0.9508927676800064"><link ns0:type="simple" ns0:href="../427/43427.xml">nat genet</link></periodical></col></row><row><col /><col /><col><periodical wordnetid="106593296" confidence="0.9508927676800064"><link ns0:type="simple" ns0:href="../957/3790957.xml">rev mod phi</link></periodical></col><col /><col><periodical wordnetid="106593296" confidence="0.9508927676800064"><link ns0:type="simple" ns0:href="../157/3488157.xml">appl phi lett</link></periodical></col><col /><col><periodical wordnetid="106593296" confidence="0.9508927676800064"><link ns0:type="simple" ns0:href="../558/6725558.xml">natur medicin</link></periodical></col></row></table></p><p>tabl top journal<company wordnetid="108058098" confidence="0.8"><institution wordnetid="108053576" confidence="0.8"><link ns0:type="simple" ns0:href="../854/1036854.xml">isi</link></institution></company>impact factor pagerank modifi system combin base data<it><periodical wordnetid="106593296" confidence="0.9508927676800064"><link ns0:type="simple" ns0:href="../427/43427.xml">natur</link></periodical></it><it><periodical wordnetid="106593296" confidence="0.9508927676800064"><link ns0:type="simple" ns0:href="../513/193513.xml">scienc</link></periodical></it>gener regard prestigi journal combin system top<it><periodical wordnetid="106593296" confidence="0.9508927676800064"><link ns0:type="simple" ns0:href="../492/486492.xml">england journal medicin</link></periodical></it>cite<it>natur</it><it>scienc</it>reflect mix review articl origin articl publish analyz data journal light detail knowledg journal literatur</p><p><link>eigenfactor</link><event wordnetid="100029378" confidence="0.8"><rule wordnetid="105846932" confidence="0.8"><act wordnetid="100030358" confidence="0.8"><psychological_feature wordnetid="100023100" confidence="0.8"><procedure wordnetid="101023820" confidence="0.8"><activity wordnetid="100407535" confidence="0.8"><algorithm wordnetid="105847438" confidence="0.8"><link ns0:type="simple" ns0:href="../724/23724.xml">pagerank</link></algorithm></activity></procedure></psychological_feature></act></rule></event>type measur journal influenc<ref ns0:type="simple" ns0:href="#xpointer(//reflist/entry[@id=%2220%22])" />rank freeli<weblink ns0:type="simple" ns0:href="http://www.eigenfactor.org">eigenfactororg</weblink></p></ss1></sec><sec><st /><p><list><entry level="1" type="bullet"><link ns0:type="simple" ns0:href="../693/3604693.xml">hindex</link>impact factor individu scientist journal</entry></list></p><p><list><entry level="1" type="bullet"><event wordnetid="100029378" confidence="0.8"><rule wordnetid="105846932" confidence="0.8"><act wordnetid="100030358" confidence="0.8"><psychological_feature wordnetid="100023100" confidence="0.8"><procedure wordnetid="101023820" confidence="0.8"><activity wordnetid="100407535" confidence="0.8"><algorithm wordnetid="105847438" confidence="0.8"><link ns0:type="simple" ns0:href="../724/23724.xml">pagerank</link></algorithm></activity></procedure></psychological_feature></act></rule></event>algorithm<company wordnetid="108058098" confidence="0.9508927676800064"><link ns0:type="simple" ns0:href="../923/1092923.xml">googl</link></company>base principl</entry></list></p></sec><sec><st>refer</st><p><reflist><entry id="1"><weblink ns0:type="simple" ns0:href="http://www.bib.slu.se/kurser/sss/skriva/impactfactor/eimpactfactor.html">impact factor immediaci cite halflif</weblink></entry><entry id="2"><cite style="font-style:normal">eugen garfield june<weblink ns0:type="simple" ns0:href="http://www.garfield.library.upenn.edu/papers/derunfallchirurg_v101(6)p413y1998english.html">der impact faktor und sein richtig anwendung</weblink><it>der unfallchirurg</it><b /></cite></entry><entry id="3"><cite id="CITEREF2007" style="font-style:normal"><it><weblink ns0:type="simple" ns0:href="http://isiwebofknowledge.com">journal citat report</weblink></it>retriev august</cite></entry><entry id="4">plo medicin editor june<weblink ns0:type="simple" ns0:href="http://dx.doi.org/10.1371/journal.pmed.0030291">impact factor game</weblink>plo medicin</entry><entry id="5">mike rossner heather van epp emma hill decemb<weblink ns0:type="simple" ns0:href="http://www.jcb.org/cgi/content/full/179/6/1091">data</weblink>journal cell biolog</entry><entry id="6">joint committe quantit assess june<weblink ns0:type="simple" ns0:href="http://www.mathunion.org/fileadmin/IMU/Report/CitationStatistics.pdf">citat statist</weblink>intern mathemat union</entry><entry id="7"><cite style="font-style:normal">bruynoogh<weblink ns0:type="simple" ns0:href="http://www.cs.kuleuven.ac.be/~dtai/projects/ALP/newsletter/nov05/nav/articles/maurice/article.html">theori practic logic program isi web knowledg</weblink><it>associ logic program newslett</it><b />retriev<link /></cite></entry><entry id="8">sa marashi ident citer paper recogn investig med hypothes<computer wordnetid="103082979" confidence="0.8"><artifact wordnetid="100021939" confidence="0.8"><instrumentality wordnetid="103575240" confidence="0.8"><engine wordnetid="103287733" confidence="0.8"><motor wordnetid="103789946" confidence="0.8"><device wordnetid="103183080" confidence="0.8"><machine wordnetid="103699975" confidence="0.8"><web_site wordnetid="106359193" confidence="0.8"><link ns0:type="simple" ns0:href="../009/503009.xml">pubm</link></web_site></machine></device></motor></engine></instrumentality></artifact></computer><weblink ns0:type="simple" ns0:href="http://www.ncbi.nlm.nih.gov/entrez/query.fcgi?cmd=search db=PubMed term=15990244" /></entry><entry id="9">richard monasterski octob<weblink ns0:type="simple" ns0:href="http://chronicle.com/free/v52/i08/08a01201.htm">number devour scienc</weblink>chronicl higher educ</entry><entry id="10"><cite style="font-style:normal">fassoulaki papila paraskeva patri impact factor bia propos adjust determin<it>acta anaesthesiologica scandinavica</it><b /><document wordnetid="106470073" confidence="0.8"><written_communication wordnetid="106349220" confidence="0.8"><writing wordnetid="106362953" confidence="0.8"><link ns0:type="simple" ns0:href="../994/422994.xml">doi</link></writing></written_communication></document><weblink ns0:type="simple" ns0:href="http://dx.doi.org/10.1034%2Fj.1399-6576.2002.460723.x">jx</weblink>pmid</cite></entry><entry id="11"><cite style="font-style:normal">harm schuttea jan svec reaction<it>folia phoniatrica logopaedica</it>current trend impact factor measur<it><link>folia phoniatrica logopaedica</link></it><b /><document wordnetid="106470073" confidence="0.8"><written_communication wordnetid="106349220" confidence="0.8"><writing wordnetid="106362953" confidence="0.8"><link ns0:type="simple" ns0:href="../994/422994.xml">doi</link></writing></written_communication></document><weblink ns0:type="simple" ns0:href="http://dx.doi.org/10.1159%2F000108334" /></cite></entry><entry id="12"><cite style="font-style:normal">seglen po<weblink ns0:type="simple" ns0:href="http://www.bmj.com/cgi/content/full/314/7079/497">impact factor journal evalu</weblink><it>bmj</it><b />pmid<link ns0:type="simple" ns0:href="../325/2775325.xml">pmc</link><weblink ns0:type="simple" ns0:href="http://www.pubmedcentral.gov/articlerender.fcgi?tool=pmcentrez artid=2126010" /></cite></entry><entry id="13"><cite style="font-style:normal">notsodeep impact<it>natur</it><b /><document wordnetid="106470073" confidence="0.8"><written_communication wordnetid="106349220" confidence="0.8"><writing wordnetid="106362953" confidence="0.8"><link ns0:type="simple" ns0:href="../994/422994.xml">doi</link></writing></written_communication></document><weblink ns0:type="simple" ns0:href="http://dx.doi.org/10.1038%2F4351003a" />pmid</cite></entry><entry id="14"><weblink ns0:type="simple" ns0:href="http://www.publications.parliament.uk/pa/cm200304/cmselect/cmsctech/399/39912.htm">hous common scienc technolog tenth report</weblink>retriev<link /></entry><entry id="15"><cite style="font-style:normal"><link>gabriel pinski</link><link>franci narin</link>citat influenc journal aggreg scientif public theori applic literatur physic<it><link>process manag</link></it><b /><document wordnetid="106470073" confidence="0.8"><written_communication wordnetid="106349220" confidence="0.8"><writing wordnetid="106362953" confidence="0.8"><link ns0:type="simple" ns0:href="../994/422994.xml">doi</link></writing></written_communication></document><weblink ns0:type="simple" ns0:href="http://dx.doi.org/10.1016%2F0306-4573%2876%2990048-0" /></cite></entry><entry id="17"><cite style="font-style:normal">palacioshuerta volij measur intellectu influenc<it>econometrica</it><b /><document wordnetid="106470073" confidence="0.8"><written_communication wordnetid="106349220" confidence="0.8"><writing wordnetid="106362953" confidence="0.8"><link ns0:type="simple" ns0:href="../994/422994.xml">doi</link></writing></written_communication></document><weblink ns0:type="simple" ns0:href="http://dx.doi.org/10.1111%2Fj.1468-0262.2004.00519.x">jx</weblink></cite></entry><entry id="16"><cite style="font-style:normal">liebowitz palmer<weblink ns0:type="simple" ns0:href="http://www.jstor.org/pss/2725228">assess rel impact econom journal</weblink><it>journal econom literatur</it><b /></cite></entry><entry id="19"><cite style="font-style:normal">johan bollen marko rodriguez herbert van de sompel decemb<weblink ns0:type="simple" ns0:href="http://www.arxiv.org/abs/cs.GL/0601030">journal statu</weblink><it>scientometr</it><b /></cite></entry><entry id="18"><cite style="font-style:normal">kodrzycki yu approach rank econom journal<it>journal econom analysi polici</it><b /><document wordnetid="106470073" confidence="0.8"><written_communication wordnetid="106349220" confidence="0.8"><writing wordnetid="106362953" confidence="0.8"><link ns0:type="simple" ns0:href="../994/422994.xml">doi</link></writing></written_communication></document><weblink ns0:type="simple" ns0:href="http://dx.doi.org/10.2202%2F1538-0645.1520" /></cite></entry><entry id="20"><cite style="font-style:normal">bergstrom<weblink ns0:type="simple" ns0:href="http://www.ala.org/ala/acrl/acrlpubs/crlnews/backissues2007/may07/Eigenfactor.htm">eigenfactor measur prestig scholarli journal</weblink><it>rl news</it><b /></cite></entry></reflist></p></sec><sec><st>extern link</st><p><list><entry level="1" type="bullet">offici<weblink ns0:type="simple" ns0:href="http://admin-apps.isiknowledge.com/JCR/JCR">journal citat report</weblink><weblink ns0:type="simple" ns0:href="http://www.isinet.com">isi websit</weblink></entry><entry level="1" type="bullet"><weblink ns0:type="simple" ns0:href="http://www.epidemiologic.org/2007/07/2007-journal-impact-factors-for-leading.html">epidemiolog inquiri</weblink>impact factor list medic scienc journal</entry><entry level="1" type="bullet"><weblink ns0:type="simple" ns0:href="http://www.sciencegateway.org/rank/index.html">list rank impact factor scibyt</weblink></entry><entry level="1" type="bullet"><weblink ns0:type="simple" ns0:href="http://www.harzing.com/pop.htm">publish perish</weblink>calcul statist includ hindex<link ns0:type="simple" ns0:href="../395/9905395.xml">gindex</link><work wordnetid="100575741" confidence="0.8"><event wordnetid="100029378" confidence="0.8"><service wordnetid="100577525" confidence="0.8"><act wordnetid="100030358" confidence="0.8"><psychological_feature wordnetid="100023100" confidence="0.8"><activity wordnetid="100407535" confidence="0.8"><link ns0:type="simple" ns0:href="../204/1520204.xml">googl scholar</link></activity></psychological_feature></act></service></event></work>data</entry></list></p></sec></bdy></entity></article>