<article xmlns:ns0="http://www.w3.org/1999/xlink"><company confidence="0.8" wordnetid="108058098"><institution confidence="0.8" wordnetid="108053576"><header><title>dalmia</title><id /><revision><id /><timestamp>tz</timestamp><contributor><username>merc</username><id /></contributor></revision><categories><category>famili busi</category><category>articl invalid paramet templat</category><category>wikifi januari</category><category>need wikifi</category><category>compani india</category><category>articl lack reliabl refer august</category><category>articl lack sourc</category><category>marwar</category></categories></header><bdy><table class="metadata plainlinks ambox "><row><col>amboxcont style</col></row><row><col class="mbox-image"><p><image width="50px" src="Question_book-new.svg" /></p></col><col style="" class="mbox-text">articl appear reliabl thirdparti public sourc affili subject articl gener suffici wikipedia articl includ appropri discuss issu talk august</col></row></table><p><table class="metadata plainlinks ambox "><row><col>amboxstyl style</col></row><row><col class="mbox-image"><p><image width="50px" src="Wikitext.svg" /></p></col><col style="" class="mbox-text">articl help<weblink ns0:type="simple" ns0:href="http://localhost:18088/wiki/index.php?title=Dalmia action=edit">improv articl</weblink>ad januari</col></row></table></p><p>dalmia compani exist<country wordnetid="108544813" confidence="0.9508927676800064"><link ns0:type="simple" ns0:href="../533/14533.xml">india</link></country>earli dalmia<link ns0:type="simple" ns0:href="../710/11508710.xml">jain</link>group found late ramkrishna dalmia assist younger brother jaiday dalmia soninlaw<link ns0:type="simple" ns0:href="../167/13559167.xml">sahu shanti prasad jain</link>group activ includ bank insur compani newspap publish hous aviat railway compani electr suppli compani collieri motor car compani biscuit cement chemic distilleri dairi product jute paper plywood paint refractori sugar textil</p><p>group greatest contribut nation develop emerg indian cement industri enter area challeng monopoli power combin acc group set cement factori reflect geograph expans group presenc corner countri cement factori set dalmianagar bihar east india dalmia dadri haryana north india dandot west punjab central pakistan dalmiapuram tamil nadu south india karachi sind south pakistan rajgangpur orissa east india sawai madhopur rajasthan north india</p><p><link ns0:type="simple" ns0:href="../630/34630.xml" />group establish bharat bank basi authoris capit biggest bank time acquir control interest punjab nation bank time india group public time dalmia compani rank third india major industri group tata birla automot sphere compani group allen berri limit purchas entir lot american surplu dispos vehicl number<military_action wordnetid="100952963" confidence="0.8"><group_action wordnetid="101080366" confidence="0.8"><event wordnetid="100029378" confidence="0.8"><conflict wordnetid="100958896" confidence="0.8"><act wordnetid="100030358" confidence="0.8"><psychological_feature wordnetid="100023100" confidence="0.8"><war wordnetid="100973077" confidence="0.8"><link ns0:type="simple" ns0:href="../927/32927.xml">war ii</link></war></psychological_feature></act></conflict></event></group_action></military_action>compani vast workshop part india till disband</p><p>dalmia famili trace root town<legal_power wordnetid="105198427" confidence="0.9508927676800064"><link ns0:type="simple" ns0:href="../291/26291.xml">rajasthan</link></legal_power><legal_power wordnetid="105198427" confidence="0.9508927676800064"><link ns0:type="simple" ns0:href="../677/2651677.xml">chirawa</link></legal_power>today famili rel interest publish industri explos cement magnesit sugar oliv oil leisur resort hotel refractori cast cigarett soda ash textil rig drill equip servic inbound tourism public relat busi process outsourc softwar develop financi servic</p><p>total turnov compani exce billion</p><sec><st>ramkrishna dalmia</st><p>ramkrishna dalmia april septemb pioneer industrialist founder dalmiajain group born small villag chirawa jhunjhunu district rajasthan start life bare materi resourc shift calcutta earli age father die year leav properti fell ramkrishna dalmia support mother grandmoth wife younger brother</p><p>matern uncl motil jhunjhunwala job bullion busi enabl earn support famili peopl met form high regard busi acumen sought advic start brokerag busi stroke luck geniu lakh rupe singl transact india thirdlargest busi empir</p><p>sugar factori dalmianagar bihar dalmia set industri assist younger brother late jaiday dalmia soninlaw late<link ns0:type="simple" ns0:href="../167/13559167.xml">sahu shanti prasad jain</link></p><p>ramkrishna dalmia huge financi support nationalist movement british regim<link ns0:type="simple" ns0:href="../379/19379.xml">gandhi</link><link ns0:type="simple" ns0:href="../073/37073.xml">civil disobedi</link>movement start salt satyagraha fact financ entir fact nation leader<link ns0:type="simple" ns0:href="../083/702083.xml">dr rajendra prasad</link>shri sy hasan imam allud futur</p><p>dalmia contact person walk life nation leader direct contact gandhi jamuna lal bajaj sardar patel rajendra prasad<link ns0:type="simple" ns0:href="../989/400989.xml">ma jinnah</link>set cement factori kingdom jind jaipur invit rule princ</p><p>dalmia great philanthropist presid number religi educ social confer form anti cowslaught leagu began worldwid campaign promot idea oneworld govern author book spiritu inspir</p><p>dalmia pass septemb age prolong ill</p></sec><sec><st>compani control dalmia famili today</st><p>artech infosystem pvt noida softwar product consult bpo</p><p>bharat explos lalitpur uttar pradesh industri explos</p><p>colwel salmon noida public relat manag</p><p>dalmia cement bharat incl dalmia electron corpn dalmia magnesit corp govan travel ramgarh sugar mill dalmiapuram tamil nadu cement refractori sugar magnesit iron ore travel agenc electron capacitor resistor</p><p>dalmia centr coimbator appli agricultur</p><p>dalmia continent pvt delhi distribut sale<link ns0:type="simple" ns0:href="../478/22478.xml">oliv oil</link>product</p><p>dalmia healthcar delhi altern healthcar product solut</p><p>dalmia resort intern pvt delhi timeshar vacat ownership hotel resort</p><p>dss mobil commun radio page servic collabor sunkyong korea samsung korea bpo servic</p><p>electrosteel cast calcutta cast</p><p>capit india limit delhi incl landmark hold financi servic privat equiti placement ventur capit</p><p>gtc industri limit delhi tobacco product</p><p>ghcl limit verav gujarat incl sree meenakshi mill madurai tamil nadu soda ash collabor akzo zout chemi holland klockner industri analgen germani textil bpo servic</p><p>hari machin rajgangpur orissa industri ceram engin product</p><p>grandeur travel pvt delhi agent travel agent</p><p>kv foundat delhi real estat develop merchant export invest</p><p>khammam granit khammam ap granit mine export</p><p>ocl india rajgangpur orissa cement refractori chemic</p><p>revathi equip coimbator tamil nadu rig drill equip</p><p>shree ram plastic udyog noida plastic bottl materi</p><p>sunshin tourism servic pvt delhi tour handl manag</p><p>trw limit chennai weld work</p><p>wgf secur limit delhi merchant bank financi servic</p></sec><sec><st>link</st><p><weblink ns0:type="simple" ns0:href="http://www.time.com/time/magazine/article/0,9171,890731,00.html">time magazin articl</weblink></p><p><weblink ns0:type="simple" ns0:href="http://209.85.175.104/search?q=cache:-av5qzee0T8J:www.ccsindia.org/policy/hist/studies/wp0025.pdf+ramkrishna+dalmia hl=en ct=clnk cd=12">centr civil societi paper</weblink></p><p><weblink ns0:type="simple" ns0:href="http://www.dalmiabrothers.com">dalmia brother</weblink></p><p><weblink ns0:type="simple" ns0:href="http://www.oclindialtd.in">ocl india</weblink></p><p><weblink ns0:type="simple" ns0:href="http://www.dalmiaglobal.com">dalmia continent</weblink></p><p><weblink ns0:type="simple" ns0:href="http://www.sunshineindia.com">sunshin tourism</weblink></p><p><weblink ns0:type="simple" ns0:href="http://www.revathi.co.in">revathi equip</weblink></p><p><weblink ns0:type="simple" ns0:href="http://timesofindia.indiatimes.com">time india</weblink></p><p><weblink ns0:type="simple" ns0:href="http://www.gtcil.com">gtc industri</weblink></p><p><weblink ns0:type="simple" ns0:href="http://www.hindustantimes.com/StoryPage/StoryPage.aspx?id=894786b4-05d3-44ea-80b0-916b7c87d228">hindustan time articl</weblink></p><p><weblink ns0:type="simple" ns0:href="http://www.frontlineonnet.com/fl2423/stories/20071207506708100.htm">frontlin magazin fate year</weblink></p><p><weblink ns0:type="simple" ns0:href="http://www.milligazette.com/Archives/2004/01-15Sep04-Print-Edition/011509200404.htm">milli gazett articl</weblink></p><p><weblink ns0:type="simple" ns0:href="http://www.thehindu.com/thehindu/fline/fl2022/stories/20031107000407500.htm">frontlin magazineth hous jinnah built</weblink></p><p><weblink ns0:type="simple" ns0:href="http://www.dailytimes.com.pk/default.asp?page=story_8-8-2003_pg7_54">daili time articl</weblink></p></sec></bdy></institution></company></article>