<article xmlns:ns0="http://www.w3.org/1999/xlink"><class confidence="0.8" wordnetid="107997703"><collection confidence="0.8" wordnetid="107951464"><group confidence="0.8" wordnetid="100031264"><header><title>comput applianc</title><id /><revision><id /><timestamp>tz</timestamp><contributor><username>nvrijn</username><id /></contributor></revision><categories><category>class comput</category></categories></header><bdy>comput applianc gener separ discret hardwar compon design provid specif comput resourc resid dedic<link ns0:type="simple" ns0:href="../196/81196.xml">hardwar platform</link><p>term applianc appli devic similar applianc gener close seal servic owner comput applianc hardwar box seal repair upgrad user</p><sec><st>background</st><p>tradit<link ns0:type="simple" ns0:href="../746/454746.xml">softwar applic</link>top generalpurpos<link ns0:type="simple" ns0:href="../194/22194.xml">oper system</link>hardwar resourc local commod server memori disk storag cpu network bandwidth meet comput host applic set local resourc area insuffici perform suffer tradit applic<list><entry level="1" type="bullet">rehost larger system vertic<link ns0:type="simple" ns0:href="../529/185529.xml">scalabl</link>approach leverag<artifact wordnetid="100021939" confidence="0.8"><instrumentality wordnetid="103575240" confidence="0.8"><device wordnetid="103183080" confidence="0.8"><machine wordnetid="103699975" confidence="0.8"><link ns0:type="simple" ns0:href="../819/646819.xml">platform virtual</link></machine></device></instrumentality></artifact>techniqu attempt optim alloc comput resourc multipl virtual system server</entry></list></p><p><list><entry level="1" type="bullet">broken separ instanc deploy inexpens commod server horizont<link ns0:type="simple" ns0:href="../529/185529.xml">scalabl</link>requir chang applic refactor associ data approach lead server sprawl<ref ns0:type="simple" ns0:href="#xpointer(//reflist/entry[@id=%221%22])" /></entry></list></p><p>comput applianc model<ref ns0:type="simple" ns0:href="#xpointer(//reflist/entry[@id=%222%22])" />applic set remain deploy origin host system extern applianc suppli typic massiv amount comput resourc applic contend</p></sec><sec><st>tradeoff comput applianc approach</st><p>major downsid deploy comput applianc design suppli specif resourc includ custom oper system run special hardwar compat system deploy typic data center</p><p>upsid comput applianc decoupl resourc suppli system applic resourc resid resourc decoupl central theoret share system vastli expand central manag optim requir chang system data center<ref ns0:type="simple" ns0:href="#xpointer(//reflist/entry[@id=%223%22])" /><ref ns0:type="simple" ns0:href="#xpointer(//reflist/entry[@id=%224%22])" /></p></sec><sec><st>type applianc</st><p>varieti comput applianc reflect wide rang comput resourc provid applic exampl<list><entry level="1" type="number">storag comput applianc provid massiv amount storag addit higher level function<link ns0:type="simple" ns0:href="../823/3118823.xml">disk mirror</link><link ns0:type="simple" ns0:href="../567/474567.xml">data stripe</link>multipl attach system transpar local<link ns0:type="simple" ns0:href="../593/266593.xml">storag area network</link>paradigm<ref ns0:type="simple" ns0:href="#xpointer(//reflist/entry[@id=%225%22])" /></entry><entry level="1" type="number">java comput applianc<ref ns0:type="simple" ns0:href="#xpointer(//reflist/entry[@id=%226%22])" />transpar rehost java applic techniqu pauseless<link ns0:type="simple" ns0:href="../734/6734.xml">garbag collecton</link>optimist<link ns0:type="simple" ns0:href="../303/45303.xml">thread</link>concurr provid massiv amount usabl memori<link ns0:type="simple" ns0:href="../218/5218.xml">cpu</link></entry><entry level="1" type="number">network comput internet applianc gener purpos<link ns0:type="simple" ns0:href="../748/25748.xml">router</link><ref ns0:type="simple" ns0:href="#xpointer(//reflist/entry[@id=%227%22])" />provid<link ns0:type="simple" ns0:href="../296/1362296.xml">firewal</link>protect<message wordnetid="106598915" confidence="0.8"><protocol wordnetid="106665108" confidence="0.8"><standard wordnetid="107260623" confidence="0.8"><direction wordnetid="106786629" confidence="0.8"><rule wordnetid="106652242" confidence="0.8"><system_of_measurement wordnetid="113577171" confidence="0.8"><link ns0:type="simple" ns0:href="../813/187813.xml">transport layer secur</link></system_of_measurement></rule></direction></standard></protocol></message>access special network protocol<link ns0:type="simple" ns0:href="../996/176996.xml">ebxml</link>messag servic bandwidth<link ns0:type="simple" ns0:href="../389/41389.xml">multiplex</link>multipl system frontend</entry></list></p></sec><sec><st>intern structur</st><p>design pattern comput applianc vendor concept applianc rest keep implement detail user difficult match pattern specif applianc chang extern capabl perform<list><entry level="1" type="number">special chip vendor build<arrangement wordnetid="107938773" confidence="0.8"><group wordnetid="100031264" confidence="0.8"><array wordnetid="107939382" confidence="0.8"><link ns0:type="simple" ns0:href="../845/147845.xml">asic</link></array></group></arrangement>separ softwar oper system applianc limit interfac termin consol webbas allow basic configur staff manufactur access deeper configur mechan<company wordnetid="108058098" confidence="0.9508927676800064"><link ns0:type="simple" ns0:href="../790/14437790.xml">azul system</link></company>vega java comput applianc exampl special hardwar modif chip enabl java applic scale</entry><entry level="1" type="number">special softwar kernel vendor creat generalpurpos comput design oper system integr applic oper system<company wordnetid="108058098" confidence="0.9508927676800064"><link ns0:type="simple" ns0:href="../746/51746.xml">cisco</link></company><system wordnetid="104377057" confidence="0.8"><artifact wordnetid="100021939" confidence="0.8"><instrumentality wordnetid="103575240" confidence="0.8"><merchandise wordnetid="103748886" confidence="0.8"><commodity wordnetid="103076708" confidence="0.8"><link ns0:type="simple" ns0:href="../398/187398.xml">io</link></commodity></merchandise></instrumentality></artifact></system>exampl unixlik oper system firewal function networkfirewal configur command built devic seal consum access reinstal oper system replac oper system consum restrict small group configur command detail lower level function oper system vendor lock approach carri closer type devic appear asic devic</entry><entry level="1" type="number">special applic shelf comput oper system user interfac box design user access comput applic interfac vendor creat underli comput architectur lock essenti invis difficult discern devic function top gener purpos hardwar oper system linux<O wordnetid="106832680" confidence="0.9508927676800064"><link ns0:type="simple" ns0:href="../622/18932622.xml">bsd</link></O>lesser degre oper system choic type applianc term<link ns0:type="simple" ns0:href="../473/3402473.xml">softwar applianc</link>describ prepackag blackbox combin</entry><entry level="1" type="number">virtual applianc hardwar disappear entir socal<link ns0:type="simple" ns0:href="../098/4540098.xml">virtual applianc</link>virtual softwar applianc number<link ns0:type="simple" ns0:href="../353/32353.xml">virtual machin</link>technolog virtual machin essenti stack softwar oper system special applic altern</entry></list></p><p>techniqu mix exampl<link ns0:type="simple" ns0:href="../130/147130.xml">vpn</link>applianc limit access softwar firewal run linux encrypt asic speed<link ns0:type="simple" ns0:href="../130/147130.xml">vpn</link>access</p><p>comput applianc solid hard drive load oper system method mix asic print server allow option hard drive job queue linuxbas devic encod linux<link ns0:type="simple" ns0:href="../155/41155.xml">firmwar</link>hard drive need load oper system<ref ns0:type="simple" ns0:href="#xpointer(//reflist/entry[@id=%228%22])" /></p></sec><sec><st>consum comput applianc</st><p>deploy data center addit varieti comput applianc directli gener public includ</p><p><list><entry level="1" type="bullet"><artifact wordnetid="100021939" confidence="0.8"><instrumentality wordnetid="103575240" confidence="0.8"><medium wordnetid="106254669" confidence="0.8"><link ns0:type="simple" ns0:href="../300/348300.xml">digit video record</link></medium></instrumentality></artifact></entry><entry level="1" type="bullet"><system wordnetid="104377057" confidence="0.9508927676800064"><link ns0:type="simple" ns0:href="../342/17416342.xml">xbox</link></system></entry><entry level="1" type="bullet"><link ns0:type="simple" ns0:href="../822/655822.xml">applianc</link></entry><entry level="1" type="bullet"><link ns0:type="simple" ns0:href="../304/23304.xml">pda</link>consid form applianc gener purpos comput platform</entry><entry level="2" type="bullet"><link ns0:type="simple" ns0:href="../866/11866.xml">gp</link>mapdriv direct devic<link ns0:type="simple" ns0:href="../706/1445706.xml">instal car</link></entry><entry level="2" type="bullet"><link ns0:type="simple" ns0:href="../079/167079.xml">smartphon</link></entry><entry level="2" type="bullet"><link ns0:type="simple" ns0:href="../447/3178447.xml">email filter</link><link ns0:type="simple" ns0:href="../847/459847.xml">spam</link><link ns0:type="simple" ns0:href="../196/18994196.xml">virus</link><message wordnetid="106598915" confidence="0.8"><protocol wordnetid="106665108" confidence="0.8"><direction wordnetid="106786629" confidence="0.8"><rule wordnetid="106652242" confidence="0.8"><link ns0:type="simple" ns0:href="../737/593737.xml">smime</link></rule></direction></protocol></message>messag manag</entry></list></p></sec><sec><st /><p><list><entry level="1" type="bullet"><link ns0:type="simple" ns0:href="../528/1762528.xml">linux devic</link></entry><entry level="1" type="bullet"><computer wordnetid="103082979" confidence="0.8"><application wordnetid="100949134" confidence="0.8"><occupation wordnetid="100582388" confidence="0.8"><technology wordnetid="100949619" confidence="0.8"><profession wordnetid="100609953" confidence="0.8"><use wordnetid="100947128" confidence="0.8"><machine wordnetid="103699975" confidence="0.8"><artifact wordnetid="100021939" confidence="0.8"><instrumentality wordnetid="103575240" confidence="0.8"><event wordnetid="100029378" confidence="0.8"><device wordnetid="103183080" confidence="0.8"><act wordnetid="100030358" confidence="0.8"><psychological_feature wordnetid="100023100" confidence="0.8"><activity wordnetid="100407535" confidence="0.8"><link ns0:type="simple" ns0:href="../475/1661475.xml">green comput</link></activity></psychological_feature></act></device></event></instrumentality></artifact></machine></use></profession></technology></occupation></application></computer></entry><entry level="1" type="bullet"><link ns0:type="simple" ns0:href="../045/2031045.xml">hardwar acceler</link></entry></list></p></sec><sec><st>refer</st><p><reflist><entry id="1"><weblink ns0:type="simple" ns0:href="http://www.sqlmag.com/Article/ArticleID/94062/sql_server_94062.html">server sprawl</weblink>high cost server sprawl sql server magazin nov</entry><entry id="2"><weblink ns0:type="simple" ns0:href="http://www.computerweekly.com/Articles/2007/06/05/224539/the-rise-of-the-computing-appliance.htm">rise comput applianc</weblink>comput weekli june</entry><entry id="3"><weblink ns0:type="simple" ns0:href="http://www.networkworld.com/columnists/2007/012907-monash.html">network applianc</weblink>network jan</entry><entry id="4"><weblink ns0:type="simple" ns0:href="http://www.monashreport.com/2006/12/27/appliances-barracuda-network-stream-processing/">comput applianc</weblink>monash report dec</entry><entry id="5"><weblink ns0:type="simple" ns0:href="http://www.networkworld.com/topics/sans.html">san data center</weblink>network</entry><entry id="6"><weblink ns0:type="simple" ns0:href="http://java.sys-con.com/node/590747">java comput applianc</weblink>jdj magazin</entry><entry id="7"><weblink ns0:type="simple" ns0:href="http://compnetworking.about.com/cs/routers/g/bldef_router.htm">router</weblink>aboutcom</entry><entry id="8"><cite style="font-style:normal" class="book">smith bob hardin john phillip graham pierc bill<weblink ns0:type="simple" ns0:href="http://books.google.com/books?id=uVu0ax6C3uIC pg=PA81 dq=%22network+appliance%22+date:2003-2009 lr= num=100 as_brr=3 sig=QE5mXmjxjbgmQtw11DsRYlnewnE#PPR17,M1">linux applianc design handson guid build linux applianc</weblink>starch press xvii isbn retriev<link /></cite></entry></reflist></p></sec></bdy></group></collection></class></article>