<article xmlns:ns0="http://www.w3.org/1999/xlink"><company confidence="0.8" wordnetid="108058098"><institution confidence="0.8" wordnetid="108053576"><header><title>cognio</title><id /><revision><id /><timestamp>tz</timestamp><contributor><username>wilsbadkarma</username><id /></contributor></revision><categories><category>montgomeri counti maryland</category><category>compani base maryland</category><category>radiofrequ identif</category><category>network compani unit</category></categories></header><bdy>cognio build rf<link ns0:type="simple" ns0:href="../852/42852.xml">radio frequenc</link>spectrum analysi solut find solv wifi channel interfer problem wireless network wireless applic<link ns0:type="simple" ns0:href="../320/169320.xml">rfid</link>design frequenc band common today abg rfid cognio product spectrum expert help network engin analyz diagnos locat sourc interfer enterpris rf environ cognio acquir cisco system<sec><st>compani overview</st><p>cognio ship spectrum expert<link ns0:type="simple" ns0:href="../973/63973.xml">wifi</link>manag softwar spring built base custom cognio sell wireless internet connect solut directli resel oem partnership compani airmagnet fluke network wildpacket cognio headquart<village wordnetid="108672738" confidence="0.9508927676800064"><link ns0:type="simple" ns0:href="../050/145050.xml">germantown</link></village><region wordnetid="108630985" confidence="0.8"><administrative_district wordnetid="108491826" confidence="0.8"><location wordnetid="100027167" confidence="0.8"><district wordnetid="108552138" confidence="0.8"><country wordnetid="108544813" confidence="0.8"><link ns0:type="simple" ns0:href="../858/18858.xml">maryland</link></country></district></location></administrative_district></region><village wordnetid="108672738" confidence="0.9508927676800064"><link ns0:type="simple" ns0:href="../956/108956.xml">washington dc</link></village><link ns0:type="simple" ns0:href="../750/3434750.xml">usa</link>privat held invest north bridg ventur partner ab ventur avansi ventur compani current employe cognio grant patent submit patent applic rf analysi technolog cognio market spectrum analysi softwar enterpris commun cognio sell wifi spectrum analyz product network engin field servic engin respons secur wireless network applic wireless network engin troubleshoot rf interfer pattern problem hamper wireless commun</p><p>wireless network devic commun transmit radio wave type network oper specif rang radio wave frequenc rang call spectrum</p><p><standard wordnetid="107260623" confidence="0.8"><system_of_measurement wordnetid="113577171" confidence="0.8"><link ns0:type="simple" ns0:href="../739/14739.xml">ieee</link></system_of_measurement></standard>wireless network oper unlicens spectrum frequenc band licens<link ns0:type="simple" ns0:href="../145/41145.xml">fcc</link>organ exclus traffic spectrum share type devic cordless phone<computer wordnetid="103082979" confidence="0.8"><artifact wordnetid="100021939" confidence="0.8"><instrumentality wordnetid="103575240" confidence="0.8"><standard wordnetid="107260623" confidence="0.8"><device wordnetid="103183080" confidence="0.8"><machine wordnetid="103699975" confidence="0.8"><system_of_measurement wordnetid="113577171" confidence="0.8"><link ns0:type="simple" ns0:href="../742/3742.xml">bluetooth</link></system_of_measurement></machine></device></standard></instrumentality></artifact></computer>devic design share spectrum technolog check airwav clear transmit messag airwav crowd radio signal devic will shut commun</p><p>sourc rf interfer network nearbi wlan wifi channel interfer second commun devic share spectrumdevic bluetooth headsetsmay interfer third interfer origin radio energi electron devic video camera microwav oven</p><p>rf interfer result slow network perform drop connect devic rf jammer type video camera prevent wlan commun</p><p>wlan manag tool measur analyz rf interfer problem monitor layer<message wordnetid="106598915" confidence="0.8"><protocol wordnetid="106665108" confidence="0.8"><standard wordnetid="107260623" confidence="0.8"><direction wordnetid="106786629" confidence="0.8"><rule wordnetid="106652242" confidence="0.8"><proposal wordnetid="107162194" confidence="0.8"><recommendation wordnetid="106671637" confidence="0.8"><advice wordnetid="106671484" confidence="0.8"><system_of_measurement wordnetid="113577171" confidence="0.8"><link ns0:type="simple" ns0:href="../747/22747.xml">osi model</link></system_of_measurement></advice></recommendation></proposal></rule></direction></standard></protocol></message>report perform slow typic unabl report slow perform caus wifi interfer consequ wlan network engin detect poor connect wireless internet area left wifi tool analyz rf interfer measur effect rf interfer specif channel network identifi type locat sourc interfer</p><p>network engin scientif spectrum analyz tool design laboratori set larg heavi network administr move build cours day wifi spectrum analyz cost ten thousand dollar</p></sec><sec><st>wireless spectrum analyz product</st><p>cognio current sell product spectrum expert wifi spectrum expert rfid product name cognio omit hyphen appear word wifi</p><p>cognio spectrum expert wifi enabl network engin identifi locat sourc wifi channel interfer network product consist pc cardbu card includ builtin antenna hardwar design rapidli analyz rf activ spectrum expert wifi scan radio spectrum network ghz scan spectrum network ghz ghz</p><p>cognio spectrum expert rfid wifi product scan radio spectrum rfid tag mhz mhz</p></sec><sec><st>cognio spectrum expert wifi interfer monitor</st><p>cognio spectrum expert wifi pclaptopbas solut rf spectrum analysi product consist window applic cardbu card featur builtin antenna cognio patent rf analysi technolog</p><p>spectrum expert wifi network engin list devic transmit wlan spectrum spectrum expert bar graph wifi channel interfer specif devic caus specif channel wlan</p><p>identifi interf devic network engin spectrum expert devic locat featur work sort rf<equipment wordnetid="103294048" confidence="0.9508927676800064"><link ns0:type="simple" ns0:href="../984/12984.xml">geiger counter</link></equipment>track signal strength locat devic remov reposit shield</p></sec><sec><st>channel partner</st><p>cognio sell product oem resel oem partner includ airmagnet fluke network wildpacket resel includ<link ns0:type="simple" ns0:href="../746/51746.xml">cisco</link>advanc telecom system cumulu consult group elexo lumiad meritech pr group psiber streakwav tessco test tool europ unitron</p><p>addit cognio work train partner offer train spectrum analysi wifi network cognio train partner secur univers spectrotech</p></sec><sec><st>partnership cisco</st><p>octob cognio cisco announc partnership cisco press releas<weblink ns0:type="simple" ns0:href="http://newsroom.cisco.com/dlls/partners/news/2006/pr_prod_10-03.html">httpnewsroomciscocomdllspartnersnewspr_prod_html</weblink>cisco tackl enterpris radio frequenc challeng address grow issu face pervas enterpris deploy wifi network radio frequenc rf interfer</p><p>februari cisco launch<weblink ns0:type="simple" ns0:href="http://www.cisco.com/en/US/netsol/ns736/networking_solutions_package.html" />devot rf interfer featur cognio spectrum expert solut</p><p>wifi manag softwar custom cognio sold wireless spectrum analyz product busi custom includ chicago board trade christiana care fedex honda microsoft netstar telecommun eleven siemen skypilot network univers richmond</p></sec><sec><st>financi</st><p>cognio acquir cisco system</p><p>learn industri acclaim spectrum expert wifi visit cisco spectrum expert product</p><p>exist cognio custom contact cisco regist spectrum expert product visit cisco spectrum expert registr</p><p>custom activ servic contract cisco open support case access cisco technic assist center websit call tac hotlin visit worldwid contact list</p><p>gener cisco product servic order visit ciscocom</p></sec><sec><st>manag team</st><p>cognio manag team consist</p><p><list><entry level="1" type="bullet">tom mcpherson ceo</entry><entry level="1" type="bullet">neil diener cto</entry><entry level="1" type="bullet">elizabeth hess cfo</entry><entry level="1" type="bullet">jeff white execut vice presid busi develop</entry><entry level="1" type="bullet">gari sugar founder vice presid engin</entry><entry level="1" type="bullet">william flanagan vice presid market</entry><entry level="1" type="bullet">greg baron vice presid sale</entry></list></p></sec><sec><st>refer</st><p /></sec><sec><st>extern link</st><p><list><entry level="1" type="bullet"><weblink ns0:type="simple" ns0:href="http://www.cognio.com/">compani websit</weblink></entry></list></p></sec></bdy></institution></company></article>