<article xmlns:ns0="http://www.w3.org/1999/xlink"><poet confidence="0.9511911446218017" wordnetid="110444194"><entity confidence="0.9511911446218017" wordnetid="100001740"><actor confidence="0.9508927676800064" wordnetid="109765278"><writer confidence="0.9511911446218017" wordnetid="110794014"><novelist confidence="0.9511911446218017" wordnetid="110363573"><commanding_officer confidence="0.9511911446218017" wordnetid="109941964"><diarist confidence="0.9511911446218017" wordnetid="110011486"><header><title>nanci price</title><id /><revision><id /><timestamp>tz</timestamp><contributor><username>skierrmh</username><id /></contributor></revision><categories><category>english televis actor</category><category>english poet</category><category>command order british empir</category><category>english women writer</category><category>english diarist</category><category>english stage actor</category><category>birth</category><category>english memoirist</category><category>english film actor</category><category>english novelist</category><category>death</category></categories></header><bdy><template><name>infobox actor</name><parameters><image width="150px" src="replace_this_image_female.svg" /><location><site wordnetid="108651247" confidence="0.9508927676800064"><link ns0:type="simple" ns0:href="../362/2628362.xml">kinver</link></site><county wordnetid="108546183" confidence="0.9508927676800064"><link ns0:type="simple" ns0:href="../733/58733.xml">staffordshir</link></county><country wordnetid="108544813" confidence="0.9508927676800064"><link ns0:type="simple" ns0:href="../316/9316.xml">england</link></country></location><spouse>charl maud</spouse><name>nanci price</name><bgcolour>silver</bgcolour><birthdate><link ns0:type="simple" ns0:href="../323/11323.xml">februari</link><link ns0:type="simple" ns0:href="../773/34773.xml" /></birthdate><children><physical_entity wordnetid="100001930" confidence="0.8"><person wordnetid="100007846" confidence="0.8"><performer wordnetid="110415638" confidence="0.8"><causal_agent wordnetid="100007347" confidence="0.8"><actor wordnetid="109765278" confidence="0.8"><entertainer wordnetid="109616922" confidence="0.8"><link ns0:type="simple" ns0:href="../270/12447270.xml">joan maud</link></entertainer></actor></causal_agent></performer></person></physical_entity></children><birthname>lilian nanci bach price</birthname><deathdate><link ns0:type="simple" ns0:href="../587/20587.xml">march</link><link ns0:type="simple" ns0:href="../726/34726.xml" /></deathdate><deathplace><village wordnetid="108672738" confidence="0.9508927676800064"><link ns0:type="simple" ns0:href="../224/350224.xml">worth</link></village><country wordnetid="108544813" confidence="0.9508927676800064"><link ns0:type="simple" ns0:href="../316/9316.xml">england</link></country></deathplace></parameters></template>nanci price<link ns0:type="simple" ns0:href="../632/9426632.xml">cbe</link><link ns0:type="simple" ns0:href="../323/11323.xml">februari</link><link ns0:type="simple" ns0:href="../773/34773.xml" /><link ns0:type="simple" ns0:href="../587/20587.xml">march</link><link ns0:type="simple" ns0:href="../726/34726.xml" />born lilian nanci bach price<site wordnetid="108651247" confidence="0.9508927676800064"><link ns0:type="simple" ns0:href="../362/2628362.xml">kinver</link></site><county wordnetid="108546183" confidence="0.9508927676800064"><link ns0:type="simple" ns0:href="../733/58733.xml">staffordshir</link></county><country wordnetid="108544813" confidence="0.9508927676800064"><link ns0:type="simple" ns0:href="../316/9316.xml">england</link></country>actress authoress manageress theatr<theater wordnetid="104417809" confidence="0.9508927676800064"><link ns0:type="simple" ns0:href="../493/751493.xml">adelphi</link></theater><event wordnetid="100029378" confidence="0.8"><social_event wordnetid="107288639" confidence="0.8"><show wordnetid="106619065" confidence="0.8"><psychological_feature wordnetid="100023100" confidence="0.8"><attraction wordnetid="106615561" confidence="0.8"><link ns0:type="simple" ns0:href="../952/1154952.xml">west theatr</link></attraction></psychological_feature></show></social_event></event><site wordnetid="108651247" confidence="0.9508927676800064"><link ns0:type="simple" ns0:href="../644/314644.xml">strand</link></site><village wordnetid="108672738" confidence="0.9508927676800064"><link ns0:type="simple" ns0:href="../867/17867.xml">london</link></village><p>act film nanci establish stage actress role includ india<link ns0:type="simple" ns0:href="../085/10085.xml">elgar</link>imperi masqu<link ns0:type="simple" ns0:href="../415/13068415.xml">crown india</link><link ns0:type="simple" ns0:href="../674/625674.xml">london coliseum</link>march</p><p>nanci marri actor charl maud death daughter actress<physical_entity wordnetid="100001930" confidence="0.8"><person wordnetid="100007846" confidence="0.8"><performer wordnetid="110415638" confidence="0.8"><causal_agent wordnetid="100007347" confidence="0.8"><actor wordnetid="109765278" confidence="0.8"><entertainer wordnetid="109616922" confidence="0.8"><link ns0:type="simple" ns0:href="../270/12447270.xml">joan maud</link></entertainer></actor></causal_agent></performer></person></physical_entity>full vari career price appear thirti film publish twenti book anecdot essay novel play autobiographi poem</p><sec><st>filmographi</st><p><table style="margin: 1em 1em 1em 0; background: #f9f9f9; border: 1px #aaa solid; border-collapse: collapse; font-size: 95%;" cellpadding="4" border="2" cellspacing="0"><row align="center" bgcolor="#CCCCCC"><header>year</header><header>film</header><header>role</header><header>note</header></row><row><col rowspan="1" /><col>belphegor mountebank</col><col>countess de blangi</col></row><row><col rowspan="4" /><col>bonni princ charli</col><col>ladi kingsburgh</col></row><row><col>woman obey</col><col>gover</col></row><row><col>comin thro rye</col><col>titmous</col></row><row><col><link ns0:type="simple" ns0:href="../030/7036030.xml">love life laughter</link></col><col>balloon blower wife friend</col></row><row><col rowspan="1" /><col>huntingtow</col><col>moran</col></row><row><col rowspan="3" /><col>broken mask</col><col>caricia girl</col></row><row><col>hous order</col><col>ladi ridgeley</col></row><row><col>price divorc</col></row><row><col rowspan="2" /><col>three live ghost</col><col>alic</col></row><row><col><product wordnetid="104007894" confidence="0.8"><creation wordnetid="103129123" confidence="0.8"><artifact wordnetid="100021939" confidence="0.8"><event wordnetid="100029378" confidence="0.8"><social_event wordnetid="107288639" confidence="0.8"><movie wordnetid="106613686" confidence="0.8"><show wordnetid="106619065" confidence="0.8"><psychological_feature wordnetid="100023100" confidence="0.8"><link ns0:type="simple" ns0:href="../734/9734.xml">american prison</link></psychological_feature></show></movie></social_event></event></artifact></creation></product></col><col>lovey lee</col></row><row><col rowspan="2" /><col>doctor secret</col><col>susi</col><col>base play<link ns0:type="simple" ns0:href="../931/141931.xml">jmbarri</link></col></row><row><col>love robert burn</col><col>posi nanci</col></row><row><col rowspan="2" /><col>street</col><col>anni collin</col></row><row><col><link ns0:type="simple" ns0:href="../844/1016844.xml">speckl band</link></col><col>staunton</col><col>earli<detective wordnetid="110009276" confidence="0.9173553029164789"><link ns0:type="simple" ns0:href="../159/27159.xml">sherlock holm</link></detective>film</col></row><row><col rowspan="1" /><col>crucifix</col></row><row><col rowspan="2" /><col><link ns0:type="simple" ns0:href="../170/12619170.xml">star</link></col><col>martha fenwick</col></row><row><col>dead man shoe</col><col>madam pelleti</col></row><row><col rowspan="1" /><col>secret mission</col><col>violett housekeep</col></row><row><col rowspan="1" /><col><movie wordnetid="106613686" confidence="0.9508927676800064"><link ns0:type="simple" ns0:href="../618/14123618.xml">madonna moon</link></movie></col><col>mama barucci</col><col>produc<company wordnetid="108058098" confidence="0.8"><institution wordnetid="108053576" confidence="0.8"><link ns0:type="simple" ns0:href="../142/822142.xml">gainsborough pictur</link></institution></company></col></row><row><col rowspan="2" /><col><movie wordnetid="106613686" confidence="0.9508927676800064"><link ns0:type="simple" ns0:href="../857/949857.xml">go</link></movie></col><col>crozier</col></row><row><col>live grosvenor squar</col><col>wilson</col></row><row><col rowspan="1" /><col>carniv</col><col>trewhella</col></row><row><col rowspan="1" /><col>master bankdam</col><col>lydia crowther</col><col><person wordnetid="100007846" confidence="0.9508927676800064"><link ns0:type="simple" ns0:href="../526/497526.xml">nichola parson</link></person>minor role</col></row><row><col rowspan="1" /><col>three weird sister</col><col>gertrud morganvaughan</col><col>screenplay cowritten<poet wordnetid="110444194" confidence="0.9173553029164789"><writer wordnetid="110794014" confidence="0.9508927676800064"><link ns0:type="simple" ns0:href="../783/8783.xml">dylan thoma</link></writer></poet></col></row><row><col rowspan="1" /><col>nake heart</col><col>theresa supren</col><col>film<literary_composition wordnetid="106364329" confidence="0.8"><written_communication wordnetid="106349220" confidence="0.8"><writing wordnetid="106362953" confidence="0.8"><fiction wordnetid="106367107" confidence="0.8"><novel wordnetid="106367879" confidence="0.8"><link ns0:type="simple" ns0:href="../032/8589032.xml">maria chapdelain</link></novel></fiction></writing></written_communication></literary_composition></col></row><row><col rowspan="1" /><col><movie wordnetid="106613686" confidence="0.9508927676800064"><link ns0:type="simple" ns0:href="../153/9167153.xml">mandi film</link></movie></col><col>jane elli</col><col>distribut<product wordnetid="104007894" confidence="0.8"><creation wordnetid="103129123" confidence="0.8"><artifact wordnetid="100021939" confidence="0.8"><event wordnetid="100029378" confidence="0.8"><social_event wordnetid="107288639" confidence="0.8"><movie wordnetid="106613686" confidence="0.8"><show wordnetid="106619065" confidence="0.8"><psychological_feature wordnetid="100023100" confidence="0.8"><link ns0:type="simple" ns0:href="../395/166395.xml">eal studio</link></psychological_feature></show></movie></social_event></event></artifact></creation></product></col></row></table></p></sec><sec><st>film director</st><p>nanci work lead british american film director day includ herbert wilcox bert wynn<actor wordnetid="109765278" confidence="0.9508927676800064"><link ns0:type="simple" ns0:href="../063/163063.xml">carol reed</link></actor>thoma bentley thornton freeland<link ns0:type="simple" ns0:href="../984/1711984.xml">marc allegret</link>sidney morgan charl reisner william de mill<link ns0:type="simple" ns0:href="../275/17441275.xml">georg pearson</link>walter ford<physical_entity wordnetid="100001930" confidence="0.8"><cameraman wordnetid="109889539" confidence="0.8"><person wordnetid="100007846" confidence="0.8"><leader wordnetid="109623038" confidence="0.8"><administrator wordnetid="109770949" confidence="0.8"><photographer wordnetid="110426749" confidence="0.8"><causal_agent wordnetid="100007347" confidence="0.8"><artist wordnetid="109812338" confidence="0.8"><head wordnetid="110162991" confidence="0.8"><director wordnetid="110014939" confidence="0.8"><creator wordnetid="109614315" confidence="0.8"><link ns0:type="simple" ns0:href="../734/8312734.xml">arthur crabtre</link></creator></director></head></artist></causal_agent></photographer></administrator></leader></person></cameraman></physical_entity><physical_entity wordnetid="100001930" confidence="0.8"><person wordnetid="100007846" confidence="0.8"><leader wordnetid="109623038" confidence="0.8"><administrator wordnetid="109770949" confidence="0.8"><causal_agent wordnetid="100007347" confidence="0.8"><head wordnetid="110162991" confidence="0.8"><director wordnetid="110014939" confidence="0.8"><link ns0:type="simple" ns0:href="../842/1148842.xml">jame patrick hogan</link></director></head></causal_agent></administrator></leader></person></physical_entity>charl calvert jack raymond stanley hayn sinclair hill daniel birt harold french<person wordnetid="100007846" confidence="0.9508927676800064"><actor wordnetid="109765278" confidence="0.9508927676800064"><link ns0:type="simple" ns0:href="../288/167288.xml">michael powel</link></actor></person>herbert wilcox<physical_entity wordnetid="100001930" confidence="0.8"><person wordnetid="100007846" confidence="0.8"><pioneer wordnetid="110434725" confidence="0.8"><maker wordnetid="110284064" confidence="0.8"><scriptwriter wordnetid="110564905" confidence="0.8"><director wordnetid="110014939" confidence="0.8"><creator wordnetid="109614315" confidence="0.8"><communicator wordnetid="109610660" confidence="0.8"><manufacturer wordnetid="110292316" confidence="0.8"><administrator wordnetid="109770949" confidence="0.8"><leader wordnetid="109623038" confidence="0.8"><screenwriter wordnetid="110564400" confidence="0.8"><causal_agent wordnetid="100007347" confidence="0.8"><writer wordnetid="110794014" confidence="0.8"><head wordnetid="110162991" confidence="0.8"><originator wordnetid="110383816" confidence="0.8"><link ns0:type="simple" ns0:href="../762/1729762.xml">cecil hepworth</link></originator></head></writer></causal_agent></screenwriter></leader></administrator></manufacturer></communicator></creator></director></scriptwriter></maker></pioneer></person></physical_entity>randl ayrton<physical_entity wordnetid="100001930" confidence="0.8"><person wordnetid="100007846" confidence="0.8"><causal_agent wordnetid="100007347" confidence="0.8"><painter wordnetid="110391653" confidence="0.8"><artist wordnetid="109812338" confidence="0.8"><creator wordnetid="109614315" confidence="0.8"><link ns0:type="simple" ns0:href="../550/1633550.xml">harri lachman</link></creator></artist></painter></causal_agent></person></physical_entity><person wordnetid="100007846" confidence="0.9638700866880419"><link ns0:type="simple" ns0:href="../079/7112079.xml">samuelson</link></person>alexand mackendrick edgar selwyn fred paul</p></sec><sec><st>televis filmographi</st><p><table style="margin: 1em 1em 1em 0; background: #f9f9f9; border: 1px #aaa solid; border-collapse: collapse; font-size: 95%;" cellpadding="4" border="2" cellspacing="0"><row align="center" bgcolor="#CCCCCC"><header>year</header><header>film</header><header>role</header><header>note</header></row><row><col rowspan="1" /><col>will shakespear</col><col>queen victoria</col><col><link ns0:type="simple" ns0:href="../654/19344654.xml">british broadcast corpor</link>product</col></row></table></p></sec><sec><st>bibliographi</st><ss1><st>play</st><p><list><entry level="1" type="bullet">whiteoak play<person wordnetid="100007846" confidence="0.9508927676800064"><link ns0:type="simple" ns0:href="../119/2103119.xml">mazo de la roch</link></person>macmillan</entry><entry level="1" type="bullet">orang orchard<physical_entity wordnetid="100001930" confidence="0.8"><communicator wordnetid="109610660" confidence="0.8"><person wordnetid="100007846" confidence="0.8"><poet wordnetid="110444194" confidence="0.8"><causal_agent wordnetid="100007347" confidence="0.8"><writer wordnetid="110794014" confidence="0.8"><novelist wordnetid="110363573" confidence="0.8"><link ns0:type="simple" ns0:href="../724/9724.xml">eden phillpott</link></novelist></writer></causal_agent></poet></person></communicator></physical_entity>london samuel french</entry></list></p></ss1><ss1><st>poetri</st><p><list><entry level="1" type="bullet">hurdygurdi london frederick muller</entry></list></p></ss1><ss1><st>novel</st><p><list><entry level="1" type="bullet">tamera london hutchinson</entry></list></p></ss1><ss1><st>essay memoir diari</st><p><list><entry level="1" type="bullet">nightlight byworld child three describ<physical_entity wordnetid="100001930" confidence="0.8"><person wordnetid="100007846" confidence="0.8"><performer wordnetid="110415638" confidence="0.8"><causal_agent wordnetid="100007347" confidence="0.8"><actor wordnetid="109765278" confidence="0.8"><entertainer wordnetid="109616922" confidence="0.8"><link ns0:type="simple" ns0:href="../270/12447270.xml">joan maud</link></entertainer></actor></causal_agent></performer></person></physical_entity>faith record nanci price london john murray</entry></list></p><p><list><entry level="1" type="bullet">vagabond haphazard wander fell illustr hartrick london john murray</entry></list></p><p><list><entry level="1" type="bullet">shadow hill english lake district plate london victor gollancz</entry></list></p><p><list><entry level="1" type="bullet">gull account cruis east coast england london victor gollancz</entry></list></p><p><list><entry level="1" type="bullet">nettl dock essay london allen unwin</entry></list></p><p><list><entry level="1" type="bullet">jack hedg sketch countri life london frederick muller</entry></list></p><p><list><entry level="1" type="bullet">comrad buddi author dog london allen unwin</entry></list></p><p><list><entry level="1" type="bullet">tail tale dog london victor gollancz</entry></list></p><p><list><entry level="1" type="bullet">sky unfold essay birmingham georg ronald</entry></list></p><p><list><entry level="1" type="bullet">wonder wing book bird london victor gollancz</entry></list></p><p><list><entry level="1" type="bullet">acquaint night book dreamsillustr<physical_entity wordnetid="100001930" confidence="0.8"><person wordnetid="100007846" confidence="0.8"><causal_agent wordnetid="100007347" confidence="0.8"><painter wordnetid="110391653" confidence="0.8"><artist wordnetid="109812338" confidence="0.8"><creator wordnetid="109614315" confidence="0.8"><link ns0:type="simple" ns0:href="../708/9374708.xml">michael rothenstein</link></creator></artist></painter></causal_agent></person></physical_entity>oxford georg ronald</entry></list></p><p><list><entry level="1" type="bullet">bright pinion parrot oxford georg ronald</entry></list></p><p><list><entry level="1" type="bullet">feather outlaw london worth henri walter</entry></list></p><p><list><entry level="1" type="bullet">prais tree antholog friend london frederick muller</entry></list></p><p><list><entry level="1" type="bullet">hourglass autobiographi london museum press</entry></list></p><p><list><entry level="1" type="bullet">pagan progress high day holi day london museum press</entry></list></p><p><list><entry level="1" type="bullet">heart vagabond countri life sussex london museum press</entry></list></p><p><list><entry level="1" type="bullet">watch listen book concern courtship song bird london bodley head</entry></list></p><p><list><entry level="1" type="bullet">wing builder book bird lore chiefli concern nest build famili habit british bird london georg ronald</entry></list></p><p><list><entry level="1" type="bullet">person valu select album memori woodcut william wood london frederick muller</entry></list></p></ss1></sec><sec><st>extern link</st><p><list><entry level="1" type="bullet"><weblink ns0:type="simple" ns0:href="http://www.imdb.com/name/nm0697066/bio">internet movi databas entri nanci price</weblink></entry><entry level="1" type="bullet"><weblink ns0:type="simple" ns0:href="http://www.youtube.com/watch?v=VIclsig_SAc">nanci price trailer three weird sister</weblink></entry><entry level="1" type="bullet"><weblink ns0:type="simple" ns0:href="http://www.findonvillage.com/0361_margot_and_nancy.htm">photo nanci price</weblink></entry><entry level="1" type="bullet"><weblink ns0:type="simple" ns0:href="http://www.arthurlloyd.co.uk/Adelphi.htm">adelphi theatr histori</weblink></entry></list></p></sec><sec><st /><p><list><entry level="1" type="bullet">rais flag construct nation cinema britain andrew higson oxford clarendon press isbn chapter comin thro rye</entry></list></p></sec></bdy></diarist></commanding_officer></novelist></writer></actor></entity></poet></article>