<article xmlns:ns0="http://www.w3.org/1999/xlink"><gossip confidence="0.8" wordnetid="107223170"><scandal confidence="0.8" wordnetid="107223811"><event confidence="0.8" wordnetid="100029378"><informing confidence="0.8" wordnetid="107212190"><report confidence="0.8" wordnetid="107217924"><act confidence="0.8" wordnetid="100030358"><psychological_feature confidence="0.8" wordnetid="100023100"><speech_act confidence="0.8" wordnetid="107160883"><header><title>royal dutch shell safeti concern</title><id /><revision><id /><timestamp>tz</timestamp><contributor><username>fratrep</username><id /></contributor></revision><categories><category>health unit kingdom</category><category>corpor scandal</category><category>royal dutch shell</category></categories></header><bdy><p>articl entitl<weblink ns0:type="simple" ns0:href="http://www.shell.com/home/content/aboutshell/swol/july_sept_2007/safety_culture.html">sharpen shell safeti cultur</weblink>publish august<link ns0:type="simple" ns0:href="../589/344589.xml">portal</link><weblink ns0:type="simple" ns0:href="http://www.shell.com">websit</weblink>energi multin<company wordnetid="108058098" confidence="0.9508927676800064"><link ns0:type="simple" ns0:href="../417/59417.xml">royal dutch shell</link></company>author<weblink ns0:type="simple" ns0:href="http://www.linkedin.com/pub/9/190/96b">jame schofield</weblink><link ns0:type="simple" ns0:href="../780/3495780.xml">editor</link><link ns0:type="simple" ns0:href="../783/2366783.xml">speechwrit</link>shell articl conced subheadlin exampl success safeti programm shell safeti record doesnt measur major oil ga compani fatal shell launch initi build stronger safeti cultur schofield articl inform overview shell safeti issu global basi recommend read conjunct articl current focus shell north sea oper</p><p>oil ga product platform<ocean wordnetid="109376198" confidence="0.9508927676800064"><link ns0:type="simple" ns0:href="../179/21179.xml">north sea</link></ocean>hazard work environ juli devast fire result leak ga<misfortune wordnetid="114475405" confidence="0.8"><condition wordnetid="113920429" confidence="0.8"><happening wordnetid="107283608" confidence="0.8"><explosion wordnetid="107308563" confidence="0.8"><event wordnetid="100029378" confidence="0.8"><state wordnetid="100024720" confidence="0.8"><catastrophe wordnetid="114476290" confidence="0.8"><adversity wordnetid="114475661" confidence="0.8"><fortune wordnetid="114473222" confidence="0.8"><discharge wordnetid="107307754" confidence="0.8"><psychological_feature wordnetid="100023100" confidence="0.8"><link ns0:type="simple" ns0:href="../757/612757.xml">piper alpha</link></psychological_feature></discharge></fortune></adversity></catastrophe></state></event></explosion></happening></condition></misfortune>drill platform own<company wordnetid="108058098" confidence="0.9508927676800064"><link ns0:type="simple" ns0:href="../451/733451.xml">occident petroleum</link></company>men board perish bbc<weblink ns0:type="simple" ns0:href="http://news.bbc.co.uk/onthisday/hi/witness/july/6/newsid_3036000/3036510.stm">report</weblink>world worstev offshor oil disast</p><p>comparison record oper good shell face campaign activ safeti record<link ns0:type="simple" ns0:href="../308/361308.xml">health safeti</link>work practic relat north sea platform tragic death offshor worker ga leak brent bravo platform septemb represent offshor union bill campbel retir hse group auditor shell intern attract attent news media numer articl publish subject shell consist maintain brent bravo accid prioriti safeti offshor worker shell employe</p><p>main subsidiari articl royal dutch shell</p><p><indent level="1">main articl<issue wordnetid="105814650" confidence="0.8"><link ns0:type="simple" ns0:href="../178/17384178.xml">royal dutch shell environment issu</link></issue></indent><indent level="1">main articl<gossip wordnetid="107223170" confidence="0.8"><scandal wordnetid="107223811" confidence="0.8"><event wordnetid="100029378" confidence="0.8"><informing wordnetid="107212190" confidence="0.8"><report wordnetid="107217924" confidence="0.8"><act wordnetid="100030358" confidence="0.8"><psychological_feature wordnetid="100023100" confidence="0.8"><speech_act wordnetid="107160883" confidence="0.8"><link ns0:type="simple" ns0:href="../225/10259225.xml">controversi surround royal dutch shell</link></speech_act></psychological_feature></act></report></informing></event></scandal></gossip></indent>key shell articl</p><p><indent level="1">main articl<company wordnetid="108058098" confidence="0.9508927676800064"><link ns0:type="simple" ns0:href="../417/59417.xml">royal dutch shell</link></company></indent>articl focus shell health safeti record</p><ss1><st>fatal explos equilon puget sound refineri</st><p>novemb deafen explos rock equilon<estuary wordnetid="109274500" confidence="0.8"><body_of_water wordnetid="109225146" confidence="0.8"><inlet wordnetid="109313716" confidence="0.8"><fjord wordnetid="109281104" confidence="0.8"><link ns0:type="simple" ns0:href="../682/23682.xml">puget sound</link></fjord></inlet></body_of_water></estuary>refineri kill peopl<weblink ns0:type="simple" ns0:href="http://seattlepi.nwsource.com/archives/1998/9811260039.asp">articl</weblink>publish day<newspaper wordnetid="106267145" confidence="0.9508927676800064"><link ns0:type="simple" ns0:href="../612/432612.xml">seattl postintelligenc</link></newspaper>refineri locat<region wordnetid="108630985" confidence="0.8"><administrative_district wordnetid="108491826" confidence="0.8"><location wordnetid="100027167" confidence="0.8"><district wordnetid="108552138" confidence="0.8"><country wordnetid="108544813" confidence="0.8"><link ns0:type="simple" ns0:href="../878/13015878.xml">washington</link></country></district></location></administrative_district></region>pacif north west<body wordnetid="107965085" confidence="0.8"><social_group wordnetid="107950920" confidence="0.8"><political_orientation wordnetid="106212839" confidence="0.8"><colony wordnetid="108374049" confidence="0.8"><state wordnetid="108168978" confidence="0.8"><political_unit wordnetid="108359949" confidence="0.8"><group wordnetid="100031264" confidence="0.8"><democracy wordnetid="106217103" confidence="0.8"><link ns0:type="simple" ns0:href="../750/3434750.xml">unit</link></democracy></group></political_unit></state></colony></political_orientation></social_group></body>time jointli own<company wordnetid="108058098" confidence="0.9508927676800064"><link ns0:type="simple" ns0:href="../417/59417.xml">royal dutch shell</link></company><oil_company wordnetid="108069241" confidence="0.8"><name wordnetid="106333653" confidence="0.8"><company wordnetid="108058098" confidence="0.8"><trade_name wordnetid="106845599" confidence="0.8"><part wordnetid="113809207" confidence="0.8"><language_unit wordnetid="106284225" confidence="0.8"><institution wordnetid="108053576" confidence="0.8"><link ns0:type="simple" ns0:href="../224/59224.xml">texaco</link></institution></language_unit></part></trade_name></company></name></oil_company><weblink ns0:type="simple" ns0:href="http://seattlepi.nwsource.com/business/224394_bplede16.html">articl</weblink>publish newspap report men perish blast attempt clean refineri unit articl state osha investig determin men clean unit hot handl safe call death entir prevent issu fine articl three year accid refineri agre pay men famili time largest wrongfuldeath lawsuit washington histori</p></ss1><ss1><st>develop march</st><p>march newspap publish articl relat<company wordnetid="108058098" confidence="0.9508927676800064"><link ns0:type="simple" ns0:href="../417/59417.xml">royal dutch shell</link></company>safeti issu</p><p>march<newspaper wordnetid="106267145" confidence="0.9508927676800064"><link ns0:type="simple" ns0:href="../515/19344515.xml">guardian</link></newspaper>newspap publish articl headlin shell safeti record north sea take hammer<weblink ns0:type="simple" ns0:href="http://www.guardian.co.uk/frontpage/story/0,,2026737,00.html">report</weblink>shell warn repeatedli uk<link ns0:type="simple" ns0:href="../308/361308.xml">health safeti execut</link>hse poor compani<ocean wordnetid="109376198" confidence="0.9508927676800064"><link ns0:type="simple" ns0:href="../179/21179.xml">north sea</link></ocean>platform articl state novemb shell serv rebuk legal notic fail oper safe<site wordnetid="108651247" confidence="0.9508927676800064"><link ns0:type="simple" ns0:href="../627/1627.xml">aberdeen</link></site>sheriff court rule<link ns0:type="simple" ns0:href="../593/2528593.xml">fatal accid inquiri</link>shell prevent death brent bravo platform properli carri repair shell earlier admit respons<gossip wordnetid="107223170" confidence="0.8"><scandal wordnetid="107223811" confidence="0.8"><event wordnetid="100029378" confidence="0.8"><informing wordnetid="107212190" confidence="0.8"><report wordnetid="107217924" confidence="0.8"><act wordnetid="100030358" confidence="0.8"><psychological_feature wordnetid="100023100" confidence="0.8"><speech_act wordnetid="107160883" confidence="0.8"><link ns0:type="simple" ns0:href="../225/10259225.xml#xpointer(//*[./st=%22Brent_Bravo%22])">brent bravo</link></speech_act></psychological_feature></act></report></informing></event></scandal></gossip>accid guardian day sheriff report<union wordnetid="108233056" confidence="0.9508927676800064"><link ns0:type="simple" ns0:href="../632/964632.xml">offshor industri liaison committe</link></union>complain brent bravo platform leak danger stair lift left broken month articl summer shell middl bn programm upgrad platform claim safeti will remain prioriti guardian report drew attent hse websit shell issu improv notic point notic serv hse consid compani oper unlaw unaccept risk articl reveal year shell embarrass bill campbel senior safeti consult claim compani oper weak safeti regim employe falsifi document shell deni charg campbel threaten compani<link ns0:type="simple" ns0:href="../661/28661.xml">defam</link>case</p><p>march<newspaper wordnetid="106267145" confidence="0.9508927676800064"><link ns0:type="simple" ns0:href="../070/173070.xml">wall street journal</link></newspaper>publish articl onlin energi blog headlin<weblink ns0:type="simple" ns0:href="http://blogs.wsj.com/energy/2007/03/15/shells-safety-problem/">shell safeti problem</weblink>articl compar safeti record shell rival<company wordnetid="108058098" confidence="0.9508927676800064"><link ns0:type="simple" ns0:href="../720/18998720.xml">bp</link></company>heavili criticis poor safeti standard deadli<misfortune wordnetid="114475405" confidence="0.8"><condition wordnetid="113920429" confidence="0.8"><happening wordnetid="107283608" confidence="0.8"><event wordnetid="100029378" confidence="0.8"><state wordnetid="100024720" confidence="0.8"><catastrophe wordnetid="114476290" confidence="0.8"><adversity wordnetid="114475661" confidence="0.8"><fortune wordnetid="114473222" confidence="0.8"><psychological_feature wordnetid="100023100" confidence="0.8"><fire wordnetid="107302836" confidence="0.8"><link ns0:type="simple" ns0:href="../645/2132645.xml">texa citi refineri bp</link></fire></psychological_feature></fortune></adversity></catastrophe></state></event></happening></condition></misfortune>explos wall street journal highlight fact royal dutch shell danger compani work year point annual report file shell<link ns0:type="simple" ns0:href="../097/55097.xml">unit secur exchang commiss</link>march shell employe contractor die compar bp employe file shell ceo<person wordnetid="100007846" confidence="0.9508927676800064"><link ns0:type="simple" ns0:href="../007/3934007.xml">jeroen van der veer</link></person>quot state safeti perform mix respond reinforc safeti focu dedic global safeti function will improv complianc standard procedur worldwid</p><p>march wall street journal publish energi blog articl websit headlin<weblink ns0:type="simple" ns0:href="http://blogs.wsj.com/energy/2007/03/20/ft-compares-deaths-at-oil-majors/">shell record wors bp</weblink>articl cite comment wall street journal energi roundup report bp chastis safeti record year lost employe contractor death rival royal dutch shell employ roughli number peopl articl refer<newspaper wordnetid="106267145" confidence="0.9508927676800064"><link ns0:type="simple" ns0:href="../566/136566.xml">financi time</link></newspaper>stori publish march headlin safeti record spotlight expand shellbp comparison includ oil major year quot ft stori year timess studi shell global employe contractor death shell appoint global vicepresid health safeti environ tackl safeti problem point oper danger niger delta milit attack account fatal updat subsequ wall street journal articl explain headlin chang ft data shell record wors bp explain true shell death bp coupl year weve confirm annual report worth note talli best measur compani safeti record account number accid worker</p></ss1><ss1><st>resolut shell safeti problem impact ceo success</st><p>concern shell safeti issu led media specul subject impact appoint successor royal dutch shell plc chief execut<person wordnetid="100007846" confidence="0.9508927676800064"><link ns0:type="simple" ns0:href="../007/3934007.xml">jeroen van der veer</link></person>retir<weblink ns0:type="simple" ns0:href="http://business.guardian.co.uk/story/0,,2044985,00.html">articl</weblink>publish guardian march headlin van der veer safe pair hand state refer van der veer big area fallen safeti remind reader newspap reveal week earlier shell continu receiv warn<link ns0:type="simple" ns0:href="../308/361308.xml">health safeti execut</link>act illeg regard safeti north sea articl conclud van der veer bring halt explor product boss malcolm brind stand chanc top job articl publish guardian day march headlin<weblink ns0:type="simple" ns0:href="http://business.guardian.co.uk/story/0,,2044948,00.html">shell chief stay extra year compani retir age</weblink>contain commentari link success safeti issu state will struggl replac van der veer three manag director malcolm brind head explor linda cook ga power financ director peter voser brind frontrunn vulner north sea safeti revel intern audit violat safeti procedur alleg falsif complianc document shell deni charg</p></ss1><ss1><st>brent bravo accid aftermath</st><p>fatal accid detail brent bravo north sea platform tragedi brent bravo locat mile east<link ns0:type="simple" ns0:href="../916/28916.xml">shetland isl</link>oil product storag platform uk northern sector north sea brent field septemb platform worker sean mccue kennoway fife keith moncrieff invergowri taysid lost live sudden escap ga platform leg work sixti nonessenti staff evacu platform helicopt ga detect bbc news<weblink ns0:type="simple" ns0:href="http://news.bbc.co.uk/2/hi/uk_news/scotland/3102312.stm">report</weblink>publish day shell expro manag director tom bott emerg respons system shut platform jake molloy leader offshor union offshor industri liaison committe oilc quot union complain hse backlog mainten staf issu brent field brent bravo platform articl reveal hse investig accid februari bbc news<weblink ns0:type="simple" ns0:href="http://news.bbc.co.uk/2/hi/uk_news/scotland/4251673.stm">report</weblink>reveal shell charg death offshor worker march scotsman newspap<weblink ns0:type="simple" ns0:href="http://news.scotsman.com/scotland.cfm?id=339952005">report</weblink>shell admit stonehaven sheriff court breach three health safeti charg connect death</p><p>april<statement wordnetid="106722453" confidence="0.8"><message wordnetid="106598915" confidence="0.8"><announcement wordnetid="106746580" confidence="0.8"><program wordnetid="106748466" confidence="0.8"><link ns0:type="simple" ns0:href="../893/1139893.xml">bbc news</link></program></announcement></message></statement><weblink ns0:type="simple" ns0:href="http://news.bbc.co.uk/2/hi/uk_news/scotland/4490187.stm">report</weblink>shell fine thought biggest fine compani north sea accid admit breach health safeti regul sheriff patrick davi substanti catalogu error caus death men account shell tender guilti plea earli stage offshor worker die ask inspect temporari repair patch safetycrit pipelin leg patch temporari repair month</p><p>juli<statement wordnetid="106722453" confidence="0.8"><message wordnetid="106598915" confidence="0.8"><announcement wordnetid="106746580" confidence="0.8"><program wordnetid="106748466" confidence="0.8"><link ns0:type="simple" ns0:href="../893/1139893.xml">bbc news</link></program></announcement></message></statement><weblink ns0:type="simple" ns0:href="http://news.bbc.co.uk/2/hi/uk_news/scotland/4692729.stm">report</weblink>reveal scotland senior law offic lord advoc overturn decis crown counsel hold fatal accid inquiri death men brent bravo basi wider public interest inquiri</p><p>fatal accid inquiri<weblink ns0:type="simple" ns0:href="http://www.scotcourts.gov.uk/opinions/FAIMCCUE.html">report</weblink>death sean scott mccue keith scot moncrieff releas juli</p><p>juli<weblink ns0:type="simple" ns0:href="http://business.timesonline.co.uk/tol/business/law/corporate/article689559.ece">articl</weblink>find inquiri publish<newspaper wordnetid="106267145" confidence="0.9508927676800064"><link ns0:type="simple" ns0:href="../127/39127.xml">time</link></newspaper>headlin union call manslaught law shell death inquiri report sixmonth investig death brent bravo septemb conclud accid avoid shell proper repair pipe victim keith moncrieff sean mccue die huge ga escap illeg repair corrod pipe descend concret leg platform inspect shell accept inquiri find time articl point bill campbel shell engin forward detail platform safeti mainten review carri brent bravo platform campbel audit team widespread violat safeti procedur alleg falsif record articl reveal campbel retir shell believ brent bravo death prevent compani respond adequ find platform mainten delay sustain oil ga output evid inquiri presid sheriff declin admit ground inquiri scope shell quot accept audit find respond improv shell insist verifi evid falsif platform manag campbel alleg</p></ss1><ss1><st>alleg bill campbel north sea oim group auditor shell intern</st><p>june juli dozen articl publish news media reveal seriou alleg bill campbel shell intern group auditor result inextric link brent bravo stori</p><p>campbel alleg subject programm broadcast bbc scotland investig current affair bbc tv programm<weblink ns0:type="simple" ns0:href="http://news.bbc.co.uk/1/hi/scotland/2902173.stm">frontlin scotland</weblink>featur entitl human price oil articl relat programm publish bbc news headlin<weblink ns0:type="simple" ns0:href="http://news.bbc.co.uk/1/hi/scotland/5077886.stm">shell ignor accid warn</weblink>number bbc news report subject guardian newspap publish three articl headlin<weblink ns0:type="simple" ns0:href="http://www.guardian.co.uk/frontpage/story/0,,1804143,00.html">shell accus oil rig safeti</weblink>second entitl<weblink ns0:type="simple" ns0:href="http://business.guardian.co.uk/story/0,,1809318,00.html">call inquiri oil rig safeti regul</weblink>third<weblink ns0:type="simple" ns0:href="http://business.guardian.co.uk/story/0,,1830949,00.html">shell confess poor north sea safeti record pledg reform</weblink><weblink ns0:type="simple" ns0:href="http://www.shellnews.net/2007/upstream-online-brent-bravo-articles.html">seri articl</weblink>publish<weblink ns0:type="simple" ns0:href="http://www.upstreamonline.com/">upstream onlin</weblink>respect weekli petroleum industri public oper petroleum news websit</p><p>astonish alleg top director shell expro aberdeen uk arm anglodutch group allegedli sanction polici touch fuck tfa offshor instal manag told work potenti unplan shutdown paragraph articl upstreamonlin entitl shell safeti fire</p><p><indent level="1">alleg level campbel malcolm brind shell group chief execut global charg uk busi time oil director chri finlayson countri presid shell russia claim men oper product prioriti safeti concern</indent>shell quot reject campbel charg shell alleg oper highrisk level untru absolut refut safeti will remain prioriti offshor</p><p>august<newspaper wordnetid="106267145" confidence="0.9508927676800064"><link ns0:type="simple" ns0:href="../515/19344515.xml">guardian</link></newspaper>newspap publish articl profil<person wordnetid="100007846" confidence="0.9508927676800064"><link ns0:type="simple" ns0:href="../007/3934007.xml">jeroen van der veer</link></person>chief execut royal dutch shell plc articl guardian<link ns0:type="simple" ns0:href="../100/50100.xml">journalist</link>terri macalist state refer van der veer<weblink ns0:type="simple" ns0:href="http://business.guardian.co.uk/story/0,,2159465,00.html">clear hurt coverag fiasco shell consult bill campbel blew whistl safeti breach north sea</weblink></p></ss1><ss1><st>concern express bill campbel</st><p>septemb<newspaper wordnetid="106267145" confidence="0.9508927676800064"><link ns0:type="simple" ns0:href="../181/177181.xml">daili mail</link></newspaper>newspap publish<weblink ns0:type="simple" ns0:href="http://www.shellnews.net/PDFs/DailyMail1stSept2007.pdf">articl</weblink>safeti campaign conduct jointli bill cambel websit<link ns0:type="simple" ns0:href="../269/5564269.xml">royaldutchshellplccom</link>articl royal dutch shell rattl<link ns0:type="simple" ns0:href="../082/5251082.xml">gripe site</link>alleg safeti problem<region wordnetid="108630985" confidence="0.8"><field wordnetid="108569998" confidence="0.8"><location wordnetid="100027167" confidence="0.8"><tract wordnetid="108673395" confidence="0.8"><geographical_area wordnetid="108574314" confidence="0.8"><link ns0:type="simple" ns0:href="../340/858340.xml">north sea oil</link></geographical_area></tract></location></field></region>platform articl reveal intern shell<link ns0:type="simple" ns0:href="../738/9738.xml">email</link>admit firm thrown foot claim forward royaldutchshellplccom websit campbel email hundr<link ns0:type="simple" ns0:href="../066/98066.xml">mp</link>alleg shell hasnt properli tackl<link ns0:type="simple" ns0:href="../482/723482.xml">health safeti</link>fail articl featur number quot shell intern email reveal uncertainti shell deal alleg state stand foot aim develop strategi option put posit secur posit</p><p><weblink ns0:type="simple" ns0:href="http://energy.einnews.com/pr-news/9337-offshore-workers-died-as-a-result-of-a-touch-f-all-safety-regime-at-royal-dutch-shell">letter mp</weblink>campbel state group auditor shell intern write matter<link ns0:type="simple" ns0:href="../123/186123.xml">conscienc</link>effort avert inevit major accid<ocean wordnetid="109376198" confidence="0.9508927676800064"><link ns0:type="simple" ns0:href="../179/21179.xml">north sea</link></ocean></p><p>respons alleg<company wordnetid="108058098" confidence="0.9508927676800064"><link ns0:type="simple" ns0:href="../417/59417.xml">royal dutch shell</link></company>spokesman quot daili mail articl safeti shell foremost prioriti time shell disput suggest compromis safeti offshor<link ns0:type="simple" ns0:href="../753/5174753.xml">fatal</link>accept</p><p><link ns0:type="simple" ns0:href="../985/172985.xml">daili telegraph</link>publish articl saturday septemb headlin<weblink ns0:type="simple" ns0:href="http://www.telegraph.co.uk/money/main.jhtml?xml=/money/2007/09/08/cnshell108.xml">pressur shell safeti platform</weblink>royal dutch shell face grow campaign alleg poor safeti north sea oil platform britain biggest trade union execut compani call mp health safeti execut hse investig campbel team websit highli critic shell appear increas concern compani</p></ss1><ss1><st>offshor union voic safeti concern pend sale shell north sea asset</st><p>septemb bbc news<weblink ns0:type="simple" ns0:href="http://news.bbc.co.uk/1/hi/scotland/north_east/6980894.stm">report</weblink>offshor union call<link ns0:type="simple" ns0:href="../308/361308.xml">health safeti execut</link>investig shell oper<ocean wordnetid="109376198" confidence="0.9508927676800064"><link ns0:type="simple" ns0:href="../179/21179.xml">north sea</link></ocean>union seek reassur worker safeti claim moral alltim low departur key personnel creat gap safeti critic posit concern stem pend sale shell north sea<link ns0:type="simple" ns0:href="../838/18934838.xml">asset</link>union shell announc instal sale commun compani offshor workforc deterior point impact oper safeti</p><p><weblink ns0:type="simple" ns0:href="http://royaldutchshellplc.com/2007/09/06/aberdeen-press-journal-unions-call-for-probe-into-shells-north-sea-operations/">articl</weblink>publish septemb aberdeen press journal state graham tran region offic unit union amicu oilc jake molloy gap safetycrit posit shell instal sale articl joint statement union moral shell instal alltim low key worker left compani disgust treatment receiv</p><p>octob christoph hopson upstreamonlin lead oil industri public<weblink ns0:type="simple" ns0:href="http://royaldutchshellplc.com/2007/10/15/upstreamonline-shell-talks-on-safety-with-hse/">report</weblink>high level talk uk<link ns0:type="simple" ns0:href="../308/361308.xml">health safeti execut</link>hse shell relat complaint shore worker union safeti issu articl sourc attend hse meet manag staff cormor alpha reveal safeti watchdog discov number seriou problem instal oper upstreamonlin articl jake molloy gener secretari<link ns0:type="simple" ns0:href="../632/964632.xml">oilc</link>claim member cormor alpha believ valid complaint upheld await final hse report confirm case</p></ss1><ss1><st>oil major send safeti chief summit critic mount</st><p>septemb<newspaper wordnetid="106267145" confidence="0.9508927676800064"><link ns0:type="simple" ns0:href="../958/103958.xml">independ</link></newspaper>newspap report articl headlin<weblink ns0:type="simple" ns0:href="http://news.independent.co.uk/business/news/article2961347.ece">oil major send safeti chief summit critic mount</weblink>senior director world largest oil compani agre attend summit meet month order discuss work tackl health safeti issu articl head safeti oil major includ<company wordnetid="108058098" confidence="0.9508927676800064"><link ns0:type="simple" ns0:href="../720/18998720.xml">bp</link></company>shell total will meet time order agre joint approach improv industri safeti record articl summit meet increas concern oil compani execut seri disast safeti failur jeopardis reput damag busi prospect shell send head safeti kieron mcfadyen safeti summit</p></ss1><ss1><st>health safeti execut partial uphold claim shell safeti</st><p>novemb bbc news<weblink ns0:type="simple" ns0:href="http://news.bbc.co.uk/1/hi/scotland/north_east/7084534.stm">report</weblink>health safeti execut hse partial upheld claim shell ensur safeti offshor shell action address matter articl offshor union unit amicu oilc ask hse investig claim member focus man level attitud platform manag articl investig conclud aspect complaint justifi graham tran offici unit amicu union quot believ shell leav north sea credibl shell compani fulli cooper hse continu staff hse inform</p><p>headlin safeti breach shell north sea rig<newspaper wordnetid="106267145" confidence="0.9508927676800064"><link ns0:type="simple" ns0:href="../515/19344515.xml">guardian</link></newspaper>newspap<weblink ns0:type="simple" ns0:href="http://www.guardian.co.uk/business/2007/nov/08/oil">report</weblink>day novemb shell rap knuckl health safeti execut safeti problem north sea platform despit pledg chief execut jeroen van der veer determin chang cultur problem hse confirm upheld complaint staff level oper procedur platform includ cormor alpha dunlin alpha ask shell action articl shell earn hour year torrid time north sea safeti experienc inspector bill campbel blew whistl employ claim safeti procedur repeatedli ignor platform shell comment indepth hse statement investig continu shell pledg fulli cooper hse shell staff inform articl end forthright comment attribut gran tran unit union express fear ongo safeti workforc platform</p><p>novemb guardian newspap publish articl time headlin<weblink ns0:type="simple" ns0:href="http://www.guardian.co.uk/business/2007/nov/22/oil">half north sea oil rig fail safeti check</weblink>state safeti regim britain north sea oil oper condemn yesterday report health safeti execut hse report base studi cover north sea rig platform inspect reveal problem oil compani address articl shell hand larg number hse improv notic year criticis workforc group deni safeti top agenda hse report cover daili telegraph articl publish novemb headlin<weblink ns0:type="simple" ns0:href="http://www.telegraph.co.uk/money/main.jhtml?xml=/money/2007/11/22/cnnthsea122.xml">hse sound alarm rig</weblink></p></ss1><ss1><st>februari alleg safeti concern shell north sea rig</st><p>friday februari<statement wordnetid="106722453" confidence="0.8"><message wordnetid="106598915" confidence="0.8"><announcement wordnetid="106746580" confidence="0.8"><program wordnetid="106748466" confidence="0.8"><link ns0:type="simple" ns0:href="../621/273621.xml">channel news</link></program></announcement></message></statement>led flagship even news programm minut packag entitl<weblink ns0:type="simple" ns0:href="http://www.channel4.com/news/articles/business_money/north+sea+safety+concerns/1460452">shell north sea safeti concern</weblink>articl websit video clip tv news report view shell britain highest earn compani announc profit oil giant accus workforc sever lack commit safeti packag contain alleg royal dutch shell insid alleg critic safeti system platform work properli safeti cultur shell shift thing mend present<person wordnetid="100007846" confidence="0.9508927676800064"><journalist wordnetid="110224578" confidence="0.9173553029164789"><link ns0:type="simple" ns0:href="../819/501819.xml">jon snow</link></journalist></person>shell declin invit interview compani insist claim unfound safeti top prioriti</p><p>februari sunday telegraph publish articl russel hotten entitl<weblink ns0:type="simple" ns0:href="http://www.telegraph.co.uk/money/main.jhtml?xml=/money/2008/02/03/cnshell103.xml">shell reject north sea rig safeti fear</weblink>articl safeti condit shell oil platform north sea call question amid row alleg industri gangster claim manag charg rig believ backlog mainten reach appal level newspap leak email manag backlog safeti critic system appal level standard issu hse manag warn hse close oper jake molloy gener secretari oilc union claim admiss shell standard platform poor call compani record profit improv thing shell respons safeti top prioriti year ago shell start bn asset integr programm cent complet shell quot number alleg union staff safeti announc june plan offer asset potenti purchas alleg investig hse number issu work hse seiz product serv improv notic</p><p>februari glasgow<print_media wordnetid="106263609" confidence="0.8"><press wordnetid="106263369" confidence="0.8"><artifact wordnetid="100021939" confidence="0.8"><instrumentality wordnetid="103575240" confidence="0.8"><medium wordnetid="106254669" confidence="0.8"><newspaper wordnetid="106267145" confidence="0.8"><link ns0:type="simple" ns0:href="../112/2433112.xml">sunday mail scotland</link></newspaper></medium></instrumentality></artifact></press></print_media>publish articl kurt bayer headlin<weblink ns0:type="simple" ns0:href="http://www.sundaymail.co.uk/news/newsfeed/2008/02/17/shell-shock-78057-20321527/">shell shock</weblink>email sunday telegraph articl quot includ backlog safeti critic system appal level articl manag deni term appal frantic backlog safeti work terrifi action govern watchdog describ foulmouth email demand worker overtim tackl safeti crisi graham tran unit union quot time call shell dread go major accid situat tick time bomb accid wait happen shell spokesman maintain safeti top prioriti</p></ss1><ss1><st>shell admit blame disast merseysid refineri</st><p>februari liverpool post publish articl headlin<weblink ns0:type="simple" ns0:href="http://www.liverpooldailypost.co.uk/liverpool-news/regional-news/2008/02/23/shell-admits-blame-for-near-disaster-at-stanlow-64375-20514060/">shell admit blame disast stanlow</weblink>report oil giant shell admit blame lethal ga leak<county wordnetid="108546183" confidence="0.9508927676800064"><link ns0:type="simple" ns0:href="../325/151325.xml">merseysid</link></county><link ns0:type="simple" ns0:href="../530/339530.xml">refineri</link>shell plead guilti februari chester crown court charg year incid fail compli regul cover control major accid hazard articl state energi compani admit blame allow safeti pipe corrod badli split wide open injur judg roger dutton advis explod multipl casualti simon parrington prosecut<link ns0:type="simple" ns0:href="../308/361308.xml">health safeti execut</link>quot escap ga caus shell failur properli inspect maintain pipe issu concern toxic ga lethal caus fatal parrington state court chanc jet toxic ga leak bottom top pipe spark chain event lead death destruct key section plant sixinch pipe question neglect year parrington point compani post bn profit huge resourc dispos graham well act defend shell uk disput exact corros insid pipe conced defend accept seriou matter process hazard chemic escap happen pipe corrod pipe corrod basi guilti plea yuri sebregt gener manag stanlow plant quot respond event cooper fulli hse investig chang plant procedur ensur problem will reoccur judg adjourn hear sentenc<weblink ns0:type="simple" ns0:href="http://www.fleetwoodtoday.co.uk/latest-north-west-news/Shell-admits-blame-for-leakage.3807941.jp">report</weblink>news stori<link ns0:type="simple" ns0:href="../449/1300449.xml">press associ</link>featur fleetwood weekli news februari state hse inspect entir stanlow site incid concern</p></ss1><ss1><st>shell safeti critic issu rais march</st><p>march<link>upstreamonlin</link>publish articl headlin<weblink ns0:type="simple" ns0:href="http://www.shellnews.net/images/Upstreamonline-pressure-rises-on-shell-14march08.html">pressur rise shell</weblink>articl christoph hopson shell fee heat brent bravo safeti record report shell mount pressur explain poor north sea safeti record fresh revel worst perform play receiv total legal notic issu uk health safeti execut hse twoandahalf year period articl reveal shell receiv notic oper work uk north sea disclosur emerg channel tv news report seriou safeti fail brent bravo inspect platform carri hse shell quot platform employ system peopl inspect maintain safeti critic equip goal complianc plan correct safeti critic mainten platform</p><p>separ articl headlin<weblink ns0:type="simple" ns0:href="http://www.shellnews.net/images/upstreamonline_brent_lifeboat_14march2008.html">lifeboat troubl brent field</weblink>publish march upstreamonlin reveal shell safeti record brent bravo platform uk northern north sea scrutini discoveri technic problem lifeboat instal remov servic jake molloy gener secretari offshor industri liaison committe quot articl christoph hopson claim load lifeboat chanc launch sea uncontrol fashion caus death injuri held place corros design system articl problem second lifeboat brent bravo platform report lifeboat launch sea shell tern platform brake clutch dysfunct damag launch mechan platform shell confirm problem discov lifeboat brent bravo routin mainten shell quot state view matter serious mobilis investig team platform</p></ss1><ss1><st>extern link</st><p><list><entry level="1" type="bullet"><weblink ns0:type="simple" ns0:href="http://www.hse.gov.uk/">hse websit</weblink></entry><entry level="1" type="bullet"><weblink ns0:type="simple" ns0:href="http://www.hsenews.com/">hse news servic websit</weblink></entry><entry level="1" type="bullet"><weblink ns0:type="simple" ns0:href="http://www.hsl.gov.uk/">hsl websit</weblink></entry></list></p><p><table style=";" class="navbox" cellspacing="0"><row><col style="padding:2px;"><table style="width:100%;background:transparent;color:inherit;;" class="nowraplinks collapsible autocollapse " cellspacing="0"><row><header colspan="2" style=";" class="navbox-title"><company wordnetid="108058098" confidence="0.9508927676800064"><link ns0:type="simple" ns0:href="../417/59417.xml">royal dutch shell</link></company></header></row><row style="height:2px;" /><row><col style=";;" class="navbox-group">subsidiari</col><col style="text-align:left;border-left:2px solid #fdfdfd;width:100%;padding:0px;;;" class="navbox-list navbox-odd"><p><oil_company wordnetid="108069241" confidence="0.8"><company wordnetid="108058098" confidence="0.8"><institution wordnetid="108053576" confidence="0.8"><link ns0:type="simple" ns0:href="../320/11560320.xml">aera energi llc</link></institution></company></oil_company><oil_company wordnetid="108069241" confidence="0.8"><company wordnetid="108058098" confidence="0.8"><institution wordnetid="108053576" confidence="0.8"><link ns0:type="simple" ns0:href="../991/15611991.xml">albian sand</link></institution></company></oil_company><plant wordnetid="103956922" confidence="0.8"><structure wordnetid="104341686" confidence="0.8"><artifact wordnetid="100021939" confidence="0.8"><building_complex wordnetid="102914991" confidence="0.8"><link ns0:type="simple" ns0:href="../201/12597201.xml">brunei lng</link></building_complex></artifact></structure></plant><plant wordnetid="103956922" confidence="0.8"><structure wordnetid="104341686" confidence="0.8"><artifact wordnetid="100021939" confidence="0.8"><building_complex wordnetid="102914991" confidence="0.8"><link ns0:type="simple" ns0:href="../426/12646426.xml">oman lng</link></building_complex></artifact></structure></plant><link ns0:type="simple" ns0:href="../818/16592818.xml">pearl gtl</link><oil_company wordnetid="108069241" confidence="0.8"><company wordnetid="108058098" confidence="0.8"><institution wordnetid="108053576" confidence="0.8"><link ns0:type="simple" ns0:href="../457/13937457.xml">sakhalin energi</link></institution></company></oil_company><company wordnetid="108058098" confidence="0.9508927676800064"><link ns0:type="simple" ns0:href="../518/867518.xml">shell canada</link></company><link ns0:type="simple" ns0:href="../477/3950477.xml">shell nigeria</link><oil_company wordnetid="108069241" confidence="0.8"><name wordnetid="106333653" confidence="0.8"><company wordnetid="108058098" confidence="0.8"><trade_name wordnetid="106845599" confidence="0.8"><part wordnetid="113809207" confidence="0.8"><language_unit wordnetid="106284225" confidence="0.8"><institution wordnetid="108053576" confidence="0.8"><link ns0:type="simple" ns0:href="../593/468593.xml">shell oil compani</link></institution></language_unit></part></trade_name></company></name></oil_company>usa</p></col></row><row style="height:2px" /><row><col style=";;" class="navbox-group">peopl</col><col style="text-align:left;border-left:2px solid #fdfdfd;width:100%;padding:0px;;;" class="navbox-list navbox-even"><p><person wordnetid="100007846" confidence="0.9508927676800064"><link ns0:type="simple" ns0:href="../810/15383810.xml">rob rout</link></person><physical_entity wordnetid="100001930" confidence="0.8"><person wordnetid="100007846" confidence="0.8"><geophysicist wordnetid="110128519" confidence="0.8"><causal_agent wordnetid="100007347" confidence="0.8"><scientist wordnetid="110560637" confidence="0.8"><geologist wordnetid="110127689" confidence="0.8"><link ns0:type="simple" ns0:href="../042/455042.xml">king hubbert</link></geologist></scientist></causal_agent></geophysicist></person></physical_entity><physical_entity wordnetid="100001930" confidence="0.8"><person wordnetid="100007846" confidence="0.8"><causal_agent wordnetid="100007347" confidence="0.8"><scientist wordnetid="110560637" confidence="0.8"><geologist wordnetid="110127689" confidence="0.8"><link ns0:type="simple" ns0:href="../240/14567240.xml">fred meissner</link></geologist></scientist></causal_agent></person></physical_entity><president wordnetid="110468962" confidence="0.9173553029164789"><celebrity wordnetid="109903153" confidence="0.9508927676800064"><person wordnetid="100007846" confidence="0.9508927676800064"><link ns0:type="simple" ns0:href="../924/1605924.xml">jorma ollila</link></person></celebrity></president></p></col></row><row style="height:2px" /><row><col style=";;" class="navbox-group">facil</col><col style="text-align:left;border-left:2px solid #fdfdfd;width:100%;padding:0px;;;" class="navbox-list navbox-odd"><p><platform wordnetid="103961939" confidence="0.8"><artifact wordnetid="100021939" confidence="0.8"><surface wordnetid="104362025" confidence="0.8"><horizontal_surface wordnetid="103536348" confidence="0.8"><link ns0:type="simple" ns0:href="../494/1195494.xml">brent spar</link></horizontal_surface></surface></artifact></platform><site wordnetid="108651247" confidence="0.8"><region wordnetid="108630985" confidence="0.8"><artifact wordnetid="100021939" confidence="0.8"><facility wordnetid="103315023" confidence="0.8"><location wordnetid="100027167" confidence="0.8"><tract wordnetid="108673395" confidence="0.8"><geographical_area wordnetid="108574314" confidence="0.8"><link ns0:type="simple" ns0:href="../560/1002560.xml">rocki mountain arsen</link></geographical_area></tract></location></facility></artifact></region></site><plant wordnetid="103956922" confidence="0.8"><refinery wordnetid="104068441" confidence="0.8"><structure wordnetid="104341686" confidence="0.8"><building wordnetid="102913152" confidence="0.8"><artifact wordnetid="100021939" confidence="0.8"><oil_refinery wordnetid="103844673" confidence="0.8"><building_complex wordnetid="102914991" confidence="0.8"><link ns0:type="simple" ns0:href="../619/15007619.xml">scotford upgrad</link></building_complex></oil_refinery></artifact></building></structure></refinery></plant><site wordnetid="108651247" confidence="0.9508927676800064"><link ns0:type="simple" ns0:href="../804/14280804.xml">shell haven</link></site><city wordnetid="108524735" confidence="0.9508927676800064"><link ns0:type="simple" ns0:href="../159/12432159.xml">shell mera</link></city><company wordnetid="108058098" confidence="0.8"><institution wordnetid="108053576" confidence="0.8"><link ns0:type="simple" ns0:href="../235/10545235.xml">shell develop emeryvil</link></institution></company></p></col></row><row style="height:2px" /><row><col style=";;" class="navbox-group"><gossip wordnetid="107223170" confidence="0.8"><scandal wordnetid="107223811" confidence="0.8"><event wordnetid="100029378" confidence="0.8"><informing wordnetid="107212190" confidence="0.8"><report wordnetid="107217924" confidence="0.8"><act wordnetid="100030358" confidence="0.8"><psychological_feature wordnetid="100023100" confidence="0.8"><speech_act wordnetid="107160883" confidence="0.8"><link ns0:type="simple" ns0:href="../225/10259225.xml">controversi</link></speech_act></psychological_feature></act></report></informing></event></scandal></gossip></col><col style="text-align:left;border-left:2px solid #fdfdfd;width:100%;padding:0px;;;" class="navbox-list navbox-even"><p><gossip wordnetid="107223170" confidence="0.8"><scandal wordnetid="107223811" confidence="0.8"><event wordnetid="100029378" confidence="0.8"><informing wordnetid="107212190" confidence="0.8"><report wordnetid="107217924" confidence="0.8"><act wordnetid="100030358" confidence="0.8"><psychological_feature wordnetid="100023100" confidence="0.8"><speech_act wordnetid="107160883" confidence="0.8"><link ns0:type="simple" ns0:href="../625/10441625.xml">safeti concern</link></speech_act></psychological_feature></act></report></informing></event></scandal></gossip><issue wordnetid="105814650" confidence="0.8"><link ns0:type="simple" ns0:href="../178/17384178.xml">environment issu</link></issue><region wordnetid="108630985" confidence="0.8"><field wordnetid="108569998" confidence="0.8"><politics wordnetid="113840719" confidence="0.8"><location wordnetid="100027167" confidence="0.8"><tract wordnetid="108673395" confidence="0.8"><social_relation wordnetid="100032823" confidence="0.8"><geographical_area wordnetid="108574314" confidence="0.8"><link ns0:type="simple" ns0:href="../600/2232600.xml">corrib ga project</link></geographical_area></social_relation></tract></location></politics></field></region></p></col></row><row style="height:2px" /><row><col style=";;" class="navbox-group" /><col style="text-align:left;border-left:2px solid #fdfdfd;width:100%;padding:0px;;;" class="navbox-list navbox-odd"><p><team wordnetid="108208560" confidence="0.9508927676800064"><link ns0:type="simple" ns0:href="../880/4092880.xml">shell turbo charger</link></team><site wordnetid="108651247" confidence="0.8"><region wordnetid="108630985" confidence="0.8"><location wordnetid="100027167" confidence="0.8"><tract wordnetid="108673395" confidence="0.8"><geographical_area wordnetid="108574314" confidence="0.8"><link ns0:type="simple" ns0:href="../414/17710414.xml">shell oil compani spectacular sign</link></geographical_area></tract></location></region></site></p></col></row><row style="height:2px;" /><row><col colspan="2" style=";" class="navbox-abovebelow">annual revenu employe</col></row></table></col></row></table></p></ss1></bdy></speech_act></psychological_feature></act></report></informing></event></scandal></gossip></article>