<article xmlns:ns0="http://www.w3.org/1999/xlink"><group confidence="0.8" wordnetid="100031264"><header><title>not hillbilli</title><id /><revision><id /><timestamp>tz</timestamp><contributor><username>waacstat</username><id /></contributor></revision><categories><category>british folk music group</category></categories></header><bdy><image upright="upright" width="150px" src="MarkKnopfler_060528_P5280023a_jm.JPG" type="thumb" /><p><b>not hillbilli</b><link ns0:type="simple" ns0:href="../247/5247.xml">countri</link>project form<link ns0:type="simple" ns0:href="../898/172898.xml">dire strait</link>singer guitarist<person wordnetid="100007846" confidence="0.9508927676800064"><artist wordnetid="109812338" confidence="0.9508927676800064"><link ns0:type="simple" ns0:href="../158/199158.xml">mark knopfler</link></artist></person><physical_entity wordnetid="100001930" confidence="0.8"><person wordnetid="100007846" confidence="0.8"><performer wordnetid="110415638" confidence="0.8"><musician wordnetid="110340312" confidence="0.8"><causal_agent wordnetid="100007347" confidence="0.8"><entertainer wordnetid="109616922" confidence="0.8"><link ns0:type="simple" ns0:href="../836/7983836.xml">brendan croker</link></entertainer></causal_agent></musician></performer></person></physical_entity><physical_entity wordnetid="100001930" confidence="0.8"><person wordnetid="100007846" confidence="0.8"><performer wordnetid="110415638" confidence="0.8"><musician wordnetid="110340312" confidence="0.8"><causal_agent wordnetid="100007347" confidence="0.8"><entertainer wordnetid="109616922" confidence="0.8"><link ns0:type="simple" ns0:href="../165/14259165.xml">steve phillip</link></entertainer></causal_agent></musician></performer></person></physical_entity><manufacturer wordnetid="110292316" confidence="0.9173553029164789"><musician wordnetid="110340312" confidence="0.9173553029164789"><artist wordnetid="109812338" confidence="0.9508927676800064"><link ns0:type="simple" ns0:href="../914/3365914.xml">guy fletcher</link></artist></musician></manufacturer>album<it><album wordnetid="106591815" confidence="0.9508927676800064"><link ns0:type="simple" ns0:href="../131/8100131.xml">missingpresum good time</link></album></it>releas return concentr main band not hillbilli reunit time chariti gig hillbilli tour uk</p><p>perform<manufacturer wordnetid="110292316" confidence="0.9173553029164789"><musician wordnetid="110340312" confidence="0.9173553029164789"><artist wordnetid="109812338" confidence="0.9508927676800064"><link ns0:type="simple" ns0:href="../914/3365914.xml">guy fletcher</link></artist></musician></manufacturer></p><p>town countri club leed<link ns0:type="simple" ns0:href="../848/15848.xml">juli</link>featur knopflercrokerphilip trio set list includ live perform<link ns0:type="simple" ns0:href="../898/172898.xml">dire strait</link>song ticket heaven long not hillbilli perform record issu<link ns0:type="simple" ns0:href="../898/172898.xml">dire strait</link><album wordnetid="106591815" confidence="0.9508927676800064"><link ns0:type="simple" ns0:href="../989/228989.xml">street</link></album>album</p><p>citi hall newcastl<link ns0:type="simple" ns0:href="../862/15862.xml">juli</link>featur time<musician wordnetid="110340312" confidence="0.9173553029164789"><artist wordnetid="109812338" confidence="0.9508927676800064"><link ns0:type="simple" ns0:href="../719/4466719.xml">alan clark</link></artist></musician>keyboard<physical_entity wordnetid="100001930" confidence="0.8"><person wordnetid="100007846" confidence="0.8"><leader wordnetid="109623038" confidence="0.8"><administrator wordnetid="109770949" confidence="0.8"><causal_agent wordnetid="100007347" confidence="0.8"><head wordnetid="110162991" confidence="0.8"><director wordnetid="110014939" confidence="0.8"><link ns0:type="simple" ns0:href="../822/904822.xml">bicknel</link></director></head></causal_agent></administrator></leader></person></physical_entity><link>marcu cliff</link>time clark play knopfler full band</p><sec><st>composit</st><p><list><entry level="1" type="bullet"><person wordnetid="100007846" confidence="0.9508927676800064"><artist wordnetid="109812338" confidence="0.9508927676800064"><link ns0:type="simple" ns0:href="../158/199158.xml">mark knopfler</link></artist></person>guitar vocal</entry><entry level="1" type="bullet"><manufacturer wordnetid="110292316" confidence="0.9173553029164789"><musician wordnetid="110340312" confidence="0.9173553029164789"><artist wordnetid="109812338" confidence="0.9508927676800064"><link ns0:type="simple" ns0:href="../914/3365914.xml">guy fletcher</link></artist></musician></manufacturer>keyboard vocal</entry><entry level="1" type="bullet"><physical_entity wordnetid="100001930" confidence="0.8"><person wordnetid="100007846" confidence="0.8"><performer wordnetid="110415638" confidence="0.8"><musician wordnetid="110340312" confidence="0.8"><causal_agent wordnetid="100007347" confidence="0.8"><entertainer wordnetid="109616922" confidence="0.8"><link ns0:type="simple" ns0:href="../165/14259165.xml">steve phillip</link></entertainer></causal_agent></musician></performer></person></physical_entity>guitar vocal</entry><entry level="1" type="bullet"><physical_entity wordnetid="100001930" confidence="0.8"><person wordnetid="100007846" confidence="0.8"><performer wordnetid="110415638" confidence="0.8"><musician wordnetid="110340312" confidence="0.8"><causal_agent wordnetid="100007347" confidence="0.8"><entertainer wordnetid="109616922" confidence="0.8"><link ns0:type="simple" ns0:href="../836/7983836.xml">brendan croker</link></entertainer></causal_agent></musician></performer></person></physical_entity>guitar vocal</entry><entry level="1" type="bullet"><physical_entity wordnetid="100001930" confidence="0.8"><person wordnetid="100007846" confidence="0.8"><leader wordnetid="109623038" confidence="0.8"><administrator wordnetid="109770949" confidence="0.8"><causal_agent wordnetid="100007347" confidence="0.8"><head wordnetid="110162991" confidence="0.8"><director wordnetid="110014939" confidence="0.8"><link ns0:type="simple" ns0:href="../822/904822.xml">bicknel</link></director></head></causal_agent></administrator></leader></person></physical_entity>drum replac<artist wordnetid="109812338" confidence="0.9508927676800064"><link ns0:type="simple" ns0:href="../028/13350028.xml">danni cum</link></artist></entry><entry level="1" type="bullet"><link>marcu cliff</link>bass</entry><entry level="1" type="bullet"><composer wordnetid="109947232" confidence="0.9173553029164789"><musician wordnetid="110340312" confidence="0.9173553029164789"><artist wordnetid="109812338" confidence="0.9508927676800064"><link ns0:type="simple" ns0:href="../821/12867821.xml">chri white</link></artist></musician></composer>saxophon</entry><entry level="1" type="bullet"><link ns0:type="simple" ns0:href="../682/4432682.xml">paul franklin</link>pedal steel studio album tour</entry></list></p><p><table style=";" class="navbox" cellspacing="0"><row><col style="padding:2px;"><table style="width:100%;background:transparent;color:inherit;;" class="nowraplinks collapsible collapsed " cellspacing="0"><row><header colspan="2" style=";background:  f0e68c;" class="navbox-title"><person wordnetid="100007846" confidence="0.9508927676800064"><artist wordnetid="109812338" confidence="0.9508927676800064"><link ns0:type="simple" ns0:href="../158/199158.xml">mark knopfler</link></artist></person></header></row><row style="height:2px;" /><row><col style=";background: #EEEEEE;;" class="navbox-group">tour personnel</col><col style="text-align:left;border-left:2px solid #fdfdfd;width:100%;padding:0px;;;" class="navbox-list navbox-odd"><artist wordnetid="109812338" confidence="0.9508927676800064"><link ns0:type="simple" ns0:href="../949/13411949.xml">richard bennett</link></artist><artist wordnetid="109812338" confidence="0.9508927676800064"><link ns0:type="simple" ns0:href="../028/13350028.xml">danni cum</link></artist><manufacturer wordnetid="110292316" confidence="0.9173553029164789"><musician wordnetid="110340312" confidence="0.9173553029164789"><artist wordnetid="109812338" confidence="0.9508927676800064"><link ns0:type="simple" ns0:href="../914/3365914.xml">guy fletcher</link></artist></musician></manufacturer><artist wordnetid="109812338" confidence="0.9508927676800064"><link ns0:type="simple" ns0:href="../683/2398683.xml">john mccusker</link></artist><manufacturer wordnetid="110292316" confidence="0.9173553029164789"><musician wordnetid="110340312" confidence="0.9173553029164789"><artist wordnetid="109812338" confidence="0.9508927676800064"><link ns0:type="simple" ns0:href="../392/2012392.xml">matt roll</link></artist></musician></manufacturer><artist wordnetid="109812338" confidence="0.9508927676800064"><link ns0:type="simple" ns0:href="../442/13392442.xml">glenn worf</link></artist></col></row><row style="height:2px" /><row><col style=";background: #EEEEEE;;" class="navbox-group">member</col><col style="text-align:left;border-left:2px solid #fdfdfd;width:100%;padding:0px;;;" class="navbox-list navbox-even"><link>jim cox</link><physical_entity wordnetid="100001930" confidence="0.8"><person wordnetid="100007846" confidence="0.8"><drummer wordnetid="110036929" confidence="0.8"><performer wordnetid="110415638" confidence="0.8"><musician wordnetid="110340312" confidence="0.8"><causal_agent wordnetid="100007347" confidence="0.8"><entertainer wordnetid="109616922" confidence="0.8"><percussionist wordnetid="110415037" confidence="0.8"><link ns0:type="simple" ns0:href="../272/13760272.xml">chad cromwel</link></percussionist></entertainer></causal_agent></musician></performer></drummer></person></physical_entity></col></row><row style="height:2px" /><row><col style=";background: #EEEEEE;;" class="navbox-group">studio album</col><col style="text-align:left;border-left:2px solid #fdfdfd;width:100%;padding:0px;;;" class="navbox-list navbox-odd"><it><album wordnetid="106591815" confidence="0.9508927676800064"><medium wordnetid="106254669" confidence="0.9508927676800064"><link ns0:type="simple" ns0:href="../154/1409154.xml">golden heart</link></medium></album></it><it><album wordnetid="106591815" confidence="0.9508927676800064"><medium wordnetid="106254669" confidence="0.9508927676800064"><link ns0:type="simple" ns0:href="../519/360519.xml">sail philadelphia</link></medium></album></it><it><album wordnetid="106591815" confidence="0.9508927676800064"><medium wordnetid="106254669" confidence="0.9508927676800064"><link ns0:type="simple" ns0:href="../757/1394757.xml">ragpick dream</link></medium></album></it><it><album wordnetid="106591815" confidence="0.9508927676800064"><link ns0:type="simple" ns0:href="../892/1136892.xml">shangrila</link></album></it><it><link ns0:type="simple" ns0:href="../378/11847378.xml">kill crimson</link></it></col></row><row style="height:2px" /><row><col style=";background: #EEEEEE;;" class="navbox-group">singl ep</col><col style="text-align:left;border-left:2px solid #fdfdfd;width:100%;padding:0px;;;" class="navbox-list navbox-even"><it><medium wordnetid="106254669" confidence="0.9508927676800064"><link ns0:type="simple" ns0:href="../902/13325902.xml">darl pretti</link></medium></it><it><link>cannib</link></it><it><link>rdiger</link></it><it><link /></it><it><link>sail philadelphia</link></it><it><link>silvertown blue</link></it><it><link>aye man</link></it><it><medium wordnetid="106254669" confidence="0.9508927676800064"><link ns0:type="simple" ns0:href="../543/8312543.xml">boom</link></medium></it><it><album wordnetid="106591815" confidence="0.9508927676800064"><link ns0:type="simple" ns0:href="../985/3341985.xml">trawlerman song ep</link></album></it><it><album wordnetid="106591815" confidence="0.9508927676800064"><link ns0:type="simple" ns0:href="../472/3088472.xml">radio session</link></album></it><it><medium wordnetid="106254669" confidence="0.9508927676800064"><link ns0:type="simple" ns0:href="../216/13322216.xml">true love will fade</link></medium></it><it><medium wordnetid="106254669" confidence="0.9508927676800064"><link ns0:type="simple" ns0:href="../786/13323786.xml">punish monkey</link></medium></it></col></row><row style="height:2px" /><row><col style=";background: #EEEEEE;;" class="navbox-group">soundtrack</col><col style="text-align:left;border-left:2px solid #fdfdfd;width:100%;padding:0px;;;" class="navbox-list navbox-odd"><it><album wordnetid="106591815" confidence="0.9508927676800064"><link ns0:type="simple" ns0:href="../024/3564024.xml">local hero</link></album></it><it><album wordnetid="106591815" confidence="0.9508927676800064"><link ns0:type="simple" ns0:href="../184/15105184.xml">cal</link></album></it><it><link ns0:type="simple" ns0:href="../743/13374743.xml">comfort joy</link></it><it><album wordnetid="106591815" confidence="0.9508927676800064"><link ns0:type="simple" ns0:href="../153/31153.xml#xpointer(//*[./st=%22Soundtrack%22])">princess bride</link></album></it><it><book wordnetid="106410904" confidence="0.9508927676800064"><movie wordnetid="106613686" confidence="0.9508927676800064"><link ns0:type="simple" ns0:href="../002/1792002.xml">exit brooklyn</link></movie></book></it><it><album wordnetid="106591815" confidence="0.9508927676800064"><link ns0:type="simple" ns0:href="../532/9911532.xml">screenplay</link></album></it><it><album wordnetid="106591815" confidence="0.9508927676800064"><link ns0:type="simple" ns0:href="../255/15102255.xml">metroland</link></album></it><it><movie wordnetid="106613686" confidence="0.9508927676800064"><link ns0:type="simple" ns0:href="../999/92999.xml">wag dog</link></movie></it><it><album wordnetid="106591815" confidence="0.9508927676800064"><link ns0:type="simple" ns0:href="../760/8083760.xml">shot glori</link></album></it></col></row><row style="height:2px" /><row><col style=";background: #EEEEEE;;" class="navbox-group">collabor</col><col style="text-align:left;border-left:2px solid #fdfdfd;width:100%;padding:0px;;;" class="navbox-list navbox-even"><it><link ns0:type="simple" ns0:href="../513/9729513.xml">neck neck chet atkin</link></it><it><album wordnetid="106591815" confidence="0.9508927676800064"><link ns0:type="simple" ns0:href="../559/4901559.xml">roadrun emmyl harri</link></album></it><it><album wordnetid="106591815" confidence="0.9508927676800064"><link ns0:type="simple" ns0:href="../416/7789416.xml">real live roadrun emmyl harri</link></album></it></col></row><row style="height:2px" /><row><col style=";background: #EEEEEE;;" class="navbox-group">videographi</col><col style="text-align:left;border-left:2px solid #fdfdfd;width:100%;padding:0px;;;" class="navbox-list navbox-odd"><it><music wordnetid="107020895" confidence="0.9508927676800064"><link ns0:type="simple" ns0:href="../055/13505055.xml">night london</link></music></it><it><album wordnetid="106591815" confidence="0.9508927676800064"><link ns0:type="simple" ns0:href="../416/7789416.xml">real live roadrun emmyl harri</link></album></it></col></row><row style="height:2px" /><row><col style=";background: #EEEEEE;;" class="navbox-group">articl</col><col style="text-align:left;border-left:2px solid #fdfdfd;width:100%;padding:0px;;;" class="navbox-list navbox-even"><link ns0:type="simple" ns0:href="../898/172898.xml">dire strait</link><group wordnetid="100031264" confidence="0.8"><link ns0:type="simple" ns0:href="../032/10457032.xml">not hillbilli</link></group></col></row></table></col></row></table></p><p><table style=";" class="navbox" cellspacing="0"><row><col style="padding:2px;"><table style="width:100%;background:transparent;color:inherit;;" class="nowraplinks collapsible autocollapse " cellspacing="0"><row><header colspan="2" style=";background:  b0c4de;" class="navbox-title"><link ns0:type="simple" ns0:href="../898/172898.xml">dire strait</link></header></row><row style="height:2px;" /><row><col colspan="2" style=";background: #EEEEEE;" class="navbox-abovebelow"><b><person wordnetid="100007846" confidence="0.9508927676800064"><artist wordnetid="109812338" confidence="0.9508927676800064"><link ns0:type="simple" ns0:href="../158/199158.xml">mark knopfler</link></artist></person></b><b><artist wordnetid="109812338" confidence="0.9508927676800064"><link ns0:type="simple" ns0:href="../773/3365773.xml">john illsley</link></artist></b><musician wordnetid="110340312" confidence="0.9173553029164789"><artist wordnetid="109812338" confidence="0.9508927676800064"><link ns0:type="simple" ns0:href="../719/4466719.xml">alan clark</link></artist></musician><manufacturer wordnetid="110292316" confidence="0.9173553029164789"><musician wordnetid="110340312" confidence="0.9173553029164789"><artist wordnetid="109812338" confidence="0.9508927676800064"><link ns0:type="simple" ns0:href="../914/3365914.xml">guy fletcher</link></artist></musician></manufacturer><musician wordnetid="110340312" confidence="0.9173553029164789"><artist wordnetid="109812338" confidence="0.9508927676800064"><link ns0:type="simple" ns0:href="../533/597533.xml">david knopfler</link></artist></musician><artist wordnetid="109812338" confidence="0.9508927676800064"><link ns0:type="simple" ns0:href="../104/2834104.xml">pick wither</link></artist><physical_entity wordnetid="100001930" confidence="0.8"><composer wordnetid="109947232" confidence="0.8"><person wordnetid="100007846" confidence="0.8"><guitarist wordnetid="110151760" confidence="0.8"><performer wordnetid="110415638" confidence="0.8"><musician wordnetid="110340312" confidence="0.8"><musician wordnetid="110339966" confidence="0.8"><causal_agent wordnetid="100007347" confidence="0.8"><artist wordnetid="109812338" confidence="0.8"><entertainer wordnetid="109616922" confidence="0.8"><creator wordnetid="109614315" confidence="0.8"><link ns0:type="simple" ns0:href="../555/4933555.xml">hal lind</link></creator></entertainer></artist></causal_agent></musician></musician></performer></guitarist></person></composer></physical_entity><physical_entity wordnetid="100001930" confidence="0.8"><person wordnetid="100007846" confidence="0.8"><drummer wordnetid="110036929" confidence="0.8"><performer wordnetid="110415638" confidence="0.8"><musician wordnetid="110340312" confidence="0.8"><causal_agent wordnetid="100007347" confidence="0.8"><entertainer wordnetid="109616922" confidence="0.8"><percussionist wordnetid="110415037" confidence="0.8"><link ns0:type="simple" ns0:href="../417/3530417.xml">terri william</link></percussionist></entertainer></causal_agent></musician></performer></drummer></person></physical_entity><musician wordnetid="110340312" confidence="0.9173553029164789"><artist wordnetid="109812338" confidence="0.9508927676800064"><link ns0:type="simple" ns0:href="../770/9903770.xml">jack sonni</link></artist></musician></col></row><row style="height:2px;" /><row><col style=";background: #EEEEEE;;" class="navbox-group">studio album</col><col style="text-align:left;border-left:2px solid #fdfdfd;width:100%;padding:0px;;;" class="navbox-list navbox-odd"><it><album wordnetid="106591815" confidence="0.9508927676800064"><link ns0:type="simple" ns0:href="../229/211229.xml">dire strait</link></album></it><it><link>communiqu</link></it><it><album wordnetid="106591815" confidence="0.9508927676800064"><link ns0:type="simple" ns0:href="../988/228988.xml">make movi</link></album></it><it><album wordnetid="106591815" confidence="0.9508927676800064"><link ns0:type="simple" ns0:href="../119/363119.xml">love gold</link></album></it><it><album wordnetid="106591815" confidence="0.9508927676800064"><link ns0:type="simple" ns0:href="../985/228985.xml">brother arm</link></album></it><it><album wordnetid="106591815" confidence="0.9508927676800064"><link ns0:type="simple" ns0:href="../989/228989.xml">street</link></album></it></col></row><row style="height:2px" /><row><col style=";background: #EEEEEE;;" class="navbox-group">live album</col><col style="text-align:left;border-left:2px solid #fdfdfd;width:100%;padding:0px;;;" class="navbox-list navbox-even"><it><album wordnetid="106591815" confidence="0.9508927676800064"><link ns0:type="simple" ns0:href="../559/3530559.xml">night</link></album></it><it><album wordnetid="106591815" confidence="0.9508927676800064"><link ns0:type="simple" ns0:href="../572/4807572.xml">live bbc</link></album></it></col></row><row style="height:2px" /><row><col style=";background: #EEEEEE;;" class="navbox-group">compil</col><col style="text-align:left;border-left:2px solid #fdfdfd;width:100%;padding:0px;;;" class="navbox-list navbox-odd"><it><album wordnetid="106591815" confidence="0.9508927676800064"><link ns0:type="simple" ns0:href="../879/5353879.xml">money</link></album></it><it /></col></row><row style="height:2px" /><row><col style=";background: #EEEEEE;;" class="navbox-group">ep</col><col style="text-align:left;border-left:2px solid #fdfdfd;width:100%;padding:0px;;;" class="navbox-list navbox-even"><it><album wordnetid="106591815" confidence="0.9508927676800064"><link ns0:type="simple" ns0:href="../788/2252788.xml">extendedanceplay</link></album></it><it><link ns0:type="simple" ns0:href="../399/9604399.xml">encor</link></it></col></row><row style="height:2px" /><row><col style=";background: #EEEEEE;;" class="navbox-group">singl</col><col style="text-align:left;border-left:2px solid #fdfdfd;width:100%;padding:0px;;;" class="navbox-list navbox-odd"><medium wordnetid="106254669" confidence="0.9508927676800064"><link ns0:type="simple" ns0:href="../399/290399.xml">sultan swing</link></medium><medium wordnetid="106254669" confidence="0.9508927676800064"><link ns0:type="simple" ns0:href="../066/6410066.xml">ladi writer</link></medium><link ns0:type="simple" ns0:href="../691/5164691.xml">romeo juliet</link><medium wordnetid="106254669" confidence="0.9508927676800064"><link ns0:type="simple" ns0:href="../860/6409860.xml">skateaway</link></medium><medium wordnetid="106254669" confidence="0.9508927676800064"><link ns0:type="simple" ns0:href="../600/9364600.xml">tunnel love</link></medium><music wordnetid="107020895" confidence="0.8"><song wordnetid="107048000" confidence="0.8"><auditory_communication wordnetid="107109019" confidence="0.8"><musical_composition wordnetid="107037465" confidence="0.8"><link ns0:type="simple" ns0:href="../190/6129190.xml">privat investig</link></musical_composition></auditory_communication></song></music><link ns0:type="simple" ns0:href="../788/2252788.xml">twist pool</link><medium wordnetid="106254669" confidence="0.9508927676800064"><link ns0:type="simple" ns0:href="../314/6409314.xml" /></medium><medium wordnetid="106254669" confidence="0.9508927676800064"><link ns0:type="simple" ns0:href="../455/1614455.xml">money</link></medium><music wordnetid="107020895" confidence="0.8"><song wordnetid="107048000" confidence="0.8"><auditory_communication wordnetid="107109019" confidence="0.8"><musical_composition wordnetid="107037465" confidence="0.8"><link ns0:type="simple" ns0:href="../511/5622511.xml">brother arm</link></musical_composition></auditory_communication></song></music><medium wordnetid="106254669" confidence="0.9508927676800064"><link ns0:type="simple" ns0:href="../120/5229120.xml">walk life</link></medium><medium wordnetid="106254669" confidence="0.9508927676800064"><link ns0:type="simple" ns0:href="../251/6409251.xml">latest trick</link></medium><music wordnetid="107020895" confidence="0.8"><message wordnetid="106598915" confidence="0.8"><song wordnetid="107048000" confidence="0.8"><auditory_communication wordnetid="107109019" confidence="0.8"><approval wordnetid="106686736" confidence="0.8"><tribute wordnetid="106697195" confidence="0.8"><musical_composition wordnetid="107037465" confidence="0.8"><link ns0:type="simple" ns0:href="../089/2834089.xml">call elvi</link></musical_composition></tribute></approval></auditory_communication></song></message></music><medium wordnetid="106254669" confidence="0.9508927676800064"><link ns0:type="simple" ns0:href="../974/8015974.xml">heavi fuel</link></medium><medium wordnetid="106254669" confidence="0.9508927676800064"><link ns0:type="simple" ns0:href="../858/13143858.xml">street</link></medium><medium wordnetid="106254669" confidence="0.9508927676800064"><link ns0:type="simple" ns0:href="../741/13152741.xml">bug</link></medium></col></row><row style="height:2px" /><row><col style=";background: #EEEEEE;;" class="navbox-group">articl</col><col style="text-align:left;border-left:2px solid #fdfdfd;width:100%;padding:0px;;;" class="navbox-list navbox-even"><artifact wordnetid="100021939" confidence="0.8"><instrumentality wordnetid="103575240" confidence="0.8"><album wordnetid="106591815" confidence="0.8"><medium wordnetid="106254669" confidence="0.8"><link ns0:type="simple" ns0:href="../669/17674669.xml">discographi</link></medium></album></instrumentality></artifact><saxophonist wordnetid="110554243" confidence="0.9173553029164789"><person wordnetid="100007846" confidence="0.9508927676800064"><musician wordnetid="110340312" confidence="0.9173553029164789"><link ns0:type="simple" ns0:href="../263/683263.xml">michael brecker</link></musician></person></saxophonist><group wordnetid="100031264" confidence="0.8"><link ns0:type="simple" ns0:href="../032/10457032.xml">not hillbilli</link></group></col></row></table></col></row></table></p></sec></bdy></group></article>