<article xmlns:ns0="http://www.w3.org/1999/xlink"><header><title>encebollado</title><id /><revision><id /><timestamp>tz</timestamp><contributor><username>mairi</username><id /></contributor></revision><categories><category>ecuadorian cuisin</category></categories></header><bdy><b>encebollado</b>popular dish<country wordnetid="108544813" confidence="0.9508927676800064"><link ns0:type="simple" ns0:href="../334/9334.xml">ecuador</link></country>origin coast popular countri restaur featur region cuisin type soup albacora type tuna<link ns0:type="simple" ns0:href="../465/56465.xml">yuca</link>tomato onion gener sprinkl lemon juic coast restaur call picantera<sec><st>encebollado histori</st><p><link>rodolfo prez pimentel</link>nativ america prepar dish boil roast fish salt origin encebollado began centuri seamen jorg juan antonio de ulloa attend meal host govern offici version encebollado serv men start spread dish rest ingredi</p></sec><sec><st>trivia</st><p>lot peopl eat<link ns0:type="simple" ns0:href="../614/10464614.xml">encebollado</link>resist hangov</p></sec><sec><st>ingredi</st><p><list><entry level="1" type="bullet">lb<link ns0:type="simple" ns0:href="../465/56465.xml">yuca</link></entry><entry level="1" type="bullet">tb oliv oil</entry><entry level="1" type="bullet">white onion dice</entry><entry level="1" type="bullet">plum<link ns0:type="simple" ns0:href="../234/9940234.xml">tomato</link>dice</entry><entry level="1" type="bullet">clove garlic fine</entry><entry level="1" type="bullet">ga fish stock</entry><entry level="1" type="bullet">lb<link ns0:type="simple" ns0:href="../211/46211.xml">tuna</link>cut piec</entry><entry level="1" type="bullet">sprig parsley coars</entry><entry level="1" type="bullet">bn<link ns0:type="simple" ns0:href="../640/341640.xml">cilantro</link></entry><entry level="1" type="bullet">red onion thinli slice</entry><entry level="1" type="bullet">lime</entry></list></p></sec><sec><st>cook</st><p>yuca larg stockpot add water cover bring boil simmer min heat oil separ pan add onion tomato oil cook min decreas heat low add fish stock simmer minut add tuna yuca broth cook minut add parsley<link ns0:type="simple" ns0:href="../640/341640.xml">cilantro</link>season tast salt pepper float red onion slice surfac bowl soup squeez lime juic onion sprinkl corn nut onion tomato serv remain lime wedg side</p></sec><sec><st>refer</st><p><weblink ns0:type="simple" ns0:href="http://www.gastronomiaperu.com/noticias/detalles.php?d=2534">el encebollado plato evolucion con lo marinero espaol de antao</weblink></p></sec></bdy></article>