<article xmlns:ns0="http://www.w3.org/1999/xlink"><entity confidence="0.9511911446218017" wordnetid="100001740"><actor confidence="0.9508927676800064" wordnetid="109765278"><header><title>ehra madrig</title><id /><revision><id /><timestamp>tz</timestamp><contributor><username>rjwilmsi</username><id /></contributor></revision><categories><category>filipino roman cathol</category><category>peopl mix asianeuropean ethnic</category><category>live peopl</category><category>peopl quezon citi</category><category>birth</category><category>visayan peopl</category><category>filipino film actor</category><category>filipino spanish descent</category><category>filipino actor</category><category>gma network</category><category>filipino child actor</category></categories></header><bdy><template><name>infobox actor</name><parameters><image width="150px" src=""><caption>ehra pose<magazine wordnetid="106595351" confidence="0.9508927676800064"><link ns0:type="simple" ns0:href="../052/263052.xml">fhm</link></magazine></caption></image><height /><website>httpwwwigmatvprofileehramadrig</website><location><village wordnetid="108672738" confidence="0.9508927676800064"><link ns0:type="simple" ns0:href="../223/284223.xml">quezon citi</link></village><country wordnetid="108544813" confidence="0.9508927676800064"><link ns0:type="simple" ns0:href="../440/23440.xml">philippin</link></country></location><name>ehra madrig</name><birthdate>june age</birthdate><imagesize>px</imagesize><notable_role>brigitt<series wordnetid="108457976" confidence="0.9508927676800064"><link ns0:type="simple" ns0:href="../520/10577520.xml">lupin</link></series></notable_role><othername>geralyn gaspar erha madrig</othername><birthname>geralyn madrig gaspar</birthname></parameters></template><p>geralyn madrig gaspar better<link ns0:type="simple" ns0:href="../296/81296.xml">screen</link>ehra madrig born<link ns0:type="simple" ns0:href="../799/15799.xml">june</link><link ns0:type="simple" ns0:href="../846/34846.xml" /><village wordnetid="108672738" confidence="0.9508927676800064"><link ns0:type="simple" ns0:href="../223/284223.xml">quezon citi</link></village><country wordnetid="108544813" confidence="0.9508927676800064"><link ns0:type="simple" ns0:href="../440/23440.xml">philippin</link></country><ethnic_group wordnetid="107967382" confidence="0.9508927676800064"><link ns0:type="simple" ns0:href="../105/2298105.xml">filipina</link></ethnic_group><link ns0:type="simple" ns0:href="../753/753.xml">actress</link></p><sec><st>life career</st><p>ehra talent<physical_entity wordnetid="100001930" confidence="0.8"><person wordnetid="100007846" confidence="0.8"><performer wordnetid="110415638" confidence="0.8"><causal_agent wordnetid="100007347" confidence="0.8"><actor wordnetid="109765278" confidence="0.8"><entertainer wordnetid="109616922" confidence="0.8"><link ns0:type="simple" ns0:href="../613/3086613.xml">annabel rama</link></entertainer></actor></causal_agent></performer></person></physical_entity>contract artist<company wordnetid="108058098" confidence="0.9508927676800064"><link ns0:type="simple" ns0:href="../623/2198623.xml">gma network</link></company>high school graduat<private_school wordnetid="108411170" confidence="0.9508927676800064"><link ns0:type="simple" ns0:href="../710/11761710.xml">st mari colleg quezon citi</link></private_school>eldest sister fellow actress<actor wordnetid="109765278" confidence="0.9508927676800064"><link ns0:type="simple" ns0:href="../683/11031683.xml">michel madrig</link></actor>daughter actress<link>karla kalua</link>real katherin ann madrig younger sister michel mother distant rel affluent<ethnic_group wordnetid="107967382" confidence="0.9508927676800064"><link ns0:type="simple" ns0:href="../977/3439977.xml">spanish</link></ethnic_group><link ns0:type="simple" ns0:href="../721/360721.xml">visayan</link>famili<link>madrig famili</link>teenyboop day lead ladi statu gma primetim<series wordnetid="108457976" confidence="0.9508927676800064"><link ns0:type="simple" ns0:href="../520/10577520.xml">lupin</link></series><series wordnetid="108457976" confidence="0.9508927676800064"><link ns0:type="simple" ns0:href="../681/11239681.xml">kamandag</link></series>tanduay calendar girl model year<actor wordnetid="109765278" confidence="0.9508927676800064"><link ns0:type="simple" ns0:href="../289/5870289.xml">katrina halili</link></actor>ehra time<weblink ns0:type="simple" ns0:href="http://www.fhm.com.ph/fhm-babes/profile/639/ehra-madrigal">fhm philippin</weblink>covergirl septemb june sister michel time fhm covergirl month ehra issu talent gma network appear movi bestfriend girlfriend richard gutierrez marian rivera</p><p>interview<weblink ns0:type="simple" ns0:href="http://supreme.ph">philippin star suprem</weblink>ehra reveal love cook</p><p>specialti ni michel beef caldereta ako gusto kong niluluto yung mga sinigang nilaga kaya salmon binibak ko siya nilalagyan ko ng oliv oil basil mga healthyhealthi food michel specialti beef caldereta cook sinigang nilaga salmon bake oliv oli basil healthi food<ref ns0:type="simple" ns0:href="#xpointer(//reflist/entry[@id=%221%22])" /></p><ss1><st>filmographi</st></ss1></sec><sec><st>televis</st><p><table style="margin: 1em 1em 1em 0; background: #f9f9f9; border: 1px #aaa solid; border-collapse: collapse; font-size: 95%;" cellpadding="4" border="2" cellspacing="0"><row align="center" bgcolor="#CCCCCC"><col>year</col><col>titl</col><col>role</col></row><row><col /><col><series wordnetid="108457976" confidence="0.9508927676800064"><link ns0:type="simple" ns0:href="../713/10777713.xml">sine novela</link></series><series wordnetid="108457976" confidence="0.9508927676800064"><link ns0:type="simple" ns0:href="../035/16447035.xml">ang pinakamagandang hayop sa balat ng lupa</link></series></col><col>isabel</col></row><row><col /><col /><col>dayz tagimoro</col></row><row><col /><col><series wordnetid="108457976" confidence="0.9508927676800064"><link ns0:type="simple" ns0:href="../681/11239681.xml">kamandag</link></series></col><col>dita</col></row><row><col /><col><link>nut entertain</link></col><col /></row><row><col /><col><series wordnetid="108457976" confidence="0.9508927676800064"><link ns0:type="simple" ns0:href="../520/10577520.xml">lupin</link></series></col><col>brigitt</col></row><row><col /><col><link ns0:type="simple" ns0:href="../916/2689916.xml">score</link></col><col /></row><row><col /><col><series wordnetid="108457976" confidence="0.9508927676800064"><link ns0:type="simple" ns0:href="../964/4170964.xml">majika</link></series></col><col>vynah</col></row><row><col /><col><link>sop gigster</link></col><col /></row><row><col /><col><series wordnetid="108457976" confidence="0.9508927676800064"><link ns0:type="simple" ns0:href="../962/15865962.xml">kung mamahalin mo lang ako</link></series></col><col>vanessa</col></row><row><col /><col><series wordnetid="108457976" confidence="0.9508927676800064"><link ns0:type="simple" ns0:href="../986/1869986.xml">encantadia</link></series></col><col>gigi</col></row><row><col /><col><series wordnetid="108457976" confidence="0.9508927676800064"><link ns0:type="simple" ns0:href="../603/2250603.xml">mulawin</link></series></col><col>dalagind taguba</col></row></table></p></sec><sec><st>moviesfilm</st><p><table style="margin: 1em 1em 1em 0; background: #f9f9f9; border: 1px #aaa solid; border-collapse: collapse; font-size: 95%;" cellpadding="4" border="2" cellspacing="0"><row align="center" bgcolor="#CCCCCC"><col>year</col><col>titl</col><col>role</col></row><row><col /><col><album wordnetid="106591815" confidence="0.9508927676800064"><movie wordnetid="106613686" confidence="0.9508927676800064"><link ns0:type="simple" ns0:href="../334/1709334.xml">love</link></movie></album></col><col>bri damir</col></row><row><col /><col><movie wordnetid="106613686" confidence="0.9508927676800064"><link ns0:type="simple" ns0:href="../880/14336880.xml">best friend girlfriend</link></movie><ref ns0:type="simple" ns0:href="#xpointer(//reflist/entry[@id=%222%22])" /></col><col>akiko</col></row><row><col /><col><link>enteng kabisot</link></col><col>amazona</col></row><row><col /><col><movie wordnetid="106613686" confidence="0.9508927676800064"><link ns0:type="simple" ns0:href="../723/8589723.xml">shake rattl roll</link></movie></col></row><row><col /><col><medium wordnetid="106254669" confidence="0.9508927676800064"><link ns0:type="simple" ns0:href="../726/1815726.xml">will love</link></medium></col><col>mitch</col></row><row><col /><col><link>enteng kabisot</link></col></row></table></p></sec><sec><st>refer</st><p><reflist><entry id="1"><weblink ns0:type="simple" ns0:href="http://supreme.ph/2008/08/04/sibling-revelry/">michel an ehra madrig sibl revelri</weblink><weblink ns0:type="simple" ns0:href="http://supreme.ph">philippin star suprem</weblink></entry><entry id="2"><weblink ns0:type="simple" ns0:href="http://www.pep.ph/news/15434/FIRST-READ-ON-PEP:-Richard-Gutierrez-and-Marian-Rivera-to-star-in-a-Valentine-movie">read pep richard gutierrez marian rivera star valentin movi</weblink>philippin entertain portal retriev<link /></entry></reflist></p></sec><sec><st>extern link</st><p><list><entry level="1" type="bullet"><weblink ns0:type="simple" ns0:href="http://www.ehraisms.multiply.com">ehra madrig offici site</weblink></entry><entry level="1" type="bullet"><weblink ns0:type="simple" ns0:href="http://www.imdb.com/name/nm1905788/">ehra madrig</weblink><web_site wordnetid="106359193" confidence="0.9508927676800064"><link ns0:type="simple" ns0:href="../554/2855554.xml">internet movi databas</link></web_site></entry><entry level="1" type="bullet"><weblink ns0:type="simple" ns0:href="http://www.fhm.com.ph/fhm-babes/profile/639/ehra-madrigal">ehra madrig fhm profil</weblink><weblink ns0:type="simple" ns0:href="http://www.fhm.com.ph/">fhm</weblink></entry><entry level="1" type="bullet"><weblink ns0:type="simple" ns0:href="http://supreme.ph/2008/08/04/sibling-revelry/">michel ehra madrig</weblink><weblink ns0:type="simple" ns0:href="http://supreme.ph">philippin star suprem</weblink></entry><entry level="1" type="bullet"><weblink ns0:type="simple" ns0:href="http://www.ehramadrigalcollections.tk">ehra madrig collect</weblink></entry></list></p></sec></bdy></actor></entity></article>