<article xmlns:ns0="http://www.w3.org/1999/xlink"><school confidence="0.9511911446218017" wordnetid="108276720"><entity confidence="0.9511911446218017" wordnetid="100001740"><education confidence="0.9508927676800064" wordnetid="100883297"><header><title>cedar valley middl school</title><id /><revision><id /><timestamp>tz</timestamp><contributor><username>bart</username><id /></contributor></revision><categories><category>middl school texa</category><category>round rock independ school district</category><category>williamson counti texa</category><category>articl need addit refer novemb</category></categories></header><bdy><template><name>infobox educ unit</name><parameters><image width="150px" src="" /><mascot>jaguar</mascot><phone /><schoolnumber /><state><physical_entity wordnetid="100001930" confidence="0.8"><causal_agent wordnetid="100007347" confidence="0.8"><link ns0:type="simple" ns0:href="../810/29810.xml">texa</link></causal_agent></physical_entity></state><areacode /><schooltype>middl school</schooltype><city><county wordnetid="108546183" confidence="0.9508927676800064"><link ns0:type="simple" ns0:href="../404/91404.xml">williamson counti</link></county><village wordnetid="108672738" confidence="0.9508927676800064"><link ns0:type="simple" ns0:href="../998/1998.xml">austin</link></village></city><founded /><enrollment_as_of /><area>round rock texa</area><principal>jane miller</principal><name>cedar valley middl school</name><enrollment><ref ns0:type="simple" ns0:href="#xpointer(//reflist/entry[@id=%221%22])" /></enrollment><fax /><colors>purpl black</colors><zipcode /><url><weblink ns0:type="simple" ns0:href="http://schools.roundrockisd.org/cedarvalley">cedar valley middl school</weblink></url><streetaddress>racin trail</streetaddress><language>english spanish french elect languag</language><motto>learn prioriti student</motto><grades /></parameters></template><p><b>cedar valley middl school</b>cevm<link ns0:type="simple" ns0:href="../954/234954.xml">middl school</link>locat unincorpor<county wordnetid="108546183" confidence="0.9508927676800064"><link ns0:type="simple" ns0:href="../404/91404.xml">williamson counti</link></county><physical_entity wordnetid="100001930" confidence="0.8"><causal_agent wordnetid="100007347" confidence="0.8"><link ns0:type="simple" ns0:href="../810/29810.xml">texa</link></causal_agent></physical_entity><link ns0:type="simple" ns0:href="../442/1997442.xml">round rock independ school district</link>subsidiari<link ns0:type="simple" ns0:href="../232/11749232.xml">elementari school</link></p><p><list><entry level="1" type="bullet">great oak elementari school</entry><entry level="1" type="bullet">brushi creek elementari school</entry><entry level="1" type="bullet">town elementari school</entry><entry level="1" type="bullet">cactu ranch elementari school</entry></list></p><p><school wordnetid="108276720" confidence="0.9508927676800064"><link ns0:type="simple" ns0:href="../217/7221217.xml">mcneil</link></school><school wordnetid="108276720" confidence="0.9508927676800064"><link ns0:type="simple" ns0:href="../296/4608296.xml">round rock</link></school>high school start fall open middl school will feed<school wordnetid="108276720" confidence="0.9508927676800064"><link ns0:type="simple" ns0:href="../217/7221217.xml">mcneil</link></school></p><sec><st>attend</st><p><table class="metadata plainlinks ambox "><row><col>amboxcont style</col></row><row><col class="mbox-image"><p><image width="50px" src="Question_book-new.svg" /></p></col><col style="" class="mbox-text"><b>addit</b>help<weblink ns0:type="simple" ns0:href="http://localhost:18088/wiki/index.php?title=Cedar_Valley_Middle_School action=edit">improv articl</weblink>ad unsourc materi remov<it>novemb</it></col></row></table>cedar valley middl school current student<ref ns0:type="simple" ns0:href="#xpointer(//reflist/entry[@id=%221%22])" />grade origin built maximum student floorplan deerpark middl school close school compens larg popul creat larger classroom size extra work teacher administr disciplinari problem occur campu look way school parent teacher student middl school burst seam</p></sec><sec><st>academ</st><p><table class="metadata plainlinks ambox "><row><col>amboxcont style</col></row><row><col class="mbox-image"><p><image width="50px" src="Question_book-new.svg" /></p></col><col style="" class="mbox-text"><b>addit</b>help<weblink ns0:type="simple" ns0:href="http://localhost:18088/wiki/index.php?title=Cedar_Valley_Middle_School action=edit">improv articl</weblink>ad unsourc materi remov<it>novemb</it></col></row></table>despit vast number student attend cedar valley middl school student rank exemplari campu tak test score cedar valley middl school highest score middl school austin area current cedar valley recogn campu</p></sec><sec><st>sport</st><p><b>footbal</b>grade district championship grade district championship<b>volleybal</b>grade team district championship</p></sec><sec><st>extern link</st><p><list><entry level="1" type="bullet"><weblink ns0:type="simple" ns0:href="http://schools.roundrockisd.org/cedarvalley">cedar valley web site</weblink></entry><entry level="1" type="bullet"><weblink ns0:type="simple" ns0:href="http://www.roundrockisd.org/home/index.asp?page=344">cedar valley middl school round rock isd websit</weblink></entry><entry level="1" type="bullet"><weblink ns0:type="simple" ns0:href="http://www.roundrockisd.org/">district homepag</weblink></entry></list></p><p><list><entry level="1" type="bullet">cedar valley middl school coordin<weblink ns0:type="simple" ns0:href="http://stable.toolserver.org/geohack/geohack.php?pagename=Cedar_Valley_Middle_School params=30.4922_N_-97.7339_E_type:landmark_region:US title=Cedar+Valley+Middle+School">xfeff cedar valley middl school</weblink><link ns0:type="simple" ns0:href="../361/48361.xml">coordin</link><weblink ns0:type="simple" ns0:href="http://stable.toolserver.org/geohack/geohack.php?pagename=Cedar_Valley_Middle_School params=30.4922_N_-97.7339_E_type:landmark_region:US title=Cedar+Valley+Middle+School">xfeff cedar valley middl school</weblink></entry></list></p></sec><sec><st>refer</st><p><reflist><entry id="1"><weblink ns0:type="simple" ns0:href="http://www.roundrockisd.org/docs/10-16-7.pdf">enrol report octob</weblink>pdf retriev<link /></entry></reflist></p><p><table style=";" class="navbox" cellspacing="0"><row><col style="padding:2px;"><table style="width:100%;background:transparent;color:inherit;;" class="nowraplinks collapsible autocollapse " cellspacing="0"><row><header colspan="2" style=";" class="navbox-title"><link ns0:type="simple" ns0:href="../442/1997442.xml">round rock isd</link></header></row><row style="height:2px;" /><row><col style=";;" class="navbox-group"><link ns0:type="simple" ns0:href="../556/42556.xml">high school</link></col><col style="text-align:left;border-left:2px solid #fdfdfd;width:100%;padding:0px;;;" class="navbox-list navbox-odd"><p><link>cedar ridg</link><school wordnetid="108276720" confidence="0.9508927676800064"><link ns0:type="simple" ns0:href="../217/7221217.xml">mcneil</link></school><school wordnetid="108276720" confidence="0.9508927676800064"><link ns0:type="simple" ns0:href="../296/4608296.xml">round rock</link></school><school wordnetid="108276720" confidence="0.9508927676800064"><link ns0:type="simple" ns0:href="../349/9476349.xml">stoni point</link></school><school wordnetid="108276720" confidence="0.9508927676800064"><link ns0:type="simple" ns0:href="../999/1931999.xml">westwood</link></school></p></col></row><row style="height:2px" /><row><col style=";;" class="navbox-group"><link ns0:type="simple" ns0:href="../954/234954.xml">middl school</link></col><col style="text-align:left;border-left:2px solid #fdfdfd;width:100%;padding:0px;;;" class="navbox-list navbox-even"><p><education wordnetid="100883297" confidence="0.9508927676800064"><link ns0:type="simple" ns0:href="../241/1931241.xml">canyon vista</link></education><education wordnetid="100883297" confidence="0.9508927676800064"><link ns0:type="simple" ns0:href="../349/10491349.xml">cedar valley</link></education><link>cd fulk</link><education wordnetid="100883297" confidence="0.9508927676800064"><link ns0:type="simple" ns0:href="../472/15907472.xml">chisholm trail</link></education><education wordnetid="100883297" confidence="0.9508927676800064"><link ns0:type="simple" ns0:href="../733/13117733.xml">deerpark</link></education><education wordnetid="100883297" confidence="0.9508927676800064"><link ns0:type="simple" ns0:href="../509/10433509.xml">grisham</link></education><education wordnetid="100883297" confidence="0.9508927676800064"><link ns0:type="simple" ns0:href="../544/16151544.xml">hopewel</link></education><education wordnetid="100883297" confidence="0.9508927676800064"><link ns0:type="simple" ns0:href="../227/11167227.xml">ridgeview</link></education><education wordnetid="100883297" confidence="0.9508927676800064"><link ns0:type="simple" ns0:href="../444/16028444.xml">walsh</link></education></p></col></row><row style="height:2px" /><row><col style=";;" class="navbox-group"><link ns0:type="simple" ns0:href="../232/11749232.xml">elementari school</link></col><col style="text-align:left;border-left:2px solid #fdfdfd;width:100%;padding:0px;;;" class="navbox-list navbox-odd"><p>anderson mill berkman blackland prairi bluebonnet brushi creek cactu ranch caldwel height callison canyon creek caraway deepwood doubl file trail<education wordnetid="100883297" confidence="0.9508927676800064"><link ns0:type="simple" ns0:href="../533/14290533.xml">fern bluff</link></education>forest creek forest north gatti great oak jollyvil<education wordnetid="100883297" confidence="0.9508927676800064"><link ns0:type="simple" ns0:href="../303/2440303.xml">laurel mountain</link></education>live oak<link ns0:type="simple" ns0:href="../442/1997442.xml">town</link>patsi sommer pond spring purpl sage robertson<education wordnetid="100883297" confidence="0.9508927676800064"><link ns0:type="simple" ns0:href="../349/7848349.xml">spicewood</link></education>teravista union hill voigt well branch</p></col></row><row style="height:2px" /><row><col style=";;" class="navbox-group">altern school</col><col style="text-align:left;border-left:2px solid #fdfdfd;width:100%;padding:0px;;;" class="navbox-list navbox-even"><p>secondari<link>rroc</link>success east success west primari elementari daep</p></col></row></table></col></row></table></p></sec></bdy></education></entity></school></article>