<article xmlns:ns0="http://www.w3.org/1999/xlink"><header><title>stochast game</title><id /><revision><id /><timestamp>tz</timestamp><contributor><username>bot</username><id /></contributor></revision><categories><category>game theori</category></categories></header><bdy><link ns0:type="simple" ns0:href="../924/11924.xml">game theori</link><b>stochast game</b>dynam competit game<b>probabilist transit</b>play player game play sequenc stage stage game<b />player select action player receiv<b>payoff</b>depend current chosen action game move random distribut depend previou action chosen player procedur repeat play continu finit infinit number stage total payoff player discount sum stage payoff limit inferior averag stage payoff<p>finit number player action set set finit stochast game finit number stage nash equilibrium true game infinit stage total payoff discount sum vieill twoperson stochast game finit action space<equilibrium wordnetid="113934900" confidence="0.9508927676800064"><link ns0:type="simple" ns0:href="../112/10322112.xml">approxim nash equilibria</link></equilibrium>total payoff limit inferior averag stage payoff equilibria exist player challeng open question</p><p>stochast game applic econom evolutionari biolog gener<link ns0:type="simple" ns0:href="../089/3143089.xml">repeat game</link>correspond special case</p><p>stochast game invent lloyd shapley earli complet refer book articl edit neyman sorin elementari book filar vriez unifi rigor treatment theori<link ns0:type="simple" ns0:href="../883/1125883.xml">markov decis process</link>twoperson stochast game coin term competit mdp encompass player stochast game</p><sec><st>refer</st><p><list><entry level="1" type="bullet">ls shapley stochast game proc nat acad scienc</entry><entry level="1" type="bullet">condon complex stochast game comput</entry><entry level="1" type="bullet">filar vriez competit markov decis process springerverlag</entry><entry level="1" type="bullet">vieill stochast game handbook game theorypag elsevi scienc</entry><entry level="1" type="bullet">neyman sorin editor stochast game applic kluwer academ press</entry></list></p><p><table style=";" class="navbox" cellspacing="0"><row><col style="padding:2px;"><table style="width:100%;background:transparent;color:inherit;;" class="nowraplinks collapsible autocollapse " cellspacing="0"><row><header colspan="2" style=";" class="navbox-title">topic<link ns0:type="simple" ns0:href="../924/11924.xml">game theori</link></header></row><row style="height:2px;" /><row><col style=";;" class="navbox-group">definit</col><col style="text-align:left;border-left:2px solid #fdfdfd;width:100%;padding:0px;;;" class="navbox-list navbox-odd"><link ns0:type="simple" ns0:href="../612/1863612.xml">normalform game</link><link ns0:type="simple" ns0:href="../490/1602490.xml">extensiveform game</link><link ns0:type="simple" ns0:href="../958/657958.xml">cooper game</link><link ns0:type="simple" ns0:href="../970/1602970.xml">set</link><link ns0:type="simple" ns0:href="../162/170162.xml">prefer</link></col></row><row style="height:2px" /><row><col style=";;" class="navbox-group"><link ns0:type="simple" ns0:href="../572/227572.xml">equilibrium</link><link ns0:type="simple" ns0:href="../457/1601457.xml">concept</link></col><col style="text-align:left;border-left:2px solid #fdfdfd;width:100%;padding:0px;;;" class="navbox-list navbox-even"><equilibrium wordnetid="113934900" confidence="0.9508927676800064"><link ns0:type="simple" ns0:href="../337/45337.xml">nash equilibrium</link></equilibrium><equilibrium wordnetid="113934900" confidence="0.9508927676800064"><link ns0:type="simple" ns0:href="../902/6954902.xml">subgam perfect</link></equilibrium><link ns0:type="simple" ns0:href="../423/1863423.xml">bayesiannash</link><link ns0:type="simple" ns0:href="../423/1863423.xml">perfect bayesian</link><equilibrium wordnetid="113934900" confidence="0.9508927676800064"><link ns0:type="simple" ns0:href="../360/2863360.xml">trembl hand</link></equilibrium><equilibrium wordnetid="113934900" confidence="0.9508927676800064"><link ns0:type="simple" ns0:href="../223/10276223.xml">proper equilibrium</link></equilibrium><equilibrium wordnetid="113934900" confidence="0.9508927676800064"><link ns0:type="simple" ns0:href="../112/10322112.xml">epsilonequilibrium</link></equilibrium><equilibrium wordnetid="113934900" confidence="0.9508927676800064"><link ns0:type="simple" ns0:href="../108/3366108.xml">correl equilibrium</link></equilibrium><equilibrium wordnetid="113934900" confidence="0.9508927676800064"><link ns0:type="simple" ns0:href="../295/5348295.xml">sequenti equilibrium</link></equilibrium><equilibrium wordnetid="113934900" confidence="0.9508927676800064"><link ns0:type="simple" ns0:href="../452/5348452.xml">quasiperfect equilibrium</link></equilibrium><equilibrium wordnetid="113934900" confidence="0.9508927676800064"><link ns0:type="simple" ns0:href="../616/9616.xml">evolutionarili stabl strategi</link></equilibrium><equilibrium wordnetid="113934900" confidence="0.9508927676800064"><link ns0:type="simple" ns0:href="../690/9292690.xml">risk domin</link></equilibrium><standard wordnetid="107260623" confidence="0.8"><system_of_measurement wordnetid="113577171" confidence="0.8"><link ns0:type="simple" ns0:href="../468/45468.xml">pareto effici</link></system_of_measurement></standard></col></row><row style="height:2px" /><row><col style=";;" class="navbox-group"><link ns0:type="simple" ns0:href="../441/1434441.xml">strategi</link></col><col style="text-align:left;border-left:2px solid #fdfdfd;width:100%;padding:0px;;;" class="navbox-list navbox-odd"><link ns0:type="simple" ns0:href="../847/2352847.xml">domin strategi</link><link ns0:type="simple" ns0:href="../441/1434441.xml">pure strategi</link><link ns0:type="simple" ns0:href="../441/1434441.xml#xpointer(//*[./st=%22Mixed+strategy%22])">mix strategi</link><link ns0:type="simple" ns0:href="../800/267800.xml">tit tat</link><event wordnetid="100029378" confidence="0.8"><social_event wordnetid="107288639" confidence="0.8"><contest wordnetid="107456188" confidence="0.8"><game wordnetid="100456199" confidence="0.8"><psychological_feature wordnetid="100023100" confidence="0.8"><link ns0:type="simple" ns0:href="../758/1490758.xml">grim trigger</link></psychological_feature></game></contest></social_event></event><link ns0:type="simple" ns0:href="../557/162557.xml">collus</link><link ns0:type="simple" ns0:href="../912/2060912.xml">backward induct</link></col></row><row style="height:2px" /><row><col style=";;" class="navbox-group">class game</col><col style="text-align:left;border-left:2px solid #fdfdfd;width:100%;padding:0px;;;" class="navbox-list navbox-even"><link ns0:type="simple" ns0:href="../692/2710692.xml">symmetr game</link><link ns0:type="simple" ns0:href="../438/321438.xml">perfect</link><link ns0:type="simple" ns0:href="../863/2060863.xml">dynam game</link><link ns0:type="simple" ns0:href="../863/2060863.xml">sequenti game</link><link ns0:type="simple" ns0:href="../089/3143089.xml">repeat game</link><link ns0:type="simple" ns0:href="../967/1395967.xml">signal game</link><link ns0:type="simple" ns0:href="../257/1385257.xml">cheap talk</link><event wordnetid="100029378" confidence="0.8"><social_event wordnetid="107288639" confidence="0.8"><contest wordnetid="107456188" confidence="0.8"><game wordnetid="100456199" confidence="0.8"><psychological_feature wordnetid="100023100" confidence="0.8"><link ns0:type="simple" ns0:href="../417/34417.xml">zerosum game</link></psychological_feature></game></contest></social_event></event><link ns0:type="simple" ns0:href="../895/689895.xml">mechan design</link><link ns0:type="simple" ns0:href="../395/17237395.xml">bargain problem</link><link ns0:type="simple" ns0:href="../944/10500944.xml">stochast game</link><link ns0:type="simple" ns0:href="../093/11240093.xml">nontransit game</link><link ns0:type="simple" ns0:href="../101/12486101.xml">global game</link></col></row><row style="height:2px" /><row><col style=";;" class="navbox-group"><link ns0:type="simple" ns0:href="../009/2771009.xml">game</link></col><col style="text-align:left;border-left:2px solid #fdfdfd;width:100%;padding:0px;;;" class="navbox-list navbox-odd"><work wordnetid="100575741" confidence="0.8"><scientific_research wordnetid="100641820" confidence="0.8"><event wordnetid="100029378" confidence="0.8"><experiment wordnetid="100639556" confidence="0.8"><investigation wordnetid="100633864" confidence="0.8"><act wordnetid="100030358" confidence="0.8"><research wordnetid="100636921" confidence="0.8"><psychological_feature wordnetid="100023100" confidence="0.8"><activity wordnetid="100407535" confidence="0.8"><link ns0:type="simple" ns0:href="../717/43717.xml">prison dilemma</link></activity></psychological_feature></research></act></investigation></experiment></event></scientific_research></work><link ns0:type="simple" ns0:href="../559/11336559.xml">travel dilemma</link><link ns0:type="simple" ns0:href="../584/946584.xml">coordin game</link><link ns0:type="simple" ns0:href="../323/381323.xml">chicken</link><link ns0:type="simple" ns0:href="../776/11351776.xml">volunt dilemma</link><statement wordnetid="106722453" confidence="0.8"><message wordnetid="106598915" confidence="0.8"><contradiction wordnetid="107206887" confidence="0.8"><paradox wordnetid="106724559" confidence="0.8"><falsehood wordnetid="106756407" confidence="0.8"><link ns0:type="simple" ns0:href="../631/3183631.xml">dollar auction</link></falsehood></paradox></contradiction></message></statement><link ns0:type="simple" ns0:href="../497/1596497.xml">battl sex</link><link ns0:type="simple" ns0:href="../701/1563701.xml">stag hunt</link><link ns0:type="simple" ns0:href="../392/1369392.xml">match penni</link><link ns0:type="simple" ns0:href="../679/801679.xml">ultimatum game</link><link ns0:type="simple" ns0:href="../856/1710856.xml">minor game</link><event wordnetid="100029378" confidence="0.8"><social_event wordnetid="107288639" confidence="0.8"><contest wordnetid="107456188" confidence="0.8"><game wordnetid="100456199" confidence="0.8"><psychological_feature wordnetid="100023100" confidence="0.8"><link ns0:type="simple" ns0:href="../032/27032.xml">rockpaperscissor</link></psychological_feature></game></contest></social_event></event><link ns0:type="simple" ns0:href="../808/5399808.xml">pirat game</link><link ns0:type="simple" ns0:href="../970/1556970.xml">dictat game</link><link ns0:type="simple" ns0:href="../343/1882343.xml">public good game</link><link ns0:type="simple" ns0:href="../454/5745454.xml">blotto game</link><event wordnetid="100029378" confidence="0.8"><social_event wordnetid="107288639" confidence="0.8"><contest wordnetid="107456188" confidence="0.8"><game wordnetid="100456199" confidence="0.8"><psychological_feature wordnetid="100023100" confidence="0.8"><link ns0:type="simple" ns0:href="../531/3167531.xml">war attrit</link></psychological_feature></game></contest></social_event></event><link ns0:type="simple" ns0:href="../647/2067647.xml">el farol bar problem</link><link ns0:type="simple" ns0:href="../899/669899.xml">cake cut</link><physical_entity wordnetid="100001930" confidence="0.8"><person wordnetid="100007846" confidence="0.8"><model wordnetid="110324560" confidence="0.8"><assistant wordnetid="109815790" confidence="0.8"><worker wordnetid="109632518" confidence="0.8"><causal_agent wordnetid="100007347" confidence="0.8"><link ns0:type="simple" ns0:href="../119/1481119.xml">cournot game</link></causal_agent></worker></assistant></model></person></physical_entity><link ns0:type="simple" ns0:href="../391/2631391.xml">deadlock</link><link ns0:type="simple" ns0:href="../655/3138655.xml">diner dilemma</link><link ns0:type="simple" ns0:href="../630/2729630.xml">guess averag</link><link ns0:type="simple" ns0:href="../161/1199161.xml">kuhn poker</link><link ns0:type="simple" ns0:href="../388/1581388.xml">nash bargain game</link><link ns0:type="simple" ns0:href="../275/10530275.xml">screen game</link><link ns0:type="simple" ns0:href="../967/1395967.xml">signal game</link><link ns0:type="simple" ns0:href="../970/1556970.xml#xpointer(//*[./st=%22Trust+game%22])">trust game</link><link ns0:type="simple" ns0:href="../052/12249052.xml">princess monster game</link></col></row><row style="height:2px" /><row><col style=";;" class="navbox-group">theorem</col><col style="text-align:left;border-left:2px solid #fdfdfd;width:100%;padding:0px;;;" class="navbox-list navbox-even"><event wordnetid="100029378" confidence="0.8"><rule wordnetid="105846932" confidence="0.8"><act wordnetid="100030358" confidence="0.8"><psychological_feature wordnetid="100023100" confidence="0.8"><procedure wordnetid="101023820" confidence="0.8"><activity wordnetid="100407535" confidence="0.8"><algorithm wordnetid="105847438" confidence="0.8"><link ns0:type="simple" ns0:href="../589/19589.xml">minimax theorem</link></algorithm></activity></procedure></psychological_feature></act></rule></event><link ns0:type="simple" ns0:href="../452/4929452.xml">purif theorem</link><equilibrium wordnetid="113934900" confidence="0.9508927676800064"><link ns0:type="simple" ns0:href="../390/3013390.xml">folk theorem</link></equilibrium><link ns0:type="simple" ns0:href="../087/6394087.xml">revel principl</link><statement wordnetid="106722453" confidence="0.8"><message wordnetid="106598915" confidence="0.8"><information wordnetid="106634376" confidence="0.8"><electronic_database wordnetid="106588511" confidence="0.8"><lexical_database wordnetid="106638868" confidence="0.8"><theorem wordnetid="106752293" confidence="0.8"><wordnet wordnetid="106639428" confidence="0.8"><proposition wordnetid="106750804" confidence="0.8"><database wordnetid="106637824" confidence="0.8"><link ns0:type="simple" ns0:href="../425/89425.xml">arrow imposs theorem</link></database></proposition></wordnet></theorem></lexical_database></electronic_database></information></message></statement></col></row></table></col></row></table></p></sec></bdy></article>