<article xmlns:ns0="http://www.w3.org/1999/xlink"><header><title>list statutori rule northern ireland</title><id /><revision><id /><timestamp>tz</timestamp><contributor><username>david newton</username><id /></contributor></revision><categories><category>list statutori rule northern ireland</category></categories></header><bdy><table style="width:21em; border:2px solid navy; text-align:center; font-size:90%;" cellpadding="3" class="infobox"><row><col style="font-size:200%; padding:0.5em;"><link ns0:type="simple" ns0:href="../511/59511.xml">uk legisl</link></col></row><row><header style="background:#ddf; line-height:1.2em; font-size:105%;" class="adr"><link ns0:type="simple" ns0:href="../166/145166.xml">act parliament</link>preced unit kingdom</header></row><row><col><country wordnetid="108544813" confidence="0.9508927676800064"><link ns0:type="simple" ns0:href="../950/407950.xml">kingdom england</link></country><link ns0:type="simple" ns0:href="../446/2497446.xml" /><link ns0:type="simple" ns0:href="../947/4171947.xml" /><link ns0:type="simple" ns0:href="../941/10596941.xml">interregnum</link><link ns0:type="simple" ns0:href="../047/6015047.xml" /><link ns0:type="simple" ns0:href="../946/6014946.xml" /></col></row><row><col><country wordnetid="108544813" confidence="0.9508927676800064"><link ns0:type="simple" ns0:href="../432/168432.xml">kingdom ireland</link></country><link ns0:type="simple" ns0:href="../400/2876400.xml" /><link ns0:type="simple" ns0:href="../722/9268722.xml" /></col></row><row><col style="padding-bottom:0.6em;"><country wordnetid="108544813" confidence="0.9508927676800064"><link ns0:type="simple" ns0:href="../238/415238.xml">kingdom scotland</link></country><link ns0:type="simple" ns0:href="../321/3606321.xml" /></col></row><row><col style="padding-bottom:1.0em;"><country wordnetid="108544813" confidence="0.9508927676800064"><link ns0:type="simple" ns0:href="../019/158019.xml">kingdom great britain</link></country><link ns0:type="simple" ns0:href="../811/3567811.xml" /><link ns0:type="simple" ns0:href="../828/3567828.xml" /><link ns0:type="simple" ns0:href="../848/3567848.xml" /><link ns0:type="simple" ns0:href="../864/3567864.xml" /><link ns0:type="simple" ns0:href="../893/3567893.xml" /></col></row><row><header style="background:#ddf; line-height:1.1em; padding:0.25em 0.5em; font-size:110%;"><document wordnetid="106470073" confidence="0.8"><legal_document wordnetid="106479665" confidence="0.8"><written_communication wordnetid="106349220" confidence="0.8"><writing wordnetid="106362953" confidence="0.8"><act wordnetid="106532095" confidence="0.8"><link ns0:type="simple" ns0:href="../549/17842549.xml">act</link></act></writing></written_communication></legal_document></document><parliament wordnetid="108319198" confidence="0.9508927676800064"><link ns0:type="simple" ns0:href="../964/13964.xml">unit kingdom parliament</link></parliament></header></row><row><col style="padding-bottom:1.0em;"><link ns0:type="simple" ns0:href="../991/3906991.xml" /><link ns0:type="simple" ns0:href="../012/3907012.xml" /><link ns0:type="simple" ns0:href="../024/3907024.xml" /><link ns0:type="simple" ns0:href="../051/3907051.xml" /><link ns0:type="simple" ns0:href="../080/3907080.xml" /><link ns0:type="simple" ns0:href="../325/3919325.xml" /><link ns0:type="simple" ns0:href="../342/3919342.xml" /><link ns0:type="simple" ns0:href="../357/3919357.xml" /><link ns0:type="simple" ns0:href="../380/3919380.xml" /><link ns0:type="simple" ns0:href="../729/3919729.xml" /><link ns0:type="simple" ns0:href="../913/2795913.xml" /></col></row><row><header style="background:#ddf; line-height:1.1em; font-size:110%;"><link ns0:type="simple" ns0:href="../754/831754.xml">deleg legisl</link></header></row><row><col><link ns0:type="simple" ns0:href="../289/17227289.xml">statutori rule order</link><link ns0:type="simple" ns0:href="../280/4164280.xml">unit kingdom</link><link ns0:type="simple" ns0:href="../063/6523063.xml">northern ireland</link></col></row><row><col><artifact wordnetid="100021939" confidence="0.8"><instrumentality wordnetid="103575240" confidence="0.8"><device wordnetid="103183080" confidence="0.8"><instrument wordnetid="103574816" confidence="0.8"><link ns0:type="simple" ns0:href="../910/179910.xml">unit kingdom statutori instrument</link></instrument></device></instrumentality></artifact><link ns0:type="simple" ns0:href="../619/4141619.xml" /><link ns0:type="simple" ns0:href="../628/4141628.xml" /><link ns0:type="simple" ns0:href="../769/4141769.xml" /><link ns0:type="simple" ns0:href="../323/6486323.xml" /><link ns0:type="simple" ns0:href="../924/4738924.xml" /><link ns0:type="simple" ns0:href="../195/4204195.xml" /><link ns0:type="simple" ns0:href="../776/4141776.xml" /><link ns0:type="simple" ns0:href="../019/4228019.xml" /><link ns0:type="simple" ns0:href="../384/4197384.xml" /><link ns0:type="simple" ns0:href="../355/4164355.xml" /><link ns0:type="simple" ns0:href="../250/4165250.xml" /><link ns0:type="simple" ns0:href="../550/4204550.xml" /><link ns0:type="simple" ns0:href="../005/4204005.xml" /><link ns0:type="simple" ns0:href="../193/5611193.xml" /><link ns0:type="simple" ns0:href="../477/4205477.xml" /><link ns0:type="simple" ns0:href="../960/6481960.xml" /><link ns0:type="simple" ns0:href="../517/4164517.xml" /><link ns0:type="simple" ns0:href="../872/4163872.xml" /><link ns0:type="simple" ns0:href="../035/4750035.xml" /><link ns0:type="simple" ns0:href="../882/4238882.xml" /><link ns0:type="simple" ns0:href="../426/4164426.xml" /><link ns0:type="simple" ns0:href="../913/4163913.xml" /><link ns0:type="simple" ns0:href="../139/4165139.xml" /><link ns0:type="simple" ns0:href="../902/4227902.xml" /><link ns0:type="simple" ns0:href="../608/4162608.xml" /><link ns0:type="simple" ns0:href="../795/4141795.xml" /><link ns0:type="simple" ns0:href="../618/4162618.xml" /><link ns0:type="simple" ns0:href="../622/4162622.xml" /><link ns0:type="simple" ns0:href="../580/4162580.xml" /><link ns0:type="simple" ns0:href="../635/4162635.xml" /><link ns0:type="simple" ns0:href="../644/4162644.xml" /><link ns0:type="simple" ns0:href="../651/4162651.xml" /><link ns0:type="simple" ns0:href="../662/4162662.xml" /><link ns0:type="simple" ns0:href="../805/4141805.xml" /><link ns0:type="simple" ns0:href="../693/4162693.xml" /><link ns0:type="simple" ns0:href="../589/4162589.xml" /><link ns0:type="simple" ns0:href="../728/4162728.xml" /><link ns0:type="simple" ns0:href="../735/4162735.xml" /><link ns0:type="simple" ns0:href="../819/4141819.xml" /><link ns0:type="simple" ns0:href="../065/3945065.xml" /><link ns0:type="simple" ns0:href="../356/3945356.xml" /><link ns0:type="simple" ns0:href="../850/3946850.xml" /><link ns0:type="simple" ns0:href="../593/3947593.xml" /><link ns0:type="simple" ns0:href="../376/3951376.xml" /><link ns0:type="simple" ns0:href="../433/3951433.xml" /><link ns0:type="simple" ns0:href="../505/3951505.xml" /><link ns0:type="simple" ns0:href="../586/3951586.xml" /><link ns0:type="simple" ns0:href="../664/3951664.xml" /><link ns0:type="simple" ns0:href="../728/3951728.xml" /><link ns0:type="simple" ns0:href="../342/3957342.xml" /><link ns0:type="simple" ns0:href="../009/4388009.xml" /><link ns0:type="simple" ns0:href="../012/4388012.xml" /><link ns0:type="simple" ns0:href="../991/4387991.xml" /><link ns0:type="simple" ns0:href="../992/4387992.xml" /><link ns0:type="simple" ns0:href="../823/4141823.xml" /><link ns0:type="simple" ns0:href="../005/4388005.xml" /><link ns0:type="simple" ns0:href="../006/4388006.xml" /><link ns0:type="simple" ns0:href="../835/4141835.xml" /><link ns0:type="simple" ns0:href="../841/4141841.xml" /><link ns0:type="simple" ns0:href="../543/8856543.xml" /><link ns0:type="simple" ns0:href="../329/15150329.xml" /></col></row><row><header style="background:#ddf; font-size:110%;"><link ns0:type="simple" ns0:href="../576/148576.xml">devolv</link>legisl</header></row><row><col>act<link ns0:type="simple" ns0:href="../328/3606328.xml">act scottish parliament</link><link ns0:type="simple" ns0:href="../751/3931751.xml">act ireland parliament</link><link ns0:type="simple" ns0:href="../433/2497433.xml">act northern ireland assembl</link></col></row><row><col style="padding:0.33em 0 1.75em 0;">measur order<link ns0:type="simple" ns0:href="../500/10456500.xml">measur welsh assembl</link><link ns0:type="simple" ns0:href="../977/4105977.xml">order council northern ireland</link></col></row><row><col style="padding:0.33em 0 1.75em 0;">deleg legisl<law wordnetid="108441203" confidence="0.8"><collection wordnetid="107951464" confidence="0.8"><group wordnetid="100031264" confidence="0.8"><link ns0:type="simple" ns0:href="../512/5323512.xml">scottish statutori instrument</link></group></collection></law><link ns0:type="simple" ns0:href="../580/4240580.xml" /><link ns0:type="simple" ns0:href="../209/4255209.xml" /><link ns0:type="simple" ns0:href="../713/4504713.xml" /><link ns0:type="simple" ns0:href="../624/5316624.xml" /><link ns0:type="simple" ns0:href="../527/5468527.xml" /><link ns0:type="simple" ns0:href="../450/5812450.xml" /><link ns0:type="simple" ns0:href="../047/5881047.xml" /><link ns0:type="simple" ns0:href="../603/4240603.xml" /><link ns0:type="simple" ns0:href="../693/8956693.xml" /><link ns0:type="simple" ns0:href="../595/15302595.xml" /><p>welsh statutori instrument<link ns0:type="simple" ns0:href="../619/4240619.xml" /><link ns0:type="simple" ns0:href="../631/4240631.xml" /><link ns0:type="simple" ns0:href="../724/4253724.xml" /><link ns0:type="simple" ns0:href="../632/4403632.xml" /><link ns0:type="simple" ns0:href="../995/4430995.xml" /><link ns0:type="simple" ns0:href="../240/4469240.xml" /><link ns0:type="simple" ns0:href="../252/4532252.xml" /><link ns0:type="simple" ns0:href="../645/4240645.xml" /><link ns0:type="simple" ns0:href="../137/8991137.xml" /><link ns0:type="simple" ns0:href="../666/15218666.xml" /></p><p><law wordnetid="108441203" confidence="0.8"><collection wordnetid="107951464" confidence="0.8"><group wordnetid="100031264" confidence="0.8"><link ns0:type="simple" ns0:href="../737/17230737.xml">statutori rule northern ireland</link></group></collection></law><link /><link /><link /><link /><link ns0:type="simple" ns0:href="../126/4751126.xml" /><link /><link /><link /><link /><link /><link ns0:type="simple" ns0:href="../369/5398369.xml" /><link /><link ns0:type="simple" ns0:href="../335/6438335.xml" /><link /><link /><link /><link /><link ns0:type="simple" ns0:href="../502/4240502.xml" /><link ns0:type="simple" ns0:href="../589/6541589.xml" /><link ns0:type="simple" ns0:href="../130/6559130.xml" /><link ns0:type="simple" ns0:href="../387/6581387.xml" /><link ns0:type="simple" ns0:href="../098/6617098.xml" /><link ns0:type="simple" ns0:href="../590/6642590.xml" /><link ns0:type="simple" ns0:href="../320/7016320.xml" /><link ns0:type="simple" ns0:href="../373/7166373.xml" /><link ns0:type="simple" ns0:href="../211/7421211.xml" /><link ns0:type="simple" ns0:href="../117/7807117.xml" /><link ns0:type="simple" ns0:href="../125/8706125.xml" /><link ns0:type="simple" ns0:href="../564/9469564.xml" /><link ns0:type="simple" ns0:href="../182/10505182.xml" /><link ns0:type="simple" ns0:href="../495/11529495.xml" /><link ns0:type="simple" ns0:href="../508/4240508.xml" /><link ns0:type="simple" ns0:href="../517/4240517.xml" /><link ns0:type="simple" ns0:href="../372/8942372.xml" /><link ns0:type="simple" ns0:href="../648/15218648.xml" /></p></col></row><row><header style="background:#ddf;"><denomination wordnetid="108146782" confidence="0.9508927676800064"><link ns0:type="simple" ns0:href="../955/5955.xml">church england</link></denomination></header></row><row><col><link ns0:type="simple" ns0:href="../525/4242525.xml">measur</link><link ns0:type="simple" ns0:href="../516/8908516.xml">instrument</link></col></row></table><p>incomplet list<law wordnetid="108441203" confidence="0.8"><collection wordnetid="107951464" confidence="0.8"><group wordnetid="100031264" confidence="0.8"><link ns0:type="simple" ns0:href="../737/17230737.xml">statutori rule northern ireland</link></group></collection></law></p><ss2><st /><p><list><entry level="1" type="bullet">incomerel benefit jobseek allow work tax credit child tax credit amend regul northern ireland sr</entry><entry level="1" type="bullet">plastic materi articl contact food amend regul northern ireland sr</entry><entry level="1" type="bullet">compani northern ireland order electron commun order northern ireland sr</entry><entry level="1" type="bullet">compani princip busi activ amend regul northern ireland sr</entry><entry level="1" type="bullet">foreign compani execut document regul northern ireland sr</entry><entry level="1" type="bullet">gener medic servic amend regul northern ireland sr</entry><entry level="1" type="bullet">antipollut work regul northern ireland sr</entry><entry level="1" type="bullet">road vehicl test disclosur regul northern ireland sr</entry><entry level="1" type="bullet">anim byproduct identif amend regul northern ireland sr</entry><entry level="1" type="bullet">kavakava food regul northern ireland sr</entry><entry level="1" type="bullet">road servic licens amend regul northern ireland sr</entry><entry level="1" type="bullet">game variat monetari limit order northern ireland sr</entry><entry level="1" type="bullet">intercountri adopt hagu convent regul northern ireland sr</entry><entry level="1" type="bullet">magistr court detent forfeitur seiz cash rule northern ireland sr</entry><entry level="1" type="bullet">social secur commission procedur tax credit appeal regul northern ireland sr</entry><entry level="1" type="bullet">road vehicl light amend regul northern ireland sr</entry><entry level="1" type="bullet">livestock meat commiss maximum levi regul northern ireland sr</entry><entry level="1" type="bullet">livestock meat commiss levi regul northern ireland sr</entry><entry level="1" type="bullet"><document wordnetid="106470073" confidence="0.8"><legal_document wordnetid="106479665" confidence="0.8"><written_communication wordnetid="106349220" confidence="0.8"><writing wordnetid="106362953" confidence="0.8"><act wordnetid="106532095" confidence="0.8"><right wordnetid="105174653" confidence="0.8"><link ns0:type="simple" ns0:href="../321/227321.xml">disabl discrimin</link></right></act></writing></written_communication></legal_document></document>commenc order northern ireland sr</entry><entry level="1" type="bullet">pension credit regul northern ireland sr</entry><entry level="1" type="bullet"><link>pension credit</link>commenc order northern ireland sr</entry><entry level="1" type="bullet">valuat rate decapitalis rate regul northern ireland sr</entry><entry level="1" type="bullet">valuat rate plant machineri order northern ireland sr</entry><entry level="1" type="bullet">magistr court sex offend order amend rule northern ireland sr</entry><entry level="1" type="bullet">control asbesto work regul northern ireland sr</entry><entry level="1" type="bullet">control substanc hazard health regul northern ireland sr</entry><entry level="1" type="bullet">control lead work regul northern ireland sr</entry><entry level="1" type="bullet">notif substanc amend regul northern ireland sr</entry><entry level="1" type="bullet">public servic vehicl access regul northern ireland sr</entry><entry level="1" type="bullet">public servic vehicl condit fit equip amend regul northern ireland sr</entry><entry level="1" type="bullet">motor vehicl construct amend regul northern ireland sr</entry><entry level="1" type="bullet">public servic vehicl amend regul northern ireland sr</entry><entry level="1" type="bullet">plan fee amend regul northern ireland sr</entry><entry level="1" type="bullet">seed miscellan amend regul northern ireland sr</entry><entry level="1" type="bullet">legal aid remuner solicitor counsel counti court proceed amend order northern ireland sr</entry><entry level="1" type="bullet">social secur overlap benefit amend regul northern ireland sr</entry><entry level="1" type="bullet">social secur child support decis appeal amend regul northern ireland sr</entry><entry level="1" type="bullet">pollut prevent control regul northern ireland sr</entry><entry level="1" type="bullet">miscellan charg amend regul northern ireland sr</entry><entry level="1" type="bullet"><link>environ northern ireland order</link>commenc order northern ireland sr</entry><entry level="1" type="bullet">health safeti work order applic environment hazard substanc regul northern ireland sr</entry><entry level="1" type="bullet"><link>child support pension social secur</link>commenc order northern ireland sr</entry><entry level="1" type="bullet">rule suprem court northern ireland amend sr</entry><entry level="1" type="bullet">blue tongu order northern ireland sr</entry><entry level="1" type="bullet">child support applic prescrib regul northern ireland sr</entry><entry level="1" type="bullet">social secur child mainten premium miscellan amend amend regul northern ireland sr</entry><entry level="1" type="bullet">local govern gener grant regul northern ireland sr</entry><entry level="1" type="bullet">sea fish restrict day sea order northern ireland sr</entry><entry level="1" type="bullet">polic servic northern ireland polic servic northern ireland reserv fulltim sever regul sr</entry><entry level="1" type="bullet">local govern earli termin employ discretionari compens regul northern ireland sr</entry><entry level="1" type="bullet">regist rent increas order northern ireland sr</entry><entry level="1" type="bullet">social secur industri injuri prescrib diseas amend regul northern ireland sr</entry><entry level="1" type="bullet">motor vehicl drive licenc amend regul northern ireland sr</entry><entry level="1" type="bullet">motor car drive instruct amend regul northern ireland sr</entry><entry level="1" type="bullet"><legislation wordnetid="106535222" confidence="0.9508927676800064"><link ns0:type="simple" ns0:href="../397/13340397.xml">polic northern ireland</link></legislation>commenc order sr</entry><entry level="1" type="bullet">polic servic northern ireland conduct regul sr</entry><entry level="1" type="bullet"><link>health person social servic</link>commenc order northern ireland sr</entry><entry level="1" type="bullet">potato origin egypt amend regul northern ireland sr</entry><entry level="1" type="bullet">crown court amend rule northern ireland sr</entry><entry level="1" type="bullet">valuat railway regul northern ireland sr</entry><entry level="1" type="bullet">revalu consequenti provis order northern ireland sr</entry><entry level="1" type="bullet">gener ophthalm servic amend regul northern ireland sr</entry><entry level="1" type="bullet">famili proceed amend rule northern ireland sr</entry><entry level="1" type="bullet">railway rateabl order northern ireland sr</entry><entry level="1" type="bullet">valuat electr order northern ireland sr</entry><entry level="1" type="bullet">rate region rate order northern ireland sr</entry><entry level="1" type="bullet">plant protect product amend regul northern ireland sr</entry><entry level="1" type="bullet">hous benefit gener amend regul northern ireland sr</entry><entry level="1" type="bullet">motor vehicl drive licenc design relev extern law order northern ireland sr</entry><entry level="1" type="bullet">child support social secur miscellan amend regul northern ireland sr</entry><entry level="1" type="bullet">social secur pension low earn threshold order northern ireland sr</entry><entry level="1" type="bullet">teacher superannu addit voluntari contribut amend regul northern ireland sr</entry><entry level="1" type="bullet">infect water infecti pancreat necrosi order northern ireland sr</entry><entry level="1" type="bullet">legal aid financi condit regul northern ireland sr</entry><entry level="1" type="bullet">legal advic assist financi condit regul northern ireland sr</entry><entry level="1" type="bullet">legal advic assist amend regul northern ireland sr</entry><entry level="1" type="bullet">child support social secur transit provis miscellan amend regul northern ireland sr</entry><entry level="1" type="bullet"><link>child support pension social secur</link>commenc order northern ireland sr</entry><entry level="1" type="bullet">valuat telecommun regul northern ireland sr</entry><entry level="1" type="bullet">legal advic assist amend regul northern ireland sr</entry><entry level="1" type="bullet">radioact substanc natur ga exempt order northern ireland sr</entry><entry level="1" type="bullet">industri pollut control prescrib process substanc amend regul northern ireland sr</entry><entry level="1" type="bullet">environment protect control ozonedeplet substanc regul northern ireland sr</entry><entry level="1" type="bullet">plan gener develop amend order northern ireland sr</entry><entry level="1" type="bullet">public servic vehicl licenc fee amend regul northern ireland sr</entry><entry level="1" type="bullet">motor vehicl drive licenc amend test fee regul northern ireland sr</entry></list></p></ss2><ss2><st /><p><list><entry level="1" type="bullet">motor vehicl test amend fee regul northern ireland sr</entry><entry level="1" type="bullet">good vehicl test fee amend regul northern ireland sr</entry><entry level="1" type="bullet">administr insolv estat deceas person amend order northern ireland sr</entry><entry level="1" type="bullet">livestock meat commiss levi regul northern ireland sr</entry><entry level="1" type="bullet">market danger substanc regul northern ireland sr</entry><entry level="1" type="bullet">market danger substanc regul northern ireland sr</entry><entry level="1" type="bullet">social secur workfocus interview lone parent amend regul northern ireland sr</entry><entry level="1" type="bullet">hous benefit gener amend regul northern ireland sr</entry><entry level="1" type="bullet">disabl discrimin provid servic adjust premis regul northern ireland sr</entry><entry level="1" type="bullet">educ amend govern bodi power order northern ireland sr</entry><entry level="1" type="bullet">ma sprucefield interchang order northern ireland sr</entry><entry level="1" type="bullet"><link>environ northern ireland order</link>commenc order northern ireland sr</entry><entry level="1" type="bullet">foyl area carlingford area licens fish engin amend regul sr</entry><entry level="1" type="bullet">zoo licens regul northern ireland sr</entry><entry level="1" type="bullet">social fund matern funer expens gener amend regul northern ireland sr</entry><entry level="1" type="bullet">social secur claim payment amend regul northern ireland sr</entry><entry level="1" type="bullet">work time amend regul northern ireland sr</entry><entry level="1" type="bullet">strateg invest regener site design order northern ireland sr</entry><entry level="1" type="bullet">educ student support amend regul northern ireland sr</entry><entry level="1" type="bullet">magistr court proce crime confisc rule northern ireland sr</entry><entry level="1" type="bullet">pesticid maximum residu level crop food feed stuff amend regul northern ireland sr</entry><entry level="1" type="bullet">motor vehicl approv amend regul northern ireland sr</entry><entry level="1" type="bullet">councillor travel subsist allow amend regul northern ireland sr</entry><entry level="1" type="bullet">valuat rate dock order northern ireland sr</entry><entry level="1" type="bullet">gener medic servic amend regul northern ireland sr</entry><entry level="1" type="bullet">dental charg amend regul northern ireland sr</entry><entry level="1" type="bullet">gener dental servic amend regul northern ireland sr</entry><entry level="1" type="bullet">harbour work environment impact assess regul northern ireland sr</entry><entry level="1" type="bullet">juvenil justic board transfer function order northern ireland sr</entry><entry level="1" type="bullet">social care tribun rule northern ireland sr</entry><entry level="1" type="bullet">northern ireland social care council descript social care worker order northern ireland sr</entry><entry level="1" type="bullet"><link>financi investig northern ireland order</link>commenc order sr</entry><entry level="1" type="bullet"><link>proce crime northern ireland order</link>code practic commenc order sr</entry><entry level="1" type="bullet"><link>polic northern ireland</link>commenc order northern ireland sr</entry><entry level="1" type="bullet">rate transit relief order northern ireland sr</entry><entry level="1" type="bullet">insolv partnership amend order northern ireland sr</entry><entry level="1" type="bullet">motor vehicl construct amend regul northern ireland sr</entry><entry level="1" type="bullet">social secur revalu earn factor order northern ireland sr</entry><entry level="1" type="bullet">teacher superannu amend regul northern ireland sr</entry><entry level="1" type="bullet">mm link belfast order northern ireland sr</entry><entry level="1" type="bullet">guarante minimum pension increas order northern ireland sr</entry><entry level="1" type="bullet">social secur credit amend regul northern ireland sr</entry><entry level="1" type="bullet">danger substanc explos atmospher regul northern ireland sr</entry><entry level="1" type="bullet">charg drug applianc amend regul northern ireland sr</entry><entry level="1" type="bullet">social secur miscellan amend regul northern ireland sr</entry><entry level="1" type="bullet">social secur benefit uprat order northern ireland sr</entry><entry level="1" type="bullet">social secur benefit uprat regul northern ireland sr</entry><entry level="1" type="bullet">social secur industri injuri depend permit earn limit order northern ireland sr</entry><entry level="1" type="bullet">miscellan food addit amend regul northern ireland sr</entry><entry level="1" type="bullet">food label amend regul northern ireland sr</entry><entry level="1" type="bullet">fish label regul northern ireland sr</entry><entry level="1" type="bullet">social secur earn factor amend regul northern ireland sr</entry><entry level="1" type="bullet">favour area compensatori allow regul northern ireland sr</entry><entry level="1" type="bullet">depart transfer function order northern ireland sr</entry><entry level="1" type="bullet">workmen compens supplement amend regul northern ireland sr</entry><entry level="1" type="bullet">market danger substanc regul northern ireland sr</entry><entry level="1" type="bullet">educ student loan repay amend regul northern ireland sr</entry><entry level="1" type="bullet">genet modifi organ deliber releas regul northern ireland sr</entry><entry level="1" type="bullet">social secur matern allow earn amend regul northern ireland sr</entry><entry level="1" type="bullet">pension increas review order northern ireland sr</entry><entry level="1" type="bullet">travel expens remiss charg amend regul northern ireland sr</entry><entry level="1" type="bullet"><link>hous support servic order</link>commenc order northern ireland sr</entry><entry level="1" type="bullet">hous support servic regul northern ireland sr</entry><entry level="1" type="bullet">flexibl work procedur requir regul northern ireland sr</entry><entry level="1" type="bullet">flexibl work elig complaint remedi regul northern ireland sr</entry><entry level="1" type="bullet">plant health wood bark phytophthora ramorum order northern ireland sr</entry><entry level="1" type="bullet">optic charg payment gener ophthalm servic amend regul northern ireland sr</entry><entry level="1" type="bullet">natur miner water spring water bottl drink water amend regul northern ireland sr</entry><entry level="1" type="bullet">motor vehicl drive licenc amend regul northern ireland sr</entry><entry level="1" type="bullet">polic servic northern ireland amend regul sr</entry><entry level="1" type="bullet">valuat natur ga undertak regul northern ireland sr</entry><entry level="1" type="bullet">valuat water undertak regul northern ireland sr</entry><entry level="1" type="bullet">hous benefit gener amend regul northern ireland sr</entry><entry level="1" type="bullet"><link>plan amend order</link>commenc order northern ireland sr</entry><entry level="1" type="bullet">hous benefit gener amend regul northern ireland sr</entry><entry level="1" type="bullet">pension credit consequenti transit miscellan provis regul northern ireland sr</entry><entry level="1" type="bullet">slaughter premium amend regul northern ireland sr</entry><entry level="1" type="bullet">plant health phytophthora ramorum order northern ireland sr</entry><entry level="1" type="bullet">surfac water fishlif classif amend regul northern ireland sr</entry><entry level="1" type="bullet">social secur work tax credit child tax credit consequenti amend regul northern ireland sr</entry><entry level="1" type="bullet">incomerel benefit jobseek allow work tax credit child tax credit amend regul northern ireland sr</entry><entry level="1" type="bullet">hous benefit pension credit regul northern ireland sr</entry><entry level="1" type="bullet">health social servic trust exercis function amend regul northern ireland sr</entry></list></p></ss2><ss2><st /><p><list><entry level="1" type="bullet"><link>carer direct payment</link>commenc order northern ireland sr</entry><entry level="1" type="bullet">welfar food amend regul northern ireland sr</entry><entry level="1" type="bullet"><link>energi order</link>commenc order northern ireland sr</entry><entry level="1" type="bullet"><link>welfar reform pension order</link>commenc order northern ireland sr</entry><entry level="1" type="bullet">gener medic servic amend regul northern ireland sr</entry><entry level="1" type="bullet">genet modifi organ deliber releas amend regul northern ireland sr</entry><entry level="1" type="bullet">fire servic appoint promot amend regul northern ireland sr</entry><entry level="1" type="bullet">radioact substanc basic safeti standard regul northern ireland sr</entry><entry level="1" type="bullet">environ design relev direct order northern ireland sr</entry><entry level="1" type="bullet">larg combust plant regul northern ireland sr</entry><entry level="1" type="bullet"><link>pension credit</link>commenc order northern ireland sr</entry><entry level="1" type="bullet">tax credit transit provis save order northern ireland sr</entry><entry level="1" type="bullet">social secur work tax credit child tax credit consequenti amend regul northern ireland sr</entry><entry level="1" type="bullet">traffic sign amend regul northern ireland sr</entry><entry level="1" type="bullet">product anim origin third countri import amend regul northern ireland sr</entry><entry level="1" type="bullet">road transport qualif oper amend regul northern ireland sr</entry><entry level="1" type="bullet">feed stuff amend regul northern ireland sr</entry><entry level="1" type="bullet">employ right northern ireland order applic articl adopt oversea regul northern ireland sr</entry><entry level="1" type="bullet">social secur contribut benefit northern ireland applic part xiiza xiizb adopt oversea regul northern ireland sr</entry><entry level="1" type="bullet">patern adopt leav adopt oversea regul northern ireland sr</entry><entry level="1" type="bullet">statutori patern pay adopt statutori adopt pay adopt oversea regul northern ireland sr</entry><entry level="1" type="bullet">social secur child support miscellan amend regul northern ireland sr</entry><entry level="1" type="bullet">carer servic direct payment regul northern ireland sr</entry><entry level="1" type="bullet">land tribun salari order northern ireland sr</entry><entry level="1" type="bullet">social secur incapac benefit majesti forc amend regul northern ireland sr</entry><entry level="1" type="bullet">polic northern ireland design place detent order sr</entry><entry level="1" type="bullet">game bingo regul northern ireland sr</entry><entry level="1" type="bullet">hous renov grant reduct grant amend regul northern ireland sr</entry><entry level="1" type="bullet">plant health amend order northern ireland sr</entry><entry level="1" type="bullet">street work regist registr fee regul northern ireland sr</entry><entry level="1" type="bullet">polic northern ireland continu offic commission order sr</entry><entry level="1" type="bullet"><link>health person social servic qualiti improv regul order</link>commenc order northern ireland sr</entry><entry level="1" type="bullet">air qualiti ozon regul northern ireland sr</entry><entry level="1" type="bullet">employ right increas limit order northern ireland sr</entry><entry level="1" type="bullet">infect water infecti pancreat necrosi revoc order northern ireland sr</entry><entry level="1" type="bullet">infect water infecti pancreat necrosi order northern ireland sr</entry><entry level="1" type="bullet">welfar farm anim amend regul northern ireland sr</entry><entry level="1" type="bullet">bangor harbour area order northern ireland sr</entry><entry level="1" type="bullet">groomsport harbour area order northern ireland sr</entry><entry level="1" type="bullet">ballycastl harbour area order northern ireland sr</entry><entry level="1" type="bullet">rathlin harbour area order northern ireland sr</entry><entry level="1" type="bullet">audit account northern ireland order statutori access exclus order northern ireland sr</entry><entry level="1" type="bullet">decis appeal make report rule northern ireland sr</entry><entry level="1" type="bullet">registr foreign adopt regul northern ireland sr</entry><entry level="1" type="bullet">social secur pension financi servic market consequenti amend regul northern ireland sr</entry><entry level="1" type="bullet">sweeten food amend regul northern ireland sr</entry><entry level="1" type="bullet">protect water agricultur nitrat pollut regul northern ireland sr</entry><entry level="1" type="bullet">social secur hospit inpati miscellan amend regul northern ireland sr</entry><entry level="1" type="bullet">rule suprem court northern ireland amend sr</entry><entry level="1" type="bullet">social fund matern funer expens gener amend regul northern ireland sr</entry><entry level="1" type="bullet"><link>justic northern ireland</link>commenc order sr</entry><entry level="1" type="bullet">social secur remov residenti allow miscellan amend regul northern ireland sr</entry><entry level="1" type="bullet">govern account design bodi northern ireland order sr</entry><entry level="1" type="bullet"><link>hous order</link>commenc order northern ireland sr</entry><entry level="1" type="bullet">fisheri amend byelaw northern ireland sr</entry><entry level="1" type="bullet">counti court amend rule northern ireland sr</entry><entry level="1" type="bullet">food supplement regul northern ireland sr</entry><entry level="1" type="bullet">social secur workfocus interview regul northern ireland sr</entry><entry level="1" type="bullet">motor vehicl approv amend revoc regul northern ireland sr</entry><entry level="1" type="bullet">statutori patern pay adopt statutori adopt pay adopt oversea administr regul northern ireland sr</entry><entry level="1" type="bullet">statutori patern pay adopt statutori adopt pay adopt oversea person abroad marin regul northern ireland sr</entry><entry level="1" type="bullet">urban wast water treatment amend regul northern ireland sr</entry><entry level="1" type="bullet">crown court amend rule northern ireland sr</entry><entry level="1" type="bullet">hous renov grant reduct grant amend regul northern ireland sr</entry><entry level="1" type="bullet">plan applic exempt public revoc order northern ireland sr</entry><entry level="1" type="bullet">feed stuff sampl analysi feed stuff enforc amend regul northern ireland sr</entry><entry level="1" type="bullet">control substanc hazard health amend regul northern ireland sr</entry><entry level="1" type="bullet">prison releas victim northern ireland scheme sr</entry><entry level="1" type="bullet">hous benefit pension credit abolit benefit period amend regul northern ireland sr</entry><entry level="1" type="bullet">counti court amend rule northern ireland sr</entry><entry level="1" type="bullet">magistr court amend rule northern ireland sr</entry><entry level="1" type="bullet">educ student support regul northern ireland sr</entry><entry level="1" type="bullet">contamin food regul northern ireland sr</entry><entry level="1" type="bullet">condens milk dri milk regul northern ireland sr</entry></list></p></ss2><ss2><st /><p><list><entry level="1" type="bullet">sugar product regul northern ireland sr</entry><entry level="1" type="bullet">motor vehicl test regul northern ireland sr</entry><entry level="1" type="bullet">good vehicl test regul northern ireland sr</entry><entry level="1" type="bullet">fruit juic fruit nectar regul northern ireland sr</entry><entry level="1" type="bullet">feed stuff amend regul northern ireland sr</entry><entry level="1" type="bullet"><link>crimin justic order</link>commenc order northern ireland sr</entry><entry level="1" type="bullet">social fund matern funer expens gener amend regul northern ireland sr</entry><entry level="1" type="bullet">pension credit decis appeal amend regul northern ireland sr</entry><entry level="1" type="bullet">cocoa chocol product regul northern ireland sr</entry><entry level="1" type="bullet">misus drug amend regul northern ireland sr</entry><entry level="1" type="bullet">pension appeal tribun northern ireland amend rule sr</entry><entry level="1" type="bullet">social secur claim payment miscellan amend regul northern ireland sr</entry><entry level="1" type="bullet">race relat order seamen recruit abroad order northern ireland sr</entry><entry level="1" type="bullet">control pollut silag slurri agricultur fuel oil regul northern ireland sr</entry><entry level="1" type="bullet">health person social servic assess resourc amend regul northern ireland sr</entry><entry level="1" type="bullet"><link>crimin evid northern ireland order</link>commenc order sr</entry><entry level="1" type="bullet">misus drug amend regul northern ireland sr</entry><entry level="1" type="bullet">gener dental servic amend regul northern ireland sr</entry><entry level="1" type="bullet">social secur student incomerel benefit amend regul northern ireland sr</entry><entry level="1" type="bullet">work time amend regul northern ireland sr</entry><entry level="1" type="bullet">trade union elect ballot independ scrutin qualif amend order northern ireland sr</entry><entry level="1" type="bullet"><link>employ relat order</link>commenc order northern ireland sr</entry><entry level="1" type="bullet">industri train levi construct industri order northern ireland sr</entry><entry level="1" type="bullet">occup pension scheme transfer valu miscellan amend regul northern ireland sr</entry><entry level="1" type="bullet">social secur work tax credit child tax credit consequenti amend regul northern ireland sr</entry><entry level="1" type="bullet">educ student support amend regul northern ireland sr</entry><entry level="1" type="bullet">educ student loan amend regul northern ireland sr</entry><entry level="1" type="bullet">race relat order amend regul northern ireland sr</entry><entry level="1" type="bullet">air qualiti regul northern ireland sr</entry><entry level="1" type="bullet">smoke control area exempt fireplac amend regul northern ireland sr</entry><entry level="1" type="bullet"><link>access justic northern ireland order</link>commenc order northern ireland sr</entry><entry level="1" type="bullet"><link>compani director disqualif order</link>commenc order northern ireland sr</entry><entry level="1" type="bullet">compani director disqualif order transit provis order northern ireland sr</entry><entry level="1" type="bullet">compani disqualif order regul northern ireland sr</entry><entry level="1" type="bullet"><link>health person social servic qualiti improv regul order</link>commenc order northern ireland sr</entry><entry level="1" type="bullet">social fund winter fuel payment amend regul northern ireland sr</entry><entry level="1" type="bullet">motor hackney carriag belfast amend bylaw northern ireland sr</entry><entry level="1" type="bullet">social secur student incomerel benefit amend regul northern ireland sr</entry><entry level="1" type="bullet"><link>crimin justic order</link>commenc order northern ireland sr</entry><entry level="1" type="bullet">food brazil nut emerg control regul northern ireland sr</entry><entry level="1" type="bullet">rehabilit offend except amend order northern ireland sr</entry><entry level="1" type="bullet">pharmaceut societi northern ireland gener amend regul northern ireland sr</entry><entry level="1" type="bullet">insolv compani report conduct director rule northern ireland sr</entry><entry level="1" type="bullet">insolv compani disqualif unfit director proceed rule northern ireland sr</entry><entry level="1" type="bullet">insolv partnership amend order northern ireland sr</entry><entry level="1" type="bullet">food pistachio iran emerg control regul northern ireland sr</entry><entry level="1" type="bullet">food peanut china emerg control amend regul northern ireland sr</entry><entry level="1" type="bullet">food hot chilli hot chilli product emerg control regul northern ireland sr</entry><entry level="1" type="bullet">food fig hazelnut pistachio turkey emerg control amend regul northern ireland sr</entry><entry level="1" type="bullet">time public duti order northern ireland sr</entry><entry level="1" type="bullet">fish vessel decommiss scheme northern ireland sr</entry><entry level="1" type="bullet">social secur work bonu lone parent runon amend revoc regul northern ireland sr</entry><entry level="1" type="bullet">water suppli water qualiti amend regul northern ireland sr</entry><entry level="1" type="bullet">educ grant disabl postgradu student amend regul northern ireland sr</entry><entry level="1" type="bullet">motor vehicl drive licenc amend regul northern ireland sr</entry><entry level="1" type="bullet">polic appoint regul northern ireland sr</entry><entry level="1" type="bullet"><link>pension credit</link>commenc appoint day order northern ireland sr</entry><entry level="1" type="bullet">hors race charg bookmak order northern ireland sr</entry><entry level="1" type="bullet">polic northern ireland modif order sr</entry><entry level="1" type="bullet">food peanut egypt emerg control regul northern ireland sr</entry><entry level="1" type="bullet">educ school prospectus regul northern ireland sr</entry><entry level="1" type="bullet">pesticid maximum residu level crop food feed stuff amend regul northern ireland sr</entry><entry level="1" type="bullet">welfar anim schedul oper amend order northern ireland sr</entry><entry level="1" type="bullet">time public duti order northern ireland sr</entry><entry level="1" type="bullet">salari assembl ombudsman commission complaint order northern ireland sr</entry><entry level="1" type="bullet">honey regul northern ireland sr</entry><entry level="1" type="bullet">oil fibr plant seed amend regul northern ireland sr</entry><entry level="1" type="bullet">domest energi effici grant amend regul northern ireland sr</entry><entry level="1" type="bullet">transport pressur vessel regul northern ireland sr</entry><entry level="1" type="bullet">hous renov grant reduct grant amend regul northern ireland sr</entry><entry level="1" type="bullet">social secur industri injuri prescrib diseas amend regul northern ireland sr</entry><entry level="1" type="bullet">social fund winter fuel payment amend regul northern ireland sr</entry><entry level="1" type="bullet">wast inciner regul northern ireland sr</entry><entry level="1" type="bullet">welfar food amend regul northern ireland sr</entry><entry level="1" type="bullet">present report disclosur prescript prosecutor order northern ireland sr</entry><entry level="1" type="bullet">air rout develop northern ireland limit fund order northern ireland sr</entry><entry level="1" type="bullet"><link>social secur</link>commenc order northern ireland sr</entry><entry level="1" type="bullet">social secur attend allow disabl live allow amend regul northern ireland sr</entry><entry level="1" type="bullet">social secur incapac miscellan amend regul northern ireland sr</entry><entry level="1" type="bullet">polic servic northern ireland appeal amend regul sr</entry><entry level="1" type="bullet"><link>commission children young peopl order</link>commenc order northern ireland sr</entry></list></p></ss2><ss2><st /><p><list><entry level="1" type="bullet">diseas poultri amend order northern ireland sr</entry><entry level="1" type="bullet">alloc hous regul northern ireland sr</entry><entry level="1" type="bullet">homeless regul northern ireland sr</entry><entry level="1" type="bullet">control wast amend regul northern ireland sr</entry><entry level="1" type="bullet">social secur workfocus interview partner regul northern ireland sr</entry><entry level="1" type="bullet">food star anis third countri emerg control revoc order northern ireland sr</entry><entry level="1" type="bullet">travel expens remiss charg amend regul northern ireland sr</entry><entry level="1" type="bullet">injunct antisoci behaviour prescrib premis regul northern ireland sr</entry><entry level="1" type="bullet">introductori tenant review regul northern ireland sr</entry><entry level="1" type="bullet">secur tenanc notic amend regul northern ireland sr</entry><entry level="1" type="bullet">social secur third parti deduct miscellan amend regul northern ireland sr</entry><entry level="1" type="bullet">incom support gener amend regul northern ireland sr</entry><entry level="1" type="bullet">notif instal handl hazard substanc amend regul northern ireland sr</entry><entry level="1" type="bullet"><link>justic northern ireland</link>commenc order sr</entry><entry level="1" type="bullet">social secur miscellan amend regul northern ireland sr</entry><entry level="1" type="bullet">hous benefit pension credit miscellan amend regul northern ireland sr</entry><entry level="1" type="bullet">misus drug amend regul northern ireland sr</entry><entry level="1" type="bullet">pension credit transit miscellan provis amend regul northern ireland sr</entry><entry level="1" type="bullet">measur equip liquid fuel lubric amend regul northern ireland sr</entry><entry level="1" type="bullet">health safeti miscellan amend regul northern ireland sr</entry><entry level="1" type="bullet">optic charg payment gener ophthalm servic amend regul northern ireland sr</entry><entry level="1" type="bullet">classic swine fever order northern ireland sr</entry><entry level="1" type="bullet">employ liabil compulsori insur exempt amend regul northern ireland sr</entry><entry level="1" type="bullet">health person social servic assess resourc amend regul northern ireland sr</entry><entry level="1" type="bullet">motor vehicl construct amend regul northern ireland sr</entry><entry level="1" type="bullet">hous benefit pension credit miscellan amend amend regul northern ireland sr</entry><entry level="1" type="bullet">local govern pension scheme manag invest fund amend regul northern ireland sr</entry><entry level="1" type="bullet">public servic vehicl condit fit equip amend regul northern ireland sr</entry><entry level="1" type="bullet">pesticid maximum residu level crop food feed stuff amend regul northern ireland sr</entry><entry level="1" type="bullet">polic traine amend regul northern ireland sr</entry><entry level="1" type="bullet">legal advic assist amend regul northern ireland sr</entry><entry level="1" type="bullet">legal aid gener amend regul northern ireland sr</entry><entry level="1" type="bullet"><link>access justic northern ireland order</link>commenc amend order northern ireland sr</entry><entry level="1" type="bullet"><link>access justic northern ireland order</link>commenc order northern ireland sr</entry><entry level="1" type="bullet"><link>plan amend</link>order commenc order northern ireland sr</entry><entry level="1" type="bullet">plan tree regul northern ireland sr</entry><entry level="1" type="bullet">plan gener develop amend order northern ireland sr</entry><entry level="1" type="bullet">plan fee amend regul northern ireland sr</entry><entry level="1" type="bullet">health person social servic amend relat prescrib nurs pharmacist regul northern ireland sr</entry><entry level="1" type="bullet">food provis relat label regul northern ireland sr</entry><entry level="1" type="bullet">public servic vehicl amend regul northern ireland sr</entry><entry level="1" type="bullet">smoke control area authoris fuel regul northern ireland sr</entry><entry level="1" type="bullet">manag health safeti work fire precaut workplac amend regul northern ireland sr</entry><entry level="1" type="bullet">incom support gener standard interest rate amend regul northern ireland sr</entry><entry level="1" type="bullet">market potato amend regul northern ireland sr</entry><entry level="1" type="bullet">seed potato tuber label fee amend regul northern ireland sr</entry><entry level="1" type="bullet">plant health amend order northern ireland sr</entry><entry level="1" type="bullet">student award regul northern ireland sr</entry><entry level="1" type="bullet">polic northern ireland design place detent order sr</entry><entry level="1" type="bullet">food protect emerg prohibit order northern ireland sr</entry><entry level="1" type="bullet">hous renov grant grant limit order northern ireland sr</entry><entry level="1" type="bullet">repair assist grant regul northern ireland sr</entry><entry level="1" type="bullet">hous replac grant regul northern ireland sr</entry><entry level="1" type="bullet"><link>marriag order</link>commenc order northern ireland sr</entry><entry level="1" type="bullet">birth death marriag fee order northern ireland sr</entry><entry level="1" type="bullet">marriag regul northern ireland sr</entry><entry level="1" type="bullet">child support miscellan amend regul northern ireland sr</entry><entry level="1" type="bullet">electr guarante origin electr produc renew energi sourc regul northern ireland sr</entry><entry level="1" type="bullet">crown court amend rule northern ireland sr</entry><entry level="1" type="bullet">organ farm convers anim hous scheme northern ireland sr</entry><entry level="1" type="bullet">youth confer rule northern ireland sr</entry><entry level="1" type="bullet">juri northern ireland order amend regul sr</entry><entry level="1" type="bullet">feed stuff amend regul northern ireland sr</entry><entry level="1" type="bullet"><link>crimin evid northern ireland order</link>commenc order sr</entry><entry level="1" type="bullet">magistr court amend rule northern ireland sr</entry><entry level="1" type="bullet">magistr court crimin justic children amend rule northern ireland sr</entry><entry level="1" type="bullet">commun respons order rule northern ireland sr</entry><entry level="1" type="bullet">repar order rule northern ireland sr</entry><entry level="1" type="bullet">educ list bodi order northern ireland sr</entry><entry level="1" type="bullet">elect benefit regul northern ireland sr</entry><entry level="1" type="bullet">elect benefit regul northern ireland sr</entry><entry level="1" type="bullet">food protect emerg prohibit revoc order northern ireland sr</entry><entry level="1" type="bullet">counti court amend rule northern ireland sr</entry><entry level="1" type="bullet">social secur pension respons amend regul northern ireland sr</entry><entry level="1" type="bullet">occup pension revalu order northern ireland sr</entry><entry level="1" type="bullet"><link>justic northern ireland</link>commenc order sr</entry><entry level="1" type="bullet"><link>wast contamin land order</link>commenc order northern ireland sr</entry><entry level="1" type="bullet">sheep annual premium amend regul northern ireland sr</entry><entry level="1" type="bullet">measur instrument eec requir verif fee regul northern ireland sr</entry><entry level="1" type="bullet">weight measur pass fit trade adjust fee regul northern ireland sr</entry><entry level="1" type="bullet">wast manag licens regul northern ireland sr</entry><entry level="1" type="bullet">african swine fever order northern ireland sr</entry><entry level="1" type="bullet">anim byproduct regul northern ireland sr</entry><entry level="1" type="bullet">landfil regul northern ireland sr</entry><entry level="1" type="bullet">employ equal sexual orient regul northern ireland sr</entry><entry level="1" type="bullet">industri tribun interest award sexual orient discrimin case regul northern ireland sr</entry><entry level="1" type="bullet">inshor fish prohibit fish fish method amend regul northern ireland sr</entry></list></p></ss2><ss2><st /><p><list><entry level="1" type="bullet">domest energi effici grant amend regul northern ireland sr</entry><entry level="1" type="bullet">anim byproduct identif amend regul northern ireland sr</entry><entry level="1" type="bullet">food brazil nut emerg control amend regul northern ireland sr</entry><entry level="1" type="bullet">land registri fee order northern ireland sr</entry><entry level="1" type="bullet">transmiss spongiform encephalopathi amend regul northern ireland sr</entry><entry level="1" type="bullet">health safeti fee regul northern ireland sr</entry><entry level="1" type="bullet">legal aid crimin proceed cost amend rule northern ireland sr</entry><entry level="1" type="bullet">legal aid youth confer cost rule northern ireland sr</entry><entry level="1" type="bullet">legal aid certif amend rule northern ireland sr</entry><entry level="1" type="bullet">legal aid crimin case statement amend rule northern ireland sr</entry><entry level="1" type="bullet">good vehicl commun authoris amend road traffic northern ireland order regul northern ireland sr</entry><entry level="1" type="bullet">motor vehicl drive licenc amend regul northern ireland sr</entry><entry level="1" type="bullet">motor vehicl construct amend regul northern ireland sr</entry><entry level="1" type="bullet">motor vehicl test amend regul northern ireland sr</entry><entry level="1" type="bullet">jam product regul northern ireland sr</entry><entry level="1" type="bullet">fair employ treatment order amend regul northern ireland sr</entry><entry level="1" type="bullet">fair employ specif public author amend order northern ireland sr</entry><entry level="1" type="bullet">child support evid disclosur amend regul northern ireland sr</entry><entry level="1" type="bullet">dundrod circuit admiss charg regul northern ireland sr</entry><entry level="1" type="bullet">foyl area carlingford area licens fish engin amend regul sr</entry><entry level="1" type="bullet">fisheri byelaw northern ireland sr</entry><entry level="1" type="bullet">legal aid crimin proceed cost amend rule northern ireland sr</entry><entry level="1" type="bullet">social secur notif chang circumst regul northern ireland sr</entry><entry level="1" type="bullet"><link>hous order</link>commenc order northern ireland sr</entry><entry level="1" type="bullet">infant formula followon formula amend regul northern ireland sr</entry><entry level="1" type="bullet">process cerealbas food babi food infant young children regul northern ireland sr</entry><entry level="1" type="bullet">street work recoveri cost regul northern ireland sr</entry><entry level="1" type="bullet">railway regul northern ireland sr</entry><entry level="1" type="bullet">packag label carriag radioact materi rail regul northern ireland sr</entry><entry level="1" type="bullet">game preserv special protect irish hare order northern ireland sr</entry><entry level="1" type="bullet">miscellan food addit amend regul northern ireland sr</entry><entry level="1" type="bullet">rule suprem court northern ireland amend sr</entry><entry level="1" type="bullet">motor vehicl construct amend regul northern ireland sr</entry><entry level="1" type="bullet">registr establish lay hen regul northern ireland sr</entry><entry level="1" type="bullet">air qualiti amend regul northern ireland sr</entry><entry level="1" type="bullet">water environ water framework direct regul northern ireland sr</entry><entry level="1" type="bullet"><link>insolv order</link>commenc order northern ireland sr</entry><entry level="1" type="bullet">insolv order transit provis order northern ireland sr</entry><entry level="1" type="bullet">insolv practition amend regul northern ireland sr</entry><entry level="1" type="bullet">market danger substanc regul northern ireland sr</entry><entry level="1" type="bullet">insolv amend rule northern ireland sr</entry><entry level="1" type="bullet">insolv partnership amend order northern ireland sr</entry><entry level="1" type="bullet">repair assist grant amend regul northern ireland sr</entry><entry level="1" type="bullet">justic northern ireland amend paragraph schedul order sr</entry><entry level="1" type="bullet">flag regul northern ireland amend sr</entry></list></p></ss2><sec><st>extern link</st><p><list><entry level="1" type="bullet"><weblink ns0:type="simple" ns0:href="http://www.opsi.gov.uk/">offic public sector</weblink></entry><entry level="1" type="bullet"><weblink ns0:type="simple" ns0:href="http://www.opsi.gov.uk/legislation/northernireland/ni-srni.htm">opsi sr ni list</weblink></entry><entry level="1" type="bullet"><weblink ns0:type="simple" ns0:href="http://www.opsi.gov.uk/legislation/northernireland/ni-srni-draft.htm">opsi draft sr ni list</weblink></entry></list></p></sec></bdy></article>