<article xmlns:ns0="http://www.w3.org/1999/xlink"><header><title>monounsatur fat</title><id /><revision><id /><timestamp>tz</timestamp><contributor><username>edgar</username><id /></contributor></revision><categories><category>articl expand januari</category><category>food scienc</category><category>articl invalid paramet templat</category><category>lipid</category><category>fatti acid</category><category>articl expand</category><category>nutrit</category></categories></header><bdy><table class="metadata plainlinks ambox "><row><col>amboxnotic style</col></row><row><col class="mbox-image"><p><image width="44px" src="Wiki_letter_w.svg" /></p></col><col style="" class="mbox-text"><b>help<weblink ns0:type="simple" ns0:href="http://localhost:18088/wiki/index.php?title=Monounsaturated_fat action=edit">improv articl</weblink>expand</b><it>januari</it></col></row></table><p><table class="infobox"><header style="text-align: center; background: #eee;">type<link ns0:type="simple" ns0:href="../042/11042.xml">fat</link><link ns0:type="simple" ns0:href="../646/10646.xml">food</link></header><row><col><list><entry level="1" type="bullet"><link ns0:type="simple" ns0:href="../748/264748.xml">unsatur fat</link></entry><entry level="2" type="bullet"><link ns0:type="simple" ns0:href="../404/1051404.xml">monounsatur fat</link></entry><entry level="2" type="bullet"><link ns0:type="simple" ns0:href="../513/1610513.xml">polyunsatur fat</link></entry><entry level="2" type="bullet"><link ns0:type="simple" ns0:href="../487/263487.xml">tran fat</link></entry><entry level="2" type="bullet">omega fatti acid</entry><entry level="3" type="bullet"><link ns0:type="simple" ns0:href="../594/22594.xml" /></entry><entry level="3" type="bullet"><link ns0:type="simple" ns0:href="../218/681218.xml" /></entry><entry level="3" type="bullet"><link ns0:type="simple" ns0:href="../439/3110439.xml" /></entry><entry level="1" type="bullet"><link ns0:type="simple" ns0:href="../746/264746.xml">satur fat</link></entry><entry level="2" type="bullet"><link ns0:type="simple" ns0:href="../034/9057034.xml">interesterifi fat</link></entry></list></col></row><row><header style="text-align: center; background: #eee;" /></row><row><col><list><entry level="1" type="bullet"><link ns0:type="simple" ns0:href="../975/10975.xml">fatti acid</link></entry><entry level="1" type="bullet"><link ns0:type="simple" ns0:href="../948/105948.xml">essenti fatti acid</link>stylebackgroundfff fontsiz lineheight</entry></list><image width="50x28px" src="Bananen.jpg" />stylepad em<b><it>food portal</it></b></col></row></table><indent level="1"><it>discuss dietari fat affect cardiovascular health<link ns0:type="simple" ns0:href="../846/4354846.xml">diet heart diseas</link></it></indent><link ns0:type="simple" ns0:href="../954/3954.xml">biochemistri</link>nutrit<b><it>monounsatur fat</it></b><link ns0:type="simple" ns0:href="../975/10975.xml">fatti acid</link>singl<link ns0:type="simple" ns0:href="../246/6246.xml">doubl bond</link>fatti acid chain<link ns0:type="simple" ns0:href="../299/5299.xml">carbon</link><link ns0:type="simple" ns0:href="../902/902.xml">atom</link>chain<link ns0:type="simple" ns0:href="../246/6246.xml">singlebond</link>contrast<link ns0:type="simple" ns0:href="../513/1610513.xml">polyunsatur</link>fatti acid doubl bond</p><p><link ns0:type="simple" ns0:href="../975/10975.xml">fatti acid</link>longchain<link ns0:type="simple" ns0:href="../555/19555.xml">molecul</link><link ns0:type="simple" ns0:href="../839/19839.xml">methyl</link>group<link ns0:type="simple" ns0:href="../099/6099.xml">carboxyl acid</link>group fatti acid<link ns0:type="simple" ns0:href="../409/462409.xml">fluiditi</link>increas increas number doubl bond monounsatur fatti acid higher<link ns0:type="simple" ns0:href="../503/781503.xml">melt temperatur</link>polyunsatur fatti acid lower<link ns0:type="simple" ns0:href="../746/264746.xml">satur</link>fatti acid monounsatur fatti acid liquid room temperatur semisolid solid refriger</p><sec><st>molecular descript oleic acid</st><p>common monounsatur fatti acid<link ns0:type="simple" ns0:href="../025/3025025.xml">palmitol acid</link>minu cisvaccen acid minu<link ns0:type="simple" ns0:href="../100/661100.xml">oleic acid</link>minu palmitol acid carbon atom doubl bond occur carbon atom methyl group carbon carboxyl lengthen carbon cisvaccen acid oleic acid carbon atom doubl bond occur carbon atom methyl group illustr molecul oleic acid lewi formula<link ns0:type="simple" ns0:href="../923/7181923.xml">spacefil model</link></p><p><image width="300px" src="Oleic-acid-skeletal.svg"><caption>oleic acid skelet formula</caption></image><image width="250px" src="Oleic-acid-3D-vdW.png"><caption>oleic acid spacefil structur</caption></image></p></sec><sec><st>relat health</st><p>polyunsatur fat protect cardiovascular diseas provid<link ns0:type="simple" ns0:href="../817/4817.xml">membran</link>fluiditi monounsatur fat vulner<link ns0:type="simple" ns0:href="../956/1206956.xml">lipid peroxid</link><link ns0:type="simple" ns0:href="../711/198711.xml">rancid</link>hand monounsatur fatti acid satur fat promot<link ns0:type="simple" ns0:href="../448/54448.xml">insulin resist</link>polyunsatur fatti acid protect insulin resist<ref ns0:type="simple" ns0:href="#xpointer(//reflist/entry[@id=%221%22])" /><ref ns0:type="simple" ns0:href="#xpointer(//reflist/entry[@id=%222%22])" />direct contrast larg scale kanwu studi dietari monounsatur supplement polyunsatur fat form fish oil insulin sensit increas consumpt satur fat induc decreas paramet<ref ns0:type="simple" ns0:href="#xpointer(//reflist/entry[@id=%223%22])" /></p><p>food monounsatur fat lower<link ns0:type="simple" ns0:href="../521/51521.xml">ldl</link>cholesterol rais<link ns0:type="simple" ns0:href="../885/13885.xml">hdl</link>cholesterol<ref ns0:type="simple" ns0:href="#xpointer(//reflist/entry[@id=%224%22])" />true abil rais hdl debat</p><p>studi publish<link ns0:type="simple" ns0:href="../158/67158.xml">erythrocyt membran</link>oleic monounsatur fatti acid content posit associ<link ns0:type="simple" ns0:href="../547/70547.xml">breast cancer</link>risk postmenopaus women associ satur fatti acid breast cancer risk enzym desaturas catalyz convers stearic acid oleic acid neg correl<link ns0:type="simple" ns0:href="../158/67158.xml">erythrocyt membran</link>oleic acid dietari<link ns0:type="simple" ns0:href="../981/3321981.xml">polyunsatur fatti acid</link>invers relationship satur ratio membran stearic oleic acid breast cancer risk hormon metabol factor interact well dietari factor<ref ns0:type="simple" ns0:href="#xpointer(//reflist/entry[@id=%225%22])" /></p><p>children consumpt monounsatur oil associ healthier serum lipid profil<ref ns0:type="simple" ns0:href="#xpointer(//reflist/entry[@id=%226%22])" /></p></sec><sec><st>natur sourc</st><p>monounsatur fat natur food<fruit wordnetid="113134947" confidence="0.8"><natural_object wordnetid="100019128" confidence="0.8"><reproductive_structure wordnetid="111675842" confidence="0.8"><seed wordnetid="113135832" confidence="0.8"><plant_organ wordnetid="113087625" confidence="0.8"><plant_part wordnetid="113086908" confidence="0.8"><substance wordnetid="100020090" confidence="0.8"><bite wordnetid="107577374" confidence="0.8"><edible_nut wordnetid="107737081" confidence="0.8"><food wordnetid="100021265" confidence="0.8"><nut wordnetid="113136556" confidence="0.8"><nutriment wordnetid="107570720" confidence="0.8"><meal wordnetid="107573696" confidence="0.8"><link ns0:type="simple" ns0:href="../647/251647.xml">nut</link></meal></nutriment></nut></food></edible_nut></bite></substance></plant_part></plant_organ></seed></reproductive_structure></natural_object></fruit><link ns0:type="simple" ns0:href="../017/166017.xml">avocado</link>main compon<link ns0:type="simple" ns0:href="../613/3025613.xml">tea seed oil</link><link ns0:type="simple" ns0:href="../478/22478.xml">oliv oil</link><link ns0:type="simple" ns0:href="../100/661100.xml">oleic acid</link><link ns0:type="simple" ns0:href="../190/86190.xml">canola oil</link>monounsatur fat oliv oil monounsatur fat<link ns0:type="simple" ns0:href="../613/3025613.xml">tea seed oil</link>commonli monounsatur fat sourc includ<link ns0:type="simple" ns0:href="../249/413249.xml">grapese oil</link><link ns0:type="simple" ns0:href="../104/180104.xml">ground nut</link>oil<link ns0:type="simple" ns0:href="../910/1195910.xml">peanut oil</link><link ns0:type="simple" ns0:href="../711/295711.xml">flaxse oil</link><link ns0:type="simple" ns0:href="../664/905664.xml">sesam oil</link><link ns0:type="simple" ns0:href="../452/2249452.xml">corn oil</link><link ns0:type="simple" ns0:href="../176/232176.xml">popcorn</link><link ns0:type="simple" ns0:href="../597/2052597.xml">grain</link><link ns0:type="simple" ns0:href="../858/36858.xml">wheat</link><link ns0:type="simple" ns0:href="../700/6700.xml">cereal</link><link ns0:type="simple" ns0:href="../310/193310.xml">oatmeal</link><link ns0:type="simple" ns0:href="../441/1208441.xml">safflow oil</link><link ns0:type="simple" ns0:href="../902/2921902.xml">sunflow oil</link><link ns0:type="simple" ns0:href="../070/5676070.xml">teaoil camellia</link><link ns0:type="simple" ns0:href="../788/5864788.xml">avocado oil</link></p></sec><sec><st>refer</st><p><reflist><entry id="1"><cite style="font-style:normal">lovejoy jc influenc dietari fat insulin resist<it>current diabet report</it><b /><document wordnetid="106470073" confidence="0.8"><written_communication wordnetid="106349220" confidence="0.8"><writing wordnetid="106362953" confidence="0.8"><link ns0:type="simple" ns0:href="../994/422994.xml">doi</link></writing></written_communication></document><weblink ns0:type="simple" ns0:href="http://dx.doi.org/10.1007%2Fs11892-002-0098-y">sy</weblink>pmid</cite></entry><entry id="2"><cite style="font-style:normal">satoshi fukuchi<weblink ns0:type="simple" ns0:href="http://www.ebmonline.org/cgi/content/full/229/6/486">role fatti acid composit develop metabol disord sucroseinduc obes rat</weblink><it>experiment biolog medicin</it><b />pmid</cite></entry><entry id="3"><cite style="font-style:normal">vessbi unsitupa hermansen riccardi rivelles aa tapsel lc nlsn berglund louheranta rasmussen bm calvert gd maffeton pedersen gustafsson ib storlien lh<weblink ns0:type="simple" ns0:href="http://link.springer-ny.com/link/service/journals/00125/bibs/1044003/10440312.htm">substitut dietari satur monounsatur fat impair insulin sensit healthi men women kanwu studi</weblink><it>diabetologia</it><b /><document wordnetid="106470073" confidence="0.8"><written_communication wordnetid="106349220" confidence="0.8"><writing wordnetid="106362953" confidence="0.8"><link ns0:type="simple" ns0:href="../994/422994.xml">doi</link></writing></written_communication></document><weblink ns0:type="simple" ns0:href="http://dx.doi.org/10.1007%2Fs001250051620" />pmid</cite></entry><entry id="4"><it>control cholesterol guid lowcholesterol live</it><company wordnetid="108058098" confidence="0.9508927676800064"><link ns0:type="simple" ns0:href="../760/1180760.xml">merck</link></company></entry><entry id="5"><cite style="font-style:normal">pala krogh muti al jul<weblink ns0:type="simple" ns0:href="http://jnci.oxfordjournals.org/cgi/content/full/93/14/1088">erythrocyt membran fatti acid subsequ breast cancer prospect italian studi</weblink><it>natl cancer inst</it><b />pmid</cite></entry><entry id="6"><cite style="font-style:normal">sanchezbayl gonzalezrequejo pelaez mj moral mt asensioanton antonpacheco crosssect studi dietari habit lipid profil rivasvaciamadrid studi<it>eur pediatr</it><b /><document wordnetid="106470073" confidence="0.8"><written_communication wordnetid="106349220" confidence="0.8"><writing wordnetid="106362953" confidence="0.8"><link ns0:type="simple" ns0:href="../994/422994.xml">doi</link></writing></written_communication></document><weblink ns0:type="simple" ns0:href="http://dx.doi.org/10.1007%2Fs00431-007-0439-6" />pmid</cite></entry></reflist></p></sec><sec><st /><p><list><entry level="1" type="bullet"><link ns0:type="simple" ns0:href="../885/13885.xml">high densiti lipoprotein</link></entry><entry level="1" type="bullet"><link ns0:type="simple" ns0:href="../746/264746.xml">satur fat</link></entry><entry level="1" type="bullet"><link ns0:type="simple" ns0:href="../748/264748.xml">unsatur fat</link></entry><entry level="2" type="bullet"><link ns0:type="simple" ns0:href="../513/1610513.xml">polyunsatur fat</link></entry></list></p></sec><sec><st>extern link</st><p><list><entry level="1" type="bullet"><weblink ns0:type="simple" ns0:href="http://www.mayoclinic.com/health/diabetes-diet/DA00075">fat mayo clinic</weblink></entry><entry level="1" type="bullet"><weblink ns0:type="simple" ns0:href="http://www.heartmaine.com/resources/types-of-fats.php">type fat cardiovascular consult</weblink>date</entry><entry level="1" type="bullet"><weblink ns0:type="simple" ns0:href="http://www.benbest.com/health/essfat.html#chem">chemistri unsatur fat</weblink></entry></list></p></sec></bdy></article>