<article xmlns:ns0="http://www.w3.org/1999/xlink"><header><title>hydrometeorolog predict center</title><id /><revision><id /><timestamp>tz</timestamp><contributor><username>thegreatdr</username><id /></contributor></revision><categories><category>nation weather servic</category><category>weather predict</category></categories></header><bdy>hydrometeorolog predict center hpc servic center umbrella<link ns0:type="simple" ns0:href="../931/1619931.xml">nation center environment predict</link>ncep oper aegi<agency wordnetid="108337324" confidence="0.9508927676800064"><link ns0:type="simple" ns0:href="../989/286989.xml">nation weather servic</link></agency>turn<link ns0:type="simple" ns0:href="../876/37876.xml">nation ocean atmospher administr</link>noaa<link ns0:type="simple" ns0:href="../149/195149.xml">govern</link>hpc serv center excel quantit<idea wordnetid="105833840" confidence="0.8"><concept wordnetid="105835747" confidence="0.8"><link ns0:type="simple" ns0:href="../260/286260.xml">precipit</link></concept></idea>forecast medium rang<link ns0:type="simple" ns0:href="../231/73231.xml">forecast</link>three day interpret<link ns0:type="simple" ns0:href="../416/375416.xml">numer weather predict model</link><p>hpc issu storm summari storm system bring rainfal snowfal portion<body wordnetid="107965085" confidence="0.8"><social_group wordnetid="107950920" confidence="0.8"><political_orientation wordnetid="106212839" confidence="0.8"><colony wordnetid="108374049" confidence="0.8"><state wordnetid="108168978" confidence="0.8"><political_unit wordnetid="108359949" confidence="0.8"><group wordnetid="100031264" confidence="0.8"><democracy wordnetid="106217103" confidence="0.8"><link ns0:type="simple" ns0:href="../750/3434750.xml">unit</link></democracy></group></political_unit></state></colony></political_orientation></social_group></body>advisori issu<link ns0:type="simple" ns0:href="../374/8282374.xml">tropic cyclon</link>move inland weaken tropic depress strength longer respons<physical_entity wordnetid="100001930" confidence="0.8"><region wordnetid="108630985" confidence="0.8"><atmospheric_phenomenon wordnetid="111425580" confidence="0.8"><location wordnetid="100027167" confidence="0.8"><natural_phenomenon wordnetid="111408559" confidence="0.8"><storm wordnetid="111462526" confidence="0.8"><hurricane wordnetid="111467018" confidence="0.8"><physical_phenomenon wordnetid="111419404" confidence="0.8"><center wordnetid="108523483" confidence="0.8"><phenomenon wordnetid="100034213" confidence="0.8"><process wordnetid="100029677" confidence="0.8"><area wordnetid="108497294" confidence="0.8"><cyclone wordnetid="111443721" confidence="0.8"><windstorm wordnetid="111527014" confidence="0.8"><link ns0:type="simple" ns0:href="../317/255317.xml">nation hurrican center</link></windstorm></cyclone></area></process></phenomenon></center></physical_phenomenon></hurricane></storm></natural_phenomenon></location></atmospheric_phenomenon></region></physical_entity>hpc act backup offic<physical_entity wordnetid="100001930" confidence="0.8"><region wordnetid="108630985" confidence="0.8"><atmospheric_phenomenon wordnetid="111425580" confidence="0.8"><location wordnetid="100027167" confidence="0.8"><natural_phenomenon wordnetid="111408559" confidence="0.8"><storm wordnetid="111462526" confidence="0.8"><hurricane wordnetid="111467018" confidence="0.8"><physical_phenomenon wordnetid="111419404" confidence="0.8"><center wordnetid="108523483" confidence="0.8"><phenomenon wordnetid="100034213" confidence="0.8"><process wordnetid="100029677" confidence="0.8"><area wordnetid="108497294" confidence="0.8"><cyclone wordnetid="111443721" confidence="0.8"><windstorm wordnetid="111527014" confidence="0.8"><link ns0:type="simple" ns0:href="../317/255317.xml">nation hurrican center</link></windstorm></cyclone></area></process></phenomenon></center></physical_phenomenon></hurricane></storm></natural_phenomenon></location></atmospheric_phenomenon></region></physical_entity>event complet commun failur</p><sec><st>histori</st><p>earli day organ weather collect unit central facil gather dissemin data origin task occupi singl room<military_unit wordnetid="108198398" confidence="0.8"><division wordnetid="108220714" confidence="0.8"><administrative_unit wordnetid="108077292" confidence="0.8"><branch wordnetid="108401248" confidence="0.8"><link ns0:type="simple" ns0:href="../898/1682898.xml">unit armi signal servic</link></branch></administrative_unit></division></military_unit><village wordnetid="108672738" confidence="0.9508927676800064"><link ns0:type="simple" ns0:href="../956/108956.xml">washington dc</link></village>report collect<link ns0:type="simple" ns0:href="../010/30010.xml">telegraph</link>gener forecast countri decemb offic wban analysi center creat order central effort civilian militari weather servic minim duplic effort time medium rang forecast began nation day futur chart map creat facil nation distribut<ref ns0:type="simple" ns0:href="#xpointer(//reflist/entry[@id=%221%22])" /></p><p>juli joint numer weather predict unit creat test<link ns0:type="simple" ns0:href="../381/1505381.xml">numer weather predict</link>techniqu devic<link ns0:type="simple" ns0:href="../457/7878457.xml">comput</link>unit coloc wban analysi center form nation weather analysi center locat<link ns0:type="simple" ns0:href="../555/116555.xml">suitland maryland</link>unit merg chang nation meteorolog center nmc januari comput process abil increas year allow global forecast model june januari facil minu comput move weather build locat nearbi<social_group wordnetid="107950920" confidence="0.8"><gathering wordnetid="107975026" confidence="0.8"><community wordnetid="108223802" confidence="0.8"><group wordnetid="100031264" confidence="0.8"><link ns0:type="simple" ns0:href="../509/116509.xml">camp spring maryland</link></group></community></gathering></social_group><ref ns0:type="simple" ns0:href="#xpointer(//reflist/entry[@id=%221%22])" /></p><p>nmc chang ncep nation center environment predict octob hpc subunit ncep number nation center<link ns0:type="simple" ns0:href="../017/15137017.xml">climat predict center</link><link ns0:type="simple" ns0:href="../939/1619939.xml">environment model center</link><physical_entity wordnetid="100001930" confidence="0.8"><region wordnetid="108630985" confidence="0.8"><atmospheric_phenomenon wordnetid="111425580" confidence="0.8"><location wordnetid="100027167" confidence="0.8"><natural_phenomenon wordnetid="111408559" confidence="0.8"><storm wordnetid="111462526" confidence="0.8"><hurricane wordnetid="111467018" confidence="0.8"><physical_phenomenon wordnetid="111419404" confidence="0.8"><center wordnetid="108523483" confidence="0.8"><phenomenon wordnetid="100034213" confidence="0.8"><process wordnetid="100029677" confidence="0.8"><area wordnetid="108497294" confidence="0.8"><cyclone wordnetid="111443721" confidence="0.8"><windstorm wordnetid="111527014" confidence="0.8"><link ns0:type="simple" ns0:href="../317/255317.xml">nation hurrican center</link></windstorm></cyclone></area></process></phenomenon></center></physical_phenomenon></hurricane></storm></natural_phenomenon></location></atmospheric_phenomenon></region></physical_entity><link ns0:type="simple" ns0:href="../391/19163391.xml">ocean predict center</link><link ns0:type="simple" ns0:href="../249/536249.xml">storm predict center</link><link>aviat weather center</link>ncep central oper<link ns0:type="simple" ns0:href="../158/2096158.xml">space environ center</link><ref ns0:type="simple" ns0:href="#xpointer(//reflist/entry[@id=%221%22])" /></p></sec><sec><st>mission</st><p>mission hpc provid forecast guidanc analysi product servic support daili public forecast activ nw custom provid tailor support govern agenc emerg special situat<ref ns0:type="simple" ns0:href="#xpointer(//reflist/entry[@id=%222%22])" /></p></sec><sec><st>product servic</st><ss1><st>quantit precipit forecast qpf</st><p><image location="right" width="250 px" src="Rita5dayqpf.gif" type="thumb"><caption>day qpf hurrican rita</caption></image>qpf desk prepar issu forecast accumul quantit precipit heavi rain heavi snow highlight area potenti flash flood forecast valid day product<agency wordnetid="108337324" confidence="0.9508927676800064"><link ns0:type="simple" ns0:href="../989/286989.xml">nation weather servic</link></agency>forecast offic internet public heavi snow forecast product associ shortrang public forecast product describ serv coordin mechan nation winter storm watch warn program<ref ns0:type="simple" ns0:href="#xpointer(//reflist/entry[@id=%222%22])" /></p><p>desk nation environment satellit data servic nesdi coloc hpc qpf desk form nation precipit predict unit nppu nesdi meteorologist prepar estim rainfal current trend base satellit data day qpf forecast help creat individu hourli forecast cover hour access wsrddoppler radar data satellit estim ncep model forecast data well current weather observ hpc analys forecast latest data prepar shortrang precipit forecast meteorolog reason discuss regularli written issu forecast packag explain support forecast<ref ns0:type="simple" ns0:href="#xpointer(//reflist/entry[@id=%222%22])" /></p></ss1><ss1><st>winter weather forecast</st><p>hpc winter weather desk issu heavi snow ice forecast product support nw winter weather watchwarningoutlook program forecast contigu unit conu issu<link ns0:type="simple" ns0:href="../145/28145.xml">septemb</link><link ns0:type="simple" ns0:href="../674/19674.xml" />cold season graphic forecast issu daili utc utc ampm est updat warrant rapidli chang condit</p><p>winter weather desk issu probabilist heavi snow ice guidanc product three day forecast repres probabl freez rain combin snowsleet accumul will meet specif criteria hour period product issu probabilist form better repres forecast uncertainti associ event winter weather desk produc heavi snow ice discuss meteorolog reason hour probabilist heavi snow ice guidanc graphic text messag intern extern client includ nw field offic depart homeland secur fema white hous depart commerc faa gener meteorolog commun privat sector media<ref ns0:type="simple" ns0:href="#xpointer(//reflist/entry[@id=%222%22])" /></p></ss1><ss1><st>graphic short term forecast</st><p>short rang forecast respons prepar forecast time period hour product issu daili guidanc nwss global forecast system gf north american mesoscal model nam well guidanc european centr medium rang weather forecast ecmwf unit kingdom meteorolog offic ukmet meteorolog servic canada includ ensembl coordin surfac analysi model diagnost quantit precipit winter weather tropic forecast desk perform short rang forecast process maintain intern consist short rang forecast product includ surfac pressur pattern circul center front hour depict type extent precipit forecast valid time chart addit discuss written shift issu forecast packag highlight meteorolog reason forecast weather continent unit<ref ns0:type="simple" ns0:href="#xpointer(//reflist/entry[@id=%222%22])" /></p></ss1><ss1><st>medium rang forecast</st><p><image location="right" width="250 px" src="Day5pressureforecast.gif" type="thumb"><caption>forecast surfac pressur day futur north pacif north america north atlant ocean</caption></image>medium rang forecast respons prepar forecast three day futur surfac pressur forecast issu three time day temperatur probabl precipit product issu day guidanc nw medium rang forecast model gf well model european centr medium rang weather forecast ecmwf unit kingdom meteorolog offic ukmet canadian model navi nogap model ensembl guidanc gf ecmwf canadian north american ensembl forecast system naef</p><p>medium rang forecast product includ surfac pressur pattern circul center front daili maximum minimum temperatur anomali probabl precipit hour increment total day precipit accumul day hpa height forecast day addit narr issu set forecast highlight forecast reason weather continent unit separ forecast day product prepar hawaii<ref ns0:type="simple" ns0:href="#xpointer(//reflist/entry[@id=%222%22])" /></p></ss1><ss1><st>alaska medium rang forecast</st><p>alaska medium rang forecast review latest determinist ensembl model guidanc gf global ensembl forecast system gef canadian gem global canadian gem ensembl ecmwf ecmwf ensembl navi nogap ukmet north american ensembl forecast system naef compos forecast alaska surround area valid day futur</p><p>alaska medium rang discuss hpa height graphic surfac front pressur graphic day issu experiment addit grid guidanc forecast period issu experiment field maximumminimum temperatur grid twelv hour probabl precipit grid well deriv dewpoint temperatur cloud cover precipit type wind speeddirect grid horizont resolut<ref ns0:type="simple" ns0:href="#xpointer(//reflist/entry[@id=%222%22])" /></p></ss1><ss1><st>model diagnost interpret</st><p>purpos hpc model diagnost discuss provid object subject interpret concern current run ncep short rang numer model hpc model diagnost meteorologist prepar model diagnost discuss day part correspond utc utc model run narr consist three section evalu initi nam gf review model trend bias descript model differ prefer meteorologist review suit model latest forecast cycl differ forecast featur prefer base relev current<ref ns0:type="simple" ns0:href="#xpointer(//reflist/entry[@id=%222%22])" /></p></ss1><ss1><st>surfac analysi</st><p><image width="250px" src="Surface_analysis.gif" type="thumb"><caption>surfac weather analysi<body wordnetid="107965085" confidence="0.8"><social_group wordnetid="107950920" confidence="0.8"><political_orientation wordnetid="106212839" confidence="0.8"><colony wordnetid="108374049" confidence="0.8"><state wordnetid="108168978" confidence="0.8"><political_unit wordnetid="108359949" confidence="0.8"><group wordnetid="100031264" confidence="0.8"><democracy wordnetid="106217103" confidence="0.8"><link ns0:type="simple" ns0:href="../750/3434750.xml">unit</link></democracy></group></political_unit></state></colony></political_orientation></social_group></body><link ns0:type="simple" ns0:href="../570/22570.xml">octob</link><link ns0:type="simple" ns0:href="../164/36164.xml" /></caption></image>hpc<link ns0:type="simple" ns0:href="../218/73218.xml">surfac analysi</link>nw unifi surfac analysi collabor effort<link ns0:type="simple" ns0:href="../391/19163391.xml">ocean predict center</link><link ns0:type="simple" ns0:href="../317/255317.xml">tropic predict center</link>hpc focus synopt mesoscal featur north america north surfac analysi manual analysi surfac front pressur north america adjac ocean perform three hour analysi util varieti weather data addit observ surfac weather condit upper air observ global satellit imageri doppler radar model mass field ensur product meteorolog consist<ref ns0:type="simple" ns0:href="#xpointer(//reflist/entry[@id=%222%22])" /></p></ss1><ss1><st>tropic cyclon forecast duti</st><p>hpc offici backup center nation hurrican center nhc capac hpc respons issu tropic cyclon product includ discuss graphic watch warn issu nhc tropic system atlant ocean eastern pacif ocean basin nhc unabl</p><p>tropic weather season run novemb hpc routin duti pertain tropic weather forecast duti provid track forecast guidanc nhc tropic cyclon atlant ocean basin west longitud requir guidanc provid nhc time daili tropic cyclon packag issu nhc utc utc utc utc hpc particip hurrican hotlin call nhc forecast offic govern agenc tropic cyclon atlant ocean basin west longitud point day exist tropic cyclon east longitud<ref ns0:type="simple" ns0:href="#xpointer(//reflist/entry[@id=%223%22])" />day futur tropic cyclon coordin medium rang pressur desk nhc day noon hurrican season</p><p>hpc tropic program lead forecast shift prepar day qpf provid rainfal statement tropic cyclon expect landfal statement includ public advisori issu nhc forecast expect rainfal amount will occur tropic cyclon<ref ns0:type="simple" ns0:href="#xpointer(//reflist/entry[@id=%224%22])" /></p><p>final hpc tropic desk respons issu public advisori tropic cyclon landfal adjac part mexico weaken tropic storm statu system capabl produc flood type rain hpc public advisori will continu issu flood rainfal threat advisori will rainfal occur tropic system will includ forecast remnant system<ref ns0:type="simple" ns0:href="#xpointer(//reflist/entry[@id=%222%22])" /></p></ss1><ss1><st>intern desk</st><p>intern desk varieti respons train foreign visitor numer weather predict product intern desk routin host visitor central south america caribbean visit meteorologist train gener forecast nation center assist hpc forecast qpf tropic cyclon central america caribbean<ref ns0:type="simple" ns0:href="#xpointer(//reflist/entry[@id=%222%22])" /></p></ss1></sec><sec><st>build</st><p><image location="right" width="175px" src="New_NCWCP_Building.jpg" type="thumb"><caption>construct underway ncwcp build</caption></image>construct start build hous headquart ncep offic director center includ hpc build will replac current weather build locat<social_group wordnetid="107950920" confidence="0.8"><gathering wordnetid="107975026" confidence="0.8"><community wordnetid="108223802" confidence="0.8"><group wordnetid="100031264" confidence="0.8"><link ns0:type="simple" ns0:href="../509/116509.xml">camp spring maryland</link></group></community></gathering></social_group>build will<village wordnetid="108672738" confidence="0.9508927676800064"><link ns0:type="simple" ns0:href="../306/99306.xml">colleg park maryland</link></village>will msquar crossroad govern privat industri technolog scienc converg nation largest park sq ft build will employ peopl center resid facil hydrometeorlog predict center hpc climat predict center cpc ocean predict center opc environment model center emc ncep central oper nco build expect open<ref ns0:type="simple" ns0:href="#xpointer(//reflist/entry[@id=%225%22])" /></p></sec><sec><st>refer</st><p><reflist><entry id="1">hydrometeorolog predict center<weblink ns0:type="simple" ns0:href="http://www.hpc.ncep.noaa.gov/html/historyNMC.shtml">histori hydrometeorolog predict center</weblink>retriev<link /></entry><entry id="2">hydrometeorolog predict center<weblink ns0:type="simple" ns0:href="http://www.hpc.ncep.noaa.gov/html/about2.shtml">hpc</weblink>retriev<link /></entry><entry id="3"><agency wordnetid="108337324" confidence="0.9508927676800064"><link ns0:type="simple" ns0:href="../243/70243.xml">unit depart commerc</link></agency><weblink ns0:type="simple" ns0:href="http://www.weather.gov/om/assessments/pdfs/Katrina.pdf">servic assess hurrican katrina august</weblink>retriev<link /></entry><entry id="4"><person wordnetid="100007846" confidence="0.9508927676800064"><link ns0:type="simple" ns0:href="../361/11499361.xml">david roth</link></person><weblink ns0:type="simple" ns0:href="http://www.hpc.ncep.noaa.gov/research/roth/TC_QPF_talk032008.ppt">hpc role provid tropic cyclon rainfal product</weblink>retriev<link /></entry><entry id="5"><link ns0:type="simple" ns0:href="../931/1619931.xml">nation center environment predict</link><weblink ns0:type="simple" ns0:href="http://www.ncep.noaa.gov/news/ncwcp/s043.shtml">construct pictur ncwcp site august</weblink>retriev<link /></entry></reflist></p></sec><sec><st /><p><list><entry level="1" type="bullet"><idea wordnetid="105833840" confidence="0.8"><concept wordnetid="105835747" confidence="0.8"><link ns0:type="simple" ns0:href="../778/4287778.xml">hydrometeorolog</link></concept></idea></entry></list></p></sec><sec><st>extern link</st><p><list><entry level="1" type="bullet"><weblink ns0:type="simple" ns0:href="http://www.hpc.ncep.noaa.gov/index.shtml">offici websit</weblink></entry></list></p></sec></bdy></article>