<article xmlns:ns0="http://www.w3.org/1999/xlink"><celebrity confidence="0.9508927676800064" wordnetid="109903153"><writer confidence="0.9511911446218017" wordnetid="110794014"><header><title>verna alle</title><id /><revision><id /><timestamp>tz</timestamp><contributor><username>arpingston</username><id /></contributor></revision><categories><category>california writer</category><category>live peopl</category><category>american businesspeopl</category><category>peopl kansa</category></categories></header><bdy><template><name>infobox celebr</name><parameters><image width="150px" src="Verna_Allee_MeshForum_2006-05-08.jpg" /><website><weblink ns0:type="simple" ns0:href="http://vernaallee.com/">httpvernaalleecom</weblink></website><name>verna alle</name></parameters></template><p><b>verna alle</b>born<region wordnetid="108630985" confidence="0.8"><administrative_district wordnetid="108491826" confidence="0.8"><location wordnetid="100027167" confidence="0.8"><district wordnetid="108552138" confidence="0.8"><country wordnetid="108544813" confidence="0.8"><link ns0:type="simple" ns0:href="../716/16716.xml">kansa</link></country></district></location></administrative_district></region><ref ns0:type="simple" ns0:href="#xpointer(//reflist/entry[@id=%221%22])" /><body wordnetid="107965085" confidence="0.8"><social_group wordnetid="107950920" confidence="0.8"><political_orientation wordnetid="106212839" confidence="0.8"><colony wordnetid="108374049" confidence="0.8"><state wordnetid="108168978" confidence="0.8"><political_unit wordnetid="108359949" confidence="0.8"><group wordnetid="100031264" confidence="0.8"><democracy wordnetid="106217103" confidence="0.8"><link ns0:type="simple" ns0:href="../750/3434750.xml">unit</link></democracy></group></political_unit></state></colony></political_orientation></social_group></body>american<link ns0:type="simple" ns0:href="../635/282635.xml">busi consult</link>writer topic includ<link ns0:type="simple" ns0:href="../337/1614337.xml">network</link><link ns0:type="simple" ns0:href="../896/72896.xml">knowledg manag</link><link ns0:type="simple" ns0:href="../474/3214474.xml">organiz intellig</link><link ns0:type="simple" ns0:href="../858/45858.xml">intellectu capit</link><link ns0:type="simple" ns0:href="../157/5303157.xml">convers</link><link ns0:type="simple" ns0:href="../191/976191.xml">intang</link></p><p>alle hold ba social scienc ma human conscious special organiz leadership</p><p>verna alle author coauthor three book network organiz knowledg book<it>knowledg evolut expand organiz intellig</it>offer road map understand knowledg creation learn perform everyday work book<it>futur knowledg increas prosper network</it>network organ understood practic everyday level</p><p>alle codevelop valuenet work fieldbook<ref ns0:type="simple" ns0:href="#xpointer(//reflist/entry[@id=%222%22])" />genisi applic<system wordnetid="104377057" confidence="0.8"><artifact wordnetid="100021939" confidence="0.8"><instrumentality wordnetid="103575240" confidence="0.8"><link ns0:type="simple" ns0:href="../648/2889648.xml">cd isi</link></instrumentality></artifact></system>cohost open resourc websit<ref ns0:type="simple" ns0:href="#xpointer(//reflist/entry[@id=%223%22])" />content<link ns0:type="simple" ns0:href="../272/52272.xml">creativ common attribut licens</link><link ns0:type="simple" ns0:href="../055/5303055.xml">network analysi</link>practition</p><p>verna alle defin<link ns0:type="simple" ns0:href="../337/1614337.xml">network</link>web relationship gener tangibl intang complex dynam exchang individu group organ organ group organ engag tangibl intang exchang view network privat industri govern public sector</p><p>develop network analysi system map analysi approach understand tangibl intang creation particip enterpris system</p><p>sponsor support network consortium<weblink ns0:type="simple" ns0:href="http://www.vnclusters.com">httpwwwvnclusterscom</weblink>address infrastructur challeng standard vital network</p><p>verna alle live martinez california usa</p><sec><st>book</st><p><list><entry level="1" type="bullet"><it>knowledg evolut expand organiz intellig</it><determinant wordnetid="105692419" confidence="0.8"><imprint wordnetid="105693383" confidence="0.8"><cognitive_factor wordnetid="105686481" confidence="0.8"><influence wordnetid="105692910" confidence="0.8"><link ns0:type="simple" ns0:href="../013/7603013.xml">butterworthheinemann</link></influence></cognitive_factor></imprint></determinant>busi book isbn isbn</entry><entry level="1" type="bullet"><it>futur knowledg increas prosper network</it>butterworthheinemann busi book isbn isbn</entry><entry level="1" type="bullet"><it>true wealth creat</it>verna alle dinesh chandra ed<legal_power wordnetid="105198427" confidence="0.9508927676800064"><link ns0:type="simple" ns0:href="../585/51585.xml">delhi</link></legal_power>indigo press isbn</entry></list></p></sec><sec><st>refer</st><p><reflist><entry id="1"><weblink ns0:type="simple" ns0:href="http://www.vernaallee.com/interviews/Alex_Bennet_interview.pdf">august interview</weblink><message wordnetid="106598915" confidence="0.8"><information wordnetid="106634376" confidence="0.8"><language wordnetid="106282651" confidence="0.8"><format wordnetid="106636806" confidence="0.8"><link ns0:type="simple" ns0:href="../077/24077.xml">pdf</link></format></language></information></message><web_site wordnetid="106359193" confidence="0.9508927676800064"><link ns0:type="simple" ns0:href="../431/12431.xml">googl search</link></web_site>term alex bennet field univers will find<link ns0:type="simple" ns0:href="../191/13191.xml">html</link>version<it>vernaalleecom</it><link ns0:type="simple" ns0:href="../154/1154.xml">august</link><link ns0:type="simple" ns0:href="../524/35524.xml" />excerpt interview conduct summer<event wordnetid="100029378" confidence="0.8"><social_event wordnetid="107288639" confidence="0.8"><show wordnetid="106619065" confidence="0.8"><psychological_feature wordnetid="100023100" confidence="0.8"><attraction wordnetid="106615561" confidence="0.8"><link ns0:type="simple" ns0:href="../116/12510116.xml">alex bennet</link></attraction></psychological_feature></show></social_event></event>interview<link ns0:type="simple" ns0:href="../904/1740904.xml">thought leader</link><link ns0:type="simple" ns0:href="../896/72896.xml" /><weblink ns0:type="simple" ns0:href="http://www.mountainquestinstitute.com/dissertation.htm">dissert</weblink><link ns0:type="simple" ns0:href="../215/300215.xml">thesi</link><degree wordnetid="105093890" confidence="0.8"><property wordnetid="104916342" confidence="0.8"><link ns0:type="simple" ns0:href="../775/8775.xml">phd</link></property></degree>program<body wordnetid="107965085" confidence="0.8"><university wordnetid="108286163" confidence="0.8"><social_group wordnetid="107950920" confidence="0.8"><educational_institution wordnetid="108276342" confidence="0.8"><group wordnetid="100031264" confidence="0.8"><institution wordnetid="108053576" confidence="0.8"><link ns0:type="simple" ns0:href="../683/2821683.xml">field univers</link></institution></group></educational_institution></social_group></university></body></entry><entry id="2"><weblink ns0:type="simple" ns0:href="http://www.alleevaluenetworks.com">valuenet work analysi fieldbook websit</weblink></entry><entry id="3"><weblink ns0:type="simple" ns0:href="http://www.value-networks.com">open network websit</weblink></entry></reflist></p></sec><sec><st>extern link</st><p><list><entry level="1" type="bullet"><weblink ns0:type="simple" ns0:href="http://www.vernaallee.com/">verna alle websit</weblink></entry><entry level="1" type="bullet"><weblink ns0:type="simple" ns0:href="http://www.ikmagazine.com/xq/asp/txtSearch.Collaborative+tools/exactphrase.1/sid.0/articleid.2256E0B1-E464-481D-93A1-35EA5A3E1297/qx/display.htm">insid knowledg magazin</weblink></entry><entry level="1" type="bullet"><weblink ns0:type="simple" ns0:href="http://www.worldbusiness.org/about/academy-fellows/verna-allee/">busi academi websit</weblink></entry></list></p></sec></bdy></writer></celebrity></article>