<article xmlns:ns0="http://www.w3.org/1999/xlink"><physical_entity confidence="0.8" wordnetid="100001930"><communicator confidence="0.8" wordnetid="109610660"><person confidence="0.8" wordnetid="100007846"><school confidence="0.8" wordnetid="108276720"><yeshiva confidence="0.8" wordnetid="108278032"><educational_institution confidence="0.8" wordnetid="108276342"><causal_agent confidence="0.8" wordnetid="100007347"><writer confidence="0.8" wordnetid="110794014"><institution confidence="0.8" wordnetid="108053576"><academy confidence="0.8" wordnetid="108277805"><header><title>zev leff</title><id /><revision><id /><timestamp>tz</timestamp><contributor><username>californiafri</username><id /></contributor></revision><categories><category>rosh yeshiva</category><category>haredi rabbi unit</category><category>live peopl</category><category>haredi rabbi israel</category><category>peopl bronx</category><category>jewish writer</category><category>centuri rabbi</category><category>st centuri rabbi</category></categories></header><bdy>rabbi zev leff<link ns0:type="simple" ns0:href="../273/51273.xml">rav</link><link ns0:type="simple" ns0:href="../523/11717523.xml">moshav matityahu</link>israel americanborn<link ns0:type="simple" ns0:href="../518/22518.xml">orthodox</link><group wordnetid="100031264" confidence="0.8"><people wordnetid="107942152" confidence="0.8"><link ns0:type="simple" ns0:href="../913/15913.xml">jew</link></people></group>ish rabbi widelypopular torah educ teach lectur regularli englishspeak<link ns0:type="simple" ns0:href="../494/142494.xml">yeshivot</link>girl school commun center<link ns0:type="simple" ns0:href="../559/48559.xml">synagogu</link>function event israel well england south africa unit wit humor analyt brillianc rabbi leff tape lectur torah jewish theme distribut worldwid author book<link ns0:type="simple" ns0:href="../482/827482.xml">weekli torah portion</link>prolif columnist englishlanguag newspap magazin<sec><st>earli life</st><p>born<link ns0:type="simple" ns0:href="../338/3338.xml">bronx</link><region wordnetid="108630985" confidence="0.8"><administrative_district wordnetid="108491826" confidence="0.8"><location wordnetid="100027167" confidence="0.8"><district wordnetid="108552138" confidence="0.8"><country wordnetid="108544813" confidence="0.8"><link ns0:type="simple" ns0:href="../131/8210131.xml">york</link></country></district></location></administrative_district></region>nonobserv jewish parent rabbi leff attend local<school wordnetid="108276720" confidence="0.8"><educational_institution wordnetid="108276342" confidence="0.8"><institution wordnetid="108053576" confidence="0.8"><link ns0:type="simple" ns0:href="../790/2899790.xml">hebrew school</link></institution></educational_institution></school>famili move<area wordnetid="108497294" confidence="0.9508927676800064"><link ns0:type="simple" ns0:href="../921/995921.xml">greater miami area</link></area>decid increas religi observ enrol hebrew academi greater miami learn skill par boy age grade thirdgrad class year caught grade decis<link ns0:type="simple" ns0:href="../041/15415041.xml">shomer shabbat</link><ref ns0:type="simple" ns0:href="#xpointer(//reflist/entry[@id=%221%22])" /></p><p>high school rabbi leff attend mesivta greater miami regularli assign yeshiva advanc<link ns0:type="simple" ns0:href="../404/16626404.xml">shiur</link>studi<body wordnetid="107965085" confidence="0.8"><university wordnetid="108286163" confidence="0.8"><social_group wordnetid="107950920" confidence="0.8"><school wordnetid="108276720" confidence="0.8"><yeshiva wordnetid="108278032" confidence="0.8"><educational_institution wordnetid="108276342" confidence="0.8"><group wordnetid="100031264" confidence="0.8"><institution wordnetid="108053576" confidence="0.8"><academy wordnetid="108277805" confidence="0.8"><link ns0:type="simple" ns0:href="../230/1343230.xml">telsh yeshiva</link></academy></institution></group></educational_institution></yeshiva></school></social_group></university></body>cleveland ohio receiv<link ns0:type="simple" ns0:href="../382/373382.xml">semicha</link>close talmid student rabbi<physical_entity wordnetid="100001930" confidence="0.8"><communicator wordnetid="109610660" confidence="0.8"><person wordnetid="100007846" confidence="0.8"><causal_agent wordnetid="100007347" confidence="0.8"><writer wordnetid="110794014" confidence="0.8"><link ns0:type="simple" ns0:href="../789/3166789.xml">mordechai gifter</link></writer></causal_agent></person></communicator></physical_entity></p><p>late marri rivkah minkoff<village wordnetid="108672738" confidence="0.9508927676800064"><link ns0:type="simple" ns0:href="../455/127455.xml">ellenvil york</link></village>coupl settl cleveland rabbi leff learn<link ns0:type="simple" ns0:href="../529/142529.xml">kollel</link>supervis telsh dormitori</p></sec><sec><st>enter rabbin</st><p><vacation wordnetid="115137890" confidence="0.9508927676800064"><link ns0:type="simple" ns0:href="../059/23059.xml">passov</link></vacation>visit miami rabbi leff deliv holiday sermon young israel greater miami north miami beach sermon well receiv holiday invit appli posit rabbi encourag rabbi gifter accept oneyear contract</p><p>rabbi leff serv rav famili young israel greater miami year<ref ns0:type="simple" ns0:href="#xpointer(//reflist/entry[@id=%222%22])" />work<social_group wordnetid="107950920" confidence="0.8"><meeting wordnetid="108307589" confidence="0.8"><gathering wordnetid="107975026" confidence="0.8"><group wordnetid="100031264" confidence="0.8"><conference wordnetid="108308497" confidence="0.8"><link ns0:type="simple" ns0:href="../846/3418846.xml">ncsi</link></conference></group></gathering></meeting></social_group>chapter<link ns0:type="simple" ns0:href="../559/48559.xml">synagogu</link>taught mesivta high school attend teenag abil understand religi secular jew popular leader advisor</p></sec><sec><st>torah educ israel</st><p>leff famili<link ns0:type="simple" ns0:href="../513/351513.xml">aliyah</link>israel rabbi leff rav mora dasra leader commun<link ns0:type="simple" ns0:href="../523/11717523.xml">moshav matityahu</link>small<link ns0:type="simple" ns0:href="../123/15123.xml">settlement</link>adjac<region wordnetid="108630985" confidence="0.8"><administrative_district wordnetid="108491826" confidence="0.8"><village wordnetid="108672738" confidence="0.8"><location wordnetid="100027167" confidence="0.8"><municipality wordnetid="108626283" confidence="0.8"><settlement wordnetid="108672562" confidence="0.8"><geographical_area wordnetid="108574314" confidence="0.8"><district wordnetid="108552138" confidence="0.8"><urban_area wordnetid="108675967" confidence="0.8"><city wordnetid="108524735" confidence="0.8"><link ns0:type="simple" ns0:href="../481/1162481.xml">modiin illit</link></city></urban_area></district></geographical_area></settlement></municipality></location></village></administrative_district></region>kiryat sefer matityahu minut drive newer citi<region wordnetid="108630985" confidence="0.8"><administrative_district wordnetid="108491826" confidence="0.8"><location wordnetid="100027167" confidence="0.8"><municipality wordnetid="108626283" confidence="0.8"><geographical_area wordnetid="108574314" confidence="0.8"><town wordnetid="108665504" confidence="0.8"><district wordnetid="108552138" confidence="0.8"><urban_area wordnetid="108675967" confidence="0.8"><link ns0:type="simple" ns0:href="../327/323327.xml">modiin</link></urban_area></district></town></geographical_area></municipality></location></administrative_district></region></p><p>addit commun duti rabbi leff serv<link ns0:type="simple" ns0:href="../050/817050.xml">rosh yeshivah</link>yeshiva gedolah matityahu overse member<link ns0:type="simple" ns0:href="../529/142529.xml">kollel</link>teach group unaffili isra live moshav<ref ns0:type="simple" ns0:href="#xpointer(//reflist/entry[@id=%221%22])" /><vacation wordnetid="115137890" confidence="0.9508927676800064"><link ns0:type="simple" ns0:href="../176/311176.xml">tisha bav</link></vacation>open<link ns0:type="simple" ns0:href="../124/617124.xml">beth midrash</link>hundr englishspeak israel hourslong run commentari<fundamental_quantity wordnetid="113575869" confidence="0.8"><time_period wordnetid="115113229" confidence="0.8"><time wordnetid="115122231" confidence="0.8"><literary_composition wordnetid="106364329" confidence="0.8"><written_communication wordnetid="106349220" confidence="0.8"><writing wordnetid="106362953" confidence="0.8"><day wordnetid="115123115" confidence="0.8"><poem wordnetid="106377442" confidence="0.8"><link ns0:type="simple" ns0:href="../221/12452221.xml">kinnot</link></poem></day></writing></written_communication></literary_composition></time></time_period></fundamental_quantity></p><p>rav leff torah shiurim depth knowledg person insight wit humor spoken record lesson wide rang theme includ weekli torah portion<link ns0:type="simple" ns0:href="../200/166200.xml">jewish philosophi</link><look wordnetid="100877127" confidence="0.8"><fundamental_quantity wordnetid="113575869" confidence="0.8"><time_period wordnetid="115113229" confidence="0.8"><time wordnetid="115122231" confidence="0.8"><observation wordnetid="100879759" confidence="0.8"><event wordnetid="100029378" confidence="0.8"><sensory_activity wordnetid="100876737" confidence="0.8"><day wordnetid="115123115" confidence="0.8"><act wordnetid="100030358" confidence="0.8"><psychological_feature wordnetid="100023100" confidence="0.8"><activity wordnetid="100407535" confidence="0.8"><sensing wordnetid="100876874" confidence="0.8"><link ns0:type="simple" ns0:href="../147/16147.xml">jewish holiday</link></sensing></activity></psychological_feature></act></day></sensory_activity></event></observation></time></time_period></fundamental_quantity></look><text wordnetid="106387980" confidence="0.8"><link ns0:type="simple" ns0:href="../344/231344.xml">amud yomi</link></text><link ns0:type="simple" ns0:href="../429/16429.xml">jewish marriag</link>role women judaism current event</p><p>faculti member darchei binah women school advanc torah studi<ref ns0:type="simple" ns0:href="#xpointer(//reflist/entry[@id=%223%22])" />derech institut torah studi<ref ns0:type="simple" ns0:href="#xpointer(//reflist/entry[@id=%224%22])" />jewish learn exchang london<ref ns0:type="simple" ns0:href="#xpointer(//reflist/entry[@id=%225%22])" />teach seminar yerushalayim<private_school wordnetid="108411170" confidence="0.8"><body wordnetid="107965085" confidence="0.8"><social_group wordnetid="107950920" confidence="0.8"><school wordnetid="108276720" confidence="0.8"><college wordnetid="108278169" confidence="0.8"><educational_institution wordnetid="108276342" confidence="0.8"><seminary wordnetid="108284994" confidence="0.8"><group wordnetid="100031264" confidence="0.8"><institution wordnetid="108053576" confidence="0.8"><link ns0:type="simple" ns0:href="../877/12764877.xml">neve yerushalayim</link></institution></group></seminary></educational_institution></college></school></social_group></body></private_school>eyaht colleg jewish studi women michlala women colleg bnot torah ohr lagolah institut<school wordnetid="108276720" confidence="0.8"><yeshiva wordnetid="108278032" confidence="0.8"><educational_institution wordnetid="108276342" confidence="0.8"><institution wordnetid="108053576" confidence="0.8"><academy wordnetid="108277805" confidence="0.8"><link ns0:type="simple" ns0:href="../960/3173960.xml">ohr somayach jerusalem</link></academy></institution></educational_institution></yeshiva></school>darchei noam institut train religi famili counselor<social_group wordnetid="107950920" confidence="0.8"><gathering wordnetid="107975026" confidence="0.8"><community wordnetid="108223802" confidence="0.8"><group wordnetid="100031264" confidence="0.8"><link ns0:type="simple" ns0:href="../671/314671.xml">bnei brak</link></group></community></gathering></social_group><ref ns0:type="simple" ns0:href="#xpointer(//reflist/entry[@id=%226%22])" />regular mondaymorn shiur ncsi<link ns0:type="simple" ns0:href="../577/1486577.xml">orthodox union</link>israel center jerusalem popular senior citizen</p><p>featur speaker convent orthodox union<link ns0:type="simple" ns0:href="../974/166974.xml">agudath israel america</link><institution wordnetid="108053576" confidence="0.8"><link ns0:type="simple" ns0:href="../358/4285358.xml">torah umesorah</link></institution><ref ns0:type="simple" ns0:href="#xpointer(//reflist/entry[@id=%227%22])" /><link ns0:type="simple" ns0:href="../541/13335541.xml">intern associ jewish outreach program ajop</link><ref ns0:type="simple" ns0:href="#xpointer(//reflist/entry[@id=%228%22])" />rabbin consult refuah institut<ref ns0:type="simple" ns0:href="#xpointer(//reflist/entry[@id=%229%22])" />baruch rofeh cholim<ref ns0:type="simple" ns0:href="#xpointer(//reflist/entry[@id=%2210%22])" /></p><p>regular columnist nowdefunct jewish women outlook englishlanguag yate neeman israel schedul contribut monthli rabbi column soontobelaunch jewish women magazin ba melech</p></sec><sec><st>book</st><p><list><entry level="1" type="bullet">outlook insight weekli torah portion artscrollmesorah public</entry><entry level="1" type="bullet">shemoneh esrei depth beauti daili tefillah targum press</entry></list></p></sec><sec><st>cd</st><p><list><entry level="1" type="bullet">jewish heritag journey rabbi leff multimedia jewish heritag journey lithuania poland belaru shorashim product grafix mediaworx distribut torah educ softwar</entry></list></p></sec><sec><st>refer</st><p><reflist><entry id="1"><weblink ns0:type="simple" ns0:href="http://www.rabbileff.net">torah matityahu outlook insight rabbi zev leff moshav matityahu expound current issu timeless topic discuss rabbi zev leff shlita</weblink></entry><entry id="2"><weblink ns0:type="simple" ns0:href="http://www.wherewhatwhen.com/read_articles.asp?id=66">interview rabbi zev leff</weblink></entry><entry id="3"><weblink ns0:type="simple" ns0:href="http://darcheibinah.org/index.php?option=com_content task=view id=14 Itemid=28">darchei binah darchei binah faculti</weblink></entry><entry id="4"><weblink ns0:type="simple" ns0:href="http://ohr.edu/a/study/derech/faculty.htm">derech institut torah studi faculti</weblink></entry><entry id="5"><weblink ns0:type="simple" ns0:href="http://www.jle.org.uk/showperson.php?id=40">jle rabbi zev leff</weblink></entry><entry id="6"><weblink ns0:type="simple" ns0:href="http://www.darchenoam.org/sp/ykbios.htm">yarch kallah faculti biographi darch noam institut</weblink></entry><entry id="7"><weblink ns0:type="simple" ns0:href="http://www.beyondbt.com/?p=989">report torah umesorah convent rais maaminim disbeliev bt baalei teshuva growth orient jew</weblink></entry><entry id="8"><weblink ns0:type="simple" ns0:href="http://www.ajop.com/conv_programgrid_shabbos.pdf">annual intern ajop convent</weblink></entry><entry id="9"><weblink ns0:type="simple" ns0:href="http://www.refuah.net/about.htm">refuah institut</weblink></entry><entry id="10"><weblink ns0:type="simple" ns0:href="http://www.savealife.org/AboutUs/Rabbinical.htm">rabbin board</weblink></entry></reflist></p></sec><sec><st>extern link</st><p><list><entry level="1" type="bullet"><weblink ns0:type="simple" ns0:href="http://www.rabbileff.net">rabbi leff websit</weblink></entry><entry level="1" type="bullet"><weblink ns0:type="simple" ns0:href="http://www.wherewhatwhen.com/read_articles.asp?id=66">interview rabbi zev leff</weblink></entry><entry level="1" type="bullet"><weblink ns0:type="simple" ns0:href="http://www.youtube.com/watch?v=wfClLX1wHa8">rabbi leff tisha bav kinot tube</weblink></entry><entry level="1" type="bullet"><weblink ns0:type="simple" ns0:href="http://www.shemayisrael.com/purim/leff.htm">purim rabbi leff</weblink></entry><entry level="1" type="bullet"><weblink ns0:type="simple" ns0:href="http://www.innernet.org.il/article.php?aid=431">excerpt dwell palac rabbi leff</weblink></entry><entry level="1" type="bullet"><weblink ns0:type="simple" ns0:href="http://www.targum.com/excerpts/shemoneh_esrei.html">excerpt shemoneh esrei rabbi leff</weblink></entry></list></p></sec></bdy></academy></institution></writer></causal_agent></educational_institution></yeshiva></school></person></communicator></physical_entity></article>