<article xmlns:ns0="http://www.w3.org/1999/xlink"><entity confidence="0.9511911446218017" wordnetid="100001740"><header><title>biolog network infer</title><id /><revision><id /><timestamp>tz</timestamp><contributor><username>hobb</username><id /></contributor></revision><categories><category>wikipedia articl need style edit decemb</category><category>articl need style edit</category><category>cleanup januari</category><category>wikipedia articl need style edit januari</category><category>bioinformat</category></categories></header><bdy><table class="metadata plainlinks ambox "><row><col>amboxstyl style</col></row><row><col class="mbox-image"><p><image width="40x40px" src="Ambox_style.png" /></p></col><col style="" class="mbox-text">articl written requir<weblink ns0:type="simple" ns0:href="http://localhost:18088/wiki/index.php?title=Biological_network_inference action=edit">help improv</weblink>rewrit decemb</col></row></table><p>type biolog network exist network approach complet structur simplest<link ns0:type="simple" ns0:href="../799/9028799.xml">bacteria</link>paramet govern behavior network time network level cell interact predict complet descript<link ns0:type="simple" ns0:href="../475/19172475.xml">eukaryot</link>cell bacteri organ point futur<link ns0:type="simple" ns0:href="../899/467899.xml">system biolog</link>sens infanc predict subject<link ns0:type="simple" ns0:href="../618/13690618.xml">dynam model</link>articl focus prerequisit dynam model network infer<link ns0:type="simple" ns0:href="../954/29954.xml">topolog</link>predict wire diagram network focu infer biolog network structur grow set highthroughput express data<link ns0:type="simple" ns0:href="../553/4250553.xml">gene</link><link ns0:type="simple" ns0:href="../634/23634.xml">protein</link><link ns0:type="simple" ns0:href="../374/20374.xml">metabolit</link></p><p>method highthroughput data infer regulatori network reli search pattern partial correl condit probabl indic causal influenc<ref ns0:type="simple" ns0:href="#xpointer(//reflist/entry[@id=%221%22])" />pattern partial correl highthroughput data combin supplement data gene protein propos network combin organ form basi<link ns0:type="simple" ns0:href="../775/775.xml">algorithm</link>work algorithm infer topolog network chang<link ns0:type="simple" ns0:href="../707/21707.xml">node</link>affect node</p><sec><st>comput infer method</st><p>topolog sens network set node set direct undirect edg node biolog network current studi comput infer method includ</p><p>transcript regulatori network gene node edg direct gene serv sourc direct regulatori edg target gene produc<link ns0:type="simple" ns0:href="../758/25758.xml">rna</link>protein molecul function transcript activ inhibitor target gene gene activ sourc posit regulatori connect inhibitor sourc neg regulatori connect comput algorithm infer topolog primari input data set<link ns0:type="simple" ns0:href="../570/167570.xml">microarray</link>run measur<link ns0:type="simple" ns0:href="../232/20232.xml">mrna</link>express level gene consider inclus network</p><p>great bulk highthroughput data fed correlationbas algorithm microarray experi analysi fruit point biolog applic algorithm reflect refer list bottom bioinformat algorithm refer direct microarray data cluster form statist classif typic employ perform initi organ highthroughput mrna express valu deriv microarray experi question aris cluster classif connect underli biolog pattern classif exampl classifi subtyp<link ns0:type="simple" ns0:href="../219/105219.xml">cancer</link>predict differenti respons<link ns0:type="simple" ns0:href="../172/9311172.xml">drug</link>pharmacogenom understand relationship gene precis defin influenc gene scientist typic attempt reconstruct transcript regulatori network background literatur public<link ns0:type="simple" ns0:href="../377/8377.xml">databas</link>combin cluster applic correlationbas infer algorithm will discuss approach increas success size microarray set increas<ref ns0:type="simple" ns0:href="#xpointer(//reflist/entry[@id=%222%22])" /><ref ns0:type="simple" ns0:href="#xpointer(//reflist/entry[@id=%223%22])" /></p><p><link ns0:type="simple" ns0:href="../857/28857.xml">signal transduct</link>network biolog cancer protein node edg direct primari input infer algorithm data set experi measur protein activ inactiv<link ns0:type="simple" ns0:href="../894/58894.xml">phosphoryl</link>dephosphoryl set protein</p><p><link ns0:type="simple" ns0:href="../493/477493.xml">metabolit</link>network metabolit node edg direct primari input algorithm data set experi measur metabolit level</p><p>intraspeci interspeci commun network microbi commun node<link ns0:type="simple" ns0:href="../468/255468.xml">excret</link>organ compound edg direct input infer algorithm data set experi measur level excret molecul</p><p>proteinprotein interact network activ studi reconstruct network correlationbas infer sens discuss network describ interact impli chang protein descript interact network reconstruct left articl</p></sec><sec><st>corelationbas infer algorithm</st><p><table class="metadata plainlinks ambox "><row><col>amboxstyl style</col></row><row><col class="mbox-image"><p><image width="40x40px" src="Ambox_style.png" /></p></col><col style="" class="mbox-text">articl simplif explan<p>discuss issu andor remov explain jargon term articl januari</p></col></row></table></p><p>classic statist stub baselin<link>pearson correl</link></p><p>theori stub concept mutual aracn algorithm clr algorithm mrnet algorithm</p><p>graphic probabilist model stub<link ns0:type="simple" ns0:href="../526/38526.xml">bayesian</link>network structur learn alg node order banjo toolkit</p><p>dream project stub</p><p>platform network infer stub geworkbench columbia sebini</p><p>visual infer network stub<software wordnetid="106566077" confidence="0.9508927676800064"><link ns0:type="simple" ns0:href="../962/10921962.xml">cytoscap</link></software>tool</p><p>expans infer network public databas data integr stub cabin tool</p></sec><sec><st>refer</st><p><reflist><entry id="1"><cite style="font-style:normal" class="book">sprite glymour schein causat predict search adapt comput machin learn cambridg ma mit press</cite></entry><entry id="2"><cite style="font-style:normal">faith jj al largescal map valid escherichia coli transcript regul compendium express profil plo biolog<document wordnetid="106470073" confidence="0.8"><written_communication wordnetid="106349220" confidence="0.8"><writing wordnetid="106362953" confidence="0.8"><link ns0:type="simple" ns0:href="../994/422994.xml">doi</link></writing></written_communication></document><weblink ns0:type="simple" ns0:href="http://dx.doi.org/10.1371%2Fjournal.pbio.0050008">journalpbio</weblink></cite></entry><entry id="3"><cite style="font-style:normal">hayet gardner jj collin size matter network infer tackl genom scale molecular system biolog<document wordnetid="106470073" confidence="0.8"><written_communication wordnetid="106349220" confidence="0.8"><writing wordnetid="106362953" confidence="0.8"><link ns0:type="simple" ns0:href="../994/422994.xml">doi</link></writing></written_communication></document><weblink ns0:type="simple" ns0:href="http://dx.doi.org/10.1038%2Fmsb4100118">msb</weblink></cite></entry></reflist><list><entry level="1" type="bullet">bansal al infer gene network express profil molecular system biolog</entry><entry level="1" type="bullet">bansal gd gatta di bernardo infer gene regulatori network compound mode action time cours gene express profil bioinformat</entry><entry level="1" type="bullet">faith jj al largescal map valid escherichia coli transcript regul compendium express profil plo biolog</entry><entry level="1" type="bullet">barrett cl bo palsson iter reconstruct transcript regulatori network algorithm approach plo comput</entry><entry level="1" type="bullet">basso al revers engin regulatori network human cell nat genet aracn algorithm</entry><entry level="1" type="bullet">bonneau al inferel algorithm learn parsimoni regulatori network systemsbiolog data set de novo genom biolog articl</entry><entry level="1" type="bullet">gardner lab context likelihood related clr algorithm clr algorithm web site boston univers httpgardnerlabbuedu</entry><entry level="1" type="bullet">chen xw anantha wang effect structur learn method construct gene network bioinformat</entry><entry level="1" type="bullet">chu al statist problem infer regulatori structur associ gene express measur microarray bioinformat</entry><entry level="1" type="bullet">cover tm ja thoma element theori st york john wiley son</entry><entry level="1" type="bullet">daub al estim mutual bspline function improv similar measur analys gene express data bmc bioinformat volum doi</entry><entry level="1" type="bullet">de jong model simul genet regulatori system literatur review comput</entry><entry level="1" type="bullet">de la fuent al discoveri meaning associ genom data partial correl coeffici bioinformat</entry><entry level="1" type="bullet">filkov identifi gene regulatori network gene express data chapter handbook comput molecular biolog chapman hall crc</entry><entry level="1" type="bullet">hartemink aj bayesian network infer java object banjo banjo algorithm web site duke univers httpwwwcsdukeeduaminksoftwarebanjo</entry><entry level="1" type="bullet">hartemink aj revers engin gene regulatori network nat biotech</entry></list></p><p><list><entry level="1" type="bullet">husmeier sensit specif infer genet regulatori interact microarray experi dynam bayesian network bioinformat</entry><entry level="1" type="bullet">idek thorsson rm karp discoveri regulatori interact perturb infer experiment design pacif symposium biocomput hawaii</entry><entry level="1" type="bullet">liang fuhrman somogyi reveal gener revers engin algorithm infer genet network architectur pac symp biocomput</entry><entry level="1" type="bullet">margolin aa al revers engin cellular network natur protocol full descript aracn algorithm</entry><entry level="1" type="bullet">margolin aa al aracn algorithm reconstruct gene regulatori network mammalian cellular context bmc bioinformat suppl</entry><entry level="1" type="bullet">markowetz bibliographi learn causal network gene interact juli httpwwwmolgenmpgdemarkowetdocnetworkbibpdf httpgenomicsprincetonedufloriandocsnetworkbibpdf</entry><entry level="1" type="bullet">meyer pe konto lafitt bontempi informationtheoret infer larg transcript regulatori network httpwwwhindawicomgetarticleaspxdoi</entry><entry level="1" type="bullet">papin ja al reconstruct cellular signal network analysi properti nat rev mol cell</entry><entry level="1" type="bullet">peer al infer subnetwork perturb express profil bioinformat ss</entry><entry level="1" type="bullet">peer bayesian network analysi signal network primer scienc stke onlin primer wwwstkeorgcontentfullsigtran</entry><entry level="1" type="bullet">perrin al gene network infer dynam bayesian network bioinformat iiii</entry><entry level="1" type="bullet">sach al causal proteinsign network deriv multiparamet singlecel data scienc</entry><entry level="1" type="bullet">schadt ee al integr genom approach infer causal associ gene expressiona diseas nat genet</entry><entry level="1" type="bullet">segal yelenski koller genomewid discoveri transcript modul dna sequenc gene express bioinformat suppl</entry><entry level="1" type="bullet">segal al rich probabilist model gene express bioinformat suppl</entry><entry level="1" type="bullet">shannon al cytoscap softwar environ integr model biomolecular interact network genom re</entry><entry level="1" type="bullet">singhal domico cabin collect analysi biolog interact network journal comput biolog chemistri accept public</entry></list></p><p><list><entry level="1" type="bullet">taylor rc al sebini softwar environ biolog network infer bioinformat</entry><entry level="1" type="bullet">troyanskaya og al bayesian framework combin heterogen data sourc gene function predict saccharomyc cerevisia proc natl acad sci usa</entry><entry level="1" type="bullet">van someren ep al genet network model pharmacogenom</entry><entry level="1" type="bullet">weaver dc ct workman gd stromo model regulatori network weight matric pac symp biocomput</entry><entry level="1" type="bullet">werhli av grezegorczyk husmeier compar evalu revers engin gene regulatori network relev network graphic gaussian model bayesian network bioinformat</entry><entry level="1" type="bullet">wessel lf ep van someren mj reinder comparison genet network model pac symp biocomput</entry><entry level="1" type="bullet">yu al advanc bayesian network infer gener causal network form observ biolog data bioinformat</entry><entry level="1" type="bullet">zhao serpedin er dougherti infer gene regulatori network time seri data minimum descript length principl bioinformat</entry><entry level="1" type="bullet">zhou al bayesian connectivitybas approach construct probabilist gene regulatori network bioinformat</entry><entry level="1" type="bullet">zou sd conzen dynam bayesian network dbn approach identifi gene regulatori network time cours data bioinformat</entry></list></p></sec></bdy></entity></article>