<article xmlns:ns0="http://www.w3.org/1999/xlink"><physical_entity confidence="0.8" wordnetid="100001930"><peer confidence="0.8" wordnetid="109626238"><person confidence="0.8" wordnetid="100007846"><colleague confidence="0.8" wordnetid="109935990"><causal_agent confidence="0.8" wordnetid="100007347"><associate confidence="0.8" wordnetid="109816771"><header><title>edward mccluskey</title><id /><revision><id /><timestamp>tz</timestamp><contributor><username>halibutt</username><id /></contributor></revision><categories><category>fellow institut electr electron engin</category><category>fellow american associ advanc scienc</category><category>member unit nation academi engin</category><category>fellow associ comput machineri</category></categories></header><bdy>edward mccluskey octob orang jersey current professor emeritu<university wordnetid="108286163" confidence="0.9508927676800064"><link ns0:type="simple" ns0:href="../977/26977.xml">stanford univers</link></university>pioneer field<link ns0:type="simple" ns0:href="../531/9531.xml">electr engin</link><sec><st>biographi</st><p>professor mccluskey work electron switch system<link ns0:type="simple" ns0:href="../712/3712.xml">bell telephon laboratori</link>move<university wordnetid="108286163" confidence="0.9508927676800064"><link ns0:type="simple" ns0:href="../922/23922.xml">princeton univers</link></university>professor electr engin director univers comput center join<university wordnetid="108286163" confidence="0.9508927676800064"><link ns0:type="simple" ns0:href="../977/26977.xml">stanford univers</link></university>current emeritu professor electr engin comput scienc well director center reliabl comput found stanford digit system laboratori comput system laboratori stanford comput engin program comput scienc ms degre program stanford comput forum industri affili program start dr mccluskey colleagu director professor mccluskey lead reliabl test symposium rat mentor phd student expand famili academ grandchildren<ref ns0:type="simple" ns0:href="#xpointer(//reflist/entry[@id=%221%22])" />hat fetish<ref ns0:type="simple" ns0:href="#xpointer(//reflist/entry[@id=%222%22])" /></p></sec><sec><st>focu</st><p>professor mccluskey develop algorithm design combin circuit<link ns0:type="simple" ns0:href="../263/317263.xml">quinemccluskey</link>logic minim procedur doctor student<link ns0:type="simple" ns0:href="../061/19061.xml">mit</link>thesi supervis<physical_entity wordnetid="100001930" confidence="0.8"><person wordnetid="100007846" confidence="0.8"><pioneer wordnetid="110434725" confidence="0.8"><engineer wordnetid="109615807" confidence="0.8"><causal_agent wordnetid="100007347" confidence="0.8"><originator wordnetid="110383816" confidence="0.8"><creator wordnetid="109614315" confidence="0.8"><link ns0:type="simple" ns0:href="../004/12733004.xml">samuel caldwel</link></creator></originator></causal_agent></engineer></pioneer></person></physical_entity>entitl algebra minim design twotermin contact network bell lab princeton develop modern theori transient hazard logic network formul concept oper mode sequenti circuit stanford focus logic test synthesi design testabl faulttoler comput professor mccluskey student center reliabl comput work key idea fault equival probabilist model logic network pseudoexhaust test watchdog processor collabor signet research develop practic multivalu logic implement work design techniqu circuitri</p></sec><sec><st>membership organ</st><p>dr mccluskey serv presid<link ns0:type="simple" ns0:href="../938/56938.xml">ieee</link>comput societi recipi<link ns0:type="simple" ns0:href="../312/13263312.xml">ieee emanuel pior award</link>fellow ieee<link ns0:type="simple" ns0:href="../056/243056.xml">aaa</link><organization wordnetid="108008335" confidence="0.9508927676800064"><link ns0:type="simple" ns0:href="../ury/30th_century.xml">acm</link></organization>member<link ns0:type="simple" ns0:href="../673/4089673.xml">nae</link><ref ns0:type="simple" ns0:href="#xpointer(//reflist/entry[@id=%223%22])" />honorari doctor<link ns0:type="simple" ns0:href="../950/4865950.xml">univers grenobl</link><university wordnetid="108286163" confidence="0.9508927676800064"><ranking wordnetid="114429484" confidence="0.9508927676800064"><link ns0:type="simple" ns0:href="../798/197798.xml">bowdoin colleg</link></ranking></university></p></sec><sec><st>refer</st><p><reflist><entry id="1"><weblink ns0:type="simple" ns0:href="http://genealogy.math.ndsu.nodak.edu/html/id.phtml?id=71057">mathemat genealog</weblink></entry><entry id="2"><weblink ns0:type="simple" ns0:href="http://www-crc.stanford.edu/users/ejm/hats.html">hat stanford</weblink></entry><entry id="3"><weblink ns0:type="simple" ns0:href="http://www.nae.edu/nae/naepub.nsf/Members+By+UNID/1204AD6D71A7181A852569E00060CE60?opendocument">bio nae</weblink></entry></reflist></p><p><list><entry level="1" type="bullet"><weblink ns0:type="simple" ns0:href="http://www-crc.stanford.edu/users/ejm/McCluskey_Edward.html">mccluskey stanford</weblink></entry><entry level="1" type="bullet"><weblink ns0:type="simple" ns0:href="http://www-crc.stanford.edu/users/ejm/cv.html">cv</weblink></entry><entry level="1" type="bullet"><weblink ns0:type="simple" ns0:href="http://www.thocp.net/biographies/mccluskey_edward.htm">biographi mccluskey</weblink></entry></list></p></sec></bdy></associate></causal_agent></colleague></person></peer></physical_entity></article>