<article xmlns:ns0="http://www.w3.org/1999/xlink"><software confidence="0.9508927676800064" wordnetid="106566077"><header><title>avg softwar</title><id /><revision><id /><timestamp>tz</timestamp><contributor><username>netohol</username><id /></contributor></revision><categories><category>window softwar</category><category>linux secur softwar</category><category>freewar</category><category>antiviru softwar</category></categories></header><bdy><template><name>infobox softwar</name><parameters><genre><link ns0:type="simple" ns0:href="../622/268622.xml">antiviru</link><link ns0:type="simple" ns0:href="../901/20901.xml">malwar remov</link><link>internet secur</link></genre><logo><image width="64px" src="Avglogo.PNG"><caption>avg logo</caption></image></logo><screenshot><image width="250px" src="AVG_Internet_Security.png" /></screenshot><website><weblink ns0:type="simple" ns0:href="http://www.avg.com/">wwwavgcom</weblink></website><latest_release_version /><developer><company wordnetid="108058098" confidence="0.9508927676800064"><link ns0:type="simple" ns0:href="../223/15880223.xml">avg technolog</link></company>sro</developer><name>avg internet secur</name><latest_release_date>day ago</latest_release_date><caption>avg internet secur version<version wordnetid="107173585" confidence="0.9508927676800064"><link ns0:type="simple" ns0:href="../648/2289648.xml">window vista</link></version></caption><license><link ns0:type="simple" ns0:href="../886/18934886.xml">proprietari</link><link ns0:type="simple" ns0:href="../592/11592.xml">freewar</link><link ns0:type="simple" ns0:href="../208/39208.xml">commerci</link></license><operating_system><link ns0:type="simple" ns0:href="../890/18890.xml">microsoft window</link><O wordnetid="106832680" confidence="0.9508927676800064"><link ns0:type="simple" ns0:href="../297/6097297.xml">linux</link></O><platform wordnetid="103961939" confidence="0.8"><artifact wordnetid="100021939" confidence="0.8"><surface wordnetid="104362025" confidence="0.8"><horizontal_surface wordnetid="103536348" confidence="0.8"><link ns0:type="simple" ns0:href="../554/7580554.xml">freebsd</link></horizontal_surface></surface></artifact></platform></operating_system></parameters></template>intrus adwar program<link ns0:type="simple" ns0:href="../875/3340875.xml">antiviru gold</link><p><b>avg</b><link ns0:type="simple" ns0:href="../388/1313388.xml">umbrella term</link>rang<link ns0:type="simple" ns0:href="../622/268622.xml">antiviru</link><link ns0:type="simple" ns0:href="../095/863095.xml">internet secur</link>softwar<link ns0:type="simple" ns0:href="../890/18890.xml">microsoft window</link><O wordnetid="106832680" confidence="0.9508927676800064"><link ns0:type="simple" ns0:href="../297/6097297.xml">linux</link></O><platform wordnetid="103961939" confidence="0.8"><artifact wordnetid="100021939" confidence="0.8"><surface wordnetid="104362025" confidence="0.8"><horizontal_surface wordnetid="103536348" confidence="0.8"><link ns0:type="simple" ns0:href="../554/7580554.xml">freebsd</link></horizontal_surface></surface></artifact></platform>comput<link ns0:type="simple" ns0:href="../196/81196.xml">platform</link>develop<company wordnetid="108058098" confidence="0.9508927676800064"><link ns0:type="simple" ns0:href="../223/15880223.xml">avg technolog</link></company></p><sec><st>avg antiviru internet secur protect</st><ss1><st>histori</st><p>brand avg technolog secur softwar avg product antiviru guard<ref ns0:type="simple" ns0:href="#xpointer(//reflist/entry[@id=%221%22])" />avg technolog<link ns0:type="simple" ns0:href="../655/1499655.xml">privat held</link><country wordnetid="108544813" confidence="0.9508927676800064"><link ns0:type="simple" ns0:href="../321/5321.xml">czech</link></country>compani form<link ns0:type="simple" ns0:href="../703/34703.xml" />jan gritzbach toma hofer earli septemb larg stake compani bought<company wordnetid="108058098" confidence="0.9508927676800064"><link ns0:type="simple" ns0:href="../617/14617.xml">intel corpor</link></company><ref ns0:type="simple" ns0:href="#xpointer(//reflist/entry[@id=%222%22])" /><link ns0:type="simple" ns0:href="../ury/22nd_century.xml">april</link><link ns0:type="simple" ns0:href="../164/36164.xml" /><link ns0:type="simple" ns0:href="../017/6084017.xml">ewido network</link>avg technolog group<ref ns0:type="simple" ns0:href="#xpointer(//reflist/entry[@id=%223%22])" /></p><p><link ns0:type="simple" ns0:href="../758/21758.xml">novemb</link><link ns0:type="simple" ns0:href="../164/36164.xml" /><company wordnetid="108058098" confidence="0.9508927676800064"><link ns0:type="simple" ns0:href="../001/19001.xml">microsoft</link></company>announc avg secur product directli window secur center<version wordnetid="107173585" confidence="0.9508927676800064"><link ns0:type="simple" ns0:href="../648/2289648.xml">window vista</link></version><ref ns0:type="simple" ns0:href="#xpointer(//reflist/entry[@id=%224%22])" /><link ns0:type="simple" ns0:href="../795/15795.xml">june</link><link ns0:type="simple" ns0:href="../164/36164.xml" />avg softwar option compon gfi mail secur produc<company wordnetid="108058098" confidence="0.9508927676800064"><link ns0:type="simple" ns0:href="../041/1904041.xml">gfi softwar</link></company><ref ns0:type="simple" ns0:href="#xpointer(//reflist/entry[@id=%225%22])" /><link ns0:type="simple" ns0:href="../353/8353.xml">decemb</link><link ns0:type="simple" ns0:href="../165/36165.xml" /><company wordnetid="108058098" confidence="0.9508927676800064"><link ns0:type="simple" ns0:href="../223/15880223.xml">avg technolog</link></company>announc acquisit<weblink ns0:type="simple" ns0:href="http://www.explabs.com/">exploit prevent lab</weblink>develop<weblink ns0:type="simple" ns0:href="http://www.avg.com/avg-security-software-components#linkscanner">linkscann</weblink>safe surf technolog<ref ns0:type="simple" ns0:href="#xpointer(//reflist/entry[@id=%226%22])" /><link ns0:type="simple" ns0:href="../360/11360.xml">februari</link><link ns0:type="simple" ns0:href="../825/35825.xml" /><link ns0:type="simple" ns0:href="../223/15880223.xml">grisoft</link>announc chang compani grisoft avg technolog chang increas effect market activ</p></ss1><ss1><st>version window client</st><p>avg technolog number product avg rang suitabl<version wordnetid="107173585" confidence="0.9508927676800064"><link ns0:type="simple" ns0:href="../941/33941.xml">window</link></version>onward addit avg technolog linux freebsd version softwar avg antiviru free commerci edit avg commerci edit avg antiviru product includ avg antiviru antispywar linkscann antirootkit web shield secur toolbar protect technolog avg antiviru firewal add integr firewal protect</p><p>avg internet secur full suit solut bring avg antiviru antispywar linkscann antirootkit web shield secur toolbar firewal antispam system tool protect technolog</p><p>avg antiviru free edit includ avg antiviru antispywar protect avg searchshield compon patent pend linkscann technolog</p><p>version avg product compat bit edit window edit<version wordnetid="107173585" confidence="0.9508927676800064"><link ns0:type="simple" ns0:href="../648/2289648.xml">window vista</link></version>commerci version avg softwar trial basi trial allow user includ busi institut day trial period time fee requir yield key unlock program continu</p></ss1><ss1><st>version server</st><p>avg technolog sell avg antiviru internet secur solut webfil server email server run linux freebsd window</p><p>avg internet secur network edit central control comprehens protect workstat file server avg internet secur sb edit add email server microsoft sharepoint server protect</p><p>avg antiviru network edit central control antiviru antispywar protect workstat file server avg antiviru sb edit add email server microsoft sharepoint server protect</p><p>avg file server edit antiviru antispywar protect file server</p><p>avg email server edit antiviru antispywar protect popular email server</p></ss1><ss1><st>avg linuxfreebsd</st><p>version avg technolog provid solut<platform wordnetid="103961939" confidence="0.8"><artifact wordnetid="100021939" confidence="0.8"><surface wordnetid="104362025" confidence="0.8"><horizontal_surface wordnetid="103536348" confidence="0.8"><link ns0:type="simple" ns0:href="../554/7580554.xml">freebsd</link></horizontal_surface></surface></artifact></platform>time avg technolog incorpor spam detect addit viru detect linuxfreebsd softwar</p></ss1></sec><sec><st>featur</st><p>avg featur common function modern antiviru internet secur program includ period scan scan receiv email includ ad footer email indic abil heal virusinfect file viru vault infect file held</p><ss1><st>linkscann</st><p>patent pend linkscann technolog acquir exploit prevent lab built avg product realtim protect exploit drivebi download linkscann includ searchshield safe search compon place safeti rate link googl yahoo msn search activ surfshield safe surf compon scan content web site realtim ensur safe open<ref ns0:type="simple" ns0:href="#xpointer(//reflist/entry[@id=%227%22])" /></p></ss1><ss1><st>linkscann concern</st><p>avg releas linkscann featur tenfold increas traffic web site appear high search engin linkscann disguis scan come internet explor browser prescan site list web site usag log incorrect overinfl site visitor statist prescan link caus web site transfer data usual higher bandwidth usag web site oper slow perform user<ref ns0:type="simple" ns0:href="#xpointer(//reflist/entry[@id=%228%22])" />avg initi site administr filter linkscann traffic site statist leav problem excess bandwidth usag solv<ref ns0:type="simple" ns0:href="#xpointer(//reflist/entry[@id=%229%22])" />payperclick advertis increas traffic<ref ns0:type="simple" ns0:href="#xpointer(//reflist/entry[@id=%2210%22])" /></p><p>respons complaint avg announc<link />searchshield will longer scan search result onlin exploit caus spike webmast address<ref ns0:type="simple" ns0:href="#xpointer(//reflist/entry[@id=%2211%22])" />releas build appli local blacklist prefetch scan link click user<ref ns0:type="simple" ns0:href="#xpointer(//reflist/entry[@id=%2212%22])" /></p></ss1><ss1><st>avg antiviru free edit</st><p>avg technolog user avg antiviru protect includ user free edit<link ns0:type="simple" ns0:href="../734/2734.xml">april</link><link ns0:type="simple" ns0:href="../825/35825.xml" />avg releas avg antiviru free edit color interfac program featur combin antiviru antispywar protect engin linkscann searchshield safe search protect avg secur toolbar avg commerci version</p><p>limit avg antiviru free edit compar commerci version avg product limit includ<list><entry level="1" type="bullet">protect avg antiviru free edit base level protect virus spywar safe search provid safe surf drivebi download protect protect cracker keylogg spam phish attack malici file download instant messag attach seemingli friendli sourc protect commerci version avg product</entry><entry level="1" type="bullet">slower updat avg antiviru free edit receiv updat lower prioriti servic prioriti updat highspe server commerci version avg product</entry><entry level="1" type="bullet">telephon email technic support telephon email technic support provid avg user avg free edit product avg free edit user access support selfhelp<weblink ns0:type="simple" ns0:href="http://freeforum.avg.com/">avg free forum</weblink></entry><entry level="1" type="bullet">customis schedul option avg antiviru free edit limit schedul updat day schedul scan day avg resid shield configur limit exclus set avg antiviru free edit offer advanc test option passwordprotect archiv report adjust scan process prioriti featur</entry><entry level="1" type="bullet">server support avg antiviru free edit instal server oper system window server scan network drive</entry></list></p><p>avg free edit respons<link ns0:type="simple" ns0:href="../320/466320.xml">popup ad</link>advertis nonfre version avg antiviru avg internet secur claim provid comprehens level protect<ref ns0:type="simple" ns0:href="#xpointer(//reflist/entry[@id=%2213%22])" /><ref ns0:type="simple" ns0:href="#xpointer(//reflist/entry[@id=%2214%22])" />current free version display inprogram banner ad full edit popup<image location="right" width="500px" src="AVG_Notification_Window.png" type="thumb"><caption>screenshot banner avg free edit</caption></image></p></ss1><ss1><st>resourc requir</st><p>featur avg conserv resourc requir avg antiviru profession edit requir mb ram mb space hard drive avg internet secur requir mb ram<ref ns0:type="simple" ns0:href="#xpointer(//reflist/entry[@id=%2215%22])" />compar high page physic ram led crash softwar half life seri<ref ns0:type="simple" ns0:href="#xpointer(//reflist/entry[@id=%2216%22])" /></p></ss1></sec><sec><st>avg antispywar</st><p><link ns0:type="simple" ns0:href="../ury/22nd_century.xml">april</link><link ns0:type="simple" ns0:href="../164/36164.xml" /><weblink ns0:type="simple" ns0:href="http://www.ewido.net/en/">announc</weblink>avg technolog acquir german antimalwar compani<link ns0:type="simple" ns0:href="../017/6084017.xml">ewido network</link>ewido antispywar renam avg antispywar profession edit freewar version avg antispywar free edit privat noncommerci lower speed updat avg avg antispywar integr avg antiviru longer standalon product</p></sec><sec><st>avg antirootkit</st><p>avg free anti<link ns0:type="simple" ns0:href="../942/223942.xml">rootkit</link>applic avg antirootkit stop late<link ns0:type="simple" ns0:href="../164/36164.xml" />updat longer avg antirootkit scan built avg antiviru longer standalon</p></sec><sec><st>avgadmin</st><p>avgadmin remot administr tool allow softwar manag central network</p></sec><sec><st>recept</st><p><list><entry level="1" type="bullet">avg antiviru certifi<link ns0:type="simple" ns0:href="../830/12764830.xml">icsa</link>lab<ref ns0:type="simple" ns0:href="#xpointer(//reflist/entry[@id=%2217%22])" /></entry><entry level="1" type="bullet">test time februari april<link ns0:type="simple" ns0:href="../980/2204980.xml">viru bulletin</link>fail time pass time period june april test time pass time fail time<ref ns0:type="simple" ns0:href="#xpointer(//reflist/entry[@id=%2218%22])" /></entry><entry level="1" type="bullet">cnetcom avg receiv review cnet editor review consum<ref ns0:type="simple" ns0:href="#xpointer(//reflist/entry[@id=%2219%22])" /></entry><entry level="1" type="bullet">pcworldcom avg receiv<ref ns0:type="simple" ns0:href="#xpointer(//reflist/entry[@id=%2220%22])" /></entry></list></p></sec><sec><st /><p><table style="background:#f9f9f9; font-size:85%; line-height:110%; "><row><col><image width="32x28px" src="Portal.svg" /></col><col style="padding:0 0.2em;"><b><it>comput secur portal</it></b></col></row></table></p><p><list><entry level="1" type="bullet"><link ns0:type="simple" ns0:href="../980/6729980.xml">list antiviru softwar</link></entry></list></p></sec><sec><st>refer</st><p><reflist><entry id="1"><weblink ns0:type="simple" ns0:href="http://www.avg.com/40965">avg technolog celebr year internet secur success</weblink></entry><entry id="2"><weblink ns0:type="simple" ns0:href="http://www.avg.com/314">intel buy avg technolog</weblink></entry><entry id="3"><weblink ns0:type="simple" ns0:href="http://www.avg.co.uk/30868">avg technolog announc releas ewido antispywar</weblink></entry><entry id="4"><weblink ns0:type="simple" ns0:href="http://www.avg.co.uk/39275">microsoft incorpor avg vista secur center</weblink></entry><entry id="5"><weblink ns0:type="simple" ns0:href="http://kbase.gfi.com/showarticle.asp?id=KBID002652">gfi mail secur support antiviru engin grisoft avg</weblink></entry><entry id="6"><weblink ns0:type="simple" ns0:href="http://www.avg.com/80935">avg acquir exploit prevent lab develop linkscann safe surf technolog</weblink></entry><entry id="7"><weblink ns0:type="simple" ns0:href="http://www.avg.com/faq.num-1094">avg antiviru internet secur faq</weblink></entry><entry id="8"><weblink ns0:type="simple" ns0:href="http://www.theregister.co.uk/2008/06/26/avg_disguises_fake_traffic_as_ie6/">avg disguis fake traffic</weblink></entry><entry id="9"><weblink ns0:type="simple" ns0:href="http://www.techspot.com/news/30641-avg-update-disguises-linkscanner-traffic-as-ie6.html">avg updat disguis linkscann traffic</weblink></entry><entry id="10"><weblink ns0:type="simple" ns0:href="http://www.virusbtn.com/news/2008/06_20a.xml">linkscann surg web traffic</weblink></entry><entry id="11"><weblink ns0:type="simple" ns0:href="http://networkinstruments.wordpress.com/2008/07/05/avg-responds-to-fake-traffic-spikes/">avg respond fake traffic spike</weblink></entry><entry id="12"><weblink ns0:type="simple" ns0:href="http://news.cnet.com/8301-10789_3-9986453-57.html">grisoft modifi free avg product complaint</weblink></entry><entry id="13"><weblink ns0:type="simple" ns0:href="http://www.bleepingcomputer.com/forums/topic144931.html#entry814134">avg constant pop ad window</weblink></entry><entry id="14"><weblink ns0:type="simple" ns0:href="http://www.dslreports.com/forum/r20400528-AVG-pro-75-annoying-popup-till-Decenber">avg pro annoy popup till decenb</weblink></entry><entry id="15"><weblink ns0:type="simple" ns0:href="http://www.avg.com/product-avg-internet-security">avg antiviru internet secur avg internet secur</weblink></entry><entry id="17"><weblink ns0:type="simple" ns0:href="http://www.icsalabs.com/icsa/product.php?tid=dfgdf$gdhkkjk-kkkk">icsalabsantiviruscertifi product</weblink></entry><entry id="16"><weblink ns0:type="simple" ns0:href="http://support.steampowered.com/kb_article.php?ref=5034-EIPV-6426">game freez crash loop sound page pool memori issu crash error knowledg base steam support</weblink></entry><entry id="19"><weblink ns0:type="simple" ns0:href="http://reviews.cnet.com/internet-security-and-firewall/avg-antivirus-8/4505-3667_7-32887573.html?tag=prod.txt.2">avg cnet review</weblink></entry><entry id="18"><weblink ns0:type="simple" ns0:href="http://www.virusbtn.com/vb100/archive/results?vendor=VE10">viru bulletin independ malwar advic</weblink></entry><entry id="20"><weblink ns0:type="simple" ns0:href="http://www.pcworld.com/article/id,130911/article.html">pc avg antiviru profession review</weblink></entry></reflist></p></sec><sec><st>extern link</st><p><list><entry level="1" type="bullet"><weblink ns0:type="simple" ns0:href="http://www.avg.com">avg technolog websit</weblink></entry><entry level="1" type="bullet"><weblink ns0:type="simple" ns0:href="http://free.avg.com">avg technolog site freewar version avg antiviru antispywar</weblink></entry></list></p></sec></bdy></software></article>