<article xmlns:ns0="http://www.w3.org/1999/xlink"><failure confidence="0.8" wordnetid="100066636"><nonaccomplishment confidence="0.8" wordnetid="100066216"><happening confidence="0.8" wordnetid="107283608"><explosion confidence="0.8" wordnetid="107308563"><event confidence="0.8" wordnetid="100029378"><entity confidence="0.9511911446218017" wordnetid="100001740"><discharge confidence="0.8" wordnetid="107307754"><act confidence="0.8" wordnetid="100030358"><psychological_feature confidence="0.8" wordnetid="100023100"><header><title>humber refineri explos</title><id /><revision><id /><timestamp>tz</timestamp><contributor><username>lesnail</username><id /></contributor></revision><categories><category>engin failur</category><category>conocophillip</category><category>england</category><category>explos unit kingdom</category><category>unit kingdom</category><category>histori lincolnshir</category></categories></header><bdy><b>humber refineri explos</b>major incid<link ns0:type="simple" ns0:href="../479/3717479.xml">conoco</link>own<plant wordnetid="103956922" confidence="0.8"><refinery wordnetid="104068441" confidence="0.8"><structure wordnetid="104341686" confidence="0.8"><building wordnetid="102913152" confidence="0.8"><artifact wordnetid="100021939" confidence="0.8"><oil_refinery wordnetid="103844673" confidence="0.8"><building_complex wordnetid="102914991" confidence="0.8"><link ns0:type="simple" ns0:href="../739/7620739.xml">humber refineri</link></building_complex></oil_refinery></artifact></building></structure></refinery></plant><site wordnetid="108651247" confidence="0.9508927676800064"><link ns0:type="simple" ns0:href="../295/2654295.xml">south killingholm</link></site><district wordnetid="108552138" confidence="0.9508927676800064"><link ns0:type="simple" ns0:href="../001/158001.xml">north lincolnshir</link></district>larg explos occur satur ga plant area site<look wordnetid="100877127" confidence="0.8"><observation wordnetid="100879759" confidence="0.8"><sensory_activity wordnetid="100876737" confidence="0.8"><sensing wordnetid="100876874" confidence="0.8"><fundamental_quantity wordnetid="113575869" confidence="0.8"><time wordnetid="115122231" confidence="0.8"><time_period wordnetid="115113229" confidence="0.8"><event wordnetid="100029378" confidence="0.8"><tradition wordnetid="105809745" confidence="0.8"><festival wordnetid="115162388" confidence="0.8"><day wordnetid="115123115" confidence="0.8"><act wordnetid="100030358" confidence="0.8"><psychological_feature wordnetid="100023100" confidence="0.8"><activity wordnetid="100407535" confidence="0.8"><link ns0:type="simple" ns0:href="../402/384402.xml">easter monday</link></activity></psychological_feature></act></day></festival></tradition></event></time_period></time></fundamental_quantity></sensing></sensory_activity></observation></look><link ns0:type="simple" ns0:href="../974/1974.xml">april</link><link ns0:type="simple" ns0:href="../551/34551.xml" />pm fatal peopl injur<ref ns0:type="simple" ns0:href="#xpointer(//reflist/entry[@id=%221%22])" /><sec><st>effect</st><p>incid temporarili shut entir refineri caus oil price increas damag caus nearbi villag<site wordnetid="108651247" confidence="0.9508927676800064"><link ns0:type="simple" ns0:href="../596/1848596.xml">north</link></site><site wordnetid="108651247" confidence="0.9508927676800064"><link ns0:type="simple" ns0:href="../295/2654295.xml">south killingholm</link></site>well nearbi town immingham door blown hing window blown</p></sec><sec><st>hse investig</st><p><company wordnetid="108058098" confidence="0.9508927676800064"><link ns0:type="simple" ns0:href="../730/319730.xml">conocophillip</link></company>compani investig subsequ fine order pay cost<link ns0:type="simple" ns0:href="../308/361308.xml">health safeti execut</link>fail effect monitor degrad refineri pipework compani plead guilti charg court implement<link ns0:type="simple" ns0:href="../983/5985983.xml">risk base inspect</link>programm<ref ns0:type="simple" ns0:href="#xpointer(//reflist/entry[@id=%222%22])" /></p></sec><sec><st>refer</st><p><reflist><entry id="1"><weblink ns0:type="simple" ns0:href="http://news.bbc.co.uk/1/hi/uk/1281221.stm">major blast oil refineri</weblink>bbc news onlin</entry><entry id="2"><weblink ns0:type="simple" ns0:href="http://www.hse.gov.uk/press/2005/e05089.htm">conocophillip fine</weblink>health safeti execut websit</entry></reflist></p></sec><sec><st>extern link</st><p><list><entry level="1" type="bullet"><weblink ns0:type="simple" ns0:href="http://www.conocophillips.co.uk/about/humber/index.htm">humber refineri</weblink>conocophillip websit</entry><entry level="1" type="bullet"><weblink ns0:type="simple" ns0:href="http://www.hse.gov.uk/press/2005/e05159.htm">hse report</weblink>incid</entry></list></p></sec><sec><st /><p><list><entry level="1" type="bullet"><company wordnetid="108058098" confidence="0.9508927676800064"><link ns0:type="simple" ns0:href="../730/319730.xml">conocophillip</link></company></entry><entry level="1" type="bullet"><plant wordnetid="103956922" confidence="0.8"><refinery wordnetid="104068441" confidence="0.8"><structure wordnetid="104341686" confidence="0.8"><building wordnetid="102913152" confidence="0.8"><artifact wordnetid="100021939" confidence="0.8"><oil_refinery wordnetid="103844673" confidence="0.8"><building_complex wordnetid="102914991" confidence="0.8"><link ns0:type="simple" ns0:href="../739/7620739.xml">humber refineri</link></building_complex></oil_refinery></artifact></building></structure></refinery></plant></entry><entry level="1" type="bullet"><site wordnetid="108651247" confidence="0.9508927676800064"><link ns0:type="simple" ns0:href="../295/2654295.xml">south killingholm</link></site></entry><entry level="1" type="bullet"><link ns0:type="simple" ns0:href="../092/671092.xml">flixborough disast</link></entry></list></p></sec></bdy></psychological_feature></act></discharge></entity></event></explosion></happening></nonaccomplishment></failure></article>