<article xmlns:ns0="http://www.w3.org/1999/xlink"><header><title>lazi dog</title><id /><revision><id /><timestamp>tz</timestamp><contributor><username>auntiefeezl</username><id /></contributor></revision><categories><category>disambigu</category><category>disambigu</category></categories></header><bdy><b>lazi dog</b>refer<p><list><entry level="1" type="bullet"><physical_entity wordnetid="100001930" confidence="0.8"><person wordnetid="100007846" confidence="0.8"><maker wordnetid="110284064" confidence="0.8"><broadcaster wordnetid="109875786" confidence="0.8"><singer wordnetid="110599806" confidence="0.8"><creator wordnetid="109614315" confidence="0.8"><communicator wordnetid="109610660" confidence="0.8"><disk_jockey wordnetid="110017272" confidence="0.8"><manufacturer wordnetid="110292316" confidence="0.8"><performer wordnetid="110415638" confidence="0.8"><causal_agent wordnetid="100007347" confidence="0.8"><musician wordnetid="110340312" confidence="0.8"><entertainer wordnetid="109616922" confidence="0.8"><link ns0:type="simple" ns0:href="../912/4127912.xml#xpointer(//*[./st=%22Lazy+Dog%22])">lazi dog night club</link></entertainer></musician></causal_agent></performer></manufacturer></disk_jockey></communicator></creator></singer></broadcaster></maker></person></physical_entity>popular night club not hill art club west london</entry><entry level="1" type="bullet"><artifact wordnetid="100021939" confidence="0.8"><instrumentality wordnetid="103575240" confidence="0.8"><bomb wordnetid="102866578" confidence="0.8"><device wordnetid="103183080" confidence="0.8"><weaponry wordnetid="104566257" confidence="0.8"><explosive_device wordnetid="103305522" confidence="0.8"><link ns0:type="simple" ns0:href="../898/10628898.xml">lazi dog bomb</link></explosive_device></weaponry></device></bomb></instrumentality></artifact>cluster bomb wwii vietnam war</entry></list></p><p><table style="background:none"><row><col style="vertical-align:middle;"><image width="30px" src="Disambig_gray.svg" /></col><col style="vertical-align:middle;"><it>list articl associ titl<weblink ns0:type="simple" ns0:href="http://localhost:18088/wiki/index.php?title=Special:Whatlinkshere/Lazy_Dog namespace=0">intern link</weblink>led chang link point directli intend articl</it></col></row></table></p></bdy></article>