<article xmlns:ns0="http://www.w3.org/1999/xlink"><header><title>librari congress classificationclass subclass hg financ</title><id /><revision><id /><timestamp>tz</timestamp><contributor><username>epolk</username><id /></contributor></revision><categories><category>librari congress classif</category></categories></header><bdy><b>subclass hg financ</b>classif<link ns0:type="simple" ns0:href="../327/18327.xml">librari congress classif</link>system articl describ subclass hg<p>subclass hg</p><p>hg</p><p>financ<indent level="1">liquid</indent>person financ<indent level="1">money</indent>preciou metal bullion<indent level="2">small coin</indent>mint assay<indent level="2">counterfeit</indent>paper money<indent level="2">legal tender</indent>intern coinag<indent level="2">bimetal</indent>region countri<indent level="1">bank</indent>interest rate interest tabl<indent level="2">bank loan bank credit commerci loan</indent>discount<indent level="2">accept</indent>bank reserv bank liquid loan loss reserv<indent level="2">bank account bank deposit deposit bank</indent>insur deposit deposit insur<indent level="2">draft check</indent>account bookkeep<indent level="2">data process</indent>electron fund transfer<indent level="2">bank merger</indent>bank stock bank invest<indent level="2">bank supervis bank</indent>special class bank financi institut<indent level="2">region countri</indent>credit debt loan includ credit institut credit instrument consum credit bankruptci<indent level="1">foreign exchang intern financ intern monetari system</indent>financ manag busi financ corpor financ<indent level="1">trust servic trust compani</indent>invest capit format specul<indent level="2">invest compani invest trust mutual fund</indent>foreign invest<indent level="2">stock exchang</indent>stockbrok secur dealer invest advis<indent level="2">govern secur industri secur ventur capit</indent>region countri<indent level="2">specul</indent>lotteri<indent level="1">insur</indent>insur profess malpractic insur profession liabil insur<indent level="2">busi insur</indent>insur busi insur manag<indent level="2">govern polici supervis</indent>govern insur<indent level="2">region countri</indent>life insur<indent level="2">actuari scienc statist theori methodolog appli insur</indent>class insur risk plan<indent level="2">life insur busi manag</indent>govern polici supervis<indent level="2">region countri</indent>mutual life insur assess life insur fratern life insur<indent level="2">industri life insur</indent>child insur life insur children<indent level="2">matern insur</indent>accid insur<indent level="2">health insur</indent>fire insur<indent level="2">casualti insur</indent>insur includ automobil burglari credit disast titl insur</p></bdy></article>