<article xmlns:ns0="http://www.w3.org/1999/xlink"><header><title>nuclear safeti unit</title><id /><revision><id /><timestamp>tz</timestamp><contributor><username>simesa</username><id /></contributor></revision><categories><category>articl dead extern link</category><category>articl invalid paramet templat</category><category>nuclear safeti</category><category>articl dead extern link</category></categories></header><bdy><issue wordnetid="105814650" confidence="0.8"><link ns0:type="simple" ns0:href="../539/4222539.xml">nuclear safeti</link></issue>govern feder regul continu studi<agency wordnetid="108337324" confidence="0.9508927676800064"><link ns0:type="simple" ns0:href="../201/165201.xml">nuclear regulatori commiss</link></agency>nrc<p>note safeti nuclear plant materi control govern weapon product well power naval vessel govern nrc<ref ns0:type="simple" ns0:href="#xpointer(//reflist/entry[@id=%221%22])" /><ref ns0:type="simple" ns0:href="#xpointer(//reflist/entry[@id=%222%22])" /></p><p>license organ appli construct licens oper licens nuclear facil requir licens issu meet requir regul</p><sec><st>scope</st><p>topic nuclear safeti cover<list><entry level="1" type="bullet">test incidentsev nuclear facil</entry><entry level="1" type="bullet">equip action design prevent incidentsev seriou consequ</entry><entry level="1" type="bullet">calcul probabl multipl system andor action fail allow seriou consequ</entry><entry level="1" type="bullet">evalu time scope seriou consequ worstposs result extrem case releas radiat</entry><entry level="1" type="bullet">action protect public releas radiat</entry><entry level="1" type="bullet">train rehears perform ensur readi case incidentev occur</entry><entry level="1" type="bullet">accid occur</entry></list></p></sec><sec><st>nomenclatur</st><p>name feder regul will abbrevi standard exampl code feder regul titl will cfr</p><p>unoffici unverifi list relev regul updat<weblink ns0:type="simple" ns0:href="http://www.lancevail.net/Nose/cfr.html">code feder regul</weblink></p></sec><sec><st>safeti nuclear power plant</st><p><link ns0:type="simple" ns0:href="../153/22153.xml">nuclear power plant</link>nonmilitari radioact materi nrcgener safeti regul balloon year preced<trouble wordnetid="107289014" confidence="0.8"><mishap wordnetid="107314427" confidence="0.8"><misfortune wordnetid="107304852" confidence="0.8"><accident wordnetid="107301336" confidence="0.8"><happening wordnetid="107283608" confidence="0.8"><event wordnetid="100029378" confidence="0.8"><psychological_feature wordnetid="100023100" confidence="0.8"><link ns0:type="simple" ns0:href="../856/105856.xml">three mile island accid</link></psychological_feature></event></happening></accident></misfortune></mishap></trouble>surg</p><ss1><st>assess risk</st><p>nrc predecessor decad produc three major analys risk nuclear power fourth allencompass<link ns0:type="simple" ns0:href="../584/19137584.xml">stateoftheart reactor consequ analys</link>soarca studi gener studi will base actual test<link ns0:type="simple" ns0:href="../354/2080354.xml">probabilist risk assess</link>pra methodolog evalu action govern agenc</p><p>exist studi disavow nrc replac soarca<list><entry level="1" type="bullet"><link ns0:type="simple" ns0:href="../139/3440139.xml">nureg</link></entry><entry level="1" type="bullet"><link ns0:type="simple" ns0:href="../926/3378926.xml">cracii</link>base wash</entry><entry level="1" type="bullet"><link ns0:type="simple" ns0:href="../370/2142370.xml">wash</link></entry><entry level="1" type="bullet"><link ns0:type="simple" ns0:href="../048/3384048.xml">wash</link>prabas</entry></list></p></ss1><ss1><st>comparison risk nuclear power plant</st><p>reactor vendor routin calcul probabilist risk assess nuclear power plant design</p><p>gener electr recalcul maximum core damag frequenc year plant nuclear power plant design<ref ns0:type="simple" ns0:href="#xpointer(//reflist/entry[@id=%223%22])" /><indent level="1">bwr typic plant</indent>bwr typic plant<indent level="1"><link ns0:type="simple" ns0:href="../348/2239348.xml">abwr</link>oper japan</indent><link ns0:type="simple" ns0:href="../393/4015393.xml">esbwr</link>submit final design approv nrc</p><p><idea wordnetid="105833840" confidence="0.8"><concept wordnetid="105835747" confidence="0.8"><category wordnetid="105838765" confidence="0.8"><type wordnetid="105840188" confidence="0.8"><kind wordnetid="105839024" confidence="0.8"><link ns0:type="simple" ns0:href="../140/3111140.xml">ap</link></kind></type></category></concept></idea>maximum core damag frequenc plant year<idea wordnetid="105833840" confidence="0.8"><concept wordnetid="105835747" confidence="0.8"><category wordnetid="105838765" confidence="0.8"><type wordnetid="105840188" confidence="0.8"><kind wordnetid="105839024" confidence="0.8"><link ns0:type="simple" ns0:href="../371/1636371.xml">european pressur reactor</link></kind></type></category></concept></idea>epr maximum<link ns0:type="simple" ns0:href="../553/16507553.xml">core damag frequenc</link>plant year<ref ns0:type="simple" ns0:href="#xpointer(//reflist/entry[@id=%224%22])" /></p></ss1><ss1><st>geolog seismic site criteria</st><p>geolog seismic site criteria govern feder regul cfr<ref ns0:type="simple" ns0:href="#xpointer(//reflist/entry[@id=%225%22])" /></p><p>nuclear power plant design withstand credibl earthquak oper basi earthquak safe shutdown earthquak damag safetyrel equip cfr appendix seismic geolog criteria nuclear power plant<ref ns0:type="simple" ns0:href="#xpointer(//reflist/entry[@id=%226%22])" />pattern earth motion consid well strength vibrat</p></ss1><ss1><st>popul criteria</st><p>populationcriteria site nuclear power plant cover feder regul cfr<ref ns0:type="simple" ns0:href="#xpointer(//reflist/entry[@id=%227%22])" /></p><p>minimum distanc set exclus area typic insid protect area fenc low popul zone popul center distanc calcul minimum assur distanc maximum amount radioact releas call sourc term assum worstcas wind condit assum</p><p>nuclear power plant licens submitt extremelyconserv fallout input somewhatantiqu<link ns0:type="simple" ns0:href="../370/2142370.xml">wash</link>studi nrc disavow assumpt wash pessimist<link ns0:type="simple" ns0:href="../139/3440139.xml">nureg</link>process gener stateoftheart studi</p><p>bound calcul sourc term wash typic calcul minimum emerg plan zone epz mile plant practic round mile actual implement</p></ss1><ss1><st>protect attack</st><p>nuclear power plant requir withstand governmentspecifi design basi threat dbt specif dbt govern secret</p><ss2><st>protect area</st><p>protect area enclos exclus zone calcul serv secur zone trust individu allow walk unescort</p><p>protect area surround doubl fenc gap fenc electron monitor gate well guard numer secur measur<ref ns0:type="simple" ns0:href="#xpointer(//reflist/entry[@id=%228%22])" /></p></ss2><ss2><st>missil shield</st><p><indent level="1">main articl<idea wordnetid="105833840" confidence="0.8"><concept wordnetid="105835747" confidence="0.8"><component wordnetid="105868954" confidence="0.8"><part wordnetid="105867413" confidence="0.8"><link ns0:type="simple" ns0:href="../860/2102860.xml">contain build</link></part></component></concept></idea></indent>missil shield protect contain structur origin intend protect natur forc tornado exampl design withstand impact<link ns0:type="simple" ns0:href="../296/1324296.xml">telephon pole</link>fli mile hour kmh hit endon plant<symbol wordnetid="106806469" confidence="0.9508927676800064"><link ns0:type="simple" ns0:href="../066/18933066.xml">florida</link></symbol><structure wordnetid="104341686" confidence="0.8"><building wordnetid="102913152" confidence="0.8"><artifact wordnetid="100021939" confidence="0.8"><facility wordnetid="103315023" confidence="0.8"><link ns0:type="simple" ns0:href="../757/1790757.xml">turkey point ng</link></facility></artifact></building></structure>surviv direct hit<link ns0:type="simple" ns0:href="../313/255313.xml#xpointer(//*[./st=%22Category+5%22])">categori</link><hurricane wordnetid="111467018" confidence="0.9508927676800064"><link ns0:type="simple" ns0:href="../545/211545.xml">hurrican andrew</link></hurricane>damag contain</p><p>actual missil shield subject aircraft impact test highli test<site wordnetid="108651247" confidence="0.8"><region wordnetid="108630985" confidence="0.8"><artifact wordnetid="100021939" confidence="0.8"><instrumentality wordnetid="103575240" confidence="0.8"><location wordnetid="100027167" confidence="0.8"><tract wordnetid="108673395" confidence="0.8"><weapon wordnetid="104565375" confidence="0.8"><device wordnetid="103183080" confidence="0.8"><geographical_area wordnetid="108574314" confidence="0.8"><instrument wordnetid="103574816" confidence="0.8"><link ns0:type="simple" ns0:href="../558/155558.xml">sandia nation laboratori</link></instrument></geographical_area></device></weapon></tract></location></instrumentality></artifact></region></site>film<idea wordnetid="105833840" confidence="0.8"><concept wordnetid="105835747" confidence="0.8"><component wordnetid="105868954" confidence="0.8"><part wordnetid="105867413" confidence="0.8"><link ns0:type="simple" ns0:href="../860/2102860.xml">contain build</link></part></component></concept></idea>target essenti undamag reinforc concret resist impact fire nrc chairman nuclear power plant inher robust structur studi provid adequ protect hypothet attack airplan nrc action requir nuclear power plant oper manag larg fire explos matter caus<ref ns0:type="simple" ns0:href="#xpointer(//reflist/entry[@id=%229%22])" /></p></ss2></ss1><ss1><st>procedur</st><p>oper licens grant govern carri forc law final safeti analysi report fsar oper licens plant technic specif restrict oper consult oper chapter fsar procedur check technic specif transient analysi engin copi approv procedur number copi control updat copi assur nuclear power plant industri approv procedur carri forc law deliber violat crimin</p></ss1><ss1><st>reactor protect system rp</st><p><indent level="1">main articl<idea wordnetid="105833840" confidence="0.8"><concept wordnetid="105835747" confidence="0.8"><component wordnetid="105868954" confidence="0.8"><part wordnetid="105867413" confidence="0.8"><link ns0:type="simple" ns0:href="../472/8147472.xml">reactor protect system</link></part></component></concept></idea></indent></p></ss1><ss1><st>design basi event</st><p>design basi event dbe defin condit normal oper includ anticip oper occurr design basi accid extern event natur phenomena plant design ensur function bi cfr<ref ns0:type="simple" ns0:href="#xpointer(//reflist/entry[@id=%2210%22])" />includ maintain integr reactor coolant pressur boundari maintain capabl shut reactor maintain safe shutdown condit maintain capabl prevent mitig consequ accid result potenti offsit exposur</p><p>normal dbe evalu station blackout offsit onsit ac power lost durat<link ns0:type="simple" ns0:href="../900/918900.xml">loss coolant accid</link>loca</p></ss1></sec><sec><st>accid</st><p><indent level="1">main articl<link ns0:type="simple" ns0:href="../813/383813.xml">nuclear radiat accid</link></indent>dozen radiat accid happen unit rang small accid person expos radiat nrc label precursor event</p><p>precursor event lead condit core damag probabl ccdp increas core damag probabl cdp greater equal precursor event occur probabl subsequ failur will core damag</p><p><link ns0:type="simple" ns0:href="../251/891251.xml" />nrc report precursor event three mile island three mile island report</p><p>precursor event report accid continu occur<ref ns0:type="simple" ns0:href="#xpointer(//reflist/entry[@id=%2211%22])" /></p><ss1><st>three mile island</st><p><indent level="1">main articl<trouble wordnetid="107289014" confidence="0.8"><mishap wordnetid="107314427" confidence="0.8"><misfortune wordnetid="107304852" confidence="0.8"><accident wordnetid="107301336" confidence="0.8"><happening wordnetid="107283608" confidence="0.8"><event wordnetid="100029378" confidence="0.8"><psychological_feature wordnetid="100023100" confidence="0.8"><link ns0:type="simple" ns0:href="../856/105856.xml">three mile island accid</link></psychological_feature></event></happening></accident></misfortune></mishap></trouble></indent><link ns0:type="simple" ns0:href="../347/19347.xml">march</link><link ns0:type="simple" ns0:href="../754/34754.xml" /><link ns0:type="simple" ns0:href="../750/3434750.xml">usa</link>unit<link ns0:type="simple" ns0:href="../347/207347.xml">nuclear power plant</link><link ns0:type="simple" ns0:href="../350/143350.xml">pressur water reactor</link><tower wordnetid="104460130" confidence="0.8"><structure wordnetid="104341686" confidence="0.8"><artifact wordnetid="100021939" confidence="0.8"><facility wordnetid="103315023" confidence="0.8"><station wordnetid="104306080" confidence="0.8"><link ns0:type="simple" ns0:href="../486/1750486.xml">three mile island nuclear gener station</link></station></facility></artifact></structure></tower><county wordnetid="108546183" confidence="0.9508927676800064"><link ns0:type="simple" ns0:href="../963/91963.xml">dauphin counti pennsylvania</link></county><village wordnetid="108672738" confidence="0.9508927676800064"><link ns0:type="simple" ns0:href="../849/57849.xml">harrisburg</link></village>suffer partial core<link ns0:type="simple" ns0:href="../498/162498.xml">meltdown</link><trouble wordnetid="107289014" confidence="0.8"><mishap wordnetid="107314427" confidence="0.8"><misfortune wordnetid="107304852" confidence="0.8"><accident wordnetid="107301336" confidence="0.8"><happening wordnetid="107283608" confidence="0.8"><event wordnetid="100029378" confidence="0.8"><psychological_feature wordnetid="100023100" confidence="0.8"><link ns0:type="simple" ns0:href="../856/105856.xml">three mile island accid</link></psychological_feature></event></happening></accident></misfortune></mishap></trouble>worst accid<body wordnetid="107965085" confidence="0.8"><social_group wordnetid="107950920" confidence="0.8"><political_orientation wordnetid="106212839" confidence="0.8"><colony wordnetid="108374049" confidence="0.8"><state wordnetid="108168978" confidence="0.8"><political_unit wordnetid="108359949" confidence="0.8"><group wordnetid="100031264" confidence="0.8"><democracy wordnetid="106217103" confidence="0.8"><link ns0:type="simple" ns0:href="../750/3434750.xml">american</link></democracy></group></political_unit></state></colony></political_orientation></social_group></body>commerci nuclear power gener histori led death injuri plant worker member nearbi commun<ref ns0:type="simple" ns0:href="#xpointer(//reflist/entry[@id=%2212%22])" />importantli reactor vessel ruptur</p><p>three mile island accid small amount radioact gase releas addit accident releas radioact gase deliber releas atmospher oper reliev pressur primari system avoid curtail flow coolant core<ref ns0:type="simple" ns0:href="#xpointer(//reflist/entry[@id=%2212%22])" /></p><p>safeti viewpoint system function design<idea wordnetid="105833840" confidence="0.8"><concept wordnetid="105835747" confidence="0.8"><component wordnetid="105868954" confidence="0.8"><part wordnetid="105867413" confidence="0.8"><link ns0:type="simple" ns0:href="../206/5127206.xml">emerg core cool system</link></part></component></concept></idea>automat turn turn oper mistaken belief reactor vessel full water faulti pressur read caus stuckopen porv final fuel temperatur check reveal problem note vast major plant direct measur water level reactor vessel reli read pressur</p><p>system function design design flaw consensu accid exacerb wrong decis oper overwhelm irrelev mislead incorrect</p><p>extens regul plant chang accid addit improv oper train improv qualiti assur engin oper surveil emerg plan institut improv control room habit sight line instrument ambigu indic placement troubl tag troubl tag cover instrument indic accid</p></ss1><ss1><st>chernobyl</st><p><misfortune wordnetid="114475405" confidence="0.8"><condition wordnetid="113920429" confidence="0.8"><state wordnetid="100024720" confidence="0.8"><catastrophe wordnetid="114476290" confidence="0.8"><adversity wordnetid="114475661" confidence="0.8"><fortune wordnetid="114473222" confidence="0.8"><link ns0:type="simple" ns0:href="../713/2589713.xml">chernobyl disast</link></fortune></adversity></catastrophe></state></condition></misfortune>major accid<reactor wordnetid="104057846" confidence="0.8"><artifact wordnetid="100021939" confidence="0.8"><instrumentality wordnetid="103575240" confidence="0.8"><facility wordnetid="103315023" confidence="0.8"><station wordnetid="104306080" confidence="0.8"><electrical_device wordnetid="103269401" confidence="0.8"><device wordnetid="103183080" confidence="0.8"><link ns0:type="simple" ns0:href="../999/1238999.xml">chernobyl nuclear power plant</link></device></electrical_device></station></facility></instrumentality></artifact></reactor><link ns0:type="simple" ns0:href="../972/509972.xml">pripyat ukrain</link><system wordnetid="108435388" confidence="0.8"><economy wordnetid="108366753" confidence="0.8"><group wordnetid="100031264" confidence="0.8"><link ns0:type="simple" ns0:href="../779/26779.xml">soviet union</link></group></economy></system><link ns0:type="simple" ns0:href="../261/1261.xml">april</link><link ns0:type="simple" ns0:href="../761/34761.xml" />consist explos plant<link ns0:type="simple" ns0:href="../366/12366.xml">graphit</link><link ns0:type="simple" ns0:href="../845/481845.xml">control rod</link>lead subsequ<link ns0:type="simple" ns0:href="../749/621749.xml">radioact contamin</link>surround geograph area regard worst<link ns0:type="simple" ns0:href="../813/383813.xml">accid</link>histori nuclear power<ref ns0:type="simple" ns0:href="#xpointer(//reflist/entry[@id=%2213%22])" /></p><p><idea wordnetid="105833840" confidence="0.8"><concept wordnetid="105835747" confidence="0.8"><category wordnetid="105838765" confidence="0.8"><type wordnetid="105840188" confidence="0.8"><kind wordnetid="105839024" confidence="0.8"><link ns0:type="simple" ns0:href="../088/213088.xml">rbmk</link></kind></type></category></concept></idea>design chernobyl built number reason<ref ns0:type="simple" ns0:href="#xpointer(//reflist/entry[@id=%2214%22])" />imposs build full contain structur second reactor neg<link ns0:type="simple" ns0:href="../053/1211053.xml">void coeffici</link>mean increas steam bubbl form reactor core decreas power increas reactor unstabl power temperatur increas third exist chernobyl reactor protect system inadequ failsaf warn safeti compon fact ignor violat plant procedur<link ns0:type="simple" ns0:href="../093/431093.xml">scram</link>ming plant nuclear regulatori commiss issu licens construct plant rbmk</p></ss1></sec><sec><st>potassium iodid</st><p><agency wordnetid="108337324" confidence="0.9508927676800064"><link ns0:type="simple" ns0:href="../201/165201.xml">nuclear regulatori commiss</link></agency>usa request stock<link ns0:type="simple" ns0:href="../366/1014366.xml">potassium iodid</link>nrc suggest live mile nuclear power plant event sever accid<ref ns0:type="simple" ns0:href="#xpointer(//reflist/entry[@id=%2215%22])" />iodin fission product nuclear reactor event sever accid fraction iodin expect leak fuel contain build ingest iodin tend accumul person thyroid potassium iodin pill intend flood bodi normal iodin make radioact varieti absorb</p></sec><sec><st>refer</st><p><reflist><entry id="1"><weblink ns0:type="simple" ns0:href="http://www.nrc.gov/about-nrc.html">nrc</weblink><weblink ns0:type="simple" ns0:href="http://www.nrc.gov">nuclear regulatori commiss</weblink>retriev</entry><entry id="2"><weblink ns0:type="simple" ns0:href="http://www.nrc.gov/about-nrc/governing-laws.html">govern legisl</weblink><weblink ns0:type="simple" ns0:href="http://www.nrc.gov">nuclear regulatori commiss</weblink>retriev</entry><entry id="3">hind david chri maslak januari<weblink ns0:type="simple" ns0:href="http://www.ans.org/pubs/magazines/nn/docs/2006-1-3.pdf">nextgener nuclear energi esbwr</weblink><link ns0:type="simple" ns0:href="../077/24077.xml">pdf</link>nuclear news retriev<link /></entry><entry id="4"><weblink ns0:type="simple" ns0:href="http://web.mit.edu/erc/docs/scourse/28.FridayPM.Buongiorno.pdf">httpwebmiteduercdocsscoursefridaypmbuongiornopdf</weblink>pdf</entry><entry id="5"><weblink ns0:type="simple" ns0:href="http://www.nrc.gov/reading-rm/doc-collections/cfr/part100/part100-0023.html">cfr</weblink></entry><entry id="6"><weblink ns0:type="simple" ns0:href="http://www.ans.org/standards/resources/toolkit/docs/glossary-appendix.pdf">standard definit american nuclear societi</weblink></entry><entry id="7"><weblink ns0:type="simple" ns0:href="http://www.nrc.gov/reading-rm/doc-collections/cfr/part100/part100-0011.html">cfr</weblink></entry><entry id="8"><weblink ns0:type="simple" ns0:href="http://www.nei.org/index.asp?catnum=4 catid=707">nuclear power plant secur industri facil nei tell congress</weblink></entry><entry id="9"><weblink ns0:type="simple" ns0:href="http://www.nrc.gov/reading-rm/doc-collections/news/2007/07-013.html">statement chairman dale klein commiss affirm final dbt rule</weblink>nuclear regulatori commiss retriev<link /></entry><entry id="10"><weblink ns0:type="simple" ns0:href="http://www.nrc.gov/reading-rm/doc-collections/cfr/part050/part050-0049.html">cfr</weblink></entry><entry id="11"><weblink ns0:type="simple" ns0:href="http://www.illinoisattorneygeneral.gov/pressroom/2006_03/20060316.html">madigan glasgow file suit radioact leak braidwood nuclear plant</weblink>illinoi attorney gener retriev<link /></entry><entry id="12"><weblink ns0:type="simple" ns0:href="http://www.nrc.gov/reading-rm/doc-collections/fact-sheets/3mile-isle.html/">fact sheet three mile island accid</weblink><link ns0:type="simple" ns0:href="../201/165201.xml">nuclear regulatori commiss</link>februari retriev<link /></entry><entry id="13"><weblink ns0:type="simple" ns0:href="http://www.chernobyl.info/index.php?navID=2">geograph locat extent radioact contamin</weblink></entry><entry id="14"><weblink ns0:type="simple" ns0:href="http://www.phyast.pitt.edu/~blc/book/chapter7.html">univers pittsburgh info chernobyl</weblink></entry><entry id="15"><weblink ns0:type="simple" ns0:href="http://www.nrc.gov/what-we-do/emerg-preparedness/protect-public/potassium-iodide.html">consider potassium iodid emerg plan</weblink>nuclear regulatori commiss retriev<link /></entry></reflist></p></sec><sec><st /><p><list><entry level="1" type="bullet"><issue wordnetid="105814650" confidence="0.8"><link ns0:type="simple" ns0:href="../539/4222539.xml">nuclear safeti</link></issue></entry><entry level="1" type="bullet"><link ns0:type="simple" ns0:href="../153/22153.xml">nuclear power</link></entry><entry level="1" type="bullet"><politics wordnetid="113840719" confidence="0.8"><social_relation wordnetid="100032823" confidence="0.8"><link ns0:type="simple" ns0:href="../402/4131402.xml">nuclear power unit</link></social_relation></politics></entry><entry level="1" type="bullet"><link ns0:type="simple" ns0:href="../440/379440.xml">list nuclear reactor</link></entry><entry level="1" type="bullet"><link ns0:type="simple" ns0:href="../004/9799004.xml">institut nuclear power oper</link></entry><entry level="1" type="bullet"><link ns0:type="simple" ns0:href="../919/2082919.xml">nuclear power program</link></entry><entry level="1" type="bullet"><link ns0:type="simple" ns0:href="../946/2468946.xml">list civilian nuclear accid</link></entry><entry level="1" type="bullet"><link ns0:type="simple" ns0:href="../952/3253952.xml">list civilian radiat accid</link></entry><entry level="1" type="bullet"><link ns0:type="simple" ns0:href="../942/2468942.xml">list militari nuclear accid</link></entry><entry level="1" type="bullet"><link ns0:type="simple" ns0:href="../744/15566744.xml">nuclear power whistleblow</link></entry></list></p></sec><sec><st>extern link</st><p><list><entry level="1" type="bullet"><weblink ns0:type="simple" ns0:href="http://www.nrc.gov/">nuclear regulatori commiss</weblink>supervis nuclear industri</entry><entry level="1" type="bullet"><weblink ns0:type="simple" ns0:href="http://www.nei.org/keyissues/safetyandsecurity/">nuclear power safeti secur</weblink></entry></list></p></sec></bdy></article>