<article xmlns:ns0="http://www.w3.org/1999/xlink"><cipher confidence="0.9511911446218017" wordnetid="106254239"><header><title>seed</title><id /><revision><id /><timestamp>tz</timestamp><contributor><username>thumperward</username><id /></contributor></revision><categories><category>block cipher</category></categories></header><bdy><template><name>infobox block cipher</name><parameters><structure>nest<link ns0:type="simple" ns0:href="../709/352709.xml">feistel network</link></structure><block_size>bit</block_size><designers><link>kisa</link></designers><name>seed</name><rounds /><key_size>bit</key_size><publish_date /></parameters></template><link ns0:type="simple" ns0:href="../694/37694.xml">seed</link><p><b>seed</b><link ns0:type="simple" ns0:href="../594/4594.xml">block cipher</link>develop<link>korean secur agenc</link>broadli<country wordnetid="108544813" confidence="0.9508927676800064"><link ns0:type="simple" ns0:href="../019/27019.xml">south korea</link></country>industri seldom gain popular korea bit ssl consid strong<message wordnetid="106598915" confidence="0.8"><protocol wordnetid="106665108" confidence="0.8"><standard wordnetid="107260623" confidence="0.8"><direction wordnetid="106786629" confidence="0.8"><rule wordnetid="106652242" confidence="0.8"><system_of_measurement wordnetid="113577171" confidence="0.8"><link ns0:type="simple" ns0:href="../813/187813.xml#xpointer(//*[./st=%22Early+short+keys%22])">transport layer securityearli short</link></system_of_measurement></rule></direction></standard></protocol></message>korean secur agenc develop standard decis limit competit<link ns0:type="simple" ns0:href="../173/33173.xml">web browser</link>korea major ssl librari web browser current support seed algorithm user limit<link ns0:type="simple" ns0:href="../497/93497.xml">activex</link>compon<software wordnetid="106566077" confidence="0.9508927676800064"><link ns0:type="simple" ns0:href="../215/15215.xml">internet explor</link></software>secur web site<ref ns0:type="simple" ns0:href="#xpointer(//reflist/entry[@id=%221%22])" /></p><p>seed round<link ns0:type="simple" ns0:href="../709/352709.xml">feistel network</link><link ns0:type="simple" ns0:href="../065/294065.xml">bit block</link><link ns0:type="simple" ns0:href="../749/5749.xml">bit key</link>time<link>sbox</link>es<message wordnetid="106253690" confidence="0.8"><cipher wordnetid="106254239" confidence="0.8"><link ns0:type="simple" ns0:href="../497/630497.xml">safer</link></cipher></message>deriv discret<link ns0:type="simple" ns0:href="../491/99491.xml">exponenti</link>case incompat oper resembl<cipher wordnetid="106254239" confidence="0.9508927676800064"><link ns0:type="simple" ns0:href="../515/612515.xml">misti</link></cipher>recurs structur bit full cipher feistel network ffunction oper bit halv ffunction feistel network compos gfunction oper bit halv recurs extend gfunction feistel network gfunction bit word consid bit byte pass sbox combin moder complex set<link ns0:type="simple" ns0:href="../349/753349.xml">boolean function</link>output bit depend input byte</p><p>seed fairli complex<link ns0:type="simple" ns0:href="../603/609603.xml">key schedul</link>gener thirtytwo bit subkey applic gfunction seri rotat raw key combin round constant deriv<cipher wordnetid="106254239" confidence="0.9508927676800064"><link ns0:type="simple" ns0:href="../720/528720.xml">tea</link></cipher><idea wordnetid="105833840" confidence="0.8"><concept wordnetid="105835747" confidence="0.8"><constant wordnetid="105858936" confidence="0.8"><quantity wordnetid="105855125" confidence="0.8"><link ns0:type="simple" ns0:href="../386/12386.xml">golden ratio</link></quantity></constant></concept></idea></p><sec><st>refer</st><p><reflist><entry id="1">gen kanai<weblink ns0:type="simple" ns0:href="http://www.kanai.net/weblog/archive/2007/01/26/00h53m55s#003095">cost monocultur</weblink>retriev<link /></entry></reflist></p></sec><sec><st>extern link</st><p><list><entry level="1" type="bullet"><weblink ns0:type="simple" ns0:href="http://www.kisa.or.kr/seed/seed_eng.html">seed introduct</weblink>english</entry><entry level="1" type="bullet"><weblink ns0:type="simple" ns0:href="http://www.kanai.net/weblog/archive/2007/01/26/00h53m55s">blog seed korea</weblink></entry><entry level="1" type="bullet"><weblink ns0:type="simple" ns0:href="http://webstandard.or.kr/en/2007/03/17/korean-home-brew-on-the-web/">explan activex control conjunct seed korean ecommerc</weblink></entry><entry level="1" type="bullet"><weblink ns0:type="simple" ns0:href="http://www.kisa.or.kr/seed/data/Document_pdf/SEED_Specification_english.pdf">seed offici specif document</weblink>english</entry><entry level="1" type="bullet">rfc seed encrypt algorithm obsolet rfc</entry><entry level="1" type="bullet">rfc seed encrypt algorithm cryptograph messag syntax cm</entry><entry level="1" type="bullet">rfc seed cipher algorithm ipsec</entry></list></p><p><table style=";" class="navbox" cellspacing="0"><row><col style="padding:2px;"><table style="width:100%;background:transparent;color:inherit;;" class="nowraplinks  " cellspacing="0"><row><col colspan="2" style="width:100%;padding:0px;;;" class="navbox-list navbox-odd"><table style="width:100%;;;;" class="nowraplinks  navbox-subgroup" cellspacing="0"><row><col colspan="2" style="width:100%;padding:0px;;;" class="navbox-list navbox-odd"><table style="width:100%;;;;" class="nowraplinks  navbox-subgroup" cellspacing="0"><row><header colspan="2" style=";background:#ccf;" class="navbox-title"><link ns0:type="simple" ns0:href="../594/4594.xml">block cipher</link></header></row><row style="height:2px;" /><row><col colspan="2" style="width:100%;padding:0px;;;" class="navbox-list navbox-odd"><p><b>common algorithm</b><cipher wordnetid="106254239" confidence="0.9508927676800064"><link ns0:type="simple" ns0:href="../260/1260.xml">ae</link></cipher><cipher wordnetid="106254239" confidence="0.9508927676800064"><link ns0:type="simple" ns0:href="../940/3940.xml">blowfish</link></cipher><cipher wordnetid="106254239" confidence="0.9508927676800064"><link ns0:type="simple" ns0:href="../978/7978.xml">de</link></cipher><cipher wordnetid="106254239" confidence="0.9508927676800064"><link ns0:type="simple" ns0:href="../375/48375.xml">tripl de</link></cipher><cipher wordnetid="106254239" confidence="0.9508927676800064"><link ns0:type="simple" ns0:href="../154/385154.xml">serpent</link></cipher><cipher wordnetid="106254239" confidence="0.9508927676800064"><link ns0:type="simple" ns0:href="../500/517500.xml">twofish</link></cipher></p></col></row><row style="height:2px" /><row><col colspan="2" style="width:100%;padding:0px;;;" class="navbox-list navbox-even"><p><b>algorithm</b><cipher wordnetid="106254239" confidence="0.9508927676800064"><link ns0:type="simple" ns0:href="../099/294099.xml" /></cipher><cipher wordnetid="106254239" confidence="0.9508927676800064"><link ns0:type="simple" ns0:href="../742/9037742.xml">abc</link></cipher><cipher wordnetid="106254239" confidence="0.9508927676800064"><link ns0:type="simple" ns0:href="../264/1488264.xml">akelarr</link></cipher><cipher wordnetid="106254239" confidence="0.9508927676800064"><link ns0:type="simple" ns0:href="../526/3432526.xml">anubi</link></cipher><cipher wordnetid="106254239" confidence="0.9508927676800064"><link ns0:type="simple" ns0:href="../560/9013560.xml">aria</link></cipher><cipher wordnetid="106254239" confidence="0.9508927676800064"><link ns0:type="simple" ns0:href="../899/8367899.xml">basek</link></cipher><cipher wordnetid="106254239" confidence="0.9508927676800064"><link ns0:type="simple" ns0:href="../583/8619583.xml">bassomat</link></cipher><link ns0:type="simple" ns0:href="../987/1068987.xml">baton</link><link ns0:type="simple" ns0:href="../678/13653678.xml">bear lion</link><cipher wordnetid="106254239" confidence="0.9508927676800064"><link ns0:type="simple" ns0:href="../916/3013916.xml" /></cipher><cipher wordnetid="106254239" confidence="0.9508927676800064"><link ns0:type="simple" ns0:href="../475/532475.xml">camellia</link></cipher><cipher wordnetid="106254239" confidence="0.9508927676800064"><link ns0:type="simple" ns0:href="../998/240998.xml">cast</link></cipher><cipher wordnetid="106254239" confidence="0.9508927676800064"><link ns0:type="simple" ns0:href="../143/612143.xml">cast</link></cipher><cipher wordnetid="106254239" confidence="0.9508927676800064"><link ns0:type="simple" ns0:href="../236/8745236.xml">cik</link></cipher><cipher wordnetid="106254239" confidence="0.9508927676800064"><link ns0:type="simple" ns0:href="../507/9036507.xml">cipherunicorna</link></cipher><cipher wordnetid="106254239" confidence="0.9508927676800064"><link ns0:type="simple" ns0:href="../443/9036443.xml">cipherunicorn</link></cipher><message wordnetid="106253690" confidence="0.8"><cipher wordnetid="106254239" confidence="0.8"><link ns0:type="simple" ns0:href="../249/10276249.xml">clefia</link></cipher></message><cipher wordnetid="106254239" confidence="0.9508927676800064"><link ns0:type="simple" ns0:href="../990/662990.xml">cmea</link></cipher><message wordnetid="106253690" confidence="0.8"><cipher wordnetid="106254239" confidence="0.8"><link ns0:type="simple" ns0:href="../362/7502362.xml">cobra</link></cipher></message><cipher wordnetid="106254239" confidence="0.9508927676800064"><link ns0:type="simple" ns0:href="../898/9329898.xml">coconut</link></cipher><cipher wordnetid="106254239" confidence="0.9508927676800064"><link ns0:type="simple" ns0:href="../313/7866313.xml">crab</link></cipher><cipher wordnetid="106254239" confidence="0.9508927676800064"><link ns0:type="simple" ns0:href="../011/7237011.xml">crypton</link></cipher><cipher wordnetid="106254239" confidence="0.9508927676800064"><link ns0:type="simple" ns0:href="../465/2275465.xml">cscipher</link></cipher><link ns0:type="simple" ns0:href="../184/663184.xml">deal</link><message wordnetid="106253690" confidence="0.8"><cipher wordnetid="106254239" confidence="0.8"><link ns0:type="simple" ns0:href="../801/619801.xml">desx</link></cipher></message><cipher wordnetid="106254239" confidence="0.9508927676800064"><link ns0:type="simple" ns0:href="../867/7955867.xml">dfc</link></cipher><cipher wordnetid="106254239" confidence="0.9508927676800064"><link ns0:type="simple" ns0:href="../917/8441917.xml" /></cipher><cipher wordnetid="106254239" confidence="0.9508927676800064"><link ns0:type="simple" ns0:href="../532/592532.xml">feal</link></cipher><cipher wordnetid="106254239" confidence="0.9508927676800064"><link ns0:type="simple" ns0:href="../364/8706364.xml">feam</link></cipher><link ns0:type="simple" ns0:href="../729/1142729.xml">frog</link><link ns0:type="simple" ns0:href="../423/631423.xml">gde</link><link ns0:type="simple" ns0:href="../471/487471.xml">gost</link><cipher wordnetid="106254239" confidence="0.9508927676800064"><link ns0:type="simple" ns0:href="../743/8378743.xml">grand cru</link></cipher><link ns0:type="simple" ns0:href="../548/5034548.xml">hasti pud cipher</link><cipher wordnetid="106254239" confidence="0.9508927676800064"><link ns0:type="simple" ns0:href="../595/8439595.xml">hierocrypt</link></cipher><cipher wordnetid="106254239" confidence="0.9508927676800064"><link ns0:type="simple" ns0:href="../540/1188540.xml">ice</link></cipher><cipher wordnetid="106254239" confidence="0.9508927676800064"><link ns0:type="simple" ns0:href="../076/15076.xml">idea</link></cipher><cipher wordnetid="106254239" confidence="0.9508927676800064"><link ns0:type="simple" ns0:href="../069/2067069.xml">idea nxt</link></cipher><cipher wordnetid="106254239" confidence="0.9508927676800064"><link ns0:type="simple" ns0:href="../776/8896776.xml">intel cascad cipher</link></cipher><message wordnetid="106253690" confidence="0.8"><cipher wordnetid="106254239" confidence="0.8"><link ns0:type="simple" ns0:href="../331/482331.xml">iraqi</link></cipher></message><cipher wordnetid="106254239" confidence="0.9508927676800064"><link ns0:type="simple" ns0:href="../027/612027.xml">kasumi</link></cipher><message wordnetid="106253690" confidence="0.8"><operation wordnetid="100955060" confidence="0.8"><event wordnetid="100029378" confidence="0.8"><cipher wordnetid="106254239" confidence="0.8"><attack wordnetid="100972621" confidence="0.8"><act wordnetid="100030358" confidence="0.8"><psychological_feature wordnetid="100023100" confidence="0.8"><activity wordnetid="100407535" confidence="0.8"><link ns0:type="simple" ns0:href="../162/7494162.xml">keeloq</link></activity></psychological_feature></act></attack></cipher></event></operation></message><cipher wordnetid="106254239" confidence="0.9508927676800064"><link ns0:type="simple" ns0:href="../967/615967.xml">khazad</link></cipher><link ns0:type="simple" ns0:href="../695/634695.xml">khufu khafr</link><cipher wordnetid="106254239" confidence="0.9508927676800064"><link ns0:type="simple" ns0:href="../186/9077186.xml">kncipher</link></cipher><cipher wordnetid="106254239" confidence="0.9508927676800064"><link ns0:type="simple" ns0:href="../823/9208823.xml">ladderd</link></cipher><message wordnetid="106253690" confidence="0.8"><cipher wordnetid="106254239" confidence="0.8"><link ns0:type="simple" ns0:href="../762/4437762.xml">libel</link></cipher></message><cipher wordnetid="106254239" confidence="0.9508927676800064"><link ns0:type="simple" ns0:href="../984/611984.xml">loki</link></cipher><message wordnetid="106253690" confidence="0.8"><cipher wordnetid="106254239" confidence="0.8"><link ns0:type="simple" ns0:href="../844/647844.xml">loki</link></cipher></message><message wordnetid="106253690" confidence="0.8"><cipher wordnetid="106254239" confidence="0.8"><link ns0:type="simple" ns0:href="../242/364242.xml">lucif</link></cipher></message><cipher wordnetid="106254239" confidence="0.9508927676800064"><link ns0:type="simple" ns0:href="../626/8566626.xml" /></cipher><cipher wordnetid="106254239" confidence="0.9508927676800064"><link ns0:type="simple" ns0:href="../572/9524572.xml" /></cipher><cipher wordnetid="106254239" confidence="0.9508927676800064"><link ns0:type="simple" ns0:href="../065/719065.xml">macguffin</link></cipher><message wordnetid="106253690" confidence="0.8"><cipher wordnetid="106254239" confidence="0.8"><link ns0:type="simple" ns0:href="../303/719303.xml">madryga</link></cipher></message><link ns0:type="simple" ns0:href="../282/598282.xml">magenta</link><cipher wordnetid="106254239" confidence="0.9508927676800064"><link ns0:type="simple" ns0:href="../135/537135.xml">mar</link></cipher><message wordnetid="106253690" confidence="0.8"><cipher wordnetid="106254239" confidence="0.8"><link ns0:type="simple" ns0:href="../674/18414674.xml">mcc</link></cipher></message><cipher wordnetid="106254239" confidence="0.9508927676800064"><link ns0:type="simple" ns0:href="../795/7849795.xml">merci</link></cipher><cipher wordnetid="106254239" confidence="0.9508927676800064"><link ns0:type="simple" ns0:href="../057/7972057.xml">mesh</link></cipher><cipher wordnetid="106254239" confidence="0.9508927676800064"><link ns0:type="simple" ns0:href="../515/612515.xml">misti</link></cipher><cipher wordnetid="106254239" confidence="0.9508927676800064"><link ns0:type="simple" ns0:href="../799/682799.xml">mmb</link></cipher><cipher wordnetid="106254239" confidence="0.9508927676800064"><link ns0:type="simple" ns0:href="../669/7687669.xml">multi</link></cipher><cipher wordnetid="106254239" confidence="0.9508927676800064"><link ns0:type="simple" ns0:href="../149/13358149.xml">multiswap</link></cipher><cipher wordnetid="106254239" confidence="0.9508927676800064"><link ns0:type="simple" ns0:href="../916/9347916.xml">data seal</link></cipher><cipher wordnetid="106254239" confidence="0.9508927676800064"><link ns0:type="simple" ns0:href="../279/828279.xml">newd</link></cipher><cipher wordnetid="106254239" confidence="0.9508927676800064"><link ns0:type="simple" ns0:href="../690/7807690.xml">nimbu</link></cipher><cipher wordnetid="106254239" confidence="0.9508927676800064"><link ns0:type="simple" ns0:href="../425/2155425.xml">noekeon</link></cipher><cipher wordnetid="106254239" confidence="0.9508927676800064"><link ns0:type="simple" ns0:href="../048/7939048.xml">nush</link></cipher><cipher wordnetid="106254239" confidence="0.9508927676800064"><link ns0:type="simple" ns0:href="../876/7808876.xml" /></cipher><cipher wordnetid="106254239" confidence="0.9508927676800064"><link ns0:type="simple" ns0:href="../592/632592.xml">rc</link></cipher><cipher wordnetid="106254239" confidence="0.9508927676800064"><link ns0:type="simple" ns0:href="../600/102600.xml">rc</link></cipher><cipher wordnetid="106254239" confidence="0.9508927676800064"><link ns0:type="simple" ns0:href="../216/160216.xml">rc</link></cipher><message wordnetid="106253690" confidence="0.8"><cipher wordnetid="106254239" confidence="0.8"><link ns0:type="simple" ns0:href="../119/1131119.xml">redoc</link></cipher></message><message wordnetid="106253690" confidence="0.8"><cipher wordnetid="106254239" confidence="0.8"><link ns0:type="simple" ns0:href="../171/537171.xml">red pike</link></cipher></message><link ns0:type="simple" ns0:href="../324/482324.xml" /><message wordnetid="106253690" confidence="0.8"><cipher wordnetid="106254239" confidence="0.8"><link ns0:type="simple" ns0:href="../497/630497.xml">safer</link></cipher></message><message wordnetid="106253690" confidence="0.8"><event wordnetid="100029378" confidence="0.8"><rule wordnetid="105846932" confidence="0.8"><cipher wordnetid="106254239" confidence="0.8"><act wordnetid="100030358" confidence="0.8"><psychological_feature wordnetid="100023100" confidence="0.8"><procedure wordnetid="101023820" confidence="0.8"><activity wordnetid="100407535" confidence="0.8"><algorithm wordnetid="105847438" confidence="0.8"><link ns0:type="simple" ns0:href="../600/1068600.xml">savil</link></algorithm></activity></procedure></psychological_feature></act></cipher></rule></event></message><cipher wordnetid="106254239" confidence="0.9508927676800064"><link ns0:type="simple" ns0:href="../288/7942288.xml">sc</link></cipher><link ns0:type="simple" ns0:href="../358/1063358.xml">seed</link><cipher wordnetid="106254239" confidence="0.9508927676800064"><link ns0:type="simple" ns0:href="../495/877495.xml">shacal</link></cipher><link ns0:type="simple" ns0:href="../666/619666.xml">shark</link><cipher wordnetid="106254239" confidence="0.9508927676800064"><link ns0:type="simple" ns0:href="../702/474702.xml">skipjack</link></cipher><cipher wordnetid="106254239" confidence="0.9508927676800064"><link ns0:type="simple" ns0:href="../998/4446998.xml">sm</link></cipher><cipher wordnetid="106254239" confidence="0.9508927676800064"><link ns0:type="simple" ns0:href="../502/9127502.xml">spectrh</link></cipher><cipher wordnetid="106254239" confidence="0.9508927676800064"><link ns0:type="simple" ns0:href="../945/613945.xml">squar</link></cipher><cipher wordnetid="106254239" confidence="0.9508927676800064"><link ns0:type="simple" ns0:href="../543/9370543.xml">sxalmbal</link></cipher><cipher wordnetid="106254239" confidence="0.9508927676800064"><link ns0:type="simple" ns0:href="../720/528720.xml">tea</link></cipher><cipher wordnetid="106254239" confidence="0.9508927676800064"><link ns0:type="simple" ns0:href="../303/9138303.xml">treyfer</link></cipher><cipher wordnetid="106254239" confidence="0.9508927676800064"><link ns0:type="simple" ns0:href="../589/8826589.xml">ue</link></cipher><cipher wordnetid="106254239" confidence="0.9508927676800064"><link ns0:type="simple" ns0:href="../060/8680060.xml">xenon</link></cipher><link ns0:type="simple" ns0:href="../817/9127817.xml">xmx</link><cipher wordnetid="106254239" confidence="0.9508927676800064"><link ns0:type="simple" ns0:href="../334/530334.xml">xtea</link></cipher><cipher wordnetid="106254239" confidence="0.9508927676800064"><link ns0:type="simple" ns0:href="../454/10919454.xml">xxtea</link></cipher><cipher wordnetid="106254239" confidence="0.9508927676800064"><link ns0:type="simple" ns0:href="../492/8680492.xml">zodiac</link></cipher></p></col></row><row style="height:2px" /><row><col colspan="2" style="width:100%;padding:0px;;;" class="navbox-list navbox-odd"><p><b>design</b><link ns0:type="simple" ns0:href="../709/352709.xml">feistel network</link><event wordnetid="100029378" confidence="0.8"><rule wordnetid="105846932" confidence="0.8"><act wordnetid="100030358" confidence="0.8"><psychological_feature wordnetid="100023100" confidence="0.8"><procedure wordnetid="101023820" confidence="0.8"><activity wordnetid="100407535" confidence="0.8"><algorithm wordnetid="105847438" confidence="0.8"><link ns0:type="simple" ns0:href="../603/609603.xml">key schedul</link></algorithm></activity></procedure></psychological_feature></act></rule></event><message wordnetid="106253690" confidence="0.8"><cipher wordnetid="106254239" confidence="0.8"><link ns0:type="simple" ns0:href="../557/598557.xml">product cipher</link></cipher></message><link ns0:type="simple" ns0:href="../991/240991.xml">sbox</link><message wordnetid="106253690" confidence="0.8"><event wordnetid="100029378" confidence="0.8"><rule wordnetid="105846932" confidence="0.8"><cipher wordnetid="106254239" confidence="0.8"><act wordnetid="100030358" confidence="0.8"><psychological_feature wordnetid="100023100" confidence="0.8"><procedure wordnetid="101023820" confidence="0.8"><activity wordnetid="100407535" confidence="0.8"><algorithm wordnetid="105847438" confidence="0.8"><link ns0:type="simple" ns0:href="../162/385162.xml">spn</link></algorithm></activity></procedure></psychological_feature></act></cipher></rule></event></message></p></col></row><row style="height:2px" /><row><col colspan="2" style="width:100%;padding:0px;;;" class="navbox-list navbox-even"><p><b>attack</b><operation wordnetid="100955060" confidence="0.8"><event wordnetid="100029378" confidence="0.8"><attack wordnetid="100972621" confidence="0.8"><act wordnetid="100030358" confidence="0.8"><psychological_feature wordnetid="100023100" confidence="0.8"><activity wordnetid="100407535" confidence="0.8"><link ns0:type="simple" ns0:href="../784/53784.xml">brute forc</link></activity></psychological_feature></act></attack></event></operation><operation wordnetid="100955060" confidence="0.8"><event wordnetid="100029378" confidence="0.8"><attack wordnetid="100972621" confidence="0.8"><act wordnetid="100030358" confidence="0.8"><psychological_feature wordnetid="100023100" confidence="0.8"><activity wordnetid="100407535" confidence="0.8"><link ns0:type="simple" ns0:href="../469/59469.xml">linear</link></activity></psychological_feature></act></attack></event></operation><operation wordnetid="100955060" confidence="0.8"><event wordnetid="100029378" confidence="0.8"><attack wordnetid="100972621" confidence="0.8"><act wordnetid="100030358" confidence="0.8"><psychological_feature wordnetid="100023100" confidence="0.8"><activity wordnetid="100407535" confidence="0.8"><link ns0:type="simple" ns0:href="../536/8536.xml">differenti</link></activity></psychological_feature></act></attack></event></operation><operation wordnetid="100955060" confidence="0.8"><event wordnetid="100029378" confidence="0.8"><attack wordnetid="100972621" confidence="0.8"><act wordnetid="100030358" confidence="0.8"><psychological_feature wordnetid="100023100" confidence="0.8"><activity wordnetid="100407535" confidence="0.8"><link ns0:type="simple" ns0:href="../758/7210758.xml">integr</link></activity></psychological_feature></act></attack></event></operation><link ns0:type="simple" ns0:href="../715/5715.xml">cryptanalysi</link><operation wordnetid="100955060" confidence="0.8"><event wordnetid="100029378" confidence="0.8"><attack wordnetid="100972621" confidence="0.8"><act wordnetid="100030358" confidence="0.8"><psychological_feature wordnetid="100023100" confidence="0.8"><activity wordnetid="100407535" confidence="0.8"><link ns0:type="simple" ns0:href="../367/709367.xml">mod<it /></link></activity></psychological_feature></act></attack></event></operation><operation wordnetid="100955060" confidence="0.8"><event wordnetid="100029378" confidence="0.8"><attack wordnetid="100972621" confidence="0.8"><act wordnetid="100030358" confidence="0.8"><psychological_feature wordnetid="100023100" confidence="0.8"><activity wordnetid="100407535" confidence="0.8"><link ns0:type="simple" ns0:href="../144/1516144.xml">relatedkey</link></activity></psychological_feature></act></attack></event></operation><operation wordnetid="100955060" confidence="0.8"><event wordnetid="100029378" confidence="0.8"><attack wordnetid="100972621" confidence="0.8"><act wordnetid="100030358" confidence="0.8"><psychological_feature wordnetid="100023100" confidence="0.8"><activity wordnetid="100407535" confidence="0.8"><link ns0:type="simple" ns0:href="../327/1821327.xml">slide</link></activity></psychological_feature></act></attack></event></operation><operation wordnetid="100955060" confidence="0.8"><event wordnetid="100029378" confidence="0.8"><attack wordnetid="100972621" confidence="0.8"><act wordnetid="100030358" confidence="0.8"><psychological_feature wordnetid="100023100" confidence="0.8"><activity wordnetid="100407535" confidence="0.8"><link ns0:type="simple" ns0:href="../941/660941.xml">xsl</link></activity></psychological_feature></act></attack></event></operation></p></col></row><row style="height:2px" /><row><col colspan="2" style="width:100%;padding:0px;;;" class="navbox-list navbox-odd"><p><b>standard</b><link ns0:type="simple" ns0:href="../431/99431.xml">ae process</link><standard wordnetid="107260623" confidence="0.8"><system_of_measurement wordnetid="113577171" confidence="0.8"><link ns0:type="simple" ns0:href="../159/549159.xml">cryptrec</link></system_of_measurement></standard><standard wordnetid="107260623" confidence="0.8"><system_of_measurement wordnetid="113577171" confidence="0.8"><link ns0:type="simple" ns0:href="../430/497430.xml">nessi</link></system_of_measurement></standard></p></col></row><row style="height:2px" /><row><col colspan="2" style="width:100%;padding:0px;;;" class="navbox-list navbox-even"><p><b>misc</b><link ns0:type="simple" ns0:href="../439/769439.xml">avalanch</link><link ns0:type="simple" ns0:href="../065/294065.xml">block size</link><link ns0:type="simple" ns0:href="../971/105971.xml">iv</link><link ns0:type="simple" ns0:href="../749/5749.xml">key size</link><message wordnetid="106253690" confidence="0.8"><event wordnetid="100029378" confidence="0.8"><rule wordnetid="105846932" confidence="0.8"><cipher wordnetid="106254239" confidence="0.8"><act wordnetid="100030358" confidence="0.8"><psychological_feature wordnetid="100023100" confidence="0.8"><procedure wordnetid="101023820" confidence="0.8"><activity wordnetid="100407535" confidence="0.8"><algorithm wordnetid="105847438" confidence="0.8"><link ns0:type="simple" ns0:href="../202/160202.xml">mode oper</link></algorithm></activity></procedure></psychological_feature></act></cipher></rule></event></message><operation wordnetid="100955060" confidence="0.8"><event wordnetid="100029378" confidence="0.8"><attack wordnetid="100972621" confidence="0.8"><act wordnetid="100030358" confidence="0.8"><psychological_feature wordnetid="100023100" confidence="0.8"><activity wordnetid="100407535" confidence="0.8"><link ns0:type="simple" ns0:href="../186/715186.xml">pilingup lemma</link></activity></psychological_feature></act></attack></event></operation><operation wordnetid="100955060" confidence="0.8"><event wordnetid="100029378" confidence="0.8"><attack wordnetid="100972621" confidence="0.8"><act wordnetid="100030358" confidence="0.8"><psychological_feature wordnetid="100023100" confidence="0.8"><activity wordnetid="100407535" confidence="0.8"><link ns0:type="simple" ns0:href="../388/719388.xml">weak key</link></activity></psychological_feature></act></attack></event></operation></p></col></row></table></col></row></table></col></row><row style="height:2px" /><row><col colspan="2" style="width:100%;padding:0px;;;" class="navbox-list navbox-even"><table style="width:100%;;;;" class="nowraplinks  navbox-subgroup" cellspacing="0"><row><header colspan="2" style=";background:#ccf;" class="navbox-title"><link ns0:type="simple" ns0:href="../432/18934432.xml">cryptographi</link></header></row><row style="height:2px;" /><row><col colspan="2" style="width:100%;padding:0px;;;" class="navbox-list navbox-odd"><link ns0:type="simple" ns0:href="../066/520066.xml">histori cryptographi</link><link ns0:type="simple" ns0:href="../715/5715.xml">cryptanalysi</link>cryptographi portal<link ns0:type="simple" ns0:href="../585/449585.xml">topic cryptographi</link></col></row><row style="height:2px" /><row><col colspan="2" style="width:100%;padding:0px;;;" class="navbox-list navbox-even"><event wordnetid="100029378" confidence="0.8"><rule wordnetid="105846932" confidence="0.8"><act wordnetid="100030358" confidence="0.8"><psychological_feature wordnetid="100023100" confidence="0.8"><procedure wordnetid="101023820" confidence="0.8"><activity wordnetid="100407535" confidence="0.8"><algorithm wordnetid="105847438" confidence="0.8"><link ns0:type="simple" ns0:href="../042/53042.xml">symmetrickey algorithm</link></algorithm></activity></procedure></psychological_feature></act></rule></event><link ns0:type="simple" ns0:href="../594/4594.xml">block cipher</link><link ns0:type="simple" ns0:href="../007/49007.xml">stream cipher</link><link ns0:type="simple" ns0:href="../222/24222.xml">publickey cryptographi</link><physical_entity wordnetid="100001930" confidence="0.8"><person wordnetid="100007846" confidence="0.8"><causal_agent wordnetid="100007347" confidence="0.8"><primitive wordnetid="109627462" confidence="0.8"><link ns0:type="simple" ns0:href="../526/439526.xml">cryptograph hash function</link></primitive></causal_agent></person></physical_entity><link ns0:type="simple" ns0:href="../523/567523.xml">messag authent code</link><event wordnetid="100029378" confidence="0.8"><rule wordnetid="105846932" confidence="0.8"><act wordnetid="100030358" confidence="0.8"><psychological_feature wordnetid="100023100" confidence="0.8"><procedure wordnetid="101023820" confidence="0.8"><activity wordnetid="100407535" confidence="0.8"><algorithm wordnetid="105847438" confidence="0.8"><link ns0:type="simple" ns0:href="../249/182249.xml">random number</link></algorithm></activity></procedure></psychological_feature></act></rule></event><link ns0:type="simple" ns0:href="../733/28733.xml">steganographi</link></col></row></table></col></row></table></col></row></table></p></sec></bdy></cipher></article>