<article xmlns:ns0="http://www.w3.org/1999/xlink"><body confidence="0.8" wordnetid="107965085"><organization confidence="0.9511911446218017" wordnetid="108008335"><social_group confidence="0.8" wordnetid="107950920"><group confidence="0.8" wordnetid="100031264"><administration confidence="0.8" wordnetid="108164585"><header><title>aktion kinder de holocaust</title><id /><revision><id /><timestamp>tz</timestamp><contributor><username>onsen</username><id /></contributor></revision><categories><category>antifascist organ</category><category>organis base switzerland</category><category>antineonazi organ</category><category>antiracist organ</category><category>organ establish</category></categories></header><bdy>aktion kinder de holocaust initi akdh intern commun descend survivor<link ns0:type="simple" ns0:href="../793/10396793.xml">holocaust</link><link ns0:type="simple" ns0:href="../927/32927.xml">war</link><link ns0:type="simple" ns0:href="../045/646045.xml">antifascist</link>resist rel friend<ref ns0:type="simple" ns0:href="#xpointer(//reflist/entry[@id=%221%22])" />constitut club articl cc swiss law describ associ antisemit racism polit extrem translat action children holocaust<p>found interdisciplinari project associ<body wordnetid="107965085" confidence="0.8"><university wordnetid="108286163" confidence="0.8"><social_group wordnetid="107950920" confidence="0.8"><educational_institution wordnetid="108276342" confidence="0.8"><group wordnetid="100031264" confidence="0.8"><institution wordnetid="108053576" confidence="0.8"><link ns0:type="simple" ns0:href="../614/427614.xml">univers basel</link></institution></group></educational_institution></social_group></university></body><country wordnetid="108544813" confidence="0.9508927676800064"><link ns0:type="simple" ns0:href="../748/26748.xml">switzerland</link></country>partner resourc provid interdisciplinari project violenc youth<body wordnetid="107965085" confidence="0.8"><university wordnetid="108286163" confidence="0.8"><social_group wordnetid="107950920" confidence="0.8"><educational_institution wordnetid="108276342" confidence="0.8"><group wordnetid="100031264" confidence="0.8"><institution wordnetid="108053576" confidence="0.8"><link ns0:type="simple" ns0:href="../614/427614.xml">univers basel</link></institution></group></educational_institution></social_group></university></body>associ project rightw youth switzerland</p><p>princip aim document counter rightw extremist youth switzerland assess extremist individu web forum chatroom insecur adolesc turn extremist view engag target individu eventu arrang face face contact<ref ns0:type="simple" ns0:href="#xpointer(//reflist/entry[@id=%221%22])" /></p><p>maintain extens web archiv antisemit view media web put pressur internet servic provid remov neonazi web site<ref ns0:type="simple" ns0:href="#xpointer(//reflist/entry[@id=%222%22])" /></p><p>critic work brazilian polit cartoonist<physical_entity wordnetid="100001930" confidence="0.8"><cartoonist wordnetid="109898346" confidence="0.8"><person wordnetid="100007846" confidence="0.8"><causal_agent wordnetid="100007347" confidence="0.8"><artist wordnetid="109812338" confidence="0.8"><draftsman wordnetid="110029068" confidence="0.8"><creator wordnetid="109614315" confidence="0.8"><link ns0:type="simple" ns0:href="../631/685631.xml">carlo latuff</link></creator></draftsman></artist></causal_agent></person></cartoonist></physical_entity>cartoon depict jewish boy warsaw ghetto palestinian<ref ns0:type="simple" ns0:href="#xpointer(//reflist/entry[@id=%223%22])" /><country wordnetid="108544813" confidence="0.9508927676800064"><link ns0:type="simple" ns0:href="../748/26748.xml">swiss</link></country>base<link ns0:type="simple" ns0:href="../913/15913.xml">jewish</link>organ<body wordnetid="107965085" confidence="0.8"><social_group wordnetid="107950920" confidence="0.8"><group wordnetid="100031264" confidence="0.8"><administration wordnetid="108164585" confidence="0.8"><link ns0:type="simple" ns0:href="../374/10642374.xml">aktion kinder de holocaust</link></administration></group></social_group></body>su<link ns0:type="simple" ns0:href="../488/44488.xml">independ media center</link>imc indymedia switzerland charg<link ns0:type="simple" ns0:href="../593/7628593.xml">antisemit</link>reason cartoon latuff palestinian seri publish swiss imc websit depict jewish boy<region wordnetid="108630985" confidence="0.8"><location wordnetid="100027167" confidence="0.8"><city_district wordnetid="108537837" confidence="0.8"><district wordnetid="108552138" confidence="0.8"><ghetto wordnetid="108578951" confidence="0.8"><quarter wordnetid="108627919" confidence="0.8"><link ns0:type="simple" ns0:href="../395/42395.xml">warsaw ghetto</link></quarter></ghetto></district></city_district></location></region>palestinian<ref ns0:type="simple" ns0:href="#xpointer(//reflist/entry[@id=%224%22])" /><ref ns0:type="simple" ns0:href="#xpointer(//reflist/entry[@id=%225%22])" /><ref ns0:type="simple" ns0:href="#xpointer(//reflist/entry[@id=%226%22])" />crimin proceed suspend swiss court<ref ns0:type="simple" ns0:href="#xpointer(//reflist/entry[@id=%227%22])" /></p><p>notabl support writer<physical_entity wordnetid="100001930" confidence="0.8"><communicator wordnetid="109610660" confidence="0.8"><person wordnetid="100007846" confidence="0.8"><causal_agent wordnetid="100007347" confidence="0.8"><writer wordnetid="110794014" confidence="0.8"><link ns0:type="simple" ns0:href="../931/515931.xml">peter bichsel</link></writer></causal_agent></person></communicator></physical_entity><physical_entity wordnetid="100001930" confidence="0.8"><communicator wordnetid="109610660" confidence="0.8"><person wordnetid="100007846" confidence="0.8"><causal_agent wordnetid="100007347" confidence="0.8"><writer wordnetid="110794014" confidence="0.8"><novelist wordnetid="110363573" confidence="0.8"><link ns0:type="simple" ns0:href="../691/2631691.xml">mariella mehr</link></novelist></writer></causal_agent></person></communicator></physical_entity>historian<link>heiko haumann</link>isra journalist<link>franoi loeb</link><physical_entity wordnetid="100001930" confidence="0.8"><skilled_worker wordnetid="110605985" confidence="0.8"><person wordnetid="100007846" confidence="0.8"><disputant wordnetid="109615465" confidence="0.8"><communicator wordnetid="109610660" confidence="0.8"><editor wordnetid="110044879" confidence="0.8"><reformer wordnetid="110515194" confidence="0.8"><militant wordnetid="110315837" confidence="0.8"><leader wordnetid="109623038" confidence="0.8"><worker wordnetid="109632518" confidence="0.8"><causal_agent wordnetid="100007347" confidence="0.8"><writer wordnetid="110794014" confidence="0.8"><journalist wordnetid="110224578" confidence="0.8"><link ns0:type="simple" ns0:href="../324/196324.xml">uri avneri</link></journalist></writer></causal_agent></worker></leader></militant></reformer></editor></communicator></disputant></person></skilled_worker></physical_entity></p><sec><st>refer</st><p><reflist><entry id="1"><weblink ns0:type="simple" ns0:href="http://www.inach.net/content/althof.pdf">internet streetwork instrument psychosoci shortterm intervent</weblink>paper osc meet relationship racist xenophob antisemit propaganda internet hate crime pari june swiss deleg access june</entry><entry id="2"><weblink ns0:type="simple" ns0:href="http://edition.cnn.com/2001/TECH/internet/02/07/yahoo.deletes.nazi.idg/">yahoo delet dozen neonazi site</weblink>rick perera cabl news network februari access june</entry><entry id="3"><weblink ns0:type="simple" ns0:href="http://www.infoshop.org/wiki/Latuff">infoshop news</weblink>jun</entry><entry id="4">alex schrer<weblink ns0:type="simple" ns0:href="http://www.akdh.ch/ps/woz040402.htm">link und antisemitismu der indymediastreit aufpassen kbel landet</weblink>die wochenzeitung april</entry><entry id="5"><print_media wordnetid="106263609" confidence="0.8"><press wordnetid="106263369" confidence="0.8"><artifact wordnetid="100021939" confidence="0.8"><instrumentality wordnetid="103575240" confidence="0.8"><medium wordnetid="106254669" confidence="0.8"><newspaper wordnetid="106267145" confidence="0.8"><link ns0:type="simple" ns0:href="../029/1591029.xml">jung welt</link></newspaper></medium></instrumentality></artifact></press></print_media><weblink ns0:type="simple" ns0:href="http://www.akdh.ch/indymedia4.htm">rger internet wegen antisemitisch beitrg hat indymedia schweiz den betrieb gestoppt</weblink>februari</entry><entry id="6">aktion kinder de holocaust<weblink ns0:type="simple" ns0:href="http://www.akdh.ch/latuff2.htm">cartoon latuff publish indymediaswitzerland antisemit analysi</weblink></entry><entry id="7">hamadeh ani august<weblink ns0:type="simple" ns0:href="http://www.redress.btinternet.co.uk/ahamadeh2.htm">jewish peac activist isra violenc</weblink>retriev<link /></entry></reflist><list><entry level="1" type="bullet"><weblink ns0:type="simple" ns0:href="http://www.judymeschel.com/coshlegal.htm">aktion kinder de holocaust</weblink>judi meschelcom acces june</entry><entry level="1" type="bullet"><weblink ns0:type="simple" ns0:href="http://www.tau.ac.il/Anti-Semitism/asw2001-2/switzerland.htm">countri report switerland</weblink>stepen roth institut studi contemporari antisemit racism tel aviv univers acces june</entry></list></p></sec><sec><st>extern link</st><p><list><entry level="1" type="bullet"><weblink ns0:type="simple" ns0:href="http://www.akdh.ch">offici websit</weblink>german</entry><entry level="1" type="indent"><weblink ns0:type="simple" ns0:href="http://translate.google.co.uk/translate?hl=en sl=de u=http://www.akdh.ch/ sa=X oi=translate resnum=1 ct=result prev=/search%3Fq%3DAktion%2BKinder%2Bdes%2BHolocaust%2B%26hl%3Den%26safe%3Doff%26sa%3DG">googl translat</weblink></entry></list></p><p><table style=";" class="navbox" cellspacing="0"><row><col style="padding:2px;"><table style="width:100%;background:transparent;color:inherit;;" class="nowraplinks collapsible uncollapsed " cellspacing="0"><row><header colspan="3" style=";" class="navbox-title"><link ns0:type="simple" ns0:href="../613/25613.xml">racism</link></header></row><row style="height:2px;" /><row><col style=";;" class="navbox-group">histori racism</col><col style="text-align:left;border-left:2px solid #fdfdfd;width:100%;padding:0px;;;" class="navbox-list navbox-odd"><link ns0:type="simple" ns0:href="../527/2200527.xml">apartheid</link><link ns0:type="simple" ns0:href="../793/10396793.xml">holocaust</link><link ns0:type="simple" ns0:href="../835/2162835.xml">racism unit</link><link ns0:type="simple" ns0:href="../484/372484.xml">antirac</link><civil_right wordnetid="105182563" confidence="0.8"><human_right wordnetid="105176846" confidence="0.8"><right wordnetid="105174653" confidence="0.8"><link ns0:type="simple" ns0:href="../758/361758.xml">civil right movement</link></right></human_right></civil_right></col><col style="width:0%;padding:0px 0px 0px 2px;" rowspan="13"><image width="100px" src="1943_Colored_Waiting_Room_Sign.jpg" /></col></row><row style="height:2px" /><row><col style=";;" class="navbox-group">racist ideolog</col><col style="text-align:left;border-left:2px solid #fdfdfd;width:100%;padding:0px;;;" class="navbox-list navbox-even"><link ns0:type="simple" ns0:href="../178/33178.xml">white supremaci</link><link ns0:type="simple" ns0:href="../426/65426.xml">black supremaci</link><process wordnetid="105701363" confidence="0.8"><thinking wordnetid="105770926" confidence="0.8"><paradigm wordnetid="113804375" confidence="0.8"><explanation wordnetid="105793000" confidence="0.8"><theory wordnetid="105989479" confidence="0.8"><linguistic_relation wordnetid="113797142" confidence="0.8"><inflection wordnetid="113803782" confidence="0.8"><grammatical_relation wordnetid="113796779" confidence="0.8"><higher_cognitive_process wordnetid="105770664" confidence="0.8"><link ns0:type="simple" ns0:href="../541/45541.xml">social darwin</link></higher_cognitive_process></grammatical_relation></inflection></linguistic_relation></theory></explanation></paradigm></thinking></process><link ns0:type="simple" ns0:href="../036/18404036.xml">nazism</link><link ns0:type="simple" ns0:href="../277/42277.xml">aryan</link></col></row><row style="height:2px" /><row><col style=";;" class="navbox-group">act racism</col><col style="text-align:left;border-left:2px solid #fdfdfd;width:100%;padding:0px;;;" class="navbox-list navbox-odd"><link ns0:type="simple" ns0:href="../785/356785.xml">institut racism</link><link ns0:type="simple" ns0:href="../021/3701021.xml">racism</link><link ns0:type="simple" ns0:href="../131/26131.xml">racial profil</link><link ns0:type="simple" ns0:href="../421/5348421.xml">racism countri</link><idea wordnetid="105833840" confidence="0.8"><concept wordnetid="105835747" confidence="0.8"><link ns0:type="simple" ns0:href="../233/14233.xml">hate speech</link></concept></idea><link ns0:type="simple" ns0:href="../316/26316.xml">racial segreg</link><link ns0:type="simple" ns0:href="../166/18956166.xml">stereotyp</link><link ns0:type="simple" ns0:href="../090/487090.xml">scientif racism</link><link ns0:type="simple" ns0:href="../992/27992.xml">slaveri</link><artifact wordnetid="100021939" confidence="0.8"><instrumentality wordnetid="103575240" confidence="0.8"><device wordnetid="103183080" confidence="0.8"><instrument wordnetid="103574816" confidence="0.8"><link ns0:type="simple" ns0:href="../942/79942.xml">crime apartheid</link></instrument></device></instrumentality></artifact></col></row><row style="height:2px" /><row><col style=";;" class="navbox-group">racial violenc</col><col style="text-align:left;border-left:2px solid #fdfdfd;width:100%;padding:0px;;;" class="navbox-list navbox-even"><link ns0:type="simple" ns0:href="../098/61098.xml">ethnic cleans</link><link ns0:type="simple" ns0:href="../547/13547.xml">hate crime</link><event wordnetid="100029378" confidence="0.8"><change wordnetid="100191142" confidence="0.8"><action wordnetid="100037396" confidence="0.8"><motion wordnetid="100331950" confidence="0.8"><act wordnetid="100030358" confidence="0.8"><psychological_feature wordnetid="100023100" confidence="0.8"><link ns0:type="simple" ns0:href="../882/51882.xml">race war</link></psychological_feature></act></motion></action></change></event><link ns0:type="simple" ns0:href="../441/12441.xml">genocid</link><link ns0:type="simple" ns0:href="../416/100416.xml">lynch</link></col></row><row style="height:2px" /><row><col style=";;" class="navbox-group">racism group</col><col style="text-align:left;border-left:2px solid #fdfdfd;width:100%;padding:0px;;;" class="navbox-list navbox-odd"><politics wordnetid="113840719" confidence="0.8"><social_relation wordnetid="100032823" confidence="0.8"><group wordnetid="100031264" confidence="0.8"><people wordnetid="107942152" confidence="0.8"><link ns0:type="simple" ns0:href="../738/5966738.xml">nativ american</link></people></group></social_relation></politics><link ns0:type="simple" ns0:href="../786/65786.xml">arab</link><link ns0:type="simple" ns0:href="../537/6347537.xml">armenian</link><link ns0:type="simple" ns0:href="../695/5966695.xml">black</link><link ns0:type="simple" ns0:href="../347/673347.xml">chines</link><link ns0:type="simple" ns0:href="../961/19146961.xml">greek</link><link ns0:type="simple" ns0:href="../681/5356681.xml">iranian</link><link ns0:type="simple" ns0:href="../961/6445961.xml">irish</link><link ns0:type="simple" ns0:href="../030/2197030.xml">italian</link><link ns0:type="simple" ns0:href="../265/879265.xml">japanes</link><link ns0:type="simple" ns0:href="../078/1078.xml">jew</link><link ns0:type="simple" ns0:href="../029/10778029.xml">mexican</link><link ns0:type="simple" ns0:href="../917/1429917.xml">pole</link><link ns0:type="simple" ns0:href="../484/7802484.xml">roma peopl</link><politics wordnetid="113840719" confidence="0.8"><social_relation wordnetid="100032823" confidence="0.8"><link ns0:type="simple" ns0:href="../750/8622750.xml">serb</link></social_relation></politics><link ns0:type="simple" ns0:href="../515/5620515.xml">south asian</link><link ns0:type="simple" ns0:href="../571/5966571.xml">east asian</link><politics wordnetid="113840719" confidence="0.8"><social_relation wordnetid="100032823" confidence="0.8"><link ns0:type="simple" ns0:href="../202/166202.xml">white</link></social_relation></politics></col></row><row style="height:2px" /><row><col style=";;" class="navbox-group">racist group</col><col style="text-align:left;border-left:2px solid #fdfdfd;width:100%;padding:0px;;;" class="navbox-list navbox-even"><physical_entity wordnetid="100001930" confidence="0.8"><person wordnetid="100007846" confidence="0.8"><national wordnetid="109625401" confidence="0.8"><causal_agent wordnetid="100007347" confidence="0.8"><patriot wordnetid="110407310" confidence="0.8"><link ns0:type="simple" ns0:href="../779/16779.xml">ku klux klan</link></patriot></causal_agent></national></person></physical_entity><link ns0:type="simple" ns0:href="../361/54361.xml">neonazi</link><link ns0:type="simple" ns0:href="../932/793932.xml">grey wolv</link><party wordnetid="108256968" confidence="0.9508927676800064"><link ns0:type="simple" ns0:href="../975/390975.xml">south african nation parti</link></party><religion wordnetid="108081668" confidence="0.8"><sect wordnetid="108149781" confidence="0.8"><institution wordnetid="108053576" confidence="0.8"><link ns0:type="simple" ns0:href="../709/21709.xml">nation islam</link></institution></sect></religion></col></row><row style="height:2px" /><row><col style=";;" class="navbox-group">antiracist group movement</col><col style="text-align:left;border-left:2px solid #fdfdfd;width:100%;padding:0px;;;" class="navbox-list navbox-even"><organization wordnetid="108008335" confidence="0.9508927676800064"><link ns0:type="simple" ns0:href="../925/21925.xml">naacp</link></organization><organization wordnetid="108008335" confidence="0.9508927676800064"><link ns0:type="simple" ns0:href="../829/18841829.xml">antidefam leagu</link></organization><link ns0:type="simple" ns0:href="../089/11247089.xml">antifascist action</link><link ns0:type="simple" ns0:href="../758/361758.xml">civil right movement</link><link ns0:type="simple" ns0:href="../571/19638571.xml">fight discrimin human right</link><company wordnetid="108058098" confidence="0.9508927676800064"><link ns0:type="simple" ns0:href="../164/27164.xml">southern poverti law center</link></company><link ns0:type="simple" ns0:href="../619/327619.xml">searchlight</link></col></row></table></col></row></table></p></sec></bdy></administration></group></social_group></organization></body></article>