<article xmlns:ns0="http://www.w3.org/1999/xlink"><automaton confidence="0.8" wordnetid="102761392"><artifact confidence="0.8" wordnetid="100021939"><instrumentality confidence="0.8" wordnetid="103575240"><entity confidence="0.9511911446218017" wordnetid="100001740"><device confidence="0.8" wordnetid="103183080"><mechanism confidence="0.8" wordnetid="103738472"><header><title>tracer marvel comic</title><id /><revision><id /><timestamp>tz</timestamp><contributor><username>kevinkor</username><id /></contributor></revision><categories><category>depreci infobox param alliance_color</category><category>marvel comic supervillain</category><category>charact pop</category><category>fiction charact comic</category><category>comic infobox imag</category><category>depreci infobox param statu</category><category>depreci infobox param comic_color</category><category>marvel comic robot</category></categories></header><bdy><table style="width: 22em; text-align: left; font-size: 88%; line-height: 1.5em; width:24em;" class="infobox " cellspacing="5"><row><col colspan="2" style="text-align:center; font-size: 125%; font-weight: bold; background:#69A0F3" class="">tracer</col></row><row><col colspan="2" style="text-align:center; " class=""><image width="125px" src="Comic_image_missing.svg" /><b><it>infobox suppos imag</it></b>add noimagey</col></row><row><header colspan="2" style="text-align:center; background:#69A0F3">public</header></row><row><header style="width:40%;background:#B0C4DE">comic publish companiespublish</header><col style="" class=""><company wordnetid="108058098" confidence="0.9508927676800064"><link ns0:type="simple" ns0:href="../966/20966.xml">marvel comic</link></company></col></row><row><header style="width:40%;background:#B0C4DE"><link ns0:type="simple" ns0:href="../448/1217448.xml">appear</link></header><col style="" class=""><it><title wordnetid="106345993" confidence="0.9508927676800064"><link ns0:type="simple" ns0:href="../939/2524939.xml">friendli neighborhood spiderman</link></title></it><link ns0:type="simple" ns0:href="../454/2811454.xml">octob</link></col></row><row><header style="width:40%;background:#B0C4DE">comic creatorscr</header><col style="" class=""><person wordnetid="100007846" confidence="0.9508927676800064"><writer wordnetid="110794014" confidence="0.9173553029164789"><link ns0:type="simple" ns0:href="../994/24994.xml">peter david</link></writer></person><creator wordnetid="109614315" confidence="0.9508927676800064"><link ns0:type="simple" ns0:href="../265/1580265.xml">mike wieringo</link></creator></col></row><row><header colspan="2" style="text-align:center; background:#69A0F3">instori</header></row><row><header style="width:40%;background:#B0C4DE">alter ego</header><col style="" class="">unrev tommi</col></row><row><header style="width:40%;background:#B0C4DE">notabl alias</header><col style="" class="">tommi</col></row><row><header style="width:40%;background:#B0C4DE">abil</header><col style="" class=""><list><entry level="1" type="bullet">mental control seemingli mechan machin base devic matter simpl elabor</entry><entry level="1" type="bullet">analys sensor protract fingertip punctur person flesh gain dna sampl</entry></list></col></row></table><p><b>tracer</b><link ns0:type="simple" ns0:href="../749/76749.xml">fiction charact</link><link ns0:type="simple" ns0:href="../212/99212.xml">supervillain</link><company wordnetid="108058098" confidence="0.9508927676800064"><link ns0:type="simple" ns0:href="../966/20966.xml">marvel comic</link></company>univers enemi<fictional_character wordnetid="109587565" confidence="0.8"><imaginary_being wordnetid="109483738" confidence="0.8"><link ns0:type="simple" ns0:href="../936/27936.xml">spiderman</link></imaginary_being></fictional_character>appear<it><title wordnetid="106345993" confidence="0.9508927676800064"><link ns0:type="simple" ns0:href="../939/2524939.xml">friendli neighborhood spiderman</link></title></it></p><sec><st>fiction charact biographi</st><p>tracer claim machin god artifici intellig machin creat worship alleg stronger time machin worship longer oper test increas power tracer rob<company wordnetid="108058098" confidence="0.9508927676800064"><link ns0:type="simple" ns0:href="../837/519837.xml">bank york</link></company>hold spiderman escap tracer take sky fli wing claim bomb deton york citi fail pay fortun spiderman<link ns0:type="simple" ns0:href="../055/67055.xml">iron man</link>toni stark foil scheme tracer escap</p><p>night tracer infiltr<building wordnetid="102913152" confidence="0.9508927676800064"><link ns0:type="simple" ns0:href="../794/2857794.xml">stark tower</link></building>plan kill spiderman learn machin worship spiderman live time tracer power car swerv control entir comput grid crash giant robot rampag york divers pose reserv<organization wordnetid="108008335" confidence="0.9508927676800064"><link ns0:type="simple" ns0:href="../255/316255.xml">aveng</link></organization>name tommi monitor duti aveng busi deal tracer machin revolt tracer convers<fictional_character wordnetid="109587565" confidence="0.8"><imaginary_being wordnetid="109483738" confidence="0.8"><link ns0:type="simple" ns0:href="../167/144167.xml">aunt</link></imaginary_being></fictional_character>spiderman return attack battl tracer analyz spiderman dna determin spiderman condit fight vow rein mechan worship step path divin time skin melt reveal robot bodi</p></sec><sec><st>power abil</st><p>tracer robot life form capabl control virtual machin metamorphos hand gun fire home bullet capabl zero target avoid target pursuit</p><p>equip telescop infrar vision scanner estim age weight power threat level target fingertip hypoderm probe dna tissu skin blood sampl instantli analyz intern system mask true appear unidentifi fleshlik materi</p></sec></bdy></mechanism></device></entity></instrumentality></artifact></automaton></article>