<article xmlns:ns0="http://www.w3.org/1999/xlink"><organization confidence="0.9511911446218017" wordnetid="108008335"><header><title>cooler head coalit</title><id /><revision><id /><timestamp>tz</timestamp><contributor><username>yilloslim</username><id /></contributor></revision><categories><category>organ establish</category><category>consum organ</category><category>disestablish</category><category>organ environment skeptic critic</category></categories></header><bdy><b>cooler head coalit</b>origin project nation consum coalit project nonprofit organ consum alert<ref ns0:type="simple" ns0:href="#xpointer(//reflist/entry[@id=%221%22])" />cooler head coalit financ oper<link ns0:type="simple" ns0:href="../309/1070309.xml">competit enterpris institut</link>object describ dispel myth global warm expos flaw econom scientif risk analysi state posit scienc global warm uncertain neg impact global warm polici consum real<ref ns0:type="simple" ns0:href="#xpointer(//reflist/entry[@id=%222%22])" /><sec><st>project</st><p>project coalit oper websit blog publish enewslett<it>cooler head digest</it></p><p>coalit offer primer global warm includ econom public debat scienc global warm<ref ns0:type="simple" ns0:href="#xpointer(//reflist/entry[@id=%223%22])" />primer argu governmentimpos limit energi neg impact wellb peopl worldwid curtail econom growth prosper<ref ns0:type="simple" ns0:href="#xpointer(//reflist/entry[@id=%224%22])" />offer seri video energi global warm topic<ref ns0:type="simple" ns0:href="#xpointer(//reflist/entry[@id=%225%22])" /></p></sec><sec><st>critic</st><p>coalit critic tie energi industri<body wordnetid="107965085" confidence="0.8"><social_group wordnetid="107950920" confidence="0.8"><political_orientation wordnetid="106212839" confidence="0.8"><colony wordnetid="108374049" confidence="0.8"><state wordnetid="108168978" confidence="0.8"><political_unit wordnetid="108359949" confidence="0.8"><group wordnetid="100031264" confidence="0.8"><democracy wordnetid="106217103" confidence="0.8"><link ns0:type="simple" ns0:href="../750/3434750.xml">unit</link></democracy></group></political_unit></state></colony></political_orientation></social_group></body>enact legisl target reduc<link ns0:type="simple" ns0:href="../906/5906.xml" />emiss<ref ns0:type="simple" ns0:href="#xpointer(//reflist/entry[@id=%226%22])" />coalit accus<link ns0:type="simple" ns0:href="../409/241409.xml">astroturf</link><ref ns0:type="simple" ns0:href="#xpointer(//reflist/entry[@id=%227%22])" /><ref ns0:type="simple" ns0:href="#xpointer(//reflist/entry[@id=%228%22])" />exampl write octob<magazine wordnetid="106595351" confidence="0.9508927676800064"><link ns0:type="simple" ns0:href="../906/251906.xml">american prospect</link></magazine><physical_entity wordnetid="100001930" confidence="0.8"><communicator wordnetid="109610660" confidence="0.8"><person wordnetid="100007846" confidence="0.8"><causal_agent wordnetid="100007347" confidence="0.8"><writer wordnetid="110794014" confidence="0.8"><journalist wordnetid="110224578" confidence="0.8"><link ns0:type="simple" ns0:href="../422/1479422.xml">nichola confessor</link></journalist></writer></causal_agent></person></communicator></physical_entity>describ coalit astroturf group fund industri oppos regul emiss<ref ns0:type="simple" ns0:href="#xpointer(//reflist/entry[@id=%229%22])" /></p></sec><sec><st>membership</st><p>notabl member coalit current includ<ref ns0:type="simple" ns0:href="#xpointer(//reflist/entry[@id=%2210%22])" /><ref ns0:type="simple" ns0:href="#xpointer(//reflist/entry[@id=%2211%22])" /><list><entry level="1" type="bullet"><link ns0:type="simple" ns0:href="../585/667585.xml">alexi de tocquevil institut</link></entry><entry level="1" type="bullet"><gossip wordnetid="107223170" confidence="0.8"><scandal wordnetid="107223811" confidence="0.8"><event wordnetid="100029378" confidence="0.8"><informing wordnetid="107212190" confidence="0.8"><report wordnetid="107217924" confidence="0.8"><group wordnetid="100031264" confidence="0.8"><act wordnetid="100030358" confidence="0.8"><psychological_feature wordnetid="100023100" confidence="0.8"><speech_act wordnetid="107160883" confidence="0.8"><link ns0:type="simple" ns0:href="../208/308208.xml">american tax reform</link></speech_act></psychological_feature></act></group></report></informing></event></scandal></gossip></entry><entry level="1" type="bullet"><link ns0:type="simple" ns0:href="../427/1868427.xml">committe construct tomorrow</link></entry><entry level="1" type="bullet"><link ns0:type="simple" ns0:href="../309/1070309.xml">competit enterpris institut</link></entry><entry level="1" type="bullet"><financial_institution wordnetid="108054721" confidence="0.8"><foundation wordnetid="108406486" confidence="0.8"><charity wordnetid="108406619" confidence="0.8"><institution wordnetid="108053576" confidence="0.8"><link ns0:type="simple" ns0:href="../033/554033.xml">fraser institut</link></institution></charity></foundation></financial_institution></entry><entry level="1" type="bullet"><link ns0:type="simple" ns0:href="../525/1061525.xml">georg marshal institut</link></entry><entry level="1" type="bullet"><link ns0:type="simple" ns0:href="../317/2432317.xml">heartland institut</link></entry><entry level="1" type="bullet"><conveyance wordnetid="103100490" confidence="0.8"><armored_vehicle wordnetid="102740533" confidence="0.8"><self-propelled_vehicle wordnetid="104170037" confidence="0.8"><artifact wordnetid="100021939" confidence="0.8"><tracked_vehicle wordnetid="104464852" confidence="0.8"><instrumentality wordnetid="103575240" confidence="0.8"><wheeled_vehicle wordnetid="104576211" confidence="0.8"><container wordnetid="103094503" confidence="0.8"><vehicle wordnetid="104524313" confidence="0.8"><military_vehicle wordnetid="103764276" confidence="0.8"><tank wordnetid="104389033" confidence="0.8"><link ns0:type="simple" ns0:href="../951/1823951.xml">independ institut</link></tank></military_vehicle></vehicle></container></wheeled_vehicle></instrumentality></tracked_vehicle></artifact></self-propelled_vehicle></armored_vehicle></conveyance></entry><entry level="1" type="bullet"><link ns0:type="simple" ns0:href="../977/666977.xml">nation center polici analysi</link></entry><entry level="1" type="bullet"><group wordnetid="100031264" confidence="0.8"><link ns0:type="simple" ns0:href="../651/2283651.xml">nation center public polici</link></group></entry></list></p></sec><sec><st>origin</st><p>consum alert found<ref ns0:type="simple" ns0:href="#xpointer(//reflist/entry[@id=%2212%22])" />describ nation nonprofit organ peopl concern excess growth govern regul nation level dedic inform public consum benefit competit enterpris promot util sound econom scientif risk data public polici decis<ref ns0:type="simple" ns0:href="#xpointer(//reflist/entry[@id=%2213%22])" /></p><p>nation consum coalit form consum alert februari conduct educ activ varieti issu includ hous transport food health safeti environ util tax polici financi issu telecommun<ref ns0:type="simple" ns0:href="#xpointer(//reflist/entry[@id=%2214%22])" />major issu nation consum coalit late opposit feder mandat airbag instal automobil sold unit<ref ns0:type="simple" ns0:href="#xpointer(//reflist/entry[@id=%2215%22])" />ncc argu manufactur allow instal switch automobil consum turn airbag feder permiss switch ncc sought persuad automak instal switch<ref ns0:type="simple" ns0:href="#xpointer(//reflist/entry[@id=%2216%22])" /></p><p>found principl nation consum coalit state member nation consum coalit ncc endors principl societi free respons consum</p><p><list><entry level="1" type="bullet">market economi benefit consum expand consum choic competit foster innov lower cost improv consum health safeti</entry><entry level="1" type="bullet">individu consum valu vari marketplac shop good servic base qualiti level price servic conveni</entry><entry level="1" type="bullet">inform consum better make decis marketplac hold respons decis</entry><entry level="1" type="bullet">consum exert clout marketplac decis buy buy choos spend money</entry><entry level="1" type="bullet">govern polici restrict consum choic stifl competit harm consum substitut policymak valu individu valu rais cost good servic consum<ref ns0:type="simple" ns0:href="#xpointer(//reflist/entry[@id=%2217%22])" /></entry></list></p><p>nation consum coalit launch websit wwwnccprivacyorg cover issu area onlin privaci medic privaci financi privaci govern surveil<ref ns0:type="simple" ns0:href="#xpointer(//reflist/entry[@id=%2218%22])" /></p><p>nation consum coalit join free congress foundat congress elimin sunset provis call expiri regul patriot consum alert jame plummer call violat consum privaci<ref ns0:type="simple" ns0:href="#xpointer(//reflist/entry[@id=%2219%22])" /></p><p>consum alert nation consum coalit ceas oper<ref ns0:type="simple" ns0:href="#xpointer(//reflist/entry[@id=%2220%22])" /></p></sec><sec><st>refer</st><p><reflist><entry id="1"><weblink ns0:type="simple" ns0:href="http://web.archive.org/web/20040602194813/globalwarming.org/about.htm">globalwarmingorg</weblink></entry><entry id="2"><weblink ns0:type="simple" ns0:href="http://web.archive.org/web/20060427015303/www.globalwarming.org/article.php?uid=562">cooler head coalit</weblink>februari websit april archiv archiveorg</entry><entry id="3"><weblink ns0:type="simple" ns0:href="http://www.globalwarming.org/primer">global warm primer cooler head</weblink></entry><entry id="4"><weblink ns0:type="simple" ns0:href="http://www.globalwarming.org/primer/economics/FAQs">global warm econom faq cooler head</weblink></entry><entry id="5"><weblink ns0:type="simple" ns0:href="http://www.globalwarming.org/videos">cooler head</weblink></entry><entry id="6">david adam<weblink ns0:type="simple" ns0:href="http://www.guardian.co.uk/climatechange/story/0,12374,1661741,00.html">oil industri target eu climat polici</weblink><it>guardian</it>decemb</entry><entry id="7"><weblink ns0:type="simple" ns0:href="http://www.motherjones.com/news/feature/1997/12/gw_chart.html">wingnut sheep cloth</weblink><it>mother jone</it>magazin decemb</entry><entry id="8"><weblink ns0:type="simple" ns0:href="http://www.ecosyn.us/adti/Corrupt_Sallie_Baliunas.html">case studi oregon petit</weblink>wwwecosynu</entry><entry id="9"><weblink ns0:type="simple" ns0:href="http://web.archive.org/web/20060614043305/http://www.prospect.org/archives/archives/2004/10/index.html">tap</weblink><it>american prospect</it>onlin octob archiveorg</entry><entry id="10">httpwwwglobalwarmingorgabout globalwarmingorg retriev</entry><entry id="11">note list member june record archiveorg httpwebarchiveorgwebwwwconsumeralertorgnccmembershtm longer owner consumeralertorg block access request archiveorg archiv copi</entry><entry id="12">httpwebarchiveorgwebwwwconsumeralertorgindexhtm</entry><entry id="13">httpwebarchiveorgwebwwwconsumeralertorgwst_pagehtml</entry><entry id="14">httpwebarchiveorgwebwwwconsumeralertorgnccreleaseslaunchhtm</entry><entry id="15">dead link block site ownder httpwebarchiveorgwebwwwconsumeralertorgissuesairbagsindexhtm</entry><entry id="17">httpwebarchiveorgwebwwwconsumeralertorgnccproclaimhtm</entry><entry id="16">httpwebarchiveorgwebwwwconsumeralertorgissuesairbagsupdatehtm</entry><entry id="19"><weblink ns0:type="simple" ns0:href="http://www.freecongress.org/media/041207.asp">free congress foundat nation consum coalit privaci group urg congress blindli jettison patriot sunset provis</weblink></entry><entry id="18"><weblink ns0:type="simple" ns0:href="http://www.findarticles.com/p/articles/mi_m0HIF/is_3_25/ai_82288901">web site launch nccprivacyorg nation consum coalit articl consum comment find articl bnetcom</weblink></entry><entry id="20">note websit wwwconsumeralertorg three websit oper organ cite consum alert tax return includ websit cooler head coalit offlin consum alert tax return publicli cite address care washington dc law firm collier shannon scott merg kelley drye warren llp</entry></reflist></p></sec><sec><st>extern link</st><p><list><entry level="1" type="bullet"><weblink ns0:type="simple" ns0:href="http://www.globalwarming.org/">globalwarmingorg</weblink></entry></list></p></sec></bdy></organization></article>