<article xmlns:ns0="http://www.w3.org/1999/xlink"><header><title>eager learn</title><id /><revision><id /><timestamp>tz</timestamp><contributor><username>switchercat</username><id /></contributor></revision><categories><category>machin learn</category></categories></header><bdy><link ns0:type="simple" ns0:href="../164/1164.xml">artifici intellig</link><b>eager learn</b>learn method system construct gener input independ target function train system oppos<link ns0:type="simple" ns0:href="../879/10747879.xml">lazi learn</link>gener train data delay queri system<p>main advantag gain employ eager learn method<link ns0:type="simple" ns0:href="../523/21523.xml">artifici neural network</link>target function will approxim global train requir space lazi learn system eager learn system deal better nois train data eager learn exampl<link ns0:type="simple" ns0:href="../030/10748030.xml">offlin learn</link>posttrain queri system system queri system will produc result</p><p>main disadvantag eager learn gener unabl provid good local approxim target function</p></bdy></article>