<article xmlns:ns0="http://www.w3.org/1999/xlink"><entity confidence="0.9511911446218017" wordnetid="100001740"><header><title>medic subject head</title><id /><revision><id /><timestamp>tz</timestamp><contributor><username>thijsbot</username><id /></contributor></revision><categories><category>medic</category><category>librari catalog classif</category><category>medic classif</category><category>bioinformat</category></categories></header><bdy><image width="150px" src="MeSH-example.svg" type="frame"><caption>hierarch relationship mesh<it>stomach neoplasm</it>broader term</caption></image><p><b>medic subject head</b><b>mesh</b>huge<link ns0:type="simple" ns0:href="../719/1850719.xml">control vocabulari</link><link ns0:type="simple" ns0:href="../632/18933632.xml">metadata</link>system purpos<link ns0:type="simple" ns0:href="../395/1308395.xml">index</link>journal articl book life scienc creat updat<structure wordnetid="104341686" confidence="0.8"><artifact wordnetid="100021939" confidence="0.8"><area wordnetid="102735688" confidence="0.8"><library wordnetid="103660909" confidence="0.8"><room wordnetid="104105893" confidence="0.8"><link ns0:type="simple" ns0:href="../290/408290.xml">unit nation librari medicin</link></room></library></area></artifact></structure>nlm<link ns0:type="simple" ns0:href="../749/240749.xml">medlin</link><computer wordnetid="103082979" confidence="0.8"><artifact wordnetid="100021939" confidence="0.8"><instrumentality wordnetid="103575240" confidence="0.8"><engine wordnetid="103287733" confidence="0.8"><motor wordnetid="103789946" confidence="0.8"><device wordnetid="103183080" confidence="0.8"><machine wordnetid="103699975" confidence="0.8"><web_site wordnetid="106359193" confidence="0.8"><link ns0:type="simple" ns0:href="../009/503009.xml">pubm</link></web_site></machine></device></motor></engine></instrumentality></artifact></computer>articl databas nlm catalog book hold mesh brows download free charg internet yearli print version discontinu</p><p>medlinepubm journal articl index head subhead design<it>major</it>mark asterisk perform medlin search pubm entri term automat translat correspond descriptor<it>detail tab</it>pubm default descriptor hierarchi includ search</p><sec><st>structur mesh</st><p>version mesh total subject head<it>descriptor</it>accompani short definit link descriptor list synonym term<it>entri term</it>synonym list mesh view<link ns0:type="simple" ns0:href="../334/30334.xml">thesauru</link></p><ss1><st>descriptor</st><p><it>descriptor</it>arrang<link ns0:type="simple" ns0:href="../998/13998.xml">hierarchi</link>descriptor appear place hierarch tree tree locat carri systemat label<it>tree number</it>consequ descriptor carri tree number exampl graphic top stand diseas digest system diseas digest system neoplam neoplasm neoplasm site second tree number digest system neoplasm graphic stomach neoplasm appear locat hierarchi carri tree number tree number descriptor subject chang mesh updat descriptor carri uniqu alphanumer will chang</p></ss1><ss1><st>descript</st><p>entri short descript<weblink ns0:type="simple" ns0:href="http://www.ncbi.nlm.nih.gov/sites/entrez?Db=mesh Cmd=ShowDetailView TermToSearch=68003924 ordinalpos=3 itool=EntrezSystem2.PEntrez.Mesh.Mesh_ResultsPanel.Mesh_RVDocSum">mesh descript diabet type</weblink>exampl explanatori text written mesh team base standard sourc<weblink ns0:type="simple" ns0:href="http://www.nlm.nih.gov/mesh/intro_biblio2007.html">httpwwwnlmnihgovmeshintro_bibliohtml</weblink>state refer encyclopaedia standard textbook subject area sourc subdivid categori refer specif statement descript reader refer<weblink ns0:type="simple" ns0:href="http://www.nlm.nih.gov/mesh/intro_biblio2007.html">bibliographi</weblink></p></ss1><ss1><st>qualifi</st><p>addit descriptor hierarchi mesh small number standard<it>qualifi</it><it>subhead</it>descriptor narrow topic exampl measl descriptor epidemiolog qualifi measlesepidemiolog describ subhead epidemiolog articl measl epidemiolog qualifi diseas descriptor descriptorqualifi combin allow meaningless qualifi</p></ss1><ss1><st>supplement</st><p>addit descriptor mesh<it>supplementari concept record</it>belong control vocabulari index medlin articl enlarg thesauru link closest fit descriptor medlin search record describ chemic substanc</p><p>mesh translat numer languag allow retriev document languag</p></ss1></sec><sec><st>top level categori</st><p>top level categori mesh descriptor hierarchi<list><entry level="1" type="bullet"><link ns0:type="simple" ns0:href="../674/674.xml">anatomi</link></entry><entry level="2" type="bullet"><link ns0:type="simple" ns0:href="../794/1076794.xml">mesh</link><it><weblink ns0:type="simple" ns0:href="http://www.nlm.nih.gov/cgi/mesh/2007/MB_cgi?mode= term=Body+Regions field=entry#TreeA01" /></it>bodi region</entry><entry level="2" type="bullet"><link ns0:type="simple" ns0:href="../794/1076794.xml">mesh</link><it><weblink ns0:type="simple" ns0:href="http://www.nlm.nih.gov/cgi/mesh/2007/MB_cgi?mode= term=Musculoskeletal+System field=entry#TreeA02" /></it><link ns0:type="simple" ns0:href="../348/653348.xml">musculoskelet system</link></entry><entry level="2" type="bullet"><link ns0:type="simple" ns0:href="../794/1076794.xml">mesh</link><it><weblink ns0:type="simple" ns0:href="http://www.nlm.nih.gov/cgi/mesh/2007/MB_cgi?mode= term=Digestive+System field=entry#TreeA03" /></it><link ns0:type="simple" ns0:href="../423/165423.xml">digest system</link></entry><entry level="2" type="bullet"><link ns0:type="simple" ns0:href="../794/1076794.xml">mesh</link><it><weblink ns0:type="simple" ns0:href="http://www.nlm.nih.gov/cgi/mesh/2007/MB_cgi?mode= term=Respiratory+System field=entry#TreeA04" /></it><link ns0:type="simple" ns0:href="../723/66723.xml">respiratori system</link></entry><entry level="2" type="bullet"><link ns0:type="simple" ns0:href="../794/1076794.xml">mesh</link><it><weblink ns0:type="simple" ns0:href="http://www.nlm.nih.gov/cgi/mesh/2007/MB_cgi?mode= term=Urogenital+System field=entry#TreeA05" /></it><link ns0:type="simple" ns0:href="../874/2153874.xml">urogenit system</link></entry><entry level="2" type="bullet"><link ns0:type="simple" ns0:href="../794/1076794.xml">mesh</link><it><weblink ns0:type="simple" ns0:href="http://www.nlm.nih.gov/cgi/mesh/2007/MB_cgi?mode= term=Endocrine+System field=entry#TreeA06" /></it><link ns0:type="simple" ns0:href="../312/9312.xml">endocrin system</link></entry><entry level="2" type="bullet"><link ns0:type="simple" ns0:href="../794/1076794.xml">mesh</link><it><weblink ns0:type="simple" ns0:href="http://www.nlm.nih.gov/cgi/mesh/2007/MB_cgi?mode= term=Cardiovascular+System field=entry#TreeA07" /></it><link ns0:type="simple" ns0:href="../256/7256.xml">cardiovascular system</link></entry><entry level="2" type="bullet"><link ns0:type="simple" ns0:href="../794/1076794.xml">mesh</link><it><weblink ns0:type="simple" ns0:href="http://www.nlm.nih.gov/cgi/mesh/2007/MB_cgi?mode= term=Nervous+System field=entry#TreeA08" /></it><link ns0:type="simple" ns0:href="../944/21944.xml">nervou system</link></entry><entry level="2" type="bullet"><link ns0:type="simple" ns0:href="../794/1076794.xml">mesh</link><it><weblink ns0:type="simple" ns0:href="http://www.nlm.nih.gov/cgi/mesh/2007/MB_cgi?mode= term=Sense+Organs field=entry#TreeA09" /></it><link ns0:type="simple" ns0:href="../912/43912.xml">sens organ</link></entry><entry level="2" type="bullet"><link ns0:type="simple" ns0:href="../794/1076794.xml">mesh</link><it><weblink ns0:type="simple" ns0:href="http://www.nlm.nih.gov/cgi/mesh/2007/MB_cgi?mode= term=Tissues field=entry#TreeA10" /></it><link ns0:type="simple" ns0:href="../915/103915.xml">biolog tissu</link></entry><entry level="2" type="bullet"><link ns0:type="simple" ns0:href="../794/1076794.xml">mesh</link><it><weblink ns0:type="simple" ns0:href="http://www.nlm.nih.gov/cgi/mesh/2007/MB_cgi?mode= term=Cells field=entry#TreeA11" /></it><link ns0:type="simple" ns0:href="../230/4230.xml">cell</link></entry><entry level="2" type="bullet"><link ns0:type="simple" ns0:href="../794/1076794.xml">mesh</link><it><weblink ns0:type="simple" ns0:href="http://www.nlm.nih.gov/cgi/mesh/2007/MB_cgi?mode= term=Fluids+and+Secretions field=entry#TreeA12" /></it><link ns0:type="simple" ns0:href="../915/10915.xml">fluid</link><link ns0:type="simple" ns0:href="../001/534001.xml">secret</link></entry><entry level="2" type="bullet"><link ns0:type="simple" ns0:href="../794/1076794.xml">mesh</link><it><weblink ns0:type="simple" ns0:href="http://www.nlm.nih.gov/cgi/mesh/2007/MB_cgi?mode= term=Animal+Structures field=entry#TreeA13" /></it><link ns0:type="simple" ns0:href="../790/11039790.xml">anim</link>structur</entry><entry level="2" type="bullet"><link ns0:type="simple" ns0:href="../794/1076794.xml">mesh</link><it><weblink ns0:type="simple" ns0:href="http://www.nlm.nih.gov/cgi/mesh/2007/MB_cgi?mode= term=Stomatognathic+System field=entry#TreeA14" /></it><link ns0:type="simple" ns0:href="../822/5046822.xml">stomatognath system</link></entry><entry level="2" type="bullet"><link ns0:type="simple" ns0:href="../794/1076794.xml">mesh</link><it><weblink ns0:type="simple" ns0:href="http://www.nlm.nih.gov/cgi/mesh/2007/MB_cgi?mode= term=Hemic+and+Immune+Systems field=entry#TreeA15" /></it><link ns0:type="simple" ns0:href="../997/3997.xml">hemic</link><link ns0:type="simple" ns0:href="../958/14958.xml">immun system</link></entry><entry level="2" type="bullet"><link ns0:type="simple" ns0:href="../794/1076794.xml">mesh</link><it><weblink ns0:type="simple" ns0:href="http://www.nlm.nih.gov/cgi/mesh/2007/MB_cgi?mode= term=Embryonic+Structures field=entry#TreeA16" /></it><link ns0:type="simple" ns0:href="../717/162717.xml">embryon structur</link></entry><entry level="2" type="bullet"><link ns0:type="simple" ns0:href="../794/1076794.xml">mesh</link><it><weblink ns0:type="simple" ns0:href="http://www.nlm.nih.gov/cgi/mesh/2007/MB_cgi?mode= term=Integumentary+System field=entry#TreeA17" /></it><link ns0:type="simple" ns0:href="../660/59660.xml">integumentari system</link></entry></list></p><p><list><entry level="1" type="bullet"><link ns0:type="simple" ns0:href="../842/19653842.xml">organ</link></entry><entry level="2" type="bullet"><link ns0:type="simple" ns0:href="../794/1076794.xml">mesh</link><it><weblink ns0:type="simple" ns0:href="http://www.nlm.nih.gov/cgi/mesh/2007/MB_cgi?mode= term=Animals field=entry#TreeB01" /></it><link ns0:type="simple" ns0:href="../790/11039790.xml">anim</link></entry><entry level="2" type="bullet"><link ns0:type="simple" ns0:href="../794/1076794.xml">mesh</link><it><weblink ns0:type="simple" ns0:href="http://www.nlm.nih.gov/cgi/mesh/2007/MB_cgi?mode= term=Algae field=entry#TreeB02" /></it><link ns0:type="simple" ns0:href="../633/633.xml">alga</link></entry><entry level="2" type="bullet"><link ns0:type="simple" ns0:href="../794/1076794.xml">mesh</link><it><weblink ns0:type="simple" ns0:href="http://www.nlm.nih.gov/cgi/mesh/2007/MB_cgi?mode= term=Bacteria field=entry#TreeB03" /></it><link ns0:type="simple" ns0:href="../799/9028799.xml">bacteria</link></entry><entry level="2" type="bullet"><link ns0:type="simple" ns0:href="../794/1076794.xml">mesh</link><it><weblink ns0:type="simple" ns0:href="http://www.nlm.nih.gov/cgi/mesh/2007/MB_cgi?mode= term=Viruses field=entry#TreeB04" /></it><link ns0:type="simple" ns0:href="../679/19167679.xml">virus</link></entry><entry level="2" type="bullet"><link ns0:type="simple" ns0:href="../794/1076794.xml">mesh</link><it><weblink ns0:type="simple" ns0:href="http://www.nlm.nih.gov/cgi/mesh/2007/MB_cgi?mode= term=Fungi field=entry#TreeB05" /></it><link ns0:type="simple" ns0:href="../965/19178965.xml">fungi</link></entry><entry level="2" type="bullet"><link ns0:type="simple" ns0:href="../794/1076794.xml">mesh</link><it><weblink ns0:type="simple" ns0:href="http://www.nlm.nih.gov/cgi/mesh/2007/MB_cgi?mode= term=Plants field=entry#TreeB06" /></it><link ns0:type="simple" ns0:href="../208/23208.xml">plant</link></entry><entry level="2" type="bullet"><link ns0:type="simple" ns0:href="../794/1076794.xml">mesh</link><it><weblink ns0:type="simple" ns0:href="http://www.nlm.nih.gov/cgi/mesh/2007/MB_cgi?mode= term=Archaea field=entry#TreeB07" /></it><link ns0:type="simple" ns0:href="../592/19179592.xml">archaea</link></entry><entry level="2" type="bullet"><link ns0:type="simple" ns0:href="../794/1076794.xml">mesh</link><it><weblink ns0:type="simple" ns0:href="http://www.nlm.nih.gov/cgi/mesh/2007/MB_cgi?mode= term=Mesomycetozoea field=entry#TreeB08" /></it><link ns0:type="simple" ns0:href="../629/2245629.xml">mesomycetozoea</link></entry></list></p><p><list><entry level="1" type="bullet"><link ns0:type="simple" ns0:href="../072/8072.xml">diseas</link></entry><entry level="2" type="bullet"><link ns0:type="simple" ns0:href="../794/1076794.xml">mesh</link><it><weblink ns0:type="simple" ns0:href="http://www.nlm.nih.gov/cgi/mesh/2007/MB_cgi?mode= term=Bacterial+Infections+and+Mycoses field=entry#TreeC01" /></it><link ns0:type="simple" ns0:href="../799/9028799.xml">bacteri</link><link ns0:type="simple" ns0:href="../220/37220.xml">infect</link><link ns0:type="simple" ns0:href="../575/1530575.xml">mycos</link></entry><entry level="2" type="bullet"><link ns0:type="simple" ns0:href="../794/1076794.xml">mesh</link><it><weblink ns0:type="simple" ns0:href="http://www.nlm.nih.gov/cgi/mesh/2007/MB_cgi?mode= term=Virus+Diseases field=entry#TreeC02" /></it><link ns0:type="simple" ns0:href="../679/19167679.xml">viru</link>diseas</entry><entry level="2" type="bullet"><link ns0:type="simple" ns0:href="../794/1076794.xml">mesh</link><it><weblink ns0:type="simple" ns0:href="http://www.nlm.nih.gov/cgi/mesh/2007/MB_cgi?mode= term=Parasitic+Diseases field=entry#TreeC03" /></it><link ns0:type="simple" ns0:href="../937/43937.xml">parasit</link>diseas</entry><entry level="2" type="bullet"><link ns0:type="simple" ns0:href="../794/1076794.xml">mesh</link><it><weblink ns0:type="simple" ns0:href="http://www.nlm.nih.gov/cgi/mesh/2007/MB_cgi?mode= term=Neoplasms field=entry#TreeC04" /></it><link ns0:type="simple" ns0:href="../730/1236730.xml">neoplasm</link></entry><entry level="2" type="bullet"><link ns0:type="simple" ns0:href="../794/1076794.xml">mesh</link><it><weblink ns0:type="simple" ns0:href="http://www.nlm.nih.gov/cgi/mesh/2007/MB_cgi?mode= term=Musculoskeletal+Diseases field=entry#TreeC05" /></it><link ns0:type="simple" ns0:href="../348/653348.xml">musculoskelet</link>diseas</entry><entry level="2" type="bullet"><link ns0:type="simple" ns0:href="../794/1076794.xml">mesh</link><it><weblink ns0:type="simple" ns0:href="http://www.nlm.nih.gov/cgi/mesh/2007/MB_cgi?mode= term=Digestive+System+Diseases field=entry#TreeC06" /></it><link ns0:type="simple" ns0:href="../423/165423.xml">digest system</link>diseas</entry><entry level="2" type="bullet"><link ns0:type="simple" ns0:href="../794/1076794.xml">mesh</link><it><weblink ns0:type="simple" ns0:href="http://www.nlm.nih.gov/cgi/mesh/2007/MB_cgi?mode= term=Stomatognathic+Diseases field=entry#TreeC07" /></it><link ns0:type="simple" ns0:href="../822/5046822.xml">stomatognath</link>diseas</entry><entry level="2" type="bullet"><link ns0:type="simple" ns0:href="../794/1076794.xml">mesh</link><it><weblink ns0:type="simple" ns0:href="http://www.nlm.nih.gov/cgi/mesh/2007/MB_cgi?mode= term=Respiratory+Tract+Diseases field=entry#TreeC08" /></it><link ns0:type="simple" ns0:href="../885/287885.xml">respiratori tract</link>diseas</entry><entry level="2" type="bullet"><link ns0:type="simple" ns0:href="../794/1076794.xml">mesh</link><it><weblink ns0:type="simple" ns0:href="http://www.nlm.nih.gov/cgi/mesh/2007/MB_cgi?mode= term=Otorhinolaryngologic+Diseases field=entry#TreeC09" /></it><link ns0:type="simple" ns0:href="../573/22573.xml">otorhinolaryngolog</link>diseas</entry><entry level="2" type="bullet"><link ns0:type="simple" ns0:href="../794/1076794.xml">mesh</link><it><weblink ns0:type="simple" ns0:href="http://www.nlm.nih.gov/cgi/mesh/2007/MB_cgi?mode= term=Nervous+System+Diseases field=entry#TreeC10" /></it><link ns0:type="simple" ns0:href="../944/21944.xml">nervou system</link>diseas</entry><entry level="2" type="bullet"><link ns0:type="simple" ns0:href="../794/1076794.xml">mesh</link><it><weblink ns0:type="simple" ns0:href="http://www.nlm.nih.gov/cgi/mesh/2007/MB_cgi?mode= term=Eye+Diseases field=entry#TreeC11" /></it><link ns0:type="simple" ns0:href="../898/157898.xml">eye</link>diseas</entry><entry level="2" type="bullet"><link ns0:type="simple" ns0:href="../794/1076794.xml">mesh</link><it><weblink ns0:type="simple" ns0:href="http://www.nlm.nih.gov/cgi/mesh/2007/MB_cgi?mode= term=Urologic+and+Male+Genital+Diseases field=entry#TreeC12" /></it><link ns0:type="simple" ns0:href="../055/32055.xml">urolog</link><link ns0:type="simple" ns0:href="../682/1827682.xml">male genit</link>diseas</entry><entry level="2" type="bullet"><link ns0:type="simple" ns0:href="../794/1076794.xml">mesh</link><it><weblink ns0:type="simple" ns0:href="http://www.nlm.nih.gov/cgi/mesh/2007/MB_cgi?mode= term=Female+Genital+Diseases+and+Pregnancy+Complications field=entry#TreeC13" /></it><link ns0:type="simple" ns0:href="../423/598423.xml">femal genit</link>diseas<link ns0:type="simple" ns0:href="../688/2300688.xml">pregnanc complic</link></entry><entry level="2" type="bullet"><link ns0:type="simple" ns0:href="../794/1076794.xml">mesh</link><it><weblink ns0:type="simple" ns0:href="http://www.nlm.nih.gov/cgi/mesh/2007/MB_cgi?mode= term=Cardiovascular+Diseases field=entry#TreeC14" /></it><link ns0:type="simple" ns0:href="../662/512662.xml">cardiovascular diseas</link></entry><entry level="2" type="bullet"><link ns0:type="simple" ns0:href="../794/1076794.xml">mesh</link><it><weblink ns0:type="simple" ns0:href="http://www.nlm.nih.gov/cgi/mesh/2007/MB_cgi?mode= term=Hemic+and+Lymphatic+Diseases field=entry#TreeC15" /></it><link ns0:type="simple" ns0:href="../564/63564.xml">hemic</link><link ns0:type="simple" ns0:href="../701/18587701.xml">lymphat diseas</link></entry><entry level="2" type="bullet"><link ns0:type="simple" ns0:href="../794/1076794.xml">mesh</link><it><weblink ns0:type="simple" ns0:href="http://www.nlm.nih.gov/cgi/mesh/2007/MB_cgi?mode= term=Congenital,+Hereditary,+and+Neonatal+Diseases+and+Abnormalities field=entry#TreeC16" /></it><link ns0:type="simple" ns0:href="../263/321263.xml">congenit</link><link ns0:type="simple" ns0:href="../457/13457.xml">hereditari</link><link ns0:type="simple" ns0:href="../165/73165.xml">neonat</link>diseas abnorm</entry><entry level="2" type="bullet"><link ns0:type="simple" ns0:href="../794/1076794.xml">mesh</link><it><weblink ns0:type="simple" ns0:href="http://www.nlm.nih.gov/cgi/mesh/2007/MB_cgi?mode= term=Skin+and+Connective+Tissue+Diseases field=entry#TreeC17" /></it><link ns0:type="simple" ns0:href="../978/27978.xml">skin</link><link ns0:type="simple" ns0:href="../845/228845.xml">connect tissu</link>diseas</entry><entry level="2" type="bullet"><link ns0:type="simple" ns0:href="../794/1076794.xml">mesh</link><it><weblink ns0:type="simple" ns0:href="http://www.nlm.nih.gov/cgi/mesh/2007/MB_cgi?mode= term=Nutritional+and+Metabolic+Diseases field=entry#TreeC18" /></it><link ns0:type="simple" ns0:href="../525/21525.xml">nutrit</link><link ns0:type="simple" ns0:href="../625/1125625.xml">metabol diseas</link></entry><entry level="2" type="bullet"><link ns0:type="simple" ns0:href="../794/1076794.xml">mesh</link><it><weblink ns0:type="simple" ns0:href="http://www.nlm.nih.gov/cgi/mesh/2007/MB_cgi?mode= term=Endocrine+System+Diseases field=entry#TreeC19" /></it><link ns0:type="simple" ns0:href="../312/9312.xml">endocrin system</link>diseas</entry><entry level="2" type="bullet"><link ns0:type="simple" ns0:href="../794/1076794.xml">mesh</link><it><weblink ns0:type="simple" ns0:href="http://www.nlm.nih.gov/cgi/mesh/2007/MB_cgi?mode= term=Immune+System+Diseases field=entry#TreeC20" /></it><link ns0:type="simple" ns0:href="../958/14958.xml">immun system</link>diseas</entry><entry level="2" type="bullet"><link ns0:type="simple" ns0:href="../794/1076794.xml">mesh</link><it><weblink ns0:type="simple" ns0:href="http://www.nlm.nih.gov/cgi/mesh/2007/MB_cgi?mode= term=Disorders+of+Environmental+Origin field=entry#TreeC21" /></it>disord<link ns0:type="simple" ns0:href="../685/558685.xml">environment</link>origin</entry><entry level="2" type="bullet"><link ns0:type="simple" ns0:href="../794/1076794.xml">mesh</link><it><weblink ns0:type="simple" ns0:href="http://www.nlm.nih.gov/cgi/mesh/2007/MB_cgi?mode= term=Animal+Diseases field=entry#TreeC22" /></it><link ns0:type="simple" ns0:href="../388/2992388.xml">anim diseas</link></entry><entry level="2" type="bullet"><link ns0:type="simple" ns0:href="../794/1076794.xml">mesh</link><it><weblink ns0:type="simple" ns0:href="http://www.nlm.nih.gov/cgi/mesh/2007/MB_cgi?mode= term=Pathological+Conditions,+Signs+and+Symptoms field=entry#TreeC23" /></it><link ns0:type="simple" ns0:href="../791/48791.xml">patholog</link>condit<link ns0:type="simple" ns0:href="../415/2943415.xml">sign</link><link ns0:type="simple" ns0:href="../967/196967.xml">symptom</link></entry></list></p><p><list><entry level="1" type="bullet"><link ns0:type="simple" ns0:href="../260/9722260.xml">chemic</link>drug</entry><entry level="2" type="bullet"><link ns0:type="simple" ns0:href="../794/1076794.xml">mesh</link><it><weblink ns0:type="simple" ns0:href="http://www.nlm.nih.gov/cgi/mesh/2007/MB_cgi?mode= term=Inorganic+Chemicals field=entry#TreeD01" /></it><link ns0:type="simple" ns0:href="../442/363442.xml">inorgan chemic</link></entry><entry level="2" type="bullet"><link ns0:type="simple" ns0:href="../794/1076794.xml">mesh</link><it><weblink ns0:type="simple" ns0:href="http://www.nlm.nih.gov/cgi/mesh/2007/MB_cgi?mode= term=Organic+Chemicals field=entry#TreeD02" /></it><link ns0:type="simple" ns0:href="../203/22203.xml">organ chemic</link></entry><entry level="2" type="bullet"><link ns0:type="simple" ns0:href="../794/1076794.xml">mesh</link><it><weblink ns0:type="simple" ns0:href="http://www.nlm.nih.gov/cgi/mesh/2007/MB_cgi?mode= term=Heterocyclic+Compounds field=entry#TreeD03" /></it><link ns0:type="simple" ns0:href="../734/13734.xml">heterocycl compound</link></entry><entry level="2" type="bullet"><link ns0:type="simple" ns0:href="../794/1076794.xml">mesh</link><it><weblink ns0:type="simple" ns0:href="http://www.nlm.nih.gov/cgi/mesh/2007/MB_cgi?mode= term=Polycyclic+Compounds field=entry#TreeD04" /></it><link ns0:type="simple" ns0:href="../132/3949132.xml">polycycl compound</link></entry><entry level="2" type="bullet"><link ns0:type="simple" ns0:href="../794/1076794.xml">mesh</link><it><weblink ns0:type="simple" ns0:href="http://www.nlm.nih.gov/cgi/mesh/2007/MB_cgi?mode= term=Macromolecular+Substances field=entry#TreeD05" /></it><link ns0:type="simple" ns0:href="../231/106231.xml">macromolecular substanc</link></entry><entry level="2" type="bullet"><link ns0:type="simple" ns0:href="../794/1076794.xml">mesh</link><it><weblink ns0:type="simple" ns0:href="http://www.nlm.nih.gov/cgi/mesh/2007/MB_cgi?mode= term=Hormones,+Hormone+Substitutes,+and+Hormone+Antagonists field=entry#TreeD06" /></it><link ns0:type="simple" ns0:href="../311/13311.xml">hormon</link><link>hormon substitut</link><link ns0:type="simple" ns0:href="../583/9773583.xml">hormon antagonist</link></entry><entry level="2" type="bullet"><link ns0:type="simple" ns0:href="../794/1076794.xml">mesh</link><it><weblink ns0:type="simple" ns0:href="http://www.nlm.nih.gov/cgi/mesh/2007/MB_cgi?mode= term=Enzymes+and+Coenzymes field=entry#TreeD08" /></it><link ns0:type="simple" ns0:href="../257/9257.xml">enzym</link><link ns0:type="simple" ns0:href="../654/81654.xml">coenzym</link></entry><entry level="2" type="bullet"><link ns0:type="simple" ns0:href="../794/1076794.xml">mesh</link><it><weblink ns0:type="simple" ns0:href="http://www.nlm.nih.gov/cgi/mesh/2007/MB_cgi?mode= term=Carbohydrates field=entry#TreeD09" /></it><link ns0:type="simple" ns0:href="../932/5932.xml">carbohydr</link></entry><entry level="2" type="bullet"><link ns0:type="simple" ns0:href="../794/1076794.xml">mesh</link><it><weblink ns0:type="simple" ns0:href="http://www.nlm.nih.gov/cgi/mesh/2007/MB_cgi?mode= term=Lipids field=entry#TreeD10" /></it><link ns0:type="simple" ns0:href="../940/17940.xml">lipid</link></entry><entry level="2" type="bullet"><link ns0:type="simple" ns0:href="../794/1076794.xml">mesh</link><it><weblink ns0:type="simple" ns0:href="http://www.nlm.nih.gov/cgi/mesh/2007/MB_cgi?mode= term=Amino+Acids,+Peptides,+and+Proteins field=entry#TreeD12" /></it><link ns0:type="simple" ns0:href="../207/1207.xml">amino acid</link><link ns0:type="simple" ns0:href="../029/24029.xml">peptid</link><link ns0:type="simple" ns0:href="../634/23634.xml">protein</link></entry><entry level="2" type="bullet"><link ns0:type="simple" ns0:href="../794/1076794.xml">mesh</link><it><weblink ns0:type="simple" ns0:href="http://www.nlm.nih.gov/cgi/mesh/2007/MB_cgi?mode= term=Nucleic+Acids,+Nucleotides,+and+Nucleosides field=entry#TreeD13" /></it><link ns0:type="simple" ns0:href="../496/21496.xml">nucleic acid</link><link ns0:type="simple" ns0:href="../505/21505.xml">nucleotid</link><link ns0:type="simple" ns0:href="../095/89095.xml">nucleosid</link></entry><entry level="2" type="bullet"><link ns0:type="simple" ns0:href="../794/1076794.xml">mesh</link><it><weblink ns0:type="simple" ns0:href="http://www.nlm.nih.gov/cgi/mesh/2007/MB_cgi?mode= term=Complex+Mixtures field=entry#TreeD20" /></it><link>complex mixtur</link></entry><entry level="2" type="bullet"><link ns0:type="simple" ns0:href="../794/1076794.xml">mesh</link><it><weblink ns0:type="simple" ns0:href="http://www.nlm.nih.gov/cgi/mesh/2007/MB_cgi?mode= term=Biological+Factors field=entry#TreeD23" /></it><link ns0:type="simple" ns0:href="../502/160502.xml">biolog factor</link></entry><entry level="2" type="bullet"><link ns0:type="simple" ns0:href="../794/1076794.xml">mesh</link><it><weblink ns0:type="simple" ns0:href="http://www.nlm.nih.gov/cgi/mesh/2007/MB_cgi?mode= term=Biomedical+and+Dental+Materials field=entry#TreeD25" /></it><link>biomed</link><link ns0:type="simple" ns0:href="../005/8005.xml">dental</link>materi</entry><entry level="2" type="bullet"><link ns0:type="simple" ns0:href="../794/1076794.xml">mesh</link><it><weblink ns0:type="simple" ns0:href="http://www.nlm.nih.gov/cgi/mesh/2007/MB_cgi?mode= term=Pharmaceutical+Preparations field=entry#TreeD26" /></it><link ns0:type="simple" ns0:href="../121/180121.xml">pharmaceut</link>prepar</entry><entry level="2" type="bullet"><link ns0:type="simple" ns0:href="../794/1076794.xml">mesh</link><it><weblink ns0:type="simple" ns0:href="http://www.nlm.nih.gov/cgi/mesh/2007/MB_cgi?mode= term=Chemical+Actions+and+Uses field=entry#TreeD27" /></it><link ns0:type="simple" ns0:href="../260/9722260.xml">chemic</link>action</entry></list></p><p><list><entry level="1" type="bullet">analyt<link ns0:type="simple" ns0:href="../525/18507525.xml">diagnost</link>therapeut techniqu equip</entry><entry level="2" type="bullet"><link ns0:type="simple" ns0:href="../794/1076794.xml">mesh</link><it><weblink ns0:type="simple" ns0:href="http://www.nlm.nih.gov/cgi/mesh/2007/MB_cgi?mode= term=Diagnosis field=entry#TreeE01" /></it><link ns0:type="simple" ns0:href="../525/18507525.xml">diagnosi</link></entry><entry level="2" type="bullet"><link ns0:type="simple" ns0:href="../794/1076794.xml">mesh</link><it><weblink ns0:type="simple" ns0:href="http://www.nlm.nih.gov/cgi/mesh/2007/MB_cgi?mode= term=Therapeutics field=entry#TreeE02" /></it><link ns0:type="simple" ns0:href="../957/18957.xml">therapeut</link></entry><entry level="2" type="bullet"><link ns0:type="simple" ns0:href="../794/1076794.xml">mesh</link><it><weblink ns0:type="simple" ns0:href="http://www.nlm.nih.gov/cgi/mesh/2007/MB_cgi?mode= term=Anesthesia+and+Analgesia field=entry#TreeE03" /></it><link ns0:type="simple" ns0:href="../561/56561.xml">anesthesia</link><link ns0:type="simple" ns0:href="../ury/23rd_century.xml">analgesia</link></entry><entry level="2" type="bullet"><link ns0:type="simple" ns0:href="../794/1076794.xml">mesh</link><it><weblink ns0:type="simple" ns0:href="http://www.nlm.nih.gov/cgi/mesh/2007/MB_cgi?mode= term=Surgical+Procedures,+Operative field=entry#TreeE04" /></it><link>surgic procedur</link>oper</entry><entry level="2" type="bullet"><link ns0:type="simple" ns0:href="../794/1076794.xml">mesh</link><it><weblink ns0:type="simple" ns0:href="http://www.nlm.nih.gov/cgi/mesh/2007/MB_cgi?mode= term=Investigative+Techniques field=entry#TreeE05" /></it><link>investig techniqu</link></entry><entry level="2" type="bullet"><link ns0:type="simple" ns0:href="../794/1076794.xml">mesh</link><it><weblink ns0:type="simple" ns0:href="http://www.nlm.nih.gov/cgi/mesh/2007/MB_cgi?mode= term=Dentistry field=entry#TreeE06" /></it><link ns0:type="simple" ns0:href="../005/8005.xml">dentistri</link></entry><entry level="2" type="bullet"><link ns0:type="simple" ns0:href="../794/1076794.xml">mesh</link><it><weblink ns0:type="simple" ns0:href="http://www.nlm.nih.gov/cgi/mesh/2007/MB_cgi?mode= term=Equipment+and+Supplies field=entry#TreeE07" /></it><link ns0:type="simple" ns0:href="../677/30677.xml">equip</link><link ns0:type="simple" ns0:href="../681/176681.xml">suppli</link></entry></list></p><p><list><entry level="1" type="bullet"><link ns0:type="simple" ns0:href="../869/18973869.xml">psychiatri</link><link ns0:type="simple" ns0:href="../921/22921.xml">psycholog</link></entry><entry level="2" type="bullet"><link ns0:type="simple" ns0:href="../794/1076794.xml">mesh</link><it><weblink ns0:type="simple" ns0:href="http://www.nlm.nih.gov/cgi/mesh/2007/MB_cgi?mode= term=Behavior+and+Behavior+Mechanisms field=entry#TreeF01" /></it><link ns0:type="simple" ns0:href="../805/4805.xml">behavior</link><link>behavior mechan</link></entry><entry level="2" type="bullet"><link ns0:type="simple" ns0:href="../794/1076794.xml">mesh</link><it><weblink ns0:type="simple" ns0:href="http://www.nlm.nih.gov/cgi/mesh/2007/MB_cgi?mode= term=Psychological+Phenomena+and+Processes field=entry#TreeF02" /></it><link>psycholog phenomena</link>process</entry><entry level="2" type="bullet"><link ns0:type="simple" ns0:href="../794/1076794.xml">mesh</link><it><weblink ns0:type="simple" ns0:href="http://www.nlm.nih.gov/cgi/mesh/2007/MB_cgi?mode= term=Mental+Disorders field=entry#TreeF03" /></it><link ns0:type="simple" ns0:href="../356/19356.xml">mental disord</link></entry><entry level="2" type="bullet"><link ns0:type="simple" ns0:href="../794/1076794.xml">mesh</link><it><weblink ns0:type="simple" ns0:href="http://www.nlm.nih.gov/cgi/mesh/2007/MB_cgi?mode= term=Behavioral+Disciplines+and+Activities field=entry#TreeF04" /></it><link ns0:type="simple" ns0:href="../303/1589303.xml">behavior disciplin</link>activ</entry></list></p><p><list><entry level="1" type="bullet"><link ns0:type="simple" ns0:href="../632/9127632.xml">biolog scienc</link></entry><entry level="2" type="bullet"><link ns0:type="simple" ns0:href="../794/1076794.xml">mesh</link><it><weblink ns0:type="simple" ns0:href="http://www.nlm.nih.gov/cgi/mesh/2007/MB_cgi?mode= term=Biological+Sciences field=entry#TreeG01" /></it><link ns0:type="simple" ns0:href="../632/9127632.xml">biolog scienc</link></entry><entry level="2" type="bullet"><link ns0:type="simple" ns0:href="../794/1076794.xml">mesh</link><it><weblink ns0:type="simple" ns0:href="http://www.nlm.nih.gov/cgi/mesh/2007/MB_cgi?mode= term=Health+Occupations field=entry#TreeG02" /></it><link ns0:type="simple" ns0:href="../319/349319.xml">health occup</link></entry><entry level="2" type="bullet"><link ns0:type="simple" ns0:href="../794/1076794.xml">mesh</link><it><weblink ns0:type="simple" ns0:href="http://www.nlm.nih.gov/cgi/mesh/2007/MB_cgi?mode= term=Environment+and+Public+Health field=entry#TreeG03" /></it><link ns0:type="simple" ns0:href="../919/64919.xml">environ</link><link ns0:type="simple" ns0:href="../734/463734.xml">public health</link></entry><entry level="2" type="bullet"><link ns0:type="simple" ns0:href="../794/1076794.xml">mesh</link><it><weblink ns0:type="simple" ns0:href="http://www.nlm.nih.gov/cgi/mesh/2007/MB_cgi?mode= term=Biological+Phenomena,+Cell+Phenomena,+and+Immunity field=entry#TreeG04" /></it><link ns0:type="simple" ns0:href="../632/9127632.xml">biolog phenomena</link><link>cell phenomena</link><link ns0:type="simple" ns0:href="../547/298547.xml">immun</link></entry><entry level="2" type="bullet"><link ns0:type="simple" ns0:href="../794/1076794.xml">mesh</link><it><weblink ns0:type="simple" ns0:href="http://www.nlm.nih.gov/cgi/mesh/2007/MB_cgi?mode= term=Genetic+Processes field=entry#TreeG05" /></it><link>genet process</link></entry><entry level="2" type="bullet"><link ns0:type="simple" ns0:href="../794/1076794.xml">mesh</link><it><weblink ns0:type="simple" ns0:href="http://www.nlm.nih.gov/cgi/mesh/2007/MB_cgi?mode= term=Biochemical+Phenomena,+Metabolism,+and+Nutrition field=entry#TreeG06" /></it><link ns0:type="simple" ns0:href="../954/3954.xml">biochem phenomena</link><link ns0:type="simple" ns0:href="../374/20374.xml">metabol</link><link ns0:type="simple" ns0:href="../525/21525.xml">nutrit</link></entry><entry level="2" type="bullet"><link ns0:type="simple" ns0:href="../794/1076794.xml">mesh</link><it><weblink ns0:type="simple" ns0:href="http://www.nlm.nih.gov/cgi/mesh/2007/MB_cgi?mode= term=Physiological+Processes field=entry#TreeG07" /></it><link ns0:type="simple" ns0:href="../597/23597.xml">physiolog</link>process</entry><entry level="2" type="bullet"><link ns0:type="simple" ns0:href="../794/1076794.xml">mesh</link><it><weblink ns0:type="simple" ns0:href="http://www.nlm.nih.gov/cgi/mesh/2007/MB_cgi?mode= term=Reproductive+and+Urinary+Physiology field=entry#TreeG08" /></it><link ns0:type="simple" ns0:href="../310/26310.xml">reproduct</link><link ns0:type="simple" ns0:href="../927/55927.xml">urinari</link><link ns0:type="simple" ns0:href="../597/23597.xml">physiolog</link></entry><entry level="2" type="bullet"><link ns0:type="simple" ns0:href="../794/1076794.xml">mesh</link><it><weblink ns0:type="simple" ns0:href="http://www.nlm.nih.gov/cgi/mesh/2007/MB_cgi?mode= term=Circulatory+and+Respiratory+Physiology field=entry#TreeG09" /></it><link ns0:type="simple" ns0:href="../330/57330.xml">circulatori</link><link ns0:type="simple" ns0:href="../723/66723.xml">respiratori</link><link ns0:type="simple" ns0:href="../597/23597.xml">physiolog</link></entry><entry level="2" type="bullet"><link ns0:type="simple" ns0:href="../794/1076794.xml">mesh</link><it><weblink ns0:type="simple" ns0:href="http://www.nlm.nih.gov/cgi/mesh/2007/MB_cgi?mode= term=Digestive,+Oral,+and+Skin+Physiology field=entry#TreeG10" /></it><link ns0:type="simple" ns0:href="../116/1290116.xml">digest</link><link ns0:type="simple" ns0:href="../978/27978.xml">skin</link><link ns0:type="simple" ns0:href="../597/23597.xml">physiolog</link></entry><entry level="2" type="bullet"><link ns0:type="simple" ns0:href="../794/1076794.xml">mesh</link><it><weblink ns0:type="simple" ns0:href="http://www.nlm.nih.gov/cgi/mesh/2007/MB_cgi?mode= term=Musculoskeletal,+Neural,+and+Ocular+Physiology field=entry#TreeG11" /></it><link ns0:type="simple" ns0:href="../348/653348.xml">musculoskelet</link><link ns0:type="simple" ns0:href="../944/21944.xml">neural</link><link ns0:type="simple" ns0:href="../802/2780802.xml">ocular</link><link ns0:type="simple" ns0:href="../597/23597.xml">physiolog</link></entry><entry level="2" type="bullet"><link ns0:type="simple" ns0:href="../794/1076794.xml">mesh</link><it><weblink ns0:type="simple" ns0:href="http://www.nlm.nih.gov/cgi/mesh/2007/MB_cgi?mode= term=Chemical+and+Pharmacologic+Phenomena field=entry#TreeG12" /></it><link ns0:type="simple" ns0:href="../260/9722260.xml">chemic</link><link ns0:type="simple" ns0:href="../354/24354.xml">pharmacolog</link>phenomena</entry><entry level="2" type="bullet"><link ns0:type="simple" ns0:href="../794/1076794.xml">mesh</link><it><weblink ns0:type="simple" ns0:href="http://www.nlm.nih.gov/cgi/mesh/2007/MB_cgi?mode= term=Genetic+Phenomena field=entry#TreeG13" /></it><link>genet phenomena</link></entry><entry level="2" type="bullet"><link ns0:type="simple" ns0:href="../794/1076794.xml">mesh</link><it><weblink ns0:type="simple" ns0:href="http://www.nlm.nih.gov/cgi/mesh/2007/MB_cgi?mode= term=Genetic+Structures field=entry#TreeG14" /></it><link>genet structur</link></entry></list></p><p><list><entry level="1" type="bullet"><link ns0:type="simple" ns0:href="../638/23638.xml">physic scienc</link></entry><entry level="2" type="bullet"><link ns0:type="simple" ns0:href="../794/1076794.xml">mesh</link><it><weblink ns0:type="simple" ns0:href="http://www.nlm.nih.gov/cgi/mesh/2007/MB_cgi?mode= term=Natural+Sciences field=entry#TreeH01" /></it><link ns0:type="simple" ns0:href="../890/38890.xml">natur scienc</link></entry></list></p><p><list><entry level="1" type="bullet"><link ns0:type="simple" ns0:href="../569/569.xml">anthropolog</link><link ns0:type="simple" ns0:href="../252/9252.xml">educ</link><link ns0:type="simple" ns0:href="../981/18717981.xml">sociolog</link>social phenomena</entry><entry level="2" type="bullet"><link ns0:type="simple" ns0:href="../794/1076794.xml">mesh</link><it><weblink ns0:type="simple" ns0:href="http://www.nlm.nih.gov/cgi/mesh/2007/MB_cgi?mode= term=Social+Sciences field=entry#TreeI01" /></it><link ns0:type="simple" ns0:href="../781/26781.xml">social scienc</link></entry><entry level="2" type="bullet"><link ns0:type="simple" ns0:href="../794/1076794.xml">mesh</link><it><weblink ns0:type="simple" ns0:href="http://www.nlm.nih.gov/cgi/mesh/2007/MB_cgi?mode= term=Education field=entry#TreeI02" /></it><link ns0:type="simple" ns0:href="../252/9252.xml">educ</link></entry><entry level="2" type="bullet"><link ns0:type="simple" ns0:href="../794/1076794.xml">mesh</link><it><weblink ns0:type="simple" ns0:href="http://www.nlm.nih.gov/cgi/mesh/2007/MB_cgi?mode= term=Human+Activities field=entry#TreeI03" /></it><link>human activ</link></entry></list></p><p><list><entry level="1" type="bullet">technolog<link ns0:type="simple" ns0:href="../646/10646.xml">food</link><link ns0:type="simple" ns0:href="../984/7984.xml">beverag</link></entry><entry level="2" type="bullet"><link ns0:type="simple" ns0:href="../794/1076794.xml">mesh</link><it><weblink ns0:type="simple" ns0:href="http://www.nlm.nih.gov/cgi/mesh/2007/MB_cgi?mode= term=Technology,+Industry,+and+Agriculture field=entry#TreeJ01" /></it><link ns0:type="simple" ns0:href="../816/29816.xml">technolog</link><link ns0:type="simple" ns0:href="../543/14543.xml">industri</link><link ns0:type="simple" ns0:href="../627/627.xml">agricultur</link></entry><entry level="2" type="bullet"><link ns0:type="simple" ns0:href="../794/1076794.xml">mesh</link><it><weblink ns0:type="simple" ns0:href="http://www.nlm.nih.gov/cgi/mesh/2007/MB_cgi?mode= term=Food+and+Beverages field=entry#TreeJ02" /></it><link ns0:type="simple" ns0:href="../646/10646.xml">food</link><link ns0:type="simple" ns0:href="../984/7984.xml">beverag</link></entry></list></p><p><list><entry level="1" type="bullet"><link ns0:type="simple" ns0:href="../132/53132.xml">human</link></entry><entry level="2" type="bullet"><link ns0:type="simple" ns0:href="../794/1076794.xml">mesh</link><it><weblink ns0:type="simple" ns0:href="http://www.nlm.nih.gov/cgi/mesh/2007/MB_cgi?mode= term=Humanities field=entry#TreeK01" /></it><link ns0:type="simple" ns0:href="../132/53132.xml">human</link></entry></list></p><p><list><entry level="1" type="bullet"><link ns0:type="simple" ns0:href="../354/149354.xml">scienc</link></entry><entry level="2" type="bullet"><link ns0:type="simple" ns0:href="../794/1076794.xml">mesh</link><it><weblink ns0:type="simple" ns0:href="http://www.nlm.nih.gov/cgi/mesh/2007/MB_cgi?mode= term=Information+Science field=entry#TreeL01" /></it><link ns0:type="simple" ns0:href="../354/149354.xml">scienc</link></entry></list></p><p><list><entry level="1" type="bullet">person</entry><entry level="2" type="bullet"><link ns0:type="simple" ns0:href="../794/1076794.xml">mesh</link><it><weblink ns0:type="simple" ns0:href="http://www.nlm.nih.gov/cgi/mesh/2007/MB_cgi?mode= term=Persons field=entry#TreeM01" /></it><link ns0:type="simple" ns0:href="../599/219599.xml">person</link></entry></list></p><p><list><entry level="1" type="bullet"><link ns0:type="simple" ns0:href="../925/261925.xml">health care</link></entry><entry level="2" type="bullet"><link ns0:type="simple" ns0:href="../794/1076794.xml">mesh</link><it><weblink ns0:type="simple" ns0:href="http://www.nlm.nih.gov/cgi/mesh/2007/MB_cgi?mode= term=Population+Characteristics field=entry#TreeN01" /></it><link>popul characterist</link></entry><entry level="2" type="bullet"><link ns0:type="simple" ns0:href="../794/1076794.xml">mesh</link><it><weblink ns0:type="simple" ns0:href="http://www.nlm.nih.gov/cgi/mesh/2007/MB_cgi?mode= term=Health+Care+Facilities,+Manpower,+and+Services field=entry#TreeN02" /></it><link ns0:type="simple" ns0:href="../043/19452043.xml">health care facil</link><link ns0:type="simple" ns0:href="../732/557732.xml">manpow</link><link ns0:type="simple" ns0:href="../586/181586.xml">servic</link></entry><entry level="2" type="bullet"><link ns0:type="simple" ns0:href="../794/1076794.xml">mesh</link><it><weblink ns0:type="simple" ns0:href="http://www.nlm.nih.gov/cgi/mesh/2007/MB_cgi?mode= term=Health+Care+Economics+and+Organizations field=entry#TreeN03" /></it><link ns0:type="simple" ns0:href="../753/265753.xml">health care econom</link><link ns0:type="simple" ns0:href="../070/105070.xml">organ</link></entry><entry level="2" type="bullet"><link ns0:type="simple" ns0:href="../794/1076794.xml">mesh</link><it><weblink ns0:type="simple" ns0:href="http://www.nlm.nih.gov/cgi/mesh/2007/MB_cgi?mode= term=Health+Services+Administration field=entry#TreeN04" /></it><link ns0:type="simple" ns0:href="../925/261925.xml">health servic</link><link ns0:type="simple" ns0:href="../886/58886.xml">administr</link></entry><entry level="2" type="bullet"><link ns0:type="simple" ns0:href="../794/1076794.xml">mesh</link><it><weblink ns0:type="simple" ns0:href="http://www.nlm.nih.gov/cgi/mesh/2007/MB_cgi?mode= term=Health+Care+Quality,+Access,+and+Evaluation field=entry#TreeN05" /></it><link ns0:type="simple" ns0:href="../925/261925.xml">health care</link><link ns0:type="simple" ns0:href="../455/12115455.xml">qualiti</link><link ns0:type="simple" ns0:href="../682/40682.xml">access</link><link ns0:type="simple" ns0:href="../433/62433.xml">evalu</link></entry></list></p><p><list><entry level="1" type="bullet"><link ns0:type="simple" ns0:href="../691/226691.xml">public</link>characterist</entry><entry level="2" type="bullet"><link ns0:type="simple" ns0:href="../794/1076794.xml">mesh</link><it><weblink ns0:type="simple" ns0:href="http://www.nlm.nih.gov/cgi/mesh/2007/MB_cgi?mode= term=Publication+Components+(Publication+Type) field=entry#TreeV01" /></it><link>public compon</link>public type</entry><entry level="2" type="bullet"><link ns0:type="simple" ns0:href="../794/1076794.xml">mesh</link><it><weblink ns0:type="simple" ns0:href="http://www.nlm.nih.gov/cgi/mesh/2007/MB_cgi?mode= term=Publication+Formats+(Publication+Type) field=entry#TreeV02" /></it><link>public format</link>public type</entry><entry level="2" type="bullet"><link ns0:type="simple" ns0:href="../794/1076794.xml">mesh</link><it><weblink ns0:type="simple" ns0:href="http://www.nlm.nih.gov/cgi/mesh/2007/MB_cgi?mode= term=Study+Characteristics+(Publication+Type) field=entry#TreeV03" /></it><link>studi characterist</link>public type</entry><entry level="2" type="bullet"><link ns0:type="simple" ns0:href="../794/1076794.xml">mesh</link><it><weblink ns0:type="simple" ns0:href="http://www.nlm.nih.gov/cgi/mesh/2007/MB_cgi?mode= term=Support+of+Research field=entry#TreeV04" /></it>support<link ns0:type="simple" ns0:href="../524/25524.xml" /></entry></list></p><p><list><entry level="1" type="bullet"><link ns0:type="simple" ns0:href="../910/18963910.xml">geograph</link>locat</entry><entry level="2" type="bullet"><link ns0:type="simple" ns0:href="../794/1076794.xml">mesh</link><it><weblink ns0:type="simple" ns0:href="http://www.nlm.nih.gov/cgi/mesh/2007/MB_cgi?mode= term=Geographic+Locations field=entry#TreeZ01" /></it><link ns0:type="simple" ns0:href="../910/18963910.xml">geograph</link>locat</entry></list></p></sec><sec><st /><p><list><entry level="1" type="bullet"><link ns0:type="simple" ns0:href="../892/10525892.xml">medic literatur retriev</link></entry><entry level="1" type="bullet"><link ns0:type="simple" ns0:href="../929/1076929.xml">medic classif</link></entry><entry level="1" type="bullet"><link ns0:type="simple" ns0:href="../719/1850719.xml">control vocabulari</link></entry></list></p></sec><sec><st>extern link</st><p><list><entry level="1" type="bullet"><weblink ns0:type="simple" ns0:href="http://www.nlm.nih.gov/mesh/">medic subject head</weblink>provid nation librari medicin nation institut health</entry><entry level="1" type="bullet"><weblink ns0:type="simple" ns0:href="http://www.ncbi.nlm.nih.gov/entrez/query.fcgi?db=mesh">mesh databas tutori</weblink></entry><entry level="1" type="bullet">brows mesh</entry><entry level="2" type="bullet"><weblink ns0:type="simple" ns0:href="http://www.ncbi.nlm.nih.gov/entrez/query.fcgi?db=mesh">entrez</weblink></entry><entry level="2" type="bullet"><weblink ns0:type="simple" ns0:href="http://www.nlm.nih.gov/mesh/MBrowser.html">mesh browser</weblink></entry><entry level="2" type="bullet"><weblink ns0:type="simple" ns0:href="http://www.curehunter.com/public/dictionary.do">visual mesh browser</weblink>map drugdiseas relationship</entry><entry level="2" type="bullet">gopubm</entry><entry level="2" type="bullet"><weblink ns0:type="simple" ns0:href="http://www.meshine.info/">meshin</weblink></entry><entry level="2" type="bullet"><weblink ns0:type="simple" ns0:href="http://www.reference.md/">referencemd</weblink></entry><entry level="2" type="bullet"><weblink ns0:type="simple" ns0:href="http://www.sharingpoint.net/searchOJ.asp?searchType=thesBrows">share point</weblink></entry><entry level="1" type="bullet"><weblink ns0:type="simple" ns0:href="http://www.nlm.nih.gov/mesh/topsubscope2008.html">list qualifi</weblink></entry></list></p></sec></bdy></entity></article>