<article xmlns:ns0="http://www.w3.org/1999/xlink"><header><title>wireless sensor network</title><id /><revision><id /><timestamp>tz</timestamp><contributor><username>bodhisattvabot</username><id /></contributor></revision><categories><category>wireless sensor network</category><category>wikipedia laundri list cleanup</category><category>cleanup januari</category></categories></header><bdy>wsn redirect sport websit<link>wsncom</link>wsn redirect metasyntax<language wordnetid="106282651" confidence="0.8"><link ns0:type="simple" ns0:href="../414/8611414.xml">wirth syntax notat</link></language><p><table class="metadata plainlinks ambox "><row><col>amboxstyl style</col></row><row><col class="mbox-image"><p><image width="50px" src="Text-x-generic.svg" /></p></col><col style="" class="mbox-text"><b>articl requir</b>meet wikipedia wikipedia style guidelinesstyl guidelin help<weblink ns0:type="simple" ns0:href="http://localhost:18088/wiki/index.php?title=Wireless_sensor_network action=edit">improv articl</weblink>remov item notabl help list incorpor appropri item main bodi articl discuss issu<it>januari</it></col></row></table><image width="400px" src="WSN.svg" type="thumb"><caption>typic multihop wireless sensor network architectur</caption></image><b>wireless sensor network</b>wsn<link ns0:type="simple" ns0:href="../172/33172.xml">wireless network</link>consist spatial distribut<link ns0:type="simple" ns0:href="../145/191145.xml">autonom</link>devic<link ns0:type="simple" ns0:href="../757/235757.xml">sensor</link>cooper monitor physic environment condit<link ns0:type="simple" ns0:href="../300/19572300.xml">temperatur</link><link ns0:type="simple" ns0:href="../087/18994087.xml">sound</link><link ns0:type="simple" ns0:href="../522/22522.xml">vibrat</link><link ns0:type="simple" ns0:href="../619/23619.xml">pressur</link>motion pollut locat<ref ns0:type="simple" ns0:href="#xpointer(//reflist/entry[@id=%221%22])" /><ref ns0:type="simple" ns0:href="#xpointer(//reflist/entry[@id=%222%22])" />develop wireless sensor network origin motiv militari applic battlefield surveil wireless sensor network civilian applic area includ environ habitat monitor healthcar applic<link ns0:type="simple" ns0:href="../978/184978.xml">autom</link>traffic control<ref ns0:type="simple" ns0:href="#xpointer(//reflist/entry[@id=%221%22])" /><ref ns0:type="simple" ns0:href="#xpointer(//reflist/entry[@id=%223%22])" /></p><p>addit sensor node sensor network typic equip<link ns0:type="simple" ns0:href="../428/15368428.xml">radio</link><link ns0:type="simple" ns0:href="../805/41805.xml">transceiv</link>wireless commun devic small<link ns0:type="simple" ns0:href="../017/21017.xml">microcontrol</link>energi sourc<link ns0:type="simple" ns0:href="../720/19174720.xml">batteri</link>envisag size singl<link ns0:type="simple" ns0:href="../952/11711952.xml">sensor node</link>vari shoeboxs node devic size grain dust<ref ns0:type="simple" ns0:href="#xpointer(//reflist/entry[@id=%221%22])" />function mote genuin microscop dimens creat cost sensor node variabl rang hundr dollar cent depend size sensor network complex requir individu sensor node<ref ns0:type="simple" ns0:href="#xpointer(//reflist/entry[@id=%221%22])" />size cost constraint sensor node result correspond constraint resourc energi memori comput speed bandwidth<ref ns0:type="simple" ns0:href="#xpointer(//reflist/entry[@id=%221%22])" /></p><p>sensor network constitut<link ns0:type="simple" ns0:href="../928/6624928.xml">wireless adhoc network</link>mean sensor support multi<link ns0:type="simple" ns0:href="../184/55184.xml">hop</link>rout algorithm node forward data packet base station</p><p><link ns0:type="simple" ns0:href="../323/5323.xml">comput scienc</link><link ns0:type="simple" ns0:href="../322/30322.xml">telecommun</link>wireless sensor network activ area numer workshop confer arrang year</p><sec><st>applic</st><p>applic wsn vari typic involv kind monitor track control specif applic wsn includ habitat monitor object track nuclear reactor control fire detect traffic monitor typic applic wsn scatter region meant collect data sensor node</p><ss1><st>area monitor</st><p>area monitor common applic wsn area monitor wsn deploy region phenomenon monitor exampl larg quantiti sensor node deploy battlefield detect enemi intrus<it><link ns0:type="simple" ns0:href="../172/18172.xml">landmin</link></it><weblink ns0:type="simple" ns0:href="http://www.scienceblog.com/community/older/2001/C/200113355.html">httpwwwscienceblogcomcommunityolderchtml</weblink>sensor detect event monitor heat pressur sound light electromagnet field vibrat event report base station appropri action send messag internet satellit depend exact applic object function will requir datapropag strategi depend thing<it>realtim</it>respons<it>redund</it>data tackl<it>data aggreg</it>techniqu<it>secur</it></p></ss1><ss1><st>environment monitor</st><p>number wsn deploy context environment monitor short live prototyp natur project longliv deploy monitor permafrost swiss alp</p></ss1></sec><sec><st>characterist</st><p>uniqu characterist wsn includ</p><p><list><entry level="1" type="bullet">limit power harvest store</entry><entry level="1" type="bullet">abil withstand harsh environment condit</entry><entry level="1" type="bullet">abil cope node failur</entry><entry level="1" type="bullet">mobil node</entry><entry level="1" type="bullet">dynam network topolog</entry><entry level="1" type="bullet">commun failur</entry><entry level="1" type="bullet">heterogen node</entry><entry level="1" type="bullet">larg scale deploy</entry><entry level="1" type="bullet">unattend oper</entry></list></p><p>sensor node imagin small comput extrem basic term interfac compon consist<it>process unit</it>limit comput power limit memori<it>sensor</it>includ specif condit circuitri<it>commun devic</it>radio transceiv altern<link ns0:type="simple" ns0:href="../367/669367.xml">optic</link>power sourc form batteri inclus<link ns0:type="simple" ns0:href="../812/1406812.xml">energi harvest</link>modul secondari<arrangement wordnetid="107938773" confidence="0.8"><group wordnetid="100031264" confidence="0.8"><array wordnetid="107939382" confidence="0.8"><link ns0:type="simple" ns0:href="../845/147845.xml">asic</link></array></group></arrangement>secondari commun devic<link ns0:type="simple" ns0:href="../023/26023.xml">rs</link><bus wordnetid="102924116" confidence="0.9508927676800064"><link ns0:type="simple" ns0:href="../073/32073.xml">usb</link></bus></p><p>base station distinguish compon wsn comput energi commun resourc gateway sensor node user</p></sec><sec><st>platform</st><ss2><st>standard</st><p>standard current ratifi develop wireless sensor network<system wordnetid="108435388" confidence="0.8"><group wordnetid="100031264" confidence="0.8"><network wordnetid="108434259" confidence="0.8"><link ns0:type="simple" ns0:href="../337/195337.xml">zigbe</link></network></group></system>meshnetwork standard intend embed sens medic data collect consum devic televis remot control autom zigbe promot larg consortium industri player<link>wirelesshart</link>extens<protocol wordnetid="106665108" confidence="0.9508927676800064"><link ns0:type="simple" ns0:href="../410/2650410.xml">hart protocol</link></protocol>design industri applic process monitor control wirelesshart hart protocol suit hart specif approv hart commun foundat june<ref ns0:type="simple" ns0:href="#xpointer(//reflist/entry[@id=%224%22])" /><link ns0:type="simple" ns0:href="../325/5716325.xml">lowpan</link><ref ns0:type="simple" ns0:href="#xpointer(//reflist/entry[@id=%225%22])" />propos standard network layer isa standard develop includ wsn isa schedul complet wirelesshart isa zigbe base underli radio standard ieee</p></ss2><ss1><st>hardwar</st><p><indent level="1"><it>main articl<link ns0:type="simple" ns0:href="../952/11711952.xml">sensor node</link></it></indent>main challeng produc<it>low cost</it><it>tini</it>sensor node respect object current sensor node prototyp miniatur low cost understood follow futur progress field<link ns0:type="simple" ns0:href="../638/19638.xml">mem</link><link ns0:type="simple" ns0:href="../385/908385.xml">nem</link>exist sensor node node stage</p><p>overview commonli sensor network platform compon technolog topic<weblink ns0:type="simple" ns0:href="http://www.btnode.ethz.ch/Projects/SensorNetworkMuseum">snm sensor network museumtm</weblink></p></ss1><ss1><st>softwar</st><p>energi scarcest resourc wsn node determin lifetim wsn wsn meant deploy larg number environ includ remot hostil region adhoc commun key reason algorithm protocol address issu<list><entry level="1" type="bullet">lifetim maxim</entry><entry level="1" type="bullet">robust fault toler</entry><entry level="1" type="bullet">selfconfigur</entry></list></p><p>hot topic wsn softwar<list><entry level="1" type="bullet">secur</entry><entry level="1" type="bullet">mobil sensor node base station move</entry><entry level="1" type="bullet">middlewar design middlelevel primit softwar hardwar</entry></list></p><ss2><st>oper system</st><p><link ns0:type="simple" ns0:href="../194/22194.xml">oper system</link>wireless sensor network node typic complex generalpurpos oper system special requir sensor network applic resourc constraint sensor network hardwar platform exampl sensor network applic interact applic pc oper system includ support user interfac resourc constraint term memori memori map hardwar support mechan virtual memori unnecessari imposs implement</p><p>wireless sensor network hardwar tradit embed system embed oper system<link ns0:type="simple" ns0:href="../225/432225.xml">eco</link><link ns0:type="simple" ns0:href="../138/1350138.xml">uco</link>sensor network oper system design realtim properti tradit embed oper system oper system target sensor network realtim support</p><p><O wordnetid="106832680" confidence="0.9508927676800064"><link ns0:type="simple" ns0:href="../369/669369.xml">tinyo</link></O><ref ns0:type="simple" ns0:href="#xpointer(//reflist/entry[@id=%226%22])" />oper system design wireless sensor network oper system tinyo base<link ns0:type="simple" ns0:href="../599/62599.xml">eventdriven program</link>model<link ns0:type="simple" ns0:href="../679/10520679.xml">multithread</link>tinyo program compos<it>event handler</it><it>task</it>completionsemant extern event occur incom data packet sensor read tinyo call appropri event handler handl event event handler post task schedul tinyo kernel time tinyo system program written tinyo written special program languag call<link ns0:type="simple" ns0:href="../634/1000634.xml">nesc</link>extens<programming_language wordnetid="106898352" confidence="0.9508927676800064"><link ns0:type="simple" ns0:href="../021/6021.xml">program languag</link></programming_language>nesc design detect<link ns0:type="simple" ns0:href="../661/98661.xml">race condit</link>task event handler</p><p>oper system allow program exampl oper system includ<software wordnetid="106566077" confidence="0.8"><application wordnetid="106570110" confidence="0.8"><program wordnetid="106568978" confidence="0.8"><browser wordnetid="106571301" confidence="0.8"><written_communication wordnetid="106349220" confidence="0.8"><writing wordnetid="106359877" confidence="0.8"><code wordnetid="106355894" confidence="0.8"><coding_system wordnetid="106353757" confidence="0.8"><link ns0:type="simple" ns0:href="../237/849237.xml">contiki</link></coding_system></code></writing></written_communication></browser></program></application></software><ref ns0:type="simple" ns0:href="#xpointer(//reflist/entry[@id=%227%22])" />manti<ref ns0:type="simple" ns0:href="#xpointer(//reflist/entry[@id=%228%22])" />btnut<ref ns0:type="simple" ns0:href="#xpointer(//reflist/entry[@id=%229%22])" />so<ref ns0:type="simple" ns0:href="#xpointer(//reflist/entry[@id=%2210%22])" />nanork<ref ns0:type="simple" ns0:href="#xpointer(//reflist/entry[@id=%2211%22])" /><software wordnetid="106566077" confidence="0.8"><application wordnetid="106570110" confidence="0.8"><program wordnetid="106568978" confidence="0.8"><browser wordnetid="106571301" confidence="0.8"><written_communication wordnetid="106349220" confidence="0.8"><writing wordnetid="106359877" confidence="0.8"><code wordnetid="106355894" confidence="0.8"><coding_system wordnetid="106353757" confidence="0.8"><link ns0:type="simple" ns0:href="../237/849237.xml">contiki</link></coding_system></code></writing></written_communication></browser></program></application></software>design support load modul network support runtim load standard<link ns0:type="simple" ns0:href="../914/9914.xml">elf</link>file<ref ns0:type="simple" ns0:href="#xpointer(//reflist/entry[@id=%2212%22])" />contiki kernel eventdriven tinyo system support multithread perappl basi<ref ns0:type="simple" ns0:href="#xpointer(//reflist/entry[@id=%2213%22])" />contiki includ<link ns0:type="simple" ns0:href="../187/2853187.xml">protothread</link>provid threadlik program abstract small memori overhead<ref ns0:type="simple" ns0:href="#xpointer(//reflist/entry[@id=%2214%22])" />eventdriven contiki kernel manti nanork kernel base preemptiv multithread<ref ns0:type="simple" ns0:href="#xpointer(//reflist/entry[@id=%2215%22])" /><ref ns0:type="simple" ns0:href="#xpointer(//reflist/entry[@id=%2216%22])" />preemptiv multithread applic explicitli yield microprocessor process kernel divid time activ process decid process current applic program easier nanork realtim resourc kernel allow fine grain control task access cpu time network sensor tinyo contiki so eventdriven oper system<ref ns0:type="simple" ns0:href="#xpointer(//reflist/entry[@id=%2217%22])" />prime featur so support loadabl modul complet system built smaller modul runtim support inher dynam modul interfac so focus support dynam memori manag<ref ns0:type="simple" ns0:href="#xpointer(//reflist/entry[@id=%2218%22])" /><link>btnut</link><ref ns0:type="simple" ns0:href="#xpointer(//reflist/entry[@id=%2219%22])" />base cooper multithread plain code packag develop kit tutori<ref ns0:type="simple" ns0:href="#xpointer(//reflist/entry[@id=%2220%22])" /></p></ss2><ss2><st>middlewar</st><p>consider effort current invest design<link ns0:type="simple" ns0:href="../183/57183.xml">middlewar</link>wsn<ref ns0:type="simple" ns0:href="#xpointer(//reflist/entry[@id=%223%22])" />gener approach classifi distribut databas mobil agent eventbas<ref ns0:type="simple" ns0:href="#xpointer(//reflist/entry[@id=%2221%22])" /></p></ss2><ss2><st>program languag</st><p>program sensor node difficult compar normal comput system resourc constrain natur node rise program model node current program<list><entry level="1" type="bullet">ct comput point space time</entry><entry level="1" type="bullet">dcl distribut composit languag</entry><entry level="1" type="bullet">galsc</entry><entry level="1" type="bullet"><link ns0:type="simple" ns0:href="../634/1000634.xml">nesc</link></entry><entry level="1" type="bullet"><link ns0:type="simple" ns0:href="../187/2853187.xml">protothread</link></entry><entry level="1" type="bullet">snack</entry><entry level="1" type="bullet">snappi python<weblink ns0:type="simple" ns0:href="http://www.synapse-wireless.com/">synaps</weblink></entry><entry level="1" type="bullet">sqtl</entry><entry level="1" type="bullet">java<weblink ns0:type="simple" ns0:href="http://www.sentilla.com/">sentilla</weblink><substance wordnetid="100019613" confidence="0.8"><part wordnetid="113809207" confidence="0.8"><material wordnetid="114580897" confidence="0.8"><link ns0:type="simple" ns0:href="../537/4406537.xml">sun spot</link></material></part></substance></entry></list></p></ss2><ss2><st>algorithm</st><p>wsn compos larg number sensor node algorithm wsn implicitli<it><link ns0:type="simple" ns0:href="../202/3367202.xml">distribut algorithm</link></it>wsn scarcest resourc energi energyexpens oper data transmiss reason algorithm wsn focus studi design<it>energi awar</it>algorithm data transmiss sensor node base station data transmiss multihop node node base station polynomi growth energycost radio transmiss respect transmiss distanc</p><p>algorithm approach wsn differenti<it>protocol</it>approach fact mathemat model abstract gener realist model protocol design</p></ss2></ss1></sec><sec><st>simul</st><p>platform design simul wireless sensor network<link ns0:type="simple" ns0:href="../369/669369.xml">tossim</link><O wordnetid="106832680" confidence="0.9508927676800064"><link ns0:type="simple" ns0:href="../369/669369.xml">tinyo</link></O>tradit network simul<link ns0:type="simple" ns0:href="../379/5868379.xml">ns</link>platform independ compon base simul wireless sensor network framework<b>jsim</b>wwwjsimorg extens list simul tool wireless sensor network<weblink ns0:type="simple" ns0:href="http://mobilesummit2006.telecom.ece.ntua.gr/cruise/Public%20documents/wp123-wsn-simulation-tool-knowledgebase/">cruis wsn simul tool knowledgebas</weblink></p></sec><sec><st>data visual</st><p>data gather wireless sensor network save form numer data central base station program octopu<weblink ns0:type="simple" ns0:href="http://csserver.ucd.ie/~rjurdak/Octopus.htm">httpcsserverucdierjurdakoctopushtm</weblink>spyglass<weblink ns0:type="simple" ns0:href="http://sourceforge.net/projects/itm-spyglass">httpsourceforgenetprojectsitmspyglass</weblink>tosgui<weblink ns0:type="simple" ns0:href="http://www.cogentcomputing.org">sensor</weblink><weblink ns0:type="simple" ns0:href="http://whale.fe.up.pt/wsnwiki/index.php/MonSense">monsens</weblink><weblink ns0:type="simple" ns0:href="http://gsn.sourceforge.net">gsn</weblink>facilit view larg amount data addit open geospati consortium ogc standard interoper interfac metadata encod enabl real time integr heterogen sensor web internet allow individu monitor control wireless sensor network web browser</p></sec><sec><st>confer</st><p><list><entry level="1" type="bullet"><weblink ns0:type="simple" ns0:href="http://www.cts-comsoc-sp.org/whns/">ieee wireless hive network symposium</weblink></entry><entry level="1" type="bullet"><social_group wordnetid="107950920" confidence="0.8"><meeting wordnetid="108307589" confidence="0.8"><gathering wordnetid="107975026" confidence="0.8"><group wordnetid="100031264" confidence="0.8"><conference wordnetid="108308497" confidence="0.8"><link ns0:type="simple" ns0:href="../255/5963255.xml">sensi</link></conference></group></gathering></meeting></social_group><organization wordnetid="108008335" confidence="0.9508927676800064"><link ns0:type="simple" ns0:href="../ury/30th_century.xml">acm</link></organization>confer embed network sensor system</entry><entry level="1" type="bullet"><social_group wordnetid="107950920" confidence="0.8"><meeting wordnetid="108307589" confidence="0.8"><gathering wordnetid="107975026" confidence="0.8"><group wordnetid="100031264" confidence="0.8"><conference wordnetid="108308497" confidence="0.8"><link ns0:type="simple" ns0:href="../779/5977779.xml">ipsn</link></conference></group></gathering></meeting></social_group><organization wordnetid="108008335" confidence="0.9508927676800064"><link ns0:type="simple" ns0:href="../ury/30th_century.xml">acm</link></organization><link ns0:type="simple" ns0:href="../938/56938.xml">ieee</link>intern confer process sensor network</entry><entry level="1" type="bullet"><social_group wordnetid="107950920" confidence="0.8"><meeting wordnetid="108307589" confidence="0.8"><gathering wordnetid="107975026" confidence="0.8"><group wordnetid="100031264" confidence="0.8"><conference wordnetid="108308497" confidence="0.8"><link ns0:type="simple" ns0:href="../751/5962751.xml">ewsn</link></conference></group></gathering></meeting></social_group>european confer wireless sensor network</entry><entry level="1" type="bullet"><diversion wordnetid="100426928" confidence="0.8"><event wordnetid="100029378" confidence="0.8"><show wordnetid="100520257" confidence="0.8"><act wordnetid="100030358" confidence="0.8"><psychological_feature wordnetid="100023100" confidence="0.8"><entertainment wordnetid="100429048" confidence="0.8"><activity wordnetid="100407535" confidence="0.8"><link>secon</link></activity></entertainment></psychological_feature></act></show></event></diversion><link ns0:type="simple" ns0:href="../938/56938.xml">ieee</link>commun societi confer sensor ad hoc commun network</entry><entry level="1" type="bullet"><weblink ns0:type="simple" ns0:href="http://www.inss-conf.org/">intern confer network sens system</weblink></entry><entry level="1" type="bullet"><weblink ns0:type="simple" ns0:href="http://www.dcoss.org">dcoss</weblink></entry><entry level="1" type="bullet"><weblink ns0:type="simple" ns0:href="http://algosensors2007.im.pwr.wroc.pl/html/index.php">algosensor</weblink></entry><entry level="1" type="bullet"><weblink ns0:type="simple" ns0:href="http://www.cse.psu.edu/IEEEMASS08/">mass mobil adhoc sensor system</weblink></entry><entry level="1" type="bullet"><weblink ns0:type="simple" ns0:href="http://www.cs.ucc.ie/~tod6/emnets2007/">emnet</weblink></entry><entry level="1" type="bullet"><weblink ns0:type="simple" ns0:href="http://www.iaria.org/conferences2008/SENSORCOMM08.html">sensorcomm</weblink></entry><entry level="1" type="bullet"><weblink ns0:type="simple" ns0:href="http://www.nanonets.org/">intern confer nanonetwork</weblink></entry><entry level="1" type="bullet"><weblink ns0:type="simple" ns0:href="http://www.agu.org/meetings/fm08/index.php/Program/SessionSearch/?show=detail sessid=285">american geophys union environment sensor network</weblink></entry></list></p></sec><sec><st /><p><list><entry level="1" type="bullet"><system wordnetid="104377057" confidence="0.8"><artifact wordnetid="100021939" confidence="0.8"><instrumentality wordnetid="103575240" confidence="0.8"><link ns0:type="simple" ns0:href="../952/11711952.xml">sensor node</link></instrumentality></artifact></system></entry><entry level="1" type="bullet"><link ns0:type="simple" ns0:href="../687/912687.xml">mesh network</link></entry><entry level="1" type="bullet"><link ns0:type="simple" ns0:href="../569/142569.xml">mobil adhoc network</link>manet</entry><entry level="1" type="bullet"><link ns0:type="simple" ns0:href="../458/1168458.xml">neurfon</link></entry><entry level="1" type="bullet"><substance wordnetid="100019613" confidence="0.8"><part wordnetid="113809207" confidence="0.8"><material wordnetid="114580897" confidence="0.8"><link ns0:type="simple" ns0:href="../367/669367.xml">smartdust</link></material></part></substance></entry><entry level="1" type="bullet"><system wordnetid="104377057" confidence="0.8"><artifact wordnetid="100021939" confidence="0.8"><instrumentality wordnetid="103575240" confidence="0.8"><link ns0:type="simple" ns0:href="../209/1724209.xml">sensor web</link></instrumentality></artifact></system></entry><entry level="1" type="bullet"><link ns0:type="simple" ns0:href="../837/8088837.xml">tsmp</link></entry><entry level="1" type="bullet"><software wordnetid="106566077" confidence="0.8"><application wordnetid="106570110" confidence="0.8"><program wordnetid="106568978" confidence="0.8"><written_communication wordnetid="106349220" confidence="0.8"><writing wordnetid="106359877" confidence="0.8"><code wordnetid="106355894" confidence="0.8"><coding_system wordnetid="106353757" confidence="0.8"><link ns0:type="simple" ns0:href="../064/8454064.xml">visual sensor network</link></coding_system></code></writing></written_communication></program></application></software></entry><entry level="1" type="bullet"><link ns0:type="simple" ns0:href="../413/10889413.xml">key distribut wireless sensor network</link></entry><entry level="1" type="bullet"><company wordnetid="108058098" confidence="0.8"><institution wordnetid="108053576" confidence="0.8"><link ns0:type="simple" ns0:href="../997/2526997.xml">enocean</link></institution></company></entry><entry level="1" type="bullet"><substance wordnetid="100019613" confidence="0.8"><part wordnetid="113809207" confidence="0.8"><material wordnetid="114580897" confidence="0.8"><link ns0:type="simple" ns0:href="../537/4406537.xml">sun spot</link></material></part></substance></entry><entry level="1" type="bullet"><link ns0:type="simple" ns0:href="../256/46256.xml">telemetri</link></entry><entry level="1" type="bullet"><link ns0:type="simple" ns0:href="../996/17198996.xml">locat estim sensor network</link></entry><entry level="1" type="bullet"><company wordnetid="108058098" confidence="0.9508927676800064"><link ns0:type="simple" ns0:href="../517/18561517.xml">dust network</link></company></entry></list></p></sec><sec><st>refer</st><p><reflist><entry id="1"><cite style="font-style:normal">rmer kay<physical_entity wordnetid="100001930" confidence="0.8"><person wordnetid="100007846" confidence="0.8"><causal_agent wordnetid="100007347" confidence="0.8"><scientist wordnetid="110560637" confidence="0.8"><link ns0:type="simple" ns0:href="../291/15451291.xml">friedemann mattern</link></scientist></causal_agent></person></physical_entity>decemb<weblink ns0:type="simple" ns0:href="http://www.vs.inf.ethz.ch/publ/papers/wsn-designspace.pdf">design space wireless sensor network</weblink><it><work wordnetid="104599396" confidence="0.8"><product wordnetid="104007894" confidence="0.8"><creation wordnetid="103129123" confidence="0.8"><artifact wordnetid="100021939" confidence="0.8"><periodical wordnetid="106593296" confidence="0.8"><publication wordnetid="106589574" confidence="0.8"><link ns0:type="simple" ns0:href="../204/12930204.xml">ieee wireless commun</link></publication></periodical></artifact></creation></product></work></it><b /><document wordnetid="106470073" confidence="0.8"><written_communication wordnetid="106349220" confidence="0.8"><writing wordnetid="106362953" confidence="0.8"><link ns0:type="simple" ns0:href="../994/422994.xml">doi</link></writing></written_communication></document><weblink ns0:type="simple" ns0:href="http://dx.doi.org/10.1109%2FMWC.2004.1368897">mwc</weblink></cite></entry><entry id="2">thoma haenselmann<it><weblink ns0:type="simple" ns0:href="http://www.informatik.uni-mannheim.de/~haensel/sn_book">sensornetwork</weblink></it>gfdl wireless sensor network textbook retriev<link /></entry><entry id="3"><cite style="font-style:normal">hadim salem nader moham<weblink ns0:type="simple" ns0:href="http://dsonline.computer.org/portal/pages/dsonline/2006/03/o3001.html">middlewar challeng approach wireless sensor network</weblink><it>ieee distribut system onlin</it><b /><document wordnetid="106470073" confidence="0.8"><written_communication wordnetid="106349220" confidence="0.8"><writing wordnetid="106362953" confidence="0.8"><link ns0:type="simple" ns0:href="../994/422994.xml">doi</link></writing></written_communication></document><weblink ns0:type="simple" ns0:href="http://dx.doi.org/10.1109%2FMDSO.2006.19">mdso</weblink></cite>art</entry><entry id="4"><weblink ns0:type="simple" ns0:href="http://www.hartcomm2.org/hcf/press/pr2007/hart7released.html">wirelesshart standard approv releas</weblink></entry><entry id="5"><weblink ns0:type="simple" ns0:href="http://tools.ietf.org/html/rfc4944">rfc transmiss ipv packet ieee network</weblink></entry><entry id="6"><weblink ns0:type="simple" ns0:href="http://www.tinyos.net/">tinyo commun forum opensourc os network sensor regim</weblink></entry><entry id="7"><weblink ns0:type="simple" ns0:href="http://www.sics.se/contiki/">contiki oper system</weblink></entry><entry id="8"><weblink ns0:type="simple" ns0:href="http://mantis.cs.colorado.edu/tikiwiki/tiki-index.php">manti homepag</weblink></entry><entry id="9"><weblink ns0:type="simple" ns0:href="http://www.btnode.ethz.ch">btnode distribut environ prototyp ad hoc network main overview brows</weblink></entry><entry id="10"><weblink ns0:type="simple" ns0:href="http://nesl.ee.ucla.edu/projects/sos-1.x/">automat redirect so websit</weblink></entry><entry id="11"><weblink ns0:type="simple" ns0:href="http://www.nanork.org/nano-RK">nanork trac</weblink></entry><entry id="12">adam dunkel nicla finn joakim eriksson thiemo voigt<weblink ns0:type="simple" ns0:href="http://www.sics.se/~adam/dunkels06runtime.pdf">runtim dynam link reprogram wireless sensor network</weblink>proceed fourth acm confer embed network sensor system sensi boulder colorado usa novemb</entry><entry id="13">adam dunkel bjrn grnvall thiemo voigt<weblink ns0:type="simple" ns0:href="http://www.sics.se/~adam/dunkels04contiki.pdf">contiki lightweight flexibl oper system tini network sensor</weblink>proceed ieee workshop embed network sensor ieee emnetsi tampa florida usa novemb</entry><entry id="14">adam dunkel oliv schmidt thiemo voigt muneeb ali<weblink ns0:type="simple" ns0:href="http://www.sics.se/~adam/dunkels06protothreads.pdf">protothread simplifi eventdriven program memoryconstrain embed system</weblink>proceed fourth acm confer embed network sensor system sensi boulder colorado usa novemb</entry><entry id="15">bhatti carlson dai deng rose sheth shucker gruenwald torgerson han<weblink ns0:type="simple" ns0:href="http://www.cs.colorado.edu/~rhan/Papers/MANTIS-MONET.external.pdf">manti os embed multithread oper system wireless micro sensor platform</weblink>acmkluw mobil network applic monet special issu wireless sensor network august</entry><entry id="17">chihchieh han ram kumar rengaswami roy shea eddi kohler mani srivastava httpsprojectsnesluclaedupublicsosxdocpublicationssos_mobisys_pdf so dynam oper system sensor network proceed third intern confer mobil system applic servic mobisi</entry><entry id="16">eswaran row rajkumar<weblink ns0:type="simple" ns0:href="http://www.andrew.cmu.edu/~agr/pubpg/nanoRK_rtss_05.pdf">nanork energyawar resourcecentr oper system sensor network</weblink>ieee realtim system symposium decemb</entry><entry id="19"><weblink ns0:type="simple" ns0:href="http://www.btnode.ethz.ch">btnode distribut environ prototyp ad hoc network</weblink></entry><entry id="18">han kumar shea kohler srivastava dynam oper system sensor node proceed intern confer mobil system applic servic seattl washington june mobisi acm press york ny</entry><entry id="21"><cite style="font-style:normal">rmer kay februari<weblink ns0:type="simple" ns0:href="http://www.vs.inf.ethz.ch/publ/papers/middleware-kuvs.pdf">program paradigm middlewar sensor network</weblink><it>giitg fachgesprch sensornetz karlsruh</it></cite></entry><entry id="20"><weblink ns0:type="simple" ns0:href="http://www.btnode.ethz.ch/Documentation/Tutorials">btnode program introduct btnut applic</weblink></entry></reflist></p></sec><sec><st>read</st><p><list><entry level="1" type="bullet"><weblink ns0:type="simple" ns0:href="http://ceng.usc.edu/%7Eanrg/SensorNetBib.html">sensornetbib</weblink>onlin wireless sensor network bibliographi organ subject link technic paper</entry><entry level="1" type="bullet"><it>wireless sensor network</it>cauligi raghavendra editor krishna sivalingam editor<link ns0:type="simple" ns0:href="../400/11221400.xml">taieb znati</link></entry><entry level="1" type="bullet"><it>wireless sensor network architectur protocol</it>edgar callaway jr crc press august isbn</entry><entry level="1" type="bullet"><weblink ns0:type="simple" ns0:href="http://research.microsoft.com/%7Ezhao/wsnbook.html"><it>wireless sensor network process approach</it></weblink>feng zhao leonida guiba morgan kaufmann isbn</entry><entry level="1" type="bullet"><it>handbook sensor network algorithm architectur</it>edit ivan stojmenov wileyintersci</entry><entry level="1" type="bullet"><it>wireless sensor network system perspect</it><link>nirupama bulusu</link>sanjay jha artech hous publish juli isbn</entry><entry level="1" type="bullet"><it>protocol architectur wireless sensor network</it>holger karl andrea willig isbn januari</entry><entry level="1" type="bullet"><weblink ns0:type="simple" ns0:href="http://www.selforg.org/"><it>selforgan sensor actor network</it></weblink>falko dressler wiley son isbn</entry><entry level="1" type="bullet"><it>adhoc sensor network theori applic</it>carlo de morai cordeiro philip north america usa dharma prakash agraw univers cincinnati usa march</entry><entry level="1" type="bullet"><it>network wireless sensor</it>bhaskar krishnamachari univers southern california isbn isbn</entry><entry level="1" type="bullet"><it>energi scaveng wireless sensor network special focu vibrat</it>shad roundi paul kenneth wright jan rabaey kluwer academ publish<link ns0:type="simple" ns0:href="../787/15787.xml">januari</link><link ns0:type="simple" ns0:href="../524/35524.xml" />isbn</entry><entry level="1" type="bullet"><it>distribut sensor network iyengar brook chapman hallcrc<link ns0:type="simple" ns0:href="../571/22571.xml">octob</link><link ns0:type="simple" ns0:href="../524/35524.xml" />isbn</it></entry><entry level="1" type="bullet"><it>handbook sensor network compact wireless wire sens system</it>mohammad ilya imad mahgoub crc press<link ns0:type="simple" ns0:href="../947/15947.xml">juli</link><link ns0:type="simple" ns0:href="../524/35524.xml" />isbn</entry><entry level="1" type="bullet"><it>algorithm aspect wireless sensor network</it>lectur note comput scienc sotiri nikoletsea jose rolim springerverlag<link ns0:type="simple" ns0:href="../843/27843.xml">septemb</link><link ns0:type="simple" ns0:href="../524/35524.xml" />isbn</entry><entry level="1" type="bullet"><it>mobil wireless sensor network technolog applic futur direct</it>rajeev shorey ananda mun choon chan wei tsang ooi isbn march</entry><entry level="1" type="bullet"><weblink ns0:type="simple" ns0:href="http://www.informatik.uni-mannheim.de/~haensel/sn_book"><it>sensornetwork</it></weblink>thoma haenselmann gfdl wireless sensor network textbook</entry><entry level="1" type="bullet"><weblink ns0:type="simple" ns0:href="http://csdl2.computer.org/comp/mags/co/2004/08/r8041.pdf"><it>overview wireless sensor network</it></weblink>david culler deborah estrin mani srivastava ieee comput special issu sensor network august</entry><entry level="1" type="bullet"><weblink ns0:type="simple" ns0:href="http://jit.ndhu.edu.tw/jitcontent2.php?getserial=342"><it>vip bridg lead ubiquit sensor network gener</it></weblink>lei shu jinsung cho zhang lin manfr hauswirth journal internet technolog special issu ipvbas mobilemultimedia applic<time_off wordnetid="115118453" confidence="0.8"><fundamental_quantity wordnetid="113575869" confidence="0.8"><time_period wordnetid="115113229" confidence="0.8"><vacation wordnetid="115137890" confidence="0.8"><leisure wordnetid="115137676" confidence="0.8"><link ns0:type="simple" ns0:href="../088/16088.xml">juli</link></leisure></vacation></time_period></fundamental_quantity></time_off><link ns0:type="simple" ns0:href="../165/36165.xml" /></entry><entry level="1" type="bullet"><it>tinyosbas ad hoc wireless sensor network</it>rainer matischek vdm<weblink ns0:type="simple" ns0:href="http://www.google.com/search?hl=en lr= q=ISBN+3639039866 btnG=Search">isbn</weblink></entry></list></p><ss1><st>journal</st><p><list><entry level="1" type="bullet"><it>acm transact sensor network<weblink ns0:type="simple" ns0:href="http://www.acm.org/tosn">httpwwwacmorgtosn</weblink></it></entry><entry level="1" type="bullet"><it>intern journal distribut sensor network<weblink ns0:type="simple" ns0:href="http://www.tandf.co.uk/journals/titles/15501329.asp">httpwwwtandfcoukjournalstitlesasp</weblink></it></entry></list></p></ss1></sec><sec><st>extern link</st><p><list><entry level="1" type="bullet"><weblink ns0:type="simple" ns0:href="http://www.btnode.ethz.ch/Projects/SensorNetworkMuseum">sensor network museumtm</weblink></entry><entry level="1" type="bullet"><weblink ns0:type="simple" ns0:href="http://www.wisig.org/">wireless sens interest group</weblink>ukbas interest group wireless sens sensor network</entry><entry level="1" type="bullet"><weblink ns0:type="simple" ns0:href="http://www.ulb.ac.be/di/labo/index.html">brussel wsn lab</weblink>wireless sensor network univers brussel</entry><entry level="1" type="bullet"><weblink ns0:type="simple" ns0:href="http://crisp.ece.cornell.edu/">crisp</weblink>wireless sensor network group cornel univers</entry><entry level="1" type="bullet"><weblink ns0:type="simple" ns0:href="http://wsn.oversigma.com/wiki/index.php/Main_Page">wsn wiki</weblink>materi remov gener audienc orient</entry><entry level="1" type="bullet"><weblink ns0:type="simple" ns0:href="http://www.daintree.net/resources/index.php">wsn resourc</weblink>wsn zigbe resourc includ white paper glossari</entry><entry level="1" type="bullet"><weblink ns0:type="simple" ns0:href="http://dssg.cs.umb.edu/wiki/index.php/BiSNET">bisnet</weblink>biologicallyinspir architectur sensor network</entry><entry level="1" type="bullet"><weblink ns0:type="simple" ns0:href="http://dssg.cs.umb.edu/wiki/index.php/BiSNET/e">bisnet</weblink>cognit sensor network architectur evolutionari multiobject optim</entry></list></p><p><table align="center" class="wikitable"><row><header colspan="7" style="background:#ffdead;">topic wireless sensor network</header></row><row><header colspan="4">softwar</header><header rowspan="2">hardwar</header><header rowspan="2">conferencesjourn</header><header rowspan="2">standard</header></row><row><col><link ns0:type="simple" ns0:href="../194/22194.xml">oper system</link></col><col><link ns0:type="simple" ns0:href="../015/23015.xml">program languag</link></col><col><link ns0:type="simple" ns0:href="../183/57183.xml">middlewar</link></col><col><link ns0:type="simple" ns0:href="../444/43444.xml">simul</link></col></row><row><col><O wordnetid="106832680" confidence="0.9508927676800064"><link ns0:type="simple" ns0:href="../369/669369.xml">tinyo</link></O><link ns0:type="simple" ns0:href="../605/145605.xml">so</link><software wordnetid="106566077" confidence="0.8"><application wordnetid="106570110" confidence="0.8"><program wordnetid="106568978" confidence="0.8"><browser wordnetid="106571301" confidence="0.8"><written_communication wordnetid="106349220" confidence="0.8"><writing wordnetid="106359877" confidence="0.8"><code wordnetid="106355894" confidence="0.8"><coding_system wordnetid="106353757" confidence="0.8"><link ns0:type="simple" ns0:href="../237/849237.xml">contiki</link></coding_system></code></writing></written_communication></browser></program></application></software><link ns0:type="simple" ns0:href="../505/19004505.xml">nanork</link></col><col><link ns0:type="simple" ns0:href="../634/1000634.xml">nesc</link></col><col><link ns0:type="simple" ns0:href="../369/669369.xml">tinydb</link></col><col><link ns0:type="simple" ns0:href="../369/669369.xml">tossim</link><link ns0:type="simple" ns0:href="../379/5868379.xml">ns</link></col><col><substance wordnetid="100019613" confidence="0.8"><part wordnetid="113809207" confidence="0.8"><material wordnetid="114580897" confidence="0.8"><link ns0:type="simple" ns0:href="../537/4406537.xml">sun spot</link></material></part></substance></col><col><link ns0:type="simple" ns0:href="../255/5963255.xml">sensi</link><social_group wordnetid="107950920" confidence="0.8"><meeting wordnetid="108307589" confidence="0.8"><gathering wordnetid="107975026" confidence="0.8"><group wordnetid="100031264" confidence="0.8"><conference wordnetid="108308497" confidence="0.8"><link ns0:type="simple" ns0:href="../779/5977779.xml">ipsn</link></conference></group></gathering></meeting></social_group><social_group wordnetid="107950920" confidence="0.8"><meeting wordnetid="108307589" confidence="0.8"><gathering wordnetid="107975026" confidence="0.8"><group wordnetid="100031264" confidence="0.8"><conference wordnetid="108308497" confidence="0.8"><link ns0:type="simple" ns0:href="../751/5962751.xml">ewsn</link></conference></group></gathering></meeting></social_group><diversion wordnetid="100426928" confidence="0.8"><event wordnetid="100029378" confidence="0.8"><show wordnetid="100520257" confidence="0.8"><act wordnetid="100030358" confidence="0.8"><psychological_feature wordnetid="100023100" confidence="0.8"><entertainment wordnetid="100429048" confidence="0.8"><activity wordnetid="100407535" confidence="0.8"><link>secon</link></activity></entertainment></psychological_feature></act></show></event></diversion><link>inss</link><link>dcoss</link><weblink ns0:type="simple" ns0:href="http://www.cse.psu.edu/IEEEMASS08/">mass</weblink></col><col><system wordnetid="108435388" confidence="0.8"><group wordnetid="100031264" confidence="0.8"><network wordnetid="108434259" confidence="0.8"><link ns0:type="simple" ns0:href="../337/195337.xml">zigbe</link></network></group></system><link>lowpan</link><link>roll</link></col></row></table></p><p><table style=";" class="navbox" cellspacing="0"><row><col style="padding:2px;"><table style="width:100%;background:transparent;color:inherit;;" class="nowraplinks collapsible autocollapse " cellspacing="0"><row><header colspan="3" style=";" class="navbox-title"><link ns0:type="simple" ns0:href="../244/3866244.xml">comput size</link></header></row><row style="height:2px;" /><row><col style=";padding:0.35em 1.0em; line-height:1.1em;;" class="navbox-group">larger</col><col style="text-align:left;border-left:2px solid #fdfdfd;width:100%;padding:0px;;;padding:0.25em 0; line-height:1.4em;" class="navbox-list navbox-odd"><link ns0:type="simple" ns0:href="../153/37153.xml">super</link><class wordnetid="107997703" confidence="0.8"><collection wordnetid="107951464" confidence="0.8"><group wordnetid="100031264" confidence="0.8"><link ns0:type="simple" ns0:href="../585/927585.xml">minisup</link></group></collection></class><link ns0:type="simple" ns0:href="../266/20266.xml">mainfram</link><link ns0:type="simple" ns0:href="../272/20272.xml">mini</link><class wordnetid="107997703" confidence="0.8"><collection wordnetid="107951464" confidence="0.8"><group wordnetid="100031264" confidence="0.8"><link ns0:type="simple" ns0:href="../808/194808.xml">supermini</link></group></collection></class><generic wordnetid="107899976" confidence="0.9508927676800064"><link ns0:type="simple" ns0:href="../116/42116.xml">server</link></generic></col><col style="width:0%;padding:0px 0px 0px 2px;" rowspan="7"><image width="60px" src="Cray_2_Arts_et_Metiers_dsc03940.jpg"><caption>cray</caption></image><image width="60px" src="SE_P910i.jpg"><caption>soni ericson pi smartphon</caption></image></col></row><row style="height:2px" /><row><col style=";padding:0.35em 1.0em; line-height:1.1em;;" class="navbox-group"><link ns0:type="simple" ns0:href="../144/48144.xml">micro</link></col><col style="text-align:left;border-left:2px solid #fdfdfd;width:100%;padding:0px;;;padding:0.25em 0; line-height:1.4em;" class="navbox-list navbox-even"><link ns0:type="simple" ns0:href="../137/18457137.xml">person</link><link ns0:type="simple" ns0:href="../181/68181.xml">workstat</link><link ns0:type="simple" ns0:href="../950/13950.xml" /><link ns0:type="simple" ns0:href="../742/52742.xml">desktop</link><link ns0:type="simple" ns0:href="../556/2236556.xml">sff</link></col></row><row style="height:2px" /><row><col style=";padding:0.35em 1.0em; line-height:1.1em;;" class="navbox-group"><class wordnetid="107997703" confidence="0.8"><collection wordnetid="107951464" confidence="0.8"><group wordnetid="100031264" confidence="0.8"><link ns0:type="simple" ns0:href="../187/657187.xml">mobil</link></group></collection></class></col><col style="text-align:left;border-left:2px solid #fdfdfd;width:100%;padding:0px;;;" class="navbox-list navbox-odd"><table style="width:100%;;;;" class="nowraplinks  navbox-subgroup" cellspacing="0"><row><col colspan="2" style="width:100%;padding:0px;padding:0.15em 0; line-height:1.4em;;;" class="navbox-list navbox-odd"><class wordnetid="107997703" confidence="0.8"><collection wordnetid="107951464" confidence="0.8"><group wordnetid="100031264" confidence="0.8"><link ns0:type="simple" ns0:href="../191/3118191.xml">cart</link></group></collection></class><link ns0:type="simple" ns0:href="../851/250851.xml">portabl</link><link ns0:type="simple" ns0:href="../714/179714.xml">desktop replac comput</link><link ns0:type="simple" ns0:href="../584/198584.xml">laptop</link><link ns0:type="simple" ns0:href="../883/3854883.xml">subnotebook</link><link ns0:type="simple" ns0:href="../860/867860.xml">netbook</link><class wordnetid="107997703" confidence="0.8"><collection wordnetid="107951464" confidence="0.8"><group wordnetid="100031264" confidence="0.8"><link ns0:type="simple" ns0:href="../924/152924.xml">tablet</link></group></collection></class><link ns0:type="simple" ns0:href="../851/4185851.xml">ultramobil pc</link><computer wordnetid="103082979" confidence="0.8"><artifact wordnetid="100021939" confidence="0.8"><instrumentality wordnetid="103575240" confidence="0.8"><device wordnetid="103183080" confidence="0.8"><machine wordnetid="103699975" confidence="0.8"><link ns0:type="simple" ns0:href="../880/772880.xml">portabl</link></machine></device></instrumentality></artifact></computer><computer wordnetid="103082979" confidence="0.8"><artifact wordnetid="100021939" confidence="0.8"><instrumentality wordnetid="103575240" confidence="0.8"><device wordnetid="103183080" confidence="0.8"><machine wordnetid="103699975" confidence="0.8"><link ns0:type="simple" ns0:href="../919/405919.xml">mobil data termin</link></machine></device></instrumentality></artifact></computer><computer wordnetid="103082979" confidence="0.8"><artifact wordnetid="100021939" confidence="0.8"><instrumentality wordnetid="103575240" confidence="0.8"><device wordnetid="103183080" confidence="0.8"><machine wordnetid="103699975" confidence="0.8"><link ns0:type="simple" ns0:href="../410/1971410.xml">electron organ</link></machine></device></instrumentality></artifact></computer><link ns0:type="simple" ns0:href="../661/1149661.xml">ebook reader</link><link ns0:type="simple" ns0:href="../482/1487482.xml">pocket comput</link><system wordnetid="104377057" confidence="0.8"><artifact wordnetid="100021939" confidence="0.8"><instrumentality wordnetid="103575240" confidence="0.8"><link ns0:type="simple" ns0:href="../199/14199.xml">handheld game consol</link></instrumentality></artifact></system><link ns0:type="simple" ns0:href="../109/33109.xml">wearabl comput</link></col></row><row style="height:2px" /><row><col style=";padding-left:0em;padding-right:0em;font-weight:normal;;" class="navbox-group"><link ns0:type="simple" ns0:href="../304/23304.xml">pda</link><link ns0:type="simple" ns0:href="../822/655822.xml">ia</link></col><col style="text-align:left;border-left:2px solid #fdfdfd;width:100%;padding:0px;padding:0.15em 0; line-height:1.4em;;;" class="navbox-list navbox-even"><computer wordnetid="103082979" confidence="0.8"><artifact wordnetid="100021939" confidence="0.8"><instrumentality wordnetid="103575240" confidence="0.8"><device wordnetid="103183080" confidence="0.8"><machine wordnetid="103699975" confidence="0.8"><link ns0:type="simple" ns0:href="../889/1807889.xml">handheld pc</link></machine></device></instrumentality></artifact></computer><link ns0:type="simple" ns0:href="../170/69170.xml">pocket pc</link><link ns0:type="simple" ns0:href="../079/167079.xml">smartphon</link><link ns0:type="simple" ns0:href="../380/11884380.xml">pda phone</link><physical_entity wordnetid="100001930" confidence="0.8"><person wordnetid="100007846" confidence="0.8"><player wordnetid="110439851" confidence="0.8"><contestant wordnetid="109613191" confidence="0.8"><causal_agent wordnetid="100007347" confidence="0.8"><link ns0:type="simple" ns0:href="../437/1560437.xml">pmp</link></causal_agent></contestant></player></person></physical_entity><link ns0:type="simple" ns0:href="../424/1247424.xml">dap</link><link ns0:type="simple" ns0:href="../955/10757955.xml">mobil internet devic</link></col></row><row style="height:2px" /><row><col style=";padding-left:0em;padding-right:0em;font-weight:normal;;" class="navbox-group"><link ns0:type="simple" ns0:href="../593/7593.xml">calcul</link></col><col style="text-align:left;border-left:2px solid #fdfdfd;width:100%;padding:0px;padding:0.15em 0; line-height:1.4em;;;" class="navbox-list navbox-odd"><physical_entity wordnetid="100001930" confidence="0.8"><expert wordnetid="109617867" confidence="0.8"><system wordnetid="104377057" confidence="0.8"><person wordnetid="100007846" confidence="0.8"><artifact wordnetid="100021939" confidence="0.8"><instrumentality wordnetid="103575240" confidence="0.8"><causal_agent wordnetid="100007347" confidence="0.8"><calculator wordnetid="109887034" confidence="0.8"><link ns0:type="simple" ns0:href="../004/335004.xml">graph</link></calculator></causal_agent></instrumentality></artifact></person></system></expert></physical_entity></col></row></table></col></row><row style="height:2px" /><row><col style=";padding:0.35em 1.0em; line-height:1.1em;;" class="navbox-group" /><col style="text-align:left;border-left:2px solid #fdfdfd;width:100%;padding:0px;;;padding:0.25em 0; line-height:1.4em;" class="navbox-list navbox-even"><link ns0:type="simple" ns0:href="../424/194424.xml">singleboard comput</link><link ns0:type="simple" ns0:href="../662/1076662.xml">wireless sensor network</link><system wordnetid="104377057" confidence="0.8"><artifact wordnetid="100021939" confidence="0.8"><instrumentality wordnetid="103575240" confidence="0.8"><link ns0:type="simple" ns0:href="../017/21017.xml">microcontrol</link></instrumentality></artifact></system><substance wordnetid="100019613" confidence="0.8"><part wordnetid="113809207" confidence="0.8"><material wordnetid="114580897" confidence="0.8"><link ns0:type="simple" ns0:href="../367/669367.xml">smartdust</link></material></part></substance><class wordnetid="107997703" confidence="0.8"><collection wordnetid="107951464" confidence="0.8"><group wordnetid="100031264" confidence="0.8"><link ns0:type="simple" ns0:href="../959/6241959.xml">nanocomput</link></group></collection></class></col></row></table></col></row></table></p></sec></bdy></article>