<article xmlns:ns0="http://www.w3.org/1999/xlink"><physical_entity confidence="0.8" wordnetid="100001930"><person confidence="0.8" wordnetid="100007846"><player confidence="0.9511911446218017" wordnetid="110439851"><coach confidence="0.9511911446218017" wordnetid="109931640"><leader confidence="0.8" wordnetid="109623038"><administrator confidence="0.8" wordnetid="109770949"><causal_agent confidence="0.8" wordnetid="100007347"><head confidence="0.8" wordnetid="110162991"><director confidence="0.8" wordnetid="110014939"><header><title>craig colbert</title><id /><revision><id /><timestamp>tz</timestamp><contributor><username>dewelar</username><id /></contributor></revision><categories><category>san diego padr manag</category><category>major leagu basebal catcher</category><category>san francisco giant player</category><category>live peopl</category><category>birth</category><category>minor leagu basebal manag</category><category>major leagu basebal coach</category></categories></header><bdy><template><name>infobox mlb retir</name><parameters><image width="150px" src="" /><position><link ns0:type="simple" ns0:href="../699/436699.xml">catcher</link></position><stat1value /><debutteam><diversion wordnetid="100426928" confidence="0.8"><association wordnetid="108049401" confidence="0.8"><event wordnetid="100029378" confidence="0.8"><baseball_team wordnetid="108079319" confidence="0.8"><club wordnetid="108227214" confidence="0.8"><sport wordnetid="100523513" confidence="0.8"><team wordnetid="108208560" confidence="0.8"><act wordnetid="100030358" confidence="0.8"><psychological_feature wordnetid="100023100" confidence="0.8"><activity wordnetid="100407535" confidence="0.8"><link ns0:type="simple" ns0:href="../416/28416.xml">san francisco giant</link></activity></psychological_feature></act></team></sport></club></baseball_team></event></association></diversion></debutteam><finalyear><link ns0:type="simple" ns0:href="../946/2070946.xml" /></finalyear><finalteam><diversion wordnetid="100426928" confidence="0.8"><association wordnetid="108049401" confidence="0.8"><event wordnetid="100029378" confidence="0.8"><baseball_team wordnetid="108079319" confidence="0.8"><club wordnetid="108227214" confidence="0.8"><sport wordnetid="100523513" confidence="0.8"><team wordnetid="108208560" confidence="0.8"><act wordnetid="100030358" confidence="0.8"><psychological_feature wordnetid="100023100" confidence="0.8"><activity wordnetid="100407535" confidence="0.8"><link ns0:type="simple" ns0:href="../416/28416.xml">san francisco giant</link></activity></psychological_feature></act></team></sport></club></baseball_team></event></association></diversion></finalteam><debutdate><link ns0:type="simple" ns0:href="../008/1008.xml">april</link></debutdate><stat3value /><throws /><stat3label><link ns0:type="simple" ns0:href="../469/236469.xml">run bat</link></stat3label><debutyear><link ns0:type="simple" ns0:href="../419/2076419.xml" /></debutyear><stat2value /><teams>gt<list><entry level="1" type="bullet"><diversion wordnetid="100426928" confidence="0.8"><association wordnetid="108049401" confidence="0.8"><event wordnetid="100029378" confidence="0.8"><baseball_team wordnetid="108079319" confidence="0.8"><club wordnetid="108227214" confidence="0.8"><sport wordnetid="100523513" confidence="0.8"><team wordnetid="108208560" confidence="0.8"><act wordnetid="100030358" confidence="0.8"><psychological_feature wordnetid="100023100" confidence="0.8"><activity wordnetid="100407535" confidence="0.8"><link ns0:type="simple" ns0:href="../416/28416.xml">san francisco giant</link></activity></psychological_feature></act></team></sport></club></baseball_team></event></association></diversion></entry></list></teams><bats /><name>craig colbert</name><birthdate>februari age<village wordnetid="108672738" confidence="0.9508927676800064"><link ns0:type="simple" ns0:href="../933/113933.xml">iowa citi</link></village><region wordnetid="108630985" confidence="0.8"><administrative_district wordnetid="108491826" confidence="0.8"><location wordnetid="100027167" confidence="0.8"><district wordnetid="108552138" confidence="0.8"><country wordnetid="108544813" confidence="0.8"><link ns0:type="simple" ns0:href="../589/14589.xml">iowa</link></country></district></location></administrative_district></region></birthdate><stat1label><link ns0:type="simple" ns0:href="../273/18933273.xml">bat averag</link></stat1label><finaldate><link ns0:type="simple" ns0:href="../204/28204.xml">septemb</link></finaldate><stat2label><link ns0:type="simple" ns0:href="../148/14148.xml">run</link></stat2label></parameters></template><b>craig charl colbert</b><link ns0:type="simple" ns0:href="../170/11170.xml">februari</link><link ns0:type="simple" ns0:href="../750/34750.xml" /><village wordnetid="108672738" confidence="0.9508927676800064"><link ns0:type="simple" ns0:href="../933/113933.xml">iowa citi</link></village><region wordnetid="108630985" confidence="0.8"><administrative_district wordnetid="108491826" confidence="0.8"><location wordnetid="100027167" confidence="0.8"><district wordnetid="108552138" confidence="0.8"><country wordnetid="108544813" confidence="0.8"><link ns0:type="simple" ns0:href="../589/14589.xml">iowa</link></country></district></location></administrative_district></region><league wordnetid="108231184" confidence="0.9508927676800064"><link ns0:type="simple" ns0:href="../776/38776.xml">major leagu basebal</link></league>catcher current<link ns0:type="simple" ns0:href="../035/596035.xml">bench coach</link><baseball_team wordnetid="108079319" confidence="0.8"><team wordnetid="108208560" confidence="0.8"><link ns0:type="simple" ns0:href="../417/28417.xml">san diego padr</link></team></baseball_team><p>colbert select round<link ns0:type="simple" ns0:href="../355/18505355.xml">major leagu basebal draft</link><diversion wordnetid="100426928" confidence="0.8"><association wordnetid="108049401" confidence="0.8"><event wordnetid="100029378" confidence="0.8"><baseball_team wordnetid="108079319" confidence="0.8"><club wordnetid="108227214" confidence="0.8"><sport wordnetid="100523513" confidence="0.8"><team wordnetid="108208560" confidence="0.8"><act wordnetid="100030358" confidence="0.8"><psychological_feature wordnetid="100023100" confidence="0.8"><activity wordnetid="100407535" confidence="0.8"><link ns0:type="simple" ns0:href="../416/28416.xml">san francisco giant</link></activity></psychological_feature></act></team></sport></club></baseball_team></event></association></diversion>play farm system make debut<link ns0:type="simple" ns0:href="../419/2076419.xml" />season play game season releas<link ns0:type="simple" ns0:href="../946/2070946.xml" />season</p><p>colbert play season minor leagu<association wordnetid="108049401" confidence="0.8"><baseball_team wordnetid="108079319" confidence="0.8"><club wordnetid="108227214" confidence="0.8"><team wordnetid="108208560" confidence="0.8"><link ns0:type="simple" ns0:href="../652/6652.xml">cleveland indian</link></team></club></baseball_team></association><baseball_team wordnetid="108079319" confidence="0.8"><team wordnetid="108208560" confidence="0.8"><link ns0:type="simple" ns0:href="../417/28417.xml">san diego padr</link></team></baseball_team><link ns0:type="simple" ns0:href="../834/1822834.xml" />colbert playercoach<link ns0:type="simple" ns0:href="../112/3154112.xml">la vega star</link>play career season<link ns0:type="simple" ns0:href="../553/1487553.xml" /><link ns0:type="simple" ns0:href="../436/3119436.xml" />colbert work padr chain manag level minor leagu</p><p><link ns0:type="simple" ns0:href="../205/6721205.xml" />name padr bench coach posit septemb<link ns0:type="simple" ns0:href="../405/13639405.xml" />loss season hit coach<physical_entity wordnetid="100001930" confidence="0.8"><person wordnetid="100007846" confidence="0.8"><player wordnetid="110439851" confidence="0.8"><good_person wordnetid="110138767" confidence="0.8"><contestant wordnetid="109613191" confidence="0.8"><causal_agent wordnetid="100007347" confidence="0.8"><saint wordnetid="110546850" confidence="0.8"><link ns0:type="simple" ns0:href="../058/1046058.xml">walli joyner</link></saint></causal_agent></contestant></good_person></player></person></physical_entity>scapegoat disappoint season upper manag inabl proven talent field team bottom rank mlb score run rank team bat averag injuri<player wordnetid="110439851" confidence="0.9508927676800064"><link ns0:type="simple" ns0:href="../542/1250542.xml">jake peavi</link></player><person wordnetid="100007846" confidence="0.9508927676800064"><player wordnetid="110439851" confidence="0.9508927676800064"><link ns0:type="simple" ns0:href="../330/5740330.xml">chri young</link></player></person>paltri stolen base season total player al nl surpass heavili contribut lacklust season</p></bdy></director></head></causal_agent></administrator></leader></coach></player></person></physical_entity></article>