<article xmlns:ns0="http://www.w3.org/1999/xlink"><header><title>analog program</title><id /><revision><id /><timestamp>tz</timestamp><contributor><username>rtphoki</username><id /></contributor></revision><categories><category>free web analyt softwar</category><category>networkrel softwar</category></categories></header><bdy><table style="background:#f9f9f9; font-size:85%; line-height:110%; "><row><col><image width="32x28px" src="Free_Software_Portal_Logo.svg" /></col><col style="padding:0 0.2em;"><b><it>free softwar portal</it></b></col></row></table><p><b>analog</b><link ns0:type="simple" ns0:href="../635/10635.xml">free</link><link ns0:type="simple" ns0:href="../162/2110162.xml">web log analysi softwar</link>program run<link ns0:type="simple" ns0:href="../890/18890.xml">window</link><link ns0:type="simple" ns0:href="../043/20043.xml">mac os</link><O wordnetid="106832680" confidence="0.9508927676800064"><link ns0:type="simple" ns0:href="../297/6097297.xml">linux</link></O><family wordnetid="108078020" confidence="0.8"><link ns0:type="simple" ns0:href="../815/31815.xml">unixlik</link></family>oper system releas<link ns0:type="simple" ns0:href="../416/1416.xml">april</link><link ns0:type="simple" ns0:href="../658/34658.xml" />stephen turner gener freewar licens chang<link ns0:type="simple" ns0:href="../683/18938683.xml">gnu gener public licens</link>novemb<link ns0:type="simple" ns0:href="../524/35524.xml" /></p><p>program compar<link ns0:type="simple" ns0:href="../860/1635860.xml">webal</link><software wordnetid="106566077" confidence="0.9508927676800064"><link ns0:type="simple" ns0:href="../305/1106305.xml">awstat</link></software>imag prefer stick simpl<link ns0:type="simple" ns0:href="../311/393311.xml">bar chart</link>list commun</p><p>turner subsequ<link ns0:type="simple" ns0:href="../193/579193.xml">chief technic offic</link><link>clicktrack</link>offer advanc<link ns0:type="simple" ns0:href="../872/2475872.xml">web analyt</link>softwar</p><sec><st>extern link</st><p><list><entry level="1" type="bullet"><weblink ns0:type="simple" ns0:href="http://www.analog.cx/">analog web site</weblink></entry><entry level="1" type="bullet"><weblink ns0:type="simple" ns0:href="http://it.megocollector.com/?p=120">itmegocollectorcom analog version support vista mce oss</weblink></entry></list></p></sec></bdy></article>