<article xmlns:ns0="http://www.w3.org/1999/xlink"><information confidence="0.8" wordnetid="105816287"><datum confidence="0.8" wordnetid="105816622"><header><title>discret choic analysi</title><id /><revision><id /><timestamp>tz</timestamp><contributor><username>mrolli</username><id /></contributor></revision><categories><category>categor data</category></categories></header><bdy>discret choic analysi<link ns0:type="simple" ns0:href="../685/26685.xml">statist</link>techniqu model<link ns0:type="simple" ns0:href="../701/437701.xml">depend variabl</link><link ns0:type="simple" ns0:href="../686/238686.xml">binari</link>variabl instanc discret choic analysi<link ns0:type="simple" ns0:href="../101/1689101.xml">probit</link><link ns0:type="simple" ns0:href="../068/172068.xml">logit</link><link ns0:type="simple" ns0:href="../031/1378031.xml">multinomi</link>model appli<link ns0:type="simple" ns0:href="../390/10390.xml">econometr</link><link ns0:type="simple" ns0:href="../086/196086.xml">market</link>transport mode rout choic<sec><st>specif model type<ref ns0:type="simple" ns0:href="#xpointer(//reflist/entry[@id=%221%22])" /><ref ns0:type="simple" ns0:href="#xpointer(//reflist/entry[@id=%222%22])" /><ref ns0:type="simple" ns0:href="#xpointer(//reflist/entry[@id=%223%22])" /></st><p><list><entry level="1" type="bullet">probit</entry><entry level="1" type="bullet">logit</entry><entry level="1" type="bullet">multinomi logit mnl enhanc logit allow altern choic</entry><entry level="1" type="bullet">multinomi probit model</entry></list></p><p>mnl suitabl problem correl altern iia properti irrelev independ altern blue busr bu exampl<ref ns0:type="simple" ns0:href="#xpointer(//reflist/entry[@id=%221%22])" />path choic exampl<ref ns0:type="simple" ns0:href="#xpointer(//reflist/entry[@id=%222%22])" />number altern propos overcom problem</p><p><list><entry level="1" type="bullet">nest logit captur correl altern partit choic set nest</entry><entry level="1" type="bullet">crossnest logit<ref ns0:type="simple" ns0:href="#xpointer(//reflist/entry[@id=%224%22])" />cnl altern belong nest</entry></list></p><p><list><entry level="1" type="bullet">generalis extrem model<ref ns0:type="simple" ns0:href="#xpointer(//reflist/entry[@id=%225%22])" />gener class model deriv random util model<ref ns0:type="simple" ns0:href="#xpointer(//reflist/entry[@id=%222%22])" />multinomi logit nest logit belong</entry></list></p><p><list><entry level="1" type="bullet">mother logit</entry><entry level="1" type="bullet">hierarch logit</entry></list></p><p><list><entry level="1" type="bullet">clogit<ref ns0:type="simple" ns0:href="#xpointer(//reflist/entry[@id=%226%22])" />captur correl altern common factor</entry></list></p><p><list><entry level="1" type="bullet">path size logit<ref ns0:type="simple" ns0:href="#xpointer(//reflist/entry[@id=%222%22])" /></entry></list></p><p><list><entry level="1" type="bullet">pair combinatori logit<ref ns0:type="simple" ns0:href="#xpointer(//reflist/entry[@id=%227%22])" /></entry></list></p><p><list><entry level="1" type="bullet">hybrid mix logit model multinomi probit model logit kernel<ref ns0:type="simple" ns0:href="#xpointer(//reflist/entry[@id=%222%22])" /><ref ns0:type="simple" ns0:href="#xpointer(//reflist/entry[@id=%228%22])" /><ref ns0:type="simple" ns0:href="#xpointer(//reflist/entry[@id=%229%22])" />appli rout choic<ref ns0:type="simple" ns0:href="#xpointer(//reflist/entry[@id=%2210%22])" /></entry></list></p><p><list><entry level="1" type="bullet">latent class choic model</entry></list></p><p><list><entry level="1" type="bullet">full review model rout choic<ref ns0:type="simple" ns0:href="#xpointer(//reflist/entry[@id=%2211%22])" /></entry></list></p></sec><sec><st>choic set gener method rout choic problem<ref ns0:type="simple" ns0:href="#xpointer(//reflist/entry[@id=%223%22])" /></st><p><list><entry level="1" type="bullet">kshortest rout link elimin link penalti</entry><entry level="1" type="bullet">label</entry><entry level="1" type="bullet">simul</entry></list></p></sec><sec><st>refer</st><p><reflist><entry id="1">benakiva sr lerman discret choic analysi theori applic travel demandcambridg ma mit press</entry><entry id="2">benakiva bierlair discret choic method applic short term travel decis rw hall handbook transport scienc</entry><entry id="3">bekhor benakiva al evalu choic set gener algorithm rout choic model annal oper</entry><entry id="4">vovsha crossnest logit model applic mode choic telaviv metropolitan area transport record</entry><entry id="5">mcfadden model choic residenti locat karlqvist al ed spatial interact theori residenti locat north holland amsterdam</entry><entry id="6">cascetta nuzzolo russo avitetta modifi logit rout choic model overcom path overlap problem specif calibr interurban network jb lesort transport traffic theori proceed thirteenth intern symposium transport traffic theori lyon franc pergamon</entry><entry id="7">chu pair combinatori logit model travel demand analysi proceed confer transport ventura</entry><entry id="8">mcfadden train mix mnl model discret respons journal appli econometr</entry><entry id="9">benakiva bolduc multinomi probit logit kernel gener parametr specif covari structur work paper</entry><entry id="10">bekhor benakiva ms ram adapt logit kernel rout choic situat transport record</entry><entry id="11">ram ms network knowledg rout choic unpublish phd thesi massachusett institut technolog mit catalogu httplibrarymiteduitem</entry></reflist></p></sec></bdy></datum></information></article>