<article xmlns:ns0="http://www.w3.org/1999/xlink"><application confidence="0.9511911446218017" wordnetid="106570110"><software confidence="0.9508927676800064" wordnetid="106566077"><header><title>aerotext</title><id /><revision><id /><timestamp>tz</timestamp><contributor><username>fairusebot</username><id /></contributor></revision><categories><category>artifici intellig applic</category></categories></header><bdy><template><name>infobox_softwar</name><parameters><genre><link ns0:type="simple" ns0:href="../253/42253.xml">data mine</link></genre><website><weblink ns0:type="simple" ns0:href="http://www.lockheedmartin.com/products/AeroText/index.html">lockhe martin aerotext</weblink></website><latest_release_version /><developer><company wordnetid="108058098" confidence="0.9508927676800064"><link ns0:type="simple" ns0:href="../527/66527.xml">lockhe martin</link></company></developer><name>aerotexttm</name><license><link ns0:type="simple" ns0:href="../886/18934886.xml">proprietari</link></license><operating_system><link ns0:type="simple" ns0:href="../890/18890.xml">window</link><message wordnetid="106598915" confidence="0.8"><information wordnetid="106634376" confidence="0.8"><electronic_database wordnetid="106588511" confidence="0.8"><lexical_database wordnetid="106638868" confidence="0.8"><wordnet wordnetid="106639428" confidence="0.8"><database wordnetid="106637824" confidence="0.8"><link ns0:type="simple" ns0:href="../145/46145.xml">solari</link></database></wordnet></lexical_database></electronic_database></information></message><O wordnetid="106832680" confidence="0.9508927676800064"><link ns0:type="simple" ns0:href="../297/6097297.xml">linux</link></O></operating_system></parameters></template><b>aerotext</b>suit<link ns0:type="simple" ns0:href="../439/318439.xml">text mine</link>applic<link ns0:type="simple" ns0:href="../317/473317.xml">content analysi</link>content multipl languag<p>aerotext solut develop integr system solut divis<link ns0:type="simple" ns0:href="../527/66527.xml">lockhe martin corpor</link>lead defens contractor origin develop<link ns0:type="simple" ns0:href="../244/501244.xml">intellig commun</link><agency wordnetid="108337324" confidence="0.9508927676800064"><link ns0:type="simple" ns0:href="../897/7279897.xml">depart defens</link></agency>solut lead solut integr solut aerotext solut provid<link ns0:type="simple" ns0:href="../162/383162.xml">extract</link><link ns0:type="simple" ns0:href="../587/1039587.xml">link analysi</link>capabl</p><p>aerotext convert unstructur structur user capabl defin paramet</p><p>aerotext output normal store solut cach templat output varieti way time integr toolkit rit integr output exist system rit modul wrapper<format wordnetid="106636806" confidence="0.9508927676800064"><link ns0:type="simple" ns0:href="../138/34138.xml">xml</link></format><link ns0:type="simple" ns0:href="../832/53832.xml">darpa agent markup languag</link>daml provid make solut flexibl util domain instanc solut present<link>nation institut health biomed comput interest group</link>bcig april demonstr excel applic biomed domain</p><p>aerotext dataindepend reli bia domain document type document sourc natur languag haser child sampl target applic includ automat databas gener document rout brows summar enhanc full text search target document search addit link analysi solut multilingu util strength technolog flexibl support format standard daml kogut holm aid law enforc activ</p><p>current releas exist set compon carri integr data mine task<link>integr develop environ</link>ide compon rule develop modif coordin capabl complet environ build test analyz linguist knowledg base kogut holm<link ns0:type="simple" ns0:href="../293/12293.xml">graphic interfac</link>includ object orient editor rule wizard allow visual tool analyz extract data debug linguist data analyz perform aerotext result custom logic domain</p><p>instanc base runtim engin carri extract input document appli<link ns0:type="simple" ns0:href="../497/239497.xml">knowledg base</link>compani instanc defin creation singl document object aerotext applic program interfac api engin<message wordnetid="106598915" confidence="0.8"><request wordnetid="106513366" confidence="0.8"><link ns0:type="simple" ns0:href="../881/15881.xml">java</link></request></message><programming_language wordnetid="106898352" confidence="0.9508927676800064"><link ns0:type="simple" ns0:href="../021/6021.xml" /></programming_language><physical_entity wordnetid="100001930" confidence="0.8"><person wordnetid="100007846" confidence="0.8"><model wordnetid="110324560" confidence="0.8"><idea wordnetid="105833840" confidence="0.8"><concept wordnetid="105835747" confidence="0.8"><assistant wordnetid="109815790" confidence="0.8"><component wordnetid="105868954" confidence="0.8"><worker wordnetid="109632518" confidence="0.8"><causal_agent wordnetid="100007347" confidence="0.8"><part wordnetid="105867413" confidence="0.8"><link ns0:type="simple" ns0:href="../007/17058007.xml" /></part></causal_agent></worker></component></assistant></concept></idea></model></person></physical_entity>api wrapper<format wordnetid="106636806" confidence="0.9508927676800064"><link ns0:type="simple" ns0:href="../138/34138.xml">xml</link></format>daml</p><p>time integr toolkit rit help deploy aerotext minim integr code integr aerotext output exist system rit modul</p><p>corpu analyz cluster document base entiti conceptu similar document</p><p>answer key editor creat store score assign answer key correspond specif collect document aerotext key object measur accuraci extract process score capabl integr develop environ enabl develop identifi analyz extract error larg set data develop process</p><p>solut technolog provid compani<link ns0:type="simple" ns0:href="../497/239497.xml">knowledg base</link>kb english serv key core kb linguisticdriven rule approach entiti type extract text kb<link ns0:type="simple" ns0:href="../803/803.xml">arab</link><language wordnetid="106282651" confidence="0.9508927676800064"><link ns0:type="simple" ns0:href="../751/5751.xml">chines</link></language>simplifi tradit<link ns0:type="simple" ns0:href="../803/803.xml">arab</link><language wordnetid="106282651" confidence="0.9508927676800064"><link ns0:type="simple" ns0:href="../825/26825.xml">spanish</link></language><language wordnetid="106282651" confidence="0.9508927676800064"><link ns0:type="simple" ns0:href="../042/37042.xml">indonesian</link></language>includ melagu languag kb compil convert linguist data file effici runtim knowledg base kogut holm aerotext solut compon separ product bundl standard bundl includ ide instancebas runtim engin core english knowledg base custom tool profession bundl includ standard compon well corpu analyz answer key editor</p><p>aerotext handl textual input instanc base runtim engin support ascii unicod text</p><p>aerotext main focu extract includ name<link ns0:type="simple" ns0:href="../608/1906608.xml">entiti extract</link>intrasourc link analysi aerotext extract technolog design natur languag text aerotext compani organ capabl group extract entiti person organ place key phrase time express money amount grammat phrase verb phrase extract term link analysi solut entiti corefer resolut multipl mention entiti entiti associ identifi relationship event extract topic categor subject matter determin tempor resolut resolut time express locat resolut identif place tie gi addit compani blockfind understand textual tabl haser child</p><p>solut gain flexibl broad rang applic fact system base manual craft rule rule perform<link ns0:type="simple" ns0:href="../608/1906608.xml">entiti extract</link>intrasourc link analysi modul develop will extens subjectmatt specif solut easili modifi handl requir domain order solut aerotext specialist gener set extract rule rule describ aerotext identifi structur extract creat fairli abstract templat describ way concept express target languag nobl rule extract text structur event record nobl haser child explain fundament compon solut includ featur element templat packag rulebas cach</p><p>term explain exampl feb aaa corpor will acquir tampabas zzz day featur list term repres common idea base mean grammar corp busi design corpdesign element set regular express allow bind match text instanc feb februari refer second month month templat frame slot hold extract text time templat exampl includ text field well startdat enddat field packag set rule element associ action fill templat slot extract exampl time organ locat templat extract organ rulebas collect packag activ appropri time process sequenc exampl time organ templat feed acquisit templat cach virtual bin store extract</p><p>entiti cach store time organ event cach store event acquisit highlevel overview solut set provid adjac figur test document knowledg engin produc answer key suppos output knowledg base engin prepackag userdevelop rule extract entiti relationship text output compar score chang knowledg engin creat addit rule enhanc knowledg base turn updat knowledg base engin</p><sec><st>read</st><p>haser tom child loi drug discoveri extract technolog present nih bcig april onlin httpwwwaltumcombcigeventsseminars_pdf httpwwwaltumcombcigeventsseminars_htm access januari</p><p>hill ryan lockhe martin sign netmap analyt author distributor aerotexttm extract softwar august onlin httpwwwnetmapanalyticscompressaerotextpdf access januari</p><p>kmworld kmworld buyer guid lockhe martin corpor onlin httpwwwkmworldcombuyersguidereadcompanyaspxcategoryid companyid</p><p>kogut paul holm william aerodaml appli extract gener daml annot web onlin httpsemannotaifbunikarlsruhedepositionpapersaerodamlpdf</p><p>mordoff keith lockhe martin aerotexttm version help user tackl data overload pinpoint critic april onlin httpwwwlockheedmartincomdataassetspdf</p><p>nobl david fusion open sourc onlin httpwwwebrinccomfilesnoble_fusionpdf</p><p>nobl david structur open sourc support intellig analysi onlin httpwwwebrinccomfilesnoble_structuringpdf</p><p>robert gregori aerotexttm product execut summari onlin httpwwwlockheedmartincomdataassetspdf</p><p>taylor sarah extract tool deciph human languag profession novemberdecemb onlin httpieeexploreieeeorgielpdftp arnumb isnumb</p></sec><sec><st>extern link</st><p><list><entry level="1" type="bullet"><weblink ns0:type="simple" ns0:href="http://www.lockheedmartin.com/products/AeroText/index.html">aerotext homepag lockhe martin</weblink></entry><entry level="1" type="bullet"><weblink ns0:type="simple" ns0:href="http://www.lockheedmartin.com/news/press_releases/2007/AeroTextTMNowRunsOnOpenSourcePlatfo.html">aerotext linux</weblink></entry><entry level="1" type="bullet"><weblink ns0:type="simple" ns0:href="http://www.nist.gov/speech/tests/ace/ace07/doc/ace07_eval_official_results_20070402.htm">aerotext mace</weblink></entry><entry level="1" type="bullet"><weblink ns0:type="simple" ns0:href="http://www.lockheedmartin.com/wms/findPage.do?dsp=fec ci=15902 rsbci=0 fti=0 ti=0 sc=400">press releas success arab extract</weblink></entry><entry level="1" type="bullet"><weblink ns0:type="simple" ns0:href="http://www.cmdsolutions.com/Solutions/text_extraction.shtml">cmd solut appar resellerprovid</weblink></entry><entry level="1" type="bullet"><weblink ns0:type="simple" ns0:href="http://www.daml.org/meetings/2004/05/pi/pdf/LM2004May.pdf">daml present</weblink></entry><entry level="1" type="bullet"><weblink ns0:type="simple" ns0:href="http://www.informationweek.com/news/showArticle.jhtml?articleID=198500124">defens intellig agenc boost search firepow</weblink></entry></list></p></sec><sec><st /><p><list><entry level="1" type="bullet"><link ns0:type="simple" ns0:href="../253/42253.xml">data mine</link></entry><entry level="1" type="bullet"><link ns0:type="simple" ns0:href="../251/81251.xml">lexic analysi</link></entry><entry level="1" type="bullet"><link ns0:type="simple" ns0:href="../832/53832.xml">daml</link></entry></list></p><p><table style=";" class="navbox" cellspacing="0"><row><col style="padding:2px;"><table style="width:100%;background:transparent;color:inherit;;" class="nowraplinks collapsible autocollapse " cellspacing="0"><row><header colspan="2" style=";background:lightsteelblue;" class="navbox-title"><company wordnetid="108058098" confidence="0.9508927676800064"><link ns0:type="simple" ns0:href="../527/66527.xml">lockhe martin</link></company></header></row><row style="height:2px;" /><row><col colspan="2" style="width:100%;padding:0px;;;" class="navbox-list navbox-odd"><table style="width:100%;;;;" class="nowraplinks collapsible autocollapse navbox-subgroup" cellspacing="0"><row><header colspan="2" style=";background:#bbcce3;" class="navbox-title">compani partnership</header></row><row style="height:2px;" /><row><col colspan="2" style="width:100%;padding:0px;;;" class="navbox-list navbox-odd"><p><manufacturer wordnetid="108060446" confidence="0.8"><company wordnetid="108058098" confidence="0.8"><enterprise wordnetid="108056231" confidence="0.8"><business wordnetid="108061042" confidence="0.8"><institution wordnetid="108053576" confidence="0.8"><link ns0:type="simple" ns0:href="../237/1393237.xml">lm aeronaut</link></institution></business></enterprise></company></manufacturer><link ns0:type="simple" ns0:href="../167/18626167.xml">lm canada</link><link ns0:type="simple" ns0:href="../252/4707252.xml">lm technolog</link><link ns0:type="simple" ns0:href="../970/6475970.xml">lm maritim system sensor</link><link ns0:type="simple" ns0:href="../601/5976601.xml">lm missil fire control</link><company wordnetid="108058098" confidence="0.9508927676800064"><link ns0:type="simple" ns0:href="../271/3290271.xml">lm orincon</link></company><link ns0:type="simple" ns0:href="../793/3153793.xml">lm simul train support</link><manufacturer wordnetid="108060446" confidence="0.8"><company wordnetid="108058098" confidence="0.8"><enterprise wordnetid="108056231" confidence="0.8"><business wordnetid="108061042" confidence="0.8"><institution wordnetid="108053576" confidence="0.8"><link ns0:type="simple" ns0:href="../625/1391625.xml">lm space system</link></institution></business></enterprise></company></manufacturer><link ns0:type="simple" ns0:href="../617/6707617.xml">lm system integr owego</link><link>lm transport secur solut</link><company wordnetid="108058098" confidence="0.8"><institution wordnetid="108053576" confidence="0.8"><link ns0:type="simple" ns0:href="../055/923055.xml">lm uk</link></institution></company><link ns0:type="simple" ns0:href="../455/995455.xml">savi technolog</link><company wordnetid="108058098" confidence="0.9508927676800064"><link ns0:type="simple" ns0:href="../579/3575579.xml">unit space allianc</link></company><company wordnetid="108058098" confidence="0.9508927676800064"><link ns0:type="simple" ns0:href="../089/4164089.xml">unit launch allianc</link></company></p></col></row></table></col></row><row style="height:2px" /><row><col colspan="2" style="width:100%;padding:0px;;;" class="navbox-list navbox-even"><table style="width:100%;;;;" class="nowraplinks collapsible autocollapse navbox-subgroup" cellspacing="0"><row><header colspan="2" style=";background:#bbcce3;" class="navbox-title">facil</header></row><row style="height:2px;" /><row><col colspan="2" style="width:100%;padding:0px;;;" class="navbox-list navbox-odd"><p><conveyance wordnetid="103100490" confidence="0.8"><airship wordnetid="102692877" confidence="0.8"><structure wordnetid="104341686" confidence="0.8"><craft wordnetid="103125870" confidence="0.8"><building wordnetid="102913152" confidence="0.8"><artifact wordnetid="100021939" confidence="0.8"><instrumentality wordnetid="103575240" confidence="0.8"><lighter-than-air_craft wordnetid="103666917" confidence="0.8"><vehicle wordnetid="104524313" confidence="0.8"><aircraft wordnetid="102686568" confidence="0.8"><link ns0:type="simple" ns0:href="../875/4432875.xml">goodyear airdock</link></aircraft></vehicle></lighter-than-air_craft></instrumentality></artifact></building></craft></structure></airship></conveyance><structure wordnetid="104341686" confidence="0.8"><building wordnetid="102913152" confidence="0.8"><artifact wordnetid="100021939" confidence="0.8"><link ns0:type="simple" ns0:href="../308/4897308.xml">knoll atom power laboratori</link></artifact></building></structure><link ns0:type="simple" ns0:href="../315/2914315.xml">lm space applic laboratori</link><structure wordnetid="104341686" confidence="0.8"><building wordnetid="102913152" confidence="0.8"><artifact wordnetid="100021939" confidence="0.8"><facility wordnetid="103315023" confidence="0.8"><link ns0:type="simple" ns0:href="../115/1247115.xml">michoud assembl facil</link></facility></artifact></building></structure><site wordnetid="108651247" confidence="0.8"><region wordnetid="108630985" confidence="0.8"><artifact wordnetid="100021939" confidence="0.8"><instrumentality wordnetid="103575240" confidence="0.8"><location wordnetid="100027167" confidence="0.8"><tract wordnetid="108673395" confidence="0.8"><weapon wordnetid="104565375" confidence="0.8"><device wordnetid="103183080" confidence="0.8"><geographical_area wordnetid="108574314" confidence="0.8"><instrument wordnetid="103574816" confidence="0.8"><link ns0:type="simple" ns0:href="../558/155558.xml">sandia nation laboratori</link></instrument></geographical_area></device></weapon></tract></location></instrumentality></artifact></region></site><link ns0:type="simple" ns0:href="../249/55249.xml#xpointer(//*[./st=%22Lockheed's+Skunk+Works%22])">skunk work</link></p></col></row></table></col></row><row style="height:2px" /><row><col colspan="2" style="width:100%;padding:0px;;;" class="navbox-list navbox-odd"><table style="width:100%;;;;" class="nowraplinks collapsible autocollapse navbox-subgroup" cellspacing="0"><row><header colspan="2" style=";" class="navbox-title">activ product</header></row><row style="height:2px;" /><row><col colspan="2" style="width:100%;padding:0px;;;" class="navbox-list navbox-odd"><p><computer wordnetid="103082979" confidence="0.8"><artifact wordnetid="100021939" confidence="0.8"><instrumentality wordnetid="103575240" confidence="0.8"><measuring_instrument wordnetid="103733925" confidence="0.8"><weapon wordnetid="104565375" confidence="0.8"><device wordnetid="103183080" confidence="0.8"><radar wordnetid="104039848" confidence="0.8"><instrument wordnetid="103574816" confidence="0.8"><machine wordnetid="103699975" confidence="0.8"><link>aegi</link></machine></instrument></radar></device></weapon></measuring_instrument></instrumentality></artifact></computer><software wordnetid="106566077" confidence="0.9508927676800064"><link ns0:type="simple" ns0:href="../222/10804222.xml">aerotext</link></software><link ns0:type="simple" ns0:href="../070/788070.xml">asroc</link><link ns0:type="simple" ns0:href="../015/147015.xml">atacm</link><rocket wordnetid="104099429" confidence="0.9508927676800064"><link ns0:type="simple" ns0:href="../778/1824778.xml">atla rocket</link></rocket><aircraft wordnetid="102686568" confidence="0.9508927676800064"><link ns0:type="simple" ns0:href="../434/160434.xml" /></aircraft><aircraft wordnetid="102686568" confidence="0.9508927676800064"><link ns0:type="simple" ns0:href="../697/7697.xml" /></aircraft><idea wordnetid="105833840" confidence="0.8"><concept wordnetid="105835747" confidence="0.8"><artifact wordnetid="100021939" confidence="0.8"><instrumentality wordnetid="103575240" confidence="0.8"><component wordnetid="105868954" confidence="0.8"><container wordnetid="103094503" confidence="0.8"><part wordnetid="105867413" confidence="0.8"><link ns0:type="simple" ns0:href="../937/679937.xml">space shuttl extern fuel tank</link></part></container></component></instrumentality></artifact></concept></idea><link ns0:type="simple" ns0:href="../715/3684715.xml">forc hawk</link><aircraft wordnetid="102686568" confidence="0.9508927676800064"><link ns0:type="simple" ns0:href="../813/11813.xml" /></aircraft><aircraft wordnetid="102686568" confidence="0.9508927676800064"><link ns0:type="simple" ns0:href="../299/66299.xml" /></aircraft><aircraft wordnetid="102686568" confidence="0.9508927676800064"><link ns0:type="simple" ns0:href="../812/11812.xml" /></aircraft><conveyance wordnetid="103100490" confidence="0.8"><artifact wordnetid="100021939" confidence="0.8"><instrumentality wordnetid="103575240" confidence="0.8"><missile wordnetid="103773504" confidence="0.8"><rocket wordnetid="104099429" confidence="0.8"><weapon wordnetid="104565375" confidence="0.8"><vehicle wordnetid="104524313" confidence="0.8"><device wordnetid="103183080" confidence="0.8"><instrument wordnetid="103574816" confidence="0.8"><air-to-ground_missile wordnetid="102693540" confidence="0.8"><link ns0:type="simple" ns0:href="../314/3377314.xml">jassm</link></air-to-ground_missile></instrument></device></vehicle></weapon></rocket></missile></instrumentality></artifact></conveyance><weapon wordnetid="104565375" confidence="0.9508927676800064"><link ns0:type="simple" ns0:href="../575/315575.xml">javelin</link></weapon><link ns0:type="simple" ns0:href="../572/3718572.xml">jcm</link><weapon wordnetid="104565375" confidence="0.9508927676800064"><link ns0:type="simple" ns0:href="../151/38151.xml">hellfir</link></weapon><link ns0:type="simple" ns0:href="../011/147011.xml">himar</link><conveyance wordnetid="103100490" confidence="0.8"><artifact wordnetid="100021939" confidence="0.8"><instrumentality wordnetid="103575240" confidence="0.8"><missile wordnetid="103773504" confidence="0.8"><rocket wordnetid="104099429" confidence="0.8"><weapon wordnetid="104565375" confidence="0.8"><vehicle wordnetid="104524313" confidence="0.8"><surface-to-air_missile wordnetid="104363210" confidence="0.8"><device wordnetid="103183080" confidence="0.8"><guided_missile wordnetid="103466162" confidence="0.8"><instrument wordnetid="103574816" confidence="0.8"><link ns0:type="simple" ns0:href="../730/1034730.xml">mead</link></instrument></guided_missile></device></surface-to-air_missile></vehicle></weapon></rocket></missile></instrumentality></artifact></conveyance><link ns0:type="simple" ns0:href="../202/1167202.xml">milstar</link><weapon wordnetid="104565375" confidence="0.9508927676800064"><link ns0:type="simple" ns0:href="../976/932976.xml">mlr</link></weapon><link ns0:type="simple" ns0:href="../185/2088185.xml">muo</link><satellite wordnetid="104137444" confidence="0.8"><artifact wordnetid="100021939" confidence="0.8"><instrumentality wordnetid="103575240" confidence="0.8"><equipment wordnetid="103294048" confidence="0.8"><link ns0:type="simple" ns0:href="../970/2516970.xml">nimiq</link></equipment></instrumentality></artifact></satellite><link ns0:type="simple" ns0:href="../291/454291.xml">orion spacecraft</link>develop<aircraft wordnetid="102686568" confidence="0.9508927676800064"><link ns0:type="simple" ns0:href="../863/162863.xml" /></aircraft><conveyance wordnetid="103100490" confidence="0.8"><artifact wordnetid="100021939" confidence="0.8"><instrumentality wordnetid="103575240" confidence="0.8"><missile wordnetid="103773504" confidence="0.8"><rocket wordnetid="104099429" confidence="0.8"><weapon wordnetid="104565375" confidence="0.8"><vehicle wordnetid="104524313" confidence="0.8"><device wordnetid="103183080" confidence="0.8"><instrument wordnetid="103574816" confidence="0.8"><link ns0:type="simple" ns0:href="../960/3777960.xml">predat missil</link></instrument></device></vehicle></weapon></rocket></missile></instrumentality></artifact></conveyance><satellite wordnetid="104137444" confidence="0.8"><artifact wordnetid="100021939" confidence="0.8"><instrumentality wordnetid="103575240" confidence="0.8"><equipment wordnetid="103294048" confidence="0.8"><link ns0:type="simple" ns0:href="../132/934132.xml">sbir</link></equipment></instrumentality></artifact></satellite><conveyance wordnetid="103100490" confidence="0.8"><artifact wordnetid="100021939" confidence="0.8"><instrumentality wordnetid="103575240" confidence="0.8"><missile wordnetid="103773504" confidence="0.8"><rocket wordnetid="104099429" confidence="0.8"><weapon wordnetid="104565375" confidence="0.8"><vehicle wordnetid="104524313" confidence="0.8"><device wordnetid="103183080" confidence="0.8"><instrument wordnetid="103574816" confidence="0.8"><link ns0:type="simple" ns0:href="../696/1034696.xml">thaad</link></instrument></device></vehicle></weapon></rocket></missile></instrumentality></artifact></conveyance><sheath wordnetid="105238036" confidence="0.8"><natural_object wordnetid="100019128" confidence="0.8"><covering wordnetid="109257949" confidence="0.8"><husk wordnetid="113139647" confidence="0.8"><pod wordnetid="113140049" confidence="0.8"><link ns0:type="simple" ns0:href="../460/1087460.xml">sniper xr</link></pod></husk></covering></natural_object></sheath><link /><weapon wordnetid="104565375" confidence="0.9508927676800064"><link ns0:type="simple" ns0:href="../158/31158.xml">trident missil</link></weapon><link ns0:type="simple" ns0:href="../903/4838903.xml">vhu</link><aircraft wordnetid="102686568" confidence="0.9508927676800064"><link ns0:type="simple" ns0:href="../310/32310.xml" /></aircraft></p></col></row></table></col></row><row style="height:2px" /><row><col colspan="2" style="width:100%;padding:0px;;;" class="navbox-list navbox-even"><table style="width:100%;;;;" class="nowraplinks collapsible autocollapse navbox-subgroup" cellspacing="0"><row><header colspan="2" style=";" class="navbox-title">statist</header></row><row style="height:2px;" /><row><col colspan="2" style="width:100%;padding:0px;;;" class="navbox-list navbox-odd"><p><b>annual revenu</b>billion<link ns0:type="simple" ns0:href="../338/18717338.xml">usd</link><link ns0:type="simple" ns0:href="../099/5752099.xml">fy</link><b>employe</b><b>stock symbol</b><site wordnetid="108651247" confidence="0.8"><region wordnetid="108630985" confidence="0.8"><position wordnetid="108621598" confidence="0.8"><point wordnetid="108620061" confidence="0.8"><landmark wordnetid="108624891" confidence="0.8"><geographic_point wordnetid="108578706" confidence="0.8"><location wordnetid="100027167" confidence="0.8"><tract wordnetid="108673395" confidence="0.8"><workplace wordnetid="104602044" confidence="0.8"><geographical_area wordnetid="108574314" confidence="0.8"><stock_exchange wordnetid="104323026" confidence="0.8"><exchange wordnetid="103302487" confidence="0.8"><link ns0:type="simple" ns0:href="../560/21560.xml">nyse</link></exchange></stock_exchange></geographical_area></workplace></tract></location></geographic_point></landmark></point></position></region></site><weblink ns0:type="simple" ns0:href="http://www.nyse.com/about/listed/lcddata.html?ticker=LMT">lmt</weblink><b>ceo</b><physical_entity wordnetid="100001930" confidence="0.8"><executive wordnetid="110069645" confidence="0.8"><person wordnetid="100007846" confidence="0.8"><leader wordnetid="109623038" confidence="0.8"><administrator wordnetid="109770949" confidence="0.8"><causal_agent wordnetid="100007347" confidence="0.8"><head wordnetid="110162991" confidence="0.8"><link ns0:type="simple" ns0:href="../646/2219646.xml">robert steven</link></head></causal_agent></administrator></leader></person></executive></physical_entity><b>websit</b><weblink ns0:type="simple" ns0:href="http://www.lockheedmartin.com/">wwwlockheedmartincom</weblink></p></col></row></table></col></row></table></col></row></table></p></sec></bdy></software></application></article>