<article xmlns:ns0="http://www.w3.org/1999/xlink"><message confidence="0.8" wordnetid="106598915"><protocol confidence="0.8" wordnetid="106665108"><direction confidence="0.8" wordnetid="106786629"><rule confidence="0.8" wordnetid="106652242"><header><title>publiu publish system</title><id /><revision><id /><timestamp>tz</timestamp><contributor><username>cmdrobot</username><id /></contributor></revision><categories><category>articl invalid paramet templat</category><category>need wikifi</category><category>wikipedia articl updat</category><category>wikifi juli</category><category>cryptograph protocol</category></categories></header><bdy><table class="metadata plainlinks ambox "><row><col>amboxcont style</col></row><row><col class="mbox-image"><p><image width="44px" src="Ambox_outdated_serious.svg" /></p></col><col style="" class="mbox-text">articl updat updat articl reflect event newli remov templat finish</col></row></table><p><table class="metadata plainlinks ambox "><row><col>amboxstyl style</col></row><row><col class="mbox-image"><p><image width="50px" src="Wikitext.svg" /></p></col><col style="" class="mbox-text">articl help<weblink ns0:type="simple" ns0:href="http://localhost:18088/wiki/index.php?title=Publius_Publishing_System action=edit">improv articl</weblink>ad juli</col></row></table>publiu web protocol develop<weblink ns0:type="simple" ns0:href="http://www.cs.nyu.edu/~waldman/">waldman</weblink><scientist wordnetid="110560637" confidence="0.9508927676800064"><link ns0:type="simple" ns0:href="../317/4868317.xml">rubin</link></scientist><weblink ns0:type="simple" ns0:href="http://lorrie.cranor.org/">cranor</weblink>allow individu abil publish web anonym high guarante public will censor modifi third parti</p><p>design goal publiu develop team<list><entry level="1" type="bullet">censorship resist decreas chanc third parti will manag modifi delet publish materi</entry><entry level="1" type="bullet">tamper evid unauthor chang traceabl</entry><entry level="1" type="bullet">sourc anonym publish materi web</entry><entry level="1" type="bullet">updat publish allow modifi delet materi</entry><entry level="1" type="bullet">deniabl third parti particip publish materi lack respons host content</entry><entry level="1" type="bullet">fault toler system function involv third parti faulti malici</entry><entry level="1" type="bullet">persist expir publish materi</entry><entry level="1" type="bullet">extens support futur protocol extens growth number publish</entry><entry level="1" type="bullet">freeli softwar tool requir system charg</entry></list></p><ss1><st>overview</st><p>publiu web system consist agent<list><entry level="1" type="bullet">publish particip publish content web</entry><entry level="1" type="bullet">server host publish content web consid third parti</entry><entry level="1" type="bullet">retriev particip brows web content publish publish</entry></list></p><p>publiu system reli static list web server publish wish add content web encrypt random<event wordnetid="100029378" confidence="0.8"><rule wordnetid="105846932" confidence="0.8"><act wordnetid="100030358" confidence="0.8"><psychological_feature wordnetid="100023100" confidence="0.8"><procedure wordnetid="101023820" confidence="0.8"><activity wordnetid="100407535" confidence="0.8"><algorithm wordnetid="105847438" confidence="0.8"><link ns0:type="simple" ns0:href="../042/53042.xml">symmetr key</link></algorithm></activity></procedure></psychological_feature></act></rule></event>split share part kn share requir reconstruct<message wordnetid="106598915" confidence="0.8"><protocol wordnetid="106665108" confidence="0.8"><direction wordnetid="106786629" confidence="0.8"><rule wordnetid="106652242" confidence="0.8"><link ns0:type="simple" ns0:href="../253/458253.xml">secret share</link></rule></direction></protocol></message>subset server receiv share encrypt result key emk retriev whish origin content gener<link ns0:type="simple" ns0:href="../277/32277.xml">url</link>correspond content combin portion appear subset server list gather share copi emk allow retriev reconstruct key share decrypt emk modif remov server host content issu origin publish combin password host server domain</p><p>publiu support host<format wordnetid="106636806" confidence="0.9508927676800064"><link ns0:type="simple" ns0:href="../191/13191.xml">html</link></format>imag file format<link ns0:type="simple" ns0:href="../077/24077.xml">pdf</link><link ns0:type="simple" ns0:href="../080/24080.xml">postscript</link></p></ss1><sec><st>detail view</st><p>cover publiu protocol greater detail</p><ss1><st>oper</st><p>publiu protocol allow oper<list><entry level="1" type="bullet">publish publish spread content publiu web server</entry><entry level="1" type="bullet">retriev retriev specif<link ns0:type="simple" ns0:href="../277/32277.xml">url</link>gather desir content</entry><entry level="1" type="bullet">updat publish replac server host content file</entry><entry level="1" type="bullet">delet publish remov server host file</entry></list></p><p>publish wish add web content publiu web publiu client softwar publiu client proxi execut step<list><entry level="1" type="number">random<event wordnetid="100029378" confidence="0.8"><rule wordnetid="105846932" confidence="0.8"><act wordnetid="100030358" confidence="0.8"><psychological_feature wordnetid="100023100" confidence="0.8"><procedure wordnetid="101023820" confidence="0.8"><activity wordnetid="100407535" confidence="0.8"><algorithm wordnetid="105847438" confidence="0.8"><link ns0:type="simple" ns0:href="../042/53042.xml">symmetr key</link></algorithm></activity></procedure></psychological_feature></act></rule></event>gener</entry><entry level="1" type="number">origin content encrypt<event wordnetid="100029378" confidence="0.8"><rule wordnetid="105846932" confidence="0.8"><act wordnetid="100030358" confidence="0.8"><psychological_feature wordnetid="100023100" confidence="0.8"><procedure wordnetid="101023820" confidence="0.8"><activity wordnetid="100407535" confidence="0.8"><algorithm wordnetid="105847438" confidence="0.8"><link ns0:type="simple" ns0:href="../042/53042.xml">symmetrickey algorithm</link></algorithm></activity></procedure></psychological_feature></act></rule></event>key encrypt emk</entry><entry level="1" type="number">split share<event wordnetid="100029378" confidence="0.8"><rule wordnetid="105846932" confidence="0.8"><act wordnetid="100030358" confidence="0.8"><psychological_feature wordnetid="100023100" confidence="0.8"><procedure wordnetid="101023820" confidence="0.8"><activity wordnetid="100407535" confidence="0.8"><algorithm wordnetid="105847438" confidence="0.8"><link ns0:type="simple" ns0:href="../177/10948177.xml">shamir secret share</link></algorithm></activity></procedure></psychological_feature></act></rule></event>method kn share requir reconstruct method<link ns0:type="simple" ns0:href="../569/14569.xml">interpol</link></entry><entry level="1" type="number">share comput take place<math>name_i wraphm share_i</math><math>mshare_i</math>concaten result origin content key share<math>share_i</math><function wordnetid="113783816" confidence="0.9508927676800064"><link ns0:type="simple" ns0:href="../826/18826.xml">md</link></function>hush function wrap bitwis<link ns0:type="simple" ns0:href="../979/105979.xml">xor</link>result halv string return</entry><entry level="1" type="number">host server chosen server list chosen locat server list determin<math>location_i name_i mod</math>order valu rang uniqu locat step repeat till<math>gtk</math>uniqu locat</entry><entry level="1" type="number">server appear server list<math>location_i</math>directori name<math>name_i</math>creat encrypt content<math>emk</math>chosen server share key<math>share_i</math>addit informationa password file<function wordnetid="113783816" confidence="0.9508927676800064"><link ns0:type="simple" ns0:href="../826/18826.xml">md</link></function>hash chosen server domain concaten user chosen password authent publish wish updat remov content server</entry><entry level="1" type="number">uniqu publiu<link ns0:type="simple" ns0:href="../277/32277.xml">url</link>construct concaten<math>name_i</math>identifi server encrypt content key share</entry></list></p><p>diagram describ select server server list hold encrypt content hash directori name</p><p>publish oper chosen server locat<math>location_i</math>server list hold file directori name<math>name_i</math><list><entry level="1" type="bullet">file encrypt emk content origin content</entry><entry level="1" type="bullet">share hold share chosen server encrypt key<math>share_i</math></entry><entry level="1" type="bullet">password hold<function wordnetid="113783816" confidence="0.9508927676800064"><link ns0:type="simple" ns0:href="../826/18826.xml">md</link></function>hash concaten server domain user chosen password authent delet updat oper initi publish content host chosen server</entry></list></p><p>retriev wish brows web content publiu web publiu client softwar publiu client proxyexecut step<list><entry level="1" type="number"><link ns0:type="simple" ns0:href="../277/32277.xml">url</link>pars byte unit<math>name_i</math>unit concaten publish process</entry><entry level="1" type="number"><math>name_i</math>unit pars publiu<link ns0:type="simple" ns0:href="../277/32277.xml">url</link>host server locat server list comput<math>location_i name_i mod</math>indic server locat list</entry><entry level="1" type="number">server chosen arbitrarili locat server order reconstruct key<link ns0:type="simple" ns0:href="../569/14569.xml">interpol</link>retriev share chosen server</entry><entry level="1" type="number">chosen server chosen retriev encrypt content emk issu<link ns0:type="simple" ns0:href="../104/2701104.xml">http</link>request server file name file store server directori name<math>name_i</math></entry><entry level="1" type="number">share key fetch locat server file name share<math>name_i</math>directori</entry><entry level="1" type="number">origin messag decrypt emk reconstruct key</entry><entry level="1" type="number">retriev verifi content wasnt modifi key share<math>share_i</math>recomput<math>wraphm share_i</math>compar correspond<math>name_i</math>chunk pars publiu<link ns0:type="simple" ns0:href="../277/32277.xml">url</link></entry><entry level="2" type="number">mismatch set server content download server</entry><entry level="2" type="number">verifi origin content view web browser</entry></list></p><p>delet oper implement invok<link ns0:type="simple" ns0:href="../220/7220.xml">cgi</link>script run server server hash result<math>hsdnpasswd</math><function wordnetid="113783816" confidence="0.9508927676800064"><link ns0:type="simple" ns0:href="../826/18826.xml">md</link></function>hash result concaten server domain publish password correspond<math>name_i</math>string compar store password file directori<math>name_i</math>match file file remov directori</p><p>updat oper hash concaten server domain publish password order authent origin ownership host content oper updat ad addit updat file<math>name_i</math>publiu<link ns0:type="simple" ns0:href="../277/32277.xml">url</link>match updat content recal publiu url tie publish content share encrypt key verifi content retriev fact updat oper equival publish oper addit ad updat file<math>name_i</math>directori redirect futur retriev request<link ns0:type="simple" ns0:href="../277/32277.xml">url</link>retriev oper will issu<link ns0:type="simple" ns0:href="../277/32277.xml">url</link>publiu proxi client will redirect fetch<link ns0:type="simple" ns0:href="../277/32277.xml">url</link>will rest chosen server<link ns0:type="simple" ns0:href="../277/32277.xml">url</link>match set server will chosen retriev</p></ss1><ss1><st>publiu url</st><p>encrypt web content publiu protocol traceabl publiu<link ns0:type="simple" ns0:href="../277/32277.xml">url</link>format</p><p><math>httpanon option name_ name_ name_n</math></p><p><math>name_name_name_n</math>concaten hash origin content combin key share describ publish oper previou option<link ns0:type="simple" ns0:href="../277/32277.xml">url</link>bit repres charact<message wordnetid="106598915" confidence="0.8"><protocol wordnetid="106665108" confidence="0.8"><representation wordnetid="105926676" confidence="0.8"><direction wordnetid="106786629" confidence="0.8"><rule wordnetid="106652242" confidence="0.8"><link ns0:type="simple" ns0:href="../586/586.xml">ascii</link></rule></direction></representation></protocol></message>string<list><entry level="1" type="bullet">version number allow extens protocol backward compat interact version</entry><entry level="1" type="bullet">number share requir key reconstruct</entry><entry level="1" type="bullet">updat flag purpos will mention</entry></list></p></ss1><ss1><st>secur analysi</st><p><list><entry level="1" type="bullet">order publiu content updat inaccess requir copi encrypt content will delet corrupt will fail verif<link ns0:type="simple" ns0:href="../277/32277.xml">url</link>possibl lose nk encrypt key share leav share insuffici reconstruct choos high valu low valu guarante low chanc inaccess content occur</entry><entry level="1" type="bullet">tamper form insert fals updat third parti increas larger share will particip verif retriev contetnt increas chanc modif will notic</entry><entry level="1" type="bullet">updat flag field publiu<link ns0:type="simple" ns0:href="../277/32277.xml">url</link>prevent redirect fals updat fals updat third parti will ignor long updat flag<link ns0:type="simple" ns0:href="../277/32277.xml">url</link>set</entry></list></p></ss1></sec><sec><st>extern link</st><p><list><entry level="1" type="bullet"><weblink ns0:type="simple" ns0:href="http://www.cs.nyu.edu/~waldman/publius/">publiu</weblink></entry><entry level="1" type="bullet"><weblink ns0:type="simple" ns0:href="http://www.cs.nyu.edu/~waldman/publius/publius.pdf">publiu robust tamperevid censorshipresist web publish system</weblink></entry></list></p><p>gibb wayt speech account scientif american oct</p></sec></bdy></rule></direction></protocol></message></article>