<article xmlns:ns0="http://www.w3.org/1999/xlink"><artifact confidence="0.8" wordnetid="100021939"><facility confidence="0.8" wordnetid="103315023"><station confidence="0.8" wordnetid="104306080"><header><title>westbourn park tube station</title><id /><revision><id /><timestamp>tz</timestamp><contributor><username /><id /></contributor></revision><categories><category>great western main</category><category>hammersmith citi station</category></categories></header><bdy><table style="width: 22em; text-align: left; font-size: 88%; line-height: 1.5em; " class="infobox vcard" cellspacing="5"><caption style="font-size: 125%; font-weight: bold; " class="fn org">westbourn park</caption><row><col colspan="2" style="text-align:center; " class=""><image width="300px" src="Westbourne_Park_tube_station_1.jpg"><caption>westbourn park tube station</caption></image></col></row><row><header style="text-align: right">locat</header><col style="" class="label"><region wordnetid="108630985" confidence="0.8"><vicinity wordnetid="108641113" confidence="0.8"><area wordnetid="108497294" confidence="0.8"><location wordnetid="100027167" confidence="0.8"><district wordnetid="108552138" confidence="0.8"><section wordnetid="108648322" confidence="0.8"><link ns0:type="simple" ns0:href="../993/7318993.xml">westbourn green</link></section></district></location></area></vicinity></region></col></row><row><header style="text-align: right">local author</header><col style="" class=""><region wordnetid="108630985" confidence="0.8"><administrative_district wordnetid="108491826" confidence="0.8"><location wordnetid="100027167" confidence="0.8"><municipality wordnetid="108626283" confidence="0.8"><geographical_area wordnetid="108574314" confidence="0.8"><district wordnetid="108552138" confidence="0.8"><urban_area wordnetid="108675967" confidence="0.8"><city wordnetid="108524735" confidence="0.8"><link ns0:type="simple" ns0:href="../060/54060.xml">citi westminst</link></city></urban_area></district></geographical_area></municipality></location></administrative_district></region></col></row><row><header style="text-align: right">manag</header><col style="" class=""><body wordnetid="107965085" confidence="0.8"><social_group wordnetid="107950920" confidence="0.8"><railway wordnetid="104048568" confidence="0.8"><enterprise wordnetid="108056231" confidence="0.8"><carrier wordnetid="108057633" confidence="0.8"><group wordnetid="100031264" confidence="0.8"><business wordnetid="108061042" confidence="0.8"><administration wordnetid="108164585" confidence="0.8"><link ns0:type="simple" ns0:href="../839/17839.xml">london underground</link></administration></business></group></carrier></enterprise></railway></social_group></body></col></row><row><header style="text-align: right">platform</header><col style="" class="" /></row><row><header style="text-align: right"><company wordnetid="108058098" confidence="0.9508927676800064"><link ns0:type="simple" ns0:href="../145/31145.xml">tfl zone</link></company></header><col style="" class=""><link ns0:type="simple" ns0:href="../081/382081.xml" /></col></row><row><header style="text-align: right">lul usag</header><col style="" class=""><ref ns0:type="simple" ns0:href="#xpointer(//reflist/entry[@id=%221%22])" /></col></row><row><header style="text-align: right">lul usag</header><col style="" class=""><ref ns0:type="simple" ns0:href="#xpointer(//reflist/entry[@id=%221%22])" /></col></row><row><header colspan="2" style="text-align:center; " /></row><row><header style="text-align: right"><link ns0:type="simple" ns0:href="../767/34767.xml" /></header><col style="" class="">open</col></row><row><header colspan="2" style="text-align:center; " /></row><row><header style="text-align: right">list station</header><col style="" class=""><link ns0:type="simple" ns0:href="../617/210617.xml">underground</link><link ns0:type="simple" ns0:href="../268/361268.xml">nation rail</link></col></row><row><header colspan="2" style="text-align:center; "><image width="32px" src="Portal.svg"><caption>portallondon transport</caption></image>london transport portal</header></row></table><p>westbourn park<body wordnetid="107965085" confidence="0.8"><social_group wordnetid="107950920" confidence="0.8"><railway wordnetid="104048568" confidence="0.8"><enterprise wordnetid="108056231" confidence="0.8"><carrier wordnetid="108057633" confidence="0.8"><group wordnetid="100031264" confidence="0.8"><business wordnetid="108061042" confidence="0.8"><administration wordnetid="108164585" confidence="0.8"><link ns0:type="simple" ns0:href="../839/17839.xml">london underground</link></administration></business></group></carrier></enterprise></railway></social_group></body>station<link ns0:type="simple" ns0:href="../600/92600.xml">hammersmith citi</link><artifact wordnetid="100021939" confidence="0.8"><facility wordnetid="103315023" confidence="0.8"><station wordnetid="104306080" confidence="0.8"><link ns0:type="simple" ns0:href="../929/1524929.xml">ladbrok grove</link></station></facility></artifact><artifact wordnetid="100021939" confidence="0.8"><facility wordnetid="103315023" confidence="0.8"><station wordnetid="104306080" confidence="0.8"><link ns0:type="simple" ns0:href="../805/822805.xml">royal oak</link></station></facility></artifact>station<link ns0:type="simple" ns0:href="../081/382081.xml">travelcard zone</link><link ns0:type="simple" ns0:href="../498/706498.xml">metropolitan railway</link>extend<artifact wordnetid="100021939" confidence="0.8"><facility wordnetid="103315023" confidence="0.8"><station wordnetid="104306080" confidence="0.8"><link ns0:type="simple" ns0:href="../929/1524929.xml">not hill</link></station></facility></artifact><artifact wordnetid="100021939" confidence="0.8"><facility wordnetid="103315023" confidence="0.8"><station wordnetid="104306080" confidence="0.8"><link ns0:type="simple" ns0:href="../439/2334439.xml">hammersmith</link></station></facility></artifact><link ns0:type="simple" ns0:href="../856/15856.xml">june</link><link ns0:type="simple" ns0:href="../786/34786.xml" />station open<link ns0:type="simple" ns0:href="../846/10846.xml">februari</link><link ns0:type="simple" ns0:href="../667/34667.xml" />close<link ns0:type="simple" ns0:href="../437/22437.xml">octob</link><link ns0:type="simple" ns0:href="../767/34767.xml" />replac day station construct east origin februari bomb plant suffragett discov westbourn park station</p><p>adjoin station<link>centerwest</link>bu garag</p><sec><st>westbourn park railway station</st><p><company wordnetid="108058098" confidence="0.9508927676800064"><link ns0:type="simple" ns0:href="../385/4385.xml">british rail</link></company>platform<mathematical_relation wordnetid="113783581" confidence="0.8"><operator wordnetid="113786413" confidence="0.8"><function wordnetid="113783816" confidence="0.8"><link ns0:type="simple" ns0:href="../346/584346.xml">great western main</link></function></operator></mathematical_relation>close earli station<link ns0:type="simple" ns0:href="../600/92600.xml">hammersmith citi</link><artifact wordnetid="100021939" confidence="0.8"><facility wordnetid="103315023" confidence="0.8"><station wordnetid="104306080" confidence="0.8"><link ns0:type="simple" ns0:href="../805/822805.xml">royal oak</link></station></facility></artifact><company wordnetid="108058098" confidence="0.8"><institution wordnetid="108053576" confidence="0.8"><link ns0:type="simple" ns0:href="../875/96875.xml">gwr</link></institution></company>station shut arriv underground<link ns0:type="simple" ns0:href="../767/34767.xml" />today<link ns0:type="simple" ns0:href="../777/152777.xml">paddington</link><station wordnetid="104306080" confidence="0.9508927676800064"><link ns0:type="simple" ns0:href="../111/804111.xml">acton main</link></station></p></sec><sec><st>galleri</st><p><image width="150px" src="Westbourne_Park_tube_station_2.jpg"><caption>view westbound platform</caption></image><image width="150px" src="Westbourne_Park_tube_station_3.jpg"><caption>platform footbridg</caption></image><image width="150px" src="Westbourne_Park_tube_station_4.jpg"><caption>roundel</caption></image></p><p><table style="margin:0.5em auto; font-size:95%;clear:both;" class="wikitable"><row><header style="vertical-align: middle; width: 30%; border-top: 1px #aaa solid; border-right: 1px #aaa solid; border-left: 0px; border-bottom: 0px; color:inherit; background-color:#f2f2f2; ">preced station</header><header style="border-left: 0px none; border-right: 0px none; border-bottom: 0px none; border-top: 1px #aaa solid; background-color:#" /><header style="vertical-align: middle; border-top: 1px #aaa solid; border-left: 0px none; border-right: 0px none; border-bottom: 0px none; background-color:#"><image width="15px" src="Underground_no-text.svg" /><body wordnetid="107965085" confidence="0.8"><social_group wordnetid="107950920" confidence="0.8"><railway wordnetid="104048568" confidence="0.8"><enterprise wordnetid="108056231" confidence="0.8"><carrier wordnetid="108057633" confidence="0.8"><group wordnetid="100031264" confidence="0.8"><business wordnetid="108061042" confidence="0.8"><administration wordnetid="108164585" confidence="0.8"><link ns0:type="simple" ns0:href="../839/17839.xml">london underground</link></administration></business></group></carrier></enterprise></railway></social_group></body></header><header style="border-left: 0px none; border-right: 0px none; border-bottom: 0px none; border-top: 1px #aaa solid; background-color:#" /><header style="vertical-align: middle; width: 30%; border-top: 1px #aaa solid; border-left: 1px #aaa solid; border-right: 0px; border-bottom: 0px; color:inherit; background-color:#f2f2f2; ">station</header></row><row style="text-align: center;"><col style="vertical-align: middle; border-left: 0px none; border-bottom: 0px none; border-right: 1px #aaa solid; border-top: 1px #aaa solid;" rowspan="1"><artifact wordnetid="100021939" confidence="0.8"><facility wordnetid="103315023" confidence="0.8"><station wordnetid="104306080" confidence="0.8"><link ns0:type="simple" ns0:href="../929/1524929.xml">ladbrok grove</link></station></facility></artifact><artifact wordnetid="100021939" confidence="0.8"><facility wordnetid="103315023" confidence="0.8"><station wordnetid="104306080" confidence="0.8"><link ns0:type="simple" ns0:href="../439/2334439.xml">hammersmith</link></station></facility></artifact></col><col style="border-left: 0px none; border-bottom: 0px none; border-right: 0px none; border-top: 1px #aaa solid; width: 8px; background-color: #D799AF" rowspan="1" /><col style="vertical-align: middle; border-bottom: 0px none;" rowspan="1"><line wordnetid="108430568" confidence="0.9508927676800064"><link ns0:type="simple" ns0:href="../600/92600.xml">hammersmith citi</link></line></col><col style="border-left: 0px none; border-bottom: 0px none; border-right: 0px none; border-top: 1px #aaa solid; width: 8px; background-color: #D799AF" rowspan="1" /><col style="vertical-align: middle; border-left: 1px #aaa solid; border-bottom: 0px none; border-right: 0px none; border-top: 1px #aaa solid;" rowspan="1"><artifact wordnetid="100021939" confidence="0.8"><facility wordnetid="103315023" confidence="0.8"><station wordnetid="104306080" confidence="0.8"><link ns0:type="simple" ns0:href="../805/822805.xml">royal oak</link></station></facility></artifact><station wordnetid="104306080" confidence="0.9508927676800064"><link ns0:type="simple" ns0:href="../994/548994.xml">bark</link></station></col></row></table></p></sec><sec><st>refer</st><p><reflist><entry id="1">transport london<weblink ns0:type="simple" ns0:href="http://www.tfl.gov.uk/tfl/corporate/modesoftransport/tube/performance/default.asp?onload=entryexit">london underground perform updat</weblink></entry></reflist></p><p><link ns0:type="simple" ns0:href="../361/48361.xml">coordin</link><weblink ns0:type="simple" ns0:href="http://stable.toolserver.org/geohack/geohack.php?pagename=Westbourne_Park_tube_station params=51_31_16_N_0_12_04_W_region:GB_type:railwaystation" /></p><p><table style=";" class="navbox" cellspacing="0"><row><col style="padding:2px;"><table style="width:100%;background:transparent;color:inherit;;" class="nowraplinks collapsible collapsed " cellspacing="0"><row><header colspan="2" style=";" class="navbox-title">disus railway station london</header></row><row style="height:2px;" /><row><col style=";;" class="navbox-group">east</col><col style="text-align:left;border-left:2px solid #fdfdfd;width:100%;padding:0px;;;" class="navbox-list navbox-odd"><p><link ns0:type="simple" ns0:href="../098/5222098.xml">ec tjr</link><artifact wordnetid="100021939" confidence="0.8"><terminal wordnetid="104412901" confidence="0.8"><facility wordnetid="103315023" confidence="0.8"><station wordnetid="104306080" confidence="0.8"><railway_station wordnetid="104049098" confidence="0.8"><link ns0:type="simple" ns0:href="../882/5290882.xml">beckton</link></railway_station></station></facility></terminal></artifact><artifact wordnetid="100021939" confidence="0.8"><terminal wordnetid="104412901" confidence="0.8"><facility wordnetid="103315023" confidence="0.8"><station wordnetid="104306080" confidence="0.8"><railway_station wordnetid="104049098" confidence="0.8"><link ns0:type="simple" ns0:href="../230/8372230.xml">central</link></railway_station></station></facility></terminal></artifact><artifact wordnetid="100021939" confidence="0.8"><terminal wordnetid="104412901" confidence="0.8"><facility wordnetid="103315023" confidence="0.8"><station wordnetid="104306080" confidence="0.8"><railway_station wordnetid="104049098" confidence="0.8"><link ns0:type="simple" ns0:href="../851/8371851.xml">connaught road</link></railway_station></station></facility></terminal></artifact><artifact wordnetid="100021939" confidence="0.8"><terminal wordnetid="104412901" confidence="0.8"><facility wordnetid="103315023" confidence="0.8"><station wordnetid="104306080" confidence="0.8"><railway_station wordnetid="104049098" confidence="0.8"><link ns0:type="simple" ns0:href="../459/8372459.xml">gallion</link></railway_station></station></facility></terminal></artifact><artifact wordnetid="100021939" confidence="0.8"><facility wordnetid="103315023" confidence="0.8"><station wordnetid="104306080" confidence="0.8"><link ns0:type="simple" ns0:href="../366/8372366.xml">manor</link></station></facility></artifact><station wordnetid="104306080" confidence="0.9508927676800064"><link ns0:type="simple" ns0:href="../500/8609500.xml">north woolwich</link></station><station wordnetid="104306080" confidence="0.9508927676800064"><link ns0:type="simple" ns0:href="../030/1138030.xml">silvertown</link></station><artifact wordnetid="100021939" confidence="0.8"><facility wordnetid="103315023" confidence="0.8"><station wordnetid="104306080" confidence="0.8"><link ns0:type="simple" ns0:href="../175/5291175.xml">stratford market</link></station></facility></artifact><artifact wordnetid="100021939" confidence="0.8"><facility wordnetid="103315023" confidence="0.8"><station wordnetid="104306080" confidence="0.8"><link ns0:type="simple" ns0:href="../976/5290976.xml">tidal basin</link></station></facility></artifact></p><p><company wordnetid="108058098" confidence="0.8"><institution wordnetid="108053576" confidence="0.8"><link ns0:type="simple" ns0:href="../989/647989.xml">ecr</link></institution></company><company wordnetid="108058098" confidence="0.8"><institution wordnetid="108053576" confidence="0.8"><link ns0:type="simple" ns0:href="../011/648011.xml">ger</link></institution></company><structure wordnetid="104341686" confidence="0.8"><building wordnetid="102913152" confidence="0.8"><artifact wordnetid="100021939" confidence="0.8"><terminal wordnetid="104412901" confidence="0.8"><facility wordnetid="103315023" confidence="0.8"><station wordnetid="104306080" confidence="0.8"><railway_station wordnetid="104049098" confidence="0.8"><link ns0:type="simple" ns0:href="../141/642141.xml">bishopsg</link></railway_station></station></facility></terminal></artifact></building></structure><structure wordnetid="104341686" confidence="0.8"><building wordnetid="102913152" confidence="0.8"><artifact wordnetid="100021939" confidence="0.8"><terminal wordnetid="104412901" confidence="0.8"><facility wordnetid="103315023" confidence="0.8"><station wordnetid="104306080" confidence="0.8"><railway_station wordnetid="104049098" confidence="0.8"><link ns0:type="simple" ns0:href="../669/10980669.xml">bishopsg low level</link></railway_station></station></facility></terminal></artifact></building></structure><artifact wordnetid="100021939" confidence="0.8"><terminal wordnetid="104412901" confidence="0.8"><facility wordnetid="103315023" confidence="0.8"><station wordnetid="104306080" confidence="0.8"><railway_station wordnetid="104049098" confidence="0.8"><link ns0:type="simple" ns0:href="../582/939582.xml">bow road</link></railway_station></station></facility></terminal></artifact><artifact wordnetid="100021939" confidence="0.8"><terminal wordnetid="104412901" confidence="0.8"><facility wordnetid="103315023" confidence="0.8"><station wordnetid="104306080" confidence="0.8"><railway_station wordnetid="104049098" confidence="0.8"><link ns0:type="simple" ns0:href="../592/5301592.xml">burdett road</link></railway_station></station></facility></terminal></artifact><artifact wordnetid="100021939" confidence="0.8"><facility wordnetid="103315023" confidence="0.8"><station wordnetid="104306080" confidence="0.8"><link ns0:type="simple" ns0:href="../441/15717441.xml">coborn road</link></station></facility></artifact><link ns0:type="simple" ns0:href="../796/18743796.xml">devonshir street</link><artifact wordnetid="100021939" confidence="0.8"><facility wordnetid="103315023" confidence="0.8"><station wordnetid="104306080" confidence="0.8"><link ns0:type="simple" ns0:href="../502/15570502.xml">globe road</link></station></facility></artifact><artifact wordnetid="100021939" confidence="0.8"><terminal wordnetid="104412901" confidence="0.8"><facility wordnetid="103315023" confidence="0.8"><station wordnetid="104306080" confidence="0.8"><railway_station wordnetid="104049098" confidence="0.8"><link ns0:type="simple" ns0:href="../246/3251246.xml">lea bridg</link></railway_station></station></facility></terminal></artifact><structure wordnetid="104341686" confidence="0.8"><building wordnetid="102913152" confidence="0.8"><artifact wordnetid="100021939" confidence="0.8"><facility wordnetid="103315023" confidence="0.8"><station wordnetid="104306080" confidence="0.8"><link ns0:type="simple" ns0:href="../027/16562027.xml">mile</link></station></facility></artifact></building></structure></p><p><link ns0:type="simple" ns0:href="../329/638329.xml">br</link><artifact wordnetid="100021939" confidence="0.8"><terminal wordnetid="104412901" confidence="0.8"><facility wordnetid="103315023" confidence="0.8"><station wordnetid="104306080" confidence="0.8"><railway_station wordnetid="104049098" confidence="0.8"><link ns0:type="simple" ns0:href="../594/5250594.xml">blackwal</link></railway_station></station></facility></terminal></artifact><artifact wordnetid="100021939" confidence="0.8"><facility wordnetid="103315023" confidence="0.8"><station wordnetid="104306080" confidence="0.8"><link ns0:type="simple" ns0:href="../979/15733979.xml">cannon street road</link></station></facility></artifact><artifact wordnetid="100021939" confidence="0.8"><facility wordnetid="103315023" confidence="0.8"><station wordnetid="104306080" confidence="0.8"><link ns0:type="simple" ns0:href="../103/15734103.xml">leman street</link></station></facility></artifact><artifact wordnetid="100021939" confidence="0.8"><terminal wordnetid="104412901" confidence="0.8"><facility wordnetid="103315023" confidence="0.8"><station wordnetid="104306080" confidence="0.8"><railway_station wordnetid="104049098" confidence="0.8"><link ns0:type="simple" ns0:href="../494/5340494.xml">limehous</link></railway_station></station></facility></terminal></artifact><artifact wordnetid="100021939" confidence="0.8"><terminal wordnetid="104412901" confidence="0.8"><facility wordnetid="103315023" confidence="0.8"><station wordnetid="104306080" confidence="0.8"><railway_station wordnetid="104049098" confidence="0.8"><link ns0:type="simple" ns0:href="../215/5293215.xml">millwal junction</link></railway_station></station></facility></terminal></artifact><artifact wordnetid="100021939" confidence="0.8"><terminal wordnetid="104412901" confidence="0.8"><facility wordnetid="103315023" confidence="0.8"><station wordnetid="104306080" confidence="0.8"><railway_station wordnetid="104049098" confidence="0.8"><link ns0:type="simple" ns0:href="../679/5744679.xml">millwal dock</link></railway_station></station></facility></terminal></artifact><artifact wordnetid="100021939" confidence="0.8"><terminal wordnetid="104412901" confidence="0.8"><facility wordnetid="103315023" confidence="0.8"><station wordnetid="104306080" confidence="0.8"><railway_station wordnetid="104049098" confidence="0.8"><link ns0:type="simple" ns0:href="../542/5311542.xml">minori</link></railway_station></station></facility></terminal></artifact><artifact wordnetid="100021939" confidence="0.8"><terminal wordnetid="104412901" confidence="0.8"><facility wordnetid="103315023" confidence="0.8"><station wordnetid="104306080" confidence="0.8"><railway_station wordnetid="104049098" confidence="0.8"><link ns0:type="simple" ns0:href="../766/5744766.xml">north greenwich</link></railway_station></station></facility></terminal></artifact><artifact wordnetid="100021939" confidence="0.8"><terminal wordnetid="104412901" confidence="0.8"><facility wordnetid="103315023" confidence="0.8"><station wordnetid="104306080" confidence="0.8"><railway_station wordnetid="104049098" confidence="0.8"><link ns0:type="simple" ns0:href="../711/5250711.xml">poplar</link></railway_station></station></facility></terminal></artifact><artifact wordnetid="100021939" confidence="0.8"><facility wordnetid="103315023" confidence="0.8"><station wordnetid="104306080" confidence="0.8"><link ns0:type="simple" ns0:href="../119/5341119.xml">shadwel</link></station></facility></artifact><artifact wordnetid="100021939" confidence="0.8"><facility wordnetid="103315023" confidence="0.8"><station wordnetid="104306080" confidence="0.8"><link ns0:type="simple" ns0:href="../592/5744592.xml">south dock</link></station></facility></artifact><artifact wordnetid="100021939" confidence="0.8"><facility wordnetid="103315023" confidence="0.8"><station wordnetid="104306080" confidence="0.8"><link ns0:type="simple" ns0:href="../725/5340725.xml">west india dock</link></station></facility></artifact></p><p><company wordnetid="108058098" confidence="0.8"><institution wordnetid="108053576" confidence="0.8"><link ns0:type="simple" ns0:href="../605/708605.xml">nlr</link></institution></company><artifact wordnetid="100021939" confidence="0.8"><terminal wordnetid="104412901" confidence="0.8"><facility wordnetid="103315023" confidence="0.8"><station wordnetid="104306080" confidence="0.8"><railway_station wordnetid="104049098" confidence="0.8"><link ns0:type="simple" ns0:href="../267/4370267.xml">bow</link></railway_station></station></facility></terminal></artifact><structure wordnetid="104341686" confidence="0.8"><building wordnetid="102913152" confidence="0.8"><artifact wordnetid="100021939" confidence="0.8"><terminal wordnetid="104412901" confidence="0.8"><facility wordnetid="103315023" confidence="0.8"><station wordnetid="104306080" confidence="0.8"><railway_station wordnetid="104049098" confidence="0.8"><link ns0:type="simple" ns0:href="../173/509173.xml">broad street</link></railway_station></station></facility></terminal></artifact></building></structure><artifact wordnetid="100021939" confidence="0.8"><facility wordnetid="103315023" confidence="0.8"><station wordnetid="104306080" confidence="0.8"><link ns0:type="simple" ns0:href="../277/4370277.xml">ford</link></station></facility></artifact><artifact wordnetid="100021939" confidence="0.8"><facility wordnetid="103315023" confidence="0.8"><station wordnetid="104306080" confidence="0.8"><link ns0:type="simple" ns0:href="../591/5220591.xml">poplar</link></station></facility></artifact><artifact wordnetid="100021939" confidence="0.8"><facility wordnetid="103315023" confidence="0.8"><station wordnetid="104306080" confidence="0.8"><link ns0:type="simple" ns0:href="../402/1179402.xml">shoreditch</link></station></facility></artifact><artifact wordnetid="100021939" confidence="0.8"><facility wordnetid="103315023" confidence="0.8"><station wordnetid="104306080" confidence="0.8"><link ns0:type="simple" ns0:href="../110/5220110.xml">south bromley</link></station></facility></artifact><artifact wordnetid="100021939" confidence="0.8"><facility wordnetid="103315023" confidence="0.8"><station wordnetid="104306080" confidence="0.8"><link ns0:type="simple" ns0:href="../274/4370274.xml">victoria park</link></station></facility></artifact></p></col></row><row style="height:2px" /><row><col style=";;" class="navbox-group">west</col><col style="text-align:left;border-left:2px solid #fdfdfd;width:100%;padding:0px;;;" class="navbox-list navbox-even"><p><railway wordnetid="104048568" confidence="0.8"><enterprise wordnetid="108056231" confidence="0.8"><carrier wordnetid="108057633" confidence="0.8"><business wordnetid="108061042" confidence="0.8"><link ns0:type="simple" ns0:href="../248/1105248.xml">wll</link></business></carrier></enterprise></railway><artifact wordnetid="100021939" confidence="0.8"><terminal wordnetid="104412901" confidence="0.8"><facility wordnetid="103315023" confidence="0.8"><station wordnetid="104306080" confidence="0.8"><railway_station wordnetid="104049098" confidence="0.8"><link ns0:type="simple" ns0:href="../520/1105520.xml">battersea</link></railway_station></station></facility></terminal></artifact><link ns0:type="simple" ns0:href="../221/1666221.xml">chelsea fulham</link><link ns0:type="simple" ns0:href="../254/1666254.xml">wormwood scrub</link><station wordnetid="104306080" confidence="0.9508927676800064"><link ns0:type="simple" ns0:href="../426/1061426.xml">uxbridg road</link></station></p><p><link ns0:type="simple" ns0:href="../009/250009.xml">swr</link><station wordnetid="104306080" confidence="0.9508927676800064"><link ns0:type="simple" ns0:href="../790/2334790.xml">hammersmith grove road</link></station><structure wordnetid="104341686" confidence="0.8"><building wordnetid="102913152" confidence="0.8"><artifact wordnetid="100021939" confidence="0.8"><terminal wordnetid="104412901" confidence="0.8"><facility wordnetid="103315023" confidence="0.8"><station wordnetid="104306080" confidence="0.8"><railway_station wordnetid="104049098" confidence="0.8"><link ns0:type="simple" ns0:href="../830/17193830.xml">kew bridg</link></railway_station></station></facility></terminal></artifact></building></structure><artifact wordnetid="100021939" confidence="0.8"><terminal wordnetid="104412901" confidence="0.8"><facility wordnetid="103315023" confidence="0.8"><station wordnetid="104306080" confidence="0.8"><railway_station wordnetid="104049098" confidence="0.8"><link ns0:type="simple" ns0:href="../954/7328954.xml">shepherd bush</link></railway_station></station></facility></terminal></artifact></p><p><link ns0:type="simple" ns0:href="../473/823473.xml">lc dr</link><artifact wordnetid="100021939" confidence="0.8"><facility wordnetid="103315023" confidence="0.8"><station wordnetid="104306080" confidence="0.8"><link ns0:type="simple" ns0:href="../760/16337760.xml">battersea park road</link></station></facility></artifact><artifact wordnetid="100021939" confidence="0.8"><facility wordnetid="103315023" confidence="0.8"><station wordnetid="104306080" confidence="0.8"><link ns0:type="simple" ns0:href="../167/3765167.xml">grosvenor road</link></station></facility></artifact></p><p><arrangement wordnetid="107938773" confidence="0.8"><company wordnetid="108058098" confidence="0.8"><line wordnetid="108430568" confidence="0.8"><group wordnetid="100031264" confidence="0.8"><institution wordnetid="108053576" confidence="0.8"><formation wordnetid="108426461" confidence="0.8"><link ns0:type="simple" ns0:href="../004/184004.xml">gcr</link></formation></institution></group></line></company></arrangement><artifact wordnetid="100021939" confidence="0.8"><facility wordnetid="103315023" confidence="0.8"><station wordnetid="104306080" confidence="0.8"><link ns0:type="simple" ns0:href="../879/696879.xml">ruislip garden</link></station></facility></artifact><link ns0:type="simple" ns0:href="../526/5982526.xml">south harefield</link><artifact wordnetid="100021939" confidence="0.8"><terminal wordnetid="104412901" confidence="0.8"><facility wordnetid="103315023" confidence="0.8"><station wordnetid="104306080" confidence="0.8"><railway_station wordnetid="104049098" confidence="0.8"><link ns0:type="simple" ns0:href="../585/1568585.xml#xpointer(//*[./st=%22The+original+Wembley+Stadium+station%22])">wembley stadium</link></railway_station></station></facility></terminal></artifact></p><p><company wordnetid="108058098" confidence="0.8"><institution wordnetid="108053576" confidence="0.8"><link ns0:type="simple" ns0:href="../875/96875.xml">gwr</link></institution></company><link>brentford dock</link><link>brentford town</link><artifact wordnetid="100021939" confidence="0.8"><facility wordnetid="103315023" confidence="0.8"><station wordnetid="104306080" confidence="0.8"><link ns0:type="simple" ns0:href="../607/16338607.xml">colnbrook</link></station></facility></artifact><artifact wordnetid="100021939" confidence="0.8"><facility wordnetid="103315023" confidence="0.8"><station wordnetid="104306080" confidence="0.8"><link ns0:type="simple" ns0:href="../937/16374937.xml">cowley</link></station></facility></artifact><artifact wordnetid="100021939" confidence="0.8"><facility wordnetid="103315023" confidence="0.8"><station wordnetid="104306080" confidence="0.8"><link ns0:type="simple" ns0:href="../805/822805.xml">royal oak</link></station></facility></artifact><artifact wordnetid="100021939" confidence="0.8"><facility wordnetid="103315023" confidence="0.8"><station wordnetid="104306080" confidence="0.8"><link ns0:type="simple" ns0:href="../755/16342755.xml">poyl</link></station></facility></artifact><structure wordnetid="104341686" confidence="0.8"><building wordnetid="102913152" confidence="0.8"><artifact wordnetid="100021939" confidence="0.8"><terminal wordnetid="104412901" confidence="0.8"><facility wordnetid="103315023" confidence="0.8"><station wordnetid="104306080" confidence="0.8"><railway_station wordnetid="104049098" confidence="0.8"><link ns0:type="simple" ns0:href="../268/712268.xml">uxbridg vine street</link></railway_station></station></facility></terminal></artifact></building></structure><structure wordnetid="104341686" confidence="0.8"><building wordnetid="102913152" confidence="0.8"><artifact wordnetid="100021939" confidence="0.8"><terminal wordnetid="104412901" confidence="0.8"><facility wordnetid="103315023" confidence="0.8"><station wordnetid="104306080" confidence="0.8"><railway_station wordnetid="104049098" confidence="0.8"><link ns0:type="simple" ns0:href="../270/712270.xml">uxbridg high street</link></railway_station></station></facility></terminal></artifact></building></structure><artifact wordnetid="100021939" confidence="0.8"><facility wordnetid="103315023" confidence="0.8"><station wordnetid="104306080" confidence="0.8"><link ns0:type="simple" ns0:href="../439/1083439.xml#xpointer(//*[./st=%22Westbourne+Park+railway+station%22])">westbourn park</link></station></facility></artifact></p><p><company wordnetid="108058098" confidence="0.8"><institution wordnetid="108053576" confidence="0.8"><link ns0:type="simple" ns0:href="../429/188429.xml" /></institution></company><artifact wordnetid="100021939" confidence="0.8"><terminal wordnetid="104412901" confidence="0.8"><facility wordnetid="103315023" confidence="0.8"><station wordnetid="104306080" confidence="0.8"><railway_station wordnetid="104049098" confidence="0.8"><link ns0:type="simple" ns0:href="../843/16266843.xml">dud hill</link></railway_station></station></facility></terminal></artifact><artifact wordnetid="100021939" confidence="0.8"><terminal wordnetid="104412901" confidence="0.8"><facility wordnetid="103315023" confidence="0.8"><station wordnetid="104306080" confidence="0.8"><railway_station wordnetid="104049098" confidence="0.8"><link ns0:type="simple" ns0:href="../533/16364533.xml">harlesden</link></railway_station></station></facility></terminal></artifact></p></col></row><row style="height:2px" /><row><col style=";;" class="navbox-group">south</col><col style="text-align:left;border-left:2px solid #fdfdfd;width:100%;padding:0px;;;" class="navbox-list navbox-odd"><p><link ns0:type="simple" ns0:href="../473/823473.xml">lc dr</link><artifact wordnetid="100021939" confidence="0.8"><facility wordnetid="103315023" confidence="0.8"><station wordnetid="104306080" confidence="0.8"><link ns0:type="simple" ns0:href="../760/16337760.xml">battersea park road</link></station></facility></artifact><artifact wordnetid="100021939" confidence="0.8"><facility wordnetid="103315023" confidence="0.8"><station wordnetid="104306080" confidence="0.8"><link ns0:type="simple" ns0:href="../136/15520136.xml">blackfriar bridg</link></station></facility></artifact><artifact wordnetid="100021939" confidence="0.8"><facility wordnetid="103315023" confidence="0.8"><station wordnetid="104306080" confidence="0.8"><link ns0:type="simple" ns0:href="../402/15519402.xml">borough road</link></station></facility></artifact><artifact wordnetid="100021939" confidence="0.8"><facility wordnetid="103315023" confidence="0.8"><station wordnetid="104306080" confidence="0.8"><link ns0:type="simple" ns0:href="../706/15518706.xml">camberwel</link></station></facility></artifact><artifact wordnetid="100021939" confidence="0.8"><facility wordnetid="103315023" confidence="0.8"><station wordnetid="104306080" confidence="0.8"><link ns0:type="simple" ns0:href="../061/15518061.xml">walworth road</link></station></facility></artifact></p><p><link ns0:type="simple" ns0:href="../871/2063871.xml">lgr</link><artifact wordnetid="100021939" confidence="0.8"><terminal wordnetid="104412901" confidence="0.8"><facility wordnetid="103315023" confidence="0.8"><station wordnetid="104306080" confidence="0.8"><railway_station wordnetid="104049098" confidence="0.8"><link ns0:type="simple" ns0:href="../645/18514645.xml">southwark park</link></railway_station></station></facility></terminal></artifact><artifact wordnetid="100021939" confidence="0.8"><facility wordnetid="103315023" confidence="0.8"><station wordnetid="104306080" confidence="0.8"><link ns0:type="simple" ns0:href="../307/1135307.xml">spa road</link></station></facility></artifact></p><p><company wordnetid="108058098" confidence="0.8"><institution wordnetid="108053576" confidence="0.8"><link ns0:type="simple" ns0:href="../719/1140719.xml">ser</link></institution></company><artifact wordnetid="100021939" confidence="0.8"><terminal wordnetid="104412901" confidence="0.8"><facility wordnetid="103315023" confidence="0.8"><station wordnetid="104306080" confidence="0.8"><railway_station wordnetid="104049098" confidence="0.8"><link ns0:type="simple" ns0:href="../212/14221212.xml">blackfriar road</link></railway_station></station></facility></terminal></artifact></p></col></row></table></col></row></table></p></sec></bdy></station></facility></artifact></article>