<article xmlns:ns0="http://www.w3.org/1999/xlink"><know-how confidence="0.8" wordnetid="105616786"><method confidence="0.8" wordnetid="105660268"><header><title>statist static time analysi</title><id /><revision><id /><timestamp>tz</timestamp><contributor><username>kim brune</username><id /></contributor></revision><categories><category>digit electron</category><category>electron design autom</category><category>formal method</category></categories></header><bdy>convent<link ns0:type="simple" ns0:href="../747/2546747.xml">static time analysi</link>sta stock analysi algorithm design digit circuit year year increas variat semiconductor devic interconnect introduc number issu handl tradit determinist sta led consider<b>statist static time analysi</b>replac normal determinist time gate interconnect probabl distribut distribut circuit outcom singl outcom<sec><st>sta popular</st><p>fashion determinist sta popular good reason<list><entry level="1" type="bullet">requir vector path</entry><entry level="1" type="bullet">time linear circuit size basic algorithm</entry><entry level="1" type="bullet">result conserv</entry><entry level="1" type="bullet">typic fairli simpl librari typic delay output slope function input slope output load</entry><entry level="1" type="bullet">easi extend increment oper optim</entry></list></p></sec><sec><st>limit convent sta</st><p>sta success number limit<list><entry level="1" type="bullet">easili handl withindi correl spatial correl includ</entry><entry level="1" type="bullet"><it>corner</it>handl case</entry><entry level="1" type="bullet">random variat order conserv time pessimist result competit product</entry><entry level="1" type="bullet">chang address correl problem cppr common path pessim remov basic algorithm slower linear time nonincrement</entry></list></p><p>ssta attack limit directli ssta sensit find correl delay correl comput add statist distribut delay</p><p>interestingli technic reason determist sta enhanc handl correl sensit keep vector senstiv ssta histor big burden add sta clear need ssta complain critic ssta altern propos</p></sec><sec><st>method ssta</st><p>main categori ssta algorithm pathbas blockbas method</p><p>pathbas algorithm<ref ns0:type="simple" ns0:href="#xpointer(//reflist/entry[@id=%221%22])" />sum gate wire delay specif path statist calcul simpl path interest identifi prior run analysi potenti path relev analyz path select</p><p>blockbas algorithm<ref ns0:type="simple" ns0:href="#xpointer(//reflist/entry[@id=%222%22])" />gener arriv time requir time node work forward backward clock element advantag complet path select biggest problem statist max min oper consid correl need hard technic problem</p></sec><sec><st>critic ssta</st><p>number critic level ssta<list><entry level="1" type="bullet">complex realist nongaussian distribut</entry><entry level="1" type="bullet">hard coupl optim flow algorithm</entry><entry level="1" type="bullet">hard data algorithm data timevari unreli</entry><entry level="1" type="bullet">serious custom fab restrict chang fab chang statist properti process</entry><entry level="1" type="bullet">benefit small compar enhanc determinist sta take account sensit correl<ref ns0:type="simple" ns0:href="#xpointer(//reflist/entry[@id=%223%22])" /></entry></list></p></sec><sec><st /><p><list><entry level="1" type="bullet"><know-how wordnetid="105616786" confidence="0.8"><method wordnetid="105660268" confidence="0.8"><link ns0:type="simple" ns0:href="../747/2546747.xml">static time analysi</link></method></know-how></entry></list></p></sec><sec><st>refer</st><p><reflist><entry id="1">orshanski keutzer<weblink ns0:type="simple" ns0:href="http://dx.doi.org/10.1109/DAC.2002.1012687">gener probabilist framework worst case time analysi</weblink>design autom confer proceed iss</entry><entry id="2">visweswariah ravindran kalafala walker sg narayan beec dk piaget venkateswaran hemmett jg<weblink ns0:type="simple" ns0:href="http://dx.doi.org/10.1109/TCAD.2005.862751">firstord increment blockbas statist time analysi</weblink>ieee transact computeraid design integr circuit system iss oct</entry><entry id="3">noel menez<weblink ns0:type="simple" ns0:href="http://www.ispd.cc/slides07/noel.pdf">good bad statist</weblink>ispd</entry></reflist></p></sec></bdy></method></know-how></article>