<article xmlns:ns0="http://www.w3.org/1999/xlink"><entity confidence="0.9511911446218017" wordnetid="100001740"><header><title>xanthorrhoeacea</title><id /><revision><id /><timestamp>tz</timestamp><contributor><username>hesperian</username><id /></contributor></revision><categories><category>xanthorrhoeacea</category></categories></header><bdy><table style="text-align:center; padding:2.5px; width:200px;" class="infobox biota"><row style="text-align:center;"><header style="background:#90EE90;">xanthorrhoeacea</header></row><row style="text-align:center;"><col><image width="230px" src="Xanthorrhoea_preissii1.jpg"><caption><it><link>xanthorrhoea preissii</link></it></caption></image><it><link>xanthorrhoea preissii</link></it></col></row><row style="background:#90EE90;" /><row style="text-align:center;"><header style="background:#90EE90;"><link ns0:type="simple" ns0:href="../581/53581.xml">scientif classif</link></header></row><row style="text-align:center;"><col><table style="margin:0 auto; text-align:left; background:transparent;" cellpadding="2"><row valign="top" /><row valign="top" /><row valign="top" /><row valign="top" /><row valign="top" /><row valign="top"><col>kingdom</col><col><link ns0:type="simple" ns0:href="../208/23208.xml">plant</link>ae</col></row><row valign="top" /><row valign="top" /><row valign="top" /><row valign="top" /><row valign="top"><col>divis</col><col><link ns0:type="simple" ns0:href="../967/18967.xml">magnoliophyta</link></col></row><row valign="top" /><row valign="top" /><row valign="top" /><row valign="top" /><row valign="top" /><row valign="top" /><row valign="top" /><row valign="top" /><row valign="top" /><row valign="top"><col>class</col><col><link ns0:type="simple" ns0:href="../126/67126.xml">liliopsida</link></col></row><row valign="top" /><row valign="top" /><row valign="top" /><row valign="top" /><row valign="top" /><row valign="top"><col>order</col><col><link ns0:type="simple" ns0:href="../786/786.xml">asparagal</link></col></row><row valign="top" /><row valign="top" /><row valign="top" /><row valign="top" /><row valign="top" /><row valign="top" /><row valign="top" /><row valign="top" /><row valign="top"><col>famili</col><col><b>xanthorrhoeacea</b>dumort</col></row><row valign="top" /><row valign="top" /><row valign="top" /><row valign="top" /><row valign="top" /><row valign="top" /><row valign="top" /><row valign="top" /><row valign="top" /><row valign="top" /><row valign="top" /><row valign="top" /><row valign="top" /><row valign="top" /><row valign="top" /><row valign="top" /><row valign="top" /></table></col></row><row style="background:#90EE90;" /><row style="background:#90EE90;" /><row style="background:#90EE90;" /><row style="background:#90EE90;" /><row style="background:#90EE90;" /><row style="text-align:center;"><col><image width="230px" src="Map-Xanthorhoeaceae.PNG"><caption>distribut xanthorhoeacea<link ns0:type="simple" ns0:href="../153/11051153.xml">str</link></caption></image>distribut xanthorhoeacea<link ns0:type="simple" ns0:href="../153/11051153.xml">str</link></col></row><row style="text-align:center;" /><row style="text-align:center;" /><row style="text-align:center;" /><row style="text-align:center;" /><row style="text-align:center;" /><row style="text-align:center;" /><row style="text-align:center;" /><row style="text-align:center;" /><row style="text-align:center;" /><row style="background:#90EE90;"><header>genera</header></row><row><col style="padding:0 .5em; text-align:left;">text</col></row></table><p><b>xanthorrhoeacea</b><link ns0:type="simple" ns0:href="../329/1651329.xml">botan</link>famili<link ns0:type="simple" ns0:href="../967/18967.xml">flower plant</link>famili recogn taxonomist famili vari wildli</p><p><link ns0:type="simple" ns0:href="../401/4067401.xml">apg ii system</link>recogn famili place famili order<link ns0:type="simple" ns0:href="../786/786.xml">asparagal</link>clade<link ns0:type="simple" ns0:href="../625/55625.xml">monocot</link>allow option<list><entry level="1" type="bullet"><it>sensu lato</it>famili consist genu<it><link ns0:type="simple" ns0:href="../626/615626.xml">xanthorrhoea</link></it>plant famili<link ns0:type="simple" ns0:href="../528/615528.xml">asphodelacea</link><link ns0:type="simple" ns0:href="../617/615617.xml">hemerocallidacea</link><weblink ns0:type="simple" ns0:href="http://www.mobot.org/MOBOT/Research/APweb/welcome.html">apwebsit</weblink>famili consist three dozen genera</entry><entry level="1" type="bullet"><it>sensu stricto</it>famili consist genu<it><link ns0:type="simple" ns0:href="../626/615626.xml">xanthorrhoea</link></it>option famili<link ns0:type="simple" ns0:href="../528/615528.xml">asphodelacea</link><link ns0:type="simple" ns0:href="../617/615617.xml">hemerocallidacea</link>recogn separ satellit famili</entry></list></p><p>previou<link ns0:type="simple" ns0:href="../808/3955808.xml">system plant taxonomi</link>plant form famili<link ns0:type="simple" ns0:href="../004/4092004.xml">dasypogonacea</link>reckon belong famili</p><sec><st>extern link</st><p><list><entry level="1" type="bullet"><weblink ns0:type="simple" ns0:href="http://delta-intkey.com/angio/www/xanthorr.htm">xanthorrhoeacea</weblink>watson mj dallwitz onward<it><weblink ns0:type="simple" ns0:href="http://delta-intkey.com/angio/">famili flower plant</weblink>descript illustr identif retriev</it>version march httpdeltaintkeycom</entry><entry level="1" type="bullet"><weblink ns0:type="simple" ns0:href="http://www.ncbi.nlm.nih.gov/Taxonomy/Browser/wwwtax.cgi?mode=Tree id=27232 lvl=3 lin=f keep=1 srchmode=1 unlock">ncbi taxonomi browser</weblink></entry><entry level="1" type="bullet"><weblink ns0:type="simple" ns0:href="http://www.csdl.tamu.edu/FLORA/cgi/gateway_family?fam=Xanthorrhoeaceae">link csdl texa</weblink></entry></list></p></sec></bdy></entity></article>