<article xmlns:ns0="http://www.w3.org/1999/xlink"><entity confidence="0.9511911446218017" wordnetid="100001740"><musician confidence="0.9511911446218017" wordnetid="110340312"><singer confidence="0.9173553029164789" wordnetid="110599806"><actress confidence="0.9173553029164789" wordnetid="109767700"><actor confidence="0.9508927676800064" wordnetid="109765278"><dancer confidence="0.9173553029164789" wordnetid="109989502"><header><title>jasmin guy</title><id /><revision><id /><timestamp>tz</timestamp><contributor><username>duncharri</username><id /></contributor></revision><categories><category>american film actor</category><category>american portugues descent</category><category>birth</category><category>live peopl</category><category>american actorsing</category><category>multiraci actor</category><category>peopl boston massachusett</category><category>massachusett actor</category><category>afroportugues peopl</category><category>peopl mix black africaneuropean ethnic</category><category>american televis actor</category><category>american rhythm blue singer</category><category>african american actor</category><category>african american singer</category><category>american femal singer</category><category>multiraci musician</category><category>american stage actor</category></categories></header><bdy><template><name>infobox actor</name><parameters><image width="150px" src="Replace_this_image_female.svg"><caption>replac imag femalesvg</caption></image><occupation><link ns0:type="simple" ns0:href="../753/753.xml">actress</link><link ns0:type="simple" ns0:href="../707/162707.xml">singer</link><link ns0:type="simple" ns0:href="../917/48917.xml">dancer</link></occupation><location><village wordnetid="108672738" confidence="0.9508927676800064"><link ns0:type="simple" ns0:href="../309/4309.xml">boston massachusett</link></village></location><spouse>terrenc duckett presentfil divorc child</spouse><name>jasmin guy</name><birthdate>march age</birthdate><imagesize>px</imagesize><naacpimageawards><symbol wordnetid="106806469" confidence="0.8"><award wordnetid="106696483" confidence="0.8"><signal wordnetid="106791372" confidence="0.8"><link ns0:type="simple" ns0:href="../122/476122.xml">outstand actress comedi seri</link></signal></award></symbol><series wordnetid="108457976" confidence="0.9508927676800064"><link ns0:type="simple" ns0:href="../471/589471.xml" /></series></naacpimageawards></parameters></template><p>jasmin guy born<link ns0:type="simple" ns0:href="../196/20196.xml">march</link><link ns0:type="simple" ns0:href="../717/34717.xml" /><village wordnetid="108672738" confidence="0.9508927676800064"><link ns0:type="simple" ns0:href="../309/4309.xml">boston massachusett</link></village><body wordnetid="107965085" confidence="0.8"><social_group wordnetid="107950920" confidence="0.8"><political_orientation wordnetid="106212839" confidence="0.8"><colony wordnetid="108374049" confidence="0.8"><state wordnetid="108168978" confidence="0.8"><political_unit wordnetid="108359949" confidence="0.8"><group wordnetid="100031264" confidence="0.8"><democracy wordnetid="106217103" confidence="0.8"><link ns0:type="simple" ns0:href="../750/3434750.xml">american</link></democracy></group></political_unit></state></colony></political_orientation></social_group></body><link ns0:type="simple" ns0:href="../753/753.xml">actress</link><link ns0:type="simple" ns0:href="../707/162707.xml">singer</link><link ns0:type="simple" ns0:href="../917/48917.xml">dancer</link>well star role<fictional_character wordnetid="109587565" confidence="0.8"><imaginary_being wordnetid="109483738" confidence="0.8"><link ns0:type="simple" ns0:href="../887/1858887.xml">southern bell</link></imaginary_being></fictional_character><fictional_character wordnetid="109587565" confidence="0.8"><imaginary_being wordnetid="109483738" confidence="0.8"><link ns0:type="simple" ns0:href="../798/5079798.xml">whitley gilbert</link></imaginary_being></fictional_character>televis seri<series wordnetid="108457976" confidence="0.9508927676800064"><link ns0:type="simple" ns0:href="../471/589471.xml" /></series></p><sec><st>biographi</st><p>born<link ns0:type="simple" ns0:href="../ury/22nd_century.xml">africanamerican</link>father white<ref ns0:type="simple" ns0:href="#xpointer(//reflist/entry[@id=%221%22])" /><ethnic_group wordnetid="107967382" confidence="0.9508927676800064"><link ns0:type="simple" ns0:href="../642/970642.xml">portugues</link></ethnic_group>mother guy rais<village wordnetid="108672738" confidence="0.9508927676800064"><link ns0:type="simple" ns0:href="../138/3138.xml">atlanta georgia</link></village>attend northsid perform art high school merg<school wordnetid="108276720" confidence="0.8"><educational_institution wordnetid="108276342" confidence="0.8"><institution wordnetid="108053576" confidence="0.8"><link ns0:type="simple" ns0:href="../744/7103744.xml">north fulton high school</link></institution></educational_institution></school>form<school wordnetid="108276720" confidence="0.9508927676800064"><link ns0:type="simple" ns0:href="../728/1523728.xml">north atlanta high school</link></school>mother jay rudolph father reverend william guy pastor histor friendship baptist church atlanta serv earli<university wordnetid="108286163" confidence="0.9508927676800064"><link ns0:type="simple" ns0:href="../823/363823.xml">morehous colleg</link></university><university wordnetid="108286163" confidence="0.9508927676800064"><link ns0:type="simple" ns0:href="../014/364014.xml">spelman colleg</link></university>school serv set hillman colleg fiction school depict studi danc<actor wordnetid="109765278" confidence="0.9508927676800064"><choreographer wordnetid="109920283" confidence="0.9173553029164789"><link ns0:type="simple" ns0:href="../643/497643.xml">alvin ailey american danc center</link></choreographer></actor>york citi</p><p><link ns0:type="simple" ns0:href="../396/9614396.xml" />releas selftitl debut album spawn three billboard top hit lover hold spring jasmin spoke graduat class<university wordnetid="108286163" confidence="0.9508927676800064"><link ns0:type="simple" ns0:href="../510/89510.xml">univers north carolina chapel hill</link></university>reveal will record second album comment entertain industri music industri worst will sell album onlin major label market strategi<person wordnetid="100007846" confidence="0.9508927676800064"><artist wordnetid="109812338" confidence="0.9508927676800064"><link ns0:type="simple" ns0:href="../317/57317.xml">princ</link></artist></person></p><p>marri terrenc duckett coupl child girl name imani born april peopl magazin report actress husband year divorc irreconcil differ</p><p>jasmin guy good friend slain rapper tupac shakur met costar jada pinkett smith guy collabor shakur mother afeni write biographi life black panther book afeni shakur evolut revolutionari publish simon schuster receiv critic acclaim poignanc</p></sec><sec><st>televis role</st><p>guy cameo role episod<series wordnetid="108457976" confidence="0.9508927676800064"><link ns0:type="simple" ns0:href="../046/167046.xml">fresh princ belair</link></series>play<rapper wordnetid="110507482" confidence="0.9173553029164789"><manufacturer wordnetid="110292316" confidence="0.9173553029164789"><film_maker wordnetid="110088390" confidence="0.9173553029164789"><actor wordnetid="109765278" confidence="0.9173553029164789"><artist wordnetid="109812338" confidence="0.9508927676800064"><link ns0:type="simple" ns0:href="../698/154698.xml">will smith</link></artist></actor></film_maker></manufacturer></rapper>girlfriend charact kayla problem colleg spend time situat wors appear<series wordnetid="108457976" confidence="0.9508927676800064"><link ns0:type="simple" ns0:href="../259/682259.xml">live singl</link></series>creat execut<physical_entity wordnetid="100001930" confidence="0.8"><communicator wordnetid="109610660" confidence="0.8"><person wordnetid="100007846" confidence="0.8"><manufacturer wordnetid="110292316" confidence="0.8"><maker wordnetid="110284064" confidence="0.8"><causal_agent wordnetid="100007347" confidence="0.8"><writer wordnetid="110794014" confidence="0.8"><creator wordnetid="109614315" confidence="0.8"><link ns0:type="simple" ns0:href="../682/5228682.xml">yvett lee bowser</link></creator></writer></causal_agent></maker></manufacturer></person></communicator></physical_entity>guy play psychologist advis khadijah began exhibit symptom<link ns0:type="simple" ns0:href="../531/4531.xml">bipolar disord</link>guy appear caitlin mill episod<series wordnetid="108457976" confidence="0.9508927676800064"><link ns0:type="simple" ns0:href="../320/171320.xml">melros place</link></series>jack wagner charact love interest cameo appear<series wordnetid="108457976" confidence="0.9508927676800064"><link ns0:type="simple" ns0:href="../782/657782.xml">moesha</link></series>spinoff<series wordnetid="108457976" confidence="0.9508927676800064"><link ns0:type="simple" ns0:href="../572/656572.xml">parker</link></series><series wordnetid="108457976" confidence="0.9508927676800064"><link ns0:type="simple" ns0:href="../681/494681.xml">raven</link></series>episod checkin famou fashion photograph name pistach actress star role<series wordnetid="108457976" confidence="0.9508927676800064"><link ns0:type="simple" ns0:href="../652/440652.xml">dead</link></series><policeman wordnetid="110448983" confidence="0.9173553029164789"><link>roxi harvey</link></policeman>cartoon<series wordnetid="108457976" confidence="0.9508927676800064"><link ns0:type="simple" ns0:href="../858/457858.xml">cyberchas</link></series>guy lent voic charact ava queen<link ns0:type="simple" ns0:href="../858/457858.xml">cybersit</link>symmetria ms fileshar cybrarian recur role kathleen fallen angel cb network drama<link ns0:type="simple" ns0:href="../590/510590.xml">touch angel</link></p></sec><sec><st>film role</st><p>earli tv seri famou guy major film role play dominiqu la rue<movie wordnetid="106613686" confidence="0.9508927676800064"><link ns0:type="simple" ns0:href="../132/1681132.xml">harlem night</link></movie>star eddi murphi richard pryor film pryor charact harlem sugar ray owner illeg casino contend pressur viciou gangster corrupt policemen busi harlem guy play girlfriend group nemesi set seduc kill murphi jasmin role musicaldrama film<movie wordnetid="106613686" confidence="0.9508927676800064"><link ns0:type="simple" ns0:href="../281/2851281.xml">school daze</link></movie>dina member lightskin straighthair african american women gamma ray women auxiliari gamma phi gamma fratern written direct spike lee movi star laurenc fishburn giancarlo esposito tisha campbel jasmin provid voic sawyer cat warner bro anim film<movie wordnetid="106613686" confidence="0.9508927676800064"><link ns0:type="simple" ns0:href="../614/668614.xml">cat dont danc</link></movie>will appear upcom film<movie wordnetid="106613686" confidence="0.9508927676800064"><link ns0:type="simple" ns0:href="../734/12747734.xml">dead film</link></movie></p></sec><sec><st>stage</st><p>guy perform<link ns0:type="simple" ns0:href="../252/725252.xml">broadway</link>appear crow<musical wordnetid="107019172" confidence="0.9508927676800064"><link ns0:type="simple" ns0:href="../934/418934.xml">wiz</link></musical>mickey<musical wordnetid="107019172" confidence="0.9508927676800064"><link ns0:type="simple" ns0:href="../641/9429641.xml">leader pack</link></musical>betti rizzo<musical wordnetid="107019172" confidence="0.9508927676800064"><link ns0:type="simple" ns0:href="../898/142898.xml">greas</link></musical>velma kelli<musical wordnetid="107019172" confidence="0.9508927676800064"><link ns0:type="simple" ns0:href="../077/213077.xml">chicago</link></musical></p></sec><sec><st>radio</st><p>actress record public servic announc deejay ra hiphop literaci campaign encourag read book<person wordnetid="100007846" confidence="0.9508927676800064"><artist wordnetid="109812338" confidence="0.9508927676800064"><link ns0:type="simple" ns0:href="../341/31341.xml">tupac shakur</link></artist></person></p></sec><sec><st>music</st><ss1><st>album</st><p><table class="wikitable"><header align="left">album</header><row bgcolor="#F0F8FF"><col align="left"><link>jasmin guy</link><list><entry level="1" type="bullet">releas oct</entry><entry level="1" type="bullet">label<label wordnetid="107202579" confidence="0.9508927676800064"><link ns0:type="simple" ns0:href="../933/935933.xml">warner bro</link></label></entry><entry level="1" type="bullet">catalog number</entry><entry level="1" type="bullet">chart peak pop heatseek</entry><entry level="1" type="bullet"><link ns0:type="simple" ns0:href="../159/308159.xml">riaa certif</link></entry><entry level="1" type="bullet">singl lover hold dont money</entry></list></col></row></table></p></ss1><ss1><st>singl</st><p><table class="wikitable"><header align="left" valign="top">year</header><header align="left" valign="top">titl</header><header align="left" valign="top">album</header><header width="40" align="center" valign="top"><chart wordnetid="106999802" confidence="0.8"><visual_communication wordnetid="106873252" confidence="0.8"><link ns0:type="simple" ns0:href="../161/423161.xml" /></visual_communication></chart></header><header width="60" align="center" valign="top"><link ns0:type="simple" ns0:href="../292/13745292.xml" /></header><row><col align="left" valign="top" /><col align="left" valign="top" /><col align="left" valign="top">jasmin guy</col><col align="center" valign="top" /><col align="center" valign="top" /></row><row><col align="left" valign="top" /><col align="left" valign="top">lover</col><col align="left" valign="top">jasmin guy</col><col align="center" valign="top" /><col align="center" valign="top" /></row><row><col align="left" valign="top" /><col align="left" valign="top">hold<artist wordnetid="109812338" confidence="0.9508927676800064"><link ns0:type="simple" ns0:href="../361/738361.xml">jame ingram</link></artist></col><col align="left" valign="top">jasmin guy</col><col align="center" valign="top" /><col align="center" valign="top" /></row><row><col align="left" valign="top" /><col align="left" valign="top">dont money</col><col align="left" valign="top">jasmin guy</col><col align="center" valign="top" /><col align="center" valign="top" /></row></table></p></ss1></sec><sec><st>refer</st><p><reflist><entry id="1">thompson kevin<weblink ns0:type="simple" ns0:href="http://209.85.173.104/search?q=cache:0Rc8T6coTEcJ:www.essence.com/essence/themix/entertainment/0,16109,1828035,00.html+http://www.essence.com/essence/themix/entertainment/0,16109,1828035,00.html hl=en ct=clnk cd=1 gl=us">jasmin guy flashback friday star whitley impend divorc grow biraci</weblink><work wordnetid="104599396" confidence="0.8"><product wordnetid="104007894" confidence="0.8"><magazine wordnetid="106595351" confidence="0.8"><print_media wordnetid="106263609" confidence="0.8"><creation wordnetid="103129123" confidence="0.8"><press wordnetid="106263369" confidence="0.8"><artifact wordnetid="100021939" confidence="0.8"><instrumentality wordnetid="103575240" confidence="0.8"><medium wordnetid="106254669" confidence="0.8"><publication wordnetid="106589574" confidence="0.8"><link ns0:type="simple" ns0:href="../391/1773391.xml">essenc</link></publication></medium></instrumentality></artifact></press></creation></print_media></magazine></product></work></entry></reflist></p></sec><sec><st>extern link</st><p><list><entry level="1" type="bullet"><weblink ns0:type="simple" ns0:href="http://www.imdb.com/name/nm0004982/">jasmin guy</weblink><web_site wordnetid="106359193" confidence="0.9508927676800064"><link ns0:type="simple" ns0:href="../554/2855554.xml">internet movi databas</link></web_site></entry><entry level="1" type="bullet"><weblink ns0:type="simple" ns0:href="http://www.tv.com/person/4003/summary.html">jasmin guy</weblink><web_site wordnetid="106359193" confidence="0.9508927676800064"><link ns0:type="simple" ns0:href="../055/2026055.xml">tvcom</link></web_site></entry><entry level="1" type="bullet"><weblink ns0:type="simple" ns0:href="http://www.ibdb.com/person.asp?ID=77525">jasmin guy</weblink><possession wordnetid="100032613" confidence="0.8"><property wordnetid="113244109" confidence="0.8"><link ns0:type="simple" ns0:href="../348/1037348.xml">internet broadway databas</link></property></possession></entry><entry level="1" type="bullet"><weblink ns0:type="simple" ns0:href="http://movies.yahoo.com/movie/contributor/1800020881">jasmin guy</weblink><web_site wordnetid="106359193" confidence="0.9508927676800064"><link ns0:type="simple" ns0:href="../907/908907.xml">yahoo movi</link></web_site></entry><entry level="1" type="bullet"><weblink ns0:type="simple" ns0:href="http://www.jasmineguy.org/">offici site</weblink></entry></list></p></sec></bdy></dancer></actor></actress></singer></musician></entity></article>