<article xmlns:ns0="http://www.w3.org/1999/xlink"><person confidence="0.9638700866880419" wordnetid="100007846"><header><title>kelso cochran</title><id /><revision><id /><timestamp>tz</timestamp><contributor><username>good olfactori</username><id /></contributor></revision><categories><category>birth</category><category>peopl murder england</category><category>peopl not hill</category><category>death</category><category>antigua barbuda peopl murder abroad</category><category>antigua barbuda immigr unit kingdom</category></categories></header><bdy><b>kelso cochran</b><link ns0:type="simple" ns0:href="../631/19631.xml" /><link ns0:type="simple" ns0:href="../662/34662.xml" /><link ns0:type="simple" ns0:href="../554/1967554.xml">antigua</link><link ns0:type="simple" ns0:href="../312/4599312.xml">immigr</link><autocracy wordnetid="108361001" confidence="0.8"><system wordnetid="108435388" confidence="0.8"><social_group wordnetid="107950920" confidence="0.8"><political_orientation wordnetid="106212839" confidence="0.8"><monarchy wordnetid="108363812" confidence="0.8"><state wordnetid="108168978" confidence="0.8"><political_unit wordnetid="108359949" confidence="0.8"><political_system wordnetid="108367880" confidence="0.8"><economy wordnetid="108366753" confidence="0.8"><group wordnetid="100031264" confidence="0.8"><democracy wordnetid="106217103" confidence="0.8"><link ns0:type="simple" ns0:href="../717/31717.xml">britain</link></democracy></group></economy></political_system></political_unit></state></monarchy></political_orientation></social_group></system></autocracy>murder spark tension<village wordnetid="108672738" confidence="0.9508927676800064"><link ns0:type="simple" ns0:href="../867/17867.xml">london</link></village><p>cochran move london settl<site wordnetid="108651247" confidence="0.9508927676800064"><link ns0:type="simple" ns0:href="../200/94200.xml">not hill</link></site>work<link ns0:type="simple" ns0:href="../274/189274.xml">carpent</link>aim save suffici money studi<link ns0:type="simple" ns0:href="../668/18949668.xml">law</link>fractur thumb work accid attend<link>paddington gener hospit</link>walk set group white youth stab<link ns0:type="simple" ns0:href="../089/1113089.xml">stiletto knife</link>three men arriv scene youth three men cochran hospit die cochran<link ns0:type="simple" ns0:href="../182/11182.xml">funer</link>attend peopl</p><p>not hill time stronghold<person wordnetid="100007846" confidence="0.9508927676800064"><link ns0:type="simple" ns0:href="../236/69236.xml">oswald mosley</link></person><event wordnetid="100029378" confidence="0.8"><change wordnetid="100191142" confidence="0.8"><action wordnetid="100037396" confidence="0.8"><party wordnetid="108256968" confidence="0.8"><motion wordnetid="100331950" confidence="0.8"><act wordnetid="100030358" confidence="0.8"><psychological_feature wordnetid="100023100" confidence="0.8"><link ns0:type="simple" ns0:href="../121/725121.xml">union movement</link></psychological_feature></act></motion></party></action></change></event><person wordnetid="100007846" confidence="0.9508927676800064"><writer wordnetid="110794014" confidence="0.9173553029164789"><link ns0:type="simple" ns0:href="../016/677016.xml">colin jordan</link></writer></person><party wordnetid="108256968" confidence="0.8"><link ns0:type="simple" ns0:href="../138/725138.xml">white defenc leagu</link></party>previou year racist riot broken area</p><p>detect investig case initi convinc youth motiv<link ns0:type="simple" ns0:href="../849/54849.xml">robberi</link>cochran lack money explain fianc cochran empti wallet morn<link ns0:type="simple" ns0:href="../619/327619.xml">searchlight</link>claim polic public denial<link ns0:type="simple" ns0:href="../613/25613.xml">racist</link>motiv misguid attempt ensur calm area local union movement member peter dawson claim<it><link ns0:type="simple" ns0:href="../457/689457.xml">sunday peopl</link></it>group member respons murder mosley held public meet spot cochran murder</p><p>murder<link ns0:type="simple" ns0:href="../930/334930.xml">british govern</link>organis investig<link ns0:type="simple" ns0:href="../192/2046192.xml">race relat</link>chair<benefactor wordnetid="109608709" confidence="0.8"><physical_entity wordnetid="100001930" confidence="0.8"><person wordnetid="100007846" confidence="0.8"><good_person wordnetid="110138767" confidence="0.8"><disputant wordnetid="109615465" confidence="0.8"><communicator wordnetid="109610660" confidence="0.8"><reformer wordnetid="110515194" confidence="0.8"><donor wordnetid="110025730" confidence="0.8"><militant wordnetid="110315837" confidence="0.8"><causal_agent wordnetid="100007347" confidence="0.8"><writer wordnetid="110794014" confidence="0.8"><subscriber wordnetid="110670310" confidence="0.8"><journalist wordnetid="110224578" confidence="0.8"><link ns0:type="simple" ns0:href="../534/10845534.xml">ami ashwood garvey</link></journalist></subscriber></writer></causal_agent></militant></donor></reformer></communicator></disputant></good_person></person></physical_entity></benefactor></p><sec><st>refer</st><p><list><entry level="1" type="bullet"><weblink ns0:type="simple" ns0:href="http://news.bbc.co.uk/1/hi/programmes/4871898.stm">kill kelso cochran</weblink><statement wordnetid="106722453" confidence="0.8"><message wordnetid="106598915" confidence="0.8"><announcement wordnetid="106746580" confidence="0.8"><program wordnetid="106748466" confidence="0.8"><link ns0:type="simple" ns0:href="../893/1139893.xml">bbc news</link></program></announcement></message></statement></entry><entry level="1" type="bullet"><weblink ns0:type="simple" ns0:href="http://www.searchlightmagazine.com/index.php?link=template story=164">kill brother</weblink><link ns0:type="simple" ns0:href="../619/327619.xml">searchlight</link></entry></list></p></sec></bdy></person></article>