<article xmlns:ns0="http://www.w3.org/1999/xlink"><header><title>taramosalata</title><id /><revision><id /><timestamp>tz</timestamp><contributor><username>warrington</username><id /></contributor></revision><categories><category>dip</category><category>greek cuisin</category><category>roe</category></categories></header><bdy>articl greekturkish food villag okinawa<japan wordnetid="103593222" confidence="0.9508927676800064"><link ns0:type="simple" ns0:href="../426/451426.xml">tarama okinawa</link></japan><it>song<artist wordnetid="109812338" confidence="0.9508927676800064"><link ns0:type="simple" ns0:href="../640/3101640.xml">eggston</link></artist><link>vive la diffrenc</link></it><image location="right" width="150px" src="Taramosalata01.jpg" type="thumb"><caption>plate taramosalata garnish cucumb oliv tomato</caption></image><b>taramosalata</b><link ns0:type="simple" ns0:href="../887/11887.xml">greek</link><b>tarama</b>greek turkish<link ns0:type="simple" ns0:href="../015/351015.xml">meze</link>tradit<it>tarama</it>salt cure<link ns0:type="simple" ns0:href="../507/294507.xml">roe</link><link ns0:type="simple" ns0:href="../515/41515.xml">cod</link><link ns0:type="simple" ns0:href="../900/60900.xml">carp</link>blend base form fish roe cod common<p>roe mix bread crumb mash potato lemon juic vinegar oliv oil</p><p>colour vari creami beig pink depend type roe massproduc taramosalata bright pink colour addit food colour</p><p>eaten dip<link ns0:type="simple" ns0:href="../969/36969.xml">bread</link>raw veget</p><p>altern spell taram<b />salata<ref ns0:type="simple" ns0:href="#xpointer(//reflist/entry[@id=%221%22])" /></p><p>dip spread<b>salata de icr</b>common<country wordnetid="108544813" confidence="0.9508927676800064"><link ns0:type="simple" ns0:href="../445/25445.xml">romania</link></country>carp roe her roe gener sunflow veget oil oliv oil mass produc groceri shop supermarket well</p><sec><st>note</st><p><reflist><entry id="1"><it>collin english dictionari</it></entry></reflist></p></sec></bdy></article>