<article xmlns:ns0="http://www.w3.org/1999/xlink"><social_group confidence="0.8" wordnetid="107950920"><meeting confidence="0.8" wordnetid="108307589"><gathering confidence="0.8" wordnetid="107975026"><group confidence="0.8" wordnetid="100031264"><conference confidence="0.8" wordnetid="108308497"><header><title>mlmta</title><id /><revision><id /><timestamp>tz</timestamp><contributor><username>elipongo</username><id /></contributor></revision><categories><category>computer_science_confer</category></categories></header><bdy><b>machin learn model technolog applic</b><b>mlmta</b>intern<link ns0:type="simple" ns0:href="../488/233488.xml">machin learn</link><link ns0:type="simple" ns0:href="../059/1059.xml">appli statist</link>confer held june<artifact wordnetid="100021939" confidence="0.8"><byway wordnetid="102930645" confidence="0.8"><street wordnetid="104334599" confidence="0.8"><way wordnetid="104564698" confidence="0.8"><thoroughfare wordnetid="104426618" confidence="0.8"><road wordnetid="104096066" confidence="0.8"><link ns0:type="simple" ns0:href="../621/447621.xml">la vega usa</link></road></thoroughfare></way></street></byway></artifact>confer worldcomp congress comput scienc comput engin appli comput largest annual gather research comput scienc comput engin appli comput<p>mlmta cover tradit topic machin learn appli statist theoret paper develop analyz method well appli contribut demonstr applic method data set equal analysi interpret biolog data molecular biolog current interest</p><sec><st>extern link</st><p><list><entry level="1" type="bullet"><weblink ns0:type="simple" ns0:href="http://www.bio-complexity.com/MLMTA_index.html">mlmta</weblink></entry><entry level="1" type="bullet"><weblink ns0:type="simple" ns0:href="http://www.world-academy-of-science.org/worldcomp07/ws">worldcomp</weblink></entry></list></p></sec></bdy></conference></group></gathering></meeting></social_group></article>