<article xmlns:ns0="http://www.w3.org/1999/xlink"><entity confidence="0.9511911446218017" wordnetid="100001740"><header><title>plain semant html</title><id /><revision><id /><timestamp>tz</timestamp><contributor><username>bender</username><id /></contributor></revision><categories><category>semant html</category><category>microformat</category><category>web design</category><category>semant web</category><category>web develop</category><category>knowledg represent</category></categories></header><bdy><table style="float: right; clear:right; margin: 0 0 1em 1em; text-align:center; width: 15%;" class="toccolours" cellspacing="3px"><row><col colspan="2">seri<work wordnetid="100575741" confidence="0.8"><event wordnetid="100029378" confidence="0.8"><service wordnetid="100577525" confidence="0.8"><act wordnetid="100030358" confidence="0.8"><psychological_feature wordnetid="100023100" confidence="0.8"><activity wordnetid="100407535" confidence="0.8"><link ns0:type="simple" ns0:href="../123/29123.xml">semant web</link></activity></psychological_feature></act></service></event></work></col></row><row><header style="font-size:11px; background:#ccccff">background</header></row><row><col style="font-size:11px"><invention wordnetid="105633385" confidence="0.8"><link ns0:type="simple" ns0:href="../139/33139.xml">wide web</link></invention><link ns0:type="simple" ns0:href="../539/14539.xml">internet</link><link ns0:type="simple" ns0:href="../377/8377.xml">databas</link><link ns0:type="simple" ns0:href="../109/29109.xml">semant network</link><link ns0:type="simple" ns0:href="../497/239497.xml">knowledg base</link><link ns0:type="simple" ns0:href="../681/49681.xml">ontolog</link></col></row><row><header style="font-size:11px; background:#ccccff">subtop</header></row><row><col style="font-size:11px"><link ns0:type="simple" ns0:href="../052/11174052.xml">link data</link><link ns0:type="simple" ns0:href="../204/14713204.xml">data web</link><link ns0:type="simple" ns0:href="../315/14713315.xml">hyperdata</link><link ns0:type="simple" ns0:href="../311/18524311.xml">dereferenc uri</link><link ns0:type="simple" ns0:href="../681/49681.xml">ontolog</link><link ns0:type="simple" ns0:href="../961/12162961.xml">rule base</link><software wordnetid="106566077" confidence="0.8"><application wordnetid="106570110" confidence="0.8"><program wordnetid="106568978" confidence="0.8"><written_communication wordnetid="106349220" confidence="0.8"><writing wordnetid="106359877" confidence="0.8"><code wordnetid="106355894" confidence="0.8"><coding_system wordnetid="106353757" confidence="0.8"><link ns0:type="simple" ns0:href="../819/15938819.xml">data space</link></coding_system></code></writing></written_communication></program></application></software></col></row><row><header style="font-size:11px; background:#ccccff">topic</header></row><row><col style="font-size:11px"><work wordnetid="100575741" confidence="0.8"><event wordnetid="100029378" confidence="0.8"><service wordnetid="100577525" confidence="0.8"><act wordnetid="100030358" confidence="0.8"><psychological_feature wordnetid="100023100" confidence="0.8"><meme wordnetid="105985126" confidence="0.8"><activity wordnetid="100407535" confidence="0.8"><acculturation wordnetid="105984936" confidence="0.8"><link ns0:type="simple" ns0:href="../022/1555022.xml">web</link></acculturation></activity></meme></psychological_feature></act></service></event></work><work wordnetid="100575741" confidence="0.8"><event wordnetid="100029378" confidence="0.8"><service wordnetid="100577525" confidence="0.8"><word wordnetid="106286395" confidence="0.8"><part wordnetid="113809207" confidence="0.8"><act wordnetid="100030358" confidence="0.8"><psychological_feature wordnetid="100023100" confidence="0.8"><neologism wordnetid="106294441" confidence="0.8"><activity wordnetid="100407535" confidence="0.8"><language_unit wordnetid="106284225" confidence="0.8"><link ns0:type="simple" ns0:href="../389/7581389.xml">web</link></language_unit></activity></neologism></psychological_feature></act></part></word></service></event></work><link ns0:type="simple" ns0:href="../542/10900542.xml">plain semant html</link><link ns0:type="simple" ns0:href="../946/187946.xml">search engin optim</link><link ns0:type="simple" ns0:href="../701/168701.xml">open databas connect</link><idea wordnetid="105833840" confidence="0.8"><concept wordnetid="105835747" confidence="0.8"><category wordnetid="105838765" confidence="0.8"><type wordnetid="105840188" confidence="0.8"><kind wordnetid="105839024" confidence="0.8"><link ns0:type="simple" ns0:href="../292/229292.xml">refer</link></kind></type></category></concept></idea><link ns0:type="simple" ns0:href="../945/185945.xml">architectur</link><link ns0:type="simple" ns0:href="../896/72896.xml">knowledg manag</link><standard wordnetid="107260623" confidence="0.8"><system_of_measurement wordnetid="113577171" confidence="0.8"><link ns0:type="simple" ns0:href="../777/167777.xml">topic map</link></system_of_measurement></standard><format wordnetid="106636806" confidence="0.9508927676800064"><link ns0:type="simple" ns0:href="../138/34138.xml">xml</link></format><link ns0:type="simple" ns0:href="../503/183503.xml">descript logic</link></col></row><row><header style="font-size:11px; background:#ccccff">standard</header></row><row><col style="font-size:11px"><company wordnetid="108058098" confidence="0.9508927676800064"><link ns0:type="simple" ns0:href="../149/33149.xml">wc</link></company>base<format wordnetid="106636806" confidence="0.9508927676800064"><link ns0:type="simple" ns0:href="../847/53847.xml">rdf</link></format><link ns0:type="simple" ns0:href="../001/248001.xml">owl</link><standard wordnetid="107260623" confidence="0.8"><system_of_measurement wordnetid="113577171" confidence="0.8"><link ns0:type="simple" ns0:href="../146/32146.xml">uri</link></system_of_measurement></standard><message wordnetid="106598915" confidence="0.8"><information wordnetid="106634376" confidence="0.8"><protocol wordnetid="106665108" confidence="0.8"><standard wordnetid="107260623" confidence="0.8"><direction wordnetid="106786629" confidence="0.8"><rule wordnetid="106652242" confidence="0.8"><format wordnetid="106636806" confidence="0.8"><system_of_measurement wordnetid="113577171" confidence="0.8"><link ns0:type="simple" ns0:href="../443/13443.xml">http</link></system_of_measurement></format></rule></direction></standard></protocol></information></message><work wordnetid="100575741" confidence="0.8"><standard wordnetid="107260623" confidence="0.8"><event wordnetid="100029378" confidence="0.8"><service wordnetid="100577525" confidence="0.8"><act wordnetid="100030358" confidence="0.8"><psychological_feature wordnetid="100023100" confidence="0.8"><system_of_measurement wordnetid="113577171" confidence="0.8"><activity wordnetid="100407535" confidence="0.8"><link ns0:type="simple" ns0:href="../343/2574343.xml">sparql</link></activity></system_of_measurement></psychological_feature></act></service></event></standard></work><standard wordnetid="107260623" confidence="0.8"><system_of_measurement wordnetid="113577171" confidence="0.8"><link ns0:type="simple" ns0:href="../929/3864929.xml">grddl</link></system_of_measurement></standard><link ns0:type="simple" ns0:href="../223/1984223.xml">rdf</link>common vocabulari<link ns0:type="simple" ns0:href="../901/2652901.xml">foaf</link><link ns0:type="simple" ns0:href="../869/7739869.xml">sioc</link><message wordnetid="106598915" confidence="0.8"><information wordnetid="106634376" confidence="0.8"><format wordnetid="106636806" confidence="0.8"><link ns0:type="simple" ns0:href="../742/8742.xml">dublin core</link></format></information></message><link ns0:type="simple" ns0:href="../685/4916685.xml">sko</link>semant annot<standard wordnetid="107260623" confidence="0.8"><system_of_measurement wordnetid="113577171" confidence="0.8"><link ns0:type="simple" ns0:href="../818/4321818.xml">rdfa</link></system_of_measurement></standard><link ns0:type="simple" ns0:href="../998/2346998.xml">microformat</link><standard wordnetid="107260623" confidence="0.8"><system_of_measurement wordnetid="113577171" confidence="0.8"><link ns0:type="simple" ns0:href="../415/10998415.xml">erdf</link></system_of_measurement></standard>rule<link ns0:type="simple" ns0:href="../671/10088671.xml">rule interchang format</link><link ns0:type="simple" ns0:href="../884/6168884.xml">semant web rule languag</link></col></row><row><header style="font-size:11px; background:#ccccff">peopl</header></row><row><col style="font-size:11px"><person wordnetid="100007846" confidence="0.9508927676800064"><computer_scientist wordnetid="109951070" confidence="0.9173553029164789"><link ns0:type="simple" ns0:href="../034/30034.xml">tim bernersle</link></computer_scientist></person><computer_scientist wordnetid="109951070" confidence="0.9173553029164789"><person wordnetid="100007846" confidence="0.9508927676800064"><link ns0:type="simple" ns0:href="../304/2726304.xml">jame hendler</link></person></computer_scientist><physical_entity wordnetid="100001930" confidence="0.8"><person wordnetid="100007846" confidence="0.8"><computer_user wordnetid="109951274" confidence="0.8"><programmer wordnetid="110481268" confidence="0.8"><engineer wordnetid="109615807" confidence="0.8"><causal_agent wordnetid="100007347" confidence="0.8"><scientist wordnetid="110560637" confidence="0.8"><research_worker wordnetid="110523076" confidence="0.8"><link ns0:type="simple" ns0:href="../220/10249220.xml">ora lassila</link></research_worker></scientist></causal_agent></engineer></programmer></computer_user></person></physical_entity><physical_entity wordnetid="100001930" confidence="0.8"><peer wordnetid="109626238" confidence="0.8"><person wordnetid="100007846" confidence="0.8"><colleague wordnetid="109935990" confidence="0.8"><causal_agent wordnetid="100007347" confidence="0.8"><academician wordnetid="109759069" confidence="0.8"><scientist wordnetid="110560637" confidence="0.8"><adult wordnetid="109605289" confidence="0.8"><professional wordnetid="110480253" confidence="0.8"><educator wordnetid="110045713" confidence="0.8"><associate wordnetid="109816771" confidence="0.8"><link ns0:type="simple" ns0:href="../858/17332858.xml">nigel shadbolt</link></associate></educator></professional></adult></scientist></academician></causal_agent></colleague></person></peer></physical_entity><skilled_worker wordnetid="110605985" confidence="0.8"><peer wordnetid="109626238" confidence="0.8"><physical_entity wordnetid="100001930" confidence="0.8"><person wordnetid="100007846" confidence="0.8"><colleague wordnetid="109935990" confidence="0.8"><serviceman wordnetid="110582746" confidence="0.8"><adult wordnetid="109605289" confidence="0.8"><scientist wordnetid="110560637" confidence="0.8"><professional wordnetid="110480253" confidence="0.8"><commanding_officer wordnetid="109941964" confidence="0.8"><educator wordnetid="110045713" confidence="0.8"><associate wordnetid="109816771" confidence="0.8"><military_officer wordnetid="110317007" confidence="0.8"><worker wordnetid="109632518" confidence="0.8"><academician wordnetid="109759069" confidence="0.8"><causal_agent wordnetid="100007347" confidence="0.8"><link ns0:type="simple" ns0:href="../289/12856289.xml">wendi hall</link></causal_agent></academician></worker></military_officer></associate></educator></commanding_officer></professional></scientist></adult></serviceman></colleague></person></physical_entity></peer></skilled_worker><weblink ns0:type="simple" ns0:href="http://myopenlink.net/dataspace/person/kidehen#this">kingsley idehen</weblink><weblink ns0:type="simple" ns0:href="http://danbri.org/about.html">dan brickley</weblink><weblink ns0:type="simple" ns0:href="http://www.ilrt.bris.ac.uk/~ecemm/">libbi miller</weblink><weblink ns0:type="simple" ns0:href="http://www.dajobe.org/">dave beckett</weblink></col></row><row><header style="font-size:11px; background:#ccccff">key semanticweb organ</header></row><row><col style="font-size:11px"><company wordnetid="108058098" confidence="0.9508927676800064"><link ns0:type="simple" ns0:href="../149/33149.xml">wc</link></company><link ns0:type="simple" ns0:href="../060/7749060.xml">wrsi</link><university wordnetid="108286163" confidence="0.9508927676800064"><link ns0:type="simple" ns0:href="../879/18879.xml">mit</link></university><company wordnetid="108058098" confidence="0.9508927676800064"><link ns0:type="simple" ns0:href="../437/13108437.xml">openlink softwar</link></company><company wordnetid="108058098" confidence="0.9508927676800064"><link ns0:type="simple" ns0:href="../733/16281733.xml">tali group</link></company><company wordnetid="108058098" confidence="0.9508927676800064"><link ns0:type="simple" ns0:href="../591/22591.xml">oracl</link></company><company wordnetid="108058098" confidence="0.9508927676800064"><link ns0:type="simple" ns0:href="../849/8843849.xml">clearforest</link></company><university wordnetid="108286163" confidence="0.9508927676800064"><link ns0:type="simple" ns0:href="../078/98078.xml">univers southampton</link></university><link ns0:type="simple" ns0:href="../683/2985683.xml">deri</link></col></row></table>term plain semant html acronym posh differenti<link>semant html</link>specif<link ns0:type="simple" ns0:href="../998/2346998.xml">microformat</link>term contrast<link ns0:type="simple" ns0:href="../107/1689107.xml">plain xml</link><p>microformat commun term<link ns0:type="simple" ns0:href="../801/171801.xml">posh</link>evangel concept<link>semant html</link></p><p><cite><weblink ns0:type="simple" ns0:href="http://microformats.org/wiki/posh">microformat wiki</weblink></cite>need</p><p>simpl short mnemon term captur essenc concept semant html easili verb posh poshifi posh</p><p>french version acronym coin chic code html intrinsqu class</p><sec><st>purpos</st><p>purpos term posh</p><p><list><entry level="1" type="bullet">educ html author microformat havent understood intermedi step semant html markup</entry><entry level="1" type="bullet">encourag term<link ns0:type="simple" ns0:href="../998/2346998.xml">microformat</link>semant html pattern rigor microformat process</entry></list></p></sec><sec><st>requir</st><p>order posh conform<list><entry level="1" type="bullet">posh valid automat<weblink ns0:type="simple" ns0:href="http://validator.w3.org/">wc valid tool</weblink></entry><entry level="1" type="bullet">present handl css html tabl tabular data layout spacer gif</entry><entry level="1" type="bullet">emphasi tag ltb gt present appli ltbr gt</entry><entry level="1" type="bullet">link anchor tag point somewherea link empti href element link</entry><entry level="1" type="bullet">class name describ data isnot appear</entry></list></p></sec><sec><st>extern refer</st><p><list><entry level="1" type="bullet"><weblink ns0:type="simple" ns0:href="http://www.netmag.co.uk/podcasts/07-05-03-net.mp3">talk posh</weblink>net magazin podcast episod minut mb relev</entry><entry level="1" type="bullet">httpwwwfooclasscomplain_old_semantic_html</entry></list></p></sec></bdy></entity></article>