<article xmlns:ns0="http://www.w3.org/1999/xlink"><software confidence="0.9508927676800064" wordnetid="106566077"><web_site confidence="0.9511911446218017" wordnetid="106359193"><header><title>project elliott</title><id /><revision><id /><timestamp>tz</timestamp><contributor><username>smackbot</username><id /></contributor></revision><categories><category>defunct websit</category></categories></header><bdy><template><name>infobox softwar</name><parameters><frequently_updated /><genre>job search internet</genre><operating_system>internet</operating_system><caption>project elliott logo</caption><released /><name>project elliott</name><programming_language /><language /><license><link ns0:type="simple" ns0:href="../592/11592.xml">freewar</link></license></parameters></template>project elliott code silicon valleybas global startup enterpris engag gener web servic launch april wwwprojectelliottcom viral market websit intent creat interest forthcom product domain onlin job search websit contain upcom product team global engin market design expert run enterpris viral video founder blog beta test subscript program user<p>viral market refer market techniqu preexist social network produc increas brand awar selfrepl viral process analog spread patholog comput virus wordofmouth deliv enhanc onlin har network internet reach larg number peopl rapidli</p><sec><st>mission</st><p>job seeker mission project elliott remov pain job search improv job seeker search negoti secur job util increas power internet peopl employ mission improv process find bestfit candid</p></sec><sec><st>team</st><p>project elliott team consist serial entrepreneur advanc degre stanford india institut technolog univers chicago carnegi mellon uc berkeley ucla board advisor includ univers research scientist phd stanford ventur capitalist patent attorney industri thought leader function team consist engin silicon valley india market design profession san francisco bay area midwest east coast usa</p></sec><sec><st>avail</st><p>current project elliott defunct project</p></sec><sec><st>technolog</st><p>machin learn proprietari algorithm converg technolog develop product offer transform manual job board paradigm dynam enabl job candid employ</p></sec><sec><st>histori</st><ss1><st>timelin</st><p><list><entry level="1" type="bullet">august idea revolut job search born founder birth son elliott</entry><entry level="1" type="bullet">april wwwprojectelliottcom launch</entry><entry level="1" type="bullet">wwwprojectelliottcom defunct</entry></list></p></ss1></sec><sec><st /><p><list><entry level="1" type="bullet">viral market</entry></list></p></sec><sec><st>refer</st></sec><sec><st>read</st></sec><sec><st>extern link</st></sec></bdy></web_site></software></article>