<article xmlns:ns0="http://www.w3.org/1999/xlink"><person confidence="0.9638700866880419" wordnetid="100007846"><therapy confidence="0.9511911446218017" wordnetid="100661091"><header><title>catherin kousmin</title><id /><revision><id /><timestamp>tz</timestamp><contributor><username>tenofalltrad</username><id /></contributor></revision><categories><category>biolog base therapi</category><category>orphan articl septemb</category><category>orthomolecular medicin</category><category>death</category><category>birth</category><category>orphan articl</category></categories></header><bdy><p><table class="metadata plainlinks ambox "><row><col>amboxstyl style</col></row><row><col class="mbox-image"><p><image width="44px" src="Wiki_letter_w.svg" /></p></col><col style="" class="mbox-text">articl articl<weblink ns0:type="simple" ns0:href="http://localhost:18088/wiki/index.php?title=Special:Whatlinkshere target=Catherine_Kousmine namespace=0">link</weblink>help articl<weblink ns0:type="simple" ns0:href="http://www.google.com/search?hl=en as_qdr=all q=+site%3Aen.wikipedia.org+%22Catherine+Kousmine%22">topic</weblink>septemb</col></row></table></p><p>catherin kousmin<link ns0:type="simple" ns0:href="../993/27993.xml">septemb</link><link ns0:type="simple" ns0:href="../651/34651.xml" />hvalynski russia<link ns0:type="simple" ns0:href="../629/1629.xml">august</link><link ns0:type="simple" ns0:href="../669/34669.xml" /><town wordnetid="108665504" confidence="0.9508927676800064"><link ns0:type="simple" ns0:href="../078/582078.xml">lutri</link></town>switzerland scientist devot entir life show good health depend healthi diet outstand physician russian origin pioneer nutrit base medicin kousmin focus diseas<link ns0:type="simple" ns0:href="../219/105219.xml">cancer</link><link ns0:type="simple" ns0:href="../603/50603.xml">multipl sclerosi</link><link ns0:type="simple" ns0:href="../875/25875.xml">rheumatoid arthriti</link><link ns0:type="simple" ns0:href="../842/93842.xml">autoimmun</link>diseas</p><sec><st>life</st><p>born welltodo famili russia catherin kousmin parent fled countri russian revolut settl switzerland shore lake geneva young catherin ecol suprieur lausann graduat scienc medic school graduat mention move zurich professor<link ns0:type="simple" ns0:href="../455/2593455.xml">guido fanconi</link>unit special<link ns0:type="simple" ns0:href="../593/23593.xml">pediatr</link>work vienna austria degre pediatr</p><p>switzerland resum work gener practition degre pediatr recogn swiss author dr catherin kousmin spent life switzerland set foundat<town wordnetid="108665504" confidence="0.9508927676800064"><link ns0:type="simple" ns0:href="../078/582078.xml">lutri</link></town>switzerland promot method fondat catherin kousmin foundat sister foundat franc germani itali kousmin medic center<town wordnetid="108665504" confidence="0.9508927676800064"><link ns0:type="simple" ns0:href="../880/455880.xml">vevey</link></town>switzerland</p></sec><sec><st /><p>decid conduct cancer death children care work gener practition seventeen year work makeshift laboratori kitchen studi special breed mice develop mammalian cancer month age discov strike correl<link ns0:type="simple" ns0:href="../671/1581671.xml">healthi diet</link><link ns0:type="simple" ns0:href="../094/5827094.xml">remiss</link>cancer convinc cure diseas label incur involv return healthi feed habit nutrient organ function properli consequ focus attent healthi diet treat success cancer patient suffer<link>reticulosarcoma</link>healthi diet</p></sec><sec><st>work cold press virgin oil</st><p>catherin kousmin interest<link ns0:type="simple" ns0:href="../331/192331.xml">veget oil</link>qualiti greatli alter<military_action wordnetid="100952963" confidence="0.8"><group_action wordnetid="101080366" confidence="0.8"><event wordnetid="100029378" confidence="0.8"><conflict wordnetid="100958896" confidence="0.8"><act wordnetid="100030358" confidence="0.8"><psychological_feature wordnetid="100023100" confidence="0.8"><war wordnetid="100973077" confidence="0.8"><link ns0:type="simple" ns0:href="../927/32927.xml">war ii</link></war></psychological_feature></act></conflict></event></group_action></military_action>produc method oil extract heat goal produc half quantiti oil extract<link ns0:type="simple" ns0:href="../952/105952.xml">hexan</link>hydrocarbon solvent<link ns0:type="simple" ns0:href="../445/6445.xml">carcinogen</link>properti allow product amount oil</p><p>major problem method compar cold press method produc commonli call<link>virgin oil</link>qualiti poor respect<link ns0:type="simple" ns0:href="../445/9130445.xml">ci</link>molecul transform infam<link ns0:type="simple" ns0:href="../534/264534.xml">tran</link>molecul</p><p>dr kousmin strong oppon<link ns0:type="simple" ns0:href="../960/602960.xml">process food</link>white sugar refin flour refin oil<link ns0:type="simple" ns0:href="../276/193276.xml">margarin</link>butter harm bodi cell provid empti calori call</p><p>work foundat catherin kousmin transfatti acid object studi worldwid studi small dose tran molecul health hazard studi lead countri canada usa franc exampl health recommend denmark reduc proport transfatti acid gram gram cook oil transfatti acid forbidden york netherland advertis campaign eighti amount transfatti acid margarin today</p></sec><sec><st>theori cancer</st><p>novel approach understand<link ns0:type="simple" ns0:href="../214/31214.xml">tumor</link>form invad healthi cell destroy tumor extens studi mice conclus cancer organ ward<link ns0:type="simple" ns0:href="../063/2880063.xml">toxic</link>aggress</p><p>tumor<link ns0:type="simple" ns0:href="../016/11693016.xml">benign</link><link ns0:type="simple" ns0:href="../900/549900.xml">malign</link>form defens mechan bodi tumor freak isol accid coher reaction alarm method focus disengag sourc cancer useless</p></sec><sec><st>basic treatment</st><p>measur recommend start effect month develop full benefit year dr kousmin</p><p>dr kousmin consum raw virgin veget oil cold press<link ns0:type="simple" ns0:href="../869/38869.xml">flaxse</link><link ns0:type="simple" ns0:href="../622/57622.xml">sunflow</link>oil rich<link ns0:type="simple" ns0:href="../594/22594.xml">omega</link><link ns0:type="simple" ns0:href="../218/681218.xml">omega</link>fatti acid vitamin reduc permeabl intestin membran prevent toxin invad blood overload kidney liver prevent format tumor reduc sever degen diseas multipl sclerosi rheumatoid arthriti</p><p>proclaim organ sunflow oil grain prescript patient includ dr<physical_entity wordnetid="100001930" confidence="0.8"><person wordnetid="100007846" confidence="0.8"><biochemist wordnetid="109854915" confidence="0.8"><causal_agent wordnetid="100007347" confidence="0.8"><scientist wordnetid="110560637" confidence="0.8"><chemist wordnetid="109913824" confidence="0.8"><link ns0:type="simple" ns0:href="../853/1813853.xml">johanna budwig</link></chemist></scientist></causal_agent></biochemist></person></physical_entity><link>crme budwig</link><link>budwig cream</link>mixtur freshli ground cereal flax sunflow seed fruit cold press sunflow flaxse oil cottag chees<link>essenti vitamin</link><link>alkal miner</link>restor<link>immunolog</link>balanc ill patient suffer acid blood chamomil enema clean intestin instil organ sunflow oil case rheumatoid arthriti<link ns0:type="simple" ns0:href="../653/32653.xml">vaccin</link></p><p>patient ill better prepar surgeri week month describ measur observ tumor stop grow shrink size gener patient improv dramat result delay surgeri radiotherapi excel</p><p>hand diet approach gener easi pleasant follow ensur daili<link ns0:type="simple" ns0:href="../020/147020.xml">hygien</link><link ns0:type="simple" ns0:href="../525/21525.xml">nutrit</link>healthi person hand patient sever<link ns0:type="simple" ns0:href="../791/48791.xml">patholog</link>doctor patient agre<link ns0:type="simple" ns0:href="../042/197042.xml">treatment</link>requir tremend person invest lifetim strict<link ns0:type="simple" ns0:href="../487/267487.xml">disciplin</link></p></sec><sec><st>critic</st><p>treatment recommend benefici complement current medic treatment</p><p>dr kousmin state time eat<link>budwig cream</link>vitamin pill werent<link ns0:type="simple" ns0:href="../066/683066.xml">magic bullet</link>cure diseas cancer contrari critic insist method<link ns0:type="simple" ns0:href="../139/74139.xml">complement</link><link ns0:type="simple" ns0:href="../097/1040097.xml">substitut</link>mainstream treatment advoc method claim dramat improv<link ns0:type="simple" ns0:href="../172/7172.xml">chemotherapi</link>reduc<link ns0:type="simple" ns0:href="../828/151828.xml">sideeffect</link></p><p>countless peopl benefit method provid follow treatment letter rest live orthodox medic commun scof year inaccur reduc theori method budwig cream<link ns0:type="simple" ns0:href="../512/32512.xml">vitamin</link><link ns0:type="simple" ns0:href="../053/19053.xml">miner</link>pill cancer specialist critic ill patient treatment complet<link ns0:type="simple" ns0:href="../094/5827094.xml">remiss</link>thirti year simpli misdiagnos today physician treat patient method well view orthodox medic commun dr kousmin repeatedli state dramat long term remiss dramat improv qualiti life desper patient<link ns0:type="simple" ns0:href="../041/52041.xml">miracul</link>result<link ns0:type="simple" ns0:href="../358/206358.xml">holist</link>approach diseas compar limit approach orthodox medicin focus<link ns0:type="simple" ns0:href="../967/196967.xml">symptom</link>diseas provid patient<link ns0:type="simple" ns0:href="../509/275509.xml">palli</link>treatment</p><p>time death critic includ benefit raw food cold press veget oil support scientif literatur theori scientif proven critic monitor patient ms scientif studi rest control group test diet healthi peopl determin protect</p></sec><sec><st>award</st><p>socit dencourag au progr headquart pari franc mdaill de vermeil outstand accomplish multipl sclerosi</p><p>honorari citizen citi<town wordnetid="108665504" confidence="0.9508927676800064"><link ns0:type="simple" ns0:href="../078/582078.xml">lutri</link></town><country wordnetid="108544813" confidence="0.9508927676800064"><link ns0:type="simple" ns0:href="../748/26748.xml">switzerland</link></country></p></sec><sec><st>book</st><p>book remark detail easytoread nonspecialist account patient sever patholog document complet<link ns0:type="simple" ns0:href="../738/594738.xml">clinic</link><link ns0:type="simple" ns0:href="../335/1676335.xml">anamnesi</link>patient kin treatment provid success well failur</p><p>book provid explan intestin flora process food chapter<link ns0:type="simple" ns0:href="../316/288316.xml">instinct</link><link ns0:type="simple" ns0:href="../568/524568.xml">ancestr</link>feed habit hypothesi connect cancer<link ns0:type="simple" ns0:href="../740/23740.xml">toxin</link><link ns0:type="simple" ns0:href="../107/228107.xml">stress</link></p><p>critic explan simplist complain rant chemic product caricatur andor lack solid data exampl<link ns0:type="simple" ns0:href="../752/2752.xml">aspartam</link>milk expert complain book feel doctor dont understand</p><p>book includ full descript method french translat english</p><p><link>soyez bien dan votr assiett jusqu an</link>well till dition sand isbn</p><p><link>la sclrose en plaqu est guriss</link>multipl sclerosi curabl dition delachaux nestl isbn</p><p><link>sauvez votr corp</link>save bodi dition robert laffont isbn sequel soyez bien dan votr case indepth explan</p></sec><sec><st>refer</st><p>sauvez votr corp save bodi dition robert laffont ms quebec june nutrit ms<weblink ns0:type="simple" ns0:href="http://www.mssociety.ca">httpwwwmssocietyca</weblink>le rgime de la doctoress kousmin diet dr kousmin ecoets<weblink ns0:type="simple" ns0:href="http://ecoetsante2010.free.fr">httpecoetsantefreefr</weblink></p></sec><sec><st>extern link</st><p><list><entry level="1" type="bullet"><weblink ns0:type="simple" ns0:href="http://www.kousmine.ch">centr mdical kousmin</weblink></entry><entry level="1" type="bullet"><weblink ns0:type="simple" ns0:href="http://www.msif.org/en/">multipl sclerosi intern feder</weblink></entry><entry level="1" type="bullet"><weblink ns0:type="simple" ns0:href="http://www.pureinsideout.com/kousmine-budwig-breakfast.html">power breakfast recip</weblink></entry><entry level="1" type="bullet"><weblink ns0:type="simple" ns0:href="http://www.kousmine.fr" /></entry></list></p></sec></bdy></therapy></person></article>