<article xmlns:ns0="http://www.w3.org/1999/xlink"><header><title>gener topograph map</title><id /><revision><id /><timestamp>tz</timestamp><contributor><username>bookgrrl</username><id /></contributor></revision><categories><category>articl contradict articl</category><category>machin learn</category></categories></header><bdy><table class="metadata plainlinks ambox "><row><col>amboxcont style</col></row><row><col class="mbox-image"><p><image width="39px" src="Ambox_contradict.svg"><caption>accuraci disput</caption></image></p></col><col style="" class="mbox-text">articl appear contradict articl discuss link remov messag contradict resolv</col></row></table>gener topograph map gtm<link ns0:type="simple" ns0:href="../488/233488.xml">machin learn</link>method probabilist counterpart<link ns0:type="simple" ns0:href="../996/76996.xml">selforgan map</link>som provabl converg requir shrink<link ns0:type="simple" ns0:href="../485/1529485.xml">neighborhood</link>decreas step size<link ns0:type="simple" ns0:href="../578/1222578.xml">gener model</link>data assum probabilist pick point lowdimension space map point observ highdimension input space smooth function ad nois space paramet lowdimension probabl distribut smooth map nois learn train data<link ns0:type="simple" ns0:href="../752/470752.xml">expectationmaxim</link>em algorithm gtm introduc<link ns0:type="simple" ns0:href="../636/34636.xml" />paper bishop svensen william<sec><st>detail algorithm</st><p>approach<link>densiti network</link><link ns0:type="simple" ns0:href="../671/867671.xml">sampl</link><link>multilay perceptron</link>form nonlinear<link ns0:type="simple" ns0:href="../572/4237572.xml">latent variabl model</link>gtm latent space discret grid point assum nonlinearli project data space<link ns0:type="simple" ns0:href="../827/1387827.xml">gaussian nois</link>assumpt data space model constrain<link>mixtur gaussian</link>model likelihood maxim em</p><p>theori arbitrari nonlinear parametr deform optim paramet gradient descent</p><p>suggest approach nonlinear map<link ns0:type="simple" ns0:href="../443/9651443.xml">radial basi function network</link>rbf creat nonlinear map latent space data space node rbf network form featur space nonlinear map<link ns0:type="simple" ns0:href="../102/18102.xml">linear transform</link>featur space approach advantag suggest densiti network approach optimis analyt</p></sec><sec><st /><p>data analysi gtm nonlinear version<link ns0:type="simple" ns0:href="../340/76340.xml">princip compon analysi</link>allow high dimension data model gaussian nois sourc lowerdimension latent space exampl locat stock plottabl space base timeseri shape applic fewer sourc data point exampl mixtur model</p><p>gener<link>deform model</link>latent data space dimens exampl imag audio sound wave extra empti dimens sourc templat form model exampl locat sound wave space nonlinear dimens produc combin origin dimens enlarg latent space project data space probabl project product likelihood data gaussian nois model prior deform paramet convent springbas deform model advantag analyt optimiz disadvantag datamin approach shape deform prior meaning explan deform base high artifici arbitrarili construct nonlinear latent space reason prior learn data creat human expert springbas model</p></sec><sec><st>comparison kohonen som</st><p>node som wander will gtm node constrain allow transform probabl deform wellbehav topolog latent space preserv</p><p>som creat biolog model neuron heurist algorithm contrast gtm neurosci cognit probabilist principl model number advantag som<list><entry level="1" type="bullet">explicitli formul densiti model data</entry><entry level="1" type="bullet">cost function quantifi well map train</entry><entry level="1" type="bullet">sound optim procedur<link>em</link>algorithm</entry></list></p><p>gtm introduc bishop svensen william technic report technic report ncrg aston univers uk publish neural comput describ<link ns0:type="simple" ns0:href="../775/8775.xml">phd</link>thesi marku svensen aston</p></sec><sec><st /><p><list><entry level="1" type="bullet"><link ns0:type="simple" ns0:href="../523/21523.xml">artifici neural network</link></entry><entry level="1" type="bullet"><link ns0:type="simple" ns0:href="../636/263636.xml">connection</link></entry><entry level="1" type="bullet"><link ns0:type="simple" ns0:href="../253/42253.xml">data mine</link></entry><entry level="1" type="bullet"><link ns0:type="simple" ns0:href="../488/233488.xml">machin learn</link></entry><entry level="1" type="bullet"><link ns0:type="simple" ns0:href="../261/309261.xml">nonlinear dimension reduct</link></entry><entry level="1" type="bullet"><link ns0:type="simple" ns0:href="../924/3712924.xml">neural network softwar</link></entry><entry level="1" type="bullet"><event wordnetid="100029378" confidence="0.8"><rule wordnetid="105846932" confidence="0.8"><act wordnetid="100030358" confidence="0.8"><psychological_feature wordnetid="100023100" confidence="0.8"><procedure wordnetid="101023820" confidence="0.8"><activity wordnetid="100407535" confidence="0.8"><algorithm wordnetid="105847438" confidence="0.8"><link ns0:type="simple" ns0:href="../706/126706.xml">pattern recognit</link></algorithm></activity></procedure></psychological_feature></act></rule></event></entry></list></p></sec><sec><st>extern link</st><p><list><entry level="1" type="bullet"><weblink ns0:type="simple" ns0:href="http://research.microsoft.com/~cmbishop/downloads/Bishop-GTM-Ncomp-98.pdf">bishop svensen william gener topograph map paper</weblink></entry></list></p></sec></bdy></article>