<article xmlns:ns0="http://www.w3.org/1999/xlink"><header><title>adaptiveaddit algorithm</title><id /><revision><id /><timestamp>tz</timestamp><contributor><username>ronz</username><id /></contributor></revision><categories><category>optic</category><category>digit signal process</category></categories></header><bdy><p>studi<organ wordnetid="105297523" confidence="0.8"><sense_organ wordnetid="105299178" confidence="0.8"><part wordnetid="109385911" confidence="0.8"><eye wordnetid="105311054" confidence="0.8"><body_part wordnetid="105220461" confidence="0.8"><link ns0:type="simple" ns0:href="../008/312008.xml">fourier optic</link></body_part></eye></part></sense_organ></organ><link ns0:type="simple" ns0:href="../344/975344.xml">sound synthesi</link><link ns0:type="simple" ns0:href="../650/50650.xml#xpointer(//*[./st=%22Stellar+astronomy%22])">stellar</link><link ns0:type="simple" ns0:href="../689/166689.xml">interferometri</link><link ns0:type="simple" ns0:href="../901/299901.xml">optic tweezer</link>diffract optic element<link ns0:type="simple" ns0:href="../867/3037867.xml">spatial frequenc</link>phase observ wave sourc order reconstruct<link ns0:type="simple" ns0:href="../047/24047.xml">phase</link><b>adaptiveaddit algorithm</b><b>aa algorithm</b>deriv group adapt inputoutput algorithm aa algorithm<link ns0:type="simple" ns0:href="../833/68833.xml">iter</link><link ns0:type="simple" ns0:href="../775/775.xml">algorithm</link>util<link ns0:type="simple" ns0:href="../247/52247.xml">fourier transform</link>calcul unknown propag wave<link ns0:type="simple" ns0:href="../867/3037867.xml">spatial frequenc</link><link ns0:type="simple" ns0:href="../047/24047.xml">phase</link>space phase counterpart observ<link ns0:type="simple" ns0:href="../649/37649.xml">amplitud</link>posit space assum start<link ns0:type="simple" ns0:href="../649/37649.xml">amplitud</link>space find correct<link ns0:type="simple" ns0:href="../047/24047.xml">phase</link><link ns0:type="simple" ns0:href="../775/775.xml">algorithm</link>error convers error desir theoret<link ns0:type="simple" ns0:href="../993/41993.xml">intens</link>aa algorithm current implement<weblink ns0:type="simple" ns0:href="http://hillslab.umd.edu/">dr wendel hill iii</weblink>alex robel kotlyar soifer<weblink ns0:type="simple" ns0:href="http://physics.nyu.edu/grierlab/cgh2b/node6.html">david grier</weblink></p><sec><st>algorithm</st><ss1><st>histori</st><p>adaptiveaddit algorithm origin creat reconstruct<link ns0:type="simple" ns0:href="../867/3037867.xml">spatial frequenc</link><link ns0:type="simple" ns0:href="../047/24047.xml">phase</link>light intens studi stellar<link ns0:type="simple" ns0:href="../689/166689.xml">interferometri</link>aa algorithm adapt work field<link>fourier optic</link>soifer<weblink ns0:type="simple" ns0:href="http://hillslab.umd.edu/">dr hill</weblink><link ns0:type="simple" ns0:href="../293/616293.xml">soft matter</link><link ns0:type="simple" ns0:href="../901/299901.xml">optic tweezer</link><weblink ns0:type="simple" ns0:href="http://physics.nyu.edu/grierlab/cgh2b/node6.html">dr grier</weblink><link ns0:type="simple" ns0:href="../344/975344.xml">sound synthesi</link>robel</p></ss1><ss1><st>pseudocod algorithm</st><p>defin input amplitud random phase forward fourier transform separ transform amplitud phase compar transform amplitudeintens desir output amplitudeintens check converg condit mix transform amplitud desir output amplitud combin transform phase invers fourier transform separ amplitud phase combin phase origin input amplitud loop forward fourier transform</p></ss1><ss1><st>exampl</st><p>problem reconstruct<link ns0:type="simple" ns0:href="../867/3037867.xml">spatial frequenc</link>phase<it />space desir<link ns0:type="simple" ns0:href="../993/41993.xml">intens</link>imag plane<it />space assum<link ns0:type="simple" ns0:href="../649/37649.xml">amplitud</link>start phase wave<it />space<math>a_</math><math>phi_nk</math><mathematical_relation wordnetid="113783581" confidence="0.8"><idea wordnetid="105833840" confidence="0.8"><concept wordnetid="105835747" confidence="0.8"><operator wordnetid="113786413" confidence="0.8"><function wordnetid="113783816" confidence="0.8"><link ns0:type="simple" ns0:href="../247/52247.xml">fourier transform</link></function></operator></concept></idea></mathematical_relation>wave<it />space<it />space</p><p><indent level="1"><math>a_eiphi_nk xrightarrowfft a_nfeiphi_nf</math></indent>compar transform<link ns0:type="simple" ns0:href="../993/41993.xml">intens</link><math>i_nf</math>desir<link ns0:type="simple" ns0:href="../993/41993.xml">intens</link><math>i_f</math></p><p><indent level="1"><math>i_nf lefta_nfright</math></indent><indent level="1"><math>varepsilon sqrtlefti_nfright lefti_right</math></indent>check<math>varepsilon</math>converg requir requir met mix transform<link ns0:type="simple" ns0:href="../649/37649.xml">amplitud</link><math>a_nf</math>desir<link ns0:type="simple" ns0:href="../649/37649.xml">amplitud</link><math>af</math></p><p><indent level="1"><math>baraf_n lefta af a_nfright</math></indent><it />mix ratio</p><p><indent level="1"><math>af sqrti_</math></indent><it>note</it><it>percentag defin interv</it><it /></p><p>combin mix<link ns0:type="simple" ns0:href="../649/37649.xml">amplitud</link><it />space phase<link ns0:type="simple" ns0:href="../445/382445.xml">invers fourier transform</link></p><p><indent level="1"><math>barafeiphi_nf xrightarrowifft bara_nkeiphi_nk</math></indent>separ<math>bara_nk</math><math>phik_n</math>combin<math>a_</math><math>phik_n</math>increas loop<math />repeat</p><ss2><st>limit</st><p><list><entry level="1" type="bullet"><math />aa algorithm<link>gerchbergsaxton algorithm</link></entry><entry level="1" type="bullet"><math /><math>barak_n a_</math></entry></list></p></ss2></ss1></sec><sec><st /><p><list><entry level="1" type="bullet"><link>gerchbergsaxton algorithm</link></entry><entry level="1" type="bullet"><organ wordnetid="105297523" confidence="0.8"><sense_organ wordnetid="105299178" confidence="0.8"><part wordnetid="109385911" confidence="0.8"><eye wordnetid="105311054" confidence="0.8"><body_part wordnetid="105220461" confidence="0.8"><link ns0:type="simple" ns0:href="../008/312008.xml">fourier optic</link></body_part></eye></part></sense_organ></organ></entry><entry level="1" type="bullet"><link ns0:type="simple" ns0:href="../338/66338.xml">holographi</link></entry><entry level="1" type="bullet"><link ns0:type="simple" ns0:href="../689/166689.xml">interferometri</link></entry><entry level="1" type="bullet"><link ns0:type="simple" ns0:href="../746/10791746.xml">sound synthesi</link></entry></list></p></sec><sec><st>refer</st><p><list><entry level="1" type="bullet"><cite id="CITEREFDufresneGrierSpalding2000" style="font-style:normal">dufresn eric grier david spald computergener holograph optic tweezer array<it>review scientif instrument</it><b /></cite></entry><entry level="1" type="bullet"><cite id="CITEREFGrier" style="font-style:normal">grier david<link ns0:type="simple" ns0:href="../367/22367.xml">octob</link><link ns0:type="simple" ns0:href="../548/34548.xml" /><it><weblink ns0:type="simple" ns0:href="http://www.physics.nyu.edu/~dg86/cgh2b/node6.html">adaptiveaddit algorithm</weblink></it></cite></entry><entry level="1" type="bullet"><cite id="CITEREFRobel" style="font-style:normal">robel axel<it><weblink ns0:type="simple" ns0:href="http://ieeexplore.ieee.org/iel5/10376/32978/101109TSA2005858529.pdf?arnumber=101109TSA2005858529">adapt addit model continu paramet trajectori</weblink></it></cite></entry><entry level="1" type="bullet"><cite id="CITEREFRobel" style="font-style:normal">robel axel<it><weblink ns0:type="simple" ns0:href="http://i2pi.com/PAPERS/music-dsp/adaptive-additive-synthesis-of.pdf">adaptiveaddit synthesi sound technic</weblink></it>univers berlin germani einsteinuf</cite></entry><entry level="1" type="bullet"><cite id="Reference-Soifer-1997" style="font-style:normal" class="book">soifer kotlyar iter method diffract optic element comput bristol pa taylor franci isbn</cite></entry></list></p></sec><sec><st>extern link</st><p><list><entry level="1" type="bullet"><weblink ns0:type="simple" ns0:href="http://staff.chess.cornell.edu/~shen/workshop2003/presentations/Talk_DiFabrizio.pdf">pdfpower point present describ variat aa algorithm</weblink><it>berkeley</it></entry><entry level="1" type="bullet"><weblink ns0:type="simple" ns0:href="http://physics.nyu.edu/grierlab/cgh2b/node6.html">david grier lab</weblink>present optic tweezer fabric aa algorithm</entry><entry level="1" type="bullet"><weblink ns0:type="simple" ns0:href="http://www-ccrma.stanford.edu/~roebel/addsyn/index.html">adapt addit synthesi stationari sound</weblink>dr axel robel</entry><entry level="1" type="bullet"><weblink ns0:type="simple" ns0:href="http://hillslab.umd.edu/">hill lab</weblink><it>univers maryland colleg park</it></entry></list></p></sec></bdy></article>