<article xmlns:ns0="http://www.w3.org/1999/xlink"><art confidence="0.9511911446218017" wordnetid="102743547"><group confidence="0.9511911446218017" wordnetid="100031264"><header><title>intern associ scientif technic medic publish</title><id /><revision><id /><timestamp>tz</timestamp><contributor><username>mjkntr</username><id /></contributor></revision><categories><category>wikipedia articl need style edit decemb</category><category>orphan articl march</category><category>articl need style edit</category><category>art media trade group</category><category>industri trade group</category><category>orphan articl</category></categories></header><bdy><p><table class="metadata plainlinks ambox "><row><col>amboxstyl style</col></row><row><col class="mbox-image"><p><image width="44px" src="Wiki_letter_w.svg" /></p></col><col style="" class="mbox-text">articl articl<weblink ns0:type="simple" ns0:href="http://localhost:18088/wiki/index.php?title=Special:Whatlinkshere target=International_Association_of_Scientific%2C_Technical%2C_and_Medical_Publishers namespace=0">link</weblink>help articl<weblink ns0:type="simple" ns0:href="http://www.google.com/search?hl=en as_qdr=all q=+site%3Aen.wikipedia.org+%22International+Association+of+Scientific%2C+Technical%2C+and+Medical+Publishers%22">topic</weblink>march</col></row></table></p><p><table class="metadata plainlinks ambox "><row><col>amboxcont style</col></row><row><col class="mbox-image"><p><image width="40x40px" src="Ambox_content.png" /></p></col><col style="" class="mbox-text">articl written help<weblink ns0:type="simple" ns0:href="http://localhost:18088/wiki/index.php?title=International_Association_of_Scientific%2C_Technical%2C_and_Medical_Publishers action=edit">rewrit articl</weblink>blatant advertis requir fundament rewrit encycloped mark decemb</col></row></table></p><p>intern associ scientif technic medic publish stm intern organ scientif technic medic<link ns0:type="simple" ns0:href="../761/68761.xml">publish</link>collect respons annual publish journal literatur ten thousand monograph refer work</p><p>stm aim object focu assist publish author dissemin disciplin<link ns0:type="simple" ns0:href="../700/26700.xml">scienc</link><link ns0:type="simple" ns0:href="../816/29816.xml">technolog</link><link ns0:type="simple" ns0:href="../957/18957.xml">medicin</link>broader context focus help organ electron digit arena improv distribut storag retriev scientif technic medic work publish entiti includ<link ns0:type="simple" ns0:href="../379/10895379.xml">intern publish associ</link>ipa government profession bodi concern publish issu hand</p><p>stm member notifi regular newslett concern happen global potenti affect busi stm offer train cours informationshar meet member nonmemb</p><p>stm hold annual confer held day preced<diversion wordnetid="100426928" confidence="0.8"><event wordnetid="100029378" confidence="0.8"><show wordnetid="100520257" confidence="0.8"><act wordnetid="100030358" confidence="0.8"><psychological_feature wordnetid="100023100" confidence="0.8"><entertainment wordnetid="100429048" confidence="0.8"><activity wordnetid="100407535" confidence="0.8"><link ns0:type="simple" ns0:href="../326/1560326.xml">frankfurt book fair</link></activity></entertainment></psychological_feature></act></show></event></diversion></p><sec><st>extern link</st><p><list><entry level="1" type="bullet"><weblink ns0:type="simple" ns0:href="http://www.stm-assoc.org/">offici site</weblink></entry></list></p></sec></bdy></group></art></article>