<article xmlns:ns0="http://www.w3.org/1999/xlink"><structure confidence="0.8" wordnetid="104341686"><building confidence="0.8" wordnetid="102913152"><artifact confidence="0.8" wordnetid="100021939"><grapevine confidence="0.9511911446218017" wordnetid="107223635"><header><title>south wale ga pipelin</title><id /><revision><id /><timestamp>tz</timestamp><contributor><username>mm</username><id /></contributor></revision><categories><category>environ pembrokeshir</category><category>build structur wale</category><category>environ brecknock</category><category>natur ga pipelin europ</category><category>build structur pembrokeshir</category><category>environ wale</category><category>ga infrastructur unit kingdom</category></categories></header><bdy><b>south wale ga pipelin</b><b>milford haven pipelin</b>uk largest highpressur ga pipelin mile pipelin pass wale built<link ns0:type="simple" ns0:href="../053/867053.xml">nation grid uk</link>will link<link ns0:type="simple" ns0:href="../128/832128.xml">liquid natur ga</link>lng termin<site wordnetid="108651247" confidence="0.9508927676800064"><link ns0:type="simple" ns0:href="../847/634847.xml">milford haven</link></site><region wordnetid="108630985" confidence="0.8"><region wordnetid="108630039" confidence="0.8"><area wordnetid="108497294" confidence="0.8"><location wordnetid="100027167" confidence="0.8"><county wordnetid="108546183" confidence="0.8"><link ns0:type="simple" ns0:href="../250/113250.xml">pembrokeshir</link></county></location></area></region></region>nation ga network<link>tirley</link><link ns0:type="simple" ns0:href="../751/47751.xml">gloucestershir</link><p>expect cost pipelin will nation grid expect transport ga need meet uk consumpt futur construct pipelin estim three year aim octob<ref ns0:type="simple" ns0:href="#xpointer(//reflist/entry[@id=%221%22])" />environment controversi surround decis build brecon beacon nation park author call huge blow<ref ns0:type="simple" ns0:href="#xpointer(//reflist/entry[@id=%222%22])" /></p><p><village wordnetid="108672738" confidence="0.9508927676800064"><link ns0:type="simple" ns0:href="../394/46394.xml">swansea</link></village><link>studio</link>parodi<network wordnetid="108434259" confidence="0.9508927676800064"><link ns0:type="simple" ns0:href="../654/19344654.xml">bbc</link></network>panorama report entitl pipelin paranoia accus pipelin vessel transport french citizen wale<weblink ns0:type="simple" ns0:href="http://www.youtube.com/watch?v=SXLD0WSGIE0">studio video</weblink></p><sec><st>plan signific</st><p>rule nation energi secur issu govern pipelin signific lie uk move net export net import energi<ocean wordnetid="109376198" confidence="0.9508927676800064"><link ns0:type="simple" ns0:href="../179/21179.xml">north sea</link></ocean>oil ga field nation grid realiti offshor field decreas output demand ga home busi grow rate analysi uk will increasingli depend import ga come year<ref ns0:type="simple" ns0:href="#xpointer(//reflist/entry[@id=%223%22])" />deplet predict<link ns0:type="simple" ns0:href="../621/601621.xml">hubbert peak theori</link>result<link ns0:type="simple" ns0:href="../777/5327777.xml">energi polici unit kingdom</link>increasingli issu import liquid natur ga middl east will help diversifi uk energi suppli depend supplier<country wordnetid="108544813" confidence="0.9508927676800064"><link ns0:type="simple" ns0:href="../391/25391.xml">russia</link></country></p><p>energi secur concern account great rapid plan pipelin rout start exist south wale pipelin small transport ga need plan termin altern subsea rout technolog<gossip wordnetid="107223170" confidence="0.8"><grapevine wordnetid="107223635" confidence="0.8"><event wordnetid="100029378" confidence="0.8"><informing wordnetid="107212190" confidence="0.8"><report wordnetid="107217924" confidence="0.8"><act wordnetid="100030358" confidence="0.8"><psychological_feature wordnetid="100023100" confidence="0.8"><speech_act wordnetid="107160883" confidence="0.8"><link ns0:type="simple" ns0:href="../490/7069490.xml">langel pipelin</link></speech_act></psychological_feature></act></report></informing></event></grapevine></gossip>plan built time rule expens reason critic suggest money pipelin termin better spent renew energi sourc will provid perman energi secur will prevent<link ns0:type="simple" ns0:href="../951/5042951.xml">global warm</link><ref ns0:type="simple" ns0:href="#xpointer(//reflist/entry[@id=%224%22])" /></p><p>nation grid claim project benefit welsh economi pipelin time south wale will front tail uk ga transmiss network ga flow west wale england project will secur wale energi suppli year will allow econom develop south wale<ref ns0:type="simple" ns0:href="#xpointer(//reflist/entry[@id=%225%22])" /></p><p>benefit accru farmer land pipelin construct receiv compens amount day low incom hill farmer year net incom</p><ss1><st>environment concern</st><p>milford haven concern focus possibl collis lng tanker oil tanker uk busiest port well danger termin will target terror<ref ns0:type="simple" ns0:href="#xpointer(//reflist/entry[@id=%226%22])" />mile pipelin will pass<link ns0:type="simple" ns0:href="../814/91814.xml">brecon beacon nation park</link>south wale despit repeat object nation park author<ref ns0:type="simple" ns0:href="#xpointer(//reflist/entry[@id=%227%22])" /><ref ns0:type="simple" ns0:href="#xpointer(//reflist/entry[@id=%228%22])" />park sensit environment area uk includ fforest fawr geopark award heritag statu unesco special area conserv usk wye valley allow brecon beacon nation park rule critic futur energi<link ns0:type="simple" ns0:href="../063/11063.xml">februari</link><link ns0:type="simple" ns0:href="../165/36165.xml" /><link ns0:type="simple" ns0:href="../272/304272.xml">depart trade industri</link><ref ns0:type="simple" ns0:href="#xpointer(//reflist/entry[@id=%229%22])" /></p><p>rout includ unstabl area<site wordnetid="108651247" confidence="0.9508927676800064"><link ns0:type="simple" ns0:href="../410/5783410.xml">trebano</link></site>liabl landslid earthquak extens histor minework deem danger main ga pipe local home origin pipelin area clear explos despit fact govern regul requir author blast geolog sensit area local peopl rais concern permiss deni novemb pipelin laid uncertain area local shift landslip fear pipe fractur enorm ga leak nation grid claim pipelin will secur<ref ns0:type="simple" ns0:href="#xpointer(//reflist/entry[@id=%2210%22])" />undiscov<link ns0:type="simple" ns0:href="../898/25898.xml">roman road</link>build pipelin brecon partial destroy result<ref ns0:type="simple" ns0:href="#xpointer(//reflist/entry[@id=%2211%22])" /></p></ss1><ss1><st>protest</st><p>environment consequ pipelin perceiv lack local consult led consider protest protest organis local group<link>safe haven network</link>support climat chang action group<link>rise tide uk</link>work delay protest novemb<site wordnetid="108651247" confidence="0.9508927676800064"><link ns0:type="simple" ns0:href="../410/5783410.xml">trebano</link></site>protest camp occur<site wordnetid="108651247" confidence="0.9508927676800064"><link ns0:type="simple" ns0:href="../847/634847.xml">milford haven</link></site><link>cilfrew</link><ward wordnetid="110767020" confidence="0.9508927676800064"><link ns0:type="simple" ns0:href="../481/5642481.xml">alltwen</link></ward><site wordnetid="108651247" confidence="0.9508927676800064"><link ns0:type="simple" ns0:href="../631/250631.xml">brecon</link></site>local activist regularli disrupt work strong similar concern rais antipipelin protest movement<site wordnetid="108651247" confidence="0.9508927676800064"><link ns0:type="simple" ns0:href="../830/5830.xml">counti mayo</link></site><island wordnetid="109316454" confidence="0.9508927676800064"><link ns0:type="simple" ns0:href="../575/147575.xml">ireland</link></island>organ<link ns0:type="simple" ns0:href="../027/7267027.xml">shell sea</link>tactic<body wordnetid="107965085" confidence="0.8"><social_group wordnetid="107950920" confidence="0.8"><objection wordnetid="107208338" confidence="0.8"><event wordnetid="100029378" confidence="0.8"><protest wordnetid="107210225" confidence="0.8"><group wordnetid="100031264" confidence="0.8"><act wordnetid="100030358" confidence="0.8"><psychological_feature wordnetid="100023100" confidence="0.8"><speech_act wordnetid="107160883" confidence="0.8"><administration wordnetid="108164585" confidence="0.8"><link ns0:type="simple" ns0:href="../197/4105197.xml">environment direct action</link></administration></speech_act></psychological_feature></act></group></protest></event></objection></social_group></body>protest<ref ns0:type="simple" ns0:href="#xpointer(//reflist/entry[@id=%2212%22])" /></p><p>opposit support percept local welsh peopl pipelin permit england rais echo infam drown<region wordnetid="108630985" confidence="0.8"><administrative_district wordnetid="108491826" confidence="0.8"><village wordnetid="108672738" confidence="0.8"><location wordnetid="100027167" confidence="0.8"><municipality wordnetid="108626283" confidence="0.8"><settlement wordnetid="108672562" confidence="0.8"><geographical_area wordnetid="108574314" confidence="0.8"><district wordnetid="108552138" confidence="0.8"><urban_area wordnetid="108675967" confidence="0.8"><city wordnetid="108524735" confidence="0.8"><link ns0:type="simple" ns0:href="../778/2884778.xml">capel celyn</link></city></urban_area></district></geographical_area></settlement></municipality></location></village></administrative_district></region>reservoir local council<local_authority wordnetid="108482577" confidence="0.8"><administrative_unit wordnetid="108077292" confidence="0.8"><agency wordnetid="108337324" confidence="0.8"><link ns0:type="simple" ns0:href="../384/4903384.xml">neath port talbot counti borough council</link></agency></administrative_unit></local_authority>pressur speed plan permiss plan decis push case cilfrew pressur reduct instal approv exclud protest councillor vote process deem illeg high court judg wonder vote<ref ns0:type="simple" ns0:href="#xpointer(//reflist/entry[@id=%2213%22])" />result decis led nation grid declar<link ns0:type="simple" ns0:href="../128/709128.xml">forc majeur</link>notic april avoid respons delay ga deliveri<ref ns0:type="simple" ns0:href="#xpointer(//reflist/entry[@id=%2214%22])" />june high court rule meant brecon protest camp featur tree hous tunnel open januari close number protestor arrest substanti local disrupt road<ref ns0:type="simple" ns0:href="#xpointer(//reflist/entry[@id=%2215%22])" /><link>peterstow</link><control wordnetid="105196375" confidence="0.8"><authority wordnetid="105196582" confidence="0.8"><power wordnetid="105190804" confidence="0.8"><link ns0:type="simple" ns0:href="../837/399837.xml">herefordshir</link></power></authority></control>protestor manag forc nation grid choos site expens enviromentali friendli instal<ref ns0:type="simple" ns0:href="#xpointer(//reflist/entry[@id=%2216%22])" /></p></ss1></sec><sec><st>technic descript rout</st><p>pipelin will oper higher pressur ga pipelin uk<link ns0:type="simple" ns0:href="../631/362631.xml">barg</link>psi barg psi pressur higher standard pipelin worldwid will increas chanc pipe leak corros highpressur pipelin germani exampl<ref ns0:type="simple" ns0:href="#xpointer(//reflist/entry[@id=%2217%22])" />buri metr underground rout nation grid pipe buri larg amount veget subsoil topsoil remov cover width dual carriageway will replac level cultiv restor land origin condit consult wide rang environment expert help restor environ<ref ns0:type="simple" ns0:href="#xpointer(//reflist/entry[@id=%2218%22])" /></p><ss1><st>milford haven termin</st><p><link>herbrandston</link>west<site wordnetid="108651247" confidence="0.9508927676800064"><link ns0:type="simple" ns0:href="../847/634847.xml">milford haven</link></site>pipelin connect<link>south hook lng</link>will biggest lng termin joint project<company wordnetid="108058098" confidence="0.9508927676800064"><link ns0:type="simple" ns0:href="../570/11292570.xml">qatar petroleum</link></company><company wordnetid="108058098" confidence="0.9508927676800064"><link ns0:type="simple" ns0:href="../197/18848197.xml">exxonmobil</link></company>run waterston site second smaller termin<link>dragon lng</link>consortium<company wordnetid="108058098" confidence="0.9508927676800064"><link ns0:type="simple" ns0:href="../772/1771772.xml">bg group</link></company>major partner<ref ns0:type="simple" ns0:href="#xpointer(//reflist/entry[@id=%2219%22])" /></p></ss1><ss1><st>milford haven aberdulai</st><p>pipelin rout plan januari march consent land acquisit march spring construct began mile march pipelin diamet mm inch run<ward wordnetid="110767020" confidence="0.9508927676800064"><link ns0:type="simple" ns0:href="../945/679945.xml">aberdulai</link></ward><link>cilfrew</link>pressur reduct instal pressur will reduc ga flow exist pipelin network serv south wale contractor nacap land marin joint ventur<ref ns0:type="simple" ns0:href="#xpointer(//reflist/entry[@id=%2220%22])" /></p></ss1><ss1><st>felindr tirley</st><p>start compressor station<region wordnetid="108630985" confidence="0.8"><village wordnetid="108672738" confidence="0.8"><location wordnetid="100027167" confidence="0.8"><settlement wordnetid="108672562" confidence="0.8"><geographical_area wordnetid="108574314" confidence="0.8"><link ns0:type="simple" ns0:href="../455/2592455.xml">felindr</link></geographical_area></settlement></location></village></region><village wordnetid="108672738" confidence="0.9508927676800064"><link ns0:type="simple" ns0:href="../394/46394.xml">swansea</link></village>pipelin run pressur reduct instal cors<link>tirley</link><link ns0:type="simple" ns0:href="../751/47751.xml">gloucestershir</link>connect exist ga pipelin network mile will pass mile<link ns0:type="simple" ns0:href="../814/91814.xml">brecon beacon nation park</link>pipelin rout environment impact assess place octob summer consent land acquisit winter februari pipelin diamet mm inch construct began februari contactor felindr brecon nacap land marin joint ventur brecon tirley<link>murphi pipelin</link></p><p>contenti natur led consult key statutori bodi<body wordnetid="105216365" confidence="0.8"><natural_object wordnetid="100019128" confidence="0.8"><link ns0:type="simple" ns0:href="../247/113247.xml">countrysid council wale</link></natural_object></body><body wordnetid="105216365" confidence="0.8"><natural_object wordnetid="100019128" confidence="0.8"><link ns0:type="simple" ns0:href="../339/103339.xml">english natur</link></natural_object></body><link ns0:type="simple" ns0:href="../814/91814.xml">brecon beacon nation park</link><body wordnetid="107965085" confidence="0.8"><social_group wordnetid="107950920" confidence="0.8"><administrative_unit wordnetid="108077292" confidence="0.8"><agency wordnetid="108337324" confidence="0.8"><group wordnetid="100031264" confidence="0.8"><administration wordnetid="108164585" confidence="0.8"><link ns0:type="simple" ns0:href="../059/529059.xml">environ agenc</link></administration></group></agency></administrative_unit></social_group></body><link ns0:type="simple" ns0:href="../316/330316.xml">welsh assembl govern</link><link>blaenavon heritag partnership</link><ref ns0:type="simple" ns0:href="#xpointer(//reflist/entry[@id=%2221%22])" /></p></ss1></sec><sec><st /><p><list><entry level="1" type="bullet"><invention wordnetid="105633385" confidence="0.8"><gossip wordnetid="107223170" confidence="0.8"><grapevine wordnetid="107223635" confidence="0.8"><event wordnetid="100029378" confidence="0.8"><informing wordnetid="107212190" confidence="0.8"><report wordnetid="107217924" confidence="0.8"><act wordnetid="100030358" confidence="0.8"><psychological_feature wordnetid="100023100" confidence="0.8"><speech_act wordnetid="107160883" confidence="0.8"><link ns0:type="simple" ns0:href="../111/51111.xml">pipelin transport</link></speech_act></psychological_feature></act></report></informing></event></grapevine></gossip></invention></entry><entry level="1" type="bullet"><link ns0:type="simple" ns0:href="../131/22131.xml">natur ga</link></entry><entry level="1" type="bullet"><link ns0:type="simple" ns0:href="../545/5213545.xml">energi conserv unit kingdom</link></entry><entry level="1" type="bullet"><company wordnetid="108058098" confidence="0.9508927676800064"><link ns0:type="simple" ns0:href="../679/2654679.xml">transco</link></company></entry></list></p></sec><sec><st>refer</st><p><reflist><entry id="1"><weblink ns0:type="simple" ns0:href="http://icwales.icnetwork.co.uk/0100news/features/tm_headline=we-know-what-the-pipeline-protesters-are-thinking--but-how-about-everybody-else- method=full objectid=18094790 siteid=50082-name_page.html">western mail differ opinion ga pipelin</weblink></entry><entry id="2"><weblink ns0:type="simple" ns0:href="http://www.breconbeacons.org/Pipeline%20Consent">controversi nation grid pipelin ahead</weblink>brecon beacon nation park author</entry><entry id="3"><weblink ns0:type="simple" ns0:href="http://www.nationalgrid.com/uk/Gas/Pipelines/milfordhaven">nation grid milford haven pipelin</weblink></entry><entry id="4"><weblink ns0:type="simple" ns0:href="http://www.indymedia.org.uk/en/2007/01/360463.html">uk indymedia resist build welsh ga pipelin</weblink></entry><entry id="5"><weblink ns0:type="simple" ns0:href="http://icwales.icnetwork.co.uk/0100news/features/tm_headline=we-know-what-the-pipeline-protesters-are-thinking--but-how-about-everybody-else- method=full objectid=18094790 siteid=50082-name_page.html">western mail differ opinion ga pipelin</weblink></entry><entry id="6"><weblink ns0:type="simple" ns0:href="http://www.guardian.co.uk/country/article/0,,2066759,00.html"><it>guardian</it>green valley</weblink></entry><entry id="7"><weblink ns0:type="simple" ns0:href="http://www.breconbeacons.org/Pipeline%20Consent">controversi nation grid pipelin ahead</weblink></entry><entry id="8"><weblink ns0:type="simple" ns0:href="http://www.breconbeacons.org/final%20es_response%20BBNPA_October%2030.pdf">brecon beacon nation park author respons grid environment statement octob</weblink></entry><entry id="9"><weblink ns0:type="simple" ns0:href="http://www.gnn.gov.uk/environment/fullDetail.asp?ReleaseID=262409 NewsAreaID=2 NavigatedFromDepartment=False">dti environment condit south wale pipelin</weblink></entry><entry id="10"><weblink ns0:type="simple" ns0:href="http://www.guardian.co.uk/country/article/0,,2066759,00.html">guardian green valley</weblink></entry><entry id="11"><weblink ns0:type="simple" ns0:href="http://news.bbc.co.uk/1/hi/wales/south_west/6727937.stm">bbc news roman road ga pipelin</weblink></entry><entry id="12"><weblink ns0:type="simple" ns0:href="http://www.indymedia.org.uk/en/2007/01/360463.html">uk indymedia resist build welsh ga pipelin</weblink></entry><entry id="13"><weblink ns0:type="simple" ns0:href="http://www.guardian.co.uk/country/article/0,,2066759,00.html">guardian green valley</weblink></entry><entry id="14"><weblink ns0:type="simple" ns0:href="http://www.nationalgrid.com/uk/Media+Centre/PressReleases/10_04_07.htm">nation grid forc majeur press releas</weblink></entry><entry id="15"><weblink ns0:type="simple" ns0:href="http://news.bbc.co.uk/1/hi/wales/6766861.stm">bbc news arrest ga pipe evict</weblink></entry><entry id="17"><weblink ns0:type="simple" ns0:href="http://www.platts.com/Natural%20Gas/News/8002630.xml?S=printer src=rssheadlines0">uk health safeti execut review welsh ga pipelin safeti</weblink></entry><entry id="16"><weblink ns0:type="simple" ns0:href="http://www.herefordtimes.com/news/herefordnewslatest/display.var.1470232.0.protest_pays_off.php">hereford time protest pay</weblink></entry><entry id="19"><weblink ns0:type="simple" ns0:href="http://www.nationalgrid.com/uk/Gas/Pipelines/milfordhaven/fs2/">nation grid milford haven aberdulai</weblink></entry><entry id="18"><weblink ns0:type="simple" ns0:href="http://www.nationalgrid.com/uk/Gas/Pipelines/milfordhaven/fs3/">nation grid environment plan</weblink></entry><entry id="21"><weblink ns0:type="simple" ns0:href="http://www.nationalgrid.com/uk/Gas/Pipelines/milfordhaven/fs5/">nation grid felindr tirley</weblink></entry><entry id="20"><weblink ns0:type="simple" ns0:href="http://www.nationalgrid.com/uk/Gas/Pipelines/milfordhaven/fs2/">nation grid milford haven aberdulai</weblink></entry></reflist></p></sec><sec><st>extern link</st><p><list><entry level="1" type="bullet"><weblink ns0:type="simple" ns0:href="http://www.nationalgrid.com/uk/Gas/Pipelines/milfordhaven">nation grid milford haven ga connect project</weblink></entry><entry level="1" type="bullet"><weblink ns0:type="simple" ns0:href="http://www.breconbeacons.org/final%20es_response%20BBNPA_October%2030.pdf">brecon beacon nation park author respons nation grid environment statement pipelin octob</weblink></entry><entry level="1" type="bullet">bbc<weblink ns0:type="simple" ns0:href="http://nnews.bbc.co.uk/1/hi/wales/south_west/5181336.stm">pipelin will aid industri</weblink></entry><entry level="1" type="bullet"><weblink ns0:type="simple" ns0:href="http://www.fightthepipe.co.uk/">fight pipe main protest web base brecon lot detail</weblink></entry><entry level="1" type="bullet"><weblink ns0:type="simple" ns0:href="http://www.indymedia.org.uk/en/2007/01/360463.html">uk indymedia resist build welsh ga pipelin pictur pipelin work</weblink></entry><entry level="1" type="bullet"><weblink ns0:type="simple" ns0:href="http://icwales.icnetwork.co.uk/0100news/features/tm_headline=we-know-what-the-pipeline-protesters-are-thinking--but-how-about-everybody-else- method=full objectid=18094790 siteid=50082-name_page.html">western mail differ opinion ga pipelin includ project timelin</weblink></entry><entry level="1" type="bullet"><weblink ns0:type="simple" ns0:href="http://www.youtube.com/watch?v=SXLD0WSGIE0">studio pipelin paranoia</weblink></entry></list></p></sec></bdy></grapevine></artifact></building></structure></article>