<article xmlns:ns0="http://www.w3.org/1999/xlink"><header><title>social semant web</title><id /><revision><id /><timestamp>tz</timestamp><contributor><username>mdd</username><id /></contributor></revision><categories><category>web</category><category>semant web</category><category>wide web</category></categories></header><bdy>concept social semant web subsum develop social interact<link ns0:type="simple" ns0:href="../139/33139.xml">web</link>lead creation explicit semant rich knowledg represent social semant web web collect knowledg system provid base human contribut better peopl particip<ref ns0:type="simple" ns0:href="#xpointer(//reflist/entry[@id=%221%22])" />social semant web combin technolog strategi methodolog<work wordnetid="100575741" confidence="0.8"><event wordnetid="100029378" confidence="0.8"><service wordnetid="100577525" confidence="0.8"><act wordnetid="100030358" confidence="0.8"><psychological_feature wordnetid="100023100" confidence="0.8"><activity wordnetid="100407535" confidence="0.8"><link ns0:type="simple" ns0:href="../123/29123.xml">semant web</link></activity></psychological_feature></act></service></event></work><link ns0:type="simple" ns0:href="../980/1186980.xml">social softwar</link><work wordnetid="100575741" confidence="0.8"><event wordnetid="100029378" confidence="0.8"><service wordnetid="100577525" confidence="0.8"><act wordnetid="100030358" confidence="0.8"><psychological_feature wordnetid="100023100" confidence="0.8"><meme wordnetid="105985126" confidence="0.8"><activity wordnetid="100407535" confidence="0.8"><acculturation wordnetid="105984936" confidence="0.8"><link ns0:type="simple" ns0:href="../022/1555022.xml">web</link></acculturation></activity></meme></psychological_feature></act></service></event></work><sec><st>overview</st><p>sociosemant web sw aim complement formal semant web vision ad pragmat approach reli<link ns0:type="simple" ns0:href="../586/140586.xml">descript languag</link>semant brows<link ns0:type="simple" ns0:href="../509/846509.xml">heurist</link>classif semiot<link ns0:type="simple" ns0:href="../681/49681.xml">ontolog</link>sociosemant system continu process elicit crucial knowledg domain semiform ontolog<link ns0:type="simple" ns0:href="../463/30463.xml">taxonomi</link><link ns0:type="simple" ns0:href="../913/1145913.xml">folksonomi</link>sw emphas humanli creat loos semant fulfil vision semant web reli entir autom semant formal ontolog process inferenc human collabor build semant aid sociosemant system semant web enabl integr busi process precis automat logic infer comput cross domain sociosemant web open social interfac semant busi allow interoper busi object action user</p><p>sociosemant web coin manuel zacklad jeanpierr cahier field<link ns0:type="simple" ns0:href="../991/293991.xml">comput support cooper work</link>cscw gain wider appeal releas<physical_entity wordnetid="100001930" confidence="0.8"><architect wordnetid="109805475" confidence="0.8"><person wordnetid="100007846" confidence="0.8"><causal_agent wordnetid="100007347" confidence="0.8"><creator wordnetid="109614315" confidence="0.8"><link ns0:type="simple" ns0:href="../227/1040227.xml">peter morvil</link></creator></causal_agent></person></architect></physical_entity>book ambient findabl<ref ns0:type="simple" ns0:href="#xpointer(//reflist/entry[@id=%222%22])" />chapter defin sociosemant web reli pacelay ontolog taxonomi folksonomi learn adapt well teach rememb increas folksonomi web correspond decreas hierarch taxonomi morvil recogn librarian architect write ill ancient tree knowledg transient leav popular day<ref ns0:type="simple" ns0:href="#xpointer(//reflist/entry[@id=%223%22])" />undoubtedli sceptic widespread bushfir adopt folksonomi sociosemant web middl topdown monolith taxonomi approach<web_site wordnetid="106359193" confidence="0.9508927676800064"><link ns0:type="simple" ns0:href="../563/3359563.xml">yahoo directori</link></web_site>collabor tag folksonomi approach</p><p>sociosemant web differ semant web semant web regard system will solv epistem interoper issu day semant web will provid way busi interoper domain sociosemant web will enabl user share knowledg</p><p>morvil vagu definit sociosemant web lay propos model identifi three social approach solv problem user driven ontolog evolut semant web user creat folksonomi flat taxonomi<link ns0:type="simple" ns0:href="../726/325726.xml">social network analysi</link>sna conjunct autom parser ontolog extract tag ontolog enter<link ns0:type="simple" ns0:href="../777/167777.xml">topic map</link><link>tmcl</link><ref ns0:type="simple" ns0:href="#xpointer(//reflist/entry[@id=%224%22])" /><format wordnetid="106636806" confidence="0.9508927676800064"><link ns0:type="simple" ns0:href="../847/53847.xml">rdf</link></format><link ns0:type="simple" ns0:href="../780/4577780.xml">owl</link>ontolog store secondli set ontolog engin ontologist manual analyz tag creat user data creat sound ontolog third approach creat system govern user creat ontolog time organ fashion approach start empti ontolog seed manual exist ontolog exampl<link ns0:type="simple" ns0:href="../955/33955.xml">wordnet</link>ontolog<ref ns0:type="simple" ns0:href="#xpointer(//reflist/entry[@id=%225%22])" /></p></sec><sec><st>exampl</st><p><list><entry level="1" type="bullet"><weblink ns0:type="simple" ns0:href="http://dbpedia.org">dbpedia</weblink>commun effort extract structur<web_site wordnetid="106359193" confidence="0.9508927676800064"><link ns0:type="simple" ns0:href="../734/5043734.xml">wikipedia</link></web_site>web<software wordnetid="106566077" confidence="0.9508927676800064"><link ns0:type="simple" ns0:href="../154/11865154.xml">dbpedia</link></software>allow sophist queri wikipedia link dataset web wikipedia data</entry><entry level="1" type="bullet"><link ns0:type="simple" ns0:href="../869/7739869.xml">sioc</link>method interconnect discuss method<link ns0:type="simple" ns0:href="../645/33645.xml">blog</link>forum<link ns0:type="simple" ns0:href="../483/52483.xml">mail list</link>consist sioc<link ns0:type="simple" ns0:href="../261/22261.xml">ontolog</link>openstandard machin readabl format express contain explicitli implicitli internet discuss method sioc metadata produc number popular blog platform content manag system storag brows search system leverag sioc data</entry><entry level="1" type="bullet"><weblink ns0:type="simple" ns0:href="http://www.stumpedia.com">stumpedia</weblink>social project commun effort reli human particip<link ns0:type="simple" ns0:href="../913/1145913.xml">folksonomi</link>organ review<link ns0:type="simple" ns0:href="../139/33139.xml">wide web</link>aim help build<link ns0:type="simple" ns0:href="../652/21652.xml">natur languag process</link><work wordnetid="100575741" confidence="0.8"><event wordnetid="100029378" confidence="0.8"><service wordnetid="100577525" confidence="0.8"><act wordnetid="100030358" confidence="0.8"><psychological_feature wordnetid="100023100" confidence="0.8"><activity wordnetid="100407535" confidence="0.8"><link ns0:type="simple" ns0:href="../123/29123.xml">semant web</link></activity></psychological_feature></act></service></event></work></entry></list></p></sec><sec><st>refer</st><p><reflist><entry id="1"><link ns0:type="simple" ns0:href="../280/19627280.xml">tom gruber</link><weblink ns0:type="simple" ns0:href="http://tomgruber.org/writing/social-web-meets-semantic-web.pdf">social web meet semant web</weblink>keynot present iswc intern semant web confer novemb</entry><entry id="2"><cite style="font-style:normal" class="book"><physical_entity wordnetid="100001930" confidence="0.8"><architect wordnetid="109805475" confidence="0.8"><person wordnetid="100007846" confidence="0.8"><causal_agent wordnetid="100007347" confidence="0.8"><creator wordnetid="109614315" confidence="0.8"><link ns0:type="simple" ns0:href="../227/1040227.xml">peter morvil</link></creator></causal_agent></person></architect></physical_entity><link ns0:type="simple" ns0:href="../178/28178.xml">septemb</link><link ns0:type="simple" ns0:href="../984/35984.xml" />ambient findabl<company wordnetid="108058098" confidence="0.9508927676800064"><link ns0:type="simple" ns0:href="../827/216827.xml">oreilli media</link></company>isbn</cite></entry><entry id="3"><cite class="inline"><link ns0:type="simple" ns0:href="#xpointer(//cite[@id=%22CITEREF_Morville__2005%22])">morvil</link></cite></entry><entry id="4"><weblink ns0:type="simple" ns0:href="http://www.isotopicmaps.org/tmcl/">topic map constraint languag</weblink></entry><entry id="5"><weblink ns0:type="simple" ns0:href="http://www.w3.org/2001/sw/BestPractices/WNET/wordnet-sw-20040713.html">wordnet rdf owl</weblink></entry></reflist></p></sec><sec><st>extern link</st><p><list><entry level="1" type="bullet"><weblink ns0:type="simple" ns0:href="http://aksw.org/SocialSemanticWebConference">confer social semant web cssw</weblink></entry><entry level="1" type="bullet"><weblink ns0:type="simple" ns0:href="http://www.i-semantics.at">isemant introduc social semant web</weblink></entry><entry level="1" type="bullet"><company wordnetid="108058098" confidence="0.9508927676800064"><link ns0:type="simple" ns0:href="../820/12728820.xml">metaweb</link></company>develop onlin semant databas<link ns0:type="simple" ns0:href="../571/12730571.xml">freebas</link></entry><entry level="1" type="bullet"><company wordnetid="108058098" confidence="0.9508927676800064"><link ns0:type="simple" ns0:href="../278/12726278.xml">radar network</link></company>develop semant web applic gener public</entry><entry level="1" type="bullet"><weblink ns0:type="simple" ns0:href="http://blog.eturner.net/?p=22">mashup middl bridg gap semant web</weblink></entry><entry level="1" type="bullet"><weblink ns0:type="simple" ns0:href="http://www.win.tue.nl/SW-EL/2006/camera-ready/02-bateman_brooks_mccalla_SWEL2006_final.pdf">collabor tag approach ontolog metadata adapt elearn system pdf</weblink></entry><entry level="1" type="bullet"><weblink ns0:type="simple" ns0:href="http://zaher.tech-cico.fr/publi/zaher-et-al-setit-07-106.pdf">digit ident manag identifi sociosemant web</weblink></entry><entry level="1" type="bullet"><weblink ns0:type="simple" ns0:href="http://arantxa.ii.uam.es/~rcarro/AHCW04/Lewkowicz.pdf">webbas annot system improv cooper care network</weblink></entry></list></p></sec></bdy></article>