<article xmlns:ns0="http://www.w3.org/1999/xlink"><system confidence="0.8" wordnetid="104377057"><artifact confidence="0.8" wordnetid="100021939"><instrumentality confidence="0.8" wordnetid="103575240"><header><title>databas theori</title><id /><revision><id /><timestamp>tz</timestamp><contributor><username>michael hardi</username><id /></contributor></revision><categories><category>databas manag system</category><category>databas theori</category></categories></header><bdy><b>databas theori</b>encapsul broad rang topic studi theoret realm<link ns0:type="simple" ns0:href="../377/8377.xml">databas</link><link ns0:type="simple" ns0:href="../513/8513.xml">databas manag system</link><p>theoret aspect data manag includ area foundat queri languag<link ns0:type="simple" ns0:href="../543/7543.xml">comput complex</link><link ns0:type="simple" ns0:href="../465/4669465.xml">express power</link>queri<link ns0:type="simple" ns0:href="../596/1773596.xml">finit model theori</link>databas design theori<link ns0:type="simple" ns0:href="../801/18943801.xml">depend theori</link>foundat<link ns0:type="simple" ns0:href="../356/217356.xml">concurr control</link><link>databas recoveri</link><link ns0:type="simple" ns0:href="../069/1971069.xml">deduct databas</link><link ns0:type="simple" ns0:href="../471/1252471.xml">tempor</link><link ns0:type="simple" ns0:href="../551/4533551.xml">spatial databas</link><link ns0:type="simple" ns0:href="../344/8446344.xml">real time databas</link>manag uncertain data<link ns0:type="simple" ns0:href="../927/18943927.xml">probabilist databas</link>web data</p><p>work tradit base<link ns0:type="simple" ns0:href="../220/26220.xml">relat model</link>model consid simplest foundat model interest correspond data model objectori<link ns0:type="simple" ns0:href="../874/5876874.xml">semistructur model</link>graph data model<format wordnetid="106636806" confidence="0.9508927676800064"><link ns0:type="simple" ns0:href="../138/34138.xml">xml</link></format>deriv relat model</p><p>central focu databas theori understand complex power queri languag connect<link ns0:type="simple" ns0:href="../225/3729225.xml">logic</link>start relat algebra firstord logic equival<link ns0:type="simple" ns0:href="../634/18900634.xml">codd theorem</link>insight queri<link>graph reachabl</link>express languag power languag base<link ns0:type="simple" ns0:href="../de)/17927_(Z$I$P$_code).xml">logic program</link><link>fixpoint logic</link><link ns0:type="simple" ns0:href="../357/968357.xml">datalog</link>studi focu foundat<link ns0:type="simple" ns0:href="../761/3480761.xml">queri optim</link><link ns0:type="simple" ns0:href="../372/4780372.xml">data integr</link>work studi<link>conjunct queri</link>admit queri optim constraint<link ns0:type="simple" ns0:href="../673/18943673.xml">chase</link>algorithm</p><p>main confer area<link ns0:type="simple" ns0:href="../287/18909287.xml">acm symposium principl databas system</link>pod<link>intern confer databas theori</link>icdt</p><sec><st>refer</st><p><list><entry level="1" type="bullet"><link ns0:type="simple" ns0:href="../086/18901086.xml">serg abiteboul</link><link>richard hull</link><link>victor vianu</link>foundat databas addisonwesley</entry></list></p><p><list><entry level="1" type="bullet"><link ns0:type="simple" ns0:href="../084/18928084.xml">david maier</link>theori relat databas copyright david maier httpwebcecspdxedumaiertheorybooktrdhtml</entry></list></p></sec><sec><st /><p><list><entry level="1" type="bullet"><link ns0:type="simple" ns0:href="../276/13477276.xml">conjunct queri</link></entry><entry level="1" type="bullet"><link ns0:type="simple" ns0:href="../465/4669465.xml">express power</link></entry></list></p></sec></bdy></instrumentality></artifact></system></article>