<article xmlns:ns0="http://www.w3.org/1999/xlink"><message confidence="0.8" wordnetid="106598915"><information confidence="0.8" wordnetid="106634376"><format confidence="0.8" wordnetid="106636806"><header><title>simul softwar</title><id /><revision><id /><timestamp>tz</timestamp><contributor><username>kbdankbot</username><id /></contributor></revision><categories><category>simul program languag</category><category>simul softwar</category><category>cad file format</category><category>electron design autom softwar</category></categories></header><bdy><b>simul softwar</b>base process imit real phenomenon set<link ns0:type="simple" ns0:href="../040/164040.xml">mathemat formula</link>essenti program allow user observ oper simul run program simul softwar design equip final product will close design spec expens process modif<p>advanc<link ns0:type="simple" ns0:href="../783/5783.xml">comput program</link>simul<link ns0:type="simple" ns0:href="../978/33978.xml">weather</link>condit<link ns0:type="simple" ns0:href="../559/9559.xml">electron circuit</link><link ns0:type="simple" ns0:href="../271/6271.xml">chemic reaction</link>atom reaction<link ns0:type="simple" ns0:href="../450/5652450.xml">biolog process</link>theori phenomena reduc mathemat data equat simul comput practic simul extrem difficult natur phenomena subject infinit number influenc trick develop simul determin factor</p><p>addit imit process behav condit simul test theori creat theori causal relationship theorist<link ns0:type="simple" ns0:href="../139/860139.xml">codifi</link>relationship form comput program program behav real process good chanc propos relationship correct</p><p>electron simul softwar util mathemat model replic behaviour actual electron devic circuit essenti<link ns0:type="simple" ns0:href="../309/5309.xml">softwar</link>program convert<link ns0:type="simple" ns0:href="../457/7878457.xml">comput</link>fulli function electron laboratori electron simul<software wordnetid="106566077" confidence="0.9508927676800064"><link ns0:type="simple" ns0:href="../025/10730025.xml">circuitlogix</link></software>integr<link ns0:type="simple" ns0:href="../132/893132.xml">schemat editor</link><link ns0:type="simple" ns0:href="../251/180251.xml">spice</link>simul onscreen waveform whatif scenario easi instant simul circuit behaviour build greatli improv effici insight behavior stabil electron circuit design simul spice engin simul analog digit mix ad circuit except power accuraci typic extens model devic librari simul typic<link ns0:type="simple" ns0:href="../910/65910.xml">print circuit board</link>pcb export capabl essenti design test circuit primari applic electron circuit simul</p><p><image width="150px" src="CircuitLogix3.jpg"><caption>exampl simul softwar<software wordnetid="106566077" confidence="0.9508927676800064"><link ns0:type="simple" ns0:href="../025/10730025.xml">circuitlogix</link></software>thumbleft</caption></image>strictli<artifact wordnetid="100021939" confidence="0.8"><instrumentality wordnetid="103575240" confidence="0.8"><electrical_device wordnetid="103269401" confidence="0.8"><device wordnetid="103183080" confidence="0.8"><circuit wordnetid="103033362" confidence="0.8"><link ns0:type="simple" ns0:href="../993/993.xml">analog</link></circuit></device></electrical_device></instrumentality></artifact><ref ns0:type="simple" ns0:href="#xpointer(//reflist/entry[@id=%221%22])" />electron circuit simul ltspice popular simul market multisim<software wordnetid="106566077" confidence="0.9508927676800064"><link ns0:type="simple" ns0:href="../025/10730025.xml">circuitlogix</link></software>includ analog eventdriven digit simul<ref ns0:type="simple" ns0:href="#xpointer(//reflist/entry[@id=%222%22])" />capabl mixedmod simul<ref ns0:type="simple" ns0:href="#xpointer(//reflist/entry[@id=%223%22])" />simul compon analog event driven digit sampleddata combin entir mix<link ns0:type="simple" ns0:href="../324/29324.xml">signal analysi</link>driven integr schemat digit model mixedmod simul provid accur specif propag time risefal time delay</p><p>event driven<link ns0:type="simple" ns0:href="../775/775.xml">algorithm</link>provid mixedmod simul gener purpos support nondigit type data exampl element real integ valu simul dsp function sampl data filter event driven algorithm faster standard spice matrix solut simul time greatli reduc circuit event driven model place analog model<ref ns0:type="simple" ns0:href="#xpointer(//reflist/entry[@id=%224%22])" /></p><p>mixedmod simul handl three level primit digit element time model builtin digit logic simul subcircuit model actual transistor topolog<link ns0:type="simple" ns0:href="../150/15150.xml">integr circuit</link>final inlin<link ns0:type="simple" ns0:href="../124/12351124.xml">boolean logic</link>express</p><p>exact represent analysi<link ns0:type="simple" ns0:href="../811/41811.xml">transmiss</link><link ns0:type="simple" ns0:href="../525/3492525.xml">signal integr</link>problem close inspect ic io characterist need<link ns0:type="simple" ns0:href="../124/12351124.xml">boolean logic</link>express delayless function provid effici logic signal process analog environ model techniqu<link ns0:type="simple" ns0:href="../251/180251.xml">spice</link>solv problem third method digit primit mix mode capabl method merit target applic fact simul ad technolog call combin three approach approach suffici</p><ss1><st /><p><list><entry level="1" type="bullet"><link ns0:type="simple" ns0:href="../043/18090043.xml">list discret event simul softwar</link></entry><entry level="1" type="bullet"><link ns0:type="simple" ns0:href="../524/13093524.xml">softwar choic discret event simul</link></entry><entry level="1" type="bullet"><software wordnetid="106566077" confidence="0.9508927676800064"><link ns0:type="simple" ns0:href="../025/10730025.xml">circuitlogix</link></software></entry><entry level="1" type="bullet"><link>applic simul softwar</link>approach</entry><entry level="1" type="bullet"><link ns0:type="simple" ns0:href="../791/3076791.xml">instruct set simul</link></entry><entry level="1" type="bullet"><link ns0:type="simple" ns0:href="../547/3061547.xml">full system simul</link></entry><entry level="1" type="bullet"><link ns0:type="simple" ns0:href="../842/3506842.xml">logic simul</link></entry><entry level="1" type="bullet"><link ns0:type="simple" ns0:href="../720/10900720.xml">electron circuit simul</link></entry><entry level="1" type="bullet"><weblink ns0:type="simple" ns0:href="http://www.simul8.com/products/what_is_simulation.htm">simul simul</weblink></entry></list></p></ss1><sec><st>refer</st><p><reflist><entry id="1"><weblink ns0:type="simple" ns0:href="http://www-syscom.univ-mlv.fr/~vignat/Signal/oslo.pdf">mengu vignat entri univers marn valle</weblink></entry><entry id="2"><weblink ns0:type="simple" ns0:href="http://www.cis.ufl.edu/~fishwick/introsim/paper.html">fishwick entri univers florida</weblink></entry><entry id="3"><weblink ns0:type="simple" ns0:href="http://dragao.co.it.pt/conftele2001/proc/pap006.pdf">pedro carvalho entri universidad de aveiro portug</weblink></entry><entry id="4"><weblink ns0:type="simple" ns0:href="http://wbsci.org/Interactivity/93956/Sangu-Event-Driven-Interactive-Configurations.html">walken bruckner eventdriven multimod technolog</weblink></entry></reflist></p><p><weblink ns0:type="simple" ns0:href="http://www.goldsim.com/Content.asp?PageID=455">adress risk uncertainti probabilist simul</weblink></p></sec></bdy></format></information></message></article>