<article xmlns:ns0="http://www.w3.org/1999/xlink"><actor confidence="0.9508927676800064" wordnetid="109765278"><header><title>michael dolan</title><id /><revision><id /><timestamp>tz</timestamp><contributor><username>explodicl</username><id /></contributor></revision><categories><category>american film actor</category><category>american televis actor</category></categories></header><bdy><template><name>infobox actor</name><parameters><image width="150px" src=""><caption>michael dolan<b>clifford harnish</b><movie wordnetid="106613686" confidence="0.9508927676800064"><link ns0:type="simple" ns0:href="../474/7642474.xml">turn</link></movie></caption></image><location>oklahoma citi oklahoma</location><name>michael dolan</name><birthdate><link ns0:type="simple" ns0:href="../819/15819.xml">june</link><link ns0:type="simple" ns0:href="../750/34750.xml" /></birthdate><imagesize>px</imagesize><notable_role><b>clifford harnish</b><movie wordnetid="106613686" confidence="0.9508927676800064"><link ns0:type="simple" ns0:href="../474/7642474.xml">turn</link></movie></notable_role></parameters></template><b>michael dolan</b><body wordnetid="107965085" confidence="0.8"><social_group wordnetid="107950920" confidence="0.8"><political_orientation wordnetid="106212839" confidence="0.8"><colony wordnetid="108374049" confidence="0.8"><state wordnetid="108168978" confidence="0.8"><political_unit wordnetid="108359949" confidence="0.8"><group wordnetid="100031264" confidence="0.8"><democracy wordnetid="106217103" confidence="0.8"><link ns0:type="simple" ns0:href="../750/3434750.xml">american</link></democracy></group></political_unit></state></colony></political_orientation></social_group></body><link ns0:type="simple" ns0:href="../753/753.xml">actor</link>born<link ns0:type="simple" ns0:href="../819/15819.xml">june</link><link ns0:type="simple" ns0:href="../750/34750.xml" /><village wordnetid="108672738" confidence="0.9508927676800064"><link ns0:type="simple" ns0:href="../848/57848.xml">oklahoma citi oklahoma</link></village><link ns0:type="simple" ns0:href="../750/3434750.xml">usa</link>tv movi credit includ<it><movie wordnetid="106613686" confidence="0.9508927676800064"><link ns0:type="simple" ns0:href="../066/2358066.xml">biloxi blue</link></movie></it><it><movie wordnetid="106613686" confidence="0.9508927676800064"><link ns0:type="simple" ns0:href="../947/675947.xml">hamburg hill</link></movie></it><it><movie wordnetid="106613686" confidence="0.9508927676800064"><link ns0:type="simple" ns0:href="../474/7642474.xml">turn</link></movie></it><it><movie wordnetid="106613686" confidence="0.9508927676800064"><link ns0:type="simple" ns0:href="../288/235288.xml">courag fire</link></movie></it><it><movie wordnetid="106613686" confidence="0.9508927676800064"><link ns0:type="simple" ns0:href="../806/1988806.xml">lolita</link></movie></it>three episod<it><music wordnetid="107020895" confidence="0.8"><song wordnetid="107048000" confidence="0.8"><religious_music wordnetid="107033007" confidence="0.8"><hymn wordnetid="107035870" confidence="0.8"><auditory_communication wordnetid="107109019" confidence="0.8"><religious_song wordnetid="107035420" confidence="0.8"><music_genre wordnetid="107071942" confidence="0.8"><expressive_style wordnetid="107066659" confidence="0.8"><musical_composition wordnetid="107037465" confidence="0.8"><link ns0:type="simple" ns0:href="../586/3256586.xml">ill fli</link></musical_composition></expressive_style></music_genre></religious_song></auditory_communication></hymn></religious_music></song></music></it>episod<it><series wordnetid="108457976" confidence="0.9508927676800064"><link ns0:type="simple" ns0:href="../677/67677.xml">outer limit</link></series></it>episod<it><series wordnetid="108457976" confidence="0.9508927676800064"><link ns0:type="simple" ns0:href="../629/173629.xml">law order</link></series></it><p>wrote direct short film<it><link>arrow shot</link></it>premier<fundamental_quantity wordnetid="113575869" confidence="0.8"><time_period wordnetid="115113229" confidence="0.8"><diversion wordnetid="100426928" confidence="0.8"><event wordnetid="100029378" confidence="0.8"><film_festival wordnetid="100517418" confidence="0.8"><festival wordnetid="115162388" confidence="0.8"><festival wordnetid="100517728" confidence="0.8"><celebration wordnetid="100428000" confidence="0.8"><act wordnetid="100030358" confidence="0.8"><psychological_feature wordnetid="100023100" confidence="0.8"><activity wordnetid="100407535" confidence="0.8"><link ns0:type="simple" ns0:href="../188/29188.xml">sundanc film festiv</link></activity></psychological_feature></act></celebration></festival></festival></film_festival></event></diversion></time_period></fundamental_quantity>broadcast<channel wordnetid="106259898" confidence="0.9508927676800064"><link ns0:type="simple" ns0:href="../777/925777.xml">independ film channel</link></channel><link ns0:type="simple" ns0:href="../199/585199.xml">canal</link>station<link ns0:type="simple" ns0:href="../239/9239.xml">europ</link>attend<link>jame michen center writer</link>univers texa</p><p>current featurelength script return iraq veteran develop</p><sec><st>extern link</st><p><weblink ns0:type="simple" ns0:href="http://www.imdb.com/name/nm0230822/">michael dolan</weblink><web_site wordnetid="106359193" confidence="0.9508927676800064"><link ns0:type="simple" ns0:href="../554/2855554.xml">internet movi databas</link></web_site></p></sec></bdy></actor></article>