<article xmlns:ns0="http://www.w3.org/1999/xlink"><header><title>gemid</title><id /><revision><id /><timestamp>tz</timestamp><contributor><username>doi bot</username><id /></contributor></revision><categories><category>comput vision softwar</category><category>cell biolog</category><category>microscopi</category><category>graphic softwar</category><category>imag process</category></categories></header><bdy><image location="right" width="200px" src="GemIdent_logo.jpg" type="thumb"><caption>gemid logo</caption></image><p><b>gemid</b>interact<link>imag recognit</link>program identifi<link ns0:type="simple" ns0:href="../778/4683778.xml">region interest</link>imag photograph design imag color object interest alik small variat exampl color<link ns0:type="simple" ns0:href="../717/505717.xml">imag segment</link><list><entry level="1" type="bullet">orang tree</entry><entry level="1" type="bullet">stain cell microscop imag</entry></list></p><p>gemid packag data analysi tool investig spatial relationship object identifi</p><sec><st>histori</st><p>gemid develop<university wordnetid="108286163" confidence="0.9508927676800064"><link ns0:type="simple" ns0:href="../977/26977.xml">stanford univers</link></university>adam kapeln june januari lab dr peter lee tutelag professor susan holm<ref ns0:type="simple" ns0:href="#xpointer(//reflist/entry[@id=%221%22])" />concept inspir data<ref ns0:type="simple" ns0:href="#xpointer(//reflist/entry[@id=%222%22])" />public concern immun profil<link ns0:type="simple" ns0:href="../342/82342.xml">lymph node</link>breast cancer patient gemid work well identifi cell<link ns0:type="simple" ns0:href="../210/1021210.xml">ihc</link>stain tissu imag autom<link ns0:type="simple" ns0:href="../222/7131222.xml">light microscopi</link>nuclear background stain membranecytoplasm stain welldefin</p></sec><sec><st>methodolog</st><p>gemid<link ns0:type="simple" ns0:href="../926/20926.xml">supervis learn</link>perform autom identif region interest imag user substanti amount work suppli relev color point exampl object region well neg<link ns0:type="simple" ns0:href="../228/1817228.xml">train set</link>creation</p><p>user click pixel score gener surround color<link>mahalanobi ring score</link>attribut gener score build<link ns0:type="simple" ns0:href="../880/1363880.xml">random forest</link>machinelearn classifi will classifi pixel imag</p><p>classif mistak user return train point specif mistak reclassifi trainingclassifyingretrainingreclassifi iter consid interact<link ns0:type="simple" ns0:href="../500/90500.xml">boost</link>result highli accur segment</p></sec><sec><st>sourc code</st><p><link ns0:type="simple" ns0:href="../661/27661.xml">sourc code</link>gemid noncommerci user pure<message wordnetid="106598915" confidence="0.8"><request wordnetid="106513366" confidence="0.8"><link ns0:type="simple" ns0:href="../881/15881.xml">java</link></request></message>code licens gemid licens licens written stanford offic technolog licens<link ns0:type="simple" ns0:href="../290/22290.xml">open sourc licens</link><link ns0:type="simple" ns0:href="../568/18932568.xml">free softwar licens</link>commerci redistribut prohibit distribut deriv work highli restrict</p></sec><sec><st>exampl</st><p><image location="none" width="750px" src="orangeExample.jpg"><caption>gemid identifi orang orang grove</caption></image>raw photograph left superimpos mask show pixel classif center final photograph mark centroid object interest orang</p><p><image location="none" width="750px" src="cancerExample.jpg"><caption>gemid identifi cancer cell microscop imag</caption></image>raw microscop imag stain lymph node left kohrt studi<ref ns0:type="simple" ns0:href="#xpointer(//reflist/entry[@id=%222%22])" />superimpos mask show pixel classif center final imag mark centroid object interest cancer nuclei</p><p><image location="none" width="744px" src="GemIdentComposite.jpg"><caption>gemid identifi cancer cell tcell background nuclei microscop imag</caption></image>exampl illustr gemid abil find multipl phenotyp imag raw microscop imag stain lymph node top left kohrt studi<ref ns0:type="simple" ns0:href="#xpointer(//reflist/entry[@id=%222%22])" />superimpos mask show pixel classif top final imag mark centroid object interest cancer nuclei green star tcell yellow star nonspecif background nuclei cyan star</p><p><image location="none" width="540px" src="analysisdata.jpg"><caption>gemid analyz data analysi visual tool</caption></image>commandlin data analysi visual interfac action analyz classif lymph node kohrt studi<ref ns0:type="simple" ns0:href="#xpointer(//reflist/entry[@id=%222%22])" /><link ns0:type="simple" ns0:href="../266/13266.xml">histogram</link>display distribut distanc tcell neighbor cancer cell binari imag cancer membran result pixelonli classif open<link ns0:type="simple" ns0:href="../077/24077.xml">pdf</link>document autogener report analysi includ thumbnail view entir lymph node count type error rate<link ns0:type="simple" ns0:href="../543/24543.xml">phenotyp</link>well transcript analys perform</p></sec><sec><st>refer</st><p><reflist><entry id="1"><cite style="font-style:normal">kapeln adam peter lee susan holm<weblink ns0:type="simple" ns0:href="http://doi.ieeecomputersociety.org/10.1109/MEDIVIS.2007.5">interact statist imag segment visual system</weblink><it>medivi</it><b />ieee comput societi<document wordnetid="106470073" confidence="0.8"><written_communication wordnetid="106349220" confidence="0.8"><writing wordnetid="106362953" confidence="0.8"><link ns0:type="simple" ns0:href="../994/422994.xml">doi</link></writing></written_communication></document><weblink ns0:type="simple" ns0:href="http://dx.doi.org/10.1109%2FMEDIVIS.2007.5">medivi</weblink><symbol wordnetid="106806469" confidence="0.8"><standard wordnetid="107260623" confidence="0.8"><signal wordnetid="106791372" confidence="0.8"><identifier wordnetid="107270601" confidence="0.8"><system_of_measurement wordnetid="113577171" confidence="0.8"><link ns0:type="simple" ns0:href="../930/234930.xml">issn</link></system_of_measurement></identifier></signal></standard></symbol><weblink ns0:type="simple" ns0:href="http://worldcat.org/issn/0-7695-2904-6" /></cite></entry><entry id="2"><cite style="font-style:normal">kohrt holbrook navid nouri kent nowel denis johnson susan holm peter lee profil immun cell axillari lymph node predict diseasefre surviv breast cancer<it>plo medicin</it><b /><document wordnetid="106470073" confidence="0.8"><written_communication wordnetid="106349220" confidence="0.8"><writing wordnetid="106362953" confidence="0.8"><link ns0:type="simple" ns0:href="../994/422994.xml">doi</link></writing></written_communication></document><weblink ns0:type="simple" ns0:href="http://dx.doi.org/10.1371%2Fjournal.pmed.0020284">journalpm</weblink><symbol wordnetid="106806469" confidence="0.8"><standard wordnetid="107260623" confidence="0.8"><signal wordnetid="106791372" confidence="0.8"><identifier wordnetid="107270601" confidence="0.8"><system_of_measurement wordnetid="113577171" confidence="0.8"><link ns0:type="simple" ns0:href="../930/234930.xml">issn</link></system_of_measurement></identifier></signal></standard></symbol><weblink ns0:type="simple" ns0:href="http://worldcat.org/issn/15491676" /></cite></entry></reflist></p></sec><sec><st>extern link</st><p><list><entry level="1" type="bullet"><weblink ns0:type="simple" ns0:href="http://www.gemident.com/">gemid homepag</weblink></entry></list></p></sec></bdy></article>