<article xmlns:ns0="http://www.w3.org/1999/xlink"><actor confidence="0.9508927676800064" wordnetid="109765278"><header><title>carolyn mccormick</title><id /><revision><id /><timestamp>tz</timestamp><contributor><username>savolya</username><id /></contributor></revision><categories><category>birth</category><category>articl expand januari</category><category>american voic actor</category><category>american televis actor</category><category>live peopl</category><category>articl invalid paramet templat</category><category>peopl midland texa</category><category>articl expand</category><category>american stage actor</category></categories></header><bdy><template><name>infobox actor</name><parameters><image width="150px" src="" /><birthplace><village wordnetid="108672738" confidence="0.9508927676800064"><link ns0:type="simple" ns0:href="../222/151222.xml">midland texa</link></village><body wordnetid="107965085" confidence="0.8"><social_group wordnetid="107950920" confidence="0.8"><political_orientation wordnetid="106212839" confidence="0.8"><colony wordnetid="108374049" confidence="0.8"><state wordnetid="108168978" confidence="0.8"><political_unit wordnetid="108359949" confidence="0.8"><group wordnetid="100031264" confidence="0.8"><democracy wordnetid="106217103" confidence="0.8"><link ns0:type="simple" ns0:href="../750/3434750.xml">unit</link></democracy></group></political_unit></state></colony></political_orientation></social_group></body></birthplace><name>carolyn mccormick</name><birthdate>septemb age</birthdate><birthname>carolyn inez mccormick</birthname></parameters></template><p><table class="metadata plainlinks ambox "><row><col>amboxnotic style</col></row><row><col class="mbox-image"><p><image width="44px" src="Wiki_letter_w.svg" /></p></col><col style="" class="mbox-text">help<weblink ns0:type="simple" ns0:href="http://localhost:18088/wiki/index.php?title=Carolyn_McCormick action=edit">improv articl</weblink>expand januari</col></row></table></p><p>carolyn inez mccormick born<link ns0:type="simple" ns0:href="../147/28147.xml">septemb</link><link ns0:type="simple" ns0:href="../662/34662.xml" />american<link ns0:type="simple" ns0:href="../753/753.xml">actress</link></p><p>mccormick born<village wordnetid="108672738" confidence="0.9508927676800064"><link ns0:type="simple" ns0:href="../222/151222.xml">midland texa</link></village>father own oil drill compani<ref ns0:type="simple" ns0:href="#xpointer(//reflist/entry[@id=%221%22])" />graduat<university wordnetid="108286163" confidence="0.9508927676800064"><link ns0:type="simple" ns0:href="../105/34105.xml">william colleg</link></university>ba theatr hold<link ns0:type="simple" ns0:href="../486/894486.xml">mfa</link>american conservatori theater san francisco work<link ns0:type="simple" ns0:href="../831/29831.xml">televis</link><link ns0:type="simple" ns0:href="../571/10571.xml">movi</link><link ns0:type="simple" ns0:href="../776/29776.xml">theatr</link><link ns0:type="simple" ns0:href="../673/95673.xml">voic act</link>break televis appear holodeck simul<link ns0:type="simple" ns0:href="../004/654004.xml">minuet</link><music wordnetid="107020895" confidence="0.8"><episode wordnetid="106396330" confidence="0.8"><auditory_communication wordnetid="107109019" confidence="0.8"><written_communication wordnetid="106349220" confidence="0.8"><writing wordnetid="106362953" confidence="0.8"><section wordnetid="106392001" confidence="0.8"><link ns0:type="simple" ns0:href="../004/654004.xml" /></section></writing></written_communication></auditory_communication></episode></music>firstseason episod minuet riker<fictional_character wordnetid="109587565" confidence="0.8"><imaginary_being wordnetid="109483738" confidence="0.8"><link ns0:type="simple" ns0:href="../142/51142.xml">will riker</link></imaginary_being></fictional_character>wife fantasyaltern univers fourth season episod<music wordnetid="107020895" confidence="0.8"><episode wordnetid="106396330" confidence="0.8"><auditory_communication wordnetid="107109019" confidence="0.8"><written_communication wordnetid="106349220" confidence="0.8"><writing wordnetid="106362953" confidence="0.8"><section wordnetid="106392001" confidence="0.8"><link ns0:type="simple" ns0:href="../969/562969.xml">futur imperfect</link></section></writing></written_communication></auditory_communication></episode></music>role best nbc network<physical_entity wordnetid="100001930" confidence="0.8"><person wordnetid="100007846" confidence="0.8"><fictional_character wordnetid="109587565" confidence="0.8"><imaginary_being wordnetid="109483738" confidence="0.8"><causal_agent wordnetid="100007347" confidence="0.8"><scientist wordnetid="110560637" confidence="0.8"><psychologist wordnetid="110488865" confidence="0.8"><link ns0:type="simple" ns0:href="../242/2736242.xml">dr elizabeth olivet</link></psychologist></scientist></causal_agent></imaginary_being></fictional_character></person></physical_entity><series wordnetid="108457976" confidence="0.9508927676800064"><link ns0:type="simple" ns0:href="../629/173629.xml">law order</link></series>play unhappi wife polic psychiatrist play robert pastorelli shortliv american version british seri<link ns0:type="simple" ns0:href="../982/5982.xml">cracker</link><ref ns0:type="simple" ns0:href="#xpointer(//reflist/entry[@id=%222%22])" /></p><p>appear cherri hill theatr<region wordnetid="108630985" confidence="0.8"><administrative_district wordnetid="108491826" confidence="0.8"><location wordnetid="100027167" confidence="0.8"><district wordnetid="108552138" confidence="0.8"><country wordnetid="108544813" confidence="0.8"><link ns0:type="simple" ns0:href="../131/8210131.xml">york</link></country></district></location></administrative_district></region>eveolut<series wordnetid="108457976" confidence="0.9508927676800064"><link ns0:type="simple" ns0:href="../325/170325.xml">cosbi</link></series>star<actor wordnetid="109765278" confidence="0.9508927676800064"><link ns0:type="simple" ns0:href="../346/921346.xml">sabrina le beauf</link></actor></p><p>marri byron jen actor appear mccormick<movie wordnetid="106613686" confidence="0.9508927676800064"><link ns0:type="simple" ns0:href="../981/4856981.xml">simpl twist fate</link></movie>film</p><sec><st>filmographi</st><p><list><entry level="1" type="bullet">asst dist atti rita fior season</entry><entry level="1" type="bullet"><movie wordnetid="106613686" confidence="0.9508927676800064"><link ns0:type="simple" ns0:href="../691/6276691.xml">enemi mine</link></movie>mors</entry><entry level="1" type="bullet"><series wordnetid="108457976" confidence="0.9508927676800064"><link ns0:type="simple" ns0:href="../629/173629.xml">law order</link></series><physical_entity wordnetid="100001930" confidence="0.8"><person wordnetid="100007846" confidence="0.8"><fictional_character wordnetid="109587565" confidence="0.8"><imaginary_being wordnetid="109483738" confidence="0.8"><causal_agent wordnetid="100007347" confidence="0.8"><scientist wordnetid="110560637" confidence="0.8"><psychologist wordnetid="110488865" confidence="0.8"><link ns0:type="simple" ns0:href="../242/2736242.xml">dr elizabeth olivet</link></psychologist></scientist></causal_agent></imaginary_being></fictional_character></person></physical_entity></entry><entry level="1" type="bullet"><link ns0:type="simple" ns0:href="../592/798592.xml">cracker</link>judith fitzgerald</entry><entry level="1" type="bullet"><event wordnetid="100029378" confidence="0.8"><social_event wordnetid="107288639" confidence="0.8"><contest wordnetid="107456188" confidence="0.8"><game wordnetid="100456199" confidence="0.8"><psychological_feature wordnetid="100023100" confidence="0.8"><link ns0:type="simple" ns0:href="../484/8484.xml">deu</link></psychological_feature></game></contest></social_event></event>anna navarremaggi chow femal charact carolyn mccormack voic</entry><entry level="1" type="bullet">women doc narrat voic</entry><entry level="1" type="bullet">emmett mark carlin</entry><entry level="1" type="bullet">chair morrison</entry><entry level="1" type="bullet"><evil_spirit wordnetid="109541919" confidence="0.8"><vampire wordnetid="109544109" confidence="0.8"><belief wordnetid="105941423" confidence="0.8"><event wordnetid="100029378" confidence="0.8"><spirit wordnetid="109545324" confidence="0.8"><social_event wordnetid="107288639" confidence="0.8"><contest wordnetid="107456188" confidence="0.8"><spiritual_being wordnetid="109504135" confidence="0.8"><game wordnetid="100456199" confidence="0.8"><psychological_feature wordnetid="100023100" confidence="0.8"><link ns0:type="simple" ns0:href="../529/875529.xml">bloodrayn</link></psychological_feature></game></spiritual_being></contest></social_event></spirit></event></belief></vampire></evil_spirit>voic</entry></list></p></sec><sec><st>refer</st><p><reflist><entry id="1">httpwwwfilmreferencecomfilmcarolynmccormickhtml</entry><entry id="2">httpwwwcarolynmccormickcom</entry></reflist></p></sec><sec><st>extern link</st><p><list><entry level="1" type="bullet"><weblink ns0:type="simple" ns0:href="http://www.imdb.com/name/nm0566509/">carolyn mccormick</weblink><web_site wordnetid="106359193" confidence="0.9508927676800064"><link ns0:type="simple" ns0:href="../554/2855554.xml">internet movi databas</link></web_site></entry></list></p></sec></bdy></actor></article>