<article xmlns:ns0="http://www.w3.org/1999/xlink"><system confidence="0.8" wordnetid="104377057"><artifact confidence="0.8" wordnetid="100021939"><instrumentality confidence="0.8" wordnetid="103575240"><entity confidence="0.9511911446218017" wordnetid="100001740"><header><title>databas model</title><id /><revision><id /><timestamp>tz</timestamp><contributor><username>smackbot</username><id /></contributor></revision><categories><category>databas</category><category>databas manag system</category><category>articl merg octob</category><category>articl merg</category><category>databas theori</category></categories></header><bdy><table class="metadata plainlinks ambox "><row><col>amboxmov style</col></row><row><col class="mbox-image"><p><image width="50px" src="Merge-arrow.svg"><caption>merg arrow</caption></image></p></col><col style="" class="mbox-text">suggest articl</col></row></table><p><table style="padding:0.3em; margin-left:15px; border:1px solid #A3B1BF; background:#f5faff; text-align:center; font-size:95%; line-height1.5em; width:160px;" align="right"><header style="background:#cedff2; padding:0.3em;"><link ns0:type="simple" ns0:href="../170/1659170.xml">databas model</link></header><row><col style="padding:0.1em; font-size:0.9em; background-color:#cedff2">common model</col></row><row><col><link ns0:type="simple" ns0:href="../075/247075.xml">hierarch</link><link ns0:type="simple" ns0:href="../098/185098.xml">network</link><link ns0:type="simple" ns0:href="../220/26220.xml">relat</link><system wordnetid="104377057" confidence="0.8"><artifact wordnetid="100021939" confidence="0.8"><instrumentality wordnetid="103575240" confidence="0.8"><link ns0:type="simple" ns0:href="../960/68960.xml">objectrel</link></instrumentality></artifact></system><system wordnetid="104377057" confidence="0.8"><artifact wordnetid="100021939" confidence="0.8"><instrumentality wordnetid="103575240" confidence="0.8"><link ns0:type="simple" ns0:href="../826/22826.xml">object</link></instrumentality></artifact></system></col></row><row><col style="padding:0.1em; font-size:0.9em; background-color:#cedff2">model</col></row><row><col><system wordnetid="104377057" confidence="0.8"><artifact wordnetid="100021939" confidence="0.8"><instrumentality wordnetid="103575240" confidence="0.8"><link ns0:type="simple" ns0:href="../803/1532803.xml">associ</link></instrumentality></artifact></system><link ns0:type="simple" ns0:href="../366/1183366.xml">conceptori</link><system wordnetid="104377057" confidence="0.8"><artifact wordnetid="100021939" confidence="0.8"><instrumentality wordnetid="103575240" confidence="0.8"><link ns0:type="simple" ns0:href="../290/519290.xml">multidimension</link></instrumentality></artifact></system><link ns0:type="simple" ns0:href="../680/19558680.xml">semant</link><link ns0:type="simple" ns0:href="../738/872738.xml">star schema</link><link ns0:type="simple" ns0:href="../351/1442351.xml">xml databas</link></col></row></table><link ns0:type="simple" ns0:href="../871/82871.xml">data model</link>structur data defin set oper perform data relat model exampl defin oper<link ns0:type="simple" ns0:href="../285/665285.xml">select</link><link>project</link><link ns0:type="simple" ns0:href="../204/665204.xml">join</link>oper explicit<link ns0:type="simple" ns0:href="../528/494528.xml">queri languag</link>provid foundat queri languag built exampl databas includ word processor dictionari mail merg user prefer manag system</p><sec><st>model</st><p>techniqu model data structur databas system built data model increasingli common product offer support model<link ns0:type="simple" ns0:href="../858/19858.xml">logic model</link>physic implement product will offer user level control tune<link>physic implement</link>choic perform exampl<link ns0:type="simple" ns0:href="../220/26220.xml">relat model</link>seriou implement relat model allow creation index provid fast access row tabl valu column</p><ss1><st>flat model</st><p><it>strictli qualifi data model defin</it><link ns0:type="simple" ns0:href="../973/573973.xml">flat tabl model</link>consist singl twodimension array<link ns0:type="simple" ns0:href="../040/18985040.xml">data</link>element member column assum valu member row assum instanc column password system secur databas row specif password associ individu user column tabl type associ defin charact data time integ float point number</p></ss1><ss1><st>hierarch model</st><p><indent level="1"><it>main articl<link ns0:type="simple" ns0:href="../075/247075.xml">hierarch model</link></it></indent><link ns0:type="simple" ns0:href="../075/247075.xml">hierarch model</link>data organ treelik structur impli singl upward link record describ nest sort field record order samelevel list hierarch structur earli mainfram databas manag system manag system im ibm describ structur xml document structur allow relationship type data structur effici describ relationship real recip tabl content order paragraphsvers nest sort hierarch structur ineffici databas oper full path oppos upward link sort field includ record</p><p>limit hierarch model inabl effici repres redund data<link>entityattributevalu</link>databas model<weblink ns0:type="simple" ns0:href="http://www.swinklink.com/">caboodl</weblink><company wordnetid="108058098" confidence="0.9508927676800064"><link ns0:type="simple" ns0:href="../847/1442847.xml">swink</link></company>base structur</p><p>parentchild relationship child parent parent multipl children parent children tie link call pointer parent will list pointer children</p></ss1><ss1><st>network model</st><p><indent level="1"><it>main articl<link ns0:type="simple" ns0:href="../098/185098.xml">network model</link></it></indent><link ns0:type="simple" ns0:href="../098/185098.xml">network model</link>defin<information wordnetid="105816287" confidence="0.8"><datum wordnetid="105816622" confidence="0.8"><link ns0:type="simple" ns0:href="../351/309351.xml">codasyl</link></datum></information>specif organ data fundament construct call<it>record</it><it>set</it>record field organ hierarch program languag<link ns0:type="simple" ns0:href="../799/6799.xml">cobol</link>set confus mathemat set defin<link ns0:type="simple" ns0:href="../383/2621383.xml">onetomani</link>relationship record owner member record owner number set member number set</p><p>network model variat hierarch model extent built concept multipl branch lowerlevel structur eman node higherlevel structur model differ hierchic model branch connect multipl node network model repres redund data effici hierarch model</p><p>oper network model navig style program maintain current posit navig record relationship record particip record locat suppli key valu</p><p>essenti featur model network databas gener implement set relationship<link ns0:type="simple" ns0:href="../018/459018.xml">pointer</link>directli address locat record disk excel retriev perform expens oper databas load reorgan</p><p><link ns0:type="simple" ns0:href="../826/22826.xml">object databas</link>navig concept provid fast navig network object gener object identifi smart pointer object<system wordnetid="104377057" confidence="0.8"><artifact wordnetid="100021939" confidence="0.8"><instrumentality wordnetid="103575240" confidence="0.8"><link ns0:type="simple" ns0:href="../433/10375433.xml">objectivitydb</link></instrumentality></artifact></system>instanc implement name manymani name relationship cross databas<link ns0:type="simple" ns0:href="../826/22826.xml">object databas</link>support<programming_language wordnetid="106898352" confidence="0.9508927676800064"><link ns0:type="simple" ns0:href="../004/29004.xml">sql</link></programming_language>combin strength model</p></ss1><ss1><st>relat model</st><p><indent level="1"><it>main articl<link ns0:type="simple" ns0:href="../220/26220.xml">relat model</link></it></indent><link ns0:type="simple" ns0:href="../220/26220.xml">relat model</link>introduc<weblink ns0:type="simple" ns0:href="http://www.acm.org/classics/nov95/toc.html">academ paper</weblink><link ns0:type="simple" ns0:href="../548/93548.xml">codd</link>databas manag system independ applic mathemat model defin term<link ns0:type="simple" ns0:href="../970/74970.xml">predic logic</link><link ns0:type="simple" ns0:href="../553/27553.xml">set theori</link></p><p>product gener refer<link ns0:type="simple" ns0:href="../873/25873.xml">relat databas</link>fact implement model approxim mathemat model defin codd three key term extens relat databas model<it>relat</it><it>attribut</it><it>domain</it>relat tabl column row name column relat call attribut domain set valu attribut allow</p><p>basic data structur relat model tabl entiti employe repres column row call<link ns0:type="simple" ns0:href="../729/132729.xml">tupl</link>relat relat databas refer tabl databas relat set tupl column enumer attribut entiti employe address phone number exampl row actual instanc entiti specif employe repres relat result tupl employe tabl repres attribut singl employe</p><p>relat tabl relat databas adher basic rule qualifi relat order column immateri tabl second cant ident tupl row tabl third tupl will singl attribut</p><p>relat databas multipl tabl flat<link ns0:type="simple" ns0:href="../170/1659170.xml">databas model</link>strength relat model principl occur record belong tabl tabl impli relationship record order enforc explicit integr constraint relationship record tabl defin explicitli identifi nonidentifi parentchild relationship character assign cardin mm tabl design singl attribut set attribut key uniqu identifi tupl tabl</p><p>key uniqu identifi row tabl call primari key commonli join combin data tabl exampl<it>employe</it>tabl column name<it>locat</it>match key<it>locat</it>tabl critic creation index facilit fast retriev data larg tabl column key multipl column group compound key defin advanc column key origin intend</p><p>key extern realworld mean person book<link ns0:type="simple" ns0:href="../919/14919.xml">isbn</link>car serial number call natur key natur key suitabl peopl name<it>brown</it>arbitrari surrog key assign employe number practic databas gener natur gener intern creat link row break natur reliabl search integr databas exampl record independ develop databas match<link ns0:type="simple" ns0:href="../702/48702.xml">social secur number</link>social secur number incorrect miss chang</p><ss2><st>relat oper</st><p>user program request data relat databas send<link ns0:type="simple" ns0:href="../390/679390.xml">queri</link>written special languag dialect<programming_language wordnetid="106898352" confidence="0.9508927676800064"><link ns0:type="simple" ns0:href="../004/29004.xml">sql</link></programming_language>sql origin intend endus common sql queri embed softwar easier user interfac web site wikipedia perform sql queri gener</p><p>respons queri databas return result set list row answer simplest queri return row tabl row filter return answer want</p><p>data multipl tabl combin<link ns0:type="simple" ns0:href="../204/665204.xml">join</link>conceptu combin row<idea wordnetid="105833840" confidence="0.8"><concept wordnetid="105835747" confidence="0.8"><link ns0:type="simple" ns0:href="../795/5795.xml">cartesian product</link></concept></idea>filter answer practic relat databas manag system rewrit<system wordnetid="104377057" confidence="0.8"><artifact wordnetid="100021939" confidence="0.8"><instrumentality wordnetid="103575240" confidence="0.8"><event wordnetid="100029378" confidence="0.8"><rule wordnetid="105846932" confidence="0.8"><act wordnetid="100030358" confidence="0.8"><psychological_feature wordnetid="100023100" confidence="0.8"><procedure wordnetid="101023820" confidence="0.8"><activity wordnetid="100407535" confidence="0.8"><algorithm wordnetid="105847438" confidence="0.8"><link ns0:type="simple" ns0:href="../441/1732441.xml">optim</link></algorithm></activity></procedure></psychological_feature></act></rule></event></instrumentality></artifact></system>queri perform faster varieti techniqu</p><p>number relat oper addit join includ project process elimin column restrict process elimin row union combin tabl structur differ list row tabl intersect list row tabl product mention combin row tabl row depend sourc consult number oper defin term list includ semijoin outer oper outer join outer union form divis oper renam column summar aggreg oper permit relat valu attribut rva<link ns0:type="simple" ns0:href="../377/8377.xml">relationvalu attribut</link>oper group ungroup select statement sql serv handl group ungroup oper</p><p>flexibl relat databas allow programm write queri anticip databas design result relat databas multipl applic way origin design forese databas long time decad idea implement relat databas popular busi</p></ss2><ss2><st>normal form</st><p><indent level="1"><it>main articl<relationship wordnetid="113928668" confidence="0.8"><confinement wordnetid="113998576" confidence="0.8"><state wordnetid="100024720" confidence="0.8"><subjugation wordnetid="113996300" confidence="0.8"><constraint wordnetid="113998781" confidence="0.8"><link ns0:type="simple" ns0:href="../640/8640.xml">databas normal</link></constraint></subjugation></state></confinement></relationship></it></indent>relat classifi base type anomali vulner databas normal form vulner type anomali databas domainkey normal form modif anomali normal form hierarch natur lowest level normal form databas meet requir higher level normal form met requir lesser normal form<ref ns0:type="simple" ns0:href="#xpointer(//reflist/entry[@id=%221%22])" /></p></ss2></ss1><ss1><st>dimension model</st><p><link ns0:type="simple" ns0:href="../079/12321079.xml">dimension model</link>special adapt relat model repres data<link ns0:type="simple" ns0:href="../990/7990.xml">data warehous</link>data easili summar<link ns0:type="simple" ns0:href="../239/189239.xml">olap</link>queri dimension model databas consist singl larg tabl fact describ dimens measur dimens context fact particip happen type queri group fact dimens tend discret hierarch exampl locat includ build countri measur quantiti describ fact revenu measur meaning aggreg exampl revenu locat</p><p>olap queri dimens chosen fact group creat summari</p><p>dimension model implement top relat model<link ns0:type="simple" ns0:href="../738/872738.xml">star schema</link>consist tabl fact surround tabl dimens complic dimens repres multipl tabl<link ns0:type="simple" ns0:href="../338/1464338.xml">snowflak schema</link></p><p>data warehous multipl star schema share dimens tabl allow come standard set dimens dimension model</p></ss1><ss1><st>object databas model</st><p><indent level="1"><it>main articl<link ns0:type="simple" ns0:href="../960/68960.xml">objectrel model</link></it></indent><indent level="1"><it>main articl<link ns0:type="simple" ns0:href="../487/5646487.xml">object model</link></it></indent>year<link ns0:type="simple" ns0:href="../757/22757.xml">objectori</link>paradigm appli databas technolog creat program model<link ns0:type="simple" ns0:href="../826/22826.xml">object databas</link>databas attempt bring databas applic program closer ensur databas<link ns0:type="simple" ns0:href="../701/199701.xml">type system</link>applic program aim avoid overhead refer<it><link ns0:type="simple" ns0:href="../278/2063278.xml">imped mismatch</link></it>convert represent databas exampl row tabl represent applic program typic object time object databas attempt introduc key idea object program<link ns0:type="simple" ns0:href="../301/10301.xml">encapsul</link><link ns0:type="simple" ns0:href="../811/261811.xml">polymorph</link>databas</p><p>varieti way store object databas product approach problem applic program make object manipul program<link ns0:type="simple" ns0:href="../689/24689.xml">persist</link>typic requir addit kind queri languag convent program languag abil find object base content attack problem databas defin objectori data model databas defin databas program languag allow full program capabl well tradit queri facil</p><p>object databas suffer lack standard standard defin<link ns0:type="simple" ns0:href="../009/1064009.xml">odmg</link>implement well ensur interoper product object databas applic special applic engin databas molecular biolog databas mainstream commerci data process object databas idea pick relat vendor influenc extens product<programming_language wordnetid="106898352" confidence="0.9508927676800064"><link ns0:type="simple" ns0:href="../004/29004.xml">sql</link></programming_language>languag</p></ss1></sec><sec><st>refer</st><p><reflist><entry id="1">david kroenk<it>databas process fundament design implement</it>prenticehal</entry></reflist></p></sec><sec><st /><p><list><entry level="1" type="bullet"><link ns0:type="simple" ns0:href="../170/1659170.xml">list databas model</link></entry></list></p><p><table style=";" class="navbox" cellspacing="0"><row><col style="padding:2px;"><table style="width:100%;background:transparent;color:inherit;;" class="nowraplinks collapsible autocollapse " cellspacing="0"><row><header colspan="2" style=";" class="navbox-title"><link ns0:type="simple" ns0:href="../513/8513.xml">databas manag system</link></header></row><row style="height:2px;" /><row><col colspan="2" style=";" class="navbox-abovebelow"><system wordnetid="104377057" confidence="0.8"><artifact wordnetid="100021939" confidence="0.8"><instrumentality wordnetid="103575240" confidence="0.8"><link ns0:type="simple" ns0:href="../520/10973520.xml">databas model</link></instrumentality></artifact></system><relationship wordnetid="113928668" confidence="0.8"><confinement wordnetid="113998576" confidence="0.8"><state wordnetid="100024720" confidence="0.8"><subjugation wordnetid="113996300" confidence="0.8"><constraint wordnetid="113998781" confidence="0.8"><link ns0:type="simple" ns0:href="../640/8640.xml">databas normal</link></constraint></subjugation></state></confinement></relationship><system wordnetid="104377057" confidence="0.8"><artifact wordnetid="100021939" confidence="0.8"><instrumentality wordnetid="103575240" confidence="0.8"><link ns0:type="simple" ns0:href="../365/10983365.xml">databas storag</link></instrumentality></artifact></system><system wordnetid="104377057" confidence="0.8"><artifact wordnetid="100021939" confidence="0.8"><instrumentality wordnetid="103575240" confidence="0.8"><link ns0:type="simple" ns0:href="../515/1990515.xml">distribut dbm</link></instrumentality></artifact></system><link ns0:type="simple" ns0:href="../718/445718.xml">referenti integr</link><link ns0:type="simple" ns0:href="../285/175285.xml">relat algebra</link><link ns0:type="simple" ns0:href="../769/175769.xml">relat calculu</link><link ns0:type="simple" ns0:href="../873/25873.xml">relat databas</link><link ns0:type="simple" ns0:href="../743/98743.xml">relat dbm</link><link ns0:type="simple" ns0:href="../220/26220.xml">relat model</link><system wordnetid="104377057" confidence="0.8"><artifact wordnetid="100021939" confidence="0.8"><instrumentality wordnetid="103575240" confidence="0.8"><link ns0:type="simple" ns0:href="../960/68960.xml">objectrel databas</link></instrumentality></artifact></system><link ns0:type="simple" ns0:href="../409/212409.xml">transact process</link></col></row><row style="height:2px;" /><row><col style=";;" class="navbox-group">concept</col><col style="text-align:left;border-left:2px solid #fdfdfd;width:100%;padding:0px;;;" class="navbox-list navbox-odd"><link ns0:type="simple" ns0:href="../377/8377.xml">databas</link><link ns0:type="simple" ns0:href="../776/60776.xml">acid</link><link ns0:type="simple" ns0:href="../180/287180.xml">crud</link><link ns0:type="simple" ns0:href="../540/2002540.xml">null</link><link ns0:type="simple" ns0:href="../975/336975.xml">candid key</link><link ns0:type="simple" ns0:href="../065/259065.xml">foreign key</link><link ns0:type="simple" ns0:href="../099/6850099.xml">primari key</link><link ns0:type="simple" ns0:href="../952/1137952.xml">superkey</link><link ns0:type="simple" ns0:href="../950/472950.xml">surrog key</link></col></row><row style="height:2px" /><row><col style=";;" class="navbox-group">object</col><col style="text-align:left;border-left:2px solid #fdfdfd;width:100%;padding:0px;;;" class="navbox-list navbox-even"><system wordnetid="104377057" confidence="0.8"><artifact wordnetid="100021939" confidence="0.8"><instrumentality wordnetid="103575240" confidence="0.8"><link ns0:type="simple" ns0:href="../316/1384316.xml">trigger</link></instrumentality></artifact></system><system wordnetid="104377057" confidence="0.8"><artifact wordnetid="100021939" confidence="0.8"><instrumentality wordnetid="103575240" confidence="0.8"><link ns0:type="simple" ns0:href="../226/1960226.xml">view</link></instrumentality></artifact></system><link ns0:type="simple" ns0:href="../163/1701163.xml">tabl</link><system wordnetid="104377057" confidence="0.8"><artifact wordnetid="100021939" confidence="0.8"><instrumentality wordnetid="103575240" confidence="0.8"><link ns0:type="simple" ns0:href="../836/2104836.xml">cursor</link></instrumentality></artifact></system><system wordnetid="104377057" confidence="0.8"><artifact wordnetid="100021939" confidence="0.8"><instrumentality wordnetid="103575240" confidence="0.8"><link ns0:type="simple" ns0:href="../974/245974.xml">log</link></instrumentality></artifact></system><link ns0:type="simple" ns0:href="../953/233953.xml">transact</link><link ns0:type="simple" ns0:href="../076/1711076.xml" /><system wordnetid="104377057" confidence="0.8"><artifact wordnetid="100021939" confidence="0.8"><instrumentality wordnetid="103575240" confidence="0.8"><link ns0:type="simple" ns0:href="../251/277251.xml">store procedur</link></instrumentality></artifact></system><system wordnetid="104377057" confidence="0.8"><artifact wordnetid="100021939" confidence="0.8"><instrumentality wordnetid="103575240" confidence="0.8"><link ns0:type="simple" ns0:href="../101/1983101.xml">partit</link></instrumentality></artifact></system></col></row><row style="height:2px" /><row><col style=";;" class="navbox-group"><programming_language wordnetid="106898352" confidence="0.9508927676800064"><link ns0:type="simple" ns0:href="../004/29004.xml">sql</link></programming_language></col><col style="text-align:left;border-left:2px solid #fdfdfd;width:100%;padding:0px;;;" class="navbox-list navbox-odd"><link ns0:type="simple" ns0:href="../285/665285.xml">select</link><link ns0:type="simple" ns0:href="../237/903237.xml">insert</link><link ns0:type="simple" ns0:href="../573/1220573.xml">updat</link><link ns0:type="simple" ns0:href="../931/4347931.xml">merg</link><link ns0:type="simple" ns0:href="../216/1701216.xml">delet</link><link ns0:type="simple" ns0:href="../204/665204.xml">join</link><link ns0:type="simple" ns0:href="../258/11308258.xml">union</link><link ns0:type="simple" ns0:href="../018/452018.xml">creat</link><link ns0:type="simple" ns0:href="../018/452018.xml">drop</link><link ns0:type="simple" ns0:href="../953/233953.xml#xpointer(//*[./st=%22In+SQL%22])">work</link><link ns0:type="simple" ns0:href="../958/1626958.xml">commit</link><link ns0:type="simple" ns0:href="../240/1015240.xml">rollback</link><link ns0:type="simple" ns0:href="../664/2554664.xml">truncat</link><link ns0:type="simple" ns0:href="../018/452018.xml">alter</link><link ns0:type="simple" ns0:href="../499/19041499.xml">xsql</link></col></row><row style="height:2px" /><row><col style=";;" class="navbox-group">implement</col><col style="text-align:left;border-left:2px solid #fdfdfd;width:100%;padding:0px;;;" class="navbox-list navbox-even"><link ns0:type="simple" ns0:href="../873/25873.xml">relat</link><link ns0:type="simple" ns0:href="../973/573973.xml">flat file</link><link ns0:type="simple" ns0:href="../069/1971069.xml">deduct</link><link ns0:type="simple" ns0:href="../079/12321079.xml">dimension</link><link ns0:type="simple" ns0:href="../075/247075.xml">hierarch</link><link ns0:type="simple" ns0:href="../098/185098.xml">network</link><system wordnetid="104377057" confidence="0.8"><artifact wordnetid="100021939" confidence="0.8"><instrumentality wordnetid="103575240" confidence="0.8"><link ns0:type="simple" ns0:href="../414/15002414.xml">documentori</link></instrumentality></artifact></system><system wordnetid="104377057" confidence="0.8"><artifact wordnetid="100021939" confidence="0.8"><instrumentality wordnetid="103575240" confidence="0.8"><link ns0:type="simple" ns0:href="../826/22826.xml">objectori</link></instrumentality></artifact></system><system wordnetid="104377057" confidence="0.8"><artifact wordnetid="100021939" confidence="0.8"><instrumentality wordnetid="103575240" confidence="0.8"><link ns0:type="simple" ns0:href="../960/68960.xml">objectrel</link></instrumentality></artifact></system><system wordnetid="104377057" confidence="0.8"><artifact wordnetid="100021939" confidence="0.8"><instrumentality wordnetid="103575240" confidence="0.8"><link ns0:type="simple" ns0:href="../471/1252471.xml">tempor</link></instrumentality></artifact></system><link ns0:type="simple" ns0:href="../351/1442351.xml">xml data store</link><link ns0:type="simple" ns0:href="../386/16727386.xml">tripl store</link></col></row><row style="height:2px" /><row><col style=";;" class="navbox-group">compon</col><col style="text-align:left;border-left:2px solid #fdfdfd;width:100%;padding:0px;;;" class="navbox-list navbox-odd"><link ns0:type="simple" ns0:href="../356/217356.xml">concurr control</link><link ns0:type="simple" ns0:href="../139/645139.xml">data dictionari</link><link ns0:type="simple" ns0:href="../755/42755.xml">jdbc</link><link ns0:type="simple" ns0:href="../701/168701.xml">odbc</link><link ns0:type="simple" ns0:href="../528/494528.xml">queri languag</link><system wordnetid="104377057" confidence="0.8"><artifact wordnetid="100021939" confidence="0.8"><instrumentality wordnetid="103575240" confidence="0.8"><event wordnetid="100029378" confidence="0.8"><rule wordnetid="105846932" confidence="0.8"><act wordnetid="100030358" confidence="0.8"><psychological_feature wordnetid="100023100" confidence="0.8"><procedure wordnetid="101023820" confidence="0.8"><activity wordnetid="100407535" confidence="0.8"><algorithm wordnetid="105847438" confidence="0.8"><link ns0:type="simple" ns0:href="../441/1732441.xml">queri optim</link></algorithm></activity></procedure></psychological_feature></act></rule></event></instrumentality></artifact></system><system wordnetid="104377057" confidence="0.8"><artifact wordnetid="100021939" confidence="0.8"><instrumentality wordnetid="103575240" confidence="0.8"><link ns0:type="simple" ns0:href="../792/1710792.xml">queri plan</link></instrumentality></artifact></system></col></row><row style="height:2px;" /><row><col colspan="2" style=";" class="navbox-abovebelow"><b>databas product</b><link ns0:type="simple" ns0:href="../860/1568860.xml">objectori</link><link ns0:type="simple" ns0:href="../534/1593534.xml">comparison</link><link ns0:type="simple" ns0:href="../820/1568820.xml">relat</link><link ns0:type="simple" ns0:href="../036/1569036.xml">comparison</link><system wordnetid="104377057" confidence="0.8"><artifact wordnetid="100021939" confidence="0.8"><instrumentality wordnetid="103575240" confidence="0.8"><link ns0:type="simple" ns0:href="../414/15002414.xml">documentori</link></instrumentality></artifact></system></col></row></table></col></row></table></p></sec></bdy></entity></instrumentality></artifact></system></article>