<article xmlns:ns0="http://www.w3.org/1999/xlink"><physical_entity confidence="0.8" wordnetid="100001930"><person confidence="0.8" wordnetid="100007846"><model confidence="0.8" wordnetid="110324560"><assistant confidence="0.8" wordnetid="109815790"><worker confidence="0.8" wordnetid="109632518"><causal_agent confidence="0.8" wordnetid="100007347"><header><title>statist interfer</title><id /><revision><id /><timestamp>tz</timestamp><contributor><username>rlsheehan</username><id /></contributor></revision><categories><category>engin</category><category>qualiti</category><category>probabl theori</category><category>statist model</category><category>standard</category></categories></header><bdy><link ns0:type="simple" ns0:href="../543/23543.xml">probabl distribut</link>overlap statist interfer exist knowledg distribut determin likelihood paramet exce<p>techniqu dimens mechan part determin appli load exce strength structur situat type analysi estim probabl failur frequenc failur</p><sec><st>dimension interfer</st><p><image location="right" width="300px" src="Interference.jpg" type="thumb"><caption>interfer measur distribut determin fit part</caption></image></p><p>mechan part design fit precic exampl shaft design slide fit hole shaft smaller hole tradit<link>toler</link>dimens fall intend toler<link ns0:type="simple" ns0:href="../314/2731314.xml">process capabl</link>studi actual product reveal<link ns0:type="simple" ns0:href="../462/21462.xml">normal distribut</link>long tail shaft hole size will form normal distribut averag<link ns0:type="simple" ns0:href="../612/612.xml">arithmet</link><link ns0:type="simple" ns0:href="../590/27590.xml">standard deviat</link></p><p>normal distribut distribut interfer calcul deriv distribut will normal averag will equal differ base distribut<link ns0:type="simple" ns0:href="../344/32344.xml">varianc</link>deriv distribut will sum varianc base distribut</p><p>deriv distribut determin differ dimens will shaft fit hole differ will requir slide gap shaft fit tightli differ will greater maximum accept gap shaft fit tightli</p></sec><sec><st>physic properti interfer</st><p><image location="right" width="300px" src="Interference_Forces.jpg" type="thumb"><caption>interfer distribut appli load strength</caption></image></p><p>physic properti condit inher variabl exampl appli load stress mechan vari measur strength tensil strength variabl will break stress exce strength</p><p>normal distribut statist interfer calcul problem workabl transform unit<link ns0:type="simple" ns0:href="../476/102476.xml">lognorm distribut</link>distribut combin distribut<technique wordnetid="105665146" confidence="0.8"><know-how wordnetid="105616786" confidence="0.8"><method wordnetid="105660268" confidence="0.8"><link ns0:type="simple" ns0:href="../098/56098.xml">mont carlo method</link></method></know-how></technique>simul practic quantifi effect statist interfer</p></sec><sec><st /><p><list><entry level="1" type="bullet"><link ns0:type="simple" ns0:href="../062/522062.xml">toler engin</link></entry><entry level="1" type="bullet"><link ns0:type="simple" ns0:href="../448/14171448.xml">specif</link></entry><entry level="1" type="bullet"><link ns0:type="simple" ns0:href="../314/2731314.xml">process capabl</link></entry><entry level="1" type="bullet"><link ns0:type="simple" ns0:href="../804/9499804.xml">probabilist design</link></entry><entry level="1" type="bullet"><link ns0:type="simple" ns0:href="../836/1724836.xml">reliabl engin</link></entry><entry level="1" type="bullet"><idea wordnetid="105833840" confidence="0.8"><concept wordnetid="105835747" confidence="0.8"><category wordnetid="105838765" confidence="0.8"><type wordnetid="105840188" confidence="0.8"><kind wordnetid="105839024" confidence="0.8"><link ns0:type="simple" ns0:href="../637/879637.xml">joint probabl distribut</link></kind></type></category></concept></idea></entry></list></p></sec><sec><st>refer</st><p><list><entry level="1" type="bullet">paul garthwait byron jone ian jolliff statist infer isbn</entry><entry level="1" type="bullet">haugen probabilist mechan design wiley isbn</entry></list></p></sec></bdy></causal_agent></worker></assistant></model></person></physical_entity></article>