<article xmlns:ns0="http://www.w3.org/1999/xlink"><software confidence="0.9508927676800064" wordnetid="106566077"><network confidence="0.9511911446218017" wordnetid="108434259"><header><title>freenet</title><id /><revision><id /><timestamp>tz</timestamp><contributor><username>sf</username><id /></contributor></revision><categories><category>crossplatform softwar</category><category>free file share softwar</category><category>anonym file share network</category><category>free softwar program java</category><category>free file transfer softwar</category><category>anonym network</category><category>file share network</category></categories></header><bdy><template><name>infobox softwar</name><parameters><frequently_updated /><genre><link ns0:type="simple" ns0:href="../382/181382.xml">anonym</link><link ns0:type="simple" ns0:href="../107/24107.xml">peer peer</link><link ns0:type="simple" ns0:href="../274/1185274.xml">friend friend</link></genre><logo><image width="150px" src="freenet_icon.png"><caption>logo freenet</caption></image></logo><platform><link ns0:type="simple" ns0:href="../446/4718446.xml">java</link></platform><screenshot><image width="200px" src="Freenet_screenshot_the_freedom_engine_jan06.png"><caption>screenshot freenet</caption></image></screenshot><website>httpfreenetprojectorg</website><operating_system><platform wordnetid="103961939" confidence="0.8"><artifact wordnetid="100021939" confidence="0.8"><surface wordnetid="104362025" confidence="0.8"><horizontal_surface wordnetid="103536348" confidence="0.8"><link ns0:type="simple" ns0:href="../193/81193.xml">crossplatform</link></horizontal_surface></surface></artifact></platform></operating_system><caption>index freesit freenethost call freedom engin</caption><released /><developer>freenet project<ref ns0:type="simple" ns0:href="#xpointer(//reflist/entry[@id=%2213%22])" /></developer><name>freenet</name><programming_language>java</programming_language><language /><license><link ns0:type="simple" ns0:href="../683/18938683.xml">gnu gener public licens</link></license></parameters></template><link ns0:type="simple" ns0:href="../679/1952679.xml">freenet disambigu</link><p>freenet decentr<link ns0:type="simple" ns0:href="../537/17253537.xml">censorship</link>resist<link ns0:type="simple" ns0:href="../094/870094.xml">distribut data store</link>origin design<physical_entity wordnetid="100001930" confidence="0.8"><person wordnetid="100007846" confidence="0.8"><causal_agent wordnetid="100007347" confidence="0.8"><scientist wordnetid="110560637" confidence="0.8"><link ns0:type="simple" ns0:href="../806/267806.xml">ian clark</link></scientist></causal_agent></person></physical_entity>freenet aim provid<link ns0:type="simple" ns0:href="../365/3280365.xml">freedom speech</link><link ns0:type="simple" ns0:href="../107/24107.xml">peertop</link>network strong protect<link ns0:type="simple" ns0:href="../382/181382.xml">anonym</link>freenet work<link ns0:type="simple" ns0:href="../340/1137340.xml">pool</link>contribut<link ns0:type="simple" ns0:href="../827/15612827.xml">bandwidth</link>storag space member comput allow user anonym publish retriev kind thought larg storag devic<link ns0:type="simple" ns0:href="../792/1014792.xml">key base rout</link><link ns0:type="simple" ns0:href="../141/192141.xml">distribut hash tabl</link>locat peer data file store freenet key retriev file gener storag space distribut connect node freenet</p><p>freenet continu develop version releas current build practic usabl project<link ns0:type="simple" ns0:href="../181/13653181.xml">groundup rewrit</link>version<ref ns0:type="simple" ns0:href="#xpointer(//reflist/entry[@id=%221%22])" /><ref ns0:type="simple" ns0:href="#xpointer(//reflist/entry[@id=%222%22])" />releas<link ns0:type="simple" ns0:href="../683/18938683.xml">gnu gener public licens</link>freenet<link ns0:type="simple" ns0:href="../635/10635.xml">free softwar</link></p><sec><st>content</st><p>freenet founder argu true anonym true<link ns0:type="simple" ns0:href="../365/3280365.xml">freedom speech</link>view benefici freenet outweigh neg<ref ns0:type="simple" ns0:href="#xpointer(//reflist/entry[@id=%223%22])" />view free speech contradict considerationth crime freenet attempt remov possibl group impos belief valu data censor commun extent share common bodi decid censor allow accept group peopl consid offens danger essenc purpos freenet allow decid accept toler valu encourag fail user ask<link ns0:type="simple" ns0:href="../288/1303288.xml">turn blind eye</link>content oppos view</p><p>analysi freenet file conduct year freenet proper support web chat claim top type file contain freenet text audio imag text file drugrel audio file rock music imag pornograph articl attempt qualifi proviso design freenet accur analysi content difficult<ref ns0:type="simple" ns0:href="#xpointer(//reflist/entry[@id=%224%22])" />natur freenet typic user unknowingli host sort hypothet subject sever civil crimin penalti freenet attempt prevent<link ns0:type="simple" ns0:href="../643/354643.xml">plausibl deniabl</link>prevent user know node make difficult determin piec node caus distribut piec network chang process court case test</p><p>report freenet authoritarian nation difficult track natur freenet goal group freenetchina translat freenet softwar chines distribut china cd floppi disk</p></sec><sec><st>technic design</st><p>freenet<link ns0:type="simple" ns0:href="../797/18949797.xml">file share</link>network store document allow retriev associ key protocol<link ns0:type="simple" ns0:href="../443/13443.xml">http</link>network design highli surviv intern process complet anonym decentr network system central server subject control individu organ design freenet control system store encrypt replic particip comput anonym intend continuouslychang theoret difficult find particip host file content file encrypt broken piec distribut comput natur encrypt mathemat proof highli impract particip view file host system<link ns0:type="simple" ns0:href="../432/18934432.xml">cryptographi</link>detail</p><ss1><st>distribut storag cach data</st><p>network freenet transmit data node store work huge distribut cach achiev node alloc amount disk space data store cach typic gb</p><p>flow freenet network emul bittorr<list><entry level="1" type="number">user wish share file updat freesit insert file html network</entry><entry level="1" type="number">insert finish publish safe shut node moment file store freenet network will remain user</entry></list></p><p>advantag design high reliabl anonym remain publish node offlin freenet typic problem lack seeder</p><p>tradeoff node oper control kind content store node</p></ss1><ss1><st>network</st><p>network consist number node pass messag typic host comput network run softwar act node connect host run softwar form larg distribut network peer node node user node document request present human user node serv rout data node commun identicallyther dedic client server node rate node capac insert fetch data associ key network node administr employ ratio system user share amount content download</p><p>freenet consid<link ns0:type="simple" ns0:href="../254/1457254.xml">small network</link></p><p>freenet protocol intend network complex topolog internet<message wordnetid="106598915" confidence="0.8"><protocol wordnetid="106665108" confidence="0.8"><direction wordnetid="106786629" confidence="0.8"><rule wordnetid="106652242" confidence="0.8"><link ns0:type="simple" ns0:href="../323/15323.xml">internet protocol</link></rule></direction></protocol></message>node number node reach directli conceptu neighbor node neighbor hierarchi structur intend messag rout network pass neighbor neighbor reach destin node pass messag neighbor care neighbor will forward messag node final destin origin sourc messag intend protect anonym user publish</p><p>node maintain data store document associ rout tabl associ node record perform retriev</p></ss1><ss1><st>protocol</st><p><image width="150px" src="Freenet_Request_Sequence_ZP.svg" type="thumb"><caption>typic request sequenc request move network node node back deadend step loop step locat desir file</caption></image></p><p>freenet protocol<link ns0:type="simple" ns0:href="../792/1014792.xml">key base rout</link>protocol<link ns0:type="simple" ns0:href="../141/192141.xml">distribut hash tabl</link>rout algorithm chang version prior freenet heurist rout algorithm node fix locat rout base node serv key closest key fetch estim serv faster connect downstream node node answer request request succeed node thrown order close oskar sandberg develop path fold critic simpl rout algorithm will suffic provid path fold</p><p>disadvantag easi attack find freenet node connect node continu attempt find connect version freenet support opennet algorithm simpler darknet node connect setup manual friend node ip address darknet conveni secur distant attack</p><p>chang requir major chang rout algorithm node locat number key request node check local data store hash turn number rang request rout node locat closest key number hop exceed node search data data cach node path sourc node key attempt find current store will result cach essenti process insert document network data rout key run hop exist document key store node older data older data propag return origin insert collid</p><p>will work locat cluster freenet assum darknet subset global social network small network node constantli attempt swap locat metropolishast algorithm order minim distanc neighbor network smallworld network freenet find data reason hope order<link ns0:type="simple" ns0:href="../578/44578.xml"><math>oleftleftlogleftnrightrightright</math></link>hop guarante data will</p><p>eventu document hop limit exceed termin node send repli origin rout intermedi node record pend request intermedi node choos cach document save bandwidth document harder censor sourc node</p></ss1><ss1><st /><p>initi locat distribut randomli opennet darknet rout request essenti random node random will disagre send request key data newlystart freenet will distribut randomli</p><p>locat swap darknet path fold opennet progress node close will increasingli close locat node will distant locat data will store node</p><p>result network will selforgan distribut cluster structur node tend hold data item close key space will multipl cluster network document replic numer time depend kind<link ns0:type="simple" ns0:href="../466/297466.xml">spontan symmetri break</link>initi symmetr node random initi lead highli asymmetr situat node come special data close</p><p>forc tend cluster share close data spread network forc tend break cluster local cach commonli data forc will depend data seldomus data will tend node special provid data frequent item will spread network automat mirror counteract time<link ns0:type="simple" ns0:href="../789/665789.xml">web traffic</link>overload matur network intellig rout network size requir logn time retriev document averag</p></ss1><ss1><st /><p><link ns0:type="simple" ns0:href="../790/13790.xml">hash</link>notion<link>semant close</link>speak key close will correl key close popular data exhibit semant mean avoid bottleneck caus popular subject</p><p>main varieti freenet<weblink ns0:type="simple" ns0:href="http://wiki.freenetproject.org/FreenetCHKPages">content hash key</weblink>chk<weblink ns0:type="simple" ns0:href="http://wiki.freenetproject.org/FreenetSSKPages">sign subspac key</weblink>ssk</p><p>chk<link ns0:type="simple" ns0:href="../672/26672.xml">sha</link>hash document encrypt depend hash plaintext node check document return correct hash check digest key key meat data freenet carri binari data build block content deliv client reassembl decrypt chk uniqu natur tamperproof content hostil node alter data chk will detect node client chk reduc redund data data will chk</p><p>ssk base<link ns0:type="simple" ns0:href="../222/24222.xml">publickey cryptographi</link>current freenet<link ns0:type="simple" ns0:href="../470/59470.xml">dsa</link>algorithm document insert ssk sign insert signatur verifi node ensur data tamper ssk establish verifi<link ns0:type="simple" ns0:href="../426/53426.xml">pseudonym</link>ident freenet allow document updat secur person insert subtyp ssk keyword sign key ksk key pair gener standard simpl humanread string insert document ksk allow document retriev decrypt request humanread string allow conveni secur<standard wordnetid="107260623" confidence="0.8"><system_of_measurement wordnetid="113577171" confidence="0.8"><link ns0:type="simple" ns0:href="../146/32146.xml">uri</link></system_of_measurement></standard>user refer</p></ss1></sec><sec><st>scalabl</st><p><link ns0:type="simple" ns0:href="../652/5652.xml">network</link>scalabl perform deterior network larg scalabl freenet evalu architectur scale logarithm<ref ns0:type="simple" ns0:href="#xpointer(//reflist/entry[@id=%225%22])" />believ base work freenet find data olog hop opennet darknet smallworld network true matur network level churn typic freenet node run continu peopl leav prevent</p></sec><sec><st>darknet versu opennet goal controversi</st><p>freenet version prior base opennet topolog freenet introduc support scalabl<link ns0:type="simple" ns0:href="../104/1030104.xml">darknet</link>user connect directli user trust purpos chang protect user risk simpli softwar irrespect model user will choos connect user will run softwar previou darknet<link ns0:type="simple" ns0:href="../970/239970.xml">wast</link>limit small disconnect network core innov freenet allow global scalabl darknet capabl theori support million user fact human relationship tend form<link ns0:type="simple" ns0:href="../254/1457254.xml">smallworld network</link>properti exploit find short path peopl work base speech<social_group wordnetid="107950920" confidence="0.8"><meeting wordnetid="108307589" confidence="0.8"><gathering wordnetid="107975026" confidence="0.8"><convention wordnetid="108309086" confidence="0.8"><group wordnetid="100031264" confidence="0.8"><link ns0:type="simple" ns0:href="../578/145578.xml">def con</link></group></convention></gathering></meeting></social_group><physical_entity wordnetid="100001930" confidence="0.8"><person wordnetid="100007846" confidence="0.8"><causal_agent wordnetid="100007347" confidence="0.8"><scientist wordnetid="110560637" confidence="0.8"><link ns0:type="simple" ns0:href="../806/267806.xml">ian clark</link></scientist></causal_agent></person></physical_entity>swedish mathematician<physical_entity wordnetid="100001930" confidence="0.8"><person wordnetid="100007846" confidence="0.8"><causal_agent wordnetid="100007347" confidence="0.8"><scientist wordnetid="110560637" confidence="0.8"><mathematician wordnetid="110301261" confidence="0.8"><link ns0:type="simple" ns0:href="../297/2627297.xml">oskar sandberg</link></mathematician></scientist></causal_agent></person></physical_entity></p><p>develop process freenet opennet mode user find darknet connect partli simpli wasnt implement partli develop hope true network emerg</p><p>work practic user didnt freenet irc channel frost board find total stranger connect didnt work well produc poor network topolog bad perform increas effort need node work noderef peopl connect inevit leav freenet</p><p>implement opennet freenet late greatli improv perform usabl hostil environ opennet attack will pure darknet offici advic start opennet add friendtofriend connect eventu turn opennet mode invis</p><p>freenet wiki indepth discuss attack opennet<ref ns0:type="simple" ns0:href="#xpointer(//reflist/entry[@id=%226%22])" /></p></sec><sec><st>current develop</st><p><image width="150px" src="freenet_darknet.png" type="thumb"><caption>freenet darknet peer list</caption></image></p><p>freenet releas major rewrit incorpor number fundament chang fundament chang support<link ns0:type="simple" ns0:href="../104/1030104.xml">darknet</link>oper describ modif includ switch<link ns0:type="simple" ns0:href="../538/30538.xml">tcp</link><message wordnetid="106598915" confidence="0.8"><protocol wordnetid="106665108" confidence="0.8"><standard wordnetid="107260623" confidence="0.8"><direction wordnetid="106786629" confidence="0.8"><rule wordnetid="106652242" confidence="0.8"><system_of_measurement wordnetid="113577171" confidence="0.8"><link ns0:type="simple" ns0:href="../929/31929.xml">udp</link></system_of_measurement></rule></direction></standard></protocol></message>allow<link ns0:type="simple" ns0:href="../415/2304415.xml">udp hole punch</link>faster transmiss messag peer network</p><p>plan futur version<ref ns0:type="simple" ns0:href="#xpointer(//reflist/entry[@id=%227%22])" />will support passiv request<ref ns0:type="simple" ns0:href="#xpointer(//reflist/entry[@id=%228%22])" />kind<link ns0:type="simple" ns0:href="../854/1982854.xml">server push</link>broadcast stream<ref ns0:type="simple" ns0:href="#xpointer(//reflist/entry[@id=%229%22])" />anonym channel<ref ns0:type="simple" ns0:href="#xpointer(//reflist/entry[@id=%2210%22])" />node allow dynam content applic rang<social_group wordnetid="107950920" confidence="0.8"><gathering wordnetid="107975026" confidence="0.8"><community wordnetid="108223802" confidence="0.8"><group wordnetid="100031264" confidence="0.8"><link ns0:type="simple" ns0:href="../730/14730.xml">internet relay chat</link></group></community></gathering></social_group><link ns0:type="simple" ns0:href="../489/93489.xml">rss</link>feed futur version will featur increas secur<ref ns0:type="simple" ns0:href="#xpointer(//reflist/entry[@id=%2211%22])" />thing<link ns0:type="simple" ns0:href="../617/424617.xml">onion rout</link>freenet continu support publish fetch data</p><p>larg number freenet user continu freenet<ref ns0:type="simple" ns0:href="#xpointer(//reflist/entry[@id=%2212%22])" />reason common distrust darknet concept user produc build freenet releas commun latest freenet talk creat separ fork base sourc real step</p><p>freenet fundament peertop network difficult slower continu activ network node faster effici fetch data</p><p>current freenet creat distribut dynam content content util databas script freenet project group tradeoff expect freenet primari goal easeofus perform plan support futur consid low prioriti peertop network freenet intend combat censorship allow peopl commun freeli neartot anonym</p><p>primit fulli distribut keyword search function develop small size network freesit serv directori list publish freesit creation freesit author add list directori allow discov freesit directori owner period spider automat attempt retriev freesit list famou directori freedom engin</p></sec><sec><st>tool freenet applic</st><p>applic freenet singl allinon gui applic function integr freenet modular structur core applic focus network function open applic interfac name fcp parti develop addit applic api implement servic messag board file share chat applic bundl freenet instal freenet core instal wizard</p><ss1><st>distribut forum freenet</st><p>messag board forum popular freenet user slow speed problem content gener user lack content stay anonym natur forum user</p><p><image width="150px" src="frost_screenshot.png" type="thumb"><caption>screenshot frost run<link ns0:type="simple" ns0:href="../890/18890.xml">window</link></caption></image></p><p>frost wellmaintain popular messag board system freenet<link ns0:type="simple" ns0:href="../356/296356.xml">web trust</link>concept well public privat prevent excess<practice wordnetid="100410247" confidence="0.8"><event wordnetid="100029378" confidence="0.8"><act wordnetid="100030358" confidence="0.8"><psychological_feature wordnetid="100023100" confidence="0.8"><activity wordnetid="100407535" confidence="0.8"><link ns0:type="simple" ns0:href="../368/28368.xml">spam</link></activity></psychological_feature></act></event></practice>popular area<link ns0:type="simple" ns0:href="../797/18949797.xml">file share</link>freenet messag applic frost written java frost current bundl freenet download<weblink ns0:type="simple" ns0:href="http://jtcfrost.sourceforge.net/">frost</weblink>sourceforg sustain denial servic attack late flood board queue bogu messag invis user imposs find post real messag frost board includ default inact</p><p>freenet messag board fmb messag board system written java origin author maintain commun continu provid branch gener</p><p>freenet messag system fm applic brought solv limit issu current messag protocol frost denial servic attack mention true web trust outbox poll scale improv freenet improv download<weblink ns0:type="simple" ns0:href="http://127.0.0.1:8888/USK@0npnMrqZNKRCRoGojZV93UNHCMN-6UU3rRSAmP6jNLE,~BG-edFtdCC1cSH4O3BWdeIYa8Sw5DfyrSV-TKdO5ec,AQACAAE/fms/81/">fm</weblink>freenet fm user friendli frost fm news reader web browser eventu frost will mechan current wait java port fm complet</p></ss1><ss1><st>anonym wiki</st><p>project implement anonym wiki freenet<weblink ns0:type="simple" ns0:href="http://friki.berlios.de/">friki</weblink><weblink ns0:type="simple" ns0:href="http://127.0.0.1:8888/USK@~fKvLhbfXzxA-4U1mD9jjcGfiupROS~E90R3UuPYEbc,s8vDQnqOJcacozpvmoK-nFH3k-bzi2FrhPnpxUTpxh8,AQACAAE/freekiwiki/1/">freekiwiki</weblink>project develop<image width="150px" src="Friki_screenshot.png" type="thumb"><caption>screenshot friki</caption></image></p></ss1><ss1><st><link ns0:type="simple" ns0:href="../797/18949797.xml">file share</link>tool</st><p>freemulet file share applic freenet feel widespread emul softwar freemulet ondemand file share reinsert block miss freemulet bundl download<weblink ns0:type="simple" ns0:href="http://localhost:8888/USK@IK8rVHfjCz1i1IZwgyafsPNDGODCk~EtBgsKWHmPKoQ,FeDoFZ8YeUsU0vo1-ZI~GRhZjeyXyaGhn-xQkIoGpak,AQACAAE/FreeMulET/15/">freemulet</weblink><image width="150px" src="Freemulet_0_6_29_screenshot.png" type="thumb"><caption>screenshot freemulet</caption></image></p><p>thaw file share applic includ freenet download manag tool brows creat file index file index link form kind web download channel</p><p>best find data freenet relev board fm</p></ss1><ss1><st>freesit tool</st><p>freenet includ simpl tool upload freesit call jsite blog engin capabl publish freenet web site base fork<link ns0:type="simple" ns0:href="../132/11846132.xml">thingamablog</link></p><p>freenet util queu insert download fuqid<link ns0:type="simple" ns0:href="../890/18890.xml">microsoft window</link>tool typic retriev larg splitfil insert nonfreesit content binari audio archiv written<link ns0:type="simple" ns0:href="../208/349208.xml">borland delphi</link>maintain sporad</p><p>command tool older tool includ freesit insert wizard fiw hasnt port fishtool hasnt port longer maintain</p></ss1><ss1><st>develop librari</st><p>fcplib freenet client protocol librari aim<link ns0:type="simple" ns0:href="../193/81193.xml">crossplatform</link>nativ<link ns0:type="simple" ns0:href="../739/5739.xml">compil</link>set<programming_language wordnetid="106898352" confidence="0.9508927676800064"><link ns0:type="simple" ns0:href="../021/6021.xml" /></programming_language>base function store retriev freenet routin store document freenet local disk routin move data memori freenet fcplib routin compil platform microsoft window ntkxp<link ns0:type="simple" ns0:href="../242/8242.xml">debian gnulinux</link><link ns0:type="simple" ns0:href="../807/1223807.xml">bsd</link><message wordnetid="106598915" confidence="0.8"><information wordnetid="106634376" confidence="0.8"><electronic_database wordnetid="106588511" confidence="0.8"><lexical_database wordnetid="106638868" confidence="0.8"><wordnet wordnetid="106639428" confidence="0.8"><database wordnetid="106637824" confidence="0.8"><link ns0:type="simple" ns0:href="../145/46145.xml">solari</link></database></wordnet></lexical_database></electronic_database></information></message><link ns0:type="simple" ns0:href="../640/20640.xml">mac os</link>fcptool commandlin driven program insert retriev file freenet includ separ fcplib freenet client protocol librari fcptool link fcplib serv nice exampl librari freenet client program</p><p>freenet tool perform roughli task fcptool includ client librari project freenet tool written<standard wordnetid="107260623" confidence="0.8"><system_of_measurement wordnetid="113577171" confidence="0.8"><link ns0:type="simple" ns0:href="../172/3172.xml">ansi</link></system_of_measurement></standard>run<family wordnetid="108078020" confidence="0.8"><link ns0:type="simple" ns0:href="../815/31815.xml">unixlik</link></family>oper system</p></ss1></sec><sec><st>public</st><p><artifact wordnetid="100021939" confidence="0.8"><instrumentality wordnetid="103575240" confidence="0.8"><facility wordnetid="103315023" confidence="0.8"><engine wordnetid="103287733" confidence="0.8"><motor wordnetid="103789946" confidence="0.8"><device wordnetid="103183080" confidence="0.8"><depository wordnetid="103177349" confidence="0.8"><archive wordnetid="102735086" confidence="0.8"><machine wordnetid="103699975" confidence="0.8"><link ns0:type="simple" ns0:href="../949/158949.xml">cites</link></machine></archive></depository></device></motor></engine></facility></instrumentality></artifact>ian clark freenet distribut anonym storag retriev system cite<link ns0:type="simple" ns0:href="../323/5323.xml">comput scienc</link>paper freenet public mainstream press includ articl york time coverag cnn minut ii bbc mainstream press coverag concern freenet impact copyright enforc freenet core goal freedom commun</p></sec><sec><st /><p><table style="background:#f9f9f9; font-size:85%; line-height:110%; "><row><col><image width="32x28px" src="Free_Software_Portal_Logo.svg" /></col><col style="padding:0 0.2em;">free softwar portal</col></row></table></p><p><table style="background:#f9f9f9; font-size:85%; line-height:110%; "><row><col><image width="32x28px" src="Key-crypto-sideways.png" /></col><col style="padding:0 0.2em;">cryptographi portal</col></row></table></p><p><list><entry level="1" type="bullet"><system wordnetid="108435388" confidence="0.8"><group wordnetid="100031264" confidence="0.8"><network wordnetid="108434259" confidence="0.8"><link ns0:type="simple" ns0:href="../322/454322.xml">anonym</link></network></group></system></entry><entry level="1" type="bullet"><software wordnetid="106566077" confidence="0.8"><application wordnetid="106570110" confidence="0.8"><program wordnetid="106568978" confidence="0.8"><written_communication wordnetid="106349220" confidence="0.8"><writing wordnetid="106359877" confidence="0.8"><code wordnetid="106355894" confidence="0.8"><coding_system wordnetid="106353757" confidence="0.8"><link ns0:type="simple" ns0:href="../427/222427.xml">cryptoanarch</link></coding_system></code></writing></written_communication></program></application></software></entry><entry level="1" type="bullet"><link ns0:type="simple" ns0:href="../314/37314.xml">cypherpunk</link></entry><entry level="1" type="bullet"><link ns0:type="simple" ns0:href="../343/8787343.xml">distribut file system</link></entry><entry level="1" type="bullet"><software wordnetid="106566077" confidence="0.9508927676800064"><link ns0:type="simple" ns0:href="../296/812296.xml">entropi anonym data store</link></software></entry><entry level="1" type="bullet"><link ns0:type="simple" ns0:href="../519/911519.xml">freedom</link></entry><entry level="1" type="bullet"><system wordnetid="108435388" confidence="0.8"><group wordnetid="100031264" confidence="0.8"><network wordnetid="108434259" confidence="0.8"><link ns0:type="simple" ns0:href="../274/1185274.xml">friendtofriend</link></network></group></system></entry><entry level="1" type="bullet"><software wordnetid="106566077" confidence="0.9508927676800064"><link ns0:type="simple" ns0:href="../685/293685.xml">gnunet</link></software></entry><entry level="1" type="bullet"><software wordnetid="106566077" confidence="0.9508927676800064"><link ns0:type="simple" ns0:href="../434/538434.xml">ip</link></software></entry><entry level="1" type="bullet"><software wordnetid="106566077" confidence="0.9508927676800064"><link ns0:type="simple" ns0:href="../150/18582150.xml">tor anonym network</link></software></entry><entry level="1" type="bullet"><software wordnetid="106566077" confidence="0.9508927676800064"><link ns0:type="simple" ns0:href="../154/1287154.xml">share</link></software>successor<software wordnetid="106566077" confidence="0.9508927676800064"><link ns0:type="simple" ns0:href="../102/411102.xml">winni</link></software></entry><entry level="1" type="bullet"><software wordnetid="106566077" confidence="0.9508927676800064"><link ns0:type="simple" ns0:href="../775/11926775.xml">perfect dark</link></software>successor<software wordnetid="106566077" confidence="0.9508927676800064"><link ns0:type="simple" ns0:href="../154/1287154.xml">share</link></software>employ freenet principl</entry></list></p></sec><sec><st>refer</st><p><reflist><entry id="1"><weblink ns0:type="simple" ns0:href="http://freenetproject.org/news.html">st mar freenet releas candid releas</weblink></entry><entry id="2"><weblink ns0:type="simple" ns0:href="http://freenetproject.org/news.html">apr freenet releas candid</weblink></entry><entry id="3"><weblink ns0:type="simple" ns0:href="http://freenetproject.org/philosophy.html">philosophi freenet</weblink></entry><entry id="4"><weblink ns0:type="simple" ns0:href="http://www.openp2p.com/pub/a/p2p/2000/11/21/freenetcontent.html">freenet</weblink>analysi type file contain freenet written note design freenet accur analysi content difficult</entry><entry id="5"><weblink ns0:type="simple" ns0:href="http://citeseer.ist.psu.edu/kleinberg00smallworld.html">smallworld phenomenon algorithm perspectivekleinberg</weblink></entry><entry id="6"><weblink ns0:type="simple" ns0:href="http://wiki.freenetproject.org/OpennetAttacks">freenetwiki attack opennet</weblink></entry><entry id="7"><weblink ns0:type="simple" ns0:href="http://wiki.freenetproject.org/FreenetZeroPointEight">freenetwiki freenetzeropointeight</weblink></entry><entry id="8"><weblink ns0:type="simple" ns0:href="http://wiki.freenetproject.org/PassiveRequests">freenetwiki passiv request</weblink></entry><entry id="9"><weblink ns0:type="simple" ns0:href="http://wiki.freenetproject.org/PublishSubscribeStreams">freenetwiki publishsubscribestream</weblink></entry><entry id="10"><weblink ns0:type="simple" ns0:href="http://wiki.freenetproject.org/OneToOneStreams">freenetwiki onetoonestream</weblink></entry><entry id="11"><weblink ns0:type="simple" ns0:href="http://wiki.freenetproject.org/FreenetZeroPointSevenSecurity">freenetwiki freenet secur</weblink></entry><entry id="12"><weblink ns0:type="simple" ns0:href="http://freenetproject.org/download-old.html">freenet projectdownloadold</weblink></entry><entry id="13"><weblink ns0:type="simple" ns0:href="http://freenetproject.org/people.html">freenet peopl</weblink>retriev<link /></entry></reflist></p></sec><sec><st>extern link</st><p><list><entry level="1" type="bullet"><weblink ns0:type="simple" ns0:href="http://freenetproject.org/">freenet project</weblink></entry><entry level="1" type="bullet"><weblink ns0:type="simple" ns0:href="http://wiki.freenetproject.org/">offici freenet wiki</weblink></entry><entry level="1" type="bullet"><weblink ns0:type="simple" ns0:href="http://video.google.com/videoplay?docid=-2894489251637986433">lectur freenet algorithm googl video</weblink>explan freenet architectur implement<link ns0:type="simple" ns0:href="../677/8677.xml">decemb</link><link ns0:type="simple" ns0:href="../984/35984.xml" />ian clark oskar sandberg</entry><entry level="1" type="bullet"><weblink ns0:type="simple" ns0:href="http://www.math.chalmers.se/~ossa/defcon13/">def con darknet slide oskar sandberg ian clark</weblink></entry><entry level="1" type="bullet"><weblink ns0:type="simple" ns0:href="http://www.minihowto.org/">freenet minihowto</weblink></entry></list></p></sec></bdy></network></software></article>