<article xmlns:ns0="http://www.w3.org/1999/xlink"><idea confidence="0.8" wordnetid="105833840"><concept confidence="0.8" wordnetid="105835747"><component confidence="0.8" wordnetid="105868954"><part confidence="0.8" wordnetid="105867413"><header><title>remot differenti compress</title><id /><revision><id /><timestamp>tz</timestamp><contributor><username>cydebot</username><id /></contributor></revision><categories><category>data synchron</category><category>window compon</category><category>window administr</category></categories></header><bdy><b>remot differenti compress</b>rdc clientserv synchron algorithm allow content file synchron commun differ introduc<version wordnetid="107173585" confidence="0.9508927676800064"><link ns0:type="simple" ns0:href="../068/208068.xml">window server</link></version>includ window client server oper system<p><link ns0:type="simple" ns0:href="../229/959229.xml">binari delta compress</link>bdc design oper version singl file rdc assumpt file similar version differ file comput fli rdc suitabl effici synchron file updat independ network bandwidth small scenario file larg differ small</p><p>algorithm base fingerprint block file local end replic partner type file chang file content move exampl small insert delet file rest file misalign origin content block comparison base static arbitrari cut point cut point defin content file segment file chang lenght block content move part file block boundari part chang remain fix content seri fingerprint block dont chang chang posit compar hash file hash file replic pair rdc identifi block file chang havent content file reshuffl compar larg file impli make larg number signatur comparison algorithm recurs appli hash set detect block hash chang move reduc amount thata transmit compar file</p><p>client side cach csc featur<version wordnetid="107173585" confidence="0.9508927676800064"><link ns0:type="simple" ns0:href="../648/2289648.xml">window vista</link></version>technolog time allow file type<physical_entity wordnetid="100001930" confidence="0.8"><person wordnetid="100007846" confidence="0.8"><client wordnetid="109985075" confidence="0.8"><leader wordnetid="109623038" confidence="0.8"><administrator wordnetid="109770949" confidence="0.8"><causal_agent wordnetid="100007347" confidence="0.8"><case wordnetid="109898892" confidence="0.8"><head wordnetid="110162991" confidence="0.8"><director wordnetid="110014939" confidence="0.8"><link ns0:type="simple" ns0:href="../271/176271.xml">microsoft outlook</link></director></head></case></causal_agent></administrator></leader></client></person></physical_entity>person folder pst offlin<version wordnetid="107173585" confidence="0.9508927676800064"><link ns0:type="simple" ns0:href="../879/33879.xml">window xp</link></version>file<link ns0:type="simple" ns0:href="../632/18933632.xml">metadata</link>test file pst chang applic touch pst file chang trigger updat file window xp caus csc recopi larg file unnecessarili window vista file will updat oni modifi actual part file chang transmit</p><sec><st>extern link</st><p><list><entry level="1" type="bullet"><weblink ns0:type="simple" ns0:href="http://technet2.microsoft.com/windowsserver/en/library/8c4cf2e7-0b92-4643-acbd-abfa9f189d031033.mspx?mfr=true">introduct df replic</weblink></entry><entry level="1" type="bullet"><weblink ns0:type="simple" ns0:href="http://msdn2.microsoft.com/en-us/library/aa372948.aspx">remot differenti compress</weblink></entry><entry level="1" type="bullet"><weblink ns0:type="simple" ns0:href="ftp://ftp.research.microsoft.com/pub/tr/TR-2006-157.pdf">optim file replic limitedbandwidth network remot differenti compress</weblink></entry></list></p><p><table style=";" class="navbox" cellspacing="0"><row><col style="padding:2px;"><table style="width:100%;background:transparent;color:inherit;;" class="nowraplinks collapsible autocollapse " cellspacing="0"><row><header colspan="2" style=";" class="navbox-title"><link ns0:type="simple" ns0:href="../550/2055550.xml">microsoft window compon</link></header></row><row style="height:2px;" /><row><col style=";;" class="navbox-group">core</col><col style="text-align:left;border-left:2px solid #fdfdfd;width:100%;padding:0px;;;" class="navbox-list navbox-odd"><structure wordnetid="104341686" confidence="0.8"><artifact wordnetid="100021939" confidence="0.8"><window wordnetid="104587648" confidence="0.8"><supporting_structure wordnetid="104361095" confidence="0.8"><framework wordnetid="103391770" confidence="0.8"><link ns0:type="simple" ns0:href="../981/2902981.xml">aero</link></framework></supporting_structure></window></artifact></structure><structure wordnetid="104341686" confidence="0.8"><idea wordnetid="105833840" confidence="0.8"><concept wordnetid="105835747" confidence="0.8"><artifact wordnetid="100021939" confidence="0.8"><window wordnetid="104587648" confidence="0.8"><component wordnetid="105868954" confidence="0.8"><supporting_structure wordnetid="104361095" confidence="0.8"><part wordnetid="105867413" confidence="0.8"><framework wordnetid="103391770" confidence="0.8"><link ns0:type="simple" ns0:href="../681/7681.xml">cleartyp</link></framework></part></supporting_structure></component></window></artifact></concept></idea></structure><component wordnetid="105868954" confidence="0.9508927676800064"><link ns0:type="simple" ns0:href="../347/2933347.xml">desktop window manag</link></component><software wordnetid="106566077" confidence="0.9508927676800064"><link ns0:type="simple" ns0:href="../506/8506.xml">directx</link></software><software wordnetid="106566077" confidence="0.9508927676800064"><link ns0:type="simple" ns0:href="../959/445959.xml">explor</link></software><software wordnetid="106566077" confidence="0.8"><idea wordnetid="105833840" confidence="0.8"><concept wordnetid="105835747" confidence="0.8"><application wordnetid="106570110" confidence="0.8"><component wordnetid="105868954" confidence="0.8"><program wordnetid="106568978" confidence="0.8"><written_communication wordnetid="106349220" confidence="0.8"><writing wordnetid="106359877" confidence="0.8"><code wordnetid="106355894" confidence="0.8"><part wordnetid="105867413" confidence="0.8"><coding_system wordnetid="106353757" confidence="0.8"><link ns0:type="simple" ns0:href="../410/455410.xml">taskbar</link></coding_system></part></code></writing></written_communication></program></component></application></concept></idea></software><software wordnetid="106566077" confidence="0.8"><idea wordnetid="105833840" confidence="0.8"><concept wordnetid="105835747" confidence="0.8"><application wordnetid="106570110" confidence="0.8"><component wordnetid="105868954" confidence="0.8"><program wordnetid="106568978" confidence="0.8"><written_communication wordnetid="106349220" confidence="0.8"><writing wordnetid="106359877" confidence="0.8"><code wordnetid="106355894" confidence="0.8"><part wordnetid="105867413" confidence="0.8"><coding_system wordnetid="106353757" confidence="0.8"><link ns0:type="simple" ns0:href="../703/2076703.xml">start menu</link></coding_system></part></code></writing></written_communication></program></component></application></concept></idea></software><idea wordnetid="105833840" confidence="0.8"><concept wordnetid="105835747" confidence="0.8"><component wordnetid="105868954" confidence="0.8"><part wordnetid="105867413" confidence="0.8"><link ns0:type="simple" ns0:href="../677/4124677.xml">shell</link></part></component></concept></idea><link ns0:type="simple" ns0:href="../621/4124621.xml">namespac</link><idea wordnetid="105833840" confidence="0.8"><concept wordnetid="105835747" confidence="0.8"><component wordnetid="105868954" confidence="0.8"><part wordnetid="105867413" confidence="0.8"><link ns0:type="simple" ns0:href="../407/4123407.xml">special folder</link></part></component></concept></idea><link ns0:type="simple" ns0:href="../283/1206283.xml">file associ</link><software wordnetid="106566077" confidence="0.9508927676800064"><link ns0:type="simple" ns0:href="../118/16575118.xml">search</link></software><system wordnetid="104377057" confidence="0.8"><artifact wordnetid="100021939" confidence="0.8"><instrumentality wordnetid="103575240" confidence="0.8"><link ns0:type="simple" ns0:href="../342/2291342.xml#xpointer(//*[./st=%22Windows+Vista%22])">save search</link></instrumentality></artifact></system><link ns0:type="simple" ns0:href="../489/3185489.xml">ifilt</link><structure wordnetid="104341686" confidence="0.8"><artifact wordnetid="100021939" confidence="0.8"><window wordnetid="104587648" confidence="0.8"><supporting_structure wordnetid="104361095" confidence="0.8"><framework wordnetid="103391770" confidence="0.8"><link ns0:type="simple" ns0:href="../625/144625.xml">graphic devic interfac</link></framework></supporting_structure></window></artifact></structure><format wordnetid="106636806" confidence="0.9508927676800064"><link ns0:type="simple" ns0:href="../045/3632045.xml">wim</link></format><link ns0:type="simple" ns0:href="../907/10541907.xml">gener tcpip stack</link><message wordnetid="106598915" confidence="0.8"><protocol wordnetid="106665108" confidence="0.8"><direction wordnetid="106786629" confidence="0.8"><rule wordnetid="106652242" confidence="0.8"><link ns0:type="simple" ns0:href="../873/349873.xml">server messag block</link></rule></direction></protocol></message><platform wordnetid="103961939" confidence="0.8"><artifact wordnetid="100021939" confidence="0.8"><surface wordnetid="104362025" confidence="0.8"><instrumentality wordnetid="103575240" confidence="0.8"><tool wordnetid="104451818" confidence="0.8"><horizontal_surface wordnetid="103536348" confidence="0.8"><implement wordnetid="103563967" confidence="0.8"><link ns0:type="simple" ns0:href="../402/60402.xml">net framework</link></implement></horizontal_surface></tool></instrumentality></surface></artifact></platform><idea wordnetid="105833840" confidence="0.8"><concept wordnetid="105835747" confidence="0.8"><property wordnetid="105849040" confidence="0.8"><feature wordnetid="105849789" confidence="0.8"><link ns0:type="simple" ns0:href="../828/9705828.xml#xpointer(//*[./st=%22Audio%22])">audio</link></feature></property></concept></idea><idea wordnetid="105833840" confidence="0.8"><concept wordnetid="105835747" confidence="0.8"><property wordnetid="105849040" confidence="0.8"><feature wordnetid="105849789" confidence="0.8"><link ns0:type="simple" ns0:href="../828/9705828.xml#xpointer(//*[./st=%22Print%22])">print</link></feature></property></concept></idea><format wordnetid="106636806" confidence="0.9508927676800064"><link ns0:type="simple" ns0:href="../413/2683413.xml">xml paper specif</link></format><language wordnetid="106282651" confidence="0.8"><link ns0:type="simple" ns0:href="../280/2583280.xml">activ script</link></language><idea wordnetid="105833840" confidence="0.8"><concept wordnetid="105835747" confidence="0.8"><component wordnetid="105868954" confidence="0.8"><part wordnetid="105867413" confidence="0.8"><link ns0:type="simple" ns0:href="../448/288448.xml">wsh</link></part></component></concept></idea><structure wordnetid="104341686" confidence="0.8"><artifact wordnetid="100021939" confidence="0.8"><window wordnetid="104587648" confidence="0.8"><supporting_structure wordnetid="104361095" confidence="0.8"><language wordnetid="106282651" confidence="0.8"><framework wordnetid="103391770" confidence="0.8"><link ns0:type="simple" ns0:href="../716/32716.xml">vbscript</link></framework></language></supporting_structure></window></artifact></structure><programming_language wordnetid="106898352" confidence="0.9508927676800064"><link ns0:type="simple" ns0:href="../872/263872.xml">jscript</link></programming_language><physical_entity wordnetid="100001930" confidence="0.8"><person wordnetid="100007846" confidence="0.8"><model wordnetid="110324560" confidence="0.8"><idea wordnetid="105833840" confidence="0.8"><concept wordnetid="105835747" confidence="0.8"><assistant wordnetid="109815790" confidence="0.8"><component wordnetid="105868954" confidence="0.8"><worker wordnetid="109632518" confidence="0.8"><causal_agent wordnetid="100007347" confidence="0.8"><part wordnetid="105867413" confidence="0.8"><link ns0:type="simple" ns0:href="../007/17058007.xml" /></part></causal_agent></worker></component></assistant></concept></idea></model></person></physical_entity><link ns0:type="simple" ns0:href="../500/93500.xml">ole</link><link ns0:type="simple" ns0:href="../603/4545603.xml">ole autom</link><physical_entity wordnetid="100001930" confidence="0.8"><person wordnetid="100007846" confidence="0.8"><model wordnetid="110324560" confidence="0.8"><idea wordnetid="105833840" confidence="0.8"><concept wordnetid="105835747" confidence="0.8"><assistant wordnetid="109815790" confidence="0.8"><component wordnetid="105868954" confidence="0.8"><worker wordnetid="109632518" confidence="0.8"><causal_agent wordnetid="100007347" confidence="0.8"><part wordnetid="105867413" confidence="0.8"><link ns0:type="simple" ns0:href="../492/93492.xml">dcom</link></part></causal_agent></worker></component></assistant></concept></idea></model></person></physical_entity><link ns0:type="simple" ns0:href="../497/93497.xml">activex</link><link ns0:type="simple" ns0:href="../231/14998231.xml">activex document</link><link ns0:type="simple" ns0:href="../476/4590476.xml">structur storag</link><idea wordnetid="105833840" confidence="0.8"><concept wordnetid="105835747" confidence="0.8"><component wordnetid="105868954" confidence="0.8"><part wordnetid="105867413" confidence="0.8"><link ns0:type="simple" ns0:href="../974/3117974.xml">transact server</link></part></component></concept></idea><work wordnetid="100575741" confidence="0.8"><event wordnetid="100029378" confidence="0.8"><service wordnetid="100577525" confidence="0.8"><act wordnetid="100030358" confidence="0.8"><psychological_feature wordnetid="100023100" confidence="0.8"><activity wordnetid="100407535" confidence="0.8"><link ns0:type="simple" ns0:href="../611/1516611.xml">previou version</link></activity></psychological_feature></act></service></event></work><link ns0:type="simple" ns0:href="../679/5385679.xml">wddm</link><link ns0:type="simple" ns0:href="../162/4199162.xml">uaa</link><link ns0:type="simple" ns0:href="../593/756593.xml">win consol</link></col></row><row style="height:2px" /><row><col style=";;" class="navbox-group">manag tool</col><col style="text-align:left;border-left:2px solid #fdfdfd;width:100%;padding:0px;;;" class="navbox-list navbox-even"><link ns0:type="simple" ns0:href="../336/12663336.xml">backup restor center</link><software wordnetid="106566077" confidence="0.9508927676800064"><link ns0:type="simple" ns0:href="../187/71187.xml">commandcom</link></software><component wordnetid="105868954" confidence="0.9508927676800064"><link ns0:type="simple" ns0:href="../072/1256072.xml">cmdex</link></component><software wordnetid="106566077" confidence="0.9508927676800064"><link ns0:type="simple" ns0:href="../714/1615714.xml">control panel</link></software><link ns0:type="simple" ns0:href="../075/10525075.xml">applet</link><idea wordnetid="105833840" confidence="0.8"><concept wordnetid="105835747" confidence="0.8"><component wordnetid="105868954" confidence="0.8"><part wordnetid="105867413" confidence="0.8"><link ns0:type="simple" ns0:href="../035/1441035.xml">devic manag</link></part></component></concept></idea><idea wordnetid="105833840" confidence="0.8"><concept wordnetid="105835747" confidence="0.8"><component wordnetid="105868954" confidence="0.8"><part wordnetid="105867413" confidence="0.8"><link ns0:type="simple" ns0:href="../703/11642703.xml">disk cleanup</link></part></component></concept></idea><software wordnetid="106566077" confidence="0.9508927676800064"><link ns0:type="simple" ns0:href="../293/6709293.xml">disk defragment</link></software><idea wordnetid="105833840" confidence="0.8"><concept wordnetid="105835747" confidence="0.8"><component wordnetid="105868954" confidence="0.8"><part wordnetid="105867413" confidence="0.8"><link ns0:type="simple" ns0:href="../085/4132085.xml">event viewer</link></part></component></concept></idea><idea wordnetid="105833840" confidence="0.8"><concept wordnetid="105835747" confidence="0.8"><component wordnetid="105868954" confidence="0.8"><part wordnetid="105867413" confidence="0.8"><link ns0:type="simple" ns0:href="../273/4057273.xml">manag consol</link></part></component></concept></idea><idea wordnetid="105833840" confidence="0.8"><concept wordnetid="105835747" confidence="0.8"><component wordnetid="105868954" confidence="0.8"><part wordnetid="105867413" confidence="0.8"><link ns0:type="simple" ns0:href="../396/4850396.xml">netsh</link></part></component></concept></idea><link ns0:type="simple" ns0:href="../011/12665011.xml">problem report solut</link><link ns0:type="simple" ns0:href="../612/2168612.xml">sysprep</link><software wordnetid="106566077" confidence="0.9508927676800064"><link ns0:type="simple" ns0:href="../328/7293328.xml">system configur</link></software><link ns0:type="simple" ns0:href="../289/5348289.xml">task manag</link><software wordnetid="106566077" confidence="0.9508927676800064"><link ns0:type="simple" ns0:href="../898/3085898.xml">system file checker</link></software><structure wordnetid="104341686" confidence="0.8"><artifact wordnetid="100021939" confidence="0.8"><window wordnetid="104587648" confidence="0.8"><supporting_structure wordnetid="104361095" confidence="0.8"><framework wordnetid="103391770" confidence="0.8"><link ns0:type="simple" ns0:href="../255/2029255.xml">system restor</link></framework></supporting_structure></window></artifact></structure><software wordnetid="106566077" confidence="0.9508927676800064"><link ns0:type="simple" ns0:href="../591/1158591.xml">window instal</link></software><software wordnetid="106566077" confidence="0.9508927676800064"><programming_language wordnetid="106898352" confidence="0.9508927676800064"><link ns0:type="simple" ns0:href="../871/14465871.xml">window powershel</link></programming_language></software><software wordnetid="106566077" confidence="0.9508927676800064"><link ns0:type="simple" ns0:href="../881/296881.xml">window updat</link></software><link ns0:type="simple" ns0:href="../017/5222017.xml">winsat</link><software wordnetid="106566077" confidence="0.9508927676800064"><link ns0:type="simple" ns0:href="../708/16473708.xml">window easi transfer</link></software><link ns0:type="simple" ns0:href="../552/17701552.xml">system polici editor</link></col></row><row style="height:2px" /><row><col style=";;" class="navbox-group">applic</col><col style="text-align:left;border-left:2px solid #fdfdfd;width:100%;padding:0px;;;" class="navbox-list navbox-odd"><software wordnetid="106566077" confidence="0.9508927676800064"><link ns0:type="simple" ns0:href="../507/625507.xml">calcul</link></software><software wordnetid="106566077" confidence="0.9508927676800064"><link ns0:type="simple" ns0:href="../745/2956745.xml">calendar</link></software><software wordnetid="106566077" confidence="0.9508927676800064"><link ns0:type="simple" ns0:href="../057/4406057.xml">charact map</link></software><software wordnetid="106566077" confidence="0.9508927676800064"><link ns0:type="simple" ns0:href="../605/9188605.xml">contact</link></software><software wordnetid="106566077" confidence="0.9508927676800064"><link ns0:type="simple" ns0:href="../577/5066577.xml">dvd maker</link></software><link ns0:type="simple" ns0:href="../741/7422741.xml">fax scan</link><software wordnetid="106566077" confidence="0.9508927676800064"><link ns0:type="simple" ns0:href="../215/15215.xml">internet explor</link></software><software wordnetid="106566077" confidence="0.9508927676800064"><link ns0:type="simple" ns0:href="../939/14883939.xml">journal</link></software><software wordnetid="106566077" confidence="0.9508927676800064"><link ns0:type="simple" ns0:href="../713/2956713.xml">mail</link></software><link ns0:type="simple" ns0:href="../236/13285236.xml">magnifi</link><software wordnetid="106566077" confidence="0.9508927676800064"><link ns0:type="simple" ns0:href="../255/2896255.xml">media center</link></software><software wordnetid="106566077" confidence="0.9508927676800064"><link ns0:type="simple" ns0:href="../428/4126428.xml">meet space</link></software><software wordnetid="106566077" confidence="0.9508927676800064"><link ns0:type="simple" ns0:href="../294/11035294.xml">mobil devic center</link></software><software wordnetid="106566077" confidence="0.9508927676800064"><link ns0:type="simple" ns0:href="../656/4120656.xml">mobil center</link></software><software wordnetid="106566077" confidence="0.9508927676800064"><link ns0:type="simple" ns0:href="../774/1395774.xml">movi maker</link></software><software wordnetid="106566077" confidence="0.9508927676800064"><link ns0:type="simple" ns0:href="../983/867983.xml">narrat</link></software><link ns0:type="simple" ns0:href="../474/143474.xml">notepad</link><software wordnetid="106566077" confidence="0.9508927676800064"><link ns0:type="simple" ns0:href="../796/321796.xml">paint</link></software><software wordnetid="106566077" confidence="0.9508927676800064"><link ns0:type="simple" ns0:href="../137/3992137.xml">photo galleri</link></software><software wordnetid="106566077" confidence="0.9508927676800064"><link ns0:type="simple" ns0:href="../922/13186922.xml">privat charact editor</link></software><software wordnetid="106566077" confidence="0.9508927676800064"><link ns0:type="simple" ns0:href="../637/6956637.xml">remot assist</link></software><software wordnetid="106566077" confidence="0.9508927676800064"><link ns0:type="simple" ns0:href="../253/3232253.xml">sidebar</link></software><software wordnetid="106566077" confidence="0.9508927676800064"><link ns0:type="simple" ns0:href="../871/10626871.xml">snip tool</link></software><software wordnetid="106566077" confidence="0.9508927676800064"><link ns0:type="simple" ns0:href="../476/1753476.xml">sound record</link></software><skilled_worker wordnetid="110605985" confidence="0.8"><physical_entity wordnetid="100001930" confidence="0.8"><person wordnetid="100007846" confidence="0.8"><editor wordnetid="110044879" confidence="0.8"><player wordnetid="110439851" confidence="0.8"><contestant wordnetid="109613191" confidence="0.8"><worker wordnetid="109632518" confidence="0.8"><causal_agent wordnetid="100007347" confidence="0.8"><link ns0:type="simple" ns0:href="../941/43941.xml">window media player</link></causal_agent></worker></contestant></player></editor></person></physical_entity></skilled_worker><software wordnetid="106566077" confidence="0.9508927676800064"><link ns0:type="simple" ns0:href="../332/3695332.xml" /></software><software wordnetid="106566077" confidence="0.9508927676800064"><link ns0:type="simple" ns0:href="../439/12796439.xml">window speech recognit</link></software><software wordnetid="106566077" confidence="0.9508927676800064"><link ns0:type="simple" ns0:href="../007/970007.xml">wordpad</link></software></col></row><row style="height:2px" /><row><col style=";;" class="navbox-group">game</col><col style="text-align:left;border-left:2px solid #fdfdfd;width:100%;padding:0px;;;" class="navbox-list navbox-even"><event wordnetid="100029378" confidence="0.8"><social_event wordnetid="107288639" confidence="0.8"><contest wordnetid="107456188" confidence="0.8"><game wordnetid="100456199" confidence="0.8"><psychological_feature wordnetid="100023100" confidence="0.8"><link ns0:type="simple" ns0:href="../076/6534076.xml">chess titan</link></psychological_feature></game></contest></social_event></event><event wordnetid="100029378" confidence="0.8"><social_event wordnetid="107288639" confidence="0.8"><contest wordnetid="107456188" confidence="0.8"><game wordnetid="100456199" confidence="0.8"><psychological_feature wordnetid="100023100" confidence="0.8"><link ns0:type="simple" ns0:href="../609/16375609.xml">freecel</link></psychological_feature></game></contest></social_event></event><event wordnetid="100029378" confidence="0.8"><social_event wordnetid="107288639" confidence="0.8"><contest wordnetid="107456188" confidence="0.8"><game wordnetid="100456199" confidence="0.8"><psychological_feature wordnetid="100023100" confidence="0.8"><link ns0:type="simple" ns0:href="../930/3426930.xml">heart</link></psychological_feature></game></contest></social_event></event><software wordnetid="106566077" confidence="0.9508927676800064"><link ns0:type="simple" ns0:href="../840/13735840.xml">hold em</link></software><event wordnetid="100029378" confidence="0.8"><social_event wordnetid="107288639" confidence="0.8"><contest wordnetid="107456188" confidence="0.8"><game wordnetid="100456199" confidence="0.8"><psychological_feature wordnetid="100023100" confidence="0.8"><link ns0:type="simple" ns0:href="../274/4185274.xml">inkbal</link></psychological_feature></game></contest></social_event></event><event wordnetid="100029378" confidence="0.8"><social_event wordnetid="107288639" confidence="0.8"><contest wordnetid="107456188" confidence="0.8"><game wordnetid="100456199" confidence="0.8"><psychological_feature wordnetid="100023100" confidence="0.8"><link ns0:type="simple" ns0:href="../648/6667648.xml">mahjong titan</link></psychological_feature></game></contest></social_event></event><event wordnetid="100029378" confidence="0.8"><social_event wordnetid="107288639" confidence="0.8"><contest wordnetid="107456188" confidence="0.8"><game wordnetid="100456199" confidence="0.8"><psychological_feature wordnetid="100023100" confidence="0.8"><link ns0:type="simple" ns0:href="../640/13387640.xml">minesweep</link></psychological_feature></game></contest></social_event></event><event wordnetid="100029378" confidence="0.8"><social_event wordnetid="107288639" confidence="0.8"><contest wordnetid="107456188" confidence="0.8"><game wordnetid="100456199" confidence="0.8"><psychological_feature wordnetid="100023100" confidence="0.8"><link ns0:type="simple" ns0:href="../244/3768244.xml">purbl place</link></psychological_feature></game></contest></social_event></event><event wordnetid="100029378" confidence="0.8"><social_event wordnetid="107288639" confidence="0.8"><contest wordnetid="107456188" confidence="0.8"><game wordnetid="100456199" confidence="0.8"><psychological_feature wordnetid="100023100" confidence="0.8"><link ns0:type="simple" ns0:href="../622/9291622.xml">solitair</link></psychological_feature></game></contest></social_event></event><event wordnetid="100029378" confidence="0.8"><social_event wordnetid="107288639" confidence="0.8"><contest wordnetid="107456188" confidence="0.8"><game wordnetid="100456199" confidence="0.8"><psychological_feature wordnetid="100023100" confidence="0.8"><link ns0:type="simple" ns0:href="../139/8964139.xml">spider solitair</link></psychological_feature></game></contest></social_event></event><link ns0:type="simple" ns0:href="../006/19703006.xml">tinker</link></col></row><row style="height:2px" /><row><col style=";;" class="navbox-group"><link ns0:type="simple" ns0:href="../394/50394.xml">kernel</link></col><col style="text-align:left;border-left:2px solid #fdfdfd;width:100%;padding:0px;;;" class="navbox-list navbox-odd"><idea wordnetid="105833840" confidence="0.8"><concept wordnetid="105835747" confidence="0.8"><component wordnetid="105868954" confidence="0.8"><part wordnetid="105867413" confidence="0.8"><link ns0:type="simple" ns0:href="../664/3904664.xml">ntoskrnlex</link></part></component></concept></idea><link>haldll</link><component wordnetid="105868954" confidence="0.9508927676800064"><link ns0:type="simple" ns0:href="../011/1277011.xml">system idl process</link></component><idea wordnetid="105833840" confidence="0.8"><concept wordnetid="105835747" confidence="0.8"><component wordnetid="105868954" confidence="0.8"><part wordnetid="105867413" confidence="0.8"><link ns0:type="simple" ns0:href="../915/2719915.xml">svchostex</link></part></component></concept></idea><record wordnetid="106647206" confidence="0.8"><idea wordnetid="105833840" confidence="0.8"><concept wordnetid="105835747" confidence="0.8"><component wordnetid="105868954" confidence="0.8"><file wordnetid="106508816" confidence="0.8"><indication wordnetid="106797169" confidence="0.8"><evidence wordnetid="106643408" confidence="0.8"><part wordnetid="105867413" confidence="0.8"><link ns0:type="simple" ns0:href="../933/1164933.xml">registri</link></part></evidence></indication></file></component></concept></idea></record><idea wordnetid="105833840" confidence="0.8"><concept wordnetid="105835747" confidence="0.8"><component wordnetid="105868954" confidence="0.8"><part wordnetid="105867413" confidence="0.8"><link ns0:type="simple" ns0:href="../169/5034169.xml">window servic</link></part></component></concept></idea><idea wordnetid="105833840" confidence="0.8"><concept wordnetid="105835747" confidence="0.8"><component wordnetid="105868954" confidence="0.8"><part wordnetid="105867413" confidence="0.8"><link ns0:type="simple" ns0:href="../290/11066290.xml">servic control manag</link></part></component></concept></idea><format wordnetid="106636806" confidence="0.9508927676800064"><link ns0:type="simple" ns0:href="../077/2701077.xml">dll</link></format><format wordnetid="106636806" confidence="0.9508927676800064"><link ns0:type="simple" ns0:href="../063/65063.xml">exe</link></format><physical_entity wordnetid="100001930" confidence="0.8"><person wordnetid="100007846" confidence="0.8"><idea wordnetid="105833840" confidence="0.8"><concept wordnetid="105835747" confidence="0.8"><component wordnetid="105868954" confidence="0.8"><worker wordnetid="109632518" confidence="0.8"><laborer wordnetid="110241300" confidence="0.8"><causal_agent wordnetid="100007347" confidence="0.8"><workman wordnetid="110791221" confidence="0.8"><stevedore wordnetid="110655169" confidence="0.8"><part wordnetid="105867413" confidence="0.8"><employee wordnetid="110053808" confidence="0.8"><link ns0:type="simple" ns0:href="../844/287844.xml">ntldr</link></employee></part></stevedore></workman></causal_agent></laborer></worker></component></concept></idea></person></physical_entity><link ns0:type="simple" ns0:href="../986/5881986.xml">boot manag</link><idea wordnetid="105833840" confidence="0.8"><concept wordnetid="105835747" confidence="0.8"><component wordnetid="105868954" confidence="0.8"><part wordnetid="105867413" confidence="0.8"><link ns0:type="simple" ns0:href="../525/2696525.xml">winlogon</link></part></component></concept></idea><software wordnetid="106566077" confidence="0.9508927676800064"><link ns0:type="simple" ns0:href="../576/5466576.xml">recoveri consol</link></software><link ns0:type="simple" ns0:href="../503/6099503.xml">io</link><structure wordnetid="104341686" confidence="0.8"><idea wordnetid="105833840" confidence="0.8"><concept wordnetid="105835747" confidence="0.8"><artifact wordnetid="100021939" confidence="0.8"><window wordnetid="104587648" confidence="0.8"><component wordnetid="105868954" confidence="0.8"><supporting_structure wordnetid="104361095" confidence="0.8"><part wordnetid="105867413" confidence="0.8"><framework wordnetid="103391770" confidence="0.8"><link ns0:type="simple" ns0:href="../705/4167705.xml">winr</link></framework></part></supporting_structure></component></window></artifact></concept></idea></structure><system wordnetid="104377057" confidence="0.8"><artifact wordnetid="100021939" confidence="0.8"><instrumentality wordnetid="103575240" confidence="0.8"><link ns0:type="simple" ns0:href="../813/2550813.xml">winp</link></instrumentality></artifact></system><link ns0:type="simple" ns0:href="../246/8198246.xml">kernel patch protect</link></col></row><row style="height:2px" /><row><col style=";;" class="navbox-group"><idea wordnetid="105833840" confidence="0.8"><concept wordnetid="105835747" confidence="0.8"><component wordnetid="105868954" confidence="0.8"><part wordnetid="105867413" confidence="0.8"><link ns0:type="simple" ns0:href="../169/5034169.xml">servic</link></part></component></concept></idea></col><col style="text-align:left;border-left:2px solid #fdfdfd;width:100%;padding:0px;;;" class="navbox-list navbox-even"><link ns0:type="simple" ns0:href="../223/1940223.xml">autorun</link><work wordnetid="100575741" confidence="0.8"><message wordnetid="106598915" confidence="0.8"><protocol wordnetid="106665108" confidence="0.8"><event wordnetid="100029378" confidence="0.8"><direction wordnetid="106786629" confidence="0.8"><rule wordnetid="106652242" confidence="0.8"><service wordnetid="100577525" confidence="0.8"><act wordnetid="100030358" confidence="0.8"><psychological_feature wordnetid="100023100" confidence="0.8"><activity wordnetid="100407535" confidence="0.8"><link ns0:type="simple" ns0:href="../351/4228351.xml">bit</link></activity></psychological_feature></act></service></rule></direction></event></protocol></message></work><work wordnetid="100575741" confidence="0.8"><event wordnetid="100029378" confidence="0.8"><service wordnetid="100577525" confidence="0.8"><act wordnetid="100030358" confidence="0.8"><psychological_feature wordnetid="100023100" confidence="0.8"><activity wordnetid="100407535" confidence="0.8"><link ns0:type="simple" ns0:href="../982/11167982.xml">task schedul</link></activity></psychological_feature></act></service></event></work><work wordnetid="100575741" confidence="0.8"><event wordnetid="100029378" confidence="0.8"><service wordnetid="100577525" confidence="0.8"><act wordnetid="100030358" confidence="0.8"><psychological_feature wordnetid="100023100" confidence="0.8"><activity wordnetid="100407535" confidence="0.8"><link ns0:type="simple" ns0:href="../620/11566620.xml">wireless configur</link></activity></psychological_feature></act></service></event></work><work wordnetid="100575741" confidence="0.8"><event wordnetid="100029378" confidence="0.8"><service wordnetid="100577525" confidence="0.8"><act wordnetid="100030358" confidence="0.8"><psychological_feature wordnetid="100023100" confidence="0.8"><activity wordnetid="100407535" confidence="0.8"><link ns0:type="simple" ns0:href="../611/1516611.xml">shadow copi</link></activity></psychological_feature></act></service></event></work><work wordnetid="100575741" confidence="0.8"><structure wordnetid="104341686" confidence="0.8"><artifact wordnetid="100021939" confidence="0.8"><window wordnetid="104587648" confidence="0.8"><event wordnetid="100029378" confidence="0.8"><service wordnetid="100577525" confidence="0.8"><supporting_structure wordnetid="104361095" confidence="0.8"><act wordnetid="100030358" confidence="0.8"><psychological_feature wordnetid="100023100" confidence="0.8"><framework wordnetid="103391770" confidence="0.8"><activity wordnetid="100407535" confidence="0.8"><link ns0:type="simple" ns0:href="../238/7811238.xml">window error report</link></activity></framework></psychological_feature></act></supporting_structure></service></event></window></artifact></structure></work><work wordnetid="100575741" confidence="0.8"><event wordnetid="100029378" confidence="0.8"><service wordnetid="100577525" confidence="0.8"><act wordnetid="100030358" confidence="0.8"><psychological_feature wordnetid="100023100" confidence="0.8"><activity wordnetid="100407535" confidence="0.8"><link ns0:type="simple" ns0:href="../519/13642519.xml">multimedia class schedul</link></activity></psychological_feature></act></service></event></work><idea wordnetid="105833840" confidence="0.8"><concept wordnetid="105835747" confidence="0.8"><component wordnetid="105868954" confidence="0.8"><part wordnetid="105867413" confidence="0.8"><link ns0:type="simple" ns0:href="../933/13911933.xml">clf</link></part></component></concept></idea></col></row><row style="height:2px" /><row><col style=";;" class="navbox-group"><link ns0:type="simple" ns0:href="../280/1010280.xml">file system</link></col><col style="text-align:left;border-left:2px solid #fdfdfd;width:100%;padding:0px;;;" class="navbox-list navbox-odd"><system wordnetid="104377057" confidence="0.8"><artifact wordnetid="100021939" confidence="0.8"><instrumentality wordnetid="103575240" confidence="0.8"><link ns0:type="simple" ns0:href="../184/39184.xml">ntf</link></instrumentality></artifact></system><system wordnetid="104377057" confidence="0.8"><artifact wordnetid="100021939" confidence="0.8"><instrumentality wordnetid="103575240" confidence="0.8"><link ns0:type="simple" ns0:href="../957/496957.xml">hard link</link></instrumentality></artifact></system><system wordnetid="104377057" confidence="0.8"><artifact wordnetid="100021939" confidence="0.8"><instrumentality wordnetid="103575240" confidence="0.8"><link ns0:type="simple" ns0:href="../838/483838.xml">junction point</link></instrumentality></artifact></system><system wordnetid="104377057" confidence="0.8"><artifact wordnetid="100021939" confidence="0.8"><instrumentality wordnetid="103575240" confidence="0.8"><link ns0:type="simple" ns0:href="../509/13289509.xml">mount point</link></instrumentality></artifact></system><system wordnetid="104377057" confidence="0.8"><artifact wordnetid="100021939" confidence="0.8"><instrumentality wordnetid="103575240" confidence="0.8"><link ns0:type="simple" ns0:href="../598/7414598.xml">repars point</link></instrumentality></artifact></system><system wordnetid="104377057" confidence="0.8"><artifact wordnetid="100021939" confidence="0.8"><instrumentality wordnetid="103575240" confidence="0.8"><link ns0:type="simple" ns0:href="../268/7441268.xml">symbol link</link></instrumentality></artifact></system><idea wordnetid="105833840" confidence="0.8"><concept wordnetid="105835747" confidence="0.8"><component wordnetid="105868954" confidence="0.8"><part wordnetid="105867413" confidence="0.8"><link ns0:type="simple" ns0:href="../791/4040791.xml">txf</link></part></component></concept></idea><system wordnetid="104377057" confidence="0.8"><artifact wordnetid="100021939" confidence="0.8"><instrumentality wordnetid="103575240" confidence="0.8"><link ns0:type="simple" ns0:href="../391/628391.xml">ef</link></instrumentality></artifact></system><link ns0:type="simple" ns0:href="../045/53045.xml">fatfatfat</link><link ns0:type="simple" ns0:href="../456/7121456.xml">exfat</link><system wordnetid="104377057" confidence="0.8"><artifact wordnetid="100021939" confidence="0.8"><instrumentality wordnetid="103575240" confidence="0.8"><standard wordnetid="107260623" confidence="0.8"><system_of_measurement wordnetid="113577171" confidence="0.8"><link ns0:type="simple" ns0:href="../145/15145.xml">cdf</link></system_of_measurement></standard></instrumentality></artifact></system><idea wordnetid="105833840" confidence="0.8"><concept wordnetid="105835747" confidence="0.8"><standard wordnetid="107260623" confidence="0.8"><component wordnetid="105868954" confidence="0.8"><part wordnetid="105867413" confidence="0.8"><system_of_measurement wordnetid="113577171" confidence="0.8"><link ns0:type="simple" ns0:href="../627/49627.xml">udf</link></system_of_measurement></part></component></standard></concept></idea><system wordnetid="104377057" confidence="0.8"><artifact wordnetid="100021939" confidence="0.8"><instrumentality wordnetid="103575240" confidence="0.8"><link ns0:type="simple" ns0:href="../621/1927621.xml">df</link></instrumentality></artifact></system><system wordnetid="104377057" confidence="0.8"><artifact wordnetid="100021939" confidence="0.8"><instrumentality wordnetid="103575240" confidence="0.8"><link ns0:type="simple" ns0:href="../509/654509.xml">if</link></instrumentality></artifact></system></col></row><row style="height:2px" /><row><col style=";;" class="navbox-group"><generic wordnetid="107899976" confidence="0.9508927676800064"><link ns0:type="simple" ns0:href="../116/42116.xml">server</link></generic></col><col style="text-align:left;border-left:2px solid #fdfdfd;width:100%;padding:0px;;;" class="navbox-list navbox-even"><link ns0:type="simple" ns0:href="../071/956071.xml">domain</link><system wordnetid="104377057" confidence="0.8"><idea wordnetid="105833840" confidence="0.8"><concept wordnetid="105835747" confidence="0.8"><artifact wordnetid="100021939" confidence="0.8"><instrumentality wordnetid="103575240" confidence="0.8"><component wordnetid="105868954" confidence="0.8"><part wordnetid="105867413" confidence="0.8"><link ns0:type="simple" ns0:href="../807/2807.xml">activ directori</link></part></component></instrumentality></artifact></concept></idea></system><link ns0:type="simple" ns0:href="../008/1321008.xml">dn</link><idea wordnetid="105833840" confidence="0.8"><concept wordnetid="105835747" confidence="0.8"><component wordnetid="105868954" confidence="0.8"><part wordnetid="105867413" confidence="0.8"><link ns0:type="simple" ns0:href="../095/1228095.xml">group polici</link></part></component></concept></idea><structure wordnetid="104341686" confidence="0.8"><artifact wordnetid="100021939" confidence="0.8"><window wordnetid="104587648" confidence="0.8"><supporting_structure wordnetid="104361095" confidence="0.8"><framework wordnetid="103391770" confidence="0.8"><link ns0:type="simple" ns0:href="../437/13620437.xml">roam user profil</link></framework></supporting_structure></window></artifact></structure><idea wordnetid="105833840" confidence="0.8"><concept wordnetid="105835747" confidence="0.8"><component wordnetid="105868954" confidence="0.8"><part wordnetid="105867413" confidence="0.8"><link ns0:type="simple" ns0:href="../129/2764129.xml">folder redirect</link></part></component></concept></idea><idea wordnetid="105833840" confidence="0.8"><concept wordnetid="105835747" confidence="0.8"><component wordnetid="105868954" confidence="0.8"><part wordnetid="105867413" confidence="0.8"><link ns0:type="simple" ns0:href="../563/4560563.xml">distribut transact coordin</link></part></component></concept></idea><idea wordnetid="105833840" confidence="0.8"><concept wordnetid="105835747" confidence="0.8"><component wordnetid="105868954" confidence="0.8"><part wordnetid="105867413" confidence="0.8"><link ns0:type="simple" ns0:href="../460/840460.xml">msmq</link></part></component></concept></idea><link ns0:type="simple" ns0:href="../489/2370489.xml">window sharepoint servic</link><link ns0:type="simple" ns0:href="../075/10060075.xml">window media servic</link><link ns0:type="simple" ns0:href="../570/2953570.xml">right manag servic</link><software wordnetid="106566077" confidence="0.9508927676800064"><link ns0:type="simple" ns0:href="../050/209050.xml">ii</link></software><software wordnetid="106566077" confidence="0.9508927676800064"><link ns0:type="simple" ns0:href="../110/16575110.xml">termin servic</link></software><utility wordnetid="108185758" confidence="0.8"><company wordnetid="108058098" confidence="0.8"><service wordnetid="108186047" confidence="0.8"><institution wordnetid="108053576" confidence="0.8"><link ns0:type="simple" ns0:href="../951/2681951.xml">wsu</link></institution></service></company></utility><link ns0:type="simple" ns0:href="../082/3172082.xml">network access protect</link><system wordnetid="104377057" confidence="0.8"><idea wordnetid="105833840" confidence="0.8"><concept wordnetid="105835747" confidence="0.8"><artifact wordnetid="100021939" confidence="0.8"><instrumentality wordnetid="103575240" confidence="0.8"><component wordnetid="105868954" confidence="0.8"><part wordnetid="105867413" confidence="0.8"><link ns0:type="simple" ns0:href="../582/10321582.xml">df replic</link></part></component></instrumentality></artifact></concept></idea></system><idea wordnetid="105833840" confidence="0.8"><concept wordnetid="105835747" confidence="0.8"><component wordnetid="105868954" confidence="0.8"><part wordnetid="105867413" confidence="0.8"><link ns0:type="simple" ns0:href="../655/11034655.xml">remot differenti compress</link></part></component></concept></idea><idea wordnetid="105833840" confidence="0.8"><concept wordnetid="105835747" confidence="0.8"><component wordnetid="105868954" confidence="0.8"><part wordnetid="105867413" confidence="0.8"><link ns0:type="simple" ns0:href="../419/1672419.xml">print servic unix</link></part></component></concept></idea><idea wordnetid="105833840" confidence="0.8"><concept wordnetid="105835747" confidence="0.8"><component wordnetid="105868954" confidence="0.8"><part wordnetid="105867413" confidence="0.8"><link ns0:type="simple" ns0:href="../049/4503049.xml">remot instal servic</link></part></component></concept></idea><idea wordnetid="105833840" confidence="0.8"><concept wordnetid="105835747" confidence="0.8"><component wordnetid="105868954" confidence="0.8"><part wordnetid="105867413" confidence="0.8"><link ns0:type="simple" ns0:href="../571/13373571.xml">window deploy servic</link></part></component></concept></idea><software wordnetid="106566077" confidence="0.9508927676800064"><link ns0:type="simple" ns0:href="../592/3722592.xml">window system resourc manag</link></software><idea wordnetid="105833840" confidence="0.8"><concept wordnetid="105835747" confidence="0.8"><component wordnetid="105868954" confidence="0.8"><part wordnetid="105867413" confidence="0.8"><link ns0:type="simple" ns0:href="../084/11168084.xml">hyperv</link></part></component></concept></idea></col></row><row style="height:2px" /><row><col style=";;" class="navbox-group"><link ns0:type="simple" ns0:href="../364/48364.xml">architectur</link></col><col style="text-align:left;border-left:2px solid #fdfdfd;width:100%;padding:0px;;;" class="navbox-list navbox-odd"><link ns0:type="simple" ns0:href="../523/1942523.xml">nt seri architectur</link><idea wordnetid="105833840" confidence="0.8"><concept wordnetid="105835747" confidence="0.8"><component wordnetid="105868954" confidence="0.8"><part wordnetid="105867413" confidence="0.8"><link ns0:type="simple" ns0:href="../794/12320794.xml">object manag</link></part></component></concept></idea><idea wordnetid="105833840" confidence="0.8"><concept wordnetid="105835747" confidence="0.8"><component wordnetid="105868954" confidence="0.8"><part wordnetid="105867413" confidence="0.8"><link ns0:type="simple" ns0:href="../076/3733076.xml">startup process</link></part></component></concept></idea><idea wordnetid="105833840" confidence="0.8"><concept wordnetid="105835747" confidence="0.8"><component wordnetid="105868954" confidence="0.8"><part wordnetid="105867413" confidence="0.8"><link ns0:type="simple" ns0:href="../986/5881986.xml">vista</link></part></component></concept></idea><link ns0:type="simple" ns0:href="../227/10998227.xml">io request packet</link><idea wordnetid="105833840" confidence="0.8"><concept wordnetid="105835747" confidence="0.8"><component wordnetid="105868954" confidence="0.8"><part wordnetid="105867413" confidence="0.8"><link ns0:type="simple" ns0:href="../293/4486293.xml">kernel transact manag</link></part></component></concept></idea><physical_entity wordnetid="100001930" confidence="0.8"><person wordnetid="100007846" confidence="0.8"><leader wordnetid="109623038" confidence="0.8"><administrator wordnetid="109770949" confidence="0.8"><causal_agent wordnetid="100007347" confidence="0.8"><head wordnetid="110162991" confidence="0.8"><director wordnetid="110014939" confidence="0.8"><link ns0:type="simple" ns0:href="../538/3837538.xml">logic disk manag</link></director></head></causal_agent></administrator></leader></person></physical_entity><system wordnetid="104377057" confidence="0.8"><artifact wordnetid="100021939" confidence="0.8"><instrumentality wordnetid="103575240" confidence="0.8"><link ns0:type="simple" ns0:href="../859/545859.xml">secur account manag</link></instrumentality></artifact></system><structure wordnetid="104341686" confidence="0.8"><idea wordnetid="105833840" confidence="0.8"><concept wordnetid="105835747" confidence="0.8"><artifact wordnetid="100021939" confidence="0.8"><window wordnetid="104587648" confidence="0.8"><component wordnetid="105868954" confidence="0.8"><supporting_structure wordnetid="104361095" confidence="0.8"><part wordnetid="105867413" confidence="0.8"><framework wordnetid="103391770" confidence="0.8"><link ns0:type="simple" ns0:href="../945/13137945.xml">window resourc protect</link></framework></part></supporting_structure></component></window></artifact></concept></idea></structure><know-how wordnetid="105616786" confidence="0.8"><method wordnetid="105660268" confidence="0.8"><link ns0:type="simple" ns0:href="../227/632227.xml">lsass</link></method></know-how><link ns0:type="simple" ns0:href="../139/6238139.xml">csrss</link><link ns0:type="simple" ns0:href="../138/5780138.xml">smss</link></col></row><row style="height:2px" /><row><col style=";;" class="navbox-group">secur</col><col style="text-align:left;border-left:2px solid #fdfdfd;width:100%;padding:0px;;;" class="navbox-list navbox-even"><link ns0:type="simple" ns0:href="../671/4359671.xml">uac</link><link ns0:type="simple" ns0:href="../805/4132805.xml">bitlock</link><software wordnetid="106566077" confidence="0.9508927676800064"><link ns0:type="simple" ns0:href="../321/1370321.xml">defend</link></software><link ns0:type="simple" ns0:href="../836/2225836.xml">dep</link><link ns0:type="simple" ns0:href="../456/9373456.xml">protect media path</link><link ns0:type="simple" ns0:href="../983/13628983.xml">mandatori integr control</link><link ns0:type="simple" ns0:href="../947/11647947.xml">uipi</link><idea wordnetid="105833840" confidence="0.8"><concept wordnetid="105835747" confidence="0.8"><component wordnetid="105868954" confidence="0.8"><part wordnetid="105867413" confidence="0.8"><link ns0:type="simple" ns0:href="../163/2815163.xml">window firewal</link></part></component></concept></idea><component wordnetid="105868954" confidence="0.9508927676800064"><link ns0:type="simple" ns0:href="../289/7446289.xml">secur center</link></component></col></row><row style="height:2px" /><row><col style=";;" class="navbox-group">compat</col><col style="text-align:left;border-left:2px solid #fdfdfd;width:100%;padding:0px;;;" class="navbox-list navbox-odd"><structure wordnetid="104341686" confidence="0.8"><idea wordnetid="105833840" confidence="0.8"><concept wordnetid="105835747" confidence="0.8"><artifact wordnetid="100021939" confidence="0.8"><window wordnetid="104587648" confidence="0.8"><component wordnetid="105868954" confidence="0.8"><supporting_structure wordnetid="104361095" confidence="0.8"><part wordnetid="105867413" confidence="0.8"><framework wordnetid="103391770" confidence="0.8"><link ns0:type="simple" ns0:href="../926/1497926.xml">unix subsystem</link></framework></part></supporting_structure></component></window></artifact></concept></idea></structure><link ns0:type="simple" ns0:href="../493/19159493.xml">microsoft posix</link><structure wordnetid="104341686" confidence="0.8"><artifact wordnetid="100021939" confidence="0.8"><window wordnetid="104587648" confidence="0.8"><supporting_structure wordnetid="104361095" confidence="0.8"><framework wordnetid="103391770" confidence="0.8"><link ns0:type="simple" ns0:href="../839/1497839.xml">interix</link></framework></supporting_structure></window></artifact></structure><physical_entity wordnetid="100001930" confidence="0.8"><person wordnetid="100007846" confidence="0.8"><idea wordnetid="105833840" confidence="0.8"><copycat wordnetid="109964411" confidence="0.8"><concept wordnetid="105835747" confidence="0.8"><component wordnetid="105868954" confidence="0.8"><causal_agent wordnetid="100007347" confidence="0.8"><part wordnetid="105867413" confidence="0.8"><link ns0:type="simple" ns0:href="../173/1501173.xml">virtual do machin</link></part></causal_agent></component></concept></copycat></idea></person></physical_entity><idea wordnetid="105833840" confidence="0.8"><concept wordnetid="105835747" confidence="0.8"><component wordnetid="105868954" confidence="0.8"><part wordnetid="105867413" confidence="0.8"><link ns0:type="simple" ns0:href="../788/1648788.xml">window window</link></part></component></concept></idea><idea wordnetid="105833840" confidence="0.8"><concept wordnetid="105835747" confidence="0.8"><component wordnetid="105868954" confidence="0.8"><part wordnetid="105867413" confidence="0.8"><link ns0:type="simple" ns0:href="../798/1252798.xml">wow</link></part></component></concept></idea></col></row></table></col></row></table></p></sec></bdy></part></component></concept></idea></article>