<article xmlns:ns0="http://www.w3.org/1999/xlink"><entity confidence="0.9511911446218017" wordnetid="100001740"><header><title>score function dock</title><id /><revision><id /><timestamp>tz</timestamp><contributor><username>malcolma</username><id /></contributor></revision><categories><category>protein structur</category><category>molecular model</category><category>bioinformat</category><category>comput chemistri</category></categories></header><bdy><table style="margin-left:0.5em;" width="500" align="right" cellpadding="2" class="toccolours" border="0" cellspacing="0"><header style="background:#EE9900" align="center">dock glossari</header><row><col><b><link ns0:type="simple" ns0:href="../480/569480.xml">receptor</link></b><b>host</b>receiv molecul commonli<link ns0:type="simple" ns0:href="../634/23634.xml">protein</link><link ns0:type="simple" ns0:href="../974/3974.xml">biopolym</link></col></row><row><col><b><link ns0:type="simple" ns0:href="../422/2202422.xml">ligand</link></b><b>guest</b>complementari partner molecul<link ns0:type="simple" ns0:href="../016/11489016.xml">bind</link>receptor ligand<link ns0:type="simple" ns0:href="../588/477588.xml">small molecul</link>biopolym</col></row><row><col><b><link ns0:type="simple" ns0:href="../623/2292623.xml">dock</link></b>comput simul candid ligand bind receptor</col></row><row><col><b>bind mode</b>orient ligand rel receptor well<link ns0:type="simple" ns0:href="../574/1527574.xml">conform</link>ligand receptor bound</col></row><row><col><b>pose</b>candid bind mode</col></row><row><col><b><link ns0:type="simple" ns0:href="../649/11044649.xml">score</link></b>process evalu pose count number favor<link ns0:type="simple" ns0:href="../417/15417.xml">intermolecular interact</link><link ns0:type="simple" ns0:href="../609/13609.xml">hydrogen bond</link><link ns0:type="simple" ns0:href="../643/1020643.xml">hydrophob</link>contact</col></row><row><col><b>rank</b>process classifi ligand interact favor receptor base predict<link ns0:type="simple" ns0:href="../221/39221.xml">freeenergi</link>bind</col></row><row><col align="right"><weblink ns0:type="simple" ns0:href="http://localhost:18088/wiki/index.php?title=Template:Docking_glossary action=edit">edit</weblink></col></row></table>field<link ns0:type="simple" ns0:href="../019/6019.xml">comput chemistri</link><link ns0:type="simple" ns0:href="../256/734256.xml">molecular model</link><b>score function</b>fast approxim mathemat method predict strength<link ns0:type="simple" ns0:href="../027/2485027.xml">noncoval</link>interact refer<link ns0:type="simple" ns0:href="../016/11489016.xml">bind</link><link>affin</link>molecul<link ns0:type="simple" ns0:href="../623/2292623.xml">dock</link>commonli molecul small organ compound<link ns0:type="simple" ns0:href="../172/9311172.xml">drug</link>second drug biolog target<link ns0:type="simple" ns0:href="../634/23634.xml">protein</link><link ns0:type="simple" ns0:href="../480/569480.xml">receptor</link><ref ns0:type="simple" ns0:href="#xpointer(//reflist/entry[@id=%221%22])" />score function develop predict strength type<link ns0:type="simple" ns0:href="../417/15417.xml">intermolecular</link>interact exampl protein<ref ns0:type="simple" ns0:href="#xpointer(//reflist/entry[@id=%222%22])" />protein<link ns0:type="simple" ns0:href="../955/7955.xml">dna</link><ref ns0:type="simple" ns0:href="#xpointer(//reflist/entry[@id=%223%22])" /><sec><st>util</st><p>score function<link ns0:type="simple" ns0:href="../414/579414.xml">drug</link>type molecular design speed high accuraci applic includ<ref ns0:type="simple" ns0:href="#xpointer(//reflist/entry[@id=%224%22])" /><list><entry level="1" type="bullet"><b><link ns0:type="simple" ns0:href="../575/5703575.xml">virtual screen</link></b>small molecul databas candid ligand identifi novel small molecul bind protein target interest start point<link ns0:type="simple" ns0:href="../274/571274.xml">drug discoveri</link><ref ns0:type="simple" ns0:href="#xpointer(//reflist/entry[@id=%225%22])" /></entry><entry level="1" type="bullet"><b>de novo design</b>design scratch novel small molecul bind protein target<ref ns0:type="simple" ns0:href="#xpointer(//reflist/entry[@id=%226%22])" /></entry><entry level="1" type="bullet"><b><link ns0:type="simple" ns0:href="../783/3218783.xml">lead optim</link></b>screen hit optim affin select<ref ns0:type="simple" ns0:href="#xpointer(//reflist/entry[@id=%227%22])" /></entry></list></p><p>reliabl comput demand altern score function<link ns0:type="simple" ns0:href="../324/11085324.xml">free energi perturb</link>calcul<ref ns0:type="simple" ns0:href="#xpointer(//reflist/entry[@id=%228%22])" /></p></sec><sec><st>prerequisit</st><p>score function parameter train data set consist experiment determin bind affin molecular speci speci wish predict</p><p>predict affin<link ns0:type="simple" ns0:href="../422/2202422.xml">ligand</link>protein predict<list><entry level="1" type="bullet"><b>protein<link ns0:type="simple" ns0:href="../032/31032.xml">tertiari structur</link></b>arrang protein atom three dimension space protein structur determin experiment techniqu<technique wordnetid="105665146" confidence="0.8"><know-how wordnetid="105616786" confidence="0.8"><method wordnetid="105660268" confidence="0.8"><link ns0:type="simple" ns0:href="../151/34151.xml">xray crystallographi</link></method></know-how></technique>solut phase<link ns0:type="simple" ns0:href="../525/9820525.xml">nmr</link>method predict<link ns0:type="simple" ns0:href="../278/7026278.xml">homolog model</link></entry><entry level="1" type="bullet"><b>ligand activ<link ns0:type="simple" ns0:href="../574/1527574.xml">conform</link></b>three dimension shape ligand bound protein</entry><entry level="1" type="bullet"><b>bindingmod</b>orient bind partner rel complex</entry></list></p><p>yield three dimension structur complex base structur score function estim strength associ molecul complex method outlin final score function help predict bind mode activ conform small molecul complex</p></sec><sec><st>class</st><p>three gener class score function</p><p><list><entry level="1" type="bullet"><b><power wordnetid="105190804" confidence="0.8"><influence wordnetid="105194151" confidence="0.8"><force wordnetid="105194578" confidence="0.8"><link ns0:type="simple" ns0:href="../615/2916615.xml">forc field</link></force></influence></power></b>affin estim sum strength intermolecular<link ns0:type="simple" ns0:href="../657/70657.xml">van der waal</link><link ns0:type="simple" ns0:href="../328/368328.xml">electrostat</link>interact atom molecul complex intramolecular energi refer<link ns0:type="simple" ns0:href="../643/1620643.xml">strain energi</link>bind partner frequent includ final bind take place presenc water<link ns0:type="simple" ns0:href="../041/44041.xml">desolv</link>energi ligand protein account<link ns0:type="simple" ns0:href="../239/7479239.xml">implicit solvat</link>method gbsa pbsa</entry><entry level="1" type="bullet"><b>empir</b>base count number type interact bind partner<ref ns0:type="simple" ns0:href="#xpointer(//reflist/entry[@id=%226%22])" />count base number ligand receptor atom contact calcul chang<link ns0:type="simple" ns0:href="../888/5799888.xml">solvent access surfac area</link>sasa complex compar uncomplex ligand protein coeffici score function fit<link ns0:type="simple" ns0:href="../903/17903.xml">multipl linear regress</link>method interact term function includ exampl</entry><entry level="2" type="bullet">number<link ns0:type="simple" ns0:href="../609/13609.xml">hydrogen bond</link>favor electrostat contribut affin</entry><entry level="2" type="bullet"><link ns0:type="simple" ns0:href="../136/14136.xml">hydrophob</link>hydrophob contact favor</entry><entry level="2" type="bullet"><link ns0:type="simple" ns0:href="../293/79293.xml">hydrophil</link>hydrophob contact unfavor</entry><entry level="2" type="bullet">number rotat bond immobil complex format unfavor<link ns0:type="simple" ns0:href="../891/9891.xml">entrop</link>contribut</entry><entry level="1" type="bullet"><b>knowledg</b>base statist observ intermolecular close contact larg databas<link ns0:type="simple" ns0:href="../573/12799573.xml">cambridg structur databas</link><link ns0:type="simple" ns0:href="../505/102505.xml">protein data bank</link>deriv<link ns0:type="simple" ns0:href="../179/7297179.xml">potenti forc</link>method found assumpt close intermolecular interact type atom function group occur frequent expect random distribut energet favor contribut favor bind affin<ref ns0:type="simple" ns0:href="#xpointer(//reflist/entry[@id=%229%22])" /></entry></list></p><p>final hybrid score function develop compon score function combin function</p></sec><sec><st>refer</st><p><reflist><entry id="1"><cite style="font-style:normal">jain score function proteinligand dock<it>curr protein pept sci</it><b /><document wordnetid="106470073" confidence="0.8"><written_communication wordnetid="106349220" confidence="0.8"><writing wordnetid="106362953" confidence="0.8"><link ns0:type="simple" ns0:href="../994/422994.xml">doi</link></writing></written_communication></document><weblink ns0:type="simple" ns0:href="http://dx.doi.org/10.2174%2F138920306778559395" />pmid</cite></entry><entry id="2"><cite style="font-style:normal">lensink mf mndez wodak sj dock score protein complex capri edit<it>protein structur function bioinformat</it><b /><document wordnetid="106470073" confidence="0.8"><written_communication wordnetid="106349220" confidence="0.8"><writing wordnetid="106362953" confidence="0.8"><link ns0:type="simple" ns0:href="../994/422994.xml">doi</link></writing></written_communication></document><weblink ns0:type="simple" ns0:href="http://dx.doi.org/10.1002%2Fprot.21804">prot</weblink>pmid</cite></entry><entry id="3"><cite style="font-style:normal">robertson ta varani allatom distancedepend score function predict proteindna interact structur<it>protein</it><b /><document wordnetid="106470073" confidence="0.8"><written_communication wordnetid="106349220" confidence="0.8"><writing wordnetid="106362953" confidence="0.8"><link ns0:type="simple" ns0:href="../994/422994.xml">doi</link></writing></written_communication></document><weblink ns0:type="simple" ns0:href="http://dx.doi.org/10.1002%2Fprot.21162">prot</weblink>pmid</cite></entry><entry id="4"><cite style="font-style:normal">rajamani good ac rank pose structurebas lead discoveri optim current trend score function develop<it>current opinion drug discoveri develop</it><b />pmid</cite></entry><entry id="5"><cite style="font-style:normal">seifert mh krau kramer virtual highthroughput screen molecular databas<it>current opinion drug discoveri develop</it><b />pmid</cite></entry><entry id="6"><cite style="font-style:normal">bhm hj predict bind constant protein ligand fast method priorit hit de novo design databas search program<it>comput aid mol de</it><b /><document wordnetid="106470073" confidence="0.8"><written_communication wordnetid="106349220" confidence="0.8"><writing wordnetid="106362953" confidence="0.8"><link ns0:type="simple" ns0:href="../994/422994.xml">doi</link></writing></written_communication></document><weblink ns0:type="simple" ns0:href="http://dx.doi.org/10.1023%2FA%3A1007999920146" />pmid</cite></entry><entry id="7"><cite style="font-style:normal">josephmccarthi baber jc feyfant thompson dc humblet lead optim highthroughput molecular dock<it>current opinion drug discoveri develop</it><b />pmid</cite></entry><entry id="8"><cite style="font-style:normal">folopp hubbard predict ligand design freeenergi base comput method<it>curr med chem</it><b /><document wordnetid="106470073" confidence="0.8"><written_communication wordnetid="106349220" confidence="0.8"><writing wordnetid="106362953" confidence="0.8"><link ns0:type="simple" ns0:href="../994/422994.xml">doi</link></writing></written_communication></document><weblink ns0:type="simple" ns0:href="http://dx.doi.org/10.2174%2F092986706779026165" />pmid</cite></entry><entry id="9"><cite style="font-style:normal">muegg pmf score revisit<it>med chem</it><b /><document wordnetid="106470073" confidence="0.8"><written_communication wordnetid="106349220" confidence="0.8"><writing wordnetid="106362953" confidence="0.8"><link ns0:type="simple" ns0:href="../994/422994.xml">doi</link></writing></written_communication></document><weblink ns0:type="simple" ns0:href="http://dx.doi.org/10.1021%2Fjm050038s">jm</weblink>pmid</cite></entry></reflist></p></sec></bdy></entity></article>