<article xmlns:ns0="http://www.w3.org/1999/xlink"><actor confidence="0.9508927676800064" wordnetid="109765278"><header><title>teri mcminn</title><id /><revision><id /><timestamp>tz</timestamp><contributor><username>chainsawg</username><id /></contributor></revision><categories><category>american film actor</category><category>texa actor</category><category>live peopl</category><category>peopl houston texa</category><category>univers texa austin alumni</category><category>birth</category></categories></header><bdy><template><name>infobox actor</name><parameters><image width="150px" src="TeriSmall.jpg" /><othername>teri mcminn</othername><homepage>terimcminncom</homepage><birthplace><village wordnetid="108672738" confidence="0.9508927676800064"><link ns0:type="simple" ns0:href="../774/13774.xml">houston texa</link></village></birthplace><birthdate>august age</birthdate><birthname>teri mcminn</birthname></parameters></template><b>teri mcminn</b>born<link ns0:type="simple" ns0:href="../496/1496.xml">august</link><link ns0:type="simple" ns0:href="../602/34602.xml" /><body wordnetid="107965085" confidence="0.8"><social_group wordnetid="107950920" confidence="0.8"><political_orientation wordnetid="106212839" confidence="0.8"><colony wordnetid="108374049" confidence="0.8"><state wordnetid="108168978" confidence="0.8"><political_unit wordnetid="108359949" confidence="0.8"><group wordnetid="100031264" confidence="0.8"><democracy wordnetid="106217103" confidence="0.8"><link ns0:type="simple" ns0:href="../750/3434750.xml">american</link></democracy></group></political_unit></state></colony></political_orientation></social_group></body><link ns0:type="simple" ns0:href="../753/753.xml">actress</link>role pam<it><movie wordnetid="106613686" confidence="0.9508927676800064"><link ns0:type="simple" ns0:href="../781/29781.xml">texa chain massacr</link></movie></it><p><it>texa chain massacr</it>direct<creator wordnetid="109614315" confidence="0.9508927676800064"><link ns0:type="simple" ns0:href="../429/304429.xml">tobe hooper</link></creator>mcminn star pam teenag travel boyfriend friend cemeteri salli hardesti brother franklin grandfath buri investig report grave vandal</p><p>mcminn born rais houston texashouston texa grew interest art graduat high school teri scholarship dalla theatr center dalla texa move austin texa studi actress attend univers texa st edward univers austin texa discov hooper produc henkl articl local newspap audit teri chosen hooper henkl offer role pam film project</p><p>arduou film shoot teri continu act region theater texa mid west film releas studi act lo angel york leg foot model commerci print work continu work theatr monster mania horror convent cherri hill nj teri person appear pam girl meat hook cast reunion appear septemb set hidef dvd releas movi interview make releas film</p><p>film anniversari releas teri person appear</p><sec><st>extern link</st><p>offici websit httpterimcminncom<list><entry level="1" type="bullet"><weblink ns0:type="simple" ns0:href="http://www.imdb.com/name/nm0573374/">teri mcminn</weblink><web_site wordnetid="106359193" confidence="0.9508927676800064"><link ns0:type="simple" ns0:href="../554/2855554.xml">internet movi databas</link></web_site></entry><entry level="1" type="bullet"><weblink ns0:type="simple" ns0:href="http://www.texaschainsawmassacre.net/Where/Teri.htm">interview teri mcminn</weblink></entry></list></p></sec></bdy></actor></article>