<article xmlns:ns0="http://www.w3.org/1999/xlink"><header><title>oper reserv</title><id /><revision><id /><timestamp>tz</timestamp><contributor><username>cedar</username><id /></contributor></revision><categories><category>power engin</category></categories></header><bdy><image location="right" width="320px" src="Reservepower.png" type="thumb"><caption>ideal represent kind reserv power time interv unexpect failur<ref ns0:type="simple" ns0:href="#xpointer(//reflist/entry[@id=%221%22])" /></caption></image><link ns0:type="simple" ns0:href="../824/38824.xml">power system</link><b>oper reserv</b>gener capac<link ns0:type="simple" ns0:href="../178/3500178.xml">system oper</link>short interv time meet demand case<link ns0:type="simple" ns0:href="../330/82330.xml">gener</link>lost disrupt suppli power system design normal condit oper reserv capac largest gener fraction<link ns0:type="simple" ns0:href="../333/4490333.xml">peak load</link><ref ns0:type="simple" ns0:href="#xpointer(//reflist/entry[@id=%222%22])" /><p>oper reserv divid kind reserv power<b>spin reserv</b><b>nonspin</b><b>supplement reserv</b></p><p><list><entry level="1" type="bullet">spin reserv extra gener capac increas power output gener connect power system gener increas power output achiev increas<link ns0:type="simple" ns0:href="../400/30400.xml">torqu</link>appli<link ns0:type="simple" ns0:href="../848/30848.xml">turbin rotor</link><ref ns0:type="simple" ns0:href="#xpointer(//reflist/entry[@id=%223%22])" /></entry></list></p><p><list><entry level="1" type="bullet">nonspin supplement reserv extra gener capac present connect system brought onlin short delay isol power system typic equat power faststart gener<ref ns0:type="simple" ns0:href="#xpointer(//reflist/entry[@id=%223%22])" />interconnect power system includ power short notic import power system retract power present export system<ref ns0:type="simple" ns0:href="#xpointer(//reflist/entry[@id=%224%22])" /></entry></list></p><p>gener intend provid spin nonspin reserv reach promis capac ten minut power system guidelin requir fraction oper reserv spin reserv<ref ns0:type="simple" ns0:href="#xpointer(//reflist/entry[@id=%223%22])" />spin reserv reliabl doesnt suffer startup issu respond nonspin reserv gener delay gener startsup offlin<ref ns0:type="simple" ns0:href="#xpointer(//reflist/entry[@id=%225%22])" /></p><p>addit kind reserv power discuss combin oper reserv<b>frequencyrespons reserv</b><b>replac reserv</b></p><p><list><entry level="1" type="bullet">frequencyrespons reserv provid automat reaction loss suppli occur<link ns0:type="simple" ns0:href="../989/164989.xml">loss suppli</link>gener slow increas load combat slow gener<link ns0:type="simple" ns0:href="../361/430361.xml">governor</link>help gener speed governor provid small boost output frequenc power gener frequencyrespons reserv small discret system oper consid oper reserv<ref ns0:type="simple" ns0:href="#xpointer(//reflist/entry[@id=%226%22])" /></entry></list></p><p><list><entry level="1" type="bullet">replac reserv reserv power provid gener requir longer startup time typic thirti sixti minut reliev gener provid spin nonspin reserv restor oper reserv confusingli replac reserv minut oper reserv<ref ns0:type="simple" ns0:href="#xpointer(//reflist/entry[@id=%226%22])" /></entry></list></p><p>time period kind reserv power oper illustr diagram accompani articl</p><sec><st>refer</st><p><reflist><entry id="1">kirbi<weblink ns0:type="simple" ns0:href="http://certs.lbl.gov/pdf/spinning-reserves.pdf">spin reserv respons load</weblink>oak ridg nation laboratori march</entry><entry id="2">jianxu wang xifan wang yang wu<it>oper reserv model power market</it>ieee transact power system februari</entry><entry id="3"><weblink ns0:type="simple" ns0:href="http://www.caiso.com/docs/2003/09/08/2003090815135425649.pdf">spin reserv nonspin reserv</weblink>california iso januari</entry><entry id="4"><weblink ns0:type="simple" ns0:href="http://www.wecc.biz/modules.php?op=modload name=Downloads file=index req=getit lid=125">wscc oper reserv white paper</weblink>western system coordin council juli</entry><entry id="5"><weblink ns0:type="simple" ns0:href="http://web.mit.edu/energylab/www/pubs/el99-005wp.pdf">reliabl power system</weblink>mit energi laboratori june</entry><entry id="6">eric hirst<weblink ns0:type="simple" ns0:href="http://www.ksg.harvard.edu/hepg/Papers/Hirst_PRDReliability_04-02.pdf">pricerespons demand reliabl resourc</weblink>april</entry></reflist></p></sec></bdy></article>