<article xmlns:ns0="http://www.w3.org/1999/xlink"><header><title>phase retriev</title><id /><revision><id /><timestamp>tz</timestamp><contributor><username>nawlinwiki</username><id /></contributor></revision></header><bdy><b>phase retriev</b>concern solut<link ns0:type="simple" ns0:href="../369/1531369.xml">phase problem</link>complex signal<math>fk</math>amplitud<math>fk</math>phase<math>phik</math><indent level="2"><math>fkfkei phik</math></indent>phase retriev consist find phase measur amplitud satisfi set constraint exampl<math>fk</math><mathematical_relation wordnetid="113783581" confidence="0.8"><idea wordnetid="105833840" confidence="0.8"><concept wordnetid="105835747" confidence="0.8"><operator wordnetid="113786413" confidence="0.8"><function wordnetid="113783816" confidence="0.8"><link ns0:type="simple" ns0:href="../247/52247.xml">fourier transform</link></function></operator></concept></idea></mathematical_relation><math>fx</math>typic constraint<math>fx</math>bound real posit function<p>applic phase retriev<technique wordnetid="105665146" confidence="0.8"><know-how wordnetid="105616786" confidence="0.8"><method wordnetid="105660268" confidence="0.8"><link ns0:type="simple" ns0:href="../151/34151.xml">xray crystallographi</link></method></know-how></technique>award<link ns0:type="simple" ns0:href="../201/21201.xml">nobel prize</link></p><sec><st /><p><list><entry level="1" type="bullet"><link ns0:type="simple" ns0:href="../369/1531369.xml">phase problem</link></entry><entry level="1" type="bullet"><link ns0:type="simple" ns0:href="../794/7794.xml">crystallographi</link></entry><entry level="1" type="bullet"><technique wordnetid="105665146" confidence="0.8"><know-how wordnetid="105616786" confidence="0.8"><method wordnetid="105660268" confidence="0.8"><link ns0:type="simple" ns0:href="../151/34151.xml">xray crystallographi</link></method></know-how></technique></entry></list></p></sec></bdy></article>