<article xmlns:ns0="http://www.w3.org/1999/xlink"><entity confidence="0.9511911446218017" wordnetid="100001740"><header><title>loranthu</title><id /><revision><id /><timestamp>tz</timestamp><contributor><username>dumzibot</username><id /></contributor></revision><categories><category>santalal</category></categories></header><bdy><table style="text-align:center; padding:2.5px; width:200px;" class="infobox biota"><row style="text-align:center;"><header style="background:#90EE90;"><it>loranthu</it></header></row><row style="text-align:center;"><col><image width="150px" src="Loranthus_europaeus_Sturm43.jpg"><caption><it><link>loranthu europaeu</link></it></caption></image><it><link>loranthu europaeu</link></it></col></row><row style="background:#90EE90;" /><row style="text-align:center;"><header style="background:#90EE90;"><link ns0:type="simple" ns0:href="../581/53581.xml">scientif classif</link></header></row><row style="text-align:center;"><col><table style="margin:0 auto; text-align:left; background:transparent;" cellpadding="2"><row valign="top" /><row valign="top" /><row valign="top" /><row valign="top" /><row valign="top" /><row valign="top"><col>kingdom</col><col><link ns0:type="simple" ns0:href="../208/23208.xml">planta</link></col></row><row valign="top" /><row valign="top" /><row valign="top" /><row valign="top" /><row valign="top"><col>divis</col><col><link ns0:type="simple" ns0:href="../967/18967.xml">magnoliophyta</link></col></row><row valign="top" /><row valign="top" /><row valign="top" /><row valign="top" /><row valign="top" /><row valign="top" /><row valign="top" /><row valign="top" /><row valign="top" /><row valign="top"><col>class</col><col><link ns0:type="simple" ns0:href="../111/67111.xml">magnoliopsida</link></col></row><row valign="top" /><row valign="top" /><row valign="top" /><row valign="top" /><row valign="top" /><row valign="top"><col>order</col><col><link ns0:type="simple" ns0:href="../286/53286.xml">santalal</link></col></row><row valign="top" /><row valign="top" /><row valign="top" /><row valign="top" /><row valign="top" /><row valign="top" /><row valign="top" /><row valign="top" /><row valign="top"><col>famili</col><col><link ns0:type="simple" ns0:href="../554/149554.xml">loranthacea</link></col></row><row valign="top" /><row valign="top" /><row valign="top" /><row valign="top" /><row valign="top" /><row valign="top" /><row valign="top"><col>genu</col><col><b><it>loranthu</it></b>jacq</col></row><row valign="top" /><row valign="top" /><row valign="top" /><row valign="top" /><row valign="top" /><row valign="top" /><row valign="top" /><row valign="top" /><row valign="top" /><row valign="top" /></table></col></row><row style="background:#90EE90;" /><row style="background:#90EE90;" /><row style="background:#90EE90;" /><row style="background:#90EE90;" /><row style="background:#90EE90;" /><row style="text-align:center;" /><row style="text-align:center;" /><row style="text-align:center;" /><row style="text-align:center;" /><row style="text-align:center;" /><row style="text-align:center;" /><row style="text-align:center;" /><row style="text-align:center;" /><row style="text-align:center;" /><row style="text-align:center;" /><row style="background:#90EE90;" /></table><b><it>loranthu</it></b>genu parasit plant grow branch woodi tree<ref ns0:type="simple" ns0:href="#xpointer(//reflist/entry[@id=%221%22])" /><sec><st>distribut</st><p>occur plenti<legal_power wordnetid="105198427" confidence="0.9508927676800064"><link ns0:type="simple" ns0:href="../459/4349459.xml">kerala</link></legal_power>india menac<link ns0:type="simple" ns0:href="../315/56315.xml">mango</link>tree<it><link>mangifera indica</link></it></p></sec><sec><st>characterist</st><p>plant grow age tree middl branch establish steal nutrient sunlight cover encroach place branch host tree render weak inact<it>loranthu</it>bloom rose colour menac period time struggl tree steal sunlight need photosynthesi</p></sec><sec><st>control</st><p>cut branch<it>loranthu</it>spread branch tree method larva<link ns0:type="simple" ns0:href="../680/3176680.xml">common jezebel</link>butterfli best method natur control leav<it>loranthu</it>food larva larva grow score eat leav<it>loranthu</it>larva undergo metamorphosi beauti butterfli call common jezebel good<link ns0:type="simple" ns0:href="../084/106084.xml">pollin</link>tree</p></sec><sec><st>refer</st><p><reflist><entry id="1">watson dallwitz mj onward famili flower plant descript illustr identif retriev<weblink ns0:type="simple" ns0:href="http://delta-intkey.com/angio/www/lorantha.htm">loranthu</weblink></entry></reflist></p></sec></bdy></entity></article>