<article xmlns:ns0="http://www.w3.org/1999/xlink"><company confidence="0.9508927676800064" wordnetid="108058098"><electronics_company confidence="0.9511911446218017" wordnetid="108003035"><header><title>pulselink</title><id /><revision><id /><timestamp>tz</timestamp><contributor><username>cydebot</username><id /></contributor></revision><categories><category>compani base san diego counti california</category><category>fabless semiconductor compani</category><category>compani establish</category><category>electron compani unit</category></categories></header><bdy><template><name>infobox compani</name><parameters><location><image width="20px" src="Flag_of_the_United_States.svg" /><village wordnetid="108672738" confidence="0.9508927676800064"><link ns0:type="simple" ns0:href="../030/108030.xml">carlsbad california</link></village><link ns0:type="simple" ns0:href="../750/3434750.xml">usa</link></location><company_logo><image width="150px" src="PLK-logo.png"><caption>plklogopng</caption></image></company_logo><company_name>pulselink</company_name><foundation /><industry>fabless semiconductorintegr circuit</industry><type>privat held</type><products>integr circuit<link ns0:type="simple" ns0:href="../827/645827.xml">uwb</link>devic</products><num_employees /><key_people>waddah almousa chairman john santhoff ceo cto bruce watkin presid</key_people></parameters></template><p><b>pulselink</b>privat held<link ns0:type="simple" ns0:href="../685/675685.xml">fabless</link><link ns0:type="simple" ns0:href="../150/15150.xml">integr circuit</link>semiconductor corpor headquart<village wordnetid="108672738" confidence="0.9508927676800064"><link ns0:type="simple" ns0:href="../030/108030.xml">carlsbad california</link></village>locat north<link ns0:type="simple" ns0:href="../504/28504.xml">san diego</link><country wordnetid="108544813" confidence="0.9508927676800064"><link ns0:type="simple" ns0:href="../407/5407.xml">california</link></country><body wordnetid="107965085" confidence="0.8"><social_group wordnetid="107950920" confidence="0.8"><political_orientation wordnetid="106212839" confidence="0.8"><colony wordnetid="108374049" confidence="0.8"><state wordnetid="108168978" confidence="0.8"><political_unit wordnetid="108359949" confidence="0.8"><group wordnetid="100031264" confidence="0.8"><democracy wordnetid="106217103" confidence="0.8"><link ns0:type="simple" ns0:href="../750/3434750.xml">unit</link></democracy></group></political_unit></state></colony></political_orientation></social_group></body>pulselink pioneer commerci<link ns0:type="simple" ns0:href="../428/166428.xml">ultrawideband</link>uwb technolog develop complet<message wordnetid="106598915" confidence="0.8"><protocol wordnetid="106665108" confidence="0.8"><know-how wordnetid="105616786" confidence="0.8"><direction wordnetid="106786629" confidence="0.8"><rule wordnetid="106652242" confidence="0.8"><method wordnetid="105660268" confidence="0.8"><link ns0:type="simple" ns0:href="../472/207472.xml">media access control</link></method></rule></direction></know-how></protocol></message>macbasebandrf<link ns0:type="simple" ns0:href="../224/302224.xml">chipset</link>exce gbit uwb data commun pulselink develop uwb technolog base continu puls uwb<link ns0:type="simple" ns0:href="../101/11178101.xml">cuwb</link>wholehom distribut interact high data rate multimedia content hybrid wiredwireless network technolog design coexist fulli exist<link ns0:type="simple" ns0:href="../587/7587.xml">catv</link>signal</p><p>pulselink cwave implement<link ns0:type="simple" ns0:href="../101/11178101.xml">cuwb</link>data rate gigabit second coax wireless network consum unpreced abil stream distribut high qualiti multimedia content home pulselink cwave implement<link ns0:type="simple" ns0:href="../101/11178101.xml">cuwb</link>support simultan oper<weblink ns0:type="simple" ns0:href="http://www.1394ta.org/index.html" />gigabit<link ns0:type="simple" ns0:href="../499/9499.xml">ethernet</link><link ns0:type="simple" ns0:href="../442/537442.xml">hdmi</link>equival connect unequ data rate perform endtoend qualiti servic<link ns0:type="simple" ns0:href="../315/25315.xml">qo</link></p><p>compani activ involv organ lead nextgener digit connect includ<weblink ns0:type="simple" ns0:href="http://www.hanaalliance.org/">high definit audiovideo network allianc hana</weblink>digit live network allianc<link ns0:type="simple" ns0:href="../253/1164253.xml">dlna</link>trade associ</p><sec><st>extern link</st><p><list><entry level="1" type="bullet"><weblink ns0:type="simple" ns0:href="http://pulselink.net/">pulselink corpor web site</weblink></entry><entry level="1" type="bullet"><weblink ns0:type="simple" ns0:href="http://www.1394ta.org/index.html">trade associ</weblink></entry><entry level="1" type="bullet"><weblink ns0:type="simple" ns0:href="http://www.hanaalliance.org/">high definit audiovideo network allianc hana</weblink></entry><entry level="1" type="bullet"><weblink ns0:type="simple" ns0:href="http://www.dlna.org/en/consumer/home">digit live network allianc dlna</weblink></entry></list></p></sec></bdy></electronics_company></company></article>