<article xmlns:ns0="http://www.w3.org/1999/xlink"><entity confidence="0.9511911446218017" wordnetid="100001740"><header><title>elaeagnu</title><id /><revision><id /><timestamp>tz</timestamp><contributor><username>thf</username><id /></contributor></revision><categories><category>elaeagnacea</category></categories></header><bdy><table style="text-align:center; padding:2.5px; width:200px;" class="infobox biota"><row style="text-align:center;"><header style="background:#90EE90;"><it>elaeagnu</it></header></row><row style="text-align:center;"><col><image width="240px" src="Elaeagnus_commutata_USDA.jpg"><caption><it>elaeagnu commutata</it></caption></image><it>elaeagnu commutata</it></col></row><row style="background:#90EE90;" /><row style="text-align:center;"><header style="background:#90EE90;"><link ns0:type="simple" ns0:href="../581/53581.xml">scientif classif</link></header></row><row style="text-align:center;"><col><table style="margin:0 auto; text-align:left; background:transparent;" cellpadding="2"><row valign="top" /><row valign="top" /><row valign="top" /><row valign="top" /><row valign="top" /><row valign="top"><col>kingdom</col><col><link ns0:type="simple" ns0:href="../208/23208.xml">plant</link>ae</col></row><row valign="top" /><row valign="top" /><row valign="top" /><row valign="top" /><row valign="top"><col>divis</col><col><link ns0:type="simple" ns0:href="../967/18967.xml">magnoliophyta</link></col></row><row valign="top" /><row valign="top" /><row valign="top" /><row valign="top" /><row valign="top" /><row valign="top" /><row valign="top" /><row valign="top" /><row valign="top" /><row valign="top"><col>class</col><col><link ns0:type="simple" ns0:href="../111/67111.xml">magnoliopsida</link></col></row><row valign="top" /><row valign="top" /><row valign="top" /><row valign="top" /><row valign="top" /><row valign="top"><col>order</col><col><link ns0:type="simple" ns0:href="../486/25486.xml">rosal</link></col></row><row valign="top" /><row valign="top" /><row valign="top" /><row valign="top" /><row valign="top" /><row valign="top" /><row valign="top" /><row valign="top" /><row valign="top"><col>famili</col><col><link ns0:type="simple" ns0:href="../288/194288.xml">elaeagnacea</link></col></row><row valign="top" /><row valign="top" /><row valign="top" /><row valign="top" /><row valign="top" /><row valign="top" /><row valign="top"><col>genu</col><col><b><it>elaeagnu</it></b><link ns0:type="simple" ns0:href="../233/5233.xml" /></col></row><row valign="top" /><row valign="top" /><row valign="top" /><row valign="top" /><row valign="top" /><row valign="top" /><row valign="top" /><row valign="top" /><row valign="top" /><row valign="top" /></table></col></row><row style="background:#90EE90;" /><row style="background:#90EE90;" /><row style="background:#90EE90;" /><row style="background:#90EE90;" /><row style="background:#90EE90;" /><row style="text-align:center;" /><row style="text-align:center;" /><row style="text-align:center;" /><row style="text-align:center;" /><row style="text-align:center;" /><row style="text-align:center;" /><row style="text-align:center;" /><row style="text-align:center;" /><row style="text-align:center;" /><row style="text-align:center;" /><row style="background:#90EE90;"><header>speci</header></row><row><col style="padding:0 .5em; text-align:left;">text</col></row></table><p><b><it>elaeagnu</it></b><b>silverberri</b><b>oleast</b>genu speci<link ns0:type="simple" ns0:href="../967/18967.xml">flower plant</link><link ns0:type="simple" ns0:href="../288/194288.xml">elaeagnacea</link>vast major speci nativ temper subtrop region<system wordnetid="108435388" confidence="0.8"><economy wordnetid="108366753" confidence="0.8"><group wordnetid="100031264" confidence="0.8"><link ns0:type="simple" ns0:href="../689/689.xml">asia</link></group></economy></system>speci<it>triflora</it>extend south northeastern<country wordnetid="108544813" confidence="0.9508927676800064"><link ns0:type="simple" ns0:href="../264/4689264.xml">australia</link></country>speci<it>commutata</it>restrict<system wordnetid="108435388" confidence="0.8"><economy wordnetid="108366753" confidence="0.8"><group wordnetid="100031264" confidence="0.8"><link ns0:type="simple" ns0:href="../139/21139.xml">north america</link></group></economy></system>third speci<it>angustifolia</it>nativ southeasternmost<link ns0:type="simple" ns0:href="../239/9239.xml">europ</link>earli human introduct</p><p><link ns0:type="simple" ns0:href="../722/66722.xml">decidu</link><link ns0:type="simple" ns0:href="../719/66719.xml">evergreen</link><link ns0:type="simple" ns0:href="../708/61708.xml">shrub</link>small<link ns0:type="simple" ns0:href="../875/18955875.xml">tree</link>altern<link ns0:type="simple" ns0:href="../622/18973622.xml">leav</link>leav shoot cover tini silveri brownish scale plant whitish greybrown colour distanc<link ns0:type="simple" ns0:href="../465/4576465.xml">flower</link>small fourlob<link ns0:type="simple" ns0:href="../505/211505.xml">calyx</link>petal fragrant<link ns0:type="simple" ns0:href="../843/10843.xml">fruit</link>fleshi<link ns0:type="simple" ns0:href="../425/57425.xml">drupe</link>singl<link ns0:type="simple" ns0:href="../694/37694.xml">seed</link>edibl speci gener lack good flavour speci cultiv fruit includ<it>angustifolia</it><it>umbellata</it><it>multiflora</it>gumi cultiv china grow popular rest</p><p><it>umbellata</it>reput high amount<link ns0:type="simple" ns0:href="../943/294943.xml">carotenoid</link><link ns0:type="simple" ns0:href="../277/3277.xml">antioxid</link><link ns0:type="simple" ns0:href="../735/18735.xml">lycopen</link>display antioxid properti effect<link ns0:type="simple" ns0:href="../219/105219.xml">cancer</link>mechan<link ns0:type="simple" ns0:href="../188/15188.xml">vitro</link><ref ns0:type="simple" ns0:href="#xpointer(//reflist/entry[@id=%221%22])" /><it>multiflora</it><link ns0:type="simple" ns0:href="../381/1221381.xml">nutraceut</link>plant chines food medicin berri small tasti abund</p><p><it>elaeagnu</it>speci food plant<link ns0:type="simple" ns0:href="../357/50357.xml">larva</link><link ns0:type="simple" ns0:href="../307/53307.xml">lepidoptera</link>speci includ<it><link ns0:type="simple" ns0:href="../350/4025350.xml">coleophora elaeagnisella</link></it><link ns0:type="simple" ns0:href="../312/2143312.xml">gothic</link></p><sec><st>select speci</st><p><table><row><col><list><entry level="1" type="bullet"><it><link>elaeagnu angustata</link></it>rehd chang<link ns0:type="simple" ns0:href="../862/5042862.xml">china</link></entry><entry level="1" type="bullet"><it><link ns0:type="simple" ns0:href="../768/507768.xml">elaeagnu angustifolia</link></it><b>oleast</b><b>russian silverberri</b><b>russianol</b>western asia</entry><entry level="1" type="bullet"><it><link>elaeagnu argyi</link></it>levl china</entry><entry level="1" type="bullet"><it><link>elaeagnu bambusetorum</link></it>handmazz china</entry><entry level="1" type="bullet"><it><link>elaeagnu bockii</link></it>diel china</entry><entry level="1" type="bullet"><it><link>elaeagnu cinnamomifolia</link></it>hu chow china</entry><entry level="1" type="bullet"><it><link ns0:type="simple" ns0:href="../070/8763070.xml">elaeagnu commutata</link></it>bernh<b>american silverberri</b><b>wolfwillow</b><system wordnetid="108435388" confidence="0.8"><economy wordnetid="108366753" confidence="0.8"><group wordnetid="100031264" confidence="0.8"><link ns0:type="simple" ns0:href="../139/21139.xml">north america</link></group></economy></system></entry><entry level="1" type="bullet"><it><link>elaeagnu conferta</link></it>roxb southern asia</entry><entry level="1" type="bullet"><it><link>elaeagnu courtoisi</link></it>belval china</entry><entry level="1" type="bullet"><it><link>elaeagnu davidii</link></it>franch china</entry><entry level="1" type="bullet"><it><link>elaeagnu delavayi</link></it>lecomt china</entry><entry level="1" type="bullet"><it><link>elaeagnu difficili</link></it>serv china</entry><entry level="1" type="bullet"><it><link>elaeagnu formosana</link></it>nakai<island wordnetid="109316454" confidence="0.9508927676800064"><link ns0:type="simple" ns0:href="../107/30107.xml">taiwan</link></island></entry><entry level="1" type="bullet"><it><link>elaeagnu glabra</link></it>thunb eastern asia</entry><entry level="1" type="bullet"><it><link>elaeagnu gonyanth</link></it>benth china</entry><entry level="1" type="bullet"><it><link>elaeagnu griffithii</link></it>serv china</entry><entry level="1" type="bullet"><it><link>elaeagnu grijsii</link></it>hanc china</entry><entry level="1" type="bullet"><it><link>elaeagnu guizhouensi</link></it>cy chang china</entry><entry level="1" type="bullet"><it><link>elaeagnu henryi</link></it>warb china</entry><entry level="1" type="bullet"><it><link>elaeagnu jiangxiensi</link></it>cy chang china</entry><entry level="1" type="bullet"><it><link>elaeagnu jingdonensi</link></it>cy chang china</entry></list></col><col><list><entry level="1" type="bullet"><it><link>elaeagnu kanaii</link></it>momili china</entry><entry level="1" type="bullet"><it><link>elaeagnu lanceolata</link></it>warb china</entry><entry level="1" type="bullet"><it><link>elaeagnu lanpingensi</link></it>cy chang china</entry><entry level="1" type="bullet"><it><link>elaeagnu latifolia</link></it>southern asia</entry><entry level="1" type="bullet"><it><link>elaeagnu liuzhouensi</link></it>cy chang china</entry><entry level="1" type="bullet"><it><link>elaeagnu longiloba</link></it>cy chang china</entry><entry level="1" type="bullet"><it><link>elaeagnu loureirii</link></it>champ southern china</entry><entry level="1" type="bullet"><it><link>elaeagnu luoxiangensi</link></it>cy chang china</entry><entry level="1" type="bullet"><it><link>elaeagnu luxiensi</link></it>cy chang china</entry><entry level="1" type="bullet"><it><link>elaeagnu macrantha</link></it>rehd china</entry><entry level="1" type="bullet"><it><link>elaeagnu macrophylla</link></it>thunb eastern asia</entry><entry level="1" type="bullet"><it><link>elaeagnu magna</link></it>rehd china</entry><entry level="1" type="bullet"><it><link>elaeagnu micrantha</link></it>cy chang china</entry><entry level="1" type="bullet"><it><link>elaeagnu molli</link></it>diel china</entry><entry level="1" type="bullet"><it><link>elaeagnu morrisonensi</link></it>hayata<island wordnetid="109316454" confidence="0.9508927676800064"><link ns0:type="simple" ns0:href="../107/30107.xml">taiwan</link></island></entry></list></col><col><list><entry level="1" type="bullet"><it><link ns0:type="simple" ns0:href="../653/6232653.xml">elaeagnu multiflora</link></it>thunb<b>cherri silverberri</b><b>gumi</b>eastern asia</entry><entry level="1" type="bullet"><it><link>elaeagnu nanchuanensi</link></it>cy chang china</entry><entry level="1" type="bullet"><it><link>elaeagnu obovata</link></it>li china</entry><entry level="1" type="bullet"><it><link>elaeagnu obtusa</link></it>cy chang china</entry><entry level="1" type="bullet"><it><link>elaeagnu oldhami</link></it>maxim china</entry><entry level="1" type="bullet"><it><link>elaeagnu ovata</link></it>serv china</entry><entry level="1" type="bullet"><it><link>elaeagnu oxycarpa</link></it>schltdl china</entry><entry level="1" type="bullet"><it><link>elaeagnu pallidiflora</link></it>cy chang china</entry><entry level="1" type="bullet"><it><link>elaeagnu parvifolia</link></it>wallich royl central asia</entry><entry level="1" type="bullet"><it><link>elaeagnu pauciflora</link></it>cy chang china</entry><entry level="1" type="bullet"><it><link>elaeagnu philippinensi</link></it>perrott<country wordnetid="108544813" confidence="0.9508927676800064"><link ns0:type="simple" ns0:href="../440/23440.xml">philippin</link></country></entry><entry level="1" type="bullet"><it><link>elaeagnu pilostyla</link></it>cy chang china</entry><entry level="1" type="bullet"><it><link>elaeagnu pingnanensi</link></it>cy chang china</entry><entry level="1" type="bullet"><it><link>elaeagnu pungen</link></it>thunb<b>silverthorn</b><link ns0:type="simple" ns0:href="../573/15573.xml">japan</link></entry><entry level="1" type="bullet"><it><link>elaeagnu pyriformi</link></it>hookf eastern himalaya</entry><entry level="1" type="bullet"><it><link>elaeagnu retrostyla</link></it>cy chang china</entry><entry level="1" type="bullet"><it><link>elaeagnu sarmentosa</link></it>rehd china</entry><entry level="1" type="bullet"><it><link>elaeagnu schlechtendalii</link></it>serv china</entry></list></col><col><list><entry level="1" type="bullet"><it><link>elaeagnu stellipila</link></it>rehd china</entry><entry level="1" type="bullet"><it><link>elaeagnu taliensi</link></it>cy chang china</entry><entry level="1" type="bullet"><it><link>elaeagnu thunbergii</link></it>serv china</entry><entry level="1" type="bullet"><it><link>elaeagnu tonkinensi</link></it>serv southeastern asia</entry><entry level="1" type="bullet"><it><link>elaeagnu triflora</link></it>roxb southeastern asia northeast australia</entry><entry level="1" type="bullet"><it><link>elaeagnu tubiflora</link></it>cy chang china</entry><entry level="1" type="bullet"><it><link>elaeagnu tutcheri</link></it>dunn southern china</entry><entry level="1" type="bullet"><it><link ns0:type="simple" ns0:href="../744/507744.xml">elaeagnu umbellata</link></it>thunb<b>japanes silverberri</b><b>autumnol</b>eastern asia</entry><entry level="1" type="bullet"><it><link>elaeagnu viridi</link></it>serv china</entry><entry level="1" type="bullet"><it><link>elaeagnu wenshanensi</link></it>cy chang china</entry><entry level="1" type="bullet"><it><link>elaeagnu wilsonii</link></it>li china</entry><entry level="1" type="bullet"><it><link>elaeagnu wushanensi</link></it>cy chang china</entry><entry level="1" type="bullet"><it><link>elaeagnu xichouensi</link></it>cy chang china</entry><entry level="1" type="bullet"><it><link>elaeagnu xizangensi</link></it>cy chang china</entry></list></col></row></table></p><p><list><entry level="1" type="definition">hybrid</entry><entry level="1" type="bullet"><it>elaeagnu ebbingei</it><it>macrophylla</it><it>pungen</it></entry><entry level="1" type="bullet"><it>elaeagnu pyramidali</it><it>commutata</it><it>multiflora</it></entry><entry level="1" type="bullet"><it>elaeagnu reflexa</it><it>pugen</it><it>glabra</it></entry></list></p></sec><sec><st /><p><list><entry level="1" type="bullet"><link ns0:type="simple" ns0:href="../676/69676.xml">oiltre</link></entry></list></p></sec><sec><st>note</st><p><reflist><entry id="1">wang sy bowman ding variat free radic scaveng capac antiprolif activ genotyp autumn oliv elaeagnu umbellata planta med<weblink ns0:type="simple" ns0:href="http://www.ncbi.nlm.nih.gov/pubmed/17566149">httpwwwncbinlmnihgovpubm</weblink></entry></reflist></p></sec><sec><st>extern link</st><p><list><entry level="1" type="bullet"><weblink ns0:type="simple" ns0:href="http://www.efloras.org/browse.aspx?flora_id=3 start_taxon_id=111375"><it>eflora</it>chines plant list<it>elaeagnu</it></weblink></entry><entry level="1" type="bullet"><weblink ns0:type="simple" ns0:href="http://www.herbier.ulaval.ca/specimens_types/template.php?pid=0259259"><it>elaeagnu veteriscastelli</it>holotyp</weblink>sheet louismari herbarium<link ns0:type="simple" ns0:href="../708/352708.xml">laval univers</link></entry></list></p></sec><sec><st>galleri</st><p><image location="left" width="150px" src="Elaeagnus.jpg" type="thumb"><caption><it>elaeagnu ebbingei</it></caption></image><image location="right" width="250px" src="Elaeagnus_pungens_-_JBM.jpg" type="thumb"><caption><it>pungen</it>bonsai</caption></image></p></sec></bdy></entity></article>