<article xmlns:ns0="http://www.w3.org/1999/xlink"><movie confidence="0.9508927676800064" wordnetid="106613686"><header><title>song midnight</title><id /><revision><id /><timestamp>tz</timestamp><contributor><username>lugnut</username><id /></contributor></revision><categories><category>chines film</category><category>mandarinlanguag film</category><category>horror film</category><category>black white film</category><category>film direct maxu weibang</category><category>asian horror</category><category>film</category></categories></header><bdy><template><name>infobox_film</name><parameters><image width="150px" src="SongatMidnightDVD.jpg"><caption>cinema epoch edit dvd<it>song midnight</it></caption></image><runtime>min</runtime><amg_id /><director><physical_entity wordnetid="100001930" confidence="0.8"><person wordnetid="100007846" confidence="0.8"><actor wordnetid="109765278" confidence="0.8"><scriptwriter wordnetid="110564905" confidence="0.8"><director wordnetid="110014939" confidence="0.8"><communicator wordnetid="109610660" confidence="0.8"><administrator wordnetid="109770949" confidence="0.8"><leader wordnetid="109623038" confidence="0.8"><performer wordnetid="110415638" confidence="0.8"><causal_agent wordnetid="100007347" confidence="0.8"><screenwriter wordnetid="110564400" confidence="0.8"><writer wordnetid="110794014" confidence="0.8"><head wordnetid="110162991" confidence="0.8"><entertainer wordnetid="109616922" confidence="0.8"><link ns0:type="simple" ns0:href="../526/12366526.xml">maxu weibang</link></entertainer></head></writer></screenwriter></causal_agent></performer></leader></administrator></communicator></director></scriptwriter></actor></person></physical_entity></director><country><link ns0:type="simple" ns0:href="../862/5042862.xml">china</link></country><released><fundamental_quantity wordnetid="113575869" confidence="0.8"><time_period wordnetid="115113229" confidence="0.8"><year wordnetid="115203791" confidence="0.8"><link ns0:type="simple" ns0:href="../439/172439.xml" /></year></time_period></fundamental_quantity></released><imdb_id /><name>song midnight</name><producer><company wordnetid="108058098" confidence="0.8"><institution wordnetid="108053576" confidence="0.8"><link ns0:type="simple" ns0:href="../102/5055102.xml">xinhua film compani</link></institution></company></producer><cinematography><link>yu xingsan</link><link>xue boqe</link></cinematography><distributor><company wordnetid="108058098" confidence="0.9508927676800064"><link ns0:type="simple" ns0:href="../916/14342916.xml">cinema epoch</link></company><company wordnetid="108058098" confidence="0.8"><institution wordnetid="108053576" confidence="0.8"><link ns0:type="simple" ns0:href="../102/5055102.xml">xinhua film compani</link></institution></company></distributor><language><language wordnetid="106282651" confidence="0.9508927676800064"><link ns0:type="simple" ns0:href="../359/19359.xml">mandarin</link></language></language><writer>maxu weibang</writer><starring><link>jin shan</link><link>gu mengh</link><link>zhou wenzhu</link><link>hu ping</link></starring></parameters></template><b><it>song midnight</it></b><link ns0:type="simple" ns0:href="../949/261949.xml">simplifi chines</link><link ns0:type="simple" ns0:href="../210/266210.xml">tradit chines</link><link ns0:type="simple" ns0:href="../588/23588.xml">pinyin</link>bn shng<b><it>sing midnight</it></b>liter<b><it>voic midnight</it></b><fundamental_quantity wordnetid="113575869" confidence="0.8"><time_period wordnetid="115113229" confidence="0.8"><year wordnetid="115203791" confidence="0.8"><link ns0:type="simple" ns0:href="../439/172439.xml" /></year></time_period></fundamental_quantity>film direct<physical_entity wordnetid="100001930" confidence="0.8"><person wordnetid="100007846" confidence="0.8"><actor wordnetid="109765278" confidence="0.8"><scriptwriter wordnetid="110564905" confidence="0.8"><director wordnetid="110014939" confidence="0.8"><communicator wordnetid="109610660" confidence="0.8"><administrator wordnetid="109770949" confidence="0.8"><leader wordnetid="109623038" confidence="0.8"><performer wordnetid="110415638" confidence="0.8"><causal_agent wordnetid="100007347" confidence="0.8"><screenwriter wordnetid="110564400" confidence="0.8"><writer wordnetid="110794014" confidence="0.8"><head wordnetid="110162991" confidence="0.8"><entertainer wordnetid="109616922" confidence="0.8"><link ns0:type="simple" ns0:href="../526/12366526.xml">maxu weibang</link></entertainer></head></writer></screenwriter></causal_agent></performer></leader></administrator></communicator></director></scriptwriter></actor></person></physical_entity>refer chines<link ns0:type="simple" ns0:href="../451/13451.xml">horror film</link><it>song midnight</it>remakeadapt<physical_entity wordnetid="100001930" confidence="0.8"><communicator wordnetid="109610660" confidence="0.8"><person wordnetid="100007846" confidence="0.8"><causal_agent wordnetid="100007347" confidence="0.8"><writer wordnetid="110794014" confidence="0.8"><novelist wordnetid="110363573" confidence="0.8"><journalist wordnetid="110224578" confidence="0.8"><link ns0:type="simple" ns0:href="../182/162182.xml">gaston leroux</link></journalist></novelist></writer></causal_agent></person></communicator></physical_entity><it><link ns0:type="simple" ns0:href="../189/162189.xml">phantom opera</link></it>film inject polit subplot involv leftist revolutionari movement origin stori<p>film star<link>gu mengh</link><link>zhou wenzhu</link><link>jin shan</link>disfigur antihero<b>song danp</b>maxu<link>sequel</link><it>song midnight</it><conflict wordnetid="100958896" confidence="0.9508927676800064"><link ns0:type="simple" ns0:href="../980/69980.xml">war</link></conflict>film resurfac west<link>udin east film festiv</link><ref ns0:type="simple" ns0:href="#xpointer(//reflist/entry[@id=%221%22])" />film film festiv notabl<link ns0:type="simple" ns0:href="../286/2376286.xml">venic intern film festiv</link>secret histori chines cinema retrospect</p><sec><st>reput</st><p>today film well regard name best chines film<link ns0:type="simple" ns0:href="../692/1067692.xml#xpointer(//*[./st=%22Best+100+Chinese+Motion+Pictures%22])">hong kong film award</link><fundamental_quantity wordnetid="113575869" confidence="0.8"><time_period wordnetid="115113229" confidence="0.8"><year wordnetid="115203791" confidence="0.8"><link ns0:type="simple" ns0:href="../628/294628.xml" /></year></time_period></fundamental_quantity><link>asia weekli</link><ref ns0:type="simple" ns0:href="#xpointer(//reflist/entry[@id=%222%22])" /></p><p><it>song midnight</it>remad remak translat<it>midnightmar</it>twopart hong kong director<link>yuan qiuxia</link>releas ii star<actor wordnetid="109765278" confidence="0.9508927676800064"><link ns0:type="simple" ns0:href="../576/417576.xml">betti loh ti</link></actor><link>lao zhei</link><it>song midnight</it>remad time<it><movie wordnetid="106613686" confidence="0.9508927676800064"><link ns0:type="simple" ns0:href="../035/1202035.xml">phantom lover</link></movie></it><physical_entity wordnetid="100001930" confidence="0.8"><person wordnetid="100007846" confidence="0.8"><producer wordnetid="110480018" confidence="0.8"><causal_agent wordnetid="100007347" confidence="0.8"><film_maker wordnetid="110088390" confidence="0.8"><creator wordnetid="109614315" confidence="0.8"><link ns0:type="simple" ns0:href="../624/1452624.xml">ronni yu</link></creator></film_maker></causal_agent></producer></person></physical_entity><film_director wordnetid="110088200" confidence="0.9173553029164789"><songwriter wordnetid="110624540" confidence="0.9173553029164789"><singer wordnetid="110599806" confidence="0.9173553029164789"><actor wordnetid="109765278" confidence="0.9173553029164789"><link ns0:type="simple" ns0:href="../766/204766.xml">lesli cheung</link></actor></singer></songwriter></film_director>role song danp</p></sec><sec><st>dvd releas</st><p>chines film retrospect<company wordnetid="108058098" confidence="0.9508927676800064"><link ns0:type="simple" ns0:href="../916/14342916.xml">cinema epoch</link></company>releas<it>song midnight</it><link ns0:type="simple" ns0:href="../431/1692431.xml">region</link><medium wordnetid="106254669" confidence="0.9508927676800064"><link ns0:type="simple" ns0:href="../498/11014498.xml">dvd</link></medium><link ns0:type="simple" ns0:href="../353/19353.xml" /><link ns0:type="simple" ns0:href="../165/36165.xml" />dvd includ subtitl english</p><p>earlier dvd edit<link>guangzhou beauti cultur commun</link>releas<link ns0:type="simple" ns0:href="../357/8357.xml">decemb</link><link ns0:type="simple" ns0:href="../164/36164.xml" />unit</p></sec><sec><st>refer</st><p><reflist><entry id="1"><cite id="CITEREFRobinsonWinter, 1999-2000">robinson david winter return phantom<it>film quarterli</it><b />xa</cite></entry><entry id="2"><weblink ns0:type="simple" ns0:href="http://www.chinesecinemas.org/chinacentury.html">greatest chines film centuri</weblink>asia weekli magazin retriev<link /></entry></reflist></p></sec><sec><st>extern link</st><p><list><entry level="1" type="bullet"><weblink ns0:type="simple" ns0:href="http://www.archive.org/details/song_at_midnight"><it>song midnight</it></weblink><structure wordnetid="104341686" confidence="0.8"><artifact wordnetid="100021939" confidence="0.8"><area wordnetid="102735688" confidence="0.8"><facility wordnetid="103315023" confidence="0.8"><library wordnetid="103660909" confidence="0.8"><depository wordnetid="103177349" confidence="0.8"><archive wordnetid="102735086" confidence="0.8"><room wordnetid="104105893" confidence="0.8"><link ns0:type="simple" ns0:href="../931/176931.xml">internet archiv</link></room></archive></depository></library></facility></area></artifact></structure>full movi</entry><entry level="1" type="bullet"><weblink ns0:type="simple" ns0:href="http://www.imdb.com/title/tt0206442/"><it>song midnight</it></weblink><web_site wordnetid="106359193" confidence="0.9508927676800064"><link ns0:type="simple" ns0:href="../554/2855554.xml">internet movi databas</link></web_site></entry><entry level="1" type="bullet"><weblink ns0:type="simple" ns0:href="http://www.dianying.com/en/title/ybg1935"><it>song midnight</it></weblink>chines movi databas</entry><entry level="1" type="bullet"><weblink ns0:type="simple" ns0:href="http://chinesecinema.ucsd.edu/film/yabangeshen.html"><it>song midnight</it></weblink><link>ucsd</link>chines cinema webbas learn center</entry></list></p><p><table style=";" class="navbox" cellspacing="0"><row><col style="padding:2px;"><table style="width:100%;background:transparent;color:inherit;;" class="nowraplinks collapsible autocollapse " cellspacing="0"><row><header colspan="2" style=";background:black;color:white;" class="navbox-title"><it><literary_composition wordnetid="106364329" confidence="0.8"><written_communication wordnetid="106349220" confidence="0.8"><writing wordnetid="106362953" confidence="0.8"><fiction wordnetid="106367107" confidence="0.8"><novel wordnetid="106367879" confidence="0.8"><link ns0:type="simple" ns0:href="../189/162189.xml">phantom opera</link></novel></fiction></writing></written_communication></literary_composition></it></header></row><row style="height:2px;" /><row><col style=";background:black;color:white;;" class="navbox-group">book</col><col style="text-align:left;border-left:2px solid #fdfdfd;width:100%;padding:0px;background:lightgrey;;;" class="navbox-list navbox-odd"><literary_composition wordnetid="106364329" confidence="0.8"><written_communication wordnetid="106349220" confidence="0.8"><writing wordnetid="106362953" confidence="0.8"><fiction wordnetid="106367107" confidence="0.8"><novel wordnetid="106367879" confidence="0.8"><link ns0:type="simple" ns0:href="../189/162189.xml">phantom opera</link></novel></fiction></writing></written_communication></literary_composition><literary_composition wordnetid="106364329" confidence="0.8"><written_communication wordnetid="106349220" confidence="0.8"><writing wordnetid="106362953" confidence="0.8"><fiction wordnetid="106367107" confidence="0.8"><novel wordnetid="106367879" confidence="0.8"><link ns0:type="simple" ns0:href="../671/2514671.xml">phantom</link></novel></fiction></writing></written_communication></literary_composition><literary_composition wordnetid="106364329" confidence="0.8"><written_communication wordnetid="106349220" confidence="0.8"><writing wordnetid="106362953" confidence="0.8"><fiction wordnetid="106367107" confidence="0.8"><novel wordnetid="106367879" confidence="0.8"><link ns0:type="simple" ns0:href="../248/3182248.xml">phantom manhattan</link></novel></fiction></writing></written_communication></literary_composition></col></row><row style="height:2px" /><row><col style=";background:black;color:white;;" class="navbox-group">stage adapt</col><col style="text-align:left;border-left:2px solid #fdfdfd;width:100%;padding:0px;background:lightgrey;;;" class="navbox-list navbox-even"><musical wordnetid="107019172" confidence="0.9508927676800064"><link ns0:type="simple" ns0:href="../927/1938927.xml">hill adapt</link></musical><musical wordnetid="107019172" confidence="0.9508927676800064"><link ns0:type="simple" ns0:href="../831/308831.xml">lloyd webber adapt</link></musical><musical wordnetid="107019172" confidence="0.9508927676800064"><link ns0:type="simple" ns0:href="../253/2115253.xml">yeston adapt</link></musical></col></row><row style="height:2px" /><row><col style=";background:black;color:white;;" class="navbox-group">film televis</col><col style="text-align:left;border-left:2px solid #fdfdfd;width:100%;padding:0px;background:lightgrey;;;" class="navbox-list navbox-odd"><movie wordnetid="106613686" confidence="0.9508927676800064"><link ns0:type="simple" ns0:href="../930/308930.xml">julian adapt</link></movie><movie wordnetid="106613686" confidence="0.9508927676800064"><link ns0:type="simple" ns0:href="../511/11185511.xml">song midnight</link></movie><movie wordnetid="106613686" confidence="0.9508927676800064"><link ns0:type="simple" ns0:href="../371/1271371.xml">lubin adapt</link></movie><movie wordnetid="106613686" confidence="0.9508927676800064"><link ns0:type="simple" ns0:href="../751/4029751.xml">fisher adapt</link></movie><movie wordnetid="106613686" confidence="0.9508927676800064"><link ns0:type="simple" ns0:href="../226/1591226.xml">phantom paradis</link></movie><movie wordnetid="106613686" confidence="0.9508927676800064"><link ns0:type="simple" ns0:href="../026/16252026.xml">phantom hollywood</link></movie><movie wordnetid="106613686" confidence="0.9508927676800064"><link ns0:type="simple" ns0:href="../325/1673325.xml">adapt</link></movie><link ns0:type="simple" ns0:href="../019/2957019.xml">nbc miniseri</link><movie wordnetid="106613686" confidence="0.9508927676800064"><link ns0:type="simple" ns0:href="../856/308856.xml">schumach adapt</link></movie></col></row><row style="height:2px" /><row><col style=";background:black;color:white;;" class="navbox-group">charact phantom opera charact</col><col style="text-align:left;border-left:2px solid #fdfdfd;width:100%;padding:0px;background:lightgrey;;;" class="navbox-list navbox-even"><physical_entity wordnetid="100001930" confidence="0.8"><person wordnetid="100007846" confidence="0.8"><hero wordnetid="110325013" confidence="0.8"><violinist wordnetid="110754578" confidence="0.8"><principal wordnetid="110474950" confidence="0.8"><assassin wordnetid="109813696" confidence="0.8"><wrongdoer wordnetid="109633969" confidence="0.8"><criminal wordnetid="109977660" confidence="0.8"><leader wordnetid="109623038" confidence="0.8"><performer wordnetid="110415638" confidence="0.8"><causal_agent wordnetid="100007347" confidence="0.8"><murderer wordnetid="110338707" confidence="0.8"><musician wordnetid="110340312" confidence="0.8"><killer wordnetid="110231087" confidence="0.8"><entertainer wordnetid="109616922" confidence="0.8"><bad_person wordnetid="109831962" confidence="0.8"><link ns0:type="simple" ns0:href="../074/6364074.xml">erik</link></bad_person></entertainer></killer></musician></murderer></causal_agent></performer></leader></criminal></wrongdoer></assassin></principal></violinist></hero></person></physical_entity><fictional_character wordnetid="109587565" confidence="0.8"><imaginary_being wordnetid="109483738" confidence="0.8"><link ns0:type="simple" ns0:href="../879/1601879.xml">christin daae</link></imaginary_being></fictional_character><fictional_character wordnetid="109587565" confidence="0.9508927676800064"><link ns0:type="simple" ns0:href="../363/5685363.xml">viscount raoul de chagni</link></fictional_character><fictional_character wordnetid="109587565" confidence="0.8"><imaginary_being wordnetid="109483738" confidence="0.8"><link ns0:type="simple" ns0:href="../717/12265717.xml">persian</link></imaginary_being></fictional_character><fictional_character wordnetid="109587565" confidence="0.8"><imaginary_being wordnetid="109483738" confidence="0.8"><link ns0:type="simple" ns0:href="../388/1617388.xml">carlotta</link></imaginary_being></fictional_character><fictional_character wordnetid="109587565" confidence="0.8"><imaginary_being wordnetid="109483738" confidence="0.8"><link ns0:type="simple" ns0:href="../407/5350407.xml">madam giri</link></imaginary_being></fictional_character><fictional_character wordnetid="109587565" confidence="0.8"><imaginary_being wordnetid="109483738" confidence="0.8"><link ns0:type="simple" ns0:href="../567/5685567.xml">meg giri</link></imaginary_being></fictional_character><fictional_character wordnetid="109587565" confidence="0.8"><imaginary_being wordnetid="109483738" confidence="0.8"><link ns0:type="simple" ns0:href="../495/9940495.xml">joseph buquet</link></imaginary_being></fictional_character></col></row><row style="height:2px" /><row><col style=";background:black;color:white;;" class="navbox-group">song phantom opera song</col><col style="text-align:left;border-left:2px solid #fdfdfd;width:100%;padding:0px;background:lightgrey;;;" class="navbox-list navbox-odd"><music wordnetid="107020895" confidence="0.8"><song wordnetid="107048000" confidence="0.8"><auditory_communication wordnetid="107109019" confidence="0.8"><musical_composition wordnetid="107037465" confidence="0.8"><link ns0:type="simple" ns0:href="../150/2004150.xml">masquerad</link></musical_composition></auditory_communication></song></music><music wordnetid="107020895" confidence="0.8"><song wordnetid="107048000" confidence="0.8"><auditory_communication wordnetid="107109019" confidence="0.8"><musical_composition wordnetid="107037465" confidence="0.8"><link ns0:type="simple" ns0:href="../758/4089758.xml">music night</link></musical_composition></auditory_communication></song></music><music wordnetid="107020895" confidence="0.8"><song wordnetid="107048000" confidence="0.8"><auditory_communication wordnetid="107109019" confidence="0.8"><musical_composition wordnetid="107037465" confidence="0.8"><link ns0:type="simple" ns0:href="../866/7085866.xml">phantom opera</link></musical_composition></auditory_communication></song></music></col></row><row style="height:2px" /><row><col style=";background:black;color:white;;" class="navbox-group">phantom opera</col><col style="text-align:left;border-left:2px solid #fdfdfd;width:100%;padding:0px;background:lightgrey;;;" class="navbox-list navbox-even"><product wordnetid="104007894" confidence="0.8"><creation wordnetid="103129123" confidence="0.8"><artifact wordnetid="100021939" confidence="0.8"><oeuvre wordnetid="103841417" confidence="0.8"><end_product wordnetid="103287178" confidence="0.8"><link ns0:type="simple" ns0:href="../358/2851358.xml">don juan triumphant</link></end_product></oeuvre></artifact></creation></product><artifact wordnetid="100021939" confidence="0.8"><instrumentality wordnetid="103575240" confidence="0.8"><weapon wordnetid="104565375" confidence="0.8"><device wordnetid="103183080" confidence="0.8"><instrument wordnetid="103574816" confidence="0.8"><link ns0:type="simple" ns0:href="../247/1854247.xml">punjab lasso</link></instrument></device></weapon></instrumentality></artifact><physical_entity wordnetid="100001930" confidence="0.8"><communicator wordnetid="109610660" confidence="0.8"><person wordnetid="100007846" confidence="0.8"><causal_agent wordnetid="100007347" confidence="0.8"><writer wordnetid="110794014" confidence="0.8"><novelist wordnetid="110363573" confidence="0.8"><journalist wordnetid="110224578" confidence="0.8"><link ns0:type="simple" ns0:href="../182/162182.xml">gaston leroux</link></journalist></novelist></writer></causal_agent></person></communicator></physical_entity><composer wordnetid="109947232" confidence="0.9173553029164789"><person wordnetid="100007846" confidence="0.9508927676800064"><artist wordnetid="109812338" confidence="0.9508927676800064"><link ns0:type="simple" ns0:href="../764/54764.xml">andrew lloyd webber</link></artist></person></composer><link ns0:type="simple" ns0:href="../524/5085524.xml">list adapt</link><event wordnetid="100029378" confidence="0.8"><social_event wordnetid="107288639" confidence="0.8"><contest wordnetid="107456188" confidence="0.8"><game wordnetid="100456199" confidence="0.8"><psychological_feature wordnetid="100023100" confidence="0.8"><link ns0:type="simple" ns0:href="../722/5620722.xml">return phantom</link></psychological_feature></game></contest></social_event></event></col></row></table></col></row></table></p><p><table style=";" class="navbox" cellspacing="0"><row><col style="padding:2px;"><table style="width:100%;background:transparent;color:inherit;;" class="nowraplinks collapsible autocollapse " cellspacing="0"><row><header colspan="3" style=";" class="navbox-title"><creation wordnetid="103129123" confidence="0.8"><artifact wordnetid="100021939" confidence="0.8"><art wordnetid="102743547" confidence="0.8"><link ns0:type="simple" ns0:href="../791/10791.xml">cinema china</link></art></artifact></creation></header></row><row style="height:2px;" /><row><col style="width:0%;padding:0px 2px 0px 0px;" rowspan="1"><image width="40px" src="Chinafilm.svg" /></col><col colspan="2" style="width:100%;padding:0px;;;" class="navbox-list navbox-odd"><p>chines filmsfilm az<link ns0:type="simple" ns0:href="../187/2732187.xml">film year</link><creation wordnetid="103129123" confidence="0.8"><artifact wordnetid="100021939" confidence="0.8"><art wordnetid="102743547" confidence="0.8"><link ns0:type="simple" ns0:href="../560/2170560.xml">chines anim</link></art></artifact></creation>chines film awardsaward film festiv chinafestiv chines film studiosstudio film product compani chinaproduct compani chines actorsactor chines film directorsdirector chines cinematographerscinematograph chines film producersproduc chines screenwritersscreenwrit</p></col></row></table></col></row></table></p></sec></bdy></movie></article>