<article xmlns:ns0="http://www.w3.org/1999/xlink"><plant confidence="0.9511911446218017" wordnetid="103956922"><entity confidence="0.9511911446218017" wordnetid="100001740"><vegetable confidence="0.9511911446218017" wordnetid="107707451"><header><title>artichok</title><id /><revision><id /><timestamp>tz</timestamp><contributor><username>epbr</username><id /></contributor></revision><categories><category>asteracea</category><category>medicin plant</category><category>infloresc veget</category></categories></header><bdy>articl globe artichok<link ns0:type="simple" ns0:href="../428/185428.xml">artichok disambigu</link><p><table style="text-align:center; padding:2.5px; width:200px;" class="infobox biota"><row style="text-align:center;"><header style="background:#90EE90;">artichok</header></row><row style="text-align:center;"><col><image width="250px" src="Artichokes.jpg"><caption>globe artichok bud readi cook</caption></image>globe artichok bud readi cook</col></row><row style="background:#90EE90;" /><row style="text-align:center;"><header style="background:#90EE90;"><link ns0:type="simple" ns0:href="../581/53581.xml">scientif classif</link></header></row><row style="text-align:center;"><col><table style="margin:0 auto; text-align:left; background:transparent;" cellpadding="2"><row valign="top" /><row valign="top" /><row valign="top" /><row valign="top" /><row valign="top" /><row valign="top"><col>kingdom</col><col><link ns0:type="simple" ns0:href="../208/23208.xml">plant</link>ae</col></row><row valign="top" /><row valign="top" /><row valign="top" /><row valign="top" /><row valign="top"><col>divis</col><col><link ns0:type="simple" ns0:href="../967/18967.xml">magnoliophyta</link></col></row><row valign="top" /><row valign="top" /><row valign="top" /><row valign="top" /><row valign="top" /><row valign="top" /><row valign="top" /><row valign="top" /><row valign="top" /><row valign="top"><col>class</col><col><link ns0:type="simple" ns0:href="../111/67111.xml">magnoliopsida</link></col></row><row valign="top" /><row valign="top" /><row valign="top" /><row valign="top" /><row valign="top" /><row valign="top"><col>order</col><col><link ns0:type="simple" ns0:href="../789/789.xml">asteral</link></col></row><row valign="top" /><row valign="top" /><row valign="top" /><row valign="top" /><row valign="top" /><row valign="top" /><row valign="top" /><row valign="top" /><row valign="top"><col>famili</col><col><link ns0:type="simple" ns0:href="../956/956.xml">asteracea</link></col></row><row valign="top" /><row valign="top" /><row valign="top" /><row valign="top" /><row valign="top" /><row valign="top" /><row valign="top"><col>genu</col><col><link ns0:type="simple" ns0:href="../236/197236.xml">cynara</link></col></row><row valign="top" /><row valign="top" /><row valign="top" /><row valign="top" /><row valign="top" /><row valign="top" /><row valign="top" /><row valign="top" /><row valign="top"><col>speci</col><col>cardunculu</col></row><row valign="top" /></table></col></row><row style="background:#90EE90;" /><row style="background:#90EE90;"><header><link ns0:type="simple" ns0:href="../736/39736.xml">binomi</link></header></row><row style="text-align:center;"><col>cynara cardunculu<link ns0:type="simple" ns0:href="../233/5233.xml" /><ref ns0:type="simple" ns0:href="#xpointer(//reflist/entry[@id=%221%22])" /></col></row><row style="background:#90EE90;" /><row style="background:#90EE90;" /><row style="background:#90EE90;" /><row style="text-align:center;" /><row style="text-align:center;" /><row style="text-align:center;" /><row style="text-align:center;" /><row style="text-align:center;" /><row style="text-align:center;" /><row style="text-align:center;" /><row style="text-align:center;" /><row style="text-align:center;" /><row style="text-align:center;" /><row style="background:#90EE90;" /><row style="text-align:center; background:#90EE90;"><header><link ns0:type="simple" ns0:href="../296/8166296.xml">synonym</link></header></row><row><col style="padding:0 .5em; text-align:left;">cynara scolymu<ref ns0:type="simple" ns0:href="#xpointer(//reflist/entry[@id=%221%22])" /></col></row></table></p><p>globe artichok cynara cardunculu<ref ns0:type="simple" ns0:href="#xpointer(//reflist/entry[@id=%221%22])" /><link ns0:type="simple" ns0:href="../199/733199.xml">perenni</link><link ns0:type="simple" ns0:href="../890/2193890.xml">thistl</link>origin<link ns0:type="simple" ns0:href="../666/410666.xml">southern europ</link><link ns0:type="simple" ns0:href="../006/19006.xml">mediterranean</link>grow tall arch deepli lobe silveri glaucousgreen<link ns0:type="simple" ns0:href="../622/18973622.xml">leav</link>cm long<link ns0:type="simple" ns0:href="../465/4576465.xml">flower</link>develop larg head edibl<link ns0:type="simple" ns0:href="../604/43604.xml">bud</link>cm diamet numer triangular scale individu floret purpl edibl portion bud consist fleshi lower portion<link ns0:type="simple" ns0:href="../098/612098.xml">involucr bract</link>base heart mass immatur floret center bud call choke ined older larger flower</p><sec><st>cultiv</st><p><image location="left" width="150px" src="2005artichoke.PNG" type="thumb"><caption>artichok output</caption></image>origin artichok unknown<region wordnetid="108630039" confidence="0.8"><location wordnetid="100027167" confidence="0.8"><link ns0:type="simple" ns0:href="../014/346014.xml">maghreb</link></location></region>north africa wild arab ardishoki ground thorni<link ns0:type="simple" ns0:href="../539/578539.xml">cardoon</link>natur occur variant speci nativ<link ns0:type="simple" ns0:href="../006/19006.xml">mediterranean</link>mention<link ns0:type="simple" ns0:href="../683/52683.xml">classic literatur</link>artichok cultiv sicili greek period greek call kakto period cultiv leav flowerhead cultiv improv wild form eaten roman call veget carduu receiv plant greek improv cultiv form appear place muslim period maghreb evid inferenti<ref ns0:type="simple" ns0:href="#xpointer(//reflist/entry[@id=%222%22])" /></p><p><image location="left" width="175px" src="artichokeflower.jpg" type="thumb"><caption>artichok flower</caption></image></p><p>globe artichok cultiv<site wordnetid="108651247" confidence="0.9508927676800064"><village wordnetid="108672738" confidence="0.9508927676800064"><link ns0:type="simple" ns0:href="../880/55880.xml">napl</link></village></site>middl centuri introduc franc<sovereign wordnetid="110628644" confidence="0.9508927676800064"><person wordnetid="100007846" confidence="0.9508927676800064"><link ns0:type="simple" ns0:href="../154/44154.xml">catherin de medici</link></person></sovereign>pierr de lestoil record journal june fact wed courtier queen catherin de medici ate thought die ill diarrhoea eat arthchok bottom</p><p><system wordnetid="108435388" confidence="0.8"><economy wordnetid="108366753" confidence="0.8"><group wordnetid="100031264" confidence="0.8"><link ns0:type="simple" ns0:href="../148/21148.xml">dutch</link></group></economy></system>introduc artichok england grow<link ns0:type="simple" ns0:href="../187/14187.xml">henri viii</link>garden<link ns0:type="simple" ns0:href="../233/1333233.xml">newhal</link>introduc<body wordnetid="107965085" confidence="0.8"><social_group wordnetid="107950920" confidence="0.8"><political_orientation wordnetid="106212839" confidence="0.8"><colony wordnetid="108374049" confidence="0.8"><state wordnetid="108168978" confidence="0.8"><political_unit wordnetid="108359949" confidence="0.8"><group wordnetid="100031264" confidence="0.8"><democracy wordnetid="106217103" confidence="0.8"><link ns0:type="simple" ns0:href="../750/3434750.xml">unit</link></democracy></group></political_unit></state></colony></political_orientation></social_group></body>centuri<region wordnetid="108630985" confidence="0.8"><administrative_district wordnetid="108491826" confidence="0.8"><location wordnetid="100027167" confidence="0.8"><district wordnetid="108552138" confidence="0.8"><country wordnetid="108544813" confidence="0.8"><link ns0:type="simple" ns0:href="../130/18130.xml">louisiana</link></country></district></location></administrative_district></region>french immigr<country wordnetid="108544813" confidence="0.9508927676800064"><link ns0:type="simple" ns0:href="../407/5407.xml">california</link></country><system wordnetid="108435388" confidence="0.8"><economy wordnetid="108366753" confidence="0.8"><group wordnetid="100031264" confidence="0.8"><link ns0:type="simple" ns0:href="../667/26667.xml">spanish</link></group></economy></system>immigr origin arab alkharshof northern italian dialect word articiocco<ref ns0:type="simple" ns0:href="#xpointer(//reflist/entry[@id=%223%22])" /></p><p><table style="margin: 0 0 0.5em 1em; border-collapse:collapse; border: 1px solid black; background: white; color: black;  float:right; clear:right; font-size: 90%;"><row><header align="center">artichok cook boil salt nutrit oz</header></row><row style="background:#e0e0e0; color:black;"><col align="center">energi kcal kj</col></row><row><col><table style="margin:0.3em;" cellpadding="0px" cellspacing="0px"><row><header align="left"><link ns0:type="simple" ns0:href="../932/5932.xml">carbohydr</link></header><col /></row><row><col colspan="2">sugar</col></row><row><col colspan="2"><link ns0:type="simple" ns0:href="../554/66554.xml">dietari fiber</link></col></row><row><header align="left"><link ns0:type="simple" ns0:href="../042/11042.xml">fat</link></header><col /></row><row><header align="left"><link ns0:type="simple" ns0:href="../634/23634.xml#xpointer(//*[./st=%22Nutrition%22])">protein</link></header><col /></row><row><col><link ns0:type="simple" ns0:href="../500/30500.xml">thiamin vit</link></col><col /></row><row><col><link ns0:type="simple" ns0:href="../229/26229.xml">riboflavin vit</link></col><col /></row><row><col><link ns0:type="simple" ns0:href="../996/37996.xml">niacin vit</link></col><col /></row><row><col><link ns0:type="simple" ns0:href="../099/54099.xml">pantothen acid</link></col><col /></row><row><col><link ns0:type="simple" ns0:href="../110/54110.xml">vitamin</link></col><col /></row><row><col><link ns0:type="simple" ns0:href="../117/54117.xml">folat</link>vit</col><col /></row><row><col><link ns0:type="simple" ns0:href="../509/32509.xml">vitamin</link></col><col /></row><row><col><link ns0:type="simple" ns0:href="../668/5668.xml#xpointer(//*[./st=%22Nutrition%22])">calcium</link></col><col /></row><row><col><link ns0:type="simple" ns0:href="../734/14734.xml#xpointer(//*[./st=%22Nutrition+and+dietary+sources%22])">iron</link></col><col /></row><row><col><link ns0:type="simple" ns0:href="../938/378938.xml">magnesium</link></col><col /></row><row><col><link ns0:type="simple" ns0:href="../318/23318.xml#xpointer(//*[./st=%22Biological+role%22])">phosphoru</link></col><col /></row><row><col><link ns0:type="simple" ns0:href="../055/23055.xml#xpointer(//*[./st=%22Potassium_in_nutrition_and_medicine%22])">potassium</link></col><col /></row><row><col><link ns0:type="simple" ns0:href="../420/34420.xml">zinc</link></col><col /></row><row><header align="left"><link ns0:type="simple" ns0:href="../051/19051.xml">manganes</link></header></row></table></col></row><row style="background:#e0e0e0; color:black;"><col style="font-size:90%; text-align:center; padding:4pt; line-height:1.25em;">percentag rel<link ns0:type="simple" ns0:href="../488/267488.xml">recommend</link>adult sourc<weblink ns0:type="simple" ns0:href="http://www.nal.usda.gov/fnic/foodcomp/search/">usda nutrient databas</weblink></col></row></table></p><p>today globe artichok cultiv concentr countri border mediterranean basin main produc<system wordnetid="108435388" confidence="0.8"><economy wordnetid="108366753" confidence="0.8"><group wordnetid="100031264" confidence="0.8"><link ns0:type="simple" ns0:href="../532/14532.xml">itali</link></group></economy></system><system wordnetid="108435388" confidence="0.8"><economy wordnetid="108366753" confidence="0.8"><group wordnetid="100031264" confidence="0.8"><link ns0:type="simple" ns0:href="../667/26667.xml">spain</link></group></economy></system><country wordnetid="108544813" confidence="0.9508927676800064"><link ns0:type="simple" ns0:href="../419/5843419.xml">franc</link></country><body wordnetid="107965085" confidence="0.8"><social_group wordnetid="107950920" confidence="0.8"><political_orientation wordnetid="106212839" confidence="0.8"><colony wordnetid="108374049" confidence="0.8"><state wordnetid="108168978" confidence="0.8"><political_unit wordnetid="108359949" confidence="0.8"><group wordnetid="100031264" confidence="0.8"><democracy wordnetid="106217103" confidence="0.8"><link ns0:type="simple" ns0:href="../750/3434750.xml">unit</link></democracy></group></political_unit></state></colony></political_orientation></social_group></body>california crop percent grown<link ns0:type="simple" ns0:href="../025/82025.xml">monterey counti</link><village wordnetid="108672738" confidence="0.9508927676800064"><link ns0:type="simple" ns0:href="../770/107770.xml">castrovil</link></village>proclaim artichok center hold annual festiv artichok ice cream serv<link ns0:type="simple" ns0:href="../906/167906.xml">cultivar</link>green globe virtual kind grown commerci<image location="left" width="150px" src="P8220094.JPG" type="thumb"><caption>artichok field</caption></image></p><p>artichok produc<link ns0:type="simple" ns0:href="../694/37694.xml">seed</link>veget<link ns0:type="simple" ns0:href="../112/4084112.xml">divis</link><link ns0:type="simple" ns0:href="../371/2368371.xml">root cut</link><link ns0:type="simple" ns0:href="../605/1935605.xml">micropropag</link>technic perenni produc edibl flower second subsequ year varieti seed grown annual produc limit harvest grow season region plant winter hardi garden northern region attempt produc crop overwint plant special treatment protect introduc seed cultivar imperi star bred produc year measur newer cultivar northern star overwint northerli climat surviv subzero temperatur<ref ns0:type="simple" ns0:href="#xpointer(//reflist/entry[@id=%224%22])" /></p><p>commerci cultur limit warm area usda<link ns0:type="simple" ns0:href="../511/1720511.xml">hardi zone</link>requir good soil regular water feed frost protect winter root sucker plant year matur specimen dispos year individu plant live year peak season artichok harvest spring continu harvest summer peak period mid autumn</p><p>harvest cut plant leav inch stem artichok possess good keep qualiti frequent remain fresh week longer averag retail condit</p><p>apart food globe artichok attract plant bright floral display grown herbac border bold foliag larg purpl flowerhead</p></sec><sec><st>varieti</st><p><list><entry level="1" type="bullet">tradit cultivar veget multipl</entry><entry level="2" type="bullet">green color big size camu de bretagn castel franc green globe usa</entry><entry level="2" type="bullet">green color medium size blanca de tudela spain argentina espaola chile blanc doran algeria sakiz bayramapsha turkey</entry><entry level="2" type="bullet">purpl color big size romanesco itali</entry><entry level="2" type="bullet">purpl color medium size violet de provenc franc brindisino catanes itali violet dalgeri algeria baladi egypt</entry><entry level="2" type="bullet">spine spinoso sardo itali criolla peru</entry></list></p></sec><sec><st /><p><image location="right" width="150px" src="Artichokes_being_cooked.jpg" type="thumb"><caption>globe artichok cook</caption></image></p><ss1><st>cook</st><p>globe artichok frequent prepar cook remov mm stem option cut quarter scale scissor remov thorn interfer handl leav eat artichok boil steam tender boil salt water desir prefer cover pot artichok boil acid will boil air cover artichok turn brown acid<link ns0:type="simple" ns0:href="../985/6985.xml">chlorophyl</link>oxid leav remov eaten time dip vinegar butter mayonnais<link ns0:type="simple" ns0:href="../379/60379.xml">aioli</link>sauc</p><p>franc artichok popular deep fri itali artichok heart oil usual veget spring season pizza oliv summer mushroom autumn<link ns0:type="simple" ns0:href="../225/746225.xml">prosciutto</link>winter<ref ns0:type="simple" ns0:href="#xpointer(//reflist/entry[@id=%225%22])" />spain tender younger smaller artichok sprinkl oliv oil left hot ash barbecu saute oliv oil garlic saute combin egg tortilla frittata cite greek artichok la polita finest exampl island tino</p><p>heart artichok eaten</p><p>artichok stem thrown perfectli edibl tast artichok heart</p></ss1><ss1><st>tea</st><p><image location="right" width="180px" src="Artichoketea.jpg" type="thumb"><caption><link ns0:type="simple" ns0:href="../968/214968.xml">tea bag</link>artichok tea</caption></image>artichok<link ns0:type="simple" ns0:href="../972/29972.xml">herbal tea</link>artichok tea produc commerci product<link ns0:type="simple" ns0:href="../394/1994394.xml">dalat</link>region<country wordnetid="108544813" confidence="0.9508927676800064"><link ns0:type="simple" ns0:href="../354/202354.xml">vietnam</link></country><weblink ns0:type="simple" ns0:href="http://sieuthi.seasain.com/uploads/product/2000420.jpg">photo</weblink><weblink ns0:type="simple" ns0:href="http://www.sidestep.com/travel-info-g3038649-t43142-restaurants_da_lat_viet_nam">httpwwwsidestepcomtravelinfogtrestaurants_da_lat_viet_nam</weblink></p></ss1><ss1><st>liquor</st><p>artichok primari flavor italian liquor<physical_entity wordnetid="100001930" confidence="0.8"><agent wordnetid="114778436" confidence="0.8"><substance wordnetid="100020090" confidence="0.8"><substance wordnetid="100019613" confidence="0.8"><liquid wordnetid="114940386" confidence="0.8"><beverage wordnetid="107881800" confidence="0.8"><fluid wordnetid="114939900" confidence="0.8"><drug_of_abuse wordnetid="103248958" confidence="0.8"><alcohol wordnetid="107884567" confidence="0.8"><food wordnetid="100021265" confidence="0.8"><causal_agent wordnetid="100007347" confidence="0.8"><liqueur wordnetid="107907943" confidence="0.8"><part wordnetid="113809207" confidence="0.8"><drug wordnetid="103247620" confidence="0.8"><link ns0:type="simple" ns0:href="../107/2097107.xml">cynar</link></drug></part></liqueur></causal_agent></food></alcohol></drug_of_abuse></fluid></beverage></liquid></substance></substance></agent></physical_entity></p></ss1></sec><sec><st>medic</st><p>dri fresh leav andor stem cynara increas<link ns0:type="simple" ns0:href="../092/86092.xml">bile</link>product<link>cynarin</link>activ constitu cynara increas bile flow<ref ns0:type="simple" ns0:href="#xpointer(//reflist/entry[@id=%226%22])" /></p></sec><sec><st>refer</st><p><reflist><entry id="1"><weblink ns0:type="simple" ns0:href="http://www.ars-grin.gov/cgi-bin/npgs/html/taxon.pl?12839">cynara cardunculu npgsgrin</weblink>wwwarsgringov retriev<link /></entry><entry id="2">watson andrew agricultur innov earli islam<company wordnetid="108058098" confidence="0.9508927676800064"><link ns0:type="simple" ns0:href="../199/73199.xml">cambridg univers press</link></company></entry><entry id="3"><weblink ns0:type="simple" ns0:href="http://www.etymonline.com/index.php?term=artichoke">oedartichok</weblink></entry><entry id="4"><weblink ns0:type="simple" ns0:href="http://www.psrseed.com/gardenseed_northernstarartichoke.html">httpwwwpsrseedcomgardenseed_northernstarartichokehtml</weblink>peter seed</entry><entry id="5"><weblink ns0:type="simple" ns0:href="http://www.cooking.com/recipes/static/recipe621.htm">season pizza recip cookingcom</weblink></entry><entry id="6"><weblink ns0:type="simple" ns0:href="http://www.cababstractsplus.org/google/abstract.asp?AcNo=20053057411">cab abstract</weblink></entry></reflist><list><entry level="1" type="bullet">articl incorpor text<link ns0:type="simple" ns0:href="../551/18935551.xml">public domain</link>edit<work wordnetid="104599396" confidence="0.8"><product wordnetid="104007894" confidence="0.8"><creation wordnetid="103129123" confidence="0.8"><artifact wordnetid="100021939" confidence="0.8"><book wordnetid="106410904" confidence="0.8"><publication wordnetid="106589574" confidence="0.8"><link ns0:type="simple" ns0:href="../401/3193401.xml">grocer encyclopedia</link></publication></book></artifact></creation></product></work></entry></list></p></sec><sec><st>extern link</st><p><image location="none" width="50px" src="Wikibooks-logo-en.svg"><caption>wikibook</caption></image><work wordnetid="100575741" confidence="0.8"><possession wordnetid="100032613" confidence="0.8"><event wordnetid="100029378" confidence="0.8"><undertaking wordnetid="100795720" confidence="0.8"><property wordnetid="113244109" confidence="0.8"><act wordnetid="100030358" confidence="0.8"><psychological_feature wordnetid="100023100" confidence="0.8"><activity wordnetid="100407535" confidence="0.8"><link ns0:type="simple" ns0:href="../006/329006.xml">wikibook</link></activity></psychological_feature></act></property></undertaking></event></possession></work>articl</p></sec></bdy></vegetable></entity></plant></article>