<article xmlns:ns0="http://www.w3.org/1999/xlink"><class confidence="0.8" wordnetid="107997703"><collection confidence="0.8" wordnetid="107951464"><group confidence="0.8" wordnetid="100031264"><header><title>wide probabilist polynomialtim</title><id /><revision><id /><timestamp>tz</timestamp><contributor><username>everyk</username><id /></contributor></revision><categories><category>wikipedia articl need context</category><category>wikipedia introduct cleanup</category><category>complex class</category><category>quantum scienc</category></categories></header><bdy><table class="metadata plainlinks ambox "><row><col>amboxstyl style</col></row><row><col class="mbox-image"><p><image width="40x40px" src="Ambox_style.png" /></p></col><col style="" class="mbox-text">introduct articl insuffici context unfamiliar subject help<weblink ns0:type="simple" ns0:href="http://localhost:18088/wiki/index.php?title=Almost_Wide_Probabilistic_Polynomial-Time action=edit">improv articl</weblink></col></row></table><p>theoret comput scienc wide probabilist polynomialtim awpp<link ns0:type="simple" ns0:href="../426/502426.xml">complex class</link>problem context<link ns0:type="simple" ns0:href="../220/25220.xml">quantum comput</link></p><p>awpp<class wordnetid="107997703" confidence="0.8"><collection wordnetid="107951464" confidence="0.8"><group wordnetid="100031264" confidence="0.8"><link ns0:type="simple" ns0:href="../080/4080.xml">bqp</link></group></collection></class>bound error quantum polynomi time class<link ns0:type="simple" ns0:href="../336/8336.xml">decis problem</link>solvabl quantum comput<link ns0:type="simple" ns0:href="../576/44576.xml">polynomi time</link>error probabl instanc fact best classic upper bound bqp contain<link>app</link>class</p><sec><st>refer</st><p><list><entry level="1" type="bullet">httppeoplecsuchicagoedufortnowpapersquantumpdf connect complex class</entry><entry level="1" type="bullet">httpeccchpiwebdeecccreportstrindexhtml definit awpp connect app</entry><entry level="1" type="bullet">httparxivorgabsc proof bpq awpp</entry><entry level="1" type="bullet">gapdefin count class fenner fortnow kurtz journal comput system scienc issu definit</entry><entry level="1" type="bullet">oracl builder toolkit fenner fortnow kurtz li ieee structur complex theori confer proceed definit</entry><entry level="1" type="bullet"><weblink ns0:type="simple" ns0:href="http://qwiki.caltech.edu/wiki/Complexity_Zoo">complex zoo</weblink>list complex class includ awpp relat class</entry></list></p></sec></bdy></group></collection></class></article>