<article xmlns:ns0="http://www.w3.org/1999/xlink"><movie confidence="0.9511911446218017" wordnetid="106613686"><header><title>wed funer</title><id /><revision><id /><timestamp>tz</timestamp><contributor><username>garion</username><id /></contributor></revision><categories><category>film direct mike newel</category><category>romant comedi film</category><category>british film</category><category>film set unit kingdom</category><category>film</category><category>british sign languag film</category></categories></header><bdy><template><name>infobox film</name><parameters><image width="150px" src="Four_weddings_and_a_funeral.jpg"><caption>origin film poster</caption></image><music><physical_entity wordnetid="100001930" confidence="0.8"><composer wordnetid="109947232" confidence="0.8"><person wordnetid="100007846" confidence="0.8"><performer wordnetid="110415638" confidence="0.8"><musician wordnetid="110340312" confidence="0.8"><musician wordnetid="110339966" confidence="0.8"><causal_agent wordnetid="100007347" confidence="0.8"><artist wordnetid="109812338" confidence="0.8"><entertainer wordnetid="109616922" confidence="0.8"><creator wordnetid="109614315" confidence="0.8"><link ns0:type="simple" ns0:href="../890/636890.xml">richard rodney bennett</link></creator></entertainer></artist></causal_agent></musician></musician></performer></person></composer></physical_entity></music><budget>estim</budget><gross>worldwid</gross><runtime>min</runtime><director><actor wordnetid="109765278" confidence="0.9508927676800064"><link ns0:type="simple" ns0:href="../422/811422.xml">mike newel</link></actor></director><country><autocracy wordnetid="108361001" confidence="0.8"><system wordnetid="108435388" confidence="0.8"><social_group wordnetid="107950920" confidence="0.8"><political_orientation wordnetid="106212839" confidence="0.8"><monarchy wordnetid="108363812" confidence="0.8"><state wordnetid="108168978" confidence="0.8"><political_unit wordnetid="108359949" confidence="0.8"><political_system wordnetid="108367880" confidence="0.8"><economy wordnetid="108366753" confidence="0.8"><group wordnetid="100031264" confidence="0.8"><democracy wordnetid="106217103" confidence="0.8"><link ns0:type="simple" ns0:href="../717/31717.xml">unit kingdom</link></democracy></group></economy></political_system></political_unit></state></monarchy></political_orientation></social_group></system></autocracy></country><released><b><body wordnetid="107965085" confidence="0.8"><social_group wordnetid="107950920" confidence="0.8"><political_orientation wordnetid="106212839" confidence="0.8"><colony wordnetid="108374049" confidence="0.8"><state wordnetid="108168978" confidence="0.8"><political_unit wordnetid="108359949" confidence="0.8"><group wordnetid="100031264" confidence="0.8"><democracy wordnetid="106217103" confidence="0.8"><link ns0:type="simple" ns0:href="../750/3434750.xml">unit</link></democracy></group></political_unit></state></colony></political_orientation></social_group></body></b><link ns0:type="simple" ns0:href="../054/20054.xml">march</link><link ns0:type="simple" ns0:href="../337/18948337.xml" /><b><country wordnetid="108544813" confidence="0.9508927676800064"><link ns0:type="simple" ns0:href="../264/4689264.xml">australia</link></country></b><link ns0:type="simple" ns0:href="../352/19352.xml" /><link ns0:type="simple" ns0:href="../337/18948337.xml" /><b><autocracy wordnetid="108361001" confidence="0.8"><system wordnetid="108435388" confidence="0.8"><social_group wordnetid="107950920" confidence="0.8"><political_orientation wordnetid="106212839" confidence="0.8"><monarchy wordnetid="108363812" confidence="0.8"><state wordnetid="108168978" confidence="0.8"><political_unit wordnetid="108359949" confidence="0.8"><political_system wordnetid="108367880" confidence="0.8"><economy wordnetid="108366753" confidence="0.8"><group wordnetid="100031264" confidence="0.8"><democracy wordnetid="106217103" confidence="0.8"><link ns0:type="simple" ns0:href="../717/31717.xml">unit kingdom</link></democracy></group></economy></political_system></political_unit></state></monarchy></political_orientation></social_group></system></autocracy></b><link ns0:type="simple" ns0:href="../675/19675.xml" /><link ns0:type="simple" ns0:href="../337/18948337.xml" /><b><autocracy wordnetid="108361001" confidence="0.8"><body wordnetid="107965085" confidence="0.8"><social_group wordnetid="107950920" confidence="0.8"><political_orientation wordnetid="106212839" confidence="0.8"><monarchy wordnetid="108363812" confidence="0.8"><colony wordnetid="108374049" confidence="0.8"><political_system wordnetid="108367880" confidence="0.8"><group wordnetid="100031264" confidence="0.8"><democracy wordnetid="106217103" confidence="0.8"><link ns0:type="simple" ns0:href="../064/4913064.xml">zealand</link></democracy></group></political_system></colony></monarchy></political_orientation></social_group></body></autocracy></b><link ns0:type="simple" ns0:href="../805/15805.xml">june</link><link ns0:type="simple" ns0:href="../337/18948337.xml" /></released><imdb_id /><name>wed funer</name><producer><actor wordnetid="109765278" confidence="0.9508927676800064"><link ns0:type="simple" ns0:href="../324/2286324.xml">duncan kenworthi</link></actor><company wordnetid="108058098" confidence="0.8"><institution wordnetid="108053576" confidence="0.8"><link ns0:type="simple" ns0:href="../609/510609.xml">work titl film</link></institution></company><link>channel film</link></producer><distributor><b>uk theatric</b><link ns0:type="simple" ns0:href="../122/312122.xml">rank film distributor</link><b>usa theatric</b><physical_entity wordnetid="100001930" confidence="0.8"><person wordnetid="100007846" confidence="0.8"><businessperson wordnetid="109882716" confidence="0.8"><capitalist wordnetid="109609232" confidence="0.8"><distributor wordnetid="110018861" confidence="0.8"><causal_agent wordnetid="100007347" confidence="0.8"><supplier wordnetid="110677271" confidence="0.8"><link ns0:type="simple" ns0:href="../914/6636914.xml">gramerci pictur</link></supplier></causal_agent></distributor></capitalist></businessperson></person></physical_entity><b>day</b><company wordnetid="108058098" confidence="0.9508927676800064"><link ns0:type="simple" ns0:href="../819/58819.xml">metrogoldwynmay</link></company></distributor><language><language wordnetid="106282651" confidence="0.8"><link ns0:type="simple" ns0:href="../916/8569916.xml">english</link></language><link ns0:type="simple" ns0:href="../640/47640.xml">british sign languag</link></language><writer><film_director wordnetid="110088200" confidence="0.9173553029164789"><composer wordnetid="109947232" confidence="0.9173553029164789"><manufacturer wordnetid="110292316" confidence="0.9173553029164789"><organizer wordnetid="110383237" confidence="0.9173553029164789"><actor wordnetid="109765278" confidence="0.9173553029164789"><film_maker wordnetid="110088390" confidence="0.9173553029164789"><writer wordnetid="110794014" confidence="0.9173553029164789"><link ns0:type="simple" ns0:href="../506/149506.xml">richard curti</link></writer></film_maker></actor></organizer></manufacturer></composer></film_director></writer><starring><person wordnetid="100007846" confidence="0.9508927676800064"><film_maker wordnetid="110088390" confidence="0.9173553029164789"><actor wordnetid="109765278" confidence="0.9173553029164789"><link ns0:type="simple" ns0:href="../779/170779.xml">hugh grant</link></actor></film_maker></person><actor wordnetid="109765278" confidence="0.9508927676800064"><link ns0:type="simple" ns0:href="../825/43825.xml">andi macdowel</link></actor></starring></parameters></template><p><b><it>wed funer</it></b><fundamental_quantity wordnetid="113575869" confidence="0.8"><time_period wordnetid="115113229" confidence="0.8"><year wordnetid="115203791" confidence="0.8"><link ns0:type="simple" ns0:href="../019/171019.xml" /></year></time_period></fundamental_quantity><autocracy wordnetid="108361001" confidence="0.8"><system wordnetid="108435388" confidence="0.8"><social_group wordnetid="107950920" confidence="0.8"><political_orientation wordnetid="106212839" confidence="0.8"><monarchy wordnetid="108363812" confidence="0.8"><state wordnetid="108168978" confidence="0.8"><political_unit wordnetid="108359949" confidence="0.8"><political_system wordnetid="108367880" confidence="0.8"><economy wordnetid="108366753" confidence="0.8"><group wordnetid="100031264" confidence="0.8"><democracy wordnetid="106217103" confidence="0.8"><link ns0:type="simple" ns0:href="../717/31717.xml">british</link></democracy></group></economy></political_system></political_unit></state></monarchy></political_orientation></social_group></system></autocracy><link ns0:type="simple" ns0:href="../531/25531.xml">romant comedi film</link>direct<actor wordnetid="109765278" confidence="0.9508927676800064"><link ns0:type="simple" ns0:href="../422/811422.xml">mike newel</link></actor>film screenwrit<film_director wordnetid="110088200" confidence="0.9173553029164789"><composer wordnetid="109947232" confidence="0.9173553029164789"><manufacturer wordnetid="110292316" confidence="0.9173553029164789"><organizer wordnetid="110383237" confidence="0.9173553029164789"><actor wordnetid="109765278" confidence="0.9173553029164789"><film_maker wordnetid="110088390" confidence="0.9173553029164789"><writer wordnetid="110794014" confidence="0.9173553029164789"><link ns0:type="simple" ns0:href="../506/149506.xml">richard curti</link></writer></film_maker></actor></organizer></manufacturer></composer></film_director>featur<person wordnetid="100007846" confidence="0.9508927676800064"><film_maker wordnetid="110088390" confidence="0.9173553029164789"><actor wordnetid="109765278" confidence="0.9173553029164789"><link ns0:type="simple" ns0:href="../779/170779.xml">hugh grant</link></actor></film_maker></person>film unexpect success highestgross british film cinema histori second worldwid box offic excess<ref ns0:type="simple" ns0:href="#xpointer(//reflist/entry[@id=%221%22])" /></p><sec><st>synopsi</st><p>film adventur group friend eye charl debonair<it>faux pa</it>prone englishman play grant smitten carri attract american play macdowel charl repeatedli meet wed funer</p><p>wed angu laura timothi walker<actor wordnetid="109765278" confidence="0.9508927676800064"><link ns0:type="simple" ns0:href="../366/14486366.xml">sara crow</link></actor>charl collect singl friend concern will marri wed charl meet carri time spend night onenight stand carri teas slept will marri clear see liaison</p><p>second wed bernard lydia<actor wordnetid="109765278" confidence="0.9508927676800064"><link ns0:type="simple" ns0:href="../706/1126706.xml">david haig</link></actor><actor wordnetid="109765278" confidence="0.9508927676800064"><link ns0:type="simple" ns0:href="../330/2184330.xml">sophi thompson</link></actor>coupl previou wed sequenc featur<comedian wordnetid="109940146" confidence="0.9508927676800064"><person wordnetid="100007846" confidence="0.9508927676800064"><link ns0:type="simple" ns0:href="../294/19614294.xml">rowan atkinson</link></person></comedian><link ns0:type="simple" ns0:href="../882/275882.xml">cameo</link>inexperienc priest recept enjoy charl find seat tabl exgirlfriend well bump henrietta friend duckfac difficult relationship final find forc hide wardrob room bernard lydia sex terribl even complet hear carri engag hamish wealthi scottish politician charl carri spend night</p><p>interim period charl meet carri search afford wed end help choos wed dress carri astonish list sexual partner confess love wed unsuccess relationship offer polit declin</p><p>third wed carri scottish castl charl attend depress recept charless friend fiona<actress wordnetid="109767700" confidence="0.9173553029164789"><actor wordnetid="109765278" confidence="0.9508927676800064"><link ns0:type="simple" ns0:href="../014/522014.xml">kristin scott thoma</link></actor></actress>confess love charl requit love wed charless friend gareth<actor wordnetid="109765278" confidence="0.9173553029164789"><link ns0:type="simple" ns0:href="../796/170796.xml">simon callow</link></actor>die suddenli<link ns0:type="simple" ns0:href="../969/60969.xml">heart attack</link>gareth partner matthew call reach die</p><p>funer gareth funer matthew<actor wordnetid="109765278" confidence="0.9508927676800064"><link ns0:type="simple" ns0:href="../338/240338.xml">john hannah</link></actor>screen role recit poem<it><literary_composition wordnetid="106364329" confidence="0.8"><written_communication wordnetid="106349220" confidence="0.8"><writing wordnetid="106362953" confidence="0.8"><poem wordnetid="106377442" confidence="0.8"><link ns0:type="simple" ns0:href="../049/4664049.xml">funer blue</link></poem></writing></written_communication></literary_composition></it>clock<person wordnetid="100007846" confidence="0.9508927676800064"><link ns0:type="simple" ns0:href="../276/33276.xml">auden</link></person>commemor relationship gareth<ref ns0:type="simple" ns0:href="#xpointer(//reflist/entry[@id=%222%22])" /><ref ns0:type="simple" ns0:href="#xpointer(//reflist/entry[@id=%223%22])" />charl tom<actor wordnetid="109765278" confidence="0.9508927676800064"><link ns0:type="simple" ns0:href="../494/2267494.xml">jame fleet</link></actor>discuss natur true love</p><p>fourth wed charl decid marri henrietta desper wed meet carri separ husband altar<link ns0:type="simple" ns0:href="../711/177711.xml">vicar</link>ask reason coupl marri charless deaf brother david<actor wordnetid="109765278" confidence="0.9508927676800064"><link ns0:type="simple" ns0:href="../221/4222221.xml">david bower</link></actor><link ns0:type="simple" ns0:href="../699/27699.xml">sign languag</link>charl doesnt love henrietta henrietta punch charl wed abruptli halt</p><p>carri visit charl recov debacl apolog attend charl confess final realiz person spend life woman marri doesnt marri carri partner coupl vow will marri</p><p>credit includ montag photograph document futur charact film individu wed day fiona satir<sovereign wordnetid="110628644" confidence="0.9508927676800064"><person wordnetid="100007846" confidence="0.9508927676800064"><link ns0:type="simple" ns0:href="../248/125248.xml">princ charl</link></person></sovereign>happilyunmarri carri charl pictur babi boy</p></sec><sec><st>soundtrack</st><p>origin score compos british classic compos<physical_entity wordnetid="100001930" confidence="0.8"><composer wordnetid="109947232" confidence="0.8"><person wordnetid="100007846" confidence="0.8"><performer wordnetid="110415638" confidence="0.8"><musician wordnetid="110340312" confidence="0.8"><musician wordnetid="110339966" confidence="0.8"><causal_agent wordnetid="100007347" confidence="0.8"><artist wordnetid="109812338" confidence="0.8"><entertainer wordnetid="109616922" confidence="0.8"><creator wordnetid="109614315" confidence="0.8"><link ns0:type="simple" ns0:href="../890/636890.xml">richard rodney bennett</link></creator></entertainer></artist></causal_agent></musician></musician></performer></person></composer></physical_entity>movi featur crowdpleas<link ns0:type="simple" ns0:href="../621/46621.xml">soundtrack</link>popular song includ<link ns0:type="simple" ns0:href="../031/159031.xml">cover version</link><medium wordnetid="106254669" confidence="0.9508927676800064"><link ns0:type="simple" ns0:href="../601/3844601.xml">love</link></medium>perform<musical_organization wordnetid="108246613" confidence="0.8"><group wordnetid="100031264" confidence="0.8"><link ns0:type="simple" ns0:href="../044/194044.xml">wet wet wet</link></group></musical_organization>remain number british chart fifteen week ninth twelfth biggest sell singl time britain song adapt christma sung charact billi mack richard curti film<it><movie wordnetid="106613686" confidence="0.9508927676800064"><link ns0:type="simple" ns0:href="../064/370064.xml">love</link></movie></it></p></sec><sec><st>locat</st><p>despit appear set uk film entir shot london<link ns0:type="simple" ns0:href="../172/219172.xml">counti</link>includ<site wordnetid="108651247" confidence="0.9508927676800064"><link ns0:type="simple" ns0:href="../942/3116942.xml">betchworth</link></site><link ns0:type="simple" ns0:href="../189/48189.xml">surrey</link><site wordnetid="108651247" confidence="0.9508927676800064"><link ns0:type="simple" ns0:href="../587/147587.xml">amersham</link></site><county wordnetid="108546183" confidence="0.9508927676800064"><link ns0:type="simple" ns0:href="../688/55688.xml">buckinghamshir</link></county><site wordnetid="108651247" confidence="0.9508927676800064"><link ns0:type="simple" ns0:href="../098/1423098.xml">west thurrock</link></site><county wordnetid="108546183" confidence="0.9508927676800064"><link ns0:type="simple" ns0:href="../568/9568.xml">essex</link></county>scene set scotland film state home surrey<administrative_unit wordnetid="108077292" confidence="0.8"><council wordnetid="108310949" confidence="0.8"><link ns0:type="simple" ns0:href="../861/13861.xml">hampshir</link></council></administrative_unit><ref ns0:type="simple" ns0:href="#xpointer(//reflist/entry[@id=%224%22])" /></p></sec><sec><st>princip cast</st><p><list><entry level="1" type="bullet"><person wordnetid="100007846" confidence="0.9508927676800064"><film_maker wordnetid="110088390" confidence="0.9173553029164789"><actor wordnetid="109765278" confidence="0.9173553029164789"><link ns0:type="simple" ns0:href="../779/170779.xml">hugh grant</link></actor></film_maker></person>charl</entry><entry level="1" type="bullet"><actor wordnetid="109765278" confidence="0.9508927676800064"><link ns0:type="simple" ns0:href="../825/43825.xml">andi macdowel</link></actor>carri</entry><entry level="1" type="bullet"><actor wordnetid="109765278" confidence="0.9508927676800064"><link ns0:type="simple" ns0:href="../494/2267494.xml">jame fleet</link></actor>tom</entry><entry level="1" type="bullet"><actor wordnetid="109765278" confidence="0.9173553029164789"><link ns0:type="simple" ns0:href="../796/170796.xml">simon callow</link></actor>gareth</entry><entry level="1" type="bullet"><actor wordnetid="109765278" confidence="0.9508927676800064"><link ns0:type="simple" ns0:href="../338/240338.xml">john hannah</link></actor>matthew</entry><entry level="1" type="bullet"><actress wordnetid="109767700" confidence="0.9173553029164789"><actor wordnetid="109765278" confidence="0.9508927676800064"><link ns0:type="simple" ns0:href="../014/522014.xml">kristin scott thoma</link></actor></actress>fiona</entry><entry level="1" type="bullet"><actor wordnetid="109765278" confidence="0.9508927676800064"><link ns0:type="simple" ns0:href="../221/4222221.xml">david bower</link></actor>david</entry><entry level="1" type="bullet"><actor wordnetid="109765278" confidence="0.9173553029164789"><link ns0:type="simple" ns0:href="../602/1368602.xml">charlott coleman</link></actor>scarlett</entry><entry level="1" type="bullet"><comedian wordnetid="109940146" confidence="0.9508927676800064"><person wordnetid="100007846" confidence="0.9508927676800064"><link ns0:type="simple" ns0:href="../294/19614294.xml">rowan atkinson</link></person></comedian>father gerald</entry><entry level="1" type="bullet"><actress wordnetid="109767700" confidence="0.9173553029164789"><actor wordnetid="109765278" confidence="0.9508927676800064"><link ns0:type="simple" ns0:href="../822/2320822.xml">anna chancellor</link></actor></actress>henrietta duckfac</entry><entry level="1" type="bullet"><actor wordnetid="109765278" confidence="0.9508927676800064"><link ns0:type="simple" ns0:href="../706/1126706.xml">david haig</link></actor>bernard</entry><entry level="1" type="bullet"><actor wordnetid="109765278" confidence="0.9508927676800064"><link ns0:type="simple" ns0:href="../330/2184330.xml">sophi thompson</link></actor>lydia</entry></list></p></sec><sec><st>award recognit</st><ss1><st>award win</st><p><list><entry level="1" type="bullet"><b><link ns0:type="simple" ns0:href="../260/4163260.xml">bafta award</link></b></entry><entry level="2" type="bullet"><symbol wordnetid="106806469" confidence="0.8"><award wordnetid="106696483" confidence="0.8"><signal wordnetid="106791372" confidence="0.8"><link ns0:type="simple" ns0:href="../507/1039507.xml">bafta award best film</link></signal></award></symbol></entry><entry level="2" type="bullet"><link ns0:type="simple" ns0:href="../943/147943.xml">bafta david lean award direct</link>mike newel</entry><entry level="2" type="bullet"><link ns0:type="simple" ns0:href="../674/1235674.xml">bafta award best actor</link>hugh grant</entry><entry level="2" type="bullet"><link ns0:type="simple" ns0:href="../943/147943.xml">bafta award best actress support role</link>kristin scott thoma</entry><entry level="1" type="bullet"><body wordnetid="107965085" confidence="0.8"><social_group wordnetid="107950920" confidence="0.8"><group wordnetid="100031264" confidence="0.8"><administration wordnetid="108164585" confidence="0.8"><link ns0:type="simple" ns0:href="../462/380462.xml">australian film institut</link></administration></group></social_group></body></entry><entry level="2" type="bullet">best foreign film</entry><entry level="1" type="bullet"><award wordnetid="106696483" confidence="0.9508927676800064"><link ns0:type="simple" ns0:href="../413/625413.xml">british comedi award</link></award></entry><entry level="2" type="bullet">best comedi film</entry><entry level="1" type="bullet"><link>csar award</link></entry><entry level="2" type="bullet"><link>csar award best foreign film</link></entry><entry level="1" type="bullet"><link ns0:type="simple" ns0:href="../611/4747611.xml">chicago film critic</link></entry><entry level="2" type="bullet">promis actor hugh grant</entry><entry level="1" type="bullet"><b><link ns0:type="simple" ns0:href="../777/3629777.xml">golden globe award</link></b></entry><entry level="2" type="bullet"><symbol wordnetid="106806469" confidence="0.8"><award wordnetid="106696483" confidence="0.8"><signal wordnetid="106791372" confidence="0.8"><link ns0:type="simple" ns0:href="../071/186071.xml">golden globe award best actor motion pictur music comedi</link></signal></award></symbol>hugh grant</entry><entry level="1" type="bullet"><link>writer guild america wga</link></entry><entry level="2" type="bullet">best screenplay origin richard curti</entry><entry level="1" type="bullet"><union wordnetid="108233056" confidence="0.9508927676800064"><link ns0:type="simple" ns0:href="../024/624024.xml">writer guild great britain</link></union></entry><entry level="2" type="bullet">film screenplay richard curti</entry></list></p></ss1><ss1><st>award nomin</st><p><list><entry level="1" type="bullet"><symbol wordnetid="106806469" confidence="0.8"><award wordnetid="106696483" confidence="0.8"><signal wordnetid="106791372" confidence="0.8"><link ns0:type="simple" ns0:href="../702/61702.xml">academi award best pictur</link></signal></award></symbol></entry><entry level="1" type="bullet"><symbol wordnetid="106806469" confidence="0.8"><award wordnetid="106696483" confidence="0.8"><signal wordnetid="106791372" confidence="0.8"><link ns0:type="simple" ns0:href="../848/61848.xml">academi award best screenplay origin</link></signal></award></symbol>richard curti</entry><entry level="1" type="bullet"><symbol wordnetid="106806469" confidence="0.8"><award wordnetid="106696483" confidence="0.8"><signal wordnetid="106791372" confidence="0.8"><link ns0:type="simple" ns0:href="../459/10949459.xml">bafta award best film music</link></signal></award></symbol>richard rodney bennett</entry><entry level="1" type="bullet"><link ns0:type="simple" ns0:href="../943/147943.xml">bafta award best screenplay origin</link>richard curti</entry><entry level="1" type="bullet"><link ns0:type="simple" ns0:href="../943/147943.xml">bafta award best support actor</link>simon callow</entry><entry level="1" type="bullet"><link ns0:type="simple" ns0:href="../943/147943.xml">bafta award best support actor</link>john hannah</entry><entry level="1" type="bullet"><link ns0:type="simple" ns0:href="../943/147943.xml">bafta award best support actress</link>charlott coleman</entry><entry level="1" type="bullet"><union wordnetid="108233056" confidence="0.9508927676800064"><link ns0:type="simple" ns0:href="../736/362736.xml">director guild america award outstand directori achiev motion pictur</link></union>mike newel</entry><entry level="1" type="bullet"><symbol wordnetid="106806469" confidence="0.8"><award wordnetid="106696483" confidence="0.8"><signal wordnetid="106791372" confidence="0.8"><link ns0:type="simple" ns0:href="../063/186063.xml">golden globe award best motion pictur music comedi</link></signal></award></symbol></entry><entry level="1" type="bullet"><symbol wordnetid="106806469" confidence="0.8"><award wordnetid="106696483" confidence="0.8"><signal wordnetid="106791372" confidence="0.8"><link ns0:type="simple" ns0:href="../067/186067.xml">golden globe award best actress motion pictur music comedi</link></signal></award></symbol>andi macdowel</entry><entry level="1" type="bullet"><link>golden globe award best screenplay</link>richard curti</entry></list></p></ss1><ss1><st>recognit</st><p>film vote greatest comedi film time reader<it><work wordnetid="104599396" confidence="0.8"><product wordnetid="104007894" confidence="0.8"><magazine wordnetid="106595351" confidence="0.8"><print_media wordnetid="106263609" confidence="0.8"><creation wordnetid="103129123" confidence="0.8"><press wordnetid="106263369" confidence="0.8"><artifact wordnetid="100021939" confidence="0.8"><instrumentality wordnetid="103575240" confidence="0.8"><medium wordnetid="106254669" confidence="0.8"><publication wordnetid="106589574" confidence="0.8"><link ns0:type="simple" ns0:href="../385/982385.xml">total film</link></publication></medium></instrumentality></artifact></press></creation></print_media></magazine></product></work></it>magazin name greatest british film time number<link ns0:type="simple" ns0:href="../810/351810.xml">bravo</link>funniest movi</p></ss1></sec><sec><st /><p><list><entry level="1" type="bullet"><it><movie wordnetid="106613686" confidence="0.9508927676800064"><link ns0:type="simple" ns0:href="../019/204019.xml">not hill</link></movie></it>written curti star grant</entry></list></p></sec><sec><st>refer</st><p><reflist><entry id="1"><weblink ns0:type="simple" ns0:href="http://www.imdb.com/title/tt0109831/business">busi data wed funer</weblink><it>internet movi databas</it>access februari</entry><entry id="2"><weblink ns0:type="simple" ns0:href="http://www.bbc.co.uk/leicester/content/articles/2005/06/28/simon_callow_actor_and_writer_feature.shtml">httpwwwbbccoukleicestercontentarticlessimon_callow_actor_and_writer_featureshtml</weblink><it>bbc websit wed actor</it>access simon callow explicit refer fact charact gay</entry><entry id="3"><weblink ns0:type="simple" ns0:href="http://www.johnhannah.net/interview00.php">httpwwwjohnhannahnetinterviewphp</weblink><it>john hannah unoffici websit</it>access interview inspector call gareth mclean scotsman april<it>hope convinc peopl industri fortun matthew miniseri faith success madagascar skin lowbudget film love stuck arthous label peopl question reason play gay charact thought ridicul</it>referenc fact charact matthew gay</entry><entry id="4"><weblink ns0:type="simple" ns0:href="http://www.movie-locations.com/movies/f/4wandf.html">film locat wed funer</weblink></entry></reflist></p></sec><sec><st>extern link</st><p><list><entry level="1" type="bullet"><weblink ns0:type="simple" ns0:href="http://www.imdb.com/title/tt0109831/"><it>wed funer</it></weblink><web_site wordnetid="106359193" confidence="0.9508927676800064"><link ns0:type="simple" ns0:href="../554/2855554.xml">internet movi databas</link></web_site></entry><entry level="1" type="bullet"><weblink ns0:type="simple" ns0:href="http://www.allmovie.com/cg/avg.dll?p=avg sql=1:131162"><it>wed funer</it></weblink><web_site wordnetid="106359193" confidence="0.9508927676800064"><link ns0:type="simple" ns0:href="../027/1135027.xml">allmovi</link></web_site></entry><entry level="1" type="bullet"><weblink ns0:type="simple" ns0:href="http://tcmdb.com/title/title.jsp?stid=75539"><it>wed funer</it></weblink><channel wordnetid="106259898" confidence="0.9508927676800064"><link ns0:type="simple" ns0:href="../736/925736.xml">tcm movi databas</link></channel></entry></list></p><p><table style="margin:0.5em auto; font-size:95%;clear:both;" class="wikitable"><row style="text-align: center;" /><row style="text-align:center;"><col align="center" width="30%" rowspan="1">preced<b><it><movie wordnetid="106613686" confidence="0.9508927676800064"><link ns0:type="simple" ns0:href="../834/65834.xml">schindler list</link></movie></it></b></col><col style="text-align: center;" width="40%" rowspan="1"><b><symbol wordnetid="106806469" confidence="0.8"><award wordnetid="106696483" confidence="0.8"><signal wordnetid="106791372" confidence="0.8"><link ns0:type="simple" ns0:href="../507/1039507.xml">bafta award best film</link></signal></award></symbol></b></col><col align="center" width="30%" rowspan="1">succeed<b><it><link ns0:type="simple" ns0:href="../426/142426.xml">sens sensibl</link></it></b><b>tie<it><movie wordnetid="106613686" confidence="0.9508927676800064"><link ns0:type="simple" ns0:href="../857/167857.xml">usual suspect</link></movie></it></b></col></row></table></p></sec></bdy></movie></article>