<article xmlns:ns0="http://www.w3.org/1999/xlink"><mathematician confidence="0.9511911446218017" wordnetid="110301261"><header><title>brigitt vall</title><id /><revision><id /><timestamp>tz</timestamp><contributor><username>siebot</username><id /></contributor></revision><categories><category>articl expand march</category><category>french mathematician</category><category>live peopl</category><category>articl invalid paramet templat</category><category>year birth miss live peopl</category><category>articl expand</category></categories></header><bdy><table class="metadata plainlinks ambox "><row><col>amboxnotic style</col></row><row><col class="mbox-image"><p><image width="44px" src="Wiki_letter_w.svg" /></p></col><col style="" class="mbox-text">help<weblink ns0:type="simple" ns0:href="http://localhost:18088/wiki/index.php?title=Brigitte_Vall%C3%A9e action=edit">improv articl</weblink>expand inform march</col></row></table>brigitt vall<country wordnetid="108544813" confidence="0.9508927676800064"><link ns0:type="simple" ns0:href="../419/5843419.xml">french</link></country><link ns0:type="simple" ns0:href="../902/18902.xml">mathematician</link><link ns0:type="simple" ns0:href="../784/328784.xml">comput scientist</link>directric de recherch french<link ns0:type="simple" ns0:href="../610/144610.xml">cnr</link><link>universit de caen</link><weblink ns0:type="simple" ns0:href="http://www.unicaen.fr/ufr/sciences/visualise.php?id=306">httpwwwunicaenfrufrsciencesvisualisephpid</weblink>special comput<link ns0:type="simple" ns0:href="../527/21527.xml">number theori</link><weblink ns0:type="simple" ns0:href="http://www.numbertheory.org/ntw/number_theorists.html">httpwwwnumbertheoryorgntwnumber_theoristshtml</weblink><link ns0:type="simple" ns0:href="../ury/23rd_century.xml">analysi algorithm</link>algorithm studi celebr<link>lll</link>algorithm basi reduct<group wordnetid="100031264" confidence="0.8"><link ns0:type="simple" ns0:href="../246/469246.xml">euclidean lattic</link></group><event wordnetid="100029378" confidence="0.8"><rule wordnetid="105846932" confidence="0.8"><act wordnetid="100030358" confidence="0.8"><psychological_feature wordnetid="100023100" confidence="0.8"><procedure wordnetid="101023820" confidence="0.8"><activity wordnetid="100407535" confidence="0.8"><algorithm wordnetid="105847438" confidence="0.8"><link ns0:type="simple" ns0:href="../377/10377.xml">euclidean algorithm</link></algorithm></activity></procedure></psychological_feature></act></rule></event>determin<link ns0:type="simple" ns0:href="../354/12354.xml">gcd</link>main tool achiev call dynam analysi loos speak mix analysi algorithm dynam system brigitt vall greatli contribut develop method<p>earli brigitt vall work small modular squar allow hold fastest<link ns0:type="simple" ns0:href="../341/82341.xml">factoris</link>algorithm prove probabilist complex bound nowaday factoris algorithm faster</p><ss1><st>refer</st><p><list><entry level="1" type="bullet">brigitt vall gener element small modular squar provabl fast integ factor algorithm mathemat comput apr</entry></list></p></ss1><ss1><st>extern link</st><p><list><entry level="1" type="bullet"><weblink ns0:type="simple" ns0:href="http://users.info.unicaen.fr/~brigitte/">websit</weblink></entry><entry level="1" type="bullet"><weblink ns0:type="simple" ns0:href="http://users.info.unicaen.fr/~brigitte/Publications/">list public</weblink></entry></list></p></ss1></bdy></mathematician></article>