<article xmlns:ns0="http://www.w3.org/1999/xlink"><actor confidence="0.9508927676800064" wordnetid="109765278"><header><title>bill henderson actor</title><id /><revision><id /><timestamp>tz</timestamp><contributor><username>dumzibot</username><id /></contributor></revision><categories><category>american film actor</category><category>american televis actor</category><category>live peopl</category><category>birth</category></categories></header><bdy><template><name>infobox actor</name><parameters><image width="150px" src="" /><birthplace><link ns0:type="simple" ns0:href="../886/6886.xml">chicago illinoi</link></birthplace><name>bill henderson</name><birthdate><time_off wordnetid="115118453" confidence="0.8"><fundamental_quantity wordnetid="113575869" confidence="0.8"><time_period wordnetid="115113229" confidence="0.8"><vacation wordnetid="115137890" confidence="0.8"><leisure wordnetid="115137676" confidence="0.8"><link ns0:type="simple" ns0:href="../316/20316.xml">march</link></leisure></vacation></time_period></fundamental_quantity></time_off><link ns0:type="simple" ns0:href="../609/34609.xml" /></birthdate></parameters></template>william randal bill henderson born<time_off wordnetid="115118453" confidence="0.8"><fundamental_quantity wordnetid="113575869" confidence="0.8"><time_period wordnetid="115113229" confidence="0.8"><vacation wordnetid="115137890" confidence="0.8"><leisure wordnetid="115137676" confidence="0.8"><link ns0:type="simple" ns0:href="../316/20316.xml">march</link></leisure></vacation></time_period></fundamental_quantity></time_off><link ns0:type="simple" ns0:href="../609/34609.xml" /><body wordnetid="107965085" confidence="0.8"><social_group wordnetid="107950920" confidence="0.8"><political_orientation wordnetid="106212839" confidence="0.8"><colony wordnetid="108374049" confidence="0.8"><state wordnetid="108168978" confidence="0.8"><political_unit wordnetid="108359949" confidence="0.8"><group wordnetid="100031264" confidence="0.8"><democracy wordnetid="106217103" confidence="0.8"><link ns0:type="simple" ns0:href="../750/3434750.xml">american</link></democracy></group></political_unit></state></colony></political_orientation></social_group></body><link ns0:type="simple" ns0:href="../613/15613.xml">jazz</link><link ns0:type="simple" ns0:href="../707/162707.xml">vocalist</link><link ns0:type="simple" ns0:href="../753/753.xml">actor</link><link ns0:type="simple" ns0:href="../831/29831.xml">televis</link><link ns0:type="simple" ns0:href="../571/10571.xml">film</link><p>henderson born<link ns0:type="simple" ns0:href="../886/6886.xml">chicago illinoi</link>henderson act credit numer mid continu day frequent appear televis support onetim role film role trend minor support role</p><p>henderson began profession music career perform chicago<composer wordnetid="109947232" confidence="0.9173553029164789"><artist wordnetid="109812338" confidence="0.9508927676800064"><pianist wordnetid="110430665" confidence="0.9173553029164789"><link ns0:type="simple" ns0:href="../211/437211.xml">ramsey lewi</link></pianist></artist></composer>began record leader move york<ref ns0:type="simple" ns0:href="#xpointer(//reflist/entry[@id=%221%22])" />record perform artist<composer wordnetid="109947232" confidence="0.9173553029164789"><person wordnetid="100007846" confidence="0.9508927676800064"><artist wordnetid="109812338" confidence="0.9508927676800064"><pianist wordnetid="110430665" confidence="0.9173553029164789"><link ns0:type="simple" ns0:href="../519/22519.xml">oscar peterson</link></pianist></artist></person></composer><musician wordnetid="110340312" confidence="0.9173553029164789"><artist wordnetid="109812338" confidence="0.9508927676800064"><link ns0:type="simple" ns0:href="../684/400684.xml">jimmi smith</link></artist></musician><composer wordnetid="109947232" confidence="0.9173553029164789"><musician wordnetid="110340312" confidence="0.9173553029164789"><artist wordnetid="109812338" confidence="0.9508927676800064"><bandleader wordnetid="109837201" confidence="0.9173553029164789"><link ns0:type="simple" ns0:href="../090/68090.xml">count basi</link></bandleader></artist></musician></composer><saxophonist wordnetid="110554243" confidence="0.9173553029164789"><person wordnetid="100007846" confidence="0.9508927676800064"><flutist wordnetid="110098245" confidence="0.9173553029164789"><artist wordnetid="109812338" confidence="0.9508927676800064"><link ns0:type="simple" ns0:href="../195/220195.xml">yusef lateef</link></artist></flutist></person></saxophonist><artist wordnetid="109812338" confidence="0.9508927676800064"><link ns0:type="simple" ns0:href="../976/1108976.xml">booker</link></artist><artist wordnetid="109812338" confidence="0.9508927676800064"><link ns0:type="simple" ns0:href="../190/900190.xml">eddi harri</link></artist>henderson record vocal track king blue comedi<movie wordnetid="106613686" confidence="0.9508927676800064"><link ns0:type="simple" ns0:href="../811/9989811.xml">crazi</link></movie>prime form age henderson continu perform regularli lo angel area</p><sec><st>filmographi</st><p><list><entry level="1" type="bullet"><product wordnetid="104007894" confidence="0.8"><creation wordnetid="103129123" confidence="0.8"><artifact wordnetid="100021939" confidence="0.8"><event wordnetid="100029378" confidence="0.8"><social_event wordnetid="107288639" confidence="0.8"><movie wordnetid="106613686" confidence="0.8"><show wordnetid="106619065" confidence="0.8"><psychological_feature wordnetid="100023100" confidence="0.8"><link ns0:type="simple" ns0:href="../862/1683862.xml">troubl man</link></psychological_feature></show></movie></social_event></event></artifact></creation></product>jimmi pool room owner</entry><entry level="1" type="bullet"><movie wordnetid="106613686" confidence="0.9508927676800064"><link ns0:type="simple" ns0:href="../692/633692.xml">silver streak</link></movie>red cap</entry><entry level="1" type="bullet"><movie wordnetid="106613686" confidence="0.9508927676800064"><link ns0:type="simple" ns0:href="../294/1969294.xml">mother jug speed</link></movie>charl taylor</entry><entry level="1" type="bullet"><movie wordnetid="106613686" confidence="0.9508927676800064"><link ns0:type="simple" ns0:href="../740/1374740.xml">continent divid</link></movie>train conductor</entry><entry level="1" type="bullet"><movie wordnetid="106613686" confidence="0.9508927676800064"><link ns0:type="simple" ns0:href="../811/9989811.xml">crazi</link></movie>king blue</entry><entry level="1" type="bullet"><movie wordnetid="106613686" confidence="0.9508927676800064"><link ns0:type="simple" ns0:href="../274/142274.xml">adventur buckaroo banzai dimens</link></movie>casper lindley</entry><entry level="1" type="bullet"><movie wordnetid="106613686" confidence="0.9508927676800064"><link ns0:type="simple" ns0:href="../371/67371.xml">clue</link></movie>cop</entry><entry level="1" type="bullet"><album wordnetid="106591815" confidence="0.9508927676800064"><movie wordnetid="106613686" confidence="0.9508927676800064"><link ns0:type="simple" ns0:href="../540/2484540.xml">fletch</link></movie></album>speaker</entry><entry level="1" type="bullet"><movie wordnetid="106613686" confidence="0.9508927676800064"><link ns0:type="simple" ns0:href="../601/5977601.xml">wisdom</link></movie>theo</entry><entry level="1" type="bullet"><movie wordnetid="106613686" confidence="0.9508927676800064"><link ns0:type="simple" ns0:href="../056/7865056.xml">murphi law</link></movie>ben wilcov</entry><entry level="1" type="bullet"><link ns0:type="simple" ns0:href="../362/5589362.xml">colleg</link>detroit high school coach</entry><entry level="1" type="bullet"><movie wordnetid="106613686" confidence="0.9508927676800064"><link ns0:type="simple" ns0:href="../500/1623500.xml">hold bar</link></movie>charli</entry><entry level="1" type="bullet"><movie wordnetid="106613686" confidence="0.9508927676800064"><link ns0:type="simple" ns0:href="../204/576204.xml">cousin</link></movie>valhalla band</entry><entry level="1" type="bullet"><link ns0:type="simple" ns0:href="../455/352455.xml">citi slicker</link>dr ben jessup</entry><entry level="1" type="bullet"><movie wordnetid="106613686" confidence="0.9508927676800064"><link ns0:type="simple" ns0:href="../752/1665752.xml">white men cant jump</link></movie>member venic beach boy</entry><entry level="1" type="bullet"><movie wordnetid="106613686" confidence="0.9508927676800064"><link ns0:type="simple" ns0:href="../517/380517.xml">maverick</link></movie>riverboat poker player</entry><entry level="1" type="bullet"><movie wordnetid="106613686" confidence="0.9508927676800064"><link ns0:type="simple" ns0:href="../574/1367574.xml">ghost mississippi</link></movie>minist</entry><entry level="1" type="bullet"><movie wordnetid="106613686" confidence="0.9508927676800064"><link ns0:type="simple" ns0:href="../229/1847229.xml">hoodlum</link></movie>redmond</entry><entry level="1" type="bullet"><movie wordnetid="106613686" confidence="0.9508927676800064"><link ns0:type="simple" ns0:href="../161/144161.xml">conspiraci theori</link></movie>hospit secur</entry><entry level="1" type="bullet"><movie wordnetid="106613686" confidence="0.9508927676800064"><link ns0:type="simple" ns0:href="../283/695283.xml">lethal weapon</link></movie>angri patient</entry><entry level="1" type="bullet"><movie wordnetid="106613686" confidence="0.9508927676800064"><link ns0:type="simple" ns0:href="../418/6189418.xml">trippin</link></movie>gramp reed</entry><entry level="1" type="bullet"><movie wordnetid="106613686" confidence="0.9508927676800064"><link ns0:type="simple" ns0:href="../042/4913042.xml">alibi</link></movie>counterman</entry></list></p></sec><sec><st>televis appear</st><p><list><entry level="1" type="bullet"><series wordnetid="108457976" confidence="0.9508927676800064"><link ns0:type="simple" ns0:href="../103/171103.xml">happi day</link></series></entry><entry level="1" type="bullet"><link ns0:type="simple" ns0:href="../208/208208.xml">sanford son</link></entry><entry level="1" type="bullet"><series wordnetid="108457976" confidence="0.9508927676800064"><link ns0:type="simple" ns0:href="../579/477579.xml">jefferson</link></series></entry><entry level="1" type="bullet"><series wordnetid="108457976" confidence="0.9508927676800064"><link ns0:type="simple" ns0:href="../543/357543.xml">happen</link></series></entry><entry level="1" type="bullet"><link ns0:type="simple" ns0:href="../052/383052.xml">good time</link></entry><entry level="1" type="bullet"><link ns0:type="simple" ns0:href="../407/1140407.xml">incred hulk</link></entry><entry level="1" type="bullet"><series wordnetid="108457976" confidence="0.9508927676800064"><link ns0:type="simple" ns0:href="../510/357510.xml">fact life</link></series></entry><entry level="1" type="bullet"><series wordnetid="108457976" confidence="0.9508927676800064"><link ns0:type="simple" ns0:href="../208/203208.xml">hill street blue</link></series></entry><entry level="1" type="bullet"><series wordnetid="108457976" confidence="0.9508927676800064"><link ns0:type="simple" ns0:href="../250/215250.xml">macgyv</link></series></entry><entry level="1" type="bullet"><series wordnetid="108457976" confidence="0.9508927676800064"><link ns0:type="simple" ns0:href="../845/360845.xml">benson</link></series></entry><entry level="1" type="bullet"><series wordnetid="108457976" confidence="0.9508927676800064"><link ns0:type="simple" ns0:href="../510/98510.xml">heat night</link></series></entry><entry level="1" type="bullet"><series wordnetid="108457976" confidence="0.9508927676800064"><link ns0:type="simple" ns0:href="../252/163252.xml">nypd blue</link></series></entry><entry level="1" type="bullet"><series wordnetid="108457976" confidence="0.9508927676800064"><link ns0:type="simple" ns0:href="../973/466973.xml">mad</link></series></entry><entry level="1" type="bullet"><series wordnetid="108457976" confidence="0.9508927676800064"><link ns0:type="simple" ns0:href="../153/177153.xml">er</link></series></entry><entry level="1" type="bullet"><series wordnetid="108457976" confidence="0.9508927676800064"><link ns0:type="simple" ns0:href="../865/692865.xml">malcolm eddi</link></series></entry><entry level="1" type="bullet"><series wordnetid="108457976" confidence="0.9508927676800064"><link ns0:type="simple" ns0:href="../081/324081.xml">heaven</link></series></entry><entry level="1" type="bullet"><series wordnetid="108457976" confidence="0.9508927676800064"><link ns0:type="simple" ns0:href="../468/633468.xml">cold case</link></series></entry><entry level="1" type="bullet"><series wordnetid="108457976" confidence="0.9508927676800064"><link ns0:type="simple" ns0:href="../143/2381143.xml">earl</link></series></entry></list></p></sec><sec><st>refer</st><p><reflist><entry id="1"><weblink ns0:type="simple" ns0:href="http://wm06.allmusic.com/cg/amg.dll?p=amg sql=11:hifqxqt5ldde">allmus bill henderson gt overview</weblink></entry></reflist></p></sec><sec><st>extern link</st><p><list><entry level="1" type="bullet"><weblink ns0:type="simple" ns0:href="http://www.imdb.com/name/nm0376347/">bill henderson</weblink><web_site wordnetid="106359193" confidence="0.9508927676800064"><link ns0:type="simple" ns0:href="../554/2855554.xml">internet movi databas</link></web_site></entry><entry level="1" type="bullet"><weblink ns0:type="simple" ns0:href="http://www.myspace.com/billhendersonjazzsinger">bill henderson myspac</weblink></entry></list></p></sec></bdy></actor></article>