<article xmlns:ns0="http://www.w3.org/1999/xlink"><port confidence="0.9511911446218017" wordnetid="108633957"><header><title>port mlaga</title><id /><revision><id /><timestamp>tz</timestamp><contributor><username>anomebot</username><id /></contributor></revision><categories><category>port harbour spain</category></categories></header><bdy>port mlaga intern<link ns0:type="simple" ns0:href="../169/97169.xml">seaport</link>locat citi<link>mlaga</link>southern<system wordnetid="108435388" confidence="0.8"><economy wordnetid="108366753" confidence="0.8"><group wordnetid="100031264" confidence="0.8"><link ns0:type="simple" ns0:href="../667/26667.xml">spain</link></group></economy></system><shore wordnetid="109433442" confidence="0.8"><seashore wordnetid="109428293" confidence="0.8"><geological_formation wordnetid="109287968" confidence="0.8"><link ns0:type="simple" ns0:href="../593/324593.xml">costa del sol</link></geological_formation></seashore></shore>coast<link ns0:type="simple" ns0:href="../006/19006.xml">mediterranean</link>oldest continuouslyoper port spain oldest mediterranean<p>princip port activ includ<link ns0:type="simple" ns0:href="../855/314855.xml">cruis ship</link>ping import<link ns0:type="simple" ns0:href="../387/50387.xml">containeris</link>manufactur product<link ns0:type="simple" ns0:href="../978/2984978.xml">break bulk</link>vehicl small<link ns0:type="simple" ns0:href="../709/711709.xml">fish fleet</link>oper port</p><sec><st>histori</st><ss1><st>ancient mediev time</st><p>port malaka found<group wordnetid="100031264" confidence="0.8"><people wordnetid="107942152" confidence="0.8"><link ns0:type="simple" ns0:href="../202/24202.xml">phoenicia</link></people></group>ns<site wordnetid="108651247" confidence="0.9508927676800064"><link ns0:type="simple" ns0:href="../796/30796.xml">tyre</link></site>bc malaka deriv<language wordnetid="106282651" confidence="0.8"><link ns0:type="simple" ns0:href="../942/414942.xml">phoenician</link></language>word salt fish salt dock<link>semit languag</link>word salt<language wordnetid="106282651" confidence="0.9508927676800064"><link ns0:type="simple" ns0:href="../450/13450.xml">hebrew</link></language>mla<language wordnetid="106282651" confidence="0.9508927676800064"><link ns0:type="simple" ns0:href="../803/803.xml">arab</link></language>mil dock singl waterfront quay parallel shore extend metr custom hous puerta oscura</p><p><link ns0:type="simple" ns0:href="../555/521555.xml">roman</link>time malaka export port miner potteri almond wine oil<link ns0:type="simple" ns0:href="../383/602383.xml">iberian</link>delicaci fish prepar<link ns0:type="simple" ns0:href="../320/312320.xml">garum</link>larg quantiti export rome</p><p>trade continu grow peak malaka mlaqah<language wordnetid="106282651" confidence="0.9508927676800064"><link ns0:type="simple" ns0:href="../803/803.xml">arab</link></language>declar capit<link ns0:type="simple" ns0:href="../917/6037917.xml">islam</link>kingdom<social_group wordnetid="107950920" confidence="0.8"><batch wordnetid="113774404" confidence="0.8"><gathering wordnetid="107975026" confidence="0.8"><community wordnetid="108223802" confidence="0.8"><large_indefinite_quantity wordnetid="113757724" confidence="0.8"><group wordnetid="100031264" confidence="0.8"><indefinite_quantity wordnetid="113576355" confidence="0.8"><link ns0:type="simple" ns0:href="../264/38264.xml">granada</link></indefinite_quantity></group></large_indefinite_quantity></community></gathering></batch></social_group>kingdom pass<link ns0:type="simple" ns0:href="../552/356552.xml">cathol</link>control port assum strateg embark point spanish soldier conquest<range wordnetid="109403734" confidence="0.8"><geological_formation wordnetid="109287968" confidence="0.8"><link ns0:type="simple" ns0:href="../972/1121972.xml">rif</link></geological_formation></range><region wordnetid="108630985" confidence="0.8"><region wordnetid="108630039" confidence="0.8"><administrative_district wordnetid="108491826" confidence="0.8"><location wordnetid="100027167" confidence="0.8"><municipality wordnetid="108626283" confidence="0.8"><geographical_area wordnetid="108574314" confidence="0.8"><district wordnetid="108552138" confidence="0.8"><urban_area wordnetid="108675967" confidence="0.8"><city wordnetid="108524735" confidence="0.8"><link ns0:type="simple" ns0:href="../226/20226.xml">melilla</link></city></urban_area></district></geographical_area></municipality></location></administrative_district></region></region><link>peon de velez</link><municipality wordnetid="108626283" confidence="0.9508927676800064"><link ns0:type="simple" ns0:href="../335/145335.xml">oran</link></municipality>renam port mlaga</p></ss1><ss1><st>imperi spain</st><p>port mlaga grew swiftli centuri establish spain major export port cereal manufactur<link ns0:type="simple" ns0:href="../546/938546.xml">habsburg</link><link ns0:type="simple" ns0:href="../255/1703255.xml">enlighten</link>era king<peer wordnetid="110412910" confidence="0.8"><duke wordnetid="110038620" confidence="0.8"><link ns0:type="simple" ns0:href="../857/63857.xml">philip</link></duke></peer>appoint french engin bartolom thuru prepar project port expans commerci militari culmin construct east dock quay<link ns0:type="simple" ns0:href="../725/17725.xml">lighthous</link>built</p></ss1><ss1><st>twentieth centuri</st><p>extens reconstruct port facil modern exist quay complet current appsseng termin mlaga<region wordnetid="108630985" confidence="0.8"><administrative_district wordnetid="108491826" confidence="0.8"><location wordnetid="100027167" confidence="0.8"><municipality wordnetid="108626283" confidence="0.8"><geographical_area wordnetid="108574314" confidence="0.8"><district wordnetid="108552138" confidence="0.8"><urban_area wordnetid="108675967" confidence="0.8"><link ns0:type="simple" ns0:href="../829/3704829.xml">puertollano</link></urban_area></district></geographical_area></municipality></location></administrative_district></region>oil pipelin complet permit oil export directli port</p><p><link ns0:type="simple" ns0:href="../927/32927.xml">second war</link>port declin port open north africa middl east postwar reconstruct led massiv expans facil<port wordnetid="108633957" confidence="0.8"><point wordnetid="108620061" confidence="0.8"><geographic_point wordnetid="108578706" confidence="0.8"><location wordnetid="100027167" confidence="0.8"><link ns0:type="simple" ns0:href="../985/4410985.xml">port rotterdam</link></location></geographic_point></point></port>puertotollano pipelin ceas oper port oper concentr ten wharv southern border exist port northern central port area progress return control citi convert residenti</p></ss1></sec><sec><st>port facil</st><p><image location="left" width="300px" src="Puerto_malaga.jpg" type="thumb"><caption>port mlaga today</caption></image>ten wharv current oper port mlaga</p><p><list><entry level="1" type="bullet">east quay embark<link ns0:type="simple" ns0:href="../855/314855.xml">cruis ship</link></entry><entry level="1" type="bullet">quay ricardo gross megayatch tourist cruis ship</entry><entry level="1" type="bullet">quay guadiaro cruis ship</entry><entry level="1" type="bullet">quay canova<idea wordnetid="105833840" confidence="0.8"><concept wordnetid="105835747" confidence="0.8"><category wordnetid="105838765" confidence="0.8"><type wordnetid="105840188" confidence="0.8"><kind wordnetid="105839024" confidence="0.8"><link ns0:type="simple" ns0:href="../484/1457484.xml">rollonrolloff</link></kind></type></category></concept></idea></entry><entry level="1" type="bullet">quay heredia rollonrolloff bulk liquid break bulk</entry><entry level="1" type="bullet">quay float dock repair defenc forc</entry><entry level="1" type="bullet">quay romero oak grove bulk liquid danger good</entry><entry level="1" type="bullet">quay romero oak grove bulk liquid danger good</entry><entry level="1" type="bullet">multipurpos quay contain rollonrolloff</entry><entry level="1" type="bullet">soft port bulk liquid importexport specialist equip requir</entry></list></p><p>quay connect system intern road network itnern extern railway line access port highway<site wordnetid="108651247" confidence="0.8"><region wordnetid="108630985" confidence="0.8"><administrative_district wordnetid="108491826" confidence="0.8"><location wordnetid="100027167" confidence="0.8"><tract wordnetid="108673395" confidence="0.8"><municipality wordnetid="108626283" confidence="0.8"><geographical_area wordnetid="108574314" confidence="0.8"><district wordnetid="108552138" confidence="0.8"><urban_area wordnetid="108675967" confidence="0.8"><city wordnetid="108524735" confidence="0.8"><link ns0:type="simple" ns0:href="../443/4443.xml">barcelona</link></city></urban_area></district></geographical_area></municipality></tract></location></administrative_district></region></site><link>cdiz</link>run coast<link>crdoba</link><link>mlaga</link>intern rail network link harbor servic area mlaga main station</p><p>port domin import princip annal throughput tonn break bulk total annual throughput tonn major import includ cement clinker coal cereal grain petroleum coke fertil smaller export trade centr process food construct equip</p><p>port handl excess<link ns0:type="simple" ns0:href="../470/373470.xml">teu</link>annual vehicl liquid bulk handl metric tonn year princip oliv oil import export</p><p>cruis ship essenti industri port passeng embark year cruis ship</p></sec><sec><st>futur work</st><p>extens program work planend port special plan develop citi mlaga</p><p>hereida quay will refurbish expand port oper centr provid addit car space work estim euro passeng termin port museum environment educ centr plan inclus cruis ship facil quay cost euro</p><p>commerci marina will oper quay cater superyacht metr eastern quay passeng termin will remodel improv pedestrian access doubl exist capac passeng year</p><p>total area termin sq ft consist height berth southern berth northern berth total construct cost euro</p></sec><sec><st>extern link</st><p><list><entry level="1" type="bullet"><weblink ns0:type="simple" ns0:href="http://www.puertomalaga.com/">port mlaga offici site</weblink></entry><entry level="1" type="bullet"><weblink ns0:type="simple" ns0:href="http://maps.google.com/maps?f=q hl=en q=malaga,+spain ll=36.708373,-4.418693 spn=0.023189,0.045748 t=k">port mlaga googl map</weblink></entry><entry level="1" type="bullet"><weblink ns0:type="simple" ns0:href="http://www.malagaport.net">mlagaport</weblink></entry><entry level="1" type="bullet"><weblink ns0:type="simple" ns0:href="http://www.malagaport.net/noticias.asp">port mlaga news</weblink></entry><entry level="1" type="bullet"><weblink ns0:type="simple" ns0:href="http://www.malagaport.net/biblioteca.htm">port mlaga media</weblink></entry></list></p><p><link ns0:type="simple" ns0:href="../361/48361.xml">coordin</link><weblink ns0:type="simple" ns0:href="http://stable.toolserver.org/geohack/geohack.php?pagename=Port_of_M%C3%A1laga params=36_43_N_04_25_E_region:ES" /></p></sec></bdy></port></article>