<article xmlns:ns0="http://www.w3.org/1999/xlink"><header><title>click fraud</title><id /><revision><id /><timestamp>tz</timestamp><contributor><username>arakunem</username><id /></contributor></revision><categories><category>need cleanup</category><category>cleanup june</category><category>consum fraud</category><category>electron commerc</category><category>internet advertis promot</category><category>internet fraud</category></categories></header><bdy><p><table class="metadata plainlinks ambox "><row><col>amboxstyl style</col></row><row><col class="mbox-image"><p><image width="40x40px" src="Ambox_style.png" /></p></col><col style="" class="mbox-text">articl bare url suscept<link ns0:type="simple" ns0:href="../511/365511.xml">link rot</link>help<weblink ns0:type="simple" ns0:href="http://localhost:18088/wiki/index.php?title=Click_fraud action=edit">improv articl</weblink>chang bare url titl date author articl remain futurealso consid<artifact wordnetid="100021939" confidence="0.8"><facility wordnetid="103315023" confidence="0.8"><depository wordnetid="103177349" confidence="0.8"><archive wordnetid="102735086" confidence="0.8"><link ns0:type="simple" ns0:href="../011/6391011.xml">webcit</link></archive></depository></facility></artifact>archiv link</col></row></table>click fraud type<link ns0:type="simple" ns0:href="../651/1727651.xml">internet crime</link>occur<link ns0:type="simple" ns0:href="../207/1027207.xml">pay click</link><link ns0:type="simple" ns0:href="../671/1555671.xml">onlin advertis</link>person autom script comput program imit legitim user<link ns0:type="simple" ns0:href="../173/33173.xml">web browser</link>click ad purpos gener<link ns0:type="simple" ns0:href="../004/1545004.xml">charg click</link>actual interest target ad link click fraud subject controversi increas litig advertis network key beneficiari fraud</p><p>comput commit type<link ns0:type="simple" ns0:href="../626/805626.xml">internet fraud</link><link ns0:type="simple" ns0:href="../293/11293.xml">feloni</link>jurisdict exampl cover<link>penal code</link><country wordnetid="108544813" confidence="0.9508927676800064"><link ns0:type="simple" ns0:href="../407/5407.xml">california</link></country>usa<legislation wordnetid="106535222" confidence="0.9508927676800064"><link ns0:type="simple" ns0:href="../696/1745696.xml">comput misus</link></legislation><autocracy wordnetid="108361001" confidence="0.8"><system wordnetid="108435388" confidence="0.8"><social_group wordnetid="107950920" confidence="0.8"><political_orientation wordnetid="106212839" confidence="0.8"><monarchy wordnetid="108363812" confidence="0.8"><state wordnetid="108168978" confidence="0.8"><political_unit wordnetid="108359949" confidence="0.8"><political_system wordnetid="108367880" confidence="0.8"><economy wordnetid="108366753" confidence="0.8"><group wordnetid="100031264" confidence="0.8"><democracy wordnetid="106217103" confidence="0.8"><link ns0:type="simple" ns0:href="../717/31717.xml">unit kingdom</link></democracy></group></economy></political_system></political_unit></state></monarchy></political_orientation></social_group></system></autocracy>arrest relat click fraud regard malici click order deplet competitor advertis budget</p><sec><st>pay click advertis</st><p><indent level="1">main articl<link ns0:type="simple" ns0:href="../207/1027207.xml">pay click</link></indent><link ns0:type="simple" ns0:href="../207/1027207.xml">pay click</link>advertis ppc advertis arrang<link ns0:type="simple" ns0:href="../834/294834.xml">webmast</link>oper web site act publish display clickabl link advertis exchang<link ns0:type="simple" ns0:href="../004/1545004.xml">charg click</link>industri evolv number advertis network develop act middlemen group publish advertis time believ valid web user click ad advertis pay advertis network turn pay publish share money revenu share system incent click fraud</p><p>largest advertis network<company wordnetid="108058098" confidence="0.9508927676800064"><link ns0:type="simple" ns0:href="../923/1092923.xml">googl</link></company><work wordnetid="100575741" confidence="0.8"><event wordnetid="100029378" confidence="0.8"><company wordnetid="108058098" confidence="0.8"><service wordnetid="100577525" confidence="0.8"><act wordnetid="100030358" confidence="0.8"><psychological_feature wordnetid="100023100" confidence="0.8"><activity wordnetid="100407535" confidence="0.8"><institution wordnetid="108053576" confidence="0.8"><link ns0:type="simple" ns0:href="../962/879962.xml">adword</link></institution></activity></psychological_feature></act></service></company></event></work><software wordnetid="106566077" confidence="0.9508927676800064"><link ns0:type="simple" ns0:href="../238/736238.xml">adsens</link></software><artifact wordnetid="100021939" confidence="0.8"><instrumentality wordnetid="103575240" confidence="0.8"><engine wordnetid="103287733" confidence="0.8"><motor wordnetid="103789946" confidence="0.8"><device wordnetid="103183080" confidence="0.8"><machine wordnetid="103699975" confidence="0.8"><link ns0:type="simple" ns0:href="../942/1025942.xml">yahoo search market</link></machine></device></motor></engine></instrumentality></artifact>dual role publish search engin critic complex relationship creat conflict interest instanc googl lose money undetect click fraud pay publish money collect fee advertis spread googl collect googl pay click fraud directli invis profit googl</p></sec><sec><st>noncontract parti</st><p>secondari sourc click fraud noncontract parti payperclick agreement type fraud harder polic perpetr gener su breach contract charg crimin fraud exampl noncontract parti<list><entry level="1" type="bullet">competitor advertis parti harm competitor advertis market click ad perpetr dont profit directli forc advertis pay irrelev click weaken elimin sourc competit</entry><entry level="1" type="bullet">competitor publish person frame publish publish click ad advertis network termin relationship publish reli exclus revenu advertis busi attack</entry><entry level="1" type="bullet">malici intent<link ns0:type="simple" ns0:href="../676/32676.xml">vandal</link>array motiv wish harm advertis publish peopl gain financi motiv includ polit person vendetta case hardest deal difficult track culprit legal action</entry><entry level="1" type="bullet">friend publish learn publish profit ad click support publish fan famili member person friend will click ad help backfir publish friend accus click fraud</entry></list></p><p>advertis network fraud parti click legitim fraud commit publish diffulcut pay click fraud publish resent pay refund fault advertis adam pay phoni click</p></sec><sec><st>organ</st><p>click fraud simpl person start small web site publish ad click ad gener revenu number click small fraud undetect frequent publish will claim small amount click accid case</p><p>larger scale fraud occur engag larg scale fraud will<link ns0:type="simple" ns0:href="../524/29524.xml">script</link>simul human click ad web huge number click appear small number comput singl geograph area highli suspici advertis network advertis click come comput publish suspici watch click fraud person attempt larg scale fraud stand good chanc caught</p><p>type fraud circumv detect base ip pattern exist user traffic turn click impress<weblink ns0:type="simple" ns0:href="http://www.indiana.edu/~phishing/papers/gandhim.pdf">httpwwwindianaeduphishingpapersgandhimpdf</weblink>attack camouflag user size ifram display advertis programmat retriev javascript camouflag advertis portal ensur socal revers<event wordnetid="100029378" confidence="0.8"><rule wordnetid="105846932" confidence="0.8"><act wordnetid="100030358" confidence="0.8"><psychological_feature wordnetid="100023100" confidence="0.8"><procedure wordnetid="101023820" confidence="0.8"><activity wordnetid="100407535" confidence="0.8"><algorithm wordnetid="105847438" confidence="0.8"><link ns0:type="simple" ns0:href="../120/33120.xml">spider</link></algorithm></activity></procedure></psychological_feature></act></rule></event>present legitim human visitor present commit clickfraud size ifram techniqu involv human visitor combin incentiv traffic member paid read site paid small amount money fraction cent visit websit andor click keyword search hundr thousand time day<weblink ns0:type="simple" ns0:href="http://www.businessweek.com/magazine/content/06_40/b4003001.htm">httpwwwbusinessweekcommagazinecontent_bhtm</weblink>owner ptr site member ppc engin send email ad user search send ad dont charg click search sourc revenu site forc search practic frown paid industri</p><p>organ crime handl comput internet connect geograph locat script fail mimic true human behavior organ crime network<link ns0:type="simple" ns0:href="../056/30056.xml">trojan</link>code turn averag person machin<link ns0:type="simple" ns0:href="../566/531566.xml">zombi comput</link>sporad<link ns0:type="simple" ns0:href="../686/636686.xml">redirect</link><accomplishment wordnetid="100035189" confidence="0.8"><event wordnetid="100029378" confidence="0.8"><action wordnetid="100037396" confidence="0.8"><act wordnetid="100030358" confidence="0.8"><psychological_feature wordnetid="100023100" confidence="0.8"><feat wordnetid="100036762" confidence="0.8"><link ns0:type="simple" ns0:href="../752/1507752.xml">dn cach poison</link></feat></psychological_feature></act></action></event></accomplishment>turn oblivi user action action gener revenu scammer difficult advertis advertis network author pursu case network peopl spread multipl countri</p><p><link>impress fraud</link>fals gener ad impress affect advertis account case<link ns0:type="simple" ns0:href="../584/2064584.xml">clickthrough rate</link>base auction model advertis penal unaccept low clickthrough<link ns0:type="simple" ns0:href="../940/6118940.xml">keyword</link>involv make numer search keyword click ad ad disabl automat enabl competitor lowerbid ad keyword continu high bidder search elimin</p></sec><sec><st>legal case</st><ss1><st>class action lawsuit</st><p><list><entry level="1" type="bullet">disput issu number<link ns0:type="simple" ns0:href="../258/113258.xml">lawsuit</link>case googl act advertis advertis network won lawsuit texa compani call auction expert act publish googl accus pay peopl click ad appear auction expert site cost advertis<weblink ns0:type="simple" ns0:href="http://www.buffalonews.com/editorial/20050715/1067368.asp">httpwwwbuffalonewscomeditorialasp</weblink>despit network effort publish suspici motiv advertis network advertis network receiv money click fraudul</entry></list></p><p><list><entry level="1" type="bullet">juli yahoo settl class action lawsuit plaintiff alleg prevent click fraud yahoo paid legal bill plaintiff agre settl advertis claim date<weblink ns0:type="simple" ns0:href="http://www.imediaconnection.com/content/10294.asp">httpwwwimediaconnectioncomcontentasp</weblink>juli googl settl suit<weblink ns0:type="simple" ns0:href="http://googleblog.blogspot.com/2006/03/update-lanes-gifts-v-google.html">httpgoogleblogblogspotcomupdatelanesgiftsvgooglehtml</weblink><weblink ns0:type="simple" ns0:href="http://googleblog.blogspot.com/pdf/lanes_google_final_order.pdf">httpgoogleblogblogspotcompdflanes_google_final_orderpdf</weblink></entry></list></p><p><list><entry level="1" type="bullet">march googl agre settlement fund class action lawsuit file lane gift collect<weblink ns0:type="simple" ns0:href="http://blog.searchenginewatch.com/blog/060308-152034">httpblogsearchenginewatchcomblog</weblink>class action lawsuit file miller counti arkansa dalla attorney steve malouf joel fineberg dean gresham<weblink ns0:type="simple" ns0:href="http://www.searchengineguide.com/bill-hartzer/004579.html">httpwwwsearchengineguidecombillhartzerhtml</weblink></entry></list></p></ss1><ss1><st>michael anthoni bradley</st><p>california resid<link>michael anthoni bradley</link>creat<link>googl cliqu</link>softwar program claim spammer defraud<company wordnetid="108058098" confidence="0.9508927676800064"><link ns0:type="simple" ns0:href="../923/1092923.xml">googl</link></company>million dollar fraudul click author arrest<link ns0:type="simple" ns0:href="../390/230390.xml">blackmail</link>googl hand program believ arrest click fraud<weblink ns0:type="simple" ns0:href="http://www.usdoj.gov/criminal/cybercrime/bradleyArrest.htm">httpwwwusdojgovcriminalcybercrimebradleyarresthtm</weblink></p><p>charg drop explan<link ns0:type="simple" ns0:href="../526/21526.xml">novemb</link><link ns0:type="simple" ns0:href="../164/36164.xml" />attorney offic googl declin comment<link ns0:type="simple" ns0:href="../157/945157.xml">busi week</link>suggest googl unwil cooper prosecut forc publicli disclos click fraud detect techniqu money fraudul click<weblink ns0:type="simple" ns0:href="http://www.businessweek.com/technology/content/dec2006/tc20061204_923336.htm?campaign_id=bier_tcc.g3a.rssd1204f">httpwwwbusinessweekcomtechnologycontentdectc_htmcampaign_idbier_tccgarssdf</weblink></p></ss1></sec><sec><st>solut</st><p>prove click fraud difficult hard comput intent best advertis network identifi click fraudul charg account advertis sophist detect foolproof</p><p><weblink ns0:type="simple" ns0:href="http://googleblog.blogspot.com/pdf/Tuzhilin_Report.pdf">tuzhilin report</weblink>produc click fraud lawsuit settlement detail comprehens discuss issu defin fundament problem invalid fraudul click</p><p>conceptu definit invalid click operation clear case</p><p>oper definit fulli disclos gener public concern uneth user will advantag lead massiv click fraud disclos advertis verifi disput charg click</p><p>payperclick industri lobbi tighter law issu hope law will cover bound contract</p><p>number compani develop viabl solut click fraud identif develop intermediari relationship advertis network solut fall categori</p><p><list><entry level="1" type="number">forens analysi advertis web server log filesthi analysi advertis web server data requir indepth sourc behavior traffic industri standard log file analysi data verifi advertis network problem approach reli honesti middlemen identifi fraud</entry><entry level="1" type="number">thirdparti corroborationthird parti offer webbas solut involv placement singlepixel imag javascript advertis web suitabl tag ad visitor present cooki visitor inform collect thirdparti data store download better offer easi highlight suspici click reason conclus advertis log file tamper accompani corrobor data third parti form convinc bodi evid advertis network problem thirdparti solut solut traffic entir network identifi pattern span advertis addit limit amount traffic receiv compar middlemen overli aggress judg traffic fraud</entry></list></p></sec><sec><st>click fraud academia</st><p>fact middlemen search engin upper hand oper definit invalid click reason conflict interest advertis middlemen describ manifest<weblink ns0:type="simple" ns0:href="http://googleblog.blogspot.com/pdf/Tuzhilin_Report.pdf">tuzhilin report</weblink>describ tuzhilin report publicli defin invalid click describ oper definit detail highlevel pictur fraud detect system argu oper definit search engin investig reason aim report preserv privaci fraud detect system order maintain effect prompt research conduct public middlemen fight click fraud presum taint market forc hope assess rigor middleman detect click fraud futur law case fear expos intern fraud detect system middlemen appli exampl<link>metwal</link><caste wordnetid="114431738" confidence="0.9508927676800064"><link ns0:type="simple" ns0:href="../752/2563752.xml">agraw</link></caste><link>el abbadi</link><link ns0:type="simple" ns0:href="../917/211917.xml">ucsb</link>work<link ns0:type="simple" ns0:href="../807/12661807.xml">majumdar</link><link ns0:type="simple" ns0:href="../390/1321390.xml">kulkarni</link><link>ravishankar</link><link ns0:type="simple" ns0:href="../311/230311.xml">uc riversid</link>propos protocol identif fraudul behavior broker intermediari contentdeliveri network</p></sec><sec><st /><p><list><entry level="1" type="bullet"><link ns0:type="simple" ns0:href="../007/11019007.xml">clickbota</link></entry><entry level="1" type="bullet"><link>googl syndic</link></entry><entry level="1" type="bullet"><link ns0:type="simple" ns0:href="../372/7708372.xml">hit inflat attack</link></entry></list></p></sec><sec><st>refer</st><p><list><entry level="1" type="bullet"><weblink ns0:type="simple" ns0:href="http://googleblog.blogspot.com/pdf/Tuzhilin_Report.pdf">lane gift googl report alexand tuzhilin</weblink><link>alexand tuzhilin</link>retriev<link ns0:type="simple" ns0:href="../144/8144.xml">decemb</link><link ns0:type="simple" ns0:href="../164/36164.xml" /></entry><entry level="1" type="bullet"><cite style="font-style:normal">metwal ahm agraw divyak el abbadi amr<weblink ns0:type="simple" ns0:href="http://www2007.org/papers/paper070.pdf">detect detect coalit hit inflat attack advertis network stream</weblink>proceed intern confer iwc</cite></entry><entry level="1" type="bullet"><cite style="font-style:normal">metwal ahm agraw divyak el abbadi amr<weblink ns0:type="simple" ns0:href="http://www2005.org/cdrom/docs/p12.pdf">duplic detect click stream</weblink>proceed intern confer iwc</cite></entry><entry level="1" type="bullet"><cite style="font-style:normal">majumdar saugat kulkarni dhananjay ravishankar chinya<weblink ns0:type="simple" ns0:href="http://www.cs.ucr.edu/~smajumdar/infocom07.pdf">address click fraud content deliveri system</weblink>infocom ieee</cite></entry><entry level="1" type="bullet"><weblink ns0:type="simple" ns0:href="http://www.economist.com/opinion/displaystory.cfm?story_id=8319505">truth advertis</weblink><newspaper wordnetid="106267145" confidence="0.9508927676800064"><link ns0:type="simple" ns0:href="../449/50449.xml">economist</link></newspaper><link ns0:type="simple" ns0:href="../806/21806.xml">novemb</link><link ns0:type="simple" ns0:href="../164/36164.xml" /></entry><entry level="1" type="bullet"><weblink ns0:type="simple" ns0:href="http://www.businessweek.com/magazine/content/06_40/b4003001.htm">click fraud dark side onlin advertis</weblink><newspaper wordnetid="106267145" confidence="0.9508927676800064"><link ns0:type="simple" ns0:href="../157/945157.xml">businessweek</link></newspaper>retriev<link ns0:type="simple" ns0:href="../527/22527.xml">octob</link><link ns0:type="simple" ns0:href="../164/36164.xml" /></entry><entry level="1" type="bullet"><weblink ns0:type="simple" ns0:href="http://www.indiana.edu/~phishing/papers/gandhim.pdf">badvertis stealthi clickfraud unwit accessori</weblink>apwg efraud confer retriev<link ns0:type="simple" ns0:href="../527/22527.xml">octob</link><link ns0:type="simple" ns0:href="../164/36164.xml" /></entry><entry level="1" type="bullet"><weblink ns0:type="simple" ns0:href="http://startup.wsj.com/ecommerce/ecommerce/20050610-delaney.html">web startup vie detect click fraud</weblink><link ns0:type="simple" ns0:href="../070/173070.xml">wall street journal</link>onlin retriev<link ns0:type="simple" ns0:href="../805/15805.xml">june</link><link ns0:type="simple" ns0:href="../984/35984.xml" /></entry><entry level="1" type="bullet"><weblink ns0:type="simple" ns0:href="http://www.eweek.com/article2/0,1759,1772569,00.asp">vendor releas clickfraud detect tool</weblink><link ns0:type="simple" ns0:href="../765/2081765.xml">eweek</link>retriev<link ns0:type="simple" ns0:href="../315/20315.xml">march</link><link ns0:type="simple" ns0:href="../984/35984.xml" /></entry><entry level="1" type="bullet"><weblink ns0:type="simple" ns0:href="http://news.com.com/Click+fraud+roils+search+advertisers/2100-1024_3-5600300.html">click fraud roil search advertis</weblink><link ns0:type="simple" ns0:href="../836/385836.xml">cnet</link>retriev<link ns0:type="simple" ns0:href="../315/20315.xml">march</link><link ns0:type="simple" ns0:href="../984/35984.xml" /></entry><entry level="1" type="bullet"><weblink ns0:type="simple" ns0:href="http://msnbc.msn.com/id/6830802/site/newsweek/When">mice attack internet scammer steal money click fraud</weblink><magazine wordnetid="106595351" confidence="0.9508927676800064"><link ns0:type="simple" ns0:href="../169/214169.xml">newsweek</link></magazine>retriev<link ns0:type="simple" ns0:href="../202/16202.xml">januari</link><link ns0:type="simple" ns0:href="../984/35984.xml" /></entry><entry level="1" type="bullet"><weblink ns0:type="simple" ns0:href="http://money.cnn.com/2004/12/02/technology/google_fraud/">googl cfo fraud big threat</weblink><channel wordnetid="106259898" confidence="0.9508927676800064"><link ns0:type="simple" ns0:href="../028/62028.xml">cnn</link></channel>money retriev<link ns0:type="simple" ns0:href="../356/8356.xml">decemb</link><link ns0:type="simple" ns0:href="../524/35524.xml" /></entry><entry level="1" type="bullet"><weblink ns0:type="simple" ns0:href="http://www.wired.com/news/culture/0,1284,65324-2,00.html?tw=wn_story_page_next1">click fraud threaten web</weblink><web_site wordnetid="106359193" confidence="0.9508927676800064"><link ns0:type="simple" ns0:href="../324/407324.xml">wire news</link></web_site>retriev<link ns0:type="simple" ns0:href="../554/22554.xml">octob</link><link ns0:type="simple" ns0:href="../524/35524.xml" /></entry><entry level="1" type="bullet"><weblink ns0:type="simple" ns0:href="http://www.wired.com/wired/archive/14.01/fraud.html">click fraud swallow internet</weblink><link ns0:type="simple" ns0:href="../411/65411.xml">wire magazin</link>issu januari retriev<link ns0:type="simple" ns0:href="../893/8893.xml">decemb</link><link ns0:type="simple" ns0:href="../984/35984.xml" /></entry><entry level="1" type="bullet"><weblink ns0:type="simple" ns0:href="http://business.timesonline.co.uk/tol/business/industry_sectors/media/article727840.ece">click fraud fear grow onlin advertis</weblink><newspaper wordnetid="106267145" confidence="0.9508927676800064"><link ns0:type="simple" ns0:href="../127/39127.xml">time</link></newspaper>retriev<link ns0:type="simple" ns0:href="../870/3921870.xml">februari</link></entry><entry level="1" type="bullet"><weblink ns0:type="simple" ns0:href="http://itmanagement.earthweb.com/columns/executive_tech/article.php/3410931">attack defens clickfraud war</weblink><work wordnetid="104599396" confidence="0.8"><product wordnetid="104007894" confidence="0.8"><magazine wordnetid="106595351" confidence="0.8"><print_media wordnetid="106263609" confidence="0.8"><creation wordnetid="103129123" confidence="0.8"><press wordnetid="106263369" confidence="0.8"><artifact wordnetid="100021939" confidence="0.8"><instrumentality wordnetid="103575240" confidence="0.8"><medium wordnetid="106254669" confidence="0.8"><publication wordnetid="106589574" confidence="0.8"><link ns0:type="simple" ns0:href="../440/658440.xml">datam</link></publication></medium></instrumentality></artifact></press></creation></print_media></magazine></product></work>retriev<link ns0:type="simple" ns0:href="../542/870542.xml">septemb</link></entry><entry level="1" type="bullet"><weblink ns0:type="simple" ns0:href="http://www.phil-fak.uni-duesseldorf.de/infowiss/admin/public_dateien/files/67/1204551419onclickfra.pdf">simon soubusta click fraud</weblink><link>inform wissenschaft und praxi</link>retriev<link ns0:type="simple" ns0:href="../294/13292294.xml">march</link></entry></list></p></sec></bdy></article>