<article xmlns:ns0="http://www.w3.org/1999/xlink"><structure confidence="0.8" wordnetid="104341686"><building confidence="0.8" wordnetid="102913152"><artifact confidence="0.8" wordnetid="100021939"><restaurant confidence="0.8" wordnetid="104081281"><header><title>difara</title><id /><revision><id /><timestamp>tz</timestamp><contributor><username>bottom spanker</username><id /></contributor></revision><categories><category>build structur brooklyn</category><category>articl topic unclear notabl decemb</category><category>brooklyn</category><category>orphan articl decemb</category><category>pizzeria</category><category>articl lack reliabl refer decemb</category><category>orphan articl</category><category>restaur york citi</category><category>unit articl miss geocoordin data</category><category>articl unencycloped</category></categories></header><bdy><table class="metadata plainlinks ambox "><row><col>amboxcont style</col></row><row><col class="mbox-image"><p><image width="40x40px" src="Ambox_content.png" /></p></col><col style="" class="mbox-text"><p>articl multipl issu help<weblink ns0:type="simple" ns0:href="http://localhost:18088/wiki/index.php?title=DiFara%27s action=edit">improv articl</weblink>discuss issu<list><entry level="1" type="bullet">reli entir tag decemb</entry><entry level="1" type="bullet">articl subject question notabl establish remov tag decemb</entry><entry level="1" type="bullet">articl help articl<weblink ns0:type="simple" ns0:href="http://www.google.com/search?hl=en as_qdr=all q=+site%3Aen.wikipedia.org+%22DiFara%26%2339%3Bs%22">topic</weblink>tag decemb</entry><entry level="1" type="bullet">editor express concern articl tag decemb</entry><entry level="1" type="bullet">materi tag april</entry></list></p></col></row></table><p>di fara pizza locat<link ns0:type="simple" ns0:href="../739/564739.xml">midwood</link>orthodox jewish<village wordnetid="108672738" confidence="0.9508927676800064"><link ns0:type="simple" ns0:href="../384/47384.xml">brooklyn</link></village><link ns0:type="simple" ns0:href="../131/8210131.xml">ny</link>own oper domenico demarco favour review guidebook place map regular slice usd pie usd ventur open tuesday trough sunday form noon visit peopl cleanli featur</p><p>domenico demarco born emigr<region wordnetid="108630985" confidence="0.8"><administrative_district wordnetid="108491826" confidence="0.8"><location wordnetid="100027167" confidence="0.8"><state wordnetid="108654360" confidence="0.8"><district wordnetid="108552138" confidence="0.8"><link ns0:type="simple" ns0:href="../102/1418102.xml">provinc caserta</link></district></state></location></administrative_district></region><system wordnetid="108435388" confidence="0.8"><economy wordnetid="108366753" confidence="0.8"><group wordnetid="100031264" confidence="0.8"><link ns0:type="simple" ns0:href="../532/14532.xml">itali</link></group></economy></system>brooklyn open place partner farina bought</p><p>demarco pizza day art watch wait hour half fun fresh dough crispi thin pizza nearcoaloven demarco combin fresh can san marzano tomato sauc extravirgin oliv oil three type mozzarella standard fior di latt buffalo serv pizza top pie parmigianoreggiano gener piec basil oregano cut pair scissor</p><sec><st>extern link</st><p><list><entry level="1" type="bullet"><weblink ns0:type="simple" ns0:href="http://www.difara.com/">di fara pizza</weblink>offici websit</entry><entry level="1" type="bullet"><weblink ns0:type="simple" ns0:href="http://www.observer.com/2007/pizzeria-one-everything-except-health-department">york observ june</weblink>pizzeria everythingexcept health depart</entry><entry level="1" type="bullet"><weblink ns0:type="simple" ns0:href="http://slice.seriouseats.com/archives/2007/04/the_dominator_hes_back.html">review slice</weblink>america favorit pizza weblog april</entry><entry level="1" type="bullet"><weblink ns0:type="simple" ns0:href="http://query.nytimes.com/gst/fullpage.html?res=9400E0DB153AF93BA25754C0A9629C8B63">york time juli</weblink>domenico demarco told report jeff vandam secret slice</entry><entry level="1" type="bullet"><weblink ns0:type="simple" ns0:href="http://www.youtube.com/watch?v=5Ebf6gD-UyU">difara</weblink>short video di fara pizza</entry></list></p><p>coordin need</p></sec></bdy></restaurant></artifact></building></structure></article>