<article xmlns:ns0="http://www.w3.org/1999/xlink"><academician confidence="0.9511911446218017" wordnetid="109759069"><scientist confidence="0.9508927676800064" wordnetid="110560637"><header><title>robert hay</title><id /><revision><id /><timestamp>tz</timestamp><contributor><username>lightbot</username><id /></contributor></revision><categories><category>univers california lo angel faculti</category><category>inform scientist</category><category>american academ</category><category>live peopl</category><category>birth</category></categories></header><bdy><template><name>infobox scientist</name><parameters><image width="150px" src="Replace_this_image_male.svg" /><birth_date>decemb</birth_date><birth_place><village wordnetid="108672738" confidence="0.9508927676800064"><link ns0:type="simple" ns0:href="../042/645042.xml">york citi</link></village><body wordnetid="107965085" confidence="0.8"><social_group wordnetid="107950920" confidence="0.8"><political_orientation wordnetid="106212839" confidence="0.8"><colony wordnetid="108374049" confidence="0.8"><state wordnetid="108168978" confidence="0.8"><political_unit wordnetid="108359949" confidence="0.8"><group wordnetid="100031264" confidence="0.8"><democracy wordnetid="106217103" confidence="0.8"><link ns0:type="simple" ns0:href="../750/3434750.xml">unit</link></democracy></group></political_unit></state></colony></political_orientation></social_group></body><image width="22x20px" src="Flag_of_the_United_States.svg"><caption>flag unit</caption></image></birth_place><footnotes>presid<link ns0:type="simple" ns0:href="../076/1464076.xml">american societi inform scienc technolog</link></footnotes><alma_mater><link ns0:type="simple" ns0:href="../765/37765.xml">ucla</link></alma_mater><field><link ns0:type="simple" ns0:href="../354/149354.xml">inform scienc</link></field><known_for>work inform system inform economi</known_for><nationality>american</nationality><residence><village wordnetid="108672738" confidence="0.9508927676800064"><link ns0:type="simple" ns0:href="../110/18110.xml">lo angel california</link></village></residence><name>robert hay</name><work_institution><link ns0:type="simple" ns0:href="../765/37765.xml">ucla</link></work_institution></parameters></template>person name robert hay<link ns0:type="simple" ns0:href="../707/15049707.xml">robert hay disambigu</link><p>robert hay born professor emeritu dean school librari servic<link ns0:type="simple" ns0:href="../844/1370844.xml">graduat school educ inform studi</link><link ns0:type="simple" ns0:href="../765/37765.xml">ucla</link>jointli taught<link ns0:type="simple" ns0:href="../831/18831.xml">mathemat</link><link ns0:type="simple" ns0:href="../354/149354.xml">inform scienc</link>hay presid<link ns0:type="simple" ns0:href="../076/1464076.xml">american societi inform scienc technolog</link>american document institut visit professor<university wordnetid="108286163" confidence="0.9508927676800064"><link ns0:type="simple" ns0:href="../982/338982.xml">loughborough univers</link></university>strossmay univers<university wordnetid="108286163" confidence="0.9508927676800064"><link ns0:type="simple" ns0:href="../078/146078.xml">univers south wale</link></university><university wordnetid="108286163" confidence="0.9508927676800064"><link ns0:type="simple" ns0:href="../513/4754513.xml">khazar univers</link></university><university wordnetid="108286163" confidence="0.9508927676800064"><link ns0:type="simple" ns0:href="../432/376432.xml">keio univers</link></university>univers li<link ns0:type="simple" ns0:href="../801/6792801.xml">tsukuba scienc citi</link><link ns0:type="simple" ns0:href="../573/15573.xml">japan</link><university wordnetid="108286163" confidence="0.9508927676800064"><link ns0:type="simple" ns0:href="../881/289881.xml">nankai univers</link></university><university wordnetid="108286163" confidence="0.9508927676800064"><link ns0:type="simple" ns0:href="../695/384695.xml">univers illinoi</link></university><university wordnetid="108286163" confidence="0.9508927676800064"><link ns0:type="simple" ns0:href="../776/31776.xml">univers washington</link></university></p><p>hay lifetim influenc<link ns0:type="simple" ns0:href="../354/149354.xml">inform scienc</link><ref ns0:type="simple" ns0:href="#xpointer(//reflist/entry[@id=%221%22])" />expert<link ns0:type="simple" ns0:href="../495/237495.xml">inform system</link>coauthor joseph becker inform storag retriev comprehens text field time<ref ns0:type="simple" ns0:href="#xpointer(//reflist/entry[@id=%222%22])" />hay respons train program librari autom ala staff libraryusa exhibit<work wordnetid="100575741" confidence="0.8"><diversion wordnetid="100426928" confidence="0.8"><carnival wordnetid="100519333" confidence="0.8"><event wordnetid="100029378" confidence="0.8"><undertaking wordnetid="100795720" confidence="0.8"><show wordnetid="100520257" confidence="0.8"><act wordnetid="100030358" confidence="0.8"><psychological_feature wordnetid="100023100" confidence="0.8"><entertainment wordnetid="100429048" confidence="0.8"><activity wordnetid="100407535" confidence="0.8"><link ns0:type="simple" ns0:href="../442/99442.xml">york world fair</link></activity></entertainment></psychological_feature></act></show></undertaking></event></carnival></diversion></work><link>seattl world fair</link><ref ns0:type="simple" ns0:href="#xpointer(//reflist/entry[@id=%223%22])" />introduc onlin retriev gener public<ref ns0:type="simple" ns0:href="#xpointer(//reflist/entry[@id=%224%22])" />current focus<link ns0:type="simple" ns0:href="../885/198885.xml">inform economi</link>philosoph foundat<link ns0:type="simple" ns0:href="../354/149354.xml">inform scienc</link></p><p>receiv ba ma phd<link ns0:type="simple" ns0:href="../831/18831.xml">mathemat</link><link ns0:type="simple" ns0:href="../765/37765.xml">ucla</link></p><sec><st>public</st><p><list><entry level="1" type="bullet">hay robert model librari manag decisionmak plan san diego academ press</entry><entry level="1" type="bullet">hay robert strateg manag academ librari westport greenwood press</entry><entry level="1" type="bullet">hay robert becker joseph handbook data process librari york john wiley</entry><entry level="1" type="bullet">becker joseph hay robert inform storag retriev tool elementstheori york john wiley</entry><entry level="1" type="bullet">hay robert librari inform economi california lo angel ucla</entry></list></p></sec><sec><st>extern link</st><p><list><entry level="1" type="bullet"><weblink ns0:type="simple" ns0:href="http://polaris.gseis.ucla.edu/rhayes/index.html">faculti web</weblink></entry></list></p></sec><sec><st>note</st><p><reflist><entry id="1">pioneer inform scienc north america project sighfi histori foundat inform scienc american societi inform scientist asi httpwwwlibsciscedubobisphayeshtmhom retriev march</entry><entry id="2">pioneer inform scienc north america project sighfi histori foundat inform scienc american societi inform scientist asi httpwwwlibsciscedubobisphayeshtmhom retriev march</entry><entry id="3"><weblink ns0:type="simple" ns0:href="http://www.libsci.sc.edu/bob/isp/hayes.htm">hay</weblink></entry><entry id="4">pioneer inform scienc north america project sighfi histori foundat inform scienc american societi inform scientist asi httpwwwlibsciscedubobisphayeshtmhom retriev march</entry></reflist></p></sec></bdy></scientist></academician></article>