<article xmlns:ns0="http://www.w3.org/1999/xlink"><header><title>spike neural network</title><id /><revision><id /><timestamp>tz</timestamp><contributor><username>soyyo</username><id /></contributor></revision><categories><category>neural network</category><category>comput statist</category><category>machin learn</category></categories></header><bdy><indent level="1">main articl<event wordnetid="100029378" confidence="0.8"><rule wordnetid="105846932" confidence="0.8"><act wordnetid="100030358" confidence="0.8"><psychological_feature wordnetid="100023100" confidence="0.8"><procedure wordnetid="101023820" confidence="0.8"><activity wordnetid="100407535" confidence="0.8"><algorithm wordnetid="105847438" confidence="0.8"><link ns0:type="simple" ns0:href="../523/21523.xml">artifici neural network</link></algorithm></activity></procedure></psychological_feature></act></rule></event></indent>overview spike neural network snn fall third gener<event wordnetid="100029378" confidence="0.8"><rule wordnetid="105846932" confidence="0.8"><act wordnetid="100030358" confidence="0.8"><psychological_feature wordnetid="100023100" confidence="0.8"><procedure wordnetid="101023820" confidence="0.8"><activity wordnetid="100407535" confidence="0.8"><algorithm wordnetid="105847438" confidence="0.8"><link ns0:type="simple" ns0:href="../523/21523.xml">neural network</link></algorithm></activity></procedure></psychological_feature></act></rule></event>model increas level realism neural simul addit<link ns0:type="simple" ns0:href="../771/349771.xml">neuron</link><link ns0:type="simple" ns0:href="../228/441228.xml">synapt</link>snn incorpor concept time<link ns0:type="simple" ns0:href="../282/11944282.xml">oper model</link>idea<link ns0:type="simple" ns0:href="../771/349771.xml">neuron</link>snn fire propag cycl typic multilay<link ns0:type="simple" ns0:href="../777/172777.xml">perceptron network</link>fire<link ns0:type="simple" ns0:href="../161/563161.xml">membran potenti</link>intrins qualiti neuron membran electr charg reach specif neuron fire gener signal travel neuron turn increas decreas potenti signal<p>context spike neural network current activ level model differenti equat consid neuron incom spike push higher fire decay time code method exist interpret outgo<link ns0:type="simple" ns0:href="../998/156998.xml">spike train</link>realvalu number reli frequenc spike time spike encod inform</p><sec><st /><p><link ns0:type="simple" ns0:href="../795/3224795.xml">scientif model</link>spike neuron propos<person wordnetid="100007846" confidence="0.9508927676800064"><scientist wordnetid="110560637" confidence="0.9508927676800064"><link ns0:type="simple" ns0:href="../862/353862.xml">alan lloyd hodgkin</link></scientist></person><person wordnetid="100007846" confidence="0.9508927676800064"><link ns0:type="simple" ns0:href="../842/145842.xml">andrew huxley</link></person>model describ<link ns0:type="simple" ns0:href="../998/156998.xml">action potenti</link>initi propag spike gener transmit directli<link ns0:type="simple" ns0:href="../120/21120.xml">neuron</link>commun requir exchang chemic substanc<link ns0:type="simple" ns0:href="../809/27809.xml">synapt</link>gap call<link ns0:type="simple" ns0:href="../865/21865.xml">neurotransmitt</link>complex variabl biolog model neuron model<link>integrateandfir</link><link ns0:type="simple" ns0:href="../867/9105867.xml">fitzhughnagumo</link><link ns0:type="simple" ns0:href="../542/18004542.xml">hindmarshros</link>model</p><p><link ns0:type="simple" ns0:href="../773/14773.xml">inform theori</link>point view problem propos model explain inform encod decod seri train puls action potenti earli question neurosci determin neuron commun rate code puls code<ref ns0:type="simple" ns0:href="#xpointer(//reflist/entry[@id=%221%22])" /></p><p>earli spike neural model suggest tempor code network spike neuron gain comput power tradit neural network suggest condit multilay perceptron simul close network consist spike neuron</p></sec><sec><st>refer</st><p><reflist><entry id="1">maa bishop mb puls neural network mit press</entry></reflist></p></sec><sec><st>extern link</st><p><list><entry level="1" type="bullet">full text book<weblink ns0:type="simple" ns0:href="http://icwww.epfl.ch/~gerstner/SPNM/SPNM.html">spike neuron model singl neuron popul plastic</weblink>wulfram gerstner werner kistler isbn</entry></list></p></sec></bdy></article>