<article xmlns:ns0="http://www.w3.org/1999/xlink"><physical_entity confidence="0.8" wordnetid="100001930"><person confidence="0.8" wordnetid="100007846"><illustrator confidence="0.8" wordnetid="109812068"><entity confidence="0.9511911446218017" wordnetid="100001740"><causal_agent confidence="0.8" wordnetid="100007347"><painter confidence="0.8" wordnetid="110391653"><artist confidence="0.8" wordnetid="109812338"><creator confidence="0.8" wordnetid="109614315"><header><title>walter goodman</title><id /><revision><id /><timestamp>tz</timestamp><contributor><username>swedensm</username><id /></contributor></revision><categories><category>british jew</category><category>english painter</category><category>birth</category><category>death</category><category>british illustr</category><category>jewish painter</category><category>english illustr</category><category>british painter</category></categories></header><bdy>walter goodman<link ns0:type="simple" ns0:href="../452/19452.xml" /><link ns0:type="simple" ns0:href="../514/35514.xml" /><link ns0:type="simple" ns0:href="../271/18933271.xml">august</link><link ns0:type="simple" ns0:href="../616/34616.xml" />british painter illustr author<p>son british portrait painter<physical_entity wordnetid="100001930" confidence="0.8"><person wordnetid="100007846" confidence="0.8"><causal_agent wordnetid="100007347" confidence="0.8"><painter wordnetid="110391653" confidence="0.8"><artist wordnetid="109812338" confidence="0.8"><creator wordnetid="109614315" confidence="0.8"><link ns0:type="simple" ns0:href="../000/11053000.xml">julia salaman</link></creator></artist></painter></causal_agent></person></physical_entity><village wordnetid="108672738" confidence="0.9508927676800064"><link ns0:type="simple" ns0:href="../867/17867.xml">london</link></village><link ns0:type="simple" ns0:href="../556/975556.xml">linen draper</link>town councellor loui goodman studi leigh<museum wordnetid="103800563" confidence="0.9508927676800064"><link ns0:type="simple" ns0:href="../778/161778.xml">royal academi</link></museum><village wordnetid="108672738" confidence="0.9508927676800064"><link ns0:type="simple" ns0:href="../867/17867.xml">london</link></village>admit student unearth detail fifti work goodman whereabout unknown notabl except printsel acquir memori art galleri<university wordnetid="108286163" confidence="0.9508927676800064"><link ns0:type="simple" ns0:href="../918/31918.xml">univers rochest</link></university>portrait actress<physical_entity wordnetid="100001930" confidence="0.8"><person wordnetid="100007846" confidence="0.8"><leader wordnetid="109623038" confidence="0.8"><administrator wordnetid="109770949" confidence="0.8"><performer wordnetid="110415638" confidence="0.8"><causal_agent wordnetid="100007347" confidence="0.8"><actor wordnetid="109765278" confidence="0.8"><head wordnetid="110162991" confidence="0.8"><director wordnetid="110014939" confidence="0.8"><entertainer wordnetid="109616922" confidence="0.8"><link ns0:type="simple" ns0:href="../325/737325.xml">mari ann keeley</link></entertainer></director></head></actor></causal_agent></performer></administrator></leader></person></physical_entity>keeley fourscor<physical_entity wordnetid="100001930" confidence="0.8"><person wordnetid="100007846" confidence="0.8"><social_event wordnetid="107288639" confidence="0.8"><actor wordnetid="109765278" confidence="0.8"><ceremony wordnetid="107450842" confidence="0.8"><burial wordnetid="107451687" confidence="0.8"><affair wordnetid="107447261" confidence="0.8"><event wordnetid="100029378" confidence="0.8"><funeral wordnetid="107451463" confidence="0.8"><performer wordnetid="110415638" confidence="0.8"><causal_agent wordnetid="100007347" confidence="0.8"><psychological_feature wordnetid="100023100" confidence="0.8"><entertainer wordnetid="109616922" confidence="0.8"><link ns0:type="simple" ns0:href="../950/1973950.xml">fanni stirl</link></entertainer></psychological_feature></causal_agent></performer></funeral></event></affair></burial></ceremony></actor></social_event></person></physical_entity>collect london<association wordnetid="108049401" confidence="0.8"><club wordnetid="108227214" confidence="0.8"><link ns0:type="simple" ns0:href="../834/4641834.xml">garrick club</link></club></association>kitchen cabinet<link ns0:type="simple" ns0:href="../802/310802.xml">tromp loeil</link>paint privat collect<region wordnetid="108630985" confidence="0.8"><administrative_district wordnetid="108491826" confidence="0.8"><location wordnetid="100027167" confidence="0.8"><district wordnetid="108552138" confidence="0.8"><country wordnetid="108544813" confidence="0.8"><link ns0:type="simple" ns0:href="../131/8210131.xml">york</link></country></district></location></administrative_district></region>cuban scene bamboo privat collect<village wordnetid="108672738" confidence="0.9508927676800064"><link ns0:type="simple" ns0:href="../867/17867.xml">london</link></village>long eye possess goodman famili</p><sec><st>earli work</st><p>goodman earliest record work depict trial dr<link>simon bernard</link>attempt assassin<link ns0:type="simple" ns0:href="../581/62581.xml">napoleon iii</link>paint hung<isogon wordnetid="113866515" confidence="0.8"><shape wordnetid="100027807" confidence="0.8"><plane_figure wordnetid="113863186" confidence="0.8"><polygon wordnetid="113866144" confidence="0.8"><rectangle wordnetid="113883346" confidence="0.8"><operation wordnetid="100955060" confidence="0.8"><regular_polygon wordnetid="113867133" confidence="0.8"><figure wordnetid="113862780" confidence="0.8"><event wordnetid="100029378" confidence="0.8"><parallelogram wordnetid="113881175" confidence="0.8"><square wordnetid="113878634" confidence="0.8"><attack wordnetid="100972621" confidence="0.8"><act wordnetid="100030358" confidence="0.8"><bombing wordnetid="100978413" confidence="0.8"><psychological_feature wordnetid="100023100" confidence="0.8"><activity wordnetid="100407535" confidence="0.8"><quadrilateral wordnetid="113879126" confidence="0.8"><link ns0:type="simple" ns0:href="../471/531471.xml">tavistock squar</link></quadrilateral></activity></psychological_feature></bombing></act></attack></square></parallelogram></event></figure></regular_polygon></operation></rectangle></polygon></plane_figure></shape></isogon>goodman uncl sir<link>john simon</link>work trial<ref ns0:type="simple" ns0:href="#xpointer(//reflist/entry[@id=%221%22])" /><ref ns0:type="simple" ns0:href="#xpointer(//reflist/entry[@id=%222%22])" />goodman earli work exhibit<social_group wordnetid="107950920" confidence="0.8"><society wordnetid="107966140" confidence="0.8"><group wordnetid="100031264" confidence="0.8"><link ns0:type="simple" ns0:href="../099/14274099.xml">british institut</link></group></society></social_group><link ns0:type="simple" ns0:href="../493/639493.xml">pall mall</link><village wordnetid="108672738" confidence="0.9508927676800064"><link ns0:type="simple" ns0:href="../867/17867.xml">london</link></village>doctor cane bibl stori<ref ns0:type="simple" ns0:href="#xpointer(//reflist/entry[@id=%223%22])" /></p><p>public refer goodman scene painter describ goodman sibl appear amateur play stage<artifact wordnetid="100021939" confidence="0.8"><street wordnetid="104334599" confidence="0.8"><way wordnetid="104564698" confidence="0.8"><thoroughfare wordnetid="104426618" confidence="0.8"><road wordnetid="104096066" confidence="0.8"><link ns0:type="simple" ns0:href="../224/645224.xml">baker street</link></road></thoroughfare></way></street></artifact>london uncl compos<link>charl kensington salaman</link>product receiv glow review<ref ns0:type="simple" ns0:href="#xpointer(//reflist/entry[@id=%224%22])" /></p></sec><sec><st>travel</st><p>goodman spent three year<site wordnetid="108651247" confidence="0.9508927676800064"><link ns0:type="simple" ns0:href="../525/11525.xml">florenc</link></site>refin skill copi<link ns0:type="simple" ns0:href="../482/469482.xml">master</link>paint<structure wordnetid="104341686" confidence="0.8"><building wordnetid="102913152" confidence="0.8"><artifact wordnetid="100021939" confidence="0.8"><mansion wordnetid="103719053" confidence="0.8"><facility wordnetid="103315023" confidence="0.8"><dwelling wordnetid="103259505" confidence="0.8"><housing wordnetid="103546340" confidence="0.8"><depository wordnetid="103177349" confidence="0.8"><museum wordnetid="103800563" confidence="0.8"><house wordnetid="103544360" confidence="0.8"><palace wordnetid="103878066" confidence="0.8"><link ns0:type="simple" ns0:href="../854/45854.xml">uffizi</link></palace></house></museum></depository></housing></dwelling></facility></mansion></artifact></building></structure><structure wordnetid="104341686" confidence="0.8"><building wordnetid="102913152" confidence="0.8"><artifact wordnetid="100021939" confidence="0.8"><mansion wordnetid="103719053" confidence="0.8"><facility wordnetid="103315023" confidence="0.8"><dwelling wordnetid="103259505" confidence="0.8"><housing wordnetid="103546340" confidence="0.8"><depository wordnetid="103177349" confidence="0.8"><museum wordnetid="103800563" confidence="0.8"><house wordnetid="103544360" confidence="0.8"><palace wordnetid="103878066" confidence="0.8"><link ns0:type="simple" ns0:href="../994/1080994.xml">pitti</link></palace></house></museum></depository></housing></dwelling></facility></mansion></artifact></building></structure>palac met fellow artist<physical_entity wordnetid="100001930" confidence="0.8"><person wordnetid="100007846" confidence="0.8"><causal_agent wordnetid="100007347" confidence="0.8"><painter wordnetid="110391653" confidence="0.8"><artist wordnetid="109812338" confidence="0.8"><creator wordnetid="109614315" confidence="0.8"><link ns0:type="simple" ns0:href="../732/12117732.xml">joaqun cuadra</link></creator></artist></painter></causal_agent></person></physical_entity>paint time goodman paint interior cathedr san lorenzo genoa exhibit<creation wordnetid="103129123" confidence="0.8"><structure wordnetid="104341686" confidence="0.8"><building wordnetid="102913152" confidence="0.8"><artifact wordnetid="100021939" confidence="0.8"><facility wordnetid="103315023" confidence="0.8"><art wordnetid="102743547" confidence="0.8"><depository wordnetid="103177349" confidence="0.8"><archive wordnetid="102735086" confidence="0.8"><link ns0:type="simple" ns0:href="../642/1341642.xml">royal scottish academi</link></archive></depository></art></facility></artifact></building></structure></creation><ref ns0:type="simple" ns0:href="#xpointer(//reflist/entry[@id=%225%22])" /></p><p>goodman favourit destin<system wordnetid="108435388" confidence="0.8"><economy wordnetid="108366753" confidence="0.8"><group wordnetid="100031264" confidence="0.8"><link ns0:type="simple" ns0:href="../667/26667.xml">spain</link></group></economy></system>fluent<language wordnetid="106282651" confidence="0.9508927676800064"><link ns0:type="simple" ns0:href="../825/26825.xml">spanish</link></language><ref ns0:type="simple" ns0:href="#xpointer(//reflist/entry[@id=%226%22])" />travel cuadra<site wordnetid="108651247" confidence="0.8"><region wordnetid="108630985" confidence="0.8"><administrative_district wordnetid="108491826" confidence="0.8"><location wordnetid="100027167" confidence="0.8"><tract wordnetid="108673395" confidence="0.8"><municipality wordnetid="108626283" confidence="0.8"><geographical_area wordnetid="108574314" confidence="0.8"><district wordnetid="108552138" confidence="0.8"><urban_area wordnetid="108675967" confidence="0.8"><city wordnetid="108524735" confidence="0.8"><link ns0:type="simple" ns0:href="../443/4443.xml">barcelona</link></city></urban_area></district></geographical_area></municipality></tract></location></administrative_district></region></site>spent year return<country wordnetid="108544813" confidence="0.9508927676800064"><link ns0:type="simple" ns0:href="../316/9316.xml">england</link></country><country wordnetid="108544813" confidence="0.9508927676800064"><link ns0:type="simple" ns0:href="../994/26994.xml">scotland</link></country><site wordnetid="108651247" confidence="0.9508927676800064"><link ns0:type="simple" ns0:href="../602/9602.xml">edinburgh</link></site>resid short time journalist brother edward john assist<work wordnetid="104599396" confidence="0.8"><product wordnetid="104007894" confidence="0.8"><print_media wordnetid="106263609" confidence="0.8"><creation wordnetid="103129123" confidence="0.8"><press wordnetid="106263369" confidence="0.8"><artifact wordnetid="100021939" confidence="0.8"><instrumentality wordnetid="103575240" confidence="0.8"><medium wordnetid="106254669" confidence="0.8"><publication wordnetid="106589574" confidence="0.8"><newspaper wordnetid="106267145" confidence="0.8"><link ns0:type="simple" ns0:href="../483/7290483.xml">edinburgh courant</link></newspaper></publication></medium></instrumentality></artifact></press></creation></print_media></product></work>publish<physical_entity wordnetid="100001930" confidence="0.8"><communicator wordnetid="109610660" confidence="0.8"><person wordnetid="100007846" confidence="0.8"><causal_agent wordnetid="100007347" confidence="0.8"><writer wordnetid="110794014" confidence="0.8"><novelist wordnetid="110363573" confidence="0.8"><journalist wordnetid="110224578" confidence="0.8"><link ns0:type="simple" ns0:href="../645/1078645.xml">jame hannay</link></journalist></novelist></writer></causal_agent></person></communicator></physical_entity>paint exhibit<creation wordnetid="103129123" confidence="0.8"><structure wordnetid="104341686" confidence="0.8"><building wordnetid="102913152" confidence="0.8"><artifact wordnetid="100021939" confidence="0.8"><facility wordnetid="103315023" confidence="0.8"><art wordnetid="102743547" confidence="0.8"><depository wordnetid="103177349" confidence="0.8"><archive wordnetid="102735086" confidence="0.8"><link ns0:type="simple" ns0:href="../642/1341642.xml">royal scottish academi</link></archive></depository></art></facility></artifact></building></structure></creation><ref ns0:type="simple" ns0:href="#xpointer(//reflist/entry[@id=%227%22])" />well author david smith work entitl head exhibit<creation wordnetid="103129123" confidence="0.8"><structure wordnetid="104341686" confidence="0.8"><building wordnetid="102913152" confidence="0.8"><artifact wordnetid="100021939" confidence="0.8"><facility wordnetid="103315023" confidence="0.8"><art wordnetid="102743547" confidence="0.8"><depository wordnetid="103177349" confidence="0.8"><archive wordnetid="102735086" confidence="0.8"><link ns0:type="simple" ns0:href="../642/1341642.xml">royal scottish academi</link></archive></depository></art></facility></artifact></building></structure></creation>year<ref ns0:type="simple" ns0:href="#xpointer(//reflist/entry[@id=%228%22])" /></p><p>rejoin cuadra set sail french steamer<region wordnetid="108630985" confidence="0.8"><administrative_district wordnetid="108491826" confidence="0.8"><location wordnetid="100027167" confidence="0.8"><commune wordnetid="108541609" confidence="0.8"><district wordnetid="108552138" confidence="0.8"><link ns0:type="simple" ns0:href="../412/427412.xml">saintnazair</link></district></commune></location></administrative_district></region><link ns0:type="simple" ns0:href="../035/18956035.xml">west indi</link><ref ns0:type="simple" ns0:href="#xpointer(//reflist/entry[@id=%229%22])" />goodman time<link ns0:type="simple" ns0:href="../035/18956035.xml">west indi</link>spent<village wordnetid="108672738" confidence="0.9508927676800064"><link ns0:type="simple" ns0:href="../003/235003.xml">santiago</link></village><village wordnetid="108672738" confidence="0.9508927676800064"><link ns0:type="simple" ns0:href="../719/49719.xml">havana</link></village><country wordnetid="108544813" confidence="0.9508927676800064"><link ns0:type="simple" ns0:href="../481/5042481.xml">cuba</link></country>work artist journalist paint theatric set goodman cuadra imprison short time morro castl<village wordnetid="108672738" confidence="0.9508927676800064"><link ns0:type="simple" ns0:href="../003/235003.xml">santiago</link></village><ref ns0:type="simple" ns0:href="#xpointer(//reflist/entry[@id=%2210%22])" />time<country wordnetid="108544813" confidence="0.9508927676800064"><link ns0:type="simple" ns0:href="../481/5042481.xml">cuba</link></country>goodman contribut articl letter<newspaper wordnetid="106267145" confidence="0.9508927676800064"><link ns0:type="simple" ns0:href="../811/222811.xml">york herald</link></newspaper><link ns0:type="simple" ns0:href="../043/46043.xml">nom de plume</link>el caballero ingles civil unrest forc flee<region wordnetid="108630985" confidence="0.8"><administrative_district wordnetid="108491826" confidence="0.8"><location wordnetid="100027167" confidence="0.8"><district wordnetid="108552138" confidence="0.8"><country wordnetid="108544813" confidence="0.8"><link ns0:type="simple" ns0:href="../131/8210131.xml">york</link></country></district></location></administrative_district></region>januari<ref ns0:type="simple" ns0:href="#xpointer(//reflist/entry[@id=%2211%22])" />board american steamer morro castl<ref ns0:type="simple" ns0:href="#xpointer(//reflist/entry[@id=%2212%22])" /></p><p>spent year<body wordnetid="107965085" confidence="0.8"><social_group wordnetid="107950920" confidence="0.8"><political_orientation wordnetid="106212839" confidence="0.8"><colony wordnetid="108374049" confidence="0.8"><state wordnetid="108168978" confidence="0.8"><political_unit wordnetid="108359949" confidence="0.8"><group wordnetid="100031264" confidence="0.8"><democracy wordnetid="106217103" confidence="0.8"><link ns0:type="simple" ns0:href="../750/3434750.xml">unit</link></democracy></group></political_unit></state></colony></political_orientation></social_group></body>travel<site wordnetid="108651247" confidence="0.9508927676800064"><village wordnetid="108672738" confidence="0.9508927676800064"><link ns0:type="simple" ns0:href="../458/25458.xml">rome</link></village></site><ref ns0:type="simple" ns0:href="#xpointer(//reflist/entry[@id=%2213%22])" />return london year exhibit portrait evelyn daughter gjreid esq<link ns0:type="simple" ns0:href="../538/349538.xml">tunbridg well</link><museum wordnetid="103800563" confidence="0.9508927676800064"><link ns0:type="simple" ns0:href="../778/161778.xml">royal academi</link></museum>portrait uncl serjeant simon mp display royal oak hotel simon constitu<site wordnetid="108651247" confidence="0.9508927676800064"><link ns0:type="simple" ns0:href="../867/149867.xml">dewsburi</link></site><subdivision wordnetid="108674251" confidence="0.9508927676800064"><link ns0:type="simple" ns0:href="../637/36637.xml">yorkshir</link></subdivision><ref ns0:type="simple" ns0:href="#xpointer(//reflist/entry[@id=%2214%22])" />goodman contribut piec entitl cigarett manufactur havana london societi magazin publish account year cuba entitl pearl antil artist cuba favor review reprint<country wordnetid="108544813" confidence="0.9508927676800064"><link ns0:type="simple" ns0:href="../481/5042481.xml">cuba</link></country>book base seri humor sketch publish<person wordnetid="100007846" confidence="0.9508927676800064"><writer wordnetid="110794014" confidence="0.9508927676800064"><novelist wordnetid="110363573" confidence="0.9173553029164789"><link ns0:type="simple" ns0:href="../884/5884.xml">charl dicken</link></novelist></writer></person>period<work wordnetid="104599396" confidence="0.8"><product wordnetid="104007894" confidence="0.8"><magazine wordnetid="106595351" confidence="0.8"><print_media wordnetid="106263609" confidence="0.8"><creation wordnetid="103129123" confidence="0.8"><press wordnetid="106263369" confidence="0.8"><artifact wordnetid="100021939" confidence="0.8"><instrumentality wordnetid="103575240" confidence="0.8"><medium wordnetid="106254669" confidence="0.8"><publication wordnetid="106589574" confidence="0.8"><link ns0:type="simple" ns0:href="../070/823070.xml">year round</link></publication></medium></instrumentality></artifact></press></creation></print_media></magazine></product></work>year contribut sketch<village wordnetid="108672738" confidence="0.9508927676800064"><link ns0:type="simple" ns0:href="../003/235003.xml">santiago</link></village><work wordnetid="104599396" confidence="0.8"><product wordnetid="104007894" confidence="0.8"><print_media wordnetid="106263609" confidence="0.8"><creation wordnetid="103129123" confidence="0.8"><press wordnetid="106263369" confidence="0.8"><artifact wordnetid="100021939" confidence="0.8"><instrumentality wordnetid="103575240" confidence="0.8"><medium wordnetid="106254669" confidence="0.8"><publication wordnetid="106589574" confidence="0.8"><newspaper wordnetid="106267145" confidence="0.8"><link ns0:type="simple" ns0:href="../759/2333759.xml">graphic</link></newspaper></publication></medium></instrumentality></artifact></press></creation></print_media></product></work>magazin<image location="right" width="200px" src="Home_of_the_Bamboo.jpg" type="thumbnail"><caption>bamboo</caption></image></p></sec><sec><st>prolif period</st><p>februari issu cassel magazin includ articl goodman titl save wreck cuba master winter exhibit oil paint titl young castil voic sea london dudley french galleri exhibit draw languag face black white exhibit dudley galleri morn work london exhibit fine art work<link ns0:type="simple" ns0:href="../802/310802.xml">tromp loeil</link>paint describ public day housemaid clean window spectat meant<ref ns0:type="simple" ns0:href="#xpointer(//reflist/entry[@id=%2215%22])" /></p><p>draw russian peasantri goodman appear<link ns0:type="simple" ns0:href="../159/1197159.xml">illustr london news</link>well illustr<physical_entity wordnetid="100001930" confidence="0.8"><person wordnetid="100007846" confidence="0.8"><dramatist wordnetid="110030277" confidence="0.8"><novelist wordnetid="110363573" confidence="0.8"><communicator wordnetid="109610660" confidence="0.8"><accessory wordnetid="109759875" confidence="0.8"><principal wordnetid="110474950" confidence="0.8"><criminal wordnetid="109977660" confidence="0.8"><wrongdoer wordnetid="109633969" confidence="0.8"><causal_agent wordnetid="100007347" confidence="0.8"><writer wordnetid="110794014" confidence="0.8"><confederate wordnetid="109953483" confidence="0.8"><bad_person wordnetid="109831962" confidence="0.8"><link ns0:type="simple" ns0:href="../275/161275.xml">wilki collin</link></bad_person></confederate></writer></causal_agent></wrongdoer></criminal></principal></accessory></communicator></novelist></dramatist></person></physical_entity>stori bit bob magazin christma number entitl baggag time goodman move<site wordnetid="108651247" confidence="0.9508927676800064"><link ns0:type="simple" ns0:href="../435/370435.xml">bradford</link></site><subdivision wordnetid="108674251" confidence="0.9508927676800064"><link ns0:type="simple" ns0:href="../637/36637.xml">yorkshir</link></subdivision>live sister alic year goodman contribut draw god care ellen hail children book three brown boy happi children publish main contribut artist renown children book illustr<physical_entity wordnetid="100001930" confidence="0.8"><communicator wordnetid="109610660" confidence="0.8"><person wordnetid="100007846" confidence="0.8"><illustrator wordnetid="109812068" confidence="0.8"><causal_agent wordnetid="100007347" confidence="0.8"><artist wordnetid="109812338" confidence="0.8"><writer wordnetid="110794014" confidence="0.8"><creator wordnetid="109614315" confidence="0.8"><link ns0:type="simple" ns0:href="../444/163444.xml">kate greenaway</link></creator></writer></artist></causal_agent></illustrator></person></communicator></physical_entity></p><p>exhibit unnam oil paint depict northern<country wordnetid="108544813" confidence="0.9508927676800064"><link ns0:type="simple" ns0:href="../316/9316.xml">england</link></country>factori girl return work dudley galleri<ref ns0:type="simple" ns0:href="#xpointer(//reflist/entry[@id=%2216%22])" />year goodman score coup involv chines diplomat mission<link ns0:type="simple" ns0:href="../239/9239.xml">europ</link>liu hsihung chines minist court<region wordnetid="108630985" confidence="0.8"><administrative_district wordnetid="108491826" confidence="0.8"><location wordnetid="100027167" confidence="0.8"><municipality wordnetid="108626283" confidence="0.8"><settlement wordnetid="108672562" confidence="0.8"><capital wordnetid="108518505" confidence="0.8"><city wordnetid="108524735" confidence="0.8"><country wordnetid="108544813" confidence="0.8"><center wordnetid="108523483" confidence="0.8"><area wordnetid="108497294" confidence="0.8"><village wordnetid="108672738" confidence="0.8"><seat wordnetid="108647945" confidence="0.8"><geographical_area wordnetid="108574314" confidence="0.8"><district wordnetid="108552138" confidence="0.8"><urban_area wordnetid="108675967" confidence="0.8"><link ns0:type="simple" ns0:href="../354/3354.xml">berlin</link></urban_area></district></geographical_area></seat></village></area></center></country></city></capital></settlement></municipality></location></administrative_district></region>commiss copi<link ns0:type="simple" ns0:href="../616/98616.xml">nation galleri</link>madonna prayer<physical_entity wordnetid="100001930" confidence="0.8"><person wordnetid="100007846" confidence="0.8"><causal_agent wordnetid="100007347" confidence="0.8"><painter wordnetid="110391653" confidence="0.8"><artist wordnetid="109812338" confidence="0.8"><creator wordnetid="109614315" confidence="0.8"><link ns0:type="simple" ns0:href="../398/1400398.xml">sassoferrato</link></creator></artist></painter></causal_agent></person></physical_entity>reputedli commiss chines english artist paint subsequ dispatch<country wordnetid="108544813" confidence="0.9508927676800064"><link ns0:type="simple" ns0:href="../867/11867.xml">germani</link></country><ref ns0:type="simple" ns0:href="#xpointer(//reflist/entry[@id=%2217%22])" />paint excel kuo tajen kuo sungtao chines minist<link ns0:type="simple" ns0:href="../654/465654.xml">court st jame</link>china ambassador initi exhibit<museum wordnetid="103800563" confidence="0.9508927676800064"><link ns0:type="simple" ns0:href="../778/161778.xml">royal academi</link></museum><museum wordnetid="103800563" confidence="0.9508927676800064"><link ns0:type="simple" ns0:href="../491/459491.xml">walker art galleri</link></museum><village wordnetid="108672738" confidence="0.9508927676800064"><link ns0:type="simple" ns0:href="../081/18081.xml">liverpool</link></village>year goodman fulllength portrait chines ladi rank<museum wordnetid="103800563" confidence="0.9508927676800064"><link ns0:type="simple" ns0:href="../778/161778.xml">royal academi</link></museum>group portrait young chines girl nativ dress fact chines ambassador wife young child child nurs preliminari studi paint display<link ns0:type="simple" ns0:href="../923/47923.xml">queen victoria</link>march<structure wordnetid="104341686" confidence="0.8"><building wordnetid="102913152" confidence="0.8"><artifact wordnetid="100021939" confidence="0.8"><mansion wordnetid="103719053" confidence="0.8"><dwelling wordnetid="103259505" confidence="0.8"><housing wordnetid="103546340" confidence="0.8"><house wordnetid="103544360" confidence="0.8"><palace wordnetid="103878066" confidence="0.8"><link ns0:type="simple" ns0:href="../517/4689517.xml">windsor castl</link></palace></house></housing></dwelling></mansion></artifact></building></structure><ref ns0:type="simple" ns0:href="#xpointer(//reflist/entry[@id=%2218%22])" />meet led queen son<sovereign wordnetid="110628644" confidence="0.9508927676800064"><link ns0:type="simple" ns0:href="../588/285588.xml">princ leopold duke albani</link></sovereign>sit goodman portrait submit<museum wordnetid="103800563" confidence="0.9508927676800064"><link ns0:type="simple" ns0:href="../778/161778.xml">royal academi</link></museum>paint purchas year<link ns0:type="simple" ns0:href="../412/1157412.xml">nation hospit</link><link ns0:type="simple" ns0:href="../411/8552411.xml">queen squar</link><village wordnetid="108672738" confidence="0.9508927676800064"><link ns0:type="simple" ns0:href="../867/17867.xml">london</link></village><ref ns0:type="simple" ns0:href="#xpointer(//reflist/entry[@id=%2219%22])" />goodman<physical_entity wordnetid="100001930" confidence="0.8"><communicator wordnetid="109610660" confidence="0.8"><person wordnetid="100007846" confidence="0.8"><causal_agent wordnetid="100007347" confidence="0.8"><writer wordnetid="110794014" confidence="0.8"><journalist wordnetid="110224578" confidence="0.8"><link ns0:type="simple" ns0:href="../105/1235105.xml">sala journal</link></journalist></writer></causal_agent></person></communicator></physical_entity>paint purchas hospit hospit record whereabout paint</p><p>goodman contribut essay theatr late entitl english ballet spain</p></sec><sec><st>printsel</st><p>goodman display printsel fascin<link ns0:type="simple" ns0:href="../802/310802.xml">tromp loeil</link>depict content printsel window includ merchant place figur display special exhibit st jame galleri london year display<museum wordnetid="103800563" confidence="0.9508927676800064"><link ns0:type="simple" ns0:href="../491/459491.xml">walker art galleri</link></museum>offer paint liverpool autumn exhibit price pound paint find buyer caus artist reexhibit year<creation wordnetid="103129123" confidence="0.8"><structure wordnetid="104341686" confidence="0.8"><building wordnetid="102913152" confidence="0.8"><artifact wordnetid="100021939" confidence="0.8"><facility wordnetid="103315023" confidence="0.8"><art wordnetid="102743547" confidence="0.8"><depository wordnetid="103177349" confidence="0.8"><archive wordnetid="102735086" confidence="0.8"><link ns0:type="simple" ns0:href="../642/1341642.xml">royal scottish academi</link></archive></depository></art></facility></artifact></building></structure></creation>paint year long eye<museum wordnetid="103800563" confidence="0.9508927676800064"><link ns0:type="simple" ns0:href="../491/459491.xml">walker art galleri</link></museum><image location="left" width="200px" src="Printseller.jpg" type="thumbnail"><caption>printsel</caption></image></p><p>goodman credit portrait<link ns0:type="simple" ns0:href="../608/167608.xml">duke edinburgh</link><link ns0:type="simple" ns0:href="../923/47923.xml">victoria</link>second son alfr railroad builder sir thoma brassey wife sarah knowl bolton royal academi submiss portrait entitl keeley year record subsequ london bohemian<association wordnetid="108049401" confidence="0.8"><club wordnetid="108227214" confidence="0.8"><link ns0:type="simple" ns0:href="../114/1227114.xml">savag club</link></club></association>artist member brother edward chairman committe<ref ns0:type="simple" ns0:href="#xpointer(//reflist/entry[@id=%2220%22])" />keeley paint keeley fourscor hous<association wordnetid="108049401" confidence="0.8"><club wordnetid="108227214" confidence="0.8"><link ns0:type="simple" ns0:href="../834/4641834.xml">garrick club</link></club></association>exhibit<body wordnetid="107965085" confidence="0.8"><social_group wordnetid="107950920" confidence="0.8"><group wordnetid="100031264" confidence="0.8"><administration wordnetid="108164585" confidence="0.8"><link ns0:type="simple" ns0:href="../651/9533651.xml">institut oil painter</link></administration></group></social_group></body>goodman admir<physical_entity wordnetid="100001930" confidence="0.8"><person wordnetid="100007846" confidence="0.8"><leader wordnetid="109623038" confidence="0.8"><administrator wordnetid="109770949" confidence="0.8"><performer wordnetid="110415638" confidence="0.8"><causal_agent wordnetid="100007347" confidence="0.8"><actor wordnetid="109765278" confidence="0.8"><head wordnetid="110162991" confidence="0.8"><director wordnetid="110014939" confidence="0.8"><entertainer wordnetid="109616922" confidence="0.8"><link ns0:type="simple" ns0:href="../325/737325.xml">mari ann keeley</link></entertainer></director></head></actor></causal_agent></performer></administrator></leader></person></physical_entity>act famili publish appreci entitl keeley stage engrav portrait paint goodman life interest theatr culmin appear keeley fullscal product stage<theater wordnetid="104417809" confidence="0.9508927676800064"><link ns0:type="simple" ns0:href="../129/1570129.xml">princ wale theatr</link></theater>night januari time paint actress alfr mellon actress portrait goodman paint ami sedgwick year death third husband present portrait<association wordnetid="108049401" confidence="0.8"><club wordnetid="108227214" confidence="0.8"><link ns0:type="simple" ns0:href="../834/4641834.xml">garrick club</link></club></association>remain<ref ns0:type="simple" ns0:href="#xpointer(//reflist/entry[@id=%2221%22])" />theatrerel person captur goodman brush includ negro delin mackney dramatist henri pettit</p><p>goodman exhibit three portrait<physical_entity wordnetid="100001930" confidence="0.8"><person wordnetid="100007846" confidence="0.8"><leader wordnetid="109623038" confidence="0.8"><administrator wordnetid="109770949" confidence="0.8"><performer wordnetid="110415638" confidence="0.8"><causal_agent wordnetid="100007347" confidence="0.8"><actor wordnetid="109765278" confidence="0.8"><head wordnetid="110162991" confidence="0.8"><director wordnetid="110014939" confidence="0.8"><entertainer wordnetid="109616922" confidence="0.8"><link ns0:type="simple" ns0:href="../325/737325.xml">mari ann keeley</link></entertainer></director></head></actor></causal_agent></performer></administrator></leader></person></physical_entity><physical_entity wordnetid="100001930" confidence="0.8"><person wordnetid="100007846" confidence="0.8"><social_event wordnetid="107288639" confidence="0.8"><actor wordnetid="109765278" confidence="0.8"><ceremony wordnetid="107450842" confidence="0.8"><burial wordnetid="107451687" confidence="0.8"><affair wordnetid="107447261" confidence="0.8"><event wordnetid="100029378" confidence="0.8"><funeral wordnetid="107451463" confidence="0.8"><performer wordnetid="110415638" confidence="0.8"><causal_agent wordnetid="100007347" confidence="0.8"><psychological_feature wordnetid="100023100" confidence="0.8"><entertainer wordnetid="109616922" confidence="0.8"><link ns0:type="simple" ns0:href="../950/1973950.xml">fanni stirl</link></entertainer></psychological_feature></causal_agent></performer></funeral></event></affair></burial></ceremony></actor></social_event></person></physical_entity><link ns0:type="simple" ns0:href="../555/60555.xml">grace darl</link>signor palladiens galleri<artifact wordnetid="100021939" confidence="0.8"><street wordnetid="104334599" confidence="0.8"><way wordnetid="104564698" confidence="0.8"><thoroughfare wordnetid="104426618" confidence="0.8"><road wordnetid="104096066" confidence="0.8"><link ns0:type="simple" ns0:href="../077/438077.xml">bond street</link></road></thoroughfare></way></street></artifact><village wordnetid="108672738" confidence="0.9508927676800064"><link ns0:type="simple" ns0:href="../867/17867.xml">london</link></village><ref ns0:type="simple" ns0:href="#xpointer(//reflist/entry[@id=%2222%22])" /></p><p>goodman contribut paint exhibit<region wordnetid="108630985" confidence="0.8"><administrative_district wordnetid="108491826" confidence="0.8"><location wordnetid="100027167" confidence="0.8"><district wordnetid="108552138" confidence="0.8"><country wordnetid="108544813" confidence="0.8"><link ns0:type="simple" ns0:href="../131/8210131.xml">york</link></country></district></location></administrative_district></region>proce sale paint benefit ail irishborn american artist arthur lumley<ref ns0:type="simple" ns0:href="#xpointer(//reflist/entry[@id=%2223%22])" /></p></sec><sec><st>famili</st><p>goodman marri clara isabel<village wordnetid="108672738" confidence="0.9508927676800064"><link ns0:type="simple" ns0:href="../155/51155.xml">leicest</link></village>move<site wordnetid="108651247" confidence="0.9508927676800064"><link ns0:type="simple" ns0:href="../796/49796.xml">brighton</link></site>son walter russel born joaquin reginald julia keeley author twopart articl magazin art entitl artist studio piec goodman clear familiar term visit number studio hand great painter victorian age portray printsel</p><p>goodman exhibit portrait<body wordnetid="107965085" confidence="0.8"><social_group wordnetid="107950920" confidence="0.8"><group wordnetid="100031264" confidence="0.8"><administration wordnetid="108164585" confidence="0.8"><link ns0:type="simple" ns0:href="../651/9533651.xml">institut oil painter</link></administration></group></social_group></body>london lionel brough<ref ns0:type="simple" ns0:href="#xpointer(//reflist/entry[@id=%2224%22])" /><physical_entity wordnetid="100001930" confidence="0.8"><songwriter wordnetid="110624540" confidence="0.8"><composer wordnetid="109947232" confidence="0.8"><person wordnetid="100007846" confidence="0.8"><musician wordnetid="110339966" confidence="0.8"><causal_agent wordnetid="100007347" confidence="0.8"><artist wordnetid="109812338" confidence="0.8"><creator wordnetid="109614315" confidence="0.8"><link ns0:type="simple" ns0:href="../164/3758164.xml">henri russel</link></creator></artist></causal_agent></musician></person></composer></songwriter></physical_entity><ref ns0:type="simple" ns0:href="#xpointer(//reflist/entry[@id=%2225%22])" />year portrait<physical_entity wordnetid="100001930" confidence="0.8"><person wordnetid="100007846" confidence="0.8"><dramatist wordnetid="110030277" confidence="0.8"><novelist wordnetid="110363573" confidence="0.8"><communicator wordnetid="109610660" confidence="0.8"><accessory wordnetid="109759875" confidence="0.8"><principal wordnetid="110474950" confidence="0.8"><criminal wordnetid="109977660" confidence="0.8"><wrongdoer wordnetid="109633969" confidence="0.8"><causal_agent wordnetid="100007347" confidence="0.8"><writer wordnetid="110794014" confidence="0.8"><confederate wordnetid="109953483" confidence="0.8"><bad_person wordnetid="109831962" confidence="0.8"><link ns0:type="simple" ns0:href="../275/161275.xml">late wilki collin age</link></bad_person></confederate></writer></causal_agent></wrongdoer></criminal></principal></accessory></communicator></novelist></dramatist></person></physical_entity>royal societi british artist<ref ns0:type="simple" ns0:href="#xpointer(//reflist/entry[@id=%2226%22])" /></p></sec><sec><st>peopl paint</st><p><link ns0:type="simple" ns0:href="../184/11184.xml">februari</link><link ns0:type="simple" ns0:href="../844/15844.xml">juli</link><link ns0:type="simple" ns0:href="../713/34713.xml" />goodman contribut weekli essay peopl paint<physical_entity wordnetid="100001930" confidence="0.8"><communicator wordnetid="109610660" confidence="0.8"><person wordnetid="100007846" confidence="0.8"><causal_agent wordnetid="100007347" confidence="0.8"><writer wordnetid="110794014" confidence="0.8"><journalist wordnetid="110224578" confidence="0.8"><link ns0:type="simple" ns0:href="../105/1235105.xml">sala journal</link></journalist></writer></causal_agent></person></communicator></physical_entity><ref ns0:type="simple" ns0:href="#xpointer(//reflist/entry[@id=%2227%22])" />essay detail humor circumst surround paint seri paint goodman creat subject essay entitl</p><p>emperor french<ref ns0:type="simple" ns0:href="#xpointer(//reflist/entry[@id=%2228%22])" /></p><p>goodman commiss produc seri larg feet feet panoram view illustr italian war featur french emperor<link ns0:type="simple" ns0:href="../581/62581.xml">napoleon iii</link>work transpar design artifici lit goodman record clean ladi ruin work overzeal forget emperor sat goodman person paint execut help photograph napoleon iii london time paint intend continent destin ship<village wordnetid="108672738" confidence="0.9508927676800064"><link ns0:type="simple" ns0:href="../545/55545.xml">odessa</link></village>seri privat exhibit apart paint time write goodman knowledg whereabout paint</p><p><sovereign wordnetid="110628644" confidence="0.9508927676800064"><link ns0:type="simple" ns0:href="../588/285588.xml">princ leopold</link></sovereign><ref ns0:type="simple" ns0:href="#xpointer(//reflist/entry[@id=%2229%22])" /></p><p>goodman request<sovereign wordnetid="110628644" confidence="0.9508927676800064"><link ns0:type="simple" ns0:href="../588/285588.xml">princ leopold</link></sovereign>sat london studio goodman note prior princ visit februari request clean ladi studio extra tidi expect princ sit princ sister<sovereign wordnetid="110628644" confidence="0.9508927676800064"><person wordnetid="100007846" confidence="0.9508927676800064"><link ns0:type="simple" ns0:href="../177/294177.xml">princess louis duchess argyl</link></person></sovereign>marchio lorn paid visit goodman studio<sovereign wordnetid="110628644" confidence="0.9508927676800064"><link ns0:type="simple" ns0:href="../588/285588.xml">princ leopold</link></sovereign>fail health sit place warmer surround princ apart<structure wordnetid="104341686" confidence="0.8"><building wordnetid="102913152" confidence="0.8"><artifact wordnetid="100021939" confidence="0.8"><mansion wordnetid="103719053" confidence="0.8"><dwelling wordnetid="103259505" confidence="0.8"><housing wordnetid="103546340" confidence="0.8"><house wordnetid="103544360" confidence="0.8"><palace wordnetid="103878066" confidence="0.8"><link ns0:type="simple" ns0:href="../517/4689517.xml">windsor castl</link></palace></house></housing></dwelling></mansion></artifact></building></structure>princ leopold die year paint exhibit<structure wordnetid="104341686" confidence="0.8"><building wordnetid="102913152" confidence="0.8"><artifact wordnetid="100021939" confidence="0.8"><facility wordnetid="103315023" confidence="0.8"><depository wordnetid="103177349" confidence="0.8"><museum wordnetid="103800563" confidence="0.8"><link ns0:type="simple" ns0:href="../410/1703410.xml">guildhal academi art</link></museum></depository></facility></artifact></building></structure>subsequ purchas<link ns0:type="simple" ns0:href="../412/1157412.xml">nation hospit neurolog neurosurgeri</link><link ns0:type="simple" ns0:href="../411/8552411.xml">queen squar</link><village wordnetid="108672738" confidence="0.9508927676800064"><link ns0:type="simple" ns0:href="../867/17867.xml">london</link></village></p><p>excel kuo sung tao<ref ns0:type="simple" ns0:href="#xpointer(//reflist/entry[@id=%2230%22])" /></p><p>goodman commiss chines ambassador<island wordnetid="109316454" confidence="0.9508927676800064"><link ns0:type="simple" ns0:href="../298/13530298.xml">great britain</link></island><country wordnetid="108544813" confidence="0.9508927676800064"><link ns0:type="simple" ns0:href="../419/5843419.xml">franc</link></country>paint portrait minist question famili kuo sungtao held offici titl kuo tajen goodman write difficulti experienc attempt captur subject grand attir sit place goodman<site wordnetid="108651247" confidence="0.9508927676800064"><link ns0:type="simple" ns0:href="../200/94200.xml">not hill</link></site><village wordnetid="108672738" confidence="0.9508927676800064"><link ns0:type="simple" ns0:href="../867/17867.xml">london</link></village>note wonder excit local inhabit arriv ambassador carriag exot occup deliv portrait paint kou sungtao incur wrath ridicul countrymen extent fact return portrait goodman request money goodman declin goodman inform excel custom countri mandarin portrait paint varianc rigid rule outer barbarian return money</p><p>chines ladi rank<ref ns0:type="simple" ns0:href="#xpointer(//reflist/entry[@id=%2231%22])" /></p><p>ladi question three wive chines ambassador kuo taitai goodman great length explain exot appear small child yingsung eighteen sit place chines legat<artifact wordnetid="100021939" confidence="0.8"><street wordnetid="104334599" confidence="0.8"><way wordnetid="104564698" confidence="0.8"><thoroughfare wordnetid="104426618" confidence="0.8"><road wordnetid="104096066" confidence="0.8"><link ns0:type="simple" ns0:href="../531/1608531.xml">portland place</link></road></thoroughfare></way></street></artifact><village wordnetid="108672738" confidence="0.9508927676800064"><link ns0:type="simple" ns0:href="../867/17867.xml">london</link></village>day chines embassi describ recept held embassi<link ns0:type="simple" ns0:href="../109/24109.xml">prime minist</link>day<chancellor wordnetid="109906986" confidence="0.9508927676800064"><person wordnetid="100007846" confidence="0.9508927676800064"><link ns0:type="simple" ns0:href="../954/33954.xml">william gladston</link></person></chancellor>portrait group pictur kuo taitai child yingsung child nurs</p><p>keeley fourscor<ref ns0:type="simple" ns0:href="#xpointer(//reflist/entry[@id=%2232%22])" /></p><p><person wordnetid="100007846" confidence="0.9508927676800064"><link ns0:type="simple" ns0:href="../806/437806.xml">jack sheppard</link></person>year<ref ns0:type="simple" ns0:href="#xpointer(//reflist/entry[@id=%2233%22])" /></p><p>final essay contribut<physical_entity wordnetid="100001930" confidence="0.8"><communicator wordnetid="109610660" confidence="0.8"><person wordnetid="100007846" confidence="0.8"><causal_agent wordnetid="100007347" confidence="0.8"><writer wordnetid="110794014" confidence="0.8"><journalist wordnetid="110224578" confidence="0.8"><link ns0:type="simple" ns0:href="../105/1235105.xml">sala journal</link></journalist></writer></causal_agent></person></communicator></physical_entity>goodman describ instal short stori game<link ns0:type="simple" ns0:href="../062/33062.xml">whist</link>wrote manchest courier entitl romanc rubber</p></sec><sec><st>year</st><p>earli goodman commiss travel<link>podbradi</link><link ns0:type="simple" ns0:href="../345/4345.xml">bohemia</link>paint portrait<link>princ hohenloh</link>daughter elisabeth report work met success<ref ns0:type="simple" ns0:href="#xpointer(//reflist/entry[@id=%2234%22])" /></p><p><link ns0:type="simple" ns0:href="../476/847476.xml">jewish chronicl</link>commiss goodman draw studi mother<physical_entity wordnetid="100001930" confidence="0.8"><person wordnetid="100007846" confidence="0.8"><causal_agent wordnetid="100007347" confidence="0.8"><painter wordnetid="110391653" confidence="0.8"><artist wordnetid="109812338" confidence="0.8"><creator wordnetid="109614315" confidence="0.8"><link ns0:type="simple" ns0:href="../000/11053000.xml">julia goodman</link></creator></artist></painter></causal_agent></person></physical_entity>occas birthday appear<link ns0:type="simple" ns0:href="../795/15795.xml">june</link><link ns0:type="simple" ns0:href="../652/34652.xml" />edit public</p><p>goodman exhibit portrait son keeley<body wordnetid="107965085" confidence="0.8"><social_group wordnetid="107950920" confidence="0.8"><group wordnetid="100031264" confidence="0.8"><administration wordnetid="108164585" confidence="0.8"><link ns0:type="simple" ns0:href="../651/9533651.xml">institut oil painter</link></administration></group></social_group></body>london<ref ns0:type="simple" ns0:href="#xpointer(//reflist/entry[@id=%2235%22])" />exhibit jewish art antiqu<structure wordnetid="104341686" confidence="0.8"><building wordnetid="102913152" confidence="0.8"><artifact wordnetid="100021939" confidence="0.8"><facility wordnetid="103315023" confidence="0.8"><depository wordnetid="103177349" confidence="0.8"><museum wordnetid="103800563" confidence="0.8"><link ns0:type="simple" ns0:href="../067/1039067.xml">whitechapel art galleri</link></museum></depository></facility></artifact></building></structure>london late exhibit three work late sampson luca keeley cuban mulatto girl<ref ns0:type="simple" ns0:href="#xpointer(//reflist/entry[@id=%2236%22])" /></p><p>goodman suffer sever ill health unabl continu paint life resid<site wordnetid="108651247" confidence="0.9508927676800064"><link ns0:type="simple" ns0:href="../166/1168166.xml">henfield</link></site><subdivision wordnetid="108674251" confidence="0.9508927676800064"><link ns0:type="simple" ns0:href="../699/49699.xml">sussex</link></subdivision>famili move<site wordnetid="108651247" confidence="0.9508927676800064"><link ns0:type="simple" ns0:href="../102/2157102.xml">stoke st mari</link></site><link ns0:type="simple" ns0:href="../763/51763.xml">somerset</link>final<site wordnetid="108651247" confidence="0.9508927676800064"><link ns0:type="simple" ns0:href="../149/94149.xml">kilburn</link></site><village wordnetid="108672738" confidence="0.9508927676800064"><link ns0:type="simple" ns0:href="../867/17867.xml">london</link></village>leav wife children<site wordnetid="108651247" confidence="0.9508927676800064"><link ns0:type="simple" ns0:href="../166/1168166.xml">henfield</link></site>die cancer august<link ns0:type="simple" ns0:href="../179/644179.xml">kilburn</link>north<village wordnetid="108672738" confidence="0.9508927676800064"><link ns0:type="simple" ns0:href="../867/17867.xml">london</link></village>funer held august buri<site wordnetid="108651247" confidence="0.8"><region wordnetid="108630985" confidence="0.8"><park wordnetid="108615149" confidence="0.8"><location wordnetid="100027167" confidence="0.8"><tract wordnetid="108673395" confidence="0.8"><cemetery wordnetid="108521623" confidence="0.8"><geographical_area wordnetid="108574314" confidence="0.8"><link ns0:type="simple" ns0:href="../809/13322809.xml">hampstead cemeteri</link></geographical_area></cemetery></tract></location></park></region></site>north london small obituari appear<link ns0:type="simple" ns0:href="../794/1794.xml">august</link><link ns0:type="simple" ns0:href="../616/34616.xml" />edit<work wordnetid="104599396" confidence="0.8"><product wordnetid="104007894" confidence="0.8"><print_media wordnetid="106263609" confidence="0.8"><creation wordnetid="103129123" confidence="0.8"><press wordnetid="106263369" confidence="0.8"><artifact wordnetid="100021939" confidence="0.8"><instrumentality wordnetid="103575240" confidence="0.8"><medium wordnetid="106254669" confidence="0.8"><publication wordnetid="106589574" confidence="0.8"><newspaper wordnetid="106267145" confidence="0.8"><link ns0:type="simple" ns0:href="../476/847476.xml">jewish chronicl</link></newspaper></publication></medium></instrumentality></artifact></press></creation></print_media></product></work>refer walter goodman public record</p></sec><sec><st>paint</st><p><list><entry level="1" type="bullet">trail dr simon bernard assassin attempt napoleon iii</entry><entry level="1" type="bullet">battl montebello regiment head colonel cambuel gener forey attack austrian</entry><entry level="1" type="bullet">attack captur bridg magenta gener vinoy</entry><entry level="1" type="bullet">emperor french solferino</entry><entry level="1" type="bullet">bivouac french troop alessandria</entry><entry level="1" type="bullet">emperor visit wound hospit</entry><entry level="1" type="bullet">recept emperor count cavour genoa</entry><entry level="1" type="bullet">peac rejoic milan cathedr brilliantli illumin</entry><entry level="1" type="bullet">doctor cane</entry><entry level="1" type="bullet">bibl stori</entry><entry level="1" type="bullet">interior cathedr san lorenzo genoa</entry><entry level="1" type="bullet">unknown titl portrait late daughter don magin santiago cuba</entry><entry level="1" type="bullet">unknown titl portrait late don pancho aguerro mato santiago cuba</entry><entry level="1" type="bullet">jame hannay esq</entry><entry level="1" type="bullet">david smith</entry><entry level="1" type="bullet">head</entry><entry level="1" type="bullet">serjeant simon mp</entry><entry level="1" type="bullet">evelyn daughter reid esq</entry><entry level="1" type="bullet">young castil</entry><entry level="1" type="bullet">voic sea</entry><entry level="1" type="bullet">morn work</entry><entry level="1" type="bullet">unknown titl northern factori girl return work</entry><entry level="1" type="bullet">excel kuo tajen</entry><entry level="1" type="bullet">madonna prayer commiss copi sassofferato work</entry><entry level="1" type="bullet">chines ladi rank</entry><entry level="1" type="bullet">hrh princ leopold</entry><entry level="1" type="bullet">bamboo</entry><entry level="1" type="bullet">printsel</entry><entry level="1" type="bullet">long eye</entry><entry level="1" type="bullet">alfr mellon</entry><entry level="1" type="bullet">keeley fourscor</entry><entry level="1" type="bullet">fanni stirl</entry><entry level="1" type="bullet">grace darl</entry><entry level="1" type="bullet">louis william</entry><entry level="1" type="bullet">keeley year</entry><entry level="1" type="bullet">henri russel</entry><entry level="1" type="bullet">ami sedgwick</entry><entry level="1" type="bullet">lionel brough</entry><entry level="1" type="bullet">late wilki collin age</entry><entry level="1" type="bullet">joaquin cuadra</entry><entry level="1" type="bullet">emperor french</entry><entry level="1" type="bullet"><link ns0:type="simple" ns0:href="../156/2348156.xml">mariano fortuni marsal</link></entry><entry level="1" type="bullet">samson luca</entry><entry level="1" type="bullet">cuban mulatto girl</entry><entry level="1" type="bullet">young keeley</entry><entry level="1" type="bullet">princ hohenloh</entry><entry level="1" type="bullet">princ hohenloh daughter elisabeth</entry><entry level="1" type="bullet">duke edinburgh</entry><entry level="1" type="bullet">mackney</entry><entry level="1" type="bullet">henri pettit</entry><entry level="1" type="bullet">sir thoma brassey wife sarah knowl bolton</entry><entry level="1" type="bullet">kitchen cabinet</entry></list></p><p>date earliest record work display case year complet</p></sec><sec><st>draw</st><p><list><entry level="1" type="bullet">languag face</entry><entry level="1" type="bullet"><physical_entity wordnetid="100001930" confidence="0.8"><person wordnetid="100007846" confidence="0.8"><causal_agent wordnetid="100007347" confidence="0.8"><painter wordnetid="110391653" confidence="0.8"><artist wordnetid="109812338" confidence="0.8"><creator wordnetid="109614315" confidence="0.8"><link ns0:type="simple" ns0:href="../000/11053000.xml">loui goodman</link></creator></artist></painter></causal_agent></person></physical_entity>commiss<work wordnetid="104599396" confidence="0.8"><product wordnetid="104007894" confidence="0.8"><print_media wordnetid="106263609" confidence="0.8"><creation wordnetid="103129123" confidence="0.8"><press wordnetid="106263369" confidence="0.8"><artifact wordnetid="100021939" confidence="0.8"><instrumentality wordnetid="103575240" confidence="0.8"><medium wordnetid="106254669" confidence="0.8"><publication wordnetid="106589574" confidence="0.8"><newspaper wordnetid="106267145" confidence="0.8"><link ns0:type="simple" ns0:href="../476/847476.xml">jewish chronicl</link></newspaper></publication></medium></instrumentality></artifact></press></creation></print_media></product></work></entry></list></p></sec><sec><st>book</st><p><list><entry level="1" type="bullet">pearl antil artist cuba london hsking</entry><entry level="1" type="bullet">keeley stage london bentley son</entry><entry level="1" type="bullet">artista en cuba letra cubana col testimonio la habana</entry></list></p></sec><sec><st>public</st><p><list><entry level="1" type="bullet">cigarett manufactur havana london societi</entry><entry level="1" type="bullet">sketch santiago<work wordnetid="104599396" confidence="0.8"><product wordnetid="104007894" confidence="0.8"><print_media wordnetid="106263609" confidence="0.8"><creation wordnetid="103129123" confidence="0.8"><press wordnetid="106263369" confidence="0.8"><artifact wordnetid="100021939" confidence="0.8"><instrumentality wordnetid="103575240" confidence="0.8"><medium wordnetid="106254669" confidence="0.8"><publication wordnetid="106589574" confidence="0.8"><newspaper wordnetid="106267145" confidence="0.8"><link ns0:type="simple" ns0:href="../759/2333759.xml">graphic</link></newspaper></publication></medium></instrumentality></artifact></press></creation></print_media></product></work></entry><entry level="1" type="bullet">sketch stori<link ns0:type="simple" ns0:href="../070/823070.xml">year round</link></entry><entry level="1" type="bullet">save wreck cuba master cassel magazin</entry><entry level="1" type="bullet">tomasso salvino cover engrav pictori</entry><entry level="1" type="bullet">russian peasantri<link ns0:type="simple" ns0:href="../159/1197159.xml">illustr london news</link></entry><entry level="1" type="bullet">baggag<link ns0:type="simple" ns0:href="../159/1197159.xml">illustr london news</link></entry><entry level="1" type="bullet">god care three brown boy happi children ellen hail</entry><entry level="1" type="bullet">english ballet spain theatr</entry><entry level="1" type="bullet">peopl paint<physical_entity wordnetid="100001930" confidence="0.8"><communicator wordnetid="109610660" confidence="0.8"><person wordnetid="100007846" confidence="0.8"><causal_agent wordnetid="100007347" confidence="0.8"><writer wordnetid="110794014" confidence="0.8"><journalist wordnetid="110224578" confidence="0.8"><link ns0:type="simple" ns0:href="../105/1235105.xml">sala journal</link></journalist></writer></causal_agent></person></communicator></physical_entity></entry><entry level="1" type="bullet">artist studio magazin art</entry><entry level="1" type="bullet">romanc rubber manchest courier unknown</entry></list></p></sec><sec><st>refer</st><p><reflist><entry id="1"><link ns0:type="simple" ns0:href="../476/847476.xml">jewish chronicl</link>juli</entry><entry id="2">bernard st tr ns</entry><entry id="3">wood christoph victorian painter woodbridg antiqu collector club pressmark woo</entry><entry id="4"><link ns0:type="simple" ns0:href="../476/847476.xml">jewish chronicl</link></entry><entry id="5">bail de laperrir charl royal scottish academi exhibitor caln hilmarton manor pressmark gb</entry><entry id="6"><structure wordnetid="104341686" confidence="0.8"><building wordnetid="102913152" confidence="0.8"><artifact wordnetid="100021939" confidence="0.8"><theater wordnetid="104417809" confidence="0.8"><link ns0:type="simple" ns0:href="../353/401353.xml">theatr</link></theater></artifact></building></structure>novemb st</entry><entry id="7">bail de laperrir charl royal scottish academi exhibitor caln hilmarton manor pressmark gb</entry><entry id="8"><link ns0:type="simple" ns0:href="../476/847476.xml">jewish chronicl</link>april st</entry><entry id="9">pearl antil artist cuba london hsking chapter</entry><entry id="10">pearl antil artist cuba london hsking chapter</entry><entry id="11"><link ns0:type="simple" ns0:href="../476/847476.xml">jewish chronicl</link>februari</entry><entry id="12">pearl antil artist cuba london hsking chapter</entry><entry id="13"><link ns0:type="simple" ns0:href="../476/847476.xml">jewish chronicl</link>octob</entry><entry id="14"><link ns0:type="simple" ns0:href="../476/847476.xml">jewish chronicl</link>novemb</entry><entry id="15"><link ns0:type="simple" ns0:href="../476/847476.xml">jewish chronicl</link>june</entry><entry id="17"><physical_entity wordnetid="100001930" confidence="0.8"><communicator wordnetid="109610660" confidence="0.8"><person wordnetid="100007846" confidence="0.8"><causal_agent wordnetid="100007347" confidence="0.8"><writer wordnetid="110794014" confidence="0.8"><journalist wordnetid="110224578" confidence="0.8"><link ns0:type="simple" ns0:href="../105/1235105.xml">sala journal</link></journalist></writer></causal_agent></person></communicator></physical_entity>march</entry><entry id="16"><link ns0:type="simple" ns0:href="../476/847476.xml">jewish chronicl</link>decemb</entry><entry id="19"><link ns0:type="simple" ns0:href="../476/847476.xml">jewish chronicl</link>novemb</entry><entry id="18"><link ns0:type="simple" ns0:href="../476/847476.xml">jewish chronicl</link>march st</entry><entry id="21">catalogu pictur garrick club compil adam publish club</entry><entry id="20"><link ns0:type="simple" ns0:href="../680/30680.xml">york time</link>june</entry><entry id="23"><link ns0:type="simple" ns0:href="../680/30680.xml">york time</link>octob st</entry><entry id="22"><link ns0:type="simple" ns0:href="../476/847476.xml">jewish chronicl</link>june</entry><entry id="25">catalog annual exhibit<body wordnetid="107965085" confidence="0.8"><social_group wordnetid="107950920" confidence="0.8"><group wordnetid="100031264" confidence="0.8"><administration wordnetid="108164585" confidence="0.8"><link ns0:type="simple" ns0:href="../651/9533651.xml">institut oil painter</link></administration></group></social_group></body></entry><entry id="24">catalog annual exhibit<body wordnetid="107965085" confidence="0.8"><social_group wordnetid="107950920" confidence="0.8"><group wordnetid="100031264" confidence="0.8"><administration wordnetid="108164585" confidence="0.8"><link ns0:type="simple" ns0:href="../651/9533651.xml">institut oil painter</link></administration></group></social_group></body></entry><entry id="27"><link ns0:type="simple" ns0:href="../476/847476.xml">jewish chronicl</link>april st</entry><entry id="26">johnson jane work exhibit royal societi british artist english art club woodbridg antiqu collector club pressmark gb bra</entry><entry id="29"><physical_entity wordnetid="100001930" confidence="0.8"><communicator wordnetid="109610660" confidence="0.8"><person wordnetid="100007846" confidence="0.8"><causal_agent wordnetid="100007347" confidence="0.8"><writer wordnetid="110794014" confidence="0.8"><journalist wordnetid="110224578" confidence="0.8"><link ns0:type="simple" ns0:href="../105/1235105.xml">sala journal</link></journalist></writer></causal_agent></person></communicator></physical_entity>februari</entry><entry id="28"><physical_entity wordnetid="100001930" confidence="0.8"><communicator wordnetid="109610660" confidence="0.8"><person wordnetid="100007846" confidence="0.8"><causal_agent wordnetid="100007347" confidence="0.8"><writer wordnetid="110794014" confidence="0.8"><journalist wordnetid="110224578" confidence="0.8"><link ns0:type="simple" ns0:href="../105/1235105.xml">sala journal</link></journalist></writer></causal_agent></person></communicator></physical_entity>februari</entry><entry id="31"><physical_entity wordnetid="100001930" confidence="0.8"><communicator wordnetid="109610660" confidence="0.8"><person wordnetid="100007846" confidence="0.8"><causal_agent wordnetid="100007347" confidence="0.8"><writer wordnetid="110794014" confidence="0.8"><journalist wordnetid="110224578" confidence="0.8"><link ns0:type="simple" ns0:href="../105/1235105.xml">sala journal</link></journalist></writer></causal_agent></person></communicator></physical_entity>march</entry><entry id="30"><physical_entity wordnetid="100001930" confidence="0.8"><communicator wordnetid="109610660" confidence="0.8"><person wordnetid="100007846" confidence="0.8"><causal_agent wordnetid="100007347" confidence="0.8"><writer wordnetid="110794014" confidence="0.8"><journalist wordnetid="110224578" confidence="0.8"><link ns0:type="simple" ns0:href="../105/1235105.xml">sala journal</link></journalist></writer></causal_agent></person></communicator></physical_entity>march</entry><entry id="34"><link ns0:type="simple" ns0:href="../476/847476.xml">jewish chronicl</link>decemb</entry><entry id="35">catalog annual exhibit<body wordnetid="107965085" confidence="0.8"><social_group wordnetid="107950920" confidence="0.8"><group wordnetid="100031264" confidence="0.8"><administration wordnetid="108164585" confidence="0.8"><link ns0:type="simple" ns0:href="../651/9533651.xml">institut oil painter</link></administration></group></social_group></body>pressmark</entry><entry id="32"><physical_entity wordnetid="100001930" confidence="0.8"><communicator wordnetid="109610660" confidence="0.8"><person wordnetid="100007846" confidence="0.8"><causal_agent wordnetid="100007347" confidence="0.8"><writer wordnetid="110794014" confidence="0.8"><journalist wordnetid="110224578" confidence="0.8"><link ns0:type="simple" ns0:href="../105/1235105.xml">sala journal</link></journalist></writer></causal_agent></person></communicator></physical_entity>march</entry><entry id="33"><physical_entity wordnetid="100001930" confidence="0.8"><communicator wordnetid="109610660" confidence="0.8"><person wordnetid="100007846" confidence="0.8"><causal_agent wordnetid="100007347" confidence="0.8"><writer wordnetid="110794014" confidence="0.8"><journalist wordnetid="110224578" confidence="0.8"><link ns0:type="simple" ns0:href="../105/1235105.xml">sala journal</link></journalist></writer></causal_agent></person></communicator></physical_entity>march</entry><entry id="36">catalog exhibit jewish art antiqu nov dec<village wordnetid="108672738" confidence="0.9508927676800064"><link ns0:type="simple" ns0:href="../867/17867.xml">london</link></village></entry></reflist></p></sec><sec><st>extern link</st><p><list><entry level="1" type="bullet"><weblink ns0:type="simple" ns0:href="http://www.mag.rochester.edu">memori art galleri</weblink></entry><entry level="1" type="bullet"><weblink ns0:type="simple" ns0:href="http://www.liverpoolmuseums.org.uk/walker/">walker art galleri</weblink></entry><entry level="1" type="bullet"><weblink ns0:type="simple" ns0:href="http://www.theroi.org.uk/">royal institut oil painter</weblink></entry><entry level="1" type="bullet"><weblink ns0:type="simple" ns0:href="http://www.archive.org/details/exhibitionofjewi00whitiala">exhibit jewish art antiqu</weblink></entry><entry level="1" type="bullet"><weblink ns0:type="simple" ns0:href="http://www.stokestmary.net/ssmpic3.htm">postcard walter goodman</weblink></entry><entry level="1" type="bullet"><weblink ns0:type="simple" ns0:href="http://magart.rochester.edu/Obj3889$9472">printsel</weblink></entry><entry level="1" type="bullet"><weblink ns0:type="simple" ns0:href="http://www.garrickclub.co.uk/librarysearchcataloguenumber.asp?cataloguesearch=G0356">mari ann keeley</weblink></entry><entry level="1" type="bullet"><weblink ns0:type="simple" ns0:href="http://www.garrickclub.co.uk/librarysearchcataloguenumber.asp?cataloguesearch=G0777">fanni stirl</weblink></entry></list></p></sec></bdy></creator></artist></painter></causal_agent></entity></illustrator></person></physical_entity></article>