<article xmlns:ns0="http://www.w3.org/1999/xlink"><header><title>robot exclus standard</title><id /><revision><id /><timestamp>tz</timestamp><contributor><username>xlinkbot</username><id /></contributor></revision><categories><category>wide web</category></categories></header><bdy><indent level="1">restrict wikipedia bot</indent>robot exclus standard robot exclus protocol robotstxt protocol convent prevent cooper<link ns0:type="simple" ns0:href="../120/33120.xml">web spider</link><link ns0:type="simple" ns0:href="../607/1569607.xml">web robot</link>access<link ns0:type="simple" ns0:href="../898/33898.xml">websit</link>publicli viewabl robot<link ns0:type="simple" ns0:href="../023/4059023.xml">search engin</link>categor archiv web site webmast proofread sourc code standard complement<work wordnetid="100575741" confidence="0.8"><event wordnetid="100029378" confidence="0.8"><service wordnetid="100577525" confidence="0.8"><act wordnetid="100030358" confidence="0.8"><psychological_feature wordnetid="100023100" confidence="0.8"><activity wordnetid="100407535" confidence="0.8"><link ns0:type="simple" ns0:href="../978/2831978.xml">sitemap</link></activity></psychological_feature></act></service></event></work>robot inclus standard websit<sec><st>standard</st><p>robotstxt file websit will function request robot ignor file directori search exampl prefer privaci search engin belief content select directori mislead irrelev categor site desir applic oper data</p><p>websit multipl subdomain subdomain robotstxt file examplecom robotstxt file aexamplecom rule appli examplecom will appli aexamplecom</p></sec><sec><st>disadvantag</st><p>protocol pure advisori reli cooper<link ns0:type="simple" ns0:href="../607/1569607.xml">web robot</link>mark area site bound robotstxt guarante privaci web site administr robot file privat part websit invis rest file publicli content easili check<link ns0:type="simple" ns0:href="../173/33173.xml">web browser</link></p><p>offici standard bodi<link ns0:type="simple" ns0:href="../540/25540.xml">rfc</link>robotstxt protocol<weblink ns0:type="simple" ns0:href="http://www.robotstxt.org/wc/norobots.html">creat consensu</weblink><link ns0:type="simple" ns0:href="../337/18948337.xml">june</link>member robot mail list robotsrequestnexorcouk inform part access file call robotstxt toplevel directori websit robotstxt pattern match simpl substr comparison care pattern match directori final charact append file name start substr will match directori intend</p></sec><sec><st>autom content access protocol</st><p><indent level="1">main articl<link ns0:type="simple" ns0:href="../572/7661572.xml">autom content access protocol</link></indent>acap<pause wordnetid="115271008" confidence="0.8"><extension wordnetid="115272382" confidence="0.8"><time_interval wordnetid="115269513" confidence="0.8"><word wordnetid="106286395" confidence="0.8"><delay wordnetid="115272029" confidence="0.8"><part wordnetid="113809207" confidence="0.8"><neologism wordnetid="106294441" confidence="0.8"><language_unit wordnetid="106284225" confidence="0.8"><link ns0:type="simple" ns0:href="../659/23659.xml">plugin</link></language_unit></neologism></part></delay></word></time_interval></extension></pause>robot exclus standard releas<link ns0:type="simple" ns0:href="../577/21577.xml">novemb</link><link ns0:type="simple" ns0:href="../165/36165.xml" /></p></sec><sec><st>robotstxt search engin</st><p>interest percentag websit robotstxt file specif robot privileg crawl specif websit file help understand issu publicli robotstxt search engin<artifact wordnetid="100021939" confidence="0.8"><instrumentality wordnetid="103575240" confidence="0.8"><engine wordnetid="103287733" confidence="0.8"><motor wordnetid="103789946" confidence="0.8"><device wordnetid="103183080" confidence="0.8"><machine wordnetid="103699975" confidence="0.8"><link ns0:type="simple" ns0:href="../282/14783282.xml">botseer</link></machine></device></motor></engine></instrumentality></artifact>develop search robotstxt file</p></sec><sec><st>exampl</st><p>exampl allow robot visit file wildcard specifi robot</p><p>userag disallow</p><p>exampl robot</p><p>userag disallow</p><p>exampl tell crawler enter directori websit</p><p>userag disallow cgibin disallow imag disallow tmp disallow privat</p><p>exampl tell specif crawler enter specif directori</p><p>userag badbot replac badbot actual userag bot disallow privat</p><p>exampl tell crawler enter specif file</p><p>userag disallow directoryfilehtml</p><p>note file directori will process</p><p>exampl demonstr comment</p><p><list><entry level="1" type="number">comment appear symbol start direct</entry></list>userag match bot disallow</p><ss1><st>compat</st><p>order prevent access robot</p><p>disallow</p><p>stabl standard extens</p><p /><p>disallow</p><p /></ss1></sec><sec><st>nonstandard extens</st><ss1><st>crawldelay direct</st><p>major crawler support crawldelay paramet set number second wait success request server<ref ns0:type="simple" ns0:href="#xpointer(//reflist/entry[@id=%221%22])" /><ref ns0:type="simple" ns0:href="#xpointer(//reflist/entry[@id=%222%22])" /></p><p>userag crawldelay</p></ss1><ss1><st>allow direct</st><p>major crawler support allow direct counteract disallow direct<ref ns0:type="simple" ns0:href="#xpointer(//reflist/entry[@id=%223%22])" /><ref ns0:type="simple" ns0:href="#xpointer(//reflist/entry[@id=%224%22])" />disallow entir directori html document directori crawl index standard match robotstxt pattern win googl implement differ evalu allow pattern disallow pattern order compat robot allow singl file insid disallow directori place allow direct disallow exampl</p><p>allow foldermyfilehtml disallow folder</p><p>exampl will disallow folder foldermyfilehtml will match case googl order</p></ss1></sec><sec><st>extend standard</st><p><weblink ns0:type="simple" ns0:href="http://www.conman.org/people/spc/robots2.html">extend standard robot exclus</weblink>propos add direct visittim requestr exampl</p><p>userag disallow download requestr maximum rate second visittim visit utc gmt</p><p>version robot exclus standard mention charact disallow statement modern crawler googlebot slurp recogn string msnbot teoma interpret way<ref ns0:type="simple" ns0:href="#xpointer(//reflist/entry[@id=%225%22])" /></p></sec><sec><st>refer</st><p><reflist><entry id="1"><weblink ns0:type="simple" ns0:href="http://help.yahoo.com/l/us/yahoo/search/webcrawler/slurp-03.html">reduc number request web site</weblink>html yahoo slurp retriev<link /></entry><entry id="2"><weblink ns0:type="simple" ns0:href="http://search.msn.com/docs/siteowner.aspx?t=SEARCH_WEBMASTER_FAQ_MSNBotIndexing.htm FORM=WFDD#D">msnbot crawl site frequent</weblink>html troubleshoot issu msnbot site crawl retriev<link /></entry><entry id="3"><weblink ns0:type="simple" ns0:href="http://www.google.com/support/webmasters/bin/answer.py?answer=40364">webmast help center block googlebot</weblink>html retriev<link /></entry><entry id="4"><weblink ns0:type="simple" ns0:href="http://help.yahoo.com/l/us/yahoo/search/webcrawler/slurp-02.html">prevent site subdirectori crawl yahoo search help</weblink>html retriev<link /></entry><entry id="5"><weblink ns0:type="simple" ns0:href="http://www.ghita.ro/article/23/web_robots_and_dynamic_content_issues.html#problems">web robot dynam content issu</weblink>html msnbot issu robotstxt retriev<link /></entry></reflist></p></sec><sec><st /><p><list><entry level="1" type="bullet"><event wordnetid="100029378" confidence="0.8"><rule wordnetid="105846932" confidence="0.8"><act wordnetid="100030358" confidence="0.8"><psychological_feature wordnetid="100023100" confidence="0.8"><procedure wordnetid="101023820" confidence="0.8"><activity wordnetid="100407535" confidence="0.8"><algorithm wordnetid="105847438" confidence="0.8"><link ns0:type="simple" ns0:href="../055/237055.xml">distribut web crawl</link></algorithm></activity></procedure></psychological_feature></act></rule></event></entry><entry level="1" type="bullet"><physical_entity wordnetid="100001930" confidence="0.8"><person wordnetid="100007846" confidence="0.8"><follower wordnetid="110099375" confidence="0.8"><flatterer wordnetid="110095869" confidence="0.8"><algorithm wordnetid="105847438" confidence="0.8"><sycophant wordnetid="110684827" confidence="0.8"><event wordnetid="100029378" confidence="0.8"><rule wordnetid="105846932" confidence="0.8"><causal_agent wordnetid="100007347" confidence="0.8"><act wordnetid="100030358" confidence="0.8"><psychological_feature wordnetid="100023100" confidence="0.8"><activity wordnetid="100407535" confidence="0.8"><procedure wordnetid="101023820" confidence="0.8"><link ns0:type="simple" ns0:href="../799/11442799.xml">focus crawler</link></procedure></activity></psychological_feature></act></causal_agent></rule></event></sycophant></algorithm></flatterer></follower></person></physical_entity></entry><entry level="1" type="bullet"><structure wordnetid="104341686" confidence="0.8"><artifact wordnetid="100021939" confidence="0.8"><area wordnetid="102735688" confidence="0.8"><facility wordnetid="103315023" confidence="0.8"><library wordnetid="103660909" confidence="0.8"><depository wordnetid="103177349" confidence="0.8"><archive wordnetid="102735086" confidence="0.8"><room wordnetid="104105893" confidence="0.8"><link ns0:type="simple" ns0:href="../931/176931.xml">internet archiv</link></room></archive></depository></library></facility></area></artifact></structure></entry><entry level="1" type="bullet"><structure wordnetid="104341686" confidence="0.8"><artifact wordnetid="100021939" confidence="0.8"><area wordnetid="102735688" confidence="0.8"><facility wordnetid="103315023" confidence="0.8"><library wordnetid="103660909" confidence="0.8"><depository wordnetid="103177349" confidence="0.8"><archive wordnetid="102735086" confidence="0.8"><room wordnetid="104105893" confidence="0.8"><link ns0:type="simple" ns0:href="../794/209794.xml">librari congress digit librari project</link></room></archive></depository></library></facility></area></artifact></structure></entry><entry level="1" type="bullet"><link ns0:type="simple" ns0:href="../687/5730687.xml">nation digit inform infrastructur preserv program</link></entry><entry level="1" type="bullet"><link ns0:type="simple" ns0:href="../830/528830.xml#xpointer(//*[./st=%22nofollow%22])">nofollow spam blog</link></entry><entry level="1" type="bullet"><link ns0:type="simple" ns0:href="../163/3292163.xml">spider trap</link></entry><entry level="1" type="bullet"><structure wordnetid="104341686" confidence="0.8"><artifact wordnetid="100021939" confidence="0.8"><area wordnetid="102735688" confidence="0.8"><facility wordnetid="103315023" confidence="0.8"><library wordnetid="103660909" confidence="0.8"><depository wordnetid="103177349" confidence="0.8"><archive wordnetid="102735086" confidence="0.8"><room wordnetid="104105893" confidence="0.8"><link ns0:type="simple" ns0:href="../932/6014932.xml">web archiv</link></room></archive></depository></library></facility></area></artifact></structure></entry><entry level="1" type="bullet"><event wordnetid="100029378" confidence="0.8"><rule wordnetid="105846932" confidence="0.8"><act wordnetid="100030358" confidence="0.8"><psychological_feature wordnetid="100023100" confidence="0.8"><procedure wordnetid="101023820" confidence="0.8"><activity wordnetid="100407535" confidence="0.8"><algorithm wordnetid="105847438" confidence="0.8"><link ns0:type="simple" ns0:href="../120/33120.xml">web crawler</link></algorithm></activity></procedure></psychological_feature></act></rule></event></entry><entry level="1" type="bullet"><link ns0:type="simple" ns0:href="../556/20556.xml#xpointer(//*[./st=%22The+robots+attribute%22])">meta element</link>search engin</entry></list></p></sec><sec><st>extern link</st><p><list><entry level="1" type="bullet"><weblink ns0:type="simple" ns0:href="http://robots.googletoad.com">onlin robotstxt gener</weblink></entry><entry level="1" type="bullet"><weblink ns0:type="simple" ns0:href="http://www.robotstxt.org/wc/exclusion.html">robot exclus</weblink></entry><entry level="1" type="bullet"><weblink ns0:type="simple" ns0:href="http://www.google.com/support/webmasters/bin/topic.py?topic=8843">googl crawl site</weblink></entry><entry level="1" type="bullet"><weblink ns0:type="simple" ns0:href="http://www.google.com/support/webmasters/bin/answer.py?answer=35237 query=robots.txt topic= type=">robotstxt analysi tool</weblink></entry><entry level="1" type="bullet"><weblink ns0:type="simple" ns0:href="http://www.mediawiki.org/wiki/Robots.txt">robotstxt mediawiki websit</weblink></entry><entry level="1" type="bullet"><weblink ns0:type="simple" ns0:href="http://www.kloth.net/internet/badbots.php">list bad bot</weblink>rogu robot spider ignor guidelin</entry><entry level="1" type="bullet"><weblink ns0:type="simple" ns0:href="http://www.searchtools.com/robots/robots-txt.html">info robotstxt</weblink></entry><entry level="1" type="bullet"><weblink ns0:type="simple" ns0:href="http://en.wikipedia.org/robots.txt">wikipedia robotstxt exampl</weblink></entry><entry level="1" type="bullet"><weblink ns0:type="simple" ns0:href="http://www.mcanerin.com/EN/search-engine/robots-txt.asp">robotstxt gener tutori</weblink></entry><entry level="1" type="bullet"><weblink ns0:type="simple" ns0:href="http://www.howrank.com/Robots.txt-Tool.php">robotstxt gener tool</weblink></entry><entry level="1" type="bullet"><weblink ns0:type="simple" ns0:href="http://www.diovo.com/2008/09/robotstxt-is-not-a-security-measure/">robotstxt secur measur</weblink></entry><entry level="1" type="bullet"><weblink ns0:type="simple" ns0:href="http://yro.slashdot.org/comments.pl?sid=377285 cid=21554125">histori robotstxt</weblink></entry><entry level="1" type="bullet"><weblink ns0:type="simple" ns0:href="http://botseer.ist.psu.edu/">botseer robotstxt search engin</weblink></entry></list></p><p><table style=";" class="navbox" cellspacing="0"><row><col style="padding:2px;"><table style="width:100%;background:transparent;color:inherit;;" class="nowraplinks collapsible autocollapse " cellspacing="0"><row><header colspan="2" style=";" class="navbox-title"><link ns0:type="simple" ns0:href="../946/187946.xml">search engin optim</link></header></row><row style="height:2px;" /><row><col style=";;" class="navbox-group">exclus standard</col><col style="text-align:left;border-left:2px solid #fdfdfd;width:100%;padding:0px;;;" class="navbox-list navbox-odd"><link ns0:type="simple" ns0:href="../673/101673.xml">robot exclus standard</link><link ns0:type="simple" ns0:href="../556/20556.xml">meta tag</link><link ns0:type="simple" ns0:href="../084/3766084.xml">nofollow</link></col></row><row style="height:2px" /><row><col style=";;" class="navbox-group">market topic</col><col style="text-align:left;border-left:2px solid #fdfdfd;width:100%;padding:0px;;;" class="navbox-list navbox-even"><link ns0:type="simple" ns0:href="../177/1618177.xml">internet market</link><physical_entity wordnetid="100001930" confidence="0.8"><person wordnetid="100007846" confidence="0.8"><model wordnetid="110324560" confidence="0.8"><assistant wordnetid="109815790" confidence="0.8"><worker wordnetid="109632518" confidence="0.8"><causal_agent wordnetid="100007347" confidence="0.8"><link ns0:type="simple" ns0:href="../758/703758.xml">affili market</link></causal_agent></worker></assistant></model></person></physical_entity><link ns0:type="simple" ns0:href="../759/1101759.xml">email market</link><link ns0:type="simple" ns0:href="../645/646645.xml">display advertis</link><link ns0:type="simple" ns0:href="../872/2475872.xml">web analyt</link></col></row><row style="height:2px" /><row><col style=";;" class="navbox-group">search market topic</col><col style="text-align:left;border-left:2px solid #fdfdfd;width:100%;padding:0px;;;" class="navbox-list navbox-odd"><link ns0:type="simple" ns0:href="../074/2111074.xml">search engin market</link><link ns0:type="simple" ns0:href="../316/6559316.xml">social media optim</link><link ns0:type="simple" ns0:href="../470/15883470.xml">onlin ident manag</link><link ns0:type="simple" ns0:href="../170/501170.xml">paid inclus</link><link ns0:type="simple" ns0:href="../207/1027207.xml">pay click ppc</link><technique wordnetid="105665146" confidence="0.8"><know-how wordnetid="105616786" confidence="0.8"><method wordnetid="105660268" confidence="0.8"><link ns0:type="simple" ns0:href="../747/286747.xml">googl bomb</link></method></know-how></technique></col></row><row style="height:2px" /><row><col style=";;" class="navbox-group">search engin spam</col><col style="text-align:left;border-left:2px solid #fdfdfd;width:100%;padding:0px;;;" class="navbox-list navbox-even"><link ns0:type="simple" ns0:href="../651/43651.xml">spamdex</link><link ns0:type="simple" ns0:href="../619/2696619.xml">web scrape</link><computer wordnetid="103082979" confidence="0.8"><artifact wordnetid="100021939" confidence="0.8"><instrumentality wordnetid="103575240" confidence="0.8"><device wordnetid="103183080" confidence="0.8"><machine wordnetid="103699975" confidence="0.8"><web_site wordnetid="106359193" confidence="0.8"><link ns0:type="simple" ns0:href="../572/3152572.xml">scraper site</link></web_site></machine></device></instrumentality></artifact></computer><link ns0:type="simple" ns0:href="../213/270213.xml">link farm</link><link ns0:type="simple" ns0:href="../292/14489292.xml#xpointer(//*[./st=%22Free+for+all+linking%22])">free link</link></col></row><row style="height:2px" /><row><col style=";;" class="navbox-group">link</col><col style="text-align:left;border-left:2px solid #fdfdfd;width:100%;padding:0px;;;" class="navbox-list navbox-odd"><link ns0:type="simple" ns0:href="../490/7065490.xml">offpag optim</link><link ns0:type="simple" ns0:href="../292/14489292.xml">method websit link</link><link ns0:type="simple" ns0:href="../433/1395433.xml">link exchang</link><link ns0:type="simple" ns0:href="../494/580494.xml">backlink</link></col></row><row style="height:2px" /><row><col style=";;" class="navbox-group" /><col style="text-align:left;border-left:2px solid #fdfdfd;width:100%;padding:0px;;;" class="navbox-list navbox-even"><link ns0:type="simple" ns0:href="../866/2789866.xml">land</link><link ns0:type="simple" ns0:href="../029/11170029.xml">ip deliveri</link><link ns0:type="simple" ns0:href="../827/11996827.xml">land optim</link><artifact wordnetid="100021939" confidence="0.8"><instrumentality wordnetid="103575240" confidence="0.8"><engine wordnetid="103287733" confidence="0.8"><motor wordnetid="103789946" confidence="0.8"><device wordnetid="103183080" confidence="0.8"><machine wordnetid="103699975" confidence="0.8"><link ns0:type="simple" ns0:href="../064/7059064.xml">human search engin</link></machine></device></motor></engine></instrumentality></artifact><link ns0:type="simple" ns0:href="../600/1015600.xml" /><link ns0:type="simple" ns0:href="../974/14484974.xml">poison</link></col></row></table></col></row></table></p></sec></bdy></article>