<article xmlns:ns0="http://www.w3.org/1999/xlink"><physical_entity confidence="0.8" wordnetid="100001930"><person confidence="0.8" wordnetid="100007846"><intellectual confidence="0.8" wordnetid="109621545"><alumnus confidence="0.8" wordnetid="109786338"><causal_agent confidence="0.8" wordnetid="100007347"><scientist confidence="0.8" wordnetid="110560637"><mathematician confidence="0.8" wordnetid="110301261"><scholar confidence="0.8" wordnetid="110557854"><header><title>alan weiss mathematician</title><id /><revision><id /><timestamp>tz</timestamp><contributor><username>eubot</username><id /></contributor></revision><categories><category>case western reserv univers alumni</category><category>york univers alumni</category><category>birth</category><category>scientist bell lab</category><category>american mathematician</category></categories></header><bdy>person name alan weiss<link ns0:type="simple" ns0:href="../274/12832274.xml">alan weiss disambigu</link>alan weiss born<link ns0:type="simple" ns0:href="../353/8353.xml">decemb</link><link ns0:type="simple" ns0:href="../851/34851.xml" />american<link ns0:type="simple" ns0:href="../902/18902.xml">mathematician</link>pioneer usag<link ns0:type="simple" ns0:href="../909/3772909.xml">larg deviat</link>theori<link ns0:type="simple" ns0:href="../183/465183.xml">perform evalu</link>area<p>weiss receiv<link ns0:type="simple" ns0:href="../904/124904.xml">bsc</link><link ns0:type="simple" ns0:href="../831/18831.xml">mathemat</link><link ns0:type="simple" ns0:href="../939/22939.xml">physic</link><university wordnetid="108286163" confidence="0.9508927676800064"><link ns0:type="simple" ns0:href="../547/230547.xml">case western reserv univers</link></university>cours<link>lajo takc</link>advis<physical_entity wordnetid="100001930" confidence="0.8"><peer wordnetid="109626238" confidence="0.8"><person wordnetid="100007846" confidence="0.8"><colleague wordnetid="109935990" confidence="0.8"><causal_agent wordnetid="100007347" confidence="0.8"><scientist wordnetid="110560637" confidence="0.8"><mathematician wordnetid="110301261" confidence="0.8"><associate wordnetid="109816771" confidence="0.8"><link ns0:type="simple" ns0:href="../145/14380145.xml">arthur lohwat</link></associate></mathematician></scientist></causal_agent></colleague></person></peer></physical_entity>receiv<link ns0:type="simple" ns0:href="../722/236722.xml">msc</link>mathemat<link ns0:type="simple" ns0:href="../601/1617601.xml">courant institut</link><link ns0:type="simple" ns0:href="../775/8775.xml">phd</link><university wordnetid="108286163" confidence="0.9508927676800064"><link ns0:type="simple" ns0:href="../455/7954455.xml">york univers</link></university>advisor<link ns0:type="simple" ns0:href="../038/9638038.xml">varadhan</link>dissert entitl invari measur diffus process domain boundari<ref ns0:type="simple" ns0:href="#xpointer(//reflist/entry[@id=%221%22])" />work<link ns0:type="simple" ns0:href="../712/3712.xml">bell lab</link>join<link ns0:type="simple" ns0:href="../696/562696.xml">mathwork</link><link ns0:type="simple" ns0:href="../853/116853.xml">natick</link>weiss longer appoint<university wordnetid="108286163" confidence="0.9508927676800064"><link ns0:type="simple" ns0:href="../315/239315.xml">univers maryland colleg park</link></university><university wordnetid="108286163" confidence="0.9508927676800064"><ranking wordnetid="114429484" confidence="0.9508927676800064"><link ns0:type="simple" ns0:href="../310/6310.xml">columbia univers</link></ranking></university><university wordnetid="108286163" confidence="0.9508927676800064"><link ns0:type="simple" ns0:href="../135/295135.xml">drew univers</link></university></p><sec><st>book</st><p><list><entry level="1" type="bullet">larg deviat perform analysi chapman hall coauthor<link>adam shwartz</link><ref ns0:type="simple" ns0:href="#xpointer(//reflist/entry[@id=%222%22])" /><ref ns0:type="simple" ns0:href="#xpointer(//reflist/entry[@id=%223%22])" /></entry></list></p></sec><sec><st>public</st><p><list><entry level="1" type="bullet">digit adapt filter condit converg rate converg effect nois error aris implement ieee tran inform theori<physical_entity wordnetid="100001930" confidence="0.8"><peer wordnetid="109626238" confidence="0.8"><person wordnetid="100007846" confidence="0.8"><theorist wordnetid="110706812" confidence="0.8"><intellectual wordnetid="109621545" confidence="0.8"><colleague wordnetid="109935990" confidence="0.8"><causal_agent wordnetid="100007347" confidence="0.8"><scientist wordnetid="110560637" confidence="0.8"><associate wordnetid="109816771" confidence="0.8"><link ns0:type="simple" ns0:href="../469/15946469.xml">debasi mitra</link></associate></scientist></causal_agent></colleague></intellectual></theorist></person></peer></physical_entity></entry><entry level="1" type="bullet">alloc independ substak parallel processor ieee tran softw eng<physical_entity wordnetid="100001930" confidence="0.8"><person wordnetid="100007846" confidence="0.8"><intellectual wordnetid="109621545" confidence="0.8"><alumnus wordnetid="109786338" confidence="0.8"><causal_agent wordnetid="100007347" confidence="0.8"><scientist wordnetid="110560637" confidence="0.8"><scholar wordnetid="110557854" confidence="0.8"><link ns0:type="simple" ns0:href="../781/12748781.xml">clyde kruskal</link></scholar></scientist></causal_agent></alumnus></intellectual></person></physical_entity></entry><entry level="1" type="bullet">lower bound probabilist algorithm finit machin jnr comp system sci<link>greenberg</link></entry></list></p></sec><sec><st>refer</st><p><reflist><entry id="1"><weblink ns0:type="simple" ns0:href="http://genealogy.math.ndsu.nodak.edu/html/id.phtml?id=33783">weiss entri math genealog project</weblink></entry><entry id="2"><weblink ns0:type="simple" ns0:href="http://www.crcpress.com/shopping_cart/products/product_detail.asp?isbn=0412063115">larg deviat perform analysi</weblink></entry><entry id="3"><weblink ns0:type="simple" ns0:href="http://www-ee.technion.ac.il/~adam/LD/intro.pdf">toc chapter larg deviat perform analysi</weblink></entry></reflist></p></sec><sec><st>extern link</st><p><list><entry level="1" type="bullet"><weblink ns0:type="simple" ns0:href="http://cm.bell-labs.com/who/apdoo/index.html">profession site</weblink>bell lab</entry><entry level="1" type="bullet"><weblink ns0:type="simple" ns0:href="http://www.apdoo.org/">apdooorg</weblink>weisss person site</entry></list></p></sec></bdy></scholar></mathematician></scientist></causal_agent></alumnus></intellectual></person></physical_entity></article>