<article xmlns:ns0="http://www.w3.org/1999/xlink"><physical_entity confidence="0.8" wordnetid="100001930"><person confidence="0.8" wordnetid="100007846"><entity confidence="0.9511911446218017" wordnetid="100001740"><intellectual confidence="0.8" wordnetid="109621545"><alumnus confidence="0.8" wordnetid="109786338"><causal_agent confidence="0.8" wordnetid="100007347"><scientist confidence="0.8" wordnetid="110560637"><scholar confidence="0.8" wordnetid="110557854"><research_worker confidence="0.8" wordnetid="110523076"><header><title>steve omohundro</title><id /><revision><id /><timestamp>tz</timestamp><contributor><username>anomebot</username><id /></contributor></revision><categories><category>stanford univers alumni</category><category>cellular automatist</category><category>artifici intellig research</category><category>birth</category><category>american comput scientist</category><category>live peopl</category><category>machin learn research</category></categories></header><bdy>stephen omohundro comput scientist special artifici intellig<p>graduat<university wordnetid="108286163" confidence="0.9508927676800064"><link ns0:type="simple" ns0:href="../977/26977.xml">stanford univers</link></university>degre<link ns0:type="simple" ns0:href="../939/22939.xml">physic</link><link ns0:type="simple" ns0:href="../831/18831.xml">mathemat</link>receiv<link ns0:type="simple" ns0:href="../775/8775.xml">phd</link>physic<university wordnetid="108286163" confidence="0.9508927676800064"><ranking wordnetid="114429484" confidence="0.9508927676800064"><link ns0:type="simple" ns0:href="../922/31922.xml">univers california berkeley</link></ranking></university>publish book geometr perturb theori physic base thesi<ref ns0:type="simple" ns0:href="#xpointer(//reflist/entry[@id=%221%22])" /></p><p><company wordnetid="108058098" confidence="0.8"><institution wordnetid="108053576" confidence="0.8"><link ns0:type="simple" ns0:href="../646/81646.xml">think machin corpor</link></institution></company>develop<language wordnetid="106282651" confidence="0.8"><link ns0:type="simple" ns0:href="../391/2116391.xml">star lisp</link></language>program languag<link ns0:type="simple" ns0:href="../760/68760.xml">connect machin</link><link>cliff lasser</link>assist professor<link ns0:type="simple" ns0:href="../323/5323.xml">comput scienc</link><university wordnetid="108286163" confidence="0.9508927676800064"><link ns0:type="simple" ns0:href="../695/384695.xml">univers illinoi urbanachampaign</link></university>cofound center complex system</p><p>subsequ join<company wordnetid="108058098" confidence="0.8"><institution wordnetid="108053576" confidence="0.8"><link ns0:type="simple" ns0:href="../090/2562090.xml">intern comput scienc institut</link></institution></company>icsi<village wordnetid="108672738" confidence="0.9508927676800064"><link ns0:type="simple" ns0:href="../860/4860.xml">berkeley california</link></village>led develop objectori program languag<programming_language wordnetid="106898352" confidence="0.9508927676800064"><link ns0:type="simple" ns0:href="../763/28763.xml">sather</link></programming_language>develop novel neural network machin learn algorithm subsequ scientist<link ns0:type="simple" ns0:href="../687/383687.xml">nec institut</link>work machin learn comput vision coinventor patent multimedia databas retriev system maintain posterior probabl distribut item databas target search<ref ns0:type="simple" ns0:href="#xpointer(//reflist/entry[@id=%222%22])" /></p><p>start consult<link>olo softwar</link>presid<link>selfawar system</link><link ns0:type="simple" ns0:href="../445/53445.xml">palo alto</link>california advisor<association wordnetid="108049401" confidence="0.8"><link ns0:type="simple" ns0:href="../564/596564.xml">singular institut artifici intellig</link></association>april</p><sec><st>public</st><p><list><entry level="1" type="bullet">christoph bregler stephen omohundro michel covel malcolm slaney subutai ahmad david forsyth<link>jerri feldman</link>probabilist model verbal bodi gestur comput vision manmachin interfac ed cipolla pentland cambridg univers press</entry><entry level="1" type="bullet">christoph bregler stephen omohundro learn visual motion model lip read motionbas recognit ed sha jain kluwer academ press</entry><entry level="1" type="bullet">stephen omohundro famili discoveri advanc neural inform process system ed touretzki mozer hasselmo<company wordnetid="108058098" confidence="0.9508927676800064"><link ns0:type="simple" ns0:href="../601/719601.xml">mit press</link></company>cambridg ma</entry><entry level="1" type="bullet">christoph bregler stephen omohundro surfac learn applic lipread cowan tesauro alspector ed advanc neural inform process system morgan kaufmann publish san francisco</entry><entry level="1" type="bullet">stephen omohundro<programming_language wordnetid="106898352" confidence="0.9508927676800064"><link ns0:type="simple" ns0:href="../763/28763.xml">sather</link></programming_language>program languag<magazine wordnetid="106595351" confidence="0.9508927676800064"><link ns0:type="simple" ns0:href="../768/173768.xml">dr dobb journal</link></magazine>volum issu octob</entry><entry level="1" type="bullet">stephen omohundro geometr learn algorithm<work wordnetid="104599396" confidence="0.8"><product wordnetid="104007894" confidence="0.8"><creation wordnetid="103129123" confidence="0.8"><artifact wordnetid="100021939" confidence="0.8"><periodical wordnetid="106593296" confidence="0.8"><publication wordnetid="106589574" confidence="0.8"><link ns0:type="simple" ns0:href="../010/10261010.xml">physica</link></publication></periodical></artifact></creation></product></work></entry><entry level="1" type="bullet">stephen omohundro model<link ns0:type="simple" ns0:href="../342/54342.xml">cellular automata</link><link ns0:type="simple" ns0:href="../564/52564.xml">partial differenti equat</link><work wordnetid="104599396" confidence="0.8"><product wordnetid="104007894" confidence="0.8"><creation wordnetid="103129123" confidence="0.8"><artifact wordnetid="100021939" confidence="0.8"><periodical wordnetid="106593296" confidence="0.8"><publication wordnetid="106589574" confidence="0.8"><link ns0:type="simple" ns0:href="../010/10261010.xml">physica</link></publication></periodical></artifact></creation></product></work></entry></list></p></sec><sec><st>refer</st><p><reflist><entry id="1"><weblink ns0:type="simple" ns0:href="http://steveomohundro.com/test-first-page/">biographi steve omohundro</weblink></entry><entry id="2"><weblink ns0:type="simple" ns0:href="http://patft.uspto.gov/netacgi/nph-Parser?patentnumber=5696964">patent</weblink><weblink ns0:type="simple" ns0:href="http://www.pat2pdf.org/pat2pdf/foo.pl?number=5696964" /></entry></reflist></p></sec></bdy></research_worker></scholar></scientist></causal_agent></alumnus></intellectual></entity></person></physical_entity></article>