<article xmlns:ns0="http://www.w3.org/1999/xlink"><gossip confidence="0.8" wordnetid="107223170"><scandal confidence="0.8" wordnetid="107223811"><event confidence="0.8" wordnetid="100029378"><informing confidence="0.8" wordnetid="107212190"><report confidence="0.8" wordnetid="107217924"><act confidence="0.8" wordnetid="100030358"><psychological_feature confidence="0.8" wordnetid="100023100"><speech_act confidence="0.8" wordnetid="107160883"><header><title>controversi surround royal dutch shell</title><id /><revision><id /><timestamp>tz</timestamp><contributor><username>bozmo</username><id /></contributor></revision><categories><category>wikipedia refer cleanup</category><category>corpor scandal</category><category>royal dutch shell</category></categories></header><bdy><table class="metadata plainlinks ambox "><row><col>amboxstyl style</col></row><row><col class="mbox-image"><p><image width="40x40px" src="Ambox_style.png" /></p></col><col style="" class="mbox-text">refer articl clearer consist style</col></row></table><p><image location="right" width="350px" src="ShellToSeaLondon.jpg" type="thumb"><caption>asham<language wordnetid="106282651" confidence="0.9508927676800064"><link ns0:type="simple" ns0:href="../105/15105.xml">irish</link></language>man erect banner irish embassi<village wordnetid="108672738" confidence="0.9508927676800064"><link ns0:type="simple" ns0:href="../867/17867.xml">london</link></village>protest<link ns0:type="simple" ns0:href="../319/553319.xml">irish govern</link><link ns0:type="simple" ns0:href="../557/162557.xml">collus</link><region wordnetid="108630985" confidence="0.8"><field wordnetid="108569998" confidence="0.8"><politics wordnetid="113840719" confidence="0.8"><location wordnetid="100027167" confidence="0.8"><tract wordnetid="108673395" confidence="0.8"><social_relation wordnetid="100032823" confidence="0.8"><geographical_area wordnetid="108574314" confidence="0.8"><link ns0:type="simple" ns0:href="../600/2232600.xml">shell activ north west ireland</link></geographical_area></social_relation></tract></location></politics></field></region></caption></image></p><p>concern<company wordnetid="108058098" confidence="0.9508927676800064"><link ns0:type="simple" ns0:href="../417/59417.xml">royal dutch shell</link></company>environment health safeti issu well respect busi practic prioriti time shell manag acknowledg problem promis step repair damag parti reput involv tighten intern control subsidiari ostens commit<link ns0:type="simple" ns0:href="../356/398356.xml">corpor social respons</link>extens global<link ns0:type="simple" ns0:href="../861/2861.xml">advertis</link>campaign initi late<physical_entity wordnetid="100001930" confidence="0.8"><disputant wordnetid="109615465" confidence="0.8"><communicator wordnetid="109610660" confidence="0.8"><person wordnetid="100007846" confidence="0.8"><reformer wordnetid="110515194" confidence="0.8"><militant wordnetid="110315837" confidence="0.8"><intellectual wordnetid="109621545" confidence="0.8"><causal_agent wordnetid="100007347" confidence="0.8"><writer wordnetid="110794014" confidence="0.8"><scholar wordnetid="110557854" confidence="0.8"><link ns0:type="simple" ns0:href="../970/330970.xml">ken sarowiwa</link></scholar></writer></causal_agent></intellectual></militant></reformer></person></communicator></disputant></physical_entity>earli</p><p>main subsidiari articl royal dutch shell</p><p><indent level="1">main articl<gossip wordnetid="107223170" confidence="0.8"><scandal wordnetid="107223811" confidence="0.8"><event wordnetid="100029378" confidence="0.8"><informing wordnetid="107212190" confidence="0.8"><report wordnetid="107217924" confidence="0.8"><act wordnetid="100030358" confidence="0.8"><psychological_feature wordnetid="100023100" confidence="0.8"><speech_act wordnetid="107160883" confidence="0.8"><link ns0:type="simple" ns0:href="../625/10441625.xml">royal dutch shell safeti concern</link></speech_act></psychological_feature></act></report></informing></event></scandal></gossip></indent><indent level="1">main articl<issue wordnetid="105814650" confidence="0.8"><link ns0:type="simple" ns0:href="../178/17384178.xml">royal dutch shell environment issu</link></issue></indent>key inform shell articl</p><p><indent level="1">main articl<company wordnetid="108058098" confidence="0.9508927676800064"><link ns0:type="simple" ns0:href="../417/59417.xml">royal dutch shell</link></company></indent>articl focus controversi surround royal dutch shell</p><ss1><st>sanction bust rhodesia</st><p>british<link ns0:type="simple" ns0:href="../114/207114.xml">crown coloni</link><country wordnetid="108544813" confidence="0.9508927676800064"><link ns0:type="simple" ns0:href="../219/26219.xml">rhodesia</link></country><link ns0:type="simple" ns0:href="../609/372609.xml">unilater declar independ</link><autocracy wordnetid="108361001" confidence="0.8"><system wordnetid="108435388" confidence="0.8"><social_group wordnetid="107950920" confidence="0.8"><political_orientation wordnetid="106212839" confidence="0.8"><monarchy wordnetid="108363812" confidence="0.8"><state wordnetid="108168978" confidence="0.8"><political_unit wordnetid="108359949" confidence="0.8"><political_system wordnetid="108367880" confidence="0.8"><economy wordnetid="108366753" confidence="0.8"><group wordnetid="100031264" confidence="0.8"><democracy wordnetid="106217103" confidence="0.8"><link ns0:type="simple" ns0:href="../717/31717.xml">britain</link></democracy></group></economy></political_system></political_unit></state></monarchy></political_orientation></social_group></system></autocracy>led imposit<link ns0:type="simple" ns0:href="../785/26785.xml">sanction</link><link ns0:type="simple" ns0:href="../769/31769.xml">unit nation</link>sanction includ strict control oil petroleum product sale rebel coloni<link>bingham report</link>sanction bustingrev shell local offic<link ns0:type="simple" ns0:href="../850/459850.xml">southern africa</link><company wordnetid="108058098" confidence="0.9508927676800064"><link ns0:type="simple" ns0:href="../720/18998720.xml">bp</link></company>break un<link ns0:type="simple" ns0:href="../510/4207510.xml">oil</link><link ns0:type="simple" ns0:href="../660/61660.xml">embargo</link>moment impos conflict letter<link ns0:type="simple" ns0:href="../930/334930.xml">british govern</link>written shell chairman sir<link>frank mcfadzean</link>june compani shell interest suppli rhodesia bingham report reveal shipment rhodesia arriv petroleum port lourenco marqu<village wordnetid="108672738" confidence="0.9508927676800064"><link ns0:type="simple" ns0:href="../044/57044.xml">maputo</link></village>oil shepherd<link>shell mozambiqu</link>britishincorpor firm hand<country wordnetid="108544813" confidence="0.9508927676800064"><link ns0:type="simple" ns0:href="../221/17416221.xml">south africa</link></country>broker north rail mozambiqu rhodesia senior execut shell criticis report fail monitor local employe centuri oil</p></ss1><ss1><st>corrupt itali</st><p>earli shell decid dispos heavili loss make busi shell italiana<link ns0:type="simple" ns0:href="../933/1977933.xml">downstream</link>oper itali asset sold italian compani<company wordnetid="108058098" confidence="0.9508927676800064"><link ns0:type="simple" ns0:href="../612/2708612.xml">eni</link></company>subsequ sale shell account auditor discov year prior sale<company wordnetid="108058098" confidence="0.9508927676800064"><link ns0:type="simple" ns0:href="../612/2708612.xml">eni</link></company>italian politician receiv polit contribut total shell italiana local manag record compani book advertis public expens shell gener manag itali oper author misrecord payment dismiss centuri oil</p></ss1><ss1><st>shell sea</st><p><indent level="1">main articl<politics wordnetid="113840719" confidence="0.8"><social_relation wordnetid="100032823" confidence="0.8"><link ns0:type="simple" ns0:href="../027/7267027.xml">shell sea</link></social_relation></politics></indent><image location="right" width="150px" src="Owen_Saro-wiwa_at_Rossport_5_rally.JPG" type="thumb"><caption>dr<physical_entity wordnetid="100001930" confidence="0.8"><disputant wordnetid="109615465" confidence="0.8"><person wordnetid="100007846" confidence="0.8"><reformer wordnetid="110515194" confidence="0.8"><militant wordnetid="110315837" confidence="0.8"><medical_practitioner wordnetid="110305802" confidence="0.8"><causal_agent wordnetid="100007347" confidence="0.8"><health_professional wordnetid="110165109" confidence="0.8"><adult wordnetid="109605289" confidence="0.8"><professional wordnetid="110480253" confidence="0.8"><doctor wordnetid="110020890" confidence="0.8"><link ns0:type="simple" ns0:href="../675/6215675.xml">owen wiwa</link></doctor></professional></adult></health_professional></causal_agent></medical_practitioner></militant></reformer></person></disputant></physical_entity>brother execut anti<company wordnetid="108058098" confidence="0.9508927676800064"><link ns0:type="simple" ns0:href="../417/59417.xml">shell</link></company>campaign<physical_entity wordnetid="100001930" confidence="0.8"><disputant wordnetid="109615465" confidence="0.8"><communicator wordnetid="109610660" confidence="0.8"><person wordnetid="100007846" confidence="0.8"><reformer wordnetid="110515194" confidence="0.8"><militant wordnetid="110315837" confidence="0.8"><intellectual wordnetid="109621545" confidence="0.8"><causal_agent wordnetid="100007347" confidence="0.8"><writer wordnetid="110794014" confidence="0.8"><scholar wordnetid="110557854" confidence="0.8"><link ns0:type="simple" ns0:href="../970/330970.xml">ken sarowiwa</link></scholar></writer></causal_agent></intellectual></militant></reformer></person></communicator></disputant></physical_entity>address<politics wordnetid="113840719" confidence="0.8"><social_relation wordnetid="100032823" confidence="0.8"><link ns0:type="simple" ns0:href="../027/7267027.xml">shell sea</link></social_relation></politics>ralli<site wordnetid="108651247" confidence="0.9508927676800064"><link ns0:type="simple" ns0:href="../504/8504.xml">dublin</link></site><group_action wordnetid="101080366" confidence="0.8"><politics wordnetid="113840719" confidence="0.8"><event wordnetid="100029378" confidence="0.8"><social_relation wordnetid="100032823" confidence="0.8"><conflict wordnetid="100958896" confidence="0.8"><act wordnetid="100030358" confidence="0.8"><psychological_feature wordnetid="100023100" confidence="0.8"><link ns0:type="simple" ns0:href="../829/2827829.xml">rossport</link></psychological_feature></act></conflict></social_relation></event></politics></group_action>releas prison</caption></image></p><p><island wordnetid="109316454" confidence="0.9508927676800064"><link ns0:type="simple" ns0:href="../575/147575.xml">ireland</link></island>shell criticis<company wordnetid="108058098" confidence="0.9508927676800064"><link ns0:type="simple" ns0:href="../889/172889.xml">statoil</link></company><company wordnetid="108058098" confidence="0.9508927676800064"><link ns0:type="simple" ns0:href="../788/1448788.xml">marathon oil</link></company>plan pipe unrefin ga<link ns0:type="simple" ns0:href="../600/2232600.xml">corrib ga field</link>onshor pipelin pass close local resid en rout refineri<link ns0:type="simple" ns0:href="../510/50510.xml" />inland northwest<site wordnetid="108651247" confidence="0.9508927676800064"><link ns0:type="simple" ns0:href="../830/5830.xml">counti mayo</link></site><ref ns0:type="simple" ns0:href="#xpointer(//reflist/entry[@id=%221%22])" />plan origin<company wordnetid="108058098" confidence="0.8"><institution wordnetid="108053576" confidence="0.8"><link ns0:type="simple" ns0:href="../558/3062558.xml">enterpris oil</link></institution></company>inherit shell acquir compani summer local men prison three month refus abid injunct compani men<group_action wordnetid="101080366" confidence="0.8"><politics wordnetid="113840719" confidence="0.8"><event wordnetid="100029378" confidence="0.8"><social_relation wordnetid="100032823" confidence="0.8"><conflict wordnetid="100958896" confidence="0.8"><act wordnetid="100030358" confidence="0.8"><psychological_feature wordnetid="100023100" confidence="0.8"><link ns0:type="simple" ns0:href="../829/2827829.xml">rossport</link></psychological_feature></act></conflict></social_relation></event></politics></group_action>current campaign local resid<link ns0:type="simple" ns0:href="../027/7267027.xml">shell sea</link>main aim persuad shell chang plan pipelin refineri april<link ns0:type="simple" ns0:href="../651/1780651.xml">irish high court</link>rule shell origin intend pipelin rout shell announc plan bring ga sea site refineri<link>bellinaboy</link>involv irish govern issu<link>compulsori acquisit order</link><objection wordnetid="107208338" confidence="0.8"><event wordnetid="100029378" confidence="0.8"><protest wordnetid="107210225" confidence="0.8"><act wordnetid="100030358" confidence="0.8"><psychological_feature wordnetid="100023100" confidence="0.8"><speech_act wordnetid="107160883" confidence="0.8"><link ns0:type="simple" ns0:href="../313/6555313.xml">solidar camp</link></speech_act></psychological_feature></act></protest></event></objection>peopl local support campaign live help campaign shell claim develop welcom local popul plan regul respons local concern<ref ns0:type="simple" ns0:href="#xpointer(//reflist/entry[@id=%222%22])" />opinion poll contrari</p></ss1><ss1><st>damag patent infring</st><p>octob<link ns0:type="simple" ns0:href="../228/70228.xml">feder appeal court</link><weblink ns0:type="simple" ns0:href="http://www.shell2004.com/2005%20docs/UnionCarbidevShell%20(2).pdf">upheld patent infring verdict</weblink><oil_company wordnetid="108069241" confidence="0.8"><name wordnetid="106333653" confidence="0.8"><company wordnetid="108058098" confidence="0.8"><trade_name wordnetid="106845599" confidence="0.8"><part wordnetid="113809207" confidence="0.8"><language_unit wordnetid="106284225" confidence="0.8"><institution wordnetid="108053576" confidence="0.8"><link ns0:type="simple" ns0:href="../593/468593.xml">shell oil compani</link></institution></language_unit></part></trade_name></company></name></oil_company>case brought<idea wordnetid="105833840" confidence="0.8"><concept wordnetid="105835747" confidence="0.8"><component wordnetid="105868954" confidence="0.8"><company wordnetid="108058098" confidence="0.8"><part wordnetid="105867413" confidence="0.8"><institution wordnetid="108053576" confidence="0.8"><link ns0:type="simple" ns0:href="../364/301364.xml">union carbid</link></institution></part></company></component></concept></idea>feder court told lower court consid increas damag award case<weblink ns0:type="simple" ns0:href="http://www.shell2004.com/week40/muzi_daily_news4october2005.htm">news report</weblink>court appeal feder circuit reject appeal shell subsidiari shell chemic sought overturn juri verdict infring union carbid patent chemic process ethylen oxid appeal court reportedli substanti evid support juri verdict</p></ss1><ss1><st>jiffi lube intern</st><p>decemb oklahoma judg approv class action settlement royal dutch shell subsidiari<link>jiffi lube intern</link>million plaintiff agreement<weblink ns0:type="simple" ns0:href="http://query.nytimes.com/gst/fullpage.html?res=9A06EFD61E3EF931A35751C1A9629C8B63">report</weblink><link ns0:type="simple" ns0:href="../680/30680.xml">york time</link>settl lawsuit<country wordnetid="108544813" confidence="0.9508927676800064"><link ns0:type="simple" ns0:href="../407/5407.xml">california</link></country><country wordnetid="108544813" confidence="0.9508927676800064"><link ns0:type="simple" ns0:href="../648/21648.xml">jersey</link></country>environment surcharg<weblink ns0:type="simple" ns0:href="http://www.jiffylube.com/">jiffi lube</weblink>impos oil chang custom term settlement jiffi lube provid custom coupon good oil chang earlier<weblink ns0:type="simple" ns0:href="http://www.shell2004.com/2004%20Documents/newyorktimes/new_york_timesjiffy19oct04.htm">report</weblink>newspap jiffi lube surcharg driver oilchang bill year pretext environment surcharg attempt fool custom think tax scott shepherd<region wordnetid="108630985" confidence="0.8"><administrative_district wordnetid="108491826" confidence="0.8"><location wordnetid="100027167" confidence="0.8"><district wordnetid="108552138" confidence="0.8"><country wordnetid="108544813" confidence="0.8"><link ns0:type="simple" ns0:href="../332/23332.xml">pennsylvania</link></country></district></location></administrative_district></region>attorney su jiffi lube quot straight ripoff time</p></ss1><ss1><st>fine violat embargo iraq</st><p>april<newspaper wordnetid="106267145" confidence="0.9508927676800064"><link ns0:type="simple" ns0:href="../680/30680.xml">york time</link></newspaper><weblink ns0:type="simple" ns0:href="http://query.nytimes.com/gst/fullpage.html?res=9E04E0D81330F935A15757C0A9669C8B63">report</weblink><link ns0:type="simple" ns0:href="../769/31769.xml">unit nation</link>fine<company wordnetid="108058098" confidence="0.9508927676800064"><link ns0:type="simple" ns0:href="../417/59417.xml">royal dutch shell</link></company>group ship<link ns0:type="simple" ns0:href="../703/181703.xml">iraqi</link>oil april violat intern<link ns0:type="simple" ns0:href="../660/61660.xml">embargo</link>iraq tanker akademik pustovoit board americanl naval forc<ocean wordnetid="109376198" confidence="0.9508927676800064"><link ns0:type="simple" ns0:href="../761/24761.xml">persian gulf</link></ocean>royal dutchshel maintain tanker carri<country wordnetid="108544813" confidence="0.9508927676800064"><link ns0:type="simple" ns0:href="../653/14653.xml">iran</link></country>ian oil load port bandar mahshur spokesman<structure wordnetid="104341686" confidence="0.9508927676800064"><link ns0:type="simple" ns0:href="../583/39583.xml">pentagon</link></structure>kenneth bacon quot confirm test cargo determin percent oil iraq articl report high price increas demand sharp increas<link ns0:type="simple" ns0:href="../080/11170080.xml">illicit</link>oil shipment iraqi offici believ earn million<link ns0:type="simple" ns0:href="../645/28645.xml">smuggl</link>oil</p></ss1><ss1><st>vietnam war</st><p>three year<conflict wordnetid="100958896" confidence="0.9508927676800064"><link ns0:type="simple" ns0:href="../611/32611.xml">vietnam war</link></conflict>shell vietnam local oper compani shell group control half vietnam oil suppli book<weblink ns0:type="simple" ns0:href="http://www.louiswesseling.com/">loui wessel</weblink>presid shell vietnam period reveal shell fail properli control oil shipment flow indirect channel<link ns0:type="simple" ns0:href="../286/68286.xml">vietcong</link>book fuell war reveal oil compani role vietnam<ref ns0:type="simple" ns0:href="#xpointer(//reflist/entry[@id=%223%22])" />shell knowingli employ manag notori senior polic offici fearsom welldeserv reput inclin settl secur matter militari action compunct kill innoc suspect wessel serv ceo shell compani<system wordnetid="108435388" confidence="0.8"><economy wordnetid="108366753" confidence="0.8"><group wordnetid="100031264" confidence="0.8"><link ns0:type="simple" ns0:href="../769/26769.xml">south america</link></group></economy></system><system wordnetid="108435388" confidence="0.8"><economy wordnetid="108366753" confidence="0.8"><group wordnetid="100031264" confidence="0.8"><link ns0:type="simple" ns0:href="../323/19323.xml">middl east</link></group></economy></system>collabor draft shell group busi principl</p></ss1><ss1><st>nigeria</st><p><indent level="1"><misfortune wordnetid="114475405" confidence="0.8"><condition wordnetid="113920429" confidence="0.8"><state wordnetid="100024720" confidence="0.8"><catastrophe wordnetid="114476290" confidence="0.8"><adversity wordnetid="114475661" confidence="0.8"><fortune wordnetid="114473222" confidence="0.8"><link ns0:type="simple" ns0:href="../988/3542988.xml">petroleum nigeria</link></fortune></adversity></catastrophe></state></condition></misfortune></indent>shell oper<link ns0:type="simple" ns0:href="../782/538782.xml">joint ventur</link>govern nigeria shell petroleum develop compani spdc earli<physical_entity wordnetid="100001930" confidence="0.8"><disputant wordnetid="109615465" confidence="0.8"><communicator wordnetid="109610660" confidence="0.8"><person wordnetid="100007846" confidence="0.8"><reformer wordnetid="110515194" confidence="0.8"><militant wordnetid="110315837" confidence="0.8"><intellectual wordnetid="109621545" confidence="0.8"><causal_agent wordnetid="100007347" confidence="0.8"><writer wordnetid="110794014" confidence="0.8"><scholar wordnetid="110557854" confidence="0.8"><link ns0:type="simple" ns0:href="../970/330970.xml">ken sarowiwa</link></scholar></writer></causal_agent></intellectual></militant></reformer></person></communicator></disputant></physical_entity>presid<link ns0:type="simple" ns0:href="../389/732389.xml">movement surviv ogoni peopl</link>mosop led<link ns0:type="simple" ns0:href="../755/178755.xml">nonviol</link>campaign environment damag associ oper multin oil compani includ shell<link ns0:type="simple" ns0:href="../720/18998720.xml">british petroleum</link><link ns0:type="simple" ns0:href="../412/2055412.xml">ogoni</link>homeland<link ns0:type="simple" ns0:href="../605/1844605.xml">niger delta</link>januari mosop organis peac march ogoni peopl half ogoni popul ogoni centr draw intern attent peopl plight year shell ceas oper ogoni region shell involv<country wordnetid="108544813" confidence="0.9508927676800064"><link ns0:type="simple" ns0:href="../383/21383.xml">nigeria</link></country>fore octob peac protest<link>umeuchem</link>escal peopl kill polic home destroy shell claim ask polic protect<physical_entity wordnetid="100001930" confidence="0.8"><disputant wordnetid="109615465" confidence="0.8"><communicator wordnetid="109610660" confidence="0.8"><person wordnetid="100007846" confidence="0.8"><reformer wordnetid="110515194" confidence="0.8"><militant wordnetid="110315837" confidence="0.8"><intellectual wordnetid="109621545" confidence="0.8"><causal_agent wordnetid="100007347" confidence="0.8"><writer wordnetid="110794014" confidence="0.8"><scholar wordnetid="110557854" confidence="0.8"><link ns0:type="simple" ns0:href="../970/330970.xml">ken sarowiwa</link></scholar></writer></causal_agent></intellectual></militant></reformer></person></communicator></disputant></physical_entity>execut ken sarowiwa implic shell treason trial ecolog war shell wage will call question sooner crime compani dirti war<link ns0:type="simple" ns0:href="../412/2055412.xml">ogoni</link>peopl will punish shell provid money suppli nigerian militari<ref ns0:type="simple" ns0:href="#xpointer(//reflist/entry[@id=%224%22])" />sarowiwa execut trumpedup charg worldwid condemn aim shell implic associ nigerian govern activ</p><p>februari judg<weblink ns0:type="simple" ns0:href="http://www.shell2004.com/2004%20Documents/ogoni/ogoniwiwacourtdoc28feb02archive.htm">rule</weblink>case brought royal dutch shell close rel ken sarowiwa proceed<social_group wordnetid="107950920" confidence="0.8"><assembly wordnetid="108163792" confidence="0.8"><gathering wordnetid="107975026" confidence="0.8"><court wordnetid="108329453" confidence="0.8"><group wordnetid="100031264" confidence="0.8"><link ns0:type="simple" ns0:href="../093/747093.xml">unit district court southern district york</link></group></court></gathering></assembly></social_group><link ns0:type="simple" ns0:href="../840/766840.xml">alien tort claim</link><link ns0:type="simple" ns0:href="../150/1048150.xml">tortur victim protect</link>rico<link ns0:type="simple" ns0:href="../211/26211.xml">racket influenc corrupt organ</link>rico</p><p>shell continu condemn bodi<financial_institution wordnetid="108054721" confidence="0.8"><foundation wordnetid="108406486" confidence="0.8"><charity wordnetid="108406619" confidence="0.8"><institution wordnetid="108053576" confidence="0.8"><link ns0:type="simple" ns0:href="../789/1295789.xml">christian aid</link></institution></charity></foundation></financial_institution>report despit shell claim honesti integr respect peopl fail consider interest nigeria bring chang niger delta<ref ns0:type="simple" ns0:href="#xpointer(//reflist/entry[@id=%225%22])" />report evid failur clean oil spill pollut river water cours noncomplet promis project commun improv studi commun project leak<newspaper wordnetid="106267145" confidence="0.9508927676800064"><link ns0:type="simple" ns0:href="../449/50449.xml">economist</link></newspaper>report claim project visit review scheme exist partial success work</p></ss1><ss1><st>darfur region sudan</st><p>board truste<weblink ns0:type="simple" ns0:href="http://www.amherst.edu/">amherst colleg</weblink>locat<village wordnetid="108672738" confidence="0.9508927676800064"><link ns0:type="simple" ns0:href="../813/49813.xml">amherst massachusett</link></village>pass resolut januari divest invest multin compani identifi direct busi tie<link ns0:type="simple" ns0:href="../425/27425.xml">sudanes govern</link>compani busi activ direct support compani activ govern divest action base govern atroc deem wholli inconsist moral ethic valu<university wordnetid="108286163" confidence="0.9508927676800064"><link ns0:type="simple" ns0:href="../355/60355.xml">amherst colleg</link></university>alleg evid genocid peopl<region wordnetid="108630039" confidence="0.8"><location wordnetid="100027167" confidence="0.8"><link ns0:type="simple" ns0:href="../837/605837.xml">darfur</link></location></region>region allegedli commit<country wordnetid="108544813" confidence="0.9508927676800064"><link ns0:type="simple" ns0:href="../421/27421.xml">sudan</link></country>ese govern royal dutch shell plc<weblink ns0:type="simple" ns0:href="http://www.amherst.edu/magazine/darfur/">identifi</weblink>multin ban invest purpos natur busi oper<country wordnetid="108544813" confidence="0.9508927676800064"><link ns0:type="simple" ns0:href="../421/27421.xml">sudan</link></country></p></ss1><ss1><st>exchang control specul japan</st><p><image location="right" width="300px" src="GasStationHiroshima.jpg" type="thumb"><caption>shell showa shell<link ns0:type="simple" ns0:href="../260/61260.xml">petrol station</link>japan</caption></image><link>showa shell sekiyu kk</link><link ns0:type="simple" ns0:href="../782/538782.xml">joint ventur</link><link ns0:type="simple" ns0:href="../933/1977933.xml">downstream</link>oil compani japan shell share market shell<link ns0:type="simple" ns0:href="../900/18950900.xml">brand</link>compani sustain loss billion<link ns0:type="simple" ns0:href="../392/34392.xml">yen</link>approx usbillion unauthoris forward<link ns0:type="simple" ns0:href="../665/5665.xml">currenc</link>transact compani treasuri depart expect dollar rise yen bought forward dollar futur market yen dollar decreas yen caus huge<link ns0:type="simple" ns0:href="../277/648277.xml">foreign exchang</link>loss firm scandal prompt shell review intern control joint ventur report<link ns0:type="simple" ns0:href="../955/163955.xml">intern herald tribun</link>publish februari resign top execut showa shell sekiyu fire<link ns0:type="simple" ns0:href="../498/5670498.xml">john jen</link>shell group manag director quot<weblink ns0:type="simple" ns0:href="http://www.iht.com/articles/1993/02/26/shel_1.php">articl</weblink>unauthoris currenc specul gross contravent establish rule practic deliber conceal</p></ss1><ss1><st>brent spar</st><p><indent level="1"><platform wordnetid="103961939" confidence="0.8"><artifact wordnetid="100021939" confidence="0.8"><surface wordnetid="104362025" confidence="0.8"><horizontal_surface wordnetid="103536348" confidence="0.8"><link ns0:type="simple" ns0:href="../494/1195494.xml">brent spar</link></horizontal_surface></surface></artifact></platform></indent>shell challeng<link ns0:type="simple" ns0:href="../233/12233.xml">greenpeac</link>plan subsea dispos brent spar oil transport hub station locat<ocean wordnetid="109376198" confidence="0.9508927676800064"><link ns0:type="simple" ns0:href="../179/21179.xml">north sea</link></ocean><link ns0:type="simple" ns0:href="../698/698.xml">north atlant</link>shell eventu agre disassembl onshor<system wordnetid="108435388" confidence="0.8"><economy wordnetid="108366753" confidence="0.8"><group wordnetid="100031264" confidence="0.8"><link ns0:type="simple" ns0:href="../241/21241.xml">norway</link></group></economy></system>maintain origin plan sink platform safer better environ</p><p>dispos transpir greenpeac estim toxic content inaccur<ref ns0:type="simple" ns0:href="#xpointer(//reflist/entry[@id=%226%22])" /></p></ss1><ss1><st>taint shell gasolin north america</st><p>shell spokeswoman<weblink ns0:type="simple" ns0:href="http://query.nytimes.com/gst/fullpage.html?res=9D05E2DC1E3EF93AA15756C0A9629C8B63 n=Top%2fNews%2fBusiness%2fCompanies%2fShell%2c%20Royal%20Dutch%2c%20P%2eL%2eC%2e">confirm</weblink>shell texaco servic station<region wordnetid="108630985" confidence="0.8"><administrative_district wordnetid="108491826" confidence="0.8"><location wordnetid="100027167" confidence="0.8"><district wordnetid="108552138" confidence="0.8"><country wordnetid="108544813" confidence="0.8"><link ns0:type="simple" ns0:href="../130/18130.xml">louisiana</link></country></district></location></administrative_district></region><symbol wordnetid="106806469" confidence="0.9508927676800064"><link ns0:type="simple" ns0:href="../066/18933066.xml">florida</link></symbol>stop sell taint gasolin caus fuel gaug malfunct shell<weblink ns0:type="simple" ns0:href="http://www.local10.com/news/3369117/detail.html">set hot</weblink>driver concern purchas taint gasolin number<weblink ns0:type="simple" ns0:href="http://www.sptimes.com/2004/05/29/Tampabay/Tainted_gas_gums_up_f.shtml">news report</weblink><weblink ns0:type="simple" ns0:href="http://www.gcmonitor.org/article.php?id=257">taint fuel</weblink>alleg<weblink ns0:type="simple" ns0:href="http://www.nbc6.net/news/3396635/detail.html">inadequ respons shell</weblink>file lawsuit shell issu press statement extract quot<weblink ns0:type="simple" ns0:href="http://www.ag.state.la.us/ViewPressRel.aspx?RelID=281">press releas</weblink>louisiana attorney gener offic june</p><p>april district judg seal record divid legal fee lawyer repres plaintiff feder class action lawsuit aros fuel gaug damag case brought behalf<region wordnetid="108630985" confidence="0.8"><administrative_district wordnetid="108491826" confidence="0.8"><location wordnetid="100027167" confidence="0.8"><district wordnetid="108552138" confidence="0.8"><country wordnetid="108544813" confidence="0.8"><link ns0:type="simple" ns0:href="../130/18130.xml">louisiana</link></country></district></location></administrative_district></region><country wordnetid="108544813" confidence="0.9508927676800064"><link ns0:type="simple" ns0:href="../861/16949861.xml">mississippi</link></country><region wordnetid="108630985" confidence="0.8"><administrative_district wordnetid="108491826" confidence="0.8"><location wordnetid="100027167" confidence="0.8"><district wordnetid="108552138" confidence="0.8"><country wordnetid="108544813" confidence="0.8"><link ns0:type="simple" ns0:href="../303/303.xml">alabama</link></country></district></location></administrative_district></region><symbol wordnetid="106806469" confidence="0.9508927676800064"><link ns0:type="simple" ns0:href="../066/18933066.xml">florida</link></symbol>resid fuel gaug broke purchas shell oil gasolin sulfur week start taint gasolin produc shellmotiva<link ns0:type="simple" ns0:href="../137/195137.xml">oil refineri</link><site wordnetid="108651247" confidence="0.8"><region wordnetid="108630985" confidence="0.8"><location wordnetid="100027167" confidence="0.8"><tract wordnetid="108673395" confidence="0.8"><geographical_area wordnetid="108574314" confidence="0.8"><link ns0:type="simple" ns0:href="../735/115735.xml">norco louisiana</link></geographical_area></tract></location></region></site><weblink ns0:type="simple" ns0:href="http://www.nola.com/news/t-p/metro/index.ssf?/base/news-20/117584024484240.xml coll=1 thispage=1">articl</weblink>publish<newspaper wordnetid="106267145" confidence="0.9508927676800064"><link ns0:type="simple" ns0:href="../833/2565833.xml">timespicayun</link></newspaper>newspap state problem emerg shell volunt broken gaug ten thousand vehicl cost depend car model septemb shell process claim mean firm time spent ten million repair articl attorney side reach settlement call shell expand repair program provid cover gener damag</p><p><region wordnetid="108630039" confidence="0.9508927676800064"><link ns0:type="simple" ns0:href="../916/5042916.xml">canada</link></region><company wordnetid="108058098" confidence="0.9508927676800064"><link ns0:type="simple" ns0:href="../518/867518.xml">shell canada</link></company>experienc problem stem sulfur contamin fuel creat malfunct fuel gaug<weblink ns0:type="simple" ns0:href="http://www.shellnews.net/2004%20Documents/todds/toronto_star4june.htm">articl</weblink>publish<link ns0:type="simple" ns0:href="../010/141010.xml">toronto star</link>june alleg reaction shell unit differ compani handl custom toronto region spring summer</p></ss1><ss1><st>poor fuel suppli problem manchest airport</st><p>april bbc news<weblink ns0:type="simple" ns0:href="http://news.bbc.co.uk/1/hi/england/manchester/7331296.stm">report</weblink>flight cancel<airport wordnetid="102692232" confidence="0.9508927676800064"><link ns0:type="simple" ns0:href="../959/266959.xml">manchest airport</link></airport>major airport locat<link ns0:type="simple" ns0:href="../694/714694.xml">north england</link>jet fuel shell<link ns0:type="simple" ns0:href="../720/3391720.xml">stanlow</link>refineri<site wordnetid="108651247" confidence="0.9508927676800064"><link ns0:type="simple" ns0:href="../674/311674.xml">ellesmer port</link></site>poor standard articl state problem qualiti<link ns0:type="simple" ns0:href="../435/1205435.xml">jet fuel</link><link ns0:type="simple" ns0:href="../137/195137.xml">oil refineri</link></p></ss1><ss1><st>retir fund defici malaysia</st><p>septemb exemploye shell won lawsuit miri high court<country wordnetid="108544813" confidence="0.9508927676800064"><link ns0:type="simple" ns0:href="../937/3607937.xml">malaysia</link></country>concern administr defend shell group compani shell employe retir fund shell compani question<link ns0:type="simple" ns0:href="../258/28258.xml">sarawak</link>shell bhd<link ns0:type="simple" ns0:href="../678/28678.xml">sabah</link>shell petroleum order pay rm plaintiff employe project team file suit novemb alleg unlaw deduct retir fund<weblink ns0:type="simple" ns0:href="http://shell2004.com/2004%20Documents/rsodds/sarawak_news26sept04.htm">report</weblink>hear counsel plaintiff object applic shell stay ground major plaintiff well age weak declin health<weblink ns0:type="simple" ns0:href="http://shell2004.com/2004%20Documents/newassorted/new_straits_times7oct04.htm">stori</weblink><newspaper wordnetid="106267145" confidence="0.9508927676800064"><link ns0:type="simple" ns0:href="../949/410949.xml">strait time</link></newspaper>publish octob report relat shell employe die lose memori ail news report suit legal histori malaysia involv largest number exemploye su employ involv big claim defend file appeal decis</p><p>malaysian court appeal<weblink ns0:type="simple" ns0:href="http://shell2004.com/week42/new_straits_times18october2005.htm">decid</weblink>octob jurisdict hear appeal<weblink ns0:type="simple" ns0:href="http://www.shellnews.net/sarawak/399_teama-2007.pdf">judgment</weblink>date march overturn judgment<weblink ns0:type="simple" ns0:href="http://royaldutchshellplc.com/2007/09/25/corruption-crisis-in-malaysian-judiciary-impacts-on-shell-litigation/">report</weblink>announc decis court three appeal court judg state ground decis dont compani shell employe paragraph judgment state refer shell deduct employ epf contribut lump sum expos accus illeg action fraud employe result employe benefit rbf rbf futil exercis inconceiv compani embark absurd pointless peril undertak</p><p>novemb<weblink ns0:type="simple" ns0:href="http://royaldutchshellplc.com/2007/11/21/the-borneo-post-former-employees-allowed-to-appeal-over-pension-funds/">httproyaldutchshellplccomtheborneopostformeremployeesallowedtoappealoverpensionfund</weblink>articl publish borneo post report feder court fc grant leav permiss employe major petroleum corpor appeal exemploy connect pension fund fc yesterday agre merit applic leav</p></ss1><ss1><st>oil ga reserv recategoris</st><p><weblink ns0:type="simple" ns0:href="http://www.telegraph.co.uk/money/main.jhtml?xml=/money/2004/01/10/cnshell10.xml menuId=242 sSheet=/portal/2004/01/10/ixportal.html">announc</weblink><link ns0:type="simple" ns0:href="../075/16075.xml">januari</link><link ns0:type="simple" ns0:href="../524/35524.xml" />royal dutch shell group downgrad hydrocarbon reserv drew fire sharehold financi analyst media<weblink ns0:type="simple" ns0:href="http://www.guardian.co.uk/oil/story/0,11319,1195725,00.html">news report april</weblink><link ns0:type="simple" ns0:href="../097/55097.xml">secur exchang commiss</link>announc recategoris<link ns0:type="simple" ns0:href="../440/2053440.xml">hydrocarbon reserv</link>admit share reserv book proven fulfil requir proof regulatori provis<weblink ns0:type="simple" ns0:href="http://www.sec.gov/litigation/admin/34-50233.pdf">ceas desist order</weblink><link ns0:type="simple" ns0:href="../629/1629.xml">august</link><link ns0:type="simple" ns0:href="../524/35524.xml" />shell overst prove reserv report form billion barrel oil equival boe order conclud shell overst standardis measur futur cash flow report file billion shell correct overstat amend file<link ns0:type="simple" ns0:href="../846/15846.xml">juli</link><link ns0:type="simple" ns0:href="../524/35524.xml" />reflect degre shell overstat year time announc order shell simultan intent pin reserv scandal individu<weblink ns0:type="simple" ns0:href="http://www.telegraph.co.uk/money/main.jhtml?xml=/money/2004/08/28/ccshell28.xml sSheet=/money/2004/08/28/ixcoms.html">reportedli</weblink>state intend action peopl insid compani</p><p>shell annual report account restat proven reserv reduc mn usd reduc mn usd correspond roughli previou proven reserv base addit identifi previou year lead manag bonu payment link proven reserv base practic discontinu controversi exagger oil ga reserv shell resign chairman<person wordnetid="100007846" confidence="0.9638700866880419"><link ns0:type="simple" ns0:href="../694/2259694.xml">sir philip watt</link></person><weblink ns0:type="simple" ns0:href="http://www.shell.com/home/Framework?siteId=us-en FC2= FC3=/global/news_and_library/press_releases/2004/2_25062004_mediarelease_0910.html">httpwwwshellcomhomeframeworksiteidusen fc fcglobalnews_and_librarypress_releases__mediarelease_html</weblink>departur head explor product busi<link>walter van der vijver</link>cfo<link>judi boynton</link></p><p>march economist report law firm berger montagu claim shell recklessli violat account rule guidelin enorm shock overstat oil ga reserv law firm su shell behalf sharehold claim overstat harm sharehold sever overst firm market economist report berger law firm launch case articl impli reserv recategoris result activ long term problem call scam enron proport<weblink ns0:type="simple" ns0:href="http://www.economist.com/business/displaystory.cfm?story_id=E1_NVDNRVP">httpwwweconomistcombusinessdisplaystorycfmstory_ide_nvdnrvp</weblink></p><p>consequ reserv recategoris<link ns0:type="simple" ns0:href="../ury/22nd_century.xml">april</link><link ns0:type="simple" ns0:href="../524/35524.xml" />bloomberg<weblink ns0:type="simple" ns0:href="http://quote.bloomberg.com/apps/news?pid=10000085 sid=aFbPi7UycB5E refer=europe">report</weblink>royal dutchshel group lost aaa credit rate standard poor maintain year</p><p><link ns0:type="simple" ns0:href="../629/1629.xml">august</link><link ns0:type="simple" ns0:href="../524/35524.xml" />uk financi regul financi servic author fsa<weblink ns0:type="simple" ns0:href="http://www.fsa.gov.uk/pubs/final/shell_24aug04.pdf">announc</weblink>impos penalti pound uk shell transport trade compani plc royal dutch petroleum compani nv fsa consid shell announc fals mislead prove reserv reserv replac ratio market period inclus fsa consid shell misconduct amount market abus basi market fals mislead impress price uk list shell sharesp para fsa consid shell action seriou merit substanti penalti level penalti reflect high degre cooper shell fsa investig<weblink ns0:type="simple" ns0:href="http://business.timesonline.co.uk/tol/business/article474064.ece">announc</weblink>fine usd shell make combin fine<weblink ns0:type="simple" ns0:href="http://money.cnn.com/2004/08/24/news/international/royaldutchshell_sec/" />usd uk financi regul</p><p>juli shell confirm<weblink ns0:type="simple" ns0:href="http://www.telegraph.co.uk/money/main.jhtml?xml=/money/2006/07/28/cnshell28.xml">httpwwwtelegraphcoukmoneymainjhtmlxmlmoneycnshellxml</weblink>compani set settl outstand class action litig respect reserv misstat issu</p><p>januari shell su group dutch<link ns0:type="simple" ns0:href="../615/43615.xml">pension fund</link>allegedli hold shell share<weblink ns0:type="simple" ns0:href="http://news.bbc.co.uk/1/hi/business/4596244.stm">httpnewsbbccoukhibusinessstm</weblink></p><p><weblink ns0:type="simple" ns0:href="http://www.shell.com/static/investor-en/downloads/publications/2007/2006_annual_report.pdf">shell annual report form year decemb</weblink>publish march deal recategoris<link ns0:type="simple" ns0:href="../257/13257.xml">hydrocarbon</link>reserv relat consolid sharehold class action pend<social_group wordnetid="107950920" confidence="0.8"><assembly wordnetid="108163792" confidence="0.8"><gathering wordnetid="107975026" confidence="0.8"><court wordnetid="108329453" confidence="0.8"><group wordnetid="100031264" confidence="0.8"><link ns0:type="simple" ns0:href="../070/914070.xml">unit district court district jersey</link></group></court></gathering></assembly></social_group>lead plaintiff<region wordnetid="108630985" confidence="0.8"><administrative_district wordnetid="108491826" confidence="0.8"><location wordnetid="100027167" confidence="0.8"><district wordnetid="108552138" confidence="0.8"><country wordnetid="108544813" confidence="0.8"><link ns0:type="simple" ns0:href="../332/23332.xml">pennsylvania</link></country></district></location></administrative_district></region>employe retir system pennsylvania public school employe retir system remain defend action royal dutch petroleum compani merg shell petroleum nv shell transport trade compani plc shell director<link ns0:type="simple" ns0:href="../694/2259694.xml">sir philip watt</link>judith boynton shell auditor pricewaterhousecoop llp kpmg account nv kpmg intern class action file januari dutch pension fund german luxembourg institut sharehold consolid exist class action pretrial purpos preliminari stage litig complet amend complaint file answer defend discoveri commenc shell annual report court will hold hear june legal issu includ plaintiff motion class certif feder secur law appli claim nonu potenti class member purchas shell secur foreign market court will decid summari judgement motion file shell</p></ss1><ss1><st>sakhalin</st><p><region wordnetid="108630985" confidence="0.8"><field wordnetid="108569998" confidence="0.8"><location wordnetid="100027167" confidence="0.8"><tract wordnetid="108673395" confidence="0.8"><geographical_area wordnetid="108574314" confidence="0.8"><link ns0:type="simple" ns0:href="../051/1894051.xml">sakhalinii</link></geographical_area></tract></location></field></region>oil ga project led shell<link ns0:type="simple" ns0:href="../088/58088.xml">sakhalin island</link><country wordnetid="108544813" confidence="0.9508927676800064"><link ns0:type="simple" ns0:href="../391/25391.xml">russia</link></country>involv pipe oil ga oil termin construct russia liquefi natur ga<link ns0:type="simple" ns0:href="../128/832128.xml">lng</link>plant project controversi start cost environment commun relat reason summer sakhalin energi project oper doubl estim capit cost billion lng product delay shell express surpris huge increas environment reason account budgetari error</p><p>origin negoti contract product share agreement russian revenu shell partner compani recoup cost substanti return invest shell protect cost overrun lead lower incom russia shell main reason russian insist deal involv<company wordnetid="108058098" confidence="0.9508927676800064"><link ns0:type="simple" ns0:href="../489/320489.xml">gazprom</link></company>charg greed level shell independ observ project<weblink ns0:type="simple" ns0:href="http://www.carbonweb.org/showitem.asp?article=144 parent=6 link=Y gp=3">httpwwwcarbonweborgshowitemasparticl parent linki gp</weblink></p><p>environment social concern head novemb chief execut<financial_institution wordnetid="108054721" confidence="0.8"><foundation wordnetid="108406486" confidence="0.8"><charity wordnetid="108406619" confidence="0.8"><institution wordnetid="108053576" confidence="0.8"><link ns0:type="simple" ns0:href="../877/19005877.xml">wwf</link></institution></charity></foundation></financial_institution>neg impact sakhalin peopl environ time attack difficult shell consortium partner seek financ project<link ns0:type="simple" ns0:href="../963/37963.xml">european bank reconstruct develop</link>ebrd time</p><p>spiral project cost difficulti continu undermin confid shell reput good project manag octob articl observ<weblink ns0:type="simple" ns0:href="http://business.guardian.co.uk/story/0,,1928280,00.html">report</weblink>leak intern report russian govern estim final cost reach billion</p><p>late shell partner sakhalin energi reach agreement gazprom kremlin control compani major sharehold ventur describ capitul<newspaper wordnetid="106267145" confidence="0.9508927676800064"><link ns0:type="simple" ns0:href="../449/50449.xml">economist</link></newspaper><weblink ns0:type="simple" ns0:href="http://www.economist.com/business/displaystory.cfm?story_id=E1_RQTPDRJ">httpwwweconomistcombusinessdisplaystorycfmstory_ide_rqtpdrj</weblink>russian presid putin attend sign ceremoni moscow indic<weblink ns0:type="simple" ns0:href="http://business.guardian.co.uk/story/0,,1977430,00.html">environment issu resolv</weblink>news report decemb sunday telegraph<weblink ns0:type="simple" ns0:href="http://www.telegraph.co.uk/news/main.jhtml?xml=/news/2006/12/24/noil24.xml">claim shell bulli</weblink>deal russian author</p></ss1><ss1><st>shell foundat</st><p>septemb articl publish guardian newspap alleg attempt shell portray model corpor social respons undermin night<region wordnetid="108630985" confidence="0.8"><artifact wordnetid="100021939" confidence="0.8"><location wordnetid="100027167" confidence="0.8"><street wordnetid="104334599" confidence="0.8"><way wordnetid="104564698" confidence="0.8"><thoroughfare wordnetid="104426618" confidence="0.8"><road wordnetid="104096066" confidence="0.8"><district wordnetid="108552138" confidence="0.8"><link ns0:type="simple" ns0:href="../416/146416.xml">whitehal</link></district></road></thoroughfare></way></street></location></artifact></region>document charit arm discuss key commerci project british govern minist articl entitl<weblink ns0:type="simple" ns0:href="http://business.guardian.co.uk/story/0,,1882372,00.html">campaign attack shell chariti arm sakhalin talk</weblink><link ns0:type="simple" ns0:href="../422/8671422.xml">shell foundat</link>chariti commiss subsequ conduct inquiri<weblink ns0:type="simple" ns0:href="http://www.guardian.co.uk/frontpage/story/0,,1924170,00.html">articl publish guardian</weblink>octob conclud shell foundat fallen short good govern decisionmak expect larg chariti</p></ss1><ss1><st>bonu scheme</st><p><artifact wordnetid="100021939" confidence="0.8"><street wordnetid="104334599" confidence="0.8"><way wordnetid="104564698" confidence="0.8"><thoroughfare wordnetid="104426618" confidence="0.8"><road wordnetid="104096066" confidence="0.8"><link ns0:type="simple" ns0:href="../274/37274.xml">wall street</link></road></thoroughfare></way></street></artifact>regul investig<weblink ns0:type="simple" ns0:href="http://thescotsman.scotsman.com/business.cfm?id=284882004">httpthescotsmanscotsmancombusinesscfmid</weblink>member shell manag encourag execut bonu scheme overst oil giant reserv report cent perform<link ns0:type="simple" ns0:href="../230/522230.xml">scorecard</link>execut shell explor product unit tie compani reserv replac ratio shell remuner polici chang senior execut function reward achiev shortterm perform target shell sakhalin deal unravel comment senior manag negoti deal place receiv bonus base earn expect deal appli favour term forc shell renegoti believ return person bonus execut request</p></ss1><ss1><st>domain oversight</st><p>oversight shell fail regist top level internet domain compani<computer wordnetid="103082979" confidence="0.8"><scandal wordnetid="107223811" confidence="0.8"><informing wordnetid="107212190" confidence="0.8"><machine wordnetid="103699975" confidence="0.8"><speech_act wordnetid="107160883" confidence="0.8"><artifact wordnetid="100021939" confidence="0.8"><gossip wordnetid="107223170" confidence="0.8"><instrumentality wordnetid="103575240" confidence="0.8"><event wordnetid="100029378" confidence="0.8"><device wordnetid="103183080" confidence="0.8"><report wordnetid="107217924" confidence="0.8"><act wordnetid="100030358" confidence="0.8"><web_site wordnetid="106359193" confidence="0.8"><psychological_feature wordnetid="100023100" confidence="0.8"><link ns0:type="simple" ns0:href="../269/5564269.xml">royaldutchshellplccom</link></psychological_feature></web_site></act></report></device></event></instrumentality></gossip></artifact></speech_act></machine></informing></scandal></computer><weblink ns0:type="simple" ns0:href="http://shell2004.com/week22/shell_wages_legal_fight_over_web2june05.htm">launch proceed</weblink>request transfer domain domain name relat shell includ<weblink ns0:type="simple" ns0:href="http://royaldutchshellgroup.com/">royaldutchshellgroupcom</weblink>holder alfr donovan longstand activist shell shell<weblink ns0:type="simple" ns0:href="http://www.wipo.int/amc/en/domains/decisions/html/2005/d2005-0538.html">lost case</weblink></p></ss1><ss1><st>shell forum</st><p>shell multin set onlin discuss facil stakehold public engag open debat activ shell forum shell time genuin comment posit neg websit evid interest seek view listen respond shell criticis withdraw forum late replac forum promis appear discuss shell forum archiv<weblink ns0:type="simple" ns0:href="http://www.shell.com/home/tellshell-en/html/iwgen/tell_shell/app_frame_tellshell.html">httpwwwshellcomhometellshellenhtmliwgentell_shellapp_frame_tellshellhtml</weblink></p></ss1><ss1><st>particip price fix cartel</st><p>septemb<control wordnetid="105196375" confidence="0.8"><authority wordnetid="105196582" confidence="0.8"><power wordnetid="105190804" confidence="0.8"><link ns0:type="simple" ns0:href="../974/9974.xml">european commiss</link></power></authority></control>fine shell role cartel fix price bitumen<weblink ns0:type="simple" ns0:href="http://royaldutchshellplc.com/2006/09/13/houston-chronicle-eu-fines-14-companies-over-340-million/">report</weblink>publish houston chronicl eu commiss compani instig leadership cartel repeat offend report shell fine increas percent involv previou cartel percent instig lead cartel<weblink ns0:type="simple" ns0:href="http://news.bbc.co.uk/2/hi/business/5343378.stm">bbc news report</weblink>reveal shell fine eu commiss pricefix market pvc propylen articl daili mail state shell fine increas lopc<weblink ns0:type="simple" ns0:href="http://royaldutchshellplc.com/2006/09/14/daily-mail-shell-fined-%c2%a373m-over-price-fixing/">obstruct probe</weblink>novemb report european commiss impos secondlargest<link ns0:type="simple" ns0:href="../526/36526.xml">cartel</link>fine shell dow chemic eni unipetrol tradestomil fine impos fix price synthet rubber tyre product<weblink ns0:type="simple" ns0:href="http://business.timesonline.co.uk/article/0,,13130-2477205.html">articl</weblink>time newspap shell fine well eni increas repeat offend three featur quotat time articl bbc news<weblink ns0:type="simple" ns0:href="http://news.bbc.co.uk/1/hi/business/6157261.stm">report</weblink>publish novemb royal dutch shell plc fine euro</p></ss1><ss1><st>fictiti trade</st><p>januari royal dutch shell plc agre<weblink ns0:type="simple" ns0:href="http://www.cftc.gov/newsroom/enforcementpressreleases/2006/pr5150-06.html">settlement</weblink>respect alleg subsidiari engag fictiti crude oil futur trade york mercantil exchang shell trade locat houston londonbas shell intern trade ship agre pay settl commod futur trade commiss case nigel catteral head futur desk shell trade agre pay bloomberg<weblink ns0:type="simple" ns0:href="http://royaldutchshellplc.com/2006/01/05/bloomberg-news-shell-pays-300000-to-settle-case-houston-unit-one-of-two-accused-of-fictitious-deals/">report</weblink>catteral shell engag prearrang trade oil futur time novemb march cftc acknowledg shell cooper investig bloomberg stori news report case commiss spokesman denni holden comment trade violat light</p></ss1><ss1><st>fals report fictiti sale manipul natur ga price</st><p>juli<link ns0:type="simple" ns0:href="../680/30680.xml">york time</link>publish<weblink ns0:type="simple" ns0:href="http://query.nytimes.com/gst/fullpage.html?res=9F06E6D8113DF933A05754C0A9629C8B63 sec= spon= pagewanted=all">articl</weblink>headlin shell pay settlement reserv paragraph turn subject state separ commod futur trade commiss thursday shell energi trade unit coral energi resourc agre pay settl accus submit fals price data publish case commiss industrywid investig suspect manipul energi market previou day juli<agency wordnetid="108337324" confidence="0.9508927676800064"><link ns0:type="simple" ns0:href="../171/479171.xml">commod futur trade commiss</link></agency>releas<weblink ns0:type="simple" ns0:href="http://www.cftc.gov/opa/enf04/opa4964-04.htm">press statement</weblink>headlin coral energi pay settl commod futur trade commiss charg attempt manipul fals report open paragraph commod futur trade commiss cftc announc today issuanc<weblink ns0:type="simple" ns0:href="http://www.cftc.gov/files/enf/04orders/enfcoral-order.pdf">administr order</weblink>order initi simultan settl charg fals report attempt manipul natur ga transact coral energi resourc lp coral find order includ januari septemb coral report fals mislead knowingli inaccur natur ga trade inform includ price volum inform price report firm insid ferc ga market report natur ga intellig coral attempt manipul natur ga price deliv trade inform price report firm intent affect market price natur ga order find coral report inform trade occur alter price volum inform trade fail report actual trade intent affect market price natur ga</p><p>novemb bloomberg news<weblink ns0:type="simple" ns0:href="http://www.bloomberg.com/apps/news?pid=newsarchive sid=auwUaFAzR4wA">report</weblink>current trader coral energi resourc unit royal dutch shell plc agre pay settl alleg report fals inform naturalga trade manipul price bloomberg articl shell confirm three peopl name settlement employ compani bloomberg quot shell spokeswoman rebecca elliott state email settl civil case individu admit deni alleg complaint matter cftc individu appropri comment matter</p><p>januari cftc issu enforc press releas headlin<weblink ns0:type="simple" ns0:href="http://www.cftc.gov/newsroom/enforcementpressreleases/2008/pr5435-08.html">cftc obtain verdict coral energi trader anthoni dizona attempt manipul</weblink>subheadlin state juri find defend violat commod exchang attempt manipul natur ga market time summari entitl<weblink ns0:type="simple" ns0:href="http://66.102.9.104/search?q=cache:Zo6TC-CUyGUJ:www.cftc.gov/stellent/groups/public/%40newsroom/documents/file/enfenergyenforcementactions.pdf+Commodity+Futures+Trading+Commission+Shell+%2430+million hl=en ct=clnk cd=4">energi market enforc</weblink>issu march commod futur trade commiss reveal fine impos shell trade compani shell intern trade ship compani respect fictiti sale noncompetit trade prearrang trade time offens dizona employe shell trade ga power compani provid servic shell subsidiari coral energi resourc lp</p></ss1><ss1><st>alleg shell espionag</st><p>june<newspaper wordnetid="106267145" confidence="0.9508927676800064"><link ns0:type="simple" ns0:href="../472/2313472.xml">sunday time</link></newspaper>publish articl headlin<weblink ns0:type="simple" ns0:href="http://www.shellnews.net/PDFs/Sunday%20Times%20MI6.pdf">mi firm spi green group</weblink>reveal privat intellig firm<link ns0:type="simple" ns0:href="../692/6904692.xml">hakluyt compani</link>limit close link<link ns0:type="simple" ns0:href="../079/164079.xml">mi</link>spi environment campaign group collect inform oil compani shell<company wordnetid="108058098" confidence="0.9508927676800064"><link ns0:type="simple" ns0:href="../720/18998720.xml">bp</link></company>articl reveal<link ns0:type="simple" ns0:href="../501/10501.xml">undercov agent</link>germanborn manfr schlickenried serv member german secret servic infiltr scupper environment campaign direct oil giant schlickenried pose leftw sympath film maker</p><p>nigerian connect articl schlickenried dupe<name wordnetid="106333653" confidence="0.8"><company wordnetid="108058098" confidence="0.8"><trade_name wordnetid="106845599" confidence="0.8"><part wordnetid="113809207" confidence="0.8"><language_unit wordnetid="106284225" confidence="0.8"><institution wordnetid="108053576" confidence="0.8"><link ns0:type="simple" ns0:href="../447/972447.xml">bodi shop</link></institution></language_unit></part></trade_name></company></name>group pass inform opposit shell drill oil nigerian tribal land spi oper began mike reynold director hakluyt mi head station<country wordnetid="108544813" confidence="0.9508927676800064"><link ns0:type="simple" ns0:href="../867/11867.xml">germani</link></country>ask shell find orchestr threat petrol forecourt europ threat outcri shell attempt dump redund<platform wordnetid="103961939" confidence="0.8"><artifact wordnetid="100021939" confidence="0.8"><surface wordnetid="104362025" confidence="0.8"><horizontal_surface wordnetid="103536348" confidence="0.8"><link ns0:type="simple" ns0:href="../494/1195494.xml">brent spar</link></horizontal_surface></surface></artifact></platform>oil platform sea alleg environment damag caus shell oil drill<link ns0:type="simple" ns0:href="../412/2055412.xml">ogoniland</link><country wordnetid="108544813" confidence="0.9508927676800064"><link ns0:type="simple" ns0:href="../383/21383.xml">nigeria</link></country>schlickenried film shell nigeria call busi usual arrog power cover stori interview friend<physical_entity wordnetid="100001930" confidence="0.8"><disputant wordnetid="109615465" confidence="0.8"><communicator wordnetid="109610660" confidence="0.8"><person wordnetid="100007846" confidence="0.8"><reformer wordnetid="110515194" confidence="0.8"><militant wordnetid="110315837" confidence="0.8"><intellectual wordnetid="109621545" confidence="0.8"><causal_agent wordnetid="100007347" confidence="0.8"><writer wordnetid="110794014" confidence="0.8"><scholar wordnetid="110557854" confidence="0.8"><link ns0:type="simple" ns0:href="../970/330970.xml">ken sarowiwa</link></scholar></writer></causal_agent></intellectual></militant></reformer></person></communicator></disputant></physical_entity>nobel prize nomine hang militari regim lead campaign shell</p><p>schlickenried code camu work german foreign intellig servic gather inform terrorist group includ<terrorist_organization wordnetid="108392137" confidence="0.9508927676800064"><link ns0:type="simple" ns0:href="../973/25973.xml">red armi faction</link></terrorist_organization>sunday time report document confirm spi germanborn manfr schlickenried hire hakluyt agenc oper offic london west confront sunday time bp shell admit hire hakluyt unawar tactic behalf shell want protect employe attack schlickenried spi mission gather inform movement motor vessel greenpeac oper<link ns0:type="simple" ns0:href="../698/698.xml">north atlant</link><link ns0:type="simple" ns0:href="../233/12233.xml">greenpeac</link>alleg scandal echo<link ns0:type="simple" ns0:href="../966/217966.xml">rainbow warrior</link>affair ship campaign nuclear test<link ns0:type="simple" ns0:href="../680/2924680.xml">south pacif</link>blown french secret servic schlickenried hire mike reynold sunday time report reynold mi execut left intellig servic cold war end form hakluyt set bless sir david sped chief mi articl state christoph jame manag director hakluyt head mi liais british firm sunday time articl reveal mp affair pose seriou question blur divis secret servic privat intellig compani interest big compani hakluyt refut claim intellig commun start mi offic carri deniabl oper sir william purv shell director chairman hakluyt compani group chairman royal dutch shell sir peter holm presid hakluyt foundat associ organis</p><p>earlier exampl shell admit involv undercov activ connect<weblink ns0:type="simple" ns0:href="http://www.shellnews.net/2004%20Documents/letters/lettertorichchardwiseman23june98.pdf">letter date june</weblink>shell legal director richard wiseman<weblink ns0:type="simple" ns0:href="http://www.shellnews.net/2004%20Documents/letters/letterfromrichardwiseman9july1998.pdf">admit</weblink>shell undercov activ involv christoph phillip cours litig letter wiseman refer<weblink ns0:type="simple" ns0:href="http://www.shellnews.net/2004%20Documents/letters/lettertoofficeforsupervisionofsolicitors10july98.pdf">letter</weblink>offic supervis solicitor<weblink ns0:type="simple" ns0:href="http://www.telegraph.co.uk/htmlContent.jhtml?html=/archive/1999/06/06/ncard06.html">articl</weblink>publish sunday telegraph shell lawyer admit hire phillip carri routin credit inquiri shell subsequ<weblink ns0:type="simple" ns0:href="http://www.prospect-magazine.co.uk/article_details.php?id=8209.">settl</weblink>relev litig</p><p>septemb headlin<weblink ns0:type="simple" ns0:href="http://query.nytimes.com/gst/fullpage.html?res=9B0CE6D81538F931A2575AC0A9679C8B63 sec= spon= pagewanted=all">secret safe sharp eye</weblink><newspaper wordnetid="106267145" confidence="0.9508927676800064"><link ns0:type="simple" ns0:href="../680/30680.xml">york time</link></newspaper>publish articl focus corpor cloakanddagg escapad execut shell intern explor product stephen wade reveal competit intellig analyst managementspeak corpor america equival spi report wade trick book dish erron inform wade quot comment isnt<physical_entity wordnetid="100001930" confidence="0.8"><person wordnetid="100007846" confidence="0.8"><player wordnetid="110439851" confidence="0.8"><contestant wordnetid="109613191" confidence="0.8"><creator wordnetid="109614315" confidence="0.8"><socialite wordnetid="110619409" confidence="0.8"><gambler wordnetid="110118844" confidence="0.8"><principal wordnetid="110474950" confidence="0.8"><criminal wordnetid="109977660" confidence="0.8"><lawman wordnetid="110249459" confidence="0.8"><artist wordnetid="109812338" confidence="0.8"><bad_person wordnetid="109831962" confidence="0.8"><important_person wordnetid="110200781" confidence="0.8"><policeman wordnetid="110448983" confidence="0.8"><preserver wordnetid="110466918" confidence="0.8"><adult wordnetid="109605289" confidence="0.8"><bodyguard wordnetid="109863031" confidence="0.8"><golfer wordnetid="110136959" confidence="0.8"><assassin wordnetid="109813696" confidence="0.8"><wrongdoer wordnetid="109633969" confidence="0.8"><defender wordnetid="109614684" confidence="0.8"><causal_agent wordnetid="100007347" confidence="0.8"><murderer wordnetid="110338707" confidence="0.8"><killer wordnetid="110231087" confidence="0.8"><detective wordnetid="110009276" confidence="0.8"><link ns0:type="simple" ns0:href="../604/15604.xml">jame bond</link></detective></killer></murderer></causal_agent></defender></wrongdoer></assassin></golfer></bodyguard></adult></preserver></policeman></important_person></bad_person></artist></lawman></criminal></principal></gambler></socialite></creator></contestant></player></person></physical_entity>articl good spi wade declin detail exampl inform glean point corpor spi skirt ethic bound</p><p><weblink ns0:type="simple" ns0:href="http://royaldutchshellplc.com/2005/10/05/the-financial-times-oil-groups-face-rise-in-threats-to-security/">articl</weblink>publish<newspaper wordnetid="106267145" confidence="0.9508927676800064"><link ns0:type="simple" ns0:href="../566/136566.xml">financi time</link></newspaper>octob reveal ian mccredi septemb appoint shell vicepresid respons secur mccredi describ head global secur servic shell intern ft articl mccredi work uk foreign servic secur intellig believ refer name ian forb mccredi obe mi offic</p><p>juli<link ns0:type="simple" ns0:href="../378/147378.xml">irish time</link>newspap publish articl headlin<weblink ns0:type="simple" ns0:href="http://www.irishtimes.com/newspaper/ireland/2008/0714/1215940876751.html">mayo famili complain shell surveil</weblink>articl reveal north mayo famili live glengad landfal shell<region wordnetid="108630985" confidence="0.8"><field wordnetid="108569998" confidence="0.8"><politics wordnetid="113840719" confidence="0.8"><location wordnetid="100027167" confidence="0.8"><tract wordnetid="108673395" confidence="0.8"><social_relation wordnetid="100032823" confidence="0.8"><geographical_area wordnetid="108574314" confidence="0.8"><link ns0:type="simple" ns0:href="../600/2232600.xml">corrib ga project</link></geographical_area></social_relation></tract></location></politics></field></region>pipelin complain polic garda alleg constant surveil movement secur staff attach corrib ga project shell ep ireland reportedli confirm surveil place basi surveil need crimin activ close point ga will ashor colm henri speak famili quot oppos ga come ashor safe henri object grandchildren film walk paddl will seek footag return</p></ss1><ss1><st>iran</st><p>shell court controversi januari announc sign deal help<country wordnetid="108544813" confidence="0.9508927676800064"><link ns0:type="simple" ns0:href="../653/14653.xml">iran</link></country>develop major ga field defianc pressur<body wordnetid="107965085" confidence="0.8"><social_group wordnetid="107950920" confidence="0.8"><political_orientation wordnetid="106212839" confidence="0.8"><colony wordnetid="108374049" confidence="0.8"><state wordnetid="108168978" confidence="0.8"><political_unit wordnetid="108359949" confidence="0.8"><group wordnetid="100031264" confidence="0.8"><democracy wordnetid="106217103" confidence="0.8"><link ns0:type="simple" ns0:href="../750/3434750.xml">unit</link></democracy></group></political_unit></state></colony></political_orientation></social_group></body><weblink ns0:type="simple" ns0:href="http://www.guardian.co.uk/oil/story/0,,2001824,00.html">httpwwwguardiancoukoilstoryhtml</weblink></p><p>shell activ iran year<link>shell iran</link>offic<village wordnetid="108672738" confidence="0.9508927676800064"><link ns0:type="simple" ns0:href="../654/57654.xml">tehran</link></village><weblink ns0:type="simple" ns0:href="http://www.shell.com/home/Framework?siteId=home FC2=/html/iwgen/contact/zzz_lhn.html FC3=/html/iwgen/contact/contact_iran.html">httpwwwshellcomhomeframeworksiteidhom fchtmliwgencontactzzz_lhnhtml fchtmliwgencontactcontact_iranhtml</weblink><link ns0:type="simple" ns0:href="../933/1977933.xml">downstream</link>busi manag centr explor product project shell sign agreement<company wordnetid="108058098" confidence="0.9508927676800064"><link ns0:type="simple" ns0:href="../824/2023824.xml">nation iranian oil compani</link></company>redevelop soroosh nowrooz offshor oil field shell execut clear time sign compani valu relationship iran<weblink ns0:type="simple" ns0:href="http://www.shell-me.com/english/nov2000/profile2.htm">httpwwwshellmecomenglishnovprofilehtm</weblink>drill commenc whilst american oil compani prohibit<message wordnetid="106598915" confidence="0.8"><approval wordnetid="106686736" confidence="0.8"><sanction wordnetid="106687358" confidence="0.8"><link ns0:type="simple" ns0:href="../320/411320.xml">sanction</link></sanction></approval></message>work iran shell european compani<link ns0:type="simple" ns0:href="../420/1076420.xml">repsol</link>continu oper pursu opportun countri contrast<company wordnetid="108058098" confidence="0.9508927676800064"><link ns0:type="simple" ns0:href="../720/18998720.xml">bp</link></company>decid involv time iranian regim criticis antiwestern stanc suspect nuclear weapon programm support insurg<region wordnetid="108630985" confidence="0.8"><region wordnetid="108630039" confidence="0.8"><center wordnetid="108523483" confidence="0.8"><area wordnetid="108497294" confidence="0.8"><see wordnetid="108586825" confidence="0.8"><seat wordnetid="108647945" confidence="0.8"><location wordnetid="100027167" confidence="0.8"><district wordnetid="108552138" confidence="0.8"><link ns0:type="simple" ns0:href="../732/1114732.xml">palestin</link></district></location></seat></see></area></center></region></region><country wordnetid="108544813" confidence="0.9508927676800064"><link ns0:type="simple" ns0:href="../928/7515928.xml">iraq</link></country>institutionalis anti<country wordnetid="108544813" confidence="0.9508927676800064"><link ns0:type="simple" ns0:href="../173/9282173.xml">israel</link></country><link ns0:type="simple" ns0:href="../793/10396793.xml">holocaust</link>denial rhetor</p><p>juli<newspaper wordnetid="106267145" confidence="0.9508927676800064"><link ns0:type="simple" ns0:href="../985/172985.xml">daili telegraph</link></newspaper>publish articl<weblink ns0:type="simple" ns0:href="http://www.telegraph.co.uk/money/main.jhtml?xml=/money/2007/07/27/cnshell127.xml">headlin</weblink>shell iran ventur continu report royal dutch shell chief execut<person wordnetid="100007846" confidence="0.9508927676800064"><link ns0:type="simple" ns0:href="../007/3934007.xml">jeroen van der veer</link></person>plan halt preparatori work invest<country wordnetid="108544813" confidence="0.9508927676800064"><link ns0:type="simple" ns0:href="../653/14653.xml">iran</link></country>despit renew pressur risk oper countri america impos<link ns0:type="simple" ns0:href="../320/411320.xml">econom sanction</link>articl shell sign initi bn bn agreement iranian govern develop phase south par ga field reveal number pension fund warn shell potenti consequ busi link<link ns0:type="simple" ns0:href="../654/57654.xml">teheran</link>worsen usiran relat impact compani busi septemb<newspaper wordnetid="106267145" confidence="0.9508927676800064"><link ns0:type="simple" ns0:href="../127/39127.xml">time</link></newspaper>newspap<weblink ns0:type="simple" ns0:href="http://www.timesonline.co.uk/tol/news/world/us_and_americas/article2485358.ece">report</weblink>washington repeatedli press european bank energi compani ceas invest list sponsor<link ns0:type="simple" ns0:href="../636/30636.xml">terror</link>firm hard hit includ anglodutch oil giant shell consid multibillion pound project<country wordnetid="108544813" confidence="0.9508927676800064"><link ns0:type="simple" ns0:href="../653/14653.xml">iran</link></country>produc<link ns0:type="simple" ns0:href="../131/22131.xml">natur ga</link>septemb<newspaper wordnetid="106267145" confidence="0.9508927676800064"><link ns0:type="simple" ns0:href="../916/251916.xml">houston chronicl</link></newspaper>report<weblink ns0:type="simple" ns0:href="http://www.chron.com/disp/story.mpl/nation/5150211.html">florida drop billion iran sudan invest</weblink>florida largest invest royal dutch shell plc headquart<village wordnetid="108672738" confidence="0.9508927676800064"><link ns0:type="simple" ns0:href="../867/17867.xml">london</link></village>oper iran sudan shell<link ns0:type="simple" ns0:href="../047/338047.xml">spokesperson</link>report shell monitor florida law propos congress assess potenti affect compani oper<commercial_enterprise wordnetid="108065093" confidence="0.8"><cooperative wordnetid="101100877" confidence="0.8"><enterprise wordnetid="108056231" confidence="0.8"><link ns0:type="simple" ns0:href="../732/18935732.xml">associ press</link></enterprise></cooperative></commercial_enterprise><weblink ns0:type="simple" ns0:href="http://royaldutchshellplc.com/2007/09/18/canadianbusinesscom-royal-dutch-shell-paid-covington-burling-100000-to-lobby-against-sanctions/">report</weblink>septemb royal dutch shell plc paid<company wordnetid="108058098" confidence="0.9508927676800064"><link ns0:type="simple" ns0:href="../062/4759062.xml">covington burl</link></company>llp lobbi congress<link ns0:type="simple" ns0:href="../975/31975.xml">depart</link>oppos<link ns0:type="simple" ns0:href="../320/411320.xml">econom sanction</link>shell</p><p>thomson financi news<weblink ns0:type="simple" ns0:href="http://www.forbes.com/markets/feeds/afx/2008/05/12/afx4995133.html">report</weblink>royal dutch shell<link ns0:type="simple" ns0:href="../420/1076420.xml">repsol</link>withdrawn blnplu develop phase south par world largest ga field basi particip phase<newspaper wordnetid="106267145" confidence="0.9508927676800064"><link ns0:type="simple" ns0:href="../127/39127.xml">time</link></newspaper>publish<weblink ns0:type="simple" ns0:href="http://business.timesonline.co.uk/tol/business/industry_sectors/natural_resources/article3915052.ece">articl</weblink>open paragraph royal dutch shell cave polit pressur back billion ga project iran</p></ss1><ss1><st>nicaragua</st><p>judgement favour plaintiff nicaraguan court jointli<oil_company wordnetid="108069241" confidence="0.8"><name wordnetid="106333653" confidence="0.8"><company wordnetid="108058098" confidence="0.8"><trade_name wordnetid="106845599" confidence="0.8"><part wordnetid="113809207" confidence="0.8"><language_unit wordnetid="106284225" confidence="0.8"><institution wordnetid="108053576" confidence="0.8"><link ns0:type="simple" ns0:href="../593/468593.xml">shell oil compani</link></institution></language_unit></part></trade_name></company></name></oil_company>soc three name defend affili soc alleg injuri alleg exposur dibromochloropropan dbcp<link ns0:type="simple" ns0:href="../340/48340.xml">pesticid</link>manufactur soc inform<weblink ns0:type="simple" ns0:href="http://www.shell.com/static/investor-en/downloads/publications/2007/2006_annual_report.pdf">shell annual report form year decemb</weblink>pesticid manufactur prior ship sold soc parti<country wordnetid="108544813" confidence="0.9508927676800064"><link ns0:type="simple" ns0:href="../362/21362.xml">nicaragua</link></country>report decemb addit nicaraguan judgement enter collect amount billion favour plaintiff jointli<link>shell chemic compani</link>three name defend shell claim nicaraguan dbcp judgement<link ns0:type="simple" ns0:href="../154/4358154.xml">unenforc</link>court</p></ss1><ss1><st>alaska</st><p>shell major partner controversi oil explor project<link ns0:type="simple" ns0:href="../071/492071.xml">beaufort sea</link>northern coast<symbol wordnetid="106806469" confidence="0.9508927676800064"><link ns0:type="simple" ns0:href="../624/624.xml">alaska</link></symbol>kilometr protect<area wordnetid="108497294" confidence="0.9508927676800064"><link ns0:type="simple" ns0:href="../065/82065.xml">arctic nation wildlif refug</link></area>project oppos environment protest question content<link ns0:type="simple" ns0:href="../800/2364800.xml">environment impact assess</link>state project rush inadequ consult launch legal challeng scheme green group halt shell plan<weblink ns0:type="simple" ns0:href="http://observer.guardian.co.uk/business/story/0,,2067654,00.html">httpobserverguardiancoukbusinessstoryhtml</weblink></p></ss1><ss1><st>safeti</st><p>number incid year led critic shell<link ns0:type="simple" ns0:href="../308/361308.xml">health safeti</link>record</p><p><indent level="1">main articl<gossip wordnetid="107223170" confidence="0.8"><scandal wordnetid="107223811" confidence="0.8"><event wordnetid="100029378" confidence="0.8"><informing wordnetid="107212190" confidence="0.8"><report wordnetid="107217924" confidence="0.8"><act wordnetid="100030358" confidence="0.8"><psychological_feature wordnetid="100023100" confidence="0.8"><speech_act wordnetid="107160883" confidence="0.8"><link ns0:type="simple" ns0:href="../625/10441625.xml">royal dutch shell safeti concern</link></speech_act></psychological_feature></act></report></informing></event></scandal></gossip></indent></p></ss1><ss1><st>iraq</st><p>shell criticis<link ns0:type="simple" ns0:href="../ury/23rd_century.xml">activist</link>seek benefit regim chang<country wordnetid="108544813" confidence="0.9508927676800064"><link ns0:type="simple" ns0:href="../928/7515928.xml">iraq</link></country><link ns0:type="simple" ns0:href="../142/3742142.xml">ngo</link>hand iraqi oil charg shell work close occupi power creat framework will allow multin compani control iraq oil lobbi shell<link ns0:type="simple" ns0:href="../285/6099285.xml">oil major</link>result multin oil compani control profit countri oilfield year<weblink ns0:type="simple" ns0:href="http://www.guardian.co.uk/Iraq/Story/0,,2079641,00.html">httpwwwguardiancoukiraqstoryhtml</weblink></p></ss1><sec><st>chang earli retir scheme ethiopia</st><p>novemb<link>shell ethiopia</link><link>worker union</link>claim repres total shell ethiopia workforc file law suit feder instanc court<country wordnetid="108544813" confidence="0.9508927676800064"><link ns0:type="simple" ns0:href="../749/187749.xml">ethiopia</link></country>alleg shell illeg chang earli<link ns0:type="simple" ns0:href="../495/26495.xml">retir</link>polici order save money layoff ahead closur oper ethiopia</p><p>complain shell scrap special earli retir scheme pay month salari employe leav compani servic earlier retir replac voluntari sever packag packag alleg reduc amount money paid depart employe pc manag member will addit payment rang pc pc</p><p><weblink ns0:type="simple" ns0:href="http://royaldutchshellplc.com/2007/12/03/shell-employees-statement-of-claim-against-shell-ethiopia/">statement claim</weblink>point year ago shell<name wordnetid="106333653" confidence="0.8"><company wordnetid="108058098" confidence="0.8"><trade_name wordnetid="106845599" confidence="0.8"><part wordnetid="113809207" confidence="0.8"><language_unit wordnetid="106284225" confidence="0.8"><institution wordnetid="108053576" confidence="0.8"><link ns0:type="simple" ns0:href="../068/1302068.xml">agip</link></institution></language_unit></part></trade_name></company></name>ethiopia accept employe opt avail special earli retir scheme receiv month salari</p><p>decemb addi fortun newspap ethiopia publish<weblink ns0:type="simple" ns0:href="http://royaldutchshellplc.com/2007/12/03/shell-employees-statement-of-claim-against-shell-ethiopia/">articl</weblink>entitl labour union sue shell sever benefit</p><p>decemb<link ns0:type="simple" ns0:href="../749/187749.xml">ethiopian</link>newspap<village wordnetid="108672738" confidence="0.9508927676800064"><link ns0:type="simple" ns0:href="../396/2139396.xml">jimma</link></village>time publish internet<weblink ns0:type="simple" ns0:href="http://www.jimmatimes.com/article.cfm?articleID=17518">articl</weblink>headlin ethiopian employe accus shell raid retir fund</p><p>case schedul hear decemb</p></sec><sec><st /><p><list><entry level="1" type="bullet"><politics wordnetid="113840719" confidence="0.8"><social_relation wordnetid="100032823" confidence="0.8"><link ns0:type="simple" ns0:href="../037/17803037.xml">sacr headwat</link></social_relation></politics>campaign shell ga develop canada</entry></list></p></sec><sec><st>note</st><p><reflist><entry id="1">httpwwwpublicinquiryiepdfaccufacts_report_hi_respdf</entry><entry id="2">httpwwwshellcomhomeframeworksiteidieen fcieenhtmliwgenshell_for_businessesexploration_production_sharedcorribzzz_lhnhtml fcieenhtmliwgenshell_for_businessesexploration_production_sharedmediasepil_hot_topics_title_pagehtml</entry><entry id="3"><cite id="Reference-Wesseling-2000" style="font-style:normal" class="book">wessel loui fuell war reveal oil compani role vietnam london tauri isbn</cite></entry><entry id="4"><group wordnetid="100031264" confidence="0.8"><link ns0:type="simple" ns0:href="../098/242098.xml">sierra club</link></group>defend earth voic</entry><entry id="5">christian aid mask<weblink ns0:type="simple" ns0:href="http://www.christian-aid.org.uk/indepth/0401csr/csr_casestudy1nigeria.pdf">httpwwwchristianaidorgukindepthcsrcsr_casestudynigeriapdf</weblink></entry><entry id="6"><weblink ns0:type="simple" ns0:href="http://www.shell.com/home/Framework?siteId=uk-en FC2=/uk-en/html/iwgen/about_shell/brentspardossier/dnvinventoryreports/zzz_lhn.html FC3=/uk-en/html/iwgen/about_shell/brentspardossier/dnvinventoryreports/table42matsreleased_09111440.html">dnv inventori</weblink>content brent spar rel quantiti north sea detail det norsk verita retriev<link ns0:type="simple" ns0:href="../196/20196.xml">march</link><link ns0:type="simple" ns0:href="../984/35984.xml" /></entry></reflist></p></sec><sec><st>extern link</st><p><list><entry level="1" type="bullet"><weblink ns0:type="simple" ns0:href="http://www.shelloiledwildlife.org.uk">shell oil wildlif</weblink></entry><entry level="1" type="bullet"><weblink ns0:type="simple" ns0:href="http://risingtide.org.uk/shell">rise tide uk climat chang activist</weblink></entry><entry level="1" type="bullet"><weblink ns0:type="simple" ns0:href="http://royaldutchshellplc.com/">royaldutchshellplccom</weblink></entry><entry level="1" type="bullet"><weblink ns0:type="simple" ns0:href="http://www.shellfacts.com/article.php?list=type type=11">ride dragon shell fact</weblink></entry><entry level="1" type="bullet"><weblink ns0:type="simple" ns0:href="http://www.remembersarowiwa.com/">rememb ken sarowiwa</weblink></entry><entry level="1" type="bullet"><weblink ns0:type="simple" ns0:href="http://www.corribsos.com/">shell sea campaign</weblink>environ campaign ireland</entry><entry level="1" type="bullet"><weblink ns0:type="simple" ns0:href="http://seeitreal.com/default.aspx">seeitrealcom</weblink>environ campaign usa</entry></list></p><p><table style=";" class="navbox" cellspacing="0"><row><col style="padding:2px;"><table style="width:100%;background:transparent;color:inherit;;" class="nowraplinks collapsible autocollapse " cellspacing="0"><row><header colspan="2" style=";" class="navbox-title"><company wordnetid="108058098" confidence="0.9508927676800064"><link ns0:type="simple" ns0:href="../417/59417.xml">royal dutch shell</link></company></header></row><row style="height:2px;" /><row><col style=";;" class="navbox-group">subsidiari</col><col style="text-align:left;border-left:2px solid #fdfdfd;width:100%;padding:0px;;;" class="navbox-list navbox-odd"><p><oil_company wordnetid="108069241" confidence="0.8"><company wordnetid="108058098" confidence="0.8"><institution wordnetid="108053576" confidence="0.8"><link ns0:type="simple" ns0:href="../320/11560320.xml">aera energi llc</link></institution></company></oil_company><oil_company wordnetid="108069241" confidence="0.8"><company wordnetid="108058098" confidence="0.8"><institution wordnetid="108053576" confidence="0.8"><link ns0:type="simple" ns0:href="../991/15611991.xml">albian sand</link></institution></company></oil_company><plant wordnetid="103956922" confidence="0.8"><structure wordnetid="104341686" confidence="0.8"><artifact wordnetid="100021939" confidence="0.8"><building_complex wordnetid="102914991" confidence="0.8"><link ns0:type="simple" ns0:href="../201/12597201.xml">brunei lng</link></building_complex></artifact></structure></plant><plant wordnetid="103956922" confidence="0.8"><structure wordnetid="104341686" confidence="0.8"><artifact wordnetid="100021939" confidence="0.8"><building_complex wordnetid="102914991" confidence="0.8"><link ns0:type="simple" ns0:href="../426/12646426.xml">oman lng</link></building_complex></artifact></structure></plant><link ns0:type="simple" ns0:href="../818/16592818.xml">pearl gtl</link><oil_company wordnetid="108069241" confidence="0.8"><company wordnetid="108058098" confidence="0.8"><institution wordnetid="108053576" confidence="0.8"><link ns0:type="simple" ns0:href="../457/13937457.xml">sakhalin energi</link></institution></company></oil_company><company wordnetid="108058098" confidence="0.9508927676800064"><link ns0:type="simple" ns0:href="../518/867518.xml">shell canada</link></company><link ns0:type="simple" ns0:href="../477/3950477.xml">shell nigeria</link><oil_company wordnetid="108069241" confidence="0.8"><name wordnetid="106333653" confidence="0.8"><company wordnetid="108058098" confidence="0.8"><trade_name wordnetid="106845599" confidence="0.8"><part wordnetid="113809207" confidence="0.8"><language_unit wordnetid="106284225" confidence="0.8"><institution wordnetid="108053576" confidence="0.8"><link ns0:type="simple" ns0:href="../593/468593.xml">shell oil compani</link></institution></language_unit></part></trade_name></company></name></oil_company>usa</p></col></row><row style="height:2px" /><row><col style=";;" class="navbox-group">peopl</col><col style="text-align:left;border-left:2px solid #fdfdfd;width:100%;padding:0px;;;" class="navbox-list navbox-even"><p><person wordnetid="100007846" confidence="0.9508927676800064"><link ns0:type="simple" ns0:href="../810/15383810.xml">rob rout</link></person><physical_entity wordnetid="100001930" confidence="0.8"><person wordnetid="100007846" confidence="0.8"><geophysicist wordnetid="110128519" confidence="0.8"><causal_agent wordnetid="100007347" confidence="0.8"><scientist wordnetid="110560637" confidence="0.8"><geologist wordnetid="110127689" confidence="0.8"><link ns0:type="simple" ns0:href="../042/455042.xml">king hubbert</link></geologist></scientist></causal_agent></geophysicist></person></physical_entity><physical_entity wordnetid="100001930" confidence="0.8"><person wordnetid="100007846" confidence="0.8"><causal_agent wordnetid="100007347" confidence="0.8"><scientist wordnetid="110560637" confidence="0.8"><geologist wordnetid="110127689" confidence="0.8"><link ns0:type="simple" ns0:href="../240/14567240.xml">fred meissner</link></geologist></scientist></causal_agent></person></physical_entity><president wordnetid="110468962" confidence="0.9173553029164789"><celebrity wordnetid="109903153" confidence="0.9508927676800064"><person wordnetid="100007846" confidence="0.9508927676800064"><link ns0:type="simple" ns0:href="../924/1605924.xml">jorma ollila</link></person></celebrity></president></p></col></row><row style="height:2px" /><row><col style=";;" class="navbox-group">facil</col><col style="text-align:left;border-left:2px solid #fdfdfd;width:100%;padding:0px;;;" class="navbox-list navbox-odd"><p><platform wordnetid="103961939" confidence="0.8"><artifact wordnetid="100021939" confidence="0.8"><surface wordnetid="104362025" confidence="0.8"><horizontal_surface wordnetid="103536348" confidence="0.8"><link ns0:type="simple" ns0:href="../494/1195494.xml">brent spar</link></horizontal_surface></surface></artifact></platform><site wordnetid="108651247" confidence="0.8"><region wordnetid="108630985" confidence="0.8"><artifact wordnetid="100021939" confidence="0.8"><facility wordnetid="103315023" confidence="0.8"><location wordnetid="100027167" confidence="0.8"><tract wordnetid="108673395" confidence="0.8"><geographical_area wordnetid="108574314" confidence="0.8"><link ns0:type="simple" ns0:href="../560/1002560.xml">rocki mountain arsen</link></geographical_area></tract></location></facility></artifact></region></site><plant wordnetid="103956922" confidence="0.8"><refinery wordnetid="104068441" confidence="0.8"><structure wordnetid="104341686" confidence="0.8"><building wordnetid="102913152" confidence="0.8"><artifact wordnetid="100021939" confidence="0.8"><oil_refinery wordnetid="103844673" confidence="0.8"><building_complex wordnetid="102914991" confidence="0.8"><link ns0:type="simple" ns0:href="../619/15007619.xml">scotford upgrad</link></building_complex></oil_refinery></artifact></building></structure></refinery></plant><site wordnetid="108651247" confidence="0.9508927676800064"><link ns0:type="simple" ns0:href="../804/14280804.xml">shell haven</link></site><city wordnetid="108524735" confidence="0.9508927676800064"><link ns0:type="simple" ns0:href="../159/12432159.xml">shell mera</link></city><company wordnetid="108058098" confidence="0.8"><institution wordnetid="108053576" confidence="0.8"><link ns0:type="simple" ns0:href="../235/10545235.xml">shell develop emeryvil</link></institution></company></p></col></row><row style="height:2px" /><row><col style=";;" class="navbox-group"><gossip wordnetid="107223170" confidence="0.8"><scandal wordnetid="107223811" confidence="0.8"><event wordnetid="100029378" confidence="0.8"><informing wordnetid="107212190" confidence="0.8"><report wordnetid="107217924" confidence="0.8"><act wordnetid="100030358" confidence="0.8"><psychological_feature wordnetid="100023100" confidence="0.8"><speech_act wordnetid="107160883" confidence="0.8"><link ns0:type="simple" ns0:href="../225/10259225.xml">controversi</link></speech_act></psychological_feature></act></report></informing></event></scandal></gossip></col><col style="text-align:left;border-left:2px solid #fdfdfd;width:100%;padding:0px;;;" class="navbox-list navbox-even"><p><gossip wordnetid="107223170" confidence="0.8"><scandal wordnetid="107223811" confidence="0.8"><event wordnetid="100029378" confidence="0.8"><informing wordnetid="107212190" confidence="0.8"><report wordnetid="107217924" confidence="0.8"><act wordnetid="100030358" confidence="0.8"><psychological_feature wordnetid="100023100" confidence="0.8"><speech_act wordnetid="107160883" confidence="0.8"><link ns0:type="simple" ns0:href="../625/10441625.xml">safeti concern</link></speech_act></psychological_feature></act></report></informing></event></scandal></gossip><issue wordnetid="105814650" confidence="0.8"><link ns0:type="simple" ns0:href="../178/17384178.xml">environment issu</link></issue><region wordnetid="108630985" confidence="0.8"><field wordnetid="108569998" confidence="0.8"><politics wordnetid="113840719" confidence="0.8"><location wordnetid="100027167" confidence="0.8"><tract wordnetid="108673395" confidence="0.8"><social_relation wordnetid="100032823" confidence="0.8"><geographical_area wordnetid="108574314" confidence="0.8"><link ns0:type="simple" ns0:href="../600/2232600.xml">corrib ga project</link></geographical_area></social_relation></tract></location></politics></field></region></p></col></row><row style="height:2px" /><row><col style=";;" class="navbox-group" /><col style="text-align:left;border-left:2px solid #fdfdfd;width:100%;padding:0px;;;" class="navbox-list navbox-odd"><p><team wordnetid="108208560" confidence="0.9508927676800064"><link ns0:type="simple" ns0:href="../880/4092880.xml">shell turbo charger</link></team><site wordnetid="108651247" confidence="0.8"><region wordnetid="108630985" confidence="0.8"><location wordnetid="100027167" confidence="0.8"><tract wordnetid="108673395" confidence="0.8"><geographical_area wordnetid="108574314" confidence="0.8"><link ns0:type="simple" ns0:href="../414/17710414.xml">shell oil compani spectacular sign</link></geographical_area></tract></location></region></site></p></col></row><row style="height:2px;" /><row><col colspan="2" style=";" class="navbox-abovebelow">annual revenu employe</col></row></table></col></row></table></p></sec></bdy></speech_act></psychological_feature></act></report></informing></event></scandal></gossip></article>