<article xmlns:ns0="http://www.w3.org/1999/xlink"><header><title>findabl</title><id /><revision><id /><timestamp>tz</timestamp><contributor><username>bkonrad</username><id /></contributor></revision><categories><category>inform scienc</category><category>knowledg represent</category></categories></header><bdy>findabl refer qualiti locat<link ns0:type="simple" ns0:href="../854/21854.xml">navig</link>item level evalu degre object easi discov locat system level analyz well physic digit environ support navig<link ns0:type="simple" ns0:href="../292/4840292.xml">retriev</link><p>findabl limit<invention wordnetid="105633385" confidence="0.8"><link ns0:type="simple" ns0:href="../139/33139.xml">wide web</link></invention>concept findabl univers timeless distribut heterogen collect billion item web uniqu findabl challeng</p><p>findabl synonym<link ns0:type="simple" ns0:href="../945/185945.xml">inform architectur</link>ia inform architectur disciplin concern structur<link ns0:type="simple" ns0:href="../107/29107.xml">semant</link>design share inform space findabl goal ia<link ns0:type="simple" ns0:href="../276/288276.xml">usabl</link>desir credibl<link ns0:type="simple" ns0:href="../109/302109.xml">access</link>peopl contribut findabl websit intranet includ writer design develop</p><sec><st /><p><list><entry level="1" type="bullet"><link ns0:type="simple" ns0:href="../684/624684.xml">annot</link></entry><entry level="1" type="bullet"><link ns0:type="simple" ns0:href="../271/15271.xml">inform retriev</link></entry><entry level="1" type="bullet"><link ns0:type="simple" ns0:href="../253/42253.xml">knowledg mine</link></entry><entry level="1" type="bullet"><link ns0:type="simple" ns0:href="../920/16920.xml">knowledg represent</link></entry><entry level="1" type="bullet"><link ns0:type="simple" ns0:href="../123/29123.xml">semant web</link></entry><entry level="1" type="bullet"><link ns0:type="simple" ns0:href="../276/288276.xml">usabl</link></entry><entry level="1" type="bullet"><link ns0:type="simple" ns0:href="../249/45249.xml">user interfac</link></entry><entry level="1" type="bullet"><link ns0:type="simple" ns0:href="../914/33914.xml">web index</link></entry></list></p></sec><sec><st>extern link</st><p><list><entry level="1" type="bullet"><weblink ns0:type="simple" ns0:href="http://findability.org/">findabilityorg</weblink>collect link peopl softwar organ content findabl</entry><entry level="1" type="bullet"><weblink ns0:type="simple" ns0:href="http://www.boxesandarrows.com/view/the_age_of_findability">age findabl</weblink>articl</entry><entry level="1" type="bullet"><weblink ns0:type="simple" ns0:href="http://www.useit.com/alertbox/search-keywords.html">write findabl</weblink>articl findabl impact site choic</entry><entry level="1" type="bullet"><weblink ns0:type="simple" ns0:href="http://www.oreilly.com/catalog/ambient/">ambient findabl</weblink>book</entry><entry level="1" type="bullet"><weblink ns0:type="simple" ns0:href="http://buildingfindablewebsites.com/">build findabl websit web standard seo</weblink>book</entry><entry level="1" type="bullet"><weblink ns0:type="simple" ns0:href="http://www.wsiwebedge.com/building_an_online_presence.aspx">build onlin presenc</weblink>articl</entry></list></p><p /></sec></bdy></article>