<article xmlns:ns0="http://www.w3.org/1999/xlink"><header><title>crisp disambigu</title><id /><revision><id /><timestamp>tz</timestamp><contributor><username>edward vielmetti</username><id /></contributor></revision><categories><category>disambigu</category><category>disambigu</category></categories></header><bdy>crisp<speech wordnetid="107109196" confidence="0.8"><dialect wordnetid="107155661" confidence="0.8"><auditory_communication wordnetid="107109019" confidence="0.8"><language wordnetid="106282651" confidence="0.8"><non-standard_speech wordnetid="107155081" confidence="0.8"><link ns0:type="simple" ns0:href="../179/4179.xml">british english</link></non-standard_speech></language></auditory_communication></dialect></speech><link ns0:type="simple" ns0:href="../851/24851.xml">potato chip</link><speech wordnetid="107109196" confidence="0.8"><dialect wordnetid="107155661" confidence="0.8"><auditory_communication wordnetid="107109019" confidence="0.8"><language wordnetid="106282651" confidence="0.8"><non-standard_speech wordnetid="107155081" confidence="0.8"><link ns0:type="simple" ns0:href="../890/1890.xml">american english</link></non-standard_speech></language></auditory_communication></dialect></speech>thin slice potato deep fri bake crisp<p>crisp refer</p><p><list><entry level="1" type="bullet"><course wordnetid="107556970" confidence="0.8"><substance wordnetid="100020090" confidence="0.8"><food wordnetid="100021265" confidence="0.8"><nutriment wordnetid="107570720" confidence="0.8"><dessert wordnetid="107609840" confidence="0.8"><link ns0:type="simple" ns0:href="../274/229274.xml">crisp</link></dessert></nutriment></food></substance></course>region term bake fruit dessert gener preced fruit rhubarb crisp</entry><entry level="1" type="bullet"><link ns0:type="simple" ns0:href="../298/7001298.xml">crisp surnam</link>peopl name crisp</entry><entry level="1" type="bullet"><link>crispi</link>qualiti crisp</entry><entry level="1" type="bullet"><county wordnetid="108546183" confidence="0.9508927676800064"><link ns0:type="simple" ns0:href="../795/96795.xml">crisp counti georgia</link></county></entry></list></p><ss1><st>acronym crisp</st><p><list><entry level="1" type="bullet"><message wordnetid="106598915" confidence="0.8"><protocol wordnetid="106665108" confidence="0.8"><standard wordnetid="107260623" confidence="0.8"><direction wordnetid="106786629" confidence="0.8"><rule wordnetid="106652242" confidence="0.8"><system_of_measurement wordnetid="113577171" confidence="0.8"><link ns0:type="simple" ns0:href="../747/5128747.xml">cross registri inform servic protocol</link></system_of_measurement></rule></direction></standard></protocol></message></entry><entry level="1" type="bullet"><link ns0:type="simple" ns0:href="../098/2228098.xml">comput retriev inform scientif project</link></entry><entry level="1" type="bullet"><link ns0:type="simple" ns0:href="../470/15279470.xml">clinic investig studi program</link></entry><entry level="1" type="bullet"><link ns0:type="simple" ns0:href="../838/1344838.xml">clanguag reduc instruct set processor</link></entry><entry level="1" type="bullet"><link>comput registr involv student particip</link>onlin cours registr system design<peer wordnetid="109626238" confidence="0.8"><physical_entity wordnetid="100001930" confidence="0.8"><person wordnetid="100007846" confidence="0.8"><colleague wordnetid="109935990" confidence="0.8"><scientist wordnetid="110560637" confidence="0.8"><adult wordnetid="109605289" confidence="0.8"><professional wordnetid="110480253" confidence="0.8"><educator wordnetid="110045713" confidence="0.8"><associate wordnetid="109816771" confidence="0.8"><disputant wordnetid="109615465" confidence="0.8"><reformer wordnetid="110515194" confidence="0.8"><militant wordnetid="110315837" confidence="0.8"><causal_agent wordnetid="100007347" confidence="0.8"><mathematician wordnetid="110301261" confidence="0.8"><link ns0:type="simple" ns0:href="../145/6879145.xml">bernard galler</link></mathematician></causal_agent></militant></reformer></disputant></associate></educator></professional></adult></scientist></colleague></person></physical_entity></peer></entry></list></p><p><table style="background:none"><row><col style="vertical-align:middle;"><image width="30px" src="Disambig_gray.svg" /></col><col style="vertical-align:middle;">list articl associ titl<weblink ns0:type="simple" ns0:href="http://localhost:18088/wiki/index.php?title=Special:Whatlinkshere/Crisp_%28disambiguation%29 namespace=0">intern link</weblink>led chang link point directli intend articl</col></row></table></p></ss1></bdy></article>