<article xmlns:ns0="http://www.w3.org/1999/xlink"><header><title /><id /><revision><id /><timestamp>tz</timestamp><contributor><username>discospinst</username><id /></contributor></revision><categories><category>disambigu</category><category>disambigu</category></categories></header><bdy><image location="none" width="50px" src="Wiktionary-logo-en.svg"><caption>wiktionari</caption></image><web_site wordnetid="106359193" confidence="0.9508927676800064"><link ns0:type="simple" ns0:href="../658/156658.xml">wiktionari</link></web_site>free dictionari<p>refer<list><entry level="1" type="bullet"><link ns0:type="simple" ns0:href="../389/3556389.xml#xpointer(//*[./st=%22I%22])" />abbrevi latin est mean</entry></list></p><sec><st>comput</st><p><list><entry level="1" type="bullet"><link ns0:type="simple" ns0:href="../220/455220.xml">inform engin</link></entry><entry level="1" type="bullet"><software wordnetid="106566077" confidence="0.9508927676800064"><link ns0:type="simple" ns0:href="../215/15215.xml">internet explor</link></software>web browser microsoft</entry><entry level="1" type="bullet"><artifact wordnetid="100021939" confidence="0.8"><instrumentality wordnetid="103575240" confidence="0.8"><device wordnetid="103183080" confidence="0.8"><link ns0:type="simple" ns0:href="../363/10479363.xml">intellimous explor</link></device></instrumentality></artifact>comput mice design microsoft</entry><entry level="1" type="bullet"><software wordnetid="106566077" confidence="0.9508927676800064"><link ns0:type="simple" ns0:href="../471/797471.xml">infin engin</link></software>game engin baldur gate</entry><entry level="1" type="bullet"><sphere wordnetid="114514039" confidence="0.9508927676800064"><link ns0:type="simple" ns0:href="../050/960050.xml" /></sphere>irish top level cctld</entry></list></p></sec><sec><st>transport</st><p><list><entry level="1" type="bullet"><link>iarnrd ireann</link>irish rail</entry><entry level="1" type="bullet"><airline wordnetid="102690081" confidence="0.9508927676800064"><link ns0:type="simple" ns0:href="../689/169689.xml">solomon airlin</link></airline>iata airlin design</entry></list></p></sec><sec><st>artsentertain</st><p><list><entry level="1" type="bullet"><musical_organization wordnetid="108246613" confidence="0.8"><group wordnetid="100031264" confidence="0.8"><link ns0:type="simple" ns0:href="../018/391018.xml">ice earth</link></group></musical_organization>power metal band unit</entry><entry level="1" type="bullet"><physical_entity wordnetid="100001930" confidence="0.8"><comedian wordnetid="109940146" confidence="0.8"><person wordnetid="100007846" confidence="0.8"><performer wordnetid="110415638" confidence="0.8"><causal_agent wordnetid="100007347" confidence="0.8"><entertainer wordnetid="109616922" confidence="0.8"><link ns0:type="simple" ns0:href="../667/2330667.xml">improv</link></entertainer></causal_agent></performer></person></comedian></physical_entity>comedi group</entry></list></p></sec><sec><st>place</st><p><list><entry level="1" type="bullet"><area wordnetid="108497294" confidence="0.9508927676800064"><link ns0:type="simple" ns0:href="../364/220364.xml">inland empir california</link></area>unit</entry><entry level="1" type="bullet"><region wordnetid="108630985" confidence="0.8"><village wordnetid="108672738" confidence="0.8"><location wordnetid="100027167" confidence="0.8"><settlement wordnetid="108672562" confidence="0.8"><geographical_area wordnetid="108574314" confidence="0.8"><link ns0:type="simple" ns0:href="../349/451349.xml">okinawa</link></geographical_area></settlement></location></village></region>japan</entry><entry level="1" type="bullet">west frisian dutch villag<village wordnetid="108672738" confidence="0.9508927676800064"><link ns0:type="simple" ns0:href="../368/7160368.xml">ee dongeradeel</link></village></entry></list></p></sec><sec><st>scienc engin</st><p><list><entry level="1" type="bullet"><link ns0:type="simple" ns0:href="../898/223898.xml">industri ecolog</link>studi sustain industri system</entry><entry level="1" type="bullet"><link ns0:type="simple" ns0:href="../701/195701.xml">industri engin</link>engin disciplin concern develop improv implement evalu integr system peopl knowledg equip energi materi process</entry><entry level="1" type="bullet"><link ns0:type="simple" ns0:href="../103/9277103.xml">inform element</link>network abbrevi</entry><entry level="1" type="bullet"><link ns0:type="simple" ns0:href="../220/455220.xml">inform engin</link>approach design develop inform system</entry><entry level="1" type="bullet"><link ns0:type="simple" ns0:href="../162/383162.xml">inform extract</link>type inform retriev goal automat extract structur semistructur inform unstructur machineread document</entry><entry level="1" type="bullet"><institute wordnetid="108407330" confidence="0.8"><association wordnetid="108049401" confidence="0.8"><link ns0:type="simple" ns0:href="../212/7651212.xml">institut energi</link></association></institute>european union</entry><entry level="1" type="bullet">ioniz energi energi requir strip atom molecul electron<link ns0:type="simple" ns0:href="../613/59613.xml">ioniz potenti</link></entry></list></p></sec><sec><st>languag cultur</st><p><list><entry level="1" type="bullet"><link ns0:type="simple" ns0:href="../235/5595235.xml">digraph</link></entry><entry level="1" type="bullet"><link ns0:type="simple" ns0:href="../996/14996.xml">intern english</link>concept english languag global commun</entry><entry level="1" type="bullet"><link ns0:type="simple" ns0:href="../540/14540.xml">indoeuropean disambigu</link></entry><entry level="2" type="bullet"><class wordnetid="107997703" confidence="0.9508927676800064"><link ns0:type="simple" ns0:href="../848/14848.xml">indoeuropean languag</link></class></entry><entry level="2" type="bullet"><link ns0:type="simple" ns0:href="../540/14540.xml">indoeuropean peopl</link></entry><entry level="2" type="bullet"><link ns0:type="simple" ns0:href="../796/931796.xml">indoeuropean studi</link></entry><entry level="1" type="bullet"><link ns0:type="simple" ns0:href="../206/360206.xml">japanes famili system</link>classic japanes famili system</entry><entry level="1" type="bullet"><link ns0:type="simple" ns0:href="../823/7046823.xml">trade hous</link>japanes cottag industri</entry><entry level="1" type="bullet"><link ns0:type="simple" ns0:href="../892/505892.xml" /><language wordnetid="106282651" confidence="0.8"><link ns0:type="simple" ns0:href="../916/8569916.xml">english</link></language>diminut suffix</entry><entry level="1" type="bullet"><sphere wordnetid="114514039" confidence="0.9508927676800064"><link ns0:type="simple" ns0:href="../050/960050.xml" /></sphere><link ns0:type="simple" ns0:href="../473/228473.xml">iso standard</link></entry><entry level="2" type="bullet">interlingu origin<language wordnetid="106282651" confidence="0.9508927676800064"><link ns0:type="simple" ns0:href="../761/22761.xml">occident languag</link></language><link ns0:type="simple" ns0:href="../835/307835.xml">iso</link></entry><entry level="2" type="bullet"><country wordnetid="108544813" confidence="0.9508927676800064"><link ns0:type="simple" ns0:href="../560/14560.xml">republ ireland</link></country><written_communication wordnetid="106349220" confidence="0.8"><code wordnetid="106667317" confidence="0.8"><link ns0:type="simple" ns0:href="../179/223179.xml">iso alpha</link></code></written_communication></entry><entry level="1" type="bullet">spell guidelin english languag<link ns0:type="simple" ns0:href="../491/838491.xml" /></entry></list></p><p><table style="background:none"><row><col style="vertical-align:middle;"><image width="30px" src="Disambig_gray.svg" /></col><col style="vertical-align:middle;">list articl associ titl<weblink ns0:type="simple" ns0:href="http://localhost:18088/wiki/index.php?title=Special:Whatlinkshere/Ie namespace=0">intern link</weblink>led chang link point directli intend articl</col></row></table></p></sec></bdy></article>