<article xmlns:ns0="http://www.w3.org/1999/xlink"><bus confidence="0.9508927676800064" wordnetid="102924116"><bus_route confidence="0.9511911446218017" wordnetid="108517554"><header><title>london buse rout</title><id /><revision><id /><timestamp>tz</timestamp><contributor><username>arriva</username><id /></contributor></revision><categories><category>transport hammersmith fulham</category><category>transport westminst</category><category>bu rout london</category></categories></header><bdy><template><name>infobox london bu</name><parameters><image width="360px" src="London_Bus_route_148.jpg" /><pvr>daynight</pvr><via>holland parknot hill gatequeenswaymarbl archhyd parkvictoriawestminstereleph castl</via><garage><mathematical_relation wordnetid="113783581" confidence="0.8"><company wordnetid="108058098" confidence="0.8"><operator wordnetid="113786413" confidence="0.8"><institution wordnetid="108053576" confidence="0.8"><function wordnetid="113783816" confidence="0.8"><link ns0:type="simple" ns0:href="../147/6884147.xml#xpointer(//*[./st=%22Shepherd's+Bush%22])">shepherd bush</link></function></institution></operator></company></mathematical_relation><mathematical_relation wordnetid="113783581" confidence="0.8"><company wordnetid="108058098" confidence="0.8"><operator wordnetid="113786413" confidence="0.8"><institution wordnetid="108053576" confidence="0.8"><function wordnetid="113783816" confidence="0.8"><link ns0:type="simple" ns0:href="../147/6884147.xml#xpointer(//*[./st=%22Stamford+Brook%22])">stamford brook</link></function></institution></operator></company></mathematical_relation></garage><vehicle><conveyance wordnetid="103100490" confidence="0.8"><artifact wordnetid="100021939" confidence="0.8"><instrumentality wordnetid="103575240" confidence="0.8"><vehicle wordnetid="104524313" confidence="0.8"><link ns0:type="simple" ns0:href="../373/2314373.xml">scania omnic</link></vehicle></instrumentality></artifact></conveyance><conveyance wordnetid="103100490" confidence="0.8"><artifact wordnetid="100021939" confidence="0.8"><instrumentality wordnetid="103575240" confidence="0.8"><bus wordnetid="102924116" confidence="0.8"><public_transport wordnetid="104019101" confidence="0.8"><vehicle wordnetid="104524313" confidence="0.8"><link ns0:type="simple" ns0:href="../447/13555447.xml">scania nud</link></vehicle></public_transport></bus></instrumentality></artifact></conveyance><link ns0:type="simple" ns0:href="../762/14454762.xml">east lanc olympu</link></vehicle><number /><frequency>minut</frequency><operator><mathematical_relation wordnetid="113783581" confidence="0.8"><company wordnetid="108058098" confidence="0.8"><operator wordnetid="113786413" confidence="0.8"><institution wordnetid="108053576" confidence="0.8"><function wordnetid="113783816" confidence="0.8"><link ns0:type="simple" ns0:href="../147/6884147.xml">transdev london</link></function></institution></operator></company></mathematical_relation></operator><time>minut</time><level>hour servic</level><ibus /><start><site wordnetid="108651247" confidence="0.9508927676800064"><link ns0:type="simple" ns0:href="../275/234275.xml">shepherd bush green</link></site></start><length>mile</length><night>hour servic</night><day>hour servic</day><end><region wordnetid="108630985" confidence="0.8"><point wordnetid="108620061" confidence="0.8"><junction wordnetid="103605722" confidence="0.8"><park wordnetid="108615149" confidence="0.8"><location wordnetid="100027167" confidence="0.8"><tract wordnetid="108673395" confidence="0.8"><topographic_point wordnetid="108664443" confidence="0.8"><geographical_area wordnetid="108574314" confidence="0.8"><link ns0:type="simple" ns0:href="../339/4907339.xml">camberwel green</link></geographical_area></topographic_point></tract></location></park></junction></point></region></end></parameters></template><p>london buse rout<company wordnetid="108058098" confidence="0.9508927676800064"><link ns0:type="simple" ns0:href="../145/31145.xml">transport london</link></company>contract bu rout<village wordnetid="108672738" confidence="0.9508927676800064"><link ns0:type="simple" ns0:href="../867/17867.xml">london</link></village><autocracy wordnetid="108361001" confidence="0.8"><system wordnetid="108435388" confidence="0.8"><social_group wordnetid="107950920" confidence="0.8"><political_orientation wordnetid="106212839" confidence="0.8"><monarchy wordnetid="108363812" confidence="0.8"><state wordnetid="108168978" confidence="0.8"><political_unit wordnetid="108359949" confidence="0.8"><political_system wordnetid="108367880" confidence="0.8"><economy wordnetid="108366753" confidence="0.8"><group wordnetid="100031264" confidence="0.8"><democracy wordnetid="106217103" confidence="0.8"><link ns0:type="simple" ns0:href="../717/31717.xml">unit kingdom</link></democracy></group></economy></political_system></political_unit></state></monarchy></political_orientation></social_group></system></autocracy>servic current contract<mathematical_relation wordnetid="113783581" confidence="0.8"><company wordnetid="108058098" confidence="0.8"><operator wordnetid="113786413" confidence="0.8"><institution wordnetid="108053576" confidence="0.8"><function wordnetid="113783816" confidence="0.8"><link ns0:type="simple" ns0:href="../147/6884147.xml">transdev london</link></function></institution></operator></company></mathematical_relation></p><sec><st>histori</st><p>rout rout creat help<work wordnetid="100575741" confidence="0.8"><idea wordnetid="105833840" confidence="0.8"><scheme wordnetid="105905348" confidence="0.8"><plan wordnetid="105898568" confidence="0.8"><event wordnetid="100029378" confidence="0.8"><plan_of_action wordnetid="105902545" confidence="0.8"><undertaking wordnetid="100795720" confidence="0.8"><act wordnetid="100030358" confidence="0.8"><psychological_feature wordnetid="100023100" confidence="0.8"><activity wordnetid="100407535" confidence="0.8"><link ns0:type="simple" ns0:href="../439/179439.xml">congest charg</link></activity></psychological_feature></act></undertaking></plan_of_action></event></plan></scheme></idea></work></p><p>scania omnic enter servic late<conveyance wordnetid="103100490" confidence="0.8"><artifact wordnetid="100021939" confidence="0.8"><instrumentality wordnetid="103575240" confidence="0.8"><bus wordnetid="102924116" confidence="0.8"><public_transport wordnetid="104019101" confidence="0.8"><link ns0:type="simple" ns0:href="../751/1709751.xml">volvo btl</link></public_transport></bus></instrumentality></artifact></conveyance><conveyance wordnetid="103100490" confidence="0.8"><artifact wordnetid="100021939" confidence="0.8"><instrumentality wordnetid="103575240" confidence="0.8"><bus wordnetid="102924116" confidence="0.8"><public_transport wordnetid="104019101" confidence="0.8"><link ns0:type="simple" ns0:href="../306/2251306.xml">alexand alx</link></public_transport></bus></instrumentality></artifact></conveyance>transfer<bus wordnetid="102924116" confidence="0.9508927676800064"><link ns0:type="simple" ns0:href="../764/10935764.xml">rout</link></bus>volvo btl<bus wordnetid="102924116" confidence="0.9508927676800064"><link ns0:type="simple" ns0:href="../817/12442817.xml">east lanc myllennium vyke</link></bus>stamford brook increas frequenc<bus wordnetid="102924116" confidence="0.9508927676800064"><link ns0:type="simple" ns0:href="../598/8049598.xml">rout</link></bus></p><p><conveyance wordnetid="103100490" confidence="0.8"><artifact wordnetid="100021939" confidence="0.8"><instrumentality wordnetid="103575240" confidence="0.8"><bus wordnetid="102924116" confidence="0.8"><public_transport wordnetid="104019101" confidence="0.8"><vehicle wordnetid="104524313" confidence="0.8"><link ns0:type="simple" ns0:href="../447/13555447.xml">scania nud</link></vehicle></public_transport></bus></instrumentality></artifact></conveyance><link ns0:type="simple" ns0:href="../762/14454762.xml">east lanc olympu</link>doubledeck enter servic</p><p><link ns0:type="simple" ns0:href="../322/11322.xml">februari</link><link ns0:type="simple" ns0:href="../825/35825.xml" />shepherd bush station central close extra buse rout addit servic includ plaxton bodi volvo btl metrolin</p><p><image location="left" width="250px" src="London_Bus_route_148-b.jpg" type="thumb"><caption><conveyance wordnetid="103100490" confidence="0.8"><artifact wordnetid="100021939" confidence="0.8"><instrumentality wordnetid="103575240" confidence="0.8"><bus wordnetid="102924116" confidence="0.8"><public_transport wordnetid="104019101" confidence="0.8"><vehicle wordnetid="104524313" confidence="0.8"><link ns0:type="simple" ns0:href="../447/13555447.xml">scania</link></vehicle></public_transport></bus></instrumentality></artifact></conveyance><link ns0:type="simple" ns0:href="../762/14454762.xml">east lanc olympu</link>rout park lane</caption></image></p></sec><sec><st>current rout</st><p><table style="background:transparent; width:100%;" cellpadding="0" class=" multicol" cellspacing="0"><row><col align="left" width="50%" valign="top"><ss1><st>rout depart shepherd bush green</st><p><list><entry level="1" type="bullet"><site wordnetid="108651247" confidence="0.9508927676800064"><link ns0:type="simple" ns0:href="../275/234275.xml">shepherd bush green</link></site><artifact wordnetid="100021939" confidence="0.8"><facility wordnetid="103315023" confidence="0.8"><station wordnetid="104306080" confidence="0.8"><link ns0:type="simple" ns0:href="../560/1297560.xml">shepherd bush station</link></station></facility></artifact>central</entry><entry level="1" type="bullet">holland park avenu</entry><entry level="1" type="bullet"><artifact wordnetid="100021939" confidence="0.8"><facility wordnetid="103315023" confidence="0.8"><station wordnetid="104306080" confidence="0.8"><link ns0:type="simple" ns0:href="../520/1185520.xml">holland park station</link></station></facility></artifact></entry><entry level="1" type="bullet">holland park avenu</entry><entry level="1" type="bullet"><artifact wordnetid="100021939" confidence="0.8"><facility wordnetid="103315023" confidence="0.8"><station wordnetid="104306080" confidence="0.8"><link ns0:type="simple" ns0:href="../581/181581.xml">not hil gate station</link></station></facility></artifact></entry><entry level="1" type="bullet"><artifact wordnetid="100021939" confidence="0.8"><street wordnetid="104334599" confidence="0.8"><way wordnetid="104564698" confidence="0.8"><thoroughfare wordnetid="104426618" confidence="0.8"><road wordnetid="104096066" confidence="0.8"><link ns0:type="simple" ns0:href="../325/1150325.xml">not hill gate</link></road></thoroughfare></way></street></artifact></entry><entry level="1" type="bullet"><artifact wordnetid="100021939" confidence="0.8"><street wordnetid="104334599" confidence="0.8"><way wordnetid="104564698" confidence="0.8"><thoroughfare wordnetid="104426618" confidence="0.8"><road wordnetid="104096066" confidence="0.8"><link ns0:type="simple" ns0:href="../625/1329625.xml">bayswat road</link></road></thoroughfare></way></street></artifact><artifact wordnetid="100021939" confidence="0.8"><facility wordnetid="103315023" confidence="0.8"><station wordnetid="104306080" confidence="0.8"><link ns0:type="simple" ns0:href="../530/373530.xml">queensway station</link></station></facility></artifact></entry><entry level="1" type="bullet"><artifact wordnetid="100021939" confidence="0.8"><street wordnetid="104334599" confidence="0.8"><way wordnetid="104564698" confidence="0.8"><thoroughfare wordnetid="104426618" confidence="0.8"><road wordnetid="104096066" confidence="0.8"><link ns0:type="simple" ns0:href="../625/1329625.xml">bayswat road</link></road></thoroughfare></way></street></artifact></entry><entry level="1" type="bullet"><artifact wordnetid="100021939" confidence="0.8"><facility wordnetid="103315023" confidence="0.8"><station wordnetid="104306080" confidence="0.8"><link ns0:type="simple" ns0:href="../520/373520.xml">lancast gate station</link></station></facility></artifact></entry><entry level="1" type="bullet">lancast terrac</entry><entry level="1" type="bullet">westbourn street</entry><entry level="1" type="bullet">bayswat road</entry><entry level="1" type="bullet"><misfortune wordnetid="114475405" confidence="0.8"><artifact wordnetid="100021939" confidence="0.8"><facility wordnetid="103315023" confidence="0.8"><station wordnetid="104306080" confidence="0.8"><condition wordnetid="113920429" confidence="0.8"><state wordnetid="100024720" confidence="0.8"><catastrophe wordnetid="114476290" confidence="0.8"><adversity wordnetid="114475661" confidence="0.8"><fortune wordnetid="114473222" confidence="0.8"><link ns0:type="simple" ns0:href="../526/373526.xml">marbl arch station</link></fortune></adversity></catastrophe></state></condition></station></facility></artifact></misfortune></entry><entry level="1" type="bullet"><link ns0:type="simple" ns0:href="../796/3538796.xml">park lane</link></entry><entry level="1" type="bullet"><artifact wordnetid="100021939" confidence="0.8"><facility wordnetid="103315023" confidence="0.8"><station wordnetid="104306080" confidence="0.8"><link ns0:type="simple" ns0:href="../257/373257.xml">hyde park corner station</link></station></facility></artifact></entry><entry level="1" type="bullet"><link ns0:type="simple" ns0:href="../032/15607032.xml">grosvenor place</link></entry><entry level="1" type="bullet">lower grosvenor place</entry><entry level="1" type="bullet">buckingham palac road</entry><entry level="1" type="bullet"><station wordnetid="104306080" confidence="0.9508927676800064"><link ns0:type="simple" ns0:href="../269/338269.xml">victoria station</link></station>bu station</entry><entry level="1" type="bullet">wilton road</entry><entry level="1" type="bullet">allington street</entry><entry level="1" type="bullet">bressenden place</entry><entry level="1" type="bullet"><link ns0:type="simple" ns0:href="../654/4903654.xml">victoria street</link></entry><entry level="1" type="bullet"><structure wordnetid="104341686" confidence="0.8"><religious_residence wordnetid="104073948" confidence="0.8"><building wordnetid="102913152" confidence="0.8"><artifact wordnetid="100021939" confidence="0.8"><residence wordnetid="104079244" confidence="0.8"><dwelling wordnetid="103259505" confidence="0.8"><church wordnetid="103028079" confidence="0.8"><housing wordnetid="103546340" confidence="0.8"><monastery wordnetid="103781244" confidence="0.8"><place_of_worship wordnetid="103953416" confidence="0.8"><house wordnetid="103544360" confidence="0.8"><link ns0:type="simple" ns0:href="../245/43245.xml">westminst abbey</link></house></place_of_worship></monastery></housing></church></dwelling></residence></artifact></building></religious_residence></structure></entry><entry level="1" type="bullet"><isogon wordnetid="113866515" confidence="0.8"><location wordnetid="100027167" confidence="0.8"><topographic_point wordnetid="108664443" confidence="0.8"><shape wordnetid="100027807" confidence="0.8"><plane_figure wordnetid="113863186" confidence="0.8"><polygon wordnetid="113866144" confidence="0.8"><junction wordnetid="103605722" confidence="0.8"><point wordnetid="108620061" confidence="0.8"><rectangle wordnetid="113883346" confidence="0.8"><regular_polygon wordnetid="113867133" confidence="0.8"><figure wordnetid="113862780" confidence="0.8"><parallelogram wordnetid="113881175" confidence="0.8"><square wordnetid="113878634" confidence="0.8"><quadrilateral wordnetid="113879126" confidence="0.8"><link ns0:type="simple" ns0:href="../590/650590.xml">parliament squar</link></quadrilateral></square></parallelogram></figure></regular_polygon></rectangle></point></junction></polygon></plane_figure></shape></topographic_point></location></isogon></entry><entry level="1" type="bullet">bridg street</entry><entry level="1" type="bullet"><artifact wordnetid="100021939" confidence="0.8"><facility wordnetid="103315023" confidence="0.8"><station wordnetid="104306080" confidence="0.8"><link ns0:type="simple" ns0:href="../633/354633.xml">westminst station</link></station></facility></artifact></entry><entry level="1" type="bullet"><bridge wordnetid="102898711" confidence="0.9508927676800064"><link ns0:type="simple" ns0:href="../373/360373.xml">westminst bridg</link></bridge></entry><entry level="1" type="bullet"><link ns0:type="simple" ns0:href="../008/2535008.xml">counti hall</link></entry><entry level="1" type="bullet">westminst bridg road</entry><entry level="1" type="bullet"><link ns0:type="simple" ns0:href="../131/1076131.xml">london road</link></entry><entry level="1" type="bullet"><link ns0:type="simple" ns0:href="../002/354002.xml">eleph castl station</link></entry><entry level="1" type="bullet"><link ns0:type="simple" ns0:href="../196/234196.xml">eleph castl</link></entry><entry level="1" type="bullet">walworth road</entry><entry level="1" type="bullet">camberwel road</entry><entry level="1" type="bullet"><region wordnetid="108630985" confidence="0.8"><point wordnetid="108620061" confidence="0.8"><junction wordnetid="103605722" confidence="0.8"><park wordnetid="108615149" confidence="0.8"><location wordnetid="100027167" confidence="0.8"><tract wordnetid="108673395" confidence="0.8"><topographic_point wordnetid="108664443" confidence="0.8"><geographical_area wordnetid="108574314" confidence="0.8"><link ns0:type="simple" ns0:href="../339/4907339.xml">camberwel green</link></geographical_area></topographic_point></tract></location></park></junction></point></region></entry></list></p></ss1></col><col align="left" width="" valign="top"><ss1><st>rout depart camberwel green</st><p><list><entry level="1" type="bullet"><region wordnetid="108630985" confidence="0.8"><point wordnetid="108620061" confidence="0.8"><junction wordnetid="103605722" confidence="0.8"><park wordnetid="108615149" confidence="0.8"><location wordnetid="100027167" confidence="0.8"><tract wordnetid="108673395" confidence="0.8"><topographic_point wordnetid="108664443" confidence="0.8"><geographical_area wordnetid="108574314" confidence="0.8"><link ns0:type="simple" ns0:href="../339/4907339.xml">camberwel green</link></geographical_area></topographic_point></tract></location></park></junction></point></region></entry><entry level="1" type="bullet">camberwel road</entry><entry level="1" type="bullet">walworth road</entry><entry level="1" type="bullet"><link ns0:type="simple" ns0:href="../196/234196.xml">eleph castl</link></entry><entry level="1" type="bullet"><link ns0:type="simple" ns0:href="../002/354002.xml">eleph castl station</link></entry><entry level="1" type="bullet">st georg road</entry><entry level="1" type="bullet">westminst bridg road</entry><entry level="1" type="bullet"><link ns0:type="simple" ns0:href="../008/2535008.xml">counti hall</link></entry><entry level="1" type="bullet"><bridge wordnetid="102898711" confidence="0.9508927676800064"><link ns0:type="simple" ns0:href="../373/360373.xml">westminst bridg</link></bridge></entry><entry level="1" type="bullet">bridg street</entry><entry level="1" type="bullet"><artifact wordnetid="100021939" confidence="0.8"><facility wordnetid="103315023" confidence="0.8"><station wordnetid="104306080" confidence="0.8"><link ns0:type="simple" ns0:href="../633/354633.xml">westminst station</link></station></facility></artifact></entry><entry level="1" type="bullet"><isogon wordnetid="113866515" confidence="0.8"><location wordnetid="100027167" confidence="0.8"><topographic_point wordnetid="108664443" confidence="0.8"><shape wordnetid="100027807" confidence="0.8"><plane_figure wordnetid="113863186" confidence="0.8"><polygon wordnetid="113866144" confidence="0.8"><junction wordnetid="103605722" confidence="0.8"><point wordnetid="108620061" confidence="0.8"><rectangle wordnetid="113883346" confidence="0.8"><regular_polygon wordnetid="113867133" confidence="0.8"><figure wordnetid="113862780" confidence="0.8"><parallelogram wordnetid="113881175" confidence="0.8"><square wordnetid="113878634" confidence="0.8"><quadrilateral wordnetid="113879126" confidence="0.8"><link ns0:type="simple" ns0:href="../590/650590.xml">parliament squar</link></quadrilateral></square></parallelogram></figure></regular_polygon></rectangle></point></junction></polygon></plane_figure></shape></topographic_point></location></isogon></entry><entry level="1" type="bullet"><structure wordnetid="104341686" confidence="0.8"><religious_residence wordnetid="104073948" confidence="0.8"><building wordnetid="102913152" confidence="0.8"><artifact wordnetid="100021939" confidence="0.8"><residence wordnetid="104079244" confidence="0.8"><dwelling wordnetid="103259505" confidence="0.8"><church wordnetid="103028079" confidence="0.8"><housing wordnetid="103546340" confidence="0.8"><monastery wordnetid="103781244" confidence="0.8"><place_of_worship wordnetid="103953416" confidence="0.8"><house wordnetid="103544360" confidence="0.8"><link ns0:type="simple" ns0:href="../245/43245.xml">westminst abbey</link></house></place_of_worship></monastery></housing></church></dwelling></residence></artifact></building></religious_residence></structure></entry><entry level="1" type="bullet"><link ns0:type="simple" ns0:href="../654/4903654.xml">victoria street</link></entry><entry level="1" type="bullet"><station wordnetid="104306080" confidence="0.9508927676800064"><link ns0:type="simple" ns0:href="../269/338269.xml">victoria station</link></station></entry><entry level="1" type="bullet">grosvenor garden</entry><entry level="1" type="bullet"><link ns0:type="simple" ns0:href="../032/15607032.xml">grosvenor place</link></entry><entry level="1" type="bullet"><artifact wordnetid="100021939" confidence="0.8"><facility wordnetid="103315023" confidence="0.8"><station wordnetid="104306080" confidence="0.8"><link ns0:type="simple" ns0:href="../257/373257.xml">hyde park corner station</link></station></facility></artifact></entry><entry level="1" type="bullet"><link ns0:type="simple" ns0:href="../796/3538796.xml">park lane</link></entry><entry level="1" type="bullet"><misfortune wordnetid="114475405" confidence="0.8"><artifact wordnetid="100021939" confidence="0.8"><facility wordnetid="103315023" confidence="0.8"><station wordnetid="104306080" confidence="0.8"><condition wordnetid="113920429" confidence="0.8"><state wordnetid="100024720" confidence="0.8"><catastrophe wordnetid="114476290" confidence="0.8"><adversity wordnetid="114475661" confidence="0.8"><fortune wordnetid="114473222" confidence="0.8"><link ns0:type="simple" ns0:href="../526/373526.xml">marbl arch station</link></fortune></adversity></catastrophe></state></condition></station></facility></artifact></misfortune></entry><entry level="1" type="bullet"><artifact wordnetid="100021939" confidence="0.8"><street wordnetid="104334599" confidence="0.8"><way wordnetid="104564698" confidence="0.8"><thoroughfare wordnetid="104426618" confidence="0.8"><road wordnetid="104096066" confidence="0.8"><link ns0:type="simple" ns0:href="../625/1329625.xml">bayswat road</link></road></thoroughfare></way></street></artifact></entry><entry level="1" type="bullet"><artifact wordnetid="100021939" confidence="0.8"><facility wordnetid="103315023" confidence="0.8"><station wordnetid="104306080" confidence="0.8"><link ns0:type="simple" ns0:href="../520/373520.xml">lancast gate station</link></station></facility></artifact></entry><entry level="1" type="bullet"><artifact wordnetid="100021939" confidence="0.8"><street wordnetid="104334599" confidence="0.8"><way wordnetid="104564698" confidence="0.8"><thoroughfare wordnetid="104426618" confidence="0.8"><road wordnetid="104096066" confidence="0.8"><link ns0:type="simple" ns0:href="../625/1329625.xml">bayswat road</link></road></thoroughfare></way></street></artifact><artifact wordnetid="100021939" confidence="0.8"><facility wordnetid="103315023" confidence="0.8"><station wordnetid="104306080" confidence="0.8"><link ns0:type="simple" ns0:href="../530/373530.xml">queensway station</link></station></facility></artifact></entry><entry level="1" type="bullet"><artifact wordnetid="100021939" confidence="0.8"><street wordnetid="104334599" confidence="0.8"><way wordnetid="104564698" confidence="0.8"><thoroughfare wordnetid="104426618" confidence="0.8"><road wordnetid="104096066" confidence="0.8"><link ns0:type="simple" ns0:href="../325/1150325.xml">not hill gate</link></road></thoroughfare></way></street></artifact></entry><entry level="1" type="bullet"><artifact wordnetid="100021939" confidence="0.8"><facility wordnetid="103315023" confidence="0.8"><station wordnetid="104306080" confidence="0.8"><link ns0:type="simple" ns0:href="../581/181581.xml">not hill gate station</link></station></facility></artifact></entry><entry level="1" type="bullet">holland park avenu</entry><entry level="1" type="bullet"><artifact wordnetid="100021939" confidence="0.8"><facility wordnetid="103315023" confidence="0.8"><station wordnetid="104306080" confidence="0.8"><link ns0:type="simple" ns0:href="../520/1185520.xml">holland park station</link></station></facility></artifact></entry><entry level="1" type="bullet"><site wordnetid="108651247" confidence="0.9508927676800064"><link ns0:type="simple" ns0:href="../275/234275.xml">shepherd bush green</link></site><artifact wordnetid="100021939" confidence="0.8"><facility wordnetid="103315023" confidence="0.8"><station wordnetid="104306080" confidence="0.8"><link ns0:type="simple" ns0:href="../560/1297560.xml">shepherd bush station</link></station></facility></artifact>central</entry></list></p></ss1></col></row></table></p></sec><sec><st>previou rout london</st><p><link ns0:type="simple" ns0:href="../107/14563107.xml">march</link><link ns0:type="simple" ns0:href="../598/34598.xml" />rout leytonston dagenham replac<bus wordnetid="102924116" confidence="0.9508927676800064"><link ns0:type="simple" ns0:href="../914/12406914.xml">rout</link></bus></p></sec><sec><st>cultur</st><p><artifact wordnetid="100021939" confidence="0.8"><instrumentality wordnetid="103575240" confidence="0.8"><facility wordnetid="103315023" confidence="0.8"><station wordnetid="104306080" confidence="0.8"><television_station wordnetid="104406350" confidence="0.8"><channel wordnetid="103006398" confidence="0.8"><medium wordnetid="106254669" confidence="0.8"><broadcasting_station wordnetid="102903405" confidence="0.8"><link ns0:type="simple" ns0:href="../939/226939.xml">london weekend televis</link></broadcasting_station></medium></channel></television_station></station></facility></instrumentality></artifact><series wordnetid="108457976" confidence="0.9508927676800064"><link ns0:type="simple" ns0:href="../229/1430229.xml">london burn</link></series>featur bu rout gang youth hijack bu drove bridg</p></sec><sec><st /><p><list><entry level="1" type="bullet"><link ns0:type="simple" ns0:href="../207/5179207.xml">list bu rout london</link></entry><entry level="1" type="bullet"><mathematical_relation wordnetid="113783581" confidence="0.8"><company wordnetid="108058098" confidence="0.8"><operator wordnetid="113786413" confidence="0.8"><institution wordnetid="108053576" confidence="0.8"><function wordnetid="113783816" confidence="0.8"><link ns0:type="simple" ns0:href="../147/6884147.xml">transdev london</link></function></institution></operator></company></mathematical_relation></entry></list></p></sec><sec><st>extern link</st><p><list><entry level="1" type="bullet"><weblink ns0:type="simple" ns0:href="http://www.tfl.gov.uk">transport london</weblink></entry><entry level="1" type="bullet"><weblink ns0:type="simple" ns0:href="http://www.busesatwork.co.uk">london bu rout</weblink></entry><entry level="1" type="bullet"><weblink ns0:type="simple" ns0:href="http://www.londonbusroutes.net/times/148.pdf">full timet pdf</weblink></entry></list></p><p><table style="margin: 0 auto; border-collapse: collapse;" cellpadding="3" class="toccolours" border="1" cellspacing="0"><row><header align="center" bgcolor="#efefef"><link ns0:type="simple" ns0:href="../207/5179207.xml">list bu rout london</link></header></row><row><col style="font-size: 90%;" align="center"><link ns0:type="simple" ns0:href="../207/5179207.xml#xpointer(//*[./st=%221-99%22])" /><link ns0:type="simple" ns0:href="../207/5179207.xml#xpointer(//*[./st=%22100-199%22])" /><link ns0:type="simple" ns0:href="../207/5179207.xml#xpointer(//*[./st=%22200-299%22])" /><link ns0:type="simple" ns0:href="../207/5179207.xml#xpointer(//*[./st=%22300-399%22])" /><link ns0:type="simple" ns0:href="../207/5179207.xml#xpointer(//*[./st=%22400-499%22])" /><link ns0:type="simple" ns0:href="../207/5179207.xml#xpointer(//*[./st=%22500-599%22])" /><link ns0:type="simple" ns0:href="../207/5179207.xml#xpointer(//*[./st=%22600-699%22])" /><link ns0:type="simple" ns0:href="../207/5179207.xml#xpointer(//*[./st=%22Letter+prefixed%22])">letter prefix</link><link ns0:type="simple" ns0:href="../207/5179207.xml#xpointer(//*[./st=%22Routes+which+only+run+at+night+(N+prefixed)%22])">night</link></col></row></table></p></sec></bdy></bus_route></bus></article>