<article xmlns:ns0="http://www.w3.org/1999/xlink"><argument confidence="0.9511911446218017" wordnetid="106648724"><header><title>analog</title><id /><revision><id /><timestamp>tz</timestamp><contributor><username>puuropyssi</username><id /></contributor></revision><categories><category>logic</category><category>philosoph argument</category><category>cognit scienc</category><category>greek loanword</category><category>linguist</category><category>semant</category></categories></header><bdy>analog<link ns0:type="simple" ns0:href="../238/106238.xml">cognit</link>process transfer<link ns0:type="simple" ns0:href="../062/18985062.xml">inform</link>subject analogu sourc subject target<link ns0:type="simple" ns0:href="../524/17524.xml">linguist</link>express correspond process narrow sens analog<link ns0:type="simple" ns0:href="../465/317465.xml">infer</link><link ns0:type="simple" ns0:href="../310/13018310.xml">argument</link>oppos<link ns0:type="simple" ns0:href="../093/61093.xml">deduct</link><link ns0:type="simple" ns0:href="../736/393736.xml">induct</link><link ns0:type="simple" ns0:href="../459/60459.xml">abduct</link><link ns0:type="simple" ns0:href="../337/7993337.xml">premis</link>conclus gener word analog refer relat sourc target<link ns0:type="simple" ns0:href="../523/532523.xml">similar</link><link ns0:type="simple" ns0:href="../816/1460816.xml">biolog notion analog</link><image location="right" width="288px" src="Bohr_atom_model_English.svg" type="thumb" />analog play role<link ns0:type="simple" ns0:href="../948/1467948.xml">problem solv</link><link ns0:type="simple" ns0:href="../752/265752.xml">decis make</link><link ns0:type="simple" ns0:href="../140/25140.xml">percept</link><link ns0:type="simple" ns0:href="../844/18844.xml">memori</link><link ns0:type="simple" ns0:href="../910/142910.xml">creativ</link><link ns0:type="simple" ns0:href="../406/10406.xml">emot</link><link ns0:type="simple" ns0:href="../186/216186.xml">explan</link><link ns0:type="simple" ns0:href="../177/5177.xml">commun</link>lie basic task identif place object peopl exampl<link ns0:type="simple" ns0:href="../309/485309.xml">face percept</link><link ns0:type="simple" ns0:href="../401/602401.xml">facial recognit system</link>argu analog core cognit<person wordnetid="100007846" confidence="0.9508927676800064"><professor wordnetid="110480730" confidence="0.9173553029164789"><writer wordnetid="110794014" confidence="0.9508927676800064"><link ns0:type="simple" ns0:href="../758/8758.xml">hofstadt</link></writer></professor></person>gentner al specif analog languag compris<link ns0:type="simple" ns0:href="../233/1646233.xml">exemplif</link><link ns0:type="simple" ns0:href="../936/553936.xml">comparison</link><link ns0:type="simple" ns0:href="../518/20518.xml">metaphor</link><link ns0:type="simple" ns0:href="../860/28860.xml">simil</link><link ns0:type="simple" ns0:href="../837/1837.xml">allegori</link><link ns0:type="simple" ns0:href="../463/150463.xml">parabl</link><link ns0:type="simple" ns0:href="../715/72715.xml">metonymi</link>phrase word<link ns0:type="simple" ns0:href="../140/567140.xml" />reli analog understand receiv<link ns0:type="simple" ns0:href="../367/41367.xml">messag</link>includ analog<link ns0:type="simple" ns0:href="../177/590177.xml">ordinari languag</link><link ns0:type="simple" ns0:href="../147/5147.xml">common sens</link><link ns0:type="simple" ns0:href="../529/23529.xml">proverb</link><link ns0:type="simple" ns0:href="../563/47563.xml">idiom</link>exampl applic<link ns0:type="simple" ns0:href="../700/26700.xml">scienc</link><link ns0:type="simple" ns0:href="../155/13692155.xml">philosophi</link><link ns0:type="simple" ns0:href="../132/53132.xml">human</link>concept<link ns0:type="simple" ns0:href="../334/569334.xml">associ</link><link ns0:type="simple" ns0:href="../936/553936.xml">comparison</link><link ns0:type="simple" ns0:href="../956/392956.xml">correspond</link><link ns0:type="simple" ns0:href="../432/142432.xml">mathemat</link><link ns0:type="simple" ns0:href="../431/142431.xml">morpholog homolog</link><link ns0:type="simple" ns0:href="../564/13564.xml">homomorph</link><link ns0:type="simple" ns0:href="../712/72712.xml">icon</link><link ns0:type="simple" ns0:href="../828/14828.xml">isomorph</link><link ns0:type="simple" ns0:href="../518/20518.xml">metaphor</link><link ns0:type="simple" ns0:href="../746/2987746.xml">resembl</link><link ns0:type="simple" ns0:href="../523/532523.xml">similar</link>close analog<link ns0:type="simple" ns0:href="../711/72711.xml">cognit linguist</link>notion<link ns0:type="simple" ns0:href="../710/72710.xml">conceptu metaphor</link>equival analog<p>analog studi discuss<link ns0:type="simple" ns0:href="../905/252905.xml">classic antiqu</link>philosoph scientist<link ns0:type="simple" ns0:href="../668/18949668.xml">law</link>yer decad renew interest analog notabl<link ns0:type="simple" ns0:href="../626/5626.xml">cognit scienc</link></p><sec><st>usag term sourc target</st><p>respect term sourc target distinct tradit usag</p><p><list><entry level="1" type="bullet">logic mathemat tradit speak arrow<link ns0:type="simple" ns0:href="../564/13564.xml">homomorph</link><link ns0:type="simple" ns0:href="../931/516931.xml">map</link><link ns0:type="simple" ns0:href="../520/19520.xml">morphism</link>typic complex domain sourc typic complex<link ns0:type="simple" ns0:href="../264/50264.xml">codomain</link>target sens mathemat<link ns0:type="simple" ns0:href="../869/5869.xml">categori theori</link></entry></list></p><p><list><entry level="1" type="bullet">tradit appear common<link ns0:type="simple" ns0:href="../961/5961.xml">cognit psycholog</link><link ns0:type="simple" ns0:href="../119/51119.xml">literari theori</link>special<link ns0:type="simple" ns0:href="../155/13692155.xml">philosophi</link><link ns0:type="simple" ns0:href="../225/3729225.xml">logic</link>speak map typic familiar area experi sourc typic problemat area experi target</entry></list></p></sec><sec><st>model theori analog</st><ss1><st>ident relat</st><p>ancient<language wordnetid="106282651" confidence="0.9508927676800064"><link ns0:type="simple" ns0:href="../887/11887.xml">greek</link></language>word analogia origin meant<link ns0:type="simple" ns0:href="../863/81863.xml">proportion</link>mathemat sens translat<language wordnetid="106282651" confidence="0.9508927676800064"><link ns0:type="simple" ns0:href="../730/17730.xml">latin</link></language>proportio analog understood ident relat<link ns0:type="simple" ns0:href="../362/22362.xml">order pair</link>mathemat natur<person wordnetid="100007846" confidence="0.9508927676800064"><philosopher wordnetid="110423589" confidence="0.9508927676800064"><link ns0:type="simple" ns0:href="../631/14631.xml">kant</link></philosopher></person><link ns0:type="simple" ns0:href="../047/549047.xml">critiqu judgment</link>held notion kant argu exactli<link ns0:type="simple" ns0:href="../117/6117.xml">relat</link>complet object notion analog<body wordnetid="107965085" confidence="0.8"><social_group wordnetid="107950920" confidence="0.8"><political_orientation wordnetid="106212839" confidence="0.8"><colony wordnetid="108374049" confidence="0.8"><state wordnetid="108168978" confidence="0.8"><political_unit wordnetid="108359949" confidence="0.8"><group wordnetid="100031264" confidence="0.8"><democracy wordnetid="106217103" confidence="0.8"><link ns0:type="simple" ns0:href="../750/3434750.xml" /></democracy></group></political_unit></state></colony></political_orientation></social_group></body>base<process wordnetid="105701363" confidence="0.8"><inquiry wordnetid="105797597" confidence="0.8"><thinking wordnetid="105770926" confidence="0.8"><problem_solving wordnetid="105796750" confidence="0.8"><experiment wordnetid="105798043" confidence="0.8"><trial wordnetid="105799212" confidence="0.8"><higher_cognitive_process wordnetid="105770664" confidence="0.8"><link ns0:type="simple" ns0:href="../716/144716.xml">sat</link></higher_cognitive_process></trial></experiment></problem_solving></thinking></inquiry></process>test includ analog question form exampl hand palm foot ____ question aristotelian format<indent level="1">hand palm foot ____</indent>worth note compet<language wordnetid="106282651" confidence="0.8"><link ns0:type="simple" ns0:href="../916/8569916.xml">english</link></language>speaker will answer analog question sole difficult identifi describ exact relat hold hand palm foot sole relat appar<link ns0:type="simple" ns0:href="../500/768500.xml">lexic definit</link>palm sole defin inner surfac hand undersid foot analog<link ns0:type="simple" ns0:href="../ury/30th_century.xml">abstract</link>cognit process analog easier</p><p>comput algorithm achiev humanlevel perform multiplechoic analog question<process wordnetid="105701363" confidence="0.8"><inquiry wordnetid="105797597" confidence="0.8"><thinking wordnetid="105770926" confidence="0.8"><problem_solving wordnetid="105796750" confidence="0.8"><experiment wordnetid="105798043" confidence="0.8"><trial wordnetid="105799212" confidence="0.8"><higher_cognitive_process wordnetid="105770664" confidence="0.8"><link ns0:type="simple" ns0:href="../716/144716.xml">sat</link></higher_cognitive_process></trial></experiment></problem_solving></thinking></inquiry></process>test turney algorithm measur similar relat pair similar pair handpalm footsol statist analysi larg collect text answer sat question select choic highest relat similar</p></ss1><ss1><st>share abstract</st><p><image location="right" width="300px" src="Crepuscular_rays8_-_NOAA.jpg" type="thumb"><caption><link ns0:type="simple" ns0:href="../508/19159508.xml">cultur</link><link ns0:type="simple" ns0:href="../751/26751.xml">sun</link>sourc analog<link ns0:type="simple" ns0:href="../765/5042765.xml">god</link></caption></image>greek philosoph<person wordnetid="100007846" confidence="0.9508927676800064"><philosopher wordnetid="110423589" confidence="0.9508927676800064"><link ns0:type="simple" ns0:href="../954/22954.xml">plato</link></philosopher></person><person wordnetid="100007846" confidence="0.9508927676800064"><philosopher wordnetid="110423589" confidence="0.9508927676800064"><link ns0:type="simple" ns0:href="../308/308.xml">aristotl</link></philosopher></person>wider notion analog analog share abstract shelley analog object share relat<link ns0:type="simple" ns0:href="../999/161999.xml">idea</link><link ns0:type="simple" ns0:href="../351/68351.xml">pattern</link><link ns0:type="simple" ns0:href="../992/336992.xml">regular</link><link ns0:type="simple" ns0:href="../738/40738.xml">attribut</link><link ns0:type="simple" ns0:href="../492/317492.xml" /><link>function</link>author accept comparison metaphor imag allegori valid<link ns0:type="simple" ns0:href="../310/13018310.xml">argument</link>call analog analog abstract easier understand confid</p><p><link ns0:type="simple" ns0:href="../836/18836.xml">middl age</link>increas theoriz analog<site wordnetid="108651247" confidence="0.9508927676800064"><village wordnetid="108672738" confidence="0.9508927676800064"><link ns0:type="simple" ns0:href="../458/25458.xml">roman</link></village></site>lawyer analog reason greek word analogia mediev lawyer distinguish analogia legi analogia iuri<link ns0:type="simple" ns0:href="../133/1978133.xml">islam logic</link>analog reason process<link ns0:type="simple" ns0:href="../045/822045.xml">qiya</link><physical_entity wordnetid="100001930" confidence="0.8"><causal_agent wordnetid="100007347" confidence="0.8"><link ns0:type="simple" ns0:href="../211/5211.xml">christian</link></causal_agent></physical_entity><link ns0:type="simple" ns0:href="../503/30503.xml">theolog</link>analog argument accept order explain attribut<link ns0:type="simple" ns0:href="../765/5042765.xml">god</link><person wordnetid="100007846" confidence="0.9508927676800064"><philosopher wordnetid="110423589" confidence="0.9508927676800064"><saint wordnetid="110546850" confidence="0.9508927676800064"><link ns0:type="simple" ns0:href="../716/30716.xml">aquina</link></saint></philosopher></person>distinct equivoc univoc analog term healthi mean person healthi food good health contemporari distinct<link ns0:type="simple" ns0:href="../327/155327.xml">polysemi</link><link ns0:type="simple" ns0:href="../126/148126.xml">homonymi</link><physical_entity wordnetid="100001930" confidence="0.8"><person wordnetid="100007846" confidence="0.8"><philosopher wordnetid="110423589" confidence="0.8"><priest wordnetid="110470779" confidence="0.8"><bishop wordnetid="109857200" confidence="0.8"><cardinal wordnetid="109894143" confidence="0.8"><intellectual wordnetid="109621545" confidence="0.8"><archbishop wordnetid="109805151" confidence="0.8"><clergyman wordnetid="109927451" confidence="0.8"><leader wordnetid="109623038" confidence="0.8"><spiritual_leader wordnetid="109505153" confidence="0.8"><causal_agent wordnetid="100007347" confidence="0.8"><scholar wordnetid="110557854" confidence="0.8"><link ns0:type="simple" ns0:href="../245/1338245.xml">thoma cajetan</link></scholar></causal_agent></spiritual_leader></leader></clergyman></archbishop></intellectual></cardinal></bishop></priest></philosopher></person></physical_entity>wrote influenti treatis analog case wide platon aristotelian notion analog preserv</p></ss1><ss1><st>special case induct</st><p>contrari<link ns0:type="simple" ns0:href="../319/11319.xml">bacon</link><person wordnetid="100007846" confidence="0.9508927676800064"><philosopher wordnetid="110423589" confidence="0.9508927676800064"><link ns0:type="simple" ns0:href="../626/15626.xml">mill</link></philosopher></person>argu analog simpli special case induct shelley view analog<link ns0:type="simple" ns0:href="../736/393736.xml">induct</link>infer common attribut<link ns0:type="simple" ns0:href="../934/22934.xml">probabl</link>common attribut sourc analog form<list><entry level="1" type="definition">premis</entry><entry level="1" type="indent" /><entry level="1" type="indent" /><entry level="1" type="definition">conclus</entry><entry level="1" type="indent" /><entry level="1" type="definition">altern conclus</entry><entry level="1" type="indent" /></list></p><p>view accept analog autonom mode thought infer<link ns0:type="simple" ns0:href="../203/49203.xml">reduc</link>induct autonom analog argument scienc philosophi human reduct philosoph uninterest induct achiev gener conclus analog</p></ss1><ss1><st>hidden deduct</st><p>opposit move reduc analog deduct argu analog argument partial superflu render<link ns0:type="simple" ns0:href="../093/61093.xml">deduct</link>state<link ns0:type="simple" ns0:href="../337/7993337.xml">premis</link>hidden univers proposit appli sourc target view argument form<list><entry level="1" type="definition">premis</entry><entry level="1" type="indent">analog</entry><entry level="1" type="indent" /><entry level="1" type="definition">conclus</entry><entry level="1" type="indent">plausibl</entry></list><list><entry level="1" type="definition">hidden univers premis</entry><entry level="1" type="indent">gs plausibl fs</entry><entry level="1" type="definition">hidden singular premis</entry><entry level="1" type="indent" /><entry level="1" type="definition">conclus</entry><entry level="1" type="indent">plausibl</entry></list>premis refer sourc analog relat superflu find plausibl<link ns0:type="simple" ns0:href="../920/29920.xml">true</link>univers premis replac analog premis juth analog argument distinct cognit process</p></ss1><ss1><st>share structur</st><p><image location="left" width="300px" src="Latimeria_chalumnae01.jpg" type="thumb"><caption>shelley studi<link ns0:type="simple" ns0:href="../503/45503.xml">coelacanth</link>drew heavili analog fish</caption></image>contemporari cognit scientist wide notion analog<link ns0:type="simple" ns0:href="../095/39095.xml">extension</link>close plato aristotl frame structur map theori<link ns0:type="simple" ns0:href="../260/1940260.xml">dedr gentner</link>al idea<link ns0:type="simple" ns0:href="../937/18937.xml">map</link>sourc target<link ns0:type="simple" ns0:href="../710/72710.xml">conceptu metaphor</link>theorist structur map theori concern<link ns0:type="simple" ns0:href="../921/22921.xml">psycholog</link><link ns0:type="simple" ns0:href="../323/5323.xml">comput scienc</link></p><p>view analog depend<mathematical_relation wordnetid="113783581" confidence="0.8"><idea wordnetid="105833840" confidence="0.8"><concept wordnetid="105835747" confidence="0.8"><function wordnetid="113783816" confidence="0.8"><link ns0:type="simple" ns0:href="../931/516931.xml">map</link></function></concept></idea></mathematical_relation>align element sourc target map take place object relat object relat relat map yield assign predic relat target</p><p>structur map theori appli consider confirm<link ns0:type="simple" ns0:href="../921/22921.xml">psycholog</link>reason success comput scienc artifici intellig studi extend approach specif subject<link ns0:type="simple" ns0:href="../518/20518.xml">metaphor</link><link ns0:type="simple" ns0:href="../523/532523.xml">similar</link>gentner al gentner public</p><p><link ns0:type="simple" ns0:href="../962/5644962.xml">keith holyoak</link><link ns0:type="simple" ns0:href="../043/3820043.xml">paul thagard</link>develop multiconstraint theori structur map theori defend<link ns0:type="simple" ns0:href="../495/231495.xml">coher</link>analog depend structur consist<link ns0:type="simple" ns0:href="../135/1473135.xml">semant similar</link><link ns0:type="simple" ns0:href="../444/191444.xml">purpos</link>structur consist maxim analog<link ns0:type="simple" ns0:href="../828/14828.xml">isomorph</link>lower level admit similar demand map connect element relat sourc target level abstract maxim ident relat connect element ident attribut analog achiev purpos insofar help solv problem hand multiconstraint theori face difficulti multipl sourc overcom shelley hummel holyoak recast multiconstraint theori<link ns0:type="simple" ns0:href="../542/1729542.xml">neural network</link>architectur</p><p>problem multiconstraint theori aris concept similar respect analog comput applic demand ident attribut relat level abstract<link ns0:type="simple" ns0:href="../482/682482.xml">human</link>analog</p></ss1><ss1><st>highlevel percept</st><p><person wordnetid="100007846" confidence="0.9508927676800064"><professor wordnetid="110480730" confidence="0.9173553029164789"><writer wordnetid="110794014" confidence="0.9508927676800064"><link ns0:type="simple" ns0:href="../758/8758.xml">dougla hofstadt</link></writer></professor></person>team chalmer al challeng share structur theori applic comput scienc argu<link ns0:type="simple" ns0:href="../140/25140.xml">percept</link>includ highlevel percept analog thought fact analog occur time highlevel percept highlevel percept human<link ns0:type="simple" ns0:href="../920/16920.xml">represent</link>select relev inform lowlevel<link ns0:type="simple" ns0:href="../399/569399.xml">stimuli</link>percept analog analog highlevel percept chalmer al conclud analog highlevel percept forbu al claim metaphor argu morrison dietrich hofstadt gentner group defend opposit view deal aspect analog</p></ss1></sec><sec><st>applic type analog</st><ss1><st>rhetor</st><p><list><entry level="1" type="bullet">analog<link ns0:type="simple" ns0:href="../649/2917649.xml">spoken</link><link ns0:type="simple" ns0:href="../977/32977.xml">textual</link>comparison set highlight form<link ns0:type="simple" ns0:href="../107/29107.xml">semant</link>similar analog strengthen<link ns0:type="simple" ns0:href="../986/22986.xml">polit</link><link ns0:type="simple" ns0:href="../155/13692155.xml">philosoph</link><link ns0:type="simple" ns0:href="../310/13018310.xml">argument</link>semant similar weak nonexist craft care audienc</entry></list></p></ss1><ss1><st>linguist</st><p><list><entry level="1" type="bullet">analog<link ns0:type="simple" ns0:href="../526/17526.xml">linguist</link>process reduc word form perceiv irregular remak shape common form govern rule exampl<language wordnetid="106282651" confidence="0.8"><link ns0:type="simple" ns0:href="../916/8569916.xml">english</link></language><link ns0:type="simple" ns0:href="../354/37354.xml">verb</link><link ns0:type="simple" ns0:href="../103/215103.xml">preterit</link>holp participl holpen<link ns0:type="simple" ns0:href="../563/241563.xml">obsolet</link>form discard replac help power analog widen applic<link ns0:type="simple" ns0:href="../368/894368.xml">product</link>verb rule call<link ns0:type="simple" ns0:href="../452/16020452.xml">level</link>irregular form creat analog exampl<speech wordnetid="107109196" confidence="0.8"><dialect wordnetid="107155661" confidence="0.8"><auditory_communication wordnetid="107109019" confidence="0.8"><language wordnetid="106282651" confidence="0.8"><non-standard_speech wordnetid="107155081" confidence="0.8"><link ns0:type="simple" ns0:href="../890/1890.xml">american english</link></non-standard_speech></language></auditory_communication></dialect></speech>tens form dive dove form analog drive drove</entry><entry level="1" type="bullet"><link ns0:type="simple" ns0:href="../907/153907.xml">neolog</link>form analog exist good exampl<link ns0:type="simple" ns0:href="../309/5309.xml">softwar</link>form analog<link ns0:type="simple" ns0:href="../615/13615.xml">hardwar</link>analog neolog<link ns0:type="simple" ns0:href="../155/41155.xml">firmwar</link><link ns0:type="simple" ns0:href="../087/60087.xml">vaporwar</link>exampl humor term underwhelm form analog overwhelm</entry><entry level="1" type="bullet">analog present altern mechan<link ns0:type="simple" ns0:href="../848/443848.xml">gener rule</link>explain<link ns0:type="simple" ns0:href="../368/894368.xml">product</link>format structur argu fact mechan rule analog entrench standard part linguist system clearer case analog simpli langack view obviou reson current view analog cognit scienc discuss</entry></list></p></ss1><ss1><st>scienc</st><p>analog theoret appli scienc form model simul consid strong analog weaker analog assist understand describ function behaviour system instanc analog commonli electron textbook compar electr circuit hydraul exampl<link ns0:type="simple" ns0:href="../195/8504195.xml">analog ear</link>base electr electron mechan devic</p></ss1><ss1><st>mathemat</st><p>type analog precis<link ns0:type="simple" ns0:href="../831/18831.xml">mathemat</link>formul concept<link ns0:type="simple" ns0:href="../828/14828.xml">isomorph</link>detail mathemat structur type analog thought<link ns0:type="simple" ns0:href="../942/3942.xml">biject</link>preserv relev structur exampl<math>bbbr</math><math>bbbc</math>isomorph vector space<link>complex number</link><math>bbbc</math>structur<math>bbbr</math><math>bbbc</math><link ns0:type="simple" ns0:href="../603/10603.xml">field</link>well<link ns0:type="simple" ns0:href="../370/32370.xml">vector space</link></p><p><link ns0:type="simple" ns0:href="../869/5869.xml">categori theori</link>take idea mathemat analog concept<link ns0:type="simple" ns0:href="../987/10987.xml">functor</link>categori functor thought analog map object object arrow arrow composit structur categori preserv<link ns0:type="simple" ns0:href="../533/103533.xml#xpointer(//*[./st=%22Shared+structure%22])">structur map theori analog</link>dedr gentner formal idea analog function satisfi condit</p></ss1><ss1><st>artifici intellig</st><p><link ns0:type="simple" ns0:href="../333/170333.xml">casebas reason</link></p></ss1><ss1><st>anatomi</st><p><indent level="1"><link ns0:type="simple" ns0:href="../816/1460816.xml">analog biolog</link></indent><link ns0:type="simple" ns0:href="../674/674.xml">anatomi</link>anatom structur consid analog serv<link ns0:type="simple" ns0:href="../191/170191.xml">function</link><link ns0:type="simple" ns0:href="../236/9236.xml">evolut</link>arili<link ns0:type="simple" ns0:href="../409/19166409.xml">leg</link><link ns0:type="simple" ns0:href="../856/36856.xml">vertebr</link>leg<link ns0:type="simple" ns0:href="../944/14944.xml">insect</link>analog structur result<link ns0:type="simple" ns0:href="../804/82804.xml">converg evolut</link>contrast<link ns0:type="simple" ns0:href="../431/142431.xml">homolog</link>structur</p></ss1><ss1><st>moral</st><p>analog reason play<link ns0:type="simple" ns0:href="../254/43254.xml">moral</link>moral suppos imparti fair wrong situat situat analog relev featur wrong perform action situat<link ns0:type="simple" ns0:href="../485/9398485.xml">moral particular</link>accept analog moral reason reject deduct induct moral principl</p></ss1><ss1><st>law</st><p><link ns0:type="simple" ns0:href="../668/18949668.xml">law</link>analog resolv issu previou author distinct analog reason written law analog<link ns0:type="simple" ns0:href="../004/23004.xml">preced</link><link ns0:type="simple" ns0:href="../403/215403.xml">case law</link></p><ss2><st>analog code statut</st><p><link ns0:type="simple" ns0:href="../798/1048798.xml">civil law</link>system preemin sourc law<link ns0:type="simple" ns0:href="../297/2457297.xml">legal code</link><link ns0:type="simple" ns0:href="../783/26783.xml">statut</link><link ns0:type="simple" ns0:href="../073/1209073.xml">lacuna</link>gap aris specif issu explicitli dealt written law judg will identifi provis purpos appli case hand process reach high degre sophist judg specif provis fill lacuna gap provis underli<link ns0:type="simple" ns0:href="../444/191444.xml">purpos</link>infer gener<link ns0:type="simple" ns0:href="../460/4095460.xml">principl</link>law identifi<link ns0:type="simple" ns0:href="../622/661622.xml">legisl</link><link ns0:type="simple" ns0:href="../521/1102521.xml">judgement</link>analog drawn frequent fill lacuna analog commonli provis order achiev substanti<link ns0:type="simple" ns0:href="../495/231495.xml">coher</link>analog previou judici decis common decis bind<link ns0:type="simple" ns0:href="../653/170653.xml">author</link></p></ss2><ss2><st>analog preced case law</st><p>contrast<link ns0:type="simple" ns0:href="../254/5254.xml">common law</link>system preced case primari sourc law analog code statut rare coher system incurs common law analog drawn preced case judg find fact case hand extent analog applic rule establish previou case justifi</p></ss2></ss1><ss1><st>engin</st><p>physic<link ns0:type="simple" ns0:href="../718/72718.xml">prototyp</link>built model repres physic object exampl<link ns0:type="simple" ns0:href="../247/38247.xml">wind tunnel</link>test scale model wing aircraft analog fullsiz wing aircraft</p><p>exampl<computer wordnetid="103082979" confidence="0.8"><artifact wordnetid="100021939" confidence="0.8"><instrumentality wordnetid="103575240" confidence="0.8"><device wordnetid="103183080" confidence="0.8"><machine wordnetid="103699975" confidence="0.8"><link ns0:type="simple" ns0:href="../105/2110105.xml">moniac</link></machine></device></instrumentality></artifact></computer><link ns0:type="simple" ns0:href="../ury/25th_century.xml">analog comput</link>flow water pipe analog flow money economi</p></ss1></sec><sec><st /><p><list><entry level="1" type="bullet">list thinkingrel topic</entry><entry level="1" type="bullet"><link ns0:type="simple" ns0:href="../710/72710.xml">conceptu metaphor</link></entry><entry level="1" type="bullet"><link ns0:type="simple" ns0:href="../603/540603.xml">conceptu blend</link></entry><entry level="1" type="bullet"><idea wordnetid="105833840" confidence="0.8"><misconception wordnetid="105893653" confidence="0.8"><fallacy wordnetid="105893916" confidence="0.8"><link ns0:type="simple" ns0:href="../025/1116025.xml">fals analog</link></fallacy></misconception></idea></entry><entry level="1" type="bullet">portal think</entry><entry level="1" type="bullet"><link ns0:type="simple" ns0:href="../518/20518.xml">metaphor</link></entry><entry level="1" type="bullet"><link ns0:type="simple" ns0:href="../837/1837.xml">allegori</link></entry></list></p></sec><sec><st>extern link refer</st><p><image location="none" width="50px" src="Wiktionary-logo-en.svg"><caption>wiktionari</caption></image><web_site wordnetid="106359193" confidence="0.9508927676800064"><link ns0:type="simple" ns0:href="../658/156658.xml">wiktionari</link></web_site>free dictionari</p><p><list><entry level="1" type="bullet"><weblink ns0:type="simple" ns0:href="http://etext.lib.virginia.edu/cgi-local/DHI/dhi.cgi?id=dv1-09">dictionari histori idea</weblink>analog earli greek thought</entry><entry level="1" type="bullet"><weblink ns0:type="simple" ns0:href="http://etext.lib.virginia.edu/cgi-local/DHI/dhi.cgi?id=dv1-10">dictionari histori idea</weblink>analog patrist mediev thought</entry><entry level="1" type="bullet"><weblink ns0:type="simple" ns0:href="http://plato.stanford.edu/entries/analogy-medieval/">stanford encyclopedia philosophi</weblink>mediev theori analog</entry><entry level="1" type="bullet"><weblink ns0:type="simple" ns0:href="http://www.psych.northwestern.edu/psych/people/faculty/gentner/publications2.htm">dedr gentner public</weblink>analog download</entry><entry level="1" type="bullet"><weblink ns0:type="simple" ns0:href="http://www.coe.uga.edu/twa/">shawn glynn public</weblink>teach analog download</entry><entry level="1" type="bullet"><weblink ns0:type="simple" ns0:href="http://reasoninglab.psych.ucla.edu/KeithPublications.htm">keith holyoak public</weblink>analog download</entry><entry level="1" type="bullet"><weblink ns0:type="simple" ns0:href="http://nbu.bg/cogs/personal/kokinov/index.html">boicho kokinov public</weblink>analog download</entry><entry level="1" type="bullet">chalmer dj al chalmer dj french rm hofstadt<weblink ns0:type="simple" ns0:href="http://consc.net/papers/highlevel.pdf">highlevel percept represent analog</weblink></entry><entry level="1" type="bullet">forbu al<weblink ns0:type="simple" ns0:href="http://www.psych.northwestern.edu/psych/people/faculty/gentner/newpdfpapers/ForbusGentner98.pdf">analog highlevel percept</weblink></entry><entry level="1" type="bullet">gentner holyoak kj kokinov ed<weblink ns0:type="simple" ns0:href="http://cognet.mit.edu/library/books/view?isbn=0262571390">analog mind perspect cognit scienc</weblink>cambridg ma mit press isbn</entry><entry level="1" type="bullet">hofstadt<weblink ns0:type="simple" ns0:href="http://prelectur.stanford.edu/lecturers/hofstadter/analogy.html">analog core cognit</weblink><link ns0:type="simple" ns0:href="../260/1940260.xml">dedr gentner</link><link ns0:type="simple" ns0:href="../962/5644962.xml">keith holyoak</link><physical_entity wordnetid="100001930" confidence="0.8"><person wordnetid="100007846" confidence="0.8"><causal_agent wordnetid="100007347" confidence="0.8"><scientist wordnetid="110560637" confidence="0.8"><link ns0:type="simple" ns0:href="../389/3559389.xml">boicho kokinov</link></scientist></causal_agent></person></physical_entity>ed analog mind perspect cognit scienc cambridg ma mit press<link>bradford book</link></entry><entry level="1" type="bullet">holland jh holyoak kj nisbett thagard<weblink ns0:type="simple" ns0:href="http://cognet.mit.edu/library/books/view?isbn=0262580969">induct process infer learn discoveri</weblink>cambridg ma mit press isbn</entry><entry level="1" type="bullet">holyoak kj thagard<weblink ns0:type="simple" ns0:href="http://cognet.mit.edu/library/books/view?isbn=0262581442">mental leap analog creativ thought</weblink>cambridg ma mit press isbn</entry><entry level="1" type="bullet">holyoak kj thagard<weblink ns0:type="simple" ns0:href="http://cogsci.uwaterloo.ca/Articles/Pages/Analog.Mind.html">analog mind</weblink></entry><entry level="1" type="bullet">hummel je holyoak kj<weblink ns0:type="simple" ns0:href="http://reasoninglab.psych.ucla.edu/KH%20pdfs/hummel holyoak_cdips_2005.pdf">relat reason neural plausibl cognit architectur</weblink></entry><entry level="1" type="bullet">itkonen analog structur process amsterdamphiladelphia john benjamin publish compani</entry><entry level="1" type="bullet">juth<weblink ns0:type="simple" ns0:href="http://www.cs.hut.fi/Opinnot/T-93.850/2005/Papers/juthe2005-analogy.pdf">argument analog</weblink>argument</entry><entry level="1" type="bullet">kokinov<weblink ns0:type="simple" ns0:href="http://nbu.bg/cogs/personal/kokinov/ambr94.pdf">hybrid model reason analog</weblink></entry><entry level="1" type="bullet">kokinov petrov<weblink ns0:type="simple" ns0:href="http://nbu.bg/cogs/personal/kokinov/Analogy Memory(2002).pdf">integr memori reason analogymak</weblink></entry><entry level="1" type="bullet">lamond<weblink ns0:type="simple" ns0:href="http://plato.stanford.edu/entries/legal-reas-prec/">preced analog legal reason</weblink><work wordnetid="104599396" confidence="0.8"><product wordnetid="104007894" confidence="0.8"><encyclopedia wordnetid="106427387" confidence="0.8"><creation wordnetid="103129123" confidence="0.8"><artifact wordnetid="100021939" confidence="0.8"><book wordnetid="106410904" confidence="0.8"><reference_book wordnetid="106417598" confidence="0.8"><publication wordnetid="106589574" confidence="0.8"><link ns0:type="simple" ns0:href="../356/357356.xml">stanford encyclopedia philosophi</link></publication></reference_book></book></artifact></creation></encyclopedia></product></work></entry><entry level="1" type="bullet">langack ronald foundat cognit grammar theoret prerequisit stanford stanford univers press</entry><entry level="1" type="bullet">analog scienc rhetor societi quarterli</entry><entry level="1" type="bullet">role analog georg gamow deriv drop energi technic commun quarterli</entry><entry level="1" type="bullet">morrison dietrich<weblink ns0:type="simple" ns0:href="http://eksl.cs.umass.edu/~clayton/publications/CogSci95/SM-v-HLP.pdf">structuremap highlevel percept</weblink></entry><entry level="1" type="bullet">shelley multipl analog scienc philosophi amsterdamphiladelphia john benjamin publish compani</entry><entry level="1" type="bullet">turney pd littman<weblink ns0:type="simple" ns0:href="http://arxiv.org/abs/cs.LG/0508103">corpusbas learn analog semant relat</weblink>machin learn</entry><entry level="1" type="bullet">turney pd<weblink ns0:type="simple" ns0:href="http://arxiv.org/abs/cs.CL/0608100">similar semant relat</weblink>comput linguist</entry></list></p><p><list><entry level="1" type="definition">applic exampl</entry><entry level="1" type="bullet"><weblink ns0:type="simple" ns0:href="http://student.dei.uc.pt/~racosta/jmapper">jmapper java librari analogymetaphor gener</weblink></entry></list></p></sec></bdy></argument></article>