<article xmlns:ns0="http://www.w3.org/1999/xlink"><physical_entity confidence="0.8" wordnetid="100001930"><person confidence="0.8" wordnetid="100007846"><causal_agent confidence="0.8" wordnetid="100007347"><scientist confidence="0.8" wordnetid="110560637"><research_worker confidence="0.8" wordnetid="110523076"><header><title>peter flach</title><id /><revision><id /><timestamp>tz</timestamp><contributor><username>zeno gantner</username><id /></contributor></revision><categories><category>artifici intellig research</category><category>british comput scientist</category><category>dutch comput scientist</category><category>machin learn research</category></categories></header><bdy>pieter adriaan flach born april dutch comput scientist<p>lead research field<link ns0:type="simple" ns0:href="../253/42253.xml">data mine</link><link ns0:type="simple" ns0:href="../488/233488.xml">machin learn</link>present professor artifici intellig depart comput scienc<university wordnetid="108286163" confidence="0.9508927676800064"><link ns0:type="simple" ns0:href="../991/60991.xml">univers bristol</link></university></p><sec><st>educ</st><p>flach receiv msc electr engin<link ns0:type="simple" ns0:href="../629/101629.xml">universiteit twent</link><link ns0:type="simple" ns0:href="../775/8775.xml">phd</link>comput scienc<university wordnetid="108286163" confidence="0.9508927676800064"><link>tilburg univers</link></university></p></sec><sec><st>extern link</st><p><list><entry level="1" type="bullet"><weblink ns0:type="simple" ns0:href="http://www.cs.bris.ac.uk/~flach">flach offici</weblink><link ns0:type="simple" ns0:href="../991/60991.xml">bristol univers</link></entry></list></p></sec></bdy></research_worker></scientist></causal_agent></person></physical_entity></article>