<article xmlns:ns0="http://www.w3.org/1999/xlink"><header><title>granular comput</title><id /><revision><id /><timestamp>tz</timestamp><contributor><username>vigiliu</username><id /></contributor></revision><categories><category>theoret comput scienc</category><category>machin learn</category></categories></header><bdy>granular comput emerg comput paradigm<link ns0:type="simple" ns0:href="../578/315578.xml">inform process</link>concern process complex inform entiti call inform granul process data abstract deriv knowledg inform gener speak inform granul collect entiti origin numer level arrang similar function adjac indistinguish coher<p>granular comput theoret perspect coher set method principl theoret perspect encourag approach data recogn exploit knowledg data level resolut scale sens encompass method provid flexibl adapt resolut knowledg inform extract repres</p><sec><st>type granul</st><p><image width="200 px" src="Catarina_26_mar_2004_1310Z.jpg" type="thumb"><caption>satellit view cyclon</caption></image><image width="200 px" src="NASA_Manhattan.jpg" type="thumb"><caption>satellit view manhattan</caption></image>mention granular comput algorithm process method call granular comput approach data recogn interest regular data appear level granular featur salient<link ns0:type="simple" ns0:href="../557/1184557.xml">satellit imag</link>greater lesser resolut low resolut satellit imag exampl notic interest cloud pattern repres<link ns0:type="simple" ns0:href="../970/910970.xml">cyclon</link>largescal weather phenomena higher resolut imag miss largescal atmospher phenomena notic smallerscal phenomena interest pattern street<village wordnetid="108672738" confidence="0.9508927676800064"><link ns0:type="simple" ns0:href="../470/45470.xml">manhattan</link></village>gener true data resolut granular featur relationship emerg aim granular comput ultim simpli advantag fact design effect machin learn reason system</p><p>type granular encount<link ns0:type="simple" ns0:href="../253/42253.xml">data mine</link><link ns0:type="simple" ns0:href="../488/233488.xml">machin learn</link>review</p><ss1><st>granul discretizationquant</st><p>type granul<link ns0:type="simple" ns0:href="../321/25321.xml">quantiz</link>variabl common data mine machin learn applic resolut variabl decreas order extract meaning regular exampl variabl temperatur<math>temp</math>applic record decim place accuraci depend sens apparatu purpos extract relationship temperatur number health club applic<math>club</math>will gener advantag quantiz temperatur smaller number interv</p><ss2><st>motiv</st><p>interrel reason granul variabl fashion<list><entry level="1" type="bullet">base prior domain knowledg expect minut variat temperatur differ influenc behavior drive number health club applic reason regular learn algorithm detect level resolut spuriou artifact overfit coarsen temperatur variabl interv differ anticip base prior domain knowledg influenc number health club applic elimin possibl detect spuriou pattern case reduc resolut method control<link ns0:type="simple" ns0:href="../332/173332.xml">overfit</link></entry><entry level="1" type="bullet">reduc number interv temperatur variabl increas grain size increas amount sampl data index interv design coarsen variabl increas sampl size achiev better statist estim sens increas granular antidot socal<link ns0:type="simple" ns0:href="../776/787776.xml">curs dimension</link>relat exponenti decreas statist power increas number dimens variabl cardin</entry><entry level="1" type="bullet">independ prior domain knowledg case meaning regular detect learn methodolog represent languag exist level resolut</entry></list></p><p><image width="200 px" src="Value_granulation.png" type="thumb"><caption>benefit granul implic exist resolut<math>x_iy_j</math>exist higher resolut<math>x_iy_j</math><math>foral x_iy_j x_i notto y_j</math>time<math>foral x_i exist y_j x_i leftrightarrow y_j</math></caption></image>exampl simpl learner pattern recognit system seek extract regular satisfi<link ns0:type="simple" ns0:href="../791/5791.xml">condit probabl</link>threshold<math>pyy_jxx_i ge alpha</math>special case<math>alpha</math>recognit system essenti detect<link ns0:type="simple" ns0:href="../333/169333.xml">logic implic</link>form<math>xx_i rightarrow yy_j</math><math>xx_i</math><math>yy_j</math>system abil recogn implic gener condit probabl exceed threshold partial conting resolut system analyz variabl</p><p>exampl point consid featur space variabl regard resolut variabl<math />regard high quaternari resolut take valu<math>x_ x_ x_ x_</math>lower binari resolut take valu<math>x_ x_</math>variabl<math />regard high quaternari resolut lower binari resolut take valu<math>y_ y_ y_ y_</math><math>y_ y_</math>will high resolut detect implic form<math>xx_i rightarrow yy_j</math><math>x_i</math>associ<math>y_j</math><math>x_i</math><math>pyy_jxx_i lt</math>low binari variabl resolut bilater implic detect<math>xx_ leftrightarrow yy_</math><math>xx_ leftrightarrow yy_</math><math>x_</math>occur iff<math>y_</math><math>x_</math>occur iff<math>y_</math>pattern recognit system scan implic kind find binari variabl resolut fail find higher quaternari variabl resolut</p></ss2><ss2><st>issu method</st><p>feasibl exhaust test discret resolut variabl order combin resolut yield interest featur space preprocess<link ns0:type="simple" ns0:href="../445/15445.xml">entropi</link>analysi kind guidanc discret process proceed gener achiev good naiv analyz discret variabl independ obliter interact hope discov</p><p>sampl paper address problem variabl discret gener multiplevari discret<link ns0:type="simple" ns0:href="#xpointer(//cite[@id=%22CITEREFChiuWongCheung1991%22])">chiu wong cheung</link><link ns0:type="simple" ns0:href="#xpointer(//cite[@id=%22CITEREFBay2001%22])">bay</link><link ns0:type="simple" ns0:href="#xpointer(//cite[@id=%22CITEREFLiuHussainTanDasii2002%22])">liu al</link><link ns0:type="simple" ns0:href="#xpointer(//cite[@id=%22CITEREFWangLiu1998%22])">wang liu</link><link ns0:type="simple" ns0:href="#xpointer(//cite[@id=%22CITEREFZighedRabas=C3=A9daRakotomalala1998%22])">zigh rabasda rakotomalala</link><link ns0:type="simple" ns0:href="#xpointer(//cite[@id=%22CITEREFCatlett1991%22])">catlett</link><link ns0:type="simple" ns0:href="#xpointer(//cite[@id=%22CITEREFDoughertyKohaviSahami1995%22])">dougherti kohavi sahami</link><link ns0:type="simple" ns0:href="#xpointer(//cite[@id=%22CITEREFMontiCooper1999%22])">monti cooper</link><link ns0:type="simple" ns0:href="#xpointer(//cite[@id=%22CITEREFFayyadIrani1993%22])">fayyad irani</link><link ns0:type="simple" ns0:href="#xpointer(//cite[@id=%22CITEREFChiuCheungWong1990%22])">chiu cheung wong</link><link ns0:type="simple" ns0:href="#xpointer(//cite[@id=%22CITEREFNguyenNguyen1998%22])">nguyen nguyen</link><link ns0:type="simple" ns0:href="#xpointer(//cite[@id=%22CITEREFGrzymala-BusseStefanowski2001%22])">grzymalabuss stefanowski</link><link ns0:type="simple" ns0:href="#xpointer(//cite[@id=%22CITEREFTing1994%22])">ting</link><link ns0:type="simple" ns0:href="#xpointer(//cite[@id=%22CITEREFLudlWidmer2000%22])">ludl widmer</link><link ns0:type="simple" ns0:href="#xpointer(//cite[@id=%22CITEREFPfahringer1995%22])">pfahring</link><link ns0:type="simple" ns0:href="#xpointer(//cite[@id=%22CITEREFAnCercone1999%22])">cercon</link><link ns0:type="simple" ns0:href="#xpointer(//cite[@id=%22CITEREFChiuCheung1989%22])">chiu cheung</link><link ns0:type="simple" ns0:href="#xpointer(//cite[@id=%22CITEREFChmielewskiGrzymala-Busse1996%22])">chmielewski grzymalabuss</link><link ns0:type="simple" ns0:href="#xpointer(//cite[@id=%22CITEREFLeeShin1994%22])">lee shin</link></p></ss2></ss1><ss1><st>variabl granul clusteringaggregationtransform</st><p>variabl granul term describ varieti techniqu aim reduc dimension redund storag requir describ idea pointer literatur</p><ss2><st>variabl transform</st><p>number classic method<link ns0:type="simple" ns0:href="../340/76340.xml">princip compon analysi</link><link ns0:type="simple" ns0:href="../786/398786.xml">multidimension scale</link><link ns0:type="simple" ns0:href="../492/253492.xml">factor analysi</link><link ns0:type="simple" ns0:href="../748/2007748.xml">structur equat model</link>rel fall genu variabl transform categori modern area studi<link ns0:type="simple" ns0:href="../867/579867.xml">dimension reduct</link><link ns0:type="simple" ns0:href="../368/2830368.xml">project pursuit</link><link ns0:type="simple" ns0:href="../031/598031.xml">independ compon analysi</link>common goal method gener find represent data term variabl linear nonlinear transform origin variabl statist relationship emerg variabl set smaller origin variabl set method loos impos granul featur space dimension reduct method review standard text<link ns0:type="simple" ns0:href="#xpointer(//cite[@id=%22CITEREFDudaHartStork2001%22])">duda hart stork</link><link ns0:type="simple" ns0:href="#xpointer(//cite[@id=%22CITEREFWittenFrank2005%22])">witten frank</link><link ns0:type="simple" ns0:href="#xpointer(//cite[@id=%22CITEREFHastieTibshiraniFriedman2001%22])">hasti tibshirani friedman</link></p></ss2><ss2><st>variabl aggreg</st><p>class variabl granul method deriv<link ns0:type="simple" ns0:href="../675/669675.xml">data cluster</link>methodolog linear system theori inform method fairli earli consid cluster variabl consid cluster data data cluster identifi group entiti measur similar suitabl domain sens replac entiti prototyp kind prototyp simpl averag data identifi cluster repres measur key idea subsequ oper singl prototyp data cluster statist model describ exemplar deriv prototyp stand larger set exemplar prototyp gener captur inform interest concern entiti</p><p><image width="400 px" src="Kraskov_tree.png" type="thumb"><caption>watanabekraskov variabl agglomer tree variabl agglomer unit bottomup mergenod repres construct variabl entropi equal joint entropi agglomer variabl agglomer mari variabl<math>x_</math><math>x_</math>individu entropi<math>hx_</math><math>hx_</math>yield singl<math />ari variabl<math>x_</math>entropi<math>hx_hx_x_</math><math>x_</math><math>x_</math>highli depend redund larg mutual inform<math>ix_x_</math><math>hx_</math>xa<math>hx_hx_</math><math>hx_x_hx_hx_ix_x_</math>consid parsimoni unit aggreg</caption></image>reason larg set variabl aggreg smaller set prototyp variabl captur salient relationship variabl variabl cluster method base<link ns0:type="simple" ns0:href="../057/157057.xml">linear correl</link>propos<link ns0:type="simple" ns0:href="#xpointer(//cite[@id=%22CITEREFDudaHartStork2001%22])">duda hart stork</link><link ns0:type="simple" ns0:href="#xpointer(//cite[@id=%22CITEREFRencher2002%22])">rencher</link>power method variabl cluster base<link ns0:type="simple" ns0:href="../282/427282.xml">mutual inform</link>variabl watanab<link ns0:type="simple" ns0:href="#xpointer(//cite[@id=%22CITEREFWatanabe1960%22])">watanab</link><link ns0:type="simple" ns0:href="#xpointer(//cite[@id=%22CITEREFWatanabe1969%22])">watanab</link>set variabl construct polytom nari tree repres seri variabl agglomer ultim total correl complet variabl set sum partial correl exhibit agglomer subset figur watanab suggest observ seek partit system minim interdepend part natur divis hidden crack</p><p>practic approach build tree success choos agglomer variabl atom variabl agglomer variabl highest pairwis mutual inform<cite class="inline"><link ns0:type="simple" ns0:href="#xpointer(//cite[@id=%22CITEREFKraskovSt=C3=B6gbauerAndrzejakGrassberger2003%22])">kraskov al</link></cite>product agglomer construct variabl reflect local<link ns0:type="simple" ns0:href="../637/879637.xml">joint distribut</link>agglomer variabl possess entropi equal<link ns0:type="simple" ns0:href="../967/910967.xml">joint entropi</link>procedur standpoint agglomer step involv replac column attributevalu tablerepres agglomer variableswith singl column uniqu uniqu combin valu replac column<cite class="inline"><link ns0:type="simple" ns0:href="#xpointer(//cite[@id=%22CITEREFKraskovSt=C3=B6gbauerAndrzejakGrassberger2003%22])">kraskov al</link></cite>inform lost oper explor data intervari relationship gener desir merg redund variabl context likl precis redund depend variabl interest redund variabl merg relationship longer studi</p><p><link ns0:type="simple" ns0:href="../239/189239.xml">olap aggreg</link>applic aggreg<link ns0:type="simple" ns0:href="../513/8513.xml">databas system</link></p></ss2></ss1><ss1><st>concept granul compon analysi</st><p>origin granular comput ideolog<link ns0:type="simple" ns0:href="../778/1634778.xml">rough set</link><link ns0:type="simple" ns0:href="../601/56601.xml">fuzzi set</link>literatur key insight rough set researchalthough uniqu iti gener select set featur variabl will yield concept granul elementari rough set theori concept set entiti indistinguish indiscern observ simpl concept set entiti compos simpl concept complex concept project data set<link ns0:type="simple" ns0:href="../482/7512482.xml">valueattribut system</link>set variabl recogn altern set equivalenceclass concept data set concept will gener conduc extract relationship regular</p><ss2><st>equival class granul</st><p>illustr exampl consid attributevalu system</p><p><indent level="1">classwikit styletextaligncent width border</indent>sampl inform system object<math>p_</math><math>p_</math><math>p_</math><math>p_</math><math>p_</math><math>o_</math><math>o_</math><math>o_</math><math>o_</math><math>o_</math><math>o_</math><math>o_</math><math>o_</math><math>o_</math><math>o_</math></p><p>full set attribut<math>p_p_p_p_p_</math>consid equival class primit simpl concept</p><p><indent level="1"><math>begincas o_o_ o_o_o_ o_ o_ o_ o_ o_ endcas</math></indent>object equival class<math>o_o_</math>distinguish base attribut three object second equival class<math>o_o_o_</math>distinguish base attribut remain object discern object imagin project attribut system attribut<math>p_</math>repres exampl view observ capabl detect singl attribut coarser equival class structur</p><p><indent level="1"><math>begincas o_o_ o_o_o_o_o_ o_o_o_ endcas</math></indent>regard structur lower degre resolut larger grain size case<link ns0:type="simple" ns0:href="#xpointer(//*[./st=%22Value+granulation+(discretization/quantization)%22])">granul discretizationquant</link>relationship depend emerg level granular exampl consid concept granul measur attribut depend simpler rel<link ns0:type="simple" ns0:href="../282/427282.xml">mutual inform</link></p><p>establish notion depend<link ns0:type="simple" ns0:href="../778/1634778.xml">rough set</link><math>x_q q_ q_ q_ dot q_n</math>repres concept granul<math>q_i</math>equival class concept structur induc attribut set<math />exampl attribut set<math />consist attribut<math>p_</math>concept structur<math>x_q</math>will compos<math>q_ o_o_</math><math>q_ o_o_o_o_o_</math><math>q_ o_o_o_</math>depend attribut set<math />attribut set<math /><math>gamma_pq</math></p><p><indent level="1"><math>gamma_pq fracleft sum_in underlin pq_i left mathbbu leq</math></indent>equival class<math>q_i</math><math>x_q</math>add size lower approxim<link ns0:type="simple" ns0:href="../778/1634778.xml">rough set</link>attribut<math /><math>underlin pq_i</math>simpli approxim number object attribut set<math />posit identifi belong target set<math>q_i</math>equival class<math>x_q</math>numer repres total number object whichbas attribut set<math />posit categor classif induc attribut<math />depend ratio express proport entir univers classifi object sens captur synchron concept structur<math>x_q</math><math>x_p</math>depend<math>gamma_pq</math>interpret proport object inform system suffic valu attribut<math />determin valu attribut<math />ziarko shan</p><p>definit simpl observ choic concept granular choic attribut will influenc detect depend attribut consid attribut tabl</p><p><indent level="1">classwikit styletextaligncent width border</indent>sampl inform system object<math>p_</math><math>p_</math><math>p_</math><math>p_</math><math>p_</math><math>o_</math><math>o_</math><math>o_</math><math>o_</math><math>o_</math><math>o_</math><math>o_</math><math>o_</math><math>o_</math><math>o_</math></p><p>consid depend attribut set<math>p_ p_</math>attribut set<math>p_ p_</math>proport object correctli classifi class<math>x_q</math>base knowledg<math>x_p</math>equival class<math>x_q</math><math>x_p</math></p><p><indent level="1">classwikit</indent><math>x_q</math><math>x_p</math><math>begincas o_o_ o_o_o_ o_o_o_ o_o_endcas</math><math>begincas o_o_ o_o_o_ o_o_ o_o_ o_endcas</math></p><p>object definit categor concept structur<math>x_q</math>base<math>x_p</math>set<math>o_o_o_o_o_o_</math>depend<math /><math /><math>gamma_pq</math>consid interest depend data mine applic stronger depend desir</p><p>consid depend smaller attribut set<math>p_</math>attribut set<math>p_ p_</math>move<math>p_ p_</math><math>p_</math>induc coarsen class structur<math>x_q</math>will shortli proport object correctli classifi larger class<math>x_q</math>base knowledg<math>x_p</math>equival class<math>x_q</math><math>x_p</math></p><p><indent level="1">classwikit</indent><math>x_q</math><math>x_p</math><math>begincas o_o_o_o_o_ o_o_o_o_o_ endcas</math><math>begincas o_o_ o_o_o_ o_o_ o_o_ o_endcas</math></p><p>clearli<math>x_q</math>coarser granular earlier object definit categor concept structur<math>x_q</math>base<math>x_p</math>constitut complet univers<math>o_o_ldotso_</math>depend<math /><math /><math>gamma_pq</math>knowledg membership categori set<math>x_p</math>adequ determin categori membership<math>x_q</math>complet certainti case<math>rightarrow</math>coarsen concept structur find stronger determinist depend note class induc<math>x_q</math>reduct resolut determinist depend larg number result depend strong valuabl weaker depend earlier higher resolut view<math>x_q</math></p><p>gener test set attribut induc concept structur yield strongest depend search guid intellig paper discuss issu relat intellig granul yy yao<link ns0:type="simple" ns0:href="../155/201155.xml">lofti zadeh</link>list<link ns0:type="simple" ns0:href="#xpointer(//*[./st=%22References%22])"><list><entry level="1" type="number">refer</entry></list></link></p></ss2><ss2><st>compon granul</st><p>perspect concept granul work parametr model categori<link ns0:type="simple" ns0:href="../681/871681.xml">mixtur model</link>learn exampl set data explain mixtur distinct<link ns0:type="simple" ns0:href="../462/21462.xml">gaussian</link>distribut larg amount data replac small number distribut choic number distribut size view problem concept granul gener better fit data larger number distribut paramet order extract meaning pattern constrain number distribut deliber coarsen concept resolut find concept resolut tricki problem method propos<link ns0:type="simple" ns0:href="../512/690512.xml">aic</link><link ns0:type="simple" ns0:href="../272/2473272.xml">bic</link><link ns0:type="simple" ns0:href="../325/331325.xml">mdl</link>frequent consid rubric<link ns0:type="simple" ns0:href="../061/2009061.xml">model regular</link></p></ss2></ss1></sec><sec><st>interpret granular comput</st><p>granular comput conceiv framework theori methodolog techniqu tool inform granul process problem solv sens granular comput umbrella term cover topic studi field isol examin exist studi light unifi framework granular comput extract common develop gener theori problem solv</p><p>philosoph sens granular comput describ think reli human abil perceiv real level granular abstract order abstract consid thing serv specif interest switch granular focus level granular level knowledg well greater understand inher knowledg structur granular comput essenti human problem solv impact design implement intellig system</p></sec><sec><st /><p><list><entry level="1" type="bullet"><system wordnetid="104377057" confidence="0.8"><artifact wordnetid="100021939" confidence="0.8"><instrumentality wordnetid="103575240" confidence="0.8"><link ns0:type="simple" ns0:href="../778/1634778.xml">rough set</link></instrumentality></artifact></system><link ns0:type="simple" ns0:href="../017/330017.xml">discret</link></entry></list></p></sec><sec><st>refer</st><p><list><entry level="1" type="bullet"><cite id="CITEREFAnCercone1999">aijun nick cercon<weblink ns0:type="simple" ns0:href="http://www.springerlink.com/content/l56xxg751cjx2hu7/">discret continu attribut learn classif rule</weblink>written<link ns0:type="simple" ns0:href="../746/18603746.xml">beij china</link>ning zhong lizhu zhou methodolog knowledg discoveri data mine proceed third pacificasia confer pakdd</cite></entry></list></p><p><list><entry level="1" type="bullet">bargiela pedrycz granular comput introduct kluwer academ publish</entry></list></p><p><list><entry level="1" type="bullet"><cite id="CITEREFBay2001">bay stephen<weblink ns0:type="simple" ns0:href="http://www.springerlink.com/content/x2ceg05lgaecqfcg/">multivari discret set mine</weblink>knowledg inform system xa</cite></entry></list></p><p><list><entry level="1" type="bullet"><cite id="CITEREFCatlett1991">catlett<weblink ns0:type="simple" ns0:href="http://portal.acm.org/citation.cfm?coll=GUIDE dl=GUIDE id=112164">chang continu attribut order discret attribut</weblink>written<link ns0:type="simple" ns0:href="../715/100715.xml">porto portug</link>kodratoff machin learningewsl european work session learn</cite></entry></list></p><p><list><entry level="1" type="bullet"><cite id="CITEREFChiuCheung1989">chiu david benni cheung hierarch maximum entropi discret written<link ns0:type="simple" ns0:href="../646/64646.xml">toronto canada</link>ryszard janicki waldemar koczkodaj comput inform proceed intern confer comput inform icci northholland</cite></entry></list></p><p><list><entry level="1" type="bullet"><cite id="CITEREFChiuCheungWong1990">chiu david benni cheung andrew wong inform synthesi base hierarch maximum entropi discret journal experiment theoret artifici intellig</cite></entry></list></p><p><list><entry level="1" type="bullet"><cite id="CITEREFChiuWongCheung1991">chiu david andrew wong benni cheung inform discoveri hierarch maximum entropi discret synthesi written<link ns0:type="simple" ns0:href="../685/5685.xml">cambridg ma</link>gregori piatetskyshapiro william frawley knowledg discoveri databas mit press</cite></entry></list></p><p><list><entry level="1" type="bullet"><cite id="CITEREFChmielewskiGrzymala-Busse1996">chmielewski michal jerzi grzymalabuss<weblink ns0:type="simple" ns0:href="http://kuscholarworks.ku.edu/dspace/bitstream/1808/412/1/j36-draft.pdf">global discret continu attribut preprocess machin learn</weblink>intern journal approxim reason</cite></entry></list></p><p><list><entry level="1" type="bullet"><cite id="CITEREFDoughertyKohaviSahami1995">dougherti jame ron kohavi mehran sahami<weblink ns0:type="simple" ns0:href="http://citeseer.ist.psu.edu/dougherty95supervised.html">supervis unsupervis discret continu featur</weblink>written<link ns0:type="simple" ns0:href="../855/107855.xml">taho citi</link>armand priediti stuart russel machin learn proceed twelfth intern confer icml morgan kaufmann</cite></entry></list></p><p><list><entry level="1" type="bullet"><cite id="CITEREFDudaHartStork2001">duda richard peter hart david stork written<region wordnetid="108630985" confidence="0.8"><administrative_district wordnetid="108491826" confidence="0.8"><location wordnetid="100027167" confidence="0.8"><district wordnetid="108552138" confidence="0.8"><country wordnetid="108544813" confidence="0.8"><link ns0:type="simple" ns0:href="../131/8210131.xml">york</link></country></district></location></administrative_district></region><weblink ns0:type="simple" ns0:href="http://www.wiley.com/WileyCDA/WileyTitle/productCd-0471056693.html">pattern classif</weblink>john wiley son</cite></entry></list></p><p><list><entry level="1" type="bullet"><cite id="CITEREFFayyadIrani1993">fayyad usama keki irani multiinterv discret continuousvalu attribut classif learn written<link>chambri franc</link>edit volum proceed thirteenth intern joint confer artifici intellig ijcai</cite></entry></list></p><p><list><entry level="1" type="bullet"><cite id="CITEREFGrzymala-BusseStefanowski2001">grzymalabuss jerzi jerzi stefanowski<weblink ns0:type="simple" ns0:href="http://www3.interscience.wiley.com/cgi-bin/abstract/76501018/ABSTRACT?CRETRY=1 SRETRY=0">three discret method rule induct</weblink>intern journal intellig system xa</cite></entry></list></p><p><list><entry level="1" type="bullet"><cite id="CITEREFHastieTibshiraniFriedman2001">hasti trevor robert tibshirani jerom friedman written<region wordnetid="108630985" confidence="0.8"><administrative_district wordnetid="108491826" confidence="0.8"><location wordnetid="100027167" confidence="0.8"><district wordnetid="108552138" confidence="0.8"><country wordnetid="108544813" confidence="0.8"><link ns0:type="simple" ns0:href="../131/8210131.xml">york</link></country></district></location></administrative_district></region><weblink ns0:type="simple" ns0:href="http://www.springer.com/west/home/generic/order?SGWID=4-40110-22-2190214-0">element statist learn data mine infer predict</weblink>springer</cite></entry></list></p><p><list><entry level="1" type="bullet"><cite id="CITEREFKraskovStögbauerAndrzejakGrassberger2003">kraskov alexand harald stgbauer ralph andrzejak al<weblink ns0:type="simple" ns0:href="http://arxiv.org/abs/q-bio/0311039">hierarch cluster base mutual inform</weblink>qbioqm manuscript</cite></entry></list></p><p><list><entry level="1" type="bullet"><cite id="CITEREFLeeShin1994">lee changhwan dongguk shin contextsensit discret numer attribut classif learn written<link ns0:type="simple" ns0:href="../844/844.xml">amsterdam netherland</link>cohn proceed european confer artifici intellig ecai</cite></entry></list></p><p><list><entry level="1" type="bullet"><cite id="CITEREFLiuHussainTanDasii2002">liu huan farhad hussain chew lim tan al<weblink ns0:type="simple" ns0:href="http://www.springerlink.com/content/tuxy32pw4lg6832m/">discret enabl techniqu</weblink>data mine knowledg discoveri xa</cite></entry></list></p><p><list><entry level="1" type="bullet"><cite id="CITEREFLudlWidmer2000">ludl marcuschristoph gerhard widmer<weblink ns0:type="simple" ns0:href="http://www.springerlink.com/content/37yrbu7fyg7484lt/">rel unsupervis discret associ rule mine</weblink>written<link ns0:type="simple" ns0:href="../634/8638634.xml">lyon franc</link>djamel zigh jan komorowski jan zytkow proceed european confer principl data mine knowledg discoveri pkdd</cite></entry></list></p><p><list><entry level="1" type="bullet"><cite id="CITEREFMontiCooper1999">monti stefano gregori cooper<weblink ns0:type="simple" ns0:href="http://citeseer.ist.psu.edu/monti99latent.html">latent variabl model multivari discret</weblink>written<link ns0:type="simple" ns0:href="../028/109028.xml">fort lauderdal fl</link>edit volum uncertainti intern workshop artifici intellig statist</cite></entry></list></p><p><list><entry level="1" type="bullet"><cite id="CITEREFNguyenNguyen1998">nguyen hung son sinh hoa nguyen discret method data mine written<location wordnetid="100027167" confidence="0.9508927676800064"><link ns0:type="simple" ns0:href="../743/46743.xml">heidelberg</link></location>lech polkowski andrzej skowron rough set knowledg discoveri methodolog applic physicaverlag</cite></entry></list></p><p><list><entry level="1" type="bullet"><cite id="CITEREFPfahringer1995">pfahring bernhard<weblink ns0:type="simple" ns0:href="http://citeseer.ist.psu.edu/pfahringer95compressionbased.html">compressionbas discret continu attribut</weblink>written<link ns0:type="simple" ns0:href="../855/107855.xml">taho citi</link>armand priediti stuart russel machin learn proceed twelfth intern confer icml morgan kaufmann</cite></entry></list></p><p><list><entry level="1" type="bullet"><cite id="CITEREFRencher2002">rencher alvin written<region wordnetid="108630985" confidence="0.8"><administrative_district wordnetid="108491826" confidence="0.8"><location wordnetid="100027167" confidence="0.8"><district wordnetid="108552138" confidence="0.8"><country wordnetid="108544813" confidence="0.8"><link ns0:type="simple" ns0:href="../131/8210131.xml">york</link></country></district></location></administrative_district></region>method multivari analysi wiley</cite></entry></list></p><p><list><entry level="1" type="bullet"><cite id="CITEREFSimonAndo1963">simon herbert albert ando aggreg variabl dynam system written cambridg ma albert ando franklin fisher herbert simon essay structur social scienc model mit press</cite></entry></list></p><p><list><entry level="1" type="bullet"><cite id="CITEREFSimon1996">simon herbert architectur complex hierarch system written cambridg ma herbert simon scienc artifici mit press</cite></entry></list></p><p><list><entry level="1" type="bullet"><cite id="CITEREFTing1994">ting kai ming written<site wordnetid="108651247" confidence="0.9508927676800064"><link ns0:type="simple" ns0:href="../862/27862.xml">sydney</link></site><weblink ns0:type="simple" ns0:href="http://citeseer.ist.psu.edu/145651.html">discret continuousvalu attribut instancebas learn technic report</weblink>basser depart comput scienc</cite></entry></list></p><p><list><entry level="1" type="bullet"><cite id="CITEREFWangLiu1998">wang ke bing liu<weblink ns0:type="simple" ns0:href="http://citeseer.ist.psu.edu/wang98concurrent.html">concurr discret multipl attribut</weblink>written<village wordnetid="108672738" confidence="0.9508927676800064"><link ns0:type="simple" ns0:href="../867/17867.xml">london</link></village>springer proceed pacif rim intern confer artifici intellig springerverlag</cite></entry></list></p><p><list><entry level="1" type="bullet"><cite id="CITEREFWatanabe1960">watanab satosi inform theoret analysi multivari correl ibm journal develop xa</cite></entry></list></p><p><list><entry level="1" type="bullet"><cite id="CITEREFWatanabe1969">watanab satosi written<region wordnetid="108630985" confidence="0.8"><administrative_district wordnetid="108491826" confidence="0.8"><location wordnetid="100027167" confidence="0.8"><district wordnetid="108552138" confidence="0.8"><country wordnetid="108544813" confidence="0.8"><link ns0:type="simple" ns0:href="../131/8210131.xml">york</link></country></district></location></administrative_district></region>know guess quantit studi infer inform wiley</cite></entry></list></p><p><list><entry level="1" type="bullet"><cite id="CITEREFWittenFrank2005">witten ian eib frank written<village wordnetid="108672738" confidence="0.9508927676800064"><link ns0:type="simple" ns0:href="../844/844.xml">amsterdam</link></village><weblink ns0:type="simple" ns0:href="http://www.cs.waikato.ac.nz/~ml/weka/book.html">data mine practic machin learn tool techniqu</weblink>morgan kaufmann</cite></entry></list></p><p><list><entry level="1" type="bullet">yao yy partit model granular comput lectur note comput scienc appear</entry></list></p><p><list><entry level="1" type="bullet"><cite style="font-style:normal">yao<weblink ns0:type="simple" ns0:href="http://portal.acm.org/citation.cfm?id=675398">model data mine granular comput</weblink>proceed annual intern comput softwar applic confer compsac</cite></entry></list></p><p><list><entry level="1" type="bullet"><cite style="font-style:normal">yao yiyu<weblink ns0:type="simple" ns0:href="http://www2.cs.uregina.ca/~yyao/PAPER_PDF/grcfordm06.pdf">granular comput data mine</weblink><physical_entity wordnetid="100001930" confidence="0.8"><peer wordnetid="109626238" confidence="0.8"><person wordnetid="100007846" confidence="0.8"><colleague wordnetid="109935990" confidence="0.8"><causal_agent wordnetid="100007347" confidence="0.8"><associate wordnetid="109816771" confidence="0.8"><link ns0:type="simple" ns0:href="../791/12259791.xml">dasarathi belur</link></associate></causal_agent></colleague></person></peer></physical_entity>proceed spie confer data mine intrus detect inform assur data network secur</cite></entry></list></p><p><list><entry level="1" type="bullet"><cite style="font-style:normal">yao yao<weblink ns0:type="simple" ns0:href="http://www2.cs.uregina.ca/~jtyao/Papers/53_RSCTC02.pdf">induct classif rule granular comput</weblink>proceed third intern confer rough set current trend comput tsctc london uk springerverlag</cite></entry></list></p><p><list><entry level="1" type="bullet">zadeh la theori fuzzi inform granul central human reason fuzzi logic fuzzi set system</entry></list></p><p><list><entry level="1" type="bullet"><cite id="CITEREFZighedRabasédaRakotomalala1998">zigh rabasda rakotomalala<weblink ns0:type="simple" ns0:href="http://portal.acm.org/citation.cfm?id=353472">fusint method discret continu attribut</weblink>intern journal uncertainti fuzzi knowledgebas system xa</cite></entry></list></p></sec></bdy></article>