<article xmlns:ns0="http://www.w3.org/1999/xlink"><entity confidence="0.9511911446218017" wordnetid="100001740"><header><title>sarcolaenacea</title><id /><revision><id /><timestamp>tz</timestamp><contributor><username>hesperian</username><id /></contributor></revision><categories><category>sarcolaenacea</category><category>flora madagascar</category></categories></header><bdy><table style="text-align:center; padding:2.5px; width:200px;" class="infobox biota"><row style="text-align:center;"><header style="background:#90EE90;">sarcolaenacea</header></row><row style="text-align:center;" /><row style="background:#90EE90;" /><row style="text-align:center;"><header style="background:#90EE90;"><link ns0:type="simple" ns0:href="../581/53581.xml">scientif classif</link></header></row><row style="text-align:center;"><col><table style="margin:0 auto; text-align:left; background:transparent;" cellpadding="2"><row valign="top" /><row valign="top" /><row valign="top" /><row valign="top" /><row valign="top" /><row valign="top"><col>kingdom</col><col><link ns0:type="simple" ns0:href="../208/23208.xml">planta</link></col></row><row valign="top" /><row valign="top" /><row valign="top" /><row valign="top" /><row valign="top" /><row valign="top"><col>unrank</col><col><link ns0:type="simple" ns0:href="../967/18967.xml">angiosperm</link></col></row><row valign="top" /><row valign="top" /><row valign="top" /><row valign="top" /><row valign="top" /><row valign="top" /><row valign="top"><col>unrank</col><col><link ns0:type="simple" ns0:href="../053/2774053.xml">eudicot</link></col></row><row valign="top" /><row valign="top" /><row valign="top" /><row valign="top" /><row valign="top"><col>unrank</col><col><link ns0:type="simple" ns0:href="../669/2799669.xml">rosid</link></col></row><row valign="top" /><row valign="top" /><row valign="top"><col>order</col><col><link ns0:type="simple" ns0:href="../968/18968.xml">malval</link></col></row><row valign="top" /><row valign="top" /><row valign="top" /><row valign="top" /><row valign="top" /><row valign="top" /><row valign="top" /><row valign="top" /><row valign="top"><col>famili</col><col>sarcolaenacea</col></row><row valign="top" /><row valign="top" /><row valign="top" /><row valign="top" /><row valign="top" /><row valign="top" /><row valign="top" /><row valign="top" /><row valign="top" /><row valign="top" /><row valign="top" /><row valign="top" /><row valign="top" /><row valign="top" /><row valign="top" /><row valign="top" /><row valign="top" /></table></col></row><row style="background:#90EE90;" /><row style="background:#90EE90;" /><row style="background:#90EE90;" /><row style="background:#90EE90;" /><row style="background:#90EE90;" /><row style="text-align:center;" /><row style="text-align:center;" /><row style="text-align:center;" /><row style="text-align:center;" /><row style="text-align:center;" /><row style="text-align:center;" /><row style="text-align:center;" /><row style="text-align:center;" /><row style="text-align:center;" /><row style="text-align:center;" /><row style="background:#90EE90;"><header>genera</header></row><row><col style="padding:0 .5em; text-align:left;"><link ns0:type="simple" ns0:href="../627/1052627.xml">eremolaena</link><link ns0:type="simple" ns0:href="../170/12194170.xml">leptolaena</link><link>mediusella</link><link>pentachlaena</link><link>perrierodendron</link><link>rhodolaena</link><link ns0:type="simple" ns0:href="../510/12914510.xml">sarcolaena</link><link>schizolaena</link><link>xerochlami</link><link ns0:type="simple" ns0:href="../168/11836168.xml">xyloolaena</link></col></row></table><p>sarcolaenacea<link ns0:type="simple" ns0:href="../276/56276.xml">famili</link><link ns0:type="simple" ns0:href="../967/18967.xml">flower plant</link><link ns0:type="simple" ns0:href="../971/937971.xml">endem</link><country wordnetid="108544813" confidence="0.9508927676800064"><link ns0:type="simple" ns0:href="../964/18964.xml">madagascar</link></country>famili includ<link ns0:type="simple" ns0:href="../023/28023.xml">speci</link><link ns0:type="simple" ns0:href="../719/66719.xml">evergreen</link><link ns0:type="simple" ns0:href="../875/18955875.xml">tree</link><link ns0:type="simple" ns0:href="../708/61708.xml">shrub</link>ten<link ns0:type="simple" ns0:href="../493/38493.xml">genera</link></p><p><link ns0:type="simple" ns0:href="../955/7955.xml">dna</link>studi indic sarcolaenacea sibl<link ns0:type="simple" ns0:href="../556/199556.xml">taxon</link>famili<link ns0:type="simple" ns0:href="../778/850778.xml">dipterocarpacea</link><region wordnetid="108630985" confidence="0.8"><center wordnetid="108523483" confidence="0.8"><area wordnetid="108497294" confidence="0.8"><see wordnetid="108586825" confidence="0.8"><seat wordnetid="108647945" confidence="0.8"><location wordnetid="100027167" confidence="0.8"><link ns0:type="simple" ns0:href="../607/5334607.xml">africa</link></location></seat></see></area></center></region><system wordnetid="108435388" confidence="0.8"><economy wordnetid="108366753" confidence="0.8"><group wordnetid="100031264" confidence="0.8"><link ns0:type="simple" ns0:href="../769/26769.xml">south america</link></group></economy></system><country wordnetid="108544813" confidence="0.9508927676800064"><link ns0:type="simple" ns0:href="../533/14533.xml">india</link></country><region wordnetid="108630039" confidence="0.8"><location wordnetid="100027167" confidence="0.8"><link ns0:type="simple" ns0:href="../741/28741.xml">southeast asia</link></location></region><link ns0:type="simple" ns0:href="../541/460541.xml">malesia</link></p><sec><st>refer</st><p><list><entry level="1" type="bullet"><cite style="font-style:normal">ducousso bna bourgeoi buyck eyssarti vincelett rabevohitra randrihasipara dreyfu prin<weblink ns0:type="simple" ns0:href="http://www.blackwell-synergy.com/doi/abs/10.1046/j.1365-294X.2003.02032.x">common ancestor sarcolaenacea asian dipterocarp tree ectomycorrhiz indiamadagascar separ year ago</weblink><link>molecular ecolog</link><document wordnetid="106470073" confidence="0.8"><written_communication wordnetid="106349220" confidence="0.8"><writing wordnetid="106362953" confidence="0.8"><link ns0:type="simple" ns0:href="../994/422994.xml">doi</link></writing></written_communication></document><weblink ns0:type="simple" ns0:href="http://dx.doi.org/10.1046%2Fj.1365-294X.2003.02032.x">jxx</weblink></cite></entry></list></p></sec><sec><st>extern link</st><p><list><entry level="1" type="bullet"><weblink ns0:type="simple" ns0:href="http://www.mobot.org/MOBOT/Madagasc/sarcolae.html">imag sarcolaenacea madagascar missouri botan garden</weblink></entry><entry level="1" type="bullet"><weblink ns0:type="simple" ns0:href="http://delta-intkey.com/angio/www/sarcolae.htm">sarcolaenacea</weblink><weblink ns0:type="simple" ns0:href="http://delta-intkey.com/angio/">watson mj dallwitz onward famili flower plant descript illustr identif inform retriev</weblink>httpdeltaintkeycom</entry></list></p></sec></bdy></entity></article>