<article xmlns:ns0="http://www.w3.org/1999/xlink"><header><title>function genom</title><id /><revision><id /><timestamp>tz</timestamp><contributor><username>stevechervitztrutan</username><id /></contributor></revision><categories><category>molecular biolog</category><category>genom</category></categories></header><bdy><image width="100px" src="DNA_microarray.jpg" type="thumb"><caption><link ns0:type="simple" ns0:href="../954/255954.xml">dna microarray</link></caption></image>function genom field<link ns0:type="simple" ns0:href="../200/19200.xml">molecular biolog</link>attempt vast wealth data produc genom project<link ns0:type="simple" ns0:href="../792/323792.xml">genom sequenc project</link>describ<link ns0:type="simple" ns0:href="../553/4250553.xml">gene</link><link ns0:type="simple" ns0:href="../634/23634.xml">protein</link>function interact<link ns0:type="simple" ns0:href="../170/55170.xml">genom</link><link ns0:type="simple" ns0:href="../172/55172.xml">proteom</link>function genom focus dynam aspect gene<link ns0:type="simple" ns0:href="../544/167544.xml">transcript</link><link ns0:type="simple" ns0:href="../401/262401.xml">translat</link><link ns0:type="simple" ns0:href="../878/2161878.xml">proteinprotein interact</link>oppos static aspect genom inform<link ns0:type="simple" ns0:href="../535/331535.xml">dna sequenc</link>structur<ss1><st>field applic</st><p>function genom includ functionrel aspect genom<link ns0:type="simple" ns0:href="../702/19702.xml">mutat</link><link ns0:type="simple" ns0:href="../831/498831.xml">polymorph</link><link ns0:type="simple" ns0:href="../091/513091.xml">snp</link>analysi well measur molecular activ compris number omic<link ns0:type="simple" ns0:href="../071/1075071.xml">transcriptom</link><link ns0:type="simple" ns0:href="../266/159266.xml">gene express</link><link ns0:type="simple" ns0:href="../172/55172.xml">proteom</link><link ns0:type="simple" ns0:href="../540/167540.xml">protein express</link><link ns0:type="simple" ns0:href="../575/8715575.xml">phosphoproteom</link>subset proteom<link ns0:type="simple" ns0:href="../211/1029211.xml">metabolom</link>measur modal endeavor quantit biolog process improv understand gene protein function interact</p></ss1><ss1><st>frequent techniqu</st><p>function genom<link ns0:type="simple" ns0:href="../729/882729.xml">highthroughput</link>techniqu character abund gene product<link ns0:type="simple" ns0:href="../232/20232.xml">mrna</link><link ns0:type="simple" ns0:href="../634/23634.xml">protein</link>typic technolog platform<list><entry level="1" type="bullet"><link ns0:type="simple" ns0:href="../954/255954.xml">dna microarray</link><link ns0:type="simple" ns0:href="../649/1743649.xml">sage</link>mrna</entry><entry level="1" type="bullet"><link ns0:type="simple" ns0:href="../372/474372.xml">twodimension gel electrophoresi</link><link ns0:type="simple" ns0:href="../810/283810.xml">mass spectrometri</link>protein</entry></list></p><p>larg quantiti data produc techniqu desir find biolog meaning pattern<link ns0:type="simple" ns0:href="../214/4214.xml">bioinformat</link>crucial type analysi exampl techniqu class<link ns0:type="simple" ns0:href="../675/669675.xml">data cluster</link><link ns0:type="simple" ns0:href="../340/76340.xml">princip compon analysi</link>unsupervis<link ns0:type="simple" ns0:href="../488/233488.xml">machin learn</link>class detect well<link ns0:type="simple" ns0:href="../523/21523.xml">artifici neural network</link><link ns0:type="simple" ns0:href="../309/65309.xml">support vector machin</link>supervis machin learn class predict<link ns0:type="simple" ns0:href="../244/1579244.xml">classif</link></p></ss1><sec><st /><p><list><entry level="1" type="bullet"><link ns0:type="simple" ns0:href="../899/467899.xml">system biolog</link></entry><entry level="1" type="bullet"><link ns0:type="simple" ns0:href="../101/303101.xml">structur genom</link></entry><entry level="1" type="bullet"><link ns0:type="simple" ns0:href="../868/917868.xml">compar genom</link></entry><entry level="1" type="bullet"><link ns0:type="simple" ns0:href="../486/1004486.xml">pharmacogenom</link></entry></list></p></sec><sec><st>extern link</st><p><list><entry level="1" type="bullet"><weblink ns0:type="simple" ns0:href="http://www.functionalgenomics.org.uk">european scienc foundat programm frontier function genom</weblink></entry><entry level="1" type="bullet"><weblink ns0:type="simple" ns0:href="http://www.mugen-noe.org/">mugen noe</weblink>integr function genom mutant mous model</entry></list></p><p><table style=";" class="navbox" cellspacing="0"><row><col style="padding:2px;"><table style="width:100%;background:transparent;color:inherit;;" class="nowraplinks collapsible autocollapse " cellspacing="0"><row><header colspan="2" style=";" class="navbox-title"><link ns0:type="simple" ns0:href="../170/55170.xml">genom</link>topic</header></row><row style="height:2px;" /><row><col colspan="2" style="width:100%;padding:0px;;;" class="navbox-list navbox-odd"><link ns0:type="simple" ns0:href="../792/323792.xml">genom project</link><link ns0:type="simple" ns0:href="../560/2606560.xml">paleopolyploidi</link><link ns0:type="simple" ns0:href="../087/61087.xml">glycom</link><work wordnetid="100575741" confidence="0.8"><event wordnetid="100029378" confidence="0.8"><undertaking wordnetid="100795720" confidence="0.8"><act wordnetid="100030358" confidence="0.8"><psychological_feature wordnetid="100023100" confidence="0.8"><activity wordnetid="100407535" confidence="0.8"><link ns0:type="simple" ns0:href="../699/5219699.xml">human genom project</link></activity></psychological_feature></act></undertaking></event></work><link ns0:type="simple" ns0:href="../172/55172.xml">proteom</link><link ns0:type="simple" ns0:href="../211/1029211.xml">metabolom</link><link ns0:type="simple" ns0:href="../909/5168909.xml">chemogenom</link><link ns0:type="simple" ns0:href="../101/303101.xml">structur genom</link><link ns0:type="simple" ns0:href="../064/1889064.xml">pharmacogenet</link><link ns0:type="simple" ns0:href="../486/1004486.xml">pharmacogenom</link><link ns0:type="simple" ns0:href="../333/1677333.xml">toxicogenom</link><link ns0:type="simple" ns0:href="../276/2571276.xml">comput genom</link><link ns0:type="simple" ns0:href="../214/4214.xml">bioinformat</link><link ns0:type="simple" ns0:href="../697/575697.xml">cheminformat</link><link ns0:type="simple" ns0:href="../899/467899.xml">system biolog</link></col></row></table></col></row></table></p></sec></bdy></article>