<article xmlns:ns0="http://www.w3.org/1999/xlink"><movie confidence="0.9508927676800064" wordnetid="106613686"><header><title>hr</title><id /><revision><id /><timestamp>tz</timestamp><contributor><username>rangermik</username><id /></contributor></revision><categories><category>action comedi film</category><category>polic detect film</category><category>sequel film</category><category>action film</category><category>film shot la vega</category><category>film shot lo angel</category><category>buddi film</category><category>film shot san francisco</category><category>film</category><category>film set san francisco</category><category>paramount film</category><category>film direct walter hill</category></categories></header><bdy><template><name>infobox_film</name><parameters><image width="150px" src="Another_forty_eight_hours.jpg"><caption>movi poster hr</caption></image><music><composer wordnetid="109947232" confidence="0.9173553029164789"><artist wordnetid="109812338" confidence="0.9508927676800064"><link ns0:type="simple" ns0:href="../673/466673.xml">jame horner</link></artist></composer></music><budget /><editing><link>donn aron</link><link>carmel davi</link><link>freeman davi</link><link>tim ryder</link></editing><runtime>min</runtime><amg_id /><preceded_by><movie wordnetid="106613686" confidence="0.9508927676800064"><link ns0:type="simple" ns0:href="../406/2436406.xml">hr</link></movie></preceded_by><director><link ns0:type="simple" ns0:href="../537/4921537.xml">walter hill</link></director><country><image width="22x20px" src="Flag_of_the_United_States.svg"><caption>border</caption></image><body wordnetid="107965085" confidence="0.8"><social_group wordnetid="107950920" confidence="0.8"><political_orientation wordnetid="106212839" confidence="0.8"><colony wordnetid="108374049" confidence="0.8"><state wordnetid="108168978" confidence="0.8"><political_unit wordnetid="108359949" confidence="0.8"><group wordnetid="100031264" confidence="0.8"><democracy wordnetid="106217103" confidence="0.8"><link ns0:type="simple" ns0:href="../750/3434750.xml">unit</link></democracy></group></political_unit></state></colony></political_orientation></social_group></body></country><released><link ns0:type="simple" ns0:href="../864/15864.xml">june</link><link ns0:type="simple" ns0:href="../635/34635.xml" /></released><imdb_id /><name>hr</name><producer><link ns0:type="simple" ns0:href="../488/8017488.xml">lawrenc gordon</link><link>robert wach</link></producer><cinematography><link ns0:type="simple" ns0:href="../581/9197581.xml">matthew leonetti</link></cinematography><distributor><company wordnetid="108058098" confidence="0.9508927676800064"><link ns0:type="simple" ns0:href="../918/22918.xml">paramount pictur</link></company></distributor><language><language wordnetid="106282651" confidence="0.8"><link ns0:type="simple" ns0:href="../916/8569916.xml">english</link></language></language><writer><link ns0:type="simple" ns0:href="../537/4921537.xml">walter hill</link><physical_entity wordnetid="100001930" confidence="0.8"><communicator wordnetid="109610660" confidence="0.8"><person wordnetid="100007846" confidence="0.8"><leader wordnetid="109623038" confidence="0.8"><administrator wordnetid="109770949" confidence="0.8"><screenwriter wordnetid="110564400" confidence="0.8"><causal_agent wordnetid="100007347" confidence="0.8"><scriptwriter wordnetid="110564905" confidence="0.8"><writer wordnetid="110794014" confidence="0.8"><head wordnetid="110162991" confidence="0.8"><director wordnetid="110014939" confidence="0.8"><link ns0:type="simple" ns0:href="../818/1259818.xml">roger spottiswood</link></director></head></writer></scriptwriter></causal_agent></screenwriter></administrator></leader></person></communicator></physical_entity><physical_entity wordnetid="100001930" confidence="0.8"><communicator wordnetid="109610660" confidence="0.8"><person wordnetid="100007846" confidence="0.8"><screenwriter wordnetid="110564400" confidence="0.8"><causal_agent wordnetid="100007347" confidence="0.8"><scriptwriter wordnetid="110564905" confidence="0.8"><writer wordnetid="110794014" confidence="0.8"><link ns0:type="simple" ns0:href="../702/3032702.xml">larri gross</link></writer></scriptwriter></causal_agent></screenwriter></person></communicator></physical_entity><link ns0:type="simple" ns0:href="../642/2196642.xml">steven de souza</link><comedian wordnetid="109940146" confidence="0.9508927676800064"><person wordnetid="100007846" confidence="0.9508927676800064"><link ns0:type="simple" ns0:href="../539/54539.xml">eddi murphi</link></person></comedian><link>john fasano</link><link ns0:type="simple" ns0:href="../376/16376.xml">jeb stuart</link></writer><starring><comedian wordnetid="109940146" confidence="0.9508927676800064"><person wordnetid="100007846" confidence="0.9508927676800064"><link ns0:type="simple" ns0:href="../539/54539.xml">eddi murphi</link></person></comedian><actor wordnetid="109765278" confidence="0.9508927676800064"><link ns0:type="simple" ns0:href="../829/84829.xml">nick nolt</link></actor><actor wordnetid="109765278" confidence="0.9173553029164789"><link ns0:type="simple" ns0:href="../403/1688403.xml">brion jame</link></actor><actor wordnetid="109765278" confidence="0.9508927676800064"><link ns0:type="simple" ns0:href="../349/2509349.xml">kevin tigh</link></actor><actor wordnetid="109765278" confidence="0.9508927676800064"><link ns0:type="simple" ns0:href="../624/1703624.xml">oross</link></actor><actor wordnetid="109765278" confidence="0.9508927676800064"><link ns0:type="simple" ns0:href="../329/799329.xml">frank mcrae</link></actor><link>david anthoni marshal</link><actor wordnetid="109765278" confidence="0.9508927676800064"><link ns0:type="simple" ns0:href="../605/1703605.xml">andrew divoff</link></actor><link>brent jen</link></starring></parameters></template><p>hr<fundamental_quantity wordnetid="113575869" confidence="0.8"><time_period wordnetid="115113229" confidence="0.8"><year wordnetid="115203791" confidence="0.8"><link ns0:type="simple" ns0:href="../259/171259.xml" /></year></time_period></fundamental_quantity><link ns0:type="simple" ns0:href="../564/43564.xml">action</link><link ns0:type="simple" ns0:href="../644/5644.xml">comedi film</link><link ns0:type="simple" ns0:href="../510/196510.xml">sequel</link><fundamental_quantity wordnetid="113575869" confidence="0.8"><time_period wordnetid="115113229" confidence="0.8"><year wordnetid="115203791" confidence="0.8"><link ns0:type="simple" ns0:href="../649/171649.xml">film</link></year></time_period></fundamental_quantity><movie wordnetid="106613686" confidence="0.9508927676800064"><link ns0:type="simple" ns0:href="../406/2436406.xml">hr</link></movie>direct<film_director wordnetid="110088200" confidence="0.9173553029164789"><screenwriter wordnetid="110564400" confidence="0.9173553029164789"><film_maker wordnetid="110088390" confidence="0.9173553029164789"><actor wordnetid="109765278" confidence="0.9508927676800064"><link ns0:type="simple" ns0:href="../537/4921537.xml">walter hill</link></actor></film_maker></screenwriter></film_director>star<comedian wordnetid="109940146" confidence="0.9508927676800064"><person wordnetid="100007846" confidence="0.9508927676800064"><link ns0:type="simple" ns0:href="../539/54539.xml">eddi murphi</link></person></comedian><actor wordnetid="109765278" confidence="0.9508927676800064"><link ns0:type="simple" ns0:href="../829/84829.xml">nick nolt</link></actor><actor wordnetid="109765278" confidence="0.9173553029164789"><link ns0:type="simple" ns0:href="../403/1688403.xml">brion jame</link></actor><actor wordnetid="109765278" confidence="0.9508927676800064"><link ns0:type="simple" ns0:href="../605/1703605.xml">andrew divoff</link></actor><actor wordnetid="109765278" confidence="0.9508927676800064"><link ns0:type="simple" ns0:href="../624/1703624.xml">oross</link></actor>nolt return<village wordnetid="108672738" confidence="0.9508927676800064"><link ns0:type="simple" ns0:href="../728/49728.xml">san francisco</link></village><link ns0:type="simple" ns0:href="../240/310240.xml">polic offic</link>jack cate hour clear potenti<link ns0:type="simple" ns0:href="../035/7397035.xml">manslaught</link>charg help reggi hammond newli releas convict time notori mastermind iceman hire bunch biker kill reggi film strong languag nuditi violenc carri rate<link ns0:type="simple" ns0:href="../641/18932641.xml">mpaa</link><body wordnetid="107965085" confidence="0.8"><social_group wordnetid="107950920" confidence="0.8"><political_orientation wordnetid="106212839" confidence="0.8"><colony wordnetid="108374049" confidence="0.8"><state wordnetid="108168978" confidence="0.8"><political_unit wordnetid="108359949" confidence="0.8"><group wordnetid="100031264" confidence="0.8"><democracy wordnetid="106217103" confidence="0.8"><link ns0:type="simple" ns0:href="../750/3434750.xml">unit</link></democracy></group></political_unit></state></colony></political_orientation></social_group></body></p><p>taglin boy town</p><sec><st>summari</st><p>veteran polic offic jack cate<actor wordnetid="109765278" confidence="0.9508927676800064"><link ns0:type="simple" ns0:href="../829/84829.xml">nick nolt</link></actor>reunit imprison buddi<comedian wordnetid="109940146" confidence="0.9508927676800064"><person wordnetid="100007846" confidence="0.9508927676800064"><link ns0:type="simple" ns0:href="../539/54539.xml">eddi murphi</link></person></comedian>releas prison find unscrupul drug dealer call iceman hour fulfil task year san francisco cop jack cate unidentifi drug kingpin call ice man hunter point raceway jack confront tyron burrough arthur brock jack kill brock defens tyron burrough<link>brent jen</link>escap jack danger go prison brock gun cant jack find pictur prove ice man price head reggi hammond schedul releas prison day jack convinc reggi help clear find ice man reggi wont help jack reggi jack hold reggi jack refus reggi money reggi help bu transport reggi prison forc crash biker jack shot biker jack forc reggi help hospit releas reggi custodi reggi recogn biker richard cherri ganz<actor wordnetid="109765278" confidence="0.9508927676800064"><link ns0:type="simple" ns0:href="../605/1703605.xml">andrew divoff</link></actor>brother albert ganz escap convict jack kill month ago jack shot cherri reveng albert death cherri partner willi hickok<link>david anthoni marshal</link>hitmen hire kill reggi burrough work ice man hire brock insur case cherri hickok fail blake wilson<actor wordnetid="109765278" confidence="0.9508927676800064"><link ns0:type="simple" ns0:href="../349/2509349.xml">kevin tigh</link></actor>head intern affair divis doesnt jack wilson will prosecut jack manslaught brock death turn ice man price reggi head reggi ice man jack friend keho jack confront trio villain local nightclub reggi held captur cherri partner jack reggi dispos cherri partner reggi grab keho human shield jack shoot reggi shoulder wound<link ns0:type="simple" ns0:href="../315/146315.xml">blood</link>come wound throw keho jack empti gun keho fall backward head crush stripper cage reggi transport hospit steal jack lighter<link ns0:type="simple" ns0:href="../406/2436406.xml">film</link>jack ask</p></sec><sec><st>trivia</st><p><list><entry level="1" type="bullet">sky blue cadillac devil convert origin movi return appear film cate claim bought caddi year color model share reggi money predecessor accident destroy driven plateglass window chase albert ganz billi bear</entry><entry level="1" type="bullet"><actor wordnetid="109765278" confidence="0.9508927676800064"><link ns0:type="simple" ns0:href="../829/84829.xml">nick nolt</link></actor>cate<comedian wordnetid="109940146" confidence="0.9508927676800064"><person wordnetid="100007846" confidence="0.9508927676800064"><link ns0:type="simple" ns0:href="../539/54539.xml">eddi murphi</link></person></comedian>hammond<actor wordnetid="109765278" confidence="0.9173553029164789"><link ns0:type="simple" ns0:href="../403/1688403.xml">brion jame</link></actor>keho repris origin role film</entry><entry level="1" type="bullet">film prequel jack take hammond serious film prequel hammond told cate blow fuck brain jack film hammond told jack shoot jack jack</entry></list></p></sec><sec><st>cast</st><p><list><entry level="1" type="bullet"><comedian wordnetid="109940146" confidence="0.9508927676800064"><person wordnetid="100007846" confidence="0.9508927676800064"><link ns0:type="simple" ns0:href="../539/54539.xml">eddi murphi</link></person></comedian>reggi hammond</entry><entry level="1" type="bullet"><actor wordnetid="109765278" confidence="0.9508927676800064"><link ns0:type="simple" ns0:href="../829/84829.xml">nick nolt</link></actor>det sgt jack cate</entry><entry level="1" type="bullet"><actor wordnetid="109765278" confidence="0.9173553029164789"><link ns0:type="simple" ns0:href="../403/1688403.xml">brion jame</link></actor>det sgt ben keho</entry><entry level="1" type="bullet"><actor wordnetid="109765278" confidence="0.9508927676800064"><link ns0:type="simple" ns0:href="../349/2509349.xml">kevin tigh</link></actor>det lt blake wilson</entry><entry level="1" type="bullet"><actor wordnetid="109765278" confidence="0.9508927676800064"><link ns0:type="simple" ns0:href="../624/1703624.xml">oross</link></actor>frank cruis</entry><entry level="1" type="bullet"><link>david anthoni marshal</link>willi hickok</entry><entry level="1" type="bullet"><actor wordnetid="109765278" confidence="0.9508927676800064"><link ns0:type="simple" ns0:href="../605/1703605.xml">andrew divoff</link></actor>richard cherri ganz</entry><entry level="1" type="bullet"><physical_entity wordnetid="100001930" confidence="0.8"><person wordnetid="100007846" confidence="0.8"><player wordnetid="110439851" confidence="0.8"><contestant wordnetid="109613191" confidence="0.8"><intellectual wordnetid="109621545" confidence="0.8"><performer wordnetid="110415638" confidence="0.8"><alumnus wordnetid="109786338" confidence="0.8"><causal_agent wordnetid="100007347" confidence="0.8"><actor wordnetid="109765278" confidence="0.8"><scholar wordnetid="110557854" confidence="0.8"><entertainer wordnetid="109616922" confidence="0.8"><link ns0:type="simple" ns0:href="../444/3984444.xml">berni casey</link></entertainer></scholar></actor></causal_agent></alumnus></performer></intellectual></contestant></player></person></physical_entity>kirkland smith</entry><entry level="1" type="bullet"><link>brent jen</link>tyron burrough</entry><entry level="1" type="bullet"><link>ted markland</link>malcolm price</entry><entry level="1" type="bullet"><link ns0:type="simple" ns0:href="../267/1034267.xml">tisha campbel</link>ami kirkland</entry><entry level="1" type="bullet">felic orlandi warden</entry><entry level="1" type="bullet"><link>edward walsh</link>det joe steven</entry><entry level="1" type="bullet"><link>leong</link>angel lee</entry></list></p></sec><sec><st>extern link</st><p><list><entry level="1" type="bullet"><weblink ns0:type="simple" ns0:href="http://www.imdb.com/title/tt0099044/">hr</weblink><web_site wordnetid="106359193" confidence="0.9508927676800064"><link ns0:type="simple" ns0:href="../554/2855554.xml">internet movi databas</link></web_site></entry></list></p><p><table style=";" class="navbox" cellspacing="0"><row><col style="padding:2px;"><table style="width:100%;background:transparent;color:inherit;;" class="nowraplinks collapsible autocollapse " cellspacing="0"><row><header colspan="2" style=";" class="navbox-title">film written direct<film_director wordnetid="110088200" confidence="0.9173553029164789"><screenwriter wordnetid="110564400" confidence="0.9173553029164789"><film_maker wordnetid="110088390" confidence="0.9173553029164789"><actor wordnetid="109765278" confidence="0.9508927676800064"><link ns0:type="simple" ns0:href="../537/4921537.xml">walter hill</link></actor></film_maker></screenwriter></film_director></header></row><row style="height:2px;" /><row><col style=";;" class="navbox-group"><product wordnetid="104007894" confidence="0.8"><fundamental_quantity wordnetid="113575869" confidence="0.8"><creation wordnetid="103129123" confidence="0.8"><time_period wordnetid="115113229" confidence="0.8"><artifact wordnetid="100021939" confidence="0.8"><event wordnetid="100029378" confidence="0.8"><social_event wordnetid="107288639" confidence="0.8"><movie wordnetid="106613686" confidence="0.8"><year wordnetid="115203791" confidence="0.8"><show wordnetid="106619065" confidence="0.8"><psychological_feature wordnetid="100023100" confidence="0.8"><link ns0:type="simple" ns0:href="../306/193306.xml" /></psychological_feature></show></year></movie></social_event></event></artifact></time_period></creation></fundamental_quantity></product></col><col style="text-align:left;border-left:2px solid #fdfdfd;width:100%;padding:0px;;;" class="navbox-list navbox-odd"><movie wordnetid="106613686" confidence="0.9508927676800064"><link ns0:type="simple" ns0:href="../800/2177800.xml">hard time</link></movie><movie wordnetid="106613686" confidence="0.9508927676800064"><link ns0:type="simple" ns0:href="../794/5561794.xml">driver</link></movie><movie wordnetid="106613686" confidence="0.9508927676800064"><link ns0:type="simple" ns0:href="../571/1173571.xml">warrior</link></movie></col></row><row style="height:2px" /><row><col style=";;" class="navbox-group"><product wordnetid="104007894" confidence="0.8"><fundamental_quantity wordnetid="113575869" confidence="0.8"><creation wordnetid="103129123" confidence="0.8"><time_period wordnetid="115113229" confidence="0.8"><artifact wordnetid="100021939" confidence="0.8"><event wordnetid="100029378" confidence="0.8"><social_event wordnetid="107288639" confidence="0.8"><movie wordnetid="106613686" confidence="0.8"><year wordnetid="115203791" confidence="0.8"><show wordnetid="106619065" confidence="0.8"><psychological_feature wordnetid="100023100" confidence="0.8"><link ns0:type="simple" ns0:href="../895/137895.xml" /></psychological_feature></show></year></movie></social_event></event></artifact></time_period></creation></fundamental_quantity></product></col><col style="text-align:left;border-left:2px solid #fdfdfd;width:100%;padding:0px;;;" class="navbox-list navbox-even"><movie wordnetid="106613686" confidence="0.9508927676800064"><link ns0:type="simple" ns0:href="../360/2441360.xml">long rider</link></movie><movie wordnetid="106613686" confidence="0.9508927676800064"><link ns0:type="simple" ns0:href="../658/2370658.xml">southern comfort</link></movie><movie wordnetid="106613686" confidence="0.9508927676800064"><link ns0:type="simple" ns0:href="../406/2436406.xml">hr</link></movie><album wordnetid="106591815" confidence="0.9508927676800064"><movie wordnetid="106613686" confidence="0.9508927676800064"><link ns0:type="simple" ns0:href="../876/885876.xml">street fire</link></movie></album><movie wordnetid="106613686" confidence="0.9508927676800064"><link ns0:type="simple" ns0:href="../980/6312980.xml">brewster million</link></movie><link ns0:type="simple" ns0:href="#xpointer(//cite[@id=%22endnoteQ1%22])" /><movie wordnetid="106613686" confidence="0.9508927676800064"><link ns0:type="simple" ns0:href="../482/1296482.xml">crossroad</link></movie><movie wordnetid="106613686" confidence="0.9508927676800064"><link ns0:type="simple" ns0:href="../733/4515733.xml">extrem prejudic</link></movie><link ns0:type="simple" ns0:href="#xpointer(//cite[@id=%22endnoteQ1%22])" /><link ns0:type="simple" ns0:href="../061/354061.xml">red heat</link><movie wordnetid="106613686" confidence="0.9508927676800064"><link ns0:type="simple" ns0:href="../366/5083366.xml">johnni handsom</link></movie><link ns0:type="simple" ns0:href="#xpointer(//cite[@id=%22endnoteQ1%22])" /></col></row><row style="height:2px" /><row><col style=";;" class="navbox-group"><fundamental_quantity wordnetid="113575869" confidence="0.8"><time_period wordnetid="115113229" confidence="0.8"><year wordnetid="115203791" confidence="0.8"><link ns0:type="simple" ns0:href="../939/140939.xml" /></year></time_period></fundamental_quantity></col><col style="text-align:left;border-left:2px solid #fdfdfd;width:100%;padding:0px;;;" class="navbox-list navbox-odd"><movie wordnetid="106613686" confidence="0.9508927676800064"><link ns0:type="simple" ns0:href="../023/1056023.xml">hr</link></movie><movie wordnetid="106613686" confidence="0.9508927676800064"><link ns0:type="simple" ns0:href="../314/4460314.xml">trespass</link></movie><link ns0:type="simple" ns0:href="#xpointer(//cite[@id=%22endnoteQ1%22])" /><product wordnetid="104007894" confidence="0.8"><creation wordnetid="103129123" confidence="0.8"><artifact wordnetid="100021939" confidence="0.8"><event wordnetid="100029378" confidence="0.8"><social_event wordnetid="107288639" confidence="0.8"><movie wordnetid="106613686" confidence="0.8"><show wordnetid="106619065" confidence="0.8"><psychological_feature wordnetid="100023100" confidence="0.8"><link ns0:type="simple" ns0:href="../109/18163109.xml">wild bill</link></psychological_feature></show></movie></social_event></event></artifact></creation></product><movie wordnetid="106613686" confidence="0.9508927676800064"><link ns0:type="simple" ns0:href="../530/2991530.xml">man stand</link></movie></col></row><row style="height:2px" /><row><col style=";;" class="navbox-group"><product wordnetid="104007894" confidence="0.8"><creation wordnetid="103129123" confidence="0.8"><artifact wordnetid="100021939" confidence="0.8"><event wordnetid="100029378" confidence="0.8"><social_event wordnetid="107288639" confidence="0.8"><movie wordnetid="106613686" confidence="0.8"><show wordnetid="106619065" confidence="0.8"><psychological_feature wordnetid="100023100" confidence="0.8"><link ns0:type="simple" ns0:href="../334/215334.xml" /></psychological_feature></show></movie></social_event></event></artifact></creation></product></col><col style="text-align:left;border-left:2px solid #fdfdfd;width:100%;padding:0px;;;" class="navbox-list navbox-even"><movie wordnetid="106613686" confidence="0.9508927676800064"><link ns0:type="simple" ns0:href="../684/2707684.xml">supernova</link></movie><movie wordnetid="106613686" confidence="0.9508927676800064"><link ns0:type="simple" ns0:href="../931/3699931.xml">undisput</link></movie></col></row><row style="height:2px" /><row><col style=";;" class="navbox-group"><link ns0:type="simple" ns0:href="../831/29831.xml">televis</link></col><col style="text-align:left;border-left:2px solid #fdfdfd;width:100%;padding:0px;;;" class="navbox-list navbox-odd"><series wordnetid="108457976" confidence="0.9508927676800064"><link ns0:type="simple" ns0:href="../455/591455.xml">tale crypt</link></series><series wordnetid="108457976" confidence="0.9508927676800064"><link ns0:type="simple" ns0:href="../893/762893.xml">deadwood</link></series><movie wordnetid="106613686" confidence="0.9508927676800064"><link ns0:type="simple" ns0:href="../237/5725237.xml">broken trail</link></movie></col></row><row style="height:2px" /><row><col style=";;" class="navbox-group"><link ns0:type="simple" ns0:href="../597/83597.xml">screenplay</link></col><col style="text-align:left;border-left:2px solid #fdfdfd;width:100%;padding:0px;;;" class="navbox-list navbox-even"><movie wordnetid="106613686" confidence="0.9508927676800064"><link ns0:type="simple" ns0:href="../629/12555629.xml">hickey bogg</link></movie><movie wordnetid="106613686" confidence="0.9508927676800064"><link ns0:type="simple" ns0:href="../824/585824.xml">getaway</link></movie><movie wordnetid="106613686" confidence="0.9508927676800064"><link ns0:type="simple" ns0:href="../233/5099233.xml">thief dinner</link></movie><movie wordnetid="106613686" confidence="0.9508927676800064"><link ns0:type="simple" ns0:href="../619/7917619.xml">mackintosh man</link></movie><movie wordnetid="106613686" confidence="0.9508927676800064"><link ns0:type="simple" ns0:href="../013/2637013.xml">drown pool</link></movie><movie wordnetid="106613686" confidence="0.9508927676800064"><link ns0:type="simple" ns0:href="../494/6245494.xml">alien</link></movie>seri<movie wordnetid="106613686" confidence="0.9508927676800064"><link ns0:type="simple" ns0:href="../827/15871827.xml">blue citi</link></movie></col></row></table></col></row></table><link ns0:type="simple" ns0:href="#xpointer(//*[./st=%22refQ1%22])" />direct</p><p><table style=";" class="navbox" cellspacing="0"><row><col style="padding:2px;"><table style="width:100%;background:transparent;color:inherit;;" class="nowraplinks collapsible collapsed " cellspacing="0"><row><header colspan="2" style=";" class="navbox-title"><image width="16px" src="United_States_film.png" /><link ns0:type="simple" ns0:href="../199/8312199.xml">american film year</link></header></row><row style="height:2px;" /><row><col colspan="2" style=";" class="navbox-abovebelow">american actorsactor american film directorsdirector american animationanim american cinematographerscinematograph american film score composerscompos american film editorseditor american filmsfilm az american film producersproduc american screenwritersscreenwrit</col></row><row style="height:2px;" /><row><col colspan="2" style="width:100%;padding:0px;;;" class="navbox-list navbox-odd"><link ns0:type="simple" ns0:href="../140/11720140.xml" /><link ns0:type="simple" ns0:href="../114/11858114.xml" /><link ns0:type="simple" ns0:href="../126/11858126.xml" /><link ns0:type="simple" ns0:href="../129/11858129.xml" /><link ns0:type="simple" ns0:href="../319/14527319.xml" /><link ns0:type="simple" ns0:href="../338/14527338.xml" /><link ns0:type="simple" ns0:href="../139/11858139.xml" /><link ns0:type="simple" ns0:href="../143/11858143.xml" /><link ns0:type="simple" ns0:href="../146/11858146.xml" /><link ns0:type="simple" ns0:href="../150/11858150.xml" /><link ns0:type="simple" ns0:href="../153/11858153.xml" /><link ns0:type="simple" ns0:href="../157/11858157.xml" /><link ns0:type="simple" ns0:href="../158/11858158.xml" /><link ns0:type="simple" ns0:href="../160/11858160.xml" /><link ns0:type="simple" ns0:href="../163/11858163.xml" /><link ns0:type="simple" ns0:href="../165/11858165.xml" /><link ns0:type="simple" ns0:href="../171/11858171.xml" /><link ns0:type="simple" ns0:href="../173/11858173.xml" /><link ns0:type="simple" ns0:href="../706/11393706.xml" /><link ns0:type="simple" ns0:href="../674/11393674.xml" /><link ns0:type="simple" ns0:href="../619/11393619.xml" /><link ns0:type="simple" ns0:href="../135/11393135.xml" /><link ns0:type="simple" ns0:href="../160/11393160.xml" /><link ns0:type="simple" ns0:href="../197/11393197.xml" /><link ns0:type="simple" ns0:href="../245/11393245.xml" /><link ns0:type="simple" ns0:href="../279/11393279.xml" /><link ns0:type="simple" ns0:href="../316/11393316.xml" /><link ns0:type="simple" ns0:href="../384/11393384.xml" /><link ns0:type="simple" ns0:href="../422/11393422.xml" /><link ns0:type="simple" ns0:href="../460/11393460.xml" /><link ns0:type="simple" ns0:href="../501/11393501.xml" /><link ns0:type="simple" ns0:href="../323/11359323.xml" /><link ns0:type="simple" ns0:href="../240/11360240.xml" /><link ns0:type="simple" ns0:href="../560/11360560.xml" /><link ns0:type="simple" ns0:href="../651/11360651.xml" /><link ns0:type="simple" ns0:href="../772/11360772.xml" /><link ns0:type="simple" ns0:href="../834/11360834.xml" /><link ns0:type="simple" ns0:href="../277/11363277.xml" /><link ns0:type="simple" ns0:href="../353/11363353.xml" /><link ns0:type="simple" ns0:href="../383/11363383.xml" /><link ns0:type="simple" ns0:href="../439/11363439.xml" /><link ns0:type="simple" ns0:href="../420/11394420.xml" /><link ns0:type="simple" ns0:href="../265/11572265.xml" /><link ns0:type="simple" ns0:href="../739/11572739.xml" /><link ns0:type="simple" ns0:href="../281/11573281.xml" /><link ns0:type="simple" ns0:href="../404/11715404.xml" /><link ns0:type="simple" ns0:href="../056/11716056.xml" /><link ns0:type="simple" ns0:href="../610/11716610.xml" /><link ns0:type="simple" ns0:href="../174/11717174.xml" /><link ns0:type="simple" ns0:href="../433/11717433.xml" /><link ns0:type="simple" ns0:href="../666/11717666.xml" /><link ns0:type="simple" ns0:href="../184/11718184.xml" /><link ns0:type="simple" ns0:href="../471/11718471.xml" /><link ns0:type="simple" ns0:href="../628/11718628.xml" /><link ns0:type="simple" ns0:href="../147/11719147.xml" /><link ns0:type="simple" ns0:href="../423/11719423.xml" /><link ns0:type="simple" ns0:href="../528/11858528.xml" /><link ns0:type="simple" ns0:href="../311/11729311.xml" /><link ns0:type="simple" ns0:href="../985/11727985.xml" /><link ns0:type="simple" ns0:href="../979/11729979.xml" /><link ns0:type="simple" ns0:href="../751/11719751.xml" /><link ns0:type="simple" ns0:href="../177/11728177.xml" /><link ns0:type="simple" ns0:href="../519/11858519.xml" /><link ns0:type="simple" ns0:href="../701/11727701.xml" /><link ns0:type="simple" ns0:href="../520/11858520.xml" /><link ns0:type="simple" ns0:href="../730/11729730.xml" /><link ns0:type="simple" ns0:href="../957/11721957.xml" /><link ns0:type="simple" ns0:href="../380/11728380.xml" /><link ns0:type="simple" ns0:href="../811/11727811.xml" /><link ns0:type="simple" ns0:href="../630/11728630.xml" /><link ns0:type="simple" ns0:href="../316/11721316.xml" /><link ns0:type="simple" ns0:href="../496/11858496.xml" /><link ns0:type="simple" ns0:href="../606/11729606.xml" /><link ns0:type="simple" ns0:href="../333/11727333.xml" /><link ns0:type="simple" ns0:href="../665/11730665.xml" /><link ns0:type="simple" ns0:href="../212/11729212.xml" /><link ns0:type="simple" ns0:href="../101/11728101.xml" /><link ns0:type="simple" ns0:href="../524/11858524.xml" /><link ns0:type="simple" ns0:href="../923/11729923.xml" /><link ns0:type="simple" ns0:href="../527/11858527.xml" /><link ns0:type="simple" ns0:href="../262/11728262.xml" /><link ns0:type="simple" ns0:href="../517/11858517.xml" /><link ns0:type="simple" ns0:href="../513/11858513.xml" /><link ns0:type="simple" ns0:href="../476/11729476.xml" /><link ns0:type="simple" ns0:href="../511/11858511.xml" /><link ns0:type="simple" ns0:href="../508/11858508.xml" /><link ns0:type="simple" ns0:href="../920/11726920.xml" /><link ns0:type="simple" ns0:href="../578/11730578.xml" /><link ns0:type="simple" ns0:href="../858/11727858.xml" /><link ns0:type="simple" ns0:href="../537/11728537.xml" /><link ns0:type="simple" ns0:href="../563/11727563.xml" /><link ns0:type="simple" ns0:href="../182/11858182.xml" /><link ns0:type="simple" ns0:href="../184/11858184.xml" /><link ns0:type="simple" ns0:href="../188/11858188.xml" /><link ns0:type="simple" ns0:href="../194/11858194.xml" /><link ns0:type="simple" ns0:href="../196/11858196.xml" /><link ns0:type="simple" ns0:href="../805/11730805.xml" /><link ns0:type="simple" ns0:href="../505/11858505.xml" /><link ns0:type="simple" ns0:href="../078/11729078.xml" /><link ns0:type="simple" ns0:href="../504/11858504.xml" /><link ns0:type="simple" ns0:href="../501/11858501.xml" /><link ns0:type="simple" ns0:href="../198/11858198.xml" /><link ns0:type="simple" ns0:href="../201/11858201.xml" /><link ns0:type="simple" ns0:href="../204/11858204.xml" /><link ns0:type="simple" ns0:href="../206/11858206.xml" /><link ns0:type="simple" ns0:href="../210/11858210.xml" /><link ns0:type="simple" ns0:href="../212/11858212.xml" /><link ns0:type="simple" ns0:href="../215/11858215.xml" /><link ns0:type="simple" ns0:href="../219/11858219.xml" /><link ns0:type="simple" ns0:href="../230/11858230.xml" /></col></row></table></col></row></table></p></sec></bdy></movie></article>