<article xmlns:ns0="http://www.w3.org/1999/xlink"><header><title>depart health social secur isl man</title><id /><revision><id /><timestamp>tz</timestamp><contributor><username>maul</username><id /></contributor></revision><categories><category>govern isl man</category></categories></header><bdy><p>depart health social secur<language wordnetid="106282651" confidence="0.9508927676800064"><link ns0:type="simple" ns0:href="../143/20143.xml">manx</link></language>rheynn slaynt shickyri theay dhss<link ns0:type="simple" ns0:href="../925/261925.xml">healthcar</link><link ns0:type="simple" ns0:href="../221/18994221.xml">hospit</link><link ns0:type="simple" ns0:href="../315/23315.xml">doctor</link><link ns0:type="simple" ns0:href="../005/8005.xml">dentistri</link><link ns0:type="simple" ns0:href="../317/146317.xml">ambul</link>servic<link ns0:type="simple" ns0:href="../717/146717.xml">social servic</link><link ns0:type="simple" ns0:href="../505/990505.xml">mental health</link><link ns0:type="simple" ns0:href="../717/146717.xml">social worker</link><link ns0:type="simple" ns0:href="../367/3680367.xml">residenti care</link><link ns0:type="simple" ns0:href="../691/27691.xml">social secur</link><link ns0:type="simple" ns0:href="../613/43613.xml">pension</link><link ns0:type="simple" ns0:href="../433/378433.xml">child benefit</link><link ns0:type="simple" ns0:href="../636/7102636.xml">sick benefit</link><link ns0:type="simple" ns0:href="../790/771790.xml">jobseek allow</link></p><p>dhss largest employ<work wordnetid="100575741" confidence="0.8"><census wordnetid="100653388" confidence="0.8"><body wordnetid="107965085" confidence="0.8"><social_group wordnetid="107950920" confidence="0.8"><count wordnetid="100634586" confidence="0.8"><event wordnetid="100029378" confidence="0.8"><colony wordnetid="108374049" confidence="0.8"><investigation wordnetid="100633864" confidence="0.8"><group wordnetid="100031264" confidence="0.8"><act wordnetid="100030358" confidence="0.8"><psychological_feature wordnetid="100023100" confidence="0.8"><activity wordnetid="100407535" confidence="0.8"><link ns0:type="simple" ns0:href="../727/14727.xml">isl man</link></activity></psychological_feature></act></group></investigation></colony></event></count></social_group></body></census></work>member staff</p><p>minist health social secur<physical_entity wordnetid="100001930" confidence="0.8"><politician wordnetid="110451263" confidence="0.8"><person wordnetid="100007846" confidence="0.8"><leader wordnetid="109623038" confidence="0.8"><causal_agent wordnetid="100007347" confidence="0.8"><link ns0:type="simple" ns0:href="../476/5380476.xml">eddi tear</link></causal_agent></leader></person></politician></physical_entity><link ns0:type="simple" ns0:href="../904/3909904.xml">mhk</link></p><p><link>polit member</link>depart<list><entry level="1" type="bullet"><physical_entity wordnetid="100001930" confidence="0.8"><politician wordnetid="110451263" confidence="0.8"><person wordnetid="100007846" confidence="0.8"><leader wordnetid="109623038" confidence="0.8"><causal_agent wordnetid="100007347" confidence="0.8"><link ns0:type="simple" ns0:href="../200/4183200.xml">pamela crow</link></causal_agent></leader></person></politician></physical_entity><link ns0:type="simple" ns0:href="../374/2239374.xml">mlc</link>health</entry><entry level="1" type="bullet"><physical_entity wordnetid="100001930" confidence="0.8"><politician wordnetid="110451263" confidence="0.8"><person wordnetid="100007846" confidence="0.8"><leader wordnetid="109623038" confidence="0.8"><causal_agent wordnetid="100007347" confidence="0.8"><link ns0:type="simple" ns0:href="../241/8890241.xml">juan watterson</link></causal_agent></leader></person></politician></physical_entity>mhk social secur</entry><entry level="1" type="bullet"><skilled_worker wordnetid="110605985" confidence="0.8"><physical_entity wordnetid="100001930" confidence="0.8"><politician wordnetid="110451263" confidence="0.8"><person wordnetid="100007846" confidence="0.8"><leader wordnetid="109623038" confidence="0.8"><worker wordnetid="109632518" confidence="0.8"><causal_agent wordnetid="100007347" confidence="0.8"><serviceman wordnetid="110582746" confidence="0.8"><military_officer wordnetid="110317007" confidence="0.8"><link ns0:type="simple" ns0:href="../444/3989444.xml">dudley butt</link></military_officer></serviceman></causal_agent></worker></leader></person></politician></physical_entity></skilled_worker>mlc social servic</entry></list></p><sec><st>histori</st><p>depart form merger health servic board board social secur</p></sec><sec><st>minist health social secur</st><p><list><entry level="1" type="bullet"><physical_entity wordnetid="100001930" confidence="0.8"><politician wordnetid="110451263" confidence="0.8"><person wordnetid="100007846" confidence="0.8"><leader wordnetid="109623038" confidence="0.8"><causal_agent wordnetid="100007347" confidence="0.8"><scientist wordnetid="110560637" confidence="0.8"><chemist wordnetid="109913824" confidence="0.8"><link ns0:type="simple" ns0:href="../326/3968326.xml">steve rodan</link></chemist></scientist></causal_agent></leader></person></politician></physical_entity>mhk</entry><entry level="1" type="bullet"><physical_entity wordnetid="100001930" confidence="0.8"><politician wordnetid="110451263" confidence="0.8"><person wordnetid="100007846" confidence="0.8"><leader wordnetid="109623038" confidence="0.8"><causal_agent wordnetid="100007347" confidence="0.8"><link ns0:type="simple" ns0:href="../643/4448643.xml">clare christian</link></causal_agent></leader></person></politician></physical_entity>mlc</entry><entry level="1" type="bullet"><link>berni</link>mhk</entry><entry level="1" type="bullet"><link ns0:type="simple" ns0:href="../342/5091342.xml">jim cain</link>mhk</entry><entry level="1" type="bullet"><physical_entity wordnetid="100001930" confidence="0.8"><politician wordnetid="110451263" confidence="0.8"><person wordnetid="100007846" confidence="0.8"><leader wordnetid="109623038" confidence="0.8"><causal_agent wordnetid="100007347" confidence="0.8"><link ns0:type="simple" ns0:href="../593/3946593.xml">toni brown</link></causal_agent></leader></person></politician></physical_entity>mhk</entry></list></p><ss1><st>chairmen health servic board</st><p><list><entry level="1" type="bullet"><physical_entity wordnetid="100001930" confidence="0.8"><politician wordnetid="110451263" confidence="0.8"><person wordnetid="100007846" confidence="0.8"><leader wordnetid="109623038" confidence="0.8"><causal_agent wordnetid="100007347" confidence="0.8"><link ns0:type="simple" ns0:href="../365/17329365.xml">arnold callin</link></causal_agent></leader></person></politician></physical_entity></entry><entry level="1" type="bullet"><politician wordnetid="110451263" confidence="0.9173553029164789"><person wordnetid="100007846" confidence="0.9173553029164789"><link ns0:type="simple" ns0:href="../699/3956699.xml">sir charl kerruish shk</link></person></politician></entry></list></p></ss1></sec><sec><st>extern link</st><p><list><entry level="1" type="bullet">httpwwwgovimdhss</entry></list></p></sec></bdy></article>