<article xmlns:ns0="http://www.w3.org/1999/xlink"><physical_entity confidence="0.8" wordnetid="100001930"><person confidence="0.8" wordnetid="100007846"><performer confidence="0.8" wordnetid="110415638"><causal_agent confidence="0.8" wordnetid="100007347"><actor confidence="0.8" wordnetid="109765278"><entertainer confidence="0.8" wordnetid="109616922"><header><title>ell down</title><id /><revision><id /><timestamp>tz</timestamp><contributor><username>lightbot</username><id /></contributor></revision><categories><category>peopl toronto</category><category>live peopl</category><category>canadian televis actor</category><category>birth</category><category>canadian film actor</category></categories></header><bdy>ell down pronounc elli born<link ns0:type="simple" ns0:href="../ury/24th_century.xml">april</link><link ns0:type="simple" ns0:href="../751/34751.xml" /><link ns0:type="simple" ns0:href="../646/64646.xml">toronto ontario</link>canadian actress appear film televis<p>ell down sixth gener canadian african canadian<ethnic_group wordnetid="107967382" confidence="0.9508927676800064"><link ns0:type="simple" ns0:href="../217/21217.xml">nativ american</link></ethnic_group><ethnic_group wordnetid="107967382" confidence="0.9508927676800064"><link ns0:type="simple" ns0:href="../490/50490.xml">cheroke</link></ethnic_group>indian descent father born<village wordnetid="108672738" confidence="0.9508927676800064"><link ns0:type="simple" ns0:href="../408/37408.xml">kingston jamaica</link></village>won titl black canada popular support actress torontobas film seri</p><p>ell box offic manag<film_festival wordnetid="100517418" confidence="0.9508927676800064"><link ns0:type="simple" ns0:href="../751/178751.xml">toronto intern film festiv</link></film_festival>work supervisori posit festiv</p><sec><st>select filmographi</st><p><list><entry level="1" type="bullet"><link ns0:type="simple" ns0:href="../692/9776692.xml">talk</link>peach</entry><entry level="1" type="bullet"><link>password</link>tiffani</entry><entry level="1" type="bullet"><movie wordnetid="106613686" confidence="0.9508927676800064"><link ns0:type="simple" ns0:href="../477/1033477.xml">godsend</link></movie>sarah chandler</entry><entry level="1" type="bullet"><movie wordnetid="106613686" confidence="0.9508927676800064"><link ns0:type="simple" ns0:href="../214/2058214.xml">babi daddi</link></movie>cappuccino</entry><entry level="1" type="bullet">tv report</entry><entry level="1" type="bullet"><link ns0:type="simple" ns0:href="../335/6211335.xml">love sex eat bone</link>art pro</entry></list></p></sec><sec><st>televis seri</st><p><list><entry level="1" type="bullet"><series wordnetid="108457976" confidence="0.9508927676800064"><link ns0:type="simple" ns0:href="../513/5374513.xml">jane</link></series>ella episod evalu jane</entry><entry level="1" type="bullet"><series wordnetid="108457976" confidence="0.9508927676800064"><link ns0:type="simple" ns0:href="../350/2033350.xml">kevin hill</link></series>danitra episod sacrifici lamb</entry><entry level="1" type="bullet"><series wordnetid="108457976" confidence="0.9508927676800064"><link ns0:type="simple" ns0:href="../491/743491.xml">kojak</link></series>carol episod east sixti</entry><entry level="1" type="bullet"><series wordnetid="108457976" confidence="0.9508927676800064"><link ns0:type="simple" ns0:href="../764/489764.xml">miss</link></series>camila pole episod sea love</entry><entry level="1" type="bullet">bank teller episod grandmoth hous</entry><entry level="1" type="bullet"><link ns0:type="simple" ns0:href="../672/1527672.xml">playmak</link>episod man motion</entry><entry level="1" type="bullet"><beginning wordnetid="100235435" confidence="0.8"><change wordnetid="100191142" confidence="0.8"><show wordnetid="100520257" confidence="0.8"><entertainment wordnetid="100429048" confidence="0.8"><ending wordnetid="106308765" confidence="0.8"><morpheme wordnetid="106306233" confidence="0.8"><change_of_state wordnetid="100199130" confidence="0.8"><diversion wordnetid="100426928" confidence="0.8"><event wordnetid="100029378" confidence="0.8"><action wordnetid="100037396" confidence="0.8"><part wordnetid="113809207" confidence="0.8"><act wordnetid="100030358" confidence="0.8"><psychological_feature wordnetid="100023100" confidence="0.8"><activity wordnetid="100407535" confidence="0.8"><introduction wordnetid="100238022" confidence="0.8"><language_unit wordnetid="106284225" confidence="0.8"><link ns0:type="simple" ns0:href="../575/1792575.xml">wild card</link></language_unit></introduction></activity></psychological_feature></act></part></action></event></diversion></change_of_state></morpheme></ending></entertainment></show></change></beginning>pilot episod</entry><entry level="1" type="bullet"><series wordnetid="108457976" confidence="0.9508927676800064"><link ns0:type="simple" ns0:href="../373/419373.xml">monk</link></series>regina episod monk woman</entry><entry level="1" type="bullet">episod sex money</entry><entry level="1" type="bullet"><series wordnetid="108457976" confidence="0.9508927676800064"><link ns0:type="simple" ns0:href="../881/163881.xml">famou jett jackson</link></series>report episod truth</entry><entry level="1" type="bullet">maddi johnson episod pandora box</entry><entry level="1" type="bullet"><link ns0:type="simple" ns0:href="../104/444104.xml">south</link>lili episod bodi languag</entry></list></p></sec><sec><st>extern link</st><p><list><entry level="1" type="bullet"><weblink ns0:type="simple" ns0:href="http://www.imdb.com/name/nm0236177/">ell down</weblink><web_site wordnetid="106359193" confidence="0.9508927676800064"><link ns0:type="simple" ns0:href="../554/2855554.xml">internet movi databas</link></web_site></entry><entry level="1" type="bullet">ell down myspac httpwwwmyspacecomelledownsonfir</entry></list></p></sec></bdy></entertainer></actor></causal_agent></performer></person></physical_entity></article>