<article xmlns:ns0="http://www.w3.org/1999/xlink"><operation confidence="0.9511911446218017" wordnetid="114008806"><battle confidence="0.9511911446218017" wordnetid="100953559"><conflict confidence="0.9508927676800064" wordnetid="100958896"><header><title>battl prachuab khirikhan</title><id /><revision><id /><timestamp>tz</timestamp><contributor><username>wolcott</username><id /></contributor></revision><categories><category>articl lack intext citat</category><category>articl invalid paramet templat</category><category>battl involv thailand</category><category>war ii oper battl southeast asia theatr</category><category>articl lack reliabl refer march</category></categories></header><bdy><template><name>infobox militari conflict</name><parameters><result>ceasefir</result><casualties2>japanes estim killedthai estim kill wound</casualties2><combatant1><image width="22x20px" src="Flag_of_Thailand.svg"><caption>flag thailand</caption></image><military_unit wordnetid="108198398" confidence="0.9508927676800064"><link ns0:type="simple" ns0:href="../758/1778758.xml">wing</link></military_unit></combatant1><combatant2><image width="22x20px" src="Flag_of_Japan_-_variant.svg"><caption>flag japan</caption></image><military_unit wordnetid="108198398" confidence="0.9508927676800064"><link ns0:type="simple" ns0:href="../113/13851113.xml">infantri regiment</link></military_unit></combatant2><partof><conflict wordnetid="100958896" confidence="0.9508927676800064"><link ns0:type="simple" ns0:href="../676/4756676.xml">japanes invas thailand</link></conflict></partof><casualties1>kill wound aircraft destroy</casualties1><date><time_off wordnetid="115118453" confidence="0.8"><fundamental_quantity wordnetid="113575869" confidence="0.8"><time_period wordnetid="115113229" confidence="0.8"><vacation wordnetid="115137890" confidence="0.8"><leisure wordnetid="115137676" confidence="0.8"><link ns0:type="simple" ns0:href="../194/8194.xml">decemb</link></leisure></vacation></time_period></fundamental_quantity></time_off><link ns0:type="simple" ns0:href="../589/8589.xml">decemb</link><link ns0:type="simple" ns0:href="../632/34632.xml" /></date><commander1><link>mom luang prawat chumsai</link></commander1><conflict>battl prachuab khirikhan</conflict><commander2><link>kisoyoshi utsunomiya</link></commander2><place><region wordnetid="108630985" confidence="0.8"><administrative_district wordnetid="108491826" confidence="0.8"><location wordnetid="100027167" confidence="0.8"><municipality wordnetid="108626283" confidence="0.8"><geographical_area wordnetid="108574314" confidence="0.8"><town wordnetid="108665504" confidence="0.8"><district wordnetid="108552138" confidence="0.8"><urban_area wordnetid="108675967" confidence="0.8"><link ns0:type="simple" ns0:href="../315/1288315.xml">prachuap khiri khan</link></urban_area></district></town></geographical_area></municipality></location></administrative_district></region><country wordnetid="108544813" confidence="0.9508927676800064"><link ns0:type="simple" ns0:href="../128/30128.xml">thailand</link></country></place></parameters></template><table class="metadata plainlinks ambox "><row><col>amboxcont style</col></row><row><col class="mbox-image"><p><image width="50px" src="Question_book-new.svg" /></p></col><col style="" class="mbox-text">articl reli entir help<weblink ns0:type="simple" ns0:href="http://localhost:18088/wiki/index.php?title=Battle_of_Prachuab_Khirikhan action=edit">improv articl</weblink>introduc appropri addit sourc march</col></row></table><p><table class="metadata plainlinks ambox "><row><col>amboxstyl style</col></row><row><col class="mbox-image"><p><image width="50px" src="Text_document_with_red_question_mark.svg" /></p></col><col style="" class="mbox-text">articl includ sourc remain unclear lack articl introduc precis citat march</col></row></table></p><p>battl prachuab khrikhan earli engag<conflict wordnetid="100958896" confidence="0.9508927676800064"><link ns0:type="simple" ns0:href="../676/4756676.xml">japanes invas thailand</link></conflict><link ns0:type="simple" ns0:href="../040/902040.xml">southeast asian theatr war ii</link>fought<time_off wordnetid="115118453" confidence="0.8"><fundamental_quantity wordnetid="113575869" confidence="0.8"><time_period wordnetid="115113229" confidence="0.8"><vacation wordnetid="115137890" confidence="0.8"><leisure wordnetid="115137676" confidence="0.8"><link ns0:type="simple" ns0:href="../194/8194.xml">decemb</link></leisure></vacation></time_period></fundamental_quantity></time_off><link ns0:type="simple" ns0:href="../632/34632.xml" />airfield<region wordnetid="108630985" confidence="0.8"><administrative_district wordnetid="108491826" confidence="0.8"><location wordnetid="100027167" confidence="0.8"><municipality wordnetid="108626283" confidence="0.8"><geographical_area wordnetid="108574314" confidence="0.8"><town wordnetid="108665504" confidence="0.8"><district wordnetid="108552138" confidence="0.8"><urban_area wordnetid="108675967" confidence="0.8"><link ns0:type="simple" ns0:href="../315/1288315.xml">prachuap khiri khan</link></urban_area></district></town></geographical_area></municipality></location></administrative_district></region><country wordnetid="108544813" confidence="0.9508927676800064"><link ns0:type="simple" ns0:href="../128/30128.xml">thailand</link></country>coast<link ns0:type="simple" ns0:href="../107/198107.xml">gulf thailand</link><link ns0:type="simple" ns0:href="../225/433225.xml">kra isthmu</link><link ns0:type="simple" ns0:href="../573/15573.xml">japan</link>ese meant thailand base strike<autocracy wordnetid="108361001" confidence="0.8"><system wordnetid="108435388" confidence="0.8"><social_group wordnetid="107950920" confidence="0.8"><political_orientation wordnetid="106212839" confidence="0.8"><monarchy wordnetid="108363812" confidence="0.8"><state wordnetid="108168978" confidence="0.8"><political_unit wordnetid="108359949" confidence="0.8"><political_system wordnetid="108367880" confidence="0.8"><economy wordnetid="108366753" confidence="0.8"><group wordnetid="100031264" confidence="0.8"><democracy wordnetid="106217103" confidence="0.8"><link ns0:type="simple" ns0:href="../717/31717.xml">british</link></democracy></group></economy></political_system></political_unit></state></monarchy></political_orientation></social_group></system></autocracy>possess<country wordnetid="108544813" confidence="0.9508927676800064"><link ns0:type="simple" ns0:href="../457/19457.xml">burma</link></country><link ns0:type="simple" ns0:href="../267/3850267.xml">malaya</link>attack thailand warn</p><sec><st>battl</st><p><time_off wordnetid="115118453" confidence="0.8"><fundamental_quantity wordnetid="113575869" confidence="0.8"><time_period wordnetid="115113229" confidence="0.8"><vacation wordnetid="115137890" confidence="0.8"><leisure wordnetid="115137676" confidence="0.8"><link ns0:type="simple" ns0:href="../194/8194.xml">decemb</link></leisure></vacation></time_period></fundamental_quantity></time_off><link ns0:type="simple" ns0:href="../632/34632.xml" />battalion infantri regiment divis<military_unit wordnetid="108198398" confidence="0.9508927676800064"><link ns0:type="simple" ns0:href="../708/481708.xml">imperi japanes armi</link></military_unit>command<link ns0:type="simple" ns0:href="../920/201920.xml">major</link>kisoyoshi utsunomiya began land troop prachuab khiri khan inform invas wing command prawat chumsai kong bin noi squadron order resist unit airfield equip heavi light machin gun turn japanes troop surround airfield small garrison pilot ground crew reinforc member constabulari yuwachon thaharn quasimilitari teenag auxiliari manag escap town prachuab khiri khan japanes captur<link ns0:type="simple" ns0:href="../010/30010.xml">telegraph</link>offic polic station</p><p>despit fact japanes occupi airfield kong bin noi pilot attempt sunris bomb strafe advanc japanes</p><p>chief<link ns0:type="simple" ns0:href="../050/34050.xml">warrant offic</link>prom chuwong<aircraft wordnetid="102686568" confidence="0.9508927676800064"><link ns0:type="simple" ns0:href="../989/10976989.xml">hawk iii</link></aircraft>japanes ground fire shot kill japanes shot hawk attempt kill pilot wound third pilot brought hawk runway pilot manag airborn<rank wordnetid="114429985" confidence="0.8"><rank wordnetid="108431942" confidence="0.8"><arrangement wordnetid="107938773" confidence="0.8"><military_rank wordnetid="114431471" confidence="0.8"><status wordnetid="113945919" confidence="0.8"><state wordnetid="100024720" confidence="0.8"><line wordnetid="108430568" confidence="0.8"><group wordnetid="100031264" confidence="0.8"><formation wordnetid="108426461" confidence="0.8"><link ns0:type="simple" ns0:href="../198/578198.xml">fli offic</link></formation></group></line></state></status></military_rank></arrangement></rank></rank>man prasongdi hawk iii arm bomb attempt attack japanes transport manao harbour locat heavi fog rain</p><p>northern hangar japanes hand thai smash instrument isol airfield control tower set fire runway abandon perimet set withdraw airmen cover machin gun posit clubhous<link ns0:type="simple" ns0:href="../311/30311.xml">tenni court</link>man airmen singto saensukh kasem wongkangya machin gun fire morn afternoon</p><p><rank wordnetid="114429985" confidence="0.8"><rank wordnetid="108431942" confidence="0.8"><arrangement wordnetid="107938773" confidence="0.8"><military_rank wordnetid="114431471" confidence="0.8"><status wordnetid="113945919" confidence="0.8"><state wordnetid="100024720" confidence="0.8"><line wordnetid="108430568" confidence="0.8"><group wordnetid="100031264" confidence="0.8"><formation wordnetid="108426461" confidence="0.8"><link ns0:type="simple" ns0:href="../202/578202.xml">pilot offic</link></formation></group></line></state></status></military_rank></arrangement></rank></rank>somsri suchrittham men strength thirti forc withdraw northern flank threaten abandon runway</p><p>secur beachhead japanes proceed occupi left hangar runway reinforc includ artilleri ten tank land transport</p><p>famili airmen refug guesthous mount laum muak evacu live quarter supervis pilot offic phol thongpricha</p><p>posit set defend divid three group group station guest hous prachuab bay fire come road guard hous</p><p>second group command wing command prawat area command administr build final group occupi hous face manao bay group fire approach hangar runway</p><p>fight continu late even lessen intens machin gun tenni court held japanes light machin gun held reserv move plug gap perimet</p><p>rumour royal thai navi sailor fight reliev airmen thai hope night ammunit low point airmen fire blank round japanes</p><p>morn exhaust thai receiv<link ns0:type="simple" ns0:href="../010/30010.xml">telegram</link>ministri interior brought postman lull battl telegram order defend ceas fight armistic arrang govern</p><p>thai felt trick japanes continu resist infuri invad mount assault renew vigour defend slowli push time lone machin gun tenni court gunner sever wound</p><p>japanes close wing command prawat order command build burn militari document flame engulf build fli offic prayad kanchonwiroj senior medic offic order hospit build evacu set fire</p><p>wing command prawat order offic save bullet wish free break includ wound fall mount laum muak</p><p>noon civilian car small white flag arriv contain number thai govern offici includ<link ns0:type="simple" ns0:href="../197/15489197.xml">provinc</link>undersecretari jarunphan isarangun ayutthaya jarunphan hand wing command prawat direct order prime minist field marshal<chancellor wordnetid="109906986" confidence="0.9508927676800064"><link ns0:type="simple" ns0:href="../758/203758.xml">phibunsongkhram</link></chancellor>tell ceas resist fight offici end<link ns0:type="simple" ns0:href="../589/8589.xml">decemb</link><link ns0:type="simple" ns0:href="../632/34632.xml" /></p></sec><sec><st>loss</st><p>thai suffer dead wound includ airmen polic civilan wing command prawat pregnant wife dead kill stray bullet japanes sourc state japanes suffer dead thai estim japanes loss dead wound</p></sec><sec><st>extern link</st><p><list><entry level="1" type="bullet"><weblink ns0:type="simple" ns0:href="http://www.geocities.com/thailandwwii/prachuap.html">japanes invas prachuap khiri khan</weblink></entry></list></p></sec></bdy></conflict></battle></operation></article>