<article xmlns:ns0="http://www.w3.org/1999/xlink"><header><title>variableord markov model</title><id /><revision><id /><timestamp>tz</timestamp><contributor><username>doi bot</username><id /></contributor></revision><categories><category>stochast process</category><category>probabl theori</category><category>machin learn</category></categories></header><bdy>variableord markov vom model class model extend well<physical_entity wordnetid="100001930" confidence="0.8"><person wordnetid="100007846" confidence="0.8"><model wordnetid="110324560" confidence="0.8"><assistant wordnetid="109815790" confidence="0.8"><worker wordnetid="109632518" confidence="0.8"><causal_agent wordnetid="100007347" confidence="0.8"><link ns0:type="simple" ns0:href="../876/60876.xml">markov chain</link></causal_agent></worker></assistant></model></person></physical_entity>model contrast markov chain model random variabl sequenc<link ns0:type="simple" ns0:href="../422/306422.xml">markov properti</link>depend fix number<link ns0:type="simple" ns0:href="../685/25685.xml">random variabl</link>vom model number condit random variabl vari base specif observ realiz<p>realiz sequenc call context vom model call context tree<ref ns0:type="simple" ns0:href="#xpointer(//reflist/entry[@id=%221%22])" />flexibl number condit<link ns0:type="simple" ns0:href="../685/25685.xml">random variabl</link>turn real advantag applic statist analysi classif predict<ref ns0:type="simple" ns0:href="#xpointer(//reflist/entry[@id=%222%22])" /><ref ns0:type="simple" ns0:href="#xpointer(//reflist/entry[@id=%223%22])" /><ref ns0:type="simple" ns0:href="#xpointer(//reflist/entry[@id=%224%22])" /></p><sec><st>exampl</st><p>consid exampl sequenc<link ns0:type="simple" ns0:href="../685/25685.xml">random variabl</link>take ternari<link ns0:type="simple" ns0:href="../670/670.xml">alphabet</link>consid string aaabcaaabcaaabcaaabcaaabc construct infinit concaten substr aaabc</p><p>vom model maxim order approxim string<link ns0:type="simple" ns0:href="../791/5791.xml">condit probabl</link>compon praaa prbaa prcb prac praca</p><p>exampl prcab prcb shorter context suffici determin charact vom model maxim order gener string exactli condit probabl compon equal</p><p>construct<physical_entity wordnetid="100001930" confidence="0.8"><person wordnetid="100007846" confidence="0.8"><model wordnetid="110324560" confidence="0.8"><assistant wordnetid="109815790" confidence="0.8"><worker wordnetid="109632518" confidence="0.8"><causal_agent wordnetid="100007347" confidence="0.8"><link ns0:type="simple" ns0:href="../876/60876.xml">markov chain</link></causal_agent></worker></assistant></model></person></physical_entity>order charact string estim condit probabl compon praa prab prac prba prbb prbc prca prcb prcc construct markov chain order charact estim condit probabl compon praaa praab prccc construct markov chain order three charact estim condit probabl compon praaaa praaab prcccc</p><p>practic set seldom suffici data accur estim<link ns0:type="simple" ns0:href="../933/191933.xml">exponenti increas</link>number condit probabl compon order markov chain increas</p><p>variableord markov model assum realist set realiz repres context independ futur great reduct number model paramet achiev<ref ns0:type="simple" ns0:href="#xpointer(//reflist/entry[@id=%221%22])" /></p></sec><sec><st>definit</st><p><math />space finit<link ns0:type="simple" ns0:href="../670/670.xml">alphabet</link>size</p><p>consid sequenc<physical_entity wordnetid="100001930" confidence="0.8"><person wordnetid="100007846" confidence="0.8"><model wordnetid="110324560" confidence="0.8"><assistant wordnetid="109815790" confidence="0.8"><worker wordnetid="109632518" confidence="0.8"><causal_agent wordnetid="100007347" confidence="0.8"><link ns0:type="simple" ns0:href="../876/60876.xml">markov properti</link></causal_agent></worker></assistant></model></person></physical_entity><math>x_nx_x_dot x_n</math><math />realiz<link ns0:type="simple" ns0:href="../685/25685.xml">random variabl</link><math>x_iin</math>symbol posit<math /><math /><math />concaten<math>x_i</math><math>x_i</math>denot<math>x_ix_i</math></p><p>train set observ<math>x_n</math>construct algorithm vom model<ref ns0:type="simple" ns0:href="#xpointer(//reflist/entry[@id=%222%22])" /><ref ns0:type="simple" ns0:href="#xpointer(//reflist/entry[@id=%223%22])" /><ref ns0:type="simple" ns0:href="#xpointer(//reflist/entry[@id=%224%22])" />learn model<math /><link ns0:type="simple" ns0:href="../934/22934.xml">probabl</link>assign sequenc observ symbol futur</p><p>learner gener<link ns0:type="simple" ns0:href="../458/504458.xml">condit probabl distribut</link><math>px_i</math>symbol<math>x_i</math>context<math>sin</math>sign repres sequenc length includ empti context</p><p>vom model attempt estim<link ns0:type="simple" ns0:href="../458/504458.xml">condit distribut</link>form<math>px_i</math>context length<math /><math />vari depend statist contrast convent<physical_entity wordnetid="100001930" confidence="0.8"><person wordnetid="100007846" confidence="0.8"><model wordnetid="110324560" confidence="0.8"><assistant wordnetid="109815790" confidence="0.8"><worker wordnetid="109632518" confidence="0.8"><causal_agent wordnetid="100007347" confidence="0.8"><link ns0:type="simple" ns0:href="../876/60876.xml">markov model</link></causal_agent></worker></assistant></model></person></physical_entity>attempt estim<link ns0:type="simple" ns0:href="../458/504458.xml">condit distribut</link>assum fix context length<math /><math />consid special case vom model</p><p>effect train sequenc vom model better model parameter fixedord<physical_entity wordnetid="100001930" confidence="0.8"><person wordnetid="100007846" confidence="0.8"><model wordnetid="110324560" confidence="0.8"><assistant wordnetid="109815790" confidence="0.8"><worker wordnetid="109632518" confidence="0.8"><causal_agent wordnetid="100007347" confidence="0.8"><link ns0:type="simple" ns0:href="../876/60876.xml">markov model</link></causal_agent></worker></assistant></model></person></physical_entity>lead better<link ns0:type="simple" ns0:href="../344/32344.xml">varianc</link>bia tradeoff learn model<ref ns0:type="simple" ns0:href="#xpointer(//reflist/entry[@id=%222%22])" /><ref ns0:type="simple" ns0:href="#xpointer(//reflist/entry[@id=%223%22])" /><ref ns0:type="simple" ns0:href="#xpointer(//reflist/entry[@id=%224%22])" /></p></sec><sec><st>applic area</st><p>effici algorithm devis estim paramet vom model<ref ns0:type="simple" ns0:href="#xpointer(//reflist/entry[@id=%223%22])" /></p><p>vom model appli area<link ns0:type="simple" ns0:href="../488/233488.xml">machin learn</link><link ns0:type="simple" ns0:href="../773/14773.xml">inform theori</link><link ns0:type="simple" ns0:href="../214/4214.xml">bioinformat</link>includ specif applic<link ns0:type="simple" ns0:href="../225/5225.xml">code</link><link ns0:type="simple" ns0:href="../013/8013.xml">data compress</link><ref ns0:type="simple" ns0:href="#xpointer(//reflist/entry[@id=%221%22])" />document compress<ref ns0:type="simple" ns0:href="#xpointer(//reflist/entry[@id=%223%22])" />classif identif<link ns0:type="simple" ns0:href="../955/7955.xml">dna</link><link ns0:type="simple" ns0:href="../634/23634.xml">protein sequenc</link><ref ns0:type="simple" ns0:href="#xpointer(//reflist/entry[@id=%222%22])" /><link ns0:type="simple" ns0:href="../680/593680.xml">statist process control</link><ref ns0:type="simple" ns0:href="#xpointer(//reflist/entry[@id=%224%22])" /><link ns0:type="simple" ns0:href="../001/1336001.xml">spam filter</link><ref ns0:type="simple" ns0:href="#xpointer(//reflist/entry[@id=%225%22])" /></p></sec><sec><st /><p><list><entry level="1" type="bullet"><physical_entity wordnetid="100001930" confidence="0.8"><person wordnetid="100007846" confidence="0.8"><model wordnetid="110324560" confidence="0.8"><assistant wordnetid="109815790" confidence="0.8"><worker wordnetid="109632518" confidence="0.8"><causal_agent wordnetid="100007347" confidence="0.8"><link ns0:type="simple" ns0:href="../876/60876.xml">markov chain</link></causal_agent></worker></assistant></model></person></physical_entity></entry><entry level="1" type="bullet"><link ns0:type="simple" ns0:href="../196/195196.xml">exampl markov chain</link></entry><entry level="1" type="bullet"><link ns0:type="simple" ns0:href="../012/11228012.xml">variabl order bayesian network</link></entry><entry level="1" type="bullet"><link ns0:type="simple" ns0:href="../772/98772.xml">markov process</link></entry><entry level="1" type="bullet"><know-how wordnetid="105616786" confidence="0.8"><method wordnetid="105660268" confidence="0.8"><link ns0:type="simple" ns0:href="../801/236801.xml">markov chain mont carlo</link></method></know-how></entry><entry level="1" type="bullet"><link ns0:type="simple" ns0:href="../736/1598736.xml">semimarkov process</link></entry><entry level="1" type="bullet"><link ns0:type="simple" ns0:href="../214/4214.xml">bioinformat</link></entry><entry level="1" type="bullet"><link ns0:type="simple" ns0:href="../488/233488.xml">machin learn</link></entry><entry level="1" type="bullet"><link ns0:type="simple" ns0:href="../164/1164.xml">artifici intellig</link></entry></list></p></sec><sec><st>refer</st><p><reflist><entry id="1"><cite style="font-style:normal">rissanen sep<weblink ns0:type="simple" ns0:href="http://ieeexplore.ieee.org/xpl/freeabs_all.jsp?isnumber=22734 arnumber=1056741">univers data compress system</weblink>ieee transact inform theori<document wordnetid="106470073" confidence="0.8"><written_communication wordnetid="106349220" confidence="0.8"><writing wordnetid="106362953" confidence="0.8"><link ns0:type="simple" ns0:href="../994/422994.xml">doi</link></writing></written_communication></document><weblink ns0:type="simple" ns0:href="http://dx.doi.org/10.1109%2FTIT.1983.1056741">tit</weblink></cite></entry><entry id="2"><cite style="font-style:normal">shmilovici bengal<weblink ns0:type="simple" ns0:href="http://www.springerlink.com/content/a447865604519210/">vom model reconstruct potenti code region est sequenc</weblink>comput statist<document wordnetid="106470073" confidence="0.8"><written_communication wordnetid="106349220" confidence="0.8"><writing wordnetid="106362953" confidence="0.8"><link ns0:type="simple" ns0:href="../994/422994.xml">doi</link></writing></written_communication></document><weblink ns0:type="simple" ns0:href="http://dx.doi.org/10.1007%2Fs00180-007-0021-8" /></cite></entry><entry id="3"><cite style="font-style:normal">begleit elyaniv yona<weblink ns0:type="simple" ns0:href="http://www.jair.org/media/1491/live-1491-2335-jair.pdf">predict variabl order markov model</weblink>journal artifici intellig</cite></entry><entry id="4"><cite style="font-style:normal">bengal morag shmilovici<weblink ns0:type="simple" ns0:href="http://www.eng.tau.ac.il/~bengal/Technometrics_final.pdf">cspc monitor procedur depend process</weblink>technometr<document wordnetid="106470073" confidence="0.8"><written_communication wordnetid="106349220" confidence="0.8"><writing wordnetid="106362953" confidence="0.8"><link ns0:type="simple" ns0:href="../994/422994.xml">doi</link></writing></written_communication></document><weblink ns0:type="simple" ns0:href="http://dx.doi.org/10.1198%2F004017003000000122" /></cite></entry><entry id="5"><cite style="font-style:normal">bratko cormack filip lynam zupan<weblink ns0:type="simple" ns0:href="http://www.jmlr.org/papers/volume7/bratko06a/bratko06a.pdf">spam filter statist data compress model</weblink>journal machin learn</cite></entry></reflist></p></sec></bdy></article>