<article xmlns:ns0="http://www.w3.org/1999/xlink"><header><title>queri hum</title><id /><revision><id /><timestamp>tz</timestamp><contributor><username>thijsbot</username><id /></contributor></revision><categories><category>inform retriev</category><category>music technolog</category><category>musicolog</category></categories></header><bdy>queri hum qbh music retriev system branch origin classif system titl artist compos genr appli song music distinct singl theme melodi system involv userhum<link ns0:type="simple" ns0:href="../735/37735.xml">melodi</link>input<link ns0:type="simple" ns0:href="../390/679390.xml">queri</link>compar exist<link ns0:type="simple" ns0:href="../377/8377.xml">databas</link>system return rank list music closest input queri<p>exampl system involv<link ns0:type="simple" ns0:href="../437/1560437.xml">portabl media player</link>builtin<link ns0:type="simple" ns0:href="../886/65886.xml">microphon</link>allow faster<link ns0:type="simple" ns0:href="../149/19386149.xml">search</link><link ns0:type="simple" ns0:href="../723/53723.xml">media</link>file</p><p><link ns0:type="simple" ns0:href="../224/185224.xml">mpeg</link>standard includ provis qbh music search</p><sec><st>extern link</st><ss1><st>onlin demo</st><p><list><entry level="1" type="bullet"><weblink ns0:type="simple" ns0:href="http://www.midomi.com/">midomi</weblink></entry><entry level="1" type="bullet"><weblink ns0:type="simple" ns0:href="http://www.musipedia.org/query_by_humming.0.html">qbh system</weblink><link ns0:type="simple" ns0:href="../388/2477388.xml">musipedia</link></entry><entry level="1" type="bullet"><weblink ns0:type="simple" ns0:href="http://querybyhum.cs.nyu.edu/">qbh project nyu</weblink></entry><entry level="1" type="bullet"><weblink ns0:type="simple" ns0:href="http://www.sloud.com/technology/query_by_humming/">queri hum sloud</weblink><weblink ns0:type="simple" ns0:href="http://www.sloud.com/">qbh applet activ</weblink></entry><entry level="1" type="bullet"><weblink ns0:type="simple" ns0:href="http://www.musicline.de/de/melodiesuche/input">musiclin qbh base technolog fraunhof institut german</weblink></entry><entry level="1" type="bullet"><weblink ns0:type="simple" ns0:href="http://maart.sourceforge.net/">maart sourceforg</weblink></entry></list></p></ss1><ss1><st>gener info articl</st><p><list><entry level="1" type="bullet"><weblink ns0:type="simple" ns0:href="http://mirsystems.info/index.php?id=mirsystems">comprehens list music inform retriev system updat</weblink></entry><entry level="1" type="bullet"><weblink ns0:type="simple" ns0:href="http://www.cs.cornell.edu/Info/Faculty/bsmith/query-by-humming.html">paper asif ghia jonathan logan david chamberlin brian smith</weblink></entry><entry level="1" type="bullet"><weblink ns0:type="simple" ns0:href="http://cs.nyu.edu/~eugenew/publications/humming-summary.pdf">survey present qbh eugen weinstein</weblink></entry></list></p></ss1></sec></bdy></article>