<article xmlns:ns0="http://www.w3.org/1999/xlink"><header><title>terrier search engin</title><id /><revision><id /><timestamp>tz</timestamp><contributor><username>katrem</username><id /></contributor></revision><categories><category>free search engin softwar</category></categories></header><bdy>terrier softwar rapid develop web intranet desktop search engin gener modular platform rapid develop largescal inform retriev applic provid index retriev function<p>terrier develop member<link ns0:type="simple" ns0:href="../271/15271.xml">inform retriev</link>group depart comput scienc<university wordnetid="108286163" confidence="0.9508927676800064"><link ns0:type="simple" ns0:href="../569/39569.xml">univers glasgow</link></university></p><p>core version terrier<link ns0:type="simple" ns0:href="../758/18938758.xml">open sourc</link>softwar<link ns0:type="simple" ns0:href="../528/608528.xml">mozilla public licens</link>mpl aim facilit experiment wider inform retriev commun</p><sec><st>bibliographi</st><p><list><entry level="1" type="bullet"><weblink ns0:type="simple" ns0:href="http://ir.dcs.gla.ac.uk/terrier/publications/ounis06terrier-osir.pdf">terrier high perform scalabl inform retriev platform pdf</weblink>iadh ouni gianni amati vassili plachoura ben craig macdonald christina lioma proceed acm sigir workshop open sourc inform retriev osir august seattl washington usa</entry><entry level="1" type="bullet"><weblink ns0:type="simple" ns0:href="http://ir.dcs.gla.ac.uk/terrier/publications/uglasgow.tera.ent.final.pdf">univers glasgow trec experi terabyt enterpris track terrier pdf</weblink>christina lioma craig macdonald vassili plachoura jie peng ben iadh ouni proceed text retriev confer trec gaithersburg md usa</entry><entry level="1" type="bullet"><weblink ns0:type="simple" ns0:href="http://ir.dcs.gla.ac.uk/terrier/publications/glasgowTrec2005.pdf">univers glasgow trec experi terabyt enterpris track terrierpdf</weblink>craig macdonald ben vassili plachoura iadh ouni proceed text retriev confer trec gaithersburg md usa</entry></list></p></sec><sec><st>extern link</st><p><list><entry level="1" type="bullet"><weblink ns0:type="simple" ns0:href="http://ir.dcs.gla.ac.uk/terrier/">terrier project</weblink></entry></list></p></sec></bdy></article>