<article xmlns:ns0="http://www.w3.org/1999/xlink"><region confidence="0.8" wordnetid="108630985"><structure confidence="0.8" wordnetid="104341686"><building confidence="0.8" wordnetid="102913152"><administrative_district confidence="0.8" wordnetid="108491826"><mansion confidence="0.8" wordnetid="103719053"><housing confidence="0.8" wordnetid="103546340"><location confidence="0.8" wordnetid="100027167"><municipality confidence="0.8" wordnetid="108626283"><house confidence="0.8" wordnetid="103544360"><city confidence="0.8" wordnetid="108524735"><artifact confidence="0.8" wordnetid="100021939"><dwelling confidence="0.8" wordnetid="103259505"><geographical_area confidence="0.8" wordnetid="108574314"><district confidence="0.8" wordnetid="108552138"><palace confidence="0.8" wordnetid="103878066"><urban_area confidence="0.8" wordnetid="108675967"><header><title>itri</title><id /><revision><id /><timestamp>tz</timestamp><contributor><username>siebot</username><id /></contributor></revision><categories><category>commun provinc latina</category><category>citi town lazio</category><category>castl itali</category></categories></header><bdy><template><name>infobox cityit</name><parameters><region><region wordnetid="108630039" confidence="0.9508927676800064"><link ns0:type="simple" ns0:href="../701/18701.xml">lazio</link></region></region><postalcode /><website><weblink ns0:type="simple" ns0:href="http://www.itri.it/">wwwitriit</weblink></website><mayor>giovanni agresti</mayor><population_as_of><link ns0:type="simple" ns0:href="../204/8204.xml">decemb</link><link ns0:type="simple" ns0:href="../524/35524.xml" /></population_as_of><saint>madonna della civita</saint><population_density_km2 /><timezone><link ns0:type="simple" ns0:href="../730/525730.xml">cet</link><link ns0:type="simple" ns0:href="../276/143276.xml">utc</link></timezone><population_total /><gentilic>itrani</gentilic><area_total_km2 /><img_coa>itristemmagif</img_coa><name>itri</name><province><region wordnetid="108630985" confidence="0.8"><administrative_district wordnetid="108491826" confidence="0.8"><location wordnetid="100027167" confidence="0.8"><state wordnetid="108654360" confidence="0.8"><district wordnetid="108552138" confidence="0.8"><link ns0:type="simple" ns0:href="../582/1448582.xml">latina</link></district></state></location></administrative_district></region>lt</province><day><link ns0:type="simple" ns0:href="../179/16179.xml">juli</link></day><telephone /><elevation_m /><coordinates><weblink ns0:type="simple" ns0:href="http://stable.toolserver.org/geohack/geohack.php?pagenameItri params41_17_N_13_32_E_" /></coordinates><mapx /><official_name>comun di itri</official_name><mapy /></parameters></template><indent level="1">turkish compos centuri<physical_entity wordnetid="100001930" confidence="0.8"><composer wordnetid="109947232" confidence="0.8"><person wordnetid="100007846" confidence="0.8"><musician wordnetid="110339966" confidence="0.8"><causal_agent wordnetid="100007347" confidence="0.8"><artist wordnetid="109812338" confidence="0.8"><creator wordnetid="109614315" confidence="0.8"><link ns0:type="simple" ns0:href="../588/3677588.xml">buhurizad itri</link></creator></artist></causal_agent></musician></person></composer></physical_entity></indent>itri small citi central<system wordnetid="108435388" confidence="0.8"><economy wordnetid="108366753" confidence="0.8"><group wordnetid="100031264" confidence="0.8"><link ns0:type="simple" ns0:href="../532/14532.xml">italian</link></group></economy></system>region<link ns0:type="simple" ns0:href="../972/7408972.xml">latium</link><region wordnetid="108630985" confidence="0.8"><administrative_district wordnetid="108491826" confidence="0.8"><location wordnetid="100027167" confidence="0.8"><state wordnetid="108654360" confidence="0.8"><district wordnetid="108552138" confidence="0.8"><link ns0:type="simple" ns0:href="../582/1448582.xml">provinc latina</link></district></state></location></administrative_district></region><image location="left" width="220px" src="ItriCittàAlta.jpg" type="thumb"><caption>panorama citt alta itri castl</caption></image><p>itri agricultur centr divid part small river ponton lie valley<link ns0:type="simple" ns0:href="../047/7257047.xml">monti aurunci</link>sea<body_of_water wordnetid="109225146" confidence="0.8"><gulf wordnetid="109296121" confidence="0.8"><link ns0:type="simple" ns0:href="../383/4581383.xml">gulf gaeta</link></gulf></body_of_water>ancient castl partli destroy<military_action wordnetid="100952963" confidence="0.8"><group_action wordnetid="101080366" confidence="0.8"><event wordnetid="100029378" confidence="0.8"><conflict wordnetid="100958896" confidence="0.8"><act wordnetid="100030358" confidence="0.8"><psychological_feature wordnetid="100023100" confidence="0.8"><war wordnetid="100973077" confidence="0.8"><link ns0:type="simple" ns0:href="../927/32927.xml">war ii</link></war></psychological_feature></act></conflict></event></group_action></military_action></p><p>itrani speak variant neapolitan dialect itrano</p><sec><st>histori</st><p>direct documentari record itri appear settlement neighbourhood exist prehistor time</p><p>legend itri origin appear coincid destruct amycla marin citi found twin son<deity wordnetid="109505418" confidence="0.9508927676800064"><link ns0:type="simple" ns0:href="../398/34398.xml">zeu</link></deity><link ns0:type="simple" ns0:href="../203/56203.xml">castor</link><link ns0:type="simple" ns0:href="../199/56199.xml">pollux</link>spartan follow clash<belief wordnetid="105941423" confidence="0.8"><deity wordnetid="109505418" confidence="0.8"><fictional_character wordnetid="109587565" confidence="0.8"><imaginary_being wordnetid="109483738" confidence="0.8"><daemon wordnetid="109506216" confidence="0.8"><spiritual_being wordnetid="109504135" confidence="0.8"><link ns0:type="simple" ns0:href="../540/1540.xml">aenea</link></spiritual_being></daemon></imaginary_being></fictional_character></deity></belief>origin greek coloni coast north<structure wordnetid="104341686" confidence="0.8"><building wordnetid="102913152" confidence="0.8"><artifact wordnetid="100021939" confidence="0.8"><mansion wordnetid="103719053" confidence="0.8"><dwelling wordnetid="103259505" confidence="0.8"><church wordnetid="103028079" confidence="0.8"><housing wordnetid="103546340" confidence="0.8"><place_of_worship wordnetid="103953416" confidence="0.8"><cathedral wordnetid="102984061" confidence="0.8"><house wordnetid="103544360" confidence="0.8"><palace wordnetid="103878066" confidence="0.8"><link ns0:type="simple" ns0:href="../217/1106217.xml">fondi</link></palace></house></cathedral></place_of_worship></housing></church></dwelling></mansion></artifact></building></structure>amycla found lake fondi<site wordnetid="108651247" confidence="0.8"><region wordnetid="108630985" confidence="0.8"><administrative_district wordnetid="108491826" confidence="0.8"><location wordnetid="100027167" confidence="0.8"><tract wordnetid="108673395" confidence="0.8"><municipality wordnetid="108626283" confidence="0.8"><geographical_area wordnetid="108574314" confidence="0.8"><town wordnetid="108665504" confidence="0.8"><district wordnetid="108552138" confidence="0.8"><urban_area wordnetid="108675967" confidence="0.8"><link ns0:type="simple" ns0:href="../683/1726683.xml">terracina</link></urban_area></district></town></geographical_area></municipality></tract></location></administrative_district></region></site>coast limit murki water swamp time quiet amyclaean struck curs numer forc swamp unstopp be monstrou serpent head<labor wordnetid="108180639" confidence="0.8"><name wordnetid="106333653" confidence="0.8"><fictional_character wordnetid="109587565" confidence="0.8"><imaginary_being wordnetid="109483738" confidence="0.8"><class wordnetid="107974025" confidence="0.8"><eponym wordnetid="106334985" confidence="0.8"><part wordnetid="113809207" confidence="0.8"><group wordnetid="100031264" confidence="0.8"><people wordnetid="107942152" confidence="0.8"><language_unit wordnetid="106284225" confidence="0.8"><link ns0:type="simple" ns0:href="../256/84256.xml">lernaean hydra</link></language_unit></people></group></part></eponym></class></imaginary_being></fictional_character></name></labor>attack swamp poison venom head regrow<belief wordnetid="105941423" confidence="0.8"><deity wordnetid="109505418" confidence="0.8"><fictional_character wordnetid="109587565" confidence="0.8"><imaginary_being wordnetid="109483738" confidence="0.8"><spiritual_being wordnetid="109504135" confidence="0.8"><link ns0:type="simple" ns0:href="../770/13770.xml">hercul</link></spiritual_being></imaginary_being></fictional_character></deity></belief>slice sword citi amycla annihil survivor abandon citi reloc mile south area itri inhabit itri emblem signum saluti serpent symbol power dog head amycleu symbol fidel</p><p>itri deriv<link ns0:type="simple" ns0:href="../730/17730.xml">latin</link>word iter mean rout appropri citi lie roman<link ns0:type="simple" ns0:href="../569/47569.xml">appia</link>built bc cross monti aurunci narrow pass gola di santandrea call<person wordnetid="100007846" confidence="0.9508927676800064"><writer wordnetid="110794014" confidence="0.9508927676800064"><novelist wordnetid="110363573" confidence="0.9173553029164789"><link ns0:type="simple" ns0:href="../884/5884.xml">charl dicken</link></novelist></writer></person>nobl mountain pass altern hypothesi origin town deriv cult eastern god<belief wordnetid="105941423" confidence="0.8"><deity wordnetid="109505418" confidence="0.8"><spiritual_being wordnetid="109504135" confidence="0.8"><link ns0:type="simple" ns0:href="../159/293159.xml">mithra</link></spiritual_being></deity></belief>larg subterranean templ dedic meter south town suggest deriv greek snake hydra pronounc dialect itra roman time itri post station role continu perform well nineteenth centuri borbon time itri post station go south<site wordnetid="108651247" confidence="0.9508927676800064"><village wordnetid="108672738" confidence="0.9508927676800064"><link ns0:type="simple" ns0:href="../458/25458.xml">rome</link></village></site><site wordnetid="108651247" confidence="0.9508927676800064"><village wordnetid="108672738" confidence="0.9508927676800064"><link ns0:type="simple" ns0:href="../880/55880.xml">napl</link></village></site></p><p>middl age popul grew three line wall built protect peopl live castl itri<link ns0:type="simple" ns0:href="../562/3761562.xml">duchi gaeta</link>possess<link>dellaquila</link>famili duke<structure wordnetid="104341686" confidence="0.8"><building wordnetid="102913152" confidence="0.8"><artifact wordnetid="100021939" confidence="0.8"><mansion wordnetid="103719053" confidence="0.8"><dwelling wordnetid="103259505" confidence="0.8"><church wordnetid="103028079" confidence="0.8"><housing wordnetid="103546340" confidence="0.8"><place_of_worship wordnetid="103953416" confidence="0.8"><cathedral wordnetid="102984061" confidence="0.8"><house wordnetid="103544360" confidence="0.8"><palace wordnetid="103878066" confidence="0.8"><link ns0:type="simple" ns0:href="../217/1106217.xml">fondi</link></palace></house></cathedral></place_of_worship></housing></church></dwelling></mansion></artifact></building></structure>modern time itri<country wordnetid="108544813" confidence="0.9508927676800064"><link ns0:type="simple" ns0:href="../779/258779.xml">kingdom napl</link></country></p><p>locat gola di santandrea itri histor scene consider militari activ number battl famou<link ns0:type="simple" ns0:href="../919/489919.xml">consalvo cordova</link>defeat<country wordnetid="108544813" confidence="0.9508927676800064"><link ns0:type="simple" ns0:href="../419/5843419.xml">french</link></country>armi command<peer wordnetid="110412910" confidence="0.8"><duke wordnetid="110038620" confidence="0.8"><link ns0:type="simple" ns0:href="../709/1145709.xml">duke nemour</link></duke></peer>action battl garigliano</p><p><military_action wordnetid="100952963" confidence="0.8"><group_action wordnetid="101080366" confidence="0.8"><event wordnetid="100029378" confidence="0.8"><conflict wordnetid="100958896" confidence="0.8"><act wordnetid="100030358" confidence="0.8"><psychological_feature wordnetid="100023100" confidence="0.8"><war wordnetid="100973077" confidence="0.8"><link ns0:type="simple" ns0:href="../927/32927.xml">war ii</link></war></psychological_feature></act></conflict></event></group_action></military_action>alli bomb destroy citi edific<image width="230px" src="ItriCampanileParteSup.jpg" type="thumb"><caption>bell tower destroy church santa maria maggior</caption></image><image width="230px" src="ItriCastello1.jpg" type="thumb"><caption>crocodil tower</caption></image><image width="230px" src="Infiorata.jpg" type="thumb"><caption>itri infiorata della repubblica</caption></image><image width="150px" src="Downtown_Itri.JPG"><caption>downtown itri</caption></image></p></sec><sec><st>main sight</st><p><list><entry level="1" type="bullet">notabl castl command neighbour valley squar tower<link ns0:type="simple" ns0:href="../212/418212.xml">merlon</link>wall attribut duke<link ns0:type="simple" ns0:href="../784/4700784.xml">docibili</link>gaeta grandson<peer wordnetid="110412910" confidence="0.8"><duke wordnetid="110038620" confidence="0.8"><link ns0:type="simple" ns0:href="../685/5910685.xml">marinu ii</link></duke></peer>polygon tower third tower nicknam del coccodrillo crocodil site lower posit directli appia third wall midth centuri</entry><entry level="1" type="bullet">church san michel arcangelo centuri arabicnorman style</entry><entry level="1" type="bullet">centuri bell tower destroy church st maria maggior<link ns0:type="simple" ns0:href="../630/647630.xml">byzantin art</link>style decor</entry><entry level="1" type="bullet">sanctuari madonna della civita locat citi mountain devot roman god<belief wordnetid="105941423" confidence="0.8"><deity wordnetid="109505418" confidence="0.8"><spiritual_being wordnetid="109504135" confidence="0.8"><link ns0:type="simple" ns0:href="../417/37417.xml">mercuri</link></spiritual_being></deity></belief>splendid panorama hous holi imag virgin legend paint<link ns0:type="simple" ns0:href="../710/18710.xml">st luke</link>crown<link ns0:type="simple" ns0:href="../246/69246.xml">pope piu vii</link><link ns0:type="simple" ns0:href="../161/54161.xml">piu ix</link>king<sovereign wordnetid="110628644" confidence="0.8"><physical_entity wordnetid="100001930" confidence="0.8"><representative wordnetid="110522035" confidence="0.8"><communicator wordnetid="109610660" confidence="0.8"><person wordnetid="100007846" confidence="0.8"><causal_agent wordnetid="100007347" confidence="0.8"><head_of_state wordnetid="110164747" confidence="0.8"><ruler wordnetid="110541229" confidence="0.8"><negotiator wordnetid="110351874" confidence="0.8"><link ns0:type="simple" ns0:href="../956/156956.xml">ferdinand ii napl</link></negotiator></ruler></head_of_state></causal_agent></person></communicator></representative></physical_entity></sovereign>visit place</entry><entry level="1" type="bullet">fortress santandrea built centuri ac remain ancient roman villa locat<link ns0:type="simple" ns0:href="../569/47569.xml">appia</link>direct<structure wordnetid="104341686" confidence="0.8"><building wordnetid="102913152" confidence="0.8"><artifact wordnetid="100021939" confidence="0.8"><mansion wordnetid="103719053" confidence="0.8"><dwelling wordnetid="103259505" confidence="0.8"><church wordnetid="103028079" confidence="0.8"><housing wordnetid="103546340" confidence="0.8"><place_of_worship wordnetid="103953416" confidence="0.8"><cathedral wordnetid="102984061" confidence="0.8"><house wordnetid="103544360" confidence="0.8"><palace wordnetid="103878066" confidence="0.8"><link ns0:type="simple" ns0:href="../217/1106217.xml">fondi</link></palace></house></cathedral></place_of_worship></housing></church></dwelling></mansion></artifact></building></structure>fortress<person wordnetid="100007846" confidence="0.9638700866880419"><biography wordnetid="106515827" confidence="0.9508927676800064"><link ns0:type="simple" ns0:href="../920/254920.xml">fra diavolo</link></biography></person>defens oper french</entry><entry level="1" type="bullet">beauti church santa maria di loreto locat hill northeast center town connect convent cappuccini order paint madonna loreto creat centuri neapolitan artist sarnelli hang church altar</entry></list></p></sec><sec><st>patron saint</st><p><image location="left" width="500px" src="Madonna_della_civita.jpg" type="thumb"><caption>madonna della civita</caption></image>madonna della civita patron town feast celebr<link ns0:type="simple" ns0:href="../179/16179.xml">juli</link></p><p>popular tradit narrat sacr paint repres imag madonna centuri deaf mute shepherd miss cow mount civita discov paint shepherd knee pray miracul hear speak time life town share discoveri itrani shock amaz wit shepherd auditori sens speech</p><p>origin paint appear date centuri byzantin emperor<link ns0:type="simple" ns0:href="../010/18010.xml">leo iii</link>order religi persecut ban cult sacr imag</p></sec><sec><st>famou peopl</st><p><list><entry level="1" type="bullet"><link ns0:type="simple" ns0:href="../920/254920.xml">michel pezza</link>fra diavolo</entry><entry level="1" type="bullet"><link ns0:type="simple" ns0:href="../302/24302.xml">pope urban vi</link></entry><entry level="1" type="bullet"><link ns0:type="simple" ns0:href="../544/12170544.xml">paolo burali darezzo</link></entry></list></p></sec><sec><st>cultur</st><p><list><entry level="1" type="bullet">march year peopl itri celebr feast saint joseph festa di san giusepp patron carpent festiv tie secular tradit night larg bonfir ignit peopl danc sing prepar tradit zeppol di san giusepp tradit fri dough sugar egg coat honey</entry></list></p><p><list><entry level="1" type="bullet">day corpu domini day easter itri celebr linfiorata entir road town della repubblica cover varieti color flower petal reproduc sacr imag imag town castl church day religi process pass floral masterpiec</entry></list></p><p><list><entry level="1" type="bullet">feast madonna della civita itri main attract celebr typic three consecut day juli occas itri emigr return hometown day feast celebr religi process peopl walk civita farnes amus ride hundr stand sell night culmin perform singer famou perform night celebr spectacular firework</entry></list></p><p><list><entry level="1" type="bullet">sunday august itri celebr product economi oliv feast sagra dellulivo celebr oil bruschetta oliv tast folklorist group sing danc main piazza itri export oliv oil oliv denomin gaeta oliv product nearbi citi ship seaport gaeta</entry></list></p><p><list><entry level="1" type="bullet">tradit dish prepar itri pasta fagioli pasta bean polenta sausag ragu risotto porcini mushroom linguin asparagu grill roast saute wild game wild boar jackrabbit pheasant quail local wild bird delici marzolino chees sheepsmilk chees local dish prepar porcini asparagu truffl wild game remot wood itri campello locat</entry></list></p></sec><sec><st>sister citi</st><p><list><entry level="1" type="bullet"><image width="22x20px" src="Flag_of_the_United_States.svg"><caption>flag unit</caption></image><village wordnetid="108672738" confidence="0.9508927676800064"><link ns0:type="simple" ns0:href="../322/134322.xml">cranston</link></village><body wordnetid="107965085" confidence="0.8"><social_group wordnetid="107950920" confidence="0.8"><political_orientation wordnetid="106212839" confidence="0.8"><colony wordnetid="108374049" confidence="0.8"><state wordnetid="108168978" confidence="0.8"><political_unit wordnetid="108359949" confidence="0.8"><group wordnetid="100031264" confidence="0.8"><democracy wordnetid="106217103" confidence="0.8"><link ns0:type="simple" ns0:href="../750/3434750.xml">unit</link></democracy></group></political_unit></state></colony></political_orientation></social_group></body></entry></list></p></sec><sec><st>trivia</st><p><list><entry level="1" type="bullet">movi<movie wordnetid="106613686" confidence="0.9508927676800064"><link ns0:type="simple" ns0:href="../882/193882.xml">women</link></movie>la ciociara sofia loren film itri</entry><entry level="1" type="bullet">legendari itrano combat<link ns0:type="simple" ns0:href="../920/254920.xml">michel pezza</link>inspir<physical_entity wordnetid="100001930" confidence="0.8"><composer wordnetid="109947232" confidence="0.8"><person wordnetid="100007846" confidence="0.8"><musician wordnetid="110339966" confidence="0.8"><causal_agent wordnetid="100007347" confidence="0.8"><artist wordnetid="109812338" confidence="0.8"><creator wordnetid="109614315" confidence="0.8"><link ns0:type="simple" ns0:href="../342/238342.xml">daniel auber</link></creator></artist></causal_agent></musician></person></composer></physical_entity>famou opera<music wordnetid="107020895" confidence="0.8"><classical_music wordnetid="107025900" confidence="0.8"><auditory_communication wordnetid="107109019" confidence="0.8"><opera wordnetid="107026352" confidence="0.8"><music_genre wordnetid="107071942" confidence="0.8"><expressive_style wordnetid="107066659" confidence="0.8"><link ns0:type="simple" ns0:href="../491/8917491.xml">fra diavolo</link></expressive_style></music_genre></opera></auditory_communication></classical_music></music><link ns0:type="simple" ns0:href="../909/55909.xml">laurel hardi</link>film<link>devil brother</link></entry></list></p></sec><sec><st>extern link</st><p><list><entry level="1" type="bullet"><weblink ns0:type="simple" ns0:href="http://www.comune.itri.lt.it/">comun di itri offici websit</weblink>italian</entry><entry level="1" type="bullet"><weblink ns0:type="simple" ns0:href="http://www.santuariodellacivita.it/">madonna della civita sanctuari</weblink>italian</entry><entry level="1" type="bullet"><weblink ns0:type="simple" ns0:href="http://en.comuni-italiani.it/059/010/">italian inform italian citi town</weblink></entry></list></p><p><table style=";" class="navbox" cellspacing="0"><row><col style="padding:2px;"><table style="width:100%;background:transparent;color:inherit;;" class="nowraplinks collapsible autocollapse " cellspacing="0"><row><header colspan="3" style=";" class="navbox-title"><region wordnetid="108630039" confidence="0.9508927676800064"><link ns0:type="simple" ns0:href="../701/18701.xml">lazio</link></region><link ns0:type="simple" ns0:href="../055/457055.xml">comuni</link><region wordnetid="108630985" confidence="0.8"><administrative_district wordnetid="108491826" confidence="0.8"><location wordnetid="100027167" confidence="0.8"><state wordnetid="108654360" confidence="0.8"><district wordnetid="108552138" confidence="0.8"><link ns0:type="simple" ns0:href="../582/1448582.xml">provinc latina</link></district></state></location></administrative_district></region></header></row><row style="height:2px;" /><row><col style="width:0%;padding:0px 2px 0px 0px;" rowspan="1"><image width="55px" src="Lazio-Stemma.png"><caption>lazio</caption></image></col><col colspan="2" style="width:100%;padding:0px;;;" class="navbox-list navbox-odd"><region wordnetid="108630985" confidence="0.8"><administrative_district wordnetid="108491826" confidence="0.8"><village wordnetid="108672738" confidence="0.8"><location wordnetid="100027167" confidence="0.8"><municipality wordnetid="108626283" confidence="0.8"><settlement wordnetid="108672562" confidence="0.8"><geographical_area wordnetid="108574314" confidence="0.8"><district wordnetid="108552138" confidence="0.8"><urban_area wordnetid="108675967" confidence="0.8"><city wordnetid="108524735" confidence="0.8"><link ns0:type="simple" ns0:href="../399/5844399.xml">aprilia</link></city></urban_area></district></geographical_area></settlement></municipality></location></village></administrative_district></region><region wordnetid="108630985" confidence="0.8"><administrative_district wordnetid="108491826" confidence="0.8"><location wordnetid="100027167" confidence="0.8"><municipality wordnetid="108626283" confidence="0.8"><geographical_area wordnetid="108574314" confidence="0.8"><district wordnetid="108552138" confidence="0.8"><urban_area wordnetid="108675967" confidence="0.8"><city wordnetid="108524735" confidence="0.8"><link ns0:type="simple" ns0:href="../522/6754522.xml">bassiano</link></city></urban_area></district></geographical_area></municipality></location></administrative_district></region><region wordnetid="108630985" confidence="0.8"><administrative_district wordnetid="108491826" confidence="0.8"><location wordnetid="100027167" confidence="0.8"><municipality wordnetid="108626283" confidence="0.8"><geographical_area wordnetid="108574314" confidence="0.8"><district wordnetid="108552138" confidence="0.8"><urban_area wordnetid="108675967" confidence="0.8"><city wordnetid="108524735" confidence="0.8"><link ns0:type="simple" ns0:href="../079/5845079.xml">campodimel</link></city></urban_area></district></geographical_area></municipality></location></administrative_district></region><region wordnetid="108630985" confidence="0.8"><administrative_district wordnetid="108491826" confidence="0.8"><location wordnetid="100027167" confidence="0.8"><municipality wordnetid="108626283" confidence="0.8"><geographical_area wordnetid="108574314" confidence="0.8"><district wordnetid="108552138" confidence="0.8"><urban_area wordnetid="108675967" confidence="0.8"><city wordnetid="108524735" confidence="0.8"><link ns0:type="simple" ns0:href="../019/5845019.xml">castelfort</link></city></urban_area></district></geographical_area></municipality></location></administrative_district></region><region wordnetid="108630985" confidence="0.8"><administrative_district wordnetid="108491826" confidence="0.8"><location wordnetid="100027167" confidence="0.8"><municipality wordnetid="108626283" confidence="0.8"><geographical_area wordnetid="108574314" confidence="0.8"><district wordnetid="108552138" confidence="0.8"><urban_area wordnetid="108675967" confidence="0.8"><city wordnetid="108524735" confidence="0.8"><link ns0:type="simple" ns0:href="../995/200995.xml">cisterna di latina</link></city></urban_area></district></geographical_area></municipality></location></administrative_district></region><link ns0:type="simple" ns0:href="../911/5844911.xml">cori</link><structure wordnetid="104341686" confidence="0.8"><building wordnetid="102913152" confidence="0.8"><artifact wordnetid="100021939" confidence="0.8"><mansion wordnetid="103719053" confidence="0.8"><dwelling wordnetid="103259505" confidence="0.8"><church wordnetid="103028079" confidence="0.8"><housing wordnetid="103546340" confidence="0.8"><place_of_worship wordnetid="103953416" confidence="0.8"><cathedral wordnetid="102984061" confidence="0.8"><house wordnetid="103544360" confidence="0.8"><palace wordnetid="103878066" confidence="0.8"><link ns0:type="simple" ns0:href="../217/1106217.xml">fondi</link></palace></house></cathedral></place_of_worship></housing></church></dwelling></mansion></artifact></building></structure><region wordnetid="108630985" confidence="0.8"><administrative_district wordnetid="108491826" confidence="0.8"><location wordnetid="100027167" confidence="0.8"><municipality wordnetid="108626283" confidence="0.8"><geographical_area wordnetid="108574314" confidence="0.8"><town wordnetid="108665504" confidence="0.8"><district wordnetid="108552138" confidence="0.8"><urban_area wordnetid="108675967" confidence="0.8"><link ns0:type="simple" ns0:href="../771/1022771.xml">formia</link></urban_area></district></town></geographical_area></municipality></location></administrative_district></region><site wordnetid="108651247" confidence="0.8"><region wordnetid="108630985" confidence="0.8"><administrative_district wordnetid="108491826" confidence="0.8"><location wordnetid="100027167" confidence="0.8"><tract wordnetid="108673395" confidence="0.8"><municipality wordnetid="108626283" confidence="0.8"><geographical_area wordnetid="108574314" confidence="0.8"><town wordnetid="108665504" confidence="0.8"><district wordnetid="108552138" confidence="0.8"><urban_area wordnetid="108675967" confidence="0.8"><link ns0:type="simple" ns0:href="../602/390602.xml">gaeta</link></urban_area></district></town></geographical_area></municipality></tract></location></administrative_district></region></site><region wordnetid="108630985" confidence="0.8"><structure wordnetid="104341686" confidence="0.8"><building wordnetid="102913152" confidence="0.8"><administrative_district wordnetid="108491826" confidence="0.8"><mansion wordnetid="103719053" confidence="0.8"><housing wordnetid="103546340" confidence="0.8"><location wordnetid="100027167" confidence="0.8"><municipality wordnetid="108626283" confidence="0.8"><house wordnetid="103544360" confidence="0.8"><city wordnetid="108524735" confidence="0.8"><artifact wordnetid="100021939" confidence="0.8"><dwelling wordnetid="103259505" confidence="0.8"><geographical_area wordnetid="108574314" confidence="0.8"><district wordnetid="108552138" confidence="0.8"><palace wordnetid="103878066" confidence="0.8"><urban_area wordnetid="108675967" confidence="0.8"><link ns0:type="simple" ns0:href="../393/1086393.xml">itri</link></urban_area></palace></district></geographical_area></dwelling></artifact></city></house></municipality></location></housing></mansion></administrative_district></building></structure></region><region wordnetid="108630985" confidence="0.8"><administrative_district wordnetid="108491826" confidence="0.8"><village wordnetid="108672738" confidence="0.8"><location wordnetid="100027167" confidence="0.8"><municipality wordnetid="108626283" confidence="0.8"><settlement wordnetid="108672562" confidence="0.8"><geographical_area wordnetid="108574314" confidence="0.8"><district wordnetid="108552138" confidence="0.8"><urban_area wordnetid="108675967" confidence="0.8"><city wordnetid="108524735" confidence="0.8"><link ns0:type="simple" ns0:href="../707/2072707.xml">latina</link></city></urban_area></district></geographical_area></settlement></municipality></location></village></administrative_district></region><region wordnetid="108630985" confidence="0.8"><administrative_district wordnetid="108491826" confidence="0.8"><location wordnetid="100027167" confidence="0.8"><municipality wordnetid="108626283" confidence="0.8"><geographical_area wordnetid="108574314" confidence="0.8"><district wordnetid="108552138" confidence="0.8"><urban_area wordnetid="108675967" confidence="0.8"><city wordnetid="108524735" confidence="0.8"><link ns0:type="simple" ns0:href="../460/5844460.xml">lenola</link></city></urban_area></district></geographical_area></municipality></location></administrative_district></region><region wordnetid="108630985" confidence="0.8"><administrative_district wordnetid="108491826" confidence="0.8"><location wordnetid="100027167" confidence="0.8"><municipality wordnetid="108626283" confidence="0.8"><geographical_area wordnetid="108574314" confidence="0.8"><district wordnetid="108552138" confidence="0.8"><urban_area wordnetid="108675967" confidence="0.8"><city wordnetid="108524735" confidence="0.8"><link ns0:type="simple" ns0:href="../553/6754553.xml">maenza</link></city></urban_area></district></geographical_area></municipality></location></administrative_district></region><site wordnetid="108651247" confidence="0.8"><region wordnetid="108630985" confidence="0.8"><administrative_district wordnetid="108491826" confidence="0.8"><location wordnetid="100027167" confidence="0.8"><tract wordnetid="108673395" confidence="0.8"><municipality wordnetid="108626283" confidence="0.8"><geographical_area wordnetid="108574314" confidence="0.8"><town wordnetid="108665504" confidence="0.8"><district wordnetid="108552138" confidence="0.8"><urban_area wordnetid="108675967" confidence="0.8"><link ns0:type="simple" ns0:href="../751/2392751.xml">minturno</link></urban_area></district></town></geographical_area></municipality></tract></location></administrative_district></region></site><region wordnetid="108630985" confidence="0.8"><administrative_district wordnetid="108491826" confidence="0.8"><location wordnetid="100027167" confidence="0.8"><municipality wordnetid="108626283" confidence="0.8"><geographical_area wordnetid="108574314" confidence="0.8"><district wordnetid="108552138" confidence="0.8"><urban_area wordnetid="108675967" confidence="0.8"><city wordnetid="108524735" confidence="0.8"><link ns0:type="simple" ns0:href="../564/4929564.xml">mont san biagio</link></city></urban_area></district></geographical_area></municipality></location></administrative_district></region><region wordnetid="108630985" confidence="0.8"><administrative_district wordnetid="108491826" confidence="0.8"><location wordnetid="100027167" confidence="0.8"><municipality wordnetid="108626283" confidence="0.8"><geographical_area wordnetid="108574314" confidence="0.8"><district wordnetid="108552138" confidence="0.8"><urban_area wordnetid="108675967" confidence="0.8"><city wordnetid="108524735" confidence="0.8"><link ns0:type="simple" ns0:href="../578/6754578.xml">norma</link></city></urban_area></district></geographical_area></municipality></location></administrative_district></region><region wordnetid="108630985" confidence="0.8"><administrative_district wordnetid="108491826" confidence="0.8"><location wordnetid="100027167" confidence="0.8"><municipality wordnetid="108626283" confidence="0.8"><geographical_area wordnetid="108574314" confidence="0.8"><district wordnetid="108552138" confidence="0.8"><urban_area wordnetid="108675967" confidence="0.8"><city wordnetid="108524735" confidence="0.8"><link ns0:type="simple" ns0:href="../585/6754585.xml">pontinia</link></city></urban_area></district></geographical_area></municipality></location></administrative_district></region><link ns0:type="simple" ns0:href="../349/7230349.xml">ponza</link><region wordnetid="108630985" confidence="0.8"><administrative_district wordnetid="108491826" confidence="0.8"><location wordnetid="100027167" confidence="0.8"><municipality wordnetid="108626283" confidence="0.8"><geographical_area wordnetid="108574314" confidence="0.8"><district wordnetid="108552138" confidence="0.8"><urban_area wordnetid="108675967" confidence="0.8"><city wordnetid="108524735" confidence="0.8"><link ns0:type="simple" ns0:href="../273/5667273.xml">priverno</link></city></urban_area></district></geographical_area></municipality></location></administrative_district></region><region wordnetid="108630985" confidence="0.8"><administrative_district wordnetid="108491826" confidence="0.8"><location wordnetid="100027167" confidence="0.8"><municipality wordnetid="108626283" confidence="0.8"><geographical_area wordnetid="108574314" confidence="0.8"><district wordnetid="108552138" confidence="0.8"><urban_area wordnetid="108675967" confidence="0.8"><city wordnetid="108524735" confidence="0.8"><link ns0:type="simple" ns0:href="../602/6754602.xml">prossedi</link></city></urban_area></district></geographical_area></municipality></location></administrative_district></region><region wordnetid="108630985" confidence="0.8"><administrative_district wordnetid="108491826" confidence="0.8"><location wordnetid="100027167" confidence="0.8"><municipality wordnetid="108626283" confidence="0.8"><geographical_area wordnetid="108574314" confidence="0.8"><district wordnetid="108552138" confidence="0.8"><urban_area wordnetid="108675967" confidence="0.8"><city wordnetid="108524735" confidence="0.8"><link ns0:type="simple" ns0:href="../618/6754618.xml">rocca massima</link></city></urban_area></district></geographical_area></municipality></location></administrative_district></region><region wordnetid="108630985" confidence="0.8"><administrative_district wordnetid="108491826" confidence="0.8"><location wordnetid="100027167" confidence="0.8"><municipality wordnetid="108626283" confidence="0.8"><geographical_area wordnetid="108574314" confidence="0.8"><district wordnetid="108552138" confidence="0.8"><urban_area wordnetid="108675967" confidence="0.8"><city wordnetid="108524735" confidence="0.8"><link ns0:type="simple" ns0:href="../606/6754606.xml">roccagorga</link></city></urban_area></district></geographical_area></municipality></location></administrative_district></region><region wordnetid="108630985" confidence="0.8"><administrative_district wordnetid="108491826" confidence="0.8"><location wordnetid="100027167" confidence="0.8"><municipality wordnetid="108626283" confidence="0.8"><geographical_area wordnetid="108574314" confidence="0.8"><district wordnetid="108552138" confidence="0.8"><urban_area wordnetid="108675967" confidence="0.8"><city wordnetid="108524735" confidence="0.8"><link ns0:type="simple" ns0:href="../624/6754624.xml">roccasecca dei volsci</link></city></urban_area></district></geographical_area></municipality></location></administrative_district></region><region wordnetid="108630985" confidence="0.8"><administrative_district wordnetid="108491826" confidence="0.8"><location wordnetid="100027167" confidence="0.8"><municipality wordnetid="108626283" confidence="0.8"><geographical_area wordnetid="108574314" confidence="0.8"><town wordnetid="108665504" confidence="0.8"><district wordnetid="108552138" confidence="0.8"><urban_area wordnetid="108675967" confidence="0.8"><city wordnetid="108524735" confidence="0.8"><link ns0:type="simple" ns0:href="../304/5667304.xml">sabaudia</link></city></urban_area></district></town></geographical_area></municipality></location></administrative_district></region><region wordnetid="108630985" confidence="0.8"><administrative_district wordnetid="108491826" confidence="0.8"><location wordnetid="100027167" confidence="0.8"><municipality wordnetid="108626283" confidence="0.8"><geographical_area wordnetid="108574314" confidence="0.8"><district wordnetid="108552138" confidence="0.8"><urban_area wordnetid="108675967" confidence="0.8"><city wordnetid="108524735" confidence="0.8"><link ns0:type="simple" ns0:href="../615/5844615.xml">san felic circeo</link></city></urban_area></district></geographical_area></municipality></location></administrative_district></region><region wordnetid="108630985" confidence="0.8"><administrative_district wordnetid="108491826" confidence="0.8"><location wordnetid="100027167" confidence="0.8"><municipality wordnetid="108626283" confidence="0.8"><geographical_area wordnetid="108574314" confidence="0.8"><district wordnetid="108552138" confidence="0.8"><urban_area wordnetid="108675967" confidence="0.8"><city wordnetid="108524735" confidence="0.8"><link ns0:type="simple" ns0:href="../133/5845133.xml">santi cosma damiano</link></city></urban_area></district></geographical_area></municipality></location></administrative_district></region><link ns0:type="simple" ns0:href="../157/4868157.xml">sermoneta</link><region wordnetid="108630985" confidence="0.8"><administrative_district wordnetid="108491826" confidence="0.8"><location wordnetid="100027167" confidence="0.8"><municipality wordnetid="108626283" confidence="0.8"><geographical_area wordnetid="108574314" confidence="0.8"><district wordnetid="108552138" confidence="0.8"><urban_area wordnetid="108675967" confidence="0.8"><city wordnetid="108524735" confidence="0.8"><link ns0:type="simple" ns0:href="../394/2583394.xml">sezz</link></city></urban_area></district></geographical_area></municipality></location></administrative_district></region><region wordnetid="108630985" confidence="0.8"><administrative_district wordnetid="108491826" confidence="0.8"><location wordnetid="100027167" confidence="0.8"><municipality wordnetid="108626283" confidence="0.8"><geographical_area wordnetid="108574314" confidence="0.8"><district wordnetid="108552138" confidence="0.8"><urban_area wordnetid="108675967" confidence="0.8"><city wordnetid="108524735" confidence="0.8"><link ns0:type="simple" ns0:href="../536/5844536.xml">sonnino</link></city></urban_area></district></geographical_area></municipality></location></administrative_district></region><region wordnetid="108630985" confidence="0.8"><administrative_district wordnetid="108491826" confidence="0.8"><location wordnetid="100027167" confidence="0.8"><municipality wordnetid="108626283" confidence="0.8"><geographical_area wordnetid="108574314" confidence="0.8"><town wordnetid="108665504" confidence="0.8"><district wordnetid="108552138" confidence="0.8"><urban_area wordnetid="108675967" confidence="0.8"><link ns0:type="simple" ns0:href="../050/2331050.xml">sperlonga</link></urban_area></district></town></geographical_area></municipality></location></administrative_district></region><region wordnetid="108630985" confidence="0.8"><administrative_district wordnetid="108491826" confidence="0.8"><location wordnetid="100027167" confidence="0.8"><municipality wordnetid="108626283" confidence="0.8"><geographical_area wordnetid="108574314" confidence="0.8"><district wordnetid="108552138" confidence="0.8"><urban_area wordnetid="108675967" confidence="0.8"><city wordnetid="108524735" confidence="0.8"><link ns0:type="simple" ns0:href="../959/5844959.xml">spigno saturnia</link></city></urban_area></district></geographical_area></municipality></location></administrative_district></region><site wordnetid="108651247" confidence="0.8"><region wordnetid="108630985" confidence="0.8"><administrative_district wordnetid="108491826" confidence="0.8"><location wordnetid="100027167" confidence="0.8"><tract wordnetid="108673395" confidence="0.8"><municipality wordnetid="108626283" confidence="0.8"><geographical_area wordnetid="108574314" confidence="0.8"><town wordnetid="108665504" confidence="0.8"><district wordnetid="108552138" confidence="0.8"><urban_area wordnetid="108675967" confidence="0.8"><link ns0:type="simple" ns0:href="../683/1726683.xml">terracina</link></urban_area></district></town></geographical_area></municipality></tract></location></administrative_district></region></site><region wordnetid="108630985" confidence="0.8"><administrative_district wordnetid="108491826" confidence="0.8"><location wordnetid="100027167" confidence="0.8"><municipality wordnetid="108626283" confidence="0.8"><land wordnetid="109334396" confidence="0.8"><geographical_area wordnetid="108574314" confidence="0.8"><district wordnetid="108552138" confidence="0.8"><urban_area wordnetid="108675967" confidence="0.8"><island wordnetid="109316454" confidence="0.8"><city wordnetid="108524735" confidence="0.8"><link ns0:type="simple" ns0:href="../756/1094756.xml">ventoten</link></city></island></urban_area></district></geographical_area></land></municipality></location></administrative_district></region></col></row></table></col></row></table></p></sec></bdy></urban_area></palace></district></geographical_area></dwelling></artifact></city></house></municipality></location></housing></mansion></administrative_district></building></structure></region></article>