<article xmlns:ns0="http://www.w3.org/1999/xlink"><entity confidence="0.9511911446218017" wordnetid="100001740"><actor confidence="0.9508927676800064" wordnetid="109765278"><dancer confidence="0.9511911446218017" wordnetid="109989502"><header><title>paul mercurio</title><id /><revision><id /><timestamp>tz</timestamp><contributor><username>cmdrobot</username><id /></contributor></revision><categories><category>birth</category><category>live peopl</category><category>australian dancer</category><category>peopl swan hill</category><category>australian televis actor</category><category>australian film actor</category><category>australian italian descent</category></categories></header><bdy><template><name>infobox actor</name><parameters><image width="150px" src="Replace_this_image_male.svg"><caption>replac imag malesvg</caption></image><website>httpwwwpaulmercuriocom</website><location><link ns0:type="simple" ns0:href="../582/3169582.xml">swan hill</link><body wordnetid="107965085" confidence="0.8"><social_group wordnetid="107950920" confidence="0.8"><colony wordnetid="108374049" confidence="0.8"><group wordnetid="100031264" confidence="0.8"><link ns0:type="simple" ns0:href="../460/4689460.xml">victoria</link></group></colony></social_group></body></location><spouse>andrea mercurio</spouse><name>paul joseph mercurio</name><birthdate>march age</birthdate><imagesize>px</imagesize></parameters></template>comedian<physical_entity wordnetid="100001930" confidence="0.8"><comedian wordnetid="109940146" confidence="0.8"><person wordnetid="100007846" confidence="0.8"><performer wordnetid="110415638" confidence="0.8"><causal_agent wordnetid="100007347" confidence="0.8"><entertainer wordnetid="109616922" confidence="0.8"><link ns0:type="simple" ns0:href="../083/6062083.xml">paul mecurio</link></entertainer></causal_agent></performer></person></comedian></physical_entity><p>paul joseph mercurio born<link ns0:type="simple" ns0:href="../587/20587.xml">march</link><link ns0:type="simple" ns0:href="../648/34648.xml" /><country wordnetid="108544813" confidence="0.9508927676800064"><link ns0:type="simple" ns0:href="../264/4689264.xml">australia</link></country>actor dancer star<actor wordnetid="109765278" confidence="0.9508927676800064"><link ns0:type="simple" ns0:href="../171/152171.xml">baz luhrmann</link></actor><movie wordnetid="106613686" confidence="0.9508927676800064"><link ns0:type="simple" ns0:href="../202/542202.xml">strictli ballroom</link></movie>father charact actor<actor wordnetid="109765278" confidence="0.9173553029164789"><link ns0:type="simple" ns0:href="../278/2779278.xml">gu mercurio</link></actor></p><p>mercurio judg australian version popular televis<link ns0:type="simple" ns0:href="../813/3728813.xml">danc star</link>broadcast australia<channel wordnetid="106259898" confidence="0.9508927676800064"><link ns0:type="simple" ns0:href="../657/494657.xml">channel</link></channel>judg zealand edit sack judg version danc star</p><p>mercurio best rememb lead role rebel scott hast baz luhrmann movi<movie wordnetid="106613686" confidence="0.9508927676800064"><link ns0:type="simple" ns0:href="../202/542202.xml">strictli ballroom</link></movie>accomplish dramat actor appear popular australian blue heeler saint murder call medivac heartbreak high water rat day rose</p><sec><st>biographi</st><p>born<site wordnetid="108651247" confidence="0.9508927676800064"><link ns0:type="simple" ns0:href="../582/3169582.xml">swan hill victoria</link></site>mercurio began ballet age princip dancer<company wordnetid="108058098" confidence="0.8"><institution wordnetid="108053576" confidence="0.8"><link ns0:type="simple" ns0:href="../613/477613.xml">sydney danc compani</link></institution></company>posit held ten year time commiss choreograph work perform compani</p><p>mercurio left sydney danc compani<company wordnetid="108058098" confidence="0.8"><institution wordnetid="108053576" confidence="0.8"><link ns0:type="simple" ns0:href="../308/16454308.xml">australian choreograph ensembl</link></institution></company>danc director princip dancer princip choreograph</p><p>mercurio film debut<movie wordnetid="106613686" confidence="0.9508927676800064"><link ns0:type="simple" ns0:href="../202/542202.xml">strictli ballroom</link></movie>receiv<body wordnetid="107965085" confidence="0.8"><social_group wordnetid="107950920" confidence="0.8"><group wordnetid="100031264" confidence="0.8"><administration wordnetid="108164585" confidence="0.8"><link ns0:type="simple" ns0:href="../462/380462.xml">australian film institut</link></administration></group></social_group></body>award nomin film credit includ<movie wordnetid="106613686" confidence="0.9508927676800064"><link ns0:type="simple" ns0:href="../956/6084956.xml">exit eden</link></movie><link /><link ns0:type="simple" ns0:href="../099/2099099.xml">cosi</link><movie wordnetid="106613686" confidence="0.9508927676800064"><link ns0:type="simple" ns0:href="../030/7469030.xml">red ribbon blue</link></movie><movie wordnetid="106613686" confidence="0.9508927676800064"><link ns0:type="simple" ns0:href="../745/2251745.xml">woop woop</link></movie><link>dark planet</link><link>week</link><link ns0:type="simple" ns0:href="../831/16831.xml">kick</link>star wrote choreograph produc direct short film spilt milk mercurio tv debut documentari life call life burn desir star lead role joseph emmi awardwin tv miniseri</p><p>today mercurio continu danc choreograph profession movement consult<rapper wordnetid="110507482" confidence="0.9173553029164789"><manufacturer wordnetid="110292316" confidence="0.9173553029164789"><film_maker wordnetid="110088390" confidence="0.9173553029164789"><actor wordnetid="109765278" confidence="0.9173553029164789"><artist wordnetid="109812338" confidence="0.9508927676800064"><link ns0:type="simple" ns0:href="../698/154698.xml">will smith</link></artist></actor></film_maker></manufacturer></rapper>movi<album wordnetid="106591815" confidence="0.9508927676800064"><movie wordnetid="106613686" confidence="0.9508927676800064"><link ns0:type="simple" ns0:href="../947/564947.xml">robot</link></movie></album>choreograph usa tv campaign<link ns0:type="simple" ns0:href="../690/6690.xml">coca cola</link>harri miller product<musical wordnetid="107019172" confidence="0.9508927676800064"><link ns0:type="simple" ns0:href="../554/59554.xml">jesu christ superstar</link></musical><musical wordnetid="107019172" confidence="0.9508927676800064"><link ns0:type="simple" ns0:href="../348/286348.xml">anni gun</link></musical></p><p>januari appear stage<movie wordnetid="106613686" confidence="0.9508927676800064"><link ns0:type="simple" ns0:href="../453/142453.xml">full monti</link></movie>mercurio judg australian zealand version<series wordnetid="108457976" confidence="0.9508927676800064"><link ns0:type="simple" ns0:href="../887/5045887.xml">danc star</link></series>announc august drop judg panel</p><p>paul began host seri call mercurio menu travel australia cook locat</p><p>mercurio teach full time student danc studio melbourn australia</p></sec><sec><st>extern link</st><p><list><entry level="1" type="bullet"><weblink ns0:type="simple" ns0:href="http://www.imdb.com/name/nm0580527/">paul mercurio</weblink><web_site wordnetid="106359193" confidence="0.9508927676800064"><link ns0:type="simple" ns0:href="../554/2855554.xml">internet movi databas</link></web_site></entry><entry level="1" type="bullet"><weblink ns0:type="simple" ns0:href="http://www.australiadancing.org/subjects/43.html">paul mercurio biographi</weblink>australiadanc</entry><entry level="1" type="bullet"><weblink ns0:type="simple" ns0:href="http://www.mercuriosmenu.com/">mercurio menu</weblink>mercurio menu</entry></list></p><p>newscomau paul mercurio danc ian dickinson idol fear httpwwwnewscomauentertainmentstoryhtml</p></sec></bdy></dancer></actor></entity></article>