<article xmlns:ns0="http://www.w3.org/1999/xlink"><header><title>fatti acid</title><id /><revision><id /><timestamp>tz</timestamp><contributor><username>edgar</username><id /></contributor></revision><categories><category>fatti acid</category><category>nutrit</category></categories></header><bdy>confus<link ns0:type="simple" ns0:href="../042/11042.xml">fat</link><p><table class="infobox"><header style="text-align: center; background: #eee;">type<link ns0:type="simple" ns0:href="../042/11042.xml">fat</link><link ns0:type="simple" ns0:href="../646/10646.xml">food</link></header><row><col><list><entry level="1" type="bullet"><link ns0:type="simple" ns0:href="../748/264748.xml">unsatur fat</link></entry><entry level="2" type="bullet"><link ns0:type="simple" ns0:href="../404/1051404.xml">monounsatur fat</link></entry><entry level="2" type="bullet"><link ns0:type="simple" ns0:href="../513/1610513.xml">polyunsatur fat</link></entry><entry level="2" type="bullet"><link ns0:type="simple" ns0:href="../487/263487.xml">tran fat</link></entry><entry level="2" type="bullet">omega fatti acid</entry><entry level="3" type="bullet"><link ns0:type="simple" ns0:href="../594/22594.xml" /></entry><entry level="3" type="bullet"><link ns0:type="simple" ns0:href="../218/681218.xml" /></entry><entry level="3" type="bullet"><link ns0:type="simple" ns0:href="../439/3110439.xml" /></entry><entry level="1" type="bullet"><link ns0:type="simple" ns0:href="../746/264746.xml">satur fat</link></entry><entry level="2" type="bullet"><link ns0:type="simple" ns0:href="../034/9057034.xml">interesterifi fat</link></entry></list></col></row><row><header style="text-align: center; background: #eee;" /></row><row><col><list><entry level="1" type="bullet"><link ns0:type="simple" ns0:href="../975/10975.xml">fatti acid</link></entry><entry level="1" type="bullet"><link ns0:type="simple" ns0:href="../948/105948.xml">essenti fatti acid</link>stylebackgroundfff fontsiz lineheight</entry></list><image width="50x28px" src="Bananen.jpg" />stylepad em food portal</col></row></table><link ns0:type="simple" ns0:href="../180/5180.xml">chemistri</link><link ns0:type="simple" ns0:href="../954/3954.xml">biochemistri</link>fatti acid<link ns0:type="simple" ns0:href="../099/6099.xml">carboxyl acid</link>long unbranch<link ns0:type="simple" ns0:href="../ury/22nd_century.xml">aliphat</link>tail<link ns0:type="simple" ns0:href="../153/7717153.xml">chain</link><link ns0:type="simple" ns0:href="../554/664554.xml">satur</link><link ns0:type="simple" ns0:href="../805/1786805.xml">unsatur</link>carboxyl acid short<link ns0:type="simple" ns0:href="../345/232345.xml">butyr acid</link><link ns0:type="simple" ns0:href="../299/5299.xml">carbon</link><link ns0:type="simple" ns0:href="../902/902.xml">atom</link>consid fatti acid fatti acid deriv natur<link ns0:type="simple" ns0:href="../042/11042.xml">fat</link><link ns0:type="simple" ns0:href="../510/4207510.xml">oil</link>assum carbon atom<link ns0:type="simple" ns0:href="../774/3127774.xml">capryl acid</link>octano acid natur fatti acid number carbon atom<link ns0:type="simple" ns0:href="../902/1123902.xml">biosynthesi</link>involv<link ns0:type="simple" ns0:href="../273/190273.xml">acetylcoa</link><link ns0:type="simple" ns0:href="../654/81654.xml">coenzym</link>carri twocarbonatom group<link ns0:type="simple" ns0:href="../579/9568579.xml">fatti acid synthesi</link></p><p>fatti acid produc<link ns0:type="simple" ns0:href="../385/14385.xml">hydrolysi</link><link ns0:type="simple" ns0:href="../675/9675.xml">ester</link>linkag<link ns0:type="simple" ns0:href="../042/11042.xml">fat</link>biolog oil<link ns0:type="simple" ns0:href="../525/56525.xml">triglycerid</link>remov<link ns0:type="simple" ns0:href="../732/172732.xml">glycerol</link><link ns0:type="simple" ns0:href="../102/292102.xml">oleochem</link></p><p>fatti acid aliphat monocarboxyl acid deriv contain esterifi form anim veget fat oil wax natur fatti acid commonli chain carbon unbranch number satur unsatur extens term embrac acycl aliphat carboxyl acid<ref ns0:type="simple" ns0:href="#xpointer(//reflist/entry[@id=%221%22])" />includ<link ns0:type="simple" ns0:href="../902/42902.xml">acet acid</link>consid fatti acid short<link ns0:type="simple" ns0:href="../525/56525.xml">triglycerid</link><link ns0:type="simple" ns0:href="../483/2988483.xml">triacetin</link>miscibl water<link ns0:type="simple" ns0:href="../940/17940.xml">lipid</link></p><sec><st>type</st><p><image location="right" width="300px" src="rasyslami.jpg" type="thumb"><caption>three dimension represent fatti acid</caption></image>fatti acid satur unsatur depend<link ns0:type="simple" ns0:href="../246/6246.xml">doubl bond</link>differ length well</p><ss1><st>satur fatti acid</st><p>satur fatti acid<link ns0:type="simple" ns0:href="../246/6246.xml">doubl bond</link><link ns0:type="simple" ns0:href="../911/10911.xml">function group</link>chain term satur refer<link ns0:type="simple" ns0:href="../255/13255.xml">hydrogen</link>carbon apart carboxyl acid cooh group hydrogen omega hydrogen ch carbon chain hydrogen atom</p><p>satur fatti acid form straight chain result pack tightli allow live organ store chemic energi dens fatti tissu anim larg amount longchain satur fatti acid<link ns0:type="simple" ns0:href="../503/3141503.xml">iupac nomenclatur</link>fatti acid oic acid suffix<link ns0:type="simple" ns0:href="../839/290839.xml">common nomenclatur</link>suffix ic</p><p>shortest descript fatti acid includ number carbon atom doubl bond carbon chain fatti acid consist carbon atom<link ns0:type="simple" ns0:href="../246/6246.xml">doubl bond</link>describ carbon chain<link ns0:type="simple" ns0:href="../246/6246.xml">doubl bond</link>doubl bond<link ns0:type="simple" ns0:href="../528/12528.xml">ci</link><link ns0:type="simple" ns0:href="../528/12528.xml">tran</link>conform stand posit respect end fatti acid cs exampl ident doubl bond fatti acid longer consid satur mono polyunsatur</p><p>commonlyoccur satur fatti acid varieti</p><p><table class="wikitable"><row><col>common</col><col>iupac</col><col>chemic structur</col><col>abbr</col><col>melt point</col></row><row><col><link ns0:type="simple" ns0:href="../345/232345.xml">butyr</link></col><col>butano acid</col><col>chchcooh</col><col /><col /></row><row><col><link ns0:type="simple" ns0:href="../897/2933897.xml">caproic</link></col><col>hexano acid</col><col>chchcooh</col><col /><col /></row><row><col><link ns0:type="simple" ns0:href="../774/3127774.xml">capryl</link></col><col>octano acid</col><col>chchcooh</col><col /><col /></row><row><col><link ns0:type="simple" ns0:href="../173/2349173.xml">capric</link></col><col>decano acid</col><col>chchcooh</col><col /><col /></row><row><col><link ns0:type="simple" ns0:href="../497/1598497.xml">lauric</link></col><col>dodecano acid</col><col>chchcooh</col><col /><col /></row><row><col><link ns0:type="simple" ns0:href="../038/1718038.xml">myrist</link></col><col>tetradecano acid</col><col>chchcooh</col><col /><col /></row><row><col><link ns0:type="simple" ns0:href="../488/542488.xml">palmit</link></col><col>hexadecano acid</col><col>chchcooh</col><col /><col /></row><row><col><link ns0:type="simple" ns0:href="../511/338511.xml">stearic</link></col><col>octadecano acid</col><col>chchcooh</col><col /><col /></row><row><col><link ns0:type="simple" ns0:href="../531/542531.xml">arachid</link></col><col>eicosano acid</col><col>chchcooh</col><col /><col /></row><row><col><link ns0:type="simple" ns0:href="../741/3306741.xml">behen</link></col><col>docosano acid</col><col>chchcooh</col><col /><col /></row><row><col><link ns0:type="simple" ns0:href="../766/3306766.xml">lignocer</link></col><col>tetracosano acid</col><col>chchcooh</col><col /></row></table></p></ss1><ss1><st>unsatur fatti acid</st><p><image location="right" width="300px" src="Isomers_of_oleic_acid.png" type="thumb"><caption>comparison tran isom top cisisom<link ns0:type="simple" ns0:href="../100/661100.xml">oleic acid</link></caption></image>unsatur fatti acid form<link ns0:type="simple" ns0:href="../761/2761.xml">alkenyl</link>function group exist chain alken substitut singl<link ns0:type="simple" ns0:href="../993/5993.xml">bond</link>chch chain<link ns0:type="simple" ns0:href="../246/6246.xml">doublebond</link>chch portion carbon doublebond carbon</p><p>carbon atom chain bound side doubl bond occur<link ns0:type="simple" ns0:href="../445/9130445.xml">ci</link><link ns0:type="simple" ns0:href="../534/264534.xml">tran</link>configur</p><p><list><entry level="1" type="definition">ci ci configur adjac hydrogen atom side doubl bond rigid doubl bond freez conform case ci isom chain bend restrict conform freedom fatti acid doubl bond chain ci configur flexibl chain ci bond curv access conform exampl<link ns0:type="simple" ns0:href="../100/661100.xml">oleic acid</link>doubl bond kink<link ns0:type="simple" ns0:href="../497/880497.xml">linol acid</link>doubl bond pronounc bend<link ns0:type="simple" ns0:href="../316/153316.xml">alphalinolen acid</link>three doubl bond favor hook shape restrict environ fatti acid phospholipid lipid bilay triglycerid lipid droplet ci bond limit abil fatti acid close pack affect melt temperatur membran fat</entry><entry level="1" type="definition">tran tran configur contrast hydrogen atom bound opposit side doubl bond result chain bend shape straight satur fatti acid</entry></list></p><p>naturallyoccur unsatur fatti acid doubl bond carbon atom ci bond fatti acid tran configur tran fat natur result human process<link ns0:type="simple" ns0:href="../968/235968.xml">hydrogen</link></p><p>differ geometri type unsatur fatti acid well satur unsatur fatti acid play role biolog process construct biolog structur cell membran</p><ss2><st>nomenclatur</st><p>system nomenclatur<link ns0:type="simple" ns0:href="../805/1786805.xml">unsatur</link>fatti acid tabl describ common system</p><p><table class="wikitable"><row><header>system</header><header>exampl</header><header>explan</header></row><row><header>trivial nomenclatur</header><col><link ns0:type="simple" ns0:href="../025/3025025.xml">palmitol acid</link></col><col><link ns0:type="simple" ns0:href="../940/889940.xml">trivial</link>common name nonsystemat histor name frequent name system literatur common fatti acid trivial name addit systemat name name follow pattern concis gener unambigu</col></row><row><header>systemat nomenclatur</header><col><link ns0:type="simple" ns0:href="../100/661100.xml">zoctadeceno acid</link></col><col><social_group wordnetid="107950920" confidence="0.8"><meeting wordnetid="108307589" confidence="0.8"><gathering wordnetid="107975026" confidence="0.8"><convention wordnetid="108309086" confidence="0.8"><group wordnetid="100031264" confidence="0.8"><link ns0:type="simple" ns0:href="../386/218386.xml">systemat</link></group></convention></gathering></meeting></social_group>iupac name deriv standard<message wordnetid="106598915" confidence="0.8"><information wordnetid="106634376" confidence="0.8"><electronic_database wordnetid="106588511" confidence="0.8"><lexical_database wordnetid="106638868" confidence="0.8"><wordnet wordnetid="106639428" confidence="0.8"><database wordnetid="106637824" confidence="0.8"><link ns0:type="simple" ns0:href="../402/514402.xml">iupac rule nomenclatur organ chemistri</link></database></wordnet></lexical_database></electronic_database></information></message>publish<ref ns0:type="simple" ns0:href="#xpointer(//reflist/entry[@id=%222%22])" />recommend publish lipid<ref ns0:type="simple" ns0:href="#xpointer(//reflist/entry[@id=%223%22])" />count<link ns0:type="simple" ns0:href="../099/6099.xml">carboxyl acid</link><link ns0:type="simple" ns0:href="../246/6246.xml">doubl bond</link>label<link ns0:type="simple" ns0:href="../528/12528.xml">ci</link><link ns0:type="simple" ns0:href="../528/12528.xml">tran</link>notat<link ns0:type="simple" ns0:href="../959/10791959.xml" /><link ns0:type="simple" ns0:href="../959/10791959.xml" />notat appropri notat gener verbos common nomenclatur advantag technic clear descript</col></row><row><header>nomenclatur</header><col><link ns0:type="simple" ns0:href="../497/880497.xml">cisci</link></col><col>deltax nomenclatur doubl bond indic doubl bond locat xth carboncarbon bond count carboxyl acid doubl bond preced<link ns0:type="simple" ns0:href="../528/12528.xml">ci</link><link ns0:type="simple" ns0:href="../528/12528.xml">tran</link>prefix indic conform molecul bond exampl<link ns0:type="simple" ns0:href="../497/880497.xml">linol acid</link>design</col></row><row><header>nx nomenclatur</header><col><link ns0:type="simple" ns0:href="../594/22594.xml" /></col><col>nx minu omegax nomenclatur provid name individu compound shorthand categor fatti acid physiolog properti doubl bond locat xth carboncarbon bond count termin<link ns0:type="simple" ns0:href="../839/19839.xml">methyl</link>carbon design<link ns0:type="simple" ns0:href="../788/158788.xml">carbonyl</link>carbon exampl<link ns0:type="simple" ns0:href="../316/153316.xml">linolen acid</link>classifi<link ns0:type="simple" ns0:href="../594/22594.xml" /><link ns0:type="simple" ns0:href="../594/22594.xml">omega</link>fatti acid share properti compound type omegax notat common popular literatur<link ns0:type="simple" ns0:href="../503/3141503.xml">iupac</link>deprec favor nx notat technic document<ref ns0:type="simple" ns0:href="#xpointer(//reflist/entry[@id=%222%22])" />commonli research fatti acid type<link ns0:type="simple" ns0:href="../594/22594.xml" /><link ns0:type="simple" ns0:href="../218/681218.xml" />uniqu biolog properti</col></row><row><header>lipid number</header><col /><col>lipid number form cd number carbon atom fatti acid number doubl bond fatti acid notat ambigu fatti acid number consequ notat pair nx term<ref ns0:type="simple" ns0:href="#xpointer(//reflist/entry[@id=%222%22])" /></col></row></table></p><p>exampl unsatur fatti acid<table class="wikitable"><row><header>common</header><col>chemic structur</col><col /><col>cd</col><col>nx</col></row><row><col><link ns0:type="simple" ns0:href="../154/13292154.xml">myristol acid</link></col><col>chchchchchcooh</col><col>ci</col><col /><col /></row><row><col><link ns0:type="simple" ns0:href="../025/3025025.xml">palmitol acid</link></col><col>chchchchchcooh</col><col>ci</col><col /><col /></row><row><col><link ns0:type="simple" ns0:href="../100/661100.xml">oleic acid</link></col><col>chchchchchcooh</col><col>ci</col><col /><col><link ns0:type="simple" ns0:href="../439/3110439.xml" /></col></row><row><col><link ns0:type="simple" ns0:href="../497/880497.xml">linol acid</link></col><col>chchchchchchchchcooh</col><col>cisci</col><col /><col><link ns0:type="simple" ns0:href="../218/681218.xml" /></col></row><row><col><link ns0:type="simple" ns0:href="../316/153316.xml">linolen acid</link></col><col>chchchchchchchchchchchcooh</col><col>ciscisci</col><col /><col><link ns0:type="simple" ns0:href="../594/22594.xml" /></col></row><row><col><link ns0:type="simple" ns0:href="../909/267909.xml">arachidon acid</link></col><col>chchchchchchchchchchchchchchcooh<weblink ns0:type="simple" ns0:href="http://webbook.nist.gov/cgi/cbook.cgi?Name=Arachidonic+Acid Units=SI">nist</weblink></col><col>cisciscisci</col><col /><col><link ns0:type="simple" ns0:href="../218/681218.xml" /></col></row><row><col><link ns0:type="simple" ns0:href="../775/1593775.xml">eicosapentaeno acid</link></col><col>chchchchchchchchchchchchchchchchchcooh</col><col>ciscisciscisci</col><col /><col><link ns0:type="simple" ns0:href="../594/22594.xml" /></col></row><row><col><link ns0:type="simple" ns0:href="../078/302078.xml">eruc acid</link></col><col>chchchchchcooh</col><col>ci</col><col /><col><link ns0:type="simple" ns0:href="../439/3110439.xml" /></col></row><row><col><link ns0:type="simple" ns0:href="../318/1673318.xml">docosahexaeno acid</link></col><col>chchchchchchchchchchchchchchchchchchchchcooh</col><col>cisciscisciscisci</col><col /><col><link ns0:type="simple" ns0:href="../594/22594.xml" /></col></row></table></p></ss2><ss2><st>essenti fatti acid</st><p><indent level="1">main articl<link ns0:type="simple" ns0:href="../948/105948.xml">essenti fatti acid</link></indent>human bodi produc fatti acid<link ns0:type="simple" ns0:href="../497/880497.xml">linol acid</link>la acid<link ns0:type="simple" ns0:href="../316/153316.xml">alphalinolen acid</link>ala distribut plant oil addit fish oil longerchain omega fatti acid<link ns0:type="simple" ns0:href="../775/1593775.xml">eicosapentaeno acid</link>epa<link ns0:type="simple" ns0:href="../318/1673318.xml">docosahexaeno acid</link>dha marin oil seal amount<link ns0:type="simple" ns0:href="../751/6771751.xml">docosapentaeno acid</link>dpa omega fatti acid bodi extent convert la lna longerchain omega fatti acid omega fatti acid marin oil help fulfil requir essenti fatti acid wholesom properti</p><p>bodi substrat suppli food call essenti fatti acid mammal lack abil introduc doubl bond fatti acid carbon linol acid alphalinolen acid essenti fatti acid human</p><p>bodi essenti fatti acid produc hormonelik substanc regul wide rang function includ blood pressur blood clot blood lipid level immun respons inflamm respons injuri infect</p><p>essenti fatti acid polyunsatur fatti acid parent compound omega omega fatti acid seri essenti human diet synthet mechan human easili satur fatti acid monounsatur fatti acid doubl bond omega posit enzym introduc doubl bond omega posit omega posit</p><p>essenti fatti acid human bodi system includ immun system blood pressur regul compound<link ns0:type="simple" ns0:href="../336/92336.xml">prostaglandin</link>brain increas amount linolen alphalinol acid deriv chang level balanc fatti acid typic western diet rich omega poor omega fatti acid alleg<ref ns0:type="simple" ns0:href="#xpointer(//reflist/entry[@id=%224%22])" />associ<link ns0:type="simple" ns0:href="../273/840273.xml">depress</link>behavior chang includ violenc actual connect investig chang diet richer omega fatti acid consumpt supplement compens dietari imbal associ reduc violent behavior<ref ns0:type="simple" ns0:href="#xpointer(//reflist/entry[@id=%225%22])" />increas attent span mechan unclear three human studi support school studi<ref ns0:type="simple" ns0:href="#xpointer(//reflist/entry[@id=%226%22])" />well doubl blind studi prison<ref ns0:type="simple" ns0:href="#xpointer(//reflist/entry[@id=%225%22])" /><ref ns0:type="simple" ns0:href="#xpointer(//reflist/entry[@id=%227%22])" /><ref ns0:type="simple" ns0:href="#xpointer(//reflist/entry[@id=%228%22])" /></p><p>fatti acid play role life death cardiac cell essenti fuel mechan electr activ heart<ref ns0:type="simple" ns0:href="#xpointer(//reflist/entry[@id=%229%22])" /><ref ns0:type="simple" ns0:href="#xpointer(//reflist/entry[@id=%2210%22])" /><ref ns0:type="simple" ns0:href="#xpointer(//reflist/entry[@id=%2211%22])" /><ref ns0:type="simple" ns0:href="#xpointer(//reflist/entry[@id=%2212%22])" /></p></ss2><ss2><st>tran fatti acid</st><p><indent level="1">main articl<link ns0:type="simple" ns0:href="../487/263487.xml">tran fat</link></indent><link ns0:type="simple" ns0:href="../487/263487.xml">tran fatti acid</link>commonli shorten tran fat unsatur fatti acid molecul tran doubl bond<link ns0:type="simple" ns0:href="../299/5299.xml">carbon</link>atom molecul kink comparison fatti acid ci doubl bond bond characterist produc industri hydrogen plant oil suggest amount tran fat correl circulatori diseas<link ns0:type="simple" ns0:href="../385/85385.xml">atherosclerosi</link><link ns0:type="simple" ns0:href="../735/5069735.xml">coronari heart diseas</link>amount nontran fat reason fulli understood tran fat rais ldl bad cholesterol lower hdl good cholestrol harm effect increas triglycerid lpa lipoprotein thought inflamm thought occur damag cell line blood vessel</p></ss2></ss1><ss1><st>long short</st><p>addit satur fatti acid short medium long</p><p><list><entry level="1" type="bullet"><link ns0:type="simple" ns0:href="../024/11869024.xml">short chain fatti acid</link>scfa<link ns0:type="simple" ns0:href="../975/10975.xml">fatti acid</link><link ns0:type="simple" ns0:href="../ury/22nd_century.xml">aliphat</link>tail<link ns0:type="simple" ns0:href="../299/5299.xml">carbon</link></entry><entry level="1" type="bullet">medium chain fatti acid mcfa<link ns0:type="simple" ns0:href="../975/10975.xml">fatti acid</link><link ns0:type="simple" ns0:href="../ury/22nd_century.xml">aliphat</link>tail<ref ns0:type="simple" ns0:href="#xpointer(//reflist/entry[@id=%2213%22])" /><link ns0:type="simple" ns0:href="../299/5299.xml">carbon</link>form<link ns0:type="simple" ns0:href="../717/5683717.xml">medium chain triglycerid</link></entry><entry level="1" type="bullet">long chain fatti acid lcfa<link ns0:type="simple" ns0:href="../975/10975.xml">fatti acid</link><link ns0:type="simple" ns0:href="../ury/22nd_century.xml">aliphat</link>tail<link ns0:type="simple" ns0:href="../299/5299.xml">carbon</link><ref ns0:type="simple" ns0:href="#xpointer(//reflist/entry[@id=%2213%22])" /></entry></list></p><p>discuss<link ns0:type="simple" ns0:href="../948/105948.xml">essenti fatti acid</link>efa terminolog appli shortchain efa carbon long longchain efa carbon<ref ns0:type="simple" ns0:href="#xpointer(//reflist/entry[@id=%2214%22])" /></p></ss1></sec><sec><st>free fatti acid</st><p>fatti acid bound attach molecul<link ns0:type="simple" ns0:href="../525/56525.xml">triglycerid</link><link ns0:type="simple" ns0:href="../505/24505.xml">phospholipid</link>attach molecul free fatti acid</p><p>uncombin fatti acid free fatti acid breakdown triglycerid compon fatti acid glycerol fat insolubl water bound appropri region plasma protein albumin transport bodi level free fatti acid blood limit number albumin bind site</p><p>free fatti acid sourc fuel tissu yield larg quantiti<link ns0:type="simple" ns0:href="../800/1800.xml">atp</link>cell type<link ns0:type="simple" ns0:href="../950/12950.xml">glucos</link>fatti acid purpos heart skelet muscl prefer fatti acid brain fatti acid sourc fuel reli glucos<link ns0:type="simple" ns0:href="../556/56556.xml">keton bodi</link>keton bodi produc liver<link ns0:type="simple" ns0:href="../371/1437371.xml">fatti acid metabol</link>starvat period low carbohydr intak</p></sec><sec><st>fatti acid dietari fat</st><p>tabl fatti acid vitamin cholesterol composit common dietari fat<ref ns0:type="simple" ns0:href="#xpointer(//reflist/entry[@id=%2215%22])" /><ref ns0:type="simple" ns0:href="#xpointer(//reflist/entry[@id=%2216%22])" /></p><p><table class="wikitable"><header>satur</header><header>monounsatur</header><header>polyunsatur</header><header>cholesterol</header><header>vitamin</header><row><col align="center">gg</col><col align="center">gg</col><col align="center">gg</col><col align="center">mgg</col><col align="center">mgg</col></row><row><col colspan="6">anim fat</col></row><row><col><link ns0:type="simple" ns0:href="../997/18621997.xml">lard</link></col><col align="right" /><col align="right" /><col align="right" /><col align="right" /><col align="right" /></row><row><col><link ns0:type="simple" ns0:href="../183/46183.xml">butter</link></col><col align="right" /><col align="right" /><col align="right" /><col align="right" /><col align="right" /></row><row><col colspan="6">veget fat</col></row><row><col><link ns0:type="simple" ns0:href="../915/239915.xml">coconut oil</link></col><col align="right" /><col align="right" /><col align="right" /><col align="right" /><col align="right" /></row><row><col><link ns0:type="simple" ns0:href="../561/57561.xml">palm oil</link></col><col align="right" /><col align="right" /><col align="right" /><col align="right" /><col align="right" /></row><row><col><link ns0:type="simple" ns0:href="../389/613389.xml">cottonse oil</link></col><col align="right" /><col align="right" /><col align="right" /><col align="right" /><col align="right" /></row><row><col><link ns0:type="simple" ns0:href="../464/5982464.xml">wheat germ oil</link></col><col align="right" /><col align="right" /><col align="right" /><col align="right" /><col align="right" /></row><row><col><link ns0:type="simple" ns0:href="../784/62784.xml">soya oil</link></col><col align="right" /><col align="right" /><col align="right" /><col align="right" /><col align="right" /></row><row><col><link ns0:type="simple" ns0:href="../478/22478.xml">oliv oil</link></col><col align="right" /><col align="right" /><col align="right" /><col align="right" /><col align="right" /></row><row><col><link ns0:type="simple" ns0:href="../452/2249452.xml">corn oil</link></col><col align="right" /><col align="right" /><col align="right" /><col align="right" /><col align="right" /></row><row><col><link ns0:type="simple" ns0:href="../902/2921902.xml">sunflow oil</link></col><col align="right" /><col align="right" /><col align="right" /><col align="right" /><col align="right" /></row><row><col><link ns0:type="simple" ns0:href="../441/1208441.xml">safflow oil</link></col><col align="right" /><col align="right" /><col align="right" /><col align="right" /><col align="right" /></row><row><col><link ns0:type="simple" ns0:href="../190/86190.xml">rapeseedcanola oil</link></col><col align="right" /><col align="right" /><col align="right" /><col align="right" /><col align="right" /></row></table></p></sec><sec><st>acid</st><p>short chain carboxyl acid<link ns0:type="simple" ns0:href="../284/66284.xml">formic acid</link><link ns0:type="simple" ns0:href="../902/42902.xml">acet acid</link>miscibl water dissoci form reason strong acid<link ns0:type="simple" ns0:href="../555/57555.xml">pka</link>longerchain fatti acid great chang pka<link ns0:type="simple" ns0:href="../777/4106777.xml">nonano acid</link>exampl pka chain length increas solubl fatti acid water decreas rapidli longerchain fatti acid<link ns0:type="simple" ns0:href="../530/24530.xml">ph</link>solut signific pka valu relev type reaction</p><p>fatti acid insolubl water will dissolv warm<link ns0:type="simple" ns0:href="../de)/10048_(Z$I$P$_code).xml">ethanol</link><link ns0:type="simple" ns0:href="../260/31260.xml">titrat</link><link ns0:type="simple" ns0:href="../877/57877.xml">sodium hydroxid</link>solut<link ns0:type="simple" ns0:href="../173/246173.xml">phenolphthalein</link>indic palepink endpoint analysi determin free fatti acid content fat proport triglycerid hydrolyz</p></sec><sec><st>reaction fatti acid</st><p>fatti acid react carboxyl acid undergo<link ns0:type="simple" ns0:href="../457/268457.xml">esterif</link>acidbas reaction<link ns0:type="simple" ns0:href="../313/66313.xml">reduct</link>fatti acid yield<link ns0:type="simple" ns0:href="../326/1741326.xml">fatti alcohol</link>unsatur fatti acid undergo addit reaction commonli<link ns0:type="simple" ns0:href="../968/235968.xml">hydrogen</link>convert veget oil margarin partial hydrogen unsatur fatti acid isomer ci tran configur<process wordnetid="100029677" confidence="0.8"><physical_entity wordnetid="100001930" confidence="0.8"><chemical_process wordnetid="113446390" confidence="0.8"><natural_process wordnetid="113518963" confidence="0.8"><chemical_reaction wordnetid="113447361" confidence="0.8"><link ns0:type="simple" ns0:href="../478/13843478.xml">varrentrapp reaction</link></chemical_reaction></natural_process></chemical_process></physical_entity></process>unsatur fatti acid cleav molten alkali reaction time relev structur elucid</p><ss1><st>autooxid rancid</st><p><indent level="1">main articl<link ns0:type="simple" ns0:href="../711/198711.xml">rancidif</link></indent>fatti acid room temperatur undergo chemic chang<link ns0:type="simple" ns0:href="../738/3189738.xml">autooxid</link>fatti acid break<link ns0:type="simple" ns0:href="../257/13257.xml">hydrocarbon</link><link ns0:type="simple" ns0:href="../803/16803.xml">keton</link><link ns0:type="simple" ns0:href="../329/37329.xml">aldehyd</link>smaller amount<link ns0:type="simple" ns0:href="../859/355859.xml">epoxid</link><link ns0:type="simple" ns0:href="../014/1014.xml">alcohol</link>heavi metal low level fat oil promot autooxid fat oil treat<link ns0:type="simple" ns0:href="../641/175641.xml">chelat agent</link><link ns0:type="simple" ns0:href="../536/54536.xml">citric acid</link></p></ss1></sec><sec><st>circul</st><ss1><st>digest intak</st><p><indent level="1">main articl<link ns0:type="simple" ns0:href="../423/165423.xml#xpointer(//*[./st=%22Fat+digestion%22])">digestionfat digest</link></indent><link ns0:type="simple" ns0:href="../024/11869024.xml">short</link><link>medium chain fatti acid</link>absorb directli blood intestin capillari travel<link ns0:type="simple" ns0:href="../115/6925115.xml">portal vein</link>absorb nutrient<link>long chain fatti acid</link>larg directli releas tini intestin capillari absorb fatti wall intestin<anatomy wordnetid="106057539" confidence="0.9508927676800064"><link ns0:type="simple" ns0:href="../635/572635.xml">villi</link></anatomy>reassembl<link ns0:type="simple" ns0:href="../525/56525.xml">triglycerid</link>triglycerid coat<link ns0:type="simple" ns0:href="../437/6437.xml">cholesterol</link>protein protein coat compound call<link ns0:type="simple" ns0:href="../652/588652.xml">chylomicron</link></p><p>villi chylomicron enter<link ns0:type="simple" ns0:href="../425/71425.xml">lymphat</link>capillari call<link ns0:type="simple" ns0:href="../012/1160012.xml">lacteal</link>merg larger lymphat vessel transport lymphat system<link ns0:type="simple" ns0:href="../724/303724.xml">thorac duct</link>locat heart arteri vein larger thorac duct empti chylomicron bloodstream left<link ns0:type="simple" ns0:href="../803/2178803.xml">subclavian vein</link>point chylomicron transport triglycerid need</p></ss1><ss1><st>distribut</st><p><indent level="1">main articl<link>blood fatti acid</link></indent>blood fatti acid form stage blood circul intestin<link ns0:type="simple" ns0:href="../652/588652.xml">chylomicron</link>exist<link ns0:type="simple" ns0:href="../410/502410.xml">low densiti lipoprotein</link>vldl<link ns0:type="simple" ns0:href="../521/51521.xml">low densiti lipoprotein</link>ldl process liver addit releas<link ns0:type="simple" ns0:href="../229/625229.xml">adipocyt</link>fatti acid exist blood<link>free fatti acid</link></p></ss1></sec><sec><st>refer</st><p><reflist><entry id="1"><cite style="font-style:normal" class="book">prayer book<weblink ns0:type="simple" ns0:href="http://goldbook.iupac.org/F02330.html">gold book</weblink>iupac compendium chemic terminolog intern union pure appli chemistri isbn retriev<link /></cite></entry><entry id="2"><cite style="font-style:normal" class="book">rigaudi klesney sp nomenclatur organ chemistri<village wordnetid="108672738" confidence="0.9508927676800064"><link ns0:type="simple" ns0:href="../334/23334.xml">pergamon</link></village>isbn<commercial_enterprise wordnetid="108065093" confidence="0.8"><company wordnetid="108058098" confidence="0.8"><cooperative wordnetid="101100877" confidence="0.8"><enterprise wordnetid="108056231" confidence="0.8"><institution wordnetid="108053576" confidence="0.8"><link ns0:type="simple" ns0:href="../885/883885.xml">oclc</link></institution></enterprise></cooperative></company></commercial_enterprise><weblink ns0:type="simple" ns0:href="http://worldcat.org/oclc/5008199" /></cite></entry><entry id="3"><cite style="font-style:normal"><weblink ns0:type="simple" ns0:href="http://www.blackwell-synergy.com/doi/pdf/10.1111/j.1432-1033.1977.tb11778.x">nomenclatur lipid recommend</weblink>european journal biochemistri<document wordnetid="106470073" confidence="0.8"><written_communication wordnetid="106349220" confidence="0.8"><writing wordnetid="106362953" confidence="0.8"><link ns0:type="simple" ns0:href="../994/422994.xml">doi</link></writing></written_communication></document><weblink ns0:type="simple" ns0:href="http://dx.doi.org/10.1111%2Fj.1432-1033.1977.tb11778.x">jtbx</weblink></cite></entry><entry id="4"><weblink ns0:type="simple" ns0:href="http://www.sciencedaily.com/releases/2005/05/050525161319.htm">studi link brain fatti acid level depress</weblink>sciencedaili bethesda md american societi biochemistri molecular biolog retriev<link /></entry><entry id="5"><cite style="font-style:normal">bernard gesch cqsw sean hammond phd sarah hampson phd anita eve phd martin crowder phd<weblink ns0:type="simple" ns0:href="http://bjp.rcpsych.org/cgi/content/full/181/1/22">influenc supplementari vitamin miner essenti fatti acid antisoci behavior young adult prison</weblink>british journal psychiatri<document wordnetid="106470073" confidence="0.8"><written_communication wordnetid="106349220" confidence="0.8"><writing wordnetid="106362953" confidence="0.8"><link ns0:type="simple" ns0:href="../994/422994.xml">doi</link></writing></written_communication></document><weblink ns0:type="simple" ns0:href="http://dx.doi.org/10.1192%2Fbjp.181.1.22">bjp</weblink>pmid retriev<link /></cite></entry><entry id="6"><cite style="font-style:normal">alexandra richardson paul montgomeri oxforddurham studi random control trial dietari supplement fatti acid children development coordin disord pediatr<document wordnetid="106470073" confidence="0.8"><written_communication wordnetid="106349220" confidence="0.8"><writing wordnetid="106362953" confidence="0.8"><link ns0:type="simple" ns0:href="../994/422994.xml">doi</link></writing></written_communication></document><weblink ns0:type="simple" ns0:href="http://dx.doi.org/10.1542%2Fpeds.2004-2164">ped</weblink>pmid</cite></entry><entry id="7"><cite id="Reference-Lawrence-2004" style="font-style:normal" class="book">lawrenc felic kate barker label penguin isbn<commercial_enterprise wordnetid="108065093" confidence="0.8"><company wordnetid="108058098" confidence="0.8"><cooperative wordnetid="101100877" confidence="0.8"><enterprise wordnetid="108056231" confidence="0.8"><institution wordnetid="108053576" confidence="0.8"><link ns0:type="simple" ns0:href="../885/883885.xml">oclc</link></institution></enterprise></cooperative></company></commercial_enterprise><weblink ns0:type="simple" ns0:href="http://worldcat.org/oclc/224019274+55482837+55588726+57432047" /></cite></entry><entry id="8"><weblink ns0:type="simple" ns0:href="http://www.durhamtrial.org/">fatti acid enhanc classroom achiev</weblink>retriev januari</entry><entry id="9"><cite style="font-style:normal">honor barhanin attali lesag lazdunski march<weblink ns0:type="simple" ns0:href="http://www.pubmedcentral.nih.gov/pagerender.fcgi?artid=43279 pageindex=1#page">extern blockad major cardiac delayedrectifi channel kv polyunsatur fatti acid</weblink>proc natl acad sci usa pmid retriev<link /></cite>link</entry><entry id="10"><cite style="font-style:normal">reiffel ja mcdonald antiarrhythm effect omega fatti acid cardiol ii<document wordnetid="106470073" confidence="0.8"><written_communication wordnetid="106349220" confidence="0.8"><writing wordnetid="106362953" confidence="0.8"><link ns0:type="simple" ns0:href="../994/422994.xml">doi</link></writing></written_communication></document><weblink ns0:type="simple" ns0:href="http://dx.doi.org/10.1016%2Fj.amjcard.2005.12.027">jamjcard</weblink>pmid</cite></entry><entry id="11"><cite style="font-style:normal">landmark alm cs alphalinolen acid cardiovascular diseas sudden death norwegian tidsskr laegeforen pmid</cite></entry><entry id="12"><cite style="font-style:normal">herbaut omega health french rev med brux pmid</cite></entry><entry id="13"><weblink ns0:type="simple" ns0:href="http://www.lipidworld.com/content/2/1/10">short term effect dietari mediumchain fatti acid longchain polyunsatur fatti acid fat metabol healthi volunt</weblink>christoph beermann jelinek reineck hauenschild boehm hu klr</entry><entry id="14"><weblink ns0:type="simple" ns0:href="http://www.fatsoflife.com/fatsoflife/fat-basics.asp">health fact good fat basic omega mono polyunsatur fatti acid</weblink>fat life newslett retriev<link /></entry><entry id="15"><cite style="font-style:normal" class="book">food standard agenc fat oil mccanc widdowson composit food royal societi chemistri</cite></entry><entry id="16">ted altar<weblink ns0:type="simple" ns0:href="http://www.efn.org/~sundance/fats_and_oils.html">want fatsoil</weblink>sundanc natur food onlin retriev<link /></entry></reflist></p></sec><sec><st /><p><list><entry level="1" type="bullet"><link ns0:type="simple" ns0:href="../445/7377445.xml">list satur fatti acid</link></entry><entry level="1" type="bullet"><link ns0:type="simple" ns0:href="../948/105948.xml">essenti fatti acid</link></entry><entry level="1" type="bullet"><link ns0:type="simple" ns0:href="../746/264746.xml">satur fat</link></entry><entry level="1" type="bullet"><link ns0:type="simple" ns0:href="../748/264748.xml">unsatur fat</link></entry><entry level="1" type="bullet"><link ns0:type="simple" ns0:href="../579/9568579.xml">fatti acid synthesi</link></entry><entry level="1" type="bullet"><link ns0:type="simple" ns0:href="../371/1437371.xml">fatti acid metabol</link></entry><entry level="1" type="bullet"><link ns0:type="simple" ns0:href="../087/8808087.xml">fatti acid synthas</link></entry><entry level="1" type="bullet"><link ns0:type="simple" ns0:href="../331/192331.xml">veget oil</link></entry></list></p></sec><sec><st>extern link</st><p><list><entry level="1" type="bullet"><weblink ns0:type="simple" ns0:href="http://www.lipidlibrary.co.uk/">lipid librari</weblink></entry><entry level="1" type="bullet"><weblink ns0:type="simple" ns0:href="http://intl.elsevierhealth.com/journals/plef/">prostaglandin leukotrien essenti fatti acid journal</weblink></entry></list></p><p><table style=";" class="navbox" cellspacing="0"><row><col style="padding:2px;"><table style="width:100%;background:transparent;color:inherit;;" class="nowraplinks collapsible autocollapse " cellspacing="0"><row><header colspan="2" style=";" class="navbox-title"><link ns0:type="simple" ns0:href="../940/17940.xml">lipid</link><link ns0:type="simple" ns0:href="../975/10975.xml">fatti acid</link></header></row><row style="height:2px;" /><row><col style=";;" class="navbox-group"><link ns0:type="simple" ns0:href="../746/264746.xml">satur</link></col><col style="text-align:left;border-left:2px solid #fdfdfd;width:100%;padding:0px;;;" class="navbox-list navbox-odd"><link ns0:type="simple" ns0:href="../345/232345.xml">butyr</link><link ns0:type="simple" ns0:href="../897/2933897.xml">hexano</link><link ns0:type="simple" ns0:href="../774/3127774.xml">capryl</link><link ns0:type="simple" ns0:href="../173/2349173.xml">decano</link><link ns0:type="simple" ns0:href="../497/1598497.xml">lauric</link><link ns0:type="simple" ns0:href="../038/1718038.xml">myrist</link><link ns0:type="simple" ns0:href="../488/542488.xml">palmit</link><link ns0:type="simple" ns0:href="../511/338511.xml">stearic</link><link ns0:type="simple" ns0:href="../531/542531.xml">arachid</link><link ns0:type="simple" ns0:href="../741/3306741.xml">behen</link><link ns0:type="simple" ns0:href="../766/3306766.xml">lignocer</link></col></row><row style="height:2px" /><row><col style=";;" class="navbox-group"><link ns0:type="simple" ns0:href="../594/22594.xml">unsatur</link></col><col style="text-align:left;border-left:2px solid #fdfdfd;width:100%;padding:0px;;;" class="navbox-list navbox-even"><link ns0:type="simple" ns0:href="../316/153316.xml">linolen</link><link ns0:type="simple" ns0:href="../140/3956140.xml">stearidon</link><link ns0:type="simple" ns0:href="../775/1593775.xml">eicosapentaeno</link><link ns0:type="simple" ns0:href="../318/1673318.xml">docosahexaeno</link></col></row><row style="height:2px" /><row><col style=";;" class="navbox-group"><link ns0:type="simple" ns0:href="../218/681218.xml">unsatur</link></col><col style="text-align:left;border-left:2px solid #fdfdfd;width:100%;padding:0px;;;" class="navbox-list navbox-odd"><link ns0:type="simple" ns0:href="../497/880497.xml">linol</link><link ns0:type="simple" ns0:href="../075/806075.xml">linolen</link><link ns0:type="simple" ns0:href="../770/3950770.xml">dihomolinolen</link><link ns0:type="simple" ns0:href="../909/267909.xml">arachidon</link></col></row><row style="height:2px" /><row><col style=";;" class="navbox-group"><link ns0:type="simple" ns0:href="../439/3110439.xml">unsatur</link></col><col style="text-align:left;border-left:2px solid #fdfdfd;width:100%;padding:0px;;;" class="navbox-list navbox-even"><link ns0:type="simple" ns0:href="../100/661100.xml">oleic</link><link ns0:type="simple" ns0:href="../078/302078.xml">eruc</link><link ns0:type="simple" ns0:href="../057/15602057.xml">nervon</link></col></row></table></col></row></table></p></sec></bdy></article>