<article xmlns:ns0="http://www.w3.org/1999/xlink"><header><title>landwarnet</title><id /><revision><id /><timestamp>tz</timestamp><contributor><username>orphanbot</username><id /></contributor></revision><categories><category>militari commun</category><category>distribut comput</category></categories></header><bdy><p>landwarnet<work wordnetid="100575741" confidence="0.8"><army wordnetid="108191230" confidence="0.8"><event wordnetid="100029378" confidence="0.8"><service wordnetid="100577525" confidence="0.8"><force wordnetid="108208016" confidence="0.8"><military_service wordnetid="108198137" confidence="0.8"><act wordnetid="100030358" confidence="0.8"><psychological_feature wordnetid="100023100" confidence="0.8"><activity wordnetid="100407535" confidence="0.8"><link ns0:type="simple" ns0:href="../087/32087.xml">unit armi</link></activity></psychological_feature></act></military_service></force></service></event></army></work>contribut<link ns0:type="simple" ns0:href="../928/1953928.xml">global inform grid</link>gig consist global interconnect endtoend set armi inform capabl associ process personnel collect process store dissemin manag inform demand support warfight polici maker support personnel includ armi own leas leverag<agency wordnetid="108337324" confidence="0.9508927676800064"><link ns0:type="simple" ns0:href="../897/7279897.xml">depart defens</link></agency>dodjoint commun comput system servic softwar includ applic data secur servic associ servic landwarnet exist enabl war fight<weblink ns0:type="simple" ns0:href="http://www.globalsecurity.org/military/library/policy/army/fm/7-30/Ch3.htm">battl command</weblink></p><p>sourc tradoc landwarnet white paper june</p><p /><p>servic equival effort landwarnet includ navi<weblink ns0:type="simple" ns0:href="http://forcenet.navy.mil/">forcenet</weblink>air forc<weblink ns0:type="simple" ns0:href="http://www.globalsecurity.org/military/systems/aircraft/systems/c2-constellation.htm">constel</weblink></p><p><image width="150px" src="Defining_LandWarNet13.JPG"><caption>defin landwarnetjpg</caption></image></p><p><image location="left" width="200px" src="CIOG6_Logo.gif" type="thumb"><caption><weblink ns0:type="simple" ns0:href="http://www.army.mil/ciog6/mission.html">offic armi chief inform officerg</weblink>armi lead knowledg strategi shape develop landwarnet top strateg bottom tactic</caption></image></p><p>key document shape capabl develop expect landwarnet<weblink ns0:type="simple" ns0:href="http://www.tradoc.army.mil/tpubs/pams/p525-66.pdf">tradoc pam militari oper futur oper capabl</weblink>pamphlet describ forc oper capabl foc desir armi mid long term encompass full spectrum militari oper deriv analysi joint concept armi futur forc concept document develop support<link ns0:type="simple" ns0:href="../001/1958001.xml">nation militari strategi</link>nm strateg plan guidanc spg armi strateg plan guidanc aspg armi transform road map atr armi campaign plan acp</p><p>landwarnet essenti combin set function applic battl command intellig logist transmit integr network transport space airborn terrestri infrastructur network termin util common set network servic voic data collabor mediat storag discoveri messag speed servic qualiti servic host iasecur netop inform assur inform dissemin manag network manag landwarnet repres armi unifi coher network capabl develop effort bring piec focu effort provid soldier leader unit today futur conduct informationen joint warfight support oper</p><ss1><st>cylind slide depict landwarnet</st><p>landwarnet underpin integr architectur enabl battl command system network facilit consist align joint capabl layer network platform sensor applic servic transport standard design field integr system system network link soldier sustain base tailor softwar applic optim conduct joint oper</p><p><image width="150px" src="cylinder.jpg"><caption>cylinderjpg</caption></image></p><p /></ss1><sec><st>landwarnet histori</st><p><image location="left" width="200px" src="begining.jpg" type="thumb"><caption><weblink ns0:type="simple" ns0:href="http://www.military-training-technology.com/article.cfm?DocID=453">landwarnet</weblink>armi network capabl will continu emerg matur landwarnet will captur emerg capabl encompass evolv battl command technolog link commun inform manag decis support</caption></image></p><p><weblink ns0:type="simple" ns0:href="http://www.military-training-technology.com/article.cfm?DocID=449">gen byrn</weblink>cg tradoc novemb determin armi need singl repres tactic network current futur assess base numer question ask<weblink ns0:type="simple" ns0:href="http://www.jfcom.mil/">jfcom</weblink>compon command confer senior gener admir forum discuss armi network</p><p>task find battl command awar divis bcad tradoc futur center director numer suggest staf process landwarnet stood inspir jtf warnet program extend littor battlespac elb advanc concept technolog develop actd time</p><p>nov jan landwarnet initi repres current futur tactic network</p><p>caught short time servic dod joint battl manag command control<weblink ns0:type="simple" ns0:href="http://www.jfcom.mil/about/fact_jbmc2.htm">jbmc</weblink>document review process</p><p><weblink ns0:type="simple" ns0:href="http://www4.army.mil/ocpa/read.php?story_id_key=5709">feb</weblink>ciog armi incorpor repres current futur armi network greater appeal traction militari circl congression level previou armi network armi knowledg enterpris ake</p><p /></sec><sec><st>refer</st><p><image location="right" width="200px" src="conops.jpg" type="thumb"><caption>tradoc pamphlet<weblink ns0:type="simple" ns0:href="http://www.tradoc.army.mil/tpubs/pams/p525-5-600.doc">landwarnet concept oper conop</weblink>sign director arcic februari</caption></image></p><p><weblink ns0:type="simple" ns0:href="http://www4.army.mil/ocpa/read.php?story_id_key=5709">armi public affair landwarnet armi network feb</weblink><weblink ns0:type="simple" ns0:href="http://www4.army.mil/ocpa/read.php?story_id_key=5752">arnew landwarnet equip soldier battlefield inform mar</weblink><weblink ns0:type="simple" ns0:href="http://www.military-training-technology.com/article.cfm?DocID=449">mtt articl gen byrn address transform landwarnet mar</weblink><weblink ns0:type="simple" ns0:href="http://www.military-training-technology.com/article.cfm?DocID=453">mtt articl landwarnet network futur forc apr</weblink><weblink ns0:type="simple" ns0:href="http://www.army.mil/ciog6/docs/FightTheNetworkBrochure.pdf">ciog brouchur fight network sep</weblink><weblink ns0:type="simple" ns0:href="http://www.military-information-technology.com/article.cfm?DocID=713">mtt articl network land war dec</weblink>httpslwnarmymil landwarnet univers<weblink ns0:type="simple" ns0:href="http://www.globalsecurity.org/military/systems/ground/landwarnet.htm">landwarnet histori jun</weblink><weblink ns0:type="simple" ns0:href="http://www.army.mil/ciog6/index.html">ciog</weblink><weblink ns0:type="simple" ns0:href="http://www.gordon.army.mil/pao/lwn%20articles/lwn.htm">sigcen pao landwarnet articl</weblink><weblink ns0:type="simple" ns0:href="http://www.gordon.army.mil/m-vic/Recent%20Events/LandWarNet/index.htm">landwarnet wargam feb</weblink><weblink ns0:type="simple" ns0:href="http://www.tradoc.army.mil/tpubs/pams/p525-66.pdf">tradoc pam militari oper futur oper capabl juli</weblink><weblink ns0:type="simple" ns0:href="http://www.military-information-technology.com/article.cfm?DocID=1590">mtt articl landwarnet school aug</weblink><weblink ns0:type="simple" ns0:href="http://www.defenselink.mil/cio-nii/">dod cio</weblink><weblink ns0:type="simple" ns0:href="http://www.afcea.org/signal/articles/templates/SIGNAL_Article_Template.asp?articleid=1211 zoneid=8">afcea landwarnet confer oct</weblink><weblink ns0:type="simple" ns0:href="http://www.army.mil/aps/07/addendum/g.html">landwarnet armi postur statement</weblink><weblink ns0:type="simple" ns0:href="http://www.afcea.org/events/landwarnet/landing.asp">afcea landwarnet confer aug</weblink><weblink ns0:type="simple" ns0:href="http://www.gcn.com/online/vol1_no1/44904-1.html?topic= CMP=OTC-RSS">gcn articl aug landwarnet gain momentum</weblink><weblink ns0:type="simple" ns0:href="http://www.military-information-technology.com/print_article.cfm?DocID=2142">landwarnet transform strengthen oper respons secur aug</weblink><weblink ns0:type="simple" ns0:href="http://www.arcic.army.mil/cda_landwarnet.html">arcic landwarnet divis mission statement</weblink><weblink ns0:type="simple" ns0:href="http://www.army.mil/CIOG6/references/briefings.html">ciog speech</weblink><weblink ns0:type="simple" ns0:href="http://www.army.mil/ciog6/mission.html">ciog mission statement</weblink><weblink ns0:type="simple" ns0:href="http://www.defenselink.mil/cio-nii/">dod cio</weblink><link ns0:type="simple" ns0:href="../967/1967967.xml">dod architectur framework dodaf</link><weblink ns0:type="simple" ns0:href="http://www.military-information-technology.com/article.cfm?DocID=2183">landwarnet reshap netop</weblink><weblink ns0:type="simple" ns0:href="http://www.netcom.army.mil/about/docs/Quad_fold_2007.pdf">netcom signal corp armi</weblink><weblink ns0:type="simple" ns0:href="http://www.tradoc.army.mil/tpubs/pams/p525-5-600.doc">landwarnet conop feb</weblink><weblink ns0:type="simple" ns0:href="http://www.army.mil/aps/08/information_papers/transform/LANDWARNET_and_the_Global_Information_Grid.html">armi postur statement info paper landwarnet gig feb</weblink>httpsakocommusarmymilscg strateg commun guid<weblink ns0:type="simple" ns0:href="http://www.afcea.org/signal/articles/templates/Signal_Article_Template.asp?articleid=1552 zoneid=231">armi network technolog chang fli apr</weblink><weblink ns0:type="simple" ns0:href="http://www.army.mil/-news/2008/08/20/11790-2008-landwarnet-conference-draws-huge-turnout">landwarnet confer draw huge turnout aug</weblink>httpswwwintelinkgovwikiarmy_enterprise_network cio enterpris network campaign plan</p></sec></bdy></article>