<article xmlns:ns0="http://www.w3.org/1999/xlink"><header><title>risk observatori</title><id /><revision><id /><timestamp>tz</timestamp><contributor><username>cmdrobot</username><id /></contributor></revision><categories><category>risk analysi</category><category>orphan articl novemb</category><category>orphan articl</category></categories></header><bdy><p><table class="metadata plainlinks ambox "><row><col>amboxstyl style</col></row><row><col class="mbox-image"><p><image width="44px" src="Wiki_letter_w.svg" /></p></col><col style="" class="mbox-text">articl articl<weblink ns0:type="simple" ns0:href="http://localhost:18088/wiki/index.php?title=Special:Whatlinkshere target=Risk_observatory namespace=0">link</weblink>help articl<weblink ns0:type="simple" ns0:href="http://www.google.com/search?hl=en as_qdr=all q=+site%3Aen.wikipedia.org+%22Risk+observatory%22">topic</weblink>novemb</col></row></table></p><p>risk observatori base european agenc safeti health work euosha aim provid</p><p><list><entry level="1" type="bullet">overview health work europ</entry><entry level="1" type="bullet">descript trend underli factor</entry><entry level="1" type="bullet">descript risk factor</entry><entry level="1" type="bullet">anticip chang work consequ health</entry></list></p><p>observatori intend draw attent emerg risk enabl set prevent action</p><p>monitor forecast activ base collect analysi consolid exist hard data nation intern data sourc descript<weblink ns0:type="simple" ns0:href="http://riskobservatory.osha.europa.eu/osm/">monitor system</weblink></p><p><list><entry level="1" type="bullet">labour forc survey</entry><entry level="1" type="bullet">worker survey</entry><entry level="1" type="bullet">accid regist</entry><entry level="1" type="bullet">regist occup diseas</entry><entry level="1" type="bullet">death regist</entry><entry level="1" type="bullet">exposur regist</entry></list></p><p>collat hard data observatori qualit inform support identif emerg risk inform base expert forecast review extend sourc inform collect control bodi</p><p>european agenc safeti health work<link>euosha</link>respons manag observatori consolid data extern contractor eu wide network nation institut contribut collect analysi data support agenc mission</p><sec><st>methodolog</st><ss1><st>sourc data</st><p>data collect base exist sourc data collect publish onlin statist sourc exist tabl graphic present sourc data combin breakdown criteria result data difficult compar</p><p>effort raw data sourc treat expect output exampl case data european work condit survey regard european belgian data occup diseas statist belgium danish work environ cohort studi check sf nl</p><p>sourc statist analyt background document statist sourc combin administr regist statist occup diseas regist exposur regist survey voluntari report system inspect report global risk pictur present combin sourc</p></ss1></sec><sec><st>administr data sourc</st><ss1><st>accid work</st><p>european statist accid work esaw collect statist data accid work statist year onward allow uniform present european member statist comparison member statist</p><p>harmon methodolog data collect creat inform collect variabl econom activ employ occup victim age sex victim type injuri bodi injur time accid size enterpris employ statu victim day lost phase esaw methodolog gradual implement refer year onward addit variabl includ inform concern circumst event lead accid</p><p>detail esaw methodolog describ<weblink ns0:type="simple" ns0:href="http://ec.europa.eu/employment_social/publications/2002/ke4202569_en.html">european statist accid work esaw methodolog edit</weblink>european commun director gener employ social affair seri catalogu keenc resum concept coverag data<weblink ns0:type="simple" ns0:href="http://epp.eurostat.ec.europa.eu/portal/page?_pageid=1073,46587259 _dad=portal _schema=PORTAL p_product_code=KS-57-04-807">work health eu statist portrait</weblink>european commun eurostat catalogu ksenn</p></ss1><ss1><st>occup diseas</st><p>european statist occup diseas esod nation data sourc collect statist data occup diseas project european statist occup diseas eod start pilot data collect refer year data phase methodolog collect year</p><p>phase methodolog eod includ detail inform caus agent occup diseas collect inform purpos caus agent plan well main drawback data collect system worker cover nation data collect system member occup diseas problem underreport differ nation social secur system</p></ss1><ss1><st>exposur regist</st><p>altern concentr occurr diseas monitor exposur exposur regist record data relev occup health safeti outcom diseas regist concentr workplac exposur disord</p><p>measur servic institut statutori accid insur prevent bg germani perform exposur measur workplac data store bgbia exposur databas</p><p>voluntari report occup diseas specialist doctor</p><p>sentinel surveil network health provid report case occup diseas approach regist occup diseas differ sentinel network achiev total coverag oper restrict geograph area involv sampl physician</p><p>uk thor project respons collect specialistbas workrel illhealth data scheme reli systemat voluntari confidenti report case consult thorac physician countri regular report requir physician detail number case diagnost categori individu data case age sex place resid type work suspect agent occup surveil scheme audiologist ossa oper thor network</p></ss1><ss1><st>inspect</st><p>countri medic inspect carri labour inspector play essenti role ensur law regul govern worker health surveil properli appli</p><p>arbomonitor netherland repres inform affair work condit dutch compani risk polici prevent practic inform gather labour inspect compani visit</p></ss1></sec><sec><st /><p><link>euosha</link></p></sec><sec><st>extern link</st><p><list><entry level="1" type="bullet"><weblink ns0:type="simple" ns0:href="http://riskobservatory.osha.europa.eu">risk observatori websit</weblink>european agenc safeti health work<link>euosha</link></entry><entry level="1" type="bullet"><weblink ns0:type="simple" ns0:href="http://osha.europa.eu/publications/factsheets/68">expert forecast emerg biolog risk occup safeti health</weblink></entry></list></p></sec></bdy></article>