<article xmlns:ns0="http://www.w3.org/1999/xlink"><exile confidence="0.9511911446218017" wordnetid="110071332"><actor confidence="0.9173553029164789" wordnetid="109765278"><header><title>richard harrison actor</title><id /><revision><id /><timestamp>tz</timestamp><contributor><username>lightbot</username><id /></contributor></revision><categories><category>american bmovi actor</category><category>american film actor</category><category>articl lack intext citat</category><category>american expatri itali</category><category>articl includ imag delet</category><category>spaghetti western actor</category><category>live peopl</category><category>utah actor</category><category>birth</category></categories></header><bdy><template><name>infobox actor</name><parameters><image width="150px" src="Eliminator.jpg"><caption>richard harrison<product wordnetid="104007894" confidence="0.8"><creation wordnetid="103129123" confidence="0.8"><artifact wordnetid="100021939" confidence="0.8"><event wordnetid="100029378" confidence="0.8"><social_event wordnetid="107288639" confidence="0.8"><movie wordnetid="106613686" confidence="0.8"><show wordnetid="106619065" confidence="0.8"><psychological_feature wordnetid="100023100" confidence="0.8"><link ns0:type="simple" ns0:href="../161/1704161.xml">blood debt</link></psychological_feature></show></movie></social_event></event></artifact></creation></product></caption></image><occupation><link ns0:type="simple" ns0:href="../753/753.xml">film actor</link></occupation><birthplace><village wordnetid="108672738" confidence="0.9508927676800064"><link ns0:type="simple" ns0:href="../837/53837.xml">salt lake citi utah</link></village></birthplace><name>richard harrison</name><birthdate>age</birthdate></parameters></template><p><table class="metadata plainlinks ambox "><row><col>amboxstyl style</col></row><row><col class="mbox-image"><p><image width="50px" src="Text_document_with_red_question_mark.svg" /></p></col><col style="" class="mbox-text">articl includ sourc remain unclear lack articl introduc precis citat</col></row></table></p><p>richard harrison<body wordnetid="107965085" confidence="0.8"><social_group wordnetid="107950920" confidence="0.8"><political_orientation wordnetid="106212839" confidence="0.8"><colony wordnetid="108374049" confidence="0.8"><state wordnetid="108168978" confidence="0.8"><political_unit wordnetid="108359949" confidence="0.8"><group wordnetid="100031264" confidence="0.8"><democracy wordnetid="106217103" confidence="0.8"><link ns0:type="simple" ns0:href="../750/3434750.xml">american</link></democracy></group></political_unit></state></colony></political_orientation></social_group></body><link ns0:type="simple" ns0:href="../391/105391.xml">bmovi</link>actor occasion writerdirectorproduc born<village wordnetid="108672738" confidence="0.9508927676800064"><link ns0:type="simple" ns0:href="../837/53837.xml">salt lake citi utah</link></village></p><p>harrison prolif work betterknown name european bmovi branch<link ns0:type="simple" ns0:href="../922/101922.xml">exploit</link>film shot earli work director rang establish name<physical_entity wordnetid="100001930" confidence="0.8"><person wordnetid="100007846" confidence="0.8"><maker wordnetid="110284064" confidence="0.8"><scriptwriter wordnetid="110564905" confidence="0.8"><director wordnetid="110014939" confidence="0.8"><creator wordnetid="109614315" confidence="0.8"><communicator wordnetid="109610660" confidence="0.8"><manufacturer wordnetid="110292316" confidence="0.8"><administrator wordnetid="109770949" confidence="0.8"><leader wordnetid="109623038" confidence="0.8"><causal_agent wordnetid="100007347" confidence="0.8"><screenwriter wordnetid="110564400" confidence="0.8"><writer wordnetid="110794014" confidence="0.8"><head wordnetid="110162991" confidence="0.8"><link ns0:type="simple" ns0:href="../645/144645.xml">antonio margher</link></head></writer></screenwriter></causal_agent></leader></administrator></manufacturer></communicator></creator></director></scriptwriter></maker></person></physical_entity>marino girolami infam<link ns0:type="simple" ns0:href="../320/8773320.xml">zmovi</link>director<link ns0:type="simple" ns0:href="../436/2632436.xml">paolo solvay</link><physical_entity wordnetid="100001930" confidence="0.8"><person wordnetid="100007846" confidence="0.8"><leader wordnetid="109623038" confidence="0.8"><administrator wordnetid="109770949" confidence="0.8"><causal_agent wordnetid="100007347" confidence="0.8"><head wordnetid="110162991" confidence="0.8"><director wordnetid="110014939" confidence="0.8"><link ns0:type="simple" ns0:href="../328/3962328.xml">alfonso brescia</link></director></head></causal_agent></administrator></leader></person></physical_entity>harrison costar rang major minor star time<physical_entity wordnetid="100001930" confidence="0.8"><person wordnetid="100007846" confidence="0.8"><model wordnetid="110324560" confidence="0.8"><assistant wordnetid="109815790" confidence="0.8"><contestant wordnetid="109613191" confidence="0.8"><worker wordnetid="109632518" confidence="0.8"><performer wordnetid="110415638" confidence="0.8"><causal_agent wordnetid="100007347" confidence="0.8"><actor wordnetid="109765278" confidence="0.8"><entertainer wordnetid="109616922" confidence="0.8"><link ns0:type="simple" ns0:href="../640/904640.xml">anita ekberg</link></entertainer></actor></causal_agent></performer></worker></contestant></assistant></model></person></physical_entity><person wordnetid="100007846" confidence="0.9508927676800064"><actor wordnetid="109765278" confidence="0.9508927676800064"><link ns0:type="simple" ns0:href="../233/211233.xml">klau kinski</link></actor></person><physical_entity wordnetid="100001930" confidence="0.8"><person wordnetid="100007846" confidence="0.8"><performer wordnetid="110415638" confidence="0.8"><causal_agent wordnetid="100007347" confidence="0.8"><actor wordnetid="109765278" confidence="0.8"><entertainer wordnetid="109616922" confidence="0.8"><link ns0:type="simple" ns0:href="../339/1141339.xml">fernando sancho</link></entertainer></actor></causal_agent></performer></person></physical_entity><physical_entity wordnetid="100001930" confidence="0.8"><person wordnetid="100007846" confidence="0.8"><performer wordnetid="110415638" confidence="0.8"><causal_agent wordnetid="100007347" confidence="0.8"><actor wordnetid="109765278" confidence="0.8"><entertainer wordnetid="109616922" confidence="0.8"><link ns0:type="simple" ns0:href="../469/2583469.xml">helmut berger</link></entertainer></actor></causal_agent></performer></person></physical_entity>obscur cult actor<actor wordnetid="109765278" confidence="0.9173553029164789"><link ns0:type="simple" ns0:href="../253/2342253.xml">mike monti</link></actor><physical_entity wordnetid="100001930" confidence="0.8"><person wordnetid="100007846" confidence="0.8"><traveler wordnetid="109629752" confidence="0.8"><performer wordnetid="110415638" confidence="0.8"><causal_agent wordnetid="100007347" confidence="0.8"><exile wordnetid="110071332" confidence="0.8"><actor wordnetid="109765278" confidence="0.8"><absentee wordnetid="109757653" confidence="0.8"><entertainer wordnetid="109616922" confidence="0.8"><link ns0:type="simple" ns0:href="../446/2342446.xml">romano kristoff</link></entertainer></absentee></actor></exile></causal_agent></performer></traveler></person></physical_entity><physical_entity wordnetid="100001930" confidence="0.8"><person wordnetid="100007846" confidence="0.8"><traveler wordnetid="109629752" confidence="0.8"><performer wordnetid="110415638" confidence="0.8"><causal_agent wordnetid="100007347" confidence="0.8"><exile wordnetid="110071332" confidence="0.8"><actor wordnetid="109765278" confidence="0.8"><absentee wordnetid="109757653" confidence="0.8"><entertainer wordnetid="109616922" confidence="0.8"><link ns0:type="simple" ns0:href="../291/2343291.xml">mike cohen</link></entertainer></absentee></actor></exile></causal_agent></performer></traveler></person></physical_entity></p><p>famou refus titl role<actor wordnetid="109765278" confidence="0.9508927676800064"><link ns0:type="simple" ns0:href="../772/38772.xml">sergio leon</link></actor><movie wordnetid="106613686" confidence="0.9508927676800064"><link ns0:type="simple" ns0:href="../926/441926.xml">fist dollar</link></movie>suggest colleagu<person wordnetid="100007846" confidence="0.9508927676800064"><actor wordnetid="109765278" confidence="0.9508927676800064"><link ns0:type="simple" ns0:href="../373/43373.xml">clint eastwood</link></actor></person>fact guarante footnot book eastwood</p><sec><st>earli life</st><p>harrison left salt lake citi<link ns0:type="simple" ns0:href="../110/18110.xml">lo angel</link>work vic tanni bert goodrich gym peopl work film industri train gym encount led harrison studi act</p><p>appear<link ns0:type="simple" ns0:href="../208/28208.xml">santa monica</link>stage product tv small part featur film harrison work<link ns0:type="simple" ns0:href="../318/170318.xml">twentieth centuri fox</link>act coach sandi meiser eventu sign three film deal<company wordnetid="108058098" confidence="0.9508927676800064"><link ns0:type="simple" ns0:href="../231/203231.xml">american intern pictur</link></company>led itali remain three decad make<link ns0:type="simple" ns0:href="../655/253655.xml">peplum</link><genre wordnetid="105845332" confidence="0.8"><idea wordnetid="105833840" confidence="0.8"><concept wordnetid="105835747" confidence="0.8"><category wordnetid="105838765" confidence="0.8"><kind wordnetid="105839024" confidence="0.8"><link ns0:type="simple" ns0:href="../399/15013399.xml">eurospi film</link></kind></category></concept></idea></genre><link ns0:type="simple" ns0:href="../177/29177.xml">spaghetti western</link>formal act studi set harrison apart muscular american actor work itali earli<actor wordnetid="109765278" confidence="0.9173553029164789"><link ns0:type="simple" ns0:href="../043/15427043.xml">brad harri</link></actor><actor wordnetid="109765278" confidence="0.9508927676800064"><link ns0:type="simple" ns0:href="../761/1038761.xml">steve reev</link></actor>group</p></sec><sec><st>bmovi</st><p>harrison appear bmovi consid cult film</p><p>harrison reloc<system wordnetid="108435388" confidence="0.8"><economy wordnetid="108366753" confidence="0.8"><group wordnetid="100031264" confidence="0.8"><link ns0:type="simple" ns0:href="../532/14532.xml">itali</link></group></economy></system>earli wife loretta minor star<link ns0:type="simple" ns0:href="../655/253655.xml">peplum</link>spi film<link ns0:type="simple" ns0:href="../177/29177.xml">spaghetti western</link>italian film star role invinc gladiat direct alberto de martino antonio momplet arguabl harrison well film earli career western gunfight red sand aka duello nel texa direct ricardo blasco gunfight red sand noteworthi italian western featur<composer wordnetid="109947232" confidence="0.9173553029164789"><person wordnetid="100007846" confidence="0.9508927676800064"><organizer wordnetid="110383237" confidence="0.9173553029164789"><artist wordnetid="109812338" confidence="0.9508927676800064"><link ns0:type="simple" ns0:href="../277/10277.xml">ennio morricon</link></artist></organizer></person></composer>score film joko invoca dioi muori aka vengeanc direct<physical_entity wordnetid="100001930" confidence="0.8"><person wordnetid="100007846" confidence="0.8"><maker wordnetid="110284064" confidence="0.8"><scriptwriter wordnetid="110564905" confidence="0.8"><director wordnetid="110014939" confidence="0.8"><creator wordnetid="109614315" confidence="0.8"><communicator wordnetid="109610660" confidence="0.8"><manufacturer wordnetid="110292316" confidence="0.8"><administrator wordnetid="109770949" confidence="0.8"><leader wordnetid="109623038" confidence="0.8"><causal_agent wordnetid="100007347" confidence="0.8"><screenwriter wordnetid="110564400" confidence="0.8"><writer wordnetid="110794014" confidence="0.8"><head wordnetid="110162991" confidence="0.8"><link ns0:type="simple" ns0:href="../645/144645.xml">antonio margher</link></head></writer></screenwriter></causal_agent></leader></administrator></manufacturer></communicator></creator></director></scriptwriter></maker></person></physical_entity>favorit spaghetti western fan luciano martino movi secret agent firebal harrison<link ns0:type="simple" ns0:href="../399/15013399.xml">eurospi</link>film cite best film genr better earlier film</p></sec><sec><st>exploit film</st><p>time richard harrison start lowbudget featur globe harrison start sport moustach trademark come year gener qualiti filmographi low film time cult statu</p><p><image location="left" width="150px" src="7women.jpg" type="thumb"><caption>cover finnish rental video lot women late titl translat drug courier</caption></image>harrison career dwindl slowli rate spaghetti western die began appear lowbudget movi shot<country wordnetid="108544813" confidence="0.9508927676800064"><link ns0:type="simple" ns0:href="../628/8087628.xml">egypt</link></country>lot women<link ns0:type="simple" ns0:href="../020/192020.xml">shaw brother</link><country wordnetid="108544813" confidence="0.9508927676800064"><link ns0:type="simple" ns0:href="../404/13404.xml">hong kong</link></country>marco polo<link ns0:type="simple" ns0:href="../639/11125639.xml">turkey</link>godfath friend<physical_entity wordnetid="100001930" confidence="0.8"><person wordnetid="100007846" confidence="0.8"><maker wordnetid="110284064" confidence="0.8"><scriptwriter wordnetid="110564905" confidence="0.8"><director wordnetid="110014939" confidence="0.8"><creator wordnetid="109614315" confidence="0.8"><communicator wordnetid="109610660" confidence="0.8"><manufacturer wordnetid="110292316" confidence="0.8"><administrator wordnetid="109770949" confidence="0.8"><leader wordnetid="109623038" confidence="0.8"><causal_agent wordnetid="100007347" confidence="0.8"><screenwriter wordnetid="110564400" confidence="0.8"><writer wordnetid="110794014" confidence="0.8"><head wordnetid="110162991" confidence="0.8"><link ns0:type="simple" ns0:href="../492/8848492.xml">farouk frank agrama</link></head></writer></screenwriter></causal_agent></leader></administrator></manufacturer></communicator></creator></director></scriptwriter></maker></person></physical_entity>harrison appear<country wordnetid="108544813" confidence="0.9508927676800064"><link ns0:type="simple" ns0:href="../809/297809.xml">yugoslavian</link></country>war film effort pakleni otok direct vladimir tadej</p><p>better qualiti film earlier half decad comic spaghetti western fratelli aka brother triniti direct costar fratelli irishamerican actor donald obrien veteran italian bfilm harrison obrien play estrang brother rejoin receiv inherit harrison lovabl rogu obrien piou<physical_entity wordnetid="100001930" confidence="0.8"><person wordnetid="100007846" confidence="0.8"><good_person wordnetid="110138767" confidence="0.8"><causal_agent wordnetid="100007347" confidence="0.8"><saint wordnetid="110546850" confidence="0.8"><link ns0:type="simple" ns0:href="../035/19035.xml">mormon</link></saint></causal_agent></good_person></person></physical_entity>harrison spend money build<link ns0:type="simple" ns0:href="../013/206013.xml">bordello</link>comic adventur spirit<person wordnetid="100007846" confidence="0.9508927676800064"><actor wordnetid="109765278" confidence="0.9508927676800064"><link ns0:type="simple" ns0:href="../278/30278.xml">terenc hill</link></actor></person><person wordnetid="100007846" confidence="0.9508927676800064"><actor wordnetid="109765278" confidence="0.9508927676800064"><link ns0:type="simple" ns0:href="../841/3841.xml">bud spencer</link></actor></person>hit<link>triniti</link>follow</p><p>notabl earli film churchil leopard direct maurizio pradeaux star giacomo rossistuart<person wordnetid="100007846" confidence="0.9508927676800064"><actor wordnetid="109765278" confidence="0.9508927676800064"><link ns0:type="simple" ns0:href="../233/211233.xml">klau kinski</link></actor></person>harrison play doubl role acquasanta joe direct mario gariazzo star<physical_entity wordnetid="100001930" confidence="0.8"><person wordnetid="100007846" confidence="0.8"><intellectual wordnetid="109621545" confidence="0.8"><performer wordnetid="110415638" confidence="0.8"><alumnus wordnetid="109786338" confidence="0.8"><causal_agent wordnetid="100007347" confidence="0.8"><actor wordnetid="109765278" confidence="0.8"><scholar wordnetid="110557854" confidence="0.8"><entertainer wordnetid="109616922" confidence="0.8"><link ns0:type="simple" ns0:href="../480/2190480.xml">ty hardin</link></entertainer></scholar></actor></causal_agent></alumnus></performer></intellectual></person></physical_entity>lincoln tate mediocr western worth mention harrison cast type villain dig grave friendsabata come direct juan bosch western liven presenc spanish actor<physical_entity wordnetid="100001930" confidence="0.8"><person wordnetid="100007846" confidence="0.8"><performer wordnetid="110415638" confidence="0.8"><causal_agent wordnetid="100007347" confidence="0.8"><actor wordnetid="109765278" confidence="0.8"><entertainer wordnetid="109616922" confidence="0.8"><link ns0:type="simple" ns0:href="../339/1141339.xml">fernando sancho</link></entertainer></actor></causal_agent></performer></person></physical_entity>harrison act film sancho archetyp mexican bandit paella spaghetti western produc andor direct<physical_entity wordnetid="100001930" confidence="0.8"><person wordnetid="100007846" confidence="0.8"><leader wordnetid="109623038" confidence="0.8"><administrator wordnetid="109770949" confidence="0.8"><causal_agent wordnetid="100007347" confidence="0.8"><head wordnetid="110162991" confidence="0.8"><director wordnetid="110014939" confidence="0.8"><link ns0:type="simple" ns0:href="../591/2640591.xml">ignacio iquino</link></director></head></causal_agent></administrator></leader></person></physical_entity></p><p><image location="right" width="150px" src="Belvacolmitra.jpg" type="thumb"><caption>cover finnish rental video la belva col mitra earli titl translat death law harrison hold gun photo bottom</caption></image>arguabl dubiou film harrison decad achtung desert tiger<link ns0:type="simple" ns0:href="../436/2632436.xml">paolo solvay</link>black gold dossier solvay voodoo babi aka black orgasm notori italian director aristid massaccessi<physical_entity wordnetid="100001930" confidence="0.8"><person wordnetid="100007846" confidence="0.8"><leader wordnetid="109623038" confidence="0.8"><administrator wordnetid="109770949" confidence="0.8"><causal_agent wordnetid="100007347" confidence="0.8"><head wordnetid="110162991" confidence="0.8"><director wordnetid="110014939" confidence="0.8"><link ns0:type="simple" ns0:href="../697/653697.xml">joe damato</link></director></head></causal_agent></administrator></leader></person></physical_entity>achtung desert tiger star harrison friend frequent costar<bodybuilder wordnetid="109862845" confidence="0.9173553029164789"><actor wordnetid="109765278" confidence="0.9173553029164789"><link ns0:type="simple" ns0:href="../999/2347999.xml">gordon mitchel</link></actor></bodybuilder>featur<actor wordnetid="109765278" confidence="0.9173553029164789"><link ns0:type="simple" ns0:href="../253/2342253.xml">mike monti</link></actor>small role collag footag solvay previou<military_action wordnetid="100952963" confidence="0.8"><group_action wordnetid="101080366" confidence="0.8"><event wordnetid="100029378" confidence="0.8"><conflict wordnetid="100958896" confidence="0.8"><act wordnetid="100030358" confidence="0.8"><psychological_feature wordnetid="100023100" confidence="0.8"><war wordnetid="100973077" confidence="0.8"><link ns0:type="simple" ns0:href="../927/32927.xml">war ii</link></war></psychological_feature></act></conflict></event></group_action></military_action>film mix prison camp war action scene includ tasteless tortur footag black gold dossier costar<bodybuilder wordnetid="109862845" confidence="0.9173553029164789"><actor wordnetid="109765278" confidence="0.9173553029164789"><link ns0:type="simple" ns0:href="../999/2347999.xml">gordon mitchel</link></actor></bodybuilder><link ns0:type="simple" ns0:href="../501/10501.xml">spi</link>epic set unnam<link ns0:type="simple" ns0:href="../323/19323.xml">middl eastern</link>countri spice liber<link ns0:type="simple" ns0:href="../082/965082.xml">stock footag</link>femal lead florenc cayrol spend major film stage undress voodoo babi<link ns0:type="simple" ns0:href="../173/1972173.xml">sexploit</link>film massaccessi<link ns0:type="simple" ns0:href="../245/285245.xml">hardcor</link><link ns0:type="simple" ns0:href="../507/5710507.xml">porno</link>scene harrison knowledg disgust</p><p>success harrison film half<product wordnetid="104007894" confidence="0.8"><creation wordnetid="103129123" confidence="0.8"><artifact wordnetid="100021939" confidence="0.8"><event wordnetid="100029378" confidence="0.8"><social_event wordnetid="107288639" confidence="0.8"><movie wordnetid="106613686" confidence="0.8"><show wordnetid="106619065" confidence="0.8"><psychological_feature wordnetid="100023100" confidence="0.8"><link ns0:type="simple" ns0:href="../300/6484300.xml">italian crime thriller</link></psychological_feature></show></movie></social_event></event></artifact></creation></product>la belva col mitra aka beast gun direct sergio grieco star<physical_entity wordnetid="100001930" confidence="0.8"><person wordnetid="100007846" confidence="0.8"><performer wordnetid="110415638" confidence="0.8"><causal_agent wordnetid="100007347" confidence="0.8"><actor wordnetid="109765278" confidence="0.8"><entertainer wordnetid="109616922" confidence="0.8"><link ns0:type="simple" ns0:href="../469/2583469.xml">helmut berger</link></entertainer></actor></causal_agent></performer></person></physical_entity><physical_entity wordnetid="100001930" confidence="0.8"><person wordnetid="100007846" confidence="0.8"><performer wordnetid="110415638" confidence="0.8"><causal_agent wordnetid="100007347" confidence="0.8"><actor wordnetid="109765278" confidence="0.8"><entertainer wordnetid="109616922" confidence="0.8"><link ns0:type="simple" ns0:href="../522/1134522.xml">marisa mell</link></entertainer></actor></causal_agent></performer></person></physical_entity>harrison play polic commission giulio santini topbil berger psychot crimin nanni vitali kill santini testifi court la belva col mitra classic welldirect movi contrast harrison underplay style berger manic perform work favor la belva col mitra controversi berger request harrison scene cut film addit trivia scene la belva col mitra tv<person wordnetid="100007846" confidence="0.9508927676800064"><actor wordnetid="109765278" confidence="0.9508927676800064"><link ns0:type="simple" ns0:href="../169/25169.xml">quentin tarantino</link></actor></person>film<link ns0:type="simple" ns0:href="../792/394792.xml">jacki brown</link></p><p>interest curio harrison filmographi film lexplos direct marc simenon son<physical_entity wordnetid="100001930" confidence="0.8"><communicator wordnetid="109610660" confidence="0.8"><person wordnetid="100007846" confidence="0.8"><causal_agent wordnetid="100007347" confidence="0.8"><writer wordnetid="110794014" confidence="0.8"><link ns0:type="simple" ns0:href="../032/182032.xml">georg simenon</link></writer></causal_agent></person></communicator></physical_entity>costar myln demongeot<link ns0:type="simple" ns0:href="../501/19501.xml">martial art</link>spi film gymkata killer curio interest presenc<person wordnetid="100007846" confidence="0.9508927676800064"><actor wordnetid="109765278" confidence="0.9508927676800064"><link ns0:type="simple" ns0:href="../313/37313.xml">bruce lee</link></actor></person>imit<physical_entity wordnetid="100001930" confidence="0.8"><person wordnetid="100007846" confidence="0.8"><performer wordnetid="110415638" confidence="0.8"><causal_agent wordnetid="100007347" confidence="0.8"><actor wordnetid="109765278" confidence="0.8"><entertainer wordnetid="109616922" confidence="0.8"><link ns0:type="simple" ns0:href="../174/7228174.xml">bruce le</link></entertainer></actor></causal_agent></performer></person></physical_entity>direct film uncredit help<link ns0:type="simple" ns0:href="../436/2632436.xml">paolo solvay</link>european<link ns0:type="simple" ns0:href="../902/344902.xml">softcor</link>star nadiuska harrison son sebastian</p></sec><sec><st>oversea zmovi</st><p>strand bmovi action film<country wordnetid="108544813" confidence="0.9508927676800064"><link ns0:type="simple" ns0:href="../440/23440.xml">philippin</link></country><country wordnetid="108544813" confidence="0.9508927676800064"><link ns0:type="simple" ns0:href="../404/13404.xml">hong kong</link></country>gener consid lowest point harrison career film gain cult audienc<image location="right" width="150px" src="Fireback3.jpg" type="thumb"><caption>richard harrison action<product wordnetid="104007894" confidence="0.8"><creation wordnetid="103129123" confidence="0.8"><artifact wordnetid="100021939" confidence="0.8"><event wordnetid="100029378" confidence="0.8"><social_event wordnetid="107288639" confidence="0.8"><movie wordnetid="106613686" confidence="0.8"><show wordnetid="106619065" confidence="0.8"><psychological_feature wordnetid="100023100" confidence="0.8"><link ns0:type="simple" ns0:href="../448/2347448.xml">fireback</link></psychological_feature></show></movie></social_event></event></artifact></creation></product>note custom weapon recur element film teddi pagethi imag delet day nomin</caption></image></p><p>philippin harrison act ultralowbudget action best classifi<link ns0:type="simple" ns0:href="../320/8773320.xml">zmovi</link>produc<link>ky lim</link>silver star film compani call kinavesa philippin three<product wordnetid="104007894" confidence="0.8"><creation wordnetid="103129123" confidence="0.8"><artifact wordnetid="100021939" confidence="0.8"><event wordnetid="100029378" confidence="0.8"><social_event wordnetid="107288639" confidence="0.8"><movie wordnetid="106613686" confidence="0.8"><show wordnetid="106619065" confidence="0.8"><psychological_feature wordnetid="100023100" confidence="0.8"><link ns0:type="simple" ns0:href="../448/2347448.xml">fireback</link></psychological_feature></show></movie></social_event></event></artifact></creation></product>hunter cross<product wordnetid="104007894" confidence="0.8"><creation wordnetid="103129123" confidence="0.8"><artifact wordnetid="100021939" confidence="0.8"><event wordnetid="100029378" confidence="0.8"><social_event wordnetid="107288639" confidence="0.8"><movie wordnetid="106613686" confidence="0.8"><show wordnetid="106619065" confidence="0.8"><psychological_feature wordnetid="100023100" confidence="0.8"><link ns0:type="simple" ns0:href="../161/1704161.xml">blood debt</link></psychological_feature></show></movie></social_event></event></artifact></creation></product>direct<physical_entity wordnetid="100001930" confidence="0.8"><person wordnetid="100007846" confidence="0.8"><leader wordnetid="109623038" confidence="0.8"><administrator wordnetid="109770949" confidence="0.8"><causal_agent wordnetid="100007347" confidence="0.8"><head wordnetid="110162991" confidence="0.8"><director wordnetid="110014939" confidence="0.8"><link ns0:type="simple" ns0:href="../311/1915311.xml">teddi</link></director></head></causal_agent></administrator></leader></person></physical_entity>intrus cambodia rescu team<physical_entity wordnetid="100001930" confidence="0.8"><person wordnetid="100007846" confidence="0.8"><leader wordnetid="109623038" confidence="0.8"><administrator wordnetid="109770949" confidence="0.8"><causal_agent wordnetid="100007347" confidence="0.8"><head wordnetid="110162991" confidence="0.8"><director wordnetid="110014939" confidence="0.8"><link ns0:type="simple" ns0:href="../435/4161435.xml">john gale</link></director></head></causal_agent></administrator></leader></person></physical_entity>bad three film except mix nearsadist violenc childlik enthusiast naiveti reminisc film<link ns0:type="simple" ns0:href="../520/10520.xml">wood</link>book<link ns0:type="simple" ns0:href="../902/2465902.xml">god polyest</link>god spandex harrison wrote screenplay filipino film practic overnight<link ns0:type="simple" ns0:href="../594/40594.xml">pseudonym</link>fireback screenplay harrison wrote credit timothi jorg pseudonym don gordon bell expatri american actor work silver star harrison mention silver star film act didnt complet shoot script scene improvis spot contribut disjoint narr</p><p>silver star recycl group american european<link ns0:type="simple" ns0:href="../078/287078.xml">expatri</link>actor film film appear harrison vehicl<actor wordnetid="109765278" confidence="0.9173553029164789"><link ns0:type="simple" ns0:href="../253/2342253.xml">mike monti</link></actor>acquaint harrison italian day migrat archipelago<actor wordnetid="109765278" confidence="0.9173553029164789"><link ns0:type="simple" ns0:href="../739/2342739.xml">jame gain</link></actor><physical_entity wordnetid="100001930" confidence="0.8"><person wordnetid="100007846" confidence="0.8"><traveler wordnetid="109629752" confidence="0.8"><performer wordnetid="110415638" confidence="0.8"><causal_agent wordnetid="100007347" confidence="0.8"><exile wordnetid="110071332" confidence="0.8"><actor wordnetid="109765278" confidence="0.8"><absentee wordnetid="109757653" confidence="0.8"><entertainer wordnetid="109616922" confidence="0.8"><link ns0:type="simple" ns0:href="../446/2342446.xml">romano kristoff</link></entertainer></absentee></actor></exile></causal_agent></performer></traveler></person></physical_entity><actor wordnetid="109765278" confidence="0.9173553029164789"><link ns0:type="simple" ns0:href="../064/1904064.xml">bruce baron</link></actor><physical_entity wordnetid="100001930" confidence="0.8"><person wordnetid="100007846" confidence="0.8"><performer wordnetid="110415638" confidence="0.8"><causal_agent wordnetid="100007347" confidence="0.8"><actor wordnetid="109765278" confidence="0.8"><entertainer wordnetid="109616922" confidence="0.8"><link ns0:type="simple" ns0:href="../154/2343154.xml">ann milhench</link></entertainer></actor></causal_agent></performer></person></physical_entity>harrison struck friendship kristoff lead silver star actor invit<system wordnetid="108435388" confidence="0.8"><economy wordnetid="108366753" confidence="0.8"><group wordnetid="100031264" confidence="0.8"><link ns0:type="simple" ns0:href="../532/14532.xml">itali</link></group></economy></system>film produc direct three men fire</p><p>time poor qualiti filipino film hurt harrison reput year attract cult interest bad movi fandom rememb teddi fondli harrison doesnt kind lim work silver star</p><p>hong kong harrison star suppos small number lowbudget martial art ninja film direct chines filmmak<physical_entity wordnetid="100001930" confidence="0.8"><person wordnetid="100007846" confidence="0.8"><leader wordnetid="109623038" confidence="0.8"><administrator wordnetid="109770949" confidence="0.8"><causal_agent wordnetid="100007347" confidence="0.8"><head wordnetid="110162991" confidence="0.8"><director wordnetid="110014939" confidence="0.8"><link ns0:type="simple" ns0:href="../101/1505101.xml">godfrey ho</link></director></head></causal_agent></administrator></leader></person></physical_entity>familiar work<link ns0:type="simple" ns0:href="../020/192020.xml">shaw brother</link>ho reedit scene film cutandpast style filmmak infam harrison unwil star dozen movi titl cobra ninja golden ninja warrior diamond nnja forc silver star product ninja film<link ns0:type="simple" ns0:href="../645/5645.xml">cult film</link></p><p>disgust outcom harrison return unit slow film work quit act earli nineti film erot thriller angel eye direct prolif cinematographerdirector<cameraman wordnetid="109889539" confidence="0.9173553029164789"><actor wordnetid="109765278" confidence="0.9508927676800064"><link ns0:type="simple" ns0:href="../056/8251056.xml">gari graver</link></actor></cameraman>star<orator wordnetid="110380672" confidence="0.9173553029164789"><actor wordnetid="109765278" confidence="0.9173553029164789"><link ns0:type="simple" ns0:href="../864/142864.xml">erik estrada</link></actor></orator><actor wordnetid="109765278" confidence="0.9173553029164789"><link ns0:type="simple" ns0:href="../712/2234712.xml">john phillip law</link></actor><person wordnetid="100007846" confidence="0.9508927676800064"><actor wordnetid="109765278" confidence="0.9508927676800064"><link ns0:type="simple" ns0:href="../982/5876982.xml">moniqu gabriel</link></actor></person>film jerk</p><p>noteworthi movi harrison career<link ns0:type="simple" ns0:href="../291/19291.xml">moroccan</link>film amok dark mission love hate<system wordnetid="108435388" confidence="0.8"><economy wordnetid="108366753" confidence="0.8"><group wordnetid="100031264" confidence="0.8"><link ns0:type="simple" ns0:href="../667/26667.xml">spanish</link></group></economy></system>director<link ns0:type="simple" ns0:href="../169/1176169.xml">jesu franco</link>better harrison filipino film term qualiti moreinterestingthanusu cast featur<person wordnetid="100007846" confidence="0.9508927676800064"><actor wordnetid="109765278" confidence="0.9508927676800064"><link ns0:type="simple" ns0:href="../494/53494.xml">christoph lee</link></actor></person><actor wordnetid="109765278" confidence="0.9173553029164789"><link ns0:type="simple" ns0:href="../273/1204273.xml">christoph mitchum</link></actor><country wordnetid="108544813" confidence="0.9508927676800064"><link ns0:type="simple" ns0:href="../419/5843419.xml">french</link></country>adult film star<natural_object wordnetid="100019128" confidence="0.8"><celestial_body wordnetid="109239740" confidence="0.8"><star wordnetid="109444100" confidence="0.8"><link ns0:type="simple" ns0:href="../317/849317.xml">brigitt lahai</link></star></celestial_body></natural_object>horror film<physical_entity wordnetid="100001930" confidence="0.8"><person wordnetid="100007846" confidence="0.8"><leader wordnetid="109623038" confidence="0.8"><administrator wordnetid="109770949" confidence="0.8"><causal_agent wordnetid="100007347" confidence="0.8"><head wordnetid="110162991" confidence="0.8"><director wordnetid="110014939" confidence="0.8"><link ns0:type="simple" ns0:href="../706/653706.xml">jean rollin</link></director></head></causal_agent></administrator></leader></person></physical_entity></p><p>seriou role harrison portray american presid<president wordnetid="110468559" confidence="0.9508927676800064"><person wordnetid="100007846" confidence="0.9508927676800064"><tailor wordnetid="110689564" confidence="0.9173553029164789"><link ns0:type="simple" ns0:href="../624/1624.xml">andrew johnson</link></tailor></person></president><actor wordnetid="109765278" confidence="0.9508927676800064"><link ns0:type="simple" ns0:href="../704/4780704.xml">ali hatami</link></actor>iranian product<movie wordnetid="106613686" confidence="0.9508927676800064"><link ns0:type="simple" ns0:href="../510/10299510.xml">hajji washington</link></movie>film complet screen iran</p><p>harrison remain englishspeak cult figur bmovi peplum eurospi fan european italian spi movi fan resurg spaghetti western fandom gener interest harrison work genr despit unfairli label<link ns0:type="simple" ns0:href="../987/83987.xml">camp</link>zactor fact harrison worst movi easiest find today<physical_entity wordnetid="100001930" confidence="0.8"><person wordnetid="100007846" confidence="0.8"><leader wordnetid="109623038" confidence="0.8"><administrator wordnetid="109770949" confidence="0.8"><causal_agent wordnetid="100007347" confidence="0.8"><head wordnetid="110162991" confidence="0.8"><director wordnetid="110014939" confidence="0.8"><link ns0:type="simple" ns0:href="../101/1505101.xml">godfrey ho</link></director></head></causal_agent></administrator></leader></person></physical_entity>ninja film midpric<link ns0:type="simple" ns0:href="../431/1692431.xml">region</link><link ns0:type="simple" ns0:href="../431/1692431.xml">region</link><medium wordnetid="106254669" confidence="0.9508927676800064"><link ns0:type="simple" ns0:href="../498/11014498.xml">dvd</link></medium>harrison spaghetti western exrent<link ns0:type="simple" ns0:href="../952/147952.xml">video tape</link>european<link ns0:type="simple" ns0:href="../438/24438.xml">pal</link>format english fleamarket second hand movi store<link ns0:type="simple" ns0:href="../495/130495.xml">ebay</link>damag reput<link ns0:type="simple" ns0:href="../320/8773320.xml">zmovi</link>era harrison long solid career european bmovi overlook fan weaker film</p><p>found multisystem electron compani name gladiat electron son sebastian</p></sec><sec><st>memor quot</st><p>opinion death actor movi greatest contribut cinema<movie wordnetid="106613686" confidence="0.9508927676800064"><link ns0:type="simple" ns0:href="../926/441926.xml">fist dollar</link></movie>recommend clint</p><p>sad film<product wordnetid="104007894" confidence="0.8"><creation wordnetid="103129123" confidence="0.8"><artifact wordnetid="100021939" confidence="0.8"><event wordnetid="100029378" confidence="0.8"><social_event wordnetid="107288639" confidence="0.8"><movie wordnetid="106613686" confidence="0.8"><show wordnetid="106619065" confidence="0.8"><psychological_feature wordnetid="100023100" confidence="0.8"><link ns0:type="simple" ns0:href="../448/2347448.xml">fireback</link></psychological_feature></show></movie></social_event></event></artifact></creation></product>filipino action film</p></sec><sec><st>partial filmographi</st><p><list><entry level="1" type="bullet">south pacif</entry><entry level="1" type="bullet"><movie wordnetid="106613686" confidence="0.9508927676800064"><link ns0:type="simple" ns0:href="../420/8901420.xml">master</link></movie></entry><entry level="1" type="bullet">sett gladiatori aka gladiat</entry><entry level="1" type="bullet">duello nel texa aka gunfight red sand</entry><entry level="1" type="bullet">secret agent firebal</entry><entry level="1" type="bullet"><link ns0:type="simple" ns0:href="../927/19090927.xml">fantabul</link></entry><entry level="1" type="bullet"><link ns0:type="simple" ns0:href="../236/19091236.xml">master stroke</link></entry><entry level="1" type="bullet">el rojo</entry><entry level="1" type="bullet">joko invoca dioi muori aka vengeanc</entry><entry level="1" type="bullet">churchil leopard</entry><entry level="1" type="bullet">lot women</entry><entry level="1" type="bullet">lo chiamovano king aka king</entry><entry level="1" type="bullet">lexplos</entry><entry level="1" type="bullet">reverendo colt</entry><entry level="1" type="bullet">fratelli</entry><entry level="1" type="bullet">godfath friend</entry><entry level="1" type="bullet">marco polo</entry><entry level="1" type="bullet">achtung desert tiger</entry><entry level="1" type="bullet">la belva col mitra aka beast gun</entry><entry level="1" type="bullet">gymkata killer</entry><entry level="1" type="bullet"><product wordnetid="104007894" confidence="0.8"><creation wordnetid="103129123" confidence="0.8"><artifact wordnetid="100021939" confidence="0.8"><event wordnetid="100029378" confidence="0.8"><social_event wordnetid="107288639" confidence="0.8"><movie wordnetid="106613686" confidence="0.8"><show wordnetid="106619065" confidence="0.8"><psychological_feature wordnetid="100023100" confidence="0.8"><link ns0:type="simple" ns0:href="../448/2347448.xml">fireback</link></psychological_feature></show></movie></social_event></event></artifact></creation></product>credit film imdb incorrectli</entry></list></p><p><indent level="1">nanarlandcom interview<actor wordnetid="109765278" confidence="0.9173553029164789"><link ns0:type="simple" ns0:href="../064/1904064.xml">bruce baron</link></actor>act fireback filipino film book god polyest richard harrison credit fireback film<link ns0:type="simple" ns0:href="../876/14876.xml">imdb</link>video edit film credit year harrison filipino film final word multipl year fireback credit correct likelihood filipino film</indent>black gold dossier<list><entry level="1" type="bullet">voodoo babi aka orgasmo nero</entry><entry level="1" type="bullet"><movie wordnetid="106613686" confidence="0.9508927676800064"><link ns0:type="simple" ns0:href="../510/10299510.xml">hajji washington</link></movie></entry><entry level="1" type="bullet">amok</entry><entry level="1" type="bullet"><product wordnetid="104007894" confidence="0.8"><creation wordnetid="103129123" confidence="0.8"><artifact wordnetid="100021939" confidence="0.8"><event wordnetid="100029378" confidence="0.8"><social_event wordnetid="107288639" confidence="0.8"><movie wordnetid="106613686" confidence="0.8"><show wordnetid="106619065" confidence="0.8"><psychological_feature wordnetid="100023100" confidence="0.8"><link ns0:type="simple" ns0:href="../161/1704161.xml">blood debt</link></psychological_feature></show></movie></social_event></event></artifact></creation></product>aka elimin</entry><entry level="1" type="bullet">intrus cambodia aka rescu team</entry><entry level="1" type="bullet">ninja termin</entry><entry level="1" type="bullet">ninja holocaust</entry><entry level="1" type="bullet"><movie wordnetid="106613686" confidence="0.9508927676800064"><link ns0:type="simple" ns0:href="../187/1670187.xml">ninja champion</link></movie></entry><entry level="1" type="bullet">ninja thunderbolt</entry><entry level="1" type="bullet">diamond ninja forc</entry><entry level="1" type="bullet">ninja hunt</entry><entry level="1" type="bullet">ninja dragon</entry><entry level="1" type="bullet">golden ninja warrior</entry><entry level="1" type="bullet">ninja squad</entry><entry level="1" type="bullet">ninja protector</entry><entry level="1" type="bullet">cobra ninja</entry><entry level="1" type="bullet">ninja kill</entry><entry level="1" type="bullet">ninja command</entry><entry level="1" type="bullet">ninja oper licens termin</entry><entry level="1" type="bullet">ninja silent assassin</entry><entry level="1" type="bullet">ninja aveng</entry><entry level="1" type="bullet"><movie wordnetid="106613686" confidence="0.9508927676800064"><link ns0:type="simple" ns0:href="../504/1579504.xml">ninja strike forc</link></movie></entry><entry level="1" type="bullet">ninja powerforc</entry><entry level="1" type="bullet">three men fire</entry><entry level="1" type="bullet">oper la vega</entry><entry level="1" type="bullet">dark mission</entry><entry level="1" type="bullet">angel eye</entry><entry level="1" type="bullet">jerk</entry></list></p></sec><sec><st>bibliographi</st><p>harrison contribut piec film compil<list><entry level="1" type="bullet"><link ns0:type="simple" ns0:href="../902/2465902.xml">god polyest</link>survivor account cinema obscura</entry><entry level="1" type="bullet">god spandex survivor account cinema obscura</entry></list></p></sec><sec><st>extern link</st><p>indepth interview video<list><entry level="1" type="bullet"><weblink ns0:type="simple" ns0:href="http://nanarland.com/nanarland_tv.php?vid=2">frenchmad documentari richard harrison</weblink></entry></list>richard harrison movi<list><entry level="1" type="bullet"><weblink ns0:type="simple" ns0:href="http://www.imdb.com/name/nm0365835/">richard harrison</weblink><web_site wordnetid="106359193" confidence="0.9508927676800064"><link ns0:type="simple" ns0:href="../554/2855554.xml">internet movi databas</link></web_site></entry><entry level="1" type="bullet"><weblink ns0:type="simple" ns0:href="http://www.allmovie.com/cg/avg.dll?p=avg sql=2:93574">richard harrison</weblink><web_site wordnetid="106359193" confidence="0.9508927676800064"><link ns0:type="simple" ns0:href="../027/1135027.xml">allmovi</link></web_site></entry><entry level="1" type="bullet"><weblink ns0:type="simple" ns0:href="http://members.fortunecity.com/jdulaney/rh.html">semioffici richard harrison site</weblink>john dulaney</entry><entry level="1" type="bullet"><weblink ns0:type="simple" ns0:href="http://www.nanarland.com/interview/interview.php?id_interview=richardharrisonvo vo=1">interview</weblink>nanarlandcom interview richard harrison career</entry><entry level="1" type="bullet"><weblink ns0:type="simple" ns0:href="http://www.briansdriveintheater.com/">brian drivein theater</weblink>bmovi websit richard harrison</entry><entry level="1" type="bullet"><weblink ns0:type="simple" ns0:href="http://www.gladiatorelectronics.com/">gladiat electron</weblink>harrison compani websit</entry><entry level="1" type="bullet"><weblink ns0:type="simple" ns0:href="http://www.searchmytrash.com/articles/richardharrison(5-06).shtml">richard harrison biographi</weblink>trash</entry></list></p><p>miscellan<list><entry level="1" type="bullet"><weblink ns0:type="simple" ns0:href="http://www.dighkmovies.com/v3/188/188.html">interview</weblink>kent will<weblink ns0:type="simple" ns0:href="http://www.dighkmovies.com/">wwwdighkmoviescom</weblink>featur lot inform godfrey ho seedier side hong kong film industri</entry><entry level="1" type="bullet"><weblink ns0:type="simple" ns0:href="http://www.spaghetti-western.net/index.php/Main_Page">spaghetti western databas</weblink></entry><entry level="1" type="bullet"><weblink ns0:type="simple" ns0:href="http://www.wildeast.net/spaghettiwestern.htm">articl spaghetti western</weblink><weblink ns0:type="simple" ns0:href="http://www.wildeast.net/">wwwwildeastnet</weblink></entry><entry level="1" type="bullet"><weblink ns0:type="simple" ns0:href="http://disc.server.com/Indices/160642.html">spaghetti western web board</weblink>discuss forum thing spaghetti western</entry><entry level="1" type="bullet"><weblink ns0:type="simple" ns0:href="http://website.lineone.net/~braithwaitej/mainsite/mainpage.htm">fist western</weblink>spaghetti western site basic profil actor gener inform interest imag galleri featur vintag poster art</entry><entry level="1" type="bullet"><weblink ns0:type="simple" ns0:href="http://www.cultmovies.dk/peplum/peplum.htm">galleri</weblink>cover scan vintag peplum video</entry></list></p></sec></bdy></actor></exile></article>