<article xmlns:ns0="http://www.w3.org/1999/xlink"><artifact confidence="0.8" wordnetid="100021939"><instrumentality confidence="0.8" wordnetid="103575240"><device confidence="0.8" wordnetid="103183080"><machine confidence="0.8" wordnetid="103699975"><header><title>nema machin</title><id /><revision><id /><timestamp>tz</timestamp><contributor><username>smackbot</username><id /></contributor></revision><categories><category>rotor machin</category><category>cryptograph hardwar</category></categories></header><bdy><image width="280px" src="Top-keyboard-1000.jpg" type="thumbnail"><caption>nema machin<country wordnetid="108544813" confidence="0.9508927676800064"><link ns0:type="simple" ns0:href="../748/26748.xml">swiss</link></country><link ns0:type="simple" ns0:href="../223/196223.xml">rotor machin</link>design replac commerci<artifact wordnetid="100021939" confidence="0.8"><instrumentality wordnetid="103575240" confidence="0.8"><device wordnetid="103183080" confidence="0.8"><machine wordnetid="103699975" confidence="0.8"><link ns0:type="simple" ns0:href="../256/9256.xml">enigma machin</link></machine></device></instrumentality></artifact></caption></image><link ns0:type="simple" ns0:href="../066/520066.xml">histori cryptographi</link>nema neue maschin machin design td tastendrueckermaschin keystrok machin wheel<link ns0:type="simple" ns0:href="../223/196223.xml">rotor machin</link>design<military wordnetid="108199025" confidence="0.9508927676800064"><link ns0:type="simple" ns0:href="../468/27468.xml">swiss armi</link></military><military_action wordnetid="100952963" confidence="0.8"><group_action wordnetid="101080366" confidence="0.8"><event wordnetid="100029378" confidence="0.8"><conflict wordnetid="100958896" confidence="0.8"><act wordnetid="100030358" confidence="0.8"><psychological_feature wordnetid="100023100" confidence="0.8"><war wordnetid="100973077" confidence="0.8"><link ns0:type="simple" ns0:href="../927/32927.xml">war ii</link></war></psychological_feature></act></conflict></event></group_action></military_action>replac<artifact wordnetid="100021939" confidence="0.8"><instrumentality wordnetid="103575240" confidence="0.8"><device wordnetid="103183080" confidence="0.8"><machine wordnetid="103699975" confidence="0.8"><link ns0:type="simple" ns0:href="../256/9256.xml">enigma machin</link></machine></device></instrumentality></artifact><sec><st>histori</st><p><image width="280px" src="Cover-open-1000.jpg" type="thumbnail"><caption>nema wheel reflector normal rotor remain drive wheel control step rotor reflector</caption></image>swiss awar current machin commerci enigma swiss broken alli german<link ns0:type="simple" ns0:href="../715/5715.xml">cryptanalyst</link>design begun<link ns0:type="simple" ns0:href="../632/34632.xml" /><link ns0:type="simple" ns0:href="../630/34630.xml" />captain arthur alder professor<link ns0:type="simple" ns0:href="../831/18831.xml">mathemat</link><university wordnetid="108286163" confidence="0.9508927676800064"><link ns0:type="simple" ns0:href="../515/1157515.xml">univers bern</link></university>team design machin includ professor<physical_entity wordnetid="100001930" confidence="0.8"><person wordnetid="100007846" confidence="0.8"><cryptanalyst wordnetid="109981540" confidence="0.8"><intellectual wordnetid="109621545" confidence="0.8"><causal_agent wordnetid="100007347" confidence="0.8"><scientist wordnetid="110560637" confidence="0.8"><mathematician wordnetid="110301261" confidence="0.8"><decoder wordnetid="109995398" confidence="0.8"><link ns0:type="simple" ns0:href="../451/630451.xml">hugo hadwig</link></decoder></mathematician></scientist></causal_agent></intellectual></cryptanalyst></person></physical_entity>heinrich emil weber</p><p>spring<link ns0:type="simple" ns0:href="../622/34622.xml" />prototyp modif design accept march<link ns0:type="simple" ns0:href="../624/34624.xml" />product machin began month zellweg ag machin enter servic<link ns0:type="simple" ns0:href="../584/34584.xml" /></p><p>nema declassifi<link ns0:type="simple" ns0:href="../883/15883.xml">juli</link><link ns0:type="simple" ns0:href="../669/34669.xml" />machin offer sale public<link ns0:type="simple" ns0:href="../351/19351.xml" /></p></sec><sec><st>machin</st><p>nema wheel normal electr rotor contact scrambl wire uniqu rotor type electr reflector enigma umkehrwalz set pairwis cross connect contact remain drive wheel mechan<link ns0:type="simple" ns0:href="../284/40284.xml">cam</link>control step rotor reflector wheel assembl<link ns0:type="simple" ns0:href="../573/160573.xml">axl</link>pair consist drive wheel electr rotor</p><p><table style="margin-left: auto; margin-right:auto;" cellspacing="0px"><row valign="top"><col><image width="150px" src="F-rotor-top-1000.jpg" type="thumbnail"><caption>top view nema rotor pair electr rotor</caption></image></col><col><image width="150px" src="Rotor-bottom-1000.jpg" type="thumbnail"><caption>bottom view nema rotor pair drive rotor note three steppingcontrol cam</caption></image></col><col><image width="150px" src="Enigma-rotor-BP.jpg" type="thumbnail"><caption>enigma rotor</caption></image></col></row></table></p><p>nema machin weigh measur time time cm</p></sec><sec><st /><p><list><entry level="1" type="bullet"><artifact wordnetid="100021939" confidence="0.8"><instrumentality wordnetid="103575240" confidence="0.8"><device wordnetid="103183080" confidence="0.8"><machine wordnetid="103699975" confidence="0.8"><link ns0:type="simple" ns0:href="../986/1194986.xml">fialka</link></machine></device></instrumentality></artifact></entry><entry level="1" type="bullet"><artifact wordnetid="100021939" confidence="0.8"><instrumentality wordnetid="103575240" confidence="0.8"><device wordnetid="103183080" confidence="0.8"><machine wordnetid="103699975" confidence="0.8"><link ns0:type="simple" ns0:href="../983/37983.xml">typex</link></machine></device></instrumentality></artifact></entry><entry level="1" type="bullet"><artifact wordnetid="100021939" confidence="0.8"><instrumentality wordnetid="103575240" confidence="0.8"><device wordnetid="103183080" confidence="0.8"><machine wordnetid="103699975" confidence="0.8"><link ns0:type="simple" ns0:href="../035/145035.xml">sigaba</link></machine></device></instrumentality></artifact></entry></list></p></sec><sec><st>refer</st><p><list><entry level="1" type="bullet">geoff sullivan frode weierud swiss nema cipher machin<work wordnetid="104599396" confidence="0.8"><product wordnetid="104007894" confidence="0.8"><creation wordnetid="103129123" confidence="0.8"><artifact wordnetid="100021939" confidence="0.8"><periodical wordnetid="106593296" confidence="0.8"><publication wordnetid="106589574" confidence="0.8"><link ns0:type="simple" ns0:href="../527/542527.xml">cryptologia</link></publication></periodical></artifact></creation></product></work>octob</entry></list></p></sec><sec><st>extern link</st><p><list><entry level="1" type="bullet"><weblink ns0:type="simple" ns0:href="http://frode.home.cern.ch/frode/crypto/simula/nema/">nema homepag</weblink>photograph simul</entry><entry level="1" type="bullet"><weblink ns0:type="simple" ns0:href="http://www.eclipse.net/~dhamer/nema2.htm">david hamer nema</weblink>includ record nema sell price<weblink ns0:type="simple" ns0:href="http://www.eclipse.net/~dhamer/enigma_p.htm">httpwwweclipsenetdhamerenigma_phtm</weblink></entry><entry level="1" type="bullet"><weblink ns0:type="simple" ns0:href="http://www.ilord.com/nema.html">bob lord nema</weblink>includ scan manual</entry><entry level="1" type="bullet"><weblink ns0:type="simple" ns0:href="http://www.jproc.ca/crypto/nema.html">jerri proc nema</weblink></entry></list></p><p><table style=";" class="navbox" cellspacing="0"><row><col style="padding:2px;"><table style="width:100%;background:transparent;color:inherit;;" class="nowraplinks  " cellspacing="0"><row><col colspan="2" style="width:100%;padding:0px;;;" class="navbox-list navbox-odd"><table style="width:100%;;;;" class="nowraplinks  navbox-subgroup" cellspacing="0"><row><col colspan="2" style="width:100%;padding:0px;;;" class="navbox-list navbox-odd"><table style="width:100%;;;;" class="nowraplinks  navbox-subgroup" cellspacing="0"><row><header colspan="2" style=";background:#ccf;" class="navbox-title">cipher machin</header></row><row style="height:2px;" /><row><col colspan="2" style="width:100%;padding:0px;;;" class="navbox-list navbox-odd"><p><link ns0:type="simple" ns0:href="../223/196223.xml">rotor machin</link><artifact wordnetid="100021939" confidence="0.8"><instrumentality wordnetid="103575240" confidence="0.8"><device wordnetid="103183080" confidence="0.8"><machine wordnetid="103699975" confidence="0.8"><link ns0:type="simple" ns0:href="../620/3284620.xml">ccm</link></machine></device></instrumentality></artifact><artifact wordnetid="100021939" confidence="0.8"><instrumentality wordnetid="103575240" confidence="0.8"><device wordnetid="103183080" confidence="0.8"><machine wordnetid="103699975" confidence="0.8"><link ns0:type="simple" ns0:href="../256/9256.xml">enigma</link></machine></device></instrumentality></artifact><artifact wordnetid="100021939" confidence="0.8"><instrumentality wordnetid="103575240" confidence="0.8"><device wordnetid="103183080" confidence="0.8"><machine wordnetid="103699975" confidence="0.8"><link ns0:type="simple" ns0:href="../986/1194986.xml">fialka</link></machine></device></instrumentality></artifact><artifact wordnetid="100021939" confidence="0.8"><instrumentality wordnetid="103575240" confidence="0.8"><device wordnetid="103183080" confidence="0.8"><machine wordnetid="103699975" confidence="0.8"><link ns0:type="simple" ns0:href="../839/194839.xml">hebern</link></machine></device></instrumentality></artifact><artifact wordnetid="100021939" confidence="0.8"><instrumentality wordnetid="103575240" confidence="0.8"><device wordnetid="103183080" confidence="0.8"><machine wordnetid="103699975" confidence="0.8"><link ns0:type="simple" ns0:href="../284/1389284.xml">hx</link></machine></device></instrumentality></artifact><artifact wordnetid="100021939" confidence="0.8"><instrumentality wordnetid="103575240" confidence="0.8"><device wordnetid="103183080" confidence="0.8"><machine wordnetid="103699975" confidence="0.8"><link ns0:type="simple" ns0:href="../245/1011245.xml">kl</link></machine></device></instrumentality></artifact><artifact wordnetid="100021939" confidence="0.8"><instrumentality wordnetid="103575240" confidence="0.8"><device wordnetid="103183080" confidence="0.8"><machine wordnetid="103699975" confidence="0.8"><link ns0:type="simple" ns0:href="../375/2823375.xml">lacida</link></machine></device></instrumentality></artifact><artifact wordnetid="100021939" confidence="0.8"><instrumentality wordnetid="103575240" confidence="0.8"><device wordnetid="103183080" confidence="0.8"><machine wordnetid="103699975" confidence="0.8"><link ns0:type="simple" ns0:href="../019/1223019.xml" /></machine></device></instrumentality></artifact><artifact wordnetid="100021939" confidence="0.8"><instrumentality wordnetid="103575240" confidence="0.8"><device wordnetid="103183080" confidence="0.8"><machine wordnetid="103699975" confidence="0.8"><link ns0:type="simple" ns0:href="../634/3587634.xml">mercuri</link></machine></device></instrumentality></artifact><artifact wordnetid="100021939" confidence="0.8"><instrumentality wordnetid="103575240" confidence="0.8"><device wordnetid="103183080" confidence="0.8"><machine wordnetid="103699975" confidence="0.8"><link ns0:type="simple" ns0:href="../847/1114847.xml">nema</link></machine></device></instrumentality></artifact><artifact wordnetid="100021939" confidence="0.8"><instrumentality wordnetid="103575240" confidence="0.8"><device wordnetid="103183080" confidence="0.8"><machine wordnetid="103699975" confidence="0.8"><link ns0:type="simple" ns0:href="../953/3708953.xml">omi</link></machine></device></instrumentality></artifact><artifact wordnetid="100021939" confidence="0.8"><instrumentality wordnetid="103575240" confidence="0.8"><device wordnetid="103183080" confidence="0.8"><machine wordnetid="103699975" confidence="0.8"><link ns0:type="simple" ns0:href="../302/3247302.xml">portex</link></machine></device></instrumentality></artifact><artifact wordnetid="100021939" confidence="0.8"><instrumentality wordnetid="103575240" confidence="0.8"><device wordnetid="103183080" confidence="0.8"><machine wordnetid="103699975" confidence="0.8"><link ns0:type="simple" ns0:href="../035/145035.xml">sigaba</link></machine></device></instrumentality></artifact><artifact wordnetid="100021939" confidence="0.8"><instrumentality wordnetid="103575240" confidence="0.8"><device wordnetid="103183080" confidence="0.8"><machine wordnetid="103699975" confidence="0.8"><link ns0:type="simple" ns0:href="../780/3626780.xml">sigcum</link></machine></device></instrumentality></artifact><artifact wordnetid="100021939" confidence="0.8"><instrumentality wordnetid="103575240" confidence="0.8"><device wordnetid="103183080" confidence="0.8"><machine wordnetid="103699975" confidence="0.8"><link ns0:type="simple" ns0:href="../547/3158547.xml">singlet</link></machine></device></instrumentality></artifact><artifact wordnetid="100021939" confidence="0.8"><instrumentality wordnetid="103575240" confidence="0.8"><device wordnetid="103183080" confidence="0.8"><machine wordnetid="103699975" confidence="0.8"><link ns0:type="simple" ns0:href="../983/37983.xml">typex</link></machine></device></instrumentality></artifact></p></col></row><row style="height:2px" /><row><col colspan="2" style="width:100%;padding:0px;;;" class="navbox-list navbox-even"><p>mechan<link ns0:type="simple" ns0:href="../993/854993.xml">bazeri cylind</link><artifact wordnetid="100021939" confidence="0.8"><instrumentality wordnetid="103575240" confidence="0.8"><device wordnetid="103183080" confidence="0.8"><link ns0:type="simple" ns0:href="../135/3165135.xml" /></device></instrumentality></artifact><artifact wordnetid="100021939" confidence="0.8"><instrumentality wordnetid="103575240" confidence="0.8"><device wordnetid="103183080" confidence="0.8"><link ns0:type="simple" ns0:href="../791/1513791.xml" /></device></instrumentality></artifact><artifact wordnetid="100021939" confidence="0.8"><instrumentality wordnetid="103575240" confidence="0.8"><device wordnetid="103183080" confidence="0.8"><link ns0:type="simple" ns0:href="../004/1510004.xml">cd</link></device></instrumentality></artifact><artifact wordnetid="100021939" confidence="0.8"><instrumentality wordnetid="103575240" confidence="0.8"><device wordnetid="103183080" confidence="0.8"><link ns0:type="simple" ns0:href="../228/3320228.xml">cipher disk</link></device></instrumentality></artifact><artifact wordnetid="100021939" confidence="0.8"><instrumentality wordnetid="103575240" confidence="0.8"><device wordnetid="103183080" confidence="0.8"><link ns0:type="simple" ns0:href="../758/1491758.xml">hc</link></device></instrumentality></artifact><artifact wordnetid="100021939" confidence="0.8"><instrumentality wordnetid="103575240" confidence="0.8"><device wordnetid="103183080" confidence="0.8"><link ns0:type="simple" ns0:href="../315/1281315.xml">kryha</link></device></instrumentality></artifact><artifact wordnetid="100021939" confidence="0.8"><instrumentality wordnetid="103575240" confidence="0.8"><device wordnetid="103183080" confidence="0.8"><link ns0:type="simple" ns0:href="../993/854993.xml">jefferson disk</link></device></instrumentality></artifact><message wordnetid="106253690" confidence="0.8"><artifact wordnetid="100021939" confidence="0.8"><instrumentality wordnetid="103575240" confidence="0.8"><device wordnetid="103183080" confidence="0.8"><cipher wordnetid="106254239" confidence="0.8"><link ns0:type="simple" ns0:href="../133/740133.xml" /></cipher></device></instrumentality></artifact></message><artifact wordnetid="100021939" confidence="0.8"><instrumentality wordnetid="103575240" confidence="0.8"><device wordnetid="103183080" confidence="0.8"><link ns0:type="simple" ns0:href="../513/743513.xml" /></device></instrumentality></artifact><message wordnetid="106253690" confidence="0.8"><cipher wordnetid="106254239" confidence="0.8"><link ns0:type="simple" ns0:href="../199/1582199.xml">reihenschieb</link></cipher></message><message wordnetid="106253690" confidence="0.8"><artifact wordnetid="100021939" confidence="0.8"><instrumentality wordnetid="103575240" confidence="0.8"><device wordnetid="103183080" confidence="0.8"><cipher wordnetid="106254239" confidence="0.8"><link ns0:type="simple" ns0:href="../487/148487.xml">scytal</link></cipher></device></instrumentality></artifact></message></p></col></row><row style="height:2px" /><row><col colspan="2" style="width:100%;padding:0px;;;" class="navbox-list navbox-odd"><p>teleprint<artifact wordnetid="100021939" confidence="0.8"><instrumentality wordnetid="103575240" confidence="0.8"><device wordnetid="103183080" confidence="0.8"><link ns0:type="simple" ns0:href="../691/1198691.xml">uco</link></device></instrumentality></artifact><artifact wordnetid="100021939" confidence="0.8"><instrumentality wordnetid="103575240" confidence="0.8"><device wordnetid="103183080" confidence="0.8"><link ns0:type="simple" ns0:href="../348/1978348.xml">bid</link></device></instrumentality></artifact><artifact wordnetid="100021939" confidence="0.8"><instrumentality wordnetid="103575240" confidence="0.8"><device wordnetid="103183080" confidence="0.8"><link ns0:type="simple" ns0:href="../090/1006090.xml">kw</link></device></instrumentality></artifact><artifact wordnetid="100021939" confidence="0.8"><instrumentality wordnetid="103575240" confidence="0.8"><device wordnetid="103183080" confidence="0.8"><link ns0:type="simple" ns0:href="../397/1009397.xml">kw</link></device></instrumentality></artifact><link ns0:type="simple" ns0:href="../173/301173.xml">lorenz sz</link><link ns0:type="simple" ns0:href="../403/304403.xml">siemen halsk</link></p></col></row><row style="height:2px" /><row><col colspan="2" style="width:100%;padding:0px;;;" class="navbox-list navbox-even"><p><link ns0:type="simple" ns0:href="../035/1560035.xml">secur voic</link><link ns0:type="simple" ns0:href="../593/10500593.xml">bid</link><link ns0:type="simple" ns0:href="../526/18918526.xml">fascin</link><artifact wordnetid="100021939" confidence="0.8"><instrumentality wordnetid="103575240" confidence="0.8"><device wordnetid="103183080" confidence="0.8"><link ns0:type="simple" ns0:href="../424/4320424.xml">ky</link></device></instrumentality></artifact><artifact wordnetid="100021939" confidence="0.8"><instrumentality wordnetid="103575240" confidence="0.8"><device wordnetid="103183080" confidence="0.8"><link ns0:type="simple" ns0:href="../562/160562.xml">ky</link></device></instrumentality></artifact><artifact wordnetid="100021939" confidence="0.8"><instrumentality wordnetid="103575240" confidence="0.8"><device wordnetid="103183080" confidence="0.8"><link ns0:type="simple" ns0:href="../033/2576033.xml">ky</link></device></instrumentality></artifact><artifact wordnetid="100021939" confidence="0.8"><instrumentality wordnetid="103575240" confidence="0.8"><device wordnetid="103183080" confidence="0.8"><link ns0:type="simple" ns0:href="../735/3884735.xml">ky</link></device></instrumentality></artifact><artifact wordnetid="100021939" confidence="0.8"><instrumentality wordnetid="103575240" confidence="0.8"><device wordnetid="103183080" confidence="0.8"><link ns0:type="simple" ns0:href="../406/2678406.xml">omni</link></device></instrumentality></artifact><link ns0:type="simple" ns0:href="../994/1058994.xml">scip</link><link>sectra secur modul</link><artifact wordnetid="100021939" confidence="0.8"><instrumentality wordnetid="103575240" confidence="0.8"><device wordnetid="103183080" confidence="0.8"><link ns0:type="simple" ns0:href="../918/740918.xml">sigsali</link></device></instrumentality></artifact><artifact wordnetid="100021939" confidence="0.8"><instrumentality wordnetid="103575240" confidence="0.8"><device wordnetid="103183080" confidence="0.8"><link ns0:type="simple" ns0:href="../389/812389.xml">ste</link></device></instrumentality></artifact><artifact wordnetid="100021939" confidence="0.8"><instrumentality wordnetid="103575240" confidence="0.8"><device wordnetid="103183080" confidence="0.8"><link ns0:type="simple" ns0:href="../329/4320329.xml">stuii</link></device></instrumentality></artifact><artifact wordnetid="100021939" confidence="0.8"><instrumentality wordnetid="103575240" confidence="0.8"><device wordnetid="103183080" confidence="0.8"><link ns0:type="simple" ns0:href="../541/794541.xml">stuiii</link></device></instrumentality></artifact><artifact wordnetid="100021939" confidence="0.8"><instrumentality wordnetid="103575240" confidence="0.8"><device wordnetid="103183080" confidence="0.8"><link ns0:type="simple" ns0:href="../512/1068512.xml">vinson</link></device></instrumentality></artifact></p></col></row><row style="height:2px" /><row><col colspan="2" style="width:100%;padding:0px;;;" class="navbox-list navbox-odd"><p>miscellan<link ns0:type="simple" ns0:href="../726/1383726.xml">jade</link><artifact wordnetid="100021939" confidence="0.8"><instrumentality wordnetid="103575240" confidence="0.8"><device wordnetid="103183080" confidence="0.8"><link ns0:type="simple" ns0:href="../220/1637220.xml" /></device></instrumentality></artifact><artifact wordnetid="100021939" confidence="0.8"><instrumentality wordnetid="103575240" confidence="0.8"><device wordnetid="103183080" confidence="0.8"><link ns0:type="simple" ns0:href="../214/3626214.xml">kl</link></device></instrumentality></artifact><link ns0:type="simple" ns0:href="../481/3429481.xml">noreen</link><artifact wordnetid="100021939" confidence="0.8"><instrumentality wordnetid="103575240" confidence="0.8"><device wordnetid="103183080" confidence="0.8"><link ns0:type="simple" ns0:href="../373/50373.xml">purpl</link></device></instrumentality></artifact><artifact wordnetid="100021939" confidence="0.8"><instrumentality wordnetid="103575240" confidence="0.8"><device wordnetid="103183080" confidence="0.8"><link ns0:type="simple" ns0:href="../935/1605935.xml">pinwheel</link></device></instrumentality></artifact><artifact wordnetid="100021939" confidence="0.8"><instrumentality wordnetid="103575240" confidence="0.8"><device wordnetid="103183080" confidence="0.8"><link ns0:type="simple" ns0:href="../283/3429283.xml">rockex</link></device></instrumentality></artifact></p></col></row></table></col></row></table></col></row><row style="height:2px" /><row><col colspan="2" style="width:100%;padding:0px;;;" class="navbox-list navbox-even"><table style="width:100%;;;;" class="nowraplinks  navbox-subgroup" cellspacing="0"><row><header colspan="2" style=";background:#ccf;" class="navbox-title"><link ns0:type="simple" ns0:href="../432/18934432.xml">cryptographi</link></header></row><row style="height:2px;" /><row><col colspan="2" style="width:100%;padding:0px;;;" class="navbox-list navbox-odd"><link ns0:type="simple" ns0:href="../066/520066.xml">histori cryptographi</link><link ns0:type="simple" ns0:href="../715/5715.xml">cryptanalysi</link>cryptographi portal<link ns0:type="simple" ns0:href="../585/449585.xml">topic cryptographi</link></col></row><row style="height:2px" /><row><col colspan="2" style="width:100%;padding:0px;;;" class="navbox-list navbox-even"><event wordnetid="100029378" confidence="0.8"><rule wordnetid="105846932" confidence="0.8"><act wordnetid="100030358" confidence="0.8"><psychological_feature wordnetid="100023100" confidence="0.8"><procedure wordnetid="101023820" confidence="0.8"><activity wordnetid="100407535" confidence="0.8"><algorithm wordnetid="105847438" confidence="0.8"><link ns0:type="simple" ns0:href="../042/53042.xml">symmetrickey algorithm</link></algorithm></activity></procedure></psychological_feature></act></rule></event><link ns0:type="simple" ns0:href="../594/4594.xml">block cipher</link><link ns0:type="simple" ns0:href="../007/49007.xml">stream cipher</link><link ns0:type="simple" ns0:href="../222/24222.xml">publickey cryptographi</link><physical_entity wordnetid="100001930" confidence="0.8"><person wordnetid="100007846" confidence="0.8"><causal_agent wordnetid="100007347" confidence="0.8"><primitive wordnetid="109627462" confidence="0.8"><link ns0:type="simple" ns0:href="../526/439526.xml">cryptograph hash function</link></primitive></causal_agent></person></physical_entity><link ns0:type="simple" ns0:href="../523/567523.xml">messag authent code</link><event wordnetid="100029378" confidence="0.8"><rule wordnetid="105846932" confidence="0.8"><act wordnetid="100030358" confidence="0.8"><psychological_feature wordnetid="100023100" confidence="0.8"><procedure wordnetid="101023820" confidence="0.8"><activity wordnetid="100407535" confidence="0.8"><algorithm wordnetid="105847438" confidence="0.8"><link ns0:type="simple" ns0:href="../249/182249.xml">random number</link></algorithm></activity></procedure></psychological_feature></act></rule></event><link ns0:type="simple" ns0:href="../733/28733.xml">steganographi</link></col></row></table></col></row></table></col></row></table></p></sec></bdy></machine></device></instrumentality></artifact></article>