<article xmlns:ns0="http://www.w3.org/1999/xlink"><message confidence="0.8" wordnetid="106598915"><protocol confidence="0.8" wordnetid="106665108"><direction confidence="0.8" wordnetid="106786629"><rule confidence="0.8" wordnetid="106652242"><header><title /><id /><revision><id /><timestamp>tz</timestamp><contributor><username>horsdumond</username><id /></contributor></revision><categories><category>librari congress</category><category>librari autom</category><category>applic layer protocol</category></categories></header><bdy><link ns0:type="simple" ns0:href="../513/6513.xml">clientserv</link><link ns0:type="simple" ns0:href="../235/83235.xml">protocol</link>search retriev inform remot<link ns0:type="simple" ns0:href="../457/7878457.xml">comput</link>databas cover<standard wordnetid="107260623" confidence="0.8"><system_of_measurement wordnetid="113577171" confidence="0.8"><link ns0:type="simple" ns0:href="../659/659.xml">ansi</link></system_of_measurement></standard><link ns0:type="simple" ns0:href="../434/1835434.xml">niso</link>standard<link ns0:type="simple" ns0:href="../934/14934.xml">iso</link>standard standard mainten agenc<library wordnetid="103660909" confidence="0.9508927676800064"><link ns0:type="simple" ns0:href="../081/18944081.xml">librari congress</link></library><p><link ns0:type="simple" ns0:href="../727/17727.xml">librari</link>environ incorpor<link ns0:type="simple" ns0:href="../521/2009521.xml">integr librari system</link>person<link ns0:type="simple" ns0:href="../843/454843.xml">bibliograph refer softwar</link>interlibrari catalogu search<link ns0:type="simple" ns0:href="../447/170447.xml">interlibrari loan</link>implement queri</p><p>work protocol began<link ns0:type="simple" ns0:href="../726/34726.xml" />led success version<link ns0:type="simple" ns0:href="../670/34670.xml" /><link ns0:type="simple" ns0:href="../669/34669.xml" /><link ns0:type="simple" ns0:href="../658/34658.xml" />support number action includ search retriev sort brows search express attribut typic bib attribut set defin attribut search inform server comput relat posit structur truncat complet syntax protocol allow complex queri</p><p>practic function complex limit uneven implement develop commerci vendor syntax abstract underli databas structur exampl client specifi author search attribut server determin map search index hand allow queri formul target databas queri vari server server author person name author suitabl fall keyword suitabl return error</p><p>attempt remedi situat<weblink ns0:type="simple" ns0:href="http://www.collectionscanada.ca/bath/bp-current.htm">bath profil</weblink>name<site wordnetid="108651247" confidence="0.9508927676800064"><link ns0:type="simple" ns0:href="../523/41523.xml">bath</link></site>england<link ns0:type="simple" ns0:href="../756/3729756.xml">work group</link>met<link ns0:type="simple" ns0:href="../553/34553.xml" />document rigidli specifi exact search syntax employ common bibliograph search expect behavior bathcompli server respons search implement bath profil slow gradual improv landscap bath profil maintain<link ns0:type="simple" ns0:href="../934/850934.xml">librari archiv canada</link></p><p>preweb technolog work group attempt updat fit better modern environ attempt fall design zing intern gener pursu strategi twin protocol<artifact wordnetid="100021939" confidence="0.8"><instrumentality wordnetid="103575240" confidence="0.8"><engine wordnetid="103287733" confidence="0.8"><motor wordnetid="103789946" confidence="0.8"><device wordnetid="103183080" confidence="0.8"><machine wordnetid="103699975" confidence="0.8"><link ns0:type="simple" ns0:href="../350/8465350.xml">sru</link></machine></device></motor></engine></instrumentality></artifact><work wordnetid="100575741" confidence="0.8"><event wordnetid="100029378" confidence="0.8"><service wordnetid="100577525" confidence="0.8"><act wordnetid="100030358" confidence="0.8"><psychological_feature wordnetid="100023100" confidence="0.8"><activity wordnetid="100407535" confidence="0.8"><link ns0:type="simple" ns0:href="../529/487529.xml">srw</link></activity></psychological_feature></act></service></event></work>drop commun protocol replac<link ns0:type="simple" ns0:href="../104/2701104.xml">http</link>attempt preserv benefit queri syntax sru<word wordnetid="106286395" confidence="0.8"><part wordnetid="113809207" confidence="0.8"><neologism wordnetid="106294441" confidence="0.8"><language_unit wordnetid="106284225" confidence="0.8"><link ns0:type="simple" ns0:href="../222/907222.xml">rest</link></language_unit></neologism></part></word>base enabl queri express<link ns0:type="simple" ns0:href="../277/32277.xml">url</link>queri string srw<link ns0:type="simple" ns0:href="../215/29215.xml">soap</link>expect search return<format wordnetid="106636806" confidence="0.9508927676800064"><link ns0:type="simple" ns0:href="../138/34138.xml">xml</link></format>project allow small market librari softwar benefit<link ns0:type="simple" ns0:href="../483/93483.xml">web servic</link>tool develop larger market lower barrier entri develop origin protocol</p><p><link ns0:type="simple" ns0:href="../320/9672320.xml">common queri languag</link>base semant</p><sec><st /><p><message wordnetid="106598915" confidence="0.8"><protocol wordnetid="106665108" confidence="0.8"><standard wordnetid="107260623" confidence="0.8"><direction wordnetid="106786629" confidence="0.8"><rule wordnetid="106652242" confidence="0.8"><system_of_measurement wordnetid="113577171" confidence="0.8"><link ns0:type="simple" ns0:href="../861/41861.xml">wide area inform server</link></system_of_measurement></rule></direction></standard></protocol></message></p></sec><sec><st>extern link</st><p><list><entry level="1" type="bullet"><weblink ns0:type="simple" ns0:href="http://www.loc.gov/z3950/agency/">mainten agenc</weblink></entry><entry level="1" type="bullet"><weblink ns0:type="simple" ns0:href="http://www.loc.gov/z3950/agency/Z39-50-2003.pdf">standard document pdf</weblink></entry><entry level="1" type="bullet"><weblink ns0:type="simple" ns0:href="http://www.indexdata.dk/targettest/">server directori</weblink></entry><entry level="1" type="bullet"><weblink ns0:type="simple" ns0:href="http://www.collectionscanada.ca/bath/bp-current.htm">bath profil</weblink></entry><entry level="1" type="bullet"><weblink ns0:type="simple" ns0:href="http://www.loc.gov/standards/sru/">sru mainten agenc</weblink></entry><entry level="1" type="bullet"><weblink ns0:type="simple" ns0:href="http://irspy.indexdata.com/">irspi target directori</weblink></entry></list></p><ss1><st>softwar</st><p><list><entry level="1" type="bullet"><weblink ns0:type="simple" ns0:href="http://zoom.z3950.org/">objectorient model</weblink></entry><entry level="1" type="bullet"><weblink ns0:type="simple" ns0:href="http://www.indexdata.dk/yaz/">yaz toolkit</weblink></entry><entry level="1" type="bullet"><weblink ns0:type="simple" ns0:href="http://indexdata.dk/phpyaz/">phpyaz toolkit</weblink></entry><entry level="1" type="bullet"><weblink ns0:type="simple" ns0:href="http://developer.k-int.com/projects.php?page=jzkit2">jzkit</weblink></entry><entry level="1" type="bullet"><weblink ns0:type="simple" ns0:href="http://www.basedowinfosys.com/projects/mzc">mercuri client</weblink></entry><entry level="1" type="bullet"><weblink ns0:type="simple" ns0:href="http://www.endnote.com/">endnot client</weblink></entry></list></p></ss1></sec></bdy></rule></direction></protocol></message></article>