<article xmlns:ns0="http://www.w3.org/1999/xlink"><politics confidence="0.8" wordnetid="113840719"><idea confidence="0.8" wordnetid="105833840"><plan confidence="0.8" wordnetid="105898568"><social_relation confidence="0.8" wordnetid="100032823"><header><title>social secur australia</title><id /><revision><id /><timestamp>tz</timestamp><contributor><username>gimmebot</username><id /></contributor></revision><categories><category>polit australia</category><category>retir australia</category><category>welfar econom</category><category>social program</category><category>economi australia</category><category>welfar</category><category>retir</category></categories></header><bdy>social secur<country wordnetid="108544813" confidence="0.9508927676800064"><link ns0:type="simple" ns0:href="../264/4689264.xml">australia</link></country>refer system<link ns0:type="simple" ns0:href="../250/3332250.xml">social welfar</link>payment provid<link ns0:type="simple" ns0:href="../540/1222540.xml">commonwealth govern australia</link>payment administ govern bodi name<link ns0:type="simple" ns0:href="../169/962169.xml">centrelink</link>australia benefit subject<link ns0:type="simple" ns0:href="../905/1157905.xml">test</link><sec><st>legal framework</st><p>social secur payment benefit current act parliament</p><p>social secur tax system famili assist student assist</p><p>social secur payment australia</p></sec><sec><st>payment social secur student assist</st><p><list><entry level="1" type="bullet">abstudi offer rang allow assist indigen student apprentic</entry><entry level="1" type="bullet">age pension peopl plan retir retir</entry><entry level="1" type="bullet">assist isol children famili child attend school local distanc special</entry><entry level="1" type="bullet">austudi payment fulltim student apprentic age year</entry><entry level="1" type="bullet">carer allow peopl care minor adult year disabl</entry><entry level="1" type="bullet">carer allow child peopl care child year disabl</entry><entry level="1" type="bullet">carer payment peopl provid fulltim care disabl</entry><entry level="1" type="bullet">disabl support pension peopl unabl work year ill injuri disabl</entry><entry level="1" type="bullet">doubl orphan pension peopl rais children lost parent</entry><entry level="1" type="bullet">newstart allow peopl employ</entry><entry level="1" type="bullet">matern payment help extra cost birth babi</entry><entry level="1" type="bullet">parent payment parent guardian help cost rais children</entry><entry level="1" type="bullet">pension educ supplement peopl pension educ expens</entry><entry level="1" type="bullet">special benefit peopl financi hardship support entitl payment resid requir</entry><entry level="1" type="bullet">youth allow fulltim student apprentic age peopl age undertak job search combin approv activ</entry></list></p><ss1><st>incom support</st><p>centrelink incom support payment payabl fortnightli direct deposit recipi bank account subject test calcul recipi partner fortnightli incom asset rate payment peopl lower incom entitl partpay allow subject qualif requir assess incom asset social secur payment incom asset payment differ incom threshold incom earn payment taper rate amount payment drop dollar threshold</p><ss2><st>age pension</st><p>age pension payment issu commonwealth govern date men age year age women elig progress phase upward year male women current elig age pension pension payment countri worker contribut pension insur australia payment subject test ensur requir assist receiv</p></ss2><ss2><st>newstart allow</st><p>newstart allow<link ns0:type="simple" ns0:href="../430/378430.xml">unemploy benefit</link>paid form payment peopl find unemploy seek work paid basi mutual agreement custom centrelink centrelink will continu pay fortnightli payment custom long custom attempt find employ custom period unemploy lengthen requir centrelink oner custom requir depend local labor market job search contact fortnight record detail job particip contact recordthey requir appli job sector custom oblig contact job network provid spend day week custom remain unemploy subject intens voluntari work job network provid requir newstart recipi voluntari work hour appli posit time meet mutual oblig</p></ss2><ss2><st>youth allow</st><p>youth allow incom support payment young australian fulltim studi australian<link ns0:type="simple" ns0:href="../619/162619.xml">apprentic</link>ship activ employ undertak combin activ lead employ</p><p>youth defin fulltim student job seeker payment depend children lowincom earner young peopl met independ criteria criteria consid independ youth allow purpos includ young peopl</p><p>support paid work marriag relationship depend child orphan refuge parent australia unabl live parent relationship breakdown parent incarcer miss</p><p>young peopl gain independ criteria criteria specif condit requir met independ statu gain</p><p>underli philosophi youth allow parent respons support children young person live independ year old receiv youth allow defin independ<link ns0:type="simple" ns0:href="../259/11029259.xml">school leav age</link>resid school leav age<body wordnetid="107965085" confidence="0.8"><social_group wordnetid="107950920" confidence="0.8"><colony wordnetid="108374049" confidence="0.8"><group wordnetid="100031264" confidence="0.8"><link ns0:type="simple" ns0:href="../654/21654.xml">south wale</link></group></colony></social_group></body><region wordnetid="108630985" confidence="0.8"><location wordnetid="100027167" confidence="0.8"><district wordnetid="108552138" confidence="0.8"><link ns0:type="simple" ns0:href="../944/1944.xml" /></district></location></region><region wordnetid="108630985" confidence="0.8"><administrative_district wordnetid="108491826" confidence="0.8"><location wordnetid="100027167" confidence="0.8"><district wordnetid="108552138" confidence="0.8"><country wordnetid="108544813" confidence="0.8"><link ns0:type="simple" ns0:href="../638/21638.xml">nt</link></country></district></location></administrative_district></region><link ns0:type="simple" ns0:href="../460/4689460.xml">victoria</link><ref ns0:type="simple" ns0:href="#xpointer(//reflist/entry[@id=%221%22])" /></p><p>youth allow subject number<link ns0:type="simple" ns0:href="../905/1157905.xml">test</link>independ youth allow recipi subject person partner applic incom asset test depend youth allow recipi subject person incom test depend youth allow recipi member coupl marri member de facto coupl period month will person independ partner will affect entitl subject parent incom test famili asset test parent receipt incom support payment subject famili actual test famt appli parent employ involv<volition wordnetid="105652593" confidence="0.8"><faculty wordnetid="105650329" confidence="0.8"><link ns0:type="simple" ns0:href="../043/31043.xml">trust</link></faculty></volition><link ns0:type="simple" ns0:href="../223/4918223.xml">compani</link>categori rational famt<link ns0:type="simple" ns0:href="../513/3147513.xml">taxabl incom</link>youth allow base accur reflect true financi parent categori ask detail famili spend live expens relev tax year extrapol equival notion taxabl incom<link ns0:type="simple" ns0:href="../326/668326.xml">sole trader</link>involv<link ns0:type="simple" ns0:href="../303/208303.xml">primari product</link>parent receiv drought assist except circumst relief payment exempt</p><p>youth allow introduc juli<link ns0:type="simple" ns0:href="../647/34647.xml" />replac youth train allow newstart allow job seeker<link ns0:type="simple" ns0:href="../165/10009165.xml">austudi</link>student</p></ss2><ss2><st>austudi payment</st><p><link>austudi payment</link>origin<link ns0:type="simple" ns0:href="../165/10009165.xml">austudi</link>scheme allag studi allow introduct youth allow reserv qualifi australian resid studi full time approv educ institut student receiv youth allow prior turn pursu cours studi continu receiv youth allow finish termin cours</p><p>youth allow austudi custom consid independ subject parent incom test famili asset test famili actual test feder budget announc<link>austudi payment</link>recipi elig rent assist<link ns0:type="simple" ns0:href="../787/15787.xml">januari</link><link ns0:type="simple" ns0:href="../825/35825.xml" />prior<link ns0:type="simple" ns0:href="../787/15787.xml">januari</link><link ns0:type="simple" ns0:href="../825/35825.xml" />rent assist payabl austudi centrelink payment austudi payment subject person andor partner incom asset test</p></ss2><ss2><st>abstudi</st><p><link>abstudi</link><group wordnetid="100031264" confidence="0.8"><people wordnetid="107942152" confidence="0.8"><link ns0:type="simple" ns0:href="../742/12598742.xml">aborigin</link></people></group><ethnic_group wordnetid="107967382" confidence="0.9508927676800064"><link ns0:type="simple" ns0:href="../809/595809.xml">torr strait island</link></ethnic_group>studi assist scheme welfar payment<link ns0:type="simple" ns0:href="../594/2912594.xml">indigen australian</link>undergo form studi indigen student secondari tertiari institut well studi correspond primari student turn prior januari current year studi qualifi indigen student aborigin<link ns0:type="simple" ns0:href="../809/595809.xml">torr strait island</link>descent centrelink standard current australian citizen<link>abstudi</link>tailor incom test statu partner guardian depend children</p><p>whilst payment administ<link ns0:type="simple" ns0:href="../169/962169.xml">centrelink</link>payment<link>abstudi</link>polici respons<link>abstudi</link>polici rest<link ns0:type="simple" ns0:href="../971/4978971.xml">minist educ scienc train</link><link ns0:type="simple" ns0:href="../581/5427581.xml">minist depart</link>contain<link ns0:type="simple" ns0:href="../645/10008645.xml">social secur</link></p></ss2><ss2><st>disabl support pension</st><p>incom support peopl suffer longterm disabl opinion assessor will recov year will render unabl work particip train activ enabl work newstart incom assetstest perman blind receiv dsp incom asset test need prove inabl work dsp process temporari measur claimant payment newstart medic certif cover activ test payment assess grant backdat claim higher dsp rate</p></ss2><ss2><st>sick allow</st><p>payment current suffer ill injuri disabl short term year employ access leav leav paid newstart system activ test</p></ss2><ss2><st>carer payment</st><p>payment provid full time care ill injur disabl</p></ss2><ss2><st>parent payment</st><p>payment princip carer depend children age partner custom children age singl custom grant payment juli custom grant parent payment prior juli elig remain parent payment youngest child turn compulsori particip requir juli youngest child turn whichev occur parent payment partner classifi allow parent payment singl classifi pension</p><p>parent payment partner individu partner incom test determin rate payment benefit withdraw rate cent dollar juli incom legisl limit partner gross earn assess share individu tax paid exampl breadwinn current pay cent person tax<link ns0:type="simple" ns0:href="../824/782824.xml">effect margin tax rate</link>emtr benefit withdraw percent earn legisl limit emtr prior juli benefit withdraw rate partner earn legisl incom limit</p></ss2></ss1><ss1><st>addit supplementari payment</st><ss2><st>rent assist</st><p>incom support recipi class nonhomeown pay requir amount board rent accommod elig<link>rent assist</link>payment payment paid incom support payment verif rent detail requir leas complet rent certif month</p></ss2><ss2><st>pharmaceut allow</st><p>small payment receiv centrelink payment help cover cost prescript medicin payment from pharmaceut benefit scheme pb effect health care card holder free access medicin pb</p></ss2><ss2><st>telephon allow</st><p>payment issu quarterli elig custom receiv pension payment help cover cost telephon bill elig custom telephon servic subscrib elig telephon allow</p></ss2><ss2><st>pension educ supplement</st><p>addit payment pension studi help cover cost studi appli approv cours studi bachelor degre<link ns0:type="simple" ns0:href="../386/31386.xml">tafe</link>cours approv cours studi gener postgradu studi elig pe studi complet previou studi</p></ss2></ss1></sec><sec><st>payment tax system famili assist</st><p><list><entry level="1" type="bullet">famili tax benefit parent carer help cost rais children</entry><entry level="1" type="bullet">famili tax benefit singl incom famili sole parent</entry><entry level="1" type="bullet">matern immunis allow fulli immunis children exempt immunis</entry><entry level="1" type="bullet">child care benefit famili help cost child care</entry></list></p><ss1><st>famili tax benefit</st><p>famili tax benefit payment tax system caretak children entitl benefit base famili taxabl incom financi year payment person lodg tax return advanc base estim taxabl incom financi year payment receiv advanc reconcil financi year amount receiv compar amount receiv base actual incom tax return</p><p>famili tax benefit paid base combin taxabl incom recipi partner applic famili tax benefit paid base lower recipi partner incom singl parent highest rate</p></ss1><ss1><st>matern immunis allow</st><p>matern immunis allow paid parent children receiv immunis nation immunis schedul time year altern parent object immunis ground inform<link ns0:type="simple" ns0:href="../169/962169.xml">centrelink</link>receiv allow</p></ss1><ss1><st>child care benefit</st><p>child care benefit paid australian charg child care servic payment directli child care centr discount recipi fee directli parent lodg tax return test payment base recipi taxabl incom</p></ss1></sec><sec><st>concess card</st><p>concess card issu centrelink<list><entry level="1" type="bullet"><link ns0:type="simple" ns0:href="../760/2792760.xml">health care card</link>entitl holder<link ns0:type="simple" ns0:href="../990/772990.xml">pb</link>medic concess rate recipi payment entitl well peopl receiv maximum rate famili tax benefit card secondari benefit includ cheaper<link ns0:type="simple" ns0:href="../894/23894.xml">public transport</link></entry><entry level="1" type="bullet"><link>commonwealth senior health card</link>hcc issu senior citizen</entry><entry level="1" type="bullet"><link>pension concess card</link>offer addit benefit pension includ pension transport fare area number free countri rail journey holder</entry></list></p></sec><sec><st>prison psychiatr hospit</st><p>person imprison admit psychiatr institut elig receiv benefit durat imprison admiss payabl psychiatr stay class rehabilit benefit resum releas discharg releas discharg imprison psychiatr hospitalis week claimant entitl addit payment equal day regular payment help adjust</p></sec><sec><st>review social secur decis</st><p>decis social secur law write suffici notic letter<ref ns0:type="simple" ns0:href="#xpointer(//reflist/entry[@id=%222%22])" />applic review decis lodg time depend decis remedi action review receiv week receiv notic decis social secur week decis famili assist law bottom letter inform custom centrelink decis right box inform individu potenti avenu review</p><ss1><st>intern review</st><p>legisl ultim govern decis make process centrelink polici guidelin provid len legisl interpret centrelink custom servic advis csa notwithstand legisl polici area discret afford decis maker subject intern extern review</p><ss2><st>origin decis maker odm review</st><p>centrelink possess prescrib twotier system intern review initi stage odm review matter brought csa reconsider<ref ns0:type="simple" ns0:href="#xpointer(//reflist/entry[@id=%223%22])" />wholli intraoffic process function initi check decis appeal progress odm review legisl chang administr error provis custom document custom disagr decis opportun custom formal written complaint individu csa decis lead confus intern review place</p><p>odm review complet relev legisl provis inform consid determin state origin decis set affirm vari</p></ss2><ss2><st>authoris review offic aro review</st><p>individu satisfi authoris review offic aro offic deleg review power secretari purpos social secur law affirm vari set origin decis<ref ns0:type="simple" ns0:href="#xpointer(//reflist/entry[@id=%224%22])" />employe centrelink aro defend odm decis strong principl aro independ situat previou involv case aro legisl polici guidelin csa</p></ss2><ss2><st>social secur appeal tribun ssat</st><p>custom dissatisfi intern review decis appli social secur appeal tribun ssat<ref ns0:type="simple" ns0:href="#xpointer(//reflist/entry[@id=%225%22])" />review decis affirm vari set intern review subject except ssat gener power secretari affirm vari set substitut decis return matter centrelink recommend ssat hear gener inform confidenti bound law evid</p><p>experi indic ssat weight legisl oppos polici guidelin welfar advocaci group welfar right centr involv provid legal help individu centrelink decis</p></ss2></ss1><ss1><st>extern review</st><ss2><st>aat court</st><p>appeal question law feder court high court<ref ns0:type="simple" ns0:href="#xpointer(//reflist/entry[@id=%226%22])" />decis review ssat heard aat secretari deleg person behalf secretari appeal decis ssat decis overturn aat appeal feder court high court question law</p></ss2><ss2><st><link ns0:type="simple" ns0:href="../583/202583.xml#xpointer(//*[./st=%22Australia%22])">ombudsman</link></st><p><link ns0:type="simple" ns0:href="../583/202583.xml#xpointer(//*[./st=%22Australia%22])">commonwealth ombudsman</link>conduct merit review aro ssat consid administr decis make process employ centrelink reach decis carri action complain</p><p>ombudsman conclud defici centrelink action exampl<ref ns0:type="simple" ns0:href="#xpointer(//reflist/entry[@id=%227%22])" />ombudsman recommend centrelink remedi action result centrelink chang decis provid better explan decis</p><p>investig ombudsman result complaint decis action centrelink process investig ombudsman entitl view centrelink record question centrelink staff ombudsman coerciv power centrelink chang decis recommend ombudsman rare reject</p></ss2></ss1></sec><sec><st>refer</st><p><reflist><entry id="1"><weblink ns0:type="simple" ns0:href="http://www.education.vic.gov.au/about/directions/reviewleg_minimumage.htm">victorian minimum school leav age</weblink></entry><entry id="2">social secur administr cth</entry><entry id="3">centrelink inform guid payment servic chapter review appeal</entry><entry id="4">social secur administr cth ss</entry><entry id="5">social secur administr cth sa</entry><entry id="6">administr appeal tribun cth</entry><entry id="7">ombudsman cth</entry></reflist></p></sec><sec><st /><p><list><entry level="1" type="bullet"><link ns0:type="simple" ns0:href="../645/10008645.xml">social secur</link></entry><entry level="1" type="bullet"><idea wordnetid="105833840" confidence="0.8"><plan wordnetid="105898568" confidence="0.8"><link ns0:type="simple" ns0:href="../691/27691.xml">social secur</link></plan></idea></entry><entry level="1" type="bullet"><link ns0:type="simple" ns0:href="../868/19477868.xml">social secur</link>disambigu</entry><entry level="1" type="bullet"><link ns0:type="simple" ns0:href="../826/1550826.xml">social insur</link></entry><entry level="1" type="bullet"><link ns0:type="simple" ns0:href="../250/3332250.xml">social welfar</link></entry><entry level="1" type="bullet"><idea wordnetid="105833840" confidence="0.8"><plan wordnetid="105898568" confidence="0.8"><link ns0:type="simple" ns0:href="../564/19287564.xml">social safeti net</link></plan></idea></entry><entry level="1" type="bullet"><link ns0:type="simple" ns0:href="../078/3271078.xml">superannu australia</link></entry><entry level="1" type="bullet"><link ns0:type="simple" ns0:href="../024/3186024.xml">welfar financi aid</link></entry><entry level="1" type="bullet"><link ns0:type="simple" ns0:href="../839/222839.xml">welfar</link></entry><entry level="1" type="bullet"><link ns0:type="simple" ns0:href="../875/401875.xml">welfar reform</link></entry></list></p></sec><sec><st>australian govern extern link</st><p><list><entry level="1" type="bullet"><weblink ns0:type="simple" ns0:href="http://www.centrelink.gov.au/">centrelink</weblink></entry><entry level="1" type="bullet"><weblink ns0:type="simple" ns0:href="http://www.familyassist.gov.au/">famili assist offic</weblink></entry><entry level="1" type="bullet"><weblink ns0:type="simple" ns0:href="http://www.ombudsman.gov.au/">commonwealth ombudsman</weblink></entry><entry level="1" type="bullet"><weblink ns0:type="simple" ns0:href="http://www.ssat.gov.au/">social secur appeal tribun ssat</weblink></entry><entry level="1" type="bullet"><weblink ns0:type="simple" ns0:href="http://www.aat.gov.au/">administr appeal tribun aat</weblink></entry></list></p></sec><sec><st>extern link</st><p><list><entry level="1" type="bullet"><weblink ns0:type="simple" ns0:href="http://www.unistudent.com.au/news/1120528475_26847.html">austudi student receiv rent assist</weblink>nation union student news articl</entry></list></p></sec></bdy></social_relation></plan></idea></politics></article>