<article xmlns:ns0="http://www.w3.org/1999/xlink"><header><title>arithmet</title><id /><revision><id /><timestamp /><contributor><username>ahruman</username><id /></contributor></revision><categories><category /><category>statist articl link portal</category><category>statist articl navig templat</category></categories></header><bdy><link ns0:type="simple" ns0:href="../831/18831.xml">mathemat</link><link ns0:type="simple" ns0:href="../685/26685.xml">statist</link><b>arithmet<link ns0:type="simple" ns0:href="../192/19192.xml" /></b>simpli<b />list number sum member list divid number item list list<link ns0:type="simple" ns0:href="../585/27585.xml">statist popul</link>popul call<b>popul</b>list<link ns0:type="simple" ns0:href="../361/160361.xml">statist sampl</link>call result<link ns0:type="simple" ns0:href="../703/26703.xml">statist</link><b>sampl</b><p>commonlyus type<link ns0:type="simple" ns0:href="../167/60167.xml">averag</link>refer simpli<it />averag term arithmet prefer mathemat statist distinguish<link ns0:type="simple" ns0:href="../167/60167.xml">averag</link><link ns0:type="simple" ns0:href="../837/18837.xml">median</link><link ns0:type="simple" ns0:href="../127/1432127.xml">mode</link></p><sec><st>introduct</st><p>denot set data<it /><it /><it /><it>xn</it>sampl typic denot horizont bar variabl<math>bar</math>enunci<it />bar</p><p><link ns0:type="simple" ns0:href="../751/166751.xml">greek letter</link>denot arithmet entir popul<link ns0:type="simple" ns0:href="../685/25685.xml">random variabl</link>ha defin<it>probabilist</it><link ns0:type="simple" ns0:href="../653/9653.xml">expect valu</link>random number set<it />collect random number probabilist ani individu sampl<it>xi</it>collect<it>xi</it><link ns0:type="simple" ns0:href="../653/9653.xml">expect valu</link>sampl</p><p>practic differ<math>bar</math>typic unobserv becaus observ onli sampl popul sampl drawn randomli treat<math>bar</math><link ns0:type="simple" ns0:href="../685/25685.xml">random variabl</link>attribut<link ns0:type="simple" ns0:href="../543/23543.xml">probabl distribut</link><link ns0:type="simple" ns0:href="../670/520670.xml">sampl distribut</link></p><p>comput<indent level="1"><math>bar frac sum_ x_i frac</math></indent><it /><link ns0:type="simple" ns0:href="../685/25685.xml">random variabl</link><link ns0:type="simple" ns0:href="../653/9653.xml">expect valu</link><it />longterm arithmet occur repeat measur<it />thi content<link ns0:type="simple" ns0:href="../055/157055.xml">law larg number</link>result sampl estim unknown expect valu</p><p>simpl algebra will prove<it />number larger<it />number onli number larger smaller onli smaller remain stabl onli equal larger<it />smaller magnitud chang rel distanc number</p><p>note sever defin includ<link ns0:type="simple" ns0:href="../143/13143.xml">gener</link><link ns0:type="simple" ns0:href="../869/566869.xml">gener fmean</link><link ns0:type="simple" ns0:href="../463/14463.xml">harmon</link><link ns0:type="simple" ns0:href="../090/3090.xml">arithmeticgeometr</link>variou<link ns0:type="simple" ns0:href="../274/33274.xml">weight</link></p><ss1><st>exampl</st><p><list><entry level="1" type="bullet">three number add divid</entry></list></p><p><indent level="2"><math>frac</math></indent><list><entry level="1" type="bullet">number add divid</entry></list></p><p><indent level="2"><math>frac</math></indent></p></ss1></sec><sec><st>problem</st><ss1><st>robust</st><p><indent level="1"><it>main articl<link ns0:type="simple" ns0:href="../691/2885691.xml">robust statist</link></it></indent>report<link ns0:type="simple" ns0:href="../167/60167.xml">central tendenc</link><link ns0:type="simple" ns0:href="../691/2885691.xml">robust statist</link>greatli influenc<link ns0:type="simple" ns0:href="../951/160951.xml">outlier</link>notabl<link ns0:type="simple" ns0:href="../212/28212.xml">skew distribut</link>arithmet accord notion middl robust statist<link ns0:type="simple" ns0:href="../837/18837.xml">median</link>better descript central tendenc</p><p>classic exampl<link>averag incom</link>arithmet misinterpret median impli peopl incom higher fact case averag led believ<it />peopl incom thi number thi averag arithmet incom<it />higher peopl incom becaus high incom outlier skew result higher contrast median incom resist skew howev thi averag noth number peopl median incom doe anyth modal incom peopl becaus carelessli relat averag peopl incorrectli assum peopl incom higher nearer thi inflat averag instanc report averag<link ns0:type="simple" ns0:href="../981/405981.xml">net worth</link><village wordnetid="108672738" confidence="0.9508927676800064"><link ns0:type="simple" ns0:href="../017/138017.xml">medina washington</link></village>arithmet annual net worth yield surprisingli high number becaus<person wordnetid="100007846" confidence="0.9508927676800064"><link ns0:type="simple" ns0:href="../747/3747.xml">bill gate</link></person>consid score arithmet score thi</p></ss1><ss1><st>compound</st><p><indent level="1"><it>main articl<link ns0:type="simple" ns0:href="../956/3440956.xml">rate return</link></it></indent>number<it>multipli</it><it>add</it>averag<link ns0:type="simple" ns0:href="../046/13046.xml">geometr</link>arithmet thi happen comput<link ns0:type="simple" ns0:href="../956/3440956.xml">rate return</link>financ</p><p>exampl stock fell year rose second year incorrect report averag increas year thi year period arithmet minu correct averag thi case<link ns0:type="simple" ns0:href="../226/1645226.xml">compound annual growth rate</link>yield annual increas year onli</p><p>reason thi percent differ start point<it>smaller number</it>stock start fall stock rise arithmet rise sinc stock rose year<link ns0:type="simple" ns0:href="../167/60167.xml">averag</link>result final figur arithmet actual increas</p><p>gener compound yield overal growth annual yield<math>sqrt approx</math>year</p></ss1><ss1><st>direct</st><p><indent level="1"><it>main articl<idea wordnetid="105833840" confidence="0.8"><concept wordnetid="105835747" confidence="0.8"><category wordnetid="105838765" confidence="0.8"><type wordnetid="105840188" confidence="0.8"><kind wordnetid="105839024" confidence="0.8"><link ns0:type="simple" ns0:href="../970/1444970.xml">direct statist</link></kind></type></category></concept></idea></it></indent>care cyclic data phase<link ns0:type="simple" ns0:href="../196/1196.xml">angl</link>nav arithmet yield result thi incorrect reason<list><entry level="1" type="bullet">firstli angl measur onli defin factor<idea wordnetid="105833840" confidence="0.8"><concept wordnetid="105835747" confidence="0.8"><constant wordnetid="105858936" confidence="0.8"><unit_of_measurement wordnetid="113583724" confidence="0.8"><quantity wordnetid="105855125" confidence="0.8"><definite_quantity wordnetid="113576101" confidence="0.8"><link ns0:type="simple" ns0:href="../294/1195294.xml" /></definite_quantity></quantity></unit_of_measurement></constant></concept></idea>measur<link ns0:type="simple" ns0:href="../003/26003.xml">radian</link>thu easili call differ averag</entry><entry level="1" type="bullet">secondli thi situat equival geometr better<it>averag</it>valu lower<link ns0:type="simple" ns0:href="../589/27589.xml">dispers</link>point averag</entry></list></p><p>gener applic oversight will lead averag valu artifici move middl numer rang solut thi problem optim formul defin central point point ha lowest dispers redefin differ modular distanc ie distanc circl modular distanc</p></ss1></sec><sec><st /><p><table style="background:#f9f9f9; font-size:85%; line-height:110%; "><row><col><image width="75x28px" src="Fisher_iris_versicolor_sepalwidth.svg" /></col><col style="padding:0 0.2em;"><b><it>statist portal</it></b></col></row></table></p><p><list><entry level="1" type="bullet"><link ns0:type="simple" ns0:href="../167/60167.xml">averag</link></entry><entry level="1" type="bullet"><link ns0:type="simple" ns0:href="../192/19192.xml" /></entry><entry level="1" type="bullet"><link ns0:type="simple" ns0:href="../127/1432127.xml">mode</link></entry><entry level="1" type="bullet"><link ns0:type="simple" ns0:href="../837/18837.xml">median</link></entry><entry level="1" type="bullet"><link ns0:type="simple" ns0:href="../587/27587.xml">summari statist</link></entry><entry level="1" type="bullet"><link ns0:type="simple" ns0:href="../167/60167.xml">central tendenc</link></entry><entry level="1" type="bullet"><link ns0:type="simple" ns0:href="../143/13143.xml">gener</link></entry><entry level="1" type="bullet"><link ns0:type="simple" ns0:href="../046/13046.xml">geometr</link></entry><entry level="1" type="bullet"><link ns0:type="simple" ns0:href="../344/32344.xml">varianc</link></entry><entry level="1" type="bullet"><link ns0:type="simple" ns0:href="../590/27590.xml">standard deviat</link></entry><entry level="1" type="bullet"><link ns0:type="simple" ns0:href="../011/605011.xml">inequ arithmet geometr</link></entry><entry level="1" type="bullet"><link ns0:type="simple" ns0:href="../942/1047942.xml">muirhead inequ</link></entry><entry level="1" type="bullet"><link ns0:type="simple" ns0:href="../839/1776839.xml">sampl size</link></entry><entry level="1" type="bullet"><link ns0:type="simple" ns0:href="../756/10005756.xml">sampl covari</link></entry><entry level="1" type="bullet"><link ns0:type="simple" ns0:href="../670/5647670.xml">empir measur</link></entry></list></p></sec><sec><st>read</st><p><list><entry level="1" type="bullet"><physical_entity wordnetid="100001930" confidence="0.8"><communicator wordnetid="109610660" confidence="0.8"><person wordnetid="100007846" confidence="0.8"><statistician wordnetid="110653238" confidence="0.8"><causal_agent wordnetid="100007347" confidence="0.8"><scientist wordnetid="110560637" confidence="0.8"><writer wordnetid="110794014" confidence="0.8"><mathematician wordnetid="110301261" confidence="0.8"><link ns0:type="simple" ns0:href="../593/316593.xml">darrel huff</link></mathematician></writer></scientist></causal_agent></statistician></person></communicator></physical_entity><it>lie statist</it>victor gollancz isbn</entry></list></p></sec><sec><st>extern link</st><p><list><entry level="1" type="bullet"><weblink ns0:type="simple" ns0:href="http://www.sengpielaudio.com/calculator-geommean.htm">calcul comparison arithmet geometr number</weblink></entry><entry level="1" type="bullet"><weblink ns0:type="simple" ns0:href="http://people.revoledu.com/kardi/tutorial/BasicMath/Average/index.html">averag</weblink></entry></list></p><p><table style=";" class="navbox" cellspacing="0"><row><col style="padding:2px;"><table style="width:100%;background:transparent;color:inherit;;" class="nowraplinks collapsible autocollapse " cellspacing="0"><row><header colspan="2" style=";" class="navbox-title"><link ns0:type="simple" ns0:href="../685/26685.xml">statist</link></header></row><row style="height:2px;" /><row><col style=";;" class="navbox-group"><link ns0:type="simple" ns0:href="../541/9541.xml">design experi</link></col><col style="text-align:left;border-left:2px solid #fdfdfd;width:100%;padding:0px;;;" class="navbox-list navbox-odd"><link ns0:type="simple" ns0:href="../585/27585.xml">popul</link>bull<link ns0:type="simple" ns0:href="../361/160361.xml">sampl</link>bull<link ns0:type="simple" ns0:href="../596/27596.xml">stratifi sampl</link>bull<link ns0:type="simple" ns0:href="../262/10306262.xml">replic</link>bull<link ns0:type="simple" ns0:href="../339/1822339.xml">block</link></col></row><row style="height:2px" /><row><col style=";;" class="navbox-group"><link ns0:type="simple" ns0:href="../839/1776839.xml">sampl size estim</link></col><col style="text-align:left;border-left:2px solid #fdfdfd;width:100%;padding:0px;;;" class="navbox-list navbox-even"><link ns0:type="simple" ns0:href="../673/226673.xml">null hypothesi</link>bull<link ns0:type="simple" ns0:href="../892/645892.xml">altern hypothesi</link>bull<link ns0:type="simple" ns0:href="../877/5657877.xml">type type ii error</link>bull<link ns0:type="simple" ns0:href="../695/238695.xml">statist power</link>bull<know-how wordnetid="105616786" confidence="0.8"><method wordnetid="105660268" confidence="0.8"><link ns0:type="simple" ns0:href="../276/437276.xml">size</link></method></know-how></col></row><row style="height:2px" /><row><col style=";;" class="navbox-group"><link ns0:type="simple" ns0:href="../187/8187.xml">descript statist</link></col><col style="text-align:left;border-left:2px solid #fdfdfd;width:100%;padding:0px;;;" class="navbox-list navbox-odd"><table style="width:100%;;;;" class="nowraplinks  navbox-subgroup" cellspacing="0"><row><col style=";padding-left:0em;padding-right:0em;;" class="navbox-group"><structure wordnetid="105726345" confidence="0.8"><idea wordnetid="105833840" confidence="0.8"><concept wordnetid="105835747" confidence="0.8"><category wordnetid="105838765" confidence="0.8"><arrangement wordnetid="105726596" confidence="0.8"><type wordnetid="105840188" confidence="0.8"><distribution wordnetid="105729036" confidence="0.8"><kind wordnetid="105839024" confidence="0.8"><link ns0:type="simple" ns0:href="../792/5792.xml">continu data</link></kind></distribution></type></arrangement></category></concept></idea></structure></col><col style="text-align:left;border-left:2px solid #fdfdfd;width:100%;padding:0px;;;" class="navbox-list navbox-odd"><table style="width:100%;;;;" class="nowraplinks  navbox-subgroup" cellspacing="0"><row><col style=";padding-left:0em;padding-right:0em;;" class="navbox-group"><link ns0:type="simple" ns0:href="../516/17516.xml">locat</link></col><col style="text-align:left;border-left:2px solid #fdfdfd;width:100%;padding:0px;;;" class="navbox-list navbox-odd"><link ns0:type="simple" ns0:href="../192/19192.xml" /><link ns0:type="simple" ns0:href="../612/612.xml">arithmet</link><link ns0:type="simple" ns0:href="../046/13046.xml">geometr</link><link ns0:type="simple" ns0:href="../463/14463.xml">harmon</link>bull<link ns0:type="simple" ns0:href="../837/18837.xml">median</link>bull<link ns0:type="simple" ns0:href="../127/1432127.xml">mode</link></col></row><row style="height:2px" /><row><col style=";padding-left:0em;padding-right:0em;;" class="navbox-group"><link ns0:type="simple" ns0:href="../589/27589.xml">dispers</link></col><col style="text-align:left;border-left:2px solid #fdfdfd;width:100%;padding:0px;;;" class="navbox-list navbox-even"><link ns0:type="simple" ns0:href="../588/27588.xml">rang</link>bull<link ns0:type="simple" ns0:href="../590/27590.xml">standard deviat</link>bull<link ns0:type="simple" ns0:href="../687/1012687.xml">coeffici variat</link>bull<link ns0:type="simple" ns0:href="../907/354907.xml">percentil</link></col></row><row style="height:2px" /><row><col style=";padding-left:0em;padding-right:0em;;" class="navbox-group"><link ns0:type="simple" ns0:href="../684/368684.xml">moment</link></col><col style="text-align:left;border-left:2px solid #fdfdfd;width:100%;padding:0px;;;" class="navbox-list navbox-odd"><link ns0:type="simple" ns0:href="../344/32344.xml">varianc</link>bull<link ns0:type="simple" ns0:href="../212/28212.xml">skew</link>bull<link ns0:type="simple" ns0:href="../848/16848.xml">kurtosi</link></col></row></table></col></row><row style="height:2px" /><row><col style=";padding-left:0em;padding-right:0em;;" class="navbox-group"><idea wordnetid="105833840" confidence="0.8"><concept wordnetid="105835747" confidence="0.8"><category wordnetid="105838765" confidence="0.8"><type wordnetid="105840188" confidence="0.8"><kind wordnetid="105839024" confidence="0.8"><link ns0:type="simple" ns0:href="../188/8188.xml">categor data</link></kind></type></category></concept></idea></col><col style="text-align:left;border-left:2px solid #fdfdfd;width:100%;padding:0px;;;" class="navbox-list navbox-even"><link ns0:type="simple" ns0:href="../019/4839019.xml">frequenc</link>bull<information wordnetid="105816287" confidence="0.8"><datum wordnetid="105816622" confidence="0.8"><link ns0:type="simple" ns0:href="../515/935515.xml">conting tabl</link></datum></information></col></row></table></col></row><row style="height:2px" /><row><col style=";;" class="navbox-group"><link ns0:type="simple" ns0:href="../577/27577.xml">inferenti statist</link></col><col style="text-align:left;border-left:2px solid #fdfdfd;width:100%;padding:0px;;;" class="navbox-list navbox-even"><link ns0:type="simple" ns0:href="../571/49571.xml">bayesian infer</link>bull<link ns0:type="simple" ns0:href="../284/30284.xml">hypothesi test</link>bull<link ns0:type="simple" ns0:href="../995/160995.xml">signific</link>bull<process wordnetid="105701363" confidence="0.8"><inquiry wordnetid="105797597" confidence="0.8"><thinking wordnetid="105770926" confidence="0.8"><problem_solving wordnetid="105796750" confidence="0.8"><experiment wordnetid="105798043" confidence="0.8"><trial wordnetid="105799212" confidence="0.8"><higher_cognitive_process wordnetid="105770664" confidence="0.8"><link ns0:type="simple" ns0:href="../213/332213.xml">ztest</link></higher_cognitive_process></trial></experiment></problem_solving></thinking></inquiry></process>bull<process wordnetid="105701363" confidence="0.8"><inquiry wordnetid="105797597" confidence="0.8"><thinking wordnetid="105770926" confidence="0.8"><problem_solving wordnetid="105796750" confidence="0.8"><experiment wordnetid="105798043" confidence="0.8"><trial wordnetid="105799212" confidence="0.8"><higher_cognitive_process wordnetid="105770664" confidence="0.8"><link ns0:type="simple" ns0:href="../080/536080.xml">student ttest</link></higher_cognitive_process></trial></experiment></problem_solving></thinking></inquiry></process>bull<process wordnetid="105701363" confidence="0.8"><information wordnetid="105816287" confidence="0.8"><inquiry wordnetid="105797597" confidence="0.8"><thinking wordnetid="105770926" confidence="0.8"><problem_solving wordnetid="105796750" confidence="0.8"><experiment wordnetid="105798043" confidence="0.8"><datum wordnetid="105816622" confidence="0.8"><trial wordnetid="105799212" confidence="0.8"><higher_cognitive_process wordnetid="105770664" confidence="0.8"><link ns0:type="simple" ns0:href="../680/226680.xml">chisquar test</link></higher_cognitive_process></trial></datum></experiment></problem_solving></thinking></inquiry></information></process>bull<process wordnetid="105701363" confidence="0.8"><inquiry wordnetid="105797597" confidence="0.8"><thinking wordnetid="105770926" confidence="0.8"><problem_solving wordnetid="105796750" confidence="0.8"><experiment wordnetid="105798043" confidence="0.8"><trial wordnetid="105799212" confidence="0.8"><higher_cognitive_process wordnetid="105770664" confidence="0.8"><link ns0:type="simple" ns0:href="../976/318976.xml">ftest</link></higher_cognitive_process></trial></experiment></problem_solving></thinking></inquiry></process>bull<link ns0:type="simple" ns0:href="../994/554994.xml">pvalu</link>bull<link ns0:type="simple" ns0:href="../381/160381.xml">interv estim</link>bull<link ns0:type="simple" ns0:href="../806/140806.xml">maximum likelihood</link>bull<link ns0:type="simple" ns0:href="../533/19456533.xml">minimum distanc</link>bull<know-how wordnetid="105616786" confidence="0.8"><method wordnetid="105660268" confidence="0.8"><link ns0:type="simple" ns0:href="../329/62329.xml">metaanalysi</link></method></know-how>bull<link ns0:type="simple" ns0:href="../911/280911.xml">confid interv</link></col></row><row style="height:2px" /><row><col style=";;" class="navbox-group"><link ns0:type="simple" ns0:href="../259/419259.xml">surviv analysi</link></col><col style="text-align:left;border-left:2px solid #fdfdfd;width:100%;padding:0px;;;" class="navbox-list navbox-odd"><link ns0:type="simple" ns0:href="../178/4649178.xml">surviv function</link>bull<link ns0:type="simple" ns0:href="../650/3168650.xml">kaplanmei</link>bull<process wordnetid="105701363" confidence="0.8"><inquiry wordnetid="105797597" confidence="0.8"><thinking wordnetid="105770926" confidence="0.8"><problem_solving wordnetid="105796750" confidence="0.8"><experiment wordnetid="105798043" confidence="0.8"><trial wordnetid="105799212" confidence="0.8"><higher_cognitive_process wordnetid="105770664" confidence="0.8"><link ns0:type="simple" ns0:href="../026/11871026.xml">logrank test</link></higher_cognitive_process></trial></experiment></problem_solving></thinking></inquiry></process>bull<link ns0:type="simple" ns0:href="../960/1336960.xml">failur rate</link>bull<physical_entity wordnetid="100001930" confidence="0.8"><person wordnetid="100007846" confidence="0.8"><model wordnetid="110324560" confidence="0.8"><assistant wordnetid="109815790" confidence="0.8"><worker wordnetid="109632518" confidence="0.8"><causal_agent wordnetid="100007347" confidence="0.8"><link ns0:type="simple" ns0:href="../267/5352267.xml">proport hazard model</link></causal_agent></worker></assistant></model></person></physical_entity></col></row><row style="height:2px" /><row><col style=";;" class="navbox-group"><link ns0:type="simple" ns0:href="../057/157057.xml">correl</link></col><col style="text-align:left;border-left:2px solid #fdfdfd;width:100%;padding:0px;;;" class="navbox-list navbox-even"><link ns0:type="simple" ns0:href="../999/3105999.xml">confound variabl</link>bull<link ns0:type="simple" ns0:href="../708/221708.xml">pearson productmo correl coeffici</link>bull<link ns0:type="simple" ns0:href="../627/3316627.xml">rank correl</link><process wordnetid="105701363" confidence="0.8"><inquiry wordnetid="105797597" confidence="0.8"><thinking wordnetid="105770926" confidence="0.8"><problem_solving wordnetid="105796750" confidence="0.8"><experiment wordnetid="105798043" confidence="0.8"><trial wordnetid="105799212" confidence="0.8"><higher_cognitive_process wordnetid="105770664" confidence="0.8"><link ns0:type="simple" ns0:href="../623/235623.xml">spearman rank correl coeffici</link></higher_cognitive_process></trial></experiment></problem_solving></thinking></inquiry></process><process wordnetid="105701363" confidence="0.8"><inquiry wordnetid="105797597" confidence="0.8"><thinking wordnetid="105770926" confidence="0.8"><problem_solving wordnetid="105796750" confidence="0.8"><experiment wordnetid="105798043" confidence="0.8"><trial wordnetid="105799212" confidence="0.8"><higher_cognitive_process wordnetid="105770664" confidence="0.8"><link ns0:type="simple" ns0:href="../830/7287830.xml">kendal tau rank correl coeffici</link></higher_cognitive_process></trial></experiment></problem_solving></thinking></inquiry></process></col></row><row style="height:2px" /><row><col style=";;" class="navbox-group"><physical_entity wordnetid="100001930" confidence="0.8"><person wordnetid="100007846" confidence="0.8"><model wordnetid="110324560" confidence="0.8"><assistant wordnetid="109815790" confidence="0.8"><worker wordnetid="109632518" confidence="0.8"><causal_agent wordnetid="100007347" confidence="0.8"><link ns0:type="simple" ns0:href="../904/17904.xml">linear model</link></causal_agent></worker></assistant></model></person></physical_entity></col><col style="text-align:left;border-left:2px solid #fdfdfd;width:100%;padding:0px;;;" class="navbox-list navbox-odd"><link ns0:type="simple" ns0:href="../698/877698.xml">gener linear model</link>bull<link ns0:type="simple" ns0:href="../122/747122.xml">gener linear model</link>bull<process wordnetid="105701363" confidence="0.8"><inquiry wordnetid="105797597" confidence="0.8"><thinking wordnetid="105770926" confidence="0.8"><problem_solving wordnetid="105796750" confidence="0.8"><experiment wordnetid="105798043" confidence="0.8"><trial wordnetid="105799212" confidence="0.8"><higher_cognitive_process wordnetid="105770664" confidence="0.8"><link ns0:type="simple" ns0:href="../634/634.xml">analysi varianc</link></higher_cognitive_process></trial></experiment></problem_solving></thinking></inquiry></process>bull<link ns0:type="simple" ns0:href="../926/404926.xml">analysi covari</link></col></row><row style="height:2px" /><row><col style=";;" class="navbox-group"><link ns0:type="simple" ns0:href="../997/826997.xml">regress analysi</link></col><col style="text-align:left;border-left:2px solid #fdfdfd;width:100%;padding:0px;;;" class="navbox-list navbox-even"><link ns0:type="simple" ns0:href="../903/17903.xml">linear regress</link>bull<link ns0:type="simple" ns0:href="../012/1045012.xml">nonlinear regress</link>bull<information wordnetid="105816287" confidence="0.8"><datum wordnetid="105816622" confidence="0.8"><link ns0:type="simple" ns0:href="../631/226631.xml">logist regress</link></datum></information></col></row><row style="height:2px" /><row><col style=";;" class="navbox-group"><chart wordnetid="106999802" confidence="0.8"><visual_communication wordnetid="106873252" confidence="0.8"><link ns0:type="simple" ns0:href="../463/15934463.xml">statist graphic</link></visual_communication></chart></col><col style="text-align:left;border-left:2px solid #fdfdfd;width:100%;padding:0px;;;" class="navbox-list navbox-odd"><link ns0:type="simple" ns0:href="../311/393311.xml">bar chart</link>bull<chart wordnetid="106999802" confidence="0.8"><visual_communication wordnetid="106873252" confidence="0.8"><link ns0:type="simple" ns0:href="../166/14306166.xml">biplot</link></visual_communication></chart>bull<chart wordnetid="106999802" confidence="0.8"><visual_communication wordnetid="106873252" confidence="0.8"><link ns0:type="simple" ns0:href="../960/160960.xml">box plot</link></visual_communication></chart>bull<artifact wordnetid="100021939" confidence="0.8"><instrumentality wordnetid="103575240" confidence="0.8"><tool wordnetid="104451818" confidence="0.8"><chart wordnetid="106999802" confidence="0.8"><implement wordnetid="103563967" confidence="0.8"><visual_communication wordnetid="106873252" confidence="0.8"><link ns0:type="simple" ns0:href="../754/435754.xml">control chart</link></visual_communication></implement></chart></tool></instrumentality></artifact>bull<know-how wordnetid="105616786" confidence="0.8"><chart wordnetid="106999802" confidence="0.8"><method wordnetid="105660268" confidence="0.8"><visual_communication wordnetid="106873252" confidence="0.8"><link ns0:type="simple" ns0:href="../359/11394359.xml">forest plot</link></visual_communication></method></chart></know-how>bull<link ns0:type="simple" ns0:href="../266/13266.xml">histogram</link>bull<chart wordnetid="106999802" confidence="0.8"><visual_communication wordnetid="106873252" confidence="0.8"><link ns0:type="simple" ns0:href="../859/4031859.xml">qq plot</link></visual_communication></chart>bull<link ns0:type="simple" ns0:href="../749/6392749.xml">chart</link>bull<artifact wordnetid="100021939" confidence="0.8"><instrumentality wordnetid="103575240" confidence="0.8"><tool wordnetid="104451818" confidence="0.8"><chart wordnetid="106999802" confidence="0.8"><implement wordnetid="103563967" confidence="0.8"><visual_communication wordnetid="106873252" confidence="0.8"><link ns0:type="simple" ns0:href="../544/412544.xml">scatterplot</link></visual_communication></implement></chart></tool></instrumentality></artifact>bull<chart wordnetid="106999802" confidence="0.8"><visual_communication wordnetid="106873252" confidence="0.8"><link ns0:type="simple" ns0:href="../649/977649.xml">stemplot</link></visual_communication></chart></col></row><row style="height:2px" /><row><col style=";;" class="navbox-group"><link ns0:type="simple" ns0:href="../442/14986442.xml">histori</link></col><col style="text-align:left;border-left:2px solid #fdfdfd;width:100%;padding:0px;;;" class="navbox-list navbox-even"><link ns0:type="simple" ns0:href="../442/14986442.xml">histori statist</link>bull<link ns0:type="simple" ns0:href="../208/19095208.xml">founder statist</link>bull<link ns0:type="simple" ns0:href="../692/19373692.xml">timelin probabl statist</link></col></row><row style="height:2px" /><row><col style=";;" class="navbox-group">public</col><col style="text-align:left;border-left:2px solid #fdfdfd;width:100%;padding:0px;;;" class="navbox-list navbox-odd"><link ns0:type="simple" ns0:href="../827/18753827.xml">journal statist</link>bull<link ns0:type="simple" ns0:href="../879/708879.xml">import public</link></col></row><row style="height:2px;" /><row><col colspan="2" style=";" class="navbox-abovebelow"><b>statisticscategori</b>bull<b>portal</b>bull<b><link ns0:type="simple" ns0:href="../457/191457.xml">list topic</link></b></col></row></table></col></row></table></p></sec></bdy></article>