<article xmlns:ns0="http://www.w3.org/1999/xlink"><statement confidence="0.8" wordnetid="106722453"><message confidence="0.8" wordnetid="106598915"><equation confidence="0.8" wordnetid="106669864"><condition confidence="0.8" wordnetid="113920835"><state confidence="0.8" wordnetid="100024720"><problem confidence="0.8" wordnetid="114410605"><difficulty confidence="0.8" wordnetid="114408086"><mathematical_statement confidence="0.8" wordnetid="106732169"><header><title>diophantin set</title><id /><revision><id /><timestamp>tz</timestamp><contributor><username>crgreathous</username><id /></contributor></revision><categories><category>hilbert problem</category><category>diophantin equat</category></categories></header><bdy><link ns0:type="simple" ns0:href="../831/18831.xml">mathemat</link>diophantin set<it /><link ns0:type="simple" ns0:href="../729/132729.xml">tupl</link><link ns0:type="simple" ns0:href="../563/14563.xml">integ</link><link ns0:type="simple" ns0:href="../691/26691.xml">set</link><it /><link ns0:type="simple" ns0:href="../000/23000.xml">polynomi</link>integ<link ns0:type="simple" ns0:href="../203/51203.xml">coeffici</link><p><indent level="1"><it /><it /><it>nj</it><it /><it>xk</it></indent>tupl</p><p><indent level="1"><it /><it>nj</it></indent>integ<it />exist nonneg<ref ns0:type="simple" ns0:href="#xpointer(//reflist/entry[@id=%221%22])" />integ</p><p><indent level="1"><it /><it>xk</it></indent><indent level="1"><it /><it /><it>nj</it><it /><it>xk</it></indent>polynomi equat integ call<link ns0:type="simple" ns0:href="../109/9109.xml">diophantin equat</link>diophantin set set form</p><p><indent level="1"><math>n_dotsn_j exist x_dotsexist x_k fn_dotsn_jx_dotsx_k</math></indent><it />polynomi function integ coeffici<ref ns0:type="simple" ns0:href="#xpointer(//reflist/entry[@id=%222%22])" /></p><p>matiyasevich theorem publish set integ diophantin<link ns0:type="simple" ns0:href="../090/332090.xml">recurs enumer</link>set<it />recurs enumer precis algorithm integ eventu halt input member<it />run forev concept gener diophantin set belong<link ns0:type="simple" ns0:href="../527/21527.xml">number theori</link>logic recursiontheoret term obviou repres culmin decad work</p><p>matiyasevich theorem effect settl<statement wordnetid="106722453" confidence="0.8"><message wordnetid="106598915" confidence="0.8"><equation wordnetid="106669864" confidence="0.8"><mathematical_statement wordnetid="106732169" confidence="0.8"><link ns0:type="simple" ns0:href="../851/101851.xml">hilbert tenth problem</link></mathematical_statement></equation></message></statement>impli hilbert tenth problem unsolv problem challeng find gener<link ns0:type="simple" ns0:href="../775/775.xml">algorithm</link>decid system diophantin equat solut integ<person wordnetid="100007846" confidence="0.9508927676800064"><scientist wordnetid="110560637" confidence="0.9508927676800064"><link ns0:type="simple" ns0:href="../302/8302.xml">david hilbert</link></scientist></person>pose problem celebr list address<social_group wordnetid="107950920" confidence="0.8"><congress wordnetid="108308800" confidence="0.8"><meeting wordnetid="108307589" confidence="0.8"><gathering wordnetid="107975026" confidence="0.8"><group wordnetid="100031264" confidence="0.8"><link ns0:type="simple" ns0:href="../842/627842.xml">intern congress mathematician</link></group></gathering></meeting></congress></social_group></p><sec><st>exampl</st><p>well<link ns0:type="simple" ns0:href="../877/24877.xml">pell equat</link></p><p><indent level="1"><math>xdypm</math></indent>exampl diophantin equat paramet long equat solut unknown<math>xy</math>precis paramet<math /><link ns0:type="simple" ns0:href="../198/52198.xml">perfect squar</link>context equat<it>diophantin definit</it>set</p><p><indent level="1" />consist natur number perfect squar exampl diophantin definit</p><p><list><entry level="1" type="bullet">equat<math>xy</math>defin set number power</entry></list></p><p><list><entry level="1" type="bullet">equat<math>axi</math>defin set number<link ns0:type="simple" ns0:href="../666/23666.xml">prime number</link></entry></list></p><p><list><entry level="1" type="bullet">equat<math>axb</math>defin set pair<math>ab</math><math>ale</math></entry></list></p></sec><sec><st>matiyasevich theorem</st><p>matiyasevich theorem</p><p><indent level="1"><link ns0:type="simple" ns0:href="../090/332090.xml">recurs enumer set</link>diophantin</indent>set<it />integ recurs enumer algorithm behav input integ<it /><it />member<it />algorithm eventu halt run forev equival algorithm run forev list member<it />set<it />diophantin precis<link ns0:type="simple" ns0:href="../000/23000.xml">polynomi</link>integ coeffici<it /><it /><it /><it>xk</it>integ<it /><it />exist integ<it /><it>xk</it><it /><it /><it /><it>xk</it></p><p>hard diophantin set recurs enumer consid diophantin equat<it /><it /><it /><it>xk</it>algorithm simpli valu<it /><it /><it>xk</it>increas order sum absolut valu print<it />time<it /><it /><it /><it>xk</it>algorithm will forev will list exactli<it /><it /><it /><it /><it>xk</it>solut<it /><it>xk</it></p><ss1><st>proof techniqu</st><p><scientist wordnetid="110560637" confidence="0.9508927676800064"><link ns0:type="simple" ns0:href="../712/2627712.xml">yuri matiyasevich</link></scientist>util ingeni trick involv<link ns0:type="simple" ns0:href="../918/10918.xml">fibonacci number</link>order solut diophantin equat<link ns0:type="simple" ns0:href="../933/191933.xml">grow exponenti</link>earlier work<person wordnetid="100007846" confidence="0.9508927676800064"><scientist wordnetid="110560637" confidence="0.9508927676800064"><link ns0:type="simple" ns0:href="../987/952987.xml">julia robinson</link></scientist></person><physical_entity wordnetid="100001930" confidence="0.8"><person wordnetid="100007846" confidence="0.8"><intellectual wordnetid="109621545" confidence="0.8"><alumnus wordnetid="109786338" confidence="0.8"><causal_agent wordnetid="100007347" confidence="0.8"><scientist wordnetid="110560637" confidence="0.8"><mathematician wordnetid="110301261" confidence="0.8"><scholar wordnetid="110557854" confidence="0.8"><link ns0:type="simple" ns0:href="../041/953041.xml">martin davi</link></scholar></mathematician></scientist></causal_agent></alumnus></intellectual></person></physical_entity><person wordnetid="100007846" confidence="0.9508927676800064"><philosopher wordnetid="110423589" confidence="0.9508927676800064"><link ns0:type="simple" ns0:href="../233/75233.xml">hilari putnam</link></philosopher></person>suffic<link ns0:type="simple" ns0:href="../090/332090.xml">recurs enumer set</link>diophantin</p></ss1></sec><sec><st>applic hilbert tenth problem</st><p><statement wordnetid="106722453" confidence="0.8"><message wordnetid="106598915" confidence="0.8"><equation wordnetid="106669864" confidence="0.8"><mathematical_statement wordnetid="106732169" confidence="0.8"><link ns0:type="simple" ns0:href="../851/101851.xml">hilbert tenth problem</link></mathematical_statement></equation></message></statement>ask gener algorithm decid solvabl diophantin equat conjunct matiyasevich theorem result discov impli solut hilbert tenth problem imposs result discov logician state recurs enumer set nonrecurs context set<it />integ call recurs algorithm input integ<it />return output correct yesorno answer question<it />member<it />diophantin equat solv algorithm</p><ss1><st>logic structur</st><p>argument exactli form aristotelian<link ns0:type="simple" ns0:href="../046/48046.xml">syllog</link>interest</p><p><indent level="1">major premis recurs enumer set nonrecurs</indent>minor premis recurs enumer set diophantin<indent level="1">conclus diophantin set nonrecurs</indent>conclus entail hilbert problem solv difficult argument proof minor premis matiyasevich theorem stronger unsolv tenth problem</p></ss1><ss1><st>refin</st><p>work question solvabl diophantin equat undecid equat natur number variabl matiyasevich integ variabl<link ns0:type="simple" ns0:href="../994/1059994.xml">zhi wei sun</link></p></ss1></sec><sec><st>applic</st><p>matiyasevich theorem prove problem<link ns0:type="simple" ns0:href="../176/5176.xml">calculu</link><link ns0:type="simple" ns0:href="../309/1424309.xml">differenti equat</link>unsolv</p><p>deriv stronger form<link>gdel incomplet theorem</link>matiyasevich result<indent level="1"><it>correspond axiomat number theori explicitli construct diophantin equat solut fact prove axiomat</it></indent></p></sec><sec><st>footnot</st><p><reflist><entry id="1">definit equival prove<statement wordnetid="106722453" confidence="0.8"><message wordnetid="106598915" confidence="0.8"><theorem wordnetid="106752293" confidence="0.8"><proposition wordnetid="106750804" confidence="0.8"><link ns0:type="simple" ns0:href="../395/326395.xml">lagrang foursquar theorem</link></proposition></theorem></message></statement></entry><entry id="2">note simultan system diophantin equat defin diophantin set system<indent level="1"><math>f_ldotsf_k</math></indent>equival singl equat<indent level="1"><math>f_cdotsf_k</math></indent></entry></reflist></p></sec><sec><st>refer</st><p><list><entry level="1" type="bullet"><scientist wordnetid="110560637" confidence="0.9508927676800064"><link ns0:type="simple" ns0:href="../712/2627712.xml">yuri matiyasevich</link></scientist>enumer set diophantin<it>dokladi akademii nauk sssr</it>english translat<it>soviet mathemat dokladi</it></entry><entry level="1" type="bullet"><physical_entity wordnetid="100001930" confidence="0.8"><person wordnetid="100007846" confidence="0.8"><intellectual wordnetid="109621545" confidence="0.8"><alumnus wordnetid="109786338" confidence="0.8"><causal_agent wordnetid="100007347" confidence="0.8"><scientist wordnetid="110560637" confidence="0.8"><mathematician wordnetid="110301261" confidence="0.8"><scholar wordnetid="110557854" confidence="0.8"><link ns0:type="simple" ns0:href="../041/953041.xml">davi</link></scholar></mathematician></scientist></causal_agent></alumnus></intellectual></person></physical_entity>hilbert tenth problem unsolv<it>american mathemat monthli</it></entry><entry level="1" type="bullet"><scientist wordnetid="110560637" confidence="0.9508927676800064"><link ns0:type="simple" ns0:href="../712/2627712.xml">yuri matiyasevich</link></scientist><it>hilbert problem</it>foreword martin davi hilari putnam mit press<link ns0:type="simple" ns0:href="../919/14919.xml">isbn</link></entry><entry level="1" type="bullet">zhiwei sun<weblink ns0:type="simple" ns0:href="http://math.nju.edu.cn/~zwsun/12d.pdf">reduct unknown diophantin represent</weblink><it>sci china ser</it></entry></list></p></sec><sec><st>extern link</st><p><list><entry level="1" type="bullet"><weblink ns0:type="simple" ns0:href="http://www.scholarpedia.org/article/Matiyasevich_theorem">matiyasevich theorem</weblink>scholarpedia</entry></list></p></sec></bdy></mathematical_statement></difficulty></problem></state></condition></equation></message></statement></article>