<article xmlns:ns0="http://www.w3.org/1999/xlink"><person confidence="0.9508927676800064" wordnetid="100007846"><philosopher confidence="0.9508927676800064" wordnetid="110423589"><sociologist confidence="0.9511911446218017" wordnetid="110620758"><header><title>georg simmel</title><id /><revision><id /><timestamp>tz</timestamp><contributor><username>rjwilmsi</username><id /></contributor></revision><categories><category>death</category><category>peopl berlin</category><category>humboldt univers berlin alumni</category><category>peopl provinc brandenburg</category><category>humboldt univers berlin faculti</category><category>sociologist religion</category><category>german sociologist</category><category>univers strasbourg faculti</category><category>birth</category></categories></header><bdy><template><name>infobox philosoph</name><parameters><image width="150px" src="Simmel_01.JPG"><caption>georg simmel</caption></image><region>western philosophi</region><birth>march<region wordnetid="108630985" confidence="0.8"><administrative_district wordnetid="108491826" confidence="0.8"><location wordnetid="100027167" confidence="0.8"><municipality wordnetid="108626283" confidence="0.8"><settlement wordnetid="108672562" confidence="0.8"><capital wordnetid="108518505" confidence="0.8"><city wordnetid="108524735" confidence="0.8"><country wordnetid="108544813" confidence="0.8"><center wordnetid="108523483" confidence="0.8"><area wordnetid="108497294" confidence="0.8"><village wordnetid="108672738" confidence="0.8"><seat wordnetid="108647945" confidence="0.8"><geographical_area wordnetid="108574314" confidence="0.8"><district wordnetid="108552138" confidence="0.8"><urban_area wordnetid="108675967" confidence="0.8"><link ns0:type="simple" ns0:href="../354/3354.xml">berlin</link></urban_area></district></geographical_area></seat></village></area></center></country></city></capital></settlement></municipality></location></administrative_district></region><country wordnetid="108544813" confidence="0.9508927676800064"><link ns0:type="simple" ns0:href="../701/242701.xml">kingdom prussia</link></country></birth><death>septemb age<country wordnetid="108544813" confidence="0.9508927676800064"><link ns0:type="simple" ns0:href="../407/37407.xml">strassburg</link></country><country wordnetid="108544813" confidence="0.9508927676800064"><link ns0:type="simple" ns0:href="../674/12674.xml">german empir</link></country></death><era><link ns0:type="simple" ns0:href="../565/209565.xml">thcenturi philosophi</link></era><color><list><entry level="1" type="number">bcde</entry></list></color><name>georg simmel</name></parameters></template><p>georg simmel march septemb gener<country wordnetid="108544813" confidence="0.9508927676800064"><link ns0:type="simple" ns0:href="../867/11867.xml">german</link></country><link ns0:type="simple" ns0:href="../981/18717981.xml">sociologist</link>studi pioneer concept<link ns0:type="simple" ns0:href="../444/634444.xml">social structur</link>key precursor<link ns0:type="simple" ns0:href="../726/325726.xml">social network</link>analysi<ref ns0:type="simple" ns0:href="#xpointer(//reflist/entry[@id=%221%22])" />famou work today philosophi money stranger web group affili metropoli mental life</p><sec><st>life</st><p>simmel born<region wordnetid="108630985" confidence="0.8"><administrative_district wordnetid="108491826" confidence="0.8"><location wordnetid="100027167" confidence="0.8"><municipality wordnetid="108626283" confidence="0.8"><settlement wordnetid="108672562" confidence="0.8"><capital wordnetid="108518505" confidence="0.8"><city wordnetid="108524735" confidence="0.8"><country wordnetid="108544813" confidence="0.8"><center wordnetid="108523483" confidence="0.8"><area wordnetid="108497294" confidence="0.8"><village wordnetid="108672738" confidence="0.8"><seat wordnetid="108647945" confidence="0.8"><geographical_area wordnetid="108574314" confidence="0.8"><district wordnetid="108552138" confidence="0.8"><urban_area wordnetid="108675967" confidence="0.8"><link ns0:type="simple" ns0:href="../354/3354.xml">berlin</link></urban_area></district></geographical_area></seat></village></area></center></country></city></capital></settlement></municipality></location></administrative_district></region><country wordnetid="108544813" confidence="0.9508927676800064"><link ns0:type="simple" ns0:href="../867/11867.xml">germani</link></country>youngest children father partner chocol factori die juliu friedlnder founder intern music publish hous endow larg fortun enabl scholar<ref ns0:type="simple" ns0:href="#xpointer(//reflist/entry[@id=%222%22])" /></p><p>religi background complic german margin statu german academia born prosper<group wordnetid="100031264" confidence="0.8"><people wordnetid="107942152" confidence="0.8"><link ns0:type="simple" ns0:href="../913/15913.xml">jew</link></people></group>ish busi famili father<link ns0:type="simple" ns0:href="../504/25504.xml">roman cathol</link>mother famili origin jewish<link ns0:type="simple" ns0:href="../503/18503.xml">lutheran</link>georg simmel<link ns0:type="simple" ns0:href="../298/4298.xml">baptiz</link><physical_entity wordnetid="100001930" confidence="0.8"><causal_agent wordnetid="100007347" confidence="0.8"><link ns0:type="simple" ns0:href="../249/23249.xml">protest</link></causal_agent></physical_entity>child<ref ns0:type="simple" ns0:href="#xpointer(//reflist/entry[@id=%223%22])" /></p><p>simmel studi<link ns0:type="simple" ns0:href="../155/13692155.xml">philosophi</link><link ns0:type="simple" ns0:href="../350/10772350.xml">histori</link>studi<link ns0:type="simple" ns0:href="../990/26990.xml">social psycholog</link><link ns0:type="simple" ns0:href="../708/14708.xml">mediev italian</link><university wordnetid="108286163" confidence="0.9508927676800064"><link ns0:type="simple" ns0:href="../234/308234.xml">univers berlin</link></university>receiv doctor thesi natur matter kant physic monadolog<it><link ns0:type="simple" ns0:href="../540/220540.xml">privatdoz</link></it>univers berlin offici lectur philosophi<link ns0:type="simple" ns0:href="../258/9258.xml">ethic</link><link ns0:type="simple" ns0:href="../225/3729225.xml">logic</link><link ns0:type="simple" ns0:href="../743/24743.xml">pessim</link><link ns0:type="simple" ns0:href="../752/752.xml">art</link><link ns0:type="simple" ns0:href="../921/22921.xml">psycholog</link><link ns0:type="simple" ns0:href="../981/18717981.xml">sociolog</link>lectur popular insid univers attract intellectu elit berlin well</p><p>applic vacant chair german univers support<person wordnetid="100007846" confidence="0.9508927676800064"><link ns0:type="simple" ns0:href="../455/19455.xml">max weber</link></person>simmel remain academ outsid elev rank extraordinari professor full professor chair german<link ns0:type="simple" ns0:href="../771/19360771.xml#xpointer(//*[./st=%22German+(Central+European)%22])">professor</link>time wellknown europ america man great emin</p><p>simmel continu intellectu academ work artist circl well cofound<link ns0:type="simple" ns0:href="../165/9370165.xml">german societi sociolog</link><link>ferdinand tnni</link><person wordnetid="100007846" confidence="0.9508927676800064"><link ns0:type="simple" ns0:href="../455/19455.xml">max weber</link></person>life meet point univers societi art philosophi simmel heir fortun appoint guardian</p><p>befriend wellknown men<person wordnetid="100007846" confidence="0.9508927676800064"><link ns0:type="simple" ns0:href="../455/19455.xml">max weber</link></person><person wordnetid="100007846" confidence="0.9508927676800064"><poet wordnetid="110444194" confidence="0.9173553029164789"><writer wordnetid="110794014" confidence="0.9508927676800064"><novelist wordnetid="110363573" confidence="0.9173553029164789"><link ns0:type="simple" ns0:href="../408/26408.xml">rainer maria rilk</link></novelist></writer></poet></person><physical_entity wordnetid="100001930" confidence="0.8"><communicator wordnetid="109610660" confidence="0.8"><person wordnetid="100007846" confidence="0.8"><poet wordnetid="110444194" confidence="0.8"><causal_agent wordnetid="100007347" confidence="0.8"><writer wordnetid="110794014" confidence="0.8"><link ns0:type="simple" ns0:href="../880/549880.xml">stefan georg</link></writer></causal_agent></poet></person></communicator></physical_entity><person wordnetid="100007846" confidence="0.9508927676800064"><philosopher wordnetid="110423589" confidence="0.9508927676800064"><link ns0:type="simple" ns0:href="../518/9518.xml">edmund husserl</link></philosopher></person></p><p>marri gertrud kinel philosoph publish<link ns0:type="simple" ns0:href="../594/40594.xml">pseudonym</link><link>marieluis enckendorf</link>live shelter bourgeoi life venu cultiv gather tradit salon bore son han eugen</p><p>simmel receiv ordinari professorship chair german<link ns0:type="simple" ns0:href="../824/722824.xml">univers strassburg</link>outbreak<conflict wordnetid="100958896" confidence="0.9508927676800064"><link ns0:type="simple" ns0:href="../461/4764461.xml">war</link></conflict>academ activ lectur halt lectur hall convert militari hospit appli success chair<university wordnetid="108286163" confidence="0.9508927676800064"><link ns0:type="simple" ns0:href="../649/100649.xml">univers heidelberg</link></university></p><p>prior outbreak war simmel interest contemporari histori interact art philosophi time start interest unfold conflict opinion event support germani inner transform object idea europ critic crisi cultur</p><p>eventu simmel appear grown tire war year death stop read paper withdrew black forest finish book shortli war die<link ns0:type="simple" ns0:href="../585/237585.xml">liver cancer</link>strassburg</p></sec><sec><st>simmel metropoli</st><p>simmel read essay metropoli mental life die grostadt und da geistesleben origin seri lectur aspect citi life expert field rang scienc religion art seri conduct alongsid<location wordnetid="100027167" confidence="0.9508927676800064"><link ns0:type="simple" ns0:href="../410/37410.xml">dresden</link></location>citi exhibit simmel origin ask lectur role intellectu scholarli life big citi effect revers topic order analyz effect big citi mind individu result lectur publish essay book fill gap seri editor suppli essay origin topic</p><p>simmel metropoli mental life well receiv time organ exhibit appal neg citi life twenti essay influenti think robert park american sociologist univers chicago collect chicago school gain wider circul translat english publish kurt wolff edit collect<it>sociolog georg simmel</it>appear regularli read list cours urban studi architectur histori note notion bla central final point essay descript sequenc irrevers transform mind simmel big citi neg mind suggest undergo perman chang ambigu essay last place discours metropoli</p><p>essay requir closer care read order properli understand simmel argument centuri public captur imagin fascin ponder simmel write citi time popul european citi top automobil rarelysight slowmov object accur describ intens effect mechan brightlylit citi york tokyo eventu peopl percept decad death</p></sec><sec><st>simmel sociabl</st><p>simmel refer form associ mere sum separ individu societi<ref ns0:type="simple" ns0:href="#xpointer(//reflist/entry[@id=%224%22])" />describ higher uniti<ref ns0:type="simple" ns0:href="#xpointer(//reflist/entry[@id=%224%22])" />compos individu fascin impuls sociabl man<ref ns0:type="simple" ns0:href="#xpointer(//reflist/entry[@id=%224%22])" />describ associationsthrough solitari individu resolv togeth union<ref ns0:type="simple" ns0:href="#xpointer(//reflist/entry[@id=%225%22])" />process describ impuls sociabl distil realiti social life pure essenc associ<ref ns0:type="simple" ns0:href="#xpointer(//reflist/entry[@id=%225%22])" />uniti<ref ns0:type="simple" ns0:href="#xpointer(//reflist/entry[@id=%225%22])" />refer freeplay interact interdepend individu<ref ns0:type="simple" ns0:href="#xpointer(//reflist/entry[@id=%225%22])" /></p><p>defin sociabl playform associ<ref ns0:type="simple" ns0:href="#xpointer(//reflist/entry[@id=%225%22])" />driven amic breed cordial attract kind<ref ns0:type="simple" ns0:href="#xpointer(//reflist/entry[@id=%225%22])" />order free associ occur person emphas individuallywith abandon aggress<ref ns0:type="simple" ns0:href="#xpointer(//reflist/entry[@id=%225%22])" />describ sociabilitya democraci equalswithout friction long peopl blend spirit fun affect bring pure interact free disturb materi accent<ref ns0:type="simple" ns0:href="#xpointer(//reflist/entry[@id=%226%22])" />social interact entir sweet charact conclud simmel describ idealis view best type human interact typic averag type</p><p>simmel vital real individu sensit attract full impuls convictionsi symbol life flow lightli amus play<ref ns0:type="simple" ns0:href="#xpointer(//reflist/entry[@id=%227%22])" />add symbol play aesthet charm finest highli sublim dynam social exist rich gather<ref ns0:type="simple" ns0:href="#xpointer(//reflist/entry[@id=%228%22])" />conclud describ human interact idealis best typic tend fall long short descript</p><p>quot simmel<it>sociolog sociabl</it><ref ns0:type="simple" ns0:href="#xpointer(//reflist/entry[@id=%229%22])" /></p></sec><sec><st>influenc american sociolog</st><p><physical_entity wordnetid="100001930" confidence="0.8"><person wordnetid="100007846" confidence="0.8"><sociologist wordnetid="110620758" confidence="0.8"><social_scientist wordnetid="110619642" confidence="0.8"><causal_agent wordnetid="100007347" confidence="0.8"><scientist wordnetid="110560637" confidence="0.8"><link ns0:type="simple" ns0:href="../088/2517088.xml">lewi coser</link></scientist></causal_agent></social_scientist></sociologist></person></physical_entity>drew heavili georg simmel<it>sociolog theori</it>treat<link ns0:type="simple" ns0:href="../375/2001375.xml">social conflict</link></p></sec><sec><st>work simmel</st><p>simmel<link ns0:type="simple" ns0:href="../623/53623.xml">essayist</link>well author sociolog philosoph book major monograph work includ</p><p><list><entry level="1" type="bullet"><it>ber social differenzierung</it>leipzig duncker humblot social differenti</entry><entry level="1" type="bullet"><it>einleitung die moralwissenschaft</it>berlin hertz introduct scienc ethic</entry><entry level="1" type="bullet"><it>die problem der geschichtphilosophi</it>leipzig duncker humblot edn problem philosophi histori</entry><entry level="1" type="bullet"><it>philosophi der geld</it>leipzig duncker humblot edn philosophi money</entry><entry level="1" type="bullet"><it>die grosstdt und da geistesleben</it>dresden petermann metropoli mental life</entry><entry level="1" type="bullet"><it>kant</it>leipzig duncker humblot edn</entry><entry level="1" type="bullet"><it>kant und goeth</it>berlin marquardt</entry><entry level="1" type="bullet"><it>die religion</it>frankfurt main rtten loen edn</entry><entry level="1" type="bullet"><it>schopenhau und nietzsch</it>leipzig duncker humblot</entry><entry level="1" type="bullet"><it>schopenhau nietzsch</it>univers illinoi press isbn</entry><entry level="1" type="bullet"><it>soziologi</it>leipzig duncker humblot sociolog investig form sociat</entry><entry level="1" type="bullet"><it>hauptproblem der philosophi</it>leipzig gschen</entry><entry level="1" type="bullet"><it>philosophisch kultur</it>leipzig krner edn</entry><entry level="1" type="bullet"><it>goeth</it>leipzig klinkhardt</entry><entry level="1" type="bullet"><it>grundfragen der soziologi</it>berlin gschen fundament question sociolog</entry><entry level="1" type="bullet"><it>rembrandt</it>leipzig wolff</entry><entry level="1" type="bullet"><it>lebensanschauung</it>mnchen duncker humblot</entry><entry level="1" type="bullet"><it>zur philosophi der kunst</it>potsdam kiepenheur</entry><entry level="1" type="bullet"><it>fragment und aufsz au dem nachlass</it>kantorowicz mnchen drei masken verlag</entry><entry level="1" type="bullet"><it>brcke und tr</it>landmann susman stuttgart koehler</entry></list></p></sec><sec><st>work</st><p><list><entry level="1" type="bullet"><it>rom ein sthetisch analys</it>publish viennes weekli paper<it>die zeit wiener wochenschrift fr politik volkwirtschaft wissenschaft und kunst</it></entry><entry level="1" type="bullet"><it>florenz</it>publish berlin magazin<it>der tag</it>march</entry><entry level="1" type="bullet"><it>venedig</it>publish magazin munich<it>der kunstwart halbmonatsschau ber dichtung theater musik bildend und angewandt kunst</it>june</entry></list></p></sec><sec><st>work simmel compil</st><p><list><entry level="1" type="bullet">de hartmann aloi<it>sinn und wert de geld</it>der philosophi von georg simmel und adam von mller<ref ns0:type="simple" ns0:href="#xpointer(//reflist/entry[@id=%2210%22])" />berlin isbn</entry><entry level="1" type="bullet">muller jerri<it>mind market capit western thought</it>anchor book</entry><entry level="1" type="bullet">david kim<it>georg simmel translat interdisciplinari bordercross cultur modern</it>cambridg scholar press cambridg isbn</entry><entry level="1" type="bullet">simmel georg<it>conflict web group affili</it>translat edit kurt wolff glenco il free press</entry><entry level="1" type="bullet">simmel georg<it>sociolog georg simmel</it>compil translat kurt wolff glenco il free press</entry></list></p></sec><sec><st>refer</st><p><reflist><entry id="1">wellman barri structur analysi method metaphor theori substanc<it>social structur network approach</it>edit barri wellman sd berkowitz cambridg cambridg univers press linton freeman<it>develop social network analysi</it>vancouv empir press</entry><entry id="2">httpsociochsimbiohtm sociolog switzerland<it>georg simmel biograph</it></entry><entry id="3">simmel georg kurt wolff sociolog georg simmel glenco ill free press</entry><entry id="4">simmel</entry><entry id="5">simmel</entry><entry id="6">simmel</entry><entry id="7">simmel</entry><entry id="8">simmel</entry><entry id="9">georg simmel<it>sociolog sociabl</it>tran everett hugh amer jnl sociol nov origin<it>soziologi der geselligkeit</it>speech st meet german sociol societi reprint talcott parson al<it>theori societi</it>number refer public</entry><entry id="10"><weblink ns0:type="simple" ns0:href="http://www.wiku-verlagsprogramm.de/6332/6467.html"><indent level="9">wikuverlagsprogramm</indent></weblink>wwwwikuverlagsprogrammd</entry></reflist></p></sec><sec><st>extern link</st><p><list><entry level="1" type="bullet"><weblink ns0:type="simple" ns0:href="http://ssr1.uchicago.edu/PRELIMS/Theory/simmel.html">detail overview extract essay simmel univers chicago</weblink></entry></list></p><p><list><entry level="1" type="bullet"><weblink ns0:type="simple" ns0:href="http://www.socio.ch/sim/index_sim.htm">sociolog switzerland present georg simmel onlin</weblink></entry><entry level="1" type="bullet"><weblink ns0:type="simple" ns0:href="http://socsci.colorado.edu/SOC/SI/si-simmel-bio.htm">short biographi simmel</weblink></entry><entry level="1" type="bullet"><weblink ns0:type="simple" ns0:href="http://socio.ch/sim/bio.htm">detail biographi appreci simmel</weblink></entry><entry level="1" type="bullet"><weblink ns0:type="simple" ns0:href="http://www2.pfeiffer.edu/~lridener/DSS/INDEX.HTML#simmel">simmel work</weblink></entry><entry level="1" type="bullet"><weblink ns0:type="simple" ns0:href="http://209.85.129.104/search?q=cache:LoQ-G1L32LEJ:www.socialeconomics.org/uploads/Mellor.doc+simmel+money+was+invented hl=fr ct=clnk cd=10 gl=fr">social role money</weblink></entry><entry level="1" type="bullet"><weblink ns0:type="simple" ns0:href="http://www.altruists.org/static/files/The%20Metropolis%20and%20Mental%20Life%20%28Georg%20Simmel%29.htm">metropoli mental life</weblink></entry><entry level="1" type="bullet"><weblink ns0:type="simple" ns0:href="http://www.cas.sc.edu/socy/faculty/deflem/zsimhab.html">jurgen haberma<it>georg simmel philosophi cultur postscript collect essay</it>translat mathieu deflem critic inquiri spring</weblink></entry></list></p><p><table id="persondata" class="persondata"><header colspan="2" /><row><col class="persondata-label" /><col>simmel georg</col></row><row><col class="persondata-label">altern name</col></row><row><col class="persondata-label">short descript</col><col><country wordnetid="108544813" confidence="0.9508927676800064"><link ns0:type="simple" ns0:href="../867/11867.xml">german</link></country><link ns0:type="simple" ns0:href="../981/18717981.xml">sociologist</link></col></row><row><col class="persondata-label">birth</col><col>march</col></row><row><col class="persondata-label">place birth</col></row><row><col class="persondata-label">death</col><col>septemb</col></row><row><col class="persondata-label">place death</col><col><region wordnetid="108630985" confidence="0.8"><administrative_district wordnetid="108491826" confidence="0.8"><location wordnetid="100027167" confidence="0.8"><municipality wordnetid="108626283" confidence="0.8"><settlement wordnetid="108672562" confidence="0.8"><capital wordnetid="108518505" confidence="0.8"><city wordnetid="108524735" confidence="0.8"><country wordnetid="108544813" confidence="0.8"><center wordnetid="108523483" confidence="0.8"><area wordnetid="108497294" confidence="0.8"><village wordnetid="108672738" confidence="0.8"><seat wordnetid="108647945" confidence="0.8"><geographical_area wordnetid="108574314" confidence="0.8"><district wordnetid="108552138" confidence="0.8"><urban_area wordnetid="108675967" confidence="0.8"><link ns0:type="simple" ns0:href="../354/3354.xml">berlin</link></urban_area></district></geographical_area></seat></village></area></center></country></city></capital></settlement></municipality></location></administrative_district></region><country wordnetid="108544813" confidence="0.9508927676800064"><link ns0:type="simple" ns0:href="../867/11867.xml">germani</link></country></col></row></table></p></sec></bdy></sociologist></philosopher></person></article>