<article xmlns:ns0="http://www.w3.org/1999/xlink"><artifact confidence="0.8" wordnetid="100021939"><header><title>antialias</title><id /><revision><id /><timestamp>tz</timestamp><contributor><username>lightmous</username><id /></contributor></revision><categories><category>comput graphic artifact</category><category>digit typographi</category><category>imag process</category></categories></header><bdy><p><link ns0:type="simple" ns0:href="../TN$$/HT$C$_T$yT$N$.xml">digit signal process</link><b>antialias</b>techniqu minim distort artifact<link ns0:type="simple" ns0:href="../474/151474.xml">alias</link>repres highresolut signal lower resolut antialias<link ns0:type="simple" ns0:href="../597/3616597.xml">digit photographi</link><link ns0:type="simple" ns0:href="../210/18567210.xml">comput graphic</link><link ns0:type="simple" ns0:href="../712/53712.xml">digit audio</link>applic</p><p>imag domain alias artifact appear wavi line band<link>moir</link>pattern pop<link ns0:type="simple" ns0:href="../295/41295.xml">strobe</link>unwant sparkl sound domain appear rough disson spuriou tone nois</p><p>antialias remov signal compon higher<link ns0:type="simple" ns0:href="../779/10779.xml">frequenc</link>properli resolv record sampl devic remov resampl lower resolut sampl perform remov signal undesir artifact blackandwhit nois top figur<link ns0:type="simple" ns0:href="#xpointer(//*[./st=%22Figure1%22])" /></p><p>signal acquisit audio antialias analog<link ns0:type="simple" ns0:href="../949/1291949.xml">antialias filter</link>remov outofband compon input signal prior sampl<link ns0:type="simple" ns0:href="../367/40367.xml">analogtodigit convert</link><link ns0:type="simple" ns0:href="../597/3616597.xml">digit photographi</link>optic<link ns0:type="simple" ns0:href="../949/1291949.xml">antialias filter</link><link ns0:type="simple" ns0:href="../412/174412.xml">birefring</link>materi smooth signal spatial optic domain antialias filter essenti blur imag order reduc resolut limit digit sensor larger<link ns0:type="simple" ns0:href="../899/430899.xml">pixel pitch</link>lower achiev resolut sensor level</p><p>articl signal process<link ns0:type="simple" ns0:href="../474/151474.xml">alias</link>theoret justif antialias remaind articl dedic antialias method<link ns0:type="simple" ns0:href="../210/18567210.xml">comput graphic</link></p><sec><st>exampl</st><p><table style="margin-left:5px;" align="right" width="300"><row><col><image width="150px" src="aliased.png"><caption>unantialias pictur checkerboard angl random distanc unsmooth line foreground</caption></image></col><col><image width="150px" src="antialiased.png"><caption>pictur antialias blur gray distanc smoother line foreground</caption></image></col><col><image width="150px" src="antialiased-sinc.png"><caption>algorithm antialias creat appear</caption></image></col></row><row><col>figur</col></row></table><image width="150px" src="antialiased-zoom.png"><caption>figur</caption></image></p><p>figur illustr visual distort occur antialias notic top imag checkerboard distant imag imposs recogn aesthet appeal contrast figur antialias checkerboard top blend gray desir<link ns0:type="simple" ns0:href="../184/1191184.xml">resolut</link>insuffici detail bottom imag edg appear smoother antialias imag figur antialias<link ns0:type="simple" ns0:href="../775/775.xml">algorithm</link>base<link ns0:type="simple" ns0:href="../637/267637.xml">sinc filter</link>consid better algorithm figur magnifi portion figur comparison left half imag figur half imag figur observ gray<link ns0:type="simple" ns0:href="../665/23665.xml">pixel</link>help smoother attract scale figur</p><p><table><row><col valign="top"><image width="150px" src="Anti-aliased-diamonds.png"><caption>antialiaseddiamondspng</caption></image>compar diamond left antialias</col><col rowspan="2"><image width="150px" src="Anti-aliased_diamond_enlarged.png"><caption>antialias diamond enlargedpng</caption></image>enlarg view</col></row><row><col valign="bottom">figur</col></row></table></p><p>fig antialias smooth outlin text</p></sec><sec><st>firstprincipl approach antialias</st><p>ideal imag<link ns0:type="simple" ns0:href="../455/15455.xml">infinit</link>detail repres<link ns0:type="simple" ns0:href="../427/185427.xml">function</link><it>fxi</it><link ns0:type="simple" ns0:href="../491/19725491.xml">real number</link>defin<link ns0:type="simple" ns0:href="../931/81931.xml">coordin</link></p><p>infinit function comput screen capabl display finit imag ordinari comput screen pixel pixel finit number color display</p><p>imag<it>fxi</it>simplifi order convert display form<link ns0:type="simple" ns0:href="../217/54217.xml">pigeonhol principl</link>ideal imag<it>fxi</it><it>gxi</it>will unavoid convert pictur screen question select best reduc imag</p><p>exampl poor choic illustr figur direct simplifi imag display sampl imag<it /><it /><it />pixel<it /><it />illustr top checkerboard multipl black white tile repres singl pixel black white point occur ideal imag area color proport will repres strang pattern black white type alias call<link>moir</link></p><p>better approach pixel averag intens rectangular area scene correspond surfac area pixel better ideal antialias appear figur gener work better help problem signalprocess perspect</p></sec><sec><st>signal process approach antialias</st><p>approach ideal imag regard<it>signal</it>imag display screen sampl<it>xy</it>pixel posit filter version signal ideal understand human brain process origin signal provid imag screen will yield respons brain</p><p>accept analyt tool problem<mathematical_relation wordnetid="113783581" confidence="0.8"><idea wordnetid="105833840" confidence="0.8"><concept wordnetid="105835747" confidence="0.8"><operator wordnetid="113786413" confidence="0.8"><function wordnetid="113783816" confidence="0.8"><link ns0:type="simple" ns0:href="../247/52247.xml">fourier transform</link></function></operator></concept></idea></mathematical_relation>fourier transform decompos signal basic<link ns0:type="simple" ns0:href="../516/33516.xml">wave</link>frequenc<link ns0:type="simple" ns0:href="../649/37649.xml">amplitud</link>wave signal wave form</p><p><indent level="2"><math>co pi co pi</math></indent><it /><it />arbitrari nonneg integ fact wave involv<link ns0:type="simple" ns0:href="../367/30367.xml">sine</link>purpos discuss<link ns0:type="simple" ns0:href="../367/30367.xml">cosin</link>will suffic<mathematical_relation wordnetid="113783581" confidence="0.8"><idea wordnetid="105833840" confidence="0.8"><concept wordnetid="105835747" confidence="0.8"><operator wordnetid="113786413" confidence="0.8"><function wordnetid="113783816" confidence="0.8"><link ns0:type="simple" ns0:href="../247/52247.xml">fourier transform</link></function></operator></concept></idea></mathematical_relation>technic detail</p><p>number<it /><it /><it>frequenc</it>wave<it />frequenc<it />direct<it />frequenc<it />direct</p><p>prove<link>nyquistshannon sampl theorem</link>uniqu signal<it />frequenc<it /><link ns0:type="simple" ns0:href="../605/201605.xml">sampl</link>point assum inclus sine</p><p>eye sensit lower frequenc<link ns0:type="simple" ns0:href="../324/29324.xml">signal process</link>choos elimin high frequenc signal keep frequenc low sampl correctli sampl rate</p><p>goal sharpli cut frequenc limit<link ns0:type="simple" ns0:href="../685/164685.xml">nyquist frequenc</link>realiz exactli fourier techniqu approxim choic detail algorithm knowledg human visual percept suffici gener approach will best gener better approxim fourier ideal tend better</p><p>figur gener frequencycutoff approach exact fourier seri truncat approxim hope close correct imag highlight differ observ manag bit clearer imag distinguish textur uniform gray higher imag</p><p>basic wave cosin wave instanc<link ns0:type="simple" ns0:href="../903/50903.xml">wavelet</link>basic wave cosin wave obtain imag basic wave yield antialias algorithm good instanc haar wavelet uniform averag algorithm wavelet good wavelet better approxim function human brain cosin basi</p></sec><sec><st>dimension consider</st><p><image width="150px" src="Sinc(x)_x_sinc(y)_plot.jpg" type="thumb"><caption>sinc function separ</caption></image>assum rectangular mesh sampl domin problem odd filter consid optim rotat symmetr figur eye rotat socket fact deal data sampl<link ns0:type="simple" ns0:href="../853/2874853.xml">squar lattic</link>continu imag justif signal process axi tradit dimension data<link ns0:type="simple" ns0:href="../241/2338241.xml">lanczo resampl</link>base convolut data discret represent sinc function</p><p><image width="150px" src="Sinc(r).jpg" type="thumb"><caption>radial sinc function</caption></image>resolut limit rectangular sampl rate sourc target imag ideal rotat symmetr filter interpol function data dimension function continu sinc function radiu second figur long tail good filter<link ns0:type="simple" ns0:href="../520/602520.xml">squareintegr</link>appropri analog onedimension sinc twodimension<link ns0:type="simple" ns0:href="../128/513128.xml">airi disc</link>amplitud fourier transform circular region frequenc space oppos squar region</p><p><image width="150px" src="Gaussian_plus_its_own_curvature.jpg" type="thumb"><caption>gaussian differenti function</caption></image>consid gaussian second deriv flatten top frequenc domain sharpen spatial domain function function base gaussian function natur choic convolut gaussian gaussian appli radiu properti wavelet half local configur spectral represent interpol function gaussian spread preserv maximum detail second deriv</p><p>exampl print photograph neg plenti process capabl printer hexagon pattern reason sinc function interpol treat diagon line differ horizont vertic line weak form alias</p></sec><sec><st>practic realtim antialias approxim</st><p>hand<link ns0:type="simple" ns0:href="../491/333491.xml">primit</link>lowest level realtim<link ns0:type="simple" ns0:href="../775/25775.xml">render</link>engin softwar hardwar acceler includ point line triangl draw primit white black background design primit fuzzi edg achiev sort antialias approach difficulti deal adjac primit triangl share edg</p><p>approxim uniform averag algorithm extra buffer subpixel data initi memoryhungri approach extra bit pixel grid render primit care order instanc fronttoback creat reason imag</p><p>requir primit order interact applic program interfac<software wordnetid="106566077" confidence="0.9508927676800064"><link ns0:type="simple" ns0:href="../497/22497.xml">opengl</link></software>latest attempt simpli full subpixel pixel includ full color subpixel share subpixel<link ns0:type="simple" ns0:href="../904/146904.xml">zbuffer</link></p><ss1><st>mipmap</st><p><indent level="1"><it>main articl<structure wordnetid="104341686" confidence="0.8"><artifact wordnetid="100021939" confidence="0.8"><link ns0:type="simple" ns0:href="../107/437107.xml">mipmap</link></artifact></structure></it></indent>approach special<link ns0:type="simple" ns0:href="../903/146903.xml">textur map</link>call<link ns0:type="simple" ns0:href="../107/437107.xml">mipmap</link>ping work creat lower resolut prefilt version textur map render imag appropri resolut mipmap chosen textur pixel texel filter arriv screen mipmap gener combin form<link ns0:type="simple" ns0:href="../342/877342.xml">textur filter</link>order improv final result</p></ss1></sec><sec><st>exampl imag extrem pseudorandom alias</st><p><link ns0:type="simple" ns0:href="../913/10913.xml">fractal</link>unlimit detail nois arithmet roundoff error illustr alias clearli photograph measur data<link>dwell</link>convert color exact center pixel infin border set color center border unpredict alias exampl edg half pixel alias imag upload origin sampl rate modern softwar antialias download full size version alias second imag calcul time sampl rate<link ns0:type="simple" ns0:href="../049/1315049.xml">downsampl</link>antialias assum averag color pixel closer clearli orderli</p><p>click imag big point</p><p><image width="150px" src="Mandelbrot_%20Turbine%20_desk_shape.jpg"><caption>calcul program mandelzot</caption></image><image width="150px" src="Mandelbrot_Turbine_big_all_samples.jpg"><caption>antialias blur downsampl factor</caption></image><image width="150px" src="Mandelbrot_Budding_turbines.jpg"><caption>edg point interpol antialias downsampl</caption></image><image width="150px" src="Mandelbrot_Turbine_Chaff.jpg"><caption>enhanc point remov previou imag</caption></image></p><p>case addit recalcul distanc estim point identifi close edg set unusu fine detail alias rapidli chang dwell valu edg set color deriv calcul point identifi unusu unrepres pixel point replac third imag interpol point reduc noisi imag side brighten color imag exactli larger set calcul point</p><p><image width="140px" src="Mandelbrot_Budding_Turbines_downsampled.jpg" type="thumb"><caption>downsampl antialias</caption></image></p><p>discard reject point bled grey background fourth imag</p><p>final bud turbin regular systemat moir alias clearli main turbin axi downsiz nearest pixel alias imag appear random level detail pixel size lower level alias suppress third imag downsampl antialias imag order scale third imag appear systemat alias imag</p><p>best antialias downsampl method depend point view fit data limit array pixel imag sinc function antialias appropri obtain second third imag main object filter alias nois rotat symmetr function appropri</p></sec><sec><st>fullscen antialias</st><p>modern<link ns0:type="simple" ns0:href="../624/113624.xml">graphic card</link>support method fullscen antialias fsaa help avoid<link ns0:type="simple" ns0:href="../474/151474.xml">alias</link><link ns0:type="simple" ns0:href="../362/16362.xml">jaggi</link>fullscreen imag imag softer appear realist true method avoid remov<link ns0:type="simple" ns0:href="../474/151474.xml">alias</link><link ns0:type="simple" ns0:href="../904/584904.xml">artifact</link>fullscreen<link ns0:type="simple" ns0:href="../726/503726.xml">imag</link><link ns0:type="simple" ns0:href="../142/4962142.xml">supersampl</link></p><p>photolik imag simpl antialias approach supersampl averag worsen appear type art diagram make imag appear fuzzi line horizont vertic case prior gridfit step<link ns0:type="simple" ns0:href="../908/3545908.xml">hint</link></p><p>gener supersampl techniqu collect data point greater<link ns0:type="simple" ns0:href="../184/1191184.xml">resolut</link>power final data resolut data point combin downsampl desir resolut simpl<link ns0:type="simple" ns0:href="../167/60167.xml">averag</link>combin data point visibl alias artifact<link>moir pattern</link></p><p>fullscen antialias supersampl full frame<link ns0:type="simple" ns0:href="../604/6604.xml">render</link>doubl quadrupl<link ns0:type="simple" ns0:href="../677/7677.xml">display</link>resolut downsampl match display resolut fsaa render supersampl<link ns0:type="simple" ns0:href="../665/23665.xml">pixel</link>singl pixel frame</p><p>fsaa implement hardwar graphic applic unawar imag supersampl downsampl display</p></sec><sec><st>objectbas antialias</st><p>graphic render system creat imag base object construct polygon primit alias effect imag reduc appli antialias scheme area imag repres silhouett edg object silhouett edg antialias creat antialias primit vari opac antialias primit join silhouet edg creat region imag object appear blend background method advantag classic method base<link>accumul buffer</link>gener fullscen antialias pass requir addit memori requir accumul buffer objectbas antialias develop<link ns0:type="simple" ns0:href="../013/28013.xml">silicon graphic</link><computer wordnetid="103082979" confidence="0.8"><artifact wordnetid="100021939" confidence="0.8"><instrumentality wordnetid="103575240" confidence="0.8"><device wordnetid="103183080" confidence="0.8"><machine wordnetid="103699975" confidence="0.8"><digital_computer wordnetid="103196324" confidence="0.8"><workstation wordnetid="104603399" confidence="0.8"><link ns0:type="simple" ns0:href="../973/608973.xml">indi</link></workstation></digital_computer></machine></device></instrumentality></artifact></computer>workstat</p></sec><sec><st>histori</st><p>earli work histori antialias includ</p><p><list><entry level="1" type="bullet"><physical_entity wordnetid="100001930" confidence="0.8"><peer wordnetid="109626238" confidence="0.8"><person wordnetid="100007846" confidence="0.8"><colleague wordnetid="109935990" confidence="0.8"><causal_agent wordnetid="100007347" confidence="0.8"><scientist wordnetid="110560637" confidence="0.8"><research_worker wordnetid="110523076" confidence="0.8"><associate wordnetid="109816771" confidence="0.8"><link ns0:type="simple" ns0:href="../061/174061.xml">freeman</link></associate></research_worker></scientist></causal_agent></colleague></person></peer></physical_entity>comput process draw imag<it>acm comput survey</it>march</entry><entry level="1" type="bullet"><person wordnetid="100007846" confidence="0.9508927676800064"><scientist wordnetid="110560637" confidence="0.9508927676800064"><link ns0:type="simple" ns0:href="../058/174058.xml">crow franklin</link></scientist></person>alias problem computergener shade imag<it><work wordnetid="104599396" confidence="0.8"><product wordnetid="104007894" confidence="0.8"><creation wordnetid="103129123" confidence="0.8"><artifact wordnetid="100021939" confidence="0.8"><periodical wordnetid="106593296" confidence="0.8"><publication wordnetid="106589574" confidence="0.8"><link ns0:type="simple" ns0:href="../161/291161.xml">commun acm</link></publication></periodical></artifact></creation></product></work></it>novemb</entry><entry level="1" type="bullet"><physical_entity wordnetid="100001930" confidence="0.8"><peer wordnetid="109626238" confidence="0.8"><person wordnetid="100007846" confidence="0.8"><good_person wordnetid="110138767" confidence="0.8"><colleague wordnetid="109935990" confidence="0.8"><causal_agent wordnetid="100007347" confidence="0.8"><scientist wordnetid="110560637" confidence="0.8"><adult wordnetid="109605289" confidence="0.8"><saint wordnetid="110546850" confidence="0.8"><professional wordnetid="110480253" confidence="0.8"><associate wordnetid="109816771" confidence="0.8"><link ns0:type="simple" ns0:href="../051/174051.xml">catmul edwin</link></associate></professional></saint></adult></scientist></causal_agent></colleague></good_person></person></peer></physical_entity>hiddensurfac algorithm antialias<it>proceed annual confer comput graphic interact techniqu</it>august</entry></list></p></sec><sec><st /><p><list><entry level="1" type="bullet"><link ns0:type="simple" ns0:href="../142/4962142.xml">supersampl</link>method antialias</entry><entry level="1" type="bullet"><link ns0:type="simple" ns0:href="../361/160361.xml">statist sampl</link></entry><entry level="1" type="bullet"><link ns0:type="simple" ns0:href="../905/6095905.xml">tempor antialias</link></entry><entry level="1" type="bullet"><link ns0:type="simple" ns0:href="../404/621404.xml">anisotrop filter</link>method improv imag qualiti enhanc textur</entry><entry level="1" type="bullet"><link ns0:type="simple" ns0:href="../873/19873.xml">measur theori</link></entry><entry level="1" type="bullet"><link ns0:type="simple" ns0:href="../087/1172087.xml">font raster</link></entry><entry level="1" type="bullet"><link ns0:type="simple" ns0:href="../672/455672.xml">color theori</link>physic detail pertin color imag</entry><entry level="1" type="bullet"><artifact wordnetid="100021939" confidence="0.8"><instrumentality wordnetid="103575240" confidence="0.8"><device wordnetid="103183080" confidence="0.8"><filter wordnetid="103339643" confidence="0.8"><link ns0:type="simple" ns0:href="../242/1875242.xml">reconstruct filter</link></filter></device></instrumentality></artifact></entry><entry level="1" type="bullet"><structure wordnetid="105726345" confidence="0.8"><idea wordnetid="105833840" confidence="0.8"><concept wordnetid="105835747" confidence="0.8"><aspect wordnetid="105850624" confidence="0.8"><form wordnetid="105930736" confidence="0.8"><property wordnetid="105849040" confidence="0.8"><feature wordnetid="105849789" confidence="0.8"><link ns0:type="simple" ns0:href="../906/174906.xml">quincunx</link></feature></property></form></aspect></concept></idea></structure>pattern antialias</entry><entry level="1" type="bullet"><link ns0:type="simple" ns0:href="../708/593708.xml">subpixel render</link>applic antialias properti color lcd screen</entry><entry level="1" type="bullet"><event wordnetid="100029378" confidence="0.8"><rule wordnetid="105846932" confidence="0.8"><act wordnetid="100030358" confidence="0.8"><psychological_feature wordnetid="100023100" confidence="0.8"><procedure wordnetid="101023820" confidence="0.8"><activity wordnetid="100407535" confidence="0.8"><algorithm wordnetid="105847438" confidence="0.8"><link ns0:type="simple" ns0:href="../689/222689.xml">xiaolin wu algorithm</link></algorithm></activity></procedure></psychological_feature></act></rule></event>fast realtim antialias</entry><entry level="1" type="bullet"><link ns0:type="simple" ns0:href="../391/5283391.xml">multisampl antialias</link></entry></list></p></sec><sec><st>extern link</st><p><list><entry level="1" type="bullet"><weblink ns0:type="simple" ns0:href="http://lunaloca.com/tutorials/antialiasing/">antialias transpar tutori</weblink>explain interact antialias transpar deal web graphic</entry><entry level="1" type="bullet"><weblink ns0:type="simple" ns0:href="http://home.no.net/dmaurer/~dersch/gamma/gamma.html">interpol gamma correct</weblink>realworld system<link ns0:type="simple" ns0:href="../466/68466.xml">gamma correct</link>requir linear respons curv sensor display system account result nonlinear distort will defeat purpos antialias calcul base assumpt linear system respons</entry><entry level="1" type="bullet">french<weblink ns0:type="simple" ns0:href="http://www.astrosurf.com/luxorion/apn-anti-aliasing.htm">le rle du filtr antialias dan le apn function antialias filter dslr</weblink></entry></list></p></sec></bdy></artifact></article>