<article xmlns:ns0="http://www.w3.org/1999/xlink"><village confidence="0.9508927676800064" wordnetid="108672738"><city confidence="0.9511911446218017" wordnetid="108524735"><header><title>piqua ohio</title><id /><revision><id /><timestamp>tz</timestamp><contributor><username>bobo</username><id /></contributor></revision><categories><category>npov disput march</category><category>greater dayton</category><category>miami counti ohio</category><category>npov disput</category><category>citi ohio</category></categories></header><bdy><template><name>infobox settlement</name><parameters><blank1_name><link ns0:type="simple" ns0:href="../656/351656.xml">gni</link>featur</blank1_name><elevation_ft /><area_land_km2 /><longd /><elevation_footnotes><ref ns0:type="simple" ns0:href="#xpointer(//reflist/entry[@id=%226%22])" /></elevation_footnotes><postal_code_type><hallmark wordnetid="104732543" confidence="0.8"><characteristic wordnetid="104731497" confidence="0.8"><link ns0:type="simple" ns0:href="../550/51550.xml">zip code</link></characteristic></hallmark></postal_code_type><longm /><timezone><link ns0:type="simple" ns0:href="../028/496028.xml">eastern est</link></timezone><longs /><leader_name>thoma hudson</leader_name><settlement_type><link ns0:type="simple" ns0:href="../391/5391.xml">citi</link></settlement_type><utc_offset_DST /><official_name>piqua ohio</official_name><area_total_sq_mi /><population_density_sq_mi /><blank_name><link ns0:type="simple" ns0:href="../113/11113.xml">fip code</link></blank_name><lats /><map_caption>locat piqua ohio</map_caption><image_caption>aerial view piqua</image_caption><image_map>ohmapdotonpiquapng</image_map><population_as_of><link ns0:type="simple" ns0:href="../383/432383.xml" /></population_as_of><population_density_km2 /><latd /><population_total /><postal_code /><motto>vision realiti</motto><elevation_m /><latm /><area_land_sq_mi /><area_code><area_code wordnetid="106354626" confidence="0.8"><written_communication wordnetid="106349220" confidence="0.8"><writing wordnetid="106359877" confidence="0.8"><code wordnetid="106353934" confidence="0.8"><coding_system wordnetid="106353757" confidence="0.8"><link ns0:type="simple" ns0:href="../761/5972761.xml" /></coding_system></code></writing></written_communication></area_code></area_code><subdivision_type><link ns0:type="simple" ns0:href="../040/1779040.xml">countri</link></subdivision_type><blank1_info><ref ns0:type="simple" ns0:href="#xpointer(//reflist/entry[@id=%226%22])" /></blank1_info><subdivision_type2><link ns0:type="simple" ns0:href="../173/82173.xml">counti</link></subdivision_type2><subdivision_type1><subdivision wordnetid="108674251" confidence="0.8"><region wordnetid="108630985" confidence="0.8"><location wordnetid="100027167" confidence="0.8"><tract wordnetid="108673395" confidence="0.8"><geographical_area wordnetid="108574314" confidence="0.8"><link ns0:type="simple" ns0:href="../321/445321.xml" /></geographical_area></tract></location></region></subdivision></subdivision_type1><blank_info><ref ns0:type="simple" ns0:href="#xpointer(//reflist/entry[@id=%222%22])" /></blank_info><longEW /><timezone_DST>edt</timezone_DST><subdivision_name><body wordnetid="107965085" confidence="0.8"><social_group wordnetid="107950920" confidence="0.8"><political_orientation wordnetid="106212839" confidence="0.8"><colony wordnetid="108374049" confidence="0.8"><state wordnetid="108168978" confidence="0.8"><political_unit wordnetid="108359949" confidence="0.8"><group wordnetid="100031264" confidence="0.8"><democracy wordnetid="106217103" confidence="0.8"><link ns0:type="simple" ns0:href="../750/3434750.xml">unit</link></democracy></group></political_unit></state></colony></political_orientation></social_group></body></subdivision_name><latNS /><image_skyline>piqua eastjpg</image_skyline><website>httpwwwpiquaohorg</website><area_water_sq_mi /><mapsize>px</mapsize><area_water_km2 /><imagesize>px</imagesize><utc_offset /><unit_pref>imperi</unit_pref><leader_title><link ns0:type="simple" ns0:href="../146/101146.xml">mayor</link></leader_title><area_total_km2 /><subdivision_name1><region wordnetid="108630985" confidence="0.8"><administrative_district wordnetid="108491826" confidence="0.8"><location wordnetid="100027167" confidence="0.8"><district wordnetid="108552138" confidence="0.8"><country wordnetid="108544813" confidence="0.8"><link ns0:type="simple" ns0:href="../199/22199.xml">ohio</link></country></district></location></administrative_district></region></subdivision_name1><subdivision_name2><county wordnetid="108546183" confidence="0.9508927676800064"><link ns0:type="simple" ns0:href="../049/93049.xml">miami</link></county></subdivision_name2></parameters></template><p><b>piqua</b>citi<county wordnetid="108546183" confidence="0.9508927676800064"><link ns0:type="simple" ns0:href="../049/93049.xml">miami counti</link></county><region wordnetid="108630985" confidence="0.8"><administrative_district wordnetid="108491826" confidence="0.8"><location wordnetid="100027167" confidence="0.8"><district wordnetid="108552138" confidence="0.8"><country wordnetid="108544813" confidence="0.8"><link ns0:type="simple" ns0:href="../199/22199.xml">ohio</link></country></district></location></administrative_district></region><body wordnetid="107965085" confidence="0.8"><social_group wordnetid="107950920" confidence="0.8"><political_orientation wordnetid="106212839" confidence="0.8"><colony wordnetid="108374049" confidence="0.8"><state wordnetid="108168978" confidence="0.8"><political_unit wordnetid="108359949" confidence="0.8"><group wordnetid="100031264" confidence="0.8"><democracy wordnetid="106217103" confidence="0.8"><link ns0:type="simple" ns0:href="../750/3434750.xml">unit</link></democracy></group></political_unit></state></colony></political_orientation></social_group></body>popul<link ns0:type="simple" ns0:href="../383/432383.xml">censu</link><region wordnetid="108630985" confidence="0.8"><administrative_district wordnetid="108491826" confidence="0.8"><location wordnetid="100027167" confidence="0.8"><municipality wordnetid="108626283" confidence="0.8"><settlement wordnetid="108672562" confidence="0.8"><city wordnetid="108524735" confidence="0.8"><center wordnetid="108523483" confidence="0.8"><area wordnetid="108497294" confidence="0.8"><village wordnetid="108672738" confidence="0.8"><seat wordnetid="108647945" confidence="0.8"><geographical_area wordnetid="108574314" confidence="0.8"><county_seat wordnetid="108547143" confidence="0.8"><district wordnetid="108552138" confidence="0.8"><urban_area wordnetid="108675967" confidence="0.8"><link ns0:type="simple" ns0:href="../253/Intel_8253.xml">dayton</link></urban_area></district></county_seat></geographical_area></seat></village></area></center></city></settlement></municipality></location></administrative_district></region><link ns0:type="simple" ns0:href="../002/18580002.xml">metropolitan statist area</link></p><p>piqua citi experienc sever flood<misfortune wordnetid="114475405" confidence="0.8"><condition wordnetid="113920429" confidence="0.8"><state wordnetid="100024720" confidence="0.8"><catastrophe wordnetid="114476290" confidence="0.8"><adversity wordnetid="114475661" confidence="0.8"><fortune wordnetid="114473222" confidence="0.8"><link ns0:type="simple" ns0:href="../262/8940262.xml">great dayton flood</link></fortune></adversity></catastrophe></state></condition></misfortune>piqua pronounc local<it>pickwah</it><it>pickway</it></p><sec><st>geographi</st><p>piqua locat<weblink ns0:type="simple" ns0:href="http://stable.toolserver.org/geohack/geohack.php?pagename=Piqua%2C_Ohio params=40_8_51_N_84_14_53_W_city" /><ref ns0:type="simple" ns0:href="#xpointer(//reflist/entry[@id=%221%22])" /></p><p><agency wordnetid="108337324" confidence="0.9508927676800064"><link ns0:type="simple" ns0:href="../070/57070.xml">unit censu bureau</link></agency>citi total area<link ns0:type="simple" ns0:href="../945/88945.xml">squar mile</link><link />squar mile land squar mile water</p><p><river wordnetid="109411430" confidence="0.9508927676800064"><link ns0:type="simple" ns0:href="../025/553025.xml">great miami river</link></river>run piqua area south town east side river shawne</p></sec><sec><st>demograph</st><p><link ns0:type="simple" ns0:href="../889/6889.xml">censu</link><ref ns0:type="simple" ns0:href="#xpointer(//reflist/entry[@id=%222%22])" />peopl household famili resid citi<link ns0:type="simple" ns0:href="../608/128608.xml">popul densiti</link>peopl squar mile hous unit averag densiti sq mi racial makeup citi<link ns0:type="simple" ns0:href="../285/273285.xml">white</link><link ns0:type="simple" ns0:href="../285/273285.xml">african american</link><link ns0:type="simple" ns0:href="../285/273285.xml">nativ american</link><link ns0:type="simple" ns0:href="../285/273285.xml">asian</link><link ns0:type="simple" ns0:href="../285/273285.xml">race</link>race<link ns0:type="simple" ns0:href="../285/273285.xml">hispan</link><link ns0:type="simple" ns0:href="../285/273285.xml">latino</link>race popul</p><p>household children age live<link ns0:type="simple" ns0:href="../728/19728.xml">marri coupl</link>live femal household husband nonfamili household individu live year age older averag household size averag famili size</p><p>citi popul spread age year age older median age year femal male femal age male</p><p>median incom household citi median incom famili male median incom versu femal<link ns0:type="simple" ns0:href="../893/23893.xml">capita incom</link>citi famili popul<link ns0:type="simple" ns0:href="../584/170584.xml">poverti</link>includ age age</p></sec><sec><st>histori</st><p>offici incorpor piqua histori date previou settlement call fort<region wordnetid="108630985" confidence="0.8"><village wordnetid="108672738" confidence="0.8"><location wordnetid="100027167" confidence="0.8"><settlement wordnetid="108672562" confidence="0.8"><geographical_area wordnetid="108574314" confidence="0.8"><link ns0:type="simple" ns0:href="../955/3832955.xml">pickawillani</link></geographical_area></settlement></location></village></region>locat mile northeast citi<river wordnetid="109411430" confidence="0.9508927676800064"><link ns0:type="simple" ns0:href="../025/553025.xml">great miami river</link></river>intersect<stream wordnetid="109448361" confidence="0.8"><body_of_water wordnetid="109225146" confidence="0.8"><river wordnetid="109411430" confidence="0.8"><link ns0:type="simple" ns0:href="../691/5227691.xml">lorami creek</link></river></body_of_water></stream>piqua start separ commun upper piqua lower piqua commun rossvil incorpor piqua local africanamerican settlement randolph slave freed pass john randolph rossvil neighborhood randolph cemeteri locat northeast side river north counti road</p><p>piqua municipallyown<link ns0:type="simple" ns0:href="../347/207347.xml">nuclear power plant</link>oper earn short live nicknam atom citi period brand automot batteri piqua atom power plant manufactur market local</p><p>piqua believ refer shawne indian phrase othathhewaughpequa translat risen ash phrase mention paint nativ american rise flame tribe onlook amaz paint public display insid main offic uniti nation bank third save loan associ downtown piqua</p><p>piqua shawne nativ american histori namesak commun shawne found border east side river adjac downtown<railway wordnetid="104048568" confidence="0.8"><company wordnetid="108058098" confidence="0.8"><enterprise wordnetid="108056231" confidence="0.8"><carrier wordnetid="108057633" confidence="0.8"><business wordnetid="108061042" confidence="0.8"><institution wordnetid="108053576" confidence="0.8"><link ns0:type="simple" ns0:href="../965/320965.xml">pennsylvania railroad</link></institution></business></carrier></enterprise></company></railway>corridor merg<link ns0:type="simple" ns0:href="../220/235220.xml">penn central transport</link>subsequ<link ns0:type="simple" ns0:href="../844/1399844.xml">conrail</link>shawne long incorpor piqua piqua high school indian athlet team inspir local nativ american histori</p><p>piqua main street north southbound miami counti road ath<link ns0:type="simple" ns0:href="../027/752027.xml">highway</link><link ns0:type="simple" ns0:href="../130/343130.xml">dixi highway</link>run east shawne run citi cut town directli half main ash street converg piqua downtown run downtown east west<link ns0:type="simple" ns0:href="../844/1399844.xml">conrail</link>corridor origin<railway wordnetid="104048568" confidence="0.8"><company wordnetid="108058098" confidence="0.8"><enterprise wordnetid="108056231" confidence="0.8"><carrier wordnetid="108057633" confidence="0.8"><business wordnetid="108061042" confidence="0.8"><institution wordnetid="108053576" confidence="0.8"><link ns0:type="simple" ns0:href="../965/320965.xml">pennsylvania railroad</link></institution></business></carrier></enterprise></company></railway>twotrack throughway abandon bike trail summer linear park remain rail serv piqua north southbound<link ns0:type="simple" ns0:href="../283/222283.xml">baltimor ohio</link>oper<railway wordnetid="104048568" confidence="0.8"><company wordnetid="108058098" confidence="0.8"><enterprise wordnetid="108056231" confidence="0.8"><carrier wordnetid="108057633" confidence="0.8"><business wordnetid="108061042" confidence="0.8"><institution wordnetid="108053576" confidence="0.8"><link ns0:type="simple" ns0:href="../679/287679.xml">csx transport</link></institution></business></carrier></enterprise></company></railway>csxt</p><p>long downtown fixtur orrstatl build corner main high street erect year hous defunct fort piqua hotel close build provid temporari piqua nation bank move newer build build joe thoma son jewel local merchant locat busi build year year disrepair neglect build current undergo long await major interior renov will piqua public librari complet</p><p><weblink ns0:type="simple" ns0:href="http://www.dailycall.com/main.asp?SectionID=86 SubSectionID=164 articleID=148859">piqua daili call stori</weblink>date tuesday august renov build will renamedreded fort piqua plaza offici dedic schedul sunday octob<weblink ns0:type="simple" ns0:href="http://www.piquaoh.org/spirit_summer_2008.pdf">piqua spirit summer newslett</weblink>link citi offici websit dedic activi plan lead wednesday octob commemor origin dedic place</p></sec><sec><st>school</st><p><table class="metadata plainlinks ambox "><row><col>amboxcont style</col></row><row><col class="mbox-image"><p><image width="40px" src="Unbalanced_scales.svg" /></p></col><col style="" class="mbox-text"><b />discuss<it>march</it>remov messag</col></row></table>piqua junior high school won<link ns0:type="simple" ns0:href="../548/34548.xml" /><link ns0:type="simple" ns0:href="../551/34551.xml" />ohio<event wordnetid="100029378" confidence="0.8"><social_event wordnetid="107288639" confidence="0.8"><contest wordnetid="107456188" confidence="0.8"><psychological_feature wordnetid="100023100" confidence="0.8"><link ns0:type="simple" ns0:href="../503/665503.xml">scienc olympiad</link></psychological_feature></contest></social_event></event><link ns0:type="simple" ns0:href="../502/35502.xml" />second team advanc eastern washington univers nation place spirit award univers colorado colorado spring univers delawar nation piqua junior high school won<link ns0:type="simple" ns0:href="../984/35984.xml" />ohio<event wordnetid="100029378" confidence="0.8"><social_event wordnetid="107288639" confidence="0.8"><contest wordnetid="107456188" confidence="0.8"><psychological_feature wordnetid="100023100" confidence="0.8"><link ns0:type="simple" ns0:href="../503/665503.xml">scienc olympiad</link></psychological_feature></contest></social_event></event>advanc nation held univers illinoi urbanachampaign<link ns0:type="simple" ns0:href="../684/19684.xml" /><village wordnetid="108672738" confidence="0.9508927676800064"><link ns0:type="simple" ns0:href="../121/129121.xml">solon</link></village>middl school runner repres ohio middl school team piqua scienc olympiad team oldest establish ohio</p><p>piqua high school choir perform well year receiv grand champion firstrunnerup award ohio competit direct tom westfal ph choral depart earn rate omea competit thirti year piqua high school march band pride piqua won championship current member program current rejuven director mitch mahaney focu teach elementari age kid fundament band piqua biggest high school rival trojan troy commun mile south citi piqua</p><p>piqua high school footbal team name divis ii champ season</p><p>piqua school compet greater western ohio confer gwoc north divis piqua troy trotwood vandalia sidney northmont sport piqua high school footbal menswomen basketbal menswomen soccer menswomen tenni volleybal bowl golf basebal softbal menswomen cross countri track field wrestl swim cheerlead gymnast</p><p>school piqua citi school district grade nicklin learn center favorit hill primari high street primari springcreek primari washington intermedi wilder intermedi bennett intermedi piqua junior high piqua high school</p><p>piqua school earn effect rate ohio school year school year piqua citi school maintain effect rate earn indic</p></sec><sec><st>colleg</st><p>piqua edison commun colleg edison open squar foot addit campu complet collabor<weblink ns0:type="simple" ns0:href="http://www.thecollaborativeinc.com">httpwwwthecollaborativeinccom</weblink>architect landscap architect interior design toledo build region center excel rce academ student life center rce hous classroom seminar room librari learn center cyber cafe multifunct lobbi</p><p>build leed certifi green build council edison colleg congratul achiev leed certif rick fedrizzi presid ceo found chair green build council certif region center excel send messag edison care health build student employe everyon comfort safeti wellb will benefit fresh air natur day light</p><p>region center excel won aia ohio honor award</p><p>colleg satellit locat<county wordnetid="108546183" confidence="0.9508927676800064"><link ns0:type="simple" ns0:href="../126/93126.xml">dark counti</link></county><village wordnetid="108672738" confidence="0.9508927676800064"><link ns0:type="simple" ns0:href="../626/129626.xml">tipp citi</link></village></p></sec><sec><st>famou resid</st><p><list><entry level="1" type="bullet"><physical_entity wordnetid="100001930" confidence="0.8"><person wordnetid="100007846" confidence="0.8"><superior wordnetid="110676018" confidence="0.8"><intellectual wordnetid="109621545" confidence="0.8"><adult wordnetid="109605289" confidence="0.8"><health_professional wordnetid="110165109" confidence="0.8"><professional wordnetid="110480253" confidence="0.8"><educator wordnetid="110045713" confidence="0.8"><doctor wordnetid="110020890" confidence="0.8"><supervisor wordnetid="110676877" confidence="0.8"><medical_practitioner wordnetid="110305802" confidence="0.8"><leader wordnetid="109623038" confidence="0.8"><alumnus wordnetid="109786338" confidence="0.8"><causal_agent wordnetid="100007347" confidence="0.8"><overseer wordnetid="110388732" confidence="0.8"><scholar wordnetid="110557854" confidence="0.8"><link ns0:type="simple" ns0:href="../331/5820331.xml">joseph pomeroy widney</link></scholar></overseer></causal_agent></alumnus></leader></medical_practitioner></supervisor></doctor></educator></professional></health_professional></adult></intellectual></superior></person></physical_entity>centuri renaiss man born rais piqua move<link ns0:type="simple" ns0:href="../520/62520.xml">southern california</link>multipl skill politican physician physicist land realtor academ scholar anthropologist earn reput father southern california</entry><entry level="1" type="bullet"><link>matt fink</link><link ns0:type="simple" ns0:href="../475/492475.xml">lineback</link><university wordnetid="108286163" confidence="0.9508927676800064"><link ns0:type="simple" ns0:href="../217/22217.xml">ohio</link></university><association wordnetid="108049401" confidence="0.8"><club wordnetid="108227214" confidence="0.8"><team wordnetid="108208560" confidence="0.8"><link ns0:type="simple" ns0:href="../721/21721.xml">york jet</link></team></club></association><ref ns0:type="simple" ns0:href="#xpointer(//reflist/entry[@id=%223%22])" /></entry><entry level="1" type="bullet">jazz musician<group wordnetid="100031264" confidence="0.8"><link ns0:type="simple" ns0:href="../749/704749.xml">mill brother</link></group>induct<music_hall wordnetid="103801533" confidence="0.8"><structure wordnetid="104341686" confidence="0.8"><building wordnetid="102913152" confidence="0.8"><artifact wordnetid="100021939" confidence="0.8"><symbol wordnetid="106806469" confidence="0.8"><award wordnetid="106696483" confidence="0.8"><theater wordnetid="104417809" confidence="0.8"><signal wordnetid="106791372" confidence="0.8"><link ns0:type="simple" ns0:href="../378/421378.xml">vocal group hall fame</link></signal></theater></award></symbol></artifact></building></structure></music_hall>born piqua</entry><entry level="1" type="bullet"><military_action wordnetid="100952963" confidence="0.8"><group_action wordnetid="101080366" confidence="0.8"><event wordnetid="100029378" confidence="0.8"><conflict wordnetid="100958896" confidence="0.8"><act wordnetid="100030358" confidence="0.8"><psychological_feature wordnetid="100023100" confidence="0.8"><war wordnetid="100973077" confidence="0.8"><link ns0:type="simple" ns0:href="../927/32927.xml">war ii</link></war></psychological_feature></act></conflict></event></group_action></military_action>ace<link ns0:type="simple" ns0:href="../710/765710.xml">don gentil</link></entry><entry level="1" type="bullet">posthum<award wordnetid="106696483" confidence="0.9508927676800064"><link ns0:type="simple" ns0:href="../330/161330.xml">medal honor</link></award>awarde<link ns0:type="simple" ns0:href="../135/2273135.xml">william pitsenbarg</link>recogn action<work wordnetid="100575741" confidence="0.8"><military_unit wordnetid="108198398" confidence="0.8"><event wordnetid="100029378" confidence="0.8"><service wordnetid="100577525" confidence="0.8"><force wordnetid="108208016" confidence="0.8"><military_service wordnetid="108198137" confidence="0.8"><act wordnetid="100030358" confidence="0.8"><psychological_feature wordnetid="100023100" confidence="0.8"><activity wordnetid="100407535" confidence="0.8"><air_force wordnetid="108196024" confidence="0.8"><link ns0:type="simple" ns0:href="../090/32090.xml">air forc</link></air_force></activity></psychological_feature></act></military_service></force></service></event></military_unit></work><link ns0:type="simple" ns0:href="../018/2259018.xml">pararescueman</link><conflict wordnetid="100958896" confidence="0.9508927676800064"><link ns0:type="simple" ns0:href="../611/32611.xml">vietnam war</link></conflict></entry><entry level="1" type="bullet"><link ns0:type="simple" ns0:href="../694/8853694.xml">william mcculloch</link>lawyer unit senat member champion republican support civil right congress</entry><entry level="1" type="bullet"><physical_entity wordnetid="100001930" confidence="0.8"><person wordnetid="100007846" confidence="0.8"><football_player wordnetid="110101634" confidence="0.8"><player wordnetid="110439851" confidence="0.8"><contestant wordnetid="109613191" confidence="0.8"><lineman wordnetid="110263411" confidence="0.8"><causal_agent wordnetid="100007347" confidence="0.8"><tackle wordnetid="110688070" confidence="0.8"><athlete wordnetid="109820263" confidence="0.8"><link ns0:type="simple" ns0:href="../332/8687332.xml">quinn pitcock</link></athlete></tackle></causal_agent></lineman></contestant></player></football_player></person></physical_entity>start defens tackl<link ns0:type="simple" ns0:href="../172/6000172.xml">ohio univers</link>footbal team retir member<association wordnetid="108049401" confidence="0.8"><club wordnetid="108227214" confidence="0.8"><team wordnetid="108208560" confidence="0.8"><link ns0:type="simple" ns0:href="../049/15049.xml">indianapoli colt</link></team></club></association></entry><entry level="1" type="bullet"><physical_entity wordnetid="100001930" confidence="0.8"><person wordnetid="100007846" confidence="0.8"><player wordnetid="110439851" confidence="0.8"><contestant wordnetid="109613191" confidence="0.8"><causal_agent wordnetid="100007347" confidence="0.8"><link ns0:type="simple" ns0:href="../773/15335773.xml">brandon sain</link></causal_agent></contestant></player></person></physical_entity><link ns0:type="simple" ns0:href="../206/8243206.xml">ohio footbal award</link>winner current run<link ns0:type="simple" ns0:href="../172/6000172.xml">ohio univers</link>footbal team</entry><entry level="1" type="bullet"><physical_entity wordnetid="100001930" confidence="0.8"><person wordnetid="100007846" confidence="0.8"><player wordnetid="110439851" confidence="0.8"><contestant wordnetid="109613191" confidence="0.8"><intellectual wordnetid="109621545" confidence="0.8"><alumnus wordnetid="109786338" confidence="0.8"><winner wordnetid="110782940" confidence="0.8"><causal_agent wordnetid="100007347" confidence="0.8"><scholar wordnetid="110557854" confidence="0.8"><medalist wordnetid="110305062" confidence="0.8"><link ns0:type="simple" ns0:href="../660/4873660.xml">kristin king</link></medalist></scholar></causal_agent></winner></alumnus></intellectual></contestant></player></person></physical_entity>player bronz medal win<link ns0:type="simple" ns0:href="../430/1690430.xml">ladi hockey team</link><link ns0:type="simple" ns0:href="../743/77743.xml">winter olymp</link></entry><entry level="1" type="bullet"><link ns0:type="simple" ns0:href="../228/19648228.xml">scott oglesbe</link>pianist perform artist kawia piano corpor kimbal organ divis<weblink ns0:type="simple" ns0:href="http://skmusicproductions.com">httpskmusicproductionscom</weblink></entry><entry level="1" type="bullet"><link>matt bogart</link>star broadway theater includ saigon civil war smokey joe cafe aida<ref ns0:type="simple" ns0:href="#xpointer(//reflist/entry[@id=%224%22])" /></entry><entry level="1" type="bullet">divis ii footbal ohio champ<ref ns0:type="simple" ns0:href="#xpointer(//reflist/entry[@id=%225%22])" /></entry><entry level="1" type="bullet"><link ns0:type="simple" ns0:href="../623/5304623.xml">scott phillip</link>best host syndic program<weblink ns0:type="simple" ns0:href="http://www.americanwoodshop.org">american woodshop</weblink>air american public televis</entry><entry level="1" type="bullet"><physical_entity wordnetid="100001930" confidence="0.8"><person wordnetid="100007846" confidence="0.8"><intellectual wordnetid="109621545" confidence="0.8"><adult wordnetid="109605289" confidence="0.8"><lawgiver wordnetid="110249270" confidence="0.8"><professional wordnetid="110480253" confidence="0.8"><politician wordnetid="110451263" confidence="0.8"><leader wordnetid="109623038" confidence="0.8"><alumnus wordnetid="109786338" confidence="0.8"><causal_agent wordnetid="100007347" confidence="0.8"><senator wordnetid="110578471" confidence="0.8"><lawyer wordnetid="110249950" confidence="0.8"><legislator wordnetid="110253995" confidence="0.8"><scholar wordnetid="110557854" confidence="0.8"><link ns0:type="simple" ns0:href="../116/11453116.xml">hiram smith</link></scholar></legislator></lawyer></senator></causal_agent></alumnus></leader></politician></professional></lawgiver></adult></intellectual></person></physical_entity>lawyer<link ns0:type="simple" ns0:href="../510/19468510.xml">repres</link><region wordnetid="108630985" confidence="0.8"><administrative_district wordnetid="108491826" confidence="0.8"><location wordnetid="100027167" confidence="0.8"><district wordnetid="108552138" confidence="0.8"><country wordnetid="108544813" confidence="0.8"><link ns0:type="simple" ns0:href="../589/14589.xml">iowa</link></country></district></location></administrative_district></region></entry><entry level="1" type="bullet"><link ns0:type="simple" ns0:href="../817/906817.xml">william lear</link>inventor businessman founder lear avia</entry><entry level="1" type="bullet">fiction<link>georg beard harold hutchin captain underp</link>charact<work wordnetid="104599396" confidence="0.8"><product wordnetid="104007894" confidence="0.8"><creation wordnetid="103129123" confidence="0.8"><artifact wordnetid="100021939" confidence="0.8"><literary_composition wordnetid="106364329" confidence="0.8"><book wordnetid="106410904" confidence="0.8"><written_communication wordnetid="106349220" confidence="0.8"><writing wordnetid="106362953" confidence="0.8"><fiction wordnetid="106367107" confidence="0.8"><novel wordnetid="106367879" confidence="0.8"><publication wordnetid="106589574" confidence="0.8"><link ns0:type="simple" ns0:href="../255/189255.xml">captain underp</link></publication></novel></fiction></writing></written_communication></book></literary_composition></artifact></creation></product></work>seri epic novel<person wordnetid="100007846" confidence="0.9508927676800064"><writer wordnetid="110794014" confidence="0.9173553029164789"><link ns0:type="simple" ns0:href="../286/189286.xml">dav pilkey</link></writer></person></entry></list></p></sec><sec><st>economi</st><p><list><entry level="1" type="bullet">citi piqua hartzel propel lead produc small aircraft propel</entry><entry level="1" type="bullet">evenflo piqua questor juvenil furnitur lead manufactur infant toddler car seat piqua lead employ industri</entry><entry level="1" type="bullet">late southwest ohio heart flaxse grow area linse oil mill piqua flaxse crush extract veget oil name linse oil flax fiber cloth paper oil varieti industri linoleum linse oil binder veget oil mill piqua burn downa common fate wooden build soak veget oiland owner american linse oil compani dispatch alfr willard french chief engin brooklyn ny organ supervis rebuild oil mill</entry><entry level="1" type="bullet">rebuild linse oil mill alfr french includ machin invent patent cake trimmer purchas modern equip met lead citizen piqua impress engin graduat massachusett institut technolog three year entrepreneuri spirit decid invest compani want start</entry><entry level="1" type="bullet">french oil mill machineri compani found alfr french presid improv oil mill machineri compani export patent rug veget oil mill extract machineri today compani custom countri serv veget oil extract market press seed soybean cottonse rapese canola addit compani leader synthet rubber dewat dri machineri hydraul mold press rubber thermoplast composit materi</entry><entry level="1" type="bullet">citi major center underwear product late yearli outdoor underwear festiv held downtown shortli demis demolit factori own medalistallen direct descend atla underwear compani heritag green park occupi factori site</entry><entry level="1" type="bullet">val decker pack compani oper local produc ham hot dog meat lard taglin piqual larg red steel can contain lard product soughtaft collector item build hous meat pack plant renov piqua board educ small busi</entry><entry level="1" type="bullet">prosper industri citi piqua area surround downtown larg mansion home notabl leo flesh mansion built chateauesqu style loom surround build neighborhood</entry><entry level="1" type="bullet">piqua mall miami valley centr open renov mid anchor store includ jc penney elder beerman sear steve barri</entry><entry level="1" type="bullet">miami valley cross piqua east mall open redesign updat late plaza anchor store wg grinder walmart jo ann fabric el sombrero restaur depot</entry><entry level="1" type="bullet">local festiv held downtown tast art attract area artist local restaur tourist alik held yearli christma green held yearli christma shop season</entry><entry level="1" type="bullet">piqua heritag festiv held yearli event held site col john johnston farm aka piqua histor area labor day weekend draw historian nativ american tribe tourist alik restor segment miamieri canal locat site north citi rout</entry></list></p></sec><sec><st>trivia</st><p><list><entry level="1" type="bullet">piqua miami valley centr mall site audit contest<network wordnetid="108434259" confidence="0.9508927676800064"><link ns0:type="simple" ns0:href="../780/21780.xml">nbc</link></network>tv<link ns0:type="simple" ns0:href="../308/1189308.xml">deal deal</link>saturday april estim peopl come piqua neighbor commun ohio earli pm even place saturday morn audit</entry></list></p><p><list><entry level="1" type="bullet">meteor motor car compani millermeteor divis richmond indianabas school bu manufactur wayn corpor independ record label phonograph manufactur afterward millermeteor produc ambul hears close</entry></list></p><p><list><entry level="1" type="bullet">statu top miami counti courthous locat<village wordnetid="108672738" confidence="0.9508927676800064"><link ns0:type="simple" ns0:href="../627/129627.xml">troy ohio</link></village>face south consequ figur rear face piqua includ design piqua fail attempt counti seat miami counti</entry></list></p></sec><sec><st>refer</st><p><reflist><entry id="1"><weblink ns0:type="simple" ns0:href="http://www.census.gov/geo/www/gazetteer/gazette.html">gazett file</weblink><agency wordnetid="108337324" confidence="0.9508927676800064"><link ns0:type="simple" ns0:href="../070/57070.xml">unit censu bureau</link></agency><link />retriev<link /></entry><entry id="2"><weblink ns0:type="simple" ns0:href="http://factfinder.census.gov">american factfind</weblink><agency wordnetid="108337324" confidence="0.9508927676800064"><link ns0:type="simple" ns0:href="../070/57070.xml">unit censu bureau</link></agency>retriev<link /></entry><entry id="3"><weblink ns0:type="simple" ns0:href="http://www.databasefootball.com/players/playerpage.htm?ilkid=FINKEMAT01">matt fink stat statist histori award</weblink>databasefootballcom access<link /></entry><entry id="4">wwwmattbogartcom</entry><entry id="5"><weblink ns0:type="simple" ns0:href="http://www.piquafootball.com/">piquafootballcom piqua indian footbal</weblink></entry><entry id="6"><weblink ns0:type="simple" ns0:href="http://geonames.usgs.gov">board geograph name</weblink><agency wordnetid="108337324" confidence="0.9508927676800064"><link ns0:type="simple" ns0:href="../640/191640.xml">unit geolog survey</link></agency><link />retriev<link /></entry></reflist></p></sec><sec><st>extern link</st><p><list><entry level="1" type="bullet"><weblink ns0:type="simple" ns0:href="http://www.piquaoh.org/">offici websit</weblink></entry><entry level="1" type="bullet"><weblink ns0:type="simple" ns0:href="http://www.mainstreetpiqua.com">mainstreet piqua websit</weblink></entry><entry level="1" type="bullet"><weblink ns0:type="simple" ns0:href="http://skmusicproductions.com/">piqua entertain</weblink></entry><entry level="1" type="bullet"><weblink ns0:type="simple" ns0:href="http://www.piquaheritagefestival.com">piqua heritag festiv websit</weblink></entry></list></p><p><list><entry level="1" type="bullet">piqua ohio coordin<weblink ns0:type="simple" ns0:href="http://stable.toolserver.org/geohack/geohack.php?pagename=Piqua%2C_Ohio params=40.147474_N_-84.247968_E_type:city_region:US title=Piqua%2C+Ohio">xfeff piqua ohio</weblink><link ns0:type="simple" ns0:href="../361/48361.xml">coordin</link><weblink ns0:type="simple" ns0:href="http://stable.toolserver.org/geohack/geohack.php?pagename=Piqua%2C_Ohio params=40.147474_N_-84.247968_E_type:city_region:US title=Piqua%2C+Ohio">xfeff piqua ohio</weblink></entry></list></p><p><table style=";" class="navbox" cellspacing="0"><row><col style="padding:2px;"><table style="width:100%;background:transparent;color:inherit;;" class="nowraplinks collapsible autocollapse " cellspacing="0"><row><header colspan="3" style=";background:#ccccff;" class="navbox-title">municip commun<county wordnetid="108546183" confidence="0.9508927676800064"><link ns0:type="simple" ns0:href="../049/93049.xml">miami counti</link></county><region wordnetid="108630985" confidence="0.8"><administrative_district wordnetid="108491826" confidence="0.8"><location wordnetid="100027167" confidence="0.8"><district wordnetid="108552138" confidence="0.8"><country wordnetid="108544813" confidence="0.8"><link ns0:type="simple" ns0:href="../199/22199.xml">ohio</link></country></district></location></administrative_district></region></header></row><row style="height:2px;" /><row><col colspan="3" style=";background:#ccccff;" class="navbox-abovebelow"><link ns0:type="simple" ns0:href="../509/51509.xml">counti seat</link><b><village wordnetid="108672738" confidence="0.9508927676800064"><link ns0:type="simple" ns0:href="../627/129627.xml">troy</link></village></b></col></row><row style="height:2px;" /><row><col style=";background:#ccccff;;" class="navbox-group"><link ns0:type="simple" ns0:href="../391/5391.xml">citi</link></col><col style="text-align:left;border-left:2px solid #fdfdfd;width:100%;padding:0px;;;" class="navbox-list navbox-odd"><p><village wordnetid="108672738" confidence="0.9508927676800064"><link ns0:type="simple" ns0:href="../641/129641.xml">clayton</link></village><village wordnetid="108672738" confidence="0.9508927676800064"><link ns0:type="simple" ns0:href="../930/150930.xml">huber height</link></village><village wordnetid="108672738" confidence="0.9508927676800064"><link ns0:type="simple" ns0:href="../623/129623.xml">piqua</link></village><village wordnetid="108672738" confidence="0.9508927676800064"><link ns0:type="simple" ns0:href="../626/129626.xml">tipp citi</link></village><village wordnetid="108672738" confidence="0.9508927676800064"><link ns0:type="simple" ns0:href="../627/129627.xml">troy</link></village><village wordnetid="108672738" confidence="0.9508927676800064"><link ns0:type="simple" ns0:href="../931/150931.xml">union</link></village></p></col><col style="width:0%;padding:0px 0px 0px 2px;" rowspan="7"><image location="center" width="80px" src="Map_of_Ohio_highlighting_Miami_County.svg"><caption>map ohio highlight miami counti</caption></image></col></row><row style="height:2px" /><row><col style=";background:#ccccff;;" class="navbox-group"><link ns0:type="simple" ns0:href="../509/53509.xml">villag</link></col><col style="text-align:left;border-left:2px solid #fdfdfd;width:100%;padding:0px;;;" class="navbox-list navbox-even"><p><village wordnetid="108672738" confidence="0.9508927676800064"><link ns0:type="simple" ns0:href="../894/150894.xml">bradford</link></village><village wordnetid="108672738" confidence="0.9508927676800064"><link ns0:type="simple" ns0:href="../616/129616.xml">casstown</link></village><village wordnetid="108672738" confidence="0.9508927676800064"><link ns0:type="simple" ns0:href="../617/129617.xml">covington</link></village><village wordnetid="108672738" confidence="0.9508927676800064"><link ns0:type="simple" ns0:href="../620/129620.xml">fletcher</link></village><village wordnetid="108672738" confidence="0.9508927676800064"><link ns0:type="simple" ns0:href="../621/129621.xml">laura</link></village><village wordnetid="108672738" confidence="0.9508927676800064"><link ns0:type="simple" ns0:href="../622/129622.xml">ludlow fall</link></village><village wordnetid="108672738" confidence="0.9508927676800064"><link ns0:type="simple" ns0:href="../624/129624.xml">pleasant hill</link></village><village wordnetid="108672738" confidence="0.9508927676800064"><link ns0:type="simple" ns0:href="../625/129625.xml">potsdam</link></village><region wordnetid="108630985" confidence="0.8"><village wordnetid="108672738" confidence="0.8"><location wordnetid="100027167" confidence="0.8"><settlement wordnetid="108672562" confidence="0.8"><geographical_area wordnetid="108574314" confidence="0.8"><link ns0:type="simple" ns0:href="../629/129629.xml">west milton</link></geographical_area></settlement></location></village></region></p></col></row><row style="height:2px" /><row><col style=";background:#ccccff;;" class="navbox-group"><region wordnetid="108630985" confidence="0.8"><township wordnetid="108672199" confidence="0.8"><administrative_district wordnetid="108491826" confidence="0.8"><location wordnetid="100027167" confidence="0.8"><district wordnetid="108552138" confidence="0.8"><link ns0:type="simple" ns0:href="../237/385237.xml">township</link></district></location></administrative_district></township></region></col><col style="text-align:left;border-left:2px solid #fdfdfd;width:100%;padding:0px;;;" class="navbox-list navbox-odd"><p><village wordnetid="108672738" confidence="0.9508927676800064"><link ns0:type="simple" ns0:href="../360/2768360.xml">bethel</link></village><village wordnetid="108672738" confidence="0.9508927676800064"><link ns0:type="simple" ns0:href="../954/9272954.xml">brown</link></village><village wordnetid="108672738" confidence="0.9508927676800064"><link ns0:type="simple" ns0:href="../958/9272958.xml">concord</link></village><village wordnetid="108672738" confidence="0.9508927676800064"><link ns0:type="simple" ns0:href="../962/9272962.xml">elizabeth</link></village><region wordnetid="108630985" confidence="0.8"><township wordnetid="108672199" confidence="0.8"><administrative_district wordnetid="108491826" confidence="0.8"><location wordnetid="100027167" confidence="0.8"><district wordnetid="108552138" confidence="0.8"><link ns0:type="simple" ns0:href="../967/9272967.xml">lost creek</link></district></location></administrative_district></township></region><village wordnetid="108672738" confidence="0.9508927676800064"><link ns0:type="simple" ns0:href="../970/9272970.xml">monro</link></village><village wordnetid="108672738" confidence="0.9508927676800064"><link ns0:type="simple" ns0:href="../973/9272973.xml">newberri</link></village><village wordnetid="108672738" confidence="0.9508927676800064"><link ns0:type="simple" ns0:href="../974/9272974.xml">newton</link></village><village wordnetid="108672738" confidence="0.9508927676800064"><link ns0:type="simple" ns0:href="../979/9272979.xml">spring creek</link></village><village wordnetid="108672738" confidence="0.9508927676800064"><link ns0:type="simple" ns0:href="../983/9272983.xml">staunton</link></village><village wordnetid="108672738" confidence="0.9508927676800064"><link ns0:type="simple" ns0:href="../989/9272989.xml">union</link></village><village wordnetid="108672738" confidence="0.9508927676800064"><link ns0:type="simple" ns0:href="../995/9272995.xml">washington</link></village></p></col></row><row style="height:2px" /><row><col style=";background:#ccccff;;" class="navbox-group"><work wordnetid="100575741" confidence="0.8"><examination wordnetid="100635850" confidence="0.8"><event wordnetid="100029378" confidence="0.8"><survey wordnetid="100644503" confidence="0.8"><investigation wordnetid="100633864" confidence="0.8"><act wordnetid="100030358" confidence="0.8"><psychological_feature wordnetid="100023100" confidence="0.8"><activity wordnetid="100407535" confidence="0.8"><link ns0:type="simple" ns0:href="../346/232346.xml">unincorpor commun</link></activity></psychological_feature></act></investigation></survey></event></examination></work></col><col style="text-align:left;border-left:2px solid #fdfdfd;width:100%;padding:0px;;;" class="navbox-list navbox-even"><p><social_group wordnetid="107950920" confidence="0.8"><gathering wordnetid="107975026" confidence="0.8"><community wordnetid="108223802" confidence="0.8"><group wordnetid="100031264" confidence="0.8"><link ns0:type="simple" ns0:href="../031/9568031.xml">brandt</link></group></community></gathering></social_group><social_group wordnetid="107950920" confidence="0.8"><gathering wordnetid="107975026" confidence="0.8"><community wordnetid="108223802" confidence="0.8"><group wordnetid="100031264" confidence="0.8"><link ns0:type="simple" ns0:href="../574/9612574.xml">conov</link></group></community></gathering></social_group><social_group wordnetid="107950920" confidence="0.8"><gathering wordnetid="107975026" confidence="0.8"><community wordnetid="108223802" confidence="0.8"><group wordnetid="100031264" confidence="0.8"><link ns0:type="simple" ns0:href="../181/9568181.xml">phoneton</link></group></community></gathering></social_group><social_group wordnetid="107950920" confidence="0.8"><gathering wordnetid="107975026" confidence="0.8"><community wordnetid="108223802" confidence="0.8"><group wordnetid="100031264" confidence="0.8"><link ns0:type="simple" ns0:href="../356/9569356.xml">west charleston</link></group></community></gathering></social_group></p></col></row></table></col></row></table></p></sec></bdy></city></village></article>