<article xmlns:ns0="http://www.w3.org/1999/xlink"><header><title>primogenitur</title><id /><revision><id /><timestamp>tz</timestamp><contributor><username>joseph soli australia</username><id /></contributor></revision><categories><category>need cleanup</category><category>articl lack reliabl refer</category><category>legal histori</category><category>cleanup januari</category><category>inherit</category><category>real properti law</category></categories></header><bdy><table class="metadata plainlinks ambox "><row><col>amboxcont style</col></row><row><col class="mbox-image"><p><image width="40x40px" src="Ambox_content.png" /></p></col><col style="" class="mbox-text"><p>articl multipl issu help<weblink ns0:type="simple" ns0:href="http://localhost:18088/wiki/index.php?title=Primogeniture action=edit">improv articl</weblink>discuss issu<list><entry level="1" type="bullet">addit tag</entry><entry level="1" type="bullet">requir gener meet wikipedia tag januari</entry></list></p></col></row></table><p>primogenitur<link ns0:type="simple" ns0:href="../254/5254.xml">common law</link><link ns0:type="simple" ns0:href="../321/4457321.xml">firstborn</link>son inherit entir<link ns0:type="simple" ns0:href="../838/757838.xml">estat</link>exclus younger sibl tradit brought<ethnic_group wordnetid="107967382" confidence="0.8"><group wordnetid="100031264" confidence="0.8"><link ns0:type="simple" ns0:href="../727/21727.xml">norman</link></group></ethnic_group>normandi<country wordnetid="108544813" confidence="0.9508927676800064"><link ns0:type="simple" ns0:href="../316/9316.xml">england</link></country><link ns0:type="simple" ns0:href="../054/35054.xml" />norman tradit firstborn son inherit entireti parent wealth estat titl offic absenc children inherit pass collater rel order<link ns0:type="simple" ns0:href="../355/454355.xml">senior</link>collater</p><p>larg number younger son british<link ns0:type="simple" ns0:href="../671/37671.xml">aristocraci</link>emigr coloni<region wordnetid="108630039" confidence="0.8"><location wordnetid="100027167" confidence="0.8"><link ns0:type="simple" ns0:href="../553/179553.xml">southern unit</link></location></region>replic<link ns0:type="simple" ns0:href="../862/20862.xml">manori system</link>england monetari settlement receiv incorpor element<link ns0:type="simple" ns0:href="../989/997989.xml">barbadian</link><link ns0:type="simple" ns0:href="../010/1653010.xml">plantat system</link></p><p>variat primogenitur reduc elimin<link ns0:type="simple" ns0:href="#xpointer(//*[./st=%22Preference+for+males%22])">prefer male</link><link ns0:type="simple" ns0:href="../685/5756685.xml">monarchi europ</link><autocracy wordnetid="108361001" confidence="0.8"><social_group wordnetid="107950920" confidence="0.8"><political_orientation wordnetid="106212839" confidence="0.8"><monarchy wordnetid="108363812" confidence="0.8"><political_system wordnetid="108367880" confidence="0.8"><group wordnetid="100031264" confidence="0.8"><democracy wordnetid="106217103" confidence="0.8"><link ns0:type="simple" ns0:href="../739/5058739.xml">sweden</link></democracy></group></political_system></monarchy></political_orientation></social_group></autocracy><system wordnetid="108435388" confidence="0.8"><economy wordnetid="108366753" confidence="0.8"><group wordnetid="100031264" confidence="0.8"><link ns0:type="simple" ns0:href="../148/21148.xml">netherland</link></group></economy></system><system wordnetid="108435388" confidence="0.8"><economy wordnetid="108366753" confidence="0.8"><group wordnetid="100031264" confidence="0.8"><link ns0:type="simple" ns0:href="../241/21241.xml">norway</link></group></economy></system><country wordnetid="108544813" confidence="0.9508927676800064"><link ns0:type="simple" ns0:href="../343/3343.xml">belgium</link></country>elimin prefer chang<link ns0:type="simple" ns0:href="#xpointer(//*[./st=%22Absolute+primogeniture%22])">absolut primogenitur</link></p><sec><st>definit</st><p>type marriag preval cultur play crucial role adopt differ primogenitur christian europ church monopoli power sanction marriag discourag polygami divorc remarriag consequ europ extrem difficult ensur success sole direct male direct offspr islam india orient cultur religion sanction practic polygami consort power sanction marriag consequ monarch ensur suffici number male offspr confirm succes cultur femal head rare nonexist japan meiji emperor femal consort current system mandat heir throne male current male grand child current emperor</p><ss1><st>absolut primogenitur</st><p>absolut equal lineal primogenitur inherit oldest surviv child regard gender full cognat primogenitur today form primogenitur practic monarchi<ref ns0:type="simple" ns0:href="#xpointer(//reflist/entry[@id=%221%22])" /></p><p><autocracy wordnetid="108361001" confidence="0.8"><social_group wordnetid="107950920" confidence="0.8"><political_orientation wordnetid="106212839" confidence="0.8"><monarchy wordnetid="108363812" confidence="0.8"><political_system wordnetid="108367880" confidence="0.8"><group wordnetid="100031264" confidence="0.8"><democracy wordnetid="106217103" confidence="0.8"><link ns0:type="simple" ns0:href="../739/5058739.xml">sweden</link></democracy></group></political_system></monarchy></political_orientation></social_group></autocracy>revis<link ns0:type="simple" ns0:href="../253/5253.xml">constitut</link>adopt royal success absolut primogenitur<link ns0:type="simple" ns0:href="../640/34640.xml" />displac king<sovereign wordnetid="110628644" confidence="0.9508927676800064"><person wordnetid="100007846" confidence="0.9508927676800064"><link ns0:type="simple" ns0:href="../743/104743.xml">carl xvi gustaf</link></person></sovereign>son<link ns0:type="simple" ns0:href="../501/439501.xml">carl philip</link>favor elder sister<peer wordnetid="110412910" confidence="0.8"><duke wordnetid="110038620" confidence="0.8"><link ns0:type="simple" ns0:href="../427/24427.xml">victoria</link></duke></peer>process monarchi suit<system wordnetid="108435388" confidence="0.8"><economy wordnetid="108366753" confidence="0.8"><group wordnetid="100031264" confidence="0.8"><link ns0:type="simple" ns0:href="../148/21148.xml">netherland</link></group></economy></system><system wordnetid="108435388" confidence="0.8"><economy wordnetid="108366753" confidence="0.8"><group wordnetid="100031264" confidence="0.8"><link ns0:type="simple" ns0:href="../241/21241.xml">norway</link></group></economy></system><country wordnetid="108544813" confidence="0.9508927676800064"><link ns0:type="simple" ns0:href="../343/3343.xml">belgium</link></country></p><p>countri consid chang absolut primogenitur<list><entry level="1" type="bullet">juli<country wordnetid="108544813" confidence="0.9508927676800064"><link ns0:type="simple" ns0:href="../166/171166.xml">nepal</link></country>ese govern propos adopt equal primogenitur<ref ns0:type="simple" ns0:href="#xpointer(//reflist/entry[@id=%222%22])" />monarchi abolish</entry><entry level="1" type="bullet"><link ns0:type="simple" ns0:href="../573/15573.xml">japan</link>debat adopt absolut primogenitur<link ns0:type="simple" ns0:href="../397/1122397.xml">princess aiko</link>child<link ns0:type="simple" ns0:href="../210/236210.xml">crown princ</link><sovereign wordnetid="110628644" confidence="0.9508927676800064"><link ns0:type="simple" ns0:href="../108/266108.xml">naruhito</link></sovereign>birth<person wordnetid="100007846" confidence="0.9508927676800064"><link ns0:type="simple" ns0:href="../724/6956724.xml">princ hisahito</link></person>son<person wordnetid="100007846" confidence="0.9508927676800064"><link ns0:type="simple" ns0:href="../516/1949516.xml">princ akishino</link></person>younger brother crown princ naruhito<monarchy wordnetid="108363812" confidence="0.9508927676800064"><link ns0:type="simple" ns0:href="../110/10110.xml">chrysanthemum throne</link></monarchy>naruhito temporarili sidelin debat</entry><entry level="1" type="bullet"><system wordnetid="108435388" confidence="0.8"><economy wordnetid="108366753" confidence="0.8"><group wordnetid="100031264" confidence="0.8"><link ns0:type="simple" ns0:href="../667/26667.xml">spain</link></group></economy></system><link>jo lui rodrguez zapatero</link>govern intend reform<law wordnetid="106532330" confidence="0.8"><fundamental_law wordnetid="106533648" confidence="0.8"><document wordnetid="106470073" confidence="0.8"><legal_document wordnetid="106479665" confidence="0.8"><written_communication wordnetid="106349220" confidence="0.8"><writing wordnetid="106362953" confidence="0.8"><link ns0:type="simple" ns0:href="../416/299416.xml">spanish constitut</link></writing></written_communication></legal_document></document></fundamental_law></law>adopt royal success absolut primogenitur</entry><entry level="1" type="bullet"><legislature wordnetid="108163273" confidence="0.9508927676800064"><link ns0:type="simple" ns0:href="../743/429743.xml">danish parliament</link></legislature>unanim vote favour royal success law allow firstborn child ascend throne parliament<election wordnetid="100181781" confidence="0.9508927676800064"><link ns0:type="simple" ns0:href="../921/11108921.xml">elect</link></election>issu treat rule chang<politics wordnetid="113840719" confidence="0.8"><social_relation wordnetid="100032823" confidence="0.8"><link ns0:type="simple" ns0:href="../794/1985794.xml">constitut</link></social_relation></politics>success parliament approv ident bill issu will ultim submit public referendum referendum occur month bill second time cent elig voter vote chang danish constitut<ref ns0:type="simple" ns0:href="#xpointer(//reflist/entry[@id=%223%22])" /><ref ns0:type="simple" ns0:href="#xpointer(//reflist/entry[@id=%224%22])" />second ratif parliament govern will month call futur referendum juli parliament present bill second approv</entry></list></p><p><list><entry level="1" type="bullet">great britain<politics wordnetid="113840719" confidence="0.8"><social_relation wordnetid="100032823" confidence="0.8"><link ns0:type="simple" ns0:href="../657/1260657.xml">success crown bill</link></social_relation></politics>propos chang<link ns0:type="simple" ns0:href="../620/165620.xml">success british throne</link>absolut primogenitur propos<document wordnetid="106470073" confidence="0.8"><legal_document wordnetid="106479665" confidence="0.8"><written_communication wordnetid="106349220" confidence="0.8"><writing wordnetid="106362953" confidence="0.8"><act wordnetid="106532095" confidence="0.8"><link ns0:type="simple" ns0:href="../448/16305448.xml">equal bill</link></act></writing></written_communication></legal_document></document>announc shortli announc<link ns0:type="simple" ns0:href="../111/433111.xml">attorney gener</link>announc plan legisl bill<ref ns0:type="simple" ns0:href="#xpointer(//reflist/entry[@id=%225%22])" /></entry></list></p></ss1><ss1><st>agnat primogenitur</st><p>agnat primogenitur patrilin primogenitur inherit senior birth children monarch<link ns0:type="simple" ns0:href="../128/233128.xml">head famili</link>son inherit brother<link ns0:type="simple" ns0:href="../942/24942.xml">malelin</link>descend inherit collater rel male total exclus sourc femal descend femal<ref ns0:type="simple" ns0:href="#xpointer(//reflist/entry[@id=%226%22])" />exclus femal<link ns0:type="simple" ns0:href="../254/210254.xml">dynast</link>success commonli refer applic<manuscript wordnetid="106406979" confidence="0.8"><written_communication wordnetid="106349220" confidence="0.8"><writing wordnetid="106362953" confidence="0.8"><code wordnetid="106667317" confidence="0.8"><link ns0:type="simple" ns0:href="../740/77740.xml">salic law</link></code></writing></written_communication></manuscript><it><link ns0:type="simple" ns0:href="../134/9738134.xml">terra salica</link></it>centuri<family wordnetid="108078020" confidence="0.8"><link ns0:type="simple" ns0:href="../705/44705.xml">bourbon</link></family><link ns0:type="simple" ns0:href="../885/27885.xml">savoy</link>europ histor nation dynasti continu exclud women success monarchi dynasti belgium denmark sweden<link ns0:type="simple" ns0:href="../829/4829.xml">balkan</link>realm bulgaria montenegro romania serbia introduc salic law era spain fought<link ns0:type="simple" ns0:href="../736/345736.xml">civil war</link>pit salic femalelin heir dynasti possess<literary_composition wordnetid="106364329" confidence="0.8"><written_communication wordnetid="106349220" confidence="0.8"><writing wordnetid="106362953" confidence="0.8"><fiction wordnetid="106367107" confidence="0.8"><link ns0:type="simple" ns0:href="../357/357357.xml">crown</link></fiction></writing></written_communication></literary_composition>british french titl nobil descend senior male primogenitur exclus femal<link ns0:type="simple" ns0:href="../194/636194.xml">cadet</link>bear<link ns0:type="simple" ns0:href="../984/79984.xml">courtesi titl</link>variat salic primogenitur allow son women inherit women success throne spain<ref ns0:type="simple" ns0:href="#xpointer(//reflist/entry[@id=%227%22])" /></p></ss1><ss1><st>agnaticcognat primogenitur</st><p>agnat male femal provid kinship calcul<link ns0:type="simple" ns0:href="../942/24942.xml">patrilin</link>male common ancestor<ref ns0:type="simple" ns0:href="#xpointer(//reflist/entry[@id=%228%22])" /></p><p>agnaticcognat primogenitur allow femal agnat descend inherit surviv male agnat<ref ns0:type="simple" ns0:href="#xpointer(//reflist/entry[@id=%229%22])" />term<it>semisal success</it>mean women succeed applic kind primogenitur male famili femal nearest kinship male monarch famili inherit femal agnat dynasti senior primogenitur sister line descend issu elder prefer younger reckon<link ns0:type="simple" ns0:href="../395/412395.xml">consanguin</link><link ns0:type="simple" ns0:href="../026/1921026.xml">proxim blood</link>law defin femal rel nearest male definit vari monarchi semisal success preval current law<country wordnetid="108544813" confidence="0.9508927676800064"><link ns0:type="simple" ns0:href="../515/17515.xml">luxembourg</link></country></p></ss1><ss1><st>cognat primogenitur</st><p>cognat primogenitur maleprefer primogenitur allow femal succeed live brother deceas brother left surviv legitim descend common primogenitur practic western european<link ns0:type="simple" ns0:href="../298/11298.xml">feudal</link>castilian<it><physical_entity wordnetid="100001930" confidence="0.8"><expert wordnetid="109617867" confidence="0.8"><person wordnetid="100007846" confidence="0.8"><jurist wordnetid="110227985" confidence="0.8"><causal_agent wordnetid="100007347" confidence="0.8"><link ns0:type="simple" ns0:href="../961/5097961.xml">siet partida</link></causal_agent></jurist></person></expert></physical_entity></it>europ malepref primogenitur current practis<country wordnetid="108544813" confidence="0.9508927676800064"><link ns0:type="simple" ns0:href="../972/76972.xml">denmark</link></country><country wordnetid="108544813" confidence="0.9508927676800064"><link ns0:type="simple" ns0:href="../261/19261.xml">monaco</link></country><system wordnetid="108435388" confidence="0.8"><economy wordnetid="108366753" confidence="0.8"><group wordnetid="100031264" confidence="0.8"><link ns0:type="simple" ns0:href="../667/26667.xml">spain</link></group></economy></system><autocracy wordnetid="108361001" confidence="0.8"><system wordnetid="108435388" confidence="0.8"><social_group wordnetid="107950920" confidence="0.8"><political_orientation wordnetid="106212839" confidence="0.8"><monarchy wordnetid="108363812" confidence="0.8"><state wordnetid="108168978" confidence="0.8"><political_unit wordnetid="108359949" confidence="0.8"><political_system wordnetid="108367880" confidence="0.8"><economy wordnetid="108366753" confidence="0.8"><group wordnetid="100031264" confidence="0.8"><democracy wordnetid="106217103" confidence="0.8"><link ns0:type="simple" ns0:href="../717/31717.xml">unit kingdom</link></democracy></group></economy></political_system></political_unit></state></monarchy></political_orientation></social_group></system></autocracy>rule inherit nobl titl spain scotland<link ns0:type="simple" ns0:href="../698/604698.xml#xpointer(//*[./st=%22Writs+of+summons%22])">baroniesbywrit</link>unit kingdom</p></ss1><ss1><st>matrilin primogenitur</st><p>matrilin primogenitur form success eldest femal child inherit throne total exclus male order success posit<physical_entity wordnetid="100001930" confidence="0.8"><person wordnetid="100007846" confidence="0.8"><leader wordnetid="109623038" confidence="0.8"><causal_agent wordnetid="100007347" confidence="0.8"><head wordnetid="110162991" confidence="0.8"><link ns0:type="simple" ns0:href="../320/2201320.xml">rain queen</link></head></causal_agent></leader></person></physical_entity>exampl<region wordnetid="108630985" confidence="0.8"><center wordnetid="108523483" confidence="0.8"><area wordnetid="108497294" confidence="0.8"><see wordnetid="108586825" confidence="0.8"><seat wordnetid="108647945" confidence="0.8"><location wordnetid="100027167" confidence="0.8"><link ns0:type="simple" ns0:href="../607/5334607.xml">africa</link></location></seat></see></area></center></region>cultur<link ns0:type="simple" ns0:href="../024/84024.xml">matrilin</link>primogenitur<link ns0:type="simple" ns0:href="../254/210254.xml">dynast</link>descent reckon femal femal elig inherit</p></ss1><ss1><st>uterin primogenitur</st><p>success inherit male femal ancestor spous exclus femal heir older nearer proxim blood spain midtwentieth centuri dynast success law mention case inherit base uterin kinship<ref ns0:type="simple" ns0:href="#xpointer(//reflist/entry[@id=%2210%22])" />king typic succeed daughter husband<it><link ns0:type="simple" ns0:href="../237/13170237.xml">jure uxori</link></it>sister son system inherit appli throne<work wordnetid="100575741" confidence="0.8"><examination wordnetid="100635850" confidence="0.8"><event wordnetid="100029378" confidence="0.8"><survey wordnetid="100644503" confidence="0.8"><investigation wordnetid="100633864" confidence="0.8"><group wordnetid="100031264" confidence="0.8"><act wordnetid="100030358" confidence="0.8"><psychological_feature wordnetid="100023100" confidence="0.8"><people wordnetid="107942152" confidence="0.8"><activity wordnetid="100407535" confidence="0.8"><link ns0:type="simple" ns0:href="../632/24632.xml">pict</link></activity></people></psychological_feature></act></group></investigation></survey></event></examination></work>northern britain<link ns0:type="simple" ns0:href="../353/37353.xml">etruscan</link>itali</p></ss1></sec><sec><st>prefer male</st><p>prefer male exist system primogenitur mechan hereditari success perceiv natur task role monarch monarch foremost militari protector</p><p>requisit monarch warrior command militari war troop consist typic male perceiv approv male command warrior</p></sec><sec><st>argument favour</st><p>primogenitur prevent<link>subdivis estat</link>diminish intern pressur sell properti exampl children inherit hous afford buy share western europ younger son nobil prospect inherit properti oblig seek career church militari servic govern will includ bequest<link ns0:type="simple" ns0:href="../626/19626.xml">monast order</link>disinherit son</p><p>spanish<link ns0:type="simple" ns0:href="../159/303159.xml">conquistador</link>younger son fortun war late seventeenth earli eighteenth centuri younger son<country wordnetid="108544813" confidence="0.9508927676800064"><link ns0:type="simple" ns0:href="../316/9316.xml">english</link></country>aristocrat chose leav england<country wordnetid="108544813" confidence="0.9508927676800064"><link ns0:type="simple" ns0:href="../432/32432.xml">virginia</link></country>coloni earli virginian plantat owner younger son left england fortuneless primogenitur law found father<link ns0:type="simple" ns0:href="../750/3434750.xml">unit america</link>univers descend land gentri england descend english king late fourteenth earli fifteenth centuri numer offspr<sovereign wordnetid="110628644" confidence="0.9508927676800064"><person wordnetid="100007846" confidence="0.9508927676800064"><link ns0:type="simple" ns0:href="../377/46377.xml">edward iii england</link></person></sovereign></p><p>japan imperi chronolog includ reign empress ancient time edo period successor select male patern imperi bloodlin conserv scholar argu women reign temporari maleonli success tradit maintain st centuri<ref ns0:type="simple" ns0:href="#xpointer(//reflist/entry[@id=%2211%22])" /><sovereign wordnetid="110628644" confidence="0.9508927676800064"><link ns0:type="simple" ns0:href="../493/2517493.xml">empress gemmei</link></sovereign>throne daughter<link>empress gensh</link>remain sole except convent argument</p></sec><sec><st>argument</st><p>fact eldest son scoop pool led illfeel younger son cours daughter marriag estat inherit primogenitur combin nobl achiev wealth power suffici pose threat crown final nobl tend complain resist rule primogenitur opposit indic primogenitur nobl good king</p><p><it><book wordnetid="106410904" confidence="0.9508927676800064"><link ns0:type="simple" ns0:href="../780/199780.xml">democraci america</link></book></it><person wordnetid="100007846" confidence="0.9508927676800064"><philosopher wordnetid="110423589" confidence="0.9508927676800064"><link ns0:type="simple" ns0:href="../153/164153.xml">alexi de tocquevil</link></philosopher></person>argu abolit law primogenitur<link ns0:type="simple" ns0:href="../695/256695.xml">entail</link>law inherit privat properti oppos inherit monarchi result rapid divis land forc land peopl seek wealth famili estat order maintain previou standard live acceler death land<link ns0:type="simple" ns0:href="../671/37671.xml">aristocraci</link>quicken shift<link ns0:type="simple" ns0:href="../959/7959.xml">democraci</link><ref ns0:type="simple" ns0:href="#xpointer(//reflist/entry[@id=%2212%22])" /></p></sec><sec><st>histor exampl</st><p>case agnat primogenitur exemplifi<country wordnetid="108544813" confidence="0.9508927676800064"><link ns0:type="simple" ns0:href="../419/5843419.xml">french</link></country>royal<it>milieu</it><link ns0:type="simple" ns0:href="../740/77740.xml">salic law</link>attribut<link ns0:type="simple" ns0:href="../545/29545.xml">salian</link><link ns0:type="simple" ns0:href="../183/2462183.xml">frank</link>forbad inherit crown femal rule solv<conflict wordnetid="100958896" confidence="0.9508927676800064"><link ns0:type="simple" ns0:href="../039/19038039.xml">disput legitim successor</link></conflict><sovereign wordnetid="110628644" confidence="0.9508927676800064"><link ns0:type="simple" ns0:href="../500/78500.xml">charl iv franc</link></sovereign><sovereign wordnetid="110628644" confidence="0.9508927676800064"><person wordnetid="100007846" confidence="0.9508927676800064"><link ns0:type="simple" ns0:href="../377/46377.xml">edward iii england</link></person></sovereign><sovereign wordnetid="110628644" confidence="0.9508927676800064"><link ns0:type="simple" ns0:href="../498/77498.xml">philip vi franc</link></sovereign>conflict salic law malepref system genesi<physical_entity wordnetid="100001930" confidence="0.8"><person wordnetid="100007846" confidence="0.8"><sequence wordnetid="105044822" confidence="0.8"><wrongdoer wordnetid="109633969" confidence="0.8"><temporal_property wordnetid="105044528" confidence="0.8"><temporal_arrangement wordnetid="105044673" confidence="0.8"><property wordnetid="104916342" confidence="0.8"><causal_agent wordnetid="100007347" confidence="0.8"><deceiver wordnetid="109998101" confidence="0.8"><imposter wordnetid="110201535" confidence="0.8"><bad_person wordnetid="109831962" confidence="0.8"><link ns0:type="simple" ns0:href="../530/293530.xml">carlism</link></bad_person></imposter></deceiver></causal_agent></property></temporal_arrangement></temporal_property></wrongdoer></sequence></person></physical_entity><system wordnetid="108435388" confidence="0.8"><economy wordnetid="108366753" confidence="0.8"><group wordnetid="100031264" confidence="0.8"><link ns0:type="simple" ns0:href="../667/26667.xml">spain</link></group></economy></system></p><p>diverg crown<location wordnetid="100027167" confidence="0.9508927676800064"><link ns0:type="simple" ns0:href="../197/14197.xml">hanov</link></location><island wordnetid="109316454" confidence="0.9508927676800064"><link ns0:type="simple" ns0:href="../298/13530298.xml">great britain</link></island>death<sovereign wordnetid="110628644" confidence="0.9508927676800064"><person wordnetid="100007846" confidence="0.9508927676800064"><link ns0:type="simple" ns0:href="../271/43271.xml">william iv unit kingdom</link></person></sovereign>success eldest surviv brother<sovereign wordnetid="110628644" confidence="0.9508927676800064"><link ns0:type="simple" ns0:href="../617/266617.xml">ernest</link></sovereign>hanov<autocracy wordnetid="108361001" confidence="0.8"><system wordnetid="108435388" confidence="0.8"><social_group wordnetid="107950920" confidence="0.8"><political_orientation wordnetid="106212839" confidence="0.8"><monarchy wordnetid="108363812" confidence="0.8"><state wordnetid="108168978" confidence="0.8"><political_unit wordnetid="108359949" confidence="0.8"><political_system wordnetid="108367880" confidence="0.8"><economy wordnetid="108366753" confidence="0.8"><group wordnetid="100031264" confidence="0.8"><democracy wordnetid="106217103" confidence="0.8"><link ns0:type="simple" ns0:href="../717/31717.xml">unit kingdom</link></democracy></group></economy></political_system></political_unit></state></monarchy></political_orientation></social_group></system></autocracy>inherit niec<sovereign wordnetid="110628644" confidence="0.9508927676800064"><person wordnetid="100007846" confidence="0.9508927676800064"><link ns0:type="simple" ns0:href="../923/47923.xml">queen victoria</link></person></sovereign>oper semisal law hanov maleprefer primogenitur british empir</p><p>diverg throne luxembourg netherland rule semisal law caus fact luxembourg success gener dutch luxembourg success rule provis nassau hous treati success concern luxembourg successor princip orang nassaudietz dutch success king william luxembourg agnat heir branch hous nassau left succeed netherland male start william deplet</p><p>middl age semisal principl preval inherit feudal land holi roman empir inherit allow femal male expir femal inherit male issu exampl grandfath son succeed grandson son daughter daughter live likewis uncl son succeed nephew son sister sister live</p><p>common feudal europ germani land inherit base form primogenitur<link ns0:type="simple" ns0:href="../304/69304.xml">lord</link>succeed eldest son fail son daughter son daughter mediev western european feudal fief femal daughter sister allow succeed brother fail husband heiress real lord assum wife titl suffix<it><link ns0:type="simple" ns0:href="../237/13170237.xml">jure uxori</link></it></p><p>complex mediev case conflict principl<link ns0:type="simple" ns0:href="../026/1921026.xml">proxim blood</link>primogenitur compet outcom time unpredict proxim meant heir closer degre kinship lord question preced heir heir primogenitur</p><p><list><entry level="1" type="bullet"><link ns0:type="simple" ns0:href="../922/628922.xml">burgundian success</link>resolv favor john son younger daughter basi blood proxim nearer cousin dead duke charl grandson elder daughter proxim favor younger line directli contrari outcom appli primogenitur probabl younger member earlier gener aliv compar descend elder</entry></list></p><p><list><entry level="1" type="bullet">disput<military_action wordnetid="100952963" confidence="0.8"><group_action wordnetid="101080366" confidence="0.8"><event wordnetid="100029378" confidence="0.8"><act wordnetid="100030358" confidence="0.8"><psychological_feature wordnetid="100023100" confidence="0.8"><war wordnetid="100973077" confidence="0.8"><link ns0:type="simple" ns0:href="../058/1130058.xml">scottish success</link></war></psychological_feature></act></event></group_action></military_action><link ns0:type="simple" ns0:href="../886/734886.xml">bruce</link>famili plead<link ns0:type="simple" ns0:href="../678/297678.xml">tanistri</link><link ns0:type="simple" ns0:href="../026/1921026.xml">proxim blood</link><sovereign wordnetid="110628644" confidence="0.9508927676800064"><link ns0:type="simple" ns0:href="../961/50961.xml">balliol</link></sovereign>argu claim base primogenitur arbit<sovereign wordnetid="110628644" confidence="0.9508927676800064"><person wordnetid="100007846" confidence="0.9508927676800064"><link ns0:type="simple" ns0:href="../373/46373.xml">edward england</link></person></sovereign>decid favor primogenitur<link>independ war</link>revert situat favor bruce polit exig</entry></list></p><p><list><entry level="1" type="bullet"><rank wordnetid="114429985" confidence="0.8"><status wordnetid="113945919" confidence="0.8"><earldom wordnetid="114432875" confidence="0.8"><state wordnetid="100024720" confidence="0.8"><link ns0:type="simple" ns0:href="../690/797690.xml">earldom gloucest</link></state></earldom></status></rank>centuri full sister dead earl halfsist elder born father marriag earl second marriag full sibl consid higher proxim halfsibl</entry></list></p><p>primogenitur increasingli won legal case proxim centuri</p><p>land strictli divid nobl famili tend remain fix<it>agnat primogenitur</it>practic<link ns0:type="simple" ns0:href="../740/77740.xml">salic law</link>usual success go eldest son monarch monarch son throne pass nearest male rel male</p><p>countri accept femal ruler earli monarch son throne pass eldest daughter exampl queen<sovereign wordnetid="110628644" confidence="0.9508927676800064"><link ns0:type="simple" ns0:href="../613/49613.xml">christina sweden</link></sovereign>succeed throne death father king<sovereign wordnetid="110628644" confidence="0.9508927676800064"><link ns0:type="simple" ns0:href="../671/12671.xml">gustav ii adolf</link></sovereign></p><p>england primogenitur mandatori inherit land<legislation wordnetid="106535222" confidence="0.9508927676800064"><link ns0:type="simple" ns0:href="../139/12770139.xml">statut will</link></legislation>pass<link ns0:type="simple" ns0:href="../144/35144.xml" />will control inherit person properti real estat land pass eldest male descend<link ns0:type="simple" ns0:href="../016/2065016.xml">oper law</link>statut provis landown devis land devic call testament rule primogenitur england chang<link ns0:type="simple" ns0:href="../645/1873645.xml">administr estat</link></p><p>law rule inherit land descend oldest son feudal system mediev europ primogenitur gener govern inherit land held militari tenur<link ns0:type="simple" ns0:href="../897/16897.xml">knight</link>rule father land support son render requir militari servic feudal declin payment tax substitut militari servic primogenitur disappear england consequ enact statut will permit oldest son entir cut inherit centuri militari tenur abolish primogenitur customari england unit primogenitur establish</p></sec><sec><st>method success</st><p><indent level="1"><it>main articl<link ns0:type="simple" ns0:href="../425/6970425.xml">order success</link></it></indent>way organ hereditari success produc outcom primogenitur exampl method altern order success<list><entry level="1" type="bullet"><link ns0:type="simple" ns0:href="../147/1806147.xml">agnat senior</link></entry><entry level="1" type="bullet"><link ns0:type="simple" ns0:href="../983/258983.xml">elect monarchi</link></entry><entry level="1" type="bullet"><link ns0:type="simple" ns0:href="../317/866317.xml">gavelkind</link></entry><entry level="1" type="bullet"><link ns0:type="simple" ns0:href="../592/228592.xml">lotteri</link></entry><entry level="1" type="bullet"><link ns0:type="simple" ns0:href="../512/2205512.xml">majorat</link></entry><entry level="1" type="bullet"><link ns0:type="simple" ns0:href="../728/3777728.xml">minorat</link></entry><entry level="1" type="bullet">rotat turn senior tanistri lotteri elect practic way organ rotat rotat aim balanc branch hous clan</entry><entry level="1" type="bullet"><link ns0:type="simple" ns0:href="../819/3626819.xml">partibl inherit</link>share equal descend</entry><entry level="1" type="bullet"><link ns0:type="simple" ns0:href="../026/1921026.xml">proxim blood</link></entry><entry level="1" type="bullet"><link ns0:type="simple" ns0:href="../678/297678.xml">tanistri</link></entry><entry level="1" type="bullet"><link ns0:type="simple" ns0:href="../728/3777728.xml">ultimogenitur</link></entry><entry level="1" type="bullet"><link ns0:type="simple" ns0:href="../806/25806.xml">reincarn</link>tibet head monk produc offspr exist complic procedur discov reincarn previou tulku</entry></list></p></sec><sec><st>refer</st><p><reflist><entry id="1">sou<it>kvinnlig tronfljd</it></entry><entry id="2"><weblink ns0:type="simple" ns0:href="http://www.newkerala.com/news3.php?action=fullnews id=31256">kerala</weblink></entry><entry id="3"><weblink ns0:type="simple" ns0:href="http://tvnz.co.nz/view/page/411366/738664">femal nod denmark</weblink><network wordnetid="108434259" confidence="0.9508927676800064"><link ns0:type="simple" ns0:href="../460/369460.xml">televis zealand</link></network>retriev<link /></entry><entry id="4"><weblink ns0:type="simple" ns0:href="http://www.folketinget.dk/?/Samling/20051/lovforslag/L1/som_vedtaget.htm">som vedtaget forslag lov om ndring af tronflgeloven ligestil mellem knnene arveflgen fremsat henhold proceduren grundloven</weblink>folket retriev<link /></entry><entry id="5"><weblink ns0:type="simple" ns0:href="http://www.telegraph.co.uk/news/newstopics/theroyalfamily/1905565/U-turn-on-royal-succession-law-change.html">uturn royal success law chang</weblink>april articl<it><newspaper wordnetid="106267145" confidence="0.9508927676800064"><link ns0:type="simple" ns0:href="../985/172985.xml">daili telegraph</link></newspaper></it></entry><entry id="6">nordisk familjebok<it>tronfljd</it></entry><entry id="7">veld franoi<weblink ns0:type="simple" ns0:href="http://www.heraldica.org/topics/national/sp_succ.htm#1947">heraldicaorg</weblink><it>document relat spanish success</it>retriev<link /></entry><entry id="8">murphi michael dean<weblink ns0:type="simple" ns0:href="http://www.as.ua.edu/ant/Faculty/murphy/436/kinship.htm">kinship glossari symbol term concept</weblink>retriev<link /></entry><entry id="9">nordisk familjebok<it>tronfljd</it>sou<it>kvinnlig tronfljd</it></entry><entry id="10">murphi michael dean<weblink ns0:type="simple" ns0:href="http://www.as.ua.edu/ant/Faculty/murphy/436/kinship.htm">kinship glossari symbol term concept</weblink>retriev<link /></entry><entry id="11"><weblink ns0:type="simple" ns0:href="http://search.japantimes.co.jp/cgi-bin/nn20070327i1.html">life cloudi imperi fishbowl</weblink><it>japan time</it>march</entry><entry id="12"><cite id="Reference-de Tocqueville-1835" style="font-style:normal" class="book">de tocquevil alexi social condit angloamerican<book wordnetid="106410904" confidence="0.9508927676800064"><link ns0:type="simple" ns0:href="../780/199780.xml">democraci america</link></book></cite></entry></reflist></p></sec><sec><st /><p><list><entry level="1" type="bullet"><link ns0:type="simple" ns0:href="../425/6970425.xml">success order</link></entry><entry level="1" type="bullet"><link ns0:type="simple" ns0:href="../740/77740.xml">salic law</link></entry><entry level="1" type="bullet"><link ns0:type="simple" ns0:href="../012/19012.xml">monarch</link></entry><entry level="1" type="bullet"><link ns0:type="simple" ns0:href="../047/213047.xml">heir appar</link></entry><entry level="1" type="bullet"><link ns0:type="simple" ns0:href="../594/238594.xml">heir presumpt</link></entry><entry level="1" type="bullet"><link ns0:type="simple" ns0:href="../211/186211.xml">nobil</link></entry><entry level="1" type="bullet"><link ns0:type="simple" ns0:href="../788/211788.xml">royal famili</link></entry></list></p></sec><sec><st>extern link</st><p><list><entry level="1" type="bullet"><weblink ns0:type="simple" ns0:href="http://www.heraldica.org/faqs/atrfaq.htm#p2-5n">note type law success</weblink>heraldicaorg</entry></list></p></sec></bdy></article>