<article xmlns:ns0="http://www.w3.org/1999/xlink"><header><title>halt problem</title><id /><revision><id /><timestamp>tz</timestamp><contributor><username>piracyfundsterror</username><id /></contributor></revision><categories><category>theori comput</category><category>recurs theori</category></categories></header><bdy><link ns0:type="simple" ns0:href="../136/442136.xml">comput theori</link><b>halt problem</b><link ns0:type="simple" ns0:href="../336/8336.xml">decis problem</link>state descript<link ns0:type="simple" ns0:href="../783/5783.xml">program</link>finit input decid program finish run will forev input<p><person wordnetid="100007846" confidence="0.9508927676800064"><scientist wordnetid="110560637" confidence="0.9508927676800064"><link ns0:type="simple" ns0:href="../208/1208.xml">alan ture</link></scientist></person>prove gener<link ns0:type="simple" ns0:href="../775/775.xml">algorithm</link>solv halt problem<it />programinput pair exist halt problem<it><link ns0:type="simple" ns0:href="../795/54795.xml">undecid</link></it><invention wordnetid="105633385" confidence="0.8"><know-how wordnetid="105616786" confidence="0.8"><method wordnetid="105660268" confidence="0.8"><link ns0:type="simple" ns0:href="../403/30403.xml">ture machin</link></method></know-how></invention>copeland attribut actual term<it>halt problem</it><physical_entity wordnetid="100001930" confidence="0.8"><person wordnetid="100007846" confidence="0.8"><intellectual wordnetid="109621545" confidence="0.8"><alumnus wordnetid="109786338" confidence="0.8"><causal_agent wordnetid="100007347" confidence="0.8"><scientist wordnetid="110560637" confidence="0.8"><mathematician wordnetid="110301261" confidence="0.8"><scholar wordnetid="110557854" confidence="0.8"><link ns0:type="simple" ns0:href="../041/953041.xml">martin davi</link></scholar></mathematician></scientist></causal_agent></alumnus></intellectual></person></physical_entity><ref ns0:type="simple" ns0:href="#xpointer(//reflist/entry[@id=%221%22])" /></p><sec><st>formal statement</st><p>halt problem<link ns0:type="simple" ns0:href="../336/8336.xml">decis problem</link>properti comput program fix<link ns0:type="simple" ns0:href="../621/30621.xml">turingcomplet</link>model comput question program input program program will eventu halt input abstract framework resourc limit memori time program execut arbitrarili long arbitrarili storag space halt question simpli program will halt input</p><p>exampl<link ns0:type="simple" ns0:href="../185/24185.xml">pseudocod</link>program</p><p><indent level="1">true continu</indent>halt forev<link ns0:type="simple" ns0:href="../273/45273.xml">infinit loop</link>hand program</p><p><indent level="1">print hello</indent>halt</p><p>halt problem famou problem prove undecid comput program capabl correctli answer question input</p><ss1><st>repres halt problem set</st><p>decis problem convent repres set object properti question<b>halt set</b><indent level="1"><it />program<it />will eventu halt input<it /></indent>repres halt problem</p><p>set<link ns0:type="simple" ns0:href="../090/332090.xml">recurs enumer</link>comput function list pair<it /><it />comput function simul program input parallel manner multithread comput program notic program simul halt</p><p>equival formul halt problem set<link ns0:type="simple" ns0:href="../405/764405.xml">ture degre</link>halt problem thought formul exampl set includ<list><entry level="1" type="bullet"><it />program<it />eventu halt input</entry><entry level="1" type="bullet"><it />input<it />program<it />eventu halt input<it /></entry></list></p></ss1></sec><sec><st>consequ</st><p>histor halt problem lie fact problem prove<link ns0:type="simple" ns0:href="../795/54795.xml">undecid</link>ture proof press<scientist wordnetid="110560637" confidence="0.9508927676800064"><link ns0:type="simple" ns0:href="../731/49731.xml">church</link></scientist>proof undecid problem<link ns0:type="simple" ns0:href="../203/18203.xml">lambda calculu</link>publish april subsequ problem describ typic method prove problem undecid techniqu<it><link ns0:type="simple" ns0:href="../067/848067.xml">reduct</link></it>comput scientist solut problem decid undecid problem transform instanc undecid problem instanc problem<it />method decid problem method decid problem</p><p>consequ halt problem undecid gener<link ns0:type="simple" ns0:href="../775/775.xml">algorithm</link>decid statement<link ns0:type="simple" ns0:href="../474/21474.xml">natur number</link>true reason<link ns0:type="simple" ns0:href="../094/81094.xml">proposit</link>state algorithm will halt input convert equival statement natur number algorithm solv statement natur number solv determin origin program halt imposs halt problem undecid</p><p>consequ undecid halt problem<statement wordnetid="106722453" confidence="0.8"><message wordnetid="106598915" confidence="0.8"><theorem wordnetid="106752293" confidence="0.8"><proposition wordnetid="106750804" confidence="0.8"><link ns0:type="simple" ns0:href="../852/25852.xml">rice theorem</link></proposition></theorem></message></statement>truth<it /><link ns0:type="simple" ns0:href="../053/193053.xml">nontrivi</link>statement function defin algorithm undecid exampl decis problem will algorithm halt input undecid note theorem hold<it>function defin algorithm</it>algorithm exampl decid algorithm will halt step statement function defin algorithm</p><p><person wordnetid="100007846" confidence="0.9508927676800064"><link ns0:type="simple" ns0:href="../308/12308.xml">gregori chaitin</link></person>defin<link ns0:type="simple" ns0:href="../205/6205.xml">halt probabl</link>repres symbol type real number inform repres<link ns0:type="simple" ns0:href="../934/22934.xml">probabl</link>randomli produc program halt number<link ns0:type="simple" ns0:href="../405/764405.xml">ture degre</link>halt problem<link ns0:type="simple" ns0:href="../277/204277.xml">normal</link><link ns0:type="simple" ns0:href="../325/30325.xml">transcendent number</link><link ns0:type="simple" ns0:href="../361/8361.xml">defin</link>complet<link ns0:type="simple" ns0:href="../206/6206.xml">comput</link>prove<link ns0:type="simple" ns0:href="../775/775.xml">algorithm</link>produc digit digit calcul simpl case</p><p>ture proof gener method algorithm determin algorithm halt individu instanc problem well suscept attack specif algorithm halt input fact<link ns0:type="simple" ns0:href="../784/328784.xml">comput scientist</link><link ns0:type="simple" ns0:href="../339/357339.xml">correct proof</link>proof develop algorithm hand<it>mechan gener</it>determin algorithm ture machin halt<link ns0:type="simple" ns0:href="../509/846509.xml">heurist</link>autom fashion attempt construct proof succeed frequent typic program field autom<link ns0:type="simple" ns0:href="../658/6782658.xml">termin analysi</link></p><p>ture introduct machin model<invention wordnetid="105633385" confidence="0.8"><know-how wordnetid="105616786" confidence="0.8"><method wordnetid="105660268" confidence="0.8"><link ns0:type="simple" ns0:href="../403/30403.xml">ture machin</link></method></know-how></invention>introduc paper proven conveni model<link ns0:type="simple" ns0:href="../392/323392.xml">theoret comput scienc</link></p></sec><sec><st>sketch proof</st><p>proof<link ns0:type="simple" ns0:href="../577/23577.xml">total</link><link ns0:type="simple" ns0:href="../338/1139338.xml">comput function</link>decid arbitrari program<it />halt arbitrari input<it />function<it />comput<indent level="1"><math>hix begincas mboxif mbox program imbox halt input mboxotherwis endcas</math></indent><it>program</it>refer<it />program<link ns0:type="simple" ns0:href="../115/212115.xml">enumer</link>program fix<link ns0:type="simple" ns0:href="../621/30621.xml">turingcomplet</link>model comput</p><p>proof proce directli establish total comput function argument differ requir function<it />total comput binari function<it /><link ns0:type="simple" ns0:href="../577/23577.xml">partial function</link><it />comput<indent level="1"><math>gi begincas mboxif fii mboxundefin mboxotherwis endcas</math></indent><link ns0:type="simple" ns0:href="../185/24185.xml">pseudocod</link>illustr straightforward comput<it /></p><p><b>procedur</b>compute_gi<b />fii<b /><b>return</b><b /><b>loop forev</b></p><p><it />partial comput program comput<it />assumpt model turingcomplet program program halt function<it />defin enumer denot<it /></p><p>definit<it />exactli case hold<list><entry level="1" type="bullet"><it /><it /><it /><it /><it />case<it /><it /><it />program<it />halt input<it /></entry><entry level="1" type="bullet"><it /><it />undefin<it /><it /><it />case<it /><it /><it />program<it />halt input<it /></entry></list>case<it />function<it /><it /><it>arbitrari</it>total comput function argument function differ<it /></p><p>verif<it />comput reli construct equival<list><entry level="1" type="bullet">comput subprogram program comput<it />subprogram program<it /></entry><entry level="1" type="bullet">duplic valu program<it />comput input<it /><it /><it />input<it /><it /></entry><entry level="1" type="bullet">condit branch program<it />select depend comput<it /><it /><it /></entry><entry level="1" type="bullet">produc defin result exampl loop forev</entry><entry level="1" type="bullet">return</entry></list></p><p><table style="padding-bottom: 0.5em; margin-bottom: 0em; margin-top: 1em;" class="wikitable"><row style="font-size:9pt" align="center" valign="bottom"><col colspan="2" style="vertical-align: middle;" rowspan="2"><it /><it /><it /></col><col style="background-color:#F2F2F2" width="24.75" /><col style="background-color:#F2F2F2" width="24.75" /><col style="background-color:#F2F2F2" width="24.75" /><col style="background-color:#F2F2F2" width="24.75" /><col style="background-color:#F2F2F2" width="24.75" /><col style="background-color:#F2F2F2" width="24.75" /></row><row style="font-size:9pt" align="center" valign="bottom"><col style="background-color:#F2F2F2" /><col style="background-color:#F2F2F2" /><col style="background-color:#F2F2F2" /><col style="background-color:#F2F2F2" /><col style="background-color:#F2F2F2" /><col style="background-color:#F2F2F2" /></row><row style="font-size:9pt" align="center" valign="bottom"><col style="background-color:#F2F2F2" width="18.75" Height="12" /><col style="background-color:#F2F2F2" /><col style="background-color:#FFC000" /><col /><col /><col /><col /><col /></row><row style="font-size:9pt" align="center" valign="bottom"><col style="background-color:#F2F2F2" Height="12" /><col style="background-color:#F2F2F2" /><col /><col style="background-color:#FFC000" /><col /><col /><col /><col /></row><row style="font-size:9pt" align="center" valign="bottom"><col style="background-color:#F2F2F2" Height="12" /><col style="background-color:#F2F2F2" /><col /><col /><col style="background-color:#FFC000" /><col /><col /><col /></row><row style="font-size:9pt" align="center" valign="bottom"><col style="background-color:#F2F2F2" Height="12" /><col style="background-color:#F2F2F2" /><col /><col /><col /><col style="background-color:#FFC000" /><col /><col /></row><row style="font-size:9pt" align="center" valign="bottom"><col style="background-color:#F2F2F2" Height="12" /><col style="background-color:#F2F2F2" /><col /><col /><col /><col /><col style="background-color:#FFC000" /><col /></row><row style="font-size:9pt" align="center" valign="bottom"><col style="background-color:#F2F2F2" Height="12" /><col style="background-color:#F2F2F2" /><col /><col /><col /><col /><col /><col style="background-color:#FFC000" /></row><row style="font-size:9pt" align="center" valign="bottom"><col Height="12" /></row><row style="font-size:9pt" align="center" valign="bottom"><col Height="12" /><col style="background-color:#FFC000"><it /><it /><it /></col><col style="background-color:#FFC000" /><col style="background-color:#FFC000" /><col style="background-color:#FFC000" /><col style="background-color:#FFC000" /><col style="background-color:#FFC000" /><col style="background-color:#FFC000" /></row><row style="font-size:9pt" align="center" valign="bottom"><col Height="12" /><col style="background-color:#99FF8B"><it /><it /></col><col style="background-color:#99FF8B" /><col style="background-color:#99FF8B" /><col style="background-color:#99FF8B" /><col style="background-color:#99FF8B" /><col style="background-color:#99FF8B" /><col style="background-color:#99FF8B" /></row></table></p><p>valu total comput function<it />arrang array orang cell diagon valu<it /><it /><it /><it /><it />bottom<it />indic function<it />undefin input</p><p>proof typic refer<b>diagon proof</b>visual twodimension array column row natur number<it /><it /><it />column<it />row<it /><it />assum total comput function element array calcul<it />construct function<it />visual main diagon array array posit<it /><it /><it /><it /><it /><it />undefin contradict fact column<it />array correspond<it /><it />halt function<it />posit<it /><it /><it /><it />defin<it />construct<it /><it />defin posit<it /><it /></p></sec><sec><st>common pitfal</st><p>difficulti halt problem lie requir decis procedur work program input program halt input halt consid algorithm answer halt answer doesnt halt specif program input algorithm answer correctli</p><p>program<link ns0:type="simple" ns0:href="../868/59868.xml">interpret</link>simul execut sourc code program demonstr program halt case interpret will eventu halt simul origin program halt interpret will halt input program halt approach solv halt problem state answer doesnt halt program halt</p><p>halt problem<it>theori</it>practic decid<link ns0:type="simple" ns0:href="../962/1811962.xml">linear bound automata</link>lba determinist machin finit memori machin finit memori finit number determinist program eventu halt repeat previou<indent level="1"><it>finitest machin left complet will fall eventu perfectli period repetit pattern</it>durat repeat pattern exceed number intern machineital origin minski</indent>minski warn machin comput small part will order<indent level="1">three zero machin oper frequenc cosmic ray aeon galact evolut compar time journey cycl minski</indent>minski exhort reader suspici machin finit finit automata number theoret limit<indent level="1">magnitud involv lead suspect theorem argument base chiefli mere finit diagram carri great deal signific ibid</indent>issu intract articl<link ns0:type="simple" ns0:href="../911/67911.xml">busi beaver</link></p><p>decid automat nondeterminist machin finit memori halt sequenc nondeterminist decis enumer decis</p></sec><sec><st>formal halt problem</st><p>origin proof ture formal concept<it><link ns0:type="simple" ns0:href="../775/775.xml">algorithm</link></it>introduc<invention wordnetid="105633385" confidence="0.8"><know-how wordnetid="105616786" confidence="0.8"><method wordnetid="105660268" confidence="0.8"><link ns0:type="simple" ns0:href="../403/30403.xml">ture machin</link></method></know-how></invention>result specif appli equal model<link ns0:type="simple" ns0:href="../926/5926.xml">comput</link>equival comput power ture machin<link ns0:type="simple" ns0:href="../156/198156.xml">markov algorithm</link><physical_entity wordnetid="100001930" confidence="0.8"><person wordnetid="100007846" confidence="0.8"><model wordnetid="110324560" confidence="0.8"><assistant wordnetid="109815790" confidence="0.8"><know-how wordnetid="105616786" confidence="0.8"><worker wordnetid="109632518" confidence="0.8"><method wordnetid="105660268" confidence="0.8"><causal_agent wordnetid="100007347" confidence="0.8"><link ns0:type="simple" ns0:href="../203/18203.xml">lambda calculu</link></causal_agent></method></worker></know-how></assistant></model></person></physical_entity><link ns0:type="simple" ns0:href="../147/3688147.xml">post system</link><link ns0:type="simple" ns0:href="../218/505218.xml">regist machin</link><physical_entity wordnetid="100001930" confidence="0.8"><person wordnetid="100007846" confidence="0.8"><model wordnetid="110324560" confidence="0.8"><assistant wordnetid="109815790" confidence="0.8"><worker wordnetid="109632518" confidence="0.8"><causal_agent wordnetid="100007347" confidence="0.8"><link>tag system</link></causal_agent></worker></assistant></model></person></physical_entity></p><p>formal allow straightforward<link ns0:type="simple" ns0:href="../937/18937.xml">map</link>algorithm<link ns0:type="simple" ns0:href="../817/93817.xml">data type</link><link ns0:type="simple" ns0:href="../775/775.xml">algorithm</link>oper exampl<link ns0:type="simple" ns0:href="../700/13447700.xml">formal</link>algorithm defin function string ture machin map algorithm string formal algorithm defin function natur number<link ns0:type="simple" ns0:href="../338/1139338.xml">comput function</link>map algorithm natur number map string straightforward string<link ns0:type="simple" ns0:href="../670/670.xml">alphabet</link><it /><link ns0:type="simple" ns0:href="../443/73443.xml">charact</link>map number interpret number<it />ari<link ns0:type="simple" ns0:href="../170/21170.xml">numer system</link></p></sec><sec><st>relationship gdel incomplet theorem</st><p><link ns0:type="simple" ns0:href="../978/6978.xml">concept</link>rais<link>gdel incomplet theorem</link>rais halt problem proof fact weaker form incomplet theorem easi consequ undecid halt problem weaker form differ standard statement incomplet theorem assert complet<link ns0:type="simple" ns0:href="../802/75802.xml">consist</link><link ns0:type="simple" ns0:href="../819/26819.xml">sound</link><link ns0:type="simple" ns0:href="../401/188401.xml">axiomat</link>statement natur number unachiev sound weaken requir axiomat system question prove<it>true</it>statement natur number observ statement standard form gdel incomplet theorem complet unconcern question truth concern issu<link ns0:type="simple" ns0:href="../285/82285.xml">proven</link></p><p>weaker form theorem prove undecid halt problem assum consist complet<link ns0:type="simple" ns0:href="../401/188401.xml">axiomat</link>true<link ns0:type="simple" ns0:href="../983/10983.xml">firstord logic</link>statement<link ns0:type="simple" ns0:href="../474/21474.xml">natur number</link>build algorithm enumer statement algorithm<it /><it />natur number<it />comput true firstord logic statement natur number true statement<it /><it /><it />yield statement suppos decid algorithm represent<it />halt input<it />statement express firstord logic statement<it /><it /><it />axiomat complet<it /><it /><it /><it /><it /><it /><it /><it /><it /><it /><it /><it /><link ns0:type="simple" ns0:href="../833/68833.xml">iter</link><it />find<it /><it /><it />negat will halt algorithm decid halt problem algorithm assumpt consist complet axiomat true firstord logic statement natur number fals</p></sec><sec><st>recogn partial solut</st><p>program return correct answer halt problem return answer decid program correct answer hope collect larg number program parallel hope determin program halt recogn partial halt solver ph hard halt problem</p><p>suppos claim program phsr partial halt solver recogn construct program input program input<b />output halt<b />loop forev phsr input</p><p>phsr recogn construct program partial halt solver input produc result halt phsr fail recogn halt decid arbitrari program halt solv halt problem imposs program phsr partial halt solver recogn claim program partial halt solver recogn</p><p>exampl<it>ht</it><invention wordnetid="105633385" confidence="0.8"><know-how wordnetid="105616786" confidence="0.8"><method wordnetid="105660268" confidence="0.8"><link ns0:type="simple" ns0:href="../403/30403.xml">ture machin</link></method></know-how></invention>correct answer<it />instanc halt problem describ requir<it>ht</it>start scan field carri finit string<it />consecut field symbol blank field turn finit string<it />consecut blank tape<list><entry level="1" type="bullet"><it>ht</it>halt start input finit posit integ<it /><it /></entry><entry level="1" type="bullet"><it>ht</it>halt complet<it>blank</it>tape ture machin repres<it />halt start input repres<it /></entry><entry level="1" type="bullet"><it>ht</it>halt<it>nonblank</it>tape scan appropri field carri symbol ture machin repres<it />halt start input repres<it />case final<it>ht</it>halt content tape field scan equal intermedi ture machin repres<it />attain start input repres<it />intermedi includ start repres<it />leav tape blank final<it>ht</it>halt scan blank tape</entry></list>exist refut essenti ture machin halt<it />start blank tape ture machin<it>ht</it>solv halt problem<it>partial</it>doesnt scan symbol final ture machin repres<it />halt start input repres<it />explicit statement halt problem ture machin requir</p></sec><sec><st>histori halt problem</st><p><indent level="1"><it /></indent>refer sourc davi<list><entry level="1" type="bullet"><person wordnetid="100007846" confidence="0.9508927676800064"><scientist wordnetid="110560637" confidence="0.9508927676800064"><link ns0:type="simple" ns0:href="../302/8302.xml">david hilbert</link></scientist></person>pose question cf<link ns0:type="simple" ns0:href="../584/154584.xml">hilbert problem</link>second<social_group wordnetid="107950920" confidence="0.8"><congress wordnetid="108308800" confidence="0.8"><meeting wordnetid="108307589" confidence="0.8"><gathering wordnetid="107975026" confidence="0.8"><group wordnetid="100031264" confidence="0.8"><link ns0:type="simple" ns0:href="../842/627842.xml">intern congress mathematician</link></group></gathering></meeting></congress></social_group>pari second prove consist<process wordnetid="105701363" confidence="0.8"><maxim wordnetid="107152948" confidence="0.8"><speech wordnetid="107109196" confidence="0.8"><saying wordnetid="107151380" confidence="0.8"><thinking wordnetid="105770926" confidence="0.8"><auditory_communication wordnetid="107109019" confidence="0.8"><explanation wordnetid="105793000" confidence="0.8"><theory wordnetid="105989479" confidence="0.8"><higher_cognitive_process wordnetid="105770664" confidence="0.8"><link ns0:type="simple" ns0:href="../005/25005.xml">peano axiom</link></higher_cognitive_process></theory></explanation></auditory_communication></thinking></saying></speech></maxim></process>rigour mathemat depend hodg davi commentari</entry><entry level="1" type="bullet"><link ns0:type="simple" ns0:href="../382/362382.xml">emil post</link>explor halt problem tag system candid unsolv sourc<it>absolut unsolv problem undecid proposit account anticip</it>unsolv establish<person wordnetid="100007846" confidence="0.9508927676800064"><scientist wordnetid="110560637" confidence="0.9508927676800064"><link ns0:type="simple" ns0:href="../639/19639.xml">marvin minski</link></scientist></person></entry><entry level="1" type="bullet">hilbert recast second problem bologna intern congress cf reid hodg claim pose three question mathemat<it>complet</it>mathemat<it>consist</it>mathemat<it>decid</it>hodg third question<it><link ns0:type="simple" ns0:href="../672/9672.xml">entscheidungsproblem</link></it>decis problem hodg penros</entry><entry level="1" type="bullet"><link>kurt gdel</link>announc proof answer hilbert question cf reid hilbert angri frustrat began deal construct problem gdel felt express thought paper work contradict hilbert formalist point view reid</entry><entry level="1" type="bullet">gdel publish formal undecid proposit principia mathematica system reprint</entry><entry level="1" type="bullet"><link ns0:type="simple" ns0:href="../ury/22nd_century.xml">april</link><link ns0:type="simple" ns0:href="../980/34980.xml" /><scientist wordnetid="110560637" confidence="0.9508927676800064"><link ns0:type="simple" ns0:href="../731/49731.xml">alonzo church</link></scientist>publish unsolv problem elementari number theori identifi function<it>effect calcul</it>function will algorithm fact algorithm<it>termin</it>effect ital</entry><entry level="1" type="bullet">church publish proof<it>entscheidungsproblem</it>unsolv note entscheidungsproblem reprint</entry><entry level="1" type="bullet">octob<link ns0:type="simple" ns0:href="../673/34673.xml" /><link ns0:type="simple" ns0:href="../382/362382.xml">emil post</link>paper finit combinatori process formul receiv post add process instruct call process type process determin termin specif problem pff</entry><entry level="1" type="bullet"><link ns0:type="simple" ns0:href="../684/34684.xml" /><person wordnetid="100007846" confidence="0.9508927676800064"><scientist wordnetid="110560637" confidence="0.9508927676800064"><link ns0:type="simple" ns0:href="../208/1208.xml">alan ture</link></scientist></person>paper<it>comput number applic entscheidungsproblem</it>reach print januari reprint ture proof depart calcul<link ns0:type="simple" ns0:href="../264/5987264.xml">recurs function</link>introduc notion comput machin stephen kleen refer exampl decis problem prove unsolv</entry><entry level="1" type="bullet"><scientist wordnetid="110560637" confidence="0.9508927676800064"><link ns0:type="simple" ns0:href="../224/679224.xml">barkley rosser</link></scientist>observ essenti equival effect method defin gdel church ture rosser inform exposit proof gdel theorem church theorem</entry><entry level="1" type="bullet">paper<link ns0:type="simple" ns0:href="../805/28805.xml">stephen kleen</link>set complet algorithm theori describ procedur procedur termin manner outcom read definit answer question predic true</entry><entry level="1" type="bullet">kleen chapter xiii comput function includ discuss unsolv halt problem ture machin reformul term machin eventu halt algorithm decid machin start situat<it>eventu</it>stop<b><it>kleen</it></b></entry><entry level="1" type="bullet">davi martin davi think term halt problem seri lectur control system laboratori univers illinoi letter davi copeland dec footnot copeland ppff</entry></list></p></sec><sec><st /><p><list><entry level="1" type="bullet"><system wordnetid="104377057" confidence="0.8"><artifact wordnetid="100021939" confidence="0.8"><instrumentality wordnetid="103575240" confidence="0.8"><link ns0:type="simple" ns0:href="../051/1029051.xml">worstcas execut time</link></instrumentality></artifact></system></entry></list></p></sec><sec><st>note</st><p><reflist><entry id="1">work ture word halt termin ture biograph hodg word halt halt problem earliest halt problem proof davi davi<indent level="1">theorem<it>exist ture machin halt problem recurs unsolv</it></indent>problem<it>print problem</it>simpl ture machin respect symbol si davi add attribut proof infer origin davi point statement proof exist inform kleen copeland<indent level="1">halt problem name appear state martin davi cf copeland footnot ture state prove halt theorem comput number strictli true</indent><link ns0:type="simple" ns0:href="#xpointer(//*[./st=%22History+of+the+halting+problem%22])">histori</link></entry></reflist></p></sec><sec><st>refer</st><p><list><entry level="1" type="bullet"><person wordnetid="100007846" confidence="0.9508927676800064"><scientist wordnetid="110560637" confidence="0.9508927676800064"><link ns0:type="simple" ns0:href="../208/1208.xml">alan ture</link></scientist></person><it>comput number applic entscheidungsproblem</it>proceed london mathemat societi seri<weblink ns0:type="simple" ns0:href="http://www.turingarchive.org/browse.php/B/12">onlin version</weblink>epoch paper ture defin<invention wordnetid="105633385" confidence="0.8"><know-how wordnetid="105616786" confidence="0.8"><method wordnetid="105660268" confidence="0.8"><link ns0:type="simple" ns0:href="../403/30403.xml">ture machin</link></method></know-how></invention>formul halt problem well<link ns0:type="simple" ns0:href="../672/9672.xml">entscheidungsproblem</link>unsolv</entry><entry level="1" type="bullet"><cite id="Reference-Sipser-2006" style="font-style:normal" class="book"><physical_entity wordnetid="100001930" confidence="0.8"><person wordnetid="100007846" confidence="0.8"><causal_agent wordnetid="100007347" confidence="0.8"><scientist wordnetid="110560637" confidence="0.8"><mathematician wordnetid="110301261" confidence="0.8"><link ns0:type="simple" ns0:href="../015/3644015.xml">sipser michael</link></mathematician></scientist></causal_agent></person></physical_entity>halt problem introduct theori comput second edit pw publish isbn</cite></entry><entry level="1" type="bullet" /><entry level="1" type="bullet"><physical_entity wordnetid="100001930" confidence="0.8"><philosopher wordnetid="110423589" confidence="0.8"><person wordnetid="100007846" confidence="0.8"><intellectual wordnetid="109621545" confidence="0.8"><causal_agent wordnetid="100007347" confidence="0.8"><academician wordnetid="109759069" confidence="0.8"><adult wordnetid="109605289" confidence="0.8"><historian wordnetid="110177150" confidence="0.8"><professional wordnetid="110480253" confidence="0.8"><scholar wordnetid="110557854" confidence="0.8"><educator wordnetid="110045713" confidence="0.8"><link ns0:type="simple" ns0:href="../942/5717942.xml">jack copeland</link></educator></scholar></professional></historian></adult></academician></causal_agent></intellectual></person></philosopher></physical_entity><it>essenti ture semin write comput logic philosophi artifici intellig artifici life secret enigma</it>clarendon press oxford univers press oxford uk isbn</entry><entry level="1" type="bullet"><physical_entity wordnetid="100001930" confidence="0.8"><person wordnetid="100007846" confidence="0.8"><intellectual wordnetid="109621545" confidence="0.8"><alumnus wordnetid="109786338" confidence="0.8"><causal_agent wordnetid="100007347" confidence="0.8"><scientist wordnetid="110560637" confidence="0.8"><mathematician wordnetid="110301261" confidence="0.8"><scholar wordnetid="110557854" confidence="0.8"><link ns0:type="simple" ns0:href="../041/953041.xml">martin davi</link></scholar></mathematician></scientist></causal_agent></alumnus></intellectual></person></physical_entity><it>undecid basic paper undecid proposit unsolv problem comput function</it>raven press york ture paper volum paper includ godel church rosser kleen post</entry><entry level="1" type="bullet"><physical_entity wordnetid="100001930" confidence="0.8"><person wordnetid="100007846" confidence="0.8"><intellectual wordnetid="109621545" confidence="0.8"><alumnus wordnetid="109786338" confidence="0.8"><causal_agent wordnetid="100007347" confidence="0.8"><scientist wordnetid="110560637" confidence="0.8"><mathematician wordnetid="110301261" confidence="0.8"><scholar wordnetid="110557854" confidence="0.8"><link ns0:type="simple" ns0:href="../041/953041.xml">martin davi</link></scholar></mathematician></scientist></causal_agent></alumnus></intellectual></person></physical_entity><it>comput unsolv</it>mcgrawhil york</entry><entry level="1" type="bullet"><person wordnetid="100007846" confidence="0.9508927676800064"><philosopher wordnetid="110423589" confidence="0.9508927676800064"><link ns0:type="simple" ns0:href="../395/43395.xml">alfr north whitehead</link></philosopher></person><person wordnetid="100007846" confidence="0.9508927676800064"><philosopher wordnetid="110423589" confidence="0.9508927676800064"><link ns0:type="simple" ns0:href="../163/4163.xml">bertrand russel</link></philosopher></person><it>principia mathematica</it>cambridg univers press problem paradox author discuss problem set object determin function introduct chap difficulti formal logic chap viciouscircl principl pff chap viii contradict</entry><entry level="1" type="bullet"><physical_entity wordnetid="100001930" confidence="0.8"><person wordnetid="100007846" confidence="0.8"><intellectual wordnetid="109621545" confidence="0.8"><alumnus wordnetid="109786338" confidence="0.8"><causal_agent wordnetid="100007347" confidence="0.8"><scientist wordnetid="110560637" confidence="0.8"><mathematician wordnetid="110301261" confidence="0.8"><scholar wordnetid="110557854" confidence="0.8"><link ns0:type="simple" ns0:href="../041/953041.xml">martin davi</link></scholar></mathematician></scientist></causal_agent></alumnus></intellectual></person></physical_entity>comput<it>mathemat today</it>lynn arthur steen vintag book random hous wonder paper best written ture machin nonspecialist davi reduc ture machin farsimpl model base post model comput discuss<link ns0:type="simple" ns0:href="../308/12308.xml">chaitin</link>proof includ biographi<link ns0:type="simple" ns0:href="../382/362382.xml">emil post</link><person wordnetid="100007846" confidence="0.9508927676800064"><scientist wordnetid="110560637" confidence="0.9508927676800064"><link ns0:type="simple" ns0:href="../987/952987.xml">julia robinson</link></scientist></person></entry><entry level="1" type="bullet"><person wordnetid="100007846" confidence="0.9508927676800064"><scientist wordnetid="110560637" confidence="0.9508927676800064"><link ns0:type="simple" ns0:href="../639/19639.xml">marvin minski</link></scientist></person><it>comput finit infinit machin</it>prenticehal nj chapter unsolv halt problem excel readabl fun classic</entry><entry level="1" type="bullet"><person wordnetid="100007846" confidence="0.9508927676800064"><scientist wordnetid="110560637" confidence="0.9508927676800064"><link ns0:type="simple" ns0:href="../193/26193.xml">roger penros</link></scientist></person><it>emperor mind concern comput mind law physic</it>oxford univers press oxford england correct cf chapter algorithm ture machin overlycompl present daviss paper better model thorough present ture machin halt problem church lambda calculu</entry><entry level="1" type="bullet"><person wordnetid="100007846" confidence="0.9508927676800064"><scientist wordnetid="110560637" confidence="0.9508927676800064"><link ns0:type="simple" ns0:href="../443/299443.xml">john hopcroft</link></scientist></person><peer wordnetid="109626238" confidence="0.8"><physical_entity wordnetid="100001930" confidence="0.8"><person wordnetid="100007846" confidence="0.8"><honoree wordnetid="110183757" confidence="0.8"><intellectual wordnetid="109621545" confidence="0.8"><colleague wordnetid="109935990" confidence="0.8"><acquirer wordnetid="109764201" confidence="0.8"><scientist wordnetid="110560637" confidence="0.8"><recipient wordnetid="109627906" confidence="0.8"><associate wordnetid="109816771" confidence="0.8"><laureate wordnetid="110249011" confidence="0.8"><alumnus wordnetid="109786338" confidence="0.8"><causal_agent wordnetid="100007347" confidence="0.8"><scholar wordnetid="110557854" confidence="0.8"><link ns0:type="simple" ns0:href="../318/1702318.xml">jeffrey ullman</link></scholar></causal_agent></alumnus></laureate></associate></recipient></scientist></acquirer></colleague></intellectual></honoree></person></physical_entity></peer><it>introduct automata theori languag comput</it>addisonwesley read mass chapter ture machin book center machineinterpret languag npcomplet</entry><entry level="1" type="bullet"><person wordnetid="100007846" confidence="0.9508927676800064"><link ns0:type="simple" ns0:href="../990/18550990.xml">andrew hodg</link></person><it>alan ture enigma</it>simon schuster york cf chapter spirit truth histori lead discuss proof</entry><entry level="1" type="bullet"><popularizer wordnetid="110454752" confidence="0.9173553029164789"><writer wordnetid="110794014" confidence="0.9508927676800064"><link ns0:type="simple" ns0:href="../851/5867851.xml">constanc reid</link></writer></popularizer><it>hilbert</it>copernicu springerverlag york publish fascin histori german mathemat physic hundr name familiar mathematician physicist engin appear mar overt refer footnot reid sourc numer interview person knew hilbert hilbert letter paper</entry><entry level="1" type="bullet"><link>edward beltrami</link><it>random chanc order mathemat life</it>copernicu springerverlag york nice gentl read mathematicallyinclin nonspecialist put tougher stuff turingmachin model discuss<link ns0:type="simple" ns0:href="../308/12308.xml">chaitin</link>contribut</entry><entry level="1" type="bullet"><physical_entity wordnetid="100001930" confidence="0.8"><peer wordnetid="109626238" confidence="0.8"><philosopher wordnetid="110423589" confidence="0.8"><person wordnetid="100007846" confidence="0.8"><intellectual wordnetid="109621545" confidence="0.8"><colleague wordnetid="109935990" confidence="0.8"><alumnus wordnetid="109786338" confidence="0.8"><causal_agent wordnetid="100007347" confidence="0.8"><scholar wordnetid="110557854" confidence="0.8"><associate wordnetid="109816771" confidence="0.8"><link ns0:type="simple" ns0:href="../778/1216778.xml">ernest nagel</link></associate></scholar></causal_agent></alumnus></colleague></intellectual></person></philosopher></peer></physical_entity><physical_entity wordnetid="100001930" confidence="0.8"><person wordnetid="100007846" confidence="0.8"><intellectual wordnetid="109621545" confidence="0.8"><causal_agent wordnetid="100007347" confidence="0.8"><scientist wordnetid="110560637" confidence="0.8"><historian wordnetid="110177150" confidence="0.8"><mathematician wordnetid="110301261" confidence="0.8"><scholar wordnetid="110557854" confidence="0.8"><link ns0:type="simple" ns0:href="../510/887510.xml">jame newman</link></scholar></mathematician></historian></scientist></causal_agent></intellectual></person></physical_entity><it>godel proof</it>york univers press wonder write difficult subject mathematicallyinclin nonspecialist discuss gentzen proof footnot appendic discuss<link ns0:type="simple" ns0:href="../005/25005.xml">peano axiom</link>gentli introduc reader formal logic</entry><entry level="1" type="bullet"><physical_entity wordnetid="100001930" confidence="0.8"><person wordnetid="100007846" confidence="0.8"><causal_agent wordnetid="100007347" confidence="0.8"><scientist wordnetid="110560637" confidence="0.8"><mathematician wordnetid="110301261" confidence="0.8"><link ns0:type="simple" ns0:href="../372/10387372.xml">taylor booth</link></mathematician></scientist></causal_agent></person></physical_entity><it>sequenti machin automata theori</it>wiley york cf chapter ture machin difficult book meant electr engin technic specialist discuss recurs partialrecurs refer ture machin halt problem<link ns0:type="simple" ns0:href="../403/30403.xml">ture machin</link>model refer chapter catch older book includ author martin davi henni herm kleen minski rado technic paper note busybeav program</entry><entry level="1" type="bullet"><link>busi beaver</link>program describ scientif american august march refer booth attribut rado noncomput function bell system tech booth defin rado busi beaver problem problem chapter</entry><entry level="1" type="bullet"><link>david bolter</link><it>ture man western cultur comput age</it>univers north carolina press chapel hill gener reader date simpl ture machin model</entry><entry level="1" type="bullet"><link ns0:type="simple" ns0:href="../805/28805.xml">stephen kleen</link><it>introduct metamathemat</it>northholland chapter xiii comput function includ discuss unsolv halt problem ture machin departur ture terminolog circlefre nonhalt machin kleen refer machin halt</entry></list></p></sec></bdy></article>