<article xmlns:ns0="http://www.w3.org/1999/xlink"><header><title>algorithm effici</title><id /><revision><id /><timestamp>tz</timestamp><contributor><username>kdakin</username><id /></contributor></revision><categories><category>technolog</category><category>analysi algorithm</category></categories></header><bdy><link ns0:type="simple" ns0:href="../323/5323.xml">comput scienc</link><b>effici</b>describ properti<link ns0:type="simple" ns0:href="../775/775.xml">algorithm</link>relat type resourc consum frequent encount<list><entry level="1" type="bullet">speed run time time take algorithm complet</entry><entry level="1" type="bullet">space memori nonvolatil storag algorithm oper</entry></list>appli<list><entry level="1" type="bullet">transmiss size<link>extern memori</link>requir bandwidth disk space</entry></list><p>process make code effici<link ns0:type="simple" ns0:href="../779/225779.xml">optim</link>case automat optim<link ns0:type="simple" ns0:href="../355/40355.xml">compil optim</link>perform compil request default focu space cost speed vice versa simpl program techniqu avoid strategi improv time irrespect hardwar softwar languag reorder nest condit statement frequent occur condit exampl test patient<link ns0:type="simple" ns0:href="../309/55309.xml">blood type</link>ab test age gt type blood occur popul elimin second test<link ns0:type="simple" ns0:href="../263/192263.xml">runtim</link>instanc reduc actual<link ns0:type="simple" ns0:href="../800/18839800.xml">instruct path length</link>optim compil awar programm easili specialist medic knowledg</p><sec><st>speed</st><p><b>absolut</b>speed algorithm input simpli measur durat execut clock time averag execut elimin random effect modern processor oper<link ns0:type="simple" ns0:href="../020/64020.xml">multiprocess</link><link ns0:type="simple" ns0:href="../857/6857.xml">multiprogram</link>environ consider parallel process occur physic machin elimin<b>rel</b>measur algorithm perform gain total<link ns0:type="simple" ns0:href="../800/18839800.xml">instruct path length</link>determin time<link ns0:type="simple" ns0:href="../791/3076791.xml">instruct set simul</link></p><p><b>estim</b>speed algorithm determin way common method<link ns0:type="simple" ns0:href="../543/7543.xml">time complex</link>determin<link ns0:type="simple" ns0:href="../578/44578.xml">bigo</link>algorithm<link ns0:type="simple" ns0:href="../ury/23rd_century.xml">runtim analysi</link>estim fast algorithm type exampl lookup unsort list lookup sort list term<link ns0:type="simple" ns0:href="../529/185529.xml">scalabl</link>depend size input processor power factor</p></sec><sec><st>memori</st><p>algorithm faster expens memori case result expens calcul<link ns0:type="simple" ns0:href="../829/6829.xml">cach</link>recalcul afresh time addit memori requir case consid addit<link ns0:type="simple" ns0:href="../671/2554671.xml">overhead</link>situat store result occupi extra space held precompil<link ns0:type="simple" ns0:href="../391/2783391.xml">static</link>storag reduc process time alloc dealloc work memori common method improv speed program languag add special featur support<programming_language wordnetid="106898352" confidence="0.9508927676800064"><link ns0:type="simple" ns0:href="../038/72038.xml" /></programming_language><link ns0:type="simple" ns0:href="../824/197824.xml">mutabl</link>keyword</p><p>memori requir algorithm separ thing</p><p><list><entry level="1" type="bullet">memori compil execut code<link ns0:type="simple" ns0:href="../307/337307.xml">object code</link><link ns0:type="simple" ns0:href="../702/920702.xml">binari file</link>disk equival depend hardwar languag reduc prefer runtim decis make mechan<link ns0:type="simple" ns0:href="../664/374664.xml">virtual function</link><link ns0:type="simple" ns0:href="../913/598913.xml">runtim type</link>compiletim decis make mechan<idea wordnetid="105833840" confidence="0.8"><concept wordnetid="105835747" confidence="0.8"><link ns0:type="simple" ns0:href="../560/20560.xml">macro substitut</link></concept></idea><link ns0:type="simple" ns0:href="../218/31218.xml">templat</link>cost speed</entry></list></p><p><list><entry level="1" type="bullet">amount temporari<link ns0:type="simple" ns0:href="../117/547117.xml">dynam memori</link>alloc process exampl dynam precach mention earlier improv speed cost attribut depth subroutin call impact heavili cost increas path length heavi dynam memori requir function invok copi function paramet simpli<link ns0:type="simple" ns0:href="../018/459018.xml">pointer</link>earlier defin<link ns0:type="simple" ns0:href="../365/1525365.xml">static</link>valu<b>doubl</b>memori requir memori metric well carri process<link ns0:type="simple" ns0:href="../671/2554671.xml">overhead</link>copi relev lengthi paramet<link ns0:type="simple" ns0:href="../191/13191.xml">html</link>script<link ns0:type="simple" ns0:href="../845/9845.xml">javascript</link><link ns0:type="simple" ns0:href="../661/27661.xml">sourc program</link>extens freeform text letter<link ns0:type="simple" ns0:href="../738/9738.xml">email</link></entry></list></p><p>section<b>choic instruct data type</b><b>avoid cost</b>concern deliber stretch data structur forc fix length multipl</p></sec><sec><st>transmiss size</st><p><link ns0:type="simple" ns0:href="../013/8013.xml">data compress</link>algorithm help reduc consumpt expens resourc hard disk space transmiss bandwidth cost addit process time compress subsequ decompress depend speed data transfer compress reduc<link ns0:type="simple" ns0:href="../662/41662.xml">respons time</link>ultim equat speed process comput take longer transmiss size<link ns0:type="simple" ns0:href="../184/1191184.xml">high resolut</link><link ns0:type="simple" ns0:href="../925/71925.xml">imag</link><link ns0:type="simple" ns0:href="../063/34063.xml">web</link>accept lower resolut techniqu method commerci product<link ns0:type="simple" ns0:href="../092/7483092.xml">onspe</link>audio<format wordnetid="106636806" confidence="0.9508927676800064"><link ns0:type="simple" ns0:href="../673/19673.xml">mp</link></format>compress method extens portabl sound system effici data compress algorithm relat compress factor speed achiev compress decompress purpos archiv extens<link ns0:type="simple" ns0:href="../377/8377.xml">databas</link>consid worthwhil achiev high compress ratio decompress occur major data</p><ss1><st>remateri</st><p>argu<change_of_state wordnetid="100199130" confidence="0.8"><event wordnetid="100029378" confidence="0.8"><change wordnetid="100191142" confidence="0.8"><improvement wordnetid="100248977" confidence="0.8"><action wordnetid="100037396" confidence="0.8"><optimization wordnetid="100260051" confidence="0.8"><act wordnetid="100030358" confidence="0.8"><psychological_feature wordnetid="100023100" confidence="0.8"><link ns0:type="simple" ns0:href="../423/1770423.xml">remateri</link></psychological_feature></act></optimization></action></improvement></change></event></change_of_state>recalcul occasion effici hold cach nonintuit belief faster recalcul input answer special case decreas<link ns0:type="simple" ns0:href="../122/485122.xml">regist pressur</link>optim compil abil decid consid worthwhil base number criteria complex<link ns0:type="simple" ns0:href="../828/151828.xml">side effect</link>work keep track express comput variabl concept<link ns0:type="simple" ns0:href="../025/12274025.xml">express</link></p></ss1></sec><sec><st>optim techniqu</st><ss1><st>environ specif</st><p>optim algorithm frequent depend properti machin algorithm will execut well languag algorithm written chosen<link ns0:type="simple" ns0:href="../817/93817.xml">data type</link>exampl programm optim code time effici applic comput sizabl amount memori code destin embed small memorytight devic programm accept will slowli simpli restrict memori potenti softwar optim</p><p>discuss<link ns0:type="simple" ns0:href="../615/13615.xml">hardwar</link>perform articl<link ns0:type="simple" ns0:href="../528/9007528.xml">comput perform</link>cover thing cpu clock speed cycl instruct relev<link ns0:type="simple" ns0:href="../658/731658.xml">metric</link>discuss choic instruct specif machin effici choic instruct data type</p></ss1><ss1><st>gener techniqu</st><p><list><entry level="1" type="bullet">tabl lookup expens term execut time reduc effici techniqu index array<link ns0:type="simple" ns0:href="../266/4266.xml">binari search</link>es lookup st occurr index obviou compromis</entry><entry level="1" type="bullet"><link ns0:type="simple" ns0:href="../763/1603763.xml" />program branch util<link ns0:type="simple" ns0:href="../800/6894800.xml">branch tabl</link>control program flow multipl condit statement unoptim<technique wordnetid="105665146" confidence="0.8"><shell wordnetid="104190464" confidence="0.8"><artifact wordnetid="100021939" confidence="0.8"><instrumentality wordnetid="103575240" confidence="0.8"><ammunition wordnetid="102703275" confidence="0.8"><know-how wordnetid="105616786" confidence="0.8"><method wordnetid="105660268" confidence="0.8"><weaponry wordnetid="104566257" confidence="0.8"><link ns0:type="simple" ns0:href="../991/780991.xml">caseswitch</link></weaponry></method></know-how></ammunition></instrumentality></artifact></shell></technique>drastic reduc<link ns0:type="simple" ns0:href="../800/18839800.xml">instruct path length</link>simultan reduc<link ns0:type="simple" ns0:href="../702/920702.xml">program size</link>program easier read easili maintain<link ns0:type="simple" ns0:href="../572/433572.xml">decis tabl</link>repetit<link ns0:type="simple" ns0:href="../732/28732.xml">spaghetti code</link></entry></list></p></ss1><ss1><st>depend tree spreadsheet</st><p><link ns0:type="simple" ns0:href="../686/27686.xml">spreadsheet</link>special case algorithm optim virtu depend tree inher design spreadsheet order reduc recalcul cell chang earlier calcul effect cach workbook updat cell chang effect directli</p></ss1><ss1><st>search string</st><p>search text string long sequenc charact gener lengthi instruct path method reduc cost examin<link>boyermoor string search algorithm</link><link>boyermoorehorspool algorithm</link>modifi version solut proven superior repetit comparison entir search string sequenc<weblink ns0:type="simple" ns0:href="http://webhome.cs.uvic.ca/~nigelh/Publications/stringsearch.pdf">httpwebhomecsuviccanigelhpublicationsstringsearchpdf</weblink></p></ss1><ss1><st>hot spot analyz</st><p>special system softwar product perform analyz supplier help diagnos<link ns0:type="simple" ns0:href="../994/13994.xml">hot spot</link>actual execut comput program real test data perform<link ns0:type="simple" ns0:href="../080/2310080.xml">perform analysi</link>gener repeat condit<weblink ns0:type="simple" ns0:href="http://www-306.ibm.com/software/awdtools/apa/">httpwwwibmcomsoftwareawdtoolsapa</weblink>pinpoint section program benefit target programm optim spend time optim rest code program rerun measur rel improv determin decid optim success amount<link ns0:type="simple" ns0:href="../791/3076791.xml">instruct set simul</link>altern measur instruct path length machin code level select execut path entir execut</p></ss1><ss1><st>benchmark competit algorithm</st><p>version softwar provid comparison competit system<standard wordnetid="107260623" confidence="0.8"><benchmark wordnetid="107261143" confidence="0.8"><system_of_measurement wordnetid="113577171" confidence="0.8"><link ns0:type="simple" ns0:href="../870/1980870.xml">benchmark</link></system_of_measurement></benchmark></standard>assist gaug algorithm rel perform<link ns0:type="simple" ns0:href="../442/28442.xml">sort</link>algorithm produc exampl compar predecessor ensur effici data consider function improv benchmark custom compar product altern supplier estim product will best suit specif requir term function perform exampl<link ns0:type="simple" ns0:href="../330/20330.xml">mainfram</link>proprietari<link ns0:type="simple" ns0:href="../055/12640055.xml">sort</link>product independ softwar compani<company wordnetid="108058098" confidence="0.9508927676800064"><link ns0:type="simple" ns0:href="../951/18431951.xml">syncsort</link></company>compet product major supplier<company wordnetid="108058098" confidence="0.9508927676800064"><link ns0:type="simple" ns0:href="../259/18622259.xml">ibm</link></company>speed benchmark provid opportun produc analysi compar rel speed compil interpret languag exampl<weblink ns0:type="simple" ns0:href="http://freespace.virgin.net/roy.longbottom/whetstone.htm#anchorPC2">httpfreespacevirginnetroylongbottomwhetstonehtmanchorpc</weblink><weblink ns0:type="simple" ns0:href="http://www.fourmilab.ch/fourmilog/archives/2005-08/000567.html">httpwwwfourmilabchfourmilogarchiveshtml</weblink><it>comput languag benchmark game</it><ref ns0:type="simple" ns0:href="#xpointer(//reflist/entry[@id=%221%22])" />compar perform implement typic program problem program languag</p></ss1><ss1><st>compil versu interpret languag</st><p>compil algorithm will gener execut faster equival<link ns0:type="simple" ns0:href="../868/59868.xml">interpret</link>algorithm simpli process requir time understand interpret instruct execut compil program will output<link ns0:type="simple" ns0:href="../307/337307.xml">object</link><link ns0:type="simple" ns0:href="../683/20683.xml">machin code</link>equival algorithm process compil form execut<link ns0:type="simple" ns0:href="../999/19999.xml">microcod</link>hardwar directli popular<programming_language wordnetid="106898352" confidence="0.9508927676800064"><link ns0:type="simple" ns0:href="../939/23939.xml">perl</link></programming_language>languag exampl interpret languag benchmark indic execut time slowli compil<weblink ns0:type="simple" ns0:href="http://www.fourmilab.ch/fourmilog/archives/2005-08/000567.html">httpwwwfourmilabchfourmilogarchiveshtml</weblink></p></ss1><ss1><st>justintim compil</st><p>onthefli processor today<link ns0:type="simple" ns0:href="../632/220632.xml">justintim</link>jit compil combin featur interpret languag compil languag incorpor element<link ns0:type="simple" ns0:href="../402/22402.xml">optim</link>greater lesser extent essenti jit compil compil small section sourc code statement<link ns0:type="simple" ns0:href="../997/89997.xml">bytecod</link>newli encount retain result time sourc process addit precompil segment code inlin call dynam function perform equal fast equival custom compil function jit processor access runtim normal compil cant optim execut depend input perform runtim<link ns0:type="simple" ns0:href="../501/317501.xml">introspect</link>optim execut proce jit processor incorpor<link>modifi code</link>equival creat fast path rout algorithm techniqu dynam<structure wordnetid="104341686" confidence="0.8"><artifact wordnetid="100021939" confidence="0.8"><event wordnetid="100029378" confidence="0.8"><rule wordnetid="105846932" confidence="0.8"><act wordnetid="100030358" confidence="0.8"><psychological_feature wordnetid="100023100" confidence="0.8"><procedure wordnetid="101023820" confidence="0.8"><activity wordnetid="100407535" confidence="0.8"><algorithm wordnetid="105847438" confidence="0.8"><link ns0:type="simple" ns0:href="../270/7543270.xml">fraction cascad</link></algorithm></activity></procedure></psychological_feature></act></rule></event></artifact></structure><link ns0:type="simple" ns0:href="../263/192263.xml">runtim</link>devic base collect actual runtim<link ns0:type="simple" ns0:href="../658/731658.xml">metric</link>entir jit compil counter intuit execut faster optim optim compil program</p></ss1><ss1><st>genet algorithm</st><p>perform algorithm worth mention role<event wordnetid="100029378" confidence="0.8"><rule wordnetid="105846932" confidence="0.8"><act wordnetid="100030358" confidence="0.8"><psychological_feature wordnetid="100023100" confidence="0.8"><procedure wordnetid="101023820" confidence="0.8"><activity wordnetid="100407535" confidence="0.8"><algorithm wordnetid="105847438" confidence="0.8"><link ns0:type="simple" ns0:href="../254/40254.xml">genet algorithm</link></algorithm></activity></procedure></psychological_feature></act></rule></event>compet method natur elimin inferior algorithm favour effici version</p></ss1><ss1><st>object code optim</st><p>proprietari program optim cobol optim develop<company wordnetid="108058098" confidence="0.8"><institution wordnetid="108053576" confidence="0.8"><link ns0:type="simple" ns0:href="../249/8465249.xml">capex corpor</link></institution></company>mid<link ns0:type="simple" ns0:href="../799/6799.xml">cobol</link>unusu step optim<link ns0:type="simple" ns0:href="../307/337307.xml">object code</link><link ns0:type="simple" ns0:href="../702/920702.xml">binari file</link><b />normal compil method depend knowledg weak standard ibm cobol compil replac<link ns0:type="simple" ns0:href="../153/475153.xml">patch</link>section object code effici code replac code replac linear<arrangement wordnetid="107938773" confidence="0.8"><group wordnetid="100031264" confidence="0.8"><array wordnetid="107939382" confidence="0.8"><link ns0:type="simple" ns0:href="../457/356457.xml">tabl lookup</link></array></group></arrangement><link ns0:type="simple" ns0:href="../266/4266.xml">binari search</link>exampl simpli replac slow instruct faster function equival context exampl<link ns0:type="simple" ns0:href="../294/29294.xml">ibm</link>hardwar<b>cli</b>instruct depend model time fast<b>clc</b>instruct singl byte comparison<weblink ns0:type="simple" ns0:href="http://www.bitsavers.org/pdf/ibm/360/A22_6825-1_360instrTiming.pdf">httpwwwbitsaversorgpdfibma__instrtimingpdf</weblink><weblink ns0:type="simple" ns0:href="http://portal.acm.org/citation.cfm?id=358732 dl=GUIDE dl=ACM">httpportalacmorgcitationcfmid dlguid dlacm</weblink></p></ss1><ss1><st>choic instruct data type</st><p><link ns0:type="simple" ns0:href="../448/466448.xml">assembl</link>languag applic<link ns0:type="simple" ns0:href="../281/532281.xml">hll</link>statement choic instruct<link ns0:type="simple" ns0:href="../817/93817.xml">data type</link>larg impact execut effici gener instruct process variabl sign unsign<link ns0:type="simple" ns0:href="../535/64535.xml">bit</link><link ns0:type="simple" ns0:href="../733/80733.xml">bit</link><link ns0:type="simple" ns0:href="../563/14563.xml">integ</link>faster process<link ns0:type="simple" ns0:href="../376/11376.xml">float point</link><link ns0:type="simple" ns0:href="../821/3821.xml">pack decim</link>largest integ encount accommod faster data type defin variabl type will result faster execut<link ns0:type="simple" ns0:href="../355/40355.xml">optim compil</link>will ineffect forc choos appropri instruct will execut faster case data type associ slower instruct assembl programm optim compil writer benefit abil perform common type arithmat instanc divis perform faster binari shift oper case bit</p><p>choic input data type control programm prior convers loop instanc faster data type carri<link ns0:type="simple" ns0:href="../671/2554671.xml">overhead</link>worthwhil variabl<link ns0:type="simple" ns0:href="../422/37422.xml">loop</link>counter count high input valu process mention choic individu assembl instruct order execut machin effici algorithm<weblink ns0:type="simple" ns0:href="http://mark.masmcode.com/">assembl optim tip</weblink>numer<link ns0:type="simple" ns0:href="../109/10109.xml">arcan</link>list technic nonintuit consider choic assembl instruct processor discuss merit case<link ns0:type="simple" ns0:href="../999/19999.xml">microcod</link><link ns0:type="simple" ns0:href="../615/13615.xml">hardwar</link><link ns0:type="simple" ns0:href="../702/4283702.xml">quirk</link>result unexpect perform differ processor assembl programm activ code avoid penalti result best optim compil design handl</p></ss1><ss1><st>softwar valid versu hardwar valid</st><p>optim techniqu frequent advantag<link ns0:type="simple" ns0:href="../295/18295.xml">legaci</link>platform allow hardwar<link ns0:type="simple" ns0:href="../999/19999.xml">microcod</link>perform valid<link ns0:type="simple" ns0:href="../891/10143891.xml">numer</link>data field code<link ns0:type="simple" ns0:href="../821/3821.xml">pack decim</link>pack bcd choic spend process time check field valid numer content intern represent chosen simpli assum data correct<link ns0:type="simple" ns0:href="../615/13615.xml">hardwar</link>detect error execut choic highli order check valid multipl field million input record occupi valuabl comput resourc input data field case frequent built output earlier comput process actual probabl field invalid data exceedingli low result corrupt solut incorpor event handler hardwar detect condit<abnormality wordnetid="114501726" confidence="0.8"><condition wordnetid="113920835" confidence="0.8"><state wordnetid="100024720" confidence="0.8"><physical_condition wordnetid="114034177" confidence="0.8"><anomaly wordnetid="114505821" confidence="0.8"><link ns0:type="simple" ns0:href="../231/59231.xml">data except</link></anomaly></physical_condition></state></condition></abnormality>intercept occasion errant data field report correct continu<link ns0:type="simple" ns0:href="../478/60478.xml">abort</link><link ns0:type="simple" ns0:href="../721/49721.xml">core dump</link>determin reason bad data event handler frequent util today web base applic handl except condit repeatedli pars data inputin order ensur valid execut commonplac partli processor faster perceiv effici area<link ns0:type="simple" ns0:href="../519/8519.xml">data structur</link>formal<message wordnetid="106598915" confidence="0.8"><information wordnetid="106634376" confidence="0.8"><format wordnetid="106636806" confidence="0.8"><link ns0:type="simple" ns0:href="../645/2084645.xml">csv</link></format></information></message><link ns0:type="simple" ns0:href="../109/1116109.xml">tsv</link>file uniqu identifi<link ns0:type="simple" ns0:href="../821/3821.xml">pack decim</link>potenti save type techniqu fallen gener disus consequ repeat data valid repeat data convers accept<link ns0:type="simple" ns0:href="../399/1932399.xml">overhead</link>iron consequ move formal data structur corrupt numer binari<link ns0:type="simple" ns0:href="../563/14563.xml">integ</link>will detect hardwar execut instanc<message wordnetid="106598915" confidence="0.8"><protocol wordnetid="106665108" confidence="0.8"><representation wordnetid="105926676" confidence="0.8"><direction wordnetid="106786629" confidence="0.8"><rule wordnetid="106652242" confidence="0.8"><link ns0:type="simple" ns0:href="../586/586.xml">ascii</link></rule></direction></representation></protocol></message><link ns0:type="simple" ns0:href="../263/13263.xml">hexadecim</link>valid sign unsign binari simpli string blank corrupt</p></ss1><ss1><st>avoid cost</st><p><list><entry level="1" type="bullet">defin variabl<link ns0:type="simple" ns0:href="../563/14563.xml">integ</link>index array<link ns0:type="simple" ns0:href="../376/11376.xml">float point</link>will result faster execut</entry><entry level="1" type="bullet">defin structur structur length multipl power will allow compil calcul<link ns0:type="simple" ns0:href="../052/2052.xml">array</link>index shift binari bit left multipli instruct will result faster execut ad redund short filler variabl pad length structur element byte byte reduc process time worthwhil amount larg array<weblink ns0:type="simple" ns0:href="http://www.eventhelix.com/realtimemantra/Basics/CToAssemblyTranslation2.htm">httpwwweventhelixcomrealtimemantrabasicsctoassemblytranslationhtm</weblink>gener code differ<programming_language wordnetid="106898352" confidence="0.9508927676800064"><link ns0:type="simple" ns0:href="../021/6021.xml" /></programming_language>exampl</entry><entry level="1" type="bullet">storag defin term bit byte suffic inadvert involv extrem long path length involv<link ns0:type="simple" ns0:href="../399/264399.xml">bitwis oper</link>effici singl instruct multipl byte copi instruct appli genuin intent bitwis oper exampl multipl divis power truefals flag</entry><entry level="1" type="bullet">unnecessari alloc<link ns0:type="simple" ns0:href="../117/547117.xml">dynam storag</link><link ns0:type="simple" ns0:href="../391/2783391.xml">static storag</link>suffic increas process overhead increas memori requir associ allocationdealloc<link ns0:type="simple" ns0:href="../749/498749.xml">path length</link>overhead<link ns0:type="simple" ns0:href="../988/40988.xml">function call</link></entry><entry level="1" type="bullet">excess function call simpl function inlin statement add<link ns0:type="simple" ns0:href="../800/18839800.xml">instruct path length</link><link ns0:type="simple" ns0:href="../993/273993.xml">stack</link>unstack overhead time critic system code size sensit automat manual<link ns0:type="simple" ns0:href="../884/216884.xml">inlin expans</link>reduc path length elimin instruct call function return conceptu method<link ns0:type="simple" ns0:href="../647/1052647.xml">loop unwind</link>elimin instruct requir set termin<link ns0:type="simple" ns0:href="../459/45459.xml#xpointer(//*[./st=%22Loops%22])">loop</link>repeat instruct insid loop multipl time cours elimin branch instruct increas size<link ns0:type="simple" ns0:href="../702/920702.xml">binari file</link>case<link ns0:type="simple" ns0:href="../632/220632.xml">jit</link>built code<link ns0:type="simple" ns0:href="../117/547117.xml">dynam memori</link>care method recalcul address statement unwound index loop expens increment<idea wordnetid="105833840" confidence="0.8"><concept wordnetid="105835747" confidence="0.8"><category wordnetid="105838765" confidence="0.8"><type wordnetid="105840188" confidence="0.8"><kind wordnetid="105839024" confidence="0.8"><link ns0:type="simple" ns0:href="../018/459018.xml">pointer</link></kind></type></category></concept></idea>loop</entry></list></p></ss1><ss1><st>readabl trade off trend</st><p>care pursuit good code style overemphas effici frequent clean readabl usabl design fast effici design hard understand except rule<link ns0:type="simple" ns0:href="../630/46630.xml">embed system</link>space tight process power minim rarer expect</p><p>increasingli time critic applic air reserv system<link ns0:type="simple" ns0:href="../633/220633.xml">pointofsal</link>applic<link ns0:type="simple" ns0:href="../628/46628.xml">atm</link>cashpoint machin airlin<link ns0:type="simple" ns0:href="../341/319341.xml">guidanc system</link><link ns0:type="simple" ns0:href="../843/18012843.xml">collis avoid system</link>numer modern web base applic oper<link ns0:type="simple" ns0:href="../767/25767.xml">realtim</link>environ speed respons fundament altern</p></ss1><ss1><st>determin optim worthwhil</st><p>essenti criteria optim code cours depend expect algorithm algorithm go year speed relev worth spend time design code effici outset exist algorithm prove slow memori issu clearli improv</p><p>averag applic oneoff applic avoid ineffici code techniqu encourag compil optim suffici</p><p>simpl mathematician determin optim worthwhil origin time space requir gener bigo notat algorithm<math>o_</math><math>o_</math>code requir<math>n_</math><math>n_</math>time space<math>n_ n_ lt o_ o_</math>optim carri mention true</p></ss1><ss1><st>implic algorithm effici</st><p>report publish decemb global action plan<weblink ns0:type="simple" ns0:href="http://www.globalactionplan.org.uk/">httpwwwglobalactionplanorguk</weblink>ukbas environment organis comput<generic wordnetid="107899976" confidence="0.9508927676800064"><link ns0:type="simple" ns0:href="../116/42116.xml">server</link></generic>great threat<link ns0:type="simple" ns0:href="../999/5999.xml">climat</link><link ns0:type="simple" ns0:href="../696/47696.xml">suv</link>global<link ns0:type="simple" ns0:href="../422/58422.xml">aviat</link>industri draw attent carbon footprint<link ns0:type="simple" ns0:href="../340/15340.xml" />industri uk<weblink ns0:type="simple" ns0:href="http://environment.newscientist.com/article/dn12992-computer-servers-as-bad-for-climate-as-suvs.html">httpenvironmentnewscientistcomarticledncomputerserversasbadforclimateassuvshtml</weblink><weblink ns0:type="simple" ns0:href="http://www.sierraclub.org/sierra/200703/innovators.asp">httpwwwsierracluborgsierrainnovatorsasp</weblink><periodical wordnetid="106593296" confidence="0.9508927676800064"><link ns0:type="simple" ns0:href="../974/13416974.xml">environment letter</link></periodical>report publish septemb total power technolog equip data center repres electr consumpt cool auxiliari infrastructur includ figur total data center power demand equival capac term seventeen mw power plant<weblink ns0:type="simple" ns0:href="http://www.iop.org/EJ/article/1748-9326/3/3/034008/erl8_3_034008.html#erl280630s6">httpwwwioporgejarticleerl__htmlerl</weblink></p><p>comput increasingli power decad emphasi brute forc mental reconsid light report effort futur reduc<link ns0:type="simple" ns0:href="../904/2263904.xml">carbon footprint</link>optim time remind algorithm effici aspect gener<link ns0:type="simple" ns0:href="../093/4024093.xml">thermodynam effici</link>genuin econom benefit optim algorithm case process cost time manner ultim act sooner</p></ss1></sec><sec><st /><p><list><entry level="1" type="bullet"><weblink ns0:type="simple" ns0:href="http://www-sr.informatik.uni-tuebingen.de/~buehler/BM/BM1.html">anim boyermoor algorithm</weblink></entry><entry level="1" type="bullet"><algorithm wordnetid="105847438" confidence="0.9508927676800064"><link ns0:type="simple" ns0:href="../266/4266.xml">binari search algorithm</link></algorithm>simpl effici techniqu search sort<link ns0:type="simple" ns0:href="../052/2052.xml">array</link></entry><entry level="1" type="bullet"><standard wordnetid="107260623" confidence="0.8"><benchmark wordnetid="107261143" confidence="0.8"><system_of_measurement wordnetid="113577171" confidence="0.8"><link ns0:type="simple" ns0:href="../870/1980870.xml">benchmark</link></system_of_measurement></benchmark></standard>method measur compar execut time defin case</entry><entry level="1" type="bullet"><link ns0:type="simple" ns0:href="../956/37956.xml">best worst averag case</link>consider estim execut time three scenario</entry><entry level="1" type="bullet"><idea wordnetid="105833840" confidence="0.8"><concept wordnetid="105835747" confidence="0.8"><link ns0:type="simple" ns0:href="../800/6894800.xml">branch tabl</link></concept></idea>techniqu reduc instruct pathlength size<link ns0:type="simple" ns0:href="../683/20683.xml">machin code</link>memori</entry><entry level="1" type="bullet"><link ns0:type="simple" ns0:href="../355/40355.xml">compil optim</link>compil deriv optim</entry><entry level="1" type="bullet"><link ns0:type="simple" ns0:href="../355/40355.xml">optim compil</link>design compil<link ns0:type="simple" ns0:href="../779/225779.xml">optim</link>compil time</entry><entry level="1" type="bullet"><link ns0:type="simple" ns0:href="../543/7543.xml">comput complex theori</link></entry><entry level="1" type="bullet"><link ns0:type="simple" ns0:href="../528/9007528.xml">comput perform</link>comput hardwar metric</entry><entry level="1" type="bullet"><link ns0:type="simple" ns0:href="../013/8013.xml">data compress</link>reduc transmiss bandwidth disk storag</entry><entry level="1" type="bullet"><link ns0:type="simple" ns0:href="../763/1603763.xml">technolog</link>techniqu fast lookup<link ns0:type="simple" ns0:href="../763/1603763.xml" />es</entry><entry level="1" type="bullet"><link ns0:type="simple" ns0:href="../028/64028.xml">local refer</link>avoid<link ns0:type="simple" ns0:href="../829/6829.xml">cach</link>delay caus nonloc memori access</entry><entry level="1" type="bullet"><change_of_state wordnetid="100199130" confidence="0.8"><event wordnetid="100029378" confidence="0.8"><change wordnetid="100191142" confidence="0.8"><improvement wordnetid="100248977" confidence="0.8"><action wordnetid="100037396" confidence="0.8"><optimization wordnetid="100260051" confidence="0.8"><act wordnetid="100030358" confidence="0.8"><psychological_feature wordnetid="100023100" confidence="0.8"><link ns0:type="simple" ns0:href="../754/1837754.xml">loop optim</link></psychological_feature></act></optimization></action></improvement></change></event></change_of_state></entry><entry level="1" type="bullet"><link ns0:type="simple" ns0:href="../779/225779.xml">optim comput scienc</link></entry><entry level="1" type="bullet"><link ns0:type="simple" ns0:href="../080/2310080.xml">perform analysi</link>method measur actual perform algorithm runtim</entry><entry level="1" type="bullet"><link ns0:type="simple" ns0:href="../767/25767.xml">realtim comput</link>exampl time critic applic</entry><entry level="1" type="bullet"><link ns0:type="simple" ns0:href="../ury/23rd_century.xml">runtim analysi</link>estim expect runtim algorithm scalabl</entry><entry level="1" type="bullet"><link ns0:type="simple" ns0:href="../080/930080.xml">virtual method tabl</link>branch tabl dynam assign pointer dispatch</entry></list></p></sec><sec><st>refer</st><p><reflist><entry id="1"><weblink ns0:type="simple" ns0:href="http://shootout.alioth.debian.org/">comput languag benchmark game</weblink></entry></reflist></p></sec></bdy></article>