<article xmlns:ns0="http://www.w3.org/1999/xlink"><message confidence="0.8" wordnetid="106598915"><protocol confidence="0.8" wordnetid="106665108"><event confidence="0.8" wordnetid="100029378"><direction confidence="0.8" wordnetid="106786629"><rule confidence="0.8" wordnetid="106652242"><rule confidence="0.8" wordnetid="105846932"><act confidence="0.8" wordnetid="100030358"><psychological_feature confidence="0.8" wordnetid="100023100"><procedure confidence="0.8" wordnetid="101023820"><activity confidence="0.8" wordnetid="100407535"><algorithm confidence="0.8" wordnetid="105847438"><header><title>rsync</title><id /><revision><id /><timestamp>tz</timestamp><contributor><username>vrusinov</username><id /></contributor></revision><categories><category>softwar</category><category>data synchron</category><category>network algorithm</category><category>unix softwar</category><category>free networkrel softwar</category><category>network file transfer protocol</category><category>free backup softwar</category></categories></header><bdy><template><name>infobox softwar</name><parameters><genre><link ns0:type="simple" ns0:href="../168/42168.xml">data transfer</link><link ns0:type="simple" ns0:href="../943/4455943.xml">differenti backup</link></genre><author><person wordnetid="100007846" confidence="0.9508927676800064"><programmer wordnetid="110481268" confidence="0.9173553029164789"><link ns0:type="simple" ns0:href="../90s/2090s.xml">andrew tridgel</link></programmer></person>paul mackerra</author><logo><image width="200px" src="Newrsynclogo.jpg" /></logo><website>httprsyncsambaorg</website><latest_release_version /><developer><physical_entity wordnetid="100001930" confidence="0.8"><person wordnetid="100007846" confidence="0.8"><computer_user wordnetid="109951274" confidence="0.8"><programmer wordnetid="110481268" confidence="0.8"><engineer wordnetid="109615807" confidence="0.8"><causal_agent wordnetid="100007347" confidence="0.8"><link ns0:type="simple" ns0:href="../368/789368.xml">wayn davison</link></causal_agent></engineer></programmer></computer_user></person></physical_entity></developer><name>rsync</name><latest_release_date><link ns0:type="simple" ns0:href="../948/27948.xml">septemb</link><link ns0:type="simple" ns0:href="../825/35825.xml" /></latest_release_date><caption>rsync logo</caption><license><link ns0:type="simple" ns0:href="../683/18938683.xml">gnu gener public licens</link></license></parameters></template><p>rsync<link ns0:type="simple" ns0:href="../746/454746.xml">softwar applic</link><family wordnetid="108078020" confidence="0.8"><link ns0:type="simple" ns0:href="../642/31642.xml">unix</link></family>system<link ns0:type="simple" ns0:href="../616/1581616.xml">synchron</link><link ns0:type="simple" ns0:href="../077/7077.xml">file</link><link ns0:type="simple" ns0:href="../027/5515027.xml">directori</link>locat minim<link ns0:type="simple" ns0:href="../040/18985040.xml">data</link>transfer<link ns0:type="simple" ns0:href="../283/320283.xml">delta encod</link>appropri featur rsync programsprotocol<link ns0:type="simple" ns0:href="../038/371038.xml">mirror</link>ing take place transmiss direct rsync copi display directori content copi file option<link ns0:type="simple" ns0:href="../013/8013.xml">compress</link><link ns0:type="simple" ns0:href="../407/25407.xml">recurs</link></p><p>daemon mode rsync listen default<link ns0:type="simple" ns0:href="../538/30538.xml">tcp</link><link ns0:type="simple" ns0:href="../331/4971331.xml">port</link>serv file nativ rsync protocol remot<link ns0:type="simple" ns0:href="../397/2281397.xml">shell</link><message wordnetid="106598915" confidence="0.8"><shell wordnetid="104190464" confidence="0.8"><protocol wordnetid="106665108" confidence="0.8"><artifact wordnetid="100021939" confidence="0.8"><instrumentality wordnetid="103575240" confidence="0.8"><ammunition wordnetid="102703275" confidence="0.8"><direction wordnetid="106786629" confidence="0.8"><rule wordnetid="106652242" confidence="0.8"><weaponry wordnetid="104566257" confidence="0.8"><link ns0:type="simple" ns0:href="../483/1341483.xml">rsh</link></weaponry></rule></direction></ammunition></instrumentality></artifact></protocol></shell></message><message wordnetid="106598915" confidence="0.8"><protocol wordnetid="106665108" confidence="0.8"><standard wordnetid="107260623" confidence="0.8"><direction wordnetid="106786629" confidence="0.8"><rule wordnetid="106652242" confidence="0.8"><system_of_measurement wordnetid="113577171" confidence="0.8"><link ns0:type="simple" ns0:href="../814/28814.xml">ssh</link></system_of_measurement></rule></direction></standard></protocol></message>case rsync client execut instal local remot host</p><p>releas<link ns0:type="simple" ns0:href="../683/18938683.xml">gnu gener public licens</link>rsync<link ns0:type="simple" ns0:href="../635/10635.xml">free softwar</link></p><sec><st>algorithm</st><p>rsync util<link ns0:type="simple" ns0:href="../775/775.xml">algorithm</link>invent<country wordnetid="108544813" confidence="0.9508927676800064"><link ns0:type="simple" ns0:href="../264/4689264.xml">australia</link></country>comput programm<person wordnetid="100007846" confidence="0.9508927676800064"><programmer wordnetid="110481268" confidence="0.9173553029164789"><link ns0:type="simple" ns0:href="../90s/2090s.xml">andrew tridgel</link></programmer></person>effici transmit structur file commun link receiv comput version structur</p><p>recipi split<link ns0:type="simple" ns0:href="../960/387960.xml">copi</link>file fixeds nonoverlap chunk size<math />comput<link ns0:type="simple" ns0:href="../538/7538.xml">checksum</link>chunk<function wordnetid="113783816" confidence="0.9508927676800064"><link ns0:type="simple" ns0:href="../106/578106.xml">md</link></function><link ns0:type="simple" ns0:href="../790/13790.xml">hash</link>weaker<mathematical_relation wordnetid="113783581" confidence="0.8"><function wordnetid="113783816" confidence="0.8"><link ns0:type="simple" ns0:href="../549/4071549.xml">roll checksum</link></function></mathematical_relation>send checksum sender version protocol releas rsync version<function wordnetid="113783816" confidence="0.9508927676800064"><link ns0:type="simple" ns0:href="../826/18826.xml">md</link></function>hash md<ref ns0:type="simple" ns0:href="#xpointer(//reflist/entry[@id=%221%22])" /></p><p>sender comput roll checksum<it />chunk size<math />version file overlap chunk calcul effici special properti roll checksum roll checksum<link ns0:type="simple" ns0:href="../365/3365.xml">byte</link><math /><math>ns</math><math />roll checksum byte<math /><math>ns</math>comput<math />byte<math />byte<math>ns</math>examin interven byte calcul roll checksum byte calcul roll checksum byte sole previou checksum byte</p><p><link ns0:type="simple" ns0:href="../549/4071549.xml">roll checksum</link>rsync base mark adler<link ns0:type="simple" ns0:href="../517/417517.xml">adler</link>checksum<link ns0:type="simple" ns0:href="../499/34499.xml">zlib</link>base<event wordnetid="100029378" confidence="0.8"><rule wordnetid="105846932" confidence="0.8"><act wordnetid="100030358" confidence="0.8"><psychological_feature wordnetid="100023100" confidence="0.8"><procedure wordnetid="101023820" confidence="0.8"><activity wordnetid="100407535" confidence="0.8"><algorithm wordnetid="105847438" confidence="0.8"><link ns0:type="simple" ns0:href="../050/701050.xml">fletcher checksum</link></algorithm></activity></procedure></psychological_feature></act></rule></event></p><p>sender compar roll checksum set recipi determin match exist verifi match comput md checksum match<link ns0:type="simple" ns0:href="../808/40808.xml">block</link>compar md checksum recipi</p><p>sender send recipi part file match recipi block assembl instruct merg block recipi version practic creat file ident sender copi principl recipi copi differ point sender happen file chunk possess md hash roll checksum chanc happen practic extrem remot</p><p>sender recipi version file section common util transfer data synchron file</p><p>rsync algorithm form heart rsync applic essenti optim transfer comput tcpip rsync applic support key featur aid data transfer backup includ compress decompress data block block<link ns0:type="simple" ns0:href="../499/34499.xml">zlib</link>send receiv end support protocol<message wordnetid="106598915" confidence="0.8"><protocol wordnetid="106665108" confidence="0.8"><standard wordnetid="107260623" confidence="0.8"><direction wordnetid="106786629" confidence="0.8"><rule wordnetid="106652242" confidence="0.8"><system_of_measurement wordnetid="113577171" confidence="0.8"><link ns0:type="simple" ns0:href="../814/28814.xml">ssh</link></system_of_measurement></rule></direction></standard></protocol></message>enabl encrypt transmiss compress effici differenti data rsync algorithm ssh<link ns0:type="simple" ns0:href="../552/172552.xml">stunnel</link>creat encrypt tunnel secur data transmit</p></sec><sec><st /><p>rsync written replac<link ns0:type="simple" ns0:href="../849/5590849.xml">rcp</link><message wordnetid="106598915" confidence="0.8"><protocol wordnetid="106665108" confidence="0.8"><direction wordnetid="106786629" confidence="0.8"><rule wordnetid="106652242" confidence="0.8"><link ns0:type="simple" ns0:href="../698/587698.xml">scp</link></rule></direction></protocol></message><ref ns0:type="simple" ns0:href="#xpointer(//reflist/entry[@id=%222%22])" />earliest applic rsync implement mirror backup multipl unix client central unix server rsyncssh standard unix account schedul util<link ns0:type="simple" ns0:href="../767/476767.xml">cron</link>schedul autom encrypt rsyncbas mirror multipl host comput central server</p></sec><sec><st>variat</st><p>util call rdiff rsync algorithm gener<event wordnetid="100029378" confidence="0.8"><rule wordnetid="105846932" confidence="0.8"><act wordnetid="100030358" confidence="0.8"><psychological_feature wordnetid="100023100" confidence="0.8"><procedure wordnetid="101023820" confidence="0.8"><activity wordnetid="100407535" confidence="0.8"><algorithm wordnetid="105847438" confidence="0.8"><link ns0:type="simple" ns0:href="../283/320283.xml">delta file</link></algorithm></activity></procedure></psychological_feature></act></rule></event>differ file file util<link ns0:type="simple" ns0:href="../673/79673.xml">diff</link>delta format delta file appli file turn file<link ns0:type="simple" ns0:href="../675/476675.xml">patch</link>util</p><p>diff process creat delta file step signatur file creat file small signatur file creat delta file diff rdiff work well<link ns0:type="simple" ns0:href="../702/920702.xml">binari file</link></p><p>rdiff util call rdiffbackup creat capabl maintain<link ns0:type="simple" ns0:href="../867/533867.xml">backup</link>mirror file directori network server rdiffbackup store increment rdiff delta backup recreat backup point</p><p><link ns0:type="simple" ns0:href="../990/6891990.xml">duplic</link>variat rdiffbackup allow backup cooper storag server simpl storag servic<work wordnetid="100575741" confidence="0.8"><system wordnetid="104377057" confidence="0.8"><artifact wordnetid="100021939" confidence="0.8"><instrumentality wordnetid="103575240" confidence="0.8"><event wordnetid="100029378" confidence="0.8"><service wordnetid="100577525" confidence="0.8"><act wordnetid="100030358" confidence="0.8"><psychological_feature wordnetid="100023100" confidence="0.8"><activity wordnetid="100407535" confidence="0.8"><link ns0:type="simple" ns0:href="../343/5962343.xml">amazon</link></activity></psychological_feature></act></service></event></instrumentality></artifact></system></work>work gener hash block advanc encrypt store server retriev increment backup rest data store encrypt secur purpos</p></sec><sec><st>histori</st><p>rsync announc<link ns0:type="simple" ns0:href="../817/15817.xml">june</link><link ns0:type="simple" ns0:href="../636/34636.xml" /><ref ns0:type="simple" ns0:href="#xpointer(//reflist/entry[@id=%223%22])" />origin author<person wordnetid="100007846" confidence="0.9508927676800064"><programmer wordnetid="110481268" confidence="0.9173553029164789"><link ns0:type="simple" ns0:href="../90s/2090s.xml">andrew tridgel</link></programmer></person>paul mackerra</p><p>rsync releas<link ns0:type="simple" ns0:href="../346/19346.xml">march</link><link ns0:type="simple" ns0:href="../825/35825.xml" /><ref ns0:type="simple" ns0:href="#xpointer(//reflist/entry[@id=%224%22])" /></p></sec><sec><st /><p><table style="background:#f9f9f9; font-size:85%; line-height:110%; "><row><col><image width="32x28px" src="Free_Software_Portal_Logo.svg" /></col><col style="padding:0 0.2em;"><it>free softwar portal</it></col></row></table></p><p><list><entry level="1" type="bullet"><link ns0:type="simple" ns0:href="../954/2303954.xml">cvsup</link></entry><entry level="1" type="bullet"><software wordnetid="106566077" confidence="0.9508927676800064"><link ns0:type="simple" ns0:href="../943/2387943.xml">unison file synchron</link></software></entry><entry level="1" type="bullet"><software wordnetid="106566077" confidence="0.9508927676800064"><link ns0:type="simple" ns0:href="../604/17489604.xml">powerfold</link></software></entry><entry level="1" type="bullet"><software wordnetid="106566077" confidence="0.9508927676800064"><link ns0:type="simple" ns0:href="../577/1869577.xml">jigdo</link></software></entry><entry level="1" type="bullet"><message wordnetid="106598915" confidence="0.8"><protocol wordnetid="106665108" confidence="0.8"><direction wordnetid="106786629" confidence="0.8"><rule wordnetid="106652242" confidence="0.8"><link ns0:type="simple" ns0:href="../839/12607839.xml">grsync</link></rule></direction></protocol></message></entry><entry level="1" type="bullet"><link ns0:type="simple" ns0:href="../246/19558246.xml">cwrsync</link></entry></list></p></sec><sec><st>refer</st><p><reflist><entry id="1">httprsyncsambaorgftprsyncsrcrsyncnew</entry><entry id="2">indic<weblink ns0:type="simple" ns0:href="http://rsync.samba.org/ftp/rsync/README">readm file</weblink></entry><entry id="3"><link ns0:type="simple" ns0:href="../817/15817.xml">june</link><link ns0:type="simple" ns0:href="../636/34636.xml" /><it>news releas rsync rcp replac</it>newscomposlinuxannounc composlinuxannounc<weblink ns0:type="simple" ns0:href="http://groups.google.com/group/comp.os.linux.announce/msg/3bb93f6484065f20">web link</weblink>retriev<link /></entry><entry id="4">davison wayn<link ns0:type="simple" ns0:href="../346/19346.xml">march</link><link ns0:type="simple" ns0:href="../825/35825.xml" /><weblink ns0:type="simple" ns0:href="http://lists.samba.org/archive/rsync-announce/2008/000057.html">rsync releas</weblink><it>rsyncannounc mail list</it></entry></reflist></p></sec><sec><st>extern link</st><p><list><entry level="1" type="bullet"><weblink ns0:type="simple" ns0:href="http://rsync.samba.org">rsync homepag</weblink></entry><entry level="1" type="bullet"><weblink ns0:type="simple" ns0:href="http://rsync.samba.org/tech_report/node2.html">rsync algorithm</weblink></entry><entry level="1" type="bullet"><weblink ns0:type="simple" ns0:href="http://everythinglinux.org/rsync/">rsync tutori</weblink></entry><entry level="1" type="bullet"><weblink ns0:type="simple" ns0:href="http://www.perihel.at/3/index.html#rsync">short practic exampl</weblink></entry><entry level="1" type="bullet"><weblink ns0:type="simple" ns0:href="http://www.fredshack.com/docs/rsync.html">easi follow rsync tutori</weblink></entry><entry level="1" type="bullet"><weblink ns0:type="simple" ns0:href="http://greenmice.info/en/node/34">rsync window</weblink></entry></list></p></sec></bdy></algorithm></activity></procedure></psychological_feature></act></rule></rule></direction></event></protocol></message></article>