<article xmlns:ns0="http://www.w3.org/1999/xlink"><header><title>zbuffer</title><id /><revision><id /><timestamp>tz</timestamp><contributor><username>vitorpamplona</username><id /></contributor></revision><categories><category>comput graphic</category></categories></header><bdy><image width="150px" src="Z-buffer.jpg" type="thumb"><caption>zbuffer data</caption></image><p><link ns0:type="simple" ns0:href="../210/18567210.xml">comput graphic</link><b>zbuffer</b>manag imag depth coordin threedimension graphic<link ns0:type="simple" ns0:href="../615/13615.xml">hardwar</link><link ns0:type="simple" ns0:href="../309/5309.xml">softwar</link>solut<link ns0:type="simple" ns0:href="../665/9331665.xml">visibl problem</link>problem decid element render scene visibl hidden<link ns0:type="simple" ns0:href="../028/47028.xml">painter algorithm</link>common solut effici handl nonopaqu scene element zbuffer<b>depth buffer</b></p><p>object render<link ns0:type="simple" ns0:href="../214/390214.xml">graphic card</link>depth gener<link ns0:type="simple" ns0:href="../665/23665.xml">pixel</link>coordin store<link ns0:type="simple" ns0:href="../183/2406183.xml">buffer</link><b>zbuffer</b><b>depth buffer</b>buffer arrang twodimension array xy element screen pixel object scene render pixel graphic card compar depth choos closer observ chosen depth save zbuffer replac zbuffer will allow graphic card correctli reproduc usual depth percept close object hide farther call<b>zcull</b></p><p>granular zbuffer great influenc scene qualiti<link ns0:type="simple" ns0:href="../535/64535.xml">bit</link>zbuffer result<link ns0:type="simple" ns0:href="../904/584904.xml">artifact</link>call<link ns0:type="simple" ns0:href="../063/811063.xml">zfight</link>object close<link ns0:type="simple" ns0:href="../348/2507348.xml">bit</link><link ns0:type="simple" ns0:href="../733/80733.xml">bit</link>zbuffer behav better problem entir elimin addit algorithm<link ns0:type="simple" ns0:href="../148/45148.xml">bit</link>zbuffer precis</p><sec><st>develop</st><p>granular qualiti problem<link ns0:type="simple" ns0:href="../932/41932.xml">precis</link>zbuffer distanc valu spread evenli distanc nearer valu precis display closer object better valu farther gener desir will artifact appear object distant variat zbuffer evenli distribut precis call<b>wbuffer</b><link ns0:type="simple" ns0:href="#xpointer(//*[./st=%22W-buffer%22])" /></p><p>start scene zbuffer clear defin upper limit scale depth mean object point<link ns0:type="simple" ns0:href="../564/782564.xml">view frustum</link></p><p>zbuffer concept attribut<physical_entity wordnetid="100001930" confidence="0.8"><peer wordnetid="109626238" confidence="0.8"><person wordnetid="100007846" confidence="0.8"><good_person wordnetid="110138767" confidence="0.8"><colleague wordnetid="109935990" confidence="0.8"><causal_agent wordnetid="100007347" confidence="0.8"><scientist wordnetid="110560637" confidence="0.8"><adult wordnetid="109605289" confidence="0.8"><saint wordnetid="110546850" confidence="0.8"><professional wordnetid="110480253" confidence="0.8"><associate wordnetid="109816771" confidence="0.8"><link ns0:type="simple" ns0:href="../051/174051.xml">edwin catmul</link></associate></professional></saint></adult></scientist></causal_agent></colleague></good_person></person></peer></physical_entity>wolfgang straer describ idea phd thesi<link ns0:type="simple" ns0:href="#xpointer(//*[./st=%22fn_1%22])" /></p><p>pc graphic card zbuffer manag chunk<link ns0:type="simple" ns0:href="../300/5300.xml">memori</link><link ns0:type="simple" ns0:href="../827/15612827.xml">bandwidth</link>method employ reduc perform cost zbuffer<link ns0:type="simple" ns0:href="../209/18209.xml">lossless compress</link>comput resourc compressdecompress cheaper bandwidth ultra fast hardwar zclear obsolet frame posit frame neg trick skip interfram clear altogeth sign number cleverli check depth</p></sec><sec><st>zcull</st><p><link ns0:type="simple" ns0:href="../604/6604.xml">render</link>zcull earli pixel elimin base depth method increas perform render hidden surfac costli direct consequ zbuffer depth pixel candid compar depth exist geometri hidden</p><p>zbuffer pixel cull discard depth skip entir process light<link ns0:type="simple" ns0:href="../903/146903.xml">textur</link>pixel<event wordnetid="100029378" confidence="0.8"><rule wordnetid="105846932" confidence="0.8"><act wordnetid="100030358" confidence="0.8"><psychological_feature wordnetid="100023100" confidence="0.8"><procedure wordnetid="101023820" confidence="0.8"><activity wordnetid="100407535" confidence="0.8"><algorithm wordnetid="105847438" confidence="0.8"><link>visibl</link></algorithm></activity></procedure></psychological_feature></act></rule></event>timeconsum<link ns0:type="simple" ns0:href="../115/441115.xml">pixel shader</link>will gener execut cull pixel zcull good optim candid situat<link ns0:type="simple" ns0:href="../073/4377073.xml">fillrat</link>light textur pixel shader main<link>bottleneck</link></p><p>zbuffer allow geometri unsort sort<link ns0:type="simple" ns0:href="../621/23621.xml">polygon</link>increas depth revers<link ns0:type="simple" ns0:href="../028/47028.xml">painter algorithm</link>allow screen pixel render fewer time increas perform fillratelimit scene larg amount overdraw suffer sever problem<list><entry level="1" type="bullet">polygon occlud cycl triangl occlud occlud occlud</entry><entry level="1" type="bullet">canon pick point triangl matter sort triangl<link ns0:type="simple" ns0:href="../926/187926.xml">centroid</link>closest point furthest point find triangl closer realiti drawn</entry></list>revers painter algorithm altern zcull strenuou reengin optim zcull exampl optim polygon sort xyloc zdepth provid bound effort determin polygon occlus interact</p></sec><sec><st>mathemat</st><p>rang depth valu camera<link ns0:type="simple" ns0:href="../667/27667.xml">space</link><mathematical_relation wordnetid="113783581" confidence="0.8"><function wordnetid="113783816" confidence="0.8"><link ns0:type="simple" ns0:href="../741/313741.xml">project</link></function></mathematical_relation>render defin<math>mathitnear</math><math>mathitfar</math><math /><link ns0:type="simple" ns0:href="../741/313741.xml">perspect transform</link>ation<math /><math />defin</p><p><math>fracmathitfarmathitnearmathitfarmathitnear fracz leftfrac cdot mathitfar cdot mathitnearmathitfarmathitnearright</math></p><p><math /><math />camera space call<math /><math /></p><p>valu<math /><link ns0:type="simple" ns0:href="../386/499386.xml">normal</link>valu<math /><link ns0:type="simple" ns0:href="../029/84029.xml">plane</link><math />plane valu rang correspond point view<link ns0:type="simple" ns0:href="../405/89405.xml">frustum</link>shouldnt render</p><p>order convert normalis valu<math />camera space invers formula</p><p><math>frac cdot mathitfar cdot mathitnearzleftmathitfar mathitnearright leftmathitfar mathitnearright</math></p><p>allow measur distanc object camera cameraobject space depth buffer calcul perform formula assum<math />normalis rang describ case read depth buffer hardwar graphic acceler resolut valu<math />calcul<math />will depend select<math /><math />plane describ</p><p>implement zbuffer valu<math /><link ns0:type="simple" ns0:href="../010/160010.xml">linearli interpol</link>screen space<link ns0:type="simple" ns0:href="../417/11308417.xml">vertic</link>current<link ns0:type="simple" ns0:href="../621/23621.xml">polygon</link>intermedi valu gener store zbuffer<idea wordnetid="105833840" confidence="0.8"><concept wordnetid="105835747" confidence="0.8"><category wordnetid="105838765" confidence="0.8"><type wordnetid="105840188" confidence="0.8"><kind wordnetid="105839024" confidence="0.8"><link ns0:type="simple" ns0:href="../736/449736.xml">fix point</link></kind></type></category></concept></idea>format valu<math />group dens<math />plane spars farther better precis closer camera smaller<math>nearfar</math>ratio precis<math />plane set close common undesir render artifact distant object<ref ns0:type="simple" ns0:href="#xpointer(//reflist/entry[@id=%221%22])" /></p><ss1><st>wbuffer</st><p>implement wbuffer valu<math />camera space<math />store buffer gener<link ns0:type="simple" ns0:href="../376/11376.xml">float point</link>format valu linearli interpol screen space vertic<link ns0:type="simple" ns0:href="../958/193958.xml">invert</link>interpol invert valu<math />oppos<math />space evenli<math /><math />implement wbuffer avoid invers altogeth</p><p>zbuffer wbuffer better imag depend applic</p></ss1></sec><sec><st>refer</st><p><reflist><entry id="1">grgori massal<weblink ns0:type="simple" ns0:href="http://www.codermind.com/articles/Depth-buffer-tutorial.html">depth buffer gritti detail</weblink>retriev<link /></entry></reflist></p></sec><sec><st /><p><list><entry level="1" type="bullet"><physical_entity wordnetid="100001930" confidence="0.8"><peer wordnetid="109626238" confidence="0.8"><person wordnetid="100007846" confidence="0.8"><good_person wordnetid="110138767" confidence="0.8"><colleague wordnetid="109935990" confidence="0.8"><causal_agent wordnetid="100007347" confidence="0.8"><scientist wordnetid="110560637" confidence="0.8"><adult wordnetid="109605289" confidence="0.8"><saint wordnetid="110546850" confidence="0.8"><professional wordnetid="110480253" confidence="0.8"><associate wordnetid="109816771" confidence="0.8"><link ns0:type="simple" ns0:href="../051/174051.xml">edwin catmul</link></associate></professional></saint></adult></scientist></causal_agent></colleague></good_person></person></peer></physical_entity>inventor zbuffer concept</entry><entry level="1" type="bullet"><process wordnetid="100029677" confidence="0.8"><physical_entity wordnetid="100001930" confidence="0.8"><phenomenon wordnetid="100034213" confidence="0.8"><consequence wordnetid="111410625" confidence="0.8"><link ns0:type="simple" ns0:href="../073/10175073.xml">comput graphic</link></consequence></phenomenon></physical_entity></process></entry><entry level="1" type="bullet"><link ns0:type="simple" ns0:href="../063/811063.xml">zfight</link></entry><entry level="1" type="bullet"><link ns0:type="simple" ns0:href="../269/2082269.xml">irregular zbuffer</link></entry><entry level="1" type="bullet"><link ns0:type="simple" ns0:href="../404/887404.xml">zorder</link></entry><entry level="1" type="bullet"><link>hierarch zbuffer</link></entry></list></p></sec><sec><st>extern link</st><p><list><entry level="1" type="bullet"><weblink ns0:type="simple" ns0:href="http://www.sjbaker.org/steve/omniv/love_your_z_buffer.html">learn love zbuffer</weblink></entry><entry level="1" type="bullet"><weblink ns0:type="simple" ns0:href="http://www.sjbaker.org/steve/omniv/alpha_sorting.html">alphablend zbuffer</weblink></entry></list></p></sec><sec><st>note</st><p><cite id="1" />wk giloi jl encarnao straer giloi school comput graphic comput graphic</p></sec></bdy></article>