<article xmlns:ns0="http://www.w3.org/1999/xlink"><header><title>risk</title><id /><revision><id /><timestamp>tz</timestamp><contributor><username>camembert</username><id /></contributor></revision><categories><category>actuari scienc</category><category>risk financ</category><category>mathemat financ</category></categories></header><bdy><image width="150px" src="VaR_graph.png" type="thumb"><caption>risk distribut portfolio</caption></image>risk var maximum toler loss occur probabl period time var appli concept measur manag type risk commonli measur manag<link ns0:type="simple" ns0:href="../996/337996.xml">market risk</link>asset var describ loss maximum toler loss measur risk<link ns0:type="simple" ns0:href="../108/11930108.xml">volatil</link><link ns0:type="simple" ns0:href="../590/27590.xml">standard deviat</link><link ns0:type="simple" ns0:href="../666/51666.xml">semivari</link><link>downsid risk</link><link ns0:type="simple" ns0:href="../819/8307819.xml">expect shortfal</link>account<sec><st>detail definit</st><p>var three paramet</p><p><list><entry level="1" type="bullet">time period loss occur exampl financi institut consid time period commit hold<market wordnetid="101097292" confidence="0.8"><event wordnetid="100029378" confidence="0.8"><act wordnetid="100030358" confidence="0.8"><psychological_feature wordnetid="100023100" confidence="0.8"><activity wordnetid="100407535" confidence="0.8"><link ns0:type="simple" ns0:href="../843/1436843.xml">portfolio</link></activity></psychological_feature></act></event></market>time requir liquid asset day period comput capit requir european<link ns0:type="simple" ns0:href="../294/236294.xml">capit adequaci direct</link>cad<link ns0:type="simple" ns0:href="../335/1291335.xml">basel ii</link>accord market risk year period<link ns0:type="simple" ns0:href="../603/372603.xml">credit risk</link></entry></list></p><p><list><entry level="1" type="bullet"><link ns0:type="simple" ns0:href="../911/280911.xml">confid level</link>repres probabl random variabl will fall interv estim averag commonli confid level distribut probabl maximum toler loss calcul confid level</entry></list></p><p><list><entry level="1" type="bullet">maximum toler loss monetari unit</entry></list></p></sec><sec><st>mathemat definit</st><p>quantit risk manag mcneil frey embrecht pg</p><p>confid level<math>alpha</math>var portfolio confid level<math>alpha</math>smallest number<math />probabl loss<math />exce<math />larger<math>alpha</math></p><p><indent level="1"><math>textvar_alphainflin realpl gtlleq alphainflin realf_llgeqalpha</math></indent></p><p>probabilist term var<link ns0:type="simple" ns0:href="../184/25184.xml">quantil</link>loss distribut</p></sec><sec><st>exampl</st><p>consid trade portfolio market dollar today market tomorrow invest bank hold portfolio report portfolio day var confid level impli normal trade condit bank confid chang portfolio result decreas day equival confid level portfolio will decreas day confid interv impli chanc event happen actual probabl event determin</p><p>key point note target confid level exampl paramet output calcul exampl maximum loss<it>risk</it>confid level</p></sec><sec><st>common var calcul model</st><p>return percentag chang</p><p>varieti model exist estim var model set assumpt common assumpt histor market data best estim futur chang common model includ<list><entry level="1" type="number"><link ns0:type="simple" ns0:href="../344/32344.xml">varianc</link><link ns0:type="simple" ns0:href="../059/157059.xml">covari</link>vcv assum risk factor return jointli distribut chang portfolio linearli depend risk factor return</entry><entry level="1" type="number"><link>histor simul</link>assum asset return futur will distribut histor market data</entry><entry level="1" type="number"><link ns0:type="simple" ns0:href="../098/56098.xml">mont carlo simul</link>futur asset return randomli simul<know-how wordnetid="105616786" confidence="0.8"><method wordnetid="105660268" confidence="0.8"><link>mont carlo method financ</link></method></know-how></entry></list></p><p>variancecovari deltanorm model popular jp morgan<link ns0:type="simple" ns0:href="../001/231001.xml">jp morgan chase</link>earli publish<it><link ns0:type="simple" ns0:href="../736/8304736.xml">riskmetr</link>technic document</it>will simpl case risk factor portfolio asset assumpt enabl translat var estim problem linear algebra problem</p><p><list><entry level="1" type="number">portfolio compos asset delta linear exactli chang portfolio linearli depend linear combin chang valu asset portfolio return linearli depend asset return</entry><entry level="1" type="number">asset return jointli distribut</entry></list></p><p>implic portfolio return distribut hold linear combin jointli distribut variabl distribut</p><p>will notat<list><entry level="1" type="bullet"><math>_i</math>return asset<math>mu</math>asset</entry><entry level="1" type="bullet"><math>_p</math>return portfolio<math>mu</math>portfolio</entry><entry level="1" type="bullet">return return hold period</entry><entry level="1" type="bullet">asset</entry><entry level="1" type="bullet"><math>mu</math>expect</entry><entry level="1" type="bullet">standard deviat</entry><entry level="1" type="bullet">initi currenc unit</entry><entry level="1" type="bullet"><math>omega_i v_i v_p</math></entry><entry level="1" type="bullet"><math>boldsymbolomega</math>vector<math>omega_i</math>transpos</entry><entry level="1" type="bullet"><math>boldsymbolsigma</math><link ns0:type="simple" ns0:href="../752/191752.xml">covari matrix</link>matrix<link ns0:type="simple" ns0:href="../059/157059.xml">covari</link>asset return nxn matrix</entry></list></p><p>calcul</p><p><math>mu_p sum_in omega_i mu_i</math></p><p>ii<math>sigma_p sqrtboldsymbolomegat boldsymbolsigmaboldsymbolomega</math></p><p>normal assumpt allow zscale calcul portfolio standard deviat appropri confid level confid level var</p><p>iii<math>var v_p mu_p sigma_p</math></p><p>benefit variancecovari model compact maintain data set bought third parti speed calcul optim linear algebra librari drawback includ assumpt portfolio compos asset delta linear assumpt normal distribut asset return market price return</p><p>histor simul simplest transpar method calcul involv run current portfolio set histor price chang yield distribut chang portfolio comput percentil var benefit method simplic implement fact assum<link ns0:type="simple" ns0:href="../462/21462.xml">normal distribut</link>asset return drawback requir larg market databas comput intens calcul</p><p>histor data evalu var simpl data</p><p><math>var sigma_p sqrt</math></p><p><list><entry level="1" type="bullet">market portfolio</entry><entry level="1" type="bullet"><math>sigma_p</math>histor volatil portfolio</entry><entry level="1" type="bullet">number day day</entry><entry level="1" type="bullet">number sigma need level certainti</entry></list></p><p>mont carlo simul conceptu simpl gener comput intens method describ gener mc var calcul<list><entry level="1" type="bullet">decid number iter perform</entry><entry level="1" type="bullet">iter</entry><entry level="2" type="bullet">gener random scenario market move market model</entry><entry level="2" type="bullet">revalu portfolio simul market scenario</entry><entry level="2" type="bullet">comput portfolio profit loss pnl simul scenario subtract current market portfolio market portfolio comput previou step</entry><entry level="1" type="bullet">sort pnl simul pnl distribut portfolio</entry><entry level="1" type="bullet">var confid level calcul percentil function exampl comput simul estim percentil correspond largest loss</entry><entry level="1" type="bullet">note comput error term associ estim var error will decreas number iter increas</entry></list></p><p>mont carlo simul gener comput var portfolio secur nonlinear return option comput effort requir nontrivi note portfolio complic secur portfolio stock variancecovari method perfectli suitabl note mc var subject model risk market model correct</p></sec><sec><st>caveat</st><p>var panacea<link>risk measur</link>methodolog subtl technic problem var<link ns0:type="simple" ns0:href="../789/745789.xml">subaddit</link>construct portfolio var gt vara varb unexpect hope portfolio diversif reduc risk</p><p>theori<link ns0:type="simple" ns0:href="../067/5235067.xml">coher risk measur</link>outlin properti measur risk possess<link>artzner</link>al wrote<weblink ns0:type="simple" ns0:href="http://www.math.ethz.ch/~delbaen/ftp/preprints/CoherentMF.pdf">canon paper</weblink>subject paper outlin axiomat fashion properti risk measur possess consid coher exampl coher risk measur<link ns0:type="simple" ns0:href="../819/8307819.xml">expect tail loss</link>etl<link ns0:type="simple" ns0:href="../819/8307819.xml">condit valueatrisk</link><link ns0:type="simple" ns0:href="../819/8307819.xml">cvar</link>name<link ns0:type="simple" ns0:href="../819/8307819.xml">expect shortfal</link>worst condit expect</p><p>find exampl subaddit violat var describ quot paper artzner al</p></sec><sec><st>critic</st><p><link ns0:type="simple" ns0:href="../496/1093496.xml">nassim taleb</link>hold risk<weblink ns0:type="simple" ns0:href="http://www.fooledbyrandomness.com/jorion.html"><it>charlatan danger mislead tool</it></weblink>taleb<weblink ns0:type="simple" ns0:href="http://www.fooledbyrandomness.com/LSE-Taleb-Pilpel.pdf">articl lse</weblink>mention three issu convent calcul usag var<list><entry level="1" type="number">measur probabl rare event requir studi vast amount data exampl probabl event occur year studi year data highrisk lowprob event natur calam epidem econom disast crash centuri event requir centuri data valid hypothes data exist place argu calcul risk accuraci</entry><entry level="1" type="number">deriv var normal distribut assum frequenc event uncertain</entry><entry level="1" type="number">fat tail distribut harder calibr parametr normal distribut</entry></list></p><p>taleb offer better altern method conscious fragil measur<link ns0:type="simple" ns0:href="../247/9247.xml">epistemolog</link>qualit rank risk hedg catastroph insur</p></sec><sec><st>read</st><p><list><entry level="1" type="bullet"><cite style="font-style:normal" class="book">crouhi galai mark risk manag<company wordnetid="108058098" confidence="0.9508927676800064"><link ns0:type="simple" ns0:href="../269/651269.xml">mcgrawhil</link></company>isbn</cite></entry><entry level="1" type="bullet">dowd kevin<it>measur market risk edit</it><company wordnetid="108058098" confidence="0.9508927676800064"><link ns0:type="simple" ns0:href="../930/537930.xml">john wiley son</link></company>isbn</entry><entry level="1" type="bullet">glasserman paul<it>mont carlo method financi engin</it><company wordnetid="108058098" confidence="0.8"><institution wordnetid="108053576" confidence="0.8"><link ns0:type="simple" ns0:href="../949/1418949.xml">springer</link></institution></company>isbn</entry><entry level="1" type="bullet">holton glyn<it>valueatrisk theori practic</it><determinant wordnetid="105692419" confidence="0.8"><imprint wordnetid="105693383" confidence="0.8"><cognitive_factor wordnetid="105686481" confidence="0.8"><influence wordnetid="105692910" confidence="0.8"><link ns0:type="simple" ns0:href="../064/2571064.xml">academ press</link></influence></cognitive_factor></imprint></determinant>isbn</entry><entry level="1" type="bullet">jorion philipp<it>risk benchmark manag financi risk</it>mcgrawhil isbn</entry><entry level="1" type="bullet">pearson neil<it>risk budget</it>john wiley son isbn</entry><entry level="1" type="bullet">mcneil alexand frey rdiger embrecht paul quantit risk manag concept techniqu tool princeton univers press princeton isbn</entry></list></p></sec><sec><st>extern link</st><p><list><entry level="1" type="bullet"><weblink ns0:type="simple" ns0:href="http://www.cba.ua.edu/~rpascala/VaR/VaRForm.php">onlin realtim var calcul</weblink>razvan pascalau univ alabama</entry><entry level="1" type="bullet"><weblink ns0:type="simple" ns0:href="http://www.wilmott.com/blogs/satyajitdas/enclosures/perfectstorms%28may2007%291.pdf">perfect storm beauti true lie risk manag</weblink>satyajit da</entry></list></p><p><list><entry level="1" type="bullet"><weblink ns0:type="simple" ns0:href="http://www.gloriamundi.org/">gloria mundi risk</weblink>barri schachter</entry></list></p></sec></bdy></article>