<article xmlns:ns0="http://www.w3.org/1999/xlink"><event confidence="0.8" wordnetid="100029378"><rule confidence="0.8" wordnetid="105846932"><act confidence="0.8" wordnetid="100030358"><psychological_feature confidence="0.8" wordnetid="100023100"><procedure confidence="0.8" wordnetid="101023820"><activity confidence="0.8" wordnetid="100407535"><algorithm confidence="0.8" wordnetid="105847438"><header><title>parallel algorithm</title><id /><revision><id /><timestamp>tz</timestamp><contributor><username>smackbot</username><id /></contributor></revision><categories><category>parallel comput</category><category>concurr algorithm</category></categories></header><bdy><link ns0:type="simple" ns0:href="../323/5323.xml">comput scienc</link><b>parallel algorithm</b>oppos tradit<link>sequenti algorithm</link>execut piec time process devic correct result<p>algorithm easi divid piec exampl split job check number<link ns0:type="simple" ns0:href="../666/23666.xml">prime</link>assign subset number processor put list posit</p><p>algorithm comput<link ns0:type="simple" ns0:href="../601/23601.xml">pi</link>hand easili split parallel portion requir preced step effect carri step problem call inher serial problem iter<link ns0:type="simple" ns0:href="../506/21506.xml">numer method</link><event wordnetid="100029378" confidence="0.8"><rule wordnetid="105846932" confidence="0.8"><act wordnetid="100030358" confidence="0.8"><psychological_feature wordnetid="100023100" confidence="0.8"><procedure wordnetid="101023820" confidence="0.8"><activity wordnetid="100407535" confidence="0.8"><algorithm wordnetid="105847438" confidence="0.8"><link ns0:type="simple" ns0:href="../145/22145.xml">newton method</link></algorithm></activity></procedure></psychological_feature></act></rule></event><link ns0:type="simple" ns0:href="../187/102187.xml">three bodi problem</link>algorithm inher serial problem difficult parallel recurs exampl<link ns0:type="simple" ns0:href="../034/97034.xml">depthfirst search</link>graph</p><p>parallel algorithm valuabl faster perform larg comput task parallel algorithm serial nonparallel algorithm modern processor work difficult construct comput singl fast processor slow processor<link ns0:type="simple" ns0:href="../932/30932.xml">throughput</link>theoret limit potenti speed serial processor parallel algorithm serial parallel algorithm satur point<idea wordnetid="105833840" confidence="0.8"><concept wordnetid="105835747" confidence="0.8"><rule wordnetid="105846054" confidence="0.8"><link ns0:type="simple" ns0:href="../ury/24th_century.xml">amdahl law</link></rule></concept></idea>point ad processor yield throughput increas overhead cost</p><p>cost complex serial algorithm estim term space memori time processor cycl parallel algorithm optim resourc commun processor way parallel processor commun share memori messag pass</p><p>share memori process addit lock data impos overhead addit processor bu cycl serial portion algorithm</p><p>messag pass process channel messag box commun add transfer overhead bu addit memori queue messag box latenc messag design parallel processor special buse crossbar commun overhead will small parallel algorithm decid volum traffic</p><p>problem parallel algorithm ensur suitabl<link ns0:type="simple" ns0:href="../380/4213380.xml">load balanc</link>exampl check number primal easi split processor processor will work will sit idl load processor complet</p><p>subtyp parallel algorithm<it><link ns0:type="simple" ns0:href="../202/3367202.xml">distribut algorithm</link></it>algorithm design work<link ns0:type="simple" ns0:href="../896/18949896.xml">cluster comput</link><link ns0:type="simple" ns0:href="../501/8501.xml">distribut comput</link>environ addit concern scope classic parallel algorithm address</p><sec><st /><p><list><entry level="1" type="bullet"><link ns0:type="simple" ns0:href="../619/985619.xml">multipleag system</link>ma<link ns0:type="simple" ns0:href="../542/1729542.xml">neural network</link></entry><entry level="1" type="bullet"><link ns0:type="simple" ns0:href="../162/145162.xml">parallel comput</link></entry></list></p></sec><sec><st>extern link</st><p><list><entry level="1" type="bullet"><weblink ns0:type="simple" ns0:href="http://www.dcs.ed.ac.uk/home/stg/pub/P/par_alg.html">parallel algorithm design</weblink></entry><entry level="1" type="bullet"><weblink ns0:type="simple" ns0:href="http://www-unix.mcs.anl.gov/dbpp/">design build parallel program argonn nation laboratori</weblink></entry></list></p></sec></bdy></algorithm></activity></procedure></psychological_feature></act></rule></event></article>