<article xmlns:ns0="http://www.w3.org/1999/xlink"><header><title>increment read</title><id /><revision><id /><timestamp>tz</timestamp><contributor><username>unhwildcat</username><id /></contributor></revision><categories><category>learn</category><category>read</category><category>articl merg septemb</category><category>articl merg</category></categories></header><bdy><table class="metadata plainlinks ambox "><row><col>amboxmov style</col></row><row><col class="mbox-image"><p><image width="50px" src="Merge-arrow.svg"><caption>merg arrow</caption></image></p></col><col style="" class="mbox-text">suggest articl</col></row></table><p><b>increment read</b>method learn retain read forgotten target peopl learn larg amount vari</p><p>increment read base psycholog principl<link ns0:type="simple" ns0:href="../995/17995.xml">long term memori</link>storag retriev<link ns0:type="simple" ns0:href="../495/903495.xml">space</link></p><p>broken chunk algorithm comput softwar organis user read calcul ideal time reader review chunk method credit polish softwar develop<link>piotr wozniak</link>wozniak<software wordnetid="106566077" confidence="0.9508927676800064"><link ns0:type="simple" ns0:href="../806/27806.xml">supermemo</link></software>current implement increment read oppos space repetit</p><sec><st>method</st><p><b>increment read</b>load materi subdivid articl extract articl extract process rule<link ns0:type="simple" ns0:href="../805/27805.xml">space repetit</link>process piec present increas interv individu articl read portion proport attent span depend user mood articl</p><p>increment read portion space repetit reader lost glut studi dozen subject time space repetit retain trace process materi memori increment read read hundr articl time substanti gain<link ns0:type="simple" ns0:href="../753/68753.xml">attent</link></p><p>increment read leav perman mark<link ns0:type="simple" ns0:href="../995/17995.xml">longterm memori</link>process materi gradual convert materi base<link ns0:type="simple" ns0:href="../763/18374763.xml">activ recal</link>extract<soldier wordnetid="110622053" confidence="0.9173553029164789"><president wordnetid="110468559" confidence="0.9508927676800064"><person wordnetid="100007846" confidence="0.9508927676800064"><farmer wordnetid="110078806" confidence="0.9173553029164789"><general_officer wordnetid="110125786" confidence="0.9173553029164789"><link ns0:type="simple" ns0:href="../968/11968.xml">georg washington</link></general_officer></farmer></person></president></soldier>presid chang question presid georg washington</p></sec></bdy></article>