<article xmlns:ns0="http://www.w3.org/1999/xlink"><header><title>saphir</title><id /><revision><id /><timestamp>tz</timestamp><contributor><username>riskspectrum</username><id /></contributor></revision><categories><category>reliabl engin</category><category>window softwar</category></categories></header><bdy>gem<link ns0:type="simple" ns0:href="../469/29469.xml">sapphir</link><b>saphir</b>probabilist risk reliabl assess softwar tool saphir stand<it>system analysi program handson integr reliabl evalu</it>system develop<agency wordnetid="108337324" confidence="0.9508927676800064"><link ns0:type="simple" ns0:href="../201/165201.xml">nuclear regulatori commiss</link></agency>nrc<structure wordnetid="104341686" confidence="0.8"><building wordnetid="102913152" confidence="0.8"><artifact wordnetid="100021939" confidence="0.8"><link ns0:type="simple" ns0:href="../118/981118.xml">idaho nation laboratori</link></artifact></building></structure><p>develop began mid nrc began explor notion<link ns0:type="simple" ns0:href="../354/2080354.xml">probabilist risk assess</link>pra display manipul emerg microcomput technolog day rapid advanc pra technolog requir inexpens platform teach pra concept student</p><sec><st>histori saphir</st><p>version code call irra saphir introduc innov draw edit analyz graphic<link ns0:type="simple" ns0:href="../526/70526.xml">fault tree</link></p><p>version releas incorpor abil draw edit analyz graphic event tree</p><p>analysi improv irra led releas version format irra user group</p><p>creation bit irra version orderofmagnitud decreas analysi time featur includ analysi fire flood seismic modul rulebas cut set process rulebas fault tree event tree link</p><p>saphir window version releas window userinferfac saphir easi learn plugin featur allow analyst expand builtin probabl calcul</p><p>saphir window version releas enhanc event tree link rule dual languag capabl insid saphir databas</p><p>saphir window version undergo develop</p><p>evolut softwar analysi method led current gener saphir tool current saphir softwar codebas start mid nrc gener risk activ work commenc precursor saphir softwar softwar packag name integr reliabl risk analysi system irra irra ibm compat pcbase risk analysi tool develop<structure wordnetid="104341686" confidence="0.8"><building wordnetid="102913152" confidence="0.8"><artifact wordnetid="100021939" confidence="0.8"><link ns0:type="simple" ns0:href="../118/981118.xml">idaho nation laboratori</link></artifact></building></structure>allow user work graphic interfac mainfram punch card limit analysi fault tree medium size version irra initi step progress today led saphir softwar softwar capabl run multipl processor simultan handl extrem larg analys</p></sec><sec><st>advanc analysi</st><p>saphir advanc minim cut set solv engin solver fine tune optim time varieti techniqu analysi includ</p><p><list><entry level="1" type="bullet">extens recurs routin</entry><entry level="1" type="bullet">restructur expans logic model</entry><entry level="1" type="bullet">convers complement gate treatment success branch</entry><entry level="1" type="bullet">logic prune true fals hous event</entry><entry level="1" type="bullet">coalesc gate identif modul independ subtre</entry><entry level="1" type="bullet">intermedi cach</entry><entry level="1" type="bullet">bittabl boolean absorpt</entry></list></p><p>optim method saphir power analysi engin<link ns0:type="simple" ns0:href="../354/2080354.xml">probabilist risk assess</link>today</p></sec><sec><st>basic event probabl</st><p>gener basic event probabl capabl saphir includ</p><p><list><entry level="1" type="bullet">markov model repres failur singl compon</entry><entry level="1" type="bullet">common modul determin group common failur probabl group redund compon</entry><entry level="1" type="bullet">loadcapac calcul allow user load capac distribut determin pcapac load</entry><entry level="1" type="bullet">human reliabl analysi calcul determin human failur event probabl base task type compound perform shape factor</entry><entry level="1" type="bullet">templat event allow failur share applic</entry><entry level="1" type="bullet">seismic fragil method associ earthquak acceler level determin compon failur probabl</entry><entry level="1" type="bullet">hous event set basic event logic true fals ignor event</entry><entry level="1" type="bullet">modul determin lossofoffsit power frequenc recover</entry></list></p><p>saphir design handl larg fault tree tree basic event gate handl fault tree mechan develop modifi fault tree graphic editor hierarch logic editor analyst editor logic modifi saphir redraw fault tree graphic convers user modifi fault tree graphic saphir automat updat associ logic applic object fault tree editor includ basic event gate type includ nand nofm addit object saphir uniqu featur tabl event allow user group basic event fault tree graphic compact size fault tree print comput screen object repres tradit statictyp boolean logic model model explicitli captur dynam timedepend situat current version saphir</p></sec><sec><st /><p><list><entry level="1" type="bullet"><link ns0:type="simple" ns0:href="../550/286550.xml">lifecrit</link>system</entry><entry level="1" type="bullet"><link ns0:type="simple" ns0:href="../909/442909.xml">reliabl theori</link></entry><entry level="1" type="bullet"><link ns0:type="simple" ns0:href="../278/29278.xml">safeti engin</link></entry><entry level="1" type="bullet"><link ns0:type="simple" ns0:href="../151/22151.xml">nuclear reactor</link></entry><entry level="1" type="bullet"><link ns0:type="simple" ns0:href="../827/4827.xml">biomed engin</link></entry></list></p></sec><sec><st>extern link</st><p><list><entry level="1" type="bullet">httpsaphireinlgov</entry></list><list><entry level="1" type="bullet">httpwwwriskspectrumcom psa softwar riskspectrum</entry></list></p></sec></bdy></article>