<article xmlns:ns0="http://www.w3.org/1999/xlink"><village confidence="0.9508927676800064" wordnetid="108672738"><city confidence="0.9511911446218017" wordnetid="108524735"><header><title>drumright oklahoma</title><id /><revision><id /><timestamp>tz</timestamp><contributor><username>lightbot</username><id /></contributor></revision><categories><category>histori oil oklahoma</category><category>creek counti oklahoma</category><category>citi oklahoma</category><category>payn counti oklahoma</category></categories></header><bdy><template><name>infobox settlement</name><parameters><blank1_name><link ns0:type="simple" ns0:href="../656/351656.xml">gni</link>featur</blank1_name><elevation_ft /><area_land_km2 /><longd /><postal_code_type><hallmark wordnetid="104732543" confidence="0.8"><characteristic wordnetid="104731497" confidence="0.8"><link ns0:type="simple" ns0:href="../550/51550.xml">zip code</link></characteristic></hallmark></postal_code_type><longm /><timezone><link ns0:type="simple" ns0:href="../638/481638.xml">central cst</link></timezone><longs /><settlement_type><link ns0:type="simple" ns0:href="../391/5391.xml">citi</link></settlement_type><utc_offset_DST /><official_name>drumright oklahoma</official_name><area_total_sq_mi /><population_density_sq_mi /><blank_name><link ns0:type="simple" ns0:href="../113/11113.xml">fip code</link></blank_name><lats /><map_caption>locat drumright oklahoma</map_caption><image_caption>downtown drumright</image_caption><image_map>okmapdotondrumrightpng</image_map><population_as_of><link ns0:type="simple" ns0:href="../383/432383.xml" /></population_as_of><population_density_km2 /><latd /><population_total /><postal_code /><elevation_m /><latm /><area_land_sq_mi /><area_code><area_code wordnetid="106354626" confidence="0.8"><written_communication wordnetid="106349220" confidence="0.8"><writing wordnetid="106359877" confidence="0.8"><code wordnetid="106353934" confidence="0.8"><coding_system wordnetid="106353757" confidence="0.8"><link ns0:type="simple" ns0:href="../194/5877194.xml" /></coding_system></code></writing></written_communication></area_code></area_code><subdivision_type><link ns0:type="simple" ns0:href="../040/1779040.xml">countri</link></subdivision_type><blank1_info><ref ns0:type="simple" ns0:href="#xpointer(//reflist/entry[@id=%223%22])" /></blank1_info><subdivision_type2><link ns0:type="simple" ns0:href="../175/82175.xml">counti</link></subdivision_type2><subdivision_type1><subdivision wordnetid="108674251" confidence="0.8"><region wordnetid="108630985" confidence="0.8"><location wordnetid="100027167" confidence="0.8"><tract wordnetid="108673395" confidence="0.8"><geographical_area wordnetid="108574314" confidence="0.8"><link ns0:type="simple" ns0:href="../321/445321.xml" /></geographical_area></tract></location></region></subdivision></subdivision_type1><blank_info><ref ns0:type="simple" ns0:href="#xpointer(//reflist/entry[@id=%222%22])" /></blank_info><longEW /><timezone_DST>cdt</timezone_DST><subdivision_name><body wordnetid="107965085" confidence="0.8"><social_group wordnetid="107950920" confidence="0.8"><political_orientation wordnetid="106212839" confidence="0.8"><colony wordnetid="108374049" confidence="0.8"><state wordnetid="108168978" confidence="0.8"><political_unit wordnetid="108359949" confidence="0.8"><group wordnetid="100031264" confidence="0.8"><democracy wordnetid="106217103" confidence="0.8"><link ns0:type="simple" ns0:href="../750/3434750.xml">unit</link></democracy></group></political_unit></state></colony></political_orientation></social_group></body></subdivision_name><latNS /><image_skyline>drumright oklahomajpg</image_skyline><area_water_sq_mi /><mapsize>px</mapsize><area_water_km2 /><imagesize>px</imagesize><utc_offset /><unit_pref>imperi</unit_pref><area_total_km2 /><subdivision_name1><region wordnetid="108630985" confidence="0.8"><administrative_district wordnetid="108491826" confidence="0.8"><location wordnetid="100027167" confidence="0.8"><district wordnetid="108552138" confidence="0.8"><country wordnetid="108544813" confidence="0.8"><link ns0:type="simple" ns0:href="../489/22489.xml">oklahoma</link></country></district></location></administrative_district></region></subdivision_name1><subdivision_name2><county wordnetid="108546183" confidence="0.9508927676800064"><link ns0:type="simple" ns0:href="../099/92099.xml">creek</link></county><county wordnetid="108546183" confidence="0.9508927676800064"><link ns0:type="simple" ns0:href="../057/92057.xml">payn</link></county></subdivision_name2></parameters></template><b>drumright</b>citi<county wordnetid="108546183" confidence="0.9508927676800064"><link ns0:type="simple" ns0:href="../099/92099.xml">creek</link></county><county wordnetid="108546183" confidence="0.9508927676800064"><link ns0:type="simple" ns0:href="../057/92057.xml">payn</link></county>counti<subdivision wordnetid="108674251" confidence="0.8"><region wordnetid="108630985" confidence="0.8"><administrative_district wordnetid="108491826" confidence="0.8"><location wordnetid="100027167" confidence="0.8"><tract wordnetid="108673395" confidence="0.8"><geographical_area wordnetid="108574314" confidence="0.8"><district wordnetid="108552138" confidence="0.8"><country wordnetid="108544813" confidence="0.8"><link ns0:type="simple" ns0:href="../239/18618239.xml" /></country></district></geographical_area></tract></location></administrative_district></region></subdivision><region wordnetid="108630985" confidence="0.8"><administrative_district wordnetid="108491826" confidence="0.8"><location wordnetid="100027167" confidence="0.8"><district wordnetid="108552138" confidence="0.8"><country wordnetid="108544813" confidence="0.8"><link ns0:type="simple" ns0:href="../489/22489.xml">oklahoma</link></country></district></location></administrative_district></region>popul<link ns0:type="simple" ns0:href="../383/432383.xml">censu</link><sec><st>histori</st><p>town sprang overnight wildcatt<person wordnetid="100007846" confidence="0.9638700866880419"><link ns0:type="simple" ns0:href="../599/999599.xml">tom slick</link></person>struck oil farm frank wheeler caus rush specul oilfield worker merchant area town name aaron drumright farmer local businessman farm townsit drumright nearbi<village wordnetid="108672738" confidence="0.9508927676800064"><link ns0:type="simple" ns0:href="../512/130512.xml">cush</link></village>center larg product oilfield</p><p>riot broke drumright strike telephon worker town mayor chief polic lock town jail rioter governor oklahoma militia unit town restor order</p><p><condition wordnetid="113920835" confidence="0.8"><state wordnetid="100024720" confidence="0.8"><difficulty wordnetid="114408086" confidence="0.8"><crisis wordnetid="113933560" confidence="0.8"><situation wordnetid="114411243" confidence="0.8"><link ns0:type="simple" ns0:href="../335/19283335.xml">depress</link></situation></crisis></difficulty></state></condition>town declin oil product wane larg refineri edg town close</p><p>today oil agricultur largest local industri drumright area vocat technic school larg employ wineri open histor build serv school refineri worker</p><p>tornado caus loss life properti damag drumright occas april peopl kill home school public librari damag june peopl kill nurs destroy home damag destroy</p></sec><sec><st>educ</st><p><link ns0:type="simple" ns0:href="../370/9469370.xml">central technolog center</link></p></sec><sec><st>geographi</st><p>drumright locat<weblink ns0:type="simple" ns0:href="http://stable.toolserver.org/geohack/geohack.php?pagename=Drumright%2C_Oklahoma params=35_59_17_N_96_36_2_W_city" /><ref ns0:type="simple" ns0:href="#xpointer(//reflist/entry[@id=%221%22])" /><agency wordnetid="108337324" confidence="0.9508927676800064"><link ns0:type="simple" ns0:href="../070/57070.xml">unit censu bureau</link></agency>citi total area<link ns0:type="simple" ns0:href="../945/88945.xml">squar mile</link><link />land</p></sec><sec><st>demograph</st><p><link ns0:type="simple" ns0:href="../889/6889.xml">censu</link><ref ns0:type="simple" ns0:href="#xpointer(//reflist/entry[@id=%222%22])" />peopl household famili resid citi<link ns0:type="simple" ns0:href="../608/128608.xml">popul densiti</link>peopl squar mile hous unit averag densiti sq mi racial makeup citi<link ns0:type="simple" ns0:href="../285/273285.xml">white</link><link ns0:type="simple" ns0:href="../285/273285.xml">african american</link><link ns0:type="simple" ns0:href="../285/273285.xml">nativ american</link><link ns0:type="simple" ns0:href="../285/273285.xml">asian</link><link ns0:type="simple" ns0:href="../285/273285.xml">race</link>race<link ns0:type="simple" ns0:href="../285/273285.xml">hispan</link><link ns0:type="simple" ns0:href="../285/273285.xml">latino</link>race popul</p><p>household children age live<link ns0:type="simple" ns0:href="../728/19728.xml">marri coupl</link>live femal household husband nonfamili household individu live year age older averag household size averag famili size</p><p>citi popul spread age year age older median age year femal male femal age male</p><p>median incom household citi median incom famili male median incom versu femal<link ns0:type="simple" ns0:href="../893/23893.xml">capita incom</link>citi famili popul<link ns0:type="simple" ns0:href="../584/170584.xml">poverti</link>includ age age</p></sec><sec><st>refer</st><p><reflist><entry id="1"><weblink ns0:type="simple" ns0:href="http://www.census.gov/geo/www/gazetteer/gazette.html">gazett file</weblink><agency wordnetid="108337324" confidence="0.9508927676800064"><link ns0:type="simple" ns0:href="../070/57070.xml">unit censu bureau</link></agency><link />retriev<link /></entry><entry id="2"><weblink ns0:type="simple" ns0:href="http://factfinder.census.gov">american factfind</weblink><agency wordnetid="108337324" confidence="0.9508927676800064"><link ns0:type="simple" ns0:href="../070/57070.xml">unit censu bureau</link></agency>retriev<link /></entry><entry id="3"><weblink ns0:type="simple" ns0:href="http://geonames.usgs.gov">board geograph name</weblink><agency wordnetid="108337324" confidence="0.9508927676800064"><link ns0:type="simple" ns0:href="../640/191640.xml">unit geolog survey</link></agency><link />retriev<link /></entry></reflist></p></sec><sec><st>extern link</st><p><list><entry level="1" type="bullet">drumright oklahoma coordin<weblink ns0:type="simple" ns0:href="http://stable.toolserver.org/geohack/geohack.php?pagename=Drumright%2C_Oklahoma params=35.988168_N_-96.60057_E_type:city_region:US title=Drumright%2C+Oklahoma">xfeff drumright oklahoma</weblink><link ns0:type="simple" ns0:href="../361/48361.xml">coordin</link><weblink ns0:type="simple" ns0:href="http://stable.toolserver.org/geohack/geohack.php?pagename=Drumright%2C_Oklahoma params=35.988168_N_-96.60057_E_type:city_region:US title=Drumright%2C+Oklahoma">xfeff drumright oklahoma</weblink></entry></list></p><p><table style=";" class="navbox" cellspacing="0"><row><col style="padding:2px;"><table style="width:100%;background:transparent;color:inherit;;" class="nowraplinks collapsible autocollapse " cellspacing="0"><row><header colspan="3" style=";background:#8FBC8F;" class="navbox-title">municip commun<county wordnetid="108546183" confidence="0.9508927676800064"><link ns0:type="simple" ns0:href="../099/92099.xml">creek counti</link></county><region wordnetid="108630985" confidence="0.8"><administrative_district wordnetid="108491826" confidence="0.8"><location wordnetid="100027167" confidence="0.8"><district wordnetid="108552138" confidence="0.8"><country wordnetid="108544813" confidence="0.8"><link ns0:type="simple" ns0:href="../489/22489.xml">oklahoma</link></country></district></location></administrative_district></region></header></row><row style="height:2px;" /><row><col colspan="3" style=";background:#8FBC8F;" class="navbox-abovebelow"><link ns0:type="simple" ns0:href="../509/51509.xml">counti seat</link><b><village wordnetid="108672738" confidence="0.9508927676800064"><link ns0:type="simple" ns0:href="../150/130150.xml">sapulpa</link></village></b></col></row><row style="height:2px;" /><row><col style=";background:#8FBC8F;;" class="navbox-group"><link ns0:type="simple" ns0:href="../391/5391.xml">citi</link></col><col style="text-align:left;border-left:2px solid #fdfdfd;width:100%;padding:0px;;;" class="navbox-list navbox-odd"><p><village wordnetid="108672738" confidence="0.9508927676800064"><link ns0:type="simple" ns0:href="../143/130143.xml">bristow</link></village><village wordnetid="108672738" confidence="0.9508927676800064"><link ns0:type="simple" ns0:href="../952/150952.xml">drumright</link></village><village wordnetid="108672738" confidence="0.9508927676800064"><link ns0:type="simple" ns0:href="../149/130149.xml">oilton</link></village><village wordnetid="108672738" confidence="0.9508927676800064"><link ns0:type="simple" ns0:href="../150/130150.xml">sapulpa</link></village><village wordnetid="108672738" confidence="0.9508927676800064"><link ns0:type="simple" ns0:href="../955/150955.xml">stroud</link></village></p></col><col style="width:0%;padding:0px 0px 0px 2px;" rowspan="9"><image location="center" width="180px" src="Map_of_Oklahoma_highlighting_Creek_County.svg"><caption>creek counti map</caption></image></col></row><row style="height:2px" /><row><col style=";background:#8FBC8F;;" class="navbox-group"><link ns0:type="simple" ns0:href="../911/52911.xml">town</link></col><col style="text-align:left;border-left:2px solid #fdfdfd;width:100%;padding:0px;;;" class="navbox-list navbox-even"><p><village wordnetid="108672738" confidence="0.9508927676800064"><link ns0:type="simple" ns0:href="../144/130144.xml">depew</link></village><village wordnetid="108672738" confidence="0.9508927676800064"><link ns0:type="simple" ns0:href="../145/130145.xml">kellyvil</link></village><village wordnetid="108672738" confidence="0.9508927676800064"><link ns0:type="simple" ns0:href="../146/130146.xml">kiefer</link></village><village wordnetid="108672738" confidence="0.9508927676800064"><link ns0:type="simple" ns0:href="../147/130147.xml">lawrenc creek</link></village><village wordnetid="108672738" confidence="0.9508927676800064"><link ns0:type="simple" ns0:href="../953/150953.xml">mannford</link></village><village wordnetid="108672738" confidence="0.9508927676800064"><link ns0:type="simple" ns0:href="../148/130148.xml">mound</link></village><village wordnetid="108672738" confidence="0.9508927676800064"><link ns0:type="simple" ns0:href="../151/130151.xml">shamrock</link></village><village wordnetid="108672738" confidence="0.9508927676800064"><link ns0:type="simple" ns0:href="../152/130152.xml">slick</link></village></p></col></row><row style="height:2px" /><row><col style=";background:#8FBC8F;;" class="navbox-group"><statistic wordnetid="106021499" confidence="0.8"><information wordnetid="105816287" confidence="0.8"><demographic wordnetid="106022076" confidence="0.8"><datum wordnetid="105816622" confidence="0.8"><link ns0:type="simple" ns0:href="../771/269771.xml">cdp</link></datum></demographic></information></statistic></col><col style="text-align:left;border-left:2px solid #fdfdfd;width:100%;padding:0px;;;" class="navbox-list navbox-odd"><p><village wordnetid="108672738" confidence="0.9508927676800064"><link ns0:type="simple" ns0:href="../954/150954.xml">oakhurst</link></village></p></col></row><row style="height:2px" /><row><col style=";background:#8FBC8F;;" class="navbox-group"><work wordnetid="100575741" confidence="0.8"><examination wordnetid="100635850" confidence="0.8"><event wordnetid="100029378" confidence="0.8"><survey wordnetid="100644503" confidence="0.8"><investigation wordnetid="100633864" confidence="0.8"><act wordnetid="100030358" confidence="0.8"><psychological_feature wordnetid="100023100" confidence="0.8"><activity wordnetid="100407535" confidence="0.8"><link ns0:type="simple" ns0:href="../346/232346.xml">unincorpor commun</link></activity></psychological_feature></act></investigation></survey></event></examination></work></col><col style="text-align:left;border-left:2px solid #fdfdfd;width:100%;padding:0px;;;" class="navbox-list navbox-even"><p><social_group wordnetid="107950920" confidence="0.8"><gathering wordnetid="107975026" confidence="0.8"><community wordnetid="108223802" confidence="0.8"><group wordnetid="100031264" confidence="0.8"><link ns0:type="simple" ns0:href="../094/3048094.xml">milfay</link></group></community></gathering></social_group><social_group wordnetid="107950920" confidence="0.8"><gathering wordnetid="107975026" confidence="0.8"><community wordnetid="108223802" confidence="0.8"><group wordnetid="100031264" confidence="0.8"><link ns0:type="simple" ns0:href="../794/4904794.xml">oliv</link></group></community></gathering></social_group></p></col></row><row style="height:2px" /><row><col style=";background:#8FBC8F;;" class="navbox-group">footnot</col><col style="text-align:left;border-left:2px solid #fdfdfd;width:100%;padding:0px;;;" class="navbox-list navbox-odd">popul place portion adjac counti counti</col></row></table></col></row></table></p><p><table style=";" class="navbox" cellspacing="0"><row><col style="padding:2px;"><table style="width:100%;background:transparent;color:inherit;;" class="nowraplinks collapsible autocollapse " cellspacing="0"><row><header colspan="3" style=";background:#8FBC8F;" class="navbox-title">municip commun<county wordnetid="108546183" confidence="0.9508927676800064"><link ns0:type="simple" ns0:href="../057/92057.xml">payn counti</link></county><region wordnetid="108630985" confidence="0.8"><administrative_district wordnetid="108491826" confidence="0.8"><location wordnetid="100027167" confidence="0.8"><district wordnetid="108552138" confidence="0.8"><country wordnetid="108544813" confidence="0.8"><link ns0:type="simple" ns0:href="../489/22489.xml">oklahoma</link></country></district></location></administrative_district></region></header></row><row style="height:2px;" /><row><col colspan="3" style=";background:#8FBC8F;" class="navbox-abovebelow"><link ns0:type="simple" ns0:href="../509/51509.xml">counti seat</link><b><village wordnetid="108672738" confidence="0.9508927676800064"><link ns0:type="simple" ns0:href="../516/130516.xml">stillwat</link></village></b></col></row><row style="height:2px;" /><row><col style=";background:#8FBC8F;;" class="navbox-group"><link ns0:type="simple" ns0:href="../391/5391.xml">citi</link></col><col style="text-align:left;border-left:2px solid #fdfdfd;width:100%;padding:0px;;;" class="navbox-list navbox-odd"><p><village wordnetid="108672738" confidence="0.9508927676800064"><link ns0:type="simple" ns0:href="../512/130512.xml">cush</link></village><village wordnetid="108672738" confidence="0.9508927676800064"><link ns0:type="simple" ns0:href="../952/150952.xml">drumright</link></village><village wordnetid="108672738" confidence="0.9508927676800064"><link ns0:type="simple" ns0:href="../514/130514.xml">perkin</link></village><village wordnetid="108672738" confidence="0.9508927676800064"><link ns0:type="simple" ns0:href="../516/130516.xml">stillwat</link></village><village wordnetid="108672738" confidence="0.9508927676800064"><link ns0:type="simple" ns0:href="../517/130517.xml">yale</link></village></p></col><col style="width:0%;padding:0px 0px 0px 2px;" rowspan="5"><image location="center" width="180px" src="Map_of_Oklahoma_highlighting_Payne_County.svg"><caption>payn counti map</caption></image></col></row><row style="height:2px" /><row><col style=";background:#8FBC8F;;" class="navbox-group"><link ns0:type="simple" ns0:href="../911/52911.xml">town</link></col><col style="text-align:left;border-left:2px solid #fdfdfd;width:100%;padding:0px;;;" class="navbox-list navbox-even"><p><village wordnetid="108672738" confidence="0.9508927676800064"><link ns0:type="simple" ns0:href="../513/130513.xml">glenco</link></village><village wordnetid="108672738" confidence="0.9508927676800064"><link ns0:type="simple" ns0:href="../342/130342.xml">mulhal</link></village><village wordnetid="108672738" confidence="0.9508927676800064"><link ns0:type="simple" ns0:href="../344/130344.xml">orlando</link></village><village wordnetid="108672738" confidence="0.9508927676800064"><link ns0:type="simple" ns0:href="../970/150970.xml">quay</link></village><village wordnetid="108672738" confidence="0.9508927676800064"><link ns0:type="simple" ns0:href="../515/130515.xml">ripley</link></village></p></col></row><row style="height:2px" /><row><col style=";background:#8FBC8F;;" class="navbox-group">footnot</col><col style="text-align:left;border-left:2px solid #fdfdfd;width:100%;padding:0px;;;" class="navbox-list navbox-odd">popul place portion adjac counti counti</col></row></table></col></row></table></p></sec></bdy></city></village></article>