<article xmlns:ns0="http://www.w3.org/1999/xlink"><header><title>retriev</title><id /><revision><id /><timestamp>tz</timestamp><contributor><username>glendac</username><id /></contributor></revision><categories><category>retriev</category></categories></header><bdy>retriev ir scienc search document<link ns0:type="simple" ns0:href="../062/18985062.xml" />document<link ns0:type="simple" ns0:href="../632/18933632.xml">metadata</link>document well search<link ns0:type="simple" ns0:href="../873/25873.xml">relat databas</link><invention wordnetid="105633385" confidence="0.8"><link ns0:type="simple" ns0:href="../139/33139.xml">wide web</link></invention>overlap usag term data retriev<link ns0:type="simple" ns0:href="../640/731640.xml">document retriev</link>retriev<link ns0:type="simple" ns0:href="../640/731640.xml">text retriev</link>bodi literatur theori<link ns0:type="simple" ns0:href="../605/446605.xml">praxi</link>technolog ir<link ns0:type="simple" ns0:href="../201/15201.xml">interdisciplinari</link>base<link ns0:type="simple" ns0:href="../323/5323.xml">comput scienc</link><link ns0:type="simple" ns0:href="../831/18831.xml">mathemat</link><link ns0:type="simple" ns0:href="../569/18933569.xml">librari scienc</link><link ns0:type="simple" ns0:href="../354/149354.xml">scienc</link><link ns0:type="simple" ns0:href="../945/185945.xml">architectur</link><link ns0:type="simple" ns0:href="../961/5961.xml">cognit psycholog</link><link ns0:type="simple" ns0:href="../526/17526.xml">linguist</link><link ns0:type="simple" ns0:href="../685/26685.xml">statist</link><link ns0:type="simple" ns0:href="../939/22939.xml">physic</link><p>autom retriev system reduc call<link ns0:type="simple" ns0:href="../664/495664.xml">overload</link>univers<link ns0:type="simple" ns0:href="../010/182010.xml">public librari</link>ir system provid access book journal document web<artifact wordnetid="100021939" confidence="0.8"><instrumentality wordnetid="103575240" confidence="0.8"><engine wordnetid="103287733" confidence="0.8"><motor wordnetid="103789946" confidence="0.8"><device wordnetid="103183080" confidence="0.8"><machine wordnetid="103699975" confidence="0.8"><link ns0:type="simple" ns0:href="../023/4059023.xml">search engin</link></machine></device></motor></engine></instrumentality></artifact>visibl<link ns0:type="simple" ns0:href="../645/13324645.xml">ir applic</link></p><sec><st>histori</st><p><table style="background-color:inherit;border-collapse:collapse;border-style:none;margin: .5em .75em;" align="right" width="33%" class="floatright"><row><col style="color:#B2B7F2;font-size:40px;font-family:'Times New Roman',serif;font-weight:bold;text-align:left;padding:2 2px;padding-top: 4px" width="20" valign="top" /><col style="padding:0 10px;" align="left" valign="top">diari phonographfor month struck go find case want</col><col style="color:#B2B7F2;font-size:40px;font-family:'Times New Roman',serif;font-weight:bold;text-align:right;padding:2 2px;padding: 4px;" width="20" valign="bottom" /></row><row><col colspan="3" style="padding-top: 10px"><cite style="font-style:normal;">dr seward<person wordnetid="100007846" confidence="0.9508927676800064"><writer wordnetid="110794014" confidence="0.9508927676800064"><novelist wordnetid="110363573" confidence="0.9173553029164789"><link ns0:type="simple" ns0:href="../992/3992.xml">bram stoker</link></novelist></writer></person><it><literary_composition wordnetid="106364329" confidence="0.8"><written_communication wordnetid="106349220" confidence="0.8"><writing wordnetid="106362953" confidence="0.8"><fiction wordnetid="106367107" confidence="0.8"><novel wordnetid="106367879" confidence="0.8"><link ns0:type="simple" ns0:href="../923/7923.xml">dracula</link></novel></fiction></writing></written_communication></literary_composition></it></cite></col></row></table>idea comput search relev piec popular articl<it><product wordnetid="104007894" confidence="0.8"><creation wordnetid="103129123" confidence="0.8"><artifact wordnetid="100021939" confidence="0.8"><oeuvre wordnetid="103841417" confidence="0.8"><end_product wordnetid="103287178" confidence="0.8"><link ns0:type="simple" ns0:href="../928/18915928.xml" /></end_product></oeuvre></artifact></creation></product></it><person wordnetid="100007846" confidence="0.9508927676800064"><scientist wordnetid="110560637" confidence="0.9508927676800064"><link ns0:type="simple" ns0:href="../767/32767.xml">vannevar bush</link></scientist></person><ref ns0:type="simple" ns0:href="#xpointer(//reflist/entry[@id=%221%22])" />implement retriev system introduc techniqu perform well small text corpora document<ref ns0:type="simple" ns0:href="#xpointer(//reflist/entry[@id=%221%22])" /></p><p>depart defens<link ns0:type="simple" ns0:href="../888/21888.xml">nation institut standard technolog</link>nist cosponsor<event wordnetid="100029378" confidence="0.8"><social_event wordnetid="107288639" confidence="0.8"><contest wordnetid="107456188" confidence="0.8"><psychological_feature wordnetid="100023100" confidence="0.8"><link ns0:type="simple" ns0:href="../206/1897206.xml">text retriev confer</link></psychological_feature></contest></social_event></event>trec tipster text program aim retriev commun suppli infrastructur need evalu text retriev methodolog larg text collect catalyz method<link ns0:type="simple" ns0:href="../529/185529.xml">scale</link>huge corpora introduct web<artifact wordnetid="100021939" confidence="0.8"><instrumentality wordnetid="103575240" confidence="0.8"><engine wordnetid="103287733" confidence="0.8"><motor wordnetid="103789946" confidence="0.8"><device wordnetid="103183080" confidence="0.8"><machine wordnetid="103699975" confidence="0.8"><link ns0:type="simple" ns0:href="../023/4059023.xml">search engin</link></machine></device></motor></engine></instrumentality></artifact>boost larg scale retriev system</p><p>digit method store retriev led phenomenon<link ns0:type="simple" ns0:href="../683/934683.xml">digit obsolesc</link>digit resourc ceas readabl physic media reader requir read media hardwar softwar run longer initi easier retriev paper effect lost</p><ss1><st>timelin</st><p><list><entry level="1" type="bullet">hollerith tabul machin analyz censu<person wordnetid="100007846" confidence="0.9508927676800064"><link ns0:type="simple" ns0:href="../969/13969.xml">herman hollerith</link></person></entry><entry level="1" type="bullet"><person wordnetid="100007846" confidence="0.9508927676800064"><scientist wordnetid="110560637" confidence="0.9508927676800064"><link ns0:type="simple" ns0:href="../767/32767.xml">vannevar bush</link></scientist></person><it><product wordnetid="104007894" confidence="0.8"><creation wordnetid="103129123" confidence="0.8"><artifact wordnetid="100021939" confidence="0.8"><oeuvre wordnetid="103841417" confidence="0.8"><end_product wordnetid="103287178" confidence="0.8"><link ns0:type="simple" ns0:href="../928/18915928.xml" /></end_product></oeuvre></artifact></creation></product></it>appear<it><link ns0:type="simple" ns0:href="../743/149743.xml">atlant monthli</link></it></entry><entry level="1" type="bullet">late militari confront problem index retriev wartim scientif document captur german</entry><entry level="1" type="bullet"><physical_entity wordnetid="100001930" confidence="0.8"><person wordnetid="100007846" confidence="0.8"><worker wordnetid="109632518" confidence="0.8"><causal_agent wordnetid="100007347" confidence="0.8"><scientist wordnetid="110560637" confidence="0.8"><employee wordnetid="110053808" confidence="0.8"><link ns0:type="simple" ns0:href="../602/1015602.xml">han peter luhn</link></employee></scientist></causal_agent></worker></person></physical_entity>engin ibm began work mechan punch card base system search chemic compound</entry><entry level="1" type="bullet">term retriev coin<physical_entity wordnetid="100001930" confidence="0.8"><person wordnetid="100007846" confidence="0.8"><pioneer wordnetid="110434725" confidence="0.8"><causal_agent wordnetid="100007347" confidence="0.8"><scientist wordnetid="110560637" confidence="0.8"><originator wordnetid="110383816" confidence="0.8"><creator wordnetid="109614315" confidence="0.8"><link ns0:type="simple" ns0:href="../092/762092.xml">calvin mooer</link></creator></originator></scientist></causal_agent></pioneer></person></physical_entity></entry><entry level="1" type="bullet">grow concern scienc gap ussr motiv encourag fund provid backdrop mechan literatur search system<link>allen kent</link>al citat index<physical_entity wordnetid="100001930" confidence="0.8"><person wordnetid="100007846" confidence="0.8"><causal_agent wordnetid="100007347" confidence="0.8"><scientist wordnetid="110560637" confidence="0.8"><link ns0:type="simple" ns0:href="../229/1283229.xml">eugen garfield</link></scientist></causal_agent></person></physical_entity></entry><entry level="1" type="bullet">allen kent join<university wordnetid="108286163" confidence="0.9508927676800064"><link ns0:type="simple" ns0:href="../547/230547.xml">case western reserv univers</link></university>eventu associ director center document commun year kent colleagu publish paper american document describ precis recal measur well detail propos framework evalu ir system includ statist sampl method determin number relev document retriev</entry><entry level="1" type="bullet">intern confer scientif washington dc includ consider ir system solut problem identifi proceed intern confer scientif nation academi scienc washington dc</entry><entry level="1" type="bullet">han peter luhn publish autoencod document retriev</entry><entry level="1" type="bullet">melvin earl bill maron kuhn publish relev probabilist index retriev journal acm juli</entry><entry level="1" type="bullet">earli<physical_entity wordnetid="100001930" confidence="0.8"><peer wordnetid="109626238" confidence="0.8"><person wordnetid="100007846" confidence="0.8"><pioneer wordnetid="110434725" confidence="0.8"><colleague wordnetid="109935990" confidence="0.8"><causal_agent wordnetid="100007347" confidence="0.8"><scientist wordnetid="110560637" confidence="0.8"><originator wordnetid="110383816" confidence="0.8"><creator wordnetid="109614315" confidence="0.8"><associate wordnetid="109816771" confidence="0.8"><link ns0:type="simple" ns0:href="../624/509624.xml">gerard salton</link></associate></creator></originator></scientist></causal_agent></colleague></pioneer></person></peer></physical_entity>began work ir harvard move cornel</entry><entry level="1" type="bullet"><link>cyril cleverdon</link>publish earli find cranfield studi develop model ir system evalu cyril cleverdon report test analysi investig compar effici index system cranfield coll aeronaut cranfield england</entry><entry level="1" type="bullet">kent publish analysi retriev</entry><entry level="1" type="bullet">weinberg report scienc govern full articul idea crisi scientif report name dr<link ns0:type="simple" ns0:href="../212/5358212.xml">alvin weinberg</link></entry><entry level="1" type="bullet"><link>joseph becker</link><scientist wordnetid="110560637" confidence="0.9508927676800064"><link ns0:type="simple" ns0:href="../645/10148645.xml">robert hay</link></scientist>publish text retriev becker joseph hay robert mayo storag retriev tool element theori york wiley</entry><entry level="1" type="bullet"><link>karen sp aumlrck jone</link>finish thesi cambridg<it>synonymi semant classif</it>continu work<link ns0:type="simple" ns0:href="../561/5561.xml">comput linguist</link>appli ir</entry><entry level="1" type="bullet"><link ns0:type="simple" ns0:href="../888/21888.xml">nation bureau standard</link>sponsor symposium titl statist associ method mechan document highli paper includ salton publish refer smart system</entry><entry level="1" type="bullet">mid nation librari medicin develop<link ns0:type="simple" ns0:href="../922/14702922.xml">medlar</link>medic literatur analysi retriev system major machineread databas batch retriev system</entry><entry level="1" type="bullet">mid project intrex mit</entry><entry level="1" type="bullet"><person wordnetid="100007846" confidence="0.9508927676800064"><link ns0:type="simple" ns0:href="../150/254150.xml">licklid</link></person>publish<it>librari futur</it></entry><entry level="1" type="bullet"><link ns0:type="simple" ns0:href="../866/9266866.xml">don swanson</link>involv studi univers chicago requir futur catalog</entry><entry level="1" type="bullet">gerard salton publish<it>automat organ retriev</it></entry><entry level="1" type="bullet"><link>sammon</link>radc tech report mathemat storag retriev outlin vector model</entry><entry level="1" type="bullet">sammon nonlinear map data structur analysi ieee transact comput propos visual interfac ir system</entry><entry level="1" type="bullet">late<link>lancast</link>complet evalu studi medlar system publish edit text retriev</entry><entry level="1" type="bullet">earli onlin systemsnlm aimtwx medlin lockhe dialog sdc orbit</entry><entry level="1" type="bullet">earli<link ns0:type="simple" ns0:href="../550/31550.xml">theodor nelson</link>promot concept<link ns0:type="simple" ns0:href="../460/13460.xml">hypertext</link>publish comput libdream machin</entry><entry level="1" type="bullet"><link>jardin</link><link ns0:type="simple" ns0:href="../191/1514191.xml">van rijsbergen</link>publish hierarch cluster retriev articul cluster hypothesi storag retriev dec</entry><entry level="1" type="bullet">three highli influenti public salton fulli articul vector process framework term discrimin model</entry><entry level="2" type="bullet">theori index societi industri appli mathemat</entry><entry level="2" type="bullet">theori term automat text analysi jasi</entry><entry level="2" type="bullet">vector space model automat index cacm</entry><entry level="1" type="bullet"><organization wordnetid="108008335" confidence="0.9508927676800064"><link ns0:type="simple" ns0:href="../ury/30th_century.xml">acm</link></organization><link ns0:type="simple" ns0:href="../116/9376116.xml">sigir</link>confer</entry><entry level="1" type="bullet">van rijsbergen publish<it>retriev</it>butterworth heavi emphasi probabilist model</entry><entry level="1" type="bullet">intern acm sigir confer joint british comput societi ir group cambridg</entry><entry level="1" type="bullet"><physical_entity wordnetid="100001930" confidence="0.8"><person wordnetid="100007846" confidence="0.8"><causal_agent wordnetid="100007347" confidence="0.8"><scientist wordnetid="110560637" confidence="0.8"><link ns0:type="simple" ns0:href="../750/11285750.xml">belkin</link></scientist></causal_agent></person></physical_entity>oddi brook propos anomal knowledg viewpoint retriev concept autom analysi tool prove ultim disappoint</entry><entry level="1" type="bullet">salton mcgill publish introduct modern retriev mcgrawhil heavi emphasi vector model</entry><entry level="1" type="bullet">mid effort develop user version commerci ir system</entry><entry level="1" type="bullet">key paper experiment system visual interfac</entry><entry level="1" type="bullet">work<link>crouch</link><physical_entity wordnetid="100001930" confidence="0.8"><person wordnetid="100007846" confidence="0.8"><causal_agent wordnetid="100007347" confidence="0.8"><scientist wordnetid="110560637" confidence="0.8"><link ns0:type="simple" ns0:href="../172/14156172.xml">robert korfhag</link></scientist></causal_agent></person></physical_entity><link>chalmer</link><link>spoerri</link></entry><entry level="1" type="bullet"><invention wordnetid="105633385" confidence="0.8"><link ns0:type="simple" ns0:href="../139/33139.xml">wide web</link></invention>propos<person wordnetid="100007846" confidence="0.9508927676800064"><computer_scientist wordnetid="109951070" confidence="0.9173553029164789"><link ns0:type="simple" ns0:href="../034/30034.xml">tim bernersle</link></computer_scientist></person><organization wordnetid="108008335" confidence="0.9508927676800064"><link ns0:type="simple" ns0:href="../351/37351.xml">cern</link></organization></entry><entry level="1" type="bullet">trec confer</entry><entry level="1" type="bullet">public<physical_entity wordnetid="100001930" confidence="0.8"><person wordnetid="100007846" confidence="0.8"><causal_agent wordnetid="100007347" confidence="0.8"><scientist wordnetid="110560637" confidence="0.8"><link ns0:type="simple" ns0:href="../172/14156172.xml">korfhag</link></scientist></causal_agent></person></physical_entity><it>storag retriev</it><ref ns0:type="simple" ns0:href="#xpointer(//reflist/entry[@id=%222%22])" />emphasi visual multirefer point system</entry><entry level="1" type="bullet">late web<artifact wordnetid="100021939" confidence="0.8"><instrumentality wordnetid="103575240" confidence="0.8"><engine wordnetid="103287733" confidence="0.8"><motor wordnetid="103789946" confidence="0.8"><device wordnetid="103183080" confidence="0.8"><machine wordnetid="103699975" confidence="0.8"><link ns0:type="simple" ns0:href="../023/4059023.xml">search engin</link></machine></device></motor></engine></instrumentality></artifact>implement featur experiment ir system</entry></list></p></ss1></sec><sec><st>overview</st><p>retriev process user enter queri system queri formal statement<link ns0:type="simple" ns0:href="../342/11016342.xml" />exampl search string web search engin retriev queri uniqu identifi singl object collect object match queri degre<link ns0:type="simple" ns0:href="../688/442688.xml">relev</link></p><p>object entiti store databas user queri match object store databas depend<link ns0:type="simple" ns0:href="../645/13324645.xml">applic</link>data object exampl text document imag video document store directli ir system repres system document surrog</p><p>ir system comput numer score well object databas match queri rank object top rank object user process iter user wish refin queri</p></sec><sec><st>perform measur</st><p><indent level="1"><it>main articl<link ns0:type="simple" ns0:href="../887/14343887.xml">precis recal</link></it></indent>measur evalu perform retriev system propos measur requir collect document queri common measur describ assum ground truth notion relev document relev nonrelev queri practic queri<link ns0:type="simple" ns0:href="../673/176673.xml">illpos</link>shade relev</p><ss1><st>precis</st><p>precis fraction document retriev<link ns0:type="simple" ns0:href="../684/442684.xml">relev</link>user</p><p><indent level="1"><math>mboxprecisionfracmboxrelev documentscapmboxretriev documentsmboxretriev document</math></indent><link ns0:type="simple" ns0:href="../393/205393.xml">binari classif</link>precis analog<link ns0:type="simple" ns0:href="../952/1556952.xml">posit predict</link>precis take retriev document account evalu cutoff rank consid topmost return system measur call<it>precis</it><it>pn</it></p><p>note mean usag precis field retriev differ definit<link ns0:type="simple" ns0:href="../932/41932.xml">accuraci precis</link>branch scienc technolog</p></ss1><ss1><st>recal</st><p>recal fraction document relev queri retriev</p><p><indent level="1"><math>mboxrecallfracmboxrelev documentscapmboxretriev documentsmboxrelev document</math></indent>binari classif recal call<link ns0:type="simple" ns0:href="../330/5599330.xml">sensit</link>look<it>probabl relev document retriev queri</it></p><p>trivial achiev recal return document respons queri recal measur number nonrelev document exampl comput precis</p></ss1><ss1><st>fallout</st><p>proport nonrelev document retriev nonrelev document</p><p><indent level="1"><math>mboxfalloutfracmboxnonrelev documentscapmboxretriev documentsmboxnonrelev document</math></indent>binari classif fallout close<link ns0:type="simple" ns0:href="../330/5599330.xml">specif</link>precis<math>mboxfalloutmboxspecif</math>look<it>probabl nonrelev document retriev queri</it></p><p>trivial achiev fallout return document respons queri</p></ss1><ss1><st>fmeasur</st><p><indent level="1"><it>main articl<link ns0:type="simple" ns0:href="../785/4011785.xml">fscore</link></it></indent>weight<link ns0:type="simple" ns0:href="../463/14463.xml">harmon</link>precis recal tradit fmeasur balanc fscore</p><p><indent level="1"><math>cdot mathrmprecis cdot mathrmrecal mathrmprecis mathrmrecal</math></indent><math>f_</math>measur recal precis evenli weight</p><p>gener formula nonneg real<indent level="1"><math>f_beta beta cdot mathrmprecis cdot mathrmrecal beta cdot mathrmprecis mathrmrecal</math></indent>commonli measur<math>f_</math>measur weight recal precis<math>f_</math>measur weight precis recal</p><p>fmeasur deriv van rijsbergen<math>f_beta</math>measur effect retriev respect user attach time recal precis base van rijsbergen effect measur<math>alphap alphar</math>relationship<math>f_beta</math><math>alphabeta</math></p></ss1><ss1><st>averag precis precis recal</st><p>precis recal base list document return system averag precis emphas return relev document earlier averag precis comput truncat list relev document turn</p><p><indent level="1"><math>operatornameavep fracsum_rn pr time mathrmrelrmboxnumb relev document</math></indent><it />rank<it />number retriev<it>rel</it>binari function relev rank<it />precis cutoff rank</p></ss1></sec><sec><st>model type</st><p><image width="500px" src="Information-Retrieval-Models.png" type="thumb"><caption>categor irmodel translat<weblink ns0:type="simple" ns0:href="http://de.wikipedia.org/wiki/Informationsrückgewinnung#Klassifikation_von_Modellen_zur_Repr.C3.A4sentation_nat.C3.BCrlichsprachlicher_Dokumente">german entri</weblink>origin sourc<weblink ns0:type="simple" ns0:href="http://www.logos-verlag.de/cgi-bin/engbuchmid?isbn=0514 lng=eng id=">dominik kuropka</weblink></caption></image>retriev effici document typic transform suitabl represent represent pictur illustr relationship common model pictur model categor dimens mathemat basi properti model</p><ss1><st>dimens mathemat basi</st><p><list><entry level="1" type="bullet"><it>settheoret model</it>repres document set phrase similar deriv settheoret oper set common model</entry><entry level="2" type="bullet"><link ns0:type="simple" ns0:href="../434/4694434.xml">standard boolean model</link></entry><entry level="2" type="bullet"><link>extend boolean model</link></entry><entry level="2" type="bullet"><link>fuzzi retriev</link></entry></list></p><p><list><entry level="1" type="bullet"><it>algebra model</it>repres document queri vector matric tupl similar queri vector document vector repres scalar</entry><entry level="2" type="bullet"><link ns0:type="simple" ns0:href="../134/1256134.xml">vector space model</link></entry><entry level="2" type="bullet"><link>gener vector space model</link></entry><entry level="2" type="bullet">topicbas vector space model literatur<weblink ns0:type="simple" ns0:href="http://www.kuropka.net/files/TVSM.pdf">httpwwwkuropkanetfilestvsmpdf</weblink><weblink ns0:type="simple" ns0:href="http://www.logos-verlag.de/cgi-bin/engbuchmid?isbn=0514 lng=eng id=">httpwwwlogosverlagdecgibinengbuchmidisbn lngeng</weblink></entry><entry level="2" type="bullet"><link>extend boolean model</link></entry><entry level="2" type="bullet">enhanc topicbas vector space model literatur<weblink ns0:type="simple" ns0:href="http://kuropka.net/files/HPI_Evaluation_of_eTVSM.pdf">httpkuropkanetfileshpi_evaluation_of_etvsmpdf</weblink><weblink ns0:type="simple" ns0:href="http://www.logos-verlag.de/cgi-bin/engbuchmid?isbn=0514 lng=eng id=">httpwwwlogosverlagdecgibinengbuchmidisbn lngeng</weblink></entry><entry level="2" type="bullet">latent semant index aka<link ns0:type="simple" ns0:href="../427/689427.xml">latent semant analysi</link></entry></list></p><p><list><entry level="1" type="bullet"><it>probabilist model</it>treat process document retriev probabilist infer similar comput probabl document relev queri probabilist theorem<statement wordnetid="106722453" confidence="0.8"><message wordnetid="106598915" confidence="0.8"><theorem wordnetid="106752293" confidence="0.8"><proposition wordnetid="106750804" confidence="0.8"><link ns0:type="simple" ns0:href="../569/49569.xml">bay theorem</link></proposition></theorem></message></statement>model</entry><entry level="2" type="bullet"><link>binari independ retriev</link></entry><entry level="2" type="bullet"><link ns0:type="simple" ns0:href="../414/9511414.xml">probabilist relev model bm</link></entry><entry level="2" type="bullet">uncertain infer</entry><entry level="2" type="bullet"><link ns0:type="simple" ns0:href="../810/1911810.xml">languag model</link></entry><entry level="2" type="bullet"><link ns0:type="simple" ns0:href="../853/1798853.xml">divergencefromrandom model</link></entry><entry level="2" type="bullet"><link ns0:type="simple" ns0:href="../351/4605351.xml">latent dirichlet alloc</link></entry></list></p></ss1><ss1><st>second dimens properti model</st><p><list><entry level="1" type="bullet"><it>model terminterdepend</it>treat termsword independ fact repres vector space model<link ns0:type="simple" ns0:href="../221/102221.xml">orthogon</link>assumpt term vector probabilist model<link ns0:type="simple" ns0:href="../341/10739341.xml">independ</link>assumpt term variabl</entry></list></p><p><list><entry level="1" type="bullet"><it>model imman term interdepend</it>allow represent interdepend term degre interdepend term defin model directli indirectli deriv<link ns0:type="simple" ns0:href="../867/579867.xml">dimension reduct</link><link ns0:type="simple" ns0:href="../802/4869802.xml">cooccurr</link>term set document</entry></list></p><p><list><entry level="1" type="bullet"><it>model transcend term interdepend</it>allow represent interdepend term alleg interdepend term defin relay extern sourc degre interdepend term exampl human sophist algorithm</entry></list></p></ss1></sec><sec><st>major figur</st><p><list><entry level="1" type="bullet"><physical_entity wordnetid="100001930" confidence="0.8"><peer wordnetid="109626238" confidence="0.8"><person wordnetid="100007846" confidence="0.8"><pioneer wordnetid="110434725" confidence="0.8"><colleague wordnetid="109935990" confidence="0.8"><causal_agent wordnetid="100007347" confidence="0.8"><scientist wordnetid="110560637" confidence="0.8"><originator wordnetid="110383816" confidence="0.8"><creator wordnetid="109614315" confidence="0.8"><associate wordnetid="109816771" confidence="0.8"><link ns0:type="simple" ns0:href="../624/509624.xml">gerard salton</link></associate></creator></originator></scientist></causal_agent></colleague></pioneer></person></peer></physical_entity></entry><entry level="1" type="bullet"><physical_entity wordnetid="100001930" confidence="0.8"><person wordnetid="100007846" confidence="0.8"><worker wordnetid="109632518" confidence="0.8"><causal_agent wordnetid="100007347" confidence="0.8"><scientist wordnetid="110560637" confidence="0.8"><employee wordnetid="110053808" confidence="0.8"><link ns0:type="simple" ns0:href="../602/1015602.xml">han peter luhn</link></employee></scientist></causal_agent></worker></person></physical_entity></entry><entry level="1" type="bullet"><weblink ns0:type="simple" ns0:href="http://ciir.cs.umass.edu/personnel/croft.html">bruce croft</weblink></entry><entry level="1" type="bullet"><link>karen sprck jone</link></entry><entry level="1" type="bullet"><physical_entity wordnetid="100001930" confidence="0.8"><peer wordnetid="109626238" confidence="0.8"><person wordnetid="100007846" confidence="0.8"><colleague wordnetid="109935990" confidence="0.8"><causal_agent wordnetid="100007347" confidence="0.8"><scientist wordnetid="110560637" confidence="0.8"><associate wordnetid="109816771" confidence="0.8"><link ns0:type="simple" ns0:href="../191/1514191.xml">van rijsbergen</link></associate></scientist></causal_agent></colleague></person></peer></physical_entity></entry><entry level="1" type="bullet"><weblink ns0:type="simple" ns0:href="http://www.soi.city.ac.uk/~ser/homepage.html">stephen robertson</weblink></entry><entry level="1" type="bullet"><link ns0:type="simple" ns0:href="../202/2883202.xml">martin porter</link></entry></list></p></sec><sec><st>award field</st><p><list><entry level="1" type="bullet"><symbol wordnetid="106806469" confidence="0.8"><award wordnetid="106696483" confidence="0.8"><signal wordnetid="106791372" confidence="0.8"><link ns0:type="simple" ns0:href="../195/504195.xml">toni kent strix award</link></signal></award></symbol></entry><entry level="1" type="bullet"><symbol wordnetid="106806469" confidence="0.8"><award wordnetid="106696483" confidence="0.8"><signal wordnetid="106791372" confidence="0.8"><link ns0:type="simple" ns0:href="../660/1981660.xml">gerard salton award</link></signal></award></symbol></entry></list></p></sec><sec><st /><p><list><entry level="1" type="bullet"><link ns0:type="simple" ns0:href="../091/11486091.xml">adversari retriev</link></entry><entry level="1" type="bullet"><link ns0:type="simple" ns0:href="../645/13324645.xml">area ir applic</link></entry><entry level="1" type="bullet"><link ns0:type="simple" ns0:href="../172/39172.xml">cluster</link></entry><entry level="1" type="bullet"><link ns0:type="simple" ns0:href="../649/18046649.xml">compound term process</link></entry><entry level="1" type="bullet"><link ns0:type="simple" ns0:href="../719/1850719.xml">control vocabulari</link></entry><entry level="1" type="bullet"><link ns0:type="simple" ns0:href="../332/10332.xml">educ psycholog</link></entry><entry level="1" type="bullet"><link ns0:type="simple" ns0:href="../248/1315248.xml">free text search</link></entry><entry level="1" type="bullet"><link ns0:type="simple" ns0:href="../878/14473878.xml">human comput retriev</link></entry><entry level="1" type="bullet"><link ns0:type="simple" ns0:href="../162/383162.xml">extract</link></entry><entry level="1" type="bullet"><link ns0:type="simple" ns0:href="../342/11016342.xml" /></entry><entry level="1" type="bullet"><link ns0:type="simple" ns0:href="../934/16635934.xml">retriev facil</link></entry><entry level="1" type="bullet"><link ns0:type="simple" ns0:href="../354/149354.xml">scienc</link></entry><entry level="1" type="bullet"><link ns0:type="simple" ns0:href="../850/660850.xml">knowledg visual</link></entry><entry level="1" type="bullet"><artifact wordnetid="100021939" confidence="0.8"><instrumentality wordnetid="103575240" confidence="0.8"><engine wordnetid="103287733" confidence="0.8"><motor wordnetid="103789946" confidence="0.8"><device wordnetid="103183080" confidence="0.8"><machine wordnetid="103699975" confidence="0.8"><link ns0:type="simple" ns0:href="../367/11647367.xml">multisearch</link></machine></device></motor></engine></instrumentality></artifact></entry><entry level="1" type="bullet"><physical_entity wordnetid="100001930" confidence="0.8"><person wordnetid="100007846" confidence="0.8"><leader wordnetid="109623038" confidence="0.8"><administrator wordnetid="109770949" confidence="0.8"><causal_agent wordnetid="100007347" confidence="0.8"><head wordnetid="110162991" confidence="0.8"><director wordnetid="110014939" confidence="0.8"><link ns0:type="simple" ns0:href="../329/283329.xml">person manag</link></director></head></causal_agent></administrator></leader></person></physical_entity></entry><entry level="1" type="bullet"><link ns0:type="simple" ns0:href="../684/442684.xml">relev retriev</link></entry><entry level="1" type="bullet"><link ns0:type="simple" ns0:href="../361/5818361.xml">relev feedback</link></entry><entry level="1" type="bullet"><event wordnetid="100029378" confidence="0.8"><rule wordnetid="105846932" confidence="0.8"><act wordnetid="100030358" confidence="0.8"><psychological_feature wordnetid="100023100" confidence="0.8"><procedure wordnetid="101023820" confidence="0.8"><activity wordnetid="100407535" confidence="0.8"><algorithm wordnetid="105847438" confidence="0.8"><link ns0:type="simple" ns0:href="../386/7602386.xml">search</link></algorithm></activity></procedure></psychological_feature></act></rule></event></entry><entry level="1" type="bullet"><link ns0:type="simple" ns0:href="../290/2057290.xml">tfidf</link></entry></list></p></sec><sec><st>refer</st><p><reflist><entry id="1"><cite style="font-style:normal">singhal amit<weblink ns0:type="simple" ns0:href="http://singhal.info/ieee2001.pdf">modern retriev overview</weblink><it>bulletin ieee comput societi technic committe data engin</it></cite></entry><entry id="2"><cite style="font-style:normal" class="book">korfhag robert<weblink ns0:type="simple" ns0:href="http://www.wiley.com/WileyCDA/WileyTitle/productCd-0471143383,descCd-authorInfo.html">storag retriev</weblink>wiley isbn</cite></entry></reflist></p></sec><sec><st>extern link</st><p><list><entry level="1" type="bullet"><weblink ns0:type="simple" ns0:href="http://www.acm.org/sigir/">acm sigir retriev special interest group</weblink></entry><entry level="1" type="bullet"><weblink ns0:type="simple" ns0:href="http://irsg.bcs.org/">bc irsg british comput societi retriev specialist group</weblink></entry><entry level="1" type="bullet"><weblink ns0:type="simple" ns0:href="http://trec.nist.gov">text retriev confer trec</weblink></entry><entry level="1" type="bullet"><weblink ns0:type="simple" ns0:href="http://www.cwirf.org/">chines web retriev forum cwirf</weblink></entry><entry level="1" type="bullet"><weblink ns0:type="simple" ns0:href="http://www.dcs.gla.ac.uk/Keith/Preface.html">retriev</weblink>onlin book<physical_entity wordnetid="100001930" confidence="0.8"><peer wordnetid="109626238" confidence="0.8"><person wordnetid="100007846" confidence="0.8"><colleague wordnetid="109935990" confidence="0.8"><causal_agent wordnetid="100007347" confidence="0.8"><scientist wordnetid="110560637" confidence="0.8"><associate wordnetid="109816771" confidence="0.8"><link ns0:type="simple" ns0:href="../191/1514191.xml">van rijsbergen</link></associate></scientist></causal_agent></colleague></person></peer></physical_entity></entry><entry level="1" type="bullet"><weblink ns0:type="simple" ns0:href="http://ir.dcs.gla.ac.uk/wiki/">retriev wiki</weblink></entry><entry level="1" type="bullet"><weblink ns0:type="simple" ns0:href="http://ir-facility.org/">retriev facil</weblink></entry><entry level="1" type="bullet"><weblink ns0:type="simple" ns0:href="http://www-csli.stanford.edu/~hinrich/information-retrieval-book.html">introduct retriev onlin book christoph man prabhakar raghavan hinrich schtze cambridg univers press</weblink></entry></list></p></sec></bdy></article>