<article xmlns:ns0="http://www.w3.org/1999/xlink"><header><title>alphalinolen acid</title><id /><revision><id /><timestamp>tz</timestamp><contributor><username>gwen gale</username><id /></contributor></revision><categories><category>essenti nutrient</category><category>essenti fatti acid</category><category>fatti acid</category></categories></header><bdy><table style="float: right; clear: right; margin: 0 0 1em 1em; border-collapse: collapse;" width="250px" class="toccolours" border="1"><header colspan="2" style="width: 30%; background: #F8EABA; text-align: center;">linolen acid</header><row><col colspan="2" align="center" bgcolor="#ffffff"><image width="200px" src="Linolenic-acid-3D-vdW.png" /></col></row><row><col colspan="2" align="center" bgcolor="#ffffff"><image width="350px" src="ALAnumbering.png" /></col></row><row><col>name</col><col>ala linolen acid ci ciscisoctadecatrieno acid zzzoctadecatrieno acid industren</col></row><row><header>stylebackground feaba textalign center colspan</header><header>stylebackground feaba textalign center colspan</header><col colspan="2" style="width: 30%; background: #F8EABA; text-align: center;">data materi<link ns0:type="simple" ns0:href="../224/240224.xml">standard stateat kpa</link></col></row></table><p><b><link ns0:type="simple" ns0:href="../929/929.xml" />linolen acid</b><b>ala</b>organ compound common<link ns0:type="simple" ns0:href="../331/192331.xml">veget oil</link><message wordnetid="106598915" confidence="0.8"><information wordnetid="106634376" confidence="0.8"><electronic_database wordnetid="106588511" confidence="0.8"><lexical_database wordnetid="106638868" confidence="0.8"><wordnet wordnetid="106639428" confidence="0.8"><database wordnetid="106637824" confidence="0.8"><link ns0:type="simple" ns0:href="../402/514402.xml">systemat</link></database></wordnet></lexical_database></electronic_database></information></message>name<it /><it>ci</it>octadecatrieno acid<ref ns0:type="simple" ns0:href="#xpointer(//reflist/entry[@id=%221%22])" />physiolog literatur<it /></p><p>ala<link ns0:type="simple" ns0:href="../099/6099.xml">carboxyl acid</link>carbon chain three<it><link ns0:type="simple" ns0:href="../445/9130445.xml">ci</link></it>doubl bond doubl bond locat third carbon<it />ala<link ns0:type="simple" ns0:href="../981/3321981.xml">polyunsatur</link><link ns0:type="simple" ns0:href="../594/22594.xml"><it /></link>omega fatti acid isom<link>linolen acid</link>polyunsatur<link ns0:type="simple" ns0:href="../218/681218.xml"><it /></link>omega fatti acid</p><sec><st>dietari sourc</st><p><image location="right" width="120px" src="Beklädnadsväxter,_Linum_usitatissimum,_Nordisk_familjebok.png" type="thumb"><caption>flax rich sourc ala</caption></image>seed oil richest sourc ala notabl<link ns0:type="simple" ns0:href="../545/219545.xml">rapese</link><link ns0:type="simple" ns0:href="../190/86190.xml">canola</link><link ns0:type="simple" ns0:href="../784/62784.xml">soybean</link><link ns0:type="simple" ns0:href="../140/165140.xml">walnut</link><link ns0:type="simple" ns0:href="../869/38869.xml">flaxse</link>linse<substance wordnetid="100020090" confidence="0.8"><condiment wordnetid="107810907" confidence="0.8"><food wordnetid="100021265" confidence="0.8"><flavorer wordnetid="107809368" confidence="0.8"><ingredient wordnetid="107809096" confidence="0.8"><foodstuff wordnetid="107566340" confidence="0.8"><link ns0:type="simple" ns0:href="../731/4295731.xml">perilla</link></foodstuff></ingredient></flavorer></food></condiment></substance><link ns0:type="simple" ns0:href="../860/3399860.xml">chia</link><link ns0:type="simple" ns0:href="../313/963313.xml">hemp</link>ala<link ns0:type="simple" ns0:href="../455/209455.xml">thylakoid membran</link>green leav broadleaf plant membran respons photosynthesi<ref ns0:type="simple" ns0:href="#xpointer(//reflist/entry[@id=%222%22])" />green anim eat green good sourc ala</p><p><table style="border-collapse:collapse;" cellpadding="1" class="wikitable" border="1" cellspacing="0"><header>common</header><row><col>altern</col><col>linnaean</col><col>ala</col><col /></row><row><col><link ns0:type="simple" ns0:href="../025/661025.xml">chia</link></col><col>chia sage</col><col><it>salvia hispanica</it></col><col /><col><ref ns0:type="simple" ns0:href="#xpointer(//reflist/entry[@id=%223%22])" /></col></row><row><col><link ns0:type="simple" ns0:href="../363/17363.xml">kiwifruit</link></col><col>chines gooseberri</col><col><it>actinidia chinensi</it></col><col /><col><ref ns0:type="simple" ns0:href="#xpointer(//reflist/entry[@id=%223%22])" /></col></row><row><col><link ns0:type="simple" ns0:href="../880/312880.xml">perilla</link></col><col>shiso</col><col><it>perilla frutescen</it></col><col /><col><ref ns0:type="simple" ns0:href="#xpointer(//reflist/entry[@id=%223%22])" /></col></row><row><col><link ns0:type="simple" ns0:href="../869/38869.xml">flax</link></col><col>linse</col><col><it>linum usitatissimum</it></col><col /><col><ref ns0:type="simple" ns0:href="#xpointer(//reflist/entry[@id=%223%22])" /></col></row><row><col><link ns0:type="simple" ns0:href="../288/4285288.xml">lingonberri</link></col><col>cowberri</col><col><it>vaccinium vitisidaea</it></col><col /><col><ref ns0:type="simple" ns0:href="#xpointer(//reflist/entry[@id=%223%22])" /></col></row><row><col><link ns0:type="simple" ns0:href="../752/862752.xml">purslan</link></col><col>portulaca</col><col><it>portulaca oleracea</it></col><col /><col><ref ns0:type="simple" ns0:href="#xpointer(//reflist/entry[@id=%223%22])" /></col></row><row><col><link ns0:type="simple" ns0:href="../058/1005058.xml">sea buckthorn</link></col><col>seaberri</col><col><it>hippopha rhamnoid</it></col><col /><col><ref ns0:type="simple" ns0:href="#xpointer(//reflist/entry[@id=%224%22])" /></col></row><row><col><link ns0:type="simple" ns0:href="../313/963313.xml">hemp</link></col><col>cannabi</col><col><it>cannabi sativa</it></col><col /><col><ref ns0:type="simple" ns0:href="#xpointer(//reflist/entry[@id=%223%22])" /></col></row><row><col><link ns0:type="simple" ns0:href="../545/219545.xml">rapese</link></col><col>canola</col><col><it>brassica napu</it></col><col /><col><ref ns0:type="simple" ns0:href="#xpointer(//reflist/entry[@id=%221%22])" /></col></row><row><col><link ns0:type="simple" ns0:href="../784/62784.xml#xpointer(//*[./st=%22Oil%22])">soybean</link></col><col>soya</col><col><it>glycin max</it></col><col /><col><ref ns0:type="simple" ns0:href="#xpointer(//reflist/entry[@id=%221%22])" /></col></row><row><col colspan="3" /><col colspan="2">averag val</col></row></table></p></sec><sec><st>role nutrit health</st><p>ala<it />fatti acid member group<link ns0:type="simple" ns0:href="../948/105948.xml">essenti fatti acid</link>call produc bodi acquir diet seed seed oil richer<it />fatti acid<link ns0:type="simple" ns0:href="../497/880497.xml">linol acid</link>linol acid essenti fat<it />fat compet<it />posit cell membran effect human health<it><link ns0:type="simple" ns0:href="../714/4576714.xml">essenti fatti acid interact</link></it></p><p><link ns0:type="simple" ns0:href="../775/1593775.xml">eicosapentaeno acid</link>epa<it /><link ns0:type="simple" ns0:href="../318/1673318.xml">docosahexaeno acid</link>dha<it />play vital role metabol process fatti acid fish marinederiv fatti acid synthes human ala human ala diet absenc requir desaturas enzym de novo synthesi stearic acid imposs convers dietari ala epa limit efficaci<it />longchain polyunsatur fatti acid lcpufa synthesi decreas cascad ala convers dha synthesi ala restrict epa<ref ns0:type="simple" ns0:href="#xpointer(//reflist/entry[@id=%225%22])" /></p><p>gener assum linol acid la<it />reduc epa synthesi competit ala la common desatur elong enzym</p><p>studi evid ala lower risk cardiovascular diseas<ref ns0:type="simple" ns0:href="#xpointer(//reflist/entry[@id=%226%22])" /><ref ns0:type="simple" ns0:href="#xpointer(//reflist/entry[@id=%227%22])" />mechan unclear bodi convert ala longer chain fatti acid epa dha unknown protect<link ns0:type="simple" ns0:href="../562/5562.xml">cardiac arrhythmia</link>exert ala<link ns0:type="simple" ns0:href="../374/20374.xml">metabol</link>product studi link ala rapidli progress<link ns0:type="simple" ns0:href="../078/88078.xml">prostat cancer</link><ref ns0:type="simple" ns0:href="#xpointer(//reflist/entry[@id=%228%22])" /><link ns0:type="simple" ns0:href="../033/895033.xml">macular degener</link><ref ns0:type="simple" ns0:href="#xpointer(//reflist/entry[@id=%229%22])" />increas risk control subject receiv ala suggest major neuroprotect ala<link ns0:type="simple" ns0:href="../187/15187.xml">invivo</link>model global<link ns0:type="simple" ns0:href="../305/490305.xml">ischemia</link>kainduc<link ns0:type="simple" ns0:href="../511/10511.xml">epilepsi</link><ref ns0:type="simple" ns0:href="#xpointer(//reflist/entry[@id=%2210%22])" /></p><p>larg studi associ total ala intak risk prostat cancer<ref ns0:type="simple" ns0:href="#xpointer(//reflist/entry[@id=%2211%22])" /></p><ss1><st>ala</st><p>partial<link ns0:type="simple" ns0:href="../968/235968.xml">hydrogen</link>unsatur fatti acid form<link ns0:type="simple" ns0:href="../487/263487.xml">tran fat</link><link ns0:type="simple" ns0:href="../784/62784.xml">soybean</link>largest sourc<link ns0:type="simple" ns0:href="../331/192331.xml">edibl oil</link>soy oil product partial hydrogen<ref ns0:type="simple" ns0:href="#xpointer(//reflist/entry[@id=%2212%22])" /><ref ns0:type="simple" ns0:href="#xpointer(//reflist/entry[@id=%2213%22])" />low oxid stabil ala reason<link>soybean oil</link>undergo partial hydrogen regul forc<link ns0:type="simple" ns0:href="../487/263487.xml#xpointer(//*[./st=%22Public+response+and+regulation%22])">list ban tran fat</link>spur develop lowala soybean yield stabl oil requir hydrogen provid transfre altern applic fri oil<ref ns0:type="simple" ns0:href="#xpointer(//reflist/entry[@id=%2214%22])" />consortia bring lowala soy market<company wordnetid="108058098" confidence="0.9508927676800064"><link ns0:type="simple" ns0:href="../829/201829.xml">dupont</link></company>effort involv<link ns0:type="simple" ns0:href="../850/240850.xml">silenc</link>fad gene code<link ns0:type="simple" ns0:href="../428/4074428.xml">desaturas</link>soy oil low level ala la<ref ns0:type="simple" ns0:href="#xpointer(//reflist/entry[@id=%2215%22])" /></p></ss1><ss1><st>cardiovascular</st><p>dietari ala assess role cardiovascular health clinic benefit studi review conclud weight evid favor recommend modest dietari consumpt ala day primari secondari prevent<link ns0:type="simple" ns0:href="../735/5069735.xml">chd</link><ref ns0:type="simple" ns0:href="#xpointer(//reflist/entry[@id=%2216%22])" /></p></ss1></sec><sec><st>dri oil</st><p><indent level="1"><it>main articl<link ns0:type="simple" ns0:href="../713/752713.xml">dri oil</link></it></indent>ala abund unsatur compon<link ns0:type="simple" ns0:href="../713/752713.xml">dri oil</link><substance wordnetid="100020090" confidence="0.8"><condiment wordnetid="107810907" confidence="0.8"><food wordnetid="100021265" confidence="0.8"><flavorer wordnetid="107809368" confidence="0.8"><ingredient wordnetid="107809096" confidence="0.8"><foodstuff wordnetid="107566340" confidence="0.8"><link ns0:type="simple" ns0:href="../731/4295731.xml">perilla</link></foodstuff></ingredient></flavorer></food></condiment></substance><link ns0:type="simple" ns0:href="../140/165140.xml">walnut</link><link ns0:type="simple" ns0:href="../711/295711.xml">linse oil</link></p></sec><sec><st /><p><list><entry level="1" type="bullet"><link ns0:type="simple" ns0:href="../948/105948.xml">essenti fatti acid</link></entry><entry level="1" type="bullet"><link>list<it />fatti acid</link></entry><entry level="1" type="bullet"><link ns0:type="simple" ns0:href="../854/529854.xml">essenti nutrient</link></entry></list></p></sec><sec><st>refer</st><p><reflist><entry id="1">bearerog<weblink ns0:type="simple" ns0:href="http://www.iupac.org/publications/pac/2001/pdf/7304x0685.pdf">iupac lexicon lipid nutrit</weblink>pdf retriev februari</entry><entry id="2"><cite style="font-style:normal">chapman david defelic john barber jame<weblink ns0:type="simple" ns0:href="http://www.pubmedcentral.nih.gov/articlerender.fcgi?artid=1066200">growth temperatur effect thylakoid membran lipid protein content pea chloroplast</weblink><it>plant physiol</it><b />pmid retriev<link /></cite></entry><entry id="3"><weblink ns0:type="simple" ns0:href="http://www.bagkf.de/sofa/">seed oil fatti acid sofa databas retriev</weblink></entry><entry id="4"><cite style="font-style:normal">li thoma<weblink ns0:type="simple" ns0:href="http://www.hort.purdue.edu/newcrop/proceedings1999/v4-335.html">sea buckthorn crop opportun</weblink><it>perspect crop</it>alexandria va<link>ash press</link>retriev<link /></cite></entry><entry id="5"><cite style="font-style:normal">shiel inni fatti acid earli human develop<it>earli human develop</it><b /><document wordnetid="106470073" confidence="0.8"><written_communication wordnetid="106349220" confidence="0.8"><writing wordnetid="106362953" confidence="0.8"><link ns0:type="simple" ns0:href="../994/422994.xml">doi</link></writing></written_communication></document><weblink ns0:type="simple" ns0:href="http://dx.doi.org/10.1016%2Fj.earlhumdev.2007.09.004">jearlhumdev</weblink></cite></entry><entry id="6"><cite style="font-style:normal">penni krisetherton william harri lawrenc appel nutrit committe<weblink ns0:type="simple" ns0:href="http://circ.ahajournals.org/cgi/content/full/106/21/2747">fish consumpt fish oil omega fatti acid cardiovascular diseas</weblink>pdf<it>circul</it><b /><document wordnetid="106470073" confidence="0.8"><written_communication wordnetid="106349220" confidence="0.8"><writing wordnetid="106362953" confidence="0.8"><link ns0:type="simple" ns0:href="../994/422994.xml">doi</link></writing></written_communication></document><weblink ns0:type="simple" ns0:href="http://dx.doi.org/10.1161%2F01.CIR.0000038493.65177.94">cir</weblink>pmid retriev<link /></cite>pmid</entry><entry id="7"><cite style="font-style:normal">william connor<weblink ns0:type="simple" ns0:href="http://www.ajcn.org/cgi/reprint/71/1/171S">fatti acid health diseas</weblink>pdf<it>american journal clinic nutrit</it><b />suppl ss retriev<link /></cite>pmid</entry><entry id="8"><cite style="font-style:normal">brouwer ia katan mb zock pl<weblink ns0:type="simple" ns0:href="http://jn.nutrition.org/cgi/content/full/134/4/919">dietari linolen acid associ reduc risk fatal coronari heart diseas increas prostat cancer risk metaanalysi</weblink><it>journal nutrit</it><b />pmid retriev<link /></cite>pmid</entry><entry id="9"><cite style="font-style:normal">eunyoung cho shirley hung walter willett donna spiegelman eric rimm johanna seddon graham colditz susan hankinson<weblink ns0:type="simple" ns0:href="http://www.ajcn.org/cgi/content/full/73/2/209">prospect studi dietari fat risk agerel macular degener</weblink><it>american journal clinic nutrit</it><b />pmid retriev<link /></cite>pmid</entry><entry id="10"><cite style="font-style:normal">inger lauritzen nicola blondeau catherin heurteaux catherin widmann georg romey michel lazdunski<weblink ns0:type="simple" ns0:href="http://embojournal.npgjournals.com/cgi/content/full/19/8/1784">polyunsatur fatti acid potent neuroprotector</weblink><it>embo journal</it><b /><document wordnetid="106470073" confidence="0.8"><written_communication wordnetid="106349220" confidence="0.8"><writing wordnetid="106362953" confidence="0.8"><link ns0:type="simple" ns0:href="../994/422994.xml">doi</link></writing></written_communication></document><weblink ns0:type="simple" ns0:href="http://dx.doi.org/10.1093%2Femboj%2F19.8.1784">emboj</weblink>pmid retriev<link /></cite></entry><entry id="11"><cite style="font-style:normal">koralek peter andriol al prospect studi dietari linolen acid risk prostat cancer unit<it>cancer control</it><b /><document wordnetid="106470073" confidence="0.8"><written_communication wordnetid="106349220" confidence="0.8"><writing wordnetid="106362953" confidence="0.8"><link ns0:type="simple" ns0:href="../994/422994.xml">doi</link></writing></written_communication></document><weblink ns0:type="simple" ns0:href="http://dx.doi.org/10.1007%2Fs10552-006-0014-x">sx</weblink>pmid retriev<link /></cite></entry><entry id="12"><cite style="font-style:normal">fitzgerald ann brasher philip<weblink ns0:type="simple" ns0:href="http://www.truthabouttrade.org/article.asp?id=6669">ban tran fat benefit iowa</weblink><it>truth trade technolog</it>retriev<link ns0:type="simple" ns0:href="../789/15789.xml">januari</link><link ns0:type="simple" ns0:href="../165/36165.xml" /></cite></entry><entry id="13">kinney toni<weblink ns0:type="simple" ns0:href="http://www.metabolicengineering.gov/me2005/Kinney.pdf">metabol plant produc healthier food oil slide</weblink>retriev<link /></entry><entry id="14">monsanto<weblink ns0:type="simple" ns0:href="http://www.monsanto.com/monsanto/layout/media/06/01-12-06.asp">adm process monsanto vistiv low linolen soybean indiana facil</weblink>retriev<link /></entry><entry id="15">kinney toni<weblink ns0:type="simple" ns0:href="http://www.metabolicengineering.gov/me2005/Kinney.pdf">metabol plant produc healthier food oil</weblink>retriev<link /></entry><entry id="16"><cite style="font-style:normal">mozaffarian linolen acid intak reduc risk coronari heart diseas review evid<it>altern therapi health medicin</it><b />quiz pmid</cite></entry></reflist></p><p><table style=";" class="navbox" cellspacing="0"><row><col style="padding:2px;"><table style="width:100%;background:transparent;color:inherit;;" class="nowraplinks collapsible autocollapse " cellspacing="0"><row><header colspan="2" style=";" class="navbox-title"><link ns0:type="simple" ns0:href="../940/17940.xml">lipid</link><link ns0:type="simple" ns0:href="../975/10975.xml">fatti acid</link></header></row><row style="height:2px;" /><row><col style=";;" class="navbox-group"><link ns0:type="simple" ns0:href="../746/264746.xml">satur</link></col><col style="text-align:left;border-left:2px solid #fdfdfd;width:100%;padding:0px;;;" class="navbox-list navbox-odd"><link ns0:type="simple" ns0:href="../345/232345.xml">butyr</link><link ns0:type="simple" ns0:href="../897/2933897.xml">hexano</link><link ns0:type="simple" ns0:href="../774/3127774.xml">capryl</link><link ns0:type="simple" ns0:href="../173/2349173.xml">decano</link><link ns0:type="simple" ns0:href="../497/1598497.xml">lauric</link><link ns0:type="simple" ns0:href="../038/1718038.xml">myrist</link><link ns0:type="simple" ns0:href="../488/542488.xml">palmit</link><link ns0:type="simple" ns0:href="../511/338511.xml">stearic</link><link ns0:type="simple" ns0:href="../531/542531.xml">arachid</link><link ns0:type="simple" ns0:href="../741/3306741.xml">behen</link><link ns0:type="simple" ns0:href="../766/3306766.xml">lignocer</link></col></row><row style="height:2px" /><row><col style=";;" class="navbox-group"><link ns0:type="simple" ns0:href="../594/22594.xml"><it />unsatur</link></col><col style="text-align:left;border-left:2px solid #fdfdfd;width:100%;padding:0px;;;" class="navbox-list navbox-even"><link ns0:type="simple" ns0:href="../316/153316.xml">linolen</link><link ns0:type="simple" ns0:href="../140/3956140.xml">stearidon</link><link ns0:type="simple" ns0:href="../775/1593775.xml">eicosapentaeno</link><link ns0:type="simple" ns0:href="../318/1673318.xml">docosahexaeno</link></col></row><row style="height:2px" /><row><col style=";;" class="navbox-group"><link ns0:type="simple" ns0:href="../218/681218.xml"><it />unsatur</link></col><col style="text-align:left;border-left:2px solid #fdfdfd;width:100%;padding:0px;;;" class="navbox-list navbox-odd"><link ns0:type="simple" ns0:href="../497/880497.xml">linol</link><link ns0:type="simple" ns0:href="../075/806075.xml">linolen</link><link ns0:type="simple" ns0:href="../770/3950770.xml">dihomolinolen</link><link ns0:type="simple" ns0:href="../909/267909.xml">arachidon</link></col></row><row style="height:2px" /><row><col style=";;" class="navbox-group"><link ns0:type="simple" ns0:href="../439/3110439.xml"><it />unsatur</link></col><col style="text-align:left;border-left:2px solid #fdfdfd;width:100%;padding:0px;;;" class="navbox-list navbox-even"><link ns0:type="simple" ns0:href="../100/661100.xml">oleic</link><link ns0:type="simple" ns0:href="../078/302078.xml">eruc</link><link ns0:type="simple" ns0:href="../057/15602057.xml">nervon</link></col></row></table></col></row></table></p></sec></bdy></article>