<article xmlns:ns0="http://www.w3.org/1999/xlink"><region confidence="0.8" wordnetid="108630985"><field confidence="0.8" wordnetid="108569998"><location confidence="0.8" wordnetid="100027167"><tract confidence="0.8" wordnetid="108673395"><event confidence="0.8" wordnetid="100029378"><rule confidence="0.8" wordnetid="105846932"><geographical_area confidence="0.8" wordnetid="108574314"><act confidence="0.8" wordnetid="100030358"><psychological_feature confidence="0.8" wordnetid="100023100"><procedure confidence="0.8" wordnetid="101023820"><activity confidence="0.8" wordnetid="100407535"><algorithm confidence="0.8" wordnetid="105847438"><header><title>lenstra ellipt curv factor</title><id /><revision><id /><timestamp>tz</timestamp><contributor><username>dcoetze</username><id /></contributor></revision><categories><category>integ factor algorithm</category><category>finit field</category></categories></header><bdy><b>lenstra ellipt curv factor</b><b>ellipt curv factor method</b><b>ecm</b>fast<link ns0:type="simple" ns0:href="../694/54694.xml">exponenti run time</link>algorithm<link ns0:type="simple" ns0:href="../491/15491.xml">integ factor</link>employ<link ns0:type="simple" ns0:href="../225/10225.xml">ellipt curv</link>technic ecm classifi<link ns0:type="simple" ns0:href="../951/665951.xml">determinist algorithm</link><link ns0:type="simple" ns0:href="../523/19196523.xml">random</link>step choic curv derandom pseudorandom sourc determinist algorithm cant implement probabilist choos provid true sourc random<p><link ns0:type="simple" ns0:href="../457/7878457.xml">gener purpos</link>factor ecm thirdfastest factor method second fastest<link ns0:type="simple" ns0:href="../340/582340.xml">multipl polynomi quadrat siev</link>fastest<link ns0:type="simple" ns0:href="../734/152734.xml">gener number field siev</link><link ns0:type="simple" ns0:href="../383/495383.xml">probabilist algorithm</link>sens guarante will return trivial factor expect run time exponenti small probabl will exponenti amount time</p><p>practic speak ecm consid special purpos factor algorithm suitabl find small factor<link ns0:type="simple" ns0:href="../458/1292458.xml">current</link>best algorithm<link ns0:type="simple" ns0:href="../492/49492.xml">divisor</link>greatli exceed<link ns0:type="simple" ns0:href="../214/8214.xml">digit</link><link ns0:type="simple" ns0:href="../364/3364.xml">bit</link>run time domin size smallest factor<it />size number<it />factor frequent ecm remov small factor larg integ factor remain integ composit larg factor factor gener purpos techniqu largest factor ecm discov august dodson digit<weblink ns0:type="simple" ns0:href="http://www.loria.fr/~zimmerma/records/top50.html">httpwwwloriafrzimmermarecordstophtml</weblink>increas number curv test improv chanc find factor<link ns0:type="simple" ns0:href="../591/91591.xml">linear</link>increas number digit</p><sec><st>lenstra ellipt curv factor</st><p>lenstra ellipt curv factor method find factor number<it />work</p><p><list><entry level="1" type="bullet">pick random<link ns0:type="simple" ns0:href="../225/10225.xml">ellipt curv</link><math>mathbfznmathbfz</math>equat form<it /><it /><it>ax</it><it />nontrivi<link ns0:type="simple" ns0:href="../693/593693.xml">point</link><it /><link ns0:type="simple" ns0:href="../447/19447.xml">group law</link>curv ration function divis residu class modulo<it />perform<event wordnetid="100029378" confidence="0.8"><rule wordnetid="105846932" confidence="0.8"><act wordnetid="100030358" confidence="0.8"><psychological_feature wordnetid="100023100" confidence="0.8"><procedure wordnetid="101023820" confidence="0.8"><activity wordnetid="100407535" confidence="0.8"><algorithm wordnetid="105847438" confidence="0.8"><link ns0:type="simple" ns0:href="../377/10377.xml">euclidean algorithm</link></algorithm></activity></procedure></psychological_feature></act></rule></event>remain algorithm nonzero element<math>mathbfznmathbfz</math>encount fail invert factor<it /></entry></list></p><p><list><entry level="1" type="bullet">comput<it>ea</it>group<math>mathbfznmathbfz</math>valu point ellipt curv<it />product small prime rais small power<event wordnetid="100029378" confidence="0.8"><rule wordnetid="105846932" confidence="0.8"><act wordnetid="100030358" confidence="0.8"><psychological_feature wordnetid="100023100" confidence="0.8"><procedure wordnetid="101023820" confidence="0.8"><activity wordnetid="100407535" confidence="0.8"><algorithm wordnetid="105847438" confidence="0.8"><link ns0:type="simple" ns0:href="../753/578753.xml"><it />minu algorithm</link></algorithm></activity></procedure></psychological_feature></act></rule></event>prime time effici</entry></list></p><p><list><entry level="1" type="bullet">hope<it>ea</it>element ellipt curv group<b /><it /><b /><it />prime divisor<it /><it /><it /><it />minu method group will order divisor<it />find factor<it />find<link ns0:type="simple" ns0:href="../354/12354.xml">greatest common divisor</link><it />coordin<it>ea</it><it />coordin will<b /><it /></entry></list></p><p><list><entry level="1" type="bullet">work curv start point</entry></list></p><p>complex depend size factor repres<link ns0:type="simple" ns0:href="../578/44578.xml" /><link ns0:type="simple" ns0:href="../633/9633.xml" />radic<link ns0:type="simple" ns0:href="../476/21476.xml">ln</link><it />ln ln<it /><it />smallest factor<it /></p></sec><sec><st>deriv</st><p>ecm core improv older<event wordnetid="100029378" confidence="0.8"><rule wordnetid="105846932" confidence="0.8"><act wordnetid="100030358" confidence="0.8"><psychological_feature wordnetid="100023100" confidence="0.8"><procedure wordnetid="101023820" confidence="0.8"><activity wordnetid="100407535" confidence="0.8"><algorithm wordnetid="105847438" confidence="0.8"><link ns0:type="simple" ns0:href="../753/578753.xml"><it />minu algorithm</link></algorithm></activity></procedure></psychological_feature></act></rule></event><it />minu algorithm find prime factor<it /><it />minu<link ns0:type="simple" ns0:href="../039/1035039.xml">bpowersmooth</link>small valu<it /><it />multipl<it />minu<it /><link ns0:type="simple" ns0:href="../556/6556.xml">prime</link><it /><statement wordnetid="106722453" confidence="0.8"><message wordnetid="106598915" confidence="0.8"><theorem wordnetid="106752293" confidence="0.8"><proposition wordnetid="106750804" confidence="0.8"><link ns0:type="simple" ns0:href="../453/53453.xml">fermat theorem</link></proposition></theorem></message></statement><it>ae</it>equiv<it /><link ns0:type="simple" ns0:href="../087/20087.xml">mod</link><it /><link ns0:type="simple" ns0:href="../354/12354.xml">gcd</link><it>ae</it>minu<it />produc factor<it />algorithm fail<it />larg prime factor case number<link ns0:type="simple" ns0:href="../453/3843453.xml">strong prime</link>exampl</p><p>ecm obstacl consid<link ns0:type="simple" ns0:href="../447/19447.xml">group</link>random<link ns0:type="simple" ns0:href="../225/10225.xml">ellipt curv</link><link ns0:type="simple" ns0:href="../615/11615.xml">finit field</link><b /><it />consid<link ns0:type="simple" ns0:href="../742/1110742.xml">multipl group</link><b /><it />order<it />minu</p><p>order group ellipt curv<b /><it />vari randomli<it />minu radic<it /><it />radic<it /><statement wordnetid="106722453" confidence="0.8"><message wordnetid="106598915" confidence="0.8"><curve wordnetid="113867641" confidence="0.8"><theorem wordnetid="106752293" confidence="0.8"><line wordnetid="113863771" confidence="0.8"><shape wordnetid="100027807" confidence="0.8"><proposition wordnetid="106750804" confidence="0.8"><link ns0:type="simple" ns0:href="../758/1108758.xml">hass theorem</link></proposition></shape></line></theorem></curve></message></statement>smooth ellipt curv proof smooth group order will hasseinterv<link ns0:type="simple" ns0:href="../452/63452.xml">heurist</link>probabilist method<link>canfielderdspomer theorem</link>suitabl optim paramet choic<link ns0:type="simple" ns0:href="../119/2811119.xml">lnotat</link>expect<link ns0:type="simple" ns0:href="../119/2811119.xml"><b /></link>radic radic curv smooth group order heurist estim reliabl practic</p></sec><sec><st /><p><list><entry level="1" type="bullet"><link ns0:type="simple" ns0:href="../917/1813917.xml">ubas</link>practic program ecmx</entry><entry level="1" type="bullet"><weblink ns0:type="simple" ns0:href="http://www.komite.net/laurent/soft/ecm/ecm-6.0.1.html">gmpecm</weblink>effici implement ecm</entry><entry level="1" type="bullet"><weblink ns0:type="simple" ns0:href="http://www.loria.fr/~zimmerma/records/ecmnet.html">ecmnet</weblink>easi clientserv implement work factor project</entry><entry level="1" type="bullet"><weblink ns0:type="simple" ns0:href="http://www.sourceforge.net/projects/pyecm">pyecm</weblink>python implement ecm faster psyco andor gmpi</entry></list></p></sec><sec><st>extern link</st><p><list><entry level="1" type="bullet"><weblink ns0:type="simple" ns0:href="http://alpertron.com.ar/ECM.htm">factor applet ecm</weblink></entry></list></p></sec><sec><st>refer</st><p><list><entry level="1" type="bullet">brent richard factor tenth fermat number<it>mathemat comput</it></entry></list></p><p><list><entry level="1" type="bullet">cohen henri<it>cours comput algebra number theori</it>springerverlag york berlin heidelberg isbn</entry></list></p><p><list><entry level="1" type="bullet"><physical_entity wordnetid="100001930" confidence="0.8"><person wordnetid="100007846" confidence="0.8"><cryptanalyst wordnetid="109981540" confidence="0.8"><intellectual wordnetid="109621545" confidence="0.8"><causal_agent wordnetid="100007347" confidence="0.8"><scientist wordnetid="110560637" confidence="0.8"><mathematician wordnetid="110301261" confidence="0.8"><decoder wordnetid="109995398" confidence="0.8"><link ns0:type="simple" ns0:href="../292/6850292.xml">lenstra</link></decoder></mathematician></scientist></causal_agent></intellectual></cryptanalyst></person></physical_entity>lenstra jr editor<it>develop number field siev</it>lectur note mathemat springerverlag berlin</entry></list></p><p><list><entry level="1" type="bullet">lenstra jr factor integ ellipt curv<it>annal mathemat</it></entry></list></p><p><list><entry level="1" type="bullet"><cite id="Reference-Pomerance-2001" style="font-style:normal" class="book"><physical_entity wordnetid="100001930" confidence="0.8"><person wordnetid="100007846" confidence="0.8"><causal_agent wordnetid="100007347" confidence="0.8"><scientist wordnetid="110560637" confidence="0.8"><mathematician wordnetid="110301261" confidence="0.8"><link ns0:type="simple" ns0:href="../159/2134159.xml">pomer carl</link></mathematician></scientist></causal_agent></person></physical_entity>richard crandal ellipt curv method prime number comput perspect st edit springer isbn</cite></entry></list></p><p><list><entry level="1" type="bullet">pomer carl quadrat siev factor algorithm<it>advanc cryptolog proc eurocrypt</it>lectur note comput scienc springerverlag berlin</entry></list></p><p><list><entry level="1" type="bullet"><cite style="font-style:normal">pomer carl<weblink ns0:type="simple" ns0:href="http://www.ams.org/notices/199612/pomerance.pdf">tale siev</weblink><link ns0:type="simple" ns0:href="../077/24077.xml">pdf</link><it><work wordnetid="104599396" confidence="0.8"><product wordnetid="104007894" confidence="0.8"><creation wordnetid="103129123" confidence="0.8"><artifact wordnetid="100021939" confidence="0.8"><periodical wordnetid="106593296" confidence="0.8"><publication wordnetid="106589574" confidence="0.8"><link ns0:type="simple" ns0:href="../512/4977512.xml">notic american mathemat societi</link></publication></periodical></artifact></creation></product></work></it><b /></cite></entry></list></p><p><list><entry level="1" type="bullet">silverman robert multipl polynomi quadrat siev<it>mathemat comput</it></entry></list></p><p><table style=";" class="navbox" cellspacing="0"><row><col style="padding:2px;"><table style="width:100%;background:transparent;color:inherit;;" class="nowraplinks collapsible uncollapsed " cellspacing="0"><row><header colspan="2" style=";" class="navbox-title"><link ns0:type="simple" ns0:href="../527/21527.xml">numbertheoret</link><link ns0:type="simple" ns0:href="../775/775.xml">algorithm</link></header></row><row style="height:2px;" /><row><col style=";;" class="navbox-group"><link ns0:type="simple" ns0:href="../751/183751.xml">primal test</link></col><col style="text-align:left;border-left:2px solid #fdfdfd;width:100%;padding:0px;;;" class="navbox-list navbox-odd"><b><process wordnetid="105701363" confidence="0.8"><institute wordnetid="108407330" confidence="0.8"><inquiry wordnetid="105797597" confidence="0.8"><thinking wordnetid="105770926" confidence="0.8"><association wordnetid="108049401" confidence="0.8"><problem_solving wordnetid="105796750" confidence="0.8"><experiment wordnetid="105798043" confidence="0.8"><trial wordnetid="105799212" confidence="0.8"><higher_cognitive_process wordnetid="105770664" confidence="0.8"><link ns0:type="simple" ns0:href="../847/405847.xml">ak</link></higher_cognitive_process></trial></experiment></problem_solving></association></thinking></inquiry></institute></process></b><b><link>apr</link></b><process wordnetid="105701363" confidence="0.8"><inquiry wordnetid="105797597" confidence="0.8"><thinking wordnetid="105770926" confidence="0.8"><problem_solving wordnetid="105796750" confidence="0.8"><experiment wordnetid="105798043" confidence="0.8"><trial wordnetid="105799212" confidence="0.8"><higher_cognitive_process wordnetid="105770664" confidence="0.8"><link ns0:type="simple" ns0:href="../890/3609890.xml">balliepsw</link></higher_cognitive_process></trial></experiment></problem_solving></thinking></inquiry></process><b><process wordnetid="105701363" confidence="0.8"><curve wordnetid="113867641" confidence="0.8"><inquiry wordnetid="105797597" confidence="0.8"><thinking wordnetid="105770926" confidence="0.8"><problem_solving wordnetid="105796750" confidence="0.8"><experiment wordnetid="105798043" confidence="0.8"><line wordnetid="113863771" confidence="0.8"><shape wordnetid="100027807" confidence="0.8"><trial wordnetid="105799212" confidence="0.8"><higher_cognitive_process wordnetid="105770664" confidence="0.8"><link ns0:type="simple" ns0:href="../015/4049015.xml">ecpp</link></higher_cognitive_process></trial></shape></line></experiment></problem_solving></thinking></inquiry></curve></process></b><process wordnetid="105701363" confidence="0.8"><inquiry wordnetid="105797597" confidence="0.8"><thinking wordnetid="105770926" confidence="0.8"><problem_solving wordnetid="105796750" confidence="0.8"><experiment wordnetid="105798043" confidence="0.8"><trial wordnetid="105799212" confidence="0.8"><higher_cognitive_process wordnetid="105770664" confidence="0.8"><link ns0:type="simple" ns0:href="../755/157755.xml">fermat</link></higher_cognitive_process></trial></experiment></problem_solving></thinking></inquiry></process><b><link>lucaslehm</link></b><b><it><link>lucaslehm mersenn number</link></it></b><b><it><process wordnetid="105701363" confidence="0.8"><inquiry wordnetid="105797597" confidence="0.8"><thinking wordnetid="105770926" confidence="0.8"><problem_solving wordnetid="105796750" confidence="0.8"><experiment wordnetid="105798043" confidence="0.8"><trial wordnetid="105799212" confidence="0.8"><higher_cognitive_process wordnetid="105770664" confidence="0.8"><link ns0:type="simple" ns0:href="../861/15371861.xml">lucaslehmerriesel</link></higher_cognitive_process></trial></experiment></problem_solving></thinking></inquiry></process></it></b><b><it><statement wordnetid="106722453" confidence="0.8"><process wordnetid="105701363" confidence="0.8"><message wordnetid="106598915" confidence="0.8"><inquiry wordnetid="105797597" confidence="0.8"><thinking wordnetid="105770926" confidence="0.8"><theorem wordnetid="106752293" confidence="0.8"><problem_solving wordnetid="105796750" confidence="0.8"><experiment wordnetid="105798043" confidence="0.8"><proposition wordnetid="106750804" confidence="0.8"><trial wordnetid="105799212" confidence="0.8"><higher_cognitive_process wordnetid="105770664" confidence="0.8"><link ns0:type="simple" ns0:href="../985/3225985.xml">proth theorem</link></higher_cognitive_process></trial></proposition></experiment></problem_solving></theorem></thinking></inquiry></message></process></statement></it></b><b><it><link>ppin</link></it></b><link>solovaystrassen</link><link>millerrabin</link><b><problem_solving wordnetid="105796750" confidence="0.8"><algorithm wordnetid="105847438" confidence="0.8"><process wordnetid="105701363" confidence="0.8"><inquiry wordnetid="105797597" confidence="0.8"><thinking wordnetid="105770926" confidence="0.8"><event wordnetid="100029378" confidence="0.8"><experiment wordnetid="105798043" confidence="0.8"><rule wordnetid="105846932" confidence="0.8"><act wordnetid="100030358" confidence="0.8"><trial wordnetid="105799212" confidence="0.8"><psychological_feature wordnetid="100023100" confidence="0.8"><activity wordnetid="100407535" confidence="0.8"><procedure wordnetid="101023820" confidence="0.8"><higher_cognitive_process wordnetid="105770664" confidence="0.8"><link ns0:type="simple" ns0:href="../660/557660.xml">trial divis</link></higher_cognitive_process></procedure></activity></psychological_feature></trial></act></rule></experiment></event></thinking></inquiry></process></algorithm></problem_solving></b></col></row><row style="height:2px" /><row><col style=";;" class="navbox-group">siev algorithm</col><col style="text-align:left;border-left:2px solid #fdfdfd;width:100%;padding:0px;;;" class="navbox-list navbox-even"><process wordnetid="105701363" confidence="0.8"><inquiry wordnetid="105797597" confidence="0.8"><thinking wordnetid="105770926" confidence="0.8"><problem_solving wordnetid="105796750" confidence="0.8"><experiment wordnetid="105798043" confidence="0.8"><trial wordnetid="105799212" confidence="0.8"><higher_cognitive_process wordnetid="105770664" confidence="0.8"><link ns0:type="simple" ns0:href="../920/2150920.xml">siev atkin</link></higher_cognitive_process></trial></experiment></problem_solving></thinking></inquiry></process><process wordnetid="105701363" confidence="0.8"><inquiry wordnetid="105797597" confidence="0.8"><thinking wordnetid="105770926" confidence="0.8"><problem_solving wordnetid="105796750" confidence="0.8"><experiment wordnetid="105798043" confidence="0.8"><trial wordnetid="105799212" confidence="0.8"><higher_cognitive_process wordnetid="105770664" confidence="0.8"><link ns0:type="simple" ns0:href="../415/73415.xml">siev eratosthen</link></higher_cognitive_process></trial></experiment></problem_solving></thinking></inquiry></process><process wordnetid="105701363" confidence="0.8"><inquiry wordnetid="105797597" confidence="0.8"><thinking wordnetid="105770926" confidence="0.8"><problem_solving wordnetid="105796750" confidence="0.8"><experiment wordnetid="105798043" confidence="0.8"><trial wordnetid="105799212" confidence="0.8"><higher_cognitive_process wordnetid="105770664" confidence="0.8"><link ns0:type="simple" ns0:href="../330/14517330.xml">siev sundaram</link></higher_cognitive_process></trial></experiment></problem_solving></thinking></inquiry></process><process wordnetid="105701363" confidence="0.8"><inquiry wordnetid="105797597" confidence="0.8"><thinking wordnetid="105770926" confidence="0.8"><problem_solving wordnetid="105796750" confidence="0.8"><experiment wordnetid="105798043" confidence="0.8"><trial wordnetid="105799212" confidence="0.8"><higher_cognitive_process wordnetid="105770664" confidence="0.8"><link ns0:type="simple" ns0:href="../216/4621216.xml">wheel factor</link></higher_cognitive_process></trial></experiment></problem_solving></thinking></inquiry></process></col></row><row style="height:2px" /><row><col style=";;" class="navbox-group"><statement wordnetid="106722453" confidence="0.8"><message wordnetid="106598915" confidence="0.8"><premise wordnetid="106753800" confidence="0.8"><postulate wordnetid="106753299" confidence="0.8"><proposition wordnetid="106750804" confidence="0.8"><link ns0:type="simple" ns0:href="../491/15491.xml">integ factor</link></proposition></postulate></premise></message></statement>algorithm</col><col style="text-align:left;border-left:2px solid #fdfdfd;width:100%;padding:0px;;;" class="navbox-list navbox-odd"><link ns0:type="simple" ns0:href="../392/1335392.xml">cfrac</link><event wordnetid="100029378" confidence="0.8"><rule wordnetid="105846932" confidence="0.8"><act wordnetid="100030358" confidence="0.8"><psychological_feature wordnetid="100023100" confidence="0.8"><procedure wordnetid="101023820" confidence="0.8"><activity wordnetid="100407535" confidence="0.8"><algorithm wordnetid="105847438" confidence="0.8"><link ns0:type="simple" ns0:href="../877/1033877.xml">dixon</link></algorithm></activity></procedure></psychological_feature></act></rule></event><region wordnetid="108630985" confidence="0.8"><field wordnetid="108569998" confidence="0.8"><location wordnetid="100027167" confidence="0.8"><tract wordnetid="108673395" confidence="0.8"><event wordnetid="100029378" confidence="0.8"><rule wordnetid="105846932" confidence="0.8"><geographical_area wordnetid="108574314" confidence="0.8"><act wordnetid="100030358" confidence="0.8"><psychological_feature wordnetid="100023100" confidence="0.8"><procedure wordnetid="101023820" confidence="0.8"><activity wordnetid="100407535" confidence="0.8"><algorithm wordnetid="105847438" confidence="0.8"><link ns0:type="simple" ns0:href="../212/154212.xml">ecm</link></algorithm></activity></procedure></psychological_feature></act></geographical_area></rule></event></tract></location></field></region><it><event wordnetid="100029378" confidence="0.8"><rule wordnetid="105846932" confidence="0.8"><act wordnetid="100030358" confidence="0.8"><psychological_feature wordnetid="100023100" confidence="0.8"><procedure wordnetid="101023820" confidence="0.8"><activity wordnetid="100407535" confidence="0.8"><algorithm wordnetid="105847438" confidence="0.8"><link ns0:type="simple" ns0:href="../069/15822069.xml">euler</link></algorithm></activity></procedure></psychological_feature></act></rule></event></it><it><event wordnetid="100029378" confidence="0.8"><rule wordnetid="105846932" confidence="0.8"><act wordnetid="100030358" confidence="0.8"><psychological_feature wordnetid="100023100" confidence="0.8"><procedure wordnetid="101023820" confidence="0.8"><activity wordnetid="100407535" confidence="0.8"><algorithm wordnetid="105847438" confidence="0.8"><link ns0:type="simple" ns0:href="../668/580668.xml">pollard rho</link></algorithm></activity></procedure></psychological_feature></act></rule></event></it><it><event wordnetid="100029378" confidence="0.8"><rule wordnetid="105846932" confidence="0.8"><act wordnetid="100030358" confidence="0.8"><psychological_feature wordnetid="100023100" confidence="0.8"><procedure wordnetid="101023820" confidence="0.8"><activity wordnetid="100407535" confidence="0.8"><algorithm wordnetid="105847438" confidence="0.8"><link ns0:type="simple" ns0:href="../753/578753.xml" /></algorithm></activity></procedure></psychological_feature></act></rule></event></it><it><event wordnetid="100029378" confidence="0.8"><rule wordnetid="105846932" confidence="0.8"><act wordnetid="100030358" confidence="0.8"><psychological_feature wordnetid="100023100" confidence="0.8"><procedure wordnetid="101023820" confidence="0.8"><activity wordnetid="100407535" confidence="0.8"><algorithm wordnetid="105847438" confidence="0.8"><link ns0:type="simple" ns0:href="../573/1916573.xml" /></algorithm></activity></procedure></psychological_feature></act></rule></event></it><link ns0:type="simple" ns0:href="../340/582340.xml">qs</link><link ns0:type="simple" ns0:href="../734/152734.xml">gnf</link><it><link ns0:type="simple" ns0:href="../132/589132.xml">snf</link></it><link ns0:type="simple" ns0:href="../510/2608510.xml">ration siev</link><event wordnetid="100029378" confidence="0.8"><rule wordnetid="105846932" confidence="0.8"><act wordnetid="100030358" confidence="0.8"><psychological_feature wordnetid="100023100" confidence="0.8"><procedure wordnetid="101023820" confidence="0.8"><activity wordnetid="100407535" confidence="0.8"><algorithm wordnetid="105847438" confidence="0.8"><link ns0:type="simple" ns0:href="../433/2132433.xml">fermat</link></algorithm></activity></procedure></psychological_feature></act></rule></event><event wordnetid="100029378" confidence="0.8"><rule wordnetid="105846932" confidence="0.8"><act wordnetid="100030358" confidence="0.8"><psychological_feature wordnetid="100023100" confidence="0.8"><procedure wordnetid="101023820" confidence="0.8"><activity wordnetid="100407535" confidence="0.8"><algorithm wordnetid="105847438" confidence="0.8"><link ns0:type="simple" ns0:href="../328/3387328.xml">shank squar form</link></algorithm></activity></procedure></psychological_feature></act></rule></event><problem_solving wordnetid="105796750" confidence="0.8"><algorithm wordnetid="105847438" confidence="0.8"><process wordnetid="105701363" confidence="0.8"><inquiry wordnetid="105797597" confidence="0.8"><thinking wordnetid="105770926" confidence="0.8"><event wordnetid="100029378" confidence="0.8"><experiment wordnetid="105798043" confidence="0.8"><rule wordnetid="105846932" confidence="0.8"><act wordnetid="100030358" confidence="0.8"><trial wordnetid="105799212" confidence="0.8"><psychological_feature wordnetid="100023100" confidence="0.8"><activity wordnetid="100407535" confidence="0.8"><procedure wordnetid="101023820" confidence="0.8"><higher_cognitive_process wordnetid="105770664" confidence="0.8"><link ns0:type="simple" ns0:href="../660/557660.xml">trial divis</link></higher_cognitive_process></procedure></activity></psychological_feature></trial></act></rule></experiment></event></thinking></inquiry></process></algorithm></problem_solving><event wordnetid="100029378" confidence="0.8"><rule wordnetid="105846932" confidence="0.8"><act wordnetid="100030358" confidence="0.8"><psychological_feature wordnetid="100023100" confidence="0.8"><procedure wordnetid="101023820" confidence="0.8"><activity wordnetid="100407535" confidence="0.8"><algorithm wordnetid="105847438" confidence="0.8"><link ns0:type="simple" ns0:href="../674/42674.xml">shor algorithm</link></algorithm></activity></procedure></psychological_feature></act></rule></event></col></row><row style="height:2px" /><row><col style=";;" class="navbox-group">algorithm</col><col style="text-align:left;border-left:2px solid #fdfdfd;width:100%;padding:0px;;;" class="navbox-list navbox-even"><event wordnetid="100029378" confidence="0.8"><rule wordnetid="105846932" confidence="0.8"><act wordnetid="100030358" confidence="0.8"><psychological_feature wordnetid="100023100" confidence="0.8"><procedure wordnetid="101023820" confidence="0.8"><activity wordnetid="100407535" confidence="0.8"><algorithm wordnetid="105847438" confidence="0.8"><link ns0:type="simple" ns0:href="../814/3975814.xml">ancient egyptian multipl</link></algorithm></activity></procedure></psychological_feature></act></rule></event><event wordnetid="100029378" confidence="0.8"><rule wordnetid="105846932" confidence="0.8"><act wordnetid="100030358" confidence="0.8"><psychological_feature wordnetid="100023100" confidence="0.8"><procedure wordnetid="101023820" confidence="0.8"><activity wordnetid="100407535" confidence="0.8"><algorithm wordnetid="105847438" confidence="0.8"><link ns0:type="simple" ns0:href="../197/4039197.xml">aryabhata</link></algorithm></activity></procedure></psychological_feature></act></rule></event><link ns0:type="simple" ns0:href="../410/985410.xml">binari gcd</link><link ns0:type="simple" ns0:href="../658/4050658.xml">chakravala</link><event wordnetid="100029378" confidence="0.8"><rule wordnetid="105846932" confidence="0.8"><act wordnetid="100030358" confidence="0.8"><psychological_feature wordnetid="100023100" confidence="0.8"><procedure wordnetid="101023820" confidence="0.8"><activity wordnetid="100407535" confidence="0.8"><algorithm wordnetid="105847438" confidence="0.8"><link ns0:type="simple" ns0:href="../377/10377.xml">euclidean</link></algorithm></activity></procedure></psychological_feature></act></rule></event><event wordnetid="100029378" confidence="0.8"><rule wordnetid="105846932" confidence="0.8"><act wordnetid="100030358" confidence="0.8"><psychological_feature wordnetid="100023100" confidence="0.8"><procedure wordnetid="101023820" confidence="0.8"><activity wordnetid="100407535" confidence="0.8"><algorithm wordnetid="105847438" confidence="0.8"><link ns0:type="simple" ns0:href="../438/99438.xml">extend euclidean</link></algorithm></activity></procedure></psychological_feature></act></rule></event><link ns0:type="simple" ns0:href="../054/13644054.xml">integ relat algorithm</link><link ns0:type="simple" ns0:href="../655/981655.xml">integ squar root</link><event wordnetid="100029378" confidence="0.8"><rule wordnetid="105846932" confidence="0.8"><act wordnetid="100030358" confidence="0.8"><psychological_feature wordnetid="100023100" confidence="0.8"><procedure wordnetid="101023820" confidence="0.8"><activity wordnetid="100407535" confidence="0.8"><algorithm wordnetid="105847438" confidence="0.8"><link ns0:type="simple" ns0:href="../032/903032.xml">modular exponenti</link></algorithm></activity></procedure></psychological_feature></act></rule></event><event wordnetid="100029378" confidence="0.8"><rule wordnetid="105846932" confidence="0.8"><act wordnetid="100030358" confidence="0.8"><psychological_feature wordnetid="100023100" confidence="0.8"><procedure wordnetid="101023820" confidence="0.8"><activity wordnetid="100407535" confidence="0.8"><algorithm wordnetid="105847438" confidence="0.8"><link ns0:type="simple" ns0:href="../375/3667375.xml">shankstonelli</link></algorithm></activity></procedure></psychological_feature></act></rule></event></col></row><row style="height:2px;" /><row><col colspan="2" style=";" class="navbox-abovebelow"><it>ital</it>indic algorithm number special form<b>bold</b>indic<link ns0:type="simple" ns0:href="../951/665951.xml">determinist algorithm</link>primal test</col></row></table></col></row></table></p></sec></bdy></algorithm></activity></procedure></psychological_feature></act></geographical_area></rule></event></tract></location></field></region></article>