<article xmlns:ns0="http://www.w3.org/1999/xlink"><instrument confidence="0.9511911446218017" wordnetid="103574816"><processor confidence="0.9511911446218017" wordnetid="108065937"><header><title>digit signal processor</title><id /><revision><id /><timestamp>tz</timestamp><contributor><username>rilak</username><id /></contributor></revision><categories><category>integr circuit</category><category>texa instrument</category><category>digit signal process</category><category>digit signal processor</category></categories></header><bdy><p><b>digit signal processor</b><b>dsp</b><b>dsp micro</b>special<link ns0:type="simple" ns0:href="../553/19553.xml">microprocessor</link>design<link ns0:type="simple" ns0:href="../TN$$/HT$C$_T$yT$N$.xml">digit signal process</link>gener<link ns0:type="simple" ns0:href="../767/25767.xml">realtim comput</link><ref ns0:type="simple" ns0:href="#xpointer(//reflist/entry[@id=%221%22])" /></p><sec><st>typic characterist</st><p>digit signal process<link ns0:type="simple" ns0:href="../775/775.xml">algorithm</link>typic requir larg number mathemat oper perform set data signal convert analog digit manipul digit convert analog form diagram dsp applic constraint<link ns0:type="simple" ns0:href="../933/17933.xml">latenc</link>system work dsp oper complet time constraint</p><p><image location="center" width="500px" src="DSP_block_diagram.svg" type="thumb"><caption>simpl digit process system</caption></image></p><p>generalpurpos microprocessor oper system execut dsp algorithm microprocessor suitabl applic mobil telephon pocket pda system power suppli space limit special digit signal processor will tend provid lowercost solut better perform lower latenc</p><p>architectur digit signal processor optim digit signal process work featur optim dsp algorithm outlin</p><ss1><st>architectur</st><p><list><entry level="1" type="bullet">hardwar modulo address allow<link ns0:type="simple" ns0:href="../734/11891734.xml">circular buffer</link>implement constantli test wrap</entry><entry level="1" type="bullet">memori architectur design stream data<link ns0:type="simple" ns0:href="../496/8496.xml">dma</link>extens</entry><entry level="1" type="bullet">separ program data memori<link ns0:type="simple" ns0:href="../019/58019.xml">harvard architectur</link></entry><entry level="1" type="bullet">special<link ns0:type="simple" ns0:href="../359/55359.xml">simd</link>singl instruct multipl data oper</entry><entry level="1" type="bullet">special arithmet oper fast<link ns0:type="simple" ns0:href="../028/405028.xml">multiplyaccumul</link>mac fundament dsp algorithm<link ns0:type="simple" ns0:href="../101/443101.xml">fir filter</link><event wordnetid="100029378" confidence="0.8"><rule wordnetid="105846932" confidence="0.8"><act wordnetid="100030358" confidence="0.8"><psychological_feature wordnetid="100023100" confidence="0.8"><procedure wordnetid="101023820" confidence="0.8"><activity wordnetid="100407535" confidence="0.8"><algorithm wordnetid="105847438" confidence="0.8"><link ns0:type="simple" ns0:href="../512/11512.xml">fast fourier transform</link></algorithm></activity></procedure></psychological_feature></act></rule></event>fft depend heavili multiplyaccumul perform</entry><entry level="1" type="bullet">bitrevers address special<link ns0:type="simple" ns0:href="../142/838142.xml">address mode</link>calcul fft</entry><entry level="1" type="bullet">deliber exclus<link ns0:type="simple" ns0:href="../112/177112.xml">memori manag unit</link>dsp frequent multitask oper system support<link ns0:type="simple" ns0:href="../354/32354.xml">virtual memori</link>memori protect oper system virtual memori requir time<link ns0:type="simple" ns0:href="../904/6904.xml">context switch</link><link ns0:type="simple" ns0:href="../178/45178.xml">process</link>increas latenc</entry></list></p></ss1><ss1><st>program flow</st><p><list><entry level="1" type="bullet"><link ns0:type="simple" ns0:href="../376/11376.xml">floatingpoint</link>unit integr directli<link ns0:type="simple" ns0:href="../889/8232889.xml">datapath</link></entry><entry level="1" type="bullet"><link ns0:type="simple" ns0:href="../187/1236187.xml">pipelin</link>architectur</entry><entry level="1" type="bullet">highli parallel<link ns0:type="simple" ns0:href="../028/405028.xml">multiplieraccumul</link>mac unit</entry><entry level="1" type="bullet">hardwarecontrol<link>loop</link>reduc elimin overhead requir loop oper</entry></list></p></ss1><ss1><st>memori architectur</st><p><list><entry level="1" type="bullet">dsp special memori architectur fetch multipl data andor instruct time</entry><entry level="2" type="bullet"><link ns0:type="simple" ns0:href="../019/58019.xml">harvard architectur</link></entry><entry level="2" type="bullet">modifi<link ns0:type="simple" ns0:href="../091/478091.xml">von neumann architectur</link></entry><entry level="1" type="bullet"><link ns0:type="simple" ns0:href="../717/57717.xml">direct memori access</link></entry><entry level="1" type="bullet">memoryaddress calcul unit</entry></list></p></ss1><ss1><st>data oper</st><p><list><entry level="1" type="bullet"><link ns0:type="simple" ns0:href="../167/1830167.xml">satur arithmet</link>oper produc overflow will accumul maximum minimum valu regist hold wrap maximum doesnt overflow minimum generalpurpos cpu stay maximum<link ns0:type="simple" ns0:href="../104/1871104.xml">sticki bit</link>oper mode</entry><entry level="1" type="bullet"><link ns0:type="simple" ns0:href="../245/11245.xml">fixedpoint</link>arithmet speed arithmet process</entry><entry level="1" type="bullet">singlecycl oper increas benefit<link ns0:type="simple" ns0:href="../187/1236187.xml">pipelin</link></entry></list></p></ss1><ss1><st>instruct set</st><p><list><entry level="1" type="bullet"><link ns0:type="simple" ns0:href="../028/405028.xml">multiplyaccumul</link>mac aka fuse multiplyadd fma oper extens kind<link ns0:type="simple" ns0:href="../728/19008728.xml">matrix</link>oper<link ns0:type="simple" ns0:href="../519/7519.xml">convolut</link>filter<link ns0:type="simple" ns0:href="../093/157093.xml">dot product</link>polynomi evalu<link ns0:type="simple" ns0:href="../263/14263.xml">horner scheme</link></entry><entry level="1" type="bullet">instruct increas parallel<link ns0:type="simple" ns0:href="../359/55359.xml">simd</link><link ns0:type="simple" ns0:href="../706/51706.xml">vliw</link><link ns0:type="simple" ns0:href="../702/51702.xml">superscalar architectur</link></entry><entry level="1" type="bullet">special instruct<link ns0:type="simple" ns0:href="../087/20087.xml">modulo</link>address<link ns0:type="simple" ns0:href="../734/11891734.xml">ring buffer</link>bitrevers address mode<event wordnetid="100029378" confidence="0.8"><rule wordnetid="105846932" confidence="0.8"><act wordnetid="100030358" confidence="0.8"><psychological_feature wordnetid="100023100" confidence="0.8"><procedure wordnetid="101023820" confidence="0.8"><activity wordnetid="100407535" confidence="0.8"><algorithm wordnetid="105847438" confidence="0.8"><link ns0:type="simple" ns0:href="../512/11512.xml">fft</link></algorithm></activity></procedure></psychological_feature></act></rule></event>crossreferenc</entry><entry level="1" type="bullet">digit signal processor<link>timestationari encod</link>simplifi hardwar increas code effici</entry></list></p></ss1></sec><sec><st>histori</st><p><link ns0:type="simple" ns0:href="../753/34753.xml" />intel releas analog signal processor onchip adcdac intern signal processor didnt hardwar multipli success market<link ns0:type="simple" ns0:href="../754/34754.xml" />ami releas<link />design microprocessor peripher initi host likewis success market</p><p><link ns0:type="simple" ns0:href="../754/34754.xml" /><link ns0:type="simple" ns0:href="../712/3712.xml">bell lab</link>introduc singl chip dsp mac microprocessor<link ns0:type="simple" ns0:href="../640/34640.xml" />standalon complet dsp<link ns0:type="simple" ns0:href="../687/383687.xml">nec</link><link>pd</link><company wordnetid="108058098" confidence="0.9508927676800064"><link ns0:type="simple" ns0:href="../269/17555269.xml" /></company><enterprise wordnetid="108056231" confidence="0.8"><processor wordnetid="108065937" confidence="0.8"><business wordnetid="108061042" confidence="0.8"><link ns0:type="simple" ns0:href="../764/14357764.xml">dsp</link></business></processor></enterprise>present<link ns0:type="simple" ns0:href="../938/56938.xml">ieee</link>intern<link ns0:type="simple" ns0:href="../002/3656002.xml">solidst circuit</link>confer processor inspir<link ns0:type="simple" ns0:href="../436/468436.xml">pstn</link><link ns0:type="simple" ns0:href="../322/30322.xml">telecommun</link></p><p>altamira dx earli dsp util quad integ pipelin delay branch branch predict</p><p>dsp produc<company wordnetid="108058098" confidence="0.9508927676800064"><link ns0:type="simple" ns0:href="../768/47768.xml">texa instrument</link></company>ti<enterprise wordnetid="108056231" confidence="0.8"><processor wordnetid="108065937" confidence="0.8"><business wordnetid="108061042" confidence="0.8"><link ns0:type="simple" ns0:href="../355/2542355.xml">tm</link></business></processor></enterprise>present<link ns0:type="simple" ns0:href="../755/34755.xml" />prove bigger success base harvard architectur separ instruct data memori special instruct set instruct loadandaccumul multiplyandaccumul work bit number need ns multiplyadd oper ti market leader generalpurpos dsp success design<company wordnetid="108058098" confidence="0.9508927676800064"><link ns0:type="simple" ns0:href="../319/20319.xml">motorola</link></company><artifact wordnetid="100021939" confidence="0.8"><merchandise wordnetid="103748886" confidence="0.8"><commodity wordnetid="103076708" confidence="0.8"><enterprise wordnetid="108056231" confidence="0.8"><processor wordnetid="108065937" confidence="0.8"><business wordnetid="108061042" confidence="0.8"><link ns0:type="simple" ns0:href="../974/89974.xml" /></business></processor></enterprise></commodity></merchandise></artifact></p><p>year second gener dsp began spread memori store operand simultan includ hardwar acceler<link ns0:type="simple" ns0:href="../273/45273.xml">tight loop</link>address unit capabl<link>loopaddress</link>oper bit variabl typic model requir ns mac multiplyaccumul member gener exampl dspa motorola dsp</p><p>main improv third gener appear applicationspecif unit instruct data path coprocessor unit allow direct hardwar acceler specif complex mathemat problem fouriertransform matrix oper chip motorola mc includ processor core work parallel dsp ti tmsc tm</p><p>fourth gener best character chang instruct set instruct encodingdecod simd mmx extens vliw superscalar architectur appear clockspe increas ns mac</p></sec><sec><st>modern dsp</st><p>modern signal processor yield greater perform technolog architectur advanc lower design rule fastaccess twolevel cach<link ns0:type="simple" ns0:href="../717/57717.xml">dma</link>circuit wider bu system cours dsp provid speed kind signal processor exist better suit specif task rang price texa instrument<link ns0:type="simple" ns0:href="../355/2542355.xml" />seri dsp clock ghz implement separ instruct data cach well mib level cach io speed rapid edma channel top model capabl mip<link ns0:type="simple" ns0:href="../684/20684.xml">instruct second</link>vliw<link ns0:type="simple" ns0:href="../706/51706.xml">long instruct word</link>encod perform oper clockcycl compat broad rang extern peripher buse pciserialetc</p><p>player highend signal processor manufactur today<link ns0:type="simple" ns0:href="../512/486512.xml">freescal</link>compani multicor dsp famili mscxx mscxx base starcor architectur processor latest msc dsp combin programm sc starcor dsp core sc starcor dsp core run ghz sc perform higher programm dsp ghz bdtisimmark publish berkeley design technolog bdti</p><p>major signal processor manufactur today<company wordnetid="108058098" confidence="0.9508927676800064"><link ns0:type="simple" ns0:href="../341/644341.xml">analog devic</link></company>compani broad rang dsp main portfolio multimedia processor codec filter digitalanalog convert<enterprise wordnetid="108056231" confidence="0.8"><processor wordnetid="108065937" confidence="0.8"><business wordnetid="108061042" confidence="0.8"><link ns0:type="simple" ns0:href="../845/1082845.xml">sharc</link></business></processor></enterprise>base processor rang perform mhz<link ns0:type="simple" ns0:href="../930/82930.xml">mflop</link>floatingpoint oper second mhzmflop model support multipl<link ns0:type="simple" ns0:href="../723/193723.xml">multipli</link><artifact wordnetid="100021939" confidence="0.8"><instrumentality wordnetid="103575240" confidence="0.8"><electrical_device wordnetid="103269401" confidence="0.8"><device wordnetid="103183080" confidence="0.8"><circuit wordnetid="103033362" confidence="0.8"><link ns0:type="simple" ns0:href="../504/199504.xml">alu</link></circuit></device></electrical_device></instrumentality></artifact><link ns0:type="simple" ns0:href="../359/55359.xml">simd</link>instruct audio processingspecif compon peripher product compani<enterprise wordnetid="108056231" confidence="0.8"><processor wordnetid="108065937" confidence="0.8"><business wordnetid="108061042" confidence="0.8"><link ns0:type="simple" ns0:href="../678/1085678.xml">blackfin</link></business></processor></enterprise>famili embed digit signal processor model adspbf adspbf processor combin featur dsp gener processor result processor simpl<link ns0:type="simple" ns0:href="../194/22194.xml">oper system</link><link>clinux</link><link>velos</link><O wordnetid="106832680" confidence="0.9508927676800064"><link ns0:type="simple" ns0:href="../339/903339.xml">nucleu rto</link></O>oper effici realtim data</p><p>dsp<link ns0:type="simple" ns0:href="../736/449736.xml">fixedpoint arithmet</link>real signal process addit rang provid float point need larg speed benefit cost benefit reduc hardwar complex float point dsp invalu applic wide dynam rang requir product develop float point dsp reduc cost complex softwar develop exchang expens hardwar gener easier implement algorithm float point</p><p>gener dsp dedic integr circuit dsp function realiz<link ns0:type="simple" ns0:href="../814/592814.xml">field programm gate array</link>chip</p><p>embed generalpurpos risc processor increasingli dsp function exampl arm cortexa bit wide simd unit impress bit perform industri standard benchmark</p></sec><sec><st /><p><list><entry level="1" type="bullet"><link ns0:type="simple" ns0:href="../085/12060085.xml">digit signal control</link></entry></list></p></sec><sec><st>refer</st><p><reflist><entry id="1"><cite style="font-style:normal" class="book">john anderson<weblink ns0:type="simple" ns0:href="http://books.google.com/books?id=6PUH68h45BsC pg=PA361 dq=%22real+time%22+%22digital+signal+processor%22 lr= as_brr=3 ei=ALYlSNGNC4KKswOczZC8DQ sig=Wt0P3ZANNvw8E5W1GzNGY5PoXfM#PPA361,M1">foundat comput technolog</weblink>crc press</cite></entry></reflist></p></sec><sec><st>extern link</st><p><list><entry level="1" type="bullet"><weblink ns0:type="simple" ns0:href="http://edu.cs.tut.fi/kuulusa296.pdf">dsp processor corebas wireless system design</weblink></entry><entry level="1" type="bullet"><weblink ns0:type="simple" ns0:href="http://Microcontroller.com">microcontrollercom</weblink></entry><entry level="1" type="bullet"><weblink ns0:type="simple" ns0:href="http://www.dspengineering.com">dsp engin magazin</weblink></entry><entry level="1" type="bullet"><weblink ns0:type="simple" ns0:href="http://www.bores.com/courses/intro/chips/index.htm">introduct dsp processor tutori</weblink></entry><entry level="1" type="bullet"><weblink ns0:type="simple" ns0:href="http://www.improvsys.com">improv system homepag</weblink></entry><entry level="1" type="bullet"><weblink ns0:type="simple" ns0:href="http://www.asiaing.com/dsp-designing-for-optimal-results.html">dsp design optim</weblink></entry><entry level="1" type="bullet"><weblink ns0:type="simple" ns0:href="http://www.analog.com/processors/">analog devic homepag</weblink></entry><entry level="1" type="bullet"><weblink ns0:type="simple" ns0:href="http://www.dsprelated.com">dsp discuss group</weblink></entry><entry level="1" type="bullet"><weblink ns0:type="simple" ns0:href="http://www.dspguide.com">dsp onlin book</weblink></entry><entry level="1" type="bullet"><weblink ns0:type="simple" ns0:href="http://www.vliw.org">dsp vliw</weblink></entry><entry level="1" type="bullet"><weblink ns0:type="simple" ns0:href="http://www.bdti.com/pocket/pocket.htm">pocket guid processor dsp berkeley design technolog</weblink></entry><entry level="1" type="bullet"><weblink ns0:type="simple" ns0:href="http://dsp.newscitech.com/">dsp onlin ebook</weblink></entry><entry level="1" type="bullet"><weblink ns0:type="simple" ns0:href="http://www.ti.com">texa instrument homepag</weblink></entry><entry level="1" type="bullet"><weblink ns0:type="simple" ns0:href="http://www.ceva-dsp.com">ceva homepag</weblink></entry><entry level="1" type="bullet"><weblink ns0:type="simple" ns0:href="http://www.freescale.com/dsp">freescal semiconductor homepag</weblink></entry><entry level="1" type="bullet"><weblink ns0:type="simple" ns0:href="http://www.bdti.com/index.html">bdti</weblink></entry><entry level="1" type="bullet"><weblink ns0:type="simple" ns0:href="http://www.bdti.com/bdtimark/BDTImark2000.htm#scores">bdti dsp kernel benchmark</weblink></entry><entry level="1" type="bullet"><weblink ns0:type="simple" ns0:href="http://www.edn.com/article/CA6541396.html">edn dsp directori</weblink></entry><entry level="1" type="bullet"><weblink ns0:type="simple" ns0:href="http://www.dsp-fpga.com/">dspfpgacom magazin</weblink></entry></list></p><p><table style=";" class="navbox" cellspacing="0"><row><col style="padding:2px;"><table style="width:100%;background:transparent;color:inherit;;" class="nowraplinks collapsible autocollapse " cellspacing="0"><row><header colspan="2" style=";" class="navbox-title"><link ns0:type="simple" ns0:href="../218/5218.xml">cpu technolog</link></header></row><row style="height:2px;" /><row><col style=";;" class="navbox-group"><link ns0:type="simple" ns0:href="../772/47772.xml">architectur</link></col><col style="text-align:left;border-left:2px solid #fdfdfd;width:100%;padding:0px;;;" class="navbox-list navbox-odd"><link ns0:type="simple" ns0:href="../772/47772.xml">isa</link><class wordnetid="107997703" confidence="0.8"><collection wordnetid="107951464" confidence="0.8"><group wordnetid="100031264" confidence="0.8"><link ns0:type="simple" ns0:href="../622/7622.xml">cisc</link></group></collection></class><class wordnetid="107997703" confidence="0.8"><collection wordnetid="107951464" confidence="0.8"><group wordnetid="100031264" confidence="0.8"><link ns0:type="simple" ns0:href="../622/7622.xml#xpointer(//*[./st=%22CISC_and_RISC_processors%22])">ciscrisc</link></group></collection></class><link ns0:type="simple" ns0:href="../151/685151.xml">epic</link><physical_entity wordnetid="100001930" confidence="0.8"><person wordnetid="100007846" confidence="0.8"><model wordnetid="110324560" confidence="0.8"><assistant wordnetid="109815790" confidence="0.8"><worker wordnetid="109632518" confidence="0.8"><causal_agent wordnetid="100007347" confidence="0.8"><link ns0:type="simple" ns0:href="../713/151713.xml">oisc</link></causal_agent></worker></assistant></model></person></physical_entity><class wordnetid="107997703" confidence="0.8"><collection wordnetid="107951464" confidence="0.8"><group wordnetid="100031264" confidence="0.8"><link ns0:type="simple" ns0:href="../201/26201.xml">risc</link></group></collection></class><link ns0:type="simple" ns0:href="../706/51706.xml">vliw</link><link ns0:type="simple" ns0:href="../509/1940509.xml">zisc</link><link ns0:type="simple" ns0:href="../019/58019.xml">harvard architectur</link><physical_entity wordnetid="100001930" confidence="0.8"><person wordnetid="100007846" confidence="0.8"><model wordnetid="110324560" confidence="0.8"><assistant wordnetid="109815790" confidence="0.8"><worker wordnetid="109632518" confidence="0.8"><causal_agent wordnetid="100007347" confidence="0.8"><link ns0:type="simple" ns0:href="../091/478091.xml">von neumann architectur</link></causal_agent></worker></assistant></model></person></physical_entity><link ns0:type="simple" ns0:href="../733/80733.xml">bit</link><link ns0:type="simple" ns0:href="../285/148285.xml">bit</link><link ns0:type="simple" ns0:href="../724/1800724.xml">bit</link></col></row><row style="height:2px" /><row><col style=";;" class="navbox-group"><link ns0:type="simple" ns0:href="../162/145162.xml">parallel</link></col><col style="text-align:left;border-left:2px solid #fdfdfd;width:100%;padding:0px;;;" class="navbox-list navbox-even"><table style="width:100%;;;;" class="nowraplinks  navbox-subgroup" cellspacing="0"><row><col style=";padding-left:0em;padding-right:0em;;" class="navbox-group">pipelin</col><col style="text-align:left;border-left:2px solid #fdfdfd;width:100%;padding:0px;;;" class="navbox-list navbox-odd"><link ns0:type="simple" ns0:href="../314/220314.xml">instruct pipelin</link><link ns0:type="simple" ns0:href="../307/1002307.xml">inord outoford execut</link><register wordnetid="106507041" confidence="0.8"><record wordnetid="106647206" confidence="0.8"><indication wordnetid="106797169" confidence="0.8"><evidence wordnetid="106643408" confidence="0.8"><written_record wordnetid="106502378" confidence="0.8"><link ns0:type="simple" ns0:href="../852/435852.xml">regist renam</link></written_record></evidence></indication></record></register><link ns0:type="simple" ns0:href="../504/319504.xml">specul execut</link></col></row><row style="height:2px" /><row><col style=";padding-left:0em;padding-right:0em;;" class="navbox-group">level</col><col style="text-align:left;border-left:2px solid #fdfdfd;width:100%;padding:0px;;;" class="navbox-list navbox-even"><link ns0:type="simple" ns0:href="../148/14229148.xml">bit</link><link ns0:type="simple" ns0:href="../960/245960.xml">instruct</link><link ns0:type="simple" ns0:href="../702/51702.xml">superscalar</link><link ns0:type="simple" ns0:href="../420/9467420.xml">data</link><link ns0:type="simple" ns0:href="../070/9468070.xml">task</link></col></row><row style="height:2px" /><row><col style=";padding-left:0em;padding-right:0em;;" class="navbox-group">thread</col><col style="text-align:left;border-left:2px solid #fdfdfd;width:100%;padding:0px;;;" class="navbox-list navbox-odd"><link ns0:type="simple" ns0:href="../679/10520679.xml">multithread</link><link ns0:type="simple" ns0:href="../021/315021.xml">simultan multithread</link><link ns0:type="simple" ns0:href="../443/151443.xml">hyperthread</link><link ns0:type="simple" ns0:href="../877/313877.xml">superthread</link></col></row></table></col></row><row style="height:2px" /><row><col style=";;" class="navbox-group">type</col><col style="text-align:left;border-left:2px solid #fdfdfd;width:100%;padding:0px;;;" class="navbox-list navbox-odd"><link ns0:type="simple" ns0:href="../505/154505.xml">digit signal processor</link><system wordnetid="104377057" confidence="0.8"><artifact wordnetid="100021939" confidence="0.8"><instrumentality wordnetid="103575240" confidence="0.8"><link ns0:type="simple" ns0:href="../017/21017.xml">microcontrol</link></instrumentality></artifact></system><link ns0:type="simple" ns0:href="../205/58205.xml">vector processor</link>pld<arrangement wordnetid="107938773" confidence="0.8"><group wordnetid="100031264" confidence="0.8"><array wordnetid="107939382" confidence="0.8"><link ns0:type="simple" ns0:href="../969/10969.xml">fpga</link></array></group></arrangement><arrangement wordnetid="107938773" confidence="0.8"><group wordnetid="100031264" confidence="0.8"><array wordnetid="107939382" confidence="0.8"><link ns0:type="simple" ns0:href="../845/147845.xml">asic</link></array></group></arrangement><arrangement wordnetid="107938773" confidence="0.8"><group wordnetid="100031264" confidence="0.8"><array wordnetid="107939382" confidence="0.8"><link ns0:type="simple" ns0:href="../209/12751209.xml">asip</link></array></group></arrangement></col></row><row style="height:2px" /><row><col style=";;" class="navbox-group">compon</col><col style="text-align:left;border-left:2px solid #fdfdfd;width:100%;padding:0px;;;" class="navbox-list navbox-even"><artifact wordnetid="100021939" confidence="0.8"><instrumentality wordnetid="103575240" confidence="0.8"><electrical_device wordnetid="103269401" confidence="0.8"><device wordnetid="103183080" confidence="0.8"><circuit wordnetid="103033362" confidence="0.8"><link ns0:type="simple" ns0:href="../504/199504.xml">arithmet logic unit alu</link></circuit></device></electrical_device></instrumentality></artifact><link ns0:type="simple" ns0:href="../see/Linden=2C_T$ennessee.xml">float point unit fpu</link><link ns0:type="simple" ns0:href="../045/339045.xml">backsid bu</link><register wordnetid="106507041" confidence="0.8"><record wordnetid="106647206" confidence="0.8"><indication wordnetid="106797169" confidence="0.8"><evidence wordnetid="106643408" confidence="0.8"><written_record wordnetid="106502378" confidence="0.8"><link ns0:type="simple" ns0:href="../432/486432.xml">regist</link></written_record></evidence></indication></record></register><link ns0:type="simple" ns0:href="../112/177112.xml">memori manag unit mmu</link><link ns0:type="simple" ns0:href="../352/528352.xml">translat lookasid buffer tlb</link><link ns0:type="simple" ns0:href="../181/849181.xml">cach</link></col></row><row style="height:2px" /><row><col style=";;" class="navbox-group">program</col><col style="text-align:left;border-left:2px solid #fdfdfd;width:100%;padding:0px;;;" class="navbox-list navbox-odd"><class wordnetid="107997703" confidence="0.8"><collection wordnetid="107951464" confidence="0.8"><group wordnetid="100031264" confidence="0.8"><link ns0:type="simple" ns0:href="../349/222349.xml">flynn taxonomi</link></group></collection></class><link ns0:type="simple" ns0:href="../630/1103630.xml">sisd</link>bull<link ns0:type="simple" ns0:href="../359/55359.xml">simd</link>bull<link ns0:type="simple" ns0:href="../666/991666.xml">misd</link>bull<link ns0:type="simple" ns0:href="../139/157139.xml">mimd</link></col></row><row style="height:2px" /><row><col style=";;" class="navbox-group"><computer wordnetid="103082979" confidence="0.8"><artifact wordnetid="100021939" confidence="0.8"><instrumentality wordnetid="103575240" confidence="0.8"><device wordnetid="103183080" confidence="0.8"><machine wordnetid="103699975" confidence="0.8"><link ns0:type="simple" ns0:href="../703/273703.xml">power manag</link></machine></device></instrumentality></artifact></computer></col><col style="text-align:left;border-left:2px solid #fdfdfd;width:100%;padding:0px;;;" class="navbox-list navbox-even"><link ns0:type="simple" ns0:href="../130/3130.xml">apm</link><link ns0:type="simple" ns0:href="../697/2432697.xml">acpi</link><link ns0:type="simple" ns0:href="../697/2432697.xml#xpointer(//*[./st=%22States%22])" /><link ns0:type="simple" ns0:href="../512/13891512.xml">dynam frequenc scale</link><link ns0:type="simple" ns0:href="../711/13933711.xml">dynam voltag scale</link><link ns0:type="simple" ns0:href="../754/2817754.xml">clock gate</link></col></row></table></col></row></table></p><p><table style=";" class="navbox" cellspacing="0"><row><col style="padding:2px;"><table style="width:100%;background:transparent;color:inherit;;" class="nowraplinks collapsible autocollapse " cellspacing="0"><row><header colspan="2" style=";" class="navbox-title"><link ns0:type="simple" ns0:href="../553/19553.xml">comput process unit</link></header></row><row style="height:2px;" /><row><col colspan="2" style="width:100%;padding:0px;;;" class="navbox-list navbox-odd"><link ns0:type="simple" ns0:href="../218/5218.xml">central</link><substance wordnetid="100019613" confidence="0.8"><paper wordnetid="114974264" confidence="0.8"><card wordnetid="102962545" confidence="0.8"><part wordnetid="113809207" confidence="0.8"><material wordnetid="114580897" confidence="0.8"><link ns0:type="simple" ns0:href="../214/390214.xml">graphic</link></material></part></card></paper></substance><link ns0:type="simple" ns0:href="../714/2422714.xml">network</link><generic wordnetid="107899976" confidence="0.9508927676800064"><link ns0:type="simple" ns0:href="../184/28184.xml">audio</link></generic><artifact wordnetid="100021939" confidence="0.8"><instrumentality wordnetid="103575240" confidence="0.8"><engine wordnetid="103287733" confidence="0.8"><motor wordnetid="103789946" confidence="0.8"><device wordnetid="103183080" confidence="0.8"><machine wordnetid="103699975" confidence="0.8"><link ns0:type="simple" ns0:href="../947/1585947.xml">physic</link></machine></device></motor></engine></instrumentality></artifact><link ns0:type="simple" ns0:href="../505/154505.xml">digit signal</link><link ns0:type="simple" ns0:href="../193/378193.xml">coprocessor</link></col></row></table></col></row></table></p><p><list><entry level="1" type="bullet"><weblink ns0:type="simple" ns0:href="http://stinet.dtic.mil/oai/oai?verb=getRecord metadataPrefix=html identifier=ADA305733">ar paramet estim tmsc</weblink></entry></list></p></sec></bdy></processor></instrument></article>