<article xmlns:ns0="http://www.w3.org/1999/xlink"><citizen confidence="0.9511911446218017" wordnetid="109923673"><alumnus confidence="0.9511911446218017" wordnetid="109786338"><screenwriter confidence="0.9511911446218017" wordnetid="110564400"><actor confidence="0.9508927676800064" wordnetid="109765278"><header><title>juli delpi</title><id /><revision><id /><timestamp>tz</timestamp><contributor><username>hallow aposs wraith</username><id /></contributor></revision><categories><category>york univers alumni</category><category>french televis actor</category><category>live peopl</category><category>birth</category><category>women screenwrit</category><category>french film actor</category><category>natur citizen unit</category><category>french screenwrit</category></categories></header><bdy><template><name>infobox actor</name><parameters><image width="150px" src="" /><birthplace><site wordnetid="108651247" confidence="0.9508927676800064"><link ns0:type="simple" ns0:href="../989/22989.xml">pari</link></site><country wordnetid="108544813" confidence="0.9508927676800064"><link ns0:type="simple" ns0:href="../419/5843419.xml">franc</link></country></birthplace><birthdate>decemb age</birthdate><birthname>juli delpi</birthname><yearsactive><fundamental_quantity wordnetid="113575869" confidence="0.8"><time_period wordnetid="115113229" confidence="0.8"><year wordnetid="115203791" confidence="0.8"><link ns0:type="simple" ns0:href="../657/171657.xml" /></year></time_period></fundamental_quantity></yearsactive></parameters></template><p>juli delpi born decemb<country wordnetid="108544813" confidence="0.9508927676800064"><link ns0:type="simple" ns0:href="../419/5843419.xml">french</link></country>american<link ns0:type="simple" ns0:href="../753/753.xml">actress</link><link ns0:type="simple" ns0:href="../324/324.xml">academi award</link>nomin<link ns0:type="simple" ns0:href="../016/53016.xml">screenwrit</link>occasion singer studi filmmak york univers<school wordnetid="108276720" confidence="0.8"><educational_institution wordnetid="108276342" confidence="0.8"><institution wordnetid="108053576" confidence="0.8"><link ns0:type="simple" ns0:href="../422/1156422.xml">tisch school art</link></institution></educational_institution></school>direct written act film</p><sec><st>earli life</st><p>delpi born<site wordnetid="108651247" confidence="0.9508927676800064"><link ns0:type="simple" ns0:href="../989/22989.xml">pari</link></site>child albert delpi mari pillet parent actor featur film<link ns0:type="simple" ns0:href="../095/76095.xml">avantgard</link>theater father theater director</p><p>stage pari delpi parent involv underground theater earli age juli expos art hope better parent rais love art bring museum thing child wouldnt age ingmar bergman movi total bring franci bacon paint love dark time wonder<ref ns0:type="simple" ns0:href="#xpointer(//reflist/entry[@id=%221%22])" /></p><p>encourag perform bohemianmind parent delpi stage debut age<ref ns0:type="simple" ns0:href="#xpointer(//reflist/entry[@id=%222%22])" /></p></sec><sec><st>film career</st><p>age fourteen delpi role film<it>detect</it>direct<cameraman wordnetid="109889539" confidence="0.9173553029164789"><person wordnetid="100007846" confidence="0.9508927676800064"><actor wordnetid="109765278" confidence="0.9508927676800064"><link ns0:type="simple" ns0:href="../368/60368.xml">jeanluc godard</link></actor></person></cameraman>year delpi cast titl role film<it>beatric</it>money earn pay trip<village wordnetid="108672738" confidence="0.9508927676800064"><link ns0:type="simple" ns0:href="../042/645042.xml">york citi</link></village>delpi continu make regular trip york year final move delpi intern celebr star film<it><movie wordnetid="106613686" confidence="0.9508927676800064"><link ns0:type="simple" ns0:href="../801/459801.xml">europa europa</link></movie></it>film play pro<link ns0:type="simple" ns0:href="../036/18404036.xml">nazi</link>girl leni fall love hero<physical_entity wordnetid="100001930" confidence="0.8"><communicator wordnetid="109610660" confidence="0.8"><person wordnetid="100007846" confidence="0.8"><causal_agent wordnetid="100007347" confidence="0.8"><writer wordnetid="110794014" confidence="0.8"><link ns0:type="simple" ns0:href="../131/2104131.xml">solomon perel</link></writer></causal_agent></person></communicator></physical_entity>know<group wordnetid="100031264" confidence="0.8"><people wordnetid="107942152" confidence="0.8"><link ns0:type="simple" ns0:href="../913/15913.xml">jew</link></people></group>ish speak fluent german</p><p>delpi subsequ offer appear<link ns0:type="simple" ns0:href="../849/53849.xml">hollywood</link><link ns0:type="simple" ns0:href="../239/9239.xml">europ</link>film cast director<link>krzysztof kielowski</link>play femal lead second film kielowski three color trilog delpi appear film seri albeit smaller role star american european product includ<link ns0:type="simple" ns0:href="../398/37398.xml">disney</link><it><movie wordnetid="106613686" confidence="0.9508927676800064"><link ns0:type="simple" ns0:href="../913/1962913.xml">three musket</link></movie></it><it><movie wordnetid="106613686" confidence="0.9508927676800064"><link ns0:type="simple" ns0:href="../968/663968.xml">kill zoe</link></movie></it>delpi best intern costar role<person wordnetid="100007846" confidence="0.9508927676800064"><actor wordnetid="109765278" confidence="0.9508927676800064"><link ns0:type="simple" ns0:href="../120/164120.xml">ethan hawk</link></actor></person>director<film_director wordnetid="110088200" confidence="0.9173553029164789"><screenwriter wordnetid="110564400" confidence="0.9173553029164789"><actor wordnetid="109765278" confidence="0.9173553029164789"><film_maker wordnetid="110088390" confidence="0.9173553029164789"><link ns0:type="simple" ns0:href="../000/805000.xml">richard linklat</link></film_maker></actor></screenwriter></film_director>film<it><movie wordnetid="106613686" confidence="0.9508927676800064"><link ns0:type="simple" ns0:href="../053/805053.xml">sunris</link></movie></it>film receiv glow review<ref ns0:type="simple" ns0:href="#xpointer(//reflist/entry[@id=%223%22])" />consid film<link ns0:type="simple" ns0:href="../695/378695.xml">independ film</link>movement success led cast delpi<fundamental_quantity wordnetid="113575869" confidence="0.8"><time_period wordnetid="115113229" confidence="0.8"><year wordnetid="115203791" confidence="0.8"><link ns0:type="simple" ns0:href="../572/169572.xml" /></year></time_period></fundamental_quantity>american film<it><movie wordnetid="106613686" confidence="0.9508927676800064"><link ns0:type="simple" ns0:href="../840/737840.xml">american werewolf pari</link></movie></it>gener consid disappoint critic<ref ns0:type="simple" ns0:href="#xpointer(//reflist/entry[@id=%224%22])" /></p><p>late film alongsid comedian<comedian wordnetid="109940146" confidence="0.9173553029164789"><manufacturer wordnetid="110292316" confidence="0.9173553029164789"><singer wordnetid="110599806" confidence="0.9173553029164789"><screenwriter wordnetid="110564400" confidence="0.9173553029164789"><actor wordnetid="109765278" confidence="0.9173553029164789"><link ns0:type="simple" ns0:href="../149/315149.xml">martin short</link></actor></screenwriter></singer></manufacturer></comedian>minut film<link>cinmagiqu</link>theatreshow attract present time daili<studio wordnetid="104344246" confidence="0.8"><region wordnetid="108630985" confidence="0.8"><point wordnetid="108620061" confidence="0.8"><geographic_point wordnetid="108578706" confidence="0.8"><park wordnetid="108615374" confidence="0.8"><park wordnetid="108615149" confidence="0.8"><location wordnetid="100027167" confidence="0.8"><tract wordnetid="108673395" confidence="0.8"><workplace wordnetid="104602044" confidence="0.8"><geographical_area wordnetid="108574314" confidence="0.8"><amusement_park wordnetid="108494231" confidence="0.8"><link ns0:type="simple" ns0:href="../850/1165850.xml">walt disney studio park</link></amusement_park></geographical_area></workplace></tract></location></park></park></geographic_point></point></region></studio><region wordnetid="108630985" confidence="0.8"><park wordnetid="108615374" confidence="0.8"><location wordnetid="100027167" confidence="0.8"><tract wordnetid="108673395" confidence="0.8"><event wordnetid="100029378" confidence="0.8"><social_event wordnetid="107288639" confidence="0.8"><show wordnetid="106619065" confidence="0.8"><geographical_area wordnetid="108574314" confidence="0.8"><psychological_feature wordnetid="100023100" confidence="0.8"><attraction wordnetid="106615561" confidence="0.8"><amusement_park wordnetid="108494231" confidence="0.8"><link ns0:type="simple" ns0:href="../286/76286.xml">disneyland resort pari</link></amusement_park></attraction></psychological_feature></geographical_area></show></social_event></event></tract></location></park></region>delpi attend march open park inaugur filmbas attract see star marguerit femal actress short charact georg fall love stumbl countless classic movi<link>cinmagiqu</link>won covet<link ns0:type="simple" ns0:href="../621/2854621.xml">theme entertain associ award</link>outstand theme attract delpi repris<it>sunris</it>charact cline anim appear<it><movie wordnetid="106613686" confidence="0.9508927676800064"><link ns0:type="simple" ns0:href="../752/244752.xml">wake life</link></movie></it>sequel<it><movie wordnetid="106613686" confidence="0.9508927676800064"><link ns0:type="simple" ns0:href="../120/805120.xml">sunset</link></movie></it>film wellreceiv earn delpi cowrot script<link ns0:type="simple" ns0:href="../324/324.xml">academi award</link>nomin<product wordnetid="104007894" confidence="0.8"><creation wordnetid="103129123" confidence="0.8"><artifact wordnetid="100021939" confidence="0.8"><symbol wordnetid="106806469" confidence="0.8"><event wordnetid="100029378" confidence="0.8"><social_event wordnetid="107288639" confidence="0.8"><movie wordnetid="106613686" confidence="0.8"><award wordnetid="106696483" confidence="0.8"><signal wordnetid="106791372" confidence="0.8"><show wordnetid="106619065" confidence="0.8"><psychological_feature wordnetid="100023100" confidence="0.8"><link ns0:type="simple" ns0:href="../845/61845.xml">write adapt screenplay</link></psychological_feature></show></signal></award></movie></social_event></event></symbol></artifact></creation></product>addit nomin csar award three time</p></sec><sec><st>write direct</st><p>delpi interest career film director childhood enrol summer direct cours<university wordnetid="108286163" confidence="0.9508927676800064"><link ns0:type="simple" ns0:href="../455/7954455.xml">york univers</link></university>wrote direct short film<it><link>blah blah blah</link></it>screen<fundamental_quantity wordnetid="113575869" confidence="0.8"><time_period wordnetid="115113229" confidence="0.8"><diversion wordnetid="100426928" confidence="0.8"><event wordnetid="100029378" confidence="0.8"><film_festival wordnetid="100517418" confidence="0.8"><festival wordnetid="115162388" confidence="0.8"><festival wordnetid="100517728" confidence="0.8"><celebration wordnetid="100428000" confidence="0.8"><act wordnetid="100030358" confidence="0.8"><psychological_feature wordnetid="100023100" confidence="0.8"><activity wordnetid="100407535" confidence="0.8"><link ns0:type="simple" ns0:href="../188/29188.xml">sundanc film festiv</link></activity></psychological_feature></act></celebration></festival></festival></film_festival></event></diversion></time_period></fundamental_quantity><link ns0:type="simple" ns0:href="../054/3898054.xml">featur length</link>directori debut film entitl<it><link>jimmi</link></it>wrote produc releas<it><movie wordnetid="106613686" confidence="0.9508927676800064"><link ns0:type="simple" ns0:href="../086/13048086.xml">day pari</link></movie></it>delpi star film<person wordnetid="100007846" confidence="0.9508927676800064"><actor wordnetid="109765278" confidence="0.9508927676800064"><link ns0:type="simple" ns0:href="../466/865466.xml">adam goldberg</link></actor></person>direct wrote edit coproduc wrote origin music film featur delpi reallif parent mari pillet albert delpi</p></sec><sec><st>music</st><p>delpi music artist releas selftitl<link ns0:type="simple" ns0:href="../429/6429.xml">cd</link>three track album<it>waltz night</it><it>ocean apart</it><it>je taim tant</it>featur<it>sunset</it></p></sec><sec><st>person life</st><p>delpi live<link ns0:type="simple" ns0:href="../110/18110.xml">lo angel</link><country wordnetid="108544813" confidence="0.9508927676800064"><link ns0:type="simple" ns0:href="../407/5407.xml">california</link></country>natur citizen unit retain french citizenship<ref ns0:type="simple" ns0:href="#xpointer(//reflist/entry[@id=%225%22])" />love sew make cloth</p></sec><sec><st>filmographi</st><p><table style="background:transparent; width:100%;" cellpadding="0" class=" multicol" cellspacing="0"><row><col align="left" width="" valign="top"><list><entry level="1" type="bullet"><it><link>civil war franc</link></it>juli pillet</entry><entry level="1" type="bullet"><it><link>niveau moin troi</link></it></entry><entry level="1" type="bullet"><it><link>classiqu</link></it></entry><entry level="1" type="bullet"><it><link>dtectiv</link></it>wise young girl</entry><entry level="1" type="bullet"><it><link>lamour ou presqu</link></it>mlie</entry><entry level="1" type="bullet"><it><movie wordnetid="106613686" confidence="0.9508927676800064"><link ns0:type="simple" ns0:href="../943/8695943.xml">bad blood</link></movie></it>lise</entry><entry level="1" type="bullet"><it><link ns0:type="simple" ns0:href="../549/17799549.xml">beatric</link></it>batric de cortemart</entry><entry level="1" type="bullet"><it><trouble wordnetid="107289014" confidence="0.8"><misfortune wordnetid="107304852" confidence="0.8"><happening wordnetid="107283608" confidence="0.8"><event wordnetid="100029378" confidence="0.8"><dramatic_composition wordnetid="107007684" confidence="0.8"><play wordnetid="107007945" confidence="0.8"><calamity wordnetid="107314838" confidence="0.8"><written_communication wordnetid="106349220" confidence="0.8"><writing wordnetid="106362953" confidence="0.8"><psychological_feature wordnetid="100023100" confidence="0.8"><link ns0:type="simple" ns0:href="../721/55721.xml">king lear</link></psychological_feature></writing></written_communication></calamity></play></dramatic_composition></event></happening></misfortune></trouble></it>uncredit virginia</entry><entry level="1" type="bullet"><it><link>night</link></it>mari</entry><entry level="1" type="bullet"><it><link>dark night soul</link></it>virgin mari</entry><entry level="1" type="bullet"><it><link ns0:type="simple" ns0:href="../398/236398.xml">troubl</link></it>ii</entry><entry level="1" type="bullet"><it><movie wordnetid="106613686" confidence="0.9508927676800064"><link ns0:type="simple" ns0:href="../801/459801.xml">europa europa</link></movie></it>leni</entry><entry level="1" type="bullet"><it><link>le dent de ma mre</link></it>juli</entry><entry level="1" type="bullet"><it><product wordnetid="104007894" confidence="0.8"><creation wordnetid="103129123" confidence="0.8"><artifact wordnetid="100021939" confidence="0.8"><event wordnetid="100029378" confidence="0.8"><social_event wordnetid="107288639" confidence="0.8"><movie wordnetid="106613686" confidence="0.8"><show wordnetid="106619065" confidence="0.8"><psychological_feature wordnetid="100023100" confidence="0.8"><link ns0:type="simple" ns0:href="../744/4372744.xml">voyag</link></psychological_feature></show></movie></social_event></event></artifact></creation></product></it>sabeth</entry><entry level="1" type="bullet"><it><link>warszawa ann</link></it>fryda</entry><entry level="1" type="bullet">dominiqu</entry><entry level="1" type="bullet"><it><movie wordnetid="106613686" confidence="0.9508927676800064"><link ns0:type="simple" ns0:href="../913/1962913.xml">three musket</link></movie></it>constanc</entry><entry level="1" type="bullet"><it><link ns0:type="simple" ns0:href="../817/19233817.xml">younger younger</link></it>melodi</entry><entry level="1" type="bullet">dominiqu</entry><entry level="1" type="bullet">dominiqu</entry><entry level="1" type="bullet"><it><movie wordnetid="106613686" confidence="0.9508927676800064"><link ns0:type="simple" ns0:href="../968/663968.xml">kill zoe</link></movie></it>zoe</entry><entry level="1" type="bullet"><it><change_of_state wordnetid="100199130" confidence="0.8"><beginning wordnetid="100235435" confidence="0.8"><event wordnetid="100029378" confidence="0.8"><change wordnetid="100191142" confidence="0.8"><action wordnetid="100037396" confidence="0.8"><act wordnetid="100030358" confidence="0.8"><psychological_feature wordnetid="100023100" confidence="0.8"><introduction wordnetid="100238022" confidence="0.8"><link ns0:type="simple" ns0:href="../079/3598079.xml">blah blah blah</link></introduction></psychological_feature></act></action></change></event></beginning></change_of_state></it></entry><entry level="1" type="bullet"><it><movie wordnetid="106613686" confidence="0.9508927676800064"><link ns0:type="simple" ns0:href="../053/805053.xml">sunris</link></movie></it>celin</entry><entry level="1" type="bullet"><it><link>tykho moon</link></it>lena</entry><entry level="1" type="bullet"><it><link>le mill merveil de luniv</link></it>eva purpur</entry><entry level="1" type="bullet"><it><movie wordnetid="106613686" confidence="0.9508927676800064"><link ns0:type="simple" ns0:href="../840/737840.xml">american werewolf pari</link></movie></it>serafin pigot</entry></list></col><col align="left" width="" valign="top"><list><entry level="1" type="bullet"><it><link>alley motorway</link></it>tv</entry><entry level="1" type="bullet"><it><product wordnetid="104007894" confidence="0.8"><creation wordnetid="103129123" confidence="0.8"><artifact wordnetid="100021939" confidence="0.8"><event wordnetid="100029378" confidence="0.8"><social_event wordnetid="107288639" confidence="0.8"><movie wordnetid="106613686" confidence="0.8"><show wordnetid="106619065" confidence="0.8"><psychological_feature wordnetid="100023100" confidence="0.8"><link ns0:type="simple" ns0:href="../867/7644867.xml">la map</link></psychological_feature></show></movie></social_event></event></artifact></creation></product></it>juli</entry><entry level="1" type="bullet"><it><link ns0:type="simple" ns0:href="../874/133874.xml">crime punish</link></it>tv sonia</entry><entry level="1" type="bullet"><it><link>treat</link></it>francesca</entry><entry level="1" type="bullet"><it><link ns0:type="simple" ns0:href="../960/2279960.xml">true love</link></it>tv</entry><entry level="1" type="bullet"><it><movie wordnetid="106613686" confidence="0.9508927676800064"><link ns0:type="simple" ns0:href="../900/13007900.xml">passion ayn rand</link></movie></it>barbara</entry><entry level="1" type="bullet"><it><movie wordnetid="106613686" confidence="0.9508927676800064"><link ns0:type="simple" ns0:href="../156/770156.xml">cheerlead</link></movie></it>lipstick lesbian</entry><entry level="1" type="bullet"><it><movie wordnetid="106613686" confidence="0.9508927676800064"><link ns0:type="simple" ns0:href="../530/16663530.xml">sand</link></movie></it>lill</entry><entry level="1" type="bullet"><it><movie wordnetid="106613686" confidence="0.9508927676800064"><link ns0:type="simple" ns0:href="../313/5882313.xml">investig sex</link></movie></it>chloe</entry><entry level="1" type="bullet"><it><region wordnetid="108630985" confidence="0.8"><position wordnetid="108621598" confidence="0.8"><point wordnetid="108620061" confidence="0.8"><landmark wordnetid="108624891" confidence="0.8"><park wordnetid="108615149" confidence="0.8"><location wordnetid="100027167" confidence="0.8"><tract wordnetid="108673395" confidence="0.8"><geographical_area wordnetid="108574314" confidence="0.8"><link ns0:type="simple" ns0:href="../396/140396.xml">macarthur park</link></geographical_area></tract></location></park></landmark></point></position></region></it>wendi</entry><entry level="1" type="bullet"><it><movie wordnetid="106613686" confidence="0.9508927676800064"><link ns0:type="simple" ns0:href="../752/244752.xml">wake life</link></movie></it>celin</entry><entry level="1" type="bullet"><it><link ns0:type="simple" ns0:href="../227/19400227.xml">beginn luck</link></it>anya</entry><entry level="1" type="bullet"><it><series wordnetid="108457976" confidence="0.9508927676800064"><link ns0:type="simple" ns0:href="../153/177153.xml">er</link></series></it>episod nicol</entry><entry level="1" type="bullet"><it><link>cinmagiqu</link></it>marguerit</entry><entry level="1" type="bullet"><it><link>villa de rose</link></it>louis crteur</entry><entry level="1" type="bullet"><it><link>jimmi</link></it>al</entry><entry level="1" type="bullet"><it><link>not hill anxieti festiv</link></it>charlott</entry><entry level="1" type="bullet"><it><movie wordnetid="106613686" confidence="0.9508927676800064"><link ns0:type="simple" ns0:href="../120/805120.xml">sunset</link></movie></it>celin</entry><entry level="1" type="bullet"><it><movie wordnetid="106613686" confidence="0.9508927676800064"><link ns0:type="simple" ns0:href="../262/12259262.xml">frankenstein</link></movie></it>tv miniseri carolin frankenstein</entry><entry level="1" type="bullet"><it><album wordnetid="106591815" confidence="0.9508927676800064"><movie wordnetid="106613686" confidence="0.9508927676800064"><link ns0:type="simple" ns0:href="../012/1904012.xml">broken flower</link></movie></album></it>sherri</entry><entry level="1" type="bullet"><it><movie wordnetid="106613686" confidence="0.9508927676800064"><link ns0:type="simple" ns0:href="../397/15933397.xml" /></movie></it>charlott</entry><entry level="1" type="bullet"><it><product wordnetid="104007894" confidence="0.8"><creation wordnetid="103129123" confidence="0.8"><artifact wordnetid="100021939" confidence="0.8"><event wordnetid="100029378" confidence="0.8"><social_event wordnetid="107288639" confidence="0.8"><movie wordnetid="106613686" confidence="0.8"><show wordnetid="106619065" confidence="0.8"><psychological_feature wordnetid="100023100" confidence="0.8"><link ns0:type="simple" ns0:href="../771/7415771.xml">legend luci key</link></psychological_feature></show></movie></social_event></event></artifact></creation></product></it>jeann cooley</entry><entry level="1" type="bullet"><it><movie wordnetid="106613686" confidence="0.9508927676800064"><link ns0:type="simple" ns0:href="../634/10370634.xml">hoax</link></movie></it>nina van pallandt</entry><entry level="1" type="bullet"><it><movie wordnetid="106613686" confidence="0.9508927676800064"><link ns0:type="simple" ns0:href="../828/3140828.xml">air breath</link></movie></it>gina</entry><entry level="1" type="bullet"><it><movie wordnetid="106613686" confidence="0.9508927676800064"><link ns0:type="simple" ns0:href="../086/13048086.xml">day pari</link></movie></it>marion</entry><entry level="1" type="bullet"><it><movie wordnetid="106613686" confidence="0.9508927676800064"><link ns0:type="simple" ns0:href="../180/13412180.xml">countess</link></movie></it><link ns0:type="simple" ns0:href="../090/126090.xml">erzebet bathori</link></entry></list></col></row></table></p></sec><sec><st>award</st><p><list><entry level="1" type="bullet">csar award nomin promis actress<it>mauvai sang</it></entry><entry level="1" type="bullet">csar award nomin promis actress<it>la passion batric</it></entry><entry level="1" type="bullet">european film award nomin best actress<it>voyag</it></entry><entry level="1" type="bullet">mtv movi award nomin best kiss<it>sunris</it></entry><entry level="1" type="bullet">san francisco film critic circl award best actress<it>sunset</it></entry><entry level="1" type="bullet">academi award nomin best write adapt screenplay<it>sunset</it></entry><entry level="1" type="bullet">writer guild america nomin best adapt screenplay<it>sunset</it></entry><entry level="1" type="bullet">empir award best actress<it>sunset</it></entry><entry level="1" type="bullet">independ spirit award nomin best screenplay<it>sunset</it></entry><entry level="1" type="bullet">onlin film critic societi award nomin best actress<it>sunset</it></entry><entry level="1" type="bullet">onlin film critic societi award nomin best screenplay adapt<it>sunset</it></entry><entry level="1" type="bullet">mon intern festiv love film award coup de coeur<it>day pari</it></entry><entry level="1" type="bullet">csar award nomin best write origin<it><movie wordnetid="106613686" confidence="0.9508927676800064"><link ns0:type="simple" ns0:href="../086/13048086.xml">day pari</link></movie></it></entry></list></p></sec><sec><st>refer</st><p><reflist><entry id="1"><weblink ns0:type="simple" ns0:href="http://www.julie-delpy.net/julie/family.php">wwwjuliedelpynet</weblink></entry><entry id="2"><weblink ns0:type="simple" ns0:href="http://www.sfgate.com/cgi-bin/article.cgi?f=/c/a/2004/11/04/DDGJR9KHTB1.DTL">juli delpi burst feel full propel screen</weblink></entry><entry id="3"><weblink ns0:type="simple" ns0:href="http://www.rottentomatoes.com/m/before_sunrise/">sunris movi review pictur rotten tomato</weblink></entry><entry id="4"><weblink ns0:type="simple" ns0:href="http://www.rottentomatoes.com/m/american_werewolf_in_paris/">american werewolf pari movi review pictur rotten tomato</weblink></entry><entry id="5"><weblink ns0:type="simple" ns0:href="http://www.sfgate.com/cgi-bin/article.cgi?f=/c/a/2004/11/04/DDGJR9KHTB1.DTL">juli delpi burst feel full propel screen</weblink></entry></reflist><list><entry level="1" type="bullet"><weblink ns0:type="simple" ns0:href="http://movies.yahoo.com/movie/contributor/1800020228/bio">juli delpi biographi yahoo movi</weblink></entry><entry level="1" type="bullet"><weblink ns0:type="simple" ns0:href="http://www.allmovie.com/cg/avg.dll?p=avg sql=2:18491">juli delpi</weblink><web_site wordnetid="106359193" confidence="0.9508927676800064"><link ns0:type="simple" ns0:href="../027/1135027.xml">allmovi</link></web_site></entry></list></p></sec><sec><st>extern link</st><p><list><entry level="1" type="bullet"><weblink ns0:type="simple" ns0:href="http://www.imdb.com/name/nm0000365/">juli delpi</weblink><web_site wordnetid="106359193" confidence="0.9508927676800064"><link ns0:type="simple" ns0:href="../554/2855554.xml">internet movi databas</link></web_site></entry><entry level="1" type="bullet"><weblink ns0:type="simple" ns0:href="http://delpyweb.freehostia.com/">juli delpi tribut site</weblink></entry><entry level="1" type="bullet"><weblink ns0:type="simple" ns0:href="http://travel.timesonline.co.uk/article/0,,7943-1181387,00.html">interview time onlin</weblink></entry><entry level="1" type="bullet"><weblink ns0:type="simple" ns0:href="http://music.ign.com/articles/527/527813p1.html">interview ign film</weblink></entry><entry level="1" type="bullet"><weblink ns0:type="simple" ns0:href="http://movies.about.com/od/beforesunset/a/sunsetjd062804.htm">interview aboutcom</weblink></entry><entry level="1" type="bullet"><weblink ns0:type="simple" ns0:href="http://www.ioncinema.com/news.php?nid=1063">ioncinemacom interview juli delpi day pari</weblink></entry><entry level="1" type="bullet"><weblink ns0:type="simple" ns0:href="http://www.jewreview.net/article.php?id=1551">video interview jewreview juli day pari</weblink></entry><entry level="1" type="bullet"><weblink ns0:type="simple" ns0:href="http://www.eyeforfilm.co.uk/feature.php?id=437">eyeforfilmcouk interview juli delpi edinburgh film festiv</weblink></entry></list></p><p><table id="persondata" class="persondata"><header colspan="2" /><row><col class="persondata-label" /><col>delpi juli</col></row><row><col class="persondata-label">altern name</col></row><row><col class="persondata-label">short descript</col><col>actress</col></row><row><col class="persondata-label">birth</col><col><link ns0:type="simple" ns0:href="../850/8850.xml">decemb</link><link ns0:type="simple" ns0:href="../610/34610.xml" /></col></row><row><col class="persondata-label">place birth</col><col><site wordnetid="108651247" confidence="0.9508927676800064"><link ns0:type="simple" ns0:href="../989/22989.xml">pari</link></site><country wordnetid="108544813" confidence="0.9508927676800064"><link ns0:type="simple" ns0:href="../419/5843419.xml">franc</link></country></col></row><row><col class="persondata-label">death</col></row><row><col class="persondata-label">place death</col></row></table></p></sec></bdy></actor></screenwriter></alumnus></citizen></article>