<article xmlns:ns0="http://www.w3.org/1999/xlink"><physical_entity confidence="0.8" wordnetid="100001930"><person confidence="0.8" wordnetid="100007846"><model confidence="0.8" wordnetid="110324560"><assistant confidence="0.8" wordnetid="109815790"><worker confidence="0.8" wordnetid="109632518"><causal_agent confidence="0.8" wordnetid="100007347"><header><title>parabl broken window</title><id /><revision><id /><timestamp>tz</timestamp><contributor><username>fubar obfusco</username><id /></contributor></revision><categories><category>classic liber</category><category>parabl</category><category>libertarian</category><category>econom model</category></categories></header><bdy>parabl broken window creat<link>frdric bastiat</link>essay<it>ce quon voit ce quon ne voit pa</it><it>unseen</it>illumin notion hidden cost<p>bastiat stori introduc concept call broken window fallaci<link ns0:type="simple" ns0:href="../517/97517.xml">law unintend consequ</link>involv incomplet account consequ action economist<link ns0:type="simple" ns0:href="../030/1030.xml">austrian school</link>frequent cite fallaci<physical_entity wordnetid="100001930" confidence="0.8"><economist wordnetid="110043643" confidence="0.8"><person wordnetid="100007846" confidence="0.8"><theorist wordnetid="110706812" confidence="0.8"><intellectual wordnetid="109621545" confidence="0.8"><social_scientist wordnetid="110619642" confidence="0.8"><libertarian wordnetid="110257524" confidence="0.8"><causal_agent wordnetid="100007347" confidence="0.8"><scientist wordnetid="110560637" confidence="0.8"><advocate wordnetid="109774783" confidence="0.8"><link ns0:type="simple" ns0:href="../751/215751.xml">henri hazlitt</link></advocate></scientist></causal_agent></libertarian></social_scientist></intellectual></theorist></person></economist></physical_entity>devot chapter book<it><link ns0:type="simple" ns0:href="../769/580769.xml">econom lesson</link></it></p><sec><st>parabl stori</st><p>parabl describ shopkeep window broken boy sympath man window broken pretti start broken window work<link ns0:type="simple" ns0:href="../739/1828739.xml">glazier</link>will buy bread benefit baker will buy shoe benefit<link ns0:type="simple" ns0:href="../467/7467.xml">cobbler</link>final onlook conclud boy guilti vandal public benefactor creat econom benefit town</p><p>bastiat origin parabl broken window</p><p><it>wit anger good shopkeep jame goodfellow careless son happen break pane glass scene will assuredli bear wit fact spectat thirti common consent offer unfortun owner invari consol ill wind blow good live glazier pane glass broken</it></p><p><it>form condol entir theori will well simpl case precis unhappili regul greater econom institut</it></p><p><it>suppos cost franc repair damag accid bring franc glazier trade encourag trade amount franc grant word reason justli glazier perform task receiv franc rub hand heart bless careless child</it></p><p><it>hand conclus case good thing break window money circul encourag industri gener will result will oblig call theori confin take account</it></p><p><it>shopkeep spent franc thing spend window replac replac shoe book librari short employ franc accid prevent</it></p><ss1><st>fallaci argument</st><p><link ns0:type="simple" ns0:href="../986/53986.xml">fallaci</link>onlook argument consid benefit purchas window ignor cost shopkeep shopkeep forc spend money window spend exampl shopkeep prefer spend money bread shoe enrich baker cobbler window</p><p>child bring net benefit town town poorer window action benefit glazier expens shopkeep baker cobbler well</p></ss1></sec><sec><st>differ interpret</st><p><link ns0:type="simple" ns0:href="../326/17326.xml">keynesian</link>argu circumst boy benefactor best face sever underutil resourc<condition wordnetid="113920835" confidence="0.8"><state wordnetid="100024720" confidence="0.8"><difficulty wordnetid="114408086" confidence="0.8"><crisis wordnetid="113933560" confidence="0.8"><situation wordnetid="114411243" confidence="0.8"><link ns0:type="simple" ns0:href="../335/19283335.xml">great depress</link></situation></crisis></difficulty></state></condition><baron wordnetid="109840520" confidence="0.8"><link ns0:type="simple" ns0:href="../973/37973.xml">john maynard keyn</link></baron>argu econom sens build total useless pyramid order stimul economi rais<link ns0:type="simple" ns0:href="../023/353023.xml">aggreg demand</link>encourag<link ns0:type="simple" ns0:href="../578/55578.xml">full employ</link></p><p>austrian economist bastiat appli parabl broken window subtl consid parabl notic boy public benefactor suppos discov boy hire glazier paid franc window broke suddenli regard theft glazier break window order forc peopl hire servic fact observ onlook remain true glazier benefit busi expens baker cobbler bastiat demonstr peopl endors activ moral equival glazier hire boy break window</p><p>common interpret<link ns0:type="simple" ns0:href="../594/12594.xml">gross domest product</link>increas gdp economi healthier interpret proverbi broken window posit form<message wordnetid="106598915" confidence="0.8"><information wordnetid="106634376" confidence="0.8"><index wordnetid="106639674" confidence="0.8"><fact wordnetid="106636259" confidence="0.8"><political_orientation wordnetid="106212839" confidence="0.8"><link ns0:type="simple" ns0:href="../079/972079.xml">genuin progress indic</link></political_orientation></fact></index></information></message>realist indic econom health</p><p>interpret modern societi money baker cobbler shopkeep well money vault long time</p><p>interpret flaw modern economi window owner money window intact spent consumpt save futur consumpt invest economi today bank brokerag account option serv increas gdp higher level econom effici util window broken</p></sec><sec><st>applic</st><p>economist<link ns0:type="simple" ns0:href="../030/1030.xml">austrian school</link><link ns0:type="simple" ns0:href="../498/3225498.xml">libertarian</link>argu broken window fallaci extrem common popular think exampl includ</p><ss1><st>war</st><p>claim<link ns0:type="simple" ns0:href="../158/33158.xml">war</link>benefactor histor focus resourc trigger advanc technolog area increas product employ<link ns0:type="simple" ns0:href="../666/562666.xml">associ war</link>lead claim war good economi claim exampl broken window fallaci money spent war effort exampl money spent food cloth health care consum electron area stimulu felt sector economi direct hidden cost sector</p><p>importantli war destroy properti live econom stimulu<link ns0:type="simple" ns0:href="../428/2988428.xml">defens</link>sector offset<link ns0:type="simple" ns0:href="../528/45528.xml">opportun cost</link>cost damag devast war form basi second applic broken window fallaci rebuild war destroy stimul economi construct sector immens resourc spent restor prewar condit war rebuilt citi war opportun resourc appli fruit purpos rebuild destroy citi resourc build second citi add improv</p><p>exampl cost war project postpon start<military_action wordnetid="100952963" confidence="0.8"><group_action wordnetid="101080366" confidence="0.8"><event wordnetid="100029378" confidence="0.8"><conflict wordnetid="100958896" confidence="0.8"><act wordnetid="100030358" confidence="0.8"><psychological_feature wordnetid="100023100" confidence="0.8"><war wordnetid="100973077" confidence="0.8"><link ns0:type="simple" ns0:href="../927/32927.xml">war ii</link></war></psychological_feature></act></conflict></event></group_action></military_action><body wordnetid="107965085" confidence="0.8"><social_group wordnetid="107950920" confidence="0.8"><political_orientation wordnetid="106212839" confidence="0.8"><colony wordnetid="108374049" confidence="0.8"><state wordnetid="108168978" confidence="0.8"><political_unit wordnetid="108359949" confidence="0.8"><group wordnetid="100031264" confidence="0.8"><democracy wordnetid="106217103" confidence="0.8"><link ns0:type="simple" ns0:href="../750/3434750.xml">unit</link></democracy></group></political_unit></state></colony></political_orientation></social_group></body>pentup demand road bridg hous car radio led massiv inflat late war delay commerci introduct<link ns0:type="simple" ns0:href="../831/29831.xml">televis</link>thing resourc oversea rebuild rest war directli benefit american peopl</p></ss1><ss1><st>special interest govern</st><p>bastiat hazlitt equat glazier<link ns0:type="simple" ns0:href="../742/961742.xml">special interest</link>boy govern special interest request money govern form subsidi grant govern forc taxpay provid fund recipi benefit govern action regard peopl benefit peopl fail consid hidden cost taxpay poorer exactli money food cloth item purchas money will purchas count nonpurchas<link ns0:type="simple" ns0:href="../528/45528.xml">hidden cost</link>call<link ns0:type="simple" ns0:href="../528/45528.xml">opportun cost</link>bastiat refer essay cost hidden illus benefit cost hazlitt summar principl free gift natur paid<person wordnetid="100007846" confidence="0.9508927676800064"><screenwriter wordnetid="110564400" confidence="0.9173553029164789"><writer wordnetid="110794014" confidence="0.9508927676800064"><link ns0:type="simple" ns0:href="../389/25389.xml">robert heinlein</link></writer></screenwriter></person>popular summarizationacronym concept call<link ns0:type="simple" ns0:href="../704/144704.xml">tanstaafl</link><it>aint thing free lunch</it></p><p>common exampl special interest group practic broken window fallaci<list><entry level="1" type="bullet">argument<link ns0:type="simple" ns0:href="../158/323158.xml">public work</link>project reduc unemploy</entry><entry level="1" type="bullet">argument increas number govern employe order provid employ</entry><entry level="1" type="bullet">argument<link ns0:type="simple" ns0:href="../023/153023.xml">protectionist</link>measur tariff subsidi andor regul order protect local industri</entry><entry level="1" type="bullet">theater support art subsidi order provid employ artist ground peopl theater concert restaur stimul economi</entry></list></p></ss1><ss1><st>terror</st><p>economist<physical_entity wordnetid="100001930" confidence="0.8"><person wordnetid="100007846" confidence="0.8"><intellectual wordnetid="109621545" confidence="0.8"><social_scientist wordnetid="110619642" confidence="0.8"><libertarian wordnetid="110257524" confidence="0.8"><scientist wordnetid="110560637" confidence="0.8"><adult wordnetid="109605289" confidence="0.8"><professional wordnetid="110480253" confidence="0.8"><educator wordnetid="110045713" confidence="0.8"><columnist wordnetid="109939154" confidence="0.8"><communicator wordnetid="109610660" confidence="0.8"><economist wordnetid="110043643" confidence="0.8"><initiate wordnetid="110206887" confidence="0.8"><theorist wordnetid="110706812" confidence="0.8"><academician wordnetid="109759069" confidence="0.8"><causal_agent wordnetid="100007347" confidence="0.8"><advocate wordnetid="109774783" confidence="0.8"><writer wordnetid="110794014" confidence="0.8"><scholar wordnetid="110557854" confidence="0.8"><journalist wordnetid="110224578" confidence="0.8"><link ns0:type="simple" ns0:href="../170/19283170.xml">walter william</link></journalist></scholar></writer></advocate></causal_agent></academician></theorist></initiate></economist></communicator></columnist></educator></professional></adult></scientist></libertarian></social_scientist></intellectual></person></physical_entity>comment<person wordnetid="100007846" confidence="0.9508927676800064"><writer wordnetid="110794014" confidence="0.9173553029164789"><journalist wordnetid="110224578" confidence="0.9173553029164789"><link ns0:type="simple" ns0:href="../133/507133.xml">jonah goldberg</link></journalist></writer></person><ref ns0:type="simple" ns0:href="#xpointer(//reflist/entry[@id=%221%22])" /><link>robert tracinski</link><ref ns0:type="simple" ns0:href="#xpointer(//reflist/entry[@id=%222%22])" />accus economist<columnist wordnetid="109939154" confidence="0.9173553029164789"><economist wordnetid="110043643" confidence="0.9173553029164789"><person wordnetid="100007846" confidence="0.9508927676800064"><link ns0:type="simple" ns0:href="../701/313701.xml">paul krugman</link></person></economist></columnist>commit brokenwindow fallaci<terrorist_attack wordnetid="101246697" confidence="0.9508927676800064"><link ns0:type="simple" ns0:href="../690/5058690.xml">septemb attack</link></terrorist_attack>krugman wrote</p><p>ghastli terror attack origin day infami brought great depress econom good drive forc econom slowdown plung busi invest sudden offic build ive indic destruct isnt big compar economi rebuild will gener increas busi spend<ref ns0:type="simple" ns0:href="#xpointer(//reflist/entry[@id=%223%22])" /></p><p>direct claim editori terrorist attack lead econom gain william infer krugman talk net econom good unit respons wrote</p><p>greater econom good terrorist succeed destroy build lo angel san francisco chicago philadelphia boston major citi cours utter nonsens properti destruct lower wealth nation<ref ns0:type="simple" ns0:href="#xpointer(//reflist/entry[@id=%224%22])" /></p></ss1></sec><sec><st>popular cultur</st><p><it><album wordnetid="106591815" confidence="0.9508927676800064"><movie wordnetid="106613686" confidence="0.9508927676800064"><link ns0:type="simple" ns0:href="../809/143809.xml">element</link></movie></album></it>villain jeanbaptist zorg<musician wordnetid="110340312" confidence="0.9173553029164789"><actor wordnetid="109765278" confidence="0.9508927676800064"><link ns0:type="simple" ns0:href="../163/213163.xml">gari oldman</link></actor></musician>justifi violent destruct action term increas econom activ fix</p><p><it><movie wordnetid="106613686" confidence="0.9508927676800064"><link ns0:type="simple" ns0:href="../769/1749769.xml">wakko</link></movie></it>directtovideo<series wordnetid="108457976" confidence="0.9508927676800064"><link ns0:type="simple" ns0:href="../945/1945.xml">animaniac</link></series>movi parabl explain<link ns0:type="simple" ns0:href="../369/565369.xml">wakko</link>stimul hometown economi<coin wordnetid="113388245" confidence="0.9508927676800064"><link ns0:type="simple" ns0:href="../125/200125.xml">halfpenni</link></coin></p><p>le corbusi radiant citi find sentiment support road project led today suburban sprawl citi will countri live mile offic direct pine tree secretari will live mile direct pine tree car tire wear road surfac gear consum oil gasolin will necessit great deal work</p></sec><sec><st /><p><list><entry level="1" type="bullet"><link ns0:type="simple" ns0:href="../717/193717.xml">multipli econom</link></entry><entry level="1" type="bullet"><link ns0:type="simple" ns0:href="../528/45528.xml">opportun cost</link></entry></list></p></sec><sec><st>refer</st><p><reflist><entry id="1"><weblink ns0:type="simple" ns0:href="http://www.nationalreview.com/goldberg/goldberg091902.asp">broken window iraqi</weblink><person wordnetid="100007846" confidence="0.9508927676800064"><writer wordnetid="110794014" confidence="0.9173553029164789"><journalist wordnetid="110224578" confidence="0.9173553029164789"><link ns0:type="simple" ns0:href="../133/507133.xml">jonah goldberg</link></journalist></writer></person><it>nation review onlin</it><link ns0:type="simple" ns0:href="../147/28147.xml">septemb</link><link ns0:type="simple" ns0:href="../502/35502.xml" /></entry><entry id="2"><weblink ns0:type="simple" ns0:href="http://www.aynrand.org/site/News2?page=NewsArticle id=7396 news_iv_ctrl=1063">econom war</weblink><link>robert tracinski</link><link ns0:type="simple" ns0:href="../571/22571.xml">octob</link><link ns0:type="simple" ns0:href="../551/34551.xml" /></entry><entry id="3"><weblink ns0:type="simple" ns0:href="http://query.nytimes.com/gst/fullpage.html?res=940DE7DC1138F937A2575AC0A9679C8B63 n=Top/Reference/Times%20Topics/Subjects/S/Sept.%2011,%202001">horror</weblink><columnist wordnetid="109939154" confidence="0.9173553029164789"><economist wordnetid="110043643" confidence="0.9173553029164789"><person wordnetid="100007846" confidence="0.9508927676800064"><link ns0:type="simple" ns0:href="../701/313701.xml">paul krugman</link></person></economist></columnist><it><newspaper wordnetid="106267145" confidence="0.9508927676800064"><link ns0:type="simple" ns0:href="../680/30680.xml">york time</link></newspaper></it><link ns0:type="simple" ns0:href="../947/27947.xml">septemb</link><link ns0:type="simple" ns0:href="../551/34551.xml" /></entry><entry id="4"><weblink ns0:type="simple" ns0:href="http://www.jewishworldreview.com/cols/williams100401.asp">free lunch</weblink><physical_entity wordnetid="100001930" confidence="0.8"><person wordnetid="100007846" confidence="0.8"><intellectual wordnetid="109621545" confidence="0.8"><social_scientist wordnetid="110619642" confidence="0.8"><libertarian wordnetid="110257524" confidence="0.8"><scientist wordnetid="110560637" confidence="0.8"><adult wordnetid="109605289" confidence="0.8"><professional wordnetid="110480253" confidence="0.8"><educator wordnetid="110045713" confidence="0.8"><columnist wordnetid="109939154" confidence="0.8"><communicator wordnetid="109610660" confidence="0.8"><economist wordnetid="110043643" confidence="0.8"><initiate wordnetid="110206887" confidence="0.8"><theorist wordnetid="110706812" confidence="0.8"><academician wordnetid="109759069" confidence="0.8"><causal_agent wordnetid="100007347" confidence="0.8"><advocate wordnetid="109774783" confidence="0.8"><writer wordnetid="110794014" confidence="0.8"><scholar wordnetid="110557854" confidence="0.8"><journalist wordnetid="110224578" confidence="0.8"><link ns0:type="simple" ns0:href="../170/19283170.xml">walter william</link></journalist></scholar></writer></advocate></causal_agent></academician></theorist></initiate></economist></communicator></columnist></educator></professional></adult></scientist></libertarian></social_scientist></intellectual></person></physical_entity>creator syndic<link ns0:type="simple" ns0:href="../454/22454.xml">octob</link><link ns0:type="simple" ns0:href="../551/34551.xml" /></entry></reflist></p></sec><sec><st>extern link</st><p><list><entry level="1" type="bullet"><it><weblink ns0:type="simple" ns0:href="http://bastiat.org/fr/cqovecqonvp.html">ce quon voit ce quon ne voit pa</weblink></it>origin essay</entry><entry level="1" type="bullet"><it><weblink ns0:type="simple" ns0:href="http://bastiat.org/en/twisatwins.html" /></it>english translat</entry></list></p></sec></bdy></causal_agent></worker></assistant></model></person></physical_entity></article>