<article xmlns:ns0="http://www.w3.org/1999/xlink"><person confidence="0.9508927676800064" wordnetid="100007846"><entity confidence="0.9511911446218017" wordnetid="100001740"><theorist confidence="0.9511911446218017" wordnetid="110706812"><colleague confidence="0.9511911446218017" wordnetid="109935990"><scientist confidence="0.9508927676800064" wordnetid="110560637"><atheist confidence="0.9511911446218017" wordnetid="109820044"><mathematician confidence="0.9511911446218017" wordnetid="110301261"><header><title>john horton conway</title><id /><revision><id /><timestamp>tz</timestamp><contributor><username>conwaydiana</username><id /></contributor></revision><categories><category>centuri mathematician</category><category>fellow royal societi</category><category>cellular automatist</category><category>birth</category><category>magic squar</category><category>live peopl</category><category>game theorist</category><category>peopl liverpool</category><category>st centuri mathematician</category><category>english mathematician</category><category>princeton univers faculti</category><category>combinatorist</category><category>alumni gonvil caiu colleg cambridg</category><category>english atheist</category><category>group theorist</category></categories></header><bdy><template><name>infobox_scientist</name><parameters><image width="300px" src="John_H_Conway_2005.jpg" /><birth_date>decemb age</birth_date><doctoral_students><person wordnetid="100007846" confidence="0.9508927676800064"><scientist wordnetid="110560637" confidence="0.9508927676800064"><link ns0:type="simple" ns0:href="../169/292169.xml">richard borcherd</link></scientist></person><physical_entity wordnetid="100001930" confidence="0.8"><person wordnetid="100007846" confidence="0.8"><theorist wordnetid="110706812" confidence="0.8"><intellectual wordnetid="109621545" confidence="0.8"><causal_agent wordnetid="100007347" confidence="0.8"><scientist wordnetid="110560637" confidence="0.8"><mathematician wordnetid="110301261" confidence="0.8"><link ns0:type="simple" ns0:href="../220/4582220.xml">robert wilson</link></mathematician></scientist></causal_agent></intellectual></theorist></person></physical_entity></doctoral_students><birth_place><village wordnetid="108672738" confidence="0.9508927676800064"><link ns0:type="simple" ns0:href="../081/18081.xml">liverpool</link></village><county wordnetid="108546183" confidence="0.9508927676800064"><link ns0:type="simple" ns0:href="../325/151325.xml">merseysid</link></county><country wordnetid="108544813" confidence="0.9508927676800064"><link ns0:type="simple" ns0:href="../316/9316.xml">england</link></country></birth_place><alma_mater><university wordnetid="108286163" confidence="0.9508927676800064"><link ns0:type="simple" ns0:href="../796/31796.xml">univers cambridg</link></university></alma_mater><field><link ns0:type="simple" ns0:href="../902/18902.xml">mathematician</link></field><known_for><idea wordnetid="105833840" confidence="0.8"><concept wordnetid="105835747" confidence="0.8"><rule wordnetid="105846054" confidence="0.8"><link ns0:type="simple" ns0:href="../035/37035.xml">game life</link></rule></concept></idea><series wordnetid="108457976" confidence="0.8"><arrangement wordnetid="107938773" confidence="0.8"><sequence wordnetid="108459252" confidence="0.8"><ordering wordnetid="108456993" confidence="0.8"><group wordnetid="100031264" confidence="0.8"><link ns0:type="simple" ns0:href="../980/563980.xml">lookandsay sequenc</link></group></ordering></sequence></arrangement></series></known_for><nationality><country wordnetid="108544813" confidence="0.9508927676800064"><link ns0:type="simple" ns0:href="../316/9316.xml">english</link></country></nationality><residence><body wordnetid="107965085" confidence="0.8"><social_group wordnetid="107950920" confidence="0.8"><political_orientation wordnetid="106212839" confidence="0.8"><colony wordnetid="108374049" confidence="0.8"><state wordnetid="108168978" confidence="0.8"><political_unit wordnetid="108359949" confidence="0.8"><group wordnetid="100031264" confidence="0.8"><democracy wordnetid="106217103" confidence="0.8"><link ns0:type="simple" ns0:href="../750/3434750.xml" /></democracy></group></political_unit></state></colony></political_orientation></social_group></body></residence><doctoral_advisor><person wordnetid="100007846" confidence="0.9508927676800064"><scientist wordnetid="110560637" confidence="0.9508927676800064"><link ns0:type="simple" ns0:href="../111/991111.xml">harold davenport</link></scientist></person></doctoral_advisor><name>john horton conway</name><work_institutions><university wordnetid="108286163" confidence="0.9508927676800064"><link ns0:type="simple" ns0:href="../922/23922.xml">princeton univers</link></university></work_institutions><prizes><link>polya prize</link><symbol wordnetid="106806469" confidence="0.8"><award wordnetid="106696483" confidence="0.8"><signal wordnetid="106791372" confidence="0.8"><link ns0:type="simple" ns0:href="../473/1252473.xml">nemmer prize mathemat</link></signal></award></symbol></prizes></parameters></template><p>john horton conway born<link ns0:type="simple" ns0:href="../360/8360.xml">decemb</link><link ns0:type="simple" ns0:href="../684/34684.xml" /><village wordnetid="108672738" confidence="0.9508927676800064"><link ns0:type="simple" ns0:href="../081/18081.xml">liverpool</link></village><country wordnetid="108544813" confidence="0.9508927676800064"><link ns0:type="simple" ns0:href="../316/9316.xml">england</link></country>prolif mathematician activ theori finit<link ns0:type="simple" ns0:href="../447/19447.xml">group</link><link ns0:type="simple" ns0:href="../008/153008.xml">knot theori</link><link ns0:type="simple" ns0:href="../527/21527.xml">number theori</link><link ns0:type="simple" ns0:href="../231/292231.xml">combinatori game theori</link><link ns0:type="simple" ns0:href="../869/321869.xml">code theori</link>contribut branch<link ns0:type="simple" ns0:href="../446/26446.xml">recreat mathemat</link>notabl<idea wordnetid="105833840" confidence="0.8"><concept wordnetid="105835747" confidence="0.8"><rule wordnetid="105846054" confidence="0.8"><link ns0:type="simple" ns0:href="../035/37035.xml">game life</link></rule></concept></idea><link ns0:type="simple" ns0:href="../342/54342.xml">cellular automaton</link><link ns0:type="simple" ns0:href="../401/3401.xml">board game</link></p><p>conway current professor mathemat<university wordnetid="108286163" confidence="0.9508927676800064"><link ns0:type="simple" ns0:href="../922/23922.xml">princeton univers</link></university>studi<university wordnetid="108286163" confidence="0.9508927676800064"><link ns0:type="simple" ns0:href="../796/31796.xml">cambridg</link></university>start<person wordnetid="100007846" confidence="0.9508927676800064"><scientist wordnetid="110560637" confidence="0.9508927676800064"><link ns0:type="simple" ns0:href="../111/991111.xml">harold davenport</link></scientist></person><link>erd number</link>receiv berwick prize<ref ns0:type="simple" ns0:href="#xpointer(//reflist/entry[@id=%221%22])" />elect<link>fellow royal societi</link><ref ns0:type="simple" ns0:href="#xpointer(//reflist/entry[@id=%222%22])" />recipi<link>plya prize lm</link><ref ns0:type="simple" ns0:href="#xpointer(//reflist/entry[@id=%223%22])" /></p><sec><st>biographi</st><p>conway parent agn boyc cyril horton conway john older sister sylvia joan cyril conway chemistri laboratori assist john interest mathemat earli age mother agn recal recit power age year john young year difficult grew britain time wartim shortag primari school john outstand top class age eleven ambit mathematician</p><p>leav secondari school conway enter<link ns0:type="simple" ns0:href="../015/161015.xml">gonvil caiu colleg cambridg</link>studi mathemat award ba began undertak number theori supervis<person wordnetid="100007846" confidence="0.9508927676800064"><scientist wordnetid="110560637" confidence="0.9508927676800064"><link ns0:type="simple" ns0:href="../111/991111.xml">harold davenport</link></scientist></person>solv open problem pose davenport write number sum power conway began interest infinit ordin appear interest game began year studi cambridg avid backgammon player spend hour play game common room award doctor appoint lectur studi<university wordnetid="108286163" confidence="0.9508927676800064"><link ns0:type="simple" ns0:href="../796/31796.xml">univers cambridg</link></university></p><p>left cambridg appoint<person wordnetid="100007846" confidence="0.9508927676800064"><scientist wordnetid="110560637" confidence="0.9508927676800064"><link ns0:type="simple" ns0:href="../942/15942.xml">john von neumann</link></scientist></person>chair mathemat<university wordnetid="108286163" confidence="0.9508927676800064"><link ns0:type="simple" ns0:href="../922/23922.xml">princeton univers</link></university>regular visitor<link ns0:type="simple" ns0:href="../983/1786983.xml">mathcamp</link><link ns0:type="simple" ns0:href="../904/18546904.xml">mathpath</link><weblink ns0:type="simple" ns0:href="http://www.mathpath.org">httpwwwmathpathorg</weblink>summer math program high schooler middl schooler</p><p>conway resid princeton jersey unit wife youngest son children previou marriag three grandchildren greatgrandchildren</p></sec><sec><st>game theori</st><p>amateur mathematician contribut<link ns0:type="simple" ns0:href="../231/292231.xml">combinatori game theori</link>theori<link ns0:type="simple" ns0:href="../042/316042.xml">partisan game</link>develop<scientist wordnetid="110560637" confidence="0.9508927676800064"><link ns0:type="simple" ns0:href="../893/655893.xml">elwyn berlekamp</link></scientist><link ns0:type="simple" ns0:href="../308/816308.xml">richard guy</link></p><p>inventor<event wordnetid="100029378" confidence="0.8"><social_event wordnetid="107288639" confidence="0.8"><contest wordnetid="107456188" confidence="0.8"><game wordnetid="100456199" confidence="0.8"><psychological_feature wordnetid="100023100" confidence="0.8"><link ns0:type="simple" ns0:href="../541/27541.xml">sprout</link></psychological_feature></game></contest></social_event></event>well<link ns0:type="simple" ns0:href="../661/23661.xml">philosoph footbal</link>develop detail analys game puzzl<puzzle wordnetid="106784639" confidence="0.8"><message wordnetid="106598915" confidence="0.8"><subject wordnetid="106599788" confidence="0.8"><problem wordnetid="106784003" confidence="0.8"><question wordnetid="106783768" confidence="0.8"><link ns0:type="simple" ns0:href="../670/36670.xml">soma cube</link></question></problem></subject></message></puzzle><link ns0:type="simple" ns0:href="../281/37281.xml">peg solitair</link><link ns0:type="simple" ns0:href="../897/2017897.xml">conway soldier</link><link ns0:type="simple" ns0:href="../026/1076026.xml">angel problem</link>solv</p><p>invent system number<link ns0:type="simple" ns0:href="../432/51432.xml">surreal number</link>close game subject mathemat novel<person wordnetid="100007846" confidence="0.9508927676800064"><scientist wordnetid="110560637" confidence="0.9508927676800064"><link ns0:type="simple" ns0:href="../095/8095.xml">donald knuth</link></scientist></person>invent nomenclatur exceedingli<link ns0:type="simple" ns0:href="../750/187750.xml">larg number</link><link ns0:type="simple" ns0:href="../456/305456.xml">conway chain arrow notat</link></p><p><idea wordnetid="105833840" confidence="0.8"><concept wordnetid="105835747" confidence="0.8"><rule wordnetid="105846054" confidence="0.8"><link ns0:type="simple" ns0:href="../035/37035.xml">game life</link></rule></concept></idea>earli celebr exampl<link ns0:type="simple" ns0:href="../342/54342.xml">cellular automaton</link></p></sec><sec><st>geometri</st><p>mid<physical_entity wordnetid="100001930" confidence="0.8"><person wordnetid="100007846" confidence="0.8"><causal_agent wordnetid="100007347" confidence="0.8"><scientist wordnetid="110560637" confidence="0.8"><mathematician wordnetid="110301261" confidence="0.8"><link ns0:type="simple" ns0:href="../693/16480693.xml">michael guy</link></mathematician></scientist></causal_agent></person></physical_entity>son<link ns0:type="simple" ns0:href="../308/816308.xml">richard guy</link>establish sixtyfour<link ns0:type="simple" ns0:href="../899/1645899.xml">convex uniform polychora</link>exclud infinit set prismat form conway suggest system notat dedic describ<link ns0:type="simple" ns0:href="../905/149905.xml">polyhedra</link>call<link ns0:type="simple" ns0:href="../705/5021705.xml">conway polyhedron notat</link></p></sec><sec><st>geometr topolog</st><p>conway approach comput<knowledge_domain wordnetid="105999266" confidence="0.8"><pure_mathematics wordnetid="106003682" confidence="0.8"><discipline wordnetid="105996646" confidence="0.8"><mathematics wordnetid="106000644" confidence="0.8"><science wordnetid="105999797" confidence="0.8"><algebra wordnetid="106012726" confidence="0.8"><link ns0:type="simple" ns0:href="../647/1107647.xml">alexand polynomi</link></algebra></science></mathematics></discipline></pure_mathematics></knowledge_domain>knot theori involv<link ns0:type="simple" ns0:href="../902/314902.xml">skein relat</link>variant call alexanderconway polynomi lie dormant decad concept central work novel<link ns0:type="simple" ns0:href="../735/313735.xml">knot polynomi</link>conway develop<link ns0:type="simple" ns0:href="../497/3421497.xml">tangl theori</link>invent system notat tabul knot complet knot tabl cross</p></sec><sec><st>group theori</st><p>work<link ns0:type="simple" ns0:href="../445/7445.xml">classif finit simpl group</link>discov<group wordnetid="100031264" confidence="0.8"><link ns0:type="simple" ns0:href="../511/345511.xml">conway group</link></group>primari author<it>atla finit group</it>properti finit simpl group collabor construct concret represent<link ns0:type="simple" ns0:href="../806/324806.xml">sporad group</link></p><p><link ns0:type="simple" ns0:href="../166/1641166.xml">simon norton</link>formul complex conjectur relat<link ns0:type="simple" ns0:href="../422/47422.xml">monster group</link><link ns0:type="simple" ns0:href="../000/286000.xml">modular function</link>christen<link ns0:type="simple" ns0:href="../168/728168.xml">monstrou moonshin</link></p></sec><sec><st>number theori</st><p>prove conjectur<scientist wordnetid="110560637" confidence="0.9508927676800064"><link ns0:type="simple" ns0:href="../723/9723.xml">edward ware</link></scientist>integ written sum number rais power</p></sec><sec><st>algebra</st><p>work algebra<link ns0:type="simple" ns0:href="../440/51440.xml">quaternion</link></p></sec><sec><st>algorithm</st><p><link ns0:type="simple" ns0:href="../439/443439.xml">calcul day week</link>invent<link ns0:type="simple" ns0:href="../579/626579.xml">doomsday algorithm</link>algorithm simpl basic arithmet abil calcul mental conway correct answer second improv speed practic calendr calcul comput program quiz random date time log earli book<link ns0:type="simple" ns0:href="../931/10931.xml">finit machin</link></p></sec><sec><st>theoret physic</st><p>conway<link>simon kochen</link>princeton mathematician prove<statement wordnetid="106722453" confidence="0.8"><message wordnetid="106598915" confidence="0.8"><theorem wordnetid="106752293" confidence="0.8"><proposition wordnetid="106750804" confidence="0.8"><link ns0:type="simple" ns0:href="../156/3219156.xml">free will theorem</link></proposition></theorem></message></statement>startl version<link ns0:type="simple" ns0:href="../602/211602.xml">hidden variabl</link>principl<link ns0:type="simple" ns0:href="../202/25202.xml">quantum mechan</link>condit experiment freeli decid quantiti measur experi elementari particl free choos spin order measur consist physic law conway provoc word experiment<link ns0:type="simple" ns0:href="../921/47921.xml">free will</link>elementari particl</p></sec><sec><st>book</st><p>cowritten book includ<it>atla finit group</it><it>regular algebra finit machin</it><it>sphere pack lattic group</it><it>sensual quadrat form</it><it><link ns0:type="simple" ns0:href="../589/166589.xml">number game</link></it><it><work wordnetid="104599396" confidence="0.8"><product wordnetid="104007894" confidence="0.8"><creation wordnetid="103129123" confidence="0.8"><artifact wordnetid="100021939" confidence="0.8"><book wordnetid="106410904" confidence="0.8"><publication wordnetid="106589574" confidence="0.8"><link ns0:type="simple" ns0:href="../461/252461.xml">win way mathemat play</link></publication></book></artifact></creation></product></work></it><it>book number</it><it>quaternion octonion</it>current finish<it>triangl book</it>written late steve sigur math teacher paideia school atlanta georgia summer publish<it>symmetri thing</it><link>chaim goodmanstrauss</link>heidi burgiel</p></sec><sec><st /><p><list><entry level="1" type="bullet"><link ns0:type="simple" ns0:href="../705/5021705.xml">conway polyhedron notat</link></entry><entry level="1" type="bullet"><link ns0:type="simple" ns0:href="../285/683285.xml">conway lux method magic squar</link></entry><entry level="1" type="bullet"><conduit wordnetid="103089014" confidence="0.8"><artifact wordnetid="100021939" confidence="0.8"><tube wordnetid="104493505" confidence="0.8"><passage wordnetid="103895293" confidence="0.8"><manifold wordnetid="103717750" confidence="0.8"><way wordnetid="104564698" confidence="0.8"><pipe wordnetid="103944672" confidence="0.8"><link ns0:type="simple" ns0:href="../678/2915678.xml">orbifold notat</link></pipe></way></manifold></passage></tube></artifact></conduit></entry><entry level="1" type="bullet"><link ns0:type="simple" ns0:href="../456/305456.xml">conway chain arrow notat</link></entry><entry level="1" type="bullet"><idea wordnetid="105833840" confidence="0.8"><concept wordnetid="105835747" confidence="0.8"><rule wordnetid="105846054" confidence="0.8"><link ns0:type="simple" ns0:href="../035/37035.xml">conway game life</link></rule></concept></idea></entry><entry level="1" type="bullet"><link ns0:type="simple" ns0:href="../897/2017897.xml">conway soldier</link></entry><entry level="1" type="bullet"><event wordnetid="100029378" confidence="0.8"><social_event wordnetid="107288639" confidence="0.8"><contest wordnetid="107456188" confidence="0.8"><game wordnetid="100456199" confidence="0.8"><psychological_feature wordnetid="100023100" confidence="0.8"><link ns0:type="simple" ns0:href="../661/23661.xml">phutbal</link></psychological_feature></game></contest></social_event></event></entry><entry level="1" type="bullet"><link ns0:type="simple" ns0:href="../045/9402045.xml">pinwheel tile</link></entry><entry level="1" type="bullet"><series wordnetid="108457976" confidence="0.8"><arrangement wordnetid="107938773" confidence="0.8"><sequence wordnetid="108459252" confidence="0.8"><ordering wordnetid="108456993" confidence="0.8"><group wordnetid="100031264" confidence="0.8"><link ns0:type="simple" ns0:href="../980/563980.xml">lookandsay sequenc</link></group></ordering></sequence></arrangement></series></entry><entry level="1" type="bullet"><link ns0:type="simple" ns0:href="../018/5405018.xml">theorem</link></entry><entry level="1" type="bullet"><link ns0:type="simple" ns0:href="../288/9797288.xml">conway thrackl conjectur</link></entry><entry level="1" type="bullet"><mathematical_relation wordnetid="113783581" confidence="0.8"><function wordnetid="113783816" confidence="0.8"><link ns0:type="simple" ns0:href="../490/11151490.xml">conway base function</link></function></mathematical_relation></entry></list></p></sec><sec><st>refer</st><p><reflist><entry id="1"><weblink ns0:type="simple" ns0:href="http://www.lms.ac.uk/activities/prizes_com/pastwinners.html#berwick">lm prizewinn</weblink></entry><entry id="2"><weblink ns0:type="simple" ns0:href="http://www.royalsoc.ac.uk/page.asp?id=1727">list royal societi fellow</weblink></entry><entry id="3"><weblink ns0:type="simple" ns0:href="http://www.lms.ac.uk/activities/prizes_com/pastwinners.html#berwick">lm prizewinn</weblink></entry></reflist></p></sec><sec><st>refer extern link</st><p><list><entry level="1" type="bullet"><cite id="CITEREFO.27ConnorRobertson" style="font-style:normal">oconnor john robertson edmund<weblink ns0:type="simple" ns0:href="http://www-history.mcs.st-andrews.ac.uk/Biographies/Conway.html">john horton conway</weblink><it><link ns0:type="simple" ns0:href="../374/1234374.xml">mactutor histori mathemat archiv</link></it></cite>oconnor robertson</entry><entry level="1" type="bullet">charl seif<weblink ns0:type="simple" ns0:href="http://www.users.cloud9.net/~cgseife/conway.html">impress conway</weblink>scienc</entry><entry level="1" type="bullet">mark alpert fun game<it>scientif american</it>april<weblink ns0:type="simple" ns0:href="http://www.sciam.com/article.cfm?articleID=0000FFD8-61FF-1C70-84A9809EC588EF21 catID=2">offici onlin version</weblink><weblink ns0:type="simple" ns0:href="http://www.cpdee.ufmg.br/~seixas/PaginaATR/Download/DownloadFiles/NotJustFunAndGames.PDF">registrationfre onlin version</weblink></entry><entry level="1" type="bullet">jasvir nagra conway proof free will theorem<weblink ns0:type="simple" ns0:href="http://www.cs.auckland.ac.nz/~jas/one/freewill-theorem.html">httpwwwcsaucklandacnzjasonefreewilltheoremhtml</weblink></entry><entry level="1" type="bullet">conway curti norton parker wilson<it>atla finit group maxim subgroup ordinari charact simpl group</it>oxford england</entry><entry level="1" type="bullet"><weblink ns0:type="simple" ns0:href="http://genealogy.math.ndsu.nodak.edu/id.php?id=18849">john horton conway</weblink><link ns0:type="simple" ns0:href="../126/1152126.xml">mathemat genealog project</link></entry><entry level="1" type="bullet"><weblink ns0:type="simple" ns0:href="http://www.math.dartmouth.edu/~doyle/docs/conway/conway">video</weblink>conway lead tour brickwork pattern princeton lectur ordin lectur sum power bernoulli number</entry><entry level="1" type="bullet"><weblink ns0:type="simple" ns0:href="http://www.adeptis.ru/vinci/m_part3_3.html">photo john horton conway</weblink></entry><entry level="1" type="bullet"><it>triangl book</it><weblink ns0:type="simple" ns0:href="http://www.amazon.com/dp/1568811659">httpwwwamazoncomdp</weblink></entry><entry level="1" type="bullet">john conway heidi burgiel chaim goodmanstrass<it>symmetri thing</it>isbn<weblink ns0:type="simple" ns0:href="http://www.akpeters.com/product.asp?ProdCode=2205">httpwwwakpeterscomproductaspprodcod</weblink></entry><entry level="1" type="bullet"><link ns0:type="simple" ns0:href="../868/1499868.xml">margaret boden</link>mind machin<company wordnetid="108058098" confidence="0.9508927676800064"><link ns0:type="simple" ns0:href="../518/48518.xml">oxford univers press</link></company></entry><entry level="1" type="bullet"><person wordnetid="100007846" confidence="0.9508927676800064"><professor wordnetid="110480730" confidence="0.9173553029164789"><link ns0:type="simple" ns0:href="../943/3935943.xml">marcu du sautoy</link></professor></person>symmetri harpercollin</entry></list></p><p><table id="persondata" class="persondata"><header colspan="2" /><row><col class="persondata-label" /><col>conway john horton</col></row><row><col class="persondata-label">altern name</col></row><row><col class="persondata-label">short descript</col><col><link ns0:type="simple" ns0:href="../902/18902.xml">mathematician</link></col></row><row><col class="persondata-label">birth</col><col>decemb</col></row><row><col class="persondata-label">place birth</col><col><village wordnetid="108672738" confidence="0.9508927676800064"><link ns0:type="simple" ns0:href="../081/18081.xml">liverpool</link></village><country wordnetid="108544813" confidence="0.9508927676800064"><link ns0:type="simple" ns0:href="../316/9316.xml">england</link></country></col></row><row><col class="persondata-label">death</col></row><row><col class="persondata-label">place death</col></row></table></p></sec></bdy></mathematician></atheist></scientist></colleague></theorist></entity></person></article>