<article xmlns:ns0="http://www.w3.org/1999/xlink"><header><title>feder grant usa</title><id /><revision><id /><timestamp>tz</timestamp><contributor><username>timwi</username><id /></contributor></revision><categories><category>public financ</category><category>grant</category><category>feder assist unit</category></categories></header><bdy>unit feder grant econom<link ns0:type="simple" ns0:href="../551/1908551.xml">aid</link>issu<link ns0:type="simple" ns0:href="../149/195149.xml">unit govern</link>gener feder revenu feder grant<link ns0:type="simple" ns0:href="../006/609006.xml">award</link>financi assist feder agenc recipi carri public purpos support stimul author law unit<p>grant<link ns0:type="simple" ns0:href="../982/7115982.xml">feder assist</link><link ns0:type="simple" ns0:href="../852/208852.xml">loan</link>individu<link ns0:type="simple" ns0:href="../470/1726470.xml">benefit</link><link ns0:type="simple" ns0:href="../590/2083590.xml">entitl</link>grant acquir properti servic feder govern direct benefit</p><p><link ns0:type="simple" ns0:href="../975/1980975.xml">grant</link>issu privat<link ns0:type="simple" ns0:href="../487/72487.xml">nonprofit organ</link><link ns0:type="simple" ns0:href="../306/693306.xml">foundat</link><link ns0:type="simple" ns0:href="../487/72487.xml">notforprofit corpor</link><link ns0:type="simple" ns0:href="../565/148565.xml">charit trust</link>collect refer<link ns0:type="simple" ns0:href="../679/1176679.xml">chariti</link></p><p>unit grant subvent subsidi fashion govern privat chariti subsid program project fit fund criteria grantgiv entiti donor grant unrestrict recipi fashion perimet recipi organ activ restrict specif purpos<link ns0:type="simple" ns0:href="../271/1195271.xml">benefactor</link></p><p>feder grant defin govern feder grant cooper agreement incorpor<weblink ns0:type="simple" ns0:href="http://www4.law.cornell.edu/uscode/html/uscode31/usc_sec_31_00006304----000-.html">titl code</weblink>feder grant</p><p>legal instrument reflect relationship unit govern local govern entiti princip purpos relationship transfer thing local govern recipi carri public purpos support stimul author law unit acquir purchas leas barter properti servic direct benefit unit govern substanti involv expect execut agenc local govern recipi carri activ contempl agreement</p><p>award agenc expect involv project routin monitor technic assist law requir cooper agreement govern procur good servic direct benefit broader public purpos law requir feder contract<weblink ns0:type="simple" ns0:href="http://www4.law.cornell.edu/uscode/html/uscode31/usc_sec_31_00006305----000-.html">httpwwwlawcornelleduuscodehtmluscodeusc_sec__html</weblink></p><sec><st>type grant</st><p><list><entry level="1" type="bullet">project grant grant govern order fund project project medic purpos individu acquir qualif appli grant normal durat project grant year</entry></list></p><p><list><entry level="1" type="bullet"><link>formula grant</link>provid fund dictat law<link ns0:type="simple" ns0:href="../402/1282402.xml">aid famili depend children</link><link ns0:type="simple" ns0:href="../701/878701.xml">job train partnership</link><link>work incent program</link></entry><entry level="2" type="bullet"><link ns0:type="simple" ns0:href="../899/5757899.xml">categor grant</link>spent narrowli defin purpos recipi match portion feder fund categor grant consid formula grant<link ns0:type="simple" ns0:href="../383/267383.xml">head start</link><link>urban forestri assist</link><link>asbesto school hazard abat</link>feder aid dollar spent categor grant</entry><entry level="2" type="bullet">block grant combin categor grant singl program<link ns0:type="simple" ns0:href="../098/320098.xml">commun develop block grant</link><link ns0:type="simple" ns0:href="../933/2745933.xml">alcohol drug abus mental health servic block grant</link>recipi block grant leeway fund recipi individu categor grant block grant consid formula grant</entry></list></p><p><list><entry level="1" type="bullet"><link ns0:type="simple" ns0:href="../744/4138744.xml">earmark grant</link>explicitli<link ns0:type="simple" ns0:href="../443/1380443.xml">appropri</link><legislature wordnetid="108163273" confidence="0.9508927676800064"><link ns0:type="simple" ns0:href="../756/31756.xml">congress</link></legislature>competit award highli controversi heavi involv paid<occupation wordnetid="100582388" confidence="0.8"><event wordnetid="100029378" confidence="0.8"><group wordnetid="100031264" confidence="0.8"><act wordnetid="100030358" confidence="0.8"><psychological_feature wordnetid="100023100" confidence="0.8"><activity wordnetid="100407535" confidence="0.8"><link ns0:type="simple" ns0:href="../934/48934.xml">polit lobbyist</link></activity></psychological_feature></act></group></event></occupation>secur fy<link ns0:type="simple" ns0:href="../636/34636.xml" />appropri<agency wordnetid="108337324" confidence="0.9508927676800064"><link ns0:type="simple" ns0:href="../772/370772.xml">congression servic</link></agency>earmark total<link ns0:type="simple" ns0:href="../363/1136363.xml">billion</link>fy<link ns0:type="simple" ns0:href="../164/36164.xml" />earmark total billion<ref ns0:type="simple" ns0:href="#xpointer(//reflist/entry[@id=%221%22])" /></entry></list></p><p>feder grant frequent receiv critic perceiv excess regul includ opportun<link ns0:type="simple" ns0:href="../495/276495.xml">small busi</link>critic includ problem overlap duplic excess categor insuffici vari requir arbitrari feder decisionmak grantsmanship fund bia entiti familiar exploit system</p><p><it>charit grant fund school organ</it><link ns0:type="simple" ns0:href="../063/17545063.xml">grant write</link><link ns0:type="simple" ns0:href="../192/195192.xml">grant</link></p><p>grant program offer feder grantmak agenc program fall<weblink ns0:type="simple" ns0:href="http://grants.gov">categori</weblink><list><entry level="1" type="bullet">agricultur</entry><entry level="1" type="bullet">art</entry><entry level="1" type="bullet">busi commerc</entry><entry level="1" type="bullet">commun develop</entry><entry level="1" type="bullet">consum protect</entry><entry level="1" type="bullet">disast prevent relief</entry><entry level="1" type="bullet">educ region develop</entry><entry level="1" type="bullet">employ labor train</entry><entry level="1" type="bullet">energi</entry><entry level="1" type="bullet">environment qualiti</entry><entry level="1" type="bullet">food nutrit</entry><entry level="1" type="bullet">health</entry><entry level="1" type="bullet">hous</entry><entry level="1" type="bullet">human</entry><entry level="1" type="bullet">statist</entry><entry level="1" type="bullet">law justic legal servic</entry><entry level="1" type="bullet">natur resourc</entry><entry level="1" type="bullet">scienc technolog</entry><entry level="1" type="bullet">social servic incom secur</entry><entry level="1" type="bullet">transport</entry></list></p></sec><sec><st /><p><link ns0:type="simple" ns0:href="../006/609006.xml">award</link>grant gener includ<list><entry level="1" type="bullet">estim fund</entry><entry level="1" type="bullet">expect number award</entry><entry level="1" type="bullet">anticip award size</entry><entry level="1" type="bullet">period perform</entry></list></p><p>eleg includ<list><entry level="1" type="bullet">eleg applic</entry><entry level="1" type="bullet">cost share</entry></list></p></sec><sec><st /><p><list><entry level="1" type="bullet"><link ns0:type="simple" ns0:href="../063/17545063.xml">grant write</link></entry><entry level="1" type="bullet" /><entry level="1" type="bullet"><link ns0:type="simple" ns0:href="../223/9223.xml">econom</link></entry><entry level="1" type="bullet"><link ns0:type="simple" ns0:href="../503/1273503.xml">feder fund develop center</link>ffrdc</entry><entry level="1" type="bullet"><link ns0:type="simple" ns0:href="../099/5752099.xml">fiscal year</link></entry><entry level="1" type="bullet"><link ns0:type="simple" ns0:href="../271/15130271.xml">fund opportun announc</link></entry><entry level="1" type="bullet"><link ns0:type="simple" ns0:href="../388/24388.xml">polit scienc</link></entry><entry level="1" type="bullet"><agency wordnetid="108337324" confidence="0.9508927676800064"><link ns0:type="simple" ns0:href="../267/3230267.xml">small busi administr</link></agency></entry></list></p></sec><sec><st>extern link</st><p><list><entry level="1" type="bullet"><weblink ns0:type="simple" ns0:href="http://www.grantwritingservices.us">grant write servic</weblink></entry><entry level="1" type="bullet"><weblink ns0:type="simple" ns0:href="http://www.ResearchCrossroads.com">researchcrossroad</weblink></entry><entry level="1" type="bullet"><weblink ns0:type="simple" ns0:href="http://www.grants.gov/">grantsgov</weblink></entry><entry level="1" type="bullet"><weblink ns0:type="simple" ns0:href="http://www.whitehouse.gov/omb/egov/c-6-3-grants.html">presidenti initi</weblink>grant manag busi</entry><entry level="1" type="bullet"><weblink ns0:type="simple" ns0:href="http://www.federalgrantswire.com/">search feder grant free</weblink></entry><entry level="1" type="bullet"><weblink ns0:type="simple" ns0:href="http://www.uswebgrants.com">grant search assist</weblink></entry></list></p></sec><sec><st>note refer</st><p><reflist><entry id="1">jonathan weisman mar<weblink ns0:type="simple" ns0:href="http://www.washingtonpost.com/wp-dyn/content/article/2006/03/26/AR2006032600884.html">propos call disclosur tie lobbyist</weblink>washington post</entry></reflist></p></sec></bdy></article>