<article xmlns:ns0="http://www.w3.org/1999/xlink"><entity confidence="0.9511911446218017" wordnetid="100001740"><vegetarian confidence="0.9511911446218017" wordnetid="110747119"><actor confidence="0.9508927676800064" wordnetid="109765278"><header><title>lisa bonet</title><id /><revision><id /><timestamp>tz</timestamp><contributor><username>docu</username><id /></contributor></revision><categories><category>american film actor</category><category>california actor</category><category>peopl san francisco california</category><category>live peopl</category><category>american jew</category><category>black jew</category><category>jewish actor</category><category>birth</category><category>multiraci actor</category><category>american televis actor</category><category>peopl mix black africaneuropean ethnic</category><category>american vegetarian</category><category>african american actor</category></categories></header><bdy><template><name>infobox actor</name><parameters><image width="150px" src="" /><Birthname>lisa michel bonet</Birthname><location><village wordnetid="108672738" confidence="0.9508927676800064"><link ns0:type="simple" ns0:href="../728/49728.xml">san francisco california</link></village></location><spouse><person wordnetid="100007846" confidence="0.9508927676800064"><artist wordnetid="109812338" confidence="0.9508927676800064"><link ns0:type="simple" ns0:href="../567/165567.xml">lenni kravitz</link></artist></person><it>divorc</it></spouse><birthdate>novemb age</birthdate><partner><actor wordnetid="109765278" confidence="0.9508927676800064"><link ns0:type="simple" ns0:href="../324/2032324.xml">jason momoa</link></actor></partner><notable_role><b>denis huxtabl</b><it><series wordnetid="108457976" confidence="0.9508927676800064"><link ns0:type="simple" ns0:href="../325/170325.xml">cosbi</link></series></it><it><series wordnetid="108457976" confidence="0.9508927676800064"><link ns0:type="simple" ns0:href="../471/589471.xml" /></series></it><b>epiphani proudfoot</b><it><movie wordnetid="106613686" confidence="0.9508927676800064"><link ns0:type="simple" ns0:href="../682/673682.xml">angel heart</link></movie></it><b>rachel bank</b><it><movie wordnetid="106613686" confidence="0.9508927676800064"><link ns0:type="simple" ns0:href="../771/684771.xml">enemi</link></movie></it></notable_role><othername>lilakoi moon</othername><birthname>lisa michel bonet</birthname></parameters></template><p><b>lisa bonet</b>born<link ns0:type="simple" ns0:href="../726/21726.xml">novemb</link><link ns0:type="simple" ns0:href="../749/34749.xml" /><award wordnetid="106696483" confidence="0.9508927676800064"><link ns0:type="simple" ns0:href="../921/151921.xml">emmi award</link></award>nomin<body wordnetid="107965085" confidence="0.8"><social_group wordnetid="107950920" confidence="0.8"><political_orientation wordnetid="106212839" confidence="0.8"><colony wordnetid="108374049" confidence="0.8"><state wordnetid="108168978" confidence="0.8"><political_unit wordnetid="108359949" confidence="0.8"><group wordnetid="100031264" confidence="0.8"><democracy wordnetid="106217103" confidence="0.8"><link ns0:type="simple" ns0:href="../750/3434750.xml">american</link></democracy></group></political_unit></state></colony></political_orientation></social_group></body><link ns0:type="simple" ns0:href="../753/753.xml">actress</link>best portray charact<link>denis huxtabl</link><it><series wordnetid="108457976" confidence="0.9508927676800064"><link ns0:type="simple" ns0:href="../325/170325.xml">cosbi</link></series></it>spinoff<it><series wordnetid="108457976" confidence="0.9508927676800064"><link ns0:type="simple" ns0:href="../471/589471.xml" /></series></it></p><sec><st>biographi</st><ss1><st>earli life</st><p>bonet born lisa michel bonet<link ns0:type="simple" ns0:href="../728/49728.xml">san francisco california</link><ethnic_group wordnetid="107967382" confidence="0.8"><group wordnetid="100031264" confidence="0.8"><people wordnetid="107942152" confidence="0.8"><link ns0:type="simple" ns0:href="../ury/22nd_century.xml">african american</link></people></group></ethnic_group>father allen bonet<ethnic_group wordnetid="107967382" confidence="0.8"><group wordnetid="100031264" confidence="0.8"><link ns0:type="simple" ns0:href="../183/1131183.xml">jewish american</link></group></ethnic_group>mother arlen litman bonet<ref ns0:type="simple" ns0:href="#xpointer(//reflist/entry[@id=%221%22])" /><ref ns0:type="simple" ns0:href="#xpointer(//reflist/entry[@id=%222%22])" /><ref ns0:type="simple" ns0:href="#xpointer(//reflist/entry[@id=%223%22])" />parent divorc young live life<region wordnetid="108630985" confidence="0.8"><administrative_district wordnetid="108491826" confidence="0.8"><location wordnetid="100027167" confidence="0.8"><district wordnetid="108552138" confidence="0.8"><country wordnetid="108544813" confidence="0.8"><link ns0:type="simple" ns0:href="../131/8210131.xml">york</link></country></district></location></administrative_district></region><link ns0:type="simple" ns0:href="../110/18110.xml">lo angel</link>attend<senior_high_school wordnetid="108409617" confidence="0.8"><link ns0:type="simple" ns0:href="../775/4292775.xml">reseda high school</link></senior_high_school><link ns0:type="simple" ns0:href="../559/336559.xml">reseda california</link>celluloid actor studio<link ns0:type="simple" ns0:href="../035/435035.xml">north hollywood</link>major act</p></ss1><ss1><st>person life</st><p>birthday<link ns0:type="simple" ns0:href="../337/19054337.xml">elop</link><link ns0:type="simple" ns0:href="../707/162707.xml">singer</link><person wordnetid="100007846" confidence="0.9508927676800064"><artist wordnetid="109812338" confidence="0.9508927676800064"><link ns0:type="simple" ns0:href="../567/165567.xml">lenni kravitz</link></artist></person><link ns0:type="simple" ns0:href="../172/665172.xml">la vega</link>bonet recal relationship</p><p><table style="margin:auto; border-collapse:collapse; border-style:none; background-color:transparent; " class="cquote"><row><col style="color:#B2B7F2;font-size:35px;font-family:'Times New Roman',serif;font-weight:bold;text-align:left;padding:10px 10px;" width="20" valign="top" /><col style="padding:4px 10px;" valign="top">interest find background told mom jewish so dad thought unusu enchant felt trust feel insid ordinarili<ref ns0:type="simple" ns0:href="#xpointer(//reflist/entry[@id=%224%22])" /></col><col style="color:#B2B7F2;font-size:36px;font-family:'Times New Roman',serif;font-weight:bold;text-align:right;padding:10px 10px;" width="20" valign="bottom" /></row></table></p><p>birth daughter<actor wordnetid="109765278" confidence="0.9508927676800064"><link ns0:type="simple" ns0:href="../881/13301881.xml">zo isabella</link></actor><link ns0:type="simple" ns0:href="../357/8357.xml">decemb</link><link ns0:type="simple" ns0:href="../670/34670.xml" />kravitz separ eventu<link ns0:type="simple" ns0:href="../147/40147.xml">divorc</link></p><p>lisa start date yoga instructor bryan kest began live child report</p><p><table style="margin:auto; border-collapse:collapse; border-style:none; background-color:transparent; " class="cquote"><row><col style="color:#B2B7F2;font-size:35px;font-family:'Times New Roman',serif;font-weight:bold;text-align:left;padding:10px 10px;" width="20" valign="top" /><col style="padding:4px 10px;" valign="top">bryan lisa relationship bear fruit pic float net boy son mutual friend lisa childrenzo newest daughter jason expect well jason wait hand foot<ref ns0:type="simple" ns0:href="#xpointer(//reflist/entry[@id=%225%22])" /></col><col style="color:#B2B7F2;font-size:36px;font-family:'Times New Roman',serif;font-weight:bold;text-align:right;padding:10px 10px;" width="20" valign="bottom" /></row></table></p><p>time lisa legal chang lilakoi moon lisa bonet entertain career lisa deliber cut act spend time famili</p><p>bonet birth<link ns0:type="simple" ns0:href="../181/16181.xml">juli</link><link ns0:type="simple" ns0:href="../165/36165.xml" />second child daughter lola iolani momoa child<actor wordnetid="109765278" confidence="0.9508927676800064"><link ns0:type="simple" ns0:href="../324/2032324.xml">jason momoa</link></actor>actor role televis<it><series wordnetid="108457976" confidence="0.9508927676800064"><link ns0:type="simple" ns0:href="../442/278442.xml">baywatch</link></series></it><it><series wordnetid="108457976" confidence="0.9508927676800064"><link ns0:type="simple" ns0:href="../894/418894.xml">stargat atlanti</link></series></it><ref ns0:type="simple" ns0:href="#xpointer(//reflist/entry[@id=%226%22])" />current expect second child momoa<weblink ns0:type="simple" ns0:href="http://www.celebritybabyscoop.com/index.php?s=lisa+bonet">httpwwwcelebritybabyscoopcomindexphpslisabonet</weblink></p></ss1></sec><sec><st>career</st><p>bonet play role denis huxtabl<it><series wordnetid="108457976" confidence="0.9508927676800064"><link ns0:type="simple" ns0:href="../325/170325.xml">cosbi</link></series></it>alongsid<comedian wordnetid="109940146" confidence="0.9508927676800064"><person wordnetid="100007846" confidence="0.9508927676800064"><link ns0:type="simple" ns0:href="../894/158894.xml">bill cosbi</link></person></comedian><link>phylicia rashd</link>bonet began act attend audit particip<link ns0:type="simple" ns0:href="../831/29831.xml">televis</link>commerci wellknown</p><p>accept role epiphani proudfoot movi<it><movie wordnetid="106613686" confidence="0.9508927676800064"><link ns0:type="simple" ns0:href="../682/673682.xml">angel heart</link></movie></it>opposit<actor wordnetid="109765278" confidence="0.9508927676800064"><link ns0:type="simple" ns0:href="../936/530936.xml">mickey rourk</link></actor>direct<actor wordnetid="109765278" confidence="0.9508927676800064"><link ns0:type="simple" ns0:href="../137/343137.xml">alan parker</link></actor>appear caus controversi scene cut avoid<link ns0:type="simple" ns0:href="../220/34220.xml">rate</link><ref ns0:type="simple" ns0:href="#xpointer(//reflist/entry[@id=%227%22])" /></p><p>bonet began accept job<link ns0:type="simple" ns0:href="../720/221720.xml">straighttovideo</link>releas<link ns0:type="simple" ns0:href="../342/164342.xml">madefortv movi</link>chang legal<b>lilakoi moon</b>decid continu birth product particip support role<it><movie wordnetid="106613686" confidence="0.9508927676800064"><link ns0:type="simple" ns0:href="../771/684771.xml">enemi</link></movie></it><rapper wordnetid="110507482" confidence="0.9173553029164789"><manufacturer wordnetid="110292316" confidence="0.9173553029164789"><film_maker wordnetid="110088390" confidence="0.9173553029164789"><actor wordnetid="109765278" confidence="0.9173553029164789"><artist wordnetid="109812338" confidence="0.9508927676800064"><link ns0:type="simple" ns0:href="../698/154698.xml">will smith</link></artist></actor></film_maker></manufacturer></rapper>appear movi<it><album wordnetid="106591815" confidence="0.9508927676800064"><movie wordnetid="106613686" confidence="0.9508927676800064"><link ns0:type="simple" ns0:href="../047/160047.xml">high fidel</link></movie></album></it>film appear<it><movie wordnetid="106613686" confidence="0.9508927676800064"><link ns0:type="simple" ns0:href="../335/1779335.xml">biker boyz</link></movie></it>reunit costar<actor wordnetid="109765278" confidence="0.9173553029164789"><link ns0:type="simple" ns0:href="../515/1657515.xml">kadeem hardison</link></actor><it /></p><p>august bonet appear weeklong<it />reunion special air<channel wordnetid="106259898" confidence="0.9508927676800064"><link ns0:type="simple" ns0:href="../088/798088.xml">nick nite</link></channel>fellow costar hardison<singer wordnetid="110599806" confidence="0.9173553029164789"><actress wordnetid="109767700" confidence="0.9173553029164789"><actor wordnetid="109765278" confidence="0.9508927676800064"><dancer wordnetid="109989502" confidence="0.9173553029164789"><link ns0:type="simple" ns0:href="../330/1087330.xml">jasmin guy</link></dancer></actor></actress></singer><singer wordnetid="110599806" confidence="0.9173553029164789"><artist wordnetid="109812338" confidence="0.9508927676800064"><actor wordnetid="109765278" confidence="0.9508927676800064"><link ns0:type="simple" ns0:href="../258/437258.xml">cree summer</link></actor></artist></singer><actress wordnetid="109767700" confidence="0.9173553029164789"><link ns0:type="simple" ns0:href="../006/1573006.xml">dawnn lewi</link></actress><actor wordnetid="109765278" confidence="0.9173553029164789"><link ns0:type="simple" ns0:href="../216/2871216.xml">darryl bell</link></actor><link ns0:type="simple" ns0:href="../476/10088476.xml">sinbad</link>bonet costar film<it><link>whitepaddi</link></it>alongsid<person wordnetid="100007846" confidence="0.9508927676800064"><actress wordnetid="109767700" confidence="0.9173553029164789"><actor wordnetid="109765278" confidence="0.9508927676800064"><link ns0:type="simple" ns0:href="../543/1039543.xml">sherilyn fenn</link></actor></actress></person><actor wordnetid="109765278" confidence="0.9508927676800064"><link ns0:type="simple" ns0:href="../939/663939.xml">hill harper</link></actor><actor wordnetid="109765278" confidence="0.9508927676800064"><link ns0:type="simple" ns0:href="../110/1820110.xml">debra wilson</link></actor><person wordnetid="100007846" confidence="0.9508927676800064"><actor wordnetid="109765278" confidence="0.9173553029164789"><link ns0:type="simple" ns0:href="../144/154144.xml">karen black</link></actor></person><person wordnetid="100007846" confidence="0.9508927676800064"><link ns0:type="simple" ns0:href="../899/16899.xml">kareem abduljabbar</link></person>bonet negoti role<link ns0:type="simple" ns0:href="../780/15780.xml">coen brother</link>film<it>gambit</it>star<link ns0:type="simple" ns0:href="../942/39942.xml">jennif aniston</link><actor wordnetid="109765278" confidence="0.9508927676800064"><link ns0:type="simple" ns0:href="../409/170409.xml">colin firth</link></actor>sir<person wordnetid="100007846" confidence="0.9508927676800064"><actor wordnetid="109765278" confidence="0.9173553029164789"><link ns0:type="simple" ns0:href="../480/168480.xml">ben kingsley</link></actor></person></p><p>fall announc lisa will muchanticip return televis star alonsid<person wordnetid="100007846" confidence="0.9508927676800064"><actor wordnetid="109765278" confidence="0.9508927676800064"><link ns0:type="simple" ns0:href="../156/79156.xml">harvey keitel</link></actor></person>abc drama<it><series wordnetid="108457976" confidence="0.9508927676800064"><link ns0:type="simple" ns0:href="../763/10397763.xml">life mar</link></series></it></p></sec><sec><st>filmographi</st><p><list><entry level="1" type="bullet"><it><movie wordnetid="106613686" confidence="0.9508927676800064"><link ns0:type="simple" ns0:href="../682/673682.xml">angel heart</link></movie></it></entry><entry level="1" type="bullet"><it><link>bank robber</link></it></entry><entry level="1" type="bullet"><it><link>eden</link></it></entry><entry level="1" type="bullet"><it><link>dead connect</link></it></entry><entry level="1" type="bullet"><it><movie wordnetid="106613686" confidence="0.9508927676800064"><link ns0:type="simple" ns0:href="../771/684771.xml">enemi</link></movie></it></entry><entry level="1" type="bullet"><it><album wordnetid="106591815" confidence="0.9508927676800064"><movie wordnetid="106613686" confidence="0.9508927676800064"><link ns0:type="simple" ns0:href="../047/160047.xml">high fidel</link></movie></album></it></entry><entry level="1" type="bullet"><it><movie wordnetid="106613686" confidence="0.9508927676800064"><link ns0:type="simple" ns0:href="../011/11854011.xml">lath heaven</link></movie></it></entry><entry level="1" type="bullet"><it><movie wordnetid="106613686" confidence="0.9508927676800064"><link ns0:type="simple" ns0:href="../335/1779335.xml">biker boyz</link></movie></it></entry><entry level="1" type="bullet"><it><link>whitepaddi</link></it></entry></list></p></sec><sec><st>trivia</st><p><list><entry level="1" type="bullet"><link ns0:type="simple" ns0:href="../114/2632114.xml">hiphop</link>album dedic lisa bonet call creat<artist wordnetid="109812338" confidence="0.9508927676800064"><link ns0:type="simple" ns0:href="../834/5541834.xml">slug</link></artist><group wordnetid="100031264" confidence="0.8"><link ns0:type="simple" ns0:href="../791/502791.xml">atmospher</link></group><artist wordnetid="109812338" confidence="0.9508927676800064"><link ns0:type="simple" ns0:href="../852/283852.xml">mur</link></artist>live legend produc<physical_entity wordnetid="100001930" confidence="0.8"><person wordnetid="100007846" confidence="0.8"><manufacturer wordnetid="110292316" confidence="0.8"><maker wordnetid="110284064" confidence="0.8"><causal_agent wordnetid="100007347" confidence="0.8"><creator wordnetid="109614315" confidence="0.8"><link ns0:type="simple" ns0:href="../406/6529406.xml">ant</link></creator></causal_agent></maker></manufacturer></person></physical_entity>atmospher releas<link ns0:type="simple" ns0:href="../971/15971.xml">juli</link><link ns0:type="simple" ns0:href="../984/35984.xml" /></entry></list></p></sec><sec><st>refer</st><p><reflist><entry id="1"><weblink ns0:type="simple" ns0:href="http://www.celebritywonder.com/html/lisabonet.html">lisa bonet pictur profil gossip news celebritywondercom</weblink></entry><entry id="2">cooper carol<weblink ns0:type="simple" ns0:href="http://findarticles.com/p/articles/mi_m1264/is_n10_v20/ai_8320587">love rule lisa bonet husband lenni kravitz</weblink>essenc magazin retriev<link /></entry><entry id="3">westbrook carolin<link /><weblink ns0:type="simple" ns0:href="http://www.somethingjewish.co.uk/articles/387_lisa_bonet.htm">lisa bonet</weblink>somethingjewish retriev<link /></entry><entry id="4">httpwwwfindarticlescomparticlesmi_mis_n_vai_</entry><entry id="5">httpwwwcelebritybabiescomupdateadaughthtml</entry><entry id="6"><weblink ns0:type="simple" ns0:href="http://www.celebritybabyscoop.com/celebrity_baby_scoop/2007/07/its-a-girl-fo-1.html">celebr babi scoop</weblink></entry><entry id="7">httpquerynytimescomgstfullpagehtmlresbdeedafdfaca rate upheld<it>angel heart</it></entry></reflist></p></sec><sec><st>extern link</st><p><list><entry level="1" type="bullet"><weblink ns0:type="simple" ns0:href="http://www.imdb.com/name/nm0000956/">lisa bonet</weblink><web_site wordnetid="106359193" confidence="0.9508927676800064"><link ns0:type="simple" ns0:href="../554/2855554.xml">internet movi databas</link></web_site></entry><entry level="1" type="bullet"><weblink ns0:type="simple" ns0:href="http://www.allmovie.com/cg/avg.dll?p=avg sql=2:7255">lisa bonet</weblink><web_site wordnetid="106359193" confidence="0.9508927676800064"><link ns0:type="simple" ns0:href="../027/1135027.xml">allmovi</link></web_site></entry></list></p></sec></bdy></actor></vegetarian></entity></article>