<article xmlns:ns0="http://www.w3.org/1999/xlink"><person confidence="0.9508927676800064" wordnetid="100007846"><entity confidence="0.9511911446218017" wordnetid="100001740"><actor confidence="0.9508927676800064" wordnetid="109765278"><header><title>andi devin</title><id /><revision><id /><timestamp>tz</timestamp><contributor><username>ahmartin</username><id /></contributor></revision><categories><category>american film actor</category><category>golden boot award winner</category><category>death leukemia</category><category>american radio actor</category><category>american televis actor</category><category>cancer death california</category><category>irishamerican</category><category>death</category><category>birth</category><category>peopl flagstaff arizona</category><category>western film actor</category></categories></header><bdy><template><name>infobox actor</name><parameters><image width="150px" src="Andy_Devine_in_A_Star_is_Born.jpg"><caption>film<it><movie wordnetid="106613686" confidence="0.9508927676800064"><link ns0:type="simple" ns0:href="../569/3450569.xml">star born</link></movie></it></caption></image><location><village wordnetid="108672738" confidence="0.9508927676800064"><link ns0:type="simple" ns0:href="../554/57554.xml">flagstaff</link></village><symbol wordnetid="106806469" confidence="0.9508927676800064"><link ns0:type="simple" ns0:href="../961/1961.xml">arizona</link></symbol><body wordnetid="107965085" confidence="0.8"><social_group wordnetid="107950920" confidence="0.8"><political_orientation wordnetid="106212839" confidence="0.8"><colony wordnetid="108374049" confidence="0.8"><state wordnetid="108168978" confidence="0.8"><political_unit wordnetid="108359949" confidence="0.8"><group wordnetid="100031264" confidence="0.8"><democracy wordnetid="106217103" confidence="0.8"><link ns0:type="simple" ns0:href="../750/3434750.xml" /></democracy></group></political_unit></state></colony></political_orientation></social_group></body></location><name>andi devin</name><bgcolour>silver</bgcolour><birthdate>octob</birthdate><imagesize>px</imagesize><birthname>andrew vabr devin</birthname><deathdate>februari age</deathdate><deathplace><village wordnetid="108672738" confidence="0.9508927676800064"><link ns0:type="simple" ns0:href="../827/107827.xml">orang</link></village><country wordnetid="108544813" confidence="0.9508927676800064"><link ns0:type="simple" ns0:href="../407/5407.xml">california</link></country><body wordnetid="107965085" confidence="0.8"><social_group wordnetid="107950920" confidence="0.8"><political_orientation wordnetid="106212839" confidence="0.8"><colony wordnetid="108374049" confidence="0.8"><state wordnetid="108168978" confidence="0.8"><political_unit wordnetid="108359949" confidence="0.8"><group wordnetid="100031264" confidence="0.8"><democracy wordnetid="106217103" confidence="0.8"><link ns0:type="simple" ns0:href="../750/3434750.xml" /></democracy></group></political_unit></state></colony></political_orientation></social_group></body></deathplace></parameters></template><p>english actor<physical_entity wordnetid="100001930" confidence="0.8"><person wordnetid="100007846" confidence="0.8"><performer wordnetid="110415638" confidence="0.8"><causal_agent wordnetid="100007347" confidence="0.8"><actor wordnetid="109765278" confidence="0.8"><entertainer wordnetid="109616922" confidence="0.8"><link ns0:type="simple" ns0:href="../649/6451649.xml">andi devin english actor</link></entertainer></actor></causal_agent></performer></person></physical_entity></p><p>andrew vabr andi devin<link ns0:type="simple" ns0:href="../446/22446.xml">octob</link><link ns0:type="simple" ns0:href="../637/34637.xml" /><link ns0:type="simple" ns0:href="../363/11363.xml">februari</link><link ns0:type="simple" ns0:href="../549/34549.xml" />rotund raspyvo american<link ns0:type="simple" ns0:href="../282/383282.xml">charact actor</link>comic cowboy<link ns0:type="simple" ns0:href="../351/99351.xml">sidekick</link></p><sec><st>life work</st><p>born<village wordnetid="108672738" confidence="0.9508927676800064"><link ns0:type="simple" ns0:href="../554/57554.xml">flagstaff arizona</link></village>octob andi devin grew nearbi<village wordnetid="108672738" confidence="0.9508927676800064"><link ns0:type="simple" ns0:href="../674/106674.xml">kingman</link></village>famili move year father thoma devin jr born<county wordnetid="108546183" confidence="0.9508927676800064"><link ns0:type="simple" ns0:href="../082/95082.xml">kalamazoo counti michigan</link></county>andi grandfath thoma devin sr born tipperari counti ireland immigr unit andi mother ami ward granddaught command<skilled_worker wordnetid="110605985" confidence="0.8"><physical_entity wordnetid="100001930" confidence="0.8"><person wordnetid="100007846" confidence="0.8"><intellectual wordnetid="109621545" confidence="0.8"><worker wordnetid="109632518" confidence="0.8"><alumnus wordnetid="109786338" confidence="0.8"><causal_agent wordnetid="100007347" confidence="0.8"><serviceman wordnetid="110582746" confidence="0.8"><scholar wordnetid="110557854" confidence="0.8"><military_officer wordnetid="110317007" confidence="0.8"><link ns0:type="simple" ns0:href="../377/1155377.xml">jame ward</link></military_officer></scholar></serviceman></causal_agent></alumnus></worker></intellectual></person></physical_entity></skilled_worker>offic unit navi kill civil war</p><p>star<link ns0:type="simple" ns0:href="../490/18951490.xml">footbal</link>player<university wordnetid="108286163" confidence="0.9508927676800064"><link ns0:type="simple" ns0:href="../375/390375.xml">ball univers</link></university>play semiprofession footbal<link ns0:type="simple" ns0:href="../594/40594.xml">pseudonym</link>jeremiah schwartz<it />birth erron report footbal experi led film role<link ns0:type="simple" ns0:href="../956/26956.xml">silent film</link><it>fight footbal cardin</it></p><p>john ford direct pictur univers studio doctor bull andi met wife dorothi hous marri octob<village wordnetid="108672738" confidence="0.9508927676800064"><link ns0:type="simple" ns0:href="../737/47737.xml">la vega nevada</link></village>remain unit death februari</p><p>thought peculiar voic prevent move talki trademark strongest sell point devin told peopl speech result childhood accid stori run curtain rod mouth fell instrument pierc roof mouth final speak wheez duoton voic famou actor biograph explain wasnt true stori voic fabric devin<ref ns0:type="simple" ns0:href="#xpointer(//reflist/entry[@id=%221%22])" />devin son tad told encor western channel interview jim beaver report newport beach film festiv accid happen andi devin uncertain actual uniqu vocal qualiti</p></sec><sec><st>film radio televis</st><p>appear film share<person wordnetid="100007846" confidence="0.9508927676800064"><actor wordnetid="109765278" confidence="0.9508927676800064"><link ns0:type="simple" ns0:href="../177/477177.xml">walter brennan</link></actor></person>charact actor rare abil move eas<link ns0:type="simple" ns0:href="../391/105391.xml" /><link ns0:type="simple" ns0:href="../758/65758.xml">western</link>pictur notabl role includ ten film sidekick cooki<singer wordnetid="110599806" confidence="0.9173553029164789"><actor wordnetid="109765278" confidence="0.9508927676800064"><link ns0:type="simple" ns0:href="../477/186477.xml">roy roger</link></actor></singer>role<it><link ns0:type="simple" ns0:href="../649/334649.xml">romeo juliet</link></it>danni<it><movie wordnetid="106613686" confidence="0.9508927676800064"><link ns0:type="simple" ns0:href="../569/3450569.xml">star born</link></movie></it>appear film<link ns0:type="simple" ns0:href="../103/16103.xml">john wayn</link>includ<it><movie wordnetid="106613686" confidence="0.9508927676800064"><link ns0:type="simple" ns0:href="../122/62122.xml">stagecoach</link></movie></it><it><movie wordnetid="106613686" confidence="0.9508927676800064"><link ns0:type="simple" ns0:href="../936/3626936.xml">island sky</link></movie></it>frighten marshal<it><movie wordnetid="106613686" confidence="0.9508927676800064"><link ns0:type="simple" ns0:href="../089/434089.xml">man shot liberti valanc</link></movie></it>play cheer soldier<it><literary_composition wordnetid="106364329" confidence="0.8"><written_communication wordnetid="106349220" confidence="0.8"><writing wordnetid="106362953" confidence="0.8"><fiction wordnetid="106367107" confidence="0.8"><novel wordnetid="106367879" confidence="0.8"><link ns0:type="simple" ns0:href="../958/61958.xml">red badg courag</link></novel></fiction></writing></written_communication></literary_composition></it>mate ss henrietta<it><link ns0:type="simple" ns0:href="../545/14830545.xml">day</link></it>charact reluct involv action play hero<it>island sky</it>expert pilot lead fellow aviat arduou search miss airplan</p><p>film appear year includ movi<it><movie wordnetid="106613686" confidence="0.9508927676800064"><link ns0:type="simple" ns0:href="../370/14097370.xml">overthehil gang</link></movie></it>coyot bill<it><movie wordnetid="106613686" confidence="0.9508927676800064"><link ns0:type="simple" ns0:href="../517/6782517.xml">myra breckinridg</link></movie></it></p><p>devin work radio wellrememb role jingl<physical_entity wordnetid="100001930" confidence="0.8"><person wordnetid="100007846" confidence="0.8"><performer wordnetid="110415638" confidence="0.8"><causal_agent wordnetid="100007347" confidence="0.8"><actor wordnetid="109765278" confidence="0.8"><entertainer wordnetid="109616922" confidence="0.8"><link ns0:type="simple" ns0:href="../247/1510247.xml">guy madison</link></entertainer></actor></causal_agent></performer></person></physical_entity>sidekick<it><beginning wordnetid="100235435" confidence="0.8"><change wordnetid="100191142" confidence="0.8"><show wordnetid="100520257" confidence="0.8"><entertainment wordnetid="100429048" confidence="0.8"><ending wordnetid="106308765" confidence="0.8"><morpheme wordnetid="106306233" confidence="0.8"><change_of_state wordnetid="100199130" confidence="0.8"><diversion wordnetid="100426928" confidence="0.8"><event wordnetid="100029378" confidence="0.8"><action wordnetid="100037396" confidence="0.8"><part wordnetid="113809207" confidence="0.8"><act wordnetid="100030358" confidence="0.8"><psychological_feature wordnetid="100023100" confidence="0.8"><activity wordnetid="100407535" confidence="0.8"><introduction wordnetid="100238022" confidence="0.8"><language_unit wordnetid="106284225" confidence="0.8"><link ns0:type="simple" ns0:href="../720/568720.xml">adventur wild bill hickok</link></language_unit></introduction></activity></psychological_feature></act></part></action></event></diversion></change_of_state></morpheme></ending></entertainment></show></change></beginning></it>devin madison repris televis appear time<person wordnetid="100007846" confidence="0.9508927676800064"><presenter wordnetid="110466387" confidence="0.9508927676800064"><link ns0:type="simple" ns0:href="../587/82587.xml">jack benni</link></presenter></person>radio appear benni semiregular western seri sketch buck benni ride</p><p>devin work televis play hap tv seri<it><series wordnetid="108457976" confidence="0.9508927676800064"><link ns0:type="simple" ns0:href="../165/1660165.xml">flipper</link></series></it>host children tv<it><link ns0:type="simple" ns0:href="../578/160578.xml">andi gang</link></it>star<it><series wordnetid="108457976" confidence="0.9508927676800064"><link ns0:type="simple" ns0:href="../389/1409389.xml">twilight zone</link></series></it>episod frisbi talk fibster face alien invas call<link ns0:type="simple" ns0:href="../249/3074249.xml">hocuspocu frisbi</link>frequent guest star televis</p><p>final devin perform voic part<link ns0:type="simple" ns0:href="../593/593.xml">anim film</link>includ<fictional_character wordnetid="109587565" confidence="0.8"><imaginary_being wordnetid="109483738" confidence="0.8"><link ns0:type="simple" ns0:href="../981/18833981.xml">friar tuck</link></imaginary_being></fictional_character><person wordnetid="100007846" confidence="0.9508927676800064"><film_maker wordnetid="110088390" confidence="0.9173553029164789"><actor wordnetid="109765278" confidence="0.9508927676800064"><link ns0:type="simple" ns0:href="../917/32917.xml">disney</link></actor></film_maker></person><it><movie wordnetid="106613686" confidence="0.9508927676800064"><link ns0:type="simple" ns0:href="../180/982180.xml">robin hood</link></movie></it>provid voic corneliu rooster<link ns0:type="simple" ns0:href="../895/181895.xml">kellogg corn flake</link>tv commerci</p><p>devin<region wordnetid="108630985" confidence="0.8"><area wordnetid="108497294" confidence="0.8"><administrative_district wordnetid="108491826" confidence="0.8"><seat wordnetid="108647616" confidence="0.8"><location wordnetid="100027167" confidence="0.8"><municipality wordnetid="108626283" confidence="0.8"><geographical_area wordnetid="108574314" confidence="0.8"><space wordnetid="108652970" confidence="0.8"><district wordnetid="108552138" confidence="0.8"><urban_area wordnetid="108675967" confidence="0.8"><city wordnetid="108524735" confidence="0.8"><link ns0:type="simple" ns0:href="../682/115682.xml">monro louisiana</link></city></urban_area></district></space></geographical_area></municipality></location></seat></administrative_district></area></region>request<link>georg brian</link>actor filmmak head theater depart louisiana univers perform<writer wordnetid="110794014" confidence="0.9508927676800064"><dramatist wordnetid="110030277" confidence="0.9173553029164789"><novelist wordnetid="110363573" confidence="0.9173553029164789"><link ns0:type="simple" ns0:href="../283/37283.xml">edna ferber</link></novelist></dramatist></writer><it><musical wordnetid="107019172" confidence="0.9508927676800064"><link ns0:type="simple" ns0:href="../885/429885.xml">boat</link></musical></it></p><p>devin die<link ns0:type="simple" ns0:href="../539/18539.xml">leukemia</link><link ns0:type="simple" ns0:href="../363/11363.xml">februari</link><link ns0:type="simple" ns0:href="../549/34549.xml" />age<village wordnetid="108672738" confidence="0.9508927676800064"><link ns0:type="simple" ns0:href="../827/107827.xml">orang california</link></village>main street town kingman renam andi devin avenu honor career highlight mohav museum histori art kingman star honor<position wordnetid="108621598" confidence="0.8"><passageway wordnetid="103895585" confidence="0.8"><point wordnetid="108620061" confidence="0.8"><landmark wordnetid="108624891" confidence="0.8"><artifact wordnetid="100021939" confidence="0.8"><passage wordnetid="103895293" confidence="0.8"><location wordnetid="100027167" confidence="0.8"><corridor wordnetid="103112099" confidence="0.8"><way wordnetid="104564698" confidence="0.8"><hallway wordnetid="103479952" confidence="0.8"><link ns0:type="simple" ns0:href="../776/105776.xml">hollywood walk fame</link></hallway></way></corridor></location></passage></artifact></landmark></point></passageway></position></p></sec><sec><st>quotat</st><p><list><entry level="1" type="bullet">ask strang node vocal cord devin repli ive node<person wordnetid="100007846" confidence="0.9508927676800064"><singer wordnetid="110599806" confidence="0.9173553029164789"><actor wordnetid="109765278" confidence="0.9173553029164789"><artist wordnetid="109812338" confidence="0.9508927676800064"><link ns0:type="simple" ns0:href="../010/4010.xml">bing crosbi</link></artist></actor></singer></person>tune</entry></list></p></sec><sec><st>refer</st><p><reflist><entry id="1">link httpwwwfroggythegremlincom</entry></reflist></p></sec><sec><st /><p><list><entry level="1" type="bullet"><chordate wordnetid="101466257" confidence="0.8"><frog wordnetid="101639765" confidence="0.8"><vertebrate wordnetid="101471682" confidence="0.8"><amphibian wordnetid="101627424" confidence="0.8"><animal wordnetid="100015388" confidence="0.8"><link ns0:type="simple" ns0:href="../774/6997774.xml">froggi gremlin</link></animal></amphibian></vertebrate></frog></chordate></entry></list></p></sec><sec><st>extern link</st><p><list><entry level="1" type="bullet"><weblink ns0:type="simple" ns0:href="http://www.imdb.com/name/nm0222596/">andi devin</weblink><web_site wordnetid="106359193" confidence="0.9508927676800064"><link ns0:type="simple" ns0:href="../554/2855554.xml">internet movi databas</link></web_site></entry><entry level="1" type="bullet"><weblink ns0:type="simple" ns0:href="http://www.what-a-character.com/cgi-bin/display.cgi?id=982797095">charact andi devin</weblink></entry><entry level="1" type="bullet"><weblink ns0:type="simple" ns0:href="http://www.findagrave.com/cgi-bin/fg.cgi?page=gr GRid=3955">andi devin</weblink><web_site wordnetid="106359193" confidence="0.9508927676800064"><link ns0:type="simple" ns0:href="../447/2906447.xml">find grave</link></web_site></entry></list></p><p><table id="persondata" class="persondata"><header colspan="2" /><row><col class="persondata-label" /><col>devin andi</col></row><row><col class="persondata-label">altern name</col><col>devin andrew vabr</col></row><row><col class="persondata-label">short descript</col><col><link ns0:type="simple" ns0:href="../753/753.xml">actor</link></col></row><row><col class="persondata-label">birth</col><col /></row><row><col class="persondata-label">place birth</col><col><village wordnetid="108672738" confidence="0.9508927676800064"><link ns0:type="simple" ns0:href="../554/57554.xml">flagstaff</link></village><symbol wordnetid="106806469" confidence="0.9508927676800064"><link ns0:type="simple" ns0:href="../961/1961.xml">arizona</link></symbol><body wordnetid="107965085" confidence="0.8"><social_group wordnetid="107950920" confidence="0.8"><political_orientation wordnetid="106212839" confidence="0.8"><colony wordnetid="108374049" confidence="0.8"><state wordnetid="108168978" confidence="0.8"><political_unit wordnetid="108359949" confidence="0.8"><group wordnetid="100031264" confidence="0.8"><democracy wordnetid="106217103" confidence="0.8"><link ns0:type="simple" ns0:href="../750/3434750.xml" /></democracy></group></political_unit></state></colony></political_orientation></social_group></body></col></row><row><col class="persondata-label">death</col><col /></row><row><col class="persondata-label">place death</col><col><village wordnetid="108672738" confidence="0.9508927676800064"><link ns0:type="simple" ns0:href="../827/107827.xml">orang</link></village><country wordnetid="108544813" confidence="0.9508927676800064"><link ns0:type="simple" ns0:href="../407/5407.xml">california</link></country><body wordnetid="107965085" confidence="0.8"><social_group wordnetid="107950920" confidence="0.8"><political_orientation wordnetid="106212839" confidence="0.8"><colony wordnetid="108374049" confidence="0.8"><state wordnetid="108168978" confidence="0.8"><political_unit wordnetid="108359949" confidence="0.8"><group wordnetid="100031264" confidence="0.8"><democracy wordnetid="106217103" confidence="0.8"><link ns0:type="simple" ns0:href="../750/3434750.xml" /></democracy></group></political_unit></state></colony></political_orientation></social_group></body></col></row></table></p></sec></bdy></actor></entity></person></article>