<article xmlns:ns0="http://www.w3.org/1999/xlink"><organization confidence="0.9511911446218017" wordnetid="108008335"><header><title>nation ffa organ</title><id /><revision><id /><timestamp>tz</timestamp><contributor><username>davidw</username><id /></contributor></revision><categories><category>youth organ base unit</category><category>agricultur organ</category><category>career technic student organ</category></categories></header><bdy><image location="right" width="150px" src="FFA_logo.jpg" /><b>nation ffa organ</b>american<link ns0:type="simple" ns0:href="../672/398672.xml">youth organ</link><link ns0:type="simple" ns0:href="../046/566046.xml">career technic student organ</link>base middl high school class promot support<link ns0:type="simple" ns0:href="../627/627.xml">agricultur</link><link ns0:type="simple" ns0:href="../252/9252.xml">educ</link>organ found<b>futur farmer america</b>member chapter puerto rico guam virgin island ffa longer stand futur farmer america nation ffa organ<p>group hold<link ns0:type="simple" ns0:href="../830/11949830.xml">congression charter</link><document wordnetid="106470073" confidence="0.8"><legal_document wordnetid="106479665" confidence="0.8"><written_communication wordnetid="106349220" confidence="0.8"><writing wordnetid="106362953" confidence="0.8"><link ns0:type="simple" ns0:href="../789/9398789.xml">titl unit code</link></writing></written_communication></legal_document></document></p><sec><st>ffa</st><p><b>ffa</b>acronym futur farmer america organ effort broaden potenti membership youth work tradit product agricultur chang offici futur farmer america nation ffa organ offici name nation ffa organ high school student compet event call career develop event cde supervis agricultur experi sae program leadership develop event lde program design broaden student abil experi field agricultur student supervis agricultur educ teacher cooper parent employ adult assist individu develop achiev educ career goal</p></sec><sec><st>ffa structur</st><p>ffa repres level nation chang basic level nation level serv unit america level serv individu chapter level serv school set school area level includ name district section region</p><p>origin creat serv high school student ffa move elementari allow member activ earlier stay activ longer chapter charter associ nation organ collegi chapter exist well</p><p>higher level ffa hold convent year member inspir renew faith agricultur compet contest nation ffa convent held year origin held<village wordnetid="108672738" confidence="0.9508927676800064"><link ns0:type="simple" ns0:href="../454/17454.xml">kansa citi missouri</link></village>move<village wordnetid="108672738" confidence="0.9508927676800064"><link ns0:type="simple" ns0:href="../592/58592.xml">louisvil kentucki</link></village>year current held<region wordnetid="108630985" confidence="0.8"><center wordnetid="108523483" confidence="0.8"><area wordnetid="108497294" confidence="0.8"><location wordnetid="100027167" confidence="0.8"><event wordnetid="100029378" confidence="0.8"><social_event wordnetid="107288639" confidence="0.8"><show wordnetid="106619065" confidence="0.8"><psychological_feature wordnetid="100023100" confidence="0.8"><attraction wordnetid="106615561" confidence="0.8"><link ns0:type="simple" ns0:href="../459/7584459.xml">indiana convent center</link></attraction></psychological_feature></show></social_event></event></location></area></center></region><village wordnetid="108672738" confidence="0.9508927676800064"><link ns0:type="simple" ns0:href="../707/57707.xml">indianapoli indiana</link></village><link ns0:type="simple" ns0:href="../164/36164.xml" /><fundamental_quantity wordnetid="113575869" confidence="0.8"><time_period wordnetid="115113229" confidence="0.8"><year wordnetid="115203791" confidence="0.8"><link ns0:type="simple" ns0:href="../374/47374.xml" /></year></time_period></fundamental_quantity><ref ns0:type="simple" ns0:href="#xpointer(//reflist/entry[@id=%221%22])" /></p></sec><sec><st>degre</st><p>level ffa award degre membership level signifi individu member accomplish recogn degre membership<list><entry level="1" type="bullet">discoveri ffa degre award middl school student understand ffa knowledg</entry><entry level="1" type="bullet">greenhand ffa degre award high school ffa member recit ffa creed form sae plan</entry><entry level="1" type="bullet">chapter ffa degre chapter farmer award chapter basi hour work andor money earn sae</entry><entry level="1" type="bullet">ffa degre farmer award base hour work andor money earn sae</entry><entry level="1" type="bullet">american ffa degre american farmer award nation ffa organ highest degre member attain</entry></list></p></sec><sec><st>offic ffa</st><p>ffa memberl organ intend serv youth nation elect offic divers membership level ffa chapter level level offic elect</p><p><list><entry level="1" type="bullet">presid</entry><entry level="1" type="bullet">vice presid</entry><entry level="1" type="bullet">secretari</entry><entry level="1" type="bullet">treasur</entry><entry level="1" type="bullet">report</entry><entry level="1" type="bullet">sentinel</entry></list></p><p>offic includ<list><entry level="1" type="bullet">parliamentarian</entry><entry level="1" type="bullet">chaplain</entry><entry level="1" type="bullet">historian</entry></list></p><p>offic agricultur student hold respons need serv elect year member respect level</p><p>nation level offic elect<list><entry level="1" type="bullet">presid</entry><entry level="1" type="bullet">secretari</entry><entry level="1" type="bullet">eastern region vicepresid</entry><entry level="1" type="bullet">southern region vicepresid</entry><entry level="1" type="bullet">central region vicepresid</entry><entry level="1" type="bullet">western region vicepresid</entry></list></p><p>allow offic elect nation region ffa well presid secretari</p></sec><sec><st>offici ffa dress</st><p>recogniz symbol organ blue jacket worn current ffa member origin creat worn fredericktown band fredericktown ffa chapter dr gu lintner offici ffa jacket organ offici dress offici dress member</p><p>male<list><entry level="1" type="bullet">black slack</entry><entry level="1" type="bullet">white collar buttonup shirt tuck</entry><entry level="1" type="bullet">offici ffa tie</entry><entry level="1" type="bullet">black dress shoe</entry><entry level="1" type="bullet">black sock</entry><entry level="1" type="bullet">offici ffa jacket zip top</entry></list></p><p>femal<list><entry level="1" type="bullet">kneelength black skirt black slack</entry><entry level="1" type="bullet">white collar buttondown blous tuck</entry><entry level="1" type="bullet">offici ffa blue scarf</entry><entry level="1" type="bullet">black closedto heel dress shoe</entry><entry level="1" type="bullet">offici ffa jacket zip top</entry><entry level="1" type="bullet">black nylon hosieri</entry></list></p><p>member time ffa work earn metal pin place jacket award includ contest pin profici award pin front jacket includ highest offic highest award highest degre degre pin includ discoveri greenhand chapter american offic includ presid vice presid report secretari treasur sentinel historian chaplin parliamentarian appoint posit member earn american ffa degre pin display degre chain hung jacket front pin display case member hold american degre degre remov</p><p>year ffa jacket form color chang supplier newer design specif allow jacket fit awkwardli color turn deep purpl orang emblem effort nation ffa campaign blue will redesign ffa jacket origin crisp blue color addit cost jacket lower origin design element restor special stitch jacket produc strict standard qualiti</p></sec><sec><st>ffa trademark</st><p>organ ffa tradit trademark identifi agricultur educ organ</p><p>ffa motto</p><p><indent level="1">learn</indent>learn<indent level="1">earn live</indent>live serv</p><p>ffa mission nation ffa organ dedic make posit differ live student develop potenti premier leadership person growth career success agricultur educ</p><p>offici ffa color nation blue corn gold worn offici ffa jacket</p></sec><sec><st>ffa creed</st><p>ffa creed written erwin milton em tiffani wisconsin nation convent ffa revis convent convent recit member organ reflect grow belief agricultur agricultur educ memor recit earn greenhand degre</p><p><it>futur agricultur faith born deed achiev won gener agriculturist promis better day better way better thing enjoy struggl year</it></p><p><it>live work good farm engag agricultur pursuit pleasant well challeng joy discomfort agricultur life hold inborn fond associ hour discourag deni</it></p><p><it>leadership respect abil work effici clearli knowledg skill secur abil progress agriculturalist serv public interest produc market product toil</it></p><p><it>depend beg power bargain life abund honest wealth help sofor well chariti need happi play squar happi depend</it></p><p><it>american agricultur will hold true best tradit nation life exert influenc commun will stand solid inspir task</it></p></sec><sec><st>career develop event</st><p>ffa career develop event cde contest member compet test skill learn agricultur educ instruct vari level ffa compet level</p><p>nation level cde<list><entry level="1" type="bullet">ag commun</entry><entry level="1" type="bullet">ag issu</entry><entry level="1" type="bullet">ag mechan small engin tractor troubl shoot</entry><entry level="1" type="bullet">ag sale</entry><entry level="1" type="bullet">agronomi insect seed</entry><entry level="1" type="bullet">creed speak</entry><entry level="1" type="bullet">dairi cattl</entry><entry level="1" type="bullet">dairi product</entry><entry level="1" type="bullet">dairi handler activ</entry><entry level="1" type="bullet">environment natur resourc</entry><entry level="1" type="bullet">extemporan public speak</entry><entry level="1" type="bullet">farm busi manag</entry><entry level="1" type="bullet">floricultur</entry><entry level="1" type="bullet">food scienc technolog</entry><entry level="1" type="bullet">forestri</entry><entry level="1" type="bullet">greenhand knowledg bowl</entry><entry level="1" type="bullet">hors evalu</entry><entry level="1" type="bullet">job interview</entry><entry level="1" type="bullet">land</entry><entry level="1" type="bullet">livestock evalu</entry><entry level="1" type="bullet">market plan</entry><entry level="1" type="bullet">meat evalu technolog</entry><entry level="1" type="bullet">nurserylandscap</entry><entry level="1" type="bullet">parliamentari procedur</entry><entry level="1" type="bullet">poultri evalu</entry><entry level="1" type="bullet">prepar public speak</entry></list></p></sec><sec><st>supervis agricultur experi program</st><p>activ member nation ffa organ member supervis agricultur experi sae project project involv handson applic concept principl learn agricultur educ classroom guidelin sae project govern ffa deleg sae program group area<list><entry level="1" type="bullet">exploratori learn big pictur agricultur career</entry><entry level="1" type="bullet">researchexperiment analysi conduct analysi discov knowledg</entry><entry level="1" type="bullet">ownershipentrepreneurship plan oper agriculturerel busi</entry><entry level="1" type="bullet">placement work pay experi agricultur set</entry></list></p></sec><sec><st>promin member</st><p><list><entry level="1" type="bullet"><politician wordnetid="110451263" confidence="0.9173553029164789"><president wordnetid="110468559" confidence="0.9508927676800064"><person wordnetid="100007846" confidence="0.9508927676800064"><naval_officer wordnetid="110347593" confidence="0.9173553029164789"><farmer wordnetid="110078806" confidence="0.9173553029164789"><mediator wordnetid="109624559" confidence="0.9173553029164789"><writer wordnetid="110794014" confidence="0.9173553029164789"><link ns0:type="simple" ns0:href="../992/15992.xml">jimmi carter</link></writer></mediator></farmer></naval_officer></person></president></politician><link ns0:type="simple" ns0:href="../113/24113.xml">presid</link></entry><entry level="1" type="bullet"><senator wordnetid="110578471" confidence="0.9508927676800064"><link ns0:type="simple" ns0:href="../121/367121.xml">sam brownback</link></senator>senat nation ffa vice presid</entry><entry level="1" type="bullet"><physical_entity wordnetid="100001930" confidence="0.8"><unfortunate wordnetid="109630641" confidence="0.8"><person wordnetid="100007846" confidence="0.8"><farmer wordnetid="110078806" confidence="0.8"><victim wordnetid="110752093" confidence="0.8"><rancher wordnetid="110506417" confidence="0.8"><causal_agent wordnetid="100007347" confidence="0.8"><creator wordnetid="109614315" confidence="0.8"><link ns0:type="simple" ns0:href="../319/1183319.xml">jerri litton</link></creator></causal_agent></rancher></victim></farmer></person></unfortunate></physical_entity>nation ffa secretari congressman<region wordnetid="108630985" confidence="0.8"><administrative_district wordnetid="108491826" confidence="0.8"><location wordnetid="100027167" confidence="0.8"><district wordnetid="108552138" confidence="0.8"><country wordnetid="108544813" confidence="0.8"><link ns0:type="simple" ns0:href="../571/19571.xml">missouri</link></country></district></location></administrative_district></region></entry><entry level="1" type="bullet">kirbi barrick dean colleg agricultur life scienc<university wordnetid="108286163" confidence="0.9508927676800064"><ranking wordnetid="114429484" confidence="0.9508927676800064"><link ns0:type="simple" ns0:href="../ago/Near_N$orth_S$ide=2C_C$hicago.xml">univers florida</link></ranking></university>ohio presid</entry><entry level="1" type="bullet"><congressman wordnetid="109955781" confidence="0.9508927676800064"><link ns0:type="simple" ns0:href="../239/984239.xml">we watkin</link></congressman><link ns0:type="simple" ns0:href="../510/19468510.xml">congressman</link>oklahoma presid</entry><entry level="1" type="bullet"><real_estate_broker wordnetid="110509810" confidence="0.9173553029164789"><congressman wordnetid="109955781" confidence="0.9508927676800064"><link ns0:type="simple" ns0:href="../958/410958.xml">jeff miller</link></congressman></real_estate_broker>congessman florida vice presid</entry><entry level="1" type="bullet"><congressman wordnetid="109955781" confidence="0.9508927676800064"><link ns0:type="simple" ns0:href="../924/9374924.xml">don fuqua</link></congressman>congressman florida presid</entry><entry level="1" type="bullet">frank atkisson member florida legislatur florida vice presid</entry><entry level="1" type="bullet"><cartoonist wordnetid="109898346" confidence="0.9173553029164789"><person wordnetid="100007846" confidence="0.9508927676800064"><link ns0:type="simple" ns0:href="../230/132230.xml">jim davi</link></person></cartoonist>creator garfield comic strip</entry><entry level="1" type="bullet">benjamin ivey graphic design design ms baptist convent board</entry><entry level="1" type="bullet"><person wordnetid="100007846" confidence="0.9508927676800064"><artist wordnetid="109812338" confidence="0.9508927676800064"><link ns0:type="simple" ns0:href="../964/487964.xml">trace adkin</link></artist></person>music entertain</entry><entry level="1" type="bullet"><artist wordnetid="109812338" confidence="0.9508927676800064"><link ns0:type="simple" ns0:href="../989/339989.xml">don henley</link></artist>music entertain</entry><entry level="1" type="bullet"><link ns0:type="simple" ns0:href="../178/1155178.xml">jare hess</link>director napoleon dynamit</entry><entry level="1" type="bullet"><songwriter wordnetid="110624540" confidence="0.9173553029164789"><manufacturer wordnetid="110292316" confidence="0.9173553029164789"><singer wordnetid="110599806" confidence="0.9173553029164789"><actor wordnetid="109765278" confidence="0.9173553029164789"><artist wordnetid="109812338" confidence="0.9508927676800064"><link ns0:type="simple" ns0:href="../705/437705.xml">lyle lovett</link></artist></actor></singer></manufacturer></songwriter>music entertain</entry><entry level="1" type="bullet"><person wordnetid="100007846" confidence="0.9508927676800064"><musician wordnetid="110340312" confidence="0.9173553029164789"><artist wordnetid="109812338" confidence="0.9508927676800064"><link ns0:type="simple" ns0:href="../336/525336.xml">tim mcgraw</link></artist></musician></person>music entertain</entry><entry level="1" type="bullet"><link ns0:type="simple" ns0:href="../026/170026.xml">john cougar mellencamp</link>music entertain</entry><entry level="1" type="bullet"><link ns0:type="simple" ns0:href="../667/8097667.xml">craig morgan</link>music entertain</entry><entry level="1" type="bullet"><person wordnetid="100007846" confidence="0.9508927676800064"><artist wordnetid="109812338" confidence="0.9508927676800064"><link ns0:type="simple" ns0:href="../709/149709.xml">willi nelson</link></artist></person>music entertain</entry><entry level="1" type="bullet"><link ns0:type="simple" ns0:href="../368/1974368.xml">eddi montgomeri</link>music entertain</entry><entry level="1" type="bullet"><link ns0:type="simple" ns0:href="../958/883958.xml">matthew fox</link>actor best<link ns0:type="simple" ns0:href="../128/502128.xml">lost</link><series wordnetid="108457976" confidence="0.9508927676800064"><link ns0:type="simple" ns0:href="../815/432815.xml">parti</link></series></entry><entry level="1" type="bullet"><person wordnetid="100007846" confidence="0.9508927676800064"><senator wordnetid="110578471" confidence="0.9508927676800064"><link ns0:type="simple" ns0:href="../732/381732.xml">larri craig</link></senator></person>senat nation ffa vice presid</entry><entry level="1" type="bullet"><link ns0:type="simple" ns0:href="../034/545034.xml">john rose</link>tennesse commission agricultur vice presid</entry><entry level="1" type="bullet"><driver wordnetid="110034906" confidence="0.9508927676800064"><link ns0:type="simple" ns0:href="../014/1708014.xml">sterl marlin</link></driver>nascar driver</entry><entry level="1" type="bullet"><link>gu douglass</link>west virginia commission agricultur nation ffa vice presid</entry><entry level="1" type="bullet"><personality wordnetid="104617562" confidence="0.8"><link ns0:type="simple" ns0:href="../374/13390374.xml">orion samuelson</link></personality>radio broadcastor</entry><entry level="1" type="bullet"><link>nichola kristof</link>pulitz prize winner oregon offic</entry><entry level="1" type="bullet"><link>elizabeth kinney</link>oklahoma oklahoma report</entry><entry level="1" type="bullet"><link>kevin breen</link>rhode island senat</entry><entry level="1" type="bullet"><state_senator wordnetid="110650076" confidence="0.9508927676800064"><link ns0:type="simple" ns0:href="../554/15818554.xml">roger bresk</link></state_senator>wisconsin senat</entry><entry level="1" type="bullet"><link ns0:type="simple" ns0:href="../608/451608.xml">harold brubak</link>north carolina repres nation vice presid</entry></list>tobi keith music entertain</p></sec><sec><st>extern link</st><p><list><entry level="1" type="bullet"><weblink ns0:type="simple" ns0:href="http://www.ffa.org">nation ffa organ</weblink></entry><entry level="1" type="bullet"><weblink ns0:type="simple" ns0:href="http://www.ulib.iupui.edu/special/ffa">archiv nation ffa organ</weblink></entry></list></p></sec></bdy></organization></article>