<article xmlns:ns0="http://www.w3.org/1999/xlink"><film_director confidence="0.9173553029164789" wordnetid="110088200"><soldier confidence="0.9511911446218017" wordnetid="110622053"><person confidence="0.9508927676800064" wordnetid="100007846"><republican confidence="0.9511911446218017" wordnetid="110522495"><terror confidence="0.9511911446218017" wordnetid="110702483"><entity confidence="0.9511911446218017" wordnetid="100001740"><libertarian confidence="0.9511911446218017" wordnetid="110257524"><scientist confidence="0.9511911446218017" wordnetid="110560637"><actor confidence="0.9173553029164789" wordnetid="109765278"><director confidence="0.9511911446218017" wordnetid="110014939"><header><title>robert duval</title><id /><revision><id /><timestamp>tz</timestamp><contributor><username>manuel trujillo berg</username><id /></contributor></revision><categories><category>american film actor</category><category>california actor</category><category>golden boot award winner</category><category>best miniseri televis movi actor golden globe winner</category><category>live peopl</category><category>militari brat</category><category>best support actor golden globe film winner</category><category>american christian scientist</category><category>birth</category><category>best actor academi award winner</category><category>peopl san diego california</category><category>unit nation medal art recipi</category><category>american film director</category><category>western film actor</category><category>california republican</category><category>emmi award winner</category><category>american televis actor</category><category>peopl maryland</category><category>unit armi soldier</category><category>best drama actor golden globe film winner</category><category>american libertarian</category></categories></header><bdy><template><name>infobox actor</name><parameters><image width="150px" src="Robert_Duvall_by_David_Shankbone.jpg"><caption>duval<fundamental_quantity wordnetid="113575869" confidence="0.8"><operation wordnetid="100955060" confidence="0.8"><time_period wordnetid="115113229" confidence="0.8"><diversion wordnetid="100426928" confidence="0.8"><event wordnetid="100029378" confidence="0.8"><film_festival wordnetid="100517418" confidence="0.8"><festival wordnetid="100517728" confidence="0.8"><festival wordnetid="115162388" confidence="0.8"><attack wordnetid="100972621" confidence="0.8"><celebration wordnetid="100428000" confidence="0.8"><act wordnetid="100030358" confidence="0.8"><psychological_feature wordnetid="100023100" confidence="0.8"><activity wordnetid="100407535" confidence="0.8"><link ns0:type="simple" ns0:href="../341/2168341.xml">tribeca film festiv</link></activity></psychological_feature></act></celebration></attack></festival></festival></film_festival></event></diversion></time_period></operation></fundamental_quantity></caption></image><occupation><link ns0:type="simple" ns0:href="../753/753.xml">actor</link><link ns0:type="simple" ns0:href="../181/506181.xml">director</link></occupation><sagawards><link ns0:type="simple" ns0:href="../897/3652897.xml">best support actor motion pictur</link><it><movie wordnetid="106613686" confidence="0.9508927676800064"><link ns0:type="simple" ns0:href="../581/1367581.xml">civil action</link></movie></it></sagawards><emmyawards><symbol wordnetid="106806469" confidence="0.8"><award wordnetid="106696483" confidence="0.8"><signal wordnetid="106791372" confidence="0.8"><link ns0:type="simple" ns0:href="../261/4038261.xml">outstand lead actor miniseri movi</link></signal></award></symbol><it><movie wordnetid="106613686" confidence="0.9508927676800064"><link ns0:type="simple" ns0:href="../237/5725237.xml">broken trail</link></movie></it></emmyawards><baftaawards><symbol wordnetid="106806469" confidence="0.8"><award wordnetid="106696483" confidence="0.8"><signal wordnetid="106791372" confidence="0.8"><link ns0:type="simple" ns0:href="../579/8682579.xml">best support actor</link></signal></award></symbol><it><movie wordnetid="106613686" confidence="0.9508927676800064"><link ns0:type="simple" ns0:href="../054/18951054.xml">apocalyps</link></movie></it></baftaawards><goldenglobeawards><symbol wordnetid="106806469" confidence="0.8"><award wordnetid="106696483" confidence="0.8"><signal wordnetid="106791372" confidence="0.8"><link ns0:type="simple" ns0:href="../751/1476751.xml">best support actor motion pictur</link></signal></award></symbol><it><movie wordnetid="106613686" confidence="0.9508927676800064"><link ns0:type="simple" ns0:href="../054/18951054.xml">apocalyps</link></movie></it><symbol wordnetid="106806469" confidence="0.8"><award wordnetid="106696483" confidence="0.8"><signal wordnetid="106791372" confidence="0.8"><link ns0:type="simple" ns0:href="../074/186074.xml">best actor motion pictur drama</link></signal></award></symbol><it><movie wordnetid="106613686" confidence="0.9508927676800064"><link ns0:type="simple" ns0:href="../445/113445.xml">tender merci</link></movie></it><link ns0:type="simple" ns0:href="../826/1476826.xml">best actor miniseri tv movi</link><it><literary_composition wordnetid="106364329" confidence="0.8"><written_communication wordnetid="106349220" confidence="0.8"><writing wordnetid="106362953" confidence="0.8"><fiction wordnetid="106367107" confidence="0.8"><novel wordnetid="106367879" confidence="0.8"><link ns0:type="simple" ns0:href="../534/238534.xml">lonesom dove</link></novel></fiction></writing></written_communication></literary_composition></it><it><link ns0:type="simple" ns0:href="../641/15641.xml">stalin</link></it></goldenglobeawards><birthplace><village wordnetid="108672738" confidence="0.9508927676800064"><link ns0:type="simple" ns0:href="../504/28504.xml">san diego california</link></village><body wordnetid="107965085" confidence="0.8"><social_group wordnetid="107950920" confidence="0.8"><political_orientation wordnetid="106212839" confidence="0.8"><colony wordnetid="108374049" confidence="0.8"><state wordnetid="108168978" confidence="0.8"><political_unit wordnetid="108359949" confidence="0.8"><group wordnetid="100031264" confidence="0.8"><democracy wordnetid="106217103" confidence="0.8"><link ns0:type="simple" ns0:href="../750/3434750.xml">usa</link></democracy></group></political_unit></state></colony></political_orientation></social_group></body></birthplace><spouse>barbara benjamin gail young sharon brophi luciana pedraza</spouse><birthdate>januari age</birthdate><birthname>robert selden duval</birthname><yearsactive /><academyawards><symbol wordnetid="106806469" confidence="0.8"><award wordnetid="106696483" confidence="0.8"><signal wordnetid="106791372" confidence="0.8"><link ns0:type="simple" ns0:href="../163/54163.xml">best actor</link></signal></award></symbol><it><movie wordnetid="106613686" confidence="0.9508927676800064"><link ns0:type="simple" ns0:href="../445/113445.xml">tender merci</link></movie></it></academyawards></parameters></template>robert selden duval born<time_off wordnetid="115118453" confidence="0.8"><fundamental_quantity wordnetid="113575869" confidence="0.8"><time_period wordnetid="115113229" confidence="0.8"><vacation wordnetid="115137890" confidence="0.8"><leisure wordnetid="115137676" confidence="0.8"><link ns0:type="simple" ns0:href="../054/19279054.xml">januari</link></leisure></vacation></time_period></fundamental_quantity></time_off><link ns0:type="simple" ns0:href="../608/34608.xml" /><body wordnetid="107965085" confidence="0.8"><social_group wordnetid="107950920" confidence="0.8"><political_orientation wordnetid="106212839" confidence="0.8"><colony wordnetid="108374049" confidence="0.8"><state wordnetid="108168978" confidence="0.8"><political_unit wordnetid="108359949" confidence="0.8"><group wordnetid="100031264" confidence="0.8"><democracy wordnetid="106217103" confidence="0.8"><link ns0:type="simple" ns0:href="../750/3434750.xml">american</link></democracy></group></political_unit></state></colony></political_orientation></social_group></body><link ns0:type="simple" ns0:href="../571/10571.xml">film</link><link ns0:type="simple" ns0:href="../753/753.xml">actor</link><link ns0:type="simple" ns0:href="../181/506181.xml">director</link>won<award wordnetid="106696483" confidence="0.9508927676800064"><link ns0:type="simple" ns0:href="../324/324.xml">academi award</link></award><link ns0:type="simple" ns0:href="../921/151921.xml">emmi award</link><link>golden globe award</link>appear film<it><movie wordnetid="106613686" confidence="0.9508927676800064"><link ns0:type="simple" ns0:href="../980/4607980.xml">kill mockingbird</link></movie></it><it><movie wordnetid="106613686" confidence="0.9508927676800064"><link ns0:type="simple" ns0:href="../773/2466773.xml">godfath</link></movie></it><it><movie wordnetid="106613686" confidence="0.9508927676800064"><link ns0:type="simple" ns0:href="../875/73875.xml">godfath ii</link></movie></it><it><movie wordnetid="106613686" confidence="0.9508927676800064"><link ns0:type="simple" ns0:href="../054/18951054.xml">apocalyps</link></movie></it><it><movie wordnetid="106613686" confidence="0.9508927676800064"><link ns0:type="simple" ns0:href="../660/11213660.xml">natur</link></movie></it><it><movie wordnetid="106613686" confidence="0.9508927676800064"><link ns0:type="simple" ns0:href="../935/101935.xml">network</link></movie></it><it><movie wordnetid="106613686" confidence="0.9508927676800064"><link ns0:type="simple" ns0:href="../193/31193.xml">thx</link></movie></it><it><movie wordnetid="106613686" confidence="0.9508927676800064"><link ns0:type="simple" ns0:href="../653/913653.xml">mash</link></movie></it><it><movie wordnetid="106613686" confidence="0.9508927676800064"><link ns0:type="simple" ns0:href="../388/164388.xml">great santini</link></movie></it><it><movie wordnetid="106613686" confidence="0.9508927676800064"><link ns0:type="simple" ns0:href="../445/113445.xml">tender merci</link></movie></it><it><literary_composition wordnetid="106364329" confidence="0.8"><written_communication wordnetid="106349220" confidence="0.8"><writing wordnetid="106362953" confidence="0.8"><fiction wordnetid="106367107" confidence="0.8"><novel wordnetid="106367879" confidence="0.8"><link ns0:type="simple" ns0:href="../534/238534.xml">lonesom dove</link></novel></fiction></writing></written_communication></literary_composition></it><it><album wordnetid="106591815" confidence="0.9508927676800064"><movie wordnetid="106613686" confidence="0.9508927676800064"><link ns0:type="simple" ns0:href="../545/171545.xml">apostl</link></movie></album></it><sec><st>biographi</st><ss1><st>earli life</st><p>duval born<village wordnetid="108672738" confidence="0.9508927676800064"><link ns0:type="simple" ns0:href="../504/28504.xml">san diego</link></village><country wordnetid="108544813" confidence="0.9508927676800064"><link ns0:type="simple" ns0:href="../407/5407.xml">california</link></country>son mildr virginia<link ns0:type="simple" ns0:href="../912/61912.xml">ne</link>hart amateur actress rel<conflict wordnetid="100958896" confidence="0.9508927676800064"><link ns0:type="simple" ns0:href="../863/863.xml">american civil war</link></conflict>gener<person wordnetid="100007846" confidence="0.9508927676800064"><link ns0:type="simple" ns0:href="../740/25740.xml">robert lee</link></person>william howard duval<country wordnetid="108544813" confidence="0.9508927676800064"><link ns0:type="simple" ns0:href="../432/32432.xml">virginia</link></country>born<work wordnetid="100575741" confidence="0.8"><event wordnetid="100029378" confidence="0.8"><service wordnetid="100577525" confidence="0.8"><act wordnetid="100030358" confidence="0.8"><psychological_feature wordnetid="100023100" confidence="0.8"><activity wordnetid="100407535" confidence="0.8"><link ns0:type="simple" ns0:href="../083/32083.xml">navi</link></activity></psychological_feature></act></service></event></work>admir<ref ns0:type="simple" ns0:href="#xpointer(//reflist/entry[@id=%221%22])" /><ref ns0:type="simple" ns0:href="#xpointer(//reflist/entry[@id=%222%22])" />duval father<physical_entity wordnetid="100001930" confidence="0.8"><causal_agent wordnetid="100007347" confidence="0.8"><link ns0:type="simple" ns0:href="../119/20119.xml">methodist</link></causal_agent></physical_entity>mother christian scientist duval rais<nongovernmental_organization wordnetid="108009834" confidence="0.8"><denomination wordnetid="108146782" confidence="0.8"><link ns0:type="simple" ns0:href="../309/125309.xml">christian scienc</link></denomination></nongovernmental_organization>religion<ref ns0:type="simple" ns0:href="#xpointer(//reflist/entry[@id=%223%22])" />duval grew militari famili live time<village wordnetid="108672738" confidence="0.9508927676800064"><link ns0:type="simple" ns0:href="../839/57839.xml">annapoli</link></village><region wordnetid="108630985" confidence="0.8"><administrative_district wordnetid="108491826" confidence="0.8"><location wordnetid="100027167" confidence="0.8"><district wordnetid="108552138" confidence="0.8"><country wordnetid="108544813" confidence="0.8"><link ns0:type="simple" ns0:href="../858/18858.xml">maryland</link></country></district></location></administrative_district></region><university wordnetid="108286163" confidence="0.9508927676800064"><link ns0:type="simple" ns0:href="../766/59766.xml">unit naval academi</link></university>attend<private_school wordnetid="108411170" confidence="0.9508927676800064"><link ns0:type="simple" ns0:href="../517/3648517.xml">severn school</link></private_school><link ns0:type="simple" ns0:href="../703/8930703.xml">severna park</link><region wordnetid="108630985" confidence="0.8"><administrative_district wordnetid="108491826" confidence="0.8"><location wordnetid="100027167" confidence="0.8"><district wordnetid="108552138" confidence="0.8"><country wordnetid="108544813" confidence="0.8"><link ns0:type="simple" ns0:href="../858/18858.xml">maryland</link></country></district></location></administrative_district></region><university wordnetid="108286163" confidence="0.9508927676800064"><link ns0:type="simple" ns0:href="../573/6554573.xml">principia</link></university><village wordnetid="108672738" confidence="0.9508927676800064"><link ns0:type="simple" ns0:href="../687/27687.xml">st loui missouri</link></village>graduat<link>principia colleg</link>elsah illinoi serv<work wordnetid="100575741" confidence="0.8"><army wordnetid="108191230" confidence="0.8"><event wordnetid="100029378" confidence="0.8"><service wordnetid="100577525" confidence="0.8"><force wordnetid="108208016" confidence="0.8"><military_service wordnetid="108198137" confidence="0.8"><act wordnetid="100030358" confidence="0.8"><psychological_feature wordnetid="100023100" confidence="0.8"><activity wordnetid="100407535" confidence="0.8"><link ns0:type="simple" ns0:href="../087/32087.xml">unit armi</link></activity></psychological_feature></act></military_service></force></service></event></army></work><link ns0:type="simple" ns0:href="../748/2237748.xml">servic number</link><link ns0:type="simple" ns0:href="../497/1497.xml">august</link><link ns0:type="simple" ns0:href="../865/34865.xml" /><link ns0:type="simple" ns0:href="../271/18933271.xml">august</link><link ns0:type="simple" ns0:href="../982/34982.xml" />leav<rank wordnetid="114429985" confidence="0.8"><rank wordnetid="108431942" confidence="0.8"><arrangement wordnetid="107938773" confidence="0.8"><military_rank wordnetid="114431471" confidence="0.8"><status wordnetid="113945919" confidence="0.8"><state wordnetid="100024720" confidence="0.8"><line wordnetid="108430568" confidence="0.8"><group wordnetid="100031264" confidence="0.8"><formation wordnetid="108426461" confidence="0.8"><link ns0:type="simple" ns0:href="../431/288431.xml">privat class</link></formation></group></line></state></status></military_rank></arrangement></rank></rank>station fort gordon<symbol wordnetid="106806469" confidence="0.9508927676800064"><link ns0:type="simple" ns0:href="../830/48830.xml">georgia</link></symbol>duval act amateur product comedi<movie wordnetid="106613686" confidence="0.9508927676800064"><link ns0:type="simple" ns0:href="../889/1276889.xml">room servic</link></movie>nearbi<village wordnetid="108672738" confidence="0.9508927676800064"><link ns0:type="simple" ns0:href="../779/247779.xml">augusta</link></village></p><p>leav armi duval studi<link ns0:type="simple" ns0:href="../032/2032.xml">act</link><structure wordnetid="104341686" confidence="0.8"><building wordnetid="102913152" confidence="0.8"><artifact wordnetid="100021939" confidence="0.8"><school wordnetid="108276720" confidence="0.8"><theater wordnetid="104417809" confidence="0.8"><educational_institution wordnetid="108276342" confidence="0.8"><institution wordnetid="108053576" confidence="0.8"><link ns0:type="simple" ns0:href="../607/767607.xml">neighborhood playhous</link></institution></educational_institution></theater></school></artifact></building></structure>school theatr<region wordnetid="108630985" confidence="0.8"><administrative_district wordnetid="108491826" confidence="0.8"><location wordnetid="100027167" confidence="0.8"><district wordnetid="108552138" confidence="0.8"><country wordnetid="108544813" confidence="0.8"><link ns0:type="simple" ns0:href="../131/8210131.xml">york</link></country></district></location></administrative_district></region><actor wordnetid="109765278" confidence="0.9508927676800064"><link ns0:type="simple" ns0:href="../577/767577.xml">sanford meisner</link></actor>work actor work manhattan<link ns0:type="simple" ns0:href="../949/24949.xml">post offic</link>clerk duval friend actor<link ns0:type="simple" ns0:href="../148/42148.xml">dustin hoffman</link><person wordnetid="100007846" confidence="0.9508927676800064"><actor wordnetid="109765278" confidence="0.9508927676800064"><link ns0:type="simple" ns0:href="../561/12561.xml">gene hackman</link></actor></person>knew year struggl actor point duval room hoffman work</p></ss1><ss1><st>career</st><p>duval screen debut boo radley critic acclaim<it><movie wordnetid="106613686" confidence="0.9508927676800064"><link ns0:type="simple" ns0:href="../980/4607980.xml">kill mockingbird</link></movie></it>duval play notori malefactor ned pepper<it><movie wordnetid="106613686" confidence="0.9508927676800064"><link ns0:type="simple" ns0:href="../912/161912.xml">true grit</link></movie></it><link ns0:type="simple" ns0:href="../680/891680.xml">major frank burn</link>film version<it><movie wordnetid="106613686" confidence="0.9508927676800064"><link ns0:type="simple" ns0:href="../653/913653.xml">mash</link></movie></it>breakout role<fictional_character wordnetid="109587565" confidence="0.9508927676800064"><link ns0:type="simple" ns0:href="../762/1983762.xml">tom hagen</link></fictional_character><it><movie wordnetid="106613686" confidence="0.9508927676800064"><link ns0:type="simple" ns0:href="../773/2466773.xml">godfath</link></movie></it><it><movie wordnetid="106613686" confidence="0.9508927676800064"><link ns0:type="simple" ns0:href="../875/73875.xml">godfath ii</link></movie></it>receiv academi award nomin<symbol wordnetid="106806469" confidence="0.8"><award wordnetid="106696483" confidence="0.8"><signal wordnetid="106791372" confidence="0.8"><link ns0:type="simple" ns0:href="../825/61825.xml">best support actor</link></signal></award></symbol><it><movie wordnetid="106613686" confidence="0.9508927676800064"><link ns0:type="simple" ns0:href="../581/1367581.xml">civil action</link></movie></it>role lt colonel kilgor<it><movie wordnetid="106613686" confidence="0.9508927676800064"><link ns0:type="simple" ns0:href="../054/18951054.xml">apocalyps</link></movie></it>receiv nomin<symbol wordnetid="106806469" confidence="0.8"><award wordnetid="106696483" confidence="0.8"><signal wordnetid="106791372" confidence="0.8"><link ns0:type="simple" ns0:href="../163/54163.xml">best actor lead role</link></signal></award></symbol><movie wordnetid="106613686" confidence="0.9508927676800064"><link ns0:type="simple" ns0:href="../388/164388.xml">great santini</link></movie>lt col bull meechum loos base famou marin aviat colonel<skilled_worker wordnetid="110605985" confidence="0.8"><physical_entity wordnetid="100001930" confidence="0.8"><person wordnetid="100007846" confidence="0.8"><worker wordnetid="109632518" confidence="0.8"><causal_agent wordnetid="100007347" confidence="0.8"><serviceman wordnetid="110582746" confidence="0.8"><military_officer wordnetid="110317007" confidence="0.8"><link ns0:type="simple" ns0:href="../496/8663496.xml">donald conroy</link></military_officer></serviceman></causal_agent></worker></person></physical_entity></skilled_worker>won oscar<link ns0:type="simple" ns0:href="../163/54163.xml">best actor</link><movie wordnetid="106613686" confidence="0.9508927676800064"><link ns0:type="simple" ns0:href="../445/113445.xml">tender merci</link></movie>love smell napalm morn<it>apocalyps</it>regard<link ns0:type="simple" ns0:href="../844/5974844.xml">icon</link><link ns0:type="simple" ns0:href="../571/10571.xml">cinema</link>histori full text</p><p>smell smell<link ns0:type="simple" ns0:href="../920/21920.xml">napalm</link>son smell love smell napalm morn time hill bomb twelv hour walk didnt find em stinkin dink bodi smell gasolin smell hill smell victori paus day war go</p><p><image width="320px" src="2005_National_Medal_of_Arts_winners.jpg" type="thumb"><caption>presid<president wordnetid="110468559" confidence="0.9508927676800064"><person wordnetid="100007846" confidence="0.9508927676800064"><businessperson wordnetid="109882716" confidence="0.9173553029164789"><link ns0:type="simple" ns0:href="../021/3414021.xml">georg bush</link></businessperson></person></president>stand recipi<award wordnetid="106696483" confidence="0.9508927676800064"><link ns0:type="simple" ns0:href="../585/832585.xml">nation medal art</link></award><link ns0:type="simple" ns0:href="../446/21446.xml">novemb</link><link ns0:type="simple" ns0:href="../984/35984.xml" /><structure wordnetid="104341686" confidence="0.8"><artifact wordnetid="100021939" confidence="0.8"><area wordnetid="102735688" confidence="0.8"><room wordnetid="104105893" confidence="0.8"><link ns0:type="simple" ns0:href="../331/230331.xml">oval offic</link></room></area></artifact></structure>recogn outstand contribut art left<physical_entity wordnetid="100001930" confidence="0.8"><person wordnetid="100007846" confidence="0.8"><intellectual wordnetid="109621545" confidence="0.8"><alumnus wordnetid="109786338" confidence="0.8"><causal_agent wordnetid="100007347" confidence="0.8"><advocate wordnetid="109775663" confidence="0.8"><adult wordnetid="109605289" confidence="0.8"><professional wordnetid="110480253" confidence="0.8"><lawyer wordnetid="110249950" confidence="0.8"><scholar wordnetid="110557854" confidence="0.8"><link ns0:type="simple" ns0:href="../403/1972403.xml">leonard garment</link></scholar></lawyer></professional></adult></advocate></causal_agent></alumnus></intellectual></person></physical_entity><physical_entity wordnetid="100001930" confidence="0.8"><communicator wordnetid="109610660" confidence="0.8"><person wordnetid="100007846" confidence="0.8"><intellectual wordnetid="109621545" confidence="0.8"><alumnus wordnetid="109786338" confidence="0.8"><causal_agent wordnetid="100007347" confidence="0.8"><writer wordnetid="110794014" confidence="0.8"><historian wordnetid="110177150" confidence="0.8"><novelist wordnetid="110363573" confidence="0.8"><scholar wordnetid="110557854" confidence="0.8"><essayist wordnetid="110064405" confidence="0.8"><link ns0:type="simple" ns0:href="../300/481300.xml">loui auchincloss</link></essayist></scholar></novelist></historian></writer></causal_agent></alumnus></intellectual></person></communicator></physical_entity><saxophonist wordnetid="110554243" confidence="0.9173553029164789"><clarinetist wordnetid="109926246" confidence="0.9173553029164789"><artist wordnetid="109812338" confidence="0.9508927676800064"><link ns0:type="simple" ns0:href="../951/2705951.xml">paquito drivera</link></artist></clarinetist></saxophonist><link ns0:type="simple" ns0:href="../808/4383808.xml">jame de preist</link><physical_entity wordnetid="100001930" confidence="0.8"><person wordnetid="100007846" confidence="0.8"><performer wordnetid="110415638" confidence="0.8"><causal_agent wordnetid="100007347" confidence="0.8"><entertainer wordnetid="109616922" confidence="0.8"><dancer wordnetid="109989502" confidence="0.8"><creator wordnetid="109614315" confidence="0.8"><choreographer wordnetid="109920283" confidence="0.8"><link ns0:type="simple" ns0:href="../777/7941777.xml">tina ramirez</link></choreographer></creator></dancer></entertainer></causal_agent></performer></person></physical_entity><film_director wordnetid="110088200" confidence="0.9173553029164789"><person wordnetid="100007846" confidence="0.9508927676800064"><actor wordnetid="109765278" confidence="0.9173553029164789"><link ns0:type="simple" ns0:href="../266/161266.xml">robert duval</link></actor></person></film_director><person wordnetid="100007846" confidence="0.9508927676800064"><link ns0:type="simple" ns0:href="../688/1176688.xml">olli johnston</link></person></caption></image>direct critic acclaim<it><album wordnetid="106591815" confidence="0.9508927676800064"><movie wordnetid="106613686" confidence="0.9508927676800064"><link ns0:type="simple" ns0:href="../545/171545.xml">apostl</link></movie></album></it>preacher law<it><movie wordnetid="106613686" confidence="0.9508927676800064"><link ns0:type="simple" ns0:href="../582/327582.xml">assassin tango</link></movie></it>thriller favorit hobbi<link ns0:type="simple" ns0:href="../752/262752.xml">tango</link>receiv star<position wordnetid="108621598" confidence="0.8"><passageway wordnetid="103895585" confidence="0.8"><point wordnetid="108620061" confidence="0.8"><landmark wordnetid="108624891" confidence="0.8"><artifact wordnetid="100021939" confidence="0.8"><passage wordnetid="103895293" confidence="0.8"><location wordnetid="100027167" confidence="0.8"><corridor wordnetid="103112099" confidence="0.8"><way wordnetid="104564698" confidence="0.8"><hallway wordnetid="103479952" confidence="0.8"><link ns0:type="simple" ns0:href="../776/105776.xml">hollywood walk fame</link></hallway></way></corridor></location></passage></artifact></landmark></point></passageway></position><link ns0:type="simple" ns0:href="../146/28146.xml">septemb</link><link ns0:type="simple" ns0:href="../163/36163.xml" /></p><p>duval portray gener<person wordnetid="100007846" confidence="0.9508927676800064"><link ns0:type="simple" ns0:href="../740/25740.xml">robert lee</link></person><it><link ns0:type="simple" ns0:href="../222/8398222.xml">god gener</link></it>rel<military_unit wordnetid="108198398" confidence="0.8"><army wordnetid="108191230" confidence="0.8"><force wordnetid="108208016" confidence="0.8"><military_service wordnetid="108198137" confidence="0.8"><link ns0:type="simple" ns0:href="../722/293722.xml">confeder</link></military_service></force></army></military_unit><link ns0:type="simple" ns0:href="../537/148537.xml">gener</link>state forum includ<it>cb sunday morn</it>favorit role<link ns0:type="simple" ns0:href="../837/9303837.xml">augustu gu mccrae</link><it><literary_composition wordnetid="106364329" confidence="0.8"><written_communication wordnetid="106349220" confidence="0.8"><writing wordnetid="106362953" confidence="0.8"><fiction wordnetid="106367107" confidence="0.8"><novel wordnetid="106367879" confidence="0.8"><link ns0:type="simple" ns0:href="../534/238534.xml">lonesom dove</link></novel></fiction></writing></written_communication></literary_composition></it></p><p>award<award wordnetid="106696483" confidence="0.9508927676800064"><link ns0:type="simple" ns0:href="../585/832585.xml">nation medal art</link></award><link ns0:type="simple" ns0:href="../021/3414021.xml">presid georg bush</link><building wordnetid="102913152" confidence="0.9508927676800064"><link ns0:type="simple" ns0:href="../057/33057.xml">white hous</link></building><ref ns0:type="simple" ns0:href="#xpointer(//reflist/entry[@id=%224%22])" /></p></ss1><ss1><st>person life</st><p>duval close friend<link ns0:type="simple" ns0:href="../148/42148.xml">dustin hoffman</link><person wordnetid="100007846" confidence="0.9508927676800064"><actor wordnetid="109765278" confidence="0.9508927676800064"><link ns0:type="simple" ns0:href="../561/12561.xml">gene hackman</link></actor></person>struggl actor day marri time barbara benjamin marri gail young sharon brophi</p><p>duval marri<actor wordnetid="109765278" confidence="0.9508927676800064"><link ns0:type="simple" ns0:href="../046/5944046.xml">luciana pedraza</link></actor>granddaught famou<link ns0:type="simple" ns0:href="../905/18951905.xml">argentinian</link>aviat<skilled_worker wordnetid="110605985" confidence="0.8"><physical_entity wordnetid="100001930" confidence="0.8"><person wordnetid="100007846" confidence="0.8"><aviator wordnetid="109826204" confidence="0.8"><worker wordnetid="109632518" confidence="0.8"><causal_agent wordnetid="100007347" confidence="0.8"><link ns0:type="simple" ns0:href="../296/12685296.xml">susana ferrari billinghurst</link></causal_agent></worker></aviator></person></physical_entity></skilled_worker>met pedraza street<village wordnetid="108672738" confidence="0.9508927676800064"><link ns0:type="simple" ns0:href="../919/255919.xml">bueno air</link></village><city wordnetid="108524735" confidence="0.9508927676800064"><country wordnetid="108544813" confidence="0.9508927676800064"><link ns0:type="simple" ns0:href="../905/18951905.xml">argentina</link></country></city>born<time_off wordnetid="115118453" confidence="0.8"><fundamental_quantity wordnetid="113575869" confidence="0.8"><time_period wordnetid="115113229" confidence="0.8"><vacation wordnetid="115137890" confidence="0.8"><leisure wordnetid="115137676" confidence="0.8"><link ns0:type="simple" ns0:href="../054/19279054.xml">januari</link></leisure></vacation></time_period></fundamental_quantity></time_off>duval year older duval luciana activ support pro mujer nonprofit organ dedic help latin america poorest women help microcredit busi train health care linkag</p><p>duval speak fluent<link ns0:type="simple" ns0:href="../825/26825.xml">spanish</link>maintain farm plain<link ns0:type="simple" ns0:href="../325/91325.xml">fauquier counti</link><country wordnetid="108544813" confidence="0.9508927676800064"><link ns0:type="simple" ns0:href="../432/32432.xml">virginia</link></country>birthday<it>godfath</it>costar<person wordnetid="100007846" confidence="0.9508927676800064"><actor wordnetid="109765278" confidence="0.9508927676800064"><link ns0:type="simple" ns0:href="../664/202664.xml">dian keaton</link></actor></person>born favorit citi bueno air avid<music_genre wordnetid="107071942" confidence="0.9508927676800064"><link ns0:type="simple" ns0:href="../752/262752.xml">tango</link></music_genre>dancer<link ns0:type="simple" ns0:href="../568/10568.xml">soccer</link>fan duval fax messag support<site wordnetid="108651247" confidence="0.9508927676800064"><link ns0:type="simple" ns0:href="../702/130702.xml">dumfri</link></site>club<club wordnetid="108227214" confidence="0.9508927676800064"><link ns0:type="simple" ns0:href="../354/880354.xml">queen south</link></club>ahead team play<cup wordnetid="103147509" confidence="0.8"><crockery wordnetid="103133538" confidence="0.8"><artifact wordnetid="100021939" confidence="0.8"><instrumentality wordnetid="103575240" confidence="0.8"><article wordnetid="100022903" confidence="0.8"><ware wordnetid="104550840" confidence="0.8"><container wordnetid="103094503" confidence="0.8"><tableware wordnetid="104381994" confidence="0.8"><link ns0:type="simple" ns0:href="../238/883238.xml">scottish cup</link></tableware></container></ware></article></instrumentality></artifact></crockery></cup>final<ref ns0:type="simple" ns0:href="#xpointer(//reflist/entry[@id=%225%22])" />duval acquaint club film scene shot glori</p><p>duval<link ns0:type="simple" ns0:href="../986/22986.xml">polit</link>view various describ<link ns0:type="simple" ns0:href="../498/3225498.xml">libertarian</link><politics wordnetid="113840719" confidence="0.8"><social_relation wordnetid="100032823" confidence="0.8"><link ns0:type="simple" ns0:href="../740/2298740.xml">conserv</link></social_relation></politics><ref ns0:type="simple" ns0:href="#xpointer(//reflist/entry[@id=%226%22])" />person invit<party wordnetid="108256968" confidence="0.9508927676800064"><link ns0:type="simple" ns0:href="../070/32070.xml">republican</link></party><post wordnetid="108624385" confidence="0.9508927676800064"><link ns0:type="simple" ns0:href="../113/24113.xml">presid</link></post><president wordnetid="110468559" confidence="0.9508927676800064"><person wordnetid="100007846" confidence="0.9508927676800064"><businessperson wordnetid="109882716" confidence="0.9173553029164789"><link ns0:type="simple" ns0:href="../021/3414021.xml">georg bush</link></businessperson></person></president><link ns0:type="simple" ns0:href="../188/226188.xml">inaugur</link><link ns0:type="simple" ns0:href="../990/27990.xml">septemb</link><link ns0:type="simple" ns0:href="../165/36165.xml" />duval announc support<link ns0:type="simple" ns0:href="../859/406859.xml">republican presidenti candid</link><person wordnetid="100007846" confidence="0.9508927676800064"><mayor wordnetid="110303814" confidence="0.9508927676800064"><link ns0:type="simple" ns0:href="../938/25938.xml">rudi giuliani</link></mayor></person><ref ns0:type="simple" ns0:href="#xpointer(//reflist/entry[@id=%227%22])" />msnbc august duval will narrat video republican convent septemb appear stage<person wordnetid="100007846" confidence="0.9508927676800064"><senator wordnetid="110578471" confidence="0.9508927676800064"><link ns0:type="simple" ns0:href="../715/43715.xml">john mccain</link></senator></person><person wordnetid="100007846" confidence="0.9508927676800064"><governor wordnetid="110140314" confidence="0.9508927676800064"><link ns0:type="simple" ns0:href="../511/2941511.xml">sarah palin</link></governor></person>ralli mexico</p></ss1></sec><sec><st>filmographi</st><p><table style="margin: 1em 1em 1em 0; background: #f9f9f9; border: 1px #aaa solid; border-collapse: collapse;" cellpadding="4" border="2" cellspacing="0"><row align="center" bgcolor="#CCCCCC"><header>year</header><header>film</header><header>role</header><header>note</header></row><row><col /><col><it><movie wordnetid="106613686" confidence="0.9508927676800064"><link ns0:type="simple" ns0:href="../980/4607980.xml">kill mockingbird</link></movie></it></col><col>arthur boo radley</col></row><row><col rowspan="2" /><col><it><series wordnetid="108457976" confidence="0.9508927676800064"><link ns0:type="simple" ns0:href="../389/1409389.xml">twilight zone</link></series></it></col><col>charley park</col><col>episod<episode wordnetid="106396330" confidence="0.9508927676800064"><link ns0:type="simple" ns0:href="../717/3588717.xml">miniatur</link></episode></col></row><row><col><it><movie wordnetid="106613686" confidence="0.9508927676800064"><link ns0:type="simple" ns0:href="../691/1365691.xml">captain newman md</link></movie></it></col><col>capt paul cabot winston</col></row><row><col /><col><it><series wordnetid="108457976" confidence="0.9508927676800064"><link ns0:type="simple" ns0:href="../677/67677.xml">outer limit</link></series></it></col><col>adam ballard</col><col>episod<episode wordnetid="106396330" confidence="0.9508927676800064"><link ns0:type="simple" ns0:href="../987/4152987.xml">inheritor</link></episode></col></row><row><col /><col><it><series wordnetid="108457976" confidence="0.9508927676800064"><link ns0:type="simple" ns0:href="../677/67677.xml">outer limit</link></series></it></col><col>loui mace</col><col>episod<episode wordnetid="106396330" confidence="0.9508927676800064"><link ns0:type="simple" ns0:href="../731/4151731.xml">chameleon</link></episode></col></row><row><col /><col><it><movie wordnetid="106613686" confidence="0.9508927676800064"><link ns0:type="simple" ns0:href="../552/6811552.xml">nightmar sun</link></movie></it></col><col>motorcyclist</col></row><row><col rowspan="2" /><col><it><link>thecat</link></it></col><col>laurent</col><col>episod tv seri</col></row><row><col><it><product wordnetid="104007894" confidence="0.8"><creation wordnetid="103129123" confidence="0.8"><artifact wordnetid="100021939" confidence="0.8"><event wordnetid="100029378" confidence="0.8"><social_event wordnetid="107288639" confidence="0.8"><movie wordnetid="106613686" confidence="0.8"><show wordnetid="106619065" confidence="0.8"><psychological_feature wordnetid="100023100" confidence="0.8"><link ns0:type="simple" ns0:href="../865/7175865.xml">chase</link></psychological_feature></show></movie></social_event></event></artifact></creation></product></it></col><col>edwin stewart</col></row><row><col rowspan="3" /><col><it><link ns0:type="simple" ns0:href="../140/15710140.xml">detect</link></it></col><col>nestor</col></row><row><col><it><product wordnetid="104007894" confidence="0.8"><creation wordnetid="103129123" confidence="0.8"><artifact wordnetid="100021939" confidence="0.8"><event wordnetid="100029378" confidence="0.8"><social_event wordnetid="107288639" confidence="0.8"><movie wordnetid="106613686" confidence="0.8"><show wordnetid="106619065" confidence="0.8"><psychological_feature wordnetid="100023100" confidence="0.8"><link ns0:type="simple" ns0:href="../909/4338909.xml">countdown</link></psychological_feature></show></movie></social_event></event></artifact></creation></product></it></col><col>chiz</col></row><row><col><it><movie wordnetid="106613686" confidence="0.9508927676800064"><link ns0:type="simple" ns0:href="../285/433285.xml">bullitt</link></movie></it></col><col>weissberg</col></row><row><col rowspan="2" /><col><it><movie wordnetid="106613686" confidence="0.9508927676800064"><link ns0:type="simple" ns0:href="../912/161912.xml">true grit</link></movie></it></col><col>ned pepper</col></row><row><col><it><movie wordnetid="106613686" confidence="0.9508927676800064"><link ns0:type="simple" ns0:href="../691/5569691.xml">rain peopl</link></movie></it></col><col>gordon</col></row><row><col rowspan="2" /><col><it><link ns0:type="simple" ns0:href="../653/913653.xml">mash</link></it></col><col><skilled_worker wordnetid="110605985" confidence="0.8"><physical_entity wordnetid="100001930" confidence="0.8"><commissioned_officer wordnetid="109942970" confidence="0.8"><person wordnetid="100007846" confidence="0.8"><republican wordnetid="110522495" confidence="0.8"><serviceman wordnetid="110582746" confidence="0.8"><adult wordnetid="109605289" confidence="0.8"><health_professional wordnetid="110165109" confidence="0.8"><enlisted_person wordnetid="110058777" confidence="0.8"><professional wordnetid="110480253" confidence="0.8"><doctor wordnetid="110020890" confidence="0.8"><military_officer wordnetid="110317007" confidence="0.8"><surgeon wordnetid="110679174" confidence="0.8"><soldier wordnetid="110622053" confidence="0.8"><commissioned_military_officer wordnetid="109943239" confidence="0.8"><medical_practitioner wordnetid="110305802" confidence="0.8"><worker wordnetid="109632518" confidence="0.8"><causal_agent wordnetid="100007347" confidence="0.8"><advocate wordnetid="109774783" confidence="0.8"><major wordnetid="110283170" confidence="0.8"><link ns0:type="simple" ns0:href="../680/891680.xml">frank burn</link></major></advocate></causal_agent></worker></medical_practitioner></commissioned_military_officer></soldier></surgeon></military_officer></doctor></professional></enlisted_person></health_professional></adult></serviceman></republican></person></commissioned_officer></physical_entity></skilled_worker></col></row><row><col><it><link>revolutionari</link></it></col><col>despard</col></row><row><col rowspan="2" /><col><it><movie wordnetid="106613686" confidence="0.9508927676800064"><link ns0:type="simple" ns0:href="../193/31193.xml">thx</link></movie></it></col><col>thx</col></row><row><col><it><link ns0:type="simple" ns0:href="../459/8982459.xml">lawman</link></it></col><col>vernon adam</col></row><row><col rowspan="4" /><col><it><movie wordnetid="106613686" confidence="0.9508927676800064"><link ns0:type="simple" ns0:href="../773/2466773.xml">godfath</link></movie></it></col><col><fictional_character wordnetid="109587565" confidence="0.9508927676800064"><link ns0:type="simple" ns0:href="../762/1983762.xml">tom hagen</link></fictional_character></col><col>nomin<symbol wordnetid="106806469" confidence="0.8"><award wordnetid="106696483" confidence="0.8"><signal wordnetid="106791372" confidence="0.8"><link ns0:type="simple" ns0:href="../825/61825.xml">academi award best support actor</link></signal></award></symbol>nomin<link ns0:type="simple" ns0:href="../943/147943.xml">bafta award</link></col></row><row><col><it><product wordnetid="104007894" confidence="0.8"><creation wordnetid="103129123" confidence="0.8"><artifact wordnetid="100021939" confidence="0.8"><event wordnetid="100029378" confidence="0.8"><social_event wordnetid="107288639" confidence="0.8"><movie wordnetid="106613686" confidence="0.8"><show wordnetid="106619065" confidence="0.8"><psychological_feature wordnetid="100023100" confidence="0.8"><link ns0:type="simple" ns0:href="../839/18162839.xml">great northfield minnesota raid</link></psychological_feature></show></movie></social_event></event></artifact></creation></product></it></col><col>jess jame</col></row><row><col><it><link>tomorrow</link></it></col><col>jackson fentri</col></row><row><col><it><movie wordnetid="106613686" confidence="0.9508927676800064"><link ns0:type="simple" ns0:href="../217/8681217.xml">joe kidd</link></movie></it></col><col>frank harlan</col></row><row><col rowspan="3" /><col><it><movie wordnetid="106613686" confidence="0.9508927676800064"><link ns0:type="simple" ns0:href="../200/7922200.xml">outfit</link></movie></it></col><col>earl macklin</col></row><row><col><it><link>badg</link></it></col><col>eddi ryan</col></row><row><col><it><movie wordnetid="106613686" confidence="0.9508927676800064"><link ns0:type="simple" ns0:href="../469/13769469.xml">ladi ice</link></movie></it></col><col>ford pierc</col></row><row><col rowspan="2" /><col><it><movie wordnetid="106613686" confidence="0.9508927676800064"><link ns0:type="simple" ns0:href="../853/66853.xml">convers</link></movie></it></col><col>director</col><col>uncredit</col></row><row><col><it /></col><col>tom hagen</col></row><row><col rowspan="3" /><col><it><movie wordnetid="106613686" confidence="0.9508927676800064"><link ns0:type="simple" ns0:href="../935/101935.xml">network</link></movie></it></col><col>frank hackett</col></row><row><col><it><movie wordnetid="106613686" confidence="0.9508927676800064"><link ns0:type="simple" ns0:href="../022/2969022.xml">killer elit</link></movie></it></col><col>georg hanson</col></row><row><col><it><movie wordnetid="106613686" confidence="0.9508927676800064"><link ns0:type="simple" ns0:href="../720/7567720.xml">breakout</link></movie></it></col><col>jay wagner</col></row><row><col rowspan="3" /><col><it><movie wordnetid="106613686" confidence="0.9508927676800064"><link ns0:type="simple" ns0:href="../007/11341007.xml">eagl land</link></movie></it></col><col>oberst max radl</col></row><row><col><it><book wordnetid="106410904" confidence="0.9508927676800064"><movie wordnetid="106613686" confidence="0.9508927676800064"><link ns0:type="simple" ns0:href="../081/567081.xml">sevenperc solut</link></movie></book></it></col><col>dr watson</col></row><row><col><it><movie wordnetid="106613686" confidence="0.9508927676800064"><link ns0:type="simple" ns0:href="../935/101935.xml">network</link></movie></it></col><col>frank hackett</col><col>nomin<link ns0:type="simple" ns0:href="../943/147943.xml">bafta award</link></col></row><row><col /><col><it><movie wordnetid="106613686" confidence="0.9508927676800064"><link ns0:type="simple" ns0:href="../675/2550675.xml">greatest</link></movie></it></col><col>bill mcdonald</col></row><row><col rowspan="2" /><col><it><movie wordnetid="106613686" confidence="0.9508927676800064"><link ns0:type="simple" ns0:href="../396/5735396.xml">invas bodi snatcher</link></movie></it></col><col>priest swing</col><col>uncredit</col></row><row><col><it><movie wordnetid="106613686" confidence="0.9508927676800064"><link ns0:type="simple" ns0:href="../263/4418263.xml">betsi</link></movie></it></col><col>loren hardeman iii</col></row><row><col rowspan="3" /><col><it><movie wordnetid="106613686" confidence="0.9508927676800064"><link ns0:type="simple" ns0:href="../054/18951054.xml">apocalyps</link></movie></it></col><col>lieuten colonel bill kilgor</col><col><link ns0:type="simple" ns0:href="../943/147943.xml">bafta award</link><award wordnetid="106696483" confidence="0.9508927676800064"><link ns0:type="simple" ns0:href="../724/142724.xml">golden globe award</link></award>nomin<symbol wordnetid="106806469" confidence="0.8"><award wordnetid="106696483" confidence="0.8"><signal wordnetid="106791372" confidence="0.8"><link ns0:type="simple" ns0:href="../825/61825.xml">academi award best support actor</link></signal></award></symbol></col></row><row><col><it><movie wordnetid="106613686" confidence="0.9508927676800064"><link ns0:type="simple" ns0:href="../388/164388.xml">great santini</link></movie></it></col><col>bull meechum</col><col>nomin<symbol wordnetid="106806469" confidence="0.8"><award wordnetid="106696483" confidence="0.8"><signal wordnetid="106791372" confidence="0.8"><link ns0:type="simple" ns0:href="../163/54163.xml">academi award best actor</link></signal></award></symbol></col></row><row><col><it><link ns0:type="simple" ns0:href="../900/99900.xml">ike</link></it></col><col>gen dwight eisenhow</col><col>tv miniseri</col></row><row><col /><col><it><movie wordnetid="106613686" confidence="0.9508927676800064"><link ns0:type="simple" ns0:href="../652/7092652.xml">true confess</link></movie></it></col><col>thoma spellaci</col></row><row><col /><col><it><movie wordnetid="106613686" confidence="0.9508927676800064"><link ns0:type="simple" ns0:href="../445/113445.xml">tender merci</link></movie></it></col><col>max sledg</col><col><symbol wordnetid="106806469" confidence="0.8"><award wordnetid="106696483" confidence="0.8"><signal wordnetid="106791372" confidence="0.8"><link ns0:type="simple" ns0:href="../163/54163.xml">academi award best actor</link></signal></award></symbol><award wordnetid="106696483" confidence="0.9508927676800064"><link ns0:type="simple" ns0:href="../724/142724.xml">golden globe award</link></award></col></row><row><col /><col><it><literary_composition wordnetid="106364329" confidence="0.8"><written_communication wordnetid="106349220" confidence="0.8"><writing wordnetid="106362953" confidence="0.8"><fiction wordnetid="106367107" confidence="0.8"><novel wordnetid="106367879" confidence="0.8"><link ns0:type="simple" ns0:href="../127/1187127.xml">natur</link></novel></fiction></writing></written_communication></literary_composition></it></col><col>max merci</col></row><row><col /><col><it><link>lightship</link></it></col><col>calvin caspari</col></row><row><col /><col><it><movie wordnetid="106613686" confidence="0.9508927676800064"><link ns0:type="simple" ns0:href="../170/2138170.xml">color</link></movie></it></col><col>offic bob hodg</col></row><row><col /><col><it><literary_composition wordnetid="106364329" confidence="0.8"><written_communication wordnetid="106349220" confidence="0.8"><writing wordnetid="106362953" confidence="0.8"><fiction wordnetid="106367107" confidence="0.8"><novel wordnetid="106367879" confidence="0.8"><link ns0:type="simple" ns0:href="../534/238534.xml">lonesom dove</link></novel></fiction></writing></written_communication></literary_composition></it></col><col><link ns0:type="simple" ns0:href="../837/9303837.xml">augustu gu mccrae</link></col><col><award wordnetid="106696483" confidence="0.9508927676800064"><link ns0:type="simple" ns0:href="../724/142724.xml">golden globe award</link></award>nomin<award wordnetid="106696483" confidence="0.9508927676800064"><link ns0:type="simple" ns0:href="../921/151921.xml">emmi award</link></award>state favorit role</col></row><row><col rowspan="3" /><col><it><movie wordnetid="106613686" confidence="0.9508927676800064"><link ns0:type="simple" ns0:href="../794/2569794.xml">forc</link></movie></it></col><col>howard</col></row><row><col><it><movie wordnetid="106613686" confidence="0.9508927676800064"><link ns0:type="simple" ns0:href="../322/651322.xml">day thunder</link></movie></it></col><col>harri hogg</col></row><row><col><it><movie wordnetid="106613686" confidence="0.9508927676800064"><link ns0:type="simple" ns0:href="../319/4265319.xml">handmaid tale</link></movie></it></col><col>command</col></row><row><col rowspan="2" /><col><it><link ns0:type="simple" ns0:href="../495/528495.xml">rambl rose</link></it></col><col>daddi hilyer</col></row><row><col><it><link ns0:type="simple" ns0:href="../180/232180.xml">convict</link></it></col><col>soll</col></row><row><col rowspan="2" /><col><it><link ns0:type="simple" ns0:href="../070/18012070.xml">stalin</link></it></col><col>josef stalin</col><col><award wordnetid="106696483" confidence="0.9508927676800064"><link ns0:type="simple" ns0:href="../724/142724.xml">golden globe award</link></award>nomin<award wordnetid="106696483" confidence="0.9508927676800064"><link ns0:type="simple" ns0:href="../921/151921.xml">emmi award</link></award></col></row><row><col><it><movie wordnetid="106613686" confidence="0.9508927676800064"><link ns0:type="simple" ns0:href="../471/944471.xml">newsi</link></movie></it></col><col>joseph pulitz</col></row><row><col rowspan="3" /><col><it><movie wordnetid="106613686" confidence="0.9508927676800064"><link ns0:type="simple" ns0:href="../929/19625929.xml">fall</link></movie></it></col><col>prendergast</col></row><row><col><it><movie wordnetid="106613686" confidence="0.9508927676800064"><link ns0:type="simple" ns0:href="../284/7693284.xml">wrestl ernest hemingway</link></movie></it></col><col>walter</col></row><row><col><it /></col><col>al sieber</col></row><row><col /><col><it><movie wordnetid="106613686" confidence="0.9508927676800064"><link ns0:type="simple" ns0:href="../095/2233095.xml">paper</link></movie></it></col><col>berni white</col></row><row><col rowspan="3" /><col><it><link ns0:type="simple" ns0:href="../777/5724777.xml">talk</link></it></col><col>wyli king</col></row><row><col><it><movie wordnetid="106613686" confidence="0.9508927676800064"><link ns0:type="simple" ns0:href="../616/10696616.xml">star fell henrietta</link></movie></it></col><col>cox</col></row><row><col><it><movie wordnetid="106613686" confidence="0.9508927676800064"><link ns0:type="simple" ns0:href="../582/3030582.xml">scarlet letter</link></movie></it></col><col>roger chillingworth</col></row><row><col rowspan="4" /><col><it><movie wordnetid="106613686" confidence="0.9508927676800064"><link ns0:type="simple" ns0:href="../522/171522.xml">sling blade</link></movie></it></col><col>karl father</col></row><row><col><it><movie wordnetid="106613686" confidence="0.9508927676800064"><link ns0:type="simple" ns0:href="../853/5007853.xml">man captur eichmann</link></movie></it></col><col>adolf eichmann</col><col>nomin<award wordnetid="106696483" confidence="0.9508927676800064"><link ns0:type="simple" ns0:href="../921/151921.xml">emmi award</link></award></col></row><row><col><it><movie wordnetid="106613686" confidence="0.9508927676800064"><link ns0:type="simple" ns0:href="../301/8448301.xml">famili thing</link></movie></it></col><col>earl pilcher jr</col></row><row><col><it><movie wordnetid="106613686" confidence="0.9508927676800064"><link ns0:type="simple" ns0:href="../603/760603.xml">phenomenon</link></movie></it></col><col>doc brunder</col></row><row><col /><col><it><album wordnetid="106591815" confidence="0.9508927676800064"><movie wordnetid="106613686" confidence="0.9508927676800064"><link ns0:type="simple" ns0:href="../545/171545.xml">apostl</link></movie></album></it></col><col>euliss sonni dewey apostl ef</col><col>writerdirector nomin<symbol wordnetid="106806469" confidence="0.8"><award wordnetid="106696483" confidence="0.8"><signal wordnetid="106791372" confidence="0.8"><link ns0:type="simple" ns0:href="../163/54163.xml">academi award best actor</link></signal></award></symbol></col></row><row><col rowspan="3" /><col><it><movie wordnetid="106613686" confidence="0.9508927676800064"><link ns0:type="simple" ns0:href="../163/6389163.xml">gingerbread man</link></movie></it></col><col>dixon doss</col></row><row><col><it><movie wordnetid="106613686" confidence="0.9508927676800064"><link ns0:type="simple" ns0:href="../581/1367581.xml">civil action</link></movie></it></col><col>jerom facher</col><col>nomin<symbol wordnetid="106806469" confidence="0.8"><award wordnetid="106696483" confidence="0.8"><signal wordnetid="106791372" confidence="0.8"><link ns0:type="simple" ns0:href="../825/61825.xml">academi award best support actor</link></signal></award></symbol>nomin<award wordnetid="106696483" confidence="0.9508927676800064"><link ns0:type="simple" ns0:href="../724/142724.xml">golden globe award</link></award></col></row><row><col><it><movie wordnetid="106613686" confidence="0.9508927676800064"><link ns0:type="simple" ns0:href="../544/286544.xml">deep impact</link></movie></it></col><col>capt spurgeon fish tanner</col></row><row><col rowspan="3" /><col><it><movie wordnetid="106613686" confidence="0.9508927676800064"><link ns0:type="simple" ns0:href="../432/883432.xml">second</link></movie></it></col><col>otto halliwel</col></row><row><col><it><movie wordnetid="106613686" confidence="0.9508927676800064"><link ns0:type="simple" ns0:href="../491/798491.xml">day</link></movie></it></col><col>dr griffin weir</col></row><row><col><it><product wordnetid="104007894" confidence="0.8"><creation wordnetid="103129123" confidence="0.8"><artifact wordnetid="100021939" confidence="0.8"><event wordnetid="100029378" confidence="0.8"><social_event wordnetid="107288639" confidence="0.8"><movie wordnetid="106613686" confidence="0.8"><show wordnetid="106619065" confidence="0.8"><psychological_feature wordnetid="100023100" confidence="0.8"><link ns0:type="simple" ns0:href="../590/8083590.xml">shot glori</link></psychological_feature></show></movie></social_event></event></artifact></creation></product></it></col><col>gordon mcleod</col></row><row><col rowspan="2" /><col><it><movie wordnetid="106613686" confidence="0.9508927676800064"><link ns0:type="simple" ns0:href="../700/100700.xml">john</link></movie></it></col><col>lt frank grime</col></row><row><col><it><movie wordnetid="106613686" confidence="0.9508927676800064"><link ns0:type="simple" ns0:href="../582/327582.xml">assassin tango</link></movie></it></col><col>john anderson</col><col>writerdirector</col></row><row><col rowspan="3" /><col><it><link ns0:type="simple" ns0:href="../791/922791.xml">god gener</link></it></col><col>gen robert lee</col></row><row><col><it><movie wordnetid="106613686" confidence="0.9508927676800064"><link ns0:type="simple" ns0:href="../169/1863169.xml">secondhand lion</link></movie></it></col><col>hub</col></row><row><col><it><movie wordnetid="106613686" confidence="0.9508927676800064"><link ns0:type="simple" ns0:href="../973/1247973.xml">open rang</link></movie></it></col><col>boss spearman</col></row><row><col rowspan="2" /><col><it><movie wordnetid="106613686" confidence="0.9508927676800064"><link ns0:type="simple" ns0:href="../413/1745413.xml">kick scream</link></movie></it></col><col>buck weston</col></row><row><col><it><link ns0:type="simple" ns0:href="../984/2273984.xml">smoke</link></it></col><col>doak captain boykin</col></row><row><col /><col><it><movie wordnetid="106613686" confidence="0.9508927676800064"><link ns0:type="simple" ns0:href="../237/5725237.xml">broken trail</link></movie></it></col><col>prentic print ritter</col><col><award wordnetid="106696483" confidence="0.9508927676800064"><link ns0:type="simple" ns0:href="../921/151921.xml">emmi award</link></award>nomin<award wordnetid="106696483" confidence="0.9508927676800064"><link ns0:type="simple" ns0:href="../724/142724.xml">golden globe award</link></award></col></row><row><col rowspan="2" /><col><it><movie wordnetid="106613686" confidence="0.9508927676800064"><link ns0:type="simple" ns0:href="../654/2971654.xml">lucki</link></movie></it></col><col>cheever</col></row><row><col><it><movie wordnetid="106613686" confidence="0.9508927676800064"><link ns0:type="simple" ns0:href="../920/5727920.xml">night</link></movie></it></col><col>albert grusinski</col></row><row><col rowspan="2" /><col><it><movie wordnetid="106613686" confidence="0.9508927676800064"><link ns0:type="simple" ns0:href="../880/14706880.xml">christmas</link></movie></it></col><col>howard</col><col><it>postproduct</it></col></row><row><col><it><movie wordnetid="106613686" confidence="0.9508927676800064"><link ns0:type="simple" ns0:href="../865/15615865.xml">road</link></movie></it></col><col>man</col><col><it>postproduct</it></col></row></table></p></sec><sec><st>refer</st><p><reflist><entry id="1">robert gari boyd<weblink ns0:type="simple" ns0:href="http://web.archive.org/web/20080121110802/http://www.newenglandancestors.org/education/articles/research/special_guests/gary_boyd_roberts/gbr83.asp">third set ten hollywood figur group coda director</weblink>england histor genealog societi archiv<weblink ns0:type="simple" ns0:href="http://www.newenglandancestors.org/education/articles/research/special_guests/gary_boyd_roberts/gbr83.asp">origin</weblink><link />retriev<link /></entry><entry id="2"><cite style="font-style:normal" class="episode">novak zone interview robert duval<it>saturday morn news</it>cnn<link /><weblink ns0:type="simple" ns0:href="http://transcripts.cnn.com/TRANSCRIPTS/0302/15/smn.18.html">transcript</weblink></cite></entry><entry id="3"><weblink ns0:type="simple" ns0:href="http://www.adherents.com/people/pd/Robert_Duvall.html"><it>religi affili robert duval</it></weblink>adherentscom</entry><entry id="4"><weblink ns0:type="simple" ns0:href="http://www.whitehouse.gov/news/releases/2005/11/images/20051110-2_d-0221-1-515h.html">presid georg bush stand recipi nation medal art winner thursday nov oval offic recogn outstand contribut art left leonard garment art advoc loui auchincloss author paquito drivera jazzist jame de preist symphoni conductor tina ramirez choreograph robert duval actor olli johnston anim white hous photo eric draper</weblink></entry><entry id="5"><weblink ns0:type="simple" ns0:href="http://www.dgstandard.co.uk/dumfries-sport/tm_headline=a-supporting-role-from-hollywood method=full objectid=20961769 siteid=77296-name_page.html#story_continue">support role hollywood dumfri galloway standard</weblink></entry><entry id="6">charli rose<link ns0:type="simple" ns0:href="../488/28488.xml">septemb</link><link ns0:type="simple" ns0:href="../524/35524.xml" /><weblink ns0:type="simple" ns0:href="http://www.cbsnews.com/stories/2004/01/06/60II/main591671.shtml">robert duval tango</weblink>cb news</entry><entry id="7"><weblink ns0:type="simple" ns0:href="http://web.archive.org/web/20080116033415/http://www.joinrudy2008.com/article/pr/764">academi awardwin actor robert duval support rudi giuliani</weblink><it>joinrudycom</it><link ns0:type="simple" ns0:href="../990/27990.xml">septemb</link><link ns0:type="simple" ns0:href="../165/36165.xml" />archiv<weblink ns0:type="simple" ns0:href="http://www.joinrudy2008.com/article/pr/764">origin</weblink><link /></entry></reflist></p></sec><sec><st>extern link</st><p><list><entry level="1" type="bullet"><weblink ns0:type="simple" ns0:href="http://www.imdb.com/name/nm0000380/">robert duval</weblink><web_site wordnetid="106359193" confidence="0.9508927676800064"><link ns0:type="simple" ns0:href="../554/2855554.xml">internet movi databas</link></web_site></entry><entry level="1" type="bullet"><weblink ns0:type="simple" ns0:href="http://www.newsmeat.com/celebrity_political_donations/Robert_Duvall.php">polit contribut robert duval</weblink></entry><entry level="1" type="bullet"><weblink ns0:type="simple" ns0:href="http://news.bbc.co.uk/1/hi/entertainment/film/3362603.stm">napalm speech top movi poll<it>bbc</it></weblink></entry><entry level="1" type="bullet"><weblink ns0:type="simple" ns0:href="http://www.starpulse.com/news/index.php/2006/06/19/robert_duvall_has_a_flying_pedigree">artculo star puls hollywood legend robert duval discov marri famili great argentinean aviat</weblink></entry></list></p><p><table style="margin:0.5em auto; font-size:95%;clear:both;" class="wikitable"><row><header colspan="3" style="background: #FFF179;">award achiev</header></row><row style="text-align: center;" /><row style="text-align:center;"><col align="center" width="30%" rowspan="1">preced<person wordnetid="100007846" confidence="0.9508927676800064"><actor wordnetid="109765278" confidence="0.9173553029164789"><link ns0:type="simple" ns0:href="../480/168480.xml">ben kingsley</link></actor></person><it><movie wordnetid="106613686" confidence="0.9508927676800064"><link ns0:type="simple" ns0:href="../508/369508.xml">gandhi</link></movie></it></col><col style="text-align: center;" width="40%" rowspan="1"><symbol wordnetid="106806469" confidence="0.8"><award wordnetid="106696483" confidence="0.8"><signal wordnetid="106791372" confidence="0.8"><link ns0:type="simple" ns0:href="../163/54163.xml">academi award best actor</link></signal></award></symbol><it><movie wordnetid="106613686" confidence="0.9508927676800064"><link ns0:type="simple" ns0:href="../445/113445.xml">tender merci</link></movie></it></col><col align="center" width="30%" rowspan="1">succeed<person wordnetid="100007846" confidence="0.9508927676800064"><actor wordnetid="109765278" confidence="0.9173553029164789"><presenter wordnetid="110466387" confidence="0.9173553029164789"><link ns0:type="simple" ns0:href="../494/168494.xml">murray abraham</link></presenter></actor></person><it><movie wordnetid="106613686" confidence="0.9508927676800064"><link ns0:type="simple" ns0:href="../214/1065214.xml">amadeu</link></movie></it></col></row><row style="text-align: center;" /><row style="text-align:center;"><col align="center" width="30%" rowspan="1">preced<actor wordnetid="109765278" confidence="0.9508927676800064"><link ns0:type="simple" ns0:href="../390/164390.xml">john hurt</link></actor><it><movie wordnetid="106613686" confidence="0.9508927676800064"><link ns0:type="simple" ns0:href="../021/103021.xml">midnight express</link></movie></it></col><col style="text-align: center;" width="40%" rowspan="1"><symbol wordnetid="106806469" confidence="0.8"><award wordnetid="106696483" confidence="0.8"><signal wordnetid="106791372" confidence="0.8"><link ns0:type="simple" ns0:href="../579/8682579.xml">bafta award best support actor</link></signal></award></symbol><it><movie wordnetid="106613686" confidence="0.9508927676800064"><link ns0:type="simple" ns0:href="../054/18951054.xml">apocalyps</link></movie></it></col><col align="center" width="30%" rowspan="1">succeed<person wordnetid="100007846" confidence="0.9508927676800064"><actor wordnetid="109765278" confidence="0.9508927676800064"><link ns0:type="simple" ns0:href="../137/171137.xml">ian holm</link></actor></person><it><movie wordnetid="106613686" confidence="0.9508927676800064"><link ns0:type="simple" ns0:href="../729/5729.xml">chariot fire</link></movie></it></col></row><row style="text-align: center;" /><row style="text-align:center;"><col align="center" width="30%" rowspan="1">preced<actor wordnetid="109765278" confidence="0.9508927676800064"><link ns0:type="simple" ns0:href="../390/164390.xml">john hurt</link></actor><it><movie wordnetid="106613686" confidence="0.9508927676800064"><link ns0:type="simple" ns0:href="../021/103021.xml">midnight express</link></movie></it></col><col style="text-align: center;" width="40%" rowspan="1"><symbol wordnetid="106806469" confidence="0.8"><award wordnetid="106696483" confidence="0.8"><signal wordnetid="106791372" confidence="0.8"><link ns0:type="simple" ns0:href="../751/1476751.xml">golden globe award best support actor motion pictur</link></signal></award></symbol><it><movie wordnetid="106613686" confidence="0.9508927676800064"><link ns0:type="simple" ns0:href="../054/18951054.xml">apocalyps</link></movie></it></col><col align="center" width="30%" rowspan="1">succeed<actor wordnetid="109765278" confidence="0.9508927676800064"><link ns0:type="simple" ns0:href="../491/598491.xml">timothi hutton</link></actor><it><movie wordnetid="106613686" confidence="0.9508927676800064"><link ns0:type="simple" ns0:href="../335/106335.xml">ordinari peopl</link></movie></it></col></row><row style="text-align: center;" /><row style="text-align:center;"><col align="center" width="30%" rowspan="1">preced<person wordnetid="100007846" confidence="0.9508927676800064"><actor wordnetid="109765278" confidence="0.9173553029164789"><link ns0:type="simple" ns0:href="../480/168480.xml">ben kingsley</link></actor></person><it><movie wordnetid="106613686" confidence="0.9508927676800064"><link ns0:type="simple" ns0:href="../508/369508.xml">gandhi</link></movie></it></col><col style="text-align: center;" width="40%" rowspan="1"><symbol wordnetid="106806469" confidence="0.8"><award wordnetid="106696483" confidence="0.8"><signal wordnetid="106791372" confidence="0.8"><link ns0:type="simple" ns0:href="../074/186074.xml">golden globe award best actor motion pictur drama</link></signal></award></symbol><it><movie wordnetid="106613686" confidence="0.9508927676800064"><link ns0:type="simple" ns0:href="../445/113445.xml">tender merci</link></movie></it></col><col align="center" width="30%" rowspan="1">succeed<person wordnetid="100007846" confidence="0.9508927676800064"><actor wordnetid="109765278" confidence="0.9173553029164789"><presenter wordnetid="110466387" confidence="0.9173553029164789"><link ns0:type="simple" ns0:href="../494/168494.xml">murray abraham</link></presenter></actor></person><it><movie wordnetid="106613686" confidence="0.9508927676800064"><link ns0:type="simple" ns0:href="../214/1065214.xml">amadeu</link></movie></it></col></row><row style="text-align: center;" /><row style="text-align:center;"><col align="center" width="30%" rowspan="1">preced<person wordnetid="100007846" confidence="0.9508927676800064"><actor wordnetid="109765278" confidence="0.9173553029164789"><link ns0:type="simple" ns0:href="../512/499512.xml">staci keach</link></actor></person><it><link ns0:type="simple" ns0:href="../347/275347.xml">hemingway</link></it><person wordnetid="100007846" confidence="0.9508927676800064"><actor wordnetid="109765278" confidence="0.9508927676800064"><link ns0:type="simple" ns0:href="../479/61479.xml">michael cain</link></actor></person><it><serial_killer wordnetid="110581464" confidence="0.9508927676800064"><link ns0:type="simple" ns0:href="../726/6860726.xml">jack ripper</link></serial_killer></it></col><col style="text-align: center;" width="40%" rowspan="1"><link ns0:type="simple" ns0:href="../826/1476826.xml">golden globe award best actor miniseri tv film</link><it><literary_composition wordnetid="106364329" confidence="0.8"><written_communication wordnetid="106349220" confidence="0.8"><writing wordnetid="106362953" confidence="0.8"><fiction wordnetid="106367107" confidence="0.8"><novel wordnetid="106367879" confidence="0.8"><link ns0:type="simple" ns0:href="../534/238534.xml">lonesom dove</link></novel></fiction></writing></written_communication></literary_composition></it></col><col align="center" width="30%" rowspan="1">succeed<actor wordnetid="109765278" confidence="0.9508927676800064"><link ns0:type="simple" ns0:href="../544/168544.xml">jame garner</link></actor><it><link ns0:type="simple" ns0:href="../297/8910297.xml">decor day</link></it></col></row><row style="text-align: center;" /><row style="text-align:center;"><col align="center" width="30%" rowspan="1">preced<link ns0:type="simple" ns0:href="../409/994409.xml">beau bridg</link></col><col style="text-align: center;" width="40%" rowspan="1">golden globe award best actor miniseri tv filmfor<it><link ns0:type="simple" ns0:href="../641/15641.xml">stalin</link></it></col><col align="center" width="30%" rowspan="1">succeed<actor wordnetid="109765278" confidence="0.9508927676800064"><link ns0:type="simple" ns0:href="../544/168544.xml">jame garner</link></actor><it><link ns0:type="simple" ns0:href="../068/966068.xml">barbarian gate</link></it></col></row><row style="text-align: center;" /><row style="text-align:center;"><col align="center" width="30%" rowspan="1">preced<comedian wordnetid="109940146" confidence="0.9508927676800064"><person wordnetid="100007846" confidence="0.9508927676800064"><link ns0:type="simple" ns0:href="../242/53242.xml">robin william</link></person></comedian><it><movie wordnetid="106613686" confidence="0.9508927676800064"><link ns0:type="simple" ns0:href="../456/142456.xml">good will hunt</link></movie></it></col><col style="text-align: center;" width="40%" rowspan="1"><link ns0:type="simple" ns0:href="../897/3652897.xml">screen actor guild award best support actor</link><it><movie wordnetid="106613686" confidence="0.9508927676800064"><link ns0:type="simple" ns0:href="../581/1367581.xml">civil action</link></movie></it></col><col align="center" width="30%" rowspan="1">succeed<person wordnetid="100007846" confidence="0.9508927676800064"><actor wordnetid="109765278" confidence="0.9508927676800064"><link ns0:type="simple" ns0:href="../479/61479.xml">michael cain</link></actor></person><it><movie wordnetid="106613686" confidence="0.9508927676800064"><link ns0:type="simple" ns0:href="../661/2804661.xml">cider hous rule</link></movie></it></col></row></table></p><p><table style=";" class="navbox" cellspacing="0"><row><col style="padding:2px;"><table style="width:100%;background:transparent;color:inherit;;" class="nowraplinks collapsible autocollapse " cellspacing="0"><row><header colspan="2" style=";background: #EEDD82" class="navbox-title"><symbol wordnetid="106806469" confidence="0.8"><award wordnetid="106696483" confidence="0.8"><signal wordnetid="106791372" confidence="0.8"><link ns0:type="simple" ns0:href="../163/54163.xml">academi award</link></signal></award></symbol><symbol wordnetid="106806469" confidence="0.8"><award wordnetid="106696483" confidence="0.8"><signal wordnetid="106791372" confidence="0.8"><link ns0:type="simple" ns0:href="../163/54163.xml#xpointer(//*[./st=%221980s%22])">best actor</link></signal></award></symbol></header></row><row style="height:2px;" /><row><col colspan="2" style="width:100%;padding:0px;;;" class="navbox-list navbox-odd"><p><person wordnetid="100007846" confidence="0.9508927676800064"><actor wordnetid="109765278" confidence="0.9508927676800064"><link ns0:type="simple" ns0:href="../228/46228.xml">henri fonda</link></actor></person><person wordnetid="100007846" confidence="0.9508927676800064"><actor wordnetid="109765278" confidence="0.9173553029164789"><link ns0:type="simple" ns0:href="../480/168480.xml">ben kingsley</link></actor></person><film_director wordnetid="110088200" confidence="0.9173553029164789"><person wordnetid="100007846" confidence="0.9508927676800064"><actor wordnetid="109765278" confidence="0.9173553029164789"><link ns0:type="simple" ns0:href="../266/161266.xml">robert duval</link></actor></person></film_director><person wordnetid="100007846" confidence="0.9508927676800064"><actor wordnetid="109765278" confidence="0.9173553029164789"><presenter wordnetid="110466387" confidence="0.9173553029164789"><link ns0:type="simple" ns0:href="../494/168494.xml">murray abraham</link></presenter></actor></person><actor wordnetid="109765278" confidence="0.9508927676800064"><link ns0:type="simple" ns0:href="../534/168534.xml">william hurt</link></actor><person wordnetid="100007846" confidence="0.9508927676800064"><actor wordnetid="109765278" confidence="0.9508927676800064"><link ns0:type="simple" ns0:href="../706/49706.xml">paul newman</link></actor></person><person wordnetid="100007846" confidence="0.9508927676800064"><actor wordnetid="109765278" confidence="0.9508927676800064"><link ns0:type="simple" ns0:href="../781/78781.xml">michael dougla</link></actor></person><link ns0:type="simple" ns0:href="../148/42148.xml">dustin hoffman</link><person wordnetid="100007846" confidence="0.9508927676800064"><actor wordnetid="109765278" confidence="0.9508927676800064"><link ns0:type="simple" ns0:href="../003/171003.xml">daniel daylewi</link></actor></person><link ns0:type="simple" ns0:href="../007/171007.xml">jeremi iron</link><person wordnetid="100007846" confidence="0.9508927676800064"><actor wordnetid="109765278" confidence="0.9508927676800064"><link ns0:type="simple" ns0:href="../ury/24th_century.xml">anthoni hopkin</link></actor></person><link ns0:type="simple" ns0:href="../906/41906.xml">al pacino</link><person wordnetid="100007846" confidence="0.9508927676800064"><artist wordnetid="109812338" confidence="0.9173553029164789"><actor wordnetid="109765278" confidence="0.9508927676800064"><writer wordnetid="110794014" confidence="0.9173553029164789"><link ns0:type="simple" ns0:href="../568/43568.xml">tom hank</link></writer></actor></artist></person><person wordnetid="100007846" confidence="0.9508927676800064"><artist wordnetid="109812338" confidence="0.9173553029164789"><actor wordnetid="109765278" confidence="0.9508927676800064"><writer wordnetid="110794014" confidence="0.9173553029164789"><link ns0:type="simple" ns0:href="../568/43568.xml">tom hank</link></writer></actor></artist></person><person wordnetid="100007846" confidence="0.9508927676800064"><actor wordnetid="109765278" confidence="0.9508927676800064"><link ns0:type="simple" ns0:href="../111/21111.xml">nicola cage</link></actor></person><actor wordnetid="109765278" confidence="0.9508927676800064"><link ns0:type="simple" ns0:href="../515/171515.xml">geoffrey rush</link></actor><link ns0:type="simple" ns0:href="../829/18617829.xml">jack nicholson</link><person wordnetid="100007846" confidence="0.9508927676800064"><actor wordnetid="109765278" confidence="0.9508927676800064"><link ns0:type="simple" ns0:href="../344/46344.xml">roberto benigni</link></actor></person><person wordnetid="100007846" confidence="0.9508927676800064"><actor wordnetid="109765278" confidence="0.9508927676800064"><link ns0:type="simple" ns0:href="../768/16768.xml">kevin spacey</link></actor></person><actor wordnetid="109765278" confidence="0.9508927676800064"><link ns0:type="simple" ns0:href="../695/25695.xml">russel crow</link></actor></p></col></row></table></col></row></table></p><p><table style=";" class="navbox" cellspacing="0"><row><col style="padding:2px;"><table style="width:100%;background:transparent;color:inherit;;" class="nowraplinks collapsible autocollapse " cellspacing="0"><row><header colspan="2" style=";background: #DAA520;" class="navbox-title"><symbol wordnetid="106806469" confidence="0.8"><award wordnetid="106696483" confidence="0.8"><signal wordnetid="106791372" confidence="0.8"><link ns0:type="simple" ns0:href="../261/4038261.xml">primetim emmi award outstand lead actor miniseri movi</link></signal></award></symbol></header></row><row style="height:2px;" /><row><col colspan="2" style="width:100%;padding:0px;;;" class="navbox-list navbox-odd"><p><film_director wordnetid="110088200" confidence="0.9173553029164789"><actor wordnetid="109765278" confidence="0.9173553029164789"><link ns0:type="simple" ns0:href="../407/101407.xml">kenneth branagh</link></actor></film_director><person wordnetid="100007846" confidence="0.9508927676800064"><actor wordnetid="109765278" confidence="0.9508927676800064"><link ns0:type="simple" ns0:href="../910/43910.xml">albert finney</link></actor></person><person wordnetid="100007846" confidence="0.9508927676800064"><actor wordnetid="109765278" confidence="0.9508927676800064"><link ns0:type="simple" ns0:href="../602/398602.xml">william maci</link></actor></person><link ns0:type="simple" ns0:href="../906/41906.xml">al pacino</link><actor wordnetid="109765278" confidence="0.9508927676800064"><link ns0:type="simple" ns0:href="../515/171515.xml">geoffrey rush</link></actor><actor wordnetid="109765278" confidence="0.9508927676800064"><link ns0:type="simple" ns0:href="../457/846457.xml">andr braugher</link></actor><film_director wordnetid="110088200" confidence="0.9173553029164789"><person wordnetid="100007846" confidence="0.9508927676800064"><actor wordnetid="109765278" confidence="0.9173553029164789"><link ns0:type="simple" ns0:href="../266/161266.xml">robert duval</link></actor></person></film_director></p></col></row><row style="height:2px;" /><row><col colspan="2" style=";background: transparent; border-top: 1px solid #DAA520;" class="navbox-abovebelow"><p /></col></row></table></col></row></table></p><p><table id="persondata" class="persondata"><header colspan="2" /><row><col class="persondata-label" /><col>duval robert</col></row><row><col class="persondata-label">altern name</col></row><row><col class="persondata-label">short descript</col><col>actor</col></row><row><col class="persondata-label">birth</col><col><time_off wordnetid="115118453" confidence="0.8"><fundamental_quantity wordnetid="113575869" confidence="0.8"><time_period wordnetid="115113229" confidence="0.8"><vacation wordnetid="115137890" confidence="0.8"><leisure wordnetid="115137676" confidence="0.8"><link ns0:type="simple" ns0:href="../054/19279054.xml">januari</link></leisure></vacation></time_period></fundamental_quantity></time_off><link ns0:type="simple" ns0:href="../608/34608.xml" /></col></row><row><col class="persondata-label">place birth</col><col><link ns0:type="simple" ns0:href="../504/28504.xml">san diego</link><country wordnetid="108544813" confidence="0.9508927676800064"><link ns0:type="simple" ns0:href="../407/5407.xml">california</link></country><body wordnetid="107965085" confidence="0.8"><social_group wordnetid="107950920" confidence="0.8"><political_orientation wordnetid="106212839" confidence="0.8"><colony wordnetid="108374049" confidence="0.8"><state wordnetid="108168978" confidence="0.8"><political_unit wordnetid="108359949" confidence="0.8"><group wordnetid="100031264" confidence="0.8"><democracy wordnetid="106217103" confidence="0.8"><link ns0:type="simple" ns0:href="../750/3434750.xml" /></democracy></group></political_unit></state></colony></political_orientation></social_group></body></col></row><row><col class="persondata-label">death</col></row><row><col class="persondata-label">place death</col></row></table></p></sec></bdy></director></actor></scientist></libertarian></entity></terror></republican></person></soldier></film_director></article>