<article xmlns:ns0="http://www.w3.org/1999/xlink"><fictional_character confidence="0.8" wordnetid="109587565"><imaginary_being confidence="0.8" wordnetid="109483738"><header><title>oliv oyl</title><id /><revision><id /><timestamp>tz</timestamp><contributor><username>arpingston</username><id /></contributor></revision><categories><category>popey charact</category></categories></header><bdy><p><image width="250px" src="Olive-oyl-lilsweetpea1936.jpg" type="thumb"><caption>oliv oyl<it>swee pea</it></caption></image><b>oliv oyl</b><link ns0:type="simple" ns0:href="../749/76749.xml">cartoon charact</link>creat<link ns0:type="simple" ns0:href="../364/508364.xml">elzi crisler segar</link><link ns0:type="simple" ns0:href="../704/5704.xml">comic strip</link><it><link ns0:type="simple" ns0:href="../047/10215047.xml">thimbl theater</link></it><it>thimbl theater</it><it><comic_strip wordnetid="107003352" confidence="0.9508927676800064"><link ns0:type="simple" ns0:href="../047/10215047.xml">popey</link></comic_strip></it>sailor charact popular member comic strip cast oliv oyl charact strip year appear popey</p><sec><st>fiction charact biographi</st><p>strip written segar oliv coy<link ns0:type="simple" ns0:href="../140/201140.xml">flapper</link>extrem thin build lent well fashion time long black hair roll neat bun mother moreorless fianc<fictional_character wordnetid="109587565" confidence="0.8"><imaginary_being wordnetid="109483738" confidence="0.8"><link ns0:type="simple" ns0:href="../161/16216161.xml">harold hamgravi</link></imaginary_being></fictional_character>loung lizard<link ns0:type="simple" ns0:href="../603/184603.xml">slacker</link>type work borrow money attract womenparticularli richnatur incens oliv succumb fit lunaphobia kind angri mad amour recov continu pretend disord win immun flatteri men remain commit ham popey appear fall love aw shut bilg rat fought bitterli hilari week realiz care</p><p>version oliv oyl familiar version theatric<link ns0:type="simple" ns0:href="../702/36702.xml">anim cartoon</link>creat<company wordnetid="108058098" confidence="0.8"><subsidiary_company wordnetid="108003935" confidence="0.8"><institution wordnetid="108053576" confidence="0.8"><link ns0:type="simple" ns0:href="../847/176847.xml">fleischer studio</link></institution></subsidiary_company></company>produc<studio wordnetid="104344246" confidence="0.8"><point wordnetid="108620061" confidence="0.8"><geographic_point wordnetid="108578706" confidence="0.8"><location wordnetid="100027167" confidence="0.8"><company wordnetid="108058098" confidence="0.8"><workplace wordnetid="104602044" confidence="0.8"><institution wordnetid="108053576" confidence="0.8"><link ns0:type="simple" ns0:href="../076/676076.xml">famou studio</link></institution></workplace></company></location></geographic_point></point></studio>modern<fictional_character wordnetid="109587565" confidence="0.8"><imaginary_being wordnetid="109483738" confidence="0.8"><link ns0:type="simple" ns0:href="../517/301517.xml">damsel distress</link></imaginary_being></fictional_character>oliv oyl tall skinni short hair enorm feet film<link ns0:type="simple" ns0:href="../831/29831.xml">televis</link>cartoon oliv oyl<comic_strip wordnetid="107003352" confidence="0.9508927676800064"><link ns0:type="simple" ns0:href="../047/10215047.xml">popey</link></comic_strip>girlfriend extrem fickl depend woo best flashier possess prone angri tiniest thing constantli kidnap<fictional_character wordnetid="109587565" confidence="0.8"><imaginary_being wordnetid="109483738" confidence="0.8"><link ns0:type="simple" ns0:href="../798/162798.xml">bluto</link></imaginary_being></fictional_character>aka brutu popey archriv affect popey rescu win affect</p><p>cartoon help care babi name<physical_entity wordnetid="100001930" confidence="0.8"><person wordnetid="100007846" confidence="0.8"><fictional_character wordnetid="109587565" confidence="0.8"><imaginary_being wordnetid="109483738" confidence="0.8"><causal_agent wordnetid="100007347" confidence="0.8"><adoptee wordnetid="109772330" confidence="0.8"><link ns0:type="simple" ns0:href="../953/3865953.xml">sweepea</link></adoptee></causal_agent></imaginary_being></fictional_character></person></physical_entity>clear sweepea oliv oyl son foundl comic sweepea foundl popey care sourc cartoon seri sweepea oliv oyl cousin care time time</p></sec><sec><st>histori</st><p>oliv oyl name<link ns0:type="simple" ns0:href="../478/22478.xml">oliv oil</link>commonli<link ns0:type="simple" ns0:href="../355/5355.xml">cook</link>salad segar newspap strip featur number rel name oil includ brother<fictional_character wordnetid="109587565" confidence="0.8"><imaginary_being wordnetid="109483738" confidence="0.8"><link ns0:type="simple" ns0:href="../558/2012558.xml">castor oyl</link></imaginary_being></fictional_character>mother nana oyl<link ns0:type="simple" ns0:href="../654/4164654.xml">banana oil</link>mild slang phrase time<link ns0:type="simple" ns0:href="../652/1543652.xml">horsefeath</link><link ns0:type="simple" ns0:href="../403/387403.xml">nonsens</link>father cole oyl castor estrang wife cylinda oyl oliv niec deezil oyl pun<link ns0:type="simple" ns0:href="../761/81761.xml">diesel oil</link>appear cartoon oliv famili cousin sutra oyl uncl otto oyl lubri kent oyl</p><p>popey cartoon<it><cartoon wordnetid="106780678" confidence="0.9508927676800064"><link ns0:type="simple" ns0:href="../920/7093920.xml">popey sailor</link></cartoon></it><it>yam yam</it>featur bonni poe voic oliv oyl oliv oyl voic charact actress<actor wordnetid="109765278" confidence="0.9508927676800064"><link ns0:type="simple" ns0:href="../563/971563.xml">mae questel</link></actor>voic<fashion wordnetid="105750657" confidence="0.8"><discrimination wordnetid="105748054" confidence="0.8"><cartoon wordnetid="106780678" confidence="0.8"><comic_strip wordnetid="107003352" confidence="0.8"><basic_cognitive_process wordnetid="105701944" confidence="0.8"><imaginary_being wordnetid="109483738" confidence="0.8"><taste wordnetid="105749619" confidence="0.8"><vogue wordnetid="105750163" confidence="0.8"><process wordnetid="105701363" confidence="0.8"><message wordnetid="106598915" confidence="0.8"><acquisition wordnetid="100077419" confidence="0.8"><acquiring wordnetid="100041899" confidence="0.8"><wit wordnetid="106776138" confidence="0.8"><event wordnetid="100029378" confidence="0.8"><fad wordnetid="105751173" confidence="0.8"><fictional_character wordnetid="109587565" confidence="0.8"><act wordnetid="100030358" confidence="0.8"><psychological_feature wordnetid="100023100" confidence="0.8"><link ns0:type="simple" ns0:href="../202/203202.xml">betti boop</link></psychological_feature></act></fictional_character></fad></event></wit></acquiring></acquisition></message></process></vogue></taste></imaginary_being></basic_cognitive_process></comic_strip></cartoon></discrimination></fashion>charact questel style oliv oyl voic actress<person wordnetid="100007846" confidence="0.9508927676800064"><actor wordnetid="109765278" confidence="0.9508927676800064"><link ns0:type="simple" ns0:href="../518/254518.xml">zasu pitt</link></actor></person>margi hine voic oliv oyl start cartoon<it>bulldoz bull</it>questel return voic oliv oyl start cartoon<it>anvil couru girl</it>remain<asset wordnetid="105154517" confidence="0.8"><link ns0:type="simple" ns0:href="../955/808955.xml">king featur syndic</link></asset>madefortv popey short<link ns0:type="simple" ns0:href="../664/34664.xml" /></p><p><physical_entity wordnetid="100001930" confidence="0.8"><person wordnetid="100007846" confidence="0.8"><performer wordnetid="110415638" confidence="0.8"><causal_agent wordnetid="100007347" confidence="0.8"><actor wordnetid="109765278" confidence="0.8"><entertainer wordnetid="109616922" confidence="0.8"><link ns0:type="simple" ns0:href="../544/12148544.xml">marilyn schreffler</link></entertainer></actor></causal_agent></performer></person></physical_entity>replac<actor wordnetid="109765278" confidence="0.9508927676800064"><link ns0:type="simple" ns0:href="../563/971563.xml">mae questel</link></actor>oliv oyl<company wordnetid="108058098" confidence="0.9508927676800064"><link ns0:type="simple" ns0:href="../542/56542.xml">hannabarbera</link></company>right produc madefortv<comic_strip wordnetid="107003352" confidence="0.9508927676800064"><link ns0:type="simple" ns0:href="../047/10215047.xml">popey</link></comic_strip>cartoon<it><series wordnetid="108457976" confidence="0.9508927676800064"><link ns0:type="simple" ns0:href="../946/15645946.xml">allnew popey hour</link></series></it><link ns0:type="simple" ns0:href="../753/34753.xml" /></p><p><link ns0:type="simple" ns0:href="../640/34640.xml" /><movie wordnetid="106613686" confidence="0.9508927676800064"><link ns0:type="simple" ns0:href="../188/1339188.xml">film version</link></movie>oliv play<actor wordnetid="109765278" confidence="0.9508927676800064"><link ns0:type="simple" ns0:href="../129/1055129.xml">shelley duval</link></actor></p></sec><sec><st>media</st><p><link ns0:type="simple" ns0:href="../673/34673.xml" />oliv oyl appear<company wordnetid="108058098" confidence="0.8"><subsidiary_company wordnetid="108003935" confidence="0.8"><institution wordnetid="108053576" confidence="0.8"><link ns0:type="simple" ns0:href="../847/176847.xml">fleischer studio</link></institution></subsidiary_company></company><link ns0:type="simple" ns0:href="../035/296035.xml">technicolor</link>short<it><cartoon wordnetid="106780678" confidence="0.9508927676800064"><link ns0:type="simple" ns0:href="../584/18401584.xml">dreamland</link></cartoon></it></p><p>king featur produc radio spot industri<link ns0:type="simple" ns0:href="../823/3489823.xml">unit power squadron</link>featur robyn gryph oliv allen enlow popey</p><p>oliv oyl bluto popey go cameo<it><movie wordnetid="106613686" confidence="0.9508927676800064"><link ns0:type="simple" ns0:href="../018/76018.xml">frame roger rabbit</link></movie></it>right charact time</p><p>juli liveanim tv commerci star oliv oyl air advertis campaign campbel soup compani prego italian sauc oliv ad seri ad prego featur spice girl<songwriter wordnetid="110624540" confidence="0.9173553029164789"><person wordnetid="100007846" confidence="0.9508927676800064"><singer wordnetid="110599806" confidence="0.9173553029164789"><actor wordnetid="109765278" confidence="0.9173553029164789"><artist wordnetid="109812338" confidence="0.9508927676800064"><link ns0:type="simple" ns0:href="../848/241848.xml">emma bunton</link></artist></actor></singer></person></songwriter>babi spice olymp silver medalist<physical_entity wordnetid="100001930" confidence="0.8"><person wordnetid="100007846" confidence="0.8"><contestant wordnetid="109613191" confidence="0.8"><intellectual wordnetid="109621545" confidence="0.8"><alumnus wordnetid="109786338" confidence="0.8"><winner wordnetid="110782940" confidence="0.8"><causal_agent wordnetid="100007347" confidence="0.8"><scholar wordnetid="110557854" confidence="0.8"><medalist wordnetid="110305062" confidence="0.8"><link ns0:type="simple" ns0:href="../635/13581635.xml">lea ann parsley</link></medalist></scholar></causal_agent></winner></alumnus></intellectual></contestant></person></physical_entity>averag american coupl name rosemari herb englishman name basil second commerci flavor charact wonder aloud spice add simmer pot sauc</p><p>oliv oyl appear<it><series wordnetid="108457976" confidence="0.9508927676800064"><link ns0:type="simple" ns0:href="../386/1527386.xml">robot chicken</link></series></it>episod<link>sack</link>voic<actor wordnetid="109765278" confidence="0.9508927676800064"><link ns0:type="simple" ns0:href="../195/19572195.xml">kelli hu</link></actor>squaw buri shortcak voic<link ns0:type="simple" ns0:href="../791/1115791.xml">kristen chenoweth</link></p></sec><sec><st>extern link</st><p><list><entry level="1" type="bullet"><weblink ns0:type="simple" ns0:href="http://www.popeye.com">offici port popey sailor friend websit</weblink></entry></list></p></sec></bdy></imaginary_being></fictional_character></article>