<article xmlns:ns0="http://www.w3.org/1999/xlink"><citizen confidence="0.9511911446218017" wordnetid="109923673"><immigrant confidence="0.9511911446218017" wordnetid="110199489"><entity confidence="0.9511911446218017" wordnetid="100001740"><actor confidence="0.9508927676800064" wordnetid="109765278"><header><title>roddi mcdowal</title><id /><revision><id /><timestamp>tz</timestamp><contributor><username>wizardman</username><id /></contributor></revision><categories><category>american film actor</category><category>english immigr unit</category><category>cancer death california</category><category>natur citizen unit</category><category>emmi award winner</category><category>lgbt peopl unit</category><category>american televis actor</category><category>english voic actor</category><category>english peopl irish descent</category><category>english peopl scottish descent</category><category>lgbt peopl unit kingdom</category><category>peopl hern hill</category><category>gay actor unit kingdom</category><category>california actor</category><category>american voic actor</category><category>death lung cancer</category><category>english child actor</category><category>gay actor unit</category><category>english film actor</category><category>english american</category><category>birth</category><category>english televis actor</category><category>death</category><category>toni award winner</category><category>alumni univers high school lo angel california</category><category>peopl london</category></categories></header><bdy><template><name>infobox actor</name><parameters><image width="150px" src="RoddyMcDowall.jpg"><caption>roddi mcdowal academi award</caption></image><birthplace><site wordnetid="108651247" confidence="0.9508927676800064"><link ns0:type="simple" ns0:href="../385/406385.xml">hern hill</link></site><village wordnetid="108672738" confidence="0.9508927676800064"><link ns0:type="simple" ns0:href="../867/17867.xml">london</link></village><country wordnetid="108544813" confidence="0.9508927676800064"><link ns0:type="simple" ns0:href="../316/9316.xml">england</link></country><autocracy wordnetid="108361001" confidence="0.8"><system wordnetid="108435388" confidence="0.8"><social_group wordnetid="107950920" confidence="0.8"><political_orientation wordnetid="106212839" confidence="0.8"><monarchy wordnetid="108363812" confidence="0.8"><state wordnetid="108168978" confidence="0.8"><political_unit wordnetid="108359949" confidence="0.8"><political_system wordnetid="108367880" confidence="0.8"><economy wordnetid="108366753" confidence="0.8"><group wordnetid="100031264" confidence="0.8"><democracy wordnetid="106217103" confidence="0.8"><link ns0:type="simple" ns0:href="../717/31717.xml">unit kingdom</link></democracy></group></economy></political_system></political_unit></state></monarchy></political_orientation></social_group></system></autocracy></birthplace><emmyawards><symbol wordnetid="106806469" confidence="0.8"><award wordnetid="106696483" confidence="0.8"><signal wordnetid="106791372" confidence="0.8"><link ns0:type="simple" ns0:href="../900/5885900.xml">outstand support actor drama seri</link></signal></award></symbol><it /></emmyawards><birthdate>septemb</birthdate><imagesize>px</imagesize><tonyawards><symbol wordnetid="106806469" confidence="0.8"><award wordnetid="106696483" confidence="0.8"><signal wordnetid="106791372" confidence="0.8"><link ns0:type="simple" ns0:href="../698/4243698.xml">best featur actor play</link></signal></award></symbol><it><link>fight cock</link></it></tonyawards><yearsactive /><birthname>roderick andrew anthoni jude mcdowal</birthname><deathdate>octob age</deathdate><deathplace><village wordnetid="108672738" confidence="0.9508927676800064"><link ns0:type="simple" ns0:href="../110/18110.xml">lo angel california</link></village><body wordnetid="107965085" confidence="0.8"><social_group wordnetid="107950920" confidence="0.8"><political_orientation wordnetid="106212839" confidence="0.8"><colony wordnetid="108374049" confidence="0.8"><state wordnetid="108168978" confidence="0.8"><political_unit wordnetid="108359949" confidence="0.8"><group wordnetid="100031264" confidence="0.8"><democracy wordnetid="106217103" confidence="0.8"><link ns0:type="simple" ns0:href="../750/3434750.xml">unit</link></democracy></group></political_unit></state></colony></political_orientation></social_group></body></deathplace></parameters></template><p>roderick andrew anthoni jude mcdowal<link ns0:type="simple" ns0:href="../993/27993.xml">septemb</link><link ns0:type="simple" ns0:href="../674/34674.xml" /><link ns0:type="simple" ns0:href="../347/22347.xml">octob</link><link ns0:type="simple" ns0:href="../647/34647.xml" /><country wordnetid="108544813" confidence="0.9508927676800064"><link ns0:type="simple" ns0:href="../316/9316.xml">english</link></country>born<link ns0:type="simple" ns0:href="../753/753.xml">actor</link></p><sec><st>biographi</st><ss1><st>earli life</st><p>mcdowal born<site wordnetid="108651247" confidence="0.9508927676800064"><link ns0:type="simple" ns0:href="../385/406385.xml">hern hill</link></site><village wordnetid="108672738" confidence="0.9508927676800064"><link ns0:type="simple" ns0:href="../867/17867.xml">london</link></village>son winsfried<link ns0:type="simple" ns0:href="../912/61912.xml">nee</link>corcoran<island wordnetid="109316454" confidence="0.9508927676800064"><link ns0:type="simple" ns0:href="../575/147575.xml">irish</link></island>born aspir actress thoma andrew mcdowal<link ns0:type="simple" ns0:href="../769/28769.xml">merchant marin</link>parent enthusiast<link ns0:type="simple" ns0:href="../776/29776.xml">theatr</link>sister virginia</p><p>appear british film mcdowal famili america<link ns0:type="simple" ns0:href="../274/112274.xml">blitz</link>wellknown<link ns0:type="simple" ns0:href="../681/41681.xml">film</link>appear age twelv play huw<it><movie wordnetid="106613686" confidence="0.9508927676800064"><link ns0:type="simple" ns0:href="../038/4837038.xml">green valley</link></movie></it>role household costar<it><movie wordnetid="106613686" confidence="0.9508927676800064"><link ns0:type="simple" ns0:href="../862/74862.xml">lassi</link></movie></it>occas opposit lifelong friend<person wordnetid="100007846" confidence="0.9508927676800064"><actor wordnetid="109765278" confidence="0.9508927676800064"><link ns0:type="simple" ns0:href="../357/42357.xml">elizabeth taylor</link></actor></person>appear film includ<it><link ns0:type="simple" ns0:href="../593/18613593.xml">kingdom</link></it><it><movie wordnetid="106613686" confidence="0.9508927676800064"><link ns0:type="simple" ns0:href="../564/4143564.xml">white cliff dover</link></movie></it></p></ss1><ss1><st>adult career</st><p><image location="left" width="150px" src="Lassie_Come_Home.jpg" type="thumb"><caption>roddi mcdowal<it>lassi</it></caption></image>mcdowal<link ns0:type="simple" ns0:href="../670/89670.xml">child actor</link>continu career adulthood charact role notabl heavi makeup chimpanze charact<it><movie wordnetid="106613686" confidence="0.9508927676800064"><link ns0:type="simple" ns0:href="../306/18618306.xml">planet ape</link></movie></it>movi<series wordnetid="108457976" confidence="0.9508927676800064"><link ns0:type="simple" ns0:href="../011/2045011.xml">tv seri</link></series>film appear includ<it><movie wordnetid="106613686" confidence="0.9508927676800064"><link ns0:type="simple" ns0:href="../774/4954774.xml">cleopatra</link></movie></it>play<person wordnetid="100007846" confidence="0.9508927676800064"><emperor wordnetid="110053004" confidence="0.9508927676800064"><link ns0:type="simple" ns0:href="../273/1273.xml">octavian</link></emperor></person><position wordnetid="108621598" confidence="0.8"><point wordnetid="108620061" confidence="0.8"><location wordnetid="100027167" confidence="0.8"><link ns0:type="simple" ns0:href="../117/219117.xml">emperor</link></location></point></position><person wordnetid="100007846" confidence="0.9508927676800064"><emperor wordnetid="110053004" confidence="0.9508927676800064"><link ns0:type="simple" ns0:href="../273/1273.xml">augustu</link></emperor></person><it><link ns0:type="simple" ns0:href="../205/12712205.xml" /></it>play<fictional_character wordnetid="109587565" confidence="0.8"><imaginary_being wordnetid="109483738" confidence="0.8"><link ns0:type="simple" ns0:href="../662/50662.xml">norman bate</link></imaginary_being></fictional_character>charact reminisc<it><movie wordnetid="106613686" confidence="0.9508927676800064"><link ns0:type="simple" ns0:href="../880/23880.xml">psycho</link></movie></it><it><link ns0:type="simple" ns0:href="../228/511228.xml">poseidon adventur</link></it>play acr dine room attend<it><movie wordnetid="106613686" confidence="0.9508927676800064"><link ns0:type="simple" ns0:href="../902/1475902.xml">dirti mari crazi larri</link></movie></it><it><movie wordnetid="106613686" confidence="0.9508927676800064"><link ns0:type="simple" ns0:href="../520/5550520.xml">class</link></movie></it><it><movie wordnetid="106613686" confidence="0.9508927676800064"><link ns0:type="simple" ns0:href="../132/1123132.xml">fright night</link></movie></it>play peter vincent televis host moder telecast horror film<it><movie wordnetid="106613686" confidence="0.9508927676800064"><link ns0:type="simple" ns0:href="../172/2209172.xml">overboard</link></movie></it>play kindheart butler appear stage frequent guest star televis appear seri origin<it><series wordnetid="108457976" confidence="0.9508927676800064"><link ns0:type="simple" ns0:href="../389/1409389.xml">twilight zone</link></series></it><it><link ns0:type="simple" ns0:href="../780/2740780.xml">buck roger centuri</link></it><it><series wordnetid="108457976" confidence="0.9508927676800064"><link ns0:type="simple" ns0:href="../215/66215.xml">night galleri</link></series></it><it><series wordnetid="108457976" confidence="0.9508927676800064"><link ns0:type="simple" ns0:href="../724/1133724.xml">invad</link></series></it><it><series wordnetid="108457976" confidence="0.9508927676800064"><link ns0:type="simple" ns0:href="../115/448115.xml">carol burnett</link></series></it><it><series wordnetid="108457976" confidence="0.9508927676800064"><link ns0:type="simple" ns0:href="../045/453045.xml">fantasi island</link></series></it><it><series wordnetid="108457976" confidence="0.9508927676800064"><link ns0:type="simple" ns0:href="../762/256762.xml">columbo</link></series></it><it><series wordnetid="108457976" confidence="0.9508927676800064"><link ns0:type="simple" ns0:href="../586/54586.xml">quantum leap</link></series></it></p><p>appear frequent<it><series wordnetid="108457976" confidence="0.9508927676800064"><link ns0:type="simple" ns0:href="../989/56989.xml">hollywood squar</link></series></it>occasion funni quip exampl</p><p>shakespear<it><link ns0:type="simple" ns0:href="../554/13554.xml">hamlet</link></it>queen gertrud meant famou son</p><p>mcdowal dozen<link ns0:type="simple" ns0:href="../480/5299480.xml">rose</link>box<link ns0:type="simple" ns0:href="../230/61230.xml">candi</link></p><p>play charact villain bookworm<link ns0:type="simple" ns0:href="../987/83987.xml">camp</link>tv seri<it><link ns0:type="simple" ns0:href="../705/298705.xml">batman</link></it>acclaim recur role<physical_entity wordnetid="100001930" confidence="0.8"><sick_person wordnetid="110595647" confidence="0.8"><person wordnetid="100007846" confidence="0.8"><reprobate wordnetid="110522324" confidence="0.8"><scientist wordnetid="110560637" confidence="0.8"><neurotic wordnetid="110354898" confidence="0.8"><obsessive-compulsive wordnetid="110349090" confidence="0.8"><unfortunate wordnetid="109630641" confidence="0.8"><principal wordnetid="110474950" confidence="0.8"><wrongdoer wordnetid="109633969" confidence="0.8"><criminal wordnetid="109977660" confidence="0.8"><causal_agent wordnetid="100007347" confidence="0.8"><pervert wordnetid="110419047" confidence="0.8"><pedophile wordnetid="110412669" confidence="0.8"><bad_person wordnetid="109831962" confidence="0.8"><link ns0:type="simple" ns0:href="../426/866426.xml">mad hatter</link></bad_person></pedophile></pervert></causal_agent></criminal></wrongdoer></principal></unfortunate></obsessive-compulsive></neurotic></scientist></reprobate></person></sick_person></physical_entity>well provid adroit dramat tone audio adapt<it><movie wordnetid="106613686" confidence="0.9508927676800064"><link ns0:type="simple" ns0:href="../726/4726.xml">batman</link></movie></it>film play rebel scientist dr jonathan willoway<polygon wordnetid="113866144" confidence="0.8"><disappearance wordnetid="100053609" confidence="0.8"><figure wordnetid="113862780" confidence="0.8"><triangle wordnetid="113879320" confidence="0.8"><event wordnetid="100029378" confidence="0.8"><departure wordnetid="100042757" confidence="0.8"><shape wordnetid="100027807" confidence="0.8"><act wordnetid="100030358" confidence="0.8"><psychological_feature wordnetid="100023100" confidence="0.8"><plane_figure wordnetid="113863186" confidence="0.8"><link ns0:type="simple" ns0:href="../854/4854.xml">bermuda triangl</link></plane_figure></psychological_feature></act></shape></departure></event></triangle></figure></disappearance></polygon>base scifi seri<it><diversion wordnetid="100426928" confidence="0.8"><event wordnetid="100029378" confidence="0.8"><show wordnetid="100520257" confidence="0.8"><act wordnetid="100030358" confidence="0.8"><psychological_feature wordnetid="100023100" confidence="0.8"><entertainment wordnetid="100429048" confidence="0.8"><activity wordnetid="100407535" confidence="0.8"><link ns0:type="simple" ns0:href="../294/997294.xml">fantast journey</link></activity></entertainment></psychological_feature></act></show></event></diversion></it>final act role anim episod episod dreadloch<it><movie wordnetid="106613686" confidence="0.9508927676800064"><link ns0:type="simple" ns0:href="../442/460442.xml">bug life</link></movie></it>final contribut motion pictur voic ant soil</p><p>mcdowal activ film preserv particip restor<it><movie wordnetid="106613686" confidence="0.9508927676800064"><link ns0:type="simple" ns0:href="../774/4954774.xml">cleopatra</link></movie></it>sever cut<company wordnetid="108058098" confidence="0.9508927676800064"><link ns0:type="simple" ns0:href="../318/170318.xml">centuri fox</link></company>studio head<person wordnetid="100007846" confidence="0.9508927676800064"><actor wordnetid="109765278" confidence="0.9508927676800064"><link ns0:type="simple" ns0:href="../275/192275.xml">darryl zanuck</link></actor></person>skyrocket product cost mcdowal serv year capac board governor<link ns0:type="simple" ns0:href="../842/39842.xml">academi motion pictur art scienc</link>organ present<link ns0:type="simple" ns0:href="../324/324.xml">oscar</link>award chairman actor branch term elect presid academi foundat year die</p><p>mcdowal receiv recognit<link ns0:type="simple" ns0:href="../303/84303.xml">photograph</link>publish book photograph celebr friend<person wordnetid="100007846" confidence="0.9508927676800064"><actor wordnetid="109765278" confidence="0.9508927676800064"><link ns0:type="simple" ns0:href="../357/42357.xml">elizabeth taylor</link></actor></person><person wordnetid="100007846" confidence="0.9508927676800064"><actor wordnetid="109765278" confidence="0.9508927676800064"><link ns0:type="simple" ns0:href="../719/58719.xml">judi garland</link></actor></person><person wordnetid="100007846" confidence="0.9508927676800064"><actor wordnetid="109765278" confidence="0.9508927676800064"><link ns0:type="simple" ns0:href="../074/187074.xml">judi holliday</link></actor></person><person wordnetid="100007846" confidence="0.9508927676800064"><actor wordnetid="109765278" confidence="0.9508927676800064"><link ns0:type="simple" ns0:href="../309/235309.xml">maureen ohara</link></actor></person></p></ss1><ss1><st>person life</st><p><link ns0:type="simple" ns0:href="../127/11127.xml">fbi</link>raid mcdowal seiz actor collect film televis seri cours investig movi piraci copyright infring collect consist mm print videocassett time era videotap legal aftermarket film copi sell print studio own copyright illeg mcdowal purchas<person wordnetid="100007846" confidence="0.9508927676800064"><actor wordnetid="109765278" confidence="0.9508927676800064"><director wordnetid="110014939" confidence="0.9173553029164789"><link ns0:type="simple" ns0:href="../030/67030.xml">errol flynn</link></director></actor></person>movi print directori debut<it><music wordnetid="107020895" confidence="0.8"><song wordnetid="107048000" confidence="0.8"><auditory_communication wordnetid="107109019" confidence="0.8"><literary_composition wordnetid="106364329" confidence="0.8"><written_communication wordnetid="106349220" confidence="0.8"><writing wordnetid="106362953" confidence="0.8"><ballad wordnetid="107049713" confidence="0.8"><poem wordnetid="106377442" confidence="0.8"><musical_composition wordnetid="107037465" confidence="0.8"><link ns0:type="simple" ns0:href="../299/72299.xml">tam lin</link></musical_composition></poem></ballad></writing></written_communication></literary_composition></auditory_communication></song></music></it>star<person wordnetid="100007846" confidence="0.9508927676800064"><actor wordnetid="109765278" confidence="0.9508927676800064"><link ns0:type="simple" ns0:href="../115/43115.xml">ava gardner</link></actor></person>transfer tape longerlast archiv storag mcdowal forthcom dealt<actor wordnetid="109765278" confidence="0.9508927676800064"><link ns0:type="simple" ns0:href="../466/161466.xml">rock hudson</link></actor><link ns0:type="simple" ns0:href="../069/1005069.xml">dick martin</link><link>mel torm</link>celebr interest film reproduct charg brought mcdowal</p></ss1><ss1><st>death</st><p><link ns0:type="simple" ns0:href="../347/22347.xml">octob</link><link ns0:type="simple" ns0:href="../647/34647.xml" />mcdowal die studio citi neighborhood lo angel<link ns0:type="simple" ns0:href="../450/18450.xml">lung cancer</link>peac denni osborn screenwrit friend care actor final month want exactli plan cremat neptun societi ash distribut pacif ocean report time</p><p>day death close friend<person wordnetid="100007846" confidence="0.9508927676800064"><singer wordnetid="110599806" confidence="0.9173553029164789"><actress wordnetid="109767700" confidence="0.9173553029164789"><actor wordnetid="109765278" confidence="0.9508927676800064"><link ns0:type="simple" ns0:href="../527/165527.xml">angela lansburi</link></actor></actress></singer></person>work year paid tribut<radio_station wordnetid="104044119" confidence="0.9508927676800064"><link ns0:type="simple" ns0:href="../912/233912.xml">bbc radio live</link></radio_station>wonder friend lost belov friend<ref ns0:type="simple" ns0:href="#xpointer(//reflist/entry[@id=%221%22])" /></p><p>public appear occur accompani actress<person wordnetid="100007846" confidence="0.9508927676800064"><actor wordnetid="109765278" confidence="0.9508927676800064"><link ns0:type="simple" ns0:href="../908/180908.xml">luis rainer</link></actor></person>oscar ceremoni</p></ss1></sec><sec><st>work</st><ss1><st>filmographi</st><p><table style="background:transparent; width:100%;" cellpadding="0" class=" multicol" cellspacing="0"><row><col align="left" width="33%" valign="top"><list><entry level="1" type="bullet"><it>yellow sand</it></entry><entry level="1" type="bullet"><it>scruffi</it></entry><entry level="1" type="bullet"><it><person wordnetid="100007846" confidence="0.9508927676800064"><actress wordnetid="109767700" confidence="0.9173553029164789"><actor wordnetid="109765278" confidence="0.9508927676800064"><link ns0:type="simple" ns0:href="../970/221970.xml">sarah siddon</link></actor></actress></person></it></entry><entry level="1" type="bullet"><it>murder famili</it></entry><entry level="1" type="bullet"><it>hey hey usa</it></entry><entry level="1" type="bullet"><it>ice</it></entry><entry level="1" type="bullet"><it>john halifax</it></entry><entry level="1" type="bullet"><it><movie wordnetid="106613686" confidence="0.9508927676800064"><link ns0:type="simple" ns0:href="../386/7161386.xml">convict</link></movie></it></entry><entry level="1" type="bullet"><it>dirt</it></entry><entry level="1" type="bullet"><it>outsid</it></entry><entry level="1" type="bullet"><it>poison pen</it></entry><entry level="1" type="bullet"><it>brother keeper</it></entry><entry level="1" type="bullet"><it>murder will</it></entry><entry level="1" type="bullet"><it>dead man shoe</it></entry><entry level="1" type="bullet"><it><work wordnetid="104599396" confidence="0.8"><product wordnetid="104007894" confidence="0.8"><creation wordnetid="103129123" confidence="0.8"><artifact wordnetid="100021939" confidence="0.8"><book wordnetid="106410904" confidence="0.8"><collection wordnetid="107951464" confidence="0.8"><group wordnetid="100031264" confidence="0.8"><publication wordnetid="106589574" confidence="0.8"><link ns0:type="simple" ns0:href="../469/212469.xml">william</link></publication></group></collection></book></artifact></creation></product></work></it></entry><entry level="1" type="bullet"><it>saloon bar</it></entry><entry level="1" type="bullet"><it>will rememb</it></entry><entry level="1" type="bullet"><it>man hunt</it></entry><entry level="1" type="bullet"><it>england</it></entry><entry level="1" type="bullet"><it><movie wordnetid="106613686" confidence="0.9508927676800064"><link ns0:type="simple" ns0:href="../038/4837038.xml">green valley</link></movie></it></entry><entry level="1" type="bullet"><it>confirm deni</it></entry><entry level="1" type="bullet"><it>son furi stori benjamin blake</it></entry><entry level="1" type="bullet"><it>sunni side</it></entry><entry level="1" type="bullet"><it><movie wordnetid="106613686" confidence="0.9508927676800064"><link ns0:type="simple" ns0:href="../637/77637.xml">pie piper</link></movie></it></entry><entry level="1" type="bullet"><it><beginning wordnetid="100235435" confidence="0.8"><change wordnetid="100191142" confidence="0.8"><broadcast wordnetid="106619428" confidence="0.8"><social_event wordnetid="107288639" confidence="0.8"><show wordnetid="106619065" confidence="0.8"><show wordnetid="100520257" confidence="0.8"><entertainment wordnetid="100429048" confidence="0.8"><morpheme wordnetid="106306233" confidence="0.8"><ending wordnetid="106308765" confidence="0.8"><change_of_state wordnetid="100199130" confidence="0.8"><diversion wordnetid="100426928" confidence="0.8"><event wordnetid="100029378" confidence="0.8"><action wordnetid="100037396" confidence="0.8"><television_program wordnetid="106620579" confidence="0.8"><part wordnetid="113809207" confidence="0.8"><act wordnetid="100030358" confidence="0.8"><psychological_feature wordnetid="100023100" confidence="0.8"><activity wordnetid="100407535" confidence="0.8"><introduction wordnetid="100238022" confidence="0.8"><language_unit wordnetid="106284225" confidence="0.8"><link ns0:type="simple" ns0:href="../536/1003536.xml">friend flicka</link></language_unit></introduction></activity></psychological_feature></act></part></television_program></action></event></diversion></change_of_state></ending></morpheme></entertainment></show></show></social_event></broadcast></change></beginning></it></entry><entry level="1" type="bullet"><it><movie wordnetid="106613686" confidence="0.9508927676800064"><link ns0:type="simple" ns0:href="../862/74862.xml">lassi</link></movie></it></entry><entry level="1" type="bullet"><it><movie wordnetid="106613686" confidence="0.9508927676800064"><link ns0:type="simple" ns0:href="../564/4143564.xml">white cliff dover</link></movie></it></entry><entry level="1" type="bullet"><it><link ns0:type="simple" ns0:href="../593/18613593.xml">kingdom</link></it></entry><entry level="1" type="bullet"><it>thunderhead son flicka</it></entry><entry level="1" type="bullet"><it>molli</it></entry><entry level="1" type="bullet"><it>holiday mexico</it></entry><entry level="1" type="bullet"><it>rocki</it></entry><entry level="1" type="bullet"><it><movie wordnetid="106613686" confidence="0.9508927676800064"><link ns0:type="simple" ns0:href="../825/1966825.xml">macbeth</link></movie></it></entry><entry level="1" type="bullet"><it>kidnap</it></entry><entry level="1" type="bullet"><it>tuna clipper</it></entry><entry level="1" type="bullet"><it>black midnight</it></entry><entry level="1" type="bullet"><it>killer shark</it></entry><entry level="1" type="bullet"><it>everybodi dancin</it>cameo</entry><entry level="1" type="bullet"><it>big timber</it></entry></list></col><col align="left" width="33%" valign="top"><list><entry level="1" type="bullet"><it>screen snapshot hollywood bat</it>short subject</entry><entry level="1" type="bullet"><it>steel fist</it></entry><entry level="1" type="bullet"><it><book wordnetid="106410904" confidence="0.9508927676800064"><link ns0:type="simple" ns0:href="../589/913589.xml">subterranean</link></book></it></entry><entry level="1" type="bullet"><it><product wordnetid="104007894" confidence="0.8"><creation wordnetid="103129123" confidence="0.8"><artifact wordnetid="100021939" confidence="0.8"><event wordnetid="100029378" confidence="0.8"><social_event wordnetid="107288639" confidence="0.8"><movie wordnetid="106613686" confidence="0.8"><show wordnetid="106619065" confidence="0.8"><psychological_feature wordnetid="100023100" confidence="0.8"><link ns0:type="simple" ns0:href="../394/2001394.xml">midnight lace</link></psychological_feature></show></movie></social_event></event></artifact></creation></product></it></entry><entry level="1" type="bullet"><it><movie wordnetid="106613686" confidence="0.9508927676800064"><link ns0:type="simple" ns0:href="../139/1343139.xml">longest day</link></movie></it></entry><entry level="1" type="bullet"><it><movie wordnetid="106613686" confidence="0.9508927676800064"><link ns0:type="simple" ns0:href="../774/4954774.xml">cleopatra</link></movie></it></entry><entry level="1" type="bullet"><it>shock treatment</it></entry><entry level="1" type="bullet"><it><movie wordnetid="106613686" confidence="0.9508927676800064"><link ns0:type="simple" ns0:href="../427/327427.xml">greatest stori told</link></movie></it></entry><entry level="1" type="bullet"><it>third day</it></entry><entry level="1" type="bullet"><it><movie wordnetid="106613686" confidence="0.9508927676800064"><link ns0:type="simple" ns0:href="../708/9450708.xml">love</link></movie></it></entry><entry level="1" type="bullet"><it><movie wordnetid="106613686" confidence="0.9508927676800064"><link ns0:type="simple" ns0:href="../699/1204699.xml">darn cat</link></movie></it></entry><entry level="1" type="bullet"><it><movie wordnetid="106613686" confidence="0.9508927676800064"><link ns0:type="simple" ns0:href="../979/1591979.xml">insid daisi clover</link></movie></it></entry><entry level="1" type="bullet"><it>lord love duck</it></entry><entry level="1" type="bullet"><it><movie wordnetid="106613686" confidence="0.9508927676800064"><link ns0:type="simple" ns0:href="../604/3657604.xml">defector</link></movie></it></entry><entry level="1" type="bullet"><it><link ns0:type="simple" ns0:href="../205/12712205.xml" /></it></entry><entry level="1" type="bullet"><it>adventur bullwhip griffin</it></entry><entry level="1" type="bullet"><it>cool</it></entry><entry level="1" type="bullet"><it><movie wordnetid="106613686" confidence="0.9508927676800064"><link ns0:type="simple" ns0:href="../306/18618306.xml">planet ape</link></movie></it></entry><entry level="1" type="bullet"><it><movie wordnetid="106613686" confidence="0.9508927676800064"><link ns0:type="simple" ns0:href="../925/1346925.xml">card stud</link></movie></it></entry><entry level="1" type="bullet"><it><link ns0:type="simple" ns0:href="../562/19101562.xml">mida</link></it></entry><entry level="1" type="bullet"><it>hello</it></entry><entry level="1" type="bullet"><it>angel angel</it></entry><entry level="1" type="bullet"><it>pretti maid row</it></entry><entry level="1" type="bullet"><it><movie wordnetid="106613686" confidence="0.9508927676800064"><link ns0:type="simple" ns0:href="../928/303928.xml">escap planet ape</link></movie></it></entry><entry level="1" type="bullet"><it><link ns0:type="simple" ns0:href="../525/357525.xml">bedknob broomstick</link></it></entry><entry level="1" type="bullet"><it><movie wordnetid="106613686" confidence="0.9508927676800064"><link ns0:type="simple" ns0:href="../159/657159.xml">conquest planet ape</link></movie></it></entry><entry level="1" type="bullet"><it><link ns0:type="simple" ns0:href="../228/511228.xml">poseidon adventur</link></it></entry><entry level="1" type="bullet"><it><link ns0:type="simple" ns0:href="../278/6642278.xml">life time judg roy bean</link></it></entry><entry level="1" type="bullet"><it><movie wordnetid="106613686" confidence="0.9508927676800064"><link ns0:type="simple" ns0:href="../825/2080825.xml">legend hell hous</link></movie></it></entry><entry level="1" type="bullet"><it><movie wordnetid="106613686" confidence="0.9508927676800064"><link ns0:type="simple" ns0:href="../860/709860.xml">battl planet ape</link></movie></it></entry><entry level="1" type="bullet"><it>arnold</it></entry><entry level="1" type="bullet"><it><movie wordnetid="106613686" confidence="0.9508927676800064"><link ns0:type="simple" ns0:href="../902/1475902.xml">dirti mari crazi larri</link></movie></it></entry><entry level="1" type="bullet"><it><movie wordnetid="106613686" confidence="0.9508927676800064"><link ns0:type="simple" ns0:href="../419/947419.xml">funni ladi</link></movie></it></entry><entry level="1" type="bullet"><it><movie wordnetid="106613686" confidence="0.9508927676800064"><link ns0:type="simple" ns0:href="../068/6007068.xml">johnni barrow</link></movie></it></entry><entry level="1" type="bullet"><it>embryo</it></entry><entry level="1" type="bullet"><it>sixth main</it></entry><entry level="1" type="bullet"><it><movie wordnetid="106613686" confidence="0.9508927676800064"><link ns0:type="simple" ns0:href="../229/2932229.xml">laserblast</link></movie></it></entry><entry level="1" type="bullet"><it><movie wordnetid="106613686" confidence="0.9508927676800064"><link ns0:type="simple" ns0:href="../930/1032930.xml">rabbit test</link></movie></it></entry></list></col><col align="left" width="" valign="top"><list><entry level="1" type="bullet"><it><movie wordnetid="106613686" confidence="0.9508927676800064"><link ns0:type="simple" ns0:href="../089/1814089.xml">cat outer space</link></movie></it></entry><entry level="1" type="bullet"><it>circl iron</it></entry><entry level="1" type="bullet"><it><movie wordnetid="106613686" confidence="0.9508927676800064"><link ns0:type="simple" ns0:href="../980/11101980.xml">nutcrack fantasi</link></movie></it>voic</entry><entry level="1" type="bullet"><it><movie wordnetid="106613686" confidence="0.9508927676800064"><link ns0:type="simple" ns0:href="../538/341538.xml">black hole</link></movie></it>voic</entry><entry level="1" type="bullet"><it><movie wordnetid="106613686" confidence="0.9508927676800064"><link ns0:type="simple" ns0:href="../870/6115870.xml">scaveng hunt</link></movie></it></entry><entry level="1" type="bullet"><it><literary_composition wordnetid="106364329" confidence="0.8"><written_communication wordnetid="106349220" confidence="0.8"><writing wordnetid="106362953" confidence="0.8"><fiction wordnetid="106367107" confidence="0.8"><novel wordnetid="106367879" confidence="0.8"><link ns0:type="simple" ns0:href="../751/63751.xml">return king</link></novel></fiction></writing></written_communication></literary_composition></it>voic</entry><entry level="1" type="bullet"><it>charli chan curs dragon queen</it></entry><entry level="1" type="bullet"><it><movie wordnetid="106613686" confidence="0.9508927676800064"><link ns0:type="simple" ns0:href="../814/4908814.xml">evil sun</link></movie></it></entry><entry level="1" type="bullet"><it><movie wordnetid="106613686" confidence="0.9508927676800064"><link ns0:type="simple" ns0:href="../520/5550520.xml">class</link></movie></it></entry><entry level="1" type="bullet"><it>zoo ship</it>voic</entry><entry level="1" type="bullet"><it><movie wordnetid="106613686" confidence="0.9508927676800064"><link ns0:type="simple" ns0:href="../132/1123132.xml">fright night</link></movie></it></entry><entry level="1" type="bullet"><it>gobot war rock lord</it>voic</entry><entry level="1" type="bullet"><it><movie wordnetid="106613686" confidence="0.9508927676800064"><link ns0:type="simple" ns0:href="../278/4327278.xml">dead winter</link></movie></it></entry><entry level="1" type="bullet"><it><movie wordnetid="106613686" confidence="0.9508927676800064"><link ns0:type="simple" ns0:href="../172/2209172.xml">overboard</link></movie></it></entry><entry level="1" type="bullet"><it>doin time planet earth</it></entry><entry level="1" type="bullet"><it><movie wordnetid="106613686" confidence="0.9508927676800064"><link ns0:type="simple" ns0:href="../406/2203406.xml">fright night ii</link></movie></it></entry><entry level="1" type="bullet"><it>hero stand</it></entry><entry level="1" type="bullet"><it><movie wordnetid="106613686" confidence="0.9508927676800064"><link ns0:type="simple" ns0:href="../404/4343404.xml">cut class</link></movie></it></entry><entry level="1" type="bullet"><it><movie wordnetid="106613686" confidence="0.9508927676800064"><link ns0:type="simple" ns0:href="../940/2387940.xml">big pictur</link></movie></it></entry><entry level="1" type="bullet"><it>shakma</it></entry><entry level="1" type="bullet"><it>go</it></entry><entry level="1" type="bullet"><it>nake target</it></entry><entry level="1" type="bullet"><it>doubl troubl</it></entry><entry level="1" type="bullet"><it>magic chuck jone</it>documentari</entry><entry level="1" type="bullet"><it>evil insid</it></entry><entry level="1" type="bullet"><it>angel undercov</it></entry><entry level="1" type="bullet"><it>color even</it></entry><entry level="1" type="bullet" /><entry level="1" type="bullet"><it>star hunter</it></entry><entry level="1" type="bullet"><it><literary_composition wordnetid="106364329" confidence="0.8"><written_communication wordnetid="106349220" confidence="0.8"><writing wordnetid="106362953" confidence="0.8"><fiction wordnetid="106367107" confidence="0.8"><novel wordnetid="106367879" confidence="0.8"><link ns0:type="simple" ns0:href="../793/3699793.xml">grass harp</link></novel></fiction></writing></written_communication></literary_composition></it></entry><entry level="1" type="bullet"><it>summer hampton</it></entry><entry level="1" type="bullet"><it>fantasi world irwin allen</it>documentari</entry><entry level="1" type="bullet"><it><movie wordnetid="106613686" confidence="0.9508927676800064"><link ns0:type="simple" ns0:href="../714/5589714.xml">parti</link></movie></it></entry><entry level="1" type="bullet"><it>mari pickford life film</it>documentari</entry><entry level="1" type="bullet" /><entry level="1" type="bullet"><it>click</it>short subject</entry><entry level="1" type="bullet"><it /></entry><entry level="1" type="bullet"><it><movie wordnetid="106613686" confidence="0.9508927676800064"><link ns0:type="simple" ns0:href="../442/460442.xml">bug life</link></movie></it>voic</entry><entry level="1" type="bullet"><it>keeper frame</it>documentari</entry></list></col></row></table></p></ss1><ss1><st>televis</st><p><table style="background:transparent; width:100%;" cellpadding="0" class=" multicol" cellspacing="0"><row><col align="left" width="33%" valign="top"><list><entry level="1" type="bullet"><it><series wordnetid="108457976" confidence="0.9508927676800064"><link ns0:type="simple" ns0:href="../389/1409389.xml">twilight zone</link></series></it></entry><entry level="1" type="bullet"><it><comedy wordnetid="107015510" confidence="0.8"><writing_style wordnetid="107092158" confidence="0.8"><dramatic_composition wordnetid="107007684" confidence="0.8"><play wordnetid="107007945" confidence="0.8"><written_communication wordnetid="106349220" confidence="0.8"><writing wordnetid="106362953" confidence="0.8"><drama wordnetid="106376154" confidence="0.8"><expressive_style wordnetid="107066659" confidence="0.8"><link ns0:type="simple" ns0:href="../023/6334023.xml">tempest</link></expressive_style></drama></writing></written_communication></play></dramatic_composition></writing_style></comedy></it></entry><entry level="1" type="bullet"><it><series wordnetid="108457976" confidence="0.9508927676800064"><link ns0:type="simple" ns0:href="../324/3217324.xml">nake citi</link></series>fault star</it></entry><entry level="1" type="bullet"><it><series wordnetid="108457976" confidence="0.9508927676800064"><link ns0:type="simple" ns0:href="../610/247610.xml">alfr hitchcock hour episod gentleman caller</link></series></it></entry><entry level="1" type="bullet"><it><literary_composition wordnetid="106364329" confidence="0.8"><written_communication wordnetid="106349220" confidence="0.8"><writing wordnetid="106362953" confidence="0.8"><fiction wordnetid="106367107" confidence="0.8"><novel wordnetid="106367879" confidence="0.8"><link ns0:type="simple" ns0:href="../425/1282425.xml">cricket hearth</link></novel></fiction></writing></written_communication></literary_composition></it>voic</entry><entry level="1" type="bullet"><it>legend robin hood</it></entry><entry level="1" type="bullet"><it><series wordnetid="108457976" confidence="0.9508927676800064"><link ns0:type="simple" ns0:href="../215/66215.xml">night galleri</link></series></it>pilot seri</entry><entry level="1" type="bullet"><it><movie wordnetid="106613686" confidence="0.9508927676800064"><link ns0:type="simple" ns0:href="../283/3682283.xml">terror sky</link></movie></it></entry><entry level="1" type="bullet"><it>tast evil</it></entry><entry level="1" type="bullet"><it>nice girl</it></entry><entry level="1" type="bullet" /><entry level="1" type="bullet" /><entry level="1" type="bullet"><it>topper return</it>unsold pilot</entry><entry level="1" type="bullet"><it><movie wordnetid="106613686" confidence="0.9508927676800064"><link ns0:type="simple" ns0:href="../523/80523.xml">miracl street</link></movie></it></entry><entry level="1" type="bullet"><it>black day bluebeard</it></entry><entry level="1" type="bullet"><it><series wordnetid="108457976" confidence="0.9508927676800064"><link ns0:type="simple" ns0:href="../011/2045011.xml">planet ape tv seri</link></series></it></entry><entry level="1" type="bullet"><it>white seal</it>voicenarr</entry><entry level="1" type="bullet"><it>flood</it></entry><entry level="1" type="bullet"><it>tick</it>voicebreadmast</entry><entry level="1" type="bullet"><it><story wordnetid="106369829" confidence="0.8"><literary_composition wordnetid="106364329" confidence="0.8"><short_story wordnetid="106371999" confidence="0.8"><written_communication wordnetid="106349220" confidence="0.8"><writing wordnetid="106362953" confidence="0.8"><fiction wordnetid="106367107" confidence="0.8"><link ns0:type="simple" ns0:href="../183/1155183.xml">mowgli brother</link></fiction></writing></written_communication></short_story></literary_composition></story></it>voic</entry><entry level="1" type="bullet"><it>rhinemann exchang</it>miniseri</entry></list></col><col align="left" width="33%" valign="top"><list><entry level="1" type="bullet"><it><diversion wordnetid="100426928" confidence="0.8"><event wordnetid="100029378" confidence="0.8"><show wordnetid="100520257" confidence="0.8"><act wordnetid="100030358" confidence="0.8"><psychological_feature wordnetid="100023100" confidence="0.8"><entertainment wordnetid="100429048" confidence="0.8"><activity wordnetid="100407535" confidence="0.8"><link ns0:type="simple" ns0:href="../294/997294.xml">fantast journey</link></activity></entertainment></psychological_feature></act></show></event></diversion></it>cancel episod</entry><entry level="1" type="bullet"><it><series wordnetid="108457976" confidence="0.9508927676800064"><link ns0:type="simple" ns0:href="../223/970223.xml">supertrain</link></series></it>green ladi</entry><entry level="1" type="bullet"><it>immigr</it></entry><entry level="1" type="bullet"><it>thief baghdad</it></entry><entry level="1" type="bullet"><it><series wordnetid="108457976" confidence="0.9508927676800064"><link ns0:type="simple" ns0:href="../102/1256102.xml">hart hart</link></series></it>pilot seri</entry><entry level="1" type="bullet"><it><book wordnetid="106410904" confidence="0.9508927676800064"><link ns0:type="simple" ns0:href="../320/37320.xml">martian chronicl</link></book></it>miniseri</entry><entry level="1" type="bullet"><it>memori eva ryker</it></entry><entry level="1" type="bullet"><it><movie wordnetid="106613686" confidence="0.9508927676800064"><link ns0:type="simple" ns0:href="../463/516463.xml">return king</link></movie></it>voic</entry><entry level="1" type="bullet"><it>dollar face</it></entry><entry level="1" type="bullet"><it><person wordnetid="100007846" confidence="0.9508927676800064"><actor wordnetid="109765278" confidence="0.9508927676800064"><link ns0:type="simple" ns0:href="../082/173082.xml">mae west</link></actor></person></it></entry><entry level="1" type="bullet"><it><series wordnetid="108457976" confidence="0.9508927676800064"><link ns0:type="simple" ns0:href="../745/384745.xml">tale gold monkey</link></series></it></entry><entry level="1" type="bullet"><it>girl hire</it></entry><entry level="1" type="bullet"><it>zani adventur robin hood</it></entry><entry level="1" type="bullet"><it><series wordnetid="108457976" confidence="0.9508927676800064"><link ns0:type="simple" ns0:href="../956/7207956.xml">hollywood wive</link></series></it>miniseri</entry><entry level="1" type="bullet"><it><movie wordnetid="106613686" confidence="0.9508927676800064"><link ns0:type="simple" ns0:href="../265/212265.xml">alic wonderland</link></movie></it></entry><entry level="1" type="bullet"><it>bridg cross</it>cancel episod</entry><entry level="1" type="bullet"><it>remo william</it>unsold pilot</entry><entry level="1" type="bullet"><it><link ns0:type="simple" ns0:href="../048/15208048.xml">day</link></it>miniseri</entry><entry level="1" type="bullet"><it><link ns0:type="simple" ns0:href="../375/19556375.xml">inconveni woman</link></it></entry><entry level="1" type="bullet"><it><series wordnetid="108457976" confidence="0.9508927676800064"><link ns0:type="simple" ns0:href="../289/495289.xml">pirat dark water</link></series></it>voic</entry></list></col><col align="left" width="33%" valign="top"><list><entry level="1" type="bullet"><it><literary_composition wordnetid="106364329" confidence="0.8"><written_communication wordnetid="106349220" confidence="0.8"><writing wordnetid="106362953" confidence="0.8"><fiction wordnetid="106367107" confidence="0.8"><novel wordnetid="106367879" confidence="0.8"><link ns0:type="simple" ns0:href="../224/1400224.xml">sand time</link></novel></fiction></writing></written_communication></literary_composition></it></entry><entry level="1" type="bullet"><link ns0:type="simple" ns0:href="../819/10494819.xml">quantum leap</link>season leap lisa</entry><entry level="1" type="bullet"><it>head</it></entry><entry level="1" type="bullet"><it><link ns0:type="simple" ns0:href="../055/1229055.xml">swat kat</link></it>lenni ringtailmadkat</entry><entry level="1" type="bullet"><it>red planet</it>miniseri</entry><entry level="1" type="bullet"><physical_entity wordnetid="100001930" confidence="0.8"><sick_person wordnetid="110595647" confidence="0.8"><person wordnetid="100007846" confidence="0.8"><reprobate wordnetid="110522324" confidence="0.8"><scientist wordnetid="110560637" confidence="0.8"><neurotic wordnetid="110354898" confidence="0.8"><obsessive-compulsive wordnetid="110349090" confidence="0.8"><unfortunate wordnetid="109630641" confidence="0.8"><principal wordnetid="110474950" confidence="0.8"><wrongdoer wordnetid="109633969" confidence="0.8"><criminal wordnetid="109977660" confidence="0.8"><causal_agent wordnetid="100007347" confidence="0.8"><pervert wordnetid="110419047" confidence="0.8"><pedophile wordnetid="110412669" confidence="0.8"><bad_person wordnetid="109831962" confidence="0.8"><link ns0:type="simple" ns0:href="../426/866426.xml">jervi tetchth mad hatter</link></bad_person></pedophile></pervert></causal_agent></criminal></wrongdoer></principal></unfortunate></obsessive-compulsive></neurotic></scientist></reprobate></person></sick_person></physical_entity></entry><entry level="1" type="bullet"><it>hart hart hart</it></entry><entry level="1" type="bullet"><it>alien</it></entry><entry level="1" type="bullet"><it><link ns0:type="simple" ns0:href="../037/24037.xml">pinki brain</link></it>voicesnowbal</entry><entry level="1" type="bullet"><it><series wordnetid="108457976" confidence="0.9508927676800064"><link ns0:type="simple" ns0:href="../097/5136097.xml">tracey take</link></series></it></entry><entry level="1" type="bullet"><it><movie wordnetid="106613686" confidence="0.9508927676800064"><link ns0:type="simple" ns0:href="../496/6558496.xml">dead man island</link></movie></it></entry><entry level="1" type="bullet"><it><movie wordnetid="106613686" confidence="0.9508927676800064"><link ns0:type="simple" ns0:href="../829/6585829.xml">angel</link></movie></it></entry><entry level="1" type="bullet"><it>loss faith</it></entry></list></col></row></table></p></ss1><ss1><st>stage</st><p><table style="background:transparent; width:100%;" cellpadding="0" class=" multicol" cellspacing="0"><row><col align="left" width="33%" valign="top"><list><entry level="1" type="bullet"><it><link ns0:type="simple" ns0:href="../691/1944691.xml">misalli</link></it></entry><entry level="1" type="bullet"><it>escapad</it></entry><entry level="1" type="bullet"><it><beginning wordnetid="100235435" confidence="0.8"><change wordnetid="100191142" confidence="0.8"><dramatic_composition wordnetid="107007684" confidence="0.8"><literary_composition wordnetid="106364329" confidence="0.8"><play wordnetid="107007945" confidence="0.8"><written_communication wordnetid="106349220" confidence="0.8"><writing wordnetid="106362953" confidence="0.8"><ending wordnetid="106308765" confidence="0.8"><morpheme wordnetid="106306233" confidence="0.8"><change_of_state wordnetid="100199130" confidence="0.8"><event wordnetid="100029378" confidence="0.8"><action wordnetid="100037396" confidence="0.8"><fiction wordnetid="106367107" confidence="0.8"><part wordnetid="113809207" confidence="0.8"><act wordnetid="100030358" confidence="0.8"><psychological_feature wordnetid="100023100" confidence="0.8"><novel wordnetid="106367879" confidence="0.8"><introduction wordnetid="100238022" confidence="0.8"><language_unit wordnetid="106284225" confidence="0.8"><link ns0:type="simple" ns0:href="../715/4198715.xml">time sergeant</link></language_unit></introduction></novel></psychological_feature></act></part></fiction></action></event></change_of_state></morpheme></ending></writing></written_communication></play></literary_composition></dramatic_composition></change></beginning></it></entry><entry level="1" type="bullet"><it>good gold</it></entry><entry level="1" type="bullet"><it>compuls</it></entry><entry level="1" type="bullet"><it>hand fire</it></entry><entry level="1" type="bullet"><it>lulu</it></entry><entry level="1" type="bullet"><it>fight cock</it></entry><entry level="1" type="bullet"><it><musical wordnetid="107019172" confidence="0.9508927676800064"><link ns0:type="simple" ns0:href="../750/435750.xml">camelot music</link></musical></it></entry><entry level="1" type="bullet"><it>astrakhan coat</it></entry></list></col></row></table></p></ss1></sec><sec><st>refer</st><p><reflist><entry id="1"><weblink ns0:type="simple" ns0:href="http://www.imdb.com/name/nm0001522/bio">roddi mcdowal biographi</weblink></entry></reflist></p></sec><sec><st>extern link</st><p><list><entry level="1" type="bullet"><weblink ns0:type="simple" ns0:href="http://www.imdb.com/name/nm0001522/">roddi mcdowal</weblink><web_site wordnetid="106359193" confidence="0.9508927676800064"><link ns0:type="simple" ns0:href="../554/2855554.xml">internet movi databas</link></web_site></entry><entry level="1" type="bullet"><weblink ns0:type="simple" ns0:href="http://www.ibdb.com/person.asp?ID=68284">roddi mcdowal</weblink><possession wordnetid="100032613" confidence="0.8"><property wordnetid="113244109" confidence="0.8"><link ns0:type="simple" ns0:href="../348/1037348.xml">internet broadway databas</link></property></possession></entry><entry level="1" type="bullet"><weblink ns0:type="simple" ns0:href="http://www.xmoppet.org/">xmoppetorg</weblink>tribut site career biograph imag galleri sound clip link articl tv guid fan club mail list</entry><entry level="1" type="bullet"><weblink ns0:type="simple" ns0:href="http://www.glbtq.com/arts/mcdowall_r.html">roddi mcdowal</weblink><link ns0:type="simple" ns0:href="../659/12719659.xml">glbtqcom</link></entry><entry level="1" type="bullet"><weblink ns0:type="simple" ns0:href="http://www.thesmokinggun.com/archive/roddy1.html">document fbi raid</weblink></entry></list></p><p><table style=";" class="navbox" cellspacing="0"><row><col style="padding:2px;"><table style="width:100%;background:transparent;color:inherit;;" class="nowraplinks collapsible autocollapse " cellspacing="0"><row><header colspan="2" style=";background: #DAA520;" class="navbox-title"><symbol wordnetid="106806469" confidence="0.8"><award wordnetid="106696483" confidence="0.8"><signal wordnetid="106791372" confidence="0.8"><link ns0:type="simple" ns0:href="../900/5885900.xml">primetim emmi award outstand support actor drama seri</link></signal></award></symbol></header></row><row style="height:2px;" /><row><col colspan="2" style="width:100%;padding:0px;;;" class="navbox-list navbox-odd"><p><person wordnetid="100007846" confidence="0.9508927676800064"><actor wordnetid="109765278" confidence="0.9508927676800064"><link ns0:type="simple" ns0:href="../356/436356.xml">denni weaver</link></actor></person><actor wordnetid="109765278" confidence="0.9508927676800064"><link ns0:type="simple" ns0:href="../588/163588.xml">roddi mcdowal</link></actor><physical_entity wordnetid="100001930" confidence="0.8"><person wordnetid="100007846" confidence="0.8"><performer wordnetid="110415638" confidence="0.8"><causal_agent wordnetid="100007347" confidence="0.8"><actor wordnetid="109765278" confidence="0.8"><entertainer wordnetid="109616922" confidence="0.8"><link ns0:type="simple" ns0:href="../053/8901053.xml">albert paulsen</link></entertainer></actor></causal_agent></performer></person></physical_entity><actor wordnetid="109765278" confidence="0.9173553029164789"><link ns0:type="simple" ns0:href="../947/961947.xml">jame dali</link></actor><person wordnetid="100007846" confidence="0.9508927676800064"><actor wordnetid="109765278" confidence="0.9508927676800064"><link ns0:type="simple" ns0:href="../482/10482.xml">eli wallach</link></actor></person><actor wordnetid="109765278" confidence="0.9508927676800064"><link ns0:type="simple" ns0:href="../271/995271.xml">milburn stone</link></actor><actor wordnetid="109765278" confidence="0.9508927676800064"><link ns0:type="simple" ns0:href="../514/352514.xml">jame brolin</link></actor><link ns0:type="simple" ns0:href="../534/2178534.xml">david burn</link><person wordnetid="100007846" confidence="0.9508927676800064"><actor wordnetid="109765278" confidence="0.9508927676800064"><link ns0:type="simple" ns0:href="../393/614393.xml">jack warden</link></actor></person><actor wordnetid="109765278" confidence="0.9508927676800064"><link ns0:type="simple" ns0:href="../021/10851021.xml">scott jacobi</link></actor><actor wordnetid="109765278" confidence="0.9508927676800064"><link ns0:type="simple" ns0:href="../718/916718.xml">michael moriarti</link></actor><actor wordnetid="109765278" confidence="0.9508927676800064"><link ns0:type="simple" ns0:href="../199/924199.xml">will geer</link></actor></p></col></row><row style="height:2px;" /><row><col colspan="2" style=";background: transparent; border-top: 1px solid #DAA520;" class="navbox-abovebelow"><p /></col></row></table></col></row></table></p><p><table style=";" class="navbox" cellspacing="0"><row><col style="padding:2px;"><table style="width:100%;background:transparent;color:inherit;;" class="nowraplinks collapsible autocollapse " cellspacing="0"><row><header colspan="2" style=";background: #C0C0C0;" class="navbox-title"><symbol wordnetid="106806469" confidence="0.8"><award wordnetid="106696483" confidence="0.8"><signal wordnetid="106791372" confidence="0.8"><link ns0:type="simple" ns0:href="../698/4243698.xml">toni award best perform featur actor play</link></signal></award></symbol></header></row><row style="height:2px;" /><row><col colspan="2" style="width:100%;padding:0px;;;" class="navbox-list navbox-odd"><p><actor wordnetid="109765278" confidence="0.9508927676800064"><link ns0:type="simple" ns0:href="../606/156606.xml">arthur kennedi</link></actor><person wordnetid="100007846" confidence="0.9508927676800064"><actor wordnetid="109765278" confidence="0.9508927676800064"><link ns0:type="simple" ns0:href="../482/10482.xml">eli wallach</link></actor></person><actor wordnetid="109765278" confidence="0.9508927676800064"><link ns0:type="simple" ns0:href="../068/2008068.xml">john cromwel</link></actor><physical_entity wordnetid="100001930" confidence="0.8"><person wordnetid="100007846" confidence="0.8"><performer wordnetid="110415638" confidence="0.8"><causal_agent wordnetid="100007347" confidence="0.8"><actor wordnetid="109765278" confidence="0.8"><entertainer wordnetid="109616922" confidence="0.8"><link ns0:type="simple" ns0:href="../101/242101.xml">john william</link></entertainer></actor></causal_agent></performer></person></physical_entity><actor wordnetid="109765278" confidence="0.9508927676800064"><link ns0:type="simple" ns0:href="../162/7449162.xml">john kerr</link></actor><actor wordnetid="109765278" confidence="0.9173553029164789"><link ns0:type="simple" ns0:href="../166/2722166.xml">franci sullivan</link></actor><actor wordnetid="109765278" confidence="0.9173553029164789"><link ns0:type="simple" ns0:href="../475/779475.xml">begley</link></actor><physical_entity wordnetid="100001930" confidence="0.8"><person wordnetid="100007846" confidence="0.8"><performer wordnetid="110415638" confidence="0.8"><causal_agent wordnetid="100007347" confidence="0.8"><actor wordnetid="109765278" confidence="0.8"><entertainer wordnetid="109616922" confidence="0.8"><link ns0:type="simple" ns0:href="../411/12046411.xml">frank conroy</link></entertainer></actor></causal_agent></performer></person></physical_entity><actor wordnetid="109765278" confidence="0.9508927676800064"><link ns0:type="simple" ns0:href="../666/2656666.xml">henri jone</link></actor><physical_entity wordnetid="100001930" confidence="0.8"><person wordnetid="100007846" confidence="0.8"><performer wordnetid="110415638" confidence="0.8"><causal_agent wordnetid="100007347" confidence="0.8"><actor wordnetid="109765278" confidence="0.8"><entertainer wordnetid="109616922" confidence="0.8"><link ns0:type="simple" ns0:href="../461/692461.xml">charli ruggl</link></entertainer></actor></causal_agent></performer></person></physical_entity><actor wordnetid="109765278" confidence="0.9508927676800064"><link ns0:type="simple" ns0:href="../588/163588.xml">roddi mcdowal</link></actor><actor wordnetid="109765278" confidence="0.9508927676800064"><link ns0:type="simple" ns0:href="../603/1796603.xml">martin gabel</link></actor><person wordnetid="100007846" confidence="0.9508927676800064"><actor wordnetid="109765278" confidence="0.9508927676800064"><link ns0:type="simple" ns0:href="../811/62811.xml">walter matthau</link></actor></person><person wordnetid="100007846" confidence="0.9508927676800064"><actor wordnetid="109765278" confidence="0.9508927676800064"><link ns0:type="simple" ns0:href="../895/161895.xml">alan arkin</link></actor></person><actor wordnetid="109765278" confidence="0.9508927676800064"><link ns0:type="simple" ns0:href="../582/247582.xml">hume cronyn</link></actor><actor wordnetid="109765278" confidence="0.9508927676800064"><link ns0:type="simple" ns0:href="../308/68308.xml">jack albertson</link></actor><actor wordnetid="109765278" confidence="0.9508927676800064"><link ns0:type="simple" ns0:href="../511/3347511.xml">patrick mage</link></actor><person wordnetid="100007846" confidence="0.9508927676800064"><actor wordnetid="109765278" confidence="0.9508927676800064"><link ns0:type="simple" ns0:href="../137/171137.xml">ian holm</link></actor></person><physical_entity wordnetid="100001930" confidence="0.8"><person wordnetid="100007846" confidence="0.8"><performer wordnetid="110415638" confidence="0.8"><causal_agent wordnetid="100007347" confidence="0.8"><actor wordnetid="109765278" confidence="0.8"><entertainer wordnetid="109616922" confidence="0.8"><link ns0:type="simple" ns0:href="../111/17387111.xml">jame patterson</link></entertainer></actor></causal_agent></performer></person></physical_entity><link ns0:type="simple" ns0:href="../906/41906.xml">al pacino</link><person wordnetid="100007846" confidence="0.9508927676800064"><actor wordnetid="109765278" confidence="0.9508927676800064"><link ns0:type="simple" ns0:href="../229/2208229.xml">ken howard</link></actor></person><actor wordnetid="109765278" confidence="0.9508927676800064"><link ns0:type="simple" ns0:href="../897/8743897.xml">paul sand</link></actor><actor wordnetid="109765278" confidence="0.9508927676800064"><link ns0:type="simple" ns0:href="../327/1392327.xml">vincent gardenia</link></actor><actor wordnetid="109765278" confidence="0.9508927676800064"><link ns0:type="simple" ns0:href="../471/10332471.xml">john lithgow</link></actor><actor wordnetid="109765278" confidence="0.9508927676800064"><link ns0:type="simple" ns0:href="../689/2197689.xml">flander</link></actor><actor wordnetid="109765278" confidence="0.9508927676800064"><link ns0:type="simple" ns0:href="../454/893454.xml">frank langella</link></actor></p></col></row><row style="height:2px;" /><row><col colspan="2" style=";background: transparent; border-top: 1px solid #C0C0C0;" class="navbox-abovebelow"><p /></col></row></table></col></row></table></p><p><table id="persondata" class="persondata"><header colspan="2" /><row><col class="persondata-label" /><col>mcdowal roddi</col></row><row><col class="persondata-label">altern name</col><col>mcdowal roderick andrew anthoni jude</col></row><row><col class="persondata-label">short descript</col><col><link ns0:type="simple" ns0:href="../753/753.xml">actor</link></col></row><row><col class="persondata-label">birth</col><col /></row><row><col class="persondata-label">place birth</col><col><site wordnetid="108651247" confidence="0.9508927676800064"><link ns0:type="simple" ns0:href="../385/406385.xml">hern hill</link></site><village wordnetid="108672738" confidence="0.9508927676800064"><link ns0:type="simple" ns0:href="../867/17867.xml">london</link></village><country wordnetid="108544813" confidence="0.9508927676800064"><link ns0:type="simple" ns0:href="../316/9316.xml">england</link></country><autocracy wordnetid="108361001" confidence="0.8"><system wordnetid="108435388" confidence="0.8"><social_group wordnetid="107950920" confidence="0.8"><political_orientation wordnetid="106212839" confidence="0.8"><monarchy wordnetid="108363812" confidence="0.8"><state wordnetid="108168978" confidence="0.8"><political_unit wordnetid="108359949" confidence="0.8"><political_system wordnetid="108367880" confidence="0.8"><economy wordnetid="108366753" confidence="0.8"><group wordnetid="100031264" confidence="0.8"><democracy wordnetid="106217103" confidence="0.8"><link ns0:type="simple" ns0:href="../717/31717.xml">unit kingdom</link></democracy></group></economy></political_system></political_unit></state></monarchy></political_orientation></social_group></system></autocracy></col></row><row><col class="persondata-label">death</col><col /></row><row><col class="persondata-label">place death</col><col><village wordnetid="108672738" confidence="0.9508927676800064"><link ns0:type="simple" ns0:href="../110/18110.xml">lo angel california</link></village><body wordnetid="107965085" confidence="0.8"><social_group wordnetid="107950920" confidence="0.8"><political_orientation wordnetid="106212839" confidence="0.8"><colony wordnetid="108374049" confidence="0.8"><state wordnetid="108168978" confidence="0.8"><political_unit wordnetid="108359949" confidence="0.8"><group wordnetid="100031264" confidence="0.8"><democracy wordnetid="106217103" confidence="0.8"><link ns0:type="simple" ns0:href="../750/3434750.xml">unit</link></democracy></group></political_unit></state></colony></political_orientation></social_group></body></col></row></table></p></sec></bdy></actor></entity></immigrant></citizen></article>