<article xmlns:ns0="http://www.w3.org/1999/xlink"><header><title>spanish fli</title><id /><revision><id /><timestamp>tz</timestamp><contributor><username>leavesleav</username><id /></contributor></revision><categories><category>abortifaci</category><category>beetl</category></categories></header><bdy><link ns0:type="simple" ns0:href="../794/2619794.xml">spanish fli disambigu</link><p><table style="text-align:center; padding:2.5px; width:200px;" class="infobox biota"><row style="text-align:center;"><header style="background:#D3D3A4;">spanish fli</header></row><row style="text-align:center;"><col><image width="230px" src="Lytta-vesicatoria.jpg" /></col></row><row style="background:#D3D3A4;" /><row style="text-align:center;"><header style="background:#D3D3A4;"><link ns0:type="simple" ns0:href="../581/53581.xml">scientif classif</link></header></row><row style="text-align:center;"><col><table style="margin:0 auto; text-align:left; background:transparent;" cellpadding="2"><row valign="top" /><row valign="top" /><row valign="top" /><row valign="top" /><row valign="top" /><row valign="top"><col>kingdom</col><col><link ns0:type="simple" ns0:href="../790/11039790.xml">anim</link>ia</col></row><row valign="top" /><row valign="top" /><row valign="top" /><row valign="top" /><row valign="top" /><row valign="top" /><row valign="top"><col>phylum</col><col><link ns0:type="simple" ns0:href="../ury/25th_century.xml">arthropod</link></col></row><row valign="top" /><row valign="top" /><row valign="top" /><row valign="top" /><row valign="top" /><row valign="top" /><row valign="top" /><row valign="top"><col>class</col><col><link ns0:type="simple" ns0:href="../944/14944.xml">insect</link></col></row><row valign="top" /><row valign="top" /><row valign="top" /><row valign="top" /><row valign="top" /><row valign="top"><col>order</col><col><link ns0:type="simple" ns0:href="../044/7044.xml">coleoptera</link></col></row><row valign="top" /><row valign="top" /><row valign="top" /><row valign="top" /><row valign="top" /><row valign="top" /><row valign="top" /><row valign="top" /><row valign="top"><col>famili</col><col><link ns0:type="simple" ns0:href="../295/1951295.xml">meloida</link></col></row><row valign="top"><col>subfamili</col><col><link>meloina</link></col></row><row valign="top" /><row valign="top"><col>tribe</col><col><link>lyttini</link></col></row><row valign="top" /><row valign="top" /><row valign="top" /><row valign="top"><col>genu</col><col><it><link>lytta</link></it></col></row><row valign="top" /><row valign="top" /><row valign="top" /><row valign="top" /><row valign="top" /><row valign="top" /><row valign="top" /><row valign="top" /><row valign="top"><col>speci</col><col><it>vesicatoria</it></col></row><row valign="top" /></table></col></row><row style="background:#D3D3A4;" /><row style="background:#D3D3A4;"><header><link ns0:type="simple" ns0:href="../736/39736.xml">binomi</link></header></row><row style="text-align:center;"><col><it>lytta vesicatoria</it><link ns0:type="simple" ns0:href="../233/5233.xml">linnaeu</link></col></row><row style="background:#D3D3A4;" /><row style="background:#D3D3A4;" /><row style="background:#D3D3A4;" /><row style="text-align:center;" /><row style="text-align:center;" /><row style="text-align:center;" /><row style="text-align:center;" /><row style="text-align:center;" /><row style="text-align:center;" /><row style="text-align:center;" /><row style="text-align:center;" /><row style="text-align:center;" /><row style="text-align:center;" /><row style="background:#D3D3A4;" /></table></p><p>spanish fli emeraldgreen<link ns0:type="simple" ns0:href="../044/7044.xml">beetl</link><link ns0:type="simple" ns0:href="../276/56276.xml">famili</link><link ns0:type="simple" ns0:href="../295/1951295.xml">meloida</link><it>lytta vesicatoria</it><ref ns0:type="simple" ns0:href="#xpointer(//reflist/entry[@id=%221%22])" /><ref ns0:type="simple" ns0:href="#xpointer(//reflist/entry[@id=%222%22])" />mm mm long mm mm wide live plant famili<link ns0:type="simple" ns0:href="../609/206609.xml">caprifoliacea</link><link ns0:type="simple" ns0:href="../918/78918.xml">oleacea</link>beetl<link ns0:type="simple" ns0:href="../670/164670.xml">cantharidin</link>irrit anim tissu crush powder spanish fli yellowish brown brownol color iridesc reflect disagre scent bitter flavor</p><p>spanish fli cantharid call farm anim incit mate<ref ns0:type="simple" ns0:href="#xpointer(//reflist/entry[@id=%223%22])" />cantharid excret urin irrit urethr passag caus<link ns0:type="simple" ns0:href="../425/70425.xml">inflamm</link>genit subsequ<link ns0:type="simple" ns0:href="../896/83896.xml">priapism</link><ref ns0:type="simple" ns0:href="#xpointer(//reflist/entry[@id=%223%22])" />reason spanish fli human purpos seduct danger amount requir minuscul differ<link ns0:type="simple" ns0:href="../288/506288.xml">effect dose</link>harm dose narrow cantharid pain urin fever bloodi discharg perman damag<link ns0:type="simple" ns0:href="../025/17025.xml">kidney</link>genit<ref ns0:type="simple" ns0:href="#xpointer(//reflist/entry[@id=%223%22])" /></p><sec><st>histori</st><p><image location="left" width="175px" src="Collecting_cantharides.jpg" type="thumb"><caption>collect cantharid centuri</caption></image>medic date descript<person wordnetid="100007846" confidence="0.9508927676800064"><doctor wordnetid="110020890" confidence="0.9173553029164789"><link ns0:type="simple" ns0:href="../486/13486.xml">hippocr</link></doctor></person><link ns0:type="simple" ns0:href="../731/331731.xml">plaster</link>wing beetl rais<link ns0:type="simple" ns0:href="../602/241602.xml">blister</link><link ns0:type="simple" ns0:href="../760/5760.xml">ancient china</link>cantharid beetl mix human excrement<link ns0:type="simple" ns0:href="../897/897.xml">arsen</link><link ns0:type="simple" ns0:href="../988/59988.xml">wolfsban</link>world record<link ns0:type="simple" ns0:href="../746/1639746.xml">stink bomb</link><ref ns0:type="simple" ns0:href="#xpointer(//reflist/entry[@id=%224%22])" />world wellknown<link ns0:type="simple" ns0:href="../705/70705.xml">aphrodisiac</link><country wordnetid="108544813" confidence="0.9508927676800064"><link ns0:type="simple" ns0:href="../507/25507.xml">roman</link></country>time<sovereign wordnetid="110628644" confidence="0.8"><physical_entity wordnetid="100001930" confidence="0.8"><member wordnetid="110307234" confidence="0.8"><peer wordnetid="109626238" confidence="0.8"><person wordnetid="100007846" confidence="0.8"><emperor wordnetid="110053004" confidence="0.8"><adult wordnetid="109605289" confidence="0.8"><empress wordnetid="110053439" confidence="0.8"><ruler wordnetid="110541229" confidence="0.8"><associate wordnetid="109816771" confidence="0.8"><regent wordnetid="110516294" confidence="0.8"><representative wordnetid="110522035" confidence="0.8"><communicator wordnetid="109610660" confidence="0.8"><committee_member wordnetid="109944160" confidence="0.8"><female wordnetid="109619168" confidence="0.8"><woman wordnetid="110787470" confidence="0.8"><causal_agent wordnetid="100007347" confidence="0.8"><head_of_state wordnetid="110164747" confidence="0.8"><negotiator wordnetid="110351874" confidence="0.8"><link ns0:type="simple" ns0:href="../775/74775.xml">livia</link></negotiator></head_of_state></causal_agent></woman></female></committee_member></communicator></representative></regent></associate></ruler></empress></adult></emperor></person></peer></member></physical_entity></sovereign>scheme wife augustu caesar slip food hope inspir guest indiscret blackmail<ref ns0:type="simple" ns0:href="#xpointer(//reflist/entry[@id=%225%22])" /><sovereign wordnetid="110628644" confidence="0.9508927676800064"><person wordnetid="100007846" confidence="0.9508927676800064"><link ns0:type="simple" ns0:href="../464/40464.xml">henri iv</link></person></sovereign>consum spanish fli risk health famou french surgeon<link>ambrois par</link>wrote account man suffer fright<link ns0:type="simple" ns0:href="../255/220255.xml">satyriasi</link>potion compos<link ns0:type="simple" ns0:href="../793/196793.xml">nettl</link>cantharid<ref ns0:type="simple" ns0:href="#xpointer(//reflist/entry[@id=%226%22])" />spanish fli mix dri mole bat blood love charm black magician<physical_entity wordnetid="100001930" confidence="0.8"><person wordnetid="100007846" confidence="0.8"><occultist wordnetid="110370381" confidence="0.8"><causal_agent wordnetid="100007347" confidence="0.8"><link ns0:type="simple" ns0:href="../221/287221.xml">la voisin</link></causal_agent></occultist></person></physical_entity><ref ns0:type="simple" ns0:href="#xpointer(//reflist/entry[@id=%227%22])" />slip food<link ns0:type="simple" ns0:href="../553/18553.xml">loui xiv</link>secur king lust<link ns0:type="simple" ns0:href="../211/287211.xml">madam de montespan</link>centuri cantharid fashion<it>pastil richelieu</it>franc<person wordnetid="100007846" confidence="0.9508927676800064"><poet wordnetid="110444194" confidence="0.9173553029164789"><writer wordnetid="110794014" confidence="0.9173553029164789"><critic wordnetid="109979321" confidence="0.9173553029164789"><link ns0:type="simple" ns0:href="../787/8787.xml">marqui de sade</link></critic></writer></poet></person>claim<link ns0:type="simple" ns0:href="../674/68674.xml">anise</link>flavor pastil lace spanish fli prostitut orgi sentenc death poison sodomi repriev appeal</p><p><link ns0:type="simple" ns0:href="../793/323793.xml">abortifaci</link>stimul effect produc<link ns0:type="simple" ns0:href="../798/50798.xml">insomnia</link>nervou agit poison powder mix food unnot<it>aqua toffana</it><it>aquetta di napoli</it>poison associ<link ns0:type="simple" ns0:href="../175/44175.xml">medici</link>thought mixtur arsen cantharid reportedli creat italian countess toffana drop poison water wine deliv painless death hour<ref ns0:type="simple" ns0:href="#xpointer(//reflist/entry[@id=%228%22])" /></p><p>order determin death place effect spanish fli resort<it>vesicacin</it>test test method consist rub intern organ deceas dissolv oil shave skin rabbit absorpt cantharid blister visibl skin rabbit</p><p><link ns0:type="simple" ns0:href="../063/356063.xml">santeria</link>catharid<link ns0:type="simple" ns0:href="../254/175254.xml">incens</link><ref ns0:type="simple" ns0:href="#xpointer(//reflist/entry[@id=%229%22])" /></p></sec><sec><st>commerci product</st><p>cantharid illeg unit<link ns0:type="simple" ns0:href="../640/219640.xml">anim husbandri</link>licens physician topic treatment type<link ns0:type="simple" ns0:href="../049/34049.xml">wart</link>internet mail order supplier sex stimul advertis product herbal spanish fli mexican spanish fli spanish fli potion product simpli<link ns0:type="simple" ns0:href="../859/90859.xml">cayenn pepper</link>capsul blend powder<link ns0:type="simple" ns0:href="../023/450023.xml">ginseng</link><link ns0:type="simple" ns0:href="../744/165744.xml">kelp</link><link ns0:type="simple" ns0:href="../929/54929.xml">ginger</link><link ns0:type="simple" ns0:href="../862/4417862.xml">gotu kola</link><ref ns0:type="simple" ns0:href="#xpointer(//reflist/entry[@id=%2210%22])" />product spanisch flieg spanish fli germani repres danger normal applic activ substanc<link ns0:type="simple" ns0:href="../229/14229.xml">homeopath</link>dosag dilut effect nonexist</p></sec><sec><st>culinari</st><p><it>dawamesk</it>spread jam<link ns0:type="simple" ns0:href="../714/21714.xml">north africa</link><link ns0:type="simple" ns0:href="../415/14415.xml">hashish</link><component wordnetid="103081021" confidence="0.8"><ingredient wordnetid="103570709" confidence="0.8"><part wordnetid="103892891" confidence="0.8"><link ns0:type="simple" ns0:href="../233/3215233.xml">almond past</link></part></ingredient></component>pistachio nut sugar orang<link ns0:type="simple" ns0:href="../931/227931.xml">tamarind</link>peel<link ns0:type="simple" ns0:href="../950/70950.xml">clove</link>spice occasion includ spanish fli</p><p><link ns0:type="simple" ns0:href="../291/19291.xml">morocco</link>part north africa spice blend call<it><link ns0:type="simple" ns0:href="../594/1584594.xml">ra el hanout</link></it>includ cantharid list ingredi time sale spanish fli moroccan spice market ban</p></sec><sec><st>note</st><p><reflist><entry id="1">greek<it>lytta</it>rage latin<it>vesica</it>blister</entry><entry id="2">speci<link ns0:type="simple" ns0:href="../295/1951295.xml">blister beetl</link><link ns0:type="simple" ns0:href="../598/1274598.xml">apothecari</link>call<it>lytta vesicatoria</it>call<it>canthari vesicatoria</it><link ns0:type="simple" ns0:href="../493/38493.xml">genu</link><it>canthari</it>unrel famili<link ns0:type="simple" ns0:href="../588/435588.xml">cantharida</link></entry><entry id="3"><cite class="inline"><link ns0:type="simple" ns0:href="#xpointer(//cite[@id=%22CITEREFGottlieb1992%22])">gottlieb</link></cite></entry><entry id="4"><cite class="inline"><link ns0:type="simple" ns0:href="#xpointer(//cite[@id=%22CITEREFTheroux1989%22])">theroux</link></cite></entry><entry id="5"><cite id="Reference-James-1995" style="font-style:normal" class="book">jame peter ancient invent ballantin book isbn</cite></entry><entry id="6"><cite class="inline"><link ns0:type="simple" ns0:href="#xpointer(//cite[@id=%22CITEREFMilsten2000%22])">milsten</link></cite></entry><entry id="7"><cite class="inline"><link ns0:type="simple" ns0:href="#xpointer(//cite[@id=%22CITEREFCavendish1968%22])">cavendish</link></cite></entry><entry id="8"><cite class="inline"><link ns0:type="simple" ns0:href="#xpointer(//cite[@id=%22CITEREFStevens1990%22])">steven</link></cite></entry><entry id="9"><cite class="inline"><link ns0:type="simple" ns0:href="#xpointer(//cite[@id=%22CITEREFGonzalez-Wippler2002%22])">gonzalezwippl</link></cite></entry><entry id="10"><cite class="inline"><link ns0:type="simple" ns0:href="#xpointer(//cite[@id=%22CITEREFGottlieb1992%22])">gottlieb</link></cite></entry></reflist></p></sec><sec><st>refer</st><p><image location="left" width="50px" src="Wikispecies-logo.svg" /><web_site wordnetid="106359193" confidence="0.9508927676800064"><link ns0:type="simple" ns0:href="../826/998826.xml">wikispeci</link></web_site></p><p><list><entry level="1" type="bullet"><cite id="CITEREFBooth2004">booth martin<it>cannabi histori</it>picador isbn</cite></entry><entry level="1" type="bullet"><cite id="CITEREFCavendish1968">cavendish richard<it>black art absorb account witchcraft demonolog astrolog mystic practic age</it>perige trade isbn</cite></entry><entry level="1" type="bullet"><cite id="CITEREFDavidson1999">davidson alan<it>oxford companion food</it>oxford univers press isbn</cite></entry><entry level="1" type="bullet"><cite id="CITEREFGonzalez-Wippler2002">gonzalezwippl migen<it>santeria religion</it>llewellyn public isbn</cite></entry><entry level="1" type="bullet"><cite id="CITEREFGottlieb1992">gottlieb adam<it>sex drug aphrodisiac</it>ronin publish isbn</cite></entry><entry level="1" type="bullet"><cite id="CITEREFMilsten2000">milsten richard<it>sexual male problem solut</it>norton compani isbn</cite></entry><entry level="1" type="bullet"><cite id="CITEREFReichl2004">reichl ruth<it>gourmet cookbook</it>houghton mifflin isbn</cite></entry><entry level="1" type="bullet"><cite id="CITEREFStevens1990">steven serita deborah<it>deadli dose writer guid poison</it>writer digest book isbn</cite></entry><entry level="1" type="bullet"><cite id="CITEREFTheroux1989">theroux paul<it>ride iron rooster</it>ivi book isbn</cite></entry></list></p></sec></bdy></article>