<article xmlns:ns0="http://www.w3.org/1999/xlink"><model confidence="0.9511911446218017" wordnetid="110324560"><person confidence="0.9508927676800064" wordnetid="100007846"><manufacturer confidence="0.9173553029164789" wordnetid="110292316"><entity confidence="0.9511911446218017" wordnetid="100001740"><alumnus confidence="0.9511911446218017" wordnetid="109786338"><actor confidence="0.9508927676800064" wordnetid="109765278"><header><title>julia robert</title><id /><revision><id /><timestamp>tz</timestamp><contributor><username>lightbot</username><id /></contributor></revision><categories><category>american film actor</category><category>best support actress golden globe film winner</category><category>peopl atlanta georgia</category><category>lee strasberg theatr institut alumni</category><category>live peopl</category><category>action film actor</category><category>best actress academi award winner</category><category>irishamerican</category><category>american femal model</category><category>birth</category><category>best music comedi actress golden globe film winner</category><category>georgia actor</category><category>articl need addit refer march</category><category>best drama actress golden globe film winner</category><category>american televis actor</category><category>actor studio alumni</category><category>georgia univers alumni</category><category>bafta winner peopl</category><category>american stage actor</category></categories></header><bdy><template><name>infobox actor</name><parameters><image width="150px" src="Julia_Roberts_in_May_2002.jpg"><caption>julia robert</caption></image><occupation>actress produc</occupation><sagawards><link ns0:type="simple" ns0:href="../401/3627401.xml">outstand actress motion pictur</link><it><movie wordnetid="106613686" confidence="0.9508927676800064"><link ns0:type="simple" ns0:href="../914/1241914.xml">erin brockovich</link></movie></it></sagawards><baftaawards><symbol wordnetid="106806469" confidence="0.8"><award wordnetid="106696483" confidence="0.8"><signal wordnetid="106791372" confidence="0.8"><link ns0:type="simple" ns0:href="../876/3307876.xml">best actress lead role</link></signal></award></symbol><it><movie wordnetid="106613686" confidence="0.9508927676800064"><link ns0:type="simple" ns0:href="../914/1241914.xml">erin brockovich</link></movie></it></baftaawards><goldenglobeawards><symbol wordnetid="106806469" confidence="0.8"><award wordnetid="106696483" confidence="0.8"><signal wordnetid="106791372" confidence="0.8"><link ns0:type="simple" ns0:href="../068/186068.xml">best actress motion pictur drama</link></signal></award></symbol><it><movie wordnetid="106613686" confidence="0.9508927676800064"><link ns0:type="simple" ns0:href="../914/1241914.xml">erin brockovich</link></movie></it><symbol wordnetid="106806469" confidence="0.8"><award wordnetid="106696483" confidence="0.8"><signal wordnetid="106791372" confidence="0.8"><link ns0:type="simple" ns0:href="../067/186067.xml">best actress motion pictur music comedi</link></signal></award></symbol><it><movie wordnetid="106613686" confidence="0.9508927676800064"><link ns0:type="simple" ns0:href="../745/156745.xml">pretti woman</link></movie></it><symbol wordnetid="106806469" confidence="0.8"><award wordnetid="106696483" confidence="0.8"><signal wordnetid="106791372" confidence="0.8"><link ns0:type="simple" ns0:href="../749/1476749.xml">best support actress motion pictur</link></signal></award></symbol><it><movie wordnetid="106613686" confidence="0.9508927676800064"><link ns0:type="simple" ns0:href="../008/600008.xml">steel magnolia</link></movie></it></goldenglobeawards><birthplace><village wordnetid="108672738" confidence="0.9508927676800064"><link ns0:type="simple" ns0:href="../138/3138.xml">atlanta georgia</link></village><ref ns0:type="simple" ns0:href="#xpointer(//reflist/entry[@id=%2221%22])" /></birthplace><awards><link ns0:type="simple" ns0:href="../922/8659922.xml">nbr award best cast</link><it><link>prtporter</link></it><it><movie wordnetid="106613686" confidence="0.9508927676800064"><link ns0:type="simple" ns0:href="../528/1162528.xml">closer</link></movie></it><symbol wordnetid="106806469" confidence="0.8"><award wordnetid="106696483" confidence="0.8"><signal wordnetid="106791372" confidence="0.8"><link ns0:type="simple" ns0:href="../272/12966272.xml">nbr award best actress</link></signal></award></symbol><it><movie wordnetid="106613686" confidence="0.9508927676800064"><link ns0:type="simple" ns0:href="../914/1241914.xml">erin brockovich</link></movie></it></awards><spouse><songwriter wordnetid="110624540" confidence="0.9173553029164789"><manufacturer wordnetid="110292316" confidence="0.9173553029164789"><singer wordnetid="110599806" confidence="0.9173553029164789"><actor wordnetid="109765278" confidence="0.9173553029164789"><artist wordnetid="109812338" confidence="0.9508927676800064"><link ns0:type="simple" ns0:href="../705/437705.xml">lyle lovett</link></artist></actor></singer></manufacturer></songwriter>daniel moder</spouse><birthdate>octob age</birthdate><birthname>julia fiona robert</birthname><yearsactive><fundamental_quantity wordnetid="113575869" confidence="0.8"><time_period wordnetid="115113229" confidence="0.8"><year wordnetid="115203791" confidence="0.8"><link ns0:type="simple" ns0:href="../293/171293.xml" /></year></time_period></fundamental_quantity></yearsactive><academyawards><symbol wordnetid="106806469" confidence="0.8"><award wordnetid="106696483" confidence="0.8"><signal wordnetid="106791372" confidence="0.8"><link ns0:type="simple" ns0:href="../818/61818.xml">best actress</link></signal></award></symbol><it><movie wordnetid="106613686" confidence="0.9508927676800064"><link ns0:type="simple" ns0:href="../914/1241914.xml">erin brockovich</link></movie></it></academyawards></parameters></template><link ns0:type="simple" ns0:href="../412/17822412.xml">julia robert disambigu</link><p>julia fiona robert born octob<body wordnetid="107965085" confidence="0.8"><social_group wordnetid="107950920" confidence="0.8"><political_orientation wordnetid="106212839" confidence="0.8"><colony wordnetid="108374049" confidence="0.8"><state wordnetid="108168978" confidence="0.8"><political_unit wordnetid="108359949" confidence="0.8"><group wordnetid="100031264" confidence="0.8"><democracy wordnetid="106217103" confidence="0.8"><link ns0:type="simple" ns0:href="../750/3434750.xml">american</link></democracy></group></political_unit></state></colony></political_orientation></social_group></body><award wordnetid="106696483" confidence="0.9508927676800064"><link ns0:type="simple" ns0:href="../324/324.xml">academi award</link></award>win<link ns0:type="simple" ns0:href="../753/753.xml">film actress</link><link ns0:type="simple" ns0:href="../916/48916.xml">fashion model</link>well earli star<link ns0:type="simple" ns0:href="../807/51807.xml">romant comedi</link><it><movie wordnetid="106613686" confidence="0.9508927676800064"><link ns0:type="simple" ns0:href="../745/156745.xml">pretti woman</link></movie></it>opposit<actor wordnetid="109765278" confidence="0.9508927676800064"><link ns0:type="simple" ns0:href="../956/153956.xml">richard gere</link></actor>gross worldwid won best actress<link ns0:type="simple" ns0:href="../324/324.xml">academi award</link>critic acclaim turn titl charact<it><movie wordnetid="106613686" confidence="0.9508927676800064"><link ns0:type="simple" ns0:href="../914/1241914.xml"><it>erin brockovich</it></link></movie></it>earn oscar nomin best support actress<it><movie wordnetid="106613686" confidence="0.9508927676800064"><link ns0:type="simple" ns0:href="../008/600008.xml">steel magnolia</link></movie></it>best actress<it>pretti woman</it>film includ<link ns0:type="simple" ns0:href="../807/51807.xml">romant comedi</link><it><movie wordnetid="106613686" confidence="0.9508927676800064"><link ns0:type="simple" ns0:href="../148/277148.xml">best friend wed</link></movie></it><it><movie wordnetid="106613686" confidence="0.9508927676800064"><link ns0:type="simple" ns0:href="../622/500622.xml">mystic pizza</link></movie></it><it><movie wordnetid="106613686" confidence="0.9508927676800064"><link ns0:type="simple" ns0:href="../019/204019.xml">not hill</link></movie></it><it><movie wordnetid="106613686" confidence="0.9508927676800064"><link ns0:type="simple" ns0:href="../729/1908729.xml">runaway bride</link></movie></it>crime film<it><movie wordnetid="106613686" confidence="0.9508927676800064"><link ns0:type="simple" ns0:href="../756/5123756.xml">pelican</link></movie></it><it><movie wordnetid="106613686" confidence="0.9508927676800064"><link ns0:type="simple" ns0:href="../266/2251266.xml">ocean eleven</link></movie></it>collect earn box offic receipt billion make success actress term box offic receipt<ref ns0:type="simple" ns0:href="#xpointer(//reflist/entry[@id=%221%22])" /></p><p>robert highestpaid actress top<it><link ns0:type="simple" ns0:href="../422/791422.xml">hollywood report</link></it>annual power list topearn femal star<person wordnetid="100007846" confidence="0.9508927676800064"><actor wordnetid="109765278" confidence="0.9508927676800064"><link ns0:type="simple" ns0:href="../504/21504.xml">nicol kidman</link></actor></person>won top spot fee<it>pretti woman</it>paid unpreced role<it><movie wordnetid="106613686" confidence="0.9508927676800064"><link ns0:type="simple" ns0:href="../489/883489.xml">mona lisa smile</link></movie></it>robertss net worth estim<ref ns0:type="simple" ns0:href="#xpointer(//reflist/entry[@id=%222%22])" /></p><p>robert actress appear cover<it>vogu</it>woman land cover<it>gq</it>name<it><magazine wordnetid="106595351" confidence="0.9508927676800064"><link ns0:type="simple" ns0:href="../970/507970.xml">peopl</link></magazine></it>magazin beauti peopl eleven time tie<person wordnetid="100007846" confidence="0.9508927676800064"><actor wordnetid="109765278" confidence="0.9508927676800064"><link ns0:type="simple" ns0:href="../717/13717.xml">hall berri</link></actor></person><it><link ns0:type="simple" ns0:href="../058/392058.xml">ladi journal</link></it>rank power woman america beat nation secur advisor<person wordnetid="100007846" confidence="0.9508927676800064"><official wordnetid="110372373" confidence="0.9508927676800064"><link ns0:type="simple" ns0:href="../177/158177.xml">condoleezza rice</link></official></person>ladi<first_lady wordnetid="110092880" confidence="0.9508927676800064"><person wordnetid="100007846" confidence="0.9508927676800064"><librarian wordnetid="110257948" confidence="0.9173553029164789"><teacher wordnetid="110694258" confidence="0.9173553029164789"><writer wordnetid="110794014" confidence="0.9173553029164789"><link ns0:type="simple" ns0:href="../528/17528.xml">laura bush</link></writer></teacher></librarian></person></first_lady><ref ns0:type="simple" ns0:href="#xpointer(//reflist/entry[@id=%223%22])" />robert product compani call red om film moder spell backward shoelac product</p><sec><st>earli life</st><p><table class="metadata plainlinks ambox "><row><col>amboxcont style</col></row><row><col class="mbox-image"><p><image width="50px" src="Question_book-new.svg" /></p></col><col style="" class="mbox-text">addit help<weblink ns0:type="simple" ns0:href="http://localhost:18088/wiki/index.php?title=Julia_Roberts action=edit">improv articl</weblink>ad unsourc materi remov<it>march</it></col></row></table>robert born<village wordnetid="108672738" confidence="0.9508927676800064"><link ns0:type="simple" ns0:href="../138/3138.xml">atlanta georgia</link></village>crawford long hospit father walter gradi robert vacuum cleaner salesman<village wordnetid="108672738" confidence="0.9508927676800064"><link ns0:type="simple" ns0:href="../240/6097240.xml">minneapoli minnesota</link></village>born mother betti lou mote<link ns0:type="simple" ns0:href="../912/61912.xml">ne</link>bredemu onetim church secretari real estat agent<ref ns0:type="simple" ns0:href="#xpointer(//reflist/entry[@id=%224%22])" />parent onetim actor playwright met perform theatric product arm forc cofound atlanta actor writer workshop<village wordnetid="108672738" confidence="0.9508927676800064"><link ns0:type="simple" ns0:href="../138/3138.xml">atlanta georgia</link></village>junip street midtown divorc<ref ns0:type="simple" ns0:href="#xpointer(//reflist/entry[@id=%225%22])" />mother marri michael mote daughter name nanci mote born robertss father die<link ns0:type="simple" ns0:href="../219/105219.xml">cancer</link>ten older brother sister<actor wordnetid="109765278" confidence="0.9508927676800064"><link ns0:type="simple" ns0:href="../280/399280.xml">eric robert</link></actor>estrang reconcil<physical_entity wordnetid="100001930" confidence="0.8"><person wordnetid="100007846" confidence="0.8"><performer wordnetid="110415638" confidence="0.8"><causal_agent wordnetid="100007347" confidence="0.8"><actor wordnetid="109765278" confidence="0.8"><entertainer wordnetid="109616922" confidence="0.8"><link ns0:type="simple" ns0:href="../923/3219923.xml">lisa robert gillan</link></entertainer></actor></causal_agent></performer></person></physical_entity>actor</p><p>robert move<village wordnetid="108672738" confidence="0.9508927676800064"><link ns0:type="simple" ns0:href="../989/109989.xml">smyrna georgia</link></village>suburb atlanta attend fitzhugh lee elementari school griffin middl school<link ns0:type="simple" ns0:href="../056/7732056.xml">campbel high school</link><ref ns0:type="simple" ns0:href="#xpointer(//reflist/entry[@id=%226%22])" />play<link ns0:type="simple" ns0:href="../433/6433.xml">clarinet</link>band robert want veterinarian child graduat smyrna<link ns0:type="simple" ns0:href="../573/8620573.xml">campbel high school</link><ref ns0:type="simple" ns0:href="#xpointer(//reflist/entry[@id=%227%22])" />head<region wordnetid="108630985" confidence="0.8"><administrative_district wordnetid="108491826" confidence="0.8"><location wordnetid="100027167" confidence="0.8"><district wordnetid="108552138" confidence="0.8"><country wordnetid="108544813" confidence="0.8"><link ns0:type="simple" ns0:href="../131/8210131.xml">york</link></country></district></location></administrative_district></region>join sister<physical_entity wordnetid="100001930" confidence="0.8"><person wordnetid="100007846" confidence="0.8"><performer wordnetid="110415638" confidence="0.8"><causal_agent wordnetid="100007347" confidence="0.8"><actor wordnetid="109765278" confidence="0.8"><entertainer wordnetid="109616922" confidence="0.8"><link ns0:type="simple" ns0:href="../923/3219923.xml">lisa robert gillan</link></entertainer></actor></causal_agent></performer></person></physical_entity>pursu career act sign click model agenc enrol act class revert origin julia robert discov juli robert regist<union wordnetid="108233056" confidence="0.9508927676800064"><link ns0:type="simple" ns0:href="../218/129218.xml">screen actor guild</link></union>niec<person wordnetid="100007846" confidence="0.9508927676800064"><singer wordnetid="110599806" confidence="0.9173553029164789"><actress wordnetid="109767700" confidence="0.9173553029164789"><actor wordnetid="109765278" confidence="0.9508927676800064"><link ns0:type="simple" ns0:href="../568/1434568.xml">emma robert</link></actor></actress></singer></person>julia movi set young girl join father aunt act busi</p></sec><sec><st>career</st><ss1><st /><p>robert film debut play support role opposit brother eric<it>blood red</it>dialogu complet releas televis appear juvenil rape victim initi season seri<link ns0:type="simple" ns0:href="../709/9197709.xml">crime stori</link><actor wordnetid="109765278" confidence="0.9508927676800064"><link ns0:type="simple" ns0:href="../289/809289.xml">denni farina</link></actor>episod titl survivor broadcast februari appear<series wordnetid="108457976" confidence="0.9508927676800064"><link ns0:type="simple" ns0:href="../064/48064.xml">sesam street</link></series>opposit charact<fictional_character wordnetid="109587565" confidence="0.9508927676800064"><link ns0:type="simple" ns0:href="../351/98351.xml">elmo</link></fictional_character>demonstr abil chang emot robert caught attent moviego perform independ film<it><movie wordnetid="106613686" confidence="0.9508927676800064"><link ns0:type="simple" ns0:href="../622/500622.xml">mystic pizza</link></movie></it>year role fourth season final<series wordnetid="108457976" confidence="0.9508927676800064"><link ns0:type="simple" ns0:href="../831/262831.xml">miami vice</link></series>year featur<it><movie wordnetid="106613686" confidence="0.9508927676800064"><link ns0:type="simple" ns0:href="../008/600008.xml">steel magnolia</link></movie></it>young bride battl<link ns0:type="simple" ns0:href="../677/44677.xml">diabet</link>garner<award wordnetid="106696483" confidence="0.9508927676800064"><link ns0:type="simple" ns0:href="../324/324.xml">oscar</link></award>nomin best support actress perform</p></ss1><ss1><st /><p>robert<link ns0:type="simple" ns0:href="../873/289873.xml">worldwid</link>audienc costar<actor wordnetid="109765278" confidence="0.9508927676800064"><link ns0:type="simple" ns0:href="../956/153956.xml">richard gere</link></actor><folktale wordnetid="107222050" confidence="0.9508927676800064"><link ns0:type="simple" ns0:href="../453/73453.xml">cinderella</link></folktale><dramatic_composition wordnetid="107007684" confidence="0.8"><play wordnetid="107007945" confidence="0.8"><written_communication wordnetid="106349220" confidence="0.8"><writing wordnetid="106362953" confidence="0.8"><link ns0:type="simple" ns0:href="../055/1869055.xml">pygmalionesqu</link></writing></written_communication></play></dramatic_composition>stori<it><link ns0:type="simple" ns0:href="../745/156745.xml">pretti woman</link></it>robert won role choic<person wordnetid="100007846" confidence="0.9508927676800064"><actress wordnetid="109767700" confidence="0.9173553029164789"><actor wordnetid="109765278" confidence="0.9508927676800064"><link ns0:type="simple" ns0:href="../934/84934.xml">molli ringwald</link></actor></actress></person><actor wordnetid="109765278" confidence="0.9508927676800064"><link ns0:type="simple" ns0:href="../799/51799.xml">meg ryan</link></actor>turn role earn second oscar nod time best actress box offic success thriller<it><movie wordnetid="106613686" confidence="0.9508927676800064"><link ns0:type="simple" ns0:href="../767/924767.xml">sleep enemi</link></movie></it>play batter wife escap dement husband<actor wordnetid="109765278" confidence="0.9508927676800064"><link ns0:type="simple" ns0:href="../182/2336182.xml">patrick bergin</link></actor>life iowa play<link ns0:type="simple" ns0:href="../774/276774.xml">tinkerbel</link><person wordnetid="100007846" confidence="0.9508927676800064"><actor wordnetid="109765278" confidence="0.9508927676800064"><link ns0:type="simple" ns0:href="../940/26940.xml">steven spielberg</link></actor></person><it><movie wordnetid="106613686" confidence="0.9508927676800064"><link ns0:type="simple" ns0:href="../972/443972.xml">hook</link></movie></it>play nurs film die young twoyear hiatu film cameo appear<film_director wordnetid="110088200" confidence="0.9173553029164789"><person wordnetid="100007846" confidence="0.9508927676800064"><actor wordnetid="109765278" confidence="0.9508927676800064"><link ns0:type="simple" ns0:href="../823/43823.xml">robert altman</link></actor></person></film_director><it><movie wordnetid="106613686" confidence="0.9508927676800064"><link ns0:type="simple" ns0:href="../263/358263.xml">player</link></movie></it>earli subject<it><magazine wordnetid="106595351" confidence="0.9508927676800064"><link ns0:type="simple" ns0:href="../970/507970.xml">peopl</link></magazine></it>magazin cover stori happen julia robert</p><p>costar<manufacturer wordnetid="110292316" confidence="0.9173553029164789"><actor wordnetid="109765278" confidence="0.9508927676800064"><link ns0:type="simple" ns0:href="../692/100692.xml">denzel washington</link></actor></manufacturer>success<it><movie wordnetid="106613686" confidence="0.9508927676800064"><link ns0:type="simple" ns0:href="../756/5123756.xml">pelican</link></movie></it>base<person wordnetid="100007846" confidence="0.9508927676800064"><writer wordnetid="110794014" confidence="0.9508927676800064"><novelist wordnetid="110363573" confidence="0.9173553029164789"><link ns0:type="simple" ns0:href="../998/61998.xml">john grisham</link></novelist></writer></person>novel star alongsid<person wordnetid="100007846" confidence="0.9508927676800064"><actor wordnetid="109765278" confidence="0.9508927676800064"><link ns0:type="simple" ns0:href="../182/64182.xml">liam neeson</link></actor></person>film<movie wordnetid="106613686" confidence="0.9508927676800064"><link ns0:type="simple" ns0:href="../961/101961.xml"><it>michael collin</it></link></movie>year star seri film critic commerci failur cast role stray film persona<film_director wordnetid="110088200" confidence="0.9173553029164789"><actor wordnetid="109765278" confidence="0.9508927676800064"><link ns0:type="simple" ns0:href="../665/904665.xml">stephen frear</link></actor></film_director><movie wordnetid="106613686" confidence="0.9508927676800064"><link ns0:type="simple" ns0:href="../101/2102101.xml">mari reilli</link></movie>earn<link ns0:type="simple" ns0:href="../124/229124.xml">razzi</link>worst actress nomin broke lose streak huge popular comedi<it><movie wordnetid="106613686" confidence="0.9508927676800064"><link ns0:type="simple" ns0:href="../148/277148.xml">best friend wed</link></movie></it>eventu regain earlier reput actress open movi guarante box offic success star<person wordnetid="100007846" confidence="0.9508927676800064"><film_maker wordnetid="110088390" confidence="0.9173553029164789"><actor wordnetid="109765278" confidence="0.9173553029164789"><link ns0:type="simple" ns0:href="../779/170779.xml">hugh grant</link></actor></film_maker></person>popular film<it><movie wordnetid="106613686" confidence="0.9508927676800064"><link ns0:type="simple" ns0:href="../019/204019.xml">not hill</link></movie></it>year star<it><movie wordnetid="106613686" confidence="0.9508927676800064"><link ns0:type="simple" ns0:href="../729/1908729.xml">runaway bride</link></movie></it>second film julia robertsrichard gere duo robert guest star<it><series wordnetid="108457976" confidence="0.9508927676800064"><link ns0:type="simple" ns0:href="../629/173629.xml">law order</link></series></it>televis seri episod broadcast entitl empir seri regular<actor wordnetid="109765278" confidence="0.9508927676800064"><link ns0:type="simple" ns0:href="../892/312892.xml">benjamin bratt</link></actor>time boyfriend</p></ss1><ss1><st /><p><image location="right" width="300px" src="Ocean's11Cast.jpg" type="thumb" />robert receiv<symbol wordnetid="106806469" confidence="0.8"><award wordnetid="106696483" confidence="0.8"><signal wordnetid="106791372" confidence="0.8"><link ns0:type="simple" ns0:href="../818/61818.xml">best actress</link></signal></award></symbol>oscar<movie wordnetid="106613686" confidence="0.9508927676800064"><link ns0:type="simple" ns0:href="../914/1241914.xml">portray</link></movie><person wordnetid="100007846" confidence="0.9508927676800064"><link ns0:type="simple" ns0:href="../799/9799.xml">erin brockovich</link></person>help wage success lawsuit energi giant<link ns0:type="simple" ns0:href="../722/692722.xml">pacif ga electr</link>whilst present best actor award<manufacturer wordnetid="110292316" confidence="0.9173553029164789"><actor wordnetid="109765278" confidence="0.9508927676800064"><link ns0:type="simple" ns0:href="../692/100692.xml">denzel washington</link></actor></manufacturer>year gaff glad<link ns0:type="simple" ns0:href="../487/168487.xml">tom conti</link>wasnt meant conductor<composer wordnetid="109947232" confidence="0.9173553029164789"><artist wordnetid="109812338" confidence="0.9508927676800064"><link ns0:type="simple" ns0:href="../109/336109.xml">bill conti</link></artist></composer>hasten conclus oscar speech previou year name scottish actor<ref ns0:type="simple" ns0:href="#xpointer(//reflist/entry[@id=%228%22])" />robert team<it>erin brockovich</it>director<actor wordnetid="109765278" confidence="0.9508927676800064"><link ns0:type="simple" ns0:href="../337/27337.xml">steven soderbergh</link></actor>three film<it><movie wordnetid="106613686" confidence="0.9508927676800064"><link ns0:type="simple" ns0:href="../266/2251266.xml">ocean eleven</link></movie></it><it><movie wordnetid="106613686" confidence="0.9508927676800064"><link ns0:type="simple" ns0:href="../869/983869.xml">full frontal</link></movie></it><it><album wordnetid="106591815" confidence="0.9508927676800064"><movie wordnetid="106613686" confidence="0.9508927676800064"><link ns0:type="simple" ns0:href="../470/1046470.xml">ocean twelv</link></movie></album></it>star road gangster comedi<it><movie wordnetid="106613686" confidence="0.9508927676800064"><link ns0:type="simple" ns0:href="../293/74293.xml">mexican</link></movie></it>chanc work long time friend<person wordnetid="100007846" confidence="0.9508927676800064"><actor wordnetid="109765278" confidence="0.9508927676800064"><link ns0:type="simple" ns0:href="../849/44849.xml">brad pitt</link></actor></person>featur music video hit singl dreamgirl dave matthew band</p></ss1><ss1><st /><p>robertss film releas<it><movie wordnetid="106613686" confidence="0.9508927676800064"><link ns0:type="simple" ns0:href="../061/8796061.xml">ant bulli</link></movie></it><it><album wordnetid="106591815" confidence="0.9508927676800064"><movie wordnetid="106613686" confidence="0.9508927676800064"><link ns0:type="simple" ns0:href="../891/2696891.xml">charlott web</link></movie></album></it>anim featur provid voic act film<it><movie wordnetid="106613686" confidence="0.9508927676800064"><link ns0:type="simple" ns0:href="../041/3615041.xml">charli wilson war</link></movie></it><person wordnetid="100007846" confidence="0.9508927676800064"><artist wordnetid="109812338" confidence="0.9173553029164789"><actor wordnetid="109765278" confidence="0.9508927676800064"><writer wordnetid="110794014" confidence="0.9173553029164789"><link ns0:type="simple" ns0:href="../568/43568.xml">tom hank</link></writer></actor></artist></person><person wordnetid="100007846" confidence="0.9508927676800064"><actor wordnetid="109765278" confidence="0.9173553029164789"><director wordnetid="110015215" confidence="0.9173553029164789"><link ns0:type="simple" ns0:href="../099/564099.xml">philip seymour hoffman</link></director></actor></person>direct<link ns0:type="simple" ns0:href="../749/67749.xml">mike nichol</link>base book cb journalist<skilled_worker wordnetid="110605985" confidence="0.8"><physical_entity wordnetid="100001930" confidence="0.8"><communicator wordnetid="109610660" confidence="0.8"><person wordnetid="100007846" confidence="0.8"><editor wordnetid="110044879" confidence="0.8"><intellectual wordnetid="109621545" confidence="0.8"><worker wordnetid="109632518" confidence="0.8"><alumnus wordnetid="109786338" confidence="0.8"><causal_agent wordnetid="100007347" confidence="0.8"><writer wordnetid="110794014" confidence="0.8"><scholar wordnetid="110557854" confidence="0.8"><journalist wordnetid="110224578" confidence="0.8"><link ns0:type="simple" ns0:href="../345/6614345.xml">georg crile</link></journalist></scholar></writer></causal_agent></alumnus></worker></intellectual></editor></person></communicator></physical_entity></skilled_worker>releas decemb<it><movie wordnetid="106613686" confidence="0.9508927676800064"><link ns0:type="simple" ns0:href="../715/12106715.xml">firefli garden</link></movie></it>star<actor wordnetid="109765278" confidence="0.9173553029164789"><link ns0:type="simple" ns0:href="../111/731111.xml">ryan reynold</link></actor><person wordnetid="100007846" confidence="0.9508927676800064"><actor wordnetid="109765278" confidence="0.9508927676800064"><link ns0:type="simple" ns0:href="../237/213237.xml">willem dafo</link></actor></person>current postproduct releas set announc robert will star<it>friday night knit club</it>base novel kate jacob niec<person wordnetid="100007846" confidence="0.9508927676800064"><singer wordnetid="110599806" confidence="0.9173553029164789"><actress wordnetid="109767700" confidence="0.9173553029164789"><actor wordnetid="109765278" confidence="0.9508927676800064"><link ns0:type="simple" ns0:href="../568/1434568.xml">emma robert</link></actor></actress></singer></person>consid role daughter</p><ss2><st>broadway debut</st><p>robert broadway debut april nan reviv<physical_entity wordnetid="100001930" confidence="0.8"><communicator wordnetid="109610660" confidence="0.8"><person wordnetid="100007846" confidence="0.8"><causal_agent wordnetid="100007347" confidence="0.8"><writer wordnetid="110794014" confidence="0.8"><dramatist wordnetid="110030277" confidence="0.8"><link ns0:type="simple" ns0:href="../820/1574820.xml">richard greenberg</link></dramatist></writer></causal_agent></person></communicator></physical_entity>play<it><dramatic_composition wordnetid="107007684" confidence="0.8"><play wordnetid="107007945" confidence="0.8"><written_communication wordnetid="106349220" confidence="0.8"><writing wordnetid="106362953" confidence="0.8"><link ns0:type="simple" ns0:href="../802/4400802.xml">three day rain</link></writing></written_communication></play></dramatic_composition></it>opposit<actor wordnetid="109765278" confidence="0.9508927676800064"><link ns0:type="simple" ns0:href="../352/365352.xml">bradley cooper</link></actor><actor wordnetid="109765278" confidence="0.9508927676800064"><link ns0:type="simple" ns0:href="../608/685608.xml">paul rudd</link></actor>play<link ns0:type="simple" ns0:href="../120/247120.xml">gross</link>dollar ticket sale week commerci success limit critic heavili critic robert perform<it>york time</it>critic ben brantli selfproclaim juliahol describ fraught selfconsci glancingli acquaint charact play brantley critic product greenberg slender eleg play write imposs discern artist virtu wooden splinter interpret direct joe mantello<it><dramatic_composition wordnetid="107007684" confidence="0.8"><play wordnetid="107007945" confidence="0.8"><written_communication wordnetid="106349220" confidence="0.8"><writing wordnetid="106362953" confidence="0.8"><link ns0:type="simple" ns0:href="../802/4400802.xml">three day rain</link></writing></written_communication></play></dramatic_composition></it>receiv<award wordnetid="106696483" confidence="0.9508927676800064"><link ns0:type="simple" ns0:href="../741/54741.xml">toni award</link></award>nomin stage design categori prize robert receiv broadwaycom audienc award minor theatric prize perform</p></ss2></ss1></sec><sec><st>american girl film</st><p>julia robert brought life book<it><link ns0:type="simple" ns0:href="../243/1868243.xml">american girl</link></it>movi serv execut produc sister lisa compani product line servic focus preteengirl charact period american histori embodi doll featur narr includ book movi flagship collect histor inch doll book accessori current julia robert produc movi<ref ns0:type="simple" ns0:href="#xpointer(//reflist/entry[@id=%229%22])" /></p></sec><sec><st>director</st><p>director<film_director wordnetid="110088200" confidence="0.9173553029164789"><person wordnetid="100007846" confidence="0.9508927676800064"><actor wordnetid="109765278" confidence="0.9508927676800064"><link ns0:type="simple" ns0:href="../823/43823.xml">robert altman</link></actor></person></film_director><link ns0:type="simple" ns0:href="../749/67749.xml">mike nichol</link><film_director wordnetid="110088200" confidence="0.9173553029164789"><screenwriter wordnetid="110564400" confidence="0.9173553029164789"><film_maker wordnetid="110088390" confidence="0.9173553029164789"><actor wordnetid="109765278" confidence="0.9508927676800064"><link ns0:type="simple" ns0:href="../103/275103.xml">joel schumach</link></actor></film_maker></screenwriter></film_director><actor wordnetid="109765278" confidence="0.9508927676800064"><link ns0:type="simple" ns0:href="../337/27337.xml">steven soderbergh</link></actor><actor wordnetid="109765278" confidence="0.9508927676800064"><link ns0:type="simple" ns0:href="../262/543262.xml">garri marshal</link></actor>repeatedli cast robert film<person wordnetid="100007846" confidence="0.9508927676800064"><actor wordnetid="109765278" confidence="0.9508927676800064"><link ns0:type="simple" ns0:href="../940/26940.xml">steven spielberg</link></actor></person>direct<it><movie wordnetid="106613686" confidence="0.9508927676800064"><link ns0:type="simple" ns0:href="../972/443972.xml">hook</link></movie></it>earn<link ns0:type="simple" ns0:href="../124/229124.xml">razzi</link>worst support actress nomin work interview<person wordnetid="100007846" confidence="0.9508927676800064"><host wordnetid="110187130" confidence="0.9173553029164789"><journalist wordnetid="110224578" confidence="0.9173553029164789"><link ns0:type="simple" ns0:href="../069/335069.xml">barbara walter</link></journalist></host></person>robert confus spielberg recollect work posit memori work film<ref ns0:type="simple" ns0:href="#xpointer(//reflist/entry[@id=%2210%22])" /><newspaper wordnetid="106267145" confidence="0.9508927676800064"><link ns0:type="simple" ns0:href="../680/30680.xml">york time</link></newspaper><ref ns0:type="simple" ns0:href="#xpointer(//reflist/entry[@id=%2211%22])" />wrote<actor wordnetid="109765278" confidence="0.9508927676800064"><link ns0:type="simple" ns0:href="../016/1061016.xml">herbert ross</link></actor>director<movie wordnetid="106613686" confidence="0.9508927676800064"><link ns0:type="simple" ns0:href="../008/600008.xml">steel magnolia</link></movie>critic julia act onedimension despit fact receiv<award wordnetid="106696483" confidence="0.9508927676800064"><link ns0:type="simple" ns0:href="../324/324.xml">academi award</link></award>nomin robert eventu call truce work</p></sec><sec><st>influenc</st><p>februari robertss film gross american box offic make biggest femal movi star histori achiev feat film<ref ns0:type="simple" ns0:href="#xpointer(//reflist/entry[@id=%2212%22])" />pinnacl<link ns0:type="simple" ns0:href="../257/301257.xml#xpointer(//*[./st=%22Ulmer+Scale%22])">ulmer scale</link>comprehens guid global star power actor director independ studio film creat<physical_entity wordnetid="100001930" confidence="0.8"><communicator wordnetid="109610660" confidence="0.8"><person wordnetid="100007846" confidence="0.8"><intellectual wordnetid="109621545" confidence="0.8"><alumnus wordnetid="109786338" confidence="0.8"><causal_agent wordnetid="100007347" confidence="0.8"><writer wordnetid="110794014" confidence="0.8"><scholar wordnetid="110557854" confidence="0.8"><journalist wordnetid="110224578" confidence="0.8"><link ns0:type="simple" ns0:href="../673/2489673.xml">jame ulmer</link></journalist></scholar></writer></causal_agent></alumnus></intellectual></person></communicator></physical_entity>ahead luminari<person wordnetid="100007846" confidence="0.9508927676800064"><actor wordnetid="109765278" confidence="0.9508927676800064"><link ns0:type="simple" ns0:href="../460/31460.xml">tom cruis</link></actor></person><person wordnetid="100007846" confidence="0.9508927676800064"><artist wordnetid="109812338" confidence="0.9173553029164789"><actor wordnetid="109765278" confidence="0.9508927676800064"><writer wordnetid="110794014" confidence="0.9173553029164789"><link ns0:type="simple" ns0:href="../568/43568.xml">tom hank</link></writer></actor></artist></person>partli abil attract filmgoer sole basi name appear titl support male costar actress</p></sec><sec><st>person life</st><p><image location="left" width="200px" src="Julia_Roberts_at_Incirlik.jpg" type="thumb"><caption>robert privat class sowel incirlik hospit<installation wordnetid="100240938" confidence="0.8"><change_of_state wordnetid="100199130" confidence="0.8"><beginning wordnetid="100235435" confidence="0.8"><event wordnetid="100029378" confidence="0.8"><change wordnetid="100191142" confidence="0.8"><action wordnetid="100037396" confidence="0.8"><foundation wordnetid="113790712" confidence="0.8"><footing wordnetid="113790912" confidence="0.8"><act wordnetid="100030358" confidence="0.8"><psychological_feature wordnetid="100023100" confidence="0.8"><link ns0:type="simple" ns0:href="../543/1597543.xml">incirlik air base</link></psychological_feature></act></footing></foundation></action></change></event></beginning></change_of_state></installation><link ns0:type="simple" ns0:href="../639/11125639.xml">turkey</link>decemb</caption></image></p><ss1><st>relationship</st><p>robertss person life spotlight report romant relationship numer famou men includ<person wordnetid="100007846" confidence="0.9508927676800064"><actor wordnetid="109765278" confidence="0.9508927676800064"><link ns0:type="simple" ns0:href="../182/64182.xml">liam neeson</link></actor></person><actor wordnetid="109765278" confidence="0.9508927676800064"><link ns0:type="simple" ns0:href="../549/656549.xml">dylan mcdermott</link></actor><person wordnetid="100007846" confidence="0.9508927676800064"><actor wordnetid="109765278" confidence="0.9508927676800064"><link ns0:type="simple" ns0:href="../731/301731.xml">kiefer sutherland</link></actor></person><songwriter wordnetid="110624540" confidence="0.9173553029164789"><manufacturer wordnetid="110292316" confidence="0.9173553029164789"><singer wordnetid="110599806" confidence="0.9173553029164789"><actor wordnetid="109765278" confidence="0.9173553029164789"><artist wordnetid="109812338" confidence="0.9508927676800064"><link ns0:type="simple" ns0:href="../705/437705.xml">lyle lovett</link></artist></actor></singer></manufacturer></songwriter><actor wordnetid="109765278" confidence="0.9508927676800064"><link ns0:type="simple" ns0:href="../338/233338.xml">matthew perri</link></actor><actor wordnetid="109765278" confidence="0.9508927676800064"><link ns0:type="simple" ns0:href="../892/312892.xml">benjamin bratt</link></actor>engag mcdermott<it>steel magnolia</it>costar met sutherland costar<it><movie wordnetid="106613686" confidence="0.9508927676800064"><link ns0:type="simple" ns0:href="../469/673469.xml">flatlin</link></movie></it>left wife children move robert august robert sutherland announc engag elabor studioplan wed schedul june robert broke engag three day wed discov sutherland meet stripper name amanda rice robert subsequ<island wordnetid="109316454" confidence="0.9508927676800064"><link ns0:type="simple" ns0:href="../575/147575.xml">ireland</link></island><actor wordnetid="109765278" confidence="0.9508927676800064"><link ns0:type="simple" ns0:href="../902/606902.xml">jason patric</link></actor>friend sutherland june marri countri singer<songwriter wordnetid="110624540" confidence="0.9173553029164789"><manufacturer wordnetid="110292316" confidence="0.9173553029164789"><singer wordnetid="110599806" confidence="0.9173553029164789"><actor wordnetid="109765278" confidence="0.9173553029164789"><artist wordnetid="109812338" confidence="0.9508927676800064"><link ns0:type="simple" ns0:href="../705/437705.xml">lyle lovett</link></artist></actor></singer></manufacturer></songwriter>coupl met three week earlier wed place hour notic held<village wordnetid="108672738" confidence="0.9508927676800064"><link ns0:type="simple" ns0:href="../280/112280.xml">marion indiana</link></village>lovett appear tour band year march coupl announc separ subsequ divorc</p><p>robert began date<it><series wordnetid="108457976" confidence="0.9508927676800064"><link ns0:type="simple" ns0:href="../629/173629.xml">law order</link></series></it>star benjamin bratt escort march academi award ceremoni won oscar three month june robert bratt announc longer coupl kind tenderheart relationship<ref ns0:type="simple" ns0:href="#xpointer(//reflist/entry[@id=%2213%22])" />robert met current husband cameraman daniel moder set movi<it><movie wordnetid="106613686" confidence="0.9508927676800064"><link ns0:type="simple" ns0:href="../293/74293.xml">mexican</link></movie></it>began affair time moder marri vera steinberg moder file divorc year final robert<link ns0:type="simple" ns0:href="../729/781729.xml">fourth juli</link>ranch<village wordnetid="108672738" confidence="0.9508927676800064"><link ns0:type="simple" ns0:href="../717/53717.xml">tao mexico</link></village><ref ns0:type="simple" ns0:href="#xpointer(//reflist/entry[@id=%2214%22])" />novemb parent<link>fratern twin</link>daughter hazel patricia son phinnaeu finn walter third child son henri daniel moder born june<link ns0:type="simple" ns0:href="../110/18110.xml">lo angel</link><ref ns0:type="simple" ns0:href="#xpointer(//reflist/entry[@id=%2215%22])" /><ref ns0:type="simple" ns0:href="#xpointer(//reflist/entry[@id=%2216%22])" /></p></ss1><ss1><st>chariti</st><p>robert time resourc<administrative_unit wordnetid="108077292" confidence="0.8"><financial_institution wordnetid="108054721" confidence="0.8"><agency wordnetid="108337324" confidence="0.8"><foundation wordnetid="108406486" confidence="0.8"><charity wordnetid="108406619" confidence="0.8"><institution wordnetid="108053576" confidence="0.8"><link ns0:type="simple" ns0:href="../110/19698110.xml">unicef</link></institution></charity></foundation></agency></financial_institution></administrative_unit>well charit organ spring robert enthusiast support unicef ask meet relief agenc neediest recipi arriv portauprinc educ poverti overwhelm heart burst unicef offici hope sixday visit trigger outburst aid sought time</p><p>robert narrat<it><link>silent angel</link></it>documentari<disease wordnetid="114070360" confidence="0.9508927676800064"><link ns0:type="simple" ns0:href="../476/56476.xml">rett syndrom</link></disease>neurodevelopment disord shot lo angel baltimor york documentari design help rais public awar diseas juli earth biofuel announc robert spokeswoman compani chair compani newli form advisori board promot renew fuel</p></ss1></sec><sec><st>filmographi</st><p><table class="wikitable"><row bgcolor="#CCCCCC"><header>year</header><header>titl</header><header>role</header><header>note</header></row><row><col /><col><it>firehous</it></col><col>bab</col></row><row><col rowspan="5" /><col><it>blood red</it></col><col>maria collogero</col></row><row><col><it><series wordnetid="108457976" confidence="0.9508927676800064"><link ns0:type="simple" ns0:href="../831/262831.xml">miami vice</link></series></it></col><col>polli wheeler</col><col>tv season episod mirror imag</col></row><row><col><it><movie wordnetid="106613686" confidence="0.9508927676800064"><link ns0:type="simple" ns0:href="../622/500622.xml">mystic pizza</link></movie></it></col><col>daisi arujo</col><col><award wordnetid="106696483" confidence="0.9508927676800064"><link ns0:type="simple" ns0:href="../235/1239235.xml">independ spirit award</link></award>nomin best lead actress</col></row><row><col><it>baja oklahoma</it></col><col>candi hutchin</col><col>tv</col></row><row><col><it><movie wordnetid="106613686" confidence="0.9508927676800064"><link ns0:type="simple" ns0:href="../400/13348400.xml">satisfact</link></movie></it></col><col>daryl</col><col><it>girl summer</it></col></row><row><col /><col><it><movie wordnetid="106613686" confidence="0.9508927676800064"><link ns0:type="simple" ns0:href="../008/600008.xml">steel magnolia</link></movie></it></col><col>shelbi eatenton latcheri</col><col>academi award nomin best support actress golden globe win best support actress</col></row><row><col rowspan="2" /><col><it><movie wordnetid="106613686" confidence="0.9508927676800064"><link ns0:type="simple" ns0:href="../469/673469.xml">flatlin</link></movie></it></col><col>rachel mannu</col></row><row><col><it><movie wordnetid="106613686" confidence="0.9508927676800064"><link ns0:type="simple" ns0:href="../745/156745.xml">pretti woman</link></movie></it></col><col>vivian ward</col><col>academi award nomin best actress bafta nomin best actress golden globe win best musicalcomedi actress</col></row><row><col rowspan="3" /><col><it><movie wordnetid="106613686" confidence="0.9508927676800064"><link ns0:type="simple" ns0:href="../972/443972.xml">hook</link></movie></it></col><col><link ns0:type="simple" ns0:href="../774/276774.xml">tinkerbel</link></col><col><link ns0:type="simple" ns0:href="../124/229124.xml">razzi award</link>worst support actress</col></row><row><col><it><movie wordnetid="106613686" confidence="0.9508927676800064"><link ns0:type="simple" ns0:href="../077/2637077.xml">die young</link></movie></it></col><col>hilari oneil</col></row><row><col><it><movie wordnetid="106613686" confidence="0.9508927676800064"><link ns0:type="simple" ns0:href="../767/924767.xml">sleep enemi</link></movie></it></col><col>sara waterslaura burney</col></row><row><col /><col><it><movie wordnetid="106613686" confidence="0.9508927676800064"><link ns0:type="simple" ns0:href="../263/358263.xml">player</link></movie></it></col><col>cameo</col></row><row><col /><col><it><movie wordnetid="106613686" confidence="0.9508927676800064"><link ns0:type="simple" ns0:href="../756/5123756.xml">pelican</link></movie></it></col><col>darbi shaw</col></row><row><col rowspan="2" /><col><it><link>prtporter</link></it></col><col>ann eisenhow</col><col><it>readi wear</it></col></row><row><col><it><movie wordnetid="106613686" confidence="0.9508927676800064"><link ns0:type="simple" ns0:href="../474/2584474.xml">love troubl</link></movie></it></col><col>sabrina peterson</col></row><row><col /><col><it><movie wordnetid="106613686" confidence="0.9508927676800064"><link ns0:type="simple" ns0:href="../968/6257968.xml">talk</link></movie></it></col><col>grace king bichon</col></row><row><col rowspan="3" /><col><it><movie wordnetid="106613686" confidence="0.9508927676800064"><link ns0:type="simple" ns0:href="../225/42225.xml">love</link></movie></it></col><col>von sidel</col></row><row><col><it><movie wordnetid="106613686" confidence="0.9508927676800064"><link ns0:type="simple" ns0:href="../961/101961.xml">michael collin</link></movie></it></col><col><person wordnetid="100007846" confidence="0.9638700866880419"><link ns0:type="simple" ns0:href="../088/1667088.xml">kitti kiernan</link></person></col></row><row><col><it><movie wordnetid="106613686" confidence="0.9508927676800064"><link ns0:type="simple" ns0:href="../101/2102101.xml">mari reilli</link></movie></it></col><col>mari reilli</col><col><link ns0:type="simple" ns0:href="../124/229124.xml">razzi award worst actress</link></col></row><row><col rowspan="2" /><col><it><movie wordnetid="106613686" confidence="0.9508927676800064"><link ns0:type="simple" ns0:href="../161/144161.xml">conspiraci theori</link></movie></it></col><col>alic sutton</col></row><row><col><it><movie wordnetid="106613686" confidence="0.9508927676800064"><link ns0:type="simple" ns0:href="../148/277148.xml">best friend wed</link></movie></it></col><col>juliann potter</col><col>golden globe nomin best musicalcomedi actress</col></row><row><col /><col><it><movie wordnetid="106613686" confidence="0.9508927676800064"><link ns0:type="simple" ns0:href="../580/1632580.xml">stepmom</link></movie></it></col><col>isabel kelli</col></row><row><col rowspan="2" /><col><it><link ns0:type="simple" ns0:href="../729/1908729.xml">runaway bride</link></it></col><col>maggi carpent</col></row><row><col><it><movie wordnetid="106613686" confidence="0.9508927676800064"><link ns0:type="simple" ns0:href="../019/204019.xml">not hill</link></movie></it></col><col>anna scott</col><col>golden globe nomin best musicalcomedi actress</col></row><row><col /><col><it><movie wordnetid="106613686" confidence="0.9508927676800064"><link ns0:type="simple" ns0:href="../914/1241914.xml">erin brockovich</link></movie></it></col><col><person wordnetid="100007846" confidence="0.9508927676800064"><link ns0:type="simple" ns0:href="../799/9799.xml">erin brockovich</link></person></col><col>academi award win best actress bafta win best actress golden globe win best drama actress</col></row><row><col rowspan="3" /><col><it><movie wordnetid="106613686" confidence="0.9508927676800064"><link ns0:type="simple" ns0:href="../266/2251266.xml">ocean eleven</link></movie></it></col><col>tess ocean</col></row><row><col><it><movie wordnetid="106613686" confidence="0.9508927676800064"><link ns0:type="simple" ns0:href="../158/277158.xml">america sweetheart</link></movie></it></col><col>kathleen kiki harrison</col></row><row><col><it><movie wordnetid="106613686" confidence="0.9508927676800064"><link ns0:type="simple" ns0:href="../293/74293.xml">mexican</link></movie></it></col><col>samantha barzel</col></row><row><col rowspan="3" /><col><it><movie wordnetid="106613686" confidence="0.9508927676800064"><link ns0:type="simple" ns0:href="../305/945305.xml">confess danger mind</link></movie></it></col><col>patricia watson</col></row><row><col><it><movie wordnetid="106613686" confidence="0.9508927676800064"><link ns0:type="simple" ns0:href="../824/3699824.xml">grand champion</link></movie></it></col><col>jolen</col></row><row><col><it><movie wordnetid="106613686" confidence="0.9508927676800064"><link ns0:type="simple" ns0:href="../869/983869.xml">full frontal</link></movie></it></col><col>catherinefrancesca</col></row><row><col /><col><it><movie wordnetid="106613686" confidence="0.9508927676800064"><link ns0:type="simple" ns0:href="../489/883489.xml">mona lisa smile</link></movie></it></col><col>katherin ann watson</col></row><row><col rowspan="2" /><col><it><album wordnetid="106591815" confidence="0.9508927676800064"><movie wordnetid="106613686" confidence="0.9508927676800064"><link ns0:type="simple" ns0:href="../470/1046470.xml">ocean twelv</link></movie></album></it></col><col>tess ocean</col></row><row><col><it><movie wordnetid="106613686" confidence="0.9508927676800064"><link ns0:type="simple" ns0:href="../528/1162528.xml">closer</link></movie></it></col><col>anna cameron</col></row><row><col rowspan="2" /><col><it><album wordnetid="106591815" confidence="0.9508927676800064"><movie wordnetid="106613686" confidence="0.9508927676800064"><link ns0:type="simple" ns0:href="../891/2696891.xml">charlott web</link></movie></album></it></col><col>charlott spider voic</col></row><row><col><it><movie wordnetid="106613686" confidence="0.9508927676800064"><link ns0:type="simple" ns0:href="../061/8796061.xml">ant bulli</link></movie></it></col><col>hova voic</col></row><row><col /><col><it><movie wordnetid="106613686" confidence="0.9508927676800064"><link ns0:type="simple" ns0:href="../041/3615041.xml">charli wilson war</link></movie></it></col><col>joann her</col><col>golden globe nomin best support actress</col></row><row><col rowspan="1" /><col><it><movie wordnetid="106613686" confidence="0.9508927676800064"><link ns0:type="simple" ns0:href="../715/12106715.xml">firefli garden</link></movie></it></col><col>lisa waechter</col></row><row><col /><col><it><movie wordnetid="106613686" confidence="0.9508927676800064"><link ns0:type="simple" ns0:href="../214/16352214.xml">duplic</link></movie></it></col><col>clair stenwick</col><col><it>postproduct</it></col></row></table></p></sec><sec><st>award nomin</st><p><table style="margin: 1em 1em 1em 0; background: #f9f9f9; border: 1px #aaa solid; border-collapse: collapse; font-size: 95%;" cellpadding="4" border="2" cellspacing="0"><row align="center" bgcolor="#CCCCCC"><header>year</header><col>award</col><col>categori</col><col>film</col><col>result</col></row><row><col rowspan="2"><fundamental_quantity wordnetid="113575869" confidence="0.8"><time_period wordnetid="115113229" confidence="0.8"><year wordnetid="115203791" confidence="0.8"><link ns0:type="simple" ns0:href="../279/171279.xml" /></year></time_period></fundamental_quantity></col><col><award wordnetid="106696483" confidence="0.9508927676800064"><link ns0:type="simple" ns0:href="../324/324.xml">academi award</link></award></col><col>best support actress</col><col rowspan="2"><it><movie wordnetid="106613686" confidence="0.9508927676800064"><link ns0:type="simple" ns0:href="../008/600008.xml">steel magnolia</link></movie></it></col><col style="text-align:center;background: #ffdddd;vertical-align: middle;" class="table-no2">nomin</col></row><row><col><award wordnetid="106696483" confidence="0.9508927676800064"><link ns0:type="simple" ns0:href="../724/142724.xml">golden globe award</link></award></col><col>best support actress motion pictur</col><col style="text-align:center;background: #ddffdd;vertical-align: middle;" class="table-yes2">won</col></row><row><col rowspan="4"><fundamental_quantity wordnetid="113575869" confidence="0.8"><time_period wordnetid="115113229" confidence="0.8"><year wordnetid="115203791" confidence="0.8"><link ns0:type="simple" ns0:href="../259/171259.xml" /></year></time_period></fundamental_quantity></col><col><award wordnetid="106696483" confidence="0.9508927676800064"><link ns0:type="simple" ns0:href="../324/324.xml">academi award</link></award></col><col>best actress</col><col rowspan="3"><it><movie wordnetid="106613686" confidence="0.9508927676800064"><link ns0:type="simple" ns0:href="../745/156745.xml">pretti woman</link></movie></it></col><col style="text-align:center;background: #ffdddd;vertical-align: middle;" class="table-no2">nomin</col></row><row><col><link ns0:type="simple" ns0:href="../943/147943.xml">bafta award</link></col><col>best actress</col><col style="text-align:center;background: #ffdddd;vertical-align: middle;" class="table-no2">nomin</col></row><row><col><award wordnetid="106696483" confidence="0.9508927676800064"><link ns0:type="simple" ns0:href="../724/142724.xml">golden globe award</link></award></col><col>best actress motion pictur music comedi</col><col style="text-align:center;background: #ffdddd;vertical-align: middle;" class="table-no2">nomin</col></row><row><col><award wordnetid="106696483" confidence="0.9508927676800064"><link ns0:type="simple" ns0:href="../155/10829155.xml">saturn award</link></award></col><col>best support actress</col><col><it><movie wordnetid="106613686" confidence="0.9508927676800064"><link ns0:type="simple" ns0:href="../469/673469.xml">flatlin</link></movie></it></col><col style="text-align:center;background: #ffdddd;vertical-align: middle;" class="table-no2">nomin</col></row><row><col rowspan="2"><fundamental_quantity wordnetid="113575869" confidence="0.8"><time_period wordnetid="115113229" confidence="0.8"><year wordnetid="115203791" confidence="0.8"><link ns0:type="simple" ns0:href="../587/171587.xml" /></year></time_period></fundamental_quantity></col><col><award wordnetid="106696483" confidence="0.9508927676800064"><link ns0:type="simple" ns0:href="../155/10829155.xml">saturn award</link></award></col><col>best actress</col><col><it><movie wordnetid="106613686" confidence="0.9508927676800064"><link ns0:type="simple" ns0:href="../767/924767.xml">sleep enemi</link></movie></it></col><col style="text-align:center;background: #ffdddd;vertical-align: middle;" class="table-no2">nomin</col></row><row><col><link ns0:type="simple" ns0:href="../124/229124.xml">razzi award</link></col><col>worst support actress</col><col><it><movie wordnetid="106613686" confidence="0.9508927676800064"><link ns0:type="simple" ns0:href="../972/443972.xml">hook</link></movie></it></col><col style="text-align:center;background: #ffdddd;vertical-align: middle;" class="table-no2">nomin</col></row><row><col><fundamental_quantity wordnetid="113575869" confidence="0.8"><time_period wordnetid="115113229" confidence="0.8"><year wordnetid="115203791" confidence="0.8"><link ns0:type="simple" ns0:href="../019/171019.xml" /></year></time_period></fundamental_quantity></col><col><link ns0:type="simple" ns0:href="../177/1956177.xml">nbr award</link></col><col>best cast</col><col><it><link>prtporter</link></it></col><col style="text-align:center;background: #ddffdd;vertical-align: middle;" class="table-yes2">won</col></row><row><col><fundamental_quantity wordnetid="113575869" confidence="0.8"><time_period wordnetid="115113229" confidence="0.8"><year wordnetid="115203791" confidence="0.8"><link ns0:type="simple" ns0:href="../568/169568.xml" /></year></time_period></fundamental_quantity></col><col><link ns0:type="simple" ns0:href="../124/229124.xml">razzi award</link></col><col>worst actress</col><col><it><movie wordnetid="106613686" confidence="0.9508927676800064"><link ns0:type="simple" ns0:href="../101/2102101.xml">mari reilli</link></movie></it></col><col style="text-align:center;background: #ffdddd;vertical-align: middle;" class="table-no2">nomin</col></row><row><col><fundamental_quantity wordnetid="113575869" confidence="0.8"><time_period wordnetid="115113229" confidence="0.8"><year wordnetid="115203791" confidence="0.8"><link ns0:type="simple" ns0:href="../572/169572.xml" /></year></time_period></fundamental_quantity></col><col><award wordnetid="106696483" confidence="0.9508927676800064"><link ns0:type="simple" ns0:href="../724/142724.xml">golden globe award</link></award></col><col>best actress motion pictur music comedi</col><col><it><movie wordnetid="106613686" confidence="0.9508927676800064"><link ns0:type="simple" ns0:href="../148/277148.xml">best friend wed</link></movie></it></col><col style="text-align:center;background: #ffdddd;vertical-align: middle;" class="table-no2">nomin</col></row><row><col rowspan="2"><fundamental_quantity wordnetid="113575869" confidence="0.8"><time_period wordnetid="115113229" confidence="0.8"><year wordnetid="115203791" confidence="0.8"><link ns0:type="simple" ns0:href="../577/169577.xml" /></year></time_period></fundamental_quantity></col><col><award wordnetid="106696483" confidence="0.9508927676800064"><link ns0:type="simple" ns0:href="../921/151921.xml">emmi award</link></award></col><col>outstand guest actress drama seri</col><col><it><series wordnetid="108457976" confidence="0.9508927676800064"><link ns0:type="simple" ns0:href="../629/173629.xml">law order</link></series></it></col><col style="text-align:center;background: #ffdddd;vertical-align: middle;" class="table-no2">nomin</col></row><row><col><award wordnetid="106696483" confidence="0.9508927676800064"><link ns0:type="simple" ns0:href="../724/142724.xml">golden globe award</link></award></col><col>best actress motion pictur music comedi</col><col><it><site wordnetid="108651247" confidence="0.9508927676800064"><link ns0:type="simple" ns0:href="../200/94200.xml">not hill</link></site></it></col><col style="text-align:center;background: #ffdddd;vertical-align: middle;" class="table-no2">nomin</col></row><row><col rowspan="6"><fundamental_quantity wordnetid="113575869" confidence="0.8"><time_period wordnetid="115113229" confidence="0.8"><year wordnetid="115203791" confidence="0.8"><link ns0:type="simple" ns0:href="../091/167091.xml" /></year></time_period></fundamental_quantity></col><col><award wordnetid="106696483" confidence="0.9508927676800064"><link ns0:type="simple" ns0:href="../324/324.xml">academi award</link></award></col><col>best actress</col><col rowspan="6"><it><movie wordnetid="106613686" confidence="0.9508927676800064"><link ns0:type="simple" ns0:href="../914/1241914.xml">erin brockovich</link></movie></it></col><col style="text-align:center;background: #ddffdd;vertical-align: middle;" class="table-yes2">won</col></row><row><col><link ns0:type="simple" ns0:href="../943/147943.xml">bafta award</link></col><col>best actress</col><col style="text-align:center;background: #ddffdd;vertical-align: middle;" class="table-yes2">won</col></row><row><col><link>empir award</link></col><col>best actress</col><col style="text-align:center;background: #ffdddd;vertical-align: middle;" class="table-no2">nomin</col></row><row><col><award wordnetid="106696483" confidence="0.9508927676800064"><link ns0:type="simple" ns0:href="../724/142724.xml">golden globe award</link></award></col><col>best actress motion pictur drama</col><col style="text-align:center;background: #ddffdd;vertical-align: middle;" class="table-yes2">won</col></row><row><col><link ns0:type="simple" ns0:href="../177/1956177.xml">nbr award</link></col><col>best actress</col><col style="text-align:center;background: #ddffdd;vertical-align: middle;" class="table-yes2">won</col></row><row><col><link ns0:type="simple" ns0:href="../294/4293294.xml">sag award</link></col><col>outstand actress motion pictur</col><col style="text-align:center;background: #ddffdd;vertical-align: middle;" class="table-yes2">won</col></row><row><col><fundamental_quantity wordnetid="113575869" confidence="0.8"><time_period wordnetid="115113229" confidence="0.8"><year wordnetid="115203791" confidence="0.8"><link ns0:type="simple" ns0:href="../634/294634.xml" /></year></time_period></fundamental_quantity></col><col><link ns0:type="simple" ns0:href="../177/1956177.xml">nbr award</link></col><col>best cast</col><col><it><movie wordnetid="106613686" confidence="0.9508927676800064"><link ns0:type="simple" ns0:href="../528/1162528.xml">closer</link></movie></it></col><col style="text-align:center;background: #ddffdd;vertical-align: middle;" class="table-yes2">won</col></row><row><col><fundamental_quantity wordnetid="113575869" confidence="0.8"><time_period wordnetid="115113229" confidence="0.8"><year wordnetid="115203791" confidence="0.8"><link ns0:type="simple" ns0:href="../978/294978.xml" /></year></time_period></fundamental_quantity></col><col><award wordnetid="106696483" confidence="0.9508927676800064"><link ns0:type="simple" ns0:href="../724/142724.xml">golden globe award</link></award></col><col>best support actress motion pictur</col><col><it><movie wordnetid="106613686" confidence="0.9508927676800064"><link ns0:type="simple" ns0:href="../041/3615041.xml">charli wilson war</link></movie></it></col><col style="text-align:center;background: #ffdddd;vertical-align: middle;" class="table-no2">nomin</col></row></table></p><p><table style="margin:0.5em auto; font-size:95%;clear:both;" class="wikitable"><row><header colspan="3" style="background: #FFF179;">award achiev</header></row><row style="text-align:center;"><col align="center" width="30%" rowspan="1">preced<actor wordnetid="109765278" confidence="0.9508927676800064"><link ns0:type="simple" ns0:href="../965/64965.xml">sigourney weaver</link></actor><it><link ns0:type="simple" ns0:href="../427/129427.xml">work girl</link></it></col><col style="text-align: center;" width="40%" rowspan="1"><symbol wordnetid="106806469" confidence="0.8"><award wordnetid="106696483" confidence="0.8"><signal wordnetid="106791372" confidence="0.8"><link ns0:type="simple" ns0:href="../749/1476749.xml">golden globe award best support actress motion pictur</link></signal></award></symbol><it><movie wordnetid="106613686" confidence="0.9508927676800064"><link ns0:type="simple" ns0:href="../008/600008.xml">steel magnolia</link></movie></it></col><col align="center" width="30%" rowspan="1">succeed<comedian wordnetid="109940146" confidence="0.9173553029164789"><host wordnetid="110187130" confidence="0.9173553029164789"><disk_jockey wordnetid="110017272" confidence="0.9173553029164789"><singer wordnetid="110599806" confidence="0.9173553029164789"><actor wordnetid="109765278" confidence="0.9173553029164789"><writer wordnetid="110794014" confidence="0.9173553029164789"><link ns0:type="simple" ns0:href="../985/54985.xml">whoopi goldberg</link></writer></actor></singer></disk_jockey></host></comedian><it><movie wordnetid="106613686" confidence="0.9508927676800064"><link ns0:type="simple" ns0:href="../619/129619.xml">ghost</link></movie></it></col></row><row style="text-align:center;"><col align="center" width="30%" rowspan="1">preced<person wordnetid="100007846" confidence="0.9508927676800064"><actor wordnetid="109765278" confidence="0.9508927676800064"><link ns0:type="simple" ns0:href="../047/84047.xml">jessica tandi</link></actor></person><it><movie wordnetid="106613686" confidence="0.9508927676800064"><link ns0:type="simple" ns0:href="../444/129444.xml">drive daisi</link></movie></it></col><col style="text-align: center;" width="40%" rowspan="1"><symbol wordnetid="106806469" confidence="0.8"><award wordnetid="106696483" confidence="0.8"><signal wordnetid="106791372" confidence="0.8"><link ns0:type="simple" ns0:href="../067/186067.xml">golden globe award best actress motion pictur music comedi</link></signal></award></symbol><it><movie wordnetid="106613686" confidence="0.9508927676800064"><link ns0:type="simple" ns0:href="../745/156745.xml">pretti woman</link></movie></it></col><col align="center" width="30%" rowspan="1">succeed<person wordnetid="100007846" confidence="0.9508927676800064"><singer wordnetid="110599806" confidence="0.9173553029164789"><actor wordnetid="109765278" confidence="0.9173553029164789"><artist wordnetid="109812338" confidence="0.9508927676800064"><link ns0:type="simple" ns0:href="../359/210359.xml">bett midler</link></artist></actor></singer></person><it><movie wordnetid="106613686" confidence="0.9508927676800064"><link ns0:type="simple" ns0:href="../260/770260.xml">boy</link></movie></it></col></row><row style="text-align:center;"><col align="center" width="30%" rowspan="1">preced<person wordnetid="100007846" confidence="0.9508927676800064"><manufacturer wordnetid="110292316" confidence="0.9173553029164789"><actor wordnetid="109765278" confidence="0.9508927676800064"><link ns0:type="simple" ns0:href="../289/92289.xml">hilari swank</link></actor></manufacturer></person><it><movie wordnetid="106613686" confidence="0.9508927676800064"><link ns0:type="simple" ns0:href="../162/543162.xml">boy dont cri</link></movie></it></col><col style="text-align: center;" width="40%" rowspan="1"><symbol wordnetid="106806469" confidence="0.8"><award wordnetid="106696483" confidence="0.8"><signal wordnetid="106791372" confidence="0.8"><link ns0:type="simple" ns0:href="../818/61818.xml">academi award best actress</link></signal></award></symbol><it><movie wordnetid="106613686" confidence="0.9508927676800064"><link ns0:type="simple" ns0:href="../914/1241914.xml">erin brockovich</link></movie></it></col><col align="center" width="30%" rowspan="1">succeed<person wordnetid="100007846" confidence="0.9508927676800064"><actor wordnetid="109765278" confidence="0.9508927676800064"><link ns0:type="simple" ns0:href="../717/13717.xml">hall berri</link></actor></person><it><movie wordnetid="106613686" confidence="0.9508927676800064"><link ns0:type="simple" ns0:href="../687/703687.xml">monster ball</link></movie></it></col></row><row style="text-align:center;"><col align="center" width="30%" rowspan="1">preced<person wordnetid="100007846" confidence="0.9508927676800064"><actor wordnetid="109765278" confidence="0.9508927676800064"><link ns0:type="simple" ns0:href="../447/438447.xml">annett bene</link></actor></person><it><movie wordnetid="106613686" confidence="0.9508927676800064"><link ns0:type="simple" ns0:href="../122/44122.xml">american beauti</link></movie></it></col><col style="text-align: center;" width="40%" rowspan="1"><symbol wordnetid="106806469" confidence="0.8"><award wordnetid="106696483" confidence="0.8"><signal wordnetid="106791372" confidence="0.8"><link ns0:type="simple" ns0:href="../876/3307876.xml">bafta award best actress lead role</link></signal></award></symbol><it><movie wordnetid="106613686" confidence="0.9508927676800064"><link ns0:type="simple" ns0:href="../914/1241914.xml">erin brockovich</link></movie></it></col><col align="center" width="30%" rowspan="1">succeed<person wordnetid="100007846" confidence="0.9508927676800064"><actor wordnetid="109765278" confidence="0.9508927676800064"><link ns0:type="simple" ns0:href="../432/85432.xml">judi dench</link></actor></person><it><movie wordnetid="106613686" confidence="0.9508927676800064"><link ns0:type="simple" ns0:href="../158/184158.xml">iri</link></movie></it></col></row><row style="text-align:center;"><col align="center" width="30%" rowspan="1">preced<person wordnetid="100007846" confidence="0.9508927676800064"><actor wordnetid="109765278" confidence="0.9508927676800064"><link ns0:type="simple" ns0:href="../447/438447.xml">annett bene</link></actor></person><it><movie wordnetid="106613686" confidence="0.9508927676800064"><link ns0:type="simple" ns0:href="../122/44122.xml">american beauti</link></movie></it></col><col style="text-align: center;" width="40%" rowspan="1"><link ns0:type="simple" ns0:href="../401/3627401.xml">screen actor guild award best actress motion pictur</link><it><movie wordnetid="106613686" confidence="0.9508927676800064"><link ns0:type="simple" ns0:href="../914/1241914.xml">erin brockovich</link></movie></it></col><col align="center" width="30%" rowspan="1">succeed<person wordnetid="100007846" confidence="0.9508927676800064"><actor wordnetid="109765278" confidence="0.9508927676800064"><link ns0:type="simple" ns0:href="../717/13717.xml">hall berri</link></actor></person><it><movie wordnetid="106613686" confidence="0.9508927676800064"><link ns0:type="simple" ns0:href="../687/703687.xml">monster ball</link></movie></it></col></row><row style="text-align:center;"><col align="center" width="30%" rowspan="1">preced<person wordnetid="100007846" confidence="0.9508927676800064"><manufacturer wordnetid="110292316" confidence="0.9173553029164789"><actor wordnetid="109765278" confidence="0.9508927676800064"><link ns0:type="simple" ns0:href="../289/92289.xml">hilari swank</link></actor></manufacturer></person><it><movie wordnetid="106613686" confidence="0.9508927676800064"><link ns0:type="simple" ns0:href="../162/543162.xml">boy dont cri</link></movie></it></col><col style="text-align: center;" width="40%" rowspan="1"><symbol wordnetid="106806469" confidence="0.8"><award wordnetid="106696483" confidence="0.8"><signal wordnetid="106791372" confidence="0.8"><link ns0:type="simple" ns0:href="../068/186068.xml">golden globe award best actress motion pictur drama</link></signal></award></symbol><it><movie wordnetid="106613686" confidence="0.9508927676800064"><link ns0:type="simple" ns0:href="../914/1241914.xml">erin brockovich</link></movie></it></col><col align="center" width="30%" rowspan="1">succeed<person wordnetid="100007846" confidence="0.9508927676800064"><actor wordnetid="109765278" confidence="0.9173553029164789"><link ns0:type="simple" ns0:href="../523/63523.xml">sissi spacek</link></actor></person><it><movie wordnetid="106613686" confidence="0.9508927676800064"><link ns0:type="simple" ns0:href="../507/42507.xml">bedroom</link></movie></it></col></row></table></p></sec><sec><st>read</st><p><list><entry level="1" type="bullet">mark bego<it>julia robert america sweetheart</it>york ami book<ref ns0:type="simple" ns0:href="#xpointer(//reflist/entry[@id=%2217%22])" /></entry></list></p><p><list><entry level="1" type="bullet">paul donnelley<it>julia robert confidenti unauthoris biographi</it>london virgin<ref ns0:type="simple" ns0:href="#xpointer(//reflist/entry[@id=%2218%22])" /></entry></list></p><p><list><entry level="1" type="bullet">frank sanello<it>julia robert pretti superstar</it>edinburgh mainstream<ref ns0:type="simple" ns0:href="#xpointer(//reflist/entry[@id=%2219%22])" /></entry></list></p><p><list><entry level="1" type="bullet">jame spada<it>julia life</it>york st martin press<ref ns0:type="simple" ns0:href="#xpointer(//reflist/entry[@id=%2220%22])" /></entry></list></p></sec><sec><st>refer</st><p><reflist><entry id="1"><weblink ns0:type="simple" ns0:href="http://boxofficemojo.com/people/?view=Actor sort=sumgross p=.htm">box offic mojo peopl</weblink></entry><entry id="2"><weblink ns0:type="simple" ns0:href="http://www.forbes.com/2007/01/17/richest-women-entertainment-tech-media-cz_lg_richwomen07_0118womenstars_lander.html">richest women entertain forbescom</weblink></entry><entry id="3"><weblink ns0:type="simple" ns0:href="http://www.lhj.com/lhj/story.jhtml?storyid=/templatedata/lhj/story/data/powerindex_10012001.xml">power</weblink></entry><entry id="4"><weblink ns0:type="simple" ns0:href="http://landing.ancestry.com/famoustree/index.aspx?name=roberts offerId=0:679:0">homeredirect</weblink></entry><entry id="5"><weblink ns0:type="simple" ns0:href="http://movies.yahoo.com/movie/contributor/1800019215/bio">julia robert biographi yahoo movi</weblink></entry><entry id="6">httpwwwgeorgiaencyclopediaorgngearticlejspidh<it>georgia encyclopedia</it></entry><entry id="7"><weblink ns0:type="simple" ns0:href="http://www.cobbk12.org/~campbellhs">menu</weblink></entry><entry id="8">httpwwwimdbcomnamenmnew julia robert critic behavior oscar</entry><entry id="9"><weblink ns0:type="simple" ns0:href="http://www.imdb.com/name/nm0000210/">julia robert credit imdb</weblink></entry><entry id="10"><weblink ns0:type="simple" ns0:href="http://juliaroberts.narod.ru/intwbw1993.htm">julia robert web interview interview barbara walter</weblink></entry><entry id="11"><weblink ns0:type="simple" ns0:href="http://query.nytimes.com/gst/fullpage.html?res=9F0CE0DC1730F931A25751C1A965958260 sec= spon= pagewanted=2">film julia robert layoff lyle york time</weblink></entry><entry id="12"><weblink ns0:type="simple" ns0:href="http://www.boxofficemojo.com/people/chart/?view=Actor id=juliaroberts.htm">julia robert movi box offic</weblink></entry><entry id="13"><weblink ns0:type="simple" ns0:href="http://www.people.com/people/article/0,26334,622133,00.html">julia robert lay david letterman julia robert peoplecom</weblink></entry><entry id="14">schneider karen<weblink ns0:type="simple" ns0:href="http://www.people.com/people/article/0,,628189_3,00.html">hideaway bride</weblink>peopl magazin retriev<link /></entry><entry id="15">httpnewsyahoocomsapap_on_en_mopeople_julia_robert</entry><entry id="17"><weblink ns0:type="simple" ns0:href="http://www.markbego.com">mark bego</weblink></entry><entry id="16"><weblink ns0:type="simple" ns0:href="http://www.people.com/people/article/0,,20042936,00.html">julia robert welcom babi boy birth julia robert peoplecom</weblink></entry><entry id="19"><weblink ns0:type="simple" ns0:href="http://hometown.aol.com/fsanello/ghostwriter/frank_sanello.htm">frank sanello</weblink></entry><entry id="18"><weblink ns0:type="simple" ns0:href="http://www.pauldonnelley.com">pauldonnelleycom</weblink></entry><entry id="21">httpwwwangelfirecomdebullheadjulianewshtml angelfir</entry><entry id="20"><weblink ns0:type="simple" ns0:href="http://www.jamesspada.com">jame spada</weblink></entry></reflist></p></sec><sec><st>extern link</st><p><list><entry level="1" type="bullet"><weblink ns0:type="simple" ns0:href="http://www.imdb.com/name/nm0000210/">julia robert</weblink><web_site wordnetid="106359193" confidence="0.9508927676800064"><link ns0:type="simple" ns0:href="../554/2855554.xml">internet movi databas</link></web_site></entry><entry level="1" type="bullet"><weblink ns0:type="simple" ns0:href="http://www.ibdb.com/person.asp?ID=403590">julia robert</weblink><possession wordnetid="100032613" confidence="0.8"><property wordnetid="113244109" confidence="0.8"><link ns0:type="simple" ns0:href="../348/1037348.xml">internet broadway databas</link></property></possession></entry><entry level="1" type="bullet"><weblink ns0:type="simple" ns0:href="http://www.tv.com/person/4035/summary.html">julia robert</weblink><web_site wordnetid="106359193" confidence="0.9508927676800064"><link ns0:type="simple" ns0:href="../055/2026055.xml">tvcom</link></web_site></entry></list></p><p><table style=";" class="navbox" cellspacing="0"><row><col style="padding:2px;"><table style="width:100%;background:transparent;color:inherit;;" class="nowraplinks collapsible autocollapse " cellspacing="0"><row><header colspan="2" style=";background: #EEDD82" class="navbox-title"><symbol wordnetid="106806469" confidence="0.8"><award wordnetid="106696483" confidence="0.8"><signal wordnetid="106791372" confidence="0.8"><link ns0:type="simple" ns0:href="../818/61818.xml">academi award</link></signal></award></symbol><symbol wordnetid="106806469" confidence="0.8"><award wordnetid="106696483" confidence="0.8"><signal wordnetid="106791372" confidence="0.8"><link ns0:type="simple" ns0:href="../818/61818.xml#xpointer(//*[./st=%221980%22])">best actress</link></signal></award></symbol></header></row><row style="height:2px;" /><row><col colspan="2" style="width:100%;padding:0px;;;" class="navbox-list navbox-odd"><p><person wordnetid="100007846" confidence="0.9508927676800064"><actor wordnetid="109765278" confidence="0.9508927676800064"><link ns0:type="simple" ns0:href="../337/43337.xml">katharin hepburn</link></actor></person><person wordnetid="100007846" confidence="0.9508927676800064"><actor wordnetid="109765278" confidence="0.9508927676800064"><link ns0:type="simple" ns0:href="../390/63390.xml">meryl streep</link></actor></person><person wordnetid="100007846" confidence="0.9508927676800064"><actor wordnetid="109765278" confidence="0.9508927676800064"><link ns0:type="simple" ns0:href="../368/147368.xml">shirley maclain</link></actor></person><person wordnetid="100007846" confidence="0.9508927676800064"><screenwriter wordnetid="110564400" confidence="0.9173553029164789"><actor wordnetid="109765278" confidence="0.9508927676800064"><link ns0:type="simple" ns0:href="../361/240361.xml">salli field</link></actor></screenwriter></person><person wordnetid="100007846" confidence="0.9508927676800064"><actor wordnetid="109765278" confidence="0.9508927676800064"><link ns0:type="simple" ns0:href="../714/206714.xml">geraldin</link></actor></person><person wordnetid="100007846" confidence="0.9508927676800064"><actor wordnetid="109765278" confidence="0.9508927676800064"><link ns0:type="simple" ns0:href="../870/182870.xml">marle matlin</link></actor></person><person wordnetid="100007846" confidence="0.9508927676800064"><artist wordnetid="109812338" confidence="0.9508927676800064"><link ns0:type="simple" ns0:href="../696/80696.xml">cher</link></artist></person><person wordnetid="100007846" confidence="0.9508927676800064"><actor wordnetid="109765278" confidence="0.9508927676800064"><director wordnetid="110014939" confidence="0.9173553029164789"><link ns0:type="simple" ns0:href="../883/18717883.xml">jodi foster</link></director></actor></person><person wordnetid="100007846" confidence="0.9508927676800064"><actor wordnetid="109765278" confidence="0.9508927676800064"><link ns0:type="simple" ns0:href="../047/84047.xml">jessica tandi</link></actor></person><composer wordnetid="109947232" confidence="0.9173553029164789"><person wordnetid="100007846" confidence="0.9508927676800064"><singer wordnetid="110599806" confidence="0.9173553029164789"><film_maker wordnetid="110088390" confidence="0.9173553029164789"><actress wordnetid="109767700" confidence="0.9173553029164789"><actor wordnetid="109765278" confidence="0.9508927676800064"><director wordnetid="110014939" confidence="0.9173553029164789"><link ns0:type="simple" ns0:href="../607/519607.xml">kathi bate</link></director></actor></actress></film_maker></singer></person></composer><person wordnetid="100007846" confidence="0.9508927676800064"><actor wordnetid="109765278" confidence="0.9508927676800064"><director wordnetid="110014939" confidence="0.9173553029164789"><link ns0:type="simple" ns0:href="../883/18717883.xml">jodi foster</link></director></actor></person><person wordnetid="100007846" confidence="0.9508927676800064"><actor wordnetid="109765278" confidence="0.9508927676800064"><link ns0:type="simple" ns0:href="../985/160985.xml">emma thompson</link></actor></person><person wordnetid="100007846" confidence="0.9508927676800064"><manufacturer wordnetid="110292316" confidence="0.9173553029164789"><actor wordnetid="109765278" confidence="0.9508927676800064"><link ns0:type="simple" ns0:href="../755/18220755.xml">holli hunter</link></actor></manufacturer></person><link ns0:type="simple" ns0:href="../763/67763.xml">jessica lang</link><link ns0:type="simple" ns0:href="../323/68323.xml">susan sarandon</link><person wordnetid="100007846" confidence="0.9508927676800064"><actor wordnetid="109765278" confidence="0.9508927676800064"><link ns0:type="simple" ns0:href="../355/275355.xml">franc mcdormand</link></actor></person><person wordnetid="100007846" confidence="0.9508927676800064"><actor wordnetid="109765278" confidence="0.9508927676800064"><link ns0:type="simple" ns0:href="../569/44569.xml">helen hunt</link></actor></person><person wordnetid="100007846" confidence="0.9508927676800064"><actor wordnetid="109765278" confidence="0.9508927676800064"><link ns0:type="simple" ns0:href="../621/42621.xml">gwyneth paltrow</link></actor></person><person wordnetid="100007846" confidence="0.9508927676800064"><manufacturer wordnetid="110292316" confidence="0.9173553029164789"><actor wordnetid="109765278" confidence="0.9508927676800064"><link ns0:type="simple" ns0:href="../289/92289.xml">hilari swank</link></actor></manufacturer></person><person wordnetid="100007846" confidence="0.9508927676800064"><manufacturer wordnetid="110292316" confidence="0.9173553029164789"><actor wordnetid="109765278" confidence="0.9508927676800064"><link ns0:type="simple" ns0:href="../553/16553.xml">julia robert</link></actor></manufacturer></person></p></col></row></table></col></row></table></p><p><table id="persondata" class="persondata"><header colspan="2" /><row><col class="persondata-label" /><col>robert julia</col></row><row><col class="persondata-label">altern name</col><col>juli robert</col></row><row><col class="persondata-label">short descript</col><col><link ns0:type="simple" ns0:href="../324/324.xml">academi award</link>win<body wordnetid="107965085" confidence="0.8"><social_group wordnetid="107950920" confidence="0.8"><political_orientation wordnetid="106212839" confidence="0.8"><colony wordnetid="108374049" confidence="0.8"><state wordnetid="108168978" confidence="0.8"><political_unit wordnetid="108359949" confidence="0.8"><group wordnetid="100031264" confidence="0.8"><democracy wordnetid="106217103" confidence="0.8"><link ns0:type="simple" ns0:href="../750/3434750.xml">american</link></democracy></group></political_unit></state></colony></political_orientation></social_group></body><link ns0:type="simple" ns0:href="../753/753.xml">actress</link></col></row><row><col class="persondata-label">birth</col><col>octob age</col></row><row><col class="persondata-label">place birth</col><col><village wordnetid="108672738" confidence="0.9508927676800064"><link ns0:type="simple" ns0:href="../989/109989.xml">smyrna georgia</link></village></col></row><row><col class="persondata-label">death</col></row><row><col class="persondata-label">place death</col></row></table></p></sec></bdy></actor></alumnus></entity></manufacturer></person></model></article>