<article xmlns:ns0="http://www.w3.org/1999/xlink"><studio confidence="0.9511911446218017" wordnetid="104344246"><product confidence="0.8" wordnetid="104007894"><creation confidence="0.8" wordnetid="103129123"><artifact confidence="0.8" wordnetid="100021939"><event confidence="0.8" wordnetid="100029378"><social_event confidence="0.8" wordnetid="107288639"><movie confidence="0.8" wordnetid="106613686"><show confidence="0.8" wordnetid="106619065"><psychological_feature confidence="0.8" wordnetid="100023100"><war confidence="0.9511911446218017" wordnetid="100973077"><header><title>eal studio</title><id /><revision><id /><timestamp>tz</timestamp><contributor><username>slayerxtt</username><id /></contributor></revision><categories><category>histori eal</category><category>star war film locat</category><category>comedi film</category><category>eal film</category><category>british film studio</category><category>media commun eal</category></categories></header><bdy><indent level="1"><it>film<movie wordnetid="106613686" confidence="0.9508927676800064"><link ns0:type="simple" ns0:href="../404/16276404.xml">eal comedi film</link></movie>film comedi<link ns0:type="simple" ns0:href="../824/558824.xml">eal comedi</link></it></indent><image width="250px" src="Ealing_Studios_London_England.jpg" type="thumb"><caption>eal studio</caption></image><b>eal studio</b><link ns0:type="simple" ns0:href="../831/29831.xml">televis</link><link ns0:type="simple" ns0:href="../571/10571.xml">film</link>product compani facil provid<site wordnetid="108651247" confidence="0.9508927676800064"><link ns0:type="simple" ns0:href="../301/150301.xml">eal</link></site>green<region wordnetid="108630985" confidence="0.8"><location wordnetid="100027167" confidence="0.8"><district wordnetid="108552138" confidence="0.8"><link ns0:type="simple" ns0:href="../819/1493819.xml">west london</link></district></location></region>offici oldest<link ns0:type="simple" ns0:href="../006/13242006.xml">film studio</link><sec><st>histori</st><p>site occupi<physical_entity wordnetid="100001930" confidence="0.8"><person wordnetid="100007846" confidence="0.8"><manufacturer wordnetid="110292316" confidence="0.8"><maker wordnetid="110284064" confidence="0.8"><leader wordnetid="109623038" confidence="0.8"><administrator wordnetid="109770949" confidence="0.8"><causal_agent wordnetid="100007347" confidence="0.8"><head wordnetid="110162991" confidence="0.8"><director wordnetid="110014939" confidence="0.8"><creator wordnetid="109614315" confidence="0.8"><link ns0:type="simple" ns0:href="../532/17368532.xml">will barker</link></creator></director></head></causal_agent></administrator></leader></maker></manufacturer></person></physical_entity>studio acquir theatr produc<skilled_worker wordnetid="110605985" confidence="0.8"><physical_entity wordnetid="100001930" confidence="0.8"><person wordnetid="100007846" confidence="0.8"><maker wordnetid="110284064" confidence="0.8"><serviceman wordnetid="110582746" confidence="0.8"><scriptwriter wordnetid="110564905" confidence="0.8"><actor wordnetid="109765278" confidence="0.8"><director wordnetid="110014939" confidence="0.8"><creator wordnetid="109614315" confidence="0.8"><military_officer wordnetid="110317007" confidence="0.8"><communicator wordnetid="109610660" confidence="0.8"><manufacturer wordnetid="110292316" confidence="0.8"><administrator wordnetid="109770949" confidence="0.8"><leader wordnetid="109623038" confidence="0.8"><worker wordnetid="109632518" confidence="0.8"><performer wordnetid="110415638" confidence="0.8"><screenwriter wordnetid="110564400" confidence="0.8"><causal_agent wordnetid="100007347" confidence="0.8"><writer wordnetid="110794014" confidence="0.8"><head wordnetid="110162991" confidence="0.8"><entertainer wordnetid="109616922" confidence="0.8"><link ns0:type="simple" ns0:href="../164/5716164.xml">basil dean</link></entertainer></head></writer></causal_agent></screenwriter></performer></worker></leader></administrator></manufacturer></communicator></military_officer></creator></director></actor></scriptwriter></serviceman></maker></person></physical_entity></skilled_worker>newlyform associ talk pictur reopen eal studio compani renam associ talk pictur dean left replac<person wordnetid="100007846" confidence="0.9508927676800064"><actor wordnetid="109765278" confidence="0.9508927676800064"><link ns0:type="simple" ns0:href="../300/744300.xml">michael balcon</link></actor></person>mgm film studio balcon discontinu atp began issu film eal studio compani<company wordnetid="108058098" confidence="0.8"><institution wordnetid="108053576" confidence="0.8"><link ns0:type="simple" ns0:href="../122/312122.xml">rank organis</link></institution></company></p><p>eal produc comedi star<person wordnetid="100007846" confidence="0.9508927676800064"><artist wordnetid="109812338" confidence="0.9508927676800064"><link ns0:type="simple" ns0:href="../415/391415.xml">georg formbi</link></artist></person><person wordnetid="100007846" confidence="0.9508927676800064"><astronomer wordnetid="109818343" confidence="0.9173553029164789"><link ns0:type="simple" ns0:href="../482/520482.xml">will hay</link></astronomer></person>establish reput sphere entertain compani instrument documentari filmmak realist war film includ<it><movie wordnetid="106613686" confidence="0.9508927676800064"><link ns0:type="simple" ns0:href="../745/2044745.xml">day well</link></movie></it><it><movie wordnetid="106613686" confidence="0.9508927676800064"><link ns0:type="simple" ns0:href="../121/15271121.xml">foreman franc</link></movie></it><it><link>san demetrio london</link></it>studio influenti chiller compendium<it><movie wordnetid="106613686" confidence="0.9508927676800064"><link ns0:type="simple" ns0:href="../299/1129299.xml">dead night</link></movie></it></p><p>postwar period compani embark seri celebr<link ns0:type="simple" ns0:href="../824/558824.xml">comedi</link>studio hallmark lightli satir reflect aspect british charact societi<it><link ns0:type="simple" ns0:href="../319/1755319.xml">hue cri</link></it><it><movie wordnetid="106613686" confidence="0.9508927676800064"><link ns0:type="simple" ns0:href="../279/6079279.xml">barnacl bill</link></movie></it>famou seri produc<it><movie wordnetid="106613686" confidence="0.9508927676800064"><link ns0:type="simple" ns0:href="../418/9293418.xml">whiski galor</link></movie></it><it><movie wordnetid="106613686" confidence="0.9508927676800064"><link ns0:type="simple" ns0:href="../991/254991.xml">passport pimlico</link></movie></it><it><link ns0:type="simple" ns0:href="../908/350908.xml">kind heart coronet</link></it><it><movie wordnetid="106613686" confidence="0.9508927676800064"><link ns0:type="simple" ns0:href="../632/156632.xml">lavend hill mob</link></movie></it><it><movie wordnetid="106613686" confidence="0.9508927676800064"><link ns0:type="simple" ns0:href="../262/1029262.xml">man white suit</link></movie></it><it><movie wordnetid="106613686" confidence="0.9508927676800064"><link ns0:type="simple" ns0:href="../896/624896.xml">titfield thunderbolt</link></movie></it><it><movie wordnetid="106613686" confidence="0.9508927676800064"><link ns0:type="simple" ns0:href="../625/69625.xml">ladykil</link></movie></it>classic british cinema larg number eal film photograph<cameraman wordnetid="109889539" confidence="0.9173553029164789"><person wordnetid="100007846" confidence="0.9508927676800064"><link ns0:type="simple" ns0:href="../819/2127819.xml">dougla slocomb</link></person></cameraman>shoot three<skilled_worker wordnetid="110605985" confidence="0.8"><anthropologist wordnetid="109796323" confidence="0.8"><physical_entity wordnetid="100001930" confidence="0.8"><commissioned_officer wordnetid="109942970" confidence="0.8"><person wordnetid="100007846" confidence="0.8"><social_scientist wordnetid="110619642" confidence="0.8"><archeologist wordnetid="109804806" confidence="0.8"><serviceman wordnetid="110582746" confidence="0.8"><scientist wordnetid="110560637" confidence="0.8"><adult wordnetid="109605289" confidence="0.8"><professional wordnetid="110480253" confidence="0.8"><educator wordnetid="110045713" confidence="0.8"><military_officer wordnetid="110317007" confidence="0.8"><colonel wordnetid="109937250" confidence="0.8"><commissioned_military_officer wordnetid="109943239" confidence="0.8"><veteran wordnetid="110749528" confidence="0.8"><professor wordnetid="110480730" confidence="0.8"><worker wordnetid="109632518" confidence="0.8"><academician wordnetid="109759069" confidence="0.8"><causal_agent wordnetid="100007347" confidence="0.8"><link ns0:type="simple" ns0:href="../814/14814.xml">indiana jone</link></causal_agent></academician></worker></professor></veteran></commissioned_military_officer></colonel></military_officer></educator></professional></adult></scientist></serviceman></archeologist></social_scientist></person></commissioned_officer></physical_entity></anthropologist></skilled_worker>film<person wordnetid="100007846" confidence="0.9508927676800064"><actor wordnetid="109765278" confidence="0.9508927676800064"><link ns0:type="simple" ns0:href="../940/26940.xml">steven spielberg</link></actor></person></p><p><network wordnetid="108434259" confidence="0.9508927676800064"><link ns0:type="simple" ns0:href="../654/19344654.xml">bbc</link></network>bought studio creat televis product<it><series wordnetid="108457976" confidence="0.9508927676800064"><link ns0:type="simple" ns0:href="../947/2581947.xml">colditz</link></series></it><it><series wordnetid="108457976" confidence="0.9508927676800064"><link ns0:type="simple" ns0:href="../218/828218.xml">sing detect</link></series></it><it><series wordnetid="108457976" confidence="0.9508927676800064"><link ns0:type="simple" ns0:href="../573/15561573.xml">fortun war</link></series></it>studio eal sold bbc product bear eal continu mgm studio elstre year studio purchas<link ns0:type="simple" ns0:href="../128/408128.xml">nation film televis school</link>nft mid uri fruchtmann barnabi thompson harri handelsman john kao view reviv fortun studio studio begun churn film<it><movie wordnetid="106613686" confidence="0.9508927676800064"><link ns0:type="simple" ns0:href="../860/15112860.xml">lucki break</link></movie></it><it><movie wordnetid="106613686" confidence="0.9508927676800064"><link ns0:type="simple" ns0:href="../489/6197489.xml">earnest</link></movie></it><it><link ns0:type="simple" ns0:href="../035/1643035.xml">valiant</link></it></p></sec><sec><st>eal studio film</st><p><table cellpadding="0" border="0" cellspacing="4"><row valign="top"><col><list><entry level="1" type="bullet"><it>bird prey</it></entry><entry level="1" type="bullet"><it>honeymoon adventur</it></entry><entry level="1" type="bullet"><it>salli alley</it></entry><entry level="1" type="bullet"><it>bright side</it></entry><entry level="1" type="bullet"><it>love spot</it></entry><entry level="1" type="bullet"><it>till</it></entry><entry level="1" type="bullet"><it>bailiff</it></entry><entry level="1" type="bullet"><it>impass footman</it></entry><entry level="1" type="bullet"><it>sign</it></entry><entry level="1" type="bullet"><it>water gypsi</it></entry><entry level="1" type="bullet"><it>loyalti</it></entry><entry level="1" type="bullet"><it>perfect understand</it></entry><entry level="1" type="bullet"><it>fortun fool</it></entry><entry level="1" type="bullet"><it>hous trent</it></entry><entry level="1" type="bullet"><it>live</it></entry><entry level="1" type="bullet"><it>week grace</it></entry><entry level="1" type="bullet"><it>three men boat</it></entry><entry level="1" type="bullet"><it>tiger bay</it></entry><entry level="1" type="bullet"><it>brighton gladi</it></entry><entry level="1" type="bullet"><it>autumn crocu</it></entry><entry level="1" type="bullet"><it>love life laughter</it></entry><entry level="1" type="bullet"><it>roll money</it></entry><entry level="1" type="bullet"><it>sing</it></entry><entry level="1" type="bullet"><it>perfect flaw</it></entry><entry level="1" type="bullet"><it>secret loch</it></entry><entry level="1" type="bullet"><it>honeymoon three</it></entry><entry level="1" type="bullet"><it>happen pari</it></entry><entry level="1" type="bullet"><it>laugh</it></entry><entry level="1" type="bullet"><it>lorna doon</it></entry><entry level="1" type="bullet"><it>midshipman easi</it></entry><entry level="1" type="bullet"><it>limit</it></entry><entry level="1" type="bullet"><it>play band</it></entry><entry level="1" type="bullet"><it>dictat</it></entry><entry level="1" type="bullet"><it>public life henri ix</it></entry><entry level="1" type="bullet"><it><movie wordnetid="106613686" confidence="0.9508927676800064"><link ns0:type="simple" ns0:href="../826/15277826.xml">silent passeng</link></movie></it></entry><entry level="1" type="bullet"><it>woman</it></entry><entry level="1" type="bullet"><it>call tune</it></entry><entry level="1" type="bullet"><it>cheer</it></entry><entry level="1" type="bullet"><it>dream true</it></entry><entry level="1" type="bullet"><it>guilti melodi</it></entry><entry level="1" type="bullet"><it>seat</it></entry><entry level="1" type="bullet"><it>laburnum grove</it></entry><entry level="1" type="bullet"><it>olymp honeymoon</it></entry><entry level="1" type="bullet"><it>queen heart</it></entry><entry level="1" type="bullet"><it>hous</it>spaniard</entry><entry level="1" type="bullet"><it>lone road</it></entry><entry level="1" type="bullet"><it>tropic troubl</it></entry><entry level="1" type="bullet"><it>god love</it></entry></list></col><col><p><list><entry level="1" type="bullet"><it>ecstasi</it></entry><entry level="1" type="bullet"><it>feather nest</it></entry><entry level="1" type="bullet"><it>fit</it></entry><entry level="1" type="bullet"><it>secret live</it></entry><entry level="1" type="bullet"><it>chanc</it></entry><entry level="1" type="bullet"><it>girl taxi</it></entry><entry level="1" type="bullet"><it>high command</it></entry><entry level="1" type="bullet"><it /></entry><entry level="1" type="bullet"><it>ladi friend</it></entry><entry level="1" type="bullet"><it>ice</it></entry><entry level="1" type="bullet"><it><movie wordnetid="106613686" confidence="0.9508927676800064"><link ns0:type="simple" ns0:href="../791/3833791.xml">air</link></movie></it></entry><entry level="1" type="bullet"><it>penni paradis</it></entry><entry level="1" type="bullet"><it>gaunt stranger</it></entry><entry level="1" type="bullet"><it>ware case</it></entry><entry level="1" type="bullet"><it>famou</it></entry><entry level="1" type="bullet"><it>troubl brew</it></entry><entry level="1" type="bullet"><it>men</it></entry><entry level="1" type="bullet"><it>aint justic</it></entry><entry level="1" type="bullet"><it>young man fanci</it></entry><entry level="1" type="bullet"><it>cheer boy cheer</it></entry><entry level="1" type="bullet"><it>georg</it></entry><entry level="1" type="bullet"><it>return yesterday</it></entry><entry level="1" type="bullet"><it>valley</it></entry><entry level="1" type="bullet"><it><movie wordnetid="106613686" confidence="0.9508927676800064"><link ns0:type="simple" ns0:href="../872/7350872.xml">georg</link></movie></it></entry><entry level="1" type="bullet"><it>convoy</it></entry><entry level="1" type="bullet"><it>saloon bar</it></entry><entry level="1" type="bullet"><it>sailor three</it></entry><entry level="1" type="bullet"><it>spare copper</it></entry><entry level="1" type="bullet"><it><link ns0:type="simple" ns0:href="../937/3838937.xml">ghost st michael</link></it></entry><entry level="1" type="bullet"><it><movie wordnetid="106613686" confidence="0.9508927676800064"><link ns0:type="simple" ns0:href="../634/15112634.xml">turn nice</link></movie></it></entry><entry level="1" type="bullet"><it>ship wing</it></entry><entry level="1" type="bullet"><it><movie wordnetid="106613686" confidence="0.9508927676800064"><link ns0:type="simple" ns0:href="../143/3494143.xml">black sheep whitehal</link></movie></it></entry><entry level="1" type="bullet"><it>big blockad</it></entry><entry level="1" type="bullet"><it><movie wordnetid="106613686" confidence="0.9508927676800064"><link ns0:type="simple" ns0:href="../121/15271121.xml">foreman franc</link></movie></it></entry><entry level="1" type="bullet"><it><movie wordnetid="106613686" confidence="0.9508927676800064"><link ns0:type="simple" ns0:href="../710/7299710.xml">kin</link></movie></it></entry><entry level="1" type="bullet"><it><movie wordnetid="106613686" confidence="0.9508927676800064"><link ns0:type="simple" ns0:href="../727/1001727.xml">goos step</link></movie></it></entry><entry level="1" type="bullet"><it>men</it></entry><entry level="1" type="bullet"><it><movie wordnetid="106613686" confidence="0.9508927676800064"><link ns0:type="simple" ns0:href="../579/11327579.xml">bell</link></movie></it></entry><entry level="1" type="bullet"><it>undercov</it></entry><entry level="1" type="bullet"><it><movie wordnetid="106613686" confidence="0.9508927676800064"><link ns0:type="simple" ns0:href="../945/1001945.xml">learn friend</link></movie></it></entry><entry level="1" type="bullet"><it><movie wordnetid="106613686" confidence="0.9508927676800064"><link ns0:type="simple" ns0:href="../745/2044745.xml">day well</link></movie></it></entry><entry level="1" type="bullet"><it>san demetrio london</it></entry><entry level="1" type="bullet"><it>halfway hous</it></entry><entry level="1" type="bullet"><it>peril</it></entry><entry level="1" type="bullet"><it>citi</it></entry><entry level="1" type="bullet"><it><movie wordnetid="106613686" confidence="0.9508927676800064"><link ns0:type="simple" ns0:href="../358/1605358.xml">champagn charli</link></movie></it></entry><entry level="1" type="bullet"><it><product wordnetid="104007894" confidence="0.8"><creation wordnetid="103129123" confidence="0.8"><artifact wordnetid="100021939" confidence="0.8"><event wordnetid="100029378" confidence="0.8"><social_event wordnetid="107288639" confidence="0.8"><movie wordnetid="106613686" confidence="0.8"><show wordnetid="106619065" confidence="0.8"><psychological_feature wordnetid="100023100" confidence="0.8"><link ns0:type="simple" ns0:href="../758/11214758.xml">fiddler three</link></psychological_feature></show></movie></social_event></event></artifact></creation></product></it></entry><entry level="1" type="bullet"><it>johnni frenchman</it></entry><entry level="1" type="bullet"><it>paint boat</it></entry><entry level="1" type="bullet"><it><movie wordnetid="106613686" confidence="0.9508927676800064"><link ns0:type="simple" ns0:href="../299/1129299.xml">dead night</link></movie></it></entry><entry level="1" type="bullet"><it>pink string seal wax</it></entry><entry level="1" type="bullet"><it><movie wordnetid="106613686" confidence="0.9508927676800064"><link ns0:type="simple" ns0:href="../205/2112205.xml">captiv heart</link></movie></it></entry></list></p></col><col><p><list><entry level="1" type="bullet"><it><movie wordnetid="106613686" confidence="0.9508927676800064"><link ns0:type="simple" ns0:href="../392/3376392.xml">overland</link></movie></it>produc eal film locat<country wordnetid="108544813" confidence="0.9508927676800064"><link ns0:type="simple" ns0:href="../264/4689264.xml">australia</link></country></entry><entry level="1" type="bullet"><it><link ns0:type="simple" ns0:href="../319/1755319.xml">hue cri</link></it>gener consid<link ns0:type="simple" ns0:href="../824/558824.xml">eal comedi</link></entry><entry level="1" type="bullet"><it><movie wordnetid="106613686" confidence="0.9508927676800064"><link ns0:type="simple" ns0:href="../606/14343606.xml">nichola nicklebi</link></movie></it></entry><entry level="1" type="bullet"><it>love joanna godden</it></entry><entry level="1" type="bullet"><it>frieda</it></entry><entry level="1" type="bullet"><it><movie wordnetid="106613686" confidence="0.9508927676800064"><link ns0:type="simple" ns0:href="../453/11069453.xml">rain sunday</link></movie></it></entry><entry level="1" type="bullet"><it><link ns0:type="simple" ns0:href="../639/3335639.xml">wind</link></it></entry><entry level="1" type="bullet"><it><movie wordnetid="106613686" confidence="0.9508927676800064"><link ns0:type="simple" ns0:href="../939/14334939.xml">saraband dead lover</link></movie></it>eal technicolor film</entry><entry level="1" type="bullet"><it>shore</it></entry><entry level="1" type="bullet"><it><movie wordnetid="106613686" confidence="0.9508927676800064"><link ns0:type="simple" ns0:href="../367/526367.xml">scott antarct</link></movie></it></entry><entry level="1" type="bullet"><it><product wordnetid="104007894" confidence="0.8"><creation wordnetid="103129123" confidence="0.8"><artifact wordnetid="100021939" confidence="0.8"><event wordnetid="100029378" confidence="0.8"><social_event wordnetid="107288639" confidence="0.8"><movie wordnetid="106613686" confidence="0.8"><show wordnetid="106619065" confidence="0.8"><psychological_feature wordnetid="100023100" confidence="0.8"><link ns0:type="simple" ns0:href="../565/7848565.xml">eureka stockad</link></psychological_feature></show></movie></social_event></event></artifact></creation></product></it></entry><entry level="1" type="bullet"><it><movie wordnetid="106613686" confidence="0.9508927676800064"><link ns0:type="simple" ns0:href="../991/254991.xml">passport pimlico</link></movie></it></entry><entry level="1" type="bullet"><it><movie wordnetid="106613686" confidence="0.9508927676800064"><link ns0:type="simple" ns0:href="../418/9293418.xml">whiski galor</link></movie></it></entry><entry level="1" type="bullet"><it><link ns0:type="simple" ns0:href="../908/350908.xml">kind heart coronet</link></it></entry><entry level="1" type="bullet"><it>train event</it></entry><entry level="1" type="bullet"><it><movie wordnetid="106613686" confidence="0.9508927676800064"><link ns0:type="simple" ns0:href="../958/11705958.xml">money</link></movie></it></entry><entry level="1" type="bullet"><it><movie wordnetid="106613686" confidence="0.9508927676800064"><link ns0:type="simple" ns0:href="../305/421305.xml">blue lamp</link></movie></it></entry><entry level="1" type="bullet"><it><movie wordnetid="106613686" confidence="0.9508927676800064"><link ns0:type="simple" ns0:href="../607/7916607.xml">danc hall</link></movie></it></entry><entry level="1" type="bullet"><it>bitter spring</it></entry><entry level="1" type="bullet"><it>cage gold</it></entry><entry level="1" type="bullet"><it>magnet</it></entry><entry level="1" type="bullet"><it>pool london</it></entry><entry level="1" type="bullet"><it><movie wordnetid="106613686" confidence="0.9508927676800064"><link ns0:type="simple" ns0:href="../632/156632.xml">lavend hill mob</link></movie></it></entry><entry level="1" type="bullet"><it><movie wordnetid="106613686" confidence="0.9508927676800064"><link ns0:type="simple" ns0:href="../262/1029262.xml">man white suit</link></movie></it></entry><entry level="1" type="bullet"><it><movie wordnetid="106613686" confidence="0.9508927676800064"><link ns0:type="simple" ns0:href="../346/16201346.xml">vultur fli</link></movie></it></entry><entry level="1" type="bullet"><it>excel</it></entry><entry level="1" type="bullet"><it>secret peopl</it></entry><entry level="1" type="bullet"><it /></entry><entry level="1" type="bullet"><it><movie wordnetid="106613686" confidence="0.9508927676800064"><link ns0:type="simple" ns0:href="../153/9167153.xml">mandi film</link></movie></it></entry><entry level="1" type="bullet"><it>gentl gunman</it></entry><entry level="1" type="bullet"><it><movie wordnetid="106613686" confidence="0.9508927676800064"><link ns0:type="simple" ns0:href="../896/624896.xml">titfield thunderbolt</link></movie></it></entry><entry level="1" type="bullet"><it><movie wordnetid="106613686" confidence="0.9508927676800064"><link ns0:type="simple" ns0:href="../912/1401912.xml">cruel sea</link></movie></it></entry><entry level="1" type="bullet"><it>squar ring</it></entry><entry level="1" type="bullet"><it><movie wordnetid="106613686" confidence="0.9508927676800064"><link ns0:type="simple" ns0:href="../212/15112212.xml">meet lucif</link></movie></it></entry><entry level="1" type="bullet"><it>love lotteri</it></entry><entry level="1" type="bullet"><it><movie wordnetid="106613686" confidence="0.9508927676800064"><link ns0:type="simple" ns0:href="../556/915556.xml">maggi</link></movie></it></entry><entry level="1" type="bullet"><it>west zanzibar</it></entry><entry level="1" type="bullet"><it>rainbow jacket</it></entry><entry level="1" type="bullet"><it>leas life</it></entry><entry level="1" type="bullet"><it>divid heart</it></entry><entry level="1" type="bullet"><it>cloud</it></entry><entry level="1" type="bullet"><it><movie wordnetid="106613686" confidence="0.9508927676800064"><link ns0:type="simple" ns0:href="../759/13282759.xml">night number</link></movie></it></entry><entry level="1" type="bullet"><it><movie wordnetid="106613686" confidence="0.9508927676800064"><link ns0:type="simple" ns0:href="../430/11912430.xml">ship die shame</link></movie></it></entry><entry level="1" type="bullet"><it>touch</it></entry><entry level="1" type="bullet"><it><movie wordnetid="106613686" confidence="0.9508927676800064"><link ns0:type="simple" ns0:href="../625/69625.xml">ladykil</link></movie></it></entry><entry level="1" type="bullet"><it>feminin touch</it></entry><entry level="1" type="bullet"><it /></entry><entry level="1" type="bullet"><it><link ns0:type="simple" ns0:href="../961/18884961.xml">long arm</link></it></entry><entry level="1" type="bullet"><it>man sky</it></entry><entry level="1" type="bullet"><it><movie wordnetid="106613686" confidence="0.9508927676800064"><link ns0:type="simple" ns0:href="../146/2640146.xml">shirale</link></movie></it></entry><entry level="1" type="bullet"><it><movie wordnetid="106613686" confidence="0.9508927676800064"><link ns0:type="simple" ns0:href="../279/6079279.xml">barnacl bill</link></movie></it></entry><entry level="1" type="bullet"><it>davi</it></entry><entry level="1" type="bullet"><it><movie wordnetid="106613686" confidence="0.9508927676800064"><link ns0:type="simple" ns0:href="../552/1222552.xml">dunkirk</link></movie></it></entry><entry level="1" type="bullet"><it><link ns0:type="simple" ns0:href="../228/19034228.xml" /></it></entry><entry level="1" type="bullet"><it>sieg pinchgut</it></entry></list></p></col></row></table></p></sec><sec><st>documentari</st><p><table cellpadding="0" border="0" cellspacing="4"><row><col><list><entry level="1" type="bullet"><it>hand</it></entry><entry level="1" type="bullet"><it>danger comment</it></entry><entry level="1" type="bullet"><it>food thought</it></entry><entry level="1" type="bullet"><it>talk</it></entry><entry level="1" type="bullet"><it>salvag smile</it></entry><entry level="1" type="bullet"><it>sea fort</it></entry><entry level="1" type="bullet"><it>guest honour</it></entry><entry level="1" type="bullet"><it>yellow caesar</it></entry></list></col><col><list><entry level="1" type="bullet"><it>young veteran</it></entry><entry level="1" type="bullet"><it>find strike</it></entry><entry level="1" type="bullet"><it>blaze</it></entry><entry level="1" type="bullet"><it>raid franc</it>adapt<it>kin</it></entry><entry level="1" type="bullet"><it>greek testament</it></entry><entry level="1" type="bullet"><it>return vike</it></entry><entry level="1" type="bullet"><it>man famili</it></entry></list></col></row></table></p></sec><sec><st>bbc tv product</st><p><list><entry level="1" type="bullet"><it><series wordnetid="108457976" confidence="0.9508927676800064"><link ns0:type="simple" ns0:href="../947/2581947.xml">colditz</link></series></it>insert programm videotap</entry><entry level="1" type="bullet"><it><series wordnetid="108457976" confidence="0.9508927676800064"><link ns0:type="simple" ns0:href="../209/8209.xml">doctor</link></series></it>ditto</entry><entry level="1" type="bullet"><it><series wordnetid="108457976" confidence="0.9508927676800064"><link ns0:type="simple" ns0:href="../573/15561573.xml">fortun war</link></series></it></entry><entry level="1" type="bullet"><it><link ns0:type="simple" ns0:href="../074/679074.xml">quatermass pit</link></it>insert programm live</entry><entry level="1" type="bullet"><it><series wordnetid="108457976" confidence="0.9508927676800064"><link ns0:type="simple" ns0:href="../218/828218.xml">sing detect</link></series></it></entry><entry level="1" type="bullet"><it><product wordnetid="104007894" confidence="0.8"><creation wordnetid="103129123" confidence="0.8"><artifact wordnetid="100021939" confidence="0.8"><instrumentality wordnetid="103575240" confidence="0.8"><event wordnetid="100029378" confidence="0.8"><social_event wordnetid="107288639" confidence="0.8"><movie wordnetid="106613686" confidence="0.8"><show wordnetid="106619065" confidence="0.8"><psychological_feature wordnetid="100023100" confidence="0.8"><medium wordnetid="106254669" confidence="0.8"><link ns0:type="simple" ns0:href="../572/7269572.xml">ungentlemanli</link></medium></psychological_feature></show></movie></social_event></event></instrumentality></artifact></creation></product></it></entry></list></p></sec><sec><st>film</st><p><list><entry level="1" type="bullet"><it><dramatic_composition wordnetid="107007684" confidence="0.8"><play wordnetid="107007945" confidence="0.8"><written_communication wordnetid="106349220" confidence="0.8"><writing wordnetid="106362953" confidence="0.8"><link ns0:type="simple" ns0:href="../336/918336.xml">ideal husband</link></writing></written_communication></play></dramatic_composition></it></entry><entry level="1" type="bullet"><it><link ns0:type="simple" ns0:href="../019/204019.xml">not hill</link></it></entry><entry level="1" type="bullet"><it><movie wordnetid="106613686" confidence="0.9508927676800064"><link ns0:type="simple" ns0:href="../860/15112860.xml">lucki break</link></movie></it></entry><entry level="1" type="bullet"><it><dramatic_composition wordnetid="107007684" confidence="0.8"><play wordnetid="107007945" confidence="0.8"><written_communication wordnetid="106349220" confidence="0.8"><writing wordnetid="106362953" confidence="0.8"><link ns0:type="simple" ns0:href="../067/31067.xml">earnest</link></writing></written_communication></play></dramatic_composition></it></entry><entry level="1" type="bullet"><it><album wordnetid="106591815" confidence="0.9508927676800064"><movie wordnetid="106613686" confidence="0.9508927676800064"><link ns0:type="simple" ns0:href="../397/598397.xml">shaun dead</link></movie></album></it></entry><entry level="1" type="bullet"><it><link ns0:type="simple" ns0:href="../035/1643035.xml">valiant</link></it></entry><entry level="1" type="bullet"><it><link ns0:type="simple" ns0:href="../667/10216667.xml">candi</link></it></entry><entry level="1" type="bullet"><it><movie wordnetid="106613686" confidence="0.9508927676800064"><link ns0:type="simple" ns0:href="../116/10874116.xml">st trinian</link></movie></it></entry></list></p></sec><sec><st>independ tv</st><p><list><entry level="1" type="bullet"><it><series wordnetid="108457976" confidence="0.9508927676800064"><link ns0:type="simple" ns0:href="../769/443769.xml">royl famili</link></series></it>granada</entry><entry level="1" type="bullet"><it>bedtim</it><company wordnetid="108058098" confidence="0.9508927676800064"><link ns0:type="simple" ns0:href="../057/399057.xml">hat trick product</link></company></entry><entry level="1" type="bullet"><it><link ns0:type="simple" ns0:href="../606/662606.xml">randal hopkirk deceas</link></it>ghost</entry><entry level="1" type="bullet"><it>emma brodi</it><company wordnetid="108058098" confidence="0.9508927676800064"><link ns0:type="simple" ns0:href="../318/170318.xml">centuri fox</link></company></entry></list></p></sec><sec><st>music video</st><p><list><entry level="1" type="bullet"><it><music wordnetid="107020895" confidence="0.8"><song wordnetid="107048000" confidence="0.8"><artifact wordnetid="100021939" confidence="0.8"><instrumentality wordnetid="103575240" confidence="0.8"><auditory_communication wordnetid="107109019" confidence="0.8"><medium wordnetid="106254669" confidence="0.8"><musical_composition wordnetid="107037465" confidence="0.8"><link ns0:type="simple" ns0:href="../209/2922209.xml">walk</link></musical_composition></medium></auditory_communication></instrumentality></artifact></song></music></it><musical_organization wordnetid="108246613" confidence="0.8"><group wordnetid="100031264" confidence="0.8"><link ns0:type="simple" ns0:href="../235/482235.xml">franz ferdinand</link></group></musical_organization></entry><entry level="1" type="bullet"><it><medium wordnetid="106254669" confidence="0.9508927676800064"><link ns0:type="simple" ns0:href="../090/2664090.xml">talk</link></medium></it><musical_organization wordnetid="108246613" confidence="0.8"><group wordnetid="100031264" confidence="0.8"><link ns0:type="simple" ns0:href="../103/80103.xml">coldplay</link></group></musical_organization></entry><entry level="1" type="bullet"><it><medium wordnetid="106254669" confidence="0.9508927676800064"><link ns0:type="simple" ns0:href="../563/1947563.xml">drowner</link></medium></it><musical_organization wordnetid="108246613" confidence="0.8"><group wordnetid="100031264" confidence="0.8"><link ns0:type="simple" ns0:href="../547/169547.xml">sued</link></group></musical_organization>video</entry><entry level="1" type="bullet"><it><music wordnetid="107020895" confidence="0.8"><song wordnetid="107048000" confidence="0.8"><artifact wordnetid="100021939" confidence="0.8"><instrumentality wordnetid="103575240" confidence="0.8"><auditory_communication wordnetid="107109019" confidence="0.8"><medium wordnetid="106254669" confidence="0.8"><musical_composition wordnetid="107037465" confidence="0.8"><link ns0:type="simple" ns0:href="../224/2303224.xml">crazi beat</link></musical_composition></medium></auditory_communication></instrumentality></artifact></song></music></it><musical_organization wordnetid="108246613" confidence="0.8"><group wordnetid="100031264" confidence="0.8"><link ns0:type="simple" ns0:href="../007/43007.xml">blur</link></group></musical_organization></entry><entry level="1" type="bullet"><it><medium wordnetid="106254669" confidence="0.9508927676800064"><link ns0:type="simple" ns0:href="../901/9122901.xml">moment</link></medium></it><link ns0:type="simple" ns0:href="../475/262475.xml">melani</link></entry></list></p></sec><sec><st>extern link</st><p><list><entry level="1" type="bullet"><weblink ns0:type="simple" ns0:href="http://www.ealingstudios.co.uk">eal studio</weblink></entry><entry level="1" type="bullet"><weblink ns0:type="simple" ns0:href="http://www.screenonline.org.uk/tours/ross/tourross.html">eal studio</weblink>screenonlineorguk</entry></list></p></sec><sec><st>refer</st><p><list><entry level="1" type="bullet"><it>forev eal</it>georg perri publish pavilion isbn histori eal studio origin</entry></list></p></sec></bdy></war></psychological_feature></show></movie></social_event></event></artifact></creation></product></studio></article>