<article xmlns:ns0="http://www.w3.org/1999/xlink"><header><title>neocoloni</title><id /><revision><id /><timestamp>tz</timestamp><contributor><username>tetra</username><id /></contributor></revision><categories><category>coloni</category><category>neocoloni</category><category>european colonis africa</category><category>histori coloni</category></categories></header><bdy>articl neocolonialist polit econom critiqu neocoloni architectur<property wordnetid="104916342" confidence="0.8"><manner wordnetid="104928903" confidence="0.8"><link ns0:type="simple" ns0:href="../597/733597.xml">coloni reviv architectur</link></manner></property>applic econom analysi<link ns0:type="simple" ns0:href="../235/8879235.xml">econom imperi econom</link><p><image location="right" width="300px" src="World_1898_empires_colonies_territory.png" type="thumb"><caption>empir coloni<link ns0:type="simple" ns0:href="../265/28265.xml">spanishamerican war</link><conflict wordnetid="100958896" confidence="0.9508927676800064"><link ns0:type="simple" ns0:href="../520/60520.xml">boxer rebellion</link></conflict><link ns0:type="simple" ns0:href="../291/3079291.xml">boer war</link></caption></image><image location="right" width="300px" src="Colonialism_1945.png" type="thumb"><caption>color repres coloni nation border coloni border time</caption></image><image location="right" width="300px" src="UN_Human_Development_Report_2007_(2).svg" type="thumb" /></p><p><b>neocoloni</b>term postcoloni critic<link ns0:type="simple" ns0:href="../255/78255.xml">develop countri</link>involv develop critic neocoloni argu exist<link ns0:type="simple" ns0:href="../372/3741372.xml">intern</link><link ns0:type="simple" ns0:href="../133/6639133.xml">econom</link>arrang creat<link ns0:type="simple" ns0:href="../299/7299.xml">coloni power</link>maintain control coloni depend<link ns0:type="simple" ns0:href="../084/302084.xml">coloni independ movement</link>post<military_action wordnetid="100952963" confidence="0.8"><group_action wordnetid="101080366" confidence="0.8"><event wordnetid="100029378" confidence="0.8"><conflict wordnetid="100958896" confidence="0.8"><act wordnetid="100030358" confidence="0.8"><psychological_feature wordnetid="100023100" confidence="0.8"><war wordnetid="100973077" confidence="0.8"><link ns0:type="simple" ns0:href="../927/32927.xml">war ii</link></war></psychological_feature></act></conflict></event></group_action></military_action>period term<it>neocoloni</it>combin critiqu current<it>actual</it>coloni continu administr foreign territori popul violat<state wordnetid="108168978" confidence="0.8"><political_unit wordnetid="108359949" confidence="0.8"><link ns0:type="simple" ns0:href="../212/1437212.xml">unit nation resolut</link></political_unit></state><ref ns0:type="simple" ns0:href="#xpointer(//reflist/entry[@id=%221%22])" />critiqu modern<link ns0:type="simple" ns0:href="../416/5416.xml">capitalist</link>busi involv nation coloni critic neocoloni contend privat foreign busi compani continu exploit resourc postcoloni peopl econom control inher neocoloni akin classic european<link ns0:type="simple" ns0:href="../299/7299.xml">coloni</link>practic centuri broader usag current<environment wordnetid="113934596" confidence="0.8"><grouping wordnetid="101012360" confidence="0.8"><event wordnetid="100029378" confidence="0.8"><state wordnetid="100024720" confidence="0.8"><sphere wordnetid="114514039" confidence="0.8"><act wordnetid="100030358" confidence="0.8"><situation wordnetid="113927383" confidence="0.8"><psychological_feature wordnetid="100023100" confidence="0.8"><activity wordnetid="100407535" confidence="0.8"><categorization wordnetid="101012712" confidence="0.8"><link ns0:type="simple" ns0:href="../524/18524.xml">latin america</link></categorization></activity></psychological_feature></situation></act></sphere></state></event></grouping></environment>neocoloni simpli refer involv power countri affair power countri sens<it>neocoloni</it>impli form contemporari<b>econom<link ns0:type="simple" ns0:href="../316/15316.xml">imperi</link></b>power nation behav coloni power behavior<it>liken</it>coloni postcoloni</p><sec><st>neocoloni charg coloni power</st><p>term neocoloni widespread refer<region wordnetid="108630985" confidence="0.8"><center wordnetid="108523483" confidence="0.8"><area wordnetid="108497294" confidence="0.8"><see wordnetid="108586825" confidence="0.8"><seat wordnetid="108647945" confidence="0.8"><location wordnetid="100027167" confidence="0.8"><link ns0:type="simple" ns0:href="../607/5334607.xml">africa</link></location></seat></see></area></center></region>process<link ns0:type="simple" ns0:href="../084/302084.xml">decolon</link>struggl nation<link ns0:type="simple" ns0:href="../450/62450.xml">independ</link>movement coloni<military_action wordnetid="100952963" confidence="0.8"><group_action wordnetid="101080366" confidence="0.8"><event wordnetid="100029378" confidence="0.8"><conflict wordnetid="100958896" confidence="0.8"><act wordnetid="100030358" confidence="0.8"><psychological_feature wordnetid="100023100" confidence="0.8"><war wordnetid="100973077" confidence="0.8"><link ns0:type="simple" ns0:href="../927/32927.xml">war ii</link></war></psychological_feature></act></conflict></event></group_action></military_action>gain independ nation leader opposit group argu countri subject form coloni wage coloni power develop nation<person wordnetid="100007846" confidence="0.9508927676800064"><officeholder wordnetid="110371450" confidence="0.9508927676800064"><link ns0:type="simple" ns0:href="../062/17062.xml">kwame nkrumah</link></officeholder></person>leader newli independ<country wordnetid="108544813" confidence="0.9508927676800064"><link ns0:type="simple" ns0:href="../067/12067.xml">ghana</link></country>expound idea<it>neocoloni stage imperi</it><ref ns0:type="simple" ns0:href="#xpointer(//reflist/entry[@id=%222%22])" /></p><ss1><st>panafrican nonalign movement</st><p>term neocoloni popularis wake<link ns0:type="simple" ns0:href="../299/7299.xml">decolonialis</link>activ scholar leader newli independ africa<link ns0:type="simple" ns0:href="../984/952984.xml">panafricanist</link>movement leader post coloni<social_group wordnetid="107950920" confidence="0.8"><meeting wordnetid="108307589" confidence="0.8"><gathering wordnetid="107975026" confidence="0.8"><group wordnetid="100031264" confidence="0.8"><conference wordnetid="108308497" confidence="0.8"><link ns0:type="simple" ns0:href="../671/439671.xml">bandung confer</link></conference></group></gathering></meeting></social_group>lead format<link ns0:type="simple" ns0:href="../565/36565.xml">nonalign movement</link><social_group wordnetid="107950920" confidence="0.8"><meeting wordnetid="108307589" confidence="0.8"><gathering wordnetid="107975026" confidence="0.8"><group wordnetid="100031264" confidence="0.8"><conference wordnetid="108308497" confidence="0.8"><link ns0:type="simple" ns0:href="../415/14389415.xml">allafrican peopl confer</link></conference></group></gathering></meeting></social_group>aapc meet late earli spread critiqu neocoloni<village wordnetid="108672738" confidence="0.9508927676800064"><link ns0:type="simple" ns0:href="../659/57659.xml">tuni</link></village>confer<village wordnetid="108672738" confidence="0.9508927676800064"><link ns0:type="simple" ns0:href="../293/6293.xml">cairo</link></village>confer opposit label neocoloni singl<organization wordnetid="108008335" confidence="0.9508927676800064"><link ns0:type="simple" ns0:href="../999/2048999.xml">french commun</link></organization>independ organis coloni power<it>resolut neocoloni</it>cite landmark present collect arriv definit<link ns0:type="simple" ns0:href="../539/167539.xml">neocoloni</link>descript main featur<ref ns0:type="simple" ns0:href="#xpointer(//reflist/entry[@id=%223%22])" /><link ns0:type="simple" ns0:href="../329/325329.xml">cold war</link><link ns0:type="simple" ns0:href="../565/36565.xml">nonalign movement</link>well organis<it><link ns0:type="simple" ns0:href="../087/849087.xml">organ solidar peopl asia africa latin america</link></it>defin neocoloni primari collect enemi independ</p><p>denunci neocoloni popular nation independ movement wage anticoloni arm struggl<country wordnetid="108544813" confidence="0.9508927676800064"><link ns0:type="simple" ns0:href="../033/23033.xml">portugues</link></country>coloni<country wordnetid="108544813" confidence="0.9508927676800064"><link ns0:type="simple" ns0:href="../301/19301.xml">mozambiqu</link></country><country wordnetid="108544813" confidence="0.9508927676800064"><link ns0:type="simple" ns0:href="../701/701.xml">angola</link></country>exampl rhetor espous<link ns0:type="simple" ns0:href="../053/1904053.xml">marxist</link>movement<party wordnetid="108256968" confidence="0.9508927676800064"><link ns0:type="simple" ns0:href="../757/409757.xml">frelimo</link></party><link ns0:type="simple" ns0:href="../166/347166.xml">mpla</link>eventu assum power nation independ reject tradit coloni neocoloni</p></ss1><ss1><st>paternalist neocoloni</st><p>term<b>paternalist neocoloni</b>involv belief held neocoloni power coloni subject benefit occup critic neocoloni argu exploit racist contend justif continu polit hegemoni econom exploit coloni justif modern reformul<it><link ns0:type="simple" ns0:href="../490/3838490.xml">civil mission</link></it>concept centuri</p></ss1><ss1><st>franafriqu</st><p><image location="right" width="150px" src="MacKenzieSlcu.jpg" type="thumb"><caption>foreign mercenari unit british veteran train antiinsurg troop<country wordnetid="108544813" confidence="0.9508927676800064"><link ns0:type="simple" ns0:href="../308/27308.xml">sierra leon</link></country>accus instrument neocoloni power french govern minist<person wordnetid="100007846" confidence="0.9638700866880419"><link ns0:type="simple" ns0:href="../984/4164984.xml">jacqu foccart</link></person>alleg mercenari<mercenary wordnetid="110309614" confidence="0.9173553029164789"><person wordnetid="100007846" confidence="0.9508927676800064"><link ns0:type="simple" ns0:href="../743/261743.xml">bob denard</link></person></mercenary>maintain friendli govern overthrow unfriendli govern franc coloni</caption></image>classic exampl defin modern neocoloni<it><link>franafriqu</link></it>term refer continu close relationship franc leader african coloni presid cte divoir<link>flix houphoutboigni</link>appear posit sens refer good relat franc africa subsequ borrow critic close unbalanc relationship<person wordnetid="100007846" confidence="0.9638700866880419"><link ns0:type="simple" ns0:href="../984/4164984.xml">jacqu foccart</link></person>chief staff african matter presid<person wordnetid="100007846" confidence="0.9508927676800064"><officeholder wordnetid="110371450" confidence="0.9508927676800064"><link ns0:type="simple" ns0:href="../255/51255.xml">charl de gaull</link></officeholder></person><president wordnetid="110468559" confidence="0.9508927676800064"><link ns0:type="simple" ns0:href="../592/251592.xml">georg pompid</link></president>claim lead expon franafriqu<ref ns0:type="simple" ns0:href="#xpointer(//reflist/entry[@id=%224%22])" />term coin franoisxavi verschav titl critic french polici africa la franafriqu longest scandal republ<ref ns0:type="simple" ns0:href="#xpointer(//reflist/entry[@id=%225%22])" /></p><p><physical_entity wordnetid="100001930" confidence="0.8"><communicator wordnetid="109610660" confidence="0.8"><person wordnetid="100007846" confidence="0.8"><causal_agent wordnetid="100007347" confidence="0.8"><writer wordnetid="110794014" confidence="0.8"><link ns0:type="simple" ns0:href="../652/1547652.xml">mongo beti</link></writer></causal_agent></person></communicator></physical_entity>writer exil<country wordnetid="108544813" confidence="0.9508927676800064"><link ns0:type="simple" ns0:href="../447/5447.xml">cameroon</link></country>publish<it>main bass sur le cameroun autopsi dune dcolonis</it>cruel hand cameroon autopsi decolon critic histori cameroon assert cameroon coloni remain french control postindepend polit elit activ foster continu depend</p><p>verschav beti point forti year post independ relationship nation african coloni french troop maintain forc ground friendli african leader quell revolt french corpor maintain monopoli foreign invest form extract natur resourc french troop africa argu involv<link>coup dtat</link>regim act interest franc countri interest</p><p>leader closest franc<link ns0:type="simple" ns0:href="../329/325329.xml">cold war</link>present critiqu agent continu french control africa mention<president wordnetid="110468559" confidence="0.9508927676800064"><link ns0:type="simple" ns0:href="../403/392403.xml">omar bongo</link></president>presid<country wordnetid="108544813" confidence="0.9508927676800064"><link ns0:type="simple" ns0:href="../027/12027.xml">gabon</link></country><link>flix houphoutboigni</link>presid<link>cte divoir</link><link>gnassingb eyadma</link>presid<country wordnetid="108544813" confidence="0.9508927676800064"><link ns0:type="simple" ns0:href="../138/30138.xml">togo</link></country><link ns0:type="simple" ns0:href="../608/158608.xml">deni sassounguesso</link><country wordnetid="108544813" confidence="0.9508927676800064"><link ns0:type="simple" ns0:href="../929/19599929.xml">republ congo</link></country><link>idriss dbi</link>presid<link ns0:type="simple" ns0:href="../488/5488.xml">chad</link><physical_entity wordnetid="100001930" confidence="0.8"><president wordnetid="110468559" confidence="0.8"><person wordnetid="100007846" confidence="0.8"><chancellor wordnetid="109906986" confidence="0.8"><representative wordnetid="110522035" confidence="0.8"><communicator wordnetid="109610660" confidence="0.8"><executive wordnetid="110069645" confidence="0.8"><politician wordnetid="110451263" confidence="0.8"><administrator wordnetid="109770949" confidence="0.8"><leader wordnetid="109623038" confidence="0.8"><corporate_executive wordnetid="109966255" confidence="0.8"><causal_agent wordnetid="100007347" confidence="0.8"><head wordnetid="110162991" confidence="0.8"><head_of_state wordnetid="110164747" confidence="0.8"><negotiator wordnetid="110351874" confidence="0.8"><link ns0:type="simple" ns0:href="../242/1966242.xml">hamani diori</link></negotiator></head_of_state></head></causal_agent></corporate_executive></leader></administrator></politician></executive></communicator></representative></chancellor></person></president></physical_entity>presid<country wordnetid="108544813" confidence="0.9508927676800064"><link ns0:type="simple" ns0:href="../373/21373.xml">niger</link></country></p><ss2><st>francophoni</st><p><organization wordnetid="108008335" confidence="0.9508927676800064"><link ns0:type="simple" ns0:href="../999/2048999.xml">french commun</link></organization><organization wordnetid="108008335" confidence="0.9508927676800064"><link ns0:type="simple" ns0:href="../941/93941.xml">organis international de la francophoni</link></organization>defin critic agent french neocoloni influenc africa main thrust claim francophoni organis front french domin postcoloni nation relat french languag complex<link ns0:type="simple" ns0:href="../310/267310.xml">algerian</link>intellectu<physical_entity wordnetid="100001930" confidence="0.8"><communicator wordnetid="109610660" confidence="0.8"><person wordnetid="100007846" confidence="0.8"><causal_agent wordnetid="100007347" confidence="0.8"><writer wordnetid="110794014" confidence="0.8"><link ns0:type="simple" ns0:href="../294/853294.xml">kateb yacin</link></writer></causal_agent></person></communicator></physical_entity>wrote francophoni neocoloni polit machin perpetu alien usag french languag agent foreign power write french french french</p></ss2></ss1><ss1><st>belgian congo</st><p>hasten<link ns0:type="simple" ns0:href="../084/302084.xml">decolon</link>process<country wordnetid="108544813" confidence="0.9508927676800064"><link ns0:type="simple" ns0:href="../808/57808.xml">belgian congo</link></country><country wordnetid="108544813" confidence="0.9508927676800064"><link ns0:type="simple" ns0:href="../343/3343.xml">belgium</link></country>continu control<link>socit gnrale de belgiqu</link>roughli congoles economi decolon process contest provinc<state wordnetid="108654360" confidence="0.9508927676800064"><link ns0:type="simple" ns0:href="../166/17166.xml">katanga</link></state><link>union minir du haut katanga</link>socit control miner resourc rich provinc fail attempt<link ns0:type="simple" ns0:href="../429/1062429.xml">nation</link>mine industri reopen foreign invest</p></ss1><ss1><st>unit kingdom</st><p>critic british relat african coloni point unit kingdom view civil forc bring progress modern coloni mindset argu enabl continu militari econom domin coloni british intervent<country wordnetid="108544813" confidence="0.9508927676800064"><link ns0:type="simple" ns0:href="../308/27308.xml">sierra leon</link></country><ref ns0:type="simple" ns0:href="#xpointer(//reflist/entry[@id=%226%22])" /></p></ss1></sec><sec><st>neocoloni econom domin</st><p><image location="right" width="150px" src="Mossadegh_US21.jpg" type="thumb"><caption>unit presid<president wordnetid="110468559" confidence="0.9508927676800064"><person wordnetid="100007846" confidence="0.9508927676800064"><farmer wordnetid="110078806" confidence="0.9173553029164789"><businessperson wordnetid="109882716" confidence="0.9173553029164789"><clothier wordnetid="109930772" confidence="0.9173553029164789"><link ns0:type="simple" ns0:href="../303/3418303.xml">harri truman</link></clothier></businessperson></farmer></person></president>greet<link ns0:type="simple" ns0:href="../440/216440.xml">mohammad mosaddeq</link>prime minist iran mosaddeq begun nationalis british own oil compani iran remov power august coup dtat support fund british govern led gener<skilled_worker wordnetid="110605985" confidence="0.8"><physical_entity wordnetid="100001930" confidence="0.8"><commissioned_officer wordnetid="109942970" confidence="0.8"><person wordnetid="100007846" confidence="0.8"><field_marshal wordnetid="110086821" confidence="0.8"><serviceman wordnetid="110582746" confidence="0.8"><general wordnetid="110123844" confidence="0.8"><military_officer wordnetid="110317007" confidence="0.8"><chancellor wordnetid="109906986" confidence="0.8"><representative wordnetid="110522035" confidence="0.8"><communicator wordnetid="109610660" confidence="0.8"><commissioned_military_officer wordnetid="109943239" confidence="0.8"><general_officer wordnetid="110125786" confidence="0.8"><worker wordnetid="109632518" confidence="0.8"><causal_agent wordnetid="100007347" confidence="0.8"><marshal wordnetid="110296176" confidence="0.8"><head_of_state wordnetid="110164747" confidence="0.8"><negotiator wordnetid="110351874" confidence="0.8"><link ns0:type="simple" ns0:href="../783/995783.xml">fazlollah zahedi</link></negotiator></head_of_state></marshal></causal_agent></worker></general_officer></commissioned_military_officer></communicator></representative></chancellor></military_officer></general></serviceman></field_marshal></person></commissioned_officer></physical_entity></skilled_worker></caption></image><image location="right" width="150px" src="Obasanjo_Carter_2.gif" type="thumb"><caption>presid<politician wordnetid="110451263" confidence="0.9173553029164789"><president wordnetid="110468559" confidence="0.9508927676800064"><person wordnetid="100007846" confidence="0.9508927676800064"><naval_officer wordnetid="110347593" confidence="0.9173553029164789"><farmer wordnetid="110078806" confidence="0.9173553029164789"><mediator wordnetid="109624559" confidence="0.9173553029164789"><writer wordnetid="110794014" confidence="0.9173553029164789"><link ns0:type="simple" ns0:href="../992/15992.xml">jimmi carter</link></writer></mediator></farmer></naval_officer></person></president></politician>lt gen<president wordnetid="110468559" confidence="0.9508927676800064"><link ns0:type="simple" ns0:href="../736/382736.xml">olusegun obasanjo</link></president>tour<village wordnetid="108672738" confidence="0.9508927676800064"><link ns0:type="simple" ns0:href="../232/85232.xml">lago</link></village><country wordnetid="108544813" confidence="0.9508927676800064"><link ns0:type="simple" ns0:href="../383/21383.xml">nigeria</link></country>april obasanjo power coup three year earlier oil rich court side<link ns0:type="simple" ns0:href="../329/325329.xml">cold war</link></caption></image>broader usag charg neocoloni level power countri transnat econom institut involv themselev affair power countri sens neocoloni impli form contemporari econom<link ns0:type="simple" ns0:href="../316/15316.xml">imperi</link>power nation behav<it />coloni power behavior<it>liken</it>coloni postcoloni</p><p>lieu direct<link ns0:type="simple" ns0:href="../357/92357.xml">militari</link><link ns0:type="simple" ns0:href="../986/22986.xml">polit</link>control neocolonialist power employ financi trade polici domin power countri subscrib concept maintain amount<it><link ns0:type="simple" ns0:href="../594/43594.xml">de facto</link></it>control power nation<it><physical_entity wordnetid="100001930" confidence="0.8"><communicator wordnetid="109610660" confidence="0.8"><person wordnetid="100007846" confidence="0.8"><sociologist wordnetid="110620758" confidence="0.8"><intellectual wordnetid="109621545" confidence="0.8"><alumnus wordnetid="109786338" confidence="0.8"><social_scientist wordnetid="110619642" confidence="0.8"><causal_agent wordnetid="100007347" confidence="0.8"><scientist wordnetid="110560637" confidence="0.8"><writer wordnetid="110794014" confidence="0.8"><scholar wordnetid="110557854" confidence="0.8"><link ns0:type="simple" ns0:href="../321/675321.xml">immanuel wallerstein</link></scholar></writer></scientist></causal_agent></social_scientist></alumnus></intellectual></sociologist></person></communicator></physical_entity><link ns0:type="simple" ns0:href="../335/1582335.xml">system theori</link></it></p><p>previou colon power econom maintain continu presenc economi coloni concern<link ns0:type="simple" ns0:href="../167/216167.xml">raw materi</link>stronger nation charg interf govern econom weaker nation maintain flow materi price condit unduli benefit develop nation transnat corpor</p><ss1><st>depend theori</st><p><indent level="1"><it>main articl<link ns0:type="simple" ns0:href="../259/747259.xml">depend theori</link></it></indent>concept econom neocoloni theoret basi work<link ns0:type="simple" ns0:href="../259/747259.xml">depend theori</link>bodi social scienc theori develop develop nation predic notion center wealthi peripheri poor underdevelop resourc extract peripheri flow center order sustain econom growth wealth central concept poverti countri peripheri result manner integr system view contrast free market economist argu progress path full integr theori base marxist analysi inequ system depend argu underdevelop global south direct result develop global north</p><p>basi marxist theori theori<link ns0:type="simple" ns0:href="../941/1011941.xml">semicoloni</link>late centuri<ref ns0:type="simple" ns0:href="#xpointer(//reflist/entry[@id=%227%22])" /></p><p>propon theori includ<physical_entity wordnetid="100001930" confidence="0.8"><politician wordnetid="110451263" confidence="0.8"><communicator wordnetid="109610660" confidence="0.8"><person wordnetid="100007846" confidence="0.8"><leader wordnetid="109623038" confidence="0.8"><intellectual wordnetid="109621545" confidence="0.8"><causal_agent wordnetid="100007347" confidence="0.8"><writer wordnetid="110794014" confidence="0.8"><historian wordnetid="110177150" confidence="0.8"><scholar wordnetid="110557854" confidence="0.8"><link ns0:type="simple" ns0:href="../882/3043882.xml">federico brito figueroa</link></scholar></historian></writer></causal_agent></intellectual></leader></person></communicator></politician></physical_entity><link ns0:type="simple" ns0:href="../374/32374.xml">venezuelan</link>historian written socioeconom underpin coloni neocoloni brito work theori influenc think current venezuelan presid<link>hugo chvez</link></p></ss1><ss1><st>cold war</st><p><indent level="1"><it>main articl<link ns0:type="simple" ns0:href="../329/325329.xml">cold war</link></it></indent><image location="right" width="150px" src="VP6.jpg" type="thumb"><caption>poster<autocracy wordnetid="108361001" confidence="0.8"><social_group wordnetid="107950920" confidence="0.8"><political_orientation wordnetid="106212839" confidence="0.8"><monarchy wordnetid="108363812" confidence="0.8"><political_system wordnetid="108367880" confidence="0.8"><group wordnetid="100031264" confidence="0.8"><democracy wordnetid="106217103" confidence="0.8"><link ns0:type="simple" ns0:href="../739/5058739.xml">swedish</link></democracy></group></political_system></monarchy></political_orientation></social_group></autocracy><link ns0:type="simple" ns0:href="../847/26847.xml">socialist</link><link>vnsterpartiet</link>left capitalist inher imperialist term<b>neocoloni</b>describ relationship north develop nation south develop nation</caption></image>late centuri conflict<system wordnetid="108435388" confidence="0.8"><economy wordnetid="108366753" confidence="0.8"><group wordnetid="100031264" confidence="0.8"><link ns0:type="simple" ns0:href="../779/26779.xml">soviet union</link></group></economy></system><body wordnetid="107965085" confidence="0.8"><social_group wordnetid="107950920" confidence="0.8"><political_orientation wordnetid="106212839" confidence="0.8"><colony wordnetid="108374049" confidence="0.8"><state wordnetid="108168978" confidence="0.8"><political_unit wordnetid="108359949" confidence="0.8"><group wordnetid="100031264" confidence="0.8"><democracy wordnetid="106217103" confidence="0.8"><link ns0:type="simple" ns0:href="../750/3434750.xml">unit</link></democracy></group></political_unit></state></colony></political_orientation></social_group></body>charg<b>neocoloni</b>aim western soviet involv affair develop nation<link ns0:type="simple" ns0:href="../611/578611.xml">proxi war</link>colonis nation fund side period<country wordnetid="108544813" confidence="0.9508927676800064"><link ns0:type="simple" ns0:href="../481/5042481.xml">cuba</link></country>soviet bloc egypt<link ns0:type="simple" ns0:href="../879/51879.xml">nasser</link>well govern newli independ african charg unit support regim felt repres will peopl covert overt toppl govern reject unit<link ns0:type="simple" ns0:href="../087/849087.xml">tricontinent confer</link>chair moroccan politician<physical_entity wordnetid="100001930" confidence="0.8"><politician wordnetid="110451263" confidence="0.8"><person wordnetid="100007846" confidence="0.8"><leader wordnetid="109623038" confidence="0.8"><theorist wordnetid="110706812" confidence="0.8"><intellectual wordnetid="109621545" confidence="0.8"><causal_agent wordnetid="100007347" confidence="0.8"><link ns0:type="simple" ns0:href="../733/1238733.xml">mehdi ben barka</link></causal_agent></intellectual></theorist></leader></person></politician></physical_entity>organis roughli design<politics wordnetid="113840719" confidence="0.8"><grouping wordnetid="101012360" confidence="0.8"><event wordnetid="100029378" confidence="0.8"><social_relation wordnetid="100032823" confidence="0.8"><act wordnetid="100030358" confidence="0.8"><psychological_feature wordnetid="100023100" confidence="0.8"><activity wordnetid="100407535" confidence="0.8"><categorization wordnetid="101012712" confidence="0.8"><link ns0:type="simple" ns0:href="../305/30305.xml">third</link></categorization></activity></psychological_feature></act></social_relation></event></grouping></politics>movement support<link ns0:type="simple" ns0:href="../964/25964.xml">revolut</link>ari<link ns0:type="simple" ns0:href="../508/590508.xml">anticoloni</link>action provok anger<body wordnetid="107965085" confidence="0.8"><social_group wordnetid="107950920" confidence="0.8"><political_orientation wordnetid="106212839" confidence="0.8"><colony wordnetid="108374049" confidence="0.8"><state wordnetid="108168978" confidence="0.8"><political_unit wordnetid="108359949" confidence="0.8"><group wordnetid="100031264" confidence="0.8"><democracy wordnetid="106217103" confidence="0.8"><link ns0:type="simple" ns0:href="../750/3434750.xml">unit</link></democracy></group></political_unit></state></colony></political_orientation></social_group></body><country wordnetid="108544813" confidence="0.9508927676800064"><link ns0:type="simple" ns0:href="../419/5843419.xml">franc</link></country>ben barka led call<it>commiss neocoloni</it>organis focus involv coloni power post coloni contend unit leader capitalist primari neocolonialist power specul remain ben barka disappear tricontinent confer succeed organis<country wordnetid="108544813" confidence="0.9508927676800064"><link ns0:type="simple" ns0:href="../481/5042481.xml">cuba</link></country><link ns0:type="simple" ns0:href="../087/849087.xml">ospaaal</link>spanish organ solidar peopl africa asia latin america organis feed<link ns0:type="simple" ns0:href="../565/36565.xml">nonalign movement</link>neocoloni marxist depend theori intellectu encompass capitalist nation<body wordnetid="107965085" confidence="0.8"><social_group wordnetid="107950920" confidence="0.8"><political_orientation wordnetid="106212839" confidence="0.8"><colony wordnetid="108374049" confidence="0.8"><state wordnetid="108168978" confidence="0.8"><political_unit wordnetid="108359949" confidence="0.8"><group wordnetid="100031264" confidence="0.8"><democracy wordnetid="106217103" confidence="0.8"><link ns0:type="simple" ns0:href="../750/3434750.xml">unit</link></democracy></group></political_unit></state></colony></political_orientation></social_group></body>usag remain popular polit left today<environment wordnetid="113934596" confidence="0.8"><grouping wordnetid="101012360" confidence="0.8"><event wordnetid="100029378" confidence="0.8"><state wordnetid="100024720" confidence="0.8"><sphere wordnetid="114514039" confidence="0.8"><act wordnetid="100030358" confidence="0.8"><situation wordnetid="113927383" confidence="0.8"><psychological_feature wordnetid="100023100" confidence="0.8"><activity wordnetid="100407535" confidence="0.8"><categorization wordnetid="101012712" confidence="0.8"><link ns0:type="simple" ns0:href="../524/18524.xml">latin america</link></categorization></activity></psychological_feature></situation></act></sphere></state></event></grouping></environment></p></ss1><ss1><st>multin corpor</st><p>critic neocoloni argu invest<link ns0:type="simple" ns0:href="../491/214491.xml">multin corpor</link>enrich underdevelop countri<link ns0:type="simple" ns0:href="../081/175081.xml">humanitarian</link><link ns0:type="simple" ns0:href="../685/558685.xml">environment</link><link ns0:type="simple" ns0:href="../630/9630.xml">ecolog</link>devast popul inhabit<it>neocoloni</it>argu<link ns0:type="simple" ns0:href="../501/29501.xml">unsustain develop</link>perpetu underdevelop<link ns0:type="simple" ns0:href="../259/747259.xml">depend</link>cultiv countri reservoir cheap labor raw materi restrict access advanc product techniqu develop economi</p><ss2><st>defens invest</st><p>propon tie critic label<it>neocoloni</it>argu<politics wordnetid="113840719" confidence="0.8"><grouping wordnetid="101012360" confidence="0.8"><event wordnetid="100029378" confidence="0.8"><social_relation wordnetid="100032823" confidence="0.8"><act wordnetid="100030358" confidence="0.8"><psychological_feature wordnetid="100023100" confidence="0.8"><activity wordnetid="100407535" confidence="0.8"><categorization wordnetid="101012712" confidence="0.8"><link ns0:type="simple" ns0:href="../353/160353.xml" /></categorization></activity></psychological_feature></act></social_relation></event></grouping></politics>profit cheap labor raw materi<link ns0:type="simple" ns0:href="../449/78449.xml">underdevelop nation</link>ultim serv posit<process wordnetid="105701363" confidence="0.8"><thinking wordnetid="105770926" confidence="0.8"><explanation wordnetid="105793000" confidence="0.8"><theory wordnetid="105989479" confidence="0.8"><higher_cognitive_process wordnetid="105770664" confidence="0.8"><link ns0:type="simple" ns0:href="../836/1117836.xml">modern</link></higher_cognitive_process></theory></explanation></thinking></process>forc develop<politics wordnetid="113840719" confidence="0.8"><grouping wordnetid="101012360" confidence="0.8"><event wordnetid="100029378" confidence="0.8"><social_relation wordnetid="100032823" confidence="0.8"><act wordnetid="100030358" confidence="0.8"><psychological_feature wordnetid="100023100" confidence="0.8"><activity wordnetid="100407535" confidence="0.8"><categorization wordnetid="101012712" confidence="0.8"><link ns0:type="simple" ns0:href="../305/30305.xml">third</link></categorization></activity></psychological_feature></act></social_relation></event></grouping></politics></p></ss2></ss1><ss1><st>intern financi institut</st><p><image location="right" width="150px" src="Worldbank_protest_jakarta.jpg" type="thumb" />critic neocoloni portray choic grant refus grant loan financ unpay<link ns0:type="simple" ns0:href="../269/666269.xml">third debt</link>intern financi institut<central_bank wordnetid="108349916" confidence="0.9508927676800064"><link ns0:type="simple" ns0:href="../251/15251.xml">intern monetari fund</link></central_bank>imf<institute wordnetid="108407330" confidence="0.8"><association wordnetid="108049401" confidence="0.8"><link ns0:type="simple" ns0:href="../309/33309.xml">bank</link></association></institute>wb decis form control argu order qualifi loan form econom aid weaker nation forc step favor financi interest imf bank detriment economi<it>structur adjust</it>increas allevi poverti nation critic emphas neocoloni allow cartel<link ns0:type="simple" ns0:href="../151/28151.xml" />bank control exploit lesser develop countri ldc foster debt<link ns0:type="simple" ns0:href="../305/30305.xml">third</link>govern concess<link ns0:type="simple" ns0:href="../878/18878.xml">monopoli</link>foreign<link ns0:type="simple" ns0:href="../485/7485.xml">corpor</link>return consolid power monetari bribe case money loan ldc return favor foreign corpor foreign loan subsidi corpor loan collus refer<it>corporatocraci</it>organ accus particip neoimperi includ<institute wordnetid="108407330" confidence="0.8"><association wordnetid="108049401" confidence="0.8"><link ns0:type="simple" ns0:href="../309/33309.xml">bank</link></association></institute><organization wordnetid="108008335" confidence="0.9508927676800064"><link ns0:type="simple" ns0:href="../873/33873.xml">trade organ</link></organization><social_group wordnetid="107950920" confidence="0.8"><grouping wordnetid="101012360" confidence="0.8"><event wordnetid="100029378" confidence="0.8"><meeting wordnetid="108307589" confidence="0.8"><gathering wordnetid="107975026" confidence="0.8"><group wordnetid="100031264" confidence="0.8"><conference wordnetid="108308497" confidence="0.8"><act wordnetid="100030358" confidence="0.8"><psychological_feature wordnetid="100023100" confidence="0.8"><activity wordnetid="100407535" confidence="0.8"><categorization wordnetid="101012712" confidence="0.8"><link ns0:type="simple" ns0:href="../755/59755.xml">group</link></categorization></activity></psychological_feature></act></conference></group></gathering></meeting></event></grouping></social_group><link ns0:type="simple" ns0:href="../185/172185.xml">econom forum</link><link ns0:type="simple" ns0:href="../353/160353.xml" />notabl<body wordnetid="107965085" confidence="0.8"><social_group wordnetid="107950920" confidence="0.8"><political_orientation wordnetid="106212839" confidence="0.8"><colony wordnetid="108374049" confidence="0.8"><state wordnetid="108168978" confidence="0.8"><political_unit wordnetid="108359949" confidence="0.8"><group wordnetid="100031264" confidence="0.8"><democracy wordnetid="106217103" confidence="0.8"><link ns0:type="simple" ns0:href="../750/3434750.xml">unit</link></democracy></group></political_unit></state></colony></political_orientation></social_group></body>involv describ<link ns0:type="simple" ns0:href="../408/2540408.xml">confess econom hitman</link>john perkin</p></ss1><ss1><st><it>neocoloni</it>alleg imf</st><p><indent level="1"><it>main articl<issue wordnetid="105814650" confidence="0.8"><link ns0:type="simple" ns0:href="../761/1340761.xml">critic debt</link></issue></it></indent>argu neocoloni histor supplement supplant coloni point fact africa today pay money year<link ns0:type="simple" ns0:href="../835/152835.xml">debt</link>servic payment imf bank receiv loan depriv inhabit countri actual necess depend allow<link ns0:type="simple" ns0:href="../251/15251.xml">imf</link><institute wordnetid="108407330" confidence="0.8"><association wordnetid="108049401" confidence="0.8"><link ns0:type="simple" ns0:href="../309/33309.xml">bank</link></association></institute>impos structur adjust plan nation adjust consist<link ns0:type="simple" ns0:href="../661/24661.xml">privat</link>program result deterior health educ inabl develop infrastructur gener lower live standard</p><p>point statement<link ns0:type="simple" ns0:href="../415/162415.xml">unit nation secretarygener</link>special econom advis dr jeffrey sach heatedli demand entir african debt billion forgiven outright recommend african nation simpli pay bank imf reciproc</p><p><indent level="1">time charad debt unafford wont cancel debt obstruct africa money meet children die will debt servic payment urgent social invest health educ drink water control aid professor<scientist wordnetid="110560637" confidence="0.9508927676800064"><link ns0:type="simple" ns0:href="../418/368418.xml">jeffrey sach</link></scientist>director earth institut<university wordnetid="108286163" confidence="0.9508927676800064"><ranking wordnetid="114429484" confidence="0.9508927676800064"><link ns0:type="simple" ns0:href="../310/6310.xml">columbia univers</link></ranking></university>special econom advisor secretari gener<person wordnetid="100007846" confidence="0.9508927676800064"><link ns0:type="simple" ns0:href="../844/16844.xml">kofi annan</link></person></indent></p><p>critic imf conduct studi effect polici demand<link ns0:type="simple" ns0:href="../665/5665.xml">currenc</link><link ns0:type="simple" ns0:href="../353/603353.xml">devalu</link>pose argument imf requir devalu condit refinanc loan simultan insist loan repaid dollar<politics wordnetid="113840719" confidence="0.8"><grouping wordnetid="101012360" confidence="0.8"><event wordnetid="100029378" confidence="0.8"><social_relation wordnetid="100032823" confidence="0.8"><act wordnetid="100030358" confidence="0.8"><psychological_feature wordnetid="100023100" confidence="0.8"><activity wordnetid="100407535" confidence="0.8"><categorization wordnetid="101012712" confidence="0.8"><link ns0:type="simple" ns0:href="../353/160353.xml" /></categorization></activity></psychological_feature></act></social_relation></event></grouping></politics>currenc underdevelop countri currenc devalu increas respect debt percentag currenc devalu amount scheme keep<politics wordnetid="113840719" confidence="0.8"><grouping wordnetid="101012360" confidence="0.8"><event wordnetid="100029378" confidence="0.8"><social_relation wordnetid="100032823" confidence="0.8"><act wordnetid="100030358" confidence="0.8"><psychological_feature wordnetid="100023100" confidence="0.8"><activity wordnetid="100407535" confidence="0.8"><categorization wordnetid="101012712" confidence="0.8"><link ns0:type="simple" ns0:href="../305/30305.xml">third</link></categorization></activity></psychological_feature></act></social_relation></event></grouping></politics>nation perpetu indebted impoverish neocoloni depend</p></ss1><ss1><st>sinoafrican relat</st><p>year<country wordnetid="108544813" confidence="0.9508927676800064"><link ns0:type="simple" ns0:href="../405/5405.xml">peopl republ china</link></country>built increasingli stronger tie<region wordnetid="108630985" confidence="0.8"><center wordnetid="108523483" confidence="0.8"><area wordnetid="108497294" confidence="0.8"><see wordnetid="108586825" confidence="0.8"><seat wordnetid="108647945" confidence="0.8"><location wordnetid="100027167" confidence="0.8"><link ns0:type="simple" ns0:href="../607/5334607.xml">africa</link></location></seat></see></area></center></region>nation<ref ns0:type="simple" ns0:href="#xpointer(//reflist/entry[@id=%228%22])" /><ref ns0:type="simple" ns0:href="#xpointer(//reflist/entry[@id=%229%22])" />china current africa third largest trade partner<body wordnetid="107965085" confidence="0.8"><social_group wordnetid="107950920" confidence="0.8"><political_orientation wordnetid="106212839" confidence="0.8"><colony wordnetid="108374049" confidence="0.8"><state wordnetid="108168978" confidence="0.8"><political_unit wordnetid="108359949" confidence="0.8"><group wordnetid="100031264" confidence="0.8"><democracy wordnetid="106217103" confidence="0.8"><link ns0:type="simple" ns0:href="../750/3434750.xml">unit</link></democracy></group></political_unit></state></colony></political_orientation></social_group></body>coloni power<country wordnetid="108544813" confidence="0.9508927676800064"><link ns0:type="simple" ns0:href="../419/5843419.xml">franc</link></country>august estim chines nation work live extend period african countri<ref ns0:type="simple" ns0:href="#xpointer(//reflist/entry[@id=%2210%22])" /><ref ns0:type="simple" ns0:href="#xpointer(//reflist/entry[@id=%2211%22])" />china pick natur resourc<link ns0:type="simple" ns0:href="../195/23195.xml">oil</link>preciou miner feed expand economi market burgeon enterpris<ref ns0:type="simple" ns0:href="#xpointer(//reflist/entry[@id=%2212%22])" /><ref ns0:type="simple" ns0:href="#xpointer(//reflist/entry[@id=%2213%22])" />twoway trade increas billion<ref ns0:type="simple" ns0:href="#xpointer(//reflist/entry[@id=%2214%22])" /></p><p>human right advoc oppon<country wordnetid="108544813" confidence="0.9508927676800064"><link ns0:type="simple" ns0:href="../421/27421.xml">sudan</link></country>ese govern portray china role provid weapon aircraft cynic attempt<link ns0:type="simple" ns0:href="../195/23195.xml">petroleum</link><link ns0:type="simple" ns0:href="../131/22131.xml">natur ga</link>coloni power suppli african chieftain militari maintain control extract natur resourc<ref ns0:type="simple" ns0:href="#xpointer(//reflist/entry[@id=%2215%22])" /><ref ns0:type="simple" ns0:href="#xpointer(//reflist/entry[@id=%2216%22])" /><ref ns0:type="simple" ns0:href="#xpointer(//reflist/entry[@id=%2215%22])" />china critic china offer sudan support threaten veto<link ns0:type="simple" ns0:href="../956/31956.xml">secur council</link>protect khartoum sanction water resolut<region wordnetid="108630039" confidence="0.8"><location wordnetid="100027167" confidence="0.8"><link ns0:type="simple" ns0:href="../837/605837.xml">darfur</link></location></region>order protect interest sudan<ref ns0:type="simple" ns0:href="#xpointer(//reflist/entry[@id=%2215%22])" /></p></ss1></sec><sec><st>approach concept neocoloni</st><p>concept neocoloni origin develop<link ns0:type="simple" ns0:href="../053/1904053.xml">marxist</link>theoret framework gener employ polit<link ns0:type="simple" ns0:href="../499/18499.xml">left</link>term<b>neocoloni</b>theoret framework</p><ss1><st>cultur theori</st><p>variant neocoloni theori critiqu exist<it><link ns0:type="simple" ns0:href="../591/3050591.xml">cultur coloni</link></it>desir wealthi nation control nation valu percept cultur<link ns0:type="simple" ns0:href="../641/19641.xml">media</link><link ns0:type="simple" ns0:href="../524/17524.xml">languag</link><link ns0:type="simple" ns0:href="../252/9252.xml">educ</link><link ns0:type="simple" ns0:href="../414/25414.xml">religion</link>ultim econom reason</p><p><indent level="1"><it>main articl<link ns0:type="simple" ns0:href="../727/496727.xml">coloni mental</link></it></indent>element critiqu<link ns0:type="simple" ns0:href="../727/496727.xml">coloni mental</link>writer trace well legaci centuri coloni empir critic argu peopl subject coloni imperi rule latch physic cultur differ foreign lead associ power success<it>foreign way</it>eventu lead<it>foreign way</it>regard<it>better</it>held higher esteem previou indigen way fashion reason<it>better</it>colonis time equat colonis race ethnic respons<it>superior</it>cutur reject coloni<link ns0:type="simple" ns0:href="../299/620299.xml">negritud</link>movement simpli embrac seemingli<it>authent</it>local cultur post coloni struggl domin reason import continu cultur more element coloni power regard form neocoloni</p><ss2><st>postcoloni theori</st><p><indent level="1"><it>main articl<link ns0:type="simple" ns0:href="../316/18247316.xml">postcoloni</link></it></indent><link ns0:type="simple" ns0:href="../316/18247316.xml">postcoloni</link>set<link ns0:type="simple" ns0:href="../746/30746.xml">theori</link><link ns0:type="simple" ns0:href="../155/13692155.xml">philosophi</link><link ns0:type="simple" ns0:href="../571/10571.xml">film</link>polit scienc<link ns0:type="simple" ns0:href="../413/368413.xml">literatur</link>deal cultur legaci<link ns0:type="simple" ns0:href="../299/7299.xml">coloni rule</link>postcoloni deal cultur ident colon societi referenc neocoloni background contemporari dilemma develop<link ns0:type="simple" ns0:href="../748/21748.xml">nation ident</link>coloni rule way writer articul celebr ident reclaim maintain strong connect colon way knowledg colon<link ns0:type="simple" ns0:href="../926/222926.xml">subordin</link>peopl gener serv colon interest way colon literatur justifi coloni imag colon perpetu inferior peopl societi cultur</p><p>theori postcoloni studi includ<link ns0:type="simple" ns0:href="../800/1307800.xml">subaltern studi</link><work wordnetid="100575741" confidence="0.8"><examination wordnetid="100635850" confidence="0.8"><event wordnetid="100029378" confidence="0.8"><survey wordnetid="100644503" confidence="0.8"><investigation wordnetid="100633864" confidence="0.8"><act wordnetid="100030358" confidence="0.8"><psychological_feature wordnetid="100023100" confidence="0.8"><activity wordnetid="100407535" confidence="0.8"><link ns0:type="simple" ns0:href="../763/3297763.xml">postcoloni manifest</link></activity></psychological_feature></act></investigation></survey></event></examination></work><writer wordnetid="110794014" confidence="0.9508927676800064"><link ns0:type="simple" ns0:href="../185/95185.xml">frantz fanon</link></writer><link ns0:type="simple" ns0:href="../888/766888.xml">psychopatholog</link><link ns0:type="simple" ns0:href="../299/7299.xml">colon</link>filmmak latin american<event wordnetid="100029378" confidence="0.8"><change wordnetid="100191142" confidence="0.8"><action wordnetid="100037396" confidence="0.8"><motion wordnetid="100331950" confidence="0.8"><act wordnetid="100030358" confidence="0.8"><psychological_feature wordnetid="100023100" confidence="0.8"><link ns0:type="simple" ns0:href="../604/2132604.xml">third cinema</link></psychological_feature></act></motion></action></change></event><link>tom gutirrez alea</link><country wordnetid="108544813" confidence="0.9508927676800064"><link ns0:type="simple" ns0:href="../481/5042481.xml">cuba</link></country><physical_entity wordnetid="100001930" confidence="0.8"><person wordnetid="100007846" confidence="0.8"><leader wordnetid="109623038" confidence="0.8"><administrator wordnetid="109770949" confidence="0.8"><performer wordnetid="110415638" confidence="0.8"><causal_agent wordnetid="100007347" confidence="0.8"><actor wordnetid="109765278" confidence="0.8"><head wordnetid="110162991" confidence="0.8"><director wordnetid="110014939" confidence="0.8"><entertainer wordnetid="109616922" confidence="0.8"><link ns0:type="simple" ns0:href="../117/2221117.xml">kidlat tahimik</link></entertainer></director></head></actor></causal_agent></performer></administrator></leader></person></physical_entity><country wordnetid="108544813" confidence="0.9508927676800064"><link ns0:type="simple" ns0:href="../440/23440.xml">philippin</link></country></p></ss2></ss1><ss1><st>critic theori</st><p>critiqu<link ns0:type="simple" ns0:href="../316/18247316.xml">postcoloni</link>neocoloni theori practic<link ns0:type="simple" ns0:href="../119/51119.xml">literari theori</link><link ns0:type="simple" ns0:href="../550/172550.xml">intern relat theori</link>defin<it><link ns0:type="simple" ns0:href="../316/18247316.xml">postcoloni</link></it>field studi last effect cultur coloni central interest cultur critiqu neocoloni intellectu anteced econom theori neocoloni<link ns0:type="simple" ns0:href="../053/1904053.xml">marxist</link><link ns0:type="simple" ns0:href="../259/747259.xml">depend theori</link>mainstream critic capitalist<link ns0:type="simple" ns0:href="../578/2941578.xml">neoliber</link><process wordnetid="105701363" confidence="0.8"><thinking wordnetid="105770926" confidence="0.8"><explanation wordnetid="105793000" confidence="0.8"><theory wordnetid="105989479" confidence="0.8"><higher_cognitive_process wordnetid="105770664" confidence="0.8"><link ns0:type="simple" ns0:href="../700/2944700.xml">critic intern relat theori</link></higher_cognitive_process></theory></explanation></thinking></process>frequent refer neocoloni<link ns0:type="simple" ns0:href="../053/1904053.xml">marxist</link>posit well<link ns0:type="simple" ns0:href="../130/1338130.xml">postpositivist</link>posit includ<link ns0:type="simple" ns0:href="../603/23603.xml">postmodernist</link><link ns0:type="simple" ns0:href="../316/18247316.xml">postcoloni</link><link ns0:type="simple" ns0:href="../185/11185.xml">feminist</link>approach differ realism liber<link ns0:type="simple" ns0:href="../247/9247.xml">epistemolog</link><link ns0:type="simple" ns0:href="../261/22261.xml">ontolog</link>premis</p></ss1><ss1><st>conserv neocoloni</st><p><indent level="1"><it>main articl<link ns0:type="simple" ns0:href="../273/1745273.xml">conserv neocoloni</link></it></indent>critiqu modern<link ns0:type="simple" ns0:href="../441/45441.xml">conserv movement</link>intern organ<financial_institution wordnetid="108054721" confidence="0.8"><foundation wordnetid="108406486" confidence="0.8"><charity wordnetid="108406619" confidence="0.8"><institution wordnetid="108053576" confidence="0.8"><link ns0:type="simple" ns0:href="../877/19005877.xml">wide fund natur</link></institution></charity></foundation></financial_institution>inadvert set neocolonialist relationship underdevelop nation<ref ns0:type="simple" ns0:href="#xpointer(//reflist/entry[@id=%2217%22])" /></p></ss1></sec><sec><st /><p><list><entry level="1" type="bullet"><link ns0:type="simple" ns0:href="../316/15316.xml">imperi</link></entry><entry level="1" type="bullet"><link ns0:type="simple" ns0:href="../299/7299.xml">coloni</link></entry><entry level="1" type="bullet"><link ns0:type="simple" ns0:href="../316/18247316.xml">postcoloni</link></entry><entry level="1" type="bullet"><link>oil imperi</link></entry><entry level="1" type="bullet"><form wordnetid="106290637" confidence="0.8"><word wordnetid="106286395" confidence="0.8"><part wordnetid="113809207" confidence="0.8"><language_unit wordnetid="106284225" confidence="0.8"><link ns0:type="simple" ns0:href="../250/3357250.xml">gatekeep</link></language_unit></part></word></form>concept neocoloni successor introduc african historian frederick cooper book<it>africa</it></entry><entry level="1" type="bullet"><link ns0:type="simple" ns0:href="../088/93088.xml">neoliber</link></entry><entry level="1" type="bullet"><link ns0:type="simple" ns0:href="../313/46313.xml">globalis</link></entry><entry level="1" type="bullet"><link ns0:type="simple" ns0:href="../014/504014.xml">westernis</link></entry><entry level="1" type="bullet"><idea wordnetid="105833840" confidence="0.8"><concept wordnetid="105835747" confidence="0.8"><category wordnetid="105838765" confidence="0.8"><type wordnetid="105840188" confidence="0.8"><kind wordnetid="105839024" confidence="0.8"><link ns0:type="simple" ns0:href="../825/18950825.xml">american</link></kind></type></category></concept></idea></entry><entry level="1" type="bullet"><link ns0:type="simple" ns0:href="../902/5600902.xml">sinoafrican relat</link></entry><entry level="1" type="bullet"><link>franoisxavi verschav</link>book<it><link>franafriqu</link></it></entry><entry level="1" type="bullet"><link ns0:type="simple" ns0:href="../259/747259.xml">depend theori</link></entry><entry level="1" type="bullet"><process wordnetid="105701363" confidence="0.8"><thinking wordnetid="105770926" confidence="0.8"><explanation wordnetid="105793000" confidence="0.8"><theory wordnetid="105989479" confidence="0.8"><higher_cognitive_process wordnetid="105770664" confidence="0.8"><link ns0:type="simple" ns0:href="../836/1117836.xml">modern theori</link></higher_cognitive_process></theory></explanation></thinking></process></entry><entry level="1" type="bullet"><alliance wordnetid="108293982" confidence="0.8"><bloc wordnetid="108171094" confidence="0.8"><link ns0:type="simple" ns0:href="../257/305257.xml">washington consensu</link></bloc></alliance></entry><entry level="1" type="bullet"><link ns0:type="simple" ns0:href="../350/1338350.xml">ecoimperi</link></entry><entry level="1" type="bullet"><link>list coup dtat coup attempt</link></entry></list></p></sec><sec><st>refer</st><p><reflist><entry id="1">unit nation gener assembl resolut<weblink ns0:type="simple" ns0:href="http://wpik.org/Src/unga1514.html" /><weblink ns0:type="simple" ns0:href="http://wpik.org/Src/unga1541.html" /></entry><entry id="2">kwame nkrumah<weblink ns0:type="simple" ns0:href="http://www.marxists.org/subject/africa/nkrumah/neo-colonialism/"><it>neocoloni stage imperi</it></weblink>edinburgh thoma nelson</entry><entry id="3">wallerstein attempt seriou collect agre definit neocoloni key concept armori revolutionari core movement african uniti william graf review yolamu barongo<it>neocoloni african polit survey impact neocoloni african polit behaviour</it><it>canadian journal african studi</it>term origin africa nkrumah receiv collect recognit allafrican peopl confer</entry><entry id="4">kay whiteman man francafriqu french politician jacqu foccart role franc colon africa leadership charl de gaull obituari<periodical wordnetid="106593296" confidence="0.9508927676800064"><link ns0:type="simple" ns0:href="../853/1273853.xml">nation interest</link></periodical>fall</entry><entry id="5">franoisxavi verschav la franafriqu le long scandal de la rpubliqu pari isbn</entry><entry id="6"><weblink ns0:type="simple" ns0:href="http://www.thirdworldtraveler.com/Imperialism_Neocolonialism/Imperialism_Neocolonialism.html">thirdworldtravelercom neocoloni</weblink><weblink ns0:type="simple" ns0:href="http://www.parapundit.com/archives/001076.html">parapunditcom</weblink></entry><entry id="7"><physical_entity wordnetid="100001930" confidence="0.8"><politician wordnetid="110450303" confidence="0.8"><person wordnetid="100007846" confidence="0.8"><communist wordnetid="109945319" confidence="0.8"><socialist wordnetid="110618848" confidence="0.8"><leader wordnetid="109623038" confidence="0.8"><theorist wordnetid="110706812" confidence="0.8"><intellectual wordnetid="109621545" confidence="0.8"><causal_agent wordnetid="100007347" confidence="0.8"><link ns0:type="simple" ns0:href="../964/344964.xml">ernest mandel</link></causal_agent></intellectual></theorist></leader></socialist></communist></person></politician></physical_entity>semicoloni countri semiindustrialis depend countri intern york</entry><entry id="8"><weblink ns0:type="simple" ns0:href="http://www.atimes.com/atimes/China/IF08Ad02.html">militari back china africa adventur</weblink><link ns0:type="simple" ns0:href="../020/966020.xml">asia time</link></entry><entry id="9"><weblink ns0:type="simple" ns0:href="http://news.bbc.co.uk/2/hi/business/6178897.stm">mbeki warn chinaafrica tie</weblink></entry><entry id="10"><weblink ns0:type="simple" ns0:href="http://www.iht.com/articles/2007/08/17/africa/malawi.php">chines flock number frontier africa</weblink></entry><entry id="11"><weblink ns0:type="simple" ns0:href="http://en.internationalism.org/wr/299/china-africa">chines imperi africa</weblink></entry><entry id="12"><weblink ns0:type="simple" ns0:href="http://www.cfr.org/publication/9557/">china africa oil</weblink></entry><entry id="13"><weblink ns0:type="simple" ns0:href="http://www.greenleft.org.au/2007/701/36384">china africa imperialist power</weblink></entry><entry id="14"><weblink ns0:type="simple" ns0:href="http://www.taipeitimes.com/News/editorials/archives/2006/11/01/2003334317"><it>china coloni power africa</it></weblink><it><print_media wordnetid="106263609" confidence="0.8"><press wordnetid="106263369" confidence="0.8"><artifact wordnetid="100021939" confidence="0.8"><instrumentality wordnetid="103575240" confidence="0.8"><medium wordnetid="106254669" confidence="0.8"><newspaper wordnetid="106267145" confidence="0.8"><link ns0:type="simple" ns0:href="../083/322083.xml">taipei time</link></newspaper></medium></instrumentality></artifact></press></print_media></it><link ns0:type="simple" ns0:href="../460/21460.xml">novemb</link><link ns0:type="simple" ns0:href="../164/36164.xml" /></entry><entry id="15"><weblink ns0:type="simple" ns0:href="http://www.pinr.com/report.php?ac=view_report report_id=460">increas african oil</weblink>power interest news report<link /></entry><entry id="17">manner consist<physical_entity wordnetid="100001930" confidence="0.8"><communicator wordnetid="109610660" confidence="0.8"><person wordnetid="100007846" confidence="0.8"><sociologist wordnetid="110620758" confidence="0.8"><intellectual wordnetid="109621545" confidence="0.8"><alumnus wordnetid="109786338" confidence="0.8"><social_scientist wordnetid="110619642" confidence="0.8"><causal_agent wordnetid="100007347" confidence="0.8"><scientist wordnetid="110560637" confidence="0.8"><writer wordnetid="110794014" confidence="0.8"><scholar wordnetid="110557854" confidence="0.8"><link ns0:type="simple" ns0:href="../321/675321.xml">immanuel wallerstein</link></scholar></writer></scientist></causal_agent></social_scientist></alumnus></intellectual></sociologist></person></communicator></physical_entity><link ns0:type="simple" ns0:href="../335/1582335.xml">system theori</link>wallerstein<physical_entity wordnetid="100001930" confidence="0.8"><economist wordnetid="110043643" confidence="0.8"><person wordnetid="100007846" confidence="0.8"><sociologist wordnetid="110620758" confidence="0.8"><theorist wordnetid="110706812" confidence="0.8"><intellectual wordnetid="109621545" confidence="0.8"><alumnus wordnetid="109786338" confidence="0.8"><social_scientist wordnetid="110619642" confidence="0.8"><causal_agent wordnetid="100007347" confidence="0.8"><scientist wordnetid="110560637" confidence="0.8"><scholar wordnetid="110557854" confidence="0.8"><link ns0:type="simple" ns0:href="../866/1114866.xml">andr gunder frank</link></scholar></scientist></causal_agent></social_scientist></alumnus></intellectual></theorist></sociologist></person></economist></physical_entity><link ns0:type="simple" ns0:href="../259/747259.xml">depend theori</link>frank</entry><entry id="16"><weblink ns0:type="simple" ns0:href="http://www.washingtonpost.com/wp-dyn/articles/A21143-2004Dec22.html">china invest heavili sudan oil industri</weblink><link ns0:type="simple" ns0:href="../226/102226.xml">washington post</link><link /></entry></reflist></p><p><list><entry level="1" type="bullet">opoku agyeman<it>nkrumah ghana east africa panafrican african interst relat</it>fairleigh dickinson univers press</entry><entry level="1" type="bullet"><cite style="font-style:normal" class="book">ankerl guy global commun univers civil inu societ<b>coexist contemporari civil arabomuslim bharati chines western</b>geneva inu press isbn</cite></entry><entry level="1" type="bullet">bill ashcroft al<it>postcoloni studi reader</it>routledg london</entry><entry level="1" type="bullet">yolamu barongo<it>neocoloni african polit survey impact neocoloni african polit behavior</it>vantag press ny</entry><entry level="1" type="bullet"><physical_entity wordnetid="100001930" confidence="0.8"><communicator wordnetid="109610660" confidence="0.8"><person wordnetid="100007846" confidence="0.8"><causal_agent wordnetid="100007347" confidence="0.8"><writer wordnetid="110794014" confidence="0.8"><link ns0:type="simple" ns0:href="../652/1547652.xml">mongo beti</link></writer></causal_agent></person></communicator></physical_entity><it>main bass sur le cameroun autopsi dune dcolonis</it>edit la dcouvert pari classic critiqu neocoloni raymond marcellin french minist interior time prohibit book publish fierc legal battl</entry><entry level="1" type="bullet">kumkum bhavnani al<it>feminist futur reimagin women cultur develop</it>zed book ny mingyan lai rural mother urban whore work daughter women critiqu neocoloni develop taiwan nativist literatur</entry><entry level="1" type="bullet">david birmingham<it>decolon africa</it>ohio univers press</entry><entry level="1" type="bullet">charl cantalupo<it>ngugi wa thiongo</it>africa press</entry><entry level="1" type="bullet">laura chrisman benita parri<it>postcoloni theori critic</it>english associ cambridg</entry><entry level="1" type="bullet"><physical_entity wordnetid="100001930" confidence="0.8"><communicator wordnetid="109610660" confidence="0.8"><person wordnetid="100007846" confidence="0.8"><intellectual wordnetid="109621545" confidence="0.8"><causal_agent wordnetid="100007347" confidence="0.8"><writer wordnetid="110794014" confidence="0.8"><historian wordnetid="110177150" confidence="0.8"><scholar wordnetid="110557854" confidence="0.8"><link ns0:type="simple" ns0:href="../193/2398193.xml">renato constantino</link></scholar></historian></writer></causal_agent></intellectual></person></communicator></physical_entity><it>neocoloni ident counterconsci essay cultur decolon</it>merlin press london</entry><entry level="1" type="bullet">georg conway<it>respons complic neocoloni powerknowledg work foucault spivak</it>univers western ontario press</entry><entry level="1" type="bullet">julia emberley<it>threshold differ feminist critiqu nativ women write postcoloni theori</it>univers toronto press</entry><entry level="1" type="bullet">nikolai aleksandrovich ermolov<it>trojan hors neocoloni polici train specialist develop countri</it>progress publish moscow</entry><entry level="1" type="bullet">thoma gladwin<it>slave white myth psycholog neocoloni</it>human press atlant highland nj</entry><entry level="1" type="bullet"><physical_entity wordnetid="100001930" confidence="0.8"><philosopher wordnetid="110423589" confidence="0.8"><person wordnetid="100007846" confidence="0.8"><intellectual wordnetid="109621545" confidence="0.8"><alumnus wordnetid="109786338" confidence="0.8"><causal_agent wordnetid="100007347" confidence="0.8"><scholar wordnetid="110557854" confidence="0.8"><link ns0:type="simple" ns0:href="../888/2119888.xml">lewi gordon</link></scholar></causal_agent></alumnus></intellectual></person></philosopher></physical_entity>majesti children sketch racism neocoloni age rowman littlefield</entry><entry level="1" type="bullet">anki hoogvelt<it>global postcoloni polit economi develop</it>john hopkin univers press</entry><entry level="1" type="bullet">hooker<it>legal plural introduct coloni neocoloni law</it>clarendon press oxford</entry><entry level="1" type="bullet">em kramer<it>emerg monocultur assimil model minor</it>praeger westport conn archana bhatt asian indian model minor narr neocoloni system</entry><entry level="1" type="bullet"><physical_entity wordnetid="100001930" confidence="0.8"><person wordnetid="100007846" confidence="0.8"><intellectual wordnetid="109621545" confidence="0.8"><causal_agent wordnetid="100007347" confidence="0.8"><historian wordnetid="110177150" confidence="0.8"><scholar wordnetid="110557854" confidence="0.8"><link ns0:type="simple" ns0:href="../086/2420086.xml">geir lundestad</link></scholar></historian></causal_agent></intellectual></person></physical_entity><it>fall great power peac stabil legitimaci</it>scandinavian univers press oslo</entry><entry level="1" type="bullet"><person wordnetid="100007846" confidence="0.9508927676800064"><philosopher wordnetid="110423589" confidence="0.9508927676800064"><link ns0:type="simple" ns0:href="../340/16340.xml">jeanpaul sartr</link></philosopher></person>coloni neocoloni translat steve brewer azzedin haddour terri mcwilliam republish edit routledg franc isbn</entry><entry level="1" type="bullet">stuart sebor<it>neocoloni africa</it>intern publish ny</entry><entry level="1" type="bullet">simon<it>citi capit develop african citi economi</it>halstead ny</entry><entry level="1" type="bullet">phillip singer<it>tradit heal scienc coloni essay critiqu medic anthropolog</it>conch magazin owerri</entry><entry level="1" type="bullet"><link ns0:type="simple" ns0:href="../470/11837470.xml">jean suretcanal</link><it>essay african histori slave trade neocoloni</it>hurst london</entry><entry level="1" type="bullet">ngugi wa thiongo<it>barrel pen resist repress neocoloni kenya</it>africa public project</entry><entry level="1" type="bullet"><person wordnetid="100007846" confidence="0.9508927676800064"><link ns0:type="simple" ns0:href="../950/11687950.xml">carlo alzugaray treto</link></person>el ocaso de rgimen neocoloni estado unido la dictadura de batista durant twilight neocoloni regim unit batista tema cultura ideologa sociedad octob march la habana ministri cultur</entry><entry level="1" type="bullet">richard werbner<it>postcoloni ident africa</it>zed book nj</entry></list></p></sec><sec><st>extern link</st><p><list><entry level="1" type="bullet"><weblink ns0:type="simple" ns0:href="http://www.cfr.org/publication/9557/">china africa oil</weblink></entry><entry level="1" type="bullet"><weblink ns0:type="simple" ns0:href="http://news.bbc.co.uk/2/hi/business/6178897.stm">mbeki warn chinaafrica tie</weblink></entry><entry level="1" type="bullet"><weblink ns0:type="simple" ns0:href="http://www.marxists.org/glossary/terms/n/e.htm">neocoloni encyclopedia marxism</weblink></entry><entry level="1" type="bullet"><weblink ns0:type="simple" ns0:href="http://www.marxists.org/subject/africa/nkrumah/neo-colonialism/"><it>neocoloni stage imperi</it>kwame nkrumah prime minist presid ghana origin publish</weblink></entry><entry level="1" type="bullet"><weblink ns0:type="simple" ns0:href="http://news.bbc.co.uk/2/hi/business/3869081.stm">comment prof jeffrey sach bbc</weblink></entry><entry level="1" type="bullet"><weblink ns0:type="simple" ns0:href="http://www.columbia.edu/cu/news/vforum/03/globalization_inequality/jeffreySachs.ram">harvard economist jeffrey sach video ram host columbia univ</weblink></entry><entry level="1" type="bullet"><weblink ns0:type="simple" ns0:href="http://www.afbis.com/analysis/neo-colonialism.html"><it>myth neocoloni</it>tund obadina director africa busi servic afbi</weblink></entry><entry level="1" type="bullet">httpwwwafricahistorynetimfhtm<it>imf market reform corpor global</it>dr gloria emeagwali prof histori african studi conn univ</entry></list></p><ss1><st>academ cours materi</st><p><list><entry level="1" type="bullet"><weblink ns0:type="simple" ns0:href="http://keemtaan.net/PostcolonialAfrica/syllabus.html">sovereignti postcoloni african syllabu</weblink>joseph hill<link>univers rodchest</link></entry><entry level="1" type="bullet"><weblink ns0:type="simple" ns0:href="http://www.valt.helsinki.fi/staff/lasiiton/opetus/AFRICANDEVHIST/Tips.html">studi african develop histori studi guid</weblink>lauri siitonen pivi hasu wolfgang zeller<link ns0:type="simple" ns0:href="../548/220548.xml">helsinki univers</link></entry></list></p></ss1></sec></bdy></article>