<article xmlns:ns0="http://www.w3.org/1999/xlink"><O confidence="0.9508927676800064" wordnetid="106832680"><header><title>ando</title><id /><revision><id /><timestamp>tz</timestamp><contributor><username>fanoftheworld</username><id /></contributor></revision><categories><category>elektronika bk oper system</category></categories></header><bdy><template><name>infobox_o</name><parameters><ui>disk master bk shell graphic nonwindow file manag</ui><screenshot><image width="300px" src="ANDOS-splash-bw.png" /></screenshot><supported_platforms>elektronika bk<link ns0:type="simple" ns0:href="../399/24399.xml">pdp</link>architectur</supported_platforms><website>httpwwwdfruando</website><latest_release_version /><caption>ando dynam splash screen system bootup</caption><latest_release_date>decemb</latest_release_date><working_state>abandon</working_state><developer>alexey nadezhin sergey kamnev anco compani</developer><name>ando</name><source_model>written assembl andor debugg</source_model><license><link ns0:type="simple" ns0:href="../886/18934886.xml">proprietari</link>commerci freewar version exist latest version free download offici site</license></parameters></template><b>ando</b><country wordnetid="108544813" confidence="0.9508927676800064"><link ns0:type="simple" ns0:href="../391/25391.xml">russian</link></country><link ns0:type="simple" ns0:href="../194/22194.xml">oper system</link><link ns0:type="simple" ns0:href="../329/169329.xml">electronika bk</link>electronika bk<link ns0:type="simple" ns0:href="../329/169329.xml">electronika bkm</link>seri comput creat releas initi develop alexey nadezhin system name sergey kamnev join project widespread system bk seri comput<O wordnetid="106832680" confidence="0.9508927676800064"><link ns0:type="simple" ns0:href="../027/20027.xml">msdo</link></O>compat<link ns0:type="simple" ns0:href="../280/1010280.xml">file system</link>format ando<link ns0:type="simple" ns0:href="../045/53045.xml">fat</link>filesystem kb floppi disk<link ns0:type="simple" ns0:href="../329/169329.xml">electronika bkm</link>electronika bk ando provid<link ns0:type="simple" ns0:href="../329/169329.xml">electronika bk</link>emul load bk rom imag bkm ram minim configur system occupi kb ram<p>system support disk drive hard drive partit well<link ns0:type="simple" ns0:href="../349/55349.xml">ram disk</link>comput memori tape record readonli access microdo file system format disk version function transfer system core file manag option</p><p><image width="150px" src="ANDOS-DM-bw.png"><caption>work ando file manag disk master nonstandard font instal note ramdriv project panel</caption></image><image width="150px" src="DiskXerox.png"><caption>disk xerox ando utilit</caption></image><image width="150px" src="andosshell1.png"><caption>ando run earli bk shell file manag ando</caption></image></p><sec><st>extern link</st><p><list><entry level="1" type="bullet"><weblink ns0:type="simple" ns0:href="http://www.df.ru/~andos/">ando offici homepag</weblink></entry><entry level="1" type="bullet">russian<weblink ns0:type="simple" ns0:href="http://bk0010.narod.ru/docs/BK_Magazine/199301/006.htm">amnadezhin disk oper system ando articl descript ando creator publish magazin person comput bk bkm</weblink></entry><entry level="1" type="bullet">russian<weblink ns0:type="simple" ns0:href="http://bk0010.narod.ru/docs/BK_Magazine/199301/005.htm">vpyurov bk disk drive comparison oper system bk magazin person comput bk bkm</weblink></entry><entry level="1" type="bullet">russian<weblink ns0:type="simple" ns0:href="http://bk0010.narod.ru/docs/BK_Magazine/199301/011.htm">dyuusenkov bk experi work disk user point view magazin person comput bk bkm comparison nord ando</weblink></entry><entry level="1" type="bullet">russian<weblink ns0:type="simple" ns0:href="http://bk0010.narod.ru/docs/BK_Magazine/PKBK-1994-3.djvu">vpyurov disk oper system bkm magazin person comput bk bkm djvu</weblink></entry></list></p><p><table style=";" class="navbox" cellspacing="0"><row><col style="padding:2px;"><table style="width:100%;background:transparent;color:inherit;;" class="nowraplinks collapsible autocollapse " cellspacing="0"><row><header colspan="2" style=";" class="navbox-title"><link ns0:type="simple" ns0:href="../194/22194.xml">oper system</link><computer wordnetid="103082979" confidence="0.9508927676800064"><link ns0:type="simple" ns0:href="../329/169329.xml">elektronika bk</link></computer></header></row><row style="height:2px;" /><row><col colspan="2" style="width:100%;padding:0px;;;" class="navbox-list navbox-odd"><p><O wordnetid="106832680" confidence="0.9508927676800064"><link ns0:type="simple" ns0:href="../322/169322.xml">ando</link></O><O wordnetid="106832680" confidence="0.9508927676800064"><link ns0:type="simple" ns0:href="../363/13547363.xml">mkdo</link></O><link>os bk</link><link>aodo</link><O wordnetid="106832680" confidence="0.9508927676800064"><link ns0:type="simple" ns0:href="../772/10997772.xml">csido</link></O><link>basi</link><link>dosb</link><link>nord</link><link>nortonbk</link><link>microdo</link><link>kmon</link><link>pascaldo</link><link>turbodo</link><link>dxdo</link><link>ramon</link><O wordnetid="106832680" confidence="0.9508927676800064"><link ns0:type="simple" ns0:href="../309/69309.xml">rt</link></O><link>hcdo</link><O wordnetid="106832680" confidence="0.9508927676800064"><link ns0:type="simple" ns0:href="../604/11021604.xml">bkunix</link></O><link>osa wasp</link></p></col></row></table></col></row></table></p></sec></bdy></O></article>