<article xmlns:ns0="http://www.w3.org/1999/xlink"><header><title>topic outlin comput scienc</title><id /><revision><id /><timestamp>tz</timestamp><contributor><username>transhumanist</username><id /></contributor></revision><categories><category>basic topic list</category><category>comput scienc</category><category>comput list</category></categories></header><bdy><b><link ns0:type="simple" ns0:href="../323/5323.xml">comput scienc</link></b><b>comput scienc</b>studi theoret foundat<link ns0:type="simple" ns0:href="../062/18985062.xml" /><link ns0:type="simple" ns0:href="../926/5926.xml">comput</link>implement applic<link ns0:type="simple" ns0:href="../457/7878457.xml">comput system</link>well subject classif system<link ns0:type="simple" ns0:href="../323/5323.xml">comput scienc</link><link ns0:type="simple" ns0:href="../516/3192516.xml">acm comput classif system</link>devis<organization wordnetid="108008335" confidence="0.9508927676800064"><link ns0:type="simple" ns0:href="../ury/30th_century.xml">associ comput machineri</link></organization><p>outlin provid overview introduct<b>comput scienc</b></p><sec><st>branch comput scienc</st><ss1><st>mathemat foundat</st><p><list><entry level="1" type="bullet"><link ns0:type="simple" ns0:href="../636/19636.xml">mathemat logic</link>boolean logic way model logic queri limit formal proof method</entry><entry level="1" type="bullet"><link ns0:type="simple" ns0:href="../527/21527.xml">number theori</link>theori proof heurist find proof simpl domain integ<link ns0:type="simple" ns0:href="../432/18934432.xml">cryptographi</link>well test domain<link ns0:type="simple" ns0:href="../164/1164.xml">artifici intellig</link></entry><entry level="1" type="bullet"><link ns0:type="simple" ns0:href="../401/12401.xml">graph theori</link>foundat data structur search algorithm</entry><entry level="1" type="bullet"><link ns0:type="simple" ns0:href="../924/11924.xml">game theori</link><link ns0:type="simple" ns0:href="../164/1164.xml">artifici intellig</link><link ns0:type="simple" ns0:href="../904/5904.xml">cybernet</link></entry></list></p></ss1><ss1><st>theori comput</st><p><indent level="1"><it>main articl<link>theori comput</link></it></indent><list><entry level="1" type="bullet"><link ns0:type="simple" ns0:href="../356/103356.xml">automata theori</link>logic structur solv problem</entry><entry level="1" type="bullet"><link ns0:type="simple" ns0:href="../136/442136.xml">comput theori</link>calcul current model comput proof develop<person wordnetid="100007846" confidence="0.9508927676800064"><scientist wordnetid="110560637" confidence="0.9508927676800064"><link ns0:type="simple" ns0:href="../208/1208.xml">alan ture</link></scientist></person>provid insight possibl comput</entry><entry level="1" type="bullet"><link ns0:type="simple" ns0:href="../543/7543.xml">comput complex theori</link>fundament bound time storag space class comput</entry><entry level="1" type="bullet"><link ns0:type="simple" ns0:href="../220/25220.xml">quantum comput</link>theori explor comput model involv<link ns0:type="simple" ns0:href="../728/82728.xml">quantum superposit</link>bit</entry></list></p></ss1><ss1><st>algorithm data structur</st><p><list><entry level="1" type="bullet"><link ns0:type="simple" ns0:href="../775/775.xml">algorithm</link>sequenti parallel comput procedur solv wide rang problem</entry><entry level="1" type="bullet"><link ns0:type="simple" ns0:href="../519/8519.xml">data structur</link>organ manipul data</entry></list></p></ss1><ss1><st>program languag compil</st><p><list><entry level="1" type="bullet"><link ns0:type="simple" ns0:href="../208/1695208.xml">compil theori</link>theori<link ns0:type="simple" ns0:href="../739/5739.xml">compil</link>design base<link ns0:type="simple" ns0:href="../356/103356.xml">automata theori</link></entry><entry level="1" type="bullet"><link ns0:type="simple" ns0:href="../015/23015.xml">program languag pragmat</link>taxonomi program languag strength weak<link ns0:type="simple" ns0:href="../897/189897.xml">program paradigm</link><link ns0:type="simple" ns0:href="../757/22757.xml">objectori program</link></entry><entry level="1" type="bullet"><message wordnetid="106598915" confidence="0.8"><subject wordnetid="106599788" confidence="0.8"><link ns0:type="simple" ns0:href="../218/3882218.xml">program languag theori</link></subject></message></entry><entry level="2" type="bullet"><know-how wordnetid="105616786" confidence="0.8"><method wordnetid="105660268" confidence="0.8"><link ns0:type="simple" ns0:href="../608/397608.xml">formal semant</link></method></know-how>rigor mathemat studi mean program</entry><entry level="2" type="bullet"><system wordnetid="104377057" confidence="0.8"><artifact wordnetid="100021939" confidence="0.8"><instrumentality wordnetid="103575240" confidence="0.8"><link ns0:type="simple" ns0:href="../282/40282.xml">type theori</link></instrumentality></artifact></system>formal analysi type data type understand properti program program safeti</entry></list></p></ss1><ss1><st>concurr parallel distribut system</st><p><list><entry level="1" type="bullet"><link ns0:type="simple" ns0:href="../467/928467.xml">concurr</link>theori practic simultan comput data safeti multitask multithread environ</entry><entry level="1" type="bullet"><link ns0:type="simple" ns0:href="../162/145162.xml">parallel comput</link>comput multipl concurr thread execut devis algorithm solv problem multipl processor achiev maxim speedup compar sequenti execut</entry><entry level="1" type="bullet"><link ns0:type="simple" ns0:href="../501/8501.xml">distribut comput</link>comput multipl comput devic network accomplish common object task reduc latenc involv singl processor contribut task</entry></list></p></ss1><ss1><st>softwar engin</st><p><list><entry level="1" type="bullet"><belief wordnetid="105941423" confidence="0.8"><doctrine wordnetid="105943300" confidence="0.8"><link ns0:type="simple" ns0:href="../883/161883.xml">formal method</link></doctrine></belief>mathemat approach describ reason softwar design</entry><entry level="1" type="bullet"><link ns0:type="simple" ns0:href="../010/27010.xml">softwar engin</link>principl practic design develop test program well proper engin practic</entry><entry level="1" type="bullet"><link ns0:type="simple" ns0:href="../488/18935488.xml">revers engin</link>applic scientif method understand arbitrari exist softwar</entry><entry level="1" type="bullet"><link ns0:type="simple" ns0:href="../312/10433312.xml">algorithm design</link>idea algorithm theori creativ design solut real task</entry><entry level="1" type="bullet"><link ns0:type="simple" ns0:href="../311/5311.xml">comput program</link>practic program languag implement algorithm</entry></list></p></ss1><ss1><st>comput architectur</st><p><list><entry level="1" type="bullet"><link ns0:type="simple" ns0:href="../509/6509.xml">comput architectur</link>design organ optim verif comput system<link ns0:type="simple" ns0:href="../218/5218.xml">cpu</link><link ns0:type="simple" ns0:href="../300/5300.xml">memori</link>subsystem bu connect</entry><entry level="1" type="bullet"><link ns0:type="simple" ns0:href="../194/22194.xml">oper system</link>system manag comput program provid basi usabl system</entry></list></p></ss1><ss1><st>commun secur</st><p><list><entry level="1" type="bullet"><link ns0:type="simple" ns0:href="../652/5652.xml">network</link>algorithm protocol reliabl commun data share dedic media includ<link ns0:type="simple" ns0:href="../375/10375.xml">error correct</link></entry><entry level="1" type="bullet"><link ns0:type="simple" ns0:href="../398/7398.xml">comput secur</link>practic aspect secur comput system comput network</entry><entry level="1" type="bullet"><link ns0:type="simple" ns0:href="../432/18934432.xml">cryptographi</link>appli complex probabl number theori invent<link ns0:type="simple" ns0:href="../715/5715.xml">break code</link>analyz secur<link ns0:type="simple" ns0:href="../994/591994.xml">cryptograph protocol</link></entry></list></p></ss1><ss1><st>databas</st><p><list><entry level="1" type="bullet"><link ns0:type="simple" ns0:href="../873/25873.xml">relat databas</link><link ns0:type="simple" ns0:href="../553/27553.xml">set theoret</link>algorithm foundat databas</entry><entry level="1" type="bullet"><link ns0:type="simple" ns0:href="../253/42253.xml">data mine</link>studi algorithm search process document databas close<link ns0:type="simple" ns0:href="../271/15271.xml">retriev</link></entry></list></p></ss1><ss1><st>artifici intellig</st><p><list><entry level="1" type="bullet"><link ns0:type="simple" ns0:href="../164/1164.xml">artifici intellig</link>implement studi system exhibit autonom intellig behaviour</entry><entry level="1" type="bullet"><link ns0:type="simple" ns0:href="../728/2884728.xml">autom reason</link>solv engin<link ns0:type="simple" ns0:href="../485/23485.xml">prolog</link>produc step result queri fact rule databas<know-how wordnetid="105616786" confidence="0.8"><method wordnetid="105660268" confidence="0.8"><link ns0:type="simple" ns0:href="../546/2546.xml">autom theorem prover</link></method></know-how>aim prove<link ns0:type="simple" ns0:href="../977/30977.xml">mathemat theorem</link>assist programm</entry><entry level="1" type="bullet"><link ns0:type="simple" ns0:href="../673/46673.xml">robot</link>algorithm control behavior robot</entry><entry level="1" type="bullet"><link ns0:type="simple" ns0:href="../596/6596.xml">comput vision</link>algorithm identifi three dimension object dimension pictur</entry><entry level="1" type="bullet"><link ns0:type="simple" ns0:href="../488/233488.xml">machin learn</link>autom creation set rule axiom base input</entry></list></p></ss1><ss1><st>comput graphic</st><p><list><entry level="1" type="bullet"><link ns0:type="simple" ns0:href="../210/18567210.xml">comput graphic</link>algorithm gener visual imag synthet integr alter visual spatial sampl real</entry><entry level="1" type="bullet"><link ns0:type="simple" ns0:href="../332/76332.xml">imag process</link>determin imag comput</entry><entry level="1" type="bullet"><link ns0:type="simple" ns0:href="../516/13516.xml">human comput interact</link>studi design comput interfac peopl</entry></list></p></ss1><ss1><st>scientif comput</st><p><list><entry level="1" type="bullet"><link ns0:type="simple" ns0:href="../506/21506.xml">numer analysi</link>approxim numer solut mathemat problem<link ns0:type="simple" ns0:href="../299/153299.xml">rootfind</link><link ns0:type="simple" ns0:href="../089/170089.xml">integr</link><statement wordnetid="106722453" confidence="0.8"><message wordnetid="106598915" confidence="0.8"><equation wordnetid="106669864" confidence="0.8"><mathematical_statement wordnetid="106732169" confidence="0.8"><link ns0:type="simple" ns0:href="../829/272829.xml">solut ordinari differenti equat</link></mathematical_statement></equation></message></statement>approxim<link ns0:type="simple" ns0:href="../055/29055.xml">special function</link></entry><entry level="1" type="bullet"><link ns0:type="simple" ns0:href="../200/3189200.xml">symbol comput</link>manipul solut express symbol form<link ns0:type="simple" ns0:href="../427/54427.xml">comput algebra</link></entry><entry level="1" type="bullet"><link ns0:type="simple" ns0:href="../418/106418.xml">comput physic</link>numer simul larg nonanalyt system</entry><entry level="1" type="bullet"><link ns0:type="simple" ns0:href="../019/6019.xml">comput chemistri</link>comput model theoret chemistri order determin chemic structur properti</entry><entry level="1" type="bullet"><link ns0:type="simple" ns0:href="../214/4214.xml">bioinformat</link>comput scienc maintain analys store<link ns0:type="simple" ns0:href="../951/4145951.xml">biolog data</link>assist solv biolog problem<link ns0:type="simple" ns0:href="../085/52085.xml">protein fold</link>function predict<link ns0:type="simple" ns0:href="../962/23962.xml">phylogeni</link></entry><entry level="1" type="bullet"><link ns0:type="simple" ns0:href="../430/271430.xml">comput neurosci</link>comput model<link ns0:type="simple" ns0:href="../304/374304.xml">neurophysiolog</link></entry></list></p></ss1></sec><sec><st>histori comput scienc</st><p><indent level="1"><it>main articl<link ns0:type="simple" ns0:href="../413/3271413.xml">histori comput scienc</link></it></indent></p></sec><sec><st>vocat comput scienc</st><p><list><entry level="1" type="bullet"><link ns0:type="simple" ns0:href="../716/23716.xml">programm</link></entry><entry level="1" type="bullet"><link ns0:type="simple" ns0:href="../132/2497132.xml">softwar architect</link></entry><entry level="1" type="bullet"><link ns0:type="simple" ns0:href="../683/179683.xml">softwar develop</link></entry><entry level="1" type="bullet"><link ns0:type="simple" ns0:href="../090/29090.xml">softwar tester</link></entry></list></p></sec><sec><st>basic comput scienc concept</st><ss1><st>data data structur</st><p><table style="background:transparent; width:100%;" cellpadding="0" class=" multicol" cellspacing="0"><row><col align="left" width="33.33%" valign="top"><list><entry level="1" type="bullet"><link ns0:type="simple" ns0:href="../052/2052.xml">array</link></entry><entry level="1" type="bullet"><link ns0:type="simple" ns0:href="../519/8519.xml">data structur</link></entry><entry level="1" type="bullet"><link ns0:type="simple" ns0:href="../817/93817.xml">data type</link></entry></list></col><col align="left" width="33.33%" valign="top"><list><entry level="1" type="bullet"><link ns0:type="simple" ns0:href="../377/8377.xml">databas</link></entry><entry level="1" type="bullet"><link ns0:type="simple" ns0:href="../382/208382.xml">list</link></entry><entry level="1" type="bullet"><link ns0:type="simple" ns0:href="../728/19008728.xml">matrix comput scienc</link></entry></list></col><col align="left" width="33.33%" valign="top"><list><entry level="1" type="bullet"><idea wordnetid="105833840" confidence="0.8"><concept wordnetid="105835747" confidence="0.8"><category wordnetid="105838765" confidence="0.8"><language wordnetid="106282651" confidence="0.8"><type wordnetid="105840188" confidence="0.8"><kind wordnetid="105839024" confidence="0.8"><link ns0:type="simple" ns0:href="../701/27701.xml">string</link></kind></type></language></category></concept></idea></entry><entry level="1" type="bullet"><link ns0:type="simple" ns0:href="../806/30806.xml">tree</link></entry></list></col></row></table></p></ss1><ss1><st>object orient</st><p><table style="background:transparent; width:100%;" cellpadding="0" class=" multicol" cellspacing="0"><row><col align="left" width="33.33%" valign="top"><list><entry level="1" type="bullet"><idea wordnetid="105833840" confidence="0.8"><concept wordnetid="105835747" confidence="0.8"><link ns0:type="simple" ns0:href="../392/7392.xml">class</link></concept></idea></entry><entry level="1" type="bullet"><link ns0:type="simple" ns0:href="../746/2617746.xml">inherit</link></entry></list></col><col align="left" width="33.33%" valign="top"><list><entry level="1" type="bullet"><link ns0:type="simple" ns0:href="../665/169665.xml">object</link></entry></list></col><col align="left" width="33.33%" valign="top"><list><entry level="1" type="bullet"><link ns0:type="simple" ns0:href="../757/22757.xml">objectori program</link></entry></list></col></row></table></p></ss1><ss1><st /><p><table style="background:transparent; width:100%;" cellpadding="0" class=" multicol" cellspacing="0"><row><col align="left" width="33.33%" valign="top"><list><entry level="1" type="bullet"><paradigm wordnetid="113804375" confidence="0.8"><linguistic_relation wordnetid="113797142" confidence="0.8"><inflection wordnetid="113803782" confidence="0.8"><grammatical_relation wordnetid="113796779" confidence="0.8"><link ns0:type="simple" ns0:href="../491/60491.xml">abstract</link></grammatical_relation></inflection></linguistic_relation></paradigm></entry><entry level="1" type="bullet"><link ns0:type="simple" ns0:href="../775/775.xml">algorithm</link></entry><entry level="1" type="bullet"><link ns0:type="simple" ns0:href="../356/103356.xml">automata</link></entry><entry level="1" type="bullet"><link ns0:type="simple" ns0:href="../578/44578.xml">big notat</link></entry><entry level="1" type="bullet"><link ns0:type="simple" ns0:href="../319/62319.xml">closur</link></entry><entry level="1" type="bullet"><link ns0:type="simple" ns0:href="../739/5739.xml">compil</link></entry><entry level="1" type="bullet"><link ns0:type="simple" ns0:href="../926/5926.xml">comput</link></entry><entry level="1" type="bullet"><link ns0:type="simple" ns0:href="../136/442136.xml">comput</link></entry><entry level="1" type="bullet"><link ns0:type="simple" ns0:href="../543/7543.xml">comput complex</link></entry><entry level="1" type="bullet"><link ns0:type="simple" ns0:href="../652/5652.xml">comput network</link></entry><entry level="1" type="bullet"><link ns0:type="simple" ns0:href="../311/5311.xml">comput program</link></entry><entry level="1" type="bullet"><link ns0:type="simple" ns0:href="../467/928467.xml">concurr</link></entry><entry level="1" type="bullet"><link ns0:type="simple" ns0:href="../189/505189.xml">continu</link></entry><entry level="1" type="bullet"><link ns0:type="simple" ns0:href="../459/45459.xml">control flow</link></entry></list></col><col align="left" width="33.33%" valign="top"><list><entry level="1" type="bullet"><paradigm wordnetid="113804375" confidence="0.8"><linguistic_relation wordnetid="113797142" confidence="0.8"><inflection wordnetid="113803782" confidence="0.8"><grammatical_relation wordnetid="113796779" confidence="0.8"><link ns0:type="simple" ns0:href="../648/210648.xml">declar program</link></grammatical_relation></inflection></linguistic_relation></paradigm></entry><entry level="1" type="bullet"><know-how wordnetid="105616786" confidence="0.8"><method wordnetid="105660268" confidence="0.8"><link ns0:type="simple" ns0:href="../931/10931.xml">finit machin</link></method></know-how></entry><entry level="1" type="bullet"><link ns0:type="simple" ns0:href="../453/527453.xml">flowchart</link></entry><entry level="1" type="bullet"><belief wordnetid="105941423" confidence="0.8"><doctrine wordnetid="105943300" confidence="0.8"><link ns0:type="simple" ns0:href="../883/161883.xml">formal method</link></doctrine></belief></entry><entry level="1" type="bullet"><paradigm wordnetid="113804375" confidence="0.8"><linguistic_relation wordnetid="113797142" confidence="0.8"><inflection wordnetid="113803782" confidence="0.8"><grammatical_relation wordnetid="113796779" confidence="0.8"><link ns0:type="simple" ns0:href="../933/10933.xml">function program</link></grammatical_relation></inflection></linguistic_relation></paradigm></entry><entry level="1" type="bullet"><link ns0:type="simple" ns0:href="../806/325806.xml">graph</link></entry><entry level="1" type="bullet"><link ns0:type="simple" ns0:href="../668/13668.xml">halt problem</link></entry><entry level="1" type="bullet"><paradigm wordnetid="113804375" confidence="0.8"><linguistic_relation wordnetid="113797142" confidence="0.8"><inflection wordnetid="113803782" confidence="0.8"><grammatical_relation wordnetid="113796779" confidence="0.8"><link ns0:type="simple" ns0:href="../847/197847.xml">imper program</link></grammatical_relation></inflection></linguistic_relation></paradigm></entry><entry level="1" type="bullet"><link ns0:type="simple" ns0:href="../501/79501.xml">hide</link></entry><entry level="1" type="bullet"><know-how wordnetid="105616786" confidence="0.8"><method wordnetid="105660268" confidence="0.8"><link ns0:type="simple" ns0:href="../643/1126643.xml">invari</link></method></know-how></entry><entry level="1" type="bullet"><link ns0:type="simple" ns0:href="../833/68833.xml">iter</link></entry><entry level="1" type="bullet"><link ns0:type="simple" ns0:href="../203/18203.xml">calculu</link></entry><entry level="1" type="bullet"><link ns0:type="simple" ns0:href="../de)/17927_(Z$I$P$_code).xml">logic program</link></entry></list></col><col align="left" width="33.33%" valign="top"><list><entry level="1" type="bullet"><link ns0:type="simple" ns0:href="../194/22194.xml">oper system</link></entry><entry level="1" type="bullet"><event wordnetid="100029378" confidence="0.8"><rule wordnetid="105846932" confidence="0.8"><act wordnetid="100030358" confidence="0.8"><psychological_feature wordnetid="100023100" confidence="0.8"><procedure wordnetid="101023820" confidence="0.8"><activity wordnetid="100407535" confidence="0.8"><algorithm wordnetid="105847438" confidence="0.8"><link ns0:type="simple" ns0:href="../015/310015.xml">pars</link></algorithm></activity></procedure></psychological_feature></act></rule></event></entry><entry level="1" type="bullet"><link ns0:type="simple" ns0:href="../373/420373.xml">calculu</link></entry><entry level="1" type="bullet"><link ns0:type="simple" ns0:href="../811/261811.xml">polymorph</link></entry><entry level="1" type="bullet"><paradigm wordnetid="113804375" confidence="0.8"><linguistic_relation wordnetid="113797142" confidence="0.8"><inflection wordnetid="113803782" confidence="0.8"><grammatical_relation wordnetid="113796779" confidence="0.8"><link ns0:type="simple" ns0:href="../801/23801.xml">procedur program</link></grammatical_relation></inflection></linguistic_relation></paradigm></entry><entry level="1" type="bullet"><link ns0:type="simple" ns0:href="../218/3882218.xml">program languag design</link></entry><entry level="1" type="bullet"><know-how wordnetid="105616786" confidence="0.8"><method wordnetid="105660268" confidence="0.8"><link ns0:type="simple" ns0:href="../608/397608.xml">program languag semant</link></method></know-how></entry><entry level="1" type="bullet"><link ns0:type="simple" ns0:href="../407/25407.xml">recurs</link></entry><entry level="1" type="bullet"><message wordnetid="106598915" confidence="0.8"><subject wordnetid="106599788" confidence="0.8"><language wordnetid="106282651" confidence="0.8"><link ns0:type="simple" ns0:href="../717/25717.xml">regular express</link></language></subject></message></entry><entry level="1" type="bullet"><link ns0:type="simple" ns0:href="../988/40988.xml">subroutin</link></entry><entry level="1" type="bullet"><link>system program</link></entry><entry level="1" type="bullet"><link ns0:type="simple" ns0:href="../403/30403.xml">ture machin</link></entry></list></col></row></table></p></ss1></sec><sec><st>peopl comput scienc</st><p><indent level="1"><it>main articl<link ns0:type="simple" ns0:href="../834/6834.xml">list comput scientist</link></it></indent></p></sec><sec><st /><p><table style="background:#f9f9f9; font-size:85%; line-height:110%; "><row><col><image width="32x28px" src="Portal.svg" /></col><col style="padding:0 0.2em;"><b><it>comput scienc portal</it></b></col></row></table></p><p><list><entry level="1" type="bullet"><link ns0:type="simple" ns0:href="../626/5626.xml">cognit scienc</link></entry></list></p></sec><sec><st>extern link</st><p><list><entry level="1" type="bullet"><weblink ns0:type="simple" ns0:href="http://www.dmoz.org/Computers/Computer_Science//">topic outlin comput scienc</weblink><work wordnetid="100575741" confidence="0.8"><possession wordnetid="100032613" confidence="0.8"><event wordnetid="100029378" confidence="0.8"><company wordnetid="108058098" confidence="0.8"><undertaking wordnetid="100795720" confidence="0.8"><property wordnetid="113244109" confidence="0.8"><act wordnetid="100030358" confidence="0.8"><psychological_feature wordnetid="100023100" confidence="0.8"><activity wordnetid="100407535" confidence="0.8"><subsidiary_company wordnetid="108003935" confidence="0.8"><institution wordnetid="108053576" confidence="0.8"><link ns0:type="simple" ns0:href="../501/18949501.xml">open directori project</link></institution></subsidiary_company></activity></psychological_feature></act></property></undertaking></company></event></possession></work></entry><entry level="1" type="bullet"><weblink ns0:type="simple" ns0:href="http://www.lecturefox.com/computerscience/">directori free univers lectur comput scienc</weblink></entry><entry level="1" type="bullet"><weblink ns0:type="simple" ns0:href="http://liinwww.ira.uka.de/bibliography/">collect comput scienc bibliographi</weblink></entry><entry level="1" type="bullet"><weblink ns0:type="simple" ns0:href="http://se.ethz.ch/~meyer/gallery/">photograph comput scientist</weblink><physical_entity wordnetid="100001930" confidence="0.8"><expert wordnetid="109617867" confidence="0.8"><person wordnetid="100007846" confidence="0.8"><interior_designer wordnetid="110210648" confidence="0.8"><specialist wordnetid="110631941" confidence="0.8"><intellectual wordnetid="109621545" confidence="0.8"><alumnus wordnetid="109786338" confidence="0.8"><causal_agent wordnetid="100007347" confidence="0.8"><scientist wordnetid="110560637" confidence="0.8"><scholar wordnetid="110557854" confidence="0.8"><research_worker wordnetid="110523076" confidence="0.8"><link ns0:type="simple" ns0:href="../807/291807.xml">bertrand meyer</link></research_worker></scholar></scientist></causal_agent></alumnus></intellectual></specialist></interior_designer></person></expert></physical_entity>galleri</entry></list></p><p><list><entry level="1" type="definition">webcast</entry><entry level="1" type="bullet"><weblink ns0:type="simple" ns0:href="http://www.oid.ucla.edu/webcasts/courses/2006-2007/2006fall/cs1">ucla comput scienc freshman comput scienc seminar</weblink></entry><entry level="1" type="bullet"><weblink ns0:type="simple" ns0:href="http://webcast.berkeley.edu/course_details.php?seriesid=1906978395">berkeley introduct comput</weblink></entry></list></p><p><table style=";" class="navbox" cellspacing="0"><row><col style="padding:2px;"><table style="width:100%;background:transparent;color:inherit;;" class="nowraplinks collapsible autocollapse " cellspacing="0"><row><header colspan="2" style=";" class="navbox-title">list resourc</header></row><row style="height:2px;" /><row><col colspan="2" style="width:100%;padding:0px;;;" class="navbox-list navbox-odd">topic list basic glossari<link ns0:type="simple" ns0:href="../183/5374183.xml">countri</link><link ns0:type="simple" ns0:href="../883/3883.xml">peopl</link><link ns0:type="simple" ns0:href="../297/4873297.xml">timelin</link></col></row></table></col></row></table></p></sec></bdy></article>