<article xmlns:ns0="http://www.w3.org/1999/xlink"><header><title>fermi energi</title><id /><revision><id /><timestamp>tz</timestamp><contributor><username>thijsbot</username><id /></contributor></revision><categories><category>statist mechan</category><category>condens matter physic</category></categories></header><bdy><b>fermi energi</b>concept<link ns0:type="simple" ns0:href="../202/25202.xml">quantum mechan</link>refer energi highest occupi<link ns0:type="simple" ns0:href="../638/279638.xml">quantum</link>system<link ns0:type="simple" ns0:href="../529/11529.xml">fermion</link><link ns0:type="simple" ns0:href="../418/1418.xml">absolut</link><link ns0:type="simple" ns0:href="../300/19572300.xml">temperatur</link>articl requir basic knowledg quantum mechan<p>note term fermi energi confusingli describ closelyrel concept<link ns0:type="simple" ns0:href="../628/218628.xml">chemic potenti</link><ref ns0:type="simple" ns0:href="#xpointer(//reflist/entry[@id=%221%22])" />fermi energi chemic potenti absolut differ temperatur describ</p><sec><st>introduct</st><ss1><st>context</st><p><link ns0:type="simple" ns0:href="../202/25202.xml">quantum mechan</link>group particl<link ns0:type="simple" ns0:href="../529/11529.xml">fermion</link>exampl<link ns0:type="simple" ns0:href="../476/9476.xml">electron</link><link ns0:type="simple" ns0:href="../317/23317.xml">proton</link><link ns0:type="simple" ns0:href="../272/21272.xml">neutron</link>fermion obey<idea wordnetid="105833840" confidence="0.8"><concept wordnetid="105835747" confidence="0.8"><link ns0:type="simple" ns0:href="../669/24669.xml">pauli exclus principl</link></concept></idea>fermion occupi<link ns0:type="simple" ns0:href="../638/279638.xml">quantum</link>label set quantum number system fermion electron metal fermion will set quantum number determin lowest energi system fermion group set equal energi order set increas energi start empti system add particl time consecut fill unoccupi quantum lowestenergi particl<b>fermi energi</b>energi highest occupi extract energi<link ns0:type="simple" ns0:href="../042/19042.xml">metal</link>cool absolut temperatur<link ns0:type="simple" ns0:href="../121/19593121.xml">kelvin</link>electron metal move fastest move veloc correspond kinet energi equal fermi energi<b>fermi veloc</b>fermi energi concept<link ns0:type="simple" ns0:href="../387/5387.xml">condens matter physic</link>exampl describ metal<link ns0:type="simple" ns0:href="../326/16878326.xml">insul</link><link ns0:type="simple" ns0:href="../709/27709.xml">semiconductor</link>quantiti physic superconductor physic<link>quantum liquid</link>low temperatur<link ns0:type="simple" ns0:href="../256/13256.xml">helium</link>normal superfluid<link ns0:type="simple" ns0:href="../285/21285.xml">nuclear physic</link>understand stabil<link ns0:type="simple" ns0:href="../501/33501.xml">white dwarf star</link><link ns0:type="simple" ns0:href="../926/619926.xml">gravit collaps</link></p></ss1><ss1><st>advanc context</st><p>fermi energi<it>ef</it>system noninteract<link ns0:type="simple" ns0:href="../529/11529.xml">fermion</link>increas<link ns0:type="simple" ns0:href="../033/4930033.xml">ground</link><link ns0:type="simple" ns0:href="../649/9649.xml">energi</link>exactli particl system interpret maximum energi individu fermion ground<link ns0:type="simple" ns0:href="../628/218628.xml">chemic potenti</link>temperatur equal fermi energi</p></ss1></sec><sec><st>illustr concept dimension squar well</st><p>dimension<physical_entity wordnetid="100001930" confidence="0.8"><person wordnetid="100007846" confidence="0.8"><model wordnetid="110324560" confidence="0.8"><assistant wordnetid="109815790" confidence="0.8"><worker wordnetid="109632518" confidence="0.8"><causal_agent wordnetid="100007347" confidence="0.8"><link ns0:type="simple" ns0:href="../048/24048.xml">infinit squar well</link></causal_agent></worker></assistant></model></person></physical_entity>model dimension box standard modelsystem quantum mechan solut singl particl well level label singl quantum number<it />energi<indent level="1"><math>e_n frachbar pi</math></indent>suppos particl box particl box particl fermion<link ns0:type="simple" ns0:href="../092/3017092.xml">spin</link>particl energi particl energi<math>e_frachbar pi</math>particl energi<math>e_ e_</math>reason particl energi spin particl spin spin spin spin lead energi level total energi system configur total energi lowest ground configur energi level nn occupi higher level empti fermi energi<indent level="1"><math>e_fe_nfrachbar pi</math></indent></p></sec><sec><st>threedimension case</st><p>threedimension<link ns0:type="simple" ns0:href="../865/14865.xml">isotrop</link>case<b>fermi sphere</b></p><p>consid threedimension cubic box side length<it /><link ns0:type="simple" ns0:href="../048/24048.xml">infinit squar well</link>turn good approxim describ electron metal label three quantum number nx ny nz singl particl energi<indent level="2"><math>e_n_xn_yn_z frachbar pim left n_x n_i n_zright</math></indent>nx ny nz posit integ multipl energi exampl<math>e_e_e_</math>noninteract fermion spin box calcul fermi energi case larg</p><p>introduc vector<math>vecnn_xn_yn_z</math>quantum correspond point nspace energi<indent level="1"><math>e_vecn frachbar pim vecn</math></indent>number energi ef equal number lie sphere radiu<math>vecn_f</math>region nspace nx ny nz posit ground number equal number fermion system<indent level="1"><math>timesfractimesfrac pi n_f</math></indent><image width="150px" src="Fermi_energy_momentum.svg" type="thumb"><caption>free fermion occupi lowest energi form<link ns0:type="simple" ns0:href="../859/27859.xml">sphere</link><link ns0:type="simple" ns0:href="../431/20431.xml">momentum</link>space surfac sphere<link ns0:type="simple" ns0:href="../096/986096.xml">fermi surfac</link></caption></image></p><p>factor spin factor sphere lie region posit find<indent level="1"><math>n_fleftfrac npiright</math></indent>fermi energi<indent level="1"><math>e_f frachbar pim n_f</math></indent><indent level="2"><math>frachbar pim left frac npi</math></indent>relationship fermi energi number particl volum replac<indent level="2">cellpad styleborderpx solid ccccff</indent><math>e_f frachbarm left frac pi nv</math></p><p>total energi fermi sphere<math>n_</math>fermion<indent level="1"><math>e_t int_n_ e_fn dn n_ e_f</math></indent><indent level="1"><math>e_t int_n_ e_fn dn int_n_ frachbar pim left frac npi rightfrac dn</math></indent><indent level="2"><math>fracfrac pifrac hbarm int_n_ nfrac dn fracfrac pifrac hbarm left frac n_frac fracfrac pifrac hbar n_frac</math></indent>total fermi energi<indent level="2">cellpad styleborderpx solid ccccff</indent><math>e_t fracfrac pifrac hbar n_frac</math></p><p>integr substitut<indent level="1"><math>e_t frac n_ e_f frac n_ left frachbar pim leftfrac n_piright fracfrac pifrac hbar n_frac</math></indent><indent level="2">cellpad styleborderpx solid ccccff</indent><math>e_t frac n_ e_f</math></p><p>elimin<math />favor<math /><indent level="1"><math>vfrac</math></indent><indent level="2">cellpad styleborderpx solid ccccff</indent><math>e_t fracfrac pifrac hbar n_frac v_frac</math></p></sec><sec><st>typic fermi energi</st><ss1><st>white dwarf</st><p>star<link ns0:type="simple" ns0:href="../501/33501.xml">white dwarf</link>mass compar<link ns0:type="simple" ns0:href="../751/26751.xml">sun</link>radiu time smaller high densiti electron longer bound singl nuclei form<link ns0:type="simple" ns0:href="../428/144428.xml">degener</link><link ns0:type="simple" ns0:href="../854/1037854.xml">electron ga</link>number densiti electron white dwarf order electronsm fermi energi<indent level="2"><math>e_f frachbarm_ left frac pi mathrmm approx time mathrmev</math></indent></p></ss1><ss1><st>nucleu</st><p>typic exampl particl nucleu atom<link ns0:type="simple" ns0:href="../215/10640215.xml">radiu nucleu</link>roughli<indent level="2"><math>left time mathrmm time</math></indent><it />number<link ns0:type="simple" ns0:href="../961/21961.xml">nucleon</link></p><p>number densiti nucleon nucleu<indent level="2"><math>fracabeginmatrix frac endmatrix pi approx time mathrmm</math></indent>fermi energi appli fermion type divid densiti presenc<link ns0:type="simple" ns0:href="../272/21272.xml">neutron</link>affect fermi energi<link ns0:type="simple" ns0:href="../317/23317.xml">proton</link>nucleu vice versa</p><p>fermi energi nucleu<indent level="2"><math>e_f frachbarm_p left frac pi time mathrmm approx time mathrmev mathrmmev</math></indent><link ns0:type="simple" ns0:href="../215/10640215.xml">radiu nucleu</link>admit deviat mention typic fermi energi<link ns0:type="simple" ns0:href="../598/9598.xml">mev</link></p></ss1></sec><sec><st>fermi level</st><p><b>fermi level</b>highest occupi energi level absolut energi level fermi level occupi electron fermion exist ident energi<it><link ns0:type="simple" ns0:href="../669/24669.xml">exclus principl</link></it>absolut electron pack lowest energi build<b>fermi sea</b>electron energi<weblink ns0:type="simple" ns0:href="http://hyperphysics.phy-astr.gsu.edu/hbase/solids/fermi.html">httphyperphysicsphyastrgsueduhbasesolidsfermihtml</weblink><link ns0:type="simple" ns0:href="../121/19593121.xml" />averag energi electron</p><p><indent level="1"><math>e_av frac e_f</math></indent><math>e_f</math>fermi energi</p><p><b>fermi momentum</b><link ns0:type="simple" ns0:href="../431/20431.xml">momentum</link><link ns0:type="simple" ns0:href="../529/11529.xml">fermion</link><link ns0:type="simple" ns0:href="../096/986096.xml">fermi surfac</link><it>fermi momentum</it><indent level="1"><math>p_f sqrt m_e e_f</math></indent><math>m_e</math>mass electron</p><p>concept appli case<link ns0:type="simple" ns0:href="../778/853778.xml">dispers relat</link><link ns0:type="simple" ns0:href="../649/9649.xml">energi</link><link ns0:type="simple" ns0:href="../431/20431.xml">momentum</link>depend direct gener case consid fermi energi</p><p><b>fermi veloc</b>veloc fermion fermi surfac defin<indent level="1"><math>v_f sqrtfrac e_fm_</math></indent><math>m_e</math>mass electron</p><p><b>fermi temperatur</b>substanc gradual express quantum effect cool fermi temperatur defin<indent level="1"><math>t_f frace_fk</math></indent><it /><idea wordnetid="105833840" confidence="0.8"><concept wordnetid="105835747" confidence="0.8"><constant wordnetid="105858936" confidence="0.8"><quantity wordnetid="105855125" confidence="0.8"><link ns0:type="simple" ns0:href="../702/53702.xml">boltzmann constant</link></quantity></constant></concept></idea></p></sec><sec><st>quantum mechan</st><p>quantum mechan fermion particl<link ns0:type="simple" ns0:href="../608/1568608.xml">halfinteg</link><link ns0:type="simple" ns0:href="../829/19593829.xml">spin</link><link ns0:type="simple" ns0:href="../476/9476.xml">electron</link>follow<idea wordnetid="105833840" confidence="0.8"><concept wordnetid="105835747" confidence="0.8"><link ns0:type="simple" ns0:href="../669/24669.xml">pauli exclus principl</link></concept></idea>multipl particl occupi<link ns0:type="simple" ns0:href="../638/279638.xml">quantum</link>consequ fermion obey<link ns0:type="simple" ns0:href="../225/159225.xml">fermidirac statist</link>ground noninteract fermion system construct start empti system ad particl time consecut fill lowestenergi unoccupi quantum desir number particl reach fermi energi energi highest occupi molecular orbit homo conduct materi equival lowest unoccupi molecular orbit lumo materi will gap homo lumo order<link ns0:type="simple" ns0:href="../598/9598.xml">ev</link></p></sec><sec><st>pin fermi level</st><p>energi densiti surfac high gtcm posit fermi level determin neutral level<link ns0:type="simple" ns0:href="../301/3215301.xml">surfac</link>independ<link ns0:type="simple" ns0:href="../954/53954.xml">work function</link>variat</p></sec><sec><st>free electron ga</st><p><link ns0:type="simple" ns0:href="../983/181983.xml">free electron ga</link>quantum mechan version<link ns0:type="simple" ns0:href="../905/65905.xml">ideal ga</link>fermion quantum label<link ns0:type="simple" ns0:href="../431/20431.xml">momentum</link>period system electron move<link ns0:type="simple" ns0:href="../690/58690.xml">atom lattic</link><link ns0:type="simple" ns0:href="../042/19042.xml">metal</link>call quasimomentum crystal momentum<idea wordnetid="105833840" confidence="0.8"><concept wordnetid="105835747" confidence="0.8"><link ns0:type="simple" ns0:href="../657/357657.xml">bloch wave</link></concept></idea>case fermi energi resid surfac<link ns0:type="simple" ns0:href="../582/512582.xml">momentum space</link><b><link ns0:type="simple" ns0:href="../096/986096.xml">fermi surfac</link></b>free electron ga fermi surfac surfac<link ns0:type="simple" ns0:href="../859/27859.xml">sphere</link>period system gener contort shape<link ns0:type="simple" ns0:href="../067/562067.xml">brillouin zone</link>volum enclos fermi surfac defin number electron system topolog directli transport properti metal<link ns0:type="simple" ns0:href="../079/59079.xml">electr conduct</link>studi fermi surfac call<b>fermiolog</b>fermi surfac metal well studi theoret experiment</p><p>fermi energi free electron ga<link ns0:type="simple" ns0:href="../628/218628.xml">chemic potenti</link>equat</p><p><indent level="1"><math>mu e_f left fracpi leftfrackte_fright fracpi leftfrackte_fright cdot</math></indent><it />fermi energi<it /><idea wordnetid="105833840" confidence="0.8"><concept wordnetid="105835747" confidence="0.8"><constant wordnetid="105858936" confidence="0.8"><quantity wordnetid="105855125" confidence="0.8"><link ns0:type="simple" ns0:href="../702/53702.xml">boltzmann constant</link></quantity></constant></concept></idea><it /><link ns0:type="simple" ns0:href="../300/19572300.xml">temperatur</link>chemic potenti equal fermi energi temperatur characterist<b>fermi temperatur</b><it>ef</it><it />characterist temperatur order<link ns0:type="simple" ns0:href="../121/19593121.xml" />metal room temperatur fermi energi chemic potenti essenti equival chemic potenti fermi energi appear<link ns0:type="simple" ns0:href="../225/159225.xml">fermidirac statist</link></p></sec><sec><st /><p><list><entry level="1" type="bullet"><link ns0:type="simple" ns0:href="../983/181983.xml">fermi ga</link></entry><entry level="1" type="bullet"><link ns0:type="simple" ns0:href="../225/159225.xml">fermi statist</link></entry><entry level="1" type="bullet"><link ns0:type="simple" ns0:href="../709/27709.xml">semiconductor</link></entry><entry level="1" type="bullet"><link ns0:type="simple" ns0:href="../531/9531.xml">electr engin</link></entry><entry level="1" type="bullet"><link ns0:type="simple" ns0:href="../663/9663.xml">electron</link></entry><entry level="1" type="bullet"><link ns0:type="simple" ns0:href="../952/29952.xml">thermodynam</link></entry><entry level="1" type="bullet"><link ns0:type="simple" ns0:href="../852/17322852.xml">quasi fermi level</link></entry></list></p></sec><sec><st>refer</st><p><reflist><entry id="1">term fermi energi describ chemic potenti widespread book paper semiconductor physic exampl pankov<it>optic process semiconductor</it>isbn fermi level energi expect find occupi electron</entry></reflist><list><entry level="1" type="bullet"><cite style="font-style:normal" class="book">kroemer herbert kittel charl thermal physic freeman compani isbn</cite></entry><entry level="1" type="bullet"><weblink ns0:type="simple" ns0:href="http://hyperphysics.phy-astr.gsu.edu/hbase/tables/fermi.html">tabl fermi energi veloc temperatur element</weblink></entry><entry level="1" type="bullet"><weblink ns0:type="simple" ns0:href="http://physicsweb.org/articles/world/15/4/7">discuss fermi gase fermi temperatur</weblink></entry></list></p></sec><sec><st>extern link</st></sec></bdy></article>