<article xmlns:ns0="http://www.w3.org/1999/xlink"><event confidence="0.8" wordnetid="100029378"><rule confidence="0.8" wordnetid="105846932"><act confidence="0.8" wordnetid="100030358"><psychological_feature confidence="0.8" wordnetid="100023100"><procedure confidence="0.8" wordnetid="101023820"><activity confidence="0.8" wordnetid="100407535"><algorithm confidence="0.8" wordnetid="105847438"><header><title>casebas reason</title><id /><revision><id /><timestamp>tz</timestamp><contributor><username>rich jj</username><id /></contributor></revision><categories><category>classif algorithm</category></categories></header><bdy><b>casebas reason</b>cbr broadli constru process solv problem base solut problem auto<link ns0:type="simple" ns0:href="../391/840391.xml">mechan</link>fix<link ns0:type="simple" ns0:href="../640/9640.xml">engin</link>recal<link ns0:type="simple" ns0:href="../345/13673345.xml">car</link>exhibit symptom casebas reason<link ns0:type="simple" ns0:href="../541/17541.xml">lawyer</link>advoc outcom<link ns0:type="simple" ns0:href="../812/3276812.xml">trial</link>base<link ns0:type="simple" ns0:href="../668/18949668.xml">legal</link><link ns0:type="simple" ns0:href="../004/23004.xml">preced</link>judg creat<link ns0:type="simple" ns0:href="../403/215403.xml">case law</link>casebas reason<link ns0:type="simple" ns0:href="../223/38223.xml">engin</link>copi work element natur practic<link ns0:type="simple" ns0:href="../784/45784.xml">biomimicri</link>treat natur databas solut problem casebas reason promin kind<link ns0:type="simple" ns0:href="../533/103533.xml">analog</link>make<p>argu casebas reason power method<link ns0:type="simple" ns0:href="../728/2884728.xml">comput reason</link>pervas behavior everyday human<link ns0:type="simple" ns0:href="../948/1467948.xml">problem solv</link>radic reason base case experienc accept activ exercis choic<link ns0:type="simple" ns0:href="../464/1042464.xml">prototyp theori</link>deepli explor human<link ns0:type="simple" ns0:href="../626/5626.xml">cognit scienc</link></p><sec><st>process</st><p>casebas reason formal purpos<link ns0:type="simple" ns0:href="../728/2884728.xml">comput reason</link>fourstep process<ref ns0:type="simple" ns0:href="#xpointer(//reflist/entry[@id=%221%22])" /></p><p><list><entry level="1" type="number"><b>retriev</b>target problem retriev case memori relev solv case consist problem solut typic annot solut deriv exampl suppos fred prepar blueberri<link ns0:type="simple" ns0:href="../472/210472.xml">pancak</link>novic cook relev experi recal plain pancak procedur make plain pancak justif decis constitut fred retriev case</entry><entry level="1" type="number"><b>reus</b>map solut previou case target problem involv adapt solut need fit situat pancak exampl fred adapt retriev solut includ addit blueberri</entry><entry level="1" type="number"><b>revis</b>map previou solut target situat test solut real simul revis suppos fred adapt pancak solut ad blueberri batter mix discov batter turn blue undesir suggest revis delay addit blueberri batter ladl pan</entry><entry level="1" type="number"><b>retain</b>solut adapt target problem store experi case memori fred record newfound procedur make blueberri pancak enrich set store experi better prepar futur pancakemak demand</entry></list></p></sec><sec><st>comparison method</st><p>glanc cbr ruleinduct<link ns0:type="simple" ns0:href="../775/775.xml">algorithm</link><ref ns0:type="simple" ns0:href="#xpointer(//reflist/entry[@id=%222%22])" /><link ns0:type="simple" ns0:href="../488/233488.xml">machin learn</link><link>ruleinduct algorithm</link>cbr start set case train exampl form gener exampl albeit implicit identifi common retriev case target problem</p><p>instanc procedur plain pancak map blueberri pancak decis basic batter fri method implicitli gener set situat batter fri method key differ implicit gener cbr gener rule induct lie gener ruleinduct algorithm draw gener set train exampl target problem perform eager gener</p><p>instanc ruleinduct algorithm recip plain pancak dutch appl pancak banana pancak train exampl deriv train time set gener rule make type pancak test time task cook blueberri pancak difficulti ruleinduct algorithm anticip direct attempt gener train exampl contrast cbr delay implicit gener case test time strategi lazi gener pancak exampl cbr target problem cook blueberri pancak gener case exactli need cover situat cbr good approach rich complex domain myriad way gener case</p></sec><sec><st>critic</st><p>critic cbr argu approach accept<link ns0:type="simple" ns0:href="../925/481925.xml">anecdot evid</link>main oper principl statist relev data back implicit gener guarante gener correct induct reason data scarc statist relev inher base<link ns0:type="simple" ns0:href="../925/481925.xml">anecdot evid</link></p></sec><sec><st>histori</st><p>cbr trace root work<physical_entity wordnetid="100001930" confidence="0.8"><person wordnetid="100007846" confidence="0.8"><causal_agent wordnetid="100007347" confidence="0.8"><scientist wordnetid="110560637" confidence="0.8"><research_worker wordnetid="110523076" confidence="0.8"><link ns0:type="simple" ns0:href="../541/1076541.xml">roger schank</link></research_worker></scientist></causal_agent></person></physical_entity>student<university wordnetid="108286163" confidence="0.9508927676800064"><link ns0:type="simple" ns0:href="../273/34273.xml">yale univers</link></university>earli schank model dynam memori<ref ns0:type="simple" ns0:href="#xpointer(//reflist/entry[@id=%223%22])" />basi earliest cbr system<link ns0:type="simple" ns0:href="../131/13642131.xml">janet kolodn</link>cyru<ref ns0:type="simple" ns0:href="#xpointer(//reflist/entry[@id=%224%22])" />michael lebowitz ipp<ref ns0:type="simple" ns0:href="#xpointer(//reflist/entry[@id=%225%22])" /></p><p>school cbr close alli field emerg investig topic cbr legal reason memorybas reason reason exampl massiv parallel machin combin cbr reason method interest cbr grew intern commun evidenc establish intern confer casebas reason well european german british italian cbr workshop</p><p>cbr technolog produc number success deploy system earliest lockhe clavier<ref ns0:type="simple" ns0:href="#xpointer(//reflist/entry[@id=%226%22])" />system lay composit part bake industri convect oven cbr extens<link ns0:type="simple" ns0:href="../544/13544.xml">help desk</link>applic compaq smart system<ref ns0:type="simple" ns0:href="#xpointer(//reflist/entry[@id=%227%22])" /></p></sec><sec><st>promin cbr system</st><p><list><entry level="1" type="bullet">smart support manag autom reason technolog compaq custom servic<ref ns0:type="simple" ns0:href="#xpointer(//reflist/entry[@id=%228%22])" /></entry></list></p><p><list><entry level="1" type="bullet">applianc call center autom gener electr<ref ns0:type="simple" ns0:href="#xpointer(//reflist/entry[@id=%229%22])" /></entry></list></p><p><list><entry level="1" type="bullet">clavier appli casebas reason composit fabric<ref ns0:type="simple" ns0:href="#xpointer(//reflist/entry[@id=%2210%22])" /></entry></list></p><p><list><entry level="1" type="bullet">formtool plastic color match<ref ns0:type="simple" ns0:href="#xpointer(//reflist/entry[@id=%2211%22])" /></entry></list></p><p><list><entry level="1" type="bullet">coolair hvac specif price system<ref ns0:type="simple" ns0:href="#xpointer(//reflist/entry[@id=%2212%22])" /></entry></list></p><p><list><entry level="1" type="bullet"><weblink ns0:type="simple" ns0:href="http://www.cdacmumbai.in/index.php/cdacmumbai/research_and_publications/research_groups/kbcs_artificial_intelligence/research/case_based_reasoning">vidur</weblink>cbr base intellig advisori system<weblink ns0:type="simple" ns0:href="http://www.cdacmumbai.in/">cdac mumbai</weblink>farmer northeast india</entry></list></p></sec><sec><st /><p><list><entry level="1" type="bullet"><event wordnetid="100029378" confidence="0.8"><rule wordnetid="105846932" confidence="0.8"><act wordnetid="100030358" confidence="0.8"><psychological_feature wordnetid="100023100" confidence="0.8"><procedure wordnetid="101023820" confidence="0.8"><activity wordnetid="100407535" confidence="0.8"><algorithm wordnetid="105847438" confidence="0.8"><link ns0:type="simple" ns0:href="../602/232602.xml">decis tree</link></algorithm></activity></procedure></psychological_feature></act></rule></event></entry><entry level="1" type="bullet"><event wordnetid="100029378" confidence="0.8"><rule wordnetid="105846932" confidence="0.8"><act wordnetid="100030358" confidence="0.8"><psychological_feature wordnetid="100023100" confidence="0.8"><procedure wordnetid="101023820" confidence="0.8"><activity wordnetid="100407535" confidence="0.8"><algorithm wordnetid="105847438" confidence="0.8"><link ns0:type="simple" ns0:href="../254/40254.xml">genet algorithm</link></algorithm></activity></procedure></psychological_feature></act></rule></event></entry><entry level="1" type="bullet"><idea wordnetid="105833840" confidence="0.8"><concept wordnetid="105835747" confidence="0.8"><link ns0:type="simple" ns0:href="../688/279688.xml">pattern match</link></concept></idea></entry><entry level="1" type="bullet"><link ns0:type="simple" ns0:href="../533/103533.xml">analog</link></entry><entry level="1" type="bullet"><link ns0:type="simple" ns0:href="../475/1499475.xml">kline artifici intellig</link></entry><entry level="1" type="bullet"><link ns0:type="simple" ns0:href="../366/1432366.xml">rippl rule</link></entry></list></p></sec><sec><st>refer</st><p><reflist><entry id="1">agnar aamodt enric plaza casebas reason foundat issu methodolog variat system approach<it>artifici intellig commun</it></entry><entry id="2">ruleinduct algorithm procedur learn rule concept gener exampl concept exampl ruleinduct algorithm learn rule form plural english noun exampl<it>dogdog</it><it>flyfli</it><it>rayray</it></entry><entry id="3">roger schank dynam memori<it>theori learn comput peopl</it>york cambridg univers press</entry><entry id="4">janet kolodn reconstruct memori comput model<it>cognit scienc</it></entry><entry id="5">michael lebowitz memorybas pars<it>artifici intellig</it></entry><entry id="6">bill mark casebas reason autoclav manag<it>proceed casebas reason workshop</it></entry><entry id="7">trung nguyen mari czerwinski dan lee compaq quicksourc provid consum power artifici intellig<it>proceed annual confer innov applic artifici intellig</it>washington dc aaai press</entry><entry id="8">acorn walden smart support manag autom reason technolog compaq custom servic proceed tenth nation confer confer artifici intellig mit press</entry><entry id="9">cheetham goebel applianc call center success mixedin case studi artifici intellig magazin volum</entry><entry id="10">hinkl toomey clavier appli casebas reason composit fabric proceed sixth innov applic ai confer seattl wa aaai press</entry><entry id="11">cheetham tenth anniversari plastic color match artifici intellig magazin volum</entry><entry id="12">watson gardingen casebas reason system hvac sale support web knowledg base system journal</entry></reflist></p></sec><sec><st>read</st><p><list><entry level="1" type="bullet">aamodt agnar enric plaza<weblink ns0:type="simple" ns0:href="http://www.iiia.csic.es/People/enric/AICom.html">casebas reason foundat issu methodolog variat system approach</weblink><it>artifici intellig commun</it></entry><entry level="1" type="bullet">althoff klausdiet ralph bergmann karl brant ed<it>casebas reason develop proceed third intern confer casebas reason</it>berlin springer verlag</entry><entry level="1" type="bullet">kolodn janet<it>casebas reason</it>san mateo morgan kaufmann</entry><entry level="1" type="bullet">leak david<weblink ns0:type="simple" ns0:href="http://www.cs.indiana.edu/~leake/papers/p-96-01_dir.html/paper.html">cbr context futur</weblink>leak editor casebas reason experi lesson futur direct aaai pressmit press</entry><entry level="1" type="bullet">leak david enric plaza ed<it>casebas reason develop proceed second intern confer casebas reason</it>berlin springer verlag</entry></list></p><p><list><entry level="1" type="bullet"><cite style="font-style:normal" class="book">lenz mario bartschsprl brigitt burkhard hansdiet wess stefan casebas reason technolog foundat applic lectur note artifici intellig<b />springer<document wordnetid="106470073" confidence="0.8"><written_communication wordnetid="106349220" confidence="0.8"><writing wordnetid="106362953" confidence="0.8"><link ns0:type="simple" ns0:href="../994/422994.xml">doi</link></writing></written_communication></document><weblink ns0:type="simple" ns0:href="http://dx.doi.org/10.1007/3-540-69351-3" />isbn</cite></entry></list></p><p><list><entry level="1" type="bullet">riesbeck christoph roger schank<it>insid casebas reason</it>northval nj erlbaum</entry><entry level="1" type="bullet">veloso manuela agnar aamodt ed<it>casebas reason develop proceed intern confer casebas reason</it>berlin springer verlag</entry><entry level="1" type="bullet"><link ns0:type="simple" ns0:href="../740/1800740.xml">ian watson</link><weblink ns0:type="simple" ns0:href="http://www.elsevier.com/wps/find/bookdescription.cws_home/680655/description#description"><it>appli casebas reason techniqu enterpris system</it>elsevi</weblink></entry></list></p><p><it><weblink ns0:type="simple" ns0:href="http://www.nupedia.com/article/465/">earlier version</weblink>articl post<web_site wordnetid="106359193" confidence="0.9508927676800064"><link ns0:type="simple" ns0:href="../121/21121.xml">nupedia</link></web_site></it></p></sec></bdy></algorithm></activity></procedure></psychological_feature></act></rule></event></article>