<article xmlns:ns0="http://www.w3.org/1999/xlink"><medium confidence="0.9511911446218017" wordnetid="106254669"><network confidence="0.9508927676800064" wordnetid="108434259"><header><title>pacifica radio</title><id /><revision><id /><timestamp>tz</timestamp><contributor><username>publickoccurr</username><id /></contributor></revision><categories><category>public broadcast unit</category><category>pacifica radio</category><category>altern radio</category><category>american radio network</category><category>altern journal</category><category>altern media</category></categories></header><bdy><template><name>infobox network</name><parameters><affiliations><system wordnetid="108435388" confidence="0.8"><group wordnetid="100031264" confidence="0.8"><transmission wordnetid="106251781" confidence="0.8"><channel wordnetid="106259898" confidence="0.8"><network wordnetid="108434259" confidence="0.8"><link ns0:type="simple" ns0:href="../367/2565367.xml">radio network</link></network></channel></transmission></group></system></affiliations><network_type><message wordnetid="106598915" confidence="0.8"><information wordnetid="106634376" confidence="0.8"><company wordnetid="108058098" confidence="0.8"><broadcasting_company wordnetid="108002015" confidence="0.8"><format wordnetid="106636806" confidence="0.8"><institution wordnetid="108053576" confidence="0.8"><link ns0:type="simple" ns0:href="../808/178808.xml">public radio network</link></institution></format></broadcasting_company></company></information></message></network_type><website><weblink ns0:type="simple" ns0:href="http://www.pacificafoundation.org/">wwwpacificafoundationorg</weblink></website><network_name>pacifica radio network</network_name><available><link ns0:type="simple" ns0:href="../873/289873.xml">global</link></available><country><image width="22x20px" src="Flag_of_the_United_States.svg"><caption>border</caption></image><body wordnetid="107965085" confidence="0.8"><social_group wordnetid="107950920" confidence="0.8"><political_orientation wordnetid="106212839" confidence="0.8"><colony wordnetid="108374049" confidence="0.8"><state wordnetid="108168978" confidence="0.8"><political_unit wordnetid="108359949" confidence="0.8"><group wordnetid="100031264" confidence="0.8"><democracy wordnetid="106217103" confidence="0.8"><link ns0:type="simple" ns0:href="../750/3434750.xml">unit</link></democracy></group></political_unit></state></colony></political_orientation></social_group></body></country><founded /><launch_date /><owner>pacifica foundat</owner><foundation>pacifica foundat</foundation><network_logo><image width="150px" src="Pacifica_Logo.jpg"><caption>pacifica logojpg</caption></image></network_logo></parameters></template><b>pacifica radio</b>network independ oper noncommerci listenersupport<link ns0:type="simple" ns0:href="../088/173088.xml">radio station</link><body wordnetid="107965085" confidence="0.8"><social_group wordnetid="107950920" confidence="0.8"><political_orientation wordnetid="106212839" confidence="0.8"><colony wordnetid="108374049" confidence="0.8"><state wordnetid="108168978" confidence="0.8"><political_unit wordnetid="108359949" confidence="0.8"><group wordnetid="100031264" confidence="0.8"><democracy wordnetid="106217103" confidence="0.8"><link ns0:type="simple" ns0:href="../750/3434750.xml">unit</link></democracy></group></political_unit></state></colony></political_orientation></social_group></body><link ns0:type="simple" ns0:href="../730/2035730.xml#xpointer(//*[./st=%22Contemporary+progressivism%22])">progress</link>polit orient network includ umbrella associ station affili radio station canadian commun radio station carri pacifica program pacifica<message wordnetid="106598915" confidence="0.8"><information wordnetid="106634376" confidence="0.8"><company wordnetid="108058098" confidence="0.8"><broadcasting_company wordnetid="108002015" confidence="0.8"><format wordnetid="106636806" confidence="0.8"><institution wordnetid="108053576" confidence="0.8"><link ns0:type="simple" ns0:href="../808/178808.xml">public radio</link></institution></format></broadcasting_company></company></information></message>network unit oper<b>pacifica foundat</b>nation headquart adjoin station<radio_station wordnetid="104044119" confidence="0.9508927676800064"><link ns0:type="simple" ns0:href="../454/418454.xml">kpfa</link></radio_station><village wordnetid="108672738" confidence="0.9508927676800064"><link ns0:type="simple" ns0:href="../860/4860.xml">berkeley california</link></village><p>pacifica radio archiv hous station<radio_station wordnetid="104044119" confidence="0.9508927676800064"><link ns0:type="simple" ns0:href="../690/1916690.xml">kpfk</link></radio_station><link ns0:type="simple" ns0:href="../110/18110.xml">lo angel</link>nation oldest public radio archiv document decad grassroot polit cultur perform art histori archiv includ origin record interview<composer wordnetid="109947232" confidence="0.9173553029164789"><saxophonist wordnetid="110554243" confidence="0.9173553029164789"><person wordnetid="100007846" confidence="0.9508927676800064"><artist wordnetid="109812338" confidence="0.9508927676800064"><bandleader wordnetid="109837201" confidence="0.9173553029164789"><link ns0:type="simple" ns0:href="../536/53536.xml">john coltran</link></bandleader></artist></person></saxophonist></composer><link ns0:type="simple" ns0:href="../631/1000631.xml">jame baldwin</link><writer wordnetid="110794014" confidence="0.9173553029164789"><dramatist wordnetid="110030277" confidence="0.9173553029164789"><link ns0:type="simple" ns0:href="../831/464831.xml">lorrain hansberri</link></dramatist></writer><columnist wordnetid="109939154" confidence="0.9173553029164789"><person wordnetid="100007846" confidence="0.9508927676800064"><militant wordnetid="110315837" confidence="0.9173553029164789"><poet wordnetid="110444194" confidence="0.9173553029164789"><lyricist wordnetid="110277912" confidence="0.9173553029164789"><writer wordnetid="110794014" confidence="0.9173553029164789"><novelist wordnetid="110363573" confidence="0.9173553029164789"><dramatist wordnetid="110030277" confidence="0.9173553029164789"><essayist wordnetid="110064405" confidence="0.9173553029164789"><link ns0:type="simple" ns0:href="../316/9369316.xml">langston hugh</link></essayist></dramatist></novelist></writer></lyricist></poet></militant></person></columnist></p><sec><st>histori</st><ss1><st>earli histori</st><p>pacifica found pacifist<physical_entity wordnetid="100001930" confidence="0.8"><person wordnetid="100007846" confidence="0.8"><pioneer wordnetid="110434725" confidence="0.8"><dissenter wordnetid="110018021" confidence="0.8"><intellectual wordnetid="109621545" confidence="0.8"><creator wordnetid="109614315" confidence="0.8"><executive wordnetid="110069645" confidence="0.8"><administrator wordnetid="109770949" confidence="0.8"><leader wordnetid="109623038" confidence="0.8"><alumnus wordnetid="109786338" confidence="0.8"><causal_agent wordnetid="100007347" confidence="0.8"><head wordnetid="110162991" confidence="0.8"><originator wordnetid="110383816" confidence="0.8"><scholar wordnetid="110557854" confidence="0.8"><link ns0:type="simple" ns0:href="../269/2322269.xml">lewi hill</link></scholar></originator></head></causal_agent></alumnus></leader></administrator></executive></creator></intellectual></dissenter></pioneer></person></physical_entity><military_action wordnetid="100952963" confidence="0.8"><group_action wordnetid="101080366" confidence="0.8"><event wordnetid="100029378" confidence="0.8"><conflict wordnetid="100958896" confidence="0.8"><act wordnetid="100030358" confidence="0.8"><psychological_feature wordnetid="100023100" confidence="0.8"><war wordnetid="100973077" confidence="0.8"><link ns0:type="simple" ns0:href="../927/32927.xml">war ii</link></war></psychological_feature></act></conflict></event></group_action></military_action>hill file<link ns0:type="simple" ns0:href="../003/83003.xml">conscienti objector</link>statu war hill small group exconscientiousobjector creat pacifica foundat air broadcast<radio_station wordnetid="104044119" confidence="0.9508927676800064"><link ns0:type="simple" ns0:href="../454/418454.xml">kpfa</link></radio_station><village wordnetid="108672738" confidence="0.9508927676800064"><link ns0:type="simple" ns0:href="../860/4860.xml">berkeley california</link></village>commenc</p></ss1><ss1><st>intern conflict</st><p>histori pacifica station independ control program major controversi aros rumor pacifica nation board nation staff attempt central control content order increas listenership rumor includ accus board propos chang network fund model relianc listen donat corpor foundat fund accus board consid sell<radio_station wordnetid="104044119" confidence="0.9508927676800064"><link ns0:type="simple" ns0:href="../454/418454.xml">kpfa</link></radio_station><village wordnetid="108672738" confidence="0.9508927676800064"><link ns0:type="simple" ns0:href="../860/4860.xml">berkeley california</link></village><radio_station wordnetid="104044119" confidence="0.9508927676800064"><link ns0:type="simple" ns0:href="../471/1046471.xml">wbai</link></radio_station><village wordnetid="108672738" confidence="0.9508927676800064"><link ns0:type="simple" ns0:href="../042/645042.xml">york citi</link></village>oper commerci broadcast channel frequenc worth hundr million dollar led year conflict includ court case fire strike station staff public demonstr listen individu station kpfa wbai object attempt tone overtli polit content pacifica station controversi includ highli public disput listen organ<physical_entity wordnetid="100001930" confidence="0.8"><person wordnetid="100007846" confidence="0.8"><intellectual wordnetid="109621545" confidence="0.8"><causal_agent wordnetid="100007347" confidence="0.8"><scientist wordnetid="110560637" confidence="0.8"><historian wordnetid="110177150" confidence="0.8"><scholar wordnetid="110557854" confidence="0.8"><link ns0:type="simple" ns0:href="../905/1251905.xml">mari franc berri</link></scholar></historian></scientist></causal_agent></intellectual></person></physical_entity>radio network board chair</p><p>board eventu embroil counter lawsuit boardmemb listenersponsor global settlement lawsuit novemb interim board form craft bylaw tumultu year nation debat thousand listenersponsor activist final listenersponsor respons elect local station board pacifica station local board turn elect nation board director minor chang bylaw remain today</p></ss1><ss1><st>histori</st><p>pacifica nation news director<link>dan coughlin</link>vote interim execut director network interim drop year intern legal battl financi mismanag toll coughlin resign network disorgan pacifica revert oper interim execut director year</p><p>januari pacifica hire<person wordnetid="100007846" confidence="0.9638700866880419"><link ns0:type="simple" ns0:href="../390/16195390.xml">greg guma</link></person>execut director pacifica foundat year fulli recov financi health launch nation program informativo pacifica daili spanish languag newcast vault weekli program drawn pacifica extens audio archiv pacifica produc inform dissent week seri midterm elect drew talent network</p><p>guma left post septemb<weblink ns0:type="simple" ns0:href="http://video.google.com/videoplay?docid=1299528035837796976 hl=en">httpvideogooglecomvideoplaydocid hlen</weblink>nation board unanim chose kpfa gener manag<physical_entity wordnetid="100001930" confidence="0.8"><communicator wordnetid="109610660" confidence="0.8"><person wordnetid="100007846" confidence="0.8"><causal_agent wordnetid="100007347" confidence="0.8"><writer wordnetid="110794014" confidence="0.8"><journalist wordnetid="110224578" confidence="0.8"><link ns0:type="simple" ns0:href="../216/18376216.xml">nicol sawaya</link></journalist></writer></causal_agent></person></communicator></physical_entity>execut director sawaya staff member fire nation board amidst pacifica intern crisi sawaya began tenur execut director midnovemb abruptli chang mind week pacifica historian matthew lasar level internecin dysfunct pacifica overwhelm fled job<weblink ns0:type="simple" ns0:href="http://www.lasarletter.net/drupal/node/529">httpwwwlasarletternetdrupalnod</weblink>pacifica nation board spent month negoti sawaya resum job march resign effect septemb<weblink ns0:type="simple" ns0:href="http://www.current.org/2008/09/sawaya-leaves-pacifica-publishes.html">httpwwwcurrentorgsawayaleavespacificapublisheshtml</weblink>cite dysfunct govern shoddi opaqu busi practic plung organ financi crisi</p><ss2><st>initi</st><p><list><entry level="1" type="bullet">fcc announc accept applic noncommerci radio licens time decad respons pacifica join forc advoc independ media radio peopl campaign help local group appli fullpow licens</entry><entry level="1" type="bullet">pacifica expand schedul nation special broadcast distribut audio documentari cover attorney gener<person wordnetid="100007846" confidence="0.9508927676800064"><official wordnetid="110372373" confidence="0.9508927676800064"><link ns0:type="simple" ns0:href="../780/1131780.xml">alberto gonzal</link></official></person>hear live send product team<link ns0:type="simple" ns0:href="../932/5631932.xml">unit social forum</link>nation confer media reform</entry><entry level="1" type="bullet">pacifica expand offer multipl media platform<work wordnetid="100575741" confidence="0.8"><event wordnetid="100029378" confidence="0.8"><service wordnetid="100577525" confidence="0.8"><act wordnetid="100030358" confidence="0.8"><psychological_feature wordnetid="100023100" confidence="0.8"><meme wordnetid="105985126" confidence="0.8"><activity wordnetid="100407535" confidence="0.8"><acculturation wordnetid="105984936" confidence="0.8"><link ns0:type="simple" ns0:href="../022/1555022.xml">web</link></acculturation></activity></meme></psychological_feature></act></service></event></work>technolog septemb interact websit kpfa<weblink ns0:type="simple" ns0:href="http://www.warcomeshome.org">warcomeshomeorg</weblink>began offer hardhit stori report<reporter wordnetid="110521662" confidence="0.8"><physical_entity wordnetid="100001930" confidence="0.8"><communicator wordnetid="109610660" confidence="0.8"><person wordnetid="100007846" confidence="0.8"><causal_agent wordnetid="100007347" confidence="0.8"><writer wordnetid="110794014" confidence="0.8"><journalist wordnetid="110224578" confidence="0.8"><link ns0:type="simple" ns0:href="../044/8737044.xml">aaron glantz</link></journalist></writer></causal_agent></person></communicator></physical_entity></reporter>human cost<conflict wordnetid="100958896" confidence="0.9508927676800064"><link ns0:type="simple" ns0:href="../324/5043324.xml">iraq war</link></conflict>well innov way contribut distribut impact conflict</entry><entry level="1" type="bullet">pacifica announc will suspend regular program three day order air live broadcast<conflict wordnetid="100958896" confidence="0.9508927676800064"><link ns0:type="simple" ns0:href="../324/5043324.xml">iraq war</link></conflict><transgression wordnetid="100745005" confidence="0.8"><event wordnetid="100029378" confidence="0.8"><crime wordnetid="100766234" confidence="0.8"><wrongdoing wordnetid="100732746" confidence="0.8"><act wordnetid="100030358" confidence="0.8"><psychological_feature wordnetid="100023100" confidence="0.8"><activity wordnetid="100407535" confidence="0.8"><war_crime wordnetid="100782518" confidence="0.8"><link ns0:type="simple" ns0:href="../609/2806609.xml">winter soldier event</link></war_crime></activity></psychological_feature></act></wrongdoing></crime></event></transgression><village wordnetid="108672738" confidence="0.9508927676800064"><link ns0:type="simple" ns0:href="../485/43485.xml">silver spring maryland</link></village><link ns0:type="simple" ns0:href="../199/20199.xml">march</link><link ns0:type="simple" ns0:href="../818/19818.xml">march</link><link ns0:type="simple" ns0:href="../825/35825.xml" />broadcast will coanchor journalist<reporter wordnetid="110521662" confidence="0.8"><physical_entity wordnetid="100001930" confidence="0.8"><communicator wordnetid="109610660" confidence="0.8"><person wordnetid="100007846" confidence="0.8"><causal_agent wordnetid="100007347" confidence="0.8"><writer wordnetid="110794014" confidence="0.8"><journalist wordnetid="110224578" confidence="0.8"><link ns0:type="simple" ns0:href="../044/8737044.xml">aaron glantz</link></journalist></writer></causal_agent></person></communicator></physical_entity></reporter><radio_station wordnetid="104044119" confidence="0.9508927676800064"><link ns0:type="simple" ns0:href="../454/418454.xml">kpfa</link></radio_station>morn host aime allison<ref ns0:type="simple" ns0:href="#xpointer(//reflist/entry[@id=%221%22])" /></entry></list></p></ss2></ss1></sec><sec><st>program</st><p>year consid flagship pacifica radio nation program<it><show wordnetid="100520257" confidence="0.9508927676800064"><link ns0:type="simple" ns0:href="../805/373805.xml">democraci</link></show></it>independ talk cover<link ns0:type="simple" ns0:href="../959/7959.xml">democraci</link><link ns0:type="simple" ns0:href="../831/13831.xml">human right</link><link ns0:type="simple" ns0:href="../369/16369.xml">justic</link>issu question motiv foreign domest polici host<person wordnetid="100007846" confidence="0.9508927676800064"><presenter wordnetid="110466387" confidence="0.9508927676800064"><link ns0:type="simple" ns0:href="../409/372409.xml">ami goodman</link></presenter></person><physical_entity wordnetid="100001930" confidence="0.8"><expert wordnetid="109617867" confidence="0.8"><analyst wordnetid="109790482" confidence="0.8"><communicator wordnetid="109610660" confidence="0.8"><columnist wordnetid="109939154" confidence="0.8"><person wordnetid="100007846" confidence="0.8"><causal_agent wordnetid="100007347" confidence="0.8"><writer wordnetid="110794014" confidence="0.8"><journalist wordnetid="110224578" confidence="0.8"><link ns0:type="simple" ns0:href="../419/1895419.xml">juan gonzlez</link></journalist></writer></causal_agent></person></columnist></communicator></analyst></expert></physical_entity>program compil news interview documentari<it>democraci</it>heard radio tv station includ<link ns0:type="simple" ns0:href="../710/428710.xml">publicaccess televis</link>station satellit televis channel<system wordnetid="108435388" confidence="0.8"><group wordnetid="100031264" confidence="0.8"><network wordnetid="108434259" confidence="0.8"><link ns0:type="simple" ns0:href="../571/2999571.xml">free speech tv</link></network></group></system><network wordnetid="108434259" confidence="0.9508927676800064"><link ns0:type="simple" ns0:href="../243/608243.xml">link tv</link></network></p><p>pacifica implement listenersponsoraccount structur pacifica<it>democraci</it>settl outstand disput previou year spun substanti fund pacifica independ product</p><p>pacifica network addit extens communitybas product station unit featur daili newscast<it><idea wordnetid="105833840" confidence="0.8"><plan wordnetid="105898568" confidence="0.8"><link ns0:type="simple" ns0:href="../921/2984921.xml">free speech radio news</link></plan></idea></it><it>fsrn</it>radio program found pacifica report censorship group<it>pacifica network news</it>report strike pacifica board polici late<it>fsrn</it>fund pacifica includ headlin news featur produc report base score countri</p><p>pacifica nation program<it><link>vault</link></it>pacifica radio archiv weekli program themat repackag archiv materi make relev contemporari listen<it><link>informativo pacifica</link></it>base<radio_station wordnetid="104044119" confidence="0.9508927676800064"><link ns0:type="simple" ns0:href="../690/1916690.xml">kpfk</link></radio_station>lo angel daili spanishlanguag newscast includ report latin american countri</p><p>media outlet pacifica devot coverag presidenti congression elect februari launch<it><link>elect unspun</link></it><weblink ns0:type="simple" ns0:href="http://electionunspun.org">httpelectionunspunorg</weblink>daili news modul elect headlin featur analysi</p><p>local pacifica station produc program network station affili includ<it><link>sprout</link></it>weekli showcas produc station network documentari format<it><link>explor scienc</link></it>dr<person wordnetid="100007846" confidence="0.9508927676800064"><scientist wordnetid="110560637" confidence="0.9508927676800064"><link ns0:type="simple" ns0:href="../746/348746.xml">michio kaku</link></scientist></person>weekli radio program scienc polit environ<physical_entity wordnetid="100001930" confidence="0.8"><communicator wordnetid="109610660" confidence="0.8"><person wordnetid="100007846" confidence="0.8"><causal_agent wordnetid="100007347" confidence="0.8"><writer wordnetid="110794014" confidence="0.8"><journalist wordnetid="110224578" confidence="0.8"><link ns0:type="simple" ns0:href="../423/196423.xml">denni bernstein</link></journalist></writer></causal_agent></person></communicator></physical_entity><it><idea wordnetid="105833840" confidence="0.8"><plan wordnetid="105898568" confidence="0.8"><link ns0:type="simple" ns0:href="../692/17205692.xml">flashpoint</link></plan></idea></it>daili drivetim public affair program regular program</p><p>pacifica produc wide varieti special broadcast includ live coverag major congression hear nation mobil war event<link ns0:type="simple" ns0:href="../932/5631932.xml">unit social forum</link>special program includ news documentari holiday commemor archiv audio pacifica radio archiv</p></sec><sec><st>station</st><p><table class="wikitable"><row bgcolor="#DDDDDD"><header colspan="1">pacifica radio network</header><header colspan="2" /></row><row bgcolor="#EEEEEE"><header>station</header><header>dial number</header><header>locat</header></row><row><col><image width="50px" src="KPFA_Logo.gif" /><radio_station wordnetid="104044119" confidence="0.9508927676800064"><link ns0:type="simple" ns0:href="../454/418454.xml">kpfa</link></radio_station></col><col>fm</col><col><village wordnetid="108672738" confidence="0.9508927676800064"><link ns0:type="simple" ns0:href="../860/4860.xml">berkeley california</link></village></col></row><row><col><radio_station wordnetid="104044119" confidence="0.9508927676800064"><link ns0:type="simple" ns0:href="../690/1916690.xml">kpfk</link></radio_station></col><col>fm</col><col><village wordnetid="108672738" confidence="0.9508927676800064"><link ns0:type="simple" ns0:href="../110/18110.xml">lo angel california</link></village></col></row><row><col><radio_station wordnetid="104044119" confidence="0.9508927676800064"><link ns0:type="simple" ns0:href="../670/3098670.xml">kpft</link></radio_station></col><col>fm</col><col><village wordnetid="108672738" confidence="0.9508927676800064"><link ns0:type="simple" ns0:href="../774/13774.xml">houston texa</link></village></col></row><row><col><image width="50px" src="WBAI_Logo.gif" /><radio_station wordnetid="104044119" confidence="0.9508927676800064"><link ns0:type="simple" ns0:href="../471/1046471.xml">wbai</link></radio_station></col><col>fm</col><col><village wordnetid="108672738" confidence="0.9508927676800064"><link ns0:type="simple" ns0:href="../042/645042.xml">york citi york</link></village></col></row><row><col><image width="50px" src="Wpfw_logo.gif" /><radio_station wordnetid="104044119" confidence="0.9508927676800064"><link ns0:type="simple" ns0:href="../686/4023686.xml">wpfw</link></radio_station></col><col>fm</col><col><link ns0:type="simple" ns0:href="../956/108956.xml">washington dc</link></col></row></table></p></sec><sec><st>board director</st><p><list><entry level="1" type="bullet"><radio_station wordnetid="104044119" confidence="0.9508927676800064"><link ns0:type="simple" ns0:href="../454/418454.xml">kpfa</link></radio_station><personality wordnetid="104617562" confidence="0.8"><link ns0:type="simple" ns0:href="../883/14186883.xml">bonni simmon</link></personality></entry><entry level="1" type="bullet"><radio_station wordnetid="104044119" confidence="0.9508927676800064"><link ns0:type="simple" ns0:href="../454/418454.xml">kpfa</link></radio_station>joe wanzala</entry><entry level="1" type="bullet"><radio_station wordnetid="104044119" confidence="0.9508927676800064"><link ns0:type="simple" ns0:href="../454/418454.xml">kpfa</link></radio_station>sarv randhawa</entry><entry level="1" type="bullet"><radio_station wordnetid="104044119" confidence="0.9508927676800064"><link ns0:type="simple" ns0:href="../454/418454.xml">kpfa</link></radio_station>sherri gendelman</entry><entry level="1" type="bullet"><radio_station wordnetid="104044119" confidence="0.9508927676800064"><link ns0:type="simple" ns0:href="../690/1916690.xml">kpfk</link></radio_station>jack vanaken</entry><entry level="1" type="bullet"><radio_station wordnetid="104044119" confidence="0.9508927676800064"><link ns0:type="simple" ns0:href="../690/1916690.xml">kpfk</link></radio_station>grace aaron</entry><entry level="1" type="bullet"><radio_station wordnetid="104044119" confidence="0.9508927676800064"><link ns0:type="simple" ns0:href="../690/1916690.xml">kpfk</link></radio_station>margaret prescod</entry><entry level="1" type="bullet"><radio_station wordnetid="104044119" confidence="0.9508927676800064"><link ns0:type="simple" ns0:href="../690/1916690.xml">kpfk</link></radio_station>yosh yamanaka</entry><entry level="1" type="bullet"><radio_station wordnetid="104044119" confidence="0.9508927676800064"><link ns0:type="simple" ns0:href="../670/3098670.xml">kpft</link></radio_station>dr evelyn serwa bethun</entry><entry level="1" type="bullet"><radio_station wordnetid="104044119" confidence="0.9508927676800064"><link ns0:type="simple" ns0:href="../670/3098670.xml">kpft</link></radio_station>mike martin</entry><entry level="1" type="bullet"><radio_station wordnetid="104044119" confidence="0.9508927676800064"><link ns0:type="simple" ns0:href="../670/3098670.xml">kpft</link></radio_station>wendi schroell</entry><entry level="1" type="bullet"><radio_station wordnetid="104044119" confidence="0.9508927676800064"><link ns0:type="simple" ns0:href="../670/3098670.xml">kpft</link></radio_station>georg reiter</entry><entry level="1" type="bullet"><radio_station wordnetid="104044119" confidence="0.9508927676800064"><link ns0:type="simple" ns0:href="../471/1046471.xml">wbai</link></radio_station>carolyn birden</entry><entry level="1" type="bullet"><radio_station wordnetid="104044119" confidence="0.9508927676800064"><link ns0:type="simple" ns0:href="../471/1046471.xml">wbai</link></radio_station>nia bediako</entry><entry level="1" type="bullet"><radio_station wordnetid="104044119" confidence="0.9508927676800064"><link ns0:type="simple" ns0:href="../471/1046471.xml">wbai</link></radio_station>kathi davi</entry><entry level="1" type="bullet"><radio_station wordnetid="104044119" confidence="0.9508927676800064"><link ns0:type="simple" ns0:href="../471/1046471.xml">wbai</link></radio_station>jame ross</entry><entry level="1" type="bullet"><radio_station wordnetid="104044119" confidence="0.9508927676800064"><link ns0:type="simple" ns0:href="../686/4023686.xml">wpfw</link></radio_station>aci byrd</entry><entry level="1" type="bullet"><radio_station wordnetid="104044119" confidence="0.9508927676800064"><link ns0:type="simple" ns0:href="../686/4023686.xml">wpfw</link></radio_station>ambros lane</entry><entry level="1" type="bullet"><radio_station wordnetid="104044119" confidence="0.9508927676800064"><link ns0:type="simple" ns0:href="../686/4023686.xml">wpfw</link></radio_station>rob robinson</entry><entry level="1" type="bullet"><radio_station wordnetid="104044119" confidence="0.9508927676800064"><link ns0:type="simple" ns0:href="../686/4023686.xml">wpfw</link></radio_station>thoma ruffin</entry><entry level="1" type="bullet"><radio_station wordnetid="104044119" confidence="0.9508927676800064"><link ns0:type="simple" ns0:href="../148/13665148.xml">wmxp</link></radio_station>efia nwangaza</entry><entry level="1" type="bullet"><radio_station wordnetid="104044119" confidence="0.9508927676800064"><link ns0:type="simple" ns0:href="../938/10074938.xml">wojb</link></radio_station>lori taguma</entry></list></p></sec><sec><st /><p><list><entry level="1" type="bullet"><link ns0:type="simple" ns0:href="../812/308812.xml">fcc pacifica foundat</link></entry><entry level="1" type="bullet"><link ns0:type="simple" ns0:href="../088/6037088.xml">list pacifica radio station affili</link></entry></list></p></sec><sec><st>read</st><p><list><entry level="1" type="bullet">lasar matthew<it>pacifica radio rise altern network</it><firm wordnetid="108059870" confidence="0.8"><enterprise wordnetid="108056231" confidence="0.8"><business wordnetid="108061042" confidence="0.8"><publisher wordnetid="108062623" confidence="0.8"><link ns0:type="simple" ns0:href="../821/9739821.xml">templ univers press</link></publisher></business></enterprise></firm>april isbn</entry><entry level="1" type="bullet">lasar matthew<it>uneasi listen pacifica radio civil war</it>black apollo octob isbn</entry><entry level="1" type="bullet"><skilled_worker wordnetid="110605985" confidence="0.8"><physical_entity wordnetid="100001930" confidence="0.8"><blogger wordnetid="109860415" confidence="0.8"><person wordnetid="100007846" confidence="0.8"><editor wordnetid="110044879" confidence="0.8"><worker wordnetid="109632518" confidence="0.8"><libertarian wordnetid="110257524" confidence="0.8"><causal_agent wordnetid="100007347" confidence="0.8"><advocate wordnetid="109774783" confidence="0.8"><link ns0:type="simple" ns0:href="../334/3944334.xml">walker jess</link></advocate></causal_agent></libertarian></worker></editor></person></blogger></physical_entity></skilled_worker><it>rebel air altern histori radio america</it><firm wordnetid="108059870" confidence="0.8"><enterprise wordnetid="108056231" confidence="0.8"><business wordnetid="108061042" confidence="0.8"><publisher wordnetid="108062623" confidence="0.8"><link ns0:type="simple" ns0:href="../242/9678242.xml">york univers press</link></publisher></business></enterprise></firm>june</entry></list></p></sec><sec><st>refer</st><p><reflist><entry id="1"><weblink ns0:type="simple" ns0:href="http://warcomeshome.org/wintersoldier2008">pacifica radio broadcast histor winter soldier gather</weblink></entry></reflist></p></sec><sec><st>extern link</st><p><list><entry level="1" type="bullet"><weblink ns0:type="simple" ns0:href="http://pacifica.org/">pacificaorg</weblink></entry><entry level="1" type="bullet"><weblink ns0:type="simple" ns0:href="http://pacificanetwork.org/">pacifica network station affili</weblink></entry><entry level="1" type="bullet"><weblink ns0:type="simple" ns0:href="http://www.pacificaradioarchives.org/">pacifica radio archiv</weblink></entry><entry level="1" type="bullet"><weblink ns0:type="simple" ns0:href="http://www.democracynow.org"><it>democraci</it></weblink></entry><entry level="1" type="bullet"><weblink ns0:type="simple" ns0:href="http://www.fsrn.org/"><it>free speech radio news</it></weblink></entry><entry level="1" type="bullet"><weblink ns0:type="simple" ns0:href="http://www.whitings-writings.com/lengthening_shadow.htm">lengthen shadow lewi hill origin listenersponsor radio america</weblink></entry><entry level="1" type="bullet"><weblink ns0:type="simple" ns0:href="http://www.radioforpeople.org">radio peopl</weblink></entry><entry level="1" type="bullet"><weblink ns0:type="simple" ns0:href="http://www.kpfahistory.info">kpfa histor footnot seventi hour program interview</weblink></entry></list></p><p><table style=";" class="navbox" cellspacing="0"><row><col style="padding:2px;"><table style="width:100%;background:transparent;color:inherit;;" class="nowraplinks collapsible autocollapse " cellspacing="0"><row><header colspan="2" style=";" class="navbox-title"><network wordnetid="108434259" confidence="0.9508927676800064"><link ns0:type="simple" ns0:href="../151/171151.xml">pacifica radio network</link></network></header></row><row style="height:2px;" /><row><col style=";;" class="navbox-group">station</col><col style="text-align:left;border-left:2px solid #fdfdfd;width:100%;padding:0px;;;" class="navbox-list navbox-odd"><radio_station wordnetid="104044119" confidence="0.9508927676800064"><link ns0:type="simple" ns0:href="../454/418454.xml">kpfa</link></radio_station>bull<radio_station wordnetid="104044119" confidence="0.9508927676800064"><link ns0:type="simple" ns0:href="../690/1916690.xml">kpfk</link></radio_station>bull<radio_station wordnetid="104044119" confidence="0.9508927676800064"><link ns0:type="simple" ns0:href="../471/1046471.xml">wbai</link></radio_station>bull<radio_station wordnetid="104044119" confidence="0.9508927676800064"><link ns0:type="simple" ns0:href="../670/3098670.xml">kpft</link></radio_station>bull<radio_station wordnetid="104044119" confidence="0.9508927676800064"><link ns0:type="simple" ns0:href="../686/4023686.xml">wpfw</link></radio_station>bull<link ns0:type="simple" ns0:href="../088/6037088.xml">pacifica radio affili</link></col></row><row style="height:2px" /><row><col style=";;" class="navbox-group">program</col><col style="text-align:left;border-left:2px solid #fdfdfd;width:100%;padding:0px;;;" class="navbox-list navbox-even"><it><idea wordnetid="105833840" confidence="0.8"><plan wordnetid="105898568" confidence="0.8"><link ns0:type="simple" ns0:href="../197/18377197.xml">grain</link></plan></idea></it>bull<it><show wordnetid="100520257" confidence="0.9508927676800064"><link ns0:type="simple" ns0:href="../805/373805.xml">democraci</link></show></it>bull<it><idea wordnetid="105833840" confidence="0.8"><plan wordnetid="105898568" confidence="0.8"><link ns0:type="simple" ns0:href="../692/17205692.xml">flashpoint</link></plan></idea></it>bull<it><idea wordnetid="105833840" confidence="0.8"><plan wordnetid="105898568" confidence="0.8"><link ns0:type="simple" ns0:href="../921/2984921.xml">free speech radio news</link></plan></idea></it>bull<it><link>hard knock radio</link></it>bull<it><idea wordnetid="105833840" confidence="0.8"><plan wordnetid="105898568" confidence="0.8"><link ns0:type="simple" ns0:href="../340/2345340.xml">hour</link></plan></idea></it>histor bull<it><idea wordnetid="105833840" confidence="0.8"><plan wordnetid="105898568" confidence="0.8"><link ns0:type="simple" ns0:href="../145/12131145.xml">someth happen</link></plan></idea></it>bull<it><link>upris</link></it>bull<it><idea wordnetid="105833840" confidence="0.8"><plan wordnetid="105898568" confidence="0.8"><diversion wordnetid="100426928" confidence="0.8"><event wordnetid="100029378" confidence="0.8"><show wordnetid="100520257" confidence="0.8"><act wordnetid="100030358" confidence="0.8"><psychological_feature wordnetid="100023100" confidence="0.8"><entertainment wordnetid="100429048" confidence="0.8"><activity wordnetid="100407535" confidence="0.8"><link ns0:type="simple" ns0:href="../121/8717121.xml">wakeup call</link></activity></entertainment></psychological_feature></act></show></event></diversion></plan></idea></it></col></row><row style="height:2px" /><row><col style=";;" class="navbox-group">person</col><col style="text-align:left;border-left:2px solid #fdfdfd;width:100%;padding:0px;;;" class="navbox-list navbox-odd"><b>current</b><personality wordnetid="104617562" confidence="0.8"><link ns0:type="simple" ns0:href="../001/15257001.xml">aime allison</link></personality>bull<physical_entity wordnetid="100001930" confidence="0.8"><communicator wordnetid="109610660" confidence="0.8"><person wordnetid="100007846" confidence="0.8"><causal_agent wordnetid="100007347" confidence="0.8"><writer wordnetid="110794014" confidence="0.8"><journalist wordnetid="110224578" confidence="0.8"><link ns0:type="simple" ns0:href="../423/196423.xml">denni bernstein</link></journalist></writer></causal_agent></person></communicator></physical_entity>bull<physical_entity wordnetid="100001930" confidence="0.8"><person wordnetid="100007846" confidence="0.8"><priest wordnetid="110470779" confidence="0.8"><disputant wordnetid="109615465" confidence="0.8"><communicator wordnetid="109610660" confidence="0.8"><politician wordnetid="110451263" confidence="0.8"><clergyman wordnetid="109927451" confidence="0.8"><reformer wordnetid="110515194" confidence="0.8"><militant wordnetid="110315837" confidence="0.8"><leader wordnetid="109623038" confidence="0.8"><spiritual_leader wordnetid="109505153" confidence="0.8"><causal_agent wordnetid="100007347" confidence="0.8"><writer wordnetid="110794014" confidence="0.8"><link ns0:type="simple" ns0:href="../420/1925420.xml">blase bonpan</link></writer></causal_agent></spiritual_leader></leader></militant></reformer></clergyman></politician></communicator></disputant></priest></person></physical_entity>bull<personality wordnetid="104617562" confidence="0.8"><link ns0:type="simple" ns0:href="../538/14894538.xml">don bustani</link></personality>bull<physical_entity wordnetid="100001930" confidence="0.8"><disputant wordnetid="109615465" confidence="0.8"><communicator wordnetid="109610660" confidence="0.8"><person wordnetid="100007846" confidence="0.8"><reformer wordnetid="110515194" confidence="0.8"><militant wordnetid="110315837" confidence="0.8"><causal_agent wordnetid="100007347" confidence="0.8"><writer wordnetid="110794014" confidence="0.8"><journalist wordnetid="110224578" confidence="0.8"><link ns0:type="simple" ns0:href="../649/3378649.xml">pratap chatterje</link></journalist></writer></causal_agent></militant></reformer></person></communicator></disputant></physical_entity>bull<link>davey</link>bull<link>brian edwardstiekert</link>bull<physical_entity wordnetid="100001930" confidence="0.8"><communicator wordnetid="109610660" confidence="0.8"><person wordnetid="100007846" confidence="0.8"><causal_agent wordnetid="100007347" confidence="0.8"><writer wordnetid="110794014" confidence="0.8"><journalist wordnetid="110224578" confidence="0.8"><link ns0:type="simple" ns0:href="../861/2609861.xml">deepa fernand</link></journalist></writer></causal_agent></person></communicator></physical_entity>bull<physical_entity wordnetid="100001930" confidence="0.8"><communicator wordnetid="109610660" confidence="0.8"><person wordnetid="100007846" confidence="0.8"><translator wordnetid="110725280" confidence="0.8"><poet wordnetid="110444194" confidence="0.8"><causal_agent wordnetid="100007347" confidence="0.8"><artist wordnetid="109812338" confidence="0.8"><writer wordnetid="110794014" confidence="0.8"><linguist wordnetid="110264219" confidence="0.8"><essayist wordnetid="110064405" confidence="0.8"><creator wordnetid="109614315" confidence="0.8"><link ns0:type="simple" ns0:href="../530/8966530.xml">jack foley</link></creator></essayist></linguist></writer></artist></causal_agent></poet></translator></person></communicator></physical_entity>bull<person wordnetid="100007846" confidence="0.9508927676800064"><presenter wordnetid="110466387" confidence="0.9508927676800064"><link ns0:type="simple" ns0:href="../409/372409.xml">ami goodman</link></presenter></person>bull<physical_entity wordnetid="100001930" confidence="0.8"><expert wordnetid="109617867" confidence="0.8"><analyst wordnetid="109790482" confidence="0.8"><communicator wordnetid="109610660" confidence="0.8"><columnist wordnetid="109939154" confidence="0.8"><person wordnetid="100007846" confidence="0.8"><causal_agent wordnetid="100007347" confidence="0.8"><writer wordnetid="110794014" confidence="0.8"><journalist wordnetid="110224578" confidence="0.8"><link ns0:type="simple" ns0:href="../419/1895419.xml">juan gonzlez</link></journalist></writer></causal_agent></person></columnist></communicator></analyst></expert></physical_entity>bull<physical_entity wordnetid="100001930" confidence="0.8"><communicator wordnetid="109610660" confidence="0.8"><person wordnetid="100007846" confidence="0.8"><causal_agent wordnetid="100007347" confidence="0.8"><writer wordnetid="110794014" confidence="0.8"><journalist wordnetid="110224578" confidence="0.8"><link ns0:type="simple" ns0:href="../220/1540220.xml">doug henwood</link></journalist></writer></causal_agent></person></communicator></physical_entity>bull<person wordnetid="100007846" confidence="0.9508927676800064"><scientist wordnetid="110560637" confidence="0.9508927676800064"><link ns0:type="simple" ns0:href="../746/348746.xml">michio kaku</link></scientist></person>bull<link>sonali kolhatkar</link>bull<link>sasha lilley</link>bull<physical_entity wordnetid="100001930" confidence="0.8"><communicator wordnetid="109610660" confidence="0.8"><person wordnetid="100007846" confidence="0.8"><causal_agent wordnetid="100007347" confidence="0.8"><writer wordnetid="110794014" confidence="0.8"><journalist wordnetid="110224578" confidence="0.8"><link ns0:type="simple" ns0:href="../216/18376216.xml">nicol sawaya</link></journalist></writer></causal_agent></person></communicator></physical_entity>bull<reporter wordnetid="110521662" confidence="0.8"><physical_entity wordnetid="100001930" confidence="0.8"><communicator wordnetid="109610660" confidence="0.8"><person wordnetid="100007846" confidence="0.8"><causal_agent wordnetid="100007347" confidence="0.8"><writer wordnetid="110794014" confidence="0.8"><journalist wordnetid="110224578" confidence="0.8"><link ns0:type="simple" ns0:href="../362/10028362.xml">jeremi scahil</link></journalist></writer></causal_agent></person></communicator></physical_entity></reporter>bull<link>cs soong</link>bull<personality wordnetid="104617562" confidence="0.8"><link ns0:type="simple" ns0:href="../109/4631109.xml">roy tuckman</link></personality><b>histor</b><physical_entity wordnetid="100001930" confidence="0.8"><composer wordnetid="109947232" confidence="0.8"><communicator wordnetid="109610660" confidence="0.8"><person wordnetid="100007846" confidence="0.8"><poet wordnetid="110444194" confidence="0.8"><musician wordnetid="110339966" confidence="0.8"><causal_agent wordnetid="100007347" confidence="0.8"><artist wordnetid="109812338" confidence="0.8"><writer wordnetid="110794014" confidence="0.8"><creator wordnetid="109614315" confidence="0.8"><link ns0:type="simple" ns0:href="../317/513317.xml">charl amirkhanian</link></creator></writer></artist></causal_agent></musician></poet></person></communicator></composer></physical_entity>bull<person wordnetid="100007846" confidence="0.9508927676800064"><link ns0:type="simple" ns0:href="../336/12885336.xml">larri benski</link></person>bull<physical_entity wordnetid="100001930" confidence="0.8"><person wordnetid="100007846" confidence="0.8"><intellectual wordnetid="109621545" confidence="0.8"><causal_agent wordnetid="100007347" confidence="0.8"><scientist wordnetid="110560637" confidence="0.8"><historian wordnetid="110177150" confidence="0.8"><scholar wordnetid="110557854" confidence="0.8"><link ns0:type="simple" ns0:href="../905/1251905.xml">mari franc berri</link></scholar></historian></scientist></causal_agent></intellectual></person></physical_entity>bull<governor wordnetid="110140314" confidence="0.9508927676800064"><link ns0:type="simple" ns0:href="../220/175220.xml">jerri brown</link></governor>bull<physical_entity wordnetid="100001930" confidence="0.8"><expert wordnetid="109617867" confidence="0.8"><analyst wordnetid="109790482" confidence="0.8"><communicator wordnetid="109610660" confidence="0.8"><person wordnetid="100007846" confidence="0.8"><signer wordnetid="110597234" confidence="0.8"><intellectual wordnetid="109621545" confidence="0.8"><alumnus wordnetid="109786338" confidence="0.8"><causal_agent wordnetid="100007347" confidence="0.8"><writer wordnetid="110794014" confidence="0.8"><scholar wordnetid="110557854" confidence="0.8"><journalist wordnetid="110224578" confidence="0.8"><link ns0:type="simple" ns0:href="../993/1875993.xml">marc cooper</link></journalist></scholar></writer></causal_agent></alumnus></intellectual></signer></person></communicator></analyst></expert></physical_entity>bull<physical_entity wordnetid="100001930" confidence="0.8"><person wordnetid="100007846" confidence="0.8"><pacifist wordnetid="110390199" confidence="0.8"><causal_agent wordnetid="100007347" confidence="0.8"><adult wordnetid="109605289" confidence="0.8"><personality wordnetid="104617562" confidence="0.8"><link ns0:type="simple" ns0:href="../056/2741056.xml">bob fass</link></personality></adult></causal_agent></pacifist></person></physical_entity>bull<link ns0:type="simple" ns0:href="../596/6884596.xml">dorothi healey</link>bull<physical_entity wordnetid="100001930" confidence="0.8"><person wordnetid="100007846" confidence="0.8"><pioneer wordnetid="110434725" confidence="0.8"><dissenter wordnetid="110018021" confidence="0.8"><intellectual wordnetid="109621545" confidence="0.8"><creator wordnetid="109614315" confidence="0.8"><executive wordnetid="110069645" confidence="0.8"><administrator wordnetid="109770949" confidence="0.8"><leader wordnetid="109623038" confidence="0.8"><alumnus wordnetid="109786338" confidence="0.8"><causal_agent wordnetid="100007347" confidence="0.8"><head wordnetid="110162991" confidence="0.8"><originator wordnetid="110383816" confidence="0.8"><scholar wordnetid="110557854" confidence="0.8"><link ns0:type="simple" ns0:href="../269/2322269.xml">lewi hill</link></scholar></originator></head></causal_agent></alumnus></leader></administrator></executive></creator></intellectual></dissenter></pioneer></person></physical_entity>bull<obstructionist wordnetid="110349243" confidence="0.8"><physical_entity wordnetid="100001930" confidence="0.8"><person wordnetid="100007846" confidence="0.8"><adult wordnetid="109605289" confidence="0.8"><professional wordnetid="110480253" confidence="0.8"><educator wordnetid="110045713" confidence="0.8"><creator wordnetid="109614315" confidence="0.8"><disputant wordnetid="109615465" confidence="0.8"><communicator wordnetid="109610660" confidence="0.8"><poet wordnetid="110444194" confidence="0.8"><producer wordnetid="110480018" confidence="0.8"><academician wordnetid="109759069" confidence="0.8"><causal_agent wordnetid="100007347" confidence="0.8"><film_maker wordnetid="110088390" confidence="0.8"><writer wordnetid="110794014" confidence="0.8"><journalist wordnetid="110224578" confidence="0.8"><link ns0:type="simple" ns0:href="../840/2212840.xml">saul landau</link></journalist></writer></film_maker></causal_agent></academician></producer></poet></communicator></disputant></creator></educator></professional></adult></person></physical_entity></obstructionist>bull<physical_entity wordnetid="100001930" confidence="0.8"><economist wordnetid="110043643" confidence="0.8"><communicator wordnetid="109610660" confidence="0.8"><person wordnetid="100007846" confidence="0.8"><social_scientist wordnetid="110619642" confidence="0.8"><causal_agent wordnetid="100007347" confidence="0.8"><scientist wordnetid="110560637" confidence="0.8"><writer wordnetid="110794014" confidence="0.8"><journalist wordnetid="110224578" confidence="0.8"><link ns0:type="simple" ns0:href="../569/1061569.xml">juliann malveaux</link></journalist></writer></scientist></causal_agent></social_scientist></person></communicator></economist></physical_entity>bull<obstructionist wordnetid="110349243" confidence="0.8"><physical_entity wordnetid="100001930" confidence="0.8"><disbeliever wordnetid="110015897" confidence="0.8"><person wordnetid="100007846" confidence="0.8"><communist wordnetid="109945319" confidence="0.8"><socialist wordnetid="110618848" confidence="0.8"><disputant wordnetid="109615465" confidence="0.8"><politician wordnetid="110450303" confidence="0.8"><communicator wordnetid="109610660" confidence="0.8"><reformer wordnetid="110515194" confidence="0.8"><militant wordnetid="110315837" confidence="0.8"><leader wordnetid="109623038" confidence="0.8"><causal_agent wordnetid="100007347" confidence="0.8"><writer wordnetid="110794014" confidence="0.8"><atheist wordnetid="109820044" confidence="0.8"><nonreligious_person wordnetid="109625789" confidence="0.8"><journalist wordnetid="110224578" confidence="0.8"><link ns0:type="simple" ns0:href="../405/5949405.xml">william mandel</link></journalist></nonreligious_person></atheist></writer></causal_agent></leader></militant></reformer></communicator></politician></disputant></socialist></communist></person></disbeliever></physical_entity></obstructionist>bull<comedian wordnetid="109940146" confidence="0.9508927676800064"><person wordnetid="100007846" confidence="0.9508927676800064"><link ns0:type="simple" ns0:href="../156/231156.xml">richard pryor</link></person></comedian>bull<peer wordnetid="109626238" confidence="0.8"><physical_entity wordnetid="100001930" confidence="0.8"><person wordnetid="100007846" confidence="0.8"><dissenter wordnetid="110018021" confidence="0.8"><colleague wordnetid="109935990" confidence="0.8"><adult wordnetid="109605289" confidence="0.8"><professional wordnetid="110480253" confidence="0.8"><educator wordnetid="110045713" confidence="0.8"><associate wordnetid="109816771" confidence="0.8"><communicator wordnetid="109610660" confidence="0.8"><poet wordnetid="110444194" confidence="0.8"><worker wordnetid="109632518" confidence="0.8"><academician wordnetid="109759069" confidence="0.8"><causal_agent wordnetid="100007347" confidence="0.8"><anarchist wordnetid="109791816" confidence="0.8"><writer wordnetid="110794014" confidence="0.8"><radical wordnetid="110503452" confidence="0.8"><link ns0:type="simple" ns0:href="../509/359509.xml">kenneth rexroth</link></radical></writer></anarchist></causal_agent></academician></worker></poet></communicator></associate></educator></professional></adult></colleague></dissenter></person></physical_entity></peer>bull<personality wordnetid="104617562" confidence="0.8"><link ns0:type="simple" ns0:href="../844/14186844.xml">susan stone</link></personality>bull<physical_entity wordnetid="100001930" confidence="0.8"><communicator wordnetid="109610660" confidence="0.8"><person wordnetid="100007846" confidence="0.8"><causal_agent wordnetid="100007347" confidence="0.8"><writer wordnetid="110794014" confidence="0.8"><journalist wordnetid="110224578" confidence="0.8"><link ns0:type="simple" ns0:href="../321/14187321.xml">elsa knight thompson</link></journalist></writer></causal_agent></person></communicator></physical_entity>bull<person wordnetid="100007846" confidence="0.9508927676800064"><link ns0:type="simple" ns0:href="../475/202475.xml">alan watt</link></person></col></row><row style="height:2px" /><row><col style=";;" class="navbox-group">articl</col><col style="text-align:left;border-left:2px solid #fdfdfd;width:100%;padding:0px;;;" class="navbox-list navbox-even"><link ns0:type="simple" ns0:href="../812/308812.xml">feder commun commiss pacifica foundat</link>bull<message wordnetid="106598915" confidence="0.8"><information wordnetid="106634376" confidence="0.8"><company wordnetid="108058098" confidence="0.8"><broadcasting_company wordnetid="108002015" confidence="0.8"><format wordnetid="106636806" confidence="0.8"><institution wordnetid="108053576" confidence="0.8"><link ns0:type="simple" ns0:href="../808/178808.xml#xpointer(//*[./st=%22United+States%22])">public broadcast</link></institution></format></broadcasting_company></company></information></message>bull<link ns0:type="simple" ns0:href="../519/899519.xml">american public media</link>bull<network wordnetid="108434259" confidence="0.9508927676800064"><link ns0:type="simple" ns0:href="../098/44098.xml">nation public radio</link></network>bull<network wordnetid="108434259" confidence="0.9508927676800064"><link ns0:type="simple" ns0:href="../808/309808.xml">public radio intern</link></network></col></row></table></col></row></table></p><p><table style=";" class="navbox" cellspacing="0"><row><col style="padding:2px;"><table style="width:100%;background:transparent;color:inherit;;" class="nowraplinks collapsible autocollapse " cellspacing="0"><row><header colspan="2" style=";" class="navbox-title"><system wordnetid="108435388" confidence="0.8"><group wordnetid="100031264" confidence="0.8"><transmission wordnetid="106251781" confidence="0.8"><channel wordnetid="106259898" confidence="0.8"><network wordnetid="108434259" confidence="0.8"><link ns0:type="simple" ns0:href="../367/2565367.xml">radio network</link></network></channel></transmission></group></system></header></row><row style="height:2px;" /><row><col colspan="2" style="width:100%;padding:0px;;;" class="navbox-list navbox-odd"><p><network wordnetid="108434259" confidence="0.9508927676800064"><link ns0:type="simple" ns0:href="../259/292259.xml">deutsch well</link></network><idea wordnetid="105833840" confidence="0.8"><plan wordnetid="105898568" confidence="0.8"><link ns0:type="simple" ns0:href="../972/3406972.xml">earth sky</link></plan></idea><network wordnetid="108434259" confidence="0.9508927676800064"><link ns0:type="simple" ns0:href="../816/6786816.xml">israel radio intern</link></network><network wordnetid="108434259" confidence="0.9508927676800064"><link ns0:type="simple" ns0:href="../850/7018850.xml">kb radio</link></network><network wordnetid="108434259" confidence="0.9508927676800064"><link ns0:type="simple" ns0:href="../098/44098.xml">nation public radio</link></network><network wordnetid="108434259" confidence="0.9508927676800064"><link ns0:type="simple" ns0:href="../151/171151.xml">pacifica radio</link></network><network wordnetid="108434259" confidence="0.9508927676800064"><link ns0:type="simple" ns0:href="../991/2418991.xml">radio australia</link></network><link>radio budapest</link><network wordnetid="108434259" confidence="0.9508927676800064"><link ns0:type="simple" ns0:href="../264/357264.xml">radio canada intern</link></network><company wordnetid="108058098" confidence="0.8"><broadcasting_company wordnetid="108002015" confidence="0.8"><institution wordnetid="108053576" confidence="0.8"><link ns0:type="simple" ns0:href="../201/3866201.xml">radio franc international</link></institution></broadcasting_company></company><artifact wordnetid="100021939" confidence="0.8"><radio_station wordnetid="104044119" confidence="0.8"><facility wordnetid="103315023" confidence="0.8"><station wordnetid="104306080" confidence="0.8"><broadcasting_station wordnetid="102903405" confidence="0.8"><link ns0:type="simple" ns0:href="../363/12939363.xml">radio guangdong</link></broadcasting_station></station></facility></radio_station></artifact><artifact wordnetid="100021939" confidence="0.8"><radio_station wordnetid="104044119" confidence="0.8"><facility wordnetid="103315023" confidence="0.8"><station wordnetid="104306080" confidence="0.8"><broadcasting_station wordnetid="102903405" confidence="0.8"><link ns0:type="simple" ns0:href="../949/450949.xml">radio netherland</link></broadcasting_station></station></facility></radio_station></artifact><network wordnetid="108434259" confidence="0.9508927676800064"><link ns0:type="simple" ns0:href="../091/6814091.xml">radio zealand intern</link></network><network wordnetid="108434259" confidence="0.9508927676800064"><link ns0:type="simple" ns0:href="../636/3104636.xml">radio polonia</link></network><network wordnetid="108434259" confidence="0.9508927676800064"><link ns0:type="simple" ns0:href="../250/6077250.xml">radio pragu</link></network><radio_station wordnetid="104044119" confidence="0.9508927676800064"><link ns0:type="simple" ns0:href="../586/6042586.xml">radio romania intern</link></radio_station><network wordnetid="108434259" confidence="0.9508927676800064"><link ns0:type="simple" ns0:href="../269/6785269.xml">radio slovakia intern</link></network><network wordnetid="108434259" confidence="0.9508927676800064"><link ns0:type="simple" ns0:href="../650/6800650.xml">radio sweden</link></network><link>rt</link><network wordnetid="108434259" confidence="0.9508927676800064"><link ns0:type="simple" ns0:href="../875/8650875.xml">unit nation radio</link></network><radio_station wordnetid="104044119" confidence="0.9508927676800064"><link ns0:type="simple" ns0:href="../742/1304742.xml">vatican radio</link></radio_station><network wordnetid="108434259" confidence="0.9508927676800064"><link ns0:type="simple" ns0:href="../965/530965.xml">voic russia</link></network></p></col></row></table></col></row></table></p></sec></bdy></network></medium></article>