<article xmlns:ns0="http://www.w3.org/1999/xlink"><artifact confidence="0.8" wordnetid="100021939"><instrumentality confidence="0.8" wordnetid="103575240"><tool confidence="0.8" wordnetid="104451818"><implement confidence="0.8" wordnetid="103563967"><header><title>gnu build system</title><id /><revision><id /><timestamp>tz</timestamp><contributor><username>pmsyyz</username><id /></contributor></revision><categories><category>compil tool</category><category>unix</category><category>gnu project</category><category>build autom</category><category>gnu project softwar</category></categories></header><bdy><image width="150px" src="Heckert_GNU_white.svg" type="thumb"><caption>gnu logo</caption></image><p>gnu build system autotool suit<link ns0:type="simple" ns0:href="../882/370882.xml">program tool</link>produc<link ns0:type="simple" ns0:href="../549/275549.xml">gnu project</link>tool design assist make<link ns0:type="simple" ns0:href="../661/27661.xml">sourc code</link><link ns0:type="simple" ns0:href="../130/16656130.xml">packag</link><link ns0:type="simple" ns0:href="../804/214804.xml">portabl</link><family wordnetid="108078020" confidence="0.8"><link ns0:type="simple" ns0:href="../815/31815.xml">unixlik</link></family>system gnu build system<link ns0:type="simple" ns0:href="../980/617980.xml">gnu toolchain</link><link ns0:type="simple" ns0:href="../635/10635.xml">free softwar</link><link ns0:type="simple" ns0:href="../758/18938758.xml">open sourc</link>packag tool compris gnu build system<link ns0:type="simple" ns0:href="../635/10635.xml">free softwar</link>licens<link ns0:type="simple" ns0:href="../683/18938683.xml">gpl</link>restrict make<link ns0:type="simple" ns0:href="../886/18934886.xml">nonfre</link>softwar portabl</p><sec><st>tool includ gnu build system</st><p>gnu build system compris<link ns0:type="simple" ns0:href="../875/11875.xml">gnu</link>util program<software wordnetid="106566077" confidence="0.9508927676800064"><link ns0:type="simple" ns0:href="../527/171527.xml">autoconf</link></software><software wordnetid="106566077" confidence="0.9508927676800064"><link ns0:type="simple" ns0:href="../811/214811.xml">automak</link></software><link ns0:type="simple" ns0:href="../800/172800.xml">libtool</link><ref ns0:type="simple" ns0:href="#xpointer(//reflist/entry[@id=%221%22])" />tool frequent gnu build system gnu<link ns0:type="simple" ns0:href="../194/176194.xml" />program gnu<link ns0:type="simple" ns0:href="../489/646489.xml">gettext</link><link ns0:type="simple" ns0:href="../313/2044313.xml">pkgconfig</link><physical_entity wordnetid="100001930" confidence="0.8"><communicator wordnetid="109610660" confidence="0.8"><person wordnetid="100007846" confidence="0.8"><compiler wordnetid="109946957" confidence="0.8"><causal_agent wordnetid="100007347" confidence="0.8"><writer wordnetid="110794014" confidence="0.8"><link ns0:type="simple" ns0:href="../323/12323.xml">gnu compil collect</link></writer></causal_agent></compiler></person></communicator></physical_entity>call gcc</p><ss1><st>gnu autoconf</st><p><software wordnetid="106566077" confidence="0.9508927676800064"><link ns0:type="simple" ns0:href="../527/171527.xml">autoconf</link></software>process file configurein configureac configureac newer recommend<ref ns0:type="simple" ns0:href="#xpointer(//reflist/entry[@id=%222%22])" />gener<link ns0:type="simple" ns0:href="../193/10051193.xml">configur</link>script</p><p>run gener configur script templat file customarili makefilein process creat final output case makefil</p><p>autoconf attempt work quirk<family wordnetid="108078020" confidence="0.8"><link ns0:type="simple" ns0:href="../815/31815.xml">unixlik</link></family>oper system exampl unixlik system facil broken miss entir autoconf creat shell script detect program work final output autoconf util<link ns0:type="simple" ns0:href="../193/10051193.xml">configur</link>script</p><p>autoconf auxiliari program design eas creation configureac autohead tool help manag<programming_language wordnetid="106898352" confidence="0.9508927676800064"><link ns0:type="simple" ns0:href="../021/6021.xml" /></programming_language><link ns0:type="simple" ns0:href="../847/77847.xml">header file</link><link>autoscan</link>creat initi input file autoconf ifnam list preprocessor identifi program</p></ss1><ss1><st>gnu automak</st><p><software wordnetid="106566077" confidence="0.9508927676800064"><link ns0:type="simple" ns0:href="../811/214811.xml">automak</link></software>help creat portabl makefil turn process<link ns0:type="simple" ns0:href="../194/176194.xml" />util take input makefileam turn makefilein configur script gener file makefil output</p></ss1><ss1><st>gnu libtool</st><p><link ns0:type="simple" ns0:href="../800/172800.xml">libtool</link>help manag creation<link ns0:type="simple" ns0:href="../227/2692227.xml">static</link><link>dynam</link><link ns0:type="simple" ns0:href="../421/106421.xml">librari</link><family wordnetid="108078020" confidence="0.8"><link ns0:type="simple" ns0:href="../815/31815.xml">unixlik</link></family>oper system libtool accomplish abstract librari creation process hide differ system<link ns0:type="simple" ns0:href="../875/11875.xml">gnu</link><O wordnetid="106832680" confidence="0.9508927676800064"><link ns0:type="simple" ns0:href="../297/6097297.xml">linux</link></O>system<link ns0:type="simple" ns0:href="../145/46145.xml">solari</link></p></ss1><ss1><st>gnulib</st><p><software wordnetid="106566077" confidence="0.9508927676800064"><link ns0:type="simple" ns0:href="../261/7210261.xml">gnulib</link></software>simplifi process make softwar autoconf automak portabl wide rang system</p></ss1></sec><sec><st>advantag gnu build system</st><p>gnu build system environ<link ns0:type="simple" ns0:href="../716/23716.xml">comput programm</link>allow write<link ns0:type="simple" ns0:href="../193/81193.xml">crossplatform</link>softwar run multipl<family wordnetid="108078020" confidence="0.8"><link ns0:type="simple" ns0:href="../815/31815.xml">unixlik</link></family><link ns0:type="simple" ns0:href="../194/22194.xml">oper system</link><link ns0:type="simple" ns0:href="../153/2788153.xml">build</link>process easier user allow user small set command build program<link ns0:type="simple" ns0:href="../661/27661.xml">sourc code</link>instal</p><p>util gnu build system requir develop workstat well user<software wordnetid="106566077" confidence="0.9508927676800064"><link ns0:type="simple" ns0:href="../527/171527.xml">autoconf</link></software><software wordnetid="106566077" confidence="0.9508927676800064"><link ns0:type="simple" ns0:href="../811/214811.xml">automak</link></software><link ns0:type="simple" ns0:href="../800/172800.xml">libtool</link>order build instal softwar develop gnu build system<it>selfcontain</it>requir standard<family wordnetid="108078020" confidence="0.8"><link ns0:type="simple" ns0:href="../815/31815.xml">unixlik</link></family>tool build accomplish<link ns0:type="simple" ns0:href="../938/28938.xml">shell script</link>help configur softwar person oper system</p><p>util gnu build system togethera softwar project<software wordnetid="106566077" confidence="0.9508927676800064"><link ns0:type="simple" ns0:href="../527/171527.xml">autoconf</link></software>exampl<software wordnetid="106566077" confidence="0.9508927676800064"><link ns0:type="simple" ns0:href="../811/214811.xml">automak</link></software>well gnu build system compon interact</p></sec><sec><st>limit gnu build system</st><p>gnu build system<standard wordnetid="107260623" confidence="0.8"><language wordnetid="106282651" confidence="0.8"><system_of_measurement wordnetid="113577171" confidence="0.8"><link ns0:type="simple" ns0:href="../839/92839.xml">bournecompat shell</link></system_of_measurement></language></standard>script assist user configur build process oper system<link ns0:type="simple" ns0:href="../890/18890.xml">microsoft window</link>famili system bourn shell script build softwar window oper system bit harder<family wordnetid="108078020" confidence="0.8"><link ns0:type="simple" ns0:href="../815/31815.xml">unixlik</link></family>system bourn shell standard compon instal<physical_entity wordnetid="100001930" confidence="0.8"><communicator wordnetid="109610660" confidence="0.8"><person wordnetid="100007846" confidence="0.8"><copycat wordnetid="109964411" confidence="0.8"><compiler wordnetid="109946957" confidence="0.8"><causal_agent wordnetid="100007347" confidence="0.8"><writer wordnetid="110794014" confidence="0.8"><link ns0:type="simple" ns0:href="../840/6840.xml">cygwin</link></writer></causal_agent></compiler></copycat></person></communicator></physical_entity><link ns0:type="simple" ns0:href="../110/362110.xml">msi</link>system top window provid<family wordnetid="108078020" confidence="0.8"><link ns0:type="simple" ns0:href="../815/31815.xml">unixlik</link></family><link ns0:type="simple" ns0:href="../289/540289.xml">compat layer</link>allow<link ns0:type="simple" ns0:href="../193/10051193.xml">configur</link>script<physical_entity wordnetid="100001930" confidence="0.8"><communicator wordnetid="109610660" confidence="0.8"><person wordnetid="100007846" confidence="0.8"><copycat wordnetid="109964411" confidence="0.8"><compiler wordnetid="109946957" confidence="0.8"><causal_agent wordnetid="100007347" confidence="0.8"><writer wordnetid="110794014" confidence="0.8"><link ns0:type="simple" ns0:href="../840/6840.xml">cygwin</link></writer></causal_agent></compiler></copycat></person></communicator></physical_entity><physical_entity wordnetid="100001930" confidence="0.8"><communicator wordnetid="109610660" confidence="0.8"><person wordnetid="100007846" confidence="0.8"><compiler wordnetid="109946957" confidence="0.8"><causal_agent wordnetid="100007347" confidence="0.8"><writer wordnetid="110794014" confidence="0.8"><link ns0:type="simple" ns0:href="../323/12323.xml">gnu compil collect</link></writer></causal_agent></compiler></person></communicator></physical_entity><link>gnu</link>softwar complet unixlik system window msi gnu tool design work<software wordnetid="106566077" confidence="0.9508927676800064"><link ns0:type="simple" ns0:href="../110/362110.xml">mingw</link></software>version gcc increasingli crosscompil softwar window host gnulinux unixlik build system mingw</p><p>project gnu build system provid<link ns0:type="simple" ns0:href="../193/10051193.xml">configur</link>script<link ns0:type="simple" ns0:href="../180/165180.xml">softwar configur manag</link>system<software wordnetid="106566077" confidence="0.9508927676800064"><link ns0:type="simple" ns0:href="../656/37656.xml">cv</link></software><software wordnetid="106566077" confidence="0.9508927676800064"><link ns0:type="simple" ns0:href="../868/144868.xml">subvers</link></software>project gnu build system gener configur file user user gener execut seri command shell prompt</p><p>acloc autoconf autohead automak</p><p>command depend project gnu build system command common convent provid script name autogensh run need prebuild tool case</p><p>autoreconf</p><p>automat invok command need</p><p>gnu build system build nativ program build machin<link ns0:type="simple" ns0:href="../615/291615.xml">crosscompil</link>architectur<weblink ns0:type="simple" ns0:href="http://sources.redhat.com/autobook/autobook/autobook_258.html">httpsourcesredhatcomautobookautobookautobook_html</weblink></p><p>limit autoconfgener configur parallel fairli slow execut program compil time order test librari header file languag featur run configur script slower rest build process combin parallel</p></sec><sec><st /><p><table style="background:#f9f9f9; font-size:85%; line-height:110%; "><row><col><image width="32x28px" src="Free_Software_Portal_Logo.svg" /></col><col style="padding:0 0.2em;"><it>free softwar portal</it></col></row></table></p><p><list><entry level="1" type="bullet"><link ns0:type="simple" ns0:href="../833/4870833.xml">gnit standard</link></entry><entry level="1" type="bullet"><link ns0:type="simple" ns0:href="../152/7072152.xml">build autom</link></entry><entry level="1" type="bullet"><link ns0:type="simple" ns0:href="../203/1462203.xml">gnu code standard</link></entry></list></p></sec><sec><st>refer</st><p><reflist><entry id="1">httpautotoolsetsourceforgenettutorialhtmlsec</entry><entry id="2"><weblink ns0:type="simple" ns0:href="http://www.gnu.org/software/autoconf/manual/html_node/Writing-Autoconf-Input.html''Autoconf'',">write configureac</weblink></entry></reflist></p></sec><sec><st>read</st><p><list><entry level="1" type="bullet"><cite style="font-style:normal" class="book">gari vaughan ben elliston tom tromey ian lanc taylor octob<weblink ns0:type="simple" ns0:href="http://www.sourceware.org/autobook">gnu autoconf automak libtool</weblink>st edit rider isbn</cite></entry></list></p></sec><sec><st>extern link</st><p><list><entry level="1" type="bullet"><weblink ns0:type="simple" ns0:href="http://airs.com/ian/configure/">gnu configur build system</weblink></entry><entry level="1" type="bullet"><weblink ns0:type="simple" ns0:href="http://www.freedesktop.org/software/pkgconfig/">pkgconfig</weblink>packag</entry><entry level="1" type="bullet"><weblink ns0:type="simple" ns0:href="http://sources.redhat.com/automake/automake.html">automak manual</weblink></entry><entry level="1" type="bullet"><weblink ns0:type="simple" ns0:href="http://www.gnu.org/software/automake/">gnu automak document</weblink></entry><entry level="1" type="bullet"><weblink ns0:type="simple" ns0:href="http://www.gnu.org/software/autoconf/">gnu autoconf document</weblink></entry><entry level="1" type="bullet"><weblink ns0:type="simple" ns0:href="http://www.lrde.epita.fr/~adl/autotools.html">autotool tutori</weblink></entry></list></p><p><table style=";" class="navbox" cellspacing="0"><row><col style="padding:2px;"><table style="width:100%;background:transparent;color:inherit;;" class="nowraplinks collapsible autocollapse " cellspacing="0"><row><header colspan="3" style=";" class="navbox-title"><artifact wordnetid="100021939" confidence="0.8"><instrumentality wordnetid="103575240" confidence="0.8"><medium wordnetid="106254669" confidence="0.8"><link ns0:type="simple" ns0:href="../549/275549.xml">gnu project</link></medium></instrumentality></artifact></header></row><row style="height:2px;" /><row><col style=";;" class="navbox-group">histori</col><col style="text-align:left;border-left:2px solid #fdfdfd;width:100%;padding:0px;padding:0.25em 0; line-height:1.4em;;;" class="navbox-list navbox-odd"><product wordnetid="104007894" confidence="0.8"><creation wordnetid="103129123" confidence="0.8"><artifact wordnetid="100021939" confidence="0.8"><instrumentality wordnetid="103575240" confidence="0.8"><oeuvre wordnetid="103841417" confidence="0.8"><end_product wordnetid="103287178" confidence="0.8"><medium wordnetid="106254669" confidence="0.8"><link ns0:type="simple" ns0:href="../592/12592.xml">gnu manifesto</link></medium></end_product></oeuvre></instrumentality></artifact></creation></product><group wordnetid="100031264" confidence="0.8"><link ns0:type="simple" ns0:href="../437/18949437.xml">free softwar foundat</link></group><link ns0:type="simple" ns0:href="../064/9374064.xml">histori free softwar</link></col><col style="width:0%;padding:0px 0px 0px 2px;" rowspan="9"><image width="64px" src="Heckert_GNU_white.svg"><caption>gnu gnu</caption></image></col></row><row style="height:2px" /><row><col style=";;" class="navbox-group">licenc</col><col style="text-align:left;border-left:2px solid #fdfdfd;width:100%;padding:0px;padding:0.25em 0; line-height:1.4em;;;" class="navbox-list navbox-even"><link ns0:type="simple" ns0:href="../683/18938683.xml">gnu gener public licens</link><link ns0:type="simple" ns0:href="../073/13073.xml">gnu lesser gener public licens</link><link ns0:type="simple" ns0:href="../801/6842801.xml">affero gener public licens</link><link ns0:type="simple" ns0:href="../782/18938782.xml">gnu free document licens</link><link ns0:type="simple" ns0:href="../406/390406.xml">gpl link except</link></col></row><row style="height:2px" /><row><col style=";;" class="navbox-group">softwar</col><col style="text-align:left;border-left:2px solid #fdfdfd;width:100%;padding:0px;padding:0.25em 0; line-height:1.4em;;;" class="navbox-list navbox-odd"><link ns0:type="simple" ns0:href="../875/11875.xml">gnu</link><link ns0:type="simple" ns0:href="../973/8820973.xml">variant</link><software wordnetid="106566077" confidence="0.9508927676800064"><link ns0:type="simple" ns0:href="../236/13236.xml">hurd</link></software><link ns0:type="simple" ns0:href="../362/12362.xml">gnome</link><software wordnetid="106566077" confidence="0.9508927676800064"><link ns0:type="simple" ns0:href="../018/7404018.xml">gnuzilla</link></software><software wordnetid="106566077" confidence="0.8"><application wordnetid="106570110" confidence="0.8"><program wordnetid="106568978" confidence="0.8"><browser wordnetid="106571301" confidence="0.8"><written_communication wordnetid="106349220" confidence="0.8"><writing wordnetid="106359877" confidence="0.8"><code wordnetid="106355894" confidence="0.8"><coding_system wordnetid="106353757" confidence="0.8"><link ns0:type="simple" ns0:href="../024/9937024.xml">icecat</link></coding_system></code></writing></written_communication></browser></program></application></software><physical_entity wordnetid="100001930" confidence="0.8"><person wordnetid="100007846" confidence="0.8"><player wordnetid="110439851" confidence="0.8"><contestant wordnetid="109613191" confidence="0.8"><causal_agent wordnetid="100007347" confidence="0.8"><link ns0:type="simple" ns0:href="../806/2844806.xml">gnash</link></causal_agent></contestant></player></person></physical_entity><link ns0:type="simple" ns0:href="../547/4547.xml">bash</link><physical_entity wordnetid="100001930" confidence="0.8"><communicator wordnetid="109610660" confidence="0.8"><person wordnetid="100007846" confidence="0.8"><compiler wordnetid="109946957" confidence="0.8"><causal_agent wordnetid="100007347" confidence="0.8"><writer wordnetid="110794014" confidence="0.8"><link ns0:type="simple" ns0:href="../323/12323.xml">gcc</link></writer></causal_agent></compiler></person></communicator></physical_entity><link ns0:type="simple" ns0:href="../234/18933234.xml">gnu emac</link><structure wordnetid="104341686" confidence="0.8"><artifact wordnetid="100021939" confidence="0.8"><area wordnetid="102735688" confidence="0.8"><library wordnetid="103660909" confidence="0.8"><room wordnetid="104105893" confidence="0.8"><link ns0:type="simple" ns0:href="../364/324364.xml">glibc</link></room></library></area></artifact></structure><link ns0:type="simple" ns0:href="../194/940194.xml">coreutil</link><artifact wordnetid="100021939" confidence="0.8"><instrumentality wordnetid="103575240" confidence="0.8"><tool wordnetid="104451818" confidence="0.8"><implement wordnetid="103563967" confidence="0.8"><link ns0:type="simple" ns0:href="../984/171984.xml">build system</link></implement></tool></instrumentality></artifact><link ns0:type="simple" ns0:href="../936/774936.xml">gnu packag program</link></col></row><row style="height:2px" /><row><col style=";;" class="navbox-group">public speaker</col><col style="text-align:left;border-left:2px solid #fdfdfd;width:100%;padding:0px;padding:0.25em 0; line-height:1.4em;;;" class="navbox-list navbox-even"><link ns0:type="simple" ns0:href="../966/801966.xml">robert chassel</link><link>loc dachari</link><physical_entity wordnetid="100001930" confidence="0.8"><person wordnetid="100007846" confidence="0.8"><computer_user wordnetid="109951274" confidence="0.8"><programmer wordnetid="110481268" confidence="0.8"><engineer wordnetid="109615807" confidence="0.8"><causal_agent wordnetid="100007347" confidence="0.8"><scientist wordnetid="110560637" confidence="0.8"><research_worker wordnetid="110523076" confidence="0.8"><link ns0:type="simple" ns0:href="../686/10561686.xml">ricardo galli</link></research_worker></scientist></causal_agent></engineer></programmer></computer_user></person></physical_entity><physical_entity wordnetid="100001930" confidence="0.8"><disputant wordnetid="109615465" confidence="0.8"><person wordnetid="100007846" confidence="0.8"><reformer wordnetid="110515194" confidence="0.8"><computer_user wordnetid="109951274" confidence="0.8"><militant wordnetid="110315837" confidence="0.8"><programmer wordnetid="110481268" confidence="0.8"><engineer wordnetid="109615807" confidence="0.8"><causal_agent wordnetid="100007347" confidence="0.8"><link ns0:type="simple" ns0:href="../429/1303429.xml">georg greve</link></causal_agent></engineer></programmer></militant></computer_user></reformer></person></disputant></physical_entity><physical_entity wordnetid="100001930" confidence="0.8"><person wordnetid="100007846" confidence="0.8"><computer_user wordnetid="109951274" confidence="0.8"><programmer wordnetid="110481268" confidence="0.8"><engineer wordnetid="109615807" confidence="0.8"><causal_agent wordnetid="100007347" confidence="0.8"><link ns0:type="simple" ns0:href="../098/3864098.xml">federico heinz</link></causal_agent></engineer></programmer></computer_user></person></physical_entity><person wordnetid="100007846" confidence="0.9508927676800064"><research_worker wordnetid="110523076" confidence="0.9173553029164789"><link ns0:type="simple" ns0:href="../645/3306645.xml">benjamin mako hill</link></research_worker></person><person wordnetid="100007846" confidence="0.9508927676800064"><link ns0:type="simple" ns0:href="../799/1609799.xml">bradley kuhn</link></person><celebrity wordnetid="109903153" confidence="0.9508927676800064"><link ns0:type="simple" ns0:href="../972/383972.xml">eben moglen</link></celebrity><president wordnetid="110468559" confidence="0.9173553029164789"><person wordnetid="100007846" confidence="0.9508927676800064"><link ns0:type="simple" ns0:href="../143/3434143.xml">richard stallman</link></person></president><person wordnetid="100007846" confidence="0.9508927676800064"><link ns0:type="simple" ns0:href="../380/12284380.xml">john sullivan</link></person><scientist wordnetid="110560637" confidence="0.9508927676800064"><link ns0:type="simple" ns0:href="../587/7122587.xml">leonard tower jr</link></scientist></col></row><row style="height:2px" /><row><col style=";;" class="navbox-group">topic</col><col style="text-align:left;border-left:2px solid #fdfdfd;width:100%;padding:0px;padding:0.25em 0; line-height:1.4em;;;" class="navbox-list navbox-odd"><controversy wordnetid="107183151" confidence="0.8"><event wordnetid="100029378" confidence="0.8"><dispute wordnetid="107181935" confidence="0.8"><disagreement wordnetid="107180787" confidence="0.8"><act wordnetid="100030358" confidence="0.8"><psychological_feature wordnetid="100023100" confidence="0.8"><speech_act wordnetid="107160883" confidence="0.8"><link ns0:type="simple" ns0:href="../787/501787.xml">gnulinux name controversi</link></speech_act></psychological_feature></act></disagreement></dispute></event></controversy><product wordnetid="104007894" confidence="0.8"><creation wordnetid="103129123" confidence="0.8"><artifact wordnetid="100021939" confidence="0.8"><event wordnetid="100029378" confidence="0.8"><social_event wordnetid="107288639" confidence="0.8"><movie wordnetid="106613686" confidence="0.8"><show wordnetid="106619065" confidence="0.8"><documentary wordnetid="106616806" confidence="0.8"><psychological_feature wordnetid="100023100" confidence="0.8"><link ns0:type="simple" ns0:href="../501/186501.xml">revolut os</link></psychological_feature></documentary></show></movie></social_event></event></artifact></creation></product></col></row></table></col></row></table></p></sec></bdy></implement></tool></instrumentality></artifact></article>