<article xmlns:ns0="http://www.w3.org/1999/xlink"><header><title>overfit</title><id /><revision><id /><timestamp>tz</timestamp><contributor><username>doloco</username><id /></contributor></revision><categories><category>data mine</category><category>regress analysi</category><category>statist infer</category></categories></header><bdy><indent level="1"><it>machin learn concept<link ns0:type="simple" ns0:href="../116/19674116.xml">overfit machin learn</link></it></indent><image width="300px" src="Overfit.png" type="thumb"><caption>noisi roughli linear data fit linear<link ns0:type="simple" ns0:href="../000/23000.xml">polynomi</link>function polynomi function pass data point pass better fit larg excurs end regress curv extrapol data overfit wors</caption></image><p><link ns0:type="simple" ns0:href="../685/26685.xml">statist</link><b>overfit</b>fit<link ns0:type="simple" ns0:href="../576/27576.xml">statist model</link><link ns0:type="simple" ns0:href="../065/25065.xml">paramet</link>absurd fals model fit perfectli model complex comparison amount data overfit gener recogn violat<link ns0:type="simple" ns0:href="../797/36797.xml">occam razor</link><link ns0:type="simple" ns0:href="../606/2321606.xml">degre freedom</link>paramet select exceed content data lead arbitrari final fit model paramet reduc destroy abil model gener fit data likelihood overfit depend number paramet data conform model structur data shape magnitud model error compar expect level nois error data</p><p>statist machin learn order avoid overfit addit techniqu<link ns0:type="simple" ns0:href="../612/416612.xml">crossvalid</link><link ns0:type="simple" ns0:href="../061/2009061.xml">regular</link><link ns0:type="simple" ns0:href="../214/213214.xml">earli stop</link><link ns0:type="simple" ns0:href="../877/472877.xml">bayesian prior</link>paramet<link ns0:type="simple" ns0:href="../329/331329.xml">model comparison</link>indic train better gener</p><sec><st /><p><list><entry level="1" type="bullet"><inclination wordnetid="106196584" confidence="0.8"><bias wordnetid="106201908" confidence="0.8"><partiality wordnetid="106201136" confidence="0.8"><link ns0:type="simple" ns0:href="../951/1311951.xml">data dredg</link></partiality></bias></inclination></entry></list></p></sec><sec><st>extern link</st><p><list><entry level="1" type="bullet">httpwwwcssunysbeduskienajaialaiexcerptsnodehtml</entry></list></p></sec></bdy></article>