<article xmlns:ns0="http://www.w3.org/1999/xlink"><header><title>lm</title><id /><revision><id /><timestamp>tz</timestamp><contributor><username>londo</username><id /></contributor></revision><categories><category>disambigu</category><category>disambigu</category></categories></header><bdy><b>lm</b><link ns0:type="simple" ns0:href="../571/1052571.xml">initi</link>mean<p><list><entry level="1" type="bullet"><physical_entity wordnetid="100001930" confidence="0.8"><person wordnetid="100007846" confidence="0.8"><player wordnetid="110439851" confidence="0.8"><contestant wordnetid="109613191" confidence="0.8"><causal_agent wordnetid="100007347" confidence="0.8"><link ns0:type="simple" ns0:href="../814/8354814.xml">louie mccarthyscarsbrook</link></causal_agent></contestant></player></person></physical_entity>rugbi leagu footbal harlequin rugbi leagu</entry><entry level="1" type="bullet"><link ns0:type="simple" ns0:href="../448/187448.xml">london midland scottish railway</link></entry><entry level="1" type="bullet"><station wordnetid="104306080" confidence="0.9508927676800064"><link ns0:type="simple" ns0:href="../181/1300181.xml">leamington spa railway station</link></station><country wordnetid="108544813" confidence="0.9508927676800064"><link ns0:type="simple" ns0:href="../316/9316.xml">england</link></country><company wordnetid="108058098" confidence="0.8"><institution wordnetid="108053576" confidence="0.8"><link ns0:type="simple" ns0:href="../923/21923.xml">nation rail</link></institution></company>station code lm</entry><entry level="1" type="bullet"><link ns0:type="simple" ns0:href="../311/2017311.xml">squar filter</link>adapt filter algorithm digit signal process</entry><entry level="1" type="bullet"><link ns0:type="simple" ns0:href="../908/1729908.xml">learn manag system</link>lm</entry><entry level="1" type="bullet"><link ns0:type="simple" ns0:href="../712/895712.xml">le man seri</link>european sport car race seri</entry><entry level="1" type="bullet"><link ns0:type="simple" ns0:href="../035/2218035.xml">lm color space</link></entry><entry level="1" type="bullet"><link ns0:type="simple" ns0:href="../468/3550468.xml">local mitig strategi</link></entry><entry level="1" type="bullet"><body wordnetid="107965085" confidence="0.8"><social_group wordnetid="107950920" confidence="0.8"><society wordnetid="107966140" confidence="0.8"><group wordnetid="100031264" confidence="0.8"><administration wordnetid="108164585" confidence="0.8"><link ns0:type="simple" ns0:href="../097/591097.xml">london mathemat societi</link></administration></group></society></social_group></body></entry><entry level="1" type="bullet"><body wordnetid="107965085" confidence="0.8"><social_group wordnetid="107950920" confidence="0.8"><society wordnetid="107966140" confidence="0.8"><mission wordnetid="108403225" confidence="0.8"><group wordnetid="100031264" confidence="0.8"><nongovernmental_organization wordnetid="108009834" confidence="0.8"><administration wordnetid="108164585" confidence="0.8"><link ns0:type="simple" ns0:href="../386/2466386.xml">london missionari societi</link></administration></nongovernmental_organization></group></mission></society></social_group></body></entry><entry level="1" type="bullet"><link ns0:type="simple" ns0:href="../553/15625553.xml">locat messag servic</link></entry></list></p><p><table style="background:none"><row><col style="vertical-align:middle;"><image width="30px" src="Disambig_gray.svg" /></col><col style="vertical-align:middle;"><it>list articl associ titl<weblink ns0:type="simple" ns0:href="http://localhost:18088/wiki/index.php?title=Special:Whatlinkshere/LMS namespace=0">intern link</weblink>led chang link point directli intend articl</it></col></row></table></p></bdy></article>