<article xmlns:ns0="http://www.w3.org/1999/xlink"><header><title>pim</title><id /><revision><id /><timestamp>tz</timestamp><contributor><username>youreyesonli</username><id /></contributor></revision><categories><category>disambigu</category><category>disambigu</category></categories></header><bdy>pim acronym<list><entry level="1" type="bullet">comput</entry><entry level="2" type="bullet"><physical_entity wordnetid="100001930" confidence="0.8"><person wordnetid="100007846" confidence="0.8"><leader wordnetid="109623038" confidence="0.8"><administrator wordnetid="109770949" confidence="0.8"><causal_agent wordnetid="100007347" confidence="0.8"><head wordnetid="110162991" confidence="0.8"><director wordnetid="110014939" confidence="0.8"><link ns0:type="simple" ns0:href="../329/283329.xml">person manag</link></director></head></causal_agent></administrator></leader></person></physical_entity></entry><entry level="2" type="bullet"><link ns0:type="simple" ns0:href="../329/283329.xml">person manag</link></entry><entry level="2" type="bullet">parallel infer machin<link ns0:type="simple" ns0:href="../832/347832.xml">gener comput system project</link></entry><entry level="2" type="bullet"><message wordnetid="106598915" confidence="0.8"><protocol wordnetid="106665108" confidence="0.8"><direction wordnetid="106786629" confidence="0.8"><rule wordnetid="106652242" confidence="0.8"><link ns0:type="simple" ns0:href="../058/970058.xml">protocol independ multicast</link></rule></direction></protocol></message></entry><entry level="2" type="bullet"><link ns0:type="simple" ns0:href="../603/1845603.xml">processorinmemori</link>cpu memori integr circuit</entry><entry level="1" type="bullet">scienc</entry><entry level="2" type="bullet"><link ns0:type="simple" ns0:href="../995/590995.xml#xpointer(//*[./st=%22Passive+intermodulation%22])">passiv intermodul</link>radiointerfer gener process place passiv nonlinear circuit</entry><entry level="2" type="bullet"><link ns0:type="simple" ns0:href="../023/7738023.xml">phosphatidylmyoinositol mannosid</link>appear glycolipid compon cell wall mycobacterium tuberculosi</entry><entry level="2" type="bullet"><link>infecti materi</link></entry><entry level="2" type="bullet"><link>power inject method</link>structur vibrat nois vibrat harsh</entry><entry level="2" type="bullet"><link>powder inject mould</link>intern compani inject mould metal cermic carbid</entry><entry level="1" type="bullet"><idea wordnetid="105833840" confidence="0.8"><concept wordnetid="105835747" confidence="0.8"><rule wordnetid="105846054" confidence="0.8"><link ns0:type="simple" ns0:href="../846/567846.xml">penalti minut</link></rule></concept></idea>hockey</entry><entry level="1" type="bullet"><link>pilot manual</link></entry><entry level="1" type="bullet"><link ns0:type="simple" ns0:href="../151/401151.xml">platformindepend model</link>object manag group acronym</entry><entry level="1" type="bullet"><link>power integr modul</link></entry><entry level="1" type="bullet"><mission wordnetid="108403225" confidence="0.8"><nongovernmental_organization wordnetid="108009834" confidence="0.8"><link ns0:type="simple" ns0:href="../723/4232723.xml">presbyterian inland mission</link></nongovernmental_organization></mission></entry><entry level="1" type="bullet"><link ns0:type="simple" ns0:href="../773/3851773.xml">product manag</link></entry><entry level="1" type="bullet"><link>project model</link></entry><entry level="1" type="bullet"><link>probabl impact matrix</link>project manag risk analysi</entry><entry level="1" type="bullet"><work wordnetid="104599396" confidence="0.8"><product wordnetid="104007894" confidence="0.8"><magazine wordnetid="106595351" confidence="0.8"><print_media wordnetid="106263609" confidence="0.8"><creation wordnetid="103129123" confidence="0.8"><press wordnetid="106263369" confidence="0.8"><artifact wordnetid="100021939" confidence="0.8"><instrumentality wordnetid="103575240" confidence="0.8"><book wordnetid="106410904" confidence="0.8"><medium wordnetid="106254669" confidence="0.8"><publication wordnetid="106589574" confidence="0.8"><link ns0:type="simple" ns0:href="../697/8269697.xml">public illumin magazin</link></publication></medium></book></instrumentality></artifact></press></creation></print_media></magazine></product></work></entry></list><p>pim stand<list><entry level="1" type="bullet"><link ns0:type="simple" ns0:href="../043/18557043.xml">pim softwar</link>freewar archiv tool stand ppm ilia muraviev data compress algorithm ppm stand<event wordnetid="100029378" confidence="0.8"><rule wordnetid="105846932" confidence="0.8"><act wordnetid="100030358" confidence="0.8"><psychological_feature wordnetid="100023100" confidence="0.8"><procedure wordnetid="101023820" confidence="0.8"><activity wordnetid="100407535" confidence="0.8"><algorithm wordnetid="105847438" confidence="0.8"><link ns0:type="simple" ns0:href="../918/527918.xml">predict partial match</link></algorithm></activity></procedure></psychological_feature></act></rule></event></entry></list></p><sec><st>peopl</st><p>pim refer<list><entry level="1" type="bullet">pim diffi charact disney channel origin seri<it><series wordnetid="108457976" confidence="0.9508927676800064"><link ns0:type="simple" ns0:href="../986/674986.xml">phil futur</link></series></it></entry><entry level="1" type="bullet"><politician wordnetid="110451263" confidence="0.9173553029164789"><person wordnetid="100007846" confidence="0.9508927676800064"><link ns0:type="simple" ns0:href="../812/45812.xml">pim fortuyn</link></person></politician>assassin dutch politician</entry><entry level="1" type="bullet"><physical_entity wordnetid="100001930" confidence="0.8"><person wordnetid="100007846" confidence="0.8"><player wordnetid="110439851" confidence="0.8"><contestant wordnetid="109613191" confidence="0.8"><coach wordnetid="109931640" confidence="0.8"><director wordnetid="110014939" confidence="0.8"><trainer wordnetid="110722575" confidence="0.8"><football_player wordnetid="110101634" confidence="0.8"><administrator wordnetid="109770949" confidence="0.8"><leader wordnetid="109623038" confidence="0.8"><causal_agent wordnetid="100007347" confidence="0.8"><head wordnetid="110162991" confidence="0.8"><athlete wordnetid="109820263" confidence="0.8"><link ns0:type="simple" ns0:href="../267/4979267.xml">pim verbeek</link></athlete></head></causal_agent></leader></administrator></football_player></trainer></director></coach></contestant></player></person></physical_entity>head coach australia nation footbal team</entry><entry level="1" type="bullet">pim pimma graduat brasenos colleg oxford alleg man bmw</entry></list></p><p><table style="background:none"><row><col style="vertical-align:middle;"><image width="30px" src="Disambig_gray.svg" /></col><col style="vertical-align:middle;"><it>list articl associ titl<weblink ns0:type="simple" ns0:href="http://localhost:18088/wiki/index.php?title=Special:Whatlinkshere/PIM namespace=0">intern link</weblink>led chang link point directli intend articl</it></col></row></table></p></sec></bdy></article>