<article xmlns:ns0="http://www.w3.org/1999/xlink"><actor confidence="0.9508927676800064" wordnetid="109765278"><header><title>miriam hopkin</title><id /><revision><id /><timestamp>tz</timestamp><contributor><username>charleskelli</username><id /></contributor></revision><categories><category>american film actor</category><category>peopl savannah georgia</category><category>american televis actor</category><category>death myocardi infarct</category><category>death</category><category>birth</category><category>bisexu actor unit</category></categories></header><bdy><template><name>infobox actor</name><parameters><image width="150px" src="Miriam_Hopkins_photo.jpg"><caption /></image><location><village wordnetid="108672738" confidence="0.9508927676800064"><link ns0:type="simple" ns0:href="../493/84493.xml">savannah georgia</link></village><body wordnetid="107965085" confidence="0.8"><social_group wordnetid="107950920" confidence="0.8"><political_orientation wordnetid="106212839" confidence="0.8"><colony wordnetid="108374049" confidence="0.8"><state wordnetid="108168978" confidence="0.8"><political_unit wordnetid="108359949" confidence="0.8"><group wordnetid="100031264" confidence="0.8"><democracy wordnetid="106217103" confidence="0.8"><link ns0:type="simple" ns0:href="../750/3434750.xml" /></democracy></group></political_unit></state></colony></political_orientation></social_group></body></location><spouse>brandon peter<link>austin parker</link><link ns0:type="simple" ns0:href="../134/1566134.xml">anatol litvak</link>raymond brock</spouse><name>miriam hopkin</name><bgcolour>silver</bgcolour><birthdate>octob</birthdate><imagesize>px</imagesize><birthname>ellen miriam hopkin</birthname><yearsactive><fundamental_quantity wordnetid="113575869" confidence="0.8"><time_period wordnetid="115113229" confidence="0.8"><year wordnetid="115203791" confidence="0.8"><link ns0:type="simple" ns0:href="../489/172489.xml" /></year></time_period></fundamental_quantity><fundamental_quantity wordnetid="113575869" confidence="0.8"><time_period wordnetid="115113229" confidence="0.8"><year wordnetid="115203791" confidence="0.8"><link ns0:type="simple" ns0:href="../684/171684.xml" /></year></time_period></fundamental_quantity></yearsactive><deathdate>octob age</deathdate><deathplace><link ns0:type="simple" ns0:href="../042/645042.xml">york york</link><body wordnetid="107965085" confidence="0.8"><social_group wordnetid="107950920" confidence="0.8"><political_orientation wordnetid="106212839" confidence="0.8"><colony wordnetid="108374049" confidence="0.8"><state wordnetid="108168978" confidence="0.8"><political_unit wordnetid="108359949" confidence="0.8"><group wordnetid="100031264" confidence="0.8"><democracy wordnetid="106217103" confidence="0.8"><link ns0:type="simple" ns0:href="../750/3434750.xml" /></democracy></group></political_unit></state></colony></political_orientation></social_group></body></deathplace></parameters></template><b>ellen miriam hopkin</b><link ns0:type="simple" ns0:href="../545/22545.xml">octob</link><link ns0:type="simple" ns0:href="../652/34652.xml" /><link ns0:type="simple" ns0:href="../549/22549.xml">octob</link><link ns0:type="simple" ns0:href="../671/34671.xml" /><award wordnetid="106696483" confidence="0.9508927676800064"><link ns0:type="simple" ns0:href="../324/324.xml">oscar</link></award>nomin<link ns0:type="simple" ns0:href="../750/3434750.xml">american</link>actress<sec><st>career</st><p>born<village wordnetid="108672738" confidence="0.9508927676800064"><link ns0:type="simple" ns0:href="../493/84493.xml">savannah georgia</link></village>rais<village wordnetid="108672738" confidence="0.9508927676800064"><link ns0:type="simple" ns0:href="../028/110028.xml">bainbridg</link></village>town southwestern georgia alabama border hopkin attend finish school<region wordnetid="108630985" confidence="0.8"><administrative_district wordnetid="108491826" confidence="0.8"><location wordnetid="100027167" confidence="0.8"><district wordnetid="108552138" confidence="0.8"><country wordnetid="108544813" confidence="0.8"><link ns0:type="simple" ns0:href="../578/32578.xml">vermont</link></country></district></location></administrative_district></region><university wordnetid="108286163" confidence="0.9508927676800064"><link ns0:type="simple" ns0:href="../353/29353.xml">syracus univers</link></university><village wordnetid="108672738" confidence="0.9508927676800064"><link ns0:type="simple" ns0:href="../443/28443.xml">syracus york</link></village>age<link>choru girl</link><village wordnetid="108672738" confidence="0.9508927676800064"><link ns0:type="simple" ns0:href="../042/645042.xml">york citi</link></village>sign<company wordnetid="108058098" confidence="0.9508927676800064"><link ns0:type="simple" ns0:href="../918/22918.xml">paramount pictur</link></company>offici film debut<it>fast loos</it></p><p>great success<person wordnetid="100007846" confidence="0.9508927676800064"><actor wordnetid="109765278" confidence="0.9508927676800064"><link ns0:type="simple" ns0:href="../143/83143.xml">ernst lubitsch</link></actor></person>masterpiec<it><movie wordnetid="106613686" confidence="0.9508927676800064"><link ns0:type="simple" ns0:href="../399/76399.xml">troubl paradis</link></movie></it>prove charm wit beauti jealou pickpocket rest appear film<it><movie wordnetid="106613686" confidence="0.9508927676800064"><link ns0:type="simple" ns0:href="../062/61062.xml">smile lieuten</link></movie></it><it><link ns0:type="simple" ns0:href="../774/144774.xml">dr jekyl hyde</link></it><it><movie wordnetid="106613686" confidence="0.9508927676800064"><link ns0:type="simple" ns0:href="../835/177835.xml">becki sharp</link></movie></it>nomin<symbol wordnetid="106806469" confidence="0.8"><award wordnetid="106696483" confidence="0.8"><signal wordnetid="106791372" confidence="0.8"><link ns0:type="simple" ns0:href="../818/61818.xml">academi award best actress</link></signal></award></symbol><it><movie wordnetid="106613686" confidence="0.9508927676800064"><link ns0:type="simple" ns0:href="../855/5643855.xml">barbari coast</link></movie></it><it><movie wordnetid="106613686" confidence="0.9508927676800064"><link ns0:type="simple" ns0:href="../779/1482779.xml">three</link></movie></it><it>maid</it>hopkin reject role elli andrew<it><movie wordnetid="106613686" confidence="0.9508927676800064"><link ns0:type="simple" ns0:href="../696/44696.xml">happen night</link></movie></it><ref ns0:type="simple" ns0:href="#xpointer(//reflist/entry[@id=%221%22])" /></p><p>hopkin wellpublic fight archenemi<link ns0:type="simple" ns0:href="../517/63517.xml">bett davi</link>costar film<it><movie wordnetid="106613686" confidence="0.9508927676800064"><link ns0:type="simple" ns0:href="../496/6876496.xml">maid</link></movie></it><it><movie wordnetid="106613686" confidence="0.9508927676800064"><link ns0:type="simple" ns0:href="../677/7237677.xml">acquaint</link></movie></it><ref ns0:type="simple" ns0:href="#xpointer(//reflist/entry[@id=%222%22])" />scene<it>acquaint</it>davi admit enjoy shake hopkin hard press photo diva box ring glove director vincent sherman</p><p><it>acquaint</it>didnt work film<it><movie wordnetid="106613686" confidence="0.9508927676800064"><link ns0:type="simple" ns0:href="../970/73970.xml">heiress</link></movie></it><physical_entity wordnetid="100001930" confidence="0.8"><person wordnetid="100007846" confidence="0.8"><manufacturer wordnetid="110292316" confidence="0.8"><maker wordnetid="110284064" confidence="0.8"><leader wordnetid="109623038" confidence="0.8"><administrator wordnetid="109770949" confidence="0.8"><causal_agent wordnetid="100007347" confidence="0.8"><head wordnetid="110162991" confidence="0.8"><director wordnetid="110014939" confidence="0.8"><creator wordnetid="109614315" confidence="0.8"><link ns0:type="simple" ns0:href="../708/5354708.xml">mitchel leisen</link></creator></director></head></causal_agent></administrator></leader></maker></manufacturer></person></physical_entity>classic<link ns0:type="simple" ns0:href="../037/27037.xml">screwbal comedi</link><it><movie wordnetid="106613686" confidence="0.9508927676800064"><link ns0:type="simple" ns0:href="../891/1591891.xml">mate season</link></movie></it>comic perform<person wordnetid="100007846" confidence="0.9508927676800064"><actor wordnetid="109765278" confidence="0.9508927676800064"><link ns0:type="simple" ns0:href="../349/181349.xml">gene tierney</link></actor></person>top mother<actor wordnetid="109765278" confidence="0.9508927676800064"><link ns0:type="simple" ns0:href="../856/317856.xml">thelma ritter</link></actor>costar tierney maidmoth law</p><p>hopkin actress audit portray<fictional_character wordnetid="109587565" confidence="0.9508927676800064"><link ns0:type="simple" ns0:href="../543/312543.xml">scarlett ohara</link></fictional_character><it><movie wordnetid="106613686" confidence="0.9508927676800064"><link ns0:type="simple" ns0:href="../704/2804704.xml">wind</link></movie></it>advantag lead ladi nativ georgian<person wordnetid="100007846" confidence="0.9508927676800064"><actor wordnetid="109765278" confidence="0.9508927676800064"><link ns0:type="simple" ns0:href="../788/32788.xml">vivien leigh</link></actor></person><person wordnetid="100007846" confidence="0.9508927676800064"><actor wordnetid="109765278" confidence="0.9508927676800064"><link ns0:type="simple" ns0:href="../806/357806.xml">paulett goddard</link></actor></person>close</p></sec><sec><st>privat life</st><p><image location="left" width="100px" src="MiriamHopkinsinBeckySharp.jpg" type="thumb"><caption>film<it><movie wordnetid="106613686" confidence="0.9508927676800064"><link ns0:type="simple" ns0:href="../835/177835.xml">becki sharp</link></movie></it><fundamental_quantity wordnetid="113575869" confidence="0.8"><time_period wordnetid="115113229" confidence="0.8"><year wordnetid="115203791" confidence="0.8"><link ns0:type="simple" ns0:href="../448/172448.xml" /></year></time_period></fundamental_quantity></caption></image>hopkin marri divorc time actor<link>brandon peter</link>second aviat<link>austin parker</link>third director<link ns0:type="simple" ns0:href="../134/1566134.xml">anatol litvak</link>fourth war correspond<link>raymond brock</link>hopkin son michael hopkin</p><p>hopkin die<link ns0:type="simple" ns0:href="../042/645042.xml">york york</link><link ns0:type="simple" ns0:href="../969/60969.xml">heart attack</link>day birthday</p><p>star<position wordnetid="108621598" confidence="0.8"><passageway wordnetid="103895585" confidence="0.8"><point wordnetid="108620061" confidence="0.8"><landmark wordnetid="108624891" confidence="0.8"><artifact wordnetid="100021939" confidence="0.8"><passage wordnetid="103895293" confidence="0.8"><location wordnetid="100027167" confidence="0.8"><corridor wordnetid="103112099" confidence="0.8"><way wordnetid="104564698" confidence="0.8"><hallway wordnetid="103479952" confidence="0.8"><link ns0:type="simple" ns0:href="../776/105776.xml">hollywood walk fame</link></hallway></way></corridor></location></passage></artifact></landmark></point></passageway></position><link ns0:type="simple" ns0:href="../571/10571.xml">motion pictur</link>vine street<link ns0:type="simple" ns0:href="../831/29831.xml">televis</link>vine street</p></sec><sec><st>filmographi</st><p><table style="background:transparent; width:100%;" cellpadding="0" class=" multicol" cellspacing="0"><row><col align="left" width="" valign="top"><list><entry level="1" type="bullet"><it>girl</it>short subject</entry><entry level="1" type="bullet"><it><link ns0:type="simple" ns0:href="../106/18067106.xml">fast loos</link></it></entry><entry level="1" type="bullet"><it><movie wordnetid="106613686" confidence="0.9508927676800064"><link ns0:type="simple" ns0:href="../062/61062.xml">smile lieuten</link></movie></it></entry><entry level="1" type="bullet"><it>hour</it></entry><entry level="1" type="bullet"><it><link ns0:type="simple" ns0:href="../774/144774.xml">dr jekyl hyde</link></it></entry><entry level="1" type="bullet"><it>hollywood parad</it>short subject</entry><entry level="1" type="bullet"><it>kind women</it></entry><entry level="1" type="bullet"><it><movie wordnetid="106613686" confidence="0.9508927676800064"><link ns0:type="simple" ns0:href="../892/9091892.xml">dancer dark</link></movie></it></entry><entry level="1" type="bullet"><it>flesh</it></entry><entry level="1" type="bullet"><it><movie wordnetid="106613686" confidence="0.9508927676800064"><link ns0:type="simple" ns0:href="../399/76399.xml">troubl paradis</link></movie></it></entry><entry level="1" type="bullet"><it><movie wordnetid="106613686" confidence="0.9508927676800064"><link ns0:type="simple" ns0:href="../605/16047605.xml">stori templ drake</link></movie></it></entry><entry level="1" type="bullet"><it>stranger return</it></entry><entry level="1" type="bullet"><it><movie wordnetid="106613686" confidence="0.9508927676800064"><link ns0:type="simple" ns0:href="../111/453111.xml">design live</link></movie></it></entry><entry level="1" type="bullet"><it /></entry><entry level="1" type="bullet"><it>love</it></entry><entry level="1" type="bullet"><it>richest girl</it></entry><entry level="1" type="bullet"><it><movie wordnetid="106613686" confidence="0.9508927676800064"><link ns0:type="simple" ns0:href="../835/177835.xml">becki sharp</link></movie></it></entry><entry level="1" type="bullet"><it><movie wordnetid="106613686" confidence="0.9508927676800064"><link ns0:type="simple" ns0:href="../855/5643855.xml">barbari coast</link></movie></it></entry></list></col><col align="left" width="" valign="top"><list><entry level="1" type="bullet"><it>splendor</it></entry><entry level="1" type="bullet"><it><movie wordnetid="106613686" confidence="0.9508927676800064"><link ns0:type="simple" ns0:href="../779/1482779.xml">three</link></movie></it></entry><entry level="1" type="bullet"><it>men god</it></entry><entry level="1" type="bullet"><it><movie wordnetid="106613686" confidence="0.9508927676800064"><link ns0:type="simple" ns0:href="../083/17108083.xml">woman love</link></movie></it></entry><entry level="1" type="bullet"><it>woman chase man</it></entry><entry level="1" type="bullet"><it>wise girl</it></entry><entry level="1" type="bullet"><it><movie wordnetid="106613686" confidence="0.9508927676800064"><link ns0:type="simple" ns0:href="../496/6876496.xml">maid</link></movie></it></entry><entry level="1" type="bullet"><it><link ns0:type="simple" ns0:href="../113/2549113.xml">virginia citi</link></it></entry><entry level="1" type="bullet"><it>ladi red hair</it></entry><entry level="1" type="bullet"><it>gentleman dark</it></entry><entry level="1" type="bullet"><it><movie wordnetid="106613686" confidence="0.9508927676800064"><link ns0:type="simple" ns0:href="../677/7237677.xml">acquaint</link></movie></it></entry><entry level="1" type="bullet"><it><movie wordnetid="106613686" confidence="0.9508927676800064"><link ns0:type="simple" ns0:href="../970/73970.xml">heiress</link></movie></it></entry><entry level="1" type="bullet"><it><movie wordnetid="106613686" confidence="0.9508927676800064"><link ns0:type="simple" ns0:href="../891/1591891.xml">mate season</link></movie></it></entry><entry level="1" type="bullet"><it><movie wordnetid="106613686" confidence="0.9508927676800064"><link ns0:type="simple" ns0:href="../119/6584119.xml">carri</link></movie></it></entry><entry level="1" type="bullet"><it><link ns0:type="simple" ns0:href="../648/5984648.xml">children hour</link></it></entry><entry level="1" type="bullet"><it><link>fanni hill</link></it></entry><entry level="1" type="bullet"><it><product wordnetid="104007894" confidence="0.8"><creation wordnetid="103129123" confidence="0.8"><artifact wordnetid="100021939" confidence="0.8"><event wordnetid="100029378" confidence="0.8"><social_event wordnetid="107288639" confidence="0.8"><movie wordnetid="106613686" confidence="0.8"><show wordnetid="106619065" confidence="0.8"><psychological_feature wordnetid="100023100" confidence="0.8"><link ns0:type="simple" ns0:href="../865/7175865.xml">chase</link></psychological_feature></show></movie></social_event></event></artifact></creation></product></it></entry><entry level="1" type="bullet"><it>savag intrud</it></entry></list></col></row></table></p></sec><sec><st>refer</st><p><reflist><entry id="1"><cite id="Reference-Wiley-1987" style="font-style:normal" class="book">wiley mason damien bona insid oscar unoffici histori academi award ballantin book isbn</cite></entry><entry id="2">miriam hopkin biographi work altern film guid</entry></reflist></p></sec><sec><st>extern link</st><p><list><entry level="1" type="bullet"><weblink ns0:type="simple" ns0:href="http://www.imdb.com/name/nm0394244/">miriam hopkin</weblink><web_site wordnetid="106359193" confidence="0.9508927676800064"><link ns0:type="simple" ns0:href="../554/2855554.xml">internet movi databas</link></web_site></entry><entry level="1" type="bullet"><weblink ns0:type="simple" ns0:href="http://www.findagrave.com/cgi-bin/fg.cgi?page=gr GRid=8672">miriam hopkin photo gravesit</weblink></entry><entry level="1" type="bullet"><weblink ns0:type="simple" ns0:href="http://film.virtual-history.com/person.php?personid=658">photograph miriam hopkin</weblink></entry></list></p></sec></bdy></actor></article>