<article xmlns:ns0="http://www.w3.org/1999/xlink"><field confidence="0.9511911446218017" wordnetid="108569998"><premise confidence="0.9511911446218017" wordnetid="106753800"><header><title>discret logarithm</title><id /><revision><id /><timestamp>tz</timestamp><contributor><username>mgnbar</username><id /></contributor></revision><categories><category>modular arithmet</category><category>group theori</category><category>binari oper</category><category>logarithm</category><category>finit field</category><category>cryptographi</category><category>comput hard assumpt</category></categories></header><bdy><link ns0:type="simple" ns0:href="../831/18831.xml">mathemat</link><link ns0:type="simple" ns0:href="../384/19616384.xml">abstract algebra</link>applic<b>discret logarithm</b><link ns0:type="simple" ns0:href="../447/19447.xml">grouptheoret</link>analogu ordinari<link ns0:type="simple" ns0:href="../860/17860.xml">logarithm</link>ordinari logarithm<math>log_ab</math>solut equat<math>axb</math>real<link>complex number</link><math /><math />element<link ns0:type="simple" ns0:href="../206/2997206.xml">finit</link><link ns0:type="simple" ns0:href="../327/52327.xml">cyclic group</link><math />solut<math />equat<math>gxh</math>call discret logarithm base<math /><math />group<math /><sec><st>exampl</st><p>discret logarithm simplest understand group<group wordnetid="100031264" confidence="0.8"><link ns0:type="simple" ns0:href="../234/1195234.xml"><b /><it />time</link></group>set<link>congruenc class</link>hellip<it />minu multipl<link ns0:type="simple" ns0:href="../087/20087.xml">modulo</link><link ns0:type="simple" ns0:href="../666/23666.xml">prime</link><it /></p><p>find<it /><link>power</link>number group find<it />power integ find remaind divis<it />process call<it>discret exponenti</it>exampl consid<b />time comput group comput divid obtain remaind group<b />time</p><p><it>discret logarithm</it>invers oper exampl equat equiv mod<it /><it />solut solut equiv mod<it />integ<it />equiv equiv mod equat infinit solut form<it />smallest posit integ<it />satisfi<it />equiv mod<link ns0:type="simple" ns0:href="../542/344542.xml">order</link><b />time solut equival solut express<it />equiv mod</p></sec><sec><st>definit</st><p>gener<it />finit<link ns0:type="simple" ns0:href="../327/52327.xml">cyclic group</link><it />element assum group written multipl<it /><link ns0:type="simple" ns0:href="../945/99945.xml">gener</link><it />element<it /><it />written form<it /><it>bk</it>integ<it />integ repres<it />will congruent<link ns0:type="simple" ns0:href="../087/20087.xml">modulo</link><it />defin function</p><p><indent level="1"><math>log_b rightarrow mathbfz_n</math></indent><b /><it />denot<link>ring</link>integ modulo<it />assign<it />congruenc class<it />modulo<it />function<link ns0:type="simple" ns0:href="../397/12397.xml">group isomorph</link>call<b>discret logarithm</b>base<it /></p><p>familiar base chang formula ordinari logarithm remain valid<it />gener<it /></p><p><indent level="1"><math>log_c log_c cdot log_b</math></indent></p></sec><sec><st>algorithm</st><p>effici algorithm comput gener discret logarithm<math>log_b</math>naiv algorithm rais<it />higher higher power<it />desir<it />call<it>trial multipl</it>algorithm requir<link ns0:type="simple" ns0:href="../ury/23rd_century.xml">run time</link>linear size group<it />exponenti number digit size group exist effici quantum algorithm peter shor httparxivorgabsquantph</p><p>sophist algorithm exist inspir algorithm integ factor algorithm faster naiv algorithm run<link ns0:type="simple" ns0:href="../576/44576.xml">polynomi time</link></p><p><list><entry level="1" type="bullet"><event wordnetid="100029378" confidence="0.8"><rule wordnetid="105846932" confidence="0.8"><act wordnetid="100030358" confidence="0.8"><psychological_feature wordnetid="100023100" confidence="0.8"><procedure wordnetid="101023820" confidence="0.8"><activity wordnetid="100407535" confidence="0.8"><algorithm wordnetid="105847438" confidence="0.8"><link ns0:type="simple" ns0:href="../928/563928.xml">babystep giantstep</link></algorithm></activity></procedure></psychological_feature></act></rule></event></entry><entry level="1" type="bullet"><link ns0:type="simple" ns0:href="../817/1630817.xml">pollard rho algorithm logarithm</link></entry><entry level="1" type="bullet"><event wordnetid="100029378" confidence="0.8"><rule wordnetid="105846932" confidence="0.8"><act wordnetid="100030358" confidence="0.8"><psychological_feature wordnetid="100023100" confidence="0.8"><procedure wordnetid="101023820" confidence="0.8"><activity wordnetid="100407535" confidence="0.8"><algorithm wordnetid="105847438" confidence="0.8"><link ns0:type="simple" ns0:href="../899/12928899.xml">pollard lambda algorithm</link></algorithm></activity></procedure></psychological_feature></act></rule></event>aka pollard kangaroo algorithm</entry><entry level="1" type="bullet"><link ns0:type="simple" ns0:href="../624/1995624.xml">pohlighellman algorithm</link></entry><entry level="1" type="bullet"><link ns0:type="simple" ns0:href="../595/1549595.xml">calculu algorithm</link></entry><entry level="1" type="bullet"><link ns0:type="simple" ns0:href="../734/152734.xml">number field siev</link></entry><entry level="1" type="bullet"><link>function field siev</link></entry></list></p></sec><sec><st>comparison integ factor</st><p>problem comput discret logarithm problem<link ns0:type="simple" ns0:href="../491/15491.xml">integ factor</link>distinct problem share properti<list><entry level="1" type="bullet">problem difficult effici<link ns0:type="simple" ns0:href="../775/775.xml">algorithm</link><link ns0:type="simple" ns0:href="../220/25220.xml">quantum comput</link></entry><entry level="1" type="bullet">problem effici algorithm quantum comput</entry><entry level="1" type="bullet">algorithm problem adapt</entry><entry level="1" type="bullet">difficulti problem exploit construct<link ns0:type="simple" ns0:href="../432/18934432.xml">cryptograph</link>code system</entry></list></p></sec><sec><st>cryptographi</st><p>comput discret logarithm difficult effici algorithm worst case averagecas complex hard worst case<link ns0:type="simple" ns0:href="../266/3087266.xml">random selfreduc</link></p><p>time invers problem discret exponenti comput effici<link ns0:type="simple" ns0:href="../237/10237.xml">exponenti squar</link>exampl asymmetri analog integ factor integ<link ns0:type="simple" ns0:href="../845/20845.xml">multipl</link>asymmetri exploit construct cryptograph system</p><p>popular choic group<it />discret logarithm<link ns0:type="simple" ns0:href="../432/18934432.xml">cryptographi</link>cyclic group<b /><it /><link ns0:type="simple" ns0:href="../458/59458.xml">elgam encrypt</link><link>diffiehellman</link>key exchang<link ns0:type="simple" ns0:href="../470/59470.xml">digit signatur algorithm</link></p><p>newer cryptographi applic discret logarithm cyclic subgroup<link ns0:type="simple" ns0:href="../225/10225.xml">ellipt curv</link><link ns0:type="simple" ns0:href="../615/11615.xml">finit field</link><link ns0:type="simple" ns0:href="../966/9966.xml">ellipt curv cryptographi</link></p></sec><sec><st>refer</st><p><list><entry level="1" type="bullet"><physical_entity wordnetid="100001930" confidence="0.8"><person wordnetid="100007846" confidence="0.8"><causal_agent wordnetid="100007347" confidence="0.8"><scientist wordnetid="110560637" confidence="0.8"><link ns0:type="simple" ns0:href="../048/9210048.xml">richard crandal</link></scientist></causal_agent></person></physical_entity><physical_entity wordnetid="100001930" confidence="0.8"><person wordnetid="100007846" confidence="0.8"><causal_agent wordnetid="100007347" confidence="0.8"><scientist wordnetid="110560637" confidence="0.8"><mathematician wordnetid="110301261" confidence="0.8"><link ns0:type="simple" ns0:href="../159/2134159.xml">carl pomer</link></mathematician></scientist></causal_agent></person></physical_entity>chapter<it>prime number comput perspect</it>springer</entry><entry level="1" type="bullet">dougla stinson<it>cryptographi theori practic</it>crc press</entry></list></p></sec></bdy></premise></field></article>