<article xmlns:ns0="http://www.w3.org/1999/xlink"><distribution confidence="0.9511911446218017" wordnetid="105729036"><header><title>linux distribut</title><id /><revision><id /><timestamp>tz</timestamp><contributor><username>gdansk</username><id /></contributor></revision><categories><category>linux distribut</category></categories></header><bdy>linux distribut call gnulinux distribut<structure wordnetid="105726345" confidence="0.8"><arrangement wordnetid="105726596" confidence="0.8"><distribution wordnetid="105729036" confidence="0.8"><link ns0:type="simple" ns0:href="../242/8242.xml">debian</link></distribution></arrangement></structure><structure wordnetid="105726345" confidence="0.8"><arrangement wordnetid="105726596" confidence="0.8"><distribution wordnetid="105729036" confidence="0.8"><link ns0:type="simple" ns0:href="../070/9951070.xml">fedora</link></distribution></arrangement></structure><O wordnetid="106832680" confidence="0.9508927676800064"><link ns0:type="simple" ns0:href="../298/990298.xml">ubuntu</link></O><O wordnetid="106832680" confidence="0.9508927676800064"><link ns0:type="simple" ns0:href="../251/8577251.xml">linux mint</link></O><structure wordnetid="105726345" confidence="0.8"><arrangement wordnetid="105726596" confidence="0.8"><distribution wordnetid="105729036" confidence="0.8"><link ns0:type="simple" ns0:href="../368/19368.xml">mandriva</link></distribution></arrangement></structure><O wordnetid="106832680" confidence="0.9508927676800064"><link ns0:type="simple" ns0:href="../419/94419.xml">gentoo</link></O>member<O wordnetid="106832680" confidence="0.9508927676800064"><link ns0:type="simple" ns0:href="../297/6097297.xml">linux</link></O>famili<family wordnetid="108078020" confidence="0.8"><link ns0:type="simple" ns0:href="../815/31815.xml">unixlik</link></family><link ns0:type="simple" ns0:href="../968/1779968.xml">softwar distribut</link>distribut call<it>distro</it>short consist<link ns0:type="simple" ns0:href="../297/6097297.xml">linux oper system</link>collect applic oper system will consist<software wordnetid="106566077" confidence="0.9508927676800064"><link ns0:type="simple" ns0:href="../510/18510.xml">linux kernel</link></software>set librari util<link ns0:type="simple" ns0:href="../549/275549.xml">gnu project</link><link ns0:type="simple" ns0:href="../466/382466.xml">graphic</link>support<message wordnetid="106598915" confidence="0.8"><protocol wordnetid="106665108" confidence="0.8"><direction wordnetid="106786629" confidence="0.8"><rule wordnetid="106652242" confidence="0.8"><link ns0:type="simple" ns0:href="../147/34147.xml">window system</link></rule></direction></protocol></message>distribut optim size tend compact altern gnu util<link ns0:type="simple" ns0:href="../584/689584.xml">busybox</link><link ns0:type="simple" ns0:href="../538/689538.xml">uclibc</link><link ns0:type="simple" ns0:href="../735/1076735.xml">dietlibc</link>current three<link ns0:type="simple" ns0:href="../709/620709.xml">linux distribut</link>activ develop constantli revis improv<p>kernel support packag combin<link ns0:type="simple" ns0:href="../635/10635.xml">free softwar</link><link ns0:type="simple" ns0:href="../663/277663.xml">open sourc</link>linux distribut wide varieti form fulli featur desktop server oper system minim environ typic<link ns0:type="simple" ns0:href="../630/46630.xml">embed system</link><link ns0:type="simple" ns0:href="../909/40909.xml">boot</link>floppi disk custom softwar instal configur tool distribut simpli refer assort applic instal top set librari marri version kernel outofthebox capabl meet endus base</p><p>distinguish commerci back distribut<structure wordnetid="105726345" confidence="0.8"><arrangement wordnetid="105726596" confidence="0.8"><distribution wordnetid="105729036" confidence="0.8"><link ns0:type="simple" ns0:href="../070/9951070.xml">fedora</link></distribution></arrangement></structure><company wordnetid="108058098" confidence="0.9508927676800064"><link ns0:type="simple" ns0:href="../386/26386.xml">red hat</link></company><link ns0:type="simple" ns0:href="../620/2399620.xml">opensus</link><company wordnetid="108058098" confidence="0.9508927676800064"><link ns0:type="simple" ns0:href="../366/169366.xml">novel</link></company><O wordnetid="106832680" confidence="0.9508927676800064"><link ns0:type="simple" ns0:href="../298/990298.xml">ubuntu</link></O><company wordnetid="108058098" confidence="0.8"><institution wordnetid="108053576" confidence="0.8"><link ns0:type="simple" ns0:href="../414/1097414.xml">canon</link></institution></company><structure wordnetid="105726345" confidence="0.8"><arrangement wordnetid="105726596" confidence="0.8"><distribution wordnetid="105729036" confidence="0.8"><link ns0:type="simple" ns0:href="../368/19368.xml">mandriva linux</link></distribution></arrangement></structure>commun distribut<structure wordnetid="105726345" confidence="0.8"><arrangement wordnetid="105726596" confidence="0.8"><distribution wordnetid="105729036" confidence="0.8"><link ns0:type="simple" ns0:href="../242/8242.xml">debian</link></distribution></arrangement></structure><O wordnetid="106832680" confidence="0.9508927676800064"><link ns0:type="simple" ns0:href="../419/94419.xml">gentoo</link></O>distribut govern commun driven corpor famous<structure wordnetid="105726345" confidence="0.8"><arrangement wordnetid="105726596" confidence="0.8"><distribution wordnetid="105729036" confidence="0.8"><link ns0:type="simple" ns0:href="../290/28290.xml">slackwar</link></distribution></arrangement></structure></p><sec><st>histori</st><p><image location="right" width="150px" src="Gldt.svg" type="thumb"><caption>linux distro genesi timelin repres develop linux distribut</caption></image>linux distribut wouldb linux user requir<family wordnetid="108078020" confidence="0.8"><link ns0:type="simple" ns0:href="../642/31642.xml">unix</link></family>expert know librari execut need system boot detail concern configur placement file system</p><p>linux distribut began appear linux kernel individu origin linux programm interest develop<link ns0:type="simple" ns0:href="../194/22194.xml">oper system</link>applic program user interfac conveni packag</p><p>earli distribut includ</p><p><list><entry level="1" type="bullet">lu bootroot disk pair kernel absolut minim tool start</entry><entry level="1" type="bullet"><structure wordnetid="105726345" confidence="0.8"><arrangement wordnetid="105726596" confidence="0.8"><distribution wordnetid="105729036" confidence="0.8"><link ns0:type="simple" ns0:href="../517/9678517.xml">mcc interim linux</link></distribution></arrangement></structure>public download<link ns0:type="simple" ns0:href="../289/53289.xml">ftp</link>server<university wordnetid="108286163" confidence="0.9508927676800064"><link ns0:type="simple" ns0:href="../266/83266.xml">univers manchest</link></university>februari</entry><entry level="1" type="bullet">tamu creat individu<university wordnetid="108286163" confidence="0.9508927676800064"><ranking wordnetid="114429484" confidence="0.9508927676800064"><link ns0:type="simple" ns0:href="../927/29927.xml">texa univers</link></ranking></university>time</entry><entry level="1" type="bullet">sl<structure wordnetid="105726345" confidence="0.8"><arrangement wordnetid="105726596" confidence="0.8"><distribution wordnetid="105729036" confidence="0.8"><link ns0:type="simple" ns0:href="../005/953005.xml">softland linux system</link></distribution></arrangement></structure></entry><entry level="1" type="bullet"><link ns0:type="simple" ns0:href="../316/490316.xml">yggdrasil linuxgnux</link>creat cdrom base linux distribut</entry></list></p><p>sl wellmaintain<physical_entity wordnetid="100001930" confidence="0.8"><person wordnetid="100007846" confidence="0.8"><computer_user wordnetid="109951274" confidence="0.8"><programmer wordnetid="110481268" confidence="0.8"><intellectual wordnetid="109621545" confidence="0.8"><engineer wordnetid="109615807" confidence="0.8"><alumnus wordnetid="109786338" confidence="0.8"><causal_agent wordnetid="100007347" confidence="0.8"><scholar wordnetid="110557854" confidence="0.8"><link ns0:type="simple" ns0:href="../414/493414.xml">patrick volkerd</link></scholar></causal_agent></alumnus></engineer></intellectual></programmer></computer_user></person></physical_entity>releas distribut base sl call<structure wordnetid="105726345" confidence="0.8"><arrangement wordnetid="105726596" confidence="0.8"><distribution wordnetid="105729036" confidence="0.8"><link ns0:type="simple" ns0:href="../290/28290.xml">slackwar</link></distribution></arrangement></structure>releas<link ns0:type="simple" ns0:href="../947/15947.xml">juli</link><link ns0:type="simple" ns0:href="../598/34598.xml" /><ref ns0:type="simple" ns0:href="#xpointer(//reflist/entry[@id=%221%22])" />oldest distribut activ develop</p><p>user attract linux distribut altern<link ns0:type="simple" ns0:href="../146/8146.xml">do</link><link ns0:type="simple" ns0:href="../890/18890.xml">microsoft window</link>oper system<link ns0:type="simple" ns0:href="../803/49803.xml">pc</link><link ns0:type="simple" ns0:href="../043/20043.xml">mac os</link><link ns0:type="simple" ns0:href="../979/19006979.xml">appl macintosh</link><link ns0:type="simple" ns0:href="../886/18934886.xml">proprietari</link>version<family wordnetid="108078020" confidence="0.8"><link ns0:type="simple" ns0:href="../642/31642.xml">unix</link></family>earli adopt familiar unix work school embrac linux stabil low cost avail<link ns0:type="simple" ns0:href="../661/27661.xml">sourc code</link>softwar includ</p><p>distribut origin simpli conveni today usual choic unix linux expert linux proven popular server market<invention wordnetid="105633385" confidence="0.8"><link ns0:type="simple" ns0:href="../139/33139.xml">web</link></invention><link ns0:type="simple" ns0:href="../377/8377.xml">databas</link>server<it /><link ns0:type="simple" ns0:href="../172/2382172.xml">lamp</link>desktop market</p></sec><sec><st>compon</st><p>typic desktop linux distribut compris<software wordnetid="106566077" confidence="0.9508927676800064"><link ns0:type="simple" ns0:href="../510/18510.xml">linux kernel</link></software><link ns0:type="simple" ns0:href="../875/11875.xml">gnu</link>tool librari addit softwar document<link ns0:type="simple" ns0:href="../967/151967.xml">window system</link><link ns0:type="simple" ns0:href="../217/876217.xml">window manag</link><link ns0:type="simple" ns0:href="../334/68334.xml">desktop environ</link>includ softwar<link ns0:type="simple" ns0:href="../635/10635.xml">free softwar</link><link ns0:type="simple" ns0:href="../663/277663.xml">opensourc softwar</link>distribut maintain compil binari<link ns0:type="simple" ns0:href="../661/27661.xml">sourc code</link>form allow user modifi<link ns0:type="simple" ns0:href="../739/5739.xml">compil</link>origin sourc code softwar includ distribut proprietari<link ns0:type="simple" ns0:href="../661/27661.xml">sourc code</link>form</p><p>provid instal system akin provid modern oper system<it><link ns0:type="simple" ns0:href="../092/192092.xml">selfhost</link></it>distribut<O wordnetid="106832680" confidence="0.9508927676800064"><link ns0:type="simple" ns0:href="../419/94419.xml">gentoo linux</link></O><structure wordnetid="105726345" confidence="0.8"><arrangement wordnetid="105726596" confidence="0.8"><distribution wordnetid="105729036" confidence="0.8"><link ns0:type="simple" ns0:href="../952/8001952.xml" /></distribution></arrangement></structure><work wordnetid="104599396" confidence="0.8"><product wordnetid="104007894" confidence="0.8"><creation wordnetid="103129123" confidence="0.8"><artifact wordnetid="100021939" confidence="0.8"><book wordnetid="106410904" confidence="0.8"><publication wordnetid="106589574" confidence="0.8"><link ns0:type="simple" ns0:href="../813/193813.xml">linux scratch</link></publication></book></artifact></creation></product></work>provid sourc code softwar includ binari basic kernel compil tool instal instal compil softwar specif<link ns0:type="simple" ns0:href="../597/7597.xml">microarchitectur</link>user machin</p><ss1><st>packag manag</st><p><indent level="1"><it><link ns0:type="simple" ns0:href="../017/47017.xml">packag manag system</link><link ns0:type="simple" ns0:href="../967/5010967.xml">linux packag format</link></it></indent>distribut segment packag packag specif applic servic exampl packag includ librari handl<format wordnetid="106636806" confidence="0.9508927676800064"><link ns0:type="simple" ns0:href="../306/24306.xml">png</link></format>imag format collect font<link ns0:type="simple" ns0:href="../173/33173.xml">web browser</link></p><p>packag typic provid compil code instal remov packag handl<link ns0:type="simple" ns0:href="../017/47017.xml">packag manag system</link>pm simpl<link ns0:type="simple" ns0:href="../ury/29th_century.xml">file archiv</link>packag intend pm metainform packag descript version<link ns0:type="simple" ns0:href="../449/1425449.xml">depend</link>packag manag system evalu metainform allow packag search perform automat upgrad newer version check depend packag fulfil andor fulfil automat</p><p>linux distribut typic softwar proprietari oper system normal local administr instal softwar includ distribut exampl newer version softwar applic suppli distribut altern chosen distribut<it /><software wordnetid="106566077" confidence="0.9508927676800064"><link ns0:type="simple" ns0:href="../629/16629.xml">kde</link></software><link ns0:type="simple" ns0:href="../362/12362.xml">gnome</link>vice versa user interfac layer addit softwar distribut sourceonli form approach requir local compil addit softwar local local system fall synchron packag manag databas local administr will requir addit measur ensur entir system packag manag longer automat</p><p>distribut instal packag includ kernel core oper system compon predetermin configur requir permit configur adjust instal time instal daunt user accept specif requir softwar care configur work correctli softwar secur local administr oblig spend time review reconfigur assort softwar</p><p>distribut consider length adjust custom softwar includ distribut distribut provid configur tool assist process</p><p>replac<it />provid distribut administr reach distributionless retriev compil configur instal local build system scratch avoid distribut altogeth gener binari system<it>selfhost</it>compil system capabl build binari intend target<link ns0:type="simple" ns0:href="../615/291615.xml">crosscompil</link>exampl<work wordnetid="104599396" confidence="0.8"><product wordnetid="104007894" confidence="0.8"><creation wordnetid="103129123" confidence="0.8"><artifact wordnetid="100021939" confidence="0.8"><book wordnetid="106410904" confidence="0.8"><publication wordnetid="106589574" confidence="0.8"><link ns0:type="simple" ns0:href="../813/193813.xml">linux scratch</link></publication></book></artifact></creation></product></work></p></ss1></sec><sec><st>type trend</st><p><indent level="1"><it><link ns0:type="simple" ns0:href="../052/1357052.xml">comparison linux distribut</link></it></indent>broadli linux distribut</p><p><list><entry level="1" type="bullet">commerci noncommerci</entry><entry level="1" type="bullet">design enterpris usag</entry><entry level="1" type="bullet">design server desktop embed devic</entry><entry level="1" type="bullet">target regular user power user</entry><entry level="1" type="bullet">gener purpos highli special specif machin function exampl firewal network router comput cluster</entry><entry level="1" type="bullet">design certifi specif hardwar comput architectur</entry><entry level="1" type="bullet">target specif user group exampl languag<link ns0:type="simple" ns0:href="../844/126844.xml">internation local</link>inclus<link ns0:type="simple" ns0:href="../349/16568349.xml">music product</link><link ns0:type="simple" ns0:href="../008/1181008.xml">scientif comput</link>packag</entry><entry level="1" type="bullet">differ configur secur usabl portabl comprehens</entry><entry level="1" type="bullet">support type hardwar</entry></list></p><p>divers linux distribut technic organiz philosoph variat vendor user permiss licens free softwar user suffici knowledg interest custom exist distribut design suit</p><ss1><st>installationfre distribut live cd</st><p><indent level="1"><it>main articl<structure wordnetid="105726345" confidence="0.8"><arrangement wordnetid="105726596" confidence="0.8"><distribution wordnetid="105729036" confidence="0.8"><link ns0:type="simple" ns0:href="../137/331137.xml">live cd</link></distribution></arrangement></structure><structure wordnetid="105726345" confidence="0.8"><arrangement wordnetid="105726596" confidence="0.8"><distribution wordnetid="105729036" confidence="0.8"><link ns0:type="simple" ns0:href="../416/5321416.xml">live usb</link></distribution></arrangement></structure></it></indent>live distro live cd linux distribut boot<link ns0:type="simple" ns0:href="../429/6429.xml">compact disc</link>medium<medium wordnetid="106254669" confidence="0.9508927676800064"><link ns0:type="simple" ns0:href="../498/11014498.xml">dvd</link></medium><artifact wordnetid="100021939" confidence="0.8"><instrumentality wordnetid="103575240" confidence="0.8"><device wordnetid="103183080" confidence="0.8"><medium wordnetid="106254669" confidence="0.8"><link ns0:type="simple" ns0:href="../414/400414.xml">usb flash drive</link></medium></device></instrumentality></artifact>convent<link ns0:type="simple" ns0:href="../777/13777.xml">hard drive</link>minim distribut<link ns0:type="simple" ns0:href="../155/300155.xml">tomsrtbt</link>directli floppi disk need chang hard drive content</p><p>readonli natur cd dvd user data store oper system written devic usb flash drive instal hard drive temporari oper system data sole<link ns0:type="simple" ns0:href="../847/25847.xml">ram</link></p><p>portablil advantag applic demonstr borrow els comput rescu oper instal media standard distribut popular distribut live convent form convent form network remov media imag intend instal includ<link ns0:type="simple" ns0:href="../875/7612875.xml">suse</link><O wordnetid="106832680" confidence="0.9508927676800064"><link ns0:type="simple" ns0:href="../298/990298.xml">ubuntu</link></O><link ns0:type="simple" ns0:href="../861/427861.xml">mepi</link><link ns0:type="simple" ns0:href="../194/8770194.xml">sidux</link><structure wordnetid="105726345" confidence="0.8"><arrangement wordnetid="105726596" confidence="0.8"><distribution wordnetid="105729036" confidence="0.8"><link ns0:type="simple" ns0:href="../070/9951070.xml">fedora</link></distribution></arrangement></structure>distribut<O wordnetid="106832680" confidence="0.9508927676800064"><link ns0:type="simple" ns0:href="../125/158125.xml">knoppix</link></O>design live cd live dvd</p></ss1></sec><sec><st>exampl</st><p><image width="200px" src="Archlinux-official-fullcolour.svg" /><image width="25px" src="No_image.svg" /><image width="75px" src="Openlogo-debianV2.svg" /><image width="25px" src="No_image.svg" /><image width="200px" src="RH-Fedora_logo-nonfree.png" /><image width="25px" src="No_image.svg" /><image width="75px" src="SuSE-logo.svg" /><image width="25px" src="No_image.svg" /><image width="75px" src="Mandriva_logo.png" /><image width="25px" src="No_image.svg" /><image width="200px" src="Ubuntu_Logo.svg" /></p><p>logo linux distribut</p><ss1><st>popular distribut</st><p>wellknown linux distribut includ</p><p><list><entry level="1" type="bullet"><link ns0:type="simple" ns0:href="../891/674891.xml">archlinux</link>distribut base<belief wordnetid="105941423" confidence="0.8"><doctrine wordnetid="105943300" confidence="0.8"><link ns0:type="simple" ns0:href="../176/17176.xml">kiss principl</link></doctrine></belief><link ns0:type="simple" ns0:href="../693/8174693.xml">roll releas</link>system</entry><entry level="1" type="bullet"><O wordnetid="106832680" confidence="0.9508927676800064"><link ns0:type="simple" ns0:href="../890/998890.xml">cento</link></O>distribut deriv sourc red hat maintain dedic volunt commun develop red hat compat version upgrad version upstream compat</entry><entry level="1" type="bullet"><structure wordnetid="105726345" confidence="0.8"><arrangement wordnetid="105726596" confidence="0.8"><distribution wordnetid="105729036" confidence="0.8"><link ns0:type="simple" ns0:href="../242/8242.xml">debian</link></distribution></arrangement></structure>noncommerci distribut maintain volunt develop commun strong commit free softwar principl</entry><entry level="1" type="bullet"><structure wordnetid="105726345" confidence="0.8"><arrangement wordnetid="105726596" confidence="0.8"><distribution wordnetid="105729036" confidence="0.8"><link ns0:type="simple" ns0:href="../070/9951070.xml">fedora</link></distribution></arrangement></structure>commun distribut sponsor<company wordnetid="108058098" confidence="0.9508927676800064"><link ns0:type="simple" ns0:href="../386/26386.xml">red hat</link></company></entry><entry level="1" type="bullet"><O wordnetid="106832680" confidence="0.9508927676800064"><link ns0:type="simple" ns0:href="../419/94419.xml">gentoo</link></O>distribut target<link ns0:type="simple" ns0:href="../701/3468701.xml">power user</link><system wordnetid="104377057" confidence="0.8"><artifact wordnetid="100021939" confidence="0.8"><instrumentality wordnetid="103575240" confidence="0.8"><link ns0:type="simple" ns0:href="../033/5128033.xml">freebsd port</link></instrumentality></artifact></system>autom system compil applic sourc code</entry><entry level="1" type="bullet"><O wordnetid="106832680" confidence="0.9508927676800064"><link ns0:type="simple" ns0:href="../125/158125.xml">knoppix</link></O><structure wordnetid="105726345" confidence="0.8"><arrangement wordnetid="105726596" confidence="0.8"><distribution wordnetid="105729036" confidence="0.8"><link ns0:type="simple" ns0:href="../137/331137.xml">live cd</link></distribution></arrangement></structure>distribut complet<link ns0:type="simple" ns0:href="../100/347100.xml">remov media</link>instal hard disk deriv debian</entry><entry level="1" type="bullet"><structure wordnetid="105726345" confidence="0.8"><arrangement wordnetid="105726596" confidence="0.8"><distribution wordnetid="105729036" confidence="0.8"><link ns0:type="simple" ns0:href="../368/19368.xml">mandriva</link></distribution></arrangement></structure>red hat deriv popular franc brazil today maintain french compani</entry><entry level="1" type="bullet"><link ns0:type="simple" ns0:href="../620/2399620.xml">opensus</link>origin deriv slackwar sponsor compani<company wordnetid="108058098" confidence="0.9508927676800064"><link ns0:type="simple" ns0:href="../366/169366.xml">novel</link></company></entry><entry level="1" type="bullet"><structure wordnetid="105726345" confidence="0.8"><arrangement wordnetid="105726596" confidence="0.8"><distribution wordnetid="105729036" confidence="0.8"><link ns0:type="simple" ns0:href="../859/2555859.xml">pardu</link></distribution></arrangement></structure>develop turkey product pardu project name anatolian leopard</entry><entry level="1" type="bullet"><O wordnetid="106832680" confidence="0.9508927676800064"><link ns0:type="simple" ns0:href="../785/711785.xml">pclinuxo</link></O>number distribut<computer wordnetid="103082979" confidence="0.8"><artifact wordnetid="100021939" confidence="0.8"><instrumentality wordnetid="103575240" confidence="0.8"><device wordnetid="103183080" confidence="0.8"><machine wordnetid="103699975" confidence="0.8"><web_site wordnetid="106359193" confidence="0.8"><link ns0:type="simple" ns0:href="../246/7066246.xml">distrowatch</link></web_site></machine></device></instrumentality></artifact></computer>august<O wordnetid="106832680" confidence="0.9508927676800064"><link ns0:type="simple" ns0:href="../785/711785.xml">pclinuxo</link></O>deriv<structure wordnetid="105726345" confidence="0.8"><arrangement wordnetid="105726596" confidence="0.8"><distribution wordnetid="105729036" confidence="0.8"><link ns0:type="simple" ns0:href="../368/19368.xml">mandriva</link></distribution></arrangement></structure></entry><entry level="1" type="bullet"><O wordnetid="106832680" confidence="0.9508927676800064"><link ns0:type="simple" ns0:href="../778/556778.xml">red hat enterpris linux</link></O>deriv<structure wordnetid="105726345" confidence="0.8"><arrangement wordnetid="105726596" confidence="0.8"><distribution wordnetid="105729036" confidence="0.8"><link ns0:type="simple" ns0:href="../070/9951070.xml">fedora</link></distribution></arrangement></structure>maintain commerci support<company wordnetid="108058098" confidence="0.9508927676800064"><link ns0:type="simple" ns0:href="../386/26386.xml">red hat</link></company></entry><entry level="1" type="bullet"><structure wordnetid="105726345" confidence="0.8"><arrangement wordnetid="105726596" confidence="0.8"><distribution wordnetid="105729036" confidence="0.8"><link ns0:type="simple" ns0:href="../290/28290.xml">slackwar</link></distribution></arrangement></structure>linux distribut found activ maintain<link ns0:type="simple" ns0:href="../414/493414.xml">patrick volkerd</link></entry><entry level="1" type="bullet"><O wordnetid="106832680" confidence="0.9508927676800064"><link ns0:type="simple" ns0:href="../298/990298.xml">ubuntu</link></O>newli popular desktop distribut deriv debian maintain<link ns0:type="simple" ns0:href="../414/1097414.xml">canon</link></entry><entry level="1" type="bullet"><link ns0:type="simple" ns0:href="../443/9759443.xml">go</link><link ns0:type="simple" ns0:href="../860/867860.xml">netbook</link>oper system</entry></list></p><p><computer wordnetid="103082979" confidence="0.8"><artifact wordnetid="100021939" confidence="0.8"><instrumentality wordnetid="103575240" confidence="0.8"><device wordnetid="103183080" confidence="0.8"><machine wordnetid="103699975" confidence="0.8"><web_site wordnetid="106359193" confidence="0.8"><link ns0:type="simple" ns0:href="../246/7066246.xml">distrowatch</link></web_site></machine></device></instrumentality></artifact></computer>maintain popular rank distribut web site consid reliabl measur distribut popular</p></ss1><ss1><st>nich distribut</st><p>distribut target specif nich tini embed router distribut<software wordnetid="106566077" confidence="0.9508927676800064"><link ns0:type="simple" ns0:href="../395/1845395.xml">openwrt</link></software>ubuntu project creat<link ns0:type="simple" ns0:href="../333/2906333.xml">edubuntu</link>educ user<software wordnetid="106566077" confidence="0.9508927676800064"><link ns0:type="simple" ns0:href="../732/1387732.xml">knoppmyth</link></software>wrap<O wordnetid="106832680" confidence="0.9508927676800064"><link ns0:type="simple" ns0:href="../125/158125.xml">knoppix</link></O><software wordnetid="106566077" confidence="0.9508927676800064"><link ns0:type="simple" ns0:href="../263/868263.xml">mythtv</link></software>eas build linuxpow<artifact wordnetid="100021939" confidence="0.8"><instrumentality wordnetid="103575240" confidence="0.8"><medium wordnetid="106254669" confidence="0.8"><link ns0:type="simple" ns0:href="../300/348300.xml">dvr</link></medium></instrumentality></artifact>target<company wordnetid="108058098" confidence="0.9508927676800064"><link ns0:type="simple" ns0:href="../856/856.xml">appl</link></company><link ns0:type="simple" ns0:href="../979/19006979.xml">macintosh</link>platform includ<link ns0:type="simple" ns0:href="../761/547761.xml">mklinux</link><O wordnetid="106832680" confidence="0.9508927676800064"><link ns0:type="simple" ns0:href="../708/246708.xml">yellow dog linux</link></O><structure wordnetid="105726345" confidence="0.8"><arrangement wordnetid="105726596" confidence="0.8"><distribution wordnetid="105729036" confidence="0.8"><link ns0:type="simple" ns0:href="../136/11982136.xml">black lab linux</link></distribution></arrangement></structure></p></ss1></sec><sec><st>interdistribut issu</st><p><link ns0:type="simple" ns0:href="../755/246755.xml">free standard group</link>organ form major softwar hardwar vendor aim improv interoper distribut propos standard<link ns0:type="simple" ns0:href="../753/246753.xml">linux standard base</link>defin common<link ns0:type="simple" ns0:href="../471/60471.xml">abi</link>packag system linux<system wordnetid="104377057" confidence="0.8"><artifact wordnetid="100021939" confidence="0.8"><instrumentality wordnetid="103575240" confidence="0.8"><link ns0:type="simple" ns0:href="../790/287790.xml">filesystem hierarchi standard</link></instrumentality></artifact></system>recommend standard filenam chart notabl basic directori name root tree linux filesystem standard limit distribut develop member organ</p><p>divers linux distribut softwar run distribut depend librari system attribut requir packag softwar specif distribut crossinstal close distribut</p></sec><sec><st>tool choos distribut</st><p>tool help peopl decis version linux distribut chooser<ref ns0:type="simple" ns0:href="#xpointer(//reflist/entry[@id=%222%22])" /><ref ns0:type="simple" ns0:href="#xpointer(//reflist/entry[@id=%223%22])" />univers packag search tool whoha<ref ns0:type="simple" ns0:href="#xpointer(//reflist/entry[@id=%224%22])" />easi way linux distribut decid<link>multi distro</link><structure wordnetid="105726345" confidence="0.8"><arrangement wordnetid="105726596" confidence="0.8"><distribution wordnetid="105729036" confidence="0.8"><link ns0:type="simple" ns0:href="../137/331137.xml">live cd</link></distribution></arrangement></structure>spacesav distribut<ref ns0:type="simple" ns0:href="#xpointer(//reflist/entry[@id=%225%22])" />tool cd dvd nautopia<ref ns0:type="simple" ns0:href="#xpointer(//reflist/entry[@id=%226%22])" /></p><p><link ns0:type="simple" ns0:href="../353/32353.xml">virtual machin</link><link ns0:type="simple" ns0:href="../260/8934260.xml">virtualbox</link><software wordnetid="106566077" confidence="0.9508927676800064"><link ns0:type="simple" ns0:href="../250/8175250.xml">vmware workstat</link></software><software wordnetid="106566077" confidence="0.9508927676800064"><link ns0:type="simple" ns0:href="../015/312015.xml">microsoft virtual pc</link></software>permit boot live cd imag file burn cd</p><p>detail interest rank linux distribut<computer wordnetid="103082979" confidence="0.8"><artifact wordnetid="100021939" confidence="0.8"><instrumentality wordnetid="103575240" confidence="0.8"><device wordnetid="103183080" confidence="0.8"><machine wordnetid="103699975" confidence="0.8"><web_site wordnetid="106359193" confidence="0.8"><link ns0:type="simple" ns0:href="../246/7066246.xml">distrowatch</link></web_site></machine></device></instrumentality></artifact></computer>fairli comprehens list live cd livecdlistcom websit osdircom wwwosvidscom offer screenshot video impress distribut</p><p><link ns0:type="simple" ns0:href="../344/1636344.xml">workspot</link>onlin linux desktop demo<link ns0:type="simple" ns0:href="../541/351541.xml">virtual network comput</link>vnc</p></sec><sec><st>advocaci</st><p><link ns0:type="simple" ns0:href="../638/10638.xml">free softwar movement</link><association wordnetid="108049401" confidence="0.8"><club wordnetid="108227214" confidence="0.8"><link ns0:type="simple" ns0:href="../770/19442770.xml">linux user group</link></club></association>lug provid primari facetofac forum demonstr linux commerci exhibit provid linux demonstr potenti user corpor buyer</p></sec><sec><st>instal</st><p>way instal linux distribut<list><entry level="1" type="bullet">common method instal linux boot<recording wordnetid="104063868" confidence="0.8"><artifact wordnetid="100021939" confidence="0.8"><instrumentality wordnetid="103575240" confidence="0.8"><sound_recording wordnetid="104262678" confidence="0.8"><memory_device wordnetid="103744840" confidence="0.8"><device wordnetid="103183080" confidence="0.8"><phonograph_record wordnetid="103924069" confidence="0.8"><medium wordnetid="106254669" confidence="0.8"><link ns0:type="simple" ns0:href="../902/18959902.xml">cdrom</link></medium></phonograph_record></device></memory_device></sound_recording></instrumentality></artifact></recording><medium wordnetid="106254669" confidence="0.9508927676800064"><link ns0:type="simple" ns0:href="../498/11014498.xml">dvd</link></medium>instal program instal softwar cd burn download<format wordnetid="106636806" confidence="0.9508927676800064"><link ns0:type="simple" ns0:href="../185/346185.xml">iso imag</link></format>purchas low price provid<link ns0:type="simple" ns0:href="../998/1764998.xml">cover disk</link>magazin case ship free request box set includ manual addit commerci softwar user tend<system wordnetid="104377057" confidence="0.8"><artifact wordnetid="100021939" confidence="0.8"><instrumentality wordnetid="103575240" confidence="0.8"><link ns0:type="simple" ns0:href="../380/55380.xml">partit</link></instrumentality></artifact></system>harddriv order exist oper system linux distribut instal partit save data</entry><entry level="1" type="bullet">earli linux distribut instal set<link ns0:type="simple" ns0:href="../891/10891.xml">floppi</link>abandon major distribut nowaday distribut offer cd dvd set vital packag disc packag allow instal network boot set floppi cd small amount data</entry><entry level="1" type="bullet">mode instal linux instal power comput server power machin hard drive memori slower cpu<link ns0:type="simple" ns0:href="../725/30725.xml">thin client</link>network client boot network server display pass server applic client ordinari pc addit network bootload drive network interfac control hard disk space processor power offload client machin desir cost save achiev thin client invest greater comput power storag server</entry><entry level="1" type="bullet">live cd setup comput boot entir oper system cd instal comput hard disk distribut live cd<it>instal</it>comput boot oper system disk proce instal comput hard disk provid seamless transit os run cd os run hard disk</entry><entry level="1" type="bullet"><generic wordnetid="107899976" confidence="0.9508927676800064"><link ns0:type="simple" ns0:href="../116/42116.xml">server</link></generic><link ns0:type="simple" ns0:href="../137/18457137.xml">person comput</link>linux instal vendor includ<link ns0:type="simple" ns0:href="../973/13973.xml">hewlettpackard</link><link ns0:type="simple" ns0:href="../490/102490.xml">dell</link>gener busi desktop line</entry><entry level="1" type="bullet">embed devic linux typic held devic<link ns0:type="simple" ns0:href="../155/41155.xml">firmwar</link>consumeraccess</entry></list></p><p><link ns0:type="simple" ns0:href="../613/767613.xml">anaconda</link>popular instal<O wordnetid="106832680" confidence="0.9508927676800064"><link ns0:type="simple" ns0:href="../778/556778.xml">red hat enterpris linux</link></O><structure wordnetid="105726345" confidence="0.8"><arrangement wordnetid="105726596" confidence="0.8"><distribution wordnetid="105729036" confidence="0.8"><link ns0:type="simple" ns0:href="../070/9951070.xml">fedora</link></distribution></arrangement></structure>distribut simplifi instal process</p><ss1><st>instal exist oper system</st><p>distribut user instal linux top current system<structure wordnetid="105726345" confidence="0.8"><arrangement wordnetid="105726596" confidence="0.8"><distribution wordnetid="105729036" confidence="0.8"><link ns0:type="simple" ns0:href="../912/620912.xml">winlinux</link></distribution></arrangement></structure>linux instal window harddisk partit start insid window approach includ<link ns0:type="simple" ns0:href="../286/594286.xml">colinux</link></p><p><link ns0:type="simple" ns0:href="../353/32353.xml">virtual machin</link><link ns0:type="simple" ns0:href="../260/8934260.xml">virtualbox</link><company wordnetid="108058098" confidence="0.9508927676800064"><link ns0:type="simple" ns0:href="../018/312018.xml">vmware</link></company>enabl linux insid os vm softwar simul isol environ linux system instal virtual machin boot independ comput</p><p>tool perform full dualboot instal exist platform cd notabl<list><entry level="1" type="bullet"><link ns0:type="simple" ns0:href="../630/9905630.xml">wubi instal</link>allow window user download instal<O wordnetid="106832680" confidence="0.9508927676800064"><link ns0:type="simple" ns0:href="../298/990298.xml">ubuntu</link></O>deriv hard drive partit instal cd allow user easili dual boot oper system hard drive lose data</entry><entry level="1" type="bullet"><software wordnetid="106566077" confidence="0.9508927676800064"><link ns0:type="simple" ns0:href="../606/16361606.xml">winload</link></software>allow window user instal<structure wordnetid="105726345" confidence="0.8"><arrangement wordnetid="105726596" confidence="0.8"><distribution wordnetid="105729036" confidence="0.8"><link ns0:type="simple" ns0:href="../242/8242.xml">debian</link></distribution></arrangement></structure>cd perform network instal requir repartit process integr offici debian cdsdvd<ref ns0:type="simple" ns0:href="#xpointer(//reflist/entry[@id=%227%22])" /></entry><entry level="1" type="bullet"><software wordnetid="106566077" confidence="0.9508927676800064"><link ns0:type="simple" ns0:href="../958/13587958.xml">unetbootin</link></software>allow window linux user perform nocd network instal wide varieti linux distribut addit<structure wordnetid="105726345" confidence="0.8"><arrangement wordnetid="105726596" confidence="0.8"><distribution wordnetid="105729036" confidence="0.8"><link ns0:type="simple" ns0:href="../416/5321416.xml">live usb</link></distribution></arrangement></structure>creation support</entry></list></p></ss1></sec><sec><st>proprietari softwar</st><p>specif proprietari softwar product form linux includ popular comput game year game manufactur begun make softwar linux exampl<company wordnetid="108058098" confidence="0.9508927676800064"><link ns0:type="simple" ns0:href="../199/573199.xml">epic game</link></company>sell linux version<event wordnetid="100029378" confidence="0.8"><social_event wordnetid="107288639" confidence="0.8"><contest wordnetid="107456188" confidence="0.8"><game wordnetid="100456199" confidence="0.8"><psychological_feature wordnetid="100023100" confidence="0.8"><link ns0:type="simple" ns0:href="../278/474278.xml">unreal tournament</link></psychological_feature></game></contest></social_event></event>problem address<link ns0:type="simple" ns0:href="../558/1042558.xml">emul</link>apitransl project<software wordnetid="106566077" confidence="0.9508927676800064"><link ns0:type="simple" ns0:href="../583/37583.xml">wine</link></software><software wordnetid="106566077" confidence="0.9508927676800064"><link ns0:type="simple" ns0:href="../189/704189.xml">cedega</link></software>nonlinuxbas softwar linux system emul proprietari oper system translat proprietari api call call microsoft<link ns0:type="simple" ns0:href="../601/81601.xml">win</link><software wordnetid="106566077" confidence="0.9508927676800064"><link ns0:type="simple" ns0:href="../506/8506.xml">directx</link></software>api nativ linux api call</p></sec><sec><st>oem contract</st><p>comput hardwar sold oper system softwar<link ns0:type="simple" ns0:href="../922/69922.xml">origin equip manufactur</link>oem instal uncommon oper system linux portabl featur linux instal machin case<link ns0:type="simple" ns0:href="../803/49803.xml">ibm pc compat</link>os<link ns0:type="simple" ns0:href="../890/18890.xml">microsoft window</link>case<link ns0:type="simple" ns0:href="../979/19006979.xml">appl macintosh</link>comput version appl os current<link ns0:type="simple" ns0:href="../640/20640.xml">mac os</link><company wordnetid="108058098" confidence="0.8"><institution wordnetid="108053576" confidence="0.8"><link ns0:type="simple" ns0:href="../980/26980.xml">sun microsystem</link></institution></company>sell<link ns0:type="simple" ns0:href="../954/36954.xml">sparc</link>hardwar<message wordnetid="106598915" confidence="0.8"><information wordnetid="106634376" confidence="0.8"><electronic_database wordnetid="106588511" confidence="0.8"><lexical_database wordnetid="106638868" confidence="0.8"><wordnet wordnetid="106639428" confidence="0.8"><database wordnetid="106637824" confidence="0.8"><link ns0:type="simple" ns0:href="../145/46145.xml">solari</link></database></wordnet></lexical_database></electronic_database></information></message>instal video game consol<system wordnetid="104377057" confidence="0.9508927676800064"><link ns0:type="simple" ns0:href="../342/17416342.xml">xbox</link></system><artifact wordnetid="100021939" confidence="0.8"><instrumentality wordnetid="103575240" confidence="0.8"><furnishing wordnetid="103405265" confidence="0.8"><table wordnetid="104379243" confidence="0.8"><furniture wordnetid="103405725" confidence="0.8"><console_table wordnetid="103092883" confidence="0.8"><link ns0:type="simple" ns0:href="../964/23964.xml">playstat</link></console_table></furniture></table></furnishing></instrumentality></artifact><link ns0:type="simple" ns0:href="../525/53525.xml">gamecub</link>proprietari os linux instal default comput hardwar limit market share consum unawar altern exist consciou effort oper system perform actual instal depend support friend rel comput profession</p><p>buy hardwar linux instal<link ns0:type="simple" ns0:href="../189/997189.xml">lenovo</link><link ns0:type="simple" ns0:href="../973/13973.xml">hewlettpackard</link><link ns0:type="simple" ns0:href="../490/102490.xml">dell</link>affordi<ref ns0:type="simple" ns0:href="#xpointer(//reflist/entry[@id=%228%22])" /><company wordnetid="108058098" confidence="0.9508927676800064"><link ns0:type="simple" ns0:href="../224/9375224.xml">system</link></company>sell gener purpos linux laptop<ref ns0:type="simple" ns0:href="#xpointer(//reflist/entry[@id=%229%22])" />customord pc manufactur will build linux system<link ns0:type="simple" ns0:href="../117/458117.xml">window key</link>keyboard<link ns0:type="simple" ns0:href="../743/8458743.xml">terra soft</link>sell macintosh comput<system wordnetid="104377057" confidence="0.9508927676800064"><link ns0:type="simple" ns0:href="../951/24951.xml">playstat</link></system>consol<O wordnetid="106832680" confidence="0.9508927676800064"><link ns0:type="simple" ns0:href="../708/246708.xml">yellow dog linux</link></O>instal common find embed devic sold linux default manufacturersupport os includ linksi<appliance wordnetid="102729965" confidence="0.9508927676800064"><link ns0:type="simple" ns0:href="../379/3534379.xml">nslu</link></appliance>na devic<company wordnetid="108058098" confidence="0.9508927676800064"><link ns0:type="simple" ns0:href="../936/30936.xml">tivo</link></company>person video record linuxbas cellphon pda portabl music player</p><p>consum option obtain refund unus oem oper system softwar<link ns0:type="simple" ns0:href="../764/49764.xml">user licens agreement</link>eula appl microsoft oper system consum opportun reject licens refund request refund directli manufactur fail lawsuit small claim court will work<ref ns0:type="simple" ns0:href="#xpointer(//reflist/entry[@id=%2210%22])" /><link ns0:type="simple" ns0:href="../020/11020.xml">februari</link><link ns0:type="simple" ns0:href="../553/34553.xml" />group linux user<county wordnetid="108546183" confidence="0.9508927676800064"><link ns0:type="simple" ns0:href="../330/45330.xml">orang counti california</link></county>held window refund day protest attempt pressur microsoft issu refund<ref ns0:type="simple" ns0:href="#xpointer(//reflist/entry[@id=%2211%22])" />franc linuxfrench<link>aful</link>organ free softwar activist<link ns0:type="simple" ns0:href="../974/19343974.xml">roberto di cosmo</link>start window detax movement<ref ns0:type="simple" ns0:href="#xpointer(//reflist/entry[@id=%2212%22])" />led petit racketiciel<ref ns0:type="simple" ns0:href="#xpointer(//reflist/entry[@id=%2213%22])" />translat<link ns0:type="simple" ns0:href="../057/2738057.xml">racketwar</link><link>dgccrf</link>branch french govern file complaint bundl softwar</p></sec><sec><st>screenshot common distribut</st><p>screenshot common distribut instal<image width="150px" src="Mandriva_Linux.png" /><image width="150px" src="Ubuntu.png" /><image width="150px" src="Fedora.png" /><image width="150px" src="OpenSUSE.png" /><image width="150px" src="Gentoo-2008.0.png" /><image width="150px" src="Debian.png" /><image width="150px" src="Slackware.png" /></p></sec><sec><st /><p><table style="background:#f9f9f9; font-size:85%; line-height:110%; "><row><col><image width="32x28px" src="Free_Software_Portal_Logo.svg" /></col><col style="padding:0 0.2em;"><it>free softwar portal</it></col></row></table></p><p><list><entry level="1" type="bullet"><link ns0:type="simple" ns0:href="../709/620709.xml">list linux distribut</link></entry><entry level="1" type="bullet"><link ns0:type="simple" ns0:href="../052/1357052.xml">comparison linux distribut</link></entry><entry level="1" type="bullet"><physical_entity wordnetid="100001930" confidence="0.8"><communicator wordnetid="109610660" confidence="0.8"><person wordnetid="100007846" confidence="0.8"><copycat wordnetid="109964411" confidence="0.8"><compiler wordnetid="109946957" confidence="0.8"><causal_agent wordnetid="100007347" confidence="0.8"><writer wordnetid="110794014" confidence="0.8"><link ns0:type="simple" ns0:href="../840/6840.xml">cygwin</link></writer></causal_agent></compiler></copycat></person></communicator></physical_entity></entry><entry level="1" type="bullet"><controversy wordnetid="107183151" confidence="0.8"><event wordnetid="100029378" confidence="0.8"><dispute wordnetid="107181935" confidence="0.8"><disagreement wordnetid="107180787" confidence="0.8"><act wordnetid="100030358" confidence="0.8"><psychological_feature wordnetid="100023100" confidence="0.8"><speech_act wordnetid="107160883" confidence="0.8"><link ns0:type="simple" ns0:href="../787/501787.xml">gnulinux name controversi</link></speech_act></psychological_feature></act></disagreement></dispute></event></controversy></entry><entry level="1" type="bullet"><link ns0:type="simple" ns0:href="../137/331137.xml">live distro</link></entry><entry level="1" type="bullet"><link ns0:type="simple" ns0:href="../019/593019.xml">mini linux</link></entry><entry level="1" type="bullet"><O wordnetid="106832680" confidence="0.9508927676800064"><link ns0:type="simple" ns0:href="../774/6768774.xml">engard secur linux</link></O></entry></list></p></sec><sec><st>refer</st><p><reflist><entry id="1"><weblink ns0:type="simple" ns0:href="http://www.slackware.com/announce/1.0.php">slackwar linux project slackwar releas announc</weblink></entry><entry id="2"><weblink ns0:type="simple" ns0:href="http://www.zegeniestudios.net/ldc/">zegeni studio linux distribut chooser</weblink></entry><entry id="3"><weblink ns0:type="simple" ns0:href="http://desktoplinuxathome.com/distro.html">desktop linux distro selector</weblink></entry><entry id="4"><weblink ns0:type="simple" ns0:href="http://www.philippwesche.org/2004/programs/whohas/intro.html">philipp homepag whoha</weblink></entry><entry id="5"><weblink ns0:type="simple" ns0:href="http://www.linux.com/article.pl?sid=06/05/22/1353239">linuxcom multi distro linux time singl cdr</weblink></entry><entry id="6"><weblink ns0:type="simple" ns0:href="http://applications.linux.com/article.pl?sid=06/03/16/1724219 tid=47">linuxcom multipl live cd dvd</weblink></entry><entry id="7"><weblink ns0:type="simple" ns0:href="http://packages.debian.org/testing/win32-loader">debian detail packag winload lenni</weblink></entry><entry id="8"><weblink ns0:type="simple" ns0:href="http://shop.affordy.com/?lang=en">affordi titan comput</weblink></entry><entry id="9"><weblink ns0:type="simple" ns0:href="http://mcelrath.org/laptops.html">laptopsnotebook linux preinstal</weblink></entry><entry id="10"><weblink ns0:type="simple" ns0:href="http://www.linuxjournal.com/article/7040">window refund california small claim court</weblink></entry><entry id="11"><weblink ns0:type="simple" ns0:href="http://marc.merlins.org/linux/refundday/">window refund day</weblink></entry><entry id="12"><weblink ns0:type="simple" ns0:href="http://www.detaxe.org/">detaxeorg</weblink>french bundl softwar inform consum</entry><entry id="13"><weblink ns0:type="simple" ns0:href="http://www.racketiciel.info/">fr petit softwar racket</weblink></entry></reflist></p></sec><sec><st>extern link</st><p><list><entry level="1" type="bullet"><weblink ns0:type="simple" ns0:href="http://distrowatch.com/">distrowatch</weblink></entry><entry level="1" type="bullet"><weblink ns0:type="simple" ns0:href="http://www.linuxquestions.org/reviews/index.php">distribut review</weblink></entry><entry level="1" type="bullet"><weblink ns0:type="simple" ns0:href="http://hardware4linux.info/">hardwar support linux distribut</weblink></entry><entry level="1" type="bullet"><weblink ns0:type="simple" ns0:href="http://www.zegeniestudios.net/ldc/">linux distribut chooser</weblink><link>zegeni studio</link></entry><entry level="1" type="bullet"><weblink ns0:type="simple" ns0:href="http://www.tlm-project.org/">linux mirror project</weblink>download linux distribut bittorr</entry></list></p><p><table style=";" class="navbox" cellspacing="0"><row><col style="padding:2px;"><table style="width:100%;background:transparent;color:inherit;;" class="nowraplinks collapsible autocollapse " cellspacing="0"><row><header colspan="3" style=";" class="navbox-title"><O wordnetid="106832680" confidence="0.9508927676800064"><link ns0:type="simple" ns0:href="../297/6097297.xml">linux</link></O>oper system</header></row><row style="height:2px;" /><row><col style=";;" class="navbox-group">gener</col><col style="text-align:left;border-left:2px solid #fdfdfd;width:100%;padding:0px;padding:0.25em 0; line-height:1.4em;;" class="navbox-list navbox-odd"><link ns0:type="simple" ns0:href="../236/2397236.xml">adopt</link><link ns0:type="simple" ns0:href="../759/916759.xml">comparison window linux</link><message wordnetid="106598915" confidence="0.8"><disapproval wordnetid="106709533" confidence="0.8"><criticism wordnetid="106710546" confidence="0.8"><link ns0:type="simple" ns0:href="../262/8761262.xml">critic</link></criticism></disapproval></message><artifact wordnetid="100021939" confidence="0.8"><instrumentality wordnetid="103575240" confidence="0.8"><medium wordnetid="106254669" confidence="0.8"><link ns0:type="simple" ns0:href="../549/275549.xml">gnu project</link></medium></instrumentality></artifact><link ns0:type="simple" ns0:href="../417/14032417.xml">histori</link><link ns0:type="simple" ns0:href="../249/9055249.xml">linux foundat</link><software wordnetid="106566077" confidence="0.9508927676800064"><link ns0:type="simple" ns0:href="../510/18510.xml">kernel</link></software><link ns0:type="simple" ns0:href="../791/10496791.xml">portabl</link><link ns0:type="simple" ns0:href="../370/70370.xml">linuss law</link><controversy wordnetid="107183151" confidence="0.8"><event wordnetid="100029378" confidence="0.8"><dispute wordnetid="107181935" confidence="0.8"><disagreement wordnetid="107180787" confidence="0.8"><act wordnetid="100030358" confidence="0.8"><psychological_feature wordnetid="100023100" confidence="0.8"><speech_act wordnetid="107160883" confidence="0.8"><link ns0:type="simple" ns0:href="../787/501787.xml">gnulinux name controversi</link></speech_act></psychological_feature></act></disagreement></dispute></event></controversy><link ns0:type="simple" ns0:href="../325/18934325.xml">tux</link></col><col style="width:0%;padding:0px 0px 0px 2px;" rowspan="15"><image width="64px" src="NewTux.svg"><caption>tux linux mascot</caption></image><table style="background:#f9f9f9; font-size:85%; line-height:110%; "><row><col><image width="32x28px" src="Portal.svg" /></col><col style="padding:0 0.2em;"><it>linuxport</it></col></row></table></col></row><row style="height:2px" /><row><col style=";;" class="navbox-group">distribut</col><col style="text-align:left;border-left:2px solid #fdfdfd;width:100%;padding:0px;padding:0.25em 0; line-height:1.4em;;" class="navbox-list navbox-even"><link ns0:type="simple" ns0:href="../212/18212.xml">distribut</link><link ns0:type="simple" ns0:href="../052/1357052.xml">comparison</link><structure wordnetid="105726345" confidence="0.8"><arrangement wordnetid="105726596" confidence="0.8"><distribution wordnetid="105729036" confidence="0.8"><link ns0:type="simple" ns0:href="../137/331137.xml">live cd</link></distribution></arrangement></structure><link ns0:type="simple" ns0:href="../250/6798250.xml">comparison</link><structure wordnetid="105726345" confidence="0.8"><arrangement wordnetid="105726596" confidence="0.8"><distribution wordnetid="105729036" confidence="0.8"><link ns0:type="simple" ns0:href="../416/5321416.xml">live usb</link></distribution></arrangement></structure><link ns0:type="simple" ns0:href="../019/593019.xml">mini linux</link><link ns0:type="simple" ns0:href="../967/5010967.xml">packag format</link></col></row><row style="height:2px" /><row><col style=";;" class="navbox-group">applic</col><col style="text-align:left;border-left:2px solid #fdfdfd;width:100%;padding:0px;padding:0.25em 0; line-height:1.4em;;" class="navbox-list navbox-odd"><software wordnetid="106566077" confidence="0.9508927676800064"><link ns0:type="simple" ns0:href="../539/165539.xml">alsa</link></software><link ns0:type="simple" ns0:href="../068/10827068.xml">desktop</link><link ns0:type="simple" ns0:href="../528/1762528.xml">devic</link><link ns0:type="simple" ns0:href="../204/1146204.xml">embed</link><event wordnetid="100029378" confidence="0.8"><social_event wordnetid="107288639" confidence="0.8"><contest wordnetid="107456188" confidence="0.8"><game wordnetid="100456199" confidence="0.8"><psychological_feature wordnetid="100023100" confidence="0.8"><link ns0:type="simple" ns0:href="../431/9914431.xml">game</link></psychological_feature></game></contest></social_event></event><link ns0:type="simple" ns0:href="../172/2382172.xml">lamp</link><link ns0:type="simple" ns0:href="../156/4988156.xml">proprietari</link><link ns0:type="simple" ns0:href="../473/954473.xml">thin client</link></col></row><row style="height:2px" /><row><col style=";;" class="navbox-group">peopl</col><col style="text-align:left;border-left:2px solid #fdfdfd;width:100%;padding:0px;padding:0.25em 0; line-height:1.4em;;" class="navbox-list navbox-even"><person wordnetid="100007846" confidence="0.9508927676800064"><link ns0:type="simple" ns0:href="../233/561233.xml">jono bacon</link></person><person wordnetid="100007846" confidence="0.9508927676800064"><programmer wordnetid="110481268" confidence="0.9173553029164789"><link ns0:type="simple" ns0:href="../013/18951013.xml">alan cox</link></programmer></person><person wordnetid="100007846" confidence="0.9508927676800064"><research_worker wordnetid="110523076" confidence="0.9173553029164789"><link ns0:type="simple" ns0:href="../645/3306645.xml">benjamin mako hill</link></research_worker></person><link ns0:type="simple" ns0:href="../837/391837.xml">pamela jone</link><physical_entity wordnetid="100001930" confidence="0.8"><person wordnetid="100007846" confidence="0.8"><computer_user wordnetid="109951274" confidence="0.8"><programmer wordnetid="110481268" confidence="0.8"><engineer wordnetid="109615807" confidence="0.8"><causal_agent wordnetid="100007347" confidence="0.8"><link ns0:type="simple" ns0:href="../702/1192702.xml">ari lemmk</link></causal_agent></engineer></programmer></computer_user></person></physical_entity><person wordnetid="100007846" confidence="0.9508927676800064"><programmer wordnetid="110481268" confidence="0.9173553029164789"><link ns0:type="simple" ns0:href="../940/384940.xml">andrew morton</link></programmer></person><person wordnetid="100007846" confidence="0.9508927676800064"><programmer wordnetid="110481268" confidence="0.9173553029164789"><link ns0:type="simple" ns0:href="../851/14851.xml">ian murdock</link></programmer></person><developer wordnetid="110010062" confidence="0.9173553029164789"><criminal wordnetid="109977660" confidence="0.9508927676800064"><link ns0:type="simple" ns0:href="../815/350815.xml">han reiser</link></criminal></developer><celebrity wordnetid="109903153" confidence="0.9508927676800064"><link ns0:type="simple" ns0:href="../175/7848175.xml">scott jame remnant</link></celebrity><physical_entity wordnetid="100001930" confidence="0.8"><person wordnetid="100007846" confidence="0.8"><computer_user wordnetid="109951274" confidence="0.8"><programmer wordnetid="110481268" confidence="0.8"><engineer wordnetid="109615807" confidence="0.8"><causal_agent wordnetid="100007347" confidence="0.8"><link ns0:type="simple" ns0:href="../709/436709.xml">daniel robbin</link></causal_agent></engineer></programmer></computer_user></person></physical_entity><entrepreneur wordnetid="110060352" confidence="0.9173553029164789"><astronaut wordnetid="109818022" confidence="0.9508927676800064"><link ns0:type="simple" ns0:href="../962/604962.xml">mark shuttleworth</link></astronaut></entrepreneur><president wordnetid="110468559" confidence="0.9173553029164789"><person wordnetid="100007846" confidence="0.9508927676800064"><link ns0:type="simple" ns0:href="../143/3434143.xml">richard stallman</link></person></president><celebrity wordnetid="109903153" confidence="0.9508927676800064"><person wordnetid="100007846" confidence="0.9508927676800064"><programmer wordnetid="110481268" confidence="0.9173553029164789"><link ns0:type="simple" ns0:href="../618/17618.xml">linu torvald</link></programmer></person></celebrity><person wordnetid="100007846" confidence="0.9508927676800064"><link ns0:type="simple" ns0:href="../724/1034724.xml">theodor tso</link></person><physical_entity wordnetid="100001930" confidence="0.8"><person wordnetid="100007846" confidence="0.8"><computer_user wordnetid="109951274" confidence="0.8"><programmer wordnetid="110481268" confidence="0.8"><intellectual wordnetid="109621545" confidence="0.8"><engineer wordnetid="109615807" confidence="0.8"><alumnus wordnetid="109786338" confidence="0.8"><causal_agent wordnetid="100007347" confidence="0.8"><scholar wordnetid="110557854" confidence="0.8"><link ns0:type="simple" ns0:href="../414/493414.xml">patrick volkerd</link></scholar></causal_agent></alumnus></engineer></intellectual></programmer></computer_user></person></physical_entity><link ns0:type="simple" ns0:href="../991/5831991.xml">warren woodford</link><link ns0:type="simple" ns0:href="../237/5678237.xml">matt zimmerman</link></col></row><row style="height:2px" /><row><col style=";;" class="navbox-group">media</col><col style="text-align:left;border-left:2px solid #fdfdfd;width:100%;padding:0px;padding:0.25em 0; line-height:1.4em;;" class="navbox-list navbox-odd"><work wordnetid="104599396" confidence="0.8"><computer wordnetid="103082979" confidence="0.8"><creation wordnetid="103129123" confidence="0.8"><print_media wordnetid="106263609" confidence="0.8"><press wordnetid="106263369" confidence="0.8"><machine wordnetid="103699975" confidence="0.8"><medium wordnetid="106254669" confidence="0.8"><publication wordnetid="106589574" confidence="0.8"><magazine wordnetid="106595351" confidence="0.8"><product wordnetid="104007894" confidence="0.8"><artifact wordnetid="100021939" confidence="0.8"><instrumentality wordnetid="103575240" confidence="0.8"><device wordnetid="103183080" confidence="0.8"><web_site wordnetid="106359193" confidence="0.8"><link ns0:type="simple" ns0:href="../962/4991962.xml">enterpris open sourc journal</link></web_site></device></instrumentality></artifact></product></magazine></publication></medium></machine></press></print_media></creation></computer></work><work wordnetid="104599396" confidence="0.8"><computer wordnetid="103082979" confidence="0.8"><creation wordnetid="103129123" confidence="0.8"><print_media wordnetid="106263609" confidence="0.8"><press wordnetid="106263369" confidence="0.8"><machine wordnetid="103699975" confidence="0.8"><medium wordnetid="106254669" confidence="0.8"><publication wordnetid="106589574" confidence="0.8"><magazine wordnetid="106595351" confidence="0.8"><product wordnetid="104007894" confidence="0.8"><artifact wordnetid="100021939" confidence="0.8"><instrumentality wordnetid="103575240" confidence="0.8"><device wordnetid="103183080" confidence="0.8"><web_site wordnetid="106359193" confidence="0.8"><link ns0:type="simple" ns0:href="../684/1543684.xml">free softwar magazin</link></web_site></device></instrumentality></artifact></product></magazine></publication></medium></machine></press></print_media></creation></computer></work><web_site wordnetid="106359193" confidence="0.9508927676800064"><link ns0:type="simple" ns0:href="../597/10525597.xml">linuxcom</link></web_site><work wordnetid="104599396" confidence="0.8"><product wordnetid="104007894" confidence="0.8"><magazine wordnetid="106595351" confidence="0.8"><print_media wordnetid="106263609" confidence="0.8"><creation wordnetid="103129123" confidence="0.8"><press wordnetid="106263369" confidence="0.8"><artifact wordnetid="100021939" confidence="0.8"><instrumentality wordnetid="103575240" confidence="0.8"><medium wordnetid="106254669" confidence="0.8"><publication wordnetid="106589574" confidence="0.8"><link ns0:type="simple" ns0:href="../167/1408167.xml">linux format</link></publication></medium></instrumentality></artifact></press></creation></print_media></magazine></product></work><work wordnetid="104599396" confidence="0.8"><computer wordnetid="103082979" confidence="0.8"><creation wordnetid="103129123" confidence="0.8"><print_media wordnetid="106263609" confidence="0.8"><press wordnetid="106263369" confidence="0.8"><machine wordnetid="103699975" confidence="0.8"><medium wordnetid="106254669" confidence="0.8"><publication wordnetid="106589574" confidence="0.8"><magazine wordnetid="106595351" confidence="0.8"><product wordnetid="104007894" confidence="0.8"><artifact wordnetid="100021939" confidence="0.8"><instrumentality wordnetid="103575240" confidence="0.8"><device wordnetid="103183080" confidence="0.8"><web_site wordnetid="106359193" confidence="0.8"><link ns0:type="simple" ns0:href="../221/218221.xml">linux gazett</link></web_site></device></instrumentality></artifact></product></magazine></publication></medium></machine></press></print_media></creation></computer></work><work wordnetid="104599396" confidence="0.8"><computer wordnetid="103082979" confidence="0.8"><creation wordnetid="103129123" confidence="0.8"><print_media wordnetid="106263609" confidence="0.8"><press wordnetid="106263369" confidence="0.8"><machine wordnetid="103699975" confidence="0.8"><medium wordnetid="106254669" confidence="0.8"><publication wordnetid="106589574" confidence="0.8"><magazine wordnetid="106595351" confidence="0.8"><product wordnetid="104007894" confidence="0.8"><artifact wordnetid="100021939" confidence="0.8"><instrumentality wordnetid="103575240" confidence="0.8"><device wordnetid="103183080" confidence="0.8"><web_site wordnetid="106359193" confidence="0.8"><link ns0:type="simple" ns0:href="../831/233831.xml">linux journal</link></web_site></device></instrumentality></artifact></product></magazine></publication></medium></machine></press></print_media></creation></computer></work><work wordnetid="104599396" confidence="0.8"><product wordnetid="104007894" confidence="0.8"><magazine wordnetid="106595351" confidence="0.8"><print_media wordnetid="106263609" confidence="0.8"><creation wordnetid="103129123" confidence="0.8"><press wordnetid="106263369" confidence="0.8"><artifact wordnetid="100021939" confidence="0.8"><instrumentality wordnetid="103575240" confidence="0.8"><medium wordnetid="106254669" confidence="0.8"><publication wordnetid="106589574" confidence="0.8"><link ns0:type="simple" ns0:href="../621/4193621.xml">linuxmagazin</link></publication></medium></instrumentality></artifact></press></creation></print_media></magazine></product></work><link ns0:type="simple" ns0:href="../228/507228.xml">linux magazin</link><work wordnetid="104599396" confidence="0.8"><computer wordnetid="103082979" confidence="0.8"><creation wordnetid="103129123" confidence="0.8"><print_media wordnetid="106263609" confidence="0.8"><press wordnetid="106263369" confidence="0.8"><machine wordnetid="103699975" confidence="0.8"><medium wordnetid="106254669" confidence="0.8"><publication wordnetid="106589574" confidence="0.8"><magazine wordnetid="106595351" confidence="0.8"><product wordnetid="104007894" confidence="0.8"><artifact wordnetid="100021939" confidence="0.8"><instrumentality wordnetid="103575240" confidence="0.8"><device wordnetid="103183080" confidence="0.8"><web_site wordnetid="106359193" confidence="0.8"><link ns0:type="simple" ns0:href="../718/1556718.xml">lwnnet</link></web_site></device></instrumentality></artifact></product></magazine></publication></medium></machine></press></print_media></creation></computer></work><work wordnetid="104599396" confidence="0.8"><computer wordnetid="103082979" confidence="0.8"><creation wordnetid="103129123" confidence="0.8"><print_media wordnetid="106263609" confidence="0.8"><press wordnetid="106263369" confidence="0.8"><machine wordnetid="103699975" confidence="0.8"><medium wordnetid="106254669" confidence="0.8"><publication wordnetid="106589574" confidence="0.8"><magazine wordnetid="106595351" confidence="0.8"><product wordnetid="104007894" confidence="0.8"><artifact wordnetid="100021939" confidence="0.8"><instrumentality wordnetid="103575240" confidence="0.8"><device wordnetid="103183080" confidence="0.8"><web_site wordnetid="106359193" confidence="0.8"><link ns0:type="simple" ns0:href="../745/4913745.xml">magazin</link></web_site></device></instrumentality></artifact></product></magazine></publication></medium></machine></press></print_media></creation></computer></work><web_site wordnetid="106359193" confidence="0.9508927676800064"><link ns0:type="simple" ns0:href="../332/8428332.xml">phoronix</link></web_site><link ns0:type="simple" ns0:href="../562/8718562.xml">lugradio</link></col></row><row style="height:2px" /><row><col style=";;" class="navbox-group">list</col><col style="text-align:left;border-left:2px solid #fdfdfd;width:100%;padding:0px;padding:0.25em 0; line-height:1.4em;;" class="navbox-list navbox-even"><link ns0:type="simple" ns0:href="../959/16806959.xml">devic</link><link ns0:type="simple" ns0:href="../709/620709.xml">distribut</link><link ns0:type="simple" ns0:href="../362/8111362.xml">live distro</link></col></row><row style="height:2px" /><row><col style=";;" class="navbox-group">mobil</col><col style="text-align:left;border-left:2px solid #fdfdfd;width:100%;padding:0px;padding:0.25em 0; line-height:1.4em;;" class="navbox-list navbox-odd"><link ns0:type="simple" ns0:href="../520/4636520.xml">access linux platform</link><O wordnetid="106832680" confidence="0.9508927676800064"><link ns0:type="simple" ns0:href="../483/12610483.xml">android</link></O><link ns0:type="simple" ns0:href="../622/16035622.xml">limo platform</link><O wordnetid="106832680" confidence="0.9508927676800064"><link ns0:type="simple" ns0:href="../656/1803656.xml">mobilinux</link></O><link ns0:type="simple" ns0:href="../538/16884538.xml">moblin project</link><link ns0:type="simple" ns0:href="../113/14269113.xml">ubuntu mobil</link><link ns0:type="simple" ns0:href="../468/3171468.xml">linux phone standard forum</link></col></row><row style="height:2px" /><row><col style=";;" class="navbox-group">topic</col><col style="text-align:left;border-left:2px solid #fdfdfd;width:100%;padding:0px;padding:0.25em 0; line-height:1.4em;;" class="navbox-list navbox-even"><physical_entity wordnetid="100001930" confidence="0.8"><microorganism wordnetid="101326291" confidence="0.8"><virus wordnetid="101328702" confidence="0.8"><causal_agent wordnetid="100007347" confidence="0.8"><agent wordnetid="109190918" confidence="0.8"><infectious_agent wordnetid="109312843" confidence="0.8"><link ns0:type="simple" ns0:href="../083/370083.xml">linux malwar</link></infectious_agent></agent></causal_agent></virus></microorganism></physical_entity><association wordnetid="108049401" confidence="0.8"><club wordnetid="108227214" confidence="0.8"><link ns0:type="simple" ns0:href="../770/19442770.xml">linux user group lug</link></club></association><link ns0:type="simple" ns0:href="../753/246753.xml">linux standard base</link><it><product wordnetid="104007894" confidence="0.8"><creation wordnetid="103129123" confidence="0.8"><artifact wordnetid="100021939" confidence="0.8"><event wordnetid="100029378" confidence="0.8"><social_event wordnetid="107288639" confidence="0.8"><movie wordnetid="106613686" confidence="0.8"><show wordnetid="106619065" confidence="0.8"><documentary wordnetid="106616806" confidence="0.8"><psychological_feature wordnetid="100023100" confidence="0.8"><link ns0:type="simple" ns0:href="../501/186501.xml">revolut os</link></psychological_feature></documentary></show></movie></social_event></event></artifact></creation></product></it><link ns0:type="simple" ns0:href="../847/872847.xml">sco linux</link><link ns0:type="simple" ns0:href="../911/5087911.xml">tanenbaumtorvald debat</link></col></row></table></col></row></table></p><p><table style=";" class="navbox" cellspacing="0"><row><col style="padding:2px;"><table style="width:100%;background:transparent;color:inherit;;" class="nowraplinks collapsible autocollapse " cellspacing="0"><row><header colspan="2" style=";" class="navbox-title"><link ns0:type="simple" ns0:href="../212/18212.xml">linux distribut</link></header></row><row style="height:2px;" /><row><col colspan="2" style="width:100%;padding:0px;;;" class="navbox-list navbox-odd"><structure wordnetid="105726345" confidence="0.8"><arrangement wordnetid="105726596" confidence="0.8"><distribution wordnetid="105729036" confidence="0.8"><link ns0:type="simple" ns0:href="../891/674891.xml">arch linux</link></distribution></arrangement></structure><O wordnetid="106832680" confidence="0.9508927676800064"><link ns0:type="simple" ns0:href="../890/998890.xml">cento</link></O><structure wordnetid="105726345" confidence="0.8"><arrangement wordnetid="105726596" confidence="0.8"><distribution wordnetid="105729036" confidence="0.8"><link ns0:type="simple" ns0:href="../242/8242.xml">debian</link></distribution></arrangement></structure><structure wordnetid="105726345" confidence="0.8"><arrangement wordnetid="105726596" confidence="0.8"><distribution wordnetid="105729036" confidence="0.8"><link ns0:type="simple" ns0:href="../070/9951070.xml">fedora</link></distribution></arrangement></structure><O wordnetid="106832680" confidence="0.9508927676800064"><link ns0:type="simple" ns0:href="../419/94419.xml">gentoo</link></O><structure wordnetid="105726345" confidence="0.8"><arrangement wordnetid="105726596" confidence="0.8"><distribution wordnetid="105729036" confidence="0.8"><link ns0:type="simple" ns0:href="../368/19368.xml">mandriva linux</link></distribution></arrangement></structure><O wordnetid="106832680" confidence="0.9508927676800064"><link ns0:type="simple" ns0:href="../778/556778.xml">red hat enterpris linux</link></O><structure wordnetid="105726345" confidence="0.8"><arrangement wordnetid="105726596" confidence="0.8"><distribution wordnetid="105729036" confidence="0.8"><link ns0:type="simple" ns0:href="../290/28290.xml">slackwar</link></distribution></arrangement></structure><link ns0:type="simple" ns0:href="../875/7612875.xml">suse</link><O wordnetid="106832680" confidence="0.9508927676800064"><link ns0:type="simple" ns0:href="../298/990298.xml">ubuntu</link></O><it><link ns0:type="simple" ns0:href="../709/620709.xml" /></it></col></row></table></col></row></table></p></sec></bdy></distribution></article>