<article xmlns:ns0="http://www.w3.org/1999/xlink"><event confidence="0.8" wordnetid="100029378"><rule confidence="0.8" wordnetid="105846932"><act confidence="0.8" wordnetid="100030358"><psychological_feature confidence="0.8" wordnetid="100023100"><procedure confidence="0.8" wordnetid="101023820"><activity confidence="0.8" wordnetid="100407535"><algorithm confidence="0.8" wordnetid="105847438"><header><title>ahocorasick algorithm</title><id /><revision><id /><timestamp>tz</timestamp><contributor><username>lightmous</username><id /></contributor></revision><categories><category>search algorithm</category><category>algorithm string</category></categories></header><bdy><b>ahocorasick algorithm</b><link ns0:type="simple" ns0:href="../648/28648.xml">string search algorithm</link>creat<link>alfr aho</link><link ns0:type="simple" ns0:href="../177/9105177.xml">margaret corasick</link>kind dictionarymatch algorithm locat element finit set string dictionari input text match pattern<link ns0:type="simple" ns0:href="../543/7543.xml">complex</link>algorithm linear length pattern length search text number output match note match quadrat number match substr match dictionari aa aaa aaaa input string aaaa<p>inform algorithm construct<link ns0:type="simple" ns0:href="../274/31274.xml">trie</link><link ns0:type="simple" ns0:href="../679/794679.xml">suffix tree</link>set link node repres string abc node correspond longest proper suffix bc exist exist root link node longest suffix node correspond dictionari entri match enumer link list trie runtim move input keep longest match suffix link comput linear node dictionari link dictionari suffix link list output gener</p><p>pattern dictionari advanc<link ns0:type="simple" ns0:href="../196/18994196.xml">comput viru</link>databas construct automaton perform offlin compil automaton store case time linear length input number match entri</p><p>ahocorasick algorithm form basi origin<link ns0:type="simple" ns0:href="../538/170538.xml">unix command</link><link ns0:type="simple" ns0:href="../642/46642.xml#xpointer(//*[./st=%22egrep+and+fgrep%22])">fgrep</link></p><p>ahocorasick data structur construct dictionari row tabl repres node trie column path indic uniqu sequenc charact root node</p><p><table border="1"><row><header colspan="4">dictionari ab bc bca caa</header></row><row><header>path</header><header>dictionari</header><header>suffix link</header><header>dict suffix link</header></row><row><col /><col /><col /><col /></row><row><col /><col /><col /><col /></row><row><col>ab</col><col /><col /><col /></row><row><col /><col /><col /><col /></row><row><col>bc</col><col /><col /><col /></row><row><col>bca</col><col /><col /><col /></row><row><col /><col /><col /><col /></row><row><col /><col /><col /><col /></row><row><col>caa</col><col /><col /><col /></row></table></p><p>step current node extend find daughter doesnt exist find suffix daughter doesnt work find suffix suffix daughter final root node noth</p><p>execut input string<b>abccab</b>yield step</p><p><table border="1"><row><header colspan="5">analysi input string abccab</header></row><row><header>node</header><header>remain string</header><header>outputend posit</header><header>transit</header><header>output</header></row><row><col /><col>abccab</col><col /><col>start root</col><col /></row><row><col /><col>bccab</col><col /><col>daughter</col><col>current node</col></row><row><col>ab</col><col>ccab</col><col>ab</col><col>daughter ab</col><col>current node</col></row><row><col>bc</col><col>cab</col><col>bc</col><col>ab suffix daughter bc</col><col>current node dict suffix node</col></row><row><col /><col>ab</col><col /><col>bc suffix suffix daughter</col><col>current node</col></row><row><col /><col /><col /><col>daughter</col><col>dict suffix node</col></row><row><col>ab</col><col /><col>ab</col><col>suffix daughter ab</col><col>current node</col></row></table></p><p>gener dictionari suffix link dictionari entri charact input</p><sec><st>sourc</st><p><list><entry level="1" type="bullet"><cite style="font-style:normal"><expert wordnetid="109617867" confidence="0.8"><peer wordnetid="109626238" confidence="0.8"><physical_entity wordnetid="100001930" confidence="0.8"><person wordnetid="100007846" confidence="0.8"><interior_designer wordnetid="110210648" confidence="0.8"><specialist wordnetid="110631941" confidence="0.8"><intellectual wordnetid="109621545" confidence="0.8"><colleague wordnetid="109935990" confidence="0.8"><scientist wordnetid="110560637" confidence="0.8"><associate wordnetid="109816771" confidence="0.8"><alumnus wordnetid="109786338" confidence="0.8"><causal_agent wordnetid="100007347" confidence="0.8"><scholar wordnetid="110557854" confidence="0.8"><link ns0:type="simple" ns0:href="../930/140930.xml">aho alfr</link></scholar></causal_agent></alumnus></associate></scientist></colleague></intellectual></specialist></interior_designer></person></physical_entity></peer></expert>margaret corasick june effici string match aid bibliograph search<it>commun acm</it><b /><document wordnetid="106470073" confidence="0.8"><written_communication wordnetid="106349220" confidence="0.8"><writing wordnetid="106362953" confidence="0.8"><link ns0:type="simple" ns0:href="../994/422994.xml">doi</link></writing></written_communication></document><weblink ns0:type="simple" ns0:href="http://dx.doi.org/10.1145%2F360825.360855" /></cite>access full text restrict</entry></list></p></sec><sec><st>extern link</st><p><list><entry level="1" type="bullet"><weblink ns0:type="simple" ns0:href="http://www-sr.informatik.uni-tuebingen.de/~buehler/AC/AC.html">anim ahocorasick pattern match automaton</weblink></entry><entry level="1" type="bullet"><weblink ns0:type="simple" ns0:href="http://www.cs.uku.fi/~kilpelai/BSA05/lectures/slides04.pdf">set match ahocorasick algorithm</weblink>pekka kilpelinen</entry><entry level="1" type="bullet"><weblink ns0:type="simple" ns0:href="http://www.codeproject.com/cs/algorithms/ahocorasick.asp">ahocorasick string match</weblink>tom petek<weblink ns0:type="simple" ns0:href="http://www.eeeksoft.net/articles/ahocorasick.aspx">mirror</weblink></entry><entry level="1" type="bullet"><weblink ns0:type="simple" ns0:href="http://www.nist.gov/dads/HTML/ahoCorasick.html">ahocorasick entri</weblink>nist<weblink ns0:type="simple" ns0:href="http://www.nist.gov/dads/">dictionari algorithm data structur</weblink></entry><entry level="1" type="bullet"><weblink ns0:type="simple" ns0:href="http://www.dankirsh.com/2008/07/05/aho-corasick-algorithm/">phpjavascript implement ahocorasick algorithm</weblink></entry><entry level="1" type="bullet"><weblink ns0:type="simple" ns0:href="http://search.cpan.org/search%3fmodule=Algorithm::AhoCorasick">perl implement ahocorasick algorithm</weblink>vaclav barta</entry><entry level="1" type="bullet"><weblink ns0:type="simple" ns0:href="http://hkn.eecs.berkeley.edu/~dyoo/python/ahocorasick/">python implement</weblink>licens gplv version</entry></list></p></sec></bdy></algorithm></activity></procedure></psychological_feature></act></rule></event></article>