<article xmlns:ns0="http://www.w3.org/1999/xlink"><invention confidence="0.9511911446218017" wordnetid="105633385"><agent confidence="0.9511911446218017" wordnetid="109190918"><header><title>propranolol</title><id /><revision><id /><timestamp>tz</timestamp><contributor><username>tobi bartel</username><id /></contributor></revision><categories><category>anxiolyt</category><category>scottish invent</category><category>beta blocker</category><category>antiarrhythm agent</category></categories></header><bdy><table id="drugInfoBox" style="float: right; clear: right; margin: 0 0 0.5em 1em; background: #ffffff;" width="280" align="right" cellpadding="1" class="toccolours" border="0"><row><col colspan="2" align="center"><image width="150px" src="Propranolol-2D-skeletal.png"><caption>px</caption></image></col></row><row><col colspan="2" align="center"><image width="150px" src="Propranolol-from-xtal-3D-balls.png"><caption>px</caption></image></col></row><row><col colspan="2" align="center">propranolol</col></row><row><col colspan="2" align="center" bgcolor="#dddddd"><b>systemat<link ns0:type="simple" ns0:href="../503/3141503.xml">iupac</link></b></col></row><row><col colspan="2" style="text-align: center; vertical-align: top;" bgcolor="#eeeeee">isopropylaminonaphthalenyloxypropanol</col></row><row><col colspan="2" bgcolor="#dddddd"><b>identifi</b></col></row><row><col width="90" bgcolor="#ddeeff"><link ns0:type="simple" ns0:href="../815/160815.xml">ca number</link></col><col bgcolor="#eeeeee"><weblink ns0:type="simple" ns0:href="http://www.nlm.nih.gov/cgi/mesh/2008/MB_cgi?term=525-66-6 rn=1" /></col></row><row><col bgcolor="#ddeeff"><link ns0:type="simple" ns0:href="../770/2770.xml">atc code</link></col><col bgcolor="#eeeeee"><written_communication wordnetid="106349220" confidence="0.8"><code wordnetid="106667317" confidence="0.8"><link /></code></written_communication><weblink ns0:type="simple" ns0:href="http://www.whocc.no/atcddd/indexdatabase/index.php?query=C07AA05">aa</weblink></col></row><row><col bgcolor="#ddeeff"><institute wordnetid="108407330" confidence="0.8"><association wordnetid="108049401" confidence="0.8"><link ns0:type="simple" ns0:href="../723/2863723.xml">pubchem</link></association></institute></col><col bgcolor="#eeeeee"><weblink ns0:type="simple" ns0:href="http://pubchem.ncbi.nlm.nih.gov/summary/summary.cgi?cid=4946" /></col></row><row><col bgcolor="#ddeeff"><link ns0:type="simple" ns0:href="../731/3408731.xml">drugbank</link></col><col bgcolor="#eeeeee"><weblink ns0:type="simple" ns0:href="http://www.drugbank.ca/cgi-bin/show_drug.cgi?CARD=APRD00194">aprd</weblink></col></row><row><col colspan="2" bgcolor="#dddddd"><b>chemic data</b></col></row><row><col bgcolor="#ddeeff"><link ns0:type="simple" ns0:href="../043/7043.xml">formula</link></col><col bgcolor="#eeeeee"><link ns0:type="simple" ns0:href="../299/5299.xml" /><link ns0:type="simple" ns0:href="../255/13255.xml" /><link ns0:type="simple" ns0:href="../175/21175.xml" /><link ns0:type="simple" ns0:href="../303/22303.xml" /></col></row><row><col bgcolor="#ddeeff"><link ns0:type="simple" ns0:href="../836/19836.xml">mol mass</link></col><col bgcolor="#eeeeee">gmol</col></row><row><col colspan="2" bgcolor="#dddddd"><b>pharmacokinet data</b></col></row><row><col style="vertical-align: top;" bgcolor="#ddeeff"><link ns0:type="simple" ns0:href="../021/769021.xml">bioavail</link></col><col bgcolor="#eeeeee" /></row><row><col style="vertical-align: top;" bgcolor="#ddeeff"><link ns0:type="simple" ns0:href="../475/1173475.xml">metabol</link></col><col bgcolor="#eeeeee"><link ns0:type="simple" ns0:href="../301/17384301.xml">hepat</link>extens</col></row><row><col style="vertical-align: top;" bgcolor="#ddeeff"><link ns0:type="simple" ns0:href="../099/3206099.xml">half life</link></col><col bgcolor="#eeeeee">hour</col></row><row><col style="vertical-align: top;" bgcolor="#ddeeff"><link ns0:type="simple" ns0:href="../468/255468.xml">excret</link></col><col bgcolor="#eeeeee"><link ns0:type="simple" ns0:href="../025/17025.xml">renal</link></col></row><row><col colspan="2" bgcolor="#dddddd"><b>therapeut consider</b></col></row><row><col bgcolor="#ddeeff"><link ns0:type="simple" ns0:href="../840/1186840.xml">licenc data</link></col><col bgcolor="#eeeeee"><weblink ns0:type="simple" ns0:href="http://www.accessdata.fda.gov/scripts/cder/drugsatfda/index.cfm?fuseaction=Search.SearchAction SearchTerm=Propranolol SearchType=BasicSearch" /></col></row><row><col style="vertical-align: top;" bgcolor="#ddeeff"><link ns0:type="simple" ns0:href="../622/588622.xml">pregnanc cat</link></col><col bgcolor="#eeeeee"><country wordnetid="108544813" confidence="0.9508927676800064"><link ns0:type="simple" ns0:href="../264/4689264.xml">au</link></country><body wordnetid="107965085" confidence="0.8"><social_group wordnetid="107950920" confidence="0.8"><political_orientation wordnetid="106212839" confidence="0.8"><colony wordnetid="108374049" confidence="0.8"><state wordnetid="108168978" confidence="0.8"><political_unit wordnetid="108359949" confidence="0.8"><group wordnetid="100031264" confidence="0.8"><democracy wordnetid="106217103" confidence="0.8"><link ns0:type="simple" ns0:href="../750/3434750.xml" /></democracy></group></political_unit></state></colony></political_orientation></social_group></body></col></row><row><col style="vertical-align: top;" bgcolor="#ddeeff"><link ns0:type="simple" ns0:href="../840/1186840.xml">legal statu</link></col><col bgcolor="#eeeeee"><link ns0:type="simple" ns0:href="../716/2458716.xml#xpointer(//*[./st=%22Schedule+4+Prescription+Only+Medicine%22])">prescript</link><country wordnetid="108544813" confidence="0.9508927676800064"><link ns0:type="simple" ns0:href="../264/4689264.xml">au</link></country><link ns0:type="simple" ns0:href="../238/359238.xml">pom</link><autocracy wordnetid="108361001" confidence="0.8"><system wordnetid="108435388" confidence="0.8"><social_group wordnetid="107950920" confidence="0.8"><political_orientation wordnetid="106212839" confidence="0.8"><monarchy wordnetid="108363812" confidence="0.8"><state wordnetid="108168978" confidence="0.8"><political_unit wordnetid="108359949" confidence="0.8"><political_system wordnetid="108367880" confidence="0.8"><economy wordnetid="108366753" confidence="0.8"><group wordnetid="100031264" confidence="0.8"><democracy wordnetid="106217103" confidence="0.8"><link ns0:type="simple" ns0:href="../717/31717.xml">uk</link></democracy></group></economy></political_system></political_unit></state></monarchy></political_orientation></social_group></system></autocracy><link ns0:type="simple" ns0:href="../238/359238.xml" /><body wordnetid="107965085" confidence="0.8"><social_group wordnetid="107950920" confidence="0.8"><political_orientation wordnetid="106212839" confidence="0.8"><colony wordnetid="108374049" confidence="0.8"><state wordnetid="108168978" confidence="0.8"><political_unit wordnetid="108359949" confidence="0.8"><group wordnetid="100031264" confidence="0.8"><democracy wordnetid="106217103" confidence="0.8"><link ns0:type="simple" ns0:href="../750/3434750.xml" /></democracy></group></political_unit></state></colony></political_orientation></social_group></body></col></row><row><col style="vertical-align: top;" bgcolor="#ddeeff"><work wordnetid="100575741" confidence="0.8"><treatment wordnetid="100658082" confidence="0.8"><event wordnetid="100029378" confidence="0.8"><care wordnetid="100654885" confidence="0.8"><act wordnetid="100030358" confidence="0.8"><psychological_feature wordnetid="100023100" confidence="0.8"><activity wordnetid="100407535" confidence="0.8"><link ns0:type="simple" ns0:href="../816/334816.xml">rout</link></activity></psychological_feature></act></care></event></treatment></work></col><col bgcolor="#eeeeee">oral<link ns0:type="simple" ns0:href="../769/178769.xml">iv</link></col></row></table><b>propranolol</b><link ns0:type="simple" ns0:href="../768/611768.xml">inn</link>nonselect<link ns0:type="simple" ns0:href="../150/180150.xml">beta blocker</link>treatment<link ns0:type="simple" ns0:href="../432/77432.xml">hypertens</link>success beta blocker develop drug proven effect<link ns0:type="simple" ns0:href="../621/186621.xml">prophylaxi</link>migrain children propranolol gener form propranolol hydrochlorid well<company wordnetid="108058098" confidence="0.9508927676800064"><link ns0:type="simple" ns0:href="../872/441872.xml">astrazeneca</link></company><company wordnetid="108058098" confidence="0.9508927676800064"><link ns0:type="simple" ns0:href="../147/2821147.xml">wyeth</link></company>product<link ns0:type="simple" ns0:href="../404/230404.xml">trade</link>inder inder la avlocardyl deralin dociton inderalici innopran xl sumial depend marketplac releas rate<sec><st>histori develop</st><p><country wordnetid="108544813" confidence="0.9508927676800064"><link ns0:type="simple" ns0:href="../994/26994.xml">scottish</link></country>scientist st andrew graduat<physical_entity wordnetid="100001930" confidence="0.8"><person wordnetid="100007846" confidence="0.8"><acquirer wordnetid="109764201" confidence="0.8"><scientist wordnetid="110560637" confidence="0.8"><recipient wordnetid="109627906" confidence="0.8"><educator wordnetid="110045713" confidence="0.8"><doctor wordnetid="110020890" confidence="0.8"><creator wordnetid="109614315" confidence="0.8"><associate wordnetid="109816771" confidence="0.8"><chancellor wordnetid="109906986" confidence="0.8"><communicator wordnetid="109610660" confidence="0.8"><biologist wordnetid="109855630" confidence="0.8"><laureate wordnetid="110249011" confidence="0.8"><negotiator wordnetid="110351874" confidence="0.8"><peer wordnetid="109626238" confidence="0.8"><honoree wordnetid="110183757" confidence="0.8"><pharmacologist wordnetid="110421753" confidence="0.8"><colleague wordnetid="109935990" confidence="0.8"><adult wordnetid="109605289" confidence="0.8"><health_professional wordnetid="110165109" confidence="0.8"><inventor wordnetid="110214637" confidence="0.8"><professional wordnetid="110480253" confidence="0.8"><representative wordnetid="110522035" confidence="0.8"><medical_practitioner wordnetid="110305802" confidence="0.8"><pharmacist wordnetid="110421470" confidence="0.8"><causal_agent wordnetid="100007347" confidence="0.8"><academician wordnetid="109759069" confidence="0.8"><head_of_state wordnetid="110164747" confidence="0.8"><link ns0:type="simple" ns0:href="../415/337415.xml">jame black</link></head_of_state></academician></causal_agent></pharmacist></medical_practitioner></representative></professional></inventor></health_professional></adult></colleague></pharmacologist></honoree></peer></negotiator></laureate></biologist></communicator></chancellor></associate></creator></doctor></educator></recipient></scientist></acquirer></person></physical_entity>develop propranolol late award<link ns0:type="simple" ns0:href="../502/52502.xml">nobel prize medicin</link>discoveri propranolol deriv earli adrenerg antagonist<link ns0:type="simple" ns0:href="../019/4769019.xml">dichloroisoprenalin</link><link ns0:type="simple" ns0:href="../859/18880859.xml">pronethalol</link>key structur modif carri essenti subsequ beta blocker insert<link>oxymethylen</link>bridg arylethanolamin structur pronethalol greatli increas potenc compound elimin<link ns0:type="simple" ns0:href="../445/6445.xml">carcinogen</link>pronethalol anim model</p></sec><sec><st>pharmacolog</st><p>main articl<link ns0:type="simple" ns0:href="../150/180150.xml">beta blocker</link></p><p>propranolol<link ns0:type="simple" ns0:href="../150/180150.xml">nonselect beta blocker</link>block action<link ns0:type="simple" ns0:href="../250/10250.xml">epinephrin</link><link ns0:type="simple" ns0:href="../017/241017.xml">adrenerg receptor</link>intrins sympathomimet activ isa strong membran stabil activ high blood concentr overdosag lpropranolol power<link ns0:type="simple" ns0:href="../017/241017.xml">adrenoceptor antagonist</link>dpropranolol<link ns0:type="simple" ns0:href="../734/175734.xml">local anesthet</link>term topic</p></sec><sec><st>pharmacokinet</st><p>propranolol rapidli complet absorb peak plasma level achiev hour ingest coadministr food appear enhanc bioavail despit complet absorpt propranolol variabl<link ns0:type="simple" ns0:href="../021/769021.xml">bioavail</link>extens<link ns0:type="simple" ns0:href="../539/1173539.xml">firstpass metabol</link><link ns0:type="simple" ns0:href="../301/17384301.xml">hepat</link>impair will increas bioavail main metabolit hydroxypropranolol longer<link ns0:type="simple" ns0:href="../606/13606.xml">halflif</link>hour parent compound hour pharmacolog activ</p><p>propranolol highli<link ns0:type="simple" ns0:href="../745/596745.xml">lipophil</link>drug achiev high concentr brain durat action singl oral dose longer halflif hour singl dose high effect plasma concentr ngml</p><p>toxic level associ plasma concentr ngml</p></sec><sec><st>clinic</st><p><image location="right" width="150px" src="Propranolol_80mg.png" type="thumb"><caption>capsul propranolol</caption></image>main articl<link ns0:type="simple" ns0:href="../150/180150.xml">beta blocker</link></p><ss1><st>indic</st><p>propranolol indic manag condit includ<ref ns0:type="simple" ns0:href="#xpointer(//reflist/entry[@id=%221%22])" /><list><entry level="1" type="bullet"><link ns0:type="simple" ns0:href="../432/77432.xml">hypertens</link></entry><entry level="1" type="bullet"><link ns0:type="simple" ns0:href="../862/65862.xml">angina pectori</link></entry><entry level="1" type="bullet"><link ns0:type="simple" ns0:href="../562/5562.xml">tachyarrhythmia</link></entry><entry level="1" type="bullet"><link ns0:type="simple" ns0:href="../969/60969.xml">myocardi infarct</link></entry><entry level="1" type="bullet">control<link ns0:type="simple" ns0:href="../581/160581.xml">tachycardia</link>tremor associ<link ns0:type="simple" ns0:href="../922/922.xml">anxieti</link><link ns0:type="simple" ns0:href="../492/13492.xml">hyperthyroid</link><substance wordnetid="100019613" confidence="0.8"><chemical wordnetid="114806838" confidence="0.8"><part wordnetid="113809207" confidence="0.8"><stabilizer wordnetid="115052667" confidence="0.8"><material wordnetid="114580897" confidence="0.8"><link ns0:type="simple" ns0:href="../390/5700390.xml">lithium therapi</link></material></stabilizer></part></chemical></substance></entry><entry level="1" type="bullet"><link ns0:type="simple" ns0:href="../528/10528.xml">essenti tremor</link></entry><entry level="1" type="bullet"><link ns0:type="simple" ns0:href="../035/21035.xml">migrain</link>prophylaxi</entry><entry level="1" type="bullet"><link ns0:type="simple" ns0:href="../197/322197.xml">tension headach</link>label</entry><entry level="1" type="bullet"><link ns0:type="simple" ns0:href="../284/242284.xml">tetralog fallot</link></entry><entry level="1" type="bullet"><link ns0:type="simple" ns0:href="../088/277088.xml">phaeochromocytoma</link><link ns0:type="simple" ns0:href="../667/18484667.xml">blocker</link></entry><entry level="1" type="bullet"><link ns0:type="simple" ns0:href="../974/82974.xml">post traumat stress disord</link>experiment</entry><entry level="1" type="bullet"><link ns0:type="simple" ns0:href="../748/74748.xml">glaucoma</link></entry></list></p><p>firstlin treatment<link ns0:type="simple" ns0:href="../432/77432.xml">hypertens</link>role betablock downgrad june<autocracy wordnetid="108361001" confidence="0.8"><system wordnetid="108435388" confidence="0.8"><social_group wordnetid="107950920" confidence="0.8"><political_orientation wordnetid="106212839" confidence="0.8"><monarchy wordnetid="108363812" confidence="0.8"><state wordnetid="108168978" confidence="0.8"><political_unit wordnetid="108359949" confidence="0.8"><political_system wordnetid="108367880" confidence="0.8"><economy wordnetid="108366753" confidence="0.8"><group wordnetid="100031264" confidence="0.8"><democracy wordnetid="106217103" confidence="0.8"><link ns0:type="simple" ns0:href="../717/31717.xml">unit kingdom</link></democracy></group></economy></political_system></political_unit></state></monarchy></political_orientation></social_group></system></autocracy>fourthlin perform well drug elderli evid increas frequent betablock usual dose carri unaccept risk provok<link ns0:type="simple" ns0:href="../502/154502.xml">type diabet</link><ref ns0:type="simple" ns0:href="#xpointer(//reflist/entry[@id=%222%22])" /></p><p>propranolol lower<link ns0:type="simple" ns0:href="../642/235642.xml">portal vein</link>pressur<link ns0:type="simple" ns0:href="../615/707615.xml">portal hypertens</link>prevent<link ns0:type="simple" ns0:href="../254/702254.xml">oesophag varic</link>bleed</p><p>propranolol musician perform prevent<link ns0:type="simple" ns0:href="../102/600102.xml">stage fright</link></p><p>propranolol current investig potenti treatment<link ns0:type="simple" ns0:href="../974/82974.xml">posttraumat stress disord</link><ref ns0:type="simple" ns0:href="#xpointer(//reflist/entry[@id=%223%22])" /><ref ns0:type="simple" ns0:href="#xpointer(//reflist/entry[@id=%224%22])" /><ref ns0:type="simple" ns0:href="#xpointer(//reflist/entry[@id=%225%22])" /></p></ss1><ss1><st>precautionscontraind</st><p>propranolol caution patient<ref ns0:type="simple" ns0:href="#xpointer(//reflist/entry[@id=%221%22])" /></p><p><list><entry level="1" type="bullet"><link ns0:type="simple" ns0:href="../677/44677.xml">diabet mellitu</link><link ns0:type="simple" ns0:href="../492/13492.xml">hyperthyroid</link>sign symptom<link ns0:type="simple" ns0:href="../315/13315.xml">hypoglycaemia</link>mask propranolol affect blood sugar level</entry><entry level="1" type="bullet"><disease wordnetid="114070360" confidence="0.9508927676800064"><link ns0:type="simple" ns0:href="../173/489173.xml">peripher vascular diseas</link></disease><link ns0:type="simple" ns0:href="../203/599203.xml">raynaud syndrom</link>exacerb</entry><entry level="1" type="bullet"><link ns0:type="simple" ns0:href="../088/277088.xml">phaeochromocytoma</link><link ns0:type="simple" ns0:href="../432/77432.xml">hypertens</link>aggrav prior<link ns0:type="simple" ns0:href="../667/18484667.xml">alpha blocker</link>therapi</entry><entry level="1" type="bullet"><link ns0:type="simple" ns0:href="../998/18998.xml">myasthenia gravi</link>worsen</entry><entry level="1" type="bullet">drug<link ns0:type="simple" ns0:href="../872/5872.xml">bradycard</link>effect</entry></list></p><p>propranolol contraind patient<ref ns0:type="simple" ns0:href="#xpointer(//reflist/entry[@id=%221%22])" /></p><p><list><entry level="1" type="bullet">revers airway diseas<link ns0:type="simple" ns0:href="../905/44905.xml">asthma</link><link ns0:type="simple" ns0:href="../033/63033.xml">chronic obstruct pulmonari diseas</link>copd</entry><entry level="1" type="bullet"><link ns0:type="simple" ns0:href="../872/5872.xml">bradycardia</link>beatsminut</entry><entry level="1" type="bullet"><disease wordnetid="114070360" confidence="0.9508927676800064"><link ns0:type="simple" ns0:href="../141/414141.xml">sick sinu syndrom</link></disease></entry><entry level="1" type="bullet"><link ns0:type="simple" ns0:href="../933/2282933.xml">atrioventricular block</link>second third degre</entry><entry level="1" type="bullet"><link ns0:type="simple" ns0:href="../311/146311.xml">shock</link></entry><entry level="1" type="bullet">sever<link ns0:type="simple" ns0:href="../475/500475.xml">hypotens</link></entry><entry level="1" type="bullet">uncontrol<link ns0:type="simple" ns0:href="../930/249930.xml">congest heart failur</link></entry><entry level="1" type="bullet">cocain toxic american heart associ guidelin</entry></list></p></ss1><ss1><st>advers effect</st><p><link ns0:type="simple" ns0:href="../833/1274833.xml">advers drug reaction</link>adr associ propranolol therapi lipophil beta blocker<it><link ns0:type="simple" ns0:href="../150/180150.xml">beta blocker</link></it></p></ss1><ss1><st>pregnanc lactat</st><p>propranolol beta blocker classifi<link ns0:type="simple" ns0:href="../622/588622.xml">pregnanc categori</link>unit<link ns0:type="simple" ns0:href="../367/2340367.xml">adec</link>categori australia betablock agent gener reduc perfus placenta lead advers outcom<link ns0:type="simple" ns0:href="../304/349304.xml">neonat</link>includ<link ns0:type="simple" ns0:href="../863/36863.xml">pulmonari</link><link ns0:type="simple" ns0:href="../808/36808.xml">cardiac</link>complic prematur birth newborn experi addit advers effect<link ns0:type="simple" ns0:href="../315/13315.xml">hypoglycemia</link><link ns0:type="simple" ns0:href="../872/5872.xml">bradycardia</link></p><p>betablock agent appear milk<link ns0:type="simple" ns0:href="../279/250279.xml">lactat</link>women case<link ns0:type="simple" ns0:href="../745/596745.xml">lipophil</link>drug propranolol breastfeed recommend patient receiv propranolol therapi</p></ss1><ss1><st>interact</st><p>beta blocker includ propranolol addit drug decreas blood pressur decreas cardiac contractil conduct clinicallysignific interact occur<ref ns0:type="simple" ns0:href="#xpointer(//reflist/entry[@id=%221%22])" /></p><p><list><entry level="1" type="bullet"><link ns0:type="simple" ns0:href="../963/525963.xml">verapamil</link></entry><entry level="1" type="bullet"><link ns0:type="simple" ns0:href="../250/10250.xml">epinephrin</link></entry><entry level="1" type="bullet"><link ns0:type="simple" ns0:href="../647/1708647.xml">adrenerg receptor agonist</link></entry><entry level="1" type="bullet"><link ns0:type="simple" ns0:href="../643/556643.xml">clonidin</link></entry><entry level="1" type="bullet"><link ns0:type="simple" ns0:href="../512/621512.xml">ergot alkaloid</link></entry><entry level="1" type="bullet"><link ns0:type="simple" ns0:href="../849/2337849.xml">isoprenalin</link></entry><entry level="1" type="bullet"><link ns0:type="simple" ns0:href="../071/22071.xml">nonsteroid antiinflammatori drug</link></entry><entry level="1" type="bullet"><link ns0:type="simple" ns0:href="../411/640411.xml">quinidin</link></entry><entry level="1" type="bullet"><link ns0:type="simple" ns0:href="../112/1018112.xml">cimetidin</link></entry><entry level="1" type="bullet"><link ns0:type="simple" ns0:href="../762/298762.xml">lidocain</link></entry><entry level="1" type="bullet"><link ns0:type="simple" ns0:href="../678/1588678.xml">phenobarbit</link></entry><entry level="1" type="bullet"><link ns0:type="simple" ns0:href="../146/928146.xml">rifampicin</link></entry></list></p></ss1><ss1><st>dosag</st><p>usual mainten dose rang oral propranolol therapi vari indic</p><p><list><entry level="1" type="bullet">hypertens angina essenti tremor</entry><entry level="2" type="bullet">daili divid dose</entry><entry level="2" type="bullet">sustainedreleas formul market</entry><entry level="1" type="bullet">tachyarrhythmia anxieti hyperthyroid</entry><entry level="2" type="bullet">time daili</entry></list></p><p>intraven<link ns0:type="simple" ns0:href="../769/178769.xml">iv</link>propranolol acut<link ns0:type="simple" ns0:href="../562/5562.xml">arrhythmia</link><link ns0:type="simple" ns0:href="../492/13492.xml">thyrotox crisi</link><ref ns0:type="simple" ns0:href="#xpointer(//reflist/entry[@id=%226%22])" /></p></ss1><ss1><st>role malaria</st><p>propranolol number membraneact drug investig effect<it><link ns0:type="simple" ns0:href="../177/544177.xml">falciparum</link></it>treatment<link ns0:type="simple" ns0:href="../423/20423.xml">malaria</link>vitro posit effect match vivo antiparasit activ<it><link>vinckei</link></it><ref ns0:type="simple" ns0:href="#xpointer(//reflist/entry[@id=%227%22])" /><it><link ns0:type="simple" ns0:href="../946/6936946.xml">yoelii nigeriensi</link></it><ref ns0:type="simple" ns0:href="#xpointer(//reflist/entry[@id=%228%22])" />singl studi suggest propranolol reduc dosag requir exist drug effect<it>falciparum</it>fold suggest role combin therapi<ref ns0:type="simple" ns0:href="#xpointer(//reflist/entry[@id=%229%22])" /></p></ss1></sec><sec><st>refer</st><p><reflist><entry id="1">rossi editor<link ns0:type="simple" ns0:href="../871/1189871.xml">australian medicin handbook</link>adelaid australian medicin handbook</entry><entry id="2">sheetal ladva<weblink ns0:type="simple" ns0:href="http://www.nelm.nhs.uk/Record%20Viewing/viewRecord.aspx?id=567178">nice bh launch updat hypertens guidelin</weblink><link ns0:type="simple" ns0:href="../680/429680.xml">nation institut health clinic excel</link>retriev<link /></entry><entry id="3"><weblink ns0:type="simple" ns0:href="http://www.msnbc.msn.com/id/10806799/">doctor test drug eas traumat memori mental health msnbccom</weblink>retriev<link /></entry><entry id="4"><cite style="font-style:normal">brunet orr sp tremblay robertson nader pitman rk postretriev propranolol psychophysiolog respond subsequ scriptdriven traumat imageri posttraumat stress disord<document wordnetid="106470073" confidence="0.8"><written_communication wordnetid="106349220" confidence="0.8"><writing wordnetid="106362953" confidence="0.8"><link ns0:type="simple" ns0:href="../994/422994.xml">doi</link></writing></written_communication></document><weblink ns0:type="simple" ns0:href="http://dx.doi.org/10.1016%2Fj.jpsychires.2007.05.006">jjpsychir</weblink>pmid</cite></entry><entry id="5"><weblink ns0:type="simple" ns0:href="http://www.sciencedirect.com/science?_ob=ArticleURL _udi=B6T8T-4P1G931-2 _user=10 _coverDate=06%2F22%2F2007 _alid=594818882 _rdoc=1 _fmt=summary _orig=search _cdi=5095 _sort=d _docanchor= view=c _ct=1 _acct=C000050221 _version=1 _urlVersion=0 _userid=10 md5=cff0ee031b688b5fbc74a7de54915c38">postretriev propranolol psychophysiolog respond subsequ scriptdriven traumat imageri posttraumat stress disord</weblink></entry><entry id="6"><list><entry level="1" type="bullet">joint formulari committe<book wordnetid="106410904" confidence="0.9508927676800064"><link ns0:type="simple" ns0:href="../142/124142.xml">british nation formulari</link></book>edit london british medic associ royal pharmaceut societi great britain</entry></list></entry><entry id="7"><cite style="font-style:normal">ohnishi sadanaga katsuoka weidanz effect membran actingdrug plasmodium speci sickl cell erythrocyt<it>mol cell biochem</it><b /><document wordnetid="106470073" confidence="0.8"><written_communication wordnetid="106349220" confidence="0.8"><writing wordnetid="106362953" confidence="0.8"><link ns0:type="simple" ns0:href="../994/422994.xml">doi</link></writing></written_communication></document><weblink ns0:type="simple" ns0:href="http://dx.doi.org/10.1007%2FBF00228091">bf</weblink>pmid</cite></entry><entry id="8"><cite style="font-style:normal">singh puri interact chloroquin divers pharmacolog agent chloroquin resist plasmodium yoelii nigeriensi<it>acta trop</it><b /><document wordnetid="106470073" confidence="0.8"><written_communication wordnetid="106349220" confidence="0.8"><writing wordnetid="106362953" confidence="0.8"><link ns0:type="simple" ns0:href="../994/422994.xml">doi</link></writing></written_communication></document><weblink ns0:type="simple" ns0:href="http://dx.doi.org/10.1016%2FS0001-706X%2800%2900133-9">sx</weblink>pmid</cite></entry><entry id="9"><cite style="font-style:normal">murphi harrison hamm lomasney mohanda haldar dec erythrocyt protein novel target malari chemotherapi<it>plo med</it><b /><document wordnetid="106470073" confidence="0.8"><written_communication wordnetid="106349220" confidence="0.8"><writing wordnetid="106362953" confidence="0.8"><link ns0:type="simple" ns0:href="../994/422994.xml">doi</link></writing></written_communication></document><weblink ns0:type="simple" ns0:href="http://dx.doi.org/10.1371%2Fjournal.pmed.0030528">journalpm</weblink>pmid</cite></entry></reflist></p></sec><sec><st>extern link</st><p><list><entry level="1" type="bullet"><weblink ns0:type="simple" ns0:href="http://www.ncbi.nlm.nih.gov/entrez/query.fcgi?cmd=Retrieve db=PubMed list_uids=9456487 dopt=Abstract">histor remark propranolol inventor</weblink></entry><entry level="1" type="bullet"><weblink ns0:type="simple" ns0:href="http://www.sciam.com/article.cfm?chanID=sa004 articleID=0006783F-2CFE-1FE2-ACFE83414B7FFE9F pageNumber=1 catID=4">scientif american interview jame mcgaugh</weblink></entry><entry level="1" type="bullet"><weblink ns0:type="simple" ns0:href="http://www.cbsnews.com/stories/2006/11/22/60minutes/main2205629.shtml">cb news minut pill forget</weblink></entry><entry level="1" type="bullet"><weblink ns0:type="simple" ns0:href="http://papers.ssrn.com/sol3/papers.cfm?abstract_id=887061">therapeut forget legal ethic implic memori dampen vanderbilt law review</weblink></entry></list></p><p><table style=";" class="navbox" cellspacing="0"><row><col style="padding:2px;"><table style="width:100%;background:transparent;color:inherit;;" class="nowraplinks collapsible autocollapse " cellspacing="0"><row><header colspan="2" style=";" class="navbox-title"><link ns0:type="simple" ns0:href="../594/12653594.xml">adrenerg antagonist</link></header></row><row style="height:2px;" /><row><col style=";background:LightYellow;;" class="navbox-group"><link ns0:type="simple" ns0:href="../667/18484667.xml" /></col><col style="text-align:left;border-left:2px solid #fdfdfd;width:100%;padding:0px;;;" class="navbox-list navbox-odd"><table style="width:100%;;;;" class="nowraplinks  navbox-subgroup" cellspacing="0"><row><col style=";padding-left:0em;padding-right:0em;background-color: LightYellow;" class="navbox-group"><link ns0:type="simple" ns0:href="../722/2605722.xml">select</link></col><col style="text-align:left;border-left:2px solid #fdfdfd;width:100%;padding:0px;;;" class="navbox-list navbox-odd"><link ns0:type="simple" ns0:href="../986/2127986.xml">doxazosin</link><link ns0:type="simple" ns0:href="../429/2257429.xml">prazosin</link><link ns0:type="simple" ns0:href="../783/2294783.xml">alfuzosin</link><link ns0:type="simple" ns0:href="../723/2409723.xml">terazosin</link><link ns0:type="simple" ns0:href="../696/6833696.xml">indoramin</link><link ns0:type="simple" ns0:href="../576/18486576.xml">urapidil</link><link ns0:type="simple" ns0:href="../585/18486585.xml">trimazosin</link><link ns0:type="simple" ns0:href="../878/12767878.xml">moxisylyt</link><it><structure wordnetid="105225602" confidence="0.8"><receptor wordnetid="105608868" confidence="0.8"><part wordnetid="109385911" confidence="0.8"><body_part wordnetid="105220461" confidence="0.8"><link ns0:type="simple" ns0:href="../881/14288881.xml" /></body_part></part></receptor></structure></it><link ns0:type="simple" ns0:href="../934/2941934.xml">tamsulosin</link><link ns0:type="simple" ns0:href="../056/11219056.xml">silodosin</link></col></row><row style="height:2px" /><row><col style=";padding-left:0em;padding-right:0em;background-color: LightYellow;" class="navbox-group"><link ns0:type="simple" ns0:href="../744/18484744.xml">select</link></col><col style="text-align:left;border-left:2px solid #fdfdfd;width:100%;padding:0px;;;" class="navbox-list navbox-even"><physical_entity wordnetid="100001930" confidence="0.8"><substance wordnetid="100020090" confidence="0.8"><causal_agent wordnetid="100007347" confidence="0.8"><agent wordnetid="114778436" confidence="0.8"><drug wordnetid="103247620" confidence="0.8"><link ns0:type="simple" ns0:href="../189/16913189.xml">atipamezol</link></drug></agent></causal_agent></substance></physical_entity><link ns0:type="simple" ns0:href="../004/18485004.xml">efaroxan</link><link ns0:type="simple" ns0:href="../001/14891001.xml">idazoxan</link><plant wordnetid="103956922" confidence="0.8"><structure wordnetid="104341686" confidence="0.8"><artifact wordnetid="100021939" confidence="0.8"><building_complex wordnetid="102914991" confidence="0.8"><link ns0:type="simple" ns0:href="../845/780845.xml">yohimbin</link></building_complex></artifact></structure></plant><protagonist wordnetid="110172793" confidence="0.8"><link ns0:type="simple" ns0:href="../861/1257861.xml">benzylpiperazin</link></protagonist><link ns0:type="simple" ns0:href="../478/2452478.xml">rauwolscin</link><physical_entity wordnetid="100001930" confidence="0.8"><substance wordnetid="100020090" confidence="0.8"><causal_agent wordnetid="100007347" confidence="0.8"><medicine wordnetid="103740161" confidence="0.8"><antidepressant wordnetid="102718811" confidence="0.8"><agent wordnetid="114778436" confidence="0.8"><drug wordnetid="103247620" confidence="0.8"><link ns0:type="simple" ns0:href="../555/527555.xml">mirtazapin</link></drug></agent></antidepressant></medicine></causal_agent></substance></physical_entity></col></row><row style="height:2px" /><row><col style=";padding-left:0em;padding-right:0em;background-color: LightYellow;" class="navbox-group">nonselect</col><col style="text-align:left;border-left:2px solid #fdfdfd;width:100%;padding:0px;;;" class="navbox-list navbox-odd"><it>revers</it><link ns0:type="simple" ns0:href="../095/2860095.xml">phentolamin</link><it>irrevers</it><link ns0:type="simple" ns0:href="../999/2761999.xml">phenoxybenzamin</link></col></row><row style="height:2px" /><row><col style=";padding-left:0em;padding-right:0em;background-color: LightYellow;" class="navbox-group">ungroup</col><col style="text-align:left;border-left:2px solid #fdfdfd;width:100%;padding:0px;;;" class="navbox-list navbox-even"><link ns0:type="simple" ns0:href="../131/2860131.xml">tolazolin</link></col></row></table></col></row><row style="height:2px" /><row><col style=";background:LightYellow;;" class="navbox-group"><link ns0:type="simple" ns0:href="../150/180150.xml" /></col><col style="text-align:left;border-left:2px solid #fdfdfd;width:100%;padding:0px;;;" class="navbox-list navbox-even"><table style="width:100%;;;;" class="nowraplinks  navbox-subgroup" cellspacing="0"><row><col style=";padding-left:0em;padding-right:0em;background-color: LightYellow;" class="navbox-group"><link>select</link><it>cardioselect</it></col><col style="text-align:left;border-left:2px solid #fdfdfd;width:100%;padding:0px;;;" class="navbox-list navbox-odd"><link ns0:type="simple" ns0:href="../313/712313.xml">atenolol</link><link ns0:type="simple" ns0:href="../424/15344424.xml">celiprolol</link><link ns0:type="simple" ns0:href="../518/1616518.xml">betaxolol</link><link ns0:type="simple" ns0:href="../613/3391613.xml">bisoprolol</link><link ns0:type="simple" ns0:href="../088/1116088.xml">esmolol</link><link ns0:type="simple" ns0:href="../077/841077.xml">metoprolol</link><link ns0:type="simple" ns0:href="../004/5448004.xml">nebivolol</link><it><link ns0:type="simple" ns0:href="../710/791710.xml">intrins sympatheticomimet activ</link></it><link ns0:type="simple" ns0:href="../247/3337247.xml">acebutolol</link></col></row><row style="height:2px" /><row><col style=";padding-left:0em;padding-right:0em;background-color: LightYellow;" class="navbox-group"><link>select</link></col><col style="text-align:left;border-left:2px solid #fdfdfd;width:100%;padding:0px;;;" class="navbox-list navbox-even"><link ns0:type="simple" ns0:href="../469/7456469.xml">butaxamin</link><link ns0:type="simple" ns0:href="../804/18850804.xml">ici</link></col></row><row style="height:2px" /><row><col style=";padding-left:0em;padding-right:0em;background-color: LightYellow;" class="navbox-group"><structure wordnetid="105225602" confidence="0.8"><receptor wordnetid="105608868" confidence="0.8"><part wordnetid="109385911" confidence="0.8"><body_part wordnetid="105220461" confidence="0.8"><link>select</link></body_part></part></receptor></structure></col><col style="text-align:left;border-left:2px solid #fdfdfd;width:100%;padding:0px;;;" class="navbox-list navbox-odd"><link ns0:type="simple" ns0:href="../544/18853544.xml">sr</link></col></row><row style="height:2px" /><row><col style=";padding-left:0em;padding-right:0em;background-color: LightYellow;" class="navbox-group"><link>nonselect</link></col><col style="text-align:left;border-left:2px solid #fdfdfd;width:100%;padding:0px;;;" class="navbox-list navbox-even"><link ns0:type="simple" ns0:href="../869/14162869.xml">alprenolol</link><link ns0:type="simple" ns0:href="../970/18591970.xml">amosulalol</link><link>bupranolol</link><link ns0:type="simple" ns0:href="../428/5771428.xml">metipranolol</link><link ns0:type="simple" ns0:href="../433/984433.xml">nadolol</link><substance wordnetid="100019613" confidence="0.8"><compound wordnetid="114818238" confidence="0.8"><methane_series wordnetid="114951377" confidence="0.8"><chemical wordnetid="114806838" confidence="0.8"><amine wordnetid="114739004" confidence="0.8"><part wordnetid="113809207" confidence="0.8"><organic_compound wordnetid="114727670" confidence="0.8"><material wordnetid="114580897" confidence="0.8"><aliphatic_compound wordnetid="114601294" confidence="0.8"><link ns0:type="simple" ns0:href="../651/965651.xml">oxprenolol</link></aliphatic_compound></material></organic_compound></part></amine></chemical></methane_series></compound></substance><link ns0:type="simple" ns0:href="../673/4036673.xml">penbutolol</link><link ns0:type="simple" ns0:href="../848/185848.xml">propranolol</link><link ns0:type="simple" ns0:href="../990/15344990.xml">tertatolol</link><link ns0:type="simple" ns0:href="../369/2402369.xml">timolol</link><link ns0:type="simple" ns0:href="../992/18590992.xml">tilisolol</link><physical_entity wordnetid="100001930" confidence="0.8"><causal_agent wordnetid="100007347" confidence="0.8"><agent wordnetid="109190918" confidence="0.8"><link ns0:type="simple" ns0:href="../343/936343.xml">sotalol</link></agent></causal_agent></physical_entity><it><link ns0:type="simple" ns0:href="../710/791710.xml">intrins sympatheticomimet activ</link></it><link ns0:type="simple" ns0:href="../881/1480881.xml">pindolol</link></col></row></table></col></row><row style="height:2px" /><row><col style=";background:LightYellow;;" class="navbox-group"><link>mix</link></col><col style="text-align:left;border-left:2px solid #fdfdfd;width:100%;padding:0px;;;" class="navbox-list navbox-odd"><link ns0:type="simple" ns0:href="../521/3464521.xml">carvedilol</link><link ns0:type="simple" ns0:href="../436/3260436.xml">labetalol</link><link ns0:type="simple" ns0:href="../379/18606379.xml">arotinolol</link></col></row><row style="height:2px" /><row><col style=";background:LightYellow;;" class="navbox-group">indirect</col><col style="text-align:left;border-left:2px solid #fdfdfd;width:100%;padding:0px;;;" class="navbox-list navbox-even"><it><link ns0:type="simple" ns0:href="../039/4943039.xml">tyrosin hydroxylas inhibitor</link></it><physical_entity wordnetid="100001930" confidence="0.8"><causal_agent wordnetid="100007347" confidence="0.8"><agent wordnetid="109190918" confidence="0.8"><link ns0:type="simple" ns0:href="../782/6979782.xml">metirosin</link></agent></causal_agent></physical_entity><it><link ns0:type="simple" ns0:href="../320/780320.xml">vesicl</link>storag inhibitor</it><physical_entity wordnetid="100001930" confidence="0.8"><substance wordnetid="100020090" confidence="0.8"><substance wordnetid="100019613" confidence="0.8"><alkaloid wordnetid="114712692" confidence="0.8"><compound wordnetid="114818238" confidence="0.8"><chemical wordnetid="114806838" confidence="0.8"><causal_agent wordnetid="100007347" confidence="0.8"><part wordnetid="113809207" confidence="0.8"><organic_compound wordnetid="114727670" confidence="0.8"><inhibitor wordnetid="114724436" confidence="0.8"><agent wordnetid="109190918" confidence="0.8"><material wordnetid="114580897" confidence="0.8"><link ns0:type="simple" ns0:href="../766/1480766.xml">reserpin</link></material></agent></inhibitor></organic_compound></part></causal_agent></chemical></compound></alkaloid></substance></substance></physical_entity><it>neurotransmitt releas blocker</it><link ns0:type="simple" ns0:href="../500/4959500.xml">guanethidin</link><physical_entity wordnetid="100001930" confidence="0.8"><causal_agent wordnetid="100007347" confidence="0.8"><agent wordnetid="109190918" confidence="0.8"><link ns0:type="simple" ns0:href="../445/5047445.xml">bretylium</link></agent></causal_agent></physical_entity></col></row></table></col></row></table></p></sec></bdy></agent></invention></article>