<article xmlns:ns0="http://www.w3.org/1999/xlink"><symbol confidence="0.8" wordnetid="106806469"><award confidence="0.8" wordnetid="106696483"><signal confidence="0.8" wordnetid="106791372"><header><title>golden globe award best actor motion pictur music comedi</title><id /><revision><id /><timestamp>tz</timestamp><contributor><username>manuel trujillo berg</username><id /></contributor></revision><categories><category>film award best actor</category><category>golden globe award</category></categories></header><bdy><award wordnetid="106696483" confidence="0.9508927676800064"><link ns0:type="simple" ns0:href="../724/142724.xml">golden globe award</link></award>best actor motion pictur music comedi award<physical_entity wordnetid="100001930" confidence="0.8"><expert wordnetid="109617867" confidence="0.8"><authority wordnetid="109824361" confidence="0.8"><person wordnetid="100007846" confidence="0.8"><symbol wordnetid="106806469" confidence="0.8"><award wordnetid="106696483" confidence="0.8"><signal wordnetid="106791372" confidence="0.8"><causal_agent wordnetid="100007347" confidence="0.8"><evaluator wordnetid="110066732" confidence="0.8"><critic wordnetid="109979321" confidence="0.8"><link ns0:type="simple" ns0:href="../527/1448527.xml">hollywood foreign press associ</link></critic></evaluator></causal_agent></signal></award></symbol></person></authority></expert></physical_entity>separ categori<fundamental_quantity wordnetid="113575869" confidence="0.8"><time_period wordnetid="115113229" confidence="0.8"><year wordnetid="115203791" confidence="0.8"><link ns0:type="simple" ns0:href="../095/172095.xml" /></year></time_period></fundamental_quantity>singl award best actor motion pictur split allow recognit<symbol wordnetid="106806469" confidence="0.8"><award wordnetid="106696483" confidence="0.8"><signal wordnetid="106791372" confidence="0.8"><link ns0:type="simple" ns0:href="../074/186074.xml">best actor drama</link></signal></award></symbol><p>formal titl vari incept offici call best perform actor motion pictur music comedi</p><ss1><st /><p><list><entry level="1" type="bullet"><person wordnetid="100007846" confidence="0.9508927676800064"><actor wordnetid="109765278" confidence="0.9173553029164789"><dancer wordnetid="109989502" confidence="0.9173553029164789"><link ns0:type="simple" ns0:href="../962/64962.xml">fred astair</link></dancer></actor></person><it><movie wordnetid="106613686" confidence="0.9508927676800064"><link ns0:type="simple" ns0:href="../134/3396134.xml">three</link></movie></it></entry><entry level="1" type="bullet"><person wordnetid="100007846" confidence="0.9508927676800064"><actor wordnetid="109765278" confidence="0.9508927676800064"><link ns0:type="simple" ns0:href="../002/9002.xml">danni kay</link></actor></person><it><movie wordnetid="106613686" confidence="0.9508927676800064"><link ns0:type="simple" ns0:href="../478/6983478.xml">riviera</link></movie></it></entry><entry level="1" type="bullet"><actor wordnetid="109765278" confidence="0.9508927676800064"><link ns0:type="simple" ns0:href="../705/329705.xml">donald oconnor</link></actor><it><movie wordnetid="106613686" confidence="0.9508927676800064"><link ns0:type="simple" ns0:href="../157/1883157.xml">singin rain</link></movie></it></entry><entry level="1" type="bullet"><person wordnetid="100007846" confidence="0.9508927676800064"><actor wordnetid="109765278" confidence="0.9508927676800064"><link ns0:type="simple" ns0:href="../762/53762.xml">david niven</link></actor></person><it><link>moon blue</link></it></entry><entry level="1" type="bullet"><person wordnetid="100007846" confidence="0.9508927676800064"><actor wordnetid="109765278" confidence="0.9508927676800064"><link ns0:type="simple" ns0:href="../388/74388.xml">jame mason</link></actor></person><it><movie wordnetid="106613686" confidence="0.9508927676800064"><link ns0:type="simple" ns0:href="../570/3450570.xml">star born</link></movie></it></entry><entry level="1" type="bullet"><actor wordnetid="109765278" confidence="0.9508927676800064"><link ns0:type="simple" ns0:href="../812/1374812.xml">tom ewel</link></actor><it><movie wordnetid="106613686" confidence="0.9508927676800064"><link ns0:type="simple" ns0:href="../753/763753.xml">year itch</link></movie></it></entry><entry level="1" type="bullet"><actor wordnetid="109765278" confidence="0.9508927676800064"><link ns0:type="simple" ns0:href="../514/151514.xml">cantinfla</link></actor><it><movie wordnetid="106613686" confidence="0.9508927676800064"><link ns0:type="simple" ns0:href="../816/1133816.xml">day</link></movie></it></entry><entry level="1" type="bullet"><person wordnetid="100007846" confidence="0.9508927676800064"><singer wordnetid="110599806" confidence="0.9173553029164789"><actor wordnetid="109765278" confidence="0.9173553029164789"><artist wordnetid="109812338" confidence="0.9508927676800064"><link ns0:type="simple" ns0:href="../181/11181.xml">frank sinatra</link></artist></actor></singer></person><it><movie wordnetid="106613686" confidence="0.9508927676800064"><link ns0:type="simple" ns0:href="../825/9956825.xml">pal joey</link></movie></it></entry><entry level="1" type="bullet"><person wordnetid="100007846" confidence="0.9508927676800064"><actor wordnetid="109765278" confidence="0.9508927676800064"><link ns0:type="simple" ns0:href="../002/9002.xml">danni kay</link></actor></person><it><link ns0:type="simple" ns0:href="../609/10644609.xml">colonel</link></it></entry></list></p></ss1><ss1><st /><p><list><entry level="1" type="bullet"><film_director wordnetid="110088200" confidence="0.9173553029164789"><comedian wordnetid="109940146" confidence="0.9173553029164789"><person wordnetid="100007846" confidence="0.9508927676800064"><actor wordnetid="109765278" confidence="0.9173553029164789"><link ns0:type="simple" ns0:href="../821/15821.xml">jack lemmon</link></actor></person></comedian></film_director><it><movie wordnetid="106613686" confidence="0.9508927676800064"><link ns0:type="simple" ns0:href="../366/76366.xml">hot</link></movie></it></entry><entry level="1" type="bullet"><film_director wordnetid="110088200" confidence="0.9173553029164789"><comedian wordnetid="109940146" confidence="0.9173553029164789"><person wordnetid="100007846" confidence="0.9508927676800064"><actor wordnetid="109765278" confidence="0.9173553029164789"><link ns0:type="simple" ns0:href="../821/15821.xml">jack lemmon</link></actor></person></comedian></film_director><it><movie wordnetid="106613686" confidence="0.9508927676800064"><link ns0:type="simple" ns0:href="../849/43849.xml">apart</link></movie></it></entry><entry level="1" type="bullet"><person wordnetid="100007846" confidence="0.9508927676800064"><actor wordnetid="109765278" confidence="0.9508927676800064"><link ns0:type="simple" ns0:href="../344/644344.xml">glenn ford</link></actor></person><it><movie wordnetid="106613686" confidence="0.9508927676800064"><link ns0:type="simple" ns0:href="../630/1365630.xml">pocket miracl</link></movie></it></entry><entry level="1" type="bullet"><person wordnetid="100007846" confidence="0.9508927676800064"><actor wordnetid="109765278" confidence="0.9508927676800064"><link ns0:type="simple" ns0:href="../870/161870.xml">marcello mastroianni</link></actor></person><it><movie wordnetid="106613686" confidence="0.9508927676800064"><link ns0:type="simple" ns0:href="../874/161874.xml">divorc italian style divorzio allitaliana</link></movie></it></entry><entry level="1" type="bullet"><actor wordnetid="109765278" confidence="0.9508927676800064"><link ns0:type="simple" ns0:href="../132/189132.xml">alberto sordi</link></actor><it><link>bed bed</link></it></entry><entry level="1" type="bullet"><person wordnetid="100007846" confidence="0.9508927676800064"><actor wordnetid="109765278" confidence="0.9508927676800064"><link ns0:type="simple" ns0:href="../019/99019.xml">rex harrison</link></actor></person><it><movie wordnetid="106613686" confidence="0.9508927676800064"><link ns0:type="simple" ns0:href="../072/4836072.xml">fair ladi</link></movie></it></entry><entry level="1" type="bullet"><actor wordnetid="109765278" confidence="0.9508927676800064"><link ns0:type="simple" ns0:href="../433/18433.xml">lee marvin</link></actor><it><movie wordnetid="106613686" confidence="0.9508927676800064"><link ns0:type="simple" ns0:href="../882/161882.xml">cat ballou</link></movie></it></entry><entry level="1" type="bullet"><person wordnetid="100007846" confidence="0.9508927676800064"><actor wordnetid="109765278" confidence="0.9508927676800064"><link ns0:type="simple" ns0:href="../895/161895.xml">alan arkin</link></actor></person><it><link>russian come russian come</link></it></entry><entry level="1" type="bullet"><link ns0:type="simple" ns0:href="../483/138483.xml">richard harri</link><it><movie wordnetid="106613686" confidence="0.9508927676800064"><link ns0:type="simple" ns0:href="../076/3493076.xml">camelot</link></movie></it></entry><entry level="1" type="bullet"><actor wordnetid="109765278" confidence="0.9508927676800064"><link ns0:type="simple" ns0:href="../909/161909.xml">ron moodi</link></actor><it><movie wordnetid="106613686" confidence="0.9508927676800064"><link ns0:type="simple" ns0:href="../572/4836572.xml">oliv</link></movie></it><fictional_character wordnetid="109587565" confidence="0.9508927676800064"><link ns0:type="simple" ns0:href="../440/7962440.xml">fagin</link></fictional_character></entry></list></p></ss1><ss1><st /><p><list><entry level="1" type="bullet"><person wordnetid="100007846" confidence="0.9508927676800064"><actor wordnetid="109765278" confidence="0.9508927676800064"><link ns0:type="simple" ns0:href="../321/63321.xml">peter otool</link></actor></person><it><movie wordnetid="106613686" confidence="0.9508927676800064"><link ns0:type="simple" ns0:href="../621/1170621.xml">goodby chip</link></movie></it></entry><entry level="1" type="bullet"><person wordnetid="100007846" confidence="0.9508927676800064"><actor wordnetid="109765278" confidence="0.9508927676800064"><link ns0:type="simple" ns0:href="../910/43910.xml">albert finney</link></actor></person><it><movie wordnetid="106613686" confidence="0.9508927676800064"><link ns0:type="simple" ns0:href="../241/1090241.xml">scroog</link></movie></it><fictional_character wordnetid="109587565" confidence="0.8"><imaginary_being wordnetid="109483738" confidence="0.8"><link ns0:type="simple" ns0:href="../576/156576.xml">ebenez scroog</link></imaginary_being></fictional_character></entry><entry level="1" type="bullet"><actor wordnetid="109765278" confidence="0.9508927676800064"><link ns0:type="simple" ns0:href="../585/7585.xml">topol</link></actor><it><movie wordnetid="106613686" confidence="0.9508927676800064"><link ns0:type="simple" ns0:href="../796/8656796.xml">fiddler roof</link></movie></it></entry><entry level="1" type="bullet"><film_director wordnetid="110088200" confidence="0.9173553029164789"><comedian wordnetid="109940146" confidence="0.9173553029164789"><person wordnetid="100007846" confidence="0.9508927676800064"><actor wordnetid="109765278" confidence="0.9173553029164789"><link ns0:type="simple" ns0:href="../821/15821.xml">jack lemmon</link></actor></person></comedian></film_director><it><movie wordnetid="106613686" confidence="0.9508927676800064"><link ns0:type="simple" ns0:href="../485/2952485.xml">avanti</link></movie></it></entry><entry level="1" type="bullet"><person wordnetid="100007846" confidence="0.9508927676800064"><actor wordnetid="109765278" confidence="0.9508927676800064"><link ns0:type="simple" ns0:href="../105/568105.xml">georg segal</link></actor></person><it><movie wordnetid="106613686" confidence="0.9508927676800064"><link ns0:type="simple" ns0:href="../907/101907.xml">touch class</link></movie></it></entry><entry level="1" type="bullet"><person wordnetid="100007846" confidence="0.9508927676800064"><manufacturer wordnetid="110292316" confidence="0.9173553029164789"><actor wordnetid="109765278" confidence="0.9508927676800064"><link ns0:type="simple" ns0:href="../461/163461.xml">art carney</link></actor></manufacturer></person><it><link ns0:type="simple" ns0:href="../462/163462.xml">harri tonto</link></it>harri</entry><entry level="1" type="bullet"><person wordnetid="100007846" confidence="0.9508927676800064"><actor wordnetid="109765278" confidence="0.9508927676800064"><link ns0:type="simple" ns0:href="../811/62811.xml">walter matthau</link></actor></person><it><movie wordnetid="106613686" confidence="0.9508927676800064"><link ns0:type="simple" ns0:href="../467/163467.xml">sunshin boy</link></movie></it></entry><entry level="1" type="bullet"><link ns0:type="simple" ns0:href="../094/168094.xml">kri kristofferson</link><it><movie wordnetid="106613686" confidence="0.9508927676800064"><link ns0:type="simple" ns0:href="../583/3450583.xml">star born</link></movie></it></entry><entry level="1" type="bullet"><actor wordnetid="109765278" confidence="0.9508927676800064"><link ns0:type="simple" ns0:href="../625/159625.xml">richard dreyfuss</link></actor><it><movie wordnetid="106613686" confidence="0.9508927676800064"><link ns0:type="simple" ns0:href="../943/101943.xml">goodby girl</link></movie></it>elliott garfield</entry><entry level="1" type="bullet"><film_director wordnetid="110088200" confidence="0.9173553029164789"><actor wordnetid="109765278" confidence="0.9173553029164789"><link ns0:type="simple" ns0:href="../809/62809.xml">warren beatti</link></actor></film_director><it><movie wordnetid="106613686" confidence="0.9508927676800064"><link ns0:type="simple" ns0:href="../018/103018.xml">heaven wait</link></movie></it></entry></list></p></ss1><ss1><st /><p><list><entry level="1" type="bullet"><person wordnetid="100007846" confidence="0.9508927676800064"><actor wordnetid="109765278" confidence="0.9508927676800064"><link ns0:type="simple" ns0:href="../518/24518.xml">peter seller</link></actor></person><it><movie wordnetid="106613686" confidence="0.9508927676800064"><link ns0:type="simple" ns0:href="../376/164376.xml" /></movie></it></entry><entry level="1" type="bullet"><person wordnetid="100007846" confidence="0.9508927676800064"><actor wordnetid="109765278" confidence="0.9508927676800064"><link ns0:type="simple" ns0:href="../197/1831197.xml">ray sharkey</link></actor></person><it><movie wordnetid="106613686" confidence="0.9508927676800064"><link ns0:type="simple" ns0:href="../268/6811268.xml">idolmak</link></movie></it></entry><entry level="1" type="bullet"><actor wordnetid="109765278" confidence="0.9508927676800064"><link ns0:type="simple" ns0:href="../208/46208.xml">dudley moor</link></actor><it><movie wordnetid="106613686" confidence="0.9508927676800064"><link ns0:type="simple" ns0:href="../401/164401.xml">arthur</link></movie></it></entry><entry level="1" type="bullet"><link ns0:type="simple" ns0:href="../148/42148.xml">dustin hoffman</link><it><movie wordnetid="106613686" confidence="0.9508927676800064"><link ns0:type="simple" ns0:href="../394/76394.xml">tootsi</link></movie></it>michael dorseydorothi michael</entry><entry level="1" type="bullet"><person wordnetid="100007846" confidence="0.9508927676800064"><actor wordnetid="109765278" confidence="0.9508927676800064"><link ns0:type="simple" ns0:href="../479/61479.xml">michael cain</link></actor></person><it><movie wordnetid="106613686" confidence="0.9508927676800064"><link ns0:type="simple" ns0:href="../711/9472711.xml">educ rita</link></movie></it></entry><entry level="1" type="bullet"><actor wordnetid="109765278" confidence="0.9508927676800064"><link ns0:type="simple" ns0:href="../208/46208.xml">dudley moor</link></actor><it><link ns0:type="simple" ns0:href="../052/1107052.xml">micki maud</link></it></entry><entry level="1" type="bullet"><link ns0:type="simple" ns0:href="../829/18617829.xml">jack nicholson</link><it><movie wordnetid="106613686" confidence="0.9508927676800064"><link ns0:type="simple" ns0:href="../454/113454.xml">prizzi honor</link></movie></it></entry><entry level="1" type="bullet"><link ns0:type="simple" ns0:href="../780/693780.xml">paul hogan</link><it><movie wordnetid="106613686" confidence="0.9508927676800064"><link ns0:type="simple" ns0:href="../586/331586.xml">crocodil dunde</link></movie></it>crocodil dunde</entry><entry level="1" type="bullet"><comedian wordnetid="109940146" confidence="0.9508927676800064"><person wordnetid="100007846" confidence="0.9508927676800064"><link ns0:type="simple" ns0:href="../242/53242.xml">robin william</link></person></comedian><it><movie wordnetid="106613686" confidence="0.9508927676800064"><link ns0:type="simple" ns0:href="../593/168593.xml">good morn vietnam</link></movie></it><physical_entity wordnetid="100001930" confidence="0.8"><communicator wordnetid="109610660" confidence="0.8"><person wordnetid="100007846" confidence="0.8"><intellectual wordnetid="109621545" confidence="0.8"><alumnus wordnetid="109786338" confidence="0.8"><causal_agent wordnetid="100007347" confidence="0.8"><adult wordnetid="109605289" confidence="0.8"><professional wordnetid="110480253" confidence="0.8"><lawyer wordnetid="110249950" confidence="0.8"><scholar wordnetid="110557854" confidence="0.8"><presenter wordnetid="110466387" confidence="0.8"><link ns0:type="simple" ns0:href="../026/773026.xml">adrian cronauer</link></presenter></scholar></lawyer></professional></adult></causal_agent></alumnus></intellectual></person></communicator></physical_entity></entry><entry level="1" type="bullet"><person wordnetid="100007846" confidence="0.9508927676800064"><artist wordnetid="109812338" confidence="0.9173553029164789"><actor wordnetid="109765278" confidence="0.9508927676800064"><writer wordnetid="110794014" confidence="0.9173553029164789"><link ns0:type="simple" ns0:href="../568/43568.xml">tom hank</link></writer></actor></artist></person><it><link ns0:type="simple" ns0:href="../597/168597.xml">big</link></it>josh baskin</entry></list></p></ss1><ss1><st /><p><list><entry level="1" type="bullet"><person wordnetid="100007846" confidence="0.9508927676800064"><actor wordnetid="109765278" confidence="0.9508927676800064"><link ns0:type="simple" ns0:href="../584/20584.xml">morgan freeman</link></actor></person><it><movie wordnetid="106613686" confidence="0.9508927676800064"><link ns0:type="simple" ns0:href="../444/129444.xml">drive daisi</link></movie></it>hoke colburn</entry><entry level="2" type="bullet"><comedian wordnetid="109940146" confidence="0.9508927676800064"><link ns0:type="simple" ns0:href="../649/4649.xml">billi crystal</link></comedian><it><movie wordnetid="106613686" confidence="0.9508927676800064"><link ns0:type="simple" ns0:href="../270/33270.xml">harri met salli</link></movie></it>harri</entry><entry level="2" type="bullet"><person wordnetid="100007846" confidence="0.9508927676800064"><actor wordnetid="109765278" confidence="0.9508927676800064"><link ns0:type="simple" ns0:href="../781/78781.xml">michael dougla</link></actor></person><it><link ns0:type="simple" ns0:href="../976/33976.xml">war rose</link></it></entry><entry level="2" type="bullet"><comedian wordnetid="109940146" confidence="0.9508927676800064"><person wordnetid="100007846" confidence="0.9508927676800064"><link ns0:type="simple" ns0:href="../910/102910.xml">steve martin</link></person></comedian><it><link ns0:type="simple" ns0:href="../829/1118829.xml">parenthood</link></it></entry><entry level="2" type="bullet"><link ns0:type="simple" ns0:href="../829/18617829.xml">jack nicholson</link><it><link ns0:type="simple" ns0:href="../210/3810210.xml">batman</link><physical_entity wordnetid="100001930" confidence="0.8"><comedian wordnetid="109940146" confidence="0.8"><person wordnetid="100007846" confidence="0.8"><engineer wordnetid="109615807" confidence="0.8"><fool wordnetid="110100761" confidence="0.8"><principal wordnetid="110474950" confidence="0.8"><simpleton wordnetid="110599354" confidence="0.8"><clown wordnetid="109931165" confidence="0.8"><assassin wordnetid="109813696" confidence="0.8"><wrongdoer wordnetid="109633969" confidence="0.8"><criminal wordnetid="109977660" confidence="0.8"><gangster wordnetid="110120085" confidence="0.8"><performer wordnetid="110415638" confidence="0.8"><terrorist wordnetid="110702781" confidence="0.8"><causal_agent wordnetid="100007347" confidence="0.8"><murderer wordnetid="110338707" confidence="0.8"><killer wordnetid="110231087" confidence="0.8"><radical wordnetid="110503452" confidence="0.8"><entertainer wordnetid="109616922" confidence="0.8"><bad_person wordnetid="109831962" confidence="0.8"><link ns0:type="simple" ns0:href="../301/98301.xml">joker</link></bad_person></entertainer></radical></killer></murderer></causal_agent></terrorist></performer></gangster></criminal></wrongdoer></assassin></clown></simpleton></principal></fool></engineer></person></comedian></physical_entity></it></entry><entry level="1" type="bullet"><link>grard depardieu</link><it><movie wordnetid="106613686" confidence="0.9508927676800064"><link ns0:type="simple" ns0:href="../457/44457.xml">green card</link></movie></it></entry><entry level="2" type="bullet"><actor wordnetid="109765278" confidence="0.9508927676800064"><link ns0:type="simple" ns0:href="../860/212860.xml">macaulay culkin</link></actor><it><link ns0:type="simple" ns0:href="../448/18104448.xml" /></it>kevin mccallist</entry><entry level="2" type="bullet"><person wordnetid="100007846" confidence="0.9508927676800064"><musician wordnetid="110340312" confidence="0.9173553029164789"><actor wordnetid="109765278" confidence="0.9508927676800064"><link ns0:type="simple" ns0:href="../870/71870.xml">johnni depp</link></actor></musician></person><it><movie wordnetid="106613686" confidence="0.9508927676800064"><link ns0:type="simple" ns0:href="../970/302970.xml">edward scissorhand</link></movie></it>edward scissorhand</entry><entry level="2" type="bullet"><actor wordnetid="109765278" confidence="0.9508927676800064"><link ns0:type="simple" ns0:href="../956/153956.xml">richard gere</link></actor><it><movie wordnetid="106613686" confidence="0.9508927676800064"><link ns0:type="simple" ns0:href="../745/156745.xml">pretti woman</link></movie></it>edward lewi</entry><entry level="2" type="bullet"><songwriter wordnetid="110624540" confidence="0.9173553029164789"><singer wordnetid="110599806" confidence="0.9173553029164789"><actor wordnetid="109765278" confidence="0.9173553029164789"><dancer wordnetid="109989502" confidence="0.9173553029164789"><link ns0:type="simple" ns0:href="../900/493900.xml">patrick swayz</link></dancer></actor></singer></songwriter><it><movie wordnetid="106613686" confidence="0.9508927676800064"><link ns0:type="simple" ns0:href="../619/129619.xml">ghost</link></movie></it>sam wheat</entry><entry level="1" type="bullet"><comedian wordnetid="109940146" confidence="0.9508927676800064"><person wordnetid="100007846" confidence="0.9508927676800064"><link ns0:type="simple" ns0:href="../242/53242.xml">robin william</link></person></comedian><it><movie wordnetid="106613686" confidence="0.9508927676800064"><link ns0:type="simple" ns0:href="../051/171051.xml">fisher king</link></movie></it></entry><entry level="2" type="bullet"><composer wordnetid="109947232" confidence="0.9173553029164789"><person wordnetid="100007846" confidence="0.9508927676800064"><actor wordnetid="109765278" confidence="0.9508927676800064"><link ns0:type="simple" ns0:href="../439/56439.xml">jeff bridg</link></actor></person></composer><it><movie wordnetid="106613686" confidence="0.9508927676800064"><link ns0:type="simple" ns0:href="../051/171051.xml">fisher king</link></movie></it></entry><entry level="2" type="bullet"><comedian wordnetid="109940146" confidence="0.9508927676800064"><link ns0:type="simple" ns0:href="../649/4649.xml">billi crystal</link></comedian><it><link ns0:type="simple" ns0:href="../455/352455.xml">citi slicker</link></it></entry><entry level="2" type="bullet"><link ns0:type="simple" ns0:href="../148/42148.xml">dustin hoffman</link><it><link ns0:type="simple" ns0:href="../926/217926.xml">hook</link></it><skilled_worker wordnetid="110605985" confidence="0.8"><physical_entity wordnetid="100001930" confidence="0.8"><amputee wordnetid="109789566" confidence="0.8"><commissioned_officer wordnetid="109942970" confidence="0.8"><person wordnetid="100007846" confidence="0.8"><serviceman wordnetid="110582746" confidence="0.8"><sailor wordnetid="110546633" confidence="0.8"><captain wordnetid="109893191" confidence="0.8"><military_officer wordnetid="110317007" confidence="0.8"><unfortunate wordnetid="109630641" confidence="0.8"><commissioned_military_officer wordnetid="109943239" confidence="0.8"><plagiarist wordnetid="110437262" confidence="0.8"><principal wordnetid="110474950" confidence="0.8"><wrongdoer wordnetid="109633969" confidence="0.8"><criminal wordnetid="109977660" confidence="0.8"><worker wordnetid="109632518" confidence="0.8"><thief wordnetid="110707804" confidence="0.8"><causal_agent wordnetid="100007347" confidence="0.8"><bad_person wordnetid="109831962" confidence="0.8"><link ns0:type="simple" ns0:href="../043/74043.xml">captain hook</link></bad_person></causal_agent></thief></worker></criminal></wrongdoer></principal></plagiarist></commissioned_military_officer></unfortunate></military_officer></captain></sailor></serviceman></person></commissioned_officer></amputee></physical_entity></skilled_worker></entry><entry level="2" type="bullet"><actor wordnetid="109765278" confidence="0.9508927676800064"><link ns0:type="simple" ns0:href="../558/221558.xml">kevin kline</link></actor><it><movie wordnetid="106613686" confidence="0.9508927676800064"><link ns0:type="simple" ns0:href="../228/2354228.xml">soapdish</link></movie></it></entry><entry level="1" type="bullet"><person wordnetid="100007846" confidence="0.9508927676800064"><screenwriter wordnetid="110564400" confidence="0.9173553029164789"><actor wordnetid="109765278" confidence="0.9508927676800064"><link ns0:type="simple" ns0:href="../416/269416.xml">tim robbin</link></actor></screenwriter></person><it><movie wordnetid="106613686" confidence="0.9508927676800064"><link ns0:type="simple" ns0:href="../263/358263.xml">player</link></movie></it></entry><entry level="2" type="bullet"><person wordnetid="100007846" confidence="0.9508927676800064"><actor wordnetid="109765278" confidence="0.9508927676800064"><link ns0:type="simple" ns0:href="../111/21111.xml">nicola cage</link></actor></person><it><movie wordnetid="106613686" confidence="0.9508927676800064"><link ns0:type="simple" ns0:href="../051/2848051.xml">honeymoon vega</link></movie></it></entry><entry level="2" type="bullet"><comedian wordnetid="109940146" confidence="0.9508927676800064"><link ns0:type="simple" ns0:href="../649/4649.xml">billi crystal</link></comedian><it><movie wordnetid="106613686" confidence="0.9508927676800064"><link ns0:type="simple" ns0:href="../554/1367554.xml">saturday night</link></movie></it></entry><entry level="2" type="bullet"><person wordnetid="100007846" confidence="0.9508927676800064"><actor wordnetid="109765278" confidence="0.9508927676800064"><link ns0:type="simple" ns0:href="../870/161870.xml">marcello mastroianni</link></actor></person><it><movie wordnetid="106613686" confidence="0.9508927676800064"><link ns0:type="simple" ns0:href="../431/15122431.xml">peopl</link></movie></it></entry><entry level="2" type="bullet"><person wordnetid="100007846" confidence="0.9508927676800064"><screenwriter wordnetid="110564400" confidence="0.9173553029164789"><actor wordnetid="109765278" confidence="0.9508927676800064"><link ns0:type="simple" ns0:href="../416/269416.xml">tim robbin</link></actor></screenwriter></person><it><product wordnetid="104007894" confidence="0.8"><creation wordnetid="103129123" confidence="0.8"><artifact wordnetid="100021939" confidence="0.8"><event wordnetid="100029378" confidence="0.8"><social_event wordnetid="107288639" confidence="0.8"><movie wordnetid="106613686" confidence="0.8"><show wordnetid="106619065" confidence="0.8"><psychological_feature wordnetid="100023100" confidence="0.8"><link ns0:type="simple" ns0:href="../628/910628.xml">bob robert</link></psychological_feature></show></movie></social_event></event></artifact></creation></product></it></entry><entry level="1" type="bullet"><comedian wordnetid="109940146" confidence="0.9508927676800064"><person wordnetid="100007846" confidence="0.9508927676800064"><link ns0:type="simple" ns0:href="../242/53242.xml">robin william</link></person></comedian><it><movie wordnetid="106613686" confidence="0.9508927676800064"><link ns0:type="simple" ns0:href="../737/348737.xml">doubtfir</link></movie></it></entry><entry level="2" type="bullet"><person wordnetid="100007846" confidence="0.9508927676800064"><musician wordnetid="110340312" confidence="0.9173553029164789"><actor wordnetid="109765278" confidence="0.9508927676800064"><link ns0:type="simple" ns0:href="../870/71870.xml">johnni depp</link></actor></musician></person><it><movie wordnetid="106613686" confidence="0.9508927676800064"><link ns0:type="simple" ns0:href="../955/436955.xml">benni joon</link></movie></it>sam</entry><entry level="2" type="bullet"><person wordnetid="100007846" confidence="0.9508927676800064"><artist wordnetid="109812338" confidence="0.9173553029164789"><actor wordnetid="109765278" confidence="0.9508927676800064"><writer wordnetid="110794014" confidence="0.9173553029164789"><link ns0:type="simple" ns0:href="../568/43568.xml">tom hank</link></writer></actor></artist></person><it><movie wordnetid="106613686" confidence="0.9508927676800064"><link ns0:type="simple" ns0:href="../198/226198.xml">sleepless seattl</link></movie></it></entry><entry level="2" type="bullet"><actor wordnetid="109765278" confidence="0.9508927676800064"><link ns0:type="simple" ns0:href="../558/221558.xml">kevin kline</link></actor><it><link ns0:type="simple" ns0:href="../228/13242228.xml">dave</link></it></entry><entry level="2" type="bullet"><actor wordnetid="109765278" confidence="0.9508927676800064"><link ns0:type="simple" ns0:href="../888/178888.xml">colm meaney</link></actor><it><product wordnetid="104007894" confidence="0.8"><creation wordnetid="103129123" confidence="0.8"><artifact wordnetid="100021939" confidence="0.8"><event wordnetid="100029378" confidence="0.8"><social_event wordnetid="107288639" confidence="0.8"><movie wordnetid="106613686" confidence="0.8"><show wordnetid="106619065" confidence="0.8"><psychological_feature wordnetid="100023100" confidence="0.8"><link ns0:type="simple" ns0:href="../959/5882959.xml">snapper</link></psychological_feature></show></movie></social_event></event></artifact></creation></product></it></entry><entry level="1" type="bullet"><person wordnetid="100007846" confidence="0.9508927676800064"><film_maker wordnetid="110088390" confidence="0.9173553029164789"><actor wordnetid="109765278" confidence="0.9173553029164789"><link ns0:type="simple" ns0:href="../779/170779.xml">hugh grant</link></actor></film_maker></person><it><link ns0:type="simple" ns0:href="../223/11223.xml">wed funer</link></it></entry><entry level="2" type="bullet"><comedian wordnetid="109940146" confidence="0.9508927676800064"><link ns0:type="simple" ns0:href="../665/86665.xml">jim carrey</link></comedian><it><physical_entity wordnetid="100001930" confidence="0.8"><vigilante wordnetid="110753339" confidence="0.8"><person wordnetid="100007846" confidence="0.8"><principal wordnetid="110474950" confidence="0.8"><volunteer wordnetid="110759151" confidence="0.8"><wrongdoer wordnetid="109633969" confidence="0.8"><criminal wordnetid="109977660" confidence="0.8"><worker wordnetid="109632518" confidence="0.8"><murderer wordnetid="110338707" confidence="0.8"><causal_agent wordnetid="100007347" confidence="0.8"><killer wordnetid="110231087" confidence="0.8"><bad_person wordnetid="109831962" confidence="0.8"><link ns0:type="simple" ns0:href="../702/19718702.xml">mask</link></bad_person></killer></causal_agent></murderer></worker></criminal></wrongdoer></volunteer></principal></person></vigilante></physical_entity></it>stanley ipkissth mask</entry><entry level="2" type="bullet"><person wordnetid="100007846" confidence="0.9508927676800064"><musician wordnetid="110340312" confidence="0.9173553029164789"><actor wordnetid="109765278" confidence="0.9508927676800064"><link ns0:type="simple" ns0:href="../870/71870.xml">johnni depp</link></actor></musician></person><it><movie wordnetid="106613686" confidence="0.9508927676800064"><link ns0:type="simple" ns0:href="../464/528464.xml">wood</link></movie></it><link ns0:type="simple" ns0:href="../520/10520.xml">wood</link></entry><entry level="2" type="bullet"><person wordnetid="100007846" confidence="0.9508927676800064"><manufacturer wordnetid="110292316" confidence="0.9173553029164789"><bodybuilder wordnetid="109862845" confidence="0.9508927676800064"><governor wordnetid="110140314" confidence="0.9508927676800064"><actor wordnetid="109765278" confidence="0.9508927676800064"><link ns0:type="simple" ns0:href="../806/1806.xml">arnold schwarzenegg</link></actor></governor></bodybuilder></manufacturer></person><it><movie wordnetid="106613686" confidence="0.9508927676800064"><link ns0:type="simple" ns0:href="../565/1221565.xml">junior</link></movie></it></entry><entry level="2" type="bullet"><actor wordnetid="109765278" confidence="0.9508927676800064"><link ns0:type="simple" ns0:href="../628/215628.xml">terenc stamp</link></actor><it><movie wordnetid="106613686" confidence="0.9508927676800064"><link ns0:type="simple" ns0:href="../882/482882.xml">adventur priscilla queen desert</link></movie></it></entry><entry level="1" type="bullet"><person wordnetid="100007846" confidence="0.9508927676800064"><actor wordnetid="109765278" confidence="0.9508927676800064"><dancer wordnetid="109989502" confidence="0.9173553029164789"><link ns0:type="simple" ns0:href="../174/54174.xml">john travolta</link></dancer></actor></person><it><literary_composition wordnetid="106364329" confidence="0.8"><written_communication wordnetid="106349220" confidence="0.8"><writing wordnetid="106362953" confidence="0.8"><fiction wordnetid="106367107" confidence="0.8"><novel wordnetid="106367879" confidence="0.8"><link ns0:type="simple" ns0:href="../263/413263.xml">shorti</link></novel></fiction></writing></written_communication></literary_composition></it></entry><entry level="2" type="bullet"><person wordnetid="100007846" confidence="0.9508927676800064"><actor wordnetid="109765278" confidence="0.9508927676800064"><link ns0:type="simple" ns0:href="../781/78781.xml">michael dougla</link></actor></person><it><movie wordnetid="106613686" confidence="0.9508927676800064"><link ns0:type="simple" ns0:href="../732/258732.xml">american presid</link></movie></it></entry><entry level="2" type="bullet"><person wordnetid="100007846" confidence="0.9508927676800064"><actor wordnetid="109765278" confidence="0.9173553029164789"><link ns0:type="simple" ns0:href="../059/44059.xml">harrison ford</link></actor></person><it><movie wordnetid="106613686" confidence="0.9508927676800064"><link ns0:type="simple" ns0:href="../982/1356982.xml">sabrina</link></movie></it>linu</entry><entry level="2" type="bullet"><comedian wordnetid="109940146" confidence="0.9508927676800064"><person wordnetid="100007846" confidence="0.9508927676800064"><link ns0:type="simple" ns0:href="../910/102910.xml">steve martin</link></person></comedian><it><movie wordnetid="106613686" confidence="0.9508927676800064"><link ns0:type="simple" ns0:href="../622/3303622.xml">father bride ii</link></movie></it></entry><entry level="2" type="bullet"><songwriter wordnetid="110624540" confidence="0.9173553029164789"><singer wordnetid="110599806" confidence="0.9173553029164789"><actor wordnetid="109765278" confidence="0.9173553029164789"><dancer wordnetid="109989502" confidence="0.9173553029164789"><link ns0:type="simple" ns0:href="../900/493900.xml">patrick swayz</link></dancer></actor></singer></songwriter><it><link ns0:type="simple" ns0:href="../029/873029.xml">wong foo juli newmar</link></it></entry><entry level="1" type="bullet"><person wordnetid="100007846" confidence="0.9508927676800064"><actor wordnetid="109765278" confidence="0.9508927676800064"><link ns0:type="simple" ns0:href="../460/31460.xml">tom cruis</link></actor></person><it><movie wordnetid="106613686" confidence="0.9508927676800064"><link ns0:type="simple" ns0:href="../435/142435.xml">jerri maguir</link></movie></it>jerri maguir</entry><entry level="2" type="bullet"><singer wordnetid="110599806" confidence="0.9173553029164789"><actor wordnetid="109765278" confidence="0.9173553029164789"><link ns0:type="simple" ns0:href="../627/52627.xml">antonio bandera</link></actor></singer><it><movie wordnetid="106613686" confidence="0.9508927676800064"><link ns0:type="simple" ns0:href="../130/2651130.xml">evita</link></movie></it></entry><entry level="2" type="bullet"><person wordnetid="100007846" confidence="0.9508927676800064"><actor wordnetid="109765278" confidence="0.9508927676800064"><link ns0:type="simple" ns0:href="../152/144152.xml">kevin costner</link></actor></person><it><movie wordnetid="106613686" confidence="0.9508927676800064"><link ns0:type="simple" ns0:href="../562/226562.xml">tin cup</link></movie></it></entry><entry level="2" type="bullet"><actor wordnetid="109765278" confidence="0.9173553029164789"><link ns0:type="simple" ns0:href="../874/271874.xml">nathan lane</link></actor><it><movie wordnetid="106613686" confidence="0.9508927676800064"><link ns0:type="simple" ns0:href="../589/239589.xml">birdcag</link></movie></it></entry><entry level="2" type="bullet"><comedian wordnetid="109940146" confidence="0.9508927676800064"><person wordnetid="100007846" confidence="0.9508927676800064"><link ns0:type="simple" ns0:href="../539/54539.xml">eddi murphi</link></person></comedian><it><movie wordnetid="106613686" confidence="0.9508927676800064"><link ns0:type="simple" ns0:href="../807/587807.xml">nutti professor</link></movie></it>sherman klump</entry><entry level="1" type="bullet"><link ns0:type="simple" ns0:href="../829/18617829.xml">jack nicholson</link><it><movie wordnetid="106613686" confidence="0.9508927676800064"><link ns0:type="simple" ns0:href="../447/142447.xml">good</link></movie></it></entry><entry level="2" type="bullet"><comedian wordnetid="109940146" confidence="0.9508927676800064"><link ns0:type="simple" ns0:href="../665/86665.xml">jim carrey</link></comedian><it><movie wordnetid="106613686" confidence="0.9508927676800064"><link ns0:type="simple" ns0:href="../446/657446.xml">liar liar</link></movie></it>fletcher reed</entry><entry level="2" type="bullet"><link ns0:type="simple" ns0:href="../148/42148.xml">dustin hoffman</link><it><movie wordnetid="106613686" confidence="0.9508927676800064"><link ns0:type="simple" ns0:href="../999/92999.xml">wag dog</link></movie></it></entry><entry level="2" type="bullet"><person wordnetid="100007846" confidence="0.9508927676800064"><actor wordnetid="109765278" confidence="0.9508927676800064"><link ns0:type="simple" ns0:href="../306/54306.xml">samuel jackson</link></actor></person><it><movie wordnetid="106613686" confidence="0.9508927676800064"><link ns0:type="simple" ns0:href="../792/394792.xml">jacki brown</link></movie></it></entry><entry level="2" type="bullet"><actor wordnetid="109765278" confidence="0.9508927676800064"><link ns0:type="simple" ns0:href="../558/221558.xml">kevin kline</link></actor><it><album wordnetid="106591815" confidence="0.9508927676800064"><movie wordnetid="106613686" confidence="0.9508927676800064"><link ns0:type="simple" ns0:href="../794/165794.xml" /></movie></album></it></entry><entry level="1" type="bullet"><person wordnetid="100007846" confidence="0.9508927676800064"><actor wordnetid="109765278" confidence="0.9508927676800064"><link ns0:type="simple" ns0:href="../479/61479.xml">michael cain</link></actor></person><it><link ns0:type="simple" ns0:href="../188/6555188.xml">voic</link></it></entry><entry level="2" type="bullet"><singer wordnetid="110599806" confidence="0.9173553029164789"><actor wordnetid="109765278" confidence="0.9173553029164789"><link ns0:type="simple" ns0:href="../627/52627.xml">antonio bandera</link></actor></singer><it><movie wordnetid="106613686" confidence="0.9508927676800064"><link ns0:type="simple" ns0:href="../756/705756.xml">mask zorro</link></movie></it><series wordnetid="108457976" confidence="0.8"><arrangement wordnetid="107938773" confidence="0.8"><fictional_character wordnetid="109587565" confidence="0.8"><ordering wordnetid="108456993" confidence="0.8"><imaginary_being wordnetid="109483738" confidence="0.8"><group wordnetid="100031264" confidence="0.8"><link ns0:type="simple" ns0:href="../026/160026.xml">zorro</link></group></imaginary_being></ordering></fictional_character></arrangement></series></entry><entry level="2" type="bullet"><film_director wordnetid="110088200" confidence="0.9173553029164789"><actor wordnetid="109765278" confidence="0.9173553029164789"><link ns0:type="simple" ns0:href="../809/62809.xml">warren beatti</link></actor></film_director><it><movie wordnetid="106613686" confidence="0.9508927676800064"><link ns0:type="simple" ns0:href="../949/907949.xml">bulworth</link></movie></it></entry><entry level="2" type="bullet"><person wordnetid="100007846" confidence="0.9508927676800064"><actor wordnetid="109765278" confidence="0.9508927676800064"><dancer wordnetid="109989502" confidence="0.9173553029164789"><link ns0:type="simple" ns0:href="../174/54174.xml">john travolta</link></dancer></actor></person><it><link ns0:type="simple" ns0:href="../555/242555.xml">primari color</link></it></entry><entry level="2" type="bullet"><comedian wordnetid="109940146" confidence="0.9508927676800064"><person wordnetid="100007846" confidence="0.9508927676800064"><link ns0:type="simple" ns0:href="../242/53242.xml">robin william</link></person></comedian><it><person wordnetid="100007846" confidence="0.9508927676800064"><link ns0:type="simple" ns0:href="../527/375527.xml">patch adam</link></person></it>patch adam</entry></list></p></ss1><ss1><st /><p><list><entry level="1" type="bullet"><comedian wordnetid="109940146" confidence="0.9508927676800064"><link ns0:type="simple" ns0:href="../665/86665.xml">jim carrey</link></comedian><it><link ns0:type="simple" ns0:href="../592/13943592.xml">man moon</link></it><actor wordnetid="109765278" confidence="0.9508927676800064"><link ns0:type="simple" ns0:href="../881/99881.xml">andi kaufman</link></actor></entry><entry level="2" type="bullet"><link ns0:type="simple" ns0:href="../492/25492.xml">robert de niro</link><it><movie wordnetid="106613686" confidence="0.9508927676800064"><link ns0:type="simple" ns0:href="../029/945029.xml">analyz</link></movie></it></entry><entry level="2" type="bullet"><person wordnetid="100007846" confidence="0.9508927676800064"><actor wordnetid="109765278" confidence="0.9508927676800064"><link ns0:type="simple" ns0:href="../736/320736.xml">rupert everett</link></actor></person><it><dramatic_composition wordnetid="107007684" confidence="0.8"><play wordnetid="107007945" confidence="0.8"><written_communication wordnetid="106349220" confidence="0.8"><writing wordnetid="106362953" confidence="0.8"><link ns0:type="simple" ns0:href="../336/918336.xml">ideal husband</link></writing></written_communication></play></dramatic_composition></it></entry><entry level="2" type="bullet"><person wordnetid="100007846" confidence="0.9508927676800064"><film_maker wordnetid="110088390" confidence="0.9173553029164789"><actor wordnetid="109765278" confidence="0.9173553029164789"><link ns0:type="simple" ns0:href="../779/170779.xml">hugh grant</link></actor></film_maker></person><it><site wordnetid="108651247" confidence="0.9508927676800064"><link ns0:type="simple" ns0:href="../200/94200.xml">not hill</link></site></it></entry><entry level="2" type="bullet"><link ns0:type="simple" ns0:href="../746/113746.xml">sean penn</link><it><link ns0:type="simple" ns0:href="../588/171588.xml">sweet lowdown</link></it></entry><entry level="1" type="bullet"><person wordnetid="100007846" confidence="0.9508927676800064"><actor wordnetid="109765278" confidence="0.9508927676800064"><link ns0:type="simple" ns0:href="../889/158889.xml">georg clooney</link></actor></person><it><movie wordnetid="106613686" confidence="0.9508927676800064"><link ns0:type="simple" ns0:href="../216/22216.xml">brother art</link></movie></it></entry><entry level="2" type="bullet"><comedian wordnetid="109940146" confidence="0.9508927676800064"><link ns0:type="simple" ns0:href="../665/86665.xml">jim carrey</link></comedian><it><link>grinch stole christma</link></it><monster wordnetid="109491966" confidence="0.8"><fictional_character wordnetid="109587565" confidence="0.8"><imaginary_being wordnetid="109483738" confidence="0.8"><link ns0:type="simple" ns0:href="../741/2124741.xml">grinch</link></imaginary_being></fictional_character></monster></entry><entry level="2" type="bullet"><actor wordnetid="109765278" confidence="0.9508927676800064"><link ns0:type="simple" ns0:href="../253/223253.xml">john cusack</link></actor><it><album wordnetid="106591815" confidence="0.9508927676800064"><movie wordnetid="106613686" confidence="0.9508927676800064"><link ns0:type="simple" ns0:href="../047/160047.xml">high fidel</link></movie></album></it></entry><entry level="2" type="bullet"><link ns0:type="simple" ns0:href="../492/25492.xml">robert de niro</link><it><movie wordnetid="106613686" confidence="0.9508927676800064"><link ns0:type="simple" ns0:href="../023/695023.xml">meet parent</link></movie></it>jack byrn</entry><entry level="2" type="bullet"><person wordnetid="100007846" confidence="0.9508927676800064"><screenwriter wordnetid="110564400" confidence="0.9173553029164789"><actor wordnetid="109765278" confidence="0.9173553029164789"><link ns0:type="simple" ns0:href="../219/44219.xml">mel gibson</link></actor></screenwriter></person><it><movie wordnetid="106613686" confidence="0.9508927676800064"><link ns0:type="simple" ns0:href="../262/106262.xml">women</link></movie></it></entry><entry level="1" type="bullet"><person wordnetid="100007846" confidence="0.9508927676800064"><actor wordnetid="109765278" confidence="0.9508927676800064"><link ns0:type="simple" ns0:href="../561/12561.xml">gene hackman</link></actor></person><it><movie wordnetid="106613686" confidence="0.9508927676800064"><link ns0:type="simple" ns0:href="../268/223268.xml">royal tenenbaum</link></movie></it>royal tenenbaum</entry><entry level="2" type="bullet"><actor wordnetid="109765278" confidence="0.9508927676800064"><link ns0:type="simple" ns0:href="../695/302695.xml">hugh jackman</link></actor><it><movie wordnetid="106613686" confidence="0.9508927676800064"><link ns0:type="simple" ns0:href="../240/594240.xml">kate leopold</link></movie></it></entry><entry level="2" type="bullet"><actor wordnetid="109765278" confidence="0.9508927676800064"><link ns0:type="simple" ns0:href="../919/19672919.xml">ewan mcgregor</link></actor><it><movie wordnetid="106613686" confidence="0.9508927676800064"><link ns0:type="simple" ns0:href="../481/142481.xml">moulin roug</link></movie></it></entry><entry level="2" type="bullet"><actor wordnetid="109765278" confidence="0.9508927676800064"><link ns0:type="simple" ns0:href="../549/1100549.xml">john cameron mitchel</link></actor><it><link ns0:type="simple" ns0:href="../326/15780326.xml">hedwig angri inch</link></it></entry><entry level="2" type="bullet"><actor wordnetid="109765278" confidence="0.9508927676800064"><link ns0:type="simple" ns0:href="../471/4471.xml">billi bob thornton</link></actor><it><link ns0:type="simple" ns0:href="../272/1067272.xml">bandit</link></it></entry><entry level="1" type="bullet"><actor wordnetid="109765278" confidence="0.9508927676800064"><link ns0:type="simple" ns0:href="../956/153956.xml">richard gere</link></actor><it><movie wordnetid="106613686" confidence="0.9508927676800064"><link ns0:type="simple" ns0:href="../534/201534.xml">chicago</link></movie></it>billi flynn</entry><entry level="2" type="bullet"><person wordnetid="100007846" confidence="0.9508927676800064"><actor wordnetid="109765278" confidence="0.9508927676800064"><link ns0:type="simple" ns0:href="../111/21111.xml">nicola cage</link></actor></person><it><movie wordnetid="106613686" confidence="0.9508927676800064"><link ns0:type="simple" ns0:href="../626/200626.xml">adapt</link></movie></it>charli kaufman<twin wordnetid="110734394" confidence="0.8"><physical_entity wordnetid="100001930" confidence="0.8"><communicator wordnetid="109610660" confidence="0.8"><person wordnetid="100007846" confidence="0.8"><sibling wordnetid="110595164" confidence="0.8"><causal_agent wordnetid="100007347" confidence="0.8"><writer wordnetid="110794014" confidence="0.8"><relative wordnetid="110235549" confidence="0.8"><link ns0:type="simple" ns0:href="../393/527393.xml">donald kaufman</link></relative></writer></causal_agent></sibling></person></communicator></physical_entity></twin></entry><entry level="2" type="bullet"><actor wordnetid="109765278" confidence="0.9508927676800064"><link ns0:type="simple" ns0:href="../734/1503734.xml">kieran culkin</link></actor><it><movie wordnetid="106613686" confidence="0.9508927676800064"><link ns0:type="simple" ns0:href="../504/1357504.xml">igbi</link></movie></it>jason igbi slocumb jr</entry><entry level="2" type="bullet"><person wordnetid="100007846" confidence="0.9508927676800064"><film_maker wordnetid="110088390" confidence="0.9173553029164789"><actor wordnetid="109765278" confidence="0.9173553029164789"><link ns0:type="simple" ns0:href="../779/170779.xml">hugh grant</link></actor></film_maker></person><it><movie wordnetid="106613686" confidence="0.9508927676800064"><link ns0:type="simple" ns0:href="../606/4205606.xml">boy</link></movie></it>will</entry><entry level="2" type="bullet"><comedian wordnetid="109940146" confidence="0.9173553029164789"><person wordnetid="100007846" confidence="0.9508927676800064"><screenwriter wordnetid="110564400" confidence="0.9173553029164789"><musician wordnetid="110340312" confidence="0.9173553029164789"><film_maker wordnetid="110088390" confidence="0.9173553029164789"><actor wordnetid="109765278" confidence="0.9173553029164789"><link ns0:type="simple" ns0:href="../690/102690.xml">adam sandler</link></actor></film_maker></musician></screenwriter></person></comedian><it><movie wordnetid="106613686" confidence="0.9508927676800064"><link ns0:type="simple" ns0:href="../721/630721.xml">punchdrunk love</link></movie></it>barri egan</entry><entry level="1" type="bullet"><comedian wordnetid="109940146" confidence="0.9508927676800064"><person wordnetid="100007846" confidence="0.9508927676800064"><link ns0:type="simple" ns0:href="../994/102994.xml">bill murray</link></person></comedian><it><movie wordnetid="106613686" confidence="0.9508927676800064"><link ns0:type="simple" ns0:href="../682/369682.xml">lost translat</link></movie></it><link ns0:type="simple" ns0:href="../327/310327.xml">bob harri</link></entry><entry level="2" type="bullet"><comedian wordnetid="109940146" confidence="0.9173553029164789"><person wordnetid="100007846" confidence="0.9508927676800064"><musician wordnetid="110340312" confidence="0.9173553029164789"><actor wordnetid="109765278" confidence="0.9173553029164789"><link ns0:type="simple" ns0:href="../560/343560.xml">jack black</link></actor></musician></person></comedian><it><movie wordnetid="106613686" confidence="0.9508927676800064"><link ns0:type="simple" ns0:href="../097/805097.xml">school rock</link></movie></it>dewey finn</entry><entry level="2" type="bullet"><person wordnetid="100007846" confidence="0.9508927676800064"><musician wordnetid="110340312" confidence="0.9173553029164789"><actor wordnetid="109765278" confidence="0.9508927676800064"><link ns0:type="simple" ns0:href="../870/71870.xml">johnni depp</link></actor></musician></person><skilled_worker wordnetid="110605985" confidence="0.8"><physical_entity wordnetid="100001930" confidence="0.8"><commissioned_officer wordnetid="109942970" confidence="0.8"><person wordnetid="100007846" confidence="0.8"><arsonist wordnetid="109810707" confidence="0.8"><fugitive wordnetid="110114897" confidence="0.8"><serviceman wordnetid="110582746" confidence="0.8"><escapee wordnetid="110062905" confidence="0.8"><captain wordnetid="109893191" confidence="0.8"><military_officer wordnetid="110317007" confidence="0.8"><commissioned_military_officer wordnetid="109943239" confidence="0.8"><principal wordnetid="110474950" confidence="0.8"><plagiarist wordnetid="110437262" confidence="0.8"><wrongdoer wordnetid="109633969" confidence="0.8"><criminal wordnetid="109977660" confidence="0.8"><worker wordnetid="109632518" confidence="0.8"><thief wordnetid="110707804" confidence="0.8"><causal_agent wordnetid="100007347" confidence="0.8"><bad_person wordnetid="109831962" confidence="0.8"><link ns0:type="simple" ns0:href="../335/333335.xml">jack sparrow</link></bad_person></causal_agent></thief></worker></criminal></wrongdoer></plagiarist></principal></commissioned_military_officer></military_officer></captain></escapee></serviceman></fugitive></arsonist></person></commissioned_officer></physical_entity></skilled_worker></entry><entry level="2" type="bullet"><link ns0:type="simple" ns0:href="../829/18617829.xml">jack nicholson</link><it><movie wordnetid="106613686" confidence="0.9508927676800064"><link ns0:type="simple" ns0:href="../180/414180.xml">someth ta</link></movie></it>harri sanborn</entry><entry level="2" type="bullet"><actor wordnetid="109765278" confidence="0.9508927676800064"><link ns0:type="simple" ns0:href="../471/4471.xml">billi bob thornton</link></actor><it><movie wordnetid="106613686" confidence="0.9508927676800064"><link ns0:type="simple" ns0:href="../496/320496.xml">bad santa</link></movie></it>willi</entry><entry level="1" type="bullet"><person wordnetid="100007846" confidence="0.9508927676800064"><actor wordnetid="109765278" confidence="0.9508927676800064"><link ns0:type="simple" ns0:href="../191/325191.xml">jami foxx</link></actor></person><it><movie wordnetid="106613686" confidence="0.9508927676800064"><link ns0:type="simple" ns0:href="../226/993226.xml">ray</link></movie></it><songwriter wordnetid="110624540" confidence="0.9173553029164789"><person wordnetid="100007846" confidence="0.9508927676800064"><musician wordnetid="110340312" confidence="0.9173553029164789"><singer wordnetid="110599806" confidence="0.9173553029164789"><artist wordnetid="109812338" confidence="0.9508927676800064"><bandleader wordnetid="109837201" confidence="0.9173553029164789"><link ns0:type="simple" ns0:href="../311/147311.xml">ray charl</link></bandleader></artist></singer></musician></person></songwriter></entry><entry level="2" type="bullet"><comedian wordnetid="109940146" confidence="0.9508927676800064"><link ns0:type="simple" ns0:href="../665/86665.xml">jim carrey</link></comedian><it><movie wordnetid="106613686" confidence="0.9508927676800064"><link ns0:type="simple" ns0:href="../024/537024.xml">etern sunshin spotless mind</link></movie></it>joel barish</entry><entry level="2" type="bullet"><actor wordnetid="109765278" confidence="0.9508927676800064"><link ns0:type="simple" ns0:href="../715/130715.xml">paul giamatti</link></actor><it><movie wordnetid="106613686" confidence="0.9508927676800064"><link ns0:type="simple" ns0:href="../172/1144172.xml">sideway</link></movie></it>mile</entry><entry level="2" type="bullet"><actor wordnetid="109765278" confidence="0.9508927676800064"><link ns0:type="simple" ns0:href="../558/221558.xml">kevin kline</link></actor><it><movie wordnetid="106613686" confidence="0.9508927676800064"><link ns0:type="simple" ns0:href="../045/854045.xml">delov</link></movie></it>cole porter</entry><entry level="2" type="bullet"><person wordnetid="100007846" confidence="0.9508927676800064"><actor wordnetid="109765278" confidence="0.9508927676800064"><link ns0:type="simple" ns0:href="../768/16768.xml">kevin spacey</link></actor></person><it><link ns0:type="simple" ns0:href="../039/2137039.xml">sea</link></it><musician wordnetid="110340312" confidence="0.9173553029164789"><artist wordnetid="109812338" confidence="0.9508927676800064"><link ns0:type="simple" ns0:href="../161/100161.xml">bobbi darin</link></artist></musician></entry><entry level="1" type="bullet"><actor wordnetid="109765278" confidence="0.9508927676800064"><link ns0:type="simple" ns0:href="../826/178826.xml">joaquin phoenix</link></actor><it><movie wordnetid="106613686" confidence="0.9508927676800064"><link ns0:type="simple" ns0:href="../890/1641890.xml">walk</link></movie></it><person wordnetid="100007846" confidence="0.9508927676800064"><musician wordnetid="110340312" confidence="0.9173553029164789"><artist wordnetid="109812338" confidence="0.9508927676800064"><link ns0:type="simple" ns0:href="../070/11983070.xml">johnni cash</link></artist></musician></person></entry><entry level="2" type="bullet"><person wordnetid="100007846" confidence="0.9508927676800064"><actor wordnetid="109765278" confidence="0.9508927676800064"><link ns0:type="simple" ns0:href="../738/180738.xml">pierc brosnan</link></actor></person><it><movie wordnetid="106613686" confidence="0.9508927676800064"><link ns0:type="simple" ns0:href="../175/3409175.xml">matador</link></movie></it>julian nobl</entry><entry level="2" type="bullet"><actor wordnetid="109765278" confidence="0.9508927676800064"><link ns0:type="simple" ns0:href="../807/737807.xml">jeff daniel</link></actor><it><link ns0:type="simple" ns0:href="../492/1720492.xml">squid whale</link></it>bernard berkman</entry><entry level="2" type="bullet"><person wordnetid="100007846" confidence="0.9508927676800064"><musician wordnetid="110340312" confidence="0.9173553029164789"><actor wordnetid="109765278" confidence="0.9508927676800064"><link ns0:type="simple" ns0:href="../870/71870.xml">johnni depp</link></actor></musician></person><it><link ns0:type="simple" ns0:href="../766/57766.xml">charli chocol factori</link></it><skilled_worker wordnetid="110605985" confidence="0.8"><physical_entity wordnetid="100001930" confidence="0.8"><cook wordnetid="109963320" confidence="0.8"><person wordnetid="100007846" confidence="0.8"><worker wordnetid="109632518" confidence="0.8"><causal_agent wordnetid="100007347" confidence="0.8"><scientist wordnetid="110560637" confidence="0.8"><inventor wordnetid="110214637" confidence="0.8"><chef wordnetid="109963574" confidence="0.8"><creator wordnetid="109614315" confidence="0.8"><link ns0:type="simple" ns0:href="../925/704925.xml">willi wonka</link></creator></chef></inventor></scientist></causal_agent></worker></person></cook></physical_entity></skilled_worker></entry><entry level="2" type="bullet"><actor wordnetid="109765278" confidence="0.9173553029164789"><link ns0:type="simple" ns0:href="../874/271874.xml">nathan lane</link></actor><it><movie wordnetid="106613686" confidence="0.9508927676800064"><link ns0:type="simple" ns0:href="../816/2643816.xml">produc</link></movie></it>max bialystock</entry><entry level="2" type="bullet"><person wordnetid="100007846" confidence="0.9508927676800064"><actor wordnetid="109765278" confidence="0.9173553029164789"><link ns0:type="simple" ns0:href="../634/481634.xml">cillian murphi</link></actor></person><it><movie wordnetid="106613686" confidence="0.9508927676800064"><link ns0:type="simple" ns0:href="../999/9776999.xml">breakfast pluto</link></movie></it>patrick kitten braden</entry><entry level="1" type="bullet"><comedian wordnetid="109940146" confidence="0.9173553029164789"><person wordnetid="100007846" confidence="0.9508927676800064"><actor wordnetid="109765278" confidence="0.9173553029164789"><writer wordnetid="110794014" confidence="0.9173553029164789"><link ns0:type="simple" ns0:href="../218/45218.xml">sacha baron cohen</link></writer></actor></person></comedian><link ns0:type="simple" ns0:href="../757/924757.xml">borat sagdiyev</link></entry><entry level="2" type="bullet"><person wordnetid="100007846" confidence="0.9508927676800064"><musician wordnetid="110340312" confidence="0.9173553029164789"><actor wordnetid="109765278" confidence="0.9508927676800064"><link ns0:type="simple" ns0:href="../870/71870.xml">johnni depp</link></actor></musician></person><skilled_worker wordnetid="110605985" confidence="0.8"><physical_entity wordnetid="100001930" confidence="0.8"><commissioned_officer wordnetid="109942970" confidence="0.8"><person wordnetid="100007846" confidence="0.8"><arsonist wordnetid="109810707" confidence="0.8"><fugitive wordnetid="110114897" confidence="0.8"><serviceman wordnetid="110582746" confidence="0.8"><escapee wordnetid="110062905" confidence="0.8"><captain wordnetid="109893191" confidence="0.8"><military_officer wordnetid="110317007" confidence="0.8"><commissioned_military_officer wordnetid="109943239" confidence="0.8"><principal wordnetid="110474950" confidence="0.8"><plagiarist wordnetid="110437262" confidence="0.8"><wrongdoer wordnetid="109633969" confidence="0.8"><criminal wordnetid="109977660" confidence="0.8"><worker wordnetid="109632518" confidence="0.8"><thief wordnetid="110707804" confidence="0.8"><causal_agent wordnetid="100007347" confidence="0.8"><bad_person wordnetid="109831962" confidence="0.8"><link ns0:type="simple" ns0:href="../335/333335.xml">jack sparrow</link></bad_person></causal_agent></thief></worker></criminal></wrongdoer></plagiarist></principal></commissioned_military_officer></military_officer></captain></escapee></serviceman></fugitive></arsonist></person></commissioned_officer></physical_entity></skilled_worker></entry><entry level="2" type="bullet"><actor wordnetid="109765278" confidence="0.9508927676800064"><link ns0:type="simple" ns0:href="../673/955673.xml">aaron eckhart</link></actor><it><movie wordnetid="106613686" confidence="0.9508927676800064"><link ns0:type="simple" ns0:href="../984/2273984.xml">smoke</link></movie></it>nick naylor</entry><entry level="2" type="bullet"><actor wordnetid="109765278" confidence="0.9173553029164789"><link ns0:type="simple" ns0:href="../369/1773369.xml">chiwetel ejiofor</link></actor><it><movie wordnetid="106613686" confidence="0.9508927676800064"><link ns0:type="simple" ns0:href="../861/2676861.xml">kinki boot</link></movie></it>lola</entry><entry level="2" type="bullet"><comedian wordnetid="109940146" confidence="0.9173553029164789"><person wordnetid="100007846" confidence="0.9508927676800064"><actor wordnetid="109765278" confidence="0.9508927676800064"><link ns0:type="simple" ns0:href="../331/179331.xml">will ferrel</link></actor></person></comedian><it><movie wordnetid="106613686" confidence="0.9508927676800064"><link ns0:type="simple" ns0:href="../050/4155050.xml">stranger fiction</link></movie></it>harold crick</entry><entry level="1" type="bullet"><person wordnetid="100007846" confidence="0.9508927676800064"><musician wordnetid="110340312" confidence="0.9173553029164789"><actor wordnetid="109765278" confidence="0.9508927676800064"><link ns0:type="simple" ns0:href="../870/71870.xml">johnni depp</link></actor></musician></person>sweeney todd</entry><entry level="2" type="bullet"><manufacturer wordnetid="110292316" confidence="0.9173553029164789"><actor wordnetid="109765278" confidence="0.9508927676800064"><link ns0:type="simple" ns0:href="../226/891226.xml">ryan gosl</link></actor></manufacturer><it><link ns0:type="simple" ns0:href="../170/12685170.xml">lar real girl</link></it>lar lindstrom</entry><entry level="2" type="bullet"><person wordnetid="100007846" confidence="0.9508927676800064"><artist wordnetid="109812338" confidence="0.9173553029164789"><actor wordnetid="109765278" confidence="0.9508927676800064"><writer wordnetid="110794014" confidence="0.9173553029164789"><link ns0:type="simple" ns0:href="../568/43568.xml">tom hank</link></writer></actor></artist></person><it><movie wordnetid="106613686" confidence="0.9508927676800064"><link ns0:type="simple" ns0:href="../041/3615041.xml">charli wilson war</link></movie></it>charli wilson</entry><entry level="2" type="bullet"><person wordnetid="100007846" confidence="0.9508927676800064"><actor wordnetid="109765278" confidence="0.9173553029164789"><director wordnetid="110015215" confidence="0.9173553029164789"><link ns0:type="simple" ns0:href="../099/564099.xml">philip seymour hoffman</link></director></actor></person><it><movie wordnetid="106613686" confidence="0.9508927676800064"><link ns0:type="simple" ns0:href="../082/11744082.xml">savag</link></movie></it>jon savag</entry><entry level="2" type="bullet"><actor wordnetid="109765278" confidence="0.9508927676800064"><link ns0:type="simple" ns0:href="../143/564143.xml">john reilli</link></actor>dewey cox</entry></list></p><p><table style=";" class="navbox" cellspacing="0"><row><col style="padding:2px;"><table style="width:100%;background:transparent;color:inherit;;" class="nowraplinks collapsible autocollapse " cellspacing="0"><row><header colspan="2" style=";background: #CFB53B" class="navbox-title"><link ns0:type="simple" ns0:href="../724/142724.xml">golden globe award</link></header></row><row style="height:2px;" /><row><col style=";background: #F0DC82;" class="navbox-group">current award film</col><col style="text-align:left;border-left:2px solid #fdfdfd;width:100%;padding:0px;;;" class="navbox-list navbox-odd"><symbol wordnetid="106806469" confidence="0.8"><award wordnetid="106696483" confidence="0.8"><signal wordnetid="106791372" confidence="0.8"><link ns0:type="simple" ns0:href="../751/1476751.xml">best support actor</link></signal></award></symbol><symbol wordnetid="106806469" confidence="0.8"><award wordnetid="106696483" confidence="0.8"><signal wordnetid="106791372" confidence="0.8"><link ns0:type="simple" ns0:href="../749/1476749.xml">best support actress</link></signal></award></symbol><symbol wordnetid="106806469" confidence="0.8"><award wordnetid="106696483" confidence="0.8"><signal wordnetid="106791372" confidence="0.8"><link ns0:type="simple" ns0:href="../588/5544588.xml">best anim featur</link></signal></award></symbol><link ns0:type="simple" ns0:href="../061/186061.xml">best director</link><link ns0:type="simple" ns0:href="../746/1476746.xml">best foreign languag film</link><symbol wordnetid="106806469" confidence="0.8"><award wordnetid="106696483" confidence="0.8"><signal wordnetid="106791372" confidence="0.8"><link ns0:type="simple" ns0:href="../761/1476761.xml">best origin score</link></signal></award></symbol><link ns0:type="simple" ns0:href="../763/1476763.xml">best origin song</link><symbol wordnetid="106806469" confidence="0.8"><award wordnetid="106696483" confidence="0.8"><signal wordnetid="106791372" confidence="0.8"><link ns0:type="simple" ns0:href="../758/1476758.xml">best screenplay</link></signal></award></symbol></col></row><row style="height:2px" /><row><col style=";background: #F0DC82;" class="navbox-group">current award televis</col><col style="text-align:left;border-left:2px solid #fdfdfd;width:100%;padding:0px;;;" class="navbox-list navbox-even"><symbol wordnetid="106806469" confidence="0.8"><award wordnetid="106696483" confidence="0.8"><signal wordnetid="106791372" confidence="0.8"><link ns0:type="simple" ns0:href="../791/1476791.xml">best miniseri tv film</link></signal></award></symbol></col></row><row style="height:2px" /><row><col style=";background: #F0DC82;" class="navbox-group"><link ns0:type="simple" ns0:href="../160/3612160.xml">ceremoni</link></col><col style="text-align:left;border-left:2px solid #fdfdfd;width:100%;padding:0px;;;" class="navbox-list navbox-odd"><symbol wordnetid="106806469" confidence="0.8"><award wordnetid="106696483" confidence="0.8"><signal wordnetid="106791372" confidence="0.8"><link ns0:type="simple" ns0:href="../635/3668635.xml" /></signal></award></symbol><symbol wordnetid="106806469" confidence="0.8"><award wordnetid="106696483" confidence="0.8"><signal wordnetid="106791372" confidence="0.8"><link ns0:type="simple" ns0:href="../677/3668677.xml" /></signal></award></symbol><symbol wordnetid="106806469" confidence="0.8"><award wordnetid="106696483" confidence="0.8"><signal wordnetid="106791372" confidence="0.8"><link ns0:type="simple" ns0:href="../710/3668710.xml" /></signal></award></symbol><symbol wordnetid="106806469" confidence="0.8"><award wordnetid="106696483" confidence="0.8"><signal wordnetid="106791372" confidence="0.8"><link ns0:type="simple" ns0:href="../770/3668770.xml" /></signal></award></symbol><symbol wordnetid="106806469" confidence="0.8"><award wordnetid="106696483" confidence="0.8"><signal wordnetid="106791372" confidence="0.8"><link ns0:type="simple" ns0:href="../832/3668832.xml" /></signal></award></symbol><symbol wordnetid="106806469" confidence="0.8"><award wordnetid="106696483" confidence="0.8"><signal wordnetid="106791372" confidence="0.8"><link ns0:type="simple" ns0:href="../373/7937373.xml" /></signal></award></symbol><symbol wordnetid="106806469" confidence="0.8"><award wordnetid="106696483" confidence="0.8"><signal wordnetid="106791372" confidence="0.8"><link ns0:type="simple" ns0:href="../355/7937355.xml" /></signal></award></symbol><symbol wordnetid="106806469" confidence="0.8"><award wordnetid="106696483" confidence="0.8"><signal wordnetid="106791372" confidence="0.8"><link ns0:type="simple" ns0:href="../337/7937337.xml" /></signal></award></symbol><symbol wordnetid="106806469" confidence="0.8"><award wordnetid="106696483" confidence="0.8"><signal wordnetid="106791372" confidence="0.8"><link ns0:type="simple" ns0:href="../295/7937295.xml" /></signal></award></symbol><symbol wordnetid="106806469" confidence="0.8"><award wordnetid="106696483" confidence="0.8"><signal wordnetid="106791372" confidence="0.8"><link ns0:type="simple" ns0:href="../270/7937270.xml" /></signal></award></symbol><symbol wordnetid="106806469" confidence="0.8"><award wordnetid="106696483" confidence="0.8"><signal wordnetid="106791372" confidence="0.8"><link ns0:type="simple" ns0:href="../247/7937247.xml" /></signal></award></symbol><symbol wordnetid="106806469" confidence="0.8"><award wordnetid="106696483" confidence="0.8"><signal wordnetid="106791372" confidence="0.8"><link ns0:type="simple" ns0:href="../234/7937234.xml" /></signal></award></symbol><symbol wordnetid="106806469" confidence="0.8"><award wordnetid="106696483" confidence="0.8"><signal wordnetid="106791372" confidence="0.8"><link ns0:type="simple" ns0:href="../217/7937217.xml" /></signal></award></symbol><symbol wordnetid="106806469" confidence="0.8"><award wordnetid="106696483" confidence="0.8"><signal wordnetid="106791372" confidence="0.8"><link ns0:type="simple" ns0:href="../194/7937194.xml" /></signal></award></symbol><symbol wordnetid="106806469" confidence="0.8"><award wordnetid="106696483" confidence="0.8"><signal wordnetid="106791372" confidence="0.8"><link ns0:type="simple" ns0:href="../178/7937178.xml" /></signal></award></symbol><symbol wordnetid="106806469" confidence="0.8"><award wordnetid="106696483" confidence="0.8"><signal wordnetid="106791372" confidence="0.8"><link ns0:type="simple" ns0:href="../167/7937167.xml" /></signal></award></symbol><symbol wordnetid="106806469" confidence="0.8"><award wordnetid="106696483" confidence="0.8"><signal wordnetid="106791372" confidence="0.8"><link ns0:type="simple" ns0:href="../155/7937155.xml" /></signal></award></symbol><symbol wordnetid="106806469" confidence="0.8"><award wordnetid="106696483" confidence="0.8"><signal wordnetid="106791372" confidence="0.8"><link ns0:type="simple" ns0:href="../139/7937139.xml" /></signal></award></symbol><symbol wordnetid="106806469" confidence="0.8"><award wordnetid="106696483" confidence="0.8"><signal wordnetid="106791372" confidence="0.8"><link ns0:type="simple" ns0:href="../125/7937125.xml" /></signal></award></symbol><symbol wordnetid="106806469" confidence="0.8"><award wordnetid="106696483" confidence="0.8"><signal wordnetid="106791372" confidence="0.8"><link ns0:type="simple" ns0:href="../106/7937106.xml" /></signal></award></symbol><symbol wordnetid="106806469" confidence="0.8"><award wordnetid="106696483" confidence="0.8"><signal wordnetid="106791372" confidence="0.8"><link ns0:type="simple" ns0:href="../085/7937085.xml" /></signal></award></symbol><symbol wordnetid="106806469" confidence="0.8"><award wordnetid="106696483" confidence="0.8"><signal wordnetid="106791372" confidence="0.8"><link ns0:type="simple" ns0:href="../994/7936994.xml" /></signal></award></symbol><symbol wordnetid="106806469" confidence="0.8"><award wordnetid="106696483" confidence="0.8"><signal wordnetid="106791372" confidence="0.8"><link ns0:type="simple" ns0:href="../024/7937024.xml" /></signal></award></symbol><symbol wordnetid="106806469" confidence="0.8"><award wordnetid="106696483" confidence="0.8"><signal wordnetid="106791372" confidence="0.8"><link ns0:type="simple" ns0:href="../969/7936969.xml" /></signal></award></symbol><symbol wordnetid="106806469" confidence="0.8"><award wordnetid="106696483" confidence="0.8"><signal wordnetid="106791372" confidence="0.8"><link ns0:type="simple" ns0:href="../449/3669449.xml" /></signal></award></symbol><symbol wordnetid="106806469" confidence="0.8"><award wordnetid="106696483" confidence="0.8"><signal wordnetid="106791372" confidence="0.8"><link ns0:type="simple" ns0:href="../852/7936852.xml" /></signal></award></symbol><symbol wordnetid="106806469" confidence="0.8"><award wordnetid="106696483" confidence="0.8"><signal wordnetid="106791372" confidence="0.8"><link ns0:type="simple" ns0:href="../811/7936811.xml" /></signal></award></symbol><symbol wordnetid="106806469" confidence="0.8"><award wordnetid="106696483" confidence="0.8"><signal wordnetid="106791372" confidence="0.8"><link ns0:type="simple" ns0:href="../747/7936747.xml" /></signal></award></symbol><symbol wordnetid="106806469" confidence="0.8"><award wordnetid="106696483" confidence="0.8"><signal wordnetid="106791372" confidence="0.8"><link ns0:type="simple" ns0:href="../697/7936697.xml" /></signal></award></symbol><symbol wordnetid="106806469" confidence="0.8"><award wordnetid="106696483" confidence="0.8"><signal wordnetid="106791372" confidence="0.8"><link ns0:type="simple" ns0:href="../290/4969290.xml" /></signal></award></symbol><symbol wordnetid="106806469" confidence="0.8"><award wordnetid="106696483" confidence="0.8"><signal wordnetid="106791372" confidence="0.8"><link ns0:type="simple" ns0:href="../520/7936520.xml" /></signal></award></symbol><symbol wordnetid="106806469" confidence="0.8"><award wordnetid="106696483" confidence="0.8"><signal wordnetid="106791372" confidence="0.8"><link ns0:type="simple" ns0:href="../499/7936499.xml" /></signal></award></symbol><symbol wordnetid="106806469" confidence="0.8"><award wordnetid="106696483" confidence="0.8"><signal wordnetid="106791372" confidence="0.8"><link ns0:type="simple" ns0:href="../470/7936470.xml" /></signal></award></symbol><symbol wordnetid="106806469" confidence="0.8"><award wordnetid="106696483" confidence="0.8"><signal wordnetid="106791372" confidence="0.8"><link ns0:type="simple" ns0:href="../451/7936451.xml" /></signal></award></symbol><symbol wordnetid="106806469" confidence="0.8"><award wordnetid="106696483" confidence="0.8"><signal wordnetid="106791372" confidence="0.8"><link ns0:type="simple" ns0:href="../431/7936431.xml" /></signal></award></symbol><symbol wordnetid="106806469" confidence="0.8"><award wordnetid="106696483" confidence="0.8"><signal wordnetid="106791372" confidence="0.8"><link ns0:type="simple" ns0:href="../414/7936414.xml" /></signal></award></symbol><symbol wordnetid="106806469" confidence="0.8"><award wordnetid="106696483" confidence="0.8"><signal wordnetid="106791372" confidence="0.8"><link ns0:type="simple" ns0:href="../394/7936394.xml" /></signal></award></symbol><symbol wordnetid="106806469" confidence="0.8"><award wordnetid="106696483" confidence="0.8"><signal wordnetid="106791372" confidence="0.8"><link ns0:type="simple" ns0:href="../359/7936359.xml" /></signal></award></symbol><symbol wordnetid="106806469" confidence="0.8"><award wordnetid="106696483" confidence="0.8"><signal wordnetid="106791372" confidence="0.8"><link ns0:type="simple" ns0:href="../340/7936340.xml" /></signal></award></symbol><symbol wordnetid="106806469" confidence="0.8"><award wordnetid="106696483" confidence="0.8"><signal wordnetid="106791372" confidence="0.8"><link ns0:type="simple" ns0:href="../250/4207250.xml" /></signal></award></symbol><symbol wordnetid="106806469" confidence="0.8"><award wordnetid="106696483" confidence="0.8"><signal wordnetid="106791372" confidence="0.8"><link ns0:type="simple" ns0:href="../259/7936259.xml" /></signal></award></symbol><symbol wordnetid="106806469" confidence="0.8"><award wordnetid="106696483" confidence="0.8"><signal wordnetid="106791372" confidence="0.8"><link ns0:type="simple" ns0:href="../196/7936196.xml" /></signal></award></symbol><symbol wordnetid="106806469" confidence="0.8"><award wordnetid="106696483" confidence="0.8"><signal wordnetid="106791372" confidence="0.8"><link ns0:type="simple" ns0:href="../156/7936156.xml" /></signal></award></symbol><symbol wordnetid="106806469" confidence="0.8"><award wordnetid="106696483" confidence="0.8"><signal wordnetid="106791372" confidence="0.8"><link ns0:type="simple" ns0:href="../536/3637536.xml" /></signal></award></symbol><symbol wordnetid="106806469" confidence="0.8"><award wordnetid="106696483" confidence="0.8"><signal wordnetid="106791372" confidence="0.8"><link ns0:type="simple" ns0:href="../492/3637492.xml" /></signal></award></symbol><symbol wordnetid="106806469" confidence="0.8"><award wordnetid="106696483" confidence="0.8"><signal wordnetid="106791372" confidence="0.8"><link ns0:type="simple" ns0:href="../352/3637352.xml" /></signal></award></symbol><symbol wordnetid="106806469" confidence="0.8"><award wordnetid="106696483" confidence="0.8"><signal wordnetid="106791372" confidence="0.8"><link ns0:type="simple" ns0:href="../324/3637324.xml" /></signal></award></symbol><symbol wordnetid="106806469" confidence="0.8"><award wordnetid="106696483" confidence="0.8"><signal wordnetid="106791372" confidence="0.8"><link ns0:type="simple" ns0:href="../197/3637197.xml" /></signal></award></symbol><symbol wordnetid="106806469" confidence="0.8"><award wordnetid="106696483" confidence="0.8"><signal wordnetid="106791372" confidence="0.8"><link ns0:type="simple" ns0:href="../448/3636448.xml" /></signal></award></symbol><symbol wordnetid="106806469" confidence="0.8"><award wordnetid="106696483" confidence="0.8"><signal wordnetid="106791372" confidence="0.8"><link ns0:type="simple" ns0:href="../438/3615438.xml" /></signal></award></symbol><symbol wordnetid="106806469" confidence="0.8"><award wordnetid="106696483" confidence="0.8"><signal wordnetid="106791372" confidence="0.8"><link ns0:type="simple" ns0:href="../744/3631744.xml" /></signal></award></symbol><symbol wordnetid="106806469" confidence="0.8"><award wordnetid="106696483" confidence="0.8"><signal wordnetid="106791372" confidence="0.8"><link ns0:type="simple" ns0:href="../777/3629777.xml" /></signal></award></symbol><symbol wordnetid="106806469" confidence="0.8"><award wordnetid="106696483" confidence="0.8"><signal wordnetid="106791372" confidence="0.8"><link ns0:type="simple" ns0:href="../960/3620960.xml" /></signal></award></symbol><symbol wordnetid="106806469" confidence="0.8"><award wordnetid="106696483" confidence="0.8"><signal wordnetid="106791372" confidence="0.8"><link ns0:type="simple" ns0:href="../874/3620874.xml" /></signal></award></symbol><symbol wordnetid="106806469" confidence="0.8"><award wordnetid="106696483" confidence="0.8"><signal wordnetid="106791372" confidence="0.8"><link ns0:type="simple" ns0:href="../593/3620593.xml" /></signal></award></symbol><symbol wordnetid="106806469" confidence="0.8"><award wordnetid="106696483" confidence="0.8"><signal wordnetid="106791372" confidence="0.8"><link ns0:type="simple" ns0:href="../433/3629433.xml" /></signal></award></symbol><symbol wordnetid="106806469" confidence="0.8"><award wordnetid="106696483" confidence="0.8"><signal wordnetid="106791372" confidence="0.8"><link ns0:type="simple" ns0:href="../586/3608586.xml" /></signal></award></symbol><symbol wordnetid="106806469" confidence="0.8"><award wordnetid="106696483" confidence="0.8"><signal wordnetid="106791372" confidence="0.8"><link ns0:type="simple" ns0:href="../653/3601653.xml" /></signal></award></symbol><symbol wordnetid="106806469" confidence="0.8"><award wordnetid="106696483" confidence="0.8"><signal wordnetid="106791372" confidence="0.8"><link ns0:type="simple" ns0:href="../205/3600205.xml" /></signal></award></symbol><symbol wordnetid="106806469" confidence="0.8"><award wordnetid="106696483" confidence="0.8"><signal wordnetid="106791372" confidence="0.8"><link ns0:type="simple" ns0:href="../975/3599975.xml" /></signal></award></symbol><symbol wordnetid="106806469" confidence="0.8"><award wordnetid="106696483" confidence="0.8"><signal wordnetid="106791372" confidence="0.8"><link ns0:type="simple" ns0:href="../738/3599738.xml" /></signal></award></symbol><symbol wordnetid="106806469" confidence="0.8"><award wordnetid="106696483" confidence="0.8"><signal wordnetid="106791372" confidence="0.8"><link ns0:type="simple" ns0:href="../882/3599882.xml" /></signal></award></symbol><symbol wordnetid="106806469" confidence="0.8"><award wordnetid="106696483" confidence="0.8"><signal wordnetid="106791372" confidence="0.8"><link ns0:type="simple" ns0:href="../178/3606178.xml" /></signal></award></symbol><symbol wordnetid="106806469" confidence="0.8"><award wordnetid="106696483" confidence="0.8"><signal wordnetid="106791372" confidence="0.8"><link ns0:type="simple" ns0:href="../688/5544688.xml" /></signal></award></symbol><symbol wordnetid="106806469" confidence="0.8"><award wordnetid="106696483" confidence="0.8"><signal wordnetid="106791372" confidence="0.8"><link ns0:type="simple" ns0:href="../606/12649606.xml" /></signal></award></symbol><symbol wordnetid="106806469" confidence="0.8"><award wordnetid="106696483" confidence="0.8"><signal wordnetid="106791372" confidence="0.8"><link ns0:type="simple" ns0:href="../832/17089832.xml" /></signal></award></symbol>year film releas ceremoni year</col></row></table></col></row></table></p></ss1></bdy></signal></award></symbol></article>