<article xmlns:ns0="http://www.w3.org/1999/xlink"><header><title>reconfigur comput</title><id /><revision><id /><timestamp>tz</timestamp><contributor><username>rjwilmsi</username><id /></contributor></revision><categories><category>reconfigur comput</category><category>digit electron</category></categories></header><bdy><b>reconfigur comput</b>comput paradigm combin flexibl softwar high perform hardwar process flexibl high speed comput fabric<link ns0:type="simple" ns0:href="../814/592814.xml">fpga</link>princip differ compar ordinari<link ns0:type="simple" ns0:href="../553/19553.xml">microprocessor</link>abil substanti chang<link ns0:type="simple" ns0:href="../889/8232889.xml">datapath</link>addit control flow hand main differ custom hardwar<link ns0:type="simple" ns0:href="../845/147845.xml">asic</link>possibl adapt hardwar runtim load circuit reconfigur fabric<sec><st>histori properti</st><p>concept reconfigur comput exist<scientist wordnetid="110560637" confidence="0.9508927676800064"><link ns0:type="simple" ns0:href="../516/17696516.xml">gerald estrin</link></scientist>landmark paper propos concept comput standard processor array reconfigur hardwar<ref ns0:type="simple" ns0:href="#xpointer(//reflist/entry[@id=%221%22])" /><ref ns0:type="simple" ns0:href="#xpointer(//reflist/entry[@id=%222%22])" />main processor control behavior reconfigur hardwar tailor perform specif task imag process pattern match dedic piec hardwar task hardwar adjust task hybrid comput structur combin flexibl softwar speed hardwar idea ahead time need electron technolog</p><p>eighti nineti renaiss area propos reconfigur architectur develop industri academia matrix<weblink ns0:type="simple" ns0:href="http://brass.cs.berkeley.edu/garp.html">garp</weblink><ref ns0:type="simple" ns0:href="#xpointer(//reflist/entry[@id=%223%22])" />elix pact xpp silicon hive montium pleiad morphosi picoga design feasibl constant progress silicon technolog complex design implement chip world commerci reconfigur comput algotronix chsx complet commerci success promis<company wordnetid="108058098" confidence="0.9508927676800064"><link ns0:type="simple" ns0:href="../732/816732.xml">xilinx</link></company>inventor<link ns0:type="simple" ns0:href="../814/592814.xml">fieldprogramm gate array</link>fpga bought technolog hire algotronix staff<ref ns0:type="simple" ns0:href="#xpointer(//reflist/entry[@id=%224%22])" /></p></sec><sec><st>current system</st><p>current number vendor commerci reconfigur comput aim<link ns0:type="simple" ns0:href="../153/37153.xml">high perform comput</link>market includ<company wordnetid="108058098" confidence="0.9508927676800064"><link ns0:type="simple" ns0:href="../315/217315.xml">cray</link></company><link ns0:type="simple" ns0:href="../013/28013.xml">sgi</link><link ns0:type="simple" ns0:href="../136/2887136.xml">src comput</link>reconfigur comput estrin hybrid comput microprocessor tradit cpu cluster comput coupl userprogramm fpga hybrid comput cray supercomput compani affili src comput acquir octigabay reconfigur comput platform cray market<link ns0:type="simple" ns0:href="../925/1049925.xml">xd</link><link ns0:type="simple" ns0:href="../013/28013.xml">sgi</link>sell<link>rasc</link>platform<physical_entity wordnetid="100001930" confidence="0.8"><person wordnetid="100007846" confidence="0.8"><worker wordnetid="109632518" confidence="0.8"><causal_agent wordnetid="100007347" confidence="0.8"><dining-room_attendant wordnetid="110013614" confidence="0.8"><employee wordnetid="110053808" confidence="0.8"><waiter wordnetid="110763383" confidence="0.8"><link ns0:type="simple" ns0:href="../607/1129607.xml">altix</link></waiter></employee></dining-room_attendant></causal_agent></worker></person></physical_entity>seri supercomput<ref ns0:type="simple" ns0:href="#xpointer(//reflist/entry[@id=%225%22])" /><link ns0:type="simple" ns0:href="../136/2887136.xml">src comput</link>develop famili reconfigur comput base implicitexplicit architectur map processor</p><p>xd sgi fpga reconfigur accomplish tradit<link ns0:type="simple" ns0:href="../554/74554.xml">hardwar descript languag</link>hdl gener directli electron design autom eda electron system level esl tool employ high level languag graphic tool<link ns0:type="simple" ns0:href="../801/16969801.xml">starbridg</link><link ns0:type="simple" ns0:href="../789/544789.xml">viva</link><programming_language wordnetid="106898352" confidence="0.9508927676800064"><link ns0:type="simple" ns0:href="../021/6021.xml" /></programming_language>base languag exampl<language wordnetid="106282651" confidence="0.8"><link ns0:type="simple" ns0:href="../144/4244144.xml">handelc</link></language><link>celoxica</link><arrangement wordnetid="107938773" confidence="0.8"><group wordnetid="100031264" confidence="0.8"><array wordnetid="107939382" confidence="0.8"><link ns0:type="simple" ns0:href="../148/9750148.xml">dimec</link></array></group></arrangement><company wordnetid="108058098" confidence="0.8"><institution wordnetid="108053576" confidence="0.8"><link ns0:type="simple" ns0:href="../135/5892135.xml">nallatech</link></institution></company><programming_language wordnetid="106898352" confidence="0.9508927676800064"><link ns0:type="simple" ns0:href="../879/8715879.xml">impuls</link></programming_language><company wordnetid="108058098" confidence="0.8"><institution wordnetid="108053576" confidence="0.8"><link ns0:type="simple" ns0:href="../370/8807370.xml">impuls acceler technolog</link></institution></company><link>mitrionc</link><company wordnetid="108058098" confidence="0.8"><institution wordnetid="108053576" confidence="0.8"><link ns0:type="simple" ns0:href="../153/11714153.xml">mitrion</link></institution></company></p><p>addit<company wordnetid="108058098" confidence="0.8"><institution wordnetid="108053576" confidence="0.8"><link ns0:type="simple" ns0:href="../153/11714153.xml">mitrion</link></institution></company>develop softwar acceler platform enabl softwar written singl assign languag compil execut fpgabas comput cray sgi<link>mitrionc</link>softwar languag<link>mitrion virtual processor</link>enabl softwar develop write execut applic fpgabas comput manner comput technolog graphic process unit gpu cellbas processor parallel process unit ppu multicor cpu tradit singlecor cpu cluster</p><p>src develop<it>cart</it>compil take exist highlevel languag<programming_language wordnetid="106898352" confidence="0.9508927676800064"><link ns0:type="simple" ns0:href="../021/6021.xml" /></programming_language><programming_language wordnetid="106898352" confidence="0.9508927676800064"><link ns0:type="simple" ns0:href="../168/11168.xml">fortran</link></programming_language>modif compil execut fpga microprocessor src literatur applic algorithm written highlevel languag fortran cart extract maximum parallel code gener pipelin hardwar logic instanti map gener requir interfac code manag movement data map coordin microprocessor logic run map note src allow tradit hdl flow src system commun snap memori interfac andor option hibar switch</p><p>commun act subject project morpheu<ref ns0:type="simple" ns0:href="#xpointer(//reflist/entry[@id=%226%22])" />europ implement singl mm nm chip arm processor fpga dream picoga pact xpp matrix</p></sec><sec><st>comparison system</st><p>emerg field classif reconfigur architectur develop refin architectur develop unifi taxonomi suggest recur paramet classifi system</p><ss1><st>granular</st><p>granular reconfigur logic defin size smallest function unit<link ns0:type="simple" ns0:href="../718/988718.xml">clb</link>address map tool low granular finegrain impli greater flexibl implement algorithm hardwar penalti associ term increas power area delay greater quantiti rout requir comput finegrain architectur work bitlevel manipul level whilst coars grain process element<link ns0:type="simple" ns0:href="../371/188371.xml">rdpu</link>better optimis standard data path applic drawback coars grain architectur tend lose utilis perform perform smaller comput granular exampl bit add bit wide function unit wast three bit problem solv coars grain array<link ns0:type="simple" ns0:href="../714/2505714.xml">rdpa</link><link ns0:type="simple" ns0:href="../814/592814.xml">fpga</link>chip</p><p>coarsegrain architectur<link ns0:type="simple" ns0:href="../714/2505714.xml">rdpa</link>intend implement algorithm need wordwidth data path<link ns0:type="simple" ns0:href="../371/188371.xml">rdpu</link>function block optim larg comput typic compris word wide alu will perform oper power effici smaller set function unit connect interconnect connect wire shorter mean wire capacit faster lower power design potenti undesir consequ larger comput block size operand match algorithm ineffici utilis resourc result type applic advanc allow logic memori rout resourc tailor instanc<link>kressarray xplorer</link>enhanc perform devic whilst provid level flexibl futur adapt exampl domain specif array aim gain better perform term power area throughput gener finer grain<link ns0:type="simple" ns0:href="../814/592814.xml">fpga</link>cousin reduc flexibl</p></ss1><ss1><st>rate reconfigur</st><p>configur reconfigur system happen deploy time execut phase execut typic reconfigur system bit stream program devic deploy time fine grain system natur requir greater configur time coarsegrain architectur element need address program coarsegrain architectur gain potenti lower energi requir transfer utilis intuit slower rate reconfigur smaller energi consumpt associ energi cost reconfigur amortis longer period time partial reconfigur aim allow devic reprogram perform activ comput partial reconfigur allow smaller reconfigur bit stream wast energi transmit redund bit stream compress bit stream care analysi carri insur energi save smaller bit stream outweigh comput need decompress data</p></ss1><ss1><st>host coupl</st><p>reconfigur array process acceler attach host processor level coupl determin type data transfer latenc power throughput overhead involv utilis reconfigur logic intuit design peripher bu provid coprocessor arrang reconfigur array implement reconfigur fabric closer processor implement data path utilis processor regist job host processor perform control function configur logic schedul data provid extern interfac</p></ss1><ss1><st>routinginterconnect</st><p>flexibl reconfigur devic rout interconnect style interconnect popular<link ns0:type="simple" ns0:href="../814/592814.xml">fpga</link>vendor xilinx altera island style layout block arrang array vertic horizont rout layout inadequ rout suffer poor flexibl resourc utilis provid limit perform interconnect provid requir transistor silicon area longer wire power consumpt</p></ss1><ss1><st>tool flow</st><p>gener tool configur comput system split part<link ns0:type="simple" ns0:href="../315/37315.xml">cad</link>tool reconfigur array compil tool cpu frontend compil integr tool will gener structur hardwar represent input hardwar design flow hardwar design flow reconfigur architectur classifi approach three main stage design process technolog map placement algorithm rout algorithm softwar framework differ level program languag</p><p>type reconfigur comput microcod processor<link ns0:type="simple" ns0:href="../999/19999.xml">microcod</link>store<link ns0:type="simple" ns0:href="../847/25847.xml">ram</link><link ns0:type="simple" ns0:href="../597/50597.xml">eeprom</link>changeabl<link>reboot</link>fli<company wordnetid="108058098" confidence="0.9508927676800064"><link ns0:type="simple" ns0:href="../ury/24th_century.xml">amd</link></company>seri<link ns0:type="simple" ns0:href="../466/3093466.xml">bit slice processor</link>reboot<arrangement wordnetid="107938773" confidence="0.8"><group wordnetid="100031264" confidence="0.8"><array wordnetid="107939382" confidence="0.8"><link ns0:type="simple" ns0:href="../969/10969.xml">fpga</link></array></group></arrangement>fli</p><p><link ns0:type="simple" ns0:href="../364/864364.xml">dataflow</link>processor implement reconfigur comput</p><p>compar way implement algorithm runtim energi tool allow compil piec code fix cpu<link ns0:type="simple" ns0:href="../728/3828728.xml">soft processor</link>compil directli fpga<weblink ns0:type="simple" ns0:href="http://www.fpgajournal.com/articles/impulseC.htm">httpwwwfpgajournalcomarticlesimpulsechtm</weblink></p></ss1></sec><sec><st>reconfigur comput paradigm shift hartenstein anti machin</st><p><table align="right" class="wikitable"><caption><it>tabl nick tredennick paradigm classif scheme</it></caption><row><col colspan="2" bgcolor="#BBBBFF"><b>earli histor comput</b></col></row><row><col bgcolor="#BBBBFF" /><header>program sourc</header></row><row><col>resourc fix</col><col /></row><row><col>algorithm fix</col><col /></row><row><col colspan="2" bgcolor="#ffebad"><b>von neumann comput</b></col></row><row><col bgcolor="#ffebad" /><header>program sourc</header></row><row><col>resourc fix</col><col /></row><row><col>algorithm variabl</col><col>softwar instruct stream</col></row><row><col colspan="2" bgcolor="#ffbbbb"><b>reconfigur comput system</b></col></row><row><col bgcolor="#ffbbbb" /><header>program sourc</header></row><row><col>resourc variabl</col><col><link ns0:type="simple" ns0:href="../184/2151184.xml">configwar</link>configur</col></row><row><col>algorithm variabl</col><col><link>flowwar</link>data stream</col></row></table></p><p>comput scientist<physical_entity wordnetid="100001930" confidence="0.8"><person wordnetid="100007846" confidence="0.8"><pioneer wordnetid="110434725" confidence="0.8"><causal_agent wordnetid="100007347" confidence="0.8"><scientist wordnetid="110560637" confidence="0.8"><originator wordnetid="110383816" confidence="0.8"><creator wordnetid="109614315" confidence="0.8"><link ns0:type="simple" ns0:href="../802/7581802.xml">reiner hartenstein</link></creator></originator></scientist></causal_agent></pioneer></person></physical_entity>describ reconfigur comput term<it><link ns0:type="simple" ns0:href="../340/10050340.xml">anti machin</link></it>repres fundament paradigm shift convent<link ns0:type="simple" ns0:href="../986/41986.xml">von neumann machin</link><ref ns0:type="simple" ns0:href="#xpointer(//reflist/entry[@id=%227%22])" />hartenstein describ<b>reconfigur comput paradox</b><ref ns0:type="simple" ns0:href="#xpointer(//reflist/entry[@id=%228%22])" />softwar<link ns0:type="simple" ns0:href="../184/2151184.xml">configwar</link>migrat softwar<link ns0:type="simple" ns0:href="../814/592814.xml">fpga</link>migrat report speedup factor order magnitud well reduct electr consumpt order magnitudealthough technolog paramet fpga gordon moor curv order magnitud clock frequenc lower microprocessor paradox paradigm shift partli explain<link ns0:type="simple" ns0:href="../667/7660667.xml">von neumann syndrom</link></p><p>fundament model reconfigur comput machin paradigm datastreambas<link ns0:type="simple" ns0:href="../340/10050340.xml">anti machin</link>well illustr differ machin paradigm introduc earlier<physical_entity wordnetid="100001930" confidence="0.8"><person wordnetid="100007846" confidence="0.8"><intellectual wordnetid="109621545" confidence="0.8"><alumnus wordnetid="109786338" confidence="0.8"><causal_agent wordnetid="100007347" confidence="0.8"><inventor wordnetid="110214637" confidence="0.8"><scholar wordnetid="110557854" confidence="0.8"><creator wordnetid="109614315" confidence="0.8"><link ns0:type="simple" ns0:href="../190/7804190.xml">nick tredennick</link></creator></scholar></inventor></causal_agent></alumnus></intellectual></person></physical_entity>classif scheme comput paradigm tabl nick tredennick paradigm classif scheme<ref ns0:type="simple" ns0:href="#xpointer(//reflist/entry[@id=%229%22])" /></p><p>fundament model<link ns0:type="simple" ns0:href="../340/10050340.xml">reconfigur comput machin</link>datastreambas<link ns0:type="simple" ns0:href="../340/10050340.xml">anti machin</link>call xputer counterpart instructionstreambas<link ns0:type="simple" ns0:href="../986/41986.xml">von neumann machin</link>paradigm illustr simpl reconfigur system<link ns0:type="simple" ns0:href="../505/2238505.xml"><it>dynam</it>reconfigur</link>instruct fetch time reconfigur time consid kind<it>super instruct fetch</it>anti machin program counter anti machin data counter datastreamdriven definit term<it>data stream</it><link ns0:type="simple" ns0:href="../517/351517.xml">systol array</link>scene defin time data item enter leav port reconfigur system finegrain fpga coarsegrain mixtur</p><p>systol array scene origin earli mathematician defin half anti machin data path<link ns0:type="simple" ns0:href="../517/351517.xml">systol array</link><link ns0:type="simple" ns0:href="../517/351517.xml">super systol array</link>defin model data sequenc methodolog consid job care data stream data sequenc anti machin model distribut memori prefer chip consist<link ns0:type="simple" ns0:href="../340/10050340.xml">autosequenc memori</link>block<link ns0:type="simple" ns0:href="../340/10050340.xml">asm</link>block asm block sequenc includ data counter exampl<link ns0:type="simple" ns0:href="../340/10050340.xml">gener address gener</link>gag gener<link ns0:type="simple" ns0:href="../717/57717.xml">dma</link></p></sec><sec><st>refer</st><p><reflist><entry id="1">estrin reconfigur comput origin ucla fixedplusvari fv structur comput<it>ieee ann hist comput</it>oct doihttpdxdoiorgmahc</entry><entry id="2">estrin organ comput systemsth fix variabl structur comput<it>proc western joint comput conf</it>western joint comput confer york</entry><entry id="3">hauser john wawrzynek john garp mip processor reconfigur coprocessor<it>proceed ieee symposium fieldprogramm custom comput machin</it>fccm april</entry><entry id="4"><weblink ns0:type="simple" ns0:href="http://www.algotronix.com/people/tom/album.html">algotronix histori</weblink></entry><entry id="5"><weblink ns0:type="simple" ns0:href="http://www.sgi.com/products/rasc/">rasc</weblink></entry><entry id="6"><weblink ns0:type="simple" ns0:href="http://www.morpheus.arces.unibo.it/pages/int.htm">morpheu project</weblink></entry><entry id="7">hartenstein decad reconfigur comput visionari retrospect<it>proceed confer design autom test europ</it>munich germani nebel jerraya ed design autom test europ ieee press piscataway nj</entry><entry id="8">hartenstein reiner raw keynot horizon high perform comput vhpc hurdl chanc<it>parallel distribut process symposium ipdp intern</it>public april isbn</entry><entry id="9">tredennick case reconfigur comput microprocessor report august</entry></reflist></p></sec><sec><st>refer link text</st><p><list><entry level="1" type="bullet">hauck dehon<it>reconfigur comput theori practic fpgabas comput</it>morgan kaufman</entry><entry level="1" type="bullet">henkel parameswaran editor design embed processor low power perspect springer verlag march</entry><entry level="1" type="bullet">teich editor al reconfigur comput system special topic issu journal<it>technolog</it>oldenbourg verlag munich<weblink ns0:type="simple" ns0:href="http://www.atypon-link.com/OLD/toc/itit/49/3">issu</weblink></entry><entry level="1" type="bullet">tj todman ga constantinid sje wilton mencer luk pyk cheung reconfigur comput architectur design method iee proceed comput digit techniqu march</entry><entry level="1" type="bullet">zomaya editor handbook natureinspir innov comput integr classic model emerg technolog springer verlag</entry></list></p></sec><sec><st /><p><list><entry level="1" type="bullet"><link ns0:type="simple" ns0:href="../294/11421294.xml">reconfigur comput terminolog</link></entry><entry level="1" type="bullet"><creation wordnetid="103129123" confidence="0.8"><artifact wordnetid="100021939" confidence="0.8"><remake wordnetid="104074329" confidence="0.8"><link ns0:type="simple" ns0:href="../009/105009.xml">sprinter</link></remake></artifact></creation></entry><entry level="1" type="bullet"><computer wordnetid="103082979" confidence="0.9508927676800064"><link ns0:type="simple" ns0:href="../664/8995664.xml">chipmsx</link></computer></entry><entry level="1" type="bullet"><link ns0:type="simple" ns0:href="../773/4248773.xml">psoc</link></entry><entry level="1" type="bullet"><link ns0:type="simple" ns0:href="../048/8861048.xml">stanford smart memori project</link></entry><entry level="1" type="bullet"><link ns0:type="simple" ns0:href="../481/7569481.xml">piperench</link></entry></list></p></sec><sec><st>extern link</st><p><list><entry level="1" type="bullet"><weblink ns0:type="simple" ns0:href="http://scale.engin.brown.edu/classes/EN2911XF07/">reconfigur comput lectur tutori brown univers</weblink></entry><entry level="1" type="bullet"><weblink ns0:type="simple" ns0:href="http://www.ics.uci.edu/~dutt/ics212-wq05/hartenstein-recongtut-date01.pdf">decad reconfigur comput visionari retrospect</weblink></entry><entry level="1" type="bullet"><weblink ns0:type="simple" ns0:href="http://pw1.netcom.com/~optmagic/reconfigure/fawcett.html">reconfigur comput come age</weblink></entry><entry level="1" type="bullet"><weblink ns0:type="simple" ns0:href="http://www.ccm.ece.vt.edu/">virginia tech configur comput laboratori</weblink></entry><entry level="1" type="bullet"><weblink ns0:type="simple" ns0:href="http://rssi.ncsa.uiuc.edu/">reconfigur system summer institut rssi</weblink></entry><entry level="1" type="bullet"><weblink ns0:type="simple" ns0:href="http://www.fccm.org/">ieee symposium fieldprogramm custom comput machin fccm</weblink></entry><entry level="1" type="bullet"><weblink ns0:type="simple" ns0:href="http://fpl.org/">intern confer fieldprogramm logic applic fpl</weblink></entry><entry level="1" type="bullet"><weblink ns0:type="simple" ns0:href="http://www.jhdl.org/">byu configur comput laboratori fpga cad tool set</weblink></entry><entry level="1" type="bullet"><weblink ns0:type="simple" ns0:href="http://morphware.net/">morphwar forum</weblink></entry><entry level="1" type="bullet"><weblink ns0:type="simple" ns0:href="http://www.chrec.org/">nsf center highperform reconfigur comput chrec</weblink></entry><entry level="1" type="bullet"><weblink ns0:type="simple" ns0:href="http://www.openfpga.org/">openfpga effort</weblink></entry><entry level="1" type="bullet"><weblink ns0:type="simple" ns0:href="http://helios.informatik.uni-kl.de/RCeducation/">rc educ workshop</weblink></entry><entry level="1" type="bullet"><weblink ns0:type="simple" ns0:href="http://xputers.informatik.uni-kl.de/raw/index_raw.html#raw_06">reconfigur architectur workshop</weblink></entry><entry level="1" type="bullet"><weblink ns0:type="simple" ns0:href="http://hpcl.seas.gwu.edu/">georg washington univers high perform comput laboratori</weblink></entry><entry level="1" type="bullet"><weblink ns0:type="simple" ns0:href="http://www.hcs.ufl.edu/">univers florida highperform comput simul laboratori</weblink></entry><entry level="1" type="bullet"><weblink ns0:type="simple" ns0:href="http://www.ittc.ku.edu/hybridthreads">univers kansa hybridthread project os hybrid cpufpga chip</weblink></entry><entry level="1" type="bullet"><weblink ns0:type="simple" ns0:href="http://www.ece.wisc.edu/~kati/research.html">reconfigur comput tool os support univers wisconsin</weblink></entry><entry level="1" type="bullet"><weblink ns0:type="simple" ns0:href="http://cas.ee.ic.ac.uk">circuit system group imperi colleg london</weblink></entry><entry level="1" type="bullet"><weblink ns0:type="simple" ns0:href="http://isvlsi06.itiv.uni-karlsruhe.de/RCe-i1.pdf">reconfigur comput educ</weblink></entry><entry level="1" type="bullet"><weblink ns0:type="simple" ns0:href="http://proteas.ee.duth.gr">onlin version meander fpga design framework</weblink></entry><entry level="1" type="bullet"><weblink ns0:type="simple" ns0:href="http://www.fhpca.org/">fhpca fpga high perform comput allianc</weblink></entry><entry level="1" type="bullet"><weblink ns0:type="simple" ns0:href="http://www.dresd.org/">websit dresd dynam reconfigur embed system design project</weblink></entry><entry level="1" type="bullet"><weblink ns0:type="simple" ns0:href="http://www.stanford.edu/class/ee392c/">advanc topic comput architectur chip multiprocessor polymorph processor</weblink></entry><entry level="1" type="bullet"><weblink ns0:type="simple" ns0:href="http://www.cs.utexas.edu/users/cart/trips/">ut austin trip multiprocessor</weblink></entry><entry level="1" type="bullet"><weblink ns0:type="simple" ns0:href="http://rcs.uncc.edu/wiki/index.php/Main_Page">unc charlott reconfigur comput cluster</weblink></entry></list></p></sec></bdy></article>