<article xmlns:ns0="http://www.w3.org/1999/xlink"><entity confidence="0.9511911446218017" wordnetid="100001740"><header><title>rare diseas</title><id /><revision><id /><timestamp>tz</timestamp><contributor><username>smackbot</username><id /></contributor></revision><categories><category>epidemiolog</category><category>rare diseas</category></categories></header><bdy><p><b>rare diseas</b>orphan diseas low<link ns0:type="simple" ns0:href="../688/126688.xml">preval</link>popul<link ns0:type="simple" ns0:href="../315/23315.xml">doctor</link>busi<link ns0:type="simple" ns0:href="../817/197817.xml">gener practic</link>expect case year rare diseas includ<link ns0:type="simple" ns0:href="../266/12266.xml">genet</link>origin lifethreaten chronic debilit diseas low preval special combin effort need address</p><sec><st>preval</st><p>guid low preval preval fewer commun<weblink ns0:type="simple" ns0:href="http://ec.europa.eu/health/ph_information/documents/ev20040705_rd05_en.pdf">httpeceuropaeuhealthph_informationdocumentsev_rd_enpdf</weblink></p><p>nih offic rare diseas<link ns0:type="simple" ns0:href="../889/395889.xml">orphan</link>rare diseas gener consid preval fewer individu unit<weblink ns0:type="simple" ns0:href="http://ord.aspensys.com/asp/diseases/diseases.asp">httpordaspensyscomaspdiseasesdiseasesasp</weblink>offic establish hr<ref ns0:type="simple" ns0:href="#xpointer(//reflist/entry[@id=%221%22])" />hr sign day refer rare diseas orphan product develop<ref ns0:type="simple" ns0:href="#xpointer(//reflist/entry[@id=%222%22])" />initi propos europ<ref ns0:type="simple" ns0:href="#xpointer(//reflist/entry[@id=%223%22])" /></p><p>rare diseas vari preval popul diseas rare popul common true<link ns0:type="simple" ns0:href="../437/12437.xml">genet diseas</link><link ns0:type="simple" ns0:href="../795/14795.xml">infecti diseas</link>exampl<link ns0:type="simple" ns0:href="../601/50601.xml">cystic fibrosi</link>genet diseas rare part<system wordnetid="108435388" confidence="0.8"><economy wordnetid="108366753" confidence="0.8"><group wordnetid="100031264" confidence="0.8"><link ns0:type="simple" ns0:href="../689/689.xml">asia</link></group></economy></system>common europ popul european descent<link ns0:type="simple" ns0:href="../795/14795.xml">infecti diseas</link>preval geograph area rare diseas rare form<link ns0:type="simple" ns0:href="../219/105219.xml">cancer</link>appar pattern distribut simpli rare</p><p><link>eurordi</link>european organ rare diseas estim exist distinct rare diseas popul</p></sec><sec><st>characterist</st><p>rare diseas chronic diagnos lifethreaten sever rare ill seldom properli diagnos eurordi estim identifi genet origin<ref ns0:type="simple" ns0:href="#xpointer(//reflist/entry[@id=%224%22])" />rare diseas result infect allergi degen prolif symptom rare diseas appear birth childhood appear adulthood reach</p></sec><sec><st /><p><list><entry level="1" type="bullet"><link ns0:type="simple" ns0:href="../822/700822.xml">list diseas</link></entry><entry level="1" type="bullet"><link ns0:type="simple" ns0:href="../889/395889.xml">orphan drug</link></entry></list></p></sec><sec><st>refer</st><p><reflist><entry id="1"><weblink ns0:type="simple" ns0:href="http://www.whitehouse.gov/news/releases/2002/11/20021106-3.html">presid sign bill law</weblink></entry><entry id="2"><weblink ns0:type="simple" ns0:href="http://www.rarediseases.org/washington/bush_signs">nord nation organ rare disord</weblink></entry><entry id="3"><weblink ns0:type="simple" ns0:href="http://www.orpha.net/actor/EuropaNews/2008/080319.html">orphanew europ newslett rare diseas task forc</weblink></entry><entry id="4"><weblink ns0:type="simple" ns0:href="http://www.novartis.com/newsroom/news/2008-02-28_rare-disease-day.shtml">februari rare diseas day europ</weblink></entry></reflist></p></sec><sec><st>extern link</st><p><list><entry level="1" type="bullet"><weblink ns0:type="simple" ns0:href="http://www.hon.ch/HONselect/RareDiseases/index.html">list</weblink>health net foundat languag</entry><entry level="1" type="bullet"><weblink ns0:type="simple" ns0:href="http://rarediseases.info.nih.gov/asp/diseases/diseases.asp">list</weblink>nation institut health</entry><entry level="1" type="bullet"><weblink ns0:type="simple" ns0:href="http://www.diseasecard.org">diseasecardorg</weblink>retriev portal integr genet medic</entry><entry level="1" type="bullet"><weblink ns0:type="simple" ns0:href="http://rarediseases.info.nih.gov/html/resources/info_cntr.html">nih genet rare diseas center</weblink></entry><entry level="1" type="bullet"><weblink ns0:type="simple" ns0:href="http://www.rarediseases.org/">nation organ rare disord</weblink></entry><entry level="1" type="bullet"><weblink ns0:type="simple" ns0:href="http://www.orpha.net">databas rare diseas</weblink>orphanet</entry><entry level="1" type="bullet"><weblink ns0:type="simple" ns0:href="http://www.eurordis.org/rubrique.php3?id_rubrique=6" />european organ rare diseas</entry><entry level="1" type="bullet"><weblink ns0:type="simple" ns0:href="http://www.ojrd.com/">orphanet journal rare diseas</weblink></entry></list></p></sec></bdy></entity></article>