<article xmlns:ns0="http://www.w3.org/1999/xlink"><skilled_worker confidence="0.8" wordnetid="110605985"><physical_entity confidence="0.8" wordnetid="100001930"><person confidence="0.8" wordnetid="100007846"><worker confidence="0.8" wordnetid="109632518"><causal_agent confidence="0.8" wordnetid="100007347"><printer confidence="0.8" wordnetid="110475297"><header><title>multifunct printer</title><id /><revision><id /><timestamp>tz</timestamp><contributor><username>paddl</username><id /></contributor></revision><categories><category>technolog manag</category><category>offic equip</category><category>comput printer</category></categories></header><bdy>multifunct redirect mathemat concept<link ns0:type="simple" ns0:href="../367/222367.xml">multivalu function</link><p><b>mfp</b><b />ulti<b />unction<b />rinter<b />roduct<b />eripher<b>multifunct</b><b>allinon</b>aio<b>multifunct devic mfd</b>offic machin incorpor function multipl devic smaller footprint<link ns0:type="simple" ns0:href="../495/276495.xml">small busi</link>set<link ns0:type="simple" ns0:href="../173/304173.xml">soho</link>market segment provid central document managementdistributionproduct largeoffic set typic mfp combin devic</p><p><list><entry level="1" type="bullet"><link ns0:type="simple" ns0:href="../272/5272.xml">printer</link></entry><entry level="1" type="bullet"><link ns0:type="simple" ns0:href="../625/317625.xml">scanner</link></entry><entry level="1" type="bullet"><link ns0:type="simple" ns0:href="../713/18935713.xml">photocopi</link></entry><entry level="1" type="bullet"><link ns0:type="simple" ns0:href="../826/10826.xml">fax</link></entry><entry level="1" type="bullet"><link ns0:type="simple" ns0:href="../738/9738.xml">email</link></entry></list></p><p>mfp manufacturersbrand includ</p><p><list><entry level="1" type="bullet"><manufacturer wordnetid="108060446" confidence="0.8"><name wordnetid="106333653" confidence="0.8"><company wordnetid="108058098" confidence="0.8"><trade_name wordnetid="106845599" confidence="0.8"><enterprise wordnetid="108056231" confidence="0.8"><part wordnetid="113809207" confidence="0.8"><electronics_company wordnetid="108003035" confidence="0.8"><business wordnetid="108061042" confidence="0.8"><language_unit wordnetid="106284225" confidence="0.8"><institution wordnetid="108053576" confidence="0.8"><link ns0:type="simple" ns0:href="../073/1281073.xml">brother</link></institution></language_unit></business></electronics_company></part></enterprise></trade_name></company></name></manufacturer></entry><entry level="1" type="bullet"><link ns0:type="simple" ns0:href="../034/196034.xml">canon</link></entry><entry level="1" type="bullet"><link ns0:type="simple" ns0:href="../490/102490.xml">dell</link></entry><entry level="1" type="bullet"><link ns0:type="simple" ns0:href="../784/1082784.xml">epson</link></entry><entry level="1" type="bullet"><link ns0:type="simple" ns0:href="../973/13973.xml">hewlettpackard</link></entry><entry level="1" type="bullet"><company wordnetid="108058098" confidence="0.9508927676800064"><link ns0:type="simple" ns0:href="../830/423830.xml">konica minolta</link></company></entry><entry level="1" type="bullet"><company wordnetid="108058098" confidence="0.9508927676800064"><link ns0:type="simple" ns0:href="../147/578147.xml">kyocera</link></company></entry><entry level="1" type="bullet"><company wordnetid="108058098" confidence="0.9508927676800064"><link ns0:type="simple" ns0:href="../777/854777.xml">lexmark</link></company></entry><entry level="1" type="bullet"><link ns0:type="simple" ns0:href="../284/6612284.xml">oce</link></entry><entry level="1" type="bullet"><link ns0:type="simple" ns0:href="../030/1976030.xml">okidata</link></entry><entry level="1" type="bullet"><company wordnetid="108058098" confidence="0.9508927676800064"><link ns0:type="simple" ns0:href="../103/855103.xml">olivetti</link></company></entry><entry level="1" type="bullet"><company wordnetid="108058098" confidence="0.9508927676800064"><link ns0:type="simple" ns0:href="../334/509334.xml">ricoh</link></company></entry><entry level="1" type="bullet"><company wordnetid="108058098" confidence="0.9508927676800064"><link ns0:type="simple" ns0:href="../287/268287.xml">samsung</link></company></entry><entry level="1" type="bullet"><company wordnetid="108058098" confidence="0.9508927676800064"><link ns0:type="simple" ns0:href="../681/703681.xml">sharp</link></company></entry><entry level="1" type="bullet"><company wordnetid="108058098" confidence="0.9508927676800064"><link ns0:type="simple" ns0:href="../703/59703.xml">toshiba</link></company></entry><entry level="1" type="bullet"><link ns0:type="simple" ns0:href="../164/34164.xml">xerox</link></entry></list></p><p>note manufactur produc type mfp focu aio product whilst focu product print cover wider rang</p><sec><st>type mfp</st><p><image width="150px" src="Photosmart_C3180.jpg" type="thumb"><caption><link ns0:type="simple" ns0:href="../973/13973.xml">hewlettpackard</link>photosmart featur card reader photo print exampl aio</caption></image><image width="150px" src="Multifunctional_Samsung.jpg" type="thumb"><caption><company wordnetid="108058098" confidence="0.9508927676800064"><link ns0:type="simple" ns0:href="../287/268287.xml">samsung</link></company>desktop soho mfp</caption></image><image width="150px" src="KonicaMinolta-bizhub210.png" type="thumb"><caption><company wordnetid="108058098" confidence="0.9508927676800064"><link ns0:type="simple" ns0:href="../830/423830.xml">konica minolta</link></company>bizhub exampl freestand soho mfp</caption></image><image width="150px" src="Canon_ir2270.jpg" type="thumb"><caption><company wordnetid="108058098" confidence="0.9508927676800064"><link ns0:type="simple" ns0:href="../034/196034.xml">canon</link></company>ir exampl midrang offic mfp</caption></image><image width="150px" src="KonicaMinolta-bizhubC451.png" type="thumb"><caption><company wordnetid="108058098" confidence="0.9508927676800064"><link ns0:type="simple" ns0:href="../830/423830.xml">konica minolta</link></company>bizhub attach finish exampl midrang offic colour mfp</caption></image><image width="150px" src="KonicaMinolta-bizhub750.png" type="thumb"><caption><company wordnetid="108058098" confidence="0.9508927676800064"><link ns0:type="simple" ns0:href="../830/423830.xml">konica minolta</link></company>bizhub exampl high offic black white mfp</caption></image>mfp manufactur tradit divid mfp<b>segment</b>segment roughli divid mfp speed minut ppm duti cyclerobust despit manufactur avoid segment definit product speed basic function suffici differenti featur devic capabl color mfp speed will segment despit featur set price market perspect manufactur expens mfp differenti product justifi price differ segment definit avoid</p><p>mfp type categori fall printer varieti model scanner unit includ case devic scanner unit physic appear highli integr product</p><p>today multifunct printer printer manfucatur design small busi enterpris commerci natur cost usabl robust throughput output qualiti case gener function print scan fax photocopi commercialenterpris area mfp<link ns0:type="simple" ns0:href="../677/50677.xml">laser printer</link>technolog person soho environmen<link ns0:type="simple" ns0:href="../687/50687.xml">inkjet printer</link>technolog typic inkjet printer struggl deliv perform color satur demand enterpriselarg busi<link ns0:type="simple" ns0:href="../973/13973.xml">hp</link>httpwwwhpcom launch busi grade mfp inkjet technolog</p><p>case rigidli defin segment base speed gener definit base intend target audienc capabl common formal definit common agre mfp manufactur product fall roughli categori</p><ss1><st>aio</st><p>aio small desktop unit design offic</p><p>gener featur aio focu scan print function bundl softwar organis photo simpl ocr interest user aio will includ basic function print scan includ copi function lesser number fax capabl</p><p>aio devic network gener connect<link>usb</link><link ns0:type="simple" ns0:href="../764/859764.xml">parallel</link></p><p>interest note aio devic featur lack larger devic target user function includ smart card reader direct connect<link ns0:type="simple" ns0:href="../797/52797.xml">digit camera</link><link ns0:type="simple" ns0:href="../384/648384.xml">pictbridg</link>technolog</p><p>print engin aio base desktop<link ns0:type="simple" ns0:href="../687/50687.xml">inkjet printer</link>desktop<link ns0:type="simple" ns0:href="../677/50677.xml">laser printer</link>black white colour capabl</p></ss1><ss1><st>soho mfp</st><p>larg desktop small freestand unit design small officehom offic form factor mfp desktop freestand depend option extra paper tray</p><p>gener soho mfp will basic print copi scan fax function larger scale includ simpl document storag retriev basic authent function make higher soho scale difficult differenti lower offic mfp scale</p><p>soho mfp network connect usb frequent parallel soho mfp basic finish function duplex stapl holepunch rare gener document output offset sort collat standard capabl</p><p>comparison aio soho mfp automat document feeder greater fax capabl faster output perform soho mfp histori low black white<link ns0:type="simple" ns0:href="../713/18935713.xml">photocopi</link>print engin base type technolog</p></ss1><ss1><st>offic mfp</st><p>midsiz freestand unit design central offic system</p><p>unit fulli featur type mfp includ basic print copi scan function option fax function well network document storag secur authent common network user credenti abil custom softwar manufactur will suppli<link ns0:type="simple" ns0:href="../087/166087.xml">softwar develop kit</link>advanc network scan destin<link ns0:type="simple" ns0:href="../289/53289.xml">ftp</link><message wordnetid="106598915" confidence="0.8"><information wordnetid="106634376" confidence="0.8"><protocol wordnetid="106665108" confidence="0.8"><electronic_database wordnetid="106588511" confidence="0.8"><lexical_database wordnetid="106638868" confidence="0.8"><standard wordnetid="107260623" confidence="0.8"><direction wordnetid="106786629" confidence="0.8"><rule wordnetid="106652242" confidence="0.8"><wordnet wordnetid="106639428" confidence="0.8"><system_of_measurement wordnetid="113577171" confidence="0.8"><database wordnetid="106637824" confidence="0.8"><link ns0:type="simple" ns0:href="../849/179849.xml">webdav</link></database></system_of_measurement></wordnet></rule></direction></standard></lexical_database></electronic_database></protocol></information></message><link ns0:type="simple" ns0:href="../738/9738.xml">email</link><message wordnetid="106598915" confidence="0.8"><protocol wordnetid="106665108" confidence="0.8"><direction wordnetid="106786629" confidence="0.8"><rule wordnetid="106652242" confidence="0.8"><link ns0:type="simple" ns0:href="../873/349873.xml">smb</link></rule></direction></protocol></message><message wordnetid="106598915" confidence="0.8"><protocol wordnetid="106665108" confidence="0.8"><direction wordnetid="106786629" confidence="0.8"><rule wordnetid="106652242" confidence="0.8"><link ns0:type="simple" ns0:href="../252/51252.xml">nf</link></rule></direction></protocol></message>store encrypt data transmiss</p><p>offic mfp moder advanc finish function option duplex stapl holepunch offset mode booklet creation</p><p>offic mfp network option standard infrequ<link>usb</link><standard wordnetid="107260623" confidence="0.8"><system_of_measurement wordnetid="113577171" confidence="0.8"><link ns0:type="simple" ns0:href="../764/859764.xml">parallel</link></system_of_measurement></standard>connect offic mfp histori mid rang<link ns0:type="simple" ns0:href="../713/18935713.xml">photocopi</link>colour black white print engin base type technolog<link ns0:type="simple" ns0:href="../973/13973.xml">hewlettpackard</link>introduc offic mfp base fix head inkjet technolog</p></ss1><ss1><st>product print mfp</st><p>larg size freestand unit design central print devic reprograph depart devic</p><p>devic larger expens offic mfp gener advanc network function smaller relat concentr high speed high qualiti output highli advanc finish function includ book creation cover insert includ hotglu bind product print divid light product print heavi product print differenti factor speed ppm devic exampl fall light product print categori standard manufactur</p><p>focu print product print mfp scanner infrequ basic function</p><p>varieti print engin product print mfp light product print market base larg offic mfp base<link ns0:type="simple" ns0:href="../713/18935713.xml">photocopi</link>technolog describ</p><p>product print mfp<link ns0:type="simple" ns0:href="../902/189902.xml">print demand</link>devic<link ns0:type="simple" ns0:href="../163/19613163.xml">digit press</link>es term refer<link>print control</link>control mfp</p></ss1></sec><sec><st>characterist</st><p>consid featur function mfp integr offic environ mfp featur function list typic aio soho mfp incorpor</p><p>incomplet list featur mfp offer will vari depend mfp consider segment</p><ss1><st>print featuresfunct</st><p><list><entry level="1" type="bullet"><b>input</b></entry><entry level="2" type="bullet"><link ns0:type="simple" ns0:href="../952/469952.xml">printer driver</link>oper system</entry><entry level="2" type="bullet"><skilled_worker wordnetid="110605985" confidence="0.8"><physical_entity wordnetid="100001930" confidence="0.8"><person wordnetid="100007846" confidence="0.8"><worker wordnetid="109632518" confidence="0.8"><causal_agent wordnetid="100007347" confidence="0.8"><printer wordnetid="110475297" confidence="0.8"><link ns0:type="simple" ns0:href="../444/24444.xml">pdl</link></printer></causal_agent></worker></person></physical_entity></skilled_worker><link ns0:type="simple" ns0:href="../080/24080.xml">postscript</link><link ns0:type="simple" ns0:href="../099/2542099.xml">pcl</link><format wordnetid="106636806" confidence="0.9508927676800064"><link ns0:type="simple" ns0:href="../413/2683413.xml">xp</link></format>direct interpret<link ns0:type="simple" ns0:href="../077/24077.xml">pdf</link><link ns0:type="simple" ns0:href="../478/145478.xml">tiff</link>support</entry><entry level="2" type="bullet">network usb parallel connect type</entry><entry level="2" type="bullet">network print type raw<message wordnetid="106598915" confidence="0.8"><protocol wordnetid="106665108" confidence="0.8"><direction wordnetid="106786629" confidence="0.8"><rule wordnetid="106652242" confidence="0.8"><link ns0:type="simple" ns0:href="../656/1661656.xml">lpr</link></rule></direction></protocol></message><message wordnetid="106598915" confidence="0.8"><protocol wordnetid="106665108" confidence="0.8"><direction wordnetid="106786629" confidence="0.8"><rule wordnetid="106652242" confidence="0.8"><link ns0:type="simple" ns0:href="../413/414413.xml">ipp</link></rule></direction></protocol></message><link ns0:type="simple" ns0:href="../289/53289.xml">ftp</link>print print<link ns0:type="simple" ns0:href="../738/9738.xml">email</link></entry><entry level="1" type="bullet"><b>output</b></entry><entry level="2" type="bullet">print speed typic minut<b>ppm</b></entry><entry level="2" type="bullet">printer technolog<link ns0:type="simple" ns0:href="../687/50687.xml">inkjet</link><link ns0:type="simple" ns0:href="../677/50677.xml">laser</link>color laser</entry><entry level="2" type="bullet">paper format kind paper size stock mfp output</entry><entry level="2" type="bullet">direct cddvd label print<link ns0:type="simple" ns0:href="../687/50687.xml">inkjet</link>aio model</entry><entry level="2" type="bullet">resolut<unit_of_measurement wordnetid="113583724" confidence="0.8"><definite_quantity wordnetid="113576101" confidence="0.8"><link ns0:type="simple" ns0:href="../833/312833.xml">dpi</link></definite_quantity></unit_of_measurement>metric print scan qualiti note print dpi rare greater dpi actual mfp system subpixel render comput display enhanc resolut note true resolut</entry><entry level="2" type="bullet"><skilled_worker wordnetid="110605985" confidence="0.8"><physical_entity wordnetid="100001930" confidence="0.8"><person wordnetid="100007846" confidence="0.8"><worker wordnetid="109632518" confidence="0.8"><causal_agent wordnetid="100007347" confidence="0.8"><printer wordnetid="110475297" confidence="0.8"><link ns0:type="simple" ns0:href="../979/5561979.xml">duplex print</link></printer></causal_agent></worker></person></physical_entity></skilled_worker>capabl mfp print side sheet paper manual intervent user</entry><entry level="2" type="bullet">abil print directli mfp intern storag function</entry><entry level="2" type="bullet">capabl mfp finish function copi featuresfunct</entry></list></p></ss1><ss1><st>scan featuresfunct</st><p><list><entry level="1" type="bullet"><b>input</b></entry><entry level="2" type="bullet"><link ns0:type="simple" ns0:href="../609/4981609.xml">automat document feeder</link>adf allow multipl sheet paper input manual place piec paper platen glass</entry><entry level="2" type="bullet"><link ns0:type="simple" ns0:href="../745/16409745.xml">duplex scan</link>capabl depend adf mfp scan ide sheet paper manual intervent user</entry><entry level="2" type="bullet">abil retriev document intern storag send scan</entry><entry level="1" type="bullet"><b>output</b></entry><entry level="2" type="bullet">scan transfer method<link ns0:type="simple" ns0:href="../289/53289.xml">ftp</link><message wordnetid="106598915" confidence="0.8"><information wordnetid="106634376" confidence="0.8"><protocol wordnetid="106665108" confidence="0.8"><electronic_database wordnetid="106588511" confidence="0.8"><lexical_database wordnetid="106638868" confidence="0.8"><standard wordnetid="107260623" confidence="0.8"><direction wordnetid="106786629" confidence="0.8"><rule wordnetid="106652242" confidence="0.8"><wordnet wordnetid="106639428" confidence="0.8"><system_of_measurement wordnetid="113577171" confidence="0.8"><database wordnetid="106637824" confidence="0.8"><link ns0:type="simple" ns0:href="../849/179849.xml">webdav</link></database></system_of_measurement></wordnet></rule></direction></standard></lexical_database></electronic_database></protocol></information></message><link ns0:type="simple" ns0:href="../738/9738.xml">email</link><message wordnetid="106598915" confidence="0.8"><protocol wordnetid="106665108" confidence="0.8"><direction wordnetid="106786629" confidence="0.8"><rule wordnetid="106652242" confidence="0.8"><link ns0:type="simple" ns0:href="../873/349873.xml">smb</link></rule></direction></protocol></message><message wordnetid="106598915" confidence="0.8"><protocol wordnetid="106665108" confidence="0.8"><direction wordnetid="106786629" confidence="0.8"><rule wordnetid="106652242" confidence="0.8"><link ns0:type="simple" ns0:href="../252/51252.xml">nf</link></rule></direction></protocol></message><link ns0:type="simple" ns0:href="../998/151998.xml">twain</link></entry><entry level="2" type="bullet">scan file format<link ns0:type="simple" ns0:href="../077/24077.xml">pdf</link><link ns0:type="simple" ns0:href="../478/145478.xml">tiff</link><format wordnetid="106636806" confidence="0.9508927676800064"><link ns0:type="simple" ns0:href="../009/16009.xml">jpeg</link></format><format wordnetid="106636806" confidence="0.9508927676800064"><link ns0:type="simple" ns0:href="../413/2683413.xml">xp</link></format></entry><entry level="2" type="bullet">secur scan document pdf encrypt<link ns0:type="simple" ns0:href="../644/59644.xml">digit signatur</link></entry></list></p></ss1><ss1><st>fax featuresfunct</st><p><list><entry level="1" type="bullet"><link ns0:type="simple" ns0:href="../028/785028.xml">cordless telephon</link>gener consider aio smaller soho product</entry><entry level="1" type="bullet"><link ns0:type="simple" ns0:href="../857/254857.xml">answer machin</link></entry><entry level="1" type="bullet">color fax capabl</entry><entry level="1" type="bullet"><link ns0:type="simple" ns0:href="../538/30538.xml">tcp</link><message wordnetid="106598915" confidence="0.8"><protocol wordnetid="106665108" confidence="0.8"><direction wordnetid="106786629" confidence="0.8"><rule wordnetid="106652242" confidence="0.8"><link ns0:type="simple" ns0:href="../323/15323.xml">ip</link></rule></direction></protocol></message>fax method<link>sip fax</link>fax ip network fax<link>smtp</link>internet fax</entry><entry level="1" type="bullet">pc fax send receiv capabl</entry></list></p></ss1><ss1><st>copi featuresfunct</st><p><list><entry level="1" type="bullet"><b>document finish capabl</b></entry><entry level="2" type="bullet">duplex output</entry><entry level="2" type="bullet">stapl</entry><entry level="3" type="bullet">singl point</entry><entry level="3" type="bullet">point</entry><entry level="3" type="bullet">stapl posit</entry><entry level="2" type="bullet">holepunch</entry><entry level="3" type="bullet">holepunch intern</entry><entry level="3" type="bullet">number hole</entry><entry level="2" type="bullet">fold</entry><entry level="3" type="bullet">half fold creas</entry><entry level="3" type="bullet">fold centr stapl booklet pagin</entry><entry level="3" type="bullet">cover insert booklet</entry><entry level="3" type="bullet">cover bind gener product print model differ cover insert cover physic bound book simpli place cover bind hot glue bind cover finish book</entry><entry level="3" type="bullet">trim fold document avoid creep</entry><entry level="3" type="bullet">trifold envelopefold</entry><entry level="1" type="bullet"><b>document edit mode</b></entry><entry level="2" type="bullet">ninon</entry><entry level="2" type="bullet">booklet pagin perfect bind booklet pagin</entry><entry level="2" type="bullet">number text imag stamp watermark</entry><entry level="2" type="bullet">imag scale rotat</entry><entry level="1" type="bullet"><b><it>item print featuresfunct output scan featuresfunct input</it></b></entry></list></p></ss1><ss1><st>document storag featuresfunct</st><p><list><entry level="1" type="bullet">document storag capabl mfp</entry><entry level="1" type="bullet">storag<artifact wordnetid="100021939" confidence="0.8"><instrumentality wordnetid="103575240" confidence="0.8"><device wordnetid="103183080" confidence="0.8"><medium wordnetid="106254669" confidence="0.8"><link ns0:type="simple" ns0:href="../777/13777.xml">hdd</link></medium></device></instrumentality></artifact>capac</entry><entry level="1" type="bullet">user authent store document relationship user authent mfp network authent server custom softwar intern</entry></list></p></ss1><ss1><st>network featuresfunct</st><p><list><entry level="1" type="bullet">wireless network capabl</entry><entry level="1" type="bullet"><system wordnetid="104377057" confidence="0.8"><idea wordnetid="105833840" confidence="0.8"><concept wordnetid="105835747" confidence="0.8"><artifact wordnetid="100021939" confidence="0.8"><instrumentality wordnetid="103575240" confidence="0.8"><component wordnetid="105868954" confidence="0.8"><part wordnetid="105867413" confidence="0.8"><link ns0:type="simple" ns0:href="../807/2807.xml">activ directori</link></part></component></instrumentality></artifact></concept></idea></system>authent function</entry><entry level="1" type="bullet">data encrypt</entry><entry level="1" type="bullet"><message wordnetid="106598915" confidence="0.8"><protocol wordnetid="106665108" confidence="0.8"><direction wordnetid="106786629" confidence="0.8"><rule wordnetid="106652242" confidence="0.8"><link ns0:type="simple" ns0:href="../318/15318.xml">ipv</link></rule></direction></protocol></message>support</entry><entry level="1" type="bullet"><link ns0:type="simple" ns0:href="../710/41710.xml">snmp</link>support privat public<link ns0:type="simple" ns0:href="../982/920982.xml">mib</link>specif</entry></list></p></ss1><ss1><st>featuresfunct</st><p><list><entry level="1" type="bullet">softwar mfp support advanc function third parti softwar<link ns0:type="simple" ns0:href="../091/49091.xml">optic charact recognit</link>case softwar compon specif mfp determin case proprietari technolog effect tie softwar platform</entry><entry level="1" type="bullet"><link ns0:type="simple" ns0:href="../087/166087.xml">sdk</link>avail licens model</entry><entry level="1" type="bullet">user interfac natur mfp complex devic mfp includ lcd screen user interfac aid gener aio soho product simpl lcd display offic mfp advanc lcd panel resembl custom computerlik user interfac mfp offer option keyboard mous attach</entry></list></p></ss1></sec><sec><st>intern architectur</st><ss1><st>hardwar</st><p>mfp extern comput peripher capabl function comput essenti type<link ns0:type="simple" ns0:href="../457/7878457.xml">comput</link><link ns0:type="simple" ns0:href="../847/25847.xml">memori</link><link ns0:type="simple" ns0:href="../218/5218.xml">processor</link>kind storag<link ns0:type="simple" ns0:href="../777/13777.xml">hard disk drive</link>usb connect devic<link ns0:type="simple" ns0:href="../595/50595.xml">flash memori</link></p><p>mention type mfp physic print engin base technolog larger mfp evolut digit<link ns0:type="simple" ns0:href="../713/18935713.xml">photocopi</link></p></ss1><ss1><st>softwar</st><p>mfp set instruct<link ns0:type="simple" ns0:href="../155/41155.xml">firmwar</link>intern storag compar comput<link ns0:type="simple" ns0:href="../194/22194.xml">oper system</link></p><p>gener size complex mfp increas comput devic uncommon small aio soho mfp gener purpos comput<link ns0:type="simple" ns0:href="../194/22194.xml">oper system</link>larger mfp gnu<O wordnetid="106832680" confidence="0.9508927676800064"><link ns0:type="simple" ns0:href="../297/6097297.xml">linux</link></O><ref ns0:type="simple" ns0:href="#xpointer(//reflist/entry[@id=%221%22])" /><link ns0:type="simple" ns0:href="../105/157105.xml">vxwork</link><ref ns0:type="simple" ns0:href="#xpointer(//reflist/entry[@id=%222%22])" /></p><p>addit<link>print control</link>separ integr mfp comput<link ns0:type="simple" ns0:href="../194/22194.xml">oper system</link>gnu<O wordnetid="106832680" confidence="0.9508927676800064"><link ns0:type="simple" ns0:href="../297/6097297.xml">linux</link></O><ref ns0:type="simple" ns0:href="#xpointer(//reflist/entry[@id=%223%22])" /><link ns0:type="simple" ns0:href="../890/18890.xml">microsoft window</link><link>window nt embed</link><link>window xp embed</link><ref ns0:type="simple" ns0:href="#xpointer(//reflist/entry[@id=%224%22])" /><link ns0:type="simple" ns0:href="../640/20640.xml">mac os</link><ref ns0:type="simple" ns0:href="#xpointer(//reflist/entry[@id=%225%22])" /></p><p>top core<link ns0:type="simple" ns0:href="../194/22194.xml">oper system</link><link ns0:type="simple" ns0:href="../155/41155.xml">firmwar</link>mfp will provid function equival<artifact wordnetid="100021939" confidence="0.8"><instrumentality wordnetid="103575240" confidence="0.8"><furnishing wordnetid="103405265" confidence="0.8"><table wordnetid="104379243" confidence="0.8"><furniture wordnetid="103405725" confidence="0.8"><console_table wordnetid="103092883" confidence="0.8"><link ns0:type="simple" ns0:href="../746/454746.xml">applic</link></console_table></furniture></table></furnishing></instrumentality></artifact>case<link ns0:type="simple" ns0:href="../986/458986.xml">daemon</link><idea wordnetid="105833840" confidence="0.8"><concept wordnetid="105835747" confidence="0.8"><component wordnetid="105868954" confidence="0.8"><part wordnetid="105867413" confidence="0.8"><link ns0:type="simple" ns0:href="../169/5034169.xml">servic</link></part></component></concept></idea>desktop comput platform</p><p>function includ<list><entry level="1" type="bullet">mfp panel control user input</entry><entry level="1" type="bullet"><link ns0:type="simple" ns0:href="../997/89997.xml">bytecod</link>interpret<link ns0:type="simple" ns0:href="../353/32353.xml">virtual machin</link>intern host third parti applic</entry><entry level="1" type="bullet"><link ns0:type="simple" ns0:href="../455/33455.xml">web server</link>remot manag function</entry><entry level="1" type="bullet">network servic<link ns0:type="simple" ns0:href="../970/667970.xml">client</link>send document destin</entry><entry level="1" type="bullet">network servic<generic wordnetid="107899976" confidence="0.9508927676800064"><link ns0:type="simple" ns0:href="../116/42116.xml">server</link></generic>receiv document print storag</entry><entry level="1" type="bullet">imag convers process function</entry><entry level="1" type="bullet"><link ns0:type="simple" ns0:href="../862/45862.xml">raster imag process</link>function task handl separ<link>print control</link>unit</entry></list></p></ss1></sec><sec><st>softwar</st><p>comput system equip proper softwar advantag mfp capabl requir consid integr mfp exist offic function provid</p><p><list><entry level="1" type="bullet">devic administr configur</entry><entry level="1" type="bullet">monitor print quota tonerink level</entry><entry level="1" type="bullet">document typepap input mode select</entry><entry level="1" type="bullet"><link ns0:type="simple" ns0:href="../672/3445672.xml">document imag</link>ad hoc scan</entry><entry level="1" type="bullet"><link ns0:type="simple" ns0:href="../608/71608.xml">document manag</link>remot scan document type convers text<link ns0:type="simple" ns0:href="../077/24077.xml">pdf</link><software wordnetid="106566077" confidence="0.8"><application wordnetid="106570110" confidence="0.8"><program wordnetid="106568978" confidence="0.8"><written_communication wordnetid="106349220" confidence="0.8"><writing wordnetid="106359877" confidence="0.8"><code wordnetid="106355894" confidence="0.8"><coding_system wordnetid="106353757" confidence="0.8"><link ns0:type="simple" ns0:href="../091/49091.xml">ocr</link></coding_system></code></writing></written_communication></program></application></software></entry></list></p><p>softwar develop mfp includ captari<weblink ns0:type="simple" ns0:href="http://www.captaris.com">httpwwwcaptariscom</weblink><company wordnetid="108058098" confidence="0.9508927676800064"><link ns0:type="simple" ns0:href="../327/13760327.xml">ecopi</link></company><company wordnetid="108058098" confidence="0.9508927676800064"><link ns0:type="simple" ns0:href="../895/891895.xml">nuanc</link></company>nsi paper river consult<company wordnetid="108058098" confidence="0.8"><institution wordnetid="108053576" confidence="0.8"><link ns0:type="simple" ns0:href="../993/11099993.xml">ringdal</link></institution></company>omtool</p></sec><sec><st>softwar develop kit</st><p>addit specif softwar packag vendor provid abil user develop softwar commun mfp<link ns0:type="simple" ns0:href="../087/166087.xml">softwar develop kit</link>vendor licens model complet close proprietari system larg cost involv open strategi direct cost involv incomplet list technolog<list><entry level="1" type="bullet"><link>canon meap</link>multifunct embed applic platform</entry><entry level="1" type="bullet"><link ns0:type="simple" ns0:href="../575/16410575.xml">konica minolta openapi</link></entry><entry level="1" type="bullet"><link>sharp osa</link>open system architectur</entry><entry level="1" type="bullet"><link>xerox eip</link>extens interfac platform</entry><entry level="1" type="bullet"><link>samsung jscribe</link>extens interfac platform</entry><entry level="1" type="bullet"><link>hp glazeburg api</link></entry></list></p><p>gener technolog fall technic model server base mfp intern softwar</p><p>server base technolog method commun mfp<link ns0:type="simple" ns0:href="../215/29215.xml">soap</link><format wordnetid="106636806" confidence="0.9508927676800064"><link ns0:type="simple" ns0:href="../138/34138.xml">xml</link></format>base run oper code suitabl power comput network method advantag flexibl softwar free develop comput limit mfp capabl mfp display user interfac work applic applic base custom print scan authent requir mfp manufactur method gravit core technolog user interfac</p><p>mfp intern softwar comparison advantag requir mfp softwar run mfp complet network outag will disrupt softwar work cours softwar requir network connect reason mfp intern softwar<message wordnetid="106598915" confidence="0.8"><request wordnetid="106513366" confidence="0.8"><link ns0:type="simple" ns0:href="../881/15881.xml">java</link></request></message>base run<message wordnetid="106598915" confidence="0.8"><artifact wordnetid="100021939" confidence="0.8"><instrumentality wordnetid="103575240" confidence="0.8"><request wordnetid="106513366" confidence="0.8"><device wordnetid="103183080" confidence="0.8"><machine wordnetid="103699975" confidence="0.8"><link ns0:type="simple" ns0:href="../389/16389.xml">java virtual machin</link></machine></device></request></instrumentality></artifact></message>mfp neg side kind softwar limit capabl server base system</p></sec><sec><st /><p><list><entry level="1" type="bullet"><link ns0:type="simple" ns0:href="../384/648384.xml">pictbridg</link>allow imag print directli digit camera printer comput</entry><entry level="1" type="bullet"><link ns0:type="simple" ns0:href="../272/5272.xml">comput printer</link></entry><entry level="1" type="bullet"><link>copier mfp market segment</link></entry></list></p></sec><sec><st>refer</st><p><reflist><entry id="1"><weblink ns0:type="simple" ns0:href="http://www.ipa.go.jp/security/jisec/jisec_e/documents/c0087_erpt.pdf">konica minolta common criteria certif report mention timesi linux imag control program core os</weblink>retriev<link /></entry><entry id="2"><weblink ns0:type="simple" ns0:href="http://www.windriver.com/portal/server.pt?space=Opener parentname=CommunityPage control=OpenObject in_hi_OpenerMode=2 in_hi_ClassID=512 in_hi_ObjectID=715#consumer">list windriv vxwork custom includ mfp manufactur</weblink>retriev<link /></entry><entry id="3"><weblink ns0:type="simple" ns0:href="http://www.efi.com/documents/support/security/security_antivirus_linux.pdf">efi antiviru guidelin linux base rip</weblink>retriev<link /></entry><entry id="4"><weblink ns0:type="simple" ns0:href="http://www.efi.com/documents/support/security/security_antivirusXP.pdf">efi antiviru guidelin window xp embed base rip</weblink>retriev<link /></entry><entry id="5"><weblink ns0:type="simple" ns0:href="http://download.support.xerox.com/pub/docs/DocuColor_12CP/userdocs/any-os/en/Splash_G640_Color_Server_Cust_Rel_Notes.pdf">custom releas note splash color server xerox docucolor seri</weblink>retriev<link /></entry></reflist></p></sec><sec><st>extern link</st><p><list><entry level="1" type="bullet">httpwwwbuyerslabcom</entry><entry level="1" type="bullet"><work wordnetid="100575741" confidence="0.8"><protocol wordnetid="106665108" confidence="0.8"><standard wordnetid="107260623" confidence="0.8"><direction wordnetid="106786629" confidence="0.8"><community wordnetid="108223802" confidence="0.8"><system_of_measurement wordnetid="113577171" confidence="0.8"><message wordnetid="106598915" confidence="0.8"><social_group wordnetid="107950920" confidence="0.8"><event wordnetid="100029378" confidence="0.8"><rule wordnetid="106652242" confidence="0.8"><gathering wordnetid="107975026" confidence="0.8"><service wordnetid="100577525" confidence="0.8"><act wordnetid="100030358" confidence="0.8"><group wordnetid="100031264" confidence="0.8"><psychological_feature wordnetid="100023100" confidence="0.8"><activity wordnetid="100407535" confidence="0.8"><link ns0:type="simple" ns0:href="../994/18588994.xml">usenet</link></activity></psychological_feature></group></act></service></gathering></rule></event></social_group></message></system_of_measurement></community></direction></standard></protocol></work>newsaltperiphsmultifunct</entry><entry level="1" type="bullet">mfp captur httpwwwaiimorgedocarticleviewaspxid</entry><entry level="1" type="bullet">httpwwwlinuxprintingorg</entry><entry level="1" type="bullet"><weblink ns0:type="simple" ns0:href="http://www.bta.org/i4a/pages/Index.cfm?pageID=2276">busi technolog associ softwar buyer guid</weblink></entry><entry level="1" type="bullet"><weblink ns0:type="simple" ns0:href="http://www.contentworkspace.com/solutions/mfd.htm">sampl mfd busi workflow</weblink></entry></list></p></sec></bdy></printer></causal_agent></worker></person></physical_entity></skilled_worker></article>