<article xmlns:ns0="http://www.w3.org/1999/xlink"><record confidence="0.8" wordnetid="106647206"><chronology confidence="0.8" wordnetid="106503224"><indication confidence="0.8" wordnetid="106797169"><evidence confidence="0.8" wordnetid="106643408"><timeline confidence="0.8" wordnetid="106504965"><written_record confidence="0.8" wordnetid="106502378"><header><title>timelin quantum comput</title><id /><revision><id /><timestamp>tz</timestamp><contributor><username>kurnosem</username><id /></contributor></revision><categories><category>comput timelin</category><category>quantum scienc</category></categories></header><bdy><link ns0:type="simple" ns0:href="../931/55931.xml">timelin</link><link ns0:type="simple" ns0:href="../220/25220.xml">quantum comput</link><ss1><st /><p><list><entry level="1" type="bullet"><link ns0:type="simple" ns0:href="../726/34726.xml" /><link>stephen wiesner</link>invent<link ns0:type="simple" ns0:href="../299/5205299.xml">conjug code</link></entry></list></p><p><list><entry level="1" type="bullet"><link ns0:type="simple" ns0:href="../751/34751.xml" /><link>alexand holevo</link>publish paper show<it /><link ns0:type="simple" ns0:href="../284/25284.xml">qubit</link>carri<it />classic bit result<link ns0:type="simple" ns0:href="../865/5687865.xml">holevo theorem</link>holevo bound<physical_entity wordnetid="100001930" confidence="0.8"><peer wordnetid="109626238" confidence="0.8"><person wordnetid="100007846" confidence="0.8"><intellectual wordnetid="109621545" confidence="0.8"><colleague wordnetid="109935990" confidence="0.8"><alumnus wordnetid="109786338" confidence="0.8"><causal_agent wordnetid="100007347" confidence="0.8"><scholar wordnetid="110557854" confidence="0.8"><associate wordnetid="109816771" confidence="0.8"><link ns0:type="simple" ns0:href="../482/1624482.xml">charl bennett</link></associate></scholar></causal_agent></alumnus></colleague></intellectual></person></peer></physical_entity>comput revers</entry></list></p><p><list><entry level="1" type="bullet"><link ns0:type="simple" ns0:href="../752/34752.xml" /><link>poplavskii</link>publish thermodynam model process russian uspekhi fizicheskikh nauk comput infeas simul quantum system classic comput<link ns0:type="simple" ns0:href="../321/1201321.xml">superposit principl</link></entry></list></p><p><list><entry level="1" type="bullet"><link ns0:type="simple" ns0:href="../661/34661.xml" />polish mathemat physicist<philosopher wordnetid="110423589" confidence="0.9508927676800064"><link ns0:type="simple" ns0:href="../136/1936136.xml">roman ingarden</link></philosopher>attempt creat<link ns0:type="simple" ns0:href="../274/25274.xml">quantum theori</link><link ns0:type="simple" ns0:href="../773/14773.xml">shannon theori</link>directli gener<link ns0:type="simple" ns0:href="../649/19595649.xml">quantum</link>case construct quantum theori gener shannon theori</entry></list></p></ss1><ss1><st /><p><list><entry level="1" type="bullet"><link ns0:type="simple" ns0:href="../640/34640.xml" /><scientist wordnetid="110560637" confidence="0.9508927676800064"><link ns0:type="simple" ns0:href="../086/1692086.xml">yuri manin</link></scientist>publish comput uncomput russian moscow sovetskoy radio</entry></list></p><p><list><entry level="1" type="bullet"><link ns0:type="simple" ns0:href="../776/34776.xml" /></entry><entry level="2" type="bullet"><person wordnetid="100007846" confidence="0.9508927676800064"><scientist wordnetid="110560637" confidence="0.9508927676800064"><link ns0:type="simple" ns0:href="../523/25523.xml">richard feynman</link></scientist></person>talk<it>confer physic comput</it>held<link ns0:type="simple" ns0:href="../061/19061.xml">mit</link>observ appear imposs gener simul evolut<link ns0:type="simple" ns0:href="../202/25202.xml">quantum system</link>classic comput effici propos basic model<link ns0:type="simple" ns0:href="../220/25220.xml">quantum comput</link>capabl simul</entry><entry level="2" type="bullet"><link ns0:type="simple" ns0:href="../067/1600067.xml">tommaso toffoli</link>introduc revers<link ns0:type="simple" ns0:href="../286/343286.xml">toffoli gate</link><link ns0:type="simple" ns0:href="../625/100625.xml" /><link ns0:type="simple" ns0:href="../050/3521050.xml">xor</link>gate univers set quantum comput</entry></list></p><p><list><entry level="1" type="bullet"><link ns0:type="simple" ns0:href="../578/34578.xml" /><physical_entity wordnetid="100001930" confidence="0.8"><peer wordnetid="109626238" confidence="0.8"><person wordnetid="100007846" confidence="0.8"><intellectual wordnetid="109621545" confidence="0.8"><colleague wordnetid="109935990" confidence="0.8"><alumnus wordnetid="109786338" confidence="0.8"><causal_agent wordnetid="100007347" confidence="0.8"><scholar wordnetid="110557854" confidence="0.8"><associate wordnetid="109816771" confidence="0.8"><link ns0:type="simple" ns0:href="../482/1624482.xml">charl bennett</link></associate></scholar></causal_agent></alumnus></colleague></intellectual></person></peer></physical_entity><physical_entity wordnetid="100001930" confidence="0.8"><person wordnetid="100007846" confidence="0.8"><cryptanalyst wordnetid="109981540" confidence="0.8"><intellectual wordnetid="109621545" confidence="0.8"><alumnus wordnetid="109786338" confidence="0.8"><causal_agent wordnetid="100007347" confidence="0.8"><scientist wordnetid="110560637" confidence="0.8"><scholar wordnetid="110557854" confidence="0.8"><decoder wordnetid="109995398" confidence="0.8"><link ns0:type="simple" ns0:href="../181/1627181.xml">gill brassard</link></decoder></scholar></scientist></causal_agent></alumnus></intellectual></cryptanalyst></person></physical_entity>employ wiesner conjug code distribut cryptograph</entry></list></p><p><list><entry level="1" type="bullet"><link ns0:type="simple" ns0:href="../846/34846.xml" /><physical_entity wordnetid="100001930" confidence="0.8"><peer wordnetid="109626238" confidence="0.8"><disbeliever wordnetid="110015897" confidence="0.8"><physicist wordnetid="110428004" confidence="0.8"><person wordnetid="100007846" confidence="0.8"><colleague wordnetid="109935990" confidence="0.8"><causal_agent wordnetid="100007347" confidence="0.8"><scientist wordnetid="110560637" confidence="0.8"><nonreligious_person wordnetid="109625789" confidence="0.8"><atheist wordnetid="109820044" confidence="0.8"><associate wordnetid="109816771" confidence="0.8"><link ns0:type="simple" ns0:href="../729/8729.xml">david deutsch</link></associate></atheist></nonreligious_person></scientist></causal_agent></colleague></person></physicist></disbeliever></peer></physical_entity><university wordnetid="108286163" confidence="0.9508927676800064"><link ns0:type="simple" ns0:href="../797/31797.xml">univers oxford</link></university>describ<link ns0:type="simple" ns0:href="../339/468339.xml">univers quantum comput</link>univers<invention wordnetid="105633385" confidence="0.8"><know-how wordnetid="105616786" confidence="0.8"><method wordnetid="105660268" confidence="0.8"><link ns0:type="simple" ns0:href="../403/30403.xml">ture machin</link></method></know-how></invention>simul ture machin effici univers quantum comput simul quantum comput<link ns0:type="simple" ns0:href="../000/23000.xml">polynomi</link>slowdown</entry></list></p></ss1><ss1><st /><p><list><entry level="1" type="bullet"><link ns0:type="simple" ns0:href="../703/34703.xml" /><physical_entity wordnetid="100001930" confidence="0.8"><physicist wordnetid="110428004" confidence="0.8"><person wordnetid="100007846" confidence="0.8"><causal_agent wordnetid="100007347" confidence="0.8"><scientist wordnetid="110560637" confidence="0.8"><link ns0:type="simple" ns0:href="../720/1497720.xml">artur ekert</link></scientist></causal_agent></person></physicist></physical_entity>invent<link ns0:type="simple" ns0:href="../336/25336.xml">entangl</link>base secur commun</entry></list></p><p><list><entry level="1" type="bullet"><link ns0:type="simple" ns0:href="../598/34598.xml" /><link>dan simon</link><link>universit de montral</link>invent<physical_entity wordnetid="100001930" confidence="0.8"><person wordnetid="100007846" confidence="0.8"><model wordnetid="110324560" confidence="0.8"><assistant wordnetid="109815790" confidence="0.8"><worker wordnetid="109632518" confidence="0.8"><causal_agent wordnetid="100007347" confidence="0.8"><link ns0:type="simple" ns0:href="../431/22431.xml">oracl</link></causal_agent></worker></assistant></model></person></physical_entity>problem quantum comput<link ns0:type="simple" ns0:href="../933/191933.xml">exponenti faster</link>convent comput<link ns0:type="simple" ns0:href="../775/775.xml">algorithm</link>introduc main idea develop<person wordnetid="100007846" confidence="0.9508927676800064"><scientist wordnetid="110560637" confidence="0.9508927676800064"><link ns0:type="simple" ns0:href="../338/68338.xml">peter shor</link></scientist></person><link ns0:type="simple" ns0:href="../910/2167910.xml">factor</link>algorithm</entry></list></p><p><list><entry level="1" type="bullet"><link ns0:type="simple" ns0:href="../337/18948337.xml" /></entry><entry level="2" type="bullet"><person wordnetid="100007846" confidence="0.9508927676800064"><scientist wordnetid="110560637" confidence="0.9508927676800064"><link ns0:type="simple" ns0:href="../338/68338.xml">peter shor</link></scientist></person><link ns0:type="simple" ns0:href="../712/3712.xml">bell lab</link><country wordnetid="108544813" confidence="0.9508927676800064"><link ns0:type="simple" ns0:href="../648/21648.xml">jersey</link></country>discov remark algorithm allow quantum comput factor larg integ solv factor problem<link ns0:type="simple" ns0:href="../334/181334.xml">discret log</link>problem<event wordnetid="100029378" confidence="0.8"><rule wordnetid="105846932" confidence="0.8"><act wordnetid="100030358" confidence="0.8"><psychological_feature wordnetid="100023100" confidence="0.8"><procedure wordnetid="101023820" confidence="0.8"><activity wordnetid="100407535" confidence="0.8"><algorithm wordnetid="105847438" confidence="0.8"><link ns0:type="simple" ns0:href="../674/42674.xml">shor algorithm</link></algorithm></activity></procedure></psychological_feature></act></rule></event>theoret break<link ns0:type="simple" ns0:href="../383/506383.xml">cryptosystem</link>today spark tremend interest quantum comput</entry><entry level="2" type="bullet"><link ns0:type="simple" ns0:href="../149/195149.xml">unit govern</link>workshop quantum comput organ<link ns0:type="simple" ns0:href="../888/21888.xml">nist</link>gaithersburg maryland autumn</entry><entry level="2" type="bullet">decemb ignacio cirac<link ns0:type="simple" ns0:href="../432/19275432.xml">univers castillala mancha</link><link ns0:type="simple" ns0:href="../310/301310.xml">ciudad real</link><person wordnetid="100007846" confidence="0.9508927676800064"><scientist wordnetid="110560637" confidence="0.9508927676800064"><link ns0:type="simple" ns0:href="../000/6947000.xml">peter zoller</link></scientist></person><university wordnetid="108286163" confidence="0.9508927676800064"><link ns0:type="simple" ns0:href="../651/630651.xml">univers innsbruck</link></university>propos experiment realiz<link ns0:type="simple" ns0:href="../688/3010688.xml">controllednot</link>gate<link>trap ion</link></entry></list></p><p><list><entry level="1" type="bullet"><link ns0:type="simple" ns0:href="../658/34658.xml" /></entry><entry level="2" type="bullet"><agency wordnetid="108337324" confidence="0.9508927676800064"><link ns0:type="simple" ns0:href="../897/7279897.xml">unit depart defens</link></agency>workshop quantum comput<link ns0:type="simple" ns0:href="../910/51910.xml">quantum cryptographi</link>organ<work wordnetid="100575741" confidence="0.8"><army wordnetid="108191230" confidence="0.8"><event wordnetid="100029378" confidence="0.8"><service wordnetid="100577525" confidence="0.8"><force wordnetid="108208016" confidence="0.8"><military_service wordnetid="108198137" confidence="0.8"><act wordnetid="100030358" confidence="0.8"><psychological_feature wordnetid="100023100" confidence="0.8"><activity wordnetid="100407535" confidence="0.8"><link ns0:type="simple" ns0:href="../087/32087.xml">unit armi</link></activity></psychological_feature></act></military_service></force></service></event></army></work>physicist<link>charl bowden</link><link ns0:type="simple" ns0:href="../594/14965594.xml">jonathan dowl</link><link>henri everitt</link>take place februari<university wordnetid="108286163" confidence="0.9508927676800064"><link ns0:type="simple" ns0:href="../015/32015.xml">univers arizona</link></university><link ns0:type="simple" ns0:href="../180/57180.xml">tucson</link></entry><entry level="2" type="bullet"><person wordnetid="100007846" confidence="0.9508927676800064"><scientist wordnetid="110560637" confidence="0.9508927676800064"><link ns0:type="simple" ns0:href="../338/68338.xml">peter shor</link></scientist></person><physical_entity wordnetid="100001930" confidence="0.8"><peer wordnetid="109626238" confidence="0.8"><physicist wordnetid="110428004" confidence="0.8"><person wordnetid="100007846" confidence="0.8"><colleague wordnetid="109935990" confidence="0.8"><causal_agent wordnetid="100007347" confidence="0.8"><scientist wordnetid="110560637" confidence="0.8"><associate wordnetid="109816771" confidence="0.8"><link ns0:type="simple" ns0:href="../524/2594524.xml">andrew stean</link></associate></scientist></causal_agent></colleague></person></physicist></peer></physical_entity>simultan propos scheme<link ns0:type="simple" ns0:href="../803/892803.xml">quantum error correct</link>altern quantum error correct exploit special immun error devic<link ns0:type="simple" ns0:href="../732/185732.xml">decoher</link>free subspac</entry><entry level="2" type="bullet">christoph monro david wineland<link ns0:type="simple" ns0:href="../888/21888.xml">nist</link><link ns0:type="simple" ns0:href="../341/94341.xml">boulder colorado</link>experiment realiz quantum logic gate cnot gate trap ion cirac zoller propos<ref ns0:type="simple" ns0:href="#xpointer(//reflist/entry[@id=%221%22])" /></entry></list></p><p><list><entry level="1" type="bullet"><link ns0:type="simple" ns0:href="../636/34636.xml" /></entry><entry level="2" type="bullet"><physical_entity wordnetid="100001930" confidence="0.8"><person wordnetid="100007846" confidence="0.8"><causal_agent wordnetid="100007347" confidence="0.8"><scientist wordnetid="110560637" confidence="0.8"><link ns0:type="simple" ns0:href="../472/296472.xml">lov grover</link></scientist></causal_agent></person></physical_entity>bell lab invent<event wordnetid="100029378" confidence="0.8"><rule wordnetid="105846932" confidence="0.8"><act wordnetid="100030358" confidence="0.8"><psychological_feature wordnetid="100023100" confidence="0.8"><procedure wordnetid="101023820" confidence="0.8"><activity wordnetid="100407535" confidence="0.8"><algorithm wordnetid="105847438" confidence="0.8"><link ns0:type="simple" ns0:href="../498/58498.xml">quantum databas search algorithm</link></algorithm></activity></procedure></psychological_feature></act></rule></event><link ns0:type="simple" ns0:href="../761/239761.xml">quadrat</link>speedup isnt dramat speedup factor discret log physic simul algorithm appli wider varieti problem problem solv random bruteforc search quadrat speedup</entry><entry level="2" type="bullet"><link ns0:type="simple" ns0:href="../149/195149.xml">unit govern</link>joint partnership armi offic<link ns0:type="simple" ns0:href="../878/3678878.xml">armi laboratori</link><agency wordnetid="108337324" confidence="0.9508927676800064"><link ns0:type="simple" ns0:href="../939/21939.xml">nation secur agenc</link></agency>issu public call propos quantum process</entry></list></p><p><list><entry level="1" type="bullet"><link ns0:type="simple" ns0:href="../601/34601.xml" /></entry><entry level="2" type="bullet"><link ns0:type="simple" ns0:href="../240/2690240.xml">david cori</link><link>amr fahmi</link><link>timothi havel</link>time<physical_entity wordnetid="100001930" confidence="0.8"><physicist wordnetid="110428004" confidence="0.8"><person wordnetid="100007846" confidence="0.8"><intellectual wordnetid="109621545" confidence="0.8"><alumnus wordnetid="109786338" confidence="0.8"><causal_agent wordnetid="100007347" confidence="0.8"><scientist wordnetid="110560637" confidence="0.8"><scholar wordnetid="110557854" confidence="0.8"><link ns0:type="simple" ns0:href="../024/1159024.xml">neil gershenfeld</link></scholar></scientist></causal_agent></alumnus></intellectual></person></physicist></physical_entity><link>isaac chuang</link><university wordnetid="108286163" confidence="0.9508927676800064"><link ns0:type="simple" ns0:href="../879/18879.xml">mit</link></university>publish paper quantum comput base bulk spin reson thermal ensembl technolog base<link ns0:type="simple" ns0:href="../516/21516.xml">nuclear magnet reson</link>nmr machin medic<link ns0:type="simple" ns0:href="../446/19446.xml">magnet reson imag</link>machin roomtemperatur<it>thermal</it>collect molecul<it>ensembl</it>maintain<link>coher</link>second approach quantum comput scalabl ten qubit</entry><entry level="2" type="bullet">alexei kitaev describ principl topolog quantum comput method combat decoher</entry></list></p><p><list><entry level="1" type="bullet"><link ns0:type="simple" ns0:href="../647/34647.xml" /></entry><entry level="2" type="bullet">work qubit<link ns0:type="simple" ns0:href="../516/21516.xml">nmr</link>comput demonstr<link ns0:type="simple" ns0:href="../437/2683437.xml">jonathan jone</link><physical_entity wordnetid="100001930" confidence="0.8"><physicist wordnetid="110428004" confidence="0.8"><person wordnetid="100007846" confidence="0.8"><cryptanalyst wordnetid="109981540" confidence="0.8"><theorist wordnetid="110706812" confidence="0.8"><intellectual wordnetid="109621545" confidence="0.8"><causal_agent wordnetid="100007347" confidence="0.8"><scientist wordnetid="110560637" confidence="0.8"><decoder wordnetid="109995398" confidence="0.8"><link ns0:type="simple" ns0:href="../765/2687765.xml">michel mosca</link></decoder></scientist></causal_agent></intellectual></theorist></cryptanalyst></person></physicist></physical_entity><university wordnetid="108286163" confidence="0.9508927676800064"><link ns0:type="simple" ns0:href="../797/31797.xml">oxford univers</link></university>time<link>isaac chuang</link><company wordnetid="108058098" confidence="0.9508927676800064"><link ns0:type="simple" ns0:href="../259/18622259.xml">ibm</link></company><link ns0:type="simple" ns0:href="../371/1886371.xml">almaden center</link>cowork<university wordnetid="108286163" confidence="0.9508927676800064"><link ns0:type="simple" ns0:href="../977/26977.xml">stanford univers</link></university><university wordnetid="108286163" confidence="0.9508927676800064"><link ns0:type="simple" ns0:href="../879/18879.xml">mit</link></university></entry><entry level="2" type="bullet">work qubit nmr comput</entry><entry level="2" type="bullet">execut<event wordnetid="100029378" confidence="0.8"><rule wordnetid="105846932" confidence="0.8"><act wordnetid="100030358" confidence="0.8"><psychological_feature wordnetid="100023100" confidence="0.8"><procedure wordnetid="101023820" confidence="0.8"><activity wordnetid="100407535" confidence="0.8"><algorithm wordnetid="105847438" confidence="0.8"><link ns0:type="simple" ns0:href="../498/58498.xml">grover algorithm</link></algorithm></activity></procedure></psychological_feature></act></rule></event></entry></list></p><p><list><entry level="1" type="bullet"><link ns0:type="simple" ns0:href="../553/34553.xml" /><scientist wordnetid="110560637" confidence="0.9508927676800064"><link ns0:type="simple" ns0:href="../653/1936653.xml">samuel braunstein</link></scientist>collabor quantum entangl bulk nmr experi impli nmr devic best classic simul quantum comput<ref ns0:type="simple" ns0:href="#xpointer(//reflist/entry[@id=%222%22])" /></entry></list></p></ss1><ss1><st /><p><list><entry level="1" type="bullet"><link ns0:type="simple" ns0:href="../548/34548.xml" /></entry><entry level="2" type="bullet">work qubit nmr comput demonstr<university wordnetid="108286163" confidence="0.9508927676800064"><link ns0:type="simple" ns0:href="../679/349679.xml">technic univers munich</link></university></entry><entry level="2" type="bullet">execut order find shor algorithm<company wordnetid="108058098" confidence="0.9508927676800064"><link ns0:type="simple" ns0:href="../259/18622259.xml">ibm</link></company><link ns0:type="simple" ns0:href="../371/1886371.xml">almaden center</link><university wordnetid="108286163" confidence="0.9508927676800064"><link ns0:type="simple" ns0:href="../977/26977.xml">stanford univers</link></university></entry><entry level="2" type="bullet">work qubit nmr comput demonstr<site wordnetid="108651247" confidence="0.8"><region wordnetid="108630985" confidence="0.8"><position wordnetid="108621598" confidence="0.8"><center wordnetid="108523483" confidence="0.8"><point wordnetid="108620061" confidence="0.8"><landmark wordnetid="108624891" confidence="0.8"><area wordnetid="108497294" confidence="0.8"><location wordnetid="100027167" confidence="0.8"><tract wordnetid="108673395" confidence="0.8"><geographical_area wordnetid="108574314" confidence="0.8"><link ns0:type="simple" ns0:href="../145/38145.xml">lo alamo nation laboratori</link></geographical_area></tract></location></area></landmark></point></center></position></region></site></entry></list></p><p><list><entry level="1" type="bullet"><link ns0:type="simple" ns0:href="../551/34551.xml" /></entry><entry level="2" type="bullet">execut shor algorithm<company wordnetid="108058098" confidence="0.9508927676800064"><link ns0:type="simple" ns0:href="../259/18622259.xml">ibm</link></company><link ns0:type="simple" ns0:href="../371/1886371.xml">almaden center</link><university wordnetid="108286163" confidence="0.9508927676800064"><link ns0:type="simple" ns0:href="../977/26977.xml">stanford univers</link></university>number factor ident molecul activ nuclear spin nmr repres true quantum comput quantum entangl</entry></list></p><p><list><entry level="1" type="bullet"><link ns0:type="simple" ns0:href="../502/35502.xml" />quantum scienc technolog roadmap project involv main particip field laid<weblink ns0:type="simple" ns0:href="http://qist.lanl.gov/qcomp_map.shtml">quantum comput roadmap</weblink></entry></list></p><p><list><entry level="1" type="bullet"><link ns0:type="simple" ns0:href="../163/36163.xml" /><link>todd pittman</link>collabor<university wordnetid="108286163" confidence="0.9508927676800064"><link ns0:type="simple" ns0:href="../420/38420.xml">john hopkin univers</link></university><link ns0:type="simple" ns0:href="../983/2600983.xml">appli physic laboratori</link>independ<link>jeremi obrien</link>collabor<university wordnetid="108286163" confidence="0.9508927676800064"><link ns0:type="simple" ns0:href="../819/192819.xml">univers queensland</link></university>demonstr quantum controllednot gate linear optic element<ref ns0:type="simple" ns0:href="#xpointer(//reflist/entry[@id=%223%22])" /><ref ns0:type="simple" ns0:href="#xpointer(//reflist/entry[@id=%224%22])" /></entry></list></p><p><list><entry level="1" type="bullet"><link ns0:type="simple" ns0:href="../524/35524.xml" />work<link ns0:type="simple" ns0:href="../954/454954.xml">pure</link>nmr quantum comput base<link ns0:type="simple" ns0:href="../715/997715.xml">parahydrogen</link>demonstr<link ns0:type="simple" ns0:href="../797/31797.xml">oxford univers</link><university wordnetid="108286163" confidence="0.9508927676800064"><link ns0:type="simple" ns0:href="../637/155637.xml">univers york</link></university></entry></list></p><p>nmr experi prepar pure quantum exhibit quantum entangl comput concern arisen quantum natur prove presenc entangl condit quantum comput<ref ns0:type="simple" ns0:href="#xpointer(//reflist/entry[@id=%225%22])" /></p></ss1><ss1><st /><p><list><entry level="1" type="bullet"><university wordnetid="108286163" confidence="0.9508927676800064"><link ns0:type="simple" ns0:href="../695/384695.xml">univers illinoi urbanachampaign</link></university>scientist demonstr quantum entangl multipl characterist allow multipl qubit particl</entry><entry level="1" type="bullet">team physicist measur capacit<link ns0:type="simple" ns0:href="../712/446712.xml">josephson junction</link>time method measur quantum bit quantum comput disturb<ref ns0:type="simple" ns0:href="#xpointer(//reflist/entry[@id=%226%22])" /></entry><entry level="1" type="bullet">decemb quantum byte<it><link ns0:type="simple" ns0:href="../128/3301128.xml">qubyt</link></it>announc creat scientist institut quantum optic quantum<university wordnetid="108286163" confidence="0.9508927676800064"><link ns0:type="simple" ns0:href="../651/630651.xml">univers innsbruck</link></university>austria formal paper publish decemb st issu<periodical wordnetid="106593296" confidence="0.9508927676800064"><link ns0:type="simple" ns0:href="../427/43427.xml">natur</link></periodical></entry><entry level="1" type="bullet"><university wordnetid="108286163" confidence="0.9508927676800064"><link ns0:type="simple" ns0:href="../501/18426501.xml">harvard univers</link></university><university wordnetid="108286163" confidence="0.9508927676800064"><ranking wordnetid="114429484" confidence="0.9508927676800064"><link ns0:type="simple" ns0:href="../781/9916781.xml">georgia institut technolog</link></ranking></university>research succeed transfer quantum quantum memori atom photon</entry></list></p></ss1><ss1><st /><p><list><entry level="1" type="bullet">materi scienc depart<link ns0:type="simple" ns0:href="../797/31797.xml">oxford univers</link>cage qubit<link ns0:type="simple" ns0:href="../628/10628.xml">buckybal</link>buckminst fulleren particl demonstr quantum bangbang error correct<ref ns0:type="simple" ns0:href="#xpointer(//reflist/entry[@id=%227%22])" /></entry></list></p><p><list><entry level="1" type="bullet">research<university wordnetid="108286163" confidence="0.9508927676800064"><link ns0:type="simple" ns0:href="../695/384695.xml">univers illinoi urbanachampaign</link></university><link ns0:type="simple" ns0:href="../326/648326.xml">zeno</link>repeatedli measur properti photon gradual chang allow photon reach program search databas run quantum comput<ref ns0:type="simple" ns0:href="#xpointer(//reflist/entry[@id=%228%22])" /></entry><entry level="1" type="bullet">vlatko vedral univers leed colleagu univers porto vienna photon ordinari laser light quantum mechan entangl vibrat macroscop mirror<ref ns0:type="simple" ns0:href="#xpointer(//reflist/entry[@id=%229%22])" /></entry><entry level="1" type="bullet">professor<link>samuel lbraunstein</link><university wordnetid="108286163" confidence="0.9508927676800064"><link ns0:type="simple" ns0:href="../637/155637.xml">univers york</link></university>univers tokyo japan scienc technolog agenc experiment demonstr quantum teleclon<ref ns0:type="simple" ns0:href="#xpointer(//reflist/entry[@id=%2210%22])" /></entry><entry level="1" type="bullet">professor univers sheffield develop effici produc manipul individu photon high effici room temperatur<ref ns0:type="simple" ns0:href="#xpointer(//reflist/entry[@id=%2211%22])" /></entry><entry level="1" type="bullet">error check method theoriz josephson junction comput<ref ns0:type="simple" ns0:href="#xpointer(//reflist/entry[@id=%2212%22])" /></entry><entry level="1" type="bullet">qubit quantum comput benchmark<ref ns0:type="simple" ns0:href="#xpointer(//reflist/entry[@id=%2213%22])" /></entry><entry level="1" type="bullet">dimension ion trap develop quantum comput<ref ns0:type="simple" ns0:href="#xpointer(//reflist/entry[@id=%2214%22])" /></entry><entry level="1" type="bullet">atom stabl step construct quantum gate univers bonn<ref ns0:type="simple" ns0:href="#xpointer(//reflist/entry[@id=%2215%22])" /></entry><entry level="1" type="bullet">team delft univers technolog netherland creat devic manipul spinstat electron quantum dot<ref ns0:type="simple" ns0:href="#xpointer(//reflist/entry[@id=%2216%22])" /></entry><entry level="1" type="bullet">univers arkansa develop quantum dot molecul<ref ns0:type="simple" ns0:href="#xpointer(//reflist/entry[@id=%2217%22])" /></entry><entry level="1" type="bullet">spin theori particl spin bring scienc closer quantum comput<ref ns0:type="simple" ns0:href="#xpointer(//reflist/entry[@id=%2218%22])" /></entry><entry level="1" type="bullet">univers copenhagen develop quantum teleport photon atom<ref ns0:type="simple" ns0:href="#xpointer(//reflist/entry[@id=%2219%22])" /></entry><entry level="1" type="bullet">univers southern california develop quantum error correct method<ref ns0:type="simple" ns0:href="#xpointer(//reflist/entry[@id=%2219%22])" /></entry><entry level="1" type="bullet">univers camerino scientist develop theori macroscop object entangl implic develop quantum repeat<ref ns0:type="simple" ns0:href="#xpointer(//reflist/entry[@id=%2220%22])" /></entry><entry level="1" type="bullet">scientist illinoi urbanachampaign find quantum coher incommensur electron system<ref ns0:type="simple" ns0:href="#xpointer(//reflist/entry[@id=%2221%22])" /></entry><entry level="1" type="bullet">univers utah scientist feasibl read data store nuclear spin<ref ns0:type="simple" ns0:href="#xpointer(//reflist/entry[@id=%2222%22])" /></entry></list></p></ss1><ss1><st /><p><list><entry level="1" type="bullet">subwavelength waveguid develop light<ref ns0:type="simple" ns0:href="#xpointer(//reflist/entry[@id=%2223%22])" /></entry><entry level="1" type="bullet">singl photon emitt optic fiber develop<ref ns0:type="simple" ns0:href="#xpointer(//reflist/entry[@id=%2224%22])" /></entry><entry level="1" type="bullet">materi propos quantum comput<ref ns0:type="simple" ns0:href="#xpointer(//reflist/entry[@id=%2225%22])" /></entry><entry level="1" type="bullet">singl atom singl photon server devis<ref ns0:type="simple" ns0:href="#xpointer(//reflist/entry[@id=%2226%22])" /></entry><entry level="1" type="bullet">deutsch algorithm cluster quantum comput<ref ns0:type="simple" ns0:href="#xpointer(//reflist/entry[@id=%2227%22])" /></entry><entry level="1" type="bullet">univers cambridg develop electron quantum pump<ref ns0:type="simple" ns0:href="#xpointer(//reflist/entry[@id=%2228%22])" /></entry><entry level="1" type="bullet">superior method qubit coupl develop<ref ns0:type="simple" ns0:href="#xpointer(//reflist/entry[@id=%2229%22])" /></entry><entry level="1" type="bullet">success demonstr control<link>coupl qubit</link><ref ns0:type="simple" ns0:href="#xpointer(//reflist/entry[@id=%2230%22])" /></entry><entry level="1" type="bullet">breakthrough appli<link ns0:type="simple" ns0:href="../220/61220.xml">spinbas electron</link><link ns0:type="simple" ns0:href="../114/27114.xml">silicon</link><ref ns0:type="simple" ns0:href="#xpointer(//reflist/entry[@id=%2231%22])" /></entry><entry level="1" type="bullet">scientist demonstr quantum exchang light matter<ref ns0:type="simple" ns0:href="#xpointer(//reflist/entry[@id=%2232%22])" /></entry><entry level="1" type="bullet">diamond quantum regist develop<ref ns0:type="simple" ns0:href="#xpointer(//reflist/entry[@id=%2233%22])" /></entry><entry level="1" type="bullet">controllednotquantum gate pair superconduct quantum bit realiz<ref ns0:type="simple" ns0:href="#xpointer(//reflist/entry[@id=%2234%22])" /></entry><entry level="1" type="bullet">scientist studi hundr individu atom array<ref ns0:type="simple" ns0:href="#xpointer(//reflist/entry[@id=%2235%22])" /></entry><entry level="1" type="bullet">nitrogen<link ns0:type="simple" ns0:href="../628/10628.xml">buckybal</link>quantum comput<ref ns0:type="simple" ns0:href="#xpointer(//reflist/entry[@id=%2236%22])" /></entry><entry level="1" type="bullet">larg number electron quantum coupl<ref ns0:type="simple" ns0:href="#xpointer(//reflist/entry[@id=%2237%22])" /></entry><entry level="1" type="bullet">spinorbit interact electron measur<ref ns0:type="simple" ns0:href="#xpointer(//reflist/entry[@id=%2238%22])" /></entry><entry level="1" type="bullet">atom quantum manipul laser light<ref ns0:type="simple" ns0:href="#xpointer(//reflist/entry[@id=%2239%22])" /></entry><entry level="1" type="bullet">light puls control electron spin<ref ns0:type="simple" ns0:href="#xpointer(//reflist/entry[@id=%2240%22])" /></entry><entry level="1" type="bullet">quantum effect demonstr ten nanomet<ref ns0:type="simple" ns0:href="#xpointer(//reflist/entry[@id=%2241%22])" /></entry><entry level="1" type="bullet">light puls acceler quantum comput develop<ref ns0:type="simple" ns0:href="#xpointer(//reflist/entry[@id=%2242%22])" /></entry><entry level="1" type="bullet">quantum ram blueprint unveil<ref ns0:type="simple" ns0:href="#xpointer(//reflist/entry[@id=%2243%22])" /></entry><entry level="1" type="bullet">model quantum transistor develop<ref ns0:type="simple" ns0:href="#xpointer(//reflist/entry[@id=%2244%22])" /></entry><entry level="1" type="bullet">long distanc entangl demonstr<ref ns0:type="simple" ns0:href="#xpointer(//reflist/entry[@id=%2245%22])" /></entry><entry level="1" type="bullet">photon quantum comput factor number independ lab<ref ns0:type="simple" ns0:href="#xpointer(//reflist/entry[@id=%2246%22])" /></entry><entry level="1" type="bullet">quantum bu develop independ lab<ref ns0:type="simple" ns0:href="#xpointer(//reflist/entry[@id=%2247%22])" /></entry><entry level="1" type="bullet">superconduct quantum cabl develop<ref ns0:type="simple" ns0:href="#xpointer(//reflist/entry[@id=%2248%22])" /></entry><entry level="1" type="bullet">transmiss qubit demonstr<ref ns0:type="simple" ns0:href="#xpointer(//reflist/entry[@id=%2249%22])" /></entry><entry level="1" type="bullet">superior qubit materi devis<ref ns0:type="simple" ns0:href="#xpointer(//reflist/entry[@id=%2250%22])" /></entry><entry level="1" type="bullet">singl electron qubit memori<ref ns0:type="simple" ns0:href="#xpointer(//reflist/entry[@id=%2251%22])" /></entry><entry level="1" type="bullet">boseeinstein condens quantum memori develop<ref ns0:type="simple" ns0:href="#xpointer(//reflist/entry[@id=%2252%22])" /></entry><entry level="1" type="bullet"><company wordnetid="108058098" confidence="0.9508927676800064"><link ns0:type="simple" ns0:href="../373/9448373.xml">dwave system</link></company>claim work qubit quantum comput<ref ns0:type="simple" ns0:href="#xpointer(//reflist/entry[@id=%2253%22])" /></entry><entry level="1" type="bullet">cryonic method reduc decoher increas interact distanceand quantum comput speed<ref ns0:type="simple" ns0:href="#xpointer(//reflist/entry[@id=%2254%22])" /></entry><entry level="1" type="bullet">photon quantum comput demonstr<ref ns0:type="simple" ns0:href="#xpointer(//reflist/entry[@id=%2255%22])" /></entry></list></p></ss1><ss1><st /><p><list><entry level="1" type="bullet">graphen quantum dot qubit<ref ns0:type="simple" ns0:href="#xpointer(//reflist/entry[@id=%2256%22])" /></entry><entry level="1" type="bullet">quantum bit store<ref ns0:type="simple" ns0:href="#xpointer(//reflist/entry[@id=%2257%22])" /></entry><entry level="1" type="bullet">qubitqutrit entangl demonstr<ref ns0:type="simple" ns0:href="#xpointer(//reflist/entry[@id=%2258%22])" /></entry><entry level="1" type="bullet">analog quantum comput devis<ref ns0:type="simple" ns0:href="#xpointer(//reflist/entry[@id=%2259%22])" /></entry><entry level="1" type="bullet">control quantum tunnel<ref ns0:type="simple" ns0:href="#xpointer(//reflist/entry[@id=%2260%22])" /></entry><entry level="1" type="bullet">entangl memori develop<ref ns0:type="simple" ns0:href="#xpointer(//reflist/entry[@id=%2261%22])" /></entry><entry level="1" type="bullet">superior gate develop<ref ns0:type="simple" ns0:href="#xpointer(//reflist/entry[@id=%2262%22])" /></entry><entry level="1" type="bullet">qutrit develop<ref ns0:type="simple" ns0:href="#xpointer(//reflist/entry[@id=%2263%22])" /></entry><entry level="1" type="bullet">quantum logic gate optic fiber<ref ns0:type="simple" ns0:href="#xpointer(//reflist/entry[@id=%2264%22])" /></entry><entry level="1" type="bullet">nanodiamond devis<ref ns0:type="simple" ns0:href="#xpointer(//reflist/entry[@id=%2265%22])" /></entry><entry level="1" type="bullet">superior quantum hall discov<ref ns0:type="simple" ns0:href="#xpointer(//reflist/entry[@id=%2266%22])" /></entry><entry level="1" type="bullet">endur spin quantum dot<ref ns0:type="simple" ns0:href="#xpointer(//reflist/entry[@id=%2267%22])" /></entry><entry level="1" type="bullet">molecular magnet propos quantum ram<ref ns0:type="simple" ns0:href="#xpointer(//reflist/entry[@id=%2268%22])" /></entry><entry level="1" type="bullet">quasiparticl offer hope stabl quantum comput<ref ns0:type="simple" ns0:href="#xpointer(//reflist/entry[@id=%2269%22])" /></entry><entry level="1" type="bullet">imag storag better storag qubit<ref ns0:type="simple" ns0:href="#xpointer(//reflist/entry[@id=%2270%22])" /></entry><entry level="1" type="bullet">quantum entangl imag<ref ns0:type="simple" ns0:href="#xpointer(//reflist/entry[@id=%2271%22])" /></entry><entry level="1" type="bullet">quantum intent alter molecul<ref ns0:type="simple" ns0:href="#xpointer(//reflist/entry[@id=%2272%22])" /></entry><entry level="1" type="bullet">electron posit control silicon circuit<ref ns0:type="simple" ns0:href="#xpointer(//reflist/entry[@id=%2273%22])" /></entry><entry level="1" type="bullet">superconduct electron circuit pump microwav photon<ref ns0:type="simple" ns0:href="#xpointer(//reflist/entry[@id=%2274%22])" /></entry><entry level="1" type="bullet">amplitud spectroscopi develop<ref ns0:type="simple" ns0:href="#xpointer(//reflist/entry[@id=%2275%22])" /></entry></list></p></ss1><sec><st>refer</st><p><reflist><entry id="1"><cite style="font-style:normal">monro meekhof dm king itano wm wineland dj decemb<weblink ns0:type="simple" ns0:href="http://tf.nist.gov/general/pdf/140.pdf">demonstr fundament quantum logic gate</weblink><it>physic review letter</it><document wordnetid="106470073" confidence="0.8"><written_communication wordnetid="106349220" confidence="0.8"><writing wordnetid="106362953" confidence="0.8"><link ns0:type="simple" ns0:href="../994/422994.xml">doi</link></writing></written_communication></document><weblink ns0:type="simple" ns0:href="http://dx.doi.org/10.1103%2FPhysRevLett.75.4714">physrevlett</weblink>retriev<link /></cite></entry><entry id="2">braunstein al<weblink ns0:type="simple" ns0:href="http://link.aps.org/abstract/PRL/v83/p1054">separ noisi mix implic nmr quantum comput</weblink>phi rev lett</entry><entry id="3">pittman fitch jacob franson<weblink ns0:type="simple" ns0:href="http://link.aps.org/abstract/PRA/v68/e032316">experiment controllednot logic gate singl photon coincid basi</weblink>phi rev</entry><entry id="4">obrien pryde white ralph bran<weblink ns0:type="simple" ns0:href="http://www.nature.com/nature/journal/v426/n6964/full/nature02054.html">demonstr allopt quantum controllednot gate</weblink>natur novemb</entry><entry id="5">httparxivorgpdfv</entry><entry id="6">dum bell<weblink ns0:type="simple" ns0:href="http://physicsweb.org/articles/news/9/11/13">breakthrough quantum measur</weblink>physicsweb retriev<link /></entry><entry id="7">januari<university wordnetid="108286163" confidence="0.9508927676800064"><link ns0:type="simple" ns0:href="../797/31797.xml">univers oxford</link></university><weblink ns0:type="simple" ns0:href="http://www.admin.ox.ac.uk/po/news/2005-06/jan/04a.shtml">bangbang step closer quantum supercomput</weblink>retriev<link /></entry><entry id="8"><link ns0:type="simple" ns0:href="../594/14965594.xml">jonathan dowl</link><weblink ns0:type="simple" ns0:href="http://www.nature.com/nature/journal/v439/n7079/full/439919a.html">comput comput</weblink>natur</entry><entry id="9">bell dum<weblink ns0:type="simple" ns0:href="http://physicsworld.com/cws/article/news/24285">entangl heat</weblink>physic februari</entry><entry id="10">februari<university wordnetid="108286163" confidence="0.9508927676800064"><link ns0:type="simple" ns0:href="../637/155637.xml">univers york</link></university><weblink ns0:type="simple" ns0:href="http://www.york.ac.uk/admin/presspr/pressreleases/kirkclone.htm">captain kirk clone eavesdropp</weblink><link ns0:type="simple" ns0:href="../097/304097.xml">press releas</link>retriev<link /></entry><entry id="11">march<weblink ns0:type="simple" ns0:href="http://www.softmachines.org/">soft machin</weblink><weblink ns0:type="simple" ns0:href="http://www.softmachines.org/wordpress/?p=215">best world organ semiconductor inorgan nanostructur</weblink>retriev<link /></entry><entry id="12">june<magazine wordnetid="106595351" confidence="0.9508927676800064"><link ns0:type="simple" ns0:href="../431/39431.xml">scientist</link></magazine>tom simonit<weblink ns0:type="simple" ns0:href="http://www.newscientisttech.com/article/dn9301-errorcheck-breakthrough-in-quantum-computing.html">errorcheck breakthrough quantum comput</weblink>retriev<link /></entry><entry id="13"><link ns0:type="simple" ns0:href="../874/10249874.xml">sciencedaili</link><weblink ns0:type="simple" ns0:href="http://www.sciencedaily.com/releases/2006/05/060508164700.htm">qubit reach quantum quest</weblink>retriev<link /></entry><entry id="14">juli<magazine wordnetid="106595351" confidence="0.9508927676800064"><link ns0:type="simple" ns0:href="../431/39431.xml">scientist</link></magazine>tom simonit<weblink ns0:type="simple" ns0:href="http://www.newscientisttech.com/article/dn9502-flat-ion-trap-holds-quantum-computing-promise.html">flat ion trap hold quantum comput promis</weblink>retriev<link /></entry><entry id="15">juli<computer wordnetid="103082979" confidence="0.8"><artifact wordnetid="100021939" confidence="0.8"><instrumentality wordnetid="103575240" confidence="0.8"><device wordnetid="103183080" confidence="0.8"><machine wordnetid="103699975" confidence="0.8"><web_site wordnetid="106359193" confidence="0.8"><link ns0:type="simple" ns0:href="../085/8813085.xml">physorgcom</link></web_site></machine></device></instrumentality></artifact></computer>luerweg frank<weblink ns0:type="simple" ns0:href="http://www.physorg.com/news71935118.html">quantum comput laser tweezer sort atom</weblink>retriev<link /></entry><entry id="17">august<weblink ns0:type="simple" ns0:href="http://www.newswiretoday.com/">newswiretoday</weblink>michael berger<weblink ns0:type="simple" ns0:href="http://www.newswiretoday.com/news/7723/">quantum dot molecul step quantum comput</weblink>retriev<link /></entry><entry id="16">august<magazine wordnetid="106595351" confidence="0.9508927676800064"><link ns0:type="simple" ns0:href="../431/39431.xml">scientist</link></magazine><weblink ns0:type="simple" ns0:href="http://www.newscientisttech.com/article.ns?id=dn9768 feedId=online-news_rss20">electronspin trick boost quantum comput</weblink>retriev<link /></entry><entry id="19">octob<magazine wordnetid="106595351" confidence="0.9508927676800064"><link ns0:type="simple" ns0:href="../431/39431.xml">scientist</link></magazine><cite style="font-style:normal">zeeya merali<weblink ns0:type="simple" ns0:href="http://www.newscientisttech.com/article/dn10226-spooky-steps-to-a-quantum-network.html">spooki step quantum network</weblink>retriev<link /></cite></entry><entry id="18">septemb<computer wordnetid="103082979" confidence="0.8"><artifact wordnetid="100021939" confidence="0.8"><instrumentality wordnetid="103575240" confidence="0.8"><device wordnetid="103183080" confidence="0.8"><machine wordnetid="103699975" confidence="0.8"><web_site wordnetid="106359193" confidence="0.8"><link ns0:type="simple" ns0:href="../085/8813085.xml">physorgcom</link></web_site></machine></device></instrumentality></artifact></computer><weblink ns0:type="simple" ns0:href="http://www.physorg.com/news76863086.html">spin theori particl spin bring scienc closer quantum comput</weblink>retriev<link /></entry><entry id="21">novemb<university wordnetid="108286163" confidence="0.9508927676800064"><link ns0:type="simple" ns0:href="../695/384695.xml">univers illinoi urbanachampaign</link></university>jame kloeppel<weblink ns0:type="simple" ns0:href="http://www.news.uiuc.edu/news/06/1102quantum.html">quantum coher incommensur electron system</weblink>retriev<link /></entry><entry id="20">octob<computer wordnetid="103082979" confidence="0.8"><artifact wordnetid="100021939" confidence="0.8"><instrumentality wordnetid="103575240" confidence="0.8"><device wordnetid="103183080" confidence="0.8"><machine wordnetid="103699975" confidence="0.8"><web_site wordnetid="106359193" confidence="0.8"><link ns0:type="simple" ns0:href="../085/8813085.xml">physorgcom</link></web_site></machine></device></instrumentality></artifact></computer>lisa zyga<weblink ns0:type="simple" ns0:href="http://physorg.com/news80896839.html">scientist method entangl macroscop object</weblink>retriev<link /></entry><entry id="23">januari<magazine wordnetid="106595351" confidence="0.9508927676800064"><link ns0:type="simple" ns0:href="../431/39431.xml">scientist</link></magazine>jeff hecht<weblink ns0:type="simple" ns0:href="http://www.newscientisttech.com/article/dn10911-nanoscopic-coaxial-cable-transmits-light.html">nanoscop coaxial cabl transmit light</weblink>retriev<link /></entry><entry id="22">novemb<computer wordnetid="103082979" confidence="0.8"><artifact wordnetid="100021939" confidence="0.8"><instrumentality wordnetid="103575240" confidence="0.8"><device wordnetid="103183080" confidence="0.8"><machine wordnetid="103699975" confidence="0.8"><web_site wordnetid="106359193" confidence="0.8"><link ns0:type="simple" ns0:href="../085/8813085.xml">physorgcom</link></web_site></machine></device></instrumentality></artifact></computer><weblink ns0:type="simple" ns0:href="http://physorg.com/news83163617.html">quantum comput step studi feasibl read data store nuclear spin</weblink>retriev<link /></entry><entry id="25">march<magazine wordnetid="106595351" confidence="0.9508927676800064"><link ns0:type="simple" ns0:href="../431/39431.xml">scientist</link></magazine>zeeya merali<weblink ns0:type="simple" ns0:href="http://www.newscientist.com/article.ns?id=mg19325954.200 feedId=fundamentals_rss20">univers stringnet liquid</weblink>retriev<link /></entry><entry id="24">februari<link>engin</link><weblink ns0:type="simple" ns0:href="http://www.e4engineering.com/Articles/298360/Toshiba+unveils+quantum+security.htm">toshiba unveil quantum secur</weblink>retriev<link /></entry><entry id="27">april<computer wordnetid="103082979" confidence="0.8"><artifact wordnetid="100021939" confidence="0.8"><instrumentality wordnetid="103575240" confidence="0.8"><device wordnetid="103183080" confidence="0.8"><machine wordnetid="103699975" confidence="0.8"><web_site wordnetid="106359193" confidence="0.8"><link ns0:type="simple" ns0:href="../085/8813085.xml">physorgcom</link></web_site></machine></device></instrumentality></artifact></computer>miranda marquit<weblink ns0:type="simple" ns0:href="http://www.physorg.com/news96107220.html">deutsch algorithm cluster quantum comput</weblink>retriev<link /></entry><entry id="26">march<institute wordnetid="108407330" confidence="0.8"><association wordnetid="108049401" confidence="0.8"><link ns0:type="simple" ns0:href="../753/614753.xml">max planck societi</link></association></institute><weblink ns0:type="simple" ns0:href="http://www.mpg.de/english/illustrationsDocumentation/documentation/pressReleases/2007/pressRelease200703091/index.html">singlephoton server atom</weblink><link ns0:type="simple" ns0:href="../097/304097.xml">press releas</link>retriev<link /></entry><entry id="29"><link>wire</link>cyru farivar<weblink ns0:type="simple" ns0:href="http://www.wired.com/science/discoveries/news/2007/05/quantumcoupling">wire tricki quantum comput</weblink>retriev<link /></entry><entry id="28">april<magazine wordnetid="106595351" confidence="0.9508927676800064"><link ns0:type="simple" ns0:href="../978/12416978.xml">electron weekli</link></magazine>steve bush<weblink ns0:type="simple" ns0:href="http://www.electronicsweekly.com/Articles/2007/04/19/41206/Cambridge+team+closer+to+working+quantum+computer.htm">cambridg team closer work quantum comput</weblink>retriev<link /></entry><entry id="31"><periodical wordnetid="106593296" confidence="0.9508927676800064"><link ns0:type="simple" ns0:href="../507/29507.xml">scientif american</link></periodical>jr minkel<weblink ns0:type="simple" ns0:href="http://www.sciam.com/article.cfm?articleId=959FBD96-E7F2-99DF-341F959A7DA2A292 chanId=sa013 modsrc=most_popular">spintron break silicon barrier</weblink>retriev<link /></entry><entry id="30"><weblink ns0:type="simple" ns0:href="http://media-newswire.com/">medianewswirecom</weblink><weblink ns0:type="simple" ns0:href="http://media-newswire.com/release_1049194.html">nec jst riken demonstr world control coupl qubit</weblink><link ns0:type="simple" ns0:href="../097/304097.xml">press releas</link>retriev<link /></entry><entry id="34">june<link>natur</link><cite style="font-style:normal">dutt demonstr controllednot quantum gate pair superconduct quantum bit<it>scienc</it><document wordnetid="106470073" confidence="0.8"><written_communication wordnetid="106349220" confidence="0.8"><writing wordnetid="106362953" confidence="0.8"><link ns0:type="simple" ns0:href="../994/422994.xml">doi</link></writing></written_communication></document><weblink ns0:type="simple" ns0:href="http://dx.doi.org/10.1038%2Fnature05896">natur</weblink>retriev<link /></cite></entry><entry id="35">june<magazine wordnetid="106595351" confidence="0.9508927676800064"><link ns0:type="simple" ns0:href="../431/39431.xml">scientist</link></magazine>mason inman<weblink ns0:type="simple" ns0:href="http://www.newscientisttech.com/article/dn12082-atom-trap-is-a-step-towards-a-quantum-computer-.html">atom trap step quantum comput</weblink>retriev<link /></entry><entry id="32"><computer wordnetid="103082979" confidence="0.8"><artifact wordnetid="100021939" confidence="0.8"><instrumentality wordnetid="103575240" confidence="0.8"><device wordnetid="103183080" confidence="0.8"><machine wordnetid="103699975" confidence="0.8"><web_site wordnetid="106359193" confidence="0.8"><link ns0:type="simple" ns0:href="../085/8813085.xml">physorgcom</link></web_site></machine></device></instrumentality></artifact></computer>lisa zyga<weblink ns0:type="simple" ns0:href="http://www.physorg.com/news99050442.html">scientist demonstr quantum exchang light matter</weblink>retriev<link /></entry><entry id="33">june<link>scienc</link><cite style="font-style:normal">dutt quantum regist base individu electron nuclear spin qubit diamond<it>scienc</it><document wordnetid="106470073" confidence="0.8"><written_communication wordnetid="106349220" confidence="0.8"><writing wordnetid="106362953" confidence="0.8"><link ns0:type="simple" ns0:href="../994/422994.xml">doi</link></writing></written_communication></document><weblink ns0:type="simple" ns0:href="http://dx.doi.org/10.1126%2Fscience.1139831">scienc</weblink>pmid retriev<link /></cite></entry><entry id="38">juli<computer wordnetid="103082979" confidence="0.8"><artifact wordnetid="100021939" confidence="0.8"><instrumentality wordnetid="103575240" confidence="0.8"><device wordnetid="103183080" confidence="0.8"><machine wordnetid="103699975" confidence="0.8"><web_site wordnetid="106359193" confidence="0.8"><link ns0:type="simple" ns0:href="../085/8813085.xml">physorgcom</link></web_site></machine></device></instrumentality></artifact></computer>miranda marquit<weblink ns0:type="simple" ns0:href="http://www.physorg.com/news104418332.html">indium arsenid provid clue quantum process</weblink>retriev<link /></entry><entry id="39">juli<link ns0:type="simple" ns0:href="../888/21888.xml">nation institut standard technolog</link><weblink ns0:type="simple" ns0:href="http://www.nist.gov/public_affairs/releases/quantum_gate.html">thousand atom swap spin partner quantum squar danc</weblink>retriev<link /></entry><entry id="36">june<weblink ns0:type="simple" ns0:href="http://www.nanowerk.com">nanowerkcom</weblink><weblink ns0:type="simple" ns0:href="http://www.nanowerk.com/news/newsid=2152.php">nuclear qubit point</weblink>retriev<link /></entry><entry id="37">juli<link ns0:type="simple" ns0:href="../874/10249874.xml">sciencedaili</link><weblink ns0:type="simple" ns0:href="http://www.sciencedaily.com/releases/2007/07/070726142010.htm">discoveri hidden quantum order improv prospect quantum super comput</weblink>retriev<link /></entry><entry id="42">august<link ns0:type="simple" ns0:href="../874/10249874.xml">sciencedaili</link><weblink ns0:type="simple" ns0:href="http://www.sciencedaily.com/releases/2007/08/070816143801.htm">comput breakthrough elev secur unpreced level</weblink>retriev<link /></entry><entry id="43">august<magazine wordnetid="106595351" confidence="0.9508927676800064"><link ns0:type="simple" ns0:href="../431/39431.xml">scientist</link></magazine>stephen battersbi<weblink ns0:type="simple" ns0:href="http://technology.newscientist.com/article/dn12516-blueprints-drawn-up-for-quantum-computer-ram.html">blueprint drawn quantum comput ram</weblink>retriev<link /></entry><entry id="40">august<computer wordnetid="103082979" confidence="0.8"><artifact wordnetid="100021939" confidence="0.8"><instrumentality wordnetid="103575240" confidence="0.8"><device wordnetid="103183080" confidence="0.8"><machine wordnetid="103699975" confidence="0.8"><web_site wordnetid="106359193" confidence="0.8"><link ns0:type="simple" ns0:href="../085/8813085.xml">physorgcom</link></web_site></machine></device></instrumentality></artifact></computer>lisa zyga<weblink ns0:type="simple" ns0:href="http://www.physorg.com/news106395871.html">ultrafast quantum comput optic control electron</weblink>retriev<link /></entry><entry id="41">august<magazine wordnetid="106595351" confidence="0.9508927676800064"><link ns0:type="simple" ns0:href="../978/12416978.xml">electron weekli</link></magazine>steve bush<weblink ns0:type="simple" ns0:href="http://www.electronicsweekly.com/Articles/2007/08/15/41988/research-points-way-to-qubits-on-standard-chips.htm">point qubit standard chip</weblink>retriev<link /></entry><entry id="46">septemb<weblink ns0:type="simple" ns0:href="http://www.huliq.com">huliqcom</weblink><weblink ns0:type="simple" ns0:href="http://www.huliq.com/34160/qubits-poised-to-reveal-our-secrets">qubit pois reveal secret</weblink>retriev<link /></entry><entry id="47">septemb<magazine wordnetid="106595351" confidence="0.9508927676800064"><link ns0:type="simple" ns0:href="../431/39431.xml">scientist</link></magazine>saswato da<weblink ns0:type="simple" ns0:href="http://technology.newscientist.com/article/dn12696-quantum-chip-rides-on-superconducting-bus.html">quantum chip ride superconduct bu</weblink>retriev<link /></entry><entry id="44">august<computer wordnetid="103082979" confidence="0.8"><artifact wordnetid="100021939" confidence="0.8"><instrumentality wordnetid="103575240" confidence="0.8"><device wordnetid="103183080" confidence="0.8"><machine wordnetid="103699975" confidence="0.8"><web_site wordnetid="106359193" confidence="0.8"><link ns0:type="simple" ns0:href="../085/8813085.xml">physorgcom</link></web_site></machine></device></instrumentality></artifact></computer><weblink ns0:type="simple" ns0:href="http://physorg.com/news107357370.html">photontransistor supercomput futur</weblink>retriev<link /></entry><entry id="45">septemb<university wordnetid="108286163" confidence="0.9508927676800064"><link ns0:type="simple" ns0:href="../740/31740.xml">univers michigan</link></university><weblink ns0:type="simple" ns0:href="http://www.ns.umich.edu/htdocs/releases/story.php?id=6016">physicist establish spooki quantum commun</weblink>retriev<link /></entry><entry id="51">octob<weblink ns0:type="simple" ns0:href="http://optics.org">opticsorg</weblink><weblink ns0:type="simple" ns0:href="http://optics.org/cws/article/journals/31503">singl electronspin memori semiconductor quantum dot</weblink>retriev<link /></entry><entry id="50">octob<weblink ns0:type="simple" ns0:href="http://www.tgdaily.com/">tg daili</weblink>rick hodgin<weblink ns0:type="simple" ns0:href="http://www.tgdaily.com/content/view/34244/113/">materi breakthrough bring quantum comput step closer</weblink>retriev<link /></entry><entry id="49">octob<magazine wordnetid="106595351" confidence="0.9508927676800064"><link ns0:type="simple" ns0:href="../978/12416978.xml">electron weekli</link></magazine>steve bush<weblink ns0:type="simple" ns0:href="http://www.electronicsweekly.com/Articles/2007/10/11/42346/qubit+transmission+signals+quantum+computing+advance.htm">qubit transmiss signal quantum comput advanc</weblink>retriev<link /></entry><entry id="48">septemb<link ns0:type="simple" ns0:href="../874/10249874.xml">sciencedaili</link><weblink ns0:type="simple" ns0:href="http://www.sciencedaily.com/releases/2007/09/070926172232.htm">superconduct quantum comput cabl creat</weblink>retriev<link /></entry><entry id="55">decemb<university wordnetid="108286163" confidence="0.9508927676800064"><link ns0:type="simple" ns0:href="../325/7955325.xml">univers toronto</link></university>kim luke<weblink ns0:type="simple" ns0:href="http://www.news.utoronto.ca/bin6/071219-3563.asp">scientist quantum comput leap step build quantum comput</weblink>retriev<link /></entry><entry id="54">decemb<computer wordnetid="103082979" confidence="0.8"><artifact wordnetid="100021939" confidence="0.8"><instrumentality wordnetid="103575240" confidence="0.8"><device wordnetid="103183080" confidence="0.8"><machine wordnetid="103699975" confidence="0.8"><web_site wordnetid="106359193" confidence="0.8"><link ns0:type="simple" ns0:href="../085/8813085.xml">physorgcom</link></web_site></machine></device></instrumentality></artifact></computer><weblink ns0:type="simple" ns0:href="http://www.physorg.com/news116696579.html">desktop devic gener trap rare ultracold molecul</weblink>retriev<link /></entry><entry id="53">novemb<weblink ns0:type="simple" ns0:href="http://www.nanowerk.com">nanowerkcom</weblink><weblink ns0:type="simple" ns0:href="http://www.nanowerk.com/news/newsid=3274.php">world qubit quantum comput demonstr onlin supercomput confer</weblink>retriev<link /></entry><entry id="52">novemb<magazine wordnetid="106595351" confidence="0.9508927676800064"><link ns0:type="simple" ns0:href="../431/39431.xml">scientist</link></magazine>stephen battersbi<weblink ns0:type="simple" ns0:href="http://www.newscientist.com/channel/fundamentals/quantum-world/dn12887-light-trap-is-a-step-towards-quantum-memory-.html">light trap step quantum memori</weblink>retriev<link /></entry><entry id="59">februari sciencedaili<weblink ns0:type="simple" ns0:href="http://www.sciencedaily.com/releases/2008/02/080221101910.htm">analog logic quantum comput</weblink>retriev<link /></entry><entry id="58">februari lisa zyga<weblink ns0:type="simple" ns0:href="http://www.physorg.com/news123244300.html">physicist demonstr qubitqutrit entangl</weblink>retriev<link /></entry><entry id="57">januari eetim europ<weblink ns0:type="simple" ns0:href="http://www.eetimes.com/news/latest/showArticle.jhtml?articleID=205918527">scientist succeed store quantum bit</weblink>retriev<link /></entry><entry id="56">januari miranda marquit<weblink ns0:type="simple" ns0:href="http://www.physorg.com/news119632225.htmlhttp://www.physorg.com/news119632225.htmlPhysOrg.comhttp://www.physorg.com/news119632225.html">graphen quantum dot solv quantum comput problem</weblink>retriev<link /></entry><entry id="63">april ray kurzweil<weblink ns0:type="simple" ns0:href="http://www.kurzweilai.net/news/frame.html?main=news_single.html?id%3D8354">qutrit breakthrough bring quantum comput closer</weblink>retriev<link /></entry><entry id="62">march joann fryer<weblink ns0:type="simple" ns0:href="http://www.eurekalert.org/pub_releases/2008-03/uob-scf032608.php">silicon chip optic quantum technolog</weblink>retriev<link /></entry><entry id="61">march ray kurzweil<weblink ns0:type="simple" ns0:href="http://www.kurzweilai.net/news/frame.html?main=news_single.html?id%3D8142">entangl memori</weblink>retriev<link /></entry><entry id="60">march zenaida gonzalez kotala<weblink ns0:type="simple" ns0:href="http://www.eurekalert.org/pub_releases/2008-03/uocf-fc030508.php">futur quantum comput will offer increas effici risk</weblink>retriev<link /></entry><entry id="68">chri lee<weblink ns0:type="simple" ns0:href="http://arstechnica.com/news.ars/post/20080527-molecular-magnets-in-soap-bubbles-could-lead-to-quantum-ram.html">molecular magnet soap bubbl lead quantum ram</weblink>retriev<link /></entry><entry id="69">june weizmann institut scienc<weblink ns0:type="simple" ns0:href="http://physorg.com/news131631206.html">scientist find quasiparticl</weblink>retriev<link /></entry><entry id="70">june lisa zyga<weblink ns0:type="simple" ns0:href="http://www.physorg.com/news133439288.html">physicist store imag vapor</weblink>retriev<link /></entry><entry id="71">june physorgcom<weblink ns0:type="simple" ns0:href="http://www.physorg.com/news133624014.html">physicist produc quantumentangl imag</weblink>retriev<link /></entry><entry id="64">april kate green<weblink ns0:type="simple" ns0:href="http://www.technologyreview.com/Infotech/20565/?a=f">quantum internet</weblink>retriev<link /></entry><entry id="65">april ehud rattner<weblink ns0:type="simple" ns0:href="http://www.tfot.info/news/1157/nano-diamonds-might-lead-to-quantum-computing.html">nanodiamond lead quantum comput</weblink>retriev<link /></entry><entry id="66">april princeton univers<weblink ns0:type="simple" ns0:href="http://physorg.com/news128261028.html">scientist discov exot quantum matter</weblink>retriev<link /></entry><entry id="67">bell dum<weblink ns0:type="simple" ns0:href="http://physicsworld.com/cws/article/news/34359">spin endur quantum dot</weblink>retriev<link /></entry><entry id="72">june steve talli<weblink ns0:type="simple" ns0:href="http://news.uns.purdue.edu/x/2008a/080626KlimeckArsenic.html">quantum comput breakthrough aris unknown molecul</weblink>retriev<link /></entry><entry id="73">juli lauren rugani<weblink ns0:type="simple" ns0:href="http://www.technologyreview.com/Infotech/21086/">quantum leap</weblink>retriev<link /></entry><entry id="74">august scienc daili<weblink ns0:type="simple" ns0:href="http://www.sciencedaily.com/releases/2008/08/080805150812.htm">breakthrough quantum mechan superconduct electron circuit pump microwav photon</weblink>retriev<link /></entry><entry id="75">septemb physorgcom<weblink ns0:type="simple" ns0:href="http://www.physorg.com/news139665168.html">probe aid quantum comput</weblink>retriev<link /></entry></reflist></p><p><table style=";" class="navbox" cellspacing="0"><row><col style="padding:2px;"><table style="width:100%;background:transparent;color:inherit;;" class="nowraplinks collapsible autocollapse " cellspacing="0"><row><header colspan="2" style=";" class="navbox-title"><link ns0:type="simple" ns0:href="../220/25220.xml">quantum comput</link></header></row><row style="height:2px;" /><row><col style=";;" class="navbox-group">gener</col><col style="text-align:left;border-left:2px solid #fdfdfd;width:100%;padding:0px;;;" class="navbox-list navbox-odd"><unit_of_measurement wordnetid="113583724" confidence="0.8"><definite_quantity wordnetid="113576101" confidence="0.8"><link ns0:type="simple" ns0:href="../284/25284.xml">qubit</link></definite_quantity></unit_of_measurement><physical_entity wordnetid="100001930" confidence="0.8"><person wordnetid="100007846" confidence="0.8"><model wordnetid="110324560" confidence="0.8"><assistant wordnetid="109815790" confidence="0.8"><worker wordnetid="109632518" confidence="0.8"><class wordnetid="107997703" confidence="0.8"><causal_agent wordnetid="100007347" confidence="0.8"><collection wordnetid="107951464" confidence="0.8"><group wordnetid="100031264" confidence="0.8"><link ns0:type="simple" ns0:href="../220/25220.xml">quantum comput</link></group></collection></causal_agent></class></worker></assistant></model></person></physical_entity><link ns0:type="simple" ns0:href="../274/25274.xml">quantum</link><paradigm wordnetid="113804375" confidence="0.8"><linguistic_relation wordnetid="113797142" confidence="0.8"><inflection wordnetid="113803782" confidence="0.8"><grammatical_relation wordnetid="113796779" confidence="0.8"><link ns0:type="simple" ns0:href="../644/2137644.xml">quantum program</link></grammatical_relation></inflection></linguistic_relation></paradigm><link ns0:type="simple" ns0:href="../878/1911878.xml">quantum virtual machin</link><record wordnetid="106647206" confidence="0.8"><chronology wordnetid="106503224" confidence="0.8"><indication wordnetid="106797169" confidence="0.8"><evidence wordnetid="106643408" confidence="0.8"><timeline wordnetid="106504965" confidence="0.8"><written_record wordnetid="106502378" confidence="0.8"><link ns0:type="simple" ns0:href="../911/191911.xml">timelin quantum comput</link></written_record></timeline></evidence></indication></chronology></record></col></row><row style="height:2px" /><row><col style=";;" class="navbox-group">quantum commun</col><col style="text-align:left;border-left:2px solid #fdfdfd;width:100%;padding:0px;;;" class="navbox-list navbox-even"><link ns0:type="simple" ns0:href="../550/1013550.xml">quantum channel</link><link ns0:type="simple" ns0:href="../910/51910.xml">quantum cryptographi</link><link ns0:type="simple" ns0:href="../280/25280.xml">quantum teleport</link><link ns0:type="simple" ns0:href="../431/3423431.xml">locc</link><link>entangl distil</link></col></row><row style="height:2px" /><row><col style=";;" class="navbox-group">quantum algorithmsquantum algorithm</col><col style="text-align:left;border-left:2px solid #fdfdfd;width:100%;padding:0px;;;" class="navbox-list navbox-odd"><link ns0:type="simple" ns0:href="../206/1136206.xml">univers quantum simul</link><event wordnetid="100029378" confidence="0.8"><rule wordnetid="105846932" confidence="0.8"><act wordnetid="100030358" confidence="0.8"><psychological_feature wordnetid="100023100" confidence="0.8"><procedure wordnetid="101023820" confidence="0.8"><activity wordnetid="100407535" confidence="0.8"><algorithm wordnetid="105847438" confidence="0.8"><link ns0:type="simple" ns0:href="../310/475310.xml">deutschjozsa algorithm</link></algorithm></activity></procedure></psychological_feature></act></rule></event><event wordnetid="100029378" confidence="0.8"><rule wordnetid="105846932" confidence="0.8"><act wordnetid="100030358" confidence="0.8"><psychological_feature wordnetid="100023100" confidence="0.8"><procedure wordnetid="101023820" confidence="0.8"><activity wordnetid="100407535" confidence="0.8"><algorithm wordnetid="105847438" confidence="0.8"><link ns0:type="simple" ns0:href="../498/58498.xml">grover search</link></algorithm></activity></procedure></psychological_feature></act></rule></event><event wordnetid="100029378" confidence="0.8"><rule wordnetid="105846932" confidence="0.8"><act wordnetid="100030358" confidence="0.8"><psychological_feature wordnetid="100023100" confidence="0.8"><procedure wordnetid="101023820" confidence="0.8"><activity wordnetid="100407535" confidence="0.8"><algorithm wordnetid="105847438" confidence="0.8"><link ns0:type="simple" ns0:href="../674/42674.xml">shor factor</link></algorithm></activity></procedure></psychological_feature></act></rule></event><event wordnetid="100029378" confidence="0.8"><rule wordnetid="105846932" confidence="0.8"><act wordnetid="100030358" confidence="0.8"><psychological_feature wordnetid="100023100" confidence="0.8"><procedure wordnetid="101023820" confidence="0.8"><activity wordnetid="100407535" confidence="0.8"><algorithm wordnetid="105847438" confidence="0.8"><link ns0:type="simple" ns0:href="../741/11876741.xml">simon algorithm</link></algorithm></activity></procedure></psychological_feature></act></rule></event><class wordnetid="107997703" confidence="0.8"><collection wordnetid="107951464" confidence="0.8"><group wordnetid="100031264" confidence="0.8"><link ns0:type="simple" ns0:href="../080/4080.xml">bqp</link></group></collection></class></col></row><row style="height:2px" /><row><col style=";;" class="navbox-group">quantum comput model</col><col style="text-align:left;border-left:2px solid #fdfdfd;width:100%;padding:0px;;;" class="navbox-list navbox-even"><physical_entity wordnetid="100001930" confidence="0.8"><person wordnetid="100007846" confidence="0.8"><model wordnetid="110324560" confidence="0.8"><assistant wordnetid="109815790" confidence="0.8"><worker wordnetid="109632518" confidence="0.8"><causal_agent wordnetid="100007347" confidence="0.8"><link ns0:type="simple" ns0:href="../404/707404.xml">quantum circuit</link></causal_agent></worker></assistant></model></person></physical_entity><link ns0:type="simple" ns0:href="../587/888587.xml">quantum gate</link><link ns0:type="simple" ns0:href="../296/14240296.xml">oneway quantum comput</link><link ns0:type="simple" ns0:href="../236/14241236.xml">cluster</link><statement wordnetid="106722453" confidence="0.8"><message wordnetid="106598915" confidence="0.8"><theorem wordnetid="106752293" confidence="0.8"><proposition wordnetid="106750804" confidence="0.8"><link ns0:type="simple" ns0:href="../313/14436313.xml">adiabat quantum comput</link></proposition></theorem></message></statement></col></row><row style="height:2px" /><row><col style=";;" class="navbox-group"><link ns0:type="simple" ns0:href="../732/185732.xml">decoher</link>prevent</col><col style="text-align:left;border-left:2px solid #fdfdfd;width:100%;padding:0px;;;" class="navbox-list navbox-odd"><link ns0:type="simple" ns0:href="../803/892803.xml">quantum error correct</link><link ns0:type="simple" ns0:href="../518/4496518.xml">topolog quantum comput</link></col></row><row style="height:2px" /><row><col colspan="2" style="width:100%;padding:0px;;;" class="navbox-list navbox-even">physic implement</col></row><row style="height:2px" /><row><col style=";;" class="navbox-group"><link ns0:type="simple" ns0:href="../955/658955.xml">quantum optic</link></col><col style="text-align:left;border-left:2px solid #fdfdfd;width:100%;padding:0px;;;" class="navbox-list navbox-odd"><link>linear optic qc</link><link ns0:type="simple" ns0:href="../854/16553854.xml">caviti qed</link></col></row><row style="height:2px" /><row><col style=";;" class="navbox-group"><link ns0:type="simple" ns0:href="../385/6393385.xml">ultracold atom</link></col><col style="text-align:left;border-left:2px solid #fdfdfd;width:100%;padding:0px;;;" class="navbox-list navbox-even"><link ns0:type="simple" ns0:href="../183/2095183.xml">trap ion quantum comput</link><organ wordnetid="105297523" confidence="0.8"><sense_organ wordnetid="105299178" confidence="0.8"><part wordnetid="109385911" confidence="0.8"><eye wordnetid="105311054" confidence="0.8"><body_part wordnetid="105220461" confidence="0.8"><link ns0:type="simple" ns0:href="../688/3800688.xml">optic lattic</link></body_part></eye></part></sense_organ></organ></col></row><row style="height:2px" /><row><col style=";;" class="navbox-group"><idea wordnetid="105833840" confidence="0.8"><concept wordnetid="105835747" confidence="0.8"><link ns0:type="simple" ns0:href="../829/19593829.xml">spin</link></concept></idea>base</col><col style="text-align:left;border-left:2px solid #fdfdfd;width:100%;padding:0px;;;" class="navbox-list navbox-odd"><link ns0:type="simple" ns0:href="../727/5080727.xml">nuclear magnet reson nmr quantum comput</link><link ns0:type="simple" ns0:href="../479/537479.xml">kane qc</link><link ns0:type="simple" ns0:href="../660/8481660.xml">lossdivincenzo quantum dot qc</link></col></row><row style="height:2px" /><row><col style=";;" class="navbox-group" /><col style="text-align:left;border-left:2px solid #fdfdfd;width:100%;padding:0px;;;" class="navbox-list navbox-even"><link ns0:type="simple" ns0:href="../328/1730328.xml">superconduct quantum comput</link><link ns0:type="simple" ns0:href="../983/977983.xml">charg qubit</link><link ns0:type="simple" ns0:href="../042/5260042.xml">flux qubit</link><link ns0:type="simple" ns0:href="../309/14461309.xml">nitrogenvac center</link></col></row></table></col></row></table></p></sec></bdy></written_record></timeline></evidence></indication></chronology></record></article>