<article xmlns:ns0="http://www.w3.org/1999/xlink"><header><title>distribut hash tabl</title><id /><revision><id /><timestamp>tz</timestamp><contributor><username>xiong chiamiov</username><id /></contributor></revision><categories><category>file share</category><category>distribut data share</category><category>distribut comput</category></categories></header><bdy><b>distribut hash tabl</b><b>dht</b>class decentr<link ns0:type="simple" ns0:href="../501/8501.xml">distribut system</link>provid lookup servic<link ns0:type="simple" ns0:href="../833/13833.xml">hash tabl</link><it /><it />pair store dht particip<link ns0:type="simple" ns0:href="../116/998116.xml">node</link>effici retriev associ respons maintain map name valu distribut node chang set particip minim amount disrupt allow dht<link ns0:type="simple" ns0:href="../529/185529.xml">scale</link>extrem larg number node handl continu node arriv departur failur<p>dht form infrastructur build complex servic<link ns0:type="simple" ns0:href="../343/8787343.xml">distribut file system</link><link ns0:type="simple" ns0:href="../107/24107.xml">peertop</link><link ns0:type="simple" ns0:href="../797/18949797.xml">file share</link><link ns0:type="simple" ns0:href="../710/53710.xml">content distribut</link>system cooper<link ns0:type="simple" ns0:href="../719/437719.xml">web cach</link><link ns0:type="simple" ns0:href="../407/20407.xml">multicast</link><link ns0:type="simple" ns0:href="../545/387545.xml">anycast</link><link ns0:type="simple" ns0:href="../339/8339.xml">domain servic</link><link ns0:type="simple" ns0:href="../951/55951.xml">instant messag</link>notabl distribut network dht includ<message wordnetid="106598915" confidence="0.8"><information wordnetid="106634376" confidence="0.8"><protocol wordnetid="106665108" confidence="0.8"><direction wordnetid="106786629" confidence="0.8"><rule wordnetid="106652242" confidence="0.8"><format wordnetid="106636806" confidence="0.8"><link ns0:type="simple" ns0:href="../098/239098.xml">bittorr</link></format></rule></direction></protocol></information></message>extens<link ns0:type="simple" ns0:href="../283/1755283.xml">edonkey network</link><software wordnetid="106566077" confidence="0.9508927676800064"><link ns0:type="simple" ns0:href="../033/2315033.xml">yaci</link></software><link ns0:type="simple" ns0:href="../145/989145.xml">coral content distribut network</link></p><sec><st>histori</st><p>dht origin motiv<link ns0:type="simple" ns0:href="../107/24107.xml">peertop</link>system<link ns0:type="simple" ns0:href="../113/21113.xml">napster</link><message wordnetid="106598915" confidence="0.8"><protocol wordnetid="106665108" confidence="0.8"><direction wordnetid="106786629" confidence="0.8"><rule wordnetid="106652242" confidence="0.8"><link ns0:type="simple" ns0:href="../856/11856.xml">gnutella</link></rule></direction></protocol></message><software wordnetid="106566077" confidence="0.9508927676800064"><link ns0:type="simple" ns0:href="../997/10997.xml">freenet</link></software>advantag resourc distribut internet provid singl applic advantag increas<link ns0:type="simple" ns0:href="../827/15612827.xml">bandwidth</link><link ns0:type="simple" ns0:href="../777/13777.xml">hard disk</link>capac provid file share servic</p><p>system differ<it />data peer contain<list><entry level="1" type="bullet">napster central server node join send list local held file server perform search refer querier node held central compon left system vulner attack lawsuit</entry><entry level="1" type="bullet">gnutella network move flood queri modelin essenc search result messag broadcast machin network avoid<link ns0:type="simple" ns0:href="../836/1724836.xml">singl point failur</link>method effici napster</entry><entry level="1" type="bullet">final freenet fulli distribut employ heurist<link ns0:type="simple" ns0:href="../792/1014792.xml">key base rout</link>file associ key file tend cluster set node queri rout network cluster need visit peer freenet guarante data</entry></list></p><p>distribut hash tabl structur key base rout order attain decentr gnutella freenet effici guarante napster drawback freenet dht directli support exactmatch search keyword search function layer top dht</p><p>dht<link ns0:type="simple" ns0:href="../471/1963471.xml" /><link ns0:type="simple" ns0:href="../132/322132.xml">chord</link><ref ns0:type="simple" ns0:href="#xpointer(//reflist/entry[@id=%221%22])" /><link ns0:type="simple" ns0:href="../273/5200273.xml">pastri</link><link ns0:type="simple" ns0:href="../684/5440684.xml">tapestri</link>introduc time area activ academia dht technolog compon<message wordnetid="106598915" confidence="0.8"><information wordnetid="106634376" confidence="0.8"><protocol wordnetid="106665108" confidence="0.8"><direction wordnetid="106786629" confidence="0.8"><rule wordnetid="106652242" confidence="0.8"><format wordnetid="106636806" confidence="0.8"><link ns0:type="simple" ns0:href="../098/239098.xml">bittorr</link></format></rule></direction></protocol></information></message><link ns0:type="simple" ns0:href="../145/989145.xml">coral content distribut network</link></p></sec><sec><st>properti</st><p>dht characterist emphas properti</p><p><list><entry level="1" type="bullet"><link ns0:type="simple" ns0:href="../139/49139.xml">decentr</link>node collect form system central coordin</entry><entry level="1" type="bullet"><link ns0:type="simple" ns0:href="../529/185529.xml">scalabl</link>system function effici thousand million node</entry><entry level="1" type="bullet"><link ns0:type="simple" ns0:href="../720/2573720.xml">fault toler</link>system reliabl sens node continu join leav fail</entry></list></p><p>key techniqu achiev goal node coordin node system commonli<link ns0:type="simple" ns0:href="../578/44578.xml"><math>thetalog</math></link><math />particip limit amount work chang membership</p><p>dht design seek<link ns0:type="simple" ns0:href="../568/562568.xml">secur</link>malici particip allow particip remain<link ns0:type="simple" ns0:href="../382/181382.xml">anonym</link>common<link ns0:type="simple" ns0:href="../107/24107.xml">peertop</link><link ns0:type="simple" ns0:href="../797/18949797.xml">file share</link>system<link ns0:type="simple" ns0:href="../322/454322.xml">anonym</link></p><p>final dht deal tradit distribut system issu<link ns0:type="simple" ns0:href="../118/61118.xml">load balanc</link><link ns0:type="simple" ns0:href="../995/40995.xml">data integr</link>perform ensur oper rout data storag retriev complet</p></sec><sec><st>structur</st><p>structur dht decompos main compon<ref ns0:type="simple" ns0:href="#xpointer(//reflist/entry[@id=%222%22])" /><ref ns0:type="simple" ns0:href="#xpointer(//reflist/entry[@id=%223%22])" />foundat abstract<b>keyspac</b>set bit<link ns0:type="simple" ns0:href="../701/27701.xml">string</link>number bit paramet dht vari<b>keyspac partit</b>scheme split ownership keyspac particip node<b>overlay network</b>connect node allow find owner key keyspac</p><p>compon place typic dht storag retriev proceed suppos keyspac set bit string store file<math>filenam</math><math>data</math>dht<mathematical_relation wordnetid="113783581" confidence="0.8"><function wordnetid="113783816" confidence="0.8"><link ns0:type="simple" ns0:href="../672/26672.xml">sha hash</link></function></mathematical_relation><math>filenam</math>produc bit key<math />messag<math>putk data</math>node particip dht messag forward node node overlay network reach singl node respons key<math />keyspac partit pair<math>data</math>store client retriev content file hash<math>filenam</math>produc<math />dht node find data associ<math />messag<math>getk</math>messag will rout overlay node respons<math />will repli store<math>data</math></p><p>keyspac partit overlay network compon describ goal captur princip idea common dht design differ detail</p><ss1><st>keyspac partit</st><p>dht variant<link ns0:type="simple" ns0:href="../041/2434041.xml">consist hash</link>map node techniqu employ function<math>deltak_ k_</math>defin abstract notion<it>distanc</it>key<math>k_</math>key<math>k_</math>unrel geograph<link ns0:type="simple" ns0:href="../378/39378.xml">distanc</link>network<idea wordnetid="105833840" confidence="0.8"><concept wordnetid="105835747" confidence="0.8"><link ns0:type="simple" ns0:href="../933/17933.xml">latenc</link></concept></idea>node assign singl key call<it>identifi</it>node<math />own<math />closest measur<math>delta</math></p><p><b>exampl</b><link ns0:type="simple" ns0:href="../132/322132.xml">chord</link>dht treat point circl<math>deltak_ k_</math>distanc travel clockwis circl<math>k_</math><math>k_</math>circular keyspac split contigu segment endpoint node identifi<math>i_</math><math>i_</math>adjac id node<math>i_</math>own fall<math>i_</math><math>i_</math></p><p>consist hash essenti properti remov addit node chang set own node adjac id leav node unaffect contrast tradit<link ns0:type="simple" ns0:href="../833/13833.xml">hash tabl</link>addit remov bucket entir keyspac remap chang ownership typic correspond<link ns0:type="simple" ns0:href="../827/15612827.xml">bandwidth</link>intens movement object store dht node minim reorgan requir effici support high rate churn node arriv failur</p></ss1><ss1><st>overlay network</st><p>node maintain set<link ns0:type="simple" ns0:href="../996/40996.xml">link</link>node<it>neighbor</it><link ns0:type="simple" ns0:href="../043/48043.xml">rout tabl</link>link form<link ns0:type="simple" ns0:href="../669/1014669.xml">overlay network</link>node pick neighbor structur call<link ns0:type="simple" ns0:href="../413/41413.xml">network topolog</link></p><p>dht topolog share variant essenti properti key<math />node own<math />link node<it>closer</it><math />term keyspac distanc defin easi rout messag owner key<math /><link ns0:type="simple" ns0:href="../247/89247.xml">greedi algorithm</link>step forward messag neighbor closest<math />neighbor arriv closest node owner<math />defin style rout call<link ns0:type="simple" ns0:href="../792/1014792.xml">key base rout</link></p><p>basic rout correct constraint topolog guarante maximum number hop rout rout length low request complet maximum number neighbor node maximum node<link ns0:type="simple" ns0:href="../448/1374448.xml">degre</link>low mainten overhead excess cours shorter rout requir higher maximum degre common choic maximum degre rout length<math />number node dht<link ns0:type="simple" ns0:href="../578/44578.xml">big notat</link></p><p><list><entry level="1" type="bullet">degre<math />rout length<math>olog</math></entry><entry level="1" type="bullet">degre<math>olog</math>rout length<math>olog log log</math></entry><entry level="1" type="bullet">degre<math>olog</math>rout length<math>olog</math></entry><entry level="1" type="bullet">degre<math />rout length<math /></entry></list></p><p>third choic common optim term degreerout length tradeoff topolog typic allow flexibl choic neighbor dht flexibl pick neighbor close term latenc physic underli network</p><p>maximum rout length close<link ns0:type="simple" ns0:href="../021/1020021.xml">diamet</link>maximum number hop shortest path node clearli network rout length larg diamet dht limit degreediamet tradeoff<ref ns0:type="simple" ns0:href="#xpointer(//reflist/entry[@id=%224%22])" />fundament<link ns0:type="simple" ns0:href="../401/12401.xml">graph theori</link>rout length greater diamet greedi rout algorithm find shortest path<ref ns0:type="simple" ns0:href="#xpointer(//reflist/entry[@id=%225%22])" /></p></ss1><ss1><st>algorithm overlay network</st><p>rout exist algorithm exploit structur overlay network send messag node subset node dht<ref ns0:type="simple" ns0:href="#xpointer(//reflist/entry[@id=%226%22])" />algorithm applic overlay multicast rang queri collect statist</p></ss1></sec><sec><st>real dht differ improv basic scheme</st><p>notabl differ encount real dht implement includ<list><entry level="1" type="bullet">number bit address space width address space paramet dht real dht run bit space</entry><entry level="1" type="bullet">realworld dht hash function sha</entry><entry level="1" type="bullet">real key<math />hash file<math>content</math>hash<math>filenam</math>allow find file content renam file abil find file dht</entry><entry level="1" type="bullet">dht publish object type exampl key<math />node<math />associ data describ contact node allow public presenc applic simplest case<math />random number directli key<math />bit dht<math />will bit number randomli chosen dht publish node id optim dht oper</entry><entry level="1" type="bullet">key<math />store exactli node correspond key redund improv dht reliabl select node real dht algorithm select<math />suitabl node implement specif paramet dht reflect dht redund dht design node agre handl keyspac rang hardcod dynam chosen</entry><entry level="1" type="bullet">advanc dht<link ns0:type="simple" ns0:href="../895/532895.xml">kademlia</link>iter lookup dht select set suitabl node send<math>putk data</math>messag node drastic reduc useless traffic publish messag node suitabl store key<math />iter lookup touch node dht useless forward elimin dht forward<math>putk data</math>messag occur selfheal algorithm target node receiv<math>putk data</math>messag believ key<math />handl rang closer term dht keyspac node messag forward node data index local lead selfbalanc dht behavior cours algorithm requir node publish presenc data dht allow mention iter lookup node dht send<math>putk data</math>messag</entry></list></p></sec><sec><st>exampl</st><ss1><st>dht protocol implement</st><p><list><entry level="1" type="bullet"><link ns0:type="simple" ns0:href="../471/1963471.xml" />content address network</entry><entry level="1" type="bullet"><link ns0:type="simple" ns0:href="../132/322132.xml">chord</link></entry><entry level="1" type="bullet"><link ns0:type="simple" ns0:href="../895/532895.xml">kademlia</link></entry><entry level="1" type="bullet"><link ns0:type="simple" ns0:href="../273/5200273.xml">pastri</link></entry><entry level="1" type="bullet"><link ns0:type="simple" ns0:href="../180/944180.xml">pgrid</link></entry><entry level="1" type="bullet"><link ns0:type="simple" ns0:href="../684/5440684.xml">tapestri</link></entry></list></p></ss1><ss1><st>applic employ dht</st><p><list><entry level="1" type="bullet">adeona<weblink ns0:type="simple" ns0:href="http://adeona.cs.washington.edu">httpadeonacswashingtonedu</weblink>free open sourc system help track recov lost stolen laptop</entry><entry level="1" type="bullet"><message wordnetid="106598915" confidence="0.8"><information wordnetid="106634376" confidence="0.8"><protocol wordnetid="106665108" confidence="0.8"><direction wordnetid="106786629" confidence="0.8"><rule wordnetid="106652242" confidence="0.8"><format wordnetid="106636806" confidence="0.8"><link ns0:type="simple" ns0:href="../098/239098.xml">bittorr</link></format></rule></direction></protocol></information></message>file distribut bittorr option dht distribut tracker provid rendezv client download file<work wordnetid="100575741" confidence="0.8"><examination wordnetid="100635850" confidence="0.8"><event wordnetid="100029378" confidence="0.8"><investigation wordnetid="100633864" confidence="0.8"><act wordnetid="100030358" confidence="0.8"><psychological_feature wordnetid="100023100" confidence="0.8"><comparison wordnetid="100142665" confidence="0.8"><activity wordnetid="100407535" confidence="0.8"><link ns0:type="simple" ns0:href="../497/9160497.xml">bittorr client</link></activity></comparison></psychological_feature></act></investigation></event></examination></work></entry><entry level="1" type="bullet"><system wordnetid="104377057" confidence="0.8"><artifact wordnetid="100021939" confidence="0.8"><instrumentality wordnetid="103575240" confidence="0.8"><link ns0:type="simple" ns0:href="../867/17712867.xml">circl</link></instrumentality></artifact></system>file share chat</entry><entry level="1" type="bullet"><link ns0:type="simple" ns0:href="../091/3725091.xml">codeen</link>web cach</entry><entry level="1" type="bullet"><link ns0:type="simple" ns0:href="../145/989145.xml">coral content distribut network</link></entry><entry level="1" type="bullet"><link>cspace</link>secur commun platform</entry><entry level="1" type="bullet"><link ns0:type="simple" ns0:href="../513/1230513.xml">dijjer</link>freenetlik distribut network</entry><entry level="1" type="bullet"><link ns0:type="simple" ns0:href="../202/5464202.xml">emul</link>file share</entry><entry level="1" type="bullet"><software wordnetid="106566077" confidence="0.9508927676800064"><link ns0:type="simple" ns0:href="../936/11570936.xml">faroo</link></software>peertop web search engin</entry><entry level="1" type="bullet"><software wordnetid="106566077" confidence="0.9508927676800064"><link ns0:type="simple" ns0:href="../685/293685.xml">gnunet</link></software><weblink ns0:type="simple" ns0:href="http://gnunet.org/protocol_p2p_dht.php3?xlang=English">httpgnunetorgprotocol_pp_dhtphpxlangenglish</weblink>freenetlik distribut network</entry><entry level="1" type="bullet"><software wordnetid="106566077" confidence="0.9508927676800064"><link ns0:type="simple" ns0:href="../434/538434.xml">ip</link></software>anonym network</entry><entry level="1" type="bullet"><software wordnetid="106566077" confidence="0.9508927676800064"><link ns0:type="simple" ns0:href="../828/217828.xml">jxta</link></software>opensourc platform</entry><entry level="1" type="bullet"><software wordnetid="106566077" confidence="0.9508927676800064"><link ns0:type="simple" ns0:href="../956/17956.xml">limewir</link></software>file share network<weblink ns0:type="simple" ns0:href="http://limewire.com">httplimewirecom</weblink>builtin java applet call mojito dht</entry><entry level="1" type="bullet"><link ns0:type="simple" ns0:href="../112/1044112.xml">neonet</link>file share</entry><entry level="1" type="bullet"><link ns0:type="simple" ns0:href="../135/336135.xml">overnet</link>file share</entry><entry level="1" type="bullet"><software wordnetid="106566077" confidence="0.9508927676800064"><link ns0:type="simple" ns0:href="../217/2724217.xml">warez</link></software>file share</entry><entry level="1" type="bullet"><software wordnetid="106566077" confidence="0.9508927676800064"><link ns0:type="simple" ns0:href="../033/2315033.xml">yaci</link></software>distribut<artifact wordnetid="100021939" confidence="0.8"><instrumentality wordnetid="103575240" confidence="0.8"><engine wordnetid="103287733" confidence="0.8"><motor wordnetid="103789946" confidence="0.8"><device wordnetid="103183080" confidence="0.8"><machine wordnetid="103699975" confidence="0.8"><link ns0:type="simple" ns0:href="../023/4059023.xml">search engin</link></machine></device></motor></engine></instrumentality></artifact></entry></list></p></ss1></sec><sec><st /><p><list><entry level="1" type="bullet"><link ns0:type="simple" ns0:href="../720/437720.xml">memcach</link>highperform distribut memori object cach system</entry><entry level="1" type="bullet"><link ns0:type="simple" ns0:href="../493/11576493.xml">prefix hash tree</link>sophist queri dht</entry></list></p></sec><sec><st>refer</st><p><reflist><entry id="1">hari balakrishnan fran kaashoek david karger<physical_entity wordnetid="100001930" confidence="0.8"><expert wordnetid="109617867" confidence="0.8"><person wordnetid="100007846" confidence="0.8"><specialist wordnetid="110631941" confidence="0.8"><causal_agent wordnetid="100007347" confidence="0.8"><scientist wordnetid="110560637" confidence="0.8"><research_worker wordnetid="110523076" confidence="0.8"><link ns0:type="simple" ns0:href="../339/230339.xml">robert morri</link></research_worker></scientist></causal_agent></specialist></person></expert></physical_entity>ion stoica<weblink ns0:type="simple" ns0:href="http://www.project-iris.net/irisbib/papers/dht:cacm03/paper.pdf">data system</weblink><work wordnetid="104599396" confidence="0.8"><product wordnetid="104007894" confidence="0.8"><creation wordnetid="103129123" confidence="0.8"><artifact wordnetid="100021939" confidence="0.8"><periodical wordnetid="106593296" confidence="0.8"><publication wordnetid="106589574" confidence="0.8"><link ns0:type="simple" ns0:href="../161/291161.xml">commun acm</link></publication></periodical></artifact></creation></product></work>februari</entry><entry id="2">moni naor udi wieder<weblink ns0:type="simple" ns0:href="http://www.wisdom.weizmann.ac.il/~naor/PAPERS/dh.pdf">novel architectur applic continuousdiscret approach</weblink>proc spaa</entry><entry id="3">gurmeet singh manku<weblink ns0:type="simple" ns0:href="http://www-db.stanford.edu/~manku/phd/index.html">dipsea modular distribut hash tabl</weblink>ph thesi stanford univers august</entry><entry id="4"><weblink ns0:type="simple" ns0:href="http://maite71.upc.es/grup_de_grafs/table_g.html">degreediamet problem graph</weblink></entry><entry id="5">gurmeet singh manku moni naor udi wieder<weblink ns0:type="simple" ns0:href="http://citeseer.ist.psu.edu/naor04know.html">thi neighbor neighbor power lookahead random network</weblink>proc stoc</entry><entry id="6">ali ghodsi<weblink ns0:type="simple" ns0:href="http://www.sics.se/~ali/thesis/">distribut kari system algorithm distribut hash tabl</weblink>kthroyal institut technolog</entry></reflist></p></sec><sec><st>extern link</st><p><list><entry level="1" type="bullet"><weblink ns0:type="simple" ns0:href="http://linuxjournal.com/article/6797">distribut hash tabl</weblink>brandon wiley</entry><entry level="1" type="bullet"><weblink ns0:type="simple" ns0:href="http://deim.urv.cat/~cpairot/dhts.html">distribut hash tabl link</weblink>carl pairot dht</entry><entry level="1" type="bullet"><weblink ns0:type="simple" ns0:href="http://developer.gemstone.com/display/gfedev/Topologies+and+Caching+Architectures">gemston gemfir</weblink>support dht option redund high avail</entry><entry level="1" type="bullet"><weblink ns0:type="simple" ns0:href="http://wiki.tangosol.com/display/COH32UG/Partitioned+Cache+Service">tangosol coher</weblink>includ structur dht node knowledg particip</entry><entry level="1" type="bullet"><weblink ns0:type="simple" ns0:href="http://web.archive.org/web/*/http://kademlia.scs.cs.nyu.edu/">kademliascscsnyuedu</weblink>archiveorg snapshot kademliascscsnyuedu</entry><entry level="1" type="bullet"><weblink ns0:type="simple" ns0:href="http://www.opendht.org">open dht</weblink>publicli access distribut hash tabl dht servic</entry><entry level="1" type="bullet"><weblink ns0:type="simple" ns0:href="http://www.cacheonix.com">cacheonix</weblink>approach dht replic better failuretoler</entry><entry level="1" type="bullet"><weblink ns0:type="simple" ns0:href="http://www.hazelcast.com">hazelcast</weblink>partit dht implement</entry></list></p></sec></bdy></article>