<article xmlns:ns0="http://www.w3.org/1999/xlink"><header><title>collect action</title><id /><revision><id /><timestamp>tz</timestamp><contributor><username>andreasmperu</username><id /></contributor></revision><categories><category>sociolog</category><category>polit scienc</category><category>commun build</category><category>public choic theori</category></categories></header><bdy>collect action pursuit goal set goal person term formul theori area social scienc<sec><st>sociolog</st><p>explan social movement inquiri collect action involv examin factor set standard social integr well factor lead standard devianc conflict explan collect action sociolog will involv explan thing dissimilar collect action time place theori collect action emphasis group behavior sens link social<link ns0:type="simple" ns0:href="../833/294833.xml">institut</link></p></sec><sec><st>polit scienc econom</st><p>econom theori collect action concern<link ns0:type="simple" ns0:href="../931/8879931.xml">provis</link><link ns0:type="simple" ns0:href="../155/173155.xml">public good</link>collect consumpt<link ns0:type="simple" ns0:href="../330/303330.xml">collabor</link>individu impact<link ns0:type="simple" ns0:href="../193/61193.xml">extern</link>group behavior commonli refer<link ns0:type="simple" ns0:href="../256/51256.xml">public choic</link>foundat work collect action econom sens<scientist wordnetid="110560637" confidence="0.9508927676800064"><link ns0:type="simple" ns0:href="../354/26354.xml">ronald coas</link></scientist>natur firm introduc concept transact cost explain size firm problem social cost<physical_entity wordnetid="100001930" confidence="0.8"><economist wordnetid="110043643" confidence="0.8"><communicator wordnetid="109610660" confidence="0.8"><person wordnetid="100007846" confidence="0.8"><social_scientist wordnetid="110619642" confidence="0.8"><causal_agent wordnetid="100007347" confidence="0.8"><scientist wordnetid="110560637" confidence="0.8"><writer wordnetid="110794014" confidence="0.8"><link ns0:type="simple" ns0:href="../116/1287116.xml">mancur olson</link></writer></scientist></causal_agent></social_scientist></person></communicator></economist></physical_entity>book</p><p>olson theori explor<link ns0:type="simple" ns0:href="../754/68754.xml">market failur</link>individu<link ns0:type="simple" ns0:href="../042/83042.xml">consum ration</link>firm profitseek lead<link ns0:type="simple" ns0:href="../932/582932.xml">effici</link>provis public good level provis provid higher<link ns0:type="simple" ns0:href="../479/45479.xml">util</link>lower cost</p><p>note theori challeng<link ns0:type="simple" ns0:href="../909/308909.xml">invis hand</link>principl<person wordnetid="100007846" confidence="0.9508927676800064"><philosopher wordnetid="110423589" confidence="0.9508927676800064"><link ns0:type="simple" ns0:href="../814/1814.xml">adam smith</link></philosopher></person>limit domain principl appli pure<link ns0:type="simple" ns0:href="../275/1139275.xml">privat good</link>ideal<link ns0:type="simple" ns0:href="../002/23002.xml">competit market</link>pursuit selfinterest effici</p><p>econom theori applic<link ns0:type="simple" ns0:href="../388/24388.xml">polit scienc</link><link ns0:type="simple" ns0:href="../981/18717981.xml">sociolog</link><link ns0:type="simple" ns0:href="../569/569.xml">anthropolog</link><link ns0:type="simple" ns0:href="../009/1866009.xml">environment</link></p><ss1><st>exploit great small</st><p><physical_entity wordnetid="100001930" confidence="0.8"><economist wordnetid="110043643" confidence="0.8"><communicator wordnetid="109610660" confidence="0.8"><person wordnetid="100007846" confidence="0.8"><social_scientist wordnetid="110619642" confidence="0.8"><causal_agent wordnetid="100007347" confidence="0.8"><scientist wordnetid="110560637" confidence="0.8"><writer wordnetid="110794014" confidence="0.8"><link>mancur olson</link></writer></scientist></causal_agent></social_scientist></person></communicator></economist></physical_entity>highli controversi claim individu<principle wordnetid="105913538" confidence="0.8"><idea wordnetid="105833840" confidence="0.8"><generalization wordnetid="105913275" confidence="0.8"><link ns0:type="simple" ns0:href="../400/25400.xml">ration choic</link></generalization></idea></principle>lead situat individu resourc will carri higher burden provis public good poorer poorer individu will choic opt<link ns0:type="simple" ns0:href="../217/52217.xml">free rider</link>strategi will attempt benefit public good contribut provis encourag underproduct ineffici product public good</p></ss1><ss1><st>institut design</st><p>public good provid govern case institut design studi aim reduc collabor failur best design situat depend product cost util function collabor effect thing exampl</p><ss2><st>joint product</st><p>jointproduct model analyz collabor join privat good public good exampl tax deduct privat good tie donat chariti public good</p><p>provis public good increas tie privat good long privat good provid monopoli privat good provid competitor link public good</p></ss2><ss2><st>club</st><p>institut design<link ns0:type="simple" ns0:href="../724/14724.xml">intellectu properti right</link>introduc exclus mechan turn pure<link ns0:type="simple" ns0:href="../155/173155.xml">public good</link>impur public good artifici</p><p>cost exclus mechan higher gain<link ns0:type="simple" ns0:href="../330/303330.xml">collabor</link>club emerg<economist wordnetid="110043643" confidence="0.9173553029164789"><person wordnetid="100007846" confidence="0.9508927676800064"><link ns0:type="simple" ns0:href="../515/57515.xml">jame buchanan</link></person></economist>semin paper club effici altern govern intervent</p><p><link ns0:type="simple" ns0:href="../754/21754.xml">nation</link>club member citizen govern manag club studi<link>theori</link></p></ss2><ss2><st>feder structur</st><p>case theori collabor emerg spontan smaller group larg<link ns0:type="simple" ns0:href="../638/2678638.xml">dunbar number</link>explain<link ns0:type="simple" ns0:href="../626/17626.xml">labor union</link><idea wordnetid="105833840" confidence="0.8"><concept wordnetid="105835747" confidence="0.8"><category wordnetid="105838765" confidence="0.8"><type wordnetid="105840188" confidence="0.8"><volition wordnetid="105652593" confidence="0.8"><kind wordnetid="105839024" confidence="0.8"><faculty wordnetid="105650329" confidence="0.8"><link ns0:type="simple" ns0:href="../679/1176679.xml">chariti</link></faculty></kind></volition></type></category></concept></idea>feder structur</p><p><web_site wordnetid="106359193" confidence="0.9508927676800064"><link ns0:type="simple" ns0:href="../734/5043734.xml">wikipedia</link></web_site>exampl collabor foster level individu involv fewer particip collabor encyclopedia collabor<link ns0:type="simple" ns0:href="../006/329006.xml">wikibook</link>difficult reason</p></ss2></ss1></sec><sec><st>philosophi</st><p>twenti year analyt philosoph explor natur collect action sens act peopl paint hous walk execut pass play exampl central three philosoph well contribut literatur<physical_entity wordnetid="100001930" confidence="0.8"><philosopher wordnetid="110423589" confidence="0.8"><person wordnetid="100007846" confidence="0.8"><theorist wordnetid="110706812" confidence="0.8"><intellectual wordnetid="109621545" confidence="0.8"><causal_agent wordnetid="100007347" confidence="0.8"><scholar wordnetid="110557854" confidence="0.8"><link ns0:type="simple" ns0:href="../973/2819973.xml">michael bratman</link></scholar></causal_agent></intellectual></theorist></person></philosopher></physical_entity><peer wordnetid="109626238" confidence="0.8"><physical_entity wordnetid="100001930" confidence="0.8"><person wordnetid="100007846" confidence="0.8"><philosopher wordnetid="110423589" confidence="0.8"><intellectual wordnetid="109621545" confidence="0.8"><colleague wordnetid="109935990" confidence="0.8"><adult wordnetid="109605289" confidence="0.8"><professional wordnetid="110480253" confidence="0.8"><educator wordnetid="110045713" confidence="0.8"><associate wordnetid="109816771" confidence="0.8"><academician wordnetid="109759069" confidence="0.8"><causal_agent wordnetid="100007347" confidence="0.8"><scholar wordnetid="110557854" confidence="0.8"><link ns0:type="simple" ns0:href="../458/3032458.xml">margaret gilbert</link></scholar></causal_agent></academician></associate></educator></professional></adult></colleague></intellectual></philosopher></person></physical_entity></peer><philosopher wordnetid="110423589" confidence="0.9508927676800064"><link ns0:type="simple" ns0:href="../079/147079.xml">john searl</link></philosopher></p><p>gilbert subsequ articl book chapter includ gilbert chapter gilbert argu account collect action rest special kind interperson commit gilbert call joint commit joint commit gilbert sens matter set person commit independ creat particip person decis singl commit creation particip contribut suppos person walk gilbert propos result exchang parti jointli commit walk oblig part singl person walk joint commit creat explicitli process extend time merit joint commit account collect action gilbert view explain fact walk instanc understand posit demand correct action act way affect neg complet walk gilbert discuss pertin joint commit collect action sens theori ration choic</p><p>searl searl argu lie heart collect action presenc mind particip weintent searl account weintent put collect intention insist distinct iintent anim action person act</p><p>bratman bratman propos roughli peopl share intent paint hous intend hous paint virtu activ intend paint virtu intent paint condit common knowledg particip</p><p>discuss area continu expand influenc discuss disciplin includ anthropolog development psycholog econom gener question term person intent individu human be properli character bratman account person intent gilbert account invoc joint commit searl account invoc collect intention question account exist mutual oblig collect intent issu area inquiri</p></sec><sec><st /><p><list><entry level="1" type="bullet"><work wordnetid="100575741" confidence="0.8"><scientific_research wordnetid="100641820" confidence="0.8"><event wordnetid="100029378" confidence="0.8"><experiment wordnetid="100639556" confidence="0.8"><investigation wordnetid="100633864" confidence="0.8"><act wordnetid="100030358" confidence="0.8"><research wordnetid="100636921" confidence="0.8"><psychological_feature wordnetid="100023100" confidence="0.8"><activity wordnetid="100407535" confidence="0.8"><link ns0:type="simple" ns0:href="../717/43717.xml">prison dilemma</link></activity></psychological_feature></research></act></investigation></experiment></event></scientific_research></work></entry><entry level="1" type="bullet"><standard wordnetid="107260623" confidence="0.8"><system_of_measurement wordnetid="113577171" confidence="0.8"><link ns0:type="simple" ns0:href="../468/45468.xml">pareto effici</link></system_of_measurement></standard></entry><entry level="1" type="bullet"><equilibrium wordnetid="113934900" confidence="0.9508927676800064"><link ns0:type="simple" ns0:href="../337/45337.xml">nash equilibrium</link></equilibrium></entry><entry level="1" type="bullet"><link ns0:type="simple" ns0:href="../793/168793.xml">social fact</link></entry><entry level="1" type="bullet"><link ns0:type="simple" ns0:href="../802/30802.xml">tragedi common</link></entry><entry level="1" type="bullet"><link ns0:type="simple" ns0:href="../950/2936950.xml">common properti resourc</link></entry><entry level="1" type="bullet"><link ns0:type="simple" ns0:href="../441/31441.xml">tragedi anticommon</link></entry><entry level="1" type="bullet"><link ns0:type="simple" ns0:href="../550/3603550.xml">mass collabor</link></entry><entry level="1" type="bullet"><link ns0:type="simple" ns0:href="../217/52217.xml">free rider problem</link></entry></list></p></sec><sec><st>refer</st><p><list><entry level="1" type="bullet">bratman michael share intent<it>ethic</it></entry><entry level="1" type="bullet">gilbert margaret<it>social fact</it>princeton univers press</entry><entry level="1" type="bullet">gilbert margaret ration collect action philosophi social scienc</entry><entry level="1" type="bullet">gilbert margaret<it>theori polit oblig membership commit bond societi</it>oxford univers press</entry><entry level="1" type="bullet">hardin russel<it>collect action</it>john hopkin univers press baltimor isbn</entry><entry level="1" type="bullet">olson mancur<it>logic collect action</it>harvard univers press isbn</entry><entry level="1" type="bullet">ostrom elinor govern common evolut institut collect action cambridg univers pressisbn</entry><entry level="1" type="bullet">sandler todd<it>collect action theori applic</it>univers michigan press</entry><entry level="1" type="bullet">searl john collect intent action</entry><entry level="1" type="bullet">meinzendick di gregorio ed collect action properti right sustain develop focu intern food polici institut washington dc httpwwwifpriorgfocusfocusasp</entry></list></p></sec></bdy></article>