<article xmlns:ns0="http://www.w3.org/1999/xlink"><artifact confidence="0.8" wordnetid="100021939"><instrumentality confidence="0.8" wordnetid="103575240"><device confidence="0.8" wordnetid="103183080"><machine confidence="0.8" wordnetid="103699975"><header><title>hebern rotor machin</title><id /><revision><id /><timestamp>tz</timestamp><contributor><username>lightbot</username><id /></contributor></revision><categories><category>rotor machin</category><category>cryptograph hardwar</category></categories></header><bdy><image location="right" width="320px" src="Hebern1.jpg" type="thumb"><caption>singlerotor hebern machin</caption></image><b>hebern rotor machin</b>electromechan<link ns0:type="simple" ns0:href="../294/10294.xml">encrypt</link>machin built combin mechan part standard<link ns0:type="simple" ns0:href="../365/44365.xml">typewrit</link>electr part electr typewrit connect scrambler exampl bare class machin<link ns0:type="simple" ns0:href="../223/196223.xml">rotor machin</link>primari form encrypt<military_action wordnetid="100952963" confidence="0.8"><group_action wordnetid="101080366" confidence="0.8"><event wordnetid="100029378" confidence="0.8"><conflict wordnetid="100958896" confidence="0.8"><act wordnetid="100030358" confidence="0.8"><psychological_feature wordnetid="100023100" confidence="0.8"><war wordnetid="100973077" confidence="0.8"><link ns0:type="simple" ns0:href="../927/32927.xml">war ii</link></war></psychological_feature></act></conflict></event></group_action></military_action>time includ famou exampl<country wordnetid="108544813" confidence="0.9508927676800064"><link ns0:type="simple" ns0:href="../867/11867.xml">german</link></country><link ns0:type="simple" ns0:href="../256/9256.xml">enigma</link><sec><st>histori</st><p><artifact wordnetid="100021939" confidence="0.8"><instrumentality wordnetid="103575240" confidence="0.8"><device wordnetid="103183080" confidence="0.8"><machine wordnetid="103699975" confidence="0.8"><link ns0:type="simple" ns0:href="../143/578143.xml">edward hugh hebern</link></machine></device></instrumentality></artifact>build contractor jail steal hors claim time hand start think problem encrypt eventu devis mechan process typewrit time fund spend time work devic dust think built sampl patent<physical_entity wordnetid="100001930" confidence="0.8"><person wordnetid="100007846" confidence="0.8"><cryptanalyst wordnetid="109981540" confidence="0.8"><intellectual wordnetid="109621545" confidence="0.8"><alumnus wordnetid="109786338" confidence="0.8"><causal_agent wordnetid="100007347" confidence="0.8"><scholar wordnetid="110557854" confidence="0.8"><decoder wordnetid="109995398" confidence="0.8"><link ns0:type="simple" ns0:href="../556/477556.xml">agn driscol</link></decoder></scholar></causal_agent></alumnus></intellectual></cryptanalyst></person></physical_entity>chief civilian employe navi cryptographi oper<military_unit wordnetid="108198398" confidence="0.9508927676800064"><link ns0:type="simple" ns0:href="../367/1363367.xml">opg</link></military_unit><conflict wordnetid="100958896" confidence="0.9508927676800064"><link ns0:type="simple" ns0:href="../461/4764461.xml">wwi</link></conflict><military_action wordnetid="100952963" confidence="0.8"><group_action wordnetid="101080366" confidence="0.8"><event wordnetid="100029378" confidence="0.8"><conflict wordnetid="100958896" confidence="0.8"><act wordnetid="100030358" confidence="0.8"><psychological_feature wordnetid="100023100" confidence="0.8"><war wordnetid="100973077" confidence="0.8"><link ns0:type="simple" ns0:href="../927/32927.xml">wwii</link></war></psychological_feature></act></conflict></event></group_action></military_action>spent time work hebern return washington opg mid</p><p>hebern convinc futur success system form<b>hebern electr code</b>compani money investor year repeatedli sell machin<work wordnetid="100575741" confidence="0.8"><event wordnetid="100029378" confidence="0.8"><service wordnetid="100577525" confidence="0.8"><act wordnetid="100030358" confidence="0.8"><psychological_feature wordnetid="100023100" confidence="0.8"><activity wordnetid="100407535" confidence="0.8"><link ns0:type="simple" ns0:href="../083/32083.xml">navi</link></activity></psychological_feature></act></service></event></work><work wordnetid="100575741" confidence="0.8"><army wordnetid="108191230" confidence="0.8"><event wordnetid="100029378" confidence="0.8"><service wordnetid="100577525" confidence="0.8"><force wordnetid="108208016" confidence="0.8"><military_service wordnetid="108198137" confidence="0.8"><act wordnetid="100030358" confidence="0.8"><psychological_feature wordnetid="100023100" confidence="0.8"><activity wordnetid="100407535" confidence="0.8"><link ns0:type="simple" ns0:href="../087/32087.xml">armi</link></activity></psychological_feature></act></military_service></force></service></event></army></work>well commerci interest bank terribl interest time cryptographi consid govern<engineer wordnetid="109615807" confidence="0.9508927676800064"><link ns0:type="simple" ns0:href="../115/175115.xml">william friedman</link></engineer>confidenti analysi hebern machin weak substanti repair sale govern limit hebern told best indic gener distast matter statement<link ns0:type="simple" ns0:href="../843/88843.xml">henri stimson</link>memoir gentlemen read mail stimson secretari hoover withdrew depart support<scientist wordnetid="110560637" confidence="0.9508927676800064"><link ns0:type="simple" ns0:href="../847/475847.xml">herbert yardley</link></scientist><link>american black chamber</link>lead close</p><p>eventu investor patienc su hebern<link ns0:type="simple" ns0:href="../841/11062841.xml">stock manipul</link>spent period jail idea machin navi final purchas system real sale</p><p>three patent rotor machin issu rotor machin design independ time success<artifact wordnetid="100021939" confidence="0.8"><instrumentality wordnetid="103575240" confidence="0.8"><device wordnetid="103183080" confidence="0.8"><machine wordnetid="103699975" confidence="0.8"><link ns0:type="simple" ns0:href="../256/9256.xml">enigma machin</link></machine></device></instrumentality></artifact></p></sec><sec><st>descript</st><p><image location="right" width="220px" src="Hebern-patent.png" type="thumbnail"><caption>hebern singlerotor machin patent</caption></image>key hebern design disk electr contact side today<it>rotor</it>link contact side rotor wire letter side wire side random fashion wire encod singl substitut alphabet</p><p>user press key typewrit keyboard small amount current batteri flow key contact input side disk wire contact power oper mechan electr typewrit type encrypt letter altern simpli lit bulb<link ns0:type="simple" ns0:href="../761/49761.xml">paper tape</link>punch<link ns0:type="simple" ns0:href="../247/31247.xml">teletyp</link>machin</p><p>system better singlealphabet system rotor hebern machin gear keyboard typewrit keypress rotor turn substitut alphabet chang turn basic substitut polyalphabet well<link>vigenr cipher</link>except requir manual lookup cyphertext oper simpli turn rotor prechosen start posit start type decrypt messag turn rotor socket backward revers substitut type ciphertext plaintext</p><p>better rotor output connect input case rotor oper turn keypress addit rotor spun<link ns0:type="simple" ns0:href="../284/40284.xml">cam</link>turn posit rotat full turn number alphabet increas dramat rotor letter alphabet rotor stack fashion allow substitut</p><p><engineer wordnetid="109615807" confidence="0.9508927676800064"><link ns0:type="simple" ns0:href="../115/175115.xml">william friedman</link></engineer>attack hebern machin market solv machin built hebern rotor stack rotor turn keypress socal<it>fast rotor</it>case ciphertext consist seri singlesubstitut cypher letter long fairli standard techniqu system effort</p><p>cours fact great secret explain armi navi unwil hebern design surpris</p></sec><sec><st>extern link</st><p><list><entry level="1" type="bullet"><weblink ns0:type="simple" ns0:href="http://www.sscnet.ucla.edu/geog/gessler/collections/crypto-hebern.htm">hebern code machin</weblink></entry></list></p><p><table style=";" class="navbox" cellspacing="0"><row><col style="padding:2px;"><table style="width:100%;background:transparent;color:inherit;;" class="nowraplinks  " cellspacing="0"><row><col colspan="2" style="width:100%;padding:0px;;;" class="navbox-list navbox-odd"><table style="width:100%;;;;" class="nowraplinks  navbox-subgroup" cellspacing="0"><row><col colspan="2" style="width:100%;padding:0px;;;" class="navbox-list navbox-odd"><table style="width:100%;;;;" class="nowraplinks  navbox-subgroup" cellspacing="0"><row><header colspan="2" style=";background:#ccf;" class="navbox-title">cipher machin</header></row><row style="height:2px;" /><row><col colspan="2" style="width:100%;padding:0px;;;" class="navbox-list navbox-odd"><p><b><link ns0:type="simple" ns0:href="../223/196223.xml">rotor machin</link></b><artifact wordnetid="100021939" confidence="0.8"><instrumentality wordnetid="103575240" confidence="0.8"><device wordnetid="103183080" confidence="0.8"><machine wordnetid="103699975" confidence="0.8"><link ns0:type="simple" ns0:href="../620/3284620.xml">ccm</link></machine></device></instrumentality></artifact><artifact wordnetid="100021939" confidence="0.8"><instrumentality wordnetid="103575240" confidence="0.8"><device wordnetid="103183080" confidence="0.8"><machine wordnetid="103699975" confidence="0.8"><link ns0:type="simple" ns0:href="../256/9256.xml">enigma</link></machine></device></instrumentality></artifact><artifact wordnetid="100021939" confidence="0.8"><instrumentality wordnetid="103575240" confidence="0.8"><device wordnetid="103183080" confidence="0.8"><machine wordnetid="103699975" confidence="0.8"><link ns0:type="simple" ns0:href="../986/1194986.xml">fialka</link></machine></device></instrumentality></artifact><artifact wordnetid="100021939" confidence="0.8"><instrumentality wordnetid="103575240" confidence="0.8"><device wordnetid="103183080" confidence="0.8"><machine wordnetid="103699975" confidence="0.8"><link ns0:type="simple" ns0:href="../839/194839.xml">hebern</link></machine></device></instrumentality></artifact><artifact wordnetid="100021939" confidence="0.8"><instrumentality wordnetid="103575240" confidence="0.8"><device wordnetid="103183080" confidence="0.8"><machine wordnetid="103699975" confidence="0.8"><link ns0:type="simple" ns0:href="../284/1389284.xml">hx</link></machine></device></instrumentality></artifact><artifact wordnetid="100021939" confidence="0.8"><instrumentality wordnetid="103575240" confidence="0.8"><device wordnetid="103183080" confidence="0.8"><machine wordnetid="103699975" confidence="0.8"><link ns0:type="simple" ns0:href="../245/1011245.xml">kl</link></machine></device></instrumentality></artifact><artifact wordnetid="100021939" confidence="0.8"><instrumentality wordnetid="103575240" confidence="0.8"><device wordnetid="103183080" confidence="0.8"><machine wordnetid="103699975" confidence="0.8"><link ns0:type="simple" ns0:href="../375/2823375.xml">lacida</link></machine></device></instrumentality></artifact><artifact wordnetid="100021939" confidence="0.8"><instrumentality wordnetid="103575240" confidence="0.8"><device wordnetid="103183080" confidence="0.8"><machine wordnetid="103699975" confidence="0.8"><link ns0:type="simple" ns0:href="../019/1223019.xml" /></machine></device></instrumentality></artifact><artifact wordnetid="100021939" confidence="0.8"><instrumentality wordnetid="103575240" confidence="0.8"><device wordnetid="103183080" confidence="0.8"><machine wordnetid="103699975" confidence="0.8"><link ns0:type="simple" ns0:href="../634/3587634.xml">mercuri</link></machine></device></instrumentality></artifact><artifact wordnetid="100021939" confidence="0.8"><instrumentality wordnetid="103575240" confidence="0.8"><device wordnetid="103183080" confidence="0.8"><machine wordnetid="103699975" confidence="0.8"><link ns0:type="simple" ns0:href="../847/1114847.xml">nema</link></machine></device></instrumentality></artifact><artifact wordnetid="100021939" confidence="0.8"><instrumentality wordnetid="103575240" confidence="0.8"><device wordnetid="103183080" confidence="0.8"><machine wordnetid="103699975" confidence="0.8"><link ns0:type="simple" ns0:href="../953/3708953.xml">omi</link></machine></device></instrumentality></artifact><artifact wordnetid="100021939" confidence="0.8"><instrumentality wordnetid="103575240" confidence="0.8"><device wordnetid="103183080" confidence="0.8"><machine wordnetid="103699975" confidence="0.8"><link ns0:type="simple" ns0:href="../302/3247302.xml">portex</link></machine></device></instrumentality></artifact><artifact wordnetid="100021939" confidence="0.8"><instrumentality wordnetid="103575240" confidence="0.8"><device wordnetid="103183080" confidence="0.8"><machine wordnetid="103699975" confidence="0.8"><link ns0:type="simple" ns0:href="../035/145035.xml">sigaba</link></machine></device></instrumentality></artifact><artifact wordnetid="100021939" confidence="0.8"><instrumentality wordnetid="103575240" confidence="0.8"><device wordnetid="103183080" confidence="0.8"><machine wordnetid="103699975" confidence="0.8"><link ns0:type="simple" ns0:href="../780/3626780.xml">sigcum</link></machine></device></instrumentality></artifact><artifact wordnetid="100021939" confidence="0.8"><instrumentality wordnetid="103575240" confidence="0.8"><device wordnetid="103183080" confidence="0.8"><machine wordnetid="103699975" confidence="0.8"><link ns0:type="simple" ns0:href="../547/3158547.xml">singlet</link></machine></device></instrumentality></artifact><artifact wordnetid="100021939" confidence="0.8"><instrumentality wordnetid="103575240" confidence="0.8"><device wordnetid="103183080" confidence="0.8"><machine wordnetid="103699975" confidence="0.8"><link ns0:type="simple" ns0:href="../983/37983.xml">typex</link></machine></device></instrumentality></artifact></p></col></row><row style="height:2px" /><row><col colspan="2" style="width:100%;padding:0px;;;" class="navbox-list navbox-even"><p><b>mechan</b><link ns0:type="simple" ns0:href="../993/854993.xml">bazeri cylind</link><artifact wordnetid="100021939" confidence="0.8"><instrumentality wordnetid="103575240" confidence="0.8"><device wordnetid="103183080" confidence="0.8"><link ns0:type="simple" ns0:href="../135/3165135.xml" /></device></instrumentality></artifact><artifact wordnetid="100021939" confidence="0.8"><instrumentality wordnetid="103575240" confidence="0.8"><device wordnetid="103183080" confidence="0.8"><link ns0:type="simple" ns0:href="../791/1513791.xml" /></device></instrumentality></artifact><artifact wordnetid="100021939" confidence="0.8"><instrumentality wordnetid="103575240" confidence="0.8"><device wordnetid="103183080" confidence="0.8"><link ns0:type="simple" ns0:href="../004/1510004.xml">cd</link></device></instrumentality></artifact><artifact wordnetid="100021939" confidence="0.8"><instrumentality wordnetid="103575240" confidence="0.8"><device wordnetid="103183080" confidence="0.8"><link ns0:type="simple" ns0:href="../228/3320228.xml">cipher disk</link></device></instrumentality></artifact><artifact wordnetid="100021939" confidence="0.8"><instrumentality wordnetid="103575240" confidence="0.8"><device wordnetid="103183080" confidence="0.8"><link ns0:type="simple" ns0:href="../758/1491758.xml">hc</link></device></instrumentality></artifact><artifact wordnetid="100021939" confidence="0.8"><instrumentality wordnetid="103575240" confidence="0.8"><device wordnetid="103183080" confidence="0.8"><link ns0:type="simple" ns0:href="../315/1281315.xml">kryha</link></device></instrumentality></artifact><artifact wordnetid="100021939" confidence="0.8"><instrumentality wordnetid="103575240" confidence="0.8"><device wordnetid="103183080" confidence="0.8"><link ns0:type="simple" ns0:href="../993/854993.xml">jefferson disk</link></device></instrumentality></artifact><message wordnetid="106253690" confidence="0.8"><artifact wordnetid="100021939" confidence="0.8"><instrumentality wordnetid="103575240" confidence="0.8"><device wordnetid="103183080" confidence="0.8"><cipher wordnetid="106254239" confidence="0.8"><link ns0:type="simple" ns0:href="../133/740133.xml" /></cipher></device></instrumentality></artifact></message><artifact wordnetid="100021939" confidence="0.8"><instrumentality wordnetid="103575240" confidence="0.8"><device wordnetid="103183080" confidence="0.8"><link ns0:type="simple" ns0:href="../513/743513.xml" /></device></instrumentality></artifact><message wordnetid="106253690" confidence="0.8"><cipher wordnetid="106254239" confidence="0.8"><link ns0:type="simple" ns0:href="../199/1582199.xml">reihenschieb</link></cipher></message><message wordnetid="106253690" confidence="0.8"><artifact wordnetid="100021939" confidence="0.8"><instrumentality wordnetid="103575240" confidence="0.8"><device wordnetid="103183080" confidence="0.8"><cipher wordnetid="106254239" confidence="0.8"><link ns0:type="simple" ns0:href="../487/148487.xml">scytal</link></cipher></device></instrumentality></artifact></message></p></col></row><row style="height:2px" /><row><col colspan="2" style="width:100%;padding:0px;;;" class="navbox-list navbox-odd"><p><b>teleprint</b><artifact wordnetid="100021939" confidence="0.8"><instrumentality wordnetid="103575240" confidence="0.8"><device wordnetid="103183080" confidence="0.8"><link ns0:type="simple" ns0:href="../691/1198691.xml">uco</link></device></instrumentality></artifact><artifact wordnetid="100021939" confidence="0.8"><instrumentality wordnetid="103575240" confidence="0.8"><device wordnetid="103183080" confidence="0.8"><link ns0:type="simple" ns0:href="../348/1978348.xml">bid</link></device></instrumentality></artifact><artifact wordnetid="100021939" confidence="0.8"><instrumentality wordnetid="103575240" confidence="0.8"><device wordnetid="103183080" confidence="0.8"><link ns0:type="simple" ns0:href="../090/1006090.xml">kw</link></device></instrumentality></artifact><artifact wordnetid="100021939" confidence="0.8"><instrumentality wordnetid="103575240" confidence="0.8"><device wordnetid="103183080" confidence="0.8"><link ns0:type="simple" ns0:href="../397/1009397.xml">kw</link></device></instrumentality></artifact><link ns0:type="simple" ns0:href="../173/301173.xml">lorenz sz</link><link ns0:type="simple" ns0:href="../403/304403.xml">siemen halsk</link></p></col></row><row style="height:2px" /><row><col colspan="2" style="width:100%;padding:0px;;;" class="navbox-list navbox-even"><p><b><link ns0:type="simple" ns0:href="../035/1560035.xml">secur voic</link></b><link ns0:type="simple" ns0:href="../593/10500593.xml">bid</link><link ns0:type="simple" ns0:href="../526/18918526.xml">fascin</link><artifact wordnetid="100021939" confidence="0.8"><instrumentality wordnetid="103575240" confidence="0.8"><device wordnetid="103183080" confidence="0.8"><link ns0:type="simple" ns0:href="../424/4320424.xml">ky</link></device></instrumentality></artifact><artifact wordnetid="100021939" confidence="0.8"><instrumentality wordnetid="103575240" confidence="0.8"><device wordnetid="103183080" confidence="0.8"><link ns0:type="simple" ns0:href="../562/160562.xml">ky</link></device></instrumentality></artifact><artifact wordnetid="100021939" confidence="0.8"><instrumentality wordnetid="103575240" confidence="0.8"><device wordnetid="103183080" confidence="0.8"><link ns0:type="simple" ns0:href="../033/2576033.xml">ky</link></device></instrumentality></artifact><artifact wordnetid="100021939" confidence="0.8"><instrumentality wordnetid="103575240" confidence="0.8"><device wordnetid="103183080" confidence="0.8"><link ns0:type="simple" ns0:href="../735/3884735.xml">ky</link></device></instrumentality></artifact><artifact wordnetid="100021939" confidence="0.8"><instrumentality wordnetid="103575240" confidence="0.8"><device wordnetid="103183080" confidence="0.8"><link ns0:type="simple" ns0:href="../406/2678406.xml">omni</link></device></instrumentality></artifact><link ns0:type="simple" ns0:href="../994/1058994.xml">scip</link><link>sectra secur modul</link><artifact wordnetid="100021939" confidence="0.8"><instrumentality wordnetid="103575240" confidence="0.8"><device wordnetid="103183080" confidence="0.8"><link ns0:type="simple" ns0:href="../918/740918.xml">sigsali</link></device></instrumentality></artifact><artifact wordnetid="100021939" confidence="0.8"><instrumentality wordnetid="103575240" confidence="0.8"><device wordnetid="103183080" confidence="0.8"><link ns0:type="simple" ns0:href="../389/812389.xml">ste</link></device></instrumentality></artifact><artifact wordnetid="100021939" confidence="0.8"><instrumentality wordnetid="103575240" confidence="0.8"><device wordnetid="103183080" confidence="0.8"><link ns0:type="simple" ns0:href="../329/4320329.xml">stuii</link></device></instrumentality></artifact><artifact wordnetid="100021939" confidence="0.8"><instrumentality wordnetid="103575240" confidence="0.8"><device wordnetid="103183080" confidence="0.8"><link ns0:type="simple" ns0:href="../541/794541.xml">stuiii</link></device></instrumentality></artifact><artifact wordnetid="100021939" confidence="0.8"><instrumentality wordnetid="103575240" confidence="0.8"><device wordnetid="103183080" confidence="0.8"><link ns0:type="simple" ns0:href="../512/1068512.xml">vinson</link></device></instrumentality></artifact></p></col></row><row style="height:2px" /><row><col colspan="2" style="width:100%;padding:0px;;;" class="navbox-list navbox-odd"><p><b>miscellan</b><link ns0:type="simple" ns0:href="../726/1383726.xml">jade</link><artifact wordnetid="100021939" confidence="0.8"><instrumentality wordnetid="103575240" confidence="0.8"><device wordnetid="103183080" confidence="0.8"><link ns0:type="simple" ns0:href="../220/1637220.xml" /></device></instrumentality></artifact><artifact wordnetid="100021939" confidence="0.8"><instrumentality wordnetid="103575240" confidence="0.8"><device wordnetid="103183080" confidence="0.8"><link ns0:type="simple" ns0:href="../214/3626214.xml">kl</link></device></instrumentality></artifact><link ns0:type="simple" ns0:href="../481/3429481.xml">noreen</link><artifact wordnetid="100021939" confidence="0.8"><instrumentality wordnetid="103575240" confidence="0.8"><device wordnetid="103183080" confidence="0.8"><link ns0:type="simple" ns0:href="../373/50373.xml">purpl</link></device></instrumentality></artifact><artifact wordnetid="100021939" confidence="0.8"><instrumentality wordnetid="103575240" confidence="0.8"><device wordnetid="103183080" confidence="0.8"><link ns0:type="simple" ns0:href="../935/1605935.xml">pinwheel</link></device></instrumentality></artifact><artifact wordnetid="100021939" confidence="0.8"><instrumentality wordnetid="103575240" confidence="0.8"><device wordnetid="103183080" confidence="0.8"><link ns0:type="simple" ns0:href="../283/3429283.xml">rockex</link></device></instrumentality></artifact></p></col></row></table></col></row></table></col></row><row style="height:2px" /><row><col colspan="2" style="width:100%;padding:0px;;;" class="navbox-list navbox-even"><table style="width:100%;;;;" class="nowraplinks  navbox-subgroup" cellspacing="0"><row><header colspan="2" style=";background:#ccf;" class="navbox-title"><link ns0:type="simple" ns0:href="../432/18934432.xml">cryptographi</link></header></row><row style="height:2px;" /><row><col colspan="2" style="width:100%;padding:0px;;;" class="navbox-list navbox-odd"><link ns0:type="simple" ns0:href="../066/520066.xml">histori cryptographi</link><link ns0:type="simple" ns0:href="../715/5715.xml">cryptanalysi</link>cryptographi portal<link ns0:type="simple" ns0:href="../585/449585.xml">topic cryptographi</link></col></row><row style="height:2px" /><row><col colspan="2" style="width:100%;padding:0px;;;" class="navbox-list navbox-even"><event wordnetid="100029378" confidence="0.8"><rule wordnetid="105846932" confidence="0.8"><act wordnetid="100030358" confidence="0.8"><psychological_feature wordnetid="100023100" confidence="0.8"><procedure wordnetid="101023820" confidence="0.8"><activity wordnetid="100407535" confidence="0.8"><algorithm wordnetid="105847438" confidence="0.8"><link ns0:type="simple" ns0:href="../042/53042.xml">symmetrickey algorithm</link></algorithm></activity></procedure></psychological_feature></act></rule></event><link ns0:type="simple" ns0:href="../594/4594.xml">block cipher</link><link ns0:type="simple" ns0:href="../007/49007.xml">stream cipher</link><link ns0:type="simple" ns0:href="../222/24222.xml">publickey cryptographi</link><physical_entity wordnetid="100001930" confidence="0.8"><person wordnetid="100007846" confidence="0.8"><causal_agent wordnetid="100007347" confidence="0.8"><primitive wordnetid="109627462" confidence="0.8"><link ns0:type="simple" ns0:href="../526/439526.xml">cryptograph hash function</link></primitive></causal_agent></person></physical_entity><link ns0:type="simple" ns0:href="../523/567523.xml">messag authent code</link><event wordnetid="100029378" confidence="0.8"><rule wordnetid="105846932" confidence="0.8"><act wordnetid="100030358" confidence="0.8"><psychological_feature wordnetid="100023100" confidence="0.8"><procedure wordnetid="101023820" confidence="0.8"><activity wordnetid="100407535" confidence="0.8"><algorithm wordnetid="105847438" confidence="0.8"><link ns0:type="simple" ns0:href="../249/182249.xml">random number</link></algorithm></activity></procedure></psychological_feature></act></rule></event><link ns0:type="simple" ns0:href="../733/28733.xml">steganographi</link></col></row></table></col></row></table></col></row></table></p></sec></bdy></machine></device></instrumentality></artifact></article>