<article xmlns:ns0="http://www.w3.org/1999/xlink"><trial confidence="0.9511911446218017" wordnetid="105799212"><header><title>endoscopi</title><id /><revision><id /><timestamp>tz</timestamp><contributor><username>vaprotan</username><id /></contributor></revision><categories><category>medic test</category><category>medic equip</category><category>optic devic</category><category>endoscopi</category><category>gastroenterolog</category></categories></header><bdy><image width="200px" src="Am_ulcer.gif" type="thumb"><caption>endoscop imag duoden ulcer</caption></image><image location="right" width="200px" src="Flexibles_Endoskop.jpg" type="thumb"><caption>flexibl endoscop</caption></image>endoscopi<it>insid</it>typic refer insid bodi medic reason instrument call endoscop endoscopi refer<link ns0:type="simple" ns0:href="../823/615823.xml">borescop</link>technic situat direct lineofsight observ feasibl<sec><st>overview</st><p>endoscopi<link ns0:type="simple" ns0:href="../065/1178065.xml">minim invas</link><link ns0:type="simple" ns0:href="../525/18507525.xml">diagnost</link><link ns0:type="simple" ns0:href="../888/8210888.xml">medic procedur</link>assess interior surfac organ insert tube bodi instrument rigid flexibl tube provid imag<link ns0:type="simple" ns0:href="../136/305136.xml">visual</link>inspect<link ns0:type="simple" ns0:href="../080/25080.xml">photograph</link>enabl biopsi retriev foreign object endoscopi vehicl<link ns0:type="simple" ns0:href="../065/1178065.xml">minim invas surgeri</link>patient receiv<link ns0:type="simple" ns0:href="../369/185369.xml">consciou sedat</link>conscious awar discomfort</p><p>endoscop procedur consid painless worst associ mild discomfort exampl<link ns0:type="simple" ns0:href="../837/701837.xml">esophagogastroduodenoscopi</link>patient toler procedur topic anaesthesia<link ns0:type="simple" ns0:href="../079/301079.xml">oropharynx</link><link ns0:type="simple" ns0:href="../762/298762.xml">lignocain</link>spray<ref ns0:type="simple" ns0:href="#xpointer(//reflist/entry[@id=%221%22])" />complic common oper includ perfor organ inspect endoscop biopsi instrument occur open surgeri requir repair injuri</p></sec><sec><st>compon</st><p>endoscop consist<list><entry level="1" type="bullet">rigid flexibl<link ns0:type="simple" ns0:href="../104/142104.xml">tube</link></entry><entry level="1" type="bullet">light deliveri system illumin<link ns0:type="simple" ns0:href="../776/152776.xml">organ</link>object inspect light sourc bodi light typic direct<link ns0:type="simple" ns0:href="../377/3372377.xml">optic fiber</link>system</entry><entry level="1" type="bullet"><link ns0:type="simple" ns0:href="../320/18320.xml">len</link>system transmit<link ns0:type="simple" ns0:href="../925/71925.xml">imag</link>viewer<link ns0:type="simple" ns0:href="../814/615814.xml">fiberscop</link></entry><entry level="1" type="bullet">addit channel allow entri<link ns0:type="simple" ns0:href="../291/1363291.xml">medic instrument</link>manipul</entry></list></p></sec><sec><st /><p>endoscopi involv<list><entry level="1" type="bullet"><link ns0:type="simple" ns0:href="../720/69720.xml">gastrointestin tract</link>gi tract</entry><entry level="2" type="bullet"><link ns0:type="simple" ns0:href="../506/168506.xml">esophagu</link><link ns0:type="simple" ns0:href="../747/39747.xml">stomach</link><link ns0:type="simple" ns0:href="../184/70184.xml">duodenum</link><link ns0:type="simple" ns0:href="../837/701837.xml">esophagogastroduodenoscopi</link></entry><entry level="2" type="bullet"><link ns0:type="simple" ns0:href="../610/99610.xml">small intestin</link></entry><entry level="2" type="bullet"><link ns0:type="simple" ns0:href="../365/59365.xml">colon</link><link ns0:type="simple" ns0:href="../482/324482.xml">colonoscopi</link><link ns0:type="simple" ns0:href="../678/339678.xml">proctosigmoidoscopi</link></entry><entry level="2" type="bullet"><link ns0:type="simple" ns0:href="../021/197021.xml">bile duct</link></entry><entry level="3" type="bullet"><link ns0:type="simple" ns0:href="../835/756835.xml">endoscop retrograd cholangiopancreatographi</link>ercp duodenoscopeassist cholangiopancreatoscopi intraop cholangioscopi</entry><entry level="1" type="bullet"><link ns0:type="simple" ns0:href="../885/287885.xml">respiratori tract</link></entry><entry level="2" type="bullet"><link ns0:type="simple" ns0:href="../530/11669530.xml">nose</link><link>rhinoscopi</link></entry><entry level="2" type="bullet">lower<link ns0:type="simple" ns0:href="../885/287885.xml">respiratori tract</link><link ns0:type="simple" ns0:href="../506/12778506.xml">bronchoscopi</link></entry><entry level="1" type="bullet"><link ns0:type="simple" ns0:href="../927/55927.xml">urinari tract</link><link ns0:type="simple" ns0:href="../914/89914.xml">cystoscopi</link></entry><entry level="1" type="bullet">femal<link ns0:type="simple" ns0:href="../435/19637435.xml">reproduct system</link></entry><entry level="2" type="bullet"><link ns0:type="simple" ns0:href="../738/5738.xml">cervix</link><link ns0:type="simple" ns0:href="../194/264194.xml">colposcopi</link></entry><entry level="2" type="bullet"><link ns0:type="simple" ns0:href="../863/31863.xml">uteru</link><link ns0:type="simple" ns0:href="../218/1507218.xml">hysteroscopi</link></entry><entry level="2" type="bullet"><anatomy wordnetid="106057539" confidence="0.9508927676800064"><link ns0:type="simple" ns0:href="../468/11468.xml">fallopian tube</link></anatomy><link ns0:type="simple" ns0:href="../246/1507246.xml">falloscopi</link></entry><entry level="1" type="bullet">close bodi caviti small incis</entry><entry level="2" type="bullet">abdomin pelvic caviti<link ns0:type="simple" ns0:href="../480/18480.xml">laparoscopi</link></entry><entry level="2" type="bullet">interior joint<link ns0:type="simple" ns0:href="../168/210168.xml">arthroscopi</link></entry><entry level="2" type="bullet">organ chest<link ns0:type="simple" ns0:href="../719/5916719.xml">thoracoscopi</link><link ns0:type="simple" ns0:href="../289/2928289.xml">mediastinoscopi</link></entry><entry level="1" type="bullet"><link ns0:type="simple" ns0:href="../587/1771587.xml">pregnanc</link></entry><entry level="2" type="bullet"><link ns0:type="simple" ns0:href="../701/187701.xml">amnion</link><link>amnioscopi</link></entry><entry level="2" type="bullet"><link ns0:type="simple" ns0:href="../873/10873.xml">fetu</link><link ns0:type="simple" ns0:href="../032/1521032.xml">fetoscopi</link></entry><entry level="1" type="bullet">plastic surgeri</entry><entry level="1" type="bullet">panendoscopi tripl endoscopi</entry><entry level="2" type="bullet">combin<link ns0:type="simple" ns0:href="../047/352047.xml">laryngoscopi</link><link ns0:type="simple" ns0:href="../837/701837.xml">esophagoscopi</link><link ns0:type="simple" ns0:href="../506/12778506.xml">bronchoscopi</link></entry><entry level="1" type="bullet">nonmed endoscopi</entry><entry level="2" type="bullet">plan architectur commun endoscop previsu scale model propos build citi<link ns0:type="simple" ns0:href="../976/2541976.xml">architectur endoscopi</link></entry><entry level="2" type="bullet">intern inspect complex technic system<link ns0:type="simple" ns0:href="../823/615823.xml">borescop</link></entry><entry level="2" type="bullet">endoscop tool help examin<link ns0:type="simple" ns0:href="../112/265112.xml">improvis explos devic</link><link ns0:type="simple" ns0:href="../382/146382.xml">bomb dispos</link>personnel</entry><entry level="2" type="bullet">fbi endoscop conduct surveil tight space</entry></list></p></sec><sec><st>histori</st><p>endoscop kind develop<link>philip bozzini</link>introduct lichtleit light conductor examin canal caviti human bodi<link>vienna medic societi</link>disapprov curios endoscop introduc human william beaumont armi surgeon<village wordnetid="108672738" confidence="0.9508927676800064"><link ns0:type="simple" ns0:href="../994/117994.xml">mackinac island michigan</link></village>electr light major step improv endoscopi light extern smaller bulb make intern light instanc<link ns0:type="simple" ns0:href="../218/1507218.xml">hysteroscop</link><link>charl david</link><physical_entity wordnetid="100001930" confidence="0.8"><person wordnetid="100007846" confidence="0.8"><medical_practitioner wordnetid="110305802" confidence="0.8"><causal_agent wordnetid="100007347" confidence="0.8"><health_professional wordnetid="110165109" confidence="0.8"><adult wordnetid="109605289" confidence="0.8"><professional wordnetid="110480253" confidence="0.8"><doctor wordnetid="110020890" confidence="0.8"><link ns0:type="simple" ns0:href="../672/10806672.xml">han christian jacobaeu</link></doctor></professional></adult></health_professional></causal_agent></medical_practitioner></person></physical_entity>credit earli endoscop explor abdomen thorax<link ns0:type="simple" ns0:href="../480/18480.xml">laparoscopi</link><link ns0:type="simple" ns0:href="../719/5916719.xml">thoracoscopi</link>laparoscopi diagnosi<link ns0:type="simple" ns0:href="../301/17384301.xml">liver</link><link ns0:type="simple" ns0:href="../020/197020.xml">gallbladd</link>diseas<link>heinz kalk</link>hope report laparoscopi diagnos<link ns0:type="simple" ns0:href="../309/54309.xml">ectop pregnanc</link>raoul palmer patient<position wordnetid="108621598" confidence="0.8"><point wordnetid="108620061" confidence="0.8"><location wordnetid="100027167" confidence="0.8"><link ns0:type="simple" ns0:href="../409/1475409.xml">trendelenburg posit</link></location></point></position>gaseou distent abdomen reliabl perform<link ns0:type="simple" ns0:href="../967/52967.xml">gynecolog</link>laparoscopi earli<link ns0:type="simple" ns0:href="../211/18770211.xml">harold hopkin</link>design fibroscop flexibl bundl glass fibr prove medic industri pave modern fibr optic cabl hopkin refin idea german manufactur design breakthrough enabl surgeon view photograph inaccess area bodi detail</p></sec><sec><st>risk</st><p><list><entry level="1" type="bullet">infect</entry><entry level="1" type="bullet">punctur organ</entry><entry level="1" type="bullet">allerg reaction<link ns0:type="simple" ns0:href="../970/868970.xml">contrast agent</link>dye<link ns0:type="simple" ns0:href="../982/50982.xml">ct scan</link></entry><entry level="1" type="bullet">oversed</entry></list></p></sec><sec><st>endoscopi</st><p>procedur patient will observ monitor qualifi individu endoscopi recoveri area portion medic worn occasion patient left mild sore throat respond salin gargl feel distent insuffl air procedur problem mild fleet fulli recov patient will instruct resum hisher usual diet hour will allow sedat facil mandat patient person drive hisher handl machineri remaind day</p></sec><sec><st>develop</st><p>applic robot system telesurgeri introduc surgeon oper site physic remov patient transatlant surgeri call<automaton wordnetid="102761392" confidence="0.8"><artifact wordnetid="100021939" confidence="0.8"><instrumentality wordnetid="103575240" confidence="0.8"><device wordnetid="103183080" confidence="0.8"><mechanism wordnetid="103738472" confidence="0.8"><link ns0:type="simple" ns0:href="../582/1371582.xml">lindbergh oper</link></mechanism></device></instrumentality></artifact></automaton></p></sec><sec><st /><p><list><entry level="1" type="bullet"><link ns0:type="simple" ns0:href="../966/449966.xml">angiographi</link></entry><entry level="1" type="bullet"><link ns0:type="simple" ns0:href="../814/615814.xml">fiberscop</link></entry><entry level="1" type="bullet"><automaton wordnetid="102761392" confidence="0.8"><artifact wordnetid="100021939" confidence="0.8"><instrumentality wordnetid="103575240" confidence="0.8"><device wordnetid="103183080" confidence="0.8"><mechanism wordnetid="103738472" confidence="0.8"><link ns0:type="simple" ns0:href="../669/2629669.xml">robot surgeri</link></mechanism></device></instrumentality></artifact></automaton></entry></list></p></sec><sec><st>refer</st><p><list><entry level="1" type="bullet"><cite style="font-style:normal">siegler kemmann hysteroscopi<it>obstet gynecol surv</it><document wordnetid="106470073" confidence="0.8"><written_communication wordnetid="106349220" confidence="0.8"><writing wordnetid="106362953" confidence="0.8"><link ns0:type="simple" ns0:href="../994/422994.xml">doi</link></writing></written_communication></document><weblink ns0:type="simple" ns0:href="http://dx.doi.org/10.1097%2F00006254-197509000-00001" />pmid</cite></entry><entry level="1" type="bullet">armin grtner medic technic technologi band ii medizintechnik und informationstechnologi band ii isbn</entry><entry level="1" type="bullet">obituari professor harold hopkin fr<it>time</it>nov</entry><entry level="1" type="bullet"><cite style="font-style:normal">sivak mv<weblink ns0:type="simple" ns0:href="http://linkinghub.elsevier.com/retrieve/pii/S0016510704023806">polypectomi</weblink><it>gastrointest endosc</it><document wordnetid="106470073" confidence="0.8"><written_communication wordnetid="106349220" confidence="0.8"><writing wordnetid="106362953" confidence="0.8"><link ns0:type="simple" ns0:href="../994/422994.xml">doi</link></writing></written_communication></document><weblink ns0:type="simple" ns0:href="http://dx.doi.org/10.1016%2FS0016-5107%2804%2902380-6" />pmid</cite></entry></list></p></sec><sec><st>footnot</st><p><reflist><entry id="1">nation digest diseas clearinghous novemb<weblink ns0:type="simple" ns0:href="http://digestive.niddk.nih.gov/ddiseases/pubs/upperendoscopy/index.htm">upper endoscopi</weblink>nation institut health retriev<link /></entry></reflist>bittner jg al resid train flexibl gastrointestin endoscopi review current issu option surg educ novdec pmid</p></sec><sec><st>extern link</st><p><list><entry level="1" type="bullet"><weblink ns0:type="simple" ns0:href="http://www.endoscopy.com">resourc peopl endoscop</weblink></entry><entry level="1" type="bullet"><weblink ns0:type="simple" ns0:href="http://www.hindawi.com/journals/dte/">diagnost therapeut endoscopi openaccess journal</weblink></entry><entry level="1" type="bullet"><weblink ns0:type="simple" ns0:href="http://daveproject.org/">dave project</weblink>digit atla video educ gastroenterolog</entry><entry level="1" type="bullet"><weblink ns0:type="simple" ns0:href="http://www.grs.nhs.uk/">global rate scale</weblink>gr qualiti assur endoscopi</entry><entry level="1" type="bullet"><weblink ns0:type="simple" ns0:href="http://www.endoscopecomponent.com">endoscop repair part</weblink></entry><entry level="1" type="bullet"><weblink ns0:type="simple" ns0:href="http://www.omed.org/downloads/pdf/publications/how_i_doit/2007/omed_hid_removing_large_or_sessile_colonic_polyps.pdf">remov larg sessil colon polyp</weblink>dr brian saunder md frcp st mark academ institut harrow middlesex uk retriev april</entry></list></p></sec></bdy></trial></article>