<article xmlns:ns0="http://www.w3.org/1999/xlink"><web_site confidence="0.9508927676800064" wordnetid="106359193"><header><title>googl watch</title><id /><revision><id /><timestamp>tz</timestamp><contributor><username>georg dragon</username><id /></contributor></revision><categories><category>internet privaci</category><category>comput websit</category><category>oversight watchdog organ</category><category>critic</category><category>articl merg septemb</category><category>articl merg</category><category>articl delet</category><category>googl</category></categories></header><bdy><template><name>infobox websit</name><parameters><author>daniel brandt</author><name>googl watch</name><owner>public</owner><caption>screenshot googl watch</caption><type>activist</type><commercial /><launch_date /><url><weblink ns0:type="simple" ns0:href="http://www.google-watch.org">googlewatchorg</weblink></url></parameters></template><p><table class="metadata plainlinks ambox "><row><col>amboxdelet style</col></row><row><col style="border: none; padding: 0px; width: 1px;" /><col style="" class="mbox-text">articl consid delet wikipedia share thought matter pagefeel free edit articl articl blank notic remov discuss close merg move articl discuss read<p><it>substafd substafd pggoogl watch cat text afd debatescategori substafd pggoogl watch nomin add</it>top<weblink ns0:type="simple" ns0:href="http://localhost:18088/wiki/index.php?title=Wikipedia:Articles_for_deletion/Log/2008_October_11 action=edit">list</weblink>consid notifi<weblink ns0:type="simple" ns0:href="http://localhost:18088/wiki/index.php?title=Google_Watch action=history">author</weblink>place substadw googl watch googl watch nomin talk<it>unregist user place tag articl complet delet nomin leav detail reason delet nomin complet messag left talkpag tag</it><it>remov</it></p></col></row></table></p><p><table class="metadata plainlinks ambox "><row><col>amboxmov style</col></row><row><col class="mbox-image"><p><image width="50px" src="Merge-arrow.svg"><caption>merg arrow</caption></image></p></col><col style="" class="mbox-text">suggest articl</col></row></table></p><p>googl watch websit launch public pir founder daniel brandt websit goal report conflict interest<company wordnetid="108058098" confidence="0.9508927676800064"><link ns0:type="simple" ns0:href="../923/1092923.xml">googl</link></company>corpor structur public depend<link ns0:type="simple" ns0:href="../720/5222720.xml">invas privaci</link>issu increas commerci link privat interest</p><p>site googl central web attitud take privaci massiv implic rest web gener search engin</p><p>googl watch document concern privaci risk aris googl longliv<text wordnetid="106387980" confidence="0.8"><know-how wordnetid="105616786" confidence="0.8"><line wordnetid="107012534" confidence="0.8"><method wordnetid="105660268" confidence="0.8"><heading wordnetid="106343971" confidence="0.8"><link ns0:type="simple" ns0:href="../415/5068415.xml">http cooki</link></heading></method></line></know-how></text>web site highlight issu adsens<link ns0:type="simple" ns0:href="../368/28368.xml">spam</link>content scrape site enjoy high rank<artifact wordnetid="100021939" confidence="0.8"><instrumentality wordnetid="103575240" confidence="0.8"><engine wordnetid="103287733" confidence="0.8"><motor wordnetid="103789946" confidence="0.8"><device wordnetid="103183080" confidence="0.8"><machine wordnetid="103699975" confidence="0.8"><link ns0:type="simple" ns0:href="../023/4059023.xml">search engin</link></machine></device></motor></engine></instrumentality></artifact>sophist<link ns0:type="simple" ns0:href="../946/187946.xml">optim</link>techniqu</p><p>illustr view googl search engin subject manipul googl watch implement<technique wordnetid="105665146" confidence="0.8"><know-how wordnetid="105616786" confidence="0.8"><method wordnetid="105660268" confidence="0.8"><link ns0:type="simple" ns0:href="../747/286747.xml">googl bomb</link></method></know-how></technique>link phrase outoftouch execut googl corpor manag attempt mistakenli attribut disgruntl googl employe<it><newspaper wordnetid="106267145" confidence="0.9508927676800064"><link ns0:type="simple" ns0:href="../680/30680.xml">york time</link></newspaper></it>print correct googl bomb top rank<company wordnetid="108058098" confidence="0.9508927676800064"><link ns0:type="simple" ns0:href="../213/188213.xml">yahoo</link></company><ref ns0:type="simple" ns0:href="#xpointer(//reflist/entry[@id=%221%22])" />stop work googl juli</p><p>googl watch continu rais googlerel privaci issu cooki life span year incorpor uniqu enabl creation user data log alleg connect googl<agency wordnetid="108337324" confidence="0.9508927676800064"><link ns0:type="simple" ns0:href="../939/21939.xml">nsa</link></agency><agency wordnetid="108337324" confidence="0.9508927676800064"><link ns0:type="simple" ns0:href="../633/5183633.xml">cia</link></agency></p><p>public set<web_site wordnetid="106359193" confidence="0.9508927676800064"><link>scroogl</link></web_site>enabl peopl googl search engin adfre<link ns0:type="simple" ns0:href="../768/78768.xml">proxi server</link></p><sec><st>refer</st><p><reflist><entry id="1"><weblink ns0:type="simple" ns0:href="http://search.yahoo.com/search?p=%22out+of+touch+executives%22">httpsearchyahoocomsearchpoutoftouchexecut</weblink></entry></reflist><list><entry level="1" type="bullet">farhad manjoo<weblink ns0:type="simple" ns0:href="http://dir.salon.com/story/tech/feature/2002/08/29/google_watch/">meet antigoogl</weblink>saloncom august</entry><entry level="1" type="bullet"><weblink ns0:type="simple" ns0:href="http://www.lessig.org/blog/archives/003140.shtml">googl su</weblink>lawrenc lessig blog septemb</entry><entry level="1" type="bullet"><weblink ns0:type="simple" ns0:href="http://slashdot.org/article.pl?sid=02/10/21/1254221">googl su rank</weblink>post slashdot cmdrtaco octob</entry><entry level="1" type="bullet"><weblink ns0:type="simple" ns0:href="http://www.high-search-engine-ranking.com/search_engine_news_blog_Nov02.htm#GoogleConspiracyTheoryAliveandWell">googl conspiraci theori aliv well</weblink>search engin news blog novemb</entry></list></p></sec><sec><st /><p><list><entry level="1" type="bullet"><link ns0:type="simple" ns0:href="../319/9874319.xml">googl privaci issu</link></entry><entry level="1" type="bullet"><message wordnetid="106598915" confidence="0.8"><disapproval wordnetid="106709533" confidence="0.8"><criticism wordnetid="106710546" confidence="0.8"><link ns0:type="simple" ns0:href="../319/9874319.xml">critic googl</link></criticism></disapproval></message></entry><entry level="1" type="bullet"><meme wordnetid="105985126" confidence="0.8"><acculturation wordnetid="105984936" confidence="0.8"><link ns0:type="simple" ns0:href="../203/1508203.xml">googlezon</link></acculturation></meme></entry><entry level="1" type="bullet"><web_site wordnetid="106359193" confidence="0.9508927676800064"><link>scroogl</link></web_site></entry></list></p></sec><sec><st>extern link</st><p><list><entry level="1" type="bullet"><weblink ns0:type="simple" ns0:href="http://www.google-watch.org">googl watch</weblink></entry></list></p></sec></bdy></web_site></article>