<article xmlns:ns0="http://www.w3.org/1999/xlink"><idea confidence="0.8" wordnetid="105833840"><concept confidence="0.8" wordnetid="105835747"><header><title>branch predic</title><id /><revision><id /><timestamp>tz</timestamp><contributor><username>rje</username><id /></contributor></revision><categories><category>condit construct</category><category>instruct process</category></categories></header><bdy>confus<link ns0:type="simple" ns0:href="../129/416129.xml">branch predict</link><p>branch predic strategi<link ns0:type="simple" ns0:href="../509/6509.xml">comput architectur</link>design mitig cost associ condit<link ns0:type="simple" ns0:href="../210/1013210.xml">branch</link>es branch short section code allow instruct condit perform oper</p><sec><st>overview</st><p><link ns0:type="simple" ns0:href="../783/5783.xml">comput program</link>respond user fact portion program execut condit major<link ns0:type="simple" ns0:href="../218/5218.xml">processor</link>simpli execut<link ns0:type="simple" ns0:href="../801/3149801.xml">instruct</link>encount tradit solut insert<it>branch</it>instruct allow program condit branch code good solut design began improv perform<link ns0:type="simple" ns0:href="../314/220314.xml">instruct pipelin</link>slow branch thorough descript problem aros popular solut<link ns0:type="simple" ns0:href="../129/416129.xml">branch predict</link></p><p>luckili common pattern code reli branch eleg solut consid<link ns0:type="simple" ns0:href="../185/24185.xml">pseudocod</link></p><p><it>condit</it><it /><it /></p><p>system condit branch translat<link ns0:type="simple" ns0:href="../683/20683.xml">machin instruct</link></p><p>branch<it>condit</it>label<it />branch label label<it />label</p><p>branch predic branch path execut correct path thrown basic idea instruct associ predic word usag<link ns0:type="simple" ns0:href="../970/74970.xml">predic logic</link>instruct will execut predic true machin code exampl branch predic</p><p><it>condit</it><it>condit</it></p><p>note elimin branch code need total provid architectur predic instruct guarante faster execut gener will block code short</p><p>typic order claim system branch predic instruct abil execut condit base predic</p></sec><sec><st>advantag disadvantag</st><p>main purpos predic avoid jump small section program code increas effect<link ns0:type="simple" ns0:href="../187/1236187.xml">pipelin</link>execut avoid problem<link ns0:type="simple" ns0:href="../181/849181.xml">cach</link>number subtl benefit<list><entry level="1" type="bullet">function tradit comput simpl arithmet<link ns0:type="simple" ns0:href="../399/264399.xml">bitwis oper</link>quicker comput predic instruct</entry><entry level="1" type="bullet">predic instruct predic mix uncondit code allow better<link ns0:type="simple" ns0:href="../199/1113199.xml">instruct schedul</link>better perform</entry><entry level="1" type="bullet">elimin unnecessari branch instruct execut branch loop faster lessen load<link ns0:type="simple" ns0:href="../129/416129.xml">branch predict</link>mechan</entry></list>predic strong drawback encod space typic implement instruct reserv bitfield predic instruct memori limit<link ns0:type="simple" ns0:href="../630/46630.xml">embed devic</link>space cost prohibit architectur<link>thumb</link>avoid issu</p></sec><sec><st>exampl</st><p><link ns0:type="simple" ns0:href="../617/14617.xml">intel</link><link ns0:type="simple" ns0:href="../454/15454.xml">ia</link>architectur instruct ia<link ns0:type="simple" ns0:href="../772/47772.xml">instruct set</link>predic predic store special purpos<link ns0:type="simple" ns0:href="../432/486432.xml">regist</link>predic regist true<it>unpred</it>instruct simpli instruct predic true predic essenti ia implement<link ns0:type="simple" ns0:href="../279/3827279.xml">softwar pipelin</link>avoid write separ code prolog epilog</p><p><chip wordnetid="103020034" confidence="0.8"><artifact wordnetid="100021939" confidence="0.8"><instrumentality wordnetid="103575240" confidence="0.8"><microprocessor wordnetid="103760310" confidence="0.8"><conductor wordnetid="103088707" confidence="0.8"><device wordnetid="103183080" confidence="0.8"><semiconductor_device wordnetid="104171831" confidence="0.8"><link ns0:type="simple" ns0:href="../558/60558.xml">arm architectur</link></semiconductor_device></device></conductor></microprocessor></instrumentality></artifact></chip>instruct condit execut thirteen predic depend flag carri overflow neg arm bit thumb instruct set branch predic order save encod space successor<link>thumb</link>overcom problem special instruct suppli predic instruct</p><p>concret exampl code exploit branch predic arm assembl exampl<link ns0:type="simple" ns0:href="../410/985410.xml">binari gcd algorithm</link></p></sec></bdy></concept></idea></article>