<article xmlns:ns0="http://www.w3.org/1999/xlink"><header><title>soft comput</title><id /><revision><id /><timestamp>tz</timestamp><contributor><username>jtdirl</username><id /></contributor></revision><categories><category>artifici intellig</category><category>scientif model</category><category>semant web</category></categories></header><bdy>soft comput refer collect comput techniqu<link ns0:type="simple" ns0:href="../323/5323.xml">comput scienc</link><link ns0:type="simple" ns0:href="../488/233488.xml">machin learn</link>engin disciplin studi model analyz complex phenomena convent method yield low cost analyt complet solut soft comput soft techniqu contrast classic<link ns0:type="simple" ns0:href="../164/1164.xml">artifici intellig</link>hard comput techniqu<link>hard comput</link>bound comput scienc concept call<link ns0:type="simple" ns0:href="../466/39466.xml">npcomplet</link>layman term direct connect size problem amount resourc need solv problem problem larg lifetim<link ns0:type="simple" ns0:href="../880/31880.xml">univers</link>solv<link ns0:type="simple" ns0:href="../153/37153.xml">super comput</link>speed soft comput aid surmount npcomplet problem inexact method inexact answer<link>intract</link>problem<sec><st>introduct</st><p>soft comput formal comput scienc area studi earli<ref ns0:type="simple" ns0:href="#xpointer(//reflist/entry[@id=%221%22])" />earlier comput approach model precis analyz simpl system complex system aris<link ns0:type="simple" ns0:href="../632/9127632.xml">biolog</link><link ns0:type="simple" ns0:href="../957/18957.xml">medicin</link><link ns0:type="simple" ns0:href="../132/53132.xml">human</link><link ns0:type="simple" ns0:href="../200/20200.xml">manag scienc</link>field remain intract convent mathemat analyt method point simplic complex system rel convent mathemat model challeng product</p><p>compon soft comput includ<list><entry level="1" type="bullet"><link ns0:type="simple" ns0:href="../542/1729542.xml">neural network</link>nn</entry><entry level="1" type="bullet"><link ns0:type="simple" ns0:href="../660/48660.xml">fuzzi system</link>fs</entry><entry level="1" type="bullet"><link ns0:type="simple" ns0:href="../020/268020.xml">evolutionari comput</link>ec includ</entry><entry level="2" type="bullet"><event wordnetid="100029378" confidence="0.8"><rule wordnetid="105846932" confidence="0.8"><act wordnetid="100030358" confidence="0.8"><psychological_feature wordnetid="100023100" confidence="0.8"><procedure wordnetid="101023820" confidence="0.8"><activity wordnetid="100407535" confidence="0.8"><algorithm wordnetid="105847438" confidence="0.8"><link ns0:type="simple" ns0:href="../837/190837.xml">evolutionari algorithm</link></algorithm></activity></procedure></psychological_feature></act></rule></event></entry><entry level="2" type="bullet"><event wordnetid="100029378" confidence="0.8"><rule wordnetid="105846932" confidence="0.8"><act wordnetid="100030358" confidence="0.8"><psychological_feature wordnetid="100023100" confidence="0.8"><procedure wordnetid="101023820" confidence="0.8"><activity wordnetid="100407535" confidence="0.8"><algorithm wordnetid="105847438" confidence="0.8"><link ns0:type="simple" ns0:href="../902/9485902.xml">harmoni search</link></algorithm></activity></procedure></psychological_feature></act></rule></event></entry><entry level="1" type="bullet"><system wordnetid="104377057" confidence="0.8"><artifact wordnetid="100021939" confidence="0.8"><instrumentality wordnetid="103575240" confidence="0.8"><event wordnetid="100029378" confidence="0.8"><rule wordnetid="105846932" confidence="0.8"><act wordnetid="100030358" confidence="0.8"><psychological_feature wordnetid="100023100" confidence="0.8"><procedure wordnetid="101023820" confidence="0.8"><activity wordnetid="100407535" confidence="0.8"><algorithm wordnetid="105847438" confidence="0.8"><link ns0:type="simple" ns0:href="../988/762988.xml">swarm intellig</link></algorithm></activity></procedure></psychological_feature></act></rule></event></instrumentality></artifact></system></entry><entry level="1" type="bullet">idea<link ns0:type="simple" ns0:href="../934/22934.xml">probabl</link>includ</entry><entry level="2" type="bullet"><physical_entity wordnetid="100001930" confidence="0.8"><person wordnetid="100007846" confidence="0.8"><model wordnetid="110324560" confidence="0.8"><assistant wordnetid="109815790" confidence="0.8"><worker wordnetid="109632518" confidence="0.8"><causal_agent wordnetid="100007347" confidence="0.8"><link ns0:type="simple" ns0:href="../996/203996.xml">bayesian network</link></causal_agent></worker></assistant></model></person></physical_entity></entry><entry level="1" type="bullet"><idea wordnetid="105833840" confidence="0.8"><concept wordnetid="105835747" confidence="0.8"><link ns0:type="simple" ns0:href="../295/6295.xml">chao theori</link></concept></idea></entry></list></p><p>gener speak soft comput techniqu resembl biolog process close tradit techniqu base formal<link ns0:type="simple" ns0:href="../102/396102.xml">logic system</link><link ns0:type="simple" ns0:href="../154/18154.xml">sententi logic</link><link ns0:type="simple" ns0:href="../970/74970.xml">predic logic</link>reli heavili computeraid numer analysi<link ns0:type="simple" ns0:href="../581/18233581.xml">finit element analysi</link>soft comput techniqu intend complement</p><p>hard comput scheme strive exact full truth soft comput techniqu exploit toler imprecis partial truth uncertainti problem common contrast observ<link ns0:type="simple" ns0:href="../736/393736.xml">induct reason</link>play larger role soft comput hard comput</p></sec><sec><st /><p><list><entry level="1" type="bullet"><link ns0:type="simple" ns0:href="../637/3062637.xml">estim distribut algorithm</link></entry><entry level="1" type="bullet"><link ns0:type="simple" ns0:href="../609/1199609.xml">soft scienc</link></entry><entry level="1" type="bullet"><system wordnetid="104377057" confidence="0.8"><artifact wordnetid="100021939" confidence="0.8"><instrumentality wordnetid="103575240" confidence="0.8"><link ns0:type="simple" ns0:href="../778/1634778.xml">rough set theori</link></instrumentality></artifact></system></entry><entry level="1" type="bullet"><event wordnetid="100029378" confidence="0.8"><rule wordnetid="105846932" confidence="0.8"><act wordnetid="100030358" confidence="0.8"><psychological_feature wordnetid="100023100" confidence="0.8"><procedure wordnetid="101023820" confidence="0.8"><activity wordnetid="100407535" confidence="0.8"><algorithm wordnetid="105847438" confidence="0.8"><link ns0:type="simple" ns0:href="../254/40254.xml">genet algorithm</link></algorithm></activity></procedure></psychological_feature></act></rule></event></entry><entry level="1" type="bullet"><link>neural network</link></entry><entry level="1" type="bullet"><link ns0:type="simple" ns0:href="../180/49180.xml">fuzzi logic</link></entry><entry level="1" type="bullet"><link ns0:type="simple" ns0:href="../309/65309.xml">support vector machin</link></entry></list></p></sec><sec><st>refer</st><p><reflist><entry id="1">sadeh lotfi fuzzi logic neural network soft comput commun acm march</entry></reflist></p></sec><sec><st>bibliographi</st><p>abrahama natur scope ai techniqu handbook measur system design peter sydenham richard thorn ed john wiley son london isbn</p><p>abrahama artifici neural network handbook measur system design peter sydenham richard thorn ed john wiley son london isbn</p><p>abrahama rule base expert system handbook measur system design peter sydenham richard thorn ed john wiley son london isbn</p><p>abrahama evolutionari comput handbook measur system design peter sydenham richard thorn ed john wiley son london isbn</p><p>abrahama adapt fuzzi infer system neural learn fuzzi system engin theori practic nadia nedjah al ed studi fuzzi soft comput springer verlag germani isbn chapter</p><p>abrahama grosan engin evolutionari intellig system methodolog architectur review engin evolutionari intellig system studi comput intellig springer verlag germani isbn</p><p>abrahama da roy swarm intellig algorithm data cluster soft comput knowledg discoveri data mine ode maimon lior rokach ed springer verlag germani isbn</p></sec><sec><st>extern link</st><p><list><entry level="1" type="bullet"><weblink ns0:type="simple" ns0:href="http://www.softcomputing.es/en/home.php">european centr soft comput</weblink></entry><entry level="1" type="bullet"><weblink ns0:type="simple" ns0:href="http://www.helsinki.fi/~niskanen/bisc.html">bisc sig philosophi soft comput</weblink></entry></list></p></sec></bdy></article>