<article xmlns:ns0="http://www.w3.org/1999/xlink"><physical_entity confidence="0.8" wordnetid="100001930"><person confidence="0.8" wordnetid="100007846"><model confidence="0.8" wordnetid="110324560"><assistant confidence="0.8" wordnetid="109815790"><worker confidence="0.8" wordnetid="109632518"><causal_agent confidence="0.8" wordnetid="100007347"><network confidence="0.9511911446218017" wordnetid="108434259"><header><title>bayesian network</title><id /><revision><id /><timestamp>tz</timestamp><contributor><username>lightbot</username><id /></contributor></revision><categories><category>articl lack intext citat</category><category>bayesian network</category><category>graph model statist</category><category>statist model</category><category>network</category></categories></header><bdy><table class="metadata plainlinks ambox "><row><col>amboxstyl style</col></row><row><col class="mbox-image"><p><image width="50px" src="Text_document_with_red_question_mark.svg" /></p></col><col style="" class="mbox-text">articl includ sourc remain unclear insuffici articl introduc precis citat</col></row></table>bayesian network belief network<link ns0:type="simple" ns0:href="../298/447298.xml">probabilist graphic model</link>repres set<link ns0:type="simple" ns0:href="../818/32818.xml">variabl</link>probabilist independ exampl bayesian network repres probabilist relationship diseas symptom symptom network comput probabl presenc diseas<p>formal bayesian network<link ns0:type="simple" ns0:href="../002/204002.xml">direct acycl graph</link>node repres variabl arc encod condit independ variabl node repres kind variabl measur paramet<link ns0:type="simple" ns0:href="../330/2649330.xml">latent variabl</link>hypothesi restrict repres<link ns0:type="simple" ns0:href="../685/25685.xml">random variabl</link>repres<link ns0:type="simple" ns0:href="../526/38526.xml">bayesian</link>aspect bayesian network effici algorithm exist perform<link ns0:type="simple" ns0:href="../465/317465.xml">infer</link>learn bayesian network bayesian network model sequenc variabl exampl<link ns0:type="simple" ns0:href="../468/29468.xml">speech signal</link><link ns0:type="simple" ns0:href="../659/1107659.xml">protein sequenc</link>call<link ns0:type="simple" ns0:href="../713/1242713.xml">dynam bayesian network</link>gener bayesian network repres solv decis problem uncertainti call<link ns0:type="simple" ns0:href="../259/1194259.xml">influenc diagram</link></p><sec><st>definit concept</st><p><link ns0:type="simple" ns0:href="../806/325806.xml">arc</link>node<it />node<it /><it />call<it>parent</it><it /><it /><it>child</it><it />set parent node node<it />denot parent<it /><link ns0:type="simple" ns0:href="../002/204002.xml">direct acycl graph</link>bayesian network rel set variabl<link ns0:type="simple" ns0:href="../637/879637.xml">joint distribut</link>node valu written product local distribut node parent</p><p><indent level="1"><math>mathrm px_ ldot x_n prod_in mathrm px_i mid operatornameparentsx_i</math></indent>node<math>x_i</math>parent local probabl distribut<it>uncondit</it><it>condit</it>node<it>observ</it>node<it>evid</it>node</p><ss1><st>independ<it />separ</st><p>graph encod independ variabl<link ns0:type="simple" ns0:href="../135/801135.xml">condit independ</link>determin graphic properti<it />separ set node<it /><it /><it />separ graph third set<it />correspond variabl set<it /><it />independ variabl<it />minim set node<it />separ node<it />node<it /><system wordnetid="108435388" confidence="0.8"><group wordnetid="100031264" confidence="0.8"><network wordnetid="108434259" confidence="0.8"><link ns0:type="simple" ns0:href="../984/1169984.xml">markov blanket</link></network></group></system></p><p>path allow path direct dsepar block set node hold<list><entry level="1" type="number"><it>chain</it>middl node</entry><entry level="1" type="number"><it>fork</it>middl node</entry><entry level="1" type="number"><it>invert fork</it><it>collid</it>middl node descend</entry></list></p><p>set dsepar<link ns0:type="simple" ns0:href="../002/204002.xml">direct acycl graph</link>path dsepar dsepar stand direct behavior three node link path depend direct arrow link</p><p>node uncondit independ node common ancestor equival path node<it>collid</it>equival node dsepar empti set</p></ss1><ss1><st>causal bayesian network</st><p>bayesian network carrier condit independ set variabl causal connect causal relat model close<link>causal bayesian network</link>addit semant causal bayesian network node<it />activ caus<it />oper written<it>dox</it>probabl densiti function chang network cut link<it />parent<it />set<it />caus<it />semant predict impact extern intervent data prior intervent</p></ss1></sec><sec><st>exampl</st><p><image location="right" width="400px" src="SimpleBayesNet.svg" type="thumb"><caption>simpl bayesian network</caption></image></p><p>suppos event grass wet sprinkler rain suppos rain direct sprinkler rain sprinkler turn situat model adjac bayesian network three variabl valu true fals</p><p>joint probabl function</p><p><math>mathrm pgsrmathrm pgsrmathrm psrmathrm pr</math></p><p>name variabl abbrevi<it>grass wet</it><it>sprinkler</it><it>rain</it></p><p>model answer question probabl rain grass wet<link ns0:type="simple" ns0:href="../791/5791.xml">condit probabl</link>formula sum<link ns0:type="simple" ns0:href="../528/979528.xml">nuisanc variabl</link><indent level="1" /><math>mathrm pmathitrt mid mathitgt fracmathrm pmathitgtmathitrtmathrm pmathitgt fracsum_mathit fmathrm pmathitgtmathitsmathitrtsum_mathit mathitr mathrm pmathitgtmathitsmathitr</math><indent level="1"><math>frac time time _ttt time time _tft_ttt _ttf _tft _tff approx</math></indent>exampl numer point explicitli joint probabl function calcul iter summat function<link ns0:type="simple" ns0:href="../039/113039.xml">numer</link>margin<math>mathit</math><link ns0:type="simple" ns0:href="../824/1704824.xml">denomin</link>margin<math>mathit</math><math>mathitr</math></p><p>hand answer intervent question likelihood rain wet grass answer govern postintervent joint distribut function<math>mathrm psrdogt psr pr</math>remov factor<math>mathrm pgsr</math>preintervent distribut expect likelihood rain unaffect action<math>mathrm prdogt pr</math></p><p>bayesian network save consider amount memori depend joint distribut spars exampl naiv store condit probabl twovalu variabl tabl requir storag space<math />valu local distribut variabl depend parent variabl bayesian network represent store<math />valu</p><p>advantag bayesian network intuit easier human understand spars set direct depend local distribut complet joint distribut</p></sec><sec><st>infer</st><p>bayesian network complet model variabl relationship answer probabilist queri exampl network find updat knowledg subset variabl variabl<it>evid</it>variabl observ process comput<it>posterior</it>distribut variabl evid call probabilist infer posterior univers<link>suffici statist</link>detect applic choos valu variabl subset minim expect loss function instanc probabl decis error bayesian network consid mechan automat appli<statement wordnetid="106722453" confidence="0.8"><message wordnetid="106598915" confidence="0.8"><theorem wordnetid="106752293" confidence="0.8"><proposition wordnetid="106750804" confidence="0.8"><link ns0:type="simple" ns0:href="../569/49569.xml">bay theorem</link></proposition></theorem></message></statement>complex problem</p><p>common exact infer method<link>variabl elimin</link>elimin integr summat nonobserv nonqueri variabl distribut sum product<link>cliqu tree propag</link>cach comput variabl queri time evid propag<link>recurs condit</link>allow spacetim tradeoff match effici variabl elimin space method complex exponenti network<link ns0:type="simple" ns0:href="../023/159023.xml">treewidth</link>common approxim infer algorithm stochast<know-how wordnetid="105616786" confidence="0.8"><method wordnetid="105660268" confidence="0.8"><link ns0:type="simple" ns0:href="../801/236801.xml">mcmc</link></method></know-how>simul<link>minibucket elimin</link>gener<link ns0:type="simple" ns0:href="../010/800010.xml">loopi belief propag</link><link ns0:type="simple" ns0:href="../480/1208480.xml">variat method</link></p></sec><sec><st>paramet learn</st><p>order fulli bayesian network fulli repres joint probabl distribut node<it />probabl distribut<it />condit<it />parent distribut<it />condit parent form common work discret<link ns0:type="simple" ns0:href="../462/21462.xml">gaussian distribut</link>simplifi calcul constraint distribut<link ns0:type="simple" ns0:href="../718/201718.xml">principl maximum entropi</link>determin singl distribut greatest<link ns0:type="simple" ns0:href="../445/15445.xml">entropi</link>constraint analog specif context<link ns0:type="simple" ns0:href="../713/1242713.xml">dynam bayesian network</link>commonli specifi condit distribut hidden tempor evolut maxim<link ns0:type="simple" ns0:href="../463/11071463.xml">entropi rate</link>impli stochast process</p><p>condit distribut includ paramet unknown estim data<link ns0:type="simple" ns0:href="../806/140806.xml">maximum likelihood</link>approach direct maxim likelihood<link ns0:type="simple" ns0:href="../672/357672.xml">posterior probabl</link>complex unobserv variabl classic approach problem<link ns0:type="simple" ns0:href="../752/470752.xml">expectationmaxim algorithm</link>altern comput expect valu unobserv variabl condit observ data maxim complet likelihood posterior assum comput expect valu correct mild regular condit process converg maximum likelihood maximum posterior valu paramet fulli bayesian approach paramet treat paramet addit unobserv variabl comput full posterior distribut node condit observ data integr paramet approach expens lead larg dimens model practis classic parameterset approach common</p></sec><sec><st>structur learn</st><p>simplest case bayesian network expert perform infer applic task defin network complex human case network structur paramet local distribut learn data</p><p>learn structur bayesian network graph challeng pursu<link ns0:type="simple" ns0:href="../488/233488.xml">machin learn</link>basic idea recoveri algorithm develop reban pearl<ref ns0:type="simple" ns0:href="#xpointer(//reflist/entry[@id=%221%22])" />rest distinct three type adjac triplet allow direct acycl graph dag</p><p><math>rightarrow rightarrow</math><math>leftarrow rightarrow</math><math>rightarrow leftarrow</math></p><p>type type repres depend<math /><math />independ<math />indistinguish type uniqu identifi<math /><math />margin independ pair depend<it>skeleton</it>graph strip arrow three triplet ident direction arrow partial identifi distinct appli<math /><math />common parent condit parent algorithm develop systemat determin skeleton underli graph orient arrow direction dictat condit independ observ<ref ns0:type="simple" ns0:href="#xpointer(//reflist/entry[@id=%222%22])" /><ref ns0:type="simple" ns0:href="#xpointer(//reflist/entry[@id=%223%22])" /><ref ns0:type="simple" ns0:href="#xpointer(//reflist/entry[@id=%224%22])" /><ref ns0:type="simple" ns0:href="#xpointer(//reflist/entry[@id=%225%22])" /></p><p>altern method structur learn optim base search requir<link>score function</link><link>search strategi</link>common score function<link ns0:type="simple" ns0:href="../672/357672.xml">posterior probabl</link>structur train data time requir<link ns0:type="simple" ns0:href="../127/103127.xml">exhaust search</link>return structur maxim score<link>superexponenti</link>number variabl local search strategi increment chang aim improv score structur global search algorithm<know-how wordnetid="105616786" confidence="0.8"><method wordnetid="105660268" confidence="0.8"><link ns0:type="simple" ns0:href="../801/236801.xml">markov chain mont carlo</link></method></know-how>avoid trap<link ns0:type="simple" ns0:href="../420/298420.xml">local minima</link>friedman al talk<link ns0:type="simple" ns0:href="../282/427282.xml">mutual</link>variabl find structur maxim restrict parent candid set<it />node exhaust search</p></sec><sec><st>applic</st><p>bayesian network<link ns0:type="simple" ns0:href="../590/20590.xml">model</link>knowledg<link ns0:type="simple" ns0:href="../214/4214.xml">bioinformat</link><link ns0:type="simple" ns0:href="../382/356382.xml">gene regulatori network</link><link ns0:type="simple" ns0:href="../126/969126.xml">protein structur</link><link ns0:type="simple" ns0:href="../957/18957.xml">medicin</link><link ns0:type="simple" ns0:href="../441/1331441.xml">document classif</link><link ns0:type="simple" ns0:href="../271/15271.xml">retriev</link><ref ns0:type="simple" ns0:href="#xpointer(//reflist/entry[@id=%226%22])" /><link ns0:type="simple" ns0:href="../332/76332.xml">imag process</link><link ns0:type="simple" ns0:href="../679/7176679.xml">data fusion</link><link ns0:type="simple" ns0:href="../578/469578.xml">decis support system</link><link ns0:type="simple" ns0:href="../251/9251.xml">engin</link><link ns0:type="simple" ns0:href="../668/18949668.xml">law</link><ref ns0:type="simple" ns0:href="#xpointer(//reflist/entry[@id=%227%22])" /><ref ns0:type="simple" ns0:href="#xpointer(//reflist/entry[@id=%228%22])" /><ref ns0:type="simple" ns0:href="#xpointer(//reflist/entry[@id=%229%22])" /></p></sec><sec><st>histori</st><p>term bayesian network coin pearl emphas three aspect<ref ns0:type="simple" ns0:href="#xpointer(//reflist/entry[@id=%2210%22])" /></p><p><list><entry level="1" type="number">subject natur input</entry><entry level="1" type="number">relianc bayess condit basi updat</entry><entry level="1" type="number">distinct causal evidenti mode reason underscor<person wordnetid="100007846" confidence="0.9508927676800064"><scientist wordnetid="110560637" confidence="0.9508927676800064"><link ns0:type="simple" ns0:href="../117/149117.xml">thoma bay</link></scientist></person>posthum publish paper<ref ns0:type="simple" ns0:href="#xpointer(//reflist/entry[@id=%2211%22])" /></entry></list></p><p>inform variant network<link ns0:type="simple" ns0:href="../481/51481.xml">legal scholar</link><physical_entity wordnetid="100001930" confidence="0.8"><person wordnetid="100007846" confidence="0.8"><intellectual wordnetid="109621545" confidence="0.8"><adult wordnetid="109605289" confidence="0.8"><professional wordnetid="110480253" confidence="0.8"><educator wordnetid="110045713" confidence="0.8"><communicator wordnetid="109610660" confidence="0.8"><dean wordnetid="109996784" confidence="0.8"><administrator wordnetid="109770949" confidence="0.8"><leader wordnetid="109623038" confidence="0.8"><alumnus wordnetid="109786338" confidence="0.8"><academic_administrator wordnetid="109758885" confidence="0.8"><academician wordnetid="109759069" confidence="0.8"><causal_agent wordnetid="100007347" confidence="0.8"><writer wordnetid="110794014" confidence="0.8"><head wordnetid="110162991" confidence="0.8"><scholar wordnetid="110557854" confidence="0.8"><link ns0:type="simple" ns0:href="../619/3402619.xml">john henri wigmor</link></scholar></head></writer></causal_agent></academician></academic_administrator></alumnus></leader></administrator></dean></communicator></educator></professional></adult></intellectual></person></physical_entity>form<link ns0:type="simple" ns0:href="../785/7723785.xml">wigmor chart</link>analys<link ns0:type="simple" ns0:href="../812/3276812.xml">trial</link><link ns0:type="simple" ns0:href="../231/2001231.xml">evid</link><ref ns0:type="simple" ns0:href="#xpointer(//reflist/entry[@id=%228%22])" />variant call<link ns0:type="simple" ns0:href="../893/590893.xml">path diagram</link>develop geneticist<physical_entity wordnetid="100001930" confidence="0.8"><person wordnetid="100007846" confidence="0.8"><biologist wordnetid="109855630" confidence="0.8"><geneticist wordnetid="110126424" confidence="0.8"><causal_agent wordnetid="100007347" confidence="0.8"><scientist wordnetid="110560637" confidence="0.8"><link ns0:type="simple" ns0:href="../593/1700593.xml">sewal wright</link></scientist></causal_agent></geneticist></biologist></person></physical_entity><ref ns0:type="simple" ns0:href="#xpointer(//reflist/entry[@id=%2212%22])" />social behavior scienc linear parametr model</p></sec><sec><st /><p><list><entry level="1" type="bullet"><link ns0:type="simple" ns0:href="../571/49571.xml">bayesian infer</link></entry><entry level="1" type="bullet"><statement wordnetid="106722453" confidence="0.8"><message wordnetid="106598915" confidence="0.8"><theorem wordnetid="106752293" confidence="0.8"><proposition wordnetid="106750804" confidence="0.8"><link ns0:type="simple" ns0:href="../569/49569.xml">bay theorem</link></proposition></theorem></message></statement></entry><entry level="1" type="bullet"><link ns0:type="simple" ns0:href="../571/49571.xml">bayesian statist</link></entry><entry level="1" type="bullet"><link ns0:type="simple" ns0:href="../566/12680566.xml">chowliu tree</link></entry><entry level="1" type="bullet"><physical_entity wordnetid="100001930" confidence="0.8"><system wordnetid="108435388" confidence="0.8"><person wordnetid="100007846" confidence="0.8"><model wordnetid="110324560" confidence="0.8"><assistant wordnetid="109815790" confidence="0.8"><worker wordnetid="109632518" confidence="0.8"><causal_agent wordnetid="100007347" confidence="0.8"><group wordnetid="100031264" confidence="0.8"><network wordnetid="108434259" confidence="0.8"><link ns0:type="simple" ns0:href="../298/447298.xml">graphic model</link></network></group></causal_agent></worker></assistant></model></person></system></physical_entity></entry><entry level="1" type="bullet"><system wordnetid="108435388" confidence="0.8"><group wordnetid="100031264" confidence="0.8"><network wordnetid="108434259" confidence="0.8"><link ns0:type="simple" ns0:href="../259/1194259.xml">influenc diagram</link></network></group></system></entry><entry level="1" type="bullet"><link ns0:type="simple" ns0:href="../488/233488.xml">machin learn</link></entry><entry level="1" type="bullet"><system wordnetid="108435388" confidence="0.8"><group wordnetid="100031264" confidence="0.8"><network wordnetid="108434259" confidence="0.8"><link ns0:type="simple" ns0:href="../488/1731488.xml">polytre</link></network></group></system></entry><entry level="1" type="bullet"><physical_entity wordnetid="100001930" confidence="0.8"><person wordnetid="100007846" confidence="0.8"><model wordnetid="110324560" confidence="0.8"><assistant wordnetid="109815790" confidence="0.8"><worker wordnetid="109632518" confidence="0.8"><causal_agent wordnetid="100007347" confidence="0.8"><link ns0:type="simple" ns0:href="../012/11228012.xml">variableord bayesian network</link></causal_agent></worker></assistant></model></person></physical_entity></entry><entry level="1" type="bullet"><link ns0:type="simple" ns0:href="../748/2007748.xml">structur equat model</link></entry><entry level="1" type="bullet"><link ns0:type="simple" ns0:href="../446/213446.xml">view</link></entry></list></p></sec><sec><st>footnot</st><p><reflist><entry id="1">reban pearl recoveri causal polytre statist data<it>proceed workshop uncertainti ai</it>seattl wa</entry><entry id="2"><cite id="Reference-Pearl-2000" style="font-style:normal" class="book"><person wordnetid="100007846" confidence="0.9508927676800064"><scientist wordnetid="110560637" confidence="0.9508927676800064"><link ns0:type="simple" ns0:href="../964/699964.xml">pearl judea</link></scientist></person>causal model reason infer<company wordnetid="108058098" confidence="0.9508927676800064"><link ns0:type="simple" ns0:href="../199/73199.xml">cambridg univers press</link></company>isbn</cite></entry><entry id="3">spirt glymour algorithm fast recoveri spars causal graph<it>social scienc comput review</it></entry><entry id="4">spirt glymour schein<it>causat predict search</it>york springerverlag</entry><entry id="5">verma pearl equival synthesi causal model<it>proceed sixth confer uncertainti artifici intellig</it>juli cambridg ma reprint bonisson henrion kanal lemmer editor<it>uncertainti artifici intellig</it>amsterdam elsevi scienc publish bv</entry><entry id="6"><cite style="font-style:normal">lui de campo juan fernndezluna juan huet bayesian network retriev introduct special issu<it>process manag</it>elsevi<document wordnetid="106470073" confidence="0.8"><written_communication wordnetid="106349220" confidence="0.8"><writing wordnetid="106362953" confidence="0.8"><link ns0:type="simple" ns0:href="../994/422994.xml">doi</link></writing></written_communication></document><weblink ns0:type="simple" ns0:href="http://dx.doi.org/10.1016%2Fj.ipm.2004.03.001">jipm</weblink></cite></entry><entry id="7"><cite style="font-style:normal">davi bayesian reconstruct traffic accid<it>law probabl risk</it><document wordnetid="106470073" confidence="0.8"><written_communication wordnetid="106349220" confidence="0.8"><writing wordnetid="106362953" confidence="0.8"><link ns0:type="simple" ns0:href="../994/422994.xml">doi</link></writing></written_communication></document><weblink ns0:type="simple" ns0:href="http://dx.doi.org/10.1093%2Flpr%2F2.2.69">lpr</weblink></cite></entry><entry id="8"><cite style="font-style:normal" class="book">kadan schum probabilist analysi sacco vanzetti evid york wiley isbn</cite></entry><entry id="9"><cite style="font-style:normal" class="book">pourret naim marcot<weblink ns0:type="simple" ns0:href="http://www.wiley.com/go/pourret">bayesian network practic guid applic</weblink>chichest uk wiley isbn</cite></entry><entry id="10">judea pearl bayesian network model selfactiv memori evidenti reason proceed confer cognit scienc societi univers california irvin august</entry><entry id="11"><cite style="font-style:normal">thoma bay essay solv problem doctrin chanc late rev bay fr commun price letter john canton fr<it>philosoph transact royal societi london</it><document wordnetid="106470073" confidence="0.8"><written_communication wordnetid="106349220" confidence="0.8"><writing wordnetid="106362953" confidence="0.8"><link ns0:type="simple" ns0:href="../994/422994.xml">doi</link></writing></written_communication></document><weblink ns0:type="simple" ns0:href="http://dx.doi.org/10.1098%2Frstl.1763.0053">rstl</weblink></cite></entry><entry id="12">wright sewal correl causat<it>journal agricultur</it></entry></reflist></p></sec><sec><st>refer</st><p><list><entry level="1" type="bullet">bengal<weblink ns0:type="simple" ns0:href="http://www.eng.tau.ac.il/~bengal/BN.pdf">bayesian network</weblink>ruggeri kenett faltin editor encyclopedia statist qualiti reliabl john wiley son</entry><entry level="1" type="bullet">enriqu castillo jo manuel gutirrez ali hadi<it>expert system probabilist network model</it>york<company wordnetid="108058098" confidence="0.8"><institution wordnetid="108053576" confidence="0.8"><link ns0:type="simple" ns0:href="../949/1418949.xml">springerverlag</link></institution></company>isbn</entry><entry level="1" type="bullet">fenton neil httpswwwdcsqmulacuknormanpaperscombiningevidenceinriskanalysisusingbnspdf combin evid risk analysi bayesian network</entry><entry level="1" type="bullet"><cite style="font-style:normal" class="book">finn jensen bayesian network decis graph<company wordnetid="108058098" confidence="0.8"><institution wordnetid="108053576" confidence="0.8"><link ns0:type="simple" ns0:href="../949/1418949.xml">springer</link></institution></company></cite></entry><entry level="1" type="bullet">neil fenton tailor<weblink ns0:type="simple" ns0:href="http://www.dcs.qmul.ac.uk/~norman/papers/oprisk.pdf">bayesian network model expect unexpect oper loss</weblink>risk analysi intern journal</entry><entry level="1" type="bullet">judea pearl fusion propag structur belief network<it>artifici intellig</it></entry><entry level="1" type="bullet"><cite style="font-style:normal" class="book">judea pearl probabilist reason intellig system<link ns0:type="simple" ns0:href="../989/8306989.xml">morgan kaufmann</link>isbn</cite></entry><entry level="1" type="bullet">judea pearl stuart russel bayesian network arbib editor<it>handbook brain theori neural network</it>cambridg ma<company wordnetid="108058098" confidence="0.9508927676800064"><link ns0:type="simple" ns0:href="../601/719601.xml">mit press</link></company>isbn</entry><entry level="1" type="bullet">comley<weblink ns0:type="simple" ns0:href="http://www.csse.monash.edu.au/~dld">dow</weblink><weblink ns0:type="simple" ns0:href="http://www.csse.monash.edu.au/~dld/David.Dowe.publications.html#ComleyDowe2005">minimum messag length mdl generalis bayesian network asymmetr languag</weblink><weblink ns0:type="simple" ns0:href="http://mitpress.mit.edu/catalog/item/default.asp?ttype=2 tid=10478 mode=toc">chapter</weblink><weblink ns0:type="simple" ns0:href="http://www.csse.monash.edu.au/~dld/Publications/2005/ComleyDowe2005MMLGeneralizedBayesianNetsAsymmetricLanguages_p265.jpg" /><weblink ns0:type="simple" ns0:href="http://www.csse.monash.edu.au/~dld/Publications/2005/ComleyDowe2005MMLGeneralizedBayesianNetsAsymmetricLanguages_p294.jpg" />grunwald pitt myung editor<weblink ns0:type="simple" ns0:href="http://mitpress.mit.edu/catalog/item/default.asp?sid=4C100C6F-2255-40FF-A2ED-02FC49FEBE7C ttype=2 tid=10478">advanc minimum descript length theori applic</weblink>cambridg ma<company wordnetid="108058098" confidence="0.9508927676800064"><link ns0:type="simple" ns0:href="../601/719601.xml">mit press</link></company>april isbn paper put<link ns0:type="simple" ns0:href="../602/232602.xml">decis tree</link>intern node bay network<weblink ns0:type="simple" ns0:href="http://www.csse.monash.edu.au/~dld/MML.html">minimum messag length</weblink><link ns0:type="simple" ns0:href="../210/302210.xml">mml</link>earlier version<weblink ns0:type="simple" ns0:href="http://www.csse.monash.edu.au/~dld/David.Dowe.publications.html#ComleyDowe2003">comley dow</weblink><weblink ns0:type="simple" ns0:href="http://www.csse.monash.edu.au/~dld/Publications/2003/Comley+Dowe03_HICS2003_GeneralBayesianNetworksAsymmetricLanguages.pdf">pdf</weblink></entry><entry level="1" type="bullet">christian borgelt rudolf kruse<weblink ns0:type="simple" ns0:href="http://fuzzy.cs.uni-magdeburg.de/books/gm/">graphic model method data analysi mine</weblink>chichest uk<link ns0:type="simple" ns0:href="../469/2319469.xml">wiley</link>isbn</entry><entry level="1" type="bullet"><cite style="font-style:normal" class="book">kevin korb ann nicholson<weblink ns0:type="simple" ns0:href="http://www.csse.monash.edu.au/bai">bayesian artifici intellig</weblink><link ns0:type="simple" ns0:href="../382/834382.xml">crc press</link>isbn</cite></entry><entry level="1" type="bullet"><weblink ns0:type="simple" ns0:href="http://www.cs.ust.hk/faculty/lzhang/bio.html">nevin lianwen zhang</weblink><weblink ns0:type="simple" ns0:href="http://www.cs.ubc.ca/spider/poole/">david pool</weblink><weblink ns0:type="simple" ns0:href="http://www.cs.ubc.ca/spider/poole/papers/canai94.pdf">simpl approach bayesian network comput</weblink>proceed tenth biennial canadian artifici intellig confer ai banff ab paper present variabl elimin belief network</entry><entry level="1" type="bullet"><weblink ns0:type="simple" ns0:href="http://research.microsoft.com/~heckerman/">david heckerman</weblink><weblink ns0:type="simple" ns0:href="http://research.microsoft.com/research/pubs/view.aspx?msr_tr_id=MSR-TR-95-06">tutori learn bayesian network</weblink>learn graphic model jordan mit press cambridg ma appear technic report msrtr microsoft march earlier version appear bayesian network data mine data mine knowledg discoveri paper paramet structur learn bayesian network</entry></list></p></sec><sec><st>extern link</st><p><list><entry level="1" type="bullet"><weblink ns0:type="simple" ns0:href="http://research.microsoft.com/research/pubs/view.aspx?msr_tr_id=MSR-TR-95-06">tutori learn bayesian network</weblink></entry><entry level="1" type="bullet"><weblink ns0:type="simple" ns0:href="http://www.niedermayer.ca/papers/bayesian/bayes.html">introduct bayesian network contemporari applic</weblink></entry><entry level="1" type="bullet"><weblink ns0:type="simple" ns0:href="http://www.dcs.qmw.ac.uk/%7Enorman/BBNs/BBNs.htm">onlin tutori bayesian net probabl</weblink></entry><entry level="1" type="bullet">softwar resourc<weblink ns0:type="simple" ns0:href="http://www.cs.ubc.ca/~murphyk/Bayes/bnsoft.html">kevin murphi list</weblink><weblink ns0:type="simple" ns0:href="http://www.csse.monash.edu.au/bai/book/appendix_b.pdf">korb nicholson list</weblink></entry></list></p></sec></bdy></network></causal_agent></worker></assistant></model></person></physical_entity></article>