<article xmlns:ns0="http://www.w3.org/1999/xlink"><null_set confidence="0.8" wordnetid="108001344"><set confidence="0.8" wordnetid="107999699"><header><title>normal number</title><id /><revision><id /><timestamp>tz</timestamp><contributor><username>thijsbot</username><id /></contributor></revision><categories><category>articl unsourc statement</category><category>articl invalid paramet templat</category><category>number theori</category><category>articl unsourc statement juli</category><category>set real number</category></categories></header><bdy><indent level="1"><it>topic treat articl titl<link ns0:type="simple" ns0:href="../780/653780.xml">normal number comput</link></it></indent><link ns0:type="simple" ns0:href="../831/18831.xml">mathemat</link>normal number<link ns0:type="simple" ns0:href="../491/19725491.xml">real number</link>digit<link ns0:type="simple" ns0:href="../207/701207.xml">base</link><link ns0:type="simple" ns0:href="../214/1699214.xml">uniform distribut</link>digit equal pair digit equal triplet digit equal<p>gener proof<link ns0:type="simple" ns0:href="../309/1309.xml" />number normal proof construct concret number normal instanc believ number<link ns0:type="simple" ns0:href="../682/341682.xml" /><link ns0:type="simple" ns0:href="../601/23601.xml" /><it><link ns0:type="simple" ns0:href="../633/9633.xml" /></it>normal proof remain elus</p><sec><st>definit</st><p>finit<link ns0:type="simple" ns0:href="../269/4292269.xml">alphabet</link><it />digit<it />isin sigma infin infinit<link ns0:type="simple" ns0:href="../838/27838.xml">sequenc</link>drawn alphabet sigma<it />isin sigma finit<idea wordnetid="105833840" confidence="0.8"><concept wordnetid="105835747" confidence="0.8"><category wordnetid="105838765" confidence="0.8"><language wordnetid="106282651" confidence="0.8"><type wordnetid="105840188" confidence="0.8"><kind wordnetid="105839024" confidence="0.8"><link ns0:type="simple" ns0:href="../701/27701.xml#xpointer(//*[./st=%22Formal+theory%22])">string</link></kind></type></language></category></concept></idea>drawn alphabet sigma<it />posit integ defin<it>ns</it><it /><it />number time string<it />appear<link ns0:type="simple" ns0:href="../560/2696560.xml">substr</link><it />digit sequenc<it />instanc<it /><it>ns</it><it />normal finit string<it />isin sigma</p><p><indent level="1"><math>lim_ntoinfti fracn_swnn fracbw</math></indent>thinsp<it />thinsp denot length string<it /><link ns0:type="simple" ns0:href="../773/285773.xml">limit</link><it />normal string equal length occur equal<link ns0:type="simple" ns0:href="../503/3469503.xml">asymptot</link>frequenc exampl normal binari sequenc sequenc alphabet occur frequenc frasl occur frequenc frasl occur frequenc frasl roughli speak<link ns0:type="simple" ns0:href="../934/22934.xml">probabl</link>find string<it />posit<it />precis expect sequenc produc<link ns0:type="simple" ns0:href="../256/48256.xml">random</link></p><p>suppos<it /><link ns0:type="simple" ns0:href="../563/14563.xml">integ</link>greater<it /><link ns0:type="simple" ns0:href="../491/19725491.xml">real number</link>consid infinit digit sequenc expans<it>sx</it><it />base<it /><link ns0:type="simple" ns0:href="../170/21170.xml">posit number system</link>ignor decim point<it />normal base<it />sequenc<it>sx</it>normal number<it />call normal number absolut normal number normal base<it />integ<it />greater</p><p>infinit sequenc normal normal real number base<it />expans integ<it />ge normal base<physical_entity wordnetid="100001930" confidence="0.8"><peer wordnetid="109626238" confidence="0.8"><person wordnetid="100007846" confidence="0.8"><colleague wordnetid="109935990" confidence="0.8"><causal_agent wordnetid="100007347" confidence="0.8"><scientist wordnetid="110560637" confidence="0.8"><mathematician wordnetid="110301261" confidence="0.8"><associate wordnetid="109816771" confidence="0.8"><link ns0:type="simple" ns0:href="../206/1709206.xml">cassel</link></associate></mathematician></scientist></causal_agent></colleague></person></peer></physical_entity><person wordnetid="100007846" confidence="0.9638700866880419"><link ns0:type="simple" ns0:href="../227/8693227.xml">schmidt</link></person>normal number base<it />normal base<it />log<it />log<it />ration number schmidt</p><p><link ns0:type="simple" ns0:href="../950/4251950.xml">disjunct sequenc</link>sequenc finit string appear normal sequenc disjunct disjunct sequenc normal number disjunct base base call lexicon<it />dens<ref ns0:type="simple" ns0:href="#xpointer(//reflist/entry[@id=%221%22])" />normal number<it />dens vice versa weaker properti normal simpl normal number simpli normal base<it />individu digit appear frequenc<it />base<it />number simpli normal normal<it />dens<it />dens simpli normal normal normal simpli normal<it />dens</p></sec><sec><st>properti exampl</st><p>concept normal number introduc<link>mile borel</link><statement wordnetid="106722453" confidence="0.8"><message wordnetid="106598915" confidence="0.8"><lemma wordnetid="106751833" confidence="0.8"><proposition wordnetid="106750804" confidence="0.8"><link ns0:type="simple" ns0:href="../987/44987.xml">borelcantelli lemma</link></proposition></lemma></message></statement>prove normal number theorem<link ns0:type="simple" ns0:href="../309/1309.xml" />real number normal sens set nonnorm number<link ns0:type="simple" ns0:href="../198/18198.xml">lebesgu measur</link>borel theorem establish exist normal number<link ns0:type="simple" ns0:href="../122/34122.xml">waclaw sierpinski</link>exampl</p><p>set nonnorm number small sens<link ns0:type="simple" ns0:href="../520/21520.xml">null set</link>larg sens<link ns0:type="simple" ns0:href="../248/32248.xml">uncount</link>uncount number decim expans digit normal</p><p><idea wordnetid="105833840" confidence="0.8"><concept wordnetid="105835747" confidence="0.8"><constant wordnetid="105858936" confidence="0.8"><quantity wordnetid="105855125" confidence="0.8"><link ns0:type="simple" ns0:href="../351/541351.xml">champernown number</link></quantity></constant></concept></idea><indent level="1" />concaten decim represent natur number order normal base normal base<link>copelanderd constant</link><indent level="1" />concaten<link ns0:type="simple" ns0:href="../666/23666.xml">prime number</link>base normal base</p><p>exampl normal number<link ns0:type="simple" ns0:href="../205/6205.xml">chaitin constant</link><math>omega</math><link ns0:type="simple" ns0:href="../548/4257548.xml">algorithm random sequenc</link>alphabet<math>sigma ldotsb</math>base<it />expans normal number<link ns0:type="simple" ns0:href="../206/6206.xml">comput</link>absolut normal number construct becher</p><p><link ns0:type="simple" ns0:href="../024/19727024.xml">ration number</link>normal base digit sequenc ration number<link ns0:type="simple" ns0:href="../447/13612447.xml">eventu period</link></p><p>bailey crandal explicit<link ns0:type="simple" ns0:href="../248/32248.xml">uncount infinit</link>class<it />normal number perturb<null_set wordnetid="108001344" confidence="0.8"><set wordnetid="107999699" confidence="0.8"><link ns0:type="simple" ns0:href="../361/541361.xml">stoneham number</link></set></null_set><ref ns0:type="simple" ns0:href="#xpointer(//reflist/entry[@id=%221%22])" /></p><p>elus goal prove normal number explicitli construct purpos instanc unknown<link ns0:type="simple" ns0:href="../682/341682.xml" /><link ns0:type="simple" ns0:href="../601/23601.xml" /><link ns0:type="simple" ns0:href="../476/21476.xml">ln</link><link ns0:type="simple" ns0:href="../633/9633.xml" />normal conjectur normal empir evid digit occur infinit decim expans constant conjectur<link ns0:type="simple" ns0:href="../804/19724804.xml">irrat</link><link ns0:type="simple" ns0:href="../158/1158.xml">algebra number</link>normal counterexampl exist algebra number proven normal base</p><p>addit properti normal number includ</p><p><list><entry level="1" type="bullet">posit number product normal number gener fact number product number set<math>xsubseteqr</math>complement<it />measur</entry></list></p><p><list><entry level="1" type="bullet"><it />normal base<it /><it /><link ns0:type="simple" ns0:href="../024/19727024.xml">ration number</link><math>cdot</math>normal base<it />wall</entry></list></p><p><list><entry level="1" type="bullet"><math>asubseteqn</math><it>dens</it><math>alpha lt</math>larg<it /><math>cap ldotsn geq nalpha</math><math>a_a_a_ldot</math>base<it />expans element<it />number<math>a_a_a_ldot</math>form concaten element<it />normal base<it />copeland erd champernown number normal base set posit integ dens copelanderd constant normal base<link ns0:type="simple" ns0:href="../692/23692.xml">prime number theorem</link>impli set prime dens</entry></list></p><p><list><entry level="1" type="bullet">sequenc normal<link ns0:type="simple" ns0:href="../922/14922.xml" /><it>block</it>equal length appear equal frequenc block length<it />substr length<it />appear posit sequenc multipl<it />length<it />block<it /><it />second length<it />block<it />kk implicit work ziv lempel explicit work bourk hitchcock vinodchandran</entry></list></p><p><list><entry level="1" type="bullet">number normal base<it />simpli normal base<it>bk</it>integ<math>geq</math>previou block character normal nth block length<it />base<it />expans correspond nth digit base<it>bk</it>expans number simpli normal base<it>bk</it>block length<it />appear base<it />expans equal frequenc</entry></list></p><p><list><entry level="1" type="bullet">number normal simpli normal base previou character base<it />normal</entry></list></p><p><list><entry level="1" type="bullet">number<it />normal simpli normal base<it /><it /><it /></entry></list></p><p><list><entry level="1" type="bullet">number<it />normal exist set posit integ<math>m_ ltm_ ltm_ ltcdot</math>number simpli normal base<it>bm</it><math>minm_m_ldot</math><ref ns0:type="simple" ns0:href="#xpointer(//reflist/entry[@id=%222%22])" />finit set suffic number<it />normal</entry></list></p><p><list><entry level="1" type="bullet">set normal sequenc close finit variat ad remov chang<link ns0:type="simple" ns0:href="../742/11742.xml">finit</link>number digit normal sequenc leav normal</entry></list></p><p><list><entry level="1" type="bullet">number<it />normal<ref ns0:type="simple" ns0:href="#xpointer(//reflist/entry[@id=%223%22])" /></entry><entry level="2" type="indent"><math>liminf_mtoinftylimsup_ntoinftyfrac_l jle nbjxi ltbmnbminfti</math></entry></list></p></sec><sec><st>connect finitest machin</st><p>agafonov earli connect<link ns0:type="simple" ns0:href="../931/10931.xml">finitest machin</link>normal sequenc subsequ select normal sequenc<link ns0:type="simple" ns0:href="../723/25723.xml">regular languag</link>normal run finitest machin normal sequenc finitest machin label output output machin output digit read enter output output digit enter output sequenc output will normal agafonov</p><p>deeper connect exist finitest gambler fsg lossless finitest compressor ilfsc</p><p>finitest gambler aka finitest<link ns0:type="simple" ns0:href="../536/274536.xml">martingal</link><link ns0:type="simple" ns0:href="../931/10931.xml">finitest machin</link>finit alphabet<math>sigma</math>label percentag money bet digit<math>sigma</math>instanc fsg binari alphabet<math>sigma</math>current<it />bet percentag<math>q_</math>gambler money bit remain<math>q_ q_</math>fraction gambler money bit money bet digit input total money time percent bet multipli<math>sigma</math>rest money lost bit read fsg transit input receiv fsg<it />succe infinit sequenc<it />start unbound money bet sequenc</p><p><indent level="1"><math>limsup_ntoinfti ds upharpoonright infti</math></indent><math>ds upharpoonright</math>amount money gambler<it />read<it />digit<it /><link>limit superior</link></p><p>finitest compressor<link ns0:type="simple" ns0:href="../931/10931.xml">finitest machin</link>output string label<link ns0:type="simple" ns0:href="../857/548857.xml">transit</link>includ empti string digit read input sequenc transit output empti string order achiev compress lossless finitest compressor finitest compressor input uniqu recov output final finitest compressor<it />set<it /><it />lossless function<math>sigma sigma time</math>map input string<it />output string final<it /><link ns0:type="simple" ns0:href="../417/252417.xml" />compress techniqu<plant wordnetid="100017222" confidence="0.8"><tree wordnetid="113104059" confidence="0.8"><vascular_plant wordnetid="113083586" confidence="0.8"><event wordnetid="100029378" confidence="0.8"><rule wordnetid="105846932" confidence="0.8"><woody_plant wordnetid="113103136" confidence="0.8"><act wordnetid="100030358" confidence="0.8"><psychological_feature wordnetid="100023100" confidence="0.8"><procedure wordnetid="101023820" confidence="0.8"><activity wordnetid="100407535" confidence="0.8"><algorithm wordnetid="105847438" confidence="0.8"><link ns0:type="simple" ns0:href="../883/13883.xml">huffman code</link></algorithm></activity></procedure></psychological_feature></act></woody_plant></rule></event></vascular_plant></tree></plant><link ns0:type="simple" ns0:href="../544/62544.xml">shannonfano code</link>implement ilfsc ilfsc<it />compress infinit sequenc<it /></p><p><indent level="1"><math>liminf_ntoinfti fracc upharpoonright nn lt</math></indent><math>cs upharpoonright</math>number digit output<it />read<it />digit<it />note<link ns0:type="simple" ns0:href="../681/8681.xml">compress ratio</link><link ns0:type="simple" ns0:href="../837/44837.xml">limit inferior</link>equal ilfsc simpli copi input output</p><p>schnorr stimm fsg succeed normal sequenc bourk hitchcock vinodchandran<link ns0:type="simple" ns0:href="../331/2671331.xml">convers</link><indent level="1"><it>sequenc normal finitest gambler succe</it></indent>ziv lempel<indent level="1"><it>sequenc normal incompress lossless finitest compressor</it></indent>sequenc optim compress ratio ilfsc exactli<it><link ns0:type="simple" ns0:href="../445/15445.xml">entropi</link>rate</it>quantit measur deviat normal exactli sequenc normal<link ns0:type="simple" ns0:href="../855/75855.xml">lz compress algorithm</link>compress asymptot well ilfsc lz compress algorithm compress nonnorm sequenc ziv lempel</p><p>character normal sequenc interpret normal finitest random normal sequenc precis appear random finitest machin compar<link ns0:type="simple" ns0:href="../548/4257548.xml">algorithm random sequenc</link>infinit sequenc appear random algorithm fact gambl compress character<invention wordnetid="105633385" confidence="0.8"><know-how wordnetid="105616786" confidence="0.8"><method wordnetid="105660268" confidence="0.8"><link ns0:type="simple" ns0:href="../403/30403.xml">ture machin</link></method></know-how></invention>replac finitest machin</p></sec><sec><st>connect equidistribut sequenc</st><p>number<it />normal base<it /><link ns0:type="simple" ns0:href="../922/14922.xml" />sequenc<math>left bk _kinfti</math><link ns0:type="simple" ns0:href="../420/1030420.xml">equidistribut modulo</link>equival<link ns0:type="simple" ns0:href="../015/1986015.xml">weyl criterion</link><indent level="1"><math>lim_nrightarrowinftyfracnsum_kn pi bk quadmbox integ mgeq</math></indent></p></sec><sec><st>note</st><p><reflist><entry id="1"><link ns0:type="simple" ns0:href="#xpointer(//cite[@id=%22CITEREFBaileyCrandall2002%22])">bailey crandal</link></entry><entry id="2"><link ns0:type="simple" ns0:href="#xpointer(//cite[@id=%22CITEREFLong1957%22])">long</link></entry><entry id="3"><link ns0:type="simple" ns0:href="#xpointer(//cite[@id=%22CITEREFBaileyMisiurewicz2006%22])">bailey misiurewicz</link></entry></reflist></p></sec><sec><st>refer</st><p><list><entry level="1" type="bullet"><cite id="CITEREFAgafonov1968" style="font-style:normal">agafonov normal sequenc finit automata<it><link ns0:type="simple" ns0:href="../850/15050850.xml">soviet mathemat dokladi</link></it></cite></entry></list></p><p><list><entry level="1" type="bullet"><cite id="CITEREFBaileyCrandall2001" style="font-style:normal"><link>bailey</link><link>crandal</link><weblink ns0:type="simple" ns0:href="http://www.nersc.gov/~dhbailey/dhbpapers/baicran.pdf">random charact fundament constant expans</weblink><it><link ns0:type="simple" ns0:href="../498/18797498.xml">experiment mathemat</link></it></cite></entry></list></p><p><list><entry level="1" type="bullet"><cite id="CITEREFBaileyCrandall2002" style="font-style:normal"><link>bailey</link><link>crandal</link><weblink ns0:type="simple" ns0:href="http://www.emis.de/journals/EM/expmath/volumes/11/11.4/pp527_546.pdf">random gener normal number</weblink><it><link ns0:type="simple" ns0:href="../498/18797498.xml">experiment mathemat</link></it></cite></entry></list></p><p><list><entry level="1" type="bullet"><cite id="CITEREFBaileyMisiurewicz2006" style="font-style:normal"><link>bailey</link><link>misiurewicz</link><weblink ns0:type="simple" ns0:href="http://repositories.cdlib.org/lbnl/LBNL-53656_Journal/">strong hot spot theorem</weblink><it><work wordnetid="104599396" confidence="0.8"><product wordnetid="104007894" confidence="0.8"><creation wordnetid="103129123" confidence="0.8"><artifact wordnetid="100021939" confidence="0.8"><periodical wordnetid="106593296" confidence="0.8"><publication wordnetid="106589574" confidence="0.8"><link ns0:type="simple" ns0:href="../374/4977374.xml">proceed american mathemat societi</link></publication></periodical></artifact></creation></product></work></it></cite></entry></list></p><p><list><entry level="1" type="bullet"><cite id="CITEREFBecherFigueira2002" style="font-style:normal">becher figueira exampl comput absolut normal number<it>theoret comput scienc</it><document wordnetid="106470073" confidence="0.8"><written_communication wordnetid="106349220" confidence="0.8"><writing wordnetid="106362953" confidence="0.8"><link ns0:type="simple" ns0:href="../994/422994.xml">doi</link></writing></written_communication></document><weblink ns0:type="simple" ns0:href="http://dx.doi.org/10.1016%2FS0304-3975%2801%2900170-0" /></cite></entry></list></p><p><list><entry level="1" type="bullet"><cite id="CITEREFBorel1909" style="font-style:normal"><link>borel</link>le probabilit dnombrabl leur applic arithmtiqu<it>rendiconti del circolo matematico di palermo</it></cite></entry></list></p><p><list><entry level="1" type="bullet"><cite id="CITEREFBourkeHitchcockVinodchandran2005" style="font-style:normal">bourk hitchcock vinodchandran entropi rate finitest dimens<it>theoret comput scienc</it><document wordnetid="106470073" confidence="0.8"><written_communication wordnetid="106349220" confidence="0.8"><writing wordnetid="106362953" confidence="0.8"><link ns0:type="simple" ns0:href="../994/422994.xml">doi</link></writing></written_communication></document><weblink ns0:type="simple" ns0:href="http://dx.doi.org/10.1016%2Fj.tcs.2005.09.040">jtc</weblink></cite></entry></list></p><p><list><entry level="1" type="bullet"><cite id="CITEREFCassels1959" style="font-style:normal"><link>cassel</link>problem steinhau normal number<it>colloquium mathematicum</it></cite></entry></list></p><p><list><entry level="1" type="bullet"><cite id="CITEREFChampernowne1933" style="font-style:normal"><link>champernown</link>construct decim normal scale ten<it><body wordnetid="107965085" confidence="0.8"><social_group wordnetid="107950920" confidence="0.8"><society wordnetid="107966140" confidence="0.8"><group wordnetid="100031264" confidence="0.8"><administration wordnetid="108164585" confidence="0.8"><link ns0:type="simple" ns0:href="../097/591097.xml">journal london mathemat societi</link></administration></group></society></social_group></body></it><document wordnetid="106470073" confidence="0.8"><written_communication wordnetid="106349220" confidence="0.8"><writing wordnetid="106362953" confidence="0.8"><link ns0:type="simple" ns0:href="../994/422994.xml">doi</link></writing></written_communication></document><weblink ns0:type="simple" ns0:href="http://dx.doi.org/10.1112%2Fjlms%2Fs1-8.4.254">jlmss</weblink></cite></entry></list></p><p><list><entry level="1" type="bullet"><cite id="CITEREFCopelandErd.C5.91s1946" style="font-style:normal"><link>copeland</link><link>erd</link>note normal number<it><work wordnetid="104599396" confidence="0.8"><product wordnetid="104007894" confidence="0.8"><creation wordnetid="103129123" confidence="0.8"><artifact wordnetid="100021939" confidence="0.8"><periodical wordnetid="106593296" confidence="0.8"><publication wordnetid="106589574" confidence="0.8"><link ns0:type="simple" ns0:href="../304/2668304.xml">bulletin american mathemat societi</link></publication></periodical></artifact></creation></product></work></it><document wordnetid="106470073" confidence="0.8"><written_communication wordnetid="106349220" confidence="0.8"><writing wordnetid="106362953" confidence="0.8"><link ns0:type="simple" ns0:href="../994/422994.xml">doi</link></writing></written_communication></document><weblink ns0:type="simple" ns0:href="http://dx.doi.org/10.1090%2FS0002-9904-1946-08657-7" /></cite></entry></list></p><p><list><entry level="1" type="bullet"><cite id="CITEREFLong1957" style="font-style:normal">long<weblink ns0:type="simple" ns0:href="http://projecteuclid.org/DPubS/Repository/1.0/Disseminate?view=body id=pdf_1 handle=euclid.pjm/1103043507">note normal number</weblink><it><work wordnetid="104599396" confidence="0.8"><product wordnetid="104007894" confidence="0.8"><creation wordnetid="103129123" confidence="0.8"><artifact wordnetid="100021939" confidence="0.8"><periodical wordnetid="106593296" confidence="0.8"><publication wordnetid="106589574" confidence="0.8"><link ns0:type="simple" ns0:href="../883/2625883.xml">pacif journal mathemat</link></publication></periodical></artifact></creation></product></work></it></cite></entry></list></p><p><list><entry level="1" type="bullet"><cite id="CITEREFSchmidt1960" style="font-style:normal">schmidt<weblink ns0:type="simple" ns0:href="http://projecteuclid.org/DPubS?service=UI version=1.0 verb=Display handle=euclid.pjm/1103038420">normal number</weblink><it><work wordnetid="104599396" confidence="0.8"><product wordnetid="104007894" confidence="0.8"><creation wordnetid="103129123" confidence="0.8"><artifact wordnetid="100021939" confidence="0.8"><periodical wordnetid="106593296" confidence="0.8"><publication wordnetid="106589574" confidence="0.8"><link ns0:type="simple" ns0:href="../883/2625883.xml">pacif journal mathemat</link></publication></periodical></artifact></creation></product></work></it></cite></entry></list></p><p><list><entry level="1" type="bullet"><cite id="CITEREFSchnorrStimm1972" style="font-style:normal"><link>schnorr</link>stimm endlich automaten und zufallsfolgen<it>acta informatica</it><document wordnetid="106470073" confidence="0.8"><written_communication wordnetid="106349220" confidence="0.8"><writing wordnetid="106362953" confidence="0.8"><link ns0:type="simple" ns0:href="../994/422994.xml">doi</link></writing></written_communication></document><weblink ns0:type="simple" ns0:href="http://dx.doi.org/10.1007%2FBF00289514">bf</weblink></cite></entry></list></p><p><list><entry level="1" type="bullet"><cite id="CITEREFSierpi.C5.84ski1917" style="font-style:normal"><link>sierpiski</link>dmonstrat lmentair dun thorm de borel sur le nombr absolut normaux dtermin effect dun tel nombr<it>bulletin de la socit mathmatiqu de franc</it></cite></entry></list></p><p><list><entry level="1" type="bullet"><cite id="CITEREFWall1949" style="font-style:normal">wall<it>normal number</it>phd thesi berkeley california univers california</cite></entry></list></p><p><list><entry level="1" type="bullet"><cite id="CITEREFZivLempel1978" style="font-style:normal"><link>ziv</link><link>lempel</link><weblink ns0:type="simple" ns0:href="http://citeseer.ist.psu.edu/ziv78compression.html">compress individu sequenc variabler code</weblink><it><periodical wordnetid="106593296" confidence="0.9508927676800064"><link ns0:type="simple" ns0:href="../484/1976484.xml">ieee transact theori</link></periodical></it><document wordnetid="106470073" confidence="0.8"><written_communication wordnetid="106349220" confidence="0.8"><writing wordnetid="106362953" confidence="0.8"><link ns0:type="simple" ns0:href="../994/422994.xml">doi</link></writing></written_communication></document><weblink ns0:type="simple" ns0:href="http://dx.doi.org/10.1109%2FTIT.1978.1055934">tit</weblink></cite></entry></list></p></sec><sec><st>read</st><p><list><entry level="1" type="bullet"><cite id="CITEREFQu.C3.A9fflec2006" style="font-style:normal">qufflec normal denten den holland verbitskiy<it>dynam stochast festschrift honor kean</it>im lectur note monograph seri beachwood ohio<link ns0:type="simple" ns0:href="../647/8096647.xml">institut mathemat statist</link><document wordnetid="106470073" confidence="0.8"><written_communication wordnetid="106349220" confidence="0.8"><writing wordnetid="106362953" confidence="0.8"><link ns0:type="simple" ns0:href="../994/422994.xml">doi</link></writing></written_communication></document><weblink ns0:type="simple" ns0:href="http://dx.doi.org/10.1214%2F074921706000000248" /><link ns0:type="simple" ns0:href="../751/38751.xml">ar chiiv</link></cite></entry></list></p></sec></bdy></set></null_set></article>