<article xmlns:ns0="http://www.w3.org/1999/xlink"><header><title>multipl</title><id /><revision><id /><timestamp>tz</timestamp><contributor><username>dragonbot</username><id /></contributor></revision><categories><category>need cleanup</category><category>multipl</category><category>elementari arithmet</category><category>articl proof</category><category>binari oper</category><category>cleanup septemb</category><category>mathemat notat</category></categories></header><bdy>multipli redirect<link ns0:type="simple" ns0:href="../424/13531424.xml">multipl disambigu</link><image location="right" width="150px" src="Three_by_Four.svg" type="thumb"><caption>time twelv dot arrang three row column three</caption></image><p>multipl<link ns0:type="simple" ns0:href="../474/21474.xml">number</link><link ns0:type="simple" ns0:href="../245/4140245.xml">mathemat oper</link>ad multipl copi number exampl multipli three twelv three set twelv</p><p><indent level="1"><math /></indent>multipl view count object arrang<link ns0:type="simple" ns0:href="../048/70048.xml">rectangl</link>find<link ns0:type="simple" ns0:href="../209/1209.xml">area</link>rectangl side<link ns0:type="simple" ns0:href="../542/18542.xml">length</link></p><p>multipl main oper<link ns0:type="simple" ns0:href="../386/1567386.xml">elementari arithmet</link>peopl learn basic multipl<link ns0:type="simple" ns0:href="../775/775.xml">algorithm</link><link ns0:type="simple" ns0:href="../232/11749232.xml">elementari school</link>invers multipl<link ns0:type="simple" ns0:href="../696/53696.xml">divis</link></p><p>multipl<link ns0:type="simple" ns0:href="../845/20845.xml#xpointer(//*[./st=%22Multiplication+with+different+kinds+of+numbers%22])">gener</link>kind number abstract construct matric</p><sec><st>notat terminolog</st><p><image location="right" width="150px" src="Multiplication_Sign.svg" type="thumb"><caption>multipl sign</caption></image>multipl written<link ns0:type="simple" ns0:href="../033/249033.xml">multipl sign</link>time term<link ns0:type="simple" ns0:href="../014/199014.xml">infix notat</link>result express<link ns0:type="simple" ns0:href="../828/501828.xml">equal sign</link>exampl</p><p><indent level="1"><math>time</math>verbal time three equal</indent><indent level="1"><math>time</math></indent><indent level="1"><math>time time time</math></indent><indent level="1"><math>time time time time</math></indent>common notat multipl</p><p>multipl denot<link ns0:type="simple" ns0:href="../854/143854.xml">middl dot</link><link ns0:type="simple" ns0:href="../216/49216.xml">period</link></p><p><indent level="1"><math>cdot quadtextorquad</math></indent>middl dot standard<body wordnetid="107965085" confidence="0.8"><social_group wordnetid="107950920" confidence="0.8"><political_orientation wordnetid="106212839" confidence="0.8"><colony wordnetid="108374049" confidence="0.8"><state wordnetid="108168978" confidence="0.8"><political_unit wordnetid="108359949" confidence="0.8"><group wordnetid="100031264" confidence="0.8"><democracy wordnetid="106217103" confidence="0.8"><link ns0:type="simple" ns0:href="../750/3434750.xml">unit</link></democracy></group></political_unit></state></colony></political_orientation></social_group></body><autocracy wordnetid="108361001" confidence="0.8"><system wordnetid="108435388" confidence="0.8"><social_group wordnetid="107950920" confidence="0.8"><political_orientation wordnetid="106212839" confidence="0.8"><monarchy wordnetid="108363812" confidence="0.8"><state wordnetid="108168978" confidence="0.8"><political_unit wordnetid="108359949" confidence="0.8"><political_system wordnetid="108367880" confidence="0.8"><economy wordnetid="108366753" confidence="0.8"><group wordnetid="100031264" confidence="0.8"><democracy wordnetid="106217103" confidence="0.8"><link ns0:type="simple" ns0:href="../717/31717.xml">unit kingdom</link></democracy></group></economy></political_system></political_unit></state></monarchy></political_orientation></social_group></system></autocracy>countri period<link ns0:type="simple" ns0:href="../503/80503.xml">decim point</link>countri<link ns0:type="simple" ns0:href="../125/59125.xml">comma</link>decim point period multipl</p><p><link ns0:type="simple" ns0:href="../152/59152.xml">asterisk</link><link ns0:type="simple" ns0:href="../015/23015.xml">program languag</link>appear keyboard easier older monitor usag origin<link ns0:type="simple" ns0:href="../168/11168.xml">fortran</link>program languag</p><p><link ns0:type="simple" ns0:href="../923/18716923.xml">algebra</link>multipl involv<link ns0:type="simple" ns0:href="../818/32818.xml">variabl</link>written<it>xy</it><it />time<it /><it />time<it />notat number surround<link ns0:type="simple" ns0:href="../hem/Ledringhem.xml#xpointer(//*[./st=%22Parentheses_=2528_=2529%22])">parenthes</link>time</p><p><link ns0:type="simple" ns0:href="../280/125280.xml">matrix multipl</link>distinct cross dot symbol cross symbol gener denot vector multipl dot denot scalar multipl convent distinguish<link ns0:type="simple" ns0:href="../092/157092.xml">cross product</link><link ns0:type="simple" ns0:href="../093/157093.xml">dot product</link><link ns0:type="simple" ns0:href="../370/32370.xml">vector</link></p><p>number multipli gener call factor multiplicand think multipl repeat addit number multipli call multiplicand number multipl call multipli algebra number multipli variabl express<it>xy</it>call<link ns0:type="simple" ns0:href="../203/51203.xml">coeffici</link></p><p>result multipl call<link ns0:type="simple" ns0:href="../977/24977.xml">product</link><link ns0:type="simple" ns0:href="../709/3912709.xml">multipl</link>factor integ exampl product multipl multipl</p></sec><sec><st>comput</st><p>method comput product includ larg number<link ns0:type="simple" ns0:href="../411/57411.xml">multipl algorithm</link></p><p>standard method multipli number pencil paper requir<link ns0:type="simple" ns0:href="../122/57122.xml">multipl tabl</link>memor consult product small number typic number method<event wordnetid="100029378" confidence="0.8"><rule wordnetid="105846932" confidence="0.8"><act wordnetid="100030358" confidence="0.8"><psychological_feature wordnetid="100023100" confidence="0.8"><procedure wordnetid="101023820" confidence="0.8"><activity wordnetid="100407535" confidence="0.8"><algorithm wordnetid="105847438" confidence="0.8"><link ns0:type="simple" ns0:href="../814/3975814.xml">peasant multipl</link></algorithm></activity></procedure></psychological_feature></act></rule></event>algorithm mathemat curricula develop standard<link ns0:type="simple" ns0:href="../691/1561691.xml">nctm</link>teach standard arithmet method guid student invent method comput school district nation unit encount resist parent mathematician district abandon curricula favor<link ns0:type="simple" ns0:href="../259/6877259.xml">tradit mathemat</link></p><p>multipli number coupl decim place hand tediou error prone<link ns0:type="simple" ns0:href="../482/174482.xml">common logarithm</link>invent simplifi calcul<link ns0:type="simple" ns0:href="../743/28743.xml">slide rule</link>allow number multipli three place accuraci earli<link ns0:type="simple" ns0:href="../558/34558.xml">twentieth centuri</link>mechan<link ns0:type="simple" ns0:href="../593/7593.xml">calcul</link><company wordnetid="108058098" confidence="0.8"><institution wordnetid="108053576" confidence="0.8"><link ns0:type="simple" ns0:href="../716/4280716.xml">marchant</link></institution></company>autom multipl digit number modern electron<link ns0:type="simple" ns0:href="../457/7878457.xml">comput</link>calcul greatli reduc multipl hand</p><ss1><st>rule</st><p>method exist determin result incorrect origin proof rule unknown exampl determin add digit multipli arriv digit result digit number oper perform digit number arriv add oper second multipli arriv number number multipli number result arriv number final number propos result digit number oper perform equal number multipl result incorrect ad</p><p>frequent oper perform larg multipl result addit digit multipli space northernmost point second multipli bottom result multipli number ad digit result ad number result bottom left</p><p>result definit wrong equal</p><p>result incorrect</p><p>method guarante result correct number match will elimin incorrect</p></ss1><ss1><st>histor algorithm</st><p>method multipl document<region wordnetid="108630985" confidence="0.8"><administrative_district wordnetid="108491826" confidence="0.8"><location wordnetid="100027167" confidence="0.8"><empire wordnetid="108557482" confidence="0.8"><domain wordnetid="108556491" confidence="0.8"><district wordnetid="108552138" confidence="0.8"><country wordnetid="108544813" confidence="0.8"><link ns0:type="simple" ns0:href="../874/874.xml">egyptian</link></country></district></domain></empire></location></administrative_district></region><link ns0:type="simple" ns0:href="../540/66540.xml">greec</link><autocracy wordnetid="108361001" confidence="0.8"><social_group wordnetid="107950920" confidence="0.8"><monarchy wordnetid="108363812" confidence="0.8"><political_system wordnetid="108367880" confidence="0.8"><group wordnetid="100031264" confidence="0.8"><link ns0:type="simple" ns0:href="../883/46883.xml">babylonia</link></group></political_system></monarchy></social_group></autocracy><link ns0:type="simple" ns0:href="../853/46853.xml">indu valley</link><link ns0:type="simple" ns0:href="../760/5760.xml">chines</link>civil</p><ss2><st>egyptian</st><p><indent level="1"><it>main articl<event wordnetid="100029378" confidence="0.8"><rule wordnetid="105846932" confidence="0.8"><act wordnetid="100030358" confidence="0.8"><psychological_feature wordnetid="100023100" confidence="0.8"><procedure wordnetid="101023820" confidence="0.8"><activity wordnetid="100407535" confidence="0.8"><algorithm wordnetid="105847438" confidence="0.8"><link ns0:type="simple" ns0:href="../814/3975814.xml">ancient egyptian multipl</link></algorithm></activity></procedure></psychological_feature></act></rule></event></it></indent>egyptian method multipl integ fraction document<link ns0:type="simple" ns0:href="../114/9210114.xml">ahm papyru</link>success addit doubl instanc find product doubl three time obtain full product ad appropri term doubl sequenc<indent level="1" /></p></ss2><ss2><st>babylonian</st><p>babylonian<link ns0:type="simple" ns0:href="../316/135316.xml">sexagesim</link><link ns0:type="simple" ns0:href="../052/437052.xml">posit number system</link>analog modern day<link ns0:type="simple" ns0:href="../594/3293594.xml">decim system</link>babylonian multipl modern decim multipl rel difficulti rememb time product babylonian mathematician employ<link ns0:type="simple" ns0:href="../122/57122.xml">multipl tabl</link>tabl consist list twenti multipl<it>princip number</it><it /><it /><it /><it />multipl<it /><it /><it /><it />comput sexagesim product<it />need add<it /><it />comput tabl</p></ss2><ss2><st>chines</st><p>book<link ns0:type="simple" ns0:href="../715/6131715.xml">chou pei suan ching</link>date prior<link ns0:type="simple" ns0:href="../530/58530.xml">bc</link><link ns0:type="simple" ns0:href="../207/204207.xml">chapter mathemat art</link>multipl calcul written earli chines mathematician employ<link ns0:type="simple" ns0:href="../655/655.xml">abacu</link>hand calcul involv addit multipl</p></ss2><ss2><st>indu valley</st><p><image location="right" width="250px" src="Gelosia_multiplication_45_256.png" type="thumb"><caption>product note order numer revers left column carri step multipl perform final stage calcul bold return final product time</caption></image>earli hindu mathematician indu valley region varieti intuit trick perform multipl calcul perform small slate hand tablet chalk tabl techniqu<it><link>lattic multipl</link></it><it>gelosia multipl</it>tabl drawn row column label multiplicand box tabl divid diagon triangular<link ns0:type="simple" ns0:href="../251/3331251.xml">lattic</link>entri tabl held partial product written decim number product form sum diagon lattic</p></ss2><ss2><st>modern method</st><p>modern method multipl base<link ns0:type="simple" ns0:href="../371/3393371.xml">hinduarab numer system</link>describ<physical_entity wordnetid="100001930" confidence="0.8"><person wordnetid="100007846" confidence="0.8"><causal_agent wordnetid="100007347" confidence="0.8"><scientist wordnetid="110560637" confidence="0.8"><mathematician wordnetid="110301261" confidence="0.8"><link ns0:type="simple" ns0:href="../206/297206.xml">brahmagupta</link></mathematician></scientist></causal_agent></person></physical_entity>brahmagupta rule addit subtract multipl divis<physical_entity wordnetid="100001930" confidence="0.8"><communicator wordnetid="109610660" confidence="0.8"><person wordnetid="100007846" confidence="0.8"><intellectual wordnetid="109621545" confidence="0.8"><alumnus wordnetid="109786338" confidence="0.8"><causal_agent wordnetid="100007347" confidence="0.8"><academician wordnetid="109759069" confidence="0.8"><adult wordnetid="109605289" confidence="0.8"><writer wordnetid="110794014" confidence="0.8"><professional wordnetid="110480253" confidence="0.8"><scholar wordnetid="110557854" confidence="0.8"><educator wordnetid="110045713" confidence="0.8"><link ns0:type="simple" ns0:href="../064/6345064.xml">henri burchard fine</link></educator></scholar></professional></writer></adult></academician></causal_agent></alumnus></intellectual></person></communicator></physical_entity>professor mathemat<university wordnetid="108286163" confidence="0.9508927676800064"><link ns0:type="simple" ns0:href="../922/23922.xml">princeton univers</link></university>wrote<indent level="1"><it>indian inventor posit decim system process involv elementari reckon system addit subtract perform perform nowaday multipl effect way divis cumbrous</it><ref ns0:type="simple" ns0:href="#xpointer(//reflist/entry[@id=%221%22])" /></indent></p></ss2></ss1></sec><sec><st>product sequenc</st><ss1><st>capit pi notat</st><p>product sequenc term written product symbol deriv capit<creation wordnetid="103129123" confidence="0.8"><text wordnetid="106387980" confidence="0.8"><document wordnetid="103217458" confidence="0.8"><artifact wordnetid="100021939" confidence="0.8"><letter wordnetid="106624161" confidence="0.8"><representation wordnetid="104076846" confidence="0.8"><link ns0:type="simple" ns0:href="../728/166728.xml">letter pi</link></representation></letter></artifact></document></text></creation><W wordnetid="106833544" confidence="0.9508927676800064"><link ns0:type="simple" ns0:href="../909/715909.xml">greek alphabet</link></W>unicod posit uf glyph denot product distinct ua letter mean notat</p><p><indent level="1"><math>prod_imn x_i x_m cdot x_m cdot x_m cdot cdot cdot x_n cdot x_n</math></indent>subscript symbol<link ns0:type="simple" ns0:href="../460/147460.xml">dummi variabl</link><it />case call multipl lower bound<it />superscript<it />upper bound lower upper bound express denot integ factor product express product oper success integ valu substitut multipl start lower bound increment includ upper bound exampl</p><p><indent level="1"><math>prod_i left iright left cdot left cdot left cdot left cdot left</math></indent>case<it /><it />product singl factor<it>xm</it><it />gt<it />product<link ns0:type="simple" ns0:href="../289/181289.xml">empti product</link></p></ss1><ss1><st>infinit product</st><p><indent level="1"><it>main articl<link ns0:type="simple" ns0:href="../279/15279.xml">infinit product</link></it></indent>consid product infinit term call<link ns0:type="simple" ns0:href="../279/15279.xml">infinit product</link>notat replac<it /><link>lemnisc infin symbol</link>real product seri defin<link ns0:type="simple" ns0:href="../401/19616401.xml">limit</link>product<it />term<it />grow bound definit</p><p><indent level="1"><math>prod_iminfti x_i lim_ntoinfti prod_imn x_i</math></indent>replac<it />neg infin defin</p><p><indent level="1"><math>prod_iinftyinfti x_i leftlim_mtoinftyprod_im x_iright cdot leftlim_ntoinftyprod_in x_iright</math></indent>provid limit exist</p></ss1></sec><sec><st>interpret</st><ss1><st>cartesian product</st><p>definit multipl repeat<link ns0:type="simple" ns0:href="../338/61338.xml">addit</link>arriv settheoret interpret multipl<link ns0:type="simple" ns0:href="../173/6173.xml">cardin number</link>express</p><p><indent level="1"><math>displaystyl cdot underbracea cdot a_n</math></indent><it />copi<it />combin disjoint union clearli disjoint obviou<it /><it />index set member<math>cdot</math>exactli<idea wordnetid="105833840" confidence="0.8"><concept wordnetid="105835747" confidence="0.8"><link ns0:type="simple" ns0:href="../795/5795.xml">cartesian product</link></concept></idea><math>time</math>properti multipl oper appli natur number follow trivial correspond properti cartesian product</p></ss1></sec><sec><st>properti</st><p>integ fraction real complex number multipl properti</p><p><list><entry level="1" type="definition"><link ns0:type="simple" ns0:href="../390/294390.xml">commut properti</link></entry><entry level="1" type="indent">order number multipli matter</entry><entry level="2" type="indent"><math>xcdot ycdot</math></entry></list></p><p><list><entry level="1" type="definition"><link ns0:type="simple" ns0:href="../335/1335.xml">associ properti</link></entry><entry level="1" type="indent">problem sole involv multipl invari respect<link ns0:type="simple" ns0:href="../980/212980.xml">order oper</link></entry><entry level="2" type="indent"><math>xcdot ycdot xcdotycdot</math></entry></list></p><p><list><entry level="1" type="definition"><link ns0:type="simple" ns0:href="../118/103118.xml">distribut properti</link></entry><entry level="1" type="indent">hold respect addit multipl ident prime simplifi algebra express</entry><entry level="2" type="indent"><math>xcdoti xcdot xcdot</math></entry></list></p><p><list><entry level="1" type="definition"><link ns0:type="simple" ns0:href="../962/14962.xml">ident element</link></entry><entry level="1" type="indent">multipl multipli ident properti</entry><entry level="2" type="indent"><math>xcdot</math></entry></list></p><p><list><entry level="1" type="definition">element</entry><entry level="1" type="indent">multipli properti multipl</entry><entry level="2" type="indent"><math>xcdot</math></entry></list></p><p><list><entry level="1" type="definition">invers properti</entry><entry level="1" type="indent">number<it /><link ns0:type="simple" ns0:href="../940/229940.xml">multipl invers</link><math>fracx</math><math>xcdotleftfracxright</math></entry></list></p><p><list><entry level="1" type="definition">order preserv</entry><entry level="1" type="indent">multipl posit number preserv<link ns0:type="simple" ns0:href="../924/361924.xml">order</link><it />gt<it />gt<it /><it>ab</it>gt<it>ac</it>multipl neg number revers order<it /><it />gt<it /><it>ab</it><it>ac</it></entry></list></p><p><list><entry level="1" type="bullet">neg time number equal opposit number</entry><entry level="2" type="indent"><math>cdot</math></entry></list></p><p><list><entry level="1" type="bullet">neg time neg posit</entry><entry level="2" type="indent"><math>cdot</math></entry></list></p><p>mathemat system includ multipl oper properti exampl multipl gener commut matric<link ns0:type="simple" ns0:href="../440/51440.xml">quaternion</link></p><ss1><st>proof</st><p>properti independ consequ properti proven properti multipl proven<link ns0:type="simple" ns0:href="../118/103118.xml">distribut properti</link>assum usual properti addit subtract minu<it />minu<it /></p><p><indent level="1"><math>beginalign qquad xcdot xcdot xcdot xcdot xcdot xcdot endalign</math></indent>proven</p><p><indent level="1"><math>xcdot</math></indent>ident minu<it />minu<it />proven distribut properti</p><p><indent level="1"><math>beginalign qquadcdot cdot cdot cdot cdot cdot endalign</math></indent>proof minu minu easi</p><p><indent level="1"><math>beginalign qquad cdot endalign</math></indent></p></ss1></sec><sec><st>multipl peano axiom</st><p>book<it>arithmetic principia nova methodo exposita</it><scientist wordnetid="110560637" confidence="0.9508927676800064"><link ns0:type="simple" ns0:href="../043/13043.xml">giusepp peano</link></scientist>propos system multipl base axiom natur number<ref ns0:type="simple" ns0:href="#xpointer(//reflist/entry[@id=%222%22])" /></p><p><indent level="1"><math>atim</math></indent><math>atim batim ba</math></p><p><it />prime repres<link ns0:type="simple" ns0:href="../256/375256.xml">successor</link><it />natur number<it /><it /><process wordnetid="105701363" confidence="0.8"><maxim wordnetid="107152948" confidence="0.8"><speech wordnetid="107109196" confidence="0.8"><saying wordnetid="107151380" confidence="0.8"><thinking wordnetid="105770926" confidence="0.8"><auditory_communication wordnetid="107109019" confidence="0.8"><explanation wordnetid="105793000" confidence="0.8"><theory wordnetid="105989479" confidence="0.8"><higher_cognitive_process wordnetid="105770664" confidence="0.8"><link ns0:type="simple" ns0:href="../005/25005.xml">axiom</link></higher_cognitive_process></theory></explanation></auditory_communication></thinking></saying></speech></maxim></process>prove common rule multipl distribut associ properti</p></sec><sec><st>multipl set theori</st><p>difficult creat recurs definit multipl set theori system reli peano definit multipl</p></sec><sec><st>multipl group theori</st><p><table class="metadata plainlinks ambox "><row><col>amboxstyl style</col></row><row><col class="mbox-image"><p><image width="40x40px" src="Ambox_style.png" /></p></col><col style="" class="mbox-text">requir meet wikipedia<weblink ns0:type="simple" ns0:href="http://localhost:18088/wiki/index.php?title=Multiplication action=edit">improv articl</weblink><it>septemb</it></col></row></table>easi group multipl nonzero ration number<ref ns0:type="simple" ns0:href="#xpointer(//reflist/entry[@id=%223%22])" />multipl nonzero number satisfi</p><p><list><entry level="1" type="bullet">closur group ab group</entry><entry level="1" type="bullet">associ associ properti abcabc</entry><entry level="1" type="bullet">ident straight peano definit multipli</entry><entry level="1" type="bullet">invers nonzero number<link ns0:type="simple" ns0:href="../940/229940.xml">multipl invers</link></entry></list></p><p>multipl<link ns0:type="simple" ns0:href="../ury/30th_century.xml">abelian group</link>commut properti abba</p></sec><sec><st>multipl kind number</st><p>number<it>count</it>appl<it>order</it>appl<it>measur</it>feet high histori mathemat progress count finger model quantuum mechan multipl gener complic abstract type number thing number<link ns0:type="simple" ns0:href="../728/19008728.xml">matric</link>dont number<link ns0:type="simple" ns0:href="../440/51440.xml">quaternion</link></p><p><list><entry level="1" type="bullet">integ<math>ntime</math>sum copi posit number number thing array wide high gener neg number<math>ntime ntime</math></entry></list></p><p><list><entry level="1" type="bullet"><link ns0:type="simple" ns0:href="../024/19727024.xml">ration</link>gener fraction<math>fracabtim fraccd</math>multipli numer denomin<math>fracabtim fraccd fracatim cbtime</math>area rectangl<math>fracab</math>high<math>fraccd</math>wide number thing array ration number happen number</entry></list></p><p><list><entry level="1" type="bullet"><link ns0:type="simple" ns0:href="../491/19725491.xml">real</link><math>xy</math>limit product correspond term sequenc ration converg<math /><math /><link ns0:type="simple" ns0:href="../176/5176.xml">calculu</link>area rectangl<math />high<math />wide<link ns0:type="simple" ns0:href="../845/20845.xml#xpointer(//*[./st=%22Products+of+sequences%22])" /></entry></list></p><p><list><entry level="1" type="bullet"><link ns0:type="simple" ns0:href="../826/5826.xml">complex</link>consid complex number<math>z_</math><math>z_</math>order pair real number<math>a_ b_</math><math>a_ b_</math>product<math>z_time z_</math><math>a_tim a_ b_time a_tim b_ a_tim b_</math>real<math>a_tim a_</math><it>imaginari part</it><math>b_</math><math>b_</math></entry></list></p><p><list><entry level="1" type="bullet">gener<link ns0:type="simple" ns0:href="../845/20845.xml#xpointer(//*[./st=%22Multiplication+with+group+theory%22])" /><link ns0:type="simple" ns0:href="../742/1110742.xml">multipl group</link>exampl includ matrix multipl gener abstract concept multipl multipl denot second binari oper<link ns0:type="simple" ns0:href="../404/48404.xml">ring</link>exampl ring number system<link ns0:type="simple" ns0:href="../065/373065.xml">polynomi ring</link>add multipli polynomi polynomi number usual sens</entry></list></p><p><list><entry level="1" type="bullet">divis divis<math>fracxi</math>multipl invers<math>xleftfracyright</math>multipl type number correspond divis invers<link ns0:type="simple" ns0:href="../462/15462.xml">integr domain</link><math />invers<math>fracx</math><math>fracxi</math>defin<link ns0:type="simple" ns0:href="../067/9067.xml">divis ring</link>invers commut<math>leftfracxrightleftfracyright</math><math>leftfracyrightleftfracxright</math><math>fracxi</math>ambigu</entry></list></p></sec><sec><st>exponenti</st><p><indent level="1"><it>main articl<link ns0:type="simple" ns0:href="../491/99491.xml">exponenti</link></it></indent>multipl repeat oper exponenti instanc product time time three factor rais third power denot<link ns0:type="simple" ns0:href="../616/12690616.xml">superscript</link>three exampl number base three expon gener expon superscript indic time multipli base express</p><p><indent level="1"><math>underbraceatim time dot time a_n</math></indent>indic base<it />multipli<it />time</p></sec><sec><st /><p><list><entry level="1" type="bullet"><link ns0:type="simple" ns0:href="../940/229940.xml">multipl invers</link>reciproc</entry><entry level="1" type="bullet"><event wordnetid="100029378" confidence="0.8"><rule wordnetid="105846932" confidence="0.8"><act wordnetid="100030358" confidence="0.8"><psychological_feature wordnetid="100023100" confidence="0.8"><procedure wordnetid="101023820" confidence="0.8"><activity wordnetid="100407535" confidence="0.8"><algorithm wordnetid="105847438" confidence="0.8"><link ns0:type="simple" ns0:href="../411/57411.xml">multipl algorithm</link></algorithm></activity></procedure></psychological_feature></act></rule></event></entry><entry level="2" type="bullet"><event wordnetid="100029378" confidence="0.8"><rule wordnetid="105846932" confidence="0.8"><act wordnetid="100030358" confidence="0.8"><psychological_feature wordnetid="100023100" confidence="0.8"><procedure wordnetid="101023820" confidence="0.8"><activity wordnetid="100407535" confidence="0.8"><algorithm wordnetid="105847438" confidence="0.8"><link ns0:type="simple" ns0:href="../589/6395589.xml">karatsuba algorithm</link></algorithm></activity></procedure></psychological_feature></act></rule></event>method larg number</entry><entry level="2" type="bullet"><link>toomcook algorithm</link>method larg number</entry><entry level="2" type="bullet"><link>schnhagestrassen algorithm</link>method huge number</entry><entry level="1" type="bullet"><link ns0:type="simple" ns0:href="../122/57122.xml">multipl tabl</link>time tabl</entry><entry level="1" type="bullet"><artifact wordnetid="100021939" confidence="0.8"><instrumentality wordnetid="103575240" confidence="0.8"><electrical_device wordnetid="103269401" confidence="0.8"><device wordnetid="103183080" confidence="0.8"><circuit wordnetid="103033362" confidence="0.8"><link ns0:type="simple" ns0:href="../898/285898.xml">multipl alu</link></circuit></device></electrical_device></instrumentality></artifact>comput multipli</entry><entry level="2" type="bullet"><link ns0:type="simple" ns0:href="../661/1617661.xml">booth multipl algorithm</link></entry><entry level="2" type="bullet"><idea wordnetid="105833840" confidence="0.8"><concept wordnetid="105835747" confidence="0.8"><category wordnetid="105838765" confidence="0.8"><type wordnetid="105840188" confidence="0.8"><kind wordnetid="105839024" confidence="0.8"><link ns0:type="simple" ns0:href="../376/11376.xml">float point</link></kind></type></category></concept></idea></entry><entry level="2" type="bullet"><link>fuse multiplyadd</link></entry><entry level="2" type="bullet"><link ns0:type="simple" ns0:href="../028/405028.xml">multiplyaccumul</link></entry><entry level="2" type="bullet"><artifact wordnetid="100021939" confidence="0.8"><instrumentality wordnetid="103575240" confidence="0.8"><electrical_device wordnetid="103269401" confidence="0.8"><device wordnetid="103183080" confidence="0.8"><circuit wordnetid="103033362" confidence="0.8"><link ns0:type="simple" ns0:href="../990/4180990.xml">wallac tree</link></circuit></device></electrical_device></instrumentality></artifact></entry><entry level="1" type="bullet"><invention wordnetid="105633385" confidence="0.8"><link ns0:type="simple" ns0:href="../176/252176.xml">napier bone</link></invention></entry><entry level="1" type="bullet"><link ns0:type="simple" ns0:href="../814/3975814.xml">peasant multipl</link></entry><entry level="1" type="bullet"><link ns0:type="simple" ns0:href="../977/24977.xml">product mathemat</link>list gener</entry><entry level="1" type="bullet"><link ns0:type="simple" ns0:href="../743/28743.xml">slide rule</link></entry></list></p></sec><sec><st>note</st><p><reflist><entry id="1">henri fine<it>number system algebra treat theoret histor</it>edit correct httpwwwarchiveorgdownloadnumbersystemofalfineuoftnumbersystemofalfineuoftpdf</entry><entry id="2"><weblink ns0:type="simple" ns0:href="http://planetmath.org/encyclopedia/PeanoArithmetic.html">planetmath peano arithmet</weblink></entry><entry id="3"><weblink ns0:type="simple" ns0:href="http://members.tripod.com/~dogschool/">dog school mathemat present</weblink></entry></reflist></p></sec><sec><st>refer</st><p><list><entry level="1" type="bullet"><cite style="font-style:normal" class="book"><link ns0:type="simple" ns0:href="../636/6694636.xml">boyer carl</link>revis merzbach uta histori mathemat john wiley son isbn</cite></entry></list></p></sec><sec><st>extern link</st><p><list><entry level="1" type="bullet"><weblink ns0:type="simple" ns0:href="http://www.prosys-llc.com/skillage.net/Courses/CoursesMain.asp">practic learn multipl</weblink></entry><entry level="1" type="bullet"><weblink ns0:type="simple" ns0:href="http://www.cut-the-knot.org/do_you_know/multiplication.shtml">multipl</weblink><weblink ns0:type="simple" ns0:href="http://www.cut-the-knot.org/blue/SysTable.shtml">arithmet oper number system</weblink><link ns0:type="simple" ns0:href="../167/3259167.xml">cuttheknot</link></entry><entry level="1" type="bullet"><weblink ns0:type="simple" ns0:href="http://webhome.idirect.com/~totton/suanpan/mod_mult/">modern chines multipl techniqu abacu</weblink></entry><entry level="1" type="bullet"><weblink ns0:type="simple" ns0:href="http://www.quiz-tree.com/Math_Games_-_Multiplication_main.html">math game multipl</weblink></entry></list></p></sec></bdy></article>