<article xmlns:ns0="http://www.w3.org/1999/xlink"><header><title>supervis learn</title><id /><revision><id /><timestamp>tz</timestamp><contributor><username>doloco</username><id /></contributor></revision><categories><category>machin learn</category></categories></header><bdy>supervis learn<link ns0:type="simple" ns0:href="../488/233488.xml">machin learn</link>techniqu learn function train data<link ns0:type="simple" ns0:href="../228/1817228.xml">train data</link>consist pair input object typic vector desir output output function continu call<link ns0:type="simple" ns0:href="../997/826997.xml">regress</link>predict class label input object call<link ns0:type="simple" ns0:href="../244/1579244.xml">classif</link>task supervis learner predict function valid input object number train exampl pair input target output achiev learner gener present data unseen situat reason<link ns0:type="simple" ns0:href="../926/173926.xml">induct bia</link>compar<link ns0:type="simple" ns0:href="../497/233497.xml">unsupervis learn</link>parallel task human anim psycholog refer<link ns0:type="simple" ns0:href="../451/6968451.xml">concept learn</link><sec><st>overview</st><p>supervis learn gener model type commonli supervis learn gener global model map input object desir output case map implement set local model<link ns0:type="simple" ns0:href="../333/170333.xml">casebas reason</link><link ns0:type="simple" ns0:href="../388/1775388.xml">nearest neighbor algorithm</link></p><p>order solv problem supervis learn learn<link ns0:type="simple" ns0:href="../619/203619.xml">recogn handwrit</link>consid step<list><entry level="1" type="number">determin type train exampl engin decid kind data exampl instanc singl handwritten charact entir handwritten word entir handwrit</entry><entry level="1" type="number">gather train set train set characterist realworld function set input object gather correspond output gather human expert measur</entry><entry level="1" type="number">determin input featur represent learn function accuraci learn function depend input object repres typic input object transform featur vector number featur descript object number featur larg<link ns0:type="simple" ns0:href="../776/787776.xml">curs dimension</link>larg accur predict output</entry><entry level="1" type="number">determin structur learn function correspond learn algorithm exampl engin choos<link ns0:type="simple" ns0:href="../523/21523.xml">artifici neural network</link><link ns0:type="simple" ns0:href="../602/232602.xml">decis tree</link></entry><entry level="1" type="number">complet design engin run learn algorithm gather train set paramet learn algorithm adjust optim perform subset call<it>valid</it>set train set<link ns0:type="simple" ns0:href="../612/416612.xml">crossvalid</link>paramet adjust learn perform algorithm measur test set separ train set</entry></list></p><p>term supervis learn classif wide rang classifi strength weak classifi perform depend greatli characterist data classifi singl classifi work best problem refer free lunch theorem empir test perform compar classifi perform find characterist data determin classifi perform determin suitabl classifi problem art scienc</p><p>classifi neural network multilay perceptron support vector machin knearest neighbor gaussian mixtur model gaussian naiv bay decis tree rbf classifi</p></sec><sec><st>empir risk minim</st><p>goal supervis learn global model find function<it />set point form<it /><it /><it /></p><p>assum set point behavior<it /><link ns0:type="simple" ns0:href="../067/453067.xml">independ identicallydistribut random variabl</link>sampl drawn unknown<link ns0:type="simple" ns0:href="../543/23543.xml">probabl distribut</link><it />larger infinit popul assum exist taskspecif<link ns0:type="simple" ns0:href="../137/442137.xml">loss function</link><it />type</p><p><indent level="1"><math>ytime bbbr</math></indent><it />codomain<it /><it />map nonneg<link ns0:type="simple" ns0:href="../491/19725491.xml">real number</link>restrict<it />quantiti<it /><it /><it />loss incur predict<it /><it />point true<it /></p><p><it>risk</it>associ function<it />defin<link ns0:type="simple" ns0:href="../653/9653.xml">expect</link>loss function</p><p><indent level="1"><math>rf sum_i lfx_i gx_i px_i</math></indent>probabl distribut<it />discret analog continu case employ<link ns0:type="simple" ns0:href="../532/15532.xml">definit integr</link><link ns0:type="simple" ns0:href="../487/43487.xml">probabl densiti function</link></p><p>goal find function<it />fix subclass function risk<it /><it /><link ns0:type="simple" ns0:href="../033/52033.xml">minim</link></p><p>behavior<it />gener finit set point<it /><it /><it /><it />approxim true risk exampl<it>empir risk</it></p><p><indent level="1"><math>tilder_nf fracn sum_in lfx_i y_i</math></indent>select function<it />minim empir risk principl<it>empir risk minim</it>statist learn theori investig condit empir risk minim admiss good approxim expect</p></sec><sec><st>activ learn</st><p>situat unlabel data abund label data expens scenario learn algorithm activ queri userteach label type iter supervis learn call activ learn learner choos exampl number exampl learn concept lower number requir normal supervis learn approach risk algorithm focu unimport invalid exampl</p><p>activ learn biolog problem<link ns0:type="simple" ns0:href="../104/216104.xml">protein engin</link>protein discov interest function wish determin mutant will function<ref ns0:type="simple" ns0:href="#xpointer(//reflist/entry[@id=%221%22])" /></p><ss1><st>syntax</st><p><math />total set data consider exampl protein engin problem<math />includ protein interest activ addit protein test activ</p><p>iter<math /><math />broken three subset<list><entry level="1" type="number"><math>mathbft_ki</math>data point label</entry><entry level="1" type="number"><math>mathbft_ui</math>data point label unknown</entry><entry level="1" type="number"><math>mathbft_ci</math>subset<math>t_ui</math>chosen label</entry></list></p><p>current activ learn involv best method chose data point<math>t_ci</math></p></ss1><ss1><st>minimum margin hyperplan</st><p>activ learn algorithm built<know-how wordnetid="105616786" confidence="0.8"><event wordnetid="100029378" confidence="0.8"><rule wordnetid="105846932" confidence="0.8"><method wordnetid="105660268" confidence="0.8"><act wordnetid="100030358" confidence="0.8"><psychological_feature wordnetid="100023100" confidence="0.8"><procedure wordnetid="101023820" confidence="0.8"><activity wordnetid="100407535" confidence="0.8"><algorithm wordnetid="105847438" confidence="0.8"><link ns0:type="simple" ns0:href="../309/65309.xml">support vector machin svm</link></algorithm></activity></procedure></psychological_feature></act></method></rule></event></know-how>exploit structur svm determin data point label method calcul margin<math />unlabel datum<math>t_ui</math>treat<math />ndimension distanc datum separ hyperplan</p><p>minimum margin hyperplan method assum datum smallest<math />svm uncertain<math>t_ci</math>label method maximum margin hyperplan chose datum largest<math />tradeoff method chose mix smallest largest<math /></p></ss1><ss1><st>maximum curios</st><p>activ learn method typic learn data set fewer exampl minimum margin hyperplan comput intens work discret classifi maximum curios<ref ns0:type="simple" ns0:href="#xpointer(//reflist/entry[@id=%222%22])" /></p><p>maximum curios take unlabel datum<math>t_ui</math>assum label datum datum assum class<math>t_ki</math><math>t_ki</math><link ns0:type="simple" ns0:href="../612/416612.xml">crossvalid</link>assum datum pair correct label crossvalid accuraci<link ns0:type="simple" ns0:href="../057/157057.xml">correl coeffici</link><math>t_ki</math>will improv datum improv accuraci<math>t_ci</math>label</p></ss1></sec><sec><st>approach algorithm</st><p><list><entry level="1" type="bullet"><link>analyt learn</link></entry><entry level="1" type="bullet"><event wordnetid="100029378" confidence="0.8"><rule wordnetid="105846932" confidence="0.8"><act wordnetid="100030358" confidence="0.8"><psychological_feature wordnetid="100023100" confidence="0.8"><procedure wordnetid="101023820" confidence="0.8"><activity wordnetid="100407535" confidence="0.8"><algorithm wordnetid="105847438" confidence="0.8"><link ns0:type="simple" ns0:href="../523/21523.xml">artifici neural network</link></algorithm></activity></procedure></psychological_feature></act></rule></event></entry><entry level="1" type="bullet"><link ns0:type="simple" ns0:href="../091/1360091.xml">backpropag</link></entry><entry level="1" type="bullet"><event wordnetid="100029378" confidence="0.8"><rule wordnetid="105846932" confidence="0.8"><act wordnetid="100030358" confidence="0.8"><psychological_feature wordnetid="100023100" confidence="0.8"><procedure wordnetid="101023820" confidence="0.8"><activity wordnetid="100407535" confidence="0.8"><algorithm wordnetid="105847438" confidence="0.8"><link ns0:type="simple" ns0:href="../500/90500.xml">boost</link></algorithm></activity></procedure></psychological_feature></act></rule></event></entry><entry level="1" type="bullet"><link ns0:type="simple" ns0:href="../571/49571.xml">bayesian statist</link></entry><entry level="1" type="bullet"><event wordnetid="100029378" confidence="0.8"><rule wordnetid="105846932" confidence="0.8"><act wordnetid="100030358" confidence="0.8"><psychological_feature wordnetid="100023100" confidence="0.8"><procedure wordnetid="101023820" confidence="0.8"><activity wordnetid="100407535" confidence="0.8"><algorithm wordnetid="105847438" confidence="0.8"><link ns0:type="simple" ns0:href="../333/170333.xml">casebas reason</link></algorithm></activity></procedure></psychological_feature></act></rule></event></entry><entry level="1" type="bullet"><event wordnetid="100029378" confidence="0.8"><rule wordnetid="105846932" confidence="0.8"><act wordnetid="100030358" confidence="0.8"><psychological_feature wordnetid="100023100" confidence="0.8"><procedure wordnetid="101023820" confidence="0.8"><activity wordnetid="100407535" confidence="0.8"><algorithm wordnetid="105847438" confidence="0.8"><link ns0:type="simple" ns0:href="../602/232602.xml">decis tree</link></algorithm></activity></procedure></psychological_feature></act></rule></event>learn</entry><entry level="1" type="bullet"><link ns0:type="simple" ns0:href="../069/54069.xml">induct logic program</link></entry><entry level="1" type="bullet"><link ns0:type="simple" ns0:href="../026/477026.xml">gaussian process regress</link></entry><entry level="1" type="bullet"><link ns0:type="simple" ns0:href="../742/3274742.xml">learn automata</link></entry><entry level="1" type="bullet"><link ns0:type="simple" ns0:href="../210/302210.xml">minimum messag length</link><link ns0:type="simple" ns0:href="../602/232602.xml">decis tree</link>decis graph</entry><entry level="1" type="bullet"><link ns0:type="simple" ns0:href="../339/87339.xml">naiv bay classifi</link></entry><entry level="1" type="bullet"><link ns0:type="simple" ns0:href="../388/1775388.xml">nearest neighbor algorithm</link></entry><entry level="1" type="bullet"><link ns0:type="simple" ns0:href="../008/380008.xml">correct learn</link>pac learn</entry><entry level="1" type="bullet"><link ns0:type="simple" ns0:href="../366/1432366.xml">rippl rule</link>knowledg acquisit methodolog</entry><entry level="1" type="bullet"><link>symbol machin learn</link>algorithm</entry><entry level="1" type="bullet"><link>subsymbol machin learn</link>algorithm</entry><entry level="1" type="bullet"><know-how wordnetid="105616786" confidence="0.8"><event wordnetid="100029378" confidence="0.8"><rule wordnetid="105846932" confidence="0.8"><method wordnetid="105660268" confidence="0.8"><act wordnetid="100030358" confidence="0.8"><psychological_feature wordnetid="100023100" confidence="0.8"><procedure wordnetid="101023820" confidence="0.8"><activity wordnetid="100407535" confidence="0.8"><algorithm wordnetid="105847438" confidence="0.8"><link ns0:type="simple" ns0:href="../309/65309.xml">support vector machin</link></algorithm></activity></procedure></psychological_feature></act></method></rule></event></know-how></entry><entry level="1" type="bullet"><plant wordnetid="100017222" confidence="0.8"><tree wordnetid="113104059" confidence="0.8"><vascular_plant wordnetid="113083586" confidence="0.8"><event wordnetid="100029378" confidence="0.8"><rule wordnetid="105846932" confidence="0.8"><woody_plant wordnetid="113103136" confidence="0.8"><act wordnetid="100030358" confidence="0.8"><psychological_feature wordnetid="100023100" confidence="0.8"><procedure wordnetid="101023820" confidence="0.8"><activity wordnetid="100407535" confidence="0.8"><algorithm wordnetid="105847438" confidence="0.8"><link ns0:type="simple" ns0:href="../880/1363880.xml">random forest</link></algorithm></activity></procedure></psychological_feature></act></woody_plant></rule></event></vascular_plant></tree></plant></entry><entry level="1" type="bullet"><link ns0:type="simple" ns0:href="../987/12304987.xml">ensembl classifi</link></entry><entry level="1" type="bullet"><link>ordin classif</link></entry><entry level="1" type="bullet"><link ns0:type="simple" ns0:href="../904/12386904.xml">data preprocess</link></entry><entry level="1" type="bullet"><link>handl imbalanc dataset</link></entry></list></p></sec><sec><st>applic</st><p><list><entry level="1" type="bullet"><link ns0:type="simple" ns0:href="../214/4214.xml">bioinformat</link></entry><entry level="1" type="bullet"><link ns0:type="simple" ns0:href="../697/575697.xml">cheminformat</link></entry><entry level="2" type="bullet"><link ns0:type="simple" ns0:href="../669/826669.xml">quantit structureact relationship</link></entry><entry level="1" type="bullet"><software wordnetid="106566077" confidence="0.8"><application wordnetid="106570110" confidence="0.8"><program wordnetid="106568978" confidence="0.8"><written_communication wordnetid="106349220" confidence="0.8"><writing wordnetid="106359877" confidence="0.8"><code wordnetid="106355894" confidence="0.8"><coding_system wordnetid="106353757" confidence="0.8"><link ns0:type="simple" ns0:href="../619/203619.xml">handwrit recognit</link></coding_system></code></writing></written_communication></program></application></software></entry><entry level="1" type="bullet"><link ns0:type="simple" ns0:href="../271/15271.xml">retriev</link></entry><entry level="1" type="bullet">object recognit<link ns0:type="simple" ns0:href="../596/6596.xml">comput vision</link></entry><entry level="1" type="bullet"><software wordnetid="106566077" confidence="0.8"><application wordnetid="106570110" confidence="0.8"><program wordnetid="106568978" confidence="0.8"><written_communication wordnetid="106349220" confidence="0.8"><writing wordnetid="106359877" confidence="0.8"><code wordnetid="106355894" confidence="0.8"><coding_system wordnetid="106353757" confidence="0.8"><link ns0:type="simple" ns0:href="../091/49091.xml">optic charact recognit</link></coding_system></code></writing></written_communication></program></application></software></entry><entry level="1" type="bullet"><link ns0:type="simple" ns0:href="../368/28368.xml">spam detect</link></entry><entry level="1" type="bullet"><event wordnetid="100029378" confidence="0.8"><rule wordnetid="105846932" confidence="0.8"><act wordnetid="100030358" confidence="0.8"><psychological_feature wordnetid="100023100" confidence="0.8"><procedure wordnetid="101023820" confidence="0.8"><activity wordnetid="100407535" confidence="0.8"><algorithm wordnetid="105847438" confidence="0.8"><link ns0:type="simple" ns0:href="../706/126706.xml">pattern recognit</link></algorithm></activity></procedure></psychological_feature></act></rule></event></entry><entry level="1" type="bullet"><link ns0:type="simple" ns0:href="../468/29468.xml">speech recognit</link></entry><entry level="1" type="bullet"><link>forecast fraudul financi statement</link></entry></list></p></sec><sec><st>gener issu</st><p><list><entry level="1" type="bullet"><link ns0:type="simple" ns0:href="../537/387537.xml">comput learn theori</link></entry><entry level="1" type="bullet"><link ns0:type="simple" ns0:href="../926/173926.xml">induct bia</link></entry><entry level="1" type="bullet"><link ns0:type="simple" ns0:href="../116/19674116.xml">overfit machin learn</link></entry><entry level="1" type="bullet"><link ns0:type="simple" ns0:href="../809/7578809.xml">version space</link></entry></list></p></sec><sec><st>refer</st><p><reflist><entry id="1">danzig sa swamidass sj zeng dearth lr lu chen jh cheng hoang vp saigo luo baldi brachmann rk lathrop rh function censu mutat sequenc space exampl cancer rescu mutant<it>ieeeacm transact comput biolog bioinformat</it></entry><entry id="2">danzig sa zeng wang brachmann rk lathrop rh choos mutat sequenc space activ learn inform cancer rescu mutant<it>bioinformat</it></entry></reflist></p><p><list><entry level="1" type="bullet">kotsianti supervis machin learn review classif techniqu informatica journal httpwwwinformaticasipdf_kotsiantissupervisedmachinelearningareviewofpdf</entry></list></p></sec><sec><st>extern link</st><p><list><entry level="1" type="bullet"><weblink ns0:type="simple" ns0:href="http://sumo.intec.ugent.be/?q=SUMO_toolbox">matlab surrog model toolbox sumo toolbox</weblink>matlab code activ learn model select supervis learn surrog model</entry></list></p></sec></bdy></article>