<article xmlns:ns0="http://www.w3.org/1999/xlink"><entity confidence="0.9511911446218017" wordnetid="100001740"><header><title>mach kernel</title><id /><revision><id /><timestamp>tz</timestamp><contributor><username>frogger</username><id /></contributor></revision><categories><category>articl lack intext citat</category><category>microkernel</category></categories></header><bdy><table class="metadata plainlinks ambox "><row><col>amboxstyl style</col></row><row><col class="mbox-image"><p><image width="50px" src="Text_document_with_red_question_mark.svg" /></p></col><col style="" class="mbox-text">articl includ sourc remain unclear<b>insuffici</b>articl introduc precis citat<it>octob</it></col></row></table><b>mach</b><link ns0:type="simple" ns0:href="../194/22194.xml">oper system</link><link ns0:type="simple" ns0:href="../023/20023.xml">microkernel</link>develop<university wordnetid="108286163" confidence="0.9508927676800064"><link ns0:type="simple" ns0:href="../093/48093.xml">carnegi mellon univers</link></university>support oper system distribut parallel comput earliest exampl microkernel standard project measur<p>project carnegi mellon mach number effort continu mach includ<university wordnetid="108286163" confidence="0.9508927676800064"><link ns0:type="simple" ns0:href="../097/32097.xml">univers utah</link></university><weblink ns0:type="simple" ns0:href="http://www.cs.utah.edu/flux/mach4/html/Mach4-proj.html">mach</weblink>mach develop replac kernel<O wordnetid="106832680" confidence="0.9508927676800064"><link ns0:type="simple" ns0:href="../622/18932622.xml">bsd</link></O>version<link ns0:type="simple" ns0:href="../642/31642.xml">unix</link>oper system design today experiment mach appear end mach deriv number commerci oper system<link ns0:type="simple" ns0:href="../642/40642.xml">nextstep</link><link ns0:type="simple" ns0:href="../114/53114.xml">openstep</link>notabl<link ns0:type="simple" ns0:href="../640/20640.xml">mac os</link><software wordnetid="106566077" confidence="0.9508927676800064"><link ns0:type="simple" ns0:href="../754/617754.xml">xnu</link></software>kernel mach virtual memori manag system bsd develop<link ns0:type="simple" ns0:href="../698/955698.xml">csrg</link>appear modern bsdderiv unix system<platform wordnetid="103961939" confidence="0.8"><artifact wordnetid="100021939" confidence="0.8"><surface wordnetid="104362025" confidence="0.8"><horizontal_surface wordnetid="103536348" confidence="0.8"><link ns0:type="simple" ns0:href="../554/7580554.xml">freebsd</link></horizontal_surface></surface></artifact></platform>mac os freebsd maintain microkernel structur pioneer mach mac os continu offer microkernel<link ns0:type="simple" ns0:href="../106/152106.xml">interprocess commun</link>control primit directli applic</p><p>mach logic successor carnegi mellon<plant_part wordnetid="113086908" confidence="0.8"><natural_object wordnetid="100019128" confidence="0.8"><kernel wordnetid="113137010" confidence="0.8"><link ns0:type="simple" ns0:href="../415/1531415.xml">accent kernel</link></kernel></natural_object></plant_part>lead develop mach project<physical_entity wordnetid="100001930" confidence="0.8"><person wordnetid="100007846" confidence="0.8"><worker wordnetid="109632518" confidence="0.8"><causal_agent wordnetid="100007347" confidence="0.8"><employee wordnetid="110053808" confidence="0.8"><link ns0:type="simple" ns0:href="../822/2164822.xml">richard rashid</link></employee></causal_agent></worker></person></physical_entity>work<company wordnetid="108058098" confidence="0.9508927676800064"><link ns0:type="simple" ns0:href="../001/19001.xml">microsoft</link></company><link ns0:type="simple" ns0:href="../703/34703.xml" />toplevel posit revolv<physical_entity wordnetid="100001930" confidence="0.8"><military_unit wordnetid="108198398" confidence="0.8"><person wordnetid="100007846" confidence="0.8"><division wordnetid="108213205" confidence="0.8"><causal_agent wordnetid="100007347" confidence="0.8"><scientist wordnetid="110560637" confidence="0.8"><army_unit wordnetid="108190754" confidence="0.8"><research_worker wordnetid="110523076" confidence="0.8"><link ns0:type="simple" ns0:href="../522/2163522.xml">microsoft</link></research_worker></army_unit></scientist></causal_agent></division></person></military_unit></physical_entity>divis origin mach develop<link ns0:type="simple" ns0:href="../282/241282.xml">avi tevanian</link>head softwar<company wordnetid="108058098" confidence="0.9508927676800064"><link ns0:type="simple" ns0:href="../694/21694.xml" /></company>chief softwar technolog offic<link ns0:type="simple" ns0:href="../856/856.xml">appl comput</link>march<weblink ns0:type="simple" ns0:href="http://sfgate.com/cgi-bin/blogs/sfgate/sso_detail?blogid=19 entry_id=3821">httpsfgatecomcgibinblogssfgatesso_detailblogid entry_id</weblink></p><sec><st>mach concept</st><p>mach design dropin replac tradit unix kernel discuss focus distinguish mach unix clear earli unix concept everythingasafil practic modern system system<O wordnetid="106832680" confidence="0.9508927676800064"><link ns0:type="simple" ns0:href="../226/24226.xml">plan bell lab</link></O>develop lament loss flexibl origin concept offer level<link ns0:type="simple" ns0:href="../356/18311356.xml">virtual</link>sought system work</p><p>critic<paradigm wordnetid="113804375" confidence="0.8"><linguistic_relation wordnetid="113797142" confidence="0.8"><inflection wordnetid="113803782" confidence="0.8"><grammatical_relation wordnetid="113796779" confidence="0.8"><link ns0:type="simple" ns0:href="../491/60491.xml">abstract</link></grammatical_relation></inflection></linguistic_relation></paradigm>unix<link ns0:type="simple" ns0:href="../117/1236117.xml">pipe</link>need pipelik concept work gener level allow broad varieti pass program system exist<link ns0:type="simple" ns0:href="../106/152106.xml">interprocess commun</link>ipc pipelik system move<it />program oppos filelik system includ unic ipc implement year specialpurpos librari oneoff task</p><p><university wordnetid="108286163" confidence="0.9508927676800064"><link ns0:type="simple" ns0:href="../093/48093.xml">carnegi mellon univers</link></university>start experiment line<plant_part wordnetid="113086908" confidence="0.8"><natural_object wordnetid="100019128" confidence="0.8"><kernel wordnetid="113137010" confidence="0.8"><link ns0:type="simple" ns0:href="../415/1531415.xml">accent kernel</link></kernel></natural_object></plant_part>project ipc system base<link ns0:type="simple" ns0:href="../653/825653.xml">share memori</link>accent pure experiment system featur develop adhoc fashion period time chang interest addit accent limit unixcompat unix defacto standard oper system final accent tightli coupl hardwar platform develop time earli appear explos platform<link ns0:type="simple" ns0:href="../979/994979.xml">massiv parallel</link></p><p>mach start effort produc cleanlydefin unixbas highli portabl accent result short list gener concept</p><p><list><entry level="1" type="bullet">task set resourc enabl thread</entry><entry level="1" type="bullet">thread singl unit code run processor</entry><entry level="1" type="bullet">port defin secur pipe ipc task</entry><entry level="1" type="bullet">messag pass program port</entry></list></p><p>mach develop accent ipc concept system unixlik natur unix program modif mach introduc concept<it>port</it>repres endpoint twoway ipc port secur right file unix allow unixlik model protect appli addit mach allow program hand privileg kernel order allow<link ns0:type="simple" ns0:href="../467/93467.xml">user space</link>program handl thing interact hardwar</p><p>mach unix oper system collect util unix mach concept driver handl hardwar driver hardwar includ microkernel architectur base<link ns0:type="simple" ns0:href="../511/425511.xml">hardwar abstract layer</link><link ns0:type="simple" ns0:href="../757/95757.xml">exokernel</link>move driver microkernel</p><p>main differ unix util handl file handl task code move kernel user space smaller kernel rise term<link ns0:type="simple" ns0:href="../023/20023.xml">microkernel</link>tradit system mach process task consist number thread common modern system mach system defin task thread kernel job reduc essenti oper system maintain util schedul access hardwar</p><p>exist port ipc fundament differ mach tradit kernel unix call kernel consist oper<it><link ns0:type="simple" ns0:href="../908/102908.xml">syscal</link></it><it><link ns0:type="simple" ns0:href="../602/938602.xml">trap</link></it>program<link ns0:type="simple" ns0:href="../421/106421.xml">librari</link>place data well locat memori<it><link ns0:type="simple" ns0:href="../289/15289.xml">fault</link></it>type error system start kernel set handler fault program fault kernel take examin pass carri instruct</p><p>mach ipc system role order call system function program kernel access port ipc system send messag port messag trigger syscal kernel mach pretti kernel handl actual request program</p><p>ipc messag pass benefit support thread concurr task consist multipl thread code thread ipc mechan mach freez unfreez thread messag handl allow system distribut multipl processor share memori directli mach messag ad code copi messag processor need tradit kernel difficult implement system program dont write memori processor mach well defin easi implement process access memori port firstclass citizen system</p><p>ipc system initi perform problem strategi develop minim impact predecessor<plant_part wordnetid="113086908" confidence="0.8"><natural_object wordnetid="100019128" confidence="0.8"><kernel wordnetid="113137010" confidence="0.8"><link ns0:type="simple" ns0:href="../415/1531415.xml">accent</link></kernel></natural_object></plant_part>mach singl sharedmemori mechan physic pass messag program physic copi messag slow mach reli machin<link ns0:type="simple" ns0:href="../112/177112.xml">memori manag unit</link>mmu map data program data written physic copi process<it><link ns0:type="simple" ns0:href="../603/407603.xml">copyonwrit</link></it></p><p>messag check valid kernel avoid bad data crash program make system port deliber model unix file system concept allow user find port exist file system navig concept well assign right permiss file system</p><p>develop system easier code work exist tradit program built exist tool start debug kill tool<link ns0:type="simple" ns0:href="../825/20825.xml">monokernel</link>bug code entir machin requir reboot mach requir program restart addit user tailor system includ exclud featur requir oper system simpli collect program add remov part simpli run kill program</p><p>final mach featur deliber design extrem platform neutral quot text mach</p><p><indent level="1">unix develop regard multiprocess mach incorpor multiprocess support multiprocess support exceedingli flexibl rang share memori system system memori share processor mach design comput system rang thousand processor addit mach easili port vari comput architectur key goal mach distribut system capabl function heterogen hardwar<weblink ns0:type="simple" ns0:href="http://www3.interscience.wiley.com:8100/legacy/college/silberschatz/0471694665/appendices/appb.pdf">appendix</weblink><weblink ns0:type="simple" ns0:href="http://he-cda.wiley.com/WileyCDA/HigherEdTitle/productCd-0471694665,courseCd-CX9000,pageType-copy,page-detailedTOC.html">oper system concept</weblink></indent>number disadvantag mundan clear find port unix problem solv time programm agre number well locat file system serv duti approach work mach port well mach oper system assum fluid port appear disappear time mechan find port servic repres flexibl lost</p></sec><sec><st>develop</st><p>mach initi host addit code written directli exist bsd kernel allow team work system long complet work start function accent ipcport system move key portion os task thread virtual memori portion complet part bsd system rewritten call mach chang bsd process</p><p>system complet point<link ns0:type="simple" ns0:href="../517/32517.xml">dec vax</link>practic goal make microkernel realiz version<link ns0:type="simple" ns0:href="../430/1367430.xml">ibm pcrt</link><company wordnetid="108058098" confidence="0.8"><institution wordnetid="108053576" confidence="0.8"><link ns0:type="simple" ns0:href="../980/26980.xml">sun microsystem</link></institution></company><link ns0:type="simple" ns0:href="../322/20322.xml" />base workstat prove system portabl list includ<link>encor multimax</link><company wordnetid="108058098" confidence="0.8"><subsidiary_company wordnetid="108003935" confidence="0.8"><institution wordnetid="108053576" confidence="0.8"><link ns0:type="simple" ns0:href="../458/222458.xml">sequent balanc</link></institution></subsidiary_company></company>machin test mach abil multiprocessor system public releas year releas year</p><p>time promis true microkernel deliv earli mach version includ major bsd kernel system<b>poe</b>server kernel larger unix base idea move unix layer kernel userspac easili work replac outright perform prove major problem number architectur chang order solv problem unwieldi unix licens issu plagu research earli effort provid nonlicens unixlik system environ continu find well develop mach</p><p>mach releas gener intens interest small team built mach port number platform includ complex multiprocessor system caus seriou problem olderstyl kernel gener consider interest commerci market number compani midst consid chang hardwar platform exist system port mach easi chang platform underneath</p><p>mach receiv major boost visibl<foundation wordnetid="113790712" confidence="0.8"><link ns0:type="simple" ns0:href="../219/190219.xml">open softwar foundat</link></foundation>osf announc host futur version<link>osf</link>mach investig mach well mach select<link ns0:type="simple" ns0:href="../642/40642.xml">nextstep</link>system number commerci multiprocessor vendor mach led number effort port oper system kernel includ<company wordnetid="108058098" confidence="0.9508927676800064"><link ns0:type="simple" ns0:href="../259/18622259.xml">ibm</link></company><link ns0:type="simple" ns0:href="../497/1044497.xml">workplac os</link>effort<link ns0:type="simple" ns0:href="../856/856.xml">appl comput</link>build crossplatform version<link ns0:type="simple" ns0:href="../043/20043.xml">mac os</link></p><p>time appear futur oper system base mach late</p></sec><sec><st>perform problem</st><p>mach origin intend replac classic unix reason contain unixlik idea instanc mach permiss secur system pattern unix file system kernel privileg run<it>kernelspac</it>malfunct malici program send command damag system reason kernel check messag valid addit function locat userspac program meant need kernel grant program addit privileg oper hardwar instanc</p><p>mach esoter featur base ipc mechan instanc mach support multiprocessor machin eas tradit kernel extens work carri<link ns0:type="simple" ns0:href="../851/154851.xml">reentrant subroutin</link><it>interrupt</it>program run processor call kernel time mach bit oper system isol server program processor theori mach kernel reentrant practic isnt issu respons time fast simpli wait serv request turn mach includ server forward messag program network area intens develop late earli</p><p>ipc task turn seriou perform impact benchmark hardwar mach base<link ns0:type="simple" ns0:href="../642/31642.xml">unix</link>singleserv implement slower nativ unix<ref ns0:type="simple" ns0:href="#xpointer(//reflist/entry[@id=%221%22])" /><ref ns0:type="simple" ns0:href="#xpointer(//reflist/entry[@id=%222%22])" /></p><p>studi vast major perform hit measur overhead ipc measur system singl larg server provid oper system break system smaller server problem wors appear goal collectionofserv simpli</p><p>attempt improv perform mach machlik microkernel mid earli intens interest die concept oper system base ipc appear dead idea flaw</p><p>fact studi exact natur perform problem turn number interest fact ipc problem overhead associ memori map need support small amount time make call rest time spent addit task kernel run messag primari port right check messag valid test<chip wordnetid="103020034" confidence="0.8"><artifact wordnetid="100021939" confidence="0.8"><instrumentality wordnetid="103575240" confidence="0.8"><microprocessor wordnetid="103760310" confidence="0.8"><conductor wordnetid="103088707" confidence="0.8"><device wordnetid="103183080" confidence="0.8"><semiconductor_device wordnetid="104171831" confidence="0.8"><link ns0:type="simple" ns0:href="../161/15161.xml" /></semiconductor_device></device></conductor></microprocessor></instrumentality></artifact></chip>dx standard unix system call<order wordnetid="107168623" confidence="0.8"><event wordnetid="100029378" confidence="0.8"><command wordnetid="107168131" confidence="0.8"><act wordnetid="100030358" confidence="0.8"><psychological_feature wordnetid="100023100" confidence="0.8"><speech_act wordnetid="107160883" confidence="0.8"><link ns0:type="simple" ns0:href="../451/203451.xml">microsecond</link></speech_act></psychological_feature></act></command></event></order>complet correspond oper mach microsecond microsecond hardwar rest mach kernel run routin messag<ref ns0:type="simple" ns0:href="#xpointer(//reflist/entry[@id=%223%22])" /></p><p>mach serious version perform slower tradit kernel cost consid worri system offer multiprocessor support easi portabl felt expect accept cost pay fact system hide seriou perform problem obviou mach start develop attempt system run userspac</p><p>mach attempt move oper system userspac overhead suddenli overwhelm case consid simpl task system time true userspac system server handl request caller trigger ipc system kernel caus context switch memori map kernel examin content messag caller right call server map server memori context switch allow process repeat return ad total context switch memori map well run code check right valid messag</p><p>number call bsd kernel<chip wordnetid="103020034" confidence="0.8"><artifact wordnetid="100021939" confidence="0.8"><instrumentality wordnetid="103575240" confidence="0.8"><microprocessor wordnetid="103760310" confidence="0.8"><conductor wordnetid="103088707" confidence="0.8"><device wordnetid="103183080" confidence="0.8"><semiconductor_device wordnetid="104171831" confidence="0.8"><link ns0:type="simple" ns0:href="../161/15161.xml">dx</link></semiconductor_device></device></conductor></microprocessor></instrumentality></artifact></chip>requir microsecond call system run mach requir syscal full roundtrip bsd requir userspac mach system detail test publish chen bershad system perform degrad compar tradit kernel</p><p>sourc perform problem center problem handl memori properli physic memori low page occur tradit monokernel author direct experi part kernel call allow fine tune pager avoid page code mach wasnt kernel real idea oper system consist singl onesizefitsal solut perform problem mach attempt address problem provid simpl pager reli userspac pager better special turn practic benefit wipe expens ipc need call</p><p>perform problem mach support<link ns0:type="simple" ns0:href="../020/64020.xml">multiprocessor</link>system mid earli commod cpu grew perform rate year speed memori access grew year meant cost access memori grew tremend period mach base map memori program cach ipc call excruciatingli slow</p><p>advantag mach approach sort realworld perform hit simpli accept team sort earli mach enthusiasm disappear short time develop commun conclud entir concept ipc basi oper system inher flaw</p></sec><sec><st>potenti solut</st><p>ipc overhead major issu mach system concept<it>multiserv system</it>promis requir develop care isol code modul call server server instanc major network code singl server minim ipc normal network task unix isnt easi system base file system basi secur network</p><p>develop stuck origin poe concept singl larg server provid oper system function order eas develop allow oper system server userspac kernelspac allow develop userspac advantag origin mach idea move debug server kernelspac order better perform oper system construct method<it>coloc</it><link ns0:type="simple" ns0:href="../077/626077.xml">lite</link><O wordnetid="106832680" confidence="0.9508927676800064"><link ns0:type="simple" ns0:href="../761/547761.xml">mklinux</link></O><link>osf</link><link ns0:type="simple" ns0:href="../642/40642.xml">nextstep</link><link ns0:type="simple" ns0:href="../114/53114.xml">openstep</link><link ns0:type="simple" ns0:href="../640/20640.xml">mac os</link><O wordnetid="106832680" confidence="0.9508927676800064"><link ns0:type="simple" ns0:href="../461/1206461.xml">choru microkernel</link></O>featur basic system allow server rais kernel space builtin mechan</p><p>mach attempt address problem time radic set upgrad program code typic writabl potenti hit copyonwrit rare sens map memori program ipc migrat program code local space program led concept shuttl perform improv develop move system semius mach introduc builtin coloc primit make kernel</p><p>mid work microkernel system dead despit market gener believ modern oper system microkernel base remain widespread mach kernel appl mac os run heavili modifi mach kernel</p></sec><sec><st>gener</st><p>analysi demonstr ipc perform problem obviou recal singlesid syscal bsd mach run system context switch ident bsd addit mmu map messag userspac kernel space add longer tradit syscal</p><p>rest major actual problem kernel perform task check messag port access right secur concern fact sens unixlik system instanc singleus oper system run<link ns0:type="simple" ns0:href="../137/19644137.xml">cell phone</link>featur exactli sort system mach pickandchoos oper system valuabl likewis mach caus problem memori move oper system task sens system address space<link ns0:type="simple" ns0:href="../146/8146.xml">do</link>earli<link ns0:type="simple" ns0:href="../043/20043.xml">mac os</link><link ns0:type="simple" ns0:href="../531/2968531.xml">singl larg address space</link>share program system map wast time</p><p>realiz led seri<link>second gener microkernel</link>reduc complex system function user space instanc<link ns0:type="simple" ns0:href="../763/95763.xml">kernel</link>includ function memori mach includ function memori ipc call dx faster unix syscal system time fast mach cours ignor fact handl permiss secur leav userspac program select overhead requir</p><p><it>potenti</it>perform gain temper fact userspac applic will provid function support kernel order test endtoend perform mklinux coloc mode compar port run userspac overhead compar mach interest consid doubl context switch need</p><p>newer microkernel revit industri dead project<software wordnetid="106566077" confidence="0.9508927676800064"><link ns0:type="simple" ns0:href="../236/13236.xml">gnu hurd</link></software>receiv attent result</p></sec><sec><st>oper system kernel base mach</st><p><list><entry level="1" type="bullet"><software wordnetid="106566077" confidence="0.9508927676800064"><link ns0:type="simple" ns0:href="../236/13236.xml">gnu hurd</link></software>base<link ns0:type="simple" ns0:href="../008/64008.xml">gnu mach</link></entry><entry level="1" type="bullet"><link ns0:type="simple" ns0:href="../443/16161443.xml">iphon os</link></entry><entry level="1" type="bullet"><link ns0:type="simple" ns0:href="../077/626077.xml">lite</link></entry><entry level="1" type="bullet"><O wordnetid="106832680" confidence="0.9508927676800064"><link ns0:type="simple" ns0:href="../761/547761.xml">mklinux</link></O></entry><entry level="1" type="bullet"><link ns0:type="simple" ns0:href="../187/737187.xml">mtxinu</link></entry><entry level="1" type="bullet"><O wordnetid="106832680" confidence="0.9508927676800064"><link ns0:type="simple" ns0:href="../746/2889746.xml">machten</link></O></entry><entry level="1" type="bullet"><link ns0:type="simple" ns0:href="../124/2886124.xml">macmach</link></entry><entry level="1" type="bullet"><link ns0:type="simple" ns0:href="../640/20640.xml">mac os</link></entry><entry level="1" type="bullet"><link ns0:type="simple" ns0:href="../642/40642.xml">nextstep</link></entry><entry level="1" type="bullet"><link>osf</link></entry><entry level="1" type="bullet"><link ns0:type="simple" ns0:href="../497/1044497.xml">workplac os</link></entry><entry level="1" type="bullet"><link>xmach</link></entry><entry level="1" type="bullet"><link ns0:type="simple" ns0:href="../266/47266.xml">unico max</link></entry></list></p></sec><sec><st /><p><list><entry level="1" type="bullet"><link ns0:type="simple" ns0:href="../023/20023.xml">microkernel</link></entry><entry level="1" type="bullet"><link ns0:type="simple" ns0:href="../763/95763.xml">microkernel famili</link></entry></list></p></sec><sec><st>refer</st><p><list><entry level="1" type="bullet">bradley chen brian bershad<it><weblink ns0:type="simple" ns0:href="http://portal.acm.org/citation.cfm?id=168629 dl=ACM coll= CFID=15151515 CFTOKEN=6184618">impact oper system structur memori system perform</weblink></it>acm press isbn</entry></list></p><ss1><st>note</st><p><reflist><entry id="1"><cite style="font-style:normal">condict boling mcmanu mitchel lewontin april microkernel modular integr kernel perform<it>technic report osf institut cambridg ma</it></cite></entry><entry id="2"><cite style="font-style:normal">hermann hrtig michael hohmuth<physical_entity wordnetid="100001930" confidence="0.8"><person wordnetid="100007846" confidence="0.8"><computer_user wordnetid="109951274" confidence="0.8"><programmer wordnetid="110481268" confidence="0.8"><engineer wordnetid="109615807" confidence="0.8"><causal_agent wordnetid="100007347" confidence="0.8"><scientist wordnetid="110560637" confidence="0.8"><research_worker wordnetid="110523076" confidence="0.8"><link ns0:type="simple" ns0:href="../112/1623112.xml">jochen liedtk</link></research_worker></scientist></causal_agent></engineer></programmer></computer_user></person></physical_entity>sebastian schnberg jean wolter octob<weblink ns0:type="simple" ns0:href="http://portal.acm.org/citation.cfm?id=266660 dl=ACM coll= CFID=15151515 CFTOKEN=6184618">perform kernelbas system</weblink><it>proceed acm symposium oper system principl sosp saintmalo franc</it>isbn</cite><weblink ns0:type="simple" ns0:href="http://os.inf.tu-dresden.de/pubs/sosp97/">url</weblink></entry><entry id="3"><cite style="font-style:normal"><physical_entity wordnetid="100001930" confidence="0.8"><person wordnetid="100007846" confidence="0.8"><computer_user wordnetid="109951274" confidence="0.8"><programmer wordnetid="110481268" confidence="0.8"><engineer wordnetid="109615807" confidence="0.8"><causal_agent wordnetid="100007347" confidence="0.8"><scientist wordnetid="110560637" confidence="0.8"><research_worker wordnetid="110523076" confidence="0.8"><link ns0:type="simple" ns0:href="../112/1623112.xml">jochen liedtk</link></research_worker></scientist></causal_agent></engineer></programmer></computer_user></person></physical_entity>improv ipc kernel design<it>proceed acm symposium oper system principl sosp</it>isbn</cite></entry></reflist></p></ss1></sec><sec><st>extern link</st><p><list><entry level="1" type="bullet"><weblink ns0:type="simple" ns0:href="http://www-2.cs.cmu.edu/afs/cs/project/mach/public/www/mach.html">mach project carnegi mellon</weblink></entry><entry level="1" type="bullet"><weblink ns0:type="simple" ns0:href="http://codex.cs.yale.edu/avi/os-book/os7/online-dir/Mach.pdf">mach system</weblink>appendix<it>oper system concept</it>avi silberschatz peter baer galvin greg gagn</entry><entry level="1" type="bullet"><weblink ns0:type="simple" ns0:href="http://www.cdk3.net/oss/Ed2/Comparison.pdf">comparison mach amoeba choru</weblink></entry><entry level="1" type="bullet"><weblink ns0:type="simple" ns0:href="http://rtsl.cs.ccu.edu.tw/upload/paper/(2002-12-05)%20Toward%20Real%20Microkernels.ppt">real microkernel</weblink>numer perform measur includ quot articl</entry><entry level="1" type="bullet"><weblink ns0:type="simple" ns0:href="http://os.inf.tu-dresden.de/pubs/sosp97/">perform kernelbas system</weblink>excel perform comparison linux run monokernel mach</entry><entry level="1" type="bullet"><weblink ns0:type="simple" ns0:href="http://fxr.watson.org/fxr/source/?v=MK84">mach kernel sourc code</weblink>browsabl version mach kernel sourc code freebsdlinux kernel cross refer site</entry></list></p></sec></bdy></entity></article>