<article xmlns:ns0="http://www.w3.org/1999/xlink"><header><title>time share option</title><id /><revision><id /><timestamp>tz</timestamp><contributor><username>thijsbot</username><id /></contributor></revision><categories><category>ibm mainfram comput oper system</category></categories></header><bdy><link ns0:type="simple" ns0:href="../213/5213.xml">comput</link><b>time share option</b><b>tso</b>interact<link ns0:type="simple" ns0:href="../958/30958.xml">timeshar</link>environ lineag<link ns0:type="simple" ns0:href="../872/14872.xml">ibm mainfram</link>oper system run<link ns0:type="simple" ns0:href="../423/19161423.xml">osmvt</link><link ns0:type="simple" ns0:href="../649/19649.xml">mv</link><link ns0:type="simple" ns0:href="../129/39129.xml">os</link>current<link ns0:type="simple" ns0:href="../122/39122.xml">zo</link>fill purpos login session user<family wordnetid="108078020" confidence="0.8"><link ns0:type="simple" ns0:href="../642/31642.xml">unix</link></family>timeshar person access mv concurr unawar oper system access appear tso user user system<p>tso commonli mainfram<link ns0:type="simple" ns0:href="../985/154985.xml">system administr</link>programm<link ns0:type="simple" ns0:href="../310/30310.xml">text editor</link>abil submit<link ns0:type="simple" ns0:href="../285/37285.xml">batch job</link>notifi complet view wait print report<link ns0:type="simple" ns0:href="../485/50485.xml">debugg</link>program languag<link ns0:type="simple" ns0:href="../294/29294.xml">system</link>ibm mainfram vendor endus applic exampl queri<link>im</link><link>db</link><link ns0:type="simple" ns0:href="../377/8377.xml">databas</link></p><p>time share<it>option</it>deriv fact origin introduc timeshar consid option featur compar standard<link ns0:type="simple" ns0:href="../285/37285.xml">batch process</link>tso offer option featur<link ns0:type="simple" ns0:href="../423/19161423.xml">osmvt</link>standard ibm topend mainfram oper system introduct<link ns0:type="simple" ns0:href="../649/19649.xml">mv</link>tsoe stand time share option extens set extens origin tso<link ns0:type="simple" ns0:href="../122/39122.xml">zo</link>instal tso tsoe function instal normal refer tso tsoe tso</p><p>tso interact user linebylin mode full screen menudriven mode linebylin mode user enter command type keyboard turn system interpret command display respons termin screen<link ns0:type="simple" ns0:href="../330/20330.xml">mainfram</link>interact<shell wordnetid="104190464" confidence="0.8"><artifact wordnetid="100021939" confidence="0.8"><instrumentality wordnetid="103575240" confidence="0.8"><ammunition wordnetid="102703275" confidence="0.8"><weaponry wordnetid="104566257" confidence="0.8"><link ns0:type="simple" ns0:href="../337/199337.xml">ispf</link></weaponry></ammunition></instrumentality></artifact></shell>allow custom menudriven interact combin refer tsoispf tso provid unixstyl environ os zo<link ns0:type="simple" ns0:href="../535/593535.xml">unix system servic</link><environment wordnetid="113934596" confidence="0.8"><state wordnetid="100024720" confidence="0.8"><situation wordnetid="113927383" confidence="0.8"><link ns0:type="simple" ns0:href="../397/2281397.xml">command shell</link></situation></state></environment>ispf</p><sec><st>tso batch rexx</st><p>common tso batch oppos interact usual tso linemod interact command execut<link ns0:type="simple" ns0:href="../487/391487.xml">job control languag</link>jcl run program ikjeftb suppli command file point systsin dd</p><p>tso command embed<programming_language wordnetid="106898352" confidence="0.9508927676800064"><link ns0:type="simple" ns0:href="../858/25858.xml">rexx</link></programming_language>exec interact batch tso command set function rich easi creat sophist script</p></sec><sec><st /><p><list><entry level="1" type="bullet"><link ns0:type="simple" ns0:href="../542/391542.xml">clist</link></entry><entry level="1" type="bullet"><shell wordnetid="104190464" confidence="0.8"><artifact wordnetid="100021939" confidence="0.8"><instrumentality wordnetid="103575240" confidence="0.8"><ammunition wordnetid="102703275" confidence="0.8"><weaponry wordnetid="104566257" confidence="0.8"><link ns0:type="simple" ns0:href="../337/199337.xml">ispf</link></weaponry></ammunition></instrumentality></artifact></shell></entry><entry level="1" type="bullet"><O wordnetid="106832680" confidence="0.9508927676800064"><link ns0:type="simple" ns0:href="../432/148432.xml">michigan termin system</link></O></entry><entry level="1" type="bullet"><O wordnetid="106832680" confidence="0.9508927676800064"><link ns0:type="simple" ns0:href="../847/18847.xml">multic</link></O></entry><entry level="1" type="bullet"><O wordnetid="106832680" confidence="0.9508927676800064"><link ns0:type="simple" ns0:href="../821/197821.xml">musicsp</link></O></entry><entry level="1" type="bullet"><link ns0:type="simple" ns0:href="../858/25858.xml">rexx</link></entry></list></p></sec><sec><st>read</st><p>book<it>mv tso</it><link>doug low</link></p></sec></bdy></article>