<article xmlns:ns0="http://www.w3.org/1999/xlink"><merchandise confidence="0.9511911446218017" wordnetid="103748886"><fat confidence="0.9511911446218017" wordnetid="114864360"><header><title>tallow</title><id /><revision><id /><timestamp>tz</timestamp><contributor><username>thijsbot</username><id /></contributor></revision><categories><category>gard manger</category><category>anim fat product</category><category>cook fat</category></categories></header><bdy><link ns0:type="simple" ns0:href="../448/14504448.xml">tallow disambigu</link><image width="240px" src="Tallow-beef_suet_after_rendering.jpg" type="thumb"><caption>tallow render calf<link ns0:type="simple" ns0:href="../267/177267.xml">suet</link></caption></image>tallow<link ns0:type="simple" ns0:href="../462/885462.xml">render</link>form<link ns0:type="simple" ns0:href="../968/36968.xml">beef</link><link ns0:type="simple" ns0:href="../275/229275.xml">mutton</link><link ns0:type="simple" ns0:href="../042/11042.xml">fat</link>process<link ns0:type="simple" ns0:href="../267/177267.xml">suet</link>solid room temperatur suet tallow store extend period<link ns0:type="simple" ns0:href="../238/46238.xml">refriger</link>prevent<link ns0:type="simple" ns0:href="../731/188731.xml">decomposit</link>provid airtight contain prevent<link ns0:type="simple" ns0:href="../313/66313.xml">oxid</link><p>render fat<link ns0:type="simple" ns0:href="../142/25142.xml">pig</link><it><link ns0:type="simple" ns0:href="../997/18621997.xml">lard</link></it></p><p>industri tallow strictli defin beef<link ns0:type="simple" ns0:href="../275/229275.xml">mutton</link>fat context tallow anim fat conform technic criteria includ<link ns0:type="simple" ns0:href="../283/40283.xml">melt point</link><link ns0:type="simple" ns0:href="../583/1447583.xml">titr</link>common commerci tallow fat deriv anim pig</p><sec><st /><p>tallow anim feed<link ns0:type="simple" ns0:href="../875/57875.xml">soap</link><link ns0:type="simple" ns0:href="../355/5355.xml">cook</link><link ns0:type="simple" ns0:href="../323/170323.xml">bird food</link>raw materi product<link ns0:type="simple" ns0:href="../551/188551.xml">biodiesel</link><link ns0:type="simple" ns0:href="../102/292102.xml">oleochem</link>histor tallow<link ns0:type="simple" ns0:href="../017/44017.xml">candl</link>cheaper altern wax candl</p><p>switch pure veget oil year<series wordnetid="108457976" confidence="0.8"><arrangement wordnetid="107938773" confidence="0.8"><chain wordnetid="108376250" confidence="0.8"><food_company wordnetid="108003427" confidence="0.8"><company wordnetid="108058098" confidence="0.8"><ordering wordnetid="108456993" confidence="0.8"><group wordnetid="100031264" confidence="0.8"><institution wordnetid="108053576" confidence="0.8"><link ns0:type="simple" ns0:href="../627/2480627.xml">mcdonald</link></institution></group></ordering></company></food_company></chain></arrangement></series>corpor cook<link ns0:type="simple" ns0:href="../885/10885.xml">french fri</link>mixtur beef tallow<link ns0:type="simple" ns0:href="../389/613389.xml">cottonse oil</link><ref ns0:type="simple" ns0:href="#xpointer(//reflist/entry[@id=%221%22])" /></p><p>tallow<link ns0:type="simple" ns0:href="../058/27058.xml">steel</link>roll industri provid requir lubric sheet steel compress<link ns0:type="simple" ns0:href="../196/3183196.xml">steel roller</link>trend replac tallow base<link ns0:type="simple" ns0:href="../221/309221.xml">lubric</link>synthet oil roll applic surfac cleanli reason<ref ns0:type="simple" ns0:href="#xpointer(//reflist/entry[@id=%222%22])" /></p><p>tallow<link ns0:type="simple" ns0:href="../521/493521.xml">flux</link><link ns0:type="simple" ns0:href="../713/27713.xml">solder</link><ref ns0:type="simple" ns0:href="#xpointer(//reflist/entry[@id=%223%22])" /></p><p>tallow primari ingredi proofid leather dress<manufacturer wordnetid="108060446" confidence="0.8"><enterprise wordnetid="108056231" confidence="0.8"><business wordnetid="108061042" confidence="0.8"><link ns0:type="simple" ns0:href="../973/4284973.xml">brook</link></business></enterprise></manufacturer>leather bicycl saddl combin cod oil veget oil paraffin wax beeswax citronella oil</p><p>tallow beeswax creation lubric civil war ammunit springfield rifl musket</p></sec><sec><st>composit</st><p><table style="margin: 0 0 0.5em 1em; border-collapse:collapse; border: 1px solid black; background: white; color: black;  float:right; clear:right; font-size: 90%;"><row><header align="center">beef tallow nutrit oz</header></row><row style="background:#e0e0e0; color:black;"><col align="center">energi kcal kj</col></row><row><col><table style="margin:0.3em;" cellpadding="0px" cellspacing="0px"><row><header align="left"><link ns0:type="simple" ns0:href="../932/5932.xml">carbohydr</link></header><col /></row><row><header align="left"><link ns0:type="simple" ns0:href="../042/11042.xml">fat</link></header><col /></row><row><col colspan="2"><link ns0:type="simple" ns0:href="../746/264746.xml">satur</link></col></row><row><col colspan="2"><link ns0:type="simple" ns0:href="../404/1051404.xml">monounsatur</link></col></row><row><col colspan="2"><link ns0:type="simple" ns0:href="../513/1610513.xml">polyunsatur</link></col></row><row><header align="left"><link ns0:type="simple" ns0:href="../634/23634.xml#xpointer(//*[./st=%22Nutrition%22])">protein</link></header><col /></row><row><header align="left"><link ns0:type="simple" ns0:href="../437/6437.xml">cholesterol</link></header><col /></row><row><header align="left"><link ns0:type="simple" ns0:href="../117/27117.xml">selenium</link></header><col /></row></table></col></row><row style="background:#e0e0e0; color:black;"><col style="font-size:90%; text-align:center; padding:4pt; line-height:1.25em;">fat percentag vari percentag rel<link ns0:type="simple" ns0:href="../488/267488.xml">recommend</link>adult sourc<weblink ns0:type="simple" ns0:href="http://www.nal.usda.gov/fnic/foodcomp/search/">usda nutrient databas</weblink></col></row></table></p><p>composit fatti acid typic<ref ns0:type="simple" ns0:href="#xpointer(//reflist/entry[@id=%224%22])" /><list><entry level="1" type="bullet">satur fatti acid</entry><entry level="2" type="bullet"><link ns0:type="simple" ns0:href="../488/542488.xml">palmit acid</link></entry><entry level="2" type="bullet"><link ns0:type="simple" ns0:href="../511/338511.xml">stearic acid</link></entry><entry level="2" type="bullet"><link ns0:type="simple" ns0:href="../038/1718038.xml">myrist acid</link></entry><entry level="1" type="bullet">monounsatur fatti acid</entry><entry level="2" type="bullet"><link ns0:type="simple" ns0:href="../100/661100.xml">oleic acid</link></entry><entry level="2" type="bullet"><link ns0:type="simple" ns0:href="../025/3025025.xml">palmitol acid</link></entry><entry level="1" type="bullet">polyunsatur fatti acid</entry><entry level="2" type="bullet"><link ns0:type="simple" ns0:href="../497/880497.xml">linol acid</link></entry><entry level="2" type="bullet"><link ns0:type="simple" ns0:href="../561/4421561.xml">linolen acid</link></entry></list></p></sec><sec><st>refer</st><p><reflist><entry id="1">schlosser eric<it>fast food nation dark side allamerican meal</it>houghton mifflin isbn</entry><entry id="2"><weblink ns0:type="simple" ns0:href="http://www.patentstorm.us/patents/4891161-description.html">cold roll mill lubric patent</weblink></entry><entry id="3"><weblink ns0:type="simple" ns0:href="http://www.fantasyinglass.com/SiteDoc/flux.html">hey flux</weblink></entry><entry id="4">nation council<it>fat content composit anim product</it>print publish offic nation academi scienc washington dc isbn<weblink ns0:type="simple" ns0:href="http://books.nap.edu/openbook.php?chapselect=yo page=203 record_id=22 Jump+to+Specified+Page.x=0 Jump+to+Specified+Page.y=0">onlin edit</weblink></entry></reflist></p><p><table style=";" class="navbox" cellspacing="0"><row><col style="padding:2px;"><table style="width:100%;background:transparent;color:inherit;;" class="nowraplinks collapsible autocollapse " cellspacing="0"><row><header colspan="2" style=";background:lightgreen;" class="navbox-title"><link ns0:type="simple" ns0:href="../042/11042.xml">edibl fat oil</link></header></row><row style="height:2px;" /><row><col style=";background:lightgreen;;" class="navbox-group"><link ns0:type="simple" ns0:href="../042/11042.xml">fat</link></col><col style="text-align:left;border-left:2px solid #fdfdfd;width:100%;padding:0px;;;" class="navbox-list navbox-odd"><link ns0:type="simple" ns0:href="../394/63394.xml#xpointer(//*[./st=%22Grease%22])">bacon greas</link><link ns0:type="simple" ns0:href="../183/46183.xml">butter</link><link ns0:type="simple" ns0:href="../879/14804879.xml">clarifi butter</link><link ns0:type="simple" ns0:href="../218/894218.xml">cocoa butter</link><link ns0:type="simple" ns0:href="../636/2311636.xml">drip</link><link ns0:type="simple" ns0:href="../000/2579000.xml">duck fat</link><link ns0:type="simple" ns0:href="../394/212394.xml">ghee</link><link ns0:type="simple" ns0:href="../997/18621997.xml">lard</link><link ns0:type="simple" ns0:href="../276/193276.xml">margarin</link><link ns0:type="simple" ns0:href="../931/1995931.xml">niter kibbeh</link><compound wordnetid="114818238" confidence="0.8"><merchandise wordnetid="103748886" confidence="0.8"><fat wordnetid="114864360" confidence="0.8"><macromolecule wordnetid="114944888" confidence="0.8"><material wordnetid="114580897" confidence="0.8"><substance wordnetid="100019613" confidence="0.8"><artifact wordnetid="100021939" confidence="0.8"><commodity wordnetid="103076708" confidence="0.8"><chemical wordnetid="114806838" confidence="0.8"><lipid wordnetid="114938907" confidence="0.8"><molecule wordnetid="114682133" confidence="0.8"><organic_compound wordnetid="114727670" confidence="0.8"><part wordnetid="113809207" confidence="0.8"><link ns0:type="simple" ns0:href="../344/3058344.xml">salo</link></part></organic_compound></molecule></lipid></chemical></commodity></artifact></substance></material></macromolecule></fat></merchandise></compound><link ns0:type="simple" ns0:href="../656/1093656.xml">schmaltz</link><physical_entity wordnetid="100001930" confidence="0.8"><compound wordnetid="114818238" confidence="0.8"><fat wordnetid="114864360" confidence="0.8"><macromolecule wordnetid="114944888" confidence="0.8"><agent wordnetid="109190918" confidence="0.8"><material wordnetid="114580897" confidence="0.8"><substance wordnetid="100019613" confidence="0.8"><chemical wordnetid="114806838" confidence="0.8"><causal_agent wordnetid="100007347" confidence="0.8"><lipid wordnetid="114938907" confidence="0.8"><molecule wordnetid="114682133" confidence="0.8"><organic_compound wordnetid="114727670" confidence="0.8"><part wordnetid="113809207" confidence="0.8"><link ns0:type="simple" ns0:href="../993/1347993.xml">shea butter</link></part></organic_compound></molecule></lipid></causal_agent></chemical></substance></material></agent></macromolecule></fat></compound></physical_entity><message wordnetid="106598915" confidence="0.8"><information wordnetid="106634376" confidence="0.8"><electronic_database wordnetid="106588511" confidence="0.8"><lexical_database wordnetid="106638868" confidence="0.8"><wordnet wordnetid="106639428" confidence="0.8"><database wordnetid="106637824" confidence="0.8"><link ns0:type="simple" ns0:href="../581/5347581.xml">smen</link></database></wordnet></lexical_database></electronic_database></information></message><link ns0:type="simple" ns0:href="../267/177267.xml">suet</link><link ns0:type="simple" ns0:href="../396/212396.xml">tallow</link><link ns0:type="simple" ns0:href="../154/667154.xml">veget shorten</link></col></row><row style="height:2px" /><row><col style=";background:lightgreen;;" class="navbox-group"><link ns0:type="simple" ns0:href="../510/4207510.xml">oil</link></col><col style="text-align:left;border-left:2px solid #fdfdfd;width:100%;padding:0px;;;" class="navbox-list navbox-even"><link ns0:type="simple" ns0:href="../064/1064.xml#xpointer(//*[./st=%22Almond+oil%22])">almond oil</link><message wordnetid="106598915" confidence="0.8"><information wordnetid="106634376" confidence="0.8"><electronic_database wordnetid="106588511" confidence="0.8"><lexical_database wordnetid="106638868" confidence="0.8"><wordnet wordnetid="106639428" confidence="0.8"><database wordnetid="106637824" confidence="0.8"><link ns0:type="simple" ns0:href="../407/3820407.xml">argan oil</link></database></wordnet></lexical_database></electronic_database></information></message><link ns0:type="simple" ns0:href="../788/5864788.xml">avocado oil</link><link ns0:type="simple" ns0:href="../190/86190.xml">canola oil</link><link ns0:type="simple" ns0:href="../190/172190.xml">castor oil</link><link ns0:type="simple" ns0:href="../915/239915.xml">coconut oil</link><link ns0:type="simple" ns0:href="../753/1461753.xml">colza oil</link><link ns0:type="simple" ns0:href="../452/2249452.xml">corn oil</link><link ns0:type="simple" ns0:href="../389/613389.xml">cottonse oil</link><link ns0:type="simple" ns0:href="../249/413249.xml">grape seed oil</link><plant_part wordnetid="113086908" confidence="0.8"><plant wordnetid="100017222" confidence="0.8"><fruit wordnetid="113134947" confidence="0.8"><tree wordnetid="113104059" confidence="0.8"><vascular_plant wordnetid="113083586" confidence="0.8"><edible_nut wordnetid="107737081" confidence="0.8"><seed wordnetid="113135832" confidence="0.8"><reproductive_structure wordnetid="111675842" confidence="0.8"><natural_object wordnetid="100019128" confidence="0.8"><woody_plant wordnetid="113103136" confidence="0.8"><nut wordnetid="113136556" confidence="0.8"><plant_organ wordnetid="113087625" confidence="0.8"><link ns0:type="simple" ns0:href="../546/484546.xml">hazelnut oil</link></plant_organ></nut></woody_plant></natural_object></reproductive_structure></seed></edible_nut></vascular_plant></tree></fruit></plant></plant_part><link ns0:type="simple" ns0:href="../632/324632.xml">hemp oil</link><link ns0:type="simple" ns0:href="../711/295711.xml">linse oil flaxse oil</link><substance wordnetid="100019613" confidence="0.8"><chemical wordnetid="114806838" confidence="0.8"><part wordnetid="113809207" confidence="0.8"><material wordnetid="114580897" confidence="0.8"><link ns0:type="simple" ns0:href="../999/4810999.xml">macadamia oil</link></material></part></chemical></substance><message wordnetid="106598915" confidence="0.8"><information wordnetid="106634376" confidence="0.8"><electronic_database wordnetid="106588511" confidence="0.8"><lexical_database wordnetid="106638868" confidence="0.8"><wordnet wordnetid="106639428" confidence="0.8"><database wordnetid="106637824" confidence="0.8"><link ns0:type="simple" ns0:href="../305/12742305.xml">marula oil</link></database></wordnet></lexical_database></electronic_database></information></message><link ns0:type="simple" ns0:href="../422/746422.xml">mustard oil</link><link ns0:type="simple" ns0:href="../478/22478.xml">oliv oil</link><link ns0:type="simple" ns0:href="../561/57561.xml">palm oil</link><link ns0:type="simple" ns0:href="../561/57561.xml">palm kernel oil</link><link ns0:type="simple" ns0:href="../910/1195910.xml">peanut oil</link><link ns0:type="simple" ns0:href="../563/5810563.xml">pecan oil</link><substance wordnetid="100020090" confidence="0.8"><condiment wordnetid="107810907" confidence="0.8"><food wordnetid="100021265" confidence="0.8"><flavorer wordnetid="107809368" confidence="0.8"><ingredient wordnetid="107809096" confidence="0.8"><foodstuff wordnetid="107566340" confidence="0.8"><link ns0:type="simple" ns0:href="../731/4295731.xml">perilla oil</link></foodstuff></ingredient></flavorer></food></condiment></substance><link ns0:type="simple" ns0:href="../617/5810617.xml">pistachio oil</link><message wordnetid="106598915" confidence="0.8"><information wordnetid="106634376" confidence="0.8"><electronic_database wordnetid="106588511" confidence="0.8"><lexical_database wordnetid="106638868" confidence="0.8"><wordnet wordnetid="106639428" confidence="0.8"><database wordnetid="106637824" confidence="0.8"><link ns0:type="simple" ns0:href="../398/1208398.xml">poppyse oil</link></database></wordnet></lexical_database></electronic_database></information></message><message wordnetid="106598915" confidence="0.8"><information wordnetid="106634376" confidence="0.8"><electronic_database wordnetid="106588511" confidence="0.8"><lexical_database wordnetid="106638868" confidence="0.8"><wordnet wordnetid="106639428" confidence="0.8"><database wordnetid="106637824" confidence="0.8"><link ns0:type="simple" ns0:href="../129/1550129.xml">pumpkin seed oil</link></database></wordnet></lexical_database></electronic_database></information></message><link ns0:type="simple" ns0:href="../545/219545.xml#xpointer(//*[./st=%22Cultivation+and+uses%22])">rapese oil</link><message wordnetid="106598915" confidence="0.8"><information wordnetid="106634376" confidence="0.8"><electronic_database wordnetid="106588511" confidence="0.8"><lexical_database wordnetid="106638868" confidence="0.8"><wordnet wordnetid="106639428" confidence="0.8"><database wordnetid="106637824" confidence="0.8"><link ns0:type="simple" ns0:href="../823/2094823.xml">rice bran oil</link></database></wordnet></lexical_database></electronic_database></information></message><link ns0:type="simple" ns0:href="../441/1208441.xml">safflow oil</link><link ns0:type="simple" ns0:href="../664/905664.xml">sesam oil</link><link ns0:type="simple" ns0:href="../784/62784.xml#xpointer(//*[./st=%22Oil%22])">soybean oil</link><link ns0:type="simple" ns0:href="../902/2921902.xml">sunflow oil</link><message wordnetid="106598915" confidence="0.8"><information wordnetid="106634376" confidence="0.8"><electronic_database wordnetid="106588511" confidence="0.8"><lexical_database wordnetid="106638868" confidence="0.8"><wordnet wordnetid="106639428" confidence="0.8"><database wordnetid="106637824" confidence="0.8"><link ns0:type="simple" ns0:href="../613/3025613.xml">tea seed oil</link></database></wordnet></lexical_database></electronic_database></information></message><link ns0:type="simple" ns0:href="../431/1208431.xml">walnut oil</link></col></row><row style="height:2px;" /><row><col colspan="2" style=";background:lightgreen;" class="navbox-abovebelow"><link ns0:type="simple" ns0:href="../911/4755911.xml">list veget oil</link><link ns0:type="simple" ns0:href="../873/422873.xml">cook oil</link></col></row></table></col></row></table></p></sec></bdy></fat></merchandise></article>