<article xmlns:ns0="http://www.w3.org/1999/xlink"><header><title>earli stop</title><id /><revision><id /><timestamp>tz</timestamp><contributor><username>raven</username><id /></contributor></revision><categories><category>data mine</category><category>neural network</category></categories></header><bdy><link ns0:type="simple" ns0:href="../488/233488.xml">machin learn</link>earli stop form<link ns0:type="simple" ns0:href="../061/2009061.xml">regular</link><link ns0:type="simple" ns0:href="../488/233488.xml">machin learn</link>model<link ns0:type="simple" ns0:href="../542/1729542.xml">neural network</link>train onlin<link ns0:type="simple" ns0:href="../489/201489.xml">gradient descent</link>earli stop<link ns0:type="simple" ns0:href="../228/1817228.xml">train set</link>split train set valid set gradient descent appli train set sweep train set network evalu valid set network best perform valid set actual test<p>techniqu simpl effici hack deal problem<link ns0:type="simple" ns0:href="../332/173332.xml">overfit</link>overfit phenomenon learn system<link ns0:type="simple" ns0:href="../542/1729542.xml">neural network</link>good deal data set expens bad deal data set earli stop effect limit weight network impos regular effect lower<link ns0:type="simple" ns0:href="../846/305846.xml">vc dimens</link></p><p>earli stop common practic neural network train produc network gener well improv gener mathemat welldefin</p><p>topic<link ns0:type="simple" ns0:href="../612/416612.xml">crossvalid</link>valid set</p></bdy></article>