<article xmlns:ns0="http://www.w3.org/1999/xlink"><company confidence="0.9508927676800064" wordnetid="108058098"><bank confidence="0.9511911446218017" wordnetid="109213565"><lender confidence="0.9511911446218017" wordnetid="110254392"><header><title>washington mutual</title><id /><revision><id /><timestamp>tz</timestamp><contributor><username>yellowdesk</username><id /></contributor></revision><categories><category>compani file chapter bankruptci</category><category>entiti involv unit hous bubbl</category><category>mortgag lender</category><category>compani disestablish</category><category>compani establish</category><category>jpmorgan chase</category><category>defunct bank unit</category><category>defunct compani washington</category><category>compani list pink sheet</category><category>texa pacif group</category><category>wikipedia articl split septemb</category><category>unit</category><category>econom histori</category></categories></header><bdy><template><name>infobox defunct compani</name><parameters><market_cap><currency wordnetid="113385913" confidence="0.9508927676800064"><link ns0:type="simple" ns0:href="../338/18717338.xml" /></currency>billion<it>intraday</it></market_cap><location><village wordnetid="108672738" confidence="0.9508927676800064"><link ns0:type="simple" ns0:href="../236/11388236.xml">seattl</link></village><region wordnetid="108630985" confidence="0.8"><administrative_district wordnetid="108491826" confidence="0.8"><location wordnetid="100027167" confidence="0.8"><district wordnetid="108552138" confidence="0.8"><country wordnetid="108544813" confidence="0.8"><link ns0:type="simple" ns0:href="../878/13015878.xml">washington</link></country></district></location></administrative_district></region><body wordnetid="107965085" confidence="0.8"><social_group wordnetid="107950920" confidence="0.8"><political_orientation wordnetid="106212839" confidence="0.8"><colony wordnetid="108374049" confidence="0.8"><state wordnetid="108168978" confidence="0.8"><political_unit wordnetid="108359949" confidence="0.8"><group wordnetid="100031264" confidence="0.8"><democracy wordnetid="106217103" confidence="0.8"><link ns0:type="simple" ns0:href="../750/3434750.xml">unit</link></democracy></group></political_unit></state></colony></political_orientation></social_group></body></location><parent>washington mutual</parent><fate>insolv washington mutual inc bank subsidiari close<agency wordnetid="108337324" confidence="0.9508927676800064"><link ns0:type="simple" ns0:href="../661/2182661.xml">ot</link></agency>receivership<agency wordnetid="108337324" confidence="0.9508927676800064"><link ns0:type="simple" ns0:href="../394/164394.xml">fdic</link></agency>partial sold<company wordnetid="108058098" confidence="0.9508927676800064"><link ns0:type="simple" ns0:href="../001/231001.xml">jpmorgan chase</link></company>own oper bank hold compani<b>washington mutual</b>bank owner subsequ file<link ns0:type="simple" ns0:href="../279/7279.xml">chapter bankruptci</link></fate><key_people><link ns0:type="simple" ns0:href="../914/19475914.xml">alan fishman</link>chief execut offic</key_people><num_employees /><company_name>washington mutual</company_name><company_logo><image width="200px" src="Wamu_svg.svg"><caption>washington mutual logo</caption></image></company_logo><subsid>wamu invest washington mutual insur servic washington mutual card servic</subsid><foundation>septemb<ref ns0:type="simple" ns0:href="#xpointer(//reflist/entry[@id=%2227%22])" /></foundation><industry><link ns0:type="simple" ns0:href="../425/433425.xml">financ insur</link></industry><products><link ns0:type="simple" ns0:href="../050/4609050.xml">consum bank</link><link ns0:type="simple" ns0:href="../425/433425.xml">financi servic</link></products><revenue>billion</revenue></parameters></template><table class="metadata plainlinks ambox "><row><col>amboxmov style</col></row><row><col class="mbox-image"><p><image width="150px" src="Split-arrows.svg"><caption>splitarrowssvg</caption></image></p></col><col style="" class="mbox-text">suggest articl articl entitl access</col></row></table><p>wamu redirect<link ns0:type="simple" ns0:href="../626/2242626.xml">wamu disambigu</link></p><p><b>washington mutual</b>abbrevi<b>wamu</b><point wordnetid="108620061" confidence="0.8"><geographic_point wordnetid="108578706" confidence="0.8"><location wordnetid="100027167" confidence="0.8"><workplace wordnetid="104602044" confidence="0.8"><stock_exchange wordnetid="104323026" confidence="0.8"><exchange wordnetid="103302487" confidence="0.8"><link ns0:type="simple" ns0:href="../847/1897847.xml">pink sheet</link></exchange></stock_exchange></workplace></location></geographic_point></point><weblink ns0:type="simple" ns0:href="http://www.pinksheets.com/quote/quote.jsp?symbol=WAMUQ">wamuq</weblink><link ns0:type="simple" ns0:href="../152/918152.xml">save bank hold compani</link>owner<company wordnetid="108058098" confidence="0.9508927676800064"><link ns0:type="simple" ns0:href="../001/231001.xml#xpointer(//*[./st=%22Washington+Mutual%22])">washington mutual save bank</link></company><body wordnetid="107965085" confidence="0.8"><social_group wordnetid="107950920" confidence="0.8"><political_orientation wordnetid="106212839" confidence="0.8"><colony wordnetid="108374049" confidence="0.8"><state wordnetid="108168978" confidence="0.8"><political_unit wordnetid="108359949" confidence="0.8"><group wordnetid="100031264" confidence="0.8"><democracy wordnetid="106217103" confidence="0.8"><link ns0:type="simple" ns0:href="../750/3434750.xml">unit</link></democracy></group></political_unit></state></colony></political_orientation></social_group></body>largest<link ns0:type="simple" ns0:href="../571/878571.xml">save loan associ</link><ref ns0:type="simple" ns0:href="#xpointer(//reflist/entry[@id=%221%22])" /><ref ns0:type="simple" ns0:href="#xpointer(//reflist/entry[@id=%222%22])" /><ref ns0:type="simple" ns0:href="#xpointer(//reflist/entry[@id=%223%22])" /></p><p>septemb anniversari found billion day<link ns0:type="simple" ns0:href="../498/704498.xml">bank</link>unit<agency wordnetid="108337324" confidence="0.9508927676800064"><link ns0:type="simple" ns0:href="../661/2182661.xml">offic thrift supervis</link></agency>ot seiz washington mutual save bank washington mutual<link ns0:type="simple" ns0:href="../248/660248.xml">receivership</link><agency wordnetid="108337324" confidence="0.9508927676800064"><link ns0:type="simple" ns0:href="../394/164394.xml">feder deposit insur corpor</link></agency>fdic fdic sold bank busi<company wordnetid="108058098" confidence="0.9508927676800064"><link ns0:type="simple" ns0:href="../001/231001.xml">jpmorgan chase</link></company>billion reopen bank day fdic strip hold compani bank subsidiari bank hold compani washington mutual left billion asset billion debt<ref ns0:type="simple" ns0:href="#xpointer(//reflist/entry[@id=%224%22])" /><ref ns0:type="simple" ns0:href="#xpointer(//reflist/entry[@id=%225%22])" />day septemb washington mutual file chapter voluntari bankruptci delawar incorpor<ref ns0:type="simple" ns0:href="#xpointer(//reflist/entry[@id=%226%22])" /></p><p>washington mutual bank closur<link ns0:type="simple" ns0:href="../248/660248.xml">receivership</link>largest<link ns0:type="simple" ns0:href="../498/704498.xml">bank failur</link>american financi histori<ref ns0:type="simple" ns0:href="#xpointer(//reflist/entry[@id=%225%22])" /><ref ns0:type="simple" ns0:href="#xpointer(//reflist/entry[@id=%227%22])" />collaps sixthlargest bank unit<ref ns0:type="simple" ns0:href="#xpointer(//reflist/entry[@id=%228%22])" />washington mutual inc<link ns0:type="simple" ns0:href="../097/55097.xml" />file hold compani held asset valu billion<ref ns0:type="simple" ns0:href="#xpointer(//reflist/entry[@id=%229%22])" /></p><sec><st>busi oper prior bank receivership</st><p>despit washington mutual ceas<idea wordnetid="105833840" confidence="0.8"><concept wordnetid="105835747" confidence="0.8"><category wordnetid="105838765" confidence="0.8"><type wordnetid="105840188" confidence="0.8"><kind wordnetid="105839024" confidence="0.8"><link ns0:type="simple" ns0:href="../284/1037284.xml">mutual compani</link></kind></type></category></concept></idea><link ns0:type="simple" ns0:href="../109/1040109.xml">demutu</link><link ns0:type="simple" ns0:href="../293/262293.xml">public compani</link></p><p>june washington mutual save bank total asset billion retail branch offic oper<link ns0:type="simple" ns0:href="../628/46628.xml">atm</link>employe held liabil form deposit billion owe billion<link ns0:type="simple" ns0:href="../944/1307944.xml">feder loan bank</link>subordin debt billion held asset billion singlefamili loan billion option adjust rate mortgag option arm billion subprim mortgag loan billion equiti line credit heloc credit card receiv billion servic bank loan total billion bank nonperform asset billion includ billion payment option arm billion subprim mortgag loan</p><p>septemb hold compani receiv credit rate agenc downgrad septemb custom withdrew billion deposit ultim led<agency wordnetid="108337324" confidence="0.9508927676800064"><link ns0:type="simple" ns0:href="../661/2182661.xml">offic thrift supervis</link></agency>close bank<ref ns0:type="simple" ns0:href="#xpointer(//reflist/entry[@id=%2210%22])" /><ref ns0:type="simple" ns0:href="#xpointer(//reflist/entry[@id=%224%22])" /></p><p>fdic sold bank asset liabil includ secur debt<company wordnetid="108058098" confidence="0.9508927676800064"><link ns0:type="simple" ns0:href="../001/231001.xml">jpmorgan chase</link></company>billion claim subsidiari bank equiti holder senior subordin debt own hold compani acquir jp morgan chase<ref ns0:type="simple" ns0:href="#xpointer(//reflist/entry[@id=%2211%22])" /><ref ns0:type="simple" ns0:href="#xpointer(//reflist/entry[@id=%2212%22])" /></p></sec><sec><st>histori</st><p><image location="left" width="220px" src="Wamu_center3.jpg" type="thumb"><caption><skyscraper wordnetid="104233124" confidence="0.9508927676800064"><link ns0:type="simple" ns0:href="../197/771197.xml">washington mutual tower</link></skyscraper><village wordnetid="108672738" confidence="0.9508927676800064"><link ns0:type="simple" ns0:href="../236/11388236.xml">seattl washington</link></village></caption></image></p><ss1><st>mutual save bank</st><p>washington mutual incorpor<b>washington nation build loan invest associ</b>septemb<link ns0:type="simple" ns0:href="../457/787457.xml">great seattl fire</link>destroy acr central busi district seattl newli form compani mortgag loan west coast februari chang<b>washington save loan associ</b>june<ref ns0:type="simple" ns0:href="#xpointer(//reflist/entry[@id=%222%22])" />oper<b>washington mutual save bank</b><ref ns0:type="simple" ns0:href="#xpointer(//reflist/entry[@id=%2213%22])" />compani purchas compani financi distress continent mutual save bank juli<ref ns0:type="simple" ns0:href="#xpointer(//reflist/entry[@id=%2214%22])" />market slogan histori friend famili time demis slogan simpler bank smile</p></ss1><ss1><st>post demutu growth</st><p>washington mutual bought<link ns0:type="simple" ns0:href="../129/397129.xml">broker</link>age firm murphey favr<link ns0:type="simple" ns0:href="../109/1040109.xml">demutu</link>convert capit stock save bank asset doubl<ref ns0:type="simple" ns0:href="#xpointer(//reflist/entry[@id=%2214%22])" />octob washington mutual purchas<link ns0:type="simple" ns0:href="../800/10043800.xml">subprim</link>credit card issuer<company wordnetid="108058098" confidence="0.9508927676800064"><link ns0:type="simple" ns0:href="../698/2103698.xml">providian</link></company>billion march washington mutual began move headquart<skyscraper wordnetid="104233124" confidence="0.9508927676800064"><link ns0:type="simple" ns0:href="../306/5678306.xml">wamu center</link></skyscraper>locat<link ns0:type="simple" ns0:href="../757/603757.xml">downtown seattl</link>compani previou headquart<skyscraper wordnetid="104233124" confidence="0.9508927676800064"><link ns0:type="simple" ns0:href="../197/771197.xml">washington mutual tower</link></skyscraper>stand block build second avenu august washington mutual began offici abbrevi wamu legal situat</p><ss2><st>acquisit</st><p><image width="150px" src="Washington_mutual_naperville.jpg" type="thumb"><caption>wamu offic<region wordnetid="108630985" confidence="0.8"><administrative_district wordnetid="108491826" confidence="0.8"><village wordnetid="108672738" confidence="0.8"><location wordnetid="100027167" confidence="0.8"><municipality wordnetid="108626283" confidence="0.8"><settlement wordnetid="108672562" confidence="0.8"><geographical_area wordnetid="108574314" confidence="0.8"><district wordnetid="108552138" confidence="0.8"><urban_area wordnetid="108675967" confidence="0.8"><city wordnetid="108524735" confidence="0.8"><link ns0:type="simple" ns0:href="../128/111128.xml">napervil illinoi</link></city></urban_area></district></geographical_area></settlement></municipality></location></village></administrative_district></region></caption></image><image width="150px" src="Dime_Savings_86st_19av_jeh.JPG" type="thumb"><caption>dime save bank branch<link ns0:type="simple" ns0:href="../384/47384.xml">brooklyn york</link></caption></image>acquisit murphey favr wamu numer acquisit aim expand corpor acquir compani includ pnc mortgag fleet mortgag homesid lend wamu thirdlargest mortgag lender acquisit<company wordnetid="108058098" confidence="0.9508927676800064"><link ns0:type="simple" ns0:href="../698/2103698.xml">providian financi corpor</link></company>octob wamu nation thlargest<link ns0:type="simple" ns0:href="../301/17182301.xml">creditcard</link>compani</p><p>list washington mutual acquisit demutu<ref ns0:type="simple" ns0:href="#xpointer(//reflist/entry[@id=%2215%22])" /></p><p><list><entry level="1" type="bullet">commerci capit bancorp california</entry><entry level="1" type="bullet"><link ns0:type="simple" ns0:href="../698/2103698.xml">providian financi corpor</link><country wordnetid="108544813" confidence="0.9508927676800064"><link ns0:type="simple" ns0:href="../407/5407.xml">california</link></country></entry><entry level="1" type="bullet">homesid lend<symbol wordnetid="106806469" confidence="0.9508927676800064"><link ns0:type="simple" ns0:href="../066/18933066.xml">florida</link></symbol>unit<company wordnetid="108058098" confidence="0.9508927676800064"><link ns0:type="simple" ns0:href="../790/550790.xml">nation australia bank</link></company></entry><entry level="1" type="bullet">dime bancorp<region wordnetid="108630985" confidence="0.8"><administrative_district wordnetid="108491826" confidence="0.8"><location wordnetid="100027167" confidence="0.8"><district wordnetid="108552138" confidence="0.8"><country wordnetid="108544813" confidence="0.8"><link ns0:type="simple" ns0:href="../131/8210131.xml">york</link></country></district></location></administrative_district></region></entry><entry level="1" type="bullet"><company wordnetid="108058098" confidence="0.9508927676800064"><link ns0:type="simple" ns0:href="../273/570273.xml">fleet mortgag corp</link></company><region wordnetid="108630985" confidence="0.8"><body wordnetid="107965085" confidence="0.8"><social_group wordnetid="107950920" confidence="0.8"><administrative_district wordnetid="108491826" confidence="0.8"><location wordnetid="100027167" confidence="0.8"><colony wordnetid="108374049" confidence="0.8"><group wordnetid="100031264" confidence="0.8"><district wordnetid="108552138" confidence="0.8"><country wordnetid="108544813" confidence="0.8"><link ns0:type="simple" ns0:href="../956/27956.xml">south carolina</link></country></district></group></colony></location></administrative_district></social_group></body></region></entry><entry level="1" type="bullet">bank unit corp<physical_entity wordnetid="100001930" confidence="0.8"><causal_agent wordnetid="100007347" confidence="0.8"><link ns0:type="simple" ns0:href="../810/29810.xml">texa</link></causal_agent></physical_entity></entry><entry level="1" type="bullet">pnc mortgag<region wordnetid="108630985" confidence="0.8"><administrative_district wordnetid="108491826" confidence="0.8"><location wordnetid="100027167" confidence="0.8"><district wordnetid="108552138" confidence="0.8"><country wordnetid="108544813" confidence="0.8"><link ns0:type="simple" ns0:href="../849/14849.xml">illinoi</link></country></district></location></administrative_district></region></entry><entry level="1" type="bullet">alta residenti mortgag<link ns0:type="simple" ns0:href="../982/1138982.xml">trust</link>california</entry><entry level="1" type="bullet">long beach financi corp california</entry><entry level="1" type="bullet">industri bank california</entry><entry level="1" type="bullet"><company wordnetid="108058098" confidence="0.8"><institution wordnetid="108053576" confidence="0.8"><link ns0:type="simple" ns0:href="../606/3668606.xml">ahmanson</link></institution></company>save america california</entry><entry level="1" type="bullet"><slope wordnetid="109437454" confidence="0.8"><company wordnetid="108058098" confidence="0.8"><geological_formation wordnetid="109287968" confidence="0.8"><bank wordnetid="109213565" confidence="0.8"><institution wordnetid="108053576" confidence="0.8"><link ns0:type="simple" ns0:href="../373/3641373.xml">great western bank</link></institution></bank></geological_formation></company></slope></entry><entry level="1" type="bullet">unit western financi group<symbol wordnetid="106806469" confidence="0.9508927676800064"><link ns0:type="simple" ns0:href="../716/31716.xml">utah</link></symbol></entry><entry level="1" type="bullet">keyston hold american save bank california</entry><entry level="1" type="bullet">utah feder save bank</entry><entry level="1" type="bullet">western bank<region wordnetid="108630985" confidence="0.8"><administrative_district wordnetid="108491826" confidence="0.8"><location wordnetid="100027167" confidence="0.8"><district wordnetid="108552138" confidence="0.8"><country wordnetid="108544813" confidence="0.8"><link ns0:type="simple" ns0:href="../198/22198.xml">oregon</link></country></district></location></administrative_district></region></entry><entry level="1" type="bullet">enterpris bank washington</entry><entry level="1" type="bullet">olympu bank fsb utah</entry><entry level="1" type="bullet">summit save bank washington</entry><entry level="1" type="bullet">west feder save bank oregon</entry><entry level="1" type="bullet">pacif bank ontario</entry><entry level="1" type="bullet">pioneer save bank washington</entry><entry level="1" type="bullet">great northwest bank washington</entry><entry level="1" type="bullet">sound save loan associ washington</entry><entry level="1" type="bullet">crossland save fsb utah</entry><entry level="1" type="bullet">vancouv feder save bank washington</entry><entry level="1" type="bullet">williamsburg feder save associ utah</entry><entry level="1" type="bullet">frontier feder save associ washington</entry><entry level="1" type="bullet">stone bank washington fsb<symbol wordnetid="106806469" confidence="0.9508927676800064"><link ns0:type="simple" ns0:href="../410/25410.xml">rhode island</link></symbol></entry></list></p></ss2></ss1><ss1><st>demis</st><p><image location="right" width="220px" src="Wamuseattle.jpg" type="thumb"><caption>washington mutual headquart<skyscraper wordnetid="104233124" confidence="0.9508927676800064"><link ns0:type="simple" ns0:href="../306/5678306.xml">wamu center</link></skyscraper>center left headquart prior<skyscraper wordnetid="104233124" confidence="0.9508927676800064"><link ns0:type="simple" ns0:href="../197/771197.xml">washington mutual tower</link></skyscraper>center<village wordnetid="108672738" confidence="0.9508927676800064"><link ns0:type="simple" ns0:href="../236/11388236.xml">seattl washington</link></village></caption></image>decemb subsidiari washington mutual bank reorgan homeloan divis close homeloan offic remov posit homeloan staff reduct<ref ns0:type="simple" ns0:href="#xpointer(//reflist/entry[@id=%2216%22])" /></p><p>april hold compani respond loss difficulti sustain result<link ns0:type="simple" ns0:href="../100/10062100.xml">subprim mortgag crisi</link>announc billion infus capit investor led<company wordnetid="108058098" confidence="0.9508927676800064"><link ns0:type="simple" ns0:href="../643/1007643.xml">tpg capit</link></company>tpg agre pump billion washington mutual hold compani investor includ wamu current institut holder agre buy addit billion newli issu stock bank announc peopl companywid lose job compani state intent close remain standalon homeloan offic includ washington loanprocess center<village wordnetid="108672738" confidence="0.9508927676800064"><link ns0:type="simple" ns0:href="../979/137979.xml">bellevu washington</link></village>stop buy loan<link ns0:type="simple" ns0:href="../266/1457266.xml">mortgag broker</link>trade wholesal lend<ref ns0:type="simple" ns0:href="#xpointer(//reflist/entry[@id=%2217%22])" /></p><p>june<physical_entity wordnetid="100001930" confidence="0.8"><executive wordnetid="110069645" confidence="0.8"><person wordnetid="100007846" confidence="0.8"><leader wordnetid="109623038" confidence="0.8"><administrator wordnetid="109770949" confidence="0.8"><causal_agent wordnetid="100007347" confidence="0.8"><head wordnetid="110162991" confidence="0.8"><link ns0:type="simple" ns0:href="../138/4005138.xml">kerri killing</link></head></causal_agent></administrator></leader></person></executive></physical_entity>step chairman remain<link ns0:type="simple" ns0:href="../234/52234.xml">chief execut offic</link><ref ns0:type="simple" ns0:href="#xpointer(//reflist/entry[@id=%2218%22])" />septemb pressur investor washington mutual hold compani board director oust<physical_entity wordnetid="100001930" confidence="0.8"><executive wordnetid="110069645" confidence="0.8"><person wordnetid="100007846" confidence="0.8"><leader wordnetid="109623038" confidence="0.8"><administrator wordnetid="109770949" confidence="0.8"><causal_agent wordnetid="100007347" confidence="0.8"><head wordnetid="110162991" confidence="0.8"><link ns0:type="simple" ns0:href="../138/4005138.xml">kerri killing</link></head></causal_agent></administrator></leader></person></executive></physical_entity>ceo<link ns0:type="simple" ns0:href="../914/19475914.xml">alan fishman</link>chairman mortgag broker<link ns0:type="simple" ns0:href="../016/19476016.xml">meridian capit group</link>chief oper offic<slope wordnetid="109437454" confidence="0.8"><company wordnetid="108058098" confidence="0.8"><geological_formation wordnetid="109287968" confidence="0.8"><bank wordnetid="109213565" confidence="0.8"><institution wordnetid="108053576" confidence="0.8"><link ns0:type="simple" ns0:href="../259/5567259.xml">sovereign bank</link></institution></bank></geological_formation></company></slope>name ceo<ref ns0:type="simple" ns0:href="#xpointer(//reflist/entry[@id=%2219%22])" /></p><p>midseptemb wamu share price close low worth septemb trade high point previou year<ref ns0:type="simple" ns0:href="#xpointer(//reflist/entry[@id=%2220%22])" />wamu publicli insist stay independ earlier month secretli hire<company wordnetid="108058098" confidence="0.9508927676800064"><link ns0:type="simple" ns0:href="../244/335244.xml">goldman sach</link></company>facilit auction bank taker time wamu suffer massiv<link ns0:type="simple" ns0:href="../498/704498.xml" />electron bank internet<link ns0:type="simple" ns0:href="../263/921263.xml">wire transfer</link>custom pull billion deposit tenday span<ref ns0:type="simple" ns0:href="#xpointer(//reflist/entry[@id=%2221%22])" />led<link ns0:type="simple" ns0:href="../819/10819.xml">feder reserv</link><agency wordnetid="108337324" confidence="0.9508927676800064"><link ns0:type="simple" ns0:href="../667/53667.xml">treasuri depart</link></agency>step pressur wamu find buyer takeov<agency wordnetid="108337324" confidence="0.9508927676800064"><link ns0:type="simple" ns0:href="../394/164394.xml">feder deposit insur corpor</link></agency>fdic sever drain fdic insur fund fdic ultim broker deal held secret auction bank particip washington mutual board final morn thursday septemb regul inform<company wordnetid="108058098" confidence="0.9508927676800064"><link ns0:type="simple" ns0:href="../001/231001.xml">jpmorgan chase</link></company>winner<ref ns0:type="simple" ns0:href="#xpointer(//reflist/entry[@id=%228%22])" /></p><p>night shortli close busi west coast<agency wordnetid="108337324" confidence="0.9508927676800064"><link ns0:type="simple" ns0:href="../661/2182661.xml">offic thrift supervis</link></agency>seiz washington mutual save bank<link ns0:type="simple" ns0:href="../248/660248.xml">receivership</link>fdic<link ns0:type="simple" ns0:href="../191/94191.xml">receiv</link>statement ot massiv meant wamu longer sound<ref ns0:type="simple" ns0:href="#xpointer(//reflist/entry[@id=%2221%22])" />fdic receiv sold washington mutual bank asset includ branch network deposit liabil secur debt jpmorgan chase billion transact requir fdic insur fund<ref ns0:type="simple" ns0:href="#xpointer(//reflist/entry[@id=%2222%22])" />bank seizur place close busi friday fdic weekend find buyer fail bank news seizur leak regul felt compel day earli<ref ns0:type="simple" ns0:href="#xpointer(//reflist/entry[@id=%228%22])" /></p><p>washington mutual hold compani manag complet dark regul ceo fishman fli seattl deal close jpmorgan chase didnt acquir washington mutual bank equiti oblig jpmorgan chase plan issu billion common stock fund recapit bank result seizur wamu stock plung share mention worth share<ref ns0:type="simple" ns0:href="#xpointer(//reflist/entry[@id=%2220%22])" />unclear stock chapter file wamu list asset billion debt billion appendix file indic fund distribut unsecur creditor</p><p>fishman ceo posit day receiv signon bonu receiv cash sever<ref ns0:type="simple" ns0:href="#xpointer(//reflist/entry[@id=%2223%22])" /></p><p>seizur wamu bank largest bank failur american financi histori exceed failur<link ns0:type="simple" ns0:href="../621/2290621.xml">continent illinoi</link><link ns0:type="simple" ns0:href="../578/34578.xml" /><ref ns0:type="simple" ns0:href="#xpointer(//reflist/entry[@id=%228%22])" /><ref ns0:type="simple" ns0:href="#xpointer(//reflist/entry[@id=%2224%22])" /><ref ns0:type="simple" ns0:href="#xpointer(//reflist/entry[@id=%2225%22])" /></p><p>septemb washington mutual bank hold compani thrift remain subsidiari wmi invest corp file<link ns0:type="simple" ns0:href="../279/7279.xml">chapter bankruptci</link><ref ns0:type="simple" ns0:href="#xpointer(//reflist/entry[@id=%2226%22])" /></p></ss1><ss1><st>post receivership bank oper</st><p>futur washington mutual bank branch will renam chase financi document issu wamu will carri<link ns0:type="simple" ns0:href="../969/384969.xml">jp morgan</link>logo wamu credit debit card will carri chase logo chase atm will access wamu custom wamu custom will eventu bank chase branch acquisit washington mutual bank chase presenc west coast<ref ns0:type="simple" ns0:href="#xpointer(//reflist/entry[@id=%228%22])" /></p></ss1></sec><sec><st /><p><list><entry level="1" type="bullet"><link ns0:type="simple" ns0:href="../013/19161013.xml">whoo hoo</link>washington mutual advertis campaign</entry></list></p></sec><sec><st>refer</st><p><reflist><entry id="1">save bank hold compani defin unit code titl bank bank definit subsect save bank hold compani<document wordnetid="106470073" confidence="0.8"><legal_document wordnetid="106479665" confidence="0.8"><written_communication wordnetid="106349220" confidence="0.8"><writing wordnetid="106362953" confidence="0.8"><link ns0:type="simple" ns0:href="../872/9358872.xml">usc</link></writing></written_communication></legal_document></document><weblink ns0:type="simple" ns0:href="http://www.law.cornell.edu/uscode/12/1841.html" /></entry><entry id="2">shen linda<weblink ns0:type="simple" ns0:href="http://www.bloomberg.com/apps/news?pid=20601087 sid=a2VofC5midrw refer=home">wamu bank split hold compani spare fdic</weblink>bloomberg retriev<link /></entry><entry id="3">dash eric<weblink ns0:type="simple" ns0:href="http://www.nytimes.com/2008/04/07/business/07cnd-wamu.html?_r=1 oref=slogin">billion wamu</weblink>york time retriev<link /></entry><entry id="4">reich john<weblink ns0:type="simple" ns0:href="http://files.ots.treas.gov/680024.pdf">ot receivership order washington mutual</weblink><agency wordnetid="108337324" confidence="0.9508927676800064"><link ns0:type="simple" ns0:href="../661/2182661.xml">offic thrift supervis</link></agency>retriev<link /></entry><entry id="5"><weblink ns0:type="simple" ns0:href="http://ots.gov/?p=PressReleases ContentRecord_id=9c306c81-1e0b-8562-eb0c-fed5429a3a56 ContentType_id=4c12f337-b5b6-4c87-b45c-838958422bf3">ot washington mutual acquir jpmorgan chase</weblink><it>press releas</it><agency wordnetid="108337324" confidence="0.9508927676800064"><link ns0:type="simple" ns0:href="../661/2182661.xml">offic thrift supervis</link></agency>retriev<link /></entry><entry id="6">chasan emili sandra maler<weblink ns0:type="simple" ns0:href="http://www.reuters.com/article/marketsNews/idUSN2733210920080927">wamu file bankruptci petit delawar</weblink><it>reuter</it>retriev<link /></entry><entry id="7">levi ari hester elizabeth<weblink ns0:type="simple" ns0:href="http://www.bloomberg.com/apps/news?pid=20601087 sid=aWxliUXHsOoA refer=home">jpmorgan buy wamu deposit regul seiz thrift</weblink><it><company wordnetid="108058098" confidence="0.9508927676800064"><link ns0:type="simple" ns0:href="../006/432006.xml">bloomberg lp</link></company></it>septemb retriev septemb</entry><entry id="8">dash eric andrew ross sorkin septemb<weblink ns0:type="simple" ns0:href="http://www.nytimes.com/2008/09/26/business/26wamu.html">govern seiz wamu sell asset</weblink><it>busi</it><newspaper wordnetid="106267145" confidence="0.9508927676800064"><link ns0:type="simple" ns0:href="../680/30680.xml">york time</link></newspaper>retriev<link /></entry><entry id="9"><weblink ns0:type="simple" ns0:href="http://www.sec.gov/Archives/edgar/data/933136/000104746908006870/a2185889z10-ka.htm">annual report pursuant secur exchang fiscal year end decemb</weblink>secur exchang commiss retriev<link /></entry><entry id="10"><weblink ns0:type="simple" ns0:href="http://files.ots.treas.gov/730021.pdf">ot fact sheet washington mutual bank</weblink><agency wordnetid="108337324" confidence="0.9508927676800064"><link ns0:type="simple" ns0:href="../661/2182661.xml">offic thrift supervis</link></agency>retriev<link /></entry><entry id="11"><weblink ns0:type="simple" ns0:href="http://www.fdic.gov/news/news/press/2008/pr08085.html">jpmorgan chase acquir bank oper washington mutual fdic facilit transact protect depositor cost deposit insur fund</weblink><it>press releas</it>unit<agency wordnetid="108337324" confidence="0.9508927676800064"><link ns0:type="simple" ns0:href="../394/164394.xml">feder deposit insur corpor</link></agency>retriev<link /></entry><entry id="12">sidel robin david enrich dan fitzpatrick<weblink ns0:type="simple" ns0:href="http://online.wsj.com/article/SB122238415586576687.html">wamu seiz sold jp morgan largest failur bank histori</weblink>wall street jounal retriev<link /></entry><entry id="13"><weblink ns0:type="simple" ns0:href="http://seattletimes.nwsource.com/html/businesstechnology/2008204779_wamutimeline26.html">timelin</weblink>seattl time retriev<link /></entry><entry id="14">httpswwwwamucomaboutcorporateprofilehistorydefaultasp histori washington mutual bank retriev<link />corpor histori compani web</entry><entry id="15"><weblink ns0:type="simple" ns0:href="http://investors.wamu.com/irweblinkx/mna.aspx?iid=102028">acqusit histori</weblink><it>wamu investor relat stock</it>washington mutual retriev<link /></entry><entry id="17">desilv drew<weblink ns0:type="simple" ns0:href="http://seattletimes.nwsource.com/html/businesstechnology/2004336243_wamu09.html">billion shaki wamu firmer foot</weblink>seattl time retriev<link /></entry><entry id="16">hester elizabeth<weblink ns0:type="simple" ns0:href="http://www.bloomberg.com/apps/news?pid=newsarchive sid=aNUz6NmbYZCQ">washington mutual writedown slash dividend</weblink>bloomberg retriev<link /></entry><entry id="19">barr alistair<weblink ns0:type="simple" ns0:href="http://www.marketwatch.com/news/story/wamu-replaces-ceo-signs-agreement/story.aspx?guid={3DB03BE0-A47D-4C74-92F3-FD8453952CC5} dist=msr_8">wamu replac ceo sign agreement regul</weblink><series wordnetid="108457976" confidence="0.9508927676800064"><link ns0:type="simple" ns0:href="../375/10489375.xml">market watch</link></series>retriev<link /></entry><entry id="18"><weblink ns0:type="simple" ns0:href="http://www.thestreet.com/newsanalysis/banking/10419306.html">wamu strip ceo killing chair titl</weblink><company wordnetid="108058098" confidence="0.8"><institution wordnetid="108053576" confidence="0.8"><link ns0:type="simple" ns0:href="../376/2198376.xml">thestreetcom</link></institution></company>retriev<link /></entry><entry id="21"><weblink ns0:type="simple" ns0:href="http://www.ots.treas.gov/?p=PressReleases ContentRecord_id=9c306c81-1e0b-8562-eb0c-fed5429a3a56">ot press releas announc wamu seizur</weblink></entry><entry id="20"><weblink ns0:type="simple" ns0:href="http://finance.google.com/finance?q=NYSE%3AWM">washington mutual stock trend</weblink>googl financ retriev<link /></entry><entry id="23"><weblink ns0:type="simple" ns0:href="http://www.foxnews.com/story/0,2933,428641,00.html">wamu ceo mega payout bank fail</weblink>fox retriev<link /></entry><entry id="22"><weblink ns0:type="simple" ns0:href="http://www.fdic.gov/news/news/press/2008/pr08085.html">jpmorgan chase acquir bank oper washington mutual</weblink>fdic</entry><entry id="25">desilv drew<weblink ns0:type="simple" ns0:href="http://seattletimes.nwsource.com/html/businesstechnology/2008204758_wamu26.html">fed seiz wamu nation largest bank failur</weblink>seattl time retriev<link /></entry><entry id="24"><weblink ns0:type="simple" ns0:href="http://www.king5.com/topstories/stories/NW_092508BUB_wamu_sale_jpmorgan_chase_TP.b085ac2e.html">washington mutual sold jpmorgan chase fdic seizur</weblink>king tv retriev<link /></entry><entry id="27">bansal paritosh<link /><weblink ns0:type="simple" ns0:href="http://blogs.reuters.com/reuters-dealzone/2008/09/26/fdic-crashes-wamus-birthday-bash/">fdic crash wamu birthday bash</weblink><it>dealzon</it><company wordnetid="108058098" confidence="0.9508927676800064"><link ns0:type="simple" ns0:href="../100/11271100.xml">thomson reuter</link></company>retriev<link /></entry><entry id="26">washington mutual<link /><weblink ns0:type="simple" ns0:href="http://www.businesswire.com/news/home/20080926005828/en">washington mutual file chapter case</weblink><link ns0:type="simple" ns0:href="../097/304097.xml">press releas</link>retriev<link /></entry></reflist></p></sec><sec><st>extern link</st><p><list><entry level="1" type="bullet"><weblink ns0:type="simple" ns0:href="http://www.wamu.com/">washington mutual</weblink></entry></list></p><p><table style=";" class="navbox" cellspacing="0"><row><col style="padding:2px;"><table style="width:100%;background:transparent;color:inherit;;" class="nowraplinks collapsible autocollapse " cellspacing="0"><row><header colspan="2" style=";" class="navbox-title"><link>financi crisi</link></header></row><row style="height:2px;" /><row><col style=";;" class="navbox-group">main issu</col><col style="text-align:left;border-left:2px solid #fdfdfd;width:100%;padding:0px;;;" class="navbox-list navbox-odd"><region wordnetid="108630985" confidence="0.8"><administrative_district wordnetid="108491826" confidence="0.8"><location wordnetid="100027167" confidence="0.8"><condition wordnetid="113920835" confidence="0.8"><state wordnetid="100024720" confidence="0.8"><difficulty wordnetid="114408086" confidence="0.8"><crisis wordnetid="113933560" confidence="0.8"><district wordnetid="108552138" confidence="0.8"><situation wordnetid="114411243" confidence="0.8"><country wordnetid="108544813" confidence="0.8"><link ns0:type="simple" ns0:href="../100/10062100.xml">subprim mortgag crisi</link></country></situation></district></crisis></difficulty></state></condition></location></administrative_district></region><bubble wordnetid="109229709" confidence="0.8"><ball wordnetid="113899404" confidence="0.8"><globule wordnetid="109289709" confidence="0.8"><condition wordnetid="113920835" confidence="0.8"><state wordnetid="100024720" confidence="0.8"><sphere wordnetid="113899200" confidence="0.8"><round_shape wordnetid="113865483" confidence="0.8"><difficulty wordnetid="114408086" confidence="0.8"><crisis wordnetid="113933560" confidence="0.8"><shape wordnetid="100027807" confidence="0.8"><situation wordnetid="114411243" confidence="0.8"><link ns0:type="simple" ns0:href="../966/14078966.xml">timelin</link></situation></shape></crisis></difficulty></round_shape></sphere></state></condition></globule></ball></bubble><link ns0:type="simple" ns0:href="../793/17852793.xml">list writedown</link><link ns0:type="simple" ns0:href="../324/19337324.xml">bankrupt acquir bank</link><link ns0:type="simple" ns0:href="../279/19337279.xml">econom crisi</link><link>liquid crisi septemberoctob</link><link>list entiti involv financi crise</link><link ns0:type="simple" ns0:href="../973/13487973.xml">bretton wood ii</link></col></row><row style="height:2px" /><row><col style=";;" class="navbox-group">countri</col><col style="text-align:left;border-left:2px solid #fdfdfd;width:100%;padding:0px;;;" class="navbox-list navbox-even"><link ns0:type="simple" ns0:href="../126/19728126.xml">belgium</link><link ns0:type="simple" ns0:href="../804/19685804.xml">iceland</link><link ns0:type="simple" ns0:href="../251/19358251.xml">russia</link></col></row><row style="height:2px" /><row><col style=";;" class="navbox-group">compani failur</col><col style="text-align:left;border-left:2px solid #fdfdfd;width:100%;padding:0px;;;" class="navbox-list navbox-odd"><possession wordnetid="100032613" confidence="0.8"><trust wordnetid="113360498" confidence="0.8"><company wordnetid="108058098" confidence="0.8"><property wordnetid="113244109" confidence="0.8"><institution wordnetid="108053576" confidence="0.8"><link ns0:type="simple" ns0:href="../983/5219983.xml">centuri financi corpor</link></institution></property></company></trust></possession><company wordnetid="108058098" confidence="0.9508927676800064"><link ns0:type="simple" ns0:href="../737/10193737.xml">american freedom mortgag</link></company><company wordnetid="108058098" confidence="0.9508927676800064"><link ns0:type="simple" ns0:href="../290/5316290.xml">american mortgag</link></company><company wordnetid="108058098" confidence="0.9508927676800064"><link ns0:type="simple" ns0:href="../075/885075.xml">lehman brother</link></company><link ns0:type="simple" ns0:href="../958/19381958.xml">bankruptci</link><company wordnetid="108058098" confidence="0.9508927676800064"><link ns0:type="simple" ns0:href="../224/6068224.xml">netbank</link></company><company wordnetid="108058098" confidence="0.9508927676800064"><link ns0:type="simple" ns0:href="../522/14449522.xml">terra secur</link></company><link ns0:type="simple" ns0:href="../090/12863090.xml">sentinel manag group</link><company wordnetid="108058098" confidence="0.9508927676800064"><link ns0:type="simple" ns0:href="../261/214261.xml">washington mutual</link></company><slope wordnetid="109437454" confidence="0.8"><company wordnetid="108058098" confidence="0.8"><geological_formation wordnetid="109287968" confidence="0.8"><bank wordnetid="109213565" confidence="0.8"><institution wordnetid="108053576" confidence="0.8"><link ns0:type="simple" ns0:href="../274/9041274.xml">icesav</link></institution></bank></geological_formation></company></slope><company wordnetid="108058098" confidence="0.8"><institution wordnetid="108053576" confidence="0.8"><link ns0:type="simple" ns0:href="../964/7001964.xml">kaupth singer friedland</link></institution></company><link ns0:type="simple" ns0:href="../054/19713054.xml">yamato life</link></col></row><row style="height:2px" /><row><col style=";;" class="navbox-group">govern bailout takeov</col><col style="text-align:left;border-left:2px solid #fdfdfd;width:100%;padding:0px;;;" class="navbox-list navbox-even"><company wordnetid="108058098" confidence="0.9508927676800064"><link ns0:type="simple" ns0:href="../858/499858.xml">northern rock</link></company><link ns0:type="simple" ns0:href="../803/19688803.xml">nation</link><condition wordnetid="113920835" confidence="0.8"><company wordnetid="108058098" confidence="0.8"><state wordnetid="100024720" confidence="0.8"><difficulty wordnetid="114408086" confidence="0.8"><crisis wordnetid="113933560" confidence="0.8"><situation wordnetid="114411243" confidence="0.8"><institution wordnetid="108053576" confidence="0.8"><link ns0:type="simple" ns0:href="../273/4629273.xml">indymac feder bank</link></institution></situation></crisis></difficulty></state></company></condition><company wordnetid="108058098" confidence="0.9508927676800064"><link ns0:type="simple" ns0:href="../544/293544.xml">fanni mae</link></company><link ns0:type="simple" ns0:href="../988/19223988.xml">takeov</link><company wordnetid="108058098" confidence="0.9508927676800064"><link ns0:type="simple" ns0:href="../653/1121653.xml">freddi mac</link></company><link ns0:type="simple" ns0:href="../988/19223988.xml">takeov</link><company wordnetid="108058098" confidence="0.9508927676800064"><link ns0:type="simple" ns0:href="../884/521884.xml">american intern group</link></company><company wordnetid="108058098" confidence="0.9508927676800064"><link ns0:type="simple" ns0:href="../226/956226.xml">bradford bingley</link></company><company wordnetid="108058098" confidence="0.9508927676800064"><link ns0:type="simple" ns0:href="../026/1313026.xml">forti</link></company><company wordnetid="108058098" confidence="0.9508927676800064"><link ns0:type="simple" ns0:href="../050/4377050.xml">glitnir</link></company><slope wordnetid="109437454" confidence="0.8"><company wordnetid="108058098" confidence="0.8"><geological_formation wordnetid="109287968" confidence="0.8"><bank wordnetid="109213565" confidence="0.8"><institution wordnetid="108053576" confidence="0.8"><link ns0:type="simple" ns0:href="../984/5853984.xml">hypo real estat</link></institution></bank></geological_formation></company></slope><company wordnetid="108058098" confidence="0.9508927676800064"><link ns0:type="simple" ns0:href="../511/3032511.xml">dexia</link></company><company wordnetid="108058098" confidence="0.9508927676800064"><link ns0:type="simple" ns0:href="../638/692638.xml">landsbanki</link></company><company wordnetid="108058098" confidence="0.9508927676800064"><link ns0:type="simple" ns0:href="../002/738002.xml">kaupth</link></company></col></row><row style="height:2px" /><row><col style=";;" class="navbox-group">compani acquisit</col><col style="text-align:left;border-left:2px solid #fdfdfd;width:100%;padding:0px;;;" class="navbox-list navbox-odd"><company wordnetid="108058098" confidence="0.8"><institution wordnetid="108053576" confidence="0.8"><link ns0:type="simple" ns0:href="../243/2957243.xml">ameriquest mortgag</link></institution></company><company wordnetid="108058098" confidence="0.9508927676800064"><link ns0:type="simple" ns0:href="../632/1349632.xml">countrywid financi</link></company><company wordnetid="108058098" confidence="0.9508927676800064"><link ns0:type="simple" ns0:href="../719/928719.xml">bear stearn</link></company><company wordnetid="108058098" confidence="0.9508927676800064"><link ns0:type="simple" ns0:href="../916/716916.xml">allianc leicest</link></company><company wordnetid="108058098" confidence="0.9508927676800064"><link ns0:type="simple" ns0:href="../710/243710.xml">merril lynch</link></company><company wordnetid="108058098" confidence="0.9508927676800064"><link ns0:type="simple" ns0:href="../261/214261.xml">washington mutual</link></company><company wordnetid="108058098" confidence="0.9508927676800064"><link ns0:type="simple" ns0:href="../056/10411056.xml">derbyshir build societi</link></company><company wordnetid="108058098" confidence="0.9508927676800064"><link ns0:type="simple" ns0:href="../677/7408677.xml">cheshir build societi</link></company><company wordnetid="108058098" confidence="0.9508927676800064"><link ns0:type="simple" ns0:href="../212/19389212.xml">hbo</link></company><company wordnetid="108058098" confidence="0.9508927676800064"><link ns0:type="simple" ns0:href="../075/885075.xml">lehman brother</link></company><company wordnetid="108058098" confidence="0.9508927676800064"><link ns0:type="simple" ns0:href="../657/19381657.xml">wachovia</link></company></col></row><row style="height:2px" /><row><col style=";;" class="navbox-group">reorgan</col><col style="text-align:left;border-left:2px solid #fdfdfd;width:100%;padding:0px;;;" class="navbox-list navbox-even"><company wordnetid="108058098" confidence="0.8"><institution wordnetid="108053576" confidence="0.8"><link ns0:type="simple" ns0:href="../833/2605833.xml">acc capit hold</link></institution></company></col></row><row style="height:2px" /><row><col style=";;" class="navbox-group">entiti</col><col style="text-align:left;border-left:2px solid #fdfdfd;width:100%;padding:0px;;;" class="navbox-list navbox-odd"><link ns0:type="simple" ns0:href="../819/10819.xml">feder reserv system</link><administrative_unit wordnetid="108077292" confidence="0.8"><agency wordnetid="108337324" confidence="0.8"><link ns0:type="simple" ns0:href="../807/55807.xml">feder hous administr</link></agency></administrative_unit><link ns0:type="simple" ns0:href="../918/18645918.xml">feder hous financ agenc</link><administrative_unit wordnetid="108077292" confidence="0.8"><agency wordnetid="108337324" confidence="0.8"><link ns0:type="simple" ns0:href="../344/9210344.xml">feder hous financ board</link></agency></administrative_unit><link ns0:type="simple" ns0:href="../561/285561.xml">govern nation mortgag associ</link><link ns0:type="simple" ns0:href="../120/1705120.xml">offic feder hous enterpris oversight</link><link ns0:type="simple" ns0:href="../726/19630726.xml">offic financi stabil</link></col></row><row style="height:2px" /><row><col style=";;" class="navbox-group">event legisl</col><col style="text-align:left;border-left:2px solid #fdfdfd;width:100%;padding:0px;;;" class="navbox-list navbox-even"><region wordnetid="108630985" confidence="0.8"><administrative_district wordnetid="108491826" confidence="0.8"><location wordnetid="100027167" confidence="0.8"><district wordnetid="108552138" confidence="0.8"><country wordnetid="108544813" confidence="0.8"><link ns0:type="simple" ns0:href="../331/12033331.xml">unit hous market correct</link></country></district></location></administrative_district></region><link>food price crisi</link><link ns0:type="simple" ns0:href="../343/1197343.xml">energi crisi</link><condition wordnetid="113920835" confidence="0.8"><state wordnetid="100024720" confidence="0.8"><difficulty wordnetid="114408086" confidence="0.8"><crisis wordnetid="113933560" confidence="0.8"><situation wordnetid="114411243" confidence="0.8"><link ns0:type="simple" ns0:href="../073/15674073.xml">central asia energi crisi</link></situation></crisis></difficulty></state></condition><document wordnetid="106470073" confidence="0.8"><legal_document wordnetid="106479665" confidence="0.8"><written_communication wordnetid="106349220" confidence="0.8"><writing wordnetid="106362953" confidence="0.8"><act wordnetid="106532095" confidence="0.8"><link ns0:type="simple" ns0:href="../102/15849102.xml">bank special provis</link></act></writing></written_communication></legal_document></document><link ns0:type="simple" ns0:href="../177/18617177.xml">hous econom recoveri</link><region wordnetid="108630985" confidence="0.8"><administrative_district wordnetid="108491826" confidence="0.8"><location wordnetid="100027167" confidence="0.8"><district wordnetid="108552138" confidence="0.8"><country wordnetid="108544813" confidence="0.8"><link ns0:type="simple" ns0:href="../104/15678104.xml">econom stimulu</link></country></district></location></administrative_district></region><link ns0:type="simple" ns0:href="../284/19423284.xml">emerg econom stabil</link><link ns0:type="simple" ns0:href="../464/19685464.xml">unit kingdom bank rescu packag</link></col></row><row style="height:2px" /><row><col style=";;" class="navbox-group">financi market</col><col style="text-align:left;border-left:2px solid #fdfdfd;width:100%;padding:0px;;;" class="navbox-list navbox-odd"><region wordnetid="108630985" confidence="0.8"><administrative_district wordnetid="108491826" confidence="0.8"><location wordnetid="100027167" confidence="0.8"><district wordnetid="108552138" confidence="0.8"><country wordnetid="108544813" confidence="0.8"><link ns0:type="simple" ns0:href="../839/2284839.xml">secondari mortgag market</link></country></district></location></administrative_district></region></col></row><row style="height:2px;" /><row><col colspan="2" style=";" class="navbox-abovebelow"><b>terminolog</b><link ns0:type="simple" ns0:href="../849/1469849.xml">bailout financ</link><link ns0:type="simple" ns0:href="../175/19360175.xml">credit crunch credit crisi</link><condition wordnetid="113920835" confidence="0.8"><state wordnetid="100024720" confidence="0.8"><problem wordnetid="114410605" confidence="0.8"><difficulty wordnetid="114408086" confidence="0.8"><crisis wordnetid="113933560" confidence="0.8"><situation wordnetid="114411243" confidence="0.8"><link ns0:type="simple" ns0:href="../993/139993.xml">econom bubbl</link></situation></crisis></difficulty></problem></state></condition><condition wordnetid="113920835" confidence="0.8"><state wordnetid="100024720" confidence="0.8"><problem wordnetid="114410605" confidence="0.8"><difficulty wordnetid="114408086" confidence="0.8"><crisis wordnetid="113933560" confidence="0.8"><situation wordnetid="114411243" confidence="0.8"><link ns0:type="simple" ns0:href="../851/1803851.xml">financi contagion</link></situation></crisis></difficulty></problem></state></condition><condition wordnetid="113920835" confidence="0.8"><state wordnetid="100024720" confidence="0.8"><problem wordnetid="114410605" confidence="0.8"><difficulty wordnetid="114408086" confidence="0.8"><link ns0:type="simple" ns0:href="../852/2878852.xml">financi crisi</link></difficulty></problem></state></condition><link ns0:type="simple" ns0:href="../707/13551707.xml">liquid crisi</link><link ns0:type="simple" ns0:href="../896/19715896.xml">interbank lend market</link></col></row></table></col></row></table></p><p><table style=";" class="navbox" cellspacing="0"><row><col style="padding:2px;"><table style="width:100%;background:transparent;color:inherit;;" class="nowraplinks collapsible autocollapse " cellspacing="0"><row><header colspan="2" style=";" class="navbox-title"><b><it><company wordnetid="108058098" confidence="0.9508927676800064"><link ns0:type="simple" ns0:href="../001/231001.xml">jpmorgan chase</link></company></it></b></header></row><row style="height:2px;" /><row><col style=";;" class="navbox-group">divis</col><col style="text-align:left;border-left:2px solid #fdfdfd;width:100%;padding:0px;;;" class="navbox-list navbox-odd"><company wordnetid="108058098" confidence="0.9508927676800064"><link ns0:type="simple" ns0:href="../969/384969.xml">chase</link></company><link ns0:type="simple" ns0:href="../962/14206962.xml">chase card servic canada</link></col></row><row style="height:2px" /><row><col style=";;" class="navbox-group">notabl current execut</col><col style="text-align:left;border-left:2px solid #fdfdfd;width:100%;padding:0px;;;" class="navbox-list navbox-even"><physical_entity wordnetid="100001930" confidence="0.8"><person wordnetid="100007846" confidence="0.8"><intellectual wordnetid="109621545" confidence="0.8"><capitalist wordnetid="109609232" confidence="0.8"><banker wordnetid="109837824" confidence="0.8"><executive wordnetid="110069645" confidence="0.8"><administrator wordnetid="109770949" confidence="0.8"><leader wordnetid="109623038" confidence="0.8"><alumnus wordnetid="109786338" confidence="0.8"><financier wordnetid="110090020" confidence="0.8"><causal_agent wordnetid="100007347" confidence="0.8"><head wordnetid="110162991" confidence="0.8"><scholar wordnetid="110557854" confidence="0.8"><link ns0:type="simple" ns0:href="../578/796578.xml">jami dimon</link></scholar></head></causal_agent></financier></alumnus></leader></administrator></executive></banker></capitalist></intellectual></person></physical_entity>ceo<physical_entity wordnetid="100001930" confidence="0.8"><person wordnetid="100007846" confidence="0.8"><intellectual wordnetid="109621545" confidence="0.8"><alumnus wordnetid="109786338" confidence="0.8"><causal_agent wordnetid="100007347" confidence="0.8"><scholar wordnetid="110557854" confidence="0.8"><link ns0:type="simple" ns0:href="../401/3383401.xml">steven black</link></scholar></causal_agent></alumnus></intellectual></person></physical_entity><physical_entity wordnetid="100001930" confidence="0.8"><person wordnetid="100007846" confidence="0.8"><intellectual wordnetid="109621545" confidence="0.8"><alumnus wordnetid="109786338" confidence="0.8"><causal_agent wordnetid="100007347" confidence="0.8"><scholar wordnetid="110557854" confidence="0.8"><link ns0:type="simple" ns0:href="../846/11761846.xml">jing ulrich</link></scholar></causal_agent></alumnus></intellectual></person></physical_entity></col></row><row style="height:2px" /><row><col style=";;" class="navbox-group">notabl execut</col><col style="text-align:left;border-left:2px solid #fdfdfd;width:100%;padding:0px;;;" class="navbox-list navbox-odd"><physical_entity wordnetid="100001930" confidence="0.8"><executive wordnetid="110069645" confidence="0.8"><person wordnetid="100007846" confidence="0.8"><leader wordnetid="109623038" confidence="0.8"><administrator wordnetid="109770949" confidence="0.8"><financier wordnetid="110090020" confidence="0.8"><capitalist wordnetid="109609232" confidence="0.8"><causal_agent wordnetid="100007347" confidence="0.8"><head wordnetid="110162991" confidence="0.8"><banker wordnetid="109837824" confidence="0.8"><link ns0:type="simple" ns0:href="../008/1055008.xml">william harrison jr</link></banker></head></causal_agent></capitalist></financier></administrator></leader></person></executive></physical_entity><physical_entity wordnetid="100001930" confidence="0.8"><person wordnetid="100007846" confidence="0.8"><intellectual wordnetid="109621545" confidence="0.8"><alumnus wordnetid="109786338" confidence="0.8"><causal_agent wordnetid="100007347" confidence="0.8"><scholar wordnetid="110557854" confidence="0.8"><link ns0:type="simple" ns0:href="../049/3533049.xml">john mccoy</link></scholar></causal_agent></alumnus></intellectual></person></physical_entity><physical_entity wordnetid="100001930" confidence="0.8"><person wordnetid="100007846" confidence="0.8"><financier wordnetid="110090020" confidence="0.8"><capitalist wordnetid="109609232" confidence="0.8"><causal_agent wordnetid="100007347" confidence="0.8"><banker wordnetid="109837824" confidence="0.8"><link ns0:type="simple" ns0:href="../529/15990529.xml">henri morgan</link></banker></causal_agent></capitalist></financier></person></physical_entity><person wordnetid="100007846" confidence="0.9508927676800064"><financier wordnetid="110090020" confidence="0.9173553029164789"><banker wordnetid="109837824" confidence="0.9173553029164789"><link ns0:type="simple" ns0:href="../579/181579.xml">pierpont morgan</link></banker></financier></person><person wordnetid="100007846" confidence="0.9508927676800064"><financier wordnetid="110090020" confidence="0.9173553029164789"><link ns0:type="simple" ns0:href="../325/2752325.xml">jack morgan jp morgan jr</link></financier></person><physical_entity wordnetid="100001930" confidence="0.8"><benefactor wordnetid="109608709" confidence="0.8"><person wordnetid="100007846" confidence="0.8"><good_person wordnetid="110138767" confidence="0.8"><donor wordnetid="110025730" confidence="0.8"><financier wordnetid="110090020" confidence="0.8"><capitalist wordnetid="109609232" confidence="0.8"><causal_agent wordnetid="100007347" confidence="0.8"><philanthropist wordnetid="110421956" confidence="0.8"><banker wordnetid="109837824" confidence="0.8"><link ns0:type="simple" ns0:href="../127/840127.xml">juniu spencer morgan</link></banker></philanthropist></causal_agent></capitalist></financier></donor></good_person></person></benefactor></physical_entity><benefactor wordnetid="109608709" confidence="0.8"><physical_entity wordnetid="100001930" confidence="0.8"><person wordnetid="100007846" confidence="0.8"><good_person wordnetid="110138767" confidence="0.8"><social_event wordnetid="107288639" confidence="0.8"><philanthropist wordnetid="110421956" confidence="0.8"><ceremony wordnetid="107450842" confidence="0.8"><burial wordnetid="107451687" confidence="0.8"><affair wordnetid="107447261" confidence="0.8"><donor wordnetid="110025730" confidence="0.8"><event wordnetid="100029378" confidence="0.8"><funeral wordnetid="107451463" confidence="0.8"><causal_agent wordnetid="100007347" confidence="0.8"><psychological_feature wordnetid="100023100" confidence="0.8"><link ns0:type="simple" ns0:href="../147/488147.xml">georg peabodi</link></psychological_feature></causal_agent></funeral></event></donor></affair></burial></ceremony></philanthropist></social_event></good_person></person></physical_entity></benefactor><celebrity wordnetid="109903153" confidence="0.9508927676800064"><statesman wordnetid="110650162" confidence="0.9173553029164789"><banker wordnetid="109837824" confidence="0.9173553029164789"><link ns0:type="simple" ns0:href="../333/659333.xml">david rockefel</link></banker></statesman></celebrity><person wordnetid="100007846" confidence="0.9508927676800064"><banker wordnetid="109837824" confidence="0.9173553029164789"><link ns0:type="simple" ns0:href="../101/7735101.xml">dougla warner iii</link></banker></person></col></row><row style="height:2px" /><row><col style=";;" class="navbox-group"><link ns0:type="simple" ns0:href="../485/7485.xml">corpor</link><link ns0:type="simple" ns0:href="../822/4822.xml">director</link></col><col style="text-align:left;border-left:2px solid #fdfdfd;width:100%;padding:0px;;;" class="navbox-list navbox-even">crandal bowl stephen burk<physical_entity wordnetid="100001930" confidence="0.8"><executive wordnetid="110069645" confidence="0.8"><person wordnetid="100007846" confidence="0.8"><leader wordnetid="109623038" confidence="0.8"><administrator wordnetid="109770949" confidence="0.8"><causal_agent wordnetid="100007347" confidence="0.8"><head wordnetid="110162991" confidence="0.8"><link ns0:type="simple" ns0:href="../393/645393.xml">david cote</link></head></causal_agent></administrator></leader></person></executive></physical_entity>jame crown<physical_entity wordnetid="100001930" confidence="0.8"><person wordnetid="100007846" confidence="0.8"><intellectual wordnetid="109621545" confidence="0.8"><capitalist wordnetid="109609232" confidence="0.8"><banker wordnetid="109837824" confidence="0.8"><executive wordnetid="110069645" confidence="0.8"><administrator wordnetid="109770949" confidence="0.8"><leader wordnetid="109623038" confidence="0.8"><alumnus wordnetid="109786338" confidence="0.8"><financier wordnetid="110090020" confidence="0.8"><causal_agent wordnetid="100007347" confidence="0.8"><head wordnetid="110162991" confidence="0.8"><scholar wordnetid="110557854" confidence="0.8"><link ns0:type="simple" ns0:href="../578/796578.xml">jami dimon</link></scholar></head></causal_agent></financier></alumnus></leader></administrator></executive></banker></capitalist></intellectual></person></physical_entity><physical_entity wordnetid="100001930" confidence="0.8"><person wordnetid="100007846" confidence="0.8"><intellectual wordnetid="109621545" confidence="0.8"><alumnus wordnetid="109786338" confidence="0.8"><causal_agent wordnetid="100007347" confidence="0.8"><scholar wordnetid="110557854" confidence="0.8"><link ns0:type="simple" ns0:href="../953/3524953.xml">ellen futter</link></scholar></causal_agent></alumnus></intellectual></person></physical_entity><physical_entity wordnetid="100001930" confidence="0.8"><disputant wordnetid="109615465" confidence="0.8"><person wordnetid="100007846" confidence="0.8"><reformer wordnetid="110515194" confidence="0.8"><militant wordnetid="110315837" confidence="0.8"><intellectual wordnetid="109621545" confidence="0.8"><alumnus wordnetid="109786338" confidence="0.8"><causal_agent wordnetid="100007347" confidence="0.8"><scholar wordnetid="110557854" confidence="0.8"><link ns0:type="simple" ns0:href="../683/750683.xml">william gray iii</link></scholar></causal_agent></alumnus></intellectual></militant></reformer></person></disputant></physical_entity>laban jackson jr<link ns0:type="simple" ns0:href="../613/19443613.xml">robert lipp</link>david novak<physical_entity wordnetid="100001930" confidence="0.8"><executive wordnetid="110069645" confidence="0.8"><person wordnetid="100007846" confidence="0.8"><leader wordnetid="109623038" confidence="0.8"><administrator wordnetid="109770949" confidence="0.8"><engineer wordnetid="109615807" confidence="0.8"><causal_agent wordnetid="100007347" confidence="0.8"><head wordnetid="110162991" confidence="0.8"><link ns0:type="simple" ns0:href="../734/204734.xml">lee raymond</link></head></causal_agent></engineer></administrator></leader></person></executive></physical_entity><physical_entity wordnetid="100001930" confidence="0.8"><executive wordnetid="110069645" confidence="0.8"><person wordnetid="100007846" confidence="0.8"><leader wordnetid="109623038" confidence="0.8"><administrator wordnetid="109770949" confidence="0.8"><causal_agent wordnetid="100007347" confidence="0.8"><head wordnetid="110162991" confidence="0.8"><link ns0:type="simple" ns0:href="../738/16879738.xml">william weldon</link></head></causal_agent></administrator></leader></person></executive></physical_entity></col></row><row style="height:2px" /><row><col style=";;" class="navbox-group">histor compon</col><col style="text-align:left;border-left:2px solid #fdfdfd;width:100%;padding:0px;;;" class="navbox-list navbox-odd"><link ns0:type="simple" ns0:href="../241/418241.xml">bank</link><company wordnetid="108058098" confidence="0.9508927676800064"><link ns0:type="simple" ns0:href="../619/12097619.xml">bank york mellon</link></company><company wordnetid="108058098" confidence="0.9508927676800064"><link ns0:type="simple" ns0:href="../719/928719.xml">bear stearn</link></company><link ns0:type="simple" ns0:href="../969/384969.xml">chase manhattan bank</link><company wordnetid="108058098" confidence="0.9508927676800064"><link ns0:type="simple" ns0:href="../000/231000.xml">chemic bank</link></company><slope wordnetid="109437454" confidence="0.8"><geological_formation wordnetid="109287968" confidence="0.8"><bank wordnetid="109213565" confidence="0.8"><link ns0:type="simple" ns0:href="../754/2870754.xml">corn exchang bank</link></bank></geological_formation></slope><link ns0:type="simple" ns0:href="../241/418241.xml">usa bank</link><slope wordnetid="109437454" confidence="0.8"><geological_formation wordnetid="109287968" confidence="0.8"><bank wordnetid="109213565" confidence="0.8"><link ns0:type="simple" ns0:href="../781/1752781.xml">jp morgan</link></bank></geological_formation></slope><slope wordnetid="109437454" confidence="0.8"><geological_formation wordnetid="109287968" confidence="0.8"><bank wordnetid="109213565" confidence="0.8"><link ns0:type="simple" ns0:href="../582/2642582.xml">manufactur hanov corpor</link></bank></geological_formation></slope><slope wordnetid="109437454" confidence="0.8"><geological_formation wordnetid="109287968" confidence="0.8"><bank wordnetid="109213565" confidence="0.8"><link ns0:type="simple" ns0:href="../404/1822404.xml">nation bank detroit</link></bank></geological_formation></slope><slope wordnetid="109437454" confidence="0.8"><company wordnetid="108058098" confidence="0.8"><geological_formation wordnetid="109287968" confidence="0.8"><bank wordnetid="109213565" confidence="0.8"><institution wordnetid="108053576" confidence="0.8"><link ns0:type="simple" ns0:href="../783/1504783.xml">robert fleme</link></institution></bank></geological_formation></company></slope><slope wordnetid="109437454" confidence="0.8"><geological_formation wordnetid="109287968" confidence="0.8"><bank wordnetid="109213565" confidence="0.8"><link ns0:type="simple" ns0:href="../408/1262408.xml">sear canada bank</link></bank></geological_formation></slope><slope wordnetid="109437454" confidence="0.8"><geological_formation wordnetid="109287968" confidence="0.8"><bank wordnetid="109213565" confidence="0.8"><link ns0:type="simple" ns0:href="../995/230995.xml">texa commerc bank</link></bank></geological_formation></slope><company wordnetid="108058098" confidence="0.9508927676800064"><link ns0:type="simple" ns0:href="../261/214261.xml">washington mutual</link></company></col></row><row style="height:2px" /><row><col style=";;" class="navbox-group">build</col><col style="text-align:left;border-left:2px solid #fdfdfd;width:100%;padding:0px;;;" class="navbox-list navbox-even"><link ns0:type="simple" ns0:href="../297/14685297.xml">park avenu</link><link ns0:type="simple" ns0:href="../377/14685377.xml">park avenu</link><structure wordnetid="104341686" confidence="0.8"><building wordnetid="102913152" confidence="0.8"><artifact wordnetid="100021939" confidence="0.8"><skyscraper wordnetid="104233124" confidence="0.8"><link ns0:type="simple" ns0:href="../552/3569552.xml">madison avenu</link></skyscraper></artifact></building></structure><skyscraper wordnetid="104233124" confidence="0.9508927676800064"><link ns0:type="simple" ns0:href="../488/17615488.xml">park avenu</link></skyscraper><link ns0:type="simple" ns0:href="../659/16676659.xml">london wall</link><link>chater hous</link><skyscraper wordnetid="104233124" confidence="0.9508927676800064"><link ns0:type="simple" ns0:href="../283/996283.xml">chase manhattan plaza</link></skyscraper><skyscraper wordnetid="104233124" confidence="0.9508927676800064"><link ns0:type="simple" ns0:href="../993/454993.xml">jpmorgan chase tower dalla</link></skyscraper><skyscraper wordnetid="104233124" confidence="0.9508927676800064"><link ns0:type="simple" ns0:href="../822/325822.xml">jpmorgan chase tower houston</link></skyscraper><skyscraper wordnetid="104233124" confidence="0.9508927676800064"><link ns0:type="simple" ns0:href="../515/1012515.xml">chase tower chicago</link></skyscraper><structure wordnetid="104341686" confidence="0.8"><building wordnetid="102913152" confidence="0.8"><artifact wordnetid="100021939" confidence="0.8"><link ns0:type="simple" ns0:href="../875/4740875.xml">chase tower oklahoma citi</link></artifact></building></structure><skyscraper wordnetid="104233124" confidence="0.9508927676800064"><link ns0:type="simple" ns0:href="../078/417078.xml">chase tower indianapoli</link></skyscraper><structure wordnetid="104341686" confidence="0.8"><building wordnetid="102913152" confidence="0.8"><artifact wordnetid="100021939" confidence="0.8"><skyscraper wordnetid="104233124" confidence="0.8"><link ns0:type="simple" ns0:href="../378/6582378.xml">chase tower detroit</link></skyscraper></artifact></building></structure><link ns0:type="simple" ns0:href="../422/19009422.xml">mccoy build</link><skyscraper wordnetid="104233124" confidence="0.9508927676800064"><link ns0:type="simple" ns0:href="../162/11954162.xml">trade center tower</link></skyscraper>propos<skyscraper wordnetid="104233124" confidence="0.9508927676800064"><link ns0:type="simple" ns0:href="../306/5678306.xml">wamu center</link></skyscraper></col></row><row style="height:2px;" /><row><col colspan="2" style=";" class="navbox-abovebelow"><b>annual revenu</b><currency wordnetid="113385913" confidence="0.9508927676800064"><link ns0:type="simple" ns0:href="../338/18717338.xml">usd</link></currency><b>employe</b><b>stock symbol</b><site wordnetid="108651247" confidence="0.8"><region wordnetid="108630985" confidence="0.8"><position wordnetid="108621598" confidence="0.8"><point wordnetid="108620061" confidence="0.8"><landmark wordnetid="108624891" confidence="0.8"><geographic_point wordnetid="108578706" confidence="0.8"><location wordnetid="100027167" confidence="0.8"><tract wordnetid="108673395" confidence="0.8"><workplace wordnetid="104602044" confidence="0.8"><geographical_area wordnetid="108574314" confidence="0.8"><stock_exchange wordnetid="104323026" confidence="0.8"><exchange wordnetid="103302487" confidence="0.8"><link ns0:type="simple" ns0:href="../560/21560.xml">nyse</link></exchange></stock_exchange></geographical_area></workplace></tract></location></geographic_point></landmark></point></position></region></site><weblink ns0:type="simple" ns0:href="http://www.nyse.com/about/listed/lcddata.html?ticker=JPM">jpm</weblink><b>websit</b><weblink ns0:type="simple" ns0:href="http://www.jpmorganchase.com/">wwwjpmorganchasecom</weblink></col></row></table></col></row></table></p></sec></bdy></lender></bank></company></article>