<article xmlns:ns0="http://www.w3.org/1999/xlink"><header><title>netbsd</title><id /><revision><id /><timestamp>tz</timestamp><contributor><username>eubulid</username><id /></contributor></revision><categories><category>free softwar oper system</category><category>netbsd</category><category>embed oper system</category></categories></header><bdy><template><name>infobox os</name><parameters><logo><image width="200px" src="NetBSD.svg"><caption>netbsd flag</caption></image></logo><screenshot><image width="250px" src="Netbsd31-screenshot.jpeg" /></screenshot><website><weblink ns0:type="simple" ns0:href="http://www.netbsd.org/">wwwnetbsdorg</weblink></website><latest_release_version /><caption>netbsd xfree server<link ns0:type="simple" ns0:href="../969/79969.xml">enlighten</link>window manag</caption><latest_release_date>day ago</latest_release_date><kernel_type><link ns0:type="simple" ns0:href="../825/20825.xml">monolith kernel</link></kernel_type><working_state>current</working_state><developer>netbsd foundat</developer><family><link ns0:type="simple" ns0:href="../807/1223807.xml">bsd</link><family wordnetid="108078020" confidence="0.8"><link ns0:type="simple" ns0:href="../815/31815.xml">unixlik</link></family></family><name>netbsd</name><source_model><link ns0:type="simple" ns0:href="../758/18938758.xml">open sourc</link></source_model><license><link ns0:type="simple" ns0:href="../111/18933111.xml">bsd licens</link></license></parameters></template><p>netbsd freeli redistribut<link ns0:type="simple" ns0:href="../758/18938758.xml">open sourc</link>version<family wordnetid="108078020" confidence="0.8"><link ns0:type="simple" ns0:href="../642/31642.xml">unix</link></family>deriv<O wordnetid="106832680" confidence="0.9508927676800064"><link ns0:type="simple" ns0:href="../622/18932622.xml">berkeley softwar distribut</link></O>bsd<link ns0:type="simple" ns0:href="../457/7878457.xml">comput</link><link ns0:type="simple" ns0:href="../194/22194.xml">oper system</link>second open sourc bsd descend formal releas<O wordnetid="106832680" confidence="0.9508927676800064"><link ns0:type="simple" ns0:href="../607/34607.xml">bsd</link></O>continu activ develop<link ns0:type="simple" ns0:href="../804/214804.xml">portabl</link>qualiti design implement<link ns0:type="simple" ns0:href="../630/46630.xml">embed system</link>start point port oper system<link ns0:type="simple" ns0:href="../509/6509.xml">comput architectur</link></p><sec><st>histori</st><p>netbsd sister project<platform wordnetid="103961939" confidence="0.8"><artifact wordnetid="100021939" confidence="0.8"><surface wordnetid="104362025" confidence="0.8"><horizontal_surface wordnetid="103536348" confidence="0.8"><link ns0:type="simple" ns0:href="../554/7580554.xml">freebsd</link></horizontal_surface></surface></artifact></platform>origin deriv bsd releas<link ns0:type="simple" ns0:href="../698/955698.xml">comput system group</link><university wordnetid="108286163" confidence="0.9508927676800064"><ranking wordnetid="114429484" confidence="0.9508927676800064"><link ns0:type="simple" ns0:href="../922/31922.xml">univers california berkeley</link></ranking></university>network<O wordnetid="106832680" confidence="0.9508927676800064"><link ns0:type="simple" ns0:href="../607/34607.xml">bsd</link></O>releas project began result frustrat bsd develop commun pace direct oper system develop founder netbsd project<link>chri demetri</link><person wordnetid="100007846" confidence="0.9508927676800064"><scientist wordnetid="110560637" confidence="0.9508927676800064"><link ns0:type="simple" ns0:href="../270/356270.xml">theo de raadt</link></scientist></person><link>adam glass</link><link>charl hannum</link>felt open develop model benefici project center portabl clean correct code aim produc unifi multiplatform productionqu bsdbase oper system</p><p>network internet distribut collabor natur develop de raadt suggest netbsd accept founder</p><p>netbsd sourc code repositori establish<link ns0:type="simple" ns0:href="../329/20329.xml">march</link><link ns0:type="simple" ns0:href="../598/34598.xml" />offici releas netbsd april deriv bsd version unoffici patchkit program net releas miss bsd reintegr improv</p><p>august year netbsd releas contain enhanc bug fix<link ns0:type="simple" ns0:href="../803/49803.xml">pc</link>platformonli releas time work underway add support architectur</p><p>netbsd releas octob multiplatform releas support<link ns0:type="simple" ns0:href="../803/49803.xml">pc</link><artifact wordnetid="100021939" confidence="0.8"><merchandise wordnetid="103748886" confidence="0.8"><commodity wordnetid="103076708" confidence="0.8"><link ns0:type="simple" ns0:href="../894/952894.xml">hp</link></commodity></merchandise></artifact>seri<link ns0:type="simple" ns0:href="../980/1980.xml">amiga</link><link ns0:type="simple" ns0:href="../826/64826.xml" /><link ns0:type="simple" ns0:href="../979/19006979.xml">macintosh</link><computer wordnetid="103082979" confidence="0.8"><artifact wordnetid="100021939" confidence="0.8"><instrumentality wordnetid="103575240" confidence="0.8"><device wordnetid="103183080" confidence="0.8"><machine wordnetid="103699975" confidence="0.8"><digital_computer wordnetid="103196324" confidence="0.8"><workstation wordnetid="104603399" confidence="0.8"><link ns0:type="simple" ns0:href="../237/2223237.xml">sunc</link></workstation></digital_computer></machine></device></instrumentality></artifact></computer>seri<link ns0:type="simple" ns0:href="../336/3179336.xml">pc</link>releas legal encumb netderiv sourc code replac equival code bsdlite<link>usl bsdi</link>lawsuit settlement</p><p>disput reason founder theo de raadt forc project found project<O wordnetid="106832680" confidence="0.9508927676800064"><link ns0:type="simple" ns0:href="../571/18949571.xml">openbsd</link></O>fork version netbsd</p><p>netbsd releas continu roughli annual interv minor patch releas netbsd introduc<link ns0:type="simple" ns0:href="../494/944494.xml">pkgsrc</link>packag collect netbsd releas support platform binari releas sourc code</p><p>decemb netbsd releas chang major version number signifi introduct nativ<link ns0:type="simple" ns0:href="../303/45303.xml">thread</link>implement platform base<link ns0:type="simple" ns0:href="../561/4710561.xml">schedul activ</link>model support<link ns0:type="simple" ns0:href="../318/50318.xml">smp</link>cpu architectur platform support binari releas sourc code form</p><p>releas onward major netbsd releas correspond increment major version number major releas previou minor releas divid separ stabl<it>xy</it>mainten releas securitycrit<it>xyz</it>releas</p><p>current releas netbsd version decemb</p></sec><sec><st>symmetr multiprocess</st><p>netbsd support<link ns0:type="simple" ns0:href="../318/50318.xml">smp</link>netbsd releas<ref ns0:type="simple" ns0:href="#xpointer(//reflist/entry[@id=%221%22])" />initi implement<link ns0:type="simple" ns0:href="../265/16951265.xml">giant lock</link>approach develop cycl netbsd releas major work improv smp support kernel subsystem modifi<link>mp safe</link><link>finegrain lock</link>approach<link ns0:type="simple" ns0:href="../017/4726017.xml">synchron primit</link>implement<link ns0:type="simple" ns0:href="../561/4710561.xml">schedul activ</link>replac februari<ref ns0:type="simple" ns0:href="#xpointer(//reflist/entry[@id=%222%22])" />scalabl thread schedul implement bsd schedul provid option thread<link ns0:type="simple" ns0:href="../289/15289.xml">softwar interrupt</link>implement improv synchron<link ns0:type="simple" ns0:href="../354/32354.xml">virtual memori</link>system<event wordnetid="100029378" confidence="0.8"><rule wordnetid="105846932" confidence="0.8"><act wordnetid="100030358" confidence="0.8"><psychological_feature wordnetid="100023100" confidence="0.8"><procedure wordnetid="101023820" confidence="0.8"><activity wordnetid="100407535" confidence="0.8"><algorithm wordnetid="105847438" confidence="0.8"><link ns0:type="simple" ns0:href="../881/3926881.xml">memori alloc</link></algorithm></activity></procedure></psychological_feature></act></rule></event><link ns0:type="simple" ns0:href="../447/7380447.xml">trap handl</link>mp safe file system framework includ<system wordnetid="104377057" confidence="0.8"><artifact wordnetid="100021939" confidence="0.8"><instrumentality wordnetid="103575240" confidence="0.8"><link ns0:type="simple" ns0:href="../131/351131.xml">vf</link></instrumentality></artifact></system>major<link ns0:type="simple" ns0:href="../280/1010280.xml">file system</link>modifi mp safe april subsystem run giant lock<message wordnetid="106598915" confidence="0.8"><protocol wordnetid="106665108" confidence="0.8"><direction wordnetid="106786629" confidence="0.8"><rule wordnetid="106652242" confidence="0.8"><link ns0:type="simple" ns0:href="../770/630770.xml">network protocol</link></rule></direction></protocol></message><link ns0:type="simple" ns0:href="../101/9101.xml">devic driver</link></p></sec><sec><st>secur</st><p>netbsd featur secur area<ref ns0:type="simple" ns0:href="#xpointer(//reflist/entry[@id=%223%22])" /><weblink ns0:type="simple" ns0:href="http://man.netbsd.org/cgi-bin/man-cgi?kauth++NetBSD-current">kernel author</weblink>framework kauth subsystem manag author request insid kernel systemwid secur polici allow extern modul plugin author process netbsd incorpor exploit mitig featur<ref ns0:type="simple" ns0:href="#xpointer(//reflist/entry[@id=%224%22])" />aslr mprotect segvguard<link ns0:type="simple" ns0:href="../117/657117.xml">pax</link>project<physical_entity wordnetid="100001930" confidence="0.8"><communicator wordnetid="109610660" confidence="0.8"><person wordnetid="100007846" confidence="0.8"><compiler wordnetid="109946957" confidence="0.8"><causal_agent wordnetid="100007347" confidence="0.8"><writer wordnetid="110794014" confidence="0.8"><link ns0:type="simple" ns0:href="../323/12323.xml">gcc</link></writer></causal_agent></compiler></person></communicator></physical_entity><link ns0:type="simple" ns0:href="../625/608625.xml">stack smash protect</link>ssp propolic compil extens<link ns0:type="simple" ns0:href="../194/2478194.xml">verifi execut</link>veriexec inkernel file integr subsystem netbsd allow user set digit fingerprint hash file system monitor veriexec prevent execut exampl allow<programming_language wordnetid="106898352" confidence="0.9508927676800064"><link ns0:type="simple" ns0:href="../939/23939.xml">perl</link></programming_language>script match fingerprint<ref ns0:type="simple" ns0:href="#xpointer(//reflist/entry[@id=%225%22])" />cryptograph devic driver cgd function allow disk partit includ cd dvd encrypt storag netbsd<ref ns0:type="simple" ns0:href="#xpointer(//reflist/entry[@id=%226%22])" /></p></sec><sec><st>portabl</st><p>netbsd port larg number<link ns0:type="simple" ns0:href="../733/80733.xml" /><link ns0:type="simple" ns0:href="../285/148285.xml">bit</link><link ns0:type="simple" ns0:href="../509/6509.xml">architectur</link><link ns0:type="simple" ns0:href="../517/32517.xml">vax</link><link ns0:type="simple" ns0:href="../272/20272.xml">minicomput</link><link ns0:type="simple" ns0:href="../170/69170.xml">pocket pc</link><link ns0:type="simple" ns0:href="../304/23304.xml">pda</link>netbsd motto<it>cours run netbsd</it>netbsd support hardwar platform compris processor architectur linux<it>kernel</it>includ support processor architectur<ref ns0:type="simple" ns0:href="#xpointer(//reflist/entry[@id=%227%22])" />netbsd support platform singl<link ns0:type="simple" ns0:href="../212/18212.xml">linux distribut</link>kernel<link ns0:type="simple" ns0:href="../647/10549647.xml">userland</link>platform built central unifi sourcecod tree manag<software wordnetid="106566077" confidence="0.9508927676800064"><link ns0:type="simple" ns0:href="../656/37656.xml">cv</link></software>current kernel<link>clinux</link>netbsd kernel requir presenc<link ns0:type="simple" ns0:href="../112/177112.xml">mmu</link>target architectur</p><p>central sourc code manag portabl design featur addit hardwar specif benefit<link ns0:type="simple" ns0:href="../196/81196.xml">platform</link>report requir</p><p>netbsd portabl number interfac bu space dma portabl layer<link ns0:type="simple" ns0:href="../101/9101.xml">devic driver</link>isol hardwar platform allow singl driver easili platform hide detail exactli driver talk hardwar dramat reduc amount work need port architectur</p><p>enabl instanc driver specif<link ns0:type="simple" ns0:href="../075/24075.xml">pci</link>card work card pci slot<link ns0:type="simple" ns0:href="../046/15046.xml">ia</link><link ns0:type="simple" ns0:href="../971/8971.xml">alpha</link><link ns0:type="simple" ns0:href="../281/24281.xml">powerpc</link><link ns0:type="simple" ns0:href="../954/36954.xml">sparc</link>architectur pci bu singl driver specif devic oper buse<link ns0:type="simple" ns0:href="../029/15029.xml">isa</link>pci<link ns0:type="simple" ns0:href="../692/61692.xml">pc card</link></p><p>comparison<O wordnetid="106832680" confidence="0.9508927676800064"><link ns0:type="simple" ns0:href="../297/6097297.xml">linux</link></O>devic driver code rework architectur consequ port effort netbsd linux develop netbsd time port hardwar</p><p><link ns0:type="simple" ns0:href="../193/81193.xml">platform independ</link>aid develop<link ns0:type="simple" ns0:href="../630/46630.xml">embed system</link>netbsd entir toolchain<link ns0:type="simple" ns0:href="../739/5739.xml">compil</link><link ns0:type="simple" ns0:href="../368/1368.xml#xpointer(//*[./st=%22Assembler%22])">assembl</link><link ns0:type="simple" ns0:href="../566/18566.xml">linker</link>tool fulli support<link ns0:type="simple" ns0:href="../615/291615.xml">crosscompil</link>netbsd crosscompil framework allow complet netbsd system architectur built system architectur faster hardwar resourc oper system framework support<standard wordnetid="107260623" confidence="0.8"><system_of_measurement wordnetid="113577171" confidence="0.8"><link ns0:type="simple" ns0:href="../305/23305.xml">posix</link></system_of_measurement></standard>compliant system embed system netbsd requir addit softwar develop toolchain target rehost<ref ns0:type="simple" ns0:href="#xpointer(//reflist/entry[@id=%228%22])" /></p><p>demonstr netbsd portabl suitabl embed applic technolog system vendor embed system hardwar design demonstr netbsdpow kitchen<link ns0:type="simple" ns0:href="../672/242672.xml">toaster</link><ref ns0:type="simple" ns0:href="#xpointer(//reflist/entry[@id=%229%22])" /></p><p>commerci port embed platform includ<link ns0:type="simple" ns0:href="../137/1186137.xml">amd geod</link>lx<link ns0:type="simple" ns0:href="../512/486512.xml">freescal</link><chip wordnetid="103020034" confidence="0.8"><artifact wordnetid="100021939" confidence="0.8"><instrumentality wordnetid="103575240" confidence="0.8"><microprocessor wordnetid="103760310" confidence="0.8"><conductor wordnetid="103088707" confidence="0.8"><device wordnetid="103183080" confidence="0.8"><semiconductor_device wordnetid="104171831" confidence="0.8"><link ns0:type="simple" ns0:href="../053/6606053.xml">powerquicc</link></semiconductor_device></device></conductor></microprocessor></instrumentality></artifact></chip>processor marvel orion amcc famili powerpc processor<link ns0:type="simple" ns0:href="../617/14617.xml">intel</link><chip wordnetid="103020034" confidence="0.8"><artifact wordnetid="100021939" confidence="0.8"><instrumentality wordnetid="103575240" confidence="0.8"><microprocessor wordnetid="103760310" confidence="0.8"><conductor wordnetid="103088707" confidence="0.8"><device wordnetid="103183080" confidence="0.8"><semiconductor_device wordnetid="104171831" confidence="0.8"><link ns0:type="simple" ns0:href="../989/140989.xml">xscale</link></semiconductor_device></device></conductor></microprocessor></instrumentality></artifact></chip>iop ixp seri support wasabi system</p></sec><sec><st>licens</st><p>netbsd kernel core userland sourc code releas term<link ns0:type="simple" ns0:href="../111/18933111.xml">bsd licens</link>three fourclaus variant essenti allow modifi redistribut sell long remov copyright notic licens text fourclaus variant includ term relat public materi develop product base netbsd modif sourc code public contrast<link ns0:type="simple" ns0:href="../683/18938683.xml">gpl</link>stipul chang sourc code product releas product recipi product deriv chang releas</p><p>june netbsd foundat announc transit claus bsd licens cite concern ucb support claus industri applic claus<ref ns0:type="simple" ns0:href="#xpointer(//reflist/entry[@id=%2210%22])" /></p><p>netbsd includ<link ns0:type="simple" ns0:href="../875/11875.xml">gnu</link>develop tool packag cover gpl open sourc licens</p></sec><sec><st>compat oper system</st><p>sourc code level netbsd entir compliant<standard wordnetid="107260623" confidence="0.8"><system_of_measurement wordnetid="113577171" confidence="0.8"><link ns0:type="simple" ns0:href="../305/23305.xml">posix</link></system_of_measurement></standard>ieee standard compliant posix ieee</p><p>netbsd<link ns0:type="simple" ns0:href="../908/102908.xml">system call</link>level binari compat appropri processor architectur unixderiv unixlik oper system includ<O wordnetid="106832680" confidence="0.9508927676800064"><link ns0:type="simple" ns0:href="../297/6097297.xml">linux</link></O>bsd variant<platform wordnetid="103961939" confidence="0.8"><artifact wordnetid="100021939" confidence="0.8"><surface wordnetid="104362025" confidence="0.8"><horizontal_surface wordnetid="103536348" confidence="0.8"><link ns0:type="simple" ns0:href="../554/7580554.xml">freebsd</link></horizontal_surface></surface></artifact></platform>appl<link ns0:type="simple" ns0:href="../076/53076.xml">darwin</link><link ns0:type="simple" ns0:href="../145/46145.xml">solari</link><O wordnetid="106832680" confidence="0.9508927676800064"><link ns0:type="simple" ns0:href="../704/36704.xml">hpux</link></O><O wordnetid="106832680" confidence="0.9508927676800064"><link ns0:type="simple" ns0:href="../071/29071.xml">suno</link></O><company wordnetid="108058098" confidence="0.8"><institution wordnetid="108053576" confidence="0.8"><link ns0:type="simple" ns0:href="../730/484730.xml">sco</link></institution></company>unix allow netbsd user applic distribut binari form oper system loss perform</p><p>varieti foreign disk<link ns0:type="simple" ns0:href="../280/1010280.xml">filesystem</link>format support netbsd includ<link ns0:type="simple" ns0:href="../045/53045.xml">fat</link><system wordnetid="104377057" confidence="0.8"><artifact wordnetid="100021939" confidence="0.8"><instrumentality wordnetid="103575240" confidence="0.8"><link ns0:type="simple" ns0:href="../184/39184.xml">ntf</link></instrumentality></artifact></system>linux<link ns0:type="simple" ns0:href="../194/39194.xml">extf</link><link ns0:type="simple" ns0:href="../640/20640.xml">mac os</link>uf<O wordnetid="106832680" confidence="0.9508927676800064"><link ns0:type="simple" ns0:href="../999/167999.xml">risc os</link></O>filecoreadf<O wordnetid="106832680" confidence="0.9508927676800064"><link ns0:type="simple" ns0:href="../304/18933304.xml">amigao</link></O><system wordnetid="104377057" confidence="0.8"><artifact wordnetid="100021939" confidence="0.8"><instrumentality wordnetid="103575240" confidence="0.8"><link ns0:type="simple" ns0:href="../935/844935.xml">fast file system</link></instrumentality></artifact></system></p></sec><sec><st>pkgsrc packag collect</st><p>netbsd featur<link ns0:type="simple" ns0:href="../494/944494.xml">pkgsrc</link>short packag sourc framework build thirdparti<link ns0:type="simple" ns0:href="../746/454746.xml">applic softwar</link>packag will instal pkgsrc collect consist packag<link ns0:type="simple" ns0:href="../165/36165.xml">januari</link>build packag<software wordnetid="106566077" confidence="0.9508927676800064"><link ns0:type="simple" ns0:href="../629/16629.xml">kde</link></software><link ns0:type="simple" ns0:href="../362/12362.xml">gnome</link><link>apach server</link><programming_language wordnetid="106898352" confidence="0.9508927676800064"><link ns0:type="simple" ns0:href="../939/23939.xml">perl</link></programming_language>perform simpli type instal appropri directori will fetch sourc code unpack patch configur build instal packag remov altern compil sourc precompil binari packag prerequisitesdepend will instal automat packag system manual intervent</p><p><link ns0:type="simple" ns0:href="../367/197367.xml">mantra</link><link ns0:type="simple" ns0:href="../804/214804.xml">portabl</link>pkgsrc portabl hardwar platform netbsd help<link ns0:type="simple" ns0:href="../527/171527.xml">autoconf</link>base bootstrap system<family wordnetid="108078020" confidence="0.8"><link ns0:type="simple" ns0:href="../815/31815.xml">unixlik</link></family>oper system<O wordnetid="106832680" confidence="0.9508927676800064"><link ns0:type="simple" ns0:href="../297/6097297.xml">linux</link></O>bsd variant<platform wordnetid="103961939" confidence="0.8"><artifact wordnetid="100021939" confidence="0.8"><surface wordnetid="104362025" confidence="0.8"><horizontal_surface wordnetid="103536348" confidence="0.8"><link ns0:type="simple" ns0:href="../554/7580554.xml">freebsd</link></horizontal_surface></surface></artifact></platform><O wordnetid="106832680" confidence="0.9508927676800064"><link ns0:type="simple" ns0:href="../571/18949571.xml">openbsd</link></O><link ns0:type="simple" ns0:href="../145/46145.xml">solari</link><link ns0:type="simple" ns0:href="../076/53076.xml">darwin</link><link ns0:type="simple" ns0:href="../640/20640.xml">mac os</link><link ns0:type="simple" ns0:href="../537/14537.xml">irix</link><structure wordnetid="104341686" confidence="0.8"><artifact wordnetid="100021939" confidence="0.8"><window wordnetid="104587648" confidence="0.8"><supporting_structure wordnetid="104361095" confidence="0.8"><framework wordnetid="103391770" confidence="0.8"><link ns0:type="simple" ns0:href="../839/1497839.xml">interix</link></framework></supporting_structure></window></artifact></structure><link ns0:type="simple" ns0:href="../494/944494.xml">pkgsrc</link>offici packag system<O wordnetid="106832680" confidence="0.9508927676800064"><link ns0:type="simple" ns0:href="../229/294229.xml">dragonfli bsd</link></O><weblink ns0:type="simple" ns0:href="http://leaf.dragonflybsd.org/mailarchive/users/2005-08/msg00347.html">announc</weblink></p></sec><sec><st>logo</st><p>netbsd flag logo design grant bissett introduc abstract<weblink ns0:type="simple" ns0:href="http://www.netbsd.org/images/NetBSD-old.jpg">older logo</weblink>design shawn mueller base famou<military_action wordnetid="100952963" confidence="0.8"><group_action wordnetid="101080366" confidence="0.8"><event wordnetid="100029378" confidence="0.8"><conflict wordnetid="100958896" confidence="0.8"><act wordnetid="100030358" confidence="0.8"><psychological_feature wordnetid="100023100" confidence="0.8"><war wordnetid="100973077" confidence="0.8"><link ns0:type="simple" ns0:href="../927/32927.xml">war ii</link></war></psychological_feature></act></conflict></event></group_action></military_action>photograph<product wordnetid="104007894" confidence="0.8"><creation wordnetid="103129123" confidence="0.8"><artifact wordnetid="100021939" confidence="0.8"><flag wordnetid="103354903" confidence="0.8"><emblem wordnetid="103282591" confidence="0.8"><decoration wordnetid="103169390" confidence="0.8"><oeuvre wordnetid="103841417" confidence="0.8"><end_product wordnetid="103287178" confidence="0.8"><design wordnetid="103178782" confidence="0.8"><link ns0:type="simple" ns0:href="../590/450590.xml">rais flag iwo jima</link></design></end_product></oeuvre></decoration></emblem></flag></artifact></creation></product>perceiv cultur insensit inappropri intern project<weblink ns0:type="simple" ns0:href="http://mail-index.netbsd.org/netbsd-advocacy/2004/01/14/0001.html">httpmailindexnetbsdorgnetbsdadvocacyhtml</weblink>primari reason chang complex draw make unsuit logo</p></sec><sec><st>govern structur</st><p><weblink ns0:type="simple" ns0:href="http://www.netbsd.org/foundation/">netbsd foundat</weblink>legal entiti own intellectu properti trademark associ netbsd<idea wordnetid="105833840" confidence="0.8"><concept wordnetid="105835747" confidence="0.8"><category wordnetid="105838765" confidence="0.8"><type wordnetid="105840188" confidence="0.8"><kind wordnetid="105839024" confidence="0.8"><link ns0:type="simple" ns0:href="../418/1979418.xml#xpointer(//*[./st=%22501.28c.29.283.29%22])" /></kind></type></category></concept></idea>nonprofit organis statu respect taxat member foundat<weblink ns0:type="simple" ns0:href="http://www.netbsd.org/people/developers.html">netbsd develop</weblink>cv commit access netbsd foundat board director elect vote member year</p></sec><sec><st>host</st><p>host project provid<link ns0:type="simple" ns0:href="../814/1313814.xml">internet system consortium</link><link>lule univers technolog</link><university wordnetid="108286163" confidence="0.9508927676800064"><ranking wordnetid="114429484" confidence="0.9508927676800064"><link ns0:type="simple" ns0:href="../310/6310.xml">columbia univers</link></ranking></university><university wordnetid="108286163" confidence="0.9508927676800064"><link ns0:type="simple" ns0:href="../826/177826.xml">western washington univers</link></university>mirror project spread provid volunt support project</p></sec><sec><st /><p><table style="background:#f9f9f9; font-size:85%; line-height:110%; "><row><col><image width="32x28px" src="Free_Software_Portal_Logo.svg" /></col><col style="padding:0 0.2em;"><it>free softwar portal</it></col></row></table></p><p><list><entry level="1" type="bullet"><link ns0:type="simple" ns0:href="../169/4710169.xml">comparison bsd oper system</link></entry><entry level="1" type="bullet"><link ns0:type="simple" ns0:href="../531/981531.xml">comparison oper system</link></entry><entry level="1" type="bullet"><link ns0:type="simple" ns0:href="../973/8820973.xml#xpointer(//*[./st=%22Debian+GNU/NetBSD%22])">debian gnunetbsd</link></entry><entry level="1" type="bullet"><O wordnetid="106832680" confidence="0.9508927676800064"><link ns0:type="simple" ns0:href="../229/294229.xml">dragonfli bsd</link></O></entry><entry level="1" type="bullet"><platform wordnetid="103961939" confidence="0.8"><artifact wordnetid="100021939" confidence="0.8"><surface wordnetid="104362025" confidence="0.8"><horizontal_surface wordnetid="103536348" confidence="0.8"><link ns0:type="simple" ns0:href="../554/7580554.xml">freebsd</link></horizontal_surface></surface></artifact></platform></entry><entry level="1" type="bullet"><link ns0:type="simple" ns0:href="../310/476310.xml">miro bsd</link></entry><entry level="1" type="bullet"><O wordnetid="106832680" confidence="0.9508927676800064"><link ns0:type="simple" ns0:href="../571/18949571.xml">openbsd</link></O></entry></list></p></sec><sec><st>refer</st><p><reflist><entry id="1"><weblink ns0:type="simple" ns0:href="http://www.netbsd.org/changes/2004.html#netbsd-2.0">netbsd releas note</weblink></entry><entry id="2"><weblink ns0:type="simple" ns0:href="http://www.netbsd.org/changes/changes-5.0.html#newlock2">chang netbsd</weblink></entry><entry id="3">httpmannetbsdorgcgibinmancgisecuritynetbsdcurr</entry><entry id="4">httpmannetbsdorgcgibinmancgipaxctlnetbsdcurr</entry><entry id="5">httpwwwnetbsdorgdocsguideenchapveriexechtml</entry><entry id="6">httpwwwnetbsdorgdocsguideenchapcgdhtml</entry><entry id="7">kroahhartman greg<link /><weblink ns0:type="simple" ns0:href="http://www.kroah.com/log/linux/ols_2006_keynote.html">myth lie truth linux kernel</weblink>retriev<link /></entry><entry id="8"><weblink ns0:type="simple" ns0:href="http://web.archive.org/web/20061230075423/http://www.wasabisystems.com/pdfs/Linux_or_BSD.pdf">bsd linux unix better embed applic</weblink>pdf wasabi system archiv<weblink ns0:type="simple" ns0:href="http://wasabisystems.com/pdfs/Linux_or_BSD.pdf">origin</weblink><link />retriev<link />wasabi system right reserv paper sold distribut permiss wasabi system wwwwasabisystemscom citat quotat document includ copyright notic</entry><entry id="9">august<weblink ns0:type="simple" ns0:href="http://www.embeddedarm.com/news/netbsd_toaster.htm">technolog system design netbsd control toaster</weblink><link ns0:type="simple" ns0:href="../097/304097.xml">press releas</link>retriev<link /></entry><entry id="10">june<weblink ns0:type="simple" ns0:href="http://www.netbsd.org/about/redistribution.html#why2clause">netbsd licens redistribut</weblink><link ns0:type="simple" ns0:href="../097/304097.xml">press releas</link>retriev<link /></entry></reflist></p></sec><sec><st>extern link</st><p><list><entry level="1" type="bullet"><weblink ns0:type="simple" ns0:href="http://www.netbsd.org/">netbsd homepag</weblink></entry><entry level="1" type="bullet"><weblink ns0:type="simple" ns0:href="http://wiki.netbsd.se">netbsd wiki</weblink></entry><entry level="1" type="bullet"><weblink ns0:type="simple" ns0:href="http://www.jibbed.org/">jib</weblink>netbsd base live cd</entry><entry level="1" type="bullet"><weblink ns0:type="simple" ns0:href="http://www.bsdworld.net">bsd news search engin forum tutori</weblink></entry><entry level="1" type="bullet"><structure wordnetid="105726345" confidence="0.8"><arrangement wordnetid="105726596" confidence="0.8"><distribution wordnetid="105729036" confidence="0.8"><link ns0:type="simple" ns0:href="../137/331137.xml">live cd</link></distribution></arrangement></structure>imag<weblink ns0:type="simple" ns0:href="ftp://ftp.netbsd.org/pub/NetBSD/iso/2.0/i386live.iso">netbsd</weblink></entry><entry level="1" type="bullet">binari packag pkgsrc bulk build<weblink ns0:type="simple" ns0:href="ftp://ftp.netbsd.org/pub/NetBSD/packages">ftpftpnetbsdorgpubnetbsdpackag</weblink><weblink ns0:type="simple" ns0:href="http://smaug.fh-regensburg.de/~feyrer/ftp/pub/NetBSD/">httpsmaugfhregensburgdefeyrerftppubnetbsd</weblink><weblink ns0:type="simple" ns0:href="ftp://ftp.gw.com/pub/packages/NetBSD/">ftpftpgwcompubpackagesnetbsd</weblink></entry><entry level="1" type="bullet">ircircfreenodenetnetbsd netbsd freenod</entry><entry level="1" type="bullet"><weblink ns0:type="simple" ns0:href="http://digest.coris.org.uk/">netbsd cv digest</weblink></entry><entry level="1" type="bullet">netbsd<link ns0:type="simple" ns0:href="../549/617549.xml">shell account</link><weblink ns0:type="simple" ns0:href="http://www.freeshell.org/">super dimension fortress</weblink><weblink ns0:type="simple" ns0:href="http://www.polarhome.com/">polarhom</weblink></entry><entry level="1" type="bullet"><weblink ns0:type="simple" ns0:href="http://www.wasabisystems.com/products/bsd-platforms.html">wasabi system support hardwar platform</weblink></entry><entry level="1" type="bullet"><weblink ns0:type="simple" ns0:href="http://www.securityfocus.com/infocus/1878">secur enhanc netbsd</weblink></entry><entry level="1" type="bullet"><weblink ns0:type="simple" ns0:href="http://netbsd.gw.com/cgi-bin/man-cgi?bus_space+9+NetBSD-current">bus_spac</weblink>architectur independ bu<link ns0:type="simple" ns0:href="../495/21495.xml">netbsd</link>kernel develop<link ns0:type="simple" ns0:href="../332/85332.xml">manual</link></entry><entry level="1" type="bullet"><weblink ns0:type="simple" ns0:href="http://netbsd.gw.com/cgi-bin/man-cgi?bus_dma+9+NetBSD-current">bus_dma</weblink>architectur independ<link ns0:type="simple" ns0:href="../717/57717.xml">dma</link><link ns0:type="simple" ns0:href="../495/21495.xml">netbsd</link>kernel develop<link ns0:type="simple" ns0:href="../332/85332.xml">manual</link></entry><entry level="1" type="bullet"><weblink ns0:type="simple" ns0:href="http://netbsd.gw.com/cgi-bin/man-cgi?uvm+9+NetBSD-current">uvm</weblink>architectur independ virtual memori manag<link ns0:type="simple" ns0:href="../495/21495.xml">netbsd</link>kernel develop<link ns0:type="simple" ns0:href="../332/85332.xml">manual</link></entry><entry level="1" type="bullet"><weblink ns0:type="simple" ns0:href="http://www.usenix.org/publications/library/proceedings/usenix2000/freenix/full_papers/silvers/silvers_html/">ubc effici unifi io memori cach subsystem netbsd</weblink></entry><entry level="1" type="bullet"><weblink ns0:type="simple" ns0:href="http://web.mit.edu/nathanw/www/usenix/">implement schedul activ netbsd oper system</weblink></entry><entry level="1" type="bullet"><weblink ns0:type="simple" ns0:href="http://www.usenix.org/events/usenix03/tech/freenix03/full_papers/mcgarry/mcgarry_html/index.html">implement userlevel restart atom sequenc netbsd oper system</weblink></entry><entry level="1" type="bullet"><weblink ns0:type="simple" ns0:href="http://ccrc.wustl.edu/pub/chuck/tech/uvm/">uvm virtual memori system</weblink></entry><entry level="1" type="bullet"><weblink ns0:type="simple" ns0:href="http://www.bsdfreak.org/modules/news/article.php?storyid=6">evolut netbsd</weblink></entry><entry level="1" type="bullet"><voyage wordnetid="100312553" confidence="0.8"><spaceflight wordnetid="100313502" confidence="0.8"><event wordnetid="100029378" confidence="0.8"><change wordnetid="100191142" confidence="0.8"><action wordnetid="100037396" confidence="0.8"><journey wordnetid="100306426" confidence="0.8"><travel wordnetid="100295701" confidence="0.8"><motion wordnetid="100279835" confidence="0.8"><act wordnetid="100030358" confidence="0.8"><psychological_feature wordnetid="100023100" confidence="0.8"><link ns0:type="simple" ns0:href="../043/15043.xml">intern space station</link></psychological_feature></act></motion></travel></journey></action></change></event></spaceflight></voyage><weblink ns0:type="simple" ns0:href="http://mail-index.netbsd.org/port-i386/1997/12/04/0008.html">messag</weblink><weblink ns0:type="simple" ns0:href="http://mail-index.netbsd.org/port-i386/1997/12/04/0022.html">messag</weblink></entry><entry level="1" type="bullet"><weblink ns0:type="simple" ns0:href="http://proj.sunet.se/LSR2/">internet sunet internet land speed record</weblink></entry><entry level="1" type="bullet"><weblink ns0:type="simple" ns0:href="http://arstechnica.com/articles/culture/netbsd4-interview.ars">wave flag netbsd develop speak version</weblink></entry><entry level="1" type="bullet"><weblink ns0:type="simple" ns0:href="http://mail-index.netbsd.org/netbsd-users/2006/08/30/0016.html">charl hannum view netbsd august</weblink></entry><entry level="1" type="bullet"><weblink ns0:type="simple" ns0:href="http://www.feyrer.de/NetBSD/bx/blosxom.cgi/index.front">hubert feyrer netbsd blog</weblink></entry><entry level="1" type="bullet"><weblink ns0:type="simple" ns0:href="http://ezine.daemonnews.org/200008/portability.html">oper system portabl</weblink>hubert feyrer</entry><entry level="1" type="bullet"><weblink ns0:type="simple" ns0:href="http://blog.onetbsd.de/"><list><entry level="1" type="number">netbsd commun blog</entry></list></weblink></entry><entry level="1" type="bullet"><weblink ns0:type="simple" ns0:href="http://www.wasabisystems.com/gpl/gplfree.html">open sourc licens bsd compar gpl</weblink></entry></list></p><p><table style=";" class="navbox" cellspacing="0"><row><col style="padding:2px;"><table style="width:100%;background:transparent;color:inherit;;" class="nowraplinks collapsible autocollapse " cellspacing="0"><row><header colspan="2" style=";" class="navbox-title"><family wordnetid="108078020" confidence="0.8"><link ns0:type="simple" ns0:href="../642/31642.xml">unix</link></family><family wordnetid="108078020" confidence="0.8"><link ns0:type="simple" ns0:href="../815/31815.xml">unixlik</link></family><link ns0:type="simple" ns0:href="../194/22194.xml">oper system</link></header></row><row style="height:2px;" /><row><col colspan="2" style="width:100%;padding:0px;;;" class="navbox-list navbox-odd"><O wordnetid="106832680" confidence="0.9508927676800064"><link ns0:type="simple" ns0:href="../ury/22nd_century.xml">aix</link></O><O wordnetid="106832680" confidence="0.9508927676800064"><link ns0:type="simple" ns0:href="../622/18932622.xml">bsd</link></O><O wordnetid="106832680" confidence="0.9508927676800064"><link ns0:type="simple" ns0:href="../229/294229.xml">dragonfli bsd</link></O><platform wordnetid="103961939" confidence="0.8"><artifact wordnetid="100021939" confidence="0.8"><surface wordnetid="104362025" confidence="0.8"><horizontal_surface wordnetid="103536348" confidence="0.8"><link ns0:type="simple" ns0:href="../554/7580554.xml">freebsd</link></horizontal_surface></surface></artifact></platform><link ns0:type="simple" ns0:href="../875/11875.xml">gnu</link><O wordnetid="106832680" confidence="0.9508927676800064"><link ns0:type="simple" ns0:href="../704/36704.xml">hpux</link></O><link ns0:type="simple" ns0:href="../537/14537.xml">irix</link><O wordnetid="106832680" confidence="0.9508927676800064"><link ns0:type="simple" ns0:href="../297/6097297.xml">linux</link></O><O wordnetid="106832680" confidence="0.9508927676800064"><link ns0:type="simple" ns0:href="../980/867980.xml">lynxo</link></O><link ns0:type="simple" ns0:href="../640/20640.xml">mac os</link><O wordnetid="106832680" confidence="0.9508927676800064"><link ns0:type="simple" ns0:href="../977/18977.xml">minix</link></O><link ns0:type="simple" ns0:href="../495/21495.xml">netbsd</link><O wordnetid="106832680" confidence="0.9508927676800064"><link ns0:type="simple" ns0:href="../571/18949571.xml">openbsd</link></O><O wordnetid="106832680" confidence="0.9508927676800064"><link ns0:type="simple" ns0:href="../226/24226.xml">plan</link></O><O wordnetid="106832680" confidence="0.9508927676800064"><link ns0:type="simple" ns0:href="../184/65184.xml">qnx</link></O><platform wordnetid="103961939" confidence="0.8"><artifact wordnetid="100021939" confidence="0.8"><surface wordnetid="104362025" confidence="0.8"><horizontal_surface wordnetid="103536348" confidence="0.8"><link ns0:type="simple" ns0:href="../245/2901245.xml">unix</link></horizontal_surface></surface></artifact></platform><O wordnetid="106832680" confidence="0.9508927676800064"><link ns0:type="simple" ns0:href="../906/1579906.xml">sco openserv</link></O><message wordnetid="106598915" confidence="0.8"><information wordnetid="106634376" confidence="0.8"><electronic_database wordnetid="106588511" confidence="0.8"><lexical_database wordnetid="106638868" confidence="0.8"><wordnet wordnetid="106639428" confidence="0.8"><database wordnetid="106637824" confidence="0.8"><link ns0:type="simple" ns0:href="../145/46145.xml">solari</link></database></wordnet></lexical_database></electronic_database></information></message><link>system</link><O wordnetid="106832680" confidence="0.9508927676800064"><link ns0:type="simple" ns0:href="../275/38275.xml">tru</link></O><O wordnetid="106832680" confidence="0.9508927676800064"><link ns0:type="simple" ns0:href="../105/157105.xml">vxwork</link></O><it>unix variantsmor</it></col></row></table></col></row></table></p></sec></bdy></article>