<article xmlns:ns0="http://www.w3.org/1999/xlink"><event confidence="0.8" wordnetid="100029378"><rule confidence="0.8" wordnetid="105846932"><act confidence="0.8" wordnetid="100030358"><psychological_feature confidence="0.8" wordnetid="100023100"><procedure confidence="0.8" wordnetid="101023820"><activity confidence="0.8" wordnetid="100407535"><algorithm confidence="0.8" wordnetid="105847438"><header><title>artifici neural network</title><id /><revision><id /><timestamp>tz</timestamp><contributor><username>jeff</username><id /></contributor></revision><categories><category>miscellan articl need expert attent</category><category>optim algorithm</category><category>neural network</category><category>technolog articl need expert attent</category><category>comput statist</category><category>machin learn</category><category>articl need expert attent</category><category>need expert attent</category><category>classif algorithm</category></categories></header><bdy><b>artifici neural network ann</b>call neural network nn<link ns0:type="simple" ns0:href="../590/20590.xml">mathemat model</link><link ns0:type="simple" ns0:href="../048/2815048.xml">comput model</link>base<link ns0:type="simple" ns0:href="../672/1726672.xml">biolog neural network</link>consist interconnect group<link ns0:type="simple" ns0:href="../771/349771.xml">artifici neuron</link>process<link ns0:type="simple" ns0:href="../636/263636.xml">connectionist</link>approach<link ns0:type="simple" ns0:href="../926/5926.xml">comput</link>case ann<link ns0:type="simple" ns0:href="../588/739588.xml">adapt system</link>chang structur base extern intern flow network learn phase<p>practic term neural network<link ns0:type="simple" ns0:href="../103/146103.xml">nonlinear</link><link ns0:type="simple" ns0:href="../685/26685.xml">statist</link><link ns0:type="simple" ns0:href="../422/759422.xml">data model</link>tool model complex relationship input output<event wordnetid="100029378" confidence="0.8"><rule wordnetid="105846932" confidence="0.8"><act wordnetid="100030358" confidence="0.8"><psychological_feature wordnetid="100023100" confidence="0.8"><procedure wordnetid="101023820" confidence="0.8"><activity wordnetid="100407535" confidence="0.8"><algorithm wordnetid="105847438" confidence="0.8"><link ns0:type="simple" ns0:href="../706/126706.xml">find pattern</link></algorithm></activity></procedure></psychological_feature></act></rule></event>data</p><p><image width="350px" src="Artificial_neural_network.svg" type="thumb"><caption>neural network interconnect group node akin vast network<link ns0:type="simple" ns0:href="../120/21120.xml">neuron</link><link ns0:type="simple" ns0:href="../620/490620.xml">human brain</link></caption></image></p><sec><st>background</st><p><image width="350px" src="Annexample2.png" type="thumb"><caption>compon base represent neural network kind gener represent<link ns0:type="simple" ns0:href="../924/3712924.xml">neural network softwar</link></caption></image>precis agreedupon definit research<link ns0:type="simple" ns0:href="../542/1729542.xml">neural network</link>agre involv network simpl process element<link ns0:type="simple" ns0:href="../771/349771.xml">neuron</link>exhibit complex global behavior determin connect process element element paramet origin inspir techniqu examin<link ns0:type="simple" ns0:href="../251/7251.xml">central nervou system</link>neuron<link ns0:type="simple" ns0:href="../958/958.xml">axon</link><link ns0:type="simple" ns0:href="../131/8131.xml">dendrit</link><link ns0:type="simple" ns0:href="../809/27809.xml">synaps</link>constitut process element<link ns0:type="simple" ns0:href="../245/21245.xml">neurosci</link>neural network model simpl<link ns0:type="simple" ns0:href="../771/349771.xml">node</link>call various neuron neurod pe process element unit connect form network node term neural network neural network adapt se practic algorithm design alter strength weight connect network produc desir signal flow</p><p>network<link ns0:type="simple" ns0:href="../672/1726672.xml">biolog neural network</link>sens function perform collect parallel unit clear delin subtask unit assign<link ns0:type="simple" ns0:href="../636/263636.xml">connection</link>current term artifici neural network ann refer neural network model employ<link ns0:type="simple" ns0:href="../685/26685.xml">statist</link><link ns0:type="simple" ns0:href="../961/5961.xml">cognit psycholog</link><link ns0:type="simple" ns0:href="../164/1164.xml">artifici intellig</link><link ns0:type="simple" ns0:href="../542/1729542.xml">neural network</link>model design emul<link ns0:type="simple" ns0:href="../251/7251.xml">central nervou system</link>cn mind subject<link ns0:type="simple" ns0:href="../430/271430.xml">theoret neurosci</link><link ns0:type="simple" ns0:href="../430/271430.xml">comput neurosci</link></p><p>modern<link ns0:type="simple" ns0:href="../924/3712924.xml">softwar implement</link>artifici neural network approach inspir biolog abandon practic approach base statist signal process system neural network part neural network<link ns0:type="simple" ns0:href="../771/349771.xml">artifici neuron</link>compon larger system combin adapt nonadapt element gener approach<link ns0:type="simple" ns0:href="../588/739588.xml">adapt system</link>suitabl realworld problem solv tradit artifici intellig connectionist model common principl nonlinear distribut parallel local process adapt</p><ss1><st>model</st><p>neural network model artifici intellig refer artifici neural network ann essenti simpl mathemat model defin function<math>rightarrow</math>type ann model correspond<it>class</it>function</p><ss2><st><it>network</it><it>artifici neural network</it></st><p>word<it>network</it>term artifici neural network aris function<math>fx</math>defin composit function<math>g_ix</math>defin composit function conveni repres network structur arrow depict depend variabl type composit<it>nonlinear weight sum</it><math>leftsum_i w_i g_ixright</math><math />predefin function<link ns0:type="simple" ns0:href="../567/56567.xml">hyperbol tangent</link>will conveni refer collect function<math>g_i</math>simpli vector<math>g_ g_ ldot g_n</math></p><p><image location="left" width="150px" src="ann_dependency_graph.png" type="thumb"><caption>ann depend graph</caption></image></p><p>figur depict decomposit<math />depend variabl indic arrow interpret way</p><p>view function view input<math />transform dimension vector<math />transform dimension vector<math />final transform<math />view commonli encount context<link ns0:type="simple" ns0:href="../033/52033.xml">optim</link></p><p>second view probabilist view<link ns0:type="simple" ns0:href="../685/25685.xml">random variabl</link><math>fg</math>depend random variabl<math>gh</math>depend<math>hhx</math>depend random variabl<math />view commonli encount context<link ns0:type="simple" ns0:href="../298/447298.xml">graphic model</link></p><p>view equival case network architectur compon individu layer independ compon<math />independ input<math />natur enabl degre parallel implement</p><p><image location="left" width="120px" src="Recurrent_ann_dependency_graph.png" type="thumb"><caption>recurr ann depend graph</caption></image></p><p>network previou commonli call<link ns0:type="simple" ns0:href="../759/574759.xml">feedforward</link>graph<link ns0:type="simple" ns0:href="../002/204002.xml">direct acycl graph</link>network<link ns0:type="simple" ns0:href="../889/638889.xml">cycl</link>commonli call<link>recurr</link>network commonli depict manner top figur<math />depend impli tempor depend practic<math />point time<math />depend valu<math />point time graphic model bottom figur illustr case<math />time<math />depend</p><p><indent level="1"><it><link ns0:type="simple" ns0:href="../298/447298.xml">graphic model</link></it></indent></p></ss2></ss1><ss1><st>learn</st><p>interest function attract interest neural network possibl<it>learn</it>practic</p><p>specif<it>task</it>solv<it>class</it>function<math />learn set<it>observ</it>order find<math />solv task<it>optim sens</it></p><p>entail defin<link ns0:type="simple" ns0:href="../033/52033.xml">cost function</link><math>rightarrow mathbbr</math>optim solut<math /><math>cf leq cf</math><math>foral</math>solut cost cost optim solut</p><p><link ns0:type="simple" ns0:href="../033/52033.xml">cost function</link><math />concept learn measur optim solut problem solv learn algorithm search solut space order find function smallest cost</p><p>applic solut depend data cost<it>function observ</it>model data frequent defin<link ns0:type="simple" ns0:href="../703/26703.xml">statist</link>approxim simpl exampl consid problem find model<math />minim<math>celeftfx yright</math>data pair<math>xy</math>drawn distribut<math>mathcald</math>practic situat<math />sampl<math>mathcald</math>exampl minim<math>hatcfracnsum_in fx_iy_i</math>cost minim sampl data true data distribut</p><p><math>rightarrow infti</math>form onlin learn cost partial minim exampl onlin learn<math>mathcald</math>fix case distribut chang slowli time neural network method form onlin learn frequent finit dataset</p><p><indent level="1"><it><link ns0:type="simple" ns0:href="../033/52033.xml">optim mathemat</link><link ns0:type="simple" ns0:href="../926/1565926.xml">estim theori</link><link ns0:type="simple" ns0:href="../488/233488.xml">machin learn</link></it></indent></p><ss2><st>choos cost function</st><p>arbitrarili defin<link ns0:type="simple" ns0:href="../704/168704.xml">ad hoc</link>cost function frequent cost will desir properti convex aris natur formul problem probabilist formul posterior probabl model invers cost<b>ultim cost function will depend task perform</b>three main categori learn task overview</p></ss2></ss1><ss1><st>learn paradigm</st><p>three major learn paradigm correspond abstract learn task<link ns0:type="simple" ns0:href="../926/20926.xml">supervis learn</link><link ns0:type="simple" ns0:href="../497/233497.xml">unsupervis learn</link><link ns0:type="simple" ns0:href="../294/66294.xml">reinforc learn</link>type network architectur employ task</p><ss2><st>supervis learn</st><p><link ns0:type="simple" ns0:href="../926/20926.xml">supervis learn</link>set exampl pair<math />aim find function<math>rightarrow</math>allow class function match exampl<it>infer</it>map impli data cost function mismatch map data implicitli prior knowledg problem domain</p><p>commonli cost<link ns0:type="simple" ns0:href="../816/201816.xml">meansquar error</link>minim averag error network output fx target exampl pair minimis cost<link ns0:type="simple" ns0:href="../489/201489.xml">gradient descent</link>class neural network call<event wordnetid="100029378" confidence="0.8"><rule wordnetid="105846932" confidence="0.8"><act wordnetid="100030358" confidence="0.8"><psychological_feature wordnetid="100023100" confidence="0.8"><procedure wordnetid="101023820" confidence="0.8"><activity wordnetid="100407535" confidence="0.8"><algorithm wordnetid="105847438" confidence="0.8"><link ns0:type="simple" ns0:href="../644/2266644.xml">multilay perceptron</link></algorithm></activity></procedure></psychological_feature></act></rule></event>obtain common wellknown<link ns0:type="simple" ns0:href="../091/1360091.xml">backpropag algorithm</link>train neural network</p><p>task fall paradigm supervis learn<link ns0:type="simple" ns0:href="../706/126706.xml">pattern recognit</link>classif<link ns0:type="simple" ns0:href="../997/826997.xml">regress</link>function approxim supervis learn paradigm applic sequenti data speech gestur recognit thought learn teacher form function continu feedback qualiti solut</p></ss2><ss2><st>unsupervis learn</st><p><link ns0:type="simple" ns0:href="../497/233497.xml">unsupervis learn</link>data<math />cost function minim function data<math />network output<math /></p><p>cost function depend task model<it>priori</it>assumpt implicit properti model paramet observ variabl</p><p>trivial exampl consid model<math>fx</math><math />constant cost<math>cex fx</math>minim cost will<math />equal data cost function complic form depend applic exampl compress<link ns0:type="simple" ns0:href="../282/427282.xml">mutual</link>statist model<link ns0:type="simple" ns0:href="../672/357672.xml">posterior probabl</link>model data note exampl quantiti maxim minimis</p><p>task fall paradigm unsupervis learn gener<link ns0:type="simple" ns0:href="../504/172504.xml">estim</link>problem applic includ<link ns0:type="simple" ns0:href="../675/669675.xml">cluster</link>estim<link ns0:type="simple" ns0:href="../543/23543.xml">statist distribut</link><link ns0:type="simple" ns0:href="../013/8013.xml">compress</link><link ns0:type="simple" ns0:href="../929/515929.xml">filter</link></p></ss2><ss2><st>reinforc learn</st><p><link ns0:type="simple" ns0:href="../294/66294.xml">reinforc learn</link>data<math />gener agent interact environ point time<math />agent perform action<math>y_t</math>environ gener observ<math>x_t</math>instantan cost<math>c_t</math>unknown dynam aim discov<it>polici</it>select action minim measur longterm cost expect cumul cost environ dynam longterm cost polici unknown estim</p><p>formal environ model<link ns0:type="simple" ns0:href="../883/1125883.xml">markov decis process</link>mdp<math>s_s_nin</math>action<math>a_a_m</math>probabl distribut instantan cost distribut<math>pc_ts_t</math>observ distribut<math>px_ts_t</math>transit<math>ps_ts_t a_t</math>polici defin condit distribut action observ defin<physical_entity wordnetid="100001930" confidence="0.8"><person wordnetid="100007846" confidence="0.8"><model wordnetid="110324560" confidence="0.8"><assistant wordnetid="109815790" confidence="0.8"><worker wordnetid="109632518" confidence="0.8"><causal_agent wordnetid="100007347" confidence="0.8"><link ns0:type="simple" ns0:href="../876/60876.xml">markov chain</link></causal_agent></worker></assistant></model></person></physical_entity>mc aim discov polici minim cost mc cost minim</p><p>ann frequent reinforc learn algorithm</p><p>task fall paradigm reinforc learn control problem<link ns0:type="simple" ns0:href="../138/18723138.xml">game</link><link>sequenti decis make</link>task</p><p><link ns0:type="simple" ns0:href="../297/125297.xml">dynam program</link><link ns0:type="simple" ns0:href="../216/17058216.xml">stochast control</link></p></ss2></ss1><ss1><st>learn algorithm</st><p>train neural network model essenti select model set allow model<link ns0:type="simple" ns0:href="../526/38526.xml">bayesian</link>framework determin distribut set allow model minimis cost criterion numer algorithm train neural network model view straightforward applic<link ns0:type="simple" ns0:href="../033/52033.xml">optim</link>theori<link ns0:type="simple" ns0:href="../926/1565926.xml">statist estim</link></p><p>algorithm train artifici neural network employ form<link ns0:type="simple" ns0:href="../489/201489.xml">gradient descent</link>simpli deriv cost function respect network paramet chang paramet<link ns0:type="simple" ns0:href="../143/3442143.xml">gradientrel</link>direct</p><p><link ns0:type="simple" ns0:href="../837/190837.xml">evolutionari method</link><link ns0:type="simple" ns0:href="../244/172244.xml">simul anneal</link><link ns0:type="simple" ns0:href="../752/470752.xml">expectationmaxim</link><link ns0:type="simple" ns0:href="../369/223369.xml">nonparametr method</link>commonli method train neural network<link ns0:type="simple" ns0:href="../488/233488.xml">machin learn</link></p><p>tempor perceptu learn reli find tempor relationship sensori signal stream environ statist salient tempor correl monitor arriv time sensori signal<link>perceptu network</link></p></ss1></sec><sec><st>employ artifici neural network</st><p>greatest advantag ann abil arbitrari function approxim mechan learn observ data straightforward good understand underli theori essenti</p><p><list><entry level="1" type="bullet">choic model will depend data represent applic overli complex model tend lead problem learn</entry><entry level="1" type="bullet">learn algorithm numer tradeoff learn algorithm algorithm will work well<it>correct<link ns0:type="simple" ns0:href="../585/11641585.xml">hyperparamet</link></it>train fix dataset select tune algorithm train unseen data requir amount experiment</entry><entry level="1" type="bullet">robust model cost function learn algorithm select appropri ann extrem robust</entry></list></p><p>correct implement ann natur<link ns0:type="simple" ns0:href="../716/22716.xml">onlin learn</link>larg dataset applic simpl implement exist local depend exhibit structur allow fast parallel implement hardwar</p></sec><sec><st>applic</st><p>util artifici neural network model lie fact infer function observ applic complex data task design function hand impract</p><ss1><st>real life applic</st><p>task artifici neural network appli tend fall broad categori</p><p><list><entry level="1" type="bullet"><physical_entity wordnetid="100001930" confidence="0.8"><person wordnetid="100007846" confidence="0.8"><model wordnetid="110324560" confidence="0.8"><assistant wordnetid="109815790" confidence="0.8"><worker wordnetid="109632518" confidence="0.8"><causal_agent wordnetid="100007347" confidence="0.8"><link ns0:type="simple" ns0:href="../897/336897.xml">function approxim</link></causal_agent></worker></assistant></model></person></physical_entity><link ns0:type="simple" ns0:href="../997/826997.xml">regress analysi</link>includ<link ns0:type="simple" ns0:href="../624/406624.xml">time seri predict</link>model</entry><entry level="1" type="bullet"><link ns0:type="simple" ns0:href="../244/1579244.xml">classif</link>includ<event wordnetid="100029378" confidence="0.8"><rule wordnetid="105846932" confidence="0.8"><act wordnetid="100030358" confidence="0.8"><psychological_feature wordnetid="100023100" confidence="0.8"><procedure wordnetid="101023820" confidence="0.8"><activity wordnetid="100407535" confidence="0.8"><algorithm wordnetid="105847438" confidence="0.8"><link ns0:type="simple" ns0:href="../706/126706.xml">pattern</link></algorithm></activity></procedure></psychological_feature></act></rule></event>sequenc recognit<link ns0:type="simple" ns0:href="../117/12656117.xml">novelti detect</link>sequenti decis make</entry><entry level="1" type="bullet"><link ns0:type="simple" ns0:href="../961/41961.xml">data process</link>includ filter cluster blind sourc separ compress</entry></list></p><p>applic area includ system identif control vehicl control process control gameplay decis make backgammon chess race pattern recognit radar system face identif object recognit sequenc recognit gestur speech handwritten text recognit medic diagnosi financi applic autom trade system<link ns0:type="simple" ns0:href="../253/42253.xml">data mine</link>knowledg discoveri databas kdd visual<link ns0:type="simple" ns0:href="../847/459847.xml">email spam</link>filter</p></ss1></sec><sec><st>neural network softwar</st><p><indent level="1"><it>main articl<link ns0:type="simple" ns0:href="../924/3712924.xml">neural network softwar</link></it></indent><b>neural network softwar</b><link ns0:type="simple" ns0:href="../444/43444.xml">simul</link><link ns0:type="simple" ns0:href="../524/25524.xml" /><link ns0:type="simple" ns0:href="../979/763979.xml">develop</link>appli artifici neural network<link ns0:type="simple" ns0:href="../672/1726672.xml">biolog neural network</link>case wider array<link ns0:type="simple" ns0:href="../588/739588.xml">adapt system</link><link ns0:type="simple" ns0:href="../631/226631.xml">logist regress</link></p></sec><sec><st>type neural network</st><ss1><st>feedforward neural network</st><p><indent level="1"><it>main articl<link ns0:type="simple" ns0:href="../332/1706332.xml">feedforward neural network</link></it></indent>feedforward neural network arguabl simplest type artifici neural network devis network move direct forward input node hidden node output node cycl loop network</p></ss1><ss1><st>radial basi function rbf network</st><p><indent level="1"><it>main articl<event wordnetid="100029378" confidence="0.8"><rule wordnetid="105846932" confidence="0.8"><act wordnetid="100030358" confidence="0.8"><psychological_feature wordnetid="100023100" confidence="0.8"><procedure wordnetid="101023820" confidence="0.8"><activity wordnetid="100407535" confidence="0.8"><algorithm wordnetid="105847438" confidence="0.8"><link ns0:type="simple" ns0:href="../443/9651443.xml">radial basi function network</link></algorithm></activity></procedure></psychological_feature></act></rule></event></it></indent>radial basi function power techniqu interpol multidimension space rbf function built distanc criterion respect centr radial basi function appli area neural network replac sigmoid hidden layer transfer characterist multilay perceptron rbf network layer process input map rbf hidden layer rbf chosen gaussian regress problem output layer linear combin hidden layer valu repres predict output interpret output layer regress model statist classif problem output layer typic<link ns0:type="simple" ns0:href="../210/87210.xml">sigmoid function</link>linear combin hidden layer valu repres posterior probabl perform case improv shrinkag techniqu<link ns0:type="simple" ns0:href="../328/954328.xml">ridg regress</link>classic statist correspond prior belief small paramet valu smooth output function bayesian framework</p><p>rbf network advantag suffer local minima multilay perceptron paramet adjust learn process linear map hidden layer output layer linear ensur error surfac quadrat singl easili minimum regress problem matrix oper classif problem fix nonlinear introduc sigmoid output function effici dealt<link ns0:type="simple" ns0:href="../665/11463665.xml">iter reweight squar</link></p><p>rbf network disadvantag requir good coverag input space radial basi function rbf centr determin refer distribut input data refer predict task result represent resourc wast area input space irrelev learn task common solut associ data point centr linear system solv final layer larg requir shrinkag techniqu avoid overfit</p><p>associ input datum rbf lead natur kernel method<link ns0:type="simple" ns0:href="../309/65309.xml">support vector machin</link>gaussian process rbf kernel function three approach nonlinear kernel function project input data space learn problem solv linear model gaussian process svm rbf network typic train maximum likelihood framework maxim probabl minim error data model svm approach avoid overfit maxim margin rbf network outperform classif applic svm regress applic competit dimension input space small</p></ss1><ss1><st>kohonen selforgan network</st><p><indent level="1"><it>main articl<link ns0:type="simple" ns0:href="../996/76996.xml">selforgan map</link></it></indent>selforgan map som invent<physical_entity wordnetid="100001930" confidence="0.8"><person wordnetid="100007846" confidence="0.8"><causal_agent wordnetid="100007347" confidence="0.8"><scientist wordnetid="110560637" confidence="0.8"><link ns0:type="simple" ns0:href="../591/1685591.xml">teuvo kohonen</link></scientist></causal_agent></person></physical_entity>perform form<link ns0:type="simple" ns0:href="../497/233497.xml">unsupervis learn</link>set artifici neuron learn map point input space coordin output space input space dimens topolog output space som will attempt preserv</p></ss1><ss1><st>recurr network</st><p><indent level="1"><it>main articl<link ns0:type="simple" ns0:href="../303/1706303.xml">recurr neural network</link></it></indent>contrari feedforward network<link ns0:type="simple" ns0:href="../303/1706303.xml">recurr neural network</link>rn model bidirect data flow feedforward network propag data linearli input output rn propag data process stage earlier stage</p><ss2><st>simpl recurr network</st><p><it>simpl recurr network</it>srn variat multilay perceptron call elman network<link ns0:type="simple" ns0:href="../690/6223690.xml">jeff elman</link>threelay network addit set context unit input layer connect middl hidden layer context unit fix weight time step input propag standard feedforward fashion learn rule backpropag appli fix connect result context unit maintain copi previou valu hidden unit propag connect learn rule appli network maintain sort allow perform task sequencepredict power standard multilay perceptron</p><p><it>fulli recurr network</it>neuron receiv input neuron network network arrang layer subset neuron receiv extern input addit input neuron disjunct subset neuron report output extern well send neuron distinct input output perform function input output layer feedforward simpl recurr network join neuron recurr process</p></ss2><ss2><st>hopfield network</st><p><link ns0:type="simple" ns0:href="../097/1170097.xml">hopfield network</link>recurr neural network connect symmetr invent<link ns0:type="simple" ns0:href="../572/649572.xml">john hopfield</link>network guarante dynam will converg connect train<link ns0:type="simple" ns0:href="../084/404084.xml">hebbian learn</link>hopfield network perform robust contentaddress<link ns0:type="simple" ns0:href="../011/433011.xml">associ</link>memori resist connect alter</p></ss2><ss2><st>echo network</st><p><link ns0:type="simple" ns0:href="../731/8887731.xml">echo network</link>esn<link ns0:type="simple" ns0:href="../303/1706303.xml">recurr neural network</link>spars connect random hidden layer weight output neuron network chang learn esn good reproduc tempor pattern</p></ss2><ss2><st>long short term memori network</st><p><link ns0:type="simple" ns0:href="../453/10711453.xml">long short term memori</link>artifici neural net structur tradit rnn doesnt problem vanish gradient long delay handl signal mix low high frequenc compon</p></ss2></ss1><ss1><st>stochast neural network</st><p><link ns0:type="simple" ns0:href="../605/2070605.xml">stochast neural network</link>differ typic neural network introduc random variat network probabilist view neural network random variat view form<link ns0:type="simple" ns0:href="../361/160361.xml">statist sampl</link><link ns0:type="simple" ns0:href="../098/56098.xml">mont carlo sampl</link></p><ss2><st>boltzmann machin</st><p><link ns0:type="simple" ns0:href="../059/1166059.xml">boltzmann machin</link>thought noisi hopfield network invent<link ns0:type="simple" ns0:href="../174/507174.xml">geoff hinton</link><physical_entity wordnetid="100001930" confidence="0.8"><person wordnetid="100007846" confidence="0.8"><causal_agent wordnetid="100007347" confidence="0.8"><scientist wordnetid="110560637" confidence="0.8"><research_worker wordnetid="110523076" confidence="0.8"><link ns0:type="simple" ns0:href="../552/1171552.xml">terri sejnowski</link></research_worker></scientist></causal_agent></person></physical_entity>boltzmann machin neural network demonstr learn latent variabl hidden unit boltzmann machin learn slow simul<link>contrast diverg algorithm</link>geoff hinton circa allow model boltzmann machin<it>product expert</it>train faster</p></ss2></ss1><ss1><st>modular neural network</st><p>biolog studi human brain function singl massiv network collect small network realiz birth concept<link ns0:type="simple" ns0:href="../790/17319790.xml">modular neural network</link>small network cooper compet solv problem</p><ss2><st>committe machin</st><p><link ns0:type="simple" ns0:href="../985/9583985.xml">committe machin</link>collect neural network vote exampl gener better result compar neural network model fact case start architectur train initi random weight vastli network stabil result</p><p>gener<link ns0:type="simple" ns0:href="../488/233488.xml">machin learn</link><it><link ns0:type="simple" ns0:href="../911/1307911.xml">bag</link></it>method varieti machin committe train random start weight train randomli select subset train data</p></ss2><ss2><st>associ neural network asnn</st><p>asnn extens<it>committe machin</it>simpleweight averag model<weblink ns0:type="simple" ns0:href="http://cogprints.soton.ac.uk/documents/disk0/00/00/14/41/index.html">asnn</weblink>repres combin ensembl feedforward neural network knearest neighbor techniqu<link>knn</link>correl ensembl respons measur<b>distanc</b>amid analyz case knn correct bia neural network ensembl associ neural network memori coincid train set data network instantli improv predict abil data approxim selflearn data retrain ensembl featur asnn possibl interpret neural network analysi correl data case space model method demonstr<weblink ns0:type="simple" ns0:href="http://www.vcclab.org/lab/asnn">wwwvcclaborg</weblink>onlin download</p></ss2></ss1><ss1><st>type network</st><p>special network fit previou categori</p><ss2><st>holograph associ memori</st><p><link ns0:type="simple" ns0:href="../484/5176484.xml"><it>holograph associ memori</it></link>repres famili analog correlationbas associ stimulusrespons memori map phase orient complex number oper</p></ss2><ss2><st>instantan train network</st><p><it><link ns0:type="simple" ns0:href="../314/470314.xml">instantan train neural network</link></it>itnn inspir phenomenon shortterm learn occur instantan network weight hidden output layer map directli train vector data ordinarili work binari data version continu data requir small addit process</p></ss2><ss2><st>spike neural network</st><p><link ns0:type="simple" ns0:href="../567/10159567.xml">spike neural network</link>snn model explicitli account time input network input output repres seri spike delta function complex shape snn advantag process<link ns0:type="simple" ns0:href="../419/173419.xml">time domain</link>signal vari time implement recurr network snn form<link ns0:type="simple" ns0:href="../106/319106.xml">puls comput</link></p><p>network spike neuron tempor correl neural assembl network model figureground separ region link visual system reitboeck etalin haken stadler synerget brain berlin</p><p>gerstner kistler freeli onlin textbook<weblink ns0:type="simple" ns0:href="http://diwww.epfl.ch/~gerstner/BUCH.html">spike neuron model</weblink></p><p>spike neural network axon conduct delay exhibit polychron unlimit memori capac</p><p>june<company wordnetid="108058098" confidence="0.9508927676800064"><link ns0:type="simple" ns0:href="../259/18622259.xml">ibm</link></company>announc construct<computer wordnetid="103082979" confidence="0.8"><artifact wordnetid="100021939" confidence="0.8"><instrumentality wordnetid="103575240" confidence="0.8"><mainframe wordnetid="103711711" confidence="0.8"><device wordnetid="103183080" confidence="0.8"><machine wordnetid="103699975" confidence="0.8"><digital_computer wordnetid="103196324" confidence="0.8"><supercomputer wordnetid="104358117" confidence="0.8"><link ns0:type="simple" ns0:href="../764/136764.xml">blue gene</link></supercomputer></digital_computer></machine></device></mainframe></instrumentality></artifact></computer><link ns0:type="simple" ns0:href="../153/37153.xml">supercomput</link>dedic simul larg recurr spike neural network<weblink ns0:type="simple" ns0:href="http://domino.research.ibm.com/comm/pr.nsf/pages/news.20050606_CognitiveIntelligence.html">httpdominoresearchibmcomcommprnsfpagesnews_cognitiveintelligencehtml</weblink></p></ss2><ss2><st>dynam neural network</st><p><link>dynam neural network</link>deal nonlinear multivari behaviour includ learn timedepend behaviour transient phenomena delay effect</p></ss2><ss2><st>cascad neural network</st><p><it>cascadecorrel</it>architectur<link ns0:type="simple" ns0:href="../926/20926.xml">supervis learn</link><link ns0:type="simple" ns0:href="../775/775.xml">algorithm</link>develop<physical_entity wordnetid="100001930" confidence="0.8"><peer wordnetid="109626238" confidence="0.8"><person wordnetid="100007846" confidence="0.8"><colleague wordnetid="109935990" confidence="0.8"><causal_agent wordnetid="100007347" confidence="0.8"><scientist wordnetid="110560637" confidence="0.8"><research_worker wordnetid="110523076" confidence="0.8"><associate wordnetid="109816771" confidence="0.8"><link ns0:type="simple" ns0:href="../172/507172.xml">scott fahlman</link></associate></research_worker></scientist></causal_agent></colleague></person></peer></physical_entity><link>christian lebier</link>adjust weight network fix topolog cascadecorrel minim network automat train add hidden unit creat multilay structur hidden unit network inputsid weight frozen unit perman featuredetector network produc output creat complex featur detector cascadecorrel architectur advantag exist algorithm learn network determin size topolog retain structur built train set chang requir<link ns0:type="simple" ns0:href="../091/1360091.xml">backpropag</link>error signal connect network<link ns0:type="simple" ns0:href="../385/2384385.xml">cascad correl algorithm</link></p></ss2><ss2><st>neurofuzzi network</st><p>neurofuzzi network<link>fuzzi infer system</link>bodi artifici neural network depend<it>fi</it>type layer simul process involv<it>fuzzi infer</it>fuzzif infer aggreg defuzzif embed<it>fi</it>gener structur<it>ann</it>benefit<it>ann</it>train method find paramet fuzzi system</p></ss2><ss2><st>composit patternproduc network</st><p><event wordnetid="100029378" confidence="0.8"><rule wordnetid="105846932" confidence="0.8"><act wordnetid="100030358" confidence="0.8"><psychological_feature wordnetid="100023100" confidence="0.8"><procedure wordnetid="101023820" confidence="0.8"><activity wordnetid="100407535" confidence="0.8"><algorithm wordnetid="105847438" confidence="0.8"><link ns0:type="simple" ns0:href="../929/13526929.xml">composit patternproduc network</link></algorithm></activity></procedure></psychological_feature></act></rule></event>cppn variat ann differ set activ function appli typic ann<link ns0:type="simple" ns0:href="../210/87210.xml">sigmoid function</link><link ns0:type="simple" ns0:href="../552/245552.xml">gaussian function</link>cppn includ type function typic ann cppn appli entir space input repres complet imag composit function cppn encod imag infinit resolut sampl display resolut optim</p></ss2></ss1></sec><sec><st>theoret properti</st><ss1><st>comput power</st><p>multilay perceptron mlp univers function approxim proven<link ns0:type="simple" ns0:href="../967/7805967.xml">cybenko theorem</link>proof construct number neuron requir set weight</p><p>work<link ns0:type="simple" ns0:href="../116/17472116.xml">hava siegelmann</link><scientist wordnetid="110560637" confidence="0.9508927676800064"><link ns0:type="simple" ns0:href="../520/5612520.xml">eduardo sontag</link></scientist>provid proof specif recurr architectur ration valu weight oppos commonli float point approxim full power<link>univers ture machin</link>irrat valu weight machin transtur power</p></ss1><ss1><st>capac</st><p>artifici neural network model properti call capac roughli correspond abil model function amount store network notion complex</p></ss1><ss1><st>converg</st><p>gener converg depend number factor firstli exist local minima depend cost function model secondli optim method guarante converg local minimum thirdli larg amount data paramet method impract gener theoret guarante converg unreli guid practic applic</p></ss1><ss1><st>generalis statist</st><p>applic goal creat system generalis well unseen exampl problem overtrain emerg aris overcomplex overspecifi system capac network exce need free paramet school thought avoid problem crossvalid techniqu check presenc overtrain optim select hyperparamet minimis generalis error second form<it>regularis</it>concept emerg natur probabilist bayesian framework regularis perform select larger prior probabl simpler model statist learn theori goal minimis quantiti empir risk structur risk roughli correspond error train set predict error unseen data overfit<image location="right" width="200px" src="Synapse_deployment.jpg" type="thumb"><caption>confid analysi neural network</caption></image>supervis neural network<link ns0:type="simple" ns0:href="../816/201816.xml">mse</link>cost function formal statist method determin confid train model mse valid set estim varianc calcul<link ns0:type="simple" ns0:href="../911/280911.xml">confid interv</link>output network assum<link ns0:type="simple" ns0:href="../462/21462.xml">normal distribut</link>confid analysi statist valid long output<link ns0:type="simple" ns0:href="../543/23543.xml">probabl distribut</link>stay network modifi</p><p>assign softmax activ function output layer neural network softmax compon componentbas neural network categor target variabl output interpret posterior probabl classif certainti measur classif</p><p>softmax activ function<math>y_ifracex_isum_jc ex_j</math></p></ss1><ss1><st>dynam properti</st><p><table class="metadata plainlinks ambox "><row><col>amboxcont style</col></row><row><col class="mbox-image"><p><image width="40x40px" src="Ambox_content.png" /></p></col><col style="" class="mbox-text"><b>articl attent expert subject</b><p>help recruit appropri portalexist adjust templat</p></col></row></table>techniqu origin develop studi disord magnet system<link ns0:type="simple" ns0:href="../555/148555.xml">spin glass</link>appli simpl neural network architectur hopfield network influenti work gardner derrida reveal interest properti perceptron realvalu synapt weight work krauth mezard extend principl binaryvalu synaps</p></ss1></sec><sec><st /><p><list><entry level="1" type="bullet"><message wordnetid="106598915" confidence="0.8"><information wordnetid="106634376" confidence="0.8"><electronic_database wordnetid="106588511" confidence="0.8"><lexical_database wordnetid="106638868" confidence="0.8"><wordnet wordnetid="106639428" confidence="0.8"><database wordnetid="106637824" confidence="0.8"><link ns0:type="simple" ns0:href="../772/1548772.xml" /></database></wordnet></lexical_database></electronic_database></information></message></entry><entry level="1" type="bullet"><link ns0:type="simple" ns0:href="../879/3056879.xml">adapt reson theori</link></entry><entry level="1" type="bullet"><link ns0:type="simple" ns0:href="../656/58656.xml">artifici life</link></entry><entry level="1" type="bullet"><link ns0:type="simple" ns0:href="../011/433011.xml">associ memori</link></entry><entry level="1" type="bullet"><link ns0:type="simple" ns0:href="../612/6836612.xml">autoencod</link></entry><entry level="1" type="bullet"><link ns0:type="simple" ns0:href="../672/1726672.xml">biolog neural network</link></entry><entry level="1" type="bullet"><link ns0:type="simple" ns0:href="../157/361157.xml">biologicallyinspir comput</link></entry><entry level="1" type="bullet"><link ns0:type="simple" ns0:href="../262/3634262.xml">blue brain</link></entry><entry level="1" type="bullet"><software wordnetid="106566077" confidence="0.8"><application wordnetid="106570110" confidence="0.8"><program wordnetid="106568978" confidence="0.8"><written_communication wordnetid="106349220" confidence="0.8"><writing wordnetid="106359877" confidence="0.8"><code wordnetid="106355894" confidence="0.8"><coding_system wordnetid="106353757" confidence="0.8"><link ns0:type="simple" ns0:href="../154/2368154.xml">clinic decis support system</link></coding_system></code></writing></written_communication></program></application></software></entry><entry level="1" type="bullet"><link ns0:type="simple" ns0:href="../264/2368264.xml">connectionist expert system</link></entry><entry level="1" type="bullet"><event wordnetid="100029378" confidence="0.8"><rule wordnetid="105846932" confidence="0.8"><act wordnetid="100030358" confidence="0.8"><psychological_feature wordnetid="100023100" confidence="0.8"><procedure wordnetid="101023820" confidence="0.8"><activity wordnetid="100407535" confidence="0.8"><algorithm wordnetid="105847438" confidence="0.8"><link ns0:type="simple" ns0:href="../602/232602.xml">decis tree</link></algorithm></activity></procedure></psychological_feature></act></rule></event></entry><entry level="1" type="bullet"><link ns0:type="simple" ns0:href="../136/10136.xml">expert system</link></entry><entry level="1" type="bullet"><link ns0:type="simple" ns0:href="../180/49180.xml">fuzzi logic</link></entry><entry level="1" type="bullet"><event wordnetid="100029378" confidence="0.8"><rule wordnetid="105846932" confidence="0.8"><act wordnetid="100030358" confidence="0.8"><psychological_feature wordnetid="100023100" confidence="0.8"><procedure wordnetid="101023820" confidence="0.8"><activity wordnetid="100407535" confidence="0.8"><algorithm wordnetid="105847438" confidence="0.8"><link ns0:type="simple" ns0:href="../254/40254.xml">genet algorithm</link></algorithm></activity></procedure></psychological_feature></act></rule></event></entry><entry level="1" type="bullet"><link>gnod</link>kohonen network applic</entry><entry level="1" type="bullet"><event wordnetid="100029378" confidence="0.8"><rule wordnetid="105846932" confidence="0.8"><act wordnetid="100030358" confidence="0.8"><psychological_feature wordnetid="100023100" confidence="0.8"><procedure wordnetid="101023820" confidence="0.8"><activity wordnetid="100407535" confidence="0.8"><algorithm wordnetid="105847438" confidence="0.8"><link ns0:type="simple" ns0:href="../657/1470657.xml">linear discrimin analysi</link></algorithm></activity></procedure></psychological_feature></act></rule></event></entry><entry level="1" type="bullet"><information wordnetid="105816287" confidence="0.8"><datum wordnetid="105816622" confidence="0.8"><link ns0:type="simple" ns0:href="../631/226631.xml">logist regress</link></datum></information></entry><entry level="1" type="bullet"><idea wordnetid="105833840" confidence="0.8"><concept wordnetid="105835747" confidence="0.8"><component wordnetid="105868954" confidence="0.8"><part wordnetid="105867413" confidence="0.8"><link ns0:type="simple" ns0:href="../162/14246162.xml">memristor</link></part></component></concept></idea></entry><entry level="1" type="bullet"><event wordnetid="100029378" confidence="0.8"><rule wordnetid="105846932" confidence="0.8"><act wordnetid="100030358" confidence="0.8"><psychological_feature wordnetid="100023100" confidence="0.8"><procedure wordnetid="101023820" confidence="0.8"><activity wordnetid="100407535" confidence="0.8"><algorithm wordnetid="105847438" confidence="0.8"><link ns0:type="simple" ns0:href="../644/2266644.xml">multilay perceptron</link></algorithm></activity></procedure></psychological_feature></act></rule></event></entry><entry level="1" type="bullet"><link ns0:type="simple" ns0:href="../388/1775388.xml">nearest neighbor pattern recognit</link></entry><entry level="1" type="bullet"><link ns0:type="simple" ns0:href="../542/1729542.xml">neural network</link></entry><entry level="1" type="bullet"><event wordnetid="100029378" confidence="0.8"><rule wordnetid="105846932" confidence="0.8"><act wordnetid="100030358" confidence="0.8"><psychological_feature wordnetid="100023100" confidence="0.8"><procedure wordnetid="101023820" confidence="0.8"><activity wordnetid="100407535" confidence="0.8"><algorithm wordnetid="105847438" confidence="0.8"><link ns0:type="simple" ns0:href="../706/440706.xml">neuroevolut</link></algorithm></activity></procedure></psychological_feature></act></rule></event><link ns0:type="simple" ns0:href="../922/344922.xml">neuroevolut augment topolog</link>neat</entry><entry level="1" type="bullet"><link ns0:type="simple" ns0:href="../924/3712924.xml">neural network softwar</link></entry><entry level="1" type="bullet"><link ns0:type="simple" ns0:href="../368/8892368.xml">ni</link>chip</entry><entry level="1" type="bullet"><link ns0:type="simple" ns0:href="../395/1635395.xml">optic neural network</link></entry><entry level="1" type="bullet"><event wordnetid="100029378" confidence="0.8"><rule wordnetid="105846932" confidence="0.8"><act wordnetid="100030358" confidence="0.8"><psychological_feature wordnetid="100023100" confidence="0.8"><procedure wordnetid="101023820" confidence="0.8"><activity wordnetid="100407535" confidence="0.8"><algorithm wordnetid="105847438" confidence="0.8"><link ns0:type="simple" ns0:href="../083/337083.xml">particl swarm optim</link></algorithm></activity></procedure></psychological_feature></act></rule></event></entry><entry level="1" type="bullet"><event wordnetid="100029378" confidence="0.8"><rule wordnetid="105846932" confidence="0.8"><act wordnetid="100030358" confidence="0.8"><psychological_feature wordnetid="100023100" confidence="0.8"><procedure wordnetid="101023820" confidence="0.8"><activity wordnetid="100407535" confidence="0.8"><algorithm wordnetid="105847438" confidence="0.8"><link ns0:type="simple" ns0:href="../777/172777.xml">perceptron</link></algorithm></activity></procedure></psychological_feature></act></rule></event></entry><entry level="1" type="bullet"><physical_entity wordnetid="100001930" confidence="0.8"><person wordnetid="100007846" confidence="0.8"><model wordnetid="110324560" confidence="0.8"><assistant wordnetid="109815790" confidence="0.8"><worker wordnetid="109632518" confidence="0.8"><causal_agent wordnetid="100007347" confidence="0.8"><link ns0:type="simple" ns0:href="../563/4141563.xml">predict analyt</link></causal_agent></worker></assistant></model></person></physical_entity></entry><entry level="1" type="bullet"><idea wordnetid="105833840" confidence="0.8"><concept wordnetid="105835747" confidence="0.8"><component wordnetid="105868954" confidence="0.8"><part wordnetid="105867413" confidence="0.8"><link ns0:type="simple" ns0:href="../340/76340.xml">princip compon analysi</link></part></component></concept></idea></entry><entry level="1" type="bullet"><link ns0:type="simple" ns0:href="../997/826997.xml">regress analysi</link></entry><entry level="1" type="bullet"><event wordnetid="100029378" confidence="0.8"><rule wordnetid="105846932" confidence="0.8"><act wordnetid="100030358" confidence="0.8"><psychological_feature wordnetid="100023100" confidence="0.8"><procedure wordnetid="101023820" confidence="0.8"><activity wordnetid="100407535" confidence="0.8"><algorithm wordnetid="105847438" confidence="0.8"><link ns0:type="simple" ns0:href="../244/172244.xml">simul anneal</link></algorithm></activity></procedure></psychological_feature></act></rule></event></entry><entry level="1" type="bullet"><link ns0:type="simple" ns0:href="../517/351517.xml">systol array</link></entry><entry level="1" type="bullet"><link>systol automaton</link></entry><entry level="1" type="bullet"><link>time delay neural network</link>tdnn</entry><entry level="1" type="bullet"><link>time delay dynam neural unit</link>tmddnu</entry></list></p></sec><sec><st>patent</st><p><list><entry level="1" type="bullet">arima al<weblink ns0:type="simple" ns0:href="http://patft.uspto.gov/netacgi/nph-Parser?patentnumber=5293457">patent</weblink><weblink ns0:type="simple" ns0:href="http://www.pat2pdf.org/pat2pdf/foo.pl?number=5293457" /><it>neural network integr circuit devic selforgan function</it>march</entry></list></p></sec><sec><st>bibliographi</st><p><list><entry level="1" type="bullet"><cite style="font-style:normal" class="book"><physical_entity wordnetid="100001930" confidence="0.8"><person wordnetid="100007846" confidence="0.8"><causal_agent wordnetid="100007347" confidence="0.8"><academician wordnetid="109759069" confidence="0.8"><scientist wordnetid="110560637" confidence="0.8"><adult wordnetid="109605289" confidence="0.8"><professional wordnetid="110480253" confidence="0.8"><educator wordnetid="110045713" confidence="0.8"><link ns0:type="simple" ns0:href="../395/9251395.xml">baryam yaneer</link></educator></professional></adult></scientist></academician></causal_agent></person></physical_entity><weblink ns0:type="simple" ns0:href="http://necsi.org/publications/dcs/Bar-YamChap2.pdf">dynam complex system chapter</weblink></cite></entry></list></p><p><list><entry level="1" type="bullet"><cite style="font-style:normal" class="book"><physical_entity wordnetid="100001930" confidence="0.8"><person wordnetid="100007846" confidence="0.8"><causal_agent wordnetid="100007347" confidence="0.8"><academician wordnetid="109759069" confidence="0.8"><scientist wordnetid="110560637" confidence="0.8"><adult wordnetid="109605289" confidence="0.8"><professional wordnetid="110480253" confidence="0.8"><educator wordnetid="110045713" confidence="0.8"><link ns0:type="simple" ns0:href="../395/9251395.xml">baryam yaneer</link></educator></professional></adult></scientist></academician></causal_agent></person></physical_entity><weblink ns0:type="simple" ns0:href="http://necsi.org/publications/dcs/Bar-YamChap3.pdf">dynam complex system chapter</weblink></cite></entry></list></p><p><list><entry level="1" type="bullet"><cite style="font-style:normal" class="book"><physical_entity wordnetid="100001930" confidence="0.8"><person wordnetid="100007846" confidence="0.8"><causal_agent wordnetid="100007347" confidence="0.8"><academician wordnetid="109759069" confidence="0.8"><scientist wordnetid="110560637" confidence="0.8"><adult wordnetid="109605289" confidence="0.8"><professional wordnetid="110480253" confidence="0.8"><educator wordnetid="110045713" confidence="0.8"><link ns0:type="simple" ns0:href="../395/9251395.xml">baryam yaneer</link></educator></professional></adult></scientist></academician></causal_agent></person></physical_entity><weblink ns0:type="simple" ns0:href="http://necsi.org/publications/mtw/">make thing work</weblink></cite>chapter</entry><entry level="1" type="bullet"><cite style="font-style:normal">bhadeshia<weblink ns0:type="simple" ns0:href="http://www.msm.cam.ac.uk/phase-trans/abstracts/neural.review.pdf">neural network materi scienc</weblink><it>isij intern</it><b /></cite></entry><entry level="1" type="bullet">bhagat pm<it>pattern recognit industri</it>elsevi isbn</entry></list></p><p><list><entry level="1" type="bullet">bishop cm<it>neural network pattern recognit</it>oxford oxford univers press isbn hardback isbn paperback</entry></list></p><p><list><entry level="1" type="bullet">cybenko gv approxim superposit sigmoid function<it>mathemat control signal system</it><weblink ns0:type="simple" ns0:href="http://actcomm.dartmouth.edu/gvc/papers/approx_by_superposition.pdf">electron version</weblink></entry></list></p><p><list><entry level="1" type="bullet">duda ro hart pe stork dg<it>pattern classif edit</it>wiley isbn</entry></list></p><p><list><entry level="1" type="bullet"><cite style="font-style:normal">egmontpetersen de ridder handel imag process neural network review<it>pattern recognit</it><b /><document wordnetid="106470073" confidence="0.8"><written_communication wordnetid="106349220" confidence="0.8"><writing wordnetid="106362953" confidence="0.8"><link ns0:type="simple" ns0:href="../994/422994.xml">doi</link></writing></written_communication></document><weblink ns0:type="simple" ns0:href="http://dx.doi.org/10.1016%2FS0031-3203%2801%2900178-9" /></cite></entry></list></p><p><list><entry level="1" type="bullet">gurney<it>introduct neural network</it>london routledg isbn hardback isbn paperback</entry></list></p><p><list><entry level="1" type="bullet">haykin<it>neural network comprehens foundat</it>prentic hall isbn</entry></list></p><p><list><entry level="1" type="bullet">fahlman lebier<it>cascadecorrel learn architectur</it>creat<agency wordnetid="108337324" confidence="0.9508927676800064"><link ns0:type="simple" ns0:href="../427/157427.xml">nation scienc foundat</link></agency>contract number eet<link ns0:type="simple" ns0:href="../957/8957.xml">defens advanc project agenc</link>dod arpa order contract fc<weblink ns0:type="simple" ns0:href="http://www.cs.iastate.edu/~honavar/fahlman.pdf">electron version</weblink></entry></list></p><p><list><entry level="1" type="bullet">hertz palmer rg krogh<it>introduct theori neural comput</it>perseu book isbn</entry></list></p><p><list><entry level="1" type="bullet">lawrenc jeanett<it>introduct neural network</it>california scientif softwar press isbn</entry></list></p><p><list><entry level="1" type="bullet">master timothi<it>signal imag process neural network</it>john wiley son isbn</entry></list></p><p><list><entry level="1" type="bullet">ness erik<weblink ns0:type="simple" ns0:href="http://www.conbio.org/cip/article61WEB.cfm">spidaweb</weblink><it>conserv practic</it>artifici neural network speci taxonomi</entry></list></p><p><list><entry level="1" type="bullet"><physical_entity wordnetid="100001930" confidence="0.8"><peer wordnetid="109626238" confidence="0.8"><person wordnetid="100007846" confidence="0.8"><statistician wordnetid="110653238" confidence="0.8"><colleague wordnetid="109935990" confidence="0.8"><causal_agent wordnetid="100007347" confidence="0.8"><scientist wordnetid="110560637" confidence="0.8"><mathematician wordnetid="110301261" confidence="0.8"><research_worker wordnetid="110523076" confidence="0.8"><associate wordnetid="109816771" confidence="0.8"><link ns0:type="simple" ns0:href="../281/6608281.xml">ripley brian</link></associate></research_worker></mathematician></scientist></causal_agent></colleague></statistician></person></peer></physical_entity><it>pattern recognit neural network</it>cambridg</entry></list></p><p><list><entry level="1" type="bullet">siegelmann ht<scientist wordnetid="110560637" confidence="0.9508927676800064"><link ns0:type="simple" ns0:href="../520/5612520.xml">sontag</link></scientist>analog comput neural network<it>theoret comput scienc</it><weblink ns0:type="simple" ns0:href="http://www.math.rutgers.edu/~sontag/FTP_DIR/nets-real.pdf">electron version</weblink></entry></list></p><p><list><entry level="1" type="bullet">smith murray<it>neural network statist model</it>van nostrand reinhold isbn</entry></list></p><p><list><entry level="1" type="bullet">wasserman philip<it>advanc method neural comput</it>van nostrand reinhold isbn</entry></list></p></sec><sec><st>extern link</st><p><list><entry level="1" type="bullet"><weblink ns0:type="simple" ns0:href="http://www.learnartificialneuralnetworks.com">close view artifici neural network algorithm</weblink></entry><entry level="1" type="bullet"><weblink ns0:type="simple" ns0:href="http://dmoz.org/Computers/Artificial_Intelligence/Neural_Networks/">open directori link</weblink></entry><entry level="1" type="bullet"><weblink ns0:type="simple" ns0:href="http://www.neurosecurity.com/articles.php">articl artifici neural network</weblink></entry><entry level="1" type="bullet"><weblink ns0:type="simple" ns0:href="http://www.msm.cam.ac.uk/phase-trans/abstracts/neural.review.html">neural network materi scienc</weblink></entry><entry level="1" type="bullet"><weblink ns0:type="simple" ns0:href="http://www.ai-junkie.com/ann/evolved/nnt1.html">great practic tutori neural network</weblink></entry><entry level="1" type="bullet"><weblink ns0:type="simple" ns0:href="http://www.peltarion.com/doc/index.php?title=Applications_of_adaptive_systems">applic neural network</weblink></entry></list></p></sec><sec><st>read</st><p><list><entry level="1" type="bullet"><weblink ns0:type="simple" ns0:href="http://publishing.royalsociety.org/neural-networks">dedic issu<it>philosoph transact</it>neural network percept articl freeli</weblink></entry></list></p></sec></bdy></algorithm></activity></procedure></psychological_feature></act></rule></event></article>