<article xmlns:ns0="http://www.w3.org/1999/xlink"><class confidence="0.8" wordnetid="107997703"><collection confidence="0.8" wordnetid="107951464"><group confidence="0.8" wordnetid="100031264"><header><title>np complex</title><id /><revision><id /><timestamp>tz</timestamp><contributor><username>catslash</username><id /></contributor></revision><categories><category>complex class</category></categories></header><bdy><image width="250px" src="Complexity_classes.svg" type="thumb"><caption>diagram complex class provid<b /><b>np</b>exist problem<b /><b>np</b>complet case establish ladner<ref ns0:type="simple" ns0:href="#xpointer(//reflist/entry[@id=%221%22])" /></caption></image><p><link ns0:type="simple" ns0:href="../543/7543.xml">comput complex theori</link><b>np</b>fundament<link ns0:type="simple" ns0:href="../426/502426.xml">complex class</link>es abbrevi<b>np</b>refer<b />ondeterminist<b />olynomi time</p><p>intuit<b>np</b>set<link ns0:type="simple" ns0:href="../336/8336.xml">decis problem</link>yesansw simpl proof fact answer precis proof verifi<link ns0:type="simple" ns0:href="../576/44576.xml">polynomi time</link><link ns0:type="simple" ns0:href="../403/30403.xml">determinist ture machin</link>equival formal definit<b>np</b>set<link ns0:type="simple" ns0:href="../336/8336.xml">decis problem</link>solvabl<link ns0:type="simple" ns0:href="../576/44576.xml">polynomi time</link><link ns0:type="simple" ns0:href="../935/21935.xml">nondeterminist ture machin</link></p><p>complex class<class wordnetid="107997703" confidence="0.8"><collection wordnetid="107951464" confidence="0.8"><group wordnetid="100031264" confidence="0.8"><link ns0:type="simple" ns0:href="../550/658550.xml"><b /></link></group></collection></class>contain<b>np</b><b>np</b>problem call<class wordnetid="107997703" confidence="0.8"><collection wordnetid="107951464" confidence="0.8"><group wordnetid="100031264" confidence="0.8"><link ns0:type="simple" ns0:href="../466/39466.xml"><b>np</b>complet</link></group></collection></class>problem polynomialtim<link ns0:type="simple" ns0:href="../775/775.xml">algorithm</link>open question complex theori<condition wordnetid="113920835" confidence="0.8"><state wordnetid="100024720" confidence="0.8"><class wordnetid="107997703" confidence="0.8"><problem wordnetid="114410605" confidence="0.8"><difficulty wordnetid="114408086" confidence="0.8"><collection wordnetid="107951464" confidence="0.8"><group wordnetid="100031264" confidence="0.8"><link ns0:type="simple" ns0:href="../115/6115.xml"><b /><b>np</b>problem</link></group></collection></difficulty></problem></class></state></condition>ask algorithm exist<b>np</b>complet problem believ case</p><sec><st>formal definit</st><p>complex class<b>np</b>defin term<assets wordnetid="113329641" confidence="0.8"><possession wordnetid="100032613" confidence="0.8"><resource wordnetid="113331778" confidence="0.8"><link ns0:type="simple" ns0:href="../539/658539.xml">ntime</link></resource></possession></assets></p><p><math>mboxnp bigcup_kinmathbbn mboxntimenk</math></p></sec><sec><st>introduct</st><p>natur<link ns0:type="simple" ns0:href="../323/5323.xml">comput scienc</link>problem cover class<b>np</b>decis version interest search problem optim problem contain<b>np</b></p><ss2><st>verifierbas definit</st><p>order explain verifierbas definit<b>np</b>consid<link ns0:type="simple" ns0:href="../811/36811.xml">subset sum problem</link>assum<link ns0:type="simple" ns0:href="../563/14563.xml">integ</link>integ sum exampl answer subset integ correspond sum task decid subset sum exist call<it>subset sum problem</it></p><p>number integ feed algorithm larger number subset grow exponenti fact subset sum problem<b>np</b>complet notic subset call<it>certif</it>easili check<it>verifi</it>subset sum sum integ subset sum subset<it>proof</it><it>wit</it>fact answer algorithm verifi subset sum call<it>verifi</it>problem<b>np</b><link ns0:type="simple" ns0:href="../922/14922.xml">iff</link>exist verifi problem execut polynomi time case subset sum problem verifi polynomi time reason subset sum problem<b>np</b></p><p>note verifierbas definit<b>np</b><it />requir easytoverifi certif noanswer class problem certif noanswer call<link ns0:type="simple" ns0:href="../184/6184.xml"><b>conp</b></link>fact open question problem<b>np</b>certif noanswer<b>conp</b></p></ss2><ss2><st>machinedefinit</st><p>equival verifierbas definit character<b>np</b>set<link ns0:type="simple" ns0:href="../336/8336.xml">decis problem</link>solvabl<link ns0:type="simple" ns0:href="../576/44576.xml">polynomi time</link><link ns0:type="simple" ns0:href="../935/21935.xml">nondeterminist ture machin</link></p></ss2><ss2><st>exampl</st><p>incomplet list problem<b>np</b></p><p><list><entry level="1" type="bullet">problem<class wordnetid="107997703" confidence="0.8"><collection wordnetid="107951464" confidence="0.8"><group wordnetid="100031264" confidence="0.8"><link ns0:type="simple" ns0:href="../550/658550.xml"><b /></link></group></collection></class></entry><entry level="1" type="bullet">decis problem version<link ns0:type="simple" ns0:href="../491/15491.xml">integ factor problem</link>integ<it /><it />factor<it /><it /><it /><it />divid<it /></entry><entry level="1" type="bullet"><link>graph isomorph problem</link>determin graph drawn ident</entry><entry level="1" type="bullet"><class wordnetid="107997703" confidence="0.8"><collection wordnetid="107951464" confidence="0.8"><group wordnetid="100031264" confidence="0.8"><link ns0:type="simple" ns0:href="../466/39466.xml">npcomplet</link></group></collection></class>problem</entry><entry level="2" type="bullet">variant<link ns0:type="simple" ns0:href="../248/31248.xml">travel salesman problem</link>rout length node network</entry><entry level="2" type="bullet"><link ns0:type="simple" ns0:href="../715/4715.xml">boolean satisfi problem</link>formula<link ns0:type="simple" ns0:href="../335/5597335.xml">proposit logic</link>boolean variabl true variabl</entry></list></p></ss2></sec><sec><st>np problem hard solv</st><p>problem class extens effort find polynomialtim algorithm problem<b>np</b>remain larg number problem<b>np</b>defi attempt requir superpolynomi time problem decid polynomi time greatest open question<link ns0:type="simple" ns0:href="../323/5323.xml">comput scienc</link><b><condition wordnetid="113920835" confidence="0.8"><state wordnetid="100024720" confidence="0.8"><class wordnetid="107997703" confidence="0.8"><problem wordnetid="114410605" confidence="0.8"><difficulty wordnetid="114408086" confidence="0.8"><collection wordnetid="107951464" confidence="0.8"><group wordnetid="100031264" confidence="0.8"><link ns0:type="simple" ns0:href="../115/6115.xml">pnp problem</link></group></collection></difficulty></problem></class></state></condition></b>indepth discuss</p><p>notion context set<class wordnetid="107997703" confidence="0.8"><collection wordnetid="107951464" confidence="0.8"><group wordnetid="100031264" confidence="0.8"><link ns0:type="simple" ns0:href="../466/39466.xml">npcomplet</link></group></collection></class>decis problem subset<b>np</b>inform describ hardest problem<b>np</b>polynomialtim algorithm<it />polynomialtim algorithm<it />problem<b>np</b>dedic fail find polynomi algorithm<b>npcomplet</b>problem problem proven<b>npcomplet</b>regard sign polynomi algorithm problem exist</p></sec><sec><st>equival definit</st><p>definit<b>np</b>class problem solvabl nondeterminist<invention wordnetid="105633385" confidence="0.8"><know-how wordnetid="105616786" confidence="0.8"><method wordnetid="105660268" confidence="0.8"><link ns0:type="simple" ns0:href="../403/30403.xml">ture machin</link></method></know-how></invention>tm polynomi time class problem verifi determinist ture machin polynomi time equival proof describ textbook exampl sipser<it>introduct theori comput</it></p><p>suppos determinist verifi nondeterminist machin simpli nondeterminist verifi proof string requir polynomiallymani step nondeterminist choos charact proof string step length proof string polynomi bound proof valid path will accept proof valid string languag will reject</p><p>convers suppos nondeterminist tm call accept languag polynomiallymani step machin<link ns0:type="simple" ns0:href="../796/3365796.xml">comput tree</link>branch constant number direct accept path string describ path proof suppli verifi verifi determinist simul accept path verifi accept reject input accept path verifi will accept</p></sec><sec><st>relationship class</st><p><b>np</b>problem<b><class wordnetid="107997703" confidence="0.8"><collection wordnetid="107951464" confidence="0.8"><group wordnetid="100031264" confidence="0.8"><link ns0:type="simple" ns0:href="../550/658550.xml" /></group></collection></class></b>verifi instanc problem simpli ignor proof solv<b>np</b>contain<b><mathematical_relation wordnetid="113783581" confidence="0.8"><class wordnetid="107997703" confidence="0.8"><collection wordnetid="107951464" confidence="0.8"><group wordnetid="100031264" confidence="0.8"><operator wordnetid="113786413" confidence="0.8"><function wordnetid="113783816" confidence="0.8"><link ns0:type="simple" ns0:href="../351/39351.xml">pspace</link></function></operator></group></collection></class></mathematical_relation></b>suffic construct<b>pspace</b>machin loop proof string feed polynomialtim verifi polynomialtim machin read polynomiallymani bit polynomi space read proof string occupi polynomi space dont consid proof longer<b>np</b>contain<class wordnetid="107997703" confidence="0.8"><collection wordnetid="107951464" confidence="0.8"><group wordnetid="100031264" confidence="0.8"><link ns0:type="simple" ns0:href="../694/54694.xml">exptim</link></group></collection></class>algorithm oper exponenti time</p><p><link ns0:type="simple" ns0:href="../955/1929955.xml">complement</link><b>np</b><link ns0:type="simple" ns0:href="../184/6184.xml">conp</link>problem simpl proof<it />instanc call counterexampl exampl<link ns0:type="simple" ns0:href="../751/183751.xml">primal test</link>ing trivial lie conp refut primal integ suppli nontrivi factor<b>np</b>conp form level<link ns0:type="simple" ns0:href="../651/658651.xml">polynomi hierarchi</link>higher<b /></p><p><b>np</b>defin determinist machin permit verifi probabilist<class wordnetid="107997703" confidence="0.8"><collection wordnetid="107951464" confidence="0.8"><group wordnetid="100031264" confidence="0.8"><link ns0:type="simple" ns0:href="../079/4079.xml">bpp</link></group></collection></class>machin class<b>ma</b>solvabl<link ns0:type="simple" ns0:href="../203/663203.xml">arthurmerlin protocol</link>commun merlin arthur</p><p><b>np</b>class<link ns0:type="simple" ns0:href="../336/8336.xml">decis problem</link>analog class function problem<class wordnetid="107997703" confidence="0.8"><collection wordnetid="107951464" confidence="0.8"><group wordnetid="100031264" confidence="0.8"><link ns0:type="simple" ns0:href="../351/663351.xml">fnp</link></group></collection></class></p></sec><sec><st>character</st><p>simpl<link ns0:type="simple" ns0:href="../050/3122050.xml">logic character<b>np</b></link>precis languag express<link ns0:type="simple" ns0:href="../428/341428.xml">secondord logic</link>restrict exclud<link ns0:type="simple" ns0:href="../174/76174.xml">univers quantif</link>relat function subset</p><p><b>np</b>simpl type<link ns0:type="simple" ns0:href="../255/160255.xml">interact proof system</link>prover proof certif verifi determinist polynomialtim machin check complet proof string will accept sound verifi accept accept proof string</p><p>major result complex theori<b>np</b>character problem solvabl<link ns0:type="simple" ns0:href="../509/504509.xml">probabilist checkabl proof</link>verifi olog<it />random bit examin constant number bit proof string class<b>pcp</b>log<it />inform<b>np</b>verifi describ replac spotcheck place proof string limit number coin flip determin correct answer high probabl allow hard<link ns0:type="simple" ns0:href="../105/563105.xml">approxim algorithm</link>proven</p></sec><sec><st>exampl</st><p>decis version<link ns0:type="simple" ns0:href="../248/31248.xml">travel salesman problem</link><b>np</b>input matrix distanc citi problem determin rout visit citi total distanc<it />nondeterminist ture machin find rout</p><p><list><entry level="1" type="bullet">citi visit guess citi visit visit vertex stuck stop</entry><entry level="1" type="bullet">verifi rout cost<it /><link ns0:type="simple" ns0:href="../578/44578.xml" /><it />time</entry></list></p><p>guess fork copi ture machin follow path forward machin find rout distanc<it />machin accept input equival thought singl ture machin guess correctli</p><p><link ns0:type="simple" ns0:href="../266/4266.xml">binari search</link>rang distanc convert decis version travel salesman optim version call decis version repeatedli polynomi number time</p></sec><sec><st>refer</st><p><reflist><entry id="1">ladner structur polynomi time reduc jacm corollari<weblink ns0:type="simple" ns0:href="http://portal.acm.org/citation.cfm?id=321877 dl=ACM coll= CFID=15151515 CFTOKEN=6184618">acm site</weblink></entry></reflist></p><p><list><entry level="1" type="bullet">complex zoo<weblink ns0:type="simple" ns0:href="http://qwiki.caltech.edu/wiki/Complexity_Zoo#np">np</weblink></entry><entry level="1" type="bullet"><scientist wordnetid="110560637" confidence="0.9508927676800064"><link ns0:type="simple" ns0:href="../475/4108475.xml">thoma cormen</link></scientist><scientist wordnetid="110560637" confidence="0.9508927676800064"><link ns0:type="simple" ns0:href="../884/1400884.xml">charl leiserson</link></scientist><link ns0:type="simple" ns0:href="../057/68057.xml">ronald rivest</link><scientist wordnetid="110560637" confidence="0.9508927676800064"><link ns0:type="simple" ns0:href="../993/3489993.xml">clifford stein</link></scientist><it><work wordnetid="104599396" confidence="0.8"><product wordnetid="104007894" confidence="0.8"><creation wordnetid="103129123" confidence="0.8"><artifact wordnetid="100021939" confidence="0.8"><book wordnetid="106410904" confidence="0.8"><publication wordnetid="106589574" confidence="0.8"><link ns0:type="simple" ns0:href="../226/3499226.xml">introduct algorithm</link></publication></book></artifact></creation></product></work></it>second edit mit press mcgrawhil isbn polynomialtim verif</entry><entry level="1" type="bullet"><cite style="font-style:normal" class="book"><physical_entity wordnetid="100001930" confidence="0.8"><person wordnetid="100007846" confidence="0.8"><causal_agent wordnetid="100007347" confidence="0.8"><scientist wordnetid="110560637" confidence="0.8"><mathematician wordnetid="110301261" confidence="0.8"><link ns0:type="simple" ns0:href="../015/3644015.xml">michael sipser</link></mathematician></scientist></causal_agent></person></physical_entity>introduct theori comput pw publish isbn</cite>section class np npcomplet addit npcomplet problem</entry><entry level="1" type="bullet"><peer wordnetid="109626238" confidence="0.8"><physical_entity wordnetid="100001930" confidence="0.8"><person wordnetid="100007846" confidence="0.8"><colleague wordnetid="109935990" confidence="0.8"><scientist wordnetid="110560637" confidence="0.8"><adult wordnetid="109605289" confidence="0.8"><inventor wordnetid="110214637" confidence="0.8"><professional wordnetid="110480253" confidence="0.8"><educator wordnetid="110045713" confidence="0.8"><associate wordnetid="109816771" confidence="0.8"><creator wordnetid="109614315" confidence="0.8"><biologist wordnetid="109855630" confidence="0.8"><academician wordnetid="109759069" confidence="0.8"><causal_agent wordnetid="100007347" confidence="0.8"><link ns0:type="simple" ns0:href="../829/4321829.xml">david harel</link></causal_agent></academician></biologist></creator></associate></educator></professional></inventor></adult></scientist></colleague></person></physical_entity></peer><link>yishai feldman</link>algorithm spirit comput addisonwesley read ma edit</entry></list></p><p><table style=";" class="navbox" cellspacing="0"><row><col style="padding:2px;"><table style="width:100%;background:transparent;color:inherit;;" class="nowraplinks collapsible autocollapse " cellspacing="0"><row><header colspan="2" style=";" class="navbox-title"><link ns0:type="simple" ns0:href="../426/502426.xml">complex class</link>es<link ns0:type="simple" ns0:href="../359/663359.xml" /></header></row><row style="height:2px;" /><row><col colspan="2" style="width:100%;padding:0px;;;" class="navbox-list navbox-odd"><class wordnetid="107997703" confidence="0.8"><collection wordnetid="107951464" confidence="0.8"><group wordnetid="100031264" confidence="0.8"><link ns0:type="simple" ns0:href="../550/658550.xml" /></group></collection></class><class wordnetid="107997703" confidence="0.8"><collection wordnetid="107951464" confidence="0.8"><group wordnetid="100031264" confidence="0.8"><link ns0:type="simple" ns0:href="../562/21562.xml">np</link></group></collection></class><link ns0:type="simple" ns0:href="../184/6184.xml">conp</link><class wordnetid="107997703" confidence="0.8"><collection wordnetid="107951464" confidence="0.8"><group wordnetid="100031264" confidence="0.8"><link ns0:type="simple" ns0:href="../466/39466.xml">npc</link></group></collection></class><class wordnetid="107997703" confidence="0.8"><collection wordnetid="107951464" confidence="0.8"><group wordnetid="100031264" confidence="0.8"><link ns0:type="simple" ns0:href="../680/54680.xml">conpc</link></group></collection></class><class wordnetid="107997703" confidence="0.8"><collection wordnetid="107951464" confidence="0.8"><group wordnetid="100031264" confidence="0.8"><link ns0:type="simple" ns0:href="../681/54681.xml">nphard</link></group></collection></class><class wordnetid="107997703" confidence="0.8"><collection wordnetid="107951464" confidence="0.8"><group wordnetid="100031264" confidence="0.8"><link ns0:type="simple" ns0:href="../240/312240.xml" /></group></collection></class><class wordnetid="107997703" confidence="0.8"><collection wordnetid="107951464" confidence="0.8"><group wordnetid="100031264" confidence="0.8"><link ns0:type="simple" ns0:href="../924/27924.xml"><list><entry level="1" type="number" /></list></link></group></collection></class><class wordnetid="107997703" confidence="0.8"><collection wordnetid="107951464" confidence="0.8"><group wordnetid="100031264" confidence="0.8"><link ns0:type="simple" ns0:href="../925/27925.xml"><list><entry level="1" type="number">pc</entry></list></link></group></collection></class><mathematical_relation wordnetid="113783581" confidence="0.8"><class wordnetid="107997703" confidence="0.8"><collection wordnetid="107951464" confidence="0.8"><group wordnetid="100031264" confidence="0.8"><operator wordnetid="113786413" confidence="0.8"><function wordnetid="113783816" confidence="0.8"><link ns0:type="simple" ns0:href="../999/1149999.xml" /></function></operator></group></collection></class></mathematical_relation><mathematical_relation wordnetid="113783581" confidence="0.8"><class wordnetid="107997703" confidence="0.8"><collection wordnetid="107951464" confidence="0.8"><group wordnetid="100031264" confidence="0.8"><operator wordnetid="113786413" confidence="0.8"><function wordnetid="113783816" confidence="0.8"><link ns0:type="simple" ns0:href="../955/1145955.xml">nl</link></function></operator></group></collection></class></mathematical_relation><class wordnetid="107997703" confidence="0.8"><collection wordnetid="107951464" confidence="0.8"><group wordnetid="100031264" confidence="0.8"><link ns0:type="simple" ns0:href="../073/22073.xml">nc</link></group></collection></class><class wordnetid="107997703" confidence="0.8"><collection wordnetid="107951464" confidence="0.8"><group wordnetid="100031264" confidence="0.8"><link ns0:type="simple" ns0:href="../683/54683.xml">pc</link></group></collection></class><mathematical_relation wordnetid="113783581" confidence="0.8"><class wordnetid="107997703" confidence="0.8"><collection wordnetid="107951464" confidence="0.8"><group wordnetid="100031264" confidence="0.8"><operator wordnetid="113786413" confidence="0.8"><function wordnetid="113783816" confidence="0.8"><link ns0:type="simple" ns0:href="../351/39351.xml">pspace</link></function></operator></group></collection></class></mathematical_relation><class wordnetid="107997703" confidence="0.8"><collection wordnetid="107951464" confidence="0.8"><group wordnetid="100031264" confidence="0.8"><link ns0:type="simple" ns0:href="../685/54685.xml">pspacec</link></group></collection></class><class wordnetid="107997703" confidence="0.8"><collection wordnetid="107951464" confidence="0.8"><group wordnetid="100031264" confidence="0.8"><link ns0:type="simple" ns0:href="../694/54694.xml">exptim</link></group></collection></class><class wordnetid="107997703" confidence="0.8"><collection wordnetid="107951464" confidence="0.8"><group wordnetid="100031264" confidence="0.8"><link ns0:type="simple" ns0:href="../657/663657.xml">nexptim</link></group></collection></class><class wordnetid="107997703" confidence="0.8"><collection wordnetid="107951464" confidence="0.8"><group wordnetid="100031264" confidence="0.8"><link ns0:type="simple" ns0:href="../703/54703.xml">expspac</link></group></collection></class><class wordnetid="107997703" confidence="0.8"><collection wordnetid="107951464" confidence="0.8"><group wordnetid="100031264" confidence="0.8"><link ns0:type="simple" ns0:href="../202/11387202.xml">exptim</link></group></collection></class><class wordnetid="107997703" confidence="0.8"><collection wordnetid="107951464" confidence="0.8"><group wordnetid="100031264" confidence="0.8"><link ns0:type="simple" ns0:href="../897/3106897.xml">pr</link></group></collection></class><class wordnetid="107997703" confidence="0.8"><collection wordnetid="107951464" confidence="0.8"><group wordnetid="100031264" confidence="0.8"><link ns0:type="simple" ns0:href="../703/3106703.xml" /></group></collection></class><class wordnetid="107997703" confidence="0.8"><collection wordnetid="107951464" confidence="0.8"><group wordnetid="100031264" confidence="0.8"><link ns0:type="simple" ns0:href="../741/3106741.xml">core</link></group></collection></class><class wordnetid="107997703" confidence="0.8"><collection wordnetid="107951464" confidence="0.8"><group wordnetid="100031264" confidence="0.8"><link ns0:type="simple" ns0:href="../251/3123251.xml">rec</link></group></collection></class><link ns0:type="simple" ns0:href="../283/3123283.xml">corec</link><class wordnetid="107997703" confidence="0.8"><collection wordnetid="107951464" confidence="0.8"><group wordnetid="100031264" confidence="0.8"><link ns0:type="simple" ns0:href="../763/3106763.xml" /></group></collection></class><class wordnetid="107997703" confidence="0.8"><collection wordnetid="107951464" confidence="0.8"><group wordnetid="100031264" confidence="0.8"><link ns0:type="simple" ns0:href="../080/4080.xml">bqp</link></group></collection></class><class wordnetid="107997703" confidence="0.8"><collection wordnetid="107951464" confidence="0.8"><group wordnetid="100031264" confidence="0.8"><link ns0:type="simple" ns0:href="../079/4079.xml">bpp</link></group></collection></class><class wordnetid="107997703" confidence="0.8"><collection wordnetid="107951464" confidence="0.8"><group wordnetid="100031264" confidence="0.8"><link ns0:type="simple" ns0:href="../771/54771.xml">rp</link></group></collection></class><class wordnetid="107997703" confidence="0.8"><collection wordnetid="107951464" confidence="0.8"><group wordnetid="100031264" confidence="0.8"><link ns0:type="simple" ns0:href="../772/54772.xml">zpp</link></group></collection></class><class wordnetid="107997703" confidence="0.8"><collection wordnetid="107951464" confidence="0.8"><group wordnetid="100031264" confidence="0.8"><link ns0:type="simple" ns0:href="../509/504509.xml">pcp</link></group></collection></class><class wordnetid="107997703" confidence="0.8"><collection wordnetid="107951464" confidence="0.8"><group wordnetid="100031264" confidence="0.8"><link ns0:type="simple" ns0:href="../070/2197070.xml">ip</link></group></collection></class><class wordnetid="107997703" confidence="0.8"><collection wordnetid="107951464" confidence="0.8"><group wordnetid="100031264" confidence="0.8"><link ns0:type="simple" ns0:href="../608/658608.xml">ph</link></group></collection></class></col></row></table></col></row></table></p></sec></bdy></group></collection></class></article>