<article xmlns:ns0="http://www.w3.org/1999/xlink"><entity confidence="0.9511911446218017" wordnetid="100001740"><header><title>concurr control</title><id /><revision><id /><timestamp>tz</timestamp><contributor><username>comp</username><id /></contributor></revision><categories><category>databas</category><category>concurr control</category><category>transact process</category><category>data manag</category></categories></header><bdy><link ns0:type="simple" ns0:href="../323/5323.xml">comput scienc</link>field<link ns0:type="simple" ns0:href="../311/5311.xml">comput program</link><link ns0:type="simple" ns0:href="../605/2581605.xml">concurr program</link><link ns0:type="simple" ns0:href="../162/145162.xml">parallel program</link><link ns0:type="simple" ns0:href="../194/22194.xml">oper system</link><link ns0:type="simple" ns0:href="../162/145162.xml">parallel comput</link><link ns0:type="simple" ns0:href="../020/64020.xml">multiprocessor</link><link ns0:type="simple" ns0:href="../377/8377.xml">databas</link><b>concurr control</b>ensur correct concurr oper gener<sec><st>concurr control databas</st><p>concurr control<link ns0:type="simple" ns0:href="../513/8513.xml">databas manag system dbm</link>ensur<link ns0:type="simple" ns0:href="../953/233953.xml">databas transact</link>perform concurr concurr violat<link ns0:type="simple" ns0:href="../995/40995.xml">data integr</link><link ns0:type="simple" ns0:href="../377/8377.xml">databas</link>execut transact follow<link ns0:type="simple" ns0:href="../776/60776.xml">acid</link>rule describ dbm guarante<link ns0:type="simple" ns0:href="../457/400457.xml#xpointer(//*[./st=%22Serializable%22])">serializ</link><link ns0:type="simple" ns0:href="../801/4367801.xml">serializ</link>intent relax<link ns0:type="simple" ns0:href="../457/400457.xml#xpointer(//*[./st=%22Recoverable%22])">recover</link>schedul gener guarante commit transact lost abort roll transact remain databas</p><ss1><st>transact<link ns0:type="simple" ns0:href="../776/60776.xml">acid</link>rule</st><p><list><entry level="1" type="bullet"><link ns0:type="simple" ns0:href="../560/2114560.xml">atom</link>effect oper remain transact complet transact appear indivis atom</entry><entry level="1" type="bullet"><link ns0:type="simple" ns0:href="../830/1140830.xml">consist</link><link ns0:type="simple" ns0:href="../953/233953.xml">transact</link>leav databas<link>consist</link></entry><entry level="1" type="bullet"><link ns0:type="simple" ns0:href="../521/325521.xml">isol</link>transact interfer provid isol main goal concurr control</entry><entry level="1" type="bullet"><link ns0:type="simple" ns0:href="../944/245944.xml">durabl</link>success transact persist<abnormality wordnetid="114501726" confidence="0.8"><condition wordnetid="113920835" confidence="0.8"><state wordnetid="100024720" confidence="0.8"><physical_condition wordnetid="114034177" confidence="0.8"><anomaly wordnetid="114505821" confidence="0.8"><link ns0:type="simple" ns0:href="../631/279631.xml">crash</link></anomaly></physical_condition></state></condition></abnormality>es</entry></list></p></ss1><ss1><st>concurr control mechan</st><p>main categori concurr control mechan<list><entry level="1" type="bullet"><b><link ns0:type="simple" ns0:href="../011/233011.xml">optimist</link></b>delay synchron transact block read write oper abort transact violat desir synchron rule</entry><entry level="1" type="bullet"><b>pessimist</b>block oper transact violat synchron rule</entry></list></p><p>method concurr control exist major method variant includ<list><entry level="1" type="bullet"><link ns0:type="simple" ns0:href="../602/244602.xml">twophas lock</link></entry><entry level="1" type="bullet">conflict<link ns0:type="simple" ns0:href="../801/4367801.xml">serializ</link><link ns0:type="simple" ns0:href="../590/9207590.xml">preced</link>graph check</entry><entry level="1" type="bullet"><link ns0:type="simple" ns0:href="../351/217351.xml">timestamp order</link></entry><entry level="1" type="bullet"><link ns0:type="simple" ns0:href="../212/4379212.xml#xpointer(//*[./st=%22A+generic+local+commitment+ordering+algorithm%22])">commit order</link></entry><entry level="1" type="bullet"><link ns0:type="simple" ns0:href="../423/218423.xml">multivers concurr control</link></entry><entry level="1" type="bullet"><link ns0:type="simple" ns0:href="../598/1490598.xml">concurr control</link></entry></list></p><p>implement concurr control mechan guarante schedul<link ns0:type="simple" ns0:href="../457/400457.xml#xpointer(//*[./st=%22Conflict+Serializable%22])">conflict serializ</link>effici algorithm exist<link ns0:type="simple" ns0:href="../801/4367801.xml#xpointer(//*[./st=%22relaxing+serializability%22])">relax form</link><link ns0:type="simple" ns0:href="../801/4367801.xml">serializ</link>depend applic allow better perform</p></ss1></sec><sec><st>concurr control oper system</st><p>oper system<link ns0:type="simple" ns0:href="../123/26123.xml">realtim oper system</link>maintain illus task run time<link ns0:type="simple" ns0:href="../126/20126.xml">multitask</link>fairli simpl task independ task resourc task share lead confus inconsist task<link ns0:type="simple" ns0:href="../605/2581605.xml">concurr comput</link>solv problem solut involv lock lock databas risk caus problem<link ns0:type="simple" ns0:href="../181/105181.xml">deadlock</link>solut<link ns0:type="simple" ns0:href="../864/554864.xml">lockfre waitfre algorithm</link></p><ss1><st /><p><list><entry level="1" type="bullet"><link ns0:type="simple" ns0:href="../827/36827.xml">mutual exclus</link></entry><entry level="1" type="bullet"><link ns0:type="simple" ns0:href="../521/325521.xml">isol comput scienc</link></entry><entry level="1" type="bullet"><link ns0:type="simple" ns0:href="../801/4367801.xml">serializ</link></entry><entry level="1" type="bullet"><link ns0:type="simple" ns0:href="../457/400457.xml">schedul</link></entry><entry level="1" type="bullet"><link ns0:type="simple" ns0:href="../423/218423.xml">multivers concurr control</link></entry><entry level="1" type="bullet"><link ns0:type="simple" ns0:href="../968/12380968.xml">global concurr control</link></entry><entry level="1" type="bullet"><link ns0:type="simple" ns0:href="../605/2581605.xml">concurr program</link></entry></list></p></ss1></sec><sec><st>extern link</st><p><list><entry level="1" type="bullet"><weblink ns0:type="simple" ns0:href="http://c2.com/cgi/wiki?SynchronizationStrategies">portland pattern repositori synchron strategi</weblink></entry><entry level="1" type="bullet"><weblink ns0:type="simple" ns0:href="http://c2.com/cgi/wiki?CategoryConcurrency">portland pattern repositori categori concurr</weblink></entry></list></p></sec></bdy></entity></article>