<article xmlns:ns0="http://www.w3.org/1999/xlink"><message confidence="0.8" wordnetid="106253690"><cipher confidence="0.8" wordnetid="106254239"><header><title>onetim pad</title><id /><revision><id /><timestamp>tz</timestamp><contributor><username>fuzzform</username><id /></contributor></revision><categories><category>stream cipher</category><category>articl alic bob explan</category><category>wikipedia articl need clarif</category><category>cryptographi</category></categories></header><bdy><image width="310px" src="One-time_pad.svg" type="thumb"><caption>excerpt onetim pad</caption></image><link ns0:type="simple" ns0:href="../432/18934432.xml">cryptographi</link><b>onetim pad otp</b><link ns0:type="simple" ns0:href="../294/10294.xml">encrypt</link><link ns0:type="simple" ns0:href="../775/775.xml">algorithm</link><link ns0:type="simple" ns0:href="../935/157935.xml">plaintext</link>combin random<link ns0:type="simple" ns0:href="../039/53039.xml">key</link><it>pad</it>long plaintext<link ns0:type="simple" ns0:href="../087/20087.xml">modular addit</link>combin plaintext pad binari data oper<link ns0:type="simple" ns0:href="../979/105979.xml">xor</link>amount thing invent<link ns0:type="simple" ns0:href="../595/34595.xml" />patent coupl year key<link ns0:type="simple" ns0:href="../523/19196523.xml">random</link>reus<link ns0:type="simple" ns0:href="../505/66505.xml">secret</link>onetim pad perfect secreci proven cipher perfect secreci requir otp key consist random stream number indic number place alphabet number stream plaintext messag numer form correspond letter number plaintext messag shift messag latin alphabet exampl key will consist random string number binari messag key will consist random string<p>pad earli implement key materi distribut pad paper top sheet easili torn destroy easi conceal pad reduc small size power<link ns0:type="simple" ns0:href="../652/11817652.xml">magnifi glass</link>requir photo access internet captur<link ns0:type="simple" ns0:href="../958/16958.xml">kgb</link>pad fit palm hand<ref ns0:type="simple" ns0:href="#xpointer(//reflist/entry[@id=%221%22])" /><link ns0:type="simple" ns0:href="../140/165140.xml">walnut</link>shell<ref ns0:type="simple" ns0:href="#xpointer(//reflist/entry[@id=%222%22])" />increas secur onetimepad print sheet highli<link ns0:type="simple" ns0:href="../214/9808214.xml">flammabl</link><link ns0:type="simple" ns0:href="../246/58246.xml">nitrocellulos</link></p><p>onetim pad deriv<link ns0:type="simple" ns0:href="../127/578127.xml">vernam cipher</link>name<physical_entity wordnetid="100001930" confidence="0.8"><person wordnetid="100007846" confidence="0.8"><cryptanalyst wordnetid="109981540" confidence="0.8"><intellectual wordnetid="109621545" confidence="0.8"><causal_agent wordnetid="100007347" confidence="0.8"><scientist wordnetid="110560637" confidence="0.8"><decoder wordnetid="109995398" confidence="0.8"><link ns0:type="simple" ns0:href="../127/578127.xml">gilbert vernam</link></decoder></scientist></causal_agent></intellectual></cryptanalyst></person></physical_entity>inventor vernam system cipher combin messag key read<link ns0:type="simple" ns0:href="../761/49761.xml">paper tape</link>loop origin form vernam system unbreak key reus onetim<physical_entity wordnetid="100001930" confidence="0.8"><skilled_worker wordnetid="110605985" confidence="0.8"><commissioned_officer wordnetid="109942970" confidence="0.8"><person wordnetid="100007846" confidence="0.8"><cryptanalyst wordnetid="109981540" confidence="0.8"><intellectual wordnetid="109621545" confidence="0.8"><serviceman wordnetid="110582746" confidence="0.8"><general wordnetid="110123844" confidence="0.8"><military_officer wordnetid="110317007" confidence="0.8"><commissioned_military_officer wordnetid="109943239" confidence="0.8"><general_officer wordnetid="110125786" confidence="0.8"><worker wordnetid="109632518" confidence="0.8"><causal_agent wordnetid="100007347" confidence="0.8"><decoder wordnetid="109995398" confidence="0.8"><link ns0:type="simple" ns0:href="../117/580117.xml">joseph mauborgn</link></decoder></causal_agent></worker></general_officer></commissioned_military_officer></military_officer></general></serviceman></intellectual></cryptanalyst></person></commissioned_officer></skilled_worker></physical_entity>recogn key tape total random<link ns0:type="simple" ns0:href="../715/5715.xml">cryptanalyt</link>difficulti increas</p><p>term ambigu fact author term vernam cipher synonym onetimepad refer addit<link ns0:type="simple" ns0:href="../007/49007.xml">stream cipher</link>vernam cipher includ base<link ns0:type="simple" ns0:href="../249/182249.xml">cryptograph secur pseudorandom number gener</link>csprng<ref ns0:type="simple" ns0:href="#xpointer(//reflist/entry[@id=%223%22])" /></p><sec><st>perfect secreci</st><p>vernammauborgn onetim pad recogn earli difficult break special statu establish<scientist wordnetid="110560637" confidence="0.9508927676800064"><link ns0:type="simple" ns0:href="../693/5693.xml">claud shannon</link></scientist>year prove<link ns0:type="simple" ns0:href="../773/14773.xml">theori</link>consider onetim pad properti term<it>perfect secreci</it>ciphertext<it />absolut addit<link ns0:type="simple" ns0:href="../062/18985062.xml" /><link ns0:type="simple" ns0:href="../935/157935.xml">plaintext</link><it><link ns0:type="simple" ns0:href="../056/6679056.xml">priori</link></it>probabl plaintext messag<it /><it><link ns0:type="simple" ns0:href="../056/6679056.xml">posteriori</link></it>probabl plaintext messag<it />correspond ciphertext mathemat express<math>hmhmc</math><math>hm</math><link ns0:type="simple" ns0:href="../445/15445.xml">entropi</link>plaintext<math>hmc</math><link ns0:type="simple" ns0:href="../548/908548.xml">condit entropi</link>plaintext ciphertext<it />perfect secreci strong notion cryptanalyt difficulti<ref ns0:type="simple" ns0:href="#xpointer(//reflist/entry[@id=%224%22])" /></p><p>despit shannon proof secur onetim pad seriou drawback practic</p><p><list><entry level="1" type="bullet">requir perfectli random onetim pad</entry><entry level="1" type="bullet">secur gener exchang onetim pad materi long messag</entry><entry level="1" type="bullet">care treatment continu remain secret adversari dispos correctli prevent reus time<link ns0:type="simple" ns0:href="../415/1230415.xml">data reman</link>discuss difficulti complet eras comput media</entry></list></p><p>pad pass secur pad long messag point onetim pad simpli send plain text pad size secur long pad secur comput disk full random data numer futur messag sum size equal size pad</p><p>implement difficulti led onetim pad system broken seriou prevent onetim pad widespread tool<link ns0:type="simple" ns0:href="../036/15036.xml">secur</link></p><p>onetim absolut onetim pad simpl mathemat oper reduc<link ns0:type="simple" ns0:href="../657/450657.xml">run key cipher</link>plaintext natur languag english russian gaelic secret stand high chanc recov<link ns0:type="simple" ns0:href="../452/63452.xml">heurist</link>cryptanalysi ambigu cours longer messag broken portion overlap shorter messag complet word phrase famou exploit vulner<link ns0:type="simple" ns0:href="../620/173620.xml">venona project</link><ref ns0:type="simple" ns0:href="#xpointer(//reflist/entry[@id=%225%22])" /></p><p>time pad provid mechan ensur messag integr theori<link ns0:type="simple" ns0:href="../676/144676.xml">maninthemiddl attack</link>er exact messag straightforwardli replac messag text choos length standard techniqu prevent<link ns0:type="simple" ns0:href="../523/567523.xml">messag authent code</link>onetim pad system lack perfect secur otp</p></sec><sec><st>histori</st><p>histori onetim pad mark separ close discoveri</p><p>onetim pad system electr<link ns0:type="simple" ns0:href="../595/34595.xml" /><physical_entity wordnetid="100001930" confidence="0.8"><person wordnetid="100007846" confidence="0.8"><cryptanalyst wordnetid="109981540" confidence="0.8"><intellectual wordnetid="109621545" confidence="0.8"><causal_agent wordnetid="100007347" confidence="0.8"><scientist wordnetid="110560637" confidence="0.8"><decoder wordnetid="109995398" confidence="0.8"><link ns0:type="simple" ns0:href="../127/578127.xml">gilbert vernam</link></decoder></scientist></causal_agent></intellectual></cryptanalyst></person></physical_entity><company wordnetid="108058098" confidence="0.9508927676800064"><link ns0:type="simple" ns0:href="../269/17555269.xml" /></company>invent patent<weblink ns0:type="simple" ns0:href="http://patft.uspto.gov/netacgi/nph-Parser?patentnumber=1310719">patent</weblink><weblink ns0:type="simple" ns0:href="http://www.pat2pdf.org/pat2pdf/foo.pl?number=1310719" />cipher base<link ns0:type="simple" ns0:href="../247/31247.xml">teletyp</link>machin technolog charact messag electr combin charact<link ns0:type="simple" ns0:href="../761/49761.xml">paper tape</link>key captain<physical_entity wordnetid="100001930" confidence="0.8"><skilled_worker wordnetid="110605985" confidence="0.8"><commissioned_officer wordnetid="109942970" confidence="0.8"><person wordnetid="100007846" confidence="0.8"><cryptanalyst wordnetid="109981540" confidence="0.8"><intellectual wordnetid="109621545" confidence="0.8"><serviceman wordnetid="110582746" confidence="0.8"><general wordnetid="110123844" confidence="0.8"><military_officer wordnetid="110317007" confidence="0.8"><commissioned_military_officer wordnetid="109943239" confidence="0.8"><general_officer wordnetid="110125786" confidence="0.8"><worker wordnetid="109632518" confidence="0.8"><causal_agent wordnetid="100007347" confidence="0.8"><decoder wordnetid="109995398" confidence="0.8"><link ns0:type="simple" ns0:href="../117/580117.xml">joseph mauborgn</link></decoder></causal_agent></worker></general_officer></commissioned_military_officer></military_officer></general></serviceman></intellectual></cryptanalyst></person></commissioned_officer></skilled_worker></physical_entity>captain<work wordnetid="100575741" confidence="0.8"><army wordnetid="108191230" confidence="0.8"><event wordnetid="100029378" confidence="0.8"><service wordnetid="100577525" confidence="0.8"><force wordnetid="108208016" confidence="0.8"><military_service wordnetid="108198137" confidence="0.8"><act wordnetid="100030358" confidence="0.8"><psychological_feature wordnetid="100023100" confidence="0.8"><activity wordnetid="100407535" confidence="0.8"><link ns0:type="simple" ns0:href="../087/32087.xml">unit armi</link></activity></psychological_feature></act></military_service></force></service></event></army></work>chief<link ns0:type="simple" ns0:href="../745/341745.xml">signal corp</link>recogn charact sequenc key tape complet random cryptanalysi difficult invent onetim tape system<ref ns0:type="simple" ns0:href="#xpointer(//reflist/entry[@id=%223%22])" /></p><p>second develop paper pad system diplomat long<link ns0:type="simple" ns0:href="../225/5225.xml">code</link><link ns0:type="simple" ns0:href="../244/5244.xml">cipher</link>confidenti minim<link ns0:type="simple" ns0:href="../010/30010.xml">telegraph</link>cost code phrase convert group number typic digit dictionarylik<link ns0:type="simple" ns0:href="../786/530786.xml">codebook</link>secur secret number combin modular addit code group transmiss secret number chang period call superencrypt earli<link ns0:type="simple" ns0:href="../615/34615.xml" />three german cryptograph werner kunz rudolf schauffler erich langlotz involv break system realiz broken separ randomli chosen addit number code group duplic paper pad print line random number group serial number line digit number work sheet encod messag destroy serial number encod messag recipi revers procedur destroy copi german foreign offic system oper<link ns0:type="simple" ns0:href="../863/34863.xml" /><ref ns0:type="simple" ns0:href="#xpointer(//reflist/entry[@id=%223%22])" /></p><p>separ notion onetim pad letter encod plaintext directli exampl<physical_entity wordnetid="100001930" confidence="0.8"><skilled_worker wordnetid="110605985" confidence="0.8"><person wordnetid="100007846" confidence="0.8"><cryptanalyst wordnetid="109981540" confidence="0.8"><intellectual wordnetid="109621545" confidence="0.8"><scientist wordnetid="110560637" confidence="0.8"><scriptwriter wordnetid="110564905" confidence="0.8"><serviceman wordnetid="110582746" confidence="0.8"><military_officer wordnetid="110317007" confidence="0.8"><communicator wordnetid="109610660" confidence="0.8"><worker wordnetid="109632518" confidence="0.8"><causal_agent wordnetid="100007347" confidence="0.8"><screenwriter wordnetid="110564400" confidence="0.8"><writer wordnetid="110794014" confidence="0.8"><decoder wordnetid="109995398" confidence="0.8"><link ns0:type="simple" ns0:href="../446/18446.xml">leo mark</link></decoder></writer></screenwriter></causal_agent></worker></communicator></military_officer></serviceman></scriptwriter></scientist></intellectual></cryptanalyst></person></skilled_worker></physical_entity>describ invent system british<link ns0:type="simple" ns0:href="../898/28898.xml">special oper execut</link><military_action wordnetid="100952963" confidence="0.8"><group_action wordnetid="101080366" confidence="0.8"><event wordnetid="100029378" confidence="0.8"><conflict wordnetid="100958896" confidence="0.8"><act wordnetid="100030358" confidence="0.8"><psychological_feature wordnetid="100023100" confidence="0.8"><war wordnetid="100973077" confidence="0.8"><link ns0:type="simple" ns0:href="../927/32927.xml">war ii</link></war></psychological_feature></act></conflict></event></group_action></military_action>suspect time highli compartment cryptographi instanc<artifact wordnetid="100021939" confidence="0.8"><science_museum wordnetid="104147364" confidence="0.8"><facility wordnetid="103315023" confidence="0.8"><depository wordnetid="103177349" confidence="0.8"><museum wordnetid="103800563" confidence="0.8"><link ns0:type="simple" ns0:href="../037/4037.xml">bletchley park</link></museum></depository></facility></science_museum></artifact><ref ns0:type="simple" ns0:href="#xpointer(//reflist/entry[@id=%226%22])" /></p><p>final discoveri<scientist wordnetid="110560637" confidence="0.9508927676800064"><link ns0:type="simple" ns0:href="../693/5693.xml">claud shannon</link></scientist><link ns0:type="simple" ns0:href="../583/34583.xml" />recogn prove theoret signific onetim pad system shannon deliv classifi report publish openli<ref ns0:type="simple" ns0:href="#xpointer(//reflist/entry[@id=%224%22])" />time<physical_entity wordnetid="100001930" confidence="0.8"><person wordnetid="100007846" confidence="0.8"><hero wordnetid="110325013" confidence="0.8"><leader wordnetid="109623038" confidence="0.8"><engineer wordnetid="109615807" confidence="0.8"><causal_agent wordnetid="100007347" confidence="0.8"><scientist wordnetid="110560637" confidence="0.8"><link ns0:type="simple" ns0:href="../594/4791594.xml">vladimir kotelnikov</link></scientist></causal_agent></engineer></leader></hero></person></physical_entity>independ proven absolut secur onetim pad deliv report remain classifi<ref ns0:type="simple" ns0:href="#xpointer(//reflist/entry[@id=%227%22])" /></p></sec><sec><st>exampl</st><p>suppos<link ns0:type="simple" ns0:href="../079/679079.xml">alic</link>wish send messag hello<link ns0:type="simple" ns0:href="../079/679079.xml">bob</link>assum pad paper ident random sequenc letter produc secur issu alic choos appropri unus pad arrang advanc instanc sheet labor day sheet messag materi select sheet<it>key</it>messag letter pad will combin predetermin letter messag common requir assign letter numer exampl techniqu combin key messag<link ns0:type="simple" ns0:href="../087/20087.xml">modular addit</link>numer valu correspond messag key letter modulo key materi</p><p /><p>messag hello code</p><p>messag key messag key messag key mod gt gt ciphertext</p><p>note number larger modular arithmet fashion remaind subtract simpli comput start</p><p>ciphertext bob eqnvz bob match key process revers<link ns0:type="simple" ns0:href="../935/157935.xml">plaintext</link>key<it>subtract</it>ciphertext modular arithmet</p><p>ciphertext key ciphertext key ciphertext key mod gt gt messag</p><p>number neg number posit</p><p>bob recov alic plaintext messag hello alic bob destroy key sheet prevent reus attack cipher<link ns0:type="simple" ns0:href="../958/16958.xml">kgb</link>issu<link ns0:type="simple" ns0:href="../501/10501.xml">agent</link>onetim pad print tini sheet flash paper paper chemic convert<link ns0:type="simple" ns0:href="../246/58246.xml">nitrocellulos</link>burn instantli leav ash</p><p>classic onetim pad espionag actual pad minuscul easilyconc paper sharp pencil<link ns0:type="simple" ns0:href="../292/567292.xml">mental arithmet</link>method implement softwar program data file input plaintext output ciphertext key materi requir random sequenc<link ns0:type="simple" ns0:href="../979/105979.xml">xor</link>oper combin plaintext key element attract comput nativ machin instruct fast ensur key materi random opposit complet destroy hard auxiliari part softwar onetim pad implement real challeng secur handlingtransmiss plaintext random onetimeonli key</p></sec><sec><st>secur</st><p>onetim pad<link ns0:type="simple" ns0:href="../968/677968.xml">informationtheoret secur</link>encrypt messag<link ns0:type="simple" ns0:href="../294/10294.xml">ciphertext</link>origin messag<link ns0:type="simple" ns0:href="../715/5715.xml">cryptanalyst</link>length messag strong notion secur develop wwii<scientist wordnetid="110560637" confidence="0.9508927676800064"><link ns0:type="simple" ns0:href="../693/5693.xml">claud shannon</link></scientist>prove mathemat true onetim pad shannon time result publish<it>bell lab technic journal</it>properli onetim pad secur sens adversari infinit comput power continu exampl suppos eve intercept alic ciphertext eqnvz eve infinit comput power find key xmckl produc plaintext hello find key tquri produc plaintext equal plausibl messag ciphertext key ciphertextkey ciphertextkey mod fact decrypt ciphertext messag whatsoev number charact simpli key ciphertext will allow eve choos read ciphertext</p><p>convent symmetr encrypt algorithm complex pattern substitut transposit best current cryptanalyt procedur revers partial revers transform know key encrypt asymmetr encrypt algorithm depend mathemat problem thought difficult solv<link ns0:type="simple" ns0:href="../491/15491.xml">integ factor</link><link ns0:type="simple" ns0:href="../334/181334.xml">discret logarithm</link>proof problem hard mathemat breakthrough exist system vulner attack</p></sec><sec><st>applic onetim pad</st><p><image width="150px" src="PersonalStorageDevices.agr.jpg" type="thumb"><caption>digit<link ns0:type="simple" ns0:href="../174/28174.xml">data storag devic</link>transport onetim pad data</caption></image>theoret perfect secur onetimepad appli theoret perfect set realworld implement cryptosystem provid perfect secur practic consider introduc potenti vulner practic consider secur conveni meant onetimepad practic littleus</p><p><list><entry level="1" type="bullet">onetim pad solv current practic problem cryptographi high qualiti cipher undergon rigor public review secur consid major worri cipher easier employ onetim pad amount key materi properli gener secur distribut smaller<link>public key cryptographi</link>overcom problem<ref ns0:type="simple" ns0:href="#xpointer(//reflist/entry[@id=%228%22])" /></entry></list></p><p><list><entry level="1" type="bullet">high qualiti random number hard gener random number gener function<link ns0:type="simple" ns0:href="../015/23015.xml">program languag</link>librari suitabl cryptograph gener suitabl normal cryptograph includ<link ns0:type="simple" ns0:href="../128/776128.xml">devrandom</link><link ns0:type="simple" ns0:href="../506/160506.xml">hardwar random number gener</link>cryptograph function secur unproven</entry></list></p><p><list><entry level="1" type="bullet">distribut long onetim pad inconveni pose secur risk pad essenti encrypt key modern cipher extrem long difficult human rememb storag media<link ns0:type="simple" ns0:href="../414/400414.xml">thumb drive</link><link ns0:type="simple" ns0:href="../034/407034.xml">dvdr</link>person<link ns0:type="simple" ns0:href="../424/1247424.xml">digit audio player</link>carri larg onetimepad place place nonsuspici transport pad physic burden compar key negoti protocol modern publickey cryptosystem media reliabl eras secur short physic destruct inciner gb dvdr full onetimepad data shred particl mm size leav kilobit admittedli hard recov imposs data particl addit risk compromis transit exampl<link ns0:type="simple" ns0:href="../629/227629.xml">pickpocket</link>swipe copi replac pad greater practic likelihood compromis cipher<cipher wordnetid="106254239" confidence="0.9508927676800064"><link ns0:type="simple" ns0:href="../260/1260.xml">ae</link></cipher>final effort need manag onetim pad key materi scale badli larg network communic number pad requir squar number user exchang messag freeli commun person<link ns0:type="simple" ns0:href="../244/28244.xml">star network</link>topolog problem</entry></list></p><p><list><entry level="1" type="bullet">key materi secur dispos ensur key materi reus protect messag key materi transport endpoint persist messag receiv vulner<link ns0:type="simple" ns0:href="../799/615799.xml">forens recoveri</link>transient plaintext protect<it /><link ns0:type="simple" ns0:href="../415/1230415.xml">data reman</link></entry></list></p><p><list><entry level="1" type="bullet">tradit onetim pad provid<link ns0:type="simple" ns0:href="../967/47967.xml">messag authent</link>lack frequent sourc secur failur realworld system straightforward addit<link ns0:type="simple" ns0:href="../065/10441065.xml">keystream</link>natur vulner simpl exploit exampl attack messag meet jane tomorrow pm point replac content content exact length meet cancel stay access onetim pad<mathematical_relation wordnetid="113783581" confidence="0.8"><event wordnetid="100029378" confidence="0.8"><rule wordnetid="105846932" confidence="0.8"><act wordnetid="100030358" confidence="0.8"><psychological_feature wordnetid="100023100" confidence="0.8"><procedure wordnetid="101023820" confidence="0.8"><activity wordnetid="100407535" confidence="0.8"><function wordnetid="113783816" confidence="0.8"><algorithm wordnetid="105847438" confidence="0.8"><link ns0:type="simple" ns0:href="../666/4024666.xml">univers hash</link></algorithm></function></activity></procedure></psychological_feature></act></rule></event></mathematical_relation>authent messag arbitrari secur bound gt larg hash ensur comput unbound attack likelihood success forgeri addit random data pad remov possibl implement system comput</entry></list></p><p>onetimepad retain limit practic interest</p><p><list><entry level="1" type="bullet">onetimepad cryptosystem perfect secreci</entry></list></p><p><list><entry level="1" type="bullet">onetimepad practic method encrypt parti work hand aid comput precomput era conceiv situat possess comput illeg incrimin trustworthi comput<link ns0:type="simple" ns0:href="../194/22194.xml">oper system</link></entry></list></p><p><list><entry level="1" type="bullet">make onetim pad educ special equip requir serv good introduct cryptograph idea</entry></list></p><p><list><entry level="1" type="bullet">otp standard cryptosystem<link ns0:type="simple" ns0:href="../541/1062541.xml">superencrypt</link>scheme ad otp layer special case superencrypt prove provid statist independ layer independ<link ns0:type="simple" ns0:href="../939/2736939.xml">rng</link>combin strong strongest layer</entry></list></p><p><list><entry level="1" type="bullet">onetim pad practic situat parti secur environ depart commun separ secur environ perfect secreci</entry></list></p></sec><sec><st /><p>hypothet espionag situat onetim pad comput hand pencil paper high qualiti cipher entir impract comput spi receiv pad person handler modern comput embed person electron devic<link ns0:type="simple" ns0:href="../137/19644137.xml">mobil phone</link>ubiquit possess comput suitabl perform convent encrypt exampl phone conceal cryptograph softwar will attract suspicion</p><p>onetim pad special circumst earli<link ns0:type="simple" ns0:href="../568/19515568.xml" /><country wordnetid="108544813" confidence="0.9508927676800064"><link ns0:type="simple" ns0:href="../685/33685.xml">weimar republ</link></country>diplomat servic began method<link ns0:type="simple" ns0:href="../676/34676.xml" />break poor<link ns0:type="simple" ns0:href="../779/26779.xml">soviet</link>cryptographi<autocracy wordnetid="108361001" confidence="0.8"><system wordnetid="108435388" confidence="0.8"><social_group wordnetid="107950920" confidence="0.8"><political_orientation wordnetid="106212839" confidence="0.8"><monarchy wordnetid="108363812" confidence="0.8"><state wordnetid="108168978" confidence="0.8"><political_unit wordnetid="108359949" confidence="0.8"><political_system wordnetid="108367880" confidence="0.8"><economy wordnetid="108366753" confidence="0.8"><group wordnetid="100031264" confidence="0.8"><democracy wordnetid="106217103" confidence="0.8"><link ns0:type="simple" ns0:href="../717/31717.xml">british</link></democracy></group></economy></political_system></political_unit></state></monarchy></political_orientation></social_group></system></autocracy>messag public polit reason instanc<link ns0:type="simple" ns0:href="../615/34615.xml" />appear induc ussr adopt onetim pad purpos<link ns0:type="simple" ns0:href="../911/34911.xml" /><link ns0:type="simple" ns0:href="../958/16958.xml">kgb</link>spi pencil paper onetim pad exampl includ colonel<link ns0:type="simple" ns0:href="../909/474909.xml">rudolf abel</link>arrest convict<village wordnetid="108672738" confidence="0.9508927676800064"><link ns0:type="simple" ns0:href="../042/645042.xml">york citi</link></village>kroger morri lona cohen arrest convict espionag<autocracy wordnetid="108361001" confidence="0.8"><system wordnetid="108435388" confidence="0.8"><social_group wordnetid="107950920" confidence="0.8"><political_orientation wordnetid="106212839" confidence="0.8"><monarchy wordnetid="108363812" confidence="0.8"><state wordnetid="108168978" confidence="0.8"><political_unit wordnetid="108359949" confidence="0.8"><political_system wordnetid="108367880" confidence="0.8"><economy wordnetid="108366753" confidence="0.8"><group wordnetid="100031264" confidence="0.8"><democracy wordnetid="106217103" confidence="0.8"><link ns0:type="simple" ns0:href="../717/31717.xml">unit kingdom</link></democracy></group></economy></political_system></political_unit></state></monarchy></political_orientation></social_group></system></autocracy>earli physic onetim pad possess</p><p>number nation onetim pad system sensit traffic<physical_entity wordnetid="100001930" confidence="0.8"><skilled_worker wordnetid="110605985" confidence="0.8"><person wordnetid="100007846" confidence="0.8"><cryptanalyst wordnetid="109981540" confidence="0.8"><intellectual wordnetid="109621545" confidence="0.8"><scientist wordnetid="110560637" confidence="0.8"><scriptwriter wordnetid="110564905" confidence="0.8"><serviceman wordnetid="110582746" confidence="0.8"><military_officer wordnetid="110317007" confidence="0.8"><communicator wordnetid="109610660" confidence="0.8"><worker wordnetid="109632518" confidence="0.8"><causal_agent wordnetid="100007347" confidence="0.8"><screenwriter wordnetid="110564400" confidence="0.8"><writer wordnetid="110794014" confidence="0.8"><decoder wordnetid="109995398" confidence="0.8"><link ns0:type="simple" ns0:href="../446/18446.xml">leo mark</link></decoder></writer></screenwriter></causal_agent></worker></communicator></military_officer></serviceman></scriptwriter></scientist></intellectual></cryptanalyst></person></skilled_worker></physical_entity>report british<link ns0:type="simple" ns0:href="../898/28898.xml">special oper execut</link>onetim pad war ii encod traffic offic onetim pad oversea agent introduc late war<ref ns0:type="simple" ns0:href="#xpointer(//reflist/entry[@id=%226%22])" />onetim tape cipher machin includ british machin<artifact wordnetid="100021939" confidence="0.8"><instrumentality wordnetid="103575240" confidence="0.8"><device wordnetid="103183080" confidence="0.8"><link ns0:type="simple" ns0:href="../283/3429283.xml">rockex</link></device></instrumentality></artifact><link ns0:type="simple" ns0:href="../481/3429481.xml">noreen</link></p><p><military_action wordnetid="100952963" confidence="0.8"><group_action wordnetid="101080366" confidence="0.8"><event wordnetid="100029378" confidence="0.8"><conflict wordnetid="100958896" confidence="0.8"><act wordnetid="100030358" confidence="0.8"><psychological_feature wordnetid="100023100" confidence="0.8"><war wordnetid="100973077" confidence="0.8"><link ns0:type="simple" ns0:href="../927/32927.xml">war ii</link></war></psychological_feature></act></conflict></event></group_action></military_action>voic<link ns0:type="simple" ns0:href="../680/41680.xml">scrambler</link><artifact wordnetid="100021939" confidence="0.8"><instrumentality wordnetid="103575240" confidence="0.8"><device wordnetid="103183080" confidence="0.8"><link ns0:type="simple" ns0:href="../918/740918.xml">sigsali</link></device></instrumentality></artifact>form onetim system analog nois signal remov nois distribut channel end form larg shellac record start synchron longerterm phase drift problem aros solv system</p><p><link ns0:type="simple" ns0:href="../939/21939.xml">nsa</link>describ onetim tape system<link>sigtot</link><artifact wordnetid="100021939" confidence="0.8"><instrumentality wordnetid="103575240" confidence="0.8"><device wordnetid="103183080" confidence="0.8"><link ns0:type="simple" ns0:href="../691/1198691.xml">uco</link></device></instrumentality></artifact>intellig traffic introduct electron cipher base<artifact wordnetid="100021939" confidence="0.8"><instrumentality wordnetid="103575240" confidence="0.8"><device wordnetid="103183080" confidence="0.8"><link ns0:type="simple" ns0:href="../090/1006090.xml">kw</link></device></instrumentality></artifact><ref ns0:type="simple" ns0:href="#xpointer(//reflist/entry[@id=%229%22])" /></p><p><artifact wordnetid="100021939" confidence="0.8"><instrumentality wordnetid="103575240" confidence="0.8"><electrical_device wordnetid="103269401" confidence="0.8"><device wordnetid="103183080" confidence="0.8"><circuit wordnetid="103033362" confidence="0.8"><link ns0:type="simple" ns0:href="../041/3628041.xml">hotlin</link></circuit></device></electrical_device></instrumentality></artifact><city wordnetid="108524735" confidence="0.9508927676800064"><link ns0:type="simple" ns0:href="../004/19004.xml">moscow</link></city><link ns0:type="simple" ns0:href="../956/108956.xml">washington dc</link>establish<link>cuban missil crisi</link><link ns0:type="simple" ns0:href="../247/31247.xml">teleprint</link>protect commerci onetim tape system countri prepar key tape encod messag deliv embassi countri uniqu advantag otp case countri reveal sensit encrypt method<ref ns0:type="simple" ns0:href="#xpointer(//reflist/entry[@id=%223%22])" /></p><p><link ns0:type="simple" ns0:href="../755/34755.xml" /><conflict wordnetid="100958896" confidence="0.9508927676800064"><link ns0:type="simple" ns0:href="../273/159273.xml">invas grenada</link></conflict>forc suppli pair onetim pad book cuban warehous</p><p>british armi<link ns0:type="simple" ns0:href="../751/19097751.xml">batco</link>tactic commun code pencilandpap onetimepad system key materi provid paper sheet special plastic wallet slide pointer indic key sheet provid daili small seri train batco recycl exercis destroy batco battlefield voic net sensit portion messag typic<link ns0:type="simple" ns0:href="../280/227280.xml">grid refer</link>encod ciphertext read letter letter</p><p>notion<link ns0:type="simple" ns0:href="../989/838989.xml#xpointer(//*[./st=%22One-time+code%22])">onetim code</link>signal alpha mission complet bravo mission fail decrypt reason sens word understand messag will requir addit depth repetit<link ns0:type="simple" ns0:href="../015/480015.xml">traffic analysi</link>strategi real oper<link ns0:type="simple" ns0:href="../850/3850.xml">basebal</link>coach cryptograph onetim pad sens</p></sec><sec><st>exploit</st><p>onetim pad provid perfect secreci gener properli small mistak lead success cryptanalysi</p><p><list><entry level="1" type="bullet"><link ns0:type="simple" ns0:href="../622/34622.xml" /><link ns0:type="simple" ns0:href="../624/34624.xml" />armi<link>signal secur agenc</link>solv onetim pad system german foreign offic highlevel traffic codenam gee erskin gee insecur pad complet random machin gener pad produc predict output</entry></list></p><p><list><entry level="1" type="bullet"><link ns0:type="simple" ns0:href="../624/34624.xml" />discov<site wordnetid="108651247" confidence="0.9508927676800064"><link ns0:type="simple" ns0:href="../983/51983.xml">canberra</link></site><city wordnetid="108524735" confidence="0.9508927676800064"><link ns0:type="simple" ns0:href="../004/19004.xml">moscow</link></city>messag encrypt codebook onetim pad onetim pad moscow<link ns0:type="simple" ns0:href="../956/108956.xml">washington dc</link>moscow messag combin fact canberramoscow messag includ british govern document allow encrypt messag broken</entry></list></p><p><list><entry level="1" type="bullet">onetim pad employ<system wordnetid="108435388" confidence="0.8"><economy wordnetid="108366753" confidence="0.8"><group wordnetid="100031264" confidence="0.8"><link ns0:type="simple" ns0:href="../779/26779.xml">soviet</link></group></economy></system>espionag agenc covert commun agent agent control analysi pad gener typist actual typewrit method cours random conveni key sequenc prove gener effect copi key materi defect gener method reus offer hope cryptanalysi late<link ns0:type="simple" ns0:href="../583/34583.xml" />uk intellig agenc break soviet onetim pad traffic<city wordnetid="108524735" confidence="0.9508927676800064"><link ns0:type="simple" ns0:href="../004/19004.xml">moscow</link></city>wwii result error gener distribut key materi suggest moscow centr personnel rush presenc german troop moscow late earli produc copi key materi period decadeslong effort final codenam<link ns0:type="simple" ns0:href="../620/173620.xml">venona</link>bride earlier produc consider amount includ soviet atom spi small percentag intercept messag fulli partial decrypt<ref ns0:type="simple" ns0:href="#xpointer(//reflist/entry[@id=%225%22])" /></entry></list></p><p><list><entry level="1" type="bullet">burglari carri fbi wwii soviet offic yield copi key materi claim materi copi help cryptanalyt</entry></list></p></sec><sec><st>true random requir</st><p>discuss onetim pad notion secur distinct perfect secreci onetim pad system prove shannon<link ns0:type="simple" ns0:href="../085/452085.xml">shannon secur</link>second secur offer stateoftheart cipher<cipher wordnetid="106254239" confidence="0.9508927676800064"><link ns0:type="simple" ns0:href="../260/1260.xml">ae</link></cipher>design principl learn long histori code break subject extens test standard process public top notch secur servic<b>empir secur</b>mathemat proven subject practic avail random number unproven reli govern protect vital secret insofar publicli</p><ss1><st>method offer practic secur shannon secur</st><p>key materi gener determinist program random encrypt system longer perfect secreci system call<link ns0:type="simple" ns0:href="../007/49007.xml">stream cipher</link>gener short key seed long<link ns0:type="simple" ns0:href="../210/23210.xml">pseudorandom</link>stream combin messag mechan onetim pad xor stream cipher secur practic achiev perfect secreci onetim pad</p><p><link ns0:type="simple" ns0:href="../139/294139.xml">fish cipher</link>german militari wwii turn insecur stream cipher practic autom onetim pad design intend<artifact wordnetid="100021939" confidence="0.8"><science_museum wordnetid="104147364" confidence="0.8"><facility wordnetid="103315023" confidence="0.8"><depository wordnetid="103177349" confidence="0.8"><museum wordnetid="103800563" confidence="0.8"><link ns0:type="simple" ns0:href="../037/4037.xml">bletchley park</link></museum></depository></facility></science_museum></artifact>broke<artifact wordnetid="100021939" confidence="0.8"><instrumentality wordnetid="103575240" confidence="0.8"><device wordnetid="103183080" confidence="0.8"><link ns0:type="simple" ns0:href="../173/301173.xml">lorenz cipher</link></device></instrumentality></artifact>machin regularli</p><p>modern socal<link ns0:type="simple" ns0:href="../249/182249.xml">cryptograph secur pseudorandom number gener</link>form basi empir secur stream cipher wellvet design public domain rang simplic<cipher wordnetid="106254239" confidence="0.9508927676800064"><link ns0:type="simple" ns0:href="../831/25831.xml">rc</link></cipher><link ns0:type="simple" ns0:href="../594/4594.xml">block cipher</link>ae<link>counter mode</link>appear reason invent stream cipher long thought nsa compar agenc devot consider effort stream cipher govern custom</p></ss1><ss1><st>method offer practic secur shannon secur</st><p>similar stream cipher onetim pad lead cryptograph unwari invent insecur stream cipher mistaken impress develop practic version onetim pad insecur approach<link ns0:type="simple" ns0:href="../524/45524.xml">random number gener</link>distribut comput program languag runtim support packag<link ns0:type="simple" ns0:href="../194/22194.xml">oper system</link>system call typic produc sequenc pass<link ns0:type="simple" ns0:href="../685/26685.xml">statist</link>test breakabl cryptoanalyt techniqu time ansi standard restrict languag random number routin output singl precis integ implement bit valu repeat assum cyclic algorithm common mandatori entir insecur easili breakabl<link ns0:type="simple" ns0:href="../784/53784.xml">exhaust test</link>perspect ghz comput take clock cycl check offset rng cycl third second check offset standard comput random number gener suitabl cryptograph purpos includ onetim pad newli develop admir<artifact wordnetid="100021939" confidence="0.8"><instrumentality wordnetid="103575240" confidence="0.8"><apparatus wordnetid="102727825" confidence="0.8"><generator wordnetid="103434188" confidence="0.8"><equipment wordnetid="103294048" confidence="0.8"><link ns0:type="simple" ns0:href="../538/45538.xml">mersenn twister</link></equipment></generator></apparatus></instrumentality></artifact>algorithm random simul better gener fast well gener onetim pad key materi algorithm determinist design cryptograph secur program usersuppli key uniqu scatter output pseudorandom number gener requir knowledg key<link ns0:type="simple" ns0:href="../971/105971.xml">initi vector</link>predict final output</p><p>well publicli valu termin digit<link ns0:type="simple" ns0:href="../132/49132.xml">marathon</link>race time close stock price sourc obscur daili temperatur atmospher pressur seemingli random predict fact random sequenc publish predict identifi exampl<link ns0:type="simple" ns0:href="../944/214944.xml">rand</link>corpor<work wordnetid="104599396" confidence="0.8"><product wordnetid="104007894" confidence="0.8"><creation wordnetid="103129123" confidence="0.8"><artifact wordnetid="100021939" confidence="0.8"><book wordnetid="106410904" confidence="0.8"><publication wordnetid="106589574" confidence="0.8"><link ns0:type="simple" ns0:href="../812/1354812.xml">public random digit</link></publication></book></artifact></creation></product></work>pass statist test random thought random publish fulli predict digit pi<idea wordnetid="105833840" confidence="0.8"><concept wordnetid="105835747" confidence="0.8"><constant wordnetid="105858936" confidence="0.8"><quantity wordnetid="105855125" confidence="0.8"><link ns0:type="simple" ns0:href="../386/12386.xml">phi</link></quantity></constant></concept></idea>irrat transcendent number sequenc statist random open question fulli predict</p></ss1><ss1><st>achiev shannon secur</st><p>achiev shannon secur sourc perfectli unpredict random data need theoret basi physic exist unpredict<link ns0:type="simple" ns0:href="../202/25202.xml">quantum mechan</link>assert unpredict subject experiment test<it /><link ns0:type="simple" ns0:href="../766/886766.xml">bell test experi</link>basi theori unstabl<link ns0:type="simple" ns0:href="../087/9087.xml">dynam system</link><idea wordnetid="105833840" confidence="0.8"><concept wordnetid="105835747" confidence="0.8"><link ns0:type="simple" ns0:href="../295/6295.xml">chao theori</link></concept></idea>theori determinist<link ns0:type="simple" ns0:href="../586/19555586.xml">newtonian mechan</link>realworld system evolv way predict practic initi condit accuraci<link ns0:type="simple" ns0:href="../933/191933.xml">grow exponenti</link>time</p><p>onetim pad data exhibit perfect random practic sourc exhibit imperfect bia qualiti random measur<link ns0:type="simple" ns0:href="../445/15445.xml">entropi</link>perfectli random bit entropi bit idea von neumann algorithm combin multipl imperfectli random bit entropi creat singl bit entropi equal process call<b>entropi distil</b><b>entropi extract</b>von neumann propos method call von neumann whiten<ref ns0:type="simple" ns0:href="#xpointer(//reflist/entry[@id=%2210%22])" /><table class="wikitable"><header>input bit</header><header>output</header><row><col /><col>output</col></row><row><col /><col>output bit</col></row><row><col /><col>output bit</col></row><row><col /><col>output</col></row></table></p><p>will produc uniformli random output bit input bit<link ns0:type="simple" ns0:href="../593/27593.xml">statist independ</link>drawn<it />distribut realist assumpt physic random sourc correl output distribut chang devic temperatur<link>boaz barak</link><link>ronen shaltiel</link><link>eran tromer</link>state reason secur criteria entropi distil construct algorithm<ref ns0:type="simple" ns0:href="#xpointer(//reflist/entry[@id=%2211%22])" />descript need</p><p><O wordnetid="106832680" confidence="0.9508927676800064"><link ns0:type="simple" ns0:href="../297/6097297.xml">linux</link></O><family wordnetid="108078020" confidence="0.8"><link ns0:type="simple" ns0:href="../815/31815.xml">unixlik</link></family>system kernel random number gener<link ns0:type="simple" ns0:href="../128/776128.xml">devrandom</link>environment nois gener random data better<link ns0:type="simple" ns0:href="../908/102908.xml">system call</link>design attempt estim amount entropi collect block entropi pool exhaust intend thought better gener closer satisfactorili random process will slow system usabl nois sourc fed addit entropi read attach nois gener devic</p><p>linux devurandom determinist algorithm gener data environment nois unavail improv design<artifact wordnetid="100021939" confidence="0.8"><instrumentality wordnetid="103575240" confidence="0.8"><apparatus wordnetid="102727825" confidence="0.8"><generator wordnetid="103434188" confidence="0.8"><equipment wordnetid="103294048" confidence="0.8"><link ns0:type="simple" ns0:href="../416/74416.xml">yarrow algorithm</link></equipment></generator></apparatus></instrumentality></artifact>onetim pad key materi gener determinist random number gener lack informationtheoret secur onetim pad yarrow offer strength block cipher base<cipher wordnetid="106254239" confidence="0.9508927676800064"><link ns0:type="simple" ns0:href="../375/48375.xml">tripl de</link></cipher></p><p>comput onetim pad gener compromis<link ns0:type="simple" ns0:href="../196/18994196.xml">comput viru</link><link ns0:type="simple" ns0:href="../901/20901.xml">malwar</link>adversari gain physic access softwar modifi leak pad data gener random data fact predict<link ns0:type="simple" ns0:href="../124/1250124.xml">random number gener attack</link>reduc risk gener pad machin connect comput network prefer purpos collect key materi blank media<link ns0:type="simple" ns0:href="../891/10891.xml">floppi disk</link><link ns0:type="simple" ns0:href="../780/6780.xml">cdr</link>elimin rout malwar infect paper pad produc printer best dedic well approach older laptop otp gener purg rebuilt fresh traceabl copi<link ns0:type="simple" ns0:href="../758/18938758.xml">open sourc</link><link ns0:type="simple" ns0:href="../194/22194.xml">oper system</link>linux<link ns0:type="simple" ns0:href="../807/1223807.xml">bsd</link>smaller size allow easili lock<link ns0:type="simple" ns0:href="../411/697411.xml">safe</link></p></ss1></sec><sec><st>make onetim pad hand</st><p><image location="right" width="150px" src="Scrabble_tiles_en.jpg" type="thumb"><caption>full englishlanguag scrabbl tile set<link ns0:type="simple" ns0:href="../641/1348641.xml">scrabbl letter distribut</link>languag</caption></image></p><p>onetim pad origin comput today process tediou correctli pad result unbreak</p><p>compon need onetim pad gener letter random record copi result tradit<link ns0:type="simple" ns0:href="../365/44365.xml">typewrit</link><link ns0:type="simple" ns0:href="../441/267441.xml">carbon paper</link>carbon paper typewrit ribbon destroy pad data recov typewrit scarc accept hand write letter neatli group<link ns0:type="simple" ns0:href="../030/1296030.xml">carbonless copi paper</link>sheet purchas offic suppli store sheet serial number uniqu mark</p><p>simplest gener random letter ident object letter alphabet mark object tile game<link ns0:type="simple" ns0:href="../929/27929.xml">scrabbl</link>long letter select kit make charm bracelet possibl write letter<link ns0:type="simple" ns0:href="../092/164092.xml">penni</link>mark pen object box cup shaken vigor object withdrawn letter record object return box process repeat</p></sec><sec><st /><p><list><entry level="1" type="bullet"><link ns0:type="simple" ns0:href="../506/160506.xml">hardwar random number gener</link></entry><entry level="1" type="bullet"><link ns0:type="simple" ns0:href="../704/156704.xml">number station</link></entry><entry level="1" type="bullet"><link ns0:type="simple" ns0:href="../968/677968.xml">theoret secur</link></entry><entry level="1" type="bullet"><link ns0:type="simple" ns0:href="../733/28733.xml">steganographi</link></entry><entry level="1" type="bullet"><link ns0:type="simple" ns0:href="../941/63941.xml">session key</link></entry></list></p></sec><sec><st>note</st><p><reflist><entry id="1"><weblink ns0:type="simple" ns0:href="http://www.ranum.com/security/computer_security/papers/otp-faq">onetimepad vernam cipher frequent ask question photo</weblink>retriev<link /></entry><entry id="2">savori stuart<weblink ns0:type="simple" ns0:href="http://home.egge.net/~savory/chiffre9.htm">chiffriergertebau onetimepad german photo</weblink>retriev<link /></entry><entry id="3"><cite id="Reference-Kahn-1967" style="font-style:normal" class="book">kahn david<link ns0:type="simple" ns0:href="../052/578052.xml">codebreak</link>macmillan isbn</cite></entry><entry id="4"><cite style="font-style:normal">shannon claud commun theori secreci system<it>bell system technic journal</it><b /></cite></entry><entry id="5"><weblink ns0:type="simple" ns0:href="http://www.nsa.gov/venona/index.cfm">nsa venona</weblink></entry><entry id="6"><cite id="Reference-Marks-1998" style="font-style:normal" class="book">mark leo silk cyanid codemak stori harpercollin isbn</cite></entry><entry id="7">molotkov quantum cryptographi kotelnikov onetim key sampl theorem physusp<b />articl journal subscrib english<weblink ns0:type="simple" ns0:href="http://www.turpion.org/php/paper.phtml?journal_id=pu paper_id=6050">httpwwwturpionorgphppaperphtmljournal_idpu paper_id</weblink>openli russian<weblink ns0:type="simple" ns0:href="http://www.ufn.ru/ru/articles/2006/7/k/">httpwwwufnruruarticlesk</weblink></entry><entry id="8">schneier bruce<weblink ns0:type="simple" ns0:href="http://www.schneier.com/crypto-gram-0210.html#7">argument onetim pad system</weblink></entry><entry id="9">klein melvil<weblink ns0:type="simple" ns0:href="http://www.nsa.gov/publications/publi00017.pdf">secur record commun tseckw</weblink>pdf nsa retriev<link /></entry><entry id="10">cryptographi februari<weblink ns0:type="simple" ns0:href="http://www.cryptography.com/resources/whitepapers/VIA_rng.pdf">evalu nehemiah random number gener</weblink>pdf retriev<link /></entry><entry id="11">httpwwwwisdomweizmannaciltromerpapersrngpdf</entry></reflist></p></sec><sec><st>read</st><p><list><entry level="1" type="bullet">robert wallac keith melton henri schlesing<it>spycraft secret histori cia spytech commun alqaeda</it>york<link ns0:type="simple" ns0:href="../329/1103329.xml">dutton</link>isbn</entry></list></p></sec><sec><st>refer</st><p><list><entry level="1" type="bullet">erskin ralph enigma secur german knew action day edit ralph erskin michael smith</entry></list></p></sec><sec><st>extern link</st><p><list><entry level="1" type="bullet">detail<weblink ns0:type="simple" ns0:href="http://users.telenet.be/d.rijmenants/en/onetimepad.htm">descript onetim pad</weblink>exampl imag<weblink ns0:type="simple" ns0:href="http://users.telenet.be/d.rijmenants">cipher machin cryptolog</weblink></entry><entry level="1" type="bullet"><person wordnetid="100007846" confidence="0.9508927676800064"><link ns0:type="simple" ns0:href="../640/17844640.xml">marcu ranum</link></person><weblink ns0:type="simple" ns0:href="http://www.ranum.com/security/computer_security/papers/otp-faq/">onetim pad faq</weblink></entry><entry level="1" type="bullet"><software wordnetid="106566077" confidence="0.9508927676800064"><link ns0:type="simple" ns0:href="../979/1658979.xml">freeswan</link></software><weblink ns0:type="simple" ns0:href="http://www.freeswan.org/freeswan_trees/freeswan-2.06/doc/glossary.html#OTP">glossari entri</weblink>discuss otp weak</entry><entry level="1" type="bullet">otp base program<weblink ns0:type="simple" ns0:href="http://www.longpass.de">httpwwwlongpassd</weblink></entry></list></p></sec></bdy></cipher></message></article>