<article xmlns:ns0="http://www.w3.org/1999/xlink"><economy confidence="0.9511911446218017" wordnetid="108366753"><header><title>economi oman</title><id /><revision><id /><timestamp>tz</timestamp><contributor><username>drbreznjev</username><id /></contributor></revision><categories><category>wto member economi</category><category>economi oman</category><category>economi arab leagu</category></categories></header><bdy><template><name>infobox economi</name><parameters><image width="150px" src="Ruwi_CBD.jpg" /><unemployment>est</unemployment><gdp>billion est</gdp><aid>donor pledg darfur refuge</aid><expenses>billion includ capit expenditur est</expenses><currency>omani rial ro baisa</currency><rank /><poverty /><organs>wto</organs><year>calendar year</year><import-goods>machineri transport equip manufactur good food livestocklubric</import-goods><revenue>billion est</revenue><exports>billion fob est</exports><debt>gdp</debt><export-partners>china south korea japan thailand uae</export-partners><gross-external-debt>billion est</gross-external-debt><width>px</width><import-partners>uae japan uk itali germani</import-partners><spelling /><sectors>agricultur industri servic est</sectors><imports>billion fob est</imports><country>oman</country><labor>est</labor><export-goods>petroleum reexport fish metal textil</export-goods><per_capita>est</per_capita><industries>crude oil product refin natur liquefi natur ga lng product construct cement copper steel chemic optic fiber</industries><inflation /><growth /></parameters></template><p><country wordnetid="108544813" confidence="0.9508927676800064"><link ns0:type="simple" ns0:href="../316/22316.xml">oman</link></country>remark stabl countri middl east<weblink ns0:type="simple" ns0:href="http://earthtrends.wri.org/text/economics-business/variable-638.html">current gdp capita</weblink>expand continu halfacenturi grew sixti reach peak growth seventi scale modest growth turbul eighti rise nineti</p><sec><st>macroeconom trend</st><p>chart trend gross domest product oman market price<weblink ns0:type="simple" ns0:href="http://www.imf.org/external/pubs/ft/weo/2006/01/data/dbcselm.cfm?G=2001">estim</weblink>intern monetari fund figur million omani rial<table class="wikitable"><row><header>year</header><col>gross domest product</col><col>dollar exchang</col><col>inflat</col></row><row><col /><col /><col>omani rial</col><col /></row><row><col /><col /><col>omani rial</col><col /></row><row><col /><col /><col>omani rial</col><col /></row><row><col /><col /><col>omani rial</col><col /></row><row><col /><col /><col>omani rial</col><col /></row><row><col /><col /><col>omani rial</col><col /></row></table></p><p>purchas power pariti comparison dollar exchang omani rial averag wage hover day</p></sec><sec><st>economi overview</st><p><country wordnetid="108544813" confidence="0.9508927676800064"><link ns0:type="simple" ns0:href="../316/22316.xml">oman</link></country>econom perform improv midyear upturn oil price govern move ahead<link ns0:type="simple" ns0:href="../661/24661.xml">privat</link>util develop bodi commerci law facilit foreign invest increas budgetari outlay oman liber market effort acced<organization wordnetid="108008335" confidence="0.9508927676800064"><link ns0:type="simple" ns0:href="../873/33873.xml">trade organ</link></organization>wto gain membership</p><p>oman declin entrepot arm<link ns0:type="simple" ns0:href="../992/27992.xml">slave</link>midth centuri prosper lost economi turn exclus<link ns0:type="simple" ns0:href="../627/627.xml">agricultur</link>camel goat herd fish tradit<link ns0:type="simple" ns0:href="../690/49690.xml">handicraft</link>today oil fuel economi revenu<link ns0:type="simple" ns0:href="../195/23195.xml">petroleum</link>product enabl oman dramat develop year<image location="left" width="150px" src="2006Omani_exports.PNG" type="thumb"><caption>omani export</caption></image>oil discov interior<link ns0:type="simple" ns0:href="../888/1253888.xml">fahud</link>western desert<company wordnetid="108058098" confidence="0.9508927676800064"><link ns0:type="simple" ns0:href="../095/871095.xml">petroleum develop oman</link></company>pdo began product august omani govern own pdo foreign interest<company wordnetid="108058098" confidence="0.9508927676800064"><link ns0:type="simple" ns0:href="../417/59417.xml">royal dutch shell</link></company>own remain own<link ns0:type="simple" ns0:href="../161/804161.xml">compagni francais de petrol</link>total<link ns0:type="simple" ns0:href="../143/14453143.xml">partex</link>oman oil product rose barrel day declin gradual barrel day late deplet recover reserv oman compens<condition wordnetid="113920835" confidence="0.8"><state wordnetid="100024720" confidence="0.8"><difficulty wordnetid="114408086" confidence="0.8"><crisis wordnetid="113933560" confidence="0.8"><situation wordnetid="114411243" confidence="0.8"><link ns0:type="simple" ns0:href="../446/15034446.xml">declin oil price</link></situation></crisis></difficulty></state></condition>increas product level bd collaps oil price revenu drop dramat product cut temporarili coordin<link ns0:type="simple" ns0:href="../346/166346.xml">organ petroleum export countri</link>opec product level reach bd mid help increas revenu mid product climb bd remain oman member opec</p><p><link ns0:type="simple" ns0:href="../131/22131.xml">natur ga</link>reserv will increasingli provid fuel power gener desalin stand trillion ft<plant wordnetid="103956922" confidence="0.8"><structure wordnetid="104341686" confidence="0.8"><artifact wordnetid="100021939" confidence="0.8"><building_complex wordnetid="102914991" confidence="0.8"><link ns0:type="simple" ns0:href="../426/12646426.xml">oman lng</link></building_complex></artifact></structure></plant>process plant locat sur open product capac tonsyr well unsubstanti ga liquid includ condens</p><p>oman immens oil resourc neighbor year oil produc total proven reserv rose billion barrel mid oman complex geolog explor product expens challeng improv technolog enhanc recoveri</p><p><link ns0:type="simple" ns0:href="../627/627.xml">agricultur</link>fish tradit life oman date lime grown extens batinah coastal plain highland countri agricultur export coconut palm wheat banana grown cattl rais<link ns0:type="simple" ns0:href="../945/675945.xml">dhofar</link>area grow cereal forag crop poultri product steadili rise fish shellfish export total</p></sec><sec><st>modernis</st><p>govern undertak develop project modernis economi improv standard live activ player global marketplac oman member trade organ octob continu amend financi commerci practic conform intern standard increas agricultur fish product believ applic modern technolog<village wordnetid="108672738" confidence="0.9508927676800064"><link ns0:type="simple" ns0:href="../053/57053.xml">muscat</link></village>capit area intern airport seeb deepwat port<link ns0:type="simple" ns0:href="../635/19416635.xml">mina qaboo</link>newli open largescal modern contain port<village wordnetid="108672738" confidence="0.9508927676800064"><link ns0:type="simple" ns0:href="../956/1518956.xml">salalah</link></village>capit dhofar governor seaport nearbi<region wordnetid="108630985" confidence="0.8"><administrative_district wordnetid="108491826" confidence="0.8"><location wordnetid="100027167" confidence="0.8"><municipality wordnetid="108626283" confidence="0.8"><geographical_area wordnetid="108574314" confidence="0.8"><town wordnetid="108665504" confidence="0.8"><district wordnetid="108552138" confidence="0.8"><urban_area wordnetid="108675967" confidence="0.8"><link ns0:type="simple" ns0:href="../916/3887916.xml">raysut</link></urban_area></district></town></geographical_area></municipality></location></administrative_district></region>complet nation road network includ highway link northern southern region effort diversifi economi earli govern built copper mine refin plant<region wordnetid="108630985" confidence="0.8"><administrative_district wordnetid="108491826" confidence="0.8"><location wordnetid="100027167" confidence="0.8"><municipality wordnetid="108626283" confidence="0.8"><geographical_area wordnetid="108574314" confidence="0.8"><town wordnetid="108665504" confidence="0.8"><district wordnetid="108552138" confidence="0.8"><urban_area wordnetid="108675967" confidence="0.8"><link ns0:type="simple" ns0:href="../981/1921981.xml">sohar</link></urban_area></district></town></geographical_area></municipality></location></administrative_district></region>larg industri project includ bd oil refineri cement factori industri zone<link>rusayl</link>showcas countri modest light industri marbl limeston gypsum prove commerci viabl futur</p><p>omani govern implement sixth year plan launch reduc depend oil expatri labor plan focus incom diversif job creation omani privat sector develop oman interior govern program offer soft loan propos build industri estat popul center capit area govern greater emphasi oman labor forc bank hotel municip sponsor shop benefit govern subsidi current effort underway liber invest opportun order attract foreign capit</p><p>largest budgetari outlay area health servic basic educ number school hospit clinic<link ns0:type="simple" ns0:href="../933/191933.xml">risen exponenti</link>access sultan qaboo</p><p><body wordnetid="107965085" confidence="0.8"><social_group wordnetid="107950920" confidence="0.8"><political_orientation wordnetid="106212839" confidence="0.8"><colony wordnetid="108374049" confidence="0.8"><state wordnetid="108168978" confidence="0.8"><political_unit wordnetid="108359949" confidence="0.8"><group wordnetid="100031264" confidence="0.8"><democracy wordnetid="106217103" confidence="0.8"><link ns0:type="simple" ns0:href="../750/3434750.xml">unit</link></democracy></group></political_unit></state></colony></political_orientation></social_group></body>firm face small highli competit market domin trade<link ns0:type="simple" ns0:href="../573/15573.xml">japan</link><autocracy wordnetid="108361001" confidence="0.8"><system wordnetid="108435388" confidence="0.8"><social_group wordnetid="107950920" confidence="0.8"><political_orientation wordnetid="106212839" confidence="0.8"><monarchy wordnetid="108363812" confidence="0.8"><state wordnetid="108168978" confidence="0.8"><political_unit wordnetid="108359949" confidence="0.8"><political_system wordnetid="108367880" confidence="0.8"><economy wordnetid="108366753" confidence="0.8"><group wordnetid="100031264" confidence="0.8"><democracy wordnetid="106217103" confidence="0.8"><link ns0:type="simple" ns0:href="../717/31717.xml">britain</link></democracy></group></economy></political_system></political_unit></state></monarchy></political_orientation></social_group></system></autocracy>reexport<country wordnetid="108544813" confidence="0.9508927676800064"><link ns0:type="simple" ns0:href="../328/69328.xml">unit arab emir</link></country>sale product hamper higher transport cost lack familiar oman export tradit market oman oil field suppli servic grow countri major oil produc continu major expans field well addit<link ns0:type="simple" ns0:href="../803/15803.xml">juli</link><link ns0:type="simple" ns0:href="../164/36164.xml" />congress approv<statement wordnetid="106722453" confidence="0.8"><message wordnetid="106598915" confidence="0.8"><agreement wordnetid="106770275" confidence="0.8"><link ns0:type="simple" ns0:href="../547/6129547.xml">usoman free trade agreement</link></agreement></message></statement>presid bush expect sign implement firm will buy sell oman duti free item</p></sec><sec><st>oman</st><ss1><st>introduct</st><p>oman omanis programm oper work replac expatri train omani personnel number omani govern servic exceed set target depart reach employe ministri stipul fix omanis target area privat sector compani regist omanis plan april green card award compani meet omanis target compli elig criteria fro labour relat name compani publish local press receiv preferenti treatment deal ministri</p><p>sultan qaboo overse omanis drive</p><p>majesti sultan qaboo underlin grow collect effort boost omanis person follow implement recommend newlycr nation manpow employ forum</p><p>forum studi tackl hypothet issu subject forum realist implement recommend will concert effort govern sector commun sultan qaboo address royal camp ibri wali member council upper hous parliament majli al shura lower hous dignitari belong dhaihra region</p><p>omanis campaign meant ensur job citizen reduc depend expatri search selfreli human resourc govern top prioriti address omani leader joint hous parliament devot nation manpow develop</p><p>local media gear drive royal messag ensur complet success campaign</p><p>thousand illeg worker creat room citizen leav extend amnesti deadlin expir month move initi three year ago</p><p>expatri form onefourth popul censu held late oman televis broadcast royal address ibri sultan qaboo watch proceed forum omanis televis impress level frank pervad atmospher</p><p>open discuss achiev announc</p><p>number minist accompani sultan qaboo tour indepth work paper pinpoint hurdl face omanis way remov meet allimport object</p><p>main obstacl point sheikh amor bin shuwain al hosni minist labour social affair presenc foreign top manag prefer expatri worker clear hint top stratega omanis</p><p>sultan qaboo omani youth constitut larg vital societi effort spare ensur brightdignifi futur time exhort youth work dilig selflessli develop countri work natur virtu</p><p>explain citizen establish project will benefit famili commun fail talk obstacl hurdl will lead</p><p>ministri stipul fix omanis ratio area privat sector transport storag commun omanis financ insur real estat industri hotel restaur wholesal retail trade contract</p><p>omanis followup monitor committe</p><p>omanis followup monitor committe diwan royal court set royal decre respons monitor plan programm omanis job public privat sector connect power includ help determin nation economi manpow prepar invest recruit plan implement omanis polici conjunct compet author prepar progress report omanis public privat sector</p><p>committe chair excel abdul alim bin mustahail rakhyut twelv member repres govern sector remain repres privat sector current attempt creat complet accur data base labour forc oman will includ omanis way promot</p><p>committe submit report directli majesti sultan minist diwan royal court</p></ss1><ss1><st>train omanis</st><p>order meet train omanis requir bank sector omani institut banker establish play lead role increas number omani work sector central bank monitor progress commerci bank omanis juli issu circular stipul year senior middl manag posit held omani cleric grade staff omanis grade posit held omani consider achiev bank sector gener women total percentag omani employ senior middl manag level slight increas cleric grade percentag noncler grade reach omanis bank sector current employ senior middl manag support staff</p><p>ministri issu decis regul tourist guid futur will requir licenc ministeri decis aim encourag profession industri well provid career opportun omani will encourag learn foreign languag replac foreign tour guid januari major step forward train omani hotel industri open nation hospit institut nhi institut public compani quot omani stock exchang februari batch male femal traine sponsor vocat train author award level certif onthejob train hotel fourth batch traine nvq bring number omani train institut omani employe hotel cater busi exce omanis target set govern nhi train cater staff sultan arm forc launch year tour guid cours includ languag train safe drive aid knowledg local histori geographi</p></ss1></sec><sec><st>invest</st><p>stock<link ns0:type="simple" ns0:href="../829/58829.xml">market capitalis</link>list compani oman valu<institute wordnetid="108407330" confidence="0.8"><association wordnetid="108049401" confidence="0.8"><link ns0:type="simple" ns0:href="../309/33309.xml">bank</link></association></institute><weblink ns0:type="simple" ns0:href="http://web.worldbank.org/WBSITE/EXTERNAL/DATASTATISTICS/0,,contentMDK:20394793~menuPK:1192714~pagePK:64133150~piPK:64133175~theSitePK:239419,00.html">httpwebworldbankorgwbsiteexternaldatastatisticscontentmdkmenupkpagepkpipkthesitepkhtml</weblink></p></sec><sec><st>statist</st><p>household incom percentag share<it>lowest</it><it>highest</it></p><p>industri product growth rate est</p><p>electr product billion kwh</p><p>electr product sourc<it>fossil fuel</it></p><p>electr consumpt billion kwh</p><p>electr export kwh</p><p>electr import kwh</p><p>agricultur product date lime banana alfalfa veget camel cattl fish</p><p>exchang rate omani rial dollar</p></sec><sec><st /><p><list><entry level="1" type="bullet"><company wordnetid="108058098" confidence="0.9508927676800064"><link ns0:type="simple" ns0:href="../215/8517215.xml">central bank oman</link></company></entry><entry level="1" type="bullet"><link ns0:type="simple" ns0:href="../237/1409237.xml">omani rial</link></entry><entry level="1" type="bullet"><link ns0:type="simple" ns0:href="../952/8065952.xml">list compani oman</link></entry><entry level="1" type="bullet"><statement wordnetid="106722453" confidence="0.8"><message wordnetid="106598915" confidence="0.8"><agreement wordnetid="106770275" confidence="0.8"><link ns0:type="simple" ns0:href="../547/6129547.xml">usoman free trade agreement</link></agreement></message></statement></entry></list></p></sec><sec><st>refer</st><p><list><entry level="1" type="bullet">httpwwwdfatgovaugeofsomanpdf</entry></list></p></sec><sec><st>extern link</st><ss1><st>govern</st><p><table style="background:transparent;" cellpadding="0" cellspacing="0"><row valign="top"><col style="width:=300px;"><list><entry level="1" type="bullet"><weblink ns0:type="simple" ns0:href="http://www.omanet.om">ministri</weblink></entry><entry level="1" type="bullet"><weblink ns0:type="simple" ns0:href="http://www.mofa.gov.om">ministri foreign affair</weblink></entry><entry level="1" type="bullet"><weblink ns0:type="simple" ns0:href="http://www.omantourism.gov.om">ministri tourism</weblink></entry><entry level="1" type="bullet"><weblink ns0:type="simple" ns0:href="http://www.moneoman.gov.om">ministri nation economi</weblink></entry><entry level="1" type="bullet"><weblink ns0:type="simple" ns0:href="http://www.mocioman.gov.om">ministri commerc industri</weblink></entry><entry level="1" type="bullet"><weblink ns0:type="simple" ns0:href="http://www.cbo-oman.org">central bank oman</weblink></entry><entry level="1" type="bullet"><weblink ns0:type="simple" ns0:href="http://www.chamberoman.com">oman chamber commerc industri</weblink></entry><entry level="1" type="bullet"><weblink ns0:type="simple" ns0:href="http://www.ociped.com">omani centr invest promot</weblink></entry><entry level="1" type="bullet"><weblink ns0:type="simple" ns0:href="http://www.msm.gov.om">muscat secur market</weblink></entry></list></col><col style="width:1.25em;" /><col style="width:=300px;"><list><entry level="1" type="bullet"><weblink ns0:type="simple" ns0:href="http://www.peie.om">public establish industri estat</weblink></entry><entry level="1" type="bullet"><weblink ns0:type="simple" ns0:href="http://www.mof.gov.om">ministri financ</weblink></entry><entry level="1" type="bullet"><weblink ns0:type="simple" ns0:href="http://www.sgrf.gov.om">gener reserv fund</weblink></entry><entry level="1" type="bullet"><weblink ns0:type="simple" ns0:href="http://www.tenderboard.gov.om">oman tender board</weblink></entry><entry level="1" type="bullet"><weblink ns0:type="simple" ns0:href="http://www.sai.gov.om">audit institut</weblink></entry><entry level="1" type="bullet"><weblink ns0:type="simple" ns0:href="http://www.ocodubai.com">oman commerci offic dubai</weblink></entry><entry level="1" type="bullet"><weblink ns0:type="simple" ns0:href="http://www.manpower.gov.om">ministri manpow</weblink></entry><entry level="1" type="bullet"><weblink ns0:type="simple" ns0:href="http://www.mog.gov.om">ministri oil ga</weblink></entry><entry level="1" type="bullet"><weblink ns0:type="simple" ns0:href="http://www.mocs.gov.om">ministri civil servic</weblink></entry></list></col><col style="width:1.25em;" /></row></table></p></ss1><ss1><st /><p><table style="background:transparent;" cellpadding="0" cellspacing="0"><row valign="top"><col style="width:=300px;"><list><entry level="1" type="bullet"><weblink ns0:type="simple" ns0:href="http://www.bankmuscat.com">bank muscat</weblink></entry><entry level="1" type="bullet"><weblink ns0:type="simple" ns0:href="http://www.oiboman.com">oman intern bank</weblink></entry><entry level="1" type="bullet"><weblink ns0:type="simple" ns0:href="http://www.nbo.co.om">nation bank oman</weblink></entry><entry level="1" type="bullet"><weblink ns0:type="simple" ns0:href="http://www.bankdhofar.com">bank dhofar</weblink></entry><entry level="1" type="bullet"><weblink ns0:type="simple" ns0:href="http://www.omanab.com">oman arab bank</weblink></entry><entry level="1" type="bullet"><weblink ns0:type="simple" ns0:href="http://www.banksohar.net">bank sohar</weblink></entry></list></col><col style="width:1.25em;" /><col style="width:=300px;"><list><entry level="1" type="bullet"><weblink ns0:type="simple" ns0:href="http://www.oman.hsbc.com">hsbc oman</weblink></entry><entry level="1" type="bullet"><weblink ns0:type="simple" ns0:href="http://www.salalahport.com">salalah port</weblink></entry><entry level="1" type="bullet"><weblink ns0:type="simple" ns0:href="http://www.portofsohar.com">sohar port</weblink></entry><entry level="1" type="bullet"><weblink ns0:type="simple" ns0:href="http://www.oeronline.com">oman econom review</weblink>httpwwwzawyacomcountriesom</entry><entry level="1" type="bullet">httpwwwameinfocom</entry></list></col><col style="width:1.25em;" /></row></table></p><p><table style=";" class="navbox" cellspacing="0"><row><col style="padding:2px;"><table style="width:100%;background:transparent;color:inherit;;" class="nowraplinks collapsible autocollapse " cellspacing="0"><row><header colspan="2" style=";" class="navbox-title">member<organization wordnetid="108008335" confidence="0.9508927676800064"><link ns0:type="simple" ns0:href="../873/33873.xml">trade organ wto</link></organization></header></row><row style="height:2px;" /><row><col colspan="2" style="width:100%;padding:0px;;;" class="navbox-list navbox-odd"><image location="right" width="150px" src="WTOmap_currentmemberYN.png" /><link ns0:type="simple" ns0:href="../211/40211.xml">albania</link><link ns0:type="simple" ns0:href="../706/706.xml">angola</link><link ns0:type="simple" ns0:href="../479/18950479.xml">antigua barbuda</link><link ns0:type="simple" ns0:href="../340/67340.xml">argentina</link><link ns0:type="simple" ns0:href="../351/67351.xml">armenia</link><link ns0:type="simple" ns0:href="../533/67533.xml">australia</link><link ns0:type="simple" ns0:href="../654/67654.xml">bahrain</link><link ns0:type="simple" ns0:href="../927/68927.xml">bangladesh</link><link ns0:type="simple" ns0:href="../939/68939.xml">barbado</link><link ns0:type="simple" ns0:href="../927/18950927.xml">beliz</link><link ns0:type="simple" ns0:href="../565/3565.xml">benin</link><link ns0:type="simple" ns0:href="../014/69014.xml">bolivia</link><link ns0:type="simple" ns0:href="../616/3616.xml">botswana</link><link ns0:type="simple" ns0:href="../634/3634.xml">brazil</link><link ns0:type="simple" ns0:href="../661/3661.xml">brunei</link><link ns0:type="simple" ns0:href="../680/3680.xml">burkina faso</link><link ns0:type="simple" ns0:href="../391/20391.xml">burma</link><link ns0:type="simple" ns0:href="../698/3698.xml">burundi</link><link ns0:type="simple" ns0:href="../432/5432.xml">cambodia</link><link ns0:type="simple" ns0:href="../452/5452.xml">cameroon</link><link ns0:type="simple" ns0:href="../195/5195.xml">canada</link><link ns0:type="simple" ns0:href="../669/18932669.xml">cape verd</link><link ns0:type="simple" ns0:href="../483/5483.xml">central african republ</link><link ns0:type="simple" ns0:href="../333/5333.xml">chad</link><link ns0:type="simple" ns0:href="../494/5494.xml">chile</link><link ns0:type="simple" ns0:href="../336/19284336.xml">pr china</link><link ns0:type="simple" ns0:href="../839/5839.xml">colombia</link><link ns0:type="simple" ns0:href="../025/8025.xml">democrat republ congo</link><link ns0:type="simple" ns0:href="../499/25499.xml">republ congo</link><link ns0:type="simple" ns0:href="../556/5556.xml">costa rica</link><link>cte divoir</link><link ns0:type="simple" ns0:href="../578/5578.xml">croatia</link><link ns0:type="simple" ns0:href="../588/5588.xml">cuba</link><link ns0:type="simple" ns0:href="../045/8045.xml">djibouti</link><link ns0:type="simple" ns0:href="../018/57018.xml">dominica</link><link ns0:type="simple" ns0:href="../067/8067.xml">dominican republ</link><link ns0:type="simple" ns0:href="../339/9339.xml">ecuador</link><link ns0:type="simple" ns0:href="../351/9351.xml">egypt</link><link ns0:type="simple" ns0:href="../361/9361.xml">el salvador</link><link ns0:type="simple" ns0:href="../533/1598533.xml">european union</link><link ns0:type="simple" ns0:href="../083/19083.xml">yugoslav republ macedonia fyrom</link><link ns0:type="simple" ns0:href="../577/54577.xml">fiji</link><link ns0:type="simple" ns0:href="../032/12032.xml">gabon</link><link ns0:type="simple" ns0:href="../593/69593.xml">gambia</link><link ns0:type="simple" ns0:href="../062/12062.xml">georgia</link><link ns0:type="simple" ns0:href="../072/12072.xml">ghana</link><link ns0:type="simple" ns0:href="../133/12133.xml">grenada</link><link ns0:type="simple" ns0:href="../161/12161.xml">guatemala</link><link ns0:type="simple" ns0:href="../181/12181.xml">guinea</link><link ns0:type="simple" ns0:href="../191/12191.xml">guineabissau</link><link ns0:type="simple" ns0:href="../725/56725.xml">guyana</link><link ns0:type="simple" ns0:href="../378/13378.xml">haiti</link><link ns0:type="simple" ns0:href="../399/13399.xml">hondura</link><link ns0:type="simple" ns0:href="../409/13409.xml">hong kong</link><link ns0:type="simple" ns0:href="../582/64582.xml">iceland</link><link ns0:type="simple" ns0:href="../206/1472206.xml">india</link><link ns0:type="simple" ns0:href="../647/14647.xml">indonesia</link><link ns0:type="simple" ns0:href="../690/14690.xml">israel</link><link ns0:type="simple" ns0:href="../665/15665.xml">jamaica</link><link ns0:type="simple" ns0:href="../578/15578.xml">japan</link><link ns0:type="simple" ns0:href="../719/15719.xml">jordan</link><link ns0:type="simple" ns0:href="../657/16657.xml">kenya</link><link ns0:type="simple" ns0:href="../024/27024.xml">south korea</link><link ns0:type="simple" ns0:href="../689/16689.xml">kuwait</link><link ns0:type="simple" ns0:href="../699/16699.xml">kyrgyzstan</link><link ns0:type="simple" ns0:href="../786/17786.xml">lesotho</link><link ns0:type="simple" ns0:href="../815/17815.xml">liechtenstein</link><link ns0:type="simple" ns0:href="../073/19073.xml">macau</link><link ns0:type="simple" ns0:href="../878/50878.xml">madagascar</link><link ns0:type="simple" ns0:href="../102/19102.xml">malawi</link><link ns0:type="simple" ns0:href="../112/19112.xml">malaysia</link><link ns0:type="simple" ns0:href="../122/19122.xml">maldiv</link><link ns0:type="simple" ns0:href="../132/19132.xml">mali</link><link ns0:type="simple" ns0:href="../184/19184.xml">mauritania</link><link ns0:type="simple" ns0:href="../206/19206.xml">mauritiu</link><link ns0:type="simple" ns0:href="../226/19226.xml">mexico</link><link ns0:type="simple" ns0:href="../245/19245.xml">moldova</link><link ns0:type="simple" ns0:href="../276/19276.xml">mongolia</link><link ns0:type="simple" ns0:href="../296/19296.xml">morocco</link><link ns0:type="simple" ns0:href="../020/57020.xml">mozambiqu</link><link ns0:type="simple" ns0:href="../297/21297.xml">namibia</link><link ns0:type="simple" ns0:href="../327/21327.xml">nepal</link><link ns0:type="simple" ns0:href="../356/21356.xml">zealand</link><link ns0:type="simple" ns0:href="../367/21367.xml">nicaragua</link><link ns0:type="simple" ns0:href="../378/21378.xml">niger</link><link ns0:type="simple" ns0:href="../388/21388.xml">nigeria</link><link ns0:type="simple" ns0:href="../615/57615.xml">norway</link><link ns0:type="simple" ns0:href="../321/22321.xml">oman</link><link ns0:type="simple" ns0:href="../366/23366.xml">pakistan</link><link ns0:type="simple" ns0:href="../396/23396.xml">panama</link><link ns0:type="simple" ns0:href="../023/57023.xml">papua guinea</link><link ns0:type="simple" ns0:href="../425/23425.xml">paraguay</link><link ns0:type="simple" ns0:href="../435/23435.xml">peru</link><link ns0:type="simple" ns0:href="../445/23445.xml">philippin</link><link ns0:type="simple" ns0:href="../191/25191.xml">qatar</link><link ns0:type="simple" ns0:href="../650/25650.xml">rwanda</link><link ns0:type="simple" ns0:href="../014/57014.xml">st kitt nevi</link><link ns0:type="simple" ns0:href="../213/27213.xml">st lucia</link><link ns0:type="simple" ns0:href="../233/27233.xml">st vincent grenadin</link><link ns0:type="simple" ns0:href="../273/27273.xml">saudi arabia</link><link ns0:type="simple" ns0:href="../283/27283.xml">seneg</link><link ns0:type="simple" ns0:href="../313/27313.xml">sierra leon</link><link ns0:type="simple" ns0:href="../011/57011.xml">singapor</link><link ns0:type="simple" ns0:href="../013/57013.xml">solomon island</link><link ns0:type="simple" ns0:href="../372/27372.xml">south africa</link><link ns0:type="simple" ns0:href="../415/27415.xml">sri lanka</link><link ns0:type="simple" ns0:href="../436/27436.xml">surinam</link><link ns0:type="simple" ns0:href="../456/27456.xml">swaziland</link><link ns0:type="simple" ns0:href="../465/27465.xml">switzerland</link><link ns0:type="simple" ns0:href="../092/30092.xml">separ custom territori taiwan penghu kinmen matsu</link><link ns0:type="simple" ns0:href="../123/30123.xml">tanzania</link><link ns0:type="simple" ns0:href="../133/30133.xml">thailand</link><link ns0:type="simple" ns0:href="../143/30143.xml">togo</link><link ns0:type="simple" ns0:href="../009/57009.xml">tonga</link><link ns0:type="simple" ns0:href="../173/30173.xml">trinidad tobago</link><link ns0:type="simple" ns0:href="../813/50813.xml">tunisia</link><link ns0:type="simple" ns0:href="../202/30202.xml">turkey</link><link ns0:type="simple" ns0:href="../924/56924.xml">uganda</link><link ns0:type="simple" ns0:href="../829/31829.xml">ukrain</link><link ns0:type="simple" ns0:href="../838/31838.xml">unit arab emir</link><link ns0:type="simple" ns0:href="../022/32022.xml">unit</link><link ns0:type="simple" ns0:href="../848/31848.xml">uruguay</link><link ns0:type="simple" ns0:href="../457/32457.xml">venezuela</link><link ns0:type="simple" ns0:href="../381/32381.xml">vietnam</link><link ns0:type="simple" ns0:href="../433/34433.xml">zambia</link><link ns0:type="simple" ns0:href="../404/34404.xml">zimbabw</link><p>twentyseven member<economy wordnetid="108366753" confidence="0.9508927676800064"><link ns0:type="simple" ns0:href="../317/9317.xml">european union</link></economy>member wto<link ns0:type="simple" ns0:href="../545/67545.xml">austria</link><link ns0:type="simple" ns0:href="../304/67304.xml">belgium</link><link ns0:type="simple" ns0:href="../671/3671.xml">bulgaria</link><link ns0:type="simple" ns0:href="../598/5598.xml">cypru</link><link ns0:type="simple" ns0:href="../849/5849.xml">czech republ</link><link ns0:type="simple" ns0:href="../035/8035.xml">denmark</link><link ns0:type="simple" ns0:href="../391/9391.xml">estonia</link><link ns0:type="simple" ns0:href="../712/10712.xml">finland</link><link ns0:type="simple" ns0:href="../473/67473.xml">franc</link><link ns0:type="simple" ns0:href="../930/11930.xml">germani</link><link ns0:type="simple" ns0:href="../113/12113.xml">greec</link><link ns0:type="simple" ns0:href="../428/13428.xml">hungari</link><link ns0:type="simple" ns0:href="../019/18933019.xml">ireland</link><link ns0:type="simple" ns0:href="../702/14702.xml">itali</link><link ns0:type="simple" ns0:href="../766/17766.xml">latvia</link><link ns0:type="simple" ns0:href="../139/19283139.xml">lithuania</link><link ns0:type="simple" ns0:href="../834/17834.xml">luxembourg</link><link ns0:type="simple" ns0:href="../142/19142.xml">malta</link><link ns0:type="simple" ns0:href="../760/59760.xml">netherland</link><link ns0:type="simple" ns0:href="../337/21337.xml">netherland antil</link><link ns0:type="simple" ns0:href="../019/23019.xml">poland</link><link ns0:type="simple" ns0:href="../665/19287665.xml">portug</link><link ns0:type="simple" ns0:href="../640/25640.xml">romania</link><link ns0:type="simple" ns0:href="../332/27332.xml">slovakia</link><link ns0:type="simple" ns0:href="../343/27343.xml">slovenia</link><link ns0:type="simple" ns0:href="../393/27393.xml">spain</link><link ns0:type="simple" ns0:href="../299/19283299.xml">sweden</link><link ns0:type="simple" ns0:href="../727/31727.xml">unit kingdom</link></p><p><politics wordnetid="113840719" confidence="0.8"><social_relation wordnetid="100032823" confidence="0.8"><link ns0:type="simple" ns0:href="../658/27658.xml">special administr region peopl republ china</link></social_relation></politics>design<country wordnetid="108544813" confidence="0.9508927676800064"><link ns0:type="simple" ns0:href="../734/25734.xml">republ china</link></country>commonli<island wordnetid="109316454" confidence="0.9508927676800064"><link ns0:type="simple" ns0:href="../107/30107.xml">taiwan</link></island></p></col></row></table></col></row></table></p><p><table style=";" class="navbox" cellspacing="0"><row><col style="padding:2px;"><table style="width:100%;background:transparent;color:inherit;;" class="nowraplinks collapsible autocollapse " cellspacing="0"><row><header colspan="2" style=";" class="navbox-title"><link ns0:type="simple" ns0:href="../314/1219314.xml">economi asia</link></header></row><row style="height:2px;" /><row><col style=";padding:0.35em 1.0em; line-height:1.1em;;" class="navbox-group"><link ns0:type="simple" ns0:href="../253/68253.xml">sovereign</link></col><col style="text-align:left;border-left:2px solid #fdfdfd;width:100%;padding:0px;;;" class="navbox-list navbox-odd"><p><link ns0:type="simple" ns0:href="../895/9895.xml">afghanistan</link><link ns0:type="simple" ns0:href="../351/67351.xml">armenia</link><link ns0:type="simple" ns0:href="../194/40194.xml">azerbaijan</link><link ns0:type="simple" ns0:href="../654/67654.xml">bahrain</link><link ns0:type="simple" ns0:href="../927/68927.xml">bangladesh</link><link ns0:type="simple" ns0:href="../583/3583.xml">bhutan</link><link ns0:type="simple" ns0:href="../661/3661.xml">brunei</link><link ns0:type="simple" ns0:href="../391/20391.xml">burma</link><link ns0:type="simple" ns0:href="../432/5432.xml">cambodia</link><link ns0:type="simple" ns0:href="../336/19284336.xml">peopl republ china</link><link ns0:type="simple" ns0:href="../598/5598.xml">cypru</link><link ns0:type="simple" ns0:href="../045/161045.xml">east timor</link><link ns0:type="simple" ns0:href="../351/9351.xml">egypt</link><link ns0:type="simple" ns0:href="../062/12062.xml">georgia</link><link ns0:type="simple" ns0:href="../206/1472206.xml">india</link><link ns0:type="simple" ns0:href="../647/14647.xml">indonesia</link><link ns0:type="simple" ns0:href="../704/64704.xml">iran</link><link ns0:type="simple" ns0:href="../668/14668.xml">iraq</link><link ns0:type="simple" ns0:href="../690/14690.xml">israel</link><link ns0:type="simple" ns0:href="../578/15578.xml">japan</link><link ns0:type="simple" ns0:href="../719/15719.xml">jordan</link><link ns0:type="simple" ns0:href="../647/16647.xml">kazakhstan</link><link ns0:type="simple" ns0:href="../260/21260.xml">north korea</link><link ns0:type="simple" ns0:href="../024/27024.xml">south korea</link><link ns0:type="simple" ns0:href="../689/16689.xml">kuwait</link><link ns0:type="simple" ns0:href="../699/16699.xml">kyrgyzstan</link><link ns0:type="simple" ns0:href="../757/17757.xml">lao</link><link ns0:type="simple" ns0:href="../776/17776.xml">lebanon</link><link ns0:type="simple" ns0:href="../112/19112.xml">malaysia</link><link ns0:type="simple" ns0:href="../122/19122.xml">maldiv</link><link ns0:type="simple" ns0:href="../276/19276.xml">mongolia</link><link ns0:type="simple" ns0:href="../327/21327.xml">nepal</link><link ns0:type="simple" ns0:href="../321/22321.xml">oman</link><link ns0:type="simple" ns0:href="../366/23366.xml">pakistan</link><link ns0:type="simple" ns0:href="../445/23445.xml">philippin</link><link ns0:type="simple" ns0:href="../191/25191.xml">qatar</link><link ns0:type="simple" ns0:href="../705/25705.xml">russia</link><link ns0:type="simple" ns0:href="../273/27273.xml">saudi arabia</link><link ns0:type="simple" ns0:href="../011/57011.xml">singapor</link><link ns0:type="simple" ns0:href="../415/27415.xml">sri lanka</link><link ns0:type="simple" ns0:href="../476/27476.xml">syria</link><link ns0:type="simple" ns0:href="../113/30113.xml">tajikistan</link><link ns0:type="simple" ns0:href="../092/30092.xml">republ china</link><link ns0:type="simple" ns0:href="../133/30133.xml">thailand</link><link ns0:type="simple" ns0:href="../202/30202.xml">turkey</link><link ns0:type="simple" ns0:href="../212/30212.xml">turkmenistan</link><link ns0:type="simple" ns0:href="../838/31838.xml">unit arab emir</link><link ns0:type="simple" ns0:href="../858/31858.xml">uzbekistan</link><link ns0:type="simple" ns0:href="../381/32381.xml">vietnam</link><link ns0:type="simple" ns0:href="../249/34249.xml">yemen</link></p></col></row><row style="height:2px" /><row><col style=";padding:0.35em 1.0em; line-height:1.1em;;" class="navbox-group"><region wordnetid="108630985" confidence="0.8"><administrative_district wordnetid="108491826" confidence="0.8"><location wordnetid="100027167" confidence="0.8"><district wordnetid="108552138" confidence="0.8"><country wordnetid="108544813" confidence="0.8"><link ns0:type="simple" ns0:href="../529/214529.xml">depend</link></country></district></location></administrative_district></region><link ns0:type="simple" ns0:href="../026/1636026.xml">autonomi</link><link ns0:type="simple" ns0:href="../815/6450815.xml">territori</link></col><col style="text-align:left;border-left:2px solid #fdfdfd;width:100%;padding:0px;;;" class="navbox-list navbox-even"><p><link>aceh</link><link>adjara</link><it><link>abkhazia</link></it><link>akrotiri dhekelia</link><link>altai</link><link>british indian ocean territori</link><link>buryatia</link><link ns0:type="simple" ns0:href="../ium/6th_millennium.xml">christma island</link><link ns0:type="simple" ns0:href="../520/5520.xml">coco keel island</link><link>guangxi</link><link ns0:type="simple" ns0:href="../409/13409.xml">hong kong</link><link>inner mongolia</link><link>iraqi kurdistan</link><link>jakarta</link><link>khakassia</link><link ns0:type="simple" ns0:href="../073/19073.xml">macau</link><it><link ns0:type="simple" ns0:href="../052/18195052.xml">nagornokarabakh</link></it><link>nakhchivan</link><link>ningxia</link><it><link ns0:type="simple" ns0:href="../110/8794110.xml">northern cypru</link></it><link ns0:type="simple" ns0:href="../749/1112749.xml">palestin</link><link ns0:type="simple" ns0:href="../047/12047.xml">gaza strip</link><link ns0:type="simple" ns0:href="../749/1112749.xml">west bank</link><link>papua</link><link>sakha</link><it><link>south ossetia</link></it><link ns0:type="simple" ns0:href="../349/9979349.xml">tibet</link><link>tuva</link><link>west papua</link><link>xinjiang</link><link>yogyakarta</link></p></col></row><row style="height:2px;" /><row><col colspan="2" style=";padding:0.4em 0.2em 0.2em; line-height:1.4em; font-size:95%;" class="navbox-abovebelow"><it>ital</it>indic<link ns0:type="simple" ns0:href="../670/523670.xml">unrecognis partial recognis countri</link>includ<link ns0:type="simple" ns0:href="../239/9239.xml">europ</link>depend<link ns0:type="simple" ns0:href="../661/13973661.xml#xpointer(//*[./st=%22Europe+and+Asia%22])">border definit</link><link ns0:type="simple" ns0:href="../457/19457.xml">myanmar</link>includ<system wordnetid="108435388" confidence="0.8"><economy wordnetid="108366753" confidence="0.8"><group wordnetid="100031264" confidence="0.8"><link ns0:type="simple" ns0:href="../621/22621.xml">oceania</link></group></economy></system><link ns0:type="simple" ns0:href="../399/19159399.xml">timorlest</link><link ns0:type="simple" ns0:href="../678/1775678.xml">transcontinent countri</link>commonli<island wordnetid="109316454" confidence="0.9508927676800064"><link ns0:type="simple" ns0:href="../107/30107.xml">taiwan</link></island></col></row></table></col></row></table></p></ss1></sec></bdy></economy></article>