<article xmlns:ns0="http://www.w3.org/1999/xlink"><header><title>dempstershaf theori</title><id /><revision><id /><timestamp>tz</timestamp><contributor><username>phoeb</username><id /></contributor></revision><categories><category>probabl theori</category></categories></header><bdy>dempstershaf theori mathemat theori<link ns0:type="simple" ns0:href="../854/5236854.xml">evid</link><ref ns0:type="simple" ns0:href="#xpointer(//reflist/entry[@id=%221%22])" />base<it>belief function</it><it>plausibl reason</it>combin separ piec evid calcul probabl event theori develop<physical_entity wordnetid="100001930" confidence="0.8"><peer wordnetid="109626238" confidence="0.8"><person wordnetid="100007846" confidence="0.8"><statistician wordnetid="110653238" confidence="0.8"><intellectual wordnetid="109621545" confidence="0.8"><colleague wordnetid="109935990" confidence="0.8"><alumnus wordnetid="109786338" confidence="0.8"><causal_agent wordnetid="100007347" confidence="0.8"><scientist wordnetid="110560637" confidence="0.8"><mathematician wordnetid="110301261" confidence="0.8"><scholar wordnetid="110557854" confidence="0.8"><associate wordnetid="109816771" confidence="0.8"><link ns0:type="simple" ns0:href="../761/7040761.xml">arthur dempster</link></associate></scholar></mathematician></scientist></causal_agent></alumnus></colleague></intellectual></statistician></person></peer></physical_entity><link ns0:type="simple" ns0:href="../660/226660.xml">glenn shafer</link><sec><st>consid gambl</st><p>gambl bet head turn toss coin fair consid second gambl bet outcom fight world greatest boxer world greatest wrestler assum fairli ignor martial art great difficulti make choic bet</p><p>peopl feel unsur second gambl probabl unknown gambl probabl easili half outcom dempstershaf theori allow consid confid probabl assign outcom</p></sec><sec><st>formal</st><p><it /><it>univers set</it>set consider<link ns0:type="simple" ns0:href="../799/23799.xml">power set</link><math>mathbb px</math>set subset<it />includ<link ns0:type="simple" ns0:href="../566/9566.xml">empti set</link>exampl</p><p><indent level="1"><math>left</math></indent></p><p><indent level="1"><math>mathbb px left varnoth left left</math></indent>element power set repres proposit interest proposit true</p><p>theori evid assign belief mass subset power set formal function<math>mathbb px rightarrow</math>call<it>basic belief assign</it>bba verifi axiom mass empti set</p><p><indent level="1"><math>mvarnoth</math></indent>second mass remain member power set add total</p><p><indent level="1"><math>sum_a mathbb px ma</math></indent>mass<it /><it />member power set<it />express proport relev evid support claim actual belong<it />subset<it /><it /><it />pertain<it />set<it />addit claim subset<it />definit mass</p><p>mass assign upper lower bound probabl interv defin interv precis probabl set interest classic sens bound nonaddit continu measur call belief support plausibl</p><p><indent level="1"><math>operatornamebela le pa le operatornamepla</math></indent>belief bel<it />set<it />defin sum mass proper subset set interest</p><p><indent level="1"><math>operatornamebela sum_b mid subseteq mb</math></indent>plausibl pl<it />sum mass set<it />intersect set interest<it /></p><p><indent level="1"><math>operatornamepla sum_b mid cap ne varnoth mb</math></indent>measur</p><p><indent level="1"><math>operatornamepla operatornamebeloverlinea</math></indent>three mass belief plausibl deduc valu set order calcul valu set</p></sec><sec><st>dempster rule combin</st><p>problem face combin independ set mass assign origin combin rule dempster rule combin gener<link ns0:type="simple" ns0:href="../569/49569.xml">bay rule</link>rule emphasis agreement multipl sourc ignor<it />conflict evid normal factor rule seriou critic conflict encount</p><p>combin call joint mass calcul set mass<math>m_</math><math>m_</math>manner</p><p><indent level="1"><math>m_varnoth</math></indent><indent level="1"><math>m_a m_ oplu m_ frac sum_b cap ne varnoth m_b m_c</math></indent></p><p><indent level="1"><math>sum_b cap varnoth m_b m_c</math></indent><math />measur amount conflict mass set normal factor<math />complet ignor conflict attribut<it />mass associ conflict null set consequ oper yield counterintuit face conflict context</p></sec><sec><st>discuss</st><p>dempstershaf theori gener bayesian theori subject probabl requir probabl question interest belief function base degre belief confid trust question probabl question degre belief mathemat properti probabl differ depend close question<ref ns0:type="simple" ns0:href="#xpointer(//reflist/entry[@id=%222%22])" />repres<link ns0:type="simple" ns0:href="../247/9247.xml">epistem</link>plausibl yield answer contradict arriv<link ns0:type="simple" ns0:href="../542/23542.xml">probabl theori</link></p><p>method<link ns0:type="simple" ns0:href="../077/1461077.xml">sensor fusion</link>dempstershaf theori base idea obtain degre belief question subject probabl question dempster rule<ref ns0:type="simple" ns0:href="#xpointer(//reflist/entry[@id=%223%22])" />combin degre belief base independ item evid essenc degre belief proposit depend number answer question proposit subject probabl answer contribut rule combin reflect gener assumpt data</p><p>formal degre belief refer mass repres belief function<link ns0:type="simple" ns0:href="../890/4890.xml">bayesian</link><link ns0:type="simple" ns0:href="../543/23543.xml">probabl distribut</link>probabl valu assign<it>set</it>possibl singl event appeal rest fact natur encod evid favor proposit</p><p>dempstershaf theori assign mass subset entiti compris system suppos exampl system member independ exactli actual origin set call<math />set subset<it>power set</it>call express subset binari vector describ member write member slot subset<math />gener rang empti subset subset empti subset repres contradict true assign mass remain mass normalis total subset label unknown repres element sens actual</p><ss1><st>belief plausibl</st><p>shafer framework allow belief proposit repres interv bound valu<it>belief</it><it>support</it><it>plausibl</it></p><p><indent level="1"><it>belief</it>le<it>plausibl</it></indent><it>belief</it>hypothesi constitut sum mass set enclos sum mass subset hypothesi amount belief directli support hypothesi form lower bound<it>plausibl</it>minu sum mass set intersect hypothesi empti upper bound possibl hypothesi happen happen evid contradict hypothesi</p><p>exampl suppos belief plausibl proposit cat box dead evid allow proposit true confid evid contrari hypothesi cat aliv confid remain mass gap support evid hand contrari evid indetermin mean cat dead aliv interv repres level uncertainti base evid system</p><p><table cellpadding="1" border="1"><header>hypothesi</header><header>mass</header><header>belief</header><header>plausibl</header><row><col>null aliv dead</col><col /><col /><col /></row><row><col>aliv</col><col /><col /><col /></row><row><col>dead</col><col /><col /><col /></row><row><col>aliv dead</col><col /><col /><col /></row></table></p><p>null hypothesi set definit correspond solut orthogon hypothes aliv dead probabl correspond livedead cat detector signal respect reliabl final allencompass hypothesi simpli acknowledg cat box pick slack sum mass support aliv dead hypothes match correspond mass subset support consist sum three mass aliv dead aliv dead subset aliv plausibl mdeath dead plausibl maliv final plausibl sum malivemdeadmeith univers hypothesi will support plausibl act checksum sort</p><p>elabor exampl behaviour support plausibl emerg faraway object colour three colour red white blue varieti detector mode</p><p><table cellpadding="1" border="1"><header>hypothesi</header><header>mass</header><header>belief</header><header>plausibl</header><row><col>null</col><col /><col /><col /></row><row><col>red</col><col /><col /><col /></row><row><col>white</col><col /><col /><col /></row><row><col>blue</col><col /><col /><col /></row><row><col>red white</col><col /><col /><col /></row><row><col>red blue</col><col /><col /><col /></row><row><col>white blue</col><col /><col /><col /></row><row><col /><col /><col /><col /></row></table></p><p>bad exampl event kind model disjoint set probabl space event red blue consid union event red blue axiom probabl theori pred white gt pwhite pani three disjoint event blue red white add fact model probabl measur space linear proport plausibl normal predpwhitepblu except probabl</p></ss1><ss1><st>combin belief</st><p>belief correspond independ piec combin<it><link>dempster rule combin</link></it>generalis special case<statement wordnetid="106722453" confidence="0.8"><message wordnetid="106598915" confidence="0.8"><theorem wordnetid="106752293" confidence="0.8"><proposition wordnetid="106750804" confidence="0.8"><link ns0:type="simple" ns0:href="../569/49569.xml">bay theorem</link></proposition></theorem></message></statement>event independ note probabl mass proposit contradict measur conflict system measur criterion cluster multipl piec seemingli conflict evid compet hypothes</p><p>addit comput advantag dempstershaf framework prior condit bayesian method symmetri minimax error argument assign prior probabl random variabl assign binari valu contain miss prior condit dempstershaf framework indirectli arguabl calcul bay equat</p><p>dempstershaf theori allow degre ignor situat forc suppli prior probabl add uniti sort situat real distinct<it><link ns0:type="simple" ns0:href="../617/25617.xml">risk</link></it><it><link ns0:type="simple" ns0:href="../326/306326.xml">ignor</link></it>extens discuss statistician economist exampl contrast view<link ns0:type="simple" ns0:href="../480/1912480.xml">daniel ellsberg</link><peer wordnetid="109626238" confidence="0.8"><physical_entity wordnetid="100001930" confidence="0.8"><person wordnetid="100007846" confidence="0.8"><colleague wordnetid="109935990" confidence="0.8"><adult wordnetid="109605289" confidence="0.8"><scientist wordnetid="110560637" confidence="0.8"><professional wordnetid="110480253" confidence="0.8"><educator wordnetid="110045713" confidence="0.8"><associate wordnetid="109816771" confidence="0.8"><statistician wordnetid="110653238" confidence="0.8"><academician wordnetid="109759069" confidence="0.8"><causal_agent wordnetid="100007347" confidence="0.8"><mathematician wordnetid="110301261" confidence="0.8"><link ns0:type="simple" ns0:href="../813/2529813.xml">howard raiffa</link></mathematician></causal_agent></academician></statistician></associate></educator></professional></scientist></adult></colleague></person></physical_entity></peer><link ns0:type="simple" ns0:href="../033/1473033.xml">kenneth arrow</link><link ns0:type="simple" ns0:href="../033/1473033.xml">frank knight</link></p></ss1><ss1><st>critic</st><p><person wordnetid="100007846" confidence="0.9508927676800064"><scientist wordnetid="110560637" confidence="0.9508927676800064"><link ns0:type="simple" ns0:href="../964/699964.xml">judea pearl</link></scientist></person>chapter<ref ns0:type="simple" ns0:href="#xpointer(//reflist/entry[@id=%224%22])" /><ref ns0:type="simple" ns0:href="#xpointer(//reflist/entry[@id=%225%22])" /><ref ns0:type="simple" ns0:href="#xpointer(//reflist/entry[@id=%226%22])" />argu mislead interpret belief function repres probabl event confid probabl assign outcom degre belief confid trust proposit degre ignor situat belief function repres probabl proposit<it>provabl</it>set proposit probabl assign confus probabl<it>truth</it>probabl<it>provabl</it>lead counterintuit reason task repres incomplet knowledg beliefupd evid pool demonstr partial knowledg encod updat belief function method belief serv basi ration decis</p><p>kopotek wierzcho<ref ns0:type="simple" ns0:href="#xpointer(//reflist/entry[@id=%227%22])" />propos interpret dempstershaf theori term statist decis tabl<link ns0:type="simple" ns0:href="../778/1634778.xml">rough set theori</link>oper combin evid relat join decis tabl interpret<ref ns0:type="simple" ns0:href="#xpointer(//reflist/entry[@id=%228%22])" />propos view theori describ destruct materi process loss properti semiconductor product process interpret reason dst correct contrari earlier probabilist interpret critic pearl cite paper research</p></ss1></sec><sec><st /><p><list><entry level="1" type="bullet"><link ns0:type="simple" ns0:href="../425/1504425.xml">possibl theori</link></entry><entry level="1" type="bullet"><link ns0:type="simple" ns0:href="../542/23542.xml">probabl theori</link></entry><entry level="1" type="bullet"><statement wordnetid="106722453" confidence="0.8"><message wordnetid="106598915" confidence="0.8"><theorem wordnetid="106752293" confidence="0.8"><proposition wordnetid="106750804" confidence="0.8"><link ns0:type="simple" ns0:href="../569/49569.xml">bay theorem</link></proposition></theorem></message></statement></entry><entry level="1" type="bullet"><physical_entity wordnetid="100001930" confidence="0.8"><person wordnetid="100007846" confidence="0.8"><model wordnetid="110324560" confidence="0.8"><assistant wordnetid="109815790" confidence="0.8"><worker wordnetid="109632518" confidence="0.8"><causal_agent wordnetid="100007347" confidence="0.8"><link ns0:type="simple" ns0:href="../996/203996.xml">bayesian network</link></causal_agent></worker></assistant></model></person></physical_entity></entry><entry level="1" type="bullet"><link ns0:type="simple" ns0:href="../023/4612023.xml">gl shackl</link></entry><entry level="1" type="bullet"><link ns0:type="simple" ns0:href="../139/6226139.xml">transfer belief model</link></entry><entry level="1" type="bullet"><link ns0:type="simple" ns0:href="../173/4839173.xml">infogap decis theori</link></entry><entry level="1" type="bullet"><link ns0:type="simple" ns0:href="../580/12413580.xml">subject logic</link></entry></list></p></sec><sec><st>refer</st><p><reflist><entry id="1">shafer glenn<it>mathemat theori evid</it>princeton univers press isbn</entry><entry id="2">shafer glenn<weblink ns0:type="simple" ns0:href="http://www.glennshafer.com/assets/downloads/articles/article48.pdf"><it>dempstershaf theori</it></weblink></entry><entry id="3">dempster arthur<it>gener bayesian infer</it>journal royal statist societi seri</entry><entry id="4">pearl<it>probabilist reason intellig system</it>revis second print san mateo morgan kaufmann</entry><entry id="5">pearl probabl interv<it>intern journal approxim reason</it></entry><entry id="6">pearl reason belief function analysi compat<it>intern journal approxim reason</it></entry><entry id="7">ma kopotek st wierzcho qualit roughset approach model belief function polkowski skowron ed rough set current trend comput proc st intern confer rsctc warsaw june lectur note artifici intellig springerverlag</entry><entry id="8">makopotek stwierzcho empir model dempstershaf theori srivastava rp mock tj ed belief function busi decis seri studi fuzzi soft comput springerverlag march isbn</entry></reflist><list><entry level="1" type="bullet">joseph giarratano gari riley<it>expert system principl program</it>thomson cours tech isbn</entry><entry level="1" type="bullet">kari sentz scott ferson<weblink ns0:type="simple" ns0:href="http://www.sandia.gov/epistemic/Reports/SAND2002-0835.pdf"><it>combin evid dempstershaf theori</it></weblink>sandia nation laboratori sand</entry></list></p></sec><sec><st>read</st><p><list><entry level="1" type="bullet">yager liu<it>classic work dempstershaf theori belief function</it>studi fuzzi soft comput berlin<company wordnetid="108058098" confidence="0.8"><institution wordnetid="108053576" confidence="0.8"><link ns0:type="simple" ns0:href="../949/1418949.xml">springer</link></institution></company>isbn</entry></list></p></sec></bdy></article>