<article xmlns:ns0="http://www.w3.org/1999/xlink"><algorithm confidence="0.9511911446218017" wordnetid="105847438"><header><title>onlin algorithm</title><id /><revision><id /><timestamp>tz</timestamp><contributor><username>david eppstein</username><id /></contributor></revision><categories><category>onlin algorithm</category></categories></header><bdy><link ns0:type="simple" ns0:href="../323/5323.xml">comput scienc</link><b>onlin algorithm</b>process input piecebypiec entir input start contrast<b>offlin algorithm</b>problem data requir output answer solv problem hand exampl<link ns0:type="simple" ns0:href="../352/29352.xml">select sort</link>requir entir list sort<link ns0:type="simple" ns0:href="../205/15205.xml">insert sort</link>doesnt<p>exampl problem consid problem find<link ns0:type="simple" ns0:href="../985/41985.xml">shortest path</link>finit connect<link ns0:type="simple" ns0:href="../401/12401.xml">graph</link>graph unknown algorithm receiv<link ns0:type="simple" ns0:href="../074/998074.xml">node</link>neighbor enter node clear problem solv optim simpl exhaust search perform measur introduc<event wordnetid="100029378" confidence="0.8"><rule wordnetid="105846932" confidence="0.8"><act wordnetid="100030358" confidence="0.8"><psychological_feature wordnetid="100023100" confidence="0.8"><procedure wordnetid="101023820" confidence="0.8"><activity wordnetid="100407535" confidence="0.8"><algorithm wordnetid="105847438" confidence="0.8"><link ns0:type="simple" ns0:href="../743/8198743.xml">competit analysi</link></algorithm></activity></procedure></psychological_feature></act></rule></event>compar perform onlin algorithm hypothet offlin algorithm entir input advanc</p><sec><st>onlin algorithm</st><p>name referenc capit letter appear paper capit letter name onlin algorithm<list><entry level="1" type="bullet">algorithm<event wordnetid="100029378" confidence="0.8"><rule wordnetid="105846932" confidence="0.8"><act wordnetid="100030358" confidence="0.8"><psychological_feature wordnetid="100023100" confidence="0.8"><procedure wordnetid="101023820" confidence="0.8"><activity wordnetid="100407535" confidence="0.8"><algorithm wordnetid="105847438" confidence="0.8"><link ns0:type="simple" ns0:href="../038/7767038.xml">kserver problem</link></algorithm></activity></procedure></psychological_feature></act></rule></event></entry><entry level="2" type="bullet"><link>balanc</link></entry><entry level="2" type="bullet"><link>balanceslack</link></entry><entry level="2" type="bullet"><link>doubl coverag</link></entry><entry level="2" type="bullet"><link>equipois</link></entry><entry level="2" type="bullet"><link>handicap</link></entry><entry level="2" type="bullet"><link>harmon</link></entry><entry level="2" type="bullet"><link>randomslack</link></entry><entry level="2" type="bullet"><link>tight span algorithm</link></entry><entry level="2" type="bullet"><link>tree algorithm</link></entry><entry level="2" type="bullet"><link>work function algorithm wfa</link></entry></list></p></sec><sec><st /><p><list><entry level="1" type="bullet"><event wordnetid="100029378" confidence="0.8"><rule wordnetid="105846932" confidence="0.8"><act wordnetid="100030358" confidence="0.8"><psychological_feature wordnetid="100023100" confidence="0.8"><procedure wordnetid="101023820" confidence="0.8"><activity wordnetid="100407535" confidence="0.8"><algorithm wordnetid="105847438" confidence="0.8"><link ns0:type="simple" ns0:href="../634/8198634.xml">adversari model</link></algorithm></activity></procedure></psychological_feature></act></rule></event></entry><entry level="1" type="bullet"><event wordnetid="100029378" confidence="0.8"><rule wordnetid="105846932" confidence="0.8"><act wordnetid="100030358" confidence="0.8"><psychological_feature wordnetid="100023100" confidence="0.8"><procedure wordnetid="101023820" confidence="0.8"><activity wordnetid="100407535" confidence="0.8"><algorithm wordnetid="105847438" confidence="0.8"><link ns0:type="simple" ns0:href="../743/8198743.xml">competit analysi</link></algorithm></activity></procedure></psychological_feature></act></rule></event></entry><entry level="1" type="bullet"><link>list access problem</link></entry><entry level="1" type="bullet"><event wordnetid="100029378" confidence="0.8"><rule wordnetid="105846932" confidence="0.8"><act wordnetid="100030358" confidence="0.8"><psychological_feature wordnetid="100023100" confidence="0.8"><procedure wordnetid="101023820" confidence="0.8"><activity wordnetid="100407535" confidence="0.8"><algorithm wordnetid="105847438" confidence="0.8"><link ns0:type="simple" ns0:href="../335/8305335.xml">metric task system</link></algorithm></activity></procedure></psychological_feature></act></rule></event></entry><entry level="1" type="bullet"><link>page problem</link></entry><entry level="1" type="bullet"><link ns0:type="simple" ns0:href="../767/25767.xml">realtim comput</link></entry><entry level="1" type="bullet"><link>job shop schedul</link></entry><entry level="1" type="bullet"><link ns0:type="simple" ns0:href="../884/17909884.xml">ski rental problem</link></entry></list></p></sec><sec><st>refer</st><p><list><entry level="1" type="bullet"><cite style="font-style:normal" class="book"><physical_entity wordnetid="100001930" confidence="0.8"><peer wordnetid="109626238" confidence="0.8"><person wordnetid="100007846" confidence="0.8"><intellectual wordnetid="109621545" confidence="0.8"><colleague wordnetid="109935990" confidence="0.8"><alumnus wordnetid="109786338" confidence="0.8"><causal_agent wordnetid="100007347" confidence="0.8"><scientist wordnetid="110560637" confidence="0.8"><scholar wordnetid="110557854" confidence="0.8"><associate wordnetid="109816771" confidence="0.8"><link ns0:type="simple" ns0:href="../449/2815449.xml">borodin</link></associate></scholar></scientist></causal_agent></alumnus></colleague></intellectual></person></peer></physical_entity>elyaniv<weblink ns0:type="simple" ns0:href="http://www.cs.technion.ac.il/~rani/book.html">onlin comput competit analysi</weblink>cambridg univers press isbn</cite></entry></list></p></sec><sec><st>extern link</st><p><list><entry level="1" type="bullet"><weblink ns0:type="simple" ns0:href="http://www.cs.ucr.edu/~marek/pubs/online.bib">bibliographi paper onlin algorithm</weblink></entry></list></p></sec></bdy></algorithm></article>