<article xmlns:ns0="http://www.w3.org/1999/xlink"><header><title>viterbi algorithm</title><id /><revision><id /><timestamp>tz</timestamp><contributor><username>patrick</username><id /></contributor></revision><categories><category>error detect correct</category><category>machin learn</category><category>dynam program</category></categories></header><bdy><b>viterbi algorithm</b><link ns0:type="simple" ns0:href="../297/125297.xml">dynam program</link><link ns0:type="simple" ns0:href="../775/775.xml">algorithm</link>find<link ns0:type="simple" ns0:href="../968/44968.xml" />sequenc hidden call<b>viterbi path</b>sequenc observ event context<physical_entity wordnetid="100001930" confidence="0.8"><person wordnetid="100007846" confidence="0.8"><model wordnetid="110324560" confidence="0.8"><assistant wordnetid="109815790" confidence="0.8"><worker wordnetid="109632518" confidence="0.8"><causal_agent wordnetid="100007347" confidence="0.8"><link ns0:type="simple" ns0:href="../029/17878029.xml">markov sourc</link></causal_agent></worker></assistant></model></person></physical_entity>gener<link ns0:type="simple" ns0:href="../770/98770.xml">hidden markov model</link><b>forward algorithm</b>close algorithm comput probabl sequenc observ event algorithm belong realm<link ns0:type="simple" ns0:href="../773/14773.xml">theori</link><p>algorithm number assumpt observ event hidden event sequenc sequenc correspond time second sequenc align instanc observ event correspond exactli instanc hidden event third comput hidden sequenc point<it />depend observ event point<it />sequenc point<it />minu assumpt satisfi firstord hidden markov model</p><p>term viterbi path viterbi algorithm appli dynam program algorithm discov singl explan observ exampl<link ns0:type="simple" ns0:href="../544/7024544.xml">statist pars</link>dynam program algorithm discov singl contextfre deriv pars string call viterbi pars</p><p>viterbi algorithm conceiv<person wordnetid="100007846" confidence="0.9508927676800064"><link ns0:type="simple" ns0:href="../326/326326.xml">andrew viterbi</link></person><link ns0:type="simple" ns0:href="../375/10375.xml">errorcorrect</link>scheme noisi digit commun link find univers applic decod<link ns0:type="simple" ns0:href="../962/40962.xml">convolut code</link><link ns0:type="simple" ns0:href="../143/7143.xml">cdma</link><standard wordnetid="107260623" confidence="0.8"><system_of_measurement wordnetid="113577171" confidence="0.8"><link ns0:type="simple" ns0:href="../808/12808.xml">gsm</link></system_of_measurement></standard>digit cellular<link ns0:type="simple" ns0:href="../546/59546.xml">dialup</link>modem satellit deepspac commun<link ns0:type="simple" ns0:href="../739/14739.xml" />wireless lan commonli<link ns0:type="simple" ns0:href="../468/29468.xml">speech recognit</link><link ns0:type="simple" ns0:href="../963/1232963.xml">keyword spot</link><link ns0:type="simple" ns0:href="../561/5561.xml">comput linguist</link><link ns0:type="simple" ns0:href="../214/4214.xml">bioinformat</link>exampl<link ns0:type="simple" ns0:href="../468/29468.xml">speechtotext</link>speech recognit acoust signal treat observ sequenc event string text consid hidden acoust signal viterbi algorithm find string text acoust signal</p><sec><st>overview</st><p>assumpt list elabor viterbi algorithm oper machin assumpt time system model finit number larg list repres node multipl sequenc path lead path call survivor path fundament assumpt algorithm algorithm will examin path lead algorithm track path</p><p>second key assumpt transit previou mark increment metric number transit comput event third key assumpt event cumul path sens addit crux algorithm number event occur algorithm examin move forward set combin metric previou increment metric transit event choos best increment metric associ event depend transit possibl exampl data commun transmit half symbol odd number half number addit case transit graph fulli connect simpl exampl car forward revers transit forward revers allow enter comput combin increment metric metric best surviv path discard modif basic algorithm allow forward search addit backward describ</p><p>path histori store case search histori complet machin encod start suffici memori path case programmat solut limit resourc exampl convolut encod decod truncat histori depth larg perform accept level viterbi algorithm effici modif reduc comput load memori requir tend remain constant</p></sec><sec><st>concret exampl</st><p>consid friend alic bob live apart talk daili telephon day bob interest three activ walk park shop clean apart choic determin exclus weather day alic definit weather bob live gener trend base bob tell day alic guess weather</p><p>alic believ weather oper discret<physical_entity wordnetid="100001930" confidence="0.8"><person wordnetid="100007846" confidence="0.8"><model wordnetid="110324560" confidence="0.8"><assistant wordnetid="109815790" confidence="0.8"><worker wordnetid="109632518" confidence="0.8"><causal_agent wordnetid="100007347" confidence="0.8"><link ns0:type="simple" ns0:href="../876/60876.xml">markov chain</link></causal_agent></worker></assistant></model></person></physical_entity>raini sunni observ directli<it>hidden</it>day chanc bob will perform activ depend weather walk shop clean bob tell alic activ<it>observ</it>entir system hidden markov model hmm</p><p>alic gener weather trend area bob like averag paramet hmm written<link ns0:type="simple" ns0:href="../862/23862.xml">python program languag</link></p><p>raini sunni</p><p>observ walk shop clean</p><p>start_prob raini sunni</p><p>transition_prob raini raini sunni sunni raini sunni</p><p>emission_prob raini walk shop clean sunni walk shop clean</p><p>piec code start_prob repres alic belief hmm bob call raini averag probabl distribut equilibrium transit probabl raini sunni transition_prob repres chang weather underli markov chain exampl chanc tomorrow will sunni today raini emission_prob repres bob perform activ day raini chanc clean apart sunni chanc walk</p><p>alic talk bob three day row discov day walk second day shop third day clean apart alic question probabl sequenc observ sequenc rainysunni day explain observ question answer forward algorithm second question answer viterbi algorithm algorithm structur fact instanc abstract algorithm implement singl function</p><p>def forward_viterbiob start_p trans_p emit_p<list><entry level="2" type="number">prob path prob</entry></list>tstate start_pstat start_pstat output ob next_stat total argmax valmax source_st prob v_path v_prob tsource_st emit_psource_stateoutput trans_psource_statenext_st prob v_prob total prob v_prob gt valmax argmax v_path next_stat valmax v_prob unext_st total argmax valmax<list><entry level="2" type="number">appli summax final</entry></list>total argmax valmax prob v_path v_prob tstate total prob v_prob gt valmax argmax v_path valmax v_prob return total argmax valmax</p><p>function forward_viterbi take argument ob sequenc observ walk shop clean set hidden start_p start probabl trans_p transit probabl emit_p emiss probabl</p><p>algorithm work map map tripl prob v_path v_prob prob total probabl path start current constrain observ v_path viterbi path current v_prob probabl viterbi path current map hold point<it />time main loop construct hold time<it /><link ns0:type="simple" ns0:href="../422/306422.xml">markov properti</link>point time prior<it />need</p><p>algorithm initi<it />start probabl total probabl start probabl viterbi path start singleton path consist probabl viterbi path start probabl</p><p>main loop consid observ ob sequenc<link ns0:type="simple" ns0:href="../460/578460.xml">loop invari</link>correct exclud point time current observ algorithm comput tripl prob v_path v_prob total probabl total ad probabl path reach precis algorithm iter sourc sourc hold total probabl path probabl multipli emiss probabl current observ transit probabl sourc probabl prob total probabl viterbi path comput fashion ad path perform discret maxim initi maximum valmax sourc probabl viterbi path multipli emiss transit probabl replac valmax greater current viterbi path comput correspond<link ns0:type="simple" ns0:href="../004/348004.xml">argmax</link>maxim extend viterbi path lead current tripl prob v_path v_prob comput fashion store comput replac ensur loop invari hold iter</p><p>summationmaxim perform insid main loop ad pseudoobserv real observ</p><p>run exampl forwardviterbi algorithm</p><p>def exampl return forward_viterbiobserv start_prob transition_prob emission_prob print exampl</p><p>reveal total probabl walk shop clean viterbi path sunni raini raini raini probabl viterbi path third observ gener third transit fourth observ activ sunni bob walk start rain day rain</p><p>implement algorithm languag<link ns0:type="simple" ns0:href="../376/11376.xml">float point</link>arithmet small lead underflow common techniqu avoid logarithm probabl comput techniqu<link ns0:type="simple" ns0:href="../455/9636455.xml">logarithm number system</link>algorithm termin accur perform appropri exponenti</p></sec><sec><st>extens</st><p>algorithm call<link ns0:type="simple" ns0:href="../914/1232914.xml">iter viterbi decod</link>find subsequ observ match best averag hmm iter viterbi decod work iter invok modifi viterbi algorithm reestim score filler converg</p><p>altern algorithm<link>lazi viterbi algorithm</link>propos work expand node manag lot work softwar ordinari viterbi algorithm result easi parallel hardwar</p></sec><sec><st /><p><list><entry level="1" type="bullet"><event wordnetid="100029378" confidence="0.8"><rule wordnetid="105846932" confidence="0.8"><act wordnetid="100030358" confidence="0.8"><psychological_feature wordnetid="100023100" confidence="0.8"><procedure wordnetid="101023820" confidence="0.8"><activity wordnetid="100407535" confidence="0.8"><algorithm wordnetid="105847438" confidence="0.8"><link ns0:type="simple" ns0:href="../778/822778.xml">baumwelch algorithm</link></algorithm></activity></procedure></psychological_feature></act></rule></event></entry><entry level="1" type="bullet"><link ns0:type="simple" ns0:href="../749/9292749.xml">forwardbackward algorithm</link></entry><entry level="1" type="bullet"><link>errorcorrect code</link></entry><entry level="1" type="bullet"><link ns0:type="simple" ns0:href="../500/3772500.xml">soft output viterbi algorithm</link></entry><entry level="1" type="bullet"><link ns0:type="simple" ns0:href="../015/1653015.xml">viterbi decod</link></entry></list></p></sec><sec><st>refer</st><p><list><entry level="1" type="bullet">andrew viterbi<weblink ns0:type="simple" ns0:href="http://ieeexplore.ieee.org/search/wrapper.jsp?arnumber=1054010">error bound convolut code asymptot optimum decod algorithm</weblink><it>ieee transact theori</it>april viterbi decod algorithm describ iv</entry></list></p><p><list><entry level="1" type="bullet">forney<weblink ns0:type="simple" ns0:href="http://ieeexplore.ieee.org/search/wrapper.jsp?arnumber=1450960">viterbi algorithm</weblink><it>proceed ieee</it>march</entry></list></p><p><list><entry level="1" type="bullet">rabin<weblink ns0:type="simple" ns0:href="http://dx.doi.org/10.1109/5.18626">tutori hidden markov model select applic speech recognit</weblink><it>proceed ieee</it>februari describ forward algorithm viterbi algorithm hmm</entry></list></p><p><list><entry level="1" type="bullet">feldman aboufayc frigo fast maximumlikelihood decod convolut code</entry></list></p></sec><sec><st>extern link</st><p><list><entry level="1" type="bullet"><weblink ns0:type="simple" ns0:href="http://search.cpan.org/~koen/Algorithm-Viterbi-0.01/lib/Algorithm/Viterbi.pm">implement viterbi algorithm perl</weblink></entry><entry level="1" type="bullet"><weblink ns0:type="simple" ns0:href="http://www.biais.org/blog/index.php/2007/09/05/52-viterbi-algorithm-variant-in-python">implement variant viterbi algorithm python</weblink></entry><entry level="1" type="bullet"><weblink ns0:type="simple" ns0:href="http://pcarvalho.com/forward_viterbi/">implement demonstr viterbi algorithm</weblink></entry></list></p></sec></bdy></article>