<article xmlns:ns0="http://www.w3.org/1999/xlink"><comedian confidence="0.9511911446218017" wordnetid="109940146"><musician confidence="0.9511911446218017" wordnetid="110340312"><artist confidence="0.9511911446218017" wordnetid="109812338"><header><title>flander swann</title><id /><revision><id /><timestamp>tz</timestamp><contributor><username>leavesleav</username><id /></contributor></revision><categories><category>spoken articl</category><category>british music</category><category>parlophon artist</category><category>british comedi humour</category><category>british comedi musician</category><category>british comedian</category></categories></header><bdy><image location="right" width="150px" src="Indexflanders57.jpg" type="thumb"><caption>michael flander</caption></image><autocracy wordnetid="108361001" confidence="0.8"><system wordnetid="108435388" confidence="0.8"><social_group wordnetid="107950920" confidence="0.8"><political_orientation wordnetid="106212839" confidence="0.8"><monarchy wordnetid="108363812" confidence="0.8"><state wordnetid="108168978" confidence="0.8"><political_unit wordnetid="108359949" confidence="0.8"><political_system wordnetid="108367880" confidence="0.8"><economy wordnetid="108366753" confidence="0.8"><group wordnetid="100031264" confidence="0.8"><democracy wordnetid="106217103" confidence="0.8"><link ns0:type="simple" ns0:href="../717/31717.xml">british</link></democracy></group></economy></political_system></political_unit></state></monarchy></political_orientation></social_group></system></autocracy>duo flander swann actor singer<person wordnetid="100007846" confidence="0.9508927676800064"><performer wordnetid="110415638" confidence="0.9173553029164789"><actor wordnetid="109765278" confidence="0.9173553029164789"><writer wordnetid="110794014" confidence="0.9173553029164789"><link ns0:type="simple" ns0:href="../619/377619.xml">michael flander</link></writer></actor></performer></person>compos pianist linguist<physical_entity wordnetid="100001930" confidence="0.8"><person wordnetid="100007846" confidence="0.8"><dissenter wordnetid="110018021" confidence="0.8"><adult wordnetid="109605289" confidence="0.8"><creator wordnetid="109614315" confidence="0.8"><composer wordnetid="109947232" confidence="0.8"><performer wordnetid="110415638" confidence="0.8"><causal_agent wordnetid="100007347" confidence="0.8"><musician wordnetid="110339966" confidence="0.8"><musician wordnetid="110340312" confidence="0.8"><pacifist wordnetid="110390199" confidence="0.8"><artist wordnetid="109812338" confidence="0.8"><entertainer wordnetid="109616922" confidence="0.8"><link ns0:type="simple" ns0:href="../627/377627.xml">donald swann</link></entertainer></artist></pacifist></musician></musician></causal_agent></performer></composer></creator></adult></dissenter></person></physical_entity>collabor write perform<link ns0:type="simple" ns0:href="../735/6735.xml">comic song</link><p>perform song longrun twoman<link ns0:type="simple" ns0:href="../763/776763.xml">revu</link><it><musical wordnetid="107019172" confidence="0.9508927676800064"><link ns0:type="simple" ns0:href="../456/6371456.xml">drop hat</link></musical></it><it><musical wordnetid="107019172" confidence="0.9508927676800064"><link ns0:type="simple" ns0:href="../609/12821609.xml">drop hat</link></musical></it>revu record concert studiobas track</p><sec><st>music partnership</st><p>flander swann attend<school wordnetid="108276720" confidence="0.9508927676800064"><link ns0:type="simple" ns0:href="../751/171751.xml">westminst school</link></school>juli august stage revu call<it /><ref ns0:type="simple" ns0:href="#xpointer(//reflist/entry[@id=%221%22])" /><structure wordnetid="104341686" confidence="0.8"><religious_residence wordnetid="104073948" confidence="0.8"><building wordnetid="102913152" confidence="0.8"><artifact wordnetid="100021939" confidence="0.8"><residence wordnetid="104079244" confidence="0.8"><dwelling wordnetid="103259505" confidence="0.8"><housing wordnetid="103546340" confidence="0.8"><monastery wordnetid="103781244" confidence="0.8"><house wordnetid="103544360" confidence="0.8"><link ns0:type="simple" ns0:href="../325/128325.xml">christ church oxford</link></house></monastery></housing></dwelling></residence></artifact></building></religious_residence></structure>institut link ancient tradit pair separ way<military_action wordnetid="100952963" confidence="0.8"><group_action wordnetid="101080366" confidence="0.8"><event wordnetid="100029378" confidence="0.8"><conflict wordnetid="100958896" confidence="0.8"><act wordnetid="100030358" confidence="0.8"><psychological_feature wordnetid="100023100" confidence="0.8"><war wordnetid="100973077" confidence="0.8"><link ns0:type="simple" ns0:href="../927/32927.xml">war ii</link></war></psychological_feature></act></conflict></event></group_action></military_action>chanc meet led music partnership write song light opera flander provid swann compos music song sung perform<physical_entity wordnetid="100001930" confidence="0.8"><person wordnetid="100007846" confidence="0.8"><performer wordnetid="110415638" confidence="0.8"><singer wordnetid="110599806" confidence="0.8"><musician wordnetid="110340312" confidence="0.8"><causal_agent wordnetid="100007347" confidence="0.8"><entertainer wordnetid="109616922" confidence="0.8"><link ns0:type="simple" ns0:href="../882/5487882.xml">ian wallac</link></entertainer></causal_agent></musician></singer></performer></person></physical_entity><person wordnetid="100007846" confidence="0.9508927676800064"><actor wordnetid="109765278" confidence="0.9508927676800064"><link ns0:type="simple" ns0:href="../084/153084.xml">joyc grenfel</link></actor></person></p><p>decemb flander swann hire lindsey theatr<site wordnetid="108651247" confidence="0.9508927676800064"><link ns0:type="simple" ns0:href="../200/94200.xml">not hill</link></site>perform twoman revu<it>drop hat</it>open year eve flander sang select song written interspers comic monologu accompani swann piano unusu featur flander contract<link ns0:type="simple" ns0:href="../107/25107.xml">poliomyel</link>men remain seat swann remain piano flander wheelchair</p><p>success transfer month fortun theatr year tour<autocracy wordnetid="108361001" confidence="0.8"><system wordnetid="108435388" confidence="0.8"><social_group wordnetid="107950920" confidence="0.8"><political_orientation wordnetid="106212839" confidence="0.8"><monarchy wordnetid="108363812" confidence="0.8"><state wordnetid="108168978" confidence="0.8"><political_unit wordnetid="108359949" confidence="0.8"><political_system wordnetid="108367880" confidence="0.8"><economy wordnetid="108366753" confidence="0.8"><group wordnetid="100031264" confidence="0.8"><democracy wordnetid="106217103" confidence="0.8"><link ns0:type="simple" ns0:href="../717/31717.xml">uk</link></democracy></group></economy></political_system></political_unit></state></monarchy></political_orientation></social_group></system></autocracy><body wordnetid="107965085" confidence="0.8"><social_group wordnetid="107950920" confidence="0.8"><political_orientation wordnetid="106212839" confidence="0.8"><colony wordnetid="108374049" confidence="0.8"><state wordnetid="108168978" confidence="0.8"><political_unit wordnetid="108359949" confidence="0.8"><group wordnetid="100031264" confidence="0.8"><democracy wordnetid="106217103" confidence="0.8"><link ns0:type="simple" ns0:href="../750/3434750.xml">usa</link></democracy></group></political_unit></state></colony></political_orientation></social_group></body><region wordnetid="108630039" confidence="0.9508927676800064"><link ns0:type="simple" ns0:href="../916/5042916.xml">canada</link></region><country wordnetid="108544813" confidence="0.9508927676800064"><link ns0:type="simple" ns0:href="../748/26748.xml">switzerland</link></country></p><p>flander swann open second revu<it>drop hat</it>year tour combin<autocracy wordnetid="108361001" confidence="0.8"><system wordnetid="108435388" confidence="0.8"><social_group wordnetid="107950920" confidence="0.8"><political_orientation wordnetid="106212839" confidence="0.8"><monarchy wordnetid="108363812" confidence="0.8"><state wordnetid="108168978" confidence="0.8"><political_unit wordnetid="108359949" confidence="0.8"><political_system wordnetid="108367880" confidence="0.8"><economy wordnetid="108366753" confidence="0.8"><group wordnetid="100031264" confidence="0.8"><democracy wordnetid="106217103" confidence="0.8"><link ns0:type="simple" ns0:href="../717/31717.xml">uk</link></democracy></group></economy></political_system></political_unit></state></monarchy></political_orientation></social_group></system></autocracy><country wordnetid="108544813" confidence="0.9508927676800064"><link ns0:type="simple" ns0:href="../264/4689264.xml">australia</link></country><autocracy wordnetid="108361001" confidence="0.8"><body wordnetid="107965085" confidence="0.8"><social_group wordnetid="107950920" confidence="0.8"><political_orientation wordnetid="106212839" confidence="0.8"><monarchy wordnetid="108363812" confidence="0.8"><colony wordnetid="108374049" confidence="0.8"><political_system wordnetid="108367880" confidence="0.8"><group wordnetid="100031264" confidence="0.8"><democracy wordnetid="106217103" confidence="0.8"><link ns0:type="simple" ns0:href="../064/4913064.xml">zealand</link></democracy></group></political_system></colony></monarchy></political_orientation></social_group></body></autocracy><country wordnetid="108544813" confidence="0.9508927676800064"><link ns0:type="simple" ns0:href="../404/13404.xml">hong kong</link></country><body wordnetid="107965085" confidence="0.8"><social_group wordnetid="107950920" confidence="0.8"><political_orientation wordnetid="106212839" confidence="0.8"><colony wordnetid="108374049" confidence="0.8"><state wordnetid="108168978" confidence="0.8"><political_unit wordnetid="108359949" confidence="0.8"><group wordnetid="100031264" confidence="0.8"><democracy wordnetid="106217103" confidence="0.8"><link ns0:type="simple" ns0:href="../750/3434750.xml">usa</link></democracy></group></political_unit></state></colony></political_orientation></social_group></body><region wordnetid="108630039" confidence="0.9508927676800064"><link ns0:type="simple" ns0:href="../916/5042916.xml">canada</link></region>finish booth theatr<link ns0:type="simple" ns0:href="../252/725252.xml">broadway</link><link ns0:type="simple" ns0:href="../787/1787.xml">april</link><link ns0:type="simple" ns0:href="../749/34749.xml" />perform live ten day move studio record televis</p><p>cours year flander swann live perform perform partnership end remain friend collabor occasion project</p><ss1><st>timelin</st><p><table class="wikitable"><row align="center" bgcolor="#b8268f"><header /><col>venu</col></row><row><col /><col>lindsey theatr not hill</col></row><row><col /><col>fortun theatr suspend month flander pneumonia</col></row><row><col /><col>edinburgh festiv drop kilt</col></row><row><col /><col>golden theater york</col></row><row><col /><col>citi tour usa toronto</col></row><row><col /><col>switzerland</col></row><row><col /><col>citi tour uk toronto</col></row><row><col /><col>citi tour uk</col></row><row><col /><col>haymarket theatr</col></row><row><col /><col>citi tour australia nz hong kong</col></row><row><col /><col>citi tour uk</col></row><row><col /><col>globe theatr gielgud</col></row><row><col /><col>citi tour usa toronto</col></row><row><col /><col>york</col></row></table></p><p>sourc sleev note cd box set complet</p></ss1></sec><sec><st>st centuri</st><p>style present flander swann<link ns0:type="simple" ns0:href="../192/18960192.xml">parodi</link>british comedian<person wordnetid="100007846" confidence="0.9508927676800064"><actor wordnetid="109765278" confidence="0.9508927676800064"><link ns0:type="simple" ns0:href="../741/608741.xml">alexand armstrong</link></actor></person><person wordnetid="100007846" confidence="0.9638700866880419"><link ns0:type="simple" ns0:href="../880/1167880.xml">ben miller</link></person>sketch comedi televis seri<it><link ns0:type="simple" ns0:href="../251/10868251.xml">armstrong miller</link></it>lyric latterday song ribald origin duo</p></sec><sec><st>song flander swann</st><p>flander swann song characteris wit gentl satir complex rhyme scheme memor chorus wrote comic song select indic rang</p><p><list><entry level="1" type="bullet">gall polit satir base long career<person wordnetid="100007846" confidence="0.9508927676800064"><officeholder wordnetid="110371450" confidence="0.9508927676800064"><link ns0:type="simple" ns0:href="../255/51255.xml">charl de gaull</link></officeholder></person>time write de gaull veto uk applic join<organization wordnetid="108008335" confidence="0.9508927676800064"><link ns0:type="simple" ns0:href="../578/9578.xml">european econom commun</link></organization></entry><entry level="1" type="bullet">second law comic song written<link ns0:type="simple" ns0:href="../952/29952.xml">thermodynam</link></entry><entry level="1" type="bullet">ill wind flander sung cut version<link ns0:type="simple" ns0:href="../661/43661.xml">cadenza</link><it>rondo final</it><person wordnetid="100007846" confidence="0.9508927676800064"><link ns0:type="simple" ns0:href="../163/33163.xml">mozart</link></person><music wordnetid="107020895" confidence="0.8"><classical_music wordnetid="107025900" confidence="0.8"><concerto wordnetid="107043275" confidence="0.8"><auditory_communication wordnetid="107109019" confidence="0.8"><music_genre wordnetid="107071942" confidence="0.8"><expressive_style wordnetid="107066659" confidence="0.8"><link ns0:type="simple" ns0:href="../611/9037611.xml">horn concerto flat major</link></expressive_style></music_genre></auditory_communication></concerto></classical_music></music></entry><entry level="1" type="bullet">song reproduct<link ns0:type="simple" ns0:href="../791/26791.xml">satir</link>topic mania doityourself<link ns0:type="simple" ns0:href="../624/13624.xml">hifi</link>rais ceil feet move fireplac wall wall youll stereophon sit bottom cupboard</entry><entry level="1" type="bullet">madeira mdear song seduct full complex wordplay includ three oftquot exampl<link ns0:type="simple" ns0:href="../362/314362.xml#xpointer(//*[./st=%22Syllepsis%22])">syllepsi</link></entry><entry level="1" type="bullet">misalli polit allegori concern love affair<link ns0:type="simple" ns0:href="../097/76097.xml">honeysuckl</link><link ns0:type="simple" ns0:href="../618/5181618.xml">bindwe</link></entry><entry level="1" type="bullet">pee po belli bum drawer song compar<link ns0:type="simple" ns0:href="../209/24209.xml">profan</link>intelligentsia playground swear</entry><entry level="1" type="bullet"><link ns0:type="simple" ns0:href="../203/5465203.xml">slow train</link>nostalg song railway station close<person wordnetid="100007846" confidence="0.9508927676800064"><engineer wordnetid="109615807" confidence="0.9173553029164789"><link ns0:type="simple" ns0:href="../903/209903.xml">dr beech</link></engineer></person></entry><entry level="1" type="bullet">gasman cometh relat visit success tradesmen come repair damag previou tradesman</entry><entry level="1" type="bullet"><link>hippopotamu</link>flander swann best song mud mud gloriou mud rang song wrote beast includ<link ns0:type="simple" ns0:href="../537/2261537.xml">gnu</link>warthog armadillo</entry><entry level="1" type="bullet">reluct cannib argument father son disput topic cannib son eat peopl wrong father ate regular anthropopha<it>guy</it></entry><entry level="1" type="bullet">transport delight increas refrain big sixwheel scarletpaint<control wordnetid="105196375" confidence="0.8"><authority wordnetid="105196582" confidence="0.8"><power wordnetid="105190804" confidence="0.8"><link ns0:type="simple" ns0:href="../560/6634560.xml">london transport</link></power></authority></control>dieselengin ninetysevenhorsepow omnibu</entry><entry level="1" type="bullet"><link>ton tnt</link>song<link ns0:type="simple" ns0:href="../911/172911.xml">thermonuclear weapon</link></entry><entry level="1" type="bullet">war translat<language wordnetid="106282651" confidence="0.8"><link ns0:type="simple" ns0:href="../597/10597.xml">french</link></language>song<artist wordnetid="109812338" confidence="0.9508927676800064"><link ns0:type="simple" ns0:href="../202/325202.xml">georg brassen</link></artist>song celebr<conflict wordnetid="100958896" confidence="0.9508927676800064"><link ns0:type="simple" ns0:href="../461/4764461.xml">war</link></conflict></entry><entry level="1" type="bullet">wompom tale fictiti creatureplantraw materi british industri stem</entry><entry level="1" type="bullet">desert<it>lit</it><link ns0:type="simple" ns0:href="../598/6598.xml">camel</link>tradit russian song perform donald swann<language wordnetid="106282651" confidence="0.8"><link ns0:type="simple" ns0:href="../916/8569916.xml">englishlanguag</link></language>translat</entry><entry level="1" type="bullet">kokoraki cockerel moderngreek children song equival macdonald farm ad anim nois vers flander feign impati sarcast full night altern<link ns0:type="simple" ns0:href="../381/31381.xml">ring cycl</link></entry><entry level="1" type="bullet">song patriot prejudic english english english best wouldnt tuppenc rest</entry></list></p></sec><sec><st>song<it><musical wordnetid="107019172" confidence="0.9508927676800064"><link ns0:type="simple" ns0:href="../456/6371456.xml">drop hat</link></musical></it></st><p>record engin<composer wordnetid="109947232" confidence="0.9173553029164789"><manufacturer wordnetid="110292316" confidence="0.9173553029164789"><artist wordnetid="109812338" confidence="0.9508927676800064"><link ns0:type="simple" ns0:href="../179/77179.xml">georg martin</link></artist></manufacturer></composer><list><entry level="1" type="bullet">transport delight</entry><entry level="1" type="bullet">song reproduct</entry><entry level="1" type="bullet">gnu song</entry><entry level="1" type="bullet">design live</entry><entry level="1" type="bullet">je sui le tnbreux</entry><entry level="1" type="bullet">song time philolog waltz satellit moon happi song</entry><entry level="1" type="bullet">song weather</entry><entry level="1" type="bullet">reluct cannib</entry><entry level="1" type="bullet">greensleev monologu</entry><entry level="1" type="bullet">misalli</entry><entry level="1" type="bullet">kokoraki</entry><entry level="1" type="bullet">madeira mdear</entry><entry level="1" type="bullet">cooker</entry><entry level="1" type="bullet">vanessa</entry><entry level="1" type="bullet">centr court monologu</entry><entry level="1" type="bullet">youth heart</entry><entry level="1" type="bullet">hippopotamu song</entry></list></p></sec><sec><st>song<it><musical wordnetid="107019172" confidence="0.9508927676800064"><link ns0:type="simple" ns0:href="../609/12821609.xml">drop hat</link></musical></it></st><p>record perform haymarket theatr london</p><p><list><entry level="1" type="bullet">ga man cometh</entry><entry level="1" type="bullet">sound brass</entry><entry level="1" type="bullet">lo olividado monologu</entry><entry level="1" type="bullet">desert</entry><entry level="1" type="bullet">ill wind</entry><entry level="1" type="bullet">second law</entry><entry level="1" type="bullet">gall</entry><entry level="1" type="bullet">horoscop</entry><entry level="1" type="bullet">friendli duet</entry><entry level="1" type="bullet">bedstead men</entry><entry level="1" type="bullet">air monologu</entry><entry level="1" type="bullet">slow train</entry><entry level="1" type="bullet">song patriot prejudic</entry><entry level="1" type="bullet">builtup area monologu</entry><entry level="1" type="bullet">bath</entry><entry level="1" type="bullet">sea fever</entry><entry level="1" type="bullet">hippo encor</entry></list></p></sec><sec><st>song<it>bestiari flander swann</it></st><p>collect record studio audienc</p><p><list><entry level="1" type="bullet">warthog hog beneath skin</entry><entry level="1" type="bullet">sea hors</entry><entry level="1" type="bullet">chameleon</entry><entry level="1" type="bullet">whale mopi dick</entry><entry level="1" type="bullet">sloth</entry><entry level="1" type="bullet">rhinocero</entry><entry level="1" type="bullet">twosom kang jag kangaroo jaguar</entry><entry level="1" type="bullet">dead duck</entry><entry level="1" type="bullet">eleph</entry><entry level="1" type="bullet">armadillo</entry><entry level="1" type="bullet">spider</entry><entry level="1" type="bullet">threesom duck bill platypusth hum birdth portugues manowar</entry><entry level="1" type="bullet">wild boar</entry><entry level="1" type="bullet">ostrich</entry><entry level="1" type="bullet">wompom</entry></list></p></sec><sec><st>song<it>centr court</it></st><p>fifteen song stage time releas includ bestiari cd<it>extiari</it>run time</p><p><list><entry level="1" type="bullet">shi</entry><entry level="1" type="bullet">commonwealth fair</entry><entry level="1" type="bullet" /><entry level="1" type="bullet">pari</entry><entry level="1" type="bullet">ein klein nachtmusik chachacha</entry><entry level="1" type="bullet">song</entry><entry level="1" type="bullet">food thought<ref ns0:type="simple" ns0:href="#xpointer(//reflist/entry[@id=%222%22])" /></entry><entry level="1" type="bullet">bed</entry></list></p></sec><sec><st>song<it>wrote</it></st><p>bbc radio product</p><p><list><entry level="1" type="bullet">introduct</entry><entry level="1" type="bullet">doyli cart</entry><entry level="1" type="bullet">prehistor complaint</entry><entry level="1" type="bullet">album</entry><entry level="1" type="bullet">hole budget</entry><entry level="1" type="bullet">age woman</entry><entry level="1" type="bullet">fragment</entry><entry level="1" type="bullet">pillar post</entry><entry level="1" type="bullet">guid britten</entry><entry level="1" type="bullet">excelsior</entry><entry level="1" type="bullet">rain plage</entry><entry level="1" type="bullet" /><entry level="1" type="bullet">rockal</entry><entry level="1" type="bullet"><link ns0:type="simple" ns0:href="../729/6371729.xml">lord chamberlain regul</link></entry></list></p></sec><sec><st>song releas singl</st><p>song record music instrument piano includ<it>extiari</it><list><entry level="1" type="bullet">side ton tnt</entry><entry level="1" type="bullet">side war<ref ns0:type="simple" ns0:href="#xpointer(//reflist/entry[@id=%223%22])" /></entry></list></p></sec><sec><st>monologu</st><p>flander comic monologu includ<list><entry level="1" type="bullet">air vogu air travel agre ladi god meant fli railway</entry><entry level="1" type="bullet">centr court<tournament wordnetid="107464725" confidence="0.8"><event wordnetid="100029378" confidence="0.8"><social_event wordnetid="107288639" confidence="0.8"><contest wordnetid="107456188" confidence="0.8"><psychological_feature wordnetid="100023100" confidence="0.8"><championship wordnetid="107457834" confidence="0.8"><link ns0:type="simple" ns0:href="../195/91195.xml">wimbledon</link></championship></psychological_feature></contest></social_event></event></tournament>match hammerfest<person wordnetid="100007846" confidence="0.9638700866880419"><link ns0:type="simple" ns0:href="../678/14814678.xml">hunterdunn</link></person>bash ball gut cat</entry><entry level="1" type="bullet">greensleev background composit<music wordnetid="107020895" confidence="0.8"><song wordnetid="107048000" confidence="0.8"><auditory_communication wordnetid="107109019" confidence="0.8"><tune wordnetid="107028373" confidence="0.8"><musical_composition wordnetid="107037465" confidence="0.8"><link ns0:type="simple" ns0:href="../834/474834.xml">famou english air</link></musical_composition></tune></auditory_communication></song></music>annot version explain joke<weblink ns0:type="simple" ns0:href="http://www.beachmedia.com/gorbuduc.html" /></entry><entry level="1" type="bullet"><it>lo olividado</it>describ festiv akin bullfight bull replac oliv titl refer<movie wordnetid="106613686" confidence="0.9508927676800064"><link ns0:type="simple" ns0:href="../527/3649527.xml">lo olvidado</link></movie>forgotten movi director<link>lui bunuel</link></entry><entry level="1" type="bullet">builtup area prehistor inhabit<link ns0:type="simple" ns0:href="../524/274524.xml">salisburi plain</link>complain<site wordnetid="108651247" confidence="0.9508927676800064"><link ns0:type="simple" ns0:href="../633/27633.xml">develop</link></site></entry></list></p></sec><sec><st>footnot</st><p><reflist><entry id="1">httpwwwdonaldswanncoukhatshowhtml</entry><entry id="2">written special york tour record york</entry><entry id="3">translat satir song<artist wordnetid="109812338" confidence="0.9508927676800064"><link ns0:type="simple" ns0:href="../202/325202.xml">georg brassen</link></artist></entry></reflist></p></sec><sec><st>extern link</st><p><list><entry level="1" type="bullet"><weblink ns0:type="simple" ns0:href="http://www.donaldswann.co.uk/index.html">donald swann websit</weblink></entry><entry level="1" type="bullet"><weblink ns0:type="simple" ns0:href="http://www.nyanko.pwp.blueyonder.co.uk/fas/">flander swann web site</weblink></entry></list>listen articl<image width="150px" src="Flanders_and_Swann.ogg"><caption>infodl</caption></image><image location="center" width="100px" src="Flanders_and_Swann.ogg"><caption>noicon</caption></image></p><p><image location="none" width="45px" src="Sound-icon.svg"><caption>spoken wikipedia</caption></image>audio file creat revis date<link />reflect subsequ edit articl</p><p><image width="150px" src="" /><list><entry level="1" type="bullet"><weblink ns0:type="simple" ns0:href="http://flandersandswann.info/">flander swann drop hippopotamu</weblink>tour uk theatr product flander swann song</entry><entry level="1" type="bullet"><weblink ns0:type="simple" ns0:href="http://www.flandersandswann.wetpaint.com">tribut</weblink>song monologu flander swann actor mark marlow jonathan robert</entry></list></p></sec></bdy></artist></musician></comedian></article>