<article xmlns:ns0="http://www.w3.org/1999/xlink"><tree confidence="0.9511911446218017" wordnetid="113104059"><event confidence="0.8" wordnetid="100029378"><rule confidence="0.8" wordnetid="105846932"><act confidence="0.8" wordnetid="100030358"><psychological_feature confidence="0.8" wordnetid="100023100"><procedure confidence="0.8" wordnetid="101023820"><activity confidence="0.8" wordnetid="100407535"><algorithm confidence="0.8" wordnetid="105847438"><header><title>decis tree</title><id /><revision><id /><timestamp>tz</timestamp><contributor><username>imageremovalbot</username><id /></contributor></revision><categories><category>decis tree</category><category>classif algorithm</category></categories></header><bdy><link ns0:type="simple" ns0:href="../476/43476.xml">oper</link><link ns0:type="simple" ns0:href="../842/1190842.xml">decis analysi</link><b>decis tree</b><link ns0:type="simple" ns0:href="../560/48560.xml">tree</link>diagram decis support tool<link ns0:type="simple" ns0:href="../669/598669.xml">graph</link><link ns0:type="simple" ns0:href="../748/6672748.xml">model</link>decis consequ includ<link ns0:type="simple" ns0:href="../912/47912.xml">chanc</link>event outcom resourc cost<link ns0:type="simple" ns0:href="../479/45479.xml">util</link>decis tree identifi strategi reach<link ns0:type="simple" ns0:href="../094/14850094.xml">goal</link>tree descript calcul<link ns0:type="simple" ns0:href="../791/5791.xml">condit probabl</link><p><link ns0:type="simple" ns0:href="../253/42253.xml">data mine</link><link ns0:type="simple" ns0:href="../488/233488.xml">machin learn</link><b>decis tree</b>predict model map observ item conclus target descript name tree model<b>classif tree</b>discret outcom<b>regress tree</b>continu outcom tree structur leav repres classif branch repres conjunct featur lead classif machin learn techniqu induc decis tree data call<link ns0:type="simple" ns0:href="../003/577003.xml">decis tree learn</link>colloqui<b>decis tree</b></p><sec><st>gener</st><p><link ns0:type="simple" ns0:href="../842/1190842.xml">decis analysi</link>decis tree close model form<link ns0:type="simple" ns0:href="../259/1194259.xml">influenc diagram</link>visual analyt decis support tool<link ns0:type="simple" ns0:href="../653/9653.xml">expect</link><link ns0:type="simple" ns0:href="../803/736803.xml">expect util</link>compet altern calcul</p><p>decis tree tradit creat manual exampl show</p><p><image width="150px" src="Manual_decision_tree.jpg"><caption>manual decis treejpg</caption></image></p><p>decis tree consist type node</p><p>decis node commonli repres squar chanc node repres circl node repres triangl</p><p><image width="150px" src="Decision-Tree-Elements.png"><caption>decisiontreeelementspng</caption></image></p><p>drawn left hand side decis tree burst node split path sink node converg path manual grow big hard draw</p><p>analysi account decis maker compani<link ns0:type="simple" ns0:href="../162/170162.xml">prefer</link><link ns0:type="simple" ns0:href="../479/45479.xml">util function</link>exampl</p><p><image width="150px" src="RiskPrefSensitivity2Threshold.png"><caption>riskprefsensitivitythresholdpng</caption></image></p><p>basic interpret situat compani prefer bs risk payoff realist risk prefer coeffici greater rang risk avers compani model third strategi</p></sec><sec><st>influenc diagram</st><p>decis tree repres compactli influenc diagram focus attent issu relationship event</p><p><image width="150px" src="Factory2_InfluenceDiagram.png"><caption>factori influencediagrampng</caption></image></p></sec><sec><st>teach</st><p>decis tree<link ns0:type="simple" ns0:href="../259/1194259.xml">influenc diagram</link><link>util function</link><link ns0:type="simple" ns0:href="../842/1190842.xml">decis analysi</link>tool method taught undergradu student school busi health econom public health exampl<link ns0:type="simple" ns0:href="../476/43476.xml">oper</link><link ns0:type="simple" ns0:href="../200/20200.xml">manag scienc</link>method</p></sec><sec><st>creation decis node</st><p>three popular rule appli automat creation classif tree gini rule split singl group larg size entropi two rule find multipl group compris close half sampl algorithm proceed recurs tree stop criteria met</p><p>gini rule typic program build induc decis tree<physical_entity wordnetid="100001930" confidence="0.8"><person wordnetid="100007846" confidence="0.8"><model wordnetid="110324560" confidence="0.8"><assistant wordnetid="109815790" confidence="0.8"><worker wordnetid="109632518" confidence="0.8"><causal_agent wordnetid="100007347" confidence="0.8"><link ns0:type="simple" ns0:href="../563/4141563.xml#xpointer(//*[./st=%22Classification+and+regression+trees%22])">cart algorithm</link></causal_agent></worker></assistant></model></person></physical_entity>entropi gain program base<plant wordnetid="100017222" confidence="0.8"><tree wordnetid="113104059" confidence="0.8"><vascular_plant wordnetid="113083586" confidence="0.8"><event wordnetid="100029378" confidence="0.8"><rule wordnetid="105846932" confidence="0.8"><woody_plant wordnetid="113103136" confidence="0.8"><act wordnetid="100030358" confidence="0.8"><psychological_feature wordnetid="100023100" confidence="0.8"><procedure wordnetid="101023820" confidence="0.8"><activity wordnetid="100407535" confidence="0.8"><algorithm wordnetid="105847438" confidence="0.8"><link ns0:type="simple" ns0:href="../814/1966814.xml">algorithm</link></algorithm></activity></procedure></psychological_feature></act></woody_plant></rule></event></vascular_plant></tree></plant>comparison criterion<plant wordnetid="100017222" confidence="0.8"><tree wordnetid="113104059" confidence="0.8"><vascular_plant wordnetid="113083586" confidence="0.8"><event wordnetid="100029378" confidence="0.8"><rule wordnetid="105846932" confidence="0.8"><woody_plant wordnetid="113103136" confidence="0.8"><act wordnetid="100030358" confidence="0.8"><psychological_feature wordnetid="100023100" confidence="0.8"><procedure wordnetid="101023820" confidence="0.8"><activity wordnetid="100407535" confidence="0.8"><algorithm wordnetid="105847438" confidence="0.8"><link ns0:type="simple" ns0:href="../003/577003.xml#xpointer(//*[./st=%22formulae%22])">decis tree formula</link></algorithm></activity></procedure></psychological_feature></act></woody_plant></rule></event></vascular_plant></tree></plant></p><p>automat build induc decis tree<plant wordnetid="100017222" confidence="0.8"><tree wordnetid="113104059" confidence="0.8"><vascular_plant wordnetid="113083586" confidence="0.8"><event wordnetid="100029378" confidence="0.8"><rule wordnetid="105846932" confidence="0.8"><woody_plant wordnetid="113103136" confidence="0.8"><act wordnetid="100030358" confidence="0.8"><psychological_feature wordnetid="100023100" confidence="0.8"><procedure wordnetid="101023820" confidence="0.8"><activity wordnetid="100407535" confidence="0.8"><algorithm wordnetid="105847438" confidence="0.8"><link ns0:type="simple" ns0:href="../003/577003.xml">decis tree learn</link></algorithm></activity></procedure></psychological_feature></act></woody_plant></rule></event></vascular_plant></tree></plant></p></sec><sec><st>advantag</st><p>decis support tool decis tree<link ns0:type="simple" ns0:href="../259/1194259.xml">influenc diagram</link>advantag</p><p>decis tree<list><entry level="1" type="bullet"><b>simpl understand interpret</b>peopl understand decis tree model explan</entry><entry level="1" type="bullet"><b>hard data</b>insight gener base expert describ situat altern probabl cost prefer outcom</entry><entry level="1" type="bullet"><b><link ns0:type="simple" ns0:href="../308/2288308.xml">white box</link>model</b>result provid model explan result easili replic simpl math</entry><entry level="1" type="bullet"><b>combin decis techniqu</b>exampl net calcul pert point estim decis linear distribut expect outcom decis</entry></list></p><p><image width="150px" src="Investment_decision_Insight.png"><caption>invest decis insightpng</caption></image></p><p><list><entry level="1" type="bullet"><b>optim invest portfolio</b>exampl portfolio invest option project organ total invest bold line mark best select will cost creat payoff combin exceed budget yield lower payoff</entry></list></p></sec><sec><st /><p><list><entry level="1" type="bullet"><system wordnetid="108435388" confidence="0.8"><group wordnetid="100031264" confidence="0.8"><network wordnetid="108434259" confidence="0.8"><link ns0:type="simple" ns0:href="../259/1194259.xml">influenc diagram</link></network></group></system></entry><entry level="1" type="bullet"><link ns0:type="simple" ns0:href="../476/43476.xml">oper</link></entry><entry level="1" type="bullet"><link ns0:type="simple" ns0:href="../572/433572.xml">decis tabl</link></entry><entry level="1" type="bullet"><link ns0:type="simple" ns0:href="../820/640820.xml">morpholog analysi</link></entry><entry level="1" type="bullet"><link ns0:type="simple" ns0:href="../980/11845980.xml">recurs partit</link></entry><entry level="1" type="bullet"><plant wordnetid="100017222" confidence="0.8"><tree wordnetid="113104059" confidence="0.8"><vascular_plant wordnetid="113083586" confidence="0.8"><event wordnetid="100029378" confidence="0.8"><rule wordnetid="105846932" confidence="0.8"><woody_plant wordnetid="113103136" confidence="0.8"><act wordnetid="100030358" confidence="0.8"><psychological_feature wordnetid="100023100" confidence="0.8"><procedure wordnetid="101023820" confidence="0.8"><activity wordnetid="100407535" confidence="0.8"><algorithm wordnetid="105847438" confidence="0.8"><link ns0:type="simple" ns0:href="../003/577003.xml">decis tree learn</link></algorithm></activity></procedure></psychological_feature></act></woody_plant></rule></event></vascular_plant></tree></plant></entry><entry level="1" type="bullet"><link ns0:type="simple" ns0:href="../579/17633579.xml">topolog combinator</link></entry><entry level="1" type="bullet"><physical_entity wordnetid="100001930" confidence="0.8"><person wordnetid="100007846" confidence="0.8"><model wordnetid="110324560" confidence="0.8"><assistant wordnetid="109815790" confidence="0.8"><worker wordnetid="109632518" confidence="0.8"><causal_agent wordnetid="100007347" confidence="0.8"><link ns0:type="simple" ns0:href="../563/4141563.xml#xpointer(//*[./st=%22Classification+and+regression+trees%22])">cart</link></causal_agent></worker></assistant></model></person></physical_entity>common automat build decis tree</entry><entry level="1" type="bullet"><link ns0:type="simple" ns0:href="../546/18475546.xml">mar</link>extend decis tree better handl numer data</entry></list></p></sec><sec><st>refer</st><p><list><entry level="1" type="bullet">yuan mj shaw<weblink ns0:type="simple" ns0:href="http://www.sciencedirect.com/science?_ob=ArticleURL _udi=B6V05-4007D5X-C _user=793840 _coverDate=01%2F27%2F1995 _fmt=summary _orig=search _cdi=5637 view=c _acct=C000043460 _version=1 _urlVersion=0 _userid=793840 md5=b66b56153f6780c30e07201eadd454cf ref=full">induct fuzzi decis tree</weblink>fuzzi set system</entry></list></p></sec><sec><st>extern link</st><p><list><entry level="1" type="bullet"><weblink ns0:type="simple" ns0:href="http://www.projectsphinx.com/decision_trees/index.html">decis tree primer</weblink></entry><entry level="1" type="bullet"><weblink ns0:type="simple" ns0:href="http://www.mindtools.com/pages/article/newTED_04.htm">decis tree analysi</weblink>mindtoolscom</entry><entry level="1" type="bullet"><weblink ns0:type="simple" ns0:href="http://www.autonlab.org/tutorials/dtree.html">decis tree tutori slide andrew moor</weblink></entry><entry level="1" type="bullet"><weblink ns0:type="simple" ns0:href="http://gunston.gmu.edu/healthscience/730/default.asp">decis analysi open cours georg mason univers</weblink></entry></list></p></sec></bdy></algorithm></activity></procedure></psychological_feature></act></rule></event></tree></article>