<article xmlns:ns0="http://www.w3.org/1999/xlink"><header><title>optimist concurr control</title><id /><revision><id /><timestamp>tz</timestamp><contributor><username>neilc</username><id /></contributor></revision><categories><category>concurr control</category></categories></header><bdy><p><link ns0:type="simple" ns0:href="../323/5323.xml">comput scienc</link>field<link ns0:type="simple" ns0:href="../377/8377.xml">databas</link><b>optimist concurr control</b>occ<link ns0:type="simple" ns0:href="../356/217356.xml">concurr control</link>method<link ns0:type="simple" ns0:href="../873/25873.xml">relat databas</link><link ns0:type="simple" ns0:href="../593/244593.xml">lock</link>ing commonli refer<b>optimist lock</b>refer nonexclus lock creat databas</p><p>optimist concurr control base assumpt<link ns0:type="simple" ns0:href="../953/233953.xml">databas transact</link>dont conflict transact allow occ permiss allow transact execut</p><p>three phase occ transact</p><p><b>read</b>client read valu databas store privat sandbox cach client edit<b>valid</b>client complet edit valu sandbox cach initi storag chang databas valid algorithm check chang data conflict<list><entry level="1" type="bullet">alreadycommit transact case<it>backward valid scheme</it></entry><entry level="1" type="bullet">current execut transact case<it>forward valid scheme</it></entry></list>conflict exist conflict resolut algorithm resolv conflict ideal minim number chang user resort entir transact abort loss chang user</p><p><b>write</b>possibl conflict transact commit</p><p>optimist concurr gener environ low content data conflict rare valid effici lead higher throughput concurr control method conflict happen cost repeatedli restart transact hurt perform<link ns0:type="simple" ns0:href="../354/217354.xml">nonlock concurr control</link>method better perform conflict</p><sec><st>web usag</st><p><link ns0:type="simple" ns0:href="../753/479753.xml">stateless</link>natur<link ns0:type="simple" ns0:href="../104/2701104.xml">http</link>lock infeas web user interfac common user start edit record leav cancel logout link lock user attempt edit record wait user lock expir</p><p>occ natur choic simpl implement avoid unnecessari wait silent overwritten record typic<link ns0:type="simple" ns0:href="../674/3422674.xml">form</link>present user includ hidden field record origin content timestamp sequenc number opaqu token submit compar databas differ conflict resolut algorithm invok</p><ss1><st>exampl</st><p><list><entry level="1" type="bullet"><software wordnetid="106566077" confidence="0.9508927676800064"><link ns0:type="simple" ns0:href="../710/323710.xml">mediawiki</link></software>edit occ conflict resolut algorithm describ</entry><entry level="1" type="bullet"><link ns0:type="simple" ns0:href="../573/4573.xml">bugzilla</link>occ conflict call midair collis<weblink ns0:type="simple" ns0:href="http://wiki.mozilla.org/Bugzilla:FAQ:Administrative_Questions#Does_Bugzilla_provide_record_locking_when_there_is_simultaneous_access_to_the_same_bug.">httpwikimozillaorgbugzillafaqadministrative_questionsdoes_bugzilla_provide_record_locking_when_there_is_simultaneous_access_to_the_same_bug</weblink></entry><entry level="1" type="bullet"><software wordnetid="106566077" confidence="0.9508927676800064"><link ns0:type="simple" ns0:href="../401/1421401.xml">rubi rail</link></software>framework api occ<weblink ns0:type="simple" ns0:href="http://api.rubyonrails.com/classes/ActiveRecord/Locking.html">httpapirubyonrailscomclassesactiverecordlockinghtml</weblink></entry><entry level="1" type="bullet"><link ns0:type="simple" ns0:href="../955/55955.xml">revis control</link>system support merg model concurr occ</entry></list></p></ss1></sec><sec><st>refer</st><p><list><entry level="1" type="bullet"><cite style="font-style:normal">kung john robinson june optimist method concurr control<it>acm transact databas system</it><b /><document wordnetid="106470073" confidence="0.8"><written_communication wordnetid="106349220" confidence="0.8"><writing wordnetid="106362953" confidence="0.8"><link ns0:type="simple" ns0:href="../994/422994.xml">doi</link></writing></written_communication></document><weblink ns0:type="simple" ns0:href="http://dx.doi.org/10.1145%2F319566.319567" /></cite></entry></list></p></sec><sec><st /><p><list><entry level="1" type="bullet"><link ns0:type="simple" ns0:href="../506/11848506.xml">opportunist lock</link></entry></list></p></sec></bdy></article>