<article xmlns:ns0="http://www.w3.org/1999/xlink"><header><title>unsupervis learn</title><id /><revision><id /><timestamp>tz</timestamp><contributor><username>mta</username><id /></contributor></revision><categories><category>machin learn</category></categories></header><bdy><link ns0:type="simple" ns0:href="../488/233488.xml">machin learn</link><b>unsupervis learn</b>class problem seek determin data organis distinguish<link ns0:type="simple" ns0:href="../926/20926.xml">supervis learn</link><link ns0:type="simple" ns0:href="../294/66294.xml">reinforc learn</link>input output<p>unsupervis learn close problem<link ns0:type="simple" ns0:href="../671/554671.xml">densiti estim</link><link ns0:type="simple" ns0:href="../685/26685.xml">statist</link>unsupervis learn encompass techniqu seek summaris explain key featur data</p><p>form unsupervis learn<link ns0:type="simple" ns0:href="../675/669675.xml">cluster</link><link ns0:type="simple" ns0:href="../542/1729542.xml">neural network</link>model<link ns0:type="simple" ns0:href="../996/76996.xml">selforgan map</link><link ns0:type="simple" ns0:href="../879/3056879.xml">adapt reson theori art</link>commonli unsupervis learn algorithm art model allow number cluster vari problem size user control degre similar member cluster userdefin constant call<link>vigil paramet</link>art network pattern recognit task<link ns0:type="simple" ns0:href="../586/15271586.xml">automat target recognit</link>seismic signal process version art art develop carpent grossberg</p><sec><st>bibliographi</st><p><list><entry level="1" type="bullet"><physical_entity wordnetid="100001930" confidence="0.8"><peer wordnetid="109626238" confidence="0.8"><person wordnetid="100007846" confidence="0.8"><colleague wordnetid="109935990" confidence="0.8"><causal_agent wordnetid="100007347" confidence="0.8"><scientist wordnetid="110560637" confidence="0.8"><research_worker wordnetid="110523076" confidence="0.8"><associate wordnetid="109816771" confidence="0.8"><link ns0:type="simple" ns0:href="../174/507174.xml">geoffrey hinton</link></associate></research_worker></scientist></causal_agent></colleague></person></peer></physical_entity><link ns0:type="simple" ns0:href="../552/1171552.xml">terrenc sejnowski</link>editor unsupervis learn map format foundat neural comput mit press isbn book focus unsupervis learn<link ns0:type="simple" ns0:href="../542/1729542.xml">neural network</link></entry></list></p><p><list><entry level="1" type="bullet">kotsianti pintela advanc cluster survey wsea transact scienc applic</entry></list></p><p><list><entry level="1" type="bullet">richard duda peter hart david stork unsupervis learn cluster ch<it>pattern classif</it>edit wiley york isbn</entry></list></p></sec><sec><st /><p><list><entry level="1" type="bullet"><event wordnetid="100029378" confidence="0.8"><rule wordnetid="105846932" confidence="0.8"><act wordnetid="100030358" confidence="0.8"><psychological_feature wordnetid="100023100" confidence="0.8"><procedure wordnetid="101023820" confidence="0.8"><activity wordnetid="100407535" confidence="0.8"><algorithm wordnetid="105847438" confidence="0.8"><link ns0:type="simple" ns0:href="../523/21523.xml">artifici neural network</link></algorithm></activity></procedure></psychological_feature></act></rule></event></entry><entry level="1" type="bullet"><link ns0:type="simple" ns0:href="../675/669675.xml">data cluster</link></entry><entry level="1" type="bullet"><idea wordnetid="105833840" confidence="0.8"><concept wordnetid="105835747" confidence="0.8"><numerical_quantity wordnetid="105856066" confidence="0.8"><event wordnetid="100029378" confidence="0.8"><rule wordnetid="105846932" confidence="0.8"><value wordnetid="105856388" confidence="0.8"><quantity wordnetid="105855125" confidence="0.8"><act wordnetid="100030358" confidence="0.8"><psychological_feature wordnetid="100023100" confidence="0.8"><procedure wordnetid="101023820" confidence="0.8"><activity wordnetid="100407535" confidence="0.8"><algorithm wordnetid="105847438" confidence="0.8"><link ns0:type="simple" ns0:href="../752/470752.xml">expectationmaxim algorithm</link></algorithm></activity></procedure></psychological_feature></act></quantity></value></rule></event></numerical_quantity></concept></idea></entry><entry level="1" type="bullet"><link ns0:type="simple" ns0:href="../996/76996.xml">selforgan map</link></entry><entry level="1" type="bullet"><event wordnetid="100029378" confidence="0.8"><rule wordnetid="105846932" confidence="0.8"><act wordnetid="100030358" confidence="0.8"><psychological_feature wordnetid="100023100" confidence="0.8"><procedure wordnetid="101023820" confidence="0.8"><activity wordnetid="100407535" confidence="0.8"><algorithm wordnetid="105847438" confidence="0.8"><link ns0:type="simple" ns0:href="../443/9651443.xml">radial basi function network</link></algorithm></activity></procedure></psychological_feature></act></rule></event></entry><entry level="1" type="bullet"><link ns0:type="simple" ns0:href="../054/1091054.xml">gener topograph map</link></entry></list></p></sec></bdy></article>