<article xmlns:ns0="http://www.w3.org/1999/xlink"><header><title>numer stabil</title><id /><revision><id /><timestamp>tz</timestamp><contributor><username>gl</username><id /></contributor></revision><categories><category>numer analysi</category></categories></header><bdy><link ns0:type="simple" ns0:href="../831/18831.xml">mathemat</link>subfield<link ns0:type="simple" ns0:href="../506/21506.xml">numer analysi</link>numer stabil desir properti numer<link ns0:type="simple" ns0:href="../775/775.xml">algorithm</link>precis definit<it>stabil</it>depend context accuraci algorithm<p>singl calcul achiev way algebra equival term ideal real complex number practic perform digit comput yield calcul damp approxim error occur magnifi error calcul magnifi approxim error call<it>numer stabl</it>common task numer analysi select algorithm<it>robust</it>good numer stabil</p><sec><st>exampl</st><p>exampl unstabl algorithm consid task ad array number simplifi thing assum comput digit precis exampl repres number hundr</p><p>obviou pseudocod</p><p>sum sum sum ai</p><p>reason suppos element array element pure math answer twodigit comput sum variabl ad sum final answer good approxim real answer</p><p>stabl algorithm sort array absolut valu element ascend order ensur number closest will consider chang element will element will yield round result better approxim real result</p></sec><sec><st>forward backward mix stabil</st><p>way formal concept stabil definit forward backward mix stabil<link ns0:type="simple" ns0:href="../660/7330660.xml">numer linear algebra</link></p><p><image width="150px" src="Forward_and_backward_error.svg" type="frame"><caption>diagram show forward error delta<it />backward error delta<it />relat exact solut map<it />numer solut<it /></caption></image></p><p>consid problem solv numer algorithm<link ns0:type="simple" ns0:href="../427/185427.xml">function</link><it />map data<it />solut<it />result algorithm<it />will deviat true solut<it />main error<link ns0:type="simple" ns0:href="../450/432450.xml">roundoff error</link><link ns0:type="simple" ns0:href="../097/9366097.xml">truncat error</link><link>data error</link><it>forward error</it>algorithm differ result solut case delta<it /><it />minu<it /><it>backward error</it>smallest delta<it /><it /><it />delta<it /><it />backward error tell problem algorithm solv forward backward error<link ns0:type="simple" ns0:href="../934/6934.xml">condit number</link>forward error big magnitud condit number multipli magnitud backward error</p><p>case natur consid<link ns0:type="simple" ns0:href="../422/640422.xml">rel error</link><indent level="1"><math>fracdelta xx</math></indent>absolut error delta<it /></p><p>algorithm<it>backward stabl</it>backward error small input<it />cours small rel term definit will depend context error order<link ns0:type="simple" ns0:href="../657/22657.xml">order magnitud</link>bigger<link ns0:type="simple" ns0:href="../863/3076863.xml">unit roundoff</link></p><p><image width="150px" src="Mixed_stability_diagram.svg" type="thumb"><caption>mix stabil combin concept forward error backward error</caption></image></p><p>usual definit numer stabil gener concept call<it>mix stabil</it>combin forward error backward error algorithm stabl sens solv nearbi problem exist delta<it />delta<it />small<it /><it />delta<it />minu<it />small backward stabl algorithm stabl</p><p>algorithm<it>forward stabl</it>forward error divid condit number problem small algorithm forward stabl forward error magnitud backward stabl algorithm</p></sec><sec><st>error growth</st><p><image location="right" width="300px" src="errorgrowth.jpg" type="border" /></p><ss2><st>definit</st><p>suppos ei gt denot initi error en repres magnitud error subsequ oper en cnei constant indpend growth error linear en cnei gt growth error call exponenti</p></ss2></sec><sec><st>stabil numer differenti equat</st><p>definit relev situat truncat error context instanc solv<link ns0:type="simple" ns0:href="../309/1424309.xml">differenti equat</link>definit numer stabil</p><p><link ns0:type="simple" ns0:href="../829/272829.xml">numer ordinari differenti equat</link>concept numer stabil exist instanc<link ns0:type="simple" ns0:href="../823/2091823.xml">astabl</link>concept stabil<link ns0:type="simple" ns0:href="../632/990632.xml">dynam system</link>sens<link ns0:type="simple" ns0:href="../360/363360.xml">lyapunov stabil</link>stabl method solv<link ns0:type="simple" ns0:href="../823/2091823.xml">stiff equat</link></p><p>definit<link ns0:type="simple" ns0:href="../583/1634583.xml">numer partial differenti equat</link>algorithm solv evolutionari<link ns0:type="simple" ns0:href="../564/52564.xml">partial differenti equat</link>stabl numer solut fix time remain bound step size<statement wordnetid="106722453" confidence="0.8"><message wordnetid="106598915" confidence="0.8"><equation wordnetid="106669864" confidence="0.8"><mathematical_statement wordnetid="106732169" confidence="0.8"><link ns0:type="simple" ns0:href="../809/7018809.xml">lax equival theorem</link></mathematical_statement></equation></message></statement>algorithm converg consist stabl sens stabil achiev includ<link ns0:type="simple" ns0:href="../898/2785898.xml">numer diffus</link>numer diffus mathemat term ensur roundoff error calcul spread add calcul blow</p></sec><sec><st>refer</st><p><list><entry level="1" type="bullet"><link ns0:type="simple" ns0:href="../004/10011004.xml">nichola higham</link><it>accuraci stabil numer algorithm</it>societi industri appli mathemat philadelphia isbn</entry><entry level="1" type="bullet">richard burden dougla fair<it>numer analysi edit</it>thomson brookscol isbn</entry></list></p></sec></bdy></article>