<article xmlns:ns0="http://www.w3.org/1999/xlink"><header><title>affect comput</title><id /><revision><id /><timestamp>tz</timestamp><contributor><username>proteu</username><id /></contributor></revision><categories><category>feel</category><category>artifici intellig</category><category>wikipedia articl need clarif</category></categories></header><bdy><indent level="1"><it>affect comput titl textbook subject<physical_entity wordnetid="100001930" confidence="0.8"><peer wordnetid="109626238" confidence="0.8"><person wordnetid="100007846" confidence="0.8"><engineer wordnetid="109615807" confidence="0.8"><colleague wordnetid="109935990" confidence="0.8"><causal_agent wordnetid="100007347" confidence="0.8"><scientist wordnetid="110560637" confidence="0.8"><research_worker wordnetid="110523076" confidence="0.8"><associate wordnetid="109816771" confidence="0.8"><link ns0:type="simple" ns0:href="../761/4316761.xml">rosalind picard</link></associate></research_worker></scientist></causal_agent></colleague></engineer></person></peer></physical_entity></it></indent><b>affect comput</b>branch studi develop<link ns0:type="simple" ns0:href="../164/1164.xml">artifici intellig</link>deal design system devic recogn interpret process human<link ns0:type="simple" ns0:href="../406/10406.xml">emot</link>interdisciplinari field span<link ns0:type="simple" ns0:href="../323/5323.xml">comput scienc</link><link ns0:type="simple" ns0:href="../921/22921.xml">psycholog</link><link ns0:type="simple" ns0:href="../626/5626.xml">cognit scienc</link><ref ns0:type="simple" ns0:href="#xpointer(//reflist/entry[@id=%221%22])" />origin field trace earli philosoph enquiri<link ns0:type="simple" ns0:href="../406/10406.xml#xpointer(//*[./st=%22The_James-Lange_Theory%22])">emot</link><ref ns0:type="simple" ns0:href="#xpointer(//reflist/entry[@id=%222%22])" />modern branch comput scienc origin<physical_entity wordnetid="100001930" confidence="0.8"><peer wordnetid="109626238" confidence="0.8"><person wordnetid="100007846" confidence="0.8"><engineer wordnetid="109615807" confidence="0.8"><colleague wordnetid="109935990" confidence="0.8"><causal_agent wordnetid="100007347" confidence="0.8"><scientist wordnetid="110560637" confidence="0.8"><research_worker wordnetid="110523076" confidence="0.8"><associate wordnetid="109816771" confidence="0.8"><link ns0:type="simple" ns0:href="../761/4316761.xml">rosalind picard</link></associate></research_worker></scientist></causal_agent></colleague></engineer></person></peer></physical_entity>paper<ref ns0:type="simple" ns0:href="#xpointer(//reflist/entry[@id=%223%22])" />affect comput<ref ns0:type="simple" ns0:href="#xpointer(//reflist/entry[@id=%224%22])" /><ref ns0:type="simple" ns0:href="#xpointer(//reflist/entry[@id=%225%22])" /><sec><st>area affect comput</st><ss1><st>detect recogn emot</st><p>detect emot passiv<link ns0:type="simple" ns0:href="../757/235757.xml">sensor</link>captur data user physic behavior interpret input data gather analog cue human perceiv emot exampl video camera captur facial express bodi postur gestur microphon captur speech sensor detect emot cue directli measur<link ns0:type="simple" ns0:href="../597/23597.xml">physiolog</link>data skin temperatur<link ns0:type="simple" ns0:href="../343/1001343.xml">galvan resist</link><ref ns0:type="simple" ns0:href="#xpointer(//reflist/entry[@id=%226%22])" /></p><p>recogn emot requir extract meaning pattern gather data pars data process<link ns0:type="simple" ns0:href="../468/29468.xml">speech recognit</link><link ns0:type="simple" ns0:href="../652/21652.xml">natur languag process</link><link ns0:type="simple" ns0:href="../595/486595.xml">facial express detect</link>depend human factor visavi program</p></ss1><ss1><st>emot machin</st><p>area affect comput design comput devic propos exhibit innat emot capabl capabl convincingli simul emot practic approach base current technolog capabl simul emot convers agent goal simul enrich facilit interact human machin human emot associ surg hormon neuropeptid emot machin associ abstract associ progress lack progress autonom learn system view affect emot correspond timederiv perturb<link ns0:type="simple" ns0:href="../337/322337.xml">learn curv</link>arbitrari learn system</p><p><person wordnetid="100007846" confidence="0.9508927676800064"><scientist wordnetid="110560637" confidence="0.9508927676800064"><link ns0:type="simple" ns0:href="../639/19639.xml">marvin minski</link></scientist></person>pioneer comput scientist artifici intellig relat emot broader issu machin intellig state<it><work wordnetid="104599396" confidence="0.8"><product wordnetid="104007894" confidence="0.8"><creation wordnetid="103129123" confidence="0.8"><artifact wordnetid="100021939" confidence="0.8"><book wordnetid="106410904" confidence="0.8"><publication wordnetid="106589574" confidence="0.8"><link ns0:type="simple" ns0:href="../578/14509578.xml">emot machin</link></publication></book></artifact></creation></product></work></it>emot process call think<ref ns0:type="simple" ns0:href="#xpointer(//reflist/entry[@id=%227%22])" /></p></ss1></sec><sec><st>technolog affect comput</st><ss1><st>emot speech</st><p>emot speech process recogn user emot analyz speech pattern vocal paramet<link ns0:type="simple" ns0:href="../563/214563.xml">prosodi</link>featur pitch variabl speech rate analyz pattern recognit<ref ns0:type="simple" ns0:href="#xpointer(//reflist/entry[@id=%228%22])" /><ref ns0:type="simple" ns0:href="#xpointer(//reflist/entry[@id=%229%22])" /></p><p>emot inflect modul synthes speech phrase acoust featur humancomput interact capabl speech natur express exampl dialog system modul speech pueril deem emot model current user child</p></ss1><ss1><st>facial express</st><p>detect process facial express achiev method<link ns0:type="simple" ns0:href="../825/869825.xml">optic flow</link><link ns0:type="simple" ns0:href="../770/98770.xml">hidden markov model</link><link ns0:type="simple" ns0:href="../542/1729542.xml">neural network process</link>activ appear model</p></ss1><ss1><st>bodi gestur</st><p>bodi gestur posit chang bodi propos method<ref ns0:type="simple" ns0:href="#xpointer(//reflist/entry[@id=%2210%22])" />detect bodi gestur hand gestur common focu bodi gestur detect appar method<ref ns0:type="simple" ns0:href="#xpointer(//reflist/entry[@id=%2211%22])" />model method tradit</p></ss1></sec><sec><st>potenti applic</st><p><link ns0:type="simple" ns0:href="../677/74677.xml">elearn</link>applic affect comput adjust present style computer tutor learner bore interest frustrat pleas<ref ns0:type="simple" ns0:href="#xpointer(//reflist/entry[@id=%2212%22])" />psycholog health servic<link ns0:type="simple" ns0:href="../134/13139134.xml">counsel</link>benefit affect comput applic determin client emot affect comput send messag color sound express emot</p><p><link ns0:type="simple" ns0:href="../781/25781.xml">robot system</link>capabl process affect exhibit higher flexibl work uncertain complex environ companion devic<link ns0:type="simple" ns0:href="../602/242602.xml">digit pet</link>affect comput abil enhanc realism provid higher degre autonomi</p><p>potenti applic center social monitor exampl car monitor emot occup engag addit safeti measur alert vehicl detect driver angri affect comput potenti applic<link ns0:type="simple" ns0:href="../516/13516.xml">human comput interact</link>affect mirror allow user perform emot monitor agent send warn send angri email music player select track base mood</p><p>affect comput appli develop commun technolog peopl autism<ref ns0:type="simple" ns0:href="#xpointer(//reflist/entry[@id=%2213%22])" /></p></sec><sec><st>applic exampl</st><p><list><entry level="1" type="bullet"><link ns0:type="simple" ns0:href="../109/33109.xml">wearabl comput</link>applic affect technolog detect biosign</entry><entry level="1" type="bullet"><link>humancomput interact</link></entry><entry level="1" type="bullet"><link ns0:type="simple" ns0:href="../599/629599.xml">kismet</link></entry></list></p></sec><sec><st /><p><list><entry level="1" type="bullet"><link ns0:type="simple" ns0:href="../850/4857850.xml">affect design</link></entry><entry level="1" type="bullet"><link ns0:type="simple" ns0:href="../111/12630111.xml">affect control theori</link></entry></list></p></sec><sec><st>refer</st><p><reflist><entry id="1"><cite style="font-style:normal">tao jianhua tieniu tan affect comput review<it>affect comput intellig interact</it><b><link ns0:type="simple" ns0:href="../159/2578159.xml">lnc</link></b>springer<document wordnetid="106470073" confidence="0.8"><written_communication wordnetid="106349220" confidence="0.8"><writing wordnetid="106362953" confidence="0.8"><link ns0:type="simple" ns0:href="../994/422994.xml">doi</link></writing></written_communication></document><weblink ns0:type="simple" ns0:href="http://dx.doi.org/10.1007/11573548" /></cite></entry><entry id="2"><cite style="font-style:normal">jame william emot<it>mind</it><b /></cite>cite tao tan</entry><entry id="3"><weblink ns0:type="simple" ns0:href="http://affect.media.mit.edu/pdfs/95.picard.pdf">affect comput</weblink>mit technic report<weblink ns0:type="simple" ns0:href="http://vismod.media.mit.edu/pub/tech-reports/TR-321-ABSTRACT.html">abstract</weblink></entry><entry id="4">kleinecosack christian octob<weblink ns0:type="simple" ns0:href="http://ls12-www.cs.tu-dortmund.de//~fink/lectures/SS06/human-robot-interaction/Emotion-RecognitionAndSimulation.pdf">recognit simul emot</weblink>pdf retriev introduct emot comput scienc pickard sic creat field affect comput</entry><entry id="5">diamond david decemb<weblink ns0:type="simple" ns0:href="http://www.wired.com/wired/archive/11.12/love.html">love machin build comput care</weblink>wire retriev rosalind picard genial mit professor field godmoth book affect comput trigger explos interest emot side comput user</entry><entry id="6"><cite style="font-style:normal">garay nestor idoia cearreta juan miguel lpez inmaculada fajardo april<weblink ns0:type="simple" ns0:href="http://www.humantechnology.jyu.fi/articles/volume2/number1/2006/humantechnology-april-2006.pdf">assist technolog affect mediat</weblink><it>human technolog interdisciplinari journal human ict environ</it><b />retriev<link /></cite></entry><entry id="7">restak richard<weblink ns0:type="simple" ns0:href="http://www.washingtonpost.com/wp-dyn/content/article/2006/12/14/AR2006121401554.html">mind matter</weblink><it>washington post</it>retriev<link /></entry><entry id="8">dellaert polizin waibel recogn emot speech proc icslp philadelphia pa</entry><entry id="9">lee cm narayanan pieraccini recognit neg emot human speech signal workshop auto speech recognit understand dec</entry><entry id="10">aggarw cai human motion analysi review comput vision imag understand</entry><entry id="11">vladimir pavlov rajeev sharma thoma huang visual interpret hand gestur humancomput interact review ieee transact pattern analysi machin intellig</entry><entry id="12"><weblink ns0:type="simple" ns0:href="http://www.autotutor.org/">autotutor</weblink></entry><entry id="13"><weblink ns0:type="simple" ns0:href="http://affect.media.mit.edu/projects.php">project affect comput</weblink></entry></reflist></p></sec><sec><st>extern link</st><p><list><entry level="1" type="bullet"><weblink ns0:type="simple" ns0:href="http://affect.media.mit.edu/">affect comput group mit media laboratori</weblink></entry></list></p></sec></bdy></article>