<article xmlns:ns0="http://www.w3.org/1999/xlink"><header><title>corpor govern</title><id /><revision><id /><timestamp>tz</timestamp><contributor><username>vandalismtermin</username><id /></contributor></revision><categories><category>corpor govern</category><category>manag</category><category>corpor law</category></categories></header><bdy><b>corpor govern</b>set<link ns0:type="simple" ns0:href="../766/4746766.xml">process</link>es custom<link ns0:type="simple" ns0:href="../091/375091.xml">polici</link>law institut<link ns0:type="simple" ns0:href="../485/7485.xml">corpor</link>direct administ control corpor<link ns0:type="simple" ns0:href="../849/652849.xml">govern</link>includ relationship stakehold involv goal corpor govern princip stakehold<link ns0:type="simple" ns0:href="../081/146081.xml">sharehold</link>manag<link ns0:type="simple" ns0:href="../822/4822.xml">board director</link>stakehold includ employe supplier custom bank lender regul environ commun larg<p>corpor govern multifacet subject<ref ns0:type="simple" ns0:href="#xpointer(//reflist/entry[@id=%221%22])" />theme corpor govern ensur<link ns0:type="simple" ns0:href="../973/161973.xml">account</link>individu organ mechan reduc elimin<link ns0:type="simple" ns0:href="../742/730742.xml">principalag problem</link>separ thread discuss focu impact corpor govern system<link ns0:type="simple" ns0:href="../232/241232.xml">econom effici</link>strong emphasi sharehold welfar aspect corpor govern subject<link ns0:type="simple" ns0:href="../799/1792799.xml">stakehold view</link>corpor govern model</p><p>renew interest corpor govern practic modern corpor highprofil collaps number larg firm<link ns0:type="simple" ns0:href="../166/10166.xml">enron corpor</link><link ns0:type="simple" ns0:href="../869/59869.xml">worldcom</link>feder govern pass<link ns0:type="simple" ns0:href="../031/67031.xml">sarbanesoxley</link>intend restor public confid corpor govern</p><sec><st>definit</st><p><b>board cultur corpor govern</b>busi author gabriel odonovan defin corpor govern intern system encompass polici process peopl serv sharehold stakehold direct control manag activ good busi savvi object integr sound corpor govern reliant extern marketplac commit legisl healthi board cultur safeguard polici process</p><p>odonovan perceiv qualiti compani corpor govern influenc share price well cost rais capit qualiti determin financi market legisl extern market forc intern organis environ polici process implement peopl led extern forc larg extent circl control board intern environ matter offer compani opportun differenti competitor board cultur corpor govern debat centr legisl polici deter fraudul activ transpar polici mislead execut treat symptom<ref ns0:type="simple" ns0:href="#xpointer(//reflist/entry[@id=%222%22])" /></p><p>system structur oper control compani view achiev long term strateg goal satisfi sharehold creditor employe custom supplier compli legal regulatori requir apart meet environment local commun</p><p>report<link ns0:type="simple" ns0:href="../958/439958.xml">sebi</link>committe india corpor govern defin corpor govern accept manag inalien right sharehold true owner corpor role truste behalf sharehold commit valu ethic busi conduct make distinct person corpor fund manag compani definit drawn gandhian principl trusteeship direct principl indian constitut corpor govern view ethic moral duti</p></sec><sec><st>histori</st><p>centuri corpor law enhanc right corpor board govern unanim consent sharehold exchang statutori benefit apprais right corpor govern effici time larg publicli trade corpor incorpor corpor administr friendli delawar law uss wealth increasingli securit corpor entiti institut right individu owner sharehold increasingli deriv dissip concern sharehold administr pay stock loss period led frequent call corpor govern reform</p><p>centuri aftermath<link ns0:type="simple" ns0:href="../649/157649.xml">wall street crash</link>legal scholar<link ns0:type="simple" ns0:href="../472/2621472.xml">adolf augustu berl</link>edwin dodd gardin ponder chang role modern corpor societi berl monograph<link ns0:type="simple" ns0:href="../958/13249958.xml">modern corpor privat properti</link>macmillan continu profound influenc concept corpor govern scholarli debat today</p><p>chicago school econom<scientist wordnetid="110560637" confidence="0.9508927676800064"><link ns0:type="simple" ns0:href="../354/26354.xml">ronald coas</link></scientist><link ns0:type="simple" ns0:href="../030/83030.xml">natur firm</link>introduc notion transact cost understand firm found continu behav fifti year<scientist wordnetid="110560637" confidence="0.9508927676800064"><link ns0:type="simple" ns0:href="../227/301227.xml">eugen fama</link></scientist><scientist wordnetid="110560637" confidence="0.9508927676800064"><link ns0:type="simple" ns0:href="../181/3070181.xml">michael jensen</link></scientist>separ ownership control journal law econom firmli establish<link ns0:type="simple" ns0:href="../742/730742.xml">agenc theori</link>understand corpor govern firm seri contract agenc theori domin highlight articl kathleen eisenhardt academi manag review</p><p>expans<military_action wordnetid="100952963" confidence="0.8"><group_action wordnetid="101080366" confidence="0.8"><event wordnetid="100029378" confidence="0.8"><conflict wordnetid="100958896" confidence="0.8"><act wordnetid="100030358" confidence="0.8"><psychological_feature wordnetid="100023100" confidence="0.8"><war wordnetid="100973077" confidence="0.8"><link ns0:type="simple" ns0:href="../927/32927.xml">war ii</link></war></psychological_feature></act></conflict></event></group_action></military_action>emerg multin corpor establish manageri class<university wordnetid="108286163" confidence="0.9508927676800064"><link ns0:type="simple" ns0:href="../741/18998741.xml">harvard busi school</link></university><link ns0:type="simple" ns0:href="../881/19881.xml">manag</link>professor publish influenti monograph studi promin myle mace entrepreneurship<person wordnetid="100007846" confidence="0.9508927676800064"><link ns0:type="simple" ns0:href="../349/902349.xml">alfr chandler jr</link></person>busi histori jay lorsch organiz behavior elizabeth maciv organiz behavior lorsch maciv larg corpor domin control busi affair suffici account monitor board director</p><p>late corpor govern subject debat globe bold broad effort reform corpor govern driven desir shareown exercis right corpor ownership increas share wealth three decad corpor director duti expand greatli tradit legal respons duti loyalti corpor shareown<ref ns0:type="simple" ns0:href="#xpointer(//reflist/entry[@id=%223%22])" /></p><p>half issu corpor govern receiv consider press attent wave ceo dismiss<company wordnetid="108058098" confidence="0.9508927676800064"><link ns0:type="simple" ns0:href="../259/18622259.xml">ibm</link></company><link ns0:type="simple" ns0:href="../627/57627.xml">kodak</link><company wordnetid="108058098" confidence="0.9508927676800064"><link ns0:type="simple" ns0:href="../721/225721.xml">honeywel</link></company>board<link ns0:type="simple" ns0:href="../170/1246170.xml">calper</link>led wave<it>institut</it>sharehold activ rare ensur corpor destroy tradit cozi relationship ceo board director unrestrain issuanc stock option infrequ<gossip wordnetid="107223170" confidence="0.8"><scandal wordnetid="107223811" confidence="0.8"><event wordnetid="100029378" confidence="0.8"><informing wordnetid="107212190" confidence="0.8"><report wordnetid="107217924" confidence="0.8"><act wordnetid="100030358" confidence="0.8"><psychological_feature wordnetid="100023100" confidence="0.8"><speech_act wordnetid="107160883" confidence="0.8"><link ns0:type="simple" ns0:href="../471/6098471.xml">date</link></speech_act></psychological_feature></act></report></informing></event></scandal></gossip></p><p><link ns0:type="simple" ns0:href="../233/262233.xml">east asian financi crisi</link>economi<country wordnetid="108544813" confidence="0.9508927676800064"><link ns0:type="simple" ns0:href="../128/30128.xml">thailand</link></country><country wordnetid="108544813" confidence="0.9508927676800064"><link ns0:type="simple" ns0:href="../579/14579.xml">indonesia</link></country><country wordnetid="108544813" confidence="0.9508927676800064"><link ns0:type="simple" ns0:href="../019/27019.xml">south korea</link></country><country wordnetid="108544813" confidence="0.9508927676800064"><link ns0:type="simple" ns0:href="../937/3607937.xml">malaysia</link></country><link ns0:type="simple" ns0:href="../440/23440.xml">philippin</link>sever exit foreign capit properti asset collaps lack corpor govern mechan countri highlight weak institut economi</p><p>earli massiv bankruptci crimin malfeas<company wordnetid="108058098" confidence="0.9508927676800064"><link ns0:type="simple" ns0:href="../166/10166.xml">enron</link></company><link ns0:type="simple" ns0:href="../869/59869.xml">worldcom</link>well lesser corpor debacl<weblink ns0:type="simple" ns0:href="http://www.washingtonpost.com/wp-dyn/articles/A39143-2004Jul9.html">adelphia commun</weblink><company wordnetid="108058098" confidence="0.9508927676800064"><link ns0:type="simple" ns0:href="../397/1397.xml">aol</link></company><company wordnetid="108058098" confidence="0.9508927676800064"><link ns0:type="simple" ns0:href="../797/38797.xml">arthur andersen</link></company><company wordnetid="108058098" confidence="0.9508927676800064"><link ns0:type="simple" ns0:href="../414/62414.xml">global cross</link></company><company wordnetid="108058098" confidence="0.9508927676800064"><link ns0:type="simple" ns0:href="../755/451755.xml">tyco</link></company><company wordnetid="108058098" confidence="0.9508927676800064"><link ns0:type="simple" ns0:href="../544/293544.xml">fanni mae</link></company><company wordnetid="108058098" confidence="0.9508927676800064"><link ns0:type="simple" ns0:href="../653/1121653.xml">freddi mac</link></company>led increas sharehold government interest corpor govern reflect passag<link ns0:type="simple" ns0:href="../031/67031.xml">sarbanesoxley</link><weblink ns0:type="simple" ns0:href="http://www.nhbar.org/publications/archives/display-journal-issue.asp?id=13">httpwwwnhbarorgpublicationsarchivesdisplayjournalissueaspid</weblink></p><ss1><st>impact corpor govern</st><p>posit good corpor govern stakehold ultim strengthen economi good corpor govern tool socioeconom develop<ref ns0:type="simple" ns0:href="#xpointer(//reflist/entry[@id=%224%22])" />east asian economi collaps late centuri bank presid warn countri sustain develop corpor govern good econom health nation depend sound ethic busi</p></ss1><ss1><st>role institut investor</st><p>year ago worldwid buyer seller corpor stock<it>individu</it>investor wealthi businessmen famili vest person emot interest corpor share own time market<it>institution</it>buyer seller institut<link ns0:type="simple" ns0:href="../615/43615.xml">pension fund</link><link ns0:type="simple" ns0:href="../176/15176.xml">insur compani</link><link ns0:type="simple" ns0:href="../597/226597.xml">mutual fund</link><link ns0:type="simple" ns0:href="../412/14412.xml">hedg fund</link>investor group<link ns0:type="simple" ns0:href="../669/19360669.xml">bank</link></p><p>rise institut investor brought increas profession dilig tend improv regul<link ns0:type="simple" ns0:href="../328/52328.xml">stock market</link>interest small investor nave institut note process occur simultan direct growth individu invest<it>indirectli</it>market exampl individu money mutual fund bank account growth occur individu turn fund profession manag mutual fund major invest describ institut invest vast major fund benefit individu investor</p><p><link ns0:type="simple" ns0:href="../554/1249554.xml">program trade</link>hallmark institut trade averag day</p><p>concurr laps oversight larg corpor own larg institut<link>board director</link>larg corpor chosen princip sharehold emot well monetari invest compani ford board dilig eye compani princip execut hire fire<link ns0:type="simple" ns0:href="../110/24110.xml">presid</link><link ns0:type="simple" ns0:href="../234/52234.xml">chief execut offic</link>ceo</p><p>nowaday own institut dont presidentceo feel fire will costli<link ns0:type="simple" ns0:href="../144/811144.xml">golden handshak</link>andor time consum will simpli sell interest board<it>chosen</it>presidentceo friend associ offic corpor busi colleagu institut sharehold rare object presidentceo gener take chair board posit hisherself difficult institut owner fire himher occasion rare institut investor support<link ns0:type="simple" ns0:href="../456/12557456.xml">sharehold resolut</link>matter<link ns0:type="simple" ns0:href="../891/19283891.xml">execut pay</link><link>antitakeov</link>measur</p><p>final largest pool invest money mutual fund vanguard largest invest manag firm corpor<link ns0:type="simple" ns0:href="../824/26824.xml">street corp</link>design simpli invest larg number compani suffici<link ns0:type="simple" ns0:href="../121/56121.xml">liquid</link>base idea strategi will elimin individu compani<link ns0:type="simple" ns0:href="../491/2460491.xml">financi</link>risk investor interest compani govern</p><p>mark rise<link ns0:type="simple" ns0:href="../539/14539.xml">internet</link><link ns0:type="simple" ns0:href="../240/234240.xml">transact</link>individu profession<link ns0:type="simple" ns0:href="../607/2785607.xml">stock investor</link>emerg potenti kind major short term forc direct indirect ownership corpor market casual particip purchas individu share corpor individu investor diminish sale<link ns0:type="simple" ns0:href="../135/9135.xml">deriv</link><link ns0:type="simple" ns0:href="../170/538170.xml">exchangetrad fund</link>etf<link ns0:type="simple" ns0:href="../423/47423.xml">stock market</link><link ns0:type="simple" ns0:href="../073/9272073.xml">option</link><weblink ns0:type="simple" ns0:href="http://invest-faq.com/articles/deriv-option-basics.html">httpinvestfaqcomarticlesderivoptionbasicshtml</weblink>soar interest investor increasingli rare tie fortun individu corpor</p><p>ownership stock market vari exampl major share japanes market held financi compani industri corpor larg deliber amount<weblink ns0:type="simple" ns0:href="http://www.moneyglossary.com/?w=Cross-holdings">crosshold</weblink>japanes<link ns0:type="simple" ns0:href="../467/17467.xml">keiretsu</link>corpor korean<link ns0:type="simple" ns0:href="../409/338409.xml">chaebol</link>group<weblink ns0:type="simple" ns0:href="http://www.asianresearch.org/articles/1397.html">httpwwwasianresearchorgarticleshtml</weblink>stock usa uk europ broadli own larg individu investor</p></ss1></sec><sec><st>parti corpor govern</st><p>parti involv corpor govern includ regulatori bodi<link ns0:type="simple" ns0:href="../234/52234.xml">chief execut offic</link><link ns0:type="simple" ns0:href="../822/4822.xml">board director</link><link ns0:type="simple" ns0:href="../881/19881.xml">manag</link><link ns0:type="simple" ns0:href="../081/146081.xml">sharehold</link>stakehold includ supplier employe creditor custom commun larg</p><p>corpor sharehold deleg decis right manag princip best interest separ ownership control impli loss effect control sharehold manageri decis partli result separ parti system corpor govern control implement assist align incent manag sharehold increas equiti hold investor opportun revers separ ownership control problem ownership diffus</p><p>board director play key role corpor govern respons endors organis strategi develop direct polici appoint supervis remuner senior execut ensur account organis owner author</p><p><link ns0:type="simple" ns0:href="../339/5635339.xml">compani secretari</link>corpor secretari refer charter secretari qualifi<link ns0:type="simple" ns0:href="../939/2509939.xml">institut charter secretari administr</link>icsa high rank profession train uphold highest standard corpor govern effect oper complianc administr</p><p>parti corpor govern interest direct indirect effect perform organis director worker manag receiv salari benefit reput sharehold receiv capit return custom receiv good servic supplier receiv compens good servic return individu provid form natur human social form capit</p><p>key factor individu decis particip organis provid financi capit trust will receiv fair share organis return parti receiv fair return particip choos continu particip lead organiz collaps</p></sec><sec><st>principl</st><p>key element good corpor govern principl includ honesti trust integr open perform orient respons account mutual respect commit organ</p><p>director manag develop model govern align valu corpor particip evalu model period effect senior execut conduct honestli ethic concern actual appar<link ns0:type="simple" ns0:href="../850/236850.xml">conflict interest</link>disclosur financi report</p><p>commonli accept principl corpor govern includ</p><p><list><entry level="1" type="bullet"><b>right equit treatment sharehold</b>organ respect right sharehold help sharehold exercis right help sharehold exercis right effect commun understand access encourag sharehold particip gener meet</entry><entry level="1" type="bullet"><b>interest stakehold</b>organ recogn legal oblig legitim stakehold</entry><entry level="1" type="bullet"><b>role respons board</b>board rang skill understand deal busi issu abil review challeng manag perform suffici size appropri level commit fulfil respons duti issu appropri mix execut nonexecut director key role<link ns0:type="simple" ns0:href="../243/3452243.xml">chairperson</link>ceo held person</entry><entry level="1" type="bullet"><b>integr ethic behaviour</b>ethic respons decis make public relat element risk manag avoid lawsuit organ develop code conduct director execut promot ethic respons decis make understand relianc compani integr ethic individu bound eventu failur organ establish<link ns0:type="simple" ns0:href="../374/7720374.xml">complianc ethic program</link>minim risk firm step ethic legal boundari</entry><entry level="1" type="bullet"><b>disclosur transpar</b>organ clarifi publicli role respons board manag provid sharehold level account implement procedur independ verifi safeguard integr compani financi report disclosur materi matter concern organ time balanc ensur investor access clear factual</entry></list></p><p>issu involv corpor govern principl includ<list><entry level="1" type="bullet">intern control independ entiti auditor</entry><entry level="1" type="bullet">oversight manag risk</entry><entry level="1" type="bullet">oversight prepar entiti financi statement</entry><entry level="1" type="bullet">review compens arrang chief execut offic senior execut</entry><entry level="1" type="bullet">resourc director carri duti</entry><entry level="1" type="bullet">individu nomin posit board</entry></list></p><p><list><entry level="1" type="bullet"><link ns0:type="simple" ns0:href="../930/41930.xml">dividend</link>polici</entry></list>corpor govern despit feebl attempt quarter remain ambigu misunderstood phrase time confin corpor manag broader includ fair effici transpar administr meet well defin object corpor govern law quantiti qualiti frequenc financi manageri disclosur degre extent board director bod exercis truste respons commit transpar organ evolv interplay factor role play progress element corpor sector india strident demand evolv code good practic corpor emerg</p></sec><sec><st>mechan control</st><p>corpor govern mechan control design reduc ineffici<link ns0:type="simple" ns0:href="../590/175590.xml">moral hazard</link><link ns0:type="simple" ns0:href="../452/309452.xml">advers select</link>exampl monitor manag behaviour independ third parti<link ns0:type="simple" ns0:href="../700/224700.xml">auditor</link>attest accuraci provid manag investor ideal control system regul motiv abil</p><ss1><st>intern corpor govern control</st><p>intern corpor govern control monitor activ correct action accomplish organis goal exampl includ</p><p><list><entry level="1" type="bullet"><b>monitor board director</b>board director legal author hire fire compens top manag safeguard invest capit regular board meet allow potenti problem identifi discuss avoid whilst nonexecut director thought independ result effect corpor govern increas perform<ref ns0:type="simple" ns0:href="#xpointer(//reflist/entry[@id=%225%22])" />board structur optim firm abil board monitor firm execut function access execut director possess superior knowledg decisionmak process evalu top manag basi qualiti decis lead financi perform outcom<it>ant</it>argu execut director financi criteria</entry><entry level="1" type="bullet"><b>remuner</b>performancebas remuner design relat proport salari individu perform form cash noncash payment<link ns0:type="simple" ns0:href="../243/866243.xml">share</link><link ns0:type="simple" ns0:href="../073/9272073.xml">share option</link><link ns0:type="simple" ns0:href="../613/43613.xml">superannu</link>benefit incent scheme reactiv sens provid mechan prevent mistak opportunist behaviour elicit myopic behaviour</entry></list></p></ss1><ss1><st>extern corpor govern control</st><p>extern corpor govern control encompass control extern stakehold exercis organis exampl includ<list><entry level="1" type="bullet">competit</entry><entry level="1" type="bullet">debt coven</entry><entry level="1" type="bullet">demand assess perform<link ns0:type="simple" ns0:href="../755/93755.xml">financi statement</link></entry><entry level="1" type="bullet">govern regul</entry><entry level="1" type="bullet">manageri labour market</entry><entry level="1" type="bullet">media pressur</entry><entry level="1" type="bullet">takeov</entry></list></p></ss1></sec><sec><st>system problem corpor govern</st><p><list><entry level="1" type="bullet">demand barrier sharehold good cost process small sharehold tradit answer problem<link ns0:type="simple" ns0:href="../602/164602.xml">effici market hypothesi</link>financ effici market hypothesi emh assert financi market effici suggest sharehold will free ride judgement larger profession investor</entry><entry level="1" type="bullet">monitor cost order influenc director sharehold combin form vote group pose real threat carri resolut appoint director gener meet</entry><entry level="1" type="bullet">suppli account financi account form crucial link enabl provid financ monitor director imperfect financi report process will imperfect effect corpor govern ideal correct work extern audit process</entry></list></p></sec><sec><st>role account</st><p>financi report crucial element corpor govern system function effect<link ns0:type="simple" ns0:href="../216/58216.xml">account</link><link ns0:type="simple" ns0:href="../700/224700.xml">auditor</link>primari provid capit market particip director compani entitl expect manag prepar financi complianc statutori ethic oblig reli auditor compet</p><p>current account practic allow degre choic method determin method measur criteria recognit definit account entiti exercis choic improv appar perform popularli<link ns0:type="simple" ns0:href="../072/63072.xml">creativ account</link>impos extra cost user extrem involv nondisclosur</p><p>area concern account firm act independ auditor manag consult firm audit result conflict interest place integr financi report doubt client pressur appeas manag power corpor client initi termin manag consult servic fundament select dismiss account firm contradict concept independ auditor chang enact unit form sarbanesoxley respons enron situat prohibit account firm provid audit manag consult servic provis place claus<link ns0:type="simple" ns0:href="../958/439958.xml">sebi</link>india</p><p>enron collaps exampl mislead financi report enron conceal huge loss creat illus third parti contractu oblig pay amount loss third parti entiti enron substanti econom stake discuss account practic<company wordnetid="108058098" confidence="0.9508927676800064"><link ns0:type="simple" ns0:href="../797/38797.xml">arthur andersen</link></company>partner charg audit view inevit led client prevail</p><p>good financi report suffici condit effect corpor govern user dont process inform user unabl exercis monitor role high cost<it>system problem corpor govern</it></p></sec><sec><st>regul</st><p><table style=" margin:0 0 1.0em 1.0em; text-align:center; line-height:1.4em; font-size:88%;  " cellpadding="0" class="infobox  " cellspacing="0"><row><col style="padding-right:0.4em; padding-bottom:0.2em; padding-left:0.4em; none; padding-bottom:0.4em; border:0;" class=""><image width="100px" src="Scale_of_justice_2.svg"><caption>scale justic</caption></image></col></row><row><col style="padding:0.1em 0.4em 0.2em; line-height:1.1em; font-size:145%; font-weight:bold; none; padding:0.4em; background:#66ccff; border:0;" class=""><link ns0:type="simple" ns0:href="../762/6762.xml">compani law</link></col></row><row><col style=" padding-right:0.4em; padding-bottom:0.4em; padding-left:0.4em; none;  padding:0; border:0; line-height:0.4em;" /></row><row><col style=" padding-right:0.4em; padding-bottom:0.4em; padding-left:0.4em; none;  padding-bottom:0;"><link ns0:type="simple" ns0:href="../223/4918223.xml">compani</link><link ns0:type="simple" ns0:href="../206/39206.xml">busi</link><idea wordnetid="105833840" confidence="0.8"><concept wordnetid="105835747" confidence="0.8"><category wordnetid="105838765" confidence="0.8"><type wordnetid="105840188" confidence="0.8"><kind wordnetid="105839024" confidence="0.8"><link ns0:type="simple" ns0:href="../326/668326.xml">sole proprietorship</link></kind></type></category></concept></idea></col></row><row><col style=" padding-right:0.4em; padding-bottom:0.4em; padding-left:0.4em; none;  padding:0 0.2em; line-height:1.2em;"><link ns0:type="simple" ns0:href="../783/222783.xml">partnership</link><link ns0:type="simple" ns0:href="../791/1730791.xml">gener</link><link ns0:type="simple" ns0:href="../943/1548943.xml">limit</link><link ns0:type="simple" ns0:href="../415/662415.xml">llp</link></col></row><row><col style="  padding-right:0.4em; padding-bottom:0.4em; padding-left:0.4em; none;  "><link ns0:type="simple" ns0:href="../485/7485.xml">corpor</link><link ns0:type="simple" ns0:href="../313/89313.xml">cooper</link></col></row><row><col style="padding-top:0.2em; padding-right:0.4em; padding-left:0.4em; font-weight:bold;  padding:0.2em 0.4em; background:#66ccff; ">unit</col></row><row><col style="padding-top:0.1em; padding-right:0.4em; padding-bottom:0.4em; padding-left:0.4em; none;  "><idea wordnetid="105833840" confidence="0.8"><concept wordnetid="105835747" confidence="0.8"><category wordnetid="105838765" confidence="0.8"><type wordnetid="105840188" confidence="0.8"><kind wordnetid="105839024" confidence="0.8"><link ns0:type="simple" ns0:href="../099/2461099.xml">corpor</link></kind></type></category></concept></idea><idea wordnetid="105833840" confidence="0.8"><concept wordnetid="105835747" confidence="0.8"><category wordnetid="105838765" confidence="0.8"><type wordnetid="105840188" confidence="0.8"><kind wordnetid="105839024" confidence="0.8"><link ns0:type="simple" ns0:href="../289/3081289.xml">corpor</link></kind></type></category></concept></idea><idea wordnetid="105833840" confidence="0.8"><concept wordnetid="105835747" confidence="0.8"><category wordnetid="105838765" confidence="0.8"><type wordnetid="105840188" confidence="0.8"><kind wordnetid="105839024" confidence="0.8"><link ns0:type="simple" ns0:href="../083/283083.xml">llc</link></kind></type></category></concept></idea><idea wordnetid="105833840" confidence="0.8"><concept wordnetid="105835747" confidence="0.8"><category wordnetid="105838765" confidence="0.8"><type wordnetid="105840188" confidence="0.8"><kind wordnetid="105839024" confidence="0.8"><link ns0:type="simple" ns0:href="../183/3017183.xml">lllp</link></kind></type></category></concept></idea><idea wordnetid="105833840" confidence="0.8"><concept wordnetid="105835747" confidence="0.8"><category wordnetid="105838765" confidence="0.8"><type wordnetid="105840188" confidence="0.8"><kind wordnetid="105839024" confidence="0.8"><link ns0:type="simple" ns0:href="../406/7440406.xml">seri llc</link></kind></type></category></concept></idea><link ns0:type="simple" ns0:href="../933/8933.xml">delawar corpor</link><idea wordnetid="105833840" confidence="0.8"><concept wordnetid="105835747" confidence="0.8"><category wordnetid="105838765" confidence="0.8"><type wordnetid="105840188" confidence="0.8"><kind wordnetid="105839024" confidence="0.8"><link ns0:type="simple" ns0:href="../743/5554743.xml">nevada corpor</link></kind></type></category></concept></idea><volition wordnetid="105652593" confidence="0.8"><faculty wordnetid="105650329" confidence="0.8"><link ns0:type="simple" ns0:href="../507/4707507.xml">massachusett busi trust</link></faculty></volition></col></row><row><col style="padding-top:0.2em; padding-right:0.4em; padding-left:0.4em; font-weight:bold;  padding:0.2em 0.4em; background:#66ccff; ">uk ireland commonwealth</col></row><row><col style="padding-top:0.1em; padding-right:0.4em; padding-bottom:0.4em; padding-left:0.4em; none;  padding:0.2em 0.2em 0; line-height:1.2em;"><link ns0:type="simple" ns0:href="../325/538325.xml">limit compani</link><idea wordnetid="105833840" confidence="0.8"><concept wordnetid="105835747" confidence="0.8"><category wordnetid="105838765" confidence="0.8"><type wordnetid="105840188" confidence="0.8"><kind wordnetid="105839024" confidence="0.8"><link ns0:type="simple" ns0:href="../596/7458596.xml">share</link></kind></type></category></concept></idea><idea wordnetid="105833840" confidence="0.8"><concept wordnetid="105835747" confidence="0.8"><category wordnetid="105838765" confidence="0.8"><type wordnetid="105840188" confidence="0.8"><kind wordnetid="105839024" confidence="0.8"><link ns0:type="simple" ns0:href="../470/10087470.xml">guarante</link></kind></type></category></concept></idea><idea wordnetid="105833840" confidence="0.8"><concept wordnetid="105835747" confidence="0.8"><category wordnetid="105838765" confidence="0.8"><type wordnetid="105840188" confidence="0.8"><kind wordnetid="105839024" confidence="0.8"><link ns0:type="simple" ns0:href="../109/25109.xml">public</link></kind></type></category></concept></idea><link ns0:type="simple" ns0:href="../278/1988278.xml">proprietari</link></col></row><row><col style=" padding-right:0.4em; padding-bottom:0.4em; padding-left:0.4em; none;  "><idea wordnetid="105833840" confidence="0.8"><concept wordnetid="105835747" confidence="0.8"><category wordnetid="105838765" confidence="0.8"><type wordnetid="105840188" confidence="0.8"><kind wordnetid="105839024" confidence="0.8"><link ns0:type="simple" ns0:href="../113/2157113.xml">commun interest compani</link></kind></type></category></concept></idea></col></row><row><col style="padding-top:0.2em; padding-right:0.4em; padding-left:0.4em; font-weight:bold;  padding:0.2em 0.4em; background:#66ccff; ">european union<link ns0:type="simple" ns0:href="../363/95363.xml">eea</link></col></row><row><col style="padding-top:0.1em; padding-right:0.4em; padding-bottom:0.4em; padding-left:0.4em; none;  "><law wordnetid="108441203" confidence="0.8"><idea wordnetid="105833840" confidence="0.8"><concept wordnetid="105835747" confidence="0.8"><category wordnetid="105838765" confidence="0.8"><collection wordnetid="107951464" confidence="0.8"><type wordnetid="105840188" confidence="0.8"><group wordnetid="100031264" confidence="0.8"><kind wordnetid="105839024" confidence="0.8"><link ns0:type="simple" ns0:href="../922/9922.xml">se</link></kind></group></type></collection></category></concept></idea></law><law wordnetid="108441203" confidence="0.8"><idea wordnetid="105833840" confidence="0.8"><concept wordnetid="105835747" confidence="0.8"><category wordnetid="105838765" confidence="0.8"><collection wordnetid="107951464" confidence="0.8"><type wordnetid="105840188" confidence="0.8"><group wordnetid="100031264" confidence="0.8"><kind wordnetid="105839024" confidence="0.8"><link ns0:type="simple" ns0:href="../769/414769.xml">sce</link></kind></group></type></collection></category></concept></idea></law><idea wordnetid="105833840" confidence="0.8"><concept wordnetid="105835747" confidence="0.8"><category wordnetid="105838765" confidence="0.8"><type wordnetid="105840188" confidence="0.8"><kind wordnetid="105839024" confidence="0.8"><link ns0:type="simple" ns0:href="../244/18133244.xml">spe</link></kind></type></category></concept></idea><link ns0:type="simple" ns0:href="../719/4502719.xml">eeig</link></col></row><row><col style="padding-top:0.2em; padding-right:0.4em; padding-left:0.4em; font-weight:bold;  padding:0.2em 0.4em; background:#66ccff; " /></row><row><col style="padding-top:0.1em; padding-right:0.4em; padding-bottom:0.4em; padding-left:0.4em; none;  "><idea wordnetid="105833840" confidence="0.8"><concept wordnetid="105835747" confidence="0.8"><category wordnetid="105838765" confidence="0.8"><type wordnetid="105840188" confidence="0.8"><kind wordnetid="105839024" confidence="0.8"><link ns0:type="simple" ns0:href="../668/2696668.xml">ab</link></kind></type></category></concept></idea><idea wordnetid="105833840" confidence="0.8"><concept wordnetid="105835747" confidence="0.8"><category wordnetid="105838765" confidence="0.8"><type wordnetid="105840188" confidence="0.8"><kind wordnetid="105839024" confidence="0.8"><link ns0:type="simple" ns0:href="../240/944240.xml">ag</link></kind></type></category></concept></idea><idea wordnetid="105833840" confidence="0.8"><concept wordnetid="105835747" confidence="0.8"><category wordnetid="105838765" confidence="0.8"><type wordnetid="105840188" confidence="0.8"><kind wordnetid="105839024" confidence="0.8"><link ns0:type="simple" ns0:href="../536/5005536.xml">an</link></kind></type></category></concept></idea><idea wordnetid="105833840" confidence="0.8"><concept wordnetid="105835747" confidence="0.8"><category wordnetid="105838765" confidence="0.8"><type wordnetid="105840188" confidence="0.8"><kind wordnetid="105839024" confidence="0.8"><link ns0:type="simple" ns0:href="../335/8346335.xml" /></kind></type></category></concept></idea><idea wordnetid="105833840" confidence="0.8"><concept wordnetid="105835747" confidence="0.8"><category wordnetid="105838765" confidence="0.8"><type wordnetid="105840188" confidence="0.8"><kind wordnetid="105839024" confidence="0.8"><link ns0:type="simple" ns0:href="../476/3636476.xml" /></kind></type></category></concept></idea><link>gmbh</link><idea wordnetid="105833840" confidence="0.8"><concept wordnetid="105835747" confidence="0.8"><category wordnetid="105838765" confidence="0.8"><type wordnetid="105840188" confidence="0.8"><kind wordnetid="105839024" confidence="0.8"><link ns0:type="simple" ns0:href="../273/3469273.xml">kk</link></kind></type></category></concept></idea><idea wordnetid="105833840" confidence="0.8"><concept wordnetid="105835747" confidence="0.8"><category wordnetid="105838765" confidence="0.8"><type wordnetid="105840188" confidence="0.8"><kind wordnetid="105839024" confidence="0.8"><link ns0:type="simple" ns0:href="../141/1418141.xml">nv</link></kind></type></category></concept></idea><link>oy</link><idea wordnetid="105833840" confidence="0.8"><concept wordnetid="105835747" confidence="0.8"><category wordnetid="105838765" confidence="0.8"><type wordnetid="105840188" confidence="0.8"><kind wordnetid="105839024" confidence="0.8"><link ns0:type="simple" ns0:href="../297/162297.xml">sa</link></kind></type></category></concept></idea><idea wordnetid="105833840" confidence="0.8"><concept wordnetid="105835747" confidence="0.8"><category wordnetid="105838765" confidence="0.8"><type wordnetid="105840188" confidence="0.8"><kind wordnetid="105839024" confidence="0.8"><link ns0:type="simple" ns0:href="../376/1690376.xml"><it /></link></kind></type></category></concept></idea></col></row><row><col style="padding-top:0.2em; padding-right:0.4em; padding-left:0.4em; font-weight:bold;  padding:0.2em 0.4em; background:#66ccff; ">doctrin</col></row><row><col style="padding-top:0.1em; padding-right:0.4em; padding-bottom:0.4em; padding-left:0.4em; none;  padding-bottom:0;"><link ns0:type="simple" ns0:href="../657/235657.xml">corpor govern</link><link ns0:type="simple" ns0:href="../182/1138182.xml">limit liabil</link><link ns0:type="simple" ns0:href="../827/1161827.xml">ultra vire</link><link ns0:type="simple" ns0:href="../036/1171036.xml">busi judgment rule</link><link ns0:type="simple" ns0:href="../024/12734024.xml">intern affair doctrin</link></col></row><row><col style=" padding-right:0.4em; padding-bottom:0.4em; padding-left:0.4em; none;  padding:0 0.2em; line-height:1.1em;"><link ns0:type="simple" ns0:href="../209/2189209.xml">de facto corpor corpor estoppel</link></col></row><row><col style=" padding-right:0.4em; padding-bottom:0.4em; padding-left:0.4em; none;  "><link ns0:type="simple" ns0:href="../333/1549333.xml">pierc corpor veil</link><product wordnetid="104007894" confidence="0.8"><creation wordnetid="103129123" confidence="0.8"><artifact wordnetid="100021939" confidence="0.8"><oeuvre wordnetid="103841417" confidence="0.8"><end_product wordnetid="103287178" confidence="0.8"><link ns0:type="simple" ns0:href="../394/951394.xml">rochdal principl</link></end_product></oeuvre></artifact></creation></product></col></row><row><col style="padding-top:0.2em; padding-right:0.4em; padding-left:0.4em; font-weight:bold;  padding:0.2em 0.4em; background:#66ccff; ">area</col></row><row><col style="padding-top:0.1em; padding-right:0.4em; padding-bottom:0.4em; padding-left:0.4em; none;  "><b><link ns0:type="simple" ns0:href="../537/19280537.xml">contract</link><link ns0:type="simple" ns0:href="../381/76381.xml">civil procedur</link></b></col></row><row><col style="border-top:1px solid #aaa;" /></row></table></p><ss1><st>rule versu principl</st><p>rule typic thought simpler follow principl demarc clear accept unaccept behaviour rule reduc discret individu manag auditor</p><p>practic rule complex principl illequip deal type transact cover code clear rule find circumv underli purpos harder achiev bound broader principl</p><p>principl hand form regul allow sector determin standard accept unaccept preempt zealou legisl practic</p></ss1><ss1><st>enforc</st><p>enforc affect credibl regulatori system deter bad actor level competit play field greater enforc better dampen valuabl risktak practic theoret oppos real risk</p></ss1><ss1><st>action oblig</st><p>enlighten board regard mission help manag lead compani support senior manag team enlighten director duti involv intellectu analysi compani move forward futur time enlighten board align critic issu face compani</p><p>tradit board enlighten board feel hamper rule regul sarbanesoxley standard board aim compli regul enlighten board regard complianc regul baselin board perform enlighten director meet requir checklist sarbanesoxley mandat protect valu ethic monitor ceo perform</p><p>time enlighten director recogn role involv daytoday oper corpor lead exampl distinguish enlighten director tradit standard director passion oblig feel engag daytoday challeng strateg compani enlighten board larg complex compani well smaller compani<ref ns0:type="simple" ns0:href="#xpointer(//reflist/entry[@id=%226%22])" /></p></ss1></sec><sec><st>corpor govern model</st><p>model corpor govern notori consider variat corpor govern model intric sharehold structur<link ns0:type="simple" ns0:href="../467/17467.xml">keiretsu</link>japan heavi presenc bank equiti german firm<link ns0:type="simple" ns0:href="../409/338409.xml">chaebol</link>south korea exampl arrang respond corpor govern challeng</p><ss1><st>angloamerican model</st><p>model corpor govern differ varieti capit embed liber model common angloamerican countri prioriti interest sharehold coordin model find continent europ japan recogn interest worker manag supplier custom commun model distinct competit advantag way liber model corpor govern encourag radic innov cost competit coordin model corpor govern facilit increment innov qualiti competit differ approach govern issu happen uk</p><p>unit corpor govern<link ns0:type="simple" ns0:href="../822/4822.xml">board director</link>power choos execut offic<link ns0:type="simple" ns0:href="../234/52234.xml">chief execut offic</link>ceo broad power manag corpor daili basi board approv major action hire hisher subordin rais money acquir compani major capit expans expens project duti board includ polici set decis make monitor manag perform corpor control</p><p>board director nomin select respons<link ns0:type="simple" ns0:href="../081/146081.xml">sharehold</link><link ns0:type="simple" ns0:href="../384/521384.xml">bylaw</link>compani difficult largest sharehold influenc makeup board individu sharehold offer choic board nomine choos ask rubberstamp nomine sit board pervers incent pervad corpor board develop board member beholden chief execut action intend overse frequent member board director ceo corpor<ref ns0:type="simple" ns0:href="#xpointer(//reflist/entry[@id=%227%22])" />conflict interest</p><p>uk pioneer flexibl model regul corpor govern compli explain code govern principl base code list dozen recommend practic separ ceo chairman board introduct time limit ceo contract introduct minimum number nonexecut director independ director design senior execut director format composit remuner audit nomin committe publicli list compani uk appli principl choos explain design annual report decid monitor explan left sharehold tenet code size fit matter corpor govern statuari regim sarbanesoxley best leav flexibl compani choic adapt circumst good reason deviat sound rule convincingli explain sharehold</p><p>code place drastic effect firm govern uk studi arcot bruno fauregrimaud financi market group london school econom uk compani member ftse compliant dimens success achiev explan compliant compani deviat simpli explain larg major explan fail identifi specif circumst justifi deviat view uk system work fairli well fact brand benchmark countri</p></ss1><ss1><st>angloamerican model</st><p>east asian countri familyown compani domin studi claessen djankov lang investig top famili east asian countri domin list corpor asset countri pakistan indonesia philippin top famili control publicli own corpor system famili crosshold domin capit market familyown compani domin latin model corpor govern compani mexico itali spain franc extent brazil argentina countri south america</p><p>europ asia exemplifi insid system sharehold stakehold small number list compani illiquid capit market ownership control frequent trade high concentr sharehold hand corpor institut famili govern insid model system interlock network committe</p><p>time develop countri undergo process econom growth transform experienc revolut busi polit relationship character privat public sector establish good corpor govern practic essenti sustain longterm develop growth countri move close marketunfriendli undemocrat system open marketfriendli democrat system good corpor govern system will allow organ realiz maximum product effici minim corrupt abus power provid system manageri account<ref ns0:type="simple" ns0:href="#xpointer(//reflist/entry[@id=%228%22])" />goal equal privat corpor govern bodi</p><p>implicit relationship privat interest larger govern good corpor govern practic essenti establish good govern nation level develop countri<ref ns0:type="simple" ns0:href="#xpointer(//reflist/entry[@id=%229%22])" />number tie public privat sector close link hand judiciari regulatori bodi well legislatur play role corpor manag oversight time cartel larg corpor interest size exert econom polit power sector intertwin countri chang simultan institut chang<ref ns0:type="simple" ns0:href="#xpointer(//reflist/entry[@id=%2210%22])" /></p><p>nicola meisel prioriti develop countri concentr experi form corpor public govern focu improv qualiti increas speed creat distribut public good commun function organ second allow individu actor autonomi time maintain increas account thirdli hierarch organ orient privat activ gener interest countervail power encourag fill role final play govern offici select consid develop economi achiev sustain growth involv make easier newcom idea incumb hold older outdat model<ref ns0:type="simple" ns0:href="#xpointer(//reflist/entry[@id=%2211%22])" /></p></ss1></sec><sec><st>code guidelin</st><p>corpor govern principl code develop countri issu stock exchang corpor institut investor associ institut director manag support govern intern organ rule complianc govern recommend mandat law code link stock exchang<link ns0:type="simple" ns0:href="../168/28168.xml">list requir</link>coerciv</p><p>exampl compani quot london toronto stock exchang formal follow recommend respect nation code disclos follow recommend document provid explan concern diverg practic disclosur requir exert pressur list compani complianc</p><p>unit compani regul incorpor regul feder govern public stock exchang highest number compani incorpor delawar includ half fortun delawar gener businessfriendli corpor legal environ exist court dedic sole busi issu<weblink ns0:type="simple" ns0:href="http://courts.delaware.gov/chancery">delawar court chanceri</weblink></p><p>corpor law gener follow american bar associ<weblink ns0:type="simple" ns0:href="http://www.abanet.org/buslaw/library/onlinepublications/mbca2002.pdf">model busi corpor</weblink>delawar follow consid provis promin delawar justic includ delawar suprem court chief justic<weblink ns0:type="simple" ns0:href="http://www.weil.com/wgm/pages/Controller.jsp?z=l sz=p db=common/firmdir.ns5 d=684D35E8C17F94D485256EAD000BBE60 v=0 f=New%20York">norman veasey</weblink>particip aba committe</p><p>issu rais disney decis<ref ns0:type="simple" ns0:href="#xpointer(//reflist/entry[@id=%2212%22])" />degre compani manag govern respons supersed legal threshold creat govern guidelin ascend level best practic exampl guidelin issu associ director corpor manag individu compani tend wholli voluntari exampl gm board guidelin reflect compani effort improv govern capac document wider multipli prompt compani adopt document standard best practic</p><p>influenti guidelin<link ns0:type="simple" ns0:href="../793/493793.xml">oecd</link>principl corpor govern revis oecd remain propon corpor govern principl</p><p>build work oecd intern organis privat sector associ nation corpor govern code<link ns0:type="simple" ns0:href="../769/31769.xml">unit nation</link><link ns0:type="simple" ns0:href="../514/16568514.xml">intergovernment work group expert intern standard account report isar</link>produc voluntari<weblink ns0:type="simple" ns0:href="http://www.unctad.org/en/docs/iteteb20063_en.pdf">guidanc good practic corpor govern disclosur</weblink>intern agre<ref ns0:type="simple" ns0:href="#xpointer(//reflist/entry[@id=%2213%22])" />benchmark consist fifti distinct disclosur item broad categori<ref ns0:type="simple" ns0:href="#xpointer(//reflist/entry[@id=%2214%22])" /><list><entry level="1" type="bullet">audit</entry><entry level="1" type="bullet">board manag structur process</entry><entry level="1" type="bullet">corpor respons complianc</entry><entry level="1" type="bullet">financi transpar disclosur</entry><entry level="1" type="bullet">ownership structur exercis control right</entry></list></p><p>busi council sustain develop<link ns0:type="simple" ns0:href="../398/863398.xml">wbcsd</link>work corpor govern<weblink ns0:type="simple" ns0:href="http://www.wbcsd.org/includes/getTarget.asp?type=p id=MTE0OA doOpen=1 ClickMenu=LeftMenu">account report</weblink>creat<weblink ns0:type="simple" ns0:href="http://www.wbcsd.org/Plugins/DocSearch/details.asp?DocTypeId=25 ObjectId=MTIwNjg">issu manag tool strateg challeng busi corpor respons code standard framework</weblink>document aim provid gener snapshot landscap perspect thinktankprofession associ key code standard framework relev sustain agenda</p></sec><sec><st>corpor govern firm perform</st><p>global investor opinion survey institut investor undertaken updat<link ns0:type="simple" ns0:href="../328/642328.xml">mckinsey</link>respond pay premium wellgovern compani defin wellgovern compani director manag tie undertook formal evalu director respons investor request govern issu size premium vari market canadian compani compani regulatori backdrop<link ns0:type="simple" ns0:href="../291/19291.xml">morocco</link><country wordnetid="108544813" confidence="0.9508927676800064"><link ns0:type="simple" ns0:href="../628/8087628.xml">egypt</link></country><country wordnetid="108544813" confidence="0.9508927676800064"><link ns0:type="simple" ns0:href="../391/25391.xml">russia</link></country></p><p>studi link broad percept qualiti compani superior share price perform studi year cumul return<link ns0:type="simple" ns0:href="../717/172717.xml">fortun magazin</link>survey admir firm antunovich al admir averag return whilst admir firm return separ studi<link ns0:type="simple" ns0:href="../157/945157.xml">busi week</link>enlist institut investor expert assist differenti board good bad govern compani highest rank highest financi return</p><p>hand relationship specif corpor govern control firm perform mix weak exampl illustr</p><ss1><st>board composit</st><p>research support relationship frequenc meet profit neg relationship proport extern director firm perform relationship extern board membership perform paper bagahat black compani independ board perform better compani board composit direct impact firm perform</p></ss1><ss1><st>remunerationcompens</st><p>previou relationship firm perform execut compens fail find consist relationship execut remuner firm perform low averag level payperform align impli form govern control ineffici firm experi level agenc conflict extern intern monitor devic effect</p><p>research largest ceo perform incent ownership firm share research relationship share ownership firm perform depend level ownership increas ownership manag entrench interest welfar sharehold</p><p>argu firm perform posit associ share<link ns0:type="simple" ns0:href="../073/9272073.xml">option</link>plan plan direct manag energi extend decis horizon longterm shortterm perform compani point view substanti critic circa wake secur scandal includ mutual fund time episod backdat option grant document univers iowa academ erik lie report jame blander charl forel wall street journal</p><p>neg influenc public opinion caus backdat scandal option face critic forc long run argument concern interact execut option corpor stock repurchas program numer author includ feder reserv board economist weisbenn determin option employ concert stock buyback manner contrari sharehold interest author argu corpor stock buyback standard poor compani surg billion annual rate late impact option compendium academ work optionbuyback issu includ studi<weblink ns0:type="simple" ns0:href="http://ssrn.com/abstract=927111"><it>scandal</it></weblink>author<weblink ns0:type="simple" ns0:href="http://ssrn.com/author=665434">gumport</weblink>issu</p><p>combin account chang govern issu led option popular remuner progress altern implement buyback surfac challeng domin open market cash buyback prefer implement share repurchas plan</p></ss1></sec><sec><st /><p><list><entry level="1" type="bullet"><link ns0:type="simple" ns0:href="../029/1651029.xml">agenc cost</link></entry><entry level="1" type="bullet"><link ns0:type="simple" ns0:href="../742/730742.xml">agenc theori</link></entry><entry level="1" type="bullet"><link ns0:type="simple" ns0:href="../335/1291335.xml">basel ii</link></entry><entry level="1" type="bullet"><link ns0:type="simple" ns0:href="../770/4770.xml">busi ethic</link></entry><entry level="1" type="bullet"><work wordnetid="104599396" confidence="0.8"><product wordnetid="104007894" confidence="0.8"><creation wordnetid="103129123" confidence="0.8"><artifact wordnetid="100021939" confidence="0.8"><publication wordnetid="106589574" confidence="0.8"><link ns0:type="simple" ns0:href="../210/528210.xml">cadburi report</link></publication></artifact></creation></product></work></entry><entry level="1" type="bullet"><link ns0:type="simple" ns0:href="../344/13229344.xml">certifi busi manag</link></entry><entry level="1" type="bullet"><link ns0:type="simple" ns0:href="../374/7720374.xml">complianc ethic program</link></entry><entry level="1" type="bullet"><link ns0:type="simple" ns0:href="../483/2714483.xml">corpor behaviour</link></entry><entry level="1" type="bullet"><link ns0:type="simple" ns0:href="../976/7407976.xml">corpor benefit</link></entry><entry level="1" type="bullet"><condition wordnetid="113920835" confidence="0.8"><issue wordnetid="105814650" confidence="0.8"><state wordnetid="100024720" confidence="0.8"><problem wordnetid="114410605" confidence="0.8"><difficulty wordnetid="114408086" confidence="0.8"><link ns0:type="simple" ns0:href="../754/178754.xml">corpor crime</link></difficulty></problem></state></issue></condition></entry><entry level="1" type="bullet"><link ns0:type="simple" ns0:href="../052/1651052.xml">corpor law econom reform program</link></entry><entry level="1" type="bullet"><link ns0:type="simple" ns0:href="../356/398356.xml">corpor social respons</link></entry><entry level="1" type="bullet"><link ns0:type="simple" ns0:href="../485/7485.xml">corpor</link></entry><entry level="1" type="bullet"><link ns0:type="simple" ns0:href="../428/1068428.xml">foreign corrupt practic</link></entry><entry level="1" type="bullet"><link ns0:type="simple" ns0:href="../148/811148.xml">golden parachut</link></entry><entry level="1" type="bullet"><link ns0:type="simple" ns0:href="../849/652849.xml">govern</link></entry><entry level="1" type="bullet"><link ns0:type="simple" ns0:href="../851/1557851.xml">institut fund manag</link></entry><entry level="1" type="bullet"><product wordnetid="104007894" confidence="0.8"><creation wordnetid="103129123" confidence="0.8"><artifact wordnetid="100021939" confidence="0.8"><oeuvre wordnetid="103841417" confidence="0.8"><end_product wordnetid="103287178" confidence="0.8"><link ns0:type="simple" ns0:href="../245/3615245.xml">king</link></end_product></oeuvre></artifact></creation></product></entry><entry level="1" type="bullet"><link ns0:type="simple" ns0:href="../280/3615280.xml">king ii</link></entry><entry level="1" type="bullet"><process wordnetid="105701363" confidence="0.8"><thinking wordnetid="105770926" confidence="0.8"><explanation wordnetid="105793000" confidence="0.8"><theory wordnetid="105989479" confidence="0.8"><higher_cognitive_process wordnetid="105770664" confidence="0.8"><link ns0:type="simple" ns0:href="../555/1348555.xml">legal origin theori</link></higher_cognitive_process></theory></explanation></thinking></process></entry><entry level="1" type="bullet"><link ns0:type="simple" ns0:href="../404/26404.xml">risk manag</link></entry><entry level="1" type="bullet"><link ns0:type="simple" ns0:href="../031/67031.xml">sarbanesoxley</link></entry><entry level="1" type="bullet"><link ns0:type="simple" ns0:href="../251/16909251.xml">pay</link></entry><entry level="1" type="bullet"><link ns0:type="simple" ns0:href="../799/1792799.xml">stakehold theori</link></entry><entry level="1" type="bullet"><link ns0:type="simple" ns0:href="../119/56119.xml">takeov</link><link ns0:type="simple" ns0:href="../117/56117.xml">poison pill</link></entry></list></p></sec><sec><st>refer</st><p><reflist><entry id="1">good overview theoret perspect corpor govern chapter dignam lowri compani law oxford univers press isbn</entry><entry id="2">corpor govern intern journal board cultur corpor govern issu</entry><entry id="3">crawford curti reform corpor govern major trend corpor boardroom doctor dissert capella univers<weblink ns0:type="simple" ns0:href="http://www.xceo.net/about_us/crawford_dissertation.php">httpwwwxceonetabout_uscrawford_dissertationphp</weblink></entry><entry id="4"><weblink ns0:type="simple" ns0:href="http://papers.ssrn.com/sol3/papers.cfm?abstract_id=955289">ssrngood corpor govern instrument wealth maximis vrajlal sapovadia</weblink></entry><entry id="5">bhagat black uncertain relationship board composit firm perform busi lawyer</entry><entry id="6">nation associ corpor director nacd director monthli enlighten board action oblig number pg<weblink ns0:type="simple" ns0:href="http://www.xceo.net/admin/files/events/Crawford.Directors_Monthly.Dec07_final.pdf">httpwwwxceonetadminfileseventscrawforddirectors_monthlydec_finalpdf</weblink></entry><entry id="7"><weblink ns0:type="simple" ns0:href="http://theyrule.net">theyrulenet</weblink></entry><entry id="8">busi develop foster privat sector oecd develop centr pari oecd public</entry><entry id="9">nicola meisel govern cultur develop pari oecd publish sourceoecd juli</entry><entry id="10">corpor govern develop experi brazil chile india south africa charl oman oecd develop centr cipe</entry><entry id="11">nicola meisel govern cultur develop pari oecd publish sourceoecd juli</entry><entry id="12"><weblink ns0:type="simple" ns0:href="http://www.akingump.com/docs/publication/795.pdf">disney decis preced set corpor govern fiduciari respons kuckreja akin gump aug</weblink></entry><entry id="13"><weblink ns0:type="simple" ns0:href="http://www.unctad.org/en/docs/c2isard31_en.pdf">tdbcomisar</weblink></entry><entry id="14"><weblink ns0:type="simple" ns0:href="http://www.unctad.org/Templates/Page.asp?intItemID=2920 lang=1">unctadorg gt gt corpor govern disclosur</weblink></entry></reflist><list><entry level="1" type="bullet"><weblink ns0:type="simple" ns0:href="http://fmg.lse.ac.uk/publications/searchdetail.php?pubid=1 wsid=1 wpdid=1308">arcot sridhar bruno valentina antoin fauregrimaud corpor govern uk complyorexplain work decemb fmg cg work paper</weblink></entry><entry level="1" type="bullet">becht marco patrick bolton ailsa rell corpor govern control octob updat august<weblink ns0:type="simple" ns0:href="http://ssrn.com/abstract=343461">ecgi financ work paper</weblink></entry><entry level="1" type="bullet">brickley jame william klug jerold zimmerman<it>manageri econom organiz architectur</it>isbn</entry><entry level="1" type="bullet"><link ns0:type="simple" ns0:href="../884/2981884.xml">cadburi sir adrian</link>code best practic report committe financi aspect corpor govern gee onlin<weblink ns0:type="simple" ns0:href="http://www.ecgi.org/codes">httpwwwecgiorgcod</weblink></entry><entry level="1" type="bullet"><link ns0:type="simple" ns0:href="../884/2981884.xml">cadburi sir adrian</link>corpor govern brussel instituut voor bestuurd brussel</entry><entry level="1" type="bullet">claessen stijn djankov simeon lang larri hp separ ownership control east asian corpor journal financi econom</entry><entry level="1" type="bullet"><link ns0:type="simple" ns0:href="../075/566075.xml">clark thoma</link><it>theori corpor govern philosoph foundat corpor govern</it>london york routledg isbnx</entry><entry level="1" type="bullet"><link ns0:type="simple" ns0:href="../075/566075.xml">clark thoma</link><it>critic perspect busi manag volum seri corpor govern genesi angloamerican european asian contemporari corpor govern</it>london york routledg isbn</entry><entry level="1" type="bullet"><link ns0:type="simple" ns0:href="../075/566075.xml">clark thoma</link>dela rama mari ed<it>corpor govern global</it>london oak sage isbn</entry><entry level="1" type="bullet">colley doyl logan stettiniu<it>corpor govern</it>mcgrawhil decemb isbn</entry><entry level="1" type="bullet">crawford complianc convict evolut enlighten corpor govern santa clara calif xceo isbn</entry><entry level="1" type="bullet"><link ns0:type="simple" ns0:href="../555/455555.xml">easterbrook frank</link>daniel fischel<it>econom structur corpor law</it>isbn</entry><entry level="1" type="bullet">erturk ismail froud juli johal sukhdev william karel<it>corpor govern disappoint</it>review intern polit economi</entry><entry level="1" type="bullet">garrett allison theme variat converg corpor govern practic major market denv intl poli</entry><entry level="1" type="bullet">holton glyn<weblink ns0:type="simple" ns0:href="http://www.contingencyanalysis.com/home/papers/suffrage.pdf">investor suffrag movement</weblink>financi analysit journal</entry><entry level="1" type="bullet">monk robert ag minow nell<it>corpor govern</it>blackwel isbn</entry><entry level="1" type="bullet">monk robert ag minow nell<it>power account</it>harperbusi full text<weblink ns0:type="simple" ns0:href="http://www.thecorporatelibrary.com/power/contents.html">onlin</weblink></entry><entry level="1" type="bullet"><weblink ns0:type="simple" ns0:href="http://www.nyssa.org/Template.cfm?Section=corp_gov_com Template=/TaggedPage/TaggedPageDisplay.cfm TPLID=3 ContentID=499">york societi secur analyst corpor govern handbook</weblink></entry><entry level="1" type="bullet"><link ns0:type="simple" ns0:href="../793/493793.xml">oecd</link><it>principl corpor govern</it>pari oecd</entry><entry level="1" type="bullet">zekmeki abdullah mert correl corpor govern public relat istanbul bilgi univers</entry><entry level="1" type="bullet">sapovadia vrajlal critic analysi account standard visvi corpor govern practic india januari ssrn httpssrncomabstract</entry><entry level="1" type="bullet">whittington corpor govern regul financi report<it>account busi</it>corpor govern special issu</entry><entry level="1" type="bullet">busi council sustain develop<link ns0:type="simple" ns0:href="../398/863398.xml">wbcsd</link><weblink ns0:type="simple" ns0:href="http://www.wbcsd.org/Plugins/DocSearch/details.asp?DocTypeId=25 ObjectId=MTIwNjg"><it>issu manag tool strateg challeng busi corpor respons code standard framework</it></weblink></entry></list></p></sec><sec><st>extern link</st><p><list><entry level="1" type="bullet"><weblink ns0:type="simple" ns0:href="http://ssrn.com/abstract=1103644">compar bibliographi regulatori competit corpor law</weblink></entry><entry level="1" type="bullet"><weblink ns0:type="simple" ns0:href="http://www.law.stanford.edu/program/centers/rcfcg/">arthur toni remb rock center corpor govern<university wordnetid="108286163" confidence="0.9508927676800064"><link ns0:type="simple" ns0:href="../977/26977.xml">stanford univers</link></university></weblink></entry><entry level="1" type="bullet"><weblink ns0:type="simple" ns0:href="http://www.cipd.co.uk/subjects/corpstrtgy/corpgov/">charter institut personnel develop cipd resourc corpor govern</weblink></entry><entry level="1" type="bullet"><weblink ns0:type="simple" ns0:href="http://www.boardmember.com/board-governance-series-1/new-releases/">board govern seri<it>corpor board member</it>magazin</weblink></entry><entry level="1" type="bullet"><weblink ns0:type="simple" ns0:href="http://millstein.som.yale.edu/">millstein center corpor govern perform<school wordnetid="108276720" confidence="0.8"><graduate_school wordnetid="108282696" confidence="0.8"><educational_institution wordnetid="108276342" confidence="0.8"><business_school wordnetid="108281812" confidence="0.8"><institution wordnetid="108053576" confidence="0.8"><link ns0:type="simple" ns0:href="../177/1948177.xml">yale school manag</link></institution></business_school></educational_institution></graduate_school></school></weblink></entry><entry level="1" type="bullet"><weblink ns0:type="simple" ns0:href="http://rru.worldbank.org/GovernanceReports/">bank corpor govern report</weblink></entry><entry level="1" type="bullet"><weblink ns0:type="simple" ns0:href="http://www.gcgf.org/">global corpor govern forum</weblink></entry><entry level="1" type="bullet"><weblink ns0:type="simple" ns0:href="http://www.iod.com/corporategovernance">wwwiodcomcorporategovern</weblink></entry><entry level="1" type="bullet"><weblink ns0:type="simple" ns0:href="http://www.nacdonline.org">nation associ corpor director</weblink></entry></list></p><p><table style="background:white;;" class="navbox" cellspacing="0"><row><col style="padding:2px;"><table style="width:100%;background:transparent;color:inherit;;" class="nowraplinks collapsible autocollapse " cellspacing="0"><row><header colspan="2" style=";" class="navbox-title"><occupation wordnetid="100582388" confidence="0.8"><event wordnetid="100029378" confidence="0.8"><act wordnetid="100030358" confidence="0.8"><psychological_feature wordnetid="100023100" confidence="0.8"><activity wordnetid="100407535" confidence="0.8"><link ns0:type="simple" ns0:href="../681/5681.xml">corpor titl</link></activity></psychological_feature></act></event></occupation></header></row><row style="height:2px;" /><row><col style=";text-align:right;;" class="navbox-group">titl</col><col style="text-align:left;border-left:2px solid #fdfdfd;width:100%;padding:0px;;;" class="navbox-list navbox-odd"><link ns0:type="simple" ns0:href="../237/3671237.xml">chief account offic</link><occupation wordnetid="100582388" confidence="0.8"><event wordnetid="100029378" confidence="0.8"><act wordnetid="100030358" confidence="0.8"><psychological_feature wordnetid="100023100" confidence="0.8"><activity wordnetid="100407535" confidence="0.8"><link ns0:type="simple" ns0:href="../800/3561800.xml">chief administr offic</link></activity></psychological_feature></act></event></occupation><occupation wordnetid="100582388" confidence="0.8"><event wordnetid="100029378" confidence="0.8"><act wordnetid="100030358" confidence="0.8"><psychological_feature wordnetid="100023100" confidence="0.8"><activity wordnetid="100407535" confidence="0.8"><link ns0:type="simple" ns0:href="../684/2920684.xml">chief analyt offic</link></activity></psychological_feature></act></event></occupation><link ns0:type="simple" ns0:href="../403/14481403.xml">chief channel offic</link><link ns0:type="simple" ns0:href="../780/9487780.xml">chief complianc offic</link><occupation wordnetid="100582388" confidence="0.8"><event wordnetid="100029378" confidence="0.8"><act wordnetid="100030358" confidence="0.8"><psychological_feature wordnetid="100023100" confidence="0.8"><activity wordnetid="100407535" confidence="0.8"><link ns0:type="simple" ns0:href="../362/5520362.xml">chief commun offic</link></activity></psychological_feature></act></event></occupation><occupation wordnetid="100582388" confidence="0.8"><event wordnetid="100029378" confidence="0.8"><act wordnetid="100030358" confidence="0.8"><psychological_feature wordnetid="100023100" confidence="0.8"><activity wordnetid="100407535" confidence="0.8"><link ns0:type="simple" ns0:href="../827/2513827.xml">chief data offic</link></activity></psychological_feature></act></event></occupation><link ns0:type="simple" ns0:href="../234/52234.xml">chief execut offic</link><link ns0:type="simple" ns0:href="../007/80007.xml">chief financi offic</link><occupation wordnetid="100582388" confidence="0.8"><event wordnetid="100029378" confidence="0.8"><act wordnetid="100030358" confidence="0.8"><psychological_feature wordnetid="100023100" confidence="0.8"><activity wordnetid="100407535" confidence="0.8"><link ns0:type="simple" ns0:href="../852/153852.xml">chief offic</link></activity></psychological_feature></act></event></occupation><occupation wordnetid="100582388" confidence="0.8"><event wordnetid="100029378" confidence="0.8"><act wordnetid="100030358" confidence="0.8"><psychological_feature wordnetid="100023100" confidence="0.8"><activity wordnetid="100407535" confidence="0.8"><link ns0:type="simple" ns0:href="../961/4591961.xml">chief secur offic</link></activity></psychological_feature></act></event></occupation><occupation wordnetid="100582388" confidence="0.8"><event wordnetid="100029378" confidence="0.8"><act wordnetid="100030358" confidence="0.8"><psychological_feature wordnetid="100023100" confidence="0.8"><activity wordnetid="100407535" confidence="0.8"><link ns0:type="simple" ns0:href="../130/2336130.xml">chief knowledg offic</link></activity></psychological_feature></act></event></occupation><occupation wordnetid="100582388" confidence="0.8"><event wordnetid="100029378" confidence="0.8"><act wordnetid="100030358" confidence="0.8"><psychological_feature wordnetid="100023100" confidence="0.8"><activity wordnetid="100407535" confidence="0.8"><link ns0:type="simple" ns0:href="../456/13000456.xml">chief learn offic</link></activity></psychological_feature></act></event></occupation><occupation wordnetid="100582388" confidence="0.8"><event wordnetid="100029378" confidence="0.8"><act wordnetid="100030358" confidence="0.8"><psychological_feature wordnetid="100023100" confidence="0.8"><activity wordnetid="100407535" confidence="0.8"><link ns0:type="simple" ns0:href="../530/6589530.xml">chief legal offic</link></activity></psychological_feature></act></event></occupation><occupation wordnetid="100582388" confidence="0.8"><event wordnetid="100029378" confidence="0.8"><act wordnetid="100030358" confidence="0.8"><psychological_feature wordnetid="100023100" confidence="0.8"><activity wordnetid="100407535" confidence="0.8"><link ns0:type="simple" ns0:href="../550/1046550.xml">chief market offic</link></activity></psychological_feature></act></event></occupation><link ns0:type="simple" ns0:href="../834/3863834.xml">chief network offic</link><link ns0:type="simple" ns0:href="../044/343044.xml">chief oper offic</link><link ns0:type="simple" ns0:href="../281/9339281.xml">chief procur offic</link><occupation wordnetid="100582388" confidence="0.8"><event wordnetid="100029378" confidence="0.8"><act wordnetid="100030358" confidence="0.8"><psychological_feature wordnetid="100023100" confidence="0.8"><activity wordnetid="100407535" confidence="0.8"><link ns0:type="simple" ns0:href="../537/1993537.xml">chief risk offic</link></activity></psychological_feature></act></event></occupation><occupation wordnetid="100582388" confidence="0.8"><event wordnetid="100029378" confidence="0.8"><act wordnetid="100030358" confidence="0.8"><psychological_feature wordnetid="100023100" confidence="0.8"><activity wordnetid="100407535" confidence="0.8"><link ns0:type="simple" ns0:href="../154/11057154.xml">chief scienc offic</link></activity></psychological_feature></act></event></occupation><occupation wordnetid="100582388" confidence="0.8"><event wordnetid="100029378" confidence="0.8"><act wordnetid="100030358" confidence="0.8"><psychological_feature wordnetid="100023100" confidence="0.8"><activity wordnetid="100407535" confidence="0.8"><link ns0:type="simple" ns0:href="../458/15640458.xml">chief strategi offic</link></activity></psychological_feature></act></event></occupation><skilled_worker wordnetid="110605985" confidence="0.8"><physical_entity wordnetid="100001930" confidence="0.8"><person wordnetid="100007846" confidence="0.8"><worker wordnetid="109632518" confidence="0.8"><engineer wordnetid="109615807" confidence="0.8"><causal_agent wordnetid="100007347" confidence="0.8"><serviceman wordnetid="110582746" confidence="0.8"><military_officer wordnetid="110317007" confidence="0.8"><link ns0:type="simple" ns0:href="../193/579193.xml">chief technic offic</link></military_officer></serviceman></causal_agent></engineer></worker></person></physical_entity></skilled_worker><occupation wordnetid="100582388" confidence="0.8"><event wordnetid="100029378" confidence="0.8"><act wordnetid="100030358" confidence="0.8"><psychological_feature wordnetid="100023100" confidence="0.8"><activity wordnetid="100407535" confidence="0.8"><link ns0:type="simple" ns0:href="../615/2113615.xml">chief visionari offic</link></activity></psychological_feature></act></event></occupation></col></row><row style="height:2px" /><row><col style=";text-align:right;;" class="navbox-group" /><col style="text-align:left;border-left:2px solid #fdfdfd;width:100%;padding:0px;;;" class="navbox-list navbox-even"><link ns0:type="simple" ns0:href="../822/4822.xml">board director</link><occupation wordnetid="100582388" confidence="0.8"><event wordnetid="100029378" confidence="0.8"><word wordnetid="106286395" confidence="0.8"><part wordnetid="113809207" confidence="0.8"><act wordnetid="100030358" confidence="0.8"><psychological_feature wordnetid="100023100" confidence="0.8"><neologism wordnetid="106294441" confidence="0.8"><activity wordnetid="100407535" confidence="0.8"><language_unit wordnetid="106284225" confidence="0.8"><link ns0:type="simple" ns0:href="../243/3452243.xml">chairman board</link></language_unit></activity></neologism></psychological_feature></act></part></word></event></occupation><link ns0:type="simple" ns0:href="../657/235657.xml">corpor govern</link><occupation wordnetid="100582388" confidence="0.8"><event wordnetid="100029378" confidence="0.8"><act wordnetid="100030358" confidence="0.8"><psychological_feature wordnetid="100023100" confidence="0.8"><activity wordnetid="100407535" confidence="0.8"><link ns0:type="simple" ns0:href="../532/1744532.xml">creativ director</link></activity></psychological_feature></act></event></occupation><work wordnetid="100575741" confidence="0.8"><examination wordnetid="100635850" confidence="0.8"><event wordnetid="100029378" confidence="0.8"><survey wordnetid="100644503" confidence="0.8"><investigation wordnetid="100633864" confidence="0.8"><act wordnetid="100030358" confidence="0.8"><psychological_feature wordnetid="100023100" confidence="0.8"><activity wordnetid="100407535" confidence="0.8"><link ns0:type="simple" ns0:href="../891/19283891.xml">execut compens</link></activity></psychological_feature></act></investigation></survey></event></examination></work><link ns0:type="simple" ns0:href="../602/2051602.xml">execut director</link><link ns0:type="simple" ns0:href="../322/1014322.xml">fiduciari</link><physical_entity wordnetid="100001930" confidence="0.8"><person wordnetid="100007846" confidence="0.8"><occupation wordnetid="100582388" confidence="0.8"><event wordnetid="100029378" confidence="0.8"><causal_agent wordnetid="100007347" confidence="0.8"><adult wordnetid="109605289" confidence="0.8"><act wordnetid="100030358" confidence="0.8"><psychological_feature wordnetid="100023100" confidence="0.8"><professional wordnetid="110480253" confidence="0.8"><lawyer wordnetid="110249950" confidence="0.8"><activity wordnetid="100407535" confidence="0.8"><link ns0:type="simple" ns0:href="../138/1838138.xml">gener counsel</link></activity></lawyer></professional></psychological_feature></act></adult></causal_agent></event></occupation></person></physical_entity><occupation wordnetid="100582388" confidence="0.8"><event wordnetid="100029378" confidence="0.8"><act wordnetid="100030358" confidence="0.8"><psychological_feature wordnetid="100023100" confidence="0.8"><activity wordnetid="100407535" confidence="0.8"><link ns0:type="simple" ns0:href="../612/2320612.xml">manag team</link></activity></psychological_feature></act></event></occupation><link ns0:type="simple" ns0:href="../935/1328935.xml">manag director</link><link ns0:type="simple" ns0:href="../529/2945529.xml">nonexecut director</link><physical_entity wordnetid="100001930" confidence="0.8"><executive wordnetid="110069645" confidence="0.8"><person wordnetid="100007846" confidence="0.8"><occupation wordnetid="100582388" confidence="0.8"><event wordnetid="100029378" confidence="0.8"><leader wordnetid="109623038" confidence="0.8"><administrator wordnetid="109770949" confidence="0.8"><causal_agent wordnetid="100007347" confidence="0.8"><head wordnetid="110162991" confidence="0.8"><act wordnetid="100030358" confidence="0.8"><psychological_feature wordnetid="100023100" confidence="0.8"><activity wordnetid="100407535" confidence="0.8"><link ns0:type="simple" ns0:href="../818/17212818.xml">corner offic</link></activity></psychological_feature></act></head></causal_agent></administrator></leader></event></occupation></person></executive></physical_entity></col></row></table></col></row></table></p></sec></bdy></article>