<article xmlns:ns0="http://www.w3.org/1999/xlink"><merchandise confidence="0.9511911446218017" wordnetid="103748886"><fuel confidence="0.9511911446218017" wordnetid="114875077"><header><title>gasolin</title><id /><revision><id /><timestamp>tz</timestamp><contributor><username>galoubet</username><id /></contributor></revision><categories><category>motor fuel</category><category>liquid fuel</category><category>petroleum product</category></categories></header><bdy>petrol redirect<link ns0:type="simple" ns0:href="../875/8404875.xml">petrol disambigu</link><image width="150px" src="GasCan.jpg" type="thumb"><caption>word gasolin petrol<link ns0:type="simple" ns0:href="../385/70385.xml">commonwealth</link>countri</caption></image><p>gasolin ga petroleum spirit petrol petrogasolin<link ns0:type="simple" ns0:href="../195/23195.xml">petroleum</link>deriv<link ns0:type="simple" ns0:href="../825/18993825.xml">liquid</link>mixtur consist<link ns0:type="simple" ns0:href="../ury/22nd_century.xml">aliphat</link><link ns0:type="simple" ns0:href="../257/13257.xml">hydrocarbon</link>enhanc<link ns0:type="simple" ns0:href="../482/1972482.xml">isooctan</link><link ns0:type="simple" ns0:href="../836/239836.xml">aromat</link>hydrocarbon<link ns0:type="simple" ns0:href="../699/30699.xml">toluen</link><link ns0:type="simple" ns0:href="../186/18582186.xml">benzen</link>increas<link ns0:type="simple" ns0:href="../242/147242.xml">octan rate</link><link ns0:type="simple" ns0:href="../973/10973.xml">fuel</link><link ns0:type="simple" ns0:href="../796/14796.xml">intern combust engin</link></p><p><region wordnetid="108630039" confidence="0.9508927676800064"><link ns0:type="simple" ns0:href="../916/5042916.xml">canada</link></region>current<organization wordnetid="108008335" confidence="0.9508927676800064"><link ns0:type="simple" ns0:href="../385/70385.xml">commonwealth countri</link></organization>word petrol abbrevi<it>petroleum spirit</it><system wordnetid="108435388" confidence="0.8"><economy wordnetid="108366753" confidence="0.8"><group wordnetid="100031264" confidence="0.8"><link ns0:type="simple" ns0:href="../139/21139.xml">north america</link></group></economy></system>word gasolin commonli shorten<link ns0:type="simple" ns0:href="../765/68765.xml">colloqui</link>usag<link ns0:type="simple" ns0:href="../312/655312.xml">ga</link>genuin<link ns0:type="simple" ns0:href="../869/18993869.xml">gaseou</link>fuel<link ns0:type="simple" ns0:href="../384/361384.xml">liquefi petroleum ga</link>store pressur liquid allow return gaseou combust</p><p><it>moga</it>short<it>motor gasolin</it>distinguish<link ns0:type="simple" ns0:href="../345/13673345.xml">automobil</link>fuel<it>aviat gasolin</it><link ns0:type="simple" ns0:href="../184/191184.xml">avga</link><speech wordnetid="107109196" confidence="0.8"><dialect wordnetid="107155661" confidence="0.8"><auditory_communication wordnetid="107109019" confidence="0.8"><language wordnetid="106282651" confidence="0.8"><non-standard_speech wordnetid="107155081" confidence="0.8"><link ns0:type="simple" ns0:href="../179/4179.xml">british english</link></non-standard_speech></language></auditory_communication></dialect></speech>gasolin refer petroleum deriv histor<link ns0:type="simple" ns0:href="../132/241132.xml">lamp</link>uncommon</p><sec><st>histori</st><p>gasolin mixtur hydrocarbon quantiti ethanol small quantiti addit<link ns0:type="simple" ns0:href="../568/391568.xml">methyl tertbutyl ether</link>antiknock agent increas<link ns0:type="simple" ns0:href="../242/147242.xml">octan rate</link><link ns0:type="simple" ns0:href="../504/2195504.xml">oxygen</link>reduc emiss hydrocarbon consist mixtur nparaffin naphthen olefin aromat naphthen olefin aromat increas octan rate gasolin nparaffin opposit<ref ns0:type="simple" ns0:href="#xpointer(//reflist/entry[@id=%221%22])" /></p><ss1><st>earli</st><p><image location="right" width="150px" src="BP_bensinstasjon,_Nøtterøy.JPG" type="thumb"><caption>petrol pump ntteri norway</caption></image>gasolin fuel engin sold small bottl treatment<link ns0:type="simple" ns0:href="../288/58288.xml">lice</link>egg time word<it>petrol</it><link ns0:type="simple" ns0:href="../404/230404.xml">trade</link>treatment method longer common inher fire hazard risk<link ns0:type="simple" ns0:href="../241/2221241.xml">dermat</link></p><p><link ns0:type="simple" ns0:href="../750/3434750.xml">usa</link>gasolin sold clean fluid remov greas stain cloth dedic<link ns0:type="simple" ns0:href="../260/61260.xml">fill station</link>establish earli motorist bought gasolin can fill tank</p><p><it>gasolin</it>petroleum product day notabl<link ns0:type="simple" ns0:href="../860/271860.xml">petroleum jelli</link>highli purifi heavi distil brand<it><name wordnetid="106333653" confidence="0.8"><hallmark wordnetid="104732543" confidence="0.8"><trade_name wordnetid="106845599" confidence="0.8"><part wordnetid="113809207" confidence="0.8"><characteristic wordnetid="104731497" confidence="0.8"><language_unit wordnetid="106284225" confidence="0.8"><link ns0:type="simple" ns0:href="../100/11173100.xml">vaselin</link></language_unit></characteristic></part></trade_name></hallmark></name></it>trademark<it>gasolin</it>regist gener</p><p>gasolin kitchen rang light highli purifi form<it>camp fuel</it><it><link ns0:type="simple" ns0:href="../573/1287573.xml">white ga</link></it>lantern portabl stove</p><p><conflict wordnetid="100958896" confidence="0.9508927676800064"><link ns0:type="simple" ns0:href="../h$io/Elyria=2C_O$hio.xml">francoprussian war</link></conflict><it>ptrole</it>stockpil<site wordnetid="108651247" confidence="0.9508927676800064"><link ns0:type="simple" ns0:href="../989/22989.xml">pari</link></site><country wordnetid="108544813" confidence="0.9508927676800064"><link ns0:type="simple" ns0:href="../701/242701.xml">germanprussian</link></country>attack citi revolutionari<aggression wordnetid="100964569" confidence="0.8"><violence wordnetid="100965404" confidence="0.8"><happening wordnetid="107283608" confidence="0.8"><event wordnetid="100029378" confidence="0.8"><change wordnetid="107296428" confidence="0.8"><revolution wordnetid="107424109" confidence="0.8"><action wordnetid="100037396" confidence="0.8"><riot wordnetid="101170502" confidence="0.8"><act wordnetid="100030358" confidence="0.8"><psychological_feature wordnetid="100023100" confidence="0.8"><link ns0:type="simple" ns0:href="../134/59134.xml">pari commun</link></psychological_feature></act></riot></action></revolution></change></event></happening></violence></aggression>rumour spread citi<it><link>ptroleus</link></it>women bottl petrol commit<link ns0:type="simple" ns0:href="../695/184695.xml">arson</link>citi build</p></ss1><ss1><st>etymolog</st><p>word gasolen coin word<link ns0:type="simple" ns0:href="../869/18993869.xml">ga</link>chemic suffix<link ns0:type="simple" ns0:href="../962/11662962.xml">ine</link>ene modern spell shorten form ga gasolin record american english<ref ns0:type="simple" ns0:href="#xpointer(//reflist/entry[@id=%222%22])" />confus older ga gase earli<ref ns0:type="simple" ns0:href="#xpointer(//reflist/entry[@id=%223%22])" />gasolin origin refer liquid fuel gasolinepow engin diesel fuel liquefi ga<link ns0:type="simple" ns0:href="../712/19712.xml">methanol</link>race fuel class type gasolin<ref ns0:type="simple" ns0:href="#xpointer(//reflist/entry[@id=%224%22])" /></p><p>word petrol refer refin substanc refer unrefin petroleum regist trade british wholesal carless capel leonard suggest<physical_entity wordnetid="100001930" confidence="0.8"><person wordnetid="100007846" confidence="0.8"><pioneer wordnetid="110434725" confidence="0.8"><engineer wordnetid="109615807" confidence="0.8"><causal_agent wordnetid="100007347" confidence="0.8"><originator wordnetid="110383816" confidence="0.8"><creator wordnetid="109614315" confidence="0.8"><link ns0:type="simple" ns0:href="../831/8450831.xml">frederick richard simm</link></creator></originator></causal_agent></engineer></pioneer></person></physical_entity><ref ns0:type="simple" ns0:href="#xpointer(//reflist/entry[@id=%225%22])" /></p><p>carlesss competitor term motor spirit offici regist trademark<ref ns0:type="simple" ns0:href="#xpointer(//reflist/entry[@id=%226%22])" />suggest word<it>gasolin</it>coin<physical_entity wordnetid="100001930" confidence="0.8"><expert wordnetid="109617867" confidence="0.8"><person wordnetid="100007846" confidence="0.8"><interior_designer wordnetid="110210648" confidence="0.8"><specialist wordnetid="110631941" confidence="0.8"><causal_agent wordnetid="100007347" confidence="0.8"><link ns0:type="simple" ns0:href="../492/13534492.xml">edward butler</link></causal_agent></specialist></interior_designer></person></expert></physical_entity><ref ns0:type="simple" ns0:href="#xpointer(//reflist/entry[@id=%227%22])" /></p><p><country wordnetid="108544813" confidence="0.9508927676800064"><link ns0:type="simple" ns0:href="../867/11867.xml">germani</link></country>european countri<link ns0:type="simple" ns0:href="../949/71949.xml">guinea pidgin</link>gasolin call<it>benzin</it><language wordnetid="106282651" confidence="0.9508927676800064"><link ns0:type="simple" ns0:href="../884/11884.xml">german</link></language><language wordnetid="106282651" confidence="0.9508927676800064"><link ns0:type="simple" ns0:href="../599/75599.xml">croatian</link></language><language wordnetid="106282651" confidence="0.9508927676800064"><link ns0:type="simple" ns0:href="../227/8227.xml">danish</link></language><language wordnetid="106282651" confidence="0.9508927676800064"><link ns0:type="simple" ns0:href="../992/29992.xml">turkish</link></language><it>benzin</it><language wordnetid="106282651" confidence="0.9508927676800064"><link ns0:type="simple" ns0:href="../433/8433.xml">dutch</link></language><it>bensin</it><language wordnetid="106282651" confidence="0.9508927676800064"><link ns0:type="simple" ns0:href="../689/26689.xml">swedish</link></language><language wordnetid="106282651" confidence="0.8"><link ns0:type="simple" ns0:href="../704/21704.xml">norwegian</link></language><it>bensiini</it><language wordnetid="106282651" confidence="0.8"><link ns0:type="simple" ns0:href="../478/224478.xml">finnish</link></language><it>benzyna</it><language wordnetid="106282651" confidence="0.9508927676800064"><link ns0:type="simple" ns0:href="../975/22975.xml">polish</link></language><it>benzina</it><language wordnetid="106282651" confidence="0.9508927676800064"><link ns0:type="simple" ns0:href="../282/5282.xml">catalan</link></language><language wordnetid="106282651" confidence="0.9508927676800064"><link ns0:type="simple" ns0:href="../708/14708.xml">italian</link></language><it>benzin</it><language wordnetid="106282651" confidence="0.9508927676800064"><link ns0:type="simple" ns0:href="../534/25534.xml">romanian</link></language><it /><language wordnetid="106282651" confidence="0.9508927676800064"><link ns0:type="simple" ns0:href="../431/25431.xml">russian</link></language>variant word usag deriv chemic<link ns0:type="simple" ns0:href="../186/18582186.xml">benzen</link><physical_entity wordnetid="100001930" confidence="0.8"><person wordnetid="100007846" confidence="0.8"><pioneer wordnetid="110434725" confidence="0.8"><causal_agent wordnetid="100007347" confidence="0.8"><originator wordnetid="110383816" confidence="0.8"><creator wordnetid="109614315" confidence="0.8"><link ns0:type="simple" ns0:href="../185/574185.xml">bertha benz</link></creator></originator></causal_agent></pioneer></person></physical_entity>chemist shop purchas gasolin famou drive<location wordnetid="100027167" confidence="0.9508927676800064"><link ns0:type="simple" ns0:href="../627/99627.xml">mannheim</link></location><region wordnetid="108630985" confidence="0.8"><administrative_district wordnetid="108491826" confidence="0.8"><location wordnetid="100027167" confidence="0.8"><municipality wordnetid="108626283" confidence="0.8"><geographical_area wordnetid="108574314" confidence="0.8"><district wordnetid="108552138" confidence="0.8"><urban_area wordnetid="108675967" confidence="0.8"><city wordnetid="108524735" confidence="0.8"><link ns0:type="simple" ns0:href="../161/549161.xml">pforzheim</link></city></urban_area></district></geographical_area></municipality></location></administrative_district></region></p></ss1></sec><sec><st>chemic analysi product</st><p><image width="150px" src="Refinery.jpg" type="thumb" /><image width="150px" src="Nodding_donkey.jpg" type="thumb"><caption><body wordnetid="107965085" confidence="0.8"><social_group wordnetid="107950920" confidence="0.8"><political_orientation wordnetid="106212839" confidence="0.8"><colony wordnetid="108374049" confidence="0.8"><state wordnetid="108168978" confidence="0.8"><political_unit wordnetid="108359949" confidence="0.8"><group wordnetid="100031264" confidence="0.8"><democracy wordnetid="106217103" confidence="0.8"><link ns0:type="simple" ns0:href="../750/3434750.xml">unit</link></democracy></group></political_unit></state></colony></political_orientation></social_group></body><link ns0:type="simple" ns0:href="../352/414352.xml">nod donkey</link></caption></image><image width="150px" src="Gulf_Offshore_Platform.jpg" type="thumb"><caption>oil rig<body_of_water wordnetid="109225146" confidence="0.8"><gulf wordnetid="109296121" confidence="0.8"><link ns0:type="simple" ns0:href="../166/13166.xml">gulf mexico</link></gulf></body_of_water></caption></image>gasolin produc<link ns0:type="simple" ns0:href="../137/195137.xml">oil refineri</link>materi separ<link ns0:type="simple" ns0:href="../195/23195.xml">crude oil</link><link ns0:type="simple" ns0:href="../301/8301.xml">distil</link>call virgin straightrun gasolin meet requir specif modern engin octan rate will form blend</p><p>bulk typic gasolin consist<link ns0:type="simple" ns0:href="../257/13257.xml">hydrocarbon</link><link ns0:type="simple" ns0:href="../299/5299.xml">carbon</link><link ns0:type="simple" ns0:href="../902/902.xml">atom</link><link ns0:type="simple" ns0:href="../555/19555.xml">molecul</link></p><p>hydrocarbon consid hazard substanc regul unit<link ns0:type="simple" ns0:href="../123/227123.xml">occup safeti health administr</link><link ns0:type="simple" ns0:href="../353/337353.xml">materi safeti data sheet</link>unlead gasolin fifteen hazard chemic occur amount includ<link ns0:type="simple" ns0:href="../186/18582186.xml">benzen</link>volum<link ns0:type="simple" ns0:href="../699/30699.xml">toluen</link>volum<link ns0:type="simple" ns0:href="../426/99426.xml">naphthalen</link>volum<link ns0:type="simple" ns0:href="../829/4547829.xml">trimethylbenzen</link>volum<link ns0:type="simple" ns0:href="../568/391568.xml">mtbe</link>volum ten<ref ns0:type="simple" ns0:href="#xpointer(//reflist/entry[@id=%228%22])" /></p><p><link ns0:type="simple" ns0:href="../137/195137.xml">refineri</link>stream blend gasolin characterist stream<list><entry level="1" type="bullet"><it>reform</it>produc<link ns0:type="simple" ns0:href="../156/1816156.xml">catalyt reform</link>high octan rate high<link ns0:type="simple" ns0:href="../836/239836.xml">aromat</link>content low olefin<link ns0:type="simple" ns0:href="../761/2761.xml">alken</link></entry><entry level="1" type="bullet"><it>cat crack gasolin</it><it>cat crack<link ns0:type="simple" ns0:href="../342/184342.xml">naphtha</link></it>produc<link ns0:type="simple" ns0:href="../984/3527984.xml">catalyt cracker</link>moder octan rate high<link ns0:type="simple" ns0:href="../761/2761.xml">olefin</link>alken content moder aromat level<it>cat short<link ns0:type="simple" ns0:href="../914/5914.xml">catalyt</link></it></entry><entry level="1" type="bullet"><it>hydrocrack</it>heavi mid light produc hydrocrack medium low octan rate moder aromat level</entry><entry level="1" type="bullet"><it>virgin straightrun naphtha</it>name directli<link ns0:type="simple" ns0:href="../195/23195.xml">crude oil</link>low octan rate low aromat depend<link ns0:type="simple" ns0:href="../195/23195.xml">crude oil</link><link ns0:type="simple" ns0:href="../986/223986.xml">naphthen</link><link ns0:type="simple" ns0:href="../986/223986.xml">cycloalkan</link>olefin alken</entry><entry level="1" type="bullet"><it>alkyl</it>produc<link ns0:type="simple" ns0:href="../433/487433.xml">alkyl</link>unit high octan rate pure<link ns0:type="simple" ns0:href="../006/24006.xml">paraffin</link>alkan branch chain</entry><entry level="1" type="bullet"><it>isomer</it>name isomeris pentan hexan light virgin naphtha yield higher octan isom</entry></list></p><p>term correct chemic term<link ns0:type="simple" ns0:href="../607/49607.xml">jargon</link>oil industri exact terminolog stream vari refineri countri</p><p>typic gasolin mixtur paraffin<link ns0:type="simple" ns0:href="../639/639.xml">alkan</link>naphthen cycloalkan olefin alken exact ratio depend<list><entry level="1" type="bullet">oil refineri gasolin refineri set process unit</entry><entry level="1" type="bullet"><link ns0:type="simple" ns0:href="../195/23195.xml">crude oil</link>feed refineri</entry><entry level="1" type="bullet">grade gasolin octan rate</entry></list></p><p>current countri set tight limit gasolin<link ns0:type="simple" ns0:href="../836/239836.xml">aromat</link>gener<link ns0:type="simple" ns0:href="../186/18582186.xml">benzen</link>olefin alken content increas demand high octan pure paraffin alkan compon alkyl forc refineri add process unit reduc benzen content</p><p>gasolin<link ns0:type="simple" ns0:href="../203/22203.xml">organ compound</link><link ns0:type="simple" ns0:href="../263/9263.xml">organ ether</link>deliber small level contamin<link ns0:type="simple" ns0:href="../127/27127.xml">sulfur</link>compound<link ns0:type="simple" ns0:href="../948/65948.xml">disulfid</link><link ns0:type="simple" ns0:href="../777/508777.xml">thiophen</link>contamin<link ns0:type="simple" ns0:href="../628/81628.xml">thiol</link><link ns0:type="simple" ns0:href="../738/154738.xml">hydrogen sulfid</link>remov corros engin sulfur compound remov hydrotr yield<link ns0:type="simple" ns0:href="../738/154738.xml">hydrogen sulfid</link>transform element sulfur<link ns0:type="simple" ns0:href="../050/1903050.xml">clau process</link></p><ss1><st>densiti</st><p>densiti gasolin<link ns0:type="simple" ns0:href="../619/16619.xml" /><link ns0:type="simple" ns0:href="../094/18094.xml" />gcm<ref ns0:type="simple" ns0:href="#xpointer(//reflist/entry[@id=%229%22])" />english unit approx lbcu lbu gal lbimp gal float water advantag event spill flammabl burn float water</p><p>exampl moga maximum allow microlight aircraft countri weigh proport payload<aircraft wordnetid="102686568" confidence="0.9508927676800064"><link ns0:type="simple" ns0:href="../414/12850414.xml">ikaru</link></aircraft>empti weight full fuel passeng baggag total lb</p></ss1><ss1><st>volatil</st><p><image width="150px" src="Reservekanister.JPG" type="thumb"><caption>contain store gasolin<country wordnetid="108544813" confidence="0.9508927676800064"><link ns0:type="simple" ns0:href="../867/11867.xml">germani</link></country></caption></image></p><p>gasolin<link ns0:type="simple" ns0:href="../589/2528589.xml">volatil</link><link ns0:type="simple" ns0:href="../761/81761.xml">diesel</link>oil<link ns0:type="simple" ns0:href="../435/1205435.xml">jeta</link><link ns0:type="simple" ns0:href="../992/16992.xml">kerosen</link>base constitu<artifact wordnetid="100021939" confidence="0.8"><merchandise wordnetid="103748886" confidence="0.8"><commodity wordnetid="103076708" confidence="0.8"><component wordnetid="103081021" confidence="0.8"><part wordnetid="103892891" confidence="0.8"><addition wordnetid="102679415" confidence="0.8"><additive wordnetid="102679788" confidence="0.8"><link ns0:type="simple" ns0:href="../716/4960716.xml">addit</link></additive></addition></part></component></commodity></merchandise></artifact>final control<link ns0:type="simple" ns0:href="../589/2528589.xml">volatil</link>achiev blend<link ns0:type="simple" ns0:href="../930/52930.xml">butan</link>reid vapor pressur test measur volatil gasolin desir volatil depend ambient temperatur hotter climat gasolin compon higher<link ns0:type="simple" ns0:href="../034/60034.xml">molecular weight</link>lower volatil cold climat volatil car fail start hot climat excess volatil<link ns0:type="simple" ns0:href="../492/2133492.xml">vapour lock</link>combust fail occur liquid fuel chang gaseou fuel fuel line render fuel pump ineffect starv engin fuel</p><p>unit volatil regul larg urban center reduc emiss unburn hydrocarbon larg citi socal reformul gasolin prone evapor properti requir australia summer petrol volatil limit set govern vari capit citi countri simpli summer winter intermedi limit</p><p>volatil standard relax allow gasolin compon atmospher emerg anticip gasolin shortag exampl<link ns0:type="simple" ns0:href="../711/1711.xml">august</link><link ns0:type="simple" ns0:href="../984/35984.xml" />respons<hurricane wordnetid="111467018" confidence="0.9508927676800064"><link ns0:type="simple" ns0:href="../378/2569378.xml">hurrican katrina</link></hurricane>unit permit sale nonreformul gasolin urban area effect permit earli switch summer wintergrad gasolin mandat<agency wordnetid="108337324" confidence="0.9508927676800064"><link ns0:type="simple" ns0:href="../666/58666.xml">epa</link></agency>administr<official wordnetid="110372373" confidence="0.9508927676800064"><link ns0:type="simple" ns0:href="../749/1568749.xml">stephen johnson</link></official>fuel waiver effect<link ns0:type="simple" ns0:href="../145/28145.xml">septemb</link><link ns0:type="simple" ns0:href="../984/35984.xml" /><ref ns0:type="simple" ns0:href="#xpointer(//reflist/entry[@id=%2210%22])" />relax volatil standard increas atmospher concentr volatil organ compound warm weather higher volatil gasolin effect increas nation gasolin suppli amount butan gasolin pool allow increas</p></ss1><ss1><st>octan rate</st><p><indent level="1"><it>detail topic<link ns0:type="simple" ns0:href="../242/147242.xml">octan rate</link></it></indent>characterist gasolin octan rate measur resist gasolin abnorm combust phenomenon<link ns0:type="simple" ns0:href="../468/228468.xml">predeton</link>knock ping spark knock name<link ns0:type="simple" ns0:href="../685/306685.xml">deflagr</link>normal type combust octan rate measur rel mixtur<physical_entity wordnetid="100001930" confidence="0.8"><causal_agent wordnetid="100007347" confidence="0.8"><agent wordnetid="109190918" confidence="0.8"><link ns0:type="simple" ns0:href="../482/1972482.xml">trimethylpentan</link></agent></causal_agent></physical_entity><link ns0:type="simple" ns0:href="../339/19600339.xml">isom</link><link ns0:type="simple" ns0:href="../997/145997.xml">octan</link><link ns0:type="simple" ns0:href="../236/147236.xml">heptan</link>number convent express octan rate fuel label number depend system</p><p>octan rate search higher output power<link ns0:type="simple" ns0:href="../681/158681.xml">aero engin</link>late allow higher<link ns0:type="simple" ns0:href="../863/6863.xml">compress ratio</link></p></ss1><ss1><st>war ii octan rate</st><p><military_action wordnetid="100952963" confidence="0.8"><group_action wordnetid="101080366" confidence="0.8"><event wordnetid="100029378" confidence="0.8"><conflict wordnetid="100958896" confidence="0.8"><act wordnetid="100030358" confidence="0.8"><psychological_feature wordnetid="100023100" confidence="0.8"><war wordnetid="100973077" confidence="0.8"><link ns0:type="simple" ns0:href="../927/32927.xml">war ii</link></war></psychological_feature></act></conflict></event></group_action></military_action><country wordnetid="108544813" confidence="0.9508927676800064"><link ns0:type="simple" ns0:href="../867/11867.xml">germani</link></country>receiv oil<country wordnetid="108544813" confidence="0.9508927676800064"><link ns0:type="simple" ns0:href="../445/25445.xml">romania</link></country>barrel romania export germani increas barrel level essenti maintain drop half alli bomb<artifact wordnetid="100021939" confidence="0.8"><instrumentality wordnetid="103575240" confidence="0.8"><weapon wordnetid="104565375" confidence="0.8"><device wordnetid="103183080" confidence="0.8"><instrument wordnetid="103574816" confidence="0.8"><link ns0:type="simple" ns0:href="../102/22102.xml">mine</link></instrument></device></weapon></instrumentality></artifact>danub export half romania total product consider german expect addit romanian deliveri overland oil import loss oversea shipment order depend sourc german undertook sizabl expans program meager domest oil pump austrian oil field expans nazi crude oil output chiefli concentr result expans reich domest output crude oil increas barrel barrel</p><p>germani develop synthet fuel capac intend replac import captur oil fuel gener<link ns0:type="simple" ns0:href="../987/5987.xml">coal</link><link ns0:type="simple" ns0:href="../661/2574661.xml">bergiu process</link><link ns0:type="simple" ns0:href="../762/1284762.xml">fischertropsch process</link>synthet fuel output underw respect growth barrel percentag synthet fuel compar yield sourc grew total oil suppli sourc period rose barrel barrel</p><p>earli automobil gasolin octan read aviat gasolin aviat gasolin high octan number refin process distil highgrad petroleum germani domest oil qualiti addit<link ns0:type="simple" ns0:href="../035/116035.xml">tetraethyl lead</link>rais octan maximum licens product addit acquir american holder patent highgrad romanian oil addit effect octan fuel design natur syntheth introduc late<artifact wordnetid="100021939" confidence="0.8"><instrumentality wordnetid="103575240" confidence="0.8"><engine wordnetid="103287733" confidence="0.8"><motor wordnetid="103789946" confidence="0.8"><device wordnetid="103183080" confidence="0.8"><machine wordnetid="103699975" confidence="0.8"><link ns0:type="simple" ns0:href="../464/1091464.xml">daimlerbenz db</link></machine></device></motor></engine></instrumentality></artifact>engin luftwaff<aircraft wordnetid="102686568" confidence="0.9508927676800064"><link ns0:type="simple" ns0:href="../739/186739.xml#xpointer(//*[./st=%22Bf+109E+Emil%22])">bf</link></aircraft><aircraft wordnetid="102686568" confidence="0.9508927676800064"><link ns0:type="simple" ns0:href="../739/186739.xml#xpointer(//*[./st=%22Bf+109F+Friedrich%22])">bf</link></aircraft>singleengin fighter<aircraft wordnetid="102686568" confidence="0.9508927676800064"><link ns0:type="simple" ns0:href="../489/383489.xml#xpointer(//*[./st=%22Bf+110+C%22])">bf</link></aircraft>twinengin fighter bomber type combat type notabl<artifact wordnetid="100021939" confidence="0.8"><instrumentality wordnetid="103575240" confidence="0.8"><engine wordnetid="103287733" confidence="0.8"><motor wordnetid="103789946" confidence="0.8"><device wordnetid="103183080" confidence="0.8"><machine wordnetid="103699975" confidence="0.8"><link ns0:type="simple" ns0:href="../150/183150.xml">bmw</link></machine></device></motor></engine></instrumentality></artifact>power<aircraft wordnetid="102686568" confidence="0.9508927676800064"><link ns0:type="simple" ns0:href="../214/241214.xml">fw seri</link></aircraft>war bf model well nomin octan aviat fuel design produc parallel war</p><p><body wordnetid="107965085" confidence="0.8"><social_group wordnetid="107950920" confidence="0.8"><political_orientation wordnetid="106212839" confidence="0.8"><colony wordnetid="108374049" confidence="0.8"><state wordnetid="108168978" confidence="0.8"><political_unit wordnetid="108359949" confidence="0.8"><group wordnetid="100031264" confidence="0.8"><democracy wordnetid="106217103" confidence="0.8"><link ns0:type="simple" ns0:href="../750/3434750.xml" /></democracy></group></political_unit></state></colony></political_orientation></social_group></body>oil good oil industri invest heavili expens boost system turn benefit industri start deliv fuel increas octan rate ad boost agent infrastructur place postwar octaneag addit industri good crude oil longer factor wartim war american aviat fuel commonli octan octan limit quantiti fighter summer high octan easili exist engin deliv power increas pressur deliv<link ns0:type="simple" ns0:href="../486/7493486.xml">supercharg</link></p><p>late german increas octan rate highgrad aviat fuel octan rel volum product grade accur war year twothird total effort war increas<link ns0:type="simple" ns0:href="../639/639.xml">isoparaffin</link>product isoparaffin meant fighter plane</p><p>common misconcept exist concern wartim fuel octan number octan number fuel lean mix rich mix rich greater misunderstand german fuel lower octan number poorer qualiti aros german quot lean mix octan number fuel alli quot rich mix number standard german highgrad aviat fuel war leanrich octan number german list octan fuel alli octan</p><p>war navi technic mission germani interview german petrochemist examin german fuel qualiti report entitl technic report manufactur aviat gasolin germani chemic analyz fuel conclud war qualiti fuel german fighter plane alli</p></ss1></sec><sec><st>energi content</st><p><image width="150px" src="GasolineContainer.JPG" type="thumb"><caption>contain store gasolin<body wordnetid="107965085" confidence="0.8"><social_group wordnetid="107950920" confidence="0.8"><political_orientation wordnetid="106212839" confidence="0.8"><colony wordnetid="108374049" confidence="0.8"><state wordnetid="108168978" confidence="0.8"><political_unit wordnetid="108359949" confidence="0.8"><group wordnetid="100031264" confidence="0.8"><democracy wordnetid="106217103" confidence="0.8"><link ns0:type="simple" ns0:href="../750/3434750.xml">unit</link></democracy></group></political_unit></state></colony></political_orientation></social_group></body>red contain typic</caption></image></p><p>gasolin<link>mj</link><link ns0:type="simple" ns0:href="../094/18094.xml" />mj<link ns0:type="simple" ns0:href="../882/12882.xml">gallon</link>kwhl kwhu gallon averag gasolin blend differ actual energi content vari season season batch batch averag epa averag gallon imp gal gasolin usgallon imp gal barrel crude oil volum vari qualiti crude grade gasolin remain residu product rang tar naptha<ref ns0:type="simple" ns0:href="#xpointer(//reflist/entry[@id=%2211%22])" /></p><p>volumetr<link ns0:type="simple" ns0:href="../231/1610231.xml">energi densiti</link>fuel compar gasolin<ref ns0:type="simple" ns0:href="#xpointer(//reflist/entry[@id=%2212%22])" /></p><p><table class="wikitable sortable"><header align="left">fuel type</header><header align="right">mj<link ns0:type="simple" ns0:href="../094/18094.xml">litr</link></header><header align="right">mjkg</header><header align="right"><unit_of_measurement wordnetid="113583724" confidence="0.8"><definite_quantity wordnetid="113576101" confidence="0.8"><link ns0:type="simple" ns0:href="../495/4495.xml">btu</link></definite_quantity></unit_of_measurement><link ns0:type="simple" ns0:href="../882/12882.xml">imp gal</link></header><header align="right">btu<link ns0:type="simple" ns0:href="../882/12882.xml">gal</link></header><header align="right"><link ns0:type="simple" ns0:href="../242/147242.xml">octan number ron</link></header><row><col>regular gasolin</col><col align="right" /><col align="right"><ref ns0:type="simple" ns0:href="#xpointer(//reflist/entry[@id=%2213%22])" /></col><col align="right" /><col align="right" /><col align="right">min</col></row><row><col>premium gasolin</col><col align="right" /><col align="right" /><col align="right" /><col align="right" /><col align="right">min</col></row><row><col><link ns0:type="simple" ns0:href="../651/2622651.xml">autoga</link><link ns0:type="simple" ns0:href="../384/361384.xml">lpg</link><link ns0:type="simple" ns0:href="../643/23643.xml">propan</link><link ns0:type="simple" ns0:href="../930/52930.xml">butan</link></col><col align="right" /><col align="right" /><col align="right" /><col align="right" /><col align="right" /></row><row><col><link ns0:type="simple" ns0:href="../623/608623.xml">ethanol</link></col><col align="right" /><col align="right"><ref ns0:type="simple" ns0:href="#xpointer(//reflist/entry[@id=%2214%22])" /></col><col align="right" /><col align="right" /><col align="right" /></row><row><col><link ns0:type="simple" ns0:href="../712/19712.xml">methanol</link></col><col align="right" /><col align="right" /><col align="right" /><col align="right" /><col align="right" /></row><row><col><point wordnetid="108620061" confidence="0.8"><beginning wordnetid="108507558" confidence="0.8"><location wordnetid="100027167" confidence="0.8"><link ns0:type="simple" ns0:href="../241/6027241.xml">butanol</link></location></beginning></point></col><col align="right" /><col align="right" /><col align="right" /><col align="right" /><col align="right" /></row><row><col><substance wordnetid="100020090" confidence="0.8"><fuel wordnetid="114875077" confidence="0.8"><link ns0:type="simple" ns0:href="../741/3398741.xml">gasohol</link></fuel></substance>ethanol gasolin</col><col align="right" /><col align="right" /><col align="right" /><col align="right" /><col align="right" /></row><row><col><link ns0:type="simple" ns0:href="../761/81761.xml">diesel</link></col><col align="right" /><col align="right" /><col align="right" /><col align="right" /><col align="right" /></row><row><col><link ns0:type="simple" ns0:href="../184/191184.xml">aviat gasolin</link>high octan gasolin jet fuel</col><col align="right" /><col align="right" /><col align="right" /><col align="right" /><col align="right" /></row><row><col><link ns0:type="simple" ns0:href="../298/642298.xml#xpointer(//*[./st=%22Energy+content%22])">jet fuel kerosen base</link></col><col align="right" /><col align="right" /><col align="right" /><col align="right" /><col align="right" /></row><row><col><link ns0:type="simple" ns0:href="../128/832128.xml">liquefi natur ga</link></col><col align="right" /><col align="right" /><col align="right" /><col align="right" /><col align="right" /></row><row><col><link ns0:type="simple" ns0:href="../255/13255.xml">hydrogen</link></col><col align="right" /><col align="right" /><col align="right" /><col align="right" /><col align="right"><ref ns0:type="simple" ns0:href="#xpointer(//reflist/entry[@id=%2215%22])" /></col></row></table></p><p>diesel gasolin engin low octan rate issu relev metric diesel engin<link ns0:type="simple" ns0:href="../990/928990.xml">cetan number</link></p><p>high octan fuel<link ns0:type="simple" ns0:href="../384/361384.xml">liquefi petroleum ga</link>lpg lower energi content lower octan gasolin lower power output regular compress ratio engin gasolin engin<link ns0:type="simple" ns0:href="../309/301309.xml">tune</link><link ns0:type="simple" ns0:href="../651/2622651.xml">lpg</link>higher compress ratio lower power output overcom higheroctan fuel allow higher<link ns0:type="simple" ns0:href="../863/6863.xml">compress ratio</link>space cylind combust stroke higher cylind temperatur improv effici<link>carnot theorem</link>fewer wast hydrocarbon pollut wast energi bring higher power level coupl pollut greater effici</p><p>main reason lower energi content litr lpg comparison gasolin lower<link ns0:type="simple" ns0:href="../429/8429.xml">densiti</link>energi content kilogram higher gasolin higher<link ns0:type="simple" ns0:href="../255/13255.xml">hydrogen</link><link ns0:type="simple" ns0:href="../299/5299.xml">carbon</link>ratio weightdens gasolin kgm lbu gal lbimp gal</p><p>countri variat ron octan number standard gasolin petrol uk ordinari regular unlead petrol ron commonli premium unlead petrol ron super unlead ron shell bp produc fuel ron car hiperform engin supermarket chain<company wordnetid="108058098" confidence="0.9508927676800064"><link ns0:type="simple" ns0:href="../356/98356.xml">tesco</link></company>began sell super unlead petrol rate ron octan rate unlead fuel vari aki ron regular aki ron midgrad european premium aki ron premium european super</p></sec><sec><st>addit</st><p><indent level="1"><it>main articl<artifact wordnetid="100021939" confidence="0.8"><merchandise wordnetid="103748886" confidence="0.8"><commodity wordnetid="103076708" confidence="0.8"><component wordnetid="103081021" confidence="0.8"><part wordnetid="103892891" confidence="0.8"><addition wordnetid="102679415" confidence="0.8"><additive wordnetid="102679788" confidence="0.8"><link ns0:type="simple" ns0:href="../716/4960716.xml">gasolin addit</link></additive></addition></part></component></commodity></merchandise></artifact></it></indent></p><ss1><st>lead</st><p>mixtur gasolin high<link ns0:type="simple" ns0:href="../779/425779.xml">compress</link>intern combust engin tendenc autoignit<it>deton</it>caus damag<link ns0:type="simple" ns0:href="../468/228468.xml">engin knock</link>call ping nois earli led gibson<physical_entity wordnetid="100001930" confidence="0.8"><peer wordnetid="109626238" confidence="0.8"><person wordnetid="100007846" confidence="0.8"><engineer wordnetid="109615807" confidence="0.8"><colleague wordnetid="109935990" confidence="0.8"><causal_agent wordnetid="100007347" confidence="0.8"><inventor wordnetid="110214637" confidence="0.8"><creator wordnetid="109614315" confidence="0.8"><associate wordnetid="109816771" confidence="0.8"><link ns0:type="simple" ns0:href="../980/414980.xml">harri ricardo</link></associate></creator></inventor></causal_agent></colleague></engineer></person></peer></physical_entity>england<link ns0:type="simple" ns0:href="../087/100087.xml">thoma midgley</link>thoma boyd unit discoveri<link ns0:type="simple" ns0:href="../747/17747.xml">lead</link>addit modifi behavior led widespread adopt practic power higher compress engin popular addit<link ns0:type="simple" ns0:href="../035/116035.xml">tetraethyl lead</link>discoveri environment health damag caus lead incompat lead<link ns0:type="simple" ns0:href="../802/286802.xml">catalyt convert</link>virtual newli sold automobil practic began wane encourag govern introduc differenti tax rate countri phase lead fuel addit replac lead compound popular addit includ<link ns0:type="simple" ns0:href="../313/1313.xml">aromat hydrocarbon</link><link ns0:type="simple" ns0:href="../263/9263.xml">ether</link><link ns0:type="simple" ns0:href="../741/3398741.xml">alcohol</link><link ns0:type="simple" ns0:href="../de)/10048_(Z$I$P$_code).xml">ethanol</link><link ns0:type="simple" ns0:href="../712/19712.xml">methanol</link></p><p>lead blend gasolin boost octan level earli standard phase lead gasolin implement lead fuel account total gasolin sale<link ns0:type="simple" ns0:href="../150/533150.xml">short ton</link>lead year<link ns0:type="simple" ns0:href="../787/15787.xml">januari</link><link ns0:type="simple" ns0:href="../636/34636.xml" /><link ns0:type="simple" ns0:href="../291/697291.xml">clean air</link>ban sale lead fuel onroad vehicl possess lead gasolin regular onroad vehicl carri maximum fine fuel lead continu sold offroad includ aircraft race car farm equip marin engin<ref ns0:type="simple" ns0:href="#xpointer(//reflist/entry[@id=%2216%22])" />ban lead gasolin led thousand ton lead releas air automobil ban countri lower level lead peopl<link ns0:type="simple" ns0:href="../997/3997.xml">blood</link>stream<ref ns0:type="simple" ns0:href="#xpointer(//reflist/entry[@id=%2217%22])" /><ref ns0:type="simple" ns0:href="#xpointer(//reflist/entry[@id=%2218%22])" /></p><p>side lead addit protect<link ns0:type="simple" ns0:href="../569/147569.xml">valv</link>seat eros<link ns0:type="simple" ns0:href="../360/338360.xml">classic car</link>engin need modif leadfre fuel lead fuel unavail lead substitut product produc auto part store scientif test approv feder british histor vehicl club uk motor industri associ mira<weblink ns0:type="simple" ns0:href="http://www.fbhvc.co.uk/fuel/index.htm">httpwwwfbhvccoukfuelindexhtm</weblink></p><p>gasolin deliv pump addit reduc intern engin carbon buildup improv<link ns0:type="simple" ns0:href="../638/5638.xml">combust</link>allow easier start cold climat</p><p>part<system wordnetid="108435388" confidence="0.8"><economy wordnetid="108366753" confidence="0.8"><group wordnetid="100031264" confidence="0.8"><link ns0:type="simple" ns0:href="../769/26769.xml">south america</link></group></economy></system><system wordnetid="108435388" confidence="0.8"><economy wordnetid="108366753" confidence="0.8"><group wordnetid="100031264" confidence="0.8"><link ns0:type="simple" ns0:href="../689/689.xml">asia</link></group></economy></system>eastern<link ns0:type="simple" ns0:href="../239/9239.xml">europ</link><system wordnetid="108435388" confidence="0.8"><economy wordnetid="108366753" confidence="0.8"><group wordnetid="100031264" confidence="0.8"><link ns0:type="simple" ns0:href="../323/19323.xml">middl east</link></group></economy></system>lead gasolin lead gasolin phase<link ns0:type="simple" ns0:href="../067/27067.xml">subsaharan africa</link>effect<link ns0:type="simple" ns0:href="../787/15787.xml">januari</link><link ns0:type="simple" ns0:href="../164/36164.xml" />grow number countri drawn plan ban lead gasolin futur</p></ss1><ss1><st>mmt</st><p><complex wordnetid="105870365" confidence="0.8"><compound wordnetid="105870180" confidence="0.8"><link ns0:type="simple" ns0:href="../621/1607621.xml">methylcyclopentadienyl manganes tricarbonyl</link></compound></complex>mmt year<region wordnetid="108630039" confidence="0.9508927676800064"><link ns0:type="simple" ns0:href="../916/5042916.xml">canada</link></region><country wordnetid="108544813" confidence="0.9508927676800064"><link ns0:type="simple" ns0:href="../264/4689264.xml">australia</link></country>boost octan help car design lead fuel unlead fuel addit prevent valv problem</p><p>feder sourc mmt suspect power neurotoxin respiratori toxin<ref ns0:type="simple" ns0:href="#xpointer(//reflist/entry[@id=%2219%22])" />larg canadian studi conclud mmt impair effect automobil emiss control increas pollut motor vehicl<ref ns0:type="simple" ns0:href="#xpointer(//reflist/entry[@id=%2220%22])" /></p><p>mmt ban clean air ethyl corpor prove addit lead failur car emissionscontrol system result rule ethyl corpor began legal battl epa present evid mmt harmless automobil emissionscontrol system court appeal rule epa exceed author mmt legal fuel addit mmt nowaday manufactur afton chemic corpor divis newmarket corpor<ref ns0:type="simple" ns0:href="#xpointer(//reflist/entry[@id=%2221%22])" /></p></ss1><ss1><st>ethanol</st><p>unit<link ns0:type="simple" ns0:href="../de)/10048_(Z$I$P$_code).xml">ethanol</link>gasolin sold indic compon chevron shell brand market ethanolgasolin blend</p><p>ethanol law minimum level current fuel pump display sticker state fuel ethanol intent dispar allow minimum level rais time requir modif literaturelabel bill debat time disclosur presenc ethanol fuel mandat pass law<link ns0:type="simple" ns0:href="../017/2170017.xml">energi polici</link>will requir auto fuel ethanol call fuel mix<link ns0:type="simple" ns0:href="../310/2155310.xml">gasohol</link></p><p>eu ethanol common gasolin spec en discuss ongo allow blend ethanol countri fuel distributor today add ethanol gasolin petrol sold sweden ethanol</p><p>brazil<link ns0:type="simple" ns0:href="../556/13844556.xml">brazilian nation agenc petroleum natur ga biofuel</link>anp requir gasolin automobil ethanol composit</p></ss1><ss1><st>dye</st><p><indent level="1"><it>main articl<link ns0:type="simple" ns0:href="../171/3528171.xml">fuel dye</link></it></indent><body wordnetid="107965085" confidence="0.8"><social_group wordnetid="107950920" confidence="0.8"><political_orientation wordnetid="106212839" confidence="0.8"><colony wordnetid="108374049" confidence="0.8"><state wordnetid="108168978" confidence="0.8"><political_unit wordnetid="108359949" confidence="0.8"><group wordnetid="100031264" confidence="0.8"><democracy wordnetid="106217103" confidence="0.8"><link ns0:type="simple" ns0:href="../750/3434750.xml">unit</link></democracy></group></political_unit></state></colony></political_orientation></social_group></body>commonli aircraft gasolin<link ns0:type="simple" ns0:href="../184/191184.xml">avga</link>aviat ga ll octan low lead dy blue red dye identifi untax nonhighway agricultur diesel uk red dye differenti regular diesel fuel refer derv<it>dieselengin road vehicl</it>undi diesel intend agricultur construct vehicl excav bulldoz<link ns0:type="simple" ns0:href="../167/1795167.xml">red diesel</link>occasion<link ns0:type="simple" ns0:href="../067/961067.xml">hgv</link>separ engin power<link ns0:type="simple" ns0:href="../378/318378.xml">loader crane</link>declin practic loader crane power directli<link ns0:type="simple" ns0:href="../949/5455949.xml">tractor unit</link></p></ss1><ss1><st>oxygen blend</st><p><artifact wordnetid="100021939" confidence="0.8"><merchandise wordnetid="103748886" confidence="0.8"><commodity wordnetid="103076708" confidence="0.8"><link ns0:type="simple" ns0:href="../504/2195504.xml">oxygen</link></commodity></merchandise></artifact>blend add oxygen fuel<link ns0:type="simple" ns0:href="../303/22303.xml">oxygen</link>bear compound<link ns0:type="simple" ns0:href="../568/391568.xml">mtbe</link><link ns0:type="simple" ns0:href="../946/1549946.xml">etb</link><link ns0:type="simple" ns0:href="../de)/10048_(Z$I$P$_code).xml">ethanol</link>reduc amount<link ns0:type="simple" ns0:href="../136/6136.xml">carbon monoxid</link>unburn fuel exhaust ga reduc smog area oxygen blend mandat epa regul reduc smog airborn polut exampl southern california fuel oxygen weight mixtur ethanol gasolin fuel<it>reformul gasolin</it>rfg<it>oxygen gasolin</it>feder requir rfg oxygen drop<link ns0:type="simple" ns0:href="../514/19514.xml" /><link ns0:type="simple" ns0:href="../164/36164.xml" />industri develop voccontrol rfg addit oxygen<ref ns0:type="simple" ns0:href="#xpointer(//reflist/entry[@id=%2222%22])" /></p><p>mtbe phase issu contamin ground water place california ban ethanol lesser extent ethanol deriv etb common replac ethanol deriv biomatt corn sugar cane grain frequent will refer<it>bio</it>ethanol common ethanolgasolin mix ethanol mix gasolin call<artifact wordnetid="100021939" confidence="0.8"><merchandise wordnetid="103748886" confidence="0.8"><commodity wordnetid="103076708" confidence="0.8"><link ns0:type="simple" ns0:href="../623/608623.xml">gasohol</link></commodity></merchandise></artifact>ethanolgasolin mix ethanol mix gasolin call<conveyance wordnetid="103100490" confidence="0.8"><artifact wordnetid="100021939" confidence="0.8"><instrumentality wordnetid="103575240" confidence="0.8"><merchandise wordnetid="103748886" confidence="0.8"><commodity wordnetid="103076708" confidence="0.8"><vehicle wordnetid="104524313" confidence="0.8"><link ns0:type="simple" ns0:href="../543/1768543.xml" /></vehicle></commodity></merchandise></instrumentality></artifact></conveyance>extens ethanol take place<country wordnetid="108544813" confidence="0.9508927676800064"><link ns0:type="simple" ns0:href="../383/3383.xml">brazil</link></country>ethanol deriv<link ns0:type="simple" ns0:href="../779/13873779.xml">sugarcan</link>billion gallon billion imp gal ethanol produc unit fuel<link ns0:type="simple" ns0:href="../397/20397.xml">corn</link>slowli unit station vend open gener public<ref ns0:type="simple" ns0:href="#xpointer(//reflist/entry[@id=%2223%22])" /><link ns0:type="simple" ns0:href="../623/608623.xml">bioethanol</link>directli indirectli convers ethanol<it>bio</it>etb encourag european union<link ns0:type="simple" ns0:href="../487/8435487.xml">direct promot biofuel renew fuel transport</link>produc bioethanol ferment sugar starch involv<link ns0:type="simple" ns0:href="../301/8301.xml">distil</link>ordinari peopl europ legal ferment distil bioethanol<link ns0:type="simple" ns0:href="../261/345261.xml">batf</link>distil permit easi oil crisi</p></ss1></sec><sec><st>health concern</st><p><image location="right" width="250px" src="Gasoline-fire.png" type="thumb"><caption>uncontrol burn gasolin produc larg quantiti<link ns0:type="simple" ns0:href="../740/518740.xml">soot</link></caption></image>nonaliphat hydrocarbon natur gasolin aromat<link ns0:type="simple" ns0:href="../186/18582186.xml">benzen</link>well antiknock addit<link ns0:type="simple" ns0:href="../445/6445.xml">carcinogen</link>largescal ongo leak gasolin pose threat<link ns0:type="simple" ns0:href="../734/463734.xml">public health</link>environ gasolin reach public suppli<link ns0:type="simple" ns0:href="../725/198725.xml">drink water</link>chief risk leak vehicl gasolin deliveri truck accid leak storag tank risk underground storag tank extens measur place detect prevent leak<link ns0:type="simple" ns0:href="../047/907047.xml">sacrifici anod</link>gasolin<link ns0:type="simple" ns0:href="../589/2528589.xml">volatil</link>mean<link ns0:type="simple" ns0:href="../303/10303.xml">evapor</link>requir storag tank land vehicl properli seal high volatil will easili ignit cold weather condit diesel exampl appropri vent need ensur level pressur insid gasolin react danger common chemic</p><p>gasolin sourc pollut gase gasolin<link ns0:type="simple" ns0:href="../747/17747.xml">lead</link><link ns0:type="simple" ns0:href="../127/27127.xml">sulfur</link><link ns0:type="simple" ns0:href="../412/144412.xml">compound</link>produc<link ns0:type="simple" ns0:href="../906/5906.xml">carbon dioxid</link><link ns0:type="simple" ns0:href="../685/286685.xml">nitrogen oxid</link><link ns0:type="simple" ns0:href="../136/6136.xml">carbon monoxid</link><link ns0:type="simple" ns0:href="../716/303716.xml">exhaust</link><link ns0:type="simple" ns0:href="../640/9640.xml">engin</link>run unburnt gasolin<standard wordnetid="107260623" confidence="0.8"><system_of_measurement wordnetid="113577171" confidence="0.8"><link ns0:type="simple" ns0:href="../819/627819.xml#xpointer(//*[./st=%22Evaporative+emissions+control%22])">evapor tank</link></system_of_measurement></standard>atmospher react sunlight produc<link ns0:type="simple" ns0:href="../047/215047.xml">photochem smog</link>addit ethanol increas volatil gasolin</p><p>misus<link ns0:type="simple" ns0:href="../501/15501.xml">inhal</link>gasolin contribut damag health<link ns0:type="simple" ns0:href="../501/15501.xml">petrol snif</link>common obtain high peopl epidem poorer commun indigen group america australia canada zealand pacif island<ref ns0:type="simple" ns0:href="#xpointer(//reflist/entry[@id=%2224%22])" />respons<artifact wordnetid="100021939" confidence="0.8"><merchandise wordnetid="103748886" confidence="0.8"><commodity wordnetid="103076708" confidence="0.8"><name wordnetid="106333653" confidence="0.8"><trade_name wordnetid="106845599" confidence="0.8"><part wordnetid="113809207" confidence="0.8"><language_unit wordnetid="106284225" confidence="0.8"><link ns0:type="simple" ns0:href="../257/3024257.xml">opal</link></language_unit></part></trade_name></name></commodity></merchandise></artifact>fuel develop<company wordnetid="108058098" confidence="0.9508927676800064"><link ns0:type="simple" ns0:href="../720/18998720.xml">bp</link></company><region wordnetid="108630985" confidence="0.8"><area wordnetid="108497294" confidence="0.8"><location wordnetid="100027167" confidence="0.8"><link ns0:type="simple" ns0:href="../674/676674.xml">kwinana</link></location></area></region>refineri australia<link ns0:type="simple" ns0:href="../836/239836.xml">aromat</link>usual inhibit effect inhal<ref ns0:type="simple" ns0:href="#xpointer(//reflist/entry[@id=%2225%22])" /></p><p>alkan gasolin burn vapor phase coupl volatil leak highli danger sourc ignit accid involv gasolin attempt light bonfir help materi bonfir burn gasolin vaporis pour mix surround air fire lit moment vapor surround bonfir instantli ignit larg firebal engulf unwari user vapor heavier air collect garag inspect pit</p></sec><sec><st>usag price</st><p><indent level="1"><it>main articl<link ns0:type="simple" ns0:href="../596/8032596.xml">gasolin usag price</link><link ns0:type="simple" ns0:href="../951/5042951.xml">global warm</link><link ns0:type="simple" ns0:href="../508/849508.xml">peak oil</link></it></indent><image width="150px" src="Petrol.png" type="thumb"><caption>uk petrol price</caption></image>account world gasolin consumpt<ref ns0:type="simple" ns0:href="#xpointer(//reflist/entry[@id=%2226%22])" />consum gigalitr gal imp gal<ref ns0:type="simple" ns0:href="#xpointer(//reflist/entry[@id=%2227%22])" />equat<link ns0:type="simple" ns0:href="../094/18094.xml">gigalitr</link>gasolin day<link ns0:type="simple" ns0:href="../882/12882.xml">gallon</link>imperi gallon billion litr billion gal billion imp gal gasolin midgrad premium grade<ref ns0:type="simple" ns0:href="#xpointer(//reflist/entry[@id=%2228%22])" /></p><p>western countri highest usag rate person</p><p>base<link ns0:type="simple" ns0:href="../193/61193.xml">extern</link>countri europ japan impos heavi<link ns0:type="simple" ns0:href="../781/360781.xml">fuel tax</link>es fuel gasolin greater proport price gasolin unit cost oil tax price retail product subject greater fluctuat calcul<it>percentag</it>costperunit variabl<it>absolut</it>term</p></sec><sec><st>stabil</st><p>gasolin left period time gum varnish build precipit gasolin caus stale fuel will gum build fuel tank line carburetor fuel inject compon make harder start engin motor gasolin store day approv contain store longer period time fuel stabil will extend life fuel year fresh fuel stabil commonli small engin lawnmow tractor engin promot quicker reliabl start user advis gasolin contain tank half full properli cap reduc air exposur avoid storag high temperatur<ref ns0:type="simple" ns0:href="#xpointer(//reflist/entry[@id=%2229%22])" />engin ten minut circul stabil compon prior storag engin interv purg stale fuel<link ns0:type="simple" ns0:href="../209/49209.xml">carburetor</link><ref ns0:type="simple" ns0:href="#xpointer(//reflist/entry[@id=%2230%22])" /></p><p>gummi sticki resin deposit result<link ns0:type="simple" ns0:href="../313/66313.xml">oxid</link>degrad gasolin degrad prevent<link ns0:type="simple" ns0:href="../277/3277.xml">antioxid</link><link ns0:type="simple" ns0:href="../766/1259766.xml">phenylenediamin</link><link>alkylenediamin</link><link ns0:type="simple" ns0:href="../643/2955643.xml">diethylenetriamin</link><link ns0:type="simple" ns0:href="../674/2955674.xml">triethylenetetramin</link><link ns0:type="simple" ns0:href="../412/1412.xml">alkylamin</link><link ns0:type="simple" ns0:href="../547/5326547.xml">diethylamin</link><link>tributylamin</link><link ns0:type="simple" ns0:href="../797/3928797.xml">ethylamin</link>addit includ gum inhibitor nsubstitut<link>alkylaminophenol</link>colour stabil naminoethylpiperazin nndiethylhydroxylamin triethylenetetramin<ref ns0:type="simple" ns0:href="#xpointer(//reflist/entry[@id=%2231%22])" /></p><p>improv refineri techniqu gener reduc relianc catalyt thermal crack stock suscept oxid<ref ns0:type="simple" ns0:href="#xpointer(//reflist/entry[@id=%2232%22])" />gasolin acid contamin<link ns0:type="simple" ns0:href="../642/13354642.xml">naphthen acid</link>address addit includ basic organoamin<link ns0:type="simple" ns0:href="../638/656638.xml">nndiethylhydroxylamin</link>prevent metal corros breakdown antioxid addit acid hydrocarbon<link ns0:type="simple" ns0:href="../535/2798535.xml">bromin number</link>protect combin unhind partial hinder phenol oil solubl strong amin base<link ns0:type="simple" ns0:href="../091/1001091.xml">monoethanolamin</link>naminoethylpiperazin<link ns0:type="simple" ns0:href="../478/8290478.xml">cyclohexylamin</link>cyclohexanebismethylamin<link ns0:type="simple" ns0:href="../605/213605.xml">dimethylanilin</link>dimethylanilin<link ns0:type="simple" ns0:href="../643/2955643.xml">diethylenetriamin</link><link ns0:type="simple" ns0:href="../674/2955674.xml">triethylenetetramin</link><ref ns0:type="simple" ns0:href="#xpointer(//reflist/entry[@id=%2231%22])" /></p><p>stale gasolin detect<link ns0:type="simple" ns0:href="../272/375272.xml">colorimetr</link><link ns0:type="simple" ns0:href="../257/9257.xml">enzymat</link>test<link ns0:type="simple" ns0:href="../644/2296644.xml">organ peroxid</link>produc oxid gasolin<ref ns0:type="simple" ns0:href="#xpointer(//reflist/entry[@id=%2233%22])" /></p></sec><sec><st>fuel</st><p><indent level="1"><it>main articl<occupation wordnetid="100582388" confidence="0.8"><application wordnetid="100949134" confidence="0.8"><technology wordnetid="100949619" confidence="0.8"><event wordnetid="100029378" confidence="0.8"><profession wordnetid="100609953" confidence="0.8"><use wordnetid="100947128" confidence="0.8"><act wordnetid="100030358" confidence="0.8"><psychological_feature wordnetid="100023100" confidence="0.8"><activity wordnetid="100407535" confidence="0.8"><link ns0:type="simple" ns0:href="../455/626455.xml">altern fuel</link></activity></psychological_feature></act></use></profession></event></technology></application></occupation><point wordnetid="108620061" confidence="0.8"><occupation wordnetid="100582388" confidence="0.8"><application wordnetid="100949134" confidence="0.8"><technology wordnetid="100949619" confidence="0.8"><beginning wordnetid="108507558" confidence="0.8"><location wordnetid="100027167" confidence="0.8"><event wordnetid="100029378" confidence="0.8"><profession wordnetid="100609953" confidence="0.8"><use wordnetid="100947128" confidence="0.8"><act wordnetid="100030358" confidence="0.8"><psychological_feature wordnetid="100023100" confidence="0.8"><activity wordnetid="100407535" confidence="0.8"><link ns0:type="simple" ns0:href="../543/188543.xml">biofuel</link></activity></psychological_feature></act></use></profession></event></location></beginning></technology></application></occupation></point></it></indent>altern damag environ gasolin<link ns0:type="simple" ns0:href="../836/17555836.xml">gener biofuel</link>percent clean</p><p><list><entry level="1" type="bullet">biofuel</entry><entry level="2" type="bullet"><equivalent wordnetid="105695554" confidence="0.8"><substitute wordnetid="105696425" confidence="0.8"><link ns0:type="simple" ns0:href="../551/188551.xml">biodiesel</link></substitute></equivalent>diesel engin</entry><entry level="2" type="bullet"><link ns0:type="simple" ns0:href="../241/6027241.xml">biobutanol</link>gasolin engin</entry><entry level="2" type="bullet"><link ns0:type="simple" ns0:href="../623/608623.xml">bioethanol</link></entry><entry level="2" type="bullet"><link ns0:type="simple" ns0:href="../731/14761731.xml">biogasolin</link></entry><entry level="1" type="bullet"><conveyance wordnetid="103100490" confidence="0.8"><artifact wordnetid="100021939" confidence="0.8"><instrumentality wordnetid="103575240" confidence="0.8"><vehicle wordnetid="104524313" confidence="0.8"><link ns0:type="simple" ns0:href="../473/187473.xml">compress air</link></vehicle></instrumentality></artifact></conveyance></entry><entry level="1" type="bullet"><link ns0:type="simple" ns0:href="../156/906156.xml">hydrogen fuel</link></entry><entry level="1" type="bullet"><conveyance wordnetid="103100490" confidence="0.8"><artifact wordnetid="100021939" confidence="0.8"><instrumentality wordnetid="103575240" confidence="0.8"><vehicle wordnetid="104524313" confidence="0.8"><link ns0:type="simple" ns0:href="../212/16105212.xml">electr</link></vehicle></instrumentality></artifact></conveyance></entry><entry level="1" type="bullet">fossil fuel</entry><entry level="2" type="bullet"><link ns0:type="simple" ns0:href="../624/310624.xml">cng</link>compress natur ga</entry><entry level="2" type="bullet"><link ns0:type="simple" ns0:href="../761/81761.xml">petrodiesel</link></entry></list></p></sec><sec><st>bioconvers biogasolin</st><p><indent level="1"><it>main articl<link ns0:type="simple" ns0:href="../731/14761731.xml">biogasolin</link></it></indent><link ns0:type="simple" ns0:href="../639/23639.xml">xcelplu global hold</link>work conjunct<link>maverick biofuel</link>develop technolog fuel compat<link ns0:type="simple" ns0:href="../796/14796.xml">intern combust gasolin engin</link>deriv natur renew oil<link ns0:type="simple" ns0:href="../784/62784.xml">soybean</link>veget oil biodiesel initi market effort will focu addit packag convert ordinari biodiesel gasolin ad biolen addit packag addit expect market year blender expect final pumpgrad fuel cost gallon imp gal<ref ns0:type="simple" ns0:href="#xpointer(//reflist/entry[@id=%2234%22])" /></p><p>compani<link ns0:type="simple" ns0:href="../966/17697966.xml">sapphir energi</link>develop grow gasolin produc directli live organ<link ns0:type="simple" ns0:href="../946/14205946.xml">alga</link><link ns0:type="simple" ns0:href="../731/14761731.xml">biogasolin</link>advantag need chang vehicl distribut infrastructur</p></sec><sec><st /><p><table style="background:#f9f9f9; font-size:85%; line-height:110%; "><row><col><image width="32x28px" src="Portal.svg" /></col><col style="padding:0 0.2em;"><it>energi portal</it></col></row></table></p><p><list><entry level="1" type="bullet"><artifact wordnetid="100021939" confidence="0.8"><commodity wordnetid="103076708" confidence="0.8"><accessory wordnetid="102671780" confidence="0.8"><clothing wordnetid="103051540" confidence="0.8"><consumer_goods wordnetid="103093574" confidence="0.8"><covering wordnetid="103122748" confidence="0.8"><link ns0:type="simple" ns0:href="../556/3202556.xml">aftermarket fuel economi devic</link></covering></consumer_goods></clothing></accessory></commodity></artifact></entry><entry level="1" type="bullet"><link ns0:type="simple" ns0:href="../298/642298.xml">aviat fuel</link></entry><entry level="1" type="bullet"><link ns0:type="simple" ns0:href="../813/9886813.xml">comparison automobil fuel technolog</link></entry><entry level="1" type="bullet"><artifact wordnetid="100021939" confidence="0.8"><merchandise wordnetid="103748886" confidence="0.8"><commodity wordnetid="103076708" confidence="0.8"><link ns0:type="simple" ns0:href="../563/15762563.xml">drip ga</link></commodity></merchandise></artifact></entry><entry level="1" type="bullet"><link ns0:type="simple" ns0:href="../260/61260.xml">fill station</link></entry><entry level="1" type="bullet"><link ns0:type="simple" ns0:href="../692/2224692.xml">gasolin gallon equival</link></entry><entry level="1" type="bullet"><link ns0:type="simple" ns0:href="../796/14796.xml">intern combust engin</link>ice</entry><entry level="1" type="bullet"><link ns0:type="simple" ns0:href="../299/82299.xml">list automot fuel brand</link></entry><entry level="1" type="bullet"><link ns0:type="simple" ns0:href="../242/147242.xml">octan rate</link></entry><entry level="1" type="bullet"><condition wordnetid="113920835" confidence="0.8"><state wordnetid="100024720" confidence="0.8"><problem wordnetid="114410605" confidence="0.8"><difficulty wordnetid="114408086" confidence="0.8"><crisis wordnetid="113933560" confidence="0.8"><situation wordnetid="114411243" confidence="0.8"><link ns0:type="simple" ns0:href="../343/1197343.xml">oil price increas</link></situation></crisis></difficulty></problem></state></condition></entry></list></p></sec><sec><st>note</st><p><reflist><entry id="1"><weblink ns0:type="simple" ns0:href="http://www.chromatography-online.org/topics/gasoline/components.html">gasolin compon</weblink></entry><entry id="2"><weblink ns0:type="simple" ns0:href="http://www.etymonline.com/index.php?search=gasoline">onlin etymolog dictionari</weblink></entry><entry id="3"><scientist wordnetid="110560637" confidence="0.9508927676800064"><link ns0:type="simple" ns0:href="../591/334591.xml">jan baptist van helmont</link></scientist></entry><entry id="4"><weblink ns0:type="simple" ns0:href="http://www.window.state.tx.us/taxinfo/audit/motorfue/glossary.htm">motor fuel tax audit procedur manual ch glossari</weblink></entry><entry id="5"><weblink ns0:type="simple" ns0:href="http://www.petrochemcarless.com/docs/about_us_history.htm">petrochem carless histori</weblink></entry><entry id="6"><cite style="font-style:normal">ron hinck motor heritag petrol oil<it>chrysler collector</it></cite></entry><entry id="7"><weblink ns0:type="simple" ns0:href="http://www.telegraph.co.uk/motoring/main.jhtml?xml=/motoring/2002/02/01/emrdron02.xml">keep track fire petrol</weblink><link ns0:type="simple" ns0:href="../985/172985.xml">daili telegraph</link></entry><entry id="8"><weblink ns0:type="simple" ns0:href="http://firstfuelbank.com/msds/Tesoro.pdf">materi safeti data sheet</weblink>tesoro petroleum compani usa</entry><entry id="9">bell fuel<weblink ns0:type="simple" ns0:href="http://www.sefsc.noaa.gov/HTMLdocs/Gasoline.htm">leadfre gasolin materi safeti data sheet</weblink><link ns0:type="simple" ns0:href="../876/37876.xml">noaa</link>retriev<link /></entry><entry id="10"><weblink ns0:type="simple" ns0:href="http://www.epa.gov/katrina/activities/week1.html#aug31johnson">week nationwid fuel waiver issu bolster fuel suppli</weblink><it>respons hurrican</it><link ns0:type="simple" ns0:href="../666/58666.xml">environment protect agenc</link></entry><entry id="11"><weblink ns0:type="simple" ns0:href="http://www.gravmag.com/oil.html">oil industri statist gibson consult</weblink>retriev<link /></entry><entry id="12"><weblink ns0:type="simple" ns0:href="http://www-cta.ornl.gov/data/Appendix_B.html">appendix transport energi data book</weblink><link ns0:type="simple" ns0:href="../147/38147.xml">center transport analysi</link><site wordnetid="108651247" confidence="0.8"><region wordnetid="108630985" confidence="0.8"><center wordnetid="108523483" confidence="0.8"><area wordnetid="108497294" confidence="0.8"><location wordnetid="100027167" confidence="0.8"><tract wordnetid="108673395" confidence="0.8"><geographical_area wordnetid="108574314" confidence="0.8"><link ns0:type="simple" ns0:href="../147/38147.xml">oak ridg nation laboratori</link></geographical_area></tract></location></area></center></region></site></entry><entry id="13"><weblink ns0:type="simple" ns0:href="http://www.eere.energy.gov/hydrogenandfuelcells/pdfs/storage.pdf">thoma georg overview storag develop doe hydrogen program pdf</weblink>livermor sandia nation laboratori</entry><entry id="14">calcul heat format correspond exactli figur mjl divid densiti</entry><entry id="15"><weblink ns0:type="simple" ns0:href="http://www.hydrogenassociation.org/general/faqs.asp#octane|The">nation hydrogen associ faq</weblink></entry><entry id="17"><cite style="font-style:normal">lourd schnaa stephen rothenberg marafernanda flore sandra martnez carmen hernndez erica osorio estela perroni<weblink ns0:type="simple" ns0:href="http://www.pubmedcentral.nih.gov/articlerender.fcgi?artid=1247386">blood lead secular trend cohort children mexico citi</weblink><link ns0:type="simple" ns0:href="../219/381219.xml">openaccess</link>fulltext reprint<it><link>environ health perspect</link></it><document wordnetid="106470073" confidence="0.8"><written_communication wordnetid="106349220" confidence="0.8"><writing wordnetid="106362953" confidence="0.8"><link ns0:type="simple" ns0:href="../994/422994.xml">doi</link></writing></written_communication></document><weblink ns0:type="simple" ns0:href="http://dx.doi.org/10.1289%2Fehp.6636">ehp</weblink>pmid</cite></entry><entry id="16"><link ns0:type="simple" ns0:href="../666/58666.xml">environment protect agenc</link><weblink ns0:type="simple" ns0:href="http://www.epa.gov/history/topics/lead/02.htm">epa take final step phaseout lead gasolin</weblink><link ns0:type="simple" ns0:href="../097/304097.xml">press releas</link></entry><entry id="19"><weblink ns0:type="simple" ns0:href="http://www.epa.gov/otaq/regs/fuels/additive/mmt_cmts.htm">comment gasolin addit mmt</weblink></entry><entry id="18"><cite style="font-style:normal">paulina pino tom walter manuel oyarzn matthew burden betsi lozoff rapid drop infant blood lead level transit unlead gasolin santiago chile<document wordnetid="106470073" confidence="0.8"><written_communication wordnetid="106349220" confidence="0.8"><writing wordnetid="106362953" confidence="0.8"><link ns0:type="simple" ns0:href="../994/422994.xml">doi</link></writing></written_communication></document><weblink ns0:type="simple" ns0:href="http://dx.doi.org/10.3200%2FAEOH.59.4.182-187">aeoh</weblink></cite></entry><entry id="21"><weblink ns0:type="simple" ns0:href="http://www.aftonchemical.com/Products/MMT/History+of+MMT%AE.htm">histori mmt</weblink>afton chemic retriev<link /></entry><entry id="20"><weblink ns0:type="simple" ns0:href="http://cvma.ca/eng/publications/FinalMMTReport.pdf">final report effect mmt gasolin emiss onroad motor vehicl canada</weblink>canadian vehicl manufactur associ associ intern automobil manufactur canada</entry><entry id="23"><weblink ns0:type="simple" ns0:href="http://www.eere.energy.gov/afdc/fuels/stations_locator.html">altern fuel station locat</weblink><link ns0:type="simple" ns0:href="../866/62866.xml">depart energi</link></entry><entry id="22"><weblink ns0:type="simple" ns0:href="http://www.epa.gov/otaq/rfg_regs.htm#usage">remov reformul gasolin oxygen content requir nation revis commingl prohibit address nonxygen reformul gasolin nation</weblink><link ns0:type="simple" ns0:href="../666/58666.xml">environment protect agenc</link></entry><entry id="25"><weblink ns0:type="simple" ns0:href="http://www.bp.com/genericarticle.do?categoryId=9012769 contentId=7024904">fuel technolog</weblink>wwwbpcom retriev<link /></entry><entry id="24"><weblink ns0:type="simple" ns0:href="http://www.abc.net.au/health/library/stories/2005/11/24/1831506.htm">petrol snif fact file</weblink>shere cairney wwwabcnetau publish retriev<link />modifi version<weblink ns0:type="simple" ns0:href="http://www.abc.net.au/health/library/petrol_ff.htm">origin articl</weblink>archiv<weblink ns0:type="simple" ns0:href="http://web.archive.org/web/20070615215918/http://www.abc.net.au/health/library/petrol_ff.htm">httpwebarchiveorgwebhttpwwwabcnetauhealthlibrarypetrol_ffhtm</weblink></entry><entry id="27"><weblink ns0:type="simple" ns0:href="http://earthtrends.wri.org/text/energy-resources/variable-291.html">earthtrend energi resourc transport motor gasolin consumpt unit liter</weblink></entry><entry id="26">httpwwwworldwatchorgnod httpwwweiadoegovemeuinternationaloilconsumptionhtml</entry><entry id="29"><weblink ns0:type="simple" ns0:href="http://www.alpharubicon.com/altenergy/gasstoretg.htm">fuel storag practic</weblink></entry><entry id="28"><weblink ns0:type="simple" ns0:href="http://tonto.eia.doe.gov/dnav/pet/pet_cons_prim_dcu_nus_a.htm">prime supplier sale volum petroleum product</weblink>unit energi administr retriev<link /></entry><entry id="31"><weblink ns0:type="simple" ns0:href="http://v3.espacenet.com/textdoc?DB=EPODOC IDX=EP0534668">ep patent</weblink>stabil gasolin mixtur</entry><entry id="30"><weblink ns0:type="simple" ns0:href="http://www.perr.com/tip1.html">notebook</weblink></entry><entry id="34">post xavier navarro<weblink ns0:type="simple" ns0:href="http://www.autobloggreen.com/2008/05/24/got-some-biodiesel-you-cant-use-convert-it-to-gasoline-with-bi/">biodiesel cant convert gasolin biolen autobloggreen</weblink>retriev<link /></entry><entry id="32"><weblink ns0:type="simple" ns0:href="http://v3.espacenet.com/textdoc?DB=EPODOC IDX=US3994698">patent</weblink>gasolin addit concentr composit</entry><entry id="33"><weblink ns0:type="simple" ns0:href="http://v3.espacenet.com/textdoc?DB=EPODOC IDX=AU2000/72399">au patent</weblink>gasolin test kit</entry></reflist></p></sec><sec><st>refer</st><p><list><entry level="1" type="bullet"><weblink ns0:type="simple" ns0:href="http://zfacts.com/p/35.html">graph inflationcorrect histor price highest</weblink></entry><entry level="1" type="bullet"><weblink ns0:type="simple" ns0:href="http://www.ftc.gov/bcp/conline/pubs/autos/octane.htm">ftc lowdown high octan gasolin</weblink></entry><entry level="1" type="bullet"><weblink ns0:type="simple" ns0:href="http://www.epa.gov/otaq/regs/fuels/additive/mmt_cmts.htm">mmtu epa</weblink></entry><entry level="1" type="bullet"><weblink ns0:type="simple" ns0:href="http://www.gasresources.net/Introduction.htm">introduct modern petroleum scienc</weblink>russianukrainian theori deep<link ns0:type="simple" ns0:href="../478/646478.xml">abiot petroleum</link>origin</entry><entry level="1" type="bullet"><weblink ns0:type="simple" ns0:href="http://www.straightdope.com/columns/041008.html">differ premium regular ga</weblink><link ns0:type="simple" ns0:href="../306/1418306.xml">straight dope</link></entry><entry level="1" type="bullet"><weblink ns0:type="simple" ns0:href="http://i-r-squared.blogspot.com/2006/09/here-comes-winter-gasoline.html">winter gasolin rsquar energi blog</weblink><link ns0:type="simple" ns0:href="../947/27947.xml">septemb</link><link ns0:type="simple" ns0:href="../164/36164.xml" /></entry><entry level="1" type="bullet"><weblink ns0:type="simple" ns0:href="http://www.gtz.de/en/themen/umwelt-infrastruktur/transport/10285.htm">intern fuel price</weblink>diesel gasolin price countri</entry><entry level="1" type="bullet"><weblink ns0:type="simple" ns0:href="http://tonto.eia.doe.gov/oog/info/gdu/gasdiesel.asp">eia gasolin diesel fuel updat</weblink></entry><entry level="1" type="bullet"><weblink ns0:type="simple" ns0:href="http://soc.hfac.uh.edu/artman/publish/article_375.shtml">internet news big oil govern handout april</weblink></entry><entry level="1" type="bullet"><weblink ns0:type="simple" ns0:href="http://journeytoforever.org/biofuel_library/ethanol_motherearth/me2.html#table">durabl plastic alcohol gasolin</weblink></entry><entry level="1" type="bullet"><weblink ns0:type="simple" ns0:href="http://www.gasresources.net/DisposalBioClaims.htm">dismiss claim biolog connect natur petroleum</weblink></entry><entry level="1" type="bullet"><weblink ns0:type="simple" ns0:href="http://www.epa.gov/OMSWWW/rfgecon.htm">fuel economi impact analysi rfg</weblink>reformul gasolin lower heat data actual energi content higher<link ns0:type="simple" ns0:href="../153/1113153.xml">higher heat</link></entry></list></p></sec><sec><st>extern link</st><p><image location="none" width="50px" src="Wiktionary-logo-en.svg"><caption>wiktionari</caption></image><web_site wordnetid="106359193" confidence="0.9508927676800064"><link ns0:type="simple" ns0:href="../658/156658.xml">wiktionari</link></web_site>free dictionari</p><p><list><entry level="1" type="bullet"><weblink ns0:type="simple" ns0:href="http://money.cnn.com/pf/features/lists/global_gasprices/">cnnmoney global ga price</weblink></entry><entry level="1" type="bullet"><weblink ns0:type="simple" ns0:href="http://cta.ornl.gov/data/index.shtml">transport energi data book</weblink></entry><entry level="1" type="bullet"><weblink ns0:type="simple" ns0:href="http://www.energysupplylogistics.com/terminals">energi suppli logist searchabl directori termin</weblink></entry><entry level="1" type="bullet"><weblink ns0:type="simple" ns0:href="http://www.benzin.sk">definit basic term graph ga price slovak languag</weblink></entry></list>imag<list><entry level="1" type="bullet"><it><weblink ns0:type="simple" ns0:href="http://www.archive.org/movies/details-db.php?collection=prelinger collectionid=19334 from=collectionSpotlight">gasolin trail</weblink></it>handi jam organ cartoon</entry></list></p></sec></bdy></fuel></merchandise></article>