<article xmlns:ns0="http://www.w3.org/1999/xlink"><header><title>dxplain</title><id /><revision><id /><timestamp /><contributor><username>whpq</username><id /></contributor></revision><categories><category>health software</category><category>medical informatics</category></categories></header><bdy>dxplain<software wordnetid="106566077" confidence="0.8"><application wordnetid="106570110" confidence="0.8"><program wordnetid="106568978" confidence="0.8"><written_communication wordnetid="106349220" confidence="0.8"><writing wordnetid="106359877" confidence="0.8"><code wordnetid="106355894" confidence="0.8"><coding_system wordnetid="106353757" confidence="0.8"><link ns0:type="simple" ns0:href="../154/2368154.xml">clinical decision support system</link></coding_system></code></writing></written_communication></program></application></software>cdss available through the<invention wordnetid="105633385" confidence="0.8"><link ns0:type="simple" ns0:href="../139/33139.xml">world wide web</link></invention>that assists<link ns0:type="simple" ns0:href="../314/832314.xml">clinic</link>ians generating stratified<link ns0:type="simple" ns0:href="../525/18507525.xml">diagnoses</link>based user input patient signs and symptoms laboratory results and other clinical findings<ref ns0:type="simple" ns0:href="#xpointer(//reflist/entry[@id=%221%22])" /><feeling wordnetid="100026192" confidence="0.8"><state wordnetid="100024720" confidence="0.8"><temper wordnetid="107551052" confidence="0.8"><link ns0:type="simple" ns0:href="../807/1592807.xml">evidential</link></temper></state></feeling>support for each<link ns0:type="simple" ns0:href="../081/915081.xml">differential diagnosis</link>presented along with recommended followup that may conducted the clinician arrive more definitive<link ns0:type="simple" ns0:href="../525/18507525.xml">diagnosis</link>the system also serves clinician reference with searchable<link ns0:type="simple" ns0:href="../377/8377.xml">database</link>diseases and clinical manifestations<sec><st>history</st><p>designed the laboratory computer science the<hospital wordnetid="103540595" confidence="0.9508927676800064"><link ns0:type="simple" ns0:href="../900/1149900.xml">massachusetts general hospital</link></hospital>work dxplain began with first version being released<ref ns0:type="simple" ns0:href="#xpointer(//reflist/entry[@id=%222%22])" />dxplain contains database with crude probabilities for over clinical manifestations that are associated with over unique diseases yielding total over unique findingdisease interconnections<ref ns0:type="simple" ns0:href="#xpointer(//reflist/entry[@id=%222%22])" /></p></sec><sec><st>educational tool</st><p>use dxplain tool for medical consultation has been common some institutions since fills gap particularly for<link>medical student</link>clinical rotations that not adequately covered textbook literature<ref ns0:type="simple" ns0:href="#xpointer(//reflist/entry[@id=%223%22])" />the systems large and accessible knowledge base combined with its ability formulate diagnostic hypotheses have made popular education tool for usbased medical schools dxplain was supporting more than total users<ref ns0:type="simple" ns0:href="#xpointer(//reflist/entry[@id=%224%22])" /></p></sec><sec><st>methodology</st><p>dxplain generates ranked<link ns0:type="simple" ns0:href="../081/915081.xml">differential diagnoses</link>using pseudoprobabilistic<link ns0:type="simple" ns0:href="../775/775.xml">algorithm</link><ref ns0:type="simple" ns0:href="#xpointer(//reflist/entry[@id=%225%22])" />each clinical finding entered into dxplain assessed determining the importance the finding and how strongly the finding supports given diagnosis for each disease the<link ns0:type="simple" ns0:href="../497/239497.xml">knowledge base</link>using this criterion dxplain generates ranked differential diagnoses with the most likely diseases yielding the lowest rank using stored information regarding each diseases prevalence and significance the system differentiates between common and rare diseases</p></sec><sec><st>accuracy</st><p>analysis accuracy has shown promise dxplain and similar clinical decision support systems preliminary trial investigation benchmark cases with variety diseases and clinical manifestations the ranked differential diagnoses generated dxplain were shown alignment with panel five boardcertified physicians<ref ns0:type="simple" ns0:href="#xpointer(//reflist/entry[@id=%226%22])" />another study investigating how well decision support systems work responding<link ns0:type="simple" ns0:href="../393/4393.xml">bioterrorism</link>event evaluation consecutive<link ns0:type="simple" ns0:href="../264/205264.xml">internal medicine</link>cases showed that dxplain correctly identified the diagnosis cases with the correct diagnosis averaging rank<ref ns0:type="simple" ns0:href="#xpointer(//reflist/entry[@id=%227%22])" /></p></sec><sec><st>clinical usage</st><p>despite its usage clinician training similar other clinical decision support systems dxplain has not expanded beyond the research laboratory medical training setting due part lack support<link>clinicians</link>realworld settings<ref ns0:type="simple" ns0:href="#xpointer(//reflist/entry[@id=%228%22])" /></p></sec><sec><st>references</st><p><reflist><entry id="1">barnett cimino hupp hoffer dxplain evolving diagnostic decisionsupport system jama jul</entry><entry id="2"><weblink ns0:type="simple" ns0:href="http://lcs.mgh.harvard.edu/projects/dxplain.html">mgh laboratory computer science projects dxplain laboratory computer science massachusetts general hospital</weblink></entry><entry id="3">london dxplain webbased diagnostic decision support system for medical students med ref serv summer</entry><entry id="4"><weblink ns0:type="simple" ns0:href="http://groups.csail.mit.edu/medg/courses/6872/2004/DXp%20HST%20Lec%2005.pdf">computer science and artificial intelligence laboratory csail mit</weblink></entry><entry id="5">detmer shortliffe using the internet improve knowledge diffusion medicine communications the association computing machinery</entry><entry id="6">feldman barnett approach evaluating the accuracy dxplain comput methods programs biomed aug</entry><entry id="7"><weblink ns0:type="simple" ns0:href="http://www.cdc.gov/ncidod/EID/vol10no1/03-0243.htm">bravata sundaram mcdonald smith szeto schleinitz detection and diagnostic decision support systems for bioterrorism response emerg infect dis jan</weblink></entry><entry id="8">coiera guide health informatics edition arnold</entry></reflist></p></sec><sec><st>external links</st><p><list><entry level="1" type="bullet"><weblink ns0:type="simple" ns0:href="http://www.lcs.mgh.harvard.edu/projects/dxplain.html">dxplain the mgh lab computer science</weblink></entry></list></p></sec></bdy></article>