<article xmlns:ns0="http://www.w3.org/1999/xlink"><header><title>evidencebased medicine</title><id /><revision><id /><timestamp /><contributor><username>sziwbot</username><id /></contributor></revision><categories><category>all npov disputes</category><category>npov disputes from december</category><category>medical informatics</category><category>healthcare quality</category><category>evidencebased medicine</category></categories></header><bdy>evidencebased medicine ebm aims apply<link ns0:type="simple" ns0:href="../854/5236854.xml">evidence</link>gained from the<link ns0:type="simple" ns0:href="../833/26833.xml">scientific method</link>certain parts medical practice seeks assess the quality evidence<ref ns0:type="simple" ns0:href="#xpointer(//reflist/entry[@id=%221%22])" />relevant the risks and benefits<link ns0:type="simple" ns0:href="../819/13311819.xml">treatments</link>including lack treatment according the centre for evidencebased medicine evidencebased medicine the conscientious explicit and judicious use current best evidence making decisions about the care individual patients<ref ns0:type="simple" ns0:href="#xpointer(//reflist/entry[@id=%222%22])" /><p>ebm recognizes that many aspects medical care depend individual factors such<link ns0:type="simple" ns0:href="../789/47789.xml">quality</link>and<link ns0:type="simple" ns0:href="../238/216238.xml">valueoflife</link>judgments which are only partially subject scientific methods ebm however seeks clarify those parts medical practice that are principle subject scientific methods and apply these methods ensure the best<link ns0:type="simple" ns0:href="../066/246066.xml">prediction</link>outcomes medical treatment even debate about which outcomes are desirable continues</p><p>the foundation evidencebased medicine the<link ns0:type="simple" ns0:href="../579/2994579.xml">systematic review</link>evidence for particular treatments mainly<link ns0:type="simple" ns0:href="../180/163180.xml">randomized controlled trial</link>the<link ns0:type="simple" ns0:href="../721/237721.xml">cochrane collaboration</link>leads this effort review cochrane systematic reviews the database revealed that according two readers concluded positive possibly positive effect concluded evidence effect concluded net harmful effects and the reviews concluded insufficient evidence<ref ns0:type="simple" ns0:href="#xpointer(//reflist/entry[@id=%223%22])" />review<link ns0:type="simple" ns0:href="../845/1845.xml">alternative medicine</link>cochrane reviews using the more uptodate database revealed that concluded positive effect possibly positive effect concluded effect concluded harmful effect and concluded insufficient evidence<ref ns0:type="simple" ns0:href="#xpointer(//reflist/entry[@id=%224%22])" /></p><sec><st>overview</st><p>using techniques from<link ns0:type="simple" ns0:href="../700/26700.xml">science</link><link ns0:type="simple" ns0:href="../251/9251.xml">engineering</link>and<link ns0:type="simple" ns0:href="../685/26685.xml">statistics</link>such<link ns0:type="simple" ns0:href="../329/62329.xml">metaanalysis</link><link ns0:type="simple" ns0:href="../635/5242635.xml">medical literature</link><link ns0:type="simple" ns0:href="../316/2244316.xml">riskbenefit analysis</link>and<link ns0:type="simple" ns0:href="../180/163180.xml">randomized controlled trial</link>ebm aims for the ideal that<link ns0:type="simple" ns0:href="../925/261925.xml">healthcare</link>professionals should make conscientious explicit and judicious use current best evidence their everyday practice</p><p>generally there are three distinct but interdependent areas ebm the first treat individual patients with acute chronic pathologies treatments supported the most scientifically valid medical literature thus medical practitioners would select treatment options for specific cases based the best research for each patient they treat the second area the<link ns0:type="simple" ns0:href="../579/2994579.xml">systematic review</link>medical literature evaluate the best studies specific topics this process can very humancentered<link ns0:type="simple" ns0:href="../877/3089877.xml">journal club</link>highly technical using computer programs and information techniques such<link ns0:type="simple" ns0:href="../253/42253.xml">data mining</link>increased use<link ns0:type="simple" ns0:href="../340/15340.xml">information technology</link>turns large volumes information into practical guides finally evidencebased medicine can understood medical movement which advocates work popularize the method and usefulness the practice the public patient communities educational institutions and continuing education practicing professionals</p><p>evidencebased medicine has demoted cathedra statements the medical<link ns0:type="simple" ns0:href="../892/9892.xml">expert</link>the least valid form evidence all experts are now expected reference their pronouncements scientific studies</p></sec><sec><st>classification</st><p>two types evidencebased medicine have been proposed<ref ns0:type="simple" ns0:href="#xpointer(//reflist/entry[@id=%225%22])" /></p><ss1><st>evidencebased guidelines</st><p>evidencebased guidelines ebg the practice evidencebased medicine the organizational institutional level this includes the production guidelines policy and regulations this approach has also been called evidence based healthcare<ref ns0:type="simple" ns0:href="#xpointer(//reflist/entry[@id=%226%22])" /></p></ss1><ss1><st>evidencebased individual decision making</st><p>evidencebased individual decision ebid making evidencebased medicine practiced the individual<link ns0:type="simple" ns0:href="../110/6142110.xml">health care provider</link>there concern that current evidencebased medicine focuses excessively ebid<ref ns0:type="simple" ns0:href="#xpointer(//reflist/entry[@id=%225%22])" /></p></ss1></sec><sec><st>history</st><p>although testing medical interventions for<link ns0:type="simple" ns0:href="../469/896469.xml">efficacy</link>has existed since the time<scholar wordnetid="110557854" confidence="0.9508927676800064"><link ns0:type="simple" ns0:href="../130/1130.xml">avicenna</link></scholar><work wordnetid="104599396" confidence="0.8"><product wordnetid="104007894" confidence="0.8"><creation wordnetid="103129123" confidence="0.8"><artifact wordnetid="100021939" confidence="0.8"><book wordnetid="106410904" confidence="0.8"><publication wordnetid="106589574" confidence="0.8"><link ns0:type="simple" ns0:href="../242/145242.xml">the canon medicine</link></publication></book></artifact></creation></product></work>the century<ref ns0:type="simple" ns0:href="#xpointer(//reflist/entry[@id=%227%22])" /><ref ns0:type="simple" ns0:href="#xpointer(//reflist/entry[@id=%228%22])" />was only the century that this effort evolved impact almost all fields health care and policy professor<person wordnetid="100007846" confidence="0.9638700866880419"><link ns0:type="simple" ns0:href="../718/237718.xml">archie cochrane</link></person>scottish epidemiologist through his book effectiveness and efficiency random reflections health services and subsequent advocacy caused increasing acceptance the concepts behind evidencebased practice cochranes work was honoured through the naming centres evidencebased medical research cochrane centres and international organization the<link ns0:type="simple" ns0:href="../721/237721.xml">cochrane collaboration</link>the explicit methodologies used determine best evidence were largely established the mcmaster university research group led<physical_entity wordnetid="100001930" confidence="0.8"><person wordnetid="100007846" confidence="0.8"><intellectual wordnetid="109621545" confidence="0.8"><adult wordnetid="109605289" confidence="0.8"><health_professional wordnetid="110165109" confidence="0.8"><scientist wordnetid="110560637" confidence="0.8"><professional wordnetid="110480253" confidence="0.8"><doctor wordnetid="110020890" confidence="0.8"><medical_practitioner wordnetid="110305802" confidence="0.8"><alumnus wordnetid="109786338" confidence="0.8"><causal_agent wordnetid="100007347" confidence="0.8"><research_worker wordnetid="110523076" confidence="0.8"><scholar wordnetid="110557854" confidence="0.8"><link ns0:type="simple" ns0:href="../408/7946408.xml">david sackett</link></scholar></research_worker></causal_agent></alumnus></medical_practitioner></doctor></professional></scientist></health_professional></adult></intellectual></person></physical_entity>and<physical_entity wordnetid="100001930" confidence="0.8"><person wordnetid="100007846" confidence="0.8"><medical_practitioner wordnetid="110305802" confidence="0.8"><causal_agent wordnetid="100007347" confidence="0.8"><scientist wordnetid="110560637" confidence="0.8"><health_professional wordnetid="110165109" confidence="0.8"><adult wordnetid="109605289" confidence="0.8"><professional wordnetid="110480253" confidence="0.8"><research_worker wordnetid="110523076" confidence="0.8"><doctor wordnetid="110020890" confidence="0.8"><link ns0:type="simple" ns0:href="../787/3860787.xml">gordon guyatt</link></doctor></research_worker></professional></adult></health_professional></scientist></causal_agent></medical_practitioner></person></physical_entity>the term evidence based was first used david eddy<ref ns0:type="simple" ns0:href="#xpointer(//reflist/entry[@id=%229%22])" /><ref ns0:type="simple" ns0:href="#xpointer(//reflist/entry[@id=%225%22])" />the term evidencebased medicine first appeared the medical literature paper guyatt<ref ns0:type="simple" ns0:href="#xpointer(//reflist/entry[@id=%2210%22])" /></p></sec><sec><st>qualification evidence</st><p>evidencebased medicine categorizes different types clinical evidence and ranks them according the strength their freedom from the various biases that beset medical research for example the strongest evidence for therapeutic interventions provided systematic review<link ns0:type="simple" ns0:href="../717/241717.xml">randomized</link><link ns0:type="simple" ns0:href="../248/277248.xml">doubleblind</link><link ns0:type="simple" ns0:href="../821/142821.xml">placebo</link>controlled trials involving homogeneous patient population and medical condition contrast patient testimonials case reports and even expert opinion have little value proof because the placebo effect the biases inherent observation and reporting cases difficulties ascertaining who expert and more</p><p>systems stratify evidence quality have been developed such this one the<link ns0:type="simple" ns0:href="../109/12553109.xml">preventive services task force</link>for ranking evidence about the effectiveness treatments screening<list><entry level="1" type="bullet">level evidence obtained from least one properly designed<link ns0:type="simple" ns0:href="../180/163180.xml">randomized controlled trial</link></entry><entry level="1" type="bullet">level evidence obtained from welldesigned controlled trials without<link ns0:type="simple" ns0:href="../462/65462.xml">randomization</link></entry><entry level="1" type="bullet">level evidence obtained from welldesigned<link ns0:type="simple" ns0:href="../187/2181187.xml">cohort</link><link ns0:type="simple" ns0:href="../661/788661.xml">casecontrol</link>analytic studies preferably from more than one center research group</entry><entry level="1" type="bullet">level evidence obtained from multiple time series with without the intervention dramatic results uncontrolled trials might also regarded this type evidence</entry><entry level="1" type="bullet">level iii opinions respected authorities based clinical experience descriptive studies reports expert committees</entry></list></p><p>the<link ns0:type="simple" ns0:href="../572/16462572.xml">national health service</link>uses similar system with categories labeled and the above levels are only appropriate for treatment interventions different types research are required for assessing diagnostic accuracy natural history and prognosis and hence different levels are required for example the oxford centre for evidencebased medicine suggests levels evidence loe according the study designs and critical appraisal prevention diagnosis prognosis therapy and harm studies<ref ns0:type="simple" ns0:href="#xpointer(//reflist/entry[@id=%2211%22])" /></p><p><list><entry level="1" type="bullet">level consistent<link ns0:type="simple" ns0:href="../180/163180.xml">randomised controlled clinical trial</link><link ns0:type="simple" ns0:href="../271/397271.xml">cohort study</link>all none see note below clinical decision rule validated different populations</entry><entry level="1" type="bullet">level consistent retrospective cohort exploratory cohort ecological study outcomes research<link ns0:type="simple" ns0:href="../661/788661.xml">casecontrol study</link>extrapolations from level studies</entry><entry level="1" type="bullet">level<link ns0:type="simple" ns0:href="../159/11832159.xml">caseseries study</link>extrapolations from level studies</entry><entry level="1" type="bullet">level expert opinion without explicit critical appraisal based<link ns0:type="simple" ns0:href="../597/23597.xml">physiology</link>bench research first principles</entry></list></p><p>newer system the<weblink ns0:type="simple" ns0:href="http://www.gradeworkinggroup.org/">grade working group</weblink>and takes account more dimensions that just the quality medical evidence<ref ns0:type="simple" ns0:href="#xpointer(//reflist/entry[@id=%2212%22])" />extrapolations are where data used situation which has potentially clinically important differences than the original study situation thus the quality evidence support clinical decision combination the quality research data and the clinical directness the data<ref ns0:type="simple" ns0:href="#xpointer(//reflist/entry[@id=%2213%22])" /></p><p>despite the differences between systems the purposes are the same guide users clinical research information about which studies are likely most valid however the individual studies still require careful critical appraisal</p><p>note the all none principle met when all patients died before the became available but some now survive when some patients died before the became available but none now die</p><ss1><st>categories recommendations</st><p>guidelines and other publications recommendation for clinical service classified the balance risk versus benefit the service and the level evidence which this information based the<link ns0:type="simple" ns0:href="../109/12553109.xml">preventive services task force</link>uses<ref ns0:type="simple" ns0:href="#xpointer(//reflist/entry[@id=%2214%22])" /><list><entry level="1" type="bullet">level good scientific evidence suggests that the benefits the clinical service substantially outweighs the potential risks clinicians should discuss the service with eligible patients</entry><entry level="1" type="bullet">level least fair scientific evidence suggests that the benefits the clinical service outweighs the potential risks clinicians should discuss the service with eligible patients</entry><entry level="1" type="bullet">level least fair scientific evidence suggests that there are benefits provided the clinical service but the balance between benefits and risks are too close for making general recommendations clinicians need not offer unless there are individual considerations</entry><entry level="1" type="bullet">level least fair scientific evidence suggests that the risks the clinical service outweighs potential benefits clinicians should not routinely offer the service asymptomatic patients</entry><entry level="1" type="bullet">level scientific evidence lacking poor quality conflicting such that the risk versus benefit balance can not assessed clinicians should help patients understand the uncertainty surrounding the clinical service</entry></list></p></ss1></sec><sec><st>statistical measures evidencebased medicine</st><p>evidencebased medicine attempts express clinical benefits tests and treatments using mathematical methods tools used practitioners evidencebased medicine include</p><p><list><entry level="1" type="bullet"><link ns0:type="simple" ns0:href="../035/45035.xml">likelihood ratio</link>the<link ns0:type="simple" ns0:href="../877/472877.xml">pretest probability</link>particular diagnosis multiplied the likelihood ratio determines the<link ns0:type="simple" ns0:href="../672/357672.xml">posttest probability</link>this reflects<statement wordnetid="106722453" confidence="0.8"><message wordnetid="106598915" confidence="0.8"><theorem wordnetid="106752293" confidence="0.8"><proposition wordnetid="106750804" confidence="0.8"><link ns0:type="simple" ns0:href="../569/49569.xml">bayes theorem</link></proposition></theorem></message></statement>the differences likelihood ratio between clinical tests can used prioritize clinical tests according their usefulness given clinical situation</entry></list></p><p><list><entry level="1" type="bullet">the area under the receiver operator characteristic curve aucroc reflects the relationship between<link ns0:type="simple" ns0:href="../690/41690.xml">sensitivity</link>and<link ns0:type="simple" ns0:href="../626/6945626.xml">specificity</link>for given test highquality tests will have aucroc approaching and highquality publications about clinical tests will provide information about the aucroc cutoff values for positive and negative tests can influence specificity and sensitivity but they not affect aucroc</entry></list></p><p><list><entry level="1" type="bullet"><link ns0:type="simple" ns0:href="../571/1964571.xml">number needed treat</link><link ns0:type="simple" ns0:href="../311/2622311.xml">number needed harm</link>are ways expressing the effectiveness and safety intervention way that clinically meaningful general nnt always computed with respect two treatments and with typically drug and placebo our example above year treatment with the hypothetical drug and treatment defined endpoint has specified our example the appearance colon cancer the year period the probabilities and this endpoint under treatments and respectively are known then the nnt computed pbpa the nnt for breast mammography mammograms need performed diagnose one breast cancer another example nnt means patients are treated only one would respond</entry></list></p><p>nnt the most effective and means each patient treated responds comparing antibiotics with placebo the eradication<substance wordnetid="100020090" confidence="0.8"><carcinogen wordnetid="114793812" confidence="0.8"><condition wordnetid="113920835" confidence="0.8"><state wordnetid="100024720" confidence="0.8"><link ns0:type="simple" ns0:href="../665/199665.xml">helicobacter pylori</link></state></condition></carcinogen></substance>nnt indicates that treatment quite effective with one patient responding the treatment nnt can still considered clinically effective<ref ns0:type="simple" ns0:href="#xpointer(//reflist/entry[@id=%2215%22])" /></p></sec><sec><st>quality clinical trial publications</st><p>evidencebased medicine attempts objectively evaluate the quality clinical research critically assessing techniques reported researchers their publications</p><p><list><entry level="1" type="bullet">trial design considerations highquality studies have clearlydefined eligibility criteria and have minimal missing data</entry></list></p><p><list><entry level="1" type="bullet">generalizability considerations studies may only applicable narrowlydefined patient populations and may not generalizable clinical practice</entry></list></p><p><list><entry level="1" type="bullet">followup sufficient time for defined outcomes occur can influence the study outcomes and the<link ns0:type="simple" ns0:href="../695/238695.xml">statistical power</link>study detect differences between treatment and control arm</entry></list></p><p><list><entry level="1" type="bullet">power mathematical calculation can determine the number patients sufficient detect difference between treatment arms negative study may reflect lack benefit simply lack sufficient quantities patients detect difference</entry></list></p><ss1><st>limitations available evidence</st><p>recognised that not all evidence made accessible that this can limit the effectiveness any approach and that effort reduce various publication and retrieval biases required</p><p>failure publish negative trials the most obvious gap and moves register all trials the outset and then pursue their results are underway changes publication methods particularly related the web should reduce the difficulty obtaining publication for paper trial that concludes did not prove anything new including its starting hypothesis</p><p>treatment effectiveness reported from clinical studies may higher than that achieved later routine clinical practice due the closer patient monitoring during trials that leads much higher compliance rates<ref ns0:type="simple" ns0:href="#xpointer(//reflist/entry[@id=%2216%22])" /></p></ss1></sec><sec><st>effectiveness</st><p>there are mixed reports about whether evidencebased medicine effective using the classification scheme above dividing evidencebased medicine into evidencebased guidelines ebg and evidencebased individual decision ebid may explain the conflict difficult find evidence that ebid improves health care whereas there growing evidence improvements the efficacy health care when evidencebased medicine practiced the organizational level<ref ns0:type="simple" ns0:href="#xpointer(//reflist/entry[@id=%2217%22])" />one the virtues<link ns0:type="simple" ns0:href="../359/13061359.xml">healthcare accreditation</link>that offers opportunity assess the overall functioning hospital healthcare organisation against the best the currentlyavailable evidence and assist the hospital healthcare organisation move towards more effective application evidencebased medical</p></sec><sec><st>criticism evidencebased medicine</st><p><table class="metadata plainlinks ambox "><row><col>amboxcontent style</col></row><row><col class="mbox-image"><p><image width="40px" src="Unbalanced_scales.svg" /></p></col><col style="" class="mbox-text">the this section please see the discussion the december please not remove this message until the</col></row></table>critics ebm say lack evidence and lack benefit are not the same and that the more data are pooled and aggregated the more difficult compare the patients the studies with the patient front the doctor that ebm applies populations not necessarily individuals the limits evidencebased medicine<ref ns0:type="simple" ns0:href="#xpointer(//reflist/entry[@id=%222%22])" />tonelli argues that the knowledge gained from clinical research does not directly answer the primary clinical question what best for the patient hand tonelli suggests that proponents evidencebased medicine discount the value clinical experience</p><p>however many proponents ebm argue that the best practice ebm does not discount clinicians own experience for instance david sackett writes that the practice evidence based medicine means integrating individual clinical expertise with the best available external clinical evidence from systematic research<ref ns0:type="simple" ns0:href="#xpointer(//reflist/entry[@id=%2218%22])" /></p><p>although evidencebased medicine becoming regarded the<link ns0:type="simple" ns0:href="../000/723000.xml">gold standard</link>for clinical practice and treatment guidelines there are number reasons why most current medical and surgical practices not have strong literature base supporting them<list><entry level="1" type="bullet">some cases such openheart surgery conducting randomized placebocontrolled trials would unethical although<link ns0:type="simple" ns0:href="../483/6326483.xml">observational studies</link>may address these problems some degree</entry><entry level="1" type="bullet">certain groups have been historically underresearched racial minorities and people with many comorbid diseases and thus the literature sparse areas that not allow for generalizing<ref ns0:type="simple" ns0:href="#xpointer(//reflist/entry[@id=%2219%22])" /></entry><entry level="1" type="bullet">the types trials considered gold standard randomized doubleblind placebocontrolled trials may expensive that funding sources play role what gets investigated for example public authorities may tend fund preventive medicine studies improve public health whole while pharmaceutical companies fund studies intended demonstrate the efficacy and safety particular drugs</entry><entry level="1" type="bullet">the studies that are published medical journals may not representative all the studies that are completed given topic published and unpublished may misleading due conflicts interest<link ns0:type="simple" ns0:href="../115/511115.xml">publication bias</link><ref ns0:type="simple" ns0:href="#xpointer(//reflist/entry[@id=%2220%22])" />thus the array evidence available particular therapies may not wellrepresented the literature statement the international committee medical journal editors that they will refuse publish clinical trial results the trial was not recorded publicly its outset may help with this although this has date still not been actioned</entry><entry level="1" type="bullet">the quality studies performed varies making difficult generalize about the results</entry></list></p><p>additional problem that large randomized controlled trials are useful for examining discrete interventions for carefully defined medical conditions the more complex the patient population severity condition comorbid conditions etc the study the more difficult assess the treatment effect treatment mean control group mean relative the random variation within group variation both the treatment and control groups because this number studies obtain nonsignificant results either because there insufficient power show difference because the groups are not wellenough controlled ironically the fewer restrictions there are who can participate study the greater the generalizability the results the type patient being seen real world setting the less able the study detect real differences between groups for given sample size</p><p>furthermore evidencebased<link ns0:type="simple" ns0:href="../685/1294685.xml">guidelines</link>not remove the problem extrapolation different populations longer timeframes even several topquality studies are available questions always remain about how far and which populations their results are generalizable<cite id="CITEREF" style="font-style:normal" />furthermore skepticism about results may always extended areas not explicitly covered for example drug may influence secondary endpoint such test result blood pressure glucose cholesterol levels without having the power show that decreases overall mortality morbidity population</p><p>managed healthcare systems evidencebased guideline have been used basis for denying insurance coverage for some treatments which are held the physicians involved effective but which randomized controlled trials have not yet been published some cases these denials were based upon questions induction and efficacy discussed above for example older generic statin drug has been shown reduce mortality this enough evidence for use much more expensive newer statin drug which lowers cholesterol more effectively but for which mortality reductions have not had time enough shown<ref ns0:type="simple" ns0:href="#xpointer(//reflist/entry[@id=%2221%22])" />new costly therapy that works tumor blood vessels causes two kinds cancer into remission justified expense third kind cancer before this has specifically been proven<ref ns0:type="simple" ns0:href="#xpointer(//reflist/entry[@id=%2222%22])" />kaiser permanente did not change its methods evaluating whether not new therapies were too experimental covered until was successfully sued twice once for delaying<link ns0:type="simple" ns0:href="../880/57880.xml">ivf</link>treatments for two years after the courts determined that scientific evidence efficacy and safety had reached the reasonable stage and another case where kaiser refused pay for liver transplantation infants when had already been shown effective adults the basis that use infants was still experimental<ref ns0:type="simple" ns0:href="#xpointer(//reflist/entry[@id=%2223%22])" />here again the problem induction plays key role arguments</p></sec><sec><st>evidencebased policy</st><p>his inaugural speech<ref ns0:type="simple" ns0:href="#xpointer(//reflist/entry[@id=%2224%22])" />president the royal statistical society adrian smith held out evidencebased medicine exemplar for all public policy proposed that evidencebased policy should established for education prisons and policing policy and all areas government</p><p>the<link>users guides the medical literature</link>are series journal articles<ref ns0:type="simple" ns0:href="#xpointer(//reflist/entry[@id=%2225%22])" />and more recently comprehensive textbook<ref ns0:type="simple" ns0:href="#xpointer(//reflist/entry[@id=%2226%22])" />that provide invaluable tips for clinicians wishing incorporate evidencebased medicine into their practices</p></sec><sec><st>see also</st><p><list><entry level="1" type="bullet"><link ns0:type="simple" ns0:href="../833/1274833.xml">adverse drug reaction</link></entry><entry level="1" type="bullet"><work wordnetid="100575741" confidence="0.8"><treatment wordnetid="100658082" confidence="0.8"><event wordnetid="100029378" confidence="0.8"><care wordnetid="100654885" confidence="0.8"><act wordnetid="100030358" confidence="0.8"><psychological_feature wordnetid="100023100" confidence="0.8"><activity wordnetid="100407535" confidence="0.8"><link ns0:type="simple" ns0:href="../961/1474961.xml">adverse effect medicine</link></activity></psychological_feature></act></care></event></treatment></work></entry><entry level="1" type="bullet"><link ns0:type="simple" ns0:href="../623/3008623.xml">clinical trials with surprising outcomes</link></entry><entry level="1" type="bullet"><link ns0:type="simple" ns0:href="../082/1244082.xml">consensus medical</link></entry><entry level="1" type="bullet"><link ns0:type="simple" ns0:href="../997/66997.xml">epidemiology</link></entry><entry level="1" type="bullet"><link ns0:type="simple" ns0:href="../842/1935842.xml">evidencebased design</link></entry><entry level="1" type="bullet"><link ns0:type="simple" ns0:href="../861/4796861.xml">evidencebased management</link></entry><entry level="1" type="bullet"><link ns0:type="simple" ns0:href="../789/8858789.xml">evidencebased pharmacy developing countries</link></entry><entry level="1" type="bullet"><link ns0:type="simple" ns0:href="../919/2837919.xml">evidence based policy</link></entry><entry level="1" type="bullet"><link ns0:type="simple" ns0:href="../308/3289308.xml">evidence based practice</link></entry><entry level="1" type="bullet"><link ns0:type="simple" ns0:href="../685/1294685.xml">guideline medical</link></entry><entry level="1" type="bullet"><link ns0:type="simple" ns0:href="../194/14194.xml">history medicine</link></entry><entry level="1" type="bullet"><link ns0:type="simple" ns0:href="../832/13371832.xml">hospital accreditation</link></entry><entry level="1" type="bullet"><link ns0:type="simple" ns0:href="../981/1551981.xml">medical algorithm</link></entry><entry level="1" type="bullet"><link ns0:type="simple" ns0:href="../783/2245783.xml">medical research</link></entry><entry level="1" type="bullet"><link ns0:type="simple" ns0:href="../957/18957.xml">medicine</link></entry><entry level="1" type="bullet"><group_action wordnetid="101080366" confidence="0.8"><know-how wordnetid="105616786" confidence="0.8"><intervention wordnetid="101240210" confidence="0.8"><event wordnetid="100029378" confidence="0.8"><method wordnetid="105660268" confidence="0.8"><act wordnetid="100030358" confidence="0.8"><psychological_feature wordnetid="100023100" confidence="0.8"><engagement wordnetid="101239064" confidence="0.8"><link ns0:type="simple" ns0:href="../225/981225.xml">nocebo</link></engagement></psychological_feature></act></method></event></intervention></know-how></group_action></entry><entry level="1" type="bullet"><link ns0:type="simple" ns0:href="../821/142821.xml">placebo origins technical term</link></entry><entry level="1" type="bullet"><link ns0:type="simple" ns0:href="../148/12910148.xml">policybased evidence making</link></entry><entry level="1" type="bullet"><link ns0:type="simple" ns0:href="../613/41613.xml">quality control</link></entry><entry level="1" type="bullet"><link ns0:type="simple" ns0:href="../884/2636884.xml">source criticism</link></entry><entry level="1" type="bullet"><link ns0:type="simple" ns0:href="../579/2994579.xml">systematic review</link></entry></list></p></sec><sec><st>references</st><p><reflist><entry id="1"><cite style="font-style:normal">elstein the origins and development evidencebased medicine and medical decision making inflamm res suppl<document wordnetid="106470073" confidence="0.8"><written_communication wordnetid="106349220" confidence="0.8"><writing wordnetid="106362953" confidence="0.8"><link ns0:type="simple" ns0:href="../994/422994.xml">doi</link></writing></written_communication></document><weblink ns0:type="simple" ns0:href="http://dx.doi.org/10.1007%2Fs00011-004-0357-2" />pmid</cite></entry><entry id="2"><cite style="font-style:normal">sackett rosenberg gray haynes richardson<weblink ns0:type="simple" ns0:href="http://www.bmj.com/cgi/content/full/312/7023/71">evidence based medicine what and what isnt</weblink>bmj pmid</cite></entry><entry id="3"><cite style="font-style:normal">ezzo bausell moerman berman hadhazy reviewing the reviews how strong the evidence how clear are the conclusions int technol assess health care pmid</cite></entry><entry id="4">committee the use complementary and alternative medicine the american public<weblink ns0:type="simple" ns0:href="http://www.nap.edu/catalog.php?record_id=11182">complementary and alternative medicine the united states</weblink>national academies press</entry><entry id="5"><cite style="font-style:normal">eddy evidencebased medicine unified approach health affairs project hope<document wordnetid="106470073" confidence="0.8"><written_communication wordnetid="106349220" confidence="0.8"><writing wordnetid="106362953" confidence="0.8"><link ns0:type="simple" ns0:href="../994/422994.xml">doi</link></writing></written_communication></document><weblink ns0:type="simple" ns0:href="http://dx.doi.org/10.1377%2Fhlthaff.24.1.9">hlthaff</weblink>pmid</cite></entry><entry id="6"><weblink ns0:type="simple" ns0:href="http://www.amazon.com/Evidence-Based-Healthcare-J-Muir-Gray/dp/0443057214">amazoncom evidencebased healthcare muir gray books</weblink></entry><entry id="7">craig brater and walter daly clinical pharmacology the middle ages principles that presage the century clinical pharmacology therapeutics</entry><entry id="8">walter daly and craig brater medieval contributions the search for truth clinical medicine perspectives biology and medicine<firm wordnetid="108059870" confidence="0.8"><enterprise wordnetid="108056231" confidence="0.8"><business wordnetid="108061042" confidence="0.8"><publisher wordnetid="108062623" confidence="0.8"><link ns0:type="simple" ns0:href="../095/3726095.xml">johns hopkins university press</link></publisher></business></enterprise></firm></entry><entry id="9"><cite style="font-style:normal">eddy practice policies where they come from jama passim pmid</cite></entry><entry id="10">guyatt cairns churchill evidencebased medicine working group evidencebased medicine new approach teaching the practice medicine jama pmid</entry><entry id="11">oxford centre for evidencebased medicine<weblink ns0:type="simple" ns0:href="http://www.cebm.net/levels_of_evidence.asp#levels">levels evidence and grades recommendation</weblink></entry><entry id="12"><weblink ns0:type="simple" ns0:href="http://www.gradeworkinggroup.org/">grade working group</weblink>retrieved<link /></entry><entry id="13"><cite style="font-style:normal">atkins best briss grading quality evidence and strength recommendations bmj<document wordnetid="106470073" confidence="0.8"><written_communication wordnetid="106349220" confidence="0.8"><writing wordnetid="106362953" confidence="0.8"><link ns0:type="simple" ns0:href="../994/422994.xml">doi</link></writing></written_communication></document><weblink ns0:type="simple" ns0:href="http://dx.doi.org/10.1136%2Fbmj.328.7454.1490">bmj</weblink>pmid</cite></entry><entry id="14"><weblink ns0:type="simple" ns0:href="http://www.ahrq.gov/clinic/3rduspstf/ratings.htm">task force ratings</weblink>retrieved<link /></entry><entry id="15">mcquay henry moore andrew<link /><weblink ns0:type="simple" ns0:href="http://www.jr2.ox.ac.uk/bandolier/booth/painpag/NNTstuff/numeric.htm">numbers needed treat</weblink>bandolier retrieved<link /></entry><entry id="17"><cite style="font-style:normal">yealy auble stone effect increasing the intensity implementing pneumonia guidelines randomized controlled trial ann intern med pmid</cite></entry><entry id="16">patient compliance with statins<work wordnetid="104599396" confidence="0.8"><product wordnetid="104007894" confidence="0.8"><creation wordnetid="103129123" confidence="0.8"><artifact wordnetid="100021939" confidence="0.8"><periodical wordnetid="106593296" confidence="0.8"><publication wordnetid="106589574" confidence="0.8"><link ns0:type="simple" ns0:href="../320/4140320.xml">bandolier</link></publication></periodical></artifact></creation></product></work><weblink ns0:type="simple" ns0:href="http://www.jr2.ox.ac.uk/bandolier/booth/cardiac/patcomp.html">review</weblink></entry><entry id="19">rogers<weblink ns0:type="simple" ns0:href="http://jme.bmj.com/cgi/content/full/30/2/141">evidence based medicine and justice framework for looking the impact ebm upon vulnerable disadvantaged groups</weblink>med ethics retrieved<link /></entry><entry id="18"><cite style="font-style:normal">sackett<weblink ns0:type="simple" ns0:href="http://www.ncbi.nlm.nih.gov/entrez/query.fcgi?cmd=Retrieve db=PubMed list_uids=8555924 dopt=Abstract">evidence based medicine what and what isnt</weblink>bmj</cite></entry><entry id="21" /><entry id="20">friedman richter<weblink ns0:type="simple" ns0:href="http://www.ncbi.nlm.nih.gov/entrez/query.fcgi?cmd=Retrieve db=pubmed dopt=Abstract list_uids=14748860 itool=iconabstr">relationship between conflicts interest and research results</weblink>ncbi pubmed retrieved<link /></entry><entry id="23" /><entry id="22">hwstanford</entry><entry id="25">guyatt rennie users guides the medical literature jama</entry><entry id="24"><cite style="font-style:normal">smith afm mad cows and ecstasy chance and choice evidencebased society journal the royal statistical association series</cite></entry><entry id="26">users guides the medical literature manual evidencebased clinical practice guyatt rennie eds chicago ama press</entry></reflist></p></sec><sec><st>external links</st><p><list><entry level="1" type="bullet"><weblink ns0:type="simple" ns0:href="http://www.iom.edu/ebm">httpwwwiomeduebm</weblink><institution wordnetid="108053576" confidence="0.8"><academy wordnetid="108279298" confidence="0.8"><link ns0:type="simple" ns0:href="../259/431259.xml">institute medicine</link></academy></institution>forum evidence based medicine the iom roundtable evidencebased medicine brings together key stakeholders from multiple sectorspatients health providers payers employers manufacturers policy makers and researchersfor cooperative consideration the ways that evidence can better developed and applied drive improvements the effectiveness and efficiency medical care the united states</entry><entry level="1" type="bullet"><weblink ns0:type="simple" ns0:href="http://www.cochrane.org/">cochraneorg</weblink>the cochrane collaboration the reliable source for evidence healthcare<link ns0:type="simple" ns0:href="../579/2994579.xml">systematic review</link>the effects health care interventions<link ns0:type="simple" ns0:href="../766/240766.xml">cochrane library</link>major source rigorous ebm evaluations</entry><entry level="1" type="bullet"><weblink ns0:type="simple" ns0:href="http://www.ahrq.gov/clinic/uspstfix.htm">ahrqgov</weblink>preventive services task force uspstf agency for health care research and quality major source ebm evaluations</entry><entry level="1" type="bullet"><weblink ns0:type="simple" ns0:href="http://www.acc.org/qualityandscience/quality/evidence.htm">what evidencebased medicine</weblink><association wordnetid="108049401" confidence="0.8"><institution wordnetid="108053576" confidence="0.8"><link ns0:type="simple" ns0:href="../769/1358769.xml">american college cardiology</link></institution></association></entry><entry level="1" type="bullet"><weblink ns0:type="simple" ns0:href="http://www.cmaj.ca/cgi/content/full/163/7/837">cmajca</weblink>evidencebased medicine commentary common criticisms sharon straus finlay mcalister<work wordnetid="104599396" confidence="0.8"><product wordnetid="104007894" confidence="0.8"><creation wordnetid="103129123" confidence="0.8"><artifact wordnetid="100021939" confidence="0.8"><periodical wordnetid="106593296" confidence="0.8"><publication wordnetid="106589574" confidence="0.8"><link ns0:type="simple" ns0:href="../611/773611.xml">canadian medical association journal</link></publication></periodical></artifact></creation></product></work>vol<link ns0:type="simple" ns0:href="../347/22347.xml">october</link><link ns0:type="simple" ns0:href="../548/34548.xml" /></entry><entry level="1" type="bullet"><weblink ns0:type="simple" ns0:href="http://www.mja.com.au/public/issues/174_05_050301/craig/craig.html">mjacomau</weblink>evidencebased medicine useful tools for decision making jonathan craig les irwig martin stockler<link ns0:type="simple" ns0:href="../720/15110720.xml">medical journal australia</link>vol</entry><entry level="1" type="bullet"><weblink ns0:type="simple" ns0:href="http://www.ispub.com/ostia/index.php?xmlFilePath=journals/ije/vol4n1/evidence.xml">ispubcom</weblink>evidencebiased medicine intentiontotreat analysis less conservative the internet journal epidemiology</entry><entry level="1" type="bullet"><weblink ns0:type="simple" ns0:href="http://www.gpnotebook.co.uk/simplepage.cfm?ID=-1596981199">gpnotebookcouk</weblink>evidencebased medicine ebm general practice notebook free content</entry><entry level="1" type="bullet"><weblink ns0:type="simple" ns0:href="http://www.jr2.ox.ac.uk/bandolier/">jroxacuk</weblink>bandolier evidencebased thinking about health care<work wordnetid="104599396" confidence="0.8"><product wordnetid="104007894" confidence="0.8"><creation wordnetid="103129123" confidence="0.8"><artifact wordnetid="100021939" confidence="0.8"><periodical wordnetid="106593296" confidence="0.8"><publication wordnetid="106589574" confidence="0.8"><link ns0:type="simple" ns0:href="../320/4140320.xml">bandolier journal</link></publication></periodical></artifact></creation></product></work>free reviews online</entry><entry level="1" type="bullet"><weblink ns0:type="simple" ns0:href="http://www.shef.ac.uk/~scharr/ir/netting/">shefacuk</weblink>netting the evidence scharr introduction evidence based practice the internet resource directory<university wordnetid="108286163" confidence="0.9508927676800064"><link ns0:type="simple" ns0:href="../417/310417.xml">university sheffield</link></university>extensive bibliographies and links online articles</entry><entry level="1" type="bullet"><weblink ns0:type="simple" ns0:href="http://www.tripdatabase.com">trip database</weblink>trip database ebm search engine resource directory trip knowledge service free</entry><entry level="1" type="bullet"><weblink ns0:type="simple" ns0:href="http://bmj.com/cgi/content/full/312/7023/71">bmjcom</weblink>evidence based medicine what and what isnt its about integrating individual clinical expertise and the best external evidence editorial<periodical wordnetid="106593296" confidence="0.9508927676800064"><link ns0:type="simple" ns0:href="../927/541927.xml">british medical journal</link></periodical>vol<link ns0:type="simple" ns0:href="../191/16191.xml">january</link><link ns0:type="simple" ns0:href="../636/34636.xml" /></entry><entry level="1" type="bullet"><weblink ns0:type="simple" ns0:href="http://www.bmj.com/cgi/content/full/310/6987/1126">bmjcom</weblink>evidence based medicine socratic dissent education and debate<periodical wordnetid="106593296" confidence="0.9508927676800064"><link ns0:type="simple" ns0:href="../927/541927.xml">british medical journal</link></periodical>vol<link ns0:type="simple" ns0:href="../416/1416.xml">april</link><link ns0:type="simple" ns0:href="../658/34658.xml" /></entry><entry level="1" type="bullet"><weblink ns0:type="simple" ns0:href="http://www.cebm.net/index.asp">cebmnet</weblink><village wordnetid="108672738" confidence="0.9508927676800064"><link ns0:type="simple" ns0:href="../308/22308.xml">oxford</link></village>centre for evidencebased medicine some free content</entry><entry level="1" type="bullet"><weblink ns0:type="simple" ns0:href="http://bmj.bmjjournals.com/cgi/content/full/327/7429/1459">bmjbmjjournalscom</weblink>parachute use prevent death and major trauma related gravitational challenge systematic review randomised controlled trials gordon smith jill pell<periodical wordnetid="106593296" confidence="0.9508927676800064"><link ns0:type="simple" ns0:href="../927/541927.xml">british medical journal</link></periodical>vol<link ns0:type="simple" ns0:href="../849/8849.xml">december</link><link ns0:type="simple" ns0:href="../163/36163.xml" />classic argument that situations still exist where rcts are unnecessary</entry><entry level="1" type="bullet"><weblink ns0:type="simple" ns0:href="http://www.eboncall.org/">eboncallorg</weblink>evidence compendia evidencebased summaries oncall medical conditions evidencebased oncall eboc free</entry><entry level="1" type="bullet"><weblink ns0:type="simple" ns0:href="http://www.professorebm.com/">professorebm</weblink>interactive teaching modules with evidencebased summaries internal medicine topics free content and links classic journal articles</entry><entry level="1" type="bullet"><weblink ns0:type="simple" ns0:href="http://www.dmoz.org/Health/Medicine/Evidence_Based_Medicine//">evidencebased medicine</weblink>the<work wordnetid="100575741" confidence="0.8"><possession wordnetid="100032613" confidence="0.8"><event wordnetid="100029378" confidence="0.8"><company wordnetid="108058098" confidence="0.8"><undertaking wordnetid="100795720" confidence="0.8"><property wordnetid="113244109" confidence="0.8"><act wordnetid="100030358" confidence="0.8"><psychological_feature wordnetid="100023100" confidence="0.8"><activity wordnetid="100407535" confidence="0.8"><subsidiary_company wordnetid="108003935" confidence="0.8"><institution wordnetid="108053576" confidence="0.8"><link ns0:type="simple" ns0:href="../501/18949501.xml">open directory project</link></institution></subsidiary_company></activity></psychological_feature></act></property></undertaking></company></event></possession></work></entry><entry level="1" type="bullet"><weblink ns0:type="simple" ns0:href="http://www.dbskeptic.com/2008/08/17/the-limits-of-evidence-based-medicine/">dbskepticcom</weblink>the limits evidencebased medicine</entry></list></p><p><table style=";" class="navbox" cellspacing="0"><row><col style="padding:2px;"><table style="width:100%;background:transparent;color:inherit;;" class="nowraplinks collapsible autocollapse " cellspacing="0"><row><header colspan="2" style=";" class="navbox-title"><link ns0:type="simple" ns0:href="../783/2245783.xml">biomedical research</link><link ns0:type="simple" ns0:href="../829/2944829.xml">study design</link><link ns0:type="simple" ns0:href="../541/9541.xml">design experiments</link></header></row><row style="height:2px;" /><row><col style=";;" class="navbox-group">overview</col><col style="text-align:left;border-left:2px solid #fdfdfd;width:100%;padding:0px;;;" class="navbox-list navbox-odd"><link ns0:type="simple" ns0:href="../717/241717.xml">clinical trial</link><link ns0:type="simple" ns0:href="../391/2193391.xml">clinical trial protocol</link><link ns0:type="simple" ns0:href="../487/2196487.xml">clinical trial management</link><link ns0:type="simple" ns0:href="../281/2312281.xml">academic clinical trials</link><link ns0:type="simple" ns0:href="../829/2944829.xml">study design</link></col></row><row style="height:2px" /><row><col style=";;" class="navbox-group"><link ns0:type="simple" ns0:href="../288/1640288.xml">controlled study</link><link ns0:type="simple" ns0:href="../013/10013.xml#xpointer(//*[./st=%22Qualification+of+evidence%22])">ebm</link></col><col style="text-align:left;border-left:2px solid #fdfdfd;width:100%;padding:0px;;;" class="navbox-list navbox-even"><link ns0:type="simple" ns0:href="../180/163180.xml">randomized controlled trial</link><link ns0:type="simple" ns0:href="../248/277248.xml">blind experiment</link><link ns0:type="simple" ns0:href="../515/1550515.xml">openlabel trial</link></col></row><row style="height:2px" /><row><col style=";;" class="navbox-group"><idea wordnetid="105833840" confidence="0.8"><concept wordnetid="105835747" confidence="0.8"><category wordnetid="105838765" confidence="0.8"><type wordnetid="105840188" confidence="0.8"><kind wordnetid="105839024" confidence="0.8"><link ns0:type="simple" ns0:href="../483/6326483.xml">observational study</link></kind></type></category></concept></idea><link ns0:type="simple" ns0:href="../013/10013.xml#xpointer(//*[./st=%22Qualification+of+evidence%22])">ebm</link></col><col style="text-align:left;border-left:2px solid #fdfdfd;width:100%;padding:0px;;;" class="navbox-list navbox-odd"><know-how wordnetid="105616786" confidence="0.8"><method wordnetid="105660268" confidence="0.8"><link ns0:type="simple" ns0:href="../627/1557627.xml">crosssectional study</link></method></know-how><idea wordnetid="105833840" confidence="0.8"><concept wordnetid="105835747" confidence="0.8"><category wordnetid="105838765" confidence="0.8"><know-how wordnetid="105616786" confidence="0.8"><method wordnetid="105660268" confidence="0.8"><type wordnetid="105840188" confidence="0.8"><kind wordnetid="105839024" confidence="0.8"><link ns0:type="simple" ns0:href="../623/1557623.xml">longitudinal study</link></kind></type></method></know-how></category></concept></idea><p><idea wordnetid="105833840" confidence="0.8"><concept wordnetid="105835747" confidence="0.8"><category wordnetid="105838765" confidence="0.8"><know-how wordnetid="105616786" confidence="0.8"><method wordnetid="105660268" confidence="0.8"><type wordnetid="105840188" confidence="0.8"><kind wordnetid="105839024" confidence="0.8"><link ns0:type="simple" ns0:href="../271/397271.xml">cohort study</link></kind></type></method></know-how></category></concept></idea><link ns0:type="simple" ns0:href="../844/14905844.xml">retrospective cohort study</link><link ns0:type="simple" ns0:href="../025/16107025.xml">prospective cohort study</link></p><p><link ns0:type="simple" ns0:href="../661/788661.xml">casecontrol study</link><link ns0:type="simple" ns0:href="../860/2946860.xml">nested casecontrol study</link></p><p><know-how wordnetid="105616786" confidence="0.8"><method wordnetid="105660268" confidence="0.8"><link ns0:type="simple" ns0:href="../159/11832159.xml">case series</link></method></know-how><link ns0:type="simple" ns0:href="../471/304471.xml">case study</link><link ns0:type="simple" ns0:href="../729/4585729.xml">case report</link></p></col></row><row style="height:2px" /><row><col style=";;" class="navbox-group"><link ns0:type="simple" ns0:href="../997/66997.xml">epidemiology</link><link ns0:type="simple" ns0:href="../767/265767.xml">methods</link></col><col style="text-align:left;border-left:2px solid #fdfdfd;width:100%;padding:0px;;;" class="navbox-list navbox-even">occurrence<link ns0:type="simple" ns0:href="../008/167008.xml">incidence</link><link ns0:type="simple" ns0:href="../897/5075897.xml">cumulative incidence</link><link ns0:type="simple" ns0:href="../688/126688.xml">prevalence</link><link ns0:type="simple" ns0:href="../112/9459112.xml">point prevalence</link><link ns0:type="simple" ns0:href="../191/9459191.xml">period prevalence</link><p><link ns0:type="simple" ns0:href="../313/569313.xml">association</link><link ns0:type="simple" ns0:href="../159/2622159.xml">relative risk</link><link ns0:type="simple" ns0:href="../880/406880.xml">odds ratio</link><link ns0:type="simple" ns0:href="../769/265769.xml">hazard ratio</link><link ns0:type="simple" ns0:href="../923/7735923.xml">attributable risk</link></p><p>other<link ns0:type="simple" ns0:href="../929/406929.xml">virulence</link><link ns0:type="simple" ns0:href="../235/2945235.xml">infectivity</link><link ns0:type="simple" ns0:href="../305/191305.xml">mortality rate</link><link ns0:type="simple" ns0:href="../018/196018.xml">morbidity</link><link ns0:type="simple" ns0:href="../385/3560385.xml">case fatality</link><link ns0:type="simple" ns0:href="../330/5599330.xml">sensitivity and specificity</link></p></col></row><row style="height:2px" /><row><col style=";;" class="navbox-group">trialtest types</col><col style="text-align:left;border-left:2px solid #fdfdfd;width:100%;padding:0px;;;" class="navbox-list navbox-odd"><link ns0:type="simple" ns0:href="../188/15188.xml">vitro</link><link ns0:type="simple" ns0:href="../187/15187.xml">vivo</link><technique wordnetid="105665146" confidence="0.8"><know-how wordnetid="105616786" confidence="0.8"><method wordnetid="105660268" confidence="0.8"><right wordnetid="105174653" confidence="0.8"><link ns0:type="simple" ns0:href="../596/175596.xml">animal testing</link></right></method></know-how></technique><know-how wordnetid="105616786" confidence="0.8"><method wordnetid="105660268" confidence="0.8"><link ns0:type="simple" ns0:href="../113/12005113.xml">firstinman study</link></method></know-how><link ns0:type="simple" ns0:href="../461/2221461.xml">multicenter trial</link><link ns0:type="simple" ns0:href="../065/18931065.xml">seeding trial</link><link ns0:type="simple" ns0:href="../730/1065730.xml">vaccine trial</link></col></row><row style="height:2px" /><row><col style=";;" class="navbox-group"><link ns0:type="simple" ns0:href="../813/17410813.xml">analysis clinical trials</link></col><col style="text-align:left;border-left:2px solid #fdfdfd;width:100%;padding:0px;;;" class="navbox-list navbox-even"><know-how wordnetid="105616786" confidence="0.8"><method wordnetid="105660268" confidence="0.8"><link ns0:type="simple" ns0:href="../316/2244316.xml">riskbenefit analysis</link></method></know-how></col></row><row style="height:2px;" /><row><col colspan="2" style=";" class="navbox-abovebelow">clinical researchcategory bull<link ns0:type="simple" ns0:href="../485/19627485.xml">glossary</link>bull<link ns0:type="simple" ns0:href="../563/19645563.xml">list topics</link></col></row></table></col></row></table></p></sec></bdy></article>