<article xmlns:ns0="http://www.w3.org/1999/xlink"><physicist confidence="0.9511911446218017" wordnetid="110428004"><person confidence="0.9508927676800064" wordnetid="100007846"><interior_designer confidence="0.9511911446218017" wordnetid="110210648"><laureate confidence="0.9511911446218017" wordnetid="110249011"><pioneer confidence="0.9511911446218017" wordnetid="110434725"><colleague confidence="0.9511911446218017" wordnetid="109935990"><alumnus confidence="0.9511911446218017" wordnetid="109786338"><scientist confidence="0.9508927676800064" wordnetid="110560637"><research_worker confidence="0.9511911446218017" wordnetid="110523076"><header><title>edsger dijkstra</title><id /><revision><id /><timestamp /><contributor><username>bart</username><id /></contributor></revision><categories><category>programming language researchers</category><category>eindhoven university technology faculty</category><category>leiden university alumni</category><category>dutch physicists</category><category>university texas austin faculty</category><category>computer pioneers</category><category>fellows the british computer society</category><category>people from rotterdam</category><category>deaths</category><category>births</category><category>dutch computer scientists</category><category>turing award laureates</category><category>formal methods people</category><category>programming language designers</category><category>fellows the association for computing machinery</category></categories></header><bdy><template><name /><parameters><image width="150px" src="Edsger_Wybe_Dijkstra.jpg" /><death_date>august aged</death_date><birth_date>may</birth_date><birth_place><village wordnetid="108672738" confidence="0.9508927676800064"><link ns0:type="simple" ns0:href="../049/26049.xml">rotterdam</link></village><system wordnetid="108435388" confidence="0.8"><economy wordnetid="108366753" confidence="0.8"><group wordnetid="100031264" confidence="0.8"><link ns0:type="simple" ns0:href="../148/21148.xml">netherlands</link></group></economy></system></birth_place><field><link ns0:type="simple" ns0:href="../323/5323.xml">computer science</link></field><known_for><event wordnetid="100029378" confidence="0.8"><rule wordnetid="105846932" confidence="0.8"><act wordnetid="100030358" confidence="0.8"><psychological_feature wordnetid="100023100" confidence="0.8"><procedure wordnetid="101023820" confidence="0.8"><activity wordnetid="100407535" confidence="0.8"><algorithm wordnetid="105847438" confidence="0.8"><link ns0:type="simple" ns0:href="../809/45809.xml">dijkstras algorithm</link></algorithm></activity></procedure></psychological_feature></act></rule></event><event wordnetid="100029378" confidence="0.8"><command wordnetid="107168131" confidence="0.8"><act wordnetid="100030358" confidence="0.8"><psychological_feature wordnetid="100023100" confidence="0.8"><speech_act wordnetid="107160883" confidence="0.8"><link ns0:type="simple" ns0:href="../853/197853.xml">goto considered harmful</link></speech_act></psychological_feature></act></command></event><ref ns0:type="simple" ns0:href="#xpointer(//reflist/entry[@id=%221%22])" /><message wordnetid="106598915" confidence="0.8"><information wordnetid="106634376" confidence="0.8"><electronic_database wordnetid="106588511" confidence="0.8"><lexical_database wordnetid="106638868" confidence="0.8"><wordnet wordnetid="106639428" confidence="0.8"><database wordnetid="106637824" confidence="0.8"><link ns0:type="simple" ns0:href="../837/1525837.xml">the multiprogramming system</link></database></wordnet></lexical_database></electronic_database></information></message><link ns0:type="simple" ns0:href="../557/164557.xml">semaphore</link></known_for><death_place><region wordnetid="108630985" confidence="0.8"><administrative_district wordnetid="108491826" confidence="0.8"><location wordnetid="100027167" confidence="0.8"><municipality wordnetid="108626283" confidence="0.8"><geographical_area wordnetid="108574314" confidence="0.8"><town wordnetid="108665504" confidence="0.8"><district wordnetid="108552138" confidence="0.8"><urban_area wordnetid="108675967" confidence="0.8"><link ns0:type="simple" ns0:href="../518/155518.xml">nuenen</link></urban_area></district></town></geographical_area></municipality></location></administrative_district></region><system wordnetid="108435388" confidence="0.8"><economy wordnetid="108366753" confidence="0.8"><group wordnetid="100031264" confidence="0.8"><link ns0:type="simple" ns0:href="../148/21148.xml">netherlands</link></group></economy></system></death_place><work_institutions><link ns0:type="simple" ns0:href="../063/506063.xml">mathematisch centrum</link><university wordnetid="108286163" confidence="0.9508927676800064"><link ns0:type="simple" ns0:href="../706/9706.xml">eindhoven university technology</link></university><university wordnetid="108286163" confidence="0.9508927676800064"><link ns0:type="simple" ns0:href="../031/32031.xml">the university texas austin</link></university></work_institutions><name>edsger wybe dijkstra</name><prizes><symbol wordnetid="106806469" confidence="0.8"><award wordnetid="106696483" confidence="0.8"><signal wordnetid="106791372" confidence="0.8"><link ns0:type="simple" ns0:href="../093/31093.xml">turing award</link></signal></award></symbol><organization wordnetid="108008335" confidence="0.9508927676800064"><link ns0:type="simple" ns0:href="../ury/30th_century.xml">association for computing machinery</link></organization></prizes></parameters></template>edsger wybe dijkstra<link ns0:type="simple" ns0:href="../452/19452.xml">may</link><link ns0:type="simple" ns0:href="../911/34911.xml" /><link ns0:type="simple" ns0:href="../019/1019.xml">august</link><link ns0:type="simple" ns0:href="../502/35502.xml" />pronounced was<system wordnetid="108435388" confidence="0.8"><economy wordnetid="108366753" confidence="0.8"><group wordnetid="100031264" confidence="0.8"><link ns0:type="simple" ns0:href="../148/21148.xml">dutch</link></group></economy></system><link ns0:type="simple" ns0:href="../323/5323.xml">computer scientist</link>received the<symbol wordnetid="106806469" confidence="0.8"><award wordnetid="106696483" confidence="0.8"><signal wordnetid="106791372" confidence="0.8"><link ns0:type="simple" ns0:href="../093/31093.xml">turing award</link></signal></award></symbol>for fundamental contributions the area programming languages and was the<company wordnetid="108058098" confidence="0.9508927676800064"><link ns0:type="simple" ns0:href="../876/461876.xml">schlumberger</link></company>centennial chair computer sciences<university wordnetid="108286163" confidence="0.9508927676800064"><link ns0:type="simple" ns0:href="../031/32031.xml">the university texas austin</link></university>from until<p>shortly before his death received the<organization wordnetid="108008335" confidence="0.9508927676800064"><link ns0:type="simple" ns0:href="../ury/30th_century.xml">acm</link></organization>podc influential paper award distributed computing for his work the subarea<link ns0:type="simple" ns0:href="../281/661281.xml">selfstabilization</link>this annual award was renamed the<symbol wordnetid="106806469" confidence="0.8"><award wordnetid="106696483" confidence="0.8"><signal wordnetid="106791372" confidence="0.8"><link ns0:type="simple" ns0:href="../883/7350883.xml">dijkstra prize</link></signal></award></symbol>the following year his honour</p><sec><st>life and work</st><p>born<village wordnetid="108672738" confidence="0.9508927676800064"><link ns0:type="simple" ns0:href="../049/26049.xml">rotterdam</link></village>dijkstra studied<link ns0:type="simple" ns0:href="../939/22939.xml">theoretical physics</link><university wordnetid="108286163" confidence="0.9508927676800064"><link ns0:type="simple" ns0:href="../373/86373.xml">leiden university</link></university>but quickly realized was more interested computer science originally employed the<link ns0:type="simple" ns0:href="../063/506063.xml">mathematisch centrum</link>amsterdam held professorship the<university wordnetid="108286163" confidence="0.9508927676800064"><link ns0:type="simple" ns0:href="../706/9706.xml">eindhoven university technology</link></university>the netherlands worked research fellow for<company wordnetid="108058098" confidence="0.8"><institution wordnetid="108053576" confidence="0.8"><link ns0:type="simple" ns0:href="../524/4524.xml">burroughs corporation</link></institution></company>the early and later held the schlumberger centennial chair computer sciences<link ns0:type="simple" ns0:href="../031/32031.xml">the university texas austin</link>the united states retired</p><p>among his contributions computer science the<link ns0:type="simple" ns0:href="../985/41985.xml">shortest path</link><link ns0:type="simple" ns0:href="../775/775.xml">algorithm</link>also known<event wordnetid="100029378" confidence="0.8"><rule wordnetid="105846932" confidence="0.8"><act wordnetid="100030358" confidence="0.8"><psychological_feature wordnetid="100023100" confidence="0.8"><procedure wordnetid="101023820" confidence="0.8"><activity wordnetid="100407535" confidence="0.8"><algorithm wordnetid="105847438" confidence="0.8"><link ns0:type="simple" ns0:href="../809/45809.xml">dijkstras algorithm</link></algorithm></activity></procedure></psychological_feature></act></rule></event><link ns0:type="simple" ns0:href="../513/26513.xml">reverse polish notation</link>and related<event wordnetid="100029378" confidence="0.8"><rule wordnetid="105846932" confidence="0.8"><act wordnetid="100030358" confidence="0.8"><psychological_feature wordnetid="100023100" confidence="0.8"><procedure wordnetid="101023820" confidence="0.8"><activity wordnetid="100407535" confidence="0.8"><algorithm wordnetid="105847438" confidence="0.8"><link ns0:type="simple" ns0:href="../773/2692773.xml">shunting yard algorithm</link></algorithm></activity></procedure></psychological_feature></act></rule></event>the<link ns0:type="simple" ns0:href="../837/1525837.xml">the multiprogramming system</link><event wordnetid="100029378" confidence="0.8"><rule wordnetid="105846932" confidence="0.8"><act wordnetid="100030358" confidence="0.8"><psychological_feature wordnetid="100023100" confidence="0.8"><procedure wordnetid="101023820" confidence="0.8"><activity wordnetid="100407535" confidence="0.8"><algorithm wordnetid="105847438" confidence="0.8"><link ns0:type="simple" ns0:href="../805/5348805.xml">bankers algorithm</link></algorithm></activity></procedure></psychological_feature></act></rule></event>the concept<physical_entity wordnetid="100001930" confidence="0.8"><person wordnetid="100007846" confidence="0.8"><model wordnetid="110324560" confidence="0.8"><assistant wordnetid="109815790" confidence="0.8"><worker wordnetid="109632518" confidence="0.8"><causal_agent wordnetid="100007347" confidence="0.8"><link ns0:type="simple" ns0:href="../185/3446185.xml">operating system rings</link></causal_agent></worker></assistant></model></person></physical_entity>and the<link ns0:type="simple" ns0:href="../557/164557.xml">semaphore</link>construct for coordinating multiple processors and programs another concept due dijkstra the field distributed computing that<link ns0:type="simple" ns0:href="../281/661281.xml">selfstabilization</link>alternative way ensure the reliability the system dijkstras algorithm used spf<link ns0:type="simple" ns0:href="../809/45809.xml">shortest path first</link>which used the routing protocol ospf<message wordnetid="106598915" confidence="0.8"><protocol wordnetid="106665108" confidence="0.8"><standard wordnetid="107260623" confidence="0.8"><direction wordnetid="106786629" confidence="0.8"><rule wordnetid="106652242" confidence="0.8"><system_of_measurement wordnetid="113577171" confidence="0.8"><link ns0:type="simple" ns0:href="../388/43388.xml">open shortest path first</link></system_of_measurement></rule></direction></standard></protocol></message></p><p>was also known for his low opinion the<link ns0:type="simple" ns0:href="../853/197853.xml">goto</link>statement<link ns0:type="simple" ns0:href="../311/5311.xml">computer programming</link>writing paper and culminating the article<weblink ns0:type="simple" ns0:href="http://www.cs.utexas.edu/users/EWD/transcriptions/EWD02xx/EWD215.html">case against the statement</weblink>ewd regarded major step towards the widespread deprecation the<link ns0:type="simple" ns0:href="../853/197853.xml">goto</link>statement and its effective replacement<link ns0:type="simple" ns0:href="../459/45459.xml">structured control constructs</link>such the<link ns0:type="simple" ns0:href="../915/468915.xml">while loop</link>this methodology was also called<link ns0:type="simple" ns0:href="../695/27695.xml">structured programming</link>the title his book coauthored with<link ns0:type="simple" ns0:href="../434/39434.xml">car hoare</link>and<person wordnetid="100007846" confidence="0.9508927676800064"><scientist wordnetid="110560637" confidence="0.9508927676800064"><link ns0:type="simple" ns0:href="../188/64188.xml">olejohan dahl</link></scientist></person>the march acm letters famous title statement<link ns0:type="simple" ns0:href="../368/895368.xml">considered harmful</link><ref ns0:type="simple" ns0:href="#xpointer(//reflist/entry[@id=%221%22])" />was not the work dijkstra but<person wordnetid="100007846" confidence="0.9508927676800064"><scientist wordnetid="110560637" confidence="0.9508927676800064"><link ns0:type="simple" ns0:href="../642/21642.xml">niklaus wirth</link></scientist></person>then editor<work wordnetid="104599396" confidence="0.8"><product wordnetid="104007894" confidence="0.8"><creation wordnetid="103129123" confidence="0.8"><artifact wordnetid="100021939" confidence="0.8"><periodical wordnetid="106593296" confidence="0.8"><publication wordnetid="106589574" confidence="0.8"><link ns0:type="simple" ns0:href="../161/291161.xml">communications the acm</link></publication></periodical></artifact></creation></product></work>dijkstra was known fan<programming_language wordnetid="106898352" confidence="0.9508927676800064"><link ns0:type="simple" ns0:href="../453/1453.xml">algol</link></programming_language>and worked the team that implemented the first<link ns0:type="simple" ns0:href="../739/5739.xml">compiler</link>for that language dijkstra and<link>jaap zonneveld</link>who collaborated the compiler agreed not shave until the project was completed</p><p>also wrote two important papers devoted the structure multiprogramming operating system called<link ns0:type="simple" ns0:href="../837/1525837.xml">the</link>and<link>cooperating sequential processes</link></p><p>famed for coining the popular programming phrase more use for alluding the fact that when you find yourself processing more than one instance data structure time encapsulate that logic inside loop</p><p>from the dijkstras chief interest was<link ns0:type="simple" ns0:href="../054/270054.xml">formal verification</link>the prevailing opinion the time was that one should first write program and then provide<link ns0:type="simple" ns0:href="../285/82285.xml">mathematical proof</link><link ns0:type="simple" ns0:href="../339/357339.xml">correctness</link>dijkstra objected that the resulting proofs are long and cumbersome and that the proof gives insight how the program was developed alternative method<link ns0:type="simple" ns0:href="../691/474691.xml">program derivation</link>develop proof and program hand hand one starts with mathematical specification what program supposed and applies mathematical transformations the specification until turned into program that can executed the resulting program then known correct construction much dijkstras later work concerns ways streamline mathematical argument interview stated desire for elegance whereby the correct approach would process thoughts mentally rather than attempt render them until they are complete the analogy made was contrast the compositional approaches<person wordnetid="100007846" confidence="0.9508927676800064"><link ns0:type="simple" ns0:href="../163/33163.xml">mozart</link></person>and<person wordnetid="100007846" confidence="0.9508927676800064"><link ns0:type="simple" ns0:href="../914/17914.xml">beethoven</link></person></p><p>dijkstra was one the very early pioneers the research distributed computing some people even consider some his papers those that established the field particular his paper selfstabilizing systems spite distributed control started the subfield<link ns0:type="simple" ns0:href="../281/661281.xml">selfstabilization</link></p><p>dijkstra was known for his essays programming was the first make the claim that programming inherently difficult and complex that programmers need harness every trick and abstraction possible hopes managing the complexity successfully</p><p>dijkstra believed that computer science was more abstract than programming once said computer science more about computers than astronomy about telescopes</p><p>died<region wordnetid="108630985" confidence="0.8"><administrative_district wordnetid="108491826" confidence="0.8"><location wordnetid="100027167" confidence="0.8"><municipality wordnetid="108626283" confidence="0.8"><geographical_area wordnetid="108574314" confidence="0.8"><town wordnetid="108665504" confidence="0.8"><district wordnetid="108552138" confidence="0.8"><urban_area wordnetid="108675967" confidence="0.8"><link ns0:type="simple" ns0:href="../518/155518.xml">nuenen</link></urban_area></district></town></geographical_area></municipality></location></administrative_district></region><link ns0:type="simple" ns0:href="../148/21148.xml">the netherlands</link><link ns0:type="simple" ns0:href="../019/1019.xml">august</link><link ns0:type="simple" ns0:href="../502/35502.xml" />after long struggle with<link ns0:type="simple" ns0:href="../219/105219.xml">cancer</link>the following year the acm<organization wordnetid="108008335" confidence="0.9508927676800064"><link ns0:type="simple" ns0:href="../ury/30th_century.xml">association for computing machinery</link></organization>podc influential paper award distributed computing was renamed the<symbol wordnetid="106806469" confidence="0.8"><award wordnetid="106696483" confidence="0.8"><signal wordnetid="106791372" confidence="0.8"><link ns0:type="simple" ns0:href="../883/7350883.xml">dijkstra prize</link></signal></award></symbol>his honour</p><ss1><st>ewds and writing hand</st><p>dijkstra was known for his habit carefully composing manuscripts with his fountain pen the manuscripts are called ewds since dijkstra numbered them with ewd prefix dijkstra would distribute photocopies new ewd among his colleagues many recipients photocopied and forwarded their copy the ewds spread throughout the international computer science community the topics were mainly computer science and mathematics but also included trip reports letters and speeches more than ewds have since been scanned with growing number also transcribed facilitate search and are available online the dijkstra archive the university texas<ref ns0:type="simple" ns0:href="#xpointer(//reflist/entry[@id=%222%22])" /></p><p>one dijkstras sidelines was serving<link ns0:type="simple" ns0:href="../822/4822.xml">chairman the board</link>the fictional mathematics inc company that imagined having<link ns0:type="simple" ns0:href="../208/39208.xml">commercialized</link>the production mathematical<link ns0:type="simple" ns0:href="../977/30977.xml">theorems</link>the same way that software companies had commercialized the production computer programs invented number activities and challenges mathematics inc and documented them several papers the ewd series the imaginary company had produced proof the<link ns0:type="simple" ns0:href="../125/19344125.xml">riemann hypothesis</link>but then had great difficulties collecting<link ns0:type="simple" ns0:href="../567/305567.xml">royalties</link>from mathematicians who had proved results assuming the riemann hypothesis the proof itself was<link ns0:type="simple" ns0:href="../960/29960.xml">trade secret</link>ewd many the companys proofs were rushed out the door and then much the companys effort had spent<link ns0:type="simple" ns0:href="../960/780960.xml">maintenance</link>ewd more successful effort was the standard proof for<link ns0:type="simple" ns0:href="../016/23016.xml">pythagoras theorem</link>that replaced the more than incompatible existing proofs ewd dijkstra described mathematics inc the most exciting and most miserable business ever conceived ewd claimed that his fictional company was the worlds leading mathematical industry with more than percent the world market ewd<ref ns0:type="simple" ns0:href="#xpointer(//reflist/entry[@id=%223%22])" /></p><p>having invented much the technology software dijkstra eschewed the use computers his own work for many decades almost all ewds appearing after were handwritten even after succumbed his colleagues encouragement and acquired<link ns0:type="simple" ns0:href="../979/19006979.xml">macintosh</link>computer used only for email and for browsing the world wide web<ref ns0:type="simple" ns0:href="#xpointer(//reflist/entry[@id=%224%22])" /></p></ss1></sec><sec><st>awards and honours</st><p>among dijkstras awards and honours are<ref ns0:type="simple" ns0:href="#xpointer(//reflist/entry[@id=%224%22])" /><list><entry level="1" type="bullet">member the<link ns0:type="simple" ns0:href="../098/392098.xml">royal netherlands academy arts and sciences</link></entry><entry level="1" type="bullet">distinguished fellow the<social_group wordnetid="107950920" confidence="0.8"><society wordnetid="107966140" confidence="0.8"><group wordnetid="100031264" confidence="0.8"><link ns0:type="simple" ns0:href="../656/552656.xml">british computer society</link></group></society></social_group></entry><entry level="1" type="bullet">the acms turing award</entry><entry level="1" type="bullet">foreign honorary member the<link ns0:type="simple" ns0:href="../882/391882.xml">american academy arts and sciences</link></entry><entry level="1" type="bullet">doctor science honoris causa from the<university wordnetid="108286163" confidence="0.9508927676800064"><link ns0:type="simple" ns0:href="../010/322010.xml">queens university belfast</link></university></entry><entry level="1" type="bullet">computer pioneer charter recipient from the<organization wordnetid="108008335" confidence="0.9508927676800064"><link ns0:type="simple" ns0:href="../246/12953246.xml">ieee computer society</link></organization></entry><entry level="1" type="bullet">honorary doctorate from the<link ns0:type="simple" ns0:href="../006/3429006.xml">athens university</link>greece</entry></list></p></sec><sec><st>see also</st><p><list><entry level="1" type="bullet"><event wordnetid="100029378" confidence="0.8"><rule wordnetid="105846932" confidence="0.8"><act wordnetid="100030358" confidence="0.8"><psychological_feature wordnetid="100023100" confidence="0.8"><procedure wordnetid="101023820" confidence="0.8"><activity wordnetid="100407535" confidence="0.8"><algorithm wordnetid="105847438" confidence="0.8"><link ns0:type="simple" ns0:href="../809/45809.xml">dijkstras algorithm</link></algorithm></activity></procedure></psychological_feature></act></rule></event></entry><entry level="1" type="bullet"><link ns0:type="simple" ns0:href="../344/285344.xml">dining philosophers problem</link></entry><entry level="1" type="bullet"><substance wordnetid="100019613" confidence="0.8"><paper wordnetid="114974264" confidence="0.8"><part wordnetid="113809207" confidence="0.8"><material wordnetid="114580897" confidence="0.8"><link ns0:type="simple" ns0:href="../625/624625.xml">the cruelty really teaching computer science</link></material></part></paper></substance></entry><entry level="1" type="bullet"><event wordnetid="100029378" confidence="0.8"><rule wordnetid="105846932" confidence="0.8"><act wordnetid="100030358" confidence="0.8"><psychological_feature wordnetid="100023100" confidence="0.8"><procedure wordnetid="101023820" confidence="0.8"><activity wordnetid="100407535" confidence="0.8"><algorithm wordnetid="105847438" confidence="0.8"><link ns0:type="simple" ns0:href="../773/2692773.xml">shunting yard algorithm</link></algorithm></activity></procedure></psychological_feature></act></rule></event></entry></list></p></sec><sec><st>footnotes</st><p><reflist><entry id="1">statement<link ns0:type="simple" ns0:href="../368/895368.xml">considered harmful</link>communications the acm vol march</entry><entry id="2">university texas<weblink ns0:type="simple" ns0:href="http://www.cs.utexas.edu/users/EWD/">online ewd archive</weblink></entry><entry id="3"><cite id="Reference-Dijkstra-1982" style="font-style:normal" class="book">dijkstra edsger selected writings computing personal perspective berlin springerverlag isbn</cite></entry><entry id="4">university texas<weblink ns0:type="simple" ns0:href="http://www.utexas.edu/faculty/council/2002-2003/memorials/Dijkstra/dijkstra.html">memoriam edsger wybe dijkstra</weblink></entry></reflist></p></sec><sec><st>references</st><ss1><st>writings dijkstra</st><p><list><entry level="1" type="bullet"><cite style="font-style:normal">dijkstra march letters the editor statement considered harmful<work wordnetid="104599396" confidence="0.8"><product wordnetid="104007894" confidence="0.8"><creation wordnetid="103129123" confidence="0.8"><artifact wordnetid="100021939" confidence="0.8"><periodical wordnetid="106593296" confidence="0.8"><publication wordnetid="106589574" confidence="0.8"><link ns0:type="simple" ns0:href="../161/291161.xml">communications the acm</link></publication></periodical></artifact></creation></product></work><document wordnetid="106470073" confidence="0.8"><written_communication wordnetid="106349220" confidence="0.8"><writing wordnetid="106362953" confidence="0.8"><link ns0:type="simple" ns0:href="../994/422994.xml">doi</link></writing></written_communication></document><weblink ns0:type="simple" ns0:href="http://dx.doi.org/10.1145%2F362929.362947" /><symbol wordnetid="106806469" confidence="0.8"><standard wordnetid="107260623" confidence="0.8"><signal wordnetid="106791372" confidence="0.8"><identifier wordnetid="107270601" confidence="0.8"><system_of_measurement wordnetid="113577171" confidence="0.8"><link ns0:type="simple" ns0:href="../930/234930.xml">issn</link></system_of_measurement></identifier></signal></standard></symbol><weblink ns0:type="simple" ns0:href="http://worldcat.org/issn/0001-0782" /></cite>ewd</entry></list></p><p><list><entry level="1" type="bullet"><cite style="font-style:normal">dijkstra may<weblink ns0:type="simple" ns0:href="http://www.cs.virginia.edu/~evans/cs655/readings/ewd498.html">how tell truths that might hurt</weblink><link ns0:type="simple" ns0:href="../658/1226658.xml">sigplan notice</link><document wordnetid="106470073" confidence="0.8"><written_communication wordnetid="106349220" confidence="0.8"><writing wordnetid="106362953" confidence="0.8"><link ns0:type="simple" ns0:href="../994/422994.xml">doi</link></writing></written_communication></document><weblink ns0:type="simple" ns0:href="http://dx.doi.org/10.1145%2F947923.947924" /><symbol wordnetid="106806469" confidence="0.8"><standard wordnetid="107260623" confidence="0.8"><signal wordnetid="106791372" confidence="0.8"><identifier wordnetid="107270601" confidence="0.8"><system_of_measurement wordnetid="113577171" confidence="0.8"><link ns0:type="simple" ns0:href="../930/234930.xml">issn</link></system_of_measurement></identifier></signal></standard></symbol><weblink ns0:type="simple" ns0:href="http://worldcat.org/issn/0362-1340" /></cite>ewd</entry></list></p><p><list><entry level="1" type="bullet"><weblink ns0:type="simple" ns0:href="http://www.cs.utexas.edu/users/EWD/transcriptions/EWD11xx/EWD1166.html">from life ewd</weblink></entry><entry level="1" type="bullet">discipline programming prenticehall series automatic computation isbn</entry><entry level="1" type="bullet">selected writings computing personal perspective texts and monographs computer science springerverlag isbn</entry><entry level="1" type="bullet">method programming dijkstra whj feijen sterringa addison wesley isbn</entry><entry level="1" type="bullet"><person wordnetid="100007846" confidence="0.9508927676800064"><scientist wordnetid="110560637" confidence="0.9508927676800064"><link ns0:type="simple" ns0:href="../188/64188.xml">dahl</link></scientist></person><link ns0:type="simple" ns0:href="../018/10018.xml">dijkstra</link><person wordnetid="100007846" confidence="0.9508927676800064"><scientist wordnetid="110560637" confidence="0.9508927676800064"><link ns0:type="simple" ns0:href="../434/39434.xml">hoare</link></scientist></person>structured programming academic press london isbn</entry><entry level="2" type="bullet">this volume includes expanded version the notes structured programming including extended example using the structured approach develop backtracking algorithm solve the<condition wordnetid="113920835" confidence="0.8"><state wordnetid="100024720" confidence="0.8"><problem wordnetid="114410605" confidence="0.8"><difficulty wordnetid="114408086" confidence="0.8"><link ns0:type="simple" ns0:href="../474/10474.xml">queens problem</link></difficulty></problem></state></condition></entry><entry level="2" type="bullet"><weblink ns0:type="simple" ns0:href="http://portal.acm.org/citation.cfm?id=1243380 jmp=cit coll=portal dl=GUIDE CFID=://www.acm.org/publications/ CFTOKEN=www.acm.org/publications/#CIT">pdf version this book available the acm classic books series</weblink></entry></list></p></ss1><ss1><st>others about dijkstra eulogies</st><p><list><entry level="1" type="bullet"><weblink ns0:type="simple" ns0:href="http://web.archive.org/web/20041206193322/www.digidome.nl/edsger_wybe_dijkstra.htm">biography</weblink>digidome</entry><entry level="1" type="bullet"><weblink ns0:type="simple" ns0:href="http://homepages.cwi.nl/~apt/ps/dijkstra.pdf">edsger wybe dijkstra portrait genius</weblink><message wordnetid="106598915" confidence="0.8"><information wordnetid="106634376" confidence="0.8"><language wordnetid="106282651" confidence="0.8"><format wordnetid="106636806" confidence="0.8"><link ns0:type="simple" ns0:href="../077/24077.xml">pdf</link></format></language></information></message>obituary<magazine wordnetid="106595351" confidence="0.9508927676800064"><link ns0:type="simple" ns0:href="../869/2583869.xml">formal aspects computing</link></magazine>with short biography</entry><entry level="1" type="bullet"><weblink ns0:type="simple" ns0:href="http://www.cs.utexas.edu/users/EWD/memorial/gries.html">how can explain edsger dijkstra those who didnt know him</weblink>david gries</entry><entry level="1" type="bullet"><weblink ns0:type="simple" ns0:href="http://www.cs.utexas.edu/users/EWD/memorial/moore.html">dijkstra eulogy</weblink>strother moore</entry><entry level="1" type="bullet"><weblink ns0:type="simple" ns0:href="http://www.cs.rutgers.edu/~szegedy/dijkstra.html">memoriam edsger wybe dijkstra</weblink>mario szegedy</entry><entry level="1" type="bullet"><weblink ns0:type="simple" ns0:href="http://www.adeptis.ru/vinci/m_part7.html">photos edsger dijkstra</weblink></entry></list></p></ss1></sec><sec><st>external links</st><p><list><entry level="1" type="bullet"><weblink ns0:type="simple" ns0:href="http://www.cbi.umn.edu/oh/display.phtml?id=320">oral history interview with edsger dijkstra</weblink>dijkstra recounts his early education and training theoretical physicist and programmer dijkstra describes his work developing software and his activities several early information processing conferences dijkstra also discourses the development algol and the origins computing science europe and america oral history interview<link ns0:type="simple" ns0:href="../248/2469248.xml">charles babbage institute</link>university minnesota minneapolis</entry><entry level="1" type="bullet"><weblink ns0:type="simple" ns0:href="http://www.cs.utexas.edu/users/EWD/">dijkstra archive</weblink></entry><entry level="1" type="bullet"><weblink ns0:type="simple" ns0:href="http://noorderlicht.vpro.nl/afleveringen/3502225/">noorderlicht interview video bandwidth options</weblink></entry></list></p><p><table style=";" class="navbox" cellspacing="0"><row><col style="padding:2px;"><table style="width:100%;background:transparent;color:inherit;;" class="nowraplinks collapsible autocollapse " cellspacing="0"><row><header colspan="2" style=";background:#d3d3d3;" class="navbox-title"><symbol wordnetid="106806469" confidence="0.8"><award wordnetid="106696483" confidence="0.8"><signal wordnetid="106791372" confidence="0.8"><link ns0:type="simple" ns0:href="../093/31093.xml">turing award</link></signal></award></symbol><link ns0:type="simple" ns0:href="../049/3164049.xml">laureate</link></header></row><row style="height:2px;" /><row><col colspan="2" style="width:100%;padding:0px;;;" class="navbox-list navbox-odd"><p><person wordnetid="100007846" confidence="0.9508927676800064"><scientist wordnetid="110560637" confidence="0.9508927676800064"><link ns0:type="simple" ns0:href="../462/300462.xml">perlis</link></scientist></person><link ns0:type="simple" ns0:href="../463/472463.xml">wilkes</link><person wordnetid="100007846" confidence="0.9508927676800064"><scientist wordnetid="110560637" confidence="0.9508927676800064"><link ns0:type="simple" ns0:href="../326/99326.xml">hamming</link></scientist></person><person wordnetid="100007846" confidence="0.9508927676800064"><scientist wordnetid="110560637" confidence="0.9508927676800064"><link ns0:type="simple" ns0:href="../639/19639.xml">minsky</link></scientist></person><person wordnetid="100007846" confidence="0.9508927676800064"><scientist wordnetid="110560637" confidence="0.9508927676800064"><link ns0:type="simple" ns0:href="../380/301380.xml">wilkinson</link></scientist></person><person wordnetid="100007846" confidence="0.9508927676800064"><scientist wordnetid="110560637" confidence="0.9508927676800064"><link ns0:type="simple" ns0:href="../362/308362.xml">mccarthy</link></scientist></person><person wordnetid="100007846" confidence="0.9508927676800064"><scientist wordnetid="110560637" confidence="0.9508927676800064"><link ns0:type="simple" ns0:href="../018/10018.xml">dijkstra</link></scientist></person><person wordnetid="100007846" confidence="0.9508927676800064"><scientist wordnetid="110560637" confidence="0.9508927676800064"><link ns0:type="simple" ns0:href="../387/301387.xml">bachman</link></scientist></person><person wordnetid="100007846" confidence="0.9508927676800064"><scientist wordnetid="110560637" confidence="0.9508927676800064"><link ns0:type="simple" ns0:href="../095/8095.xml">knuth</link></scientist></person><person wordnetid="100007846" confidence="0.9508927676800064"><scientist wordnetid="110560637" confidence="0.9508927676800064"><link ns0:type="simple" ns0:href="../300/287300.xml">newell</link></scientist></person><person wordnetid="100007846" confidence="0.9508927676800064"><scientist wordnetid="110560637" confidence="0.9508927676800064"><link ns0:type="simple" ns0:href="../205/14205.xml">simon</link></scientist></person><person wordnetid="100007846" confidence="0.9508927676800064"><scientist wordnetid="110560637" confidence="0.9508927676800064"><link ns0:type="simple" ns0:href="../404/298404.xml">rabin</link></scientist></person><person wordnetid="100007846" confidence="0.9508927676800064"><scientist wordnetid="110560637" confidence="0.9508927676800064"><link ns0:type="simple" ns0:href="../875/161875.xml">scott</link></scientist></person><person wordnetid="100007846" confidence="0.9508927676800064"><scientist wordnetid="110560637" confidence="0.9508927676800064"><link ns0:type="simple" ns0:href="../331/71331.xml">backus</link></scientist></person><person wordnetid="100007846" confidence="0.9508927676800064"><scientist wordnetid="110560637" confidence="0.9508927676800064"><link ns0:type="simple" ns0:href="../900/301900.xml">floyd</link></scientist></person><person wordnetid="100007846" confidence="0.9508927676800064"><scientist wordnetid="110560637" confidence="0.9508927676800064"><link ns0:type="simple" ns0:href="../163/259163.xml">iverson</link></scientist></person><person wordnetid="100007846" confidence="0.9508927676800064"><scientist wordnetid="110560637" confidence="0.9508927676800064"><link ns0:type="simple" ns0:href="../434/39434.xml">hoare</link></scientist></person><person wordnetid="100007846" confidence="0.9508927676800064"><scientist wordnetid="110560637" confidence="0.9508927676800064"><link ns0:type="simple" ns0:href="../548/93548.xml">codd</link></scientist></person><person wordnetid="100007846" confidence="0.9508927676800064"><scientist wordnetid="110560637" confidence="0.9508927676800064"><link ns0:type="simple" ns0:href="../432/39432.xml">cook</link></scientist></person><person wordnetid="100007846" confidence="0.9508927676800064"><scientist wordnetid="110560637" confidence="0.9508927676800064"><link ns0:type="simple" ns0:href="../747/10817747.xml">thompson</link></scientist></person><person wordnetid="100007846" confidence="0.9508927676800064"><scientist wordnetid="110560637" confidence="0.9508927676800064"><link ns0:type="simple" ns0:href="../218/8218.xml">ritchie</link></scientist></person><person wordnetid="100007846" confidence="0.9508927676800064"><scientist wordnetid="110560637" confidence="0.9508927676800064"><link ns0:type="simple" ns0:href="../642/21642.xml">wirth</link></scientist></person><person wordnetid="100007846" confidence="0.9508927676800064"><scientist wordnetid="110560637" confidence="0.9508927676800064"><link ns0:type="simple" ns0:href="../763/298763.xml">karp</link></scientist></person><person wordnetid="100007846" confidence="0.9508927676800064"><scientist wordnetid="110560637" confidence="0.9508927676800064"><link ns0:type="simple" ns0:href="../443/299443.xml">hopcroft</link></scientist></person><person wordnetid="100007846" confidence="0.9508927676800064"><scientist wordnetid="110560637" confidence="0.9508927676800064"><link ns0:type="simple" ns0:href="../127/46127.xml">tarjan</link></scientist></person><person wordnetid="100007846" confidence="0.9508927676800064"><scientist wordnetid="110560637" confidence="0.9508927676800064"><link ns0:type="simple" ns0:href="../915/301915.xml">cocke</link></scientist></person><person wordnetid="100007846" confidence="0.9508927676800064"><scientist wordnetid="110560637" confidence="0.9508927676800064"><link ns0:type="simple" ns0:href="../122/78122.xml">sutherland</link></scientist></person><person wordnetid="100007846" confidence="0.9508927676800064"><scientist wordnetid="110560637" confidence="0.9508927676800064"><link ns0:type="simple" ns0:href="../413/303413.xml">kahan</link></scientist></person><link>corbat</link><person wordnetid="100007846" confidence="0.9508927676800064"><scientist wordnetid="110560637" confidence="0.9508927676800064"><link ns0:type="simple" ns0:href="../547/93547.xml">milner</link></scientist></person><person wordnetid="100007846" confidence="0.9508927676800064"><scientist wordnetid="110560637" confidence="0.9508927676800064"><link ns0:type="simple" ns0:href="../249/77249.xml">lampson</link></scientist></person><person wordnetid="100007846" confidence="0.9508927676800064"><scientist wordnetid="110560637" confidence="0.9508927676800064"><link ns0:type="simple" ns0:href="../842/305842.xml">hartmanis</link></scientist></person><physical_entity wordnetid="100001930" confidence="0.8"><peer wordnetid="109626238" confidence="0.8"><person wordnetid="100007846" confidence="0.8"><honoree wordnetid="110183757" confidence="0.8"><laureate wordnetid="110249011" confidence="0.8"><colleague wordnetid="109935990" confidence="0.8"><causal_agent wordnetid="100007347" confidence="0.8"><acquirer wordnetid="109764201" confidence="0.8"><scientist wordnetid="110560637" confidence="0.8"><recipient wordnetid="109627906" confidence="0.8"><associate wordnetid="109816771" confidence="0.8"><link ns0:type="simple" ns0:href="../507/307507.xml">stearns</link></associate></recipient></scientist></acquirer></causal_agent></colleague></laureate></honoree></person></peer></physical_entity><person wordnetid="100007846" confidence="0.9508927676800064"><scientist wordnetid="110560637" confidence="0.9508927676800064"><link ns0:type="simple" ns0:href="../517/307517.xml">feigenbaum</link></scientist></person><person wordnetid="100007846" confidence="0.9508927676800064"><scientist wordnetid="110560637" confidence="0.9508927676800064"><link ns0:type="simple" ns0:href="../669/307669.xml">reddy</link></scientist></person><person wordnetid="100007846" confidence="0.9508927676800064"><scientist wordnetid="110560637" confidence="0.9508927676800064"><link ns0:type="simple" ns0:href="../357/308357.xml">blum</link></scientist></person><person wordnetid="100007846" confidence="0.9508927676800064"><scientist wordnetid="110560637" confidence="0.9508927676800064"><link ns0:type="simple" ns0:href="../365/308365.xml">pnueli</link></scientist></person><person wordnetid="100007846" confidence="0.9508927676800064"><scientist wordnetid="110560637" confidence="0.9508927676800064"><link ns0:type="simple" ns0:href="../081/8081.xml">engelbart</link></scientist></person><person wordnetid="100007846" confidence="0.9508927676800064"><scientist wordnetid="110560637" confidence="0.9508927676800064"><link ns0:type="simple" ns0:href="../367/308367.xml">gray</link></scientist></person><person wordnetid="100007846" confidence="0.9508927676800064"><scientist wordnetid="110560637" confidence="0.9508927676800064"><link ns0:type="simple" ns0:href="../652/11652.xml">brooks</link></scientist></person><person wordnetid="100007846" confidence="0.9508927676800064"><scientist wordnetid="110560637" confidence="0.9508927676800064"><link ns0:type="simple" ns0:href="../560/299560.xml">yao</link></scientist></person><person wordnetid="100007846" confidence="0.9508927676800064"><scientist wordnetid="110560637" confidence="0.9508927676800064"><link ns0:type="simple" ns0:href="../188/64188.xml">olejohan dahl</link></scientist></person><person wordnetid="100007846" confidence="0.9508927676800064"><scientist wordnetid="110560637" confidence="0.9508927676800064"><link ns0:type="simple" ns0:href="../741/72741.xml">kristen nygaard</link></scientist></person><person wordnetid="100007846" confidence="0.9508927676800064"><scientist wordnetid="110560637" confidence="0.9508927676800064"><link ns0:type="simple" ns0:href="../057/68057.xml">ron rivest</link></scientist></person><person wordnetid="100007846" confidence="0.9508927676800064"><scientist wordnetid="110560637" confidence="0.9508927676800064"><link ns0:type="simple" ns0:href="../314/57314.xml">adi shamir</link></scientist></person><person wordnetid="100007846" confidence="0.9508927676800064"><scientist wordnetid="110560637" confidence="0.9508927676800064"><link ns0:type="simple" ns0:href="../886/249886.xml">leonard adleman</link></scientist></person><person wordnetid="100007846" confidence="0.9508927676800064"><scientist wordnetid="110560637" confidence="0.9508927676800064"><link ns0:type="simple" ns0:href="../449/1449.xml">alan kay</link></scientist></person><person wordnetid="100007846" confidence="0.9508927676800064"><scientist wordnetid="110560637" confidence="0.9508927676800064"><link ns0:type="simple" ns0:href="../433/32433.xml">vint cerf</link></scientist></person><person wordnetid="100007846" confidence="0.9508927676800064"><scientist wordnetid="110560637" confidence="0.9508927676800064"><link ns0:type="simple" ns0:href="../802/365802.xml">bob kahn</link></scientist></person><person wordnetid="100007846" confidence="0.9508927676800064"><scientist wordnetid="110560637" confidence="0.9508927676800064"><link ns0:type="simple" ns0:href="../731/58731.xml">peter naur</link></scientist></person><scientist wordnetid="110560637" confidence="0.9508927676800064"><link ns0:type="simple" ns0:href="../739/9352739.xml">frances allen</link></scientist><physical_entity wordnetid="100001930" confidence="0.8"><person wordnetid="100007846" confidence="0.8"><honoree wordnetid="110183757" confidence="0.8"><laureate wordnetid="110249011" confidence="0.8"><intellectual wordnetid="109621545" confidence="0.8"><alumnus wordnetid="109786338" confidence="0.8"><causal_agent wordnetid="100007347" confidence="0.8"><acquirer wordnetid="109764201" confidence="0.8"><scholar wordnetid="110557854" confidence="0.8"><recipient wordnetid="109627906" confidence="0.8"><link ns0:type="simple" ns0:href="../926/15590926.xml">edmund clarke</link></recipient></scholar></acquirer></causal_agent></alumnus></intellectual></laureate></honoree></person></physical_entity><physical_entity wordnetid="100001930" confidence="0.8"><person wordnetid="100007846" confidence="0.8"><honoree wordnetid="110183757" confidence="0.8"><laureate wordnetid="110249011" confidence="0.8"><causal_agent wordnetid="100007347" confidence="0.8"><acquirer wordnetid="109764201" confidence="0.8"><recipient wordnetid="109627906" confidence="0.8"><link ns0:type="simple" ns0:href="../959/15590959.xml">allen emerson</link></recipient></acquirer></causal_agent></laureate></honoree></person></physical_entity><physical_entity wordnetid="100001930" confidence="0.8"><person wordnetid="100007846" confidence="0.8"><honoree wordnetid="110183757" confidence="0.8"><laureate wordnetid="110249011" confidence="0.8"><causal_agent wordnetid="100007347" confidence="0.8"><acquirer wordnetid="109764201" confidence="0.8"><scientist wordnetid="110560637" confidence="0.8"><recipient wordnetid="109627906" confidence="0.8"><link ns0:type="simple" ns0:href="../963/15590963.xml">joseph sifakis</link></recipient></scientist></acquirer></causal_agent></laureate></honoree></person></physical_entity></p></col></row></table></col></row></table></p><p><table id="persondata" class="persondata"><header colspan="2" /><row><col class="persondata-label">name</col><col>dijkstra edsger</col></row><row><col class="persondata-label">alternative names</col></row><row><col class="persondata-label">short description</col><col>dutch mathematician</col></row><row><col class="persondata-label">date birth</col><col>may</col></row><row><col class="persondata-label">place birth</col><col><village wordnetid="108672738" confidence="0.9508927676800064"><link ns0:type="simple" ns0:href="../049/26049.xml">rotterdam</link></village></col></row><row><col class="persondata-label">date death</col><col>august</col></row><row><col class="persondata-label">place death</col><col><region wordnetid="108630985" confidence="0.8"><administrative_district wordnetid="108491826" confidence="0.8"><location wordnetid="100027167" confidence="0.8"><municipality wordnetid="108626283" confidence="0.8"><geographical_area wordnetid="108574314" confidence="0.8"><town wordnetid="108665504" confidence="0.8"><district wordnetid="108552138" confidence="0.8"><urban_area wordnetid="108675967" confidence="0.8"><link ns0:type="simple" ns0:href="../518/155518.xml">nuenen</link></urban_area></district></town></geographical_area></municipality></location></administrative_district></region><link ns0:type="simple" ns0:href="../148/21148.xml">the netherlands</link></col></row></table></p></sec></bdy></research_worker></scientist></alumnus></colleague></pioneer></laureate></interior_designer></person></physicist></article>