<article xmlns:ns0="http://www.w3.org/1999/xlink"><header><title>large scale concept ontology for multimedia</title><id /><revision><id /><timestamp /><contributor><username>gobonobo</username><id /></contributor></revision><categories><category>multimedia</category></categories></header><bdy>the largescale concept ontology for multimedia lscom project was series workshops held from april september<ref ns0:type="simple" ns0:href="#xpointer(//reflist/entry[@id=%221%22])" />for the purpose defining standard formal vocabulary for the annotation and retrieval video<sec><st>lscom mandate</st><p>sponsored the<administrative_unit wordnetid="108077292" confidence="0.8"><agency wordnetid="108337324" confidence="0.8"><link ns0:type="simple" ns0:href="../484/4251484.xml">disruptive technology office</link></agency></administrative_unit>dto lscom brought together representatives from variety research communities such multimedia learning information retrieval computational linguistics library science and knowledge representation well user communities such intelligence agencies and broadcasters work collaboratively towards defining set concepts<ref ns0:type="simple" ns0:href="#xpointer(//reflist/entry[@id=%222%22])" />individually each concept was meet the following criteria<ref ns0:type="simple" ns0:href="#xpointer(//reflist/entry[@id=%223%22])" /></p><p><list><entry level="1" type="bullet">utility the concepts must support realistic video retrieval problems</entry><entry level="1" type="bullet">feasibility the concepts are capable will capable detection given the nearterm year projected state technology</entry><entry level="1" type="bullet">observibility the concepts occur with relatively high frequency actual video data sets</entry></list></p><p>jointly these concepts were meet the additional criterion providing broad domain independent coverage<ref ns0:type="simple" ns0:href="#xpointer(//reflist/entry[@id=%224%22])" />highlevel target areas for coverage included physical objects including animate objects such people mobs and animals and inanimate objects ranging from largescale such buildings and highways smallscale such telephones and applicances actions and events locations and settings and graphics the effort was led researchers from<university wordnetid="108286163" confidence="0.9508927676800064"><link ns0:type="simple" ns0:href="../093/48093.xml">carnegie mellon university</link></university><university wordnetid="108286163" confidence="0.9508927676800064"><ranking wordnetid="114429484" confidence="0.9508927676800064"><link ns0:type="simple" ns0:href="../310/6310.xml">columbia university</link></ranking></university>and<company wordnetid="108058098" confidence="0.9508927676800064"><link ns0:type="simple" ns0:href="../259/18622259.xml">ibm</link></company><ref ns0:type="simple" ns0:href="#xpointer(//reflist/entry[@id=%225%22])" /></p></sec><sec><st>lscom development tracks</st><p>the project had two main tracks the development and deployment keyframe annotation tools performed cmu and columbia and the development the lscom concept hierarchy itself the second track was executed two phases the first consisted the manual construction concept hierarchy was performed collaboratively among the research and user community representatives</p><p>the second track performed knowledge representation experts<company wordnetid="108058098" confidence="0.8"><institution wordnetid="108053576" confidence="0.8"><link ns0:type="simple" ns0:href="../994/99994.xml">cycorp inc</link></institution></company>involved the mapping the concepts into the<link ns0:type="simple" ns0:href="../874/6874.xml">cyc</link>knowledge base and the use the cyc inference engine semiautomatically refine correct and expand the concept hierarchy the mappingexpansion phase the project was motivated desire increase breadththe mapping had the effect moving from concepts well past the initial goal and move lscom from onedimensional hierarchy concepts fullblown ontology rich semantic connections<ref ns0:type="simple" ns0:href="#xpointer(//reflist/entry[@id=%226%22])" /></p></sec><sec><st>project results</st><p>the outputs the effort include<ref ns0:type="simple" ns0:href="#xpointer(//reflist/entry[@id=%227%22])" /></p><p><list><entry level="1" type="number">lite version the lscom concept hierarchy consisting subset concepts</entry><entry level="1" type="number">corpus video keyframes taken from the trecvid data set annotated using lscom lite</entry><entry level="1" type="number">the full lscom taxonomy concepts built semiautomatically mapping concepts manually identified collaborators into the cyc knowledge base and querying the cyc inference engine for useful additions</entry><entry level="1" type="number">the full lscom ontology the form researchcyc release that contains the lscom mappings into the cyc ontology</entry></list></p></sec><sec><st>use lscom larger research community</st><p>since its release lscom has begun used successfully visual recognition research apart from research done lscom project participants has been used independent research concept extraction from images<ref ns0:type="simple" ns0:href="#xpointer(//reflist/entry[@id=%228%22])" /><ref ns0:type="simple" ns0:href="#xpointer(//reflist/entry[@id=%229%22])" />and has served the basis for video annotation tool<ref ns0:type="simple" ns0:href="#xpointer(//reflist/entry[@id=%2210%22])" /></p></sec><sec><st>see also</st><p><list><entry level="1" type="bullet"><link ns0:type="simple" ns0:href="../917/11988917.xml">multimedia web ontology language</link><link ns0:type="simple" ns0:href="../917/11988917.xml">mowl</link></entry></list></p></sec><sec><st>references</st><p><reflist><entry id="1">naphade large scale concept ontology for multimedia vace workshop report</entry><entry id="2"><weblink ns0:type="simple" ns0:href="http://nrrc.mitre.org/NRRC/LSCOM%20Overview.ppt|">naphade large scale concept ontology for multimedia understanding ppt presentation published<link ns0:type="simple" ns0:href="../752/458752.xml">mitre</link></weblink></entry><entry id="3"><weblink ns0:type="simple" ns0:href="http://www.ee.columbia.edu/~lyndon/pubs/mm2006-lscom.pdf|">naphade largescale concept ontology for multimedia ieee multimedia vol julyseptember</weblink></entry><entry id="4"><weblink ns0:type="simple" ns0:href="http://www.ee.columbia.edu/~lyndon/pubs/mm2006-lscom.pdf|">naphade largescale concept ontology for multimedia ieee multimedia vol julyseptember</weblink></entry><entry id="5">naphade large scale concept ontology for multimedia vace workshop report</entry><entry id="6"><weblink ns0:type="simple" ns0:href="http://www.ee.columbia.edu/~lyndon/pubs/mm2006-lscom.pdf|">naphade largescale concept ontology for multimedia ieee multimedia vol julyseptember</weblink></entry><entry id="7">naphade large scale concept ontology for multimedia vace workshop report</entry><entry id="8"><weblink ns0:type="simple" ns0:href="http://www.google.com/url?sa=t ct=res cd=1 url=http%3A%2F%2Fwww.few.vu.nl%2F~guus%2Fpapers%2FSnoek07a.pdf ei=A373RfziMaOKjAG8nKzBBg usg=__cdCfgrpN4UHWSnybSrfKt_rI-Bk= sig2=UNjhQ4xlxxTju9pIhuGnxA|">snoek adding semantics detectors for video retrieval forthcoming ieee transactions multimedia</weblink></entry><entry id="9">worring the mediamill largelexicon concept suggestion engine forthcoming proceedings ieee international conference acoustics speech and signal processing honolulu hawaii usa april</entry><entry id="10"><weblink ns0:type="simple" ns0:href="http://www.eurecom.fr/util/publidownload.en.htm?file=/homesdocs/publications/htdocs/mm/arnaem-061206.pdf|">emilie garanaud smeaton and koskela evaluation video annotation tool based the lscom ontology proceedings the first international conference semantics and digital media technology athens greece december</weblink></entry></reflist></p></sec></bdy></article>