<article xmlns:ns0="http://www.w3.org/1999/xlink"><physical_entity confidence="0.8" wordnetid="100001930"><person confidence="0.8" wordnetid="100007846"><model confidence="0.8" wordnetid="110324560"><assistant confidence="0.8" wordnetid="109815790"><worker confidence="0.8" wordnetid="109632518"><causal_agent confidence="0.8" wordnetid="100007347"><header><title>multilevel security</title><id /><revision><id /><timestamp /><contributor><username>bogorm</username><id /></contributor></revision><categories><category>cissp</category><category>computer security models</category></categories></header><bdy>multilevel security also written multilevel security abbreviated mls the application computer system process information with different sensitivities different security levels permit simultaneous access users with different<link ns0:type="simple" ns0:href="../858/252858.xml">security clearance</link>and needstoknow and prevent users from obtaining access information for which they lack authorization<p>mls allows easy access lesssensitive information highercleared individuals and allows highercleared individuals easily share<link ns0:type="simple" ns0:href="../806/2424806.xml">sanitized</link>documents with lesscleared individuals sanitized document one that has been edited remove information that the lesscleared individual not allowed see</p><sec><st>trusted operating systems</st><p>mls<link ns0:type="simple" ns0:href="../797/206797.xml">operating environment</link>often requires highly trustworthy information processing system often built mls operating system but not necessarily most mls functionality can supported system composed entirely from untrusted computers although requires multiple independent computers linked hardware securitycompliant channels see section the trusted network interpretation ncsctg example hardware enforced mls asymmetric isolation<ref ns0:type="simple" ns0:href="#xpointer(//reflist/entry[@id=%221%22])" />single computer being used mls mode then that computer must use trusted operating system because all information mls environment physically accessible the strong logical controls must exist ensure that access information strictly controlled typically this involves<link ns0:type="simple" ns0:href="../900/879900.xml">mandatory access control</link>that uses security labels like the<physical_entity wordnetid="100001930" confidence="0.8"><person wordnetid="100007846" confidence="0.8"><model wordnetid="110324560" confidence="0.8"><assistant wordnetid="109815790" confidence="0.8"><worker wordnetid="109632518" confidence="0.8"><causal_agent wordnetid="100007347" confidence="0.8"><link ns0:type="simple" ns0:href="../866/423866.xml">belllapadula model</link></causal_agent></worker></assistant></model></person></physical_entity>noted earlier</p><p>customers that deploy trusted operating systems typically require that the product complete formal computer security evaluation the evaluation stricter for broader security range which are the lowest and highest classification levels the system can process the<link ns0:type="simple" ns0:href="../300/6687300.xml">tcsec</link>was the first evaluation criteria developed assess mls computer systems under that criteria there was clear uniform mapping see cscstd between the security requirements and the breadth the mls security range historically few implementations have been certified capable mls processing with security range unclassified through top secret among them were<company wordnetid="108058098" confidence="0.9508927676800064"><link ns0:type="simple" ns0:href="../721/225721.xml">honeywell</link></company>scomp<link ns0:type="simple" ns0:href="../090/32090.xml">usaf</link>sacdin<link ns0:type="simple" ns0:href="../939/21939.xml">nsa</link>blacker and<company wordnetid="108058098" confidence="0.9508927676800064"><link ns0:type="simple" ns0:href="../266/18933266.xml">boeing</link></company>mls lan all under tcsec vintage and<chip wordnetid="103020034" confidence="0.8"><artifact wordnetid="100021939" confidence="0.8"><instrumentality wordnetid="103575240" confidence="0.8"><microprocessor wordnetid="103760310" confidence="0.8"><conductor wordnetid="103088707" confidence="0.8"><device wordnetid="103183080" confidence="0.8"><semiconductor_device wordnetid="104171831" confidence="0.8"><link ns0:type="simple" ns0:href="../070/15070.xml">intel</link></semiconductor_device></device></conductor></microprocessor></instrumentality></artifact></chip>based currently mls products are evaluated under the<standard wordnetid="107260623" confidence="0.8"><event wordnetid="100029378" confidence="0.8"><act wordnetid="100030358" confidence="0.8"><psychological_feature wordnetid="100023100" confidence="0.8"><system_of_measurement wordnetid="113577171" confidence="0.8"><procedure wordnetid="101023820" confidence="0.8"><activity wordnetid="100407535" confidence="0.8"><link ns0:type="simple" ns0:href="../625/57625.xml">common criteria</link></activity></procedure></system_of_measurement></psychological_feature></act></event></standard>there are current systems certified for anything approaching that broad security range even though certification under the common criteria less rigid today anything because the common criteria decoupled tcsecs pairing assurance eal level and functionality protection profile the clear uniform mapping between security requirements and mls security range capability documented cscstd has largely been lost when the common criteria superseded the<event wordnetid="100029378" confidence="0.8"><act wordnetid="100030358" confidence="0.8"><psychological_feature wordnetid="100023100" confidence="0.8"><procedure wordnetid="101023820" confidence="0.8"><activity wordnetid="100407535" confidence="0.8"><link ns0:type="simple" ns0:href="../479/2207479.xml">rainbow series</link></activity></procedure></psychological_feature></act></event></p><p>freely available implementations operating systems with limited mls applicability include<idea wordnetid="105833840" confidence="0.8"><concept wordnetid="105835747" confidence="0.8"><property wordnetid="105849040" confidence="0.8"><feature wordnetid="105849789" confidence="0.8"><link ns0:type="simple" ns0:href="../908/55908.xml">securityenhanced linux</link></feature></property></concept></idea>and<link>trustedbsd</link>security evaluation problem for these free mls implementations for three reasons</p><p><list><entry level="1" type="number">always very difficult implement kernel self protection strategy with the precision needed for mls trust and these examples were not certified mls protection profile they may not measure</entry><entry level="1" type="number">aside from eal levels the common criteria lacks inventory appropriate high assurance protection profiles that specify the robustness needed operate mls mode</entry><entry level="1" type="number">even and were met the evaluation process very costly and imposes special restrictions configuration control the evaluated software</entry></list></p><p>vendor certification strategies can misleading laymen and even some certifiers common strategy exploits the laymans overemphasis eal level with overcertification such certifying eal protection profile like capp elevated levels like eal eal another adding and certifying mls support features such rolebased access control protection profile rbacpp and labeled security protection profile lspp kernel that not evaluated mlscapable protection profile those types features are services run the kernel and depend the kernel protect them from corruption and subversion the kernel not evaluated mlscapable protection profile mls features can not trusted regardless how impressive the demonstration looks some examples follow</p><p><company wordnetid="108058098" confidence="0.8"><institution wordnetid="108053576" confidence="0.8"><link ns0:type="simple" ns0:href="../980/26980.xml">sun microsystems</link></institution></company>offers<link ns0:type="simple" ns0:href="../782/866782.xml">solaris trusted extensions</link>integrated feature the commercial<link ns0:type="simple" ns0:href="../145/46145.xml">solaris operating system</link>well<link ns0:type="simple" ns0:href="../658/1178658.xml">opensolaris</link>solaris has been certified under the common criteria eal the controlled access protection profile capp and<link ns0:type="simple" ns0:href="../181/66181.xml">rolebased access control</link>rbac protection profile trusted extensions has been certified eal the labeled security protection profile lspp because these extensions are hosted operating system with capp functionality which assumes users will voluntarily comply with security access controls<ref ns0:type="simple" ns0:href="#xpointer(//reflist/entry[@id=%222%22])" />mandatory access control beyond the capability solaris the labels and roles can not enforced users without their voluntary cooperation the security target includes both desktop and network functionality which not warrant mls capability</p><p><company wordnetid="108058098" confidence="0.9508927676800064"><link ns0:type="simple" ns0:href="../128/200128.xml">bae systems</link></company>offers<O wordnetid="106832680" confidence="0.9508927676800064"><link ns0:type="simple" ns0:href="../230/6061230.xml">xts</link></O>commercial system that supports mls what the vendor claims high assurance early versions were mls capable evidenced their evaluation the tcsec level but more recent versions were evaluated under the common criteria eal the protection profile used capp and lspp both eal protection profile that are not mlscapable discussed above not warrant mls use this product note however that this case the mls capability does not spring from the lower assurance protection profiles themselves but from the security target which contains enriched set security functionality that warrant mls capability</p></sec><sec><st>mls problem areas</st><p><link ns0:type="simple" ns0:href="../806/2424806.xml">sanitization</link>problem area for mls systems systems that implement mls restrictions like those defined<link ns0:type="simple" ns0:href="../866/423866.xml">belllapadula</link>only allow sharing when does not obviously violate security restrictions users with lower clearances can easily share their work with users holding higher clearances but not vice versa there efficient reliable mechanism which top secret user can edit top secret file remove all top secret information and then deliver users with secret lower clearances practice mls systems circumvent this problem via privileged functions that allow trustworthy user bypass the mls mechanism and change files security classification however the technique<link ns0:type="simple" ns0:href="../806/2424806.xml">not reliable</link></p><p><accomplishment wordnetid="100035189" confidence="0.8"><event wordnetid="100029378" confidence="0.8"><action wordnetid="100037396" confidence="0.8"><act wordnetid="100030358" confidence="0.8"><psychological_feature wordnetid="100023100" confidence="0.8"><feat wordnetid="100036762" confidence="0.8"><link ns0:type="simple" ns0:href="../907/174907.xml">covert channel</link></feat></psychological_feature></act></action></event></accomplishment>pose another problem for mls systems for mls system keep secrets perfectly there must possible way for top secret process transmit signals any kind secret lower process this includes side effects such changes available memory disk space changes process timing when process exploits such side effect transmit data exploiting covert channel extremely difficult close all covert channels practical computing system and may impossible practice the process identifying all covert channels challenging one itself most commercially available mls systems not attempt close all covert channels even though this makes impractical use them high security applications</p><p><link ns0:type="simple" ns0:href="../827/40827.xml">bypass</link>problematic when introduced means treat system high object were mls trusted common example extract data from secret system high object sent unclassified destination citing some property the data trusted evidence that really unclassified strict format system high system can not trusted preserve any trusted evidence and the result that overt data path opened with logical way securely mediate bypass can risky because unlike narrow bandwidth covert channels that are difficult exploit bypass can present large easily exploitable overt leak the system bypass often arises out failure use trusted operating environments maintain continuous separation security domains all the way back their origin when that origin lies outside the system boundary may not possible validate the trusted separation the origin that case the risk bypass can unavoidable the flow truly essential</p><p>common example unavoidable bypass subject system that required accept secret packets from untrusted source encrypt the secret userdata and not the header and deposit the result untrusted network the source lies outside the sphere influence the subject system although the source untrusted system high being trusted were mls because provides packets that have unclassified headers and secret plaintext userdata mls data construct since the source untrusted could corrupt and place secrets the unclassified packet header the corrupted packet headers could nonsense but impossible for the subject system determine that with any reasonable reliability the packet userdata cryptographically well protected but the packet header can contain readable secrets the corrupted packets are passed untrusted network the subject system they may not routable but some cooperating corrupt process the network could grab the packets and acknowledge them and the subject system may not detect the leak this can large overt leak that hard detect viewing classified packets with unclassified headers system high structures instead the mls structures they really are presents very common but serious threat</p><p>most bypass avoidable avoidable bypass often results when system architects design system before correctly considering security then attempt apply security after the fact addon functions that situation bypass appears the only easy way make the system work some pseudosecure schemes are proposed and approved that examine the contents the bypassed data vain attempt establish that bypassed data contains secrets this not possible without trusting something about the data such its format which contrary the assumption that the source not trusted preserve any characteristics the source data assured secure bypass myth just socalled<link ns0:type="simple" ns0:href="../544/6800544.xml">high assurance guard</link>hag that transparently implements bypass the risk these introduce has long been acknowledged extant solutions are ultimately procedural rather than technical there way know with certainty how much classified information taken from our systems exploitation bypass</p></sec><sec><st>there such thing mls</st><p>unfortunately this false statement may the most common use the term mls today with the decline<ref ns0:type="simple" ns0:href="#xpointer(//reflist/entry[@id=%223%22])" /><link ns0:type="simple" ns0:href="../398/7398.xml">compusec</link>experts more laymen who are not compusecastute are designing secure computing systems and are mistakenly drawing this conclusion because the term mls being<message wordnetid="106598915" confidence="0.8"><subject wordnetid="106599788" confidence="0.8"><link ns0:type="simple" ns0:href="../708/1658708.xml">overloaded</link></subject></message>these two uses are mls processing environment with mls capability the false conclusion based belief that since products are certified operate mls environment mode that the mls capability does not exist one does not imply the other many systems operate environment containing data that has unequal security levels and therefore mls the computer security intermediate value theorem csivt<weblink ns0:type="simple" ns0:href="http://www.selfless-security.org/papers/addendum.php#ivt" />the consequence this confusion runs deeper laymen often conclude that admit that system operates mls environment environmentcentric meaning mls backed into the perceived corner having problem with mls solution capabilitycentric meaning mls mls deceptively complex and just because simple solutions are not obvious does not justify conclusion that they not exist this can lead crippling ignorance about compusec that manifests itself whispers that one can not talk about mls and theres such thing mls these mlsdenial schemes change rapidly that they can not addressed instead important clarify the distinction between mlsenvironment and mlscapable</p><p><list><entry level="1" type="bullet">mls security environment<link ns0:type="simple" ns0:href="../546/3024546.xml">security mode</link>community whose users have differing security clearances may perceive mls datasharing capability users can share information with recipients whose clearance allows receipt that information system operating mls mode when has could have connectivity destination that cleared lower security level than any the data the mls system contains this formalized the csivt determination security mode system depends entirely the systems security environment the classification data contains the clearance those who can get direct indirect access the system its outputs signals and the systems connectivity and ports other systems security mode independent capabilities although system should not operated mode for which not worthy trust</entry></list></p><p><list><entry level="1" type="bullet">mls capability developers products systems intended allow mls data sharing tend loosely perceive terms capability enforce datasharing restrictions security policy like mechanisms that enforce the<physical_entity wordnetid="100001930" confidence="0.8"><person wordnetid="100007846" confidence="0.8"><model wordnetid="110324560" confidence="0.8"><assistant wordnetid="109815790" confidence="0.8"><worker wordnetid="109632518" confidence="0.8"><causal_agent wordnetid="100007347" confidence="0.8"><link ns0:type="simple" ns0:href="../866/423866.xml">belllapadula model</link></causal_agent></worker></assistant></model></person></physical_entity>system mlscapable can shown robustly implement security policy</entry></list></p><p>the original use the term mls applied the security environment mode one solution this confusion retain the original definition mls and specific about mlscapable when that context used</p></sec><sec><st>mils architecture</st><p>mils multiple independent levels security architecture that addresses the domain separation component mls security models such the<link ns0:type="simple" ns0:href="../924/664924.xml">biba model</link>for integrity and the<physical_entity wordnetid="100001930" confidence="0.8"><person wordnetid="100007846" confidence="0.8"><model wordnetid="110324560" confidence="0.8"><assistant wordnetid="109815790" confidence="0.8"><worker wordnetid="109632518" confidence="0.8"><causal_agent wordnetid="100007347" confidence="0.8"><link ns0:type="simple" ns0:href="../866/423866.xml">belllapadula model</link></causal_agent></worker></assistant></model></person></physical_entity>for confidentiality allow oneway flow between certain security domains that are otherwise assumed isolated mils addresses the isolation underlying mls without addressing the controlled interaction between the domains addressed the above models trusted securitycompliant channels mentioned above can link mils domains support more mls functionality</p><p>the mils approach pursues strategy characterized older term msl multiple single level that isolates each level information within its own singlelevel environment<link ns0:type="simple" ns0:href="../546/3024546.xml">system high</link></p><p>the rigid process communication and isolation offered mils may more useful ultra high reliability software applications than mls mils notably does not address the hierarchical structure that embodied the notion security levels such mils might well called multiple independent domains security mls mils would require complex structure trusted and certified applications emulate mls operating environment for other applications declining directly address interaction among levels implied this hierarchical structure mils simpler implement but also lacks the richness and flexibility expected practical mls applications</p></sec><sec><st>msl systems</st><p>there another way solving such problems known<physical_entity wordnetid="100001930" confidence="0.8"><person wordnetid="100007846" confidence="0.8"><model wordnetid="110324560" confidence="0.8"><assistant wordnetid="109815790" confidence="0.8"><worker wordnetid="109632518" confidence="0.8"><causal_agent wordnetid="100007347" confidence="0.8"><link ns0:type="simple" ns0:href="../501/4460501.xml">multiple singlelevel</link></causal_agent></worker></assistant></model></person></physical_entity>each security level isolated separate untrusted domain the absence medium communication between the domains assures interaction possible the mechanism for this isolation usually physical separation separate computers this often used support applications oss which have possibility supporting mls such windows and solaris</p></sec><sec><st>see also</st><p><list><entry level="1" type="bullet"><physical_entity wordnetid="100001930" confidence="0.8"><person wordnetid="100007846" confidence="0.8"><model wordnetid="110324560" confidence="0.8"><assistant wordnetid="109815790" confidence="0.8"><worker wordnetid="109632518" confidence="0.8"><causal_agent wordnetid="100007347" confidence="0.8"><link ns0:type="simple" ns0:href="../866/423866.xml">belllapadula model</link></causal_agent></worker></assistant></model></person></physical_entity></entry><entry level="1" type="bullet"><link ns0:type="simple" ns0:href="../900/879900.xml">mandatory access control</link>mac</entry><entry level="1" type="bullet"><link ns0:type="simple" ns0:href="../518/881518.xml">discretionary access control</link>dac</entry><entry level="1" type="bullet"><physical_entity wordnetid="100001930" confidence="0.8"><person wordnetid="100007846" confidence="0.8"><model wordnetid="110324560" confidence="0.8"><assistant wordnetid="109815790" confidence="0.8"><worker wordnetid="109632518" confidence="0.8"><causal_agent wordnetid="100007347" confidence="0.8"><link ns0:type="simple" ns0:href="../181/66181.xml">rolebased access control</link></causal_agent></worker></assistant></model></person></physical_entity>rbac</entry><entry level="1" type="bullet"><link ns0:type="simple" ns0:href="../924/664924.xml">biba integrity model</link></entry><entry level="1" type="bullet"><link ns0:type="simple" ns0:href="../744/4992744.xml">takegrant model</link></entry><entry level="1" type="bullet"><link ns0:type="simple" ns0:href="../274/2035274.xml">the clarkwilson integrity model</link></entry><entry level="1" type="bullet"><link ns0:type="simple" ns0:href="../416/3024416.xml">grahamdenning model</link></entry><entry level="1" type="bullet"><link ns0:type="simple" ns0:href="../546/3024546.xml">security modes operation</link></entry><entry level="1" type="bullet"><event wordnetid="100029378" confidence="0.8"><act wordnetid="100030358" confidence="0.8"><psychological_feature wordnetid="100023100" confidence="0.8"><procedure wordnetid="101023820" confidence="0.8"><activity wordnetid="100407535" confidence="0.8"><link ns0:type="simple" ns0:href="../164/7667164.xml">system high mode</link></activity></procedure></psychological_feature></act></event></entry><entry level="1" type="bullet"><link ns0:type="simple" ns0:href="../429/3782429.xml">multi categories security abbreviated mcs</link></entry><entry level="1" type="bullet"><link ns0:type="simple" ns0:href="../758/11393758.xml">noninterference model</link></entry><entry level="1" type="bullet"><link ns0:type="simple" ns0:href="../967/47967.xml#xpointer(//*[./st=%22Multifactor+authentication%22])">multifactor authentication</link></entry><entry level="1" type="bullet"><weblink ns0:type="simple" ns0:href="http://www.afcea.org/wiki/index.php?title=Trusted_Computing_Base">trustifier tcb overview</weblink></entry></list></p></sec><sec><st>references</st><p><reflist><entry id="1">davidson<weblink ns0:type="simple" ns0:href="http://ieeexplore.ieee.org/search/wrapper.jsp?arnumber=569668">asymmetric isolation</weblink></entry><entry id="2">information systems security organization<weblink ns0:type="simple" ns0:href="http://www.commoncriteriaportal.org/files/ppfiles/capp.pdf">controlled access protection profile</weblink>national security agency</entry><entry id="3"><weblink ns0:type="simple" ns0:href="http://www.selfless-security.org/papers/addendum.php">looking back addendum</weblink></entry></reflist></p></sec><sec><st>further reading</st><p><list><entry level="1" type="bullet"><cite style="font-style:normal">lampson<weblink ns0:type="simple" ns0:href="http://research.microsoft.com/Lampson/11-Confinement/Abstract.html">note the confinement problem</weblink>communications the acm<document wordnetid="106470073" confidence="0.8"><written_communication wordnetid="106349220" confidence="0.8"><writing wordnetid="106362953" confidence="0.8"><link ns0:type="simple" ns0:href="../994/422994.xml">doi</link></writing></written_communication></document><weblink ns0:type="simple" ns0:href="http://dx.doi.org/10.1145%2F362375.362389" /></cite></entry><entry level="1" type="bullet">ncsc trusted computer system evaluation criteria national computer security center aka the<link ns0:type="simple" ns0:href="../300/6687300.xml">tcsec</link>orange book</entry><entry level="1" type="bullet">ncsc trusted network interpretation national computer security center aka the<link ns0:type="simple" ns0:href="../485/482485.xml">tni</link>red book<weblink ns0:type="simple" ns0:href="http://csrc.nist.gov/secpubs/rainbow/tg005.txt" /></entry><entry level="1" type="bullet"><cite id="CITEREFSmith2005">smith richard<weblink ns0:type="simple" ns0:href="http://www.cs.stthomas.edu/faculty/resmith/r/mls/index.html">chapter multilevel security</weblink>written new york hossein bidgoli handbook information security volume threats vulnerabilities prevention detection and management john wiley retrieved<link ns0:type="simple" ns0:href="../684/19684.xml">may</link><link ns0:type="simple" ns0:href="../164/36164.xml" /></cite>isbn</entry><entry level="1" type="bullet">patel collins vanfleet calloni wilding maclearn luke november<weblink ns0:type="simple" ns0:href="http://www.omg.org/docs/security/02-11-02.pdf#search='MSL%20multisecurity%20level'">deeply embedded high assurance multiple independent levels securitysafety mils architecture</weblink>center for research economic development and policy reform retrieved<link /></entry><entry level="1" type="bullet">loscocco smalley muckelbauer taylor turner and farrell<weblink ns0:type="simple" ns0:href="http://www.jya.com/paperF1.htm">the inevitability failure the flawed assumption security modern computing environments</weblink>proceedings the national information systems security conference pages oct<weblink ns0:type="simple" ns0:href="http://csrc.nist.gov/nissc/1998/proceedings/paperF1.pdf" /></entry></list></p></sec></bdy></causal_agent></worker></assistant></model></person></physical_entity></article>