<article xmlns:ns0="http://www.w3.org/1999/xlink"><system confidence="0.9511911446218017" wordnetid="104377057"><header><title>expert system</title><id /><revision><id /><timestamp /><contributor><username>sardanaphalus</username><id /></contributor></revision><categories><category>intelligence</category><category>expert systems</category><category>decision theory</category><category>information systems</category></categories></header><bdy>expert system<link ns0:type="simple" ns0:href="../309/5309.xml">software</link>that attempts reproduce the performance one more human<link ns0:type="simple" ns0:href="../892/9892.xml">expert</link>most commonly specific<link ns0:type="simple" ns0:href="../733/1705733.xml">problem domain</link>and traditional application andor subfield<link ns0:type="simple" ns0:href="../164/1164.xml">artificial intelligence</link>wide variety methods can used simulate the performance the expert however common most all are the creation socalled<link ns0:type="simple" ns0:href="../497/239497.xml">knowledgebase</link>which uses some<link ns0:type="simple" ns0:href="../920/16920.xml">knowledge representation</link>formalism capture the subject matter experts sme knowledge and process gathering that knowledge from the sme and codifying according the formalism which called<link ns0:type="simple" ns0:href="../499/458499.xml">knowledge engineering</link>expert systems may may not have learning components but third common element that once the system developed proven being placed the same real world problem solving situation the human sme typically aid human workers supplement some information system<p>premiere application computing and artificial intelligence the topic expert systems has many points contact with general<link ns0:type="simple" ns0:href="../238/29238.xml">systems theory</link><link ns0:type="simple" ns0:href="../476/43476.xml">operations research</link><link ns0:type="simple" ns0:href="../840/1638840.xml">business process reengineering</link>and various topics<link ns0:type="simple" ns0:href="../988/18950988.xml">applied mathematics</link>and<link ns0:type="simple" ns0:href="../200/20200.xml">management science</link></p><p>two illustrations actual expert systems can give idea how they work one real world case chemical refinery senior employee was about retire and the company was concerned that the loss his expertise managing fractionating tower would severely impact operations the plant knowledge engineer was assigned produce expert system reproducing his expertise saving the company the loss the valued knowledge asset similarly system called<system wordnetid="104377057" confidence="0.8"><artifact wordnetid="100021939" confidence="0.8"><instrumentality wordnetid="103575240" confidence="0.8"><link ns0:type="simple" ns0:href="../929/649929.xml">mycin</link></instrumentality></artifact></system>was developed from the expertise best diagnosticians bacterial infections whose performance was found good better than the average clinician early commercial success and illustration another typical application task generally considered overly complex for human was expert system fielded dec the quality check the configurations their computers prior delivery the eighties were the time greatest popularity expert systems and interest lagged after the onset the<link ns0:type="simple" ns0:href="../574/3548574.xml">winter</link></p><sec><st>overview</st><p>the most common form expert system<link ns0:type="simple" ns0:href="../853/1867853.xml">computer program</link>with set<idea wordnetid="105833840" confidence="0.8"><concept wordnetid="105835747" confidence="0.8"><rule wordnetid="105846054" confidence="0.8"><link ns0:type="simple" ns0:href="../311/252311.xml">rule</link></rule></concept></idea>that analyzes information usually supplied the user the system about specific class problems and recommends one more courses user action the expert system may also provide<link ns0:type="simple" ns0:href="../396/48396.xml">mathematical analysis</link>the problems the expert system utilizes what appears reasoning capabilities reach conclusions</p><p>related term<link ns0:type="simple" ns0:href="../833/624833.xml">wizard</link>wizard interactive computer program that helps user solve problem originally the term wizard was used for programs that construct<link ns0:type="simple" ns0:href="../377/8377.xml">database</link>search query based criteria supplied the user however some rulebased expert systems are also called wizards other wizards are sequence online forms that guide users through series choices such the ones which manage the installation new software computers and these are not expert systems</p><ss1><st>prominent expert systems and languages</st><p><list><entry level="1" type="bullet"><link>art</link>early generalpurpose programming language used the development expert systems</entry><entry level="1" type="bullet"><system wordnetid="104377057" confidence="0.8"><artifact wordnetid="100021939" confidence="0.8"><instrumentality wordnetid="103575240" confidence="0.8"><link ns0:type="simple" ns0:href="../474/3974474.xml">caduceus expert system</link></instrumentality></artifact></system>bloodborne infectious bacteria</entry><entry level="1" type="bullet"><link ns0:type="simple" ns0:href="../603/418603.xml">clips</link>programming language used the development expert systems</entry><entry level="1" type="bullet"><link ns0:type="simple" ns0:href="../365/10706365.xml">drools</link>open source offering from jboss labs</entry><entry level="1" type="bullet"><system wordnetid="104377057" confidence="0.8"><artifact wordnetid="100021939" confidence="0.8"><instrumentality wordnetid="103575240" confidence="0.8"><link ns0:type="simple" ns0:href="../912/557912.xml">dendral</link></instrumentality></artifact></system>analysis mass spectra</entry><entry level="1" type="bullet"><link ns0:type="simple" ns0:href="../814/3971814.xml">dipmeter advisor</link>analysis data gathered during oil exploration</entry><entry level="1" type="bullet"><system wordnetid="104377057" confidence="0.8"><artifact wordnetid="100021939" confidence="0.8"><instrumentality wordnetid="103575240" confidence="0.8"><engine wordnetid="103287733" confidence="0.8"><motor wordnetid="103789946" confidence="0.8"><device wordnetid="103183080" confidence="0.8"><machine wordnetid="103699975" confidence="0.8"><link ns0:type="simple" ns0:href="../091/37091.xml">jess</link></machine></device></motor></engine></instrumentality></artifact></system>java expert system shell clips engine implemented<message wordnetid="106598915" confidence="0.8"><request wordnetid="106513366" confidence="0.8"><link ns0:type="simple" ns0:href="../881/15881.xml">java</link></request></message>used the development expert systems</entry><entry level="1" type="bullet"><link ns0:type="simple" ns0:href="../431/16567431.xml">knowledgebench</link>expert system for building new product development applications</entry><entry level="1" type="bullet"><link ns0:type="simple" ns0:href="../386/4510386.xml">knowledge engineering environment</link><system wordnetid="104377057" confidence="0.8"><artifact wordnetid="100021939" confidence="0.8"><instrumentality wordnetid="103575240" confidence="0.8"><link ns0:type="simple" ns0:href="../929/649929.xml">emycin</link></instrumentality></artifact></system>derivative that implemented<link ns0:type="simple" ns0:href="../986/849986.xml">atms</link></entry><entry level="1" type="bullet"><link>mql</link>metaquotes language customized language for financial strategy programming</entry><entry level="1" type="bullet"><system wordnetid="104377057" confidence="0.8"><artifact wordnetid="100021939" confidence="0.8"><instrumentality wordnetid="103575240" confidence="0.8"><link ns0:type="simple" ns0:href="../929/649929.xml">mycin</link></instrumentality></artifact></system>diagnose infectious blood diseases and recommend antibiotics<university wordnetid="108286163" confidence="0.9508927676800064"><link ns0:type="simple" ns0:href="../977/26977.xml">stanford university</link></university></entry><entry level="1" type="bullet"><software wordnetid="106566077" confidence="0.9508927676800064"><link ns0:type="simple" ns0:href="../624/17417624.xml">netexpert</link></software>missioncritical<link ns0:type="simple" ns0:href="../261/9520261.xml">operational support systems</link>framework with rules policies object modeling and adapters for<link ns0:type="simple" ns0:href="../983/883983.xml">network operations center</link>automation</entry><entry level="1" type="bullet"><link>nexpert object</link>early generalpurpose commercial backwardschaining inference engine used the development expert systems</entry><entry level="1" type="bullet"><link ns0:type="simple" ns0:href="../485/23485.xml">prolog</link>programming language used the development expert systems</entry><entry level="1" type="bullet"><link ns0:type="simple" ns0:href="../012/11012.xml">forth</link>programming language used the development expert systems</entry><entry level="1" type="bullet"><system wordnetid="104377057" confidence="0.8"><artifact wordnetid="100021939" confidence="0.8"><instrumentality wordnetid="103575240" confidence="0.8"><link ns0:type="simple" ns0:href="../557/3234557.xml">rxcon</link></instrumentality></artifact></system>order processing</entry><entry level="1" type="bullet"><system wordnetid="104377057" confidence="0.8"><artifact wordnetid="100021939" confidence="0.8"><instrumentality wordnetid="103575240" confidence="0.8"><link ns0:type="simple" ns0:href="../797/16883797.xml">shine realtime expert system</link></instrumentality></artifact></system>spacecraft health inference engine</entry><entry level="1" type="bullet"><system wordnetid="104377057" confidence="0.8"><artifact wordnetid="100021939" confidence="0.8"><instrumentality wordnetid="103575240" confidence="0.8"><link ns0:type="simple" ns0:href="../583/14137583.xml">std wizard</link></instrumentality></artifact></system>expert system for recommending medical screening tests</entry><entry level="1" type="bullet"><link>pyke</link>pyke knowledgebased inference engine expert system</entry></list></p></ss1></sec><sec><st>the study expert systems</st><ss1><st>knowledge representation</st><p><indent level="1">main article<link ns0:type="simple" ns0:href="../920/16920.xml">knowledge representation</link></indent>knowledge representation issue that arises both<link ns0:type="simple" ns0:href="../626/5626.xml">cognitive science</link>and<link ns0:type="simple" ns0:href="../164/1164.xml">artificial intelligence</link>cognitive science concerned with how people store and process information artificial intelligence the primary aim store knowledge that programs can process and achieve the verisimilitude human intelligence researchers have borrowed representation theories from cognitive science thus there are representation techniques such frames rules and semantic networks which have originated from theories human information processing since knowledge used achieve intelligent behavior the fundamental goal knowledge representation represent knowledge manner facilitate inferencing drawing conclusions from knowledge</p></ss1><ss1><st>knowledge engineer</st><p><indent level="1">main article<link ns0:type="simple" ns0:href="../337/1904337.xml">knowledge engineers</link></indent>knowledge engineers are concerned with the<link ns0:type="simple" ns0:href="../920/16920.xml">representation</link>chosen for the experts knowledge declarations and with the<link ns0:type="simple" ns0:href="../609/418609.xml">inference engine</link>used process that knowledge she can use the knowledge acquisition component the expert system input the several characteristics known appropriate good inference technique including</p><p><list><entry level="1" type="bullet">good inference technique independent the problem domain</entry><entry level="1" type="bullet">order realize the benefits<link ns0:type="simple" ns0:href="../186/216186.xml">explanation</link><link>knowledge transparency</link>and<link ns0:type="simple" ns0:href="../547/346547.xml">reusability</link>the programs new problem domain the inference engine must not contain domain specific expertise</entry><entry level="1" type="bullet">inference techniques may specific particular<link ns0:type="simple" ns0:href="../110/314110.xml">task</link>such<link ns0:type="simple" ns0:href="../233/5837233.xml">diagnosis</link><link>hardware configuration</link>other techniques may committed only particular<link>processing technique</link></entry><entry level="1" type="bullet">inference techniques are always specific the knowledge structures</entry><entry level="1" type="bullet">successful examples rule processing techniques are<link ns0:type="simple" ns0:href="../962/568962.xml">forward chaining</link>and<link ns0:type="simple" ns0:href="../967/568967.xml">backward chaining</link></entry></list></p></ss1></sec><sec><st>expert systems topics</st><ss1><st>chaining</st><p>there are two main methods reasoning when using inference rules backward chaining and forward chaining</p><p><system wordnetid="104377057" confidence="0.8"><artifact wordnetid="100021939" confidence="0.8"><instrumentality wordnetid="103575240" confidence="0.8"><link ns0:type="simple" ns0:href="../962/568962.xml">forward chaining</link></instrumentality></artifact></system>starts with the data available and uses the inference rules conclude more data until desired<link ns0:type="simple" ns0:href="../094/14850094.xml">goal</link>reached inference engine using forward chaining searches the inference rules until finds one which the ifclause known<link ns0:type="simple" ns0:href="../711/161711.xml">true</link>then concludes the thenclause and adds this information its<link ns0:type="simple" ns0:href="../040/18985040.xml">data</link>would continue this until goal reached because the data available determines which inference rules are used this method also called data driven</p><p><system wordnetid="104377057" confidence="0.8"><artifact wordnetid="100021939" confidence="0.8"><instrumentality wordnetid="103575240" confidence="0.8"><link ns0:type="simple" ns0:href="../967/568967.xml">backward chaining</link></instrumentality></artifact></system>starts with list goals and works backwards see there data which will allow conclude any these goals inference engine using backward chaining would search the inference rules until finds one which has thenclause that matches desired goal the ifclause that inference rule not known true then added the list goals for example suppose rulebase contains two rules</p><p><indent level="1">fritz green then fritz frog</indent><indent level="1">fritz frog then fritz hops</indent>suppose goal conclude that fritz hopsthe rulebase would searched and rule would selected because its conclusion the then clause matches the goal not known that fritz frog this statement added the goal list the rulebase again searched and this time rule selected because its then clause matches the new goal just added the list this time the ifclause fritz green known true and the goal that fritz hops concluded because the list goals determines which rules are selected and used this method called goal driven</p></ss1><ss1><st>certainty factors</st><p>one advantage expert systems over traditional methods programming that they allow the use confidences certainty factors when human reasons does not always conclude things with confidence might say fritz green then probably frog after all might chameleon this type reasoning can imitated using numeric values called confidences for example known that fritz green might concluded with confidence that frog known that frog might concluded with confidence that hops these numbers are similar nature<link ns0:type="simple" ns0:href="../934/22934.xml">probabilities</link>but they are not the same they are meant imitate the confidences humans use reasoning rather than follow the mathematical definitions used calculating probabilities</p></ss1><ss1><st>expert system architecture</st><p>the following general points about expert systems and their architecture have been illustrated</p><p><indent level="1">the sequence steps taken reach conclusion dynamically synthesized with each new case not explicitly programmed when the system built</indent><indent level="1">expert systems can process multiple values for any problem parameter this permits more than one line reasoning pursued and the results incomplete not fully determined reasoning presented</indent><indent level="1"><link ns0:type="simple" ns0:href="../948/1467948.xml">problem solving</link>accomplished applying specific knowledge rather than specific technique this key idea expert systems technology reflects the belief that human experts not process their knowledge differently from others but they possess different knowledge with this philosophy when one finds that their expert system does not produce the desired results work begins expand the knowledge base not reprogram the<link ns0:type="simple" ns0:href="../775/775.xml">procedure</link></indent>there are various expert systems which rulebase and inference engine cooperate simulate the reasoning process that human expert pursues analyzing problem and arriving conclusion these systems order simulate the human reasoning process vast amount knowledge needed stored the knowledge base generally the knowledge base such expert system consisted relatively large number then type statements that were interrelated manner that theory least resembled the sequence mental steps that were involved the human reasoning process</p><p>because the need for large storage capacities and related programs store the rulebase most expert systems have the past been run only large information handling systems recently the storage capacity personal computers has increased point where becoming possible consider running some types simple expert systems<link ns0:type="simple" ns0:href="../137/18457137.xml">personal computer</link></p><p>some<link ns0:type="simple" ns0:href="../746/454746.xml">applications</link>expert systems the nature the application and the amount stored information necessary simulate the<link>human reasoning process</link>for that application just too vast store the active<link ns0:type="simple" ns0:href="../300/5300.xml">memory</link><link ns0:type="simple" ns0:href="../457/7878457.xml">computer</link>other applications expert systems the nature the application such that not all the information always needed the reasoning process example this latter type application would the use expert system diagnose data processing system comprising many separate components some which are optional when that type expert system employs single integrated rulebase diagnose the minimum system configuration the data processing system much the rulebase not required since many the components which are optional units the system will not present the system nevertheless earlier expert systems require the entire rulebase stored since all the rules were effect chained linked together the structure the rulebase</p><p>when the rulebase segmented preferably into contextual segments units then possible eliminate portions the rulebase containing data knowledge that not needed particular application the segmenting the rulebase also allows the expert system run with systems systems having much smaller memory capacities than was possible with earlier arrangements since each segment the rulebase can paged into and out the system needed the segmenting the rulebase into contextual segments requires that the expert system manage various intersegment relationships segments are paged into and out memory during execution the program since the system permits rulebase segment called and executed any time during the processing the first rulebase provision must made store the data that has been accumulated that point that some time later the process when the system returns the first segment can proceed from the last point rule node that was processed also provision must made that data that has been collected the system that point can passed the second segment the rulebase after has been paged into the system and data collected during the processing the second segment can passed the first segment when the system returns complete processing that segment</p><p>the<link ns0:type="simple" ns0:href="../249/45249.xml">user interface</link>and the<link>procedure interface</link>are two important functions the<link>information collection process</link></p></ss1><ss1><st>end user</st><p>the enduser usually sees expert system through<link>interactive dialog</link>example which follows</p><p><indent level="1">you know which restaurant you want</indent></p><p><indent level="1">there any kind food you would particularly like</indent></p><p><indent level="1">you like spicy food</indent></p><p><indent level="1">you usually drink wine with meals</indent>yes</p><p><indent level="1">when you drink wine french wine</indent>why</p><p>can seen from this<link ns0:type="simple" ns0:href="../594/170594.xml">dialog</link>the system leading the user through set<link ns0:type="simple" ns0:href="../038/502038.xml">question</link>the purpose which determine suitable set restaurants recommend this dialog begins with the system asking the user already knows the restaurant choice common feature expert systems and immediately illustrates characteristic expert systems users may choose not respond any question expert systems dialogs are not preplanned there fixed<link ns0:type="simple" ns0:href="../459/45459.xml">control structure</link>dialogs are synthesized from the current information and the<link ns0:type="simple" ns0:href="../094/426094.xml">content</link>the knowledge base because this not being able supply the answer particular question does not stop the consultation</p></ss1><ss1><st>explanation system</st><p>another major distinction between expert systems and traditional systems illustrated the following answer given the system when the user answers question with another question why occurred the above example the answer</p><p><indent level="1">trying determine the type restaurant suggest far chinese not likely choice possible that french likely choice know that the diner wine drinker and the preferred wine french then there strong evidence that the restaurant choice should include french</indent>very difficult implement general<link>explanation system</link>answering questions like why and how traditional computer program expert system can generate explanation retracing the steps its reasoning the response the expert system the question why exposure the underlying<link>knowledge structure</link>rule set<link ns0:type="simple" ns0:href="../141/2012141.xml">antecedent condition</link>which true allow the<link ns0:type="simple" ns0:href="../355/252355.xml">assertion</link><link ns0:type="simple" ns0:href="../778/804778.xml">consequent</link>the rule references values and tests them against various<link ns0:type="simple" ns0:href="../360/206360.xml">constraint</link>asserts constraints onto them this fact significant part the knowledge structure there are values which may associated with some organizing<link ns0:type="simple" ns0:href="../176/42176.xml">entity</link>for example the individual diner entity with various attributes values including whether they drink wine and the kind wine there are also rules which associate the currently known<information wordnetid="105816287" confidence="0.8"><datum wordnetid="105816622" confidence="0.8"><link ns0:type="simple" ns0:href="../331/338331.xml">value</link></datum></information>some<link ns0:type="simple" ns0:href="../738/40738.xml">attribute</link>with assertions that can made about other attributes the orderly processing these rules that dictates the dialog itself</p></ss1><ss1><st>expert systems versus problemsolving systems</st><p>the principal distinction between expert systems and traditional<link ns0:type="simple" ns0:href="../948/1467948.xml">problem solving</link>programs the way which the problem related expertise coded traditional applications problem expertise encoded both program and data structures</p><p>the expert system approach all the problem related expertise encoded<link ns0:type="simple" ns0:href="../519/8519.xml">data structure</link>only none programs this organization has several benefits</p><p>example may help contrast the traditional problem solving program with the expert system approach the example the problem tax advice the traditional approach data structures describe the taxpayer and tax tables and program which there are statements representing expert tax consultants knowledge such statements which relate information about the taxpayer tax table choices this representation the tax experts knowledge that difficult for the tax expert understand modify</p><p>the expert system approach the information about taxpayers and tax computations again found data structures but now the knowledge describing the relationships between them encoded data structures well the programs expert system are independent the<link ns0:type="simple" ns0:href="../733/1705733.xml">problem domain</link>taxes and serve process the data structures without regard the nature the problem area they describe for example there are programs acquire the described data values through<link ns0:type="simple" ns0:href="../528/644528.xml">user interaction</link>programs represent and process special organizations description and programs process the<link ns0:type="simple" ns0:href="../406/4329406.xml">declaration</link>that represent semantic relationships within the problem domain and<link ns0:type="simple" ns0:href="../775/775.xml">algorithm</link>control the processing sequence and focus</p><p>the general<link ns0:type="simple" ns0:href="../378/903378.xml">architecture</link>expert system involves two principal components problem dependent set<link>data declaration</link>called the knowledge base<link ns0:type="simple" ns0:href="../961/12162961.xml">rule base</link>and problem independent although highly data structure dependent program which called the<link ns0:type="simple" ns0:href="../609/418609.xml">inference engine</link></p></ss1><ss1><st>individuals involved with expert systems</st><p>there are generally three individuals having interaction with expert systems primary among these the<link ns0:type="simple" ns0:href="../759/127759.xml">enduser</link>the individual who uses the system for its problem solving assistance the building and maintenance the system there are two other roles the<link ns0:type="simple" ns0:href="../773/1402773.xml">problem domain expert</link>who builds and supplies the knowledge base providing the domain expertise and<link ns0:type="simple" ns0:href="../337/1904337.xml">knowledge engineer</link>who assists the experts determining the<link ns0:type="simple" ns0:href="../920/16920.xml">representation</link>their knowledge enters this knowledge into<link ns0:type="simple" ns0:href="../645/5581645.xml">explanation module</link>and who defines the<link ns0:type="simple" ns0:href="../465/317465.xml">inference technique</link>required obtain useful problem solving activity usually the<link ns0:type="simple" ns0:href="../337/1904337.xml">knowledge engineer</link>will represent the problem solving activity the form rules which referred<link ns0:type="simple" ns0:href="../de)/17927_(Z$I$P$_code).xml">rulebased</link>expert system when these rules are created from the domain expertise the knowledge base stores the rules the expert system</p></ss1><ss1><st>inference rule</st><p>understanding the<link ns0:type="simple" ns0:href="../311/252311.xml">inference rule</link>concept important understand expert systems inference rule<link ns0:type="simple" ns0:href="../746/41746.xml">statement</link>that has two parts<link>ifclause</link>and<link>thenclause</link>this rule what gives expert systems the ability find solutions diagnostic and<link ns0:type="simple" ns0:href="../136/229136.xml">prescriptive</link>problems example inference rule</p><p><indent level="1">the restaurant choice includes french and the occasion romantic</indent><indent level="1">then the restaurant choice definitely<chef wordnetid="109963574" confidence="0.9508927676800064"><link ns0:type="simple" ns0:href="../127/857127.xml">paul bocuse</link></chef></indent>expert systems rulebase made many such inference rules they are entered separate rules and the inference engine that uses them together draw<link ns0:type="simple" ns0:href="../907/307907.xml">conclusion</link>because each rule unit rules may deleted added without affecting other rules though should affect which conclusions are reached one advantage inference rules over traditional programming that inference rules use<link ns0:type="simple" ns0:href="../755/89755.xml">reasoning</link>which more closely resemble human reasoning</p><p>thus when conclusion drawn possible understand how this conclusion was reached furthermore because the expert system uses knowledge form similar the<link ns0:type="simple" ns0:href="../892/9892.xml">expert</link>may easier retrieve this information from the expert</p></ss1><ss1><st>procedure node interface</st><p>the function the procedure node interface receive information from the procedures coordinator and create the appropriate<link ns0:type="simple" ns0:href="../988/40988.xml">procedure call</link>the ability call<link ns0:type="simple" ns0:href="../988/40988.xml">procedure</link>and receive information from that procedure can viewed simply<link ns0:type="simple" ns0:href="../746/12746.xml">generalization</link><link ns0:type="simple" ns0:href="../264/41264.xml">input</link>from the external world while some earlier expert systems external information has been obtained that information was obtained only predetermined manner only certain information could actually acquired this expert system disclosed the crossreferenced application through the knowledge base permitted invoke any procedure allowed its host system this makes the expert system useful much wider class knowledge domains than had external access only limited external access</p><p>the area<link>machine diagnostics</link>using expert systems particularly selfdiagnostic applications not possible conclude the current state health machine without some information the best source information the machine itself for contains much detailed information that could not reasonably provided the operator</p><p>the knowledge that represented the system appears the rulebase the rulebase described the crossreferenced applications there are basically four different types objects with associated information present</p><p><list><entry level="1" type="number">classesthese are questions asked the user</entry><entry level="1" type="number">parametersa parameter place holder for character string which may variable that can inserted into class question the point the question where the parameter positioned</entry><entry level="1" type="number">proceduresthese are definitions calls external procedures</entry><entry level="1" type="number">rule nodesthe inferencing the system done tree structure which indicates the rules logic which mimics human reasoning the nodes these trees are called rule nodes there are several different types rule nodes</entry></list></p><p>the rulebase comprises forest many trees the top node the tree called the goal node that contains the conclusion each tree the forest has different goal node the leaves the tree are also referred rule nodes one the types rule nodes leaf may evidence node external node reference node</p><p>evidence node functions obtain information from the operator asking specific question responding question presented evidence node the operator generally instructed answer yes represented numeric values and provide value between and represented maybe</p><p>questions which require response from the operator other than yes value between and are handled different manner</p><p>leaf that external node indicates that data will used which was obtained from procedure call</p><p>reference node functions refer another tree subtree</p><p>tree may also contain intermediate minor nodes between the goal node and the leaf node intermediate node can represent<link ns0:type="simple" ns0:href="../153/18153.xml">logical operation</link>like and</p><p>the<link>inference logic</link>has two functions selects<link ns0:type="simple" ns0:href="../875/18955875.xml">tree</link>trace and then traces that tree once tree has been selected that tree traced depthfirst left right</p><p>the word tracing refers the action the system takes traverses the tree asking classes questions calling procedures and calculating confidences proceeds</p><p>explained the crossreferenced applications the selection tree depends the ordering the trees the original ordering the trees the order which they appear the rulebase this order can changed however assigning evidence node attribute initial which described detail these applications the first action taken obtain values for all evidence nodes which have been assigned initial attribute using only the answers these initial evidences the rules are ordered that the most likely succeed evaluated first the trees can further reordered since they are constantly being updated selected tree being traced</p><p>has been found that the type information that solicited the system from the user means questions classes should tailored the level knowledge the user many applications the group prospective uses nicely defined and the knowledge level can estimated that the questions can presented level which corresponds generally the average user however other applications knowledge the specific domain the expert system might vary considerably among the group prospective users</p><p>one application where this particularly true involves the use expert system operating selfdiagnostic mode personal computer assist the operator the personal computer diagnose the cause fault error either the hardware software general asking the operator for information the most straightforward way for the expert system gather information assuming course that the information should within the operators understanding for example diagnosing personal computer the expert system must know the major functional<idea wordnetid="105833840" confidence="0.8"><concept wordnetid="105835747" confidence="0.8"><component wordnetid="105868954" confidence="0.8"><part wordnetid="105867413" confidence="0.8"><link ns0:type="simple" ns0:href="../820/1886820.xml">components</link></part></component></concept></idea>the system could ask the operator for instance the<artifact wordnetid="100021939" confidence="0.8"><instrumentality wordnetid="103575240" confidence="0.8"><device wordnetid="103183080" confidence="0.8"><link ns0:type="simple" ns0:href="../703/450703.xml">display</link></device></instrumentality></artifact>monochrome color display the operator should all probability able provide the correct answer the time the expert system could the other hand cause<link>test unit</link>run determine the type display the accuracy the data collected either approach this instance probably would not that different the<link ns0:type="simple" ns0:href="../499/458499.xml">knowledge engineer</link>could employ either approach without affecting the accuracy the diagnosis however many instances because the nature the information being solicited better obtain the information from the system rather than asking the operator because the<link ns0:type="simple" ns0:href="../932/41932.xml">accuracy</link>the data supplied the operator low that the system could not effectively process meaningful conclusion</p><p>many situations the information already the system form which permits the correct<link ns0:type="simple" ns0:href="../642/642.xml">answer</link>question obtained through process inductive deductive reasoning the data previously collected the system could answers provided the user less complex questions that were asked for different reason results returned from test units that were previously run</p></ss1><ss1><st>user interface</st><p>the function the user interface present questions and information the user and supply the users responses the inference engine</p><p>any values entered the user must received and interpreted the user interface some responses are restricted set possible legal answers others are not the user interface checks all responses insure that they are the correct data type any responses that are restricted legal set answers are compared against these legal answers whenever the user enters illegal answer the user interface informs the user that his answer was invalid and prompts him correct</p></ss1></sec><sec><st>application expert systems</st><p>expert systems are designed and created facilitate tasks the fields<link ns0:type="simple" ns0:href="../593/2593.xml">accounting</link>medicine<link ns0:type="simple" ns0:href="../183/658183.xml">process control</link><link ns0:type="simple" ns0:href="../425/433425.xml">financial service</link><link ns0:type="simple" ns0:href="../388/39388.xml">production</link><link ns0:type="simple" ns0:href="../053/46053.xml">human resources</link>etc indeed the foundation successful expert system depends series technical procedures and development that may designed certain technicians and related experts</p><p>good example application expert systems banking area<link ns0:type="simple" ns0:href="../144/14693144.xml">expert systems for mortgages</link>loan departments are interested expert systems for<link ns0:type="simple" ns0:href="../708/256708.xml">mortgages</link>because the growing cost labour which makes the handling and acceptance relatively small loans less profitable they also see the application expert systems possibility for standardised efficient handling<link ns0:type="simple" ns0:href="../731/8449731.xml">mortgage loan</link>and appreciate that for the acceptance<link ns0:type="simple" ns0:href="../708/256708.xml">mortgages</link>there are hard and fast rules which not always exist with other types loans</p><p>while expert systems have distinguished themselves<link ns0:type="simple" ns0:href="../164/1164.xml" />research finding practical application their application has been limited expert systems are notoriously narrow their domain<link ns0:type="simple" ns0:href="../391/243391.xml">knowledge</link>amusing example researcher used the skin disease expert system diagnose his rustbucket car likely have developed measles and the systems were thus prone making<link ns0:type="simple" ns0:href="../118/41118.xml">error</link>that<link ns0:type="simple" ns0:href="../482/682482.xml">human</link>would easily spot additionally once some the mystique had worn off most<link ns0:type="simple" ns0:href="../716/23716.xml">programmer</link>realized that simple expert systems were essentially just slightly more elaborate versions the<link>decision logic</link>they had already been using therefore some the techniques expert systems can now found most complex programs without any fuss about them</p><p>example and good demonstration the limitations expert system used many people the<link ns0:type="simple" ns0:href="../890/18890.xml">microsoft windows</link><link ns0:type="simple" ns0:href="../194/22194.xml">operating system</link><link ns0:type="simple" ns0:href="../274/1714274.xml">troubleshooting</link>software located the help section the<link ns0:type="simple" ns0:href="../410/455410.xml">taskbar</link>menu obtaining expert technical operating system support often difficult for individuals not closely involved with the development the operating system microsoft has designed their expert system provide solutions advice and suggestions common errors encountered throughout using the operating systems</p><p>another and application expert systems which today would simply call<link ns0:type="simple" ns0:href="../268/1268.xml" />was<link ns0:type="simple" ns0:href="../363/5363.xml">computer games</link>for example the computer<link ns0:type="simple" ns0:href="../850/3850.xml">baseball</link>games<event wordnetid="100029378" confidence="0.8"><social_event wordnetid="107288639" confidence="0.8"><contest wordnetid="107456188" confidence="0.8"><game wordnetid="100456199" confidence="0.8"><psychological_feature wordnetid="100023100" confidence="0.8"><link ns0:type="simple" ns0:href="../495/2694495.xml">earl weaver baseball</link></psychological_feature></game></contest></social_event></event>and<event wordnetid="100029378" confidence="0.8"><social_event wordnetid="107288639" confidence="0.8"><contest wordnetid="107456188" confidence="0.8"><game wordnetid="100456199" confidence="0.8"><psychological_feature wordnetid="100023100" confidence="0.8"><link ns0:type="simple" ns0:href="../180/2789180.xml">tony russa baseball</link></psychological_feature></game></contest></social_event></event>each had highly detailed simulations the game strategies those two baseball managers when human played the game against the computer the computer queried the<physical_entity wordnetid="100001930" confidence="0.8"><communicator wordnetid="109610660" confidence="0.8"><person wordnetid="100007846" confidence="0.8"><announcer wordnetid="109795334" confidence="0.8"><leader wordnetid="109623038" confidence="0.8"><administrator wordnetid="109770949" confidence="0.8"><causal_agent wordnetid="100007347" confidence="0.8"><head wordnetid="110162991" confidence="0.8"><director wordnetid="110014939" confidence="0.8"><link ns0:type="simple" ns0:href="../520/475520.xml">earl weaver</link></director></head></causal_agent></administrator></leader></announcer></person></communicator></physical_entity><person wordnetid="100007846" confidence="0.9508927676800064"><link ns0:type="simple" ns0:href="../098/1110098.xml">tony russa</link></person>expert system for decision what strategy follow even those choices where some randomness was part the natural system such when throw surprise pitchout try trick runner trying steal base were decided based probabilities supplied weaver russa today would simply say that the games provided the opposing managers strategy</p><ss1><st>advantages and disadvantages</st><p>advantages<list><entry level="1" type="bullet">provides consistent answers for repetitive decisions processes and tasks</entry><entry level="1" type="bullet">holds and maintains significant levels information</entry><entry level="1" type="bullet">encourages organizations clarify the logic their decisionmaking</entry><entry level="1" type="bullet">never forgets ask question human might</entry></list></p><p>disadvantages<list><entry level="1" type="bullet">lacks common sense needed some decision making</entry><entry level="1" type="bullet">can not make creative responses human expert would unusual circumstances</entry><entry level="1" type="bullet">domain experts not always able explain their logic and reasoning</entry><entry level="1" type="bullet">errors may occur the knowledge base and lead wrong decisions</entry><entry level="1" type="bullet">can not adapt changing environments unless knowledge base changed</entry></list></p></ss1><ss1><st>types problems solved expert systems</st><p>expert systems are most valuable organizations that have highlevel<link ns0:type="simple" ns0:href="../950/4707950.xml">knowhow</link>experience and expertise that can not easily transferred other members they are designed carry the intelligence and information found the intellect experts and provide this knowledge other members the organization for<link ns0:type="simple" ns0:href="../948/1467948.xml">problemsolving</link>purposes</p><p>typically the problems solved are the sort that would normally tackled medical other<link ns0:type="simple" ns0:href="../809/290809.xml">professional</link>real experts the problem domain which will typically very narrow for instance diagnosing skin conditions human teenagers are asked provide<link ns0:type="simple" ns0:href="../538/56538.xml">rules thumb</link>how they evaluate the problems either explicitly with the aid experienced<link ns0:type="simple" ns0:href="../565/27565.xml">systems developer</link>sometimes implicitly getting such experts evaluate<link ns0:type="simple" ns0:href="../949/1343949.xml">test case</link>and using computer programs examine the test data and strictly limited manner derive<link ns0:type="simple" ns0:href="../213/22213.xml">rule</link>from that generally expert systems are used for problems for which there single correct solution which can encoded conventional algorithm one would not write expert system find shortest paths through graphs sort data there are simply easier ways these tasks</p><p>simple systems use simple truefalse<link ns0:type="simple" ns0:href="../225/3729225.xml">logic</link>evaluate data more sophisticated systems are capable performing least some<link ns0:type="simple" ns0:href="../433/62433.xml">evaluation</link>taking into account realworld uncertainties using such methods<link ns0:type="simple" ns0:href="../180/49180.xml">fuzzy logic</link>such sophistication difficult develop and still highly imperfect</p></ss1></sec><sec><st>expert systems shells<system wordnetid="104377057" confidence="0.8"><artifact wordnetid="100021939" confidence="0.8"><instrumentality wordnetid="103575240" confidence="0.8"><link>inference engine</link></instrumentality></artifact></system></st><p>shell complete development environment for building and maintaining knowledgebased applications provides stepbystep methodology for knowledge engineer that allows the domain experts themselves directly involved structuring and encoding the knowledge use shells reduces development time many commercial shells are available</p></sec><sec><st>see also</st><p><table style="background-color:transparent;table-layout:fixed;" width="100%" cellpadding="0" border="0" cellspacing="0"><row valign="top"><col><list><entry level="1" type="bullet"><link ns0:type="simple" ns0:href="../457/3157457.xml">production</link></entry><entry level="1" type="bullet"><link ns0:type="simple" ns0:href="../164/1164.xml">artificial intelligence</link></entry><entry level="1" type="bullet"><event wordnetid="100029378" confidence="0.8"><rule wordnetid="105846932" confidence="0.8"><act wordnetid="100030358" confidence="0.8"><psychological_feature wordnetid="100023100" confidence="0.8"><procedure wordnetid="101023820" confidence="0.8"><activity wordnetid="100407535" confidence="0.8"><algorithm wordnetid="105847438" confidence="0.8"><link ns0:type="simple" ns0:href="../523/21523.xml">artificial neural network</link></algorithm></activity></procedure></psychological_feature></act></rule></event></entry><entry level="1" type="bullet"><link ns0:type="simple" ns0:href="../373/5033373.xml">action selection mechanism</link></entry><entry level="1" type="bullet"><link ns0:type="simple" ns0:href="../387/168387.xml">business intelligence</link></entry><entry level="1" type="bullet"><event wordnetid="100029378" confidence="0.8"><rule wordnetid="105846932" confidence="0.8"><act wordnetid="100030358" confidence="0.8"><psychological_feature wordnetid="100023100" confidence="0.8"><procedure wordnetid="101023820" confidence="0.8"><activity wordnetid="100407535" confidence="0.8"><algorithm wordnetid="105847438" confidence="0.8"><link ns0:type="simple" ns0:href="../333/170333.xml">casebased reasoning</link></algorithm></activity></procedure></psychological_feature></act></rule></event></entry><entry level="1" type="bullet"><software wordnetid="106566077" confidence="0.8"><application wordnetid="106570110" confidence="0.8"><program wordnetid="106568978" confidence="0.8"><written_communication wordnetid="106349220" confidence="0.8"><writing wordnetid="106359877" confidence="0.8"><code wordnetid="106355894" confidence="0.8"><coding_system wordnetid="106353757" confidence="0.8"><link ns0:type="simple" ns0:href="../154/2368154.xml">clinical decision support system</link></coding_system></code></writing></written_communication></program></application></software></entry></list></col><col><list><entry level="1" type="bullet"><link ns0:type="simple" ns0:href="../264/2368264.xml">connectionist expert system</link></entry><entry level="1" type="bullet"><link ns0:type="simple" ns0:href="../253/42253.xml">data mining</link></entry><entry level="1" type="bullet"><link ns0:type="simple" ns0:href="../180/49180.xml">fuzzy logic</link></entry><entry level="1" type="bullet"><link ns0:type="simple" ns0:href="../509/846509.xml">heuristic computer science</link></entry><entry level="1" type="bullet"><system wordnetid="104377057" confidence="0.8"><artifact wordnetid="100021939" confidence="0.8"><instrumentality wordnetid="103575240" confidence="0.8"><link ns0:type="simple" ns0:href="../609/418609.xml">inference engine</link></instrumentality></artifact></system></entry><entry level="1" type="bullet"><link ns0:type="simple" ns0:href="../001/18039001.xml">knowledge acquisition and documentation structuring</link></entry><entry level="1" type="bullet"><link ns0:type="simple" ns0:href="../497/239497.xml">knowledge base</link></entry></list></col><col><list><entry level="1" type="bullet"><link ns0:type="simple" ns0:href="../488/233488.xml">machine learning</link></entry><entry level="1" type="bullet"><system wordnetid="104377057" confidence="0.8"><artifact wordnetid="100021939" confidence="0.8"><instrumentality wordnetid="103575240" confidence="0.8"><language wordnetid="106282651" confidence="0.8"><link ns0:type="simple" ns0:href="../829/475829.xml">ops</link></language></instrumentality></artifact></system></entry><entry level="1" type="bullet"><system wordnetid="104377057" confidence="0.8"><artifact wordnetid="100021939" confidence="0.8"><instrumentality wordnetid="103575240" confidence="0.8"><link ns0:type="simple" ns0:href="../457/3157457.xml">production system</link></instrumentality></artifact></system></entry><entry level="1" type="bullet"><system wordnetid="104377057" confidence="0.8"><artifact wordnetid="100021939" confidence="0.8"><instrumentality wordnetid="103575240" confidence="0.8"><link ns0:type="simple" ns0:href="../566/172566.xml">rete algorithm</link></instrumentality></artifact></system></entry><entry level="1" type="bullet"><link ns0:type="simple" ns0:href="../653/3663653.xml">self service software</link></entry><entry level="1" type="bullet"><link ns0:type="simple" ns0:href="../144/14693144.xml">expert systems for mortgages</link></entry></list></col></row></table></p></sec><sec><st>bibliography</st><p><list><entry level="1" type="bullet">james ignizio introduction expert systems isbn</entry><entry level="1" type="bullet">joseph giarratano gary riley expert systems principles and programming isbn</entry><entry level="1" type="bullet">peter jackson introduction expert systems isbn</entry><entry level="1" type="bullet"><cite style="font-style:normal" class="book">walker adrian knowledge systems and prolog addisonwesley isbn</cite></entry></list></p></sec><sec><st>external links</st><p><list><entry level="1" type="bullet"><weblink ns0:type="simple" ns0:href="http://www.dmoz.org/Computers/Artificial_Intelligence//">artificial intelligence</weblink>the<work wordnetid="100575741" confidence="0.8"><possession wordnetid="100032613" confidence="0.8"><event wordnetid="100029378" confidence="0.8"><company wordnetid="108058098" confidence="0.8"><undertaking wordnetid="100795720" confidence="0.8"><property wordnetid="113244109" confidence="0.8"><act wordnetid="100030358" confidence="0.8"><psychological_feature wordnetid="100023100" confidence="0.8"><activity wordnetid="100407535" confidence="0.8"><subsidiary_company wordnetid="108003935" confidence="0.8"><institution wordnetid="108053576" confidence="0.8"><link ns0:type="simple" ns0:href="../501/18949501.xml">open directory project</link></institution></subsidiary_company></activity></psychological_feature></act></property></undertaking></company></event></possession></work></entry></list></p></sec></bdy></system></article>