<article xmlns:ns0="http://www.w3.org/1999/xlink"><structure confidence="0.8" wordnetid="104341686"><building confidence="0.8" wordnetid="102913152"><artifact confidence="0.8" wordnetid="100021939"><restaurant confidence="0.8" wordnetid="104081281"><header><title>difara</title><id /><revision><id /><timestamp /><contributor><username>bottom spanker</username><id /></contributor></revision><categories><category>buildings and structures brooklyn</category><category>articles with topics unclear notability from december</category><category>brooklyn</category><category>orphaned articles from december</category><category>pizzerias</category><category>articles lacking reliable references from december</category><category>all orphaned articles</category><category>restaurants new york city</category><category>united states articles missing geocoordinate data</category><category>articles which may unencyclopedic</category></categories></header><bdy><table class="metadata plainlinks ambox "><row><col>amboxcontent style</col></row><row><col class="mbox-image"><p><image width="40x40px" src="Ambox_content.png" /></p></col><col style="" class="mbox-text"><p>this article section has multiple issues please help<weblink ns0:type="simple" ns0:href="http://localhost:18088/wiki/index.php?title=DiFara%27s action=edit">improve the article</weblink>discuss these issues the<list><entry level="1" type="bullet">relies largely entirely upon tagged since december</entry><entry level="1" type="bullet">the this articles subject question notability can not established may removed tagged since december</entry><entry level="1" type="bullet">very few other articles please help articles<weblink ns0:type="simple" ns0:href="http://www.google.com/search?hl=en as_qdr=all q=+site%3Aen.wikipedia.org+%22DiFara%26%2339%3Bs%22">related topics</weblink>tagged since december</entry><entry level="1" type="bullet">editor has expressed concern that the article tagged since december</entry><entry level="1" type="bullet">may contain material tagged since april</entry></list></p></col></row></table><p>fara pizza located<link ns0:type="simple" ns0:href="../739/564739.xml">midwood</link>largely orthodox jewish section<village wordnetid="108672738" confidence="0.9508927676800064"><link ns0:type="simple" ns0:href="../384/47384.xml">brooklyn</link></village><link ns0:type="simple" ns0:href="../131/8210131.xml" />and owned and operated domenico demarco since favourable review guidebook put the place the map regular slices for usd and pie for usd the venture which opens tuesday trough sunday form noon four and six nine should not visited people who see cleanliness important feature</p><p>domenico demarco born emigrated from the<region wordnetid="108630985" confidence="0.8"><administrative_district wordnetid="108491826" confidence="0.8"><location wordnetid="100027167" confidence="0.8"><state wordnetid="108654360" confidence="0.8"><district wordnetid="108552138" confidence="0.8"><link ns0:type="simple" ns0:href="../102/1418102.xml">province caserta</link></district></state></location></administrative_district></region><system wordnetid="108435388" confidence="0.8"><economy wordnetid="108366753" confidence="0.8"><group wordnetid="100031264" confidence="0.8"><link ns0:type="simple" ns0:href="../532/14532.xml">italy</link></group></economy></system>brooklyn opened this place with his partner farina who bought out</p><p>the way demarco who makes pizzas day art and watch him while waiting hour half the fun uses fresh dough and the crispiness the very thin pizza nearcoaloven demarco uses combination fresh and canned san marzano tomatoes for the sauce extravirgin olive oil three types mozzarella standard fior latte and buffalo before serving the pizza tops the pie with parmigianoreggiano and generous pieces the basil and oregano which cuts using pair scissors</p><sec><st>external links</st><p><list><entry level="1" type="bullet"><weblink ns0:type="simple" ns0:href="http://www.difara.com/">fara pizza</weblink>official website</entry><entry level="1" type="bullet"><weblink ns0:type="simple" ns0:href="http://www.observer.com/2007/pizzeria-one-everything-except-health-department">the new york observer june</weblink>pizzeria one with everythingexcept the health department</entry><entry level="1" type="bullet"><weblink ns0:type="simple" ns0:href="http://slice.seriouseats.com/archives/2007/04/the_dominator_hes_back.html">review slice</weblink>americas favorite pizza weblog april</entry><entry level="1" type="bullet"><weblink ns0:type="simple" ns0:href="http://query.nytimes.com/gst/fullpage.html?res=9400E0DB153AF93BA25754C0A9629C8B63">new york times july</weblink>domenico demarco told reporter jeff vandam secrets the slice</entry><entry level="1" type="bullet"><weblink ns0:type="simple" ns0:href="http://www.youtube.com/watch?v=5Ebf6gD-UyU">what difaras</weblink>short video about fara pizza</entry></list></p><p>coordinates needed</p></sec></bdy></restaurant></artifact></building></structure></article>