<article xmlns:ns0="http://www.w3.org/1999/xlink"><computer confidence="0.8" wordnetid="103082979"><artifact confidence="0.8" wordnetid="100021939"><instrumentality confidence="0.8" wordnetid="103575240"><device confidence="0.8" wordnetid="103183080"><machine confidence="0.8" wordnetid="103699975"><digital_computer confidence="0.8" wordnetid="103196324"><workstation confidence="0.8" wordnetid="104603399"><header><title>perq</title><id /><revision><id /><timestamp /><contributor><username>ghettoblaster</username><id /></contributor></revision><categories><category>personal computers</category><category>international computers limited</category><category>computer workstations</category></categories></header><bdy>perq often referred the three rivers perq was influential<link ns0:type="simple" ns0:href="../457/7878457.xml">computer</link><link ns0:type="simple" ns0:href="../181/68181.xml">workstation</link>first released<link ns0:type="simple" ns0:href="../754/34754.xml" />the workstation was conceived five former<university wordnetid="108286163" confidence="0.9508927676800064"><link ns0:type="simple" ns0:href="../093/48093.xml">carnegie mellon university</link></university>employees that formed the startup<company wordnetid="108058098" confidence="0.9508927676800064"><link ns0:type="simple" ns0:href="../652/12414652.xml">three rivers computer corporation</link></company>rcc<link ns0:type="simple" ns0:href="../654/34654.xml" />one the founders brian rosen had worked<link ns0:type="simple" ns0:href="../154/34154.xml">xerox parc</link>the dolphin workstation the system was direct descendant the original workstation the<computer wordnetid="103082979" confidence="0.8"><artifact wordnetid="100021939" confidence="0.8"><instrumentality wordnetid="103575240" confidence="0.8"><device wordnetid="103183080" confidence="0.8"><machine wordnetid="103699975" confidence="0.8"><digital_computer wordnetid="103196324" confidence="0.8"><workstation wordnetid="104603399" confidence="0.8"><link ns0:type="simple" ns0:href="../252/77252.xml">xerox alto</link></workstation></digital_computer></machine></device></instrumentality></artifact></computer>and was the first commercially available personal workstation being launched the<social_group wordnetid="107950920" confidence="0.8"><meeting wordnetid="108307589" confidence="0.8"><gathering wordnetid="107975026" confidence="0.8"><group wordnetid="100031264" confidence="0.8"><conference wordnetid="108308497" confidence="0.8"><link ns0:type="simple" ns0:href="../279/29279.xml">siggraph</link></conference></group></gathering></meeting></social_group>conference<p>result interest from the<autocracy wordnetid="108361001" confidence="0.8"><system wordnetid="108435388" confidence="0.8"><social_group wordnetid="107950920" confidence="0.8"><political_orientation wordnetid="106212839" confidence="0.8"><monarchy wordnetid="108363812" confidence="0.8"><state wordnetid="108168978" confidence="0.8"><political_unit wordnetid="108359949" confidence="0.8"><political_system wordnetid="108367880" confidence="0.8"><economy wordnetid="108366753" confidence="0.8"><group wordnetid="100031264" confidence="0.8"><democracy wordnetid="106217103" confidence="0.8"><link ns0:type="simple" ns0:href="../717/31717.xml" /></democracy></group></economy></political_system></political_unit></state></monarchy></political_orientation></social_group></system></autocracy><link ns0:type="simple" ns0:href="../243/623243.xml">science and engineering research council</link>rcc entered into deal with the british computer company<company wordnetid="108058098" confidence="0.8"><institution wordnetid="108053576" confidence="0.8"><link ns0:type="simple" ns0:href="../789/515789.xml">icl</link></institution></company>for european distribution and later codevelopment and manufacturing the perq was used number academic research projects the during the</p><p>the origin the name perq from the word<link ns0:type="simple" ns0:href="../074/1633074.xml">perquisite</link>rcc then renamed perq system corporation went out business<link ns0:type="simple" ns0:href="../761/34761.xml" />largely due competition from upstart workstation manufacturers such<company wordnetid="108058098" confidence="0.8"><institution wordnetid="108053576" confidence="0.8"><link ns0:type="simple" ns0:href="../980/26980.xml">sun microsystems</link></institution></company><company wordnetid="108058098" confidence="0.8"><institution wordnetid="108053576" confidence="0.8"><link ns0:type="simple" ns0:href="../443/181443.xml">apollo computer</link></institution></company>and<link ns0:type="simple" ns0:href="../013/28013.xml">silicon graphics</link></p><sec><st>technical specifications</st><p>there are three official perq models that were released the original perq also known the perq<weblink ns0:type="simple" ns0:href="http://www.chilton-computing.org.uk/acd/sus/perq_pr/p005.htm">brochure</weblink>the perq<link ns0:type="simple" ns0:href="../776/34776.xml" />and the perq<link ns0:type="simple" ns0:href="../756/34756.xml" />all perq workstations used<link ns0:type="simple" ns0:href="../769/47769.xml">discrete logic</link><link ns0:type="simple" ns0:href="../999/19999.xml">microcoded</link><link ns0:type="simple" ns0:href="../218/5218.xml">cpus</link>instead<link ns0:type="simple" ns0:href="../553/19553.xml">microprocessor</link>the later perq models looked more like workstations such the<computer wordnetid="103082979" confidence="0.8"><artifact wordnetid="100021939" confidence="0.8"><instrumentality wordnetid="103575240" confidence="0.8"><device wordnetid="103183080" confidence="0.8"><machine wordnetid="103699975" confidence="0.8"><digital_computer wordnetid="103196324" confidence="0.8"><workstation wordnetid="104603399" confidence="0.8"><link ns0:type="simple" ns0:href="../738/82738.xml">xerox star</link></workstation></digital_computer></machine></device></instrumentality></artifact></computer>and had more standard squareshaped<link ns0:type="simple" ns0:href="../677/7677.xml">monitor</link>than the original pageshaped monitor more height than width the perq configuration was bit<link ns0:type="simple" ns0:href="../847/25847.xml">memory</link><link ns0:type="simple" ns0:href="../777/13777.xml">hard disk</link>storage and instruction speed<link>mips</link>the original perq had expansion slots and two communications ports one<standard wordnetid="107260623" confidence="0.8"><system_of_measurement wordnetid="113577171" confidence="0.8"><link ns0:type="simple" ns0:href="../183/162183.xml">ieee</link></system_of_measurement></standard>connection and one<link ns0:type="simple" ns0:href="../359/77359.xml">serial port</link>perq had the ability use<link ns0:type="simple" ns0:href="../499/9499.xml">ethernet</link>with special expansion card its oio slot later perqs had two builtin ethernet ports all perq workstations had options for both<link ns0:type="simple" ns0:href="../677/50677.xml">laser printer</link>and<link ns0:type="simple" ns0:href="../679/50679.xml">dotmatrix printer</link>and could also interfaced dec<link ns0:type="simple" ns0:href="../399/24399.xml">pdp</link>other perqs using the special bit perqlink interface</p></sec><sec><st>operating systems</st><p>the initial<link ns0:type="simple" ns0:href="../194/22194.xml">operating system</link>for perq workstations was pos<link>perq operating system</link>other operating systems available for the perq included mpos pos with<link ns0:type="simple" ns0:href="../857/6857.xml">multitasking</link><plant_part wordnetid="113086908" confidence="0.8"><natural_object wordnetid="100019128" confidence="0.8"><kernel wordnetid="113137010" confidence="0.8"><link ns0:type="simple" ns0:href="../415/1531415.xml">accent</link></kernel></natural_object></plant_part>sometimes with qnix<family wordnetid="108078020" confidence="0.8"><link ns0:type="simple" ns0:href="../642/31642.xml">unix</link></family>addon pnx<family wordnetid="108078020" confidence="0.8"><link ns0:type="simple" ns0:href="../642/31642.xml">unix</link></family>port developed icl<link ns0:type="simple" ns0:href="../222/1504222.xml">dalkeith palace</link><country wordnetid="108544813" confidence="0.9508927676800064"><link ns0:type="simple" ns0:href="../994/26994.xml">scotland</link></country>and<link ns0:type="simple" ns0:href="../748/376748.xml">flex</link>accent was multitasking operating system developed carnegie mellon university that predated the<link ns0:type="simple" ns0:href="../028/21028.xml">mach kernel</link>which many later operating systems would use flex was somewhat similar other workstation systems such<computer wordnetid="103082979" confidence="0.8"><artifact wordnetid="100021939" confidence="0.8"><instrumentality wordnetid="103575240" confidence="0.8"><device wordnetid="103183080" confidence="0.8"><machine wordnetid="103699975" confidence="0.8"><digital_computer wordnetid="103196324" confidence="0.8"><workstation wordnetid="104603399" confidence="0.8"><link ns0:type="simple" ns0:href="../123/18123.xml">lisp machine</link></workstation></digital_computer></machine></device></instrumentality></artifact></computer>and workstations running microcoded ucsd<programming_language wordnetid="106898352" confidence="0.9508927676800064"><link ns0:type="simple" ns0:href="../773/23773.xml">pascal</link></programming_language><programming_language wordnetid="106898352" confidence="0.9508927676800064"><link ns0:type="simple" ns0:href="../259/81259.xml">modula</link></programming_language>except that the language choice was<programming_language wordnetid="106898352" confidence="0.9508927676800064"><link ns0:type="simple" ns0:href="../880/692880.xml">algol</link></programming_language></p></sec><sec><st>miscellaneous perq software and uses</st><p>perq was microcoded machine and its default instruction set was variant<link ns0:type="simple" ns0:href="../316/347316.xml">pcode</link>which was optimized for pascal the operating system and utilities were all written<programming_language wordnetid="106898352" confidence="0.9508927676800064"><link ns0:type="simple" ns0:href="../773/23773.xml">pascal</link></programming_language>fact was generally more efficient use pascal than attempt create assembler programs directly with pcode</p><p>the perq was popular early graphical workstation therefore helped spawn many early thirdparty applications that took advantage the<link ns0:type="simple" ns0:href="../293/12293.xml">graphical user interface</link>and<link ns0:type="simple" ns0:href="../742/25742.xml">bitmapped graphics</link>intran around<link ns0:type="simple" ns0:href="../756/34756.xml" />produced pioneering graphical program suite called metaform which consisted the separate graphics builder font builder form builder and file manager programs the perq also served dedicated platform for several pioneering<link ns0:type="simple" ns0:href="../460/13460.xml">hypertext</link>programs such<link ns0:type="simple" ns0:href="../275/286275.xml">zog</link>and<link ns0:type="simple" ns0:href="../351/286351.xml">guide</link></p><p>perq schematics were drawn using drawing package<link ns0:type="simple" ns0:href="../315/37315.xml">cad</link>system written<link>dario giuse</link>which ran the perq</p></sec><sec><st>perq</st><p>the perq workstation was developed jointly icl and rcc replacement for the perq the perq had allnew hardware architecture based around mhz<company wordnetid="108058098" confidence="0.9508927676800064"><link ns0:type="simple" ns0:href="../319/20319.xml">motorola</link></company><link ns0:type="simple" ns0:href="../302/20302.xml" />processor and<link ns0:type="simple" ns0:href="../803/1830803.xml" /><link ns0:type="simple" ns0:href="../see/Linden=2C_T$ennessee.xml">floatingpoint unit</link>and was housed desktop minitowerstyle enclosure prototype units were produced but the project was cancelled before full production commenced following the collapse rcc</p></sec><sec><st>external links</st><p><list><entry level="1" type="bullet"><weblink ns0:type="simple" ns0:href="http://vonhagen.org/perq-gen-faq.html">perq faq rev davis</weblink></entry><entry level="1" type="bullet"><weblink ns0:type="simple" ns0:href="http://bitsavers.org/pdf/perq">perq documentation</weblink></entry><entry level="1" type="bullet"><weblink ns0:type="simple" ns0:href="http://www.digibarn.com/collections/systems/perqt2/">digibarn perq page</weblink></entry><entry level="1" type="bullet"><weblink ns0:type="simple" ns0:href="http://246.dk/perq.html">perq bitmap images</weblink></entry><entry level="1" type="bullet"><weblink ns0:type="simple" ns0:href="http://www.chiark.greenend.org.uk/~pmaydell/PERQ/">all about perq workstations</weblink></entry><entry level="1" type="bullet"><weblink ns0:type="simple" ns0:href="http://toastytech.com/guis/perq.html">the graphical user interface gallery perq page</weblink></entry><entry level="1" type="bullet"><weblink ns0:type="simple" ns0:href="http://www.chilton-computing.org.uk/acd/sus/overview.htm">rutherford laboratory atlas computing division single user system programme archive</weblink></entry></list></p></sec></bdy></workstation></digital_computer></machine></device></instrumentality></artifact></computer></article>