<article xmlns:ns0="http://www.w3.org/1999/xlink"><header><title>robots exclusion standard</title><id /><revision><id /><timestamp /><contributor><username>xlinkbot</username><id /></contributor></revision><categories><category>world wide web</category></categories></header><bdy><indent level="1">for restricting wikipedia bots see</indent>the robot exclusion standard also known the robots exclusion protocol robotstxt protocol convention prevent cooperating<link ns0:type="simple" ns0:href="../120/33120.xml">web spider</link>and other<link ns0:type="simple" ns0:href="../607/1569607.xml">web robot</link>from accessing all part<link ns0:type="simple" ns0:href="../898/33898.xml">website</link>which otherwise publicly viewable robots are often used<link ns0:type="simple" ns0:href="../023/4059023.xml">search engines</link>categorize and archive web sites webmasters proofread source code the standard complements<work wordnetid="100575741" confidence="0.8"><event wordnetid="100029378" confidence="0.8"><service wordnetid="100577525" confidence="0.8"><act wordnetid="100030358" confidence="0.8"><psychological_feature wordnetid="100023100" confidence="0.8"><activity wordnetid="100407535" confidence="0.8"><link ns0:type="simple" ns0:href="../978/2831978.xml">sitemaps</link></activity></psychological_feature></act></service></event></work>robot inclusion standard for websites<sec><st>about the standard</st><p>robotstxt file website will function request that specified robots ignore specified files directories their search this might for example out preference for privacy from search engine results the belief that the content the selected directories might misleading irrelevant the categorization the site whole out desire that application only operate certain data</p><p>for websites with multiple subdomains each subdomain must have its own robotstxt file examplecom had robotstxt file but aexamplecom did not the rules that would apply for examplecom will not apply aexamplecom</p></sec><sec><st>disadvantages</st><p>the protocol however purely advisory relies the cooperation the<link ns0:type="simple" ns0:href="../607/1569607.xml">web robot</link>that marking area site out bounds with robotstxt does not guarantee privacy some web site administrators have tried use the robots file make private parts website invisible the rest the world but the file necessarily publicly available and its content easily checked anyone with<link ns0:type="simple" ns0:href="../173/33173.xml">web browser</link></p><p>there official standards body<link ns0:type="simple" ns0:href="../540/25540.xml">rfc</link>for the robotstxt protocol was<weblink ns0:type="simple" ns0:href="http://www.robotstxt.org/wc/norobots.html">created consensus</weblink><link ns0:type="simple" ns0:href="../337/18948337.xml">june</link>members the robots mailing list robotsrequestnexorcouk the information specifying the parts that should not accessed specified file called robotstxt the toplevel directory the website the robotstxt patterns are matched simple substring comparisons care should taken make sure that patterns matching directories have the final character appended otherwise all files with names starting with that substring will match rather than just those the directory intended</p></sec><sec><st>automated content access protocol</st><p><indent level="1">main article<link ns0:type="simple" ns0:href="../572/7661572.xml">automated content access protocol</link></indent>acap which possible<pause wordnetid="115271008" confidence="0.8"><extension wordnetid="115272382" confidence="0.8"><time_interval wordnetid="115269513" confidence="0.8"><word wordnetid="106286395" confidence="0.8"><delay wordnetid="115272029" confidence="0.8"><part wordnetid="113809207" confidence="0.8"><neologism wordnetid="106294441" confidence="0.8"><language_unit wordnetid="106284225" confidence="0.8"><link ns0:type="simple" ns0:href="../659/23659.xml">plugin</link></language_unit></neologism></part></delay></word></time_interval></extension></pause>for the robots exclusion standard was released<link ns0:type="simple" ns0:href="../577/21577.xml">november</link><link ns0:type="simple" ns0:href="../165/36165.xml" /></p></sec><sec><st>robotstxt search engine</st><p>recent interest the percentage website pages that have robotstxt files and which specific robots are given privileges crawl specific website files help understand these issues publicly available robotstxt search engine<artifact wordnetid="100021939" confidence="0.8"><instrumentality wordnetid="103575240" confidence="0.8"><engine wordnetid="103287733" confidence="0.8"><motor wordnetid="103789946" confidence="0.8"><device wordnetid="103183080" confidence="0.8"><machine wordnetid="103699975" confidence="0.8"><link ns0:type="simple" ns0:href="../282/14783282.xml">botseer</link></machine></device></motor></engine></instrumentality></artifact>has been developed search and index robotstxt files</p></sec><sec><st>examples</st><p>this example allows all robots visit all files because the wildcard specifies all robots</p><p>useragent disallow</p><p>this example keeps all robots out</p><p>useragent disallow</p><p>the next example that tells all crawlers not enter four directories website</p><p>useragent disallow cgibin disallow images disallow tmp disallow private</p><p>example that tells specific crawler not enter one specific directory</p><p>useragent badbot replace the badbot with the actual useragent the bot disallow private</p><p>example that tells all crawlers not enter one specific file</p><p>useragent disallow directoryfilehtml</p><p>note that all other files the specified directory will processed</p><p>example demonstrating how comments can used</p><p><list><entry level="1" type="number">comments appear after the symbol the start line after directive</entry></list>useragent match all bots disallow keep them out</p><ss1><st>compatibility</st><p>order prevent access all pages robots not use</p><p>disallow not use use instead</p><p>this not stable standard extension</p><p>instead</p><p>disallow</p><p>should used</p></ss1></sec><sec><st>nonstandard extensions</st><ss1><st>crawldelay directive</st><p>several major crawlers support crawldelay parameter set the number seconds wait between successive requests the same server<ref ns0:type="simple" ns0:href="#xpointer(//reflist/entry[@id=%221%22])" /><ref ns0:type="simple" ns0:href="#xpointer(//reflist/entry[@id=%222%22])" /></p><p>useragent crawldelay</p></ss1><ss1><st>allow directive</st><p>some major crawlers support allow directive which can counteract following disallow directive<ref ns0:type="simple" ns0:href="#xpointer(//reflist/entry[@id=%223%22])" /><ref ns0:type="simple" ns0:href="#xpointer(//reflist/entry[@id=%224%22])" />this useful when you disallow entire directory but still want some html documents that directory crawled and indexed should noted that while standard the first matching robotstxt pattern always wins googles implementation differs that first evaluates all allow patterns and only then all disallow patterns yet order compatible all robots you want allow single files inside otherwise disallowed directory you need place the allow directives first followed the disallow for example</p><p>allow foldermyfilehtml disallow folder</p><p>this example will disallow anything folder except foldermyfilehtml since the latter will match first case google though the order not important</p></ss1></sec><sec><st>extended standard</st><p><weblink ns0:type="simple" ns0:href="http://www.conman.org/people/spc/robots2.html">extended standard for robot exclusion</weblink>has been proposed which adds several new directives such visittime and requestrate for example</p><p>useragent disallow downloads requestrate maximum rate one page every seconds visittime only visit between and utc gmt</p><p>the first version the robot exclusion standard does not mention anything about the character the disallow statement modern crawlers like googlebot and slurp recognize strings containing while msnbot and teoma interpret different ways<ref ns0:type="simple" ns0:href="#xpointer(//reflist/entry[@id=%225%22])" /></p></sec><sec><st>references</st><p><reflist><entry id="1"><weblink ns0:type="simple" ns0:href="http://help.yahoo.com/l/us/yahoo/search/webcrawler/slurp-03.html">how can reduce the number requests you make web site</weblink>html yahoo slurp retrieved<link /></entry><entry id="2"><weblink ns0:type="simple" ns0:href="http://search.msn.com/docs/siteowner.aspx?t=SEARCH_WEBMASTER_FAQ_MSNBotIndexing.htm FORM=WFDD#D">msnbot crawling site too frequently</weblink>html troubleshoot issues with msnbot and site crawling retrieved<link /></entry><entry id="3"><weblink ns0:type="simple" ns0:href="http://www.google.com/support/webmasters/bin/answer.py?answer=40364">webmaster help center how block googlebot</weblink>html retrieved<link /></entry><entry id="4"><weblink ns0:type="simple" ns0:href="http://help.yahoo.com/l/us/yahoo/search/webcrawler/slurp-02.html">how prevent site certain subdirectories from being crawled yahoo search help</weblink>html retrieved<link /></entry><entry id="5"><weblink ns0:type="simple" ns0:href="http://www.ghita.ro/article/23/web_robots_and_dynamic_content_issues.html#problems">web robots and dynamic content issues</weblink>html msnbot issues with robotstxt retrieved<link /></entry></reflist></p></sec><sec><st>see also</st><p><list><entry level="1" type="bullet"><event wordnetid="100029378" confidence="0.8"><rule wordnetid="105846932" confidence="0.8"><act wordnetid="100030358" confidence="0.8"><psychological_feature wordnetid="100023100" confidence="0.8"><procedure wordnetid="101023820" confidence="0.8"><activity wordnetid="100407535" confidence="0.8"><algorithm wordnetid="105847438" confidence="0.8"><link ns0:type="simple" ns0:href="../055/237055.xml">distributed web crawling</link></algorithm></activity></procedure></psychological_feature></act></rule></event></entry><entry level="1" type="bullet"><physical_entity wordnetid="100001930" confidence="0.8"><person wordnetid="100007846" confidence="0.8"><follower wordnetid="110099375" confidence="0.8"><flatterer wordnetid="110095869" confidence="0.8"><algorithm wordnetid="105847438" confidence="0.8"><sycophant wordnetid="110684827" confidence="0.8"><event wordnetid="100029378" confidence="0.8"><rule wordnetid="105846932" confidence="0.8"><causal_agent wordnetid="100007347" confidence="0.8"><act wordnetid="100030358" confidence="0.8"><psychological_feature wordnetid="100023100" confidence="0.8"><activity wordnetid="100407535" confidence="0.8"><procedure wordnetid="101023820" confidence="0.8"><link ns0:type="simple" ns0:href="../799/11442799.xml">focused crawler</link></procedure></activity></psychological_feature></act></causal_agent></rule></event></sycophant></algorithm></flatterer></follower></person></physical_entity></entry><entry level="1" type="bullet"><structure wordnetid="104341686" confidence="0.8"><artifact wordnetid="100021939" confidence="0.8"><area wordnetid="102735688" confidence="0.8"><facility wordnetid="103315023" confidence="0.8"><library wordnetid="103660909" confidence="0.8"><depository wordnetid="103177349" confidence="0.8"><archive wordnetid="102735086" confidence="0.8"><room wordnetid="104105893" confidence="0.8"><link ns0:type="simple" ns0:href="../931/176931.xml">internet archive</link></room></archive></depository></library></facility></area></artifact></structure></entry><entry level="1" type="bullet"><structure wordnetid="104341686" confidence="0.8"><artifact wordnetid="100021939" confidence="0.8"><area wordnetid="102735688" confidence="0.8"><facility wordnetid="103315023" confidence="0.8"><library wordnetid="103660909" confidence="0.8"><depository wordnetid="103177349" confidence="0.8"><archive wordnetid="102735086" confidence="0.8"><room wordnetid="104105893" confidence="0.8"><link ns0:type="simple" ns0:href="../794/209794.xml">library congress digital library project</link></room></archive></depository></library></facility></area></artifact></structure></entry><entry level="1" type="bullet"><link ns0:type="simple" ns0:href="../687/5730687.xml">national digital information infrastructure and preservation program</link></entry><entry level="1" type="bullet"><link ns0:type="simple" ns0:href="../830/528830.xml#xpointer(//*[./st=%22nofollow%22])">nofollow and spam blogs</link></entry><entry level="1" type="bullet"><link ns0:type="simple" ns0:href="../163/3292163.xml">spider trap</link></entry><entry level="1" type="bullet"><structure wordnetid="104341686" confidence="0.8"><artifact wordnetid="100021939" confidence="0.8"><area wordnetid="102735688" confidence="0.8"><facility wordnetid="103315023" confidence="0.8"><library wordnetid="103660909" confidence="0.8"><depository wordnetid="103177349" confidence="0.8"><archive wordnetid="102735086" confidence="0.8"><room wordnetid="104105893" confidence="0.8"><link ns0:type="simple" ns0:href="../932/6014932.xml">web archiving</link></room></archive></depository></library></facility></area></artifact></structure></entry><entry level="1" type="bullet"><event wordnetid="100029378" confidence="0.8"><rule wordnetid="105846932" confidence="0.8"><act wordnetid="100030358" confidence="0.8"><psychological_feature wordnetid="100023100" confidence="0.8"><procedure wordnetid="101023820" confidence="0.8"><activity wordnetid="100407535" confidence="0.8"><algorithm wordnetid="105847438" confidence="0.8"><link ns0:type="simple" ns0:href="../120/33120.xml">web crawler</link></algorithm></activity></procedure></psychological_feature></act></rule></event></entry><entry level="1" type="bullet"><link ns0:type="simple" ns0:href="../556/20556.xml#xpointer(//*[./st=%22The+robots+attribute%22])">meta elements</link>for search engines</entry></list></p></sec><sec><st>external links</st><p><list><entry level="1" type="bullet"><weblink ns0:type="simple" ns0:href="http://robots.googletoad.com">online robotstxt generator</weblink></entry><entry level="1" type="bullet"><weblink ns0:type="simple" ns0:href="http://www.robotstxt.org/wc/exclusion.html">robots exclusion</weblink></entry><entry level="1" type="bullet"><weblink ns0:type="simple" ns0:href="http://www.google.com/support/webmasters/bin/topic.py?topic=8843">how google crawls site</weblink></entry><entry level="1" type="bullet"><weblink ns0:type="simple" ns0:href="http://www.google.com/support/webmasters/bin/answer.py?answer=35237 query=robots.txt topic= type=">using the robotstxt analysis tool</weblink></entry><entry level="1" type="bullet"><weblink ns0:type="simple" ns0:href="http://www.mediawiki.org/wiki/Robots.txt">about robotstxt the mediawiki website</weblink></entry><entry level="1" type="bullet"><weblink ns0:type="simple" ns0:href="http://www.kloth.net/internet/badbots.php">list bad bots</weblink>rogue robots and spiders which ignore these guidelines</entry><entry level="1" type="bullet"><weblink ns0:type="simple" ns0:href="http://www.searchtools.com/robots/robots-txt.html">more info about robotstxt</weblink></entry><entry level="1" type="bullet"><weblink ns0:type="simple" ns0:href="http://en.wikipedia.org/robots.txt">wikipedias robotstxt example</weblink></entry><entry level="1" type="bullet"><weblink ns0:type="simple" ns0:href="http://www.mcanerin.com/EN/search-engine/robots-txt.asp">robotstxt generator tutorial</weblink></entry><entry level="1" type="bullet"><weblink ns0:type="simple" ns0:href="http://www.howrank.com/Robots.txt-Tool.php">robotstxt generator tool</weblink></entry><entry level="1" type="bullet"><weblink ns0:type="simple" ns0:href="http://www.diovo.com/2008/09/robotstxt-is-not-a-security-measure/">robotstxt not security measure</weblink></entry><entry level="1" type="bullet"><weblink ns0:type="simple" ns0:href="http://yro.slashdot.org/comments.pl?sid=377285 cid=21554125">the history behind robotstxt</weblink></entry><entry level="1" type="bullet"><weblink ns0:type="simple" ns0:href="http://botseer.ist.psu.edu/">botseer robotstxt search engine</weblink></entry></list></p><p><table style=";" class="navbox" cellspacing="0"><row><col style="padding:2px;"><table style="width:100%;background:transparent;color:inherit;;" class="nowraplinks collapsible autocollapse " cellspacing="0"><row><header colspan="2" style=";" class="navbox-title"><link ns0:type="simple" ns0:href="../946/187946.xml">search engine optimization</link></header></row><row style="height:2px;" /><row><col style=";;" class="navbox-group">exclusion standards</col><col style="text-align:left;border-left:2px solid #fdfdfd;width:100%;padding:0px;;;" class="navbox-list navbox-odd"><link ns0:type="simple" ns0:href="../673/101673.xml">robots exclusion standard</link><link ns0:type="simple" ns0:href="../556/20556.xml">meta tags</link><link ns0:type="simple" ns0:href="../084/3766084.xml">nofollow</link></col></row><row style="height:2px" /><row><col style=";;" class="navbox-group">related marketing topics</col><col style="text-align:left;border-left:2px solid #fdfdfd;width:100%;padding:0px;;;" class="navbox-list navbox-even"><link ns0:type="simple" ns0:href="../177/1618177.xml">internet marketing</link><physical_entity wordnetid="100001930" confidence="0.8"><person wordnetid="100007846" confidence="0.8"><model wordnetid="110324560" confidence="0.8"><assistant wordnetid="109815790" confidence="0.8"><worker wordnetid="109632518" confidence="0.8"><causal_agent wordnetid="100007347" confidence="0.8"><link ns0:type="simple" ns0:href="../758/703758.xml">affiliate marketing</link></causal_agent></worker></assistant></model></person></physical_entity><link ns0:type="simple" ns0:href="../759/1101759.xml">email marketing</link><link ns0:type="simple" ns0:href="../645/646645.xml">display advertising</link><link ns0:type="simple" ns0:href="../872/2475872.xml">web analytics</link></col></row><row style="height:2px" /><row><col style=";;" class="navbox-group">search marketing related topics</col><col style="text-align:left;border-left:2px solid #fdfdfd;width:100%;padding:0px;;;" class="navbox-list navbox-odd"><link ns0:type="simple" ns0:href="../074/2111074.xml">search engine marketing</link><link ns0:type="simple" ns0:href="../316/6559316.xml">social media optimization</link><link ns0:type="simple" ns0:href="../470/15883470.xml">online identity management</link><link ns0:type="simple" ns0:href="../170/501170.xml">paid inclusion</link><link ns0:type="simple" ns0:href="../207/1027207.xml">pay per click ppc</link><technique wordnetid="105665146" confidence="0.8"><know-how wordnetid="105616786" confidence="0.8"><method wordnetid="105660268" confidence="0.8"><link ns0:type="simple" ns0:href="../747/286747.xml">google bomb</link></method></know-how></technique></col></row><row style="height:2px" /><row><col style=";;" class="navbox-group">search engine spam</col><col style="text-align:left;border-left:2px solid #fdfdfd;width:100%;padding:0px;;;" class="navbox-list navbox-even"><link ns0:type="simple" ns0:href="../651/43651.xml">spamdexing</link><link ns0:type="simple" ns0:href="../619/2696619.xml">web scraping</link><computer wordnetid="103082979" confidence="0.8"><artifact wordnetid="100021939" confidence="0.8"><instrumentality wordnetid="103575240" confidence="0.8"><device wordnetid="103183080" confidence="0.8"><machine wordnetid="103699975" confidence="0.8"><web_site wordnetid="106359193" confidence="0.8"><link ns0:type="simple" ns0:href="../572/3152572.xml">scraper site</link></web_site></machine></device></instrumentality></artifact></computer><link ns0:type="simple" ns0:href="../213/270213.xml">link farm</link><link ns0:type="simple" ns0:href="../292/14489292.xml#xpointer(//*[./st=%22Free+for+all+linking%22])">free for all linking</link></col></row><row style="height:2px" /><row><col style=";;" class="navbox-group">linking</col><col style="text-align:left;border-left:2px solid #fdfdfd;width:100%;padding:0px;;;" class="navbox-list navbox-odd"><link ns0:type="simple" ns0:href="../490/7065490.xml">offpage optimization</link><link ns0:type="simple" ns0:href="../292/14489292.xml">methods website linking</link><link ns0:type="simple" ns0:href="../433/1395433.xml">link exchange</link><link ns0:type="simple" ns0:href="../494/580494.xml">backlink</link></col></row><row style="height:2px" /><row><col style=";;" class="navbox-group">other</col><col style="text-align:left;border-left:2px solid #fdfdfd;width:100%;padding:0px;;;" class="navbox-list navbox-even"><link ns0:type="simple" ns0:href="../866/2789866.xml">landing page</link><link ns0:type="simple" ns0:href="../029/11170029.xml">delivery</link><link ns0:type="simple" ns0:href="../827/11996827.xml">landing page optimization</link><artifact wordnetid="100021939" confidence="0.8"><instrumentality wordnetid="103575240" confidence="0.8"><engine wordnetid="103287733" confidence="0.8"><motor wordnetid="103789946" confidence="0.8"><device wordnetid="103183080" confidence="0.8"><machine wordnetid="103699975" confidence="0.8"><link ns0:type="simple" ns0:href="../064/7059064.xml">human search engine</link></machine></device></motor></engine></instrumentality></artifact><link ns0:type="simple" ns0:href="../600/1015600.xml">stop words</link><link ns0:type="simple" ns0:href="../974/14484974.xml">poison words</link></col></row></table></col></row></table></p></sec></bdy></article>