<article xmlns:ns0="http://www.w3.org/1999/xlink"><physical_entity confidence="0.8" wordnetid="100001930"><person confidence="0.8" wordnetid="100007846"><intellectual confidence="0.8" wordnetid="109621545"><alumnus confidence="0.8" wordnetid="109786338"><causal_agent confidence="0.8" wordnetid="100007347"><scientist confidence="0.8" wordnetid="110560637"><mathematician confidence="0.8" wordnetid="110301261"><scholar confidence="0.8" wordnetid="110557854"><header><title>alan weiss mathematician</title><id /><revision><id /><timestamp /><contributor><username>eubot</username><id /></contributor></revision><categories><category>case western reserve university alumni</category><category>new york university alumni</category><category>births</category><category>scientists bell labs</category><category>american mathematicians</category></categories></header><bdy>for other persons named alan weiss see<link ns0:type="simple" ns0:href="../274/12832274.xml">alan weiss disambiguation</link>alan weiss born<link ns0:type="simple" ns0:href="../353/8353.xml">december</link><link ns0:type="simple" ns0:href="../851/34851.xml" />american<link ns0:type="simple" ns0:href="../902/18902.xml">mathematician</link>pioneer the usage<link ns0:type="simple" ns0:href="../909/3772909.xml">large deviations</link>theory<link ns0:type="simple" ns0:href="../183/465183.xml">performance evaluation</link>and related areas<p>weiss received his<link ns0:type="simple" ns0:href="../904/124904.xml">bsc</link><link ns0:type="simple" ns0:href="../831/18831.xml">mathematics</link>and<link ns0:type="simple" ns0:href="../939/22939.xml">physics</link>from<university wordnetid="108286163" confidence="0.9508927676800064"><link ns0:type="simple" ns0:href="../547/230547.xml">case western reserve university</link></university>taking courses from<link>lajos takcs</link>and being advised<physical_entity wordnetid="100001930" confidence="0.8"><peer wordnetid="109626238" confidence="0.8"><person wordnetid="100007846" confidence="0.8"><colleague wordnetid="109935990" confidence="0.8"><causal_agent wordnetid="100007347" confidence="0.8"><scientist wordnetid="110560637" confidence="0.8"><mathematician wordnetid="110301261" confidence="0.8"><associate wordnetid="109816771" confidence="0.8"><link ns0:type="simple" ns0:href="../145/14380145.xml">arthur lohwater</link></associate></mathematician></scientist></causal_agent></colleague></person></peer></physical_entity>received his<link ns0:type="simple" ns0:href="../722/236722.xml">msc</link>mathematics from<link ns0:type="simple" ns0:href="../601/1617601.xml">courant institute</link>and<link ns0:type="simple" ns0:href="../775/8775.xml">phd</link>from<university wordnetid="108286163" confidence="0.9508927676800064"><link ns0:type="simple" ns0:href="../455/7954455.xml">new york university</link></university>his advisor was<link ns0:type="simple" ns0:href="../038/9638038.xml">varadhan</link>and his dissertation was entitled invariant measures diffusion processes domains with boundaries<ref ns0:type="simple" ns0:href="#xpointer(//reflist/entry[@id=%221%22])" />worked<link ns0:type="simple" ns0:href="../712/3712.xml">bell labs</link>before joining<link ns0:type="simple" ns0:href="../696/562696.xml">mathworks</link><link ns0:type="simple" ns0:href="../853/116853.xml">natick</link>weiss had longer appointments with<university wordnetid="108286163" confidence="0.9508927676800064"><link ns0:type="simple" ns0:href="../315/239315.xml">university maryland college park</link></university><university wordnetid="108286163" confidence="0.9508927676800064"><ranking wordnetid="114429484" confidence="0.9508927676800064"><link ns0:type="simple" ns0:href="../310/6310.xml">columbia university</link></ranking></university>and<university wordnetid="108286163" confidence="0.9508927676800064"><link ns0:type="simple" ns0:href="../135/295135.xml">drew university</link></university></p><sec><st>books</st><p><list><entry level="1" type="bullet">large deviations for performance analysis chapman hall coauthored with<link>adam shwartz</link><ref ns0:type="simple" ns0:href="#xpointer(//reflist/entry[@id=%222%22])" /><ref ns0:type="simple" ns0:href="#xpointer(//reflist/entry[@id=%223%22])" /></entry></list></p></sec><sec><st>publications</st><p><list><entry level="1" type="bullet">digital adaptive filters conditions for convergence rates convergence effects noise and errors arising from the implementation ieee trans information theory with<physical_entity wordnetid="100001930" confidence="0.8"><peer wordnetid="109626238" confidence="0.8"><person wordnetid="100007846" confidence="0.8"><theorist wordnetid="110706812" confidence="0.8"><intellectual wordnetid="109621545" confidence="0.8"><colleague wordnetid="109935990" confidence="0.8"><causal_agent wordnetid="100007347" confidence="0.8"><scientist wordnetid="110560637" confidence="0.8"><associate wordnetid="109816771" confidence="0.8"><link ns0:type="simple" ns0:href="../469/15946469.xml">debasis mitra</link></associate></scientist></causal_agent></colleague></intellectual></theorist></person></peer></physical_entity></entry><entry level="1" type="bullet">allocating independent substaks parallel processors ieee trans softw eng with<physical_entity wordnetid="100001930" confidence="0.8"><person wordnetid="100007846" confidence="0.8"><intellectual wordnetid="109621545" confidence="0.8"><alumnus wordnetid="109786338" confidence="0.8"><causal_agent wordnetid="100007347" confidence="0.8"><scientist wordnetid="110560637" confidence="0.8"><scholar wordnetid="110557854" confidence="0.8"><link ns0:type="simple" ns0:href="../781/12748781.xml">clyde kruskal</link></scholar></scientist></causal_agent></alumnus></intellectual></person></physical_entity></entry><entry level="1" type="bullet">lower bound for probabilistic algorithms for finite state machines jnr comp and systems sci with<link>greenberg</link></entry></list></p></sec><sec><st>references</st><p><reflist><entry id="1"><weblink ns0:type="simple" ns0:href="http://genealogy.math.ndsu.nodak.edu/html/id.phtml?id=33783">weiss entry math genealogy project</weblink></entry><entry id="2"><weblink ns0:type="simple" ns0:href="http://www.crcpress.com/shopping_cart/products/product_detail.asp?isbn=0412063115">large deviations for performance analysis</weblink></entry><entry id="3"><weblink ns0:type="simple" ns0:href="http://www-ee.technion.ac.il/~adam/LD/intro.pdf">toc and chapter large deviations for performance analysis</weblink></entry></reflist></p></sec><sec><st>external links</st><p><list><entry level="1" type="bullet"><weblink ns0:type="simple" ns0:href="http://cm.bell-labs.com/who/apdoo/index.html">professional site</weblink>bell labs</entry><entry level="1" type="bullet"><weblink ns0:type="simple" ns0:href="http://www.apdoo.org/">apdooorg</weblink>weisss personal site</entry></list></p></sec></bdy></scholar></mathematician></scientist></causal_agent></alumnus></intellectual></person></physical_entity></article>