<article xmlns:ns0="http://www.w3.org/1999/xlink"><idea confidence="0.8" wordnetid="105833840"><plan confidence="0.8" wordnetid="105898568"><header><title>the american forum the air</title><id /><revision><id /><timestamp /><contributor><username>timeineurope</username><id /></contributor></revision><categories><category>american television series</category><category>american radio programs</category></categories></header><bdy>the american forum the air hosted theodore granik was public affairs panel discussion program the first series its kind radio aired the<network wordnetid="108434259" confidence="0.9508927676800064"><link ns0:type="simple" ns0:href="../326/187326.xml">mutual broadcasting system</link></network>and<network wordnetid="108434259" confidence="0.9508927676800064"><link ns0:type="simple" ns0:href="../780/21780.xml">nbc</link></network>from notable guests such journalist<physical_entity wordnetid="100001930" confidence="0.8"><communicator wordnetid="109610660" confidence="0.8"><person wordnetid="100007846" confidence="0.8"><causal_agent wordnetid="100007347" confidence="0.8"><writer wordnetid="110794014" confidence="0.8"><journalist wordnetid="110224578" confidence="0.8"><link ns0:type="simple" ns0:href="../977/1098977.xml">dorothy thompson</link></journalist></writer></causal_agent></person></communicator></physical_entity>new york mayor<officeholder wordnetid="110371450" confidence="0.9508927676800064"><link ns0:type="simple" ns0:href="../418/11418.xml">fiorello guardia</link></officeholder>and senators<link ns0:type="simple" ns0:href="../303/3418303.xml">harry truman</link>and<senator wordnetid="110578471" confidence="0.9508927676800064"><link ns0:type="simple" ns0:href="../753/358753.xml">robert taft</link></senator>discussed wide range topics from the<link ns0:type="simple" ns0:href="../361/19283361.xml">new deal</link>fascism the series won<award wordnetid="106696483" confidence="0.9508927676800064"><link ns0:type="simple" ns0:href="../062/89062.xml">peabody award</link></award><p>the programs origins can traced back when granik was law student employed<company wordnetid="108058098" confidence="0.9508927676800064"><link ns0:type="simple" ns0:href="../838/1311838.xml">gimbels</link></company>department store which then had its own radio station<radio_station wordnetid="104044119" confidence="0.9508927676800064"><link ns0:type="simple" ns0:href="../126/1841126.xml">wgbs</link></radio_station>while writing copy for the station and doing sports reporting granik started his own program law for the layman when gimbels station was sold<person wordnetid="100007846" confidence="0.9508927676800064"><link ns0:type="simple" ns0:href="../536/33536.xml">william randolph hearst</link></person>granik continued doing his panel discussions new yorks<radio_station wordnetid="104044119" confidence="0.9508927676800064"><link ns0:type="simple" ns0:href="../194/576194.xml">wor</link></radio_station>the program attracted national attention with prohibition debate which the<link ns0:type="simple" ns0:href="../759/101759.xml">womens christian temperance union</link><physical_entity wordnetid="100001930" confidence="0.8"><politician wordnetid="110451263" confidence="0.8"><person wordnetid="100007846" confidence="0.8"><leader wordnetid="109623038" confidence="0.8"><causal_agent wordnetid="100007347" confidence="0.8"><link ns0:type="simple" ns0:href="../038/794038.xml">ella boole</link></causal_agent></leader></person></politician></physical_entity>made the startling claim that drunken congressmen were wandering through underground passages from their offices washington speakeasies</p><p>the program became the mutual forum hour when the mutual network was launched after granik opened his law office washington moved the program there with title change the american forum the air within the rigid format opening remarks the debating opponents led the panel discussion followed with the audience and closing summaries</p><p>transcripts were published the<work wordnetid="104599396" confidence="0.8"><product wordnetid="104007894" confidence="0.8"><creation wordnetid="103129123" confidence="0.8"><artifact wordnetid="100021939" confidence="0.8"><publication wordnetid="106589574" confidence="0.8"><link ns0:type="simple" ns0:href="../295/851295.xml">congressional record</link></publication></artifact></creation></product></work>and the debates often sparked activity congress the series moved television continuing nbc radio until<link ns0:type="simple" ns0:href="../530/19530.xml">march</link><link ns0:type="simple" ns0:href="../672/34672.xml" /><ref ns0:type="simple" ns0:href="#xpointer(//reflist/entry[@id=%221%22])" /></p><p>theodore graniks granddaughter<physical_entity wordnetid="100001930" confidence="0.8"><person wordnetid="100007846" confidence="0.8"><leader wordnetid="109623038" confidence="0.8"><administrator wordnetid="109770949" confidence="0.8"><causal_agent wordnetid="100007347" confidence="0.8"><head wordnetid="110162991" confidence="0.8"><director wordnetid="110014939" confidence="0.8"><link ns0:type="simple" ns0:href="../413/7146413.xml">debra granik</link></director></head></causal_agent></administrator></leader></person></physical_entity>winner the sundance film festival dramatic directing award for her first feature film<link ns0:type="simple" ns0:href="../560/4191560.xml">down the bone</link></p><sec><st>references</st><p><reflist><entry id="1"><weblink ns0:type="simple" ns0:href="http://www.oldalgonquin.com/authorPage.php">dunning john the air the encyclopedia oldtime radio new york oxford university press isbn</weblink></entry></reflist></p></sec><sec><st>external links</st><p><list><entry level="1" type="bullet"><weblink ns0:type="simple" ns0:href="http://www.time.com/time/magazine/article/0,9171,884322,00.html">mbs soapbox time march</weblink></entry></list></p></sec></bdy></plan></idea></article>