<article xmlns:ns0="http://www.w3.org/1999/xlink"><header><title>findability</title><id /><revision><id /><timestamp /><contributor><username>bkonrad</username><id /></contributor></revision><categories><category>information science</category><category>knowledge representation</category></categories></header><bdy>findability refers the quality being locatable<link ns0:type="simple" ns0:href="../854/21854.xml">navigable</link>the item level can evaluate what degree particular object easy discover locate the system level can analyze how well physical digital environment supports navigation and<link ns0:type="simple" ns0:href="../292/4840292.xml">retrieval</link><p>findability not limited the<invention wordnetid="105633385" confidence="0.8"><link ns0:type="simple" ns0:href="../139/33139.xml">world wide web</link></invention>the concept findability universal and timeless however with distributed heterogeneous collection several billion items the web does present unique and important findability challenges</p><p>findability not synonym for<link ns0:type="simple" ns0:href="../945/185945.xml">information architecture</link>information architecture discipline concerned with the structural and<link ns0:type="simple" ns0:href="../107/29107.xml">semantic</link>design shared information spaces findability goal along with<link ns0:type="simple" ns0:href="../276/288276.xml">usability</link>desirability credibility and<link ns0:type="simple" ns0:href="../109/302109.xml">accessibility</link>many people contribute the findability websites and intranets including writers designers and developers</p><sec><st>see also</st><p><list><entry level="1" type="bullet"><link ns0:type="simple" ns0:href="../684/624684.xml">annotation</link></entry><entry level="1" type="bullet"><link ns0:type="simple" ns0:href="../271/15271.xml">information retrieval</link></entry><entry level="1" type="bullet"><link ns0:type="simple" ns0:href="../253/42253.xml">knowledge mining</link></entry><entry level="1" type="bullet"><link ns0:type="simple" ns0:href="../920/16920.xml">knowledge representation</link></entry><entry level="1" type="bullet"><link ns0:type="simple" ns0:href="../123/29123.xml">semantic web</link></entry><entry level="1" type="bullet"><link ns0:type="simple" ns0:href="../276/288276.xml">usability</link></entry><entry level="1" type="bullet"><link ns0:type="simple" ns0:href="../249/45249.xml">user interface</link></entry><entry level="1" type="bullet"><link ns0:type="simple" ns0:href="../914/33914.xml">web indexing</link></entry></list></p></sec><sec><st>external links</st><p><list><entry level="1" type="bullet"><weblink ns0:type="simple" ns0:href="http://findability.org/">findabilityorg</weblink>collection links people software organizations and content related findability</entry><entry level="1" type="bullet"><weblink ns0:type="simple" ns0:href="http://www.boxesandarrows.com/view/the_age_of_findability">the age findability</weblink>article</entry><entry level="1" type="bullet"><weblink ns0:type="simple" ns0:href="http://www.useit.com/alertbox/search-keywords.html">use old words when writing for findability</weblink>article the findability impact sites choice words</entry><entry level="1" type="bullet"><weblink ns0:type="simple" ns0:href="http://www.oreilly.com/catalog/ambient/">ambient findability</weblink>book</entry><entry level="1" type="bullet"><weblink ns0:type="simple" ns0:href="http://buildingfindablewebsites.com/">building findable websites web standards seo and beyond</weblink>book</entry><entry level="1" type="bullet"><weblink ns0:type="simple" ns0:href="http://www.wsiwebedge.com/building_an_online_presence.aspx">building online presence</weblink>research article</entry></list></p><p /></sec></bdy></article>