<article xmlns:ns0="http://www.w3.org/1999/xlink"><header><title>probabilistic relational model</title><id /><revision><id /><timestamp /><contributor><username>infrogmation</username><id /></contributor></revision></header><bdy>probabilistic relational model prm the counterpart<physical_entity wordnetid="100001930" confidence="0.8"><person wordnetid="100007846" confidence="0.8"><model wordnetid="110324560" confidence="0.8"><assistant wordnetid="109815790" confidence="0.8"><worker wordnetid="109632518" confidence="0.8"><causal_agent wordnetid="100007347" confidence="0.8"><link ns0:type="simple" ns0:href="../996/203996.xml">bayesian network</link></causal_agent></worker></assistant></model></person></physical_entity><link ns0:type="simple" ns0:href="../111/19667111.xml">statistical relational learning</link><sec><st>external links</st><p><list><entry level="1" type="bullet"><weblink ns0:type="simple" ns0:href="http://forum.stanford.edu/research/project.php?id=164">description prms</weblink></entry></list></p></sec></bdy></article>