<article xmlns:ns0="http://www.w3.org/1999/xlink"><actor confidence="0.9511911446218017" wordnetid="109765278"><header><title>harold perrineau</title><id /><revision><id /><timestamp /><contributor><username>thetito</username><id /></contributor></revision><categories><category>american film actors</category><category>births</category><category>american television actors</category><category>living people</category><category>people from brooklyn</category><category>new york actors</category><category>african american actors</category></categories></header><bdy><template><name>infobox actor</name><parameters><image width="150px" src="Harold_Perrineau,_Jr.jpg"><caption>harold perrineau</caption></image><sagawards><link ns0:type="simple" ns0:href="../668/4722668.xml">best ensemble drama series</link><series wordnetid="108457976" confidence="0.9508927676800064"><link ns0:type="simple" ns0:href="../230/16454230.xml">lost</link></series></sagawards><birthplace><link ns0:type="simple" ns0:href="../384/47384.xml">brooklyn</link><region wordnetid="108630985" confidence="0.8"><administrative_district wordnetid="108491826" confidence="0.8"><location wordnetid="100027167" confidence="0.8"><district wordnetid="108552138" confidence="0.8"><country wordnetid="108544813" confidence="0.8"><link ns0:type="simple" ns0:href="../131/8210131.xml">new york</link></country></district></location></administrative_district></region><body wordnetid="107965085" confidence="0.8"><social_group wordnetid="107950920" confidence="0.8"><political_orientation wordnetid="106212839" confidence="0.8"><colony wordnetid="108374049" confidence="0.8"><state wordnetid="108168978" confidence="0.8"><political_unit wordnetid="108359949" confidence="0.8"><group wordnetid="100031264" confidence="0.8"><democracy wordnetid="106217103" confidence="0.8"><link ns0:type="simple" ns0:href="../750/3434750.xml">united states</link></democracy></group></political_unit></state></colony></political_orientation></social_group></body></birthplace><spouse><physical_entity wordnetid="100001930" confidence="0.8"><person wordnetid="100007846" confidence="0.8"><performer wordnetid="110415638" confidence="0.8"><causal_agent wordnetid="100007347" confidence="0.8"><actor wordnetid="109765278" confidence="0.8"><entertainer wordnetid="109616922" confidence="0.8"><link ns0:type="simple" ns0:href="../855/5042855.xml">brittany perrineau</link></entertainer></actor></causal_agent></performer></person></physical_entity>present</spouse><name>harold perrineau</name><birthdate>august age</birthdate><birthname>harold perrineau</birthname></parameters></template>harold perrineau born<link ns0:type="simple" ns0:href="../332/1332.xml">august</link><link ns0:type="simple" ns0:href="../648/34648.xml" /><body wordnetid="107965085" confidence="0.8"><social_group wordnetid="107950920" confidence="0.8"><political_orientation wordnetid="106212839" confidence="0.8"><colony wordnetid="108374049" confidence="0.8"><state wordnetid="108168978" confidence="0.8"><political_unit wordnetid="108359949" confidence="0.8"><group wordnetid="100031264" confidence="0.8"><democracy wordnetid="106217103" confidence="0.8"><link ns0:type="simple" ns0:href="../750/3434750.xml">american</link></democracy></group></political_unit></state></colony></political_orientation></social_group></body><link ns0:type="simple" ns0:href="../753/753.xml">actor</link>known for the roles<fictional_character wordnetid="109587565" confidence="0.9508927676800064"><link ns0:type="simple" ns0:href="../815/2667815.xml">michael dawson</link></fictional_character>the television series<series wordnetid="108457976" confidence="0.9508927676800064"><link ns0:type="simple" ns0:href="../230/16454230.xml">lost</link></series><fictional_character wordnetid="109587565" confidence="0.8"><imaginary_being wordnetid="109483738" confidence="0.8"><link ns0:type="simple" ns0:href="../400/2108400.xml">link</link></imaginary_being></fictional_character><movie wordnetid="106613686" confidence="0.9508927676800064"><link ns0:type="simple" ns0:href="../007/30007.xml">the matrix</link></movie>films and games<fictional_character wordnetid="109587565" confidence="0.8"><imaginary_being wordnetid="109483738" confidence="0.8"><link ns0:type="simple" ns0:href="../726/3024726.xml">augustus hill</link></imaginary_being></fictional_character>the american television series<series wordnetid="108457976" confidence="0.9508927676800064"><link ns0:type="simple" ns0:href="../362/106362.xml" /></series>his character also serves the narrator for the series and<fictional_character wordnetid="109587565" confidence="0.8"><imaginary_being wordnetid="109483738" confidence="0.8"><link ns0:type="simple" ns0:href="../157/843157.xml">mercutio</link></imaginary_being></fictional_character><actor wordnetid="109765278" confidence="0.9508927676800064"><link ns0:type="simple" ns0:href="../171/152171.xml">baz luhrmann</link></actor><movie wordnetid="106613686" confidence="0.9508927676800064"><link ns0:type="simple" ns0:href="../652/202652.xml">romeo juliet</link></movie><sec><st>biography</st><ss1><st>personal life</st><p>perrineau was born harold perrineau<link ns0:type="simple" ns0:href="../384/47384.xml">brooklyn new york</link>the son harold williams his parents changed his name williams the age harold later legally changed his name back his birth name after discovering there was already harold williams the screen actors guild union his french surname actually his mothers maiden name perrineau and his wife<physical_entity wordnetid="100001930" confidence="0.8"><person wordnetid="100007846" confidence="0.8"><performer wordnetid="110415638" confidence="0.8"><causal_agent wordnetid="100007347" confidence="0.8"><actor wordnetid="109765278" confidence="0.8"><entertainer wordnetid="109616922" confidence="0.8"><link ns0:type="simple" ns0:href="../855/5042855.xml">brittany</link></entertainer></actor></causal_agent></performer></person></physical_entity>have daughter aurora robinson perrineau born<link ns0:type="simple" ns0:href="../658/34658.xml" />their second daughter wynter aria was born may<ref ns0:type="simple" ns0:href="#xpointer(//reflist/entry[@id=%221%22])" /></p></ss1><ss1><st>acting career</st><p>perrineau was cast the original tyrone jackson the world premiere the stage adaptation the hit movie<link ns0:type="simple" ns0:href="../629/639629.xml">fame</link>now known the walnut street theatre<ref ns0:type="simple" ns0:href="#xpointer(//reflist/entry[@id=%222%22])" /></p><p>perrineau took the role link the matrix series after the original operator tank was written off the script when<actor wordnetid="109765278" confidence="0.9508927676800064"><link ns0:type="simple" ns0:href="../269/474269.xml">marcus chong</link></actor>was fired over money disputes<ref ns0:type="simple" ns0:href="#xpointer(//reflist/entry[@id=%223%22])" /><series wordnetid="108457976" confidence="0.9508927676800064"><link ns0:type="simple" ns0:href="../230/16454230.xml">lost</link></series>costar<actor wordnetid="109765278" confidence="0.9508927676800064"><link ns0:type="simple" ns0:href="../600/2452600.xml">adewale akinnuoyeagbaje</link></actor>starred with perrineau the hbo series<series wordnetid="108457976" confidence="0.9508927676800064"><link ns0:type="simple" ns0:href="../362/106362.xml" /></series></p><p>perrineau plays the character<fictional_character wordnetid="109587565" confidence="0.9508927676800064"><link ns0:type="simple" ns0:href="../815/2667815.xml">michael dawson</link></fictional_character>lost was temporarily written off lost when his character left the island with his son the end season two and did not appear all season three however his return the show for its fourth season was announced july<ref ns0:type="simple" ns0:href="#xpointer(//reflist/entry[@id=%224%22])" />the end the fourth season perrineaus character michael dies following his lost departure<ref ns0:type="simple" ns0:href="#xpointer(//reflist/entry[@id=%225%22])" />news broke that perrineau had been cast the upcoming pilot for abc dramedy the unusuals<ref ns0:type="simple" ns0:href="#xpointer(//reflist/entry[@id=%226%22])" /></p></ss1></sec><sec><st>filmography</st><p>note often credited without the<link ns0:type="simple" ns0:href="../740/850740.xml">suffix</link><list><entry level="1" type="bullet"><movie wordnetid="106613686" confidence="0.9508927676800064"><link ns0:type="simple" ns0:href="../103/18486103.xml">felon</link></movie>jackson</entry><entry level="1" type="bullet"><movie wordnetid="106613686" confidence="0.9508927676800064"><link ns0:type="simple" ns0:href="../538/5971538.xml">weeks later</link></movie>flynn</entry><entry level="1" type="bullet">rev rhodes one episode</entry><entry level="1" type="bullet"><series wordnetid="108457976" confidence="0.9508927676800064"><link ns0:type="simple" ns0:href="../230/16454230.xml">lost</link></series><fictional_character wordnetid="109587565" confidence="0.9508927676800064"><link ns0:type="simple" ns0:href="../815/2667815.xml">michael dawson</link></fictional_character></entry><entry level="1" type="bullet"><series wordnetid="108457976" confidence="0.9508927676800064"><link ns0:type="simple" ns0:href="../652/440652.xml">dead like</link></series>yoga instructor the episode rest peace</entry><entry level="1" type="bullet"><movie wordnetid="106613686" confidence="0.9508927676800064"><link ns0:type="simple" ns0:href="../998/210998.xml">the matrix revolutions</link></movie><link ns0:type="simple" ns0:href="../400/2108400.xml">link</link></entry><entry level="1" type="bullet"><event wordnetid="100029378" confidence="0.8"><social_event wordnetid="107288639" confidence="0.8"><contest wordnetid="107456188" confidence="0.8"><game wordnetid="100456199" confidence="0.8"><psychological_feature wordnetid="100023100" confidence="0.8"><link ns0:type="simple" ns0:href="../766/232766.xml">enter the matrix</link></psychological_feature></game></contest></social_event></event><link ns0:type="simple" ns0:href="../400/2108400.xml">link</link></entry><entry level="1" type="bullet"><movie wordnetid="106613686" confidence="0.9508927676800064"><link ns0:type="simple" ns0:href="../417/123417.xml">the matrix reloaded</link></movie><link ns0:type="simple" ns0:href="../400/2108400.xml">link</link></entry><entry level="1" type="bullet"><movie wordnetid="106613686" confidence="0.9508927676800064"><link ns0:type="simple" ns0:href="../228/3711228.xml">line</link></movie>moe curley</entry><entry level="1" type="bullet"><link ns0:type="simple" ns0:href="../143/2819143.xml">prison song</link>uncle steve</entry><entry level="1" type="bullet"><link ns0:type="simple" ns0:href="../404/2647404.xml">woman top</link>monica jones</entry><entry level="1" type="bullet"><movie wordnetid="106613686" confidence="0.9508927676800064"><link ns0:type="simple" ns0:href="../425/2880425.xml">the best man</link></movie>julian murch</entry><entry level="1" type="bullet"><series wordnetid="108457976" confidence="0.9508927676800064"><link ns0:type="simple" ns0:href="../362/106362.xml" /></series><fictional_character wordnetid="109587565" confidence="0.8"><imaginary_being wordnetid="109483738" confidence="0.8"><link ns0:type="simple" ns0:href="../726/3024726.xml">augustus hill</link></imaginary_being></fictional_character></entry><entry level="1" type="bullet"><link ns0:type="simple" ns0:href="../601/181601.xml">the edge</link>stephen</entry><entry level="1" type="bullet"><link ns0:type="simple" ns0:href="../652/202652.xml">romeo juliet</link><fictional_character wordnetid="109587565" confidence="0.8"><imaginary_being wordnetid="109483738" confidence="0.8"><link ns0:type="simple" ns0:href="../157/843157.xml">mercutio</link></imaginary_being></fictional_character></entry><entry level="1" type="bullet"><link ns0:type="simple" ns0:href="../421/1786421.xml">smoke</link>thomas rashid cole</entry><entry level="1" type="bullet"><series wordnetid="108457976" confidence="0.9508927676800064"><link ns0:type="simple" ns0:href="../324/3218324.xml">ill fly away</link></series>robert evans</entry><entry level="1" type="bullet"><movie wordnetid="106613686" confidence="0.9508927676800064"><link ns0:type="simple" ns0:href="../502/833502.xml">king new york</link></movie>thief the subway</entry></list></p></sec><sec><st>references</st><p><reflist><entry id="1" /><entry id="2">history fame the musical productions</entry><entry id="3"><weblink ns0:type="simple" ns0:href="http://www.rollingstone.com/news/story/9138137/the_mystery_of_larry_wachowski">the mystery larry wachowski</weblink><newspaper wordnetid="106267145" confidence="0.9508927676800064"><link ns0:type="simple" ns0:href="../441/25441.xml">rolling stone</link></newspaper>retrieved<link /></entry><entry id="4"><weblink ns0:type="simple" ns0:href="http://www.mediaweek.com/mw/news/recent_display.jsp?vnu_content_id=1003616978">tca abcs mcpherson pressed into divulging lost news</weblink>media week retrieved<link /></entry><entry id="5"><weblink ns0:type="simple" ns0:href="http://www.celebuzz.com/harold-perrineau-whiteys-keeping-me-s20741/">harold perrineau whiteys keeping down</weblink>celebuzz</entry><entry id="6"><weblink ns0:type="simple" ns0:href="http://www.headlineplanet.com/base/articles/1212450949.html">losts michael scores new television role headline planet</weblink></entry></reflist></p></sec><sec><st>external links</st><p><list><entry level="1" type="bullet"><weblink ns0:type="simple" ns0:href="http://www.imdb.com/name/nm0674782/">harold perrineau</weblink>the<web_site wordnetid="106359193" confidence="0.9508927676800064"><link ns0:type="simple" ns0:href="../554/2855554.xml">internet movie database</link></web_site></entry></list></p></sec></bdy></actor></article>