<article xmlns:ns0="http://www.w3.org/1999/xlink"><header><title>tachypsychia</title><id /><revision><id /><timestamp /><contributor><username>rjfjr</username><id /></contributor></revision><categories><category>psychology</category></categories></header><bdy>tachypsychia neurological condition that distorts the<link ns0:type="simple" ns0:href="../639/296639.xml">perception time</link>usually induced<link ns0:type="simple" ns0:href="../037/189037.xml">physical exertion</link><link ns0:type="simple" ns0:href="../887/87887.xml">drug use</link><link ns0:type="simple" ns0:href="../091/788091.xml">traumatic event</link>sometimes referred<link ns0:type="simple" ns0:href="../501/19501.xml">martial arts</link>instructors and self defense experts the tachy psyche effect for someone affected tachypsychia time perceived the individual either lengthens making events appear slow down contracts objects appearing moving speeding blur believed that tachypsychia induced combination high levels<link ns0:type="simple" ns0:href="../548/48548.xml">dopamine</link>and<link ns0:type="simple" ns0:href="../342/9903342.xml">norepinephrine</link>usually during periods great physical stress andor violent confrontation<sec><st>physical responses</st><p>also called the fight flight response the body event our mind considers life threatening tachypsychia believed include numerous physical changes</p><ss1><st>adrenaline response</st><p>upon being stimulated fear anger the<link ns0:type="simple" ns0:href="../415/471415.xml">adrenal medulla</link>may automatically produce the hormone epinephrine aka<link ns0:type="simple" ns0:href="../640/15548640.xml">adrenaline</link>directly into the blood stream this can have various effects various bodily systems including</p><p><list><entry level="1" type="bullet">increased heart rate and blood pressure average for persons pulse raise between and beats per minute<link ns0:type="simple" ns0:href="../083/99083.xml">bpm</link>increased<link ns0:type="simple" ns0:href="../942/304942.xml">heart rate</link>above bpm can cause<link ns0:type="simple" ns0:href="../319/168319.xml">faint</link>ing and the body may constrict itself into fetal position preparation for<link ns0:type="simple" ns0:href="../721/5721.xml">coma</link></entry><entry level="1" type="bullet">dilation the<link ns0:type="simple" ns0:href="../449/308449.xml">bronchial passages</link>permitting higher absorption oxygen</entry><entry level="1" type="bullet">dilated pupils allow more light enter and visual exclusiontunnel visionoccurs allowing greater focus but resulting the loss peripheral vision</entry><entry level="1" type="bullet">release glucose into the bloodstream generating extra energy raising the<link>blood sugar level</link></entry></list></p><p>common for individual experience auditory exclusion enhancement also common for individuals experience increased pain tolerance loss color vision short term memory loss decreased fine motor skills decreased communication skills decreased coordination</p></ss1><ss1><st>psychological response</st><p>the most common experience during tachypsychia the feeling that time has either increased slowed down brought the increased brain activity cause epinephrine the severe decrease brain activity caused the catecholamine washout occurring after the event</p><p>common for individual experiencing tachypsychia have serious misinterpretations their surrounding during the events through combination their altered perception time well transient partial color blindness and tunnel vision after the irregularly high levels adrenaline consumed during sympathetic nervous system activation individual may display signs and symptoms<link ns0:type="simple" ns0:href="../974/82974.xml">posttraumatic stress disorder</link>and common for the person display extreme emotional lability and fatigue regardless their actual physical exertion</p><p>possible manage the adrenaline dump still occurring after the event and common for soldiers and martial artists use tachypsychia order increase their performance during stressful situations the ability presage and then successfully exploit these natural phenomena distinguishing characteristic between the master and the skilled amateur all inherently stressful professions</p></ss1></sec><sec><st>references</st><p /></sec></bdy></article>