<article xmlns:ns0="http://www.w3.org/1999/xlink"><organization confidence="0.9511911446218017" wordnetid="108008335"><header><title>peace oil</title><id /><revision><id /><timestamp /><contributor><username>cydebot</username><id /></contributor></revision><categories><category>nongovernmental organizations involved the israelipalestinian peace process</category></categories></header><bdy>peace oil initiative the charities advisory trust<ref ns0:type="simple" ns0:href="#xpointer(//reflist/entry[@id=%221%22])" />ukbased registered charity lead hilary blume<ref ns0:type="simple" ns0:href="#xpointer(//reflist/entry[@id=%222%22])" />which supports fundraising other charitable organisations the charity describes the oil produced israel jews arabs druze and bedouin working together encourages cooperation between communities<ref ns0:type="simple" ns0:href="#xpointer(//reflist/entry[@id=%223%22])" />the project has been running since when the oil was launched<weblink ns0:type="simple" ns0:href="http://www.doingzionism.org.il/about_us/activity.asp?id=353">israel expo day</weblink>organised the<weblink ns0:type="simple" ns0:href="http://www.zionist.org.uk/new/cms/?id=23">zionist federation great britain and ireland</weblink>which promoted way support israels vibrant tradeto make difference the actual future israel<ref ns0:type="simple" ns0:href="#xpointer(//reflist/entry[@id=%224%22])" /><p>according the projects own web site the oil produced<country wordnetid="108544813" confidence="0.9508927676800064"><link ns0:type="simple" ns0:href="../173/9282173.xml">israel</link></country><link ns0:type="simple" ns0:href="../684/6516684.xml">jews</link><link ns0:type="simple" ns0:href="../ury/22nd_century.xml">arabs</link><group wordnetid="100031264" confidence="0.9508927676800064"><link ns0:type="simple" ns0:href="../632/8632.xml">druze</link></group>and<physical_entity wordnetid="100001930" confidence="0.8"><person wordnetid="100007846" confidence="0.8"><wanderer wordnetid="110765679" confidence="0.8"><traveler wordnetid="109629752" confidence="0.8"><causal_agent wordnetid="100007347" confidence="0.8"><nomad wordnetid="110359759" confidence="0.8"><link ns0:type="simple" ns0:href="../770/61770.xml">bedouin</link></nomad></causal_agent></traveler></wanderer></person></physical_entity>working together the olives are grown the foothills the<link>carmel mountains</link>and pressed within hours picking produce prize winning extra virgin<link ns0:type="simple" ns0:href="../478/22478.xml">olive oil</link>the charity claims that its activities promote peace though this has been challenged campaigners who<weblink ns0:type="simple" ns0:href="http://www.palestinecampaign.org/psc_news.asp?d=y id=202">accuse</weblink>misleadingly attaching peace label israeli product which relies continuing injustices suffered<link ns0:type="simple" ns0:href="../267/23267.xml">palestinians</link></p><sec><st>criticism</st><p>critics argue that arab workers being employed work for israeli company does more promote peaceful resolution the israelpalestine conflict than black workers being employed the production south african gold wine diamonds did end<link ns0:type="simple" ns0:href="../527/2200527.xml">apartheid</link>under israeli military occupation the<link ns0:type="simple" ns0:href="../209/33209.xml">west bank</link>palestinian olive groves are regularly destroyed and uprooted farmers are denied access their own land while checkpoints and discriminatory regulations routinely disrupt palestinian economic life<link ns0:type="simple" ns0:href="../479/22479.xml">olive</link>trees and oil have been central many disputes the occupied territories with<weblink ns0:type="simple" ns0:href="http://www.american.edu/ted/ice/olive-tree.htm">well documented accounts the destruction palestinian olive groves</weblink>both<weblink ns0:type="simple" ns0:href="http://www.haaretz.com/hasen/spages/873850.html">israeli settlers</weblink>and<weblink ns0:type="simple" ns0:href="http://www.guardian.co.uk/israel/Story/0,2763,473147,00.html">the israeli army</weblink></p><p>the charities advisory trust has been asked<ref ns0:type="simple" ns0:href="#xpointer(//reflist/entry[@id=%225%22])" /><ref ns0:type="simple" ns0:href="#xpointer(//reflist/entry[@id=%226%22])" />explain which disadvantaged communities benefit from this enterprise and justify their claims about the benefits peace oil has been suggested that the oil distraction from<weblink ns0:type="simple" ns0:href="http://www.zaytoun.org/">fairly traded oil being being produced palestinian farmers the occupied territories</weblink></p><p>unrelated product marketed the usa<weblink ns0:type="simple" ns0:href="http://www.peaceoil.net/">peace oil</weblink>produced from palestinian olives and marketed cooperation with israeli and palestinian<link ns0:type="simple" ns0:href="../147/49147.xml">fair trade</link>groups according supporters unlike the london version mostly olive oil from the west bank where economic assistance most needed<ref ns0:type="simple" ns0:href="#xpointer(//reflist/entry[@id=%227%22])" /></p></sec><sec><st>external links</st><p><list><entry level="1" type="bullet"><weblink ns0:type="simple" ns0:href="http://www.peaceoil.org">peace oil website</weblink></entry><entry level="1" type="bullet"><weblink ns0:type="simple" ns0:href="http://www.zaytoun.org/">fairly traded olive oil from the occupied territories from zaytoun</weblink></entry><entry level="1" type="bullet"><weblink ns0:type="simple" ns0:href="http://www.charitiesadvisorytrust.org.uk">charities advisory trust website</weblink></entry><entry level="1" type="bullet"><weblink ns0:type="simple" ns0:href="http://www.american.edu/ted/ice/olive-tree.htm">uprooting olive trees palestine report from american university washington</weblink></entry><entry level="1" type="bullet"><weblink ns0:type="simple" ns0:href="http://www.guardian.co.uk/g2/story/0,,2229936,00.html">guardian article charity peace oil really the best way help the middle east</weblink></entry><entry level="1" type="bullet"><weblink ns0:type="simple" ns0:href="http://www.palestinecampaign.org/files/newsmagazines/PN_Autumn_Winter_2007.pdf">palestine solidarity campaign newsletter criticism peace oil autumnwinter</weblink></entry></list></p></sec><sec><st>references</st><p><reflist><entry id="1"><weblink ns0:type="simple" ns0:href="http://www.charitiesadvisorytrust.org.uk/">charities advisory trust</weblink></entry><entry id="2"><weblink ns0:type="simple" ns0:href="http://www.guardian.co.uk/society/2004/dec/08/charityfinance.guardiansocietysupplement">guardian article hilary blume founder the charities advisory trust keeping faith hilary blume the brains behind good cause gifts and greetings cards has raised millions pounds for charity why does she care little for charities alison benjamin finds out guardian society section wednesday december</weblink></entry><entry id="3"><weblink ns0:type="simple" ns0:href="http://www.peaceoil.org/peaceoil/">peace oil website</weblink></entry><entry id="4"><weblink ns0:type="simple" ns0:href="http://www.somethingjewish.co.uk/articles/2074_israel_expo_day.htm">israel expo day</weblink>something jewish november</entry><entry id="5"><weblink ns0:type="simple" ns0:href="http://www.guardian.co.uk/money/2007/dec/01/moneysupplement1">please join the battle against peace oil</weblink>debbie fink<newspaper wordnetid="106267145" confidence="0.9508927676800064"><link ns0:type="simple" ns0:href="../515/19344515.xml">the guardian</link></newspaper>december</entry><entry id="6"><weblink ns0:type="simple" ns0:href="http://www.guardian.co.uk/israel/Story/0,,2223925,00.html">war words over oil named peace</weblink>mark tran the guardian december</entry><entry id="7"><weblink ns0:type="simple" ns0:href="http://www.olives101.com/2007/04/01/peace-olive-oil-is-now-available-in-usa/Peace">olive oil available usa</weblink>olives and olive oil news from all around the world</entry></reflist></p></sec></bdy></organization></article>