<article xmlns:ns0="http://www.w3.org/1999/xlink"><contest confidence="0.9511911446218017" wordnetid="107456188"><header><title>krkpnar</title><id /><revision><id /><timestamp /><contributor><username>barticus</username><id /></contributor></revision><categories><category>sports competitions</category><category>sport amsterdam</category><category>sport edirne</category></categories></header><bdy>krkpnar the name<link ns0:type="simple" ns0:href="../639/11125639.xml">turkish</link>oilwrestling<language wordnetid="106282651" confidence="0.9508927676800064"><link ns0:type="simple" ns0:href="../992/29992.xml">turkish</link></language><link>yal gre</link>tournament held annually usually late june near<village wordnetid="108672738" confidence="0.9508927676800064"><link ns0:type="simple" ns0:href="../887/216887.xml">edirne</link></village><link ns0:type="simple" ns0:href="../639/11125639.xml">turkey</link><sec><st>history</st><ss1><st>oldest known evidence</st><p>the history oil wrestling links straight back with evidence both from<region wordnetid="108630985" confidence="0.8"><administrative_district wordnetid="108491826" confidence="0.8"><location wordnetid="100027167" confidence="0.8"><empire wordnetid="108557482" confidence="0.8"><domain wordnetid="108556491" confidence="0.8"><district wordnetid="108552138" confidence="0.8"><country wordnetid="108544813" confidence="0.8"><link ns0:type="simple" ns0:href="../874/874.xml">ancient egypt</link></country></district></domain></empire></location></administrative_district></region><site wordnetid="108651247" confidence="0.8"><region wordnetid="108630985" confidence="0.8"><administrative_district wordnetid="108491826" confidence="0.8"><location wordnetid="100027167" confidence="0.8"><tract wordnetid="108673395" confidence="0.8"><geographical_area wordnetid="108574314" confidence="0.8"><district wordnetid="108552138" confidence="0.8"><country wordnetid="108544813" confidence="0.8"><link ns0:type="simple" ns0:href="../80s/2080s.xml">assyria</link></country></district></geographical_area></tract></location></administrative_district></region></site>and around the<link ns0:type="simple" ns0:href="../883/46883.xml">babylonian</link>body evidence tiny bronze excavated near the<link>chafadji</link>temple clear plain daylight that the bronze concern oilwrestlers both athletes are pictured with oilvessels their head</p><p>the oldest known proof the existence oilwrestling ancient egypt found limestone from the tomb<link>ptahhoteb</link>near<link ns0:type="simple" ns0:href="../493/1318493.xml">sakkara</link>from the fifth dynasty about from the same period the chafadjibronze</p><p>another appealing proof about years old and painted like cartoon tomb near<region wordnetid="108630985" confidence="0.8"><point wordnetid="108620061" confidence="0.8"><administrative_district wordnetid="108491826" confidence="0.8"><location wordnetid="100027167" confidence="0.8"><municipality wordnetid="108626283" confidence="0.8"><topographic_point wordnetid="108664443" confidence="0.8"><grave wordnetid="103455033" confidence="0.8"><geographical_area wordnetid="108574314" confidence="0.8"><town wordnetid="108665504" confidence="0.8"><district wordnetid="108552138" confidence="0.8"><urban_area wordnetid="108675967" confidence="0.8"><link ns0:type="simple" ns0:href="../773/2073773.xml">beni hasan</link></urban_area></district></town></geographical_area></grave></topographic_point></municipality></location></administrative_district></point></region>egypt the deceased who occupied this tomb must have been famous oilwrestler his time</p><p>the first picture greasing the wrestler and the oil stored reed stem seen after that the wrestling starts the pictures could have been taken yesterday during krkpinar the last picture down shows the unchanged three step triumph oiled wrestling from this period can trace the basic rules</p><p>centuries later the<country wordnetid="108544813" confidence="0.9508927676800064"><link ns0:type="simple" ns0:href="../116/49116.xml">persian</link></country>conquest egypt and<country wordnetid="108544813" confidence="0.9508927676800064"><link ns0:type="simple" ns0:href="../116/49116.xml">persian</link></country><link ns0:type="simple" ns0:href="../648/64648.xml">shah</link>kings occupied the throne the<sovereign wordnetid="110628644" confidence="0.8"><physical_entity wordnetid="100001930" confidence="0.8"><representative wordnetid="110522035" confidence="0.8"><communicator wordnetid="109610660" confidence="0.8"><person wordnetid="100007846" confidence="0.8"><leader wordnetid="109623038" confidence="0.8"><causal_agent wordnetid="100007347" confidence="0.8"><head wordnetid="110162991" confidence="0.8"><head_of_state wordnetid="110164747" confidence="0.8"><ruler wordnetid="110541229" confidence="0.8"><negotiator wordnetid="110351874" confidence="0.8"><link ns0:type="simple" ns0:href="../294/23294.xml">pharaoh</link></negotiator></ruler></head_of_state></head></causal_agent></leader></person></communicator></representative></physical_entity></sovereign></p></ss1><ss1><st>oilwrestling iran</st><p>the history the oilwrestling tournaments know today links back the persian mythical era which according<physical_entity wordnetid="100001930" confidence="0.8"><communicator wordnetid="109610660" confidence="0.8"><person wordnetid="100007846" confidence="0.8"><poet wordnetid="110444194" confidence="0.8"><causal_agent wordnetid="100007347" confidence="0.8"><writer wordnetid="110794014" confidence="0.8"><link ns0:type="simple" ns0:href="../580/193580.xml">ferdowsi</link></writer></causal_agent></poet></person></communicator></physical_entity>shahnameh started the legendary<link ns0:type="simple" ns0:href="../229/990229.xml">pehlivan</link>this era called<story wordnetid="106369829" confidence="0.8"><legend wordnetid="106371413" confidence="0.8"><literary_composition wordnetid="106364329" confidence="0.8"><fictional_character wordnetid="109587565" confidence="0.8"><written_communication wordnetid="106349220" confidence="0.8"><writing wordnetid="106362953" confidence="0.8"><imaginary_being wordnetid="109483738" confidence="0.8"><fiction wordnetid="106367107" confidence="0.8"><link ns0:type="simple" ns0:href="../482/1571482.xml">rostam</link></fiction></imaginary_being></writing></written_communication></fictional_character></literary_composition></legend></story>hero constantly saving his country from the evil forces</p><p>the ceremonial start oilwrestling called its persian name<link ns0:type="simple" ns0:href="../063/11320063.xml">peshrev</link>has clear links with old<country wordnetid="108544813" confidence="0.9508927676800064"><link ns0:type="simple" ns0:href="../653/14653.xml">iran</link></country>ian institutes the zurkhane literally house strength the building consists court around which the men who will perform arrange themselves and gallery for the ostad master morshed spiritual leader and the musicians nowadays the musical accompaniment consists drum and recitation portions ferdowsis<link ns0:type="simple" ns0:href="../608/193608.xml">shahname</link>there are various rhythms employed and variety movements associated with them including displays strength manipulating heavy objects such weights and chains and acrobatics</p><p>here the origin the peshrev has found some considered warming and greettheaudience ceremony others participatory form dance certain different from the usual stepright stepleft stepright kickleft stepleft kickright dance found all over the area</p></ss1><ss1><st>grecoroman oilwrestling</st><p>the word pehlivan for wrestler was first used the period when the parthian expelled the<link ns0:type="simple" ns0:href="../540/66540.xml">greeks</link>from iran</p></ss1><ss1><st>huns defeat romans near edirne</st><p>the<group wordnetid="100031264" confidence="0.8"><people wordnetid="107942152" confidence="0.8"><link ns0:type="simple" ns0:href="../519/13519.xml">huns</link></people></group>arriving the fringes the<country wordnetid="108544813" confidence="0.9508927676800064"><link ns0:type="simple" ns0:href="../507/25507.xml">roman empire</link></country>the late century riding their horses out the great<link ns0:type="simple" ns0:href="../048/54048.xml">steppe</link><region wordnetid="108630985" confidence="0.8"><region wordnetid="108630039" confidence="0.8"><location wordnetid="100027167" confidence="0.8"><hot_spot wordnetid="108586330" confidence="0.8"><geographical_area wordnetid="108574314" confidence="0.8"><link ns0:type="simple" ns0:href="../742/6742.xml">central asia</link></geographical_area></hot_spot></location></region></region>into<country wordnetid="108544813" confidence="0.9508927676800064"><link ns0:type="simple" ns0:href="../867/11867.xml">germany</link></country>and<country wordnetid="108544813" confidence="0.9508927676800064"><link ns0:type="simple" ns0:href="../419/5843419.xml">france</link></country>they approached the<vessel wordnetid="104531098" confidence="0.8"><artifact wordnetid="100021939" confidence="0.8"><instrumentality wordnetid="103575240" confidence="0.8"><basin wordnetid="102801525" confidence="0.8"><container wordnetid="103094503" confidence="0.8"><link ns0:type="simple" ns0:href="../386/3386.xml">black sea</link></container></basin></instrumentality></artifact></vessel>and conquered the<ethnic_group wordnetid="107967382" confidence="0.8"><group wordnetid="100031264" confidence="0.8"><people wordnetid="107942152" confidence="0.8"><link ns0:type="simple" ns0:href="../428/22428.xml">ostrogoths</link></people></group></ethnic_group>they also drove the<ethnic_group wordnetid="107967382" confidence="0.8"><group wordnetid="100031264" confidence="0.8"><people wordnetid="107942152" confidence="0.8"><link ns0:type="simple" ns0:href="../530/32530.xml">visigoths</link></people></group></ethnic_group>across the<stream wordnetid="109448361" confidence="0.8"><body_of_water wordnetid="109225146" confidence="0.8"><river wordnetid="109411430" confidence="0.8"><link ns0:type="simple" ns0:href="../969/7969.xml">danube</link></river></body_of_water></stream>into the roman empire and caused the crisis that led the astounding defeat the roman army under the emperor<emperor wordnetid="110053004" confidence="0.9508927676800064"><link ns0:type="simple" ns0:href="../519/32519.xml">valens</link></emperor>near<link ns0:type="simple" ns0:href="../887/216887.xml">adrianople</link>edirne</p><p>the huns were fanatic wrestlers well horsemen after securing strong position the roman side the danube the huns were checked the roman army general<link ns0:type="simple" ns0:href="../027/145027.xml">aspar</link>thrace</p><p>pehlivan<link ns0:type="simple" ns0:href="../841/841.xml">attila</link>came again into<link ns0:type="simple" ns0:href="../857/36857.xml">thrace</link>and stopped only when emperor<link>thodosius</link>begged for terms during the negotiations romanhun wrestling competition was held<link ns0:type="simple" ns0:href="../088/145088.xml">thermopylae</link>the dispute was actually settled wresting match and winner attila accepted payment all tribute arrears and new annual tribute pounds gold and territory south the<stream wordnetid="109448361" confidence="0.8"><body_of_water wordnetid="109225146" confidence="0.8"><river wordnetid="109411430" confidence="0.8"><link ns0:type="simple" ns0:href="../969/7969.xml">danube</link></river></body_of_water></stream></p><p>three years later emperor theodosius fell from his horse and died his successor<emperor wordnetid="110053004" confidence="0.9508927676800064"><link ns0:type="simple" ns0:href="../739/53739.xml">marcian</link></emperor>refused pay attila the hun decided leave because the sister the roman emperor<person wordnetid="100007846" confidence="0.9508927676800064"><emperor wordnetid="110053004" confidence="0.9508927676800064"><link ns0:type="simple" ns0:href="../647/74647.xml">valentinian iii</link></emperor></person>the lovely<link ns0:type="simple" ns0:href="../785/960785.xml">honoria</link>sent him her ring and message the king the huns and asked attila become her champion atilla agreed this marriage proposal when the sister the roman emperor was put prison atilla decided take care her dowry crossed the<river wordnetid="109411430" confidence="0.9508927676800064"><link ns0:type="simple" ns0:href="../845/25845.xml">rhine</link></river>took<region wordnetid="108630985" confidence="0.8"><administrative_district wordnetid="108491826" confidence="0.8"><location wordnetid="100027167" confidence="0.8"><commune wordnetid="108541609" confidence="0.8"><municipality wordnetid="108626283" confidence="0.8"><geographical_area wordnetid="108574314" confidence="0.8"><district wordnetid="108552138" confidence="0.8"><urban_area wordnetid="108675967" confidence="0.8"><city wordnetid="108524735" confidence="0.8"><link ns0:type="simple" ns0:href="../906/57906.xml">metz</link></city></urban_area></district></geographical_area></municipality></commune></location></administrative_district></region>sacked<link ns0:type="simple" ns0:href="../845/48845.xml">rheims</link><location wordnetid="100027167" confidence="0.9508927676800064"><link ns0:type="simple" ns0:href="../537/20537.xml">mainz</link></location><country wordnetid="108544813" confidence="0.9508927676800064"><link ns0:type="simple" ns0:href="../407/37407.xml">strasbourg</link></country><link ns0:type="simple" ns0:href="../187/6187.xml">cologne</link><location wordnetid="100027167" confidence="0.9508927676800064"><country wordnetid="108544813" confidence="0.9508927676800064"><link ns0:type="simple" ns0:href="../896/33896.xml">worms</link></country></location><link ns0:type="simple" ns0:href="../317/30317.xml">trier</link>and put<link ns0:type="simple" ns0:href="../818/75818.xml">orleans</link>under siege when attila invaded<system wordnetid="108435388" confidence="0.8"><economy wordnetid="108366753" confidence="0.8"><group wordnetid="100031264" confidence="0.8"><link ns0:type="simple" ns0:href="../532/14532.xml">italy</link></group></economy></system><physical_entity wordnetid="100001930" confidence="0.8"><person wordnetid="100007846" confidence="0.8"><genitor wordnetid="110126708" confidence="0.8"><father wordnetid="110080869" confidence="0.8"><doctor wordnetid="110020890" confidence="0.8"><leader wordnetid="109623038" confidence="0.8"><spiritual_leader wordnetid="109505153" confidence="0.8"><progenitor wordnetid="110126806" confidence="0.8"><ancestor wordnetid="109792555" confidence="0.8"><priest wordnetid="110470779" confidence="0.8"><bishop wordnetid="109857200" confidence="0.8"><good_person wordnetid="110138767" confidence="0.8"><intellectual wordnetid="109621545" confidence="0.8"><parent wordnetid="110399491" confidence="0.8"><health_professional wordnetid="110165109" confidence="0.8"><archbishop wordnetid="109805151" confidence="0.8"><adult wordnetid="109605289" confidence="0.8"><theologian wordnetid="110705615" confidence="0.8"><professional wordnetid="110480253" confidence="0.8"><relative wordnetid="110235549" confidence="0.8"><saint wordnetid="110546850" confidence="0.8"><clergyman wordnetid="109927451" confidence="0.8"><medical_practitioner wordnetid="110305802" confidence="0.8"><causal_agent wordnetid="100007347" confidence="0.8"><scholar wordnetid="110557854" confidence="0.8"><link ns0:type="simple" ns0:href="../692/44692.xml">pope leo</link></scholar></causal_agent></medical_practitioner></clergyman></saint></relative></professional></theologian></adult></archbishop></health_professional></parent></intellectual></good_person></bishop></priest></ancestor></progenitor></spiritual_leader></leader></doctor></father></genitor></person></physical_entity>went northern italy meet the great pehlivan and pay him off spare<site wordnetid="108651247" confidence="0.9508927676800064"><village wordnetid="108672738" confidence="0.9508927676800064"><link ns0:type="simple" ns0:href="../458/25458.xml">rome</link></village></site>and abandon papal soil</p><p>honoria was not available next year attila took new young beautiful bride named<link ns0:type="simple" ns0:href="../306/87306.xml">ildico</link>the wedding day was spent with one the greatest wrestling match this time the party went when the king the huns took his new bride bed that night that night died drowned his own nosebleed the empire the huns dissipated nearly quickly its most famous leader the ostrogoths and other<link ns0:type="simple" ns0:href="../446/12446.xml">germanic tribe</link>revolted and the sons attila who had quarreled among themselves could not deal with the crisis the words bury the huns were scattered the winds</p></ss1><ss1><st>oilwrestling for sultan and shah</st><p>during the period<link ns0:type="simple" ns0:href="../917/6037917.xml">islam</link>was brought into<link ns0:type="simple" ns0:href="../854/854.xml">asia minor</link>spirituality and philosophy became part the physical garment the pehlivan oilwrestling was established sport its own iran and the<country wordnetid="108544813" confidence="0.9508927676800064"><link ns0:type="simple" ns0:href="../278/22278.xml">ottoman empire</link></country>alike wrestling became the national sport iran wrestling grew the customary institution the<link>zurkhane</link>strong house where people socialise and engage athletic exercise the wrestler the strongman popular culture persian the term big neck but also the pahlavan the knightly hero who freeliving spirit and generous and loyal</p><p>the year adapted the organizers the edirne krkpnar date<country wordnetid="108544813" confidence="0.9508927676800064"><link ns0:type="simple" ns0:href="../278/22278.xml">ottoman</link></country>soldiers started organize annual oilwrestling tournaments krkpnar wrestling field within<link>samona</link>village according the<link ns0:type="simple" ns0:href="../796/100796.xml">guinness book world records</link>this legend made the krkpnar worlds oldest continuously sanctioned sporting competition</p><p>the last bout between the two finalists lasted all night neither was able defeat the other they were found dead the next morning their bodies still intertwined they were buried underneath nearby fig tree whereupon their comrades headed conquer edirne</p><p>after the conquest the soldiers came upon another fig tree surrounded crystalclear spring they renamed the surrounding meadow which until then had been known ahirky krkpnar which translates from<language wordnetid="106282651" confidence="0.9508927676800064"><link ns0:type="simple" ns0:href="../992/29992.xml">turkish</link></language>forty springs forty sources</p><p>commemorate the heroism the conquering warriors wrestling tournament was reenacted annually this site and the oldest stillcontested sanctioned sporting competition the world began</p><p>whatever tales myths and stories there has always been common respect for the oilwrestlers the pehlivan being stronger than anybody having well built body clothed heavy<link ns0:type="simple" ns0:href="../062/18062.xml">leather</link>pants till today the wrestlers pour olive oil onto their bodies and still you see younger wrestler defeating older wrestler kiss the older wrestlers hand</p><p>according historian burhan katia the word pehlivan was also used for officer governor huge and honest person from the<painting wordnetid="103876519" confidence="0.9508927676800064"><link ns0:type="simple" ns0:href="../568/34568.xml">century</link></painting>the term was exclusively used the ottoman empire for the wrestling sportsman</p><p>was the time<link>sleyman</link>known throughout the world the magnificent even among such bignameplayers<peer wordnetid="110412910" confidence="0.8"><count wordnetid="109969218" confidence="0.8"><duke wordnetid="110038620" confidence="0.8"><link ns0:type="simple" ns0:href="../716/70716.xml">charles</link></duke></count></peer>holy roman emperor ruling<system wordnetid="108435388" confidence="0.8"><economy wordnetid="108366753" confidence="0.8"><group wordnetid="100031264" confidence="0.8"><link ns0:type="simple" ns0:href="../667/26667.xml">spain</link></group></economy></system>germany and parts italy<link ns0:type="simple" ns0:href="../187/14187.xml">henry viii</link>the tudor king england and<link ns0:type="simple" ns0:href="../371/595371.xml">francis</link><link ns0:type="simple" ns0:href="../241/62241.xml">valois</link>king france</p><p>sleyman his own land known kanuni the legislator reigned between and and was succeeded his son<physical_entity wordnetid="100001930" confidence="0.8"><person wordnetid="100007846" confidence="0.8"><sultan wordnetid="110674315" confidence="0.8"><causal_agent wordnetid="100007347" confidence="0.8"><ruler wordnetid="110541229" confidence="0.8"><link ns0:type="simple" ns0:href="../223/28223.xml">selim</link></ruler></causal_agent></sultan></person></physical_entity>for whom<physical_entity wordnetid="100001930" confidence="0.8"><architect wordnetid="109805475" confidence="0.8"><person wordnetid="100007846" confidence="0.8"><engineer wordnetid="109615807" confidence="0.8"><causal_agent wordnetid="100007347" confidence="0.8"><creator wordnetid="109614315" confidence="0.8"><link ns0:type="simple" ns0:href="../874/561874.xml">sinan</link></creator></causal_agent></engineer></person></architect></physical_entity>build the<structure wordnetid="104341686" confidence="0.8"><building wordnetid="102913152" confidence="0.8"><artifact wordnetid="100021939" confidence="0.8"><mosque wordnetid="103788195" confidence="0.8"><place_of_worship wordnetid="103953416" confidence="0.8"><link ns0:type="simple" ns0:href="../987/1815987.xml">selimiye</link></place_of_worship></mosque></artifact></building></structure>edirne considered turkeys most beautiful mosque</p><p>but above all was the era<link ns0:type="simple" ns0:href="../989/19989.xml">murat iii</link>under him the ottoman empire reached its largest geographical area history</p><p>peace agreement was reached between murat iii and the persian shah the model the wrestling pants back this period the model still same for the iranian pahlivan and the turkish pehlivan except that the turkish wrestling pants are made leather and are called<link>kispet</link>while the iranian pahlivan wears pirpet made silk</p><p>famous wrestlers from iran came<site wordnetid="108651247" confidence="0.9508927676800064"><village wordnetid="108672738" confidence="0.9508927676800064"><link ns0:type="simple" ns0:href="../396/3391396.xml">istanbul</link></village></site>compete with the ottoman champions and the turkish champs were invited persia show their strength</p></ss1><ss1><st>collecting strong men</st><p>before all recruits came from prisoners war the<link ns0:type="simple" ns0:href="../814/505814.xml">devsirme</link>other slave sources with that devsirme the very best and strongest guys were recruited from all the provinces the ottoman empire only the strongest and most healtiest boys had chance become pehlivan always known free enough honest and through history trusted for his words and behaviours</p><p>the influence iranians the sport must have been huge turkey the traditional start oilwrestling bout was and still called peshrev the<language wordnetid="106282651" confidence="0.9508927676800064"><link ns0:type="simple" ns0:href="../600/11600.xml">persian language</link></language>and whatever language reforms turkey wrestler still called pehlivan persian for hero</p><p>everywhere the ottoman empire were wrestling championships held every city and village had its annual wrestling like nowadays wrestling occurred variety contexts including social and ceremonial events there was wrestling religious festival days during special evenings the muslim fastingmonth<fundamental_quantity wordnetid="113575869" confidence="0.8"><time_period wordnetid="115113229" confidence="0.8"><time wordnetid="115122231" confidence="0.8"><festival wordnetid="115162388" confidence="0.8"><day wordnetid="115123115" confidence="0.8"><link ns0:type="simple" ns0:href="../173/26173.xml">ramadan</link></day></festival></time></time_period></fundamental_quantity>agricultural events<link ns0:type="simple" ns0:href="../425/8718425.xml">circumcisions</link>and weddings special occasions charity wrestling competitions were organized outside the palaces only the best wrestlers were accepted training become members the elite<link ns0:type="simple" ns0:href="../311/166311.xml">janissary</link>corps</p></ss1><ss1><st>oilwrestling for french impratrice eugenie</st><p>when the ottoman sultan visited france oilwrestlers were part his entourage and impratrice<link ns0:type="simple" ns0:href="../400/3484400.xml">eugenie</link>visited the wrestlingtournament wrestling was tough but oilwrestling was even harder was considered the most difficult sport the world these days the expression fort comme une turc strong turk revived from the crusadedays</p></ss1><ss1><st>virantekke</st><p>after the<link ns0:type="simple" ns0:href="../823/4823.xml">balkan war</link>the place the original krkpnar oilwrestling was left the annual match had relocated from krkpnar near samona<link>virantekke</link>now the<region wordnetid="108630985" confidence="0.8"><crossing wordnetid="100297532" confidence="0.8"><location wordnetid="100027167" confidence="0.8"><change wordnetid="100191142" confidence="0.8"><settlement wordnetid="108672562" confidence="0.8"><travel wordnetid="100295701" confidence="0.8"><village wordnetid="108672738" confidence="0.8"><event wordnetid="100029378" confidence="0.8"><action wordnetid="100037396" confidence="0.8"><geographical_area wordnetid="108574314" confidence="0.8"><act wordnetid="100030358" confidence="0.8"><motion wordnetid="100279835" confidence="0.8"><psychological_feature wordnetid="100023100" confidence="0.8"><link ns0:type="simple" ns0:href="../248/7580248.xml">kapitan andreevo</link></psychological_feature></motion></act></geographical_area></action></event></village></travel></settlement></change></location></crossing></region>checkpoint the<country wordnetid="108544813" confidence="0.9508927676800064"><link ns0:type="simple" ns0:href="../415/3415.xml">bulgaria</link></country>border</p></ss1><ss1><st>edirne</st><p>after years the annual oilwrestling competition the krkpnar moved again another place since bouts are held the<link>sarayii</link>island near edirne</p><p>the last ottoman sultan was exiled<country wordnetid="108544813" confidence="0.9508927676800064"><link ns0:type="simple" ns0:href="../137/19137.xml">malta</link></country>what was left over that great empire almost everything traditional had replaced westernized the language was purified replacing words persian arabic origin for mostly french even sport prevailing any western sport was stake<link>atatrk</link>thought put the wrestling organizations directly under his own sponsorship ordered<link>selim srr tarcan</link>restyle oilwrestling according his guidelines for sport the new turkish republic</p><p>the winner the edirne was longer<link>bapehlivan</link>the krkpnar but champion turkey and instead all those traditional prizes that altin kemer golden belt and all those horses donkeys and camels the winners should have nice modern medal just they the rest the modern world</p><p>was rumored pehlivan would show when instead gold and livestock only title and medal would given because they<link ns0:type="simple" ns0:href="../239/9239.xml">europe</link>the former officer responsible for sport the new republic had back down and allowed the winning wrestler the highest category also bapehlivan the year award horse camel sheep duck whatever the organizers could obtain selim srr tarcan also put restraint the<link>golden belt</link>only for the edirne krkpnar and solely turkish champion was winner for three consecutive years should become the owner such valuable object the weight the altin kemer was limited topmost gram carat gold</p><p>the krkpnar wrestling competitions edirne were still held under the protectorate the<rank wordnetid="114429985" confidence="0.8"><military_rank wordnetid="114431471" confidence="0.8"><status wordnetid="113945919" confidence="0.8"><state wordnetid="100024720" confidence="0.8"><link ns0:type="simple" ns0:href="../433/19407433.xml">agha</link></state></status></military_rank></rank>the agha welcomes his guests and puts them the hotel has dinners and organizes festivities also hands out the prizes the winners their categories just before the final the krkpnar the organizing agha holds auction the bids are placed ram sheep the highest bidder becomes the agha the next years krkpnar and the number one sponsor</p><p>when economical depression hit turkey and agha could found selim srr tarcan made the turkish<link ns0:type="simple" ns0:href="../487/15487.xml">red cross</link>kzlay and the institute child care ocuk esirgeme kurumu responsible for the organization and hosting the guests</p><p>the old days agha was able stop match disqualify wrestlers necessary and even cancel the wrestling events all together nowadays the organizing committee who make such decisions red cross and child care would organize the edirne krkpnar for years then the organization was made municipality services</p></ss1><ss1><st>edirne krkpnar municipality service</st><p>the mayor edirne tahsin sipka signed act that the edirne municipality was responsible for the organization the edirne krkpnar that same year mayor sipka made the edirne krkpnar municipality service</p><p>during year about different oilwrestling games are held turkey they host million spectators average</p></ss1><ss1><st>introduction time</st><p>until there was time limit wrestling krkpnar the pehlivans would wrestle sometimes one sometimes two days until they could establish superiority one another wrestling games would from the morning until dusk and the ones that could not beat each other would the next day after wrestling was limited minutes bapehlivan category there winner within these limits the pehlivans wrestle for minutes with scored recorded the ones that can score points this last period are accepted the winners other categories the wrestling time limited minutes there winner minutes score wrestling follows</p></ss1><ss1><st>federation</st><p><link ns0:type="simple" ns0:href="../818/15818.xml">june</link><link ns0:type="simple" ns0:href="../636/34636.xml" />the turkish federation traditional sport branches geleneksel spor dallari federasyonu was accepted the turkish ministry riding oilwrestling abawrestling and other traditional sports were assembled the same federation under alper yazoglu</p></ss1><ss1><st>oilwrestling hits europe amsterdam</st><p>during the annual krkpnar edirne agha hseyin sahin agreed with veyis gngr the chairman trkevi<village wordnetid="108672738" confidence="0.9508927676800064"><link ns0:type="simple" ns0:href="../844/844.xml">amsterdam</link></village>and<link ns0:type="simple" ns0:href="../563/12281563.xml">mohamed elfers</link><link>mokumtv</link>amsterdam that they would unite their forces promote traditional oilwrestling europe and the world for three days elfers filmed almost every match</p><p><link ns0:type="simple" ns0:href="../765/27765.xml">september</link><link ns0:type="simple" ns0:href="../636/34636.xml" />mokumtv started weekly program the amsterdam channel proved the start fast growing respect europe for this unique and highly esthetic mother all sports</p><p>the late hseyin sahin said during his speech attended turkish president<link>sleyman demirel</link>edirnemayor hamdi sedefi veyis gngr and mohamed elfers that the krkpnar will exceed the borders turkey and unite the world</p><p>the champion wrestlers who attended that edirne krkpnar applauded the news amsterdam krkpnar his speech the award ceremony president sleyman demirel said that turkey would continue raise worldfamous wrestlers veyis gngr told the press that the enthusiast reactions europe proved that this traditional turkish sport not only everlasting but thanks television and video gaining popularity under nonturkish people well the organizers the coming amsterdam krkpnar received the days after the news was released about letters oilwrestlers throughout turkey who would enter competition for the title eurochampion the amsterdam krkpnar</p><p>the mother all sports came for the first ever western europe when the european champions league were held amsterdam less than television teams covered the event and scenes from the amsterdam krkpnar were shown<channel wordnetid="106259898" confidence="0.9508927676800064"><link ns0:type="simple" ns0:href="../028/62028.xml">cnn</link></channel>and the<network wordnetid="108434259" confidence="0.9508927676800064"><link ns0:type="simple" ns0:href="../654/19344654.xml">bbc</link></network>alike</p><p>the european oilwrestling championship held amsterdam had already final with wrestlers from turkey<link ns0:type="simple" ns0:href="../148/21148.xml">the netherlands</link>and other european countries winner was cengiz elbeye edirne krkpnar oilwrestling champion addressing the ceremony held upon the start the matches erkut onart the turkish consul general the netherlands said that believed the friendship between the turkish society and the european countries intensified when these kinds cultural values are brought europe</p><p>the world oilwrestling amsterdam became the most important annual after edirne</p></ss1><ss1><st>special branch</st><p>oilwrestling was accepted special branch the turkish olympic wrestling federation sport and politics the turkish federation traditional sport branches geleneksel spor dallari federasyonu was official accepted federation representing oilwrestling and other traditional turkish sports</p></ss1><ss1><st>antidoping control</st><p>antidoping control was introduced for the first time the turkish olympic wrestling federation during the edirne krkpnar</p></ss1><ss1><st>foreign oilwrestler rejected edirne</st><p>oilwrestling growing sport not limited turkey only sad enough difficult for foreign wrestlers enter this national turkish championship dutch oilwrestler melvin witteveens entry edirne was rejected while kadir yilmaz beaten witteveen some weeks earlier the amsterdam krkpnar was allowed participate due his double turkodutch nationalities</p><p>the winners the categories the amsterdam krkpnar holland are considered european champions this creates the strange fact that according international standards the amsterdam krkpnar tops edirne latter being the national championship turkey only repudiating nonturkish entries</p><p>before each bout the wrestlers pour<link ns0:type="simple" ns0:href="../478/22478.xml">olive oil</link>over their entire bodies and the matches take place open grassy field with the contestants naked except for trousers made leather which extend just above the knee victory achieved when one wrestler either pins the other the ground many other forms wrestling lifts his opponent above his shoulders</p><p>the event attracted little attention outside<link ns0:type="simple" ns0:href="../639/11125639.xml">turkey</link>until the when the style wrestling began spread<region wordnetid="108630039" confidence="0.8"><location wordnetid="100027167" confidence="0.8"><link ns0:type="simple" ns0:href="../800/33800.xml">western europe</link></location></region>has become particularly popular the<system wordnetid="108435388" confidence="0.8"><economy wordnetid="108366753" confidence="0.8"><group wordnetid="100031264" confidence="0.8"><link ns0:type="simple" ns0:href="../148/21148.xml">netherlands</link></group></economy></system>which now hosts its own annual version the tournament attracting participants from throughout europe<link>yal gre</link>wrestling matches are also held<link ns0:type="simple" ns0:href="../573/15573.xml">japan</link></p><p>now guinness world record for the longest running sports competition</p></ss1></sec><sec><st>external links</st><p><list><entry level="1" type="bullet"><weblink ns0:type="simple" ns0:href="http://www.turkishoilwrestling.net">turkish oil wrestling kirkpinar festival</weblink></entry><entry level="1" type="bullet"><weblink ns0:type="simple" ns0:href="http://www.kirkpinar.com">kirkpinarcom turkish oil wrestling</weblink></entry><entry level="1" type="bullet"><weblink ns0:type="simple" ns0:href="http://www.mokumtv.nl/oilwrest.htmt">turkish oilwrestling and krkpnar startsite</weblink></entry><entry level="1" type="bullet"><weblink ns0:type="simple" ns0:href="http://www.michael-craig.com/Kırkpınar/Kırkpınar.html">award winning krkpnar photostory documentary photographer michael craig</weblink></entry><entry level="1" type="bullet"><weblink ns0:type="simple" ns0:href="http://www.Kirkpinar.nl/index.html">amsterdam krkpnar</weblink></entry><entry level="1" type="bullet"><weblink ns0:type="simple" ns0:href="http://www.Kirkpinar.eu/">krkpnar</weblink></entry><entry level="1" type="bullet"><weblink ns0:type="simple" ns0:href="http://www.Kirkpinar.jp/index.html">turkish wrestling</weblink></entry><entry level="1" type="bullet"><weblink ns0:type="simple" ns0:href="http://www.bashpelivanns.com/english/index.html">bashpelivannscom</weblink></entry></list></p></sec></bdy></contest></article>