<article xmlns:ns0="http://www.w3.org/1999/xlink"><idea confidence="0.8" wordnetid="105833840"><plan confidence="0.8" wordnetid="105898568"><header><title>pharmaceutical policy</title><id /><revision><id /><timestamp /><contributor><username>edward</username><id /></contributor></revision><categories><category>pharmacy</category><category>pharmaceuticals policy</category><category>healthcare</category><category>pharmacology</category><category>policy</category><category>social programs</category><category>health</category></categories></header><bdy>pharmaceutical policy branch<link ns0:type="simple" ns0:href="../156/3303156.xml">health policy</link>that deals with the development provision and use medications within health care system embraces drugs both brand name and generic biologics products derived from living sources opposed chemical compositions vaccines and natural health products pharmaceutical policy includes<sec><st>funding research the life sciences</st><p>many countries agency the national government the the nih and the the mrc funds university researchers study the causes disease which some cases leads the development discoveries which can transferred pharmaceutical companies and biotechnology companies basis for drug development setting its budget its research priorities and making decisions about which researchers fund there can significant impact the rate new drug development and the disease areas which new drugs are developed for example major investment the nih into research hiv the certainly could viewed important foundation for the many antiviral drugs that have subsequently been developed</p></sec><sec><st>patent law</st><p>while patent laws are written apply all inventions whether mechanical pharmaceutical electronic the interpretations patent law made government patent granting agencies the united states patent and trademark office for example and courts can very subjectmatter specific with significant impact the incentives for drug development and the availability lowerpriced generic drugs for example recent decision the united states court appeals for the federal circuit pfizer apotex fedcir held invalid patent the pharmaceutical salt formulation previously patented active ingredient that decision not overturned the united states supreme court generic versions the drug controversy norvasc amlodipine besylate will available much earlier the reasoning the federal circuit the case applied more generally other patents pharmaceutical formulations would have significant impact speeding generic drug availability and conversely some negative impact the incentives and funding for the research and development new drugs</p></sec><sec><st>licensing</st><p>this involves the approval product for sale jurisdiction typically national agency such the<link ns0:type="simple" ns0:href="../632/11632.xml">food and drug administration</link>specifically the<link ns0:type="simple" ns0:href="../259/8338259.xml">center for drug evaluation and research</link>cder the<link ns0:type="simple" ns0:href="../200/1442200.xml">medicines and healthcare products regulatory agency</link><department wordnetid="108114861" confidence="0.9508927676800064"><link ns0:type="simple" ns0:href="../516/216516.xml">health canada</link></department>ukrainian drug registration agency<weblink ns0:type="simple" ns0:href="http://www.drugmed.gov.ua/">httpwwwdrugmedgovua</weblink>responsible for reviewing product and approving for sale the regulatory process typically focuses safety and efficacy approved for sale product must demonstrate that generally safe has favourable riskbenefit profile relative the condition intended treat and that does what the manufacturer claims internal staff and expert advisory committees review products once approved product given approval letter issued with notice compliance indicating that may now sold the jurisdiction some cases such approvals may have conditions attached requiring for example additional postmarketing trials clarify issue such efficacy certain patient populations interactions with other products criteria limiting the product certain uses</p></sec><sec><st>pricing</st><p>many jurisdictions drug prices are regulated for example the the<link>pharmaceutical price regulation scheme</link>intended ensure that the national health service able purchase drugs reasonable prices canada the<link ns0:type="simple" ns0:href="../047/17830047.xml">patent medicines pricing review board</link>examines drug pricing compares the proposed canadian price that seven other countries and determines price excessive not these circumstances drug manufacturers must submit proposed price the appropriate regulatory agency</p></sec><sec><st>reimbursement</st><p>once regulatory agency has determined the clinical benefit and safety product and pricing has been confirmed necessary drug manufacturer will typically submit for evaluation payer some sort payers may private insurance plans governments through the provision benefits plans insured populations specialized entities like<division wordnetid="108220714" confidence="0.8"><administrative_unit wordnetid="108077292" confidence="0.8"><department wordnetid="108114861" confidence="0.8"><link ns0:type="simple" ns0:href="../122/16664122.xml">cancer care ontario</link></department></administrative_unit></division>which funds inhospital oncology drugs health care organizations such hospitals this point the critical issue costeffectiveness this where the discipline<link ns0:type="simple" ns0:href="../424/6989424.xml">pharmacoeconomics</link>often applied this specialized field health economics that looks the costbenefit product terms quality life alternative treatments drug and nondrug and cost reduction avoidance other parts the health care system for example drug may reduce the need for surgical intervention thereby saving money structures like the uks<link>national institute health and clinical excellence</link>and canadas<link>common drug review</link>evaluate products this way some jurisdictions not however evaluate products for costeffectiveness some instances individual drug benefit plans their administrators may also evaluate products additionally hospitals may have their own review committees often called pharmacy and therapeutics committee make decisions about which drugs fund from the hospital budget</p><p>drug plan administrators may also apply their own pricing rules outside that set national pricing agencies for example british columbia uses pricing model called<link>referencebased pricing</link>set the price drugs certain classes many<link>pharmacy benefit managers</link>pbms use strategies like tiered formularies and preferred listings encourage competition and downward pricing pressure resulting lower prices for benefits plans competitive procurement this sort common among large purchasers such the<link>veterans health administration</link></p><p>typically manufacturer will provide estimate the projected use drug well the expected fiscal impact drug plans budget necessary drug plan may negotiate risksharing agreement mitigate the potential for unexpectedly large budget impact due incorrect assumptions and projections</p><p>because the clinical trials used generate information support drug licensing are limited scope and duration drug plans may request ongoing postmarket trials often called phase pragmatic clinical trials demonstrate products real world safety and effectiveness these may take the form patient registry other means data collection and analysis</p><p>once product deemed costeffective price negotiated applied the case pricing model and any risksharing agreement negotiated the drug placed drug list formulary prescribers may choose drugs the list for their patients subject any conditions patient criteria</p></sec><sec><st>formulary management</st><p>the core most reimbursement regimes the drug list formulary managing this list can involve many different approaches negative lists products that are not reimbursed under any circumstances are used some jurisdictions germany more dynamic formularies may have graduated listings such ontarios recent conditional listing model mentioned formularies may used drive choice lower cost drugs structuring sliding scale copayments favouring cheaper products those for which there preferential agreement with the manufacturer this the principle underlying preferred drug lists used many state medicaid programs some jurisdictions and plans such italy may also categorize drugs according their essentialness and determine the level reimbursement the plan will provide and the portion that the patient expected pay</p><p>formularies may also segment drugs into categories for which prior authorization needed this usually done limit the use high cost drug one that has potential for inappropriate use sometimes called offlabel involves using product treat conditions other than those for which its license was granted this circumstance health care provider would have seek permission prescribe the product the pharmacist would have obtain permission prior dispensing</p></sec><sec><st>eligibility</st><p>depending the structure the health care system drugs may purchased patients themselves health care organization behalf patients insurance plan public private hospitals typically limit eligilibity their inpatients private plans may employersponsored such<link ns0:type="simple" ns0:href="../395/3462395.xml">blue cross</link>mandated legislation quebec consist outsourcing arrangement for public plan such the<link ns0:type="simple" ns0:href="../773/2870773.xml">medicare part</link>scheme public plans may structured variety ways including</p><p>universal australias<link ns0:type="simple" ns0:href="../990/772990.xml">pharmaceutical benefits scheme</link>restricted age the ontario drug benefit plan for seniors segmented disease group such manitobas cystic fibrosis drug plan geared income such<link ns0:type="simple" ns0:href="../794/55794.xml">medicaid</link>programs many states</p><p>additionally plans may structured respond the catastrophic impact drug expenses incurred those with serious diseases high drug spending relative income these patient populations often called medically needy may have all part their drug costs covered plans last resort typically governmentsponsored one such plan ontarios trillium drug program</p><p>pharmaceutical policy may also used respond health crises for example argentina launched<link>remediar</link>during its financial crisis the governmentsponsored program provides specified list essential drugs primary care clinics lowincome neighbourhoods similarly brazil provides drugs for hivaids free all citizens deliberate public health policy choice</p><p>eligibility policy also focuses costsharing between plan and the beneficiary the insured person copayments may used drive certain prescribing choices for example favouring generic over brand drugs preferred over nonpreferred products deductibles may used part geared income plans</p></sec><sec><st>prescribing</st><p>pharmaceutical policy may also attempt shape and inform prescribing prescribing may limited physicians include certain classes health care providers such nurse practitioners and pharmacists there may limitations placed each class provider this may take the form prescribing criteria for drug limiting its prescribing particular type specialist physician for example such hivaids drugs physicians with advanced training this area may involve special drug lists that specific type health care provider such nurse practitioner may prescribe from</p><p>plans may also seek influence prescribing providing information prescribers this practice often called<link ns0:type="simple" ns0:href="../806/5613806.xml">academic detailing</link>differentiate from the detailing provision drug information done pharmaceutical companies organizations such australias<link ns0:type="simple" ns0:href="../644/1612644.xml">national prescribing service</link>typify this technique providing independent information including headtohead comparisons and costeffectiveness information prescribers influence their choices</p><p>additionally efforts promote the appropriate use medications may also involve other providers like pharmacists providing clinical consulting services settings such hospitals and longterm care pharmacists often collaborate closely with physicians ensure optimal prescribing choices are made some jurisdictions such australia pharmacists are compensated for providing medication reviews for patients outside acute longterm care settings pharmacist collaboration with family physicians order improve prescribing may also funded</p></sec><sec><st>pharmacy services</st><p>pharmaceutical policy may also encompass how drugs are provided beneficiaries this includes the mechanics drug distribution and dispensing well the funding such services for example some hmos the use central fill approach where all prescriptions are packaged and shipped from central location instead community pharmacy other jurisdictions retail pharmacies are compensated for dispensing drugs eligible beneficiaries stateoperated approach may also taken with swedens<company wordnetid="108058098" confidence="0.9508927676800064"><link ns0:type="simple" ns0:href="../188/360188.xml">apoteket</link></company>which has the monopoly retail pharmacy and notforprofit pharmaceutical policy may also subsidize smaller more marginal pharmacies using the rationale that they are needed health care providers the uks<link>essential small pharmacies scheme</link>works this way</p></sec><sec><st>see also</st><p><list><entry level="1" type="bullet"><link ns0:type="simple" ns0:href="../138/1616138.xml">ich</link></entry><entry level="1" type="bullet"><link ns0:type="simple" ns0:href="../631/3260631.xml">national pharmaceuticals policy</link></entry></list></p></sec></bdy></plan></idea></article>