<article xmlns:ns0="http://www.w3.org/1999/xlink"><header><title>piprade</title><id /><revision><id /><timestamp /><contributor><username>glane</username><id /></contributor></revision><categories><category>basque cuisine</category></categories></header><bdy><image location="right" width="150px" src="Pip%C3%A9rade.jpg#file" type="thumb"><caption>piprade</caption></image>piprade<link ns0:type="simple" ns0:href="../679/3789679.xml">basque</link>dish typically prepared with<link ns0:type="simple" ns0:href="../258/51258.xml">onion</link><link ns0:type="simple" ns0:href="../979/55979.xml">sweet peppers</link>and<link ns0:type="simple" ns0:href="../234/9940234.xml">tomatoes</link><link>sautd</link><link ns0:type="simple" ns0:href="../478/22478.xml">olive oil</link>may main side dish typical additions include<link ns0:type="simple" ns0:href="../010/19196010.xml">egg</link><link ns0:type="simple" ns0:href="../469/50469.xml">garlic</link>meats such<link ns0:type="simple" ns0:href="../299/14299.xml">ham</link><sec><st>see also</st><p><list><entry level="1" type="bullet"><link ns0:type="simple" ns0:href="../610/1144610.xml">espelette pepper</link></entry></list></p></sec><sec><st>external links</st><p><list><entry level="1" type="bullet"><weblink ns0:type="simple" ns0:href="http://www.bbc.co.uk/food/recipes/database/pip233rade_7035.shtml">piperade recipe</weblink>the bbc website</entry></list></p></sec></bdy></article>