<article xmlns:ns0="http://www.w3.org/1999/xlink"><entity confidence="0.9511911446218017" wordnetid="100001740"><header><title>journal ranking</title><id /><revision><id /><timestamp /><contributor><username>signalhead</username><id /></contributor></revision><categories><category>bibliometrics</category><category>all npov disputes</category><category>npov disputes from december</category><category>academic publishing</category><category>wikipedia articles with possible conflicts interest</category></categories></header><bdy><table class="metadata plainlinks ambox "><row><col>amboxcontent style</col></row><row><col class="mbox-image"><p><image width="40px" src="Unbalanced_scales.svg" /></p></col><col style="" class="mbox-text">major contributor this article its creator appears have with its subject may require comply with wikipedias content policies particularly please discuss further the december</col></row></table><p><table class="metadata plainlinks ambox "><row><col>amboxcontent style</col></row><row><col class="mbox-image"><p><image width="40px" src="Unbalanced_scales.svg" /></p></col><col style="" class="mbox-text">the this article please see the discussion the december please not remove this message until the</col></row></table></p><sec><st>static journal ranking</st><p>journal ranking widely used academic circles the evaluation journals impact although there are several websites that release rankings journals specific areas research their audiences have only static access ranking reports namely these sites provide facilities change the structure categories the criteria for ranking journals</p><p>such limitations have severely curtailed flexibility that required when assessing journals impact within its domain related domains</p></sec><sec><st>interactive journal ranking model</st><p>the limitations static journal ranking websites have inspired researchers design interactive model allow users interactively configure their ranking interests when evaluating journals impact employing modified classical scientific model known eigenvector analysis more commonly known googles pagerank algorithm has been widely applied areas such image processing pattern recognition and web page rankings</p><p>interactive version this has been implemented with the model<weblink ns0:type="simple" ns0:href="http://www.journal-ranking.com/ranking/web/content/whitepapers.html" />users can have the flexibility evaluate journal impact based their own interests because the parameters are customizable</p></sec><sec><st>see also</st><p><link ns0:type="simple" ns0:href="../865/1036865.xml">impact factor</link></p></sec><sec><st>external links</st><p><list><entry level="1" type="bullet">httpjournalrankingcom</entry><entry level="1" type="bullet" /></list></p></sec></bdy></entity></article>