<article xmlns:ns0="http://www.w3.org/1999/xlink"><written_communication confidence="0.8" wordnetid="106349220"><code confidence="0.8" wordnetid="106667317"><header><title>radiative transfer code</title><id /><revision><id /><timestamp /><contributor><username>muslim hybrid</username><id /></contributor></revision><categories><category>articles with invalid date parameter template</category><category>wikify from september</category><category>all pages needing wikified</category><category>atmospheric radiative transfer codes</category></categories></header><bdy><table class="metadata plainlinks ambox "><row><col>amboxstyle style</col></row><row><col class="mbox-image"><p><image width="50px" src="Wikitext.svg" /></p></col><col style="" class="mbox-text">please this article section help<weblink ns0:type="simple" ns0:href="http://localhost:18088/wiki/index.php?title=6S_%28radiative_transfer_code%29 action=edit">improve this article</weblink>adding september</col></row></table><p>second simulation satellite signal the solar spectrum vector version advanced radiative transfer code designed simulate the reflection solar radiation coupled atmospheresurface system for wide range atmospheric spectral and geometrical conditions the code operates the basis sos successive orders scattering method and accounts for the polarization radiation the atmosphere through the calculation the and components the stokes vector basic code for the calculation lookup tables the modis atmospheric correction algorithm</p><sec><st>see also</st><p><list><entry level="1" type="bullet"><link ns0:type="simple" ns0:href="../762/10396762.xml">list atmospheric radiative transfer codes</link></entry></list></p></sec><sec><st>external links</st><p><list><entry level="1" type="bullet"><weblink ns0:type="simple" ns0:href="http://6S.ltdri.org">httpsltdriorg</weblink>web site</entry><entry level="1" type="bullet"><weblink ns0:type="simple" ns0:href="http://rtcodes.ltdri.org">httprtcodesltdriorg</weblink>joint code comparison project</entry><entry level="1" type="bullet"><weblink ns0:type="simple" ns0:href="http://modis-sr.ltdri.org">httpmodissrltdriorg</weblink>modis atmospheric correction group</entry></list></p></sec><sec><st>references</st><p>kotchenova vermote matarrese klemm validation vector version the radiative transfer code for atmospheric correction satellite data part path radiance applied optics</p><p>kotchenova vermote validation vector version the radiative transfer code for atmospheric correction satellite data part homogeneous lambertian and anisotropic surfaces applied optics press</p></sec></bdy></code></written_communication></article>