<article xmlns:ns0="http://www.w3.org/1999/xlink"><company confidence="0.8" wordnetid="108058098"><institution confidence="0.8" wordnetid="108053576"><header><title>dalmia</title><id /><revision><id /><timestamp /><contributor><username>merc</username><id /></contributor></revision><categories><category>family businesses</category><category>articles with invalid date parameter template</category><category>wikify from january</category><category>all pages needing wikified</category><category>companies india</category><category>articles lacking reliable references from august</category><category>all articles lacking sources</category><category>marwar</category></categories></header><bdy><table class="metadata plainlinks ambox "><row><col>amboxcontent style</col></row><row><col class="mbox-image"><p><image width="50px" src="Question_book-new.svg" /></p></col><col style="" class="mbox-text">this article section needs that appear reliable thirdparty publications and sources affiliated with the subject the article are generally not sufficient for wikipedia article please include more appropriate from discuss the issue the talk page august</col></row></table><p><table class="metadata plainlinks ambox "><row><col>amboxstyle style</col></row><row><col class="mbox-image"><p><image width="50px" src="Wikitext.svg" /></p></col><col style="" class="mbox-text">please this article section help<weblink ns0:type="simple" ns0:href="http://localhost:18088/wiki/index.php?title=Dalmia action=edit">improve this article</weblink>adding january</col></row></table></p><p>the dalmia companies came into existence<country wordnetid="108544813" confidence="0.9508927676800064"><link ns0:type="simple" ns0:href="../533/14533.xml">india</link></country>the early the dalmia<link ns0:type="simple" ns0:href="../710/11508710.xml">jain</link>group founded the late ramkrishna dalmia with the assistance his younger brother jaidayal dalmia and his soninlaw<link ns0:type="simple" ns0:href="../167/13559167.xml">sahu shanti prasad jain</link>the groups activities included banks and insurance companies newspapers and publishing houses aviation and railway companies electric supply companies collieries motor car company biscuits cement chemicals distilleries dairy products jute paper plywood paints refractories sugar textiles and others</p><p>the groups greatest contribution national development was the emergence the indian cement industry entering this area challenge the monopoly one powerful combine the acc ltd the group set several cement factories reflecting the geographic expansion the group and its presence each corner the country cement factories were set dalmianagar bihar east india dalmia dadri haryana north india dandot west punjab now central pakistan dalmiapuram tamil nadu south india karachi sind now south pakistan rajgangpur orissa east india and sawai madhopur rajasthan north india</p><p><link ns0:type="simple" ns0:href="../630/34630.xml" />the group established the bharat bank ltd which the basis authorised capital became the biggest bank its time later acquired controlling interests the punjab national bank and the times india group publications the time the dalmia companies together ranked third among indias major industrial groups after the tatas and the birlas the automotive sphere one company the group allen berry limited purchased the entire lot american surplus disposal vehicles numbering about after<military_action wordnetid="100952963" confidence="0.8"><group_action wordnetid="101080366" confidence="0.8"><event wordnetid="100029378" confidence="0.8"><conflict wordnetid="100958896" confidence="0.8"><act wordnetid="100030358" confidence="0.8"><psychological_feature wordnetid="100023100" confidence="0.8"><war wordnetid="100973077" confidence="0.8"><link ns0:type="simple" ns0:href="../927/32927.xml">world war</link></war></psychological_feature></act></conflict></event></group_action></military_action>this company ran vast workshops various parts india till the when was disbanded</p><p>the dalmia family traces its roots town<legal_power wordnetid="105198427" confidence="0.9508927676800064"><link ns0:type="simple" ns0:href="../291/26291.xml">rajasthan</link></legal_power>known<legal_power wordnetid="105198427" confidence="0.9508927676800064"><link ns0:type="simple" ns0:href="../677/2651677.xml">chirawa</link></legal_power>today the family and its relatives have interests among others publishing industrial explosives cement magnesite sugar olive oil leisure resorts and hotels refractories castings cigarettes soda ash textiles rigs and drilling equipment and services such inbound tourism public relations business process outsourcing software development and financial services</p><p>total turnover these companies exceeds billion</p><sec><st>ramkrishna dalmia</st><p>ramkrishna dalmia april september was pioneer industrialist and founder the dalmiajain group was born the small village chirawa jhunjhunu district rajasthan and started his life with barely any material resources shifted calcutta early age his father died when was only years old leaving behind property fell upon ramkrishna dalmia support his mother grandmother wife and younger brother</p><p>his maternal uncle motilal jhunjhunwala gave him job his bullion business which enabled him earn just enough support his whole family people met through this formed high regard for his business acumen and sought his advice started brokerage business his own and soon through stroke luck and genius made one lakh rupees single transaction this was the beginning what would soon become indias thirdlargest business empire</p><p>beginning with sugar factory what now known dalmianagar the state bihar dalmia went set many industries with the assistance his younger brother the late jaidayal dalmia and his soninlaw the late<link ns0:type="simple" ns0:href="../167/13559167.xml">sahu shanti prasad jain</link></p><p>ramkrishna dalmia gave huge financial support the nationalist movement against the british regime<link ns0:type="simple" ns0:href="../379/19379.xml">gandhi</link><link ns0:type="simple" ns0:href="../073/37073.xml">civil disobedience</link>movement started with the salt satyagraha was fact financed almost entirely him fact which national leaders like<link ns0:type="simple" ns0:href="../083/702083.xml">rajendra prasad</link>and shri syed hasan imam alluded the future</p><p>dalmia had contacts with persons all walks life among national leaders had direct contact with gandhi jamuna lal bajaj sardar patel rajendra prasad and<link ns0:type="simple" ns0:href="../989/400989.xml">jinnah</link>set cement factories the kingdoms jind and jaipur the invitation their ruling princes</p><p>dalmia was also great philanthropist and presided over number religious educational and social conferences formed the anti cowslaughter league began worldwide campaign promoting the idea oneworld government authored many books spirituality and inspiration</p><p>dalmia passed away the september the age after prolonged illness</p></sec><sec><st>companies controlled the dalmia family today</st><p>artech infosystems pvt ltd noida software products consulting bpo</p><p>bharat explosives ltd lalitpur uttar pradesh industrial explosives</p><p>colwell salmon noida public relations management</p><p>dalmia cement bharat ltd incl dalmia electronics corpn dalmia magnesite corp govan travels ramgarh sugar mills dalmiapuram tamil nadu cement refractories sugar magnesite iron ore travel agency electronic capacitors and resistors</p><p>dalmia centre for coimbatore applied agricultural research</p><p>dalmia continental pvt ltd new delhi distribution and sale<link ns0:type="simple" ns0:href="../478/22478.xml">olive oil</link>and related products</p><p>dalmia healthcare ltd new delhi alternative healthcare products and solutions</p><p>dalmia resorts international pvt ltd new delhi timeshare vacation ownership hotels resorts</p><p>dss mobile communications ltd radio paging services collaboration with sunkyong korea and samsung korea bpo services</p><p>electrosteel castings ltd calcutta castings</p><p>first capital india limited new delhi incl landmark holdings financial services private equity placement and venture capital</p><p>gtc industries limited new delhi tobacco products</p><p>ghcl limited veraval gujarat incl sree meenakshi mills madurai tamil nadu soda ash collaboration with akzo zout chemie holland and klockner industries analgen germany textiles bpo services</p><p>hari machines ltd rajgangpur orissa industrial ceramics and engineering products</p><p>grandeur travels pvt ltd new delhi agents travel agents</p><p>foundation ltd new delhi real estate development merchant exports investments</p><p>khammam granite ltd khammam granite mining and export</p><p>ocl india ltd rajgangpur orissa cement refractories chemicals</p><p>revathi equipment ltd coimbatore tamil nadu rigs and drilling equipment</p><p>shree ram plastic udyog noida plastic bottles and materials</p><p>sunshine tourism services pvt ltd new delhi tour handling management</p><p>trw limited chennai welding works</p><p>wgf securities limited new delhi merchant banking financial services</p></sec><sec><st>links</st><p><weblink ns0:type="simple" ns0:href="http://www.time.com/time/magazine/article/0,9171,890731,00.html">time magazine article</weblink></p><p><weblink ns0:type="simple" ns0:href="http://209.85.175.104/search?q=cache:-av5qzee0T8J:www.ccsindia.org/policy/hist/studies/wp0025.pdf+ramkrishna+dalmia hl=en ct=clnk cd=12">centre for civil society research paper</weblink></p><p><weblink ns0:type="simple" ns0:href="http://www.dalmiabrothers.com">dalmia brothers</weblink></p><p><weblink ns0:type="simple" ns0:href="http://www.oclindialtd.in">ocl india ltd</weblink></p><p><weblink ns0:type="simple" ns0:href="http://www.dalmiaglobal.com">dalmia continental</weblink></p><p><weblink ns0:type="simple" ns0:href="http://www.sunshineindia.com">sunshine tourism</weblink></p><p><weblink ns0:type="simple" ns0:href="http://www.revathi.co.in">revathi equipment ltd</weblink></p><p><weblink ns0:type="simple" ns0:href="http://timesofindia.indiatimes.com">the times india</weblink></p><p><weblink ns0:type="simple" ns0:href="http://www.gtcil.com">gtc industries ltd</weblink></p><p><weblink ns0:type="simple" ns0:href="http://www.hindustantimes.com/StoryPage/StoryPage.aspx?id=894786b4-05d3-44ea-80b0-916b7c87d228">hindustan times article</weblink></p><p><weblink ns0:type="simple" ns0:href="http://www.frontlineonnet.com/fl2423/stories/20071207506708100.htm">frontline magazine fateful year</weblink></p><p><weblink ns0:type="simple" ns0:href="http://www.milligazette.com/Archives/2004/01-15Sep04-Print-Edition/011509200404.htm">the milli gazette article</weblink></p><p><weblink ns0:type="simple" ns0:href="http://www.thehindu.com/thehindu/fline/fl2022/stories/20031107000407500.htm">frontline magazinethe house that jinnah built</weblink></p><p><weblink ns0:type="simple" ns0:href="http://www.dailytimes.com.pk/default.asp?page=story_8-8-2003_pg7_54">daily times article</weblink></p></sec></bdy></institution></company></article>