<article xmlns:ns0="http://www.w3.org/1999/xlink"><header><title>ibm workplace</title><id /><revision><id /><timestamp /><contributor><username>rwwww</username><id /></contributor></revision><categories><category>software engineering disasters</category><category>ibm operating systems</category></categories></header><bdy>workplace was born ambitious plan<company wordnetid="108058098" confidence="0.9508927676800064"><link ns0:type="simple" ns0:href="../259/18622259.xml">ibm</link></company>create new computer<link ns0:type="simple" ns0:href="../194/22194.xml">operating system</link>the goal workplace was improve software portability and reduce maintenance costs ibms software using common<link ns0:type="simple" ns0:href="../023/20023.xml">microkernel</link>base for all ibms operating systems<p>the base workplace was version the<link ns0:type="simple" ns0:href="../028/21028.xml">mach</link>microkernel release developed<university wordnetid="108286163" confidence="0.9508927676800064"><link ns0:type="simple" ns0:href="../093/48093.xml">carnegie mellon university</link></university>and heavily modified the<foundation wordnetid="113790712" confidence="0.8"><link ns0:type="simple" ns0:href="../219/190219.xml">open software foundation</link></foundation>research institute top the microkernel workplace was run servers also called operatingsystem personalities that would execute<link ns0:type="simple" ns0:href="../146/8146.xml">dos</link><O wordnetid="106832680" confidence="0.9508927676800064"><link ns0:type="simple" ns0:href="../409/22409.xml" /></O><link ns0:type="simple" ns0:href="../890/18890.xml">microsoft windows</link><link ns0:type="simple" ns0:href="../005/248005.xml" />and<link ns0:type="simple" ns0:href="../ury/22nd_century.xml">aix</link>applications ibm had planned for workplace run several processor architectures including<link ns0:type="simple" ns0:href="../281/24281.xml">powerpc</link><chip wordnetid="103020034" confidence="0.8"><artifact wordnetid="100021939" confidence="0.8"><instrumentality wordnetid="103575240" confidence="0.8"><microprocessor wordnetid="103760310" confidence="0.8"><conductor wordnetid="103088707" confidence="0.8"><device wordnetid="103183080" confidence="0.8"><semiconductor_device wordnetid="104171831" confidence="0.8"><link ns0:type="simple" ns0:href="../558/60558.xml">arm</link></semiconductor_device></device></conductor></microprocessor></instrumentality></artifact></chip>and<link ns0:type="simple" ns0:href="../198/34198.xml" />computers and ranging size from<link ns0:type="simple" ns0:href="../304/23304.xml">pda</link><link ns0:type="simple" ns0:href="../181/68181.xml">workstation</link>large servers</p><p>ibm saw the easy portability the machbased workplace creating simple migration path move their existing dos and customer base onto powerpcbased systems ibm hedged their operating system strategy aggressively trying recruit other computer companies adopt its microkernel basis for their own operating systems ibm persuaded<company wordnetid="108058098" confidence="0.8"><institution wordnetid="108053576" confidence="0.8"><link ns0:type="simple" ns0:href="../989/89989.xml">taligent</link></institution></company>replace its own internally developed microkernel with the ibm microkernel ostensibly this would have allowed taligents operating system implemented workplace personality execute sidebyside with dos and operating system personalities</p><p>the initial internaldevelopment versions workplace ran xbased hardware and provided robust<O wordnetid="106832680" confidence="0.9508927676800064"><link ns0:type="simple" ns0:href="../622/18932622.xml">bsd unix</link></O>derived personality and dos personality</p><p>the inherent difficulty implementing kernel with multiple personalities and poor communication between the teams implementing the different personalities are largely blamed for the failure and the two billion dollar cost throughout the project poor performance was accepted the belief that the high speed powerpc hardware would make nonissue this turned out false belief eventually the powerpc kernel with the personality and new unix personality was released commercial product october second version was released that also supported and arm processors faced with poor performance low acceptance the<link ns0:type="simple" ns0:href="../440/861440.xml">powerpc reference platform</link>which the initial offering ran poor quality the<chip wordnetid="103020034" confidence="0.8"><artifact wordnetid="100021939" confidence="0.8"><instrumentality wordnetid="103575240" confidence="0.8"><microprocessor wordnetid="103760310" confidence="0.8"><conductor wordnetid="103088707" confidence="0.8"><device wordnetid="103183080" confidence="0.8"><semiconductor_device wordnetid="104171831" confidence="0.8"><link ns0:type="simple" ns0:href="../684/8632684.xml#xpointer(//*[./st=%22PowerPC+620%22])">powerpc</link></semiconductor_device></device></conductor></microprocessor></instrumentality></artifact></chip>platform extensive cost overruns lack aix windows kernel personalities and resulting low customer demand the project was cancelled</p><p>upon cancellation ibm closed both the workplace project and the power personal division responsible for low end powerpc processors the other long term effect was that ibm decided stop developing new operating systems and committed heavily using windows and<O wordnetid="106832680" confidence="0.9508927676800064"><link ns0:type="simple" ns0:href="../297/6097297.xml">linux</link></O></p></bdy></article>