<article xmlns:ns0="http://www.w3.org/1999/xlink"><header><title>canonicalization</title><id /><revision><id /><timestamp /><contributor><username>polletfa</username><id /></contributor></revision><categories><category>computing terminology</category></categories></header><bdy><indent level="1">not confused with<link ns0:type="simple" ns0:href="../097/6097.xml">canonization</link></indent><link ns0:type="simple" ns0:href="../323/5323.xml">computer science</link>canonicalization abbreviated where represents the number letters between the and the process for converting<link ns0:type="simple" ns0:href="../040/18985040.xml">data</link>that has more than one possible representation into standard<link ns0:type="simple" ns0:href="../150/328150.xml">canonical</link>representation this can done compare different representations for equivalence count the number distinct data structures improve the efficiency various<link ns0:type="simple" ns0:href="../775/775.xml">algorithm</link>eliminating repeated calculations make possible impose meaningful<link ns0:type="simple" ns0:href="../656/144656.xml">sorting</link>order<sec><st>examples</st><ss1><st>links wikipedia</st><p>example<web_site wordnetid="106359193" confidence="0.9508927676800064"><link ns0:type="simple" ns0:href="../734/5043734.xml">wikipedia</link></web_site>uses canonicalization its processing links between articles see the first letter the article name capitalized leading and trailing spaces are removed and embedded whitespace replaced underscores for example egg salad all refer the same article</p></ss1><ss1><st>web servers</st><p>canonicalization filenames important for computer security for example web server may have security rule stating only execute files under the cgi directory cinetpubwwwrootcgibin the rule enforced checking that the path starts with cinetpubwwwrootcgibin and does the file executed</p><p>should executed because this trick path goes back the directory hierarchy not staying within cgibin accepting face value would error due failure canonicalize the filename unique simplest representation namely cwindowssystemcmdexe before doing the path check this type fault called<link ns0:type="simple" ns0:href="../396/2324396.xml">directory traversal</link>vulnerability</p></ss1><ss1><st>unicode</st><p><link ns0:type="simple" ns0:href="../707/7280707.xml">variablelength encoding</link>the<link ns0:type="simple" ns0:href="../742/31742.xml">unicode</link>standard particular<message wordnetid="106598915" confidence="0.8"><information wordnetid="106634376" confidence="0.8"><electronic_database wordnetid="106588511" confidence="0.8"><lexical_database wordnetid="106638868" confidence="0.8"><format wordnetid="106636806" confidence="0.8"><wordnet wordnetid="106639428" confidence="0.8"><database wordnetid="106637824" confidence="0.8"><link ns0:type="simple" ns0:href="../188/32188.xml">utf</link></database></wordnet></format></lexical_database></electronic_database></information></message>have more than one possible encoding for most common characters<ref ns0:type="simple" ns0:href="#xpointer(//reflist/entry[@id=%221%22])" />this makes string validation more complicated since every possible encoding each string character must considered software implementation which does not consider all character encodings runs the risk accepting strings considered invalid the application design which could cause bugs allow attacks the solution allow single encoding for each character canonicalization then the process translating every string character its single allowed encoding alternative for software determine whether string canonicalized and then reject not this case clientserver context the canonicalization would the responsibility the client</p></ss1></sec><sec><st>canonicalization mathematics</st><p>mathematics objects are sometimes converted canonical forms one application combinatorics where the number canonical forms can counted the technique<link ns0:type="simple" ns0:href="../736/383736.xml">general position</link><link ns0:type="simple" ns0:href="../446/18973446.xml">geometry</link>similar many proofs begin showing that arbitrary object under consideration can rearranged that its points are arranged convenient manner</p><p>canonical forms are also used<link ns0:type="simple" ns0:href="../636/19636.xml">mathematical logic</link><link ns0:type="simple" ns0:href="../382/4230382.xml">firstorder formula</link>can put into many standards forms including<link ns0:type="simple" ns0:href="../068/421068.xml">prenex normal form</link><link ns0:type="simple" ns0:href="../342/73342.xml">conjunctive normal form</link><link ns0:type="simple" ns0:href="../341/73341.xml">disjunctive normal form</link>and<link ns0:type="simple" ns0:href="../680/1048680.xml">algebraic normal form</link></p></sec><sec><st>references</st><p><reflist><entry id="1">httpwwwietforgrfcrfctxt</entry></reflist></p></sec><sec><st>see also</st><p><list><entry level="1" type="bullet"><link ns0:type="simple" ns0:href="../562/202562.xml">normal form</link></entry></list></p></sec></bdy></article>