<article xmlns:ns0="http://www.w3.org/1999/xlink"><header><title>magnussoft zeta</title><id /><revision><id /><timestamp /><contributor><username /><id /></contributor></revision><categories><category>beos</category></categories></header><bdy><template><name /><parameters><website><weblink ns0:type="simple" ns0:href="http://www.zeta-os.com/">magnussoft zeta</weblink></website><family><link ns0:type="simple" ns0:href="../801/4801.xml">beos</link></family><developer><link ns0:type="simple" ns0:href="../651/1049651.xml">yellowtab</link><link ns0:type="simple" ns0:href="../847/6944847.xml">magnussoft</link></developer><name>magnussoft zeta</name><source_model><link ns0:type="simple" ns0:href="../886/18934886.xml">closed source</link></source_model><caption>the desktop running zeta</caption><license><link ns0:type="simple" ns0:href="../886/18934886.xml">proprietary</link></license><kernel_type><link ns0:type="simple" ns0:href="../133/939133.xml">modular</link><link ns0:type="simple" ns0:href="../023/20023.xml">microkernel</link></kernel_type><working_state>dismissed</working_state></parameters></template><p>magnussoft zeta previously yellowtab zeta was<link ns0:type="simple" ns0:href="../194/22194.xml">operating system</link>formerly developed<link ns0:type="simple" ns0:href="../651/1049651.xml">yellowtab</link><country wordnetid="108544813" confidence="0.9508927676800064"><link ns0:type="simple" ns0:href="../867/11867.xml">germany</link></country>based the<link ns0:type="simple" ns0:href="../801/4801.xml">beos</link>operating system developed<company wordnetid="108058098" confidence="0.9508927676800064"><link ns0:type="simple" ns0:href="../716/251716.xml">inc</link></company>because yellowtabs insolvency zeta was later being developed independent team which little was known and distributed<link ns0:type="simple" ns0:href="../847/6944847.xml">magnussoft</link><link ns0:type="simple" ns0:href="../311/11311.xml">february</link><link ns0:type="simple" ns0:href="../165/36165.xml" />the current version zeta<link ns0:type="simple" ns0:href="../347/19347.xml">march</link><link ns0:type="simple" ns0:href="../165/36165.xml" />magnussoft announced that has discontinued funding the development zeta<link ns0:type="simple" ns0:href="../818/19818.xml">march</link>because the sales figures had fallen far short the companys expectations that the project was longer economically viable<ref ns0:type="simple" ns0:href="#xpointer(//reflist/entry[@id=%221%22])" />few days later the company also stopped the distribution zeta reaction allegations that zeta constituted pirated copy beos<ref ns0:type="simple" ns0:href="#xpointer(//reflist/entry[@id=%222%22])" /></p><p>zeta was effort bring beos date adding support for newer hardware and features that had been introduced other operating systems the years since incorporated ceased development among the new features were<link>usb</link>support<link ns0:type="simple" ns0:href="../151/174151.xml">sata</link>support<software wordnetid="106566077" confidence="0.9508927676800064"><link ns0:type="simple" ns0:href="../198/29198.xml">samba</link></software>support new media player and enhanced localization system components unlike<O wordnetid="106832680" confidence="0.9508927676800064"><link ns0:type="simple" ns0:href="../281/554281.xml">haiku</link></O>and other open source efforts recreate some all beoss functionality from scratch zeta was based the actual beos code base and closed source</p><p>zeta contributed increase activity the beos commercial software market with number new products for both zeta and the earlier beos being released</p><p>however some critics point list goals for the first release that not appear have been met including<message wordnetid="106598915" confidence="0.8"><request wordnetid="106513366" confidence="0.8"><link ns0:type="simple" ns0:href="../881/15881.xml">java</link></request></message>and<link ns0:type="simple" ns0:href="../701/168701.xml">odbc</link>support other reviewers point bugs that still exist from beos and question whether yellowtab has the complete access the source code they would need make significant updates</p><p>the system also came under heavy criticism from beos developers for undocumented changes the system messaging system these changes could break compilation code and some cases most notably<link ns0:type="simple" ns0:href="../225/20225.xml">mozilla</link>break the actual application any code optimizations are applied resulting much slower builds<ref ns0:type="simple" ns0:href="#xpointer(//reflist/entry[@id=%223%22])" /></p><p>additional controversy has come from their bundling<link ns0:type="simple" ns0:href="../361/3188361.xml">gobe productive</link>licensing deal which<link ns0:type="simple" ns0:href="../361/3188361.xml">gobe</link>had disputed</p><p>yellowtab promoted zeta mainly the german market where used sold through<link ns0:type="simple" ns0:href="../043/303043.xml">infomercial</link>and<system wordnetid="108435388" confidence="0.8"><company wordnetid="108058098" confidence="0.8"><group wordnetid="100031264" confidence="0.8"><network wordnetid="108434259" confidence="0.8"><subsidiary_company wordnetid="108003935" confidence="0.8"><institution wordnetid="108053576" confidence="0.8"><link ns0:type="simple" ns0:href="../055/7618055.xml">rtl shop</link></institution></subsidiary_company></network></group></company></system>and<link ns0:type="simple" ns0:href="../573/15573.xml">japan</link>prior magnussoft stopping the distribution zeta was mainly distributed directly magnussoft</p><sec><st>versions</st><p><table class="wikitable"><header>zeta version</header><header>release date</header><header>description</header><row><col>release candidates rcrc</col><col><link ns0:type="simple" ns0:href="../555/22555.xml">october</link><link ns0:type="simple" ns0:href="../524/35524.xml" /></col><col><p>the operating system zeta was published before the appearance the final version release candidates the release began with and the following showed clear development progress since beos was the market among other things new hardware was supported well usb devices starting from<link ns0:type="simple" ns0:href="../865/15865.xml">june</link><link ns0:type="simple" ns0:href="../524/35524.xml" />the third release candidate the system was available</p><p><link ns0:type="simple" ns0:href="../555/22555.xml">october</link><link ns0:type="simple" ns0:href="../524/35524.xml" />the fourth release candidate appeared under the name neo this brought among other things better hardware support more drivers and new media player</p></col></row><row><col>zeta</col><col><link ns0:type="simple" ns0:href="../812/15812.xml">june</link><link ns0:type="simple" ns0:href="../984/35984.xml" /></col><col><p>zeta became the final version the operating system and presented<symbol wordnetid="106806469" confidence="0.8"><diversion wordnetid="100426928" confidence="0.8"><event wordnetid="100029378" confidence="0.8"><award wordnetid="106696483" confidence="0.8"><signal wordnetid="106791372" confidence="0.8"><show wordnetid="100520257" confidence="0.8"><act wordnetid="100030358" confidence="0.8"><psychological_feature wordnetid="100023100" confidence="0.8"><entertainment wordnetid="100429048" confidence="0.8"><activity wordnetid="100407535" confidence="0.8"><link ns0:type="simple" ns0:href="../682/5682.xml">cebit</link></activity></entertainment></psychological_feature></act></show></signal></award></event></diversion></symbol>march hanover zeta has like windows for the first time product activation one gets registration key post and must afterwards enter these and the serial number window under zeta that one may use further</p><p>starting from<link ns0:type="simple" ns0:href="../812/15812.xml">june</link>zeta was the distribution the companyowned website the spreading the version was officially confirmed<link ns0:type="simple" ns0:href="../844/15844.xml">july</link><link ns0:type="simple" ns0:href="../984/35984.xml" /></p></col></row><row><col>zeta</col><col><link ns0:type="simple" ns0:href="../366/22366.xml">october</link><link ns0:type="simple" ns0:href="../984/35984.xml" /></col><col><p><link ns0:type="simple" ns0:href="../366/22366.xml">october</link><link ns0:type="simple" ns0:href="../984/35984.xml" />substantial update was released bumping the version number with this new version possible boot zeta from usb drive well normal hard drive install this release zeta also supports dual core processors</p></col></row><row><col>zeta</col><col><link ns0:type="simple" ns0:href="../710/1710.xml">april</link><link ns0:type="simple" ns0:href="../164/36164.xml" /></col><col><p>briefly after the publication the insolvency request from april the manufacturer released version<link ns0:type="simple" ns0:href="../710/1710.xml">april</link>rtl shop became selling partner this version brings some innovations such full<link ns0:type="simple" ns0:href="../151/174151.xml">sata</link>support and<software wordnetid="106566077" confidence="0.9508927676800064"><link ns0:type="simple" ns0:href="../351/199351.xml">yahoo messenger</link></software>available</p></col></row><row><col>zeta</col><col><p>based the<weblink ns0:type="simple" ns0:href="http://zeta-os.com/cms/custom/zeta/indexe.php">product information from magnussoft</weblink>zeta minor upgrade zeta this also the first version the product labeled magnussoft zeta and sold<link ns0:type="simple" ns0:href="../847/6944847.xml">magnussoft</link></p><p>since<link ns0:type="simple" ns0:href="../949/27949.xml">september</link><link ns0:type="simple" ns0:href="../164/36164.xml" /><weblink ns0:type="simple" ns0:href="http://zeta-os.com/cms/plugins/content/content.php?content.15">magnussoft taking preorders zeta</weblink><link ns0:type="simple" ns0:href="../203/28203.xml">september</link><link ns0:type="simple" ns0:href="../164/36164.xml" />downloadable<structure wordnetid="105726345" confidence="0.8"><arrangement wordnetid="105726596" confidence="0.8"><distribution wordnetid="105729036" confidence="0.8"><link ns0:type="simple" ns0:href="../137/331137.xml">live</link></distribution></arrangement></structure>zeta was released existing zeta users are able upgrade ordering upgrade for<link ns0:type="simple" ns0:href="../472/9472.xml">euro</link>not known whether magnussoft will provide updates via software download</p><p>according<weblink ns0:type="simple" ns0:href="http://osnews.com/story.php?news_id=15802">interview with rene weinert magnussoft</weblink>magnussoft owns only the rights sell zeta and development being done independent developing team which includes bernd korz the former ceo the now bankrupt yellowtab this confirms that contrary the widespread belief prior this interview zeta not being developed magnussoft but independent development team which little known far</p></col></row><row><col>zeta</col><col><link ns0:type="simple" ns0:href="../311/11311.xml">february</link><link ns0:type="simple" ns0:href="../165/36165.xml" /></col><col><p>the version included sambaclient wilmacon audiotagger multiuser support intel extreme xxx support and other drivers and fixes</p><p>was announced upgrade only and began shipping<link ns0:type="simple" ns0:href="../311/11311.xml">february</link><link ns0:type="simple" ns0:href="../165/36165.xml" /><link ns0:type="simple" ns0:href="../ury/22nd_century.xml">april</link><link ns0:type="simple" ns0:href="../165/36165.xml" />distribution was discontinued</p></col></row></table></p></sec><sec><st>criticism</st><p>zeta and yellowtab have been surrounded controversy critics yellowtab questioned for long time the legality zeta and whether yellowtab had legal access the sources beos<ref ns0:type="simple" ns0:href="#xpointer(//reflist/entry[@id=%224%22])" /><ref ns0:type="simple" ns0:href="#xpointer(//reflist/entry[@id=%225%22])" />now known that yellowtab could not have developed zeta the extent that they did without access the source code but doubts remain whether yellowtab actually had legal access the code not</p><p>furthermore critics did not see zeta real advancement beos but rather unfinished and buggy operating system loaded with third party applications that were either obsolete unsupported nonfunctional this was particularly true the initial releases zeta and was clear conflict with the attention detail that beos used stand for disappointing the beos community who one point had high expectations for zeta while yellowtab did clean the selection bundled applications following versions zeta remains somewhat unstable when compared other modern desktop operating systems</p><p>but perhaps the most criticized practice yellowtab was its tendency make claims that turned out either half truths vague enough that they could not confirmed not only did yellowtab announce certain developments that never materialized such java and odbc among others but would also support certain capabilities beyond what zeta was actually capable compatibility with office according sources close yellowtab this believed have lead high return rate from customers that bought zeta from the german<system wordnetid="108435388" confidence="0.8"><company wordnetid="108058098" confidence="0.8"><group wordnetid="100031264" confidence="0.8"><network wordnetid="108434259" confidence="0.8"><subsidiary_company wordnetid="108003935" confidence="0.8"><institution wordnetid="108053576" confidence="0.8"><link ns0:type="simple" ns0:href="../055/7618055.xml">rtl</link></institution></subsidiary_company></network></group></company></system>shopping channel and the reason for which rtl eventually stopped selling the product</p><p>another issue that has been brought the beos community the fact that magnussoft has never released any freeofcharge versions zeta inc used offer beos personal edition free charge which was great help those who wanted test beos the lack trial version saw zeta seriously confined the limits the older beos community nevertheless there students edition which can obtained the price euro from<weblink ns0:type="simple" ns0:href="http://www.zeta-os.com">zetaoscom</weblink></p><p><table style="border-collapse:collapse;border-style:none;background-color:transparent;max-width:40em;width:auto;margin:0 10%;" align="center"><row><col style="color:silver;font-size:3.6em;font-family:serif;font-weight:bold;text-align:left;padding:10px 0;" valign="top" /><col style="padding:0 1em;" valign="top">zeta had legal rights distribute the beos software much less open source any the rumours had itthe main reason that there hasnt been public statement previously that dealing with this matter legally germany expensive undertaking andgiven the apparently small amount funding behind zeta its various incarnationswed only position spend significant money and legal time make pointwe have sent cease and desist letters yellowtab number occasions which have been uniformly ignored herr korz feels that holds legitimate license the beos code hes been using were completely unaware and fascinated see him produce any substantiation for that claim</col><col style="color:silver;font-size:3.6em;font-family:serif;font-weight:bold;text-align:right;padding:10px 0;" valign="bottom" /></row><row><col colspan="3" style="padding:1ex 0 0 0;"><cite style="font-style:normal;">david schlesinger director open source technologies access ltd</cite></col></row></table></p></sec><sec><st>cease distribution</st><p>cease distribution letter was posted magnussoft<link ns0:type="simple" ns0:href="../ury/22nd_century.xml">april</link><link ns0:type="simple" ns0:href="../165/36165.xml" /><ref ns0:type="simple" ns0:href="#xpointer(//reflist/entry[@id=%222%22])" /></p></sec><sec><st>see also</st><p><list><entry level="1" type="bullet"><link ns0:type="simple" ns0:href="../531/981531.xml">comparison operating systems</link></entry><entry level="1" type="bullet"><link ns0:type="simple" ns0:href="../150/12096150.xml">zebuntu</link></entry></list></p></sec><sec><st>external links</st><p><list><entry level="1" type="bullet"><weblink ns0:type="simple" ns0:href="http://www.zeta-os.com/">magnussoft zeta</weblink>official product website</entry><entry level="1" type="bullet"><weblink ns0:type="simple" ns0:href="http://www.zetanews.com/">zetanews</weblink></entry><entry level="1" type="bullet"><weblink ns0:type="simple" ns0:href="http://www.osnews.com/story.php/17518/Review-Zeta-1.5/page1/">zeta review</weblink>reviewed thom holwerda for osnews</entry><entry level="1" type="bullet"><weblink ns0:type="simple" ns0:href="http://members.shaw.ca/guis/zeta.html">zeta live screenshot gallery</weblink></entry></list></p></sec><sec><st>references</st><p><reflist><entry id="1">zetaoscom<weblink ns0:type="simple" ns0:href="http://www.zeta-os.com/cms/news.php?extend.49">continuity magnussoft zeta</weblink><link ns0:type="simple" ns0:href="../427/20427.xml">march</link><link ns0:type="simple" ns0:href="../165/36165.xml" /></entry><entry id="2">zetaoscom<weblink ns0:type="simple" ns0:href="http://www.zeta-os.com/cms/news.php?extend.50">magnussoft cease distribution zeta</weblink><link ns0:type="simple" ns0:href="../ury/22nd_century.xml">april</link><link ns0:type="simple" ns0:href="../165/36165.xml" /></entry><entry id="3"><weblink ns0:type="simple" ns0:href="http://www.livejournal.com/community/bezilla/64711.html">bezilla too much where zeta users feedback</weblink></entry><entry id="4"><weblink ns0:type="simple" ns0:href="http://www.osnews.com/comment.php?news_id=4734 limit=no#150413">yellowtab zeta review zetanews comments</weblink></entry><entry id="5"><weblink ns0:type="simple" ns0:href="http://www.bitsofnews.com/content/view/5496/44/#comments">bits news zeta officially dead fish</weblink></entry></reflist></p><p><table style=";" class="navbox" cellspacing="0"><row><col style="padding:2px;"><table style="width:100%;background:transparent;color:inherit;;" class="nowraplinks collapsible autocollapse " cellspacing="0"><row><header colspan="2" style=";" class="navbox-title"><link ns0:type="simple" ns0:href="../801/4801.xml">beos</link></header></row><row style="height:2px;" /><row><col style=";;" class="navbox-group"><link ns0:type="simple" ns0:href="../223/4918223.xml">companies</link></col><col style="text-align:left;border-left:2px solid #fdfdfd;width:100%;padding:0px;;;" class="navbox-list navbox-odd"><company wordnetid="108058098" confidence="0.9508927676800064"><link ns0:type="simple" ns0:href="../716/251716.xml">inc</link></company><link ns0:type="simple" ns0:href="../361/3188361.xml">gobe software</link><link ns0:type="simple" ns0:href="../651/1049651.xml">yellowtab</link><company wordnetid="108058098" confidence="0.9508927676800064"><link ns0:type="simple" ns0:href="../847/6944847.xml">magnussoft</link></company></col></row><row style="height:2px" /><row><col style=";;" class="navbox-group"><link ns0:type="simple" ns0:href="../457/7878457.xml">computer</link></col><col style="text-align:left;border-left:2px solid #fdfdfd;width:100%;padding:0px;;;" class="navbox-list navbox-even"><link ns0:type="simple" ns0:href="../825/4825.xml">bebox</link><artifact wordnetid="100021939" confidence="0.8"><instrumentality wordnetid="103575240" confidence="0.8"><merchandise wordnetid="103748886" confidence="0.8"><commodity wordnetid="103076708" confidence="0.8"><device wordnetid="103183080" confidence="0.8"><appliance wordnetid="102729965" confidence="0.8"><link ns0:type="simple" ns0:href="../983/2891983.xml">sony evilla</link></appliance></device></commodity></merchandise></instrumentality></artifact></col></row><row style="height:2px" /><row><col style=";;" class="navbox-group"><link ns0:type="simple" ns0:href="../194/22194.xml">operating system</link></col><col style="text-align:left;border-left:2px solid #fdfdfd;width:100%;padding:0px;;;" class="navbox-list navbox-odd"><link ns0:type="simple" ns0:href="../801/4801.xml">beos</link><link ns0:type="simple" ns0:href="../754/888754.xml">beia</link><O wordnetid="106832680" confidence="0.9508927676800064"><link ns0:type="simple" ns0:href="../281/554281.xml">haiku</link></O><link ns0:type="simple" ns0:href="../666/1049666.xml">magnussoft zeta</link></col></row></table></col></row></table></p></sec></bdy></article>