<article xmlns:ns0="http://www.w3.org/1999/xlink"><header><title>evolutionary robotics</title><id /><revision><id /><timestamp /><contributor><username>andreas kaufmann</username><id /></contributor></revision><categories><category>robotics</category><category>evolutionary computation</category></categories></header><bdy>evolutionary robotics methodology that uses<link ns0:type="simple" ns0:href="../020/268020.xml">evolutionary computation</link>develop<link ns0:type="simple" ns0:href="../183/1714183.xml">controllers</link>for<link ns0:type="simple" ns0:href="../049/48049.xml">autonomous robot</link><link ns0:type="simple" ns0:href="../775/775.xml">algorithms</link>frequently operate populations candidate<link ns0:type="simple" ns0:href="../183/1714183.xml">controllers</link>initially selected from some<link ns0:type="simple" ns0:href="../543/23543.xml">distribution</link>this population then repeatedly modified according<link ns0:type="simple" ns0:href="../285/412285.xml">fitness function</link>the case<link ns0:type="simple" ns0:href="../254/40254.xml">genetic algorithm</link>gas common method<link ns0:type="simple" ns0:href="../020/268020.xml">evolutionary computation</link>the population candidate controllers repeatedly grown according crossover mutation and other<link ns0:type="simple" ns0:href="../254/40254.xml" />operators and then culled according the<link ns0:type="simple" ns0:href="../285/412285.xml">fitness function</link>the candidate controllers used applications may drawn from some subset the set<link ns0:type="simple" ns0:href="../523/21523.xml">artificial neural network</link>although some applications including samuel developed the<link>naval center for applied research artificial intelligence</link>use collections then else rules the constituent parts individual<link ns0:type="simple" ns0:href="../183/1714183.xml">controller</link>theoretically possible use any set symbolic formulations<link>control law</link>sometimes called<link ns0:type="simple" ns0:href="../091/375091.xml">policies</link>the<link ns0:type="simple" ns0:href="../488/233488.xml">machine learning</link>community the space possible candidate controllers worth noting that<link ns0:type="simple" ns0:href="../523/21523.xml">artificial neural network</link>can also used for<link ns0:type="simple" ns0:href="../880/3290880.xml">robot learning</link>outside the context evolutionary robotics particular other forms<link ns0:type="simple" ns0:href="../294/66294.xml">reinforcement learning</link>can used for learning robot<link ns0:type="simple" ns0:href="../183/1714183.xml">controllers</link><p><link ns0:type="simple" ns0:href="../176/1422176.xml">developmental robotics</link>related but differs from evolutionary robotics uses populations robots that evolve over time whereas devrob interested the organization single robots control system develops through experience over time</p><sec><st>history</st><p>the foundation was laid with work the national research council rome the but the initial idea encoding robot control system into genome and have<link ns0:type="simple" ns0:href="../837/190837.xml">artificial evolution</link>improve dates back the late</p><p>the term evolutionary robotics was introduced<physical_entity wordnetid="100001930" confidence="0.8"><person wordnetid="100007846" confidence="0.8"><guitarist wordnetid="110151760" confidence="0.8"><performer wordnetid="110415638" confidence="0.8"><musician wordnetid="110340312" confidence="0.8"><causal_agent wordnetid="100007347" confidence="0.8"><entertainer wordnetid="109616922" confidence="0.8"><link ns0:type="simple" ns0:href="../062/4275062.xml">cliff</link></entertainer></causal_agent></musician></performer></guitarist></person></physical_entity><physical_entity wordnetid="100001930" confidence="0.8"><person wordnetid="100007846" confidence="0.8"><causal_agent wordnetid="100007347" confidence="0.8"><academician wordnetid="109759069" confidence="0.8"><scientist wordnetid="110560637" confidence="0.8"><adult wordnetid="109605289" confidence="0.8"><professional wordnetid="110480253" confidence="0.8"><educator wordnetid="110045713" confidence="0.8"><link ns0:type="simple" ns0:href="../961/2457961.xml">harvey</link></educator></professional></adult></scientist></academician></causal_agent></person></physical_entity>and<link ns0:type="simple" ns0:href="../028/2458028.xml">husbands</link>the<university wordnetid="108286163" confidence="0.9508927676800064"><link ns0:type="simple" ns0:href="../045/32045.xml">university sussex</link></university>and two teams team surrounding<link ns0:type="simple" ns0:href="../932/1034932.xml">floreano</link>and<person wordnetid="100007846" confidence="0.9638700866880419"><link ns0:type="simple" ns0:href="../803/937803.xml">mondada</link></person>the<link ns0:type="simple" ns0:href="../968/71968.xml">epfl</link><town wordnetid="108665504" confidence="0.9508927676800064"><link ns0:type="simple" ns0:href="../623/18623.xml">lausanne</link></town>and research group the cogs the<university wordnetid="108286163" confidence="0.9508927676800064"><link ns0:type="simple" ns0:href="../045/32045.xml">university sussex</link></university>reported the first experiments artificial evolution autonomous robots the success this early research triggered wave activity labs around the world trying harness the potential the approach</p><p>lately the difficulty scaling the complexity the robot tasks has shifted attention somewhat towards the theoretical end the field rather than the engineering end</p></sec><sec><st>evolutionary robotics</st><p>evolutionary robotics done with many different objectives often the same time these include creating useful controllers for realworld robot tasks exploring the intricacies evolutionary theory such the<link ns0:type="simple" ns0:href="../185/1022185.xml">baldwin effect</link>reproducing psychological phenomena and finding out about biological neural networks studying artificial ones creating controllers via artificial evolution requires large number evaluations large population this very time consuming which one the reasons why controller evolution usually done software also initial random controllers may exhibit potentially harmful behaviour such repeatedly crashing into wall which may damage the robot transferring controllers evolved simulation physical robots very difficult and major challenge using the approach the reason that evolution free explore all possibilities obtain high fitness including any inaccuracies the simulation this need for large number evaluations requiring fast yet accurate computer simulations one the limiting factors the approach</p><p>rare cases evolutionary computation may used design the physical structure the robot addition the controller one the most notable examples this was<physical_entity wordnetid="100001930" confidence="0.8"><peer wordnetid="109626238" confidence="0.8"><person wordnetid="100007846" confidence="0.8"><colleague wordnetid="109935990" confidence="0.8"><causal_agent wordnetid="100007347" confidence="0.8"><artist wordnetid="109812338" confidence="0.8"><adult wordnetid="109605289" confidence="0.8"><professional wordnetid="110480253" confidence="0.8"><creator wordnetid="109614315" confidence="0.8"><associate wordnetid="109816771" confidence="0.8"><link ns0:type="simple" ns0:href="../665/767665.xml">karl sims</link></associate></creator></professional></adult></artist></causal_agent></colleague></person></peer></physical_entity>demo for<company wordnetid="108058098" confidence="0.8"><institution wordnetid="108053576" confidence="0.8"><link ns0:type="simple" ns0:href="../646/81646.xml">thinking machines</link></institution></company>corporation</p></sec><sec><st>motivation for evolutionary robotics</st><p>many the commonly used<link ns0:type="simple" ns0:href="../488/233488.xml">machine learning</link>algorithms require set<link ns0:type="simple" ns0:href="../228/1817228.xml">training examples</link>consisting both hypothetical input and desired answer many<link ns0:type="simple" ns0:href="../880/3290880.xml">robot learning</link>applications the desired answer action for the robot take these actions are usually not known explicitly priori instead the<link ns0:type="simple" ns0:href="../781/25781.xml">robot</link>can best receive value indicating the success failure given action taken evolutionary algorithms are natural solutions this sort problem framework the fitness function need only encode the success failure given controller rather than the precise actions the controller should have taken alternative the use evolutionary computation<link ns0:type="simple" ns0:href="../880/3290880.xml">robot learning</link>the use other forms<link ns0:type="simple" ns0:href="../294/66294.xml">reinforcement learning</link>such<link ns0:type="simple" ns0:href="../850/1281850.xml">qlearning</link>learn the fitness any particular action and then use predicted fitness values indirectly create controller</p></sec><sec><st>conferences and institutes</st><ss1><st>main conferences</st><p><list><entry level="1" type="bullet">evolutionary robotics</entry><entry level="1" type="bullet"><link>gecco</link></entry><entry level="1" type="bullet"><link ns0:type="simple" ns0:href="../084/4483084.xml">ieee congress evolutionary computation</link></entry><entry level="1" type="bullet"><link>european conference artificial life</link></entry><entry level="1" type="bullet"><link ns0:type="simple" ns0:href="../656/58656.xml">alife</link></entry></list></p></ss1><ss1><st>academic institutes and researchers</st><p><list><entry level="1" type="bullet"><university wordnetid="108286163" confidence="0.9508927676800064"><link ns0:type="simple" ns0:href="../690/5690.xml">chalmers university technology</link></university><person wordnetid="100007846" confidence="0.9508927676800064"><scientist wordnetid="110560637" confidence="0.9508927676800064"><link ns0:type="simple" ns0:href="../663/11651663.xml">peter nordin</link></scientist></person><weblink ns0:type="simple" ns0:href="http://humanoid.fy.chalmers.se/">the humanoid project</weblink></entry><entry level="1" type="bullet"><university wordnetid="108286163" confidence="0.9508927676800064"><link ns0:type="simple" ns0:href="../045/32045.xml">university sussex</link></university><physical_entity wordnetid="100001930" confidence="0.8"><person wordnetid="100007846" confidence="0.8"><causal_agent wordnetid="100007347" confidence="0.8"><academician wordnetid="109759069" confidence="0.8"><scientist wordnetid="110560637" confidence="0.8"><adult wordnetid="109605289" confidence="0.8"><professional wordnetid="110480253" confidence="0.8"><educator wordnetid="110045713" confidence="0.8"><link ns0:type="simple" ns0:href="../961/2457961.xml">inman harvey</link></educator></professional></adult></scientist></academician></causal_agent></person></physical_entity><link ns0:type="simple" ns0:href="../028/2458028.xml">phil husbands</link><link>ezequiel paolo</link><link ns0:type="simple" ns0:href="../923/2457923.xml">eric vaughan</link><link>thomas buehrmann</link></entry><entry level="1" type="bullet"><link ns0:type="simple" ns0:href="../946/1819946.xml">cnr</link><link ns0:type="simple" ns0:href="../805/3948805.xml">stefano nolfi</link><link>raffaele calabretta</link></entry><entry level="1" type="bullet"><link ns0:type="simple" ns0:href="../968/71968.xml">epfl</link><link ns0:type="simple" ns0:href="../932/1034932.xml">dario floreano</link></entry><entry level="1" type="bullet"><link>university zrich</link><physical_entity wordnetid="100001930" confidence="0.8"><person wordnetid="100007846" confidence="0.8"><causal_agent wordnetid="100007347" confidence="0.8"><scientist wordnetid="110560637" confidence="0.8"><research_worker wordnetid="110523076" confidence="0.8"><link ns0:type="simple" ns0:href="../817/2718817.xml">rolf pfeifer</link></research_worker></scientist></causal_agent></person></physical_entity></entry><entry level="1" type="bullet"><university wordnetid="108286163" confidence="0.9508927676800064"><link ns0:type="simple" ns0:href="../422/7954422.xml">cornell university</link></university><link>hod lipson</link><physical_entity wordnetid="100001930" confidence="0.8"><person wordnetid="100007846" confidence="0.8"><causal_agent wordnetid="100007347" confidence="0.8"><scientist wordnetid="110560637" confidence="0.8"><research_worker wordnetid="110523076" confidence="0.8"><link ns0:type="simple" ns0:href="../454/2922454.xml">josh bongard</link></research_worker></scientist></causal_agent></person></physical_entity></entry><entry level="1" type="bullet"><link ns0:type="simple" ns0:href="../242/292242.xml">indiana university</link><link ns0:type="simple" ns0:href="../216/3079216.xml">randall beer</link></entry><entry level="1" type="bullet"><weblink ns0:type="simple" ns0:href="http://crim.ece.ncsu.edu/index.php">center for robotics and intelligent machines</weblink><university wordnetid="108286163" confidence="0.9508927676800064"><link ns0:type="simple" ns0:href="../544/72544.xml">north carolina state university</link></university><link ns0:type="simple" ns0:href="../514/728514.xml">eddie grant</link><weblink ns0:type="simple" ns0:href="http://www.nelsonrobotics.org/">andrew nelson</weblink></entry><entry level="1" type="bullet"><university wordnetid="108286163" confidence="0.9508927676800064"><link ns0:type="simple" ns0:href="../029/52029.xml">university college london</link></university><link ns0:type="simple" ns0:href="../677/3936677.xml">peter bentley</link><link>siavash haroun mahdavi</link></entry><entry level="1" type="bullet"><university wordnetid="108286163" confidence="0.9508927676800064"><link ns0:type="simple" ns0:href="../810/331810.xml">university essex</link></university><link>simon lucas</link></entry><entry level="1" type="bullet"><university wordnetid="108286163" confidence="0.9508927676800064"><link ns0:type="simple" ns0:href="../223/81223.xml">brandeis university</link></university><link>jordan pollack</link></entry><entry level="1" type="bullet"><point wordnetid="108620061" confidence="0.8"><institute wordnetid="108407330" confidence="0.8"><geographic_point wordnetid="108578706" confidence="0.8"><location wordnetid="100027167" confidence="0.8"><association wordnetid="108049401" confidence="0.8"><workplace wordnetid="104602044" confidence="0.8"><lab wordnetid="103629986" confidence="0.8"><link ns0:type="simple" ns0:href="../607/4103607.xml">idsia</link></lab></workplace></association></location></geographic_point></institute></point>and<university wordnetid="108286163" confidence="0.9508927676800064"><link ns0:type="simple" ns0:href="../679/349679.xml">technical university munich</link></university><link>juergen schmidhuber</link><weblink ns0:type="simple" ns0:href="http://www.idsia.ch/~juergen/cogbotlab.html">robot lab</weblink></entry><entry level="1" type="bullet"><link>university college skvde</link><link>tom ziemke</link></entry><entry level="1" type="bullet"><link ns0:type="simple" ns0:href="../893/411893.xml">naval research laboratory</link><weblink ns0:type="simple" ns0:href="http://www.nrl.navy.mil/aic/iss/aas/">navy center for applied research artificial intelligence</weblink><link>alan schultz</link><link>mitchell potter</link><link>kenneth jong</link></entry><entry level="1" type="bullet"><weblink ns0:type="simple" ns0:href="http://www.ais.fraunhofer.de/INDY">fraunhofer ais intelligent dynamics dep</weblink><weblink ns0:type="simple" ns0:href="http://www.ais.fraunhofer.de/INDY/fpas/index_empty.html">frank pasemann</weblink></entry><entry level="1" type="bullet"><weblink ns0:type="simple" ns0:href="http://www.genarts.com/karl/evolved-virtual-creatures.html">evolved virtual creatures</weblink><physical_entity wordnetid="100001930" confidence="0.8"><peer wordnetid="109626238" confidence="0.8"><person wordnetid="100007846" confidence="0.8"><colleague wordnetid="109935990" confidence="0.8"><causal_agent wordnetid="100007347" confidence="0.8"><artist wordnetid="109812338" confidence="0.8"><adult wordnetid="109605289" confidence="0.8"><professional wordnetid="110480253" confidence="0.8"><creator wordnetid="109614315" confidence="0.8"><associate wordnetid="109816771" confidence="0.8"><link ns0:type="simple" ns0:href="../665/767665.xml">karl sims</link></associate></creator></professional></adult></artist></causal_agent></colleague></person></peer></physical_entity><link>genarts</link></entry><entry level="1" type="bullet"><weblink ns0:type="simple" ns0:href="http://www.kenrinaldo.com">ken rinaldo artificial life robotics</weblink></entry><entry level="1" type="bullet"><weblink ns0:type="simple" ns0:href="http://lsi.vc.ehu.es/pablogn/">university the basque country upvehu robtica evolutiva pablo gonzleznalda spanish</weblink><weblink ns0:type="simple" ns0:href="http://lsi.vc.ehu.es/pablogn/topos/investig/ficheros/NeurocompTopos.pdf">pdf english</weblink></entry></list></p></ss1></sec><sec><st>see also</st><p><table style="background:#f9f9f9; font-size:85%; line-height:110%; "><row><col><image width="32x28px" src="Animation2.gif" /></col><col style="padding:0 0.2em;">robotics portal</col></row></table></p><p><list><entry level="1" type="bullet"><link ns0:type="simple" ns0:href="../164/1164.xml">artificial intelligence</link></entry><entry level="1" type="bullet"><link ns0:type="simple" ns0:href="../904/5904.xml">cybernetics</link></entry><entry level="1" type="bullet"><link ns0:type="simple" ns0:href="../910/2934910.xml">cognitive robotics</link></entry><entry level="1" type="bullet"><link ns0:type="simple" ns0:href="../020/268020.xml">evolutionary computation</link></entry><entry level="1" type="bullet"><link ns0:type="simple" ns0:href="../962/907962.xml">roboticist</link></entry><entry level="1" type="bullet"><link ns0:type="simple" ns0:href="../673/46673.xml">robotics</link></entry><entry level="1" type="bullet"><link ns0:type="simple" ns0:href="../671/3750671.xml">robot kit</link></entry></list></p></sec><sec><st>references</st><p><list><entry level="1" type="bullet">evolutionary robotics<link ns0:type="simple" ns0:href="../805/3948805.xml">stefano nolfi</link>and<link ns0:type="simple" ns0:href="../932/1034932.xml">dario floreano</link>isbn</entry><entry level="1" type="bullet">advances the evolutionary synthesis intelligent agents mukesh patel<skilled_worker wordnetid="110605985" confidence="0.8"><physical_entity wordnetid="100001930" confidence="0.8"><person wordnetid="100007846" confidence="0.8"><editor wordnetid="110044879" confidence="0.8"><worker wordnetid="109632518" confidence="0.8"><causal_agent wordnetid="100007347" confidence="0.8"><scientist wordnetid="110560637" confidence="0.8"><research_worker wordnetid="110523076" confidence="0.8"><link ns0:type="simple" ns0:href="../029/3487029.xml">vasant honavar</link></research_worker></scientist></causal_agent></worker></editor></person></physical_entity></skilled_worker>and karthik balakrishnan cambridge mit press isbn</entry></list></p></sec><sec><st>external links</st><p><list><entry level="1" type="bullet"><weblink ns0:type="simple" ns0:href="http://mensnewsdaily.com/2007/05/16/robobusiness-robots-with-imagination/">robobusiness robots that dream being better</weblink></entry><entry level="1" type="bullet"><weblink ns0:type="simple" ns0:href="http://www.irobis.com/">institute robotics scandinavia irobis</weblink></entry><entry level="1" type="bullet"><weblink ns0:type="simple" ns0:href="http://humanoid.fy.chalmers.se/text/cuba.pdf">evolutionary architecture for humanoid robot</weblink></entry><entry level="1" type="bullet"><weblink ns0:type="simple" ns0:href="http://www.evolutionaryrobotics.org/">introduction evolutionary robotics with annotated bibliography</weblink></entry><entry level="1" type="bullet"><weblink ns0:type="simple" ns0:href="http://laral.istc.cnr.it/evorobot/">the evolutionary robotics homepage</weblink></entry><entry level="1" type="bullet"><weblink ns0:type="simple" ns0:href="http://lis.epfl.ch/resources/documentation/EvolutionaryRobotics/index.php">gentle introduction</weblink></entry></list></p><p><link>rahul goyal</link></p></sec></bdy></article>