<article xmlns:ns0="http://www.w3.org/1999/xlink"><entity confidence="0.9511911446218017" wordnetid="100001740"><header><title>appearance manager</title><id /><revision><id /><timestamp /><contributor><username>avrs</username><id /></contributor></revision><categories><category>mac apis</category></categories></header><bdy><image width="250px" src="Drawing_board.jpg" type="thumb"><caption>the drawing board theme macintosh computer running<link ns0:type="simple" ns0:href="../416/294416.xml">clarisworks</link></caption></image>the pre<link ns0:type="simple" ns0:href="../640/20640.xml">mac</link>version the<link ns0:type="simple" ns0:href="../043/20043.xml">macintosh operating system</link>the appearance manager controlled the overall look the mac<link ns0:type="simple" ns0:href="../293/12293.xml">gui</link>widgets and supported several themes the appearance manager was originally developed for<link ns0:type="simple" ns0:href="../856/856.xml">apple</link>failed<link ns0:type="simple" ns0:href="../520/532520.xml">copland</link>project but with the cancellation this project the system was moved into newer versions the mac notably<version wordnetid="107173585" confidence="0.9508927676800064"><link ns0:type="simple" ns0:href="../730/511730.xml">mac</link></version>and<link ns0:type="simple" ns0:href="../635/205635.xml" />the current version the operating system mac longer directly supports the appearance manager which can considered dead<p>the appearance manager was implemented abstraction layer between the control manager and<link ns0:type="simple" ns0:href="../439/256439.xml">quickdraw</link>previously controls made direct quickdraw calls draw user interface elements such buttons scrollbars window title bars etc with appearance these elements were abstracted into series apis that would draw the item distinct entity behalf the client code thus relieving the control manager the task this extra level indirection allowed the system support the concept switchable themes since client code would simply request the image interface element button scroll bar for example and draw its appearance the appearance manager remains part<link ns0:type="simple" ns0:href="../891/56891.xml">carbon</link>but switchable themes are longer supported mac</p><sec><st>typography</st><p><image width="150px" src="Charcoal.png" type="frame" />default the appearance manager used font called<font wordnetid="106825399" confidence="0.9508927676800064"><link ns0:type="simple" ns0:href="../616/2060616.xml">charcoal</link></font>replace the similar<font wordnetid="106825399" confidence="0.9508927676800064"><link ns0:type="simple" ns0:href="../560/1003560.xml">chicago</link></font>typeface that had been used earlier versions the mac number additional fonts were also provided<written_symbol wordnetid="106817623" confidence="0.8"><symbol wordnetid="106806469" confidence="0.8"><font wordnetid="106825399" confidence="0.8"><signal wordnetid="106791372" confidence="0.8"><type wordnetid="106825120" confidence="0.8"><character wordnetid="106818970" confidence="0.8"><link ns0:type="simple" ns0:href="../920/10829920.xml">capitals</link></character></type></signal></font></symbol></written_symbol>gadget sand techno and textile these fonts needed provide not only the regular letters and symbols any other font but also those specific the mac operating system such the<link ns0:type="simple" ns0:href="../630/1243630.xml">command key</link>symbol normally fonts were displayed<unit_of_measurement wordnetid="113583724" confidence="0.8"><definite_quantity wordnetid="113576101" confidence="0.8"><link ns0:type="simple" ns0:href="../349/991349.xml">points</link></definite_quantity></unit_of_measurement></p><p>the appearance manager also applied<link ns0:type="simple" ns0:href="../507/113507.xml">antialiasing</link>type displayed the screen above certain size default points this improved the overall look the text reducing certain distortion artifacts intrinsic computer screens</p></sec><sec><st>appearance themes</st><p><image width="150px" src="Copland_Platinum_theme.png" type="thumb"><caption>platinum copland</caption></image>the default look and feel the appearance manager the mac era apple platinum which was intended the primary<link ns0:type="simple" ns0:href="../293/12293.xml">gui</link>for copland platinum retains many the shapes and positions elements from<link ns0:type="simple" ns0:href="../354/345354.xml">system</link>and earlier like window control<link ns0:type="simple" ns0:href="../705/769705.xml">widget</link>and buttons and charcoal the associated default system font however various shades grey are used extensively throughout the interface opposed previous interfaces which are mostly black and white contrary popular belief apple platinum technically not appearance theme and does not contain any theme elements the platinum interface embedded into the mac system file appearance theme necessary there apple platinum file the<link ns0:type="simple" ns0:href="../805/2386805.xml">system folder</link>which acts<parlance wordnetid="107081177" confidence="0.8"><formulation wordnetid="107069948" confidence="0.8"><expressive_style wordnetid="107066659" confidence="0.8"><link ns0:type="simple" ns0:href="../329/674329.xml">stub</link></expressive_style></formulation></parlance>but functional theme elements can embedded into customizable palettes clut resources are used for progress bars scroll thumbs slider tabs and menu selections apple platinum and this unique option not available real themes the appearance manager uses the type code pltn identify file should act like palette modification<parlance wordnetid="107081177" confidence="0.8"><formulation wordnetid="107069948" confidence="0.8"><expressive_style wordnetid="107066659" confidence="0.8"><link ns0:type="simple" ns0:href="../329/674329.xml">stub</link></expressive_style></formulation></parlance>apple platinum and the type code thme identify file should act like appearance theme</p><p><image location="left" width="250px" src="Gizmo_theme_macos.jpg" type="thumb"><caption>the gizmo appearance theme mac</caption></image>apple widely demonstrated two appearance themes which override apple platinum hitech and gizmo hitech based shadesofblack color scheme that made the interface look like piece stereo equipment gizmo kids interface using lots bright colors and wiggly interface elements both changed every single element the overall gui leaving trace apple platinum third theme was later introduced drawing board developed apple japan this theme uses elements that make the interface look like has been drawn pencil<link ns0:type="simple" ns0:href="../414/171414.xml">drafting</link>board including small pencil marks around the windows barelyvisible grid the desktop and squarish elements with lowcontrast</p><p>platinum was also used several versions<link ns0:type="simple" ns0:href="../114/53114.xml">openstep</link>while was the process being turned into<link ns0:type="simple" ns0:href="../640/20640.xml">mac</link>particular both<O wordnetid="106832680" confidence="0.9508927676800064"><link ns0:type="simple" ns0:href="../421/1553421.xml">rhapsody</link></O>and the final version which was called<O wordnetid="106832680" confidence="0.9508927676800064"><link ns0:type="simple" ns0:href="../931/1661931.xml">mac server</link></O>and also mac developer previews used platinumbased updated and more powerful version the appearance manager was used for carbon applications mac even after apple made the transition<link ns0:type="simple" ns0:href="../309/471309.xml">aqua</link>the extrasrsrc file updated version appearance theme that compatible with the newer appearance manager mac version layo data longer used even for carbon applications the existence the appearance manager can longer confirmed</p></sec><sec><st>similar products</st><p>shareware products existed that provided some all the functionality offered appearance manager before the control panel became part the mac operating system these included church windows and dcor both control panels that set the desktop pattern picture and<link ns0:type="simple" ns0:href="../031/2187031.xml">windowshade</link>control panel that caused application windows roll when the title bar was doubleclicked kaleidoscope was application that applied systemwide<link ns0:type="simple" ns0:href="../887/191887.xml">schemes</link>similar way the appearance manager aaron was<pause wordnetid="115271008" confidence="0.8"><extension wordnetid="115272382" confidence="0.8"><time_interval wordnetid="115269513" confidence="0.8"><delay wordnetid="115272029" confidence="0.8"><link ns0:type="simple" ns0:href="../447/1757447.xml">extension</link></delay></time_interval></extension></pause>that applied similar platinum look that used mac though this case was mimicking the illfated<link ns0:type="simple" ns0:href="../520/532520.xml">copland</link>operating system upon which mac styling was based rather than mac itself</p><p>although rendered largely<link ns0:type="simple" ns0:href="../563/241563.xml">obsolete</link>once mac was released these addons could used macs running earlier versions the operating system provide least some the mac look and feel kaleidoscope was not rendered obsolete when appearance themes were made possible mac kschemes were much easier create than genuine appearance themes for various reasons scheme tools were widely available while theme tools were extremely rare and difficult use the format schemes less complicated than that themes because these factors development themes was extremely limited most cases themes were just slightly hacked versions the three themes made apple kaleidoscope was only rendered<link ns0:type="simple" ns0:href="../563/241563.xml">obsolete</link>with the transition mac</p></sec><sec><st>examples appearance themes</st><p><table class="wikitable"><row><header>apple themes</header><header>thirdparty themes</header></row><row><col><image width="150px" src="Hi-Tech_theme.gif"><caption>hitech themegif</caption></image></col><col><image width="150px" src="DSX_theme.gif"><caption>dsx themegif</caption></image></col></row><row><col><image width="150px" src="Gizmo_theme.gif"><caption>gizmo themegif</caption></image></col><col><image width="150px" src="Doohickey_theme.gif"><caption>doohickey themegif</caption></image></col></row><row><col><image width="150px" src="Drawing_Board_theme.gif"><caption>drawing board themegif</caption></image></col><col><image width="150px" src="Paper_theme.gif"><caption>paper themegif</caption></image></col></row></table></p></sec><sec><st>external links</st><p><list><entry level="1" type="bullet"><weblink ns0:type="simple" ns0:href="http://www.macintouch.com/m85_themes.html">mac special report themes and appearances</weblink></entry></list></p></sec></bdy></entity></article>