<article xmlns:ns0="http://www.w3.org/1999/xlink"><header><title>functional genomics</title><id /><revision><id /><timestamp /><contributor><username>stevechervitztrutane</username><id /></contributor></revision><categories><category>molecular biology</category><category>genomics</category></categories></header><bdy><image width="100px" src="DNA_microarray.jpg" type="thumb"><caption><link ns0:type="simple" ns0:href="../954/255954.xml">dna microarray</link></caption></image>functional genomics field<link ns0:type="simple" ns0:href="../200/19200.xml">molecular biology</link>that attempts make use the vast wealth data produced genomic projects such<link ns0:type="simple" ns0:href="../792/323792.xml">genome sequencing projects</link>describe<link ns0:type="simple" ns0:href="../553/4250553.xml">gene</link>and<link ns0:type="simple" ns0:href="../634/23634.xml">protein</link>functions and interactions unlike<link ns0:type="simple" ns0:href="../170/55170.xml">genomics</link>and<link ns0:type="simple" ns0:href="../172/55172.xml">proteomics</link>functional genomics focuses the dynamic aspects such gene<link ns0:type="simple" ns0:href="../544/167544.xml">transcription</link><link ns0:type="simple" ns0:href="../401/262401.xml">translation</link>and<link ns0:type="simple" ns0:href="../878/2161878.xml">proteinprotein interaction</link>opposed the static aspects the genomic information such<link ns0:type="simple" ns0:href="../535/331535.xml">dna sequence</link>structures<ss1><st>fields application</st><p>functional genomics includes functionrelated aspects the genome itself such<link ns0:type="simple" ns0:href="../702/19702.xml">mutation</link>and<link ns0:type="simple" ns0:href="../831/498831.xml">polymorphism</link>such<link ns0:type="simple" ns0:href="../091/513091.xml">snp</link>analysis well measurement molecular activities the latter comprise number omics such<link ns0:type="simple" ns0:href="../071/1075071.xml">transcriptomics</link><link ns0:type="simple" ns0:href="../266/159266.xml">gene expression</link><link ns0:type="simple" ns0:href="../172/55172.xml">proteomics</link><link ns0:type="simple" ns0:href="../540/167540.xml">protein expression</link><link ns0:type="simple" ns0:href="../575/8715575.xml">phosphoproteomics</link>subset proteomics and<link ns0:type="simple" ns0:href="../211/1029211.xml">metabolomics</link>together these measurement modalities endeavor quantitate the various biological processes and improve our understanding gene and protein functions and interactions</p></ss1><ss1><st>frequently used techniques</st><p>functional genomics uses mostly<link ns0:type="simple" ns0:href="../729/882729.xml">highthroughput</link>techniques characterize the abundance gene products such<link ns0:type="simple" ns0:href="../232/20232.xml">mrna</link>and<link ns0:type="simple" ns0:href="../634/23634.xml">protein</link>some typical technology platforms are<list><entry level="1" type="bullet"><link ns0:type="simple" ns0:href="../954/255954.xml">dna microarray</link>and<link ns0:type="simple" ns0:href="../649/1743649.xml">sage</link>for mrna</entry><entry level="1" type="bullet"><link ns0:type="simple" ns0:href="../372/474372.xml">twodimensional gel electrophoresis</link>and<link ns0:type="simple" ns0:href="../810/283810.xml">mass spectrometry</link>for protein</entry></list></p><p>because the large quantity data produced these techniques and the desire find biologically meaningful patterns<link ns0:type="simple" ns0:href="../214/4214.xml">bioinformatics</link>crucial this type analysis examples techniques this class are<link ns0:type="simple" ns0:href="../675/669675.xml">data clustering</link><link ns0:type="simple" ns0:href="../340/76340.xml">principal component analysis</link>for unsupervised<link ns0:type="simple" ns0:href="../488/233488.xml">machine learning</link>class detection well<link ns0:type="simple" ns0:href="../523/21523.xml">artificial neural network</link><link ns0:type="simple" ns0:href="../309/65309.xml">support vector machine</link>for supervised machine learning class prediction<link ns0:type="simple" ns0:href="../244/1579244.xml">classification</link></p></ss1><sec><st>see also</st><p><list><entry level="1" type="bullet"><link ns0:type="simple" ns0:href="../899/467899.xml">systems biology</link></entry><entry level="1" type="bullet"><link ns0:type="simple" ns0:href="../101/303101.xml">structural genomics</link></entry><entry level="1" type="bullet"><link ns0:type="simple" ns0:href="../868/917868.xml">comparative genomics</link></entry><entry level="1" type="bullet"><link ns0:type="simple" ns0:href="../486/1004486.xml">pharmacogenomics</link></entry></list></p></sec><sec><st>external links</st><p><list><entry level="1" type="bullet"><weblink ns0:type="simple" ns0:href="http://www.functionalgenomics.org.uk">european science foundation programme frontiers functional genomics</weblink></entry><entry level="1" type="bullet"><weblink ns0:type="simple" ns0:href="http://www.mugen-noe.org/">mugen noe</weblink>integrated functional genomics mutant mouse models</entry></list></p><p><table style=";" class="navbox" cellspacing="0"><row><col style="padding:2px;"><table style="width:100%;background:transparent;color:inherit;;" class="nowraplinks collapsible autocollapse " cellspacing="0"><row><header colspan="2" style=";" class="navbox-title"><link ns0:type="simple" ns0:href="../170/55170.xml">genomics</link>topics</header></row><row style="height:2px;" /><row><col colspan="2" style="width:100%;padding:0px;;;" class="navbox-list navbox-odd"><link ns0:type="simple" ns0:href="../792/323792.xml">genome project</link><link ns0:type="simple" ns0:href="../560/2606560.xml">paleopolyploidy</link><link ns0:type="simple" ns0:href="../087/61087.xml">glycomics</link><work wordnetid="100575741" confidence="0.8"><event wordnetid="100029378" confidence="0.8"><undertaking wordnetid="100795720" confidence="0.8"><act wordnetid="100030358" confidence="0.8"><psychological_feature wordnetid="100023100" confidence="0.8"><activity wordnetid="100407535" confidence="0.8"><link ns0:type="simple" ns0:href="../699/5219699.xml">human genome project</link></activity></psychological_feature></act></undertaking></event></work><link ns0:type="simple" ns0:href="../172/55172.xml">proteomics</link><link ns0:type="simple" ns0:href="../211/1029211.xml">metabolomics</link><link ns0:type="simple" ns0:href="../909/5168909.xml">chemogenomics</link><link ns0:type="simple" ns0:href="../101/303101.xml">structural genomics</link><link ns0:type="simple" ns0:href="../064/1889064.xml">pharmacogenetics</link><link ns0:type="simple" ns0:href="../486/1004486.xml">pharmacogenomics</link><link ns0:type="simple" ns0:href="../333/1677333.xml">toxicogenomics</link><link ns0:type="simple" ns0:href="../276/2571276.xml">computational genomics</link><link ns0:type="simple" ns0:href="../214/4214.xml">bioinformatics</link><link ns0:type="simple" ns0:href="../697/575697.xml">cheminformatics</link><link ns0:type="simple" ns0:href="../899/467899.xml">systems biology</link></col></row></table></col></row></table></p></sec></bdy></article>