<article xmlns:ns0="http://www.w3.org/1999/xlink"><person confidence="0.9638700866880419" wordnetid="100007846"><header><title>gary chevsky</title><id /><revision><id /><timestamp /><contributor><username>chowbok</username><id /></contributor></revision><categories><category>people from odessa</category><category>births</category><category>living people</category></categories></header><bdy>gary chevsky born<link ns0:type="simple" ns0:href="../935/27935.xml">september</link><link ns0:type="simple" ns0:href="../671/34671.xml" /><village wordnetid="108672738" confidence="0.9508927676800064"><link ns0:type="simple" ns0:href="../545/55545.xml">odessa</link></village><link ns0:type="simple" ns0:href="../779/26779.xml">ussr</link>was the founding architect<company wordnetid="108058098" confidence="0.9508927676800064"><link ns0:type="simple" ns0:href="../624/429624.xml">askcom</link></company>immigrated the<body wordnetid="107965085" confidence="0.8"><social_group wordnetid="107950920" confidence="0.8"><political_orientation wordnetid="106212839" confidence="0.8"><colony wordnetid="108374049" confidence="0.8"><state wordnetid="108168978" confidence="0.8"><political_unit wordnetid="108359949" confidence="0.8"><group wordnetid="100031264" confidence="0.8"><democracy wordnetid="106217103" confidence="0.8"><link ns0:type="simple" ns0:href="../750/3434750.xml">united states</link></democracy></group></political_unit></state></colony></political_orientation></social_group></body>and settled<village wordnetid="108672738" confidence="0.9508927676800064"><link ns0:type="simple" ns0:href="../728/49728.xml">san francisco california</link></village><p>from gary worked question answering and information retrieval technologies<link ns0:type="simple" ns0:href="../624/429624.xml">ask jeeves</link>now<company wordnetid="108058098" confidence="0.9508927676800064"><link ns0:type="simple" ns0:href="../624/429624.xml">askcom</link></company></p><p>currently vice president engineering the consumer business unit famous for its<company wordnetid="108058098" confidence="0.8"><institution wordnetid="108053576" confidence="0.8"><link ns0:type="simple" ns0:href="../873/1194873.xml">norton</link></institution></company>brand<link ns0:type="simple" ns0:href="../414/354414.xml">symantec corporation</link>developing the next generation web security technologies such<weblink ns0:type="simple" ns0:href="http://safeweb.norton.com">norton safe web</weblink></p><p>gary holds one patent<weblink ns0:type="simple" ns0:href="http://www.freepatentsonline.com/7403938.html"><list><entry level="1" type="number" /></list></weblink>and has another pending<weblink ns0:type="simple" ns0:href="http://www.freepatentsonline.com/US20070078842.html"><list><entry level="1" type="number" /></list></weblink>the area natural language processing and information retrieval</p><sec><st>external links</st><p><list><entry level="1" type="bullet"><weblink ns0:type="simple" ns0:href="http://www.linkedin.com/in/gchevsky">garys linkedin profile</weblink></entry></list></p></sec></bdy></person></article>