<article xmlns:ns0="http://www.w3.org/1999/xlink"><entity confidence="0.9511911446218017" wordnetid="100001740"><header><title>chris hardwick speed cuber</title><id /><revision><id /><timestamp /><contributor><username>shoeofdeath</username><id /></contributor></revision><categories><category>living people</category><category>american speedcubers</category></categories></header><bdy>for the actor see<actor wordnetid="109765278" confidence="0.9508927676800064"><link ns0:type="simple" ns0:href="../453/4342453.xml">chris hardwick</link></actor>christopher michael hardwick born<link ns0:type="simple" ns0:href="../352/8352.xml">december</link><link ns0:type="simple" ns0:href="../755/34755.xml" /><body wordnetid="107965085" confidence="0.8"><social_group wordnetid="107950920" confidence="0.8"><political_orientation wordnetid="106212839" confidence="0.8"><colony wordnetid="108374049" confidence="0.8"><state wordnetid="108168978" confidence="0.8"><political_unit wordnetid="108359949" confidence="0.8"><group wordnetid="100031264" confidence="0.8"><democracy wordnetid="106217103" confidence="0.8"><link ns0:type="simple" ns0:href="../750/3434750.xml">american</link></democracy></group></political_unit></state></colony></political_orientation></social_group></body>competitive<link ns0:type="simple" ns0:href="../571/954571.xml">speedcuber</link><p>born<village wordnetid="108672738" confidence="0.9508927676800064"><link ns0:type="simple" ns0:href="../999/108999.xml">merritt island</link></village><symbol wordnetid="106806469" confidence="0.9508927676800064"><link ns0:type="simple" ns0:href="../066/18933066.xml">florida</link></symbol>attended the<link ns0:type="simple" ns0:href="../007/426007.xml">north carolina school science and mathematics</link>class and<university wordnetid="108286163" confidence="0.9508927676800064"><link ns0:type="simple" ns0:href="../510/89510.xml">university north carolina chapel hill</link></university>class</p><p>known especially for his blindfolded national record solution times<puzzle wordnetid="106784639" confidence="0.8"><message wordnetid="106598915" confidence="0.8"><subject wordnetid="106599788" confidence="0.8"><problem wordnetid="106784003" confidence="0.8"><question wordnetid="106783768" confidence="0.8"><link ns0:type="simple" ns0:href="../252/299252.xml">rubiks revenge</link></question></problem></subject></message></puzzle>and rubiks<puzzle wordnetid="106784639" confidence="0.8"><message wordnetid="106598915" confidence="0.8"><subject wordnetid="106599788" confidence="0.8"><problem wordnetid="106784003" confidence="0.8"><question wordnetid="106783768" confidence="0.8"><link ns0:type="simple" ns0:href="../159/1043159.xml">professors cube</link></question></problem></subject></message></puzzle>puzzles though started out top onehanded cuber holds the united states record for fastest time solving<puzzle wordnetid="106784639" confidence="0.8"><message wordnetid="106598915" confidence="0.8"><subject wordnetid="106599788" confidence="0.8"><problem wordnetid="106784003" confidence="0.8"><question wordnetid="106783768" confidence="0.8"><link ns0:type="simple" ns0:href="../252/299252.xml">cube</link></question></problem></subject></message></puzzle>seconds set the<weblink ns0:type="simple" ns0:href="http://www.worldcubeassociation.org/results/c.php?i=CaltechDallas2005">caltech dallas</weblink>competition</p><p>hardwick has made number television appearances demonstrating the<vogue wordnetid="105750163" confidence="0.8"><puzzle wordnetid="106784639" confidence="0.8"><process wordnetid="105701363" confidence="0.8"><message wordnetid="106598915" confidence="0.8"><fashion wordnetid="105750657" confidence="0.8"><discrimination wordnetid="105748054" confidence="0.8"><subject wordnetid="106599788" confidence="0.8"><fad wordnetid="105751173" confidence="0.8"><basic_cognitive_process wordnetid="105701944" confidence="0.8"><problem wordnetid="106784003" confidence="0.8"><question wordnetid="106783768" confidence="0.8"><taste wordnetid="105749619" confidence="0.8"><link ns0:type="simple" ns0:href="../971/25971.xml">rubiks cube</link></taste></question></problem></basic_cognitive_process></fad></subject></discrimination></fashion></message></process></puzzle></vogue>including<channel wordnetid="106259898" confidence="0.9508927676800064"><link ns0:type="simple" ns0:href="../856/18856.xml">mtv</link></channel><series wordnetid="108457976" confidence="0.9508927676800064"><link ns0:type="simple" ns0:href="../105/296105.xml">canada</link></series>and<link ns0:type="simple" ns0:href="../909/365909.xml">much music</link>the fall discussing the rubiks cube world championships his home videos have also appeared numerous online video sites including<web_site wordnetid="106359193" confidence="0.9508927676800064"><link ns0:type="simple" ns0:href="../869/1835869.xml">collegehumor</link></web_site>and<web_site wordnetid="106359193" confidence="0.9508927676800064"><link ns0:type="simple" ns0:href="../618/11041618.xml">digg</link></web_site>home video hardwick solving rubiks cube onehanded appeared<channel wordnetid="106259898" confidence="0.9508927676800064"><link ns0:type="simple" ns0:href="../619/215619.xml" /></channel>for<series wordnetid="108457976" confidence="0.9508927676800064"><link ns0:type="simple" ns0:href="../074/3881074.xml">web junk</link></series><link ns0:type="simple" ns0:href="../558/1805558.xml">axe deodorant</link>parodied another one hardwicks home videos their<country wordnetid="108544813" confidence="0.9508927676800064"><link ns0:type="simple" ns0:href="../221/17416221.xml">south africa</link></country>get girlfriend commercial campaign</p><sec><st>references</st><p><list><entry level="1" type="bullet"><weblink ns0:type="simple" ns0:href="http://www.ifilm.com/collection/1702/channel/webjunk?sublisting=mostrecent page=2 numPerPage=15">hardwicks appearance web junk episode ifilm</weblink>retrieved<link /></entry><entry level="1" type="bullet"><weblink ns0:type="simple" ns0:href="http://www.speedcubing.com/chris/wc2003.html">photos hardwicks appearance canada</weblink>retrieved<link /></entry><entry level="1" type="bullet"><weblink ns0:type="simple" ns0:href="http://www.youtube.com/watch?v=OMGARiJ-FpY">axe parody home video hardwick youtube</weblink>retrieved<link /></entry><entry level="1" type="bullet"><weblink ns0:type="simple" ns0:href="http://members.chello.nl/r.vanbruchem/3x3bld1850.wmv">hardwicks original video the parody mentioned above</weblink>retrieved<link /></entry><entry level="1" type="bullet"><weblink ns0:type="simple" ns0:href="http://www.worldcubeassociation.org/results/regions.php?regionId=USA eventId= years= mixed=Mixed">united states rubiks cube national records</weblink>world cube association website retrieved<link /></entry><entry level="1" type="bullet"><weblink ns0:type="simple" ns0:href="http://www.dailycal.org/sharticle.php?id=23947">the daily californian</weblink>retrieved<link /></entry><entry level="1" type="bullet"><weblink ns0:type="simple" ns0:href="http://web.archive.org/web/20070501034311/http://www.informationweek.com/news/showArticle.jhtml?articleID=199202398">rubiks speed cubers earning celebrity status</weblink>archive information week retrieved<link /></entry><entry level="1" type="bullet"><weblink ns0:type="simple" ns0:href="http://www.collegehumor.com/video:58160">hardwick collegehumor</weblink>retrieved<link /></entry><entry level="1" type="bullet"><weblink ns0:type="simple" ns0:href="http://www.digg.com/tech_news/Man_solves_Rubik_s_cube_one-handed_in_under_30_seconds">hardwick digg</weblink>retrieved<link /></entry></list></p></sec><sec><st>external links</st><p><list><entry level="1" type="bullet"><weblink ns0:type="simple" ns0:href="http://www.worldcubeassociation.org/results/p.php?i=2003HARD01">chris hardwicks listing</weblink>the world cube association</entry><entry level="1" type="bullet"><weblink ns0:type="simple" ns0:href="http://www.speedcubing.com/chris/">chris hardwicks webpage</weblink></entry></list></p><p><table style=";" class="navbox" cellspacing="0"><row><col style="padding:2px;"><table style="width:100%;background:transparent;color:inherit;;" class="nowraplinks collapsible autocollapse " cellspacing="0"><row><header colspan="2" style=";" class="navbox-title"><vogue wordnetid="105750163" confidence="0.8"><puzzle wordnetid="106784639" confidence="0.8"><process wordnetid="105701363" confidence="0.8"><message wordnetid="106598915" confidence="0.8"><fashion wordnetid="105750657" confidence="0.8"><discrimination wordnetid="105748054" confidence="0.8"><subject wordnetid="106599788" confidence="0.8"><fad wordnetid="105751173" confidence="0.8"><basic_cognitive_process wordnetid="105701944" confidence="0.8"><problem wordnetid="106784003" confidence="0.8"><question wordnetid="106783768" confidence="0.8"><taste wordnetid="105749619" confidence="0.8"><link ns0:type="simple" ns0:href="../971/25971.xml">rubiks cube</link></taste></question></problem></basic_cognitive_process></fad></subject></discrimination></fashion></message></process></puzzle></vogue></header></row><row style="height:2px;" /><row><col style=";;" class="navbox-group">inventor</col><col style="text-align:left;border-left:2px solid #fdfdfd;width:100%;padding:0px;;;" class="navbox-list navbox-odd"><link>ern rubik</link></col></row><row style="height:2px" /><row><col style=";;" class="navbox-group">rubiks cubes</col><col style="text-align:left;border-left:2px solid #fdfdfd;width:100%;padding:0px;;;" class="navbox-list navbox-even"><puzzle wordnetid="106784639" confidence="0.8"><message wordnetid="106598915" confidence="0.8"><subject wordnetid="106599788" confidence="0.8"><problem wordnetid="106784003" confidence="0.8"><question wordnetid="106783768" confidence="0.8"><link ns0:type="simple" ns0:href="../455/14977455.xml">overview</link></question></problem></subject></message></puzzle>bull<puzzle wordnetid="106784639" confidence="0.8"><message wordnetid="106598915" confidence="0.8"><subject wordnetid="106599788" confidence="0.8"><problem wordnetid="106784003" confidence="0.8"><question wordnetid="106783768" confidence="0.8"><link ns0:type="simple" ns0:href="../012/599012.xml">pocket cube</link></question></problem></subject></message></puzzle>bull<vogue wordnetid="105750163" confidence="0.8"><puzzle wordnetid="106784639" confidence="0.8"><process wordnetid="105701363" confidence="0.8"><message wordnetid="106598915" confidence="0.8"><fashion wordnetid="105750657" confidence="0.8"><discrimination wordnetid="105748054" confidence="0.8"><subject wordnetid="106599788" confidence="0.8"><fad wordnetid="105751173" confidence="0.8"><basic_cognitive_process wordnetid="105701944" confidence="0.8"><problem wordnetid="106784003" confidence="0.8"><question wordnetid="106783768" confidence="0.8"><taste wordnetid="105749619" confidence="0.8"><link ns0:type="simple" ns0:href="../971/25971.xml">rubiks cube</link></taste></question></problem></basic_cognitive_process></fad></subject></discrimination></fashion></message></process></puzzle></vogue>bull<puzzle wordnetid="106784639" confidence="0.8"><message wordnetid="106598915" confidence="0.8"><subject wordnetid="106599788" confidence="0.8"><problem wordnetid="106784003" confidence="0.8"><question wordnetid="106783768" confidence="0.8"><link ns0:type="simple" ns0:href="../252/299252.xml">rubiks revenge</link></question></problem></subject></message></puzzle>bull<puzzle wordnetid="106784639" confidence="0.8"><message wordnetid="106598915" confidence="0.8"><subject wordnetid="106599788" confidence="0.8"><problem wordnetid="106784003" confidence="0.8"><question wordnetid="106783768" confidence="0.8"><link ns0:type="simple" ns0:href="../159/1043159.xml">professors cube</link></question></problem></subject></message></puzzle>bull<puzzle wordnetid="106784639" confidence="0.8"><message wordnetid="106598915" confidence="0.8"><subject wordnetid="106599788" confidence="0.8"><problem wordnetid="106784003" confidence="0.8"><question wordnetid="106783768" confidence="0.8"><link ns0:type="simple" ns0:href="../960/18291960.xml">vcube</link></question></problem></subject></message></puzzle>bull<puzzle wordnetid="106784639" confidence="0.8"><message wordnetid="106598915" confidence="0.8"><subject wordnetid="106599788" confidence="0.8"><problem wordnetid="106784003" confidence="0.8"><question wordnetid="106783768" confidence="0.8"><link ns0:type="simple" ns0:href="../577/18331577.xml">vcube</link></question></problem></subject></message></puzzle></col></row><row style="height:2px" /><row><col style=";;" class="navbox-group">cubic variations</col><col style="text-align:left;border-left:2px solid #fdfdfd;width:100%;padding:0px;;;" class="navbox-list navbox-odd"><puzzle wordnetid="106784639" confidence="0.8"><message wordnetid="106598915" confidence="0.8"><subject wordnetid="106599788" confidence="0.8"><problem wordnetid="106784003" confidence="0.8"><question wordnetid="106783768" confidence="0.8"><link ns0:type="simple" ns0:href="../899/1387899.xml">square</link></question></problem></subject></message></puzzle>bull<puzzle wordnetid="106784639" confidence="0.8"><message wordnetid="106598915" confidence="0.8"><subject wordnetid="106599788" confidence="0.8"><problem wordnetid="106784003" confidence="0.8"><question wordnetid="106783768" confidence="0.8"><link ns0:type="simple" ns0:href="../797/3146797.xml">skewb</link></question></problem></subject></message></puzzle>bull<link ns0:type="simple" ns0:href="../275/6439275.xml">sudoku cube</link></col></row><row style="height:2px" /><row><col style=";;" class="navbox-group">noncubic variations</col><col style="text-align:left;border-left:2px solid #fdfdfd;width:100%;padding:0px;;;" class="navbox-list navbox-even"><puzzle wordnetid="106784639" confidence="0.8"><message wordnetid="106598915" confidence="0.8"><subject wordnetid="106599788" confidence="0.8"><problem wordnetid="106784003" confidence="0.8"><question wordnetid="106783768" confidence="0.8"><link ns0:type="simple" ns0:href="../658/1762658.xml">megaminx</link></question></problem></subject></message></puzzle>bull<puzzle wordnetid="106784639" confidence="0.8"><message wordnetid="106598915" confidence="0.8"><subject wordnetid="106599788" confidence="0.8"><problem wordnetid="106784003" confidence="0.8"><question wordnetid="106783768" confidence="0.8"><link ns0:type="simple" ns0:href="../700/18304700.xml">impossiball</link></question></problem></subject></message></puzzle>bull<puzzle wordnetid="106784639" confidence="0.8"><message wordnetid="106598915" confidence="0.8"><subject wordnetid="106599788" confidence="0.8"><problem wordnetid="106784003" confidence="0.8"><question wordnetid="106783768" confidence="0.8"><link ns0:type="simple" ns0:href="../150/2896150.xml">alexanders star</link></question></problem></subject></message></puzzle>bull<puzzle wordnetid="106784639" confidence="0.8"><message wordnetid="106598915" confidence="0.8"><subject wordnetid="106599788" confidence="0.8"><problem wordnetid="106784003" confidence="0.8"><question wordnetid="106783768" confidence="0.8"><link ns0:type="simple" ns0:href="../988/10632988.xml">pyramorphix</link></question></problem></subject></message></puzzle>bull<puzzle wordnetid="106784639" confidence="0.8"><message wordnetid="106598915" confidence="0.8"><subject wordnetid="106599788" confidence="0.8"><problem wordnetid="106784003" confidence="0.8"><question wordnetid="106783768" confidence="0.8"><link ns0:type="simple" ns0:href="../589/1051589.xml">pyraminx</link></question></problem></subject></message></puzzle>bull<puzzle wordnetid="106784639" confidence="0.8"><message wordnetid="106598915" confidence="0.8"><subject wordnetid="106599788" confidence="0.8"><problem wordnetid="106784003" confidence="0.8"><question wordnetid="106783768" confidence="0.8"><link ns0:type="simple" ns0:href="../401/2393401.xml">skewb diamond</link></question></problem></subject></message></puzzle>bull<puzzle wordnetid="106784639" confidence="0.8"><message wordnetid="106598915" confidence="0.8"><subject wordnetid="106599788" confidence="0.8"><problem wordnetid="106784003" confidence="0.8"><question wordnetid="106783768" confidence="0.8"><link ns0:type="simple" ns0:href="../337/10533337.xml">skewb ultimate</link></question></problem></subject></message></puzzle>bull<puzzle wordnetid="106784639" confidence="0.8"><message wordnetid="106598915" confidence="0.8"><subject wordnetid="106599788" confidence="0.8"><problem wordnetid="106784003" confidence="0.8"><question wordnetid="106783768" confidence="0.8"><link ns0:type="simple" ns0:href="../407/2390407.xml">dogic</link></question></problem></subject></message></puzzle>bull<link ns0:type="simple" ns0:href="../003/18665003.xml">pyraminx crystal</link></col></row><row style="height:2px" /><row><col style=";;" class="navbox-group">higherdimensional virtual variations</col><col style="text-align:left;border-left:2px solid #fdfdfd;width:100%;padding:0px;;;" class="navbox-list navbox-odd"><puzzle wordnetid="106784639" confidence="0.8"><message wordnetid="106598915" confidence="0.8"><subject wordnetid="106599788" confidence="0.8"><problem wordnetid="106784003" confidence="0.8"><question wordnetid="106783768" confidence="0.8"><link ns0:type="simple" ns0:href="../394/17428394.xml#xpointer(//*[./st=%22Magic_4D_Cube%22])">magiccubed</link></question></problem></subject></message></puzzle>bull<puzzle wordnetid="106784639" confidence="0.8"><message wordnetid="106598915" confidence="0.8"><subject wordnetid="106599788" confidence="0.8"><problem wordnetid="106784003" confidence="0.8"><question wordnetid="106783768" confidence="0.8"><link ns0:type="simple" ns0:href="../394/17428394.xml#xpointer(//*[./st=%22Magic_5D_Cube%22])">magiccubed</link></question></problem></subject></message></puzzle>bull<puzzle wordnetid="106784639" confidence="0.8"><message wordnetid="106598915" confidence="0.8"><subject wordnetid="106599788" confidence="0.8"><problem wordnetid="106784003" confidence="0.8"><question wordnetid="106783768" confidence="0.8"><link ns0:type="simple" ns0:href="../394/17428394.xml#xpointer(//*[./st=%22Magic_120-cell%22])">magic cell</link></question></problem></subject></message></puzzle></col></row><row style="height:2px" /><row><col style=";;" class="navbox-group">derivatives</col><col style="text-align:left;border-left:2px solid #fdfdfd;width:100%;padding:0px;;;" class="navbox-list navbox-even"><puzzle wordnetid="106784639" confidence="0.8"><message wordnetid="106598915" confidence="0.8"><subject wordnetid="106599788" confidence="0.8"><problem wordnetid="106784003" confidence="0.8"><question wordnetid="106783768" confidence="0.8"><link ns0:type="simple" ns0:href="../331/361331.xml">rubiks magic</link></question></problem></subject></message></puzzle>bull<puzzle wordnetid="106784639" confidence="0.8"><message wordnetid="106598915" confidence="0.8"><subject wordnetid="106599788" confidence="0.8"><problem wordnetid="106784003" confidence="0.8"><question wordnetid="106783768" confidence="0.8"><link ns0:type="simple" ns0:href="../527/4231527.xml">rubiks snake</link></question></problem></subject></message></puzzle>bull<puzzle wordnetid="106784639" confidence="0.8"><message wordnetid="106598915" confidence="0.8"><subject wordnetid="106599788" confidence="0.8"><problem wordnetid="106784003" confidence="0.8"><question wordnetid="106783768" confidence="0.8"><link ns0:type="simple" ns0:href="../697/9111697.xml">missing link</link></question></problem></subject></message></puzzle>bull<event wordnetid="100029378" confidence="0.8"><social_event wordnetid="107288639" confidence="0.8"><contest wordnetid="107456188" confidence="0.8"><game wordnetid="100456199" confidence="0.8"><psychological_feature wordnetid="100023100" confidence="0.8"><link ns0:type="simple" ns0:href="../213/12065213.xml">rubiks revolution</link></psychological_feature></game></contest></social_event></event>bull<puzzle wordnetid="106784639" confidence="0.8"><message wordnetid="106598915" confidence="0.8"><subject wordnetid="106599788" confidence="0.8"><problem wordnetid="106784003" confidence="0.8"><question wordnetid="106783768" confidence="0.8"><link ns0:type="simple" ns0:href="../081/1387081.xml">rubiks clock</link></question></problem></subject></message></puzzle></col></row><row style="height:2px" /><row><col style=";;" class="navbox-group">world record holders</col><col style="text-align:left;border-left:2px solid #fdfdfd;width:100%;padding:0px;;;" class="navbox-list navbox-odd"><person wordnetid="100007846" confidence="0.9638700866880419"><link ns0:type="simple" ns0:href="../882/17535882.xml">nakajima</link></person>bull<link ns0:type="simple" ns0:href="../894/16992894.xml">erik akkersdijk</link></col></row><row style="height:2px" /><row><col style=";;" class="navbox-group">renowned solvers</col><col style="text-align:left;border-left:2px solid #fdfdfd;width:100%;padding:0px;;;" class="navbox-list navbox-even"><person wordnetid="100007846" confidence="0.9508927676800064"><professor wordnetid="110480730" confidence="0.9173553029164789"><link ns0:type="simple" ns0:href="../490/1323490.xml">david singmaster</link></professor></person>bull<link ns0:type="simple" ns0:href="../757/1772757.xml">jessica fridrich</link>bull<physical_entity wordnetid="100001930" confidence="0.8"><person wordnetid="100007846" confidence="0.8"><worker wordnetid="109632518" confidence="0.8"><causal_agent wordnetid="100007347" confidence="0.8"><employee wordnetid="110053808" confidence="0.8"><link ns0:type="simple" ns0:href="../417/2486417.xml">lars petrus</link></employee></causal_agent></worker></person></physical_entity>bull<link ns0:type="simple" ns0:href="../548/11455548.xml">ron van bruchem</link>bull<link ns0:type="simple" ns0:href="../587/10556587.xml">chris hardwick</link>bull<person wordnetid="100007846" confidence="0.9638700866880419"><link ns0:type="simple" ns0:href="../818/2064818.xml">shotaro macky makisumi</link></person>bull<link ns0:type="simple" ns0:href="../799/4055799.xml">tyson mao</link>bull<link ns0:type="simple" ns0:href="../353/13440353.xml">toby mao</link>bull<holder wordnetid="103525454" confidence="0.8"><artifact wordnetid="100021939" confidence="0.8"><instrumentality wordnetid="103575240" confidence="0.8"><device wordnetid="103183080" confidence="0.8"><holding_device wordnetid="103525827" confidence="0.8"><link ns0:type="simple" ns0:href="../434/4404434.xml">leyan</link></holding_device></device></instrumentality></artifact></holder></col></row><row style="height:2px" /><row><col style=";;" class="navbox-group">solutions</col><col style="text-align:left;border-left:2px solid #fdfdfd;width:100%;padding:0px;;;" class="navbox-list navbox-odd"><puzzle wordnetid="106784639" confidence="0.8"><subject wordnetid="106599788" confidence="0.8"><social_event wordnetid="107288639" confidence="0.8"><contest wordnetid="107456188" confidence="0.8"><problem wordnetid="106784003" confidence="0.8"><game wordnetid="100456199" confidence="0.8"><algorithm wordnetid="105847438" confidence="0.8"><message wordnetid="106598915" confidence="0.8"><event wordnetid="100029378" confidence="0.8"><rule wordnetid="105846932" confidence="0.8"><question wordnetid="106783768" confidence="0.8"><act wordnetid="100030358" confidence="0.8"><psychological_feature wordnetid="100023100" confidence="0.8"><activity wordnetid="100407535" confidence="0.8"><procedure wordnetid="101023820" confidence="0.8"><link ns0:type="simple" ns0:href="../075/5068075.xml">gods algorithm</link></procedure></activity></psychological_feature></act></question></rule></event></message></algorithm></game></problem></contest></social_event></subject></puzzle>bull<link ns0:type="simple" ns0:href="../196/358196.xml">optimal</link>bull<puzzle wordnetid="106784639" confidence="0.8"><message wordnetid="106598915" confidence="0.8"><subject wordnetid="106599788" confidence="0.8"><problem wordnetid="106784003" confidence="0.8"><question wordnetid="106783768" confidence="0.8"><link ns0:type="simple" ns0:href="../571/954571.xml">speedcubing</link></question></problem></subject></message></puzzle></col></row><row style="height:2px" /><row><col style=";;" class="navbox-group">mathematics</col><col style="text-align:left;border-left:2px solid #fdfdfd;width:100%;padding:0px;;;" class="navbox-list navbox-even"><group wordnetid="100031264" confidence="0.8"><link ns0:type="simple" ns0:href="../690/2467690.xml">rubiks cube group</link></group></col></row><row style="height:2px" /><row><col style=";;" class="navbox-group">official organization</col><col style="text-align:left;border-left:2px solid #fdfdfd;width:100%;padding:0px;;;" class="navbox-list navbox-odd"><link ns0:type="simple" ns0:href="../441/2087441.xml">world cube association</link></col></row><row style="height:2px" /><row><col style=";;" class="navbox-group">related articles</col><col style="text-align:left;border-left:2px solid #fdfdfd;width:100%;padding:0px;;;" class="navbox-list navbox-even"><link ns0:type="simple" ns0:href="../971/25971.xml">list rubiks cube software</link></col></row></table></col></row></table></p></sec></bdy></entity></article>