<article xmlns:ns0="http://www.w3.org/1999/xlink"><movie confidence="0.9508927676800064" wordnetid="106613686"><header><title>another hrs</title><id /><revision><id /><timestamp /><contributor><username>rangermike</username><id /></contributor></revision><categories><category>action comedy films</category><category>police detective films</category><category>sequel films</category><category>action films</category><category>films shot las vegas</category><category>films shot los angeles</category><category>buddy films</category><category>films shot san francisco</category><category>films</category><category>films set san francisco</category><category>paramount films</category><category>films directed walter hill</category></categories></header><bdy><template><name /><parameters><image width="150px" src="Another_forty_eight_hours.jpg"><caption>the movie poster for another hrs</caption></image><music><composer wordnetid="109947232" confidence="0.9173553029164789"><artist wordnetid="109812338" confidence="0.9508927676800064"><link ns0:type="simple" ns0:href="../673/466673.xml">james horner</link></artist></composer></music><budget /><editing><link>donn aron</link><link>carmel davies</link><link>freeman davies</link><link>tim ryder</link></editing><runtime>min</runtime><amg_id /><preceded_by><movie wordnetid="106613686" confidence="0.9508927676800064"><link ns0:type="simple" ns0:href="../406/2436406.xml">hrs</link></movie></preceded_by><director><link ns0:type="simple" ns0:href="../537/4921537.xml">walter hill</link></director><country><image width="22x20px" src="Flag_of_the_United_States.svg"><caption>border</caption></image><body wordnetid="107965085" confidence="0.8"><social_group wordnetid="107950920" confidence="0.8"><political_orientation wordnetid="106212839" confidence="0.8"><colony wordnetid="108374049" confidence="0.8"><state wordnetid="108168978" confidence="0.8"><political_unit wordnetid="108359949" confidence="0.8"><group wordnetid="100031264" confidence="0.8"><democracy wordnetid="106217103" confidence="0.8"><link ns0:type="simple" ns0:href="../750/3434750.xml">united states</link></democracy></group></political_unit></state></colony></political_orientation></social_group></body></country><released><link ns0:type="simple" ns0:href="../864/15864.xml">june</link><link ns0:type="simple" ns0:href="../635/34635.xml" /></released><imdb_id /><name>another hrs</name><producer><link ns0:type="simple" ns0:href="../488/8017488.xml">lawrence gordon</link><link>robert wachs</link></producer><cinematography><link ns0:type="simple" ns0:href="../581/9197581.xml">matthew leonetti</link></cinematography><distributor><company wordnetid="108058098" confidence="0.9508927676800064"><link ns0:type="simple" ns0:href="../918/22918.xml">paramount pictures</link></company></distributor><language><language wordnetid="106282651" confidence="0.8"><link ns0:type="simple" ns0:href="../916/8569916.xml">english</link></language></language><writer><link ns0:type="simple" ns0:href="../537/4921537.xml">walter hill</link><physical_entity wordnetid="100001930" confidence="0.8"><communicator wordnetid="109610660" confidence="0.8"><person wordnetid="100007846" confidence="0.8"><leader wordnetid="109623038" confidence="0.8"><administrator wordnetid="109770949" confidence="0.8"><screenwriter wordnetid="110564400" confidence="0.8"><causal_agent wordnetid="100007347" confidence="0.8"><scriptwriter wordnetid="110564905" confidence="0.8"><writer wordnetid="110794014" confidence="0.8"><head wordnetid="110162991" confidence="0.8"><director wordnetid="110014939" confidence="0.8"><link ns0:type="simple" ns0:href="../818/1259818.xml">roger spottiswoode</link></director></head></writer></scriptwriter></causal_agent></screenwriter></administrator></leader></person></communicator></physical_entity><physical_entity wordnetid="100001930" confidence="0.8"><communicator wordnetid="109610660" confidence="0.8"><person wordnetid="100007846" confidence="0.8"><screenwriter wordnetid="110564400" confidence="0.8"><causal_agent wordnetid="100007347" confidence="0.8"><scriptwriter wordnetid="110564905" confidence="0.8"><writer wordnetid="110794014" confidence="0.8"><link ns0:type="simple" ns0:href="../702/3032702.xml">larry gross</link></writer></scriptwriter></causal_agent></screenwriter></person></communicator></physical_entity><link ns0:type="simple" ns0:href="../642/2196642.xml">steven souza</link><comedian wordnetid="109940146" confidence="0.9508927676800064"><person wordnetid="100007846" confidence="0.9508927676800064"><link ns0:type="simple" ns0:href="../539/54539.xml">eddie murphy</link></person></comedian><link>john fasano</link><link ns0:type="simple" ns0:href="../376/16376.xml">jeb stuart</link></writer><starring><comedian wordnetid="109940146" confidence="0.9508927676800064"><person wordnetid="100007846" confidence="0.9508927676800064"><link ns0:type="simple" ns0:href="../539/54539.xml">eddie murphy</link></person></comedian><actor wordnetid="109765278" confidence="0.9508927676800064"><link ns0:type="simple" ns0:href="../829/84829.xml">nick nolte</link></actor><actor wordnetid="109765278" confidence="0.9173553029164789"><link ns0:type="simple" ns0:href="../403/1688403.xml">brion james</link></actor><actor wordnetid="109765278" confidence="0.9508927676800064"><link ns0:type="simple" ns0:href="../349/2509349.xml">kevin tighe</link></actor><actor wordnetid="109765278" confidence="0.9508927676800064"><link ns0:type="simple" ns0:href="../624/1703624.xml">oross</link></actor><actor wordnetid="109765278" confidence="0.9508927676800064"><link ns0:type="simple" ns0:href="../329/799329.xml">frank mcrae</link></actor><link>david anthony marshall</link><actor wordnetid="109765278" confidence="0.9508927676800064"><link ns0:type="simple" ns0:href="../605/1703605.xml">andrew divoff</link></actor><link>brent jennings</link></starring></parameters></template><p>another hrs<fundamental_quantity wordnetid="113575869" confidence="0.8"><time_period wordnetid="115113229" confidence="0.8"><year wordnetid="115203791" confidence="0.8"><link ns0:type="simple" ns0:href="../259/171259.xml" /></year></time_period></fundamental_quantity><link ns0:type="simple" ns0:href="../564/43564.xml">action</link><link ns0:type="simple" ns0:href="../644/5644.xml">comedy film</link>and<link ns0:type="simple" ns0:href="../510/196510.xml">sequel</link>the<fundamental_quantity wordnetid="113575869" confidence="0.8"><time_period wordnetid="115113229" confidence="0.8"><year wordnetid="115203791" confidence="0.8"><link ns0:type="simple" ns0:href="../649/171649.xml">film</link></year></time_period></fundamental_quantity><movie wordnetid="106613686" confidence="0.9508927676800064"><link ns0:type="simple" ns0:href="../406/2436406.xml">hrs</link></movie>was directed<film_director wordnetid="110088200" confidence="0.9173553029164789"><screenwriter wordnetid="110564400" confidence="0.9173553029164789"><film_maker wordnetid="110088390" confidence="0.9173553029164789"><actor wordnetid="109765278" confidence="0.9508927676800064"><link ns0:type="simple" ns0:href="../537/4921537.xml">walter hill</link></actor></film_maker></screenwriter></film_director>and stars<comedian wordnetid="109940146" confidence="0.9508927676800064"><person wordnetid="100007846" confidence="0.9508927676800064"><link ns0:type="simple" ns0:href="../539/54539.xml">eddie murphy</link></person></comedian><actor wordnetid="109765278" confidence="0.9508927676800064"><link ns0:type="simple" ns0:href="../829/84829.xml">nick nolte</link></actor><actor wordnetid="109765278" confidence="0.9173553029164789"><link ns0:type="simple" ns0:href="../403/1688403.xml">brion james</link></actor><actor wordnetid="109765278" confidence="0.9508927676800064"><link ns0:type="simple" ns0:href="../605/1703605.xml">andrew divoff</link></actor>and<actor wordnetid="109765278" confidence="0.9508927676800064"><link ns0:type="simple" ns0:href="../624/1703624.xml">oross</link></actor>nolte returns<village wordnetid="108672738" confidence="0.9508927676800064"><link ns0:type="simple" ns0:href="../728/49728.xml">san francisco</link></village><link ns0:type="simple" ns0:href="../240/310240.xml">police officer</link>jack cates who has hours clear his name from potential<link ns0:type="simple" ns0:href="../035/7397035.xml">manslaughter</link>charge needs the help reggie hammond who now newly released convict but the same time notorious mastermind known only the iceman has hired bunch bikers kill reggie this film contains strong language nudity violence and carries rating the<link ns0:type="simple" ns0:href="../641/18932641.xml">mpaa</link>the<body wordnetid="107965085" confidence="0.8"><social_group wordnetid="107950920" confidence="0.8"><political_orientation wordnetid="106212839" confidence="0.8"><colony wordnetid="108374049" confidence="0.8"><state wordnetid="108168978" confidence="0.8"><political_unit wordnetid="108359949" confidence="0.8"><group wordnetid="100031264" confidence="0.8"><democracy wordnetid="106217103" confidence="0.8"><link ns0:type="simple" ns0:href="../750/3434750.xml">united states</link></democracy></group></political_unit></state></colony></political_orientation></social_group></body></p><p>tagline the boys are back town</p><sec><st>summary</st><p>veteran police officer jack cates<actor wordnetid="109765278" confidence="0.9508927676800064"><link ns0:type="simple" ns0:href="../829/84829.xml">nick nolte</link></actor>has reunite with his imprisoned buddy<comedian wordnetid="109940146" confidence="0.9508927676800064"><person wordnetid="100007846" confidence="0.9508927676800064"><link ns0:type="simple" ns0:href="../539/54539.xml">eddie murphy</link></person></comedian>who about released from prison together they have find unscrupulous drug dealer who calls himself the iceman once again they only have hours fulfill their task for the past four years san francisco cop jack cates has been after unidentified drug kingpin who calls himself the ice man the hunters point raceway jack confronts tyrone burroughs and arthur brock jack kills brock self defense but tyrone burroughs<link>brent jennings</link>escapes and jack danger going prison because brocks gun cant found jack finds picture that proves that the ice man has put price the head reggie hammond who scheduled released from prison the next day jack tries convince reggie help him clear his name and find the ice man but reggie says wont help unless jack gives reggie the that jack has been holding for reggie jack refuses give reggie the money unless reggie helps him after the bus that transporting reggie away from the prison forced crash two bikers and jack gets shot the same two bikers jack forces reggie help him having the hospital release reggie into his custody reggie recognized one the bikers richard cherry ganz<actor wordnetid="109765278" confidence="0.9508927676800064"><link ns0:type="simple" ns0:href="../605/1703605.xml">andrew divoff</link></actor>the brother albert ganz the escaped convict jack killed months ago jack got shot because cherry wants revenge for alberts death and cherry and his partner willie hickok<link>david anthony marshall</link>are the hitmen who have been hired kill reggie burroughs who works for the ice man was trying hire brock insurance just case cherry and hickok fail blake wilson<actor wordnetid="109765278" confidence="0.9508927676800064"><link ns0:type="simple" ns0:href="../349/2509349.xml">kevin tighe</link></actor>the head the internal affairs division obviously doesnt like jack because wilson will stop nothing prosecute jack for manslaughter brocks death and turns out that the ice man put price reggies head because reggie knows who the ice man jacks friend kehoe jack confronts the trio villains local nightclub where reggie being held after being captured cherry and his partner jack and reggie dispose cherry and his partner but reggie grabbed kehoe and used human shield jack shoots reggie the shoulder wounding him which causes<link ns0:type="simple" ns0:href="../315/146315.xml">blood</link>coming out his wound and throwing him off kehoe jack then empties his gun into kehoe who falls backward and his head crushed one the stripper cages reggie transported the hospital but after steals jacks lighter like the<link ns0:type="simple" ns0:href="../406/2436406.xml">first film</link>except gave back like jack asked</p></sec><sec><st>trivia</st><p><list><entry level="1" type="bullet">the sky blue cadillac deville convertible from the original movie makes return appearance the film cates claims bought another caddy same year color and model with his share reggies money its predecessor was accidentally destroyed from being driven through plateglass window chasing albert ganz and billy bear</entry><entry level="1" type="bullet"><actor wordnetid="109765278" confidence="0.9508927676800064"><link ns0:type="simple" ns0:href="../829/84829.xml">nick nolte</link></actor>cates<comedian wordnetid="109940146" confidence="0.9508927676800064"><person wordnetid="100007846" confidence="0.9508927676800064"><link ns0:type="simple" ns0:href="../539/54539.xml">eddie murphy</link></person></comedian>hammond and<actor wordnetid="109765278" confidence="0.9173553029164789"><link ns0:type="simple" ns0:href="../403/1688403.xml">brion james</link></actor>kehoe all reprise their original roles from the first film</entry><entry level="1" type="bullet">the ending this film similar its prequel when jack takes hammonds words seriously this films prequel hammond told cates blow his fucking brains out which jack did this film hammond told jack shoot jack which jack did</entry></list></p></sec><sec><st>cast</st><p><list><entry level="1" type="bullet"><comedian wordnetid="109940146" confidence="0.9508927676800064"><person wordnetid="100007846" confidence="0.9508927676800064"><link ns0:type="simple" ns0:href="../539/54539.xml">eddie murphy</link></person></comedian>reggie hammond</entry><entry level="1" type="bullet"><actor wordnetid="109765278" confidence="0.9508927676800064"><link ns0:type="simple" ns0:href="../829/84829.xml">nick nolte</link></actor>det sgt jack cates</entry><entry level="1" type="bullet"><actor wordnetid="109765278" confidence="0.9173553029164789"><link ns0:type="simple" ns0:href="../403/1688403.xml">brion james</link></actor>det sgt ben kehoe</entry><entry level="1" type="bullet"><actor wordnetid="109765278" confidence="0.9508927676800064"><link ns0:type="simple" ns0:href="../349/2509349.xml">kevin tighe</link></actor>det blake wilson</entry><entry level="1" type="bullet"><actor wordnetid="109765278" confidence="0.9508927676800064"><link ns0:type="simple" ns0:href="../624/1703624.xml">oross</link></actor>frank cruise</entry><entry level="1" type="bullet"><link>david anthony marshall</link>willie hickok</entry><entry level="1" type="bullet"><actor wordnetid="109765278" confidence="0.9508927676800064"><link ns0:type="simple" ns0:href="../605/1703605.xml">andrew divoff</link></actor>richard cherry ganz</entry><entry level="1" type="bullet"><physical_entity wordnetid="100001930" confidence="0.8"><person wordnetid="100007846" confidence="0.8"><player wordnetid="110439851" confidence="0.8"><contestant wordnetid="109613191" confidence="0.8"><intellectual wordnetid="109621545" confidence="0.8"><performer wordnetid="110415638" confidence="0.8"><alumnus wordnetid="109786338" confidence="0.8"><causal_agent wordnetid="100007347" confidence="0.8"><actor wordnetid="109765278" confidence="0.8"><scholar wordnetid="110557854" confidence="0.8"><entertainer wordnetid="109616922" confidence="0.8"><link ns0:type="simple" ns0:href="../444/3984444.xml">bernie casey</link></entertainer></scholar></actor></causal_agent></alumnus></performer></intellectual></contestant></player></person></physical_entity>kirkland smith</entry><entry level="1" type="bullet"><link>brent jennings</link>tyrone burroughs</entry><entry level="1" type="bullet"><link>ted markland</link>malcolm price</entry><entry level="1" type="bullet"><link ns0:type="simple" ns0:href="../267/1034267.xml">tisha campbell</link>amy kirkland</entry><entry level="1" type="bullet">felice orlandi warden</entry><entry level="1" type="bullet"><link>edward walsh</link>det joe stevens</entry><entry level="1" type="bullet"><link>page leong</link>angel lee</entry></list></p></sec><sec><st>external links</st><p><list><entry level="1" type="bullet"><weblink ns0:type="simple" ns0:href="http://www.imdb.com/title/tt0099044/">another hrs</weblink>the<web_site wordnetid="106359193" confidence="0.9508927676800064"><link ns0:type="simple" ns0:href="../554/2855554.xml">internet movie database</link></web_site></entry></list></p><p><table style=";" class="navbox" cellspacing="0"><row><col style="padding:2px;"><table style="width:100%;background:transparent;color:inherit;;" class="nowraplinks collapsible autocollapse " cellspacing="0"><row><header colspan="2" style=";" class="navbox-title">films written directed<film_director wordnetid="110088200" confidence="0.9173553029164789"><screenwriter wordnetid="110564400" confidence="0.9173553029164789"><film_maker wordnetid="110088390" confidence="0.9173553029164789"><actor wordnetid="109765278" confidence="0.9508927676800064"><link ns0:type="simple" ns0:href="../537/4921537.xml">walter hill</link></actor></film_maker></screenwriter></film_director></header></row><row style="height:2px;" /><row><col style=";;" class="navbox-group"><product wordnetid="104007894" confidence="0.8"><fundamental_quantity wordnetid="113575869" confidence="0.8"><creation wordnetid="103129123" confidence="0.8"><time_period wordnetid="115113229" confidence="0.8"><artifact wordnetid="100021939" confidence="0.8"><event wordnetid="100029378" confidence="0.8"><social_event wordnetid="107288639" confidence="0.8"><movie wordnetid="106613686" confidence="0.8"><year wordnetid="115203791" confidence="0.8"><show wordnetid="106619065" confidence="0.8"><psychological_feature wordnetid="100023100" confidence="0.8"><link ns0:type="simple" ns0:href="../306/193306.xml" /></psychological_feature></show></year></movie></social_event></event></artifact></time_period></creation></fundamental_quantity></product></col><col style="text-align:left;border-left:2px solid #fdfdfd;width:100%;padding:0px;;;" class="navbox-list navbox-odd"><movie wordnetid="106613686" confidence="0.9508927676800064"><link ns0:type="simple" ns0:href="../800/2177800.xml">hard times</link></movie><movie wordnetid="106613686" confidence="0.9508927676800064"><link ns0:type="simple" ns0:href="../794/5561794.xml">the driver</link></movie><movie wordnetid="106613686" confidence="0.9508927676800064"><link ns0:type="simple" ns0:href="../571/1173571.xml">the warriors</link></movie></col></row><row style="height:2px" /><row><col style=";;" class="navbox-group"><product wordnetid="104007894" confidence="0.8"><fundamental_quantity wordnetid="113575869" confidence="0.8"><creation wordnetid="103129123" confidence="0.8"><time_period wordnetid="115113229" confidence="0.8"><artifact wordnetid="100021939" confidence="0.8"><event wordnetid="100029378" confidence="0.8"><social_event wordnetid="107288639" confidence="0.8"><movie wordnetid="106613686" confidence="0.8"><year wordnetid="115203791" confidence="0.8"><show wordnetid="106619065" confidence="0.8"><psychological_feature wordnetid="100023100" confidence="0.8"><link ns0:type="simple" ns0:href="../895/137895.xml" /></psychological_feature></show></year></movie></social_event></event></artifact></time_period></creation></fundamental_quantity></product></col><col style="text-align:left;border-left:2px solid #fdfdfd;width:100%;padding:0px;;;" class="navbox-list navbox-even"><movie wordnetid="106613686" confidence="0.9508927676800064"><link ns0:type="simple" ns0:href="../360/2441360.xml">the long riders</link></movie><movie wordnetid="106613686" confidence="0.9508927676800064"><link ns0:type="simple" ns0:href="../658/2370658.xml">southern comfort</link></movie><movie wordnetid="106613686" confidence="0.9508927676800064"><link ns0:type="simple" ns0:href="../406/2436406.xml">hrs</link></movie><album wordnetid="106591815" confidence="0.9508927676800064"><movie wordnetid="106613686" confidence="0.9508927676800064"><link ns0:type="simple" ns0:href="../876/885876.xml">streets fire</link></movie></album><movie wordnetid="106613686" confidence="0.9508927676800064"><link ns0:type="simple" ns0:href="../980/6312980.xml">brewsters millions</link></movie><link ns0:type="simple" ns0:href="#xpointer(//cite[@id=%22endnoteQ1%22])" /><movie wordnetid="106613686" confidence="0.9508927676800064"><link ns0:type="simple" ns0:href="../482/1296482.xml">crossroads</link></movie><movie wordnetid="106613686" confidence="0.9508927676800064"><link ns0:type="simple" ns0:href="../733/4515733.xml">extreme prejudice</link></movie><link ns0:type="simple" ns0:href="#xpointer(//cite[@id=%22endnoteQ1%22])" /><link ns0:type="simple" ns0:href="../061/354061.xml">red heat</link><movie wordnetid="106613686" confidence="0.9508927676800064"><link ns0:type="simple" ns0:href="../366/5083366.xml">johnny handsome</link></movie><link ns0:type="simple" ns0:href="#xpointer(//cite[@id=%22endnoteQ1%22])" /></col></row><row style="height:2px" /><row><col style=";;" class="navbox-group"><fundamental_quantity wordnetid="113575869" confidence="0.8"><time_period wordnetid="115113229" confidence="0.8"><year wordnetid="115203791" confidence="0.8"><link ns0:type="simple" ns0:href="../939/140939.xml" /></year></time_period></fundamental_quantity></col><col style="text-align:left;border-left:2px solid #fdfdfd;width:100%;padding:0px;;;" class="navbox-list navbox-odd"><movie wordnetid="106613686" confidence="0.9508927676800064"><link ns0:type="simple" ns0:href="../023/1056023.xml">another hrs</link></movie><movie wordnetid="106613686" confidence="0.9508927676800064"><link ns0:type="simple" ns0:href="../314/4460314.xml">trespass</link></movie><link ns0:type="simple" ns0:href="#xpointer(//cite[@id=%22endnoteQ1%22])" /><product wordnetid="104007894" confidence="0.8"><creation wordnetid="103129123" confidence="0.8"><artifact wordnetid="100021939" confidence="0.8"><event wordnetid="100029378" confidence="0.8"><social_event wordnetid="107288639" confidence="0.8"><movie wordnetid="106613686" confidence="0.8"><show wordnetid="106619065" confidence="0.8"><psychological_feature wordnetid="100023100" confidence="0.8"><link ns0:type="simple" ns0:href="../109/18163109.xml">wild bill</link></psychological_feature></show></movie></social_event></event></artifact></creation></product><movie wordnetid="106613686" confidence="0.9508927676800064"><link ns0:type="simple" ns0:href="../530/2991530.xml">last man standing</link></movie></col></row><row style="height:2px" /><row><col style=";;" class="navbox-group"><product wordnetid="104007894" confidence="0.8"><creation wordnetid="103129123" confidence="0.8"><artifact wordnetid="100021939" confidence="0.8"><event wordnetid="100029378" confidence="0.8"><social_event wordnetid="107288639" confidence="0.8"><movie wordnetid="106613686" confidence="0.8"><show wordnetid="106619065" confidence="0.8"><psychological_feature wordnetid="100023100" confidence="0.8"><link ns0:type="simple" ns0:href="../334/215334.xml" /></psychological_feature></show></movie></social_event></event></artifact></creation></product></col><col style="text-align:left;border-left:2px solid #fdfdfd;width:100%;padding:0px;;;" class="navbox-list navbox-even"><movie wordnetid="106613686" confidence="0.9508927676800064"><link ns0:type="simple" ns0:href="../684/2707684.xml">supernova</link></movie><movie wordnetid="106613686" confidence="0.9508927676800064"><link ns0:type="simple" ns0:href="../931/3699931.xml">undisputed</link></movie></col></row><row style="height:2px" /><row><col style=";;" class="navbox-group"><link ns0:type="simple" ns0:href="../831/29831.xml">television</link></col><col style="text-align:left;border-left:2px solid #fdfdfd;width:100%;padding:0px;;;" class="navbox-list navbox-odd"><series wordnetid="108457976" confidence="0.9508927676800064"><link ns0:type="simple" ns0:href="../455/591455.xml">tales from the crypt</link></series><series wordnetid="108457976" confidence="0.9508927676800064"><link ns0:type="simple" ns0:href="../893/762893.xml">deadwood</link></series><movie wordnetid="106613686" confidence="0.9508927676800064"><link ns0:type="simple" ns0:href="../237/5725237.xml">broken trail</link></movie></col></row><row style="height:2px" /><row><col style=";;" class="navbox-group"><link ns0:type="simple" ns0:href="../597/83597.xml">screenplays</link></col><col style="text-align:left;border-left:2px solid #fdfdfd;width:100%;padding:0px;;;" class="navbox-list navbox-even"><movie wordnetid="106613686" confidence="0.9508927676800064"><link ns0:type="simple" ns0:href="../629/12555629.xml">hickey boggs</link></movie><movie wordnetid="106613686" confidence="0.9508927676800064"><link ns0:type="simple" ns0:href="../824/585824.xml">the getaway</link></movie><movie wordnetid="106613686" confidence="0.9508927676800064"><link ns0:type="simple" ns0:href="../233/5099233.xml">the thief who came dinner</link></movie><movie wordnetid="106613686" confidence="0.9508927676800064"><link ns0:type="simple" ns0:href="../619/7917619.xml">the mackintosh man</link></movie><movie wordnetid="106613686" confidence="0.9508927676800064"><link ns0:type="simple" ns0:href="../013/2637013.xml">the drowning pool</link></movie><movie wordnetid="106613686" confidence="0.9508927676800064"><link ns0:type="simple" ns0:href="../494/6245494.xml">alien</link></movie>series<movie wordnetid="106613686" confidence="0.9508927676800064"><link ns0:type="simple" ns0:href="../827/15871827.xml">blue city</link></movie></col></row></table></col></row></table><link ns0:type="simple" ns0:href="#xpointer(//*[./st=%22refQ1%22])" />directed only</p><p><table style=";" class="navbox" cellspacing="0"><row><col style="padding:2px;"><table style="width:100%;background:transparent;color:inherit;;" class="nowraplinks collapsible collapsed " cellspacing="0"><row><header colspan="2" style=";" class="navbox-title"><image width="16px" src="United_States_film.png" /><link ns0:type="simple" ns0:href="../199/8312199.xml">american films year</link></header></row><row style="height:2px;" /><row><col colspan="2" style=";" class="navbox-abovebelow">american actorsactors american film directorsdirectors american animationanimation american american film score composerscomposers american film editorseditors american filmsfilms american film producersproducers american screenwritersscreenwriters</col></row><row style="height:2px;" /><row><col colspan="2" style="width:100%;padding:0px;;;" class="navbox-list navbox-odd"><link ns0:type="simple" ns0:href="../140/11720140.xml" /><link ns0:type="simple" ns0:href="../114/11858114.xml" /><link ns0:type="simple" ns0:href="../126/11858126.xml" /><link ns0:type="simple" ns0:href="../129/11858129.xml" /><link ns0:type="simple" ns0:href="../319/14527319.xml" /><link ns0:type="simple" ns0:href="../338/14527338.xml" /><link ns0:type="simple" ns0:href="../139/11858139.xml" /><link ns0:type="simple" ns0:href="../143/11858143.xml" /><link ns0:type="simple" ns0:href="../146/11858146.xml" /><link ns0:type="simple" ns0:href="../150/11858150.xml" /><link ns0:type="simple" ns0:href="../153/11858153.xml" /><link ns0:type="simple" ns0:href="../157/11858157.xml" /><link ns0:type="simple" ns0:href="../158/11858158.xml" /><link ns0:type="simple" ns0:href="../160/11858160.xml" /><link ns0:type="simple" ns0:href="../163/11858163.xml" /><link ns0:type="simple" ns0:href="../165/11858165.xml" /><link ns0:type="simple" ns0:href="../171/11858171.xml" /><link ns0:type="simple" ns0:href="../173/11858173.xml" /><link ns0:type="simple" ns0:href="../706/11393706.xml" /><link ns0:type="simple" ns0:href="../674/11393674.xml" /><link ns0:type="simple" ns0:href="../619/11393619.xml" /><link ns0:type="simple" ns0:href="../135/11393135.xml" /><link ns0:type="simple" ns0:href="../160/11393160.xml" /><link ns0:type="simple" ns0:href="../197/11393197.xml" /><link ns0:type="simple" ns0:href="../245/11393245.xml" /><link ns0:type="simple" ns0:href="../279/11393279.xml" /><link ns0:type="simple" ns0:href="../316/11393316.xml" /><link ns0:type="simple" ns0:href="../384/11393384.xml" /><link ns0:type="simple" ns0:href="../422/11393422.xml" /><link ns0:type="simple" ns0:href="../460/11393460.xml" /><link ns0:type="simple" ns0:href="../501/11393501.xml" /><link ns0:type="simple" ns0:href="../323/11359323.xml" /><link ns0:type="simple" ns0:href="../240/11360240.xml" /><link ns0:type="simple" ns0:href="../560/11360560.xml" /><link ns0:type="simple" ns0:href="../651/11360651.xml" /><link ns0:type="simple" ns0:href="../772/11360772.xml" /><link ns0:type="simple" ns0:href="../834/11360834.xml" /><link ns0:type="simple" ns0:href="../277/11363277.xml" /><link ns0:type="simple" ns0:href="../353/11363353.xml" /><link ns0:type="simple" ns0:href="../383/11363383.xml" /><link ns0:type="simple" ns0:href="../439/11363439.xml" /><link ns0:type="simple" ns0:href="../420/11394420.xml" /><link ns0:type="simple" ns0:href="../265/11572265.xml" /><link ns0:type="simple" ns0:href="../739/11572739.xml" /><link ns0:type="simple" ns0:href="../281/11573281.xml" /><link ns0:type="simple" ns0:href="../404/11715404.xml" /><link ns0:type="simple" ns0:href="../056/11716056.xml" /><link ns0:type="simple" ns0:href="../610/11716610.xml" /><link ns0:type="simple" ns0:href="../174/11717174.xml" /><link ns0:type="simple" ns0:href="../433/11717433.xml" /><link ns0:type="simple" ns0:href="../666/11717666.xml" /><link ns0:type="simple" ns0:href="../184/11718184.xml" /><link ns0:type="simple" ns0:href="../471/11718471.xml" /><link ns0:type="simple" ns0:href="../628/11718628.xml" /><link ns0:type="simple" ns0:href="../147/11719147.xml" /><link ns0:type="simple" ns0:href="../423/11719423.xml" /><link ns0:type="simple" ns0:href="../528/11858528.xml" /><link ns0:type="simple" ns0:href="../311/11729311.xml" /><link ns0:type="simple" ns0:href="../985/11727985.xml" /><link ns0:type="simple" ns0:href="../979/11729979.xml" /><link ns0:type="simple" ns0:href="../751/11719751.xml" /><link ns0:type="simple" ns0:href="../177/11728177.xml" /><link ns0:type="simple" ns0:href="../519/11858519.xml" /><link ns0:type="simple" ns0:href="../701/11727701.xml" /><link ns0:type="simple" ns0:href="../520/11858520.xml" /><link ns0:type="simple" ns0:href="../730/11729730.xml" /><link ns0:type="simple" ns0:href="../957/11721957.xml" /><link ns0:type="simple" ns0:href="../380/11728380.xml" /><link ns0:type="simple" ns0:href="../811/11727811.xml" /><link ns0:type="simple" ns0:href="../630/11728630.xml" /><link ns0:type="simple" ns0:href="../316/11721316.xml" /><link ns0:type="simple" ns0:href="../496/11858496.xml" /><link ns0:type="simple" ns0:href="../606/11729606.xml" /><link ns0:type="simple" ns0:href="../333/11727333.xml" /><link ns0:type="simple" ns0:href="../665/11730665.xml" /><link ns0:type="simple" ns0:href="../212/11729212.xml" /><link ns0:type="simple" ns0:href="../101/11728101.xml" /><link ns0:type="simple" ns0:href="../524/11858524.xml" /><link ns0:type="simple" ns0:href="../923/11729923.xml" /><link ns0:type="simple" ns0:href="../527/11858527.xml" /><link ns0:type="simple" ns0:href="../262/11728262.xml" /><link ns0:type="simple" ns0:href="../517/11858517.xml" /><link ns0:type="simple" ns0:href="../513/11858513.xml" /><link ns0:type="simple" ns0:href="../476/11729476.xml" /><link ns0:type="simple" ns0:href="../511/11858511.xml" /><link ns0:type="simple" ns0:href="../508/11858508.xml" /><link ns0:type="simple" ns0:href="../920/11726920.xml" /><link ns0:type="simple" ns0:href="../578/11730578.xml" /><link ns0:type="simple" ns0:href="../858/11727858.xml" /><link ns0:type="simple" ns0:href="../537/11728537.xml" /><link ns0:type="simple" ns0:href="../563/11727563.xml" /><link ns0:type="simple" ns0:href="../182/11858182.xml" /><link ns0:type="simple" ns0:href="../184/11858184.xml" /><link ns0:type="simple" ns0:href="../188/11858188.xml" /><link ns0:type="simple" ns0:href="../194/11858194.xml" /><link ns0:type="simple" ns0:href="../196/11858196.xml" /><link ns0:type="simple" ns0:href="../805/11730805.xml" /><link ns0:type="simple" ns0:href="../505/11858505.xml" /><link ns0:type="simple" ns0:href="../078/11729078.xml" /><link ns0:type="simple" ns0:href="../504/11858504.xml" /><link ns0:type="simple" ns0:href="../501/11858501.xml" /><link ns0:type="simple" ns0:href="../198/11858198.xml" /><link ns0:type="simple" ns0:href="../201/11858201.xml" /><link ns0:type="simple" ns0:href="../204/11858204.xml" /><link ns0:type="simple" ns0:href="../206/11858206.xml" /><link ns0:type="simple" ns0:href="../210/11858210.xml" /><link ns0:type="simple" ns0:href="../212/11858212.xml" /><link ns0:type="simple" ns0:href="../215/11858215.xml" /><link ns0:type="simple" ns0:href="../219/11858219.xml" /><link ns0:type="simple" ns0:href="../230/11858230.xml" /></col></row></table></col></row></table></p></sec></bdy></movie></article>