<article xmlns:ns0="http://www.w3.org/1999/xlink"><amalgamation confidence="0.9511911446218017" wordnetid="101238424"><header><title>list bank mergers the united states</title><id /><revision><id /><timestamp /><contributor><username>johnkarp</username><id /></contributor></revision><categories><category>mergers and acquisitions</category><category>corporationrelated lists</category><category>lists banks</category></categories></header><bdy>this list many the major<link ns0:type="simple" ns0:href="../669/19360669.xml">banking company</link><link ns0:type="simple" ns0:href="../769/20769.xml">merger</link>since<link ns0:type="simple" ns0:href="../911/34911.xml" />the<body wordnetid="107965085" confidence="0.8"><social_group wordnetid="107950920" confidence="0.8"><political_orientation wordnetid="106212839" confidence="0.8"><colony wordnetid="108374049" confidence="0.8"><state wordnetid="108168978" confidence="0.8"><political_unit wordnetid="108359949" confidence="0.8"><group wordnetid="100031264" confidence="0.8"><democracy wordnetid="106217103" confidence="0.8"><link ns0:type="simple" ns0:href="../750/3434750.xml" /></democracy></group></political_unit></state></colony></political_orientation></social_group></body><p><table cellpadding="2" class="wikitable sortable" border="1"><row bgcolor="fcfcfc"><header>year merger closed</header><header>acquirer</header><header>acquired bank</header><header>name merged entity</header><header>transaction value</header></row><row><col><link ns0:type="simple" ns0:href="../911/34911.xml" /></col><col><link ns0:type="simple" ns0:href="../969/384969.xml">chase national bank</link></col><col>equitable trust</col><col><link>chase national bank</link></col></row><row><col><link ns0:type="simple" ns0:href="../982/34982.xml" /></col><col><link ns0:type="simple" ns0:href="../000/231000.xml">chemical bank trust</link></col><col>corn exchange bank trust</col><col>chemical corn exchange bank trust</col></row><row><col><link ns0:type="simple" ns0:href="../851/34851.xml" /></col><col>national city bank new york</col><col>first national bank new york</col><col><link ns0:type="simple" ns0:href="../026/231026.xml">first national city bank</link></col></row><row><col /><col>bank the manhattan</col><col>chase national bank</col><col><link ns0:type="simple" ns0:href="../969/384969.xml">chase manhattan bank</link></col></row><row><col /><col><link ns0:type="simple" ns0:href="../709/1609709.xml">bankers trust</link></col><col>public national bank trust</col><col><link ns0:type="simple" ns0:href="../709/1609709.xml">bankers trust</link></col></row><row><col><link ns0:type="simple" ns0:href="../659/34659.xml" /></col><col>manufacturers trust</col><col>hanover bank</col><col><link ns0:type="simple" ns0:href="../994/230994.xml">manufacturers hanover bank</link></col></row><row><col><link ns0:type="simple" ns0:href="../755/34755.xml" /></col><col><link ns0:type="simple" ns0:href="../756/347756.xml">bankamerica</link>corp</col><col><company wordnetid="108058098" confidence="0.8"><institution wordnetid="108053576" confidence="0.8"><link ns0:type="simple" ns0:href="../511/3858511.xml">seafirst bank</link></institution></company></col><col>bankamerica corp seafirst banks operated seafirst until</col></row><row><col><link ns0:type="simple" ns0:href="../578/34578.xml" /></col><col><slope wordnetid="109437454" confidence="0.8"><geological_formation wordnetid="109287968" confidence="0.8"><bank wordnetid="109213565" confidence="0.8"><link ns0:type="simple" ns0:href="../998/230998.xml">chase manhattan corporation</link></bank></geological_formation></slope></col><col>lincoln first bank</col><col><slope wordnetid="109437454" confidence="0.8"><geological_formation wordnetid="109287968" confidence="0.8"><bank wordnetid="109213565" confidence="0.8"><link ns0:type="simple" ns0:href="../998/230998.xml">chase manhattan corporation</link></bank></geological_formation></slope>most former lincoln first bank operated chase lincoln first</col></row><row><col><link ns0:type="simple" ns0:href="../846/34846.xml" /></col><col><link ns0:type="simple" ns0:href="../077/3273077.xml">bank boston</link>corp</col><col>colonial bank</col><col><link ns0:type="simple" ns0:href="../077/3273077.xml">bank boston</link>corp</col></row><row><col /><col><link ns0:type="simple" ns0:href="../077/3273077.xml">bank boston</link>corp</col><col>rhode island hospital trust national bank</col><col><link ns0:type="simple" ns0:href="../077/3273077.xml">bank boston</link>corp</col></row><row><col /><col>bank new england corp</col><col>the connecticut bank and trust</col><col>bank new england corp</col></row><row><col><link ns0:type="simple" ns0:href="../761/34761.xml" /></col><col><link ns0:type="simple" ns0:href="../155/4220155.xml">sovran financial corp</link></col><col>suburban bank</col><col><link ns0:type="simple" ns0:href="../155/4220155.xml">sovran financial corp</link></col></row><row><col /><col><slope wordnetid="109437454" confidence="0.8"><company wordnetid="108058098" confidence="0.8"><geological_formation wordnetid="109287968" confidence="0.8"><bank wordnetid="109213565" confidence="0.8"><institution wordnetid="108053576" confidence="0.8"><link ns0:type="simple" ns0:href="../846/1027846.xml">security pacific corp</link></institution></bank></geological_formation></company></slope></col><col>the arizona bank</col><col><link ns0:type="simple" ns0:href="../846/1027846.xml">security pacific</link>corp</col></row><row><col /><col><company wordnetid="108058098" confidence="0.9508927676800064"><link ns0:type="simple" ns0:href="../487/16597487.xml">wells fargo corp</link></company></col><col><slope wordnetid="109437454" confidence="0.8"><company wordnetid="108058098" confidence="0.8"><geological_formation wordnetid="109287968" confidence="0.8"><bank wordnetid="109213565" confidence="0.8"><institution wordnetid="108053576" confidence="0.8"><link ns0:type="simple" ns0:href="../725/883725.xml">crocker national bank</link></institution></bank></geological_formation></company></slope></col><col><link ns0:type="simple" ns0:href="../487/16597487.xml">wells fargo corp</link>combined california bank uses crockers charter</col></row><row><col><link ns0:type="simple" ns0:href="../760/34760.xml" /></col><col><link>chemical new york corp</link></col><col><slope wordnetid="109437454" confidence="0.8"><geological_formation wordnetid="109287968" confidence="0.8"><bank wordnetid="109213565" confidence="0.8"><link ns0:type="simple" ns0:href="../995/230995.xml">texas commerce bank</link></bank></geological_formation></slope></col><col><link ns0:type="simple" ns0:href="../000/231000.xml">chemical banking corporation</link>banks continued operate texas commerce</col><col>billion</col></row><row><col /><col>republicbank corp</col><col>interfirst corp</col><col>first republic bank corp</col></row><row><col /><col><link ns0:type="simple" ns0:href="../846/1027846.xml">security pacific</link>corp</col><col>rainier national bank</col><col><link ns0:type="simple" ns0:href="../846/1027846.xml">security pacific</link>corp banks pacific continued operate rainier</col></row><row><col /><col><link ns0:type="simple" ns0:href="../155/4220155.xml">sovran financial corp</link></col><col>commerce union bank</col><col><link ns0:type="simple" ns0:href="../155/4220155.xml">sovran financial corp</link></col></row><row><col /><col><company wordnetid="108058098" confidence="0.9508927676800064"><link ns0:type="simple" ns0:href="../002/523002.xml">bancorp</link></company></col><col>peoples national bank washington</col><col><company wordnetid="108058098" confidence="0.9508927676800064"><link ns0:type="simple" ns0:href="../002/523002.xml">bancorp</link></company></col></row><row><col /><col><link ns0:type="simple" ns0:href="../273/570273.xml">fleet financial group</link>inc</col><col><link>norstar bank</link></col><col><link ns0:type="simple" ns0:href="../273/570273.xml">fleetnorstar financial group</link>inc</col></row><row><col /><col><link>first union</link>corp</col><col>atlantic national bank florida</col><col>first union</col></row><row><col><link ns0:type="simple" ns0:href="../670/34670.xml" /></col><col><company wordnetid="108058098" confidence="0.9508927676800064"><link ns0:type="simple" ns0:href="../837/519837.xml">bank new york</link></company></col><col><link ns0:type="simple" ns0:href="../603/2230603.xml">irving bank</link>corp</col><col><company wordnetid="108058098" confidence="0.9508927676800064"><link ns0:type="simple" ns0:href="../837/519837.xml">bank new york</link></company></col></row><row><col /><col>shawmut corp</col><col>hartford national corp</col><col><link ns0:type="simple" ns0:href="../273/570273.xml">shawmut national corp</link></col></row><row><col /><col>shawmut corp</col><col>arlington trust</col><col><link ns0:type="simple" ns0:href="../273/570273.xml">shawmut national corp</link></col></row><row><col /><col>first bank system inc</col><col>central bank denver</col><col>first bank system inc colo banks never became first bank due name conflict</col></row><row><col /><col><link ns0:type="simple" ns0:href="../487/16597487.xml">wells fargo corp</link></col><col>barclays bank california subsidiary<company wordnetid="108058098" confidence="0.9508927676800064"><link ns0:type="simple" ns0:href="../441/1753441.xml">barclays plc</link></company></col><col><link ns0:type="simple" ns0:href="../487/16597487.xml">wells fargo corp</link></col></row><row><col /><col><link ns0:type="simple" ns0:href="../846/1027846.xml">security pacific</link>corp</col><col>the hibernia bank</col><col><link ns0:type="simple" ns0:href="../846/1027846.xml">security pacific</link>corp</col></row><row><col /><col>credit suisse</col><col>the first boston corporation</col><col><link ns0:type="simple" ns0:href="../554/916554.xml">first boston</link>later credit suisse first boston</col></row><row><col /><col><link ns0:type="simple" ns0:href="../859/3664859.xml">north carolina national bank</link></col><col>first republic bank corp</col><col><link ns0:type="simple" ns0:href="../859/3664859.xml">north carolina national bank</link></col></row><row><col><link ns0:type="simple" ns0:href="../847/34847.xml" /></col><col><slope wordnetid="109437454" confidence="0.8"><company wordnetid="108058098" confidence="0.8"><geological_formation wordnetid="109287968" confidence="0.8"><bank wordnetid="109213565" confidence="0.8"><institution wordnetid="108053576" confidence="0.8"><link ns0:type="simple" ns0:href="../846/1027846.xml">security pacific corp</link></institution></bank></geological_formation></company></slope></col><col>nevada national bancorporation</col><col><link ns0:type="simple" ns0:href="../846/1027846.xml">security pacific</link>corp</col></row><row><col><link ns0:type="simple" ns0:href="../635/34635.xml" /></col><col><link ns0:type="simple" ns0:href="../072/1387072.xml">corestates financial corp</link></col><col>first pennsylvania bank</col><col><link ns0:type="simple" ns0:href="../072/1387072.xml">corestates financial corp</link></col></row><row><col /><col><link ns0:type="simple" ns0:href="../657/19381657.xml">first union corporation</link></col><col>florida national bank</col><col><link ns0:type="simple" ns0:href="../657/19381657.xml">first union corporation</link></col></row><row><col /><col><link>citizens southern bank</link></col><col><link ns0:type="simple" ns0:href="../155/4220155.xml">sovran financial corp</link></col><col><link ns0:type="simple" ns0:href="../155/4220155.xml">ssovran corp</link></col></row><row><col><link ns0:type="simple" ns0:href="../703/34703.xml" /></col><col><link ns0:type="simple" ns0:href="../273/570273.xml">fleetnorstar financial group inc</link></col><col>bank new england</col><col><link ns0:type="simple" ns0:href="../273/570273.xml">fleetnorstar financial group inc</link></col></row><row><col /><col><link ns0:type="simple" ns0:href="../000/231000.xml">chemical banking corp</link></col><col><link ns0:type="simple" ns0:href="../994/230994.xml">manufacturers hanover bank</link></col><col><link ns0:type="simple" ns0:href="../000/231000.xml">chemical banking corp</link></col></row><row><col /><col><link ns0:type="simple" ns0:href="../859/3664859.xml">north carolina national bank</link></col><col><link ns0:type="simple" ns0:href="../155/4220155.xml">ssovran corp</link></col><col><link ns0:type="simple" ns0:href="../503/694503.xml">nationsbank corp</link></col></row><row><col /><col><company wordnetid="108058098" confidence="0.8"><institution wordnetid="108053576" confidence="0.8"><link ns0:type="simple" ns0:href="../024/3346024.xml">norwest</link></institution></company>corp</col><col>united bank denver</col><col>norwest corp</col></row><row><col /><col><company wordnetid="108058098" confidence="0.9508927676800064"><link ns0:type="simple" ns0:href="../657/19381657.xml">wachovia</link></company>corp</col><col>the south carolina national bank</col><col>wachovia corp</col></row><row><col /><col>society corp</col><col>ameritrust corp</col><col>society corp</col></row><row><col><link ns0:type="simple" ns0:href="../669/34669.xml" /></col><col><link ns0:type="simple" ns0:href="../756/347756.xml">bankamerica</link>corp</col><col><link>security pacific</link></col><col>bankamerica corp</col></row><row><col /><col>keycorp</col><col>puget sound national bank</col><col>keycorp</col></row><row><col /><col>barnett banks inc</col><col>first florida bank</col><col>barnett banks inc</col></row><row><col /><col><company wordnetid="108058098" confidence="0.9508927676800064"><link ns0:type="simple" ns0:href="../091/590091.xml">comerica</link></company>inc</col><col>manufacturers bank</col><col>comerica</col></row><row><col><link ns0:type="simple" ns0:href="../598/34598.xml" /></col><col>first bank system inc</col><col>colorado national bank</col><col>first bank system inc cnb remained unchanged until after merger with<company wordnetid="108058098" confidence="0.9508927676800064"><link ns0:type="simple" ns0:href="../002/523002.xml">bancorp</link></company></col></row><row><col /><col><link ns0:type="simple" ns0:href="../241/418241.xml">banc one corp</link></col><col>the valley national bank arizona</col><col><link ns0:type="simple" ns0:href="../241/418241.xml">banc one corp</link></col></row><row><col /><col><link ns0:type="simple" ns0:href="../077/3273077.xml">bank boston</link>corp</col><col>south shore bank mechanics bank first agricultural</col><col><link ns0:type="simple" ns0:href="../077/3273077.xml">bank boston</link>corp</col></row><row><col /><col><link ns0:type="simple" ns0:href="../657/19381657.xml">first union corporation</link></col><col>dominion bank</col><col><link ns0:type="simple" ns0:href="../657/19381657.xml">first union corporation</link></col></row><row><col /><col><link ns0:type="simple" ns0:href="../657/19381657.xml">first union corporation</link></col><col>first american bankcorp</col><col><link ns0:type="simple" ns0:href="../657/19381657.xml">first union corporation</link></col></row><row><col /><col><company wordnetid="108058098" confidence="0.8"><institution wordnetid="108053576" confidence="0.8"><link ns0:type="simple" ns0:href="../503/694503.xml">nationsbank</link></institution></company>corp</col><col>maryland national bank</col><col><link ns0:type="simple" ns0:href="../503/694503.xml">nationsbank corp</link></col></row><row><col /><col><link ns0:type="simple" ns0:href="../503/694503.xml">nationsbank corp</link></col><col>american security bank</col><col><link ns0:type="simple" ns0:href="../503/694503.xml">nationsbank corp</link></col></row><row><col><link ns0:type="simple" ns0:href="../337/18948337.xml" /></col><col>society corp</col><col>keycorp</col><col>keycorp</col></row><row><col /><col>bankamerica corp</col><col>continental illinois national bank</col><col>bankamerica corp</col></row><row><col><link ns0:type="simple" ns0:href="../658/34658.xml" /></col><col><company wordnetid="108058098" confidence="0.9508927676800064"><link ns0:type="simple" ns0:href="../000/231000.xml">chemical banking</link></company>corp</col><col><slope wordnetid="109437454" confidence="0.8"><geological_formation wordnetid="109287968" confidence="0.8"><bank wordnetid="109213565" confidence="0.8"><link ns0:type="simple" ns0:href="../998/230998.xml">chase manhattan corporation</link></bank></geological_formation></slope></col><col><slope wordnetid="109437454" confidence="0.8"><geological_formation wordnetid="109287968" confidence="0.8"><bank wordnetid="109213565" confidence="0.8"><link ns0:type="simple" ns0:href="../998/230998.xml">chase manhattan corporation</link></bank></geological_formation></slope></col></row><row><col /><col>first chicago corp</col><col>nbd bancorp inc</col><col>first chicago nbd corp</col></row><row><col /><col><link ns0:type="simple" ns0:href="../921/1348921.xml">corporation</link></col><col>southern national corp</col><col><link ns0:type="simple" ns0:href="../921/1348921.xml">corporation</link></col></row><row><col /><col><link ns0:type="simple" ns0:href="../273/570273.xml">fleet financial group</link>inc</col><col><link ns0:type="simple" ns0:href="../273/570273.xml">shawmut national corp</link></col><col><link ns0:type="simple" ns0:href="../273/570273.xml">fleet financial group</link>inc</col></row><row><col><link ns0:type="simple" ns0:href="../636/34636.xml" /></col><col><link ns0:type="simple" ns0:href="../487/16597487.xml">wells fargo corp</link></col><col><link ns0:type="simple" ns0:href="../077/12714077.xml">first interstate bancorp</link></col><col><link ns0:type="simple" ns0:href="../487/16597487.xml">wells fargo corp</link></col></row><row><col /><col><link ns0:type="simple" ns0:href="../072/1387072.xml">corestates financial corp</link></col><col>meridian bancorp inc</col><col><link ns0:type="simple" ns0:href="../072/1387072.xml">corestates financial corp</link></col></row><row><col /><col>bank boston corp</col><col>baybanks inc</col><col><company wordnetid="108058098" confidence="0.8"><institution wordnetid="108053576" confidence="0.8"><link ns0:type="simple" ns0:href="../211/699211.xml">bankboston</link></institution></company>corp</col></row><row><col /><col><link ns0:type="simple" ns0:href="../657/19381657.xml">first union corporation</link></col><col>first fidelity bancorporation</col><col><link ns0:type="simple" ns0:href="../657/19381657.xml">first union corporation</link></col></row><row><col /><col><link ns0:type="simple" ns0:href="../657/19381657.xml">first union corporation</link></col><col>center financial corporationcenterbank</col><col><link ns0:type="simple" ns0:href="../657/19381657.xml">first union corporation</link></col></row><row><col /><col><link ns0:type="simple" ns0:href="../273/570273.xml">fleet financial group</link>inc</col><col>national westminster bancorp subsidiary<company wordnetid="108058098" confidence="0.9508927676800064"><link ns0:type="simple" ns0:href="../855/18192855.xml">national westminster bank</link></company></col><col><link ns0:type="simple" ns0:href="../273/570273.xml">fleet financial group</link>inc</col></row><row><col><link ns0:type="simple" ns0:href="../601/34601.xml" /></col><col><company wordnetid="108058098" confidence="0.9508927676800064"><link ns0:type="simple" ns0:href="../002/523002.xml">bancorp</link></company></col><col>first bank system inc</col><col><company wordnetid="108058098" confidence="0.9508927676800064"><link ns0:type="simple" ns0:href="../002/523002.xml">bancorp</link></company></col></row><row><col /><col><link ns0:type="simple" ns0:href="../503/694503.xml">nationsbank corp</link></col><col><company wordnetid="108058098" confidence="0.9508927676800064"><link ns0:type="simple" ns0:href="../455/15433455.xml">boatmens bancshares</link></company></col><col><link ns0:type="simple" ns0:href="../503/694503.xml">nationsbank corp</link></col><col>billion</col></row><row><col /><col><company wordnetid="108058098" confidence="0.9508927676800064"><link ns0:type="simple" ns0:href="../261/214261.xml">washington mutual</link></company></col><col>great western financial corporation</col><col><company wordnetid="108058098" confidence="0.9508927676800064"><link ns0:type="simple" ns0:href="../261/214261.xml">washington mutual</link></company></col></row><row><col /><col><link ns0:type="simple" ns0:href="../657/19381657.xml">first union corporation</link></col><col>signet banking corp</col><col><link ns0:type="simple" ns0:href="../657/19381657.xml">first union corporation</link></col></row><row><col><link ns0:type="simple" ns0:href="../647/34647.xml" /></col><col><link ns0:type="simple" ns0:href="../503/694503.xml">nationsbank corp</link></col><col>barnett banks inc</col><col><link ns0:type="simple" ns0:href="../503/694503.xml">nationsbank corp</link></col></row><row><col /><col><link ns0:type="simple" ns0:href="../657/19381657.xml">first union corporation</link></col><col><link ns0:type="simple" ns0:href="../072/1387072.xml">corestates financial corp</link></col><col><link ns0:type="simple" ns0:href="../657/19381657.xml">first union corporation</link></col></row><row><col /><col><link ns0:type="simple" ns0:href="../503/694503.xml">nationsbank corp</link></col><col>bankamerica corp</col><col><company wordnetid="108058098" confidence="0.9508927676800064"><link ns0:type="simple" ns0:href="../756/347756.xml">bank america</link></company>corp</col></row><row><col /><col><link ns0:type="simple" ns0:href="../067/5781067.xml">golden state bancorp</link></col><col>first nationwide holdings inc</col><col><link ns0:type="simple" ns0:href="../067/5781067.xml">golden state bancorp</link></col></row><row><col /><col>norwest corp</col><col><link ns0:type="simple" ns0:href="../487/16597487.xml">wells fargo corp</link></col><col><link ns0:type="simple" ns0:href="../487/16597487.xml">wells fargo corp</link></col></row><row><col /><col>star banc corp</col><col>firstar holdings corp</col><col><slope wordnetid="109437454" confidence="0.8"><company wordnetid="108058098" confidence="0.8"><geological_formation wordnetid="109287968" confidence="0.8"><bank wordnetid="109213565" confidence="0.8"><institution wordnetid="108053576" confidence="0.8"><link ns0:type="simple" ns0:href="../369/10079369.xml">firstar corporation</link></institution></bank></geological_formation></company></slope></col></row><row><col /><col><link ns0:type="simple" ns0:href="../241/418241.xml">banc one corp</link></col><col>first chicago nbd corp</col><col><link ns0:type="simple" ns0:href="../241/418241.xml">bank one corp</link></col></row><row><col /><col><link>travelers group</link></col><col><link>citicorp</link></col><col><company wordnetid="108058098" confidence="0.9508927676800064"><link ns0:type="simple" ns0:href="../299/207299.xml">citigroup</link></company></col><col>billion</col></row><row><col /><col><link ns0:type="simple" ns0:href="../866/1348866.xml">suntrust bank</link></col><col>crestar financial corp</col><col><link ns0:type="simple" ns0:href="../866/1348866.xml">suntrust banks inc</link></col></row><row><col /><col><company wordnetid="108058098" confidence="0.9508927676800064"><link ns0:type="simple" ns0:href="../261/214261.xml">washington mutual</link></company></col><col>ahmanson</col><col><company wordnetid="108058098" confidence="0.9508927676800064"><link ns0:type="simple" ns0:href="../261/214261.xml">washington mutual</link></company></col></row><row><col><link ns0:type="simple" ns0:href="../553/34553.xml" /></col><col><link ns0:type="simple" ns0:href="../273/570273.xml">fleet financial corp</link></col><col>bankboston corp</col><col><company wordnetid="108058098" confidence="0.9508927676800064"><link ns0:type="simple" ns0:href="../273/570273.xml">fleetboston financial</link></company>corp</col></row><row><col /><col><company wordnetid="108058098" confidence="0.9508927676800064"><link ns0:type="simple" ns0:href="../937/523937.xml">deutsche bank</link></company></col><col><link ns0:type="simple" ns0:href="../709/1609709.xml">bankers trust</link>corp</col><col>deutsche bank</col></row><row><col /><col><company wordnetid="108058098" confidence="0.9508927676800064"><link ns0:type="simple" ns0:href="../572/322572.xml">hsbc holdings plc</link></company></col><col>republic new york corporation</col><col><company wordnetid="108058098" confidence="0.9508927676800064"><link ns0:type="simple" ns0:href="../718/3337718.xml">hsbc bank usa</link></company></col></row><row><col /><col><slope wordnetid="109437454" confidence="0.8"><company wordnetid="108058098" confidence="0.8"><geological_formation wordnetid="109287968" confidence="0.8"><bank wordnetid="109213565" confidence="0.8"><institution wordnetid="108053576" confidence="0.8"><link ns0:type="simple" ns0:href="../369/10079369.xml">firstar corporation</link></institution></bank></geological_formation></company></slope></col><col>mercantile bancorporation inc</col><col><slope wordnetid="109437454" confidence="0.8"><company wordnetid="108058098" confidence="0.8"><geological_formation wordnetid="109287968" confidence="0.8"><bank wordnetid="109213565" confidence="0.8"><institution wordnetid="108053576" confidence="0.8"><link ns0:type="simple" ns0:href="../369/10079369.xml">firstar corporation</link></institution></bank></geological_formation></company></slope></col></row><row><col /><col><company wordnetid="108058098" confidence="0.9508927676800064"><link ns0:type="simple" ns0:href="../830/2208830.xml">amsouth bancorporation</link></company></col><col><company wordnetid="108058098" confidence="0.9508927676800064"><link ns0:type="simple" ns0:href="../100/1919100.xml">first american national bank</link></company></col><col><company wordnetid="108058098" confidence="0.9508927676800064"><link ns0:type="simple" ns0:href="../830/2208830.xml">amsouth bancorporation</link></company></col><col>billion</col></row><row><col><link ns0:type="simple" ns0:href="../548/34548.xml" /></col><col><slope wordnetid="109437454" confidence="0.8"><geological_formation wordnetid="109287968" confidence="0.8"><bank wordnetid="109213565" confidence="0.8"><link ns0:type="simple" ns0:href="../998/230998.xml">chase manhattan corporation</link></bank></geological_formation></slope></col><col><link ns0:type="simple" ns0:href="../001/231001.xml">morgan inc</link></col><col><link ns0:type="simple" ns0:href="../001/231001.xml">morgan chase</link></col></row><row><col /><col><company wordnetid="108058098" confidence="0.9508927676800064"><link ns0:type="simple" ns0:href="../261/214261.xml">washington mutual</link></company></col><col>bank united corp</col><col><company wordnetid="108058098" confidence="0.9508927676800064"><link ns0:type="simple" ns0:href="../261/214261.xml">washington mutual</link></company></col><col>billion</col></row><row><col /><col><link ns0:type="simple" ns0:href="../487/16597487.xml">wells fargo</link></col><col>first security corp</col><col><link ns0:type="simple" ns0:href="../487/16597487.xml">wells fargo</link></col></row><row><col><link ns0:type="simple" ns0:href="../551/34551.xml" /></col><col><slope wordnetid="109437454" confidence="0.8"><company wordnetid="108058098" confidence="0.8"><geological_formation wordnetid="109287968" confidence="0.8"><bank wordnetid="109213565" confidence="0.8"><institution wordnetid="108053576" confidence="0.8"><link ns0:type="simple" ns0:href="../369/10079369.xml">firstar corporation</link></institution></bank></geological_formation></company></slope></col><col><company wordnetid="108058098" confidence="0.9508927676800064"><link ns0:type="simple" ns0:href="../002/523002.xml">bancorp</link></company></col><col><company wordnetid="108058098" confidence="0.9508927676800064"><link ns0:type="simple" ns0:href="../002/523002.xml">bancorp</link></company></col></row><row><col /><col>first union corp</col><col>wachovia corp</col><col><company wordnetid="108058098" confidence="0.9508927676800064"><link ns0:type="simple" ns0:href="../657/19381657.xml">wachovia corp</link></company></col></row><row><col /><col><link ns0:type="simple" ns0:href="../218/1115218.xml">fifth third bancorp</link></col><col><link>old kent financial corp</link></col><col><link ns0:type="simple" ns0:href="../218/1115218.xml">fifth third bancorp</link></col></row><row><col /><col><company wordnetid="108058098" confidence="0.9508927676800064"><link ns0:type="simple" ns0:href="../747/8907747.xml">standard federal bank</link></company></col><col><company wordnetid="108058098" confidence="0.9508927676800064"><link ns0:type="simple" ns0:href="../672/3244672.xml">michigan national bank</link></company></col><col>standard federal bank</col></row><row><col /><col><link ns0:type="simple" ns0:href="../273/570273.xml">fleetboston financial corp</link></col><col><slope wordnetid="109437454" confidence="0.8"><geological_formation wordnetid="109287968" confidence="0.8"><bank wordnetid="109213565" confidence="0.8"><link ns0:type="simple" ns0:href="../943/9683943.xml">summit bancorp</link></bank></geological_formation></slope></col><col><link ns0:type="simple" ns0:href="../273/570273.xml">fleetboston financial corp</link></col></row><row><col><link ns0:type="simple" ns0:href="../502/35502.xml" /></col><col><company wordnetid="108058098" confidence="0.9508927676800064"><link ns0:type="simple" ns0:href="../299/207299.xml">citigroup</link></company>inc</col><col><link ns0:type="simple" ns0:href="../067/5781067.xml">golden state bancorp</link></col><col><link ns0:type="simple" ns0:href="../299/207299.xml">citigroup inc</link></col></row><row><col /><col><company wordnetid="108058098" confidence="0.9508927676800064"><link ns0:type="simple" ns0:href="../261/214261.xml">washington mutual</link></company></col><col><link>dime bancorp inc</link></col><col><company wordnetid="108058098" confidence="0.9508927676800064"><link ns0:type="simple" ns0:href="../261/214261.xml">washington mutual</link></company></col></row><row><col><link ns0:type="simple" ns0:href="../163/36163.xml" /></col><col><link ns0:type="simple" ns0:href="../921/1348921.xml">corp</link></col><col><link>first virginia bank</link>inc</col><col><link ns0:type="simple" ns0:href="../921/1348921.xml">corp</link></col></row><row><col><link ns0:type="simple" ns0:href="../163/36163.xml" /></col><col><company wordnetid="108058098" confidence="0.9508927676800064"><link ns0:type="simple" ns0:href="../976/975976.xml">bank</link></company></col><col><link>allfirst bank</link></col><col><company wordnetid="108058098" confidence="0.9508927676800064"><link ns0:type="simple" ns0:href="../976/975976.xml">bank</link></company></col></row><row><col><link ns0:type="simple" ns0:href="../524/35524.xml" /></col><col>new haven savings bank</col><col>savings bank manchester tolland bank</col><col><company wordnetid="108058098" confidence="0.9508927676800064"><link ns0:type="simple" ns0:href="../508/5060508.xml">newalliance bank</link></company></col></row><row><col><link ns0:type="simple" ns0:href="../524/35524.xml" /></col><col><link ns0:type="simple" ns0:href="../756/347756.xml">bank america corp</link></col><col><link ns0:type="simple" ns0:href="../273/570273.xml">fleetboston financial corp</link></col><col><link ns0:type="simple" ns0:href="../756/347756.xml">bank america corp</link></col><col>billion</col></row><row><col><link ns0:type="simple" ns0:href="../524/35524.xml" /></col><col><link ns0:type="simple" ns0:href="../001/231001.xml">morgan chase</link></col><col><link ns0:type="simple" ns0:href="../241/418241.xml">bank one</link></col><col><link ns0:type="simple" ns0:href="../001/231001.xml">jpmorgan chase</link></col></row><row><col><link ns0:type="simple" ns0:href="../524/35524.xml" /></col><col><link ns0:type="simple" ns0:href="../567/216567.xml">banco popular</link></col><col><link>quaker city bank</link></col><col><link ns0:type="simple" ns0:href="../567/216567.xml">banco popular</link></col></row><row><col><link ns0:type="simple" ns0:href="../524/35524.xml" /></col><col><company wordnetid="108058098" confidence="0.9508927676800064"><link ns0:type="simple" ns0:href="../640/3515640.xml">regions financial corporation</link></company></col><col><link>union planters corporation</link></col><col><company wordnetid="108058098" confidence="0.9508927676800064"><link ns0:type="simple" ns0:href="../640/3515640.xml">regions financial corporation</link></company></col><col>billion</col></row><row><col><link ns0:type="simple" ns0:href="../524/35524.xml" /></col><col><link ns0:type="simple" ns0:href="../866/1348866.xml">suntrust</link></col><col><link>national commerce financial</link></col><col><link ns0:type="simple" ns0:href="../866/1348866.xml">suntrust</link></col><col>billion<ref ns0:type="simple" ns0:href="#xpointer(//reflist/entry[@id=%221%22])" /></col></row><row><col><link ns0:type="simple" ns0:href="../524/35524.xml" /></col><col><company wordnetid="108058098" confidence="0.9508927676800064"><link ns0:type="simple" ns0:href="../657/19381657.xml">wachovia</link></company></col><col><company wordnetid="108058098" confidence="0.9508927676800064"><link ns0:type="simple" ns0:href="../664/2430664.xml">southtrust</link></company></col><col><company wordnetid="108058098" confidence="0.9508927676800064"><link ns0:type="simple" ns0:href="../657/19381657.xml">wachovia</link></company></col><col>billion</col></row><row><col><link ns0:type="simple" ns0:href="../984/35984.xml" /></col><col><link ns0:type="simple" ns0:href="../489/1265489.xml">pnc bank</link></col><col><company wordnetid="108058098" confidence="0.9508927676800064"><link ns0:type="simple" ns0:href="../427/727427.xml">riggs bank</link></company></col><col><link ns0:type="simple" ns0:href="../489/1265489.xml">pnc bank</link></col><col>billion<ref ns0:type="simple" ns0:href="#xpointer(//reflist/entry[@id=%222%22])" /></col></row><row><col><link ns0:type="simple" ns0:href="../984/35984.xml" /></col><col><link ns0:type="simple" ns0:href="../152/1168152.xml">capital one financial corporation</link></col><col><slope wordnetid="109437454" confidence="0.8"><company wordnetid="108058098" confidence="0.8"><geological_formation wordnetid="109287968" confidence="0.8"><bank wordnetid="109213565" confidence="0.8"><institution wordnetid="108053576" confidence="0.8"><link ns0:type="simple" ns0:href="../372/288372.xml">hibernia national bank</link></institution></bank></geological_formation></company></slope></col><col><link ns0:type="simple" ns0:href="../152/1168152.xml">capital one financial corporation</link></col><col>billion<ref ns0:type="simple" ns0:href="#xpointer(//reflist/entry[@id=%223%22])" /></col></row><row><col><link ns0:type="simple" ns0:href="../984/35984.xml" /></col><col><company wordnetid="108058098" confidence="0.9508927676800064"><link ns0:type="simple" ns0:href="../756/347756.xml">bank america</link></company></col><col><link ns0:type="simple" ns0:href="../378/288378.xml">mbna corporation</link></col><col><company wordnetid="108058098" confidence="0.9508927676800064"><link ns0:type="simple" ns0:href="../756/347756.xml">bank america card services</link></company></col><col>billion</col></row><row><col><link ns0:type="simple" ns0:href="../164/36164.xml" /></col><col><company wordnetid="108058098" confidence="0.9508927676800064"><link ns0:type="simple" ns0:href="../657/19381657.xml">wachovia</link></company></col><col>westcorp inc</col><col><company wordnetid="108058098" confidence="0.9508927676800064"><link ns0:type="simple" ns0:href="../657/19381657.xml">wachovia</link></company></col><col>billion<ref ns0:type="simple" ns0:href="#xpointer(//reflist/entry[@id=%224%22])" /></col></row><row><col><link ns0:type="simple" ns0:href="../164/36164.xml" /></col><col><company wordnetid="108058098" confidence="0.9508927676800064"><link ns0:type="simple" ns0:href="../508/5060508.xml">newalliance bank</link></company></col><col>cornerstone bank</col><col><company wordnetid="108058098" confidence="0.9508927676800064"><link ns0:type="simple" ns0:href="../508/5060508.xml">newalliance bank</link></company></col></row><row><col><link ns0:type="simple" ns0:href="../164/36164.xml" /></col><col><link ns0:type="simple" ns0:href="../152/1168152.xml">capital one financial corporation</link></col><col><company wordnetid="108058098" confidence="0.9508927676800064"><link ns0:type="simple" ns0:href="../333/3793333.xml">north fork bank</link></company></col><col><link ns0:type="simple" ns0:href="../152/1168152.xml">capital one financial corporation</link></col><col>billion<ref ns0:type="simple" ns0:href="#xpointer(//reflist/entry[@id=%225%22])" /></col></row><row><col><link ns0:type="simple" ns0:href="../164/36164.xml" /></col><col><company wordnetid="108058098" confidence="0.9508927676800064"><link ns0:type="simple" ns0:href="../657/19381657.xml">wachovia</link></company></col><col><link ns0:type="simple" ns0:href="../415/2487415.xml">golden west financial</link></col><col><company wordnetid="108058098" confidence="0.9508927676800064"><link ns0:type="simple" ns0:href="../657/19381657.xml">wachovia</link></company></col><col>billion<ref ns0:type="simple" ns0:href="#xpointer(//reflist/entry[@id=%226%22])" /></col></row><row><col><link ns0:type="simple" ns0:href="../164/36164.xml" /></col><col><company wordnetid="108058098" confidence="0.9508927676800064"><link ns0:type="simple" ns0:href="../640/3515640.xml">regions financial corporation</link></company></col><col><company wordnetid="108058098" confidence="0.9508927676800064"><link ns0:type="simple" ns0:href="../830/2208830.xml">amsouth bancorporation</link></company></col><col><company wordnetid="108058098" confidence="0.9508927676800064"><link ns0:type="simple" ns0:href="../640/3515640.xml">regions financial corporation</link></company></col><col>billion</col></row><row><col><link ns0:type="simple" ns0:href="../165/36165.xml" /></col><col>citizens banking corporation</col><col>republic bancorp</col><col><company wordnetid="108058098" confidence="0.9508927676800064"><link ns0:type="simple" ns0:href="../303/4573303.xml">citizens republic bancorp</link></company></col><col>billion</col></row><row><col><link ns0:type="simple" ns0:href="../165/36165.xml" /></col><col><company wordnetid="108058098" confidence="0.9508927676800064"><link ns0:type="simple" ns0:href="../329/1311329.xml">banco bilbao vizcaya argentaria</link></company></col><col><company wordnetid="108058098" confidence="0.9508927676800064"><link ns0:type="simple" ns0:href="../983/2208983.xml">compass bancshares</link></company></col><col><company wordnetid="108058098" confidence="0.9508927676800064"><link ns0:type="simple" ns0:href="../329/1311329.xml">banco bilbao vizcaya argentaria</link></company></col><col>billion</col></row><row><col><link ns0:type="simple" ns0:href="../165/36165.xml" /></col><col><company wordnetid="108058098" confidence="0.9508927676800064"><link ns0:type="simple" ns0:href="../756/347756.xml">bank america</link></company></col><col><company wordnetid="108058098" confidence="0.9508927676800064"><link ns0:type="simple" ns0:href="../889/2514889.xml">lasalle bank</link></company></col><col><company wordnetid="108058098" confidence="0.9508927676800064"><link ns0:type="simple" ns0:href="../756/347756.xml">bank america</link></company></col><col>billion</col></row><row><col><link ns0:type="simple" ns0:href="../165/36165.xml" /></col><col><company wordnetid="108058098" confidence="0.9508927676800064"><link ns0:type="simple" ns0:href="../824/26824.xml">state street corporation</link></company></col><col><link>investors financial services corporation</link></col><col><company wordnetid="108058098" confidence="0.9508927676800064"><link ns0:type="simple" ns0:href="../824/26824.xml">state street corporation</link></company></col><col>billion</col></row><row><col><link ns0:type="simple" ns0:href="../165/36165.xml" /></col><col><company wordnetid="108058098" confidence="0.9508927676800064"><link ns0:type="simple" ns0:href="../837/519837.xml">bank new york</link></company></col><col><link ns0:type="simple" ns0:href="../491/594491.xml">mellon financial corporation</link></col><col><company wordnetid="108058098" confidence="0.9508927676800064"><link ns0:type="simple" ns0:href="../619/12097619.xml">bank new york mellon</link></company></col><col>billion</col></row><row><col><link ns0:type="simple" ns0:href="../165/36165.xml" /></col><col><company wordnetid="108058098" confidence="0.9508927676800064"><link ns0:type="simple" ns0:href="../657/19381657.xml">wachovia</link></company></col><col><link ns0:type="simple" ns0:href="../415/2487415.xml">world savings bank</link></col><col><company wordnetid="108058098" confidence="0.9508927676800064"><link ns0:type="simple" ns0:href="../657/19381657.xml">wachovia</link></company></col><col>billion</col></row><row><col><link ns0:type="simple" ns0:href="../165/36165.xml" /></col><col><company wordnetid="108058098" confidence="0.9508927676800064"><link ns0:type="simple" ns0:href="../756/347756.xml">bank america</link></company></col><col><link>trust</link></col><col><company wordnetid="108058098" confidence="0.9508927676800064"><link ns0:type="simple" ns0:href="../756/347756.xml">bank america private wealth management</link></company></col></row><row><col><link ns0:type="simple" ns0:href="../825/35825.xml" /></col><col><company wordnetid="108058098" confidence="0.9508927676800064"><link ns0:type="simple" ns0:href="../001/231001.xml">jpmorgan chase</link></company></col><col><company wordnetid="108058098" confidence="0.9508927676800064"><link ns0:type="simple" ns0:href="../719/928719.xml">bear stearns</link></company></col><col><company wordnetid="108058098" confidence="0.9508927676800064"><link ns0:type="simple" ns0:href="../001/231001.xml">jpmorgan chase</link></company></col><col>billion</col></row><row><col><link ns0:type="simple" ns0:href="../825/35825.xml" /></col><col><company wordnetid="108058098" confidence="0.9508927676800064"><link ns0:type="simple" ns0:href="../756/347756.xml">bank america</link></company></col><col><company wordnetid="108058098" confidence="0.9508927676800064"><link ns0:type="simple" ns0:href="../710/243710.xml">merrill lynch</link></company></col><col><company wordnetid="108058098" confidence="0.9508927676800064"><link ns0:type="simple" ns0:href="../756/347756.xml">bank america</link></company></col><col>billion</col></row><row><col><link ns0:type="simple" ns0:href="../825/35825.xml" /></col><col><company wordnetid="108058098" confidence="0.9508927676800064"><link ns0:type="simple" ns0:href="../001/231001.xml">jpmorgan chase</link></company></col><col><company wordnetid="108058098" confidence="0.9508927676800064"><link ns0:type="simple" ns0:href="../261/214261.xml">washington mutual</link></company></col><col><company wordnetid="108058098" confidence="0.9508927676800064"><link ns0:type="simple" ns0:href="../001/231001.xml">jpmorgan chase</link></company></col><col>billion<ref ns0:type="simple" ns0:href="#xpointer(//reflist/entry[@id=%227%22])" /></col></row><row><col><link ns0:type="simple" ns0:href="../825/35825.xml" /></col><col><company wordnetid="108058098" confidence="0.9508927676800064"><link ns0:type="simple" ns0:href="../487/16597487.xml">wells fargo</link></company></col><col><company wordnetid="108058098" confidence="0.9508927676800064"><link ns0:type="simple" ns0:href="../657/19381657.xml">wachovia</link></company></col><col><company wordnetid="108058098" confidence="0.9508927676800064"><link ns0:type="simple" ns0:href="../487/16597487.xml">wells fargo</link></company></col><col>billion<ref ns0:type="simple" ns0:href="#xpointer(//reflist/entry[@id=%228%22])" /></col></row><row><col><link ns0:type="simple" ns0:href="../825/35825.xml" /></col><col><link ns0:type="simple" ns0:href="../218/1115218.xml">bank</link></col><col><link>first charter bank</link></col><col><link ns0:type="simple" ns0:href="../218/1115218.xml">bank</link></col></row></table></p><sec><st>references</st><p><reflist><entry id="1"><weblink ns0:type="simple" ns0:href="http://atlanta.bizjournals.com/atlanta/stories/2004/05/03/daily60.html">suntrust buy national commerce financial</weblink>atlanta business chronicle<link ns0:type="simple" ns0:href="../524/19524.xml">may</link><link ns0:type="simple" ns0:href="../524/35524.xml" /></entry><entry id="2">barbash fred july<weblink ns0:type="simple" ns0:href="http://www.washingtonpost.com/wp-dyn/articles/A54380-2004Jul16.html">riggs bank sold pnc financial services group</weblink>washington post</entry><entry id="3">capital one financial corporation nov<weblink ns0:type="simple" ns0:href="http://www.sec.gov/Archives/edgar/data/927628/000090342305000927/capone_ex991-1116.htm">capital one completes acquisition hibernia corporation</weblink></entry><entry id="4">wachovia<link ns0:type="simple" ns0:href="../021/28021.xml">september</link><link ns0:type="simple" ns0:href="../984/35984.xml" /><weblink ns0:type="simple" ns0:href="http://www.wachovia.com/inside/page/0,,134_307_348_1270_7455%5E1245,00.html">wachovia corporation acquire westcorp and wfs financial inc billion transaction</weblink><link ns0:type="simple" ns0:href="../097/304097.xml">press release</link></entry><entry id="5">capital one financial corporation december<weblink ns0:type="simple" ns0:href="http://www.sec.gov/Archives/edgar/data/927628/000119312506245235/dex991.htm">capital one completes acquisition north fork bancorporation</weblink></entry><entry id="6">wachovia corporation may<weblink ns0:type="simple" ns0:href="http://www.sec.gov/Archives/edgar/data/36995/000119312506103017/dex99a.htm">wachovia acquire golden west financial</weblink></entry><entry id="7">eric dash and andrew ross sorkin september<weblink ns0:type="simple" ns0:href="http://www.nytimes.com/2008/09/26/business/26wamu.html">government seizes wamu and sells some assets</weblink>new york times</entry><entry id="8">david ellis october<weblink ns0:type="simple" ns0:href="http://money.cnn.com/2008/10/03/news/companies/wells_fargo_wachovia/index.htm">wachovia wells citi out</weblink>cnn money</entry></reflist><list><entry level="1" type="bullet">stephen rhoades bank mergers and industrywide structure washington board governors the federal reserve system january<weblink ns0:type="simple" ns0:href="http://www.federalreserve.gov/pubs/staffstudies/1990-99/ss169.pdf">staff study</weblink></entry><entry level="1" type="bullet">steven pilloff bank merger activity the united states washington board governors the federal reserve system may<weblink ns0:type="simple" ns0:href="http://www.federalreserve.gov/pubs/staffstudies/2000-present/ss176.pdf">staff study</weblink></entry><entry level="1" type="bullet"><weblink ns0:type="simple" ns0:href="http://www.manda-institute.org">institute mergers acquisitions and alliances manda</weblink>academic research institute mergers acquisitions including bank mergers</entry></list></p></sec></bdy></amalgamation></article>