<article xmlns:ns0="http://www.w3.org/1999/xlink"><physical_entity confidence="0.8" wordnetid="100001930"><person confidence="0.8" wordnetid="100007846"><performer confidence="0.8" wordnetid="110415638"><causal_agent confidence="0.8" wordnetid="100007347"><actor confidence="0.8" wordnetid="109765278"><entertainer confidence="0.8" wordnetid="109616922"><header><title>sydney tafler</title><id /><revision><id /><timestamp /><contributor><username>lightbot</username><id /></contributor></revision><categories><category>english television actors</category><category>births</category><category>deaths</category><category>english film actors</category></categories></header><bdy>sydney tafler<link ns0:type="simple" ns0:href="../439/18679439.xml">july</link><link ns0:type="simple" ns0:href="../677/34677.xml" /><link ns0:type="simple" ns0:href="../759/21759.xml">november</link><link ns0:type="simple" ns0:href="../754/34754.xml" />was<island wordnetid="109316454" confidence="0.9508927676800064"><link ns0:type="simple" ns0:href="../298/13530298.xml">british</link></island>film and television actor first appearing londons<event wordnetid="100029378" confidence="0.8"><social_event wordnetid="107288639" confidence="0.8"><show wordnetid="106619065" confidence="0.8"><psychological_feature wordnetid="100023100" confidence="0.8"><attraction wordnetid="106615561" confidence="0.8"><link ns0:type="simple" ns0:href="../952/1154952.xml">west end</link></attraction></psychological_feature></show></social_event></event>after two years the<school wordnetid="108276720" confidence="0.8"><educational_institution wordnetid="108276342" confidence="0.8"><institution wordnetid="108053576" confidence="0.8"><link ns0:type="simple" ns0:href="../026/163026.xml">royal academy dramatic art</link></institution></educational_institution></school>with<link>sir seymour hicks</link><link>the man dress clothes</link><p>tafler best remembered for his appearances british television alongside<physical_entity wordnetid="100001930" confidence="0.8"><person wordnetid="100007846" confidence="0.8"><football_player wordnetid="110101634" confidence="0.8"><player wordnetid="110439851" confidence="0.8"><preserver wordnetid="110466918" confidence="0.8"><contestant wordnetid="109613191" confidence="0.8"><defender wordnetid="109614684" confidence="0.8"><causal_agent wordnetid="100007347" confidence="0.8"><athlete wordnetid="109820263" confidence="0.8"><link ns0:type="simple" ns0:href="../186/Intel_80186.xml">sidney james</link></athlete></causal_agent></defender></contestant></preserver></player></football_player></person></physical_entity>and<person wordnetid="100007846" confidence="0.9508927676800064"><actor wordnetid="109765278" confidence="0.9173553029164789"><link ns0:type="simple" ns0:href="../972/36972.xml">tony hancock</link></actor></person>the early his other television work included angel pavement series the gentle killers the infernal machine focus citizen james series dixon dock green and hadleigh series his father was antiques dealer</p><p>was married<physical_entity wordnetid="100001930" confidence="0.8"><person wordnetid="100007846" confidence="0.8"><performer wordnetid="110415638" confidence="0.8"><causal_agent wordnetid="100007347" confidence="0.8"><actor wordnetid="109765278" confidence="0.8"><entertainer wordnetid="109616922" confidence="0.8"><link ns0:type="simple" ns0:href="../876/8123876.xml">joy shelton</link></entertainer></actor></causal_agent></performer></person></physical_entity>from until his death they had three children two sons jeremy and jonathan and daughter jennifer</p><p>appeared many films from ending with the<physical_entity wordnetid="100001930" confidence="0.8"><person wordnetid="100007846" confidence="0.8"><player wordnetid="110439851" confidence="0.8"><contestant wordnetid="109613191" confidence="0.8"><creator wordnetid="109614315" confidence="0.8"><socialite wordnetid="110619409" confidence="0.8"><gambler wordnetid="110118844" confidence="0.8"><principal wordnetid="110474950" confidence="0.8"><criminal wordnetid="109977660" confidence="0.8"><lawman wordnetid="110249459" confidence="0.8"><artist wordnetid="109812338" confidence="0.8"><bad_person wordnetid="109831962" confidence="0.8"><important_person wordnetid="110200781" confidence="0.8"><policeman wordnetid="110448983" confidence="0.8"><preserver wordnetid="110466918" confidence="0.8"><adult wordnetid="109605289" confidence="0.8"><bodyguard wordnetid="109863031" confidence="0.8"><golfer wordnetid="110136959" confidence="0.8"><assassin wordnetid="109813696" confidence="0.8"><wrongdoer wordnetid="109633969" confidence="0.8"><defender wordnetid="109614684" confidence="0.8"><causal_agent wordnetid="100007347" confidence="0.8"><murderer wordnetid="110338707" confidence="0.8"><killer wordnetid="110231087" confidence="0.8"><detective wordnetid="110009276" confidence="0.8"><link ns0:type="simple" ns0:href="../604/15604.xml">james bond</link></detective></killer></murderer></causal_agent></defender></wrongdoer></assassin></golfer></bodyguard></adult></preserver></policeman></important_person></bad_person></artist></lawman></criminal></principal></gambler></socialite></creator></contestant></player></person></physical_entity>film<product wordnetid="104007894" confidence="0.8"><creation wordnetid="103129123" confidence="0.8"><artifact wordnetid="100021939" confidence="0.8"><event wordnetid="100029378" confidence="0.8"><social_event wordnetid="107288639" confidence="0.8"><movie wordnetid="106613686" confidence="0.8"><show wordnetid="106619065" confidence="0.8"><psychological_feature wordnetid="100023100" confidence="0.8"><link ns0:type="simple" ns0:href="../036/6446036.xml">the spy who loved</link></psychological_feature></show></movie></social_event></event></artifact></creation></product></p><sec><st>selected filmography</st><p><list><entry level="1" type="bullet"><product wordnetid="104007894" confidence="0.8"><creation wordnetid="103129123" confidence="0.8"><artifact wordnetid="100021939" confidence="0.8"><event wordnetid="100029378" confidence="0.8"><social_event wordnetid="107288639" confidence="0.8"><movie wordnetid="106613686" confidence="0.8"><show wordnetid="106619065" confidence="0.8"><psychological_feature wordnetid="100023100" confidence="0.8"><link ns0:type="simple" ns0:href="../036/6446036.xml">the spy who loved</link></psychological_feature></show></movie></social_event></event></artifact></creation></product></entry><entry level="1" type="bullet"><movie wordnetid="106613686" confidence="0.9508927676800064"><link ns0:type="simple" ns0:href="../483/10113483.xml">the birthday party</link></movie></entry><entry level="1" type="bullet"><movie wordnetid="106613686" confidence="0.9508927676800064"><link ns0:type="simple" ns0:href="../503/98503.xml">alfie</link></movie></entry><entry level="1" type="bullet"><movie wordnetid="106613686" confidence="0.9508927676800064"><link ns0:type="simple" ns0:href="../467/15780467.xml">the dawn</link></movie></entry><entry level="1" type="bullet"><movie wordnetid="106613686" confidence="0.9508927676800064"><link ns0:type="simple" ns0:href="../594/3694594.xml">carry regardless</link></movie></entry><entry level="1" type="bullet"><movie wordnetid="106613686" confidence="0.9508927676800064"><link ns0:type="simple" ns0:href="../173/1172173.xml">sink the bismarck</link></movie></entry><entry level="1" type="bullet"><movie wordnetid="106613686" confidence="0.9508927676800064"><link ns0:type="simple" ns0:href="../637/1873637.xml">carve her name with pride</link></movie></entry><entry level="1" type="bullet"><movie wordnetid="106613686" confidence="0.9508927676800064"><link ns0:type="simple" ns0:href="../955/1161955.xml">reach for the sky</link></movie></entry><entry level="1" type="bullet"><movie wordnetid="106613686" confidence="0.9508927676800064"><link ns0:type="simple" ns0:href="../320/5260320.xml">kid for two farthings</link></movie></entry><entry level="1" type="bullet"><movie wordnetid="106613686" confidence="0.9508927676800064"><link ns0:type="simple" ns0:href="../769/1164769.xml">the sea shall not have them</link></movie></entry><entry level="1" type="bullet"><product wordnetid="104007894" confidence="0.8"><creation wordnetid="103129123" confidence="0.8"><artifact wordnetid="100021939" confidence="0.8"><event wordnetid="100029378" confidence="0.8"><social_event wordnetid="107288639" confidence="0.8"><movie wordnetid="106613686" confidence="0.8"><show wordnetid="106619065" confidence="0.8"><psychological_feature wordnetid="100023100" confidence="0.8"><link ns0:type="simple" ns0:href="../832/12758832.xml">emergency call</link></psychological_feature></show></movie></social_event></event></artifact></creation></product></entry><entry level="1" type="bullet"><movie wordnetid="106613686" confidence="0.9508927676800064"><link ns0:type="simple" ns0:href="../632/156632.xml">the lavender hill mob</link></movie></entry><entry level="1" type="bullet"><movie wordnetid="106613686" confidence="0.9508927676800064"><link ns0:type="simple" ns0:href="../991/254991.xml">passport pimlico</link></movie></entry><entry level="1" type="bullet"><movie wordnetid="106613686" confidence="0.9508927676800064"><link ns0:type="simple" ns0:href="../453/11069453.xml">always rains sunday</link></movie></entry></list></p></sec><sec><st>sources</st><p><list><entry level="1" type="bullet"><weblink ns0:type="simple" ns0:href="http://www.findagrave.com/cgi-bin/fg.cgi?page=gr GRid=6871921">sydney tafler</weblink><web_site wordnetid="106359193" confidence="0.9508927676800064"><link ns0:type="simple" ns0:href="../447/2906447.xml">find grave</link></web_site></entry></list></p></sec><sec><st>external links</st><p><list><entry level="1" type="bullet"><weblink ns0:type="simple" ns0:href="http://www.imdb.com/name/nm0846407/">sydney tafler</weblink>the<web_site wordnetid="106359193" confidence="0.9508927676800064"><link ns0:type="simple" ns0:href="../554/2855554.xml">internet movie database</link></web_site></entry></list></p></sec></bdy></entertainer></actor></causal_agent></performer></person></physical_entity></article>