<article xmlns:ns0="http://www.w3.org/1999/xlink"><event confidence="0.8" wordnetid="100029378"><change confidence="0.8" wordnetid="100191142"><action confidence="0.8" wordnetid="100037396"><motion confidence="0.8" wordnetid="100331950"><act confidence="0.8" wordnetid="100030358"><psychological_feature confidence="0.8" wordnetid="100023100"><header><title>vidya bharati</title><id /><revision><id /><timestamp /><contributor><username>rjwilmsi</username><id /></contributor></revision><categories><category>sangh parivar</category><category>hindu movements and organizations</category><category>wikipedia articles needing style editing from march</category><category>all articles needing style editing</category><category>wikify from october</category><category>articles with invalid date parameter template</category><category>all pages needing wikified</category></categories></header><bdy><table class="metadata plainlinks ambox "><row><col>amboxstyle style</col></row><row><col class="mbox-image"><p><image width="50px" src="Wikitext.svg" /></p></col><col style="" class="mbox-text">please this article help<weblink ns0:type="simple" ns0:href="http://localhost:18088/wiki/index.php?title=Vidya_Bharati action=edit">improve this article</weblink>adding october</col></row></table><p><table class="metadata plainlinks ambox "><row><col>amboxcontent style</col></row><row><col class="mbox-image"><p><image width="40x40px" src="Ambox_content.png" /></p></col><col style="" class="mbox-text">this article section written like please help<weblink ns0:type="simple" ns0:href="http://localhost:18088/wiki/index.php?title=Vidya_Bharati action=edit">rewrite this article</weblink>from for blatant advertising that would require fundamental rewrite become encyclopedic use mark for march</col></row></table></p><p>established<link ns0:type="simple" ns0:href="../549/34549.xml" />vidya bharati akhil bhartiya shikshan sansthan the single largest organization the field education under the umbrella<link>vidya bharti</link>over educational institutions operate<link ns0:type="simple" ns0:href="../533/14533.xml">bharat</link>for administrative convenience the has been operating eleven zones<link ns0:type="simple" ns0:href="../096/2442096.xml">kshetra</link><country wordnetid="108544813" confidence="0.9508927676800064"><link ns0:type="simple" ns0:href="../533/14533.xml">india</link></country></p><p>vidya bharati caters the educational needs students primary age groups<link ns0:type="simple" ns0:href="../556/42556.xml">high school</link><link ns0:type="simple" ns0:href="../689/5689.xml">college</link>and<link ns0:type="simple" ns0:href="../981/153981.xml">postgraduate</link>vidya bharati conducts and promotes research education and has its own publication division which brings out valuable books magazines and research studies</p><p>over<link ns0:type="simple" ns0:href="../450/121450.xml">lakhs</link>students are enrolled the institutions the major thrust operating their educational institutions areas where either such facilities are not available the existing setups are inadequate<link ns0:type="simple" ns0:href="../289/7634289.xml">sangeet</link><link ns0:type="simple" ns0:href="../258/34258.xml">yoga</link>and<language wordnetid="106282651" confidence="0.9508927676800064"><link ns0:type="simple" ns0:href="../698/27698.xml">sanskrit</link></language>are introduced right from the primary levels addition the routine educational curriculum sports constitute inherent component cultural education and<link ns0:type="simple" ns0:href="../487/267487.xml">discipline</link>inculcated not only the students but also the concerned families all these have resulted the establishment special identity the educational institutions run the</p><p>vbs social commitment evident from its slogan one vidyalaya least one seva related activity has been catching fast pace much that nearly<link>vidyalaya</link>have implemented within the past years thousands more have planned the next couple years</p><sec><st>history</st><p>first saraswati shishu mandir some inspired rss workers take education children mission their life the people engaged this noble task nation building through proper education younger generation laid the foundation the first school gorakhpur building rented monthly rent five rupees after due consideration they named their school saraswati shishu mandirtemple the goddess saraswati dedicated the children thanks their zeal dedication and hard work that such like schools began established other places also prior this gita school was established kurukshetra revered shri guru msgolwalker</p><p>state level committees were setup other states also the number schools began increase there punjab and chandigarh had sarvhitkari shiksha samiti while haryana had hindu shiksha samitithe formation all india body came natural corollary this process thus vidya bharti was established with its headquarters delhi all state level committees were affiliated this vidya bharati akhil bhartiya shiksha sansthan educational system</p></sec><sec><st>educational belief</st><p>develop national system education which may mould the posterity into such youthful generation fully saturated with the feelings hindutva and patriotism having completely attained allround physical mental intellectual and spiritual development capable facing modern challenges successfully and dedicating their life for the service and upliftment the natives backward and remote tribal areas and the dwellers the slums that these downtrodden people may get rid economic exploitation social humiliation and injustice and usher new era mutual equity cultural integrity and economic prosperity there had been criticism its much focus teaching mother tongue and ignoring english language<ref ns0:type="simple" ns0:href="#xpointer(//reflist/entry[@id=%221%22])" /></p></sec><sec><st>activities</st><p>evolution alternative model school education which more tune with indian culture and ethos</p><p><list><entry level="1" type="number">provision additional educational facilities partly backwardrural and tribal areas</entry><entry level="1" type="number">providing quality education moderate rates the children middle class</entry><entry level="1" type="number">propagation indian culture tradition</entry><entry level="1" type="number">developing sense national pride and self confidence among the new generation</entry><entry level="1" type="number">generating sense patriotism and love for the country among the youths the country</entry><entry level="1" type="number">promotion sanskrit musicyoga and physical education school level</entry><entry level="1" type="number">proper emphasis development moral and spiritual values among students</entry><entry level="1" type="number">creation cadre competent and dedicated teachers serve the society</entry><entry level="1" type="number">stemming the rising tide western influence indian youths the name modernization</entry></list></p></sec><sec><st>references</st><p><reflist><entry id="1"><weblink ns0:type="simple" ns0:href="http://www.sanghparivar.org/blog/vikas/improve-standard-of-english-all-sangh-supported-schools-in-india">improve standard english all sangh supported schools india sangh parivar</weblink></entry></reflist></p><p><table style=";" class="navbox" cellspacing="0"><row><col style="padding:2px;"><table style="width:100%;background:transparent;color:inherit;;" class="nowraplinks collapsible autocollapse " cellspacing="0"><row><header colspan="2" style=";background:#FFC569;" class="navbox-title"><link ns0:type="simple" ns0:href="../768/344768.xml">sangh parivar</link></header></row><row style="height:2px;" /><row><col style=";background:#FFC569;;" class="navbox-group">organisations</col><col style="text-align:left;border-left:2px solid #fdfdfd;width:100%;padding:0px;padding:0.25em 0; line-height:1.4em;;;" class="navbox-list navbox-odd"><party wordnetid="108256968" confidence="0.9508927676800064"><link ns0:type="simple" ns0:href="../330/149330.xml">bharatiya janata party</link></party><link ns0:type="simple" ns0:href="../149/93149.xml">rashtriya swayamsevak sangh</link><event wordnetid="100029378" confidence="0.8"><change wordnetid="100191142" confidence="0.8"><action wordnetid="100037396" confidence="0.8"><motion wordnetid="100331950" confidence="0.8"><act wordnetid="100030358" confidence="0.8"><psychological_feature wordnetid="100023100" confidence="0.8"><link ns0:type="simple" ns0:href="../197/10654197.xml">rashtriya sevika samiti</link></psychological_feature></act></motion></action></change></event><party wordnetid="108256968" confidence="0.8"><link ns0:type="simple" ns0:href="../556/327556.xml">bharatiya jana sangh</link></party><link ns0:type="simple" ns0:href="../372/42372.xml">vishva hindu parishad</link><link ns0:type="simple" ns0:href="../573/327573.xml">bajrang dal</link><union wordnetid="108233056" confidence="0.8"><link ns0:type="simple" ns0:href="../831/3399831.xml">akhil bharatiya vidyarthi parishad</link></union><event wordnetid="100029378" confidence="0.8"><change wordnetid="100191142" confidence="0.8"><action wordnetid="100037396" confidence="0.8"><motion wordnetid="100331950" confidence="0.8"><act wordnetid="100030358" confidence="0.8"><psychological_feature wordnetid="100023100" confidence="0.8"><link ns0:type="simple" ns0:href="../262/10654262.xml">rashtriya sikh sangat</link></psychological_feature></act></motion></action></change></event><union wordnetid="108233056" confidence="0.9508927676800064"><link ns0:type="simple" ns0:href="../546/1732546.xml">bharatiya mazdoor sangh</link></union><party wordnetid="108256968" confidence="0.9508927676800064"><link ns0:type="simple" ns0:href="../172/13486172.xml">hindu munnani</link></party><link ns0:type="simple" ns0:href="../259/2819259.xml">hindu swayamsevak sangh</link><event wordnetid="100029378" confidence="0.8"><change wordnetid="100191142" confidence="0.8"><action wordnetid="100037396" confidence="0.8"><motion wordnetid="100331950" confidence="0.8"><act wordnetid="100030358" confidence="0.8"><psychological_feature wordnetid="100023100" confidence="0.8"><link ns0:type="simple" ns0:href="../584/3478584.xml">hindu students council</link></psychological_feature></act></motion></action></change></event><event wordnetid="100029378" confidence="0.8"><change wordnetid="100191142" confidence="0.8"><action wordnetid="100037396" confidence="0.8"><motion wordnetid="100331950" confidence="0.8"><act wordnetid="100030358" confidence="0.8"><psychological_feature wordnetid="100023100" confidence="0.8"><link ns0:type="simple" ns0:href="../078/10654078.xml">swadeshi jagaran manch</link></psychological_feature></act></motion></action></change></event><link ns0:type="simple" ns0:href="../229/10654229.xml">durga vahini</link><event wordnetid="100029378" confidence="0.8"><change wordnetid="100191142" confidence="0.8"><action wordnetid="100037396" confidence="0.8"><motion wordnetid="100331950" confidence="0.8"><act wordnetid="100030358" confidence="0.8"><psychological_feature wordnetid="100023100" confidence="0.8"><link ns0:type="simple" ns0:href="../144/10654144.xml">seva bharathi</link></psychological_feature></act></motion></action></change></event><link ns0:type="simple" ns0:href="../625/18221625.xml">bharatiya kisan sangh</link><event wordnetid="100029378" confidence="0.8"><change wordnetid="100191142" confidence="0.8"><action wordnetid="100037396" confidence="0.8"><motion wordnetid="100331950" confidence="0.8"><act wordnetid="100030358" confidence="0.8"><psychological_feature wordnetid="100023100" confidence="0.8"><link ns0:type="simple" ns0:href="../949/2465949.xml">balagokulam</link></psychological_feature></act></motion></action></change></event><event wordnetid="100029378" confidence="0.8"><change wordnetid="100191142" confidence="0.8"><action wordnetid="100037396" confidence="0.8"><motion wordnetid="100331950" confidence="0.8"><act wordnetid="100030358" confidence="0.8"><psychological_feature wordnetid="100023100" confidence="0.8"><link ns0:type="simple" ns0:href="../306/10682306.xml">vidya bharati</link></psychological_feature></act></motion></action></change></event><event wordnetid="100029378" confidence="0.8"><change wordnetid="100191142" confidence="0.8"><action wordnetid="100037396" confidence="0.8"><motion wordnetid="100331950" confidence="0.8"><act wordnetid="100030358" confidence="0.8"><psychological_feature wordnetid="100023100" confidence="0.8"><link ns0:type="simple" ns0:href="../357/10682357.xml">bharatiya vanavasi kalyan ashram</link></psychological_feature></act></motion></action></change></event></col></row><row style="height:2px" /><row><col style=";background:#FFC569;;" class="navbox-group">major figures</col><col style="text-align:left;border-left:2px solid #fdfdfd;width:100%;padding:0px;padding:0.25em 0; line-height:1.4em;;;" class="navbox-list navbox-even"><person wordnetid="100007846" confidence="0.9508927676800064"><link ns0:type="simple" ns0:href="../756/480756.xml">hedgewar</link></person><physical_entity wordnetid="100001930" confidence="0.8"><preacher wordnetid="110464178" confidence="0.8"><person wordnetid="100007846" confidence="0.8"><clergyman wordnetid="109927451" confidence="0.8"><evangelist wordnetid="110067011" confidence="0.8"><leader wordnetid="109623038" confidence="0.8"><spiritual_leader wordnetid="109505153" confidence="0.8"><intellectual wordnetid="109621545" confidence="0.8"><alumnus wordnetid="109786338" confidence="0.8"><causal_agent wordnetid="100007347" confidence="0.8"><scholar wordnetid="110557854" confidence="0.8"><link ns0:type="simple" ns0:href="../042/1830042.xml">madhav sadashiv golwalkar</link></scholar></causal_agent></alumnus></intellectual></spiritual_leader></leader></evangelist></clergyman></person></preacher></physical_entity><physical_entity wordnetid="100001930" confidence="0.8"><person wordnetid="100007846" confidence="0.8"><preacher wordnetid="110464178" confidence="0.8"><evangelist wordnetid="110067011" confidence="0.8"><adult wordnetid="109605289" confidence="0.8"><professional wordnetid="110480253" confidence="0.8"><educator wordnetid="110045713" confidence="0.8"><politician wordnetid="110451263" confidence="0.8"><clergyman wordnetid="109927451" confidence="0.8"><leader wordnetid="109623038" confidence="0.8"><spiritual_leader wordnetid="109505153" confidence="0.8"><academician wordnetid="109759069" confidence="0.8"><causal_agent wordnetid="100007347" confidence="0.8"><link ns0:type="simple" ns0:href="../368/384368.xml">syama prasad mookerjee</link></causal_agent></academician></spiritual_leader></leader></clergyman></politician></educator></professional></adult></evangelist></preacher></person></physical_entity><termination wordnetid="100209943" confidence="0.8"><physical_entity wordnetid="100001930" confidence="0.8"><homicide wordnetid="100220023" confidence="0.8"><murder wordnetid="100220522" confidence="0.8"><person wordnetid="100007846" confidence="0.8"><change wordnetid="100191142" confidence="0.8"><change_of_state wordnetid="100199130" confidence="0.8"><politician wordnetid="110451263" confidence="0.8"><event wordnetid="100029378" confidence="0.8"><leader wordnetid="109623038" confidence="0.8"><action wordnetid="100037396" confidence="0.8"><causal_agent wordnetid="100007347" confidence="0.8"><act wordnetid="100030358" confidence="0.8"><psychological_feature wordnetid="100023100" confidence="0.8"><killing wordnetid="100219012" confidence="0.8"><link ns0:type="simple" ns0:href="../125/4540125.xml">deendayal upadhyaya</link></killing></psychological_feature></act></causal_agent></action></leader></event></politician></change_of_state></change></person></murder></homicide></physical_entity></termination><physical_entity wordnetid="100001930" confidence="0.8"><politician wordnetid="110451263" confidence="0.8"><person wordnetid="100007846" confidence="0.8"><leader wordnetid="109623038" confidence="0.8"><causal_agent wordnetid="100007347" confidence="0.8"><link ns0:type="simple" ns0:href="../530/10653530.xml">madhukar dattatraya deoras</link></causal_agent></leader></person></politician></physical_entity><chancellor wordnetid="109906986" confidence="0.9508927676800064"><politician wordnetid="110451263" confidence="0.9173553029164789"><poet wordnetid="110444194" confidence="0.9173553029164789"><link ns0:type="simple" ns0:href="../730/101730.xml">atal bihari vajpayee</link></poet></politician></chancellor><lawyer wordnetid="110249950" confidence="0.9173553029164789"><curate wordnetid="109983572" confidence="0.9508927676800064"><link ns0:type="simple" ns0:href="../028/300028.xml">lal krishna advani</link></curate></lawyer><physical_entity wordnetid="100001930" confidence="0.8"><politician wordnetid="110451263" confidence="0.8"><person wordnetid="100007846" confidence="0.8"><leader wordnetid="109623038" confidence="0.8"><causal_agent wordnetid="100007347" confidence="0.8"><link ns0:type="simple" ns0:href="../477/10653477.xml">rajendra singh</link></causal_agent></leader></person></politician></physical_entity><physical_entity wordnetid="100001930" confidence="0.8"><preacher wordnetid="110464178" confidence="0.8"><person wordnetid="100007846" confidence="0.8"><clergyman wordnetid="109927451" confidence="0.8"><evangelist wordnetid="110067011" confidence="0.8"><leader wordnetid="109623038" confidence="0.8"><spiritual_leader wordnetid="109505153" confidence="0.8"><causal_agent wordnetid="100007347" confidence="0.8"><link ns0:type="simple" ns0:href="../169/7013169.xml">ashok singhal</link></causal_agent></spiritual_leader></leader></evangelist></clergyman></person></preacher></physical_entity><physical_entity wordnetid="100001930" confidence="0.8"><preacher wordnetid="110464178" confidence="0.8"><person wordnetid="100007846" confidence="0.8"><clergyman wordnetid="109927451" confidence="0.8"><evangelist wordnetid="110067011" confidence="0.8"><leader wordnetid="109623038" confidence="0.8"><spiritual_leader wordnetid="109505153" confidence="0.8"><causal_agent wordnetid="100007347" confidence="0.8"><link ns0:type="simple" ns0:href="../510/1439510.xml">sudarshan</link></causal_agent></spiritual_leader></leader></evangelist></clergyman></person></preacher></physical_entity><link ns0:type="simple" ns0:href="../975/1532975.xml">praveen togadia</link><physical_entity wordnetid="100001930" confidence="0.8"><politician wordnetid="110451263" confidence="0.8"><person wordnetid="100007846" confidence="0.8"><clergyman wordnetid="109927451" confidence="0.8"><female wordnetid="109619168" confidence="0.8"><woman wordnetid="110787470" confidence="0.8"><leader wordnetid="109623038" confidence="0.8"><spiritual_leader wordnetid="109505153" confidence="0.8"><causal_agent wordnetid="100007347" confidence="0.8"><adult wordnetid="109605289" confidence="0.8"><curate wordnetid="109983572" confidence="0.8"><link ns0:type="simple" ns0:href="../395/394395.xml">uma bharti</link></curate></adult></causal_agent></spiritual_leader></leader></woman></female></clergyman></person></politician></physical_entity><politician wordnetid="110451263" confidence="0.9508927676800064"><link ns0:type="simple" ns0:href="../222/444222.xml">narendra modi</link></politician><physical_entity wordnetid="100001930" confidence="0.8"><politician wordnetid="110451263" confidence="0.8"><person wordnetid="100007846" confidence="0.8"><leader wordnetid="109623038" confidence="0.8"><causal_agent wordnetid="100007347" confidence="0.8"><link ns0:type="simple" ns0:href="../952/842952.xml">vinay katiyar</link></causal_agent></leader></person></politician></physical_entity></col></row><row style="height:2px" /><row><col style=";background:#FFC569;;" class="navbox-group">philosophy</col><col style="text-align:left;border-left:2px solid #fdfdfd;width:100%;padding:0px;padding:0.25em 0; line-height:1.4em;;;" class="navbox-list navbox-odd"><political_orientation wordnetid="106212839" confidence="0.8"><event wordnetid="100029378" confidence="0.8"><change wordnetid="100191142" confidence="0.8"><action wordnetid="100037396" confidence="0.8"><motion wordnetid="100331950" confidence="0.8"><act wordnetid="100030358" confidence="0.8"><psychological_feature wordnetid="100023100" confidence="0.8"><link ns0:type="simple" ns0:href="../038/319038.xml">hindu nationalism hindu rashtra</link></psychological_feature></act></motion></action></change></event></political_orientation><political_orientation wordnetid="106212839" confidence="0.8"><link ns0:type="simple" ns0:href="../920/96920.xml">hindutva</link></political_orientation><politics wordnetid="113840719" confidence="0.8"><political_orientation wordnetid="106212839" confidence="0.8"><social_relation wordnetid="100032823" confidence="0.8"><link ns0:type="simple" ns0:href="../847/6271847.xml">integral humanism</link></social_relation></political_orientation></politics><temple wordnetid="104407435" confidence="0.8"><structure wordnetid="104341686" confidence="0.8"><building wordnetid="102913152" confidence="0.8"><artifact wordnetid="100021939" confidence="0.8"><place_of_worship wordnetid="103953416" confidence="0.8"><link ns0:type="simple" ns0:href="../582/569582.xml">ram janmabhoomi</link></place_of_worship></artifact></building></structure></temple><politics wordnetid="113840719" confidence="0.8"><event wordnetid="100029378" confidence="0.8"><change wordnetid="100191142" confidence="0.8"><social_relation wordnetid="100032823" confidence="0.8"><action wordnetid="100037396" confidence="0.8"><motion wordnetid="100331950" confidence="0.8"><act wordnetid="100030358" confidence="0.8"><psychological_feature wordnetid="100023100" confidence="0.8"><link ns0:type="simple" ns0:href="../956/2520956.xml">undivided india akhand bharat</link></psychological_feature></act></motion></action></social_relation></change></event></politics><politics wordnetid="113840719" confidence="0.8"><social_relation wordnetid="100032823" confidence="0.8"><written_communication wordnetid="106349220" confidence="0.8"><code wordnetid="106667317" confidence="0.8"><link ns0:type="simple" ns0:href="../804/285804.xml">uniform civil code</link></code></written_communication></social_relation></politics></col></row></table></col></row></table></p></sec></bdy></psychological_feature></act></motion></action></change></event></article>