<article xmlns:ns0="http://www.w3.org/1999/xlink"><entity confidence="0.9511911446218017" wordnetid="100001740"><header><title>pontederiaceae</title><id /><revision><id /><timestamp /><contributor><username>hesperian</username><id /></contributor></revision><categories><category>plant families</category><category>aquatic plants</category><category>pontederiaceae</category></categories></header><bdy><table style="text-align:center; padding:2.5px; width:200px;" class="infobox biota"><row style="text-align:center;"><header style="background:#90EE90;">pontederiaceae</header></row><row style="text-align:center;"><col><image width="150px" src="IMG_2365.jpg"><caption><link ns0:type="simple" ns0:href="../230/7218230.xml">eichhornia crassipes</link></caption></image><link ns0:type="simple" ns0:href="../230/7218230.xml">eichhornia crassipes</link></col></row><row style="background:#90EE90;" /><row style="text-align:center;"><header style="background:#90EE90;"><link ns0:type="simple" ns0:href="../581/53581.xml">scientific classification</link></header></row><row style="text-align:center;"><col><table style="margin:0 auto; text-align:left; background:transparent;" cellpadding="2"><row valign="top" /><row valign="top" /><row valign="top" /><row valign="top" /><row valign="top" /><row valign="top"><col>kingdom</col><col><link ns0:type="simple" ns0:href="../208/23208.xml">plantae</link></col></row><row valign="top" /><row valign="top" /><row valign="top" /><row valign="top" /><row valign="top" /><row valign="top"><col>unranked</col><col><link ns0:type="simple" ns0:href="../967/18967.xml">angiosperms</link></col></row><row valign="top" /><row valign="top" /><row valign="top" /><row valign="top" /><row valign="top" /><row valign="top" /><row valign="top"><col>unranked</col><col><link ns0:type="simple" ns0:href="../625/55625.xml">monocots</link></col></row><row valign="top" /><row valign="top" /><row valign="top" /><row valign="top" /><row valign="top"><col>unranked</col><col><link ns0:type="simple" ns0:href="../955/4091955.xml">commelinids</link></col></row><row valign="top" /><row valign="top" /><row valign="top"><col>order</col><col><link ns0:type="simple" ns0:href="../409/5409.xml">commelinales</link></col></row><row valign="top" /><row valign="top" /><row valign="top" /><row valign="top" /><row valign="top" /><row valign="top" /><row valign="top" /><row valign="top" /><row valign="top"><col>family</col><col>pontederiaceae<physical_entity wordnetid="100001930" confidence="0.8"><person wordnetid="100007846" confidence="0.8"><explorer wordnetid="110072708" confidence="0.8"><biologist wordnetid="109855630" confidence="0.8"><botanist wordnetid="109868270" confidence="0.8"><causal_agent wordnetid="100007347" confidence="0.8"><scientist wordnetid="110560637" confidence="0.8"><link ns0:type="simple" ns0:href="../939/1480939.xml">kunth</link></scientist></causal_agent></botanist></biologist></explorer></person></physical_entity></col></row><row valign="top" /><row valign="top" /><row valign="top" /><row valign="top" /><row valign="top" /><row valign="top" /><row valign="top" /><row valign="top" /><row valign="top" /><row valign="top" /><row valign="top" /><row valign="top" /><row valign="top" /><row valign="top" /><row valign="top" /><row valign="top" /><row valign="top" /></table></col></row><row style="background:#90EE90;" /><row style="background:#90EE90;" /><row style="background:#90EE90;" /><row style="background:#90EE90;" /><row style="background:#90EE90;" /><row style="text-align:center;" /><row style="text-align:center;" /><row style="text-align:center;" /><row style="text-align:center;" /><row style="text-align:center;" /><row style="text-align:center;" /><row style="text-align:center;" /><row style="text-align:center;" /><row style="text-align:center;" /><row style="text-align:center;" /><row style="background:#90EE90;"><header>genera</header></row><row><col style="padding:0 .5em; text-align:left;">see text</col></row></table>pontederiaceae the<link ns0:type="simple" ns0:href="../329/1651329.xml">botanical name</link>family<link ns0:type="simple" ns0:href="../967/18967.xml">flowering plants</link><p>the<link ns0:type="simple" ns0:href="../401/4067401.xml">apg system</link>unchanged from the<link ns0:type="simple" ns0:href="../323/4067323.xml">apg system</link>places the family the order<link ns0:type="simple" ns0:href="../409/5409.xml">commelinales</link>the<link ns0:type="simple" ns0:href="../955/4091955.xml">commelinid</link><link ns0:type="simple" ns0:href="../682/6682.xml">clade</link>the<link ns0:type="simple" ns0:href="../625/55625.xml">monocots</link>small family<link ns0:type="simple" ns0:href="../131/1639131.xml">heterostylous</link><link ns0:type="simple" ns0:href="../922/151922.xml">aquatic plant</link>occurring tropical and subtropical waters<person wordnetid="100007846" confidence="0.9508927676800064"><scientist wordnetid="110560637" confidence="0.9508927676800064"><link ns0:type="simple" ns0:href="../410/8145410.xml">charles darwin</link></scientist></person>was interested the specialized form<link ns0:type="simple" ns0:href="../131/1639131.xml">heterostyly</link>found the family known<link ns0:type="simple" ns0:href="../131/1639131.xml">tristyly</link>not all the species are heterostylous the family probably contains fewer than three dozen species</p><p>best known for the<link ns0:type="simple" ns0:href="../608/471608.xml">water hyacinth</link>eichhornia crassipes which invasive species many waterways the highly modified hydrothrix gardneri submerged aquatic with twoflowered<link ns0:type="simple" ns0:href="../918/7675918.xml">pseudanthium</link></p><sec><st>taxonomy</st><p>there are genera within this family below<list><entry level="1" type="bullet"><link ns0:type="simple" ns0:href="../608/471608.xml">eichhornia</link></entry><entry level="1" type="bullet"><link>eurystemon</link></entry><entry level="1" type="bullet"><link ns0:type="simple" ns0:href="../573/16748573.xml">heteranthera</link></entry><entry level="1" type="bullet"><link>hydrothrix</link></entry><entry level="1" type="bullet"><link>monochoria</link></entry><entry level="1" type="bullet"><link ns0:type="simple" ns0:href="../761/1069761.xml">pontederia</link></entry><entry level="1" type="bullet"><link>reussia</link></entry><entry level="1" type="bullet"><link>scholleropsis</link></entry><entry level="1" type="bullet"><link>zosterella</link></entry></list></p></sec><sec><st>external links</st><p><list><entry level="1" type="bullet"><weblink ns0:type="simple" ns0:href="http://delta-intkey.com/angio/www/ponteder.htm">pontederiaceae</weblink>watson and dallwitz onwards</entry><entry level="1" type="bullet"><weblink ns0:type="simple" ns0:href="http://delta-intkey.com/angio/">the families flowering plants</weblink>descriptions illustrations identification information retrieval version march httpdeltaintkeycom</entry><entry level="1" type="bullet"><weblink ns0:type="simple" ns0:href="http://www.efloras.org/florataxon.aspx?flora_id=1 taxon_id=10722">pontederiaceae the flora north america</weblink></entry><entry level="1" type="bullet"><weblink ns0:type="simple" ns0:href="http://www.efloras.org/florataxon.aspx?flora_id=2 taxon_id=10722">pontederiaceae the flora china</weblink></entry><entry level="1" type="bullet"><weblink ns0:type="simple" ns0:href="http://www.ncbi.nlm.nih.gov/Taxonomy/Browser/wwwtax.cgi?mode=Tree id=16367 lvl=3 lin=f keep=1 srchmode=1 unlock">ncbi taxonomy browser</weblink></entry><entry level="1" type="bullet"><weblink ns0:type="simple" ns0:href="http://www.csdl.tamu.edu/FLORA/cgi/gateway_family?fam=Pontederiaceae">links csdl</weblink></entry></list></p></sec></bdy></entity></article>