<article xmlns:ns0="http://www.w3.org/1999/xlink"><header><title>structural risk minimization</title><id /><revision><id /><timestamp /><contributor><username>oleg alexandrov</username><id /></contributor></revision><categories><category>machine learning</category></categories></header><bdy>structural risk minimization srm inductive principle use<link ns0:type="simple" ns0:href="../488/233488.xml">machine learning</link>commonly machine learning generalized model must selected from finite data set with the consequent problem<link ns0:type="simple" ns0:href="../332/173332.xml">overfitting</link>the model becoming too strongly tailored the particularities the training set and generalizing poorly new data the srm principle addresses this problem balancing the models complexity against its success fitting the training data<p>the srm principle was first set out paper<physical_entity wordnetid="100001930" confidence="0.8"><person wordnetid="100007846" confidence="0.8"><causal_agent wordnetid="100007347" confidence="0.8"><academician wordnetid="109759069" confidence="0.8"><scientist wordnetid="110560637" confidence="0.8"><adult wordnetid="109605289" confidence="0.8"><professional wordnetid="110480253" confidence="0.8"><mathematician wordnetid="110301261" confidence="0.8"><educator wordnetid="110045713" confidence="0.8"><link ns0:type="simple" ns0:href="../673/209673.xml">vladimir vapnik</link></educator></mathematician></professional></adult></scientist></academician></causal_agent></person></physical_entity>and<physical_entity wordnetid="100001930" confidence="0.8"><person wordnetid="100007846" confidence="0.8"><causal_agent wordnetid="100007347" confidence="0.8"><scientist wordnetid="110560637" confidence="0.8"><mathematician wordnetid="110301261" confidence="0.8"><link ns0:type="simple" ns0:href="../850/305850.xml">alexey chervonenkis</link></mathematician></scientist></causal_agent></person></physical_entity></p><sec><st>see also</st><p><list><entry level="1" type="bullet"><link ns0:type="simple" ns0:href="../843/305843.xml">vapnikchervonenkis theory</link></entry><entry level="1" type="bullet"><link ns0:type="simple" ns0:href="../309/65309.xml">support vector machines</link></entry></list></p></sec><sec><st>external links</st><p><list><entry level="1" type="bullet"><weblink ns0:type="simple" ns0:href="http://www.svms.org/srm/">structural risk minimization</weblink>the support vector machines website</entry></list></p></sec></bdy></article>