<article xmlns:ns0="http://www.w3.org/1999/xlink"><header><title>eager learning</title><id /><revision><id /><timestamp /><contributor><username>switchercat</username><id /></contributor></revision><categories><category>machine learning</category></categories></header><bdy><link ns0:type="simple" ns0:href="../164/1164.xml">artificial intelligence</link>eager learning learning method which the system tries construct general input independent target function during training the system opposed<link ns0:type="simple" ns0:href="../879/10747879.xml">lazy learning</link>where generalization beyond the training data delayed until query made the system<p>the main advantage gained employing eager learning method such<link ns0:type="simple" ns0:href="../523/21523.xml">artificial neural network</link>that the target function will approximated globally during training thus requiring much less space than lazy learning system eager learning systems also deal much better with noise the training data eager learning example<link ns0:type="simple" ns0:href="../030/10748030.xml">offline learning</link>which posttraining queries the system have effect the system itself and thus the same query the system will always produce the same result</p><p>the main disadvantage with eager learning that generally unable provide good local approximations the target function</p></bdy></article>