<article xmlns:ns0="http://www.w3.org/1999/xlink"><physical_entity confidence="0.8" wordnetid="100001930"><person confidence="0.8" wordnetid="100007846"><performer confidence="0.8" wordnetid="110415638"><causal_agent confidence="0.8" wordnetid="100007347"><actor confidence="0.8" wordnetid="109765278"><entertainer confidence="0.8" wordnetid="109616922"><header><title>elle downs</title><id /><revision><id /><timestamp /><contributor><username>lightbot</username><id /></contributor></revision><categories><category>people from toronto</category><category>living people</category><category>canadian television actors</category><category>births</category><category>canadian film actors</category></categories></header><bdy>elle downs pronounced ellie born<link ns0:type="simple" ns0:href="../ury/24th_century.xml">april</link><link ns0:type="simple" ns0:href="../751/34751.xml" /><link ns0:type="simple" ns0:href="../646/64646.xml">toronto ontario</link>canadian actress who has appeared film and television since<p>elle downs sixth generation canadian african canadian and<ethnic_group wordnetid="107967382" confidence="0.9508927676800064"><link ns0:type="simple" ns0:href="../217/21217.xml">native american</link></ethnic_group><ethnic_group wordnetid="107967382" confidence="0.9508927676800064"><link ns0:type="simple" ns0:href="../490/50490.xml">cherokee</link></ethnic_group>indian descent her father was born<village wordnetid="108672738" confidence="0.9508927676800064"><link ns0:type="simple" ns0:href="../408/37408.xml">kingston jamaica</link></village>she won the title miss black canada and went become popular supporting actress many torontobased films and series</p><p>elle became the box office manager for the<film_festival wordnetid="100517418" confidence="0.9508927676800064"><link ns0:type="simple" ns0:href="../751/178751.xml">toronto international film festival</link></film_festival>and has worked supervisory position for the festival since then</p><sec><st>selected filmography</st><p><list><entry level="1" type="bullet"><link ns0:type="simple" ns0:href="../692/9776692.xml">talk</link>peaches</entry><entry level="1" type="bullet"><link>password</link>tiffany</entry><entry level="1" type="bullet"><movie wordnetid="106613686" confidence="0.9508927676800064"><link ns0:type="simple" ns0:href="../477/1033477.xml">godsend</link></movie>sarah chandler</entry><entry level="1" type="bullet"><movie wordnetid="106613686" confidence="0.9508927676800064"><link ns0:type="simple" ns0:href="../214/2058214.xml">babys daddy</link></movie>cappuccino</entry><entry level="1" type="bullet">reporter</entry><entry level="1" type="bullet"><link ns0:type="simple" ns0:href="../335/6211335.xml">love sex and eating the bones</link>art pro</entry></list></p></sec><sec><st>television series</st><p><list><entry level="1" type="bullet"><series wordnetid="108457976" confidence="0.9508927676800064"><link ns0:type="simple" ns0:href="../513/5374513.xml">the jane show</link></series>ella episode evaluating jane</entry><entry level="1" type="bullet"><series wordnetid="108457976" confidence="0.9508927676800064"><link ns0:type="simple" ns0:href="../350/2033350.xml">kevin hill</link></series>danitra episode sacrificial lambs</entry><entry level="1" type="bullet"><series wordnetid="108457976" confidence="0.9508927676800064"><link ns0:type="simple" ns0:href="../491/743491.xml">kojak</link></series>carol episode east sixties</entry><entry level="1" type="bullet"><series wordnetid="108457976" confidence="0.9508927676800064"><link ns0:type="simple" ns0:href="../764/489764.xml">missing</link></series>camila pole episode sea love</entry><entry level="1" type="bullet">bank teller episode grandmothers house</entry><entry level="1" type="bullet"><link ns0:type="simple" ns0:href="../672/1527672.xml">playmakers</link>episode man motion</entry><entry level="1" type="bullet"><beginning wordnetid="100235435" confidence="0.8"><change wordnetid="100191142" confidence="0.8"><show wordnetid="100520257" confidence="0.8"><entertainment wordnetid="100429048" confidence="0.8"><ending wordnetid="106308765" confidence="0.8"><morpheme wordnetid="106306233" confidence="0.8"><change_of_state wordnetid="100199130" confidence="0.8"><diversion wordnetid="100426928" confidence="0.8"><event wordnetid="100029378" confidence="0.8"><action wordnetid="100037396" confidence="0.8"><part wordnetid="113809207" confidence="0.8"><act wordnetid="100030358" confidence="0.8"><psychological_feature wordnetid="100023100" confidence="0.8"><activity wordnetid="100407535" confidence="0.8"><introduction wordnetid="100238022" confidence="0.8"><language_unit wordnetid="106284225" confidence="0.8"><link ns0:type="simple" ns0:href="../575/1792575.xml">wild card</link></language_unit></introduction></activity></psychological_feature></act></part></action></event></diversion></change_of_state></morpheme></ending></entertainment></show></change></beginning>pilot episode</entry><entry level="1" type="bullet"><series wordnetid="108457976" confidence="0.9508927676800064"><link ns0:type="simple" ns0:href="../373/419373.xml">monk</link></series>regina episode monk and the other woman</entry><entry level="1" type="bullet">episode sex and money</entry><entry level="1" type="bullet"><series wordnetid="108457976" confidence="0.9508927676800064"><link ns0:type="simple" ns0:href="../881/163881.xml">the famous jett jackson</link></series>reporter episode truth</entry><entry level="1" type="bullet">maddy johnson episode pandoras box</entry><entry level="1" type="bullet"><link ns0:type="simple" ns0:href="../104/444104.xml">due south</link>lily episode body language</entry></list></p></sec><sec><st>external links</st><p><list><entry level="1" type="bullet"><weblink ns0:type="simple" ns0:href="http://www.imdb.com/name/nm0236177/">elle downs</weblink>the<web_site wordnetid="106359193" confidence="0.9508927676800064"><link ns0:type="simple" ns0:href="../554/2855554.xml">internet movie database</link></web_site></entry><entry level="1" type="bullet">elle downs myspace page</entry></list></p></sec></bdy></entertainer></actor></causal_agent></performer></person></physical_entity></article>