<article xmlns:ns0="http://www.w3.org/1999/xlink"><physical_entity confidence="0.8" wordnetid="100001930"><automaton confidence="0.8" wordnetid="109825519"><person confidence="0.8" wordnetid="100007846"><causal_agent confidence="0.8" wordnetid="100007347"><anomaly confidence="0.8" wordnetid="109606527"><header><title>quantum cellular automata</title><id /><revision><id /><timestamp /><contributor><username>alleborgobot</username><id /></contributor></revision><categories><category>cellular automata</category><category>quantum information science</category></categories></header><bdy>quantum cellular automata qca refers any one several models<link ns0:type="simple" ns0:href="../220/25220.xml">quantum computation</link>which have been devised analogy conventional models<link ns0:type="simple" ns0:href="../342/54342.xml">cellular automata</link>introduced<link ns0:type="simple" ns0:href="../942/15942.xml">von neumann</link>may also refer<link ns0:type="simple" ns0:href="../212/8411212.xml">quantum dot cellular automata</link>which proposed physical implementation classical cellular automata exploiting<link ns0:type="simple" ns0:href="../202/25202.xml">quantum mechanical</link>phenomena<sec><st>usage the term</st><p>the context models computation physical systems quantum cellular automaton term currently without single agreedupon meaning however models quantum cellular automata tend attempt merge borrow elements both the study cellular automata conventional<link ns0:type="simple" ns0:href="../323/5323.xml">computer science</link>and the study<link ns0:type="simple" ns0:href="../094/659094.xml">quantum information processing</link>particular the following are common features models quantum cellular automata<list><entry level="1" type="bullet">the computation considered come about parallel operation multiple computing devices cells the cells are usually taken identical finitedimensional quantum systems each cell<link ns0:type="simple" ns0:href="../284/25284.xml">qubit</link></entry><entry level="1" type="bullet">each cell has neighborhood other cells altogether these form network cells which usually taken regular the cells are arranged lattice with without periodic boundary conditions</entry><entry level="1" type="bullet">the evolution all the cells has number physicslike symmetries locality one the next state cell depends only its current state and that its neighbours homogeneity another the evolution acts the same everywhere and independent time</entry><entry level="1" type="bullet">the state space the cells and the operations performed them should motivated principles quantum mechanics</entry></list>one feature that often considered important for model quantum cellular automata that should universal for quantum computation that can efficiently simulate quantum turing machines<ref ns0:type="simple" ns0:href="#xpointer(//reflist/entry[@id=%221%22])" /><ref ns0:type="simple" ns0:href="#xpointer(//reflist/entry[@id=%222%22])" />some arbitrary<link ns0:type="simple" ns0:href="../404/707404.xml">quantum circuit</link><ref ns0:type="simple" ns0:href="#xpointer(//reflist/entry[@id=%223%22])" />simply all other quantum cellular automata<ref ns0:type="simple" ns0:href="#xpointer(//reflist/entry[@id=%224%22])" />models which have been proposed recently impose further conditions that quantum cellular automata should reversible andor local unitary and have easily determined global transition function from the rule for updating individual cells<ref ns0:type="simple" ns0:href="#xpointer(//reflist/entry[@id=%222%22])" />recent results show that these properties can derived axiomatically from the symmetries the global evolution<ref ns0:type="simple" ns0:href="#xpointer(//reflist/entry[@id=%225%22])" /><ref ns0:type="simple" ns0:href="#xpointer(//reflist/entry[@id=%226%22])" /><ref ns0:type="simple" ns0:href="#xpointer(//reflist/entry[@id=%227%22])" /></p></sec><sec><st>models qca</st><ss1><st>early proposals</st><p>the concept cellular automaton operating quantum mechanical principles dates back least<person wordnetid="100007846" confidence="0.9508927676800064"><scientist wordnetid="110560637" confidence="0.9508927676800064"><link ns0:type="simple" ns0:href="../523/25523.xml">richard feynman</link></scientist></person>who suggested initial approach quantizing model cellular automata<ref ns0:type="simple" ns0:href="#xpointer(//reflist/entry[@id=%228%22])" />gerhard grssing and<scientist wordnetid="110560637" confidence="0.9508927676800064"><link ns0:type="simple" ns0:href="../635/918635.xml">anton zeilinger</link></scientist>introduced the term quantum cellular automata refer model they defined<ref ns0:type="simple" ns0:href="#xpointer(//reflist/entry[@id=%229%22])" />however their model has very little common with the concepts developed quantum computation after david deutschs formal development that subject<ref ns0:type="simple" ns0:href="#xpointer(//reflist/entry[@id=%2210%22])" />and has not been developed significantly model computation</p></ss1><ss1><st>models universal quantum computation</st><p>the first formal model quantum cellular automata researched depth was that introduced john watrous<ref ns0:type="simple" ns0:href="#xpointer(//reflist/entry[@id=%221%22])" />this model was developed further wim van dam<ref ns0:type="simple" ns0:href="#xpointer(//reflist/entry[@id=%2211%22])" />well christoph drr huong lthanh and miklos santha<ref ns0:type="simple" ns0:href="#xpointer(//reflist/entry[@id=%2212%22])" /><ref ns0:type="simple" ns0:href="#xpointer(//reflist/entry[@id=%2213%22])" />josef gruska<ref ns0:type="simple" ns0:href="#xpointer(//reflist/entry[@id=%2214%22])" />and pablo arrighi<ref ns0:type="simple" ns0:href="#xpointer(//reflist/entry[@id=%2215%22])" />however was later realised that this definition was too loose the sense that some instances allow superluminal signalling<ref ns0:type="simple" ns0:href="#xpointer(//reflist/entry[@id=%225%22])" /><ref ns0:type="simple" ns0:href="#xpointer(//reflist/entry[@id=%226%22])" />second wave models includes those susanne richter and reinhard werner<ref ns0:type="simple" ns0:href="#xpointer(//reflist/entry[@id=%2216%22])" />benjamin schumacher and reinhard werner<ref ns0:type="simple" ns0:href="#xpointer(//reflist/entry[@id=%225%22])" />carlos prezdelgado and donny cheung<ref ns0:type="simple" ns0:href="#xpointer(//reflist/entry[@id=%222%22])" />and pablo arrighi vincent nesme and reinhard werner<ref ns0:type="simple" ns0:href="#xpointer(//reflist/entry[@id=%226%22])" /><ref ns0:type="simple" ns0:href="#xpointer(//reflist/entry[@id=%227%22])" />these are all closely related and not suffer any such locality issue the end one can say that they all agree picture quantum cellular automata just some large quantum circuit infinitely repeating across time and space</p></ss1><ss1><st>models physical systems</st><p>models quantum cellular automata have been proposed david meyer<ref ns0:type="simple" ns0:href="#xpointer(//reflist/entry[@id=%2217%22])" /><ref ns0:type="simple" ns0:href="#xpointer(//reflist/entry[@id=%2218%22])" />bruce bogosian and washington taylor<ref ns0:type="simple" ns0:href="#xpointer(//reflist/entry[@id=%2219%22])" />and peter love and bruce bogosian<ref ns0:type="simple" ns0:href="#xpointer(//reflist/entry[@id=%2220%22])" />means simulating quantum lattice gases motivated the use classical cellular automata model classical physical phenomena such gas dispersion<ref ns0:type="simple" ns0:href="#xpointer(//reflist/entry[@id=%2221%22])" /></p></ss1><ss1><st>quantum dot cellular automata</st><p>proposal for implementing classical cellular automata systems designed with<link ns0:type="simple" ns0:href="../547/511547.xml">quantum dots</link>has been proposed under the name quantum cellular automata<physical_entity wordnetid="100001930" confidence="0.8"><person wordnetid="100007846" confidence="0.8"><intellectual wordnetid="109621545" confidence="0.8"><alumnus wordnetid="109786338" confidence="0.8"><causal_agent wordnetid="100007347" confidence="0.8"><scholar wordnetid="110557854" confidence="0.8"><link ns0:type="simple" ns0:href="../395/12269395.xml">paul tougaw</link></scholar></causal_agent></alumnus></intellectual></person></physical_entity>and craig lent<ref ns0:type="simple" ns0:href="#xpointer(//reflist/entry[@id=%2222%22])" />replacement for classical computation using cmos technology order better differentiate between this proposal and models cellular automata which perform quantum computation many authors working this subject now refer this<link ns0:type="simple" ns0:href="../212/8411212.xml">quantum dot cellular automaton</link></p></ss1></sec><sec><st>references</st><p><reflist><entry id="1">watrous onedimensional quantum cellular automata proc focs</entry><entry id="2">prezdelgado and cheung local unitary quantum cellular automata phys rev see also<weblink ns0:type="simple" ns0:href="http://www.arxiv.org/abs/0709.0006">arxiv quantph</weblink></entry><entry id="3">shepherd franz werner universally programmable quantum cellular automaton phys rev lett</entry><entry id="4">arrighi fargetton intrinsically universal onedimensional quantum cellular automata dcm see also<weblink ns0:type="simple" ns0:href="http://arxiv.org/abs/0704.3961">quantph</weblink></entry><entry id="5">schumacher and werner reversible quantum cellular automata<weblink ns0:type="simple" ns0:href="http://www.arxiv.org/abs/quant-ph/0405174">quantph</weblink></entry><entry id="6">pablo arrighi vincent nesme reinhard werner onedimensional quantum cellular automata over finite unbounded configurations see also<weblink ns0:type="simple" ns0:href="http://arxiv.org/abs/0711.3517">quantph</weblink></entry><entry id="7">pablo arrighi vincent nesme reinhard werner ndimensional quantum cellular automata see also<weblink ns0:type="simple" ns0:href="http://arxiv.org/abs/0711.3975">quantph</weblink></entry><entry id="8">feynman simulating physics with computers int theor phys</entry><entry id="9">grossing and zeilinger quantum cellular automata complex systems and</entry><entry id="10">deutsch quantum theory the churchturing principle and the universal quantum computer proceedings the royal society london</entry><entry id="11">van dam quantum cellular automata master thesis computer science nijmegen summer</entry><entry id="12">drr and santha decision procedure for unitary linear quantum cellular automata<weblink ns0:type="simple" ns0:href="http://www.arxiv.org/abs/quant-ph/9604007">quantph</weblink></entry><entry id="13">drr ltanh santha decision procedure for wellformed linear quantum cellular automata rand struct algorithms see also<weblink ns0:type="simple" ns0:href="http://www.arxiv.org/abs/cs.DS/9906024">csds</weblink></entry><entry id="14">gruska quantum computing mcgrawhill cambridge section</entry><entry id="15">pablo arrighi algebraic study unitary one dimensional quantum cellular automata proceedings mfcs lncs see also<weblink ns0:type="simple" ns0:href="http://arxiv.org/abs/quant-ph/0512040">quantph</weblink></entry><entry id="17">meyer from quantum cellular automata quantum lattice gases journal statistical physics see also<weblink ns0:type="simple" ns0:href="http://www.arxiv.org/abs/quant-ph/9604003">quantph</weblink></entry><entry id="16">richter and werner ergodicity quantum cellular automata stat phys see also<weblink ns0:type="simple" ns0:href="http://www.arxiv.org/abs/cond-mat/9504001">condmat</weblink></entry><entry id="19">bogosian and taylor quantum latticegas model for the manyparticle schrdinger equation dimensions physical review</entry><entry id="18">meyer the absence homogeneous scalar unitary cellular automata physics letters see also<weblink ns0:type="simple" ns0:href="http://www.arxiv.org/abs/quant-ph/9604011">quantph</weblink></entry><entry id="21">chophard and droz cellular automata modeling physical systems cambridge universitry press</entry><entry id="20">love and bogosian from dirac diffusion decoherence quantum lattice gases quantum information processing</entry><entry id="22">tougaw lent logical devices implemented using quantum cellular automata appl phys</entry></reflist></p></sec></bdy></anomaly></causal_agent></person></automaton></physical_entity></article>