<article xmlns:ns0="http://www.w3.org/1999/xlink"><header><title>email forwarding</title><id /><revision><id /><timestamp /><contributor><username>ale</username><id /></contributor></revision><categories><category>email</category></categories></header><bdy>email forwarding consists the operation resending<link ns0:type="simple" ns0:href="../738/9738.xml">email message</link>delivered one<link>email address</link>another email address users and administrators email systems use the same term when speaking both serverbased and clientbased forwarding<p>email forwarding can also redirect mail going one address and send one several other addresses vice versa email items going several different addresses can converge via forwarding end single address inbox</p><sec><st>serverbased forwarding</st><p>the<link ns0:type="simple" ns0:href="../878/39878.xml">domain name</link>the part appearing the right<link>email address</link>defines the target<link>server</link><ref ns0:type="simple" ns0:href="#xpointer(//reflist/entry[@id=%221%22])" />for that class addresses that server can deliver message users<link ns0:type="simple" ns0:href="../875/14119875.xml">mailbox</link>andor send forward forward files see<link ns0:type="simple" ns0:href="#xpointer(//*[./st=%22=7E/.forward+files%22])">below</link>provide typical example the implementation serverbased forwarding</p><p>email administrators sometimes use the term redirection synonym for serverbased emailforwarding</p><ss1><st>uses serverbased forwarding</st><p><list><entry level="1" type="definition">roleaddresses info sales postmaster and similar names can appear the left email addresses organization may forward messages intended for given role the personal address the persons functioning that role office</entry><entry level="1" type="definition">vanityaddresses most<link ns0:type="simple" ns0:href="../683/3701683.xml">domain name hosting</link>facilities provide mailfacilities forward mail another email address such the users<link ns0:type="simple" ns0:href="../245/100245.xml">internet service provider</link></entry><entry level="1" type="definition">dismissed addresses when users change their email addresses administrator may set forwarding from old address current one order avoid losing messages</entry></list></p></ss1><ss1><st>forwarding versus remailing</st><p>plain messageforwarding changes the envelope recipients and leaves the<link ns0:type="simple" ns0:href="../932/17291932.xml">envelope sender</link>field untouched the envelope sender field does not equate the from<link ns0:type="simple" ns0:href="../738/9738.xml#xpointer(//*[./st=%22Header%22])">header</link>which email client software usually displays represents field used the early stages the<link>smtp</link>protocol and subsequently saved the returnpath header this field holds the address which mailsystems must send<link ns0:type="simple" ns0:href="../353/869353.xml">bounce message</link>reporting deliveryfailure success any</p><p>contrast the terms remailing redistribution can sometimes mean resending the message and also rewriting the envelope sender field<link ns0:type="simple" ns0:href="../483/52483.xml">electronic mailing list</link>furnish typical example authors submit messages reflector that performs remailing each list address that way<link ns0:type="simple" ns0:href="../353/869353.xml">bounce message</link>which report failure delivering message any list subscriber will not reach the author message however annoying misconfigured vacation autoreplies reach authors</p><p>typically plain messageforwarding does aliasexpansion while proper messageforwarding also named forwarding toutcourt<ref ns0:type="simple" ns0:href="#xpointer(//reflist/entry[@id=%222%22])" />serves for mailinglists when additional modifications the message are carried out rather resemble the action mua submitting new message the term forwarding becomes deceptive and remailing seems more appropriate</p><p>the<message wordnetid="106598915" confidence="0.8"><protocol wordnetid="106665108" confidence="0.8"><direction wordnetid="106786629" confidence="0.8"><rule wordnetid="106652242" confidence="0.8"><link ns0:type="simple" ns0:href="../928/555928.xml">sender policy framework</link></rule></direction></protocol></message>spf the domainname the envelope sender remains subject policy restrictions therefore spf generally disallows plain messageforwarding intra domain redirection complies with spf long the relevant servers share consistent configuration mail servers that practise interdomain messageforwarding may break spf even they dont implement spf themselves they neither apply spf checks nor publish spf records<ref ns0:type="simple" ns0:href="#xpointer(//reflist/entry[@id=%223%22])" /><link ns0:type="simple" ns0:href="../987/2278987.xml">sender rewriting scheme</link>provides for generic forwarding mechanism compatible with spf</p></ss1></sec><sec><st>clientbased forwarding</st><ss1><st>automated clientbased forwarding</st><p>client forwarding can take place automatically using noninteractive client such<link ns0:type="simple" ns0:href="../018/11517018.xml">mail retrieval agent</link>although the retrieval agent uses client protocol this forwarding resembles server forwarding that keeps the same messageidentity concerns about the envelopesender apply<ref ns0:type="simple" ns0:href="#xpointer(//reflist/entry[@id=%223%22])" /></p></ss1><ss1><st>manual clientbased forwarding</st><p><link>enduser</link>can manually forward message using<link ns0:type="simple" ns0:href="../478/43478.xml">email client</link>forwarding inline quotes the message below the main text the new message and preserves original attachments forwarding attachment prepares<link ns0:type="simple" ns0:href="../045/19045.xml">mime</link>attachment that contains the full original message including all<link ns0:type="simple" ns0:href="../738/9738.xml#xpointer(//*[./st=%22Header%22])">headers</link>and any attachment note that including all the headers discloses much information about the message such the servers that transmitted and any clienttag added the mailbox</p><p>this kind forwarding actually constitutes remailing from the points view the envelopesender and the recipients the message identity also changes</p></ss1></sec><sec><st>historical development email forwarding</st><p>rfc simple mail transfer protocol<link ns0:type="simple" ns0:href="../767/15767.xml">jonathan postel</link><link ns0:type="simple" ns0:href="../756/34756.xml" />provided for forwardpath for each recipient the form for example uscisiearpa uscisifarpa qsmithisivaxaarpa optional list hosts and required destinationmailbox when the list hosts existed served sourceroute indicating that each host had relay the mail the next host the list otherwise the case insufficient destinationinformation but where the server knew the correct destination could take the responsibility deliver the message responding follows rcpt ltposteluscisiarpa user not local will forward ltposteluscisifarpa</p><p>the concept that time envisaged the elements the forwardpath source route moving the returnpath envelope sender message got relayed from one smtp server another even the system discouraged the use sourcerouting<ref ns0:type="simple" ns0:href="#xpointer(//reflist/entry[@id=%224%22])" />dynamically building the returnpath implied that the envelope sender information could not remain its original form during forwarding thus rfc did not originally allow plain messageforwarding</p><p>the introduction the<link ns0:type="simple" ns0:href="../511/66511.xml">record</link><ref ns0:type="simple" ns0:href="#xpointer(//reflist/entry[@id=%225%22])" />made sourcerouting unnecessary<link ns0:type="simple" ns0:href="../847/34847.xml" />rfc recommended accepting sourcerouting only for backwardcompatibility that point plain message forwarding<ref ns0:type="simple" ns0:href="#xpointer(//reflist/entry[@id=%223%22])" />became the recommended action for aliasexpansion<link ns0:type="simple" ns0:href="../825/35825.xml" />rfc still mentions that systems may remove the return path and rebuild needed taking into consideration that not doing might inadvertently disclose sensitive information<ref ns0:type="simple" ns0:href="#xpointer(//reflist/entry[@id=%226%22])" />actually plain messageforwarding can conveniently used for alias expansion within the same server set coordinated servers</p><ss1><st>forward files</st><p><link ns0:type="simple" ns0:href="../600/48600.xml">sendmail</link>the reference<link>smtp</link>implementation the early provided for forward files which can store the target emailaddresses for given users one can configure some emailprogram<link>filter</link>automatically perform forwarding replying actions immediately after receiving forward files can also contain<link ns0:type="simple" ns0:href="../938/28938.xml">shell script</link>which have become source many security problems formerly only trusted users could utilize the commandline switch for setting the envelope sender arg some systems disabled this feature for security reasons<ref ns0:type="simple" ns0:href="#xpointer(//reflist/entry[@id=%227%22])" /></p><p>email predates the formalization<link ns0:type="simple" ns0:href="../513/6513.xml">clientserver</link>architectures the<ref ns0:type="simple" ns0:href="#xpointer(//reflist/entry[@id=%228%22])" />therefore the distinction between<link ns0:type="simple" ns0:href="../970/667970.xml">client</link>and<link ns0:type="simple" ns0:href="../116/42116.xml">server</link>seems necessarily forced the original distinction contrasted<link ns0:type="simple" ns0:href="../986/458986.xml">daemons</link>and usercontrolled<link ns0:type="simple" ns0:href="../783/5783.xml">programs</link>which run the same machine the sendmail daemon used run with<link>root</link><link>privilege</link>could impersonate any user whose mail had manage the other hand users can access their own individual mailfiles and configuration files including forward client programs may assist editing the server configurationfiles given user thereby causing some confusion what role each program plays</p></ss1><ss1><st>virtual users</st><p>the term virtual users refers email users who never log mailserver system and only access their mailboxes using remote clients mailserver program may work for both virtual and regular users may require minor modifications take advantage the fact that virtual users frequently share the same system the latter circumstance allows the server program implement some features more easily doesnt have obey systemaccess restrictions the same principles operations apply however virtual users have more difficulty accessing their configuration files for good ill</p></ss1></sec><sec><st>notes</st><p><reflist><entry id="1">the primary<link ns0:type="simple" ns0:href="../511/66511.xml">record</link>the relevant domain usually publishes the name the<link ns0:type="simple" ns0:href="../624/20624.xml">mail server</link>otherwise the domain name must have<link ns0:type="simple" ns0:href="../921/14921.xml">address</link></entry><entry id="2">section list rfc the term forwarding used ambiguously notes that the key difference between handling aliases section and forwarding this subsection the change the returnpath header that wording new wrt rfc could interpreted the definition forwarding the same term werent used the beginning the same subsection with the opposite meaning</entry><entry id="3">consider the following forward path<p /><p>domain must not plainly forward message from domain domain unless controls either the policy the filtering indeed publishes spf policy that prevents from using name and applies senders policychecking may refuse the message according rfc other words one can not formally distinguish plain messageforwarding from illegal domainname abuse</p></entry><entry id="4">see the note section explicit path specification rfc</entry><entry id="5">record has been introduced with rfc see the historical section<link ns0:type="simple" ns0:href="../511/66511.xml#xpointer(//*[./st=%22History+of+fallback+to+A%22])">recordhistory fallback</link></entry><entry id="6">plain message forwarding may disclose the final destinationaddress irrespectively the users intention see sections information disclosure message forwarding and trace information rfc</entry><entry id="7"><cite style="font-style:normal" class="book">hunt craig tcpip network administration oreilly page isbn</cite>the<link>current</link>version<weblink ns0:type="simple" ns0:href="http://www.sendmail.org/doc/sendmail-current/doc/op/op.pdf">sendmail documentation</weblink>mentions restrictions using the switch and uses the verb set rather than override describe its action the envelope sender data</entry><entry id="8">the book dates<weblink ns0:type="simple" ns0:href="ftp://ftp.uu.net/usenet/news.answers/client-server-faq.Z">clientserverfaq</weblink>range from the early although<link ns0:type="simple" ns0:href="../346/26346.xml">remote procedure call</link>originated the they did not become widely used until networks became quite common</entry></reflist></p></sec><sec><st>see also</st><p><list><entry level="1" type="bullet"><link>chain email</link></entry><entry level="1" type="bullet"><link ns0:type="simple" ns0:href="../483/52483.xml">electronic mailing list</link></entry><entry level="1" type="bullet"><link ns0:type="simple" ns0:href="../770/12884770.xml">email alias</link></entry><entry level="1" type="bullet"><link ns0:type="simple" ns0:href="../478/43478.xml">email client</link></entry><entry level="1" type="bullet">reply all</entry><entry level="1" type="bullet"><link ns0:type="simple" ns0:href="../847/459847.xml">email spam</link></entry></list></p></sec><sec><st>external links</st><p><list><entry level="1" type="bullet"><weblink ns0:type="simple" ns0:href="http://www.feep.net/sendmail/tutorial/intro/forward.html">sendmail and the forward file</weblink></entry><entry level="1" type="bullet"><weblink ns0:type="simple" ns0:href="http://directory.google.com/Top/Computers/Internet/E-mail/Forwarding/">google email forwarding</weblink></entry><entry level="1" type="bullet"><weblink ns0:type="simple" ns0:href="http://video.about.com/email/GmailAliasForwarding-mov.htm">email alias and forwarding gmail</weblink></entry></list></p></sec></bdy></article>