<article xmlns:ns0="http://www.w3.org/1999/xlink"><ethnic_group confidence="0.8" wordnetid="107967382"><entity confidence="0.9511911446218017" wordnetid="100001740"><group confidence="0.8" wordnetid="100031264"><header><title>asian american history</title><id /><revision><id /><timestamp /><contributor><username>funpika</username><id /></contributor></revision><categories><category>immigration continent</category><category>asian americans</category><category>ethnic groups the united states</category></categories></header><bdy><p>asian american history the history ethnic and racial groups the<body wordnetid="107965085" confidence="0.8"><social_group wordnetid="107950920" confidence="0.8"><political_orientation wordnetid="106212839" confidence="0.8"><colony wordnetid="108374049" confidence="0.8"><state wordnetid="108168978" confidence="0.8"><political_unit wordnetid="108359949" confidence="0.8"><group wordnetid="100031264" confidence="0.8"><democracy wordnetid="106217103" confidence="0.8"><link ns0:type="simple" ns0:href="../750/3434750.xml">united states</link></democracy></group></political_unit></state></colony></political_orientation></social_group></body>who are immigrants descendants persons from the continent asia</p><sec><st>asian americans</st><p><indent level="1">main article<ethnic_group wordnetid="107967382" confidence="0.9508927676800064"><link ns0:type="simple" ns0:href="../898/148898.xml">asian american</link></ethnic_group></indent>asian american history the history individual ethnic groups and also the common history groups often affected the same laws and culture that often saw them one racial group since the late and many activists and academics referred asian american movement similar the civil rights movement refer efforts across different asian groups promote their common welfare</p><p>the latter century spurred the immigration act asians from many different groups immigrated larger numbers often arriving college students skilled workers with degrees their image success was portrayed with headlines the model minority</p></sec><sec><st>chronology</st><p><list><entry level="1" type="bullet"><link ns0:type="simple" ns0:href="../929/176929.xml">filipinos</link>established the small settlement<link ns0:type="simple" ns0:href="../794/196794.xml">saint malo</link>the bayous currentday louisiana after fleeing mistreatment aboard spanish ships since there were filipino women with them the<link ns0:type="simple" ns0:href="../009/2318009.xml">manilamen</link>they were known married cajun and native american women</entry></list></p><p><list><entry level="1" type="bullet">chinese sailors first came<symbol wordnetid="106806469" confidence="0.9508927676800064"><link ns0:type="simple" ns0:href="../270/13270.xml">hawaii</link></symbol>the same year that captain james cook came upon the island many settled and married hawaiian women</entry></list></p><p><list><entry level="1" type="bullet">chinese mostly merchants sailors and students begin immigrate after advent the sinous maritime trade</entry></list></p><p><list><entry level="1" type="bullet"><link ns0:type="simple" ns0:href="../801/15801.xml">june</link>captain whitfield commanding<region wordnetid="108630039" confidence="0.8"><location wordnetid="100027167" confidence="0.8"><link ns0:type="simple" ns0:href="../177/447177.xml">new england</link></location></region>sailing vessel rescues five shipwrecked japanese sailors four disembark<link ns0:type="simple" ns0:href="../887/13887.xml">honolulu</link>however<link ns0:type="simple" ns0:href="../353/316353.xml">manjiro nakahama</link>stays board returning with whitfield<link ns0:type="simple" ns0:href="../634/661634.xml">fairhaven</link><country wordnetid="108544813" confidence="0.9508927676800064"><link ns0:type="simple" ns0:href="../518/1645518.xml">massachusetts</link></country>after attending school new england and adopting the name john manjiro later became interpreter for commodore<link ns0:type="simple" ns0:href="../728/204728.xml">matthew perry</link></entry></list></p><p><list><entry level="1" type="bullet">seventeen survivors japanese shipwreck were saved the american freighter auckland the group was sent<country wordnetid="108544813" confidence="0.9508927676800064"><link ns0:type="simple" ns0:href="../068/19068.xml">macau</link></country>join commodore<person wordnetid="100007846" confidence="0.9508927676800064"><link ns0:type="simple" ns0:href="../728/204728.xml">matthew perry</link></person>gesture help open diplomatic relations with japan one them<physical_entity wordnetid="100001930" confidence="0.8"><citizen wordnetid="109923673" confidence="0.8"><communicator wordnetid="109610660" confidence="0.8"><person wordnetid="100007846" confidence="0.8"><national wordnetid="109625401" confidence="0.8"><causal_agent wordnetid="100007347" confidence="0.8"><writer wordnetid="110794014" confidence="0.8"><link ns0:type="simple" ns0:href="../809/1699809.xml">joseph heco</link></writer></causal_agent></national></person></communicator></citizen></physical_entity>hikozo hamada went become naturalized citizen</entry></list></p><p><list><entry level="1" type="bullet">the california supreme court case ruled that the testimony chinese man who witnessed murder white man was inadmissible<ref ns0:type="simple" ns0:href="#xpointer(//reflist/entry[@id=%221%22])" /></entry></list></p><p><list><entry level="1" type="bullet">the utopian minister thomas lake harris the<link>brotherhood the new life</link>visits<country wordnetid="108544813" confidence="0.9508927676800064"><link ns0:type="simple" ns0:href="../316/9316.xml">england</link></country>where meets<link>nagasawa kanaye</link>who becomes convert nagasawa returns the with harris and follows him<link>fountaingrove</link><link ns0:type="simple" ns0:href="../455/473455.xml">santa rosa</link><country wordnetid="108544813" confidence="0.9508927676800064"><link ns0:type="simple" ns0:href="../407/5407.xml">california</link></country>when harris leaves the californian<message wordnetid="106598915" confidence="0.8"><information wordnetid="106634376" confidence="0.8"><electronic_database wordnetid="106588511" confidence="0.8"><social_group wordnetid="107950920" confidence="0.8"><lexical_database wordnetid="106638868" confidence="0.8"><gathering wordnetid="107975026" confidence="0.8"><community wordnetid="108223802" confidence="0.8"><wordnet wordnetid="106639428" confidence="0.8"><group wordnetid="100031264" confidence="0.8"><database wordnetid="106637824" confidence="0.8"><link ns0:type="simple" ns0:href="../521/999521.xml">commune</link></database></group></wordnet></community></gathering></lexical_database></social_group></electronic_database></information></message>nagasawa became the leader and remained there until his death</entry></list></p><p><list><entry level="1" type="bullet">california passed police tax month every chinese</entry></list></p><p><list><entry level="1" type="bullet">the central pacific railroad recruited chinese workers for the transcontinental railroad when they could not find sufficient numbers irish workers many died the harsh conditions blasting through difficult mountain terrain</entry></list></p><p><list><entry level="1" type="bullet">group japanese people arrive gold hills california and build the<link>wakamatsu tea and silk colony</link>okei becomes the first recorded japanese woman die and buried the</entry></list></p><p><list><entry level="1" type="bullet">chinese are ruled ineligible for naturalized citizenship</entry></list></p><p><list><entry level="1" type="bullet">chinese exclusion act passed banning immigration from china</entry></list></p><p><list><entry level="1" type="bullet">the brutal day massacre chinese miners snake river oregon which was not discovered until</entry></list></p><p><list><entry level="1" type="bullet">first wave japanese immigrants provide labor hawai xbbi sugarcane and pineapple plantations california fruit and produce farms</entry></list></p><p><list><entry level="1" type="bullet">the<link ns0:type="simple" ns0:href="../728/49728.xml">san francisco</link>education board attempts introduce segregation but withdraws following protests the japanese government</entry></list></p><p><list><entry level="1" type="bullet"><poet wordnetid="110444194" confidence="0.9173553029164789"><literary_critic wordnetid="110266016" confidence="0.9173553029164789"><writer wordnetid="110794014" confidence="0.9508927676800064"><essayist wordnetid="110064405" confidence="0.9173553029164789"><link ns0:type="simple" ns0:href="../330/3416330.xml">yone noguchi</link></essayist></writer></literary_critic></poet>publishes the the american diary japanese girl</entry></list></p><p><list><entry level="1" type="bullet"><link ns0:type="simple" ns0:href="../858/1310858.xml">ahn chang</link>pen name dosan founded the friendship society and the mutual assistant society</entry></list></p><p><list><entry level="1" type="bullet"><link ns0:type="simple" ns0:href="../543/98543.xml">seungman rhee</link>comes the united states and earns bachelors george washington university and phd from princeton university returned korea and became political activist during japanese occupation korea later became the first president south korea</entry></list></p><p><list><entry level="1" type="bullet"><statement wordnetid="106722453" confidence="0.8"><message wordnetid="106598915" confidence="0.8"><document wordnetid="106470073" confidence="0.8"><legal_document wordnetid="106479665" confidence="0.8"><treaty wordnetid="106773434" confidence="0.8"><agreement wordnetid="106770275" confidence="0.8"><written_communication wordnetid="106349220" confidence="0.8"><writing wordnetid="106362953" confidence="0.8"><written_agreement wordnetid="106771653" confidence="0.8"><link ns0:type="simple" ns0:href="../723/251723.xml">gentlemens agreement</link></written_agreement></writing></written_communication></agreement></treaty></legal_document></document></message></statement>between united states and japan that japan would stop issuing passports for new laborers</entry></list></p><p><list><entry level="1" type="bullet">angel island opens major immigration station for many chinese and japanese immigrants between and</entry></list></p><p><list><entry level="1" type="bullet"><link ns0:type="simple" ns0:href="../793/2177793.xml">california alien land law</link>ban japanese from purchasing land whites threatened japanese success independent farming ventures</entry></list></p><p><list><entry level="1" type="bullet"><physical_entity wordnetid="100001930" confidence="0.8"><citizen wordnetid="109923673" confidence="0.8"><communicator wordnetid="109610660" confidence="0.8"><person wordnetid="100007846" confidence="0.8"><national wordnetid="109625401" confidence="0.8"><causal_agent wordnetid="100007347" confidence="0.8"><writer wordnetid="110794014" confidence="0.8"><link ns0:type="simple" ns0:href="../741/2177741.xml">bhagat singh thind</link></writer></causal_agent></national></person></communicator></citizen></physical_entity>first asian recruited army</entry></list></p><p><list><entry level="1" type="bullet">united states<link ns0:type="simple" ns0:href="../359/827359.xml">immigration act</link>oriental exclusion act banned most immigration from asia</entry></list></p><p><list><entry level="1" type="bullet">antifilipino riot occurred watsonville california</entry></list></p><p><list><entry level="1" type="bullet">filipinos are ruled ineligible for citizenship barring immigration</entry></list></p><p><list><entry level="1" type="bullet"><link ns0:type="simple" ns0:href="../811/55811.xml">tydingsmcduffie</link>act gives commonwealth status the philippines hence allowing immigration filipinos</entry></list></p><p><list><entry level="1" type="bullet"><conflict wordnetid="100958896" confidence="0.9508927676800064"><link ns0:type="simple" ns0:href="../098/60098.xml">japan air force attacked honolulu</link></conflict>federal government arrest japanese community leaders</entry></list></p><p><list><entry level="1" type="bullet">president<link ns0:type="simple" ns0:href="../979/10979.xml">franklin roosevelt</link>signs<order wordnetid="107168623" confidence="0.8"><event wordnetid="100029378" confidence="0.8"><command wordnetid="107168131" confidence="0.8"><act wordnetid="100030358" confidence="0.8"><psychological_feature wordnetid="100023100" confidence="0.8"><speech_act wordnetid="107160883" confidence="0.8"><link ns0:type="simple" ns0:href="../778/9778.xml">executive order</link></speech_act></psychological_feature></act></command></event></order>february uprooting asian americans japanese descent the west coast sent<link ns0:type="simple" ns0:href="../537/191537.xml">internment camps</link></entry></list></p><p><list><entry level="1" type="bullet">japanese soldiers from hawai xbbi join the army<link ns0:type="simple" ns0:href="../991/1974991.xml">battalion</link>arrive<link ns0:type="simple" ns0:href="../239/9239.xml">europe</link></entry></list></p><p><list><entry level="1" type="bullet">army battalion merges with the allvolunteer asian americans japanese descent<link ns0:type="simple" ns0:href="../110/1446110.xml">regimental combat team</link></entry></list></p><p><list><entry level="1" type="bullet">regimental combat team awarded decorations including purple heart decorations becoming the highest decorated military unit united states history</entry></list></p><p><list><entry level="1" type="bullet"><congressman wordnetid="109955781" confidence="0.9508927676800064"><link ns0:type="simple" ns0:href="../305/2579305.xml">dalip singh saund</link></congressman>first asian elected for congress</entry></list></p><p><list><entry level="1" type="bullet">daniel inouye elected for the senate</entry></list></p><p><list><entry level="1" type="bullet"><link ns0:type="simple" ns0:href="../550/712550.xml">patsy mink</link>becomes the first woman color congress</entry></list></p><p><list><entry level="1" type="bullet"><link ns0:type="simple" ns0:href="../810/152810.xml">norman mineta</link>elected mayor<village wordnetid="108672738" confidence="0.9508927676800064"><link ns0:type="simple" ns0:href="../446/53446.xml">san jose california</link></village>becomes first asian american mayor major city<skilled_worker wordnetid="110605985" confidence="0.8"><expert wordnetid="109617867" confidence="0.8"><physical_entity wordnetid="100001930" confidence="0.8"><adjudicator wordnetid="109769636" confidence="0.8"><jurist wordnetid="110227985" confidence="0.8"><person wordnetid="100007846" confidence="0.8"><intellectual wordnetid="109621545" confidence="0.8"><adult wordnetid="109605289" confidence="0.8"><professional wordnetid="110480253" confidence="0.8"><judge wordnetid="110225219" confidence="0.8"><worker wordnetid="109632518" confidence="0.8"><alumnus wordnetid="109786338" confidence="0.8"><official wordnetid="110372373" confidence="0.8"><causal_agent wordnetid="100007347" confidence="0.8"><lawyer wordnetid="110249950" confidence="0.8"><scholar wordnetid="110557854" confidence="0.8"><link ns0:type="simple" ns0:href="../297/1561297.xml">herbert choy</link></scholar></lawyer></causal_agent></official></alumnus></worker></judge></professional></adult></intellectual></person></jurist></adjudicator></physical_entity></expert></skilled_worker>nominated supreme court justice</entry></list></p><p><list><entry level="1" type="bullet"><link ns0:type="simple" ns0:href="../272/425272.xml">george ariyoshi</link>elected governor the state hawai xbbi</entry></list></p><p><list><entry level="1" type="bullet"><link ns0:type="simple" ns0:href="../844/416844.xml">samuel ichiye hayakawa</link>california and<senator wordnetid="110578471" confidence="0.9508927676800064"><link ns0:type="simple" ns0:href="../406/542406.xml">spark matsunaga</link></senator>hawai xbbi elected senators</entry></list></p><p><list><entry level="1" type="bullet"><link ns0:type="simple" ns0:href="../328/178328.xml">ellison onizuka</link>becomes the first asian american astronaut</entry></list></p><p><list><entry level="1" type="bullet">congress creates commission wartime relocation and internment civilians investigate<military_action wordnetid="100952963" confidence="0.8"><group_action wordnetid="101080366" confidence="0.8"><event wordnetid="100029378" confidence="0.8"><conflict wordnetid="100958896" confidence="0.8"><act wordnetid="100030358" confidence="0.8"><psychological_feature wordnetid="100023100" confidence="0.8"><war wordnetid="100973077" confidence="0.8"><link ns0:type="simple" ns0:href="../927/32927.xml">world war</link></war></psychological_feature></act></conflict></event></group_action></military_action>unjust policies against japanese americans</entry></list></p><p><list><entry level="1" type="bullet"><person wordnetid="100007846" confidence="0.9508927676800064"><draftsman wordnetid="110029269" confidence="0.9173553029164789"><link ns0:type="simple" ns0:href="../059/271059.xml">vincent chin</link></draftsman></person>accused being japanese who were blamed for the loss manufacturing jobs the united states and subsequently beaten death</entry></list></p><p><list><entry level="1" type="bullet">commission reports japanese american internment was not national security necessity</entry></list></p><p><list><entry level="1" type="bullet">president<president wordnetid="110468559" confidence="0.9508927676800064"><person wordnetid="100007846" confidence="0.9508927676800064"><actor wordnetid="109765278" confidence="0.9173553029164789"><link ns0:type="simple" ns0:href="../433/25433.xml">ronald reagan</link></actor></person></president>signs civil liberties act apologizing for japanese american internment and provide reparations each victim</entry></list></p><p><list><entry level="1" type="bullet"><citizen wordnetid="109923673" confidence="0.8"><physical_entity wordnetid="100001930" confidence="0.8"><priest wordnetid="110470779" confidence="0.8"><person wordnetid="100007846" confidence="0.8"><bishop wordnetid="109857200" confidence="0.8"><immigrant wordnetid="110199489" confidence="0.8"><national wordnetid="109625401" confidence="0.8"><migrant wordnetid="110314952" confidence="0.8"><traveler wordnetid="109629752" confidence="0.8"><convert wordnetid="109962414" confidence="0.8"><linguist wordnetid="110264219" confidence="0.8"><communicator wordnetid="109610660" confidence="0.8"><clergyman wordnetid="109927451" confidence="0.8"><translator wordnetid="110725280" confidence="0.8"><poet wordnetid="110444194" confidence="0.8"><leader wordnetid="109623038" confidence="0.8"><spiritual_leader wordnetid="109505153" confidence="0.8"><causal_agent wordnetid="100007347" confidence="0.8"><writer wordnetid="110794014" confidence="0.8"><link ns0:type="simple" ns0:href="../280/4526280.xml">hae jong kim</link></writer></causal_agent></spiritual_leader></leader></poet></translator></clergyman></communicator></linguist></convert></traveler></migrant></national></immigrant></bishop></person></priest></physical_entity></citizen>elected bishop<denomination wordnetid="108146782" confidence="0.9508927676800064"><link ns0:type="simple" ns0:href="../304/32304.xml">united methodist church</link></denomination><physical_entity wordnetid="100001930" confidence="0.8"><politician wordnetid="110451263" confidence="0.8"><person wordnetid="100007846" confidence="0.8"><leader wordnetid="109623038" confidence="0.8"><intellectual wordnetid="109621545" confidence="0.8"><alumnus wordnetid="109786338" confidence="0.8"><causal_agent wordnetid="100007347" confidence="0.8"><senator wordnetid="110578471" confidence="0.8"><lawgiver wordnetid="110249270" confidence="0.8"><adoptee wordnetid="109772330" confidence="0.8"><scholar wordnetid="110557854" confidence="0.8"><legislator wordnetid="110253995" confidence="0.8"><link ns0:type="simple" ns0:href="../118/3331118.xml">paull shin</link></legislator></scholar></adoptee></lawgiver></senator></causal_agent></alumnus></intellectual></leader></person></politician></physical_entity>elected for washington state senate<link ns0:type="simple" ns0:href="../191/1553191.xml">riots</link>april</entry></list></p><p><list><entry level="1" type="bullet"><link ns0:type="simple" ns0:href="../545/715545.xml">mazie hirono</link>elected state lieutenant governor</entry></list></p><p><list><entry level="1" type="bullet">gen<link ns0:type="simple" ns0:href="../451/274451.xml">eric shinseki</link>becomes the first asian american military chief staff</entry></list></p><p><list><entry level="1" type="bullet"><link ns0:type="simple" ns0:href="../810/152810.xml">norman mineta</link>becomes the first asian american appointed the cabinet worked commerce secretary transportation secretary</entry></list></p></sec><sec><st>assessment</st><p>many ways asian american identity emerging consciousness which will take time and much dialogue does not help that ethnic classification government sanctioned public forms systematically separate asianamericans into their ethnic origins chinese japanese korean vietnamese southeast asian etc one would wonder what the public response would the forms equally included german irish english french etc for those european descent ghanan kenyan sudanese etc for those african descent there have been significant requests supporters the asianamerican movement legitimize asianamerican bonafide subcategory much like other minorities africanamerican hispaniclatinamerican and nativeamerican</p><p>not easy pinpoint why asianamericans various ethnic descent insist being identified with their native countries the cause such ethnicconservatism may coming from the first generation asian immigrants who are unknowingly preventing cultural solidarity for later generations importing stories ethnic controversies put more harshly perpetuating ethnic hatred which are inherently antagonistic the project building asianamerican cultural identity they not realize that their later generations would prefer see themselves asianamericans rather than identify with their native countries for various reasons political psychological sociological etc asianamericans have their own stories conflicts and resolutions which are completely different from the set stories told their native countries and the first generation immigrants asian descent must recognize this reality they want their later generations contribute society free american citizens another barrier asianamerican consciousness may from linguistic pointofview natural barrier which will take time later generations become primarily englishspeaking community</p><p>the development asianamerican consciousness inevitable process resulting from shared experiences the excluded yellow people north america the<link ns0:type="simple" ns0:href="../668/55668.xml">chinese exclusion act</link>the watsonville riot the<link ns0:type="simple" ns0:href="../005/1225005.xml">japanese american internment</link>the<person wordnetid="100007846" confidence="0.9508927676800064"><draftsman wordnetid="110029269" confidence="0.9173553029164789"><link ns0:type="simple" ns0:href="../059/271059.xml">vincent chin</link></draftsman></person>incident the<link ns0:type="simple" ns0:href="../191/1553191.xml">riots</link>well the<link ns0:type="simple" ns0:href="../045/10719045.xml">virginia tech massacre</link>are all tragedies the asianamerican various ethnic origins share their continuing struggle for equality freedom and pursuit happiness there growing asian american presence the media music literature movies politics theology sociology etc which seems many ways similar the<politics wordnetid="113840719" confidence="0.8"><social_relation wordnetid="100032823" confidence="0.8"><link ns0:type="simple" ns0:href="../576/19599576.xml">black power</link></social_relation></politics>movement which occurred during and after the<link ns0:type="simple" ns0:href="../758/361758.xml">civil rights movement</link></p></sec><sec><st>see also</st><p><list><entry level="1" type="bullet"><link ns0:type="simple" ns0:href="../781/2649781.xml">asian american immigration history</link></entry><entry level="1" type="bullet"><link ns0:type="simple" ns0:href="../898/148898.xml">asian americans</link></entry><entry level="1" type="bullet"><link ns0:type="simple" ns0:href="../999/48999.xml">chinese americans</link></entry><entry level="1" type="bullet"><link ns0:type="simple" ns0:href="../504/19477504.xml">japanese americans</link></entry><entry level="1" type="bullet"><link ns0:type="simple" ns0:href="../579/234579.xml">korean americans</link></entry></list></p><p><table style=";" class="navbox" cellspacing="0"><row><col style="padding:2px;"><table style="width:100%;background:transparent;color:inherit;;" class="nowraplinks collapsible autocollapse " cellspacing="0"><row><header colspan="3" style=";" class="navbox-title"><ethnic_group wordnetid="107967382" confidence="0.9508927676800064"><link ns0:type="simple" ns0:href="../898/148898.xml">asian american</link></ethnic_group></header></row><row style="height:2px;" /><row><col style=";;" class="navbox-group"><region wordnetid="108630039" confidence="0.8"><location wordnetid="100027167" confidence="0.8"><link ns0:type="simple" ns0:href="../700/19605700.xml">east asia</link></location></region></col><col style="text-align:left;border-left:2px solid #fdfdfd;width:100%;padding:0px;;;" class="navbox-list navbox-odd"><ethnic_group wordnetid="107967382" confidence="0.9508927676800064"><link ns0:type="simple" ns0:href="../999/48999.xml">chinese</link></ethnic_group><ethnic_group wordnetid="107967382" confidence="0.9508927676800064"><link ns0:type="simple" ns0:href="../504/19477504.xml">japanese</link></ethnic_group><ethnic_group wordnetid="107967382" confidence="0.9508927676800064"><link ns0:type="simple" ns0:href="../579/234579.xml">korean</link></ethnic_group><link ns0:type="simple" ns0:href="../715/5386715.xml">mongolian</link><ethnic_group wordnetid="107967382" confidence="0.9508927676800064"><link ns0:type="simple" ns0:href="../521/265521.xml">taiwanese</link></ethnic_group></col><col style="width:0%;padding:0px 0px 0px 2px;" rowspan="9"><image width="95px" src="Flag_of_the_United_States.svg"><caption>flag the united states</caption></image></col></row><row style="height:2px" /><row><col style=";;" class="navbox-group"><region wordnetid="108630039" confidence="0.8"><location wordnetid="100027167" confidence="0.8"><link ns0:type="simple" ns0:href="../827/26827.xml">south asia</link></location></region></col><col style="text-align:left;border-left:2px solid #fdfdfd;width:100%;padding:0px;;;" class="navbox-list navbox-even"><ethnic_group wordnetid="107967382" confidence="0.9508927676800064"><link ns0:type="simple" ns0:href="../948/2988948.xml">bangladeshi</link></ethnic_group><ethnic_group wordnetid="107967382" confidence="0.9508927676800064"><link ns0:type="simple" ns0:href="../843/18963843.xml">indian</link></ethnic_group><ethnic_group wordnetid="107967382" confidence="0.8"><group wordnetid="100031264" confidence="0.8"><link ns0:type="simple" ns0:href="../393/2590393.xml">indocaribbean</link></group></ethnic_group>nepalese americansnepalese<ethnic_group wordnetid="107967382" confidence="0.9508927676800064"><link ns0:type="simple" ns0:href="../626/1892626.xml">pakistani</link></ethnic_group><ethnic_group wordnetid="107967382" confidence="0.8"><group wordnetid="100031264" confidence="0.8"><link ns0:type="simple" ns0:href="../941/5223941.xml">sri lankan</link></group></ethnic_group><ethnic_group wordnetid="107967382" confidence="0.9508927676800064"><link ns0:type="simple" ns0:href="../892/3345892.xml">tibetan</link></ethnic_group></col></row><row style="height:2px" /><row><col style=";;" class="navbox-group"><region wordnetid="108630039" confidence="0.8"><location wordnetid="100027167" confidence="0.8"><link ns0:type="simple" ns0:href="../741/28741.xml">southeast asia</link></location></region></col><col style="text-align:left;border-left:2px solid #fdfdfd;width:100%;padding:0px;;;" class="navbox-list navbox-odd"><ethnic_group wordnetid="107967382" confidence="0.9508927676800064"><link ns0:type="simple" ns0:href="../180/2470180.xml">burmese</link></ethnic_group><ethnic_group wordnetid="107967382" confidence="0.9508927676800064"><link ns0:type="simple" ns0:href="../336/1364336.xml">cambodian</link></ethnic_group><ethnic_group wordnetid="107967382" confidence="0.9508927676800064"><link ns0:type="simple" ns0:href="../654/679654.xml">filipino</link></ethnic_group><ethnic_group wordnetid="107967382" confidence="0.9508927676800064"><link ns0:type="simple" ns0:href="../386/2316386.xml">hmong</link></ethnic_group><ethnic_group wordnetid="107967382" confidence="0.9508927676800064"><link ns0:type="simple" ns0:href="../908/5223908.xml">indonesian</link></ethnic_group><ethnic_group wordnetid="107967382" confidence="0.9508927676800064"><link ns0:type="simple" ns0:href="../246/365246.xml">laotian</link></ethnic_group><ethnic_group wordnetid="107967382" confidence="0.9508927676800064"><link ns0:type="simple" ns0:href="../204/5224204.xml">malaysian</link></ethnic_group><ethnic_group wordnetid="107967382" confidence="0.8"><group wordnetid="100031264" confidence="0.8"><link ns0:type="simple" ns0:href="../868/1947868.xml">mien</link></group></ethnic_group><ethnic_group wordnetid="107967382" confidence="0.9508927676800064"><link ns0:type="simple" ns0:href="../748/884748.xml">thai</link></ethnic_group><ethnic_group wordnetid="107967382" confidence="0.9508927676800064"><link ns0:type="simple" ns0:href="../736/316736.xml">vietnamese</link></ethnic_group></col></row><row style="height:2px" /><row><col style=";;" class="navbox-group">other</col><col style="text-align:left;border-left:2px solid #fdfdfd;width:100%;padding:0px;;;" class="navbox-list navbox-even"><ethnic_group wordnetid="107967382" confidence="0.9508927676800064"><link ns0:type="simple" ns0:href="../941/1185941.xml">afroasian</link></ethnic_group><ethnic_group wordnetid="107967382" confidence="0.8"><group wordnetid="100031264" confidence="0.8"><link ns0:type="simple" ns0:href="../345/259345.xml">amerasian</link></group></ethnic_group><link ns0:type="simple" ns0:href="../634/18472634.xml">asian hispanic and latino americans</link></col></row><row style="height:2px" /><row><col colspan="2" style="width:100%;padding:0px;;;" class="navbox-list navbox-odd">the census bureau considers<country wordnetid="108544813" confidence="0.9508927676800064"><link ns0:type="simple" ns0:href="../737/737.xml">afghanistan</link></country>south asian country but does not classify<link ns0:type="simple" ns0:href="../781/12289781.xml">afghan american</link>asian otherwise considered<region wordnetid="108630985" confidence="0.8"><region wordnetid="108630039" confidence="0.8"><location wordnetid="100027167" confidence="0.8"><hot_spot wordnetid="108586330" confidence="0.8"><geographical_area wordnetid="108574314" confidence="0.8"><link ns0:type="simple" ns0:href="../742/6742.xml">central asia</link></geographical_area></hot_spot></location></region></region></col></row></table></col></row></table></p></sec><sec><st>references</st><p><reflist><entry id="1"><weblink ns0:type="simple" ns0:href="http://www.tenement.org/banana/history.html">banana chinese american experience</weblink>retrieved<link /></entry></reflist></p></sec></bdy></group></entity></ethnic_group></article>