<article xmlns:ns0="http://www.w3.org/1999/xlink"><header><title>downhole safety valve</title><id /><revision><id /><timestamp /><contributor><username>nicolaiplum</username><id /></contributor></revision><categories><category>oil wells</category></categories></header><bdy>downhole safety valve refers component<link>oil and gas well</link>which acts<link ns0:type="simple" ns0:href="../136/41136.xml">failsafe</link>prevent the uncontrolled release<link>reservoir</link>fluids the event worst case scenario surface disaster almost always installed vital component the<link ns0:type="simple" ns0:href="../184/13892184.xml">completion</link><sec><st>operation</st><p>these valves are commonly unidirectional flapper valves which open downwards such that the flow<link>wellbore fluids</link>try push shut while pressure from surface pushes open this means that when closed will isolate the reservoir fluids from surface</p><p>most downhole safety valves are controlled hydraulically from surface meaning they are opened using hydraulic connection linked directly well control panel when hydraulic pressure applied down control line the hydraulic pressure forces sleeve within the valve slide downwards this movement compresses large spring and pushes the flapper downwards open the valve when hydraulic pressure removed the spring pushes the sleeve back and causes the flapper shut this way failsafe and will isolate the wellbore the event loss the<link ns0:type="simple" ns0:href="../823/3187823.xml">wellhead</link>the full designation for typical valve tubing retrievable surface controlled subsurface safety valve abbreviated trscssv</p></sec><sec><st>positioning</st><p>the location the downhole safety valve within the<link>completion</link>precisely determined parameter intended optimise safety there are arguments against either being too high too low the<link>well</link>and the final depth compromise all factors</p><ss1><st>reasons keep high</st><p>the further down the<link>well</link>the dhsv located the greater the potential inventory<link ns0:type="simple" ns0:href="../257/13257.xml">hydrocarbon</link>above when closed this means that the event loss containment surface there more fluid spilled causing environmental damage the worst case more fuel for fire therefore placing the valve higher limits this hazard</p><p>another reason relates the hydraulic control line hydraulic pressure required keep the valve open part the<link ns0:type="simple" ns0:href="../136/41136.xml">failsafe</link>design however the valve too far down the<link>well</link>then the portion the control line below the surface larger too large then the weight the hydraulic fluid alone may apply sufficient pressure keep the valve open even with the loss surface pressurisation</p></ss1><ss1><st>reasons keep low</st><p>part the role the dhsv isolate the surface from wellbore fluids necessary for the valve positioned away from the well where could potentially come harm this implies that must placed subsurface all circumstances offshore wells not above the seabed there also the risk cratering the event catastrophic loss the topside facility the valve specifically placed below the maximum depth where cratering expected risk</p></ss1></sec><sec><st>deploying and retrieving</st><p>most downhole safety valves installed part the<link>completion</link>design are classed tubing retrievable this means that they are installed component the completion string and run during completion retrieving the valve should malfunction requires<link ns0:type="simple" ns0:href="../713/10867713.xml">workover</link>the full name for this most common type downhole safety valve tubing retrievable surface controlled subsurface valve shortened completion diagrams trscssv</p><p>tubing retrievable valve fails rather than the expense workover wireline retrievable valve may used instead this type valve can fit inside the<link ns0:type="simple" ns0:href="../603/3181603.xml">production tubing</link>and deployed<link ns0:type="simple" ns0:href="../882/307882.xml">wireline</link>after the old valve has been straddled open</p></sec><sec><st>legal requirement</st><p>the importance dhsvs undisputed graphic images<link ns0:type="simple" ns0:href="../570/198570.xml">oil well</link><country wordnetid="108544813" confidence="0.9508927676800064"><link ns0:type="simple" ns0:href="../890/7515890.xml">kuwait</link></country>fire after the<link ns0:type="simple" ns0:href="../000/182000.xml">first gulf war</link>after their<link ns0:type="simple" ns0:href="../823/3187823.xml">wellhead</link>were removed demonstrate the perils not using the components the time they were deemed unnecessary because they were onshore wells however not direct legal requirement many places the<autocracy wordnetid="108361001" confidence="0.8"><system wordnetid="108435388" confidence="0.8"><social_group wordnetid="107950920" confidence="0.8"><political_orientation wordnetid="106212839" confidence="0.8"><monarchy wordnetid="108363812" confidence="0.8"><state wordnetid="108168978" confidence="0.8"><political_unit wordnetid="108359949" confidence="0.8"><political_system wordnetid="108367880" confidence="0.8"><economy wordnetid="108366753" confidence="0.8"><group wordnetid="100031264" confidence="0.8"><democracy wordnetid="106217103" confidence="0.8"><link ns0:type="simple" ns0:href="../717/31717.xml">united kingdom</link></democracy></group></economy></political_system></political_unit></state></monarchy></political_orientation></social_group></system></autocracy>law mandates the use dhsvs however the<link ns0:type="simple" ns0:href="../830/4389830.xml">health safety work act</link>requires that measures are taken ensure that the uncontrolled release wellbore fluids prevented even the worst case the brilliance the act that does not issue prescriptive guideline for how achieve the goal health and safety but merely sets out the requirement that the goal achieved the<link ns0:type="simple" ns0:href="../887/994887.xml">oil companies</link>decide how achieve and dhsvs are important component that decision such although not legal requirement company policy for many operators the<link ns0:type="simple" ns0:href="../265/11168265.xml">ukcs</link></p></sec><sec><st>issues</st><p>while the dhsv isolates the<link ns0:type="simple" ns0:href="../603/3181603.xml">production tubing</link>loss integrity could allow wellbore fluid bypass the valve and escape surface through the<link>annulus</link>for<link>well</link>using<link ns0:type="simple" ns0:href="../282/980282.xml">gas lift</link>often requirement install safety valve the<link>annulus</link>the well ensure that the surface protected from loss annulus containment however these valves are not common and they are not necessarily installed the same position the well meaning possible that fluids could snake their way around the valves surface</p></sec><sec><st>see also</st><p><list><entry level="1" type="bullet"><link>completion</link></entry><entry level="1" type="bullet"><link ns0:type="simple" ns0:href="../570/198570.xml">oil well</link></entry></list></p></sec></bdy></article>