<article xmlns:ns0="http://www.w3.org/1999/xlink"><header><title>pomade</title><id /><revision><id /><timestamp /><contributor><username>rees</username><id /></contributor></revision><categories><category>hairdressing</category></categories></header><bdy><image location="right" width="150px" src="Murray'sPomade.jpg" type="thumb"><caption>tin murrays pomade</caption></image>pomade also called pomatum greasy waxy substance that used style<link ns0:type="simple" ns0:href="../313/14313.xml">hair</link>pomade makes hair look slick and shiny unlike<link ns0:type="simple" ns0:href="../749/1779749.xml">hair spray</link>and<link ns0:type="simple" ns0:href="../000/908000.xml">hair gel</link>pomade does not dry and often takes several washes remove special<link ns0:type="simple" ns0:href="../002/18842002.xml">shampoo</link>though may used other degreasers include<link ns0:type="simple" ns0:href="../478/22478.xml">olive oil</link>dish washing liquid<ref ns0:type="simple" ns0:href="#xpointer(//reflist/entry[@id=%221%22])" />and<link ns0:type="simple" ns0:href="../288/214288.xml">lemon juice</link>most pomades contain<link ns0:type="simple" ns0:href="../860/271860.xml">petroleum jelly</link>and fact<link ns0:type="simple" ns0:href="../860/271860.xml">petroleum jelly</link>can used alone pomade and<link ns0:type="simple" ns0:href="../419/212419.xml">mineral oil</link>and many also contain some sort<link ns0:type="simple" ns0:href="../256/58256.xml">wax</link>they may also contain<link ns0:type="simple" ns0:href="../581/98581.xml">perfume</link>and<link ns0:type="simple" ns0:href="../075/439075.xml">coloring agents</link>plethora pomades are still production today and vary factors such weight shine and scent the stiffest will have higher proportion<link ns0:type="simple" ns0:href="../536/43536.xml">beeswax</link>while the lightest may have higher proportion oils<sec><st>origin the name</st><p>the word pomade has origins several languages from french pommade meaning ointment from italian pomata from pomo meaning<link ns0:type="simple" ns0:href="../754/18978754.xml">apple</link>and from latin pomum meaning fruit apple because the original ointment recipe contained mashed apples<ref ns0:type="simple" ns0:href="#xpointer(//reflist/entry[@id=%222%22])" />modern pomades may contain fragrances but they are not often particularly fruity</p></sec><sec><st>history</st><p>the early century bear fat was common pomade ingredient<ref ns0:type="simple" ns0:href="#xpointer(//reflist/entry[@id=%223%22])" />but the early century<link ns0:type="simple" ns0:href="../536/43536.xml">beeswax</link>and<link ns0:type="simple" ns0:href="../997/18621997.xml">lard</link>were more commonly used<ref ns0:type="simple" ns0:href="#xpointer(//reflist/entry[@id=%224%22])" /></p><p>pomades were once much more popular than they are today they are associated with the slick mens<link ns0:type="simple" ns0:href="../401/52401.xml">hairstyle</link>the early middle century more modern hairstyles involving the use pomade include the<link ns0:type="simple" ns0:href="../277/932277.xml">ducks ass</link><link ns0:type="simple" ns0:href="../327/12744327.xml">pompadour</link>and<link ns0:type="simple" ns0:href="../009/471009.xml">quiff</link></p><p>early example pomade murrays superior pomade originating the<ref ns0:type="simple" ns0:href="#xpointer(//reflist/entry[@id=%225%22])" />dixie peach hair pomade was popular pomade the usa from<link ns0:type="simple" ns0:href="../927/32927.xml">wwii</link>through the with teenage boys the late pomade grew from tradition general consumer product meaning any sort solid hairstyling product including waxes glues clays and variety substances marketed under the original term</p></sec><sec><st>see also</st><p><list><entry level="1" type="bullet"><link ns0:type="simple" ns0:href="../879/12580879.xml">brilliantine</link></entry><entry level="1" type="bullet"><name wordnetid="106333653" confidence="0.8"><trade_name wordnetid="106845599" confidence="0.8"><part wordnetid="113809207" confidence="0.8"><language_unit wordnetid="106284225" confidence="0.8"><link ns0:type="simple" ns0:href="../358/384358.xml">brylcreem</link></language_unit></part></trade_name></name></entry><entry level="1" type="bullet"><link ns0:type="simple" ns0:href="../482/596482.xml">hair wax</link></entry><entry level="1" type="bullet"><link ns0:type="simple" ns0:href="../637/975637.xml">moustache wax</link></entry></list></p></sec><sec><st>references</st><p><reflist><entry id="1" /><entry id="2"><weblink ns0:type="simple" ns0:href="http://www.etymonline.com/index.php?search=pomade searchmode=none">online etymology dictionary</weblink></entry><entry id="3"><cite style="font-style:normal" class="book">crellin home medicine mcgillqueens press</cite></entry><entry id="4"><cite style="font-style:normal" class="book">thomas william cowan wax craft all about beeswax its history production adulteration and commercial value low marston ltd</cite></entry><entry id="5" /></reflist></p></sec><sec><st>external links</st><p><list><entry level="1" type="bullet"><weblink ns0:type="simple" ns0:href="http://www.skincarephysicians.com/acnenet/pomadeacne.html">pomade acne</weblink></entry></list></p></sec></bdy></article>