<article xmlns:ns0="http://www.w3.org/1999/xlink"><header><title>lennoaceae</title><id /><revision><id /><timestamp /><contributor><username>ptbotgourou</username><id /></contributor></revision><categories><category>plant families</category><category>flora colombia</category><category>flora north america</category><category>parasitic plants</category></categories></header><bdy><table style="text-align:center; padding:2.5px; width:200px;" class="infobox biota"><row style="text-align:center;"><header style="background:#90EE90;">lennoaceae</header></row><row style="text-align:center;" /><row style="background:#90EE90;" /><row style="text-align:center;"><header style="background:#90EE90;"><link ns0:type="simple" ns0:href="../581/53581.xml">scientific classification</link></header></row><row style="text-align:center;"><col><table style="margin:0 auto; text-align:left; background:transparent;" cellpadding="2"><row valign="top" /><row valign="top" /><row valign="top" /><row valign="top" /><row valign="top" /><row valign="top"><col>kingdom</col><col><link ns0:type="simple" ns0:href="../208/23208.xml">plant</link></col></row><row valign="top" /><row valign="top" /><row valign="top" /><row valign="top" /><row valign="top"><col>division</col><col><link ns0:type="simple" ns0:href="../967/18967.xml">magnoliophyta</link></col></row><row valign="top" /><row valign="top" /><row valign="top" /><row valign="top" /><row valign="top" /><row valign="top" /><row valign="top" /><row valign="top" /><row valign="top" /><row valign="top"><col>class</col><col><link ns0:type="simple" ns0:href="../111/67111.xml">magnoliopsida</link></col></row><row valign="top" /><row valign="top" /><row valign="top" /><row valign="top" /><row valign="top" /><row valign="top"><col>order</col><col>unassigned</col></row><row valign="top" /><row valign="top" /><row valign="top" /><row valign="top" /><row valign="top" /><row valign="top" /><row valign="top" /><row valign="top" /><row valign="top"><col>family</col><col>lennoaceae<country wordnetid="108544813" confidence="0.9508927676800064"><link ns0:type="simple" ns0:href="../641/1885641.xml">solmslaubach</link></country></col></row><row valign="top" /><row valign="top" /><row valign="top" /><row valign="top" /><row valign="top" /><row valign="top" /><row valign="top" /><row valign="top" /><row valign="top" /><row valign="top" /><row valign="top" /><row valign="top" /><row valign="top" /><row valign="top" /><row valign="top" /><row valign="top" /><row valign="top" /></table></col></row><row style="background:#90EE90;" /><row style="background:#90EE90;" /><row style="background:#90EE90;" /><row style="background:#90EE90;" /><row style="background:#90EE90;" /><row style="text-align:center;" /><row style="text-align:center;" /><row style="text-align:center;" /><row style="text-align:center;" /><row style="text-align:center;" /><row style="text-align:center;" /><row style="text-align:center;" /><row style="text-align:center;" /><row style="text-align:center;" /><row style="text-align:center;" /><row style="background:#90EE90;"><header>genera</header></row><row><col style="padding:0 .5em; text-align:left;"><link>ammobroma</link><link>lennoa</link><link ns0:type="simple" ns0:href="../201/276201.xml">pholisma</link></col></row></table><p>lennoaceae<link ns0:type="simple" ns0:href="../276/56276.xml">family</link><link ns0:type="simple" ns0:href="../056/5806056.xml">parasitic</link><link ns0:type="simple" ns0:href="../967/18967.xml">flowering plant</link>southwestern<system wordnetid="108435388" confidence="0.8"><economy wordnetid="108366753" confidence="0.8"><group wordnetid="100031264" confidence="0.8"><link ns0:type="simple" ns0:href="../139/21139.xml">north america</link></group></economy></system>and northwestern<system wordnetid="108435388" confidence="0.8"><economy wordnetid="108366753" confidence="0.8"><group wordnetid="100031264" confidence="0.8"><link ns0:type="simple" ns0:href="../769/26769.xml">south america</link></group></economy></system></p><p>the relationships this family with other plants remain uncertain and the family has been placed different<link ns0:type="simple" ns0:href="../763/61763.xml">orders</link>different authors including<link ns0:type="simple" ns0:href="../651/17651.xml">lamiales</link>the<link ns0:type="simple" ns0:href="../523/242523.xml">cronquist system</link>and<link ns0:type="simple" ns0:href="../913/26913.xml">solanales</link><link ns0:type="simple" ns0:href="../850/4059850.xml">dahlgren system</link><link ns0:type="simple" ns0:href="../544/149544.xml">molecular phylogenetic</link>publications have grouped the lennoaceae within the<link ns0:type="simple" ns0:href="../682/6682.xml">clade</link>euasterids and most recently was subsumed into the family<link ns0:type="simple" ns0:href="../897/78897.xml">boraginaceae</link>the<link ns0:type="simple" ns0:href="../401/4067401.xml">apg system</link><ref ns0:type="simple" ns0:href="#xpointer(//reflist/entry[@id=%221%22])" /></p><p>the family has disjunct distribution occurring<country wordnetid="108544813" confidence="0.9508927676800064"><link ns0:type="simple" ns0:href="../222/5222.xml">colombia</link></country>well separate area southwestern<system wordnetid="108435388" confidence="0.8"><economy wordnetid="108366753" confidence="0.8"><group wordnetid="100031264" confidence="0.8"><link ns0:type="simple" ns0:href="../139/21139.xml">north america</link></group></economy></system>covering parts<country wordnetid="108544813" confidence="0.9508927676800064"><link ns0:type="simple" ns0:href="../407/5407.xml">california</link></country><symbol wordnetid="106806469" confidence="0.9508927676800064"><link ns0:type="simple" ns0:href="../961/1961.xml">arizona</link></symbol>and<body wordnetid="107965085" confidence="0.8"><social_group wordnetid="107950920" confidence="0.8"><political_orientation wordnetid="106212839" confidence="0.8"><colony wordnetid="108374049" confidence="0.8"><state wordnetid="108168978" confidence="0.8"><political_unit wordnetid="108359949" confidence="0.8"><group wordnetid="100031264" confidence="0.8"><democracy wordnetid="106217103" confidence="0.8"><link ns0:type="simple" ns0:href="../054/3966054.xml">mexico</link></democracy></group></political_unit></state></colony></political_orientation></social_group></body><ref ns0:type="simple" ns0:href="#xpointer(//reflist/entry[@id=%222%22])" /></p><p>the family comprises three genera<link>ammobroma</link><link>lennoa</link>and<link ns0:type="simple" ns0:href="../201/276201.xml">pholisma</link>which between them hold around five species including the desert christmas tree<link>pholisma arenarium</link>and<link ns0:type="simple" ns0:href="../953/2334953.xml">sandfood</link><link ns0:type="simple" ns0:href="../953/2334953.xml">pholisma sonorae</link><ref ns0:type="simple" ns0:href="#xpointer(//reflist/entry[@id=%223%22])" /></p><p>members this family are<link ns0:type="simple" ns0:href="../765/18952765.xml">succulent</link><link ns0:type="simple" ns0:href="../296/13296.xml">herb</link>aceous plants with<link ns0:type="simple" ns0:href="../985/6985.xml">chlorophyll</link><ref ns0:type="simple" ns0:href="#xpointer(//reflist/entry[@id=%224%22])" />the leaves are reduced short scales and the plants are<link ns0:type="simple" ns0:href="../056/5806056.xml">entirely parasitic</link>the roots their hosts which are typically<link ns0:type="simple" ns0:href="../029/82029.xml">clematis</link><link ns0:type="simple" ns0:href="../880/61880.xml">euphorbia</link>and various woody<link ns0:type="simple" ns0:href="../956/956.xml">compositae</link><ref ns0:type="simple" ns0:href="#xpointer(//reflist/entry[@id=%224%22])" /></p><sec><st>references</st><p><reflist><entry id="1">friedrich lohmller<weblink ns0:type="simple" ns0:href="http://www.f-lohmueller.de/botany/fam/l/Lennoaceae.htm">lennoaceae</weblink>the botanical system the plants</entry><entry id="2">dan nickrent<link /><weblink ns0:type="simple" ns0:href="http://www.parasiticplants.siu.edu/Lennoaceae/index.html">lennoaceae</weblink>the parasitic plant connection<link ns0:type="simple" ns0:href="../592/476592.xml">southern illinois university carbondale</link></entry><entry id="3"><weblink ns0:type="simple" ns0:href="http://plants.usda.gov/index.html">pholisma</weblink>plants database<agency wordnetid="108337324" confidence="0.9508927676800064"><link ns0:type="simple" ns0:href="../896/70896.xml">united states department agriculture</link></agency>retrieved<link /></entry><entry id="4">watson dallwitz<link /><weblink ns0:type="simple" ns0:href="http://delta-intkey.com/angio/www/lennoace.htm">lennoaceae solmslaubach</weblink>the families flowering plants descriptions illustrations identification and information retrieval</entry></reflist></p></sec></bdy></article>