<article xmlns:ns0="http://www.w3.org/1999/xlink"><header><title>taramosalata</title><id /><revision><id /><timestamp /><contributor><username>warrington</username><id /></contributor></revision><categories><category>dips</category><category>greek cuisine</category><category>roe</category></categories></header><bdy>this article about the greekturkish food for the village okinawa see<japan wordnetid="103593222" confidence="0.9508927676800064"><link ns0:type="simple" ns0:href="../426/451426.xml">tarama okinawa</link></japan>for the song<artist wordnetid="109812338" confidence="0.9508927676800064"><link ns0:type="simple" ns0:href="../640/3101640.xml">eggstone</link></artist>see<link>vive diffrence</link><image location="right" width="150px" src="Taramosalata01.jpg" type="thumb"><caption>plate taramosalata garnished with cucumber olives and tomato</caption></image>taramosalata<link ns0:type="simple" ns0:href="../887/11887.xml">greek</link>taramas greek and turkish<link ns0:type="simple" ns0:href="../015/351015.xml">meze</link>traditionally made from taramas the salted and cured<link ns0:type="simple" ns0:href="../507/294507.xml">roe</link>the<link ns0:type="simple" ns0:href="../515/41515.xml">cod</link>the<link ns0:type="simple" ns0:href="../900/60900.xml">carp</link>though blends based other forms fish roe particularly cod have become more common<p>the roe mixed with either bread crumbs mashed potato and lemon juice vinegar and olive oil</p><p>the colour can vary from creamy beige pink depending the type roe used massproduced taramosalata can often have bright pink colour due the addition food colouring</p><p>usually eaten dip with<link ns0:type="simple" ns0:href="../969/36969.xml">bread</link>raw vegetables</p><p>the alternative spelling taramasalata sometimes found<ref ns0:type="simple" ns0:href="#xpointer(//reflist/entry[@id=%221%22])" /></p><p>similar dip spread salata icre also common<country wordnetid="108544813" confidence="0.9508927676800064"><link ns0:type="simple" ns0:href="../445/25445.xml">romania</link></country>made with carp roe herring roe but generally with sunflower vegetable oil instead olive oil mass produced and widely available grocery shops and supermarkets well being made home</p><sec><st>notes</st><p><reflist><entry id="1">even the collins new english dictionary</entry></reflist></p></sec></bdy></article>