<article xmlns:ns0="http://www.w3.org/1999/xlink"><person confidence="0.9638700866880419" wordnetid="100007846"><therapy confidence="0.9511911446218017" wordnetid="100661091"><header><title>catherine kousmine</title><id /><revision><id /><timestamp /><contributor><username>tenofalltrades</username><id /></contributor></revision><categories><category>biologically based therapies</category><category>orphaned articles from september</category><category>orthomolecular medicine</category><category>deaths</category><category>births</category><category>all orphaned articles</category></categories></header><bdy><p><table class="metadata plainlinks ambox "><row><col>amboxstyle style</col></row><row><col class="mbox-image"><p><image width="44px" src="Wiki_letter_w.svg" /></p></col><col style="" class="mbox-text">this article few other articles<weblink ns0:type="simple" ns0:href="http://localhost:18088/wiki/index.php?title=Special:Whatlinkshere target=Catherine_Kousmine namespace=0">link</weblink>please help articles<weblink ns0:type="simple" ns0:href="http://www.google.com/search?hl=en as_qdr=all q=+site%3Aen.wikipedia.org+%22Catherine+Kousmine%22">related topics</weblink>september</col></row></table></p><p>catherine kousmine<link ns0:type="simple" ns0:href="../993/27993.xml">september</link><link ns0:type="simple" ns0:href="../651/34651.xml" />hvalynsky russia<link ns0:type="simple" ns0:href="../629/1629.xml">august</link><link ns0:type="simple" ns0:href="../669/34669.xml" /><town wordnetid="108665504" confidence="0.9508927676800064"><link ns0:type="simple" ns0:href="../078/582078.xml">lutry</link></town>switzerland was scientist who devoted her entire life showing that good health depends healthy diet she was outstanding physician russian origin and pioneer nutritionally based medicine kousmine focused her research the following diseases<link ns0:type="simple" ns0:href="../219/105219.xml">cancer</link><link ns0:type="simple" ns0:href="../603/50603.xml">multiple sclerosis</link><link ns0:type="simple" ns0:href="../875/25875.xml">rheumatoid arthritis</link>and other<link ns0:type="simple" ns0:href="../842/93842.xml">autoimmune</link>diseases</p><sec><st>life</st><p>born into welltodo family russia catherine kousmine and her parents fled the country during the russian revolution they settled switzerland the shores lake geneva the young catherine went the ecole suprieure lausanne where she graduated sciences she then went medical school upon graduation with mention she moved zurich professor<link ns0:type="simple" ns0:href="../455/2593455.xml">guido fanconi</link>unit specialize<link ns0:type="simple" ns0:href="../593/23593.xml">pediatrics</link>then worked vienna austria where she got her degree pediatrics</p><p>back switzerland she had resume her work general practitioner because her degree pediatrics was not recognized swiss authorities catherine kousmine spent most her life switzerland she set foundation her name<town wordnetid="108665504" confidence="0.9508927676800064"><link ns0:type="simple" ns0:href="../078/582078.xml">lutry</link></town>switzerland promote her methods fondation catherine kousmine this foundation has sister foundations france germany and italy there also kousmine medical center<town wordnetid="108665504" confidence="0.9508927676800064"><link ns0:type="simple" ns0:href="../880/455880.xml">vevey</link></town>switzerland</p></sec><sec><st>research</st><p>she decided conduct research cancer mostly because the death from two children her care while she was working general practitioner for seventeen years working makeshift laboratory her kitchen she studied special breed mice that develop mammalian cancer four months age she discovered striking correlation between<link ns0:type="simple" ns0:href="../671/1581671.xml">healthy diet</link>and<link ns0:type="simple" ns0:href="../094/5827094.xml">remission</link>their cancer and became convinced that the cure for diseases sometimes labeled incurable involves the return healthy feeding habit one that provides all the nutrients that the organism needs function properly consequently she focused her attention healthy diet she treated with success her first many cancer patients this one suffering from<link>reticulosarcoma</link>thanks part the use healthy diet</p></sec><sec><st>her work cold pressed virgin oils</st><p>catherine kousmine took particular interest<link ns0:type="simple" ns0:href="../331/192331.xml">vegetable oils</link>because their quality had been greatly altered during<military_action wordnetid="100952963" confidence="0.8"><group_action wordnetid="101080366" confidence="0.8"><event wordnetid="100029378" confidence="0.8"><conflict wordnetid="100958896" confidence="0.8"><act wordnetid="100030358" confidence="0.8"><psychological_feature wordnetid="100023100" confidence="0.8"><war wordnetid="100973077" confidence="0.8"><link ns0:type="simple" ns0:href="../927/32927.xml">world war</link></war></psychological_feature></act></conflict></event></group_action></military_action>producers used new methods oil extraction with heat the only goal which was produce half again the quantity oil the extraction with<link ns0:type="simple" ns0:href="../952/105952.xml">hexane</link>hydrocarbon solvent with<link ns0:type="simple" ns0:href="../445/6445.xml">carcinogenic</link>properties allowed the production almost twice the amount oil</p><p>the major problem with these methods compared the cold pressed method that produces what commonly called<link>virgin oil</link>that the quality poor every respect many the<link ns0:type="simple" ns0:href="../445/9130445.xml">cis</link>molecules are transformed into the infamous<link ns0:type="simple" ns0:href="../534/264534.xml">trans</link>molecules</p><p>kousmine became strong opponent<link ns0:type="simple" ns0:href="../960/602960.xml">processed food</link>white sugar refined flour and refined oil<link ns0:type="simple" ns0:href="../276/193276.xml">margarine</link>and butter each them being harmful the body cells and providing only empty calories she called them</p><p>following work the foundation catherine kousmine the transfatty acids have been the object several studies worldwide these studies showed that even small doses the trans molecules are health hazard these studies lead some countries canada usa france for example make health recommendations denmark reduced the proportion transfatty acids grams per grams cooking oil transfatty acids were forbidden new york the netherlands following advertising campaign the eighties the amount transfatty acids margarine went from down today</p></sec><sec><st>theory about cancer</st><p>her novel approach was understand what would cause<link ns0:type="simple" ns0:href="../214/31214.xml">tumor</link>form and invade healthy cells and not how destroy tumor after many extensive studies mice she came the conclusion that cancer need the organism ward off<link ns0:type="simple" ns0:href="../063/2880063.xml">toxic</link>aggression</p><p>briefly put tumor first<link ns0:type="simple" ns0:href="../016/11693016.xml">benign</link>then<link ns0:type="simple" ns0:href="../900/549900.xml">malignant</link>just particular form defense mechanism the body tumor not freak and isolated accident but coherent reaction state alarm her method focuses how disengage the source the cancer and make useless</p></sec><sec><st>basic treatment</st><p>the measures that recommend start effective after about two months and develop their full benefits only after two years kousmine said</p><p>kousmine noted that consuming raw virgin vegetable oil such cold pressed<link ns0:type="simple" ns0:href="../869/38869.xml">flaxseed</link>and<link ns0:type="simple" ns0:href="../622/57622.xml">sunflower</link>oil rich<link ns0:type="simple" ns0:href="../594/22594.xml">omega</link>and<link ns0:type="simple" ns0:href="../218/681218.xml">omega</link>fatty acids and vitamin possible reduce the permeability the intestinal membrane and prevent toxins from invading the blood and overloading the kidneys and the liver thus preventing the formation tumor and reducing the severity any degenerative disease like multiple sclerosis rheumatoid arthritis</p><p>she proclaimed the importance organic sunflower oil and whole grains her prescriptions for her patients included<physical_entity wordnetid="100001930" confidence="0.8"><person wordnetid="100007846" confidence="0.8"><biochemist wordnetid="109854915" confidence="0.8"><causal_agent wordnetid="100007347" confidence="0.8"><scientist wordnetid="110560637" confidence="0.8"><chemist wordnetid="109913824" confidence="0.8"><link ns0:type="simple" ns0:href="../853/1813853.xml">johanna budwig</link></chemist></scientist></causal_agent></biochemist></person></physical_entity><link>crme budwig</link><link>budwig cream</link>mixture freshly ground cereals flax and sunflower seeds fruit cold pressed sunflower flaxseed oil and cottage cheese along with<link>essentials vitamins</link>etc<link>alkalizing minerals</link>restore<link>immunologic</link>balance ill patients all them suffering from acidic blood chamomile enemas clean the intestines followed instillation organic sunflower oil and some cases rheumatoid arthritis<link ns0:type="simple" ns0:href="../653/32653.xml">vaccines</link></p><p>the patient too ill better prepare him for surgery over few weeks months with the described measures then observe that the tumor stops growing that even shrinks size and that the general state the patient improves sometimes dramatically then the result delayed surgery radiotherapy can excellent</p><p>one hand her diet approach generally seems quite easy and pleasant follow ensure daily<link ns0:type="simple" ns0:href="../020/147020.xml">hygiene</link>and<link ns0:type="simple" ns0:href="../525/21525.xml">nutrition</link>for healthy person the other hand for patient with sever<link ns0:type="simple" ns0:href="../791/48791.xml">pathology</link>doctors and patients agree that the whole<link ns0:type="simple" ns0:href="../042/197042.xml">treatment</link>requires tremendous personal investment and lifetime strict<link ns0:type="simple" ns0:href="../487/267487.xml">discipline</link></p></sec><sec><st>criticism</st><p>important that the treatment that recommend beneficial complement current medical treatments</p><p>kousmine herself stated many times that eating<link>budwig cream</link>and taking vitamin pills werent the<link ns0:type="simple" ns0:href="../066/683066.xml">magic bullet</link>cure disease like cancer contrary what some critics have said she always insisted that her method was<link ns0:type="simple" ns0:href="../139/74139.xml">complement</link>and not<link ns0:type="simple" ns0:href="../097/1040097.xml">substitute</link>for mainstream treatments advocates her method claim that dramatically improves the results<link ns0:type="simple" ns0:href="../172/7172.xml">chemotherapy</link>and reduces its<link ns0:type="simple" ns0:href="../828/151828.xml">sideeffects</link></p><p>even though countless people have benefited from her method providing they follow the treatment the letter for the rest their lives the orthodox medical community scoffed her for many years inaccurately reducing her theory and methods budwig cream and<link ns0:type="simple" ns0:href="../512/32512.xml">vitamin</link>and<link ns0:type="simple" ns0:href="../053/19053.xml">mineral</link>pills some cancer specialists even went far state that their critically ill patients who followed her treatment and then went into complete<link ns0:type="simple" ns0:href="../094/5827094.xml">remission</link>some them for more than thirty years had been simply misdiagnosed today physicians who treat patients with her method are still not well viewed the orthodox medical community kousmine repeatedly stated that the dramatic results long term remission dramatic improvement the quality life for the most desperate patients were not<link ns0:type="simple" ns0:href="../041/52041.xml">miraculous</link>but instead the result<link ns0:type="simple" ns0:href="../358/206358.xml">holistic</link>approach the disease compared the limited approach orthodox medicine that focuses the<link ns0:type="simple" ns0:href="../967/196967.xml">symptoms</link>the disease providing the patients only with<link ns0:type="simple" ns0:href="../509/275509.xml">palliative</link>treatments</p><p>the time her death criticism included that the benefits raw whole foods and cold pressed vegetable oils were not supported scientific literature all and that her theory has never been scientifically proven other critics say that her monitoring patients with was not scientific her study rested control group nor did she ever test her diet healthy people determine any protective effect</p></sec><sec><st>awards</st><p>the socit dencouragement progrs whose headquarters are paris france gave her the mdaille vermeil for her outstanding accomplishment with multiple sclerosis</p><p>she was made honorary citizen the city<town wordnetid="108665504" confidence="0.9508927676800064"><link ns0:type="simple" ns0:href="../078/582078.xml">lutry</link></town><country wordnetid="108544813" confidence="0.9508927676800064"><link ns0:type="simple" ns0:href="../748/26748.xml">switzerland</link></country></p></sec><sec><st>books</st><p>her books contain remarkable and detailed easytoread for the nonspecialist accounts patients with severe pathologies documented with complete<link ns0:type="simple" ns0:href="../738/594738.xml">clinical</link>and<link ns0:type="simple" ns0:href="../335/1676335.xml">anamnesis</link>the patients and their kin the treatment provided and its results successes well failures</p><p>these books also provide explanations about intestinal flora and processed food with chapters about<link ns0:type="simple" ns0:href="../316/288316.xml">instinct</link>and<link ns0:type="simple" ns0:href="../568/524568.xml">ancestral</link>feeding habits and hypothesis the connection between cancer<link ns0:type="simple" ns0:href="../740/23740.xml">toxins</link>and<link ns0:type="simple" ns0:href="../107/228107.xml">stress</link></p><p>critics say that the explanations are too simplistic and complain that some rants against chemical products are caricatural andor lack any solid data for example<link ns0:type="simple" ns0:href="../752/2752.xml">aspartame</link>and milk experts also complain that her books give the feeling that doctors dont understand anything except</p><p>these books that include full description her method are available french but have not yet been translated into english</p><p><link>soyez bien dans votre assiette jusqu ans plus</link>well till and beyond ditions sand isbn</p><p><link>sclrose plaque est gurissable</link>multiple sclerosis curable ditions delachaux nestl isbn</p><p><link>sauvez votre corps</link>save your body ditions robert laffont isbn sequel soyez bien dans votre with more cases and indepth explanations</p></sec><sec><st>references</st><p>sauvez votre corps save your body ditions robert laffont quebec vol june nutrition and<weblink ns0:type="simple" ns0:href="http://www.mssociety.ca">httpwwwmssocietyca</weblink>rgime doctoresse kousmine the diet kousmine ecoetsant<weblink ns0:type="simple" ns0:href="http://ecoetsante2010.free.fr">httpecoetsantefreefr</weblink></p></sec><sec><st>external links</st><p><list><entry level="1" type="bullet"><weblink ns0:type="simple" ns0:href="http://www.kousmine.ch">centre mdical kousmine</weblink></entry><entry level="1" type="bullet"><weblink ns0:type="simple" ns0:href="http://www.msif.org/en/">multiple sclerosis international federation</weblink></entry><entry level="1" type="bullet"><weblink ns0:type="simple" ns0:href="http://www.pureinsideout.com/kousmine-budwig-breakfast.html">power breakfast recipe</weblink></entry><entry level="1" type="bullet"><weblink ns0:type="simple" ns0:href="http://www.kousmine.fr" /></entry></list></p></sec></bdy></therapy></person></article>