<article xmlns:ns0="http://www.w3.org/1999/xlink"><model confidence="0.9511911446218017" wordnetid="110324560"><know-how confidence="0.8" wordnetid="105616786"><method confidence="0.8" wordnetid="105660268"><header><title>finite state machine</title><id /><revision><id /><timestamp /><contributor><username>pseudobot</username><id /></contributor></revision><categories><category>digital electronics</category><category>automata</category><category>computational models</category><category>formal methods</category></categories></header><bdy>state machine redirects here for infinite state machines see<physical_entity wordnetid="100001930" confidence="0.8"><person wordnetid="100007846" confidence="0.8"><model wordnetid="110324560" confidence="0.8"><assistant wordnetid="109815790" confidence="0.8"><worker wordnetid="109632518" confidence="0.8"><causal_agent wordnetid="100007347" confidence="0.8"><link ns0:type="simple" ns0:href="../417/396417.xml">state transition system</link></causal_agent></worker></assistant></model></person></physical_entity><p><image location="right" width="225px" src="Finite_state_machine_example_with_comments.svg" type="thumb"><caption>fig example finite state machine</caption></image></p><p>finite state machine fsm finite state automaton plural automata simply state machine model behavior composed finite number<link ns0:type="simple" ns0:href="../512/285512.xml">state</link>transitions between those states and actions finite state machine abstract model machine with primitive internal memory</p><sec><st>concepts and vocabulary</st><p>current state determined past states the system such can said record information about the past reflects the input changes from the system start the present moment transition indicates state change and described condition that would need fulfilled enable the transition action description activity that performed given moment there are several action types<list><entry level="1" type="definition">entry action which performed when entering the state</entry><entry level="1" type="definition">exit action which performed when exiting the state</entry><entry level="1" type="definition">input action which performed depending present state and input conditions</entry><entry level="1" type="definition">transition action which performed when performing certain transition</entry></list></p><p>fsm can represented using<link ns0:type="simple" ns0:href="../337/187337.xml">state diagram</link>state transition diagram figure above besides this several<link ns0:type="simple" ns0:href="../857/548857.xml">state transition table</link>types are used the most common representation shown below the combination current state and condition shows the next state the complete actions information can added only using footnotes fsm definition including the full actions information possible using<physical_entity wordnetid="100001930" confidence="0.8"><person wordnetid="100007846" confidence="0.8"><model wordnetid="110324560" confidence="0.8"><assistant wordnetid="109815790" confidence="0.8"><worker wordnetid="109632518" confidence="0.8"><causal_agent wordnetid="100007347" confidence="0.8"><link ns0:type="simple" ns0:href="../085/1296085.xml#xpointer(//*[./st=%22State+Table%22])">state tables</link></causal_agent></worker></assistant></model></person></physical_entity>see also<link>vfsm</link></p><p><table align="center" cellpadding="5" border="1" cellspacing="0"><caption>state transition table</caption><row><col valign="top">current state condition</col><col>state</col><col>state</col><col>state</col></row><row><col>condition</col><col /><col /><col /></row><row><col>condition</col><col /><col>state</col><col /></row><row><col>condition</col><col /><col /><col /></row></table></p><p>addition their use modeling reactive systems presented here finite state automata are significant many different areas including<link ns0:type="simple" ns0:href="../531/9531.xml">electrical engineering</link><link ns0:type="simple" ns0:href="../526/17526.xml">linguistics</link><link ns0:type="simple" ns0:href="../323/5323.xml">computer science</link><link ns0:type="simple" ns0:href="../155/13692155.xml">philosophy</link><link ns0:type="simple" ns0:href="../632/9127632.xml">biology</link><link ns0:type="simple" ns0:href="../831/18831.xml">mathematic</link>and<link ns0:type="simple" ns0:href="../225/3729225.xml">logic</link>complete survey their applications outside the scope this article finite state machines are class automata studied<link ns0:type="simple" ns0:href="../356/103356.xml">automata theory</link>and the<link ns0:type="simple" ns0:href="../402/30402.xml">theory computation</link>computer science finite state machines are widely used modeling application behavior design hardware digital systems software engineering compilers network protocols and the study computation and languages</p></sec><sec><st>classification</st><p>there are two different groups acceptorsrecognizers and transducers</p><ss1><st>acceptors and recognizers</st><p><image location="right" width="400px" src="Fsm_parsing_word_nice.svg" type="thumb"><caption>fig acceptor fsm parsing the word nice</caption></image></p><p>acceptors and recognizers also sequence detectors produce binary output saying either yes answer whether the input accepted the machine not all states the fsm are said either accepting not accepting the time when all input processed the current state accepting state the input accepted otherwise rejected rule the input are symbols characters actions are not used the example figure shows finite state machine which accepts the word nice this fsm the only accepting state number</p><p>the machine can also described defining language which would contain every word accepted the machine but none the rejected ones say then that the language accepted the machine definition the languages accepted fsms are the<link ns0:type="simple" ns0:href="../723/25723.xml">regular language</link>that language regular there some fsm that accepts</p><ss2><st>start state</st><p>the start state usually shown drawn with arrow pointing from nowhere sipser</p></ss2><ss2><st>accept state</st><p><image location="right" width="220px" src="DFAexample.svg" type="thumb"><caption>fig finite state machine that determines binary number has odd even number</caption></image>accept state sometimes referred accepting state state which the machine has successfully performed its procedure usually represented double circle</p><p>example accepting state appears the left this diagram<link ns0:type="simple" ns0:href="../404/653404.xml">deterministic finite automaton</link>dfa which determines the<system wordnetid="104377057" confidence="0.8"><artifact wordnetid="100021939" confidence="0.8"><instrumentality wordnetid="103575240" confidence="0.8"><link ns0:type="simple" ns0:href="../686/238686.xml">binary</link></instrumentality></artifact></system>input contains even number</p><p>which also the start state indicates the state which even number has been input and therefore defined accepting state this machine will give correct end state the binary number contains even number zeros including string with zeros examples strings accepted this dfa are epsilon the empty string and</p></ss2></ss1><ss1><st>transducers</st><p><physical_entity wordnetid="100001930" confidence="0.8"><person wordnetid="100007846" confidence="0.8"><model wordnetid="110324560" confidence="0.8"><assistant wordnetid="109815790" confidence="0.8"><worker wordnetid="109632518" confidence="0.8"><causal_agent wordnetid="100007347" confidence="0.8"><language wordnetid="106282651" confidence="0.8"><link ns0:type="simple" ns0:href="../289/1071289.xml">transducers</link></language></causal_agent></worker></assistant></model></person></physical_entity>generate output based given input andor state using actions they are used for control applications and the field<link ns0:type="simple" ns0:href="../561/5561.xml">computational linguistics</link>here two types are distinguished</p><p><list><entry level="1" type="definition"><physical_entity wordnetid="100001930" confidence="0.8"><person wordnetid="100007846" confidence="0.8"><model wordnetid="110324560" confidence="0.8"><assistant wordnetid="109815790" confidence="0.8"><worker wordnetid="109632518" confidence="0.8"><causal_agent wordnetid="100007347" confidence="0.8"><link ns0:type="simple" ns0:href="../020/353020.xml">moore machine</link></causal_agent></worker></assistant></model></person></physical_entity>the fsm uses only entry actions output depends only the state the advantage the moore model simplification the behaviour the example figure shows moore fsm elevator door the state machine recognizes two commands and which trigger state changes the entry action state opening starts motor opening the door the entry action state closing starts motor the other direction closing the door states opened and closed dont perform any actions they signal the outside world other state machines the situation door open door closed</entry></list></p><p><image location="right" width="350px" src="Fsm_mealy_model_door_control.jpg" type="thumb"><caption>fig transducer fsm mealy model example</caption></image><list><entry level="1" type="definition"><physical_entity wordnetid="100001930" confidence="0.8"><person wordnetid="100007846" confidence="0.8"><model wordnetid="110324560" confidence="0.8"><assistant wordnetid="109815790" confidence="0.8"><worker wordnetid="109632518" confidence="0.8"><causal_agent wordnetid="100007347" confidence="0.8"><link ns0:type="simple" ns0:href="../512/331512.xml">mealy machine</link></causal_agent></worker></assistant></model></person></physical_entity>the fsm uses only input actions output depends input and state the use mealy fsm leads often reduction the number states the example figure shows mealy fsm implementing the same behaviour the moore example the behaviour depends the implemented fsm execution model and will work for<physical_entity wordnetid="100001930" confidence="0.8"><person wordnetid="100007846" confidence="0.8"><model wordnetid="110324560" confidence="0.8"><assistant wordnetid="109815790" confidence="0.8"><worker wordnetid="109632518" confidence="0.8"><causal_agent wordnetid="100007347" confidence="0.8"><link ns0:type="simple" ns0:href="../085/1296085.xml">virtual fsm</link></causal_agent></worker></assistant></model></person></physical_entity>but not for<link ns0:type="simple" ns0:href="../752/1295752.xml">event driven fsm</link>there are two input actions start motor close the door arrives and start motor the other direction open the door arrives</entry></list></p><p>practice mixed models are often used</p><p>more details about the differences and usage moore and mealy models including executable example can found the external technical note<weblink ns0:type="simple" ns0:href="http://www.stateworks.com/active/content/en/technology/technical_notes.php#tn10">moore mealy model</weblink></p><p>further distinction between deterministic<link ns0:type="simple" ns0:href="../404/653404.xml">dfa</link>and nondeterministic<physical_entity wordnetid="100001930" confidence="0.8"><person wordnetid="100007846" confidence="0.8"><model wordnetid="110324560" confidence="0.8"><assistant wordnetid="109815790" confidence="0.8"><worker wordnetid="109632518" confidence="0.8"><causal_agent wordnetid="100007347" confidence="0.8"><link ns0:type="simple" ns0:href="../406/653406.xml">ndfa</link></causal_agent></worker></assistant></model></person></physical_entity><link ns0:type="simple" ns0:href="../415/653415.xml">gnfa</link>automata deterministic automata for each state there exactly one transition for each possible input nondeterministic automata there can none one more than one transition from given state for given possible input this distinction relevant practice but not theory there exists algorithm which can transform any ndfa into equivalent dfa although this transformation typically significantly increases the complexity the automaton</p><p>the fsm with only one state called combinatorial fsm and uses only input actions this concept useful cases where number fsm are required work together and where convenient consider purely combinatorial part form fsm suit the design tools</p></ss1></sec><sec><st>fsm logic</st><p><image location="right" width="200px" src="Finite_State_Machine_Logic.svg" type="thumb"><caption>fig fsm logic mealy</caption></image></p><p>the next state and output fsm function the input and the current state the fsm logic shown figure</p></sec><sec><st>mathematical model</st><p>depending the type there are several definitions acceptor finitestate machine<series wordnetid="108457976" confidence="0.8"><idea wordnetid="105833840" confidence="0.8"><concept wordnetid="105835747" confidence="0.8"><arrangement wordnetid="107938773" confidence="0.8"><sequence wordnetid="108459252" confidence="0.8"><ordering wordnetid="108456993" confidence="0.8"><group wordnetid="100031264" confidence="0.8"><link ns0:type="simple" ns0:href="../729/132729.xml">quintuple</link></group></ordering></sequence></arrangement></concept></idea></series><math>sigma delta</math>where<list><entry level="1" type="bullet"><math>sigma</math>the input<link ns0:type="simple" ns0:href="../269/4292269.xml">alphabet</link>finite nonempty set symbols</entry><entry level="1" type="bullet"><math />finite nonempty set states</entry><entry level="1" type="bullet"><math />initial state element<math /><physical_entity wordnetid="100001930" confidence="0.8"><person wordnetid="100007846" confidence="0.8"><model wordnetid="110324560" confidence="0.8"><assistant wordnetid="109815790" confidence="0.8"><worker wordnetid="109632518" confidence="0.8"><causal_agent wordnetid="100007347" confidence="0.8"><link ns0:type="simple" ns0:href="../406/653406.xml">nondeterministic finite state machine</link></causal_agent></worker></assistant></model></person></physical_entity><math />set initial states</entry><entry level="1" type="bullet"><math>delta</math>the statetransition function<math>delta times sigma rightarrow</math></entry><entry level="1" type="bullet"><math />the set final states possibly empty subset<math /></entry></list></p><p><link ns0:type="simple" ns0:href="../289/1071289.xml">finite state transducer</link>sextuple<math>sigma gamma delta omega</math>where<list><entry level="1" type="bullet"><math>sigma</math>the input<link ns0:type="simple" ns0:href="../269/4292269.xml">alphabet</link>finite non empty set symbols</entry><entry level="1" type="bullet"><math>gamma</math>the output alphabet finite nonempty set symbols</entry><entry level="1" type="bullet"><math />finite nonempty set states</entry><entry level="1" type="bullet"><math />the initial state element<math /><physical_entity wordnetid="100001930" confidence="0.8"><person wordnetid="100007846" confidence="0.8"><model wordnetid="110324560" confidence="0.8"><assistant wordnetid="109815790" confidence="0.8"><worker wordnetid="109632518" confidence="0.8"><causal_agent wordnetid="100007347" confidence="0.8"><link ns0:type="simple" ns0:href="../406/653406.xml">nondeterministic finite state machine</link></causal_agent></worker></assistant></model></person></physical_entity><math />set initial states</entry><entry level="1" type="bullet"><math>delta</math>the statetransition function<math>delta times sigma rightarrow</math></entry><entry level="1" type="bullet"><math>omega</math>the output function</entry></list></p><p>the output function function state and input alphabet<math>omega times sigma rightarrow gamma</math>that definition corresponds the mealy model and can modelled<physical_entity wordnetid="100001930" confidence="0.8"><person wordnetid="100007846" confidence="0.8"><model wordnetid="110324560" confidence="0.8"><assistant wordnetid="109815790" confidence="0.8"><worker wordnetid="109632518" confidence="0.8"><causal_agent wordnetid="100007347" confidence="0.8"><link ns0:type="simple" ns0:href="../512/331512.xml">mealy machine</link></causal_agent></worker></assistant></model></person></physical_entity>the output function depends only state<math>omega rightarrow gamma</math>that definition corresponds the moore model and can modelled<physical_entity wordnetid="100001930" confidence="0.8"><person wordnetid="100007846" confidence="0.8"><model wordnetid="110324560" confidence="0.8"><assistant wordnetid="109815790" confidence="0.8"><worker wordnetid="109632518" confidence="0.8"><causal_agent wordnetid="100007347" confidence="0.8"><link ns0:type="simple" ns0:href="../020/353020.xml">moore machine</link></causal_agent></worker></assistant></model></person></physical_entity>finitestate machine with output function all known<link ns0:type="simple" ns0:href="../937/10766937.xml">semiautomaton</link><link ns0:type="simple" ns0:href="../417/396417.xml">transition system</link></p></sec><sec><st>optimization</st><p>optimizing fsm means finding the machine with the minimum number states that performs the same function the fastest known algorithm doing this the hopcroft minimization algorithm<weblink ns0:type="simple" ns0:href="http://localhost:18088/wiki/index.php/Finite_state_machine#endnote_hopcroft1" /><weblink ns0:type="simple" ns0:href="http://localhost:18088/wiki/index.php/Finite_state_machine#endnote_AlmeidaEtAl" />other techniques include using<link ns0:type="simple" ns0:href="../376/8426376.xml">implication table</link>the<link ns0:type="simple" ns0:href="../215/8433215.xml">moore reduction procedure</link>additionally acyclic fsas can optimized using simple bottom algorithm<weblink ns0:type="simple" ns0:href="http://localhost:18088/wiki/index.php/Finite_state_machine#endnote_minimization1" /></p></sec><sec><st>implementation</st><ss1><st>hardware applications</st><p><image location="right" width="500px" src="4_bit_counter.png" type="thumbnail"><caption>fig the<link ns0:type="simple" ns0:href="../339/587339.xml">circuit diagram</link>for bit<link ns0:type="simple" ns0:href="../769/47769.xml">ttl</link>counter type state machine</caption></image><link ns0:type="simple" ns0:href="../068/39068.xml">digital circuit</link>fsm may built using<link ns0:type="simple" ns0:href="../215/73215.xml">programmable logic device</link><link ns0:type="simple" ns0:href="../992/24992.xml">programmable logic controller</link><link ns0:type="simple" ns0:href="../168/18168.xml">logic gate</link>and<link ns0:type="simple" ns0:href="../777/11777.xml">flip flop</link><link ns0:type="simple" ns0:href="../590/26590.xml">relay</link>more specifically hardware implementation requires<link ns0:type="simple" ns0:href="../432/486432.xml">register</link>store state variables block combinational logic which determines the state transition and second block combinational logic that determines the output fsm one the classic hardware implementations the<link ns0:type="simple" ns0:href="../961/7706961.xml">richards controller</link></p></ss1><ss1><st>software applications</st><p>the following concepts are commonly used build software applications with finite state machines<list><entry level="1" type="bullet"><link ns0:type="simple" ns0:href="../752/1295752.xml">event driven fsm</link></entry><entry level="1" type="bullet"><link ns0:type="simple" ns0:href="../085/1296085.xml">virtual fsm vfsm</link></entry><entry level="1" type="bullet"><link ns0:type="simple" ns0:href="../755/3377755.xml">automatabased programming</link></entry></list></p></ss1></sec><sec><st>see also</st><p><list><entry level="1" type="bullet"><link ns0:type="simple" ns0:href="../836/2575836.xml">abstract state machine</link></entry><entry level="1" type="bullet"><link ns0:type="simple" ns0:href="../572/433572.xml">decision tables</link></entry><entry level="1" type="bullet"><link ns0:type="simple" ns0:href="../259/6965259.xml">extended finite state machine</link></entry><entry level="1" type="bullet"><link ns0:type="simple" ns0:href="../109/11693109.xml">finite state machine with datapath</link></entry><entry level="1" type="bullet"><language wordnetid="106282651" confidence="0.8"><link ns0:type="simple" ns0:href="../192/225192.xml">petri net</link></language></entry><entry level="1" type="bullet"><physical_entity wordnetid="100001930" confidence="0.8"><person wordnetid="100007846" confidence="0.8"><model wordnetid="110324560" confidence="0.8"><assistant wordnetid="109815790" confidence="0.8"><worker wordnetid="109632518" confidence="0.8"><causal_agent wordnetid="100007347" confidence="0.8"><link ns0:type="simple" ns0:href="../510/24510.xml">pushdown automaton</link></causal_agent></worker></assistant></model></person></physical_entity></entry><entry level="1" type="bullet"><link ns0:type="simple" ns0:href="../008/7926008.xml">quantum finite automata</link></entry><entry level="1" type="bullet"><link ns0:type="simple" ns0:href="../374/89374.xml">sequential logic</link></entry><entry level="1" type="bullet"><link>statechart</link></entry><entry level="1" type="bullet"><link ns0:type="simple" ns0:href="../417/396417.xml">transition system</link></entry><entry level="1" type="bullet"><invention wordnetid="105633385" confidence="0.8"><know-how wordnetid="105616786" confidence="0.8"><method wordnetid="105660268" confidence="0.8"><link ns0:type="simple" ns0:href="../403/30403.xml">turing machine</link></method></know-how></invention></entry><entry level="1" type="bullet"><physical_entity wordnetid="100001930" confidence="0.8"><person wordnetid="100007846" confidence="0.8"><model wordnetid="110324560" confidence="0.8"><assistant wordnetid="109815790" confidence="0.8"><worker wordnetid="109632518" confidence="0.8"><causal_agent wordnetid="100007347" confidence="0.8"><link ns0:type="simple" ns0:href="../770/98770.xml">hidden markov model</link></causal_agent></worker></assistant></model></person></physical_entity></entry><entry level="1" type="bullet"><link ns0:type="simple" ns0:href="../987/2997987.xml">ant wars</link></entry><entry level="1" type="bullet"><link ns0:type="simple" ns0:href="../769/1654769.xml">game</link></entry><entry level="1" type="bullet"><format wordnetid="106636806" confidence="0.9508927676800064"><link ns0:type="simple" ns0:href="../592/5171592.xml">scxml</link></format></entry></list></p></sec><sec><st>external links</st><p><list><entry level="1" type="bullet"><weblink ns0:type="simple" ns0:href="http://foldoc.doc.ic.ac.uk/foldoc/foldoc.cgi?query=finite+state+machine">description from the free online dictionary computing</weblink></entry><entry level="1" type="bullet">nist dictionary algorithms and data structures<weblink ns0:type="simple" ns0:href="http://www.nist.gov/dads/HTML/finiteStateMachine.html">entry</weblink></entry><entry level="1" type="bullet"><weblink ns0:type="simple" ns0:href="http://www.eventhelix.com/RealtimeMantra/HierarchicalStateMachine.htm">hierarchical state machines</weblink></entry><entry level="1" type="bullet"><weblink ns0:type="simple" ns0:href="http://www.troyworks.com/cogs/">cogs</weblink>cogs open source small fsm and hsm hierarchical state machine library for use with flash flex actionscript projects introductory talk<weblink ns0:type="simple" ns0:href="http://link.brightcove.com/services/player/bcpid1733261879?bclid=1729365228 bctid=1743215121">here</weblink></entry><entry level="1" type="bullet"><weblink ns0:type="simple" ns0:href="http://sourceforge.net/projects/fsmgenerator/">fsm generator</weblink>fsmgenerator turnkey solution for fsm finite state machine automatic generation and integration within users software</entry><entry level="1" type="bullet"><weblink ns0:type="simple" ns0:href="http://sourceforge.net/projects/fsmdesigner/">fsm designer</weblink>opensource tool for the graphical development fsms and automatic verilog code generation</entry><entry level="1" type="bullet"><weblink ns0:type="simple" ns0:href="http://www.intelliwizard.com">roundtrip engineering state machines</weblink></entry><entry level="1" type="bullet"><weblink ns0:type="simple" ns0:href="http://www.sccs.swarthmore.edu/users/06/adem/engin/e15/lab4/">using state machines practical applications</weblink></entry><entry level="1" type="bullet"><weblink ns0:type="simple" ns0:href="http://leotools.atwebpages.com/">tool for design and visualization finite state machines</weblink></entry><entry level="1" type="bullet"><weblink ns0:type="simple" ns0:href="http://www.sinelabore.com">sinelaborert</weblink>generates human readable ccode from statecharts especially targeting embedded realtime systems</entry><entry level="1" type="bullet"><weblink ns0:type="simple" ns0:href="http://www.augeas.net/libfa/index.html">libfa</weblink>opensource library for automata computations</entry><entry level="1" type="bullet"><weblink ns0:type="simple" ns0:href="http://smc.sourceforge.net/">the state machine compiler</weblink>tool model and compile statemachines for number languages java etc well display them graphically</entry><entry level="1" type="bullet"><cite id="endnote_minimziation1" style="font-style: normal;" /><weblink ns0:type="simple" ns0:href="http://www.cs.jhu.edu/~hajic/courses/cs226/alg.html">bottomup algorithm for acyclic fsas</weblink>fsm minimization algorithms</entry><entry level="1" type="bullet"><weblink ns0:type="simple" ns0:href="http://www.state-machine.com">quantum leaps</weblink>provider open source state machinebased frameworks includes several examples and code</entry><entry level="1" type="bullet"><weblink ns0:type="simple" ns0:href="http://gfsm.sourceforge.net">gfsm</weblink>open source implementation fsm finite state machine programming framework</entry><entry level="1" type="bullet"><weblink ns0:type="simple" ns0:href="http://vaucanson.lrde.epita.fr">vaucanson</weblink>open source finite state machine manipulation platform consisting library and tools implemented top</entry><entry level="1" type="bullet"><weblink ns0:type="simple" ns0:href="http://unimod.sf.net">unimod</weblink>open source plugin for eclipse for automatabased programming</entry></list></p></sec><sec><st>references</st><ss1><st>general</st><p><list><entry level="1" type="bullet">wagner modeling software with finite state machines practical approach auerbach publications isbn</entry><entry level="1" type="bullet">samek<weblink ns0:type="simple" ns0:href="http://www.state-machine.com/psicc1/">practical statecharts</weblink>cmp books isbn</entry><entry level="1" type="bullet">samek<weblink ns0:type="simple" ns0:href="http://www.state-machine.com/psicc2/">practical uml statecharts edition</weblink>newnes isbn</entry><entry level="1" type="bullet">gardner<weblink ns0:type="simple" ns0:href="http://www.troyworks.com/cogs/">advanced state management</weblink><weblink ns0:type="simple" ns0:href="http://link.brightcove.com/services/player/bcpid1733261879?bclid=1729365228 bctid=1743215121">video flex</weblink></entry><entry level="1" type="bullet">cassandras lafortune introduction discrete event systems kluwer isbn</entry><entry level="1" type="bullet">timothy kam synthesis finite state machines functional optimization kluwer academic publishers boston isbn</entry><entry level="1" type="bullet">tiziano villa synthesis finite state machines logic optimization kluwer academic publishers boston isbn</entry><entry level="1" type="bullet">carroll long theory finite automata with introduction formal languages prentice hall englewood cliffs</entry><entry level="1" type="bullet">kohavi switching and finite automata theory mcgrawhill</entry><entry level="1" type="bullet">gill introduction the theory finitestate machines mcgrawhill</entry><entry level="1" type="bullet">ginsburg introduction mathematical machine theory addisonwesley</entry></list></p></ss1><ss1><st>finite state machines automata theory theoretical computer science</st><p><list><entry level="1" type="bullet"><cite id="Reference-Arbib-1969" style="font-style:normal" class="book">arbib michael theories abstract automata englewood cliffs prenticehall inc</cite></entry></list></p><p><list><entry level="1" type="bullet"><cite id="Reference-Bobrow-1974" style="font-style:normal" class="book">bobrow leonard michael arbib discrete mathematics applied algebra for computer and information science philadelphia saunders company inc</cite></entry></list></p><p><list><entry level="1" type="bullet"><cite id="Reference-Booth-1967" style="font-style:normal" class="book">booth taylor sequential machines and automata theory new york john wiley and sons inc library congress card catalog number</cite>extensive wideranging book meant for specialists written for both theoretical computer scientists well electrical engineers with detailed explanations state minimization techniques fsms turing machines markov processes and undecidability excellent treatment markov processes</entry></list></p><p><list><entry level="1" type="bullet"><cite id="Reference-Boolos-1989, 1999" style="font-style:normal" class="book">boolos george richard jeffrey computability and logic cambridge england cambridge university press isbn</cite>excellent has been print various editions and reprints since</entry></list></p><p><list><entry level="1" type="bullet"><cite id="Reference-Brookshear-1989" style="font-style:normal" class="book">brookshear glenn theory computation formal languages automata and complexity redwood city california benjamincummings publish company inc isbn</cite>approaches<link ns0:type="simple" ns0:href="../854/6854.xml">churchturing thesis</link>from three angles levels finite automata acceptors formal languages primitive and partial recursive theory and power barebones programming languages implement algorithms all one slim volume</entry></list></p><p><list><entry level="1" type="bullet"><cite id="Reference-Davis-1994" style="font-style:normal" class="book">davis martin ron sigal elaine weyuker second edition computability complexity and languages and logic fundamentals theoretical computer science san diego academic press harcourt brace company</cite></entry></list></p><p><list><entry level="1" type="bullet"><cite id="endnote_hopcroft1" style="font-style: normal;" />hopcroft john log algorithm for minimizing states finite automaton<weblink ns0:type="simple" ns0:href="ftp://reports.stanford.edu/pub/cstr/reports/cs/tr/71/190/CS-TR-71-190.pdf" /></entry></list></p><p><list><entry level="1" type="bullet"><cite id="Reference-Hopcroft-1979" style="font-style:normal" class="book">hopcroft john jeffrey ullman introduction automata theory languages and computation reading mass addisonwesley isbn</cite>difficult book centered around the issues machineinterpretation languages npcompleteness etc</entry></list></p><p><list><entry level="1" type="bullet"><cite id="Reference-Hopcroft-2001" style="font-style:normal" class="book">hopcroft john rajeev motwani jeffrey ullman introduction automata theory languages and computation reading mass addisonwesley</cite>distinctly different and less intimidating than the first edition</entry></list></p><p><list><entry level="1" type="bullet"><cite id="Reference-Hopkin-1976" style="font-style:normal" class="book">hopkin david barbara moss automata new york elsevier northholland isbn</cite></entry></list></p><p><list><entry level="1" type="bullet"><cite id="Reference-Kozen-1997" style="font-style:normal" class="book">kozen dexter automata and computability new york springerverlag isbn</cite></entry></list></p><p><list><entry level="1" type="bullet"><cite id="Reference-Lewis-1998" style="font-style:normal" class="book">lewis harry christos papadimitriou elements the theory computation upper saddle river new jersey prenticehall isbn</cite></entry></list></p><p><list><entry level="1" type="bullet"><cite id="Reference-Linz-2006" style="font-style:normal" class="book">linz peter formal languages and automata sudbury jones and bartlett isbn</cite></entry></list></p><p><list><entry level="1" type="bullet"><cite id="Reference-Minsky-1967" style="font-style:normal" class="book">minsky marvin computation finite and infinite machines new jersey prenticehall</cite>minsky spends pages defining what state context fsms his state diagram convention unconventional excellent relatively readable sometimes funny</entry></list></p><p><list><entry level="1" type="bullet"><cite style="font-style:normal" class="book"><physical_entity wordnetid="100001930" confidence="0.8"><peer wordnetid="109626238" confidence="0.8"><person wordnetid="100007846" confidence="0.8"><honoree wordnetid="110183757" confidence="0.8"><intellectual wordnetid="109621545" confidence="0.8"><colleague wordnetid="109935990" confidence="0.8"><acquirer wordnetid="109764201" confidence="0.8"><scientist wordnetid="110560637" confidence="0.8"><adult wordnetid="109605289" confidence="0.8"><professional wordnetid="110480253" confidence="0.8"><recipient wordnetid="109627906" confidence="0.8"><educator wordnetid="110045713" confidence="0.8"><associate wordnetid="109816771" confidence="0.8"><communicator wordnetid="109610660" confidence="0.8"><laureate wordnetid="110249011" confidence="0.8"><alumnus wordnetid="109786338" confidence="0.8"><academician wordnetid="109759069" confidence="0.8"><causal_agent wordnetid="100007347" confidence="0.8"><writer wordnetid="110794014" confidence="0.8"><scholar wordnetid="110557854" confidence="0.8"><link ns0:type="simple" ns0:href="../428/3509428.xml">christos papadimitriou</link></scholar></writer></causal_agent></academician></alumnus></laureate></communicator></associate></educator></recipient></professional></adult></scientist></acquirer></colleague></intellectual></honoree></person></peer></physical_entity>computational complexity edition addison wesley isbn</cite></entry></list></p><p><list><entry level="1" type="bullet"><cite id="Reference-Pippenger-1997" style="font-style:normal" class="book">pippenger nicholas theories computability cambridge england cambridge university press</cite>abstract algebra the core the book rendering advanced and less accessible than other texts</entry></list></p><p><list><entry level="1" type="bullet"><cite id="Reference-Rodger-2006" style="font-style:normal" class="book">rodger susan thomas finley jflap interactive formal languages and automata package sudbury jones and bartlett isbn</cite></entry></list></p><p><list><entry level="1" type="bullet"><cite id="Reference-Sipser-2006" style="font-style:normal" class="book">sipser michael introduction the theory computation second edition boston mass thomson course technology isbn</cite>finite state machines finite automata chapter</entry></list></p><p><list><entry level="1" type="bullet"><cite id="Reference-Wood-1987" style="font-style:normal" class="book">wood derick theory computation new york harper row publishers inc isbn</cite></entry></list></p><p><list><entry level="1" type="bullet"><cite id="endnote_AlmeidaEtAl" style="font-style: normal;" />almeida marco moreira nelma reis rogerio the performance automata minimization algrotims<weblink ns0:type="simple" ns0:href="http://www.dcc.fc.up.pt/dcc/Pubs/TReports/TR07/dcc-2007-03.pdf" /></entry></list></p></ss1><ss1><st>abstract state machines theoretical computer science</st><p><list><entry level="1" type="bullet">yuri gurevich sequential abstract state machines capture sequential algorithms acm transactions computational logic july pages</entry></list></p></ss1><ss1><st>machine learning using finitestate algorithms</st><p><list><entry level="1" type="bullet"><cite id="Reference-Mitchell-1997" style="font-style:normal" class="book">mitchell tom machine learning new york wcbmcgrawhill corporation isbn</cite>broad brush but quite thorough and sometimes difficult meant for computer scientists and engineers chapter reinforcement learning deals with robotlearning involving statemachinelike algorithms</entry></list></p></ss1><ss1><st>hardware engineering state minimization and synthesis sequential circuits</st><p><list><entry level="1" type="bullet"><cite id="Reference-Booth-1967" style="font-style:normal" class="book">booth taylor sequential machines and automata theory new york john wiley and sons inc library congress card catalog number</cite>extensive wideranging book meant for specialists written for both theoretical computer scientists well electrical engineers with detailed explanations state minimization techniques fsms turing machines markov processes and undecidability excellent treatment markov processes</entry><entry level="1" type="bullet"><cite id="Reference-Booth-1971" style="font-style:normal" class="book">booth taylor digital networks and computer systems new york john wiley and sons inc isbn</cite>meant for electrical engineers more focused less demanding than his earlier book his treatment computers outdated interesting take definition algorithm</entry><entry level="1" type="bullet"><cite id="Reference-McCluskey-1965" style="font-style:normal" class="book">mccluskey introduction the theory switching circuits new york mcgrawhill book company inc library congress card catalog number</cite>meant for hardware electrical engineers with detailed explanations state minimization techniques and synthesis techniques for design combinatory logic circuits</entry><entry level="1" type="bullet"><cite id="Reference-Hill-1965" style="font-style:normal" class="book">hill fredrick gerald peterson introduction the theory switching circuits new york mcgrawhill book company library congress card catalog number</cite>meant for hardware electrical engineers excellent explanations state minimization techniques and synthesis techniques for design combinatory and sequential logic circuits</entry></list></p></ss1><ss1><st>finite markov chain processes</st><p><indent level="2">may think<physical_entity wordnetid="100001930" confidence="0.8"><person wordnetid="100007846" confidence="0.8"><model wordnetid="110324560" confidence="0.8"><assistant wordnetid="109815790" confidence="0.8"><worker wordnetid="109632518" confidence="0.8"><causal_agent wordnetid="100007347" confidence="0.8"><link ns0:type="simple" ns0:href="../876/60876.xml">markov chain</link></causal_agent></worker></assistant></model></person></physical_entity>process that moves successively through set states state moves the next stop state with probability pij these probabilities can exhibited the form transition matrix kemeny</indent>finite markovchain processes are also known<link ns0:type="simple" ns0:href="../265/1986265.xml">subshifts finite type</link></p><p><list><entry level="1" type="bullet"><cite id="Reference-Booth-1967" style="font-style:normal" class="book">booth taylor sequential machines and automata theory new york john wiley and sons inc library congress card catalog number</cite>extensive wideranging book meant for specialists written for both theoretical computer scientists well electrical engineers with detailed explanations state minimization techniques fsms turing machines markov processes and undecidability excellent treatment markov processes</entry><entry level="1" type="bullet"><cite id="Reference-Kemeny-1959" style="font-style:normal" class="book">kemeny john hazleton mirkil laurie snell gerald thompson finite mathematical structures englewood cliffs prenticehall inc library congress card catalog number</cite>classical text chapter finite markov chains</entry></list></p><p><table style=";width:auto;" class="navbox" cellspacing="0"><row><col style="padding:2px;"><table style="width:100%;background:transparent;color:inherit;;" class="nowraplinks collapsible autocollapse " cellspacing="0"><row><header colspan="2" style=";" class="navbox-title"><link ns0:type="simple" ns0:href="../356/103356.xml">automata theory</link><link ns0:type="simple" ns0:href="../939/10939.xml">formal language</link>and<link ns0:type="simple" ns0:href="../716/18020716.xml">formal grammar</link></header></row><row style="height:2px;" /><row><col colspan="2" style="width:100%;padding:0px;;;background:transparent;color:inherit;" class="navbox-list navbox-odd"><table style="text-align:left;width:100%;" class="navbox-columns-table" cellspacing="0"><row><col colspan="1" style="" class="navbox-abovebelow"><language wordnetid="106282651" confidence="0.8"><link ns0:type="simple" ns0:href="../011/6011.xml">chomsky hierarchy</link></language></col><col colspan="1" style="border-left:2px solid #fdfdfd;" class="navbox-abovebelow"><language wordnetid="106282651" confidence="0.8"><link ns0:type="simple" ns0:href="../716/18020716.xml">grammars</link></language></col><col colspan="1" style="border-left:2px solid #fdfdfd;" class="navbox-abovebelow"><link ns0:type="simple" ns0:href="../939/10939.xml">languages</link></col><col colspan="1" style="border-left:2px solid #fdfdfd;" class="navbox-abovebelow">minimal<link ns0:type="simple" ns0:href="../931/10931.xml">automaton</link></col></row><row style="height:2px;" /><row style="vertical-align:top;"><col style="padding:0px;text-align: center;;;;width:10em;">type type type type</col><col style="border-left:2px solid #fdfdfd;padding:0px;text-align: center;;;;width:10em;"><p><language wordnetid="106282651" confidence="0.8"><link ns0:type="simple" ns0:href="../174/4906174.xml">unrestricted</link></language>common name<language wordnetid="106282651" confidence="0.8"><link ns0:type="simple" ns0:href="../211/6211.xml">contextsensitive</link></language><language wordnetid="106282651" confidence="0.8"><link ns0:type="simple" ns0:href="../637/12656637.xml">indexed</link></language><model wordnetid="105890249" confidence="0.8"><idea wordnetid="105833840" confidence="0.8"><concept wordnetid="105835747" confidence="0.8"><hypothesis wordnetid="105888929" confidence="0.8"><link ns0:type="simple" ns0:href="../555/567555.xml">treeadjoining</link></hypothesis></concept></idea></model>etc<message wordnetid="106598915" confidence="0.8"><subject wordnetid="106599788" confidence="0.8"><language wordnetid="106282651" confidence="0.8"><link ns0:type="simple" ns0:href="../759/6759.xml">contextfree</link></language></subject></message><language wordnetid="106282651" confidence="0.8"><link ns0:type="simple" ns0:href="../024/10609024.xml">deterministic contextfree</link></language><language wordnetid="106282651" confidence="0.8"><link ns0:type="simple" ns0:href="../855/25855.xml">regular</link></language></p></col><col style="border-left:2px solid #fdfdfd;padding:0px;text-align: center;;;;width:10em;"><p><language wordnetid="106282651" confidence="0.8"><link ns0:type="simple" ns0:href="../789/54789.xml">recursively enumerable</link></language><language wordnetid="106282651" confidence="0.8"><link ns0:type="simple" ns0:href="../874/53874.xml">recursive</link></language><language wordnetid="106282651" confidence="0.8"><link ns0:type="simple" ns0:href="../212/6212.xml">contextsensitive</link></language><language wordnetid="106282651" confidence="0.8"><link ns0:type="simple" ns0:href="../284/7324284.xml">indexed</link></language><language wordnetid="106282651" confidence="0.8"><link ns0:type="simple" ns0:href="../226/13026226.xml">mildly contextsensitive</link></language><language wordnetid="106282651" confidence="0.8"><link ns0:type="simple" ns0:href="../867/6867.xml">contextfree</link></language><language wordnetid="106282651" confidence="0.8"><link ns0:type="simple" ns0:href="../589/7962589.xml">deterministic contextfree</link></language><language wordnetid="106282651" confidence="0.8"><link ns0:type="simple" ns0:href="../723/25723.xml">regular</link></language><language wordnetid="106282651" confidence="0.8"><link ns0:type="simple" ns0:href="../792/4922792.xml">starfree</link></language></p></col><col style="border-left:2px solid #fdfdfd;padding:0px;text-align: center;;;;width:10em;"><p><invention wordnetid="105633385" confidence="0.8"><know-how wordnetid="105616786" confidence="0.8"><method wordnetid="105660268" confidence="0.8"><link ns0:type="simple" ns0:href="../403/30403.xml">turing machine</link></method></know-how></invention><physical_entity wordnetid="100001930" confidence="0.8"><person wordnetid="100007846" confidence="0.8"><model wordnetid="110324560" confidence="0.8"><assistant wordnetid="109815790" confidence="0.8"><worker wordnetid="109632518" confidence="0.8"><causal_agent wordnetid="100007347" confidence="0.8"><link ns0:type="simple" ns0:href="../564/1352564.xml">decider</link></causal_agent></worker></assistant></model></person></physical_entity><physical_entity wordnetid="100001930" confidence="0.8"><person wordnetid="100007846" confidence="0.8"><model wordnetid="110324560" confidence="0.8"><assistant wordnetid="109815790" confidence="0.8"><worker wordnetid="109632518" confidence="0.8"><causal_agent wordnetid="100007347" confidence="0.8"><link ns0:type="simple" ns0:href="../962/1811962.xml">linearbounded</link></causal_agent></worker></assistant></model></person></physical_entity><physical_entity wordnetid="100001930" confidence="0.8"><person wordnetid="100007846" confidence="0.8"><model wordnetid="110324560" confidence="0.8"><assistant wordnetid="109815790" confidence="0.8"><worker wordnetid="109632518" confidence="0.8"><causal_agent wordnetid="100007347" confidence="0.8"><link ns0:type="simple" ns0:href="../447/9791447.xml">nested stack</link></causal_agent></worker></assistant></model></person></physical_entity><physical_entity wordnetid="100001930" confidence="0.8"><person wordnetid="100007846" confidence="0.8"><model wordnetid="110324560" confidence="0.8"><assistant wordnetid="109815790" confidence="0.8"><worker wordnetid="109632518" confidence="0.8"><causal_agent wordnetid="100007347" confidence="0.8"><link ns0:type="simple" ns0:href="../961/14345961.xml">embedded pushdown</link></causal_agent></worker></assistant></model></person></physical_entity><physical_entity wordnetid="100001930" confidence="0.8"><person wordnetid="100007846" confidence="0.8"><model wordnetid="110324560" confidence="0.8"><assistant wordnetid="109815790" confidence="0.8"><worker wordnetid="109632518" confidence="0.8"><causal_agent wordnetid="100007347" confidence="0.8"><link ns0:type="simple" ns0:href="../510/24510.xml">nondeterministic pushdown</link></causal_agent></worker></assistant></model></person></physical_entity><physical_entity wordnetid="100001930" confidence="0.8"><person wordnetid="100007846" confidence="0.8"><model wordnetid="110324560" confidence="0.8"><assistant wordnetid="109815790" confidence="0.8"><worker wordnetid="109632518" confidence="0.8"><causal_agent wordnetid="100007347" confidence="0.8"><link ns0:type="simple" ns0:href="../656/3972656.xml">deterministic pushdown</link></causal_agent></worker></assistant></model></person></physical_entity><link ns0:type="simple" ns0:href="../931/10931.xml">finite</link><language wordnetid="106282651" confidence="0.8"><link ns0:type="simple" ns0:href="../149/17995149.xml">aperiodic finite</link></language></p></col></row></table></col></row><row style="height:2px;" /><row><col colspan="2" style=";" class="navbox-abovebelow">each category languages grammars<link ns0:type="simple" ns0:href="../631/27631.xml">proper subset</link>the category directly above and any automaton each category has equivalent automaton the category directly above</col></row></table></col></row></table></p></ss1></sec></bdy></method></know-how></model></article>