<article xmlns:ns0="http://www.w3.org/1999/xlink"><work confidence="0.8" wordnetid="100575741"><event confidence="0.8" wordnetid="100029378"><company confidence="0.8" wordnetid="108058098"><service confidence="0.8" wordnetid="100577525"><act confidence="0.8" wordnetid="100030358"><psychological_feature confidence="0.8" wordnetid="100023100"><activity confidence="0.8" wordnetid="100407535"><institution confidence="0.8" wordnetid="108053576"><header><title>com</title><id /><revision><id /><timestamp /><contributor><username>lightbot</username><id /></contributor></revision><categories><category>web map services</category><category>directories</category><category>global internet community</category><category>companies based london</category><category>internet companies the united kingdom</category></categories></header><bdy><p>com<link ns0:type="simple" ns0:href="../023/4059023.xml">search engine</link>for finding people businesses and places the founded com holds over million records comprising current and historical<link ns0:type="simple" ns0:href="../039/1516039.xml">electoral roll</link><link ns0:type="simple" ns0:href="../468/18790468.xml">telephone numbers</link>information businesses listings<link ns0:type="simple" ns0:href="../822/4822.xml">company director</link>and the<link>births marriages and deaths</link>register since com launched new mapping tool including complete<administrative_unit wordnetid="108077292" confidence="0.8"><agency wordnetid="108337324" confidence="0.8"><executive_agency wordnetid="108123696" confidence="0.8"><link ns0:type="simple" ns0:href="../100/19344100.xml">ordnance survey</link></executive_agency></agency></administrative_unit>street coverage and resolution aerial photography</p><ss1><st>history</st><p><list><entry level="1" type="bullet">icd publishing founded alastair crawford without any funding and with the intention developing the first alternative<company wordnetid="108058098" confidence="0.9508927676800064"><link ns0:type="simple" ns0:href="../642/4642.xml">group</link></company>phone book com</entry></list></p><p><list><entry level="1" type="bullet">the first<recording wordnetid="104063868" confidence="0.8"><artifact wordnetid="100021939" confidence="0.8"><instrumentality wordnetid="103575240" confidence="0.8"><sound_recording wordnetid="104262678" confidence="0.8"><memory_device wordnetid="103744840" confidence="0.8"><device wordnetid="103183080" confidence="0.8"><phonograph_record wordnetid="103924069" confidence="0.8"><medium wordnetid="106254669" confidence="0.8"><link ns0:type="simple" ns0:href="../902/18959902.xml">cdrom</link></medium></phonograph_record></device></memory_device></sound_recording></instrumentality></artifact></recording>ukinfo launched containing over million<link ns0:type="simple" ns0:href="../039/1516039.xml">electoral roll</link>records with telephone numbers the first time the electoral roll information had been published rom proprietary compression algorithm had developed pack all the information one cdrom</entry></list></p><p><list><entry level="1" type="bullet">the credit agencies react restricting access future copies the electoral roll database icd publishing provided data paper format following formal requests required under the<link ns0:type="simple" ns0:href="../812/2200812.xml">representation the people act</link>typists take weeks double key million names and addresses kpmg give accuracy rating</entry></list></p><p><list><entry level="1" type="bullet">icd publishing challenged the established incumbent companies that were using licensing issues create barriers entry and made public data affordable for everyone for less than</entry></list></p><p /><p><list><entry level="1" type="bullet">icd publishings ukinfo disk becomes the first nongames rom top the charts</entry></list></p><p><list><entry level="1" type="bullet"><company wordnetid="108058098" confidence="0.9508927676800064"><link ns0:type="simple" ns0:href="../642/4642.xml">group</link></company>takes aggressive stance over the new directories threatening legal action com provides first real competition</entry></list></p><p><list><entry level="1" type="bullet">icd publishing lobbies oftel now<link ns0:type="simple" ns0:href="../296/411296.xml">ofcom</link>force license the directory database which duly does</entry></list></p><p><list><entry level="1" type="bullet"><link ns0:type="simple" ns0:href="../238/604238.xml">data protection act</link>expanded the act creating rights for those who have their data stored and responsibilities for those who store collect personal data</entry></list></p><p /><p><list><entry level="1" type="bullet">icd publishing becomes the first licensee groups directory enquiry database osis four years before deregulation voice services</entry></list></p><p /><p><list><entry level="1" type="bullet">alastair crawford named the<link ns0:type="simple" ns0:href="../063/299063.xml">sunday times rich list</link>based the assumed value com but refuses sell raise money</entry></list></p><p><list><entry level="1" type="bullet">com launched offering free access directory enquiry data electoral roll and<company wordnetid="108058098" confidence="0.9508927676800064"><link ns0:type="simple" ns0:href="../316/1284316.xml">dun bradstreet</link></company>business data</entry></list></p><p><list><entry level="1" type="bullet">icd publishing makes successful transition roms the internet</entry></list></p><p /><p><list><entry level="1" type="bullet"><web_site wordnetid="106359193" confidence="0.9508927676800064"><link ns0:type="simple" ns0:href="../553/38553.xml">aboutcom</link></web_site>names com one the top search sites worldwide</entry></list></p><p><list><entry level="1" type="bullet">net magazine names com one the websites that changed the internet forever<weblink ns0:type="simple" ns0:href="http://www.192.com/general/news.cfm">httpwwwcomgeneralnewscfm</weblink></entry></list></p><p /><p><list><entry level="1" type="bullet">com business services launches with the<network wordnetid="108434259" confidence="0.9508927676800064"><link ns0:type="simple" ns0:href="../654/19344654.xml">bbc</link></network>its first client</entry></list></p><p><list><entry level="1" type="bullet">icd publishing faces its biggest challenge royal mail issues high court lawsuit claiming royal mail own the postcode which every directory listing ambitious test case that claimed hundreds millions pounds</entry></list></p><p /><p><list><entry level="1" type="bullet">coms registered userbase grows million statement from com</entry></list></p><p><list><entry level="1" type="bullet">deregulation<link ns0:type="simple" ns0:href="../894/449894.xml">directory enquiries</link>sees massive dropoff calls and migration the web coms web traffic increases over months statement from com</entry></list></p><p><list><entry level="1" type="bullet">court clarified the rules for access the full electoral register order that icd publishing could abide those rules offer its users access the full electoral register<weblink ns0:type="simple" ns0:href="http://www.out-law.com/page-3865">httpwwwoutlawcompage</weblink></entry></list></p><p /><p><list><entry level="1" type="bullet">after spending legal costs icd publishing wins its two year battle with royal mail and wins costs<weblink ns0:type="simple" ns0:href="http://www.out-law.com/page-4294">httpwwwoutlawcompage</weblink>review how the address database managed and licensed ordered postcomm result the hearing the management royal mails address management centre overhauled</entry></list></p><p><list><entry level="1" type="bullet">com voted best online directory site the<weblink ns0:type="simple" ns0:href="http://www.118tracker.com/library-article-123.shtml">tracker awards</weblink>beating<link ns0:type="simple" ns0:href="../823/9139823.xml">yell</link><company wordnetid="108058098" confidence="0.9508927676800064"><link ns0:type="simple" ns0:href="../642/4642.xml">group</link></company>and<link ns0:type="simple" ns0:href="../157/1104157.xml">thomson</link></entry></list></p><p><list><entry level="1" type="bullet">coms registered user base reaches million statement from com</entry></list></p><p /><p><list><entry level="1" type="bullet">com launches census data and family records com now holds million people and business records statement from com</entry></list></p><p><list><entry level="1" type="bullet">com business services reaches corporate customers statement from com</entry></list></p><p /><p><list><entry level="1" type="bullet">com launches<link ns0:type="simple" ns0:href="../200/8561200.xml">online mapping</link>service with street coverage and aerial photography</entry></list></p><p><list><entry level="1" type="bullet">com launches web data the first information source combine offline directory data with web records extracted from the internet</entry></list></p><p><list><entry level="1" type="bullet">com launches ban the phonebook campaign calling phone book delivery become opt service reduce paper waste</entry></list></p><p /><p><list><entry level="1" type="bullet">com marks year anniversary and repositions uks first local search engine</entry></list></p><p><list><entry level="1" type="bullet">com launches new maps providing resolution</entry></list></p><p><list><entry level="1" type="bullet">the guardian publishes free our data article detailing history coms year campaign<weblink ns0:type="simple" ns0:href="http://www.guardian.co.uk/technology/2007/nov/08/freeourdata.news" /></entry></list></p><p /><p><list><entry level="1" type="bullet">com the first site the publish the electoral roll</entry></list></p><p><list><entry level="1" type="bullet">com adds age guide data the site providing indication persons age within year band for million people listings</entry></list></p><p><list><entry level="1" type="bullet">super zoom function com maps added with resolution aerial photography for square miles london three times more detailed than any other mapping website the equivalent looking down london from tenth story building<weblink ns0:type="simple" ns0:href="http://www.192.com/general/news/london-superzoom-aerial-photos.cfm" /></entry></list></p><p>com can provide<link ns0:type="simple" ns0:href="../098/70098.xml">log file</link>who has searched for person<weblink ns0:type="simple" ns0:href="http://www.prnewswire.co.uk/cgi/news/release?id=55253" />when requested law enforcement agencies personal details can also removed from the site faxing form fax number writing the company</p></ss1><ss1><st>external links</st><p><list><entry level="1" type="bullet"><weblink ns0:type="simple" ns0:href="http://www.192.com/">com</weblink></entry><entry level="1" type="bullet"><weblink ns0:type="simple" ns0:href="http://www.192business.com/">com business services</weblink></entry></list></p></ss1></bdy></institution></activity></psychological_feature></act></service></company></event></work></article>