<article xmlns:ns0="http://www.w3.org/1999/xlink"><header><title>bien logic</title><id /><revision><id /><timestamp /><contributor><username>gych</username><id /></contributor></revision><categories><category>information technology management</category></categories></header><bdy>bien logic inc was one the first interactive marketing agency based<link ns0:type="simple" ns0:href="../504/28504.xml">san diego</link><country wordnetid="108544813" confidence="0.9508927676800064"><link ns0:type="simple" ns0:href="../407/5407.xml">california</link></country>the mids was also the largest such company pioneered several innovations web development and internet software industry throughout the years over professionals worked bien logic san diego orange county and los angeles many these designers programmers account and sales executives managers went start other companies that continue exist and thrive today especially sitelab and netrics<sec><st>early years</st><p>bien logic was founded february<link ns0:type="simple" ns0:href="../598/34598.xml" />frederic bien collaboration with michel delory george geller and dina tsoukas peter yianilos was the first angel investor the company the initial plan was create<link ns0:type="simple" ns0:href="../786/290786.xml">educational software</link>for handheld<link ns0:type="simple" ns0:href="../814/192814.xml">digital books</link>and<link ns0:type="simple" ns0:href="../304/23304.xml">personal digital assistants</link>bien logic delivered two prototype products matchcoach for<company wordnetid="108058098" confidence="0.8"><subsidiary_company wordnetid="108003935" confidence="0.8"><institution wordnetid="108053576" confidence="0.8"><link ns0:type="simple" ns0:href="../882/1001882.xml">simon schuster</link></institution></subsidiary_company></company>and<company wordnetid="108058098" confidence="0.8"><institution wordnetid="108053576" confidence="0.8"><link ns0:type="simple" ns0:href="../103/1115103.xml">franklin electronic publishers</link></institution></company>ebook<weblink ns0:type="simple" ns0:href="http://www.franklin.com">httpwwwfranklincom</weblink>and spanishcoach for<physical_entity wordnetid="100001930" confidence="0.8"><person wordnetid="100007846" confidence="0.8"><assistant wordnetid="109815790" confidence="0.8"><worker wordnetid="109632518" confidence="0.8"><causal_agent wordnetid="100007347" confidence="0.8"><link ns0:type="simple" ns0:href="../887/887.xml">apple newton</link></causal_agent></worker></assistant></person></physical_entity><weblink ns0:type="simple" ns0:href="http://www.apple.com">httpwwwapplecom</weblink>faced with the low consumer adoption these early<link ns0:type="simple" ns0:href="../814/192814.xml">digital books</link>bien logic changed direction<link ns0:type="simple" ns0:href="../337/18948337.xml" />and started developing<link ns0:type="simple" ns0:href="../898/33898.xml">websites</link>and interactive marketing programs for various clients</p></sec><sec><st>web development</st><p>first commercial success was the launch the<link ns0:type="simple" ns0:href="../898/33898.xml">website</link>for university towne center then called shoputccom see now<weblink ns0:type="simple" ns0:href="http://westfield.com/utc/">different site</weblink>this website was inaugurated may<link ns0:type="simple" ns0:href="../658/34658.xml" /><link ns0:type="simple" ns0:href="../504/28504.xml">san diego</link>thenmayor<mayor wordnetid="110303814" confidence="0.9508927676800064"><link ns0:type="simple" ns0:href="../237/3277237.xml">susan golding</link></mayor>who called the largest expansion history for this major shopping center stage<physical_entity wordnetid="100001930" confidence="0.8"><disputant wordnetid="109615465" confidence="0.8"><person wordnetid="100007846" confidence="0.8"><environmentalist wordnetid="110060621" confidence="0.8"><reformer wordnetid="110515194" confidence="0.8"><biologist wordnetid="109855630" confidence="0.8"><causal_agent wordnetid="100007347" confidence="0.8"><scientist wordnetid="110560637" confidence="0.8"><zoologist wordnetid="110806222" confidence="0.8"><link>joan embery</link></zoologist></scientist></causal_agent></biologist></reformer></environmentalist></person></disputant></physical_entity><weblink ns0:type="simple" ns0:href="http://www.joanembery.com">httpwwwjoanemberycom</weblink>who then hosted popular show about animals was holding parrot her hands which pressed the enter key computer keyboard and pulled the utc home page for the first time the web this project won the award for best overall marketing campaign for shopping centers over million square feet from the international council shopping centers icsc stacy armstrong received the award for utc</p><p>following shoputccom were number noteworthy websites for<musical_organization wordnetid="108246613" confidence="0.8"><group wordnetid="100031264" confidence="0.8"><link ns0:type="simple" ns0:href="../852/5068852.xml">pearl jam</link></group></musical_organization>rock band<law_firm wordnetid="108064039" confidence="0.9508927676800064"><link ns0:type="simple" ns0:href="../019/1019019.xml">baker mckenzie</link></law_firm>law firm and first virtual holdings emailbased secure online payment system bien logic initial key staff were<link>ucsd</link>students and friends uyen nguyen marc northover mike zemans talented teresa shaw and the unstoppable bob adams later joined executives kevin mcdermott ops mgt charles gillespie proposals jack abbott sales bien logic established welldefined step process design produce and launch websites and interactive marketing campaigns this process was the core its commercial success</p><p>the firm continued grow developing larger projects for<firm wordnetid="108059870" confidence="0.8"><enterprise wordnetid="108056231" confidence="0.8"><business wordnetid="108061042" confidence="0.8"><link>trizechahn company</link></business></enterprise></firm>shopping centers<menagerie wordnetid="103745146" confidence="0.9508927676800064"><link ns0:type="simple" ns0:href="../392/317392.xml">san diego zoo</link></menagerie><company wordnetid="108058098" confidence="0.9508927676800064"><link ns0:type="simple" ns0:href="../442/4047442.xml">sempra energy</link></company>then called sdg<company wordnetid="108058098" confidence="0.9508927676800064"><link ns0:type="simple" ns0:href="../157/18157.xml">lucent technologies</link></company><company wordnetid="108058098" confidence="0.9508927676800064"><link>saturn cars</link></company><link>californiamart</link><weblink ns0:type="simple" ns0:href="http://www.procopio.com">procopio</weblink>law firm<weblink ns0:type="simple" ns0:href="http://www.avocado.org">california avocado commission</weblink><weblink ns0:type="simple" ns0:href="http://www.apparelnews.com">apparel news</weblink>for mnm publishing and many others</p><p>meanwhile additional people joined the company including marlene matheson sales dana todd and joe eibert account exec lane sharman cto victor spindler creative director<weblink ns0:type="simple" ns0:href="http://internetideals.com/">httpinternetidealscom</weblink>victoria battison becky savell editorial marc koob and adrian stewart ops mgt troy troxler project mgr and other important people</p></sec><sec><st>traffic analysis software</st><p>bien logic developed and marketed<weblink ns0:type="simple" ns0:href="http://www.accessmylibrary.com/comsite5/bin/pdinventory.pl?pdlanding=1 referid=2930 purchase_type=ITM item_id=0286-9382504">referid</weblink>two software applications that were among the first commercialgrade<link>web traffic analyzers</link><list><entry level="1" type="bullet">surfreport<weblink ns0:type="simple" ns0:href="http://findarticles.com/p/articles/mi_m0EIN/is_1997_March_12/ai_19198294" />devt led rick mcgillis and michel delory based graphics routine from matchcoach and</entry><entry level="1" type="bullet">proxyreport<weblink ns0:type="simple" ns0:href="http://www.careerknowhow.com/surfing.htm" />devt michel delory</entry></list></p><p>besides general<link>web traffic</link>reports surfreport<link ns0:type="simple" ns0:href="../636/34636.xml" />provided innovative and strategic marketing information namely list keywords searched web users<link ns0:type="simple" ns0:href="../023/4059023.xml">search engines</link>that had led these users visit the website where surfreport was installed that time major search engines were<company wordnetid="108058098" confidence="0.9508927676800064"><link ns0:type="simple" ns0:href="../979/21979.xml">netscape</link></company><link ns0:type="simple" ns0:href="../213/188213.xml">yahoo</link><link ns0:type="simple" ns0:href="../024/366024.xml">altavista</link><link ns0:type="simple" ns0:href="../513/1101513.xml">infoseek</link>and<web_site wordnetid="106359193" confidence="0.9508927676800064"><link ns0:type="simple" ns0:href="../846/536846.xml">excite</link></web_site>and none them offered buy keywords yet<link ns0:type="simple" ns0:href="../601/34601.xml" />surfreport was the first web traffic analyzer able analyze over gygabyte data less than hour was used<company wordnetid="108058098" confidence="0.9508927676800064"><link ns0:type="simple" ns0:href="../979/21979.xml">netscape</link></company><weblink ns0:type="simple" ns0:href="http://www.netscape.com">httpwwwnetscapecom</weblink>analyze some its log files which were among the largest the time frederic bien michel delory and rick mcgillis contributed articles about<link ns0:type="simple" ns0:href="../065/27065.xml">standardization</link><link ns0:type="simple" ns0:href="../455/33455.xml">web server</link><link>log files</link>and analysis their content<weblink ns0:type="simple" ns0:href="http://www.drdobbs.com/dept/architect/184410090" />correct date this article<link>oracle</link>marketed surfreport for its network computing architecture<weblink ns0:type="simple" ns0:href="http://findarticles.com/p/articles/mi_m0EIN/is_1997_March_12/ai_19198294" />john logan was software sales manager</p></sec><sec><st>web publishing</st><p>addition bien logic developed and published original websites that continue today<list><entry level="1" type="bullet">one the very first online dating sites<weblink ns0:type="simple" ns0:href="http://www.flirt.com">flirtcom</weblink>launched february<link ns0:type="simple" ns0:href="../658/34658.xml" />expanding simple<link ns0:type="simple" ns0:href="../063/34063.xml">webpage</link>named flirt online dec</entry><entry level="1" type="bullet">web directory<weblink ns0:type="simple" ns0:href="http://www.planetearth.net">planet earth pages</weblink>originally started richard bocher the<link>san diego navy</link><link ns0:type="simple" ns0:href="../337/18948337.xml" />was the most visited website the internet according wired magazine ranking</entry></list></p></sec><sec><st>other team members</st><p>additional angel investors the company were lenny and julia baum and sandor straus<weblink ns0:type="simple" ns0:href="http://www.firedoll.org/firedoll_about.html" />jacob reinbolt<weblink ns0:type="simple" ns0:href="http://procopio.com/profiles/attorney_detail.cfm?id=190" />was general counsel and became prolific writer the subject intellectual property protection the internet ken king cfo nazanin berenjian controller and eric boldt taxes handled bien logic finances</p></sec><sec><st>company sale sitelab and netrics</st><p>bien logic was sold the end form<weblink ns0:type="simple" ns0:href="http://www.sitelab.com/Interactive_Web_Agency/index_seo_web_developer.html">sitelab llc</weblink>and<weblink ns0:type="simple" ns0:href="http://www.netrics.com/">netrics inc</weblink>sitelab now top interactive agency<weblink ns0:type="simple" ns0:href="http://www.sitelab.com/Interactive_Web_Agency/Online_Marketing_Releases/pr_sitelab_top50_agencies.asp" />led former bien logic employees marlene matheson<weblink ns0:type="simple" ns0:href="http://sitelab.com/Interactive_Web_Agency/sli_team_web_development.html" />dana todd president board<link ns0:type="simple" ns0:href="../347/4739347.xml">sempo</link><weblink ns0:type="simple" ns0:href="http://www.searchenginestrategies.com/sew/chicago06/dtodd.html" />and mike zemans netrics innovative company<weblink ns0:type="simple" ns0:href="http://www.netrics.com/news_article.psp?newsID=6" />providing highend and intelligent search solutions for enterprise databases peter yianilos now chairman netrics<weblink ns0:type="simple" ns0:href="http://www.netrics.com/index.php/Management/Management.html" /></p></sec></bdy></article>