<article xmlns:ns0="http://www.w3.org/1999/xlink"><actor confidence="0.9508927676800064" wordnetid="109765278"><header><title>carolyn mccormick</title><id /><revision><id /><timestamp /><contributor><username>savolya</username><id /></contributor></revision><categories><category>births</category><category>articles expanded since january</category><category>american voice actors</category><category>american television actors</category><category>living people</category><category>articles with invalid date parameter template</category><category>people from midland texas</category><category>all articles expanded</category><category>american stage actors</category></categories></header><bdy><template><name>infobox actor</name><parameters><image width="150px" src="" /><birthplace><village wordnetid="108672738" confidence="0.9508927676800064"><link ns0:type="simple" ns0:href="../222/151222.xml">midland texas</link></village><body wordnetid="107965085" confidence="0.8"><social_group wordnetid="107950920" confidence="0.8"><political_orientation wordnetid="106212839" confidence="0.8"><colony wordnetid="108374049" confidence="0.8"><state wordnetid="108168978" confidence="0.8"><political_unit wordnetid="108359949" confidence="0.8"><group wordnetid="100031264" confidence="0.8"><democracy wordnetid="106217103" confidence="0.8"><link ns0:type="simple" ns0:href="../750/3434750.xml">united states</link></democracy></group></political_unit></state></colony></political_orientation></social_group></body></birthplace><name>carolyn mccormick</name><birthdate>september age</birthdate><birthname>carolyn inez mccormick</birthname></parameters></template><p><table class="metadata plainlinks ambox "><row><col>amboxnotice style</col></row><row><col class="mbox-image"><p><image width="44px" src="Wiki_letter_w.svg" /></p></col><col style="" class="mbox-text">please help<weblink ns0:type="simple" ns0:href="http://localhost:18088/wiki/index.php?title=Carolyn_McCormick action=edit">improve this article section</weblink>expanding further information might found the january</col></row></table></p><p>carolyn inez mccormick born<link ns0:type="simple" ns0:href="../147/28147.xml">september</link><link ns0:type="simple" ns0:href="../662/34662.xml" />american<link ns0:type="simple" ns0:href="../753/753.xml">actress</link></p><p>mccormick was born<village wordnetid="108672738" confidence="0.9508927676800064"><link ns0:type="simple" ns0:href="../222/151222.xml">midland texas</link></village>father who owned oil drilling company<ref ns0:type="simple" ns0:href="#xpointer(//reflist/entry[@id=%221%22])" />she graduated from<university wordnetid="108286163" confidence="0.9508927676800064"><link ns0:type="simple" ns0:href="../105/34105.xml">williams college</link></university>with theatre she also holds<link ns0:type="simple" ns0:href="../486/894486.xml">mfa</link>from the american conservatory theater san francisco she has worked<link ns0:type="simple" ns0:href="../831/29831.xml">television</link><link ns0:type="simple" ns0:href="../571/10571.xml">movies</link><link ns0:type="simple" ns0:href="../776/29776.xml">theatre</link>and<link ns0:type="simple" ns0:href="../673/95673.xml">voice acting</link>her break into television was the she had appeared the holodeck simulation<link ns0:type="simple" ns0:href="../004/654004.xml">minuet</link><music wordnetid="107020895" confidence="0.8"><episode wordnetid="106396330" confidence="0.8"><auditory_communication wordnetid="107109019" confidence="0.8"><written_communication wordnetid="106349220" confidence="0.8"><writing wordnetid="106362953" confidence="0.8"><section wordnetid="106392001" confidence="0.8"><link ns0:type="simple" ns0:href="../004/654004.xml" /></section></writing></written_communication></auditory_communication></episode></music>firstseason episode and later minuet riker<fictional_character wordnetid="109587565" confidence="0.8"><imaginary_being wordnetid="109483738" confidence="0.8"><link ns0:type="simple" ns0:href="../142/51142.xml">will rikers</link></imaginary_being></fictional_character>wife fantasyalternate universe during the fourth season episode<music wordnetid="107020895" confidence="0.8"><episode wordnetid="106396330" confidence="0.8"><auditory_communication wordnetid="107109019" confidence="0.8"><written_communication wordnetid="106349220" confidence="0.8"><writing wordnetid="106362953" confidence="0.8"><section wordnetid="106392001" confidence="0.8"><link ns0:type="simple" ns0:href="../969/562969.xml">future imperfect</link></section></writing></written_communication></auditory_communication></episode></music>the role she would become best known for was nbc network<physical_entity wordnetid="100001930" confidence="0.8"><person wordnetid="100007846" confidence="0.8"><fictional_character wordnetid="109587565" confidence="0.8"><imaginary_being wordnetid="109483738" confidence="0.8"><causal_agent wordnetid="100007347" confidence="0.8"><scientist wordnetid="110560637" confidence="0.8"><psychologist wordnetid="110488865" confidence="0.8"><link ns0:type="simple" ns0:href="../242/2736242.xml">elizabeth olivet</link></psychologist></scientist></causal_agent></imaginary_being></fictional_character></person></physical_entity><series wordnetid="108457976" confidence="0.9508927676800064"><link ns0:type="simple" ns0:href="../629/173629.xml">law order</link></series>during she played the the unhappy wife police psychiatrist played robert pastorelli the shortlived americanized version the british series<link ns0:type="simple" ns0:href="../982/5982.xml">cracker</link><ref ns0:type="simple" ns0:href="#xpointer(//reflist/entry[@id=%222%22])" /></p><p>she appeared the cherry hill theatre<region wordnetid="108630985" confidence="0.8"><administrative_district wordnetid="108491826" confidence="0.8"><location wordnetid="100027167" confidence="0.8"><district wordnetid="108552138" confidence="0.8"><country wordnetid="108544813" confidence="0.8"><link ns0:type="simple" ns0:href="../131/8210131.xml">new york</link></country></district></location></administrative_district></region>eveolution with<series wordnetid="108457976" confidence="0.9508927676800064"><link ns0:type="simple" ns0:href="../325/170325.xml">the cosby show</link></series>star<actor wordnetid="109765278" confidence="0.9508927676800064"><link ns0:type="simple" ns0:href="../346/921346.xml">sabrina beauf</link></actor></p><p>married byron jennings actor who appeared with mccormick<movie wordnetid="106613686" confidence="0.9508927676800064"><link ns0:type="simple" ns0:href="../981/4856981.xml">simple twist fate</link></movie>film</p><sec><st>filmography</st><p><list><entry level="1" type="bullet">asst dist atty rita fiore season</entry><entry level="1" type="bullet"><movie wordnetid="106613686" confidence="0.9508927676800064"><link ns0:type="simple" ns0:href="../691/6276691.xml">enemy mine</link></movie>morse</entry><entry level="1" type="bullet"><series wordnetid="108457976" confidence="0.9508927676800064"><link ns0:type="simple" ns0:href="../629/173629.xml">law order</link></series><physical_entity wordnetid="100001930" confidence="0.8"><person wordnetid="100007846" confidence="0.8"><fictional_character wordnetid="109587565" confidence="0.8"><imaginary_being wordnetid="109483738" confidence="0.8"><causal_agent wordnetid="100007347" confidence="0.8"><scientist wordnetid="110560637" confidence="0.8"><psychologist wordnetid="110488865" confidence="0.8"><link ns0:type="simple" ns0:href="../242/2736242.xml">elizabeth olivet</link></psychologist></scientist></causal_agent></imaginary_being></fictional_character></person></physical_entity></entry><entry level="1" type="bullet"><link ns0:type="simple" ns0:href="../592/798592.xml">cracker</link>judith fitzgerald</entry><entry level="1" type="bullet"><event wordnetid="100029378" confidence="0.8"><social_event wordnetid="107288639" confidence="0.8"><contest wordnetid="107456188" confidence="0.8"><game wordnetid="100456199" confidence="0.8"><psychological_feature wordnetid="100023100" confidence="0.8"><link ns0:type="simple" ns0:href="../484/8484.xml">deus</link></psychological_feature></game></contest></social_event></event>anna navarremaggie chow other female characters carolyn mccormack voice</entry><entry level="1" type="bullet">women docs narrator voice</entry><entry level="1" type="bullet">emmetts mark mrs carlin</entry><entry level="1" type="bullet">this not chair mrs morrison</entry><entry level="1" type="bullet"><evil_spirit wordnetid="109541919" confidence="0.8"><vampire wordnetid="109544109" confidence="0.8"><belief wordnetid="105941423" confidence="0.8"><event wordnetid="100029378" confidence="0.8"><spirit wordnetid="109545324" confidence="0.8"><social_event wordnetid="107288639" confidence="0.8"><contest wordnetid="107456188" confidence="0.8"><spiritual_being wordnetid="109504135" confidence="0.8"><game wordnetid="100456199" confidence="0.8"><psychological_feature wordnetid="100023100" confidence="0.8"><link ns0:type="simple" ns0:href="../529/875529.xml">bloodrayne</link></psychological_feature></game></spiritual_being></contest></social_event></spirit></event></belief></vampire></evil_spirit>voice</entry></list></p></sec><sec><st>references</st><p><reflist><entry id="1" /><entry id="2">httpwwwcarolynmccormickcom</entry></reflist></p></sec><sec><st>external links</st><p><list><entry level="1" type="bullet"><weblink ns0:type="simple" ns0:href="http://www.imdb.com/name/nm0566509/">carolyn mccormick</weblink>the<web_site wordnetid="106359193" confidence="0.9508927676800064"><link ns0:type="simple" ns0:href="../554/2855554.xml">internet movie database</link></web_site></entry></list></p></sec></bdy></actor></article>