<article xmlns:ns0="http://www.w3.org/1999/xlink"><event confidence="0.8" wordnetid="100029378"><act confidence="0.8" wordnetid="100030358"><psychological_feature confidence="0.8" wordnetid="100023100"><procedure confidence="0.8" wordnetid="101023820"><activity confidence="0.8" wordnetid="100407535"><header><title>storage memory</title><id /><revision><id /><timestamp /><contributor><username>abf</username><id /></contributor></revision><categories><category>memory processes</category></categories></header><bdy>the human<link ns0:type="simple" ns0:href="../844/18844.xml">memory</link>has three processes memory storage and these include<link ns0:type="simple" ns0:href="../182/5128182.xml">encoding</link>storage and<link ns0:type="simple" ns0:href="../809/236809.xml">retrieval</link>storage the information that retained the<link ns0:type="simple" ns0:href="../236/338236.xml">sensory memory</link>the<link ns0:type="simple" ns0:href="../944/28944.xml">shortterm memory</link>the more permanent<link ns0:type="simple" ns0:href="../995/17995.xml">longterm memory</link></bdy></activity></procedure></psychological_feature></act></event></article>