<article xmlns:ns0="http://www.w3.org/1999/xlink"><system confidence="0.8" wordnetid="104377057"><artifact confidence="0.8" wordnetid="100021939"><instrumentality confidence="0.8" wordnetid="103575240"><entity confidence="0.9511911446218017" wordnetid="100001740"><header><title>database models</title><id /><revision><id /><timestamp /><contributor><username>smackbot</username><id /></contributor></revision><categories><category>databases</category><category>database management systems</category><category>articles merged since october</category><category>all articles merged</category><category>database theory</category></categories></header><bdy><table class="metadata plainlinks ambox "><row><col>amboxmove style</col></row><row><col class="mbox-image"><p><image width="50px" src="Merge-arrow.svg"><caption>merge arrow</caption></image></p></col><col style="" class="mbox-text">has been suggested that this article section into</col></row></table><p><table style="padding:0.3em; margin-left:15px; border:1px solid #A3B1BF; background:#f5faff; text-align:center; font-size:95%; line-height1.5em; width:160px;" align="right"><header style="background:#cedff2; padding:0.3em;"><link ns0:type="simple" ns0:href="../170/1659170.xml">database model</link></header><row><col style="padding:0.1em; font-size:0.9em; background-color:#cedff2">common models</col></row><row><col><link ns0:type="simple" ns0:href="../075/247075.xml">hierarchical</link><link ns0:type="simple" ns0:href="../098/185098.xml">network</link><link ns0:type="simple" ns0:href="../220/26220.xml">relational</link><system wordnetid="104377057" confidence="0.8"><artifact wordnetid="100021939" confidence="0.8"><instrumentality wordnetid="103575240" confidence="0.8"><link ns0:type="simple" ns0:href="../960/68960.xml">objectrelational</link></instrumentality></artifact></system><system wordnetid="104377057" confidence="0.8"><artifact wordnetid="100021939" confidence="0.8"><instrumentality wordnetid="103575240" confidence="0.8"><link ns0:type="simple" ns0:href="../826/22826.xml">object</link></instrumentality></artifact></system></col></row><row><col style="padding:0.1em; font-size:0.9em; background-color:#cedff2">other models</col></row><row><col><system wordnetid="104377057" confidence="0.8"><artifact wordnetid="100021939" confidence="0.8"><instrumentality wordnetid="103575240" confidence="0.8"><link ns0:type="simple" ns0:href="../803/1532803.xml">associative</link></instrumentality></artifact></system><link ns0:type="simple" ns0:href="../366/1183366.xml">conceptoriented</link><system wordnetid="104377057" confidence="0.8"><artifact wordnetid="100021939" confidence="0.8"><instrumentality wordnetid="103575240" confidence="0.8"><link ns0:type="simple" ns0:href="../290/519290.xml">multidimensional</link></instrumentality></artifact></system><link ns0:type="simple" ns0:href="../680/19558680.xml">semantic</link><link ns0:type="simple" ns0:href="../738/872738.xml">star schema</link><link ns0:type="simple" ns0:href="../351/1442351.xml">xml database</link></col></row></table><link ns0:type="simple" ns0:href="../871/82871.xml">data model</link>not just way structuring data also defines set operations that can performed the data the relational model for example defines operations such<link ns0:type="simple" ns0:href="../285/665285.xml">select</link><link>project</link>and<link ns0:type="simple" ns0:href="../204/665204.xml">join</link>although these operations may not explicit particular<link ns0:type="simple" ns0:href="../528/494528.xml">query language</link>they provide the foundation which query language built examples databases include word processors dictionary mail merges user preferences and information management systems</p><sec><st>models</st><p>various techniques are used model data structure most database systems are built around one particular data model although increasingly common for products offer support for more than one model for any one<link ns0:type="simple" ns0:href="../858/19858.xml">logical model</link>various physical implementations may possible and most products will offer the user some level control tuning the<link>physical implementation</link>since the choices that are made have significant effect performance example this the<link ns0:type="simple" ns0:href="../220/26220.xml">relational model</link>all serious implementations the relational model allow the creation indexes which provide fast access rows table the values certain columns are known</p><ss1><st>flat model</st><p>this may not strictly qualify data model defined above the<link ns0:type="simple" ns0:href="../973/573973.xml">flat table model</link>consists single twodimensional array<link ns0:type="simple" ns0:href="../040/18985040.xml">data</link>elements where all members given column are assumed similar values and all members row are assumed related one another for instance columns for name and password that might used part system security database each row would have the specific password associated with individual user columns the table often have type associated with them defining them character data date time information integers floating point numbers</p></ss1><ss1><st>hierarchical model</st><p><indent level="1">main article<link ns0:type="simple" ns0:href="../075/247075.xml">hierarchical model</link></indent><link ns0:type="simple" ns0:href="../075/247075.xml">hierarchical model</link>data organized into treelike structure implying single upward link each record describe the nesting and sort field keep the records particular order each samelevel list hierarchical structures were widely used the early mainframe database management systems such the information management system ims ibm and now describe the structure xml documents this structure allows one relationship between two types data this structure very efficient describe many relationships the real world recipes table contents ordering paragraphsverses any nested and sorted information however the hierarchical structure inefficient for certain database operations when full path opposed upward link and sort field not also included for each record</p><p>one limitation the hierarchical model its inability efficiently represent redundancy data<link>entityattributevalue</link>database models like<weblink ns0:type="simple" ns0:href="http://www.swinklink.com/">caboodle</weblink><company wordnetid="108058098" confidence="0.9508927676800064"><link ns0:type="simple" ns0:href="../847/1442847.xml">swink</link></company>are based this structure</p><p>parentchild relationship child may only have one parent but parent can have multiple children parents and children are tied together links called pointers parent will have list pointers each their children</p></ss1><ss1><st>network model</st><p><indent level="1">main article<link ns0:type="simple" ns0:href="../098/185098.xml">network model</link></indent>the<link ns0:type="simple" ns0:href="../098/185098.xml">network model</link>defined the<information wordnetid="105816287" confidence="0.8"><datum wordnetid="105816622" confidence="0.8"><link ns0:type="simple" ns0:href="../351/309351.xml">codasyl</link></datum></information>specification organizes data using two fundamental constructs called records and sets records contain fields which may organized hierarchically the programming language<link ns0:type="simple" ns0:href="../799/6799.xml">cobol</link>sets not confused with mathematical sets define<link ns0:type="simple" ns0:href="../383/2621383.xml">onetomany</link>relationships between records one owner many members record may owner any number sets and member any number sets</p><p>the network model variation the hierarchical model the extent that built the concept multiple branches lowerlevel structures emanating from one more nodes higherlevel structures while the model differs from the hierchical model that branches can connected multiple nodes the network model able represent redundancy data more efficiently than the hierarchical model</p><p>the operations the network model are navigational style program maintains current position and navigates from one record another following the relationships which the record participates records can also located supplying key values</p><p>although not essential feature the model network databases generally implement the set relationships means<link ns0:type="simple" ns0:href="../018/459018.xml">pointer</link>that directly address the location record disk this gives excellent retrieval performance the expense operations such database loading and reorganization</p><p>most<link ns0:type="simple" ns0:href="../826/22826.xml">object databases</link>use the navigational concept provide fast navigation across networks objects generally using object identifiers smart pointers related objects<system wordnetid="104377057" confidence="0.8"><artifact wordnetid="100021939" confidence="0.8"><instrumentality wordnetid="103575240" confidence="0.8"><link ns0:type="simple" ns0:href="../433/10375433.xml">objectivitydb</link></instrumentality></artifact></system>for instance implements named many many and manymany named relationships that can cross databases many<link ns0:type="simple" ns0:href="../826/22826.xml">object databases</link>also support<programming_language wordnetid="106898352" confidence="0.9508927676800064"><link ns0:type="simple" ns0:href="../004/29004.xml">sql</link></programming_language>combining the strengths both models</p></ss1><ss1><st>relational model</st><p><indent level="1">main article<link ns0:type="simple" ns0:href="../220/26220.xml">relational model</link></indent>the<link ns0:type="simple" ns0:href="../220/26220.xml">relational model</link>was introduced<weblink ns0:type="simple" ns0:href="http://www.acm.org/classics/nov95/toc.html">academic paper</weblink><link ns0:type="simple" ns0:href="../548/93548.xml">codd</link>way make database management systems more independent any particular application mathematical model defined terms<link ns0:type="simple" ns0:href="../970/74970.xml">predicate logic</link>and<link ns0:type="simple" ns0:href="../553/27553.xml">set theory</link></p><p>the products that are generally referred<link ns0:type="simple" ns0:href="../873/25873.xml">relational database</link>fact implement model that only approximation the mathematical model defined codd three key terms are used extensively relational database models relations attributes and domains relation table with columns and rows the named columns the relation are called attributes and the domain the set values the attributes are allowed take</p><p>the basic data structure the relational model the table where information about particular entity say employee represented columns and rows also called<link ns0:type="simple" ns0:href="../729/132729.xml">tuple</link>thus the relation relational database refers the various tables the database relation set tuples the columns enumerate the various attributes the entity the employees name address phone number for example and row actual instance the entity specific employee that represented the relation result each tuple the employee table represents various attributes single employee</p><p>all relations and thus tables relational database have adhere some basic rules qualify relations first the ordering columns immaterial table second there cant identical tuples rows table and third each tuple will contain single value for each its attributes</p><p>relational database contains multiple tables each similar the one the flat<link ns0:type="simple" ns0:href="../170/1659170.xml">database model</link>one the strengths the relational model that principle any value occurring two different records belonging the same table different tables implies relationship among those two records yet order enforce explicit integrity constraints relationships between records tables can also defined explicitly identifying nonidentifying parentchild relationships characterized assigning cardinality tables can also have designated single attribute set attributes that can act key which can used uniquely identify each tuple the table</p><p>key that can used uniquely identify row table called primary key keys are commonly used join combine data from two more tables for example employee table may contain column named location which contains value that matches the key location table keys are also critical the creation indexes which facilitate fast retrieval data from large tables any column can key multiple columns can grouped together into compound key not necessary define all the keys advance column can used key even was not originally intended one</p><p>key that has external realworld meaning such persons name books<link ns0:type="simple" ns0:href="../919/14919.xml">isbn</link>cars serial number sometimes called natural key natural key suitable think the many people named brown arbitrary surrogate key can assigned such giving employees numbers practice most databases have both generated and natural keys because generated keys can used internally create links between rows that can not break while natural keys can used less reliably for searches and for integration with other databases for example records two independently developed databases could matched<link ns0:type="simple" ns0:href="../702/48702.xml">social security number</link>except when the social security numbers are incorrect missing have changed</p><ss2><st>relational operations</st><p>users programs request data from relational database sending<link ns0:type="simple" ns0:href="../390/679390.xml">query</link>that written special language usually dialect<programming_language wordnetid="106898352" confidence="0.9508927676800064"><link ns0:type="simple" ns0:href="../004/29004.xml">sql</link></programming_language>although sql was originally intended for endusers much more common for sql queries embedded into software that provides easier user interface many web sites such wikipedia perform sql queries when generating pages</p><p>response query the database returns result set which just list rows containing the answers the simplest query just return all the rows from table but more often the rows are filtered some way return just the answer wanted</p><p>often data from multiple tables are combined into one doing<link ns0:type="simple" ns0:href="../204/665204.xml">join</link>conceptually this done taking all possible combinations rows the<idea wordnetid="105833840" confidence="0.8"><concept wordnetid="105835747" confidence="0.8"><link ns0:type="simple" ns0:href="../795/5795.xml">cartesian product</link></concept></idea>and then filtering out everything except the answer practice relational database management systems rewrite<system wordnetid="104377057" confidence="0.8"><artifact wordnetid="100021939" confidence="0.8"><instrumentality wordnetid="103575240" confidence="0.8"><event wordnetid="100029378" confidence="0.8"><rule wordnetid="105846932" confidence="0.8"><act wordnetid="100030358" confidence="0.8"><psychological_feature wordnetid="100023100" confidence="0.8"><procedure wordnetid="101023820" confidence="0.8"><activity wordnetid="100407535" confidence="0.8"><algorithm wordnetid="105847438" confidence="0.8"><link ns0:type="simple" ns0:href="../441/1732441.xml">optimize</link></algorithm></activity></procedure></psychological_feature></act></rule></event></instrumentality></artifact></system>queries perform faster using variety techniques</p><p>there are number relational operations addition join these include project the process eliminating some the columns restrict the process eliminating some the rows union way combining two tables with similar structures difference which lists the rows one table that are not found the other intersect which lists the rows found both tables and product mentioned above which combines each row one table with each row the other depending which other sources you consult there are number other operators many which can defined terms those listed above these include semijoin outer operators such outer join and outer union and various forms division then there are operators rename columns and summarizing aggregating operators and you permit relation values attributes rva<link ns0:type="simple" ns0:href="../377/8377.xml">relationvalued attribute</link>then operators such group and ungroup the select statement sql serves handle all these except for the group and ungroup operators</p><p>the flexibility relational databases allows programmers write queries that were not anticipated the database designers result relational databases can used multiple applications ways the original designers did not foresee which especially important for databases that might used for long time perhaps several decades this has made the idea and implementation relational databases very popular with businesses</p></ss2><ss2><st>normal forms</st><p><indent level="1">main article<relationship wordnetid="113928668" confidence="0.8"><confinement wordnetid="113998576" confidence="0.8"><state wordnetid="100024720" confidence="0.8"><subjugation wordnetid="113996300" confidence="0.8"><constraint wordnetid="113998781" confidence="0.8"><link ns0:type="simple" ns0:href="../640/8640.xml">database normalization</link></constraint></subjugation></state></confinement></relationship></indent>relations are classified based upon the types anomalies which theyre vulnerable database thats the first normal form vulnerable all types anomalies while database thats the domainkey normal form has modification anomalies normal forms are hierarchical nature that the lowest level the first normal form and the database can not meet the requirements for higher level normal forms without first having met all the requirements the lesser normal forms<ref ns0:type="simple" ns0:href="#xpointer(//reflist/entry[@id=%221%22])" /></p></ss2></ss1><ss1><st>dimensional model</st><p>the<link ns0:type="simple" ns0:href="../079/12321079.xml">dimensional model</link>specialized adaptation the relational model used represent data<link ns0:type="simple" ns0:href="../990/7990.xml">data warehouse</link>way that data can easily summarized using<link ns0:type="simple" ns0:href="../239/189239.xml">olap</link>queries the dimensional model database consists single large table facts that are described using dimensions and measures dimension provides the context fact such who participated when and where happened and its type and used queries group related facts together dimensions tend discrete and are often hierarchical for example the location might include the building state and country measure quantity describing the fact such revenue its important that measures can meaningfully aggregated for example the revenue from different locations can added together</p><p>olap query dimensions are chosen and the facts are grouped and added together create summary</p><p>the dimensional model often implemented top the relational model using<link ns0:type="simple" ns0:href="../738/872738.xml">star schema</link>consisting one table containing the facts and surrounding tables containing the dimensions particularly complicated dimensions might represented using multiple tables resulting<link ns0:type="simple" ns0:href="../338/1464338.xml">snowflake schema</link></p><p>data warehouse can contain multiple star schemas that share dimension tables allowing them used together coming with standard set dimensions important part dimensional modeling</p></ss1><ss1><st>object database models</st><p><indent level="1">main article<link ns0:type="simple" ns0:href="../960/68960.xml">objectrelational model</link></indent><indent level="1">main article<link ns0:type="simple" ns0:href="../487/5646487.xml">object model</link></indent>recent years the<link ns0:type="simple" ns0:href="../757/22757.xml">objectoriented</link>paradigm has been applied database technology creating new programming model known<link ns0:type="simple" ns0:href="../826/22826.xml">object database</link>these databases attempt bring the database world and the application programming world closer together particular ensuring that the database uses the same<link ns0:type="simple" ns0:href="../701/199701.xml">type system</link>the application program this aims avoid the overhead sometimes referred the<link ns0:type="simple" ns0:href="../278/2063278.xml">impedance mismatch</link>converting information between its representation the database for example rows tables and its representation the application program typically objects the same time object databases attempt introduce the key ideas object programming such<link ns0:type="simple" ns0:href="../301/10301.xml">encapsulation</link>and<link ns0:type="simple" ns0:href="../811/261811.xml">polymorphism</link>into the world databases</p><p>variety these ways have been tried for storing objects database some products have approached the problem from the application programming end making the objects manipulated the program<link ns0:type="simple" ns0:href="../689/24689.xml">persistent</link>this also typically requires the addition some kind query language since conventional programming languages not have the ability find objects based their information content others have attacked the problem from the database end defining objectoriented data model for the database and defining database programming language that allows full programming capabilities well traditional query facilities</p><p>object databases suffered because lack standardization although standards were defined<link ns0:type="simple" ns0:href="../009/1064009.xml">odmg</link>they were never implemented well enough ensure interoperability between products nevertheless object databases have been used successfully many applications usually specialized applications such engineering databases molecular biology databases rather than mainstream commercial data processing however object database ideas were picked the relational vendors and influenced extensions made these products and indeed the<programming_language wordnetid="106898352" confidence="0.9508927676800064"><link ns0:type="simple" ns0:href="../004/29004.xml">sql</link></programming_language>language</p></ss1></sec><sec><st>references</st><p><reflist><entry id="1">david kroenke database processing fundamentals design and implementation prenticehall inc pages</entry></reflist></p></sec><sec><st>see also</st><p><list><entry level="1" type="bullet"><link ns0:type="simple" ns0:href="../170/1659170.xml">list database models</link></entry></list></p><p><table style=";" class="navbox" cellspacing="0"><row><col style="padding:2px;"><table style="width:100%;background:transparent;color:inherit;;" class="nowraplinks collapsible autocollapse " cellspacing="0"><row><header colspan="2" style=";" class="navbox-title"><link ns0:type="simple" ns0:href="../513/8513.xml">database management system</link></header></row><row style="height:2px;" /><row><col colspan="2" style=";" class="navbox-abovebelow"><system wordnetid="104377057" confidence="0.8"><artifact wordnetid="100021939" confidence="0.8"><instrumentality wordnetid="103575240" confidence="0.8"><link ns0:type="simple" ns0:href="../520/10973520.xml">database models</link></instrumentality></artifact></system><relationship wordnetid="113928668" confidence="0.8"><confinement wordnetid="113998576" confidence="0.8"><state wordnetid="100024720" confidence="0.8"><subjugation wordnetid="113996300" confidence="0.8"><constraint wordnetid="113998781" confidence="0.8"><link ns0:type="simple" ns0:href="../640/8640.xml">database normalization</link></constraint></subjugation></state></confinement></relationship><system wordnetid="104377057" confidence="0.8"><artifact wordnetid="100021939" confidence="0.8"><instrumentality wordnetid="103575240" confidence="0.8"><link ns0:type="simple" ns0:href="../365/10983365.xml">database storage</link></instrumentality></artifact></system><system wordnetid="104377057" confidence="0.8"><artifact wordnetid="100021939" confidence="0.8"><instrumentality wordnetid="103575240" confidence="0.8"><link ns0:type="simple" ns0:href="../515/1990515.xml">distributed dbms</link></instrumentality></artifact></system><link ns0:type="simple" ns0:href="../718/445718.xml">referential integrity</link><link ns0:type="simple" ns0:href="../285/175285.xml">relational algebra</link><link ns0:type="simple" ns0:href="../769/175769.xml">relational calculus</link><link ns0:type="simple" ns0:href="../873/25873.xml">relational database</link><link ns0:type="simple" ns0:href="../743/98743.xml">relational dbms</link><link ns0:type="simple" ns0:href="../220/26220.xml">relational model</link><system wordnetid="104377057" confidence="0.8"><artifact wordnetid="100021939" confidence="0.8"><instrumentality wordnetid="103575240" confidence="0.8"><link ns0:type="simple" ns0:href="../960/68960.xml">objectrelational database</link></instrumentality></artifact></system><link ns0:type="simple" ns0:href="../409/212409.xml">transaction processing</link></col></row><row style="height:2px;" /><row><col style=";;" class="navbox-group">concepts</col><col style="text-align:left;border-left:2px solid #fdfdfd;width:100%;padding:0px;;;" class="navbox-list navbox-odd"><link ns0:type="simple" ns0:href="../377/8377.xml">database</link><link ns0:type="simple" ns0:href="../776/60776.xml">acid</link><link ns0:type="simple" ns0:href="../180/287180.xml">crud</link><link ns0:type="simple" ns0:href="../540/2002540.xml">null</link><link ns0:type="simple" ns0:href="../975/336975.xml">candidate key</link><link ns0:type="simple" ns0:href="../065/259065.xml">foreign key</link><link ns0:type="simple" ns0:href="../099/6850099.xml">primary key</link><link ns0:type="simple" ns0:href="../952/1137952.xml">superkey</link><link ns0:type="simple" ns0:href="../950/472950.xml">surrogate key</link></col></row><row style="height:2px" /><row><col style=";;" class="navbox-group">objects</col><col style="text-align:left;border-left:2px solid #fdfdfd;width:100%;padding:0px;;;" class="navbox-list navbox-even"><system wordnetid="104377057" confidence="0.8"><artifact wordnetid="100021939" confidence="0.8"><instrumentality wordnetid="103575240" confidence="0.8"><link ns0:type="simple" ns0:href="../316/1384316.xml">trigger</link></instrumentality></artifact></system><system wordnetid="104377057" confidence="0.8"><artifact wordnetid="100021939" confidence="0.8"><instrumentality wordnetid="103575240" confidence="0.8"><link ns0:type="simple" ns0:href="../226/1960226.xml">view</link></instrumentality></artifact></system><link ns0:type="simple" ns0:href="../163/1701163.xml">table</link><system wordnetid="104377057" confidence="0.8"><artifact wordnetid="100021939" confidence="0.8"><instrumentality wordnetid="103575240" confidence="0.8"><link ns0:type="simple" ns0:href="../836/2104836.xml">cursor</link></instrumentality></artifact></system><system wordnetid="104377057" confidence="0.8"><artifact wordnetid="100021939" confidence="0.8"><instrumentality wordnetid="103575240" confidence="0.8"><link ns0:type="simple" ns0:href="../974/245974.xml">log</link></instrumentality></artifact></system><link ns0:type="simple" ns0:href="../953/233953.xml">transaction</link><link ns0:type="simple" ns0:href="../076/1711076.xml">index</link><system wordnetid="104377057" confidence="0.8"><artifact wordnetid="100021939" confidence="0.8"><instrumentality wordnetid="103575240" confidence="0.8"><link ns0:type="simple" ns0:href="../251/277251.xml">stored procedure</link></instrumentality></artifact></system><system wordnetid="104377057" confidence="0.8"><artifact wordnetid="100021939" confidence="0.8"><instrumentality wordnetid="103575240" confidence="0.8"><link ns0:type="simple" ns0:href="../101/1983101.xml">partition</link></instrumentality></artifact></system></col></row><row style="height:2px" /><row><col style=";;" class="navbox-group"><programming_language wordnetid="106898352" confidence="0.9508927676800064"><link ns0:type="simple" ns0:href="../004/29004.xml">sql</link></programming_language></col><col style="text-align:left;border-left:2px solid #fdfdfd;width:100%;padding:0px;;;" class="navbox-list navbox-odd"><link ns0:type="simple" ns0:href="../285/665285.xml">select</link><link ns0:type="simple" ns0:href="../237/903237.xml">insert</link><link ns0:type="simple" ns0:href="../573/1220573.xml">update</link><link ns0:type="simple" ns0:href="../931/4347931.xml">merge</link><link ns0:type="simple" ns0:href="../216/1701216.xml">delete</link><link ns0:type="simple" ns0:href="../204/665204.xml">join</link><link ns0:type="simple" ns0:href="../258/11308258.xml">union</link><link ns0:type="simple" ns0:href="../018/452018.xml">create</link><link ns0:type="simple" ns0:href="../018/452018.xml">drop</link><link ns0:type="simple" ns0:href="../953/233953.xml#xpointer(//*[./st=%22In+SQL%22])">begin work</link><link ns0:type="simple" ns0:href="../958/1626958.xml">commit</link><link ns0:type="simple" ns0:href="../240/1015240.xml">rollback</link><link ns0:type="simple" ns0:href="../664/2554664.xml">truncate</link><link ns0:type="simple" ns0:href="../018/452018.xml">alter</link><link ns0:type="simple" ns0:href="../499/19041499.xml">xsql</link></col></row><row style="height:2px" /><row><col style=";;" class="navbox-group">implementations</col><col style="text-align:left;border-left:2px solid #fdfdfd;width:100%;padding:0px;;;" class="navbox-list navbox-even"><link ns0:type="simple" ns0:href="../873/25873.xml">relational</link><link ns0:type="simple" ns0:href="../973/573973.xml">flat file</link><link ns0:type="simple" ns0:href="../069/1971069.xml">deductive</link><link ns0:type="simple" ns0:href="../079/12321079.xml">dimensional</link><link ns0:type="simple" ns0:href="../075/247075.xml">hierarchical</link><link ns0:type="simple" ns0:href="../098/185098.xml">network</link><system wordnetid="104377057" confidence="0.8"><artifact wordnetid="100021939" confidence="0.8"><instrumentality wordnetid="103575240" confidence="0.8"><link ns0:type="simple" ns0:href="../414/15002414.xml">documentoriented</link></instrumentality></artifact></system><system wordnetid="104377057" confidence="0.8"><artifact wordnetid="100021939" confidence="0.8"><instrumentality wordnetid="103575240" confidence="0.8"><link ns0:type="simple" ns0:href="../826/22826.xml">objectoriented</link></instrumentality></artifact></system><system wordnetid="104377057" confidence="0.8"><artifact wordnetid="100021939" confidence="0.8"><instrumentality wordnetid="103575240" confidence="0.8"><link ns0:type="simple" ns0:href="../960/68960.xml">objectrelational</link></instrumentality></artifact></system><system wordnetid="104377057" confidence="0.8"><artifact wordnetid="100021939" confidence="0.8"><instrumentality wordnetid="103575240" confidence="0.8"><link ns0:type="simple" ns0:href="../471/1252471.xml">temporal</link></instrumentality></artifact></system><link ns0:type="simple" ns0:href="../351/1442351.xml">xml data stores</link><link ns0:type="simple" ns0:href="../386/16727386.xml">triple stores</link></col></row><row style="height:2px" /><row><col style=";;" class="navbox-group">components</col><col style="text-align:left;border-left:2px solid #fdfdfd;width:100%;padding:0px;;;" class="navbox-list navbox-odd"><link ns0:type="simple" ns0:href="../356/217356.xml">concurrency control</link><link ns0:type="simple" ns0:href="../139/645139.xml">data dictionary</link><link ns0:type="simple" ns0:href="../755/42755.xml">jdbc</link><link ns0:type="simple" ns0:href="../701/168701.xml">odbc</link><link ns0:type="simple" ns0:href="../528/494528.xml">query language</link><system wordnetid="104377057" confidence="0.8"><artifact wordnetid="100021939" confidence="0.8"><instrumentality wordnetid="103575240" confidence="0.8"><event wordnetid="100029378" confidence="0.8"><rule wordnetid="105846932" confidence="0.8"><act wordnetid="100030358" confidence="0.8"><psychological_feature wordnetid="100023100" confidence="0.8"><procedure wordnetid="101023820" confidence="0.8"><activity wordnetid="100407535" confidence="0.8"><algorithm wordnetid="105847438" confidence="0.8"><link ns0:type="simple" ns0:href="../441/1732441.xml">query optimizer</link></algorithm></activity></procedure></psychological_feature></act></rule></event></instrumentality></artifact></system><system wordnetid="104377057" confidence="0.8"><artifact wordnetid="100021939" confidence="0.8"><instrumentality wordnetid="103575240" confidence="0.8"><link ns0:type="simple" ns0:href="../792/1710792.xml">query plan</link></instrumentality></artifact></system></col></row><row style="height:2px;" /><row><col colspan="2" style=";" class="navbox-abovebelow">database products<link ns0:type="simple" ns0:href="../860/1568860.xml">objectoriented</link><link ns0:type="simple" ns0:href="../534/1593534.xml">comparison</link><link ns0:type="simple" ns0:href="../820/1568820.xml">relational</link><link ns0:type="simple" ns0:href="../036/1569036.xml">comparison</link><system wordnetid="104377057" confidence="0.8"><artifact wordnetid="100021939" confidence="0.8"><instrumentality wordnetid="103575240" confidence="0.8"><link ns0:type="simple" ns0:href="../414/15002414.xml">documentoriented</link></instrumentality></artifact></system></col></row></table></col></row></table></p></sec></bdy></entity></instrumentality></artifact></system></article>