<article xmlns:ns0="http://www.w3.org/1999/xlink"><event confidence="0.8" wordnetid="100029378"><rule confidence="0.8" wordnetid="105846932"><act confidence="0.8" wordnetid="100030358"><psychological_feature confidence="0.8" wordnetid="100023100"><procedure confidence="0.8" wordnetid="101023820"><activity confidence="0.8" wordnetid="100407535"><algorithm confidence="0.8" wordnetid="105847438"><header><title>gene expression programming</title><id /><revision><id /><timestamp /><contributor><username>proteus</username><id /></contributor></revision><categories><category>genetic programming</category><category>genetics</category><category>evolutionary algorithms</category></categories></header><bdy>gene expression programming gep evolutionary<link ns0:type="simple" ns0:href="../775/775.xml">algorithm</link>that evolves populations<link ns0:type="simple" ns0:href="../783/5783.xml">computer program</link>order solve user defined problem gep has similarities but distinct the evolutionary computational method<link ns0:type="simple" ns0:href="../424/12424.xml">genetic programming</link><link ns0:type="simple" ns0:href="../424/12424.xml">genetic programming</link>the individuals comprising population are typically symbolic<link>expression trees</link>however the individuals comprising population gep are encoded linear<link ns0:type="simple" ns0:href="../438/6438.xml">chromosomes</link>which are expressed translated into<link>expression trees</link>thus gep the<link ns0:type="simple" ns0:href="../796/12796.xml">genotype</link>the linear chromosomes and the<link ns0:type="simple" ns0:href="../543/24543.xml">phenotype</link>the expression trees are different entities both structurally and functionally that work together form trial solution the user defined problem<p>analogue nature the linear chromosomes consist the genetic material that passed with modification the next generation iteration the algorithm therefore gep all the genetic modifications take place the chromosomes and only the chromosomes are transmitted the process reproduction after reproduction the new chromosomes are expressed forming the body expression trees ets</p><p>the ets are themselves computer programs evolved solve particular problem and are selected according their capabilities solving the problem hand after repeated iteration populations such computer programs can discover new traits and become better adapted particular selection environment for instance set experimental results the desired endpoint the algorithm that good solution has been evolved the evolutionary process</p><p>due the genotypephenotype representation and the<link>multigenic</link>organization gep chromosomes has been claimed<link>cndida ferreira</link>that gep surpasses the traditional<link ns0:type="simple" ns0:href="../424/12424.xml">genetic programming</link>approach for number benchmark problems factor</p><p>for further details gep see<weblink ns0:type="simple" ns0:href="http://www.gene-expression-programming.com/webpapers/gep.pdf">gep paper</weblink>published<magazine wordnetid="106595351" confidence="0.9508927676800064"><link ns0:type="simple" ns0:href="../458/10703458.xml">complex systems</link></magazine>written<link>cndida ferreira</link>where the algorithm described and applied set problems including symbolic regression boolean concept learning and cellular automata</p><sec><st>further reading</st><p><list><entry level="1" type="bullet">ferreira cndida gene expression programming mathematical modeling artificial intelligence springerverlag isbn</entry><entry level="1" type="bullet">ferreira gene expression programming mathematical modeling artificial intelligence angra heroismo portugal isbn<weblink ns0:type="simple" ns0:href="http://www.gene-expression-programming.com/GepBook/Introduction.htm">online version</weblink></entry></list></p></sec><sec><st>references</st><p><list><entry level="1" type="bullet"><weblink ns0:type="simple" ns0:href="http://www.gene-expression-programming.com/">gep home page</weblink></entry></list></p></sec></bdy></algorithm></activity></procedure></psychological_feature></act></rule></event></article>