<article xmlns:ns0="http://www.w3.org/1999/xlink"><header><title>mona operating system</title><id /><revision><id /><timestamp /><contributor><username>rwwww</username><id /></contributor></revision><categories><category>channel</category><category>free software operating systems</category></categories></header><bdy>mona microkernel operating system with network suite architecture<link ns0:type="simple" ns0:href="../194/22194.xml">operating system</link>written<programming_language wordnetid="106898352" confidence="0.9508927676800064"><link ns0:type="simple" ns0:href="../038/72038.xml" /></programming_language>named after<link>mona</link><link ns0:type="simple" ns0:href="../538/1123538.xml">shift jis art</link>character found<system wordnetid="108435388" confidence="0.8"><possession wordnetid="100032613" confidence="0.8"><property wordnetid="113244109" confidence="0.8"><group wordnetid="100031264" confidence="0.8"><network wordnetid="108434259" confidence="0.8"><link ns0:type="simple" ns0:href="../794/217794.xml">channel</link></network></group></property></possession></system>popular japanese<link ns0:type="simple" ns0:href="../430/3430.xml">bbs</link><sec><st>external links</st><p><list><entry level="1" type="bullet"><weblink ns0:type="simple" ns0:href="http://www.monaos.org">free operating system mona</weblink>project website</entry><entry level="1" type="bullet"><weblink ns0:type="simple" ns0:href="http://higepon.blogspot.com/">higepon blog</weblink>developers blog</entry></list></p></sec></bdy></article>