<article xmlns:ns0="http://www.w3.org/1999/xlink"><problem confidence="0.9511911446218017" wordnetid="114410605"><header><title>unsolved problems computer science</title><id /><revision><id /><timestamp /><contributor><username>russbot</username><id /></contributor></revision><categories><category>artificial intelligence</category><category>theory computation</category><category>unsolved problems computer science</category><category>articles with invalid date parameter template</category><category>articles expanded since august</category><category>conjectures</category><category>all articles expanded</category><category>lists unsolved problems</category><category>cryptography</category><category>computer lists</category></categories></header><bdy><table class="metadata plainlinks ambox "><row><col>amboxnotice style</col></row><row><col class="mbox-image"><p><image width="44px" src="Wiki_letter_w.svg" /></p></col><col style="" class="mbox-text">please help<weblink ns0:type="simple" ns0:href="http://localhost:18088/wiki/index.php?title=Unsolved_problems_in_computer_science action=edit">improve this article section</weblink>expanding further information might found the august</col></row></table><p>this article<link ns0:type="simple" ns0:href="../819/10917819.xml">list open problems</link><link ns0:type="simple" ns0:href="../323/5323.xml">computer science</link>solution the problems this list will have major impact the field study which they belong</p><sec><st /><p /><p><indent level="1">main article<link ns0:type="simple" ns0:href="../115/6115.xml">and</link></indent>field<link ns0:type="simple" ns0:href="../402/30402.xml">theory computation</link><list><entry level="1" type="definition">source<person wordnetid="100007846" confidence="0.9508927676800064"><scientist wordnetid="110560637" confidence="0.9508927676800064"><link ns0:type="simple" ns0:href="../432/39432.xml">cook</link></scientist></person>and<person wordnetid="100007846" confidence="0.9508927676800064"><link ns0:type="simple" ns0:href="../708/402708.xml">leonid levin</link></person>proceedings the annual acm symposium theory computing</entry><entry level="1" type="definition">description<class wordnetid="107997703" confidence="0.8"><collection wordnetid="107951464" confidence="0.8"><group wordnetid="100031264" confidence="0.8"><link ns0:type="simple" ns0:href="../550/658550.xml" /></group></collection></class>the class problems whose solution can found<link ns0:type="simple" ns0:href="../576/44576.xml">polynomial time</link><class wordnetid="107997703" confidence="0.8"><collection wordnetid="107951464" confidence="0.8"><group wordnetid="100031264" confidence="0.8"><link ns0:type="simple" ns0:href="../562/21562.xml" /></group></collection></class>the class problems whose solution can found polynomial time with nondeterministic algorithm equivalently whose solution exists can deterministically verified polynomial time naturally any problem also the versus question whether also subset and hence whether the classes are equal one can see the question specific case the problem proving lower bounds for computational problems</entry><entry level="1" type="definition">importance the classes are equal then can solve many problems that are currently considered intractable they are not then<class wordnetid="107997703" confidence="0.8"><collection wordnetid="107951464" confidence="0.8"><group wordnetid="100031264" confidence="0.8"><link ns0:type="simple" ns0:href="../466/39466.xml">npcomplete</link></group></collection></class>problems are problems that are probably<class wordnetid="107997703" confidence="0.8"><collection wordnetid="107951464" confidence="0.8"><group wordnetid="100031264" confidence="0.8"><link ns0:type="simple" ns0:href="../681/54681.xml">hard</link></group></collection></class></entry><entry level="1" type="definition">conjecture though the question far from being settled most experts believe that the classes are different<ref ns0:type="simple" ns0:href="#xpointer(//reflist/entry[@id=%221%22])" /></entry></list></p></sec><sec><st>the existence oneway functions</st><p><indent level="1">main article<physical_entity wordnetid="100001930" confidence="0.8"><person wordnetid="100007846" confidence="0.8"><causal_agent wordnetid="100007347" confidence="0.8"><primitive wordnetid="109627462" confidence="0.8"><link ns0:type="simple" ns0:href="../890/363890.xml">oneway function</link></primitive></causal_agent></person></physical_entity></indent>field<link ns0:type="simple" ns0:href="../432/18934432.xml">cryptography</link><list><entry level="1" type="definition">source<physical_entity wordnetid="100001930" confidence="0.8"><person wordnetid="100007846" confidence="0.8"><cryptanalyst wordnetid="109981540" confidence="0.8"><intellectual wordnetid="109621545" confidence="0.8"><causal_agent wordnetid="100007347" confidence="0.8"><decoder wordnetid="109995398" confidence="0.8"><link ns0:type="simple" ns0:href="../776/427776.xml">diffie</link></decoder></causal_agent></intellectual></cryptanalyst></person></physical_entity><physical_entity wordnetid="100001930" confidence="0.8"><person wordnetid="100007846" confidence="0.8"><cryptanalyst wordnetid="109981540" confidence="0.8"><intellectual wordnetid="109621545" confidence="0.8"><scientist wordnetid="110560637" confidence="0.8"><inventor wordnetid="110214637" confidence="0.8"><creator wordnetid="109614315" confidence="0.8"><alumnus wordnetid="109786338" confidence="0.8"><worker wordnetid="109632518" confidence="0.8"><causal_agent wordnetid="100007347" confidence="0.8"><employee wordnetid="110053808" confidence="0.8"><decoder wordnetid="109995398" confidence="0.8"><scholar wordnetid="110557854" confidence="0.8"><link ns0:type="simple" ns0:href="../387/422387.xml">hellman</link></scholar></decoder></employee></causal_agent></worker></alumnus></creator></inventor></scientist></intellectual></cryptanalyst></person></physical_entity>ieee trans inform theory<weblink ns0:type="simple" ns0:href="http://citeseer.ist.psu.edu/340126.html">online copy html</weblink></entry><entry level="1" type="definition">description oneway functions are easy compute but hard invert although there are several candidates for which good quick reverse algorithms are currently known hasnt yet been proven that any function exists for which such reverse algorithms exist</entry><entry level="1" type="definition">importance oneway functions not exist then<link>public key cryptography</link>impossible their existence would imply that many complexity classes are not learnable and that pnp</entry><entry level="1" type="definition">conjecture assumed but unproven that they exist several encryption systems are based the assumption that<link ns0:type="simple" ns0:href="../032/903032.xml">modular exponentiation</link>oneway function</entry></list></p></sec><sec><st>formalize axiomatize the<link ns0:type="simple" ns0:href="../854/6854.xml">churchturing thesis</link>that can proved disproved</st><p>source<list><entry level="1" type="bullet">nachum dershowitz and yuri gurevich natural axiomization churchs thesis appears gurevichs website observe not only the title but the very first lines the paper quote from shoenfield</entry><entry level="2" type="indent">can write down some axioms about computable functions which most people would agree are evidently true might possible prove churchs thesis from such axioms joseph shoenfield dershowitz and gurevich</entry><entry level="1" type="indent">dershowitz and gurevich deliver their thesis nutshell</entry><entry level="2" type="indent">hence remains real importance provide small number convincing postulates support churchs thesis indeed gdel has been reported church letter kleene cited davis martin davis why gdel didnt have churchs thesis information and control vol julyaugust have believed that might possible state set axioms which would embody the generally accepted properties effective calculability and something that basis</entry></list></p><p><indent level="2">georg kriesel described the discovery evident axioms about constructive functions one the really important open problems georg kreisel mathematical logic sasty lectures modern mathematics iii wiley and sons new york and one the more feasible problems the present time georg kreisel mathematical logic what has done for the philosophy mathematics ralph schoenman bertrand russell philosopher the century allen unwin london</indent><indent level="2">propose just such axiomatization the sections that follow demonstrate that under certain very natural hypotheses regarding algorithmic activity churchs thesis fact provable dershowitz and gurevich</indent><list><entry level="1" type="bullet">samual buss alexander kechris anand pillay and richard shore june the prospects for mathematical logic the twentyfirst century this paper came from panel discussion the association for symbolic logic held urbanachampain shore stated the following three problems under the heading computer science</entry><entry level="1" type="indent">prove the churchturing thesis finding intuitively obvious least clearly acceptable properties computation that suffice guarantee that any function computed recursive perhaps the question whether can sufficiently precise about what mean computation without reference the method carrying out the computation give more general more convincing argument independent the physical logical implementation</entry></list></p><p><indent level="1">what does physics have say about computability and provability logic physical restrictions the one hand quantum computing the other mean that should modify our understanding computability least study other notions</indent><indent level="1">find and argue conclusively for formal definition algorithm and the appropriate analog the churchturing thesis thus want definition that will some precise equivalence relation capture the notion that two algorithms are the same opposed just computing the same function</indent>description<indent level="1">the thesis states that effective computation calculation<link ns0:type="simple" ns0:href="../775/775.xml">algorithm</link>can carried out<invention wordnetid="105633385" confidence="0.8"><know-how wordnetid="105616786" confidence="0.8"><method wordnetid="105660268" confidence="0.8"><link ns0:type="simple" ns0:href="../403/30403.xml">turing machine</link></method></know-how></invention>equivalent abstract computational device for example deterministic discretestate sequential spacetime limited bounded processmethod but since such notions effective computation are not wellenough defined and not presented small collection axioms gdels proposal the thesis can not proven rather was done kleene who proposed the thesis must either accepted conjecture based intuition heuristics and empirical methods observation and accumulation evidence perhaps presented definition the approach taken church and hotly criticized post else deemed natural law requiring continual verification posts proposal hotly criticized church</indent>importance<indent level="1">acceptable axioms and proof the thesis will show that any behavior that can called computational can done<invention wordnetid="105633385" confidence="0.8"><know-how wordnetid="105616786" confidence="0.8"><method wordnetid="105660268" confidence="0.8"><link ns0:type="simple" ns0:href="../403/30403.xml">turing machine</link></method></know-how></invention>equivalent show that the thesis wrong will demonstrate lead new kinds problems that are not computable andor new methods that compute what can not otherwise computed turing machine equivalent</indent>current conjecture</p><p><indent level="1">propose just such axiomatization the sections that follow demonstrate that under certain very natural hypotheses regarding algorithmic activity churchs thesis fact provable dershowitz and gurevich</indent></p></sec><sec><st>design skilled<game wordnetid="100456199" confidence="0.9508927676800064"><link ns0:type="simple" ns0:href="../971/64971.xml" /></game>playing program</st><p><indent level="1">main article<link ns0:type="simple" ns0:href="../021/227021.xml">computer</link></indent>field<indent level="1"><link ns0:type="simple" ns0:href="../164/1164.xml">artificial intelligence</link></indent>source<list><entry level="1" type="bullet"><link>zobrist albert</link>model visual organisation for the game<link>proceedings the spring joint computer conference</link>volume pages</entry><entry level="1" type="bullet">zobrist albert feature extractions and representation for pattern recognition and the game phd graduate school the<university wordnetid="108286163" confidence="0.9508927676800064"><link ns0:type="simple" ns0:href="../711/347711.xml">university wisconsinmadison</link></university>august</entry></list></p><p>description<indent level="1">has long been considered difficult challenge the field<link ns0:type="simple" ns0:href="../268/1268.xml" />and has not yielded easily<link ns0:type="simple" ns0:href="../134/5134.xml">chess</link>the first program was written<link>albert zobrist</link><link ns0:type="simple" ns0:href="../655/34655.xml" />part his thesis<link ns0:type="simple" ns0:href="../706/126706.xml">pattern recognition</link>introduced<link ns0:type="simple" ns0:href="../001/311001.xml">influence function</link>estimate territory and<link ns0:type="simple" ns0:href="../880/1963880.xml">zobrist hashing</link>detect<link />recent developments have brought the best programs close<link ns0:type="simple" ns0:href="../017/2081017.xml">shodan</link>level the small board however not yet clear what extent the success the techniques used there will transfer the case the standard boardsize</indent><indent level="1">currently even mediocre human players find easy beat the best programs some strong players have even beaten computer programs handicaps stones enormous handicap that few human players would ever take there case where the winning program the world computer championship intellect lost all games against the youth players stone handicap<ref ns0:type="simple" ns0:href="#xpointer(//reflist/entry[@id=%222%22])" />strong players have not shown much interest computer programs serious opponents contrast examples such the chess match between<person wordnetid="100007846" confidence="0.9508927676800064"><chess_player wordnetid="109915834" confidence="0.9508927676800064"><link ns0:type="simple" ns0:href="../810/12810.xml">garry kasparov</link></chess_player></person>and<computer wordnetid="103082979" confidence="0.8"><artifact wordnetid="100021939" confidence="0.8"><instrumentality wordnetid="103575240" confidence="0.8"><mainframe wordnetid="103711711" confidence="0.8"><engine wordnetid="103287733" confidence="0.8"><motor wordnetid="103789946" confidence="0.8"><device wordnetid="103183080" confidence="0.8"><machine wordnetid="103699975" confidence="0.8"><digital_computer wordnetid="103196324" confidence="0.8"><supercomputer wordnetid="104358117" confidence="0.8"><link ns0:type="simple" ns0:href="../387/49387.xml">deep blue</link></supercomputer></digital_computer></machine></device></motor></engine></mainframe></instrumentality></artifact></computer></indent>importance<indent level="1">unlike chess where the massive computing power modern computer systems and particular dedicated chess machines like<computer wordnetid="103082979" confidence="0.8"><artifact wordnetid="100021939" confidence="0.8"><instrumentality wordnetid="103575240" confidence="0.8"><engine wordnetid="103287733" confidence="0.8"><motor wordnetid="103789946" confidence="0.8"><device wordnetid="103183080" confidence="0.8"><machine wordnetid="103699975" confidence="0.8"><link ns0:type="simple" ns0:href="../074/2074074.xml">hydra</link></machine></device></motor></engine></instrumentality></artifact></computer>together with relatively simple search and evaluation heuristics have proven marginally superior the best human players possible that techniques learned the course developing strong program would transfer more general problems artificial intelligence greater degree than has been the case with chess<ref ns0:type="simple" ns0:href="#xpointer(//reflist/entry[@id=%223%22])" /></indent></p></sec><sec><st>see also</st><p><list><entry level="1" type="bullet"><link ns0:type="simple" ns0:href="../854/6854.xml">churchturing thesis</link></entry><entry level="1" type="bullet"><link ns0:type="simple" ns0:href="../840/43840.xml">turing test</link></entry><entry level="1" type="bullet"><link ns0:type="simple" ns0:href="../351/454351.xml">list publications computer science</link></entry><entry level="1" type="bullet"><link ns0:type="simple" ns0:href="../862/2862.xml">aicomplete</link></entry><entry level="1" type="bullet"><condition wordnetid="113920835" confidence="0.8"><state wordnetid="100024720" confidence="0.8"><problem wordnetid="114410605" confidence="0.8"><difficulty wordnetid="114408086" confidence="0.8"><link ns0:type="simple" ns0:href="../754/439754.xml">grand challenge problem</link></difficulty></problem></state></condition></entry></list></p></sec><sec><st>references</st><p><list><entry level="1" type="bullet"><weblink ns0:type="simple" ns0:href="http://garden.irmacs.sfu.ca/?q=category/theoretical_computer_science">theoretical computer science open problem garden</weblink>the collection open problems mathematics and computer science build the principle user editable wiki site</entry></list></p><p><reflist><entry id="1"><cite style="font-style:normal">gasarch william<link ns0:type="simple" ns0:href="../502/35502.xml" /><weblink ns0:type="simple" ns0:href="http://www.cs.umd.edu/~gasarch/papers/poll.pdf">the pnp poll</weblink><link ns0:type="simple" ns0:href="../077/24077.xml">pdf</link>sigact news<link>acm press</link><document wordnetid="106470073" confidence="0.8"><written_communication wordnetid="106349220" confidence="0.8"><writing wordnetid="106362953" confidence="0.8"><link ns0:type="simple" ns0:href="../994/422994.xml">doi</link></writing></written_communication></document><weblink ns0:type="simple" ns0:href="http://dx.doi.org/10.1145%2F564585.564599" />issn retrieved<link /></cite></entry><entry id="2">see</entry><entry id="3">read this article for more explanations<weblink ns0:type="simple" ns0:href="http://www.intelligentgo.org/en/computer-go/overview.html">why computer hard write</weblink></entry></reflist></p><p><table style=";" class="navbox" cellspacing="0"><row><col style="padding:2px;"><table style="width:100%;background:transparent;color:inherit;;" class="nowraplinks collapsible autocollapse " cellspacing="0"><row><header colspan="2" style=";" class="navbox-title">unsolved scientific problems</header></row><row style="height:2px;" /><row><col colspan="2" style="width:100%;padding:0px;;;" class="navbox-list navbox-odd"><p><link ns0:type="simple" ns0:href="../864/2865864.xml">chemistry</link>bull<link ns0:type="simple" ns0:href="../540/1455540.xml">cognitive science</link>bull<link ns0:type="simple" ns0:href="../069/1101069.xml">computer science</link>bull<condition wordnetid="113920835" confidence="0.8"><state wordnetid="100024720" confidence="0.8"><problem wordnetid="114410605" confidence="0.8"><difficulty wordnetid="114408086" confidence="0.8"><link ns0:type="simple" ns0:href="../187/4122187.xml">economics</link></difficulty></problem></state></condition>bull<link ns0:type="simple" ns0:href="../167/4847167.xml">linguistics</link>bull<link ns0:type="simple" ns0:href="../091/183091.xml">mathematics</link>bull<link ns0:type="simple" ns0:href="../133/1391133.xml">neuroscience</link>bull<condition wordnetid="113920835" confidence="0.8"><state wordnetid="100024720" confidence="0.8"><problem wordnetid="114410605" confidence="0.8"><difficulty wordnetid="114408086" confidence="0.8"><link ns0:type="simple" ns0:href="../977/3052977.xml">philosophy</link></difficulty></problem></state></condition>bull<link ns0:type="simple" ns0:href="../089/183089.xml">physics</link>bull<link ns0:type="simple" ns0:href="../382/15433382.xml">statistics</link></p></col></row></table></col></row></table></p></sec></bdy></problem></article>