<article xmlns:ns0="http://www.w3.org/1999/xlink"><entity confidence="0.9511911446218017" wordnetid="100001740"><header><title>scoring functions for docking</title><id /><revision><id /><timestamp /><contributor><username>malcolma</username><id /></contributor></revision><categories><category>protein structure</category><category>molecular modelling</category><category>bioinformatics</category><category>computational chemistry</category></categories></header><bdy><table style="margin-left:0.5em;" width="500" align="right" cellpadding="2" class="toccolours" border="0" cellspacing="0"><header style="background:#EE9900" align="center">docking glossary</header><row><col><link ns0:type="simple" ns0:href="../480/569480.xml">receptor</link>host the receiving molecule most commonly<link ns0:type="simple" ns0:href="../634/23634.xml">protein</link>other<link ns0:type="simple" ns0:href="../974/3974.xml">biopolymer</link></col></row><row><col><link ns0:type="simple" ns0:href="../422/2202422.xml">ligand</link>guest the complementary partner molecule which<link ns0:type="simple" ns0:href="../016/11489016.xml">binds</link>the receptor ligands are most often<link ns0:type="simple" ns0:href="../588/477588.xml">small molecule</link>but could also another biopolymer</col></row><row><col><link ns0:type="simple" ns0:href="../623/2292623.xml">docking</link>computational simulation candidate ligand binding receptor</col></row><row><col>binding mode the orientation the ligand relative the receptor well the<link ns0:type="simple" ns0:href="../574/1527574.xml">conformation</link>the ligand and receptor when bound each other</col></row><row><col>pose candidate binding mode</col></row><row><col><link ns0:type="simple" ns0:href="../649/11044649.xml">scoring</link>the process evaluating particular pose counting the number favorable<link ns0:type="simple" ns0:href="../417/15417.xml">intermolecular interactions</link>such<link ns0:type="simple" ns0:href="../609/13609.xml">hydrogen bond</link>and<link ns0:type="simple" ns0:href="../643/1020643.xml">hydrophobic</link>contacts</col></row><row><col>ranking the process classifying which ligands are most likely interact favorably particular receptor based the predicted<link ns0:type="simple" ns0:href="../221/39221.xml">freeenergy</link>binding</col></row><row><col align="right"><weblink ns0:type="simple" ns0:href="http://localhost:18088/wiki/index.php?title=Template:Docking_glossary action=edit">edit</weblink></col></row></table>the fields<link ns0:type="simple" ns0:href="../019/6019.xml">computational chemistry</link>and<link ns0:type="simple" ns0:href="../256/734256.xml">molecular modelling</link>scoring functions are fast approximate mathematical methods used predict the strength the<link ns0:type="simple" ns0:href="../027/2485027.xml">noncovalent</link>interaction also referred<link ns0:type="simple" ns0:href="../016/11489016.xml">binding</link><link>affinity</link>between two molecules after they have been<link ns0:type="simple" ns0:href="../623/2292623.xml">docked</link>most commonly one the molecules small organic compound such<link ns0:type="simple" ns0:href="../172/9311172.xml">drug</link>and the second the drugs biological target such<link ns0:type="simple" ns0:href="../634/23634.xml">protein</link><link ns0:type="simple" ns0:href="../480/569480.xml">receptor</link><ref ns0:type="simple" ns0:href="#xpointer(//reflist/entry[@id=%221%22])" />scoring functions have also been developed predict the strength other types<link ns0:type="simple" ns0:href="../417/15417.xml">intermolecular</link>interactions for example between two proteins<ref ns0:type="simple" ns0:href="#xpointer(//reflist/entry[@id=%222%22])" />between protein and<link ns0:type="simple" ns0:href="../955/7955.xml">dna</link><ref ns0:type="simple" ns0:href="#xpointer(//reflist/entry[@id=%223%22])" /><sec><st>utility</st><p>scoring functions are particularly useful for<link ns0:type="simple" ns0:href="../414/579414.xml">drug</link>and other types molecular design where speed more important than high accuracy these application include<ref ns0:type="simple" ns0:href="#xpointer(//reflist/entry[@id=%224%22])" /><list><entry level="1" type="bullet"><link ns0:type="simple" ns0:href="../575/5703575.xml">virtual screening</link>small molecule databases candidate ligands identify novel small molecules that bind protein target interest and therefore are useful starting points for<link ns0:type="simple" ns0:href="../274/571274.xml">drug discovery</link><ref ns0:type="simple" ns0:href="#xpointer(//reflist/entry[@id=%225%22])" /></entry><entry level="1" type="bullet">novo design design from scratch novel small molecules that bind protein target<ref ns0:type="simple" ns0:href="#xpointer(//reflist/entry[@id=%226%22])" /></entry><entry level="1" type="bullet"><link ns0:type="simple" ns0:href="../783/3218783.xml">lead optimization</link>screening hits optimize their affinity and selectivity<ref ns0:type="simple" ns0:href="#xpointer(//reflist/entry[@id=%227%22])" /></entry></list></p><p>potentially more reliable but much more computationally demanding alternative scoring functions are<link ns0:type="simple" ns0:href="../324/11085324.xml">free energy perturbation</link>calculations<ref ns0:type="simple" ns0:href="#xpointer(//reflist/entry[@id=%228%22])" /></p></sec><sec><st>prerequisites</st><p>scoring functions are normally parameterized trained against data set consisting experimentally determined binding affinities between molecular species similar the species that one wishes predict</p><p>for predictions affinities<link ns0:type="simple" ns0:href="../422/2202422.xml">ligands</link>for proteins the following must first known predicted<list><entry level="1" type="bullet">protein<link ns0:type="simple" ns0:href="../032/31032.xml">tertiary structure</link>arrangement the protein atoms three dimensional space protein structures may determined experimental techniques such<technique wordnetid="105665146" confidence="0.8"><know-how wordnetid="105616786" confidence="0.8"><method wordnetid="105660268" confidence="0.8"><link ns0:type="simple" ns0:href="../151/34151.xml">xray crystallography</link></method></know-how></technique>solution phase<link ns0:type="simple" ns0:href="../525/9820525.xml">nmr</link>methods predicted<link ns0:type="simple" ns0:href="../278/7026278.xml">homology modelling</link></entry><entry level="1" type="bullet">ligand active<link ns0:type="simple" ns0:href="../574/1527574.xml">conformation</link>three dimensional shape the ligand when bound the protein</entry><entry level="1" type="bullet">bindingmode orientation the two binding partners relative each other the complex</entry></list></p><p>the above information yields the three dimensional structure the complex based this structure the scoring function can then estimate the strength the association between the two molecules the complex using one the methods outlined below finally the scoring function itself may used help predict both the binding mode and the active conformation the small molecule the complex</p></sec><sec><st>classes</st><p>there are three general classes scoring functions</p><p><list><entry level="1" type="bullet"><power wordnetid="105190804" confidence="0.8"><influence wordnetid="105194151" confidence="0.8"><force wordnetid="105194578" confidence="0.8"><link ns0:type="simple" ns0:href="../615/2916615.xml">force field</link></force></influence></power>affinities are estimated summing the strength intermolecular<link ns0:type="simple" ns0:href="../657/70657.xml">van der waals</link>and<link ns0:type="simple" ns0:href="../328/368328.xml">electrostatic</link>interactions between all atoms the two molecules the complex the intramolecular energies also referred<link ns0:type="simple" ns0:href="../643/1620643.xml">strain energy</link>the two binding partners are also frequently included finally since the binding normally takes place the presence water the<link ns0:type="simple" ns0:href="../041/44041.xml">desolvation</link>energies the ligand and the protein are sometimes taken into account using<link ns0:type="simple" ns0:href="../239/7479239.xml">implicit solvation</link>methods such gbsa pbsa</entry><entry level="1" type="bullet">empirical based counting the number off various types interactions between the two binding partners<ref ns0:type="simple" ns0:href="#xpointer(//reflist/entry[@id=%226%22])" />counting may based the number ligand and receptor atoms contact with each other calculating the change<link ns0:type="simple" ns0:href="../888/5799888.xml">solvent accessible surface area</link>sasa the complex compared the uncomplexed ligand and protein the coefficients the scoring function are usually fit using<link ns0:type="simple" ns0:href="../903/17903.xml">multiple linear regression</link>methods these interactions terms the function may include for example</entry><entry level="2" type="bullet">number<link ns0:type="simple" ns0:href="../609/13609.xml">hydrogen bond</link>favorable electrostatic contribution affinity</entry><entry level="2" type="bullet"><link ns0:type="simple" ns0:href="../136/14136.xml">hydrophobic</link>hydrophobic contacts favorable</entry><entry level="2" type="bullet"><link ns0:type="simple" ns0:href="../293/79293.xml">hydrophilic</link>hydrophobic contacts unfavorable</entry><entry level="2" type="bullet">number rotatable bonds immobilized complex formation unfavorable<link ns0:type="simple" ns0:href="../891/9891.xml">entropic</link>contribution</entry><entry level="1" type="bullet">knowledge based statistical observations intermolecular close contacts large databases such the<link ns0:type="simple" ns0:href="../573/12799573.xml">cambridge structural database</link><link ns0:type="simple" ns0:href="../505/102505.xml">protein data bank</link>which are used derive<link ns0:type="simple" ns0:href="../179/7297179.xml">potentials mean force</link>this method founded the assumption that close intermolecular interactions between certain types atoms functional groups that occur more frequently than one would expect random distribution are likely energetically favorable and therefore contribute favorably binding affinity<ref ns0:type="simple" ns0:href="#xpointer(//reflist/entry[@id=%229%22])" /></entry></list></p><p>finally hybrid scoring functions have also been developed which the components from two more the above scoring functions are combined into one function</p></sec><sec><st>references</st><p><reflist><entry id="1"><cite style="font-style:normal">jain scoring functions for proteinligand docking curr protein pept sci<document wordnetid="106470073" confidence="0.8"><written_communication wordnetid="106349220" confidence="0.8"><writing wordnetid="106362953" confidence="0.8"><link ns0:type="simple" ns0:href="../994/422994.xml">doi</link></writing></written_communication></document><weblink ns0:type="simple" ns0:href="http://dx.doi.org/10.2174%2F138920306778559395" />pmid</cite></entry><entry id="2"><cite style="font-style:normal">lensink mndez wodak docking and scoring protein complexes capri edition proteins structure function and bioinformatics<document wordnetid="106470073" confidence="0.8"><written_communication wordnetid="106349220" confidence="0.8"><writing wordnetid="106362953" confidence="0.8"><link ns0:type="simple" ns0:href="../994/422994.xml">doi</link></writing></written_communication></document><weblink ns0:type="simple" ns0:href="http://dx.doi.org/10.1002%2Fprot.21804">prot</weblink>pmid</cite></entry><entry id="3"><cite style="font-style:normal">robertson varani allatom distancedependent scoring function for the prediction proteindna interactions from structure proteins<document wordnetid="106470073" confidence="0.8"><written_communication wordnetid="106349220" confidence="0.8"><writing wordnetid="106362953" confidence="0.8"><link ns0:type="simple" ns0:href="../994/422994.xml">doi</link></writing></written_communication></document><weblink ns0:type="simple" ns0:href="http://dx.doi.org/10.1002%2Fprot.21162">prot</weblink>pmid</cite></entry><entry id="4"><cite style="font-style:normal">rajamani good ranking poses structurebased lead discovery and optimization current trends scoring function development current opinion drug discovery development pmid</cite></entry><entry id="5"><cite style="font-style:normal">seifert kraus kramer virtual highthroughput screening molecular databases current opinion drug discovery development pmid</cite></entry><entry id="6"><cite style="font-style:normal">bhm prediction binding constants protein ligands fast method for the prioritization hits obtained from novo design database search programs comput aided mol des<document wordnetid="106470073" confidence="0.8"><written_communication wordnetid="106349220" confidence="0.8"><writing wordnetid="106362953" confidence="0.8"><link ns0:type="simple" ns0:href="../994/422994.xml">doi</link></writing></written_communication></document><weblink ns0:type="simple" ns0:href="http://dx.doi.org/10.1023%2FA%3A1007999920146" />pmid</cite></entry><entry id="7"><cite style="font-style:normal">josephmccarthy baber feyfant thompson humblet lead optimization via highthroughput molecular docking current opinion drug discovery development pmid</cite></entry><entry id="8"><cite style="font-style:normal">foloppe hubbard towards predictive ligand design with freeenergy based computational methods curr med chem<document wordnetid="106470073" confidence="0.8"><written_communication wordnetid="106349220" confidence="0.8"><writing wordnetid="106362953" confidence="0.8"><link ns0:type="simple" ns0:href="../994/422994.xml">doi</link></writing></written_communication></document><weblink ns0:type="simple" ns0:href="http://dx.doi.org/10.2174%2F092986706779026165" />pmid</cite></entry><entry id="9"><cite style="font-style:normal">muegge pmf scoring revisited med chem<document wordnetid="106470073" confidence="0.8"><written_communication wordnetid="106349220" confidence="0.8"><writing wordnetid="106362953" confidence="0.8"><link ns0:type="simple" ns0:href="../994/422994.xml">doi</link></writing></written_communication></document><weblink ns0:type="simple" ns0:href="http://dx.doi.org/10.1021%2Fjm050038s">jms</weblink>pmid</cite></entry></reflist></p></sec></bdy></entity></article>