<article xmlns:ns0="http://www.w3.org/1999/xlink"><know-how confidence="0.8" wordnetid="105616786"><entity confidence="0.9511911446218017" wordnetid="100001740"><method confidence="0.8" wordnetid="105660268"><header><title>searching the conformational space for docking</title><id /><revision><id /><timestamp /><contributor><username>avalon</username><id /></contributor></revision><categories><category>protein structure</category><category>molecular modelling</category><category>wikipedia articles needing context</category><category>wikipedia introduction cleanup</category><category>bioinformatics</category><category>biochemistry methods</category></categories></header><bdy><table class="metadata plainlinks ambox "><row><col>amboxstyle style</col></row><row><col class="mbox-image"><p><image width="40x40px" src="Ambox_style.png" /></p></col><col style="" class="mbox-text">the introduction this article provides insufficient context for those unfamiliar with the subject please help<weblink ns0:type="simple" ns0:href="http://localhost:18088/wiki/index.php?title=Searching_the_conformational_space_for_docking action=edit">improve the article</weblink>with april</col></row></table><p>the<link ns0:type="simple" ns0:href="../707/389707.xml">search space</link>consists all possible orientations and conformations the<link ns0:type="simple" ns0:href="../634/23634.xml">protein</link>paired with the<link ns0:type="simple" ns0:href="../589/18589.xml">ligand</link>with present computing resources impossible exhaustively explore the search space this would involve enumerating all possible distortions each<link ns0:type="simple" ns0:href="../555/19555.xml">molecule</link>molecules are dynamic and exist ensemble conformational states and all possible rotational and translational orientations the ligand relative the protein given level granularity most docking programs use account for flexible ligand and several are attempting model flexible protein receptor each snapshot the pair referred pose there are many strategies for sampling the search space however the interesting ones include the ones that tend use molecular dynamics simulations shapecomplementarity methods and genetic algorithms</p><sec><st>molecular dynamics simulations</st><p>this approach proteins are typically held rigid and the ligand allowed freely explore their conformational space these generated conformations are then docked successively into the protein and simulation consisting simulated annealing protocol performed this usually supplemented with short energy minimization steps and the energies determined from the runs are used for ranking the overall scoring although this computeexpensive method involving potentially hundreds runs there are some advantages using this approach for one specialized energyscoring functions need developed forcefields can typically used find good poses that are reasonable and can compared with experimental structures recent work ref also focuses docking targets using adaptation the distance constrained essential dynamics dced which was used generate multiple structures for docking called eigenstructures this approach although avoiding most the costly molecular dynamics calculations can capture the essential motions involved flexible receptor representing form coarsegrained dynamics</p></sec><sec><st>shapecomplementarity methods</st><p>perhaps the most common technique used many docking programs shape complementarity methods focus more the match between the receptor and the ligand effectively find optimal pose several programs are good examples for this approach dock fred glide slide surflex and many more most shape complementarity methods describe the molecules interest terms finite number descriptors that include structural complementarity and binding complementarity structural complementarity mostly geometric description the molecules interest including solvent accessible surface area overall shape and geometric constraints between atoms the protein ligand binding complementarity takes into account features like hydrogenbonding interactions hydrophobic contacts and van der waals interactions describe how well particular ligand will bind the protein both kinds descriptors are conveniently represented the form structural templates which are then used quickly match potential compounds either from<link ns0:type="simple" ns0:href="../377/8377.xml">database</link>from the usergiven inputs that will bind well the active site the protein</p><p>compared the allatom molecular dynamics approaches these methods are relatively very efficient finding optimal binding poses for the protein and ligand specifically dock its current version has several improvements that allows one perform virtual screening while identifying potential matches that may later used for target refinement slide handles sidechain flexibility well mainchain flexibility with the help coarsegrained model proflex first and supports the placement ligands into conformational ensemble structures both these programs provide number enhancements for anchoring area interest the ligand within the active site the protein while allowing the rest the ligand freely move that optimal binding pose can achieved</p></sec><sec><st>genetic algorithms</st><p>two the most used docking programs belong this class gold and autodock the current version autodock includes<link ns0:type="simple" ns0:href="../244/172244.xml">simulated annealing</link>protocol but the recommended algorithm for docking lamarckian genetic algorithm genetic<link ns0:type="simple" ns0:href="../775/775.xml">algorithms</link>allow the exploration large conformational space which basically spanned the protein and ligand jointly this case representing each spatial arrangement the protein and ligand gene with particular energy the entire genome thus represents the complete energy landscape which explored the simulation the evolution the genome carried out crossover techniques similar biological evolution where random pairs individuals conformations are mated with the possibility for random mutation the offspring these methods have proven very useful sampling the vast statespace while maintaining closeness the actual process involved</p><p>although genetic algorithms are quite successful sampling the large conformational space many docking programs allow the protein remain fixed while allowing only the ligand flex and adjust the active site the protein genetic algorithms also require multiple runs order obtain reliable answers regarding ligands that may bind the protein the time takes typically run genetic algorithm order allow proper pose may longer and hence these methods may not efficient the shape complementarity based approaches screening large databases compounds recent improvements using gridbased evaluation energies limiting the exploration the conformational changes only local areas active sites interest and improved tabling methods have significantly enhanced the performance genetic algorithms and made them suitable for virtual screening applications</p></sec></bdy></method></entity></know-how></article>