<article xmlns:ns0="http://www.w3.org/1999/xlink"><software confidence="0.9508927676800064" wordnetid="106566077"><entity confidence="0.9511911446218017" wordnetid="100001740"><header><title>awstats</title><id /><revision><id /><timestamp /><contributor><username>wongm</username><id /></contributor></revision><categories><category>web analytics</category><category>web technology</category><category>free web analytics software</category><category>free software programmed perl</category></categories></header><bdy><template><name>infobox software</name><parameters><genre><link ns0:type="simple" ns0:href="../872/2475872.xml">web analytics</link></genre><logo><image width="150px" src="Awstats_logo.png"><caption>awstats logo</caption></image></logo><website><weblink ns0:type="simple" ns0:href="http://awstats.sourceforge.net">awstatssourceforgenet</weblink></website><latest_release_version><weblink ns0:type="simple" ns0:href="http://sourceforge.net/project/showfiles.php?group_id13764" /></latest_release_version><latest_release_date><link ns0:type="simple" ns0:href="../803/15803.xml">july</link><link ns0:type="simple" ns0:href="../825/35825.xml" /></latest_release_date><author><weblink ns0:type="simple" ns0:href="http://www.destailleur.fr/">laurent destailleur</weblink></author><name>awstats</name><programming_language><programming_language wordnetid="106898352" confidence="0.9508927676800064"><link ns0:type="simple" ns0:href="../939/23939.xml">perl</link></programming_language></programming_language><license><link ns0:type="simple" ns0:href="../683/18938683.xml">gnu general public license</link></license><operating_system><platform wordnetid="103961939" confidence="0.8"><artifact wordnetid="100021939" confidence="0.8"><surface wordnetid="104362025" confidence="0.8"><horizontal_surface wordnetid="103536348" confidence="0.8"><link ns0:type="simple" ns0:href="../193/81193.xml">crossplatform</link></horizontal_surface></surface></artifact></platform></operating_system></parameters></template><p>awstats<link ns0:type="simple" ns0:href="../758/18938758.xml">open source</link><link ns0:type="simple" ns0:href="../872/2475872.xml">web analytics</link>reporting tool suitable for analyzing<link ns0:type="simple" ns0:href="../381/320381.xml">data</link>from<link ns0:type="simple" ns0:href="../539/14539.xml">internet</link>services such<link ns0:type="simple" ns0:href="../455/33455.xml">web</link><link ns0:type="simple" ns0:href="../682/28682.xml">streaming media</link><link ns0:type="simple" ns0:href="../624/20624.xml">mail</link>and<link ns0:type="simple" ns0:href="../289/53289.xml">ftp</link>servers awstats<link ns0:type="simple" ns0:href="../015/310015.xml">parses</link>and analyzes server log files producing<format wordnetid="106636806" confidence="0.9508927676800064"><link ns0:type="simple" ns0:href="../191/13191.xml">html</link></format>reports data visually presented within reports tables and bar graphs static reports can created through command line interface and ondemand reporting supported through web browser<link ns0:type="simple" ns0:href="../220/7220.xml">cgi</link>program</p><p>awstats supports most major web server log file formats including<company wordnetid="108058098" confidence="0.8"><institution wordnetid="108053576" confidence="0.8"><link ns0:type="simple" ns0:href="../336/1336.xml">apache</link></institution></company>ncsa combinedxlfelf log format commonclf log format webstar<software wordnetid="106566077" confidence="0.9508927676800064"><link ns0:type="simple" ns0:href="../050/209050.xml">iis</link></software><company wordnetid="108058098" confidence="0.9508927676800064"><link ns0:type="simple" ns0:href="../149/33149.xml" /></company>log format and many other common web server log formats developers can contribute the awstats project through<web_site wordnetid="106359193" confidence="0.9508927676800064"><link ns0:type="simple" ns0:href="../227/52227.xml">sourceforgenet</link></web_site></p><sec><st>crossplatform availability</st><p>written<programming_language wordnetid="106898352" confidence="0.9508927676800064"><link ns0:type="simple" ns0:href="../939/23939.xml">perl</link></programming_language>awstats can deployed almost any<link ns0:type="simple" ns0:href="../194/22194.xml">operating system</link>very popular server administration tool with packages available for most<link ns0:type="simple" ns0:href="../212/18212.xml">linux distribution</link>awstats can installed workstation such<link ns0:type="simple" ns0:href="../890/18890.xml">windows</link>for local use situations where log files can downloaded from remote server</p></sec><sec><st>licensing</st><p>awstats licensed under the<link ns0:type="simple" ns0:href="../683/18938683.xml">gnu general public license</link>gpl</p></sec><sec><st>support</st><p>proper web log analysis tool configuration and report interpretation requires bit technical and business knowledge awstats support resources include<weblink ns0:type="simple" ns0:href="http://awstats.sourceforge.net/docs/">documentation</weblink>and<weblink ns0:type="simple" ns0:href="http://sourceforge.net/forum/forum.php?forum_id=43428">user community forums</weblink></p></sec><sec><st>security considerations</st><p>the ondemand<link ns0:type="simple" ns0:href="../220/7220.xml">cgi</link>program has been the object security exploits the case many<link ns0:type="simple" ns0:href="../220/7220.xml">cgi</link>programs organizations wishing provide public access their web analytics reports should consider generating static<format wordnetid="106636806" confidence="0.9508927676800064"><link ns0:type="simple" ns0:href="../191/13191.xml">html</link></format>reports the ondemand facility can still used restricting its use internal users precautions should taken against<link ns0:type="simple" ns0:href="../814/1376814.xml">referrer spam</link><weblink ns0:type="simple" ns0:href="http://www.antezeta.com/awstats.html#exref">referrer spam filtering functionality</weblink>was added version</p></sec><sec><st>alternatives</st><p>there are three primary<link ns0:type="simple" ns0:href="../758/18938758.xml">open source</link>alternatives awstats<list><entry level="1" type="bullet"><link ns0:type="simple" ns0:href="../339/10790339.xml">analog</link>offers wealth reporting options for technical audience does not support the concept visitor usually desired for business analysis development and support appears have stopped with last version</entry><entry level="1" type="bullet"><link ns0:type="simple" ns0:href="../860/1635860.xml">webalizer</link>offered many<link ns0:type="simple" ns0:href="../245/100245.xml">isp</link>fast and simple has smaller functionality set compared awstats development and support appears have stopped this leads issues such<link ns0:type="simple" ns0:href="../892/210892.xml">firefox</link>browsers being counted<company wordnetid="108058098" confidence="0.9508927676800064"><link ns0:type="simple" ns0:href="../979/21979.xml">netscape</link></company></entry><entry level="1" type="bullet"><software wordnetid="106566077" confidence="0.9508927676800064"><link ns0:type="simple" ns0:href="../161/8217161.xml">wperl</link></software>powerful alternative which has features similar awstats</entry></list></p><p>there are also number minor<link ns0:type="simple" ns0:href="../758/18938758.xml">open source</link>alternatives awstats</p><p><list><entry level="1" type="bullet"><link ns0:type="simple" ns0:href="../051/2780051.xml">visitors program</link></entry><entry level="1" type="bullet">phpmyvisites</entry><entry level="1" type="bullet"><link>obsessive website statistics</link></entry></list></p><p>the awstats project provides<weblink ns0:type="simple" ns0:href="http://awstats.sourceforge.net/docs/awstats_compare.html">detailed comparison chart</weblink></p></sec><sec><st>see also</st><p><table style="background:#f9f9f9; font-size:85%; line-height:110%; "><row><col><image width="32x28px" src="Free_Software_Portal_Logo.svg" /></col><col style="padding:0 0.2em;">free software portal</col></row></table></p><p><list><entry level="1" type="bullet"><link ns0:type="simple" ns0:href="../872/2475872.xml">web analytics</link></entry><entry level="1" type="bullet"><link ns0:type="simple" ns0:href="../162/2110162.xml">web log analysis software</link></entry><entry level="1" type="bullet"><link ns0:type="simple" ns0:href="../381/320381.xml">server log</link></entry><entry level="1" type="bullet"><system wordnetid="104377057" confidence="0.8"><artifact wordnetid="100021939" confidence="0.8"><instrumentality wordnetid="103575240" confidence="0.8"><link ns0:type="simple" ns0:href="../098/70098.xml">data logging</link></instrumentality></artifact></system></entry><entry level="1" type="bullet"><link ns0:type="simple" ns0:href="../758/18938758.xml">open source</link></entry></list></p></sec><sec><st>references</st><p><list><entry level="1" type="bullet"><weblink ns0:type="simple" ns0:href="http://awstats.sourceforge.net/docs/">awstats documentation set</weblink></entry></list></p></sec><sec><st>external links</st><p><list><entry level="1" type="bullet"><weblink ns0:type="simple" ns0:href="http://awstats.sourceforge.net/">awstats official web site</weblink>includes documentation news software download and community support forums</entry><entry level="1" type="bullet"><weblink ns0:type="simple" ns0:href="http://www.antezeta.com/awstats.html">antezeta awstats resource center</weblink>includes custom reports extra sections and functionality extensions</entry><entry level="1" type="bullet"><weblink ns0:type="simple" ns0:href="http://www.internetofficer.com/awstats/">internetofficer awstats library</weblink>with awstats referrers addon awsxls utility many extra sections and awstats forum</entry><entry level="1" type="bullet">analyzing web logs with awstats<weblink ns0:type="simple" ns0:href="http://www.onlamp.com/lpt/a/6346">part</weblink>and<weblink ns0:type="simple" ns0:href="http://www.onlamp.com/lpt/a/6395">part</weblink>are stepbystep awstats guides install configure and interpret reports includes linux and windows examples</entry><entry level="1" type="bullet"><weblink ns0:type="simple" ns0:href="http://www.g-loaded.eu/2005/12/04/configure-awstats/">quick awstats guide</weblink>custom awstats installation the users home directory configuration tips and creation static html reports with extra sections</entry><entry level="1" type="bullet"><weblink ns0:type="simple" ns0:href="http://betterawstats.com/">betterawstats</weblink>php frontend show you awstats data file differently</entry><entry level="1" type="bullet"><weblink ns0:type="simple" ns0:href="http://www.jawstats.com/">jawstats</weblink>ajax awstats wrapper with minimal install that provides fresh view awstats data</entry><entry level="1" type="bullet">view how<weblink ns0:type="simple" ns0:href="http://www.stereo.org.ua/2007/eliminate-spam-bots-from-web-stats/">eliminate spam bots from awstats for good</weblink></entry><entry level="1" type="bullet"><weblink ns0:type="simple" ns0:href="http://davelozier.com/2008/06/20/awstats-vlogger/">awstats with vlogger</weblink>explained with example code</entry><entry level="1" type="bullet"><weblink ns0:type="simple" ns0:href="http://www.maxmind.com/app/perl?rId=awstats">maxmind geoip</weblink>perl api used awstats reports countries regions isp</entry></list></p></sec></bdy></entity></software></article>