<article xmlns:ns0="http://www.w3.org/1999/xlink"><scientist confidence="0.9508927676800064" wordnetid="110560637"><header><title>manfred warmuth</title><id /><revision><id /><timestamp /><contributor><username>yobot</username><id /></contributor></revision><categories><category>university colorado alumni</category><category>university california santa cruz faculty</category><category>living people</category><category>year birth missing living people</category></categories></header><bdy><template><name>infobox scientist</name><parameters><image width="150px" src="Replace_this_image_male.svg" /><doctoral_students><scientist wordnetid="110560637" confidence="0.9508927676800064"><link ns0:type="simple" ns0:href="../826/8000826.xml">yoav freund</link></scientist></doctoral_students><alma_mater><link ns0:type="simple" ns0:href="../672/289672.xml">university colorado boulder</link></alma_mater><field><link ns0:type="simple" ns0:href="../323/5323.xml">computer science</link></field><known_for><link ns0:type="simple" ns0:href="../658/6025658.xml">weighted majority algorithm</link></known_for><doctoral_advisor><link>hal gabow</link></doctoral_advisor><name>manfred klaus warmuth</name><work_institution><university wordnetid="108286163" confidence="0.9508927676800064"><link ns0:type="simple" ns0:href="../923/31923.xml">university california santa cruz</link></university></work_institution></parameters></template><p>manfred klaus warmuth researcher and professor the<university wordnetid="108286163" confidence="0.9508927676800064"><link ns0:type="simple" ns0:href="../923/31923.xml">university california santa cruz</link></university>his main research interest<link ns0:type="simple" ns0:href="../537/387537.xml">computational learning theory</link>with special focus online learning algorithms</p><sec><st>external links</st><p><list><entry level="1" type="bullet"><weblink ns0:type="simple" ns0:href="http://www.soe.ucsc.edu/~manfred/">manfreds homepage ucsc</weblink></entry></list></p></sec></bdy></scientist></article>