<article xmlns:ns0="http://www.w3.org/1999/xlink"><header><title>risk observatory</title><id /><revision><id /><timestamp /><contributor><username>cmdrobot</username><id /></contributor></revision><categories><category>risk analysis</category><category>orphaned articles from november</category><category>all orphaned articles</category></categories></header><bdy><p><table class="metadata plainlinks ambox "><row><col>amboxstyle style</col></row><row><col class="mbox-image"><p><image width="44px" src="Wiki_letter_w.svg" /></p></col><col style="" class="mbox-text">this article few other articles<weblink ns0:type="simple" ns0:href="http://localhost:18088/wiki/index.php?title=Special:Whatlinkshere target=Risk_observatory namespace=0">link</weblink>please help articles<weblink ns0:type="simple" ns0:href="http://www.google.com/search?hl=en as_qdr=all q=+site%3Aen.wikipedia.org+%22Risk+observatory%22">related topics</weblink>november</col></row></table></p><p>the risk observatory based the european agency for safety and health work euosha and aims providing</p><p><list><entry level="1" type="bullet">overview health work europe</entry><entry level="1" type="bullet">description the trends and underlying factors</entry><entry level="1" type="bullet">description the risk factors</entry><entry level="1" type="bullet">anticipation changes work and their likely consequences health</entry></list></p><p>doing the observatory intends particular draw attention new and emerging risks and enable set preventive action</p><p>these monitoring and forecasting activities are based far possible the collection analysis and consolidation existing hard data from national and international data sources see description<weblink ns0:type="simple" ns0:href="http://riskobservatory.osha.europa.eu/osm/">monitoring systems</weblink>such</p><p><list><entry level="1" type="bullet">labour force surveys</entry><entry level="1" type="bullet">workers surveys</entry><entry level="1" type="bullet">accident registers</entry><entry level="1" type="bullet">registers occupational diseases</entry><entry level="1" type="bullet">death registers</entry><entry level="1" type="bullet">exposure registers</entry></list></p><p>beyond the collation hard data the observatory also provides more qualitative information support the identification new and emerging risks this information mainly based expert forecast and research reviews but can extend other sources such information collected control bodies</p><p>the european agency for safety and health work<link>euosha</link>responsible for the management the observatory and the consolidation the data external contractors and wide network national institutes that contribute the collection and the analysis the data support the agency its mission</p><sec><st>methodology</st><ss1><st>sources the data</st><p>the data collection based existing and available sources all data have been collected from published and online available statistical sources existing tables and graphics have been used this presentation not all sources present the data similar way combine the same breakdown criteria result which the data are difficult compare</p><p>where available efforts have been made use the raw data sources which are then treated according the expected output this for example the case for the data from the european working conditions survey with regard european and belgian data the occupational diseases statistics belgium and the danish work environment cohort study check and</p><p>the sources are both statistical and analytical background documents the statistical sources are combination administrative registers and statistics occupational disease registers exposure registers surveys voluntary reporting systems and inspection reports global risk picture can thus presented combining different sources</p></ss1></sec><sec><st>administrative data sources</st><ss1><st>accidents work</st><p>the european statistics accidents work esaw have been used collect statistical data accidents work the statistics are available from year onwards they allow uniform presentation for european and member state statistics and comparison between the member state statistics</p><p>harmonized methodology for the data collection has been created information collected the following variables economic activity the employer occupation the victim age and sex the victim type injury part body injured time the accident size the enterprise employment status the victim and days lost phase the esaw methodology gradually implemented from reference year onwards addition the variables above includes information concerning the circumstances and events leading the accidents</p><p>the details the esaw methodology are described<weblink ns0:type="simple" ns0:href="http://ec.europa.eu/employment_social/publications/2002/ke4202569_en.html">european statistics accidents work esaw methodology edition</weblink>european communities directorate general employment and social affairs series catalogue keenc resume the concepts and the coverage the data can also found<weblink ns0:type="simple" ns0:href="http://epp.eurostat.ec.europa.eu/portal/page?_pageid=1073,46587259 _dad=portal _schema=PORTAL p_product_code=KS-57-04-807">work and health the statistical portrait</weblink>european communities eurostat catalogue ksenn</p></ss1><ss1><st>occupational diseases</st><p>both the european statistics occupational diseases esod and the national data sources have been used collect statistical data occupational diseases the project european statistics occupational diseases eods started with pilot data collection for the reference year and the first data according the phase methodology was collected for the year</p><p>the phase methodology eods includes detailed information the causative agent the occupational diseases and collection information the use purpose these causative agents planned well the main drawback both these data collection systems that not all workers are covered the national data collection systems all the member states for occupational disease problems arise also from underreporting and differences between the national social security systems</p></ss1><ss1><st>exposure registers</st><p>alternative concentrating the occurrence disease monitor exposures exposure register records data relevant occupational health and safety outcomes different from disease register that concentrates workplace exposures rather than the disorders they may cause</p><p>the measurement services the institutions for statutory accident insurance and prevention bgs germany perform exposure measurements workplaces the data are stored the bgbia exposure database</p><p>voluntary reporting occupational diseases specialist doctors</p><p>sentinel surveillance uses network health providers report cases occupational diseases this approach similar register occupational diseases but there are some important differences sentinel networks may not try achieve total coverage and can operate restricted geographical area involve sample physicians</p><p>the the thor project responsible for the collection specialistbased workrelated illhealth data the scheme relies the systematic voluntary and confidential reporting new cases consultant thoracic physicians throughout the country regular reports are required from physicians detailing the number new cases each diagnostic categories and individual data for each case age sex place residence type work and suspected agent the occupational surveillance scheme for audiologists ossa operates within the thor network</p></ss1><ss1><st>inspections</st><p>some countries the medical inspections carried out the labour inspectorate play essential role ensuring that laws and regulations governing workers health surveillance are properly applied</p><p>the arbomonitor the netherlands provides representative information the state affairs working conditions dutch companies risks policies and preventive practices the information gathered through the labour inspection their company visits</p></ss1></sec><sec><st>see also</st><p><link>euosha</link></p></sec><sec><st>external links</st><p><list><entry level="1" type="bullet"><weblink ns0:type="simple" ns0:href="http://riskobservatory.osha.europa.eu">risk observatory website</weblink>from the european agency for safety and health work<link>euosha</link></entry><entry level="1" type="bullet"><weblink ns0:type="simple" ns0:href="http://osha.europa.eu/publications/factsheets/68">expert forecast emerging biological risks related occupational safety and health</weblink></entry></list></p></sec></bdy></article>