<article xmlns:ns0="http://www.w3.org/1999/xlink"><header><title>random early detection</title><id /><revision><id /><timestamp /><contributor><username>jamelan</username><id /></contributor></revision><categories><category>network performance</category></categories></header><bdy><image location="right" width="350px" src="Random_Early_Detection_algorithm_en.svg" />random early detection red also known random early discard random early drop<link>active queue management</link><link ns0:type="simple" ns0:href="../775/775.xml">algorithm</link>also<link>congestion avoidance</link>algorithm<ref ns0:type="simple" ns0:href="#xpointer(//reflist/entry[@id=%221%22])" /><p>the traditional<link ns0:type="simple" ns0:href="../278/9070278.xml">tail drop</link>algorithm<link ns0:type="simple" ns0:href="../748/25748.xml">router</link>other<link ns0:type="simple" ns0:href="../084/235084.xml">network component</link>buffers many packets can and simply drops the ones can not buffer buffers are constantly full the network<link ns0:type="simple" ns0:href="../949/40949.xml">congested</link>tail drop distributes buffer space unfairly among traffic flows tail drop can also lead<standard wordnetid="107260623" confidence="0.8"><system_of_measurement wordnetid="113577171" confidence="0.8"><link ns0:type="simple" ns0:href="../054/2072054.xml">tcp global synchronization</link></system_of_measurement></standard>all<link ns0:type="simple" ns0:href="../538/30538.xml">tcp</link>connections hold back simultaneously and then step forward simultaneously networks become underutilized and flooded turns red addresses these issues</p><p>monitors the average queue size and drops marks when used conjunction with<message wordnetid="106598915" confidence="0.8"><protocol wordnetid="106665108" confidence="0.8"><direction wordnetid="106786629" confidence="0.8"><rule wordnetid="106652242" confidence="0.8"><link ns0:type="simple" ns0:href="../470/309470.xml">ecn</link></rule></direction></protocol></message>packets based statistical probabilities the buffer almost empty all incoming packets are accepted the queue grows the probability for dropping incoming packet grows too when the buffer full the probability has reached and all incoming packets are dropped</p><p>red considered more fair than tail drop the more host transmits the more likely that its packets are dropped early detection helps avoid<link>global synchronization</link></p><p>red makes<link ns0:type="simple" ns0:href="../315/25315.xml">quality service</link>qos differentiation impossible<link ns0:type="simple" ns0:href="../114/3396114.xml">weighted red</link>wred and red inout rio provide early detection with some qos considerations</p><sec><st>other variants</st><p><link ns0:type="simple" ns0:href="../114/3396114.xml">weighted red</link>you can have different probabilities for different priorities<link ns0:type="simple" ns0:href="../521/1984521.xml">precedence</link><link ns0:type="simple" ns0:href="../221/3396221.xml">dscp</link>andor queues</p><p>the adaptive active red ared algorithm<ref ns0:type="simple" ns0:href="#xpointer(//reflist/entry[@id=%222%22])" />infers whether make red more less aggressive based the observation the average queue length the average queue length oscillates around min threshold then early detection too aggressive the other hand the average queue length oscillates around max threshold then early detection being too conservative the algorithm changes the probability according how aggressive senses has been discarding traffic</p><p>see srikant<ref ns0:type="simple" ns0:href="#xpointer(//reflist/entry[@id=%223%22])" />for indepth account these techniques and their analysis</p></sec><sec><st>notes and references</st><p><reflist><entry id="1"><cite style="font-style:normal">floyd sally jacobson van august<weblink ns0:type="simple" ns0:href="http://www.icir.org/floyd/papers/red/red.html">random early detection red gateways for congestion avoidance</weblink>ieeeacm transactions networking<document wordnetid="106470073" confidence="0.8"><written_communication wordnetid="106349220" confidence="0.8"><writing wordnetid="106362953" confidence="0.8"><link ns0:type="simple" ns0:href="../994/422994.xml">doi</link></writing></written_communication></document><weblink ns0:type="simple" ns0:href="http://dx.doi.org/10.1109%2F90.251892" />retrieved<link /></cite></entry><entry id="2">floyd sally gummadi ramakrishna shenker scott<weblink ns0:type="simple" ns0:href="http://citeseer.ist.psu.edu/floyd01adaptive.html">adaptive red algorithm for increasing the robustness reds active queue management</weblink>retrieved<link /></entry><entry id="3"><cite id="Reference-Srikant-2004" style="font-style:normal" class="book">srikant rayadurgam<weblink ns0:type="simple" ns0:href="http://www.springer.com/birkhauser/mathematics/book/978-0-8176-3227-4">the mathematics internet congestion control</weblink>boston usa birkhuser isbn</cite></entry></reflist></p></sec><sec><st>external links</st><p><list><entry level="1" type="bullet"><weblink ns0:type="simple" ns0:href="http://www.icir.org/floyd/red.html">the red web page</weblink></entry></list></p></sec></bdy></article>