<article xmlns:ns0="http://www.w3.org/1999/xlink"><physical_entity confidence="0.8" wordnetid="100001930"><person confidence="0.8" wordnetid="100007846"><intellectual confidence="0.8" wordnetid="109621545"><alumnus confidence="0.8" wordnetid="109786338"><causal_agent confidence="0.8" wordnetid="100007347"><scholar confidence="0.8" wordnetid="110557854"><header><title>kevin ryan</title><id /><revision><id /><timestamp /><contributor><username>rjwilmsi</username><id /></contributor></revision><categories><category>doubleclick</category><category>living people</category><category>american businesspeople</category><category>yale university alumni</category></categories></header><bdy>kevin ryan internet executive and entrepreneur new york citys<region wordnetid="108630985" confidence="0.8"><location wordnetid="100027167" confidence="0.8"><district wordnetid="108552138" confidence="0.8"><link ns0:type="simple" ns0:href="../663/970663.xml">silicon alley</link></district></location></region>perhaps best known ceo<company wordnetid="108058098" confidence="0.9508927676800064"><link ns0:type="simple" ns0:href="../498/744498.xml">doubleclick</link></company>which cofounded and over the next nine years built into multibillion dollar global industry leader under his direction doubleclick was awarded the title new york company the year silicon alley reporter and ryan himself was named one the most influential business people crains new york business<p>doubleclick was sold for billion hellman and friedman llc and ryan stepped down ceo shortly thereafter doubleclick was acquired google for billion march</p><p>after leaving doubleclick ryan along with former doubleclick cto and cofounder<link>dwight merriman</link>founded alleycorp<weblink ns0:type="simple" ns0:href="http://www.alleycorp.com">httpwwwalleycorpcom</weblink>network six affiliated internet companies which chairman and ceo</p><sec><st>alleycorp</st><p>headquartered new york citys silicon alley alleycorp network six affiliated internet companies founded kevin ryan and dwight merriman the former ceo and cto doubleclick respectively httpwwwalleycorpcom</p><p>current companies the alleycorp network include</p><p><link>alley insider</link>online business news and analysis site that provides news commentary and discussion the technology media and communications industries httpwwwalleyinsidercom</p><p>gilt groupe invitationonly online community that offers members exclusive access coveted fashion and luxury lifestyle sample sales events and brands httpwwwgiltcom</p><p>music nation online music community that provides bands and musicians resources better connect and interact with fans and fans unique outlet for discovering new music httpwwwmusicnationcom</p><p><company wordnetid="108058098" confidence="0.9508927676800064"><link ns0:type="simple" ns0:href="../437/15994437.xml">panther express</link></company>content delivery network that ensures rapid and reliable content loading performance internet site visitors worldwide httpwwwpantherexpressnet</p><p><work wordnetid="100575741" confidence="0.8"><artifact wordnetid="100021939" confidence="0.8"><instrumentality wordnetid="103575240" confidence="0.8"><engine wordnetid="103287733" confidence="0.8"><motor wordnetid="103789946" confidence="0.8"><event wordnetid="100029378" confidence="0.8"><service wordnetid="100577525" confidence="0.8"><device wordnetid="103183080" confidence="0.8"><machine wordnetid="103699975" confidence="0.8"><act wordnetid="100030358" confidence="0.8"><psychological_feature wordnetid="100023100" confidence="0.8"><activity wordnetid="100407535" confidence="0.8"><link ns0:type="simple" ns0:href="../613/4108613.xml">shopwiki</link></activity></psychological_feature></act></machine></device></service></event></motor></engine></instrumentality></artifact></work>international shopping search engine that provides advanced web crawling technology help shoppers find products and make more informed buying decisions httpwwwshopwikicom</p><p>gen new platform designed help developers quickly and easily build complex and scalable web applications httpwwwgencom</p></sec><sec><st>doubleclick</st><p>ryan joined<company wordnetid="108058098" confidence="0.9508927676800064"><link ns0:type="simple" ns0:href="../498/744498.xml">doubleclick</link></company>first president and later ceo under ryan doubleclick grew from startup people worldwide entity with more than employees</p></sec><sec><st>other companies investments</st><p>ryan investor<weblink ns0:type="simple" ns0:href="http://theladders.com">theladders</weblink><ref ns0:type="simple" ns0:href="#xpointer(//reflist/entry[@id=%221%22])" />was also early investor and board member<link ns0:type="simple" ns0:href="../769/2945769.xml">hotjobs</link>which was sold<company wordnetid="108058098" confidence="0.9508927676800064"><link ns0:type="simple" ns0:href="../213/188213.xml">yahoo</link></company>for million</p></sec><sec><st>early career</st><p>while working<company wordnetid="108058098" confidence="0.8"><institution wordnetid="108053576" confidence="0.8"><link ns0:type="simple" ns0:href="../246/1918246.xml">united media</link></institution></company>ryan launched the<comic_strip wordnetid="107003352" confidence="0.9508927676800064"><link ns0:type="simple" ns0:href="../127/8127.xml">dilbert</link></comic_strip>web site based the popular comic strip created scott adams<ref ns0:type="simple" ns0:href="#xpointer(//reflist/entry[@id=%222%22])" />serving senior business and finance helped lead restructuring effort that increased united medias profits fivefold<ref ns0:type="simple" ns0:href="#xpointer(//reflist/entry[@id=%223%22])" /></p><p>additionally ryan spent time with euro disney france and investment banker with prudential investment corporation the and the<ref ns0:type="simple" ns0:href="#xpointer(//reflist/entry[@id=%224%22])" /></p></sec><sec><st>other</st><p>ryan currently serves the board directors for human rights watch hes also member the insead international council the yale international council and the council foreign relations</p><p>the past hes been the boards the direct marketing association the council and nyc and the advisory board doctors without borders</p></sec><sec><st>personal</st><p>ryan received from<university wordnetid="108286163" confidence="0.9508927676800064"><link ns0:type="simple" ns0:href="../273/34273.xml">yale university</link></university>and his mba from<university wordnetid="108286163" confidence="0.9508927676800064"><link ns0:type="simple" ns0:href="../363/286363.xml">insead</link></university>the business school for the world</p><p>his middle brother sean ryan the founder and ceo<web_site wordnetid="106359193" confidence="0.9508927676800064"><link ns0:type="simple" ns0:href="../756/5118756.xml">meez</link></web_site>social entertainment network built around avatars casual games and virtual items was previously ceo listencom rhapsody music service which was acquired realnetworks</p><p>his youngest brother conor kennedy ryan the founder and president successful boutique modeling agency musenyccom</p></sec><sec><st>quotes</st><p>from<link ns0:type="simple" ns0:href="../165/36165.xml" />interview with venture voice<ref ns0:type="simple" ns0:href="#xpointer(//reflist/entry[@id=%225%22])" /></p><p>can remember one week the beginning when the stock price the value our company went billion dollars and thought this has got the beginning the end here</p><p>never came close quitting always knew that the fundamentals the internet were going win out</p></sec><sec><st>see also</st><p><list><entry level="1" type="bullet"><company wordnetid="108058098" confidence="0.9508927676800064"><link ns0:type="simple" ns0:href="../498/744498.xml">doubleclick</link></company></entry><entry level="1" type="bullet"><company wordnetid="108058098" confidence="0.9508927676800064"><link ns0:type="simple" ns0:href="../437/15994437.xml">panther express</link></company></entry><entry level="1" type="bullet"><work wordnetid="100575741" confidence="0.8"><artifact wordnetid="100021939" confidence="0.8"><instrumentality wordnetid="103575240" confidence="0.8"><engine wordnetid="103287733" confidence="0.8"><motor wordnetid="103789946" confidence="0.8"><event wordnetid="100029378" confidence="0.8"><service wordnetid="100577525" confidence="0.8"><device wordnetid="103183080" confidence="0.8"><machine wordnetid="103699975" confidence="0.8"><act wordnetid="100030358" confidence="0.8"><psychological_feature wordnetid="100023100" confidence="0.8"><activity wordnetid="100407535" confidence="0.8"><link ns0:type="simple" ns0:href="../613/4108613.xml">shopwiki</link></activity></psychological_feature></act></machine></device></service></event></motor></engine></instrumentality></artifact></work></entry><entry level="1" type="bullet"><computer wordnetid="103082979" confidence="0.8"><artifact wordnetid="100021939" confidence="0.8"><instrumentality wordnetid="103575240" confidence="0.8"><event wordnetid="100029378" confidence="0.8"><device wordnetid="103183080" confidence="0.8"><social_event wordnetid="107288639" confidence="0.8"><contest wordnetid="107456188" confidence="0.8"><machine wordnetid="103699975" confidence="0.8"><web_site wordnetid="106359193" confidence="0.8"><psychological_feature wordnetid="100023100" confidence="0.8"><link ns0:type="simple" ns0:href="../365/8829365.xml">music nation</link></psychological_feature></web_site></machine></contest></social_event></device></event></instrumentality></artifact></computer></entry><entry level="1" type="bullet"><link>silicon alley insider</link></entry><entry level="1" type="bullet"><link>gen</link></entry></list></p></sec><sec><st>notes</st><p><reflist><entry id="1"><weblink ns0:type="simple" ns0:href="http://www.theladders.com/press/abouttheladderspressdetail_042004">theladderscom theladderscom secures funding</weblink></entry><entry id="2"><weblink ns0:type="simple" ns0:href="http://www.venturevoice.com/2007/04/kevin_ryan-doubleclick.html">venture voice show kevin ryan panther express shopwiki and music nation</weblink></entry><entry id="3"><weblink ns0:type="simple" ns0:href="http://www.newyorkbusiness-risingstars.com/profile.php?pageNum_profile_detail=30 year=6 pid=293">kevin ryan crains new york business new york rising star under</weblink></entry><entry id="4"><weblink ns0:type="simple" ns0:href="http://www.atnewyork.com/news/article.php/423421">doubleclick names kevin ryan new ceo</weblink></entry><entry id="5"><weblink ns0:type="simple" ns0:href="http://www.venturevoice.com/2007/04/kevin_ryan-doubleclick.html">venture voice show kevin ryan panther express shopwiki and music nation</weblink></entry></reflist></p></sec><sec><st>external links</st><p><list><entry level="1" type="bullet"><weblink ns0:type="simple" ns0:href="http://www.shopwiki.com">shopwiki main page</weblink></entry><entry level="1" type="bullet"><weblink ns0:type="simple" ns0:href="http://www.pantherexpress.com">pantherexpress main page</weblink></entry><entry level="1" type="bullet"><weblink ns0:type="simple" ns0:href="http://www.musicnation.com">musicnation main page</weblink></entry><entry level="1" type="bullet"><weblink ns0:type="simple" ns0:href="http://www.alleyinsider.com">silicon alley insider main page</weblink></entry><entry level="1" type="bullet"><weblink ns0:type="simple" ns0:href="http://www.venturevoice.com/2007/04/kevin_ryan-doubleclick.htm">the venture voice interview with kevin ryan</weblink></entry><entry level="1" type="bullet"><weblink ns0:type="simple" ns0:href="http://www.newyorkbusiness-risingstars.com/profile.php?pageNum_profile_detail=30 year=6 pid=293">crains new york article kevin ryan</weblink></entry><entry level="1" type="bullet"><weblink ns0:type="simple" ns0:href="http://www.sourcewatch.org/index.php?title=Kevin_Ryan">kevin ryan sourcewatch</weblink></entry></list></p></sec></bdy></scholar></causal_agent></alumnus></intellectual></person></physical_entity></article>