<article xmlns:ns0="http://www.w3.org/1999/xlink"><skilled_worker confidence="0.8" wordnetid="110605985"><physical_entity confidence="0.8" wordnetid="100001930"><person confidence="0.8" wordnetid="100007846"><intellectual confidence="0.8" wordnetid="109621545"><worker confidence="0.8" wordnetid="109632518"><alumnus confidence="0.8" wordnetid="109786338"><causal_agent confidence="0.8" wordnetid="100007347"><serviceman confidence="0.8" wordnetid="110582746"><artist confidence="0.8" wordnetid="109812338"><scholar confidence="0.8" wordnetid="110557854"><military_officer confidence="0.8" wordnetid="110317007"><creator confidence="0.8" wordnetid="109614315"><header><title>arthur hill gilbert</title><id /><revision><id /><timestamp /><contributor><username>lightbot</username><id /></contributor></revision><categories><category>painters</category><category>otis alumni</category><category>births</category><category>california artists</category><category>american military personnel world war</category><category>united states navy officers</category><category>people from chicago illinois</category><category>deaths</category></categories></header><bdy>arthur hill gilbert was<link ns0:type="simple" ns0:href="../638/383638.xml">american impressionist</link>painter notable one the practitioners the<country wordnetid="108544813" confidence="0.9508927676800064"><link ns0:type="simple" ns0:href="../407/5407.xml">california</link></country>style today remembered for his large colorful canvasas depicting meadows and groves trees along the states famed<link ns0:type="simple" ns0:href="../181/487181.xml">mile drive</link>gilbert was part the group american impressionist artists who lived and painted the<link ns0:type="simple" ns0:href="../098/66098.xml">artists colony</link>scene california<village wordnetid="108672738" confidence="0.9508927676800064"><link ns0:type="simple" ns0:href="../769/107769.xml">carmel</link></village>and<village wordnetid="108672738" confidence="0.9508927676800064"><link ns0:type="simple" ns0:href="../817/107817.xml">laguna beach</link></village>during the and<sec><st>biography</st><ss1><st>early life</st><p>born<link ns0:type="simple" ns0:href="../886/6886.xml">chicago illinois</link>some sources cite more specifically<link ns0:type="simple" ns0:href="../338/111338.xml">vernon illinois</link>gilbert graduated from evanston academy source wwwcomenosfineartscom then studied<university wordnetid="108286163" confidence="0.9508927676800064"><ranking wordnetid="114429484" confidence="0.9508927676800064"><link ns0:type="simple" ns0:href="../216/174216.xml">northwestern university</link></ranking></university>and after stint<link ns0:type="simple" ns0:href="../839/57839.xml">annapolis</link>served<link ns0:type="simple" ns0:href="../567/145567.xml">ensign</link>the navy<conflict wordnetid="100958896" confidence="0.9508927676800064"><link ns0:type="simple" ns0:href="../461/4764461.xml">world war</link></conflict>after the war gilbert enjoyed long awaited sojourn<region wordnetid="108630985" confidence="0.8"><administrative_district wordnetid="108491826" confidence="0.8"><location wordnetid="100027167" confidence="0.8"><commune wordnetid="108541609" confidence="0.8"><municipality wordnetid="108626283" confidence="0.8"><geographical_area wordnetid="108574314" confidence="0.8"><town wordnetid="108665504" confidence="0.8"><district wordnetid="108552138" confidence="0.8"><urban_area wordnetid="108675967" confidence="0.8"><city wordnetid="108524735" confidence="0.8"><link ns0:type="simple" ns0:href="../370/3174370.xml">concarneau</link></city></urban_area></district></town></geographical_area></municipality></commune></location></administrative_district></region><country wordnetid="108544813" confidence="0.9508927676800064"><link ns0:type="simple" ns0:href="../419/5843419.xml">france</link></country>where decided study painting future career according reminiscence fellow artist and close friend abel warshawsky source wwwfadacom profile gilbert remembered warshawsky referenced later gilbert attended the<link ns0:type="simple" ns0:href="../828/1577828.xml">otis art institute</link>now known<link ns0:type="simple" ns0:href="../828/1577828.xml">otis college art and design</link>and the<link ns0:type="simple" ns0:href="../450/8758450.xml">chicago art institute</link></p></ss1><ss1><st>the impressionist emerges</st><p>according the biography about him the website wwwtfaoicom gilbert spent several years painting and exhibiting<link ns0:type="simple" ns0:href="../110/18110.xml">los angeles</link>moved monterey where became widely known for his paintings the california landscape mostly the local area</p></ss1><ss1><st>personal life</st><p>gilbert and his wife audine owned and lived ranch home near<village wordnetid="108672738" confidence="0.9508927676800064"><link ns0:type="simple" ns0:href="../302/99302.xml">stockton california</link></village>during his lifetime gilbert was active both professionally and personally with arts and culture associations including the<association wordnetid="108049401" confidence="0.8"><club wordnetid="108227214" confidence="0.8"><link ns0:type="simple" ns0:href="../311/637311.xml">bohemian club</link></club></association>and the<link ns0:type="simple" ns0:href="../281/88281.xml">carmel</link>art association for which was pioneer member</p></ss1></sec><sec><st>gilberts legacy</st><p>article entitled california impressionism wwweppraisalscom which discussed the resurgence interest the this style early century art victoria shawwilliamson correspondent the time for wwwkeencom wrote notably the attention garnered big names such<physical_entity wordnetid="100001930" confidence="0.8"><person wordnetid="100007846" confidence="0.8"><causal_agent wordnetid="100007347" confidence="0.8"><painter wordnetid="110391653" confidence="0.8"><artist wordnetid="109812338" confidence="0.8"><creator wordnetid="109614315" confidence="0.8"><link ns0:type="simple" ns0:href="../244/8229244.xml">guy rose</link></creator></artist></painter></causal_agent></person></physical_entity>filtering down other artists well paintings artists such<link ns0:type="simple" ns0:href="../832/3028832.xml">john gamble</link>arthur hill gilbert and mary denil morgan are now bringing higher than expected prices shawwilliamson continues according patrick kraft gallery carmel and los angeles artists that were considered second tier years ago are now more sought after and their paintings are bringing stronger and stronger prices prices climb for the guy rose paintings collectors are gravitating towards other artists the school</p><p>essay entitled impressionism postimpressionism and the eucalyptus school southern california art authority nancy dustin wall moure wrote that gilbert simplified landscape the point poeticism source page essay with endnotes posted traditional fine arts online website address wwwtfaoicom per original which was apparently courtesy westpahl publishing irvine california</p></sec><sec><st>past notable exhibitions alphabetical order</st><p>according biography gilbert the website wwwtfaoicom his works were shown during his lifetime the following locations<list><entry level="1" type="bullet"><artifact wordnetid="100021939" confidence="0.8"><facility wordnetid="103315023" confidence="0.8"><depository wordnetid="103177349" confidence="0.8"><museum wordnetid="103800563" confidence="0.8"><link ns0:type="simple" ns0:href="../162/384162.xml">california palace the legion honor</link></museum></depository></facility></artifact></entry><entry level="1" type="bullet"><link ns0:type="simple" ns0:href="../450/8758450.xml">chicago art institute</link></entry><entry level="1" type="bullet"><structure wordnetid="104341686" confidence="0.8"><conservatory wordnetid="103092314" confidence="0.8"><building wordnetid="102913152" confidence="0.8"><artifact wordnetid="100021939" confidence="0.8"><school wordnetid="104146050" confidence="0.8"><facility wordnetid="103315023" confidence="0.8"><depository wordnetid="103177349" confidence="0.8"><art_school wordnetid="102746978" confidence="0.8"><museum wordnetid="103800563" confidence="0.8"><link ns0:type="simple" ns0:href="../199/1127199.xml">national academy design</link></museum></art_school></depository></facility></school></artifact></building></conservatory></structure></entry><entry level="1" type="bullet">pennsylvania academy art</entry></list></p></sec><sec><st>honors and awards</st><p><list><entry level="1" type="bullet">gilbert was awarded the coveted hallgarten prize for his monterey oaks exhibition the<structure wordnetid="104341686" confidence="0.8"><conservatory wordnetid="103092314" confidence="0.8"><building wordnetid="102913152" confidence="0.8"><artifact wordnetid="100021939" confidence="0.8"><school wordnetid="104146050" confidence="0.8"><facility wordnetid="103315023" confidence="0.8"><depository wordnetid="103177349" confidence="0.8"><art_school wordnetid="102746978" confidence="0.8"><museum wordnetid="103800563" confidence="0.8"><link ns0:type="simple" ns0:href="../199/1127199.xml">national academy design</link></museum></art_school></depository></facility></school></artifact></building></conservatory></structure><region wordnetid="108630985" confidence="0.8"><administrative_district wordnetid="108491826" confidence="0.8"><location wordnetid="100027167" confidence="0.8"><district wordnetid="108552138" confidence="0.8"><country wordnetid="108544813" confidence="0.8"><link ns0:type="simple" ns0:href="../131/8210131.xml">new york</link></country></district></location></administrative_district></region><ref ns0:type="simple" ns0:href="#xpointer(//reflist/entry[@id=%221%22])" /></entry><entry level="1" type="bullet">gilbert went win both the henry ranger and the francis murphy memorial prizes<ref ns0:type="simple" ns0:href="#xpointer(//reflist/entry[@id=%222%22])" /></entry><entry level="1" type="bullet">according fada fine arts dealers association online gilbert was one the very few california impressionists elected into the prestigious membership the national academy design</entry><entry level="1" type="bullet">today when auction many gilberts works are listed catalogs with his full name the artist and the professional designation ana following</entry></list></p></sec><sec><st>museum collections</st><p>according the ask art website referenced and the<link ns0:type="simple" ns0:href="../828/65828.xml">smithsonian</link>art archive museums that today include arthur hill gilbert their collections include<list><entry level="1" type="bullet"><university wordnetid="108286163" confidence="0.9508927676800064"><link ns0:type="simple" ns0:href="../058/82058.xml">brigham young university</link></university>museum art</entry><entry level="1" type="bullet"><link ns0:type="simple" ns0:href="../548/50548.xml">oakland</link>museum california</entry><entry level="1" type="bullet"><link ns0:type="simple" ns0:href="../777/398777.xml">springville</link>museum art</entry><entry level="1" type="bullet"><museum wordnetid="103800563" confidence="0.9508927676800064"><link ns0:type="simple" ns0:href="../615/373615.xml">los angeles county museum art</link></museum></entry><entry level="1" type="bullet"><link ns0:type="simple" ns0:href="../444/40444.xml">monterey</link>museum artpacific</entry><entry level="1" type="bullet"><artifact wordnetid="100021939" confidence="0.8"><facility wordnetid="103315023" confidence="0.8"><depository wordnetid="103177349" confidence="0.8"><museum wordnetid="103800563" confidence="0.8"><link ns0:type="simple" ns0:href="../162/384162.xml">california palace the legion honor</link></museum></depository></facility></artifact></entry><entry level="1" type="bullet"><structure wordnetid="104341686" confidence="0.8"><conservatory wordnetid="103092314" confidence="0.8"><building wordnetid="102913152" confidence="0.8"><artifact wordnetid="100021939" confidence="0.8"><school wordnetid="104146050" confidence="0.8"><facility wordnetid="103315023" confidence="0.8"><depository wordnetid="103177349" confidence="0.8"><art_school wordnetid="102746978" confidence="0.8"><museum wordnetid="103800563" confidence="0.8"><link ns0:type="simple" ns0:href="../199/1127199.xml">national academy design</link></museum></art_school></depository></facility></school></artifact></building></conservatory></structure></entry></list></p></sec><sec><st>selected works alphabetical order</st><p><list><entry level="1" type="bullet"><link ns0:type="simple" ns0:href="../453/59453.xml">california mission</link>oil canvas sold gallery northern california late early<ref ns0:type="simple" ns0:href="#xpointer(//reflist/entry[@id=%223%22])" /></entry><entry level="1" type="bullet"><plant wordnetid="100017222" confidence="0.8"><tree wordnetid="113104059" confidence="0.8"><vascular_plant wordnetid="113083586" confidence="0.8"><woody_plant wordnetid="113103136" confidence="0.8"><link ns0:type="simple" ns0:href="../734/428734.xml">california sycamore</link></woody_plant></vascular_plant></tree></plant>oil canvas approx last display private home southern california from the until</entry><entry level="1" type="bullet">cloudy day the seine oil canvas paul bagley collection per gerdts and south california impressionism page plate</entry><entry level="1" type="bullet">the cove lobos circa oil canvas</entry><entry level="1" type="bullet">duneland<link ns0:type="simple" ns0:href="../444/40444.xml">monterey</link>oil canvas sold altadenabased john moran auctioneers the pasadena convention center june price paid the buyer was ndhighest record for this artist source wwwnewsantiquecom per jsla media press release reference lot presale estimate</entry><entry level="1" type="bullet">green hills oil canvas sold for auction december<link ns0:type="simple" ns0:href="../513/8530513.xml">butterfield and butterfield</link>source wwwbohnhamscom sale lot</entry><entry level="1" type="bullet">green hills seaside oil canvas sold for auction<link ns0:type="simple" ns0:href="../864/15864.xml">june</link><link ns0:type="simple" ns0:href="../164/36164.xml" /><link ns0:type="simple" ns0:href="../513/8530513.xml">butterfield and butterfield</link>source wwwbohnhamscom sale lot provenance property from the baird collection sold benefit the monterey museum arts exhibition program note there landscape study painted the reverse bonhams catalogue</entry><entry level="1" type="bullet">glimpse hollywood hills oil canvas panel the permanent collection the<university wordnetid="108286163" confidence="0.9508927676800064"><link ns0:type="simple" ns0:href="../058/82058.xml">brigham young university</link></university>museum art<symbol wordnetid="106806469" confidence="0.9508927676800064"><link ns0:type="simple" ns0:href="../716/31716.xml">utah</link></symbol></entry><entry level="1" type="bullet"><body_of_water wordnetid="109225146" confidence="0.8"><bay wordnetid="109215664" confidence="0.8"><link ns0:type="simple" ns0:href="../570/98570.xml">monterey bay</link></bay></body_of_water>circa oil canvasboard sold gallery northern california late early source wwwfadacomtrotterhtml</entry><entry level="1" type="bullet">doud<region wordnetid="108630039" confidence="0.8"><location wordnetid="100027167" confidence="0.8"><link ns0:type="simple" ns0:href="../894/240894.xml">big sur</link></location></region>oil canvas also sold altadenabased john moran auctioneers the pasadena convention center june the buyer trotter galleries carmel paid record note smaller painting the artist with the same title though varying color was sold bonhams butterfields august for reported source wwwnewsantiquecom per jsla media press release reference lot presale estimate</entry><entry level="1" type="bullet">summer<link ns0:type="simple" ns0:href="../331/19331.xml">moon</link>oil canvas last display gallery california july source wwwknathangallerycom</entry><entry level="1" type="bullet">summer path oil canvas board auctioned<link ns0:type="simple" ns0:href="../513/8530513.xml">butterfield and butterfield</link>may with bid estimate source wwwbohnhamscom sale lot</entry><entry level="1" type="bullet">tall trees oil canvas last display gallery southern california february source wwwbinggallerycom</entry><entry level="1" type="bullet">view<link ns0:type="simple" ns0:href="../181/487181.xml">mile drive</link>oil canvas last display gallery southern california july source wwwknathangallerycom</entry></list></p></sec><sec><st>trivia</st><p><list><entry level="1" type="bullet">gilbert loved paint the california missions especially<site wordnetid="108651247" confidence="0.8"><region wordnetid="108630985" confidence="0.8"><position wordnetid="108621598" confidence="0.8"><point wordnetid="108620061" confidence="0.8"><landmark wordnetid="108624891" confidence="0.8"><location wordnetid="100027167" confidence="0.8"><tract wordnetid="108673395" confidence="0.8"><geographical_area wordnetid="108574314" confidence="0.8"><link ns0:type="simple" ns0:href="../068/60068.xml">mission san juan bautista</link></geographical_area></tract></location></landmark></point></position></region></site>whose bell tower according fadacom received notoriety the film<movie wordnetid="106613686" confidence="0.9508927676800064"><link ns0:type="simple" ns0:href="../617/76617.xml">vertigo</link></movie>directed<person wordnetid="100007846" confidence="0.9508927676800064"><actor wordnetid="109765278" confidence="0.9508927676800064"><link ns0:type="simple" ns0:href="../808/808.xml">alfred hitchcock</link></actor></person>gilbert also painted the<link ns0:type="simple" ns0:href="../ond/11th_millennium_and_beyond.xml">santa barbara mission</link></entry></list></p></sec><sec><st>see also</st><p><table style="background:#f9f9f9; font-size:85%; line-height:110%; "><row><col><image width="32x28px" src="United_States_Department_of_the_Navy_Seal.svg" /></col><col style="padding:0 0.2em;">united states navy portal</col></row></table></p></sec><sec><st>references</st><p><reflist><entry id="1">wwwtfaoicom</entry><entry id="2">wwwtfaoicom</entry><entry id="3">wwwfadacomtrotterhtml</entry></reflist><list><entry level="1" type="bullet">artists california edan milton hughes</entry><entry level="1" type="bullet">california impressionism william gerdts will south abbeville press new york london</entry><entry level="1" type="bullet">impressionism postimpressionism and the eucalyptus school southern california nancy dustin wall moure westpahl publishing irvine california posted traditional fine arts online wwwtfaoicomimagejpq referenced<link ns0:type="simple" ns0:href="../025/11025.xml">february</link><link ns0:type="simple" ns0:href="../551/34551.xml" />and see also publications southern california art vol and nancy dustin wall moure</entry></list></p></sec><sec><st>external links</st><p><list><entry level="1" type="bullet"><weblink ns0:type="simple" ns0:href="http://bennion.byu.edu/code/emuseum.asp?rawsearch=QuickSearch/,/contains/,/arthur%20Hill%20gilbert/,/false/,/false emu_action=advsearch newsearchdesc=arthur%20Hill%20gilbert currentstate=rawsearch=QuickSearch/,/contains/,/arthur%20Hill%20gilbert/,/false/,/false profile=objects">glimpse hollywood hills arthur hill gilbert the byu musueum art permanent collection</weblink></entry><entry level="1" type="bullet"><weblink ns0:type="simple" ns0:href="http://www.askart.com/askart/g/arthur_hill_gilbert/arthur_hill_gilbert.aspx">entry about gilbert ask artcom</weblink></entry><entry level="1" type="bullet"><weblink ns0:type="simple" ns0:href="http://trottergalleries.com/Inventory/Inventory_by_Artist/Artist_Pages/gilbert_arthur_hill.htm">trotter galleries website carmel</weblink></entry></list></p></sec><sec><st>see also</st><p><list><entry level="1" type="bullet"><cite style="font-style:normal" class="book">westphal ruth lilly editor<link ns0:type="simple" ns0:href="../621/24621.xml">plein air</link>painters california the north irvine calif westphal publishing isbn</cite></entry><entry level="1" type="bullet"><cite style="font-style:normal" class="book">westphal ruth lilly editor plein air painters california the southland irvine calif westphal publishing isbn</cite></entry><entry level="1" type="bullet" /></list></p></sec></bdy></creator></military_officer></scholar></artist></serviceman></causal_agent></alumnus></worker></intellectual></person></physical_entity></skilled_worker></article>