<article xmlns:ns0="http://www.w3.org/1999/xlink"><entity confidence="0.9511911446218017" wordnetid="100001740"><header><title>loranthus</title><id /><revision><id /><timestamp /><contributor><username>dumzibot</username><id /></contributor></revision><categories><category>santalales</category></categories></header><bdy><table style="text-align:center; padding:2.5px; width:200px;" class="infobox biota"><row style="text-align:center;"><header style="background:#90EE90;">loranthus</header></row><row style="text-align:center;"><col><image width="150px" src="Loranthus_europaeus_Sturm43.jpg"><caption><link>loranthus europaeus</link></caption></image><link>loranthus europaeus</link></col></row><row style="background:#90EE90;" /><row style="text-align:center;"><header style="background:#90EE90;"><link ns0:type="simple" ns0:href="../581/53581.xml">scientific classification</link></header></row><row style="text-align:center;"><col><table style="margin:0 auto; text-align:left; background:transparent;" cellpadding="2"><row valign="top" /><row valign="top" /><row valign="top" /><row valign="top" /><row valign="top" /><row valign="top"><col>kingdom</col><col><link ns0:type="simple" ns0:href="../208/23208.xml">plantae</link></col></row><row valign="top" /><row valign="top" /><row valign="top" /><row valign="top" /><row valign="top"><col>division</col><col><link ns0:type="simple" ns0:href="../967/18967.xml">magnoliophyta</link></col></row><row valign="top" /><row valign="top" /><row valign="top" /><row valign="top" /><row valign="top" /><row valign="top" /><row valign="top" /><row valign="top" /><row valign="top" /><row valign="top"><col>class</col><col><link ns0:type="simple" ns0:href="../111/67111.xml">magnoliopsida</link></col></row><row valign="top" /><row valign="top" /><row valign="top" /><row valign="top" /><row valign="top" /><row valign="top"><col>order</col><col><link ns0:type="simple" ns0:href="../286/53286.xml">santalales</link></col></row><row valign="top" /><row valign="top" /><row valign="top" /><row valign="top" /><row valign="top" /><row valign="top" /><row valign="top" /><row valign="top" /><row valign="top"><col>family</col><col><link ns0:type="simple" ns0:href="../554/149554.xml">loranthaceae</link></col></row><row valign="top" /><row valign="top" /><row valign="top" /><row valign="top" /><row valign="top" /><row valign="top" /><row valign="top"><col>genus</col><col>loranthusjacq</col></row><row valign="top" /><row valign="top" /><row valign="top" /><row valign="top" /><row valign="top" /><row valign="top" /><row valign="top" /><row valign="top" /><row valign="top" /><row valign="top" /></table></col></row><row style="background:#90EE90;" /><row style="background:#90EE90;" /><row style="background:#90EE90;" /><row style="background:#90EE90;" /><row style="background:#90EE90;" /><row style="text-align:center;" /><row style="text-align:center;" /><row style="text-align:center;" /><row style="text-align:center;" /><row style="text-align:center;" /><row style="text-align:center;" /><row style="text-align:center;" /><row style="text-align:center;" /><row style="text-align:center;" /><row style="text-align:center;" /><row style="background:#90EE90;" /></table>loranthus genus parasitic plants that grow the branches woody trees<ref ns0:type="simple" ns0:href="#xpointer(//reflist/entry[@id=%221%22])" /><sec><st>distribution</st><p>throughout the world occurs plenty<legal_power wordnetid="105198427" confidence="0.9508927676800064"><link ns0:type="simple" ns0:href="../459/4349459.xml">kerala</link></legal_power>india menace<link ns0:type="simple" ns0:href="../315/56315.xml">mango</link>trees<link>mangifera indica</link></p></sec><sec><st>characteristics</st><p>these plants grows strongly ageing trees particularly somewhere the middle old branches once established quickly steals the nutrients and sunlight covering the encroached place such that the branch the host tree rendered weak and inactive loranthus blooms are rose colour becomes menace over period time for the struggling trees stealing the sunlight needed for photosynthesis</p></sec><sec><st>control</st><p>cutting the branch affected loranthus before spreads other branches the tree may method however using larvae the<link ns0:type="simple" ns0:href="../680/3176680.xml">common jezebel</link>butterfly would the best method natural control the leaves loranthus are food for the larvae the larvae grow scores and hence can quickly eat away the leaves loranthus moreover the larvae undergo metamorphosis later into beautiful butterflies called common jezebel which are very good<link ns0:type="simple" ns0:href="../084/106084.xml">pollinators</link>and hence useful for trees</p></sec><sec><st>references</st><p><reflist><entry id="1">watson and dallwitz onwards the families flowering plants descriptions illustrations identification and information retrieval<weblink ns0:type="simple" ns0:href="http://delta-intkey.com/angio/www/lorantha.htm">loranthus</weblink></entry></reflist></p></sec></bdy></entity></article>