<article xmlns:ns0="http://www.w3.org/1999/xlink"><event confidence="0.8" wordnetid="100029378"><social_event confidence="0.8" wordnetid="107288639"><contest confidence="0.8" wordnetid="107456188"><game confidence="0.8" wordnetid="100456199"><psychological_feature confidence="0.8" wordnetid="100023100"><header><title>world basketball manager</title><id /><revision><id /><timestamp /><contributor><username>kman</username><id /></contributor></revision><categories><category>basketball management video games</category><category>video games</category><category>video games</category><category>video games</category><category>basketball video games</category><category>video games</category><category>windows games</category></categories></header><bdy><template><name>infobox</name><parameters><image width="150px" src="Wbm2008.jpg"><caption>wbmjpg</caption></image><released /><genre><event wordnetid="100029378" confidence="0.8"><social_event wordnetid="107288639" confidence="0.8"><contest wordnetid="107456188" confidence="0.8"><game wordnetid="100456199" confidence="0.8"><psychological_feature wordnetid="100023100" confidence="0.8"><link ns0:type="simple" ns0:href="../562/387562.xml">sports</link></psychological_feature></game></contest></social_event></event></genre><title>world basketball manager</title><developer>icehole</developer><modes><link ns0:type="simple" ns0:href="../340/497340.xml">single player</link><link ns0:type="simple" ns0:href="../680/350680.xml">multiplayer</link></modes><platforms><link ns0:type="simple" ns0:href="../137/18457137.xml" /><link ns0:type="simple" ns0:href="../890/18890.xml">windows</link></platforms><requirements>operating system windows mexp processor pentium amd duron ghz processormemory ram minimum recommended</requirements><ratings><system wordnetid="104377057" confidence="0.8"><artifact wordnetid="100021939" confidence="0.8"><instrumentality wordnetid="103575240" confidence="0.8"><link ns0:type="simple" ns0:href="../617/1019617.xml">pegi</link></instrumentality></artifact></system></ratings></parameters></template><p><image width="250px" src="Usadraft.jpg" type="thumb"><caption>drafts</caption></image><image width="250px" src="WOW_matxh.jpg" type="thumb"><caption>match screen</caption></image></p><p><image width="250px" src="WBM_2007_3.JPG" type="thumb"><caption>tournament screen</caption></image><image width="250px" src="WBM_2007_2.JPG" type="thumb"><caption>budget</caption></image><image width="250px" src="WBM_2007_1.JPG" type="thumb"><caption>world screen</caption></image></p><sec><st>overview</st><p>world basketball manager wbm game that lets you take charge and manage<link ns0:type="simple" ns0:href="../921/3921.xml">basketball</link>teams all around the world the only basketball management game that includes basketball teams outside nba wbm holds also some other firsts its the only basketball management game create successful franchise and draw attention from fans around the world also the first ever greek computer game get published outside<country wordnetid="108544813" confidence="0.9508927676800064"><link ns0:type="simple" ns0:href="../108/12108.xml">greece</link></country><country wordnetid="108544813" confidence="0.9508927676800064"><link ns0:type="simple" ns0:href="../576/576.xml">austria</link></country><link ns0:type="simple" ns0:href="../862/5042862.xml">china</link><country wordnetid="108544813" confidence="0.9508927676800064"><link ns0:type="simple" ns0:href="../867/11867.xml">germany</link></country><country wordnetid="108544813" confidence="0.9508927676800064"><link ns0:type="simple" ns0:href="../338/27338.xml">slovenia</link></country><country wordnetid="108544813" confidence="0.9508927676800064"><link ns0:type="simple" ns0:href="../265/29265.xml">serbia</link></country>and<country wordnetid="108544813" confidence="0.9508927676800064"><link ns0:type="simple" ns0:href="../748/26748.xml">switzerland</link></country>this very important for country with professional computer game development studios and nearly zero production<link ns0:type="simple" ns0:href="../363/5363.xml">computer games</link>the wbm developers originally released each version with fake names for all teams players and managers but the fanmaintained wbm database now includes more than basketball players teams and managers from countries order for the database updated every season the users have created network researchers who update and make the data available for download this makes wbm database useful reference for basketball fans requiring accurate team and player data</p></sec><sec><st>features</st><p><list><entry level="1" type="bullet">gameplay basically the same most soccer management games</entry><entry level="1" type="bullet">user can manage both club and national teams the same time</entry><entry level="1" type="bullet">wbm features very accurate<link ns0:type="simple" ns0:href="../130/2728130.xml">real time</link>match<link ns0:type="simple" ns0:href="../775/775.xml">algorithm</link></entry><entry level="1" type="bullet"><link ns0:type="simple" ns0:href="../254/40254.xml">genetic algorithm</link>makes opponent very challenging</entry><entry level="1" type="bullet">the biggest and more accurate basketball<link ns0:type="simple" ns0:href="../377/8377.xml">database</link></entry><entry level="1" type="bullet">very easy learn and play</entry><entry level="1" type="bullet">produces the same statistics that the basketball professionals use</entry><entry level="1" type="bullet">more than human managers can play the same time game session</entry><entry level="1" type="bullet">the data editor makes very easy for everyone edit the<link ns0:type="simple" ns0:href="../377/8377.xml">database</link></entry><entry level="1" type="bullet">available the following languages<language wordnetid="106282651" confidence="0.8"><link ns0:type="simple" ns0:href="../916/8569916.xml">english</link></language><language wordnetid="106282651" confidence="0.8"><link ns0:type="simple" ns0:href="../597/10597.xml">french</link></language><language wordnetid="106282651" confidence="0.9508927676800064"><link ns0:type="simple" ns0:href="../884/11884.xml">german</link></language><language wordnetid="106282651" confidence="0.9508927676800064"><link ns0:type="simple" ns0:href="../887/11887.xml">greek</link></language><language wordnetid="106282651" confidence="0.9508927676800064"><link ns0:type="simple" ns0:href="../708/14708.xml">italian</link></language><language wordnetid="106282651" confidence="0.9508927676800064"><link ns0:type="simple" ns0:href="../242/77242.xml">lithuanian</link></language><language wordnetid="106282651" confidence="0.9508927676800064"><link ns0:type="simple" ns0:href="../915/23915.xml">portuguese</link></language>and<language wordnetid="106282651" confidence="0.9508927676800064"><link ns0:type="simple" ns0:href="../825/26825.xml">spanish</link></language></entry></list></p></sec><sec><st>database</st><p>its not only the big number players managers teams and tournaments that distinguish wbm from the other<link ns0:type="simple" ns0:href="../921/3921.xml">basketball</link>games but the detail which they are described and that sense really remarkable the fact that the database maintained solely the users</p><p>players are described different attributes first name last name team nationality citizenship age position potential form experience moral clutch temperament blocking rebounding marking stealing ball handling drive scoring rebounding passing pointshoot pointshoot pointinside pointshoot height jump speed quickness power stamina contract duration injury risk new player fee club national team appearances and previous teams</p><p>teams are described different attributes country stadium enemy team worth name owner name season budget starting balance financial status cohesion performance team colors primary team colors secondary fans aggression fans base foreigners allowed facilities level academy level medical level financial level and year established</p><p>managers are described different attributes team national team age seasons club seasons world rank first name last name score season score career coaching psychology training youth development and nationality</p><p>below list tournaments included wbm stands for national team tournaments african champions cup african cup american cup angolan league argentine league asian champions cup asian cup australian league belgian cup belgian eague brazilian league central american cup chinese league croatian cup croatian league cuban league cyprus league european cup qualifications european cup qualifications eurocup euroleague european cup french cup french league german cup german league greek cup greek league israeli cup israeli league italian cup italian league japanese league lebanese league lithuanian league moroccan league new zealand league oceania cup olympics polish league portuguese cup portuguese league puerto rican league russian cup russian league slovenian cup slovenian league south american cup south american league south korean league spanish cup spanish league turkish cup turkish league usa league cup league venezuelan league world cup serbian cup serbian league world league similar the old mcdonalds cup</p></sec><sec><st>history</st><p>wbm developed from icehole small development team based<region wordnetid="108630985" confidence="0.8"><site wordnetid="108651247" confidence="0.8"><administrative_district wordnetid="108491826" confidence="0.8"><location wordnetid="100027167" confidence="0.8"><municipality wordnetid="108626283" confidence="0.8"><settlement wordnetid="108672562" confidence="0.8"><capital wordnetid="108518505" confidence="0.8"><city wordnetid="108524735" confidence="0.8"><center wordnetid="108523483" confidence="0.8"><area wordnetid="108497294" confidence="0.8"><village wordnetid="108672738" confidence="0.8"><seat wordnetid="108647945" confidence="0.8"><tract wordnetid="108673395" confidence="0.8"><geographical_area wordnetid="108574314" confidence="0.8"><district wordnetid="108552138" confidence="0.8"><urban_area wordnetid="108675967" confidence="0.8"><link ns0:type="simple" ns0:href="../216/1216.xml">athens</link></urban_area></district></geographical_area></tract></seat></village></area></center></city></capital></settlement></municipality></location></administrative_district></site></region><country wordnetid="108544813" confidence="0.9508927676800064"><link ns0:type="simple" ns0:href="../108/12108.xml">greece</link></country>the game was first released<link ns0:type="simple" ns0:href="../551/34551.xml" />under the name basketball manager back then only included greek basketball league the next year new version the game added more countries<system wordnetid="108435388" confidence="0.8"><economy wordnetid="108366753" confidence="0.8"><group wordnetid="100031264" confidence="0.8"><link ns0:type="simple" ns0:href="../532/14532.xml">italy</link></group></economy></system><country wordnetid="108544813" confidence="0.9508927676800064"><link ns0:type="simple" ns0:href="../419/5843419.xml">france</link></country><system wordnetid="108435388" confidence="0.8"><economy wordnetid="108366753" confidence="0.8"><group wordnetid="100031264" confidence="0.8"><link ns0:type="simple" ns0:href="../667/26667.xml">spain</link></group></economy></system><country wordnetid="108544813" confidence="0.9508927676800064"><link ns0:type="simple" ns0:href="../867/11867.xml">germany</link></country>and<country wordnetid="108544813" confidence="0.9508927676800064"><link ns0:type="simple" ns0:href="../173/9282173.xml">israel</link></country><link ns0:type="simple" ns0:href="../524/35524.xml" />the game was renamed world basketball manager and added support for the most important basketball tournaments the world and included countries this version the game was also released<link ns0:type="simple" ns0:href="../984/35984.xml" /><language wordnetid="106282651" confidence="0.9508927676800064"><link ns0:type="simple" ns0:href="../751/5751.xml">chinese</link></language>and<language wordnetid="106282651" confidence="0.9508927676800064"><link ns0:type="simple" ns0:href="../884/11884.xml">german language</link></language>for the local markets<link ns0:type="simple" ns0:href="../825/35825.xml" />the latest version the game was released languages<language wordnetid="106282651" confidence="0.8"><link ns0:type="simple" ns0:href="../916/8569916.xml">english</link></language><language wordnetid="106282651" confidence="0.8"><link ns0:type="simple" ns0:href="../597/10597.xml">french</link></language><language wordnetid="106282651" confidence="0.9508927676800064"><link ns0:type="simple" ns0:href="../884/11884.xml">german</link></language><language wordnetid="106282651" confidence="0.9508927676800064"><link ns0:type="simple" ns0:href="../887/11887.xml">greek</link></language><language wordnetid="106282651" confidence="0.9508927676800064"><link ns0:type="simple" ns0:href="../708/14708.xml">italian</link></language><language wordnetid="106282651" confidence="0.9508927676800064"><link ns0:type="simple" ns0:href="../242/77242.xml">lithuanian</link></language><language wordnetid="106282651" confidence="0.9508927676800064"><link ns0:type="simple" ns0:href="../915/23915.xml">portuguese</link></language><language wordnetid="106282651" confidence="0.9508927676800064"><link ns0:type="simple" ns0:href="../825/26825.xml">spanish</link></language>and<language wordnetid="106282651" confidence="0.9508927676800064"><link ns0:type="simple" ns0:href="../992/29992.xml">turkish</link></language></p></sec><sec><st>future wbm</st><p>although wbm has been the market for several years never managed achieve worldwide distribution result the games fan base small but very loyal this permits wbm survive but develop very slowly for the basketball season icehole has announced new version the game that will include updated league formats and many new features including new match engine similar<event wordnetid="100029378" confidence="0.8"><social_event wordnetid="107288639" confidence="0.8"><contest wordnetid="107456188" confidence="0.8"><game wordnetid="100456199" confidence="0.8"><psychological_feature wordnetid="100023100" confidence="0.8"><link ns0:type="simple" ns0:href="../848/465848.xml">football manager</link></psychological_feature></game></contest></social_event></event>and<event wordnetid="100029378" confidence="0.8"><social_event wordnetid="107288639" confidence="0.8"><contest wordnetid="107456188" confidence="0.8"><game wordnetid="100456199" confidence="0.8"><psychological_feature wordnetid="100023100" confidence="0.8"><link ns0:type="simple" ns0:href="../081/4081081.xml">championship manager</link></psychological_feature></game></contest></social_event></event>games</p></sec><sec><st>references</st><p><list><entry level="1" type="bullet"><weblink ns0:type="simple" ns0:href="http://www.ag.ru/games/world_basketball_manager">review absolute games</weblink></entry><entry level="1" type="bullet"><weblink ns0:type="simple" ns0:href="http://www.nordicgamers.se/sektion/nordicgamers/recen/326.html">review nordic gamers</weblink></entry><entry level="1" type="bullet"><weblink ns0:type="simple" ns0:href="http://www.gameweb.gr/reviews/review_660.asp">review game web</weblink></entry><entry level="1" type="bullet"><weblink ns0:type="simple" ns0:href="http://www.sk.co.yu/2004/03/siop14.html">review svet igara</weblink></entry><entry level="1" type="bullet"><weblink ns0:type="simple" ns0:href="http://www.gamesradio.gr/modules.php?name=Reviews rop=showcontent id=235">review games radio</weblink></entry><entry level="1" type="bullet"><weblink ns0:type="simple" ns0:href="http://www.megagames.com/news/html/pc/basketballmanagerlookingforpublisher.shtml">article mega games</weblink></entry></list></p></sec><sec><st>external links</st><p><list><entry level="1" type="bullet"><weblink ns0:type="simple" ns0:href="http://www.wbmgame.com/">official site</weblink></entry><entry level="1" type="bullet"><weblink ns0:type="simple" ns0:href="http://www.createforum.com/phpbb/index.php?mforum=wbm">fan forum</weblink></entry><entry level="1" type="bullet"><weblink ns0:type="simple" ns0:href="http://www.wbmbelgium.be">french and belgian forum</weblink></entry><entry level="1" type="bullet"><weblink ns0:type="simple" ns0:href="http://dunk.co.il/forum/index.php?showtopic=2">israeli forum</weblink></entry><entry level="1" type="bullet"><weblink ns0:type="simple" ns0:href="http://www.iceholegames.com">developers website</weblink></entry></list></p></sec></bdy></psychological_feature></game></contest></social_event></event></article>