<article xmlns:ns0="http://www.w3.org/1999/xlink"><scientist confidence="0.9508927676800064" wordnetid="110560637"><research_worker confidence="0.9511911446218017" wordnetid="110523076"><header><title>michael collins computational linguist</title><id /><revision><id /><timestamp /><contributor><username>tim wells</username><id /></contributor></revision><categories><category>artificial intelligence researchers</category><category>english computer scientists</category><category>living people</category><category>machine learning researchers</category></categories></header><bdy><template><name>infobox scientist</name><parameters><image width="150px" src="Replace_this_image_male.svg" /><birth_date>march age</birth_date><citizenship /><doctoral_students><link>brooke cowan</link><link>luke zettlemoyer</link><link>terry koo</link><link ns0:type="simple" ns0:href="../672/11497672.xml">ali mohammad</link><link>ariadna quattoni</link><link>natasha singh</link></doctoral_students><birth_place><image width="22x20px" src="Flag_of_the_United_Kingdom.svg"><caption>flag the united kingdom</caption></image><village wordnetid="108672738" confidence="0.9508927676800064"><link ns0:type="simple" ns0:href="../885/88885.xml">sheffield</link></village></birth_place><alma_mater><link ns0:type="simple" ns0:href="../796/31796.xml">cambridge university</link><university wordnetid="108286163" confidence="0.9508927676800064"><link ns0:type="simple" ns0:href="../793/31793.xml">university pennsylvania</link></university></alma_mater><field><link ns0:type="simple" ns0:href="../561/5561.xml">computational linguistics</link><link ns0:type="simple" ns0:href="../488/233488.xml">machine learning</link></field><known_for><link>automatic parsing</link><link>voted perceptron</link></known_for><residence>boston</residence><doctoral_advisor><link>mitch marcus</link></doctoral_advisor><name>michael collins</name><work_institution><university wordnetid="108286163" confidence="0.9508927676800064"><link ns0:type="simple" ns0:href="../879/18879.xml">mit</link></university></work_institution></parameters></template><p>michael collins born<link ns0:type="simple" ns0:href="../315/20315.xml">march</link><link ns0:type="simple" ns0:href="../748/34748.xml" />researcher the field<link ns0:type="simple" ns0:href="../561/5561.xml">computational linguistics</link>his research interests are natural language processing and machine learning<weblink ns0:type="simple" ns0:href="http://people.csail.mit.edu/mcollins/">httppeoplecsailmitedumcollins</weblink>has made several important contributions statistical parsing including stateoftheart parser the wall street journal corpus and statistical machine learning recently became tenured professor<link ns0:type="simple" ns0:href="../061/19061.xml">mit</link><link ns0:type="simple" ns0:href="../274/434274.xml">csail</link></p></bdy></research_worker></scientist></article>