<article xmlns:ns0="http://www.w3.org/1999/xlink"><O confidence="0.9508927676800064" wordnetid="106832680"><header><title>aros research operating system</title><id /><revision><id /><timestamp /><contributor><username>ghettoblaster</username><id /></contributor></revision><categories><category>commodore amiga</category><category>free software operating systems</category><category>operating systems</category></categories></header><bdy><template><name>infobox</name><parameters><screenshot><image width="250px" src="Arosrus.jpeg" /></screenshot><supported_platforms><artifact wordnetid="100021939" confidence="0.8"><merchandise wordnetid="103748886" confidence="0.8"><commodity wordnetid="103076708" confidence="0.8"><link ns0:type="simple" ns0:href="../374/244374.xml" /></commodity></merchandise></artifact><link ns0:type="simple" ns0:href="../198/34198.xml" /><link ns0:type="simple" ns0:href="../281/24281.xml">ppc</link></supported_platforms><website>httpwwwarosorg</website><caption>aros showing its cyrillic support</caption><latest_release_date><link ns0:type="simple" ns0:href="../777/1777.xml">april</link><link ns0:type="simple" ns0:href="../165/36165.xml" /></latest_release_date><developer>the aros development team</developer><family><link ns0:type="simple" ns0:href="../304/18933304.xml">amiga</link>like</family><name>aros research operating system</name><source_model><link ns0:type="simple" ns0:href="../758/18938758.xml">open source</link></source_model><license><weblink ns0:type="simple" ns0:href="http://aros.sourceforge.net/license.html">aros public license</weblink></license></parameters></template><image location="right" width="150px" src="AmigaOS.svg" type="thumb"><caption>aros familydevelopment tree</caption></image>aros research operating system aros<link ns0:type="simple" ns0:href="../635/10635.xml">free software</link><link ns0:type="simple" ns0:href="../663/277663.xml">open source</link>implementation the<O wordnetid="106832680" confidence="0.9508927676800064"><link ns0:type="simple" ns0:href="../304/18933304.xml">amigaos</link></O><link ns0:type="simple" ns0:href="../ury/24th_century.xml">api</link>designed portable and flexible<link ns0:type="simple" ns0:href="../804/214804.xml">port</link>are currently available for<link ns0:type="simple" ns0:href="../198/34198.xml" />and<link ns0:type="simple" ns0:href="../281/24281.xml">powerpc</link>based<link ns0:type="simple" ns0:href="../137/18457137.xml" /><link ns0:type="simple" ns0:href="../638/581638.xml">native</link>and hosted flavors with other architectures development<sec><st>name</st><p>aros used mean amiga research operating system but avoid any trademark issues with the<link ns0:type="simple" ns0:href="../980/1980.xml">amiga</link>name<ref ns0:type="simple" ns0:href="#xpointer(//reflist/entry[@id=%221%22])" />was changed the<link ns0:type="simple" ns0:href="../983/36983.xml">recursive acronym</link>aros research operating system<ref ns0:type="simple" ns0:href="#xpointer(//reflist/entry[@id=%222%22])" /></p></sec><sec><st>current status</st><p>the project started<link ns0:type="simple" ns0:href="../658/34658.xml" />has over the years become almost feature complete implementation amigaos with currently march only few lacking areas functionality this was achieved the efforts small team developers</p><p>can currently installed most<link ns0:type="simple" ns0:href="../803/49803.xml">ibm compatible</link>and features native graphics drivers for video cards such the<substance wordnetid="100019613" confidence="0.8"><paper wordnetid="114974264" confidence="0.8"><card wordnetid="102962545" confidence="0.8"><part wordnetid="113809207" confidence="0.8"><material wordnetid="114580897" confidence="0.8"><link ns0:type="simple" ns0:href="../742/148742.xml">geforce</link></material></part></card></paper></substance>range made<link ns0:type="simple" ns0:href="../120/39120.xml">nvidia</link>may usb keyboards and mice are also supported aros also planned run<link ns0:type="simple" ns0:href="../281/24281.xml">powerpc</link>boards<link ns0:type="simple" ns0:href="../152/8570152.xml">efika</link>and samantha</p><p>while the still lacking applications few have been ported including<link ns0:type="simple" ns0:href="../312/80312.xml">euae</link>emulation program that allows knative amigaos applications run the same way majority must run amigaos some arosspecific applications have also been written aros has<link ns0:type="simple" ns0:href="../476/15476.xml">tcpip</link>networking support and has available experimental version<software wordnetid="106566077" confidence="0.9508927676800064"><link ns0:type="simple" ns0:href="../707/1179707.xml">amosaic</link></software>web browser for test purposes among other<link ns0:type="simple" ns0:href="../539/14539.xml">internet</link>related applications</p><p>aros designed<link ns0:type="simple" ns0:href="../164/335164.xml">sourcecompatible</link>with amigaos but not binary compatible source code that will compile amigaos should compile aros but binaries already compiled for amigaos will not run even they are compiled for the same family cpu this unfortunately means that unlike<O wordnetid="106832680" confidence="0.9508927676800064"><link ns0:type="simple" ns0:href="../521/263521.xml">morphos</link></O><link>amigaos</link>aros not capable running legacy software directly only applications compiled for aros there are plans integrate the amiga emulator<link ns0:type="simple" ns0:href="../312/80312.xml">euae</link>directly into aros run amigaos applications and even bounty run morphos software the<link ns0:type="simple" ns0:href="../281/24281.xml">powerpc</link>build aros but far january these objectives remain elusive</p><p>the aim aros remain aloof the legal and political spats that have plagued other amigaos implementations being independent both hardware and any central control the defacto motto aros schedule and rocking both lampoons the infamous claim<company wordnetid="108058098" confidence="0.9508927676800064"><link ns0:type="simple" ns0:href="../877/3193877.xml">amiga inc</link></company>ceo bill mcewen that<link>amigaos</link>was schedule and rocking despite not existing this time and declares lack the formal deadlines that are traditionally broken other amigaos clones</p></sec><sec><st>programs</st><p><indent level="1">main article<link ns0:type="simple" ns0:href="../057/8785057.xml">aros programs</link></indent></p></sec><sec><st>see also</st><p><list><entry level="1" type="bullet"><weblink ns0:type="simple" ns0:href="http://en.wikibooks.org/wiki/Aros/User/Docs">aros user documentation</weblink></entry><entry level="1" type="bullet"><weblink ns0:type="simple" ns0:href="http://en.wikibooks.org/wiki/Aros/Developer/Docs">aros developer documentation</weblink></entry></list></p><p><list><entry level="1" type="bullet"><link>wanderer aros</link></entry><entry level="1" type="bullet"><link ns0:type="simple" ns0:href="../708/10968708.xml">zune gui toolkit</link></entry><entry level="1" type="bullet"><link ns0:type="simple" ns0:href="../937/18943937.xml">emulator</link></entry><entry level="1" type="bullet"><link ns0:type="simple" ns0:href="../353/32353.xml">virtual machine</link></entry><entry level="1" type="bullet"><link ns0:type="simple" ns0:href="../804/214804.xml">porting</link></entry><entry level="1" type="bullet"><link ns0:type="simple" ns0:href="../471/60471.xml">binary compatibility</link></entry><entry level="1" type="bullet"><link ns0:type="simple" ns0:href="../663/277663.xml">open source software</link></entry></list></p></sec><sec><st>references</st><p><reflist><entry id="1"><weblink ns0:type="simple" ns0:href="http://amigann.com/?id=3309">amigann amiga news network</weblink></entry><entry id="2">wwwarosorg</entry></reflist></p></sec><sec><st>external links</st><p><table style="background:#f9f9f9; font-size:85%; line-height:110%; "><row><col><image width="32x28px" src="Free_Software_Portal_Logo.svg" /></col><col style="padding:0 0.2em;">free software portal</col></row></table></p><p><image location="none" width="50px" src="Wikibooks-logo-en.svg"><caption>wikibooks</caption></image>wikibooks has more about this subject</p><p><list><entry level="1" type="bullet"><weblink ns0:type="simple" ns0:href="http://www.aros.org/">aros aros research operating system</weblink></entry><entry level="1" type="bullet"><weblink ns0:type="simple" ns0:href="http://www.aros-exec.org">arosexec</weblink>discussion forum for aros</entry><entry level="1" type="bullet"><weblink ns0:type="simple" ns0:href="http://www.aros.bbs.pl">aros polish team</weblink>polish translating for aros</entry><entry level="1" type="bullet"><weblink ns0:type="simple" ns0:href="http://www.thenostromo.com/teamaros2/">bounties</weblink></entry><entry level="1" type="bullet"><weblink ns0:type="simple" ns0:href="http://www.aros.ppa.pl">arospl</weblink>polish aros community</entry><entry level="1" type="bullet"><weblink ns0:type="simple" ns0:href="http://archives.aros-exec.org">aros archives aros software repository similar aminet</weblink></entry><entry level="1" type="bullet"><weblink ns0:type="simple" ns0:href="http://aros.aminet.net">aros section aminet</weblink></entry><entry level="1" type="bullet"><weblink ns0:type="simple" ns0:href="http://www.arosworld.org">arosworld community</weblink></entry><entry level="1" type="bullet"><weblink ns0:type="simple" ns0:href="http://members.shaw.ca/guis/aros.html">aros bootable screenshots</weblink></entry><entry level="1" type="bullet"><weblink ns0:type="simple" ns0:href="http://arosshow.blogspot.com">the aros show</weblink>news and information about aros</entry></list></p><p><table style=";" class="navbox" cellspacing="0"><row><col style="padding:2px;"><table style="width:100%;background:transparent;color:inherit;;" class="nowraplinks collapsible autocollapse " cellspacing="0"><row><header colspan="2" style=";" class="navbox-title"><O wordnetid="106832680" confidence="0.9508927676800064"><link ns0:type="simple" ns0:href="../304/18933304.xml">amigaos</link></O>amigaoscategory</header></row><row style="height:2px;" /><row><col style=";;" class="navbox-group"><link ns0:type="simple" ns0:href="../223/4918223.xml">companies</link></col><col style="text-align:left;border-left:2px solid #fdfdfd;width:100%;padding:0px;;;" class="navbox-list navbox-odd"><company wordnetid="108058098" confidence="0.9508927676800064"><link ns0:type="simple" ns0:href="../580/7580.xml">commodore international</link></company>bull<company wordnetid="108058098" confidence="0.9508927676800064"><link ns0:type="simple" ns0:href="../072/713072.xml">hyperion entertainment</link></company></col></row><row style="height:2px" /><row><col style=";;" class="navbox-group"><link ns0:type="simple" ns0:href="../457/7878457.xml">computer</link></col><col style="text-align:left;border-left:2px solid #fdfdfd;width:100%;padding:0px;;;" class="navbox-list navbox-even"><link ns0:type="simple" ns0:href="../980/1980.xml">amiga</link></col></row><row style="height:2px" /><row><col style=";;" class="navbox-group"><link ns0:type="simple" ns0:href="../816/29816.xml">technology</link></col><col style="text-align:left;border-left:2px solid #fdfdfd;width:100%;padding:0px;;;" class="navbox-list navbox-odd"><link ns0:type="simple" ns0:href="../699/7494699.xml">workbench</link>bull<link ns0:type="simple" ns0:href="../139/7495139.xml">intuition</link>bull<link ns0:type="simple" ns0:href="../823/88823.xml">amigados</link>bull<link ns0:type="simple" ns0:href="../505/1858505.xml">arexx</link>bull<link ns0:type="simple" ns0:href="../001/1451001.xml">amigabasic</link>bull<message wordnetid="106598915" confidence="0.8"><information wordnetid="106634376" confidence="0.8"><format wordnetid="106636806" confidence="0.8"><link ns0:type="simple" ns0:href="../329/78329.xml">amigaguide</link></format></information></message>bull<link ns0:type="simple" ns0:href="../877/4334877.xml">software</link>bull<link ns0:type="simple" ns0:href="../647/66647.xml">games</link>bull<link ns0:type="simple" ns0:href="../155/42155.xml">demos</link></col></row><row style="height:2px" /><row><col style=";;" class="navbox-group"><link ns0:type="simple" ns0:href="../194/22194.xml">operating system</link></col><col style="text-align:left;border-left:2px solid #fdfdfd;width:100%;padding:0px;;;" class="navbox-list navbox-even"><O wordnetid="106832680" confidence="0.9508927676800064"><link ns0:type="simple" ns0:href="../304/18933304.xml">amigaos</link></O><link ns0:type="simple" ns0:href="../722/4905722.xml">versions</link>bull<link ns0:type="simple" ns0:href="../614/11193614.xml">aros</link>bull<O wordnetid="106832680" confidence="0.9508927676800064"><link ns0:type="simple" ns0:href="../521/263521.xml">morphos</link></O></col></row></table></col></row></table></p></sec></bdy></O></article>