<article xmlns:ns0="http://www.w3.org/1999/xlink"><header><title>eye movement desensitization and reprocessing</title><id /><revision><id /><timestamp /><contributor><username>rjwilmsi</username><id /></contributor></revision><categories><category>psychotherapy</category><category>wikipedia articles needing clarification</category><category>mental health</category></categories></header><bdy>for other uses see<link ns0:type="simple" ns0:href="../389/18084389.xml">eye movement disambiguation</link><p>eye movement desensitization and reprocessing emdr form psychotherapy that was developed resolve symptoms resulting from disturbing and unresolved life experiences uses structured approach address past present and future aspects disturbing memories the approach was developed<link ns0:type="simple" ns0:href="../226/5891226.xml">francine shapiro</link><ref ns0:type="simple" ns0:href="#xpointer(//reflist/entry[@id=%221%22])" />resolve the development traumarelated disorders resulting from exposure traumatic distressing event such rape clinical trials have demonstrated emdrs efficacy the treatment<link ns0:type="simple" ns0:href="../974/82974.xml">posttraumatic stress disorder</link>ptsd some studies has been shown equivalent cognitive behavioral and exposure therapies and more effective than some alternative treatments see effectiveness sections below however the effectiveness the mechanisms behind emdr have been questioned with most leading researchers concluding that cognitive restructuring which common most therapies for ptsd rather than the eye movements are responsible for change although some clinicians may use emdr for various problems its research support primarily for disorders stemming from distressing life experiences<ref ns0:type="simple" ns0:href="#xpointer(//reflist/entry[@id=%222%22])" /><ref ns0:type="simple" ns0:href="#xpointer(//reflist/entry[@id=%223%22])" /></p><sec><st>mechanism</st><p>the theoretical model underlying emdr treatment hypothesizes that emdr works processing distressing memories emdr based theoretical information processing model which posits that symptoms arise when events are inadequately processed and can eradicated when the memory fully processed integrative therapy synthesizing elements many traditional psychological orientations such<link ns0:type="simple" ns0:href="../735/4254735.xml">psychodynamic</link>cognitive behavioral experiential physiological and interpersonal therapies<ref ns0:type="simple" ns0:href="#xpointer(//reflist/entry[@id=%224%22])" /></p><p>emdrs most unique aspect unusual component bilateral stimulation the brain such eye movements bilateral sound bilateral tactile stimulation coupled with cognitions visualized images and body sensation emdr also utilizes dual attention awareness allow the individual vacillate between the traumatic material and the safety the present moment this prevents retraumatization from exposure the disturbing memory emdr integrative therapy which combines elements cognitive behavioral and psychodynamic therapies desensitize traumatic memories some individuals have criticized emdr and consider the use eye movements unnecessary component treatment<ref ns0:type="simple" ns0:href="#xpointer(//reflist/entry[@id=%225%22])" /><ref ns0:type="simple" ns0:href="#xpointer(//reflist/entry[@id=%226%22])" />however recent studies have examined the effects eye movements and have found that eye movements emdr decrease the vividness andor negative emotions associated with autobiographical memories<ref ns0:type="simple" ns0:href="#xpointer(//reflist/entry[@id=%227%22])" /><ref ns0:type="simple" ns0:href="#xpointer(//reflist/entry[@id=%228%22])" /><ref ns0:type="simple" ns0:href="#xpointer(//reflist/entry[@id=%229%22])" /><ref ns0:type="simple" ns0:href="#xpointer(//reflist/entry[@id=%2210%22])" />enhance the retrieval episodic memories<ref ns0:type="simple" ns0:href="#xpointer(//reflist/entry[@id=%2211%22])" />increase cognitive flexibility<ref ns0:type="simple" ns0:href="#xpointer(//reflist/entry[@id=%2212%22])" />and correlate with decreases heart rate skin conductance and increased finger temperature<ref ns0:type="simple" ns0:href="#xpointer(//reflist/entry[@id=%2213%22])" /><ref ns0:type="simple" ns0:href="#xpointer(//reflist/entry[@id=%2214%22])" />these physiological changes associated with emdr are consistent with earlier research physiological changes associated with emdr<ref ns0:type="simple" ns0:href="#xpointer(//reflist/entry[@id=%2215%22])" />also recent studies that have removed eye movement from the method have found the procedure less effective<ref ns0:type="simple" ns0:href="#xpointer(//reflist/entry[@id=%2216%22])" /></p></sec><sec><st>description therapy</st><p>there are two perspectives emdr therapy one was advanced the methods creator with theory that eye movements provide some neurological and psychological effects that enhance the processing traumatic memories the other perspective that eye movements are<link ns0:type="simple" ns0:href="../604/59604.xml">epiphenomenon</link>unnecessary and that emdr simply form<link ns0:type="simple" ns0:href="../937/249937.xml">desensitization</link></p><ss1><st>theoretical basis</st><p>eye movement desensitization and reprocessing emdr has been used treat posttraumatic stress disorder ptsd integrates elements imaginal exposure cognitive therapy psychodynamic and somatic therapies also uses the unique and somewhat controversial element bilateral stimulation moving the eyes back and forth according francine shapiros theory when traumatic distressing experience occurs may overwhelm usual ways coping and the memory the event inadequately processed the memory dysfunctionally stored isolated memory network when this memory network activated the individual may reexperience aspects the original event often resulting inappropriate overreactions this explains why people who have experienced witnessed traumatic incident may have recurring sensory flashbacks thoughts beliefs dreams unprocessed memory traumatic event can retain high levels sensory and emotional intensity even though many years may have passed</p><p>emdr uses structured eightphase approach and addresses the past present and future aspects the dysfunctionally stored memory during the processing phases emdr the client attends the disturbing memory multiple brief sets about seconds while simultaneously focusing the dual attention stimulus therapistdirected lateral eye movements alternate handtapping bilateral auditory tones following each set such dual attention the client asked what associative information was elicited during the procedure this new material usually becomes the focus the next set this process alternating dual attention and personal association repeated many times during the session</p><p>the theory that emdr works directly with memory networks and enhances information processing forging associations between the distressing memory and more adaptive information contained other semantic memory networks thought that the distressing memory transformed when new connections are forged with more positive and realistic information this results transformation the emotional sensory and cognitive components the memory that when accessed the individual longer distressed instead heshe recalls the incident with new perspective new insight resolution the cognitive distortions elimination emotional distress and relief related physiological arousal<ref ns0:type="simple" ns0:href="#xpointer(//reflist/entry[@id=%2217%22])" /></p><p>when the distressing<link ns0:type="simple" ns0:href="../369/13572369.xml">traumatic event</link>isolated incident the symptoms can often cleared with one three emdr sessions but when multiple traumatic events contribute health problem such physical sexual emotional abuse parental neglect severe illness accident injury healthrelated trauma that result chronic impairment health and wellbeing the time heal may longer<ref ns0:type="simple" ns0:href="#xpointer(//reflist/entry[@id=%2218%22])" /></p></ss1><ss1><st>therapy process</st><p><list><entry level="1" type="bullet">phase the first sessions the patients history and overall treatment plan are discussed during this process the therapist identifies and clarifies potential targets for emdr target refers disturbing issue event feeling memory for use initial focus for emdr maladaptive beliefs are also identified</entry><entry level="1" type="bullet">phase before beginning emdr for the first time recommended that the client identify safe place image memory that elicits comfortable feelings and positive sense self this safe place can used later bring closure incomplete session help client tolerate particularly upsetting session</entry><entry level="1" type="bullet">phase iii developing target for emdr prior beginning the eye movements snapshot image identified that represents the target and the disturbance associated with using that image way help the client focus the target negative cognition identified negative statement about the self that feels especially true when the client focuses the target image positive cognition also identified positive selfstatement that preferable the negative cognition</entry><entry level="1" type="bullet">phase the therapist asks the patient focus simultaneously the image the negative cognition and the disturbing emotion body sensation then the therapist usually asks the client follow moving object with his her eyes the object moves alternately from side side that the clients eyes also move back and forth after set eye movements the client asked report briefly what has come this may thought feeling physical sensation image memory change any one the above the initial instructions the client the therapist asks him her focus this thought and begins new set eye movements under certain conditions however the therapist directs the client focus the original target memory some other image thought feeling fantasy physical sensation memory from time time the therapist may query the client about her his current level distress the desensitization phase ends when the suds subjective units disturbance scale has reached<ref ns0:type="simple" ns0:href="#xpointer(//reflist/entry[@id=%221%22])" /></entry><entry level="1" type="bullet">phase the installation phase the therapist asks the client about the positive cognition its still valid after phase the view the client the event the initial snapshot image may have changed dramatically another may needed then the client asked hold together the snapshot and the new also the therapist asks how valid does the feel scale from new sets eye movement are issued</entry><entry level="1" type="bullet">phase the body scan the therapist asks anywhere the clients body any pain stress discomfort felt the client asked concentrate the sore knee whatever may arise and new sets are issued</entry><entry level="1" type="bullet">phase vii debriefing the therapist gives appropriate info and support</entry></list></p><p>emdr also uses threepronged approach address past present and future aspects the targeted memory</p></ss1><ss1><st>vocabulary</st><p>the following basic terms are described shapiros text<ref ns0:type="simple" ns0:href="#xpointer(//reflist/entry[@id=%221%22])" /></p><p><list><entry level="1" type="definition">information processing during information processing physiologicallybased system sorts new perceptual information makes connections between new information and other information already stored associated memory networks encodes the material and stores memory</entry><entry level="1" type="definition">adaptive resolution when information processing complete learning takes place and information stored memory with appropriate emotion the new information therefore available guide future action</entry><entry level="1" type="definition">dysfunctionally stored information when information processing incomplete the information not connected more adaptive information and stored memory network with high negative emotional charge can cause reactivity and can the cause various symptoms</entry><entry level="1" type="definition">reprocessing during reprocessing emdr new associative links are forged between dysfunctionally stored information and adaptive information resulting complete information processing and adaptive resolution</entry><entry level="1" type="definition">memory networks neurobiological associations related memories sensations images thoughts and emotions</entry><entry level="1" type="definition">target memory the memory distressing traumatic event which still causes current distress and which has been selected targeted during emdr treatment</entry><entry level="1" type="definition">memory components all components the target memory are accessed during phase three ensure that the memory network fully activated these components include the image cognitions emotions and body sensations</entry><entry level="1" type="definition">voc validity cognition scale voc ratings are used emdr measure baseline validity the positive cognition during phase three and assess progress being made where not true and completely true</entry><entry level="1" type="definition">sud subjective units disturbance scale sud ratings are used emdr exposure therapies and other treatments measure baseline emotional physical pain and also assess progress being made this personal measurement distress where distress and worst distress possible</entry><entry level="1" type="definition">interweave specific strategy used the clinician assist processing the client appears having difficulty accessing more adaptive information ideally the interweave contains needed information that would have been available except for blockage inner pathways trauma responses</entry></list></p></ss1></sec><sec><st>empirical evidence</st><p>over the last years evidence has accumulated that supports emdr effective treatment for problems associated with distressing memories that relate the experience negativetraumatic event the evidence about whether emdr effective will first considered the basis what scientific committees from around the world have concluded then emdr will compared typical treatments medication and traditional exposure based treatments although discussed below emdr generally considered efficacious treatment for the treatment trauma the working mechanisms that underlie the effectiveness emdr and whether the eye movement component emdr contributes its clinical effectiveness still point uncertainty and contentious debate</p><p>effectiveness conclusions from international scientific committees based the evidence controlled research both the practice guidelines the american psychiatric association<ref ns0:type="simple" ns0:href="#xpointer(//reflist/entry[@id=%2219%22])" />and the department veterans affairs and defense<ref ns0:type="simple" ns0:href="#xpointer(//reflist/entry[@id=%2220%22])" />have placed emdr the highest category effectiveness and research support the treatment trauma this status reflected number international guidelines where emdr recommended treatment for trauma<ref ns0:type="simple" ns0:href="#xpointer(//reflist/entry[@id=%2221%22])" /><ref ns0:type="simple" ns0:href="#xpointer(//reflist/entry[@id=%2222%22])" /><ref ns0:type="simple" ns0:href="#xpointer(//reflist/entry[@id=%2223%22])" /><ref ns0:type="simple" ns0:href="#xpointer(//reflist/entry[@id=%2224%22])" /><ref ns0:type="simple" ns0:href="#xpointer(//reflist/entry[@id=%2225%22])" /><ref ns0:type="simple" ns0:href="#xpointer(//reflist/entry[@id=%2226%22])" /></p><p>effectiveness emdr compared typical treatments emdr has been demonstrated have significant advantages over usual treatment for ptsd hmo setting and improvement was maintained six month followup<ref ns0:type="simple" ns0:href="#xpointer(//reflist/entry[@id=%2227%22])" />emdr has been shown effective measures trauma depression and anxiety women who had been sexually abused children<ref ns0:type="simple" ns0:href="#xpointer(//reflist/entry[@id=%2228%22])" /><ref ns0:type="simple" ns0:href="#xpointer(//reflist/entry[@id=%2229%22])" /></p><p>effectiveness emdr compared medication date emdr has only been compared directly medication one study van der kolk found emdr more effective than<link ns0:type="simple" ns0:href="../680/10153680.xml">fluoxetine</link><link ns0:type="simple" ns0:href="../581/29581.xml">ssri</link>treating trauma especially six months posttreatment the study also suggests role for ssris reliable firstline intervention<ref ns0:type="simple" ns0:href="#xpointer(//reflist/entry[@id=%2230%22])" /></p><p>effectiveness emdr versus traditional exposure treatments studies the last years emdr proved significantly better than stress inoculation training with prolonged exposure study with participants diagnosed with post traumatic stress disorder<ref ns0:type="simple" ns0:href="#xpointer(//reflist/entry[@id=%2231%22])" />although reduction symptom severity was equivalent post treatment followup emdr lead greater gains both self report and observer rated measures ptsd and self report measures depression another study participants who had also been diagnosed with ptsd both emdr and prolonged exposure were found effective post treatment<ref ns0:type="simple" ns0:href="#xpointer(//reflist/entry[@id=%2232%22])" />participants receiving emdr appeared improve quicker that had reached level clinically significant improvement ptsd after three emdr sessions compared only the prolonged exposure condition emdr was also found work more quickly than exposure based treatments larger trial with participants<ref ns0:type="simple" ns0:href="#xpointer(//reflist/entry[@id=%2233%22])" />fifteenmonth followup gains for both treatments were generally maintained the only significant difference followup was improvement depression according independent observer favour emdr emdr and prolonged exposure were found equivalently efficacious and both superior waitlist control controlled trial female rape victims<ref ns0:type="simple" ns0:href="#xpointer(//reflist/entry[@id=%2234%22])" />measures used blind assessors included ptsd depression dissociation and state anxiety unlike other studies noted above there was difference between the active treatments rate improvement however emdr seemed adequately well despite utilising homework tasks and less exposure the study met the highest criteria for methodological rigour proposed foa and meadows<ref ns0:type="simple" ns0:href="#xpointer(//reflist/entry[@id=%2235%22])" />the improvements emdr over<work wordnetid="100575741" confidence="0.8"><treatment wordnetid="100658082" confidence="0.8"><event wordnetid="100029378" confidence="0.8"><care wordnetid="100654885" confidence="0.8"><act wordnetid="100030358" confidence="0.8"><psychological_feature wordnetid="100023100" confidence="0.8"><activity wordnetid="100407535" confidence="0.8"><link ns0:type="simple" ns0:href="../750/5750.xml">cognitive behavioral therapy</link></activity></psychological_feature></act></care></event></treatment></work>cbt are not limited english speaking cultures study involving iranian girls who had been sexually abused emdr was found significantly more efficient than cbt<ref ns0:type="simple" ns0:href="#xpointer(//reflist/entry[@id=%2236%22])" />although most studies show emdr and cbt about the same one study reported opposite effect<ref ns0:type="simple" ns0:href="#xpointer(//reflist/entry[@id=%2237%22])" />analysis changes symptoms for the participants who completed treatment indicated greater reductions symptom measures avoidance and reexperiencing for imaginal exposure treatment over emdr but equivalent reductions hyper arousal however there were differences between the two treatments the intent treat analysis and differences between the two treatments percentage people with ptsd diagnosis followup</p><p>effectiveness metaanalysis emdr was found the first ever metaanalysis ptsd equally effective exposure therapy and ssris<ref ns0:type="simple" ns0:href="#xpointer(//reflist/entry[@id=%2238%22])" />two recent metaanalyses concluded that traditional exposure therapy and emdr have equivalent effects both immediately after treatment and followup<ref ns0:type="simple" ns0:href="#xpointer(//reflist/entry[@id=%2239%22])" /><ref ns0:type="simple" ns0:href="#xpointer(//reflist/entry[@id=%2240%22])" />the most recent metaanalysis looked randomized controlled trials for ptsd treatment and concluded that the firstline psychological treatment for ptsd should traumafocused cbt emdr<ref ns0:type="simple" ns0:href="#xpointer(//reflist/entry[@id=%2241%22])" /></p></sec><sec><st>other applications</st><p>although controlled research has concentrated the application emdr ptsd number studies have investigated emdrs efficacy with other anxiety disorders well numerous reports diverse clinical applications</p><p>case reports have been published the application emdr the treatment<link ns0:type="simple" ns0:href="../054/199054.xml">personality disorders</link>fensterheim korn leeds press manfield<link ns0:type="simple" ns0:href="../401/2413401.xml">dissociative disorders</link>fine berkowitz lazrove fine paulsen twombly variety<link ns0:type="simple" ns0:href="../688/57688.xml">anxiety disorders</link><ref ns0:type="simple" ns0:href="#xpointer(//reflist/entry[@id=%2242%22])" />jongh ten broeke goldstein feske lovett nadler shapiro forrest and<link ns0:type="simple" ns0:href="../328/3040328.xml">somatoform disorders</link>brown mcgoldrick buchanan grant threlfo however controlled research needed evaluate the efficacy these applications</p><p>designing the research the entire emdr protocol should evaluated within the context the potential special needs the particular population for instance brown evaluated the application emdr seven consecutive cases<link ns0:type="simple" ns0:href="../730/369730.xml">body dysmorphic disorder</link>bdd which has been reported necessitate sessions cognitive behavior therapy with varying success rates neziroglu mckay todaro yaryuratobias beale wilhelm otto lohr deckersbach contrast brown reported the elimination bdd five the seven consecutive cases one three sessions emdr through the processing the etiological memory while this result indicates the emdr holds promise for the treatment this disorder future controlled research should include greater number sessions order evaluate the more comprehensive clinical picture</p><p>emdr can work multitude problems that are less complex than ptsd one these uncomplicated depression the emdr casebook philip manfield phd has documented several case studies which emdr was used the case about uncomplicated depression manfield was able help his client george resolve several childhood issues that have plagued his adult life moreover emdr can work for diseases such postpartum depression having the client target distinctive memory and work through with series eye movements the client then able achieve positive cognition<ref ns0:type="simple" ns0:href="#xpointer(//reflist/entry[@id=%2243%22])" /></p><p>emdr has been used children treat variety conditions<ref ns0:type="simple" ns0:href="#xpointer(//reflist/entry[@id=%2244%22])" /><ref ns0:type="simple" ns0:href="#xpointer(//reflist/entry[@id=%2245%22])" />has been used the treatment children who have experienced trauma and complex trauma<ref ns0:type="simple" ns0:href="#xpointer(//reflist/entry[@id=%2244%22])" /><ref ns0:type="simple" ns0:href="#xpointer(//reflist/entry[@id=%2245%22])" />often cited component the treatment<link ns0:type="simple" ns0:href="../068/3518068.xml">complex post traumatic stress disorder</link><ref ns0:type="simple" ns0:href="#xpointer(//reflist/entry[@id=%2246%22])" /><link ns0:type="simple" ns0:href="../213/3859213.xml">emotional dysregulation</link>and the treatment children exposed chronic early maltreatment that related<link ns0:type="simple" ns0:href="../323/707323.xml">attachment disorder</link>recognised the national institute for health clinical excellence nice guidelines treatment for ptsd</p><p>full article emdr years after its introduction past and future research francine shapiro mental research institute palo alto journal clinical psychology vol john wiley sons inc</p></sec><sec><st>mechanism</st><p>there definitive explanation how emdr works there some empirical support for three explanations regarding how external stimulus such eye movement can facilitate the processing traumatic memories</p><p>the first hypothesis views ptsd failure the individual process episodic memory<ref ns0:type="simple" ns0:href="#xpointer(//reflist/entry[@id=%2247%22])" /><ref ns0:type="simple" ns0:href="#xpointer(//reflist/entry[@id=%2248%22])" />the bilateral eye movements involved emdr facilitate interaction between the brains hemispheres which then improves the processing traumarelated memories this hypothesis supported study that tested the effects eye movement the ability retrieve episodic memory the study found better recall following horizontal eye movement task compared that following eye movement vertical eye movement task<ref ns0:type="simple" ns0:href="#xpointer(//reflist/entry[@id=%2249%22])" /></p><p>second hypothesis suggests that eye movements facilitate processing trauma memories activating neurobiological state similar rem sleep wherein associative links episodic memories are formed and these memories are then integrated into general semantic networks stickgold proposed that ptsd occurs when event sufficiently arousing prevent its transfer from encoding from episodic memory semantic memory<ref ns0:type="simple" ns0:href="#xpointer(//reflist/entry[@id=%2248%22])" />result high arousal levels associations between the traumatic event and other related events fail develop argues that the attentional redirecting emdr induces neurobiological state similar rem sleep then reviews the research that suggests that rem sleep enhances processing episodic memory through the preferential activation weak associative and semantic links thus emdr traumarelated information that closely associated with target event weakened and ancillary information loosely related the event strengthened allowing the integration traumarelated material with other loosely associated events the persons life support for this argument comes from study that found that compared eye fixation eye movement promoted attentional flexibility and increased preparedness process metaphorical material<ref ns0:type="simple" ns0:href="#xpointer(//reflist/entry[@id=%2250%22])" /></p><p>third hypothesis links the eye movements emdr with the<link ns0:type="simple" ns0:href="../378/1563378.xml">orienting response</link><ref ns0:type="simple" ns0:href="#xpointer(//reflist/entry[@id=%2251%22])" />macculloch and feldman argued that eye movements trigger the investigation component the orienting response which can either produce avoidance behaviour inhibit avoidance responses inhibiting avoidance behaviour includes reducing both negative somatic responses and cognitive changes that would allow fresh investigatory behaviour commence macculloch and feldman proposed that initially when danger identified there negative affect response however second part the orienting response scan for further danger and this investigatory reflex seems accompany positive physical response the authors opinion eye movement induces this investigatory reflex and produces relaxation response relaxation response was fact found study that investigated the autonomic responses participants when they were engaged eye movement task part emdr treatment<ref ns0:type="simple" ns0:href="#xpointer(//reflist/entry[@id=%2252%22])" />and when participants focused negative memories while engaging eye movement however there not differential effect eye movement relaxation response when participants focused positive memories<ref ns0:type="simple" ns0:href="#xpointer(//reflist/entry[@id=%2253%22])" />this supports the hypothesis that eye movements are orienting response mechanism rather than simple relaxation mechanism addition recent research that has examined the physiological correlates eye movements emdr has found that clear orienting response pattern psychophysiological dearousal occurs when eye movements begin and this dearousal characteristic the physiological changes that occur when orienting response elicited<ref ns0:type="simple" ns0:href="#xpointer(//reflist/entry[@id=%2254%22])" /></p><p>further data consistent with the orienting response hypothesis was the finding that emdr treatment was associated with increased left prefrontal hemisphere activation<ref ns0:type="simple" ns0:href="#xpointer(//reflist/entry[@id=%2255%22])" /><ref ns0:type="simple" ns0:href="#xpointer(//reflist/entry[@id=%2256%22])" />investigatory and approach behavior has been shown associated with the anterior left hemisphere regions<ref ns0:type="simple" ns0:href="#xpointer(//reflist/entry[@id=%2257%22])" /></p></sec><sec><st>controversy</st><p>emdr has generated great deal controversy since its inception critics emdr argue that the eye movements not play central role that the mechanisms eye movements are speculative and that the theory leading the practice not falsifiable and amenable scientific enquiry<ref ns0:type="simple" ns0:href="#xpointer(//reflist/entry[@id=%225%22])" /><ref ns0:type="simple" ns0:href="#xpointer(//reflist/entry[@id=%2258%22])" /></p><p>although one metaanalysis concluded that emdr not effective long lasting specific exposure therapy<ref ns0:type="simple" ns0:href="#xpointer(//reflist/entry[@id=%2259%22])" />several other researchers using metaanalyses have found emdr least equivalent effect size specific exposure therapies<ref ns0:type="simple" ns0:href="#xpointer(//reflist/entry[@id=%2260%22])" /><ref ns0:type="simple" ns0:href="#xpointer(//reflist/entry[@id=%2261%22])" /><ref ns0:type="simple" ns0:href="#xpointer(//reflist/entry[@id=%2262%22])" /><ref ns0:type="simple" ns0:href="#xpointer(//reflist/entry[@id=%2263%22])" /></p><ss1><st>eye movements</st><p>early critical review and metanalysis that looked the contribution eye movements treatment effectiveness emdr concluded that eye movements are not necessary the treatment effect<ref ns0:type="simple" ns0:href="#xpointer(//reflist/entry[@id=%2264%22])" /><ref ns0:type="simple" ns0:href="#xpointer(//reflist/entry[@id=%2265%22])" />however recent research has demonstrated that when the eye movement component emdr removed from the method the procedure less effective<ref ns0:type="simple" ns0:href="#xpointer(//reflist/entry[@id=%2266%22])" />this finding supports previous research that has demonstrated that emdr with eye movements more effective than treatment conditions that not utilise eye movements the method<ref ns0:type="simple" ns0:href="#xpointer(//reflist/entry[@id=%2267%22])" /><ref ns0:type="simple" ns0:href="#xpointer(//reflist/entry[@id=%2268%22])" /><ref ns0:type="simple" ns0:href="#xpointer(//reflist/entry[@id=%2269%22])" />instead use dual attention task such tapping<ref ns0:type="simple" ns0:href="#xpointer(//reflist/entry[@id=%2270%22])" /></p><p>macculloch argued that the eye movements make unique contribution emdr<ref ns0:type="simple" ns0:href="#xpointer(//reflist/entry[@id=%2271%22])" />whereas salkovskis reported that the eye movements are irrelevant and that the effectiveness the procedure solely due sharing similar properties cognitive behavioral therapies such desensitization and exposure<ref ns0:type="simple" ns0:href="#xpointer(//reflist/entry[@id=%2272%22])" /></p></ss1><ss1><st>effect eye movements memory cognitive processes and physiology</st><p>although the necessity eye movements emdr still point controversy and contentious debate separate body research has examined what effects eye movements have physiology memory and cognition during the process emdr date the research this area has demonstrated that eye movements decrease the vividness andor emotional valence autobiographical memories<ref ns0:type="simple" ns0:href="#xpointer(//reflist/entry[@id=%2273%22])" /><ref ns0:type="simple" ns0:href="#xpointer(//reflist/entry[@id=%2274%22])" /><ref ns0:type="simple" ns0:href="#xpointer(//reflist/entry[@id=%2275%22])" />they enhance the retrieval episodic memories<ref ns0:type="simple" ns0:href="#xpointer(//reflist/entry[@id=%2276%22])" />produce physiological relaxation effect similar that which characteristically seen when orienting response elicited<ref ns0:type="simple" ns0:href="#xpointer(//reflist/entry[@id=%2277%22])" /><ref ns0:type="simple" ns0:href="#xpointer(//reflist/entry[@id=%2278%22])" /><ref ns0:type="simple" ns0:href="#xpointer(//reflist/entry[@id=%2279%22])" />and they have been found increase cognitive flexibility<ref ns0:type="simple" ns0:href="#xpointer(//reflist/entry[@id=%2280%22])" />although wide range researchers have proposed various models and theories explain the effect eye movements and the possible role that eye movements may play the process emdr date single model theory exists that can explain all the above mentioned findings further research therefore required this area</p></ss1><ss1><st>similarity desensitization and exposure treatments</st><p>several papers have highlighted key differences between emdr and traditional exposure treatments<ref ns0:type="simple" ns0:href="#xpointer(//reflist/entry[@id=%2281%22])" /><ref ns0:type="simple" ns0:href="#xpointer(//reflist/entry[@id=%2282%22])" />recent study has found key differences the crucial processes emdr and traditional exposure<ref ns0:type="simple" ns0:href="#xpointer(//reflist/entry[@id=%2283%22])" />unlike traditional exposure where reliving responses the treatment session was found associated with post session improvement<ref ns0:type="simple" ns0:href="#xpointer(//reflist/entry[@id=%2284%22])" />reliving responses were not associated with any improvement emdr<ref ns0:type="simple" ns0:href="#xpointer(//reflist/entry[@id=%2285%22])" />instead greater improvement ptsd symptoms was found associated with distancing responses given session</p></ss1></sec><sec><st>see also</st><p><list><entry level="1" type="bullet"><link ns0:type="simple" ns0:href="../974/82974.xml">posttraumatic stress disorder</link></entry><entry level="1" type="bullet"><link ns0:type="simple" ns0:href="../866/13480866.xml">rapid eye movement</link></entry><entry level="1" type="bullet"><link ns0:type="simple" ns0:href="../832/69832.xml">saccade</link></entry><entry level="1" type="bullet"><disorder wordnetid="114052403" confidence="0.8"><condition wordnetid="113920835" confidence="0.8"><state wordnetid="100024720" confidence="0.8"><physical_condition wordnetid="114034177" confidence="0.8"><link ns0:type="simple" ns0:href="../068/3518068.xml">complex posttraumatic stress disorder</link></physical_condition></state></condition></disorder></entry><entry level="1" type="bullet"><disorder wordnetid="114052403" confidence="0.8"><condition wordnetid="113920835" confidence="0.8"><state wordnetid="100024720" confidence="0.8"><physical_condition wordnetid="114034177" confidence="0.8"><link ns0:type="simple" ns0:href="../213/3859213.xml">emotional dysregulation</link></physical_condition></state></condition></disorder></entry><entry level="1" type="bullet"><link ns0:type="simple" ns0:href="../323/707323.xml">attachment disorder</link></entry><entry level="1" type="bullet"><link ns0:type="simple" ns0:href="../688/57688.xml">anxiety disorder</link></entry></list></p></sec><sec><st>references</st><ss1><st>notes</st><p><reflist><entry id="1"><cite style="font-style:normal" class="book">shapiro francine eye movement desensitization and reprocessing basic principles protocols and procedures new york guilford press isbn</cite></entry><entry id="2">maxfield clinical implications and recommendations arising from emdr research findings journal trauma practice</entry><entry id="3"><cite style="font-style:normal" class="book">louise maxfield shapiro francine kaslow florence whiteman handbook emdr and family therapy processes new york wiley isbn</cite></entry><entry id="4">shapiro maxfield eye movement desensitization and reprocessing emdr information processing the treatment trauma journal clinical psychology</entry><entry id="5">herbert lilienfield science and pseudoscience the development eye movement and reprocessing implications for clinical psychology clinical psychology review vol<weblink ns0:type="simple" ns0:href="http://catenation.com/pub/drexelpsych/papers/herbertscience.pdf" /></entry><entry id="6"><weblink ns0:type="simple" ns0:href="http://72.14.209.104/search?q=cache:_jqL8TfBgy8J:www.fsu.edu/~trauma/V9/v9i3_EMDRControversy.pdf+emdr+%2Bcontroversy hl=en ct=clnk cd=2">hlen ctclnk</weblink>traumatology vol september emdr why the controversy charlotte sikes and victoria sikes</entry><entry id="7">andrade kavanagh baddeley eyemovements and visual imagery working memory approach the treatment posttraumatic stress disorder british journal clinical psychology</entry><entry id="8">barrowcliff eyemovements reduce the vividness emotional valence and electrodermal arousal associated with negative autobiographical memories journal forensic psychiatry psychology available pdf<weblink ns0:type="simple" ns0:href="http://www.emdr-france.org/IMG/pdf/Barrowcliff_Eye_movments_reduce_vividness.pdf">emdr france</weblink></entry><entry id="9">kavanagh freese andrade may effects visuospatial tasks desensitization emotive memories british journal clinical psychology</entry><entry id="10">van den hout muris salemink kindt autobiographical memories become less vivid and emotional after eye movements british journal clinical psychology</entry><entry id="11">christman garvey propper phaneuf bilateral eye movements enhance the retrieval episodic memories neuropsychology pmid</entry><entry id="12">kuiken eye movement desensitization reprocessing facilitates attentional orienting imagination cognition personality</entry><entry id="13">elofsson von schele theorell sndergaard physiological correlates eye movement desensitization and reprocessing journal anxiety disorders doijjanxdis</entry><entry id="14">sack lempa steinmetz lamprecht hofmann press alterations autonomic tone during trauma exposure using eye movement desensitization and reprocessing emdr results preliminary investigation journal anxiety disorders doijjanxdis</entry><entry id="15">wilson silver covi foster eye movement desensitization and reprocessing effectiveness and autonomic correlates journal behavior therapy and experimental psychiatry</entry><entry id="17">maxfield clinical implications and recommendations arising from emdr research findings journal trauma practice</entry><entry id="16">lee drummond press effects eye movement versus therapist instructions the processing distressing memories journal anxiety disorders doijjanxdis</entry><entry id="19"><cite style="font-style:normal">american psychiatric association practice guideline for the treatment patients with acute stress disorder and posttraumatic stress disorder arlington american psychiatric association practice guidelines</cite></entry><entry id="18">phillips maggie finding the energy heal how emdr hypnosis tft imagery and body focused therapy can help restore the mind body health nynortonncom</entry><entry id="21"><cite id="CITEREFAustralian_Centre_for_Posttraumatic_Mental_Health.2009" style="font-style:normal">australian centre for posttraumatic mental health<weblink ns0:type="simple" ns0:href="http://www.acpmh.unimelb.edu.au/resources/resources-guidelines.html#1">australian guidelines for the treatment adults with acute stress disorder and post traumatic stress disorder</weblink>melbourne victoria acptmh</cite></entry><entry id="20"><cite id="CITEREFDepartment_of_Veteran_Affairs_.26_Department_of_Defense2004" style="font-style:normal">department veteran affairs department defense<weblink ns0:type="simple" ns0:href="http://www.oqp.med.va.gov/cpg/PTSD/PTSD_cpg/frameset.htm.">vadod clinical practice guideline for the management posttraumatic stress</weblink>washington author</cite></entry><entry id="23"><cite id="CITEREFDutch_National_Steering_Committee_Guidelines_Mental_Health_and_Care." style="font-style:normal">dutch national steering committee guidelines mental health and care guidelines for the diagnosis treatment and management adult clients with anxiety disorder utrecht netherlands the dutch institute for healthcare improvement cbo</cite></entry><entry id="22"><cite id="CITEREFNational_Institute_for_Clinical_Excellence2005" style="font-style:normal">national institute for clinical excellence<weblink ns0:type="simple" ns0:href="http://www.nice.org.uk/guidance/index.jsp?action=byID r=true o=10966">post traumatic stress disorder ptsd the management adults and children primary and secondary care</weblink>london nice guidelines</cite></entry><entry id="25"><cite id="CITEREFBleichKolterKutzShaley2002" style="font-style:normal">bleich kolter kutz shaley position paper the israeli national council for mental health guidelines for the assessment and professional intervention with terror victime the hospital and the community jerusalem israel</cite></entry><entry id="24"><cite id="CITEREFFoaKeaneFriedman2000" style="font-style:normal">foa keane friedman effective treatments for ptst practice guidelines the international society for traumatic stress studies new york guilford press</cite></entry><entry id="27">marcus marquis and sakai three and month followup emdr treatment ptsd hmo setting international journal stress management</entry><entry id="26"><cite id="CITEREFUnited_Kingdom_Department_of_Health2001" style="font-style:normal">united kingdom department health<weblink ns0:type="simple" ns0:href="http://www.dh.gov.uk/en/Publicationsandstatistics/Publications/PublicationsPolicyAndGuidance/DH_4007323">treatment choice psychological therapies and counseling evidence based clinical practice guideline</weblink>london author</cite></entry><entry id="29">edmond rubin and wambach the effectiveness emdr with adult female survivors childhood sexual abuse social work research</entry><entry id="28">edmond sloan and mccarty sexual abuse survivors perceptions the effectiveness emdr and eclectic therapy research social work practice</entry><entry id="31">lee treatment ptsd stress inoculation training with prolonged exposure compared emdr journal clinical psychology pmid</entry><entry id="30"><cite style="font-style:normal">van der kolk spinazzola blaustein randomized clinical trial eye movement desensitization and reprocessing emdr fluoxetine and pill placebo the treatment posttraumatic stress disorder treatment effects and longterm maintenance the journal clinical psychiatry pmid</cite></entry><entry id="34">rothbaum astin and marsteller prolonged exposure eye movement desensitisation and reprocessing emdr for ptsd rape victims journal traumatic stress</entry><entry id="35">foa and meadows psychosocial treatments for posttraumatic stress disorder critical review annual review psychology</entry><entry id="32">ironson comparison for two treatments for traumatic stress communitybased study emdr and prolonged exposure journal clinical psychology</entry><entry id="33">power controlled comparison eye movement desensitisation and reprocessing versus exposure plus cognitive restructuring versus waiting list the treatment posttraumatic stress disorder journal clinical psychology and psychotherapy</entry><entry id="38">van etten taylor comparative efficacy treatments for posttraumatic stress disorder metaanalysis clinical psychology and psychotherapy<weblink ns0:type="simple" ns0:href="http://www.emdr.nl/acrobat/VANETT.PDF">full text available pdf</weblink></entry><entry id="39"><cite style="font-style:normal">bradley greene russ dutra westen multidimensional metaanalysis psychotherapy for ptsd the american journal psychiatry<document wordnetid="106470073" confidence="0.8"><written_communication wordnetid="106349220" confidence="0.8"><writing wordnetid="106362953" confidence="0.8"><link ns0:type="simple" ns0:href="../994/422994.xml">doi</link></writing></written_communication></document><weblink ns0:type="simple" ns0:href="http://dx.doi.org/10.1176%2Fappi.ajp.162.2.214">appiajp</weblink>pmid</cite></entry><entry id="36">jaberghaderi comparison cbt and emdr for sexuallyabused iranian girls clinical psychology psychotherapy</entry><entry id="37"><cite style="font-style:normal">taylor thordarson maxfield fedoroff lovell ogrodniczuk comparative efficacy speed and adverse effects three ptsd treatments exposure therapy emdr and relaxation training journal consulting and clinical psychology<document wordnetid="106470073" confidence="0.8"><written_communication wordnetid="106349220" confidence="0.8"><writing wordnetid="106362953" confidence="0.8"><link ns0:type="simple" ns0:href="../994/422994.xml">doi</link></writing></written_communication></document><weblink ns0:type="simple" ns0:href="http://dx.doi.org/10.1037%2F0022-006X.71.2.330" />pmid</cite></entry><entry id="42"><cite style="font-style:normal">jongh ten broeke renssen treatment specific phobias with eye movement desensitization and reprocessing emdr protocol empirical status and conceptual issues journal anxiety disorders pmid</cite></entry><entry id="43">manfield philip emdr casebook norton company inc</entry><entry id="40"><cite style="font-style:normal">seidler wagner comparing the efficacy emdr and traumafocused cognitivebehavioral therapy the treatment ptsd metaanalytic study psychological medicine<document wordnetid="106470073" confidence="0.8"><written_communication wordnetid="106349220" confidence="0.8"><writing wordnetid="106362953" confidence="0.8"><link ns0:type="simple" ns0:href="../994/422994.xml">doi</link></writing></written_communication></document><weblink ns0:type="simple" ns0:href="http://dx.doi.org/10.1017%2FS0033291706007963" />pmid</cite></entry><entry id="41"><cite style="font-style:normal">bisson ehlers matthews pilling richards turner psychological treatments for chronic posttraumatic stress disorder systematic review and metaanalysis the<work wordnetid="104599396" confidence="0.8"><product wordnetid="104007894" confidence="0.8"><creation wordnetid="103129123" confidence="0.8"><artifact wordnetid="100021939" confidence="0.8"><periodical wordnetid="106593296" confidence="0.8"><publication wordnetid="106589574" confidence="0.8"><link ns0:type="simple" ns0:href="../004/15927004.xml">british journal psychiatry</link></publication></periodical></artifact></creation></product></work>the journal mental science<document wordnetid="106470073" confidence="0.8"><written_communication wordnetid="106349220" confidence="0.8"><writing wordnetid="106362953" confidence="0.8"><link ns0:type="simple" ns0:href="../994/422994.xml">doi</link></writing></written_communication></document><weblink ns0:type="simple" ns0:href="http://dx.doi.org/10.1192%2Fbjp.bp.106.021402">bjpbp</weblink>pmid</cite></entry><entry id="46"><cite style="font-style:normal" class="book">scott catherine briere john principles trauma therapy guide symptoms evaluation and treatment thousand oaks sage publications isbn</cite></entry><entry id="47"><cite style="font-style:normal" class="book">shapiro francine eye movement desensitization and reprocessing emdr second edition basic principles protocols and procedures new york the guilford press isbn</cite></entry><entry id="44">tinker wilson through the eyes child emdr with children norton</entry><entry id="45">greenwald eye movement desensitization and reprocessing child and adolescent psychotherapy norton</entry><entry id="51">macculloch and feldman eye movement desensitisation treatment utilises the positive viscereal element the investigatory reflex inhibit the memories posttraumatic stress disorder theoretical analysis<work wordnetid="104599396" confidence="0.8"><product wordnetid="104007894" confidence="0.8"><creation wordnetid="103129123" confidence="0.8"><artifact wordnetid="100021939" confidence="0.8"><periodical wordnetid="106593296" confidence="0.8"><publication wordnetid="106589574" confidence="0.8"><link ns0:type="simple" ns0:href="../004/15927004.xml">british journal psychiatry</link></publication></periodical></artifact></creation></product></work></entry><entry id="50">kuiken eye movement desensitization reprocessing facilitates attentional orienting imagination cognition personality</entry><entry id="49"><cite style="font-style:normal">christman garvey propper phaneuf bilateral eye movements enhance the retrieval episodic memories neuropsychology<document wordnetid="106470073" confidence="0.8"><written_communication wordnetid="106349220" confidence="0.8"><writing wordnetid="106362953" confidence="0.8"><link ns0:type="simple" ns0:href="../994/422994.xml">doi</link></writing></written_communication></document><weblink ns0:type="simple" ns0:href="http://dx.doi.org/10.1037%2F0894-4105.17.2.221" />pmid</cite></entry><entry id="48"><cite style="font-style:normal">stickgold emdr putative neurobiological mechanism action journal clinical psychology<document wordnetid="106470073" confidence="0.8"><written_communication wordnetid="106349220" confidence="0.8"><writing wordnetid="106362953" confidence="0.8"><link ns0:type="simple" ns0:href="../994/422994.xml">doi</link></writing></written_communication></document><weblink ns0:type="simple" ns0:href="http://dx.doi.org/10.1002%2Fjclp.1129">jclp</weblink>pmid</cite></entry><entry id="55"><cite style="font-style:normal">lansing amen hanks rudy highresolution brain spect imaging and eye movement desensitization and reprocessing police officers with ptsd the journal neuropsychiatry and clinical neurosciences<document wordnetid="106470073" confidence="0.8"><written_communication wordnetid="106349220" confidence="0.8"><writing wordnetid="106362953" confidence="0.8"><link ns0:type="simple" ns0:href="../994/422994.xml">doi</link></writing></written_communication></document><weblink ns0:type="simple" ns0:href="http://dx.doi.org/10.1176%2Fappi.neuropsych.17.4.526">appineuropsych</weblink>pmid</cite></entry><entry id="54">sack lempa steinmetz lamprecht hofmann press alterations autonomic tone during trauma exposure using eye movement desensitization and reprocessing emdr results preliminary investigation journal anxiety disorders doijjanxdis</entry><entry id="53">barrowcliff eyemovements reduce the vividness emotional valence and electrodermal arousal associated with negative autobiographical memories journal forensic psychiatry psychology</entry><entry id="52"><cite style="font-style:normal">wilson silver covi foster eye movement desensitization and reprocessing effectiveness and autonomic correlates journal behavior therapy and experimental psychiatry<document wordnetid="106470073" confidence="0.8"><written_communication wordnetid="106349220" confidence="0.8"><writing wordnetid="106362953" confidence="0.8"><link ns0:type="simple" ns0:href="../994/422994.xml">doi</link></writing></written_communication></document><weblink ns0:type="simple" ns0:href="http://dx.doi.org/10.1016%2FS0005-7916%2896%2900026-2" />pmid</cite></entry><entry id="59">devilly eye movement desensitization and reprocessing chronology its development and scientific standing scientific review mental health practice<weblink ns0:type="simple" ns0:href="http://www.srmhp.org/0102/eye-movement.html" /></entry><entry id="58">devilly spence the relative efficacy and treatment distress emdr and cognitive behavioral trauma treatment protocol the amelioration post traumatic stress disorder journal anxiety disorders<weblink ns0:type="simple" ns0:href="http://www.emdr-europe.org/dls/devilly_spence.pdf" /></entry><entry id="57">kinsbourne evolution language relation lateral action asymmetrical function the brain kinsbourne editor new york cambridge university press</entry><entry id="56"><cite style="font-style:normal">levin lazrove van der kolk what psychological testing and neuroimaging tell about the treatment posttraumatic stress disorder eye movement desensitization and reprocessing journal anxiety disorders<document wordnetid="106470073" confidence="0.8"><written_communication wordnetid="106349220" confidence="0.8"><writing wordnetid="106362953" confidence="0.8"><link ns0:type="simple" ns0:href="../994/422994.xml">doi</link></writing></written_communication></document><weblink ns0:type="simple" ns0:href="http://dx.doi.org/10.1016%2FS0887-6185%2898%2900045-0" />pmid</cite></entry><entry id="63">van etten taylor comparative efficacy treatments for posttraumatic stress disorder metaanalysis clinical psychology and psychotherapy</entry><entry id="62">seidler wagner comparing the efficacy emdr and traumafocused cognitivebehavioral therapy the treatment ptsd metaanalytic study psychological medicine</entry><entry id="61">bradley greene russ dutra westen multidimensional metaanalysis psychotherapy for ptsd american journal psychiatry</entry><entry id="60">bisson ehlers matthews pilling richards turner psychological treatments for chronic posttraumatic stress disorder systematic review and metaanalysis<work wordnetid="104599396" confidence="0.8"><product wordnetid="104007894" confidence="0.8"><creation wordnetid="103129123" confidence="0.8"><artifact wordnetid="100021939" confidence="0.8"><periodical wordnetid="106593296" confidence="0.8"><publication wordnetid="106589574" confidence="0.8"><link ns0:type="simple" ns0:href="../004/15927004.xml">british journal psychiatry</link></publication></periodical></artifact></creation></product></work></entry><entry id="68"><cite style="font-style:normal">boudewyns stwertka hyer albrecht sperr eye movement desensitization and reprocessing treatment outcome pilot study the behavior therapist</cite></entry><entry id="69"><cite style="font-style:normal">gosselin eye movement desensitization and reprocessing the treatment test anxiety study the effects expectancy and eye movement journal behavior therapy experimental psychiatry<document wordnetid="106470073" confidence="0.8"><written_communication wordnetid="106349220" confidence="0.8"><writing wordnetid="106362953" confidence="0.8"><link ns0:type="simple" ns0:href="../994/422994.xml">doi</link></writing></written_communication></document><weblink ns0:type="simple" ns0:href="http://dx.doi.org/10.1016%2F0005-7916%2895%2900038-0" /></cite></entry><entry id="70"><cite style="font-style:normal">eye movement desensitization and reprocessing effectiveness and autonomic correlates journal behaviour therapy and experimental psychiatry<document wordnetid="106470073" confidence="0.8"><written_communication wordnetid="106349220" confidence="0.8"><writing wordnetid="106362953" confidence="0.8"><link ns0:type="simple" ns0:href="../994/422994.xml">doi</link></writing></written_communication></document><weblink ns0:type="simple" ns0:href="http://dx.doi.org/10.1016%2FS0005-7916%2896%2900026-2" /></cite></entry><entry id="71">macculloch effects emdr previously abused child molesters theoretical reviews and preliminary findings from ricci clayton and shapiro journal forensic psychiatry psychology</entry><entry id="64">davidson parker eye movement desensitization and reprocessing emdr metaanalysis journal consulting and clinical psychology</entry><entry id="65">cahill carrigan frueh does emdr work and why critical review controlled outcome and dismantling research journal anxiety disorders</entry><entry id="66">lee drummond press effects eye movement versus therapist instructions the processing distressing memories journal anxiety disorders doijjanxdis</entry><entry id="67"><cite style="font-style:normal">shapiro efficacy the eye movement desensitization procedure the treatment traumtic memories journal traumatic stress studies</cite></entry><entry id="76"><cite style="font-style:normal"><link ns0:type="simple" ns0:href="../822/430822.xml">christman</link>garvey propper phaneuf bilateral eye movements enhance the retrieval episodic memories neuropsychology<document wordnetid="106470073" confidence="0.8"><written_communication wordnetid="106349220" confidence="0.8"><writing wordnetid="106362953" confidence="0.8"><link ns0:type="simple" ns0:href="../994/422994.xml">doi</link></writing></written_communication></document><weblink ns0:type="simple" ns0:href="http://dx.doi.org/10.1037%2F0894-4105.17.2.221" /></cite></entry><entry id="77"><cite id="CITEREFBarrowcliff2004" style="font-style:normal">barrowcliff eyemovements reduce the vividness emotional valence and electrodermal arousal associated with negative autobiographical memories journal forensic psychiatry and psychology<document wordnetid="106470073" confidence="0.8"><written_communication wordnetid="106349220" confidence="0.8"><writing wordnetid="106362953" confidence="0.8"><link ns0:type="simple" ns0:href="../994/422994.xml">doi</link></writing></written_communication></document><weblink ns0:type="simple" ns0:href="http://dx.doi.org/10.1080%2F14789940410001673042" /></cite></entry><entry id="78"><cite style="font-style:normal">barrowcliff gray macculloch freeman macculloch horizontal rhythmical eyemovements consistently diminish the arousal provoked auditory stimuli british journal clinical psychology<document wordnetid="106470073" confidence="0.8"><written_communication wordnetid="106349220" confidence="0.8"><writing wordnetid="106362953" confidence="0.8"><link ns0:type="simple" ns0:href="../994/422994.xml">doi</link></writing></written_communication></document><weblink ns0:type="simple" ns0:href="http://dx.doi.org/10.1348%2F01446650360703393" /></cite></entry><entry id="79">sack lempa steinmetz lamprecht hofmann press alterations autonomic tone during trauma exposure using eye movement desensitization and reprocessing emdr results preliminary investigation journal anxiety disorders doijjanxdis</entry><entry id="72">salkovskis review eye movement desensitization and reprocessing not better than exposure therapies for anxiety trauma evidencebased mental health</entry><entry id="73"><cite id="CITEREFAndradeKavanaghBaddeley2001" style="font-style:normal">andrade kavanagh baddeley eyemovements and visual imagery working memory approach the treatment posttraumatic stress disorder journal clinical psychology</cite></entry><entry id="74"><cite id="CITEREFKavanaghFreeseAndradeMay2001" style="font-style:normal">kavanagh freese andrade may effects visuospatial tasks desensitization emotive memories british journal clinical psychology<document wordnetid="106470073" confidence="0.8"><written_communication wordnetid="106349220" confidence="0.8"><writing wordnetid="106362953" confidence="0.8"><link ns0:type="simple" ns0:href="../994/422994.xml">doi</link></writing></written_communication></document><weblink ns0:type="simple" ns0:href="http://dx.doi.org/10.1348%2F014466501163689" /></cite></entry><entry id="75"><cite id="CITEREFvan_den_HoutMurisSaleminkKindt2001" style="font-style:normal">van den hout muris salemink kindt autobiographical memories become less vivid and emotional after eye movements british journal clinical psychology<document wordnetid="106470073" confidence="0.8"><written_communication wordnetid="106349220" confidence="0.8"><writing wordnetid="106362953" confidence="0.8"><link ns0:type="simple" ns0:href="../994/422994.xml">doi</link></writing></written_communication></document><weblink ns0:type="simple" ns0:href="http://dx.doi.org/10.1348%2F014466501163571" /></cite></entry><entry id="85">lee taylor and drummond the active ingredient emdr traditional exposure dual focus attention clinical psychology psychotherapy</entry><entry id="84"><cite style="font-style:normal">jaycox foa morral influence emotional engagement and habituation exposure therapy for ptsd journal consulting and clinical psychology<document wordnetid="106470073" confidence="0.8"><written_communication wordnetid="106349220" confidence="0.8"><writing wordnetid="106362953" confidence="0.8"><link ns0:type="simple" ns0:href="../994/422994.xml">doi</link></writing></written_communication></document><weblink ns0:type="simple" ns0:href="http://dx.doi.org/10.1037%2F0022-006X.66.1.185" />pmid</cite></entry><entry id="81"><cite style="font-style:normal">rogers silver emdr exposure therapy review trauma protocols journal clinical psychology<document wordnetid="106470073" confidence="0.8"><written_communication wordnetid="106349220" confidence="0.8"><writing wordnetid="106362953" confidence="0.8"><link ns0:type="simple" ns0:href="../994/422994.xml">doi</link></writing></written_communication></document><weblink ns0:type="simple" ns0:href="http://dx.doi.org/10.1002%2Fjclp.1128">jclp</weblink>pmid</cite></entry><entry id="80"><cite style="font-style:normal">kuiken eye movement desensitization reprocessing facilitates attentional orienting imagination cognition personality<document wordnetid="106470073" confidence="0.8"><written_communication wordnetid="106349220" confidence="0.8"><writing wordnetid="106362953" confidence="0.8"><link ns0:type="simple" ns0:href="../994/422994.xml">doi</link></writing></written_communication></document><weblink ns0:type="simple" ns0:href="http://dx.doi.org/10.2190%2FL8JX-PGLC-B72R-KD7X">ljxpglcbrkdx</weblink></cite></entry><entry id="83">lee taylor and drummond the active ingredient emdr traditional exposure dual focus attention clinical psychology psychotherapy</entry><entry id="82">smyth and poole emdr and cognitivebehavior therapy exploring convergence and divergence emdr integrative psychotherapy approach experts diverse orientations explore the paradigm prism shapiro editor american psychological association washington</entry></reflist></p></ss1><ss1><st>bibliography</st><p><list><entry level="1" type="bullet">emdr the breakthrough therapy for overcoming anxiety stress and trauma basic book isbn</entry><entry level="1" type="bullet">emdr integrative psychotherapy approach experts diverise orientations explore the paradigm prism american psychological associations book isbn</entry><entry level="1" type="bullet">emdr eye movement desensitization reprocessing basic principles protocols and procedures guilford press isbn</entry></list></p></ss1></sec><sec><st>external links</st><p><list><entry level="1" type="bullet"><weblink ns0:type="simple" ns0:href="http://www.emdria.org/">emdr international associationemdria</weblink></entry><entry level="1" type="bullet"><weblink ns0:type="simple" ns0:href="http://www.emdr-europe.org">emdr european association inc</weblink></entry><entry level="1" type="bullet"><weblink ns0:type="simple" ns0:href="http://www.nice.org.uk/">national institute for health clinical excellence</weblink></entry><entry level="1" type="bullet"><weblink ns0:type="simple" ns0:href="http://www.emdrs.org.uk/">emdr scotland</weblink></entry><entry level="1" type="bullet"><weblink ns0:type="simple" ns0:href="http://www.srmhp.org/archives/emdr.html">the scientific review mental health practice</weblink></entry><entry level="1" type="bullet"><weblink ns0:type="simple" ns0:href="http://theness.com/articles.asp?id=68">eye movement desensitization reprocessing emdr science pseudoscience</weblink><body wordnetid="107965085" confidence="0.8"><social_group wordnetid="107950920" confidence="0.8"><group wordnetid="100031264" confidence="0.8"><administration wordnetid="108164585" confidence="0.8"><link ns0:type="simple" ns0:href="../191/5172191.xml">bunmi olatunji</link></administration></group></social_group></body></entry><entry level="1" type="bullet"><weblink ns0:type="simple" ns0:href="http://www.fsu.edu/~trauma/a1v5i4.htm">eye movement desensitization and reprocessing review the efficacy emdr the treatment ptsd</weblink>lakehead university canadian psychology department</entry><entry level="1" type="bullet"><weblink ns0:type="simple" ns0:href="http://www.quackwatch.org/01QuackeryRelatedTopics/emdr.html">emdr treatment less than meets the eye scott lilienfeld phd</weblink>article was originally published the janfeb issue the skeptical inquirer</entry></list></p></sec></bdy></article>