<article xmlns:ns0="http://www.w3.org/1999/xlink"><movie confidence="0.9511911446218017" wordnetid="106613686"><header><title>four weddings and funeral</title><id /><revision><id /><timestamp /><contributor><username>garion</username><id /></contributor></revision><categories><category>films directed mike newell</category><category>romantic comedy films</category><category>british films</category><category>films set the united kingdom</category><category>films</category><category>british sign language films</category></categories></header><bdy><template><name>infobox film</name><parameters><image width="150px" src="Four_weddings_and_a_funeral.jpg"><caption>original film poster</caption></image><music><physical_entity wordnetid="100001930" confidence="0.8"><composer wordnetid="109947232" confidence="0.8"><person wordnetid="100007846" confidence="0.8"><performer wordnetid="110415638" confidence="0.8"><musician wordnetid="110340312" confidence="0.8"><musician wordnetid="110339966" confidence="0.8"><causal_agent wordnetid="100007347" confidence="0.8"><artist wordnetid="109812338" confidence="0.8"><entertainer wordnetid="109616922" confidence="0.8"><creator wordnetid="109614315" confidence="0.8"><link ns0:type="simple" ns0:href="../890/636890.xml">richard rodney bennett</link></creator></entertainer></artist></causal_agent></musician></musician></performer></person></composer></physical_entity></music><budget>estimated</budget><gross>worldwide</gross><runtime>min</runtime><director><actor wordnetid="109765278" confidence="0.9508927676800064"><link ns0:type="simple" ns0:href="../422/811422.xml">mike newell</link></actor></director><country><autocracy wordnetid="108361001" confidence="0.8"><system wordnetid="108435388" confidence="0.8"><social_group wordnetid="107950920" confidence="0.8"><political_orientation wordnetid="106212839" confidence="0.8"><monarchy wordnetid="108363812" confidence="0.8"><state wordnetid="108168978" confidence="0.8"><political_unit wordnetid="108359949" confidence="0.8"><political_system wordnetid="108367880" confidence="0.8"><economy wordnetid="108366753" confidence="0.8"><group wordnetid="100031264" confidence="0.8"><democracy wordnetid="106217103" confidence="0.8"><link ns0:type="simple" ns0:href="../717/31717.xml">united kingdom</link></democracy></group></economy></political_system></political_unit></state></monarchy></political_orientation></social_group></system></autocracy></country><released><body wordnetid="107965085" confidence="0.8"><social_group wordnetid="107950920" confidence="0.8"><political_orientation wordnetid="106212839" confidence="0.8"><colony wordnetid="108374049" confidence="0.8"><state wordnetid="108168978" confidence="0.8"><political_unit wordnetid="108359949" confidence="0.8"><group wordnetid="100031264" confidence="0.8"><democracy wordnetid="106217103" confidence="0.8"><link ns0:type="simple" ns0:href="../750/3434750.xml">united states</link></democracy></group></political_unit></state></colony></political_orientation></social_group></body><link ns0:type="simple" ns0:href="../054/20054.xml">march</link><link ns0:type="simple" ns0:href="../337/18948337.xml" /><country wordnetid="108544813" confidence="0.9508927676800064"><link ns0:type="simple" ns0:href="../264/4689264.xml">australia</link></country><link ns0:type="simple" ns0:href="../352/19352.xml">may</link><link ns0:type="simple" ns0:href="../337/18948337.xml" /><autocracy wordnetid="108361001" confidence="0.8"><system wordnetid="108435388" confidence="0.8"><social_group wordnetid="107950920" confidence="0.8"><political_orientation wordnetid="106212839" confidence="0.8"><monarchy wordnetid="108363812" confidence="0.8"><state wordnetid="108168978" confidence="0.8"><political_unit wordnetid="108359949" confidence="0.8"><political_system wordnetid="108367880" confidence="0.8"><economy wordnetid="108366753" confidence="0.8"><group wordnetid="100031264" confidence="0.8"><democracy wordnetid="106217103" confidence="0.8"><link ns0:type="simple" ns0:href="../717/31717.xml">united kingdom</link></democracy></group></economy></political_system></political_unit></state></monarchy></political_orientation></social_group></system></autocracy><link ns0:type="simple" ns0:href="../675/19675.xml">may</link><link ns0:type="simple" ns0:href="../337/18948337.xml" /><autocracy wordnetid="108361001" confidence="0.8"><body wordnetid="107965085" confidence="0.8"><social_group wordnetid="107950920" confidence="0.8"><political_orientation wordnetid="106212839" confidence="0.8"><monarchy wordnetid="108363812" confidence="0.8"><colony wordnetid="108374049" confidence="0.8"><political_system wordnetid="108367880" confidence="0.8"><group wordnetid="100031264" confidence="0.8"><democracy wordnetid="106217103" confidence="0.8"><link ns0:type="simple" ns0:href="../064/4913064.xml">new zealand</link></democracy></group></political_system></colony></monarchy></political_orientation></social_group></body></autocracy><link ns0:type="simple" ns0:href="../805/15805.xml">june</link><link ns0:type="simple" ns0:href="../337/18948337.xml" /></released><imdb_id /><name>four weddings and funeral</name><producer><actor wordnetid="109765278" confidence="0.9508927676800064"><link ns0:type="simple" ns0:href="../324/2286324.xml">duncan kenworthy</link></actor><company wordnetid="108058098" confidence="0.8"><institution wordnetid="108053576" confidence="0.8"><link ns0:type="simple" ns0:href="../609/510609.xml">working title films</link></institution></company><link>channel four films</link></producer><distributor>theatrical<link ns0:type="simple" ns0:href="../122/312122.xml">rank film distributors</link>usa theatrical<physical_entity wordnetid="100001930" confidence="0.8"><person wordnetid="100007846" confidence="0.8"><businessperson wordnetid="109882716" confidence="0.8"><capitalist wordnetid="109609232" confidence="0.8"><distributor wordnetid="110018861" confidence="0.8"><causal_agent wordnetid="100007347" confidence="0.8"><supplier wordnetid="110677271" confidence="0.8"><link ns0:type="simple" ns0:href="../914/6636914.xml">gramercy pictures</link></supplier></causal_agent></distributor></capitalist></businessperson></person></physical_entity>present day<company wordnetid="108058098" confidence="0.9508927676800064"><link ns0:type="simple" ns0:href="../819/58819.xml">metrogoldwynmayer</link></company></distributor><language><language wordnetid="106282651" confidence="0.8"><link ns0:type="simple" ns0:href="../916/8569916.xml">english</link></language><link ns0:type="simple" ns0:href="../640/47640.xml">british sign language</link></language><writer><film_director wordnetid="110088200" confidence="0.9173553029164789"><composer wordnetid="109947232" confidence="0.9173553029164789"><manufacturer wordnetid="110292316" confidence="0.9173553029164789"><organizer wordnetid="110383237" confidence="0.9173553029164789"><actor wordnetid="109765278" confidence="0.9173553029164789"><film_maker wordnetid="110088390" confidence="0.9173553029164789"><writer wordnetid="110794014" confidence="0.9173553029164789"><link ns0:type="simple" ns0:href="../506/149506.xml">richard curtis</link></writer></film_maker></actor></organizer></manufacturer></composer></film_director></writer><starring><person wordnetid="100007846" confidence="0.9508927676800064"><film_maker wordnetid="110088390" confidence="0.9173553029164789"><actor wordnetid="109765278" confidence="0.9173553029164789"><link ns0:type="simple" ns0:href="../779/170779.xml">hugh grant</link></actor></film_maker></person><actor wordnetid="109765278" confidence="0.9508927676800064"><link ns0:type="simple" ns0:href="../825/43825.xml">andie macdowell</link></actor></starring></parameters></template><p>four weddings and funeral<fundamental_quantity wordnetid="113575869" confidence="0.8"><time_period wordnetid="115113229" confidence="0.8"><year wordnetid="115203791" confidence="0.8"><link ns0:type="simple" ns0:href="../019/171019.xml" /></year></time_period></fundamental_quantity><autocracy wordnetid="108361001" confidence="0.8"><system wordnetid="108435388" confidence="0.8"><social_group wordnetid="107950920" confidence="0.8"><political_orientation wordnetid="106212839" confidence="0.8"><monarchy wordnetid="108363812" confidence="0.8"><state wordnetid="108168978" confidence="0.8"><political_unit wordnetid="108359949" confidence="0.8"><political_system wordnetid="108367880" confidence="0.8"><economy wordnetid="108366753" confidence="0.8"><group wordnetid="100031264" confidence="0.8"><democracy wordnetid="106217103" confidence="0.8"><link ns0:type="simple" ns0:href="../717/31717.xml">british</link></democracy></group></economy></political_system></political_unit></state></monarchy></political_orientation></social_group></system></autocracy><link ns0:type="simple" ns0:href="../531/25531.xml">romantic comedy film</link>directed<actor wordnetid="109765278" confidence="0.9508927676800064"><link ns0:type="simple" ns0:href="../422/811422.xml">mike newell</link></actor>was the first several films screenwriter<film_director wordnetid="110088200" confidence="0.9173553029164789"><composer wordnetid="109947232" confidence="0.9173553029164789"><manufacturer wordnetid="110292316" confidence="0.9173553029164789"><organizer wordnetid="110383237" confidence="0.9173553029164789"><actor wordnetid="109765278" confidence="0.9173553029164789"><film_maker wordnetid="110088390" confidence="0.9173553029164789"><writer wordnetid="110794014" confidence="0.9173553029164789"><link ns0:type="simple" ns0:href="../506/149506.xml">richard curtis</link></writer></film_maker></actor></organizer></manufacturer></composer></film_director>feature<person wordnetid="100007846" confidence="0.9508927676800064"><film_maker wordnetid="110088390" confidence="0.9173553029164789"><actor wordnetid="109765278" confidence="0.9173553029164789"><link ns0:type="simple" ns0:href="../779/170779.xml">hugh grant</link></actor></film_maker></person>the film was unexpected success becoming the highestgrossing british film cinema history now second with worldwide box office excess million<ref ns0:type="simple" ns0:href="#xpointer(//reflist/entry[@id=%221%22])" /></p><sec><st>synopsis</st><p>the film follows the adventures group friends through the eyes charles debonair but faux pasprone englishman played grant who smitten carrie attractive american played macdowell whom charles repeatedly meets weddings and funeral</p><p>the first wedding that angus and laura timothy walker and<actor wordnetid="109765278" confidence="0.9508927676800064"><link ns0:type="simple" ns0:href="../366/14486366.xml">sara crowe</link></actor>charles and his collection single friends are concerned that they will never get married this wedding charles meets carrie for the first time and spends the night with her but regards onenight stand carrie teases him that now they have slept together they will also have get married but clear that she too sees their liaison one off</p><p>the second wedding that bernard and lydia<actor wordnetid="109765278" confidence="0.9508927676800064"><link ns0:type="simple" ns0:href="../706/1126706.xml">david haig</link></actor>and<actor wordnetid="109765278" confidence="0.9508927676800064"><link ns0:type="simple" ns0:href="../330/2184330.xml">sophie thompson</link></actor>couple who got together the previous wedding this sequence features<comedian wordnetid="109940146" confidence="0.9508927676800064"><person wordnetid="100007846" confidence="0.9508927676800064"><link ns0:type="simple" ns0:href="../294/19614294.xml">rowan atkinson</link></person></comedian><link ns0:type="simple" ns0:href="../882/275882.xml">cameo</link>inexperienced priest the reception not enjoyable one for charles who finds himself seated table with several exgirlfriends well bumping into henrietta known his friends duckface with whom had difficult relationship the past and finally finds himself forced hide wardrobe room where bernard and lydia are having sex his terrible evening completed when hears that carrie engaged hamish wealthy scottish politician charles and carrie still spend the night together</p><p>during the interim period charles meets carrie while searching for affordable wedding present and ends helping choose her wedding dress carrie also astonishes him with list sexual partners later confesses her that loves her and her wedding unsuccessful would like have relationship with her offer she politely declines</p><p>the third wedding that carrie scottish castle charles attends depressed the reception charless friend fiona<actress wordnetid="109767700" confidence="0.9173553029164789"><actor wordnetid="109765278" confidence="0.9508927676800064"><link ns0:type="simple" ns0:href="../014/522014.xml">kristin scott thomas</link></actor></actress>confesses that she has always loved him but charles does not requite her love the wedding charless friend gareth<actor wordnetid="109765278" confidence="0.9173553029164789"><link ns0:type="simple" ns0:href="../796/170796.xml">simon callow</link></actor>dies suddenly<link ns0:type="simple" ns0:href="../969/60969.xml">heart attack</link>gareths partner matthew called but does not reach him before dies</p><p>the funeral that gareth the funeral matthew<actor wordnetid="109765278" confidence="0.9508927676800064"><link ns0:type="simple" ns0:href="../338/240338.xml">john hannah</link></actor>one his first screen roles recites the poem<literary_composition wordnetid="106364329" confidence="0.8"><written_communication wordnetid="106349220" confidence="0.8"><writing wordnetid="106362953" confidence="0.8"><poem wordnetid="106377442" confidence="0.8"><link ns0:type="simple" ns0:href="../049/4664049.xml">funeral blues</link></poem></writing></written_communication></literary_composition>stop all the clocks<person wordnetid="100007846" confidence="0.9508927676800064"><link ns0:type="simple" ns0:href="../276/33276.xml">auden</link></person>commemorating his relationship with gareth<ref ns0:type="simple" ns0:href="#xpointer(//reflist/entry[@id=%222%22])" /><ref ns0:type="simple" ns0:href="#xpointer(//reflist/entry[@id=%223%22])" />charles and tom<actor wordnetid="109765278" confidence="0.9508927676800064"><link ns0:type="simple" ns0:href="../494/2267494.xml">james fleet</link></actor>have discussion about the nature true love</p><p>the fourth wedding that charles who has decided marry henrietta out desperation however the wedding meets carrie who has separated from her husband the altar when the<link ns0:type="simple" ns0:href="../711/177711.xml">vicar</link>asks anyone knows reason why the couple should not marry charless deaf brother david<actor wordnetid="109765278" confidence="0.9508927676800064"><link ns0:type="simple" ns0:href="../221/4222221.xml">david bower</link></actor>uses<link ns0:type="simple" ns0:href="../699/27699.xml">sign language</link>announce that charles doesnt love henrietta henrietta punches charles and the wedding abruptly halted</p><p>the end carrie visits charles who recovering from the debacle apologize for attending charles confesses that has finally realized the person would like spend his life with not the woman was about marry doesnt want get married all but does want carrie his partner the couple then vow that they will never ever marry</p><p>the end credits include montage photographs documenting the futures other characters the film all are shown their individual wedding days except for fiona who shown satirically with<sovereign wordnetid="110628644" confidence="0.9508927676800064"><person wordnetid="100007846" confidence="0.9508927676800064"><link ns0:type="simple" ns0:href="../248/125248.xml">prince charles</link></person></sovereign>the happilyunmarried carrie and charles are pictured with their baby boy</p></sec><sec><st>soundtrack</st><p>the original score was composed british classical composer<physical_entity wordnetid="100001930" confidence="0.8"><composer wordnetid="109947232" confidence="0.8"><person wordnetid="100007846" confidence="0.8"><performer wordnetid="110415638" confidence="0.8"><musician wordnetid="110340312" confidence="0.8"><musician wordnetid="110339966" confidence="0.8"><causal_agent wordnetid="100007347" confidence="0.8"><artist wordnetid="109812338" confidence="0.8"><entertainer wordnetid="109616922" confidence="0.8"><creator wordnetid="109614315" confidence="0.8"><link ns0:type="simple" ns0:href="../890/636890.xml">richard rodney bennett</link></creator></entertainer></artist></causal_agent></musician></musician></performer></person></composer></physical_entity>the movie also featured crowdpleasing<link ns0:type="simple" ns0:href="../621/46621.xml">soundtrack</link>popular songs including<link ns0:type="simple" ns0:href="../031/159031.xml">cover version</link><medium wordnetid="106254669" confidence="0.9508927676800064"><link ns0:type="simple" ns0:href="../601/3844601.xml">love all around</link></medium>performed<musical_organization wordnetid="108246613" confidence="0.8"><group wordnetid="100031264" confidence="0.8"><link ns0:type="simple" ns0:href="../044/194044.xml">wet wet wet</link></group></musical_organization>that remained number the british charts for fifteen weeks and was then the ninth now twelfth biggest selling single all time britain this song would later adapted into christmas all around and sung the character billy mack richard curtis film<movie wordnetid="106613686" confidence="0.9508927676800064"><link ns0:type="simple" ns0:href="../064/370064.xml">love actually</link></movie></p></sec><sec><st>locations</st><p>despite appearing set all over the the film was entirely shot london and the<link ns0:type="simple" ns0:href="../172/219172.xml">home counties</link>they include<site wordnetid="108651247" confidence="0.9508927676800064"><link ns0:type="simple" ns0:href="../942/3116942.xml">betchworth</link></site><link ns0:type="simple" ns0:href="../189/48189.xml">surrey</link><site wordnetid="108651247" confidence="0.9508927676800064"><link ns0:type="simple" ns0:href="../587/147587.xml">amersham</link></site><county wordnetid="108546183" confidence="0.9508927676800064"><link ns0:type="simple" ns0:href="../688/55688.xml">buckinghamshire</link></county>and<site wordnetid="108651247" confidence="0.9508927676800064"><link ns0:type="simple" ns0:href="../098/1423098.xml">west thurrock</link></site><county wordnetid="108546183" confidence="0.9508927676800064"><link ns0:type="simple" ns0:href="../568/9568.xml">essex</link></county>even the scenes set scotland were filmed stately homes surrey and<administrative_unit wordnetid="108077292" confidence="0.8"><council wordnetid="108310949" confidence="0.8"><link ns0:type="simple" ns0:href="../861/13861.xml">hampshire</link></council></administrative_unit><ref ns0:type="simple" ns0:href="#xpointer(//reflist/entry[@id=%224%22])" /></p></sec><sec><st>principal cast</st><p><list><entry level="1" type="bullet"><person wordnetid="100007846" confidence="0.9508927676800064"><film_maker wordnetid="110088390" confidence="0.9173553029164789"><actor wordnetid="109765278" confidence="0.9173553029164789"><link ns0:type="simple" ns0:href="../779/170779.xml">hugh grant</link></actor></film_maker></person>charles</entry><entry level="1" type="bullet"><actor wordnetid="109765278" confidence="0.9508927676800064"><link ns0:type="simple" ns0:href="../825/43825.xml">andie macdowell</link></actor>carrie</entry><entry level="1" type="bullet"><actor wordnetid="109765278" confidence="0.9508927676800064"><link ns0:type="simple" ns0:href="../494/2267494.xml">james fleet</link></actor>tom</entry><entry level="1" type="bullet"><actor wordnetid="109765278" confidence="0.9173553029164789"><link ns0:type="simple" ns0:href="../796/170796.xml">simon callow</link></actor>gareth</entry><entry level="1" type="bullet"><actor wordnetid="109765278" confidence="0.9508927676800064"><link ns0:type="simple" ns0:href="../338/240338.xml">john hannah</link></actor>matthew</entry><entry level="1" type="bullet"><actress wordnetid="109767700" confidence="0.9173553029164789"><actor wordnetid="109765278" confidence="0.9508927676800064"><link ns0:type="simple" ns0:href="../014/522014.xml">kristin scott thomas</link></actor></actress>fiona</entry><entry level="1" type="bullet"><actor wordnetid="109765278" confidence="0.9508927676800064"><link ns0:type="simple" ns0:href="../221/4222221.xml">david bower</link></actor>david</entry><entry level="1" type="bullet"><actor wordnetid="109765278" confidence="0.9173553029164789"><link ns0:type="simple" ns0:href="../602/1368602.xml">charlotte coleman</link></actor>scarlett</entry><entry level="1" type="bullet"><comedian wordnetid="109940146" confidence="0.9508927676800064"><person wordnetid="100007846" confidence="0.9508927676800064"><link ns0:type="simple" ns0:href="../294/19614294.xml">rowan atkinson</link></person></comedian>father gerald</entry><entry level="1" type="bullet"><actress wordnetid="109767700" confidence="0.9173553029164789"><actor wordnetid="109765278" confidence="0.9508927676800064"><link ns0:type="simple" ns0:href="../822/2320822.xml">anna chancellor</link></actor></actress>henrietta duckface</entry><entry level="1" type="bullet"><actor wordnetid="109765278" confidence="0.9508927676800064"><link ns0:type="simple" ns0:href="../706/1126706.xml">david haig</link></actor>bernard</entry><entry level="1" type="bullet"><actor wordnetid="109765278" confidence="0.9508927676800064"><link ns0:type="simple" ns0:href="../330/2184330.xml">sophie thompson</link></actor>lydia</entry></list></p></sec><sec><st>awards and recognition</st><ss1><st>award wins</st><p><list><entry level="1" type="bullet"><link ns0:type="simple" ns0:href="../260/4163260.xml">bafta awards</link></entry><entry level="2" type="bullet"><symbol wordnetid="106806469" confidence="0.8"><award wordnetid="106696483" confidence="0.8"><signal wordnetid="106791372" confidence="0.8"><link ns0:type="simple" ns0:href="../507/1039507.xml">bafta award for best film</link></signal></award></symbol></entry><entry level="2" type="bullet"><link ns0:type="simple" ns0:href="../943/147943.xml">bafta david lean award for direction</link>mike newell</entry><entry level="2" type="bullet"><link ns0:type="simple" ns0:href="../674/1235674.xml">bafta award for best actor</link>hugh grant</entry><entry level="2" type="bullet"><link ns0:type="simple" ns0:href="../943/147943.xml">bafta award for best actress supporting role</link>kristin scott thomas</entry><entry level="1" type="bullet"><body wordnetid="107965085" confidence="0.8"><social_group wordnetid="107950920" confidence="0.8"><group wordnetid="100031264" confidence="0.8"><administration wordnetid="108164585" confidence="0.8"><link ns0:type="simple" ns0:href="../462/380462.xml">australian film institute</link></administration></group></social_group></body></entry><entry level="2" type="bullet">best foreign film</entry><entry level="1" type="bullet"><award wordnetid="106696483" confidence="0.9508927676800064"><link ns0:type="simple" ns0:href="../413/625413.xml">british comedy awards</link></award></entry><entry level="2" type="bullet">best comedy film</entry><entry level="1" type="bullet"><link>csar awards</link></entry><entry level="2" type="bullet"><link>csar award for best foreign film</link></entry><entry level="1" type="bullet"><link ns0:type="simple" ns0:href="../611/4747611.xml">chicago film critics</link></entry><entry level="2" type="bullet">most promising actor hugh grant</entry><entry level="1" type="bullet"><link ns0:type="simple" ns0:href="../777/3629777.xml">golden globe awards</link></entry><entry level="2" type="bullet"><symbol wordnetid="106806469" confidence="0.8"><award wordnetid="106696483" confidence="0.8"><signal wordnetid="106791372" confidence="0.8"><link ns0:type="simple" ns0:href="../071/186071.xml">golden globe award for best actor motion picture musical comedy</link></signal></award></symbol>hugh grant</entry><entry level="1" type="bullet"><link>writers guild america wga</link></entry><entry level="2" type="bullet">best screenplay original richard curtis</entry><entry level="1" type="bullet"><union wordnetid="108233056" confidence="0.9508927676800064"><link ns0:type="simple" ns0:href="../024/624024.xml">writers guild great britain</link></union></entry><entry level="2" type="bullet">film screenplay richard curtis</entry></list></p></ss1><ss1><st>award nominations</st><p><list><entry level="1" type="bullet"><symbol wordnetid="106806469" confidence="0.8"><award wordnetid="106696483" confidence="0.8"><signal wordnetid="106791372" confidence="0.8"><link ns0:type="simple" ns0:href="../702/61702.xml">academy award for best picture</link></signal></award></symbol></entry><entry level="1" type="bullet"><symbol wordnetid="106806469" confidence="0.8"><award wordnetid="106696483" confidence="0.8"><signal wordnetid="106791372" confidence="0.8"><link ns0:type="simple" ns0:href="../848/61848.xml">academy award for best screenplay original</link></signal></award></symbol>richard curtis</entry><entry level="1" type="bullet"><symbol wordnetid="106806469" confidence="0.8"><award wordnetid="106696483" confidence="0.8"><signal wordnetid="106791372" confidence="0.8"><link ns0:type="simple" ns0:href="../459/10949459.xml">bafta award for best film music</link></signal></award></symbol>richard rodney bennett</entry><entry level="1" type="bullet"><link ns0:type="simple" ns0:href="../943/147943.xml">bafta award for best screenplay original</link>richard curtis</entry><entry level="1" type="bullet"><link ns0:type="simple" ns0:href="../943/147943.xml">bafta award for best supporting actor</link>simon callow</entry><entry level="1" type="bullet"><link ns0:type="simple" ns0:href="../943/147943.xml">bafta award for best supporting actor</link>john hannah</entry><entry level="1" type="bullet"><link ns0:type="simple" ns0:href="../943/147943.xml">bafta award for best supporting actress</link>charlotte coleman</entry><entry level="1" type="bullet"><union wordnetid="108233056" confidence="0.9508927676800064"><link ns0:type="simple" ns0:href="../736/362736.xml">directors guild america award for outstanding directorial achievement motion pictures</link></union>mike newell</entry><entry level="1" type="bullet"><symbol wordnetid="106806469" confidence="0.8"><award wordnetid="106696483" confidence="0.8"><signal wordnetid="106791372" confidence="0.8"><link ns0:type="simple" ns0:href="../063/186063.xml">golden globe award for best motion picture musical comedy</link></signal></award></symbol></entry><entry level="1" type="bullet"><symbol wordnetid="106806469" confidence="0.8"><award wordnetid="106696483" confidence="0.8"><signal wordnetid="106791372" confidence="0.8"><link ns0:type="simple" ns0:href="../067/186067.xml">golden globe award for best actress motion picture musical comedy</link></signal></award></symbol>andie macdowell</entry><entry level="1" type="bullet"><link>golden globe award for best screenplay</link>richard curtis</entry></list></p></ss1><ss1><st>recognition</st><p>the film was voted the greatest comedy film all time readers<work wordnetid="104599396" confidence="0.8"><product wordnetid="104007894" confidence="0.8"><magazine wordnetid="106595351" confidence="0.8"><print_media wordnetid="106263609" confidence="0.8"><creation wordnetid="103129123" confidence="0.8"><press wordnetid="106263369" confidence="0.8"><artifact wordnetid="100021939" confidence="0.8"><instrumentality wordnetid="103575240" confidence="0.8"><medium wordnetid="106254669" confidence="0.8"><publication wordnetid="106589574" confidence="0.8"><link ns0:type="simple" ns0:href="../385/982385.xml">total film</link></publication></medium></instrumentality></artifact></press></creation></print_media></magazine></product></work>the same magazine named the greatest british film all time number<link ns0:type="simple" ns0:href="../810/351810.xml">bravos</link>funniest movies</p></ss1></sec><sec><st>see also</st><p><list><entry level="1" type="bullet"><movie wordnetid="106613686" confidence="0.9508927676800064"><link ns0:type="simple" ns0:href="../019/204019.xml">notting hill</link></movie>also written curtis and starring grant</entry></list></p></sec><sec><st>references</st><p><reflist><entry id="1"><weblink ns0:type="simple" ns0:href="http://www.imdb.com/title/tt0109831/business">business data for four weddings and funeral</weblink>internet movie database accessed february</entry><entry id="2"><weblink ns0:type="simple" ns0:href="http://www.bbc.co.uk/leicester/content/articles/2005/06/28/simon_callow_actor_and_writer_feature.shtml" />bbc website with four weddings actor accessed may simon callow makes explicit reference the fact that his character was gay</entry><entry id="3"><weblink ns0:type="simple" ns0:href="http://www.johnhannah.net/interview00.php" />john hannah unofficial website accessed may interview from the inspectors call gareth mclean the scotsman april hope convinced people within the industry that was more than just fortunate get the part matthew did miniseries after that faith which was success and madagascar skin lowbudget film which loved but unfortunately got stuck with this arthouse label then people questioned reason for playing another gay character but thought that was ridiculous referencing the fact that the character matthew was gay</entry><entry id="4"><weblink ns0:type="simple" ns0:href="http://www.movie-locations.com/movies/f/4wandf.html">filming locations for four weddings and funeral</weblink></entry></reflist></p></sec><sec><st>external links</st><p><list><entry level="1" type="bullet"><weblink ns0:type="simple" ns0:href="http://www.imdb.com/title/tt0109831/">four weddings and funeral</weblink>the<web_site wordnetid="106359193" confidence="0.9508927676800064"><link ns0:type="simple" ns0:href="../554/2855554.xml">internet movie database</link></web_site></entry><entry level="1" type="bullet"><weblink ns0:type="simple" ns0:href="http://www.allmovie.com/cg/avg.dll?p=avg sql=1:131162">four weddings and funeral</weblink><web_site wordnetid="106359193" confidence="0.9508927676800064"><link ns0:type="simple" ns0:href="../027/1135027.xml">allmovie</link></web_site></entry><entry level="1" type="bullet"><weblink ns0:type="simple" ns0:href="http://tcmdb.com/title/title.jsp?stid=75539">four weddings and funeral</weblink>the<channel wordnetid="106259898" confidence="0.9508927676800064"><link ns0:type="simple" ns0:href="../736/925736.xml">tcm movie database</link></channel></entry></list></p><p><table style="margin:0.5em auto; font-size:95%;clear:both;" class="wikitable"><row style="text-align: center;" /><row style="text-align:center;"><col align="center" width="30%" rowspan="1">preceded<movie wordnetid="106613686" confidence="0.9508927676800064"><link ns0:type="simple" ns0:href="../834/65834.xml">schindlers list</link></movie></col><col style="text-align: center;" width="40%" rowspan="1"><symbol wordnetid="106806469" confidence="0.8"><award wordnetid="106696483" confidence="0.8"><signal wordnetid="106791372" confidence="0.8"><link ns0:type="simple" ns0:href="../507/1039507.xml">bafta award for best film</link></signal></award></symbol></col><col align="center" width="30%" rowspan="1">succeeded<link ns0:type="simple" ns0:href="../426/142426.xml">sense and sensibility</link>tied with<movie wordnetid="106613686" confidence="0.9508927676800064"><link ns0:type="simple" ns0:href="../857/167857.xml">the usual suspects</link></movie></col></row></table></p></sec></bdy></movie></article>