<article xmlns:ns0="http://www.w3.org/1999/xlink"><physical_entity confidence="0.8" wordnetid="100001930"><person confidence="0.8" wordnetid="100007846"><intellectual confidence="0.8" wordnetid="109621545"><alumnus confidence="0.8" wordnetid="109786338"><causal_agent confidence="0.8" wordnetid="100007347"><scholar confidence="0.8" wordnetid="110557854"><header><title>selim akl</title><id /><revision><id /><timestamp /><contributor><username>johnpacklambert</username><id /></contributor></revision><categories><category>mcgill university alumni</category><category>queen university faculty</category></categories></header><bdy>selim akl phd<university wordnetid="108286163" confidence="0.9508927676800064"><link ns0:type="simple" ns0:href="../643/7954643.xml">mcgill university</link></university><link ns0:type="simple" ns0:href="../771/19360771.xml">professor</link><university wordnetid="108286163" confidence="0.9508927676800064"><link ns0:type="simple" ns0:href="../551/7955551.xml">queens university</link></university>the<division wordnetid="108220714" confidence="0.8"><administrative_unit wordnetid="108077292" confidence="0.8"><department wordnetid="108114861" confidence="0.8"><link ns0:type="simple" ns0:href="../711/2336711.xml">queens school computing</link></department></administrative_unit></division>where leads the<weblink ns0:type="simple" ns0:href="http://www.cs.queensu.ca/Parallel/index.html">parallel computation group</weblink>his research interests are primarily the area<link ns0:type="simple" ns0:href="../775/775.xml">algorithm</link>design and analysis particular for problems<link ns0:type="simple" ns0:href="../162/145162.xml">parallel computing</link><sec><st>activities</st><p>akl the<link ns0:type="simple" ns0:href="../429/577429.xml">editor chief</link><weblink ns0:type="simple" ns0:href="http://www.worldscinet.com/ppl/ppl.shtml">parallel processing letters</weblink>world scientific publishing and editor several major<link ns0:type="simple" ns0:href="../213/5213.xml">computing</link>journals including<list><entry level="1" type="bullet"><weblink ns0:type="simple" ns0:href="http://www.elsevier.com/wps/find/journaldescription.cws_home/505629/description">computational geometry</weblink>elsevier</entry><entry level="1" type="bullet"><weblink ns0:type="simple" ns0:href="http://www.tandf.co.uk/journals/titles/17445760.asp">international journal parallel emergent and distributed systems</weblink>taylor and francis</entry><entry level="1" type="bullet"><weblink ns0:type="simple" ns0:href="http://www.ripublication.com/cag.htm">communications applied geometry</weblink>research india publications</entry></list></p><p>akl the founding editorial board member<weblink ns0:type="simple" ns0:href="http://www.inderscience.com/browse/index.php?journalID=61">international journal high performance computing and networking</weblink>inderscience publishers and past editor journal cryptology springerverlag information processing letters northholland and parallel algorithms and applications taylor and francis</p><ss1><st>current research</st><p>akl has claimed that the notion universality computation false<weblink ns0:type="simple" ns0:href="http://www.cs.queensu.ca/home/akl/techreports/even.pdf" />akl asserts that machine can claim universality since there will always larger set problems that such machine can not solve</p><p>more detailed description akls non universality computation result can found here<weblink ns0:type="simple" ns0:href="http://www.cs.queensu.ca/Parallel/projects.html">nonuniversality computation the myth the universal computer</weblink></p></ss1><ss1><st>conferences</st><p>currently akl the chair the<weblink ns0:type="simple" ns0:href="http://www.cs.queensu.ca/uc07/index.htm">international conference unconventional computation</weblink>taking place<village wordnetid="108672738" confidence="0.9508927676800064"><link ns0:type="simple" ns0:href="../562/114562.xml">kingston ontario</link></village><region wordnetid="108630039" confidence="0.9508927676800064"><link ns0:type="simple" ns0:href="../916/5042916.xml">canada</link></region></p></ss1></sec><sec><st>publications</st><p>akl the author several textbooks the areas<link ns0:type="simple" ns0:href="../162/145162.xml">parallel computing</link>and<link ns0:type="simple" ns0:href="../927/176927.xml">computational geometry</link><list><entry level="1" type="bullet"><weblink ns0:type="simple" ns0:href="http://portal.acm.org/citation.cfm?id=533017 dl=GUIDE,">parallel sorting algorithms</weblink>academic press</entry><entry level="1" type="bullet"><weblink ns0:type="simple" ns0:href="http://portal.acm.org/citation.cfm?id=63471">the design and analysis parallel algorithms</weblink>prentice hall</entry><entry level="1" type="bullet"><weblink ns0:type="simple" ns0:href="http://fano.ics.uci.edu/cites/Document/Parallel-Computation-Models-+-Methods.html">parallel computation models and methods</weblink>prentice hall</entry></list>also the coauthor<weblink ns0:type="simple" ns0:href="http://portal.acm.org/citation.cfm?id=162256 dl=ACM coll=GUIDE">parallel computational geometry</weblink>prentice hall</p></sec><sec><st>external links</st><p><list><entry level="1" type="bullet"><weblink ns0:type="simple" ns0:href="http://www.cs.queensu.ca/home/akl/">selim akls official home page</weblink></entry><entry level="1" type="bullet"><weblink ns0:type="simple" ns0:href="http://www.cs.queensu.ca/Parallel/publications.html#Publications">selected journal and conference papers</weblink></entry><entry level="1" type="bullet"><weblink ns0:type="simple" ns0:href="http://www.cs.queensu.ca/Parallel/technical.html#Technical">selected technical reports</weblink></entry><entry level="1" type="bullet"><weblink ns0:type="simple" ns0:href="http://www.cs.queensu.ca/">queens university school computing</weblink></entry><entry level="1" type="bullet"><weblink ns0:type="simple" ns0:href="http://www.cs.queensu.ca/Parallel/index.html">queens university school computing parallel computation group</weblink></entry><entry level="1" type="bullet"><weblink ns0:type="simple" ns0:href="http://www.cs.queensu.ca/uc07/">international conference unconventional computation</weblink></entry></list></p></sec></bdy></scholar></causal_agent></alumnus></intellectual></person></physical_entity></article>