<article xmlns:ns0="http://www.w3.org/1999/xlink"><physical_entity confidence="0.8" wordnetid="100001930"><person confidence="0.8" wordnetid="100007846"><performer confidence="0.8" wordnetid="110415638"><causal_agent confidence="0.8" wordnetid="100007347"><actor confidence="0.8" wordnetid="109765278"><entertainer confidence="0.8" wordnetid="109616922"><header><title>yaani king</title><id /><revision><id /><timestamp /><contributor><username>cupertino</username><id /></contributor></revision><categories><category>american film actor</category><category>live peopl</category><category>american actor</category><category>african american actor</category><category>birth</category></categories></header><bdy><template><name>infobox actor</name><parameters><image width="150px" src="" /><location><village wordnetid="108672738" confidence="0.9508927676800064"><link ns0:type="simple" ns0:href="../384/47384.xml">brooklyn</link></village><village wordnetid="108672738" confidence="0.9508927676800064"><link ns0:type="simple" ns0:href="../042/645042.xml">new york citi</link></village><region wordnetid="108630985" confidence="0.8"><administrative_district wordnetid="108491826" confidence="0.8"><location wordnetid="100027167" confidence="0.8"><district wordnetid="108552138" confidence="0.8"><country wordnetid="108544813" confidence="0.8"><link ns0:type="simple" ns0:href="../131/8210131.xml">new york</link></country></district></location></administrative_district></region><body wordnetid="107965085" confidence="0.8"><social_group wordnetid="107950920" confidence="0.8"><political_orientation wordnetid="106212839" confidence="0.8"><colony wordnetid="108374049" confidence="0.8"><state wordnetid="108168978" confidence="0.8"><political_unit wordnetid="108359949" confidence="0.8"><group wordnetid="100031264" confidence="0.8"><democracy wordnetid="106217103" confidence="0.8"><link ns0:type="simple" ns0:href="../750/3434750.xml" /></democracy></group></political_unit></state></colony></political_orientation></social_group></body><image width="25px" src="Flag_of_the_United_States.svg" /></location><height /><name>yaani king</name><birthdate><link ns0:type="simple" ns0:href="../ury/24th_century.xml">august</link><link ns0:type="simple" ns0:href="../776/34776.xml" /></birthdate></parameters></template><p>yaani king<village wordnetid="108672738" confidence="0.9508927676800064"><link ns0:type="simple" ns0:href="../384/47384.xml">brooklyn</link></village><village wordnetid="108672738" confidence="0.9508927676800064"><link ns0:type="simple" ns0:href="../042/645042.xml">new york citi</link></village><region wordnetid="108630985" confidence="0.8"><administrative_district wordnetid="108491826" confidence="0.8"><location wordnetid="100027167" confidence="0.8"><district wordnetid="108552138" confidence="0.8"><country wordnetid="108544813" confidence="0.8"><link ns0:type="simple" ns0:href="../131/8210131.xml">new york</link></country></district></location></administrative_district></region><link ns0:type="simple" ns0:href="../ury/24th_century.xml">august</link><link ns0:type="simple" ns0:href="../776/34776.xml" /><link ns0:type="simple" ns0:href="../035/18956035.xml">west indian</link><link ns0:type="simple" ns0:href="../691/17238691.xml">guyanes</link><link ns0:type="simple" ns0:href="../753/753.xml">actress</link></p><p>she play amanda one<actor wordnetid="109765278" confidence="0.9508927676800064"><link ns0:type="simple" ns0:href="../717/508717.xml">julia stile</link></actor>best friend<company wordnetid="108058098" confidence="0.9508927676800064"><link ns0:type="simple" ns0:href="../918/22918.xml">paramount pictur</link></company><link ns0:type="simple" ns0:href="../949/1096949.xml">the princ</link>she also appear<link ns0:type="simple" ns0:href="../267/705267.xml">the cut</link>one<actor wordnetid="109765278" confidence="0.9508927676800064"><link ns0:type="simple" ns0:href="../799/51799.xml">meg ryan</link></actor>student yaani frequent guest star seri her televis credit includ<link>sex and the citi</link><series wordnetid="108457976" confidence="0.9508927676800064"><link ns0:type="simple" ns0:href="../177/2223177.xml">crimin mind</link></series>and<series wordnetid="108457976" confidence="0.9508927676800064"><link ns0:type="simple" ns0:href="../629/173629.xml">law order</link></series></p><p><link ns0:type="simple" ns0:href="../427/8906427.xml">april</link>she began film the role<actor wordnetid="109765278" confidence="0.9508927676800064"><link ns0:type="simple" ns0:href="../883/4451883.xml">anthoni macki</link></actor>sister<link>bolden</link>which also star<award wordnetid="106696483" confidence="0.9508927676800064"><link ns0:type="simple" ns0:href="../324/324.xml">academi award</link></award>nomine<actor wordnetid="109765278" confidence="0.9508927676800064"><link ns0:type="simple" ns0:href="../814/255814.xml">jacki earl haley</link></actor>the film execut produc<link ns0:type="simple" ns0:href="../613/15613.xml">jazz</link>legend<trumpeter wordnetid="110732010" confidence="0.9173553029164789"><composer wordnetid="109947232" confidence="0.9173553029164789"><artist wordnetid="109812338" confidence="0.9508927676800064"><educator wordnetid="110045713" confidence="0.9173553029164789"><link ns0:type="simple" ns0:href="../483/210483.xml">wynton marsali</link></educator></artist></composer></trumpeter>yaani manag<link>stacey castro</link></p><sec><st>filmographi</st><p><list><entry level="1" type="bullet"><link>bolden</link><fundamental_quantity wordnetid="113575869" confidence="0.8"><time_period wordnetid="115113229" confidence="0.8"><year wordnetid="115203791" confidence="0.8"><link ns0:type="simple" ns0:href="../113/1463113.xml" /></year></time_period></fundamental_quantity>cora bolden postproduct</entry><entry level="1" type="bullet"><series wordnetid="108457976" confidence="0.9508927676800064"><link ns0:type="simple" ns0:href="../989/1348989.xml">numbr</link></series>episod end game and atom<link ns0:type="simple" ns0:href="../688/9041688.xml" />lauri porter</entry><entry level="1" type="bullet"><movie wordnetid="106613686" confidence="0.9508927676800064"><link ns0:type="simple" ns0:href="../274/13312274.xml">gospel hill</link></movie><fundamental_quantity wordnetid="113575869" confidence="0.8"><time_period wordnetid="115113229" confidence="0.8"><year wordnetid="115203791" confidence="0.8"><link ns0:type="simple" ns0:href="../113/1463113.xml" /></year></time_period></fundamental_quantity>sarah</entry><entry level="1" type="bullet">episod<episode wordnetid="106396330" confidence="0.9508927676800064"><link ns0:type="simple" ns0:href="../757/9678757.xml">fallen idol</link></episode><link ns0:type="simple" ns0:href="../682/3849682.xml" />sheila latham</entry><entry level="1" type="bullet"><series wordnetid="108457976" confidence="0.9508927676800064"><link ns0:type="simple" ns0:href="../177/2223177.xml">crimin mind</link></series>episod fear and loath<link ns0:type="simple" ns0:href="../682/3849682.xml" />tania</entry><entry level="1" type="bullet"><series wordnetid="108457976" confidence="0.9508927676800064"><link ns0:type="simple" ns0:href="../149/3674149.xml">campu ladi</link></series>episod barri joan rush black soror<link ns0:type="simple" ns0:href="../682/3849682.xml" />deborah</entry><entry level="1" type="bullet"><link>for heaven sake</link><fundamental_quantity wordnetid="113575869" confidence="0.8"><time_period wordnetid="115113229" confidence="0.8"><year wordnetid="115203791" confidence="0.8"><link ns0:type="simple" ns0:href="../754/302754.xml" /></year></time_period></fundamental_quantity>ashley</entry><entry level="1" type="bullet"><link>god forgotten hous</link><fundamental_quantity wordnetid="113575869" confidence="0.8"><time_period wordnetid="115113229" confidence="0.8"><year wordnetid="115203791" confidence="0.8"><link ns0:type="simple" ns0:href="../628/294628.xml" /></year></time_period></fundamental_quantity>crystal</entry><entry level="1" type="bullet"><link ns0:type="simple" ns0:href="../949/1096949.xml">the princ and</link><fundamental_quantity wordnetid="113575869" confidence="0.8"><time_period wordnetid="115113229" confidence="0.8"><year wordnetid="115203791" confidence="0.8"><link ns0:type="simple" ns0:href="../634/294634.xml" /></year></time_period></fundamental_quantity>amanda</entry><entry level="1" type="bullet"><movie wordnetid="106613686" confidence="0.9508927676800064"><link ns0:type="simple" ns0:href="../267/705267.xml">the cut</link></movie><fundamental_quantity wordnetid="113575869" confidence="0.8"><time_period wordnetid="115113229" confidence="0.8"><year wordnetid="115203791" confidence="0.8"><link ns0:type="simple" ns0:href="../212/169212.xml" /></year></time_period></fundamental_quantity>franni<link ns0:type="simple" ns0:href="../526/155526.xml">student</link></entry><entry level="1" type="bullet"><link ns0:type="simple" ns0:href="../842/82842.xml">sex and the citi</link>episod pickalittl talkalittl<link ns0:type="simple" ns0:href="../063/171063.xml" />marci</entry><entry level="1" type="bullet"><series wordnetid="108457976" confidence="0.9508927676800064"><link ns0:type="simple" ns0:href="../629/173629.xml">law order</link></series>episod<link>access nation</link><link ns0:type="simple" ns0:href="../771/169771.xml" />moniqu thoma</entry><entry level="1" type="bullet"><series wordnetid="108457976" confidence="0.9508927676800064"><link ns0:type="simple" ns0:href="../101/5483101.xml">the educ max bickford</link></series>episod never schlung father<link ns0:type="simple" ns0:href="../771/169771.xml" /><link ns0:type="simple" ns0:href="../526/155526.xml">student</link></entry></list></p></sec><sec><st>extern link</st><p><list><entry level="1" type="bullet"><weblink ns0:type="simple" ns0:href="http://www.imdb.com/name/nm1477301/">yaani king</weblink>the<web_site wordnetid="106359193" confidence="0.9508927676800064"><link ns0:type="simple" ns0:href="../554/2855554.xml">internet movi databas</link></web_site></entry><entry level="1" type="bullet"><weblink ns0:type="simple" ns0:href="http://www.myspace.com/yaani">yaani king</weblink><company wordnetid="108058098" confidence="0.9508927676800064"><link ns0:type="simple" ns0:href="../655/1270655.xml">myspac</link></company></entry></list></p></sec></bdy></entertainer></actor></causal_agent></performer></person></physical_entity></article>