<article xmlns:ns0="http://www.w3.org/1999/xlink"><header><title>news disambigu</title><id /><revision><id /><timestamp /><contributor><username>polbot</username><id /></contributor></revision><categories><category>all disambigu page</category><category>disambigu page</category></categories></header><bdy><image location="none" width="50px" src="Wiktionary-logo-en.svg"><caption>wiktionari</caption></image>look<web_site wordnetid="106359193" confidence="0.9508927676800064"><link ns0:type="simple" ns0:href="../658/156658.xml">wiktionari</link></web_site>the free dictionari<p><link ns0:type="simple" ns0:href="../041/22041.xml">news</link>new<link ns0:type="simple" ns0:href="../062/18985062.xml">inform</link>relat current event</p><p>news may also refer</p><p><table style="clear: right; margin-bottom: .5em; float: right; padding: .5em 0 .8em 1.4em; background: none; width: auto;" cellpadding="0" cellspacing="0"><row><col /></row></table></p><sec><st>newspap</st><p><list><entry level="1" type="bullet"><newspaper wordnetid="106267145" confidence="0.9508927676800064"><link ns0:type="simple" ns0:href="../055/17187055.xml">news</link></newspaper>zrich switzerland</entry><entry level="1" type="bullet"><print_media wordnetid="106263609" confidence="0.8"><press wordnetid="106263369" confidence="0.8"><artifact wordnetid="100021939" confidence="0.8"><instrumentality wordnetid="103575240" confidence="0.8"><medium wordnetid="106254669" confidence="0.8"><newspaper wordnetid="106267145" confidence="0.8"><link ns0:type="simple" ns0:href="../032/476032.xml">the news adelaid</link></newspaper></medium></instrumentality></artifact></press></print_media></entry><entry level="1" type="bullet"><newspaper wordnetid="106267145" confidence="0.9508927676800064"><link ns0:type="simple" ns0:href="../871/6108871.xml">the news mexico citi</link></newspaper></entry><entry level="1" type="bullet"><newspaper wordnetid="106267145" confidence="0.9508927676800064"><link ns0:type="simple" ns0:href="../753/6515753.xml">the news new glasgow</link></newspaper></entry><entry level="1" type="bullet"><print_media wordnetid="106263609" confidence="0.8"><press wordnetid="106263369" confidence="0.8"><artifact wordnetid="100021939" confidence="0.8"><instrumentality wordnetid="103575240" confidence="0.8"><medium wordnetid="106254669" confidence="0.8"><newspaper wordnetid="106267145" confidence="0.8"><link ns0:type="simple" ns0:href="../355/1880355.xml">the news portsmouth</link></newspaper></medium></instrumentality></artifact></press></print_media></entry></list></p><p><list><entry level="1" type="bullet"><newspaper wordnetid="106267145" confidence="0.9508927676800064"><link ns0:type="simple" ns0:href="../949/909949.xml">the news intern</link></newspaper>pakistan karachi lahor and islamabad</entry><entry level="1" type="bullet"><newspaper wordnetid="106267145" confidence="0.9508927676800064"><link ns0:type="simple" ns0:href="../616/3333616.xml">the greenvil news</link></newspaper>greenvil south carolina</entry><entry level="1" type="bullet"><newspaper wordnetid="106267145" confidence="0.9508927676800064"><link ns0:type="simple" ns0:href="../601/13980601.xml">the templ news</link></newspaper>philadelphia pennsylvania formerli nicknam the news</entry></list></p></sec><sec><st>broadcast</st><p><list><entry level="1" type="bullet"><link ns0:type="simple" ns0:href="../635/904635.xml">news program</link>gener name</entry><entry level="2" type="bullet"><series wordnetid="108457976" confidence="0.9508927676800064"><link ns0:type="simple" ns0:href="../165/5411165.xml">the news with brian william</link></series>msnbccnbc news program</entry><entry level="1" type="bullet"><link ns0:type="simple" ns0:href="../678/1720678.xml">news channel</link>gener name</entry><entry level="2" type="bullet"><message wordnetid="106598915" confidence="0.8"><information wordnetid="106634376" confidence="0.8"><format wordnetid="106636806" confidence="0.8"><link ns0:type="simple" ns0:href="../924/7024924.xml">newschannel</link></format></information></message>popular name local televis station newscast the unit state</entry></list></p></sec><sec><st>corpor</st><p><list><entry level="1" type="bullet"><firm wordnetid="108059870" confidence="0.8"><enterprise wordnetid="108056231" confidence="0.8"><business wordnetid="108061042" confidence="0.8"><publisher wordnetid="108062623" confidence="0.8"><link ns0:type="simple" ns0:href="../501/9567501.xml">news publish</link></publisher></business></enterprise></firm>austrian publish news magazin</entry><entry level="1" type="bullet"><company wordnetid="108058098" confidence="0.9508927676800064"><link ns0:type="simple" ns0:href="../422/113422.xml">news corpor</link></company>media conglomer</entry><entry level="2" type="bullet"><company wordnetid="108058098" confidence="0.9508927676800064"><link ns0:type="simple" ns0:href="../966/318966.xml">news intern</link></company>british subsidiari</entry><entry level="2" type="bullet"><company wordnetid="108058098" confidence="0.8"><subsidiary_company wordnetid="108003935" confidence="0.8"><institution wordnetid="108053576" confidence="0.8"><link ns0:type="simple" ns0:href="../006/1489006.xml">news limit</link></institution></subsidiary_company></company>australian subsidiari</entry><entry level="1" type="bullet"><link ns0:type="simple" ns0:href="../389/7661389.xml">news</link>network european worldshop</entry></list></p></sec><sec><st>entertain</st><p><list><entry level="1" type="bullet"><link>the news music</link><symbol wordnetid="106806469" confidence="0.8"><award wordnetid="106696483" confidence="0.8"><signal wordnetid="106791372" confidence="0.8"><link ns0:type="simple" ns0:href="../458/1266458.xml">tonynomin</link></signal></award></symbol>music</entry><entry level="1" type="bullet">the news song<artist wordnetid="109812338" confidence="0.9508927676800064"><link ns0:type="simple" ns0:href="../220/177220.xml">jimmi cliff</link></artist>featur the album follow mind</entry><entry level="1" type="bullet"><artist wordnetid="109812338" confidence="0.9508927676800064"><link ns0:type="simple" ns0:href="../191/2427191.xml">news band</link></artist>japanesepop group</entry><entry level="1" type="bullet"><album wordnetid="106591815" confidence="0.9508927676800064"><link ns0:type="simple" ns0:href="../659/1729659.xml">news</link></album>instrument jazz album princ</entry><entry level="1" type="bullet"><album wordnetid="106591815" confidence="0.9508927676800064"><link ns0:type="simple" ns0:href="../648/1282648.xml">news</link></album>album golden ear</entry><entry level="1" type="bullet"><link ns0:type="simple" ns0:href="../307/85307.xml">huey lewi and the news</link>rock band</entry><entry level="1" type="bullet"><link>news time</link>game the<company wordnetid="108058098" confidence="0.9508927676800064"><link ns0:type="simple" ns0:href="../171/1906171.xml">ladbrok</link></company>gambl web site</entry></list></p></sec><sec><st>other</st><p><list><entry level="1" type="bullet"><social_group wordnetid="107950920" confidence="0.8"><society wordnetid="107966140" confidence="0.8"><group wordnetid="100031264" confidence="0.8"><link ns0:type="simple" ns0:href="../152/9312152.xml">netherland worldwid student</link></group></society></social_group>the platform for dutch student studi abroad</entry><entry level="1" type="bullet"><computer wordnetid="103082979" confidence="0.8"><artifact wordnetid="100021939" confidence="0.8"><instrumentality wordnetid="103575240" confidence="0.8"><device wordnetid="103183080" confidence="0.8"><machine wordnetid="103699975" confidence="0.8"><digital_computer wordnetid="103196324" confidence="0.8"><workstation wordnetid="104603399" confidence="0.8"><link ns0:type="simple" ns0:href="../907/5768907.xml">soni news</link></workstation></digital_computer></machine></device></instrumentality></artifact></computer>comput workstat</entry><entry level="1" type="bullet"><link ns0:type="simple" ns0:href="../519/55519.xml">news</link>network extens window system develop sun microsystem the mid</entry></list></p></sec><sec><st>see also</st><p><list><entry level="1" type="bullet"><link ns0:type="simple" ns0:href="../336/3001336.xml">new</link></entry><entry level="1" type="bullet"><link ns0:type="simple" ns0:href="../125/21125.xml">newsgroup</link></entry><entry level="1" type="bullet">news about wikipedia</entry><entry level="1" type="bullet"><link ns0:type="simple" ns0:href="../842/5377842.xml">current event</link></entry><entry level="1" type="bullet">televis news</entry></list></p><p><table style="background:none"><row><col style="vertical-align:middle;"><image width="30px" src="Disambig_gray.svg" /></col><col style="vertical-align:middle;">thi page list articl associ with the same titl<weblink ns0:type="simple" ns0:href="http://localhost:18088/wiki/index.php?title=Special:Whatlinkshere/News_%28disambiguation%29 namespace=0">intern link</weblink>led you here you may wish chang the link point directli the intend articl</col></row></table></p></sec></bdy></article>