<article xmlns:ns0="http://www.w3.org/1999/xlink"><event confidence="0.8" wordnetid="100029378"><act confidence="0.8" wordnetid="100030358"><psychological_feature confidence="0.8" wordnetid="100023100"><procedure confidence="0.8" wordnetid="101023820"><activity confidence="0.8" wordnetid="100407535"><header><title>baddeley model work memori</title><id /><revision><id /><timestamp /><contributor><username>closedmouth</username><id /></contributor></revision><categories><category>memori process</category></categories></header><bdy><image location="right" width="150px" src="Baddeley.jpg" type="frame"><caption>schemat baddeley model</caption></image><physical_entity wordnetid="100001930" confidence="0.8"><person wordnetid="100007846" confidence="0.8"><causal_agent wordnetid="100007347" confidence="0.8"><scientist wordnetid="110560637" confidence="0.8"><psychologist wordnetid="110488865" confidence="0.8"><link ns0:type="simple" ns0:href="../669/3257669.xml">alan baddeley</link></psychologist></scientist></causal_agent></person></physical_entity>and<physical_entity wordnetid="100001930" confidence="0.8"><person wordnetid="100007846" confidence="0.8"><causal_agent wordnetid="100007347" confidence="0.8"><academician wordnetid="109759069" confidence="0.8"><adult wordnetid="109605289" confidence="0.8"><professional wordnetid="110480253" confidence="0.8"><educator wordnetid="110045713" confidence="0.8"><link ns0:type="simple" ns0:href="../388/15331388.xml">graham hitch</link></educator></professional></adult></academician></causal_agent></person></physical_entity>propos model work memori attempt describ more accur model<link ns0:type="simple" ns0:href="../944/28944.xml">shortterm memori</link><p>baddeley hitch propos their tripartit work memori model altern the shortterm store<event wordnetid="100029378" confidence="0.8"><act wordnetid="100030358" confidence="0.8"><psychological_feature wordnetid="100023100" confidence="0.8"><procedure wordnetid="101023820" confidence="0.8"><activity wordnetid="100407535" confidence="0.8"><link ns0:type="simple" ns0:href="../209/568209.xml">atkinson shiffrin multistor memori model</link></activity></procedure></psychological_feature></act></event>thi model later expand upon baddeley and other cowork and becom the domin view the field work memori howev altern model are develop see<link ns0:type="simple" ns0:href="../912/33912.xml">work memori</link>provid differ perspect the work memori system</p><p>the origin model baddeley hitch compos three main compon the central<link ns0:type="simple" ns0:href="../475/3704475.xml">execut</link>which act supervisori system and control the flow inform from and slave system the phonolog loop and the visuospati sketchpad the slave system are shortterm storag system dedic content domain verbal and visuospati respect baddeley third slave system model the episod buffer</p><p>baddeley hitch argument for the distinct two domainspecif slave system the older model deriv from experiment find with<link ns0:type="simple" ns0:href="../839/10477839.xml">dualtask paradigm</link>perform two simultan task requir the use two separ perceptu domain visual and verbal task nearli effici perform the task individu contrast when person tri carri out two task simultan that use the same perceptu domain perform less effici than when perform the task individu</p><sec><st>compon</st><ss1><st>central execut</st><p>the central execut flexibl system respons for the control and regul cognit process the follow function<list><entry level="1" type="bullet">bind inform from number sourc into coher episod</entry><entry level="1" type="bullet">coordin the slave system</entry><entry level="1" type="bullet">shift between task retriev strategi</entry><entry level="1" type="bullet">select attent and inhibit</entry></list>can thought supervisori system that control cognit process and interven when they astray</p><p>use the dualtask paradigm baddeley and colleagu have found for instanc that patient with<link ns0:type="simple" ns0:href="../017/18914017.xml">alzheim</link>dementia are impair when perform multipl task simultan even when the difficulti the individu task adapt their abil<ref ns0:type="simple" ns0:href="#xpointer(//reflist/entry[@id=%221%22])" /></p><p>recent research execut function suggest that the central execut not central conceiv the baddeley hitch model rather there seem separ execut function that can vari larg independ between individu and can select impair spare brain damag<ref ns0:type="simple" ns0:href="#xpointer(//reflist/entry[@id=%222%22])" /></p></ss1><ss1><st>phonolog loop</st><p>the phonolog loop articulatori loop whole deal with sound phonolog inform consist two part shortterm phonolog store with<link ns0:type="simple" ns0:href="../796/293796.xml">auditori</link>memori trace that are subject rapid decay and articulatori rehears compon that can reviv the memori trace</p><p>ani auditori verbal inform assum enter automat into the phonolog store visual present languag can transform into phonolog code silent articul and therebi encod into the phonolog store thi transform facilit the articulatori control process the phonolog store act inner ear rememb speech sound their tempor order whilst the articulatori process act inner voic and repeat the seri word other speech element loop prevent them from decay the phonolog loop may play key role the acquisit vocabulari particularli the earli childhood year<ref ns0:type="simple" ns0:href="#xpointer(//reflist/entry[@id=%223%22])" />may also vital for learn second languag</p><p>five main find provid evid for the phonolog loop</p><p><list><entry level="1" type="number">the effect<link ns0:type="simple" ns0:href="../247/23247.xml">phonolog</link>similaritylist word that sound similar are more difficult rememb than word that sound differ<link ns0:type="simple" ns0:href="../107/29107.xml">semant</link>similar similar mean compar littl effect support the assumpt that verbal inform code larg phonolog work memori<ref ns0:type="simple" ns0:href="#xpointer(//reflist/entry[@id=%224%22])" /></entry><entry level="1" type="number">the effect articulatori suppressionmemori for verbal materi impair when peopl are ask say someth irrelev aloud thi assum block the articulatori rehears process therebi leav memori trace the phonolog loop decay<ref ns0:type="simple" ns0:href="#xpointer(//reflist/entry[@id=%225%22])" /></entry><entry level="1" type="number">transfer inform between codeswith visual present item adult usual name and subvoc rehears them the inform transfer from visual auditori code articulatori suppress prevent thi transfer and that case the abov mention effect phonolog similar eras for visual present item<ref ns0:type="simple" ns0:href="#xpointer(//reflist/entry[@id=%226%22])" /></entry><entry level="1" type="number">neuropsycholog evidencea defect phonolog store explain the behavior patient with specif deficit phonolog shortterm memori<link ns0:type="simple" ns0:href="../80s/2080s.xml">aphas</link>patient with<link ns0:type="simple" ns0:href="../469/572469.xml">dyspraxia</link>are unabl set the speech motor code necessari for<link ns0:type="simple" ns0:href="../749/1065749.xml">articul</link>caus defici the articulatori rehears process<ref ns0:type="simple" ns0:href="#xpointer(//reflist/entry[@id=%227%22])" /></entry><entry level="1" type="number">the other hand patient with<link ns0:type="simple" ns0:href="../706/1004706.xml">dysarthria</link>whose speech problem are secondari show normal capac for rehears thi suggest that the subvoc rehears that crucial<ref ns0:type="simple" ns0:href="#xpointer(//reflist/entry[@id=%228%22])" /></entry></list></p></ss1><ss1><st>visuospati sketchpad</st><p>the visuospati sketchpad assum hold inform about what see use the temporari storag and manipul spatial and visual inform such rememb shape and colour the locat speed object space also involv task which involv plan spatial movement like plan one way through complex build the visuospati sketchpad can divid into separ visual spatial and possibl kinaesthet movement compon princip repres within the right<link ns0:type="simple" ns0:href="../608/406608.xml">hemispher</link>the brain<ref ns0:type="simple" ns0:href="#xpointer(//reflist/entry[@id=%229%22])" /></p><ss2><st>logi elabor the visuospati sketchpad</st><p>logi propos that the visuospati sketchpad can further subdivid into two compon<list><entry level="1" type="number">the visual cach which store inform about form and color</entry><entry level="1" type="number">the inner scribe which deal with spatial and movement inform also rehears inform the visual cach and transfer inform the central execut<ref ns0:type="simple" ns0:href="#xpointer(//reflist/entry[@id=%2210%22])" /></entry></list></p><p>three main find provid evid for the distinct between visual and spatial part the visuospati sketchpad</p><p><list><entry level="1" type="number">there less interfer between visual and spatial task than between two visual task two spatial task<ref ns0:type="simple" ns0:href="#xpointer(//reflist/entry[@id=%2211%22])" /></entry><entry level="1" type="number">brain damag can influenc one the compon without influenc the other<ref ns0:type="simple" ns0:href="#xpointer(//reflist/entry[@id=%2212%22])" /></entry><entry level="1" type="number">result from brainimag show that work memori task with visual object activ mostli area the left hemispher wherea task with spatial inform activ more area the right hemispher<ref ns0:type="simple" ns0:href="#xpointer(//reflist/entry[@id=%2213%22])" /></entry></list></p></ss2></ss1><ss1><st>episod buffer</st><p>baddeley fourth compon the model call the episod buffer thi compon third slave system dedic link inform across domain form integr unit visual spatial and verbal inform with time sequenc chronolog order such the memori stori movi scene the episod buffer also assum have link longterm memori and semant mean</p><p>the main motiv for introduc thi compon the observ that some particular highli intellig patient with<link ns0:type="simple" ns0:href="../950/234950.xml">amnesia</link>who presum have abil encod new inform longterm memori nevertheless have good shortterm recal stori recal much more inform than could held the phonolog loop<ref ns0:type="simple" ns0:href="#xpointer(//reflist/entry[@id=%2214%22])" /></p></ss1></sec><sec><st>valid the model</st><p>the strength baddeley model abil integr larg amount find from work shortterm and work memori addit the mechan the slave system especi the phonolog loop inspir wealth research experiment psycholog neuropsycholog and cognit neurosci</p><p>howev critic have been rais for instanc the phonologicalloop compon becaus some detail the find are not easili explain the origin baddeley hitch model<ref ns0:type="simple" ns0:href="#xpointer(//reflist/entry[@id=%2215%22])" /><ref ns0:type="simple" ns0:href="#xpointer(//reflist/entry[@id=%2216%22])" /></p><p>the episod buffer seen help addit the model work memori but not been investig extens and function remain unclear<ref ns0:type="simple" ns0:href="#xpointer(//reflist/entry[@id=%2217%22])" /></p></sec><sec><st>refer</st><ss1><st>note</st><p><reflist><entry id="1">baddeley della sala work memori and execut control philosoph transact the royal societi london</entry><entry id="2">miyak friedman emerson witzki howert wager the uniti and divers execut function and their contribut complex frontal lobe task latent variabl analysi cognit psycholog</entry><entry id="3">baddeley gathercol papagno the phonolog loop languag learn devic psycholog review</entry><entry id="4">conrad hull inform acoust confus and memori span british journal psycholog baddeley shortterm memori for word sequenc function acoust semant and formal similar quarterli journal experiment psycholog</entry><entry id="5">baddeley word length and the structur shortterm memori journal verbal learn and verbal behavior</entry><entry id="6">murray articul and acoust confus short term memori journal experiment psycholog</entry><entry id="7">water the role highlevel speech plan rehears evid from patient with apraxia speech journal memori and languag</entry><entry id="8">baddeley wilson phonolog code and shortterm memori patient without speech journal memori and languag</entry><entry id="9">baddeley the episod buffer new compon work memori trend cognit scienc</entry><entry id="10">logi visuospati work memori hove lawrenc eribaum associ</entry><entry id="11">klauer zhao doubl dissoci visual and spatial shortterm memori journal experiment psycholog gener</entry><entry id="12">mention</entry><entry id="13">smith jonid</entry><entry id="14">baddeley wilson prose recal and amnesia implic for the structur work memori neuropsychologia</entry><entry id="15">jone macken nichol the phonolog store work memori phonolog and store journal experiment psycholog learn memori and cognit</entry><entry id="17"><weblink ns0:type="simple" ns0:href="http://www.psypress.com/ek5/resources/demo_ch06-sc-02.asp">cognit psycholog student handbook edit chapter topic</weblink></entry><entry id="16">nairn rememb over the shortterm the case against the standard model annual review psycholog</entry></reflist></p></ss1><ss1><st>bibliographi</st><p><list><entry level="1" type="bullet">baddeley wilson prose recal and amnesia implic for the structur work memori neuropsychologia</entry><entry level="1" type="bullet">baddeley the episod buffer new compon work memori trend cognit scienc</entry><entry level="1" type="bullet">baddeley della sala work memori and execut control philosoph transact the royal societi london</entry><entry level="1" type="bullet">baddeley hitch work memori bower the psycholog learn and motiv advanc research and theori vol new york academ press</entry></list></p></ss1></sec><sec><st>see also</st><p><list><entry level="1" type="bullet"><link ns0:type="simple" ns0:href="../912/33912.xml">work memori</link></entry><entry level="1" type="bullet"><link ns0:type="simple" ns0:href="../977/2855977.xml">attent versu memori prefront cortex</link></entry><entry level="1" type="bullet"><event wordnetid="100029378" confidence="0.8"><act wordnetid="100030358" confidence="0.8"><psychological_feature wordnetid="100023100" confidence="0.8"><procedure wordnetid="101023820" confidence="0.8"><activity wordnetid="100407535" confidence="0.8"><link ns0:type="simple" ns0:href="../587/10269587.xml">echoic memori</link></activity></procedure></psychological_feature></act></event></entry></list></p></sec></bdy></activity></procedure></psychological_feature></act></event></article>