<article xmlns:ns0="http://www.w3.org/1999/xlink"><header><title>bibsonomi</title><id /><revision><id /><timestamp /><contributor><username>dreamyshad</username><id /></contributor></revision><categories><category>refer manag softwar</category><category>social bookmark</category><category>librari</category><category>bibtex</category></categories></header><bdy>bibsonomi<link ns0:type="simple" ns0:href="../581/1257581.xml">social bookmark</link>and<link ns0:type="simple" ns0:href="../691/226691.xml">public</link>share system aim integr the featur bookmark system well teamori public manag bibsonomi offer user the abil store and organ their<link ns0:type="simple" ns0:href="../555/5826555.xml">bookmark</link>and public entri and support the integr differ commun and peopl offer social platform for literatur exchang<p>both bookmark and public entri can<link ns0:type="simple" ns0:href="../086/1707086.xml">tag</link>help structur and refind inform the descript term can freeli chosen the assign tag from differ user creat spontan uncontrol vocabulari<link ns0:type="simple" ns0:href="../913/1145913.xml">folksonomi</link>bibsonomi the folksonomi evolv from the particip research group learn commun and individu user organ their inform need</p><p>public post bibsonomi are store the<message wordnetid="106598915" confidence="0.8"><information wordnetid="106634376" confidence="0.8"><format wordnetid="106636806" confidence="0.8"><link ns0:type="simple" ns0:href="../392/239392.xml">bibtex</link></format></information></message>format export other format such<software wordnetid="106566077" confidence="0.9508927676800064"><link ns0:type="simple" ns0:href="../689/6664689.xml">endnot</link></software><format wordnetid="106636806" confidence="0.9508927676800064"><link ns0:type="simple" ns0:href="../191/13191.xml">html</link></format>for public list creation possibl</p><p>the servic develop team student and scientist work the<weblink ns0:type="simple" ns0:href="http://www.kde.cs.uni-kassel.de/">institut knowledg and data engin</weblink>and host the univers<location wordnetid="100027167" confidence="0.9508927676800064"><link ns0:type="simple" ns0:href="../108/42108.xml">kassel</link></location></p><sec><st>see also</st><p><list><entry level="1" type="bullet"><link>list social bookmark site</link></entry><entry level="1" type="bullet"><link ns0:type="simple" ns0:href="../495/9922495.xml">comparison refer manag softwar</link></entry></list></p></sec><sec><st>refer</st><p><list><entry level="1" type="bullet">robert jschke andrea hotho christoph schmitz and gerd stumm<weblink ns0:type="simple" ns0:href="http://www.springerlink.com/content/mq68202840487751/">analysi the public share behaviour bibsonomi</weblink>proc the conceptu structur knowledg architectur for smart applic springer</entry><entry level="1" type="bullet">andrea hotho and robert jschke and christoph schmitz and gerd stumm<weblink ns0:type="simple" ns0:href="http://www.springerlink.com/content/r8313654k80v7231">inform retriev folksonomi search and rank</weblink>proceed the european semant web confer springerbudva montenegro</entry></list></p></sec><sec><st>extern link</st><p><list><entry level="1" type="bullet"><weblink ns0:type="simple" ns0:href="http://www.bibsonomy.org/">offici site</weblink></entry></list></p></sec></bdy></article>