<article xmlns:ns0="http://www.w3.org/1999/xlink"><entity confidence="0.9511911446218017" wordnetid="100001740"><header><title>fasta</title><id /><revision><id /><timestamp /><contributor><username>thorwald</username><id /></contributor></revision><categories><category>bioinformat softwar</category><category>comput phylogenet</category><category>bioinformat</category></categories></header><bdy><template><name>infobox softwar</name><parameters><genre>bioinformat tool</genre><licence>free for academ user</licence><website><weblink ns0:type="simple" ns0:href="http://fasta.bioch.virginia.edu/">fastabiochvirginiaedu</weblink></website><latest_release_version /><developer>pearson</developer><name>fasta</name><operating_system><link ns0:type="simple" ns0:href="../642/31642.xml">unix</link><O wordnetid="106832680" confidence="0.9508927676800064"><link ns0:type="simple" ns0:href="../297/6097297.xml">linux</link></O><link ns0:type="simple" ns0:href="../979/19006979.xml">mac</link><link ns0:type="simple" ns0:href="../890/18890.xml">mswindow</link></operating_system></parameters></template><p>fasta<link ns0:type="simple" ns0:href="../955/7955.xml">dna</link>and<link ns0:type="simple" ns0:href="../634/23634.xml">protein</link><link ns0:type="simple" ns0:href="../289/149289.xml">sequenc align</link>softwar packag first describ fastp<physical_entity wordnetid="100001930" confidence="0.8"><person wordnetid="100007846" confidence="0.8"><biologist wordnetid="109855630" confidence="0.8"><causal_agent wordnetid="100007347" confidence="0.8"><scientist wordnetid="110560637" confidence="0.8"><link ns0:type="simple" ns0:href="../950/6700950.xml">david lipman</link></scientist></causal_agent></biologist></person></physical_entity>and<link>william pearson</link>the articl<weblink ns0:type="simple" ns0:href="http://www.ncbi.nlm.nih.gov/entrez/query.fcgi?cmd=Retrieve db=pubmed dopt=Abstract list_uids=2983426">rapid and sensit protein similar search</weblink>the origin fastp program design for protein sequenc similar search fasta describ<weblink ns0:type="simple" ns0:href="http://www.ncbi.nlm.nih.gov/entrez/query.fcgi?cmd=Retrieve db=pubmed dopt=Abstract list_uids=3162770">improv tool for biolog sequenc comparison</weblink>the abil dnadna search translat proteindna search and also provid more sophist shuffl program for evalu statist signific there are sever program thi packag that allow the align<link ns0:type="simple" ns0:href="../634/23634.xml">protein</link>sequenc and dna sequenc fasta pronounc fastay and stand for fastal becaus work with ani alphabet extens fastp protein and fastn nucleotid align</p><p>the current fasta packag contain program for proteinprotein dnadna proteintransl dna with frameshift and order unord peptid search recent version the fasta packag includ special translat search algorithm that correctli handl frameshift error which sixframetransl search not handl veri well when compar nucleotid protein sequenc data</p><p>addit rapid heurist search method the fasta packag provid ssearch implement the optim<event wordnetid="100029378" confidence="0.8"><rule wordnetid="105846932" confidence="0.8"><act wordnetid="100030358" confidence="0.8"><psychological_feature wordnetid="100023100" confidence="0.8"><procedure wordnetid="101023820" confidence="0.8"><activity wordnetid="100407535" confidence="0.8"><algorithm wordnetid="105847438" confidence="0.8"><link ns0:type="simple" ns0:href="../195/1606195.xml">smithwaterman algorithm</link></algorithm></activity></procedure></psychological_feature></act></rule></event>major focu the packag the calcul accur similar statist that biologist can judg whether align like have occur chanc whether can use infer<link ns0:type="simple" ns0:href="../431/142431.xml">homolog</link>the fasta packag avail from<weblink ns0:type="simple" ns0:href="http://fasta.bioch.virginia.edu/">fastabiochvirginiaedu</weblink></p><p>the<weblink ns0:type="simple" ns0:href="http://www.ebi.ac.uk/fasta">webinterfac</weblink>submit sequenc for run search the<institute wordnetid="108407330" confidence="0.8"><association wordnetid="108049401" confidence="0.8"><link ns0:type="simple" ns0:href="../296/2056296.xml">european bioinformat institut ebi</link></association></institute>onlin databas also avail use the fasta program</p><p>the<link ns0:type="simple" ns0:href="../001/468001.xml">fasta file format</link>use input for thi softwar now larg use other sequenc databas search tool such<link ns0:type="simple" ns0:href="../695/363695.xml">blast</link>and sequenc align program<link ns0:type="simple" ns0:href="../990/1976990.xml">clustal</link><link ns0:type="simple" ns0:href="../633/4344633.xml">tcoffe</link></p><sec><st>search method</st><p>fasta take given nucleotid aminoacid sequenc and search correspond sequenc databas use<link ns0:type="simple" ns0:href="../289/149289.xml#xpointer(//*[./st=%22Local+alignment%22])">local sequenc align</link>find match similar databas sequenc</p><p>the fasta program follow larg heurist method which contribut the high speed execut initi observ the pattern word hit wordtoword match given length and mark potenti match befor perform more timeconsum optim search use<event wordnetid="100029378" confidence="0.8"><rule wordnetid="105846932" confidence="0.8"><act wordnetid="100030358" confidence="0.8"><psychological_feature wordnetid="100023100" confidence="0.8"><procedure wordnetid="101023820" confidence="0.8"><activity wordnetid="100407535" confidence="0.8"><algorithm wordnetid="105847438" confidence="0.8"><link ns0:type="simple" ns0:href="../195/1606195.xml">smithwaterman</link></algorithm></activity></procedure></psychological_feature></act></rule></event>type algorithm the size taken for word given the paramet ktup control the sensit and speed the program increas the ktup valu decreas number background hit that are found from the word hit that are return the program look for segment that contain cluster nearbi hit then investig these segment for possibl match</p><p><image location="right" width="150px" src="Document_html_47f1ed1b.gif" type="frame"><caption>diagram from book<weblink ns0:type="simple" ns0:href="http://search.barnesandnoble.com/bookSearch/isbnInquiry.asp?r=1 isbn=0199634963">protein structur predict practic approach</weblink>from chapter<weblink ns0:type="simple" ns0:href="http://www.compbio.dundee.ac.uk/ftp/preprints/review93/review93.pdf">protein sequenc align and databas scan</weblink></caption></image>there are some differ between fastn and fastp relat the type sequenc use but both use four step and calcul three score describ and format the sequenc similar result these are<list><entry level="1" type="bullet">identifi region highest densiti each sequenc comparison take ktup equal</entry><entry level="1" type="indent">thi step all group the ident between two sequenc are found use look tabl the ktup valu determin how mani consecut ident are requir for match declar thu the lesser the ktup valu the more sensit the search ktup frequent taken user for protein sequenc and ktup for nucleotid sequenc short oligonucleotid are usual run with ktup the program then find all similar local region repres diagon certain length dot plot between the two sequenc count ktup match and penal for interven mismatch thi way local region highest densiti match diagon are isol from background hit for protein sequenc<link ns0:type="simple" ns0:href="../225/363225.xml#xpointer(//*[./st=%22BLOSUM%22])">blosum</link>valu are use for score ktup match thi ensur that group ident with high similar score contribut more the local diagon score than ident with low similar score nucleotid sequenc use the<link ns0:type="simple" ns0:href="../225/363225.xml#xpointer(//*[./st=%22Identity+matrix%22])">ident matrix</link>for the same purpos the best local region select from all the diagon put togeth are then save</entry></list></p><p><list><entry level="1" type="bullet">rescan the region taken use the score matric trim the end the region includ onli those contribut the highest score</entry><entry level="1" type="indent">rescan the region taken thi time use the relev score matrix while rescor allow run ident shorter than the ktup valu also while rescor conserv replac that contribut the similar score are taken though protein sequenc use the<link ns0:type="simple" ns0:href="../225/363225.xml#xpointer(//*[./st=%22BLOSUM%22])">blosum</link>matrix score matric base the minimum number base chang requir for specif replac ident alon altern measur similar such<link>pam</link>can also use with the program for each the diagon region rescan thi way subregion with the maximum score identifi the initi score found step are use rank the librari sequenc the highest score refer init score</entry></list></p><p><list><entry level="1" type="bullet">align sever initi region with score greater than cutoff valu are found check whether the trim initi region can join form approxim align with gap calcul similar score that the sum the join region penalis for each gap point thi initi similar score initn use rank the librari sequenc the score the singl best initi region found step report init</entry><entry level="1" type="indent">here the program calcul optim align initi region combin compat region with maxim score thi optim align initi region can rapidili calcul use dynam program algorithm the result score initn use rank the librari sequencesthi join process increas sensit but decreas select care calcul cutoff valu thu use control where thi step implement valu that approxim one<link ns0:type="simple" ns0:href="../590/27590.xml">standard deviat</link>abov the averag score expect from unrel sequenc the librari residu queri sequenc with ktup use valu</entry></list></p><p><list><entry level="1" type="bullet">use band<link ns0:type="simple" ns0:href="../195/1606195.xml">smithwaterman</link>algorithm calcul optim score for align</entry><entry level="1" type="indent">thi step use band<link ns0:type="simple" ns0:href="../195/1606195.xml">smithwaterman</link>algorithm creat optimis score opt for each align queri sequenc databaselibrari sequenc take band residu center the init region step for calcul the optim align after all sequenc are search the program plot the initi score each databas sequenc<link ns0:type="simple" ns0:href="../266/13266.xml">histogram</link>and calcul the statist signific the opt score for protein sequenc the final align produc use full<link ns0:type="simple" ns0:href="../195/1606195.xml">smithwaterman</link>align for dna sequenc band align provid</entry></list></p></sec><sec><st>see also</st><p><list><entry level="1" type="bullet"><link ns0:type="simple" ns0:href="../695/363695.xml">blast</link></entry><entry level="1" type="bullet"><link ns0:type="simple" ns0:href="../001/468001.xml">fasta format</link></entry><entry level="1" type="bullet"><link ns0:type="simple" ns0:href="../289/149289.xml">sequenc align</link></entry><entry level="1" type="bullet"><link ns0:type="simple" ns0:href="../900/5806900.xml">sequenc align softwar</link></entry><entry level="1" type="bullet"><link ns0:type="simple" ns0:href="../366/1319366.xml">sequenc profil tool</link></entry></list></p></sec><sec><st>extern link</st><p><list><entry level="1" type="bullet"><weblink ns0:type="simple" ns0:href="http://fasta.bioch.virginia.edu/fasta_www2/fasta_list2.shtml">fasta websit</weblink></entry><entry level="1" type="bullet"><weblink ns0:type="simple" ns0:href="http://www.ebi.ac.uk/Tools/fasta">ebi fasta page</weblink><institute wordnetid="108407330" confidence="0.8"><association wordnetid="108049401" confidence="0.8"><link>ebi</link></association></institute>page for access fasta servic</entry></list></p></sec></bdy></entity></article>