<article xmlns:ns0="http://www.w3.org/1999/xlink"><trial confidence="0.9511911446218017" wordnetid="105799212"><header><title>solovaystrassen primal test</title><id /><revision><id /><timestamp /><contributor><username>arcan</username><id /></contributor></revision><categories><category>modular arithmet</category><category>primal test</category></categories></header><bdy>the solovaystrassen<link ns0:type="simple" ns0:href="../751/183751.xml">primal test</link>develop<physical_entity wordnetid="100001930" confidence="0.8"><expert wordnetid="109617867" confidence="0.8"><person wordnetid="100007846" confidence="0.8"><theorist wordnetid="110706812" confidence="0.8"><intellectual wordnetid="109621545" confidence="0.8"><causal_agent wordnetid="100007347" confidence="0.8"><scientist wordnetid="110560637" confidence="0.8"><mathematician wordnetid="110301261" confidence="0.8"><logician wordnetid="110269785" confidence="0.8"><link ns0:type="simple" ns0:href="../110/3160110.xml">robert solovay</link></logician></mathematician></scientist></causal_agent></intellectual></theorist></person></expert></physical_entity>and<physical_entity wordnetid="100001930" confidence="0.8"><person wordnetid="100007846" confidence="0.8"><causal_agent wordnetid="100007347" confidence="0.8"><scientist wordnetid="110560637" confidence="0.8"><mathematician wordnetid="110301261" confidence="0.8"><link ns0:type="simple" ns0:href="../960/771960.xml">volker strassen</link></mathematician></scientist></causal_agent></person></physical_entity><link ns0:type="simple" ns0:href="../383/495383.xml">probabilist</link>test determin number<link ns0:type="simple" ns0:href="../289/82289.xml">composit</link>probabl prime been larg supersed the<link>millerrabin primal test</link>but great histor import show the practic feasibl the<link ns0:type="simple" ns0:href="../385/25385.xml">rsa</link><link ns0:type="simple" ns0:href="../383/506383.xml">cryptosystem</link><sec><st>concept</st><p><person wordnetid="100007846" confidence="0.9508927676800064"><scientist wordnetid="110560637" confidence="0.9508927676800064"><link ns0:type="simple" ns0:href="../902/17902.xml">euler</link></scientist></person>prove that for odd<link ns0:type="simple" ns0:href="../666/23666.xml">prime number</link>and ani integ</p><p><indent level="1"><math>equiv leftfracapright pmod</math></indent>where</p><p><indent level="1"><math>leftfracapright</math></indent>the<link ns0:type="simple" ns0:href="../567/18567.xml">legendr symbol</link>the<link ns0:type="simple" ns0:href="../313/97313.xml">jacobi symbol</link>generalis the legendr symbol</p><p><indent level="1"><math>leftfracanright</math></indent>where can ani odd integ the jacobi symbol can comput time olog use jacobi gener<link ns0:type="simple" ns0:href="../272/25272.xml">law quadrat reciproc</link></p><p>given odd number can contempl whether not the congruenc</p><p><indent level="1"><math>equiv leftfracanright pmod</math></indent>hold for variou valu the base prime then thi congruenc true for all pick valu random and test the congruenc then soon find which doesnt fit the congruenc know that not prime but thi doe not tell nontrivi factor</p><p>call base euler wit for the abov congruenc with the jacobi symbol doe not hold that say that wit for the composit for everi composit odd least half all base</p><p><indent level="1"><math>mathbbznmathbbz</math></indent>are euler wit thi contrast with the<process wordnetid="105701363" confidence="0.8"><inquiry wordnetid="105797597" confidence="0.8"><thinking wordnetid="105770926" confidence="0.8"><problem_solving wordnetid="105796750" confidence="0.8"><experiment wordnetid="105798043" confidence="0.8"><trial wordnetid="105799212" confidence="0.8"><higher_cognitive_process wordnetid="105770664" confidence="0.8"><link ns0:type="simple" ns0:href="../755/157755.xml">fermat primal test</link></higher_cognitive_process></trial></experiment></problem_solving></thinking></inquiry></process>for which the proport wit may much smaller therefor there are odd composit without lot wit unlik the case<series wordnetid="108457976" confidence="0.8"><arrangement wordnetid="107938773" confidence="0.8"><sequence wordnetid="108459252" confidence="0.8"><ordering wordnetid="108456993" confidence="0.8"><group wordnetid="100031264" confidence="0.8"><link ns0:type="simple" ns0:href="../723/7723.xml">carmichael number</link></group></ordering></sequence></arrangement></series>for fermat test</p></sec><sec><st>algorithm and run time</st><p>the algorithm can written follow<indent level="1">input valu test for primal paramet that determin the accuraci the test</indent>output composit composit otherwis probabl prime<indent level="1">repeat time</indent>choos random the interv<indent level="2" />minu mod then return composit<indent level="1">return probabl prime</indent>use fast algorithm for<link ns0:type="simple" ns0:href="../032/903032.xml">modular exponenti</link>the run time thi algorithm<math>mathcal time log</math>where the number round that random choic base and the valu want test for primal</p><p>possibl for the algorithm fail that return incorrect answer the input inde prime then the output will alway correctli probabl prime howev the input composit then possibl for the output incorrectli probabl prime the probabl failur most for purpos<link ns0:type="simple" ns0:href="../432/18934432.xml">cryptographi</link>pick suffici larg valu such the chanc the algorithm fail thi way small that can use the prime cryptograph applic without worri</p></sec><sec><st>averagecas behaviour</st><p>the bound the error probabl singl round the solovaystrassen test hold for ani input but those number for which the bound approxim attain are extrem rare the averag the error probabl the algorithm significantli smaller less than</p><p><indent level="1"><math>kexpleftofraclog xlogloglog xloglog xright</math></indent>for round the test appli uniformli random<ref ns0:type="simple" ns0:href="#xpointer(//reflist/entry[@id=%221%22])" /><ref ns0:type="simple" ns0:href="#xpointer(//reflist/entry[@id=%222%22])" />the same bound also appli the relat problem what the condit probabl composit for random number which been declar prime round the test</p></sec><sec><st>complex</st><p>the solovay strassen algorithm show that the<link ns0:type="simple" ns0:href="../336/8336.xml">decis problem</link>composit the<link ns0:type="simple" ns0:href="../426/502426.xml">complex class</link><class wordnetid="107997703" confidence="0.8"><collection wordnetid="107951464" confidence="0.8"><group wordnetid="100031264" confidence="0.8"><link ns0:type="simple" ns0:href="../771/54771.xml" /></group></collection></class><ref ns0:type="simple" ns0:href="#xpointer(//reflist/entry[@id=%223%22])" /></p></sec><sec><st>refer</st><p><reflist><entry id="1"><cite style="font-style:normal">erd pomer the number fals wit for composit number mathemat comput<document wordnetid="106470073" confidence="0.8"><written_communication wordnetid="106349220" confidence="0.8"><writing wordnetid="106362953" confidence="0.8"><link ns0:type="simple" ns0:href="../994/422994.xml">doi</link></writing></written_communication></document><weblink ns0:type="simple" ns0:href="http://dx.doi.org/10.2307%2F2008231" /></cite></entry><entry id="2"><cite style="font-style:normal">damgrd landrock pomer averag case error estim for the strong probabl prime test mathemat comput<document wordnetid="106470073" confidence="0.8"><written_communication wordnetid="106349220" confidence="0.8"><writing wordnetid="106362953" confidence="0.8"><link ns0:type="simple" ns0:href="../994/422994.xml">doi</link></writing></written_communication></document><weblink ns0:type="simple" ns0:href="http://dx.doi.org/10.2307%2F2152945" /></cite></entry><entry id="3"><cite style="font-style:normal" class="book">motwani raghavan random algorithm cambridg univers press isbn</cite></entry></reflist><list><entry level="1" type="bullet"><cite style="font-style:normal">robert solovay volker strassen fast montecarlo test for primal siam journal comput<document wordnetid="106470073" confidence="0.8"><written_communication wordnetid="106349220" confidence="0.8"><writing wordnetid="106362953" confidence="0.8"><link ns0:type="simple" ns0:href="../994/422994.xml">doi</link></writing></written_communication></document><weblink ns0:type="simple" ns0:href="http://dx.doi.org/10.1137%2F0206006" /></cite></entry><entry level="1" type="bullet">martin dietzfelbing primal test polynomi time from random algorithm prime section seri lectur note comput scienc vol</entry></list></p><p><table style=";" class="navbox" cellspacing="0"><row><col style="padding:2px;"><table style="width:100%;background:transparent;color:inherit;;" class="nowraplinks collapsible uncollapsed " cellspacing="0"><row><header colspan="2" style=";" class="navbox-title"><link ns0:type="simple" ns0:href="../527/21527.xml">numbertheoret</link><link ns0:type="simple" ns0:href="../775/775.xml">algorithm</link></header></row><row style="height:2px;" /><row><col style=";;" class="navbox-group"><link ns0:type="simple" ns0:href="../751/183751.xml">primal test</link></col><col style="text-align:left;border-left:2px solid #fdfdfd;width:100%;padding:0px;;;" class="navbox-list navbox-odd"><process wordnetid="105701363" confidence="0.8"><institute wordnetid="108407330" confidence="0.8"><inquiry wordnetid="105797597" confidence="0.8"><thinking wordnetid="105770926" confidence="0.8"><association wordnetid="108049401" confidence="0.8"><problem_solving wordnetid="105796750" confidence="0.8"><experiment wordnetid="105798043" confidence="0.8"><trial wordnetid="105799212" confidence="0.8"><higher_cognitive_process wordnetid="105770664" confidence="0.8"><link ns0:type="simple" ns0:href="../847/405847.xml" /></higher_cognitive_process></trial></experiment></problem_solving></association></thinking></inquiry></institute></process><link>apr</link><process wordnetid="105701363" confidence="0.8"><inquiry wordnetid="105797597" confidence="0.8"><thinking wordnetid="105770926" confidence="0.8"><problem_solving wordnetid="105796750" confidence="0.8"><experiment wordnetid="105798043" confidence="0.8"><trial wordnetid="105799212" confidence="0.8"><higher_cognitive_process wordnetid="105770664" confidence="0.8"><link ns0:type="simple" ns0:href="../890/3609890.xml">balliepsw</link></higher_cognitive_process></trial></experiment></problem_solving></thinking></inquiry></process><process wordnetid="105701363" confidence="0.8"><curve wordnetid="113867641" confidence="0.8"><inquiry wordnetid="105797597" confidence="0.8"><thinking wordnetid="105770926" confidence="0.8"><problem_solving wordnetid="105796750" confidence="0.8"><experiment wordnetid="105798043" confidence="0.8"><line wordnetid="113863771" confidence="0.8"><shape wordnetid="100027807" confidence="0.8"><trial wordnetid="105799212" confidence="0.8"><higher_cognitive_process wordnetid="105770664" confidence="0.8"><link ns0:type="simple" ns0:href="../015/4049015.xml">ecpp</link></higher_cognitive_process></trial></shape></line></experiment></problem_solving></thinking></inquiry></curve></process><process wordnetid="105701363" confidence="0.8"><inquiry wordnetid="105797597" confidence="0.8"><thinking wordnetid="105770926" confidence="0.8"><problem_solving wordnetid="105796750" confidence="0.8"><experiment wordnetid="105798043" confidence="0.8"><trial wordnetid="105799212" confidence="0.8"><higher_cognitive_process wordnetid="105770664" confidence="0.8"><link ns0:type="simple" ns0:href="../755/157755.xml">fermat</link></higher_cognitive_process></trial></experiment></problem_solving></thinking></inquiry></process><link>lucaslehm</link><link>lucaslehm mersenn number</link><process wordnetid="105701363" confidence="0.8"><inquiry wordnetid="105797597" confidence="0.8"><thinking wordnetid="105770926" confidence="0.8"><problem_solving wordnetid="105796750" confidence="0.8"><experiment wordnetid="105798043" confidence="0.8"><trial wordnetid="105799212" confidence="0.8"><higher_cognitive_process wordnetid="105770664" confidence="0.8"><link ns0:type="simple" ns0:href="../861/15371861.xml">lucaslehmerriesel</link></higher_cognitive_process></trial></experiment></problem_solving></thinking></inquiry></process><statement wordnetid="106722453" confidence="0.8"><process wordnetid="105701363" confidence="0.8"><message wordnetid="106598915" confidence="0.8"><inquiry wordnetid="105797597" confidence="0.8"><thinking wordnetid="105770926" confidence="0.8"><theorem wordnetid="106752293" confidence="0.8"><problem_solving wordnetid="105796750" confidence="0.8"><experiment wordnetid="105798043" confidence="0.8"><proposition wordnetid="106750804" confidence="0.8"><trial wordnetid="105799212" confidence="0.8"><higher_cognitive_process wordnetid="105770664" confidence="0.8"><link ns0:type="simple" ns0:href="../985/3225985.xml">proth theorem</link></higher_cognitive_process></trial></proposition></experiment></problem_solving></theorem></thinking></inquiry></message></process></statement><link>ppin</link><link>solovaystrassen</link><link>millerrabin</link><problem_solving wordnetid="105796750" confidence="0.8"><algorithm wordnetid="105847438" confidence="0.8"><process wordnetid="105701363" confidence="0.8"><inquiry wordnetid="105797597" confidence="0.8"><thinking wordnetid="105770926" confidence="0.8"><event wordnetid="100029378" confidence="0.8"><experiment wordnetid="105798043" confidence="0.8"><rule wordnetid="105846932" confidence="0.8"><act wordnetid="100030358" confidence="0.8"><trial wordnetid="105799212" confidence="0.8"><psychological_feature wordnetid="100023100" confidence="0.8"><activity wordnetid="100407535" confidence="0.8"><procedure wordnetid="101023820" confidence="0.8"><higher_cognitive_process wordnetid="105770664" confidence="0.8"><link ns0:type="simple" ns0:href="../660/557660.xml">trial divis</link></higher_cognitive_process></procedure></activity></psychological_feature></trial></act></rule></experiment></event></thinking></inquiry></process></algorithm></problem_solving></col></row><row style="height:2px" /><row><col style=";;" class="navbox-group">siev algorithm</col><col style="text-align:left;border-left:2px solid #fdfdfd;width:100%;padding:0px;;;" class="navbox-list navbox-even"><process wordnetid="105701363" confidence="0.8"><inquiry wordnetid="105797597" confidence="0.8"><thinking wordnetid="105770926" confidence="0.8"><problem_solving wordnetid="105796750" confidence="0.8"><experiment wordnetid="105798043" confidence="0.8"><trial wordnetid="105799212" confidence="0.8"><higher_cognitive_process wordnetid="105770664" confidence="0.8"><link ns0:type="simple" ns0:href="../920/2150920.xml">siev atkin</link></higher_cognitive_process></trial></experiment></problem_solving></thinking></inquiry></process><process wordnetid="105701363" confidence="0.8"><inquiry wordnetid="105797597" confidence="0.8"><thinking wordnetid="105770926" confidence="0.8"><problem_solving wordnetid="105796750" confidence="0.8"><experiment wordnetid="105798043" confidence="0.8"><trial wordnetid="105799212" confidence="0.8"><higher_cognitive_process wordnetid="105770664" confidence="0.8"><link ns0:type="simple" ns0:href="../415/73415.xml">siev eratosthen</link></higher_cognitive_process></trial></experiment></problem_solving></thinking></inquiry></process><process wordnetid="105701363" confidence="0.8"><inquiry wordnetid="105797597" confidence="0.8"><thinking wordnetid="105770926" confidence="0.8"><problem_solving wordnetid="105796750" confidence="0.8"><experiment wordnetid="105798043" confidence="0.8"><trial wordnetid="105799212" confidence="0.8"><higher_cognitive_process wordnetid="105770664" confidence="0.8"><link ns0:type="simple" ns0:href="../330/14517330.xml">siev sundaram</link></higher_cognitive_process></trial></experiment></problem_solving></thinking></inquiry></process><process wordnetid="105701363" confidence="0.8"><inquiry wordnetid="105797597" confidence="0.8"><thinking wordnetid="105770926" confidence="0.8"><problem_solving wordnetid="105796750" confidence="0.8"><experiment wordnetid="105798043" confidence="0.8"><trial wordnetid="105799212" confidence="0.8"><higher_cognitive_process wordnetid="105770664" confidence="0.8"><link ns0:type="simple" ns0:href="../216/4621216.xml">wheel factor</link></higher_cognitive_process></trial></experiment></problem_solving></thinking></inquiry></process></col></row><row style="height:2px" /><row><col style=";;" class="navbox-group"><statement wordnetid="106722453" confidence="0.8"><message wordnetid="106598915" confidence="0.8"><premise wordnetid="106753800" confidence="0.8"><postulate wordnetid="106753299" confidence="0.8"><proposition wordnetid="106750804" confidence="0.8"><link ns0:type="simple" ns0:href="../491/15491.xml">integ factor</link></proposition></postulate></premise></message></statement>algorithm</col><col style="text-align:left;border-left:2px solid #fdfdfd;width:100%;padding:0px;;;" class="navbox-list navbox-odd"><link ns0:type="simple" ns0:href="../392/1335392.xml">cfrac</link><event wordnetid="100029378" confidence="0.8"><rule wordnetid="105846932" confidence="0.8"><act wordnetid="100030358" confidence="0.8"><psychological_feature wordnetid="100023100" confidence="0.8"><procedure wordnetid="101023820" confidence="0.8"><activity wordnetid="100407535" confidence="0.8"><algorithm wordnetid="105847438" confidence="0.8"><link ns0:type="simple" ns0:href="../877/1033877.xml">dixon</link></algorithm></activity></procedure></psychological_feature></act></rule></event><region wordnetid="108630985" confidence="0.8"><field wordnetid="108569998" confidence="0.8"><location wordnetid="100027167" confidence="0.8"><tract wordnetid="108673395" confidence="0.8"><event wordnetid="100029378" confidence="0.8"><rule wordnetid="105846932" confidence="0.8"><geographical_area wordnetid="108574314" confidence="0.8"><act wordnetid="100030358" confidence="0.8"><psychological_feature wordnetid="100023100" confidence="0.8"><procedure wordnetid="101023820" confidence="0.8"><activity wordnetid="100407535" confidence="0.8"><algorithm wordnetid="105847438" confidence="0.8"><link ns0:type="simple" ns0:href="../212/154212.xml">ecm</link></algorithm></activity></procedure></psychological_feature></act></geographical_area></rule></event></tract></location></field></region><event wordnetid="100029378" confidence="0.8"><rule wordnetid="105846932" confidence="0.8"><act wordnetid="100030358" confidence="0.8"><psychological_feature wordnetid="100023100" confidence="0.8"><procedure wordnetid="101023820" confidence="0.8"><activity wordnetid="100407535" confidence="0.8"><algorithm wordnetid="105847438" confidence="0.8"><link ns0:type="simple" ns0:href="../069/15822069.xml">euler</link></algorithm></activity></procedure></psychological_feature></act></rule></event><event wordnetid="100029378" confidence="0.8"><rule wordnetid="105846932" confidence="0.8"><act wordnetid="100030358" confidence="0.8"><psychological_feature wordnetid="100023100" confidence="0.8"><procedure wordnetid="101023820" confidence="0.8"><activity wordnetid="100407535" confidence="0.8"><algorithm wordnetid="105847438" confidence="0.8"><link ns0:type="simple" ns0:href="../668/580668.xml">pollard rho</link></algorithm></activity></procedure></psychological_feature></act></rule></event><event wordnetid="100029378" confidence="0.8"><rule wordnetid="105846932" confidence="0.8"><act wordnetid="100030358" confidence="0.8"><psychological_feature wordnetid="100023100" confidence="0.8"><procedure wordnetid="101023820" confidence="0.8"><activity wordnetid="100407535" confidence="0.8"><algorithm wordnetid="105847438" confidence="0.8"><link ns0:type="simple" ns0:href="../753/578753.xml" /></algorithm></activity></procedure></psychological_feature></act></rule></event><event wordnetid="100029378" confidence="0.8"><rule wordnetid="105846932" confidence="0.8"><act wordnetid="100030358" confidence="0.8"><psychological_feature wordnetid="100023100" confidence="0.8"><procedure wordnetid="101023820" confidence="0.8"><activity wordnetid="100407535" confidence="0.8"><algorithm wordnetid="105847438" confidence="0.8"><link ns0:type="simple" ns0:href="../573/1916573.xml" /></algorithm></activity></procedure></psychological_feature></act></rule></event><link ns0:type="simple" ns0:href="../340/582340.xml" /><link ns0:type="simple" ns0:href="../734/152734.xml">gnf</link><link ns0:type="simple" ns0:href="../132/589132.xml">snf</link><link ns0:type="simple" ns0:href="../510/2608510.xml">ration siev</link><event wordnetid="100029378" confidence="0.8"><rule wordnetid="105846932" confidence="0.8"><act wordnetid="100030358" confidence="0.8"><psychological_feature wordnetid="100023100" confidence="0.8"><procedure wordnetid="101023820" confidence="0.8"><activity wordnetid="100407535" confidence="0.8"><algorithm wordnetid="105847438" confidence="0.8"><link ns0:type="simple" ns0:href="../433/2132433.xml">fermat</link></algorithm></activity></procedure></psychological_feature></act></rule></event><event wordnetid="100029378" confidence="0.8"><rule wordnetid="105846932" confidence="0.8"><act wordnetid="100030358" confidence="0.8"><psychological_feature wordnetid="100023100" confidence="0.8"><procedure wordnetid="101023820" confidence="0.8"><activity wordnetid="100407535" confidence="0.8"><algorithm wordnetid="105847438" confidence="0.8"><link ns0:type="simple" ns0:href="../328/3387328.xml">shank squar form</link></algorithm></activity></procedure></psychological_feature></act></rule></event><problem_solving wordnetid="105796750" confidence="0.8"><algorithm wordnetid="105847438" confidence="0.8"><process wordnetid="105701363" confidence="0.8"><inquiry wordnetid="105797597" confidence="0.8"><thinking wordnetid="105770926" confidence="0.8"><event wordnetid="100029378" confidence="0.8"><experiment wordnetid="105798043" confidence="0.8"><rule wordnetid="105846932" confidence="0.8"><act wordnetid="100030358" confidence="0.8"><trial wordnetid="105799212" confidence="0.8"><psychological_feature wordnetid="100023100" confidence="0.8"><activity wordnetid="100407535" confidence="0.8"><procedure wordnetid="101023820" confidence="0.8"><higher_cognitive_process wordnetid="105770664" confidence="0.8"><link ns0:type="simple" ns0:href="../660/557660.xml">trial divis</link></higher_cognitive_process></procedure></activity></psychological_feature></trial></act></rule></experiment></event></thinking></inquiry></process></algorithm></problem_solving><event wordnetid="100029378" confidence="0.8"><rule wordnetid="105846932" confidence="0.8"><act wordnetid="100030358" confidence="0.8"><psychological_feature wordnetid="100023100" confidence="0.8"><procedure wordnetid="101023820" confidence="0.8"><activity wordnetid="100407535" confidence="0.8"><algorithm wordnetid="105847438" confidence="0.8"><link ns0:type="simple" ns0:href="../674/42674.xml">shor algorithm</link></algorithm></activity></procedure></psychological_feature></act></rule></event></col></row><row style="height:2px" /><row><col style=";;" class="navbox-group">other algorithm</col><col style="text-align:left;border-left:2px solid #fdfdfd;width:100%;padding:0px;;;" class="navbox-list navbox-even"><event wordnetid="100029378" confidence="0.8"><rule wordnetid="105846932" confidence="0.8"><act wordnetid="100030358" confidence="0.8"><psychological_feature wordnetid="100023100" confidence="0.8"><procedure wordnetid="101023820" confidence="0.8"><activity wordnetid="100407535" confidence="0.8"><algorithm wordnetid="105847438" confidence="0.8"><link ns0:type="simple" ns0:href="../814/3975814.xml">ancient egyptian multipl</link></algorithm></activity></procedure></psychological_feature></act></rule></event><event wordnetid="100029378" confidence="0.8"><rule wordnetid="105846932" confidence="0.8"><act wordnetid="100030358" confidence="0.8"><psychological_feature wordnetid="100023100" confidence="0.8"><procedure wordnetid="101023820" confidence="0.8"><activity wordnetid="100407535" confidence="0.8"><algorithm wordnetid="105847438" confidence="0.8"><link ns0:type="simple" ns0:href="../197/4039197.xml">aryabhata</link></algorithm></activity></procedure></psychological_feature></act></rule></event><link ns0:type="simple" ns0:href="../410/985410.xml">binari gcd</link><link ns0:type="simple" ns0:href="../658/4050658.xml">chakravala</link><event wordnetid="100029378" confidence="0.8"><rule wordnetid="105846932" confidence="0.8"><act wordnetid="100030358" confidence="0.8"><psychological_feature wordnetid="100023100" confidence="0.8"><procedure wordnetid="101023820" confidence="0.8"><activity wordnetid="100407535" confidence="0.8"><algorithm wordnetid="105847438" confidence="0.8"><link ns0:type="simple" ns0:href="../377/10377.xml">euclidean</link></algorithm></activity></procedure></psychological_feature></act></rule></event><event wordnetid="100029378" confidence="0.8"><rule wordnetid="105846932" confidence="0.8"><act wordnetid="100030358" confidence="0.8"><psychological_feature wordnetid="100023100" confidence="0.8"><procedure wordnetid="101023820" confidence="0.8"><activity wordnetid="100407535" confidence="0.8"><algorithm wordnetid="105847438" confidence="0.8"><link ns0:type="simple" ns0:href="../438/99438.xml">extend euclidean</link></algorithm></activity></procedure></psychological_feature></act></rule></event><link ns0:type="simple" ns0:href="../054/13644054.xml">integ relat algorithm</link><link ns0:type="simple" ns0:href="../655/981655.xml">integ squar root</link><event wordnetid="100029378" confidence="0.8"><rule wordnetid="105846932" confidence="0.8"><act wordnetid="100030358" confidence="0.8"><psychological_feature wordnetid="100023100" confidence="0.8"><procedure wordnetid="101023820" confidence="0.8"><activity wordnetid="100407535" confidence="0.8"><algorithm wordnetid="105847438" confidence="0.8"><link ns0:type="simple" ns0:href="../032/903032.xml">modular exponenti</link></algorithm></activity></procedure></psychological_feature></act></rule></event><event wordnetid="100029378" confidence="0.8"><rule wordnetid="105846932" confidence="0.8"><act wordnetid="100030358" confidence="0.8"><psychological_feature wordnetid="100023100" confidence="0.8"><procedure wordnetid="101023820" confidence="0.8"><activity wordnetid="100407535" confidence="0.8"><algorithm wordnetid="105847438" confidence="0.8"><link ns0:type="simple" ns0:href="../375/3667375.xml">shankstonelli</link></algorithm></activity></procedure></psychological_feature></act></rule></event></col></row><row style="height:2px;" /><row><col colspan="2" style=";" class="navbox-abovebelow">ital indic that algorithm for number special form bold indic<link ns0:type="simple" ns0:href="../951/665951.xml">determinist algorithm</link>for primal test</col></row></table></col></row></table></p></sec></bdy></trial></article>