<article xmlns:ns0="http://www.w3.org/1999/xlink"><structure confidence="0.8" wordnetid="104341686"><building confidence="0.8" wordnetid="102913152"><artifact confidence="0.8" wordnetid="100021939"><restaurant confidence="0.8" wordnetid="104081281"><header><title>difara</title><id /><revision><id /><timestamp /><contributor><username>bottom spanker</username><id /></contributor></revision><categories><category>build and structur brooklyn</category><category>articl with topic unclear notabl from decemb</category><category>brooklyn</category><category>orphan articl from decemb</category><category>pizzeria</category><category>articl lack reliabl refer from decemb</category><category>all orphan articl</category><category>restaur new york citi</category><category>unit state articl miss geocoordin data</category><category>articl which may unencycloped</category></categories></header><bdy><table class="metadata plainlinks ambox "><row><col>amboxcont style</col></row><row><col class="mbox-image"><p><image width="40x40px" src="Ambox_content.png" /></p></col><col style="" class="mbox-text"><p>thi articl section multipl issu pleas help<weblink ns0:type="simple" ns0:href="http://localhost:18088/wiki/index.php?title=DiFara%27s action=edit">improv the articl</weblink>discuss these issu the<list><entry level="1" type="bullet">reli larg entir upon tag sinc decemb</entry><entry level="1" type="bullet">the thi articl subject question notabl can not establish may remov tag sinc decemb</entry><entry level="1" type="bullet">veri few other articl pleas help articl<weblink ns0:type="simple" ns0:href="http://www.google.com/search?hl=en as_qdr=all q=+site%3Aen.wikipedia.org+%22DiFara%26%2339%3Bs%22">relat topic</weblink>tag sinc decemb</entry><entry level="1" type="bullet">editor express concern that the articl tag sinc decemb</entry><entry level="1" type="bullet">may contain materi tag sinc april</entry></list></p></col></row></table><p>fara pizza locat<link ns0:type="simple" ns0:href="../739/564739.xml">midwood</link>larg orthodox jewish section<village wordnetid="108672738" confidence="0.9508927676800064"><link ns0:type="simple" ns0:href="../384/47384.xml">brooklyn</link></village><link ns0:type="simple" ns0:href="../131/8210131.xml" />and own and oper domenico demarco sinc favour review guidebook put the place the map regular slice for usd and pie for usd the ventur which open tuesday trough sunday form noon four and six nine should not visit peopl who see cleanli import featur</p><p>domenico demarco born emigr from the<region wordnetid="108630985" confidence="0.8"><administrative_district wordnetid="108491826" confidence="0.8"><location wordnetid="100027167" confidence="0.8"><state wordnetid="108654360" confidence="0.8"><district wordnetid="108552138" confidence="0.8"><link ns0:type="simple" ns0:href="../102/1418102.xml">provinc caserta</link></district></state></location></administrative_district></region><system wordnetid="108435388" confidence="0.8"><economy wordnetid="108366753" confidence="0.8"><group wordnetid="100031264" confidence="0.8"><link ns0:type="simple" ns0:href="../532/14532.xml">itali</link></group></economy></system>brooklyn open thi place with partner farina who bought out</p><p>the way demarco who make pizza day art and watch him while wait hour half the fun use fresh dough and the crispi the veri thin pizza nearcoaloven demarco use combin fresh and can san marzano tomato for the sauc extravirgin oliv oil three type mozzarella standard fior latt and buffalo befor serv the pizza top the pie with parmigianoreggiano and gener piec the basil and oregano which cut use pair scissor</p><sec><st>extern link</st><p><list><entry level="1" type="bullet"><weblink ns0:type="simple" ns0:href="http://www.difara.com/">fara pizza</weblink>offici websit</entry><entry level="1" type="bullet"><weblink ns0:type="simple" ns0:href="http://www.observer.com/2007/pizzeria-one-everything-except-health-department">the new york observ june</weblink>pizzeria one with everythingexcept the health depart</entry><entry level="1" type="bullet"><weblink ns0:type="simple" ns0:href="http://slice.seriouseats.com/archives/2007/04/the_dominator_hes_back.html">review slice</weblink>america favorit pizza weblog april</entry><entry level="1" type="bullet"><weblink ns0:type="simple" ns0:href="http://query.nytimes.com/gst/fullpage.html?res=9400E0DB153AF93BA25754C0A9629C8B63">new york time juli</weblink>domenico demarco told report jeff vandam secret the slice</entry><entry level="1" type="bullet"><weblink ns0:type="simple" ns0:href="http://www.youtube.com/watch?v=5Ebf6gD-UyU">what difara</weblink>short video about fara pizza</entry></list></p><p>coordin need</p></sec></bdy></restaurant></artifact></building></structure></article>