<article xmlns:ns0="http://www.w3.org/1999/xlink"><event confidence="0.8" wordnetid="100029378"><rule confidence="0.8" wordnetid="105846932"><act confidence="0.8" wordnetid="100030358"><psychological_feature confidence="0.8" wordnetid="100023100"><procedure confidence="0.8" wordnetid="101023820"><activity confidence="0.8" wordnetid="100407535"><algorithm confidence="0.8" wordnetid="105847438"><header><title>differ map algorithm</title><id /><revision><id /><timestamp /><contributor><username>gnfnrf</username><id /></contributor></revision><categories><category>search algorithm</category><category>constraint satisfact</category></categories></header><bdy>the differ map algorithm<link ns0:type="simple" ns0:href="../249/28249.xml">search algorithm</link>for gener<link ns0:type="simple" ns0:href="../966/949966.xml">constraint satisfact</link>problem<link ns0:type="simple" ns0:href="../458/774458.xml">metaalgorithm</link>the sens that built from more basic algorithm that perform<link ns0:type="simple" ns0:href="../182/519182.xml">project</link>onto<link ns0:type="simple" ns0:href="../540/7418540.xml">constraint</link>set from mathemat perspect the differ map algorithm<link ns0:type="simple" ns0:href="../087/9087.xml">dynam system</link>base<mathematical_relation wordnetid="113783581" confidence="0.8"><idea wordnetid="105833840" confidence="0.8"><concept wordnetid="105835747" confidence="0.8"><function wordnetid="113783816" confidence="0.8"><link ns0:type="simple" ns0:href="../931/516931.xml">map</link></function></concept></idea></mathematical_relation><link ns0:type="simple" ns0:href="../697/9697.xml">euclidean space</link>solut are encod<link ns0:type="simple" ns0:href="../738/449738.xml">fix point</link>the map<p>although origin conceiv gener method for solv the<link ns0:type="simple" ns0:href="../369/1531369.xml">phase problem</link>the differ map algorithm been use for the<link ns0:type="simple" ns0:href="../715/4715.xml">boolean satisfi problem</link><link ns0:type="simple" ns0:href="../769/306769.xml">protein structur predict</link><link>ramsey number</link><link ns0:type="simple" ns0:href="../109/9109.xml">diophantin equat</link>and<link ns0:type="simple" ns0:href="../807/1365807.xml">sudoku</link><ref ns0:type="simple" ns0:href="#xpointer(//reflist/entry[@id=%221%22])" />sinc these applic includ<class wordnetid="107997703" confidence="0.8"><collection wordnetid="107951464" confidence="0.8"><group wordnetid="100031264" confidence="0.8"><link ns0:type="simple" ns0:href="../466/39466.xml">npcomplet</link></group></collection></class>problem the scope the differ map that<link>incomplet algorithm</link>wherea incomplet algorithm can effici verifi solut onc candid found they can not prove that solut doe not exist</p><p>the differ map algorithm gener two<link ns0:type="simple" ns0:href="../237/15237.xml">iter method</link>fienup<link>hybrid inputoutput phase retriev algorithm</link><ref ns0:type="simple" ns0:href="#xpointer(//reflist/entry[@id=%222%22])" />and the<link>douglasrachford algorithm</link><ref ns0:type="simple" ns0:href="#xpointer(//reflist/entry[@id=%223%22])" />for<link ns0:type="simple" ns0:href="../411/1674411.xml">convex optim</link>iter method gener have long histori phase retriev and convex optim the use thi style algorithm for hard nonconvex problem more recent develop</p><sec><st>algorithm</st><p>the problem solv must first formul<link ns0:type="simple" ns0:href="../157/48157.xml">set intersect</link>problem euclidean space find the intersect set and anoth prerequisit implement the project and that given arbitrari input point return point the constraint set that nearest one iter the algorithm given the map</p><p><indent level="1">rarr beta fbx fax</indent><indent level="2">fax pax paxx beta</indent><indent level="2">fbx pbx pbxx beta</indent>the real paramet can have either sign optim valu depend the applic and are determin through experiment first guess the choic recommend becaus reduc the number project comput per iter</p><p><indent level="1">pbx pbx</indent>the progress the algorithm monitor inspect the norm the differ the two project</p><p><indent level="1">delta fbx fax</indent>when thi vanish fix point the map point common both constraint set been found and the algorithm termin the set fix point particular applic will normal have larg<link ns0:type="simple" ns0:href="../398/8398.xml">dimens</link>even when the solut set singl point</p></sec><sec><st>exampl logic satisfi</st><p>incomplet algorithm such stochast<event wordnetid="100029378" confidence="0.8"><rule wordnetid="105846932" confidence="0.8"><act wordnetid="100030358" confidence="0.8"><psychological_feature wordnetid="100023100" confidence="0.8"><procedure wordnetid="101023820" confidence="0.8"><activity wordnetid="100407535" confidence="0.8"><algorithm wordnetid="105847438" confidence="0.8"><link ns0:type="simple" ns0:href="../942/313942.xml">local search</link></algorithm></activity></procedure></psychological_feature></act></rule></event>are wide use for find satisfi truth assign boolean formula exampl solv instanc<link ns0:type="simple" ns0:href="../640/497640.xml">sat</link>with the differ map algorithm consid the follow formula indic not<indent level="1">and and and</indent>each the eight<link ns0:type="simple" ns0:href="../761/7792761.xml">liter</link>thi formula assign one real variabl eight dimension euclidean space the structur the sat formula can recov when these variabl are arrang tabl</p><p><indent level="1">classwikit center</indent>widthptx widthptx widthpt</p><p>row are the claus the sat formula and liter correspond the same boolean variabl are arrang column with negat indic parenthes for exampl the real variabl and correspond the same boolean variabl negat and are call replica conveni associ the valu and with true and fals rather than the tradit and with thi convent the compat between the replica take the form the follow linear equat</p><p><indent level="1" /><indent level="1" />the linear subspac where these equat are satisfi one the constraint space say use the differ map project thi constraint replac each replica the sign replica averag neg</p><p><indent level="1" />rarr rarr rarr</p><p>the second differ map constraint appli the row the tabl the claus satisfi assign the two variabl each row must assign the valu the correspond constraint set thu set point project thi constraint the follow oper appli each row first the two real valu are round then the outcom the larger the two origin valu replac exampl</p><p><indent level="1">rarr</indent>rarr</p><p>straightforward exercis check that both the project oper describ minim the euclidean distanc between input and output valu moreov the algorithm succe find point that lie both constraint set know the claus associ with are all true and the assign the replica are consist with truth assign the origin boolean variabl</p><p>run the algorithm one first gener initi point say</p><p><indent level="1">classwikit center</indent>widthpt widthpt widthpt</p><p>use the next step comput pbx</p><p><indent level="1">classwikit center</indent>widthpt widthpt widthpt</p><p>thi follow pbx</p><p><indent level="1">classwikit center</indent>widthpt widthpt widthpt</p><p>and then project onto the other constraint papbx</p><p><indent level="1">classwikit center</indent>widthpt widthpt widthpt</p><p>increment the differ the two project give the first iter the differ map</p><p><indent level="1">classwikit center</indent>widthpt widthpt widthpt</p><p>here the second iter</p><p><indent level="1">classwikit center</indent>widthpt widthpt widthpt</p><p>thi fix point the iter unchang becaus the two project agre from pbx</p><p><indent level="1">classwikit center</indent>widthpt widthpt widthpt</p><p>can read off the satisfi truth assign true fals true</p></sec><sec><st>chaotic dynam</st><p><image location="right" width="150px" src="3SAT.png" type="thumb"><caption>time seri the norm the differ map increment delta the cours solv random sat instanc with variabl and claus</caption></image></p><p>the simpl sat exampl abov the norm the differ map increment decreas monoton zero three iter thi contrast the behavior when the differ map given hard instanc<link ns0:type="simple" ns0:href="../715/4715.xml">sat</link>where fluctuat strongli prior the discoveri the fix point dynam system the differ map believ<idea wordnetid="105833840" confidence="0.8"><concept wordnetid="105835747" confidence="0.8"><link ns0:type="simple" ns0:href="../295/6295.xml">chaotic</link></concept></idea>and that the space search<link>strang attractor</link></p></sec><sec><st>phase retriev</st><p><image location="left" width="150px" src="Wiki_speckle.png" type="thumb"><caption>fourier transform modulu diffract pattern the wikipedia logo</caption></image></p><p>phase retriev signal imag reconstruct from the<link ns0:type="simple" ns0:href="../991/991.xml">modulu</link>absolut valu magnitud<link ns0:type="simple" ns0:href="../811/8811.xml">discret fourier transform</link>for exampl the sourc the modulu data may the<link ns0:type="simple" ns0:href="../986/799986.xml">fraunhof diffract</link>pattern form when object illumin with<link ns0:type="simple" ns0:href="../011/240011.xml">coher light</link></p><p>the project the fourier modulu constraint say accomplish first comput the discret fourier transform the signal imag rescal the moduli agre with the data and then invers transform the result thi project the sens that the euclidean distanc the constraint minim becaus the discret fourier transform<link ns0:type="simple" ns0:href="../007/236007.xml">unitari transform</link>preserv distanc and rescal the modulu without modifi the phase the smallest chang that realiz the modulu constraint</p><p>recov the unknown phase the fourier transform the differ map reli the project anoth constraint thi may take sever form the object reconstruct may known posit have bound<link ns0:type="simple" ns0:href="../013/381013.xml">support</link>etc the reconstruct the wikipedia logo for exampl the effect the project zero all valu outsid rectangular support and also zero all neg valu within the support</p></sec><sec><st>refer</st><p><reflist><entry id="1">elser rankenburg and thibault search with iter map<periodical wordnetid="106593296" confidence="0.9508927676800064"><link ns0:type="simple" ns0:href="../259/224259.xml">proceed the nation academi scienc</link></periodical>usa httpwwwpnasorgcgicontentshort</entry><entry id="2">fienup phase retriev algorithm comparison<work wordnetid="104599396" confidence="0.8"><product wordnetid="104007894" confidence="0.8"><creation wordnetid="103129123" confidence="0.8"><artifact wordnetid="100021939" confidence="0.8"><periodical wordnetid="106593296" confidence="0.8"><publication wordnetid="106589574" confidence="0.8"><link ns0:type="simple" ns0:href="../886/7059886.xml">appli optic</link></publication></periodical></artifact></creation></product></work></entry><entry id="3">bauschk combett and luke phase retriev error reduct algorithm and fienup variant view from convex optim<work wordnetid="104599396" confidence="0.8"><product wordnetid="104007894" confidence="0.8"><creation wordnetid="103129123" confidence="0.8"><artifact wordnetid="100021939" confidence="0.8"><periodical wordnetid="106593296" confidence="0.8"><publication wordnetid="106589574" confidence="0.8"><link ns0:type="simple" ns0:href="../419/9136419.xml">journal the optic societi america</link></publication></periodical></artifact></creation></product></work></entry></reflist></p></sec></bdy></algorithm></activity></procedure></psychological_feature></act></rule></event></article>