<article xmlns:ns0="http://www.w3.org/1999/xlink"><physical_entity confidence="0.8" wordnetid="100001930"><person confidence="0.8" wordnetid="100007846"><financier confidence="0.8" wordnetid="110090020"><capitalist confidence="0.8" wordnetid="109609232"><causal_agent confidence="0.8" wordnetid="100007347"><header><title>william ellsworth lee</title><id /><revision><id /><timestamp /><contributor><username>xnatedawgx</username><id /></contributor></revision><categories><category>birth</category><category>death</category><category>texaco</category><category>peopl the petroleum industri</category><category>american financi</category></categories></header><bdy><p>william ellsworth lee the brother<person wordnetid="100007846" confidence="0.9638700866880419"><link ns0:type="simple" ns0:href="../304/10109304.xml">thoma peter lee</link></person>born<social_group wordnetid="107950920" confidence="0.8"><gathering wordnetid="107975026" confidence="0.8"><community wordnetid="108223802" confidence="0.8"><group wordnetid="100031264" confidence="0.8"><link ns0:type="simple" ns0:href="../723/17101723.xml">petroleum west virginia</link></group></community></gathering></social_group>januari veri earli age began work the oil field and spent six year with the oil compani<region wordnetid="108630985" confidence="0.8"><administrative_district wordnetid="108491826" confidence="0.8"><location wordnetid="100027167" confidence="0.8"><district wordnetid="108552138" confidence="0.8"><country wordnetid="108544813" confidence="0.8"><link ns0:type="simple" ns0:href="../905/32905.xml">west virginia</link></country></district></location></administrative_district></region>befor move<region wordnetid="108630985" confidence="0.8"><administrative_district wordnetid="108491826" confidence="0.8"><location wordnetid="100027167" confidence="0.8"><district wordnetid="108552138" confidence="0.8"><country wordnetid="108544813" confidence="0.8"><link ns0:type="simple" ns0:href="../199/22199.xml">ohio</link></country></district></location></administrative_district></region>and then follow brother<link ns0:type="simple" ns0:href="../265/64265.xml">saratoga</link><physical_entity wordnetid="100001930" confidence="0.8"><causal_agent wordnetid="100007347" confidence="0.8"><link ns0:type="simple" ns0:href="../810/29810.xml">texa</link></causal_agent></physical_entity>marri margaret mcguigan nativ<link ns0:type="simple" ns0:href="../638/138638.xml">parkersburg</link>septemb and the coupl had six children william howard iren may thoma peter faustin ellen and the twin donald and ronald</p><p>after work for ten year with the<link>produc oil compani</link>bill lee resign and join the texa compani<oil_company wordnetid="108069241" confidence="0.8"><name wordnetid="106333653" confidence="0.8"><company wordnetid="108058098" confidence="0.8"><trade_name wordnetid="106845599" confidence="0.8"><part wordnetid="113809207" confidence="0.8"><language_unit wordnetid="106284225" confidence="0.8"><institution wordnetid="108053576" confidence="0.8"><link ns0:type="simple" ns0:href="../224/59224.xml">texaco</link></institution></language_unit></part></trade_name></company></name></oil_company>which assign him the<link ns0:type="simple" ns0:href="../993/135993.xml">sour lake</link>product divis when lee left the texa compani and vacat the posit gener superintend product bill thought that might promot that spot but anoth got the job though thoroughli sicken when thing did not work out plan stay with the compani onli the insist brother meanwhil still sought anoth area employ until final got wish</p><p>with the format the<link ns0:type="simple" ns0:href="../239/3730239.xml">yountle oil compani</link>lee gave him block stock the new ventur and thi afford him the opportun break away from the oil busi subsequ organ and becam presid the<link ns0:type="simple" ns0:href="../079/19489079.xml">citizen nation bank</link>sour lake texa which becam one the most promin financi institut hardin counti</p><p>bill lee grandson tommi lee iii describ grandfath larg man weigh about three hundr pound and with height about five feet eleven inch veri affection toward all famili member but closer lee than all the rest portray man extrem wealth with countri way bill lee maintain veget garden kept variou farm anim state houston home montros boulevard and enjoy spoil all children and grandchildren</p><p>after move from sour lake<link ns0:type="simple" ns0:href="../774/13774.xml">houston</link>lee devot himself invest becam distinguish financi member the<region wordnetid="108630985" confidence="0.8"><area wordnetid="108497294" confidence="0.8"><location wordnetid="100027167" confidence="0.8"><scene wordnetid="108645963" confidence="0.8"><venue wordnetid="108677628" confidence="0.8"><link ns0:type="simple" ns0:href="../406/12016406.xml">river oak countri club</link></venue></scene></location></area></region><link>houston club</link><link ns0:type="simple" ns0:href="../609/636609.xml">yacht club</link><link>mount oliv lodg</link>and<link ns0:type="simple" ns0:href="../638/138638.xml">parkersburg</link><region wordnetid="108630985" confidence="0.8"><administrative_district wordnetid="108491826" confidence="0.8"><location wordnetid="100027167" confidence="0.8"><district wordnetid="108552138" confidence="0.8"><country wordnetid="108544813" confidence="0.8"><link ns0:type="simple" ns0:href="../905/32905.xml">west virginia</link></country></district></location></administrative_district></region>and the<link>shrine</link>and<military_unit wordnetid="108198398" confidence="0.9508927676800064"><link ns0:type="simple" ns0:href="../869/16869.xml">knight templar</link></military_unit>bill lee live sixtynin year old and the time death octob brought bronchial pneumonia made resid montros boulevard houston like brother lee bill buri houston glenwood cemeteri</p><p>one bill daughter faustin marri<link ns0:type="simple" ns0:href="../734/8136734.xml">glenn herbert mccarthi</link>popularli known diamond glenn legendari wildcatt who built the world famou<structure wordnetid="104341686" confidence="0.8"><building wordnetid="102913152" confidence="0.8"><artifact wordnetid="100021939" confidence="0.8"><hotel wordnetid="103542333" confidence="0.8"><link ns0:type="simple" ns0:href="../814/8174814.xml">shamrock hotel</link></hotel></artifact></building></structure>houston purportedli mccarthi close friend howard hugh inspir the charact jett rink found edna ferber bestsel novel giant anoth bill lee children william howard marri into hollywood royalti not onc but twice first actress hedi lamarr from decemb until the coupl divorc and then gene tierney</p><p>sourc mckinley fred and greg riley black gold bluegrass from the oil field texa spindletop farm kentucki austin eakin press</p></bdy></causal_agent></capitalist></financier></person></physical_entity></article>