<article xmlns:ns0="http://www.w3.org/1999/xlink"><header><title>robot exclus standard</title><id /><revision><id /><timestamp /><contributor><username>xlinkbot</username><id /></contributor></revision><categories><category>world wide web</category></categories></header><bdy><indent level="1">for restrict wikipedia bot see</indent>the robot exclus standard also known the robot exclus protocol robotstxt protocol convent prevent cooper<link ns0:type="simple" ns0:href="../120/33120.xml">web spider</link>and other<link ns0:type="simple" ns0:href="../607/1569607.xml">web robot</link>from access all part<link ns0:type="simple" ns0:href="../898/33898.xml">websit</link>which otherwis publicli viewabl robot are often use<link ns0:type="simple" ns0:href="../023/4059023.xml">search engin</link>categor and archiv web site webmast proofread sourc code the standard complement<work wordnetid="100575741" confidence="0.8"><event wordnetid="100029378" confidence="0.8"><service wordnetid="100577525" confidence="0.8"><act wordnetid="100030358" confidence="0.8"><psychological_feature wordnetid="100023100" confidence="0.8"><activity wordnetid="100407535" confidence="0.8"><link ns0:type="simple" ns0:href="../978/2831978.xml">sitemap</link></activity></psychological_feature></act></service></event></work>robot inclus standard for websit<sec><st>about the standard</st><p>robotstxt file websit will function request that specifi robot ignor specifi file directori their search thi might for exampl out prefer for privaci from search engin result the belief that the content the select directori might mislead irrelev the categor the site whole out desir that applic onli oper certain data</p><p>for websit with multipl subdomain each subdomain must have own robotstxt file examplecom had robotstxt file but aexamplecom did not the rule that would appli for examplecom will not appli aexamplecom</p></sec><sec><st>disadvantag</st><p>the protocol howev pure advisori reli the cooper the<link ns0:type="simple" ns0:href="../607/1569607.xml">web robot</link>that mark area site out bound with robotstxt doe not guarante privaci some web site administr have tri use the robot file make privat part websit invis the rest the world but the file necessarili publicli avail and content easili check anyon with<link ns0:type="simple" ns0:href="../173/33173.xml">web browser</link></p><p>there offici standard bodi<link ns0:type="simple" ns0:href="../540/25540.xml">rfc</link>for the robotstxt protocol<weblink ns0:type="simple" ns0:href="http://www.robotstxt.org/wc/norobots.html">creat consensu</weblink><link ns0:type="simple" ns0:href="../337/18948337.xml">june</link>member the robot mail list robotsrequestnexorcouk the inform specifi the part that should not access specifi file call robotstxt the toplevel directori the websit the robotstxt pattern are match simpl substr comparison care should taken make sure that pattern match directori have the final charact append otherwis all file with name start with that substr will match rather than just those the directori intend</p></sec><sec><st>autom content access protocol</st><p><indent level="1">main articl<link ns0:type="simple" ns0:href="../572/7661572.xml">autom content access protocol</link></indent>acap which possibl<pause wordnetid="115271008" confidence="0.8"><extension wordnetid="115272382" confidence="0.8"><time_interval wordnetid="115269513" confidence="0.8"><word wordnetid="106286395" confidence="0.8"><delay wordnetid="115272029" confidence="0.8"><part wordnetid="113809207" confidence="0.8"><neologism wordnetid="106294441" confidence="0.8"><language_unit wordnetid="106284225" confidence="0.8"><link ns0:type="simple" ns0:href="../659/23659.xml">plugin</link></language_unit></neologism></part></delay></word></time_interval></extension></pause>for the robot exclus standard releas<link ns0:type="simple" ns0:href="../577/21577.xml">novemb</link><link ns0:type="simple" ns0:href="../165/36165.xml" /></p></sec><sec><st>robotstxt search engin</st><p>recent interest the percentag websit page that have robotstxt file and which specif robot are given privileg crawl specif websit file help understand these issu publicli avail robotstxt search engin<artifact wordnetid="100021939" confidence="0.8"><instrumentality wordnetid="103575240" confidence="0.8"><engine wordnetid="103287733" confidence="0.8"><motor wordnetid="103789946" confidence="0.8"><device wordnetid="103183080" confidence="0.8"><machine wordnetid="103699975" confidence="0.8"><link ns0:type="simple" ns0:href="../282/14783282.xml">botseer</link></machine></device></motor></engine></instrumentality></artifact>been develop search and index robotstxt file</p></sec><sec><st>exampl</st><p>thi exampl allow all robot visit all file becaus the wildcard specifi all robot</p><p>userag disallow</p><p>thi exampl keep all robot out</p><p>userag disallow</p><p>the next exampl that tell all crawler not enter four directori websit</p><p>userag disallow cgibin disallow imag disallow tmp disallow privat</p><p>exampl that tell specif crawler not enter one specif directori</p><p>userag badbot replac the badbot with the actual userag the bot disallow privat</p><p>exampl that tell all crawler not enter one specif file</p><p>userag disallow directoryfilehtml</p><p>note that all other file the specifi directori will process</p><p>exampl demonstr how comment can use</p><p><list><entry level="1" type="number">comment appear after the symbol the start line after direct</entry></list>userag match all bot disallow keep them out</p><ss1><st>compat</st><p>order prevent access all page robot not use</p><p>disallow not use use instead</p><p>thi not stabl standard extens</p><p>instead</p><p>disallow</p><p>should use</p></ss1></sec><sec><st>nonstandard extens</st><ss1><st>crawldelay direct</st><p>sever major crawler support crawldelay paramet set the number second wait between success request the same server<ref ns0:type="simple" ns0:href="#xpointer(//reflist/entry[@id=%221%22])" /><ref ns0:type="simple" ns0:href="#xpointer(//reflist/entry[@id=%222%22])" /></p><p>userag crawldelay</p></ss1><ss1><st>allow direct</st><p>some major crawler support allow direct which can counteract follow disallow direct<ref ns0:type="simple" ns0:href="#xpointer(//reflist/entry[@id=%223%22])" /><ref ns0:type="simple" ns0:href="#xpointer(//reflist/entry[@id=%224%22])" />thi use when you disallow entir directori but still want some html document that directori crawl and index should note that while standard the first match robotstxt pattern alway win googl implement differ that first evalu all allow pattern and onli then all disallow pattern yet order compat all robot you want allow singl file insid otherwis disallow directori you need place the allow direct first follow the disallow for exampl</p><p>allow foldermyfilehtml disallow folder</p><p>thi exampl will disallow anyth folder except foldermyfilehtml sinc the latter will match first case googl though the order not import</p></ss1></sec><sec><st>extend standard</st><p><weblink ns0:type="simple" ns0:href="http://www.conman.org/people/spc/robots2.html">extend standard for robot exclus</weblink>been propos which add sever new direct such visittim and requestr for exampl</p><p>userag disallow download requestr maximum rate one page everi second visittim onli visit between and utc gmt</p><p>the first version the robot exclus standard doe not mention anyth about the charact the disallow statement modern crawler like googlebot and slurp recogn string contain while msnbot and teoma interpret differ way<ref ns0:type="simple" ns0:href="#xpointer(//reflist/entry[@id=%225%22])" /></p></sec><sec><st>refer</st><p><reflist><entry id="1"><weblink ns0:type="simple" ns0:href="http://help.yahoo.com/l/us/yahoo/search/webcrawler/slurp-03.html">how can reduc the number request you make web site</weblink>html yahoo slurp retriev<link /></entry><entry id="2"><weblink ns0:type="simple" ns0:href="http://search.msn.com/docs/siteowner.aspx?t=SEARCH_WEBMASTER_FAQ_MSNBotIndexing.htm FORM=WFDD#D">msnbot crawl site too frequent</weblink>html troubleshoot issu with msnbot and site crawl retriev<link /></entry><entry id="3"><weblink ns0:type="simple" ns0:href="http://www.google.com/support/webmasters/bin/answer.py?answer=40364">webmast help center how block googlebot</weblink>html retriev<link /></entry><entry id="4"><weblink ns0:type="simple" ns0:href="http://help.yahoo.com/l/us/yahoo/search/webcrawler/slurp-02.html">how prevent site certain subdirectori from crawl yahoo search help</weblink>html retriev<link /></entry><entry id="5"><weblink ns0:type="simple" ns0:href="http://www.ghita.ro/article/23/web_robots_and_dynamic_content_issues.html#problems">web robot and dynam content issu</weblink>html msnbot issu with robotstxt retriev<link /></entry></reflist></p></sec><sec><st>see also</st><p><list><entry level="1" type="bullet"><event wordnetid="100029378" confidence="0.8"><rule wordnetid="105846932" confidence="0.8"><act wordnetid="100030358" confidence="0.8"><psychological_feature wordnetid="100023100" confidence="0.8"><procedure wordnetid="101023820" confidence="0.8"><activity wordnetid="100407535" confidence="0.8"><algorithm wordnetid="105847438" confidence="0.8"><link ns0:type="simple" ns0:href="../055/237055.xml">distribut web crawl</link></algorithm></activity></procedure></psychological_feature></act></rule></event></entry><entry level="1" type="bullet"><physical_entity wordnetid="100001930" confidence="0.8"><person wordnetid="100007846" confidence="0.8"><follower wordnetid="110099375" confidence="0.8"><flatterer wordnetid="110095869" confidence="0.8"><algorithm wordnetid="105847438" confidence="0.8"><sycophant wordnetid="110684827" confidence="0.8"><event wordnetid="100029378" confidence="0.8"><rule wordnetid="105846932" confidence="0.8"><causal_agent wordnetid="100007347" confidence="0.8"><act wordnetid="100030358" confidence="0.8"><psychological_feature wordnetid="100023100" confidence="0.8"><activity wordnetid="100407535" confidence="0.8"><procedure wordnetid="101023820" confidence="0.8"><link ns0:type="simple" ns0:href="../799/11442799.xml">focus crawler</link></procedure></activity></psychological_feature></act></causal_agent></rule></event></sycophant></algorithm></flatterer></follower></person></physical_entity></entry><entry level="1" type="bullet"><structure wordnetid="104341686" confidence="0.8"><artifact wordnetid="100021939" confidence="0.8"><area wordnetid="102735688" confidence="0.8"><facility wordnetid="103315023" confidence="0.8"><library wordnetid="103660909" confidence="0.8"><depository wordnetid="103177349" confidence="0.8"><archive wordnetid="102735086" confidence="0.8"><room wordnetid="104105893" confidence="0.8"><link ns0:type="simple" ns0:href="../931/176931.xml">internet archiv</link></room></archive></depository></library></facility></area></artifact></structure></entry><entry level="1" type="bullet"><structure wordnetid="104341686" confidence="0.8"><artifact wordnetid="100021939" confidence="0.8"><area wordnetid="102735688" confidence="0.8"><facility wordnetid="103315023" confidence="0.8"><library wordnetid="103660909" confidence="0.8"><depository wordnetid="103177349" confidence="0.8"><archive wordnetid="102735086" confidence="0.8"><room wordnetid="104105893" confidence="0.8"><link ns0:type="simple" ns0:href="../794/209794.xml">librari congress digit librari project</link></room></archive></depository></library></facility></area></artifact></structure></entry><entry level="1" type="bullet"><link ns0:type="simple" ns0:href="../687/5730687.xml">nation digit inform infrastructur and preserv program</link></entry><entry level="1" type="bullet"><link ns0:type="simple" ns0:href="../830/528830.xml#xpointer(//*[./st=%22nofollow%22])">nofollow and spam blog</link></entry><entry level="1" type="bullet"><link ns0:type="simple" ns0:href="../163/3292163.xml">spider trap</link></entry><entry level="1" type="bullet"><structure wordnetid="104341686" confidence="0.8"><artifact wordnetid="100021939" confidence="0.8"><area wordnetid="102735688" confidence="0.8"><facility wordnetid="103315023" confidence="0.8"><library wordnetid="103660909" confidence="0.8"><depository wordnetid="103177349" confidence="0.8"><archive wordnetid="102735086" confidence="0.8"><room wordnetid="104105893" confidence="0.8"><link ns0:type="simple" ns0:href="../932/6014932.xml">web archiv</link></room></archive></depository></library></facility></area></artifact></structure></entry><entry level="1" type="bullet"><event wordnetid="100029378" confidence="0.8"><rule wordnetid="105846932" confidence="0.8"><act wordnetid="100030358" confidence="0.8"><psychological_feature wordnetid="100023100" confidence="0.8"><procedure wordnetid="101023820" confidence="0.8"><activity wordnetid="100407535" confidence="0.8"><algorithm wordnetid="105847438" confidence="0.8"><link ns0:type="simple" ns0:href="../120/33120.xml">web crawler</link></algorithm></activity></procedure></psychological_feature></act></rule></event></entry><entry level="1" type="bullet"><link ns0:type="simple" ns0:href="../556/20556.xml#xpointer(//*[./st=%22The+robots+attribute%22])">meta element</link>for search engin</entry></list></p></sec><sec><st>extern link</st><p><list><entry level="1" type="bullet"><weblink ns0:type="simple" ns0:href="http://robots.googletoad.com">onlin robotstxt gener</weblink></entry><entry level="1" type="bullet"><weblink ns0:type="simple" ns0:href="http://www.robotstxt.org/wc/exclusion.html">robot exclus</weblink></entry><entry level="1" type="bullet"><weblink ns0:type="simple" ns0:href="http://www.google.com/support/webmasters/bin/topic.py?topic=8843">how googl crawl site</weblink></entry><entry level="1" type="bullet"><weblink ns0:type="simple" ns0:href="http://www.google.com/support/webmasters/bin/answer.py?answer=35237 query=robots.txt topic= type=">use the robotstxt analysi tool</weblink></entry><entry level="1" type="bullet"><weblink ns0:type="simple" ns0:href="http://www.mediawiki.org/wiki/Robots.txt">about robotstxt the mediawiki websit</weblink></entry><entry level="1" type="bullet"><weblink ns0:type="simple" ns0:href="http://www.kloth.net/internet/badbots.php">list bad bot</weblink>rogu robot and spider which ignor these guidelin</entry><entry level="1" type="bullet"><weblink ns0:type="simple" ns0:href="http://www.searchtools.com/robots/robots-txt.html">more info about robotstxt</weblink></entry><entry level="1" type="bullet"><weblink ns0:type="simple" ns0:href="http://en.wikipedia.org/robots.txt">wikipedia robotstxt exampl</weblink></entry><entry level="1" type="bullet"><weblink ns0:type="simple" ns0:href="http://www.mcanerin.com/EN/search-engine/robots-txt.asp">robotstxt gener tutori</weblink></entry><entry level="1" type="bullet"><weblink ns0:type="simple" ns0:href="http://www.howrank.com/Robots.txt-Tool.php">robotstxt gener tool</weblink></entry><entry level="1" type="bullet"><weblink ns0:type="simple" ns0:href="http://www.diovo.com/2008/09/robotstxt-is-not-a-security-measure/">robotstxt not secur measur</weblink></entry><entry level="1" type="bullet"><weblink ns0:type="simple" ns0:href="http://yro.slashdot.org/comments.pl?sid=377285 cid=21554125">the histori behind robotstxt</weblink></entry><entry level="1" type="bullet"><weblink ns0:type="simple" ns0:href="http://botseer.ist.psu.edu/">botseer robotstxt search engin</weblink></entry></list></p><p><table style=";" class="navbox" cellspacing="0"><row><col style="padding:2px;"><table style="width:100%;background:transparent;color:inherit;;" class="nowraplinks collapsible autocollapse " cellspacing="0"><row><header colspan="2" style=";" class="navbox-title"><link ns0:type="simple" ns0:href="../946/187946.xml">search engin optim</link></header></row><row style="height:2px;" /><row><col style=";;" class="navbox-group">exclus standard</col><col style="text-align:left;border-left:2px solid #fdfdfd;width:100%;padding:0px;;;" class="navbox-list navbox-odd"><link ns0:type="simple" ns0:href="../673/101673.xml">robot exclus standard</link><link ns0:type="simple" ns0:href="../556/20556.xml">meta tag</link><link ns0:type="simple" ns0:href="../084/3766084.xml">nofollow</link></col></row><row style="height:2px" /><row><col style=";;" class="navbox-group">relat market topic</col><col style="text-align:left;border-left:2px solid #fdfdfd;width:100%;padding:0px;;;" class="navbox-list navbox-even"><link ns0:type="simple" ns0:href="../177/1618177.xml">internet market</link><physical_entity wordnetid="100001930" confidence="0.8"><person wordnetid="100007846" confidence="0.8"><model wordnetid="110324560" confidence="0.8"><assistant wordnetid="109815790" confidence="0.8"><worker wordnetid="109632518" confidence="0.8"><causal_agent wordnetid="100007347" confidence="0.8"><link ns0:type="simple" ns0:href="../758/703758.xml">affili market</link></causal_agent></worker></assistant></model></person></physical_entity><link ns0:type="simple" ns0:href="../759/1101759.xml">email market</link><link ns0:type="simple" ns0:href="../645/646645.xml">display advertis</link><link ns0:type="simple" ns0:href="../872/2475872.xml">web analyt</link></col></row><row style="height:2px" /><row><col style=";;" class="navbox-group">search market relat topic</col><col style="text-align:left;border-left:2px solid #fdfdfd;width:100%;padding:0px;;;" class="navbox-list navbox-odd"><link ns0:type="simple" ns0:href="../074/2111074.xml">search engin market</link><link ns0:type="simple" ns0:href="../316/6559316.xml">social media optim</link><link ns0:type="simple" ns0:href="../470/15883470.xml">onlin ident manag</link><link ns0:type="simple" ns0:href="../170/501170.xml">paid inclus</link><link ns0:type="simple" ns0:href="../207/1027207.xml">pay per click ppc</link><technique wordnetid="105665146" confidence="0.8"><know-how wordnetid="105616786" confidence="0.8"><method wordnetid="105660268" confidence="0.8"><link ns0:type="simple" ns0:href="../747/286747.xml">googl bomb</link></method></know-how></technique></col></row><row style="height:2px" /><row><col style=";;" class="navbox-group">search engin spam</col><col style="text-align:left;border-left:2px solid #fdfdfd;width:100%;padding:0px;;;" class="navbox-list navbox-even"><link ns0:type="simple" ns0:href="../651/43651.xml">spamdex</link><link ns0:type="simple" ns0:href="../619/2696619.xml">web scrape</link><computer wordnetid="103082979" confidence="0.8"><artifact wordnetid="100021939" confidence="0.8"><instrumentality wordnetid="103575240" confidence="0.8"><device wordnetid="103183080" confidence="0.8"><machine wordnetid="103699975" confidence="0.8"><web_site wordnetid="106359193" confidence="0.8"><link ns0:type="simple" ns0:href="../572/3152572.xml">scraper site</link></web_site></machine></device></instrumentality></artifact></computer><link ns0:type="simple" ns0:href="../213/270213.xml">link farm</link><link ns0:type="simple" ns0:href="../292/14489292.xml#xpointer(//*[./st=%22Free+for+all+linking%22])">free for all link</link></col></row><row style="height:2px" /><row><col style=";;" class="navbox-group">link</col><col style="text-align:left;border-left:2px solid #fdfdfd;width:100%;padding:0px;;;" class="navbox-list navbox-odd"><link ns0:type="simple" ns0:href="../490/7065490.xml">offpag optim</link><link ns0:type="simple" ns0:href="../292/14489292.xml">method websit link</link><link ns0:type="simple" ns0:href="../433/1395433.xml">link exchang</link><link ns0:type="simple" ns0:href="../494/580494.xml">backlink</link></col></row><row style="height:2px" /><row><col style=";;" class="navbox-group">other</col><col style="text-align:left;border-left:2px solid #fdfdfd;width:100%;padding:0px;;;" class="navbox-list navbox-even"><link ns0:type="simple" ns0:href="../866/2789866.xml">land page</link><link ns0:type="simple" ns0:href="../029/11170029.xml">deliveri</link><link ns0:type="simple" ns0:href="../827/11996827.xml">land page optim</link><artifact wordnetid="100021939" confidence="0.8"><instrumentality wordnetid="103575240" confidence="0.8"><engine wordnetid="103287733" confidence="0.8"><motor wordnetid="103789946" confidence="0.8"><device wordnetid="103183080" confidence="0.8"><machine wordnetid="103699975" confidence="0.8"><link ns0:type="simple" ns0:href="../064/7059064.xml">human search engin</link></machine></device></motor></engine></instrumentality></artifact><link ns0:type="simple" ns0:href="../600/1015600.xml">stop word</link><link ns0:type="simple" ns0:href="../974/14484974.xml">poison word</link></col></row></table></col></row></table></p></sec></bdy></article>