<article xmlns:ns0="http://www.w3.org/1999/xlink"><physical_entity confidence="0.8" wordnetid="100001930"><politician confidence="0.8" wordnetid="110450303"><communicator confidence="0.8" wordnetid="109610660"><person confidence="0.8" wordnetid="100007846"><communist confidence="0.8" wordnetid="109945319"><entity confidence="0.9511911446218017" wordnetid="100001740"><socialist confidence="0.8" wordnetid="110618848"><leader confidence="0.8" wordnetid="109623038"><causal_agent confidence="0.8" wordnetid="100007347"><agnostic confidence="0.8" wordnetid="109779124"><writer confidence="0.8" wordnetid="110794014"><journalist confidence="0.8" wordnetid="110224578"><header><title>seema mustafa</title><id /><revision><id /><timestamp /><contributor><username>roltz</username><id /></contributor></revision><categories><category>all page need cleanup</category><category>all articl with dead extern link</category><category>indian women writer</category><category>former muslim</category><category>indian journalist</category><category>live peopl</category><category>indian writer</category><category>indian women journalist</category><category>birth</category><category>marxist journalist</category><category>articl with dead extern link sinc august</category><category>indian agnost</category><category>articl with invalid date paramet templat</category><category>indian communist</category><category>cleanup from august</category><category>articl with unsourc statement sinc august</category></categories></header><bdy><image location="right" width="250px" src="Seemamustafa.JPG" type="thumb"><caption>seema mustafa board the prime minist aircraft april anthoni dcosta use with permiss</caption></image>seema mustafa april<ref ns0:type="simple" ns0:href="#xpointer(//reflist/entry[@id=%221%22])" /><country wordnetid="108544813" confidence="0.9508927676800064"><link ns0:type="simple" ns0:href="../533/14533.xml">india</link></country><link ns0:type="simple" ns0:href="../100/50100.xml">journalist</link>she the former<ref ns0:type="simple" ns0:href="#xpointer(//reflist/entry[@id=%222%22])" /><link ns0:type="simple" ns0:href="../944/3269944.xml">polit editor</link>and<region wordnetid="108630985" confidence="0.8"><site wordnetid="108651247" confidence="0.8"><administrative_district wordnetid="108491826" confidence="0.8"><location wordnetid="100027167" confidence="0.8"><municipality wordnetid="108626283" confidence="0.8"><capital wordnetid="108518505" confidence="0.8"><city wordnetid="108524735" confidence="0.8"><center wordnetid="108523483" confidence="0.8"><area wordnetid="108497294" confidence="0.8"><seat wordnetid="108647945" confidence="0.8"><tract wordnetid="108673395" confidence="0.8"><geographical_area wordnetid="108574314" confidence="0.8"><district wordnetid="108552138" confidence="0.8"><urban_area wordnetid="108675967" confidence="0.8"><link ns0:type="simple" ns0:href="../756/37756.xml">delhi</link></urban_area></district></geographical_area></tract></seat></area></center></city></capital></municipality></location></administrative_district></site></region>bureau chief the<print_media wordnetid="106263609" confidence="0.8"><press wordnetid="106263369" confidence="0.8"><artifact wordnetid="100021939" confidence="0.8"><instrumentality wordnetid="103575240" confidence="0.8"><medium wordnetid="106254669" confidence="0.8"><newspaper wordnetid="106267145" confidence="0.8"><link ns0:type="simple" ns0:href="../396/1587396.xml">asian age</link></newspaper></medium></instrumentality></artifact></press></print_media>newspap publish india her<link ns0:type="simple" ns0:href="../478/534478.xml">ope</link>column appear saturday these were syndic sever newspap includ<newspaper wordnetid="106267145" confidence="0.9508927676800064"><link ns0:type="simple" ns0:href="../560/2367560.xml">the deccan chronicl</link></newspaper>from<legal_power wordnetid="105198427" confidence="0.9508927676800064"><link ns0:type="simple" ns0:href="../516/37516.xml">bangalor</link></legal_power>india and<link ns0:type="simple" ns0:href="../793/758793.xml">the dawn</link>newspap<country wordnetid="108544813" confidence="0.9508927676800064"><link ns0:type="simple" ns0:href="../235/23235.xml">pakistan</link></country>with the sack asian age editor<link ns0:type="simple" ns0:href="../422/616422.xml">akbar</link>over the defenc anticongress antiind nuclear deal ope written seema seema resign from the asian age well<ref ns0:type="simple" ns0:href="#xpointer(//reflist/entry[@id=%222%22])" /><sec><st>biographi</st><p>seema mustafa born<region wordnetid="108630985" confidence="0.8"><site wordnetid="108651247" confidence="0.8"><administrative_district wordnetid="108491826" confidence="0.8"><location wordnetid="100027167" confidence="0.8"><municipality wordnetid="108626283" confidence="0.8"><capital wordnetid="108518505" confidence="0.8"><city wordnetid="108524735" confidence="0.8"><center wordnetid="108523483" confidence="0.8"><area wordnetid="108497294" confidence="0.8"><seat wordnetid="108647945" confidence="0.8"><tract wordnetid="108673395" confidence="0.8"><geographical_area wordnetid="108574314" confidence="0.8"><district wordnetid="108552138" confidence="0.8"><urban_area wordnetid="108675967" confidence="0.8"><link ns0:type="simple" ns0:href="../756/37756.xml">delhi</link></urban_area></district></geographical_area></tract></seat></area></center></city></capital></municipality></location></administrative_district></site></region>april she graduat with<link ns0:type="simple" ns0:href="../874/188874.xml" /><link ns0:type="simple" ns0:href="../388/24388.xml">polit scienc</link>from<link ns0:type="simple" ns0:href="../808/10020808.xml">lucknow univers</link><legal_power wordnetid="105198427" confidence="0.9508927676800064"><link ns0:type="simple" ns0:href="../623/231623.xml">uttar pradesh</link></legal_power><ref ns0:type="simple" ns0:href="#xpointer(//reflist/entry[@id=%223%22])" />seema father col mustafa the<link ns0:type="simple" ns0:href="../949/343949.xml">indian armi</link>and she relat the socialist freedom fighter<physical_entity wordnetid="100001930" confidence="0.8"><person wordnetid="100007846" confidence="0.8"><socialist wordnetid="110618848" confidence="0.8"><intellectual wordnetid="109621545" confidence="0.8"><disputant wordnetid="109615465" confidence="0.8"><politician wordnetid="110450303" confidence="0.8"><politician wordnetid="110451263" confidence="0.8"><reformer wordnetid="110515194" confidence="0.8"><militant wordnetid="110315837" confidence="0.8"><leader wordnetid="109623038" confidence="0.8"><alumnus wordnetid="109786338" confidence="0.8"><causal_agent wordnetid="100007347" confidence="0.8"><scholar wordnetid="110557854" confidence="0.8"><link ns0:type="simple" ns0:href="../818/3616818.xml">rafi ahm kidwai</link></scholar></causal_agent></alumnus></leader></militant></reformer></politician></politician></disputant></intellectual></socialist></person></physical_entity>from her mother side<parliament wordnetid="108319198" confidence="0.9508927676800064"><link ns0:type="simple" ns0:href="../210/232210.xml">rajya sabha</link></parliament>ani kidwai her grandmoth from her mother side seema two elder brother bobbi mustafa<company wordnetid="108058098" confidence="0.9508927676800064"><link ns0:type="simple" ns0:href="../001/403001.xml">hindustan unilev</link></company>ltd group treasur and head<ref ns0:type="simple" ns0:href="#xpointer(//reflist/entry[@id=%224%22])" />and kamal mustafa now retir but onc the manag director head global merger and acquisit for<link ns0:type="simple" ns0:href="../026/231026.xml">citybank</link><ref ns0:type="simple" ns0:href="#xpointer(//reflist/entry[@id=%225%22])" />she marri businessman from delhi and now divorc with two children both attend colleg</p><p>seema<link ns0:type="simple" ns0:href="../359/54359.xml">agnost</link><ref ns0:type="simple" ns0:href="#xpointer(//reflist/entry[@id=%226%22])" /></p></sec><sec><st>career</st><p>seema mustafa began her journalist career lucknow with the pioneer befor becom the onli woman journalist with the patriot later she also work for mani major newspap includ<newspaper wordnetid="106267145" confidence="0.9508927676800064"><link ns0:type="simple" ns0:href="../320/436320.xml">the telegraph</link></newspaper>and<link ns0:type="simple" ns0:href="../239/407239.xml">indian express</link>befor join the<print_media wordnetid="106263609" confidence="0.8"><press wordnetid="106263369" confidence="0.8"><artifact wordnetid="100021939" confidence="0.8"><instrumentality wordnetid="103575240" confidence="0.8"><medium wordnetid="106254669" confidence="0.8"><newspaper wordnetid="106267145" confidence="0.8"><link ns0:type="simple" ns0:href="../396/1587396.xml">asian age</link></newspaper></medium></instrumentality></artifact></press></print_media><ref ns0:type="simple" ns0:href="#xpointer(//reflist/entry[@id=%227%22])" /></p><p>she receiv sever journalist award includ the prestigi prem bhatia award for excel polit report and analysi for her coverag the<link ns0:type="simple" ns0:href="../735/803735.xml">kargil</link>war mayjuli<ref ns0:type="simple" ns0:href="#xpointer(//reflist/entry[@id=%228%22])" /></p><p>seema mustafa left the asian age and current editor<link>covert</link>fortnightli polit magazin</p></sec><sec><st>write style</st><p>seema been note have characterist<link ns0:type="simple" ns0:href="../499/18499.xml">leftist</link>and<link ns0:type="simple" ns0:href="../847/26847.xml">socialist</link>view point<ref ns0:type="simple" ns0:href="#xpointer(//reflist/entry[@id=%228%22])" />mani her articl criticis govern polici and gener reflect prominor secular and<link ns0:type="simple" ns0:href="../185/11185.xml">feminist</link>slant<ref ns0:type="simple" ns0:href="#xpointer(//reflist/entry[@id=%228%22])" />she lash out mani influenti section the polit spectrum she defend indian muslim against the charg antin and propakistani<ref ns0:type="simple" ns0:href="#xpointer(//reflist/entry[@id=%229%22])" /><ref ns0:type="simple" ns0:href="#xpointer(//reflist/entry[@id=%2210%22])" /></p></sec><sec><st>involv polit</st><p>seema member<link ns0:type="simple" ns0:href="../733/373733.xml">singh</link><party wordnetid="108256968" confidence="0.8"><link ns0:type="simple" ns0:href="../581/435581.xml">janata dal</link></party>parti and said close associ with him<ref ns0:type="simple" ns0:href="#xpointer(//reflist/entry[@id=%2211%22])" /><ref ns0:type="simple" ns0:href="#xpointer(//reflist/entry[@id=%2212%22])" />the fact that she wrote biographi seem strengthen thi assert she appar contest assembl elect under the janata dal ticket<ref ns0:type="simple" ns0:href="#xpointer(//reflist/entry[@id=%2213%22])" /></p><p>she contest the<parliament wordnetid="108319198" confidence="0.9508927676800064"><link ns0:type="simple" ns0:href="../456/275456.xml">lok sabha</link></parliament>gener elect twice from<region wordnetid="108630985" confidence="0.8"><village wordnetid="108672738" confidence="0.8"><location wordnetid="100027167" confidence="0.8"><settlement wordnetid="108672562" confidence="0.8"><geographical_area wordnetid="108574314" confidence="0.8"><link ns0:type="simple" ns0:href="../666/16750666.xml">domariaganj</link></geographical_area></settlement></location></village></region><legal_power wordnetid="105198427" confidence="0.9508927676800064"><link ns0:type="simple" ns0:href="../623/231623.xml">uttar pradesh</link></legal_power>onc independ and previous member<party wordnetid="108256968" confidence="0.8"><link ns0:type="simple" ns0:href="../825/10276825.xml">icssc</link></party>break away faction the<party wordnetid="108256968" confidence="0.8"><link ns0:type="simple" ns0:href="../462/1086462.xml">congresss</link></party>and lost both time come and respect<ref ns0:type="simple" ns0:href="#xpointer(//reflist/entry[@id=%2214%22])" /><ref ns0:type="simple" ns0:href="#xpointer(//reflist/entry[@id=%2215%22])" /><ref ns0:type="simple" ns0:href="#xpointer(//reflist/entry[@id=%2216%22])" /><ref ns0:type="simple" ns0:href="#xpointer(//reflist/entry[@id=%2217%22])" /></p><p>late she been link indian<link ns0:type="simple" ns0:href="../053/1904053.xml">marxist</link><link ns0:type="simple" ns0:href="../651/9209651.xml">communist</link>parti the<link ns0:type="simple" ns0:href="../206/408206.xml">cpim</link>the issu oppos the govern india stanc the antiiran vote the<organization wordnetid="108008335" confidence="0.9508927676800064"><link ns0:type="simple" ns0:href="../984/14984.xml">intern atom energi agenc</link></organization>appeas the usa she part the cpim committe campaign for independ foreign polici<ref ns0:type="simple" ns0:href="#xpointer(//reflist/entry[@id=%2218%22])" /><ref ns0:type="simple" ns0:href="#xpointer(//reflist/entry[@id=%2219%22])" /></p><p>late she written activ opposit the indou nuclear agreement</p></sec><sec><st>public</st><p><list><entry level="1" type="bullet"><cite id="Reference-Mustafa-1995" style="font-style:normal" class="book">mustafa seema the lone prophet singh polit biographi<legal_power wordnetid="105198427" confidence="0.9508927676800064"><link ns0:type="simple" ns0:href="../585/51585.xml">new delhi</link></legal_power>new age intern isbn<commercial_enterprise wordnetid="108065093" confidence="0.8"><company wordnetid="108058098" confidence="0.8"><cooperative wordnetid="101100877" confidence="0.8"><enterprise wordnetid="108056231" confidence="0.8"><institution wordnetid="108053576" confidence="0.8"><link ns0:type="simple" ns0:href="../885/883885.xml">oclc</link></institution></enterprise></cooperative></company></commercial_enterprise><weblink ns0:type="simple" ns0:href="http://worldcat.org/oclc/33664491" /></cite></entry><entry level="1" type="bullet"><cite id="Reference-Mustafa-1995" style="font-style:normal" class="book">mustafa seema anuradha chenoy and initi for nation renew and empower the peopl the scam the coverup and compromis<legal_power wordnetid="105198427" confidence="0.9508927676800064"><link ns0:type="simple" ns0:href="../585/51585.xml">new delhi</link></legal_power>wiley eastern isbn<commercial_enterprise wordnetid="108065093" confidence="0.8"><company wordnetid="108058098" confidence="0.8"><cooperative wordnetid="101100877" confidence="0.8"><enterprise wordnetid="108056231" confidence="0.8"><institution wordnetid="108053576" confidence="0.8"><link ns0:type="simple" ns0:href="../885/883885.xml">oclc</link></institution></enterprise></cooperative></company></commercial_enterprise><weblink ns0:type="simple" ns0:href="http://worldcat.org/oclc/32698384" /></cite></entry></list></p></sec><sec><st>refer</st><p><table class="metadata plainlinks ambox "><row><col>amboxstyl style</col></row><row><col class="mbox-image"><p><image width="40x40px" src="Ambox_style.png" /></p></col><col style="" class="mbox-text">thi articl use bare url for which are suscept<link ns0:type="simple" ns0:href="../511/365511.xml">link rot</link>pleas help<weblink ns0:type="simple" ns0:href="http://localhost:18088/wiki/index.php?title=Seema_Mustafa action=edit">improv thi articl</weblink>chang bare url into with titl date and author that the articl remain the futurealso consid use<artifact wordnetid="100021939" confidence="0.8"><facility wordnetid="103315023" confidence="0.8"><depository wordnetid="103177349" confidence="0.8"><archive wordnetid="102735086" confidence="0.8"><link ns0:type="simple" ns0:href="../011/6391011.xml">webcit</link></archive></depository></facility></artifact>archiv the link</col></row></table></p><p><reflist><entry id="1">mustafa seema iqbal ahm khan alkhobar<weblink ns0:type="simple" ns0:href="http://www.contactpakistan.com/kashmir/article3.htm">the communalis kargil</weblink>asian age contactpakistancom retriev<link /></entry><entry id="2">httpetalaatnetenglishp</entry><entry id="3"><weblink ns0:type="simple" ns0:href="http://timesofindia.indiatimes.com/articleshow/929624.cms">play thumri queen begum akhtar</weblink><newspaper wordnetid="106267145" confidence="0.9508927676800064"><link ns0:type="simple" ns0:href="../804/226804.xml">the time india</link></newspaper>retriev<link /></entry><entry id="4"><weblink ns0:type="simple" ns0:href="http://www.financialexpress.com/news/Mustafa-Appointed-HLL-Treasurer-M A-Head/48617/">financi express mustafa appoint treasur head</weblink>mail list</entry><entry id="5"><weblink ns0:type="simple" ns0:href="http://www.business.uconn.edu/cms/p566/a59">kamal mustafa biographi</weblink>mail list</entry><entry id="6">harsh kapoor<link /><weblink ns0:type="simple" ns0:href="http://www.mail-archive.com/sacw@insaf.net/msg00495.html">sacw sep pakistan appeas the mullah india vand mataram controversi malegaon the brink</weblink>south asia citizen wire mail list retriev<link /></entry><entry id="7">compuservecom<link />seema mustafa becom lakhpati newssocculturepakistan socculturepakistan<weblink ns0:type="simple" ns0:href="http://groups.google.com.au/group/soc.culture.pakistan/msg/a790c3067b790fb4?dmode=source">web link</weblink>retriev<link /></entry><entry id="8" /><entry id="9">joeb<link />minor not deserv thi newssoccultureindian soccultureindian<weblink ns0:type="simple" ns0:href="http://groups.google.com.au/group/soc.culture.indian/msg/98783bb5f6ba6a72?dmode=source output=gplain">web link</weblink>retriev<link /></entry><entry id="10">compuservecom<link />kargil communalis newssocculturepakistan socculturepakistan<weblink ns0:type="simple" ns0:href="http://groups.google.com.au/group/soc.culture.pakistan/msg/215de39542a93d6d?dmode=source">web link</weblink>retriev<link /></entry><entry id="11"><weblink ns0:type="simple" ns0:href="http://timesofindia.indiatimes.com/articleshow/35348926.cms">indian writer tell</weblink><newspaper wordnetid="106267145" confidence="0.9508927676800064"><link ns0:type="simple" ns0:href="../804/226804.xml">the time india</link></newspaper>retriev<link /></entry><entry id="12">dilip deodhar with the secularist have hindutva need not worri newssoccultureindian soccultureindian<weblink ns0:type="simple" ns0:href="http://groups.google.com.au/group/soc.culture.indian/msg/8a21a6166675b63d?dmode=source">web link</weblink>retriev<link /></entry><entry id="13"><weblink ns0:type="simple" ns0:href="http://hindustan.net/discus/messages/53/395.html?918164538">christian india sonia gandhi bjp the world vol</weblink>hindustanorg retriev<link /></entry><entry id="14">hlen ctclnk glau</entry><entry id="15"><weblink ns0:type="simple" ns0:href="http://www.rediff.com/news/1998/feb/up35.htm">poll booth elect uttar pradeshdomariaganj</weblink>rediffcom retriev<link /></entry><entry id="17"><cite style="font-style:normal" class="book">list particip polit parti<weblink ns0:type="simple" ns0:href="http://www.eci.gov.in/StatisticalReports/LS_1996/Vol_I_LS_96.pdf">statist report gener elect the eleventh lok sabha</weblink><link ns0:type="simple" ns0:href="../585/51585.xml">new dehli</link>elect commiss india retriev<link /></cite></entry><entry id="16"><cite style="font-style:normal" class="book">list particip polit parti<weblink ns0:type="simple" ns0:href="http://www.eci.gov.in/SR_KeyHighLights/LS_1991/VOL_I_LS_91.pdf">statist report gener elect the tenth lok sabha</weblink><link ns0:type="simple" ns0:href="../585/51585.xml">new dehli</link>elect commiss india retriev<link /></cite></entry><entry id="19"><weblink ns0:type="simple" ns0:href="http://www.tribuneindia.com/2005/20051011/main6.htm">left woo upa alli iran issu</weblink><work wordnetid="104599396" confidence="0.8"><product wordnetid="104007894" confidence="0.8"><print_media wordnetid="106263609" confidence="0.8"><creation wordnetid="103129123" confidence="0.8"><press wordnetid="106263369" confidence="0.8"><artifact wordnetid="100021939" confidence="0.8"><instrumentality wordnetid="103575240" confidence="0.8"><medium wordnetid="106254669" confidence="0.8"><publication wordnetid="106589574" confidence="0.8"><newspaper wordnetid="106267145" confidence="0.8"><link ns0:type="simple" ns0:href="../596/2412596.xml">the tribun</link></newspaper></publication></medium></instrumentality></artifact></press></creation></print_media></product></work>retriev<link /></entry><entry id="18"><party wordnetid="108256968" confidence="0.9508927676800064"><link ns0:type="simple" ns0:href="../206/408206.xml">communist parti india marxist</link></party><weblink ns0:type="simple" ns0:href="http://www.cpim.org/statement/2005/10102005_foreign%20policy.htm">committe campaign for independ foreign polici</weblink><link ns0:type="simple" ns0:href="../097/304097.xml">press releas</link>retriev<link /></entry></reflist></p></sec><sec><st>extern link</st><p><list><entry level="1" type="bullet" /><entry level="1" type="bullet"><image width="150px" src="DSC00185.JPG"><caption>dscjpg</caption></image></entry></list></p></sec></bdy></journalist></writer></agnostic></causal_agent></leader></socialist></entity></communist></person></communicator></politician></physical_entity></article>