<article xmlns:ns0="http://www.w3.org/1999/xlink"><work confidence="0.8" wordnetid="104599396"><product confidence="0.8" wordnetid="104007894"><magazine confidence="0.8" wordnetid="106595351"><print_media confidence="0.8" wordnetid="106263609"><creation confidence="0.8" wordnetid="103129123"><press confidence="0.8" wordnetid="106263369"><artifact confidence="0.8" wordnetid="100021939"><instrumentality confidence="0.8" wordnetid="103575240"><periodical confidence="0.8" wordnetid="106593296"><medium confidence="0.8" wordnetid="106254669"><publication confidence="0.8" wordnetid="106589574"><header><title>road freedom</title><id /><revision><id /><timestamp /><contributor><username>smackbot</username><id /></contributor></revision><categories><category>american polit magazin</category><category>disestablish</category><category>anarchist period</category><category>defunct magazin the unit state</category><category>public establish</category><category>defunct polit magazin</category></categories></header><bdy>road freedom monthli anarchist polit journal publish<physical_entity wordnetid="100001930" confidence="0.8"><person wordnetid="100007846" confidence="0.8"><causal_agent wordnetid="100007347" confidence="0.8"><anarchist wordnetid="109791816" confidence="0.8"><radical wordnetid="110503452" confidence="0.8"><link ns0:type="simple" ns0:href="../481/1809481.xml">hippolyt havel</link></radical></anarchist></causal_agent></person></physical_entity>between and and known the successor emma goldman<magazine wordnetid="106595351" confidence="0.9508927676800064"><link ns0:type="simple" ns0:href="../586/1732586.xml">mother earth</link></magazine>contributor includ<physical_entity wordnetid="100001930" confidence="0.8"><person wordnetid="100007846" confidence="0.8"><causal_agent wordnetid="100007347" confidence="0.8"><anarchist wordnetid="109791816" confidence="0.8"><radical wordnetid="110503452" confidence="0.8"><link ns0:type="simple" ns0:href="../182/3269182.xml">rose pesotta</link></radical></anarchist></causal_agent></person></physical_entity><link>joseph spivak</link><physical_entity wordnetid="100001930" confidence="0.8"><person wordnetid="100007846" confidence="0.8"><causal_agent wordnetid="100007347" confidence="0.8"><anarchist wordnetid="109791816" confidence="0.8"><radical wordnetid="110503452" confidence="0.8"><link ns0:type="simple" ns0:href="../481/1809481.xml">hippolyt havel</link></radical></anarchist></causal_agent></person></physical_entity>and<link>van valkenburgh</link><sec><st>see also</st><p><table style="background:#f9f9f9; font-size:85%; line-height:110%; "><row><col><image width="32x28px" src="BlackFlagSymbol.svg" /></col><col style="padding:0 0.2em;">anarch portal</col></row></table></p><p><list><entry level="1" type="bullet"><link ns0:type="simple" ns0:href="../080/11836080.xml">list anarchist period</link></entry></list></p><p><table style=";" class="navbox" cellspacing="0"><row><col style="padding:2px;"><table style="width:100%;background:transparent;color:inherit;;" class="nowraplinks collapsible collapsed " cellspacing="0"><row><header colspan="3" style=";background:white;" class="navbox-title"><link ns0:type="simple" ns0:href="../012/12.xml">anarch</link></header></row><row style="height:2px;" /><row><col style=";padding:0.35em 1.0em; line-height:1.1em;  background:white;;" class="navbox-group"><event wordnetid="100029378" confidence="0.8"><change wordnetid="100191142" confidence="0.8"><issue wordnetid="105814650" confidence="0.8"><action wordnetid="100037396" confidence="0.8"><motion wordnetid="100331950" confidence="0.8"><act wordnetid="100030358" confidence="0.8"><psychological_feature wordnetid="100023100" confidence="0.8"><link ns0:type="simple" ns0:href="../456/13550456.xml">school thought</link></psychological_feature></act></motion></action></issue></change></event></col><col style="text-align:left;border-left:2px solid #fdfdfd;width:100%;padding:0px;padding:0.25em 0; line-height:1.4em;;;" class="navbox-list navbox-odd"><school wordnetid="108276720" confidence="0.8"><educational_institution wordnetid="108276342" confidence="0.8"><institution wordnetid="108053576" confidence="0.8"><link ns0:type="simple" ns0:href="../975/770975.xml">agorist</link></institution></educational_institution></school><position wordnetid="106208751" confidence="0.8"><link ns0:type="simple" ns0:href="../171/4563171.xml">buddhist</link></position><school wordnetid="108276720" confidence="0.8"><political_orientation wordnetid="106212839" confidence="0.8"><educational_institution wordnetid="108276342" confidence="0.8"><institution wordnetid="108053576" confidence="0.8"><link ns0:type="simple" ns0:href="../023/1023.xml">capitalist</link></institution></educational_institution></political_orientation></school><controversy wordnetid="107183151" confidence="0.8"><event wordnetid="100029378" confidence="0.8"><dispute wordnetid="107181935" confidence="0.8"><change wordnetid="100191142" confidence="0.8"><action wordnetid="100037396" confidence="0.8"><disagreement wordnetid="107180787" confidence="0.8"><motion wordnetid="100331950" confidence="0.8"><act wordnetid="100030358" confidence="0.8"><psychological_feature wordnetid="100023100" confidence="0.8"><speech_act wordnetid="107160883" confidence="0.8"><link ns0:type="simple" ns0:href="../351/371351.xml">christian</link></speech_act></psychological_feature></act></motion></disagreement></action></change></dispute></event></controversy><school wordnetid="108276720" confidence="0.8"><educational_institution wordnetid="108276342" confidence="0.8"><institution wordnetid="108053576" confidence="0.8"><link ns0:type="simple" ns0:href="../326/4450326.xml">collectivist</link></institution></educational_institution></school><school wordnetid="108276720" confidence="0.8"><political_orientation wordnetid="106212839" confidence="0.8"><educational_institution wordnetid="108276342" confidence="0.8"><institution wordnetid="108053576" confidence="0.8"><link ns0:type="simple" ns0:href="../865/17865.xml">communist</link></institution></educational_institution></political_orientation></school><software wordnetid="106566077" confidence="0.8"><application wordnetid="106570110" confidence="0.8"><program wordnetid="106568978" confidence="0.8"><written_communication wordnetid="106349220" confidence="0.8"><writing wordnetid="106359877" confidence="0.8"><code wordnetid="106355894" confidence="0.8"><coding_system wordnetid="106353757" confidence="0.8"><link ns0:type="simple" ns0:href="../427/222427.xml">crypto</link></coding_system></code></writing></written_communication></program></application></software><link ns0:type="simple" ns0:href="../074/222074.xml">feminist</link><link ns0:type="simple" ns0:href="../052/470052.xml">free market</link><right wordnetid="105174653" confidence="0.8"><link ns0:type="simple" ns0:href="../514/98514.xml">green</link></right><link ns0:type="simple" ns0:href="../936/14936.xml">individualist</link><event wordnetid="100029378" confidence="0.8"><change wordnetid="100191142" confidence="0.8"><action wordnetid="100037396" confidence="0.8"><motion wordnetid="100331950" confidence="0.8"><act wordnetid="100030358" confidence="0.8"><psychological_feature wordnetid="100023100" confidence="0.8"><link ns0:type="simple" ns0:href="../486/1113486.xml">info</link></psychological_feature></act></motion></action></change></event><link ns0:type="simple" ns0:href="../779/2836779.xml">insurrectionari</link><link ns0:type="simple" ns0:href="../661/1710661.xml">leftist</link><link ns0:type="simple" ns0:href="../469/1211469.xml">lifestylist</link><school wordnetid="108276720" confidence="0.8"><political_orientation wordnetid="106212839" confidence="0.8"><educational_institution wordnetid="108276342" confidence="0.8"><institution wordnetid="108053576" confidence="0.8"><link ns0:type="simple" ns0:href="../997/1799997.xml">mutualist</link></institution></educational_institution></political_orientation></school><link ns0:type="simple" ns0:href="../735/179735.xml">pacifist</link><link ns0:type="simple" ns0:href="../796/23796.xml">pan</link><political_orientation wordnetid="106212839" confidence="0.8"><link ns0:type="simple" ns0:href="../545/8817545.xml">philosoph</link></political_orientation><link ns0:type="simple" ns0:href="../888/2419888.xml">platformist</link><link ns0:type="simple" ns0:href="../010/2557010.xml">post</link><link ns0:type="simple" ns0:href="../863/11630863.xml">postcoloni</link><link ns0:type="simple" ns0:href="../266/1547266.xml">postleftist</link><political_orientation wordnetid="106212839" confidence="0.8"><link ns0:type="simple" ns0:href="../405/98405.xml">primitivist</link></political_orientation><link ns0:type="simple" ns0:href="../465/3535465.xml">social</link><school wordnetid="108276720" confidence="0.8"><political_orientation wordnetid="106212839" confidence="0.8"><educational_institution wordnetid="108276342" confidence="0.8"><institution wordnetid="108053576" confidence="0.8"><link ns0:type="simple" ns0:href="../938/49938.xml">syndicalist</link></institution></educational_institution></political_orientation></school><link ns0:type="simple" ns0:href="../697/2052697.xml">without adject</link><political_orientation wordnetid="106212839" confidence="0.8"><link ns0:type="simple" ns0:href="../445/4716445.xml">zen</link></political_orientation></col><col style="width:0%;padding:0px 0px 0px 2px;" rowspan="17"><image width="100px" src="Anarchy-symbol.svg"><caption>circlea anarchi symbol</caption></image></col></row><row style="height:2px" /><row><col style=";padding:0.35em 1.0em; line-height:1.1em;  background:white;;" class="navbox-group">theori and practic</col><col style="text-align:left;border-left:2px solid #fdfdfd;width:100%;padding:0px;padding:0.25em 0; line-height:1.4em;;;" class="navbox-list navbox-even"><link ns0:type="simple" ns0:href="../784/3857784.xml">anarch</link><link ns0:type="simple" ns0:href="../466/2594466.xml">anarchi</link><link ns0:type="simple" ns0:href="../543/172543.xml">black bloc</link><link ns0:type="simple" ns0:href="../298/13887298.xml">commun</link><link ns0:type="simple" ns0:href="../313/89313.xml">cooper</link><link ns0:type="simple" ns0:href="../491/4821491.xml">countereconom</link><link ns0:type="simple" ns0:href="../976/105976.xml">direct action</link><politics wordnetid="113840719" confidence="0.8"><social_relation wordnetid="100032823" confidence="0.8"><link ns0:type="simple" ns0:href="../816/95816.xml">direct democraci</link></social_relation></politics><issue wordnetid="105814650" confidence="0.8"><link ns0:type="simple" ns0:href="../884/1228884.xml">econom</link></issue><link ns0:type="simple" ns0:href="../558/6205558.xml">especifismo</link><idea wordnetid="105833840" confidence="0.8"><concept wordnetid="105835747" confidence="0.8"><category wordnetid="105838765" confidence="0.8"><type wordnetid="105840188" confidence="0.8"><kind wordnetid="105839024" confidence="0.8"><link ns0:type="simple" ns0:href="../130/8233130.xml">privat defens agenc</link></kind></type></category></concept></idea><political_orientation wordnetid="106212839" confidence="0.8"><link ns0:type="simple" ns0:href="../834/766834.xml">selfownership</link></political_orientation><link ns0:type="simple" ns0:href="../286/156286.xml">social ecolog</link><link ns0:type="simple" ns0:href="../764/866764.xml">spontan order</link><link ns0:type="simple" ns0:href="../685/28685.xml">squat</link><link ns0:type="simple" ns0:href="../690/1864690.xml">worker selfmanag</link></col></row><row style="height:2px" /><row><col style=";padding:0.35em 1.0em; line-height:1.1em;  background:white;;" class="navbox-group"><link ns0:type="simple" ns0:href="../736/5773736.xml">issu</link></col><col style="text-align:left;border-left:2px solid #fdfdfd;width:100%;padding:0px;padding:0.25em 0; line-height:1.4em;;;" class="navbox-list navbox-odd"><link ns0:type="simple" ns0:href="../125/1905125.xml">anarchocapit</link><link ns0:type="simple" ns0:href="../733/4398733.xml">anim right</link><link ns0:type="simple" ns0:href="../918/1249918.xml">capit</link><issue wordnetid="105814650" confidence="0.8"><link ns0:type="simple" ns0:href="../432/5349432.xml">critic</link></issue><link ns0:type="simple" ns0:href="../710/2112710.xml">islam</link><link ns0:type="simple" ns0:href="../804/381804.xml">marxism</link><link ns0:type="simple" ns0:href="../358/2382358.xml">nation</link><link ns0:type="simple" ns0:href="../409/8364409.xml">orthodox judaism</link><link ns0:type="simple" ns0:href="../770/1332770.xml">religion</link><link ns0:type="simple" ns0:href="../859/105859.xml">violenc</link></col></row><row style="height:2px" /><row><col style=";padding:0.35em 1.0em; line-height:1.1em;  background:white;;" class="navbox-group"><link ns0:type="simple" ns0:href="../286/1063286.xml">histori</link></col><col style="text-align:left;border-left:2px solid #fdfdfd;width:100%;padding:0px;padding:0.25em 0; line-height:1.4em;;;" class="navbox-list navbox-even"><link ns0:type="simple" ns0:href="../524/2590524.xml">amakasu incid</link><social_group wordnetid="107950920" confidence="0.8"><gathering wordnetid="107975026" confidence="0.8"><community wordnetid="108223802" confidence="0.8"><group wordnetid="100031264" confidence="0.8"><link ns0:type="simple" ns0:href="../391/6552391.xml">anarchist catalonia</link></group></community></gathering></social_group><link ns0:type="simple" ns0:href="../166/14602166.xml">anarchist exclus act</link><politics wordnetid="113840719" confidence="0.8"><social_relation wordnetid="100032823" confidence="0.8"><link ns0:type="simple" ns0:href="../209/5675209.xml">anarchi somalia</link></social_relation></politics><link ns0:type="simple" ns0:href="../791/10995791.xml">australian anarchist centenari celebr</link><link ns0:type="simple" ns0:href="../834/817834.xml">barcelona may day</link><educational_institution wordnetid="108276342" confidence="0.8"><institution wordnetid="108053576" confidence="0.8"><link ns0:type="simple" ns0:href="../282/190282.xml">escuela moderna</link></institution></educational_institution><social_group wordnetid="107950920" confidence="0.8"><congress wordnetid="108308800" confidence="0.8"><meeting wordnetid="108307589" confidence="0.8"><gathering wordnetid="107975026" confidence="0.8"><group wordnetid="100031264" confidence="0.8"><link ns0:type="simple" ns0:href="../832/1915832.xml">hagu congress</link></group></gathering></meeting></congress></social_group><aggression wordnetid="100964569" confidence="0.8"><violence wordnetid="100965404" confidence="0.8"><event wordnetid="100029378" confidence="0.8"><action wordnetid="100037396" confidence="0.8"><riot wordnetid="101170502" confidence="0.8"><act wordnetid="100030358" confidence="0.8"><psychological_feature wordnetid="100023100" confidence="0.8"><link ns0:type="simple" ns0:href="../497/2012497.xml">haymarket affair</link></psychological_feature></act></riot></action></event></violence></aggression><link ns0:type="simple" ns0:href="../676/3716676.xml">high treason incid</link><military_unit wordnetid="108198398" confidence="0.8"><group_action wordnetid="101080366" confidence="0.8"><event wordnetid="100029378" confidence="0.8"><change wordnetid="100191142" confidence="0.8"><action wordnetid="100037396" confidence="0.8"><conflict wordnetid="100958896" confidence="0.8"><rebellion wordnetid="100962129" confidence="0.8"><motion wordnetid="100331950" confidence="0.8"><act wordnetid="100030358" confidence="0.8"><psychological_feature wordnetid="100023100" confidence="0.8"><link ns0:type="simple" ns0:href="../725/4139725.xml">revolutionari insurrectionari armi ukrain</link></psychological_feature></act></motion></rebellion></conflict></action></change></event></group_action></military_unit><social_group wordnetid="107950920" confidence="0.8"><congress wordnetid="108308800" confidence="0.8"><meeting wordnetid="108307589" confidence="0.8"><gathering wordnetid="107975026" confidence="0.8"><group wordnetid="100031264" confidence="0.8"><link ns0:type="simple" ns0:href="../117/13222117.xml">intern anarchist congress amsterdam</link></group></gathering></meeting></congress></social_group><link ns0:type="simple" ns0:href="../916/3273916.xml">kate sharpley librari</link><conflict wordnetid="100958896" confidence="0.9508927676800064"><link ns0:type="simple" ns0:href="../899/287899.xml">kronstadt rebellion</link></conflict><structure wordnetid="104341686" confidence="0.8"><artifact wordnetid="100021939" confidence="0.8"><area wordnetid="102735688" confidence="0.8"><facility wordnetid="103315023" confidence="0.8"><library wordnetid="103660909" confidence="0.8"><depository wordnetid="103177349" confidence="0.8"><archive wordnetid="102735086" confidence="0.8"><room wordnetid="104105893" confidence="0.8"><link ns0:type="simple" ns0:href="../773/3832773.xml">labadi collect</link></room></archive></depository></library></facility></area></artifact></structure><plant wordnetid="103956922" confidence="0.8"><structure wordnetid="104341686" confidence="0.8"><artifact wordnetid="100021939" confidence="0.8"><factory wordnetid="103316406" confidence="0.8"><building_complex wordnetid="102914991" confidence="0.8"><link ns0:type="simple" ns0:href="../837/10793837.xml">lip</link></building_complex></factory></artifact></structure></plant><violence wordnetid="100965404" confidence="0.8"><objection wordnetid="107208338" confidence="0.8"><protest wordnetid="101177033" confidence="0.8"><protest wordnetid="107210225" confidence="0.8"><direct_action wordnetid="101168369" confidence="0.8"><job_action wordnetid="101242164" confidence="0.8"><riot wordnetid="101170502" confidence="0.8"><speech_act wordnetid="107160883" confidence="0.8"><group_action wordnetid="101080366" confidence="0.8"><aggression wordnetid="100964569" confidence="0.8"><strike wordnetid="101243674" confidence="0.8"><event wordnetid="100029378" confidence="0.8"><action wordnetid="100037396" confidence="0.8"><resistance wordnetid="101169317" confidence="0.8"><act wordnetid="100030358" confidence="0.8"><psychological_feature wordnetid="100023100" confidence="0.8"><link ns0:type="simple" ns0:href="../205/311205.xml">may franc</link></psychological_feature></act></resistance></action></event></strike></aggression></group_action></speech_act></riot></job_action></direct_action></protest></protest></objection></violence><look wordnetid="100877127" confidence="0.8"><time_off wordnetid="115118453" confidence="0.8"><observation wordnetid="100879759" confidence="0.8"><leisure wordnetid="115137676" confidence="0.8"><sensory_activity wordnetid="100876737" confidence="0.8"><sensing wordnetid="100876874" confidence="0.8"><fundamental_quantity wordnetid="113575869" confidence="0.8"><time_period wordnetid="115113229" confidence="0.8"><vacation wordnetid="115137890" confidence="0.8"><event wordnetid="100029378" confidence="0.8"><act wordnetid="100030358" confidence="0.8"><psychological_feature wordnetid="100023100" confidence="0.8"><activity wordnetid="100407535" confidence="0.8"><link ns0:type="simple" ns0:href="../829/19829.xml">may day</link></activity></psychological_feature></act></event></vacation></time_period></fundamental_quantity></sensing></sensory_activity></leisure></observation></time_off></look><aggression wordnetid="100964569" confidence="0.8"><violence wordnetid="100965404" confidence="0.8"><happening wordnetid="107283608" confidence="0.8"><event wordnetid="100029378" confidence="0.8"><change wordnetid="107296428" confidence="0.8"><revolution wordnetid="107424109" confidence="0.8"><action wordnetid="100037396" confidence="0.8"><riot wordnetid="101170502" confidence="0.8"><act wordnetid="100030358" confidence="0.8"><psychological_feature wordnetid="100023100" confidence="0.8"><link ns0:type="simple" ns0:href="../134/59134.xml">pari commun</link></psychological_feature></act></riot></action></revolution></change></event></happening></violence></aggression><happening wordnetid="107283608" confidence="0.8"><event wordnetid="100029378" confidence="0.8"><change wordnetid="107296428" confidence="0.8"><revolution wordnetid="107424109" confidence="0.8"><psychological_feature wordnetid="100023100" confidence="0.8"><link ns0:type="simple" ns0:href="../459/88459.xml">spanish revolut</link></psychological_feature></revolution></change></event></happening><aggression wordnetid="100964569" confidence="0.8"><violence wordnetid="100965404" confidence="0.8"><event wordnetid="100029378" confidence="0.8"><action wordnetid="100037396" confidence="0.8"><riot wordnetid="101170502" confidence="0.8"><act wordnetid="100030358" confidence="0.8"><psychological_feature wordnetid="100023100" confidence="0.8"><link ns0:type="simple" ns0:href="../521/3015521.xml">tragic week</link></psychological_feature></act></riot></action></event></violence></aggression></col></row><row style="height:2px" /><row><col style=";padding:0.35em 1.0em; line-height:1.1em;  background:white;;" class="navbox-group">cultur</col><col style="text-align:left;border-left:2px solid #fdfdfd;width:100%;padding:0px;padding:0.25em 0; line-height:1.4em;;;" class="navbox-list navbox-odd"><music_genre wordnetid="107071942" confidence="0.9508927676800064"><link ns0:type="simple" ns0:href="../676/80676.xml">anarchopunk</link></music_genre><link ns0:type="simple" ns0:href="../940/1325940.xml">art</link><politics wordnetid="113840719" confidence="0.8"><event wordnetid="100029378" confidence="0.8"><change wordnetid="100191142" confidence="0.8"><social_relation wordnetid="100032823" confidence="0.8"><action wordnetid="100037396" confidence="0.8"><motion wordnetid="100331950" confidence="0.8"><act wordnetid="100030358" confidence="0.8"><psychological_feature wordnetid="100023100" confidence="0.8"><link ns0:type="simple" ns0:href="../742/2287742.xml">black anarch</link></psychological_feature></act></motion></action></social_relation></change></event></politics><link ns0:type="simple" ns0:href="../565/162565.xml">cultur jam</link><link ns0:type="simple" ns0:href="../399/2377399.xml">diy cultur</link><link ns0:type="simple" ns0:href="../313/185313.xml">freegan</link><body wordnetid="107965085" confidence="0.8"><university wordnetid="108286163" confidence="0.8"><social_group wordnetid="107950920" confidence="0.8"><event wordnetid="100029378" confidence="0.8"><change wordnetid="100191142" confidence="0.8"><action wordnetid="100037396" confidence="0.8"><motion wordnetid="100331950" confidence="0.8"><group wordnetid="100031264" confidence="0.8"><act wordnetid="100030358" confidence="0.8"><psychological_feature wordnetid="100023100" confidence="0.8"><link ns0:type="simple" ns0:href="../863/4913863.xml">free school</link></psychological_feature></act></group></motion></action></change></event></social_group></university></body><event wordnetid="100029378" confidence="0.8"><change wordnetid="100191142" confidence="0.8"><action wordnetid="100037396" confidence="0.8"><motion wordnetid="100331950" confidence="0.8"><act wordnetid="100030358" confidence="0.8"><psychological_feature wordnetid="100023100" confidence="0.8"><link ns0:type="simple" ns0:href="../152/1029152.xml">free store</link></psychological_feature></act></motion></action></change></event><link ns0:type="simple" ns0:href="../488/44488.xml">independ media center</link><event wordnetid="100029378" confidence="0.8"><change wordnetid="100191142" confidence="0.8"><action wordnetid="100037396" confidence="0.8"><motion wordnetid="100331950" confidence="0.8"><act wordnetid="100030358" confidence="0.8"><psychological_feature wordnetid="100023100" confidence="0.8"><link ns0:type="simple" ns0:href="../985/1446985.xml">infoshop</link></psychological_feature></act></motion></action></change></event><event wordnetid="100029378" confidence="0.8"><change wordnetid="100191142" confidence="0.8"><action wordnetid="100037396" confidence="0.8"><motion wordnetid="100331950" confidence="0.8"><act wordnetid="100030358" confidence="0.8"><psychological_feature wordnetid="100023100" confidence="0.8"><link ns0:type="simple" ns0:href="../867/4532867.xml">jewish anarch</link></psychological_feature></act></motion></action></change></event><link ns0:type="simple" ns0:href="../066/3859066.xml">popular educ</link><school wordnetid="108276720" confidence="0.8"><event wordnetid="100029378" confidence="0.8"><change wordnetid="100191142" confidence="0.8"><action wordnetid="100037396" confidence="0.8"><educational_institution wordnetid="108276342" confidence="0.8"><motion wordnetid="100331950" confidence="0.8"><act wordnetid="100030358" confidence="0.8"><psychological_feature wordnetid="100023100" confidence="0.8"><institution wordnetid="108053576" confidence="0.8"><link ns0:type="simple" ns0:href="../451/2946451.xml">realli realli free market</link></institution></psychological_feature></act></motion></educational_institution></action></change></event></school><issue wordnetid="105814650" confidence="0.8"><link ns0:type="simple" ns0:href="../360/903360.xml">symbol</link></issue><link ns0:type="simple" ns0:href="../282/18017282.xml">terminolog</link></col></row><row style="height:2px" /><row><col style=";padding:0.35em 1.0em; line-height:1.1em;  background:white;;" class="navbox-group"><issue wordnetid="105814650" confidence="0.8"><link ns0:type="simple" ns0:href="../884/1228884.xml">econom</link></issue></col><col style="text-align:left;border-left:2px solid #fdfdfd;width:100%;padding:0px;padding:0.25em 0; line-height:1.4em;;;" class="navbox-list navbox-even"><school wordnetid="108276720" confidence="0.8"><educational_institution wordnetid="108276342" confidence="0.8"><institution wordnetid="108053576" confidence="0.8"><link ns0:type="simple" ns0:href="../975/770975.xml">agor</link></institution></educational_institution></school><school wordnetid="108276720" confidence="0.8"><political_orientation wordnetid="106212839" confidence="0.8"><educational_institution wordnetid="108276342" confidence="0.8"><institution wordnetid="108053576" confidence="0.8"><link ns0:type="simple" ns0:href="../023/1023.xml">capit</link></institution></educational_institution></political_orientation></school><school wordnetid="108276720" confidence="0.8"><educational_institution wordnetid="108276342" confidence="0.8"><institution wordnetid="108053576" confidence="0.8"><link ns0:type="simple" ns0:href="../326/4450326.xml">collectiv</link></institution></educational_institution></school><school wordnetid="108276720" confidence="0.8"><political_orientation wordnetid="106212839" confidence="0.8"><educational_institution wordnetid="108276342" confidence="0.8"><institution wordnetid="108053576" confidence="0.8"><link ns0:type="simple" ns0:href="../865/17865.xml">commun</link></institution></educational_institution></political_orientation></school><link ns0:type="simple" ns0:href="../313/89313.xml">cooper</link><link ns0:type="simple" ns0:href="../491/4821491.xml">countereconom</link><link ns0:type="simple" ns0:href="../052/470052.xml">free market</link><body wordnetid="107965085" confidence="0.8"><university wordnetid="108286163" confidence="0.8"><social_group wordnetid="107950920" confidence="0.8"><event wordnetid="100029378" confidence="0.8"><change wordnetid="100191142" confidence="0.8"><action wordnetid="100037396" confidence="0.8"><motion wordnetid="100331950" confidence="0.8"><group wordnetid="100031264" confidence="0.8"><act wordnetid="100030358" confidence="0.8"><psychological_feature wordnetid="100023100" confidence="0.8"><link ns0:type="simple" ns0:href="../863/4913863.xml">free school</link></psychological_feature></act></group></motion></action></change></event></social_group></university></body><event wordnetid="100029378" confidence="0.8"><change wordnetid="100191142" confidence="0.8"><action wordnetid="100037396" confidence="0.8"><motion wordnetid="100331950" confidence="0.8"><act wordnetid="100030358" confidence="0.8"><psychological_feature wordnetid="100023100" confidence="0.8"><link ns0:type="simple" ns0:href="../152/1029152.xml">free store</link></psychological_feature></act></motion></action></change></event><link ns0:type="simple" ns0:href="../329/368329.xml">georgism</link><link ns0:type="simple" ns0:href="../588/126588.xml">gift economi</link><political_orientation wordnetid="106212839" confidence="0.8"><link ns0:type="simple" ns0:href="../225/2451225.xml">market abolition</link></political_orientation><link ns0:type="simple" ns0:href="../474/11419474.xml">mutual aid</link><school wordnetid="108276720" confidence="0.8"><political_orientation wordnetid="106212839" confidence="0.8"><educational_institution wordnetid="108276342" confidence="0.8"><institution wordnetid="108053576" confidence="0.8"><link ns0:type="simple" ns0:href="../997/1799997.xml">mutual</link></institution></educational_institution></political_orientation></school><idea wordnetid="105833840" confidence="0.8"><concept wordnetid="105835747" confidence="0.8"><category wordnetid="105838765" confidence="0.8"><school wordnetid="108276720" confidence="0.8"><political_orientation wordnetid="106212839" confidence="0.8"><educational_institution wordnetid="108276342" confidence="0.8"><type wordnetid="105840188" confidence="0.8"><kind wordnetid="105839024" confidence="0.8"><institution wordnetid="108053576" confidence="0.8"><link ns0:type="simple" ns0:href="../393/76393.xml">participatori econom</link></institution></kind></type></educational_institution></political_orientation></school></category></concept></idea><school wordnetid="108276720" confidence="0.8"><event wordnetid="100029378" confidence="0.8"><change wordnetid="100191142" confidence="0.8"><action wordnetid="100037396" confidence="0.8"><educational_institution wordnetid="108276342" confidence="0.8"><motion wordnetid="100331950" confidence="0.8"><act wordnetid="100030358" confidence="0.8"><psychological_feature wordnetid="100023100" confidence="0.8"><institution wordnetid="108053576" confidence="0.8"><link ns0:type="simple" ns0:href="../451/2946451.xml">realli realli free market</link></institution></psychological_feature></act></motion></educational_institution></action></change></event></school><political_orientation wordnetid="106212839" confidence="0.8"><link ns0:type="simple" ns0:href="../834/766834.xml">selfownership</link></political_orientation><school wordnetid="108276720" confidence="0.8"><political_orientation wordnetid="106212839" confidence="0.8"><educational_institution wordnetid="108276342" confidence="0.8"><institution wordnetid="108053576" confidence="0.8"><link ns0:type="simple" ns0:href="../938/49938.xml">syndic</link></institution></educational_institution></political_orientation></school><practice wordnetid="100410247" confidence="0.8"><event wordnetid="100029378" confidence="0.8"><act wordnetid="100030358" confidence="0.8"><psychological_feature wordnetid="100023100" confidence="0.8"><activity wordnetid="100407535" confidence="0.8"><link ns0:type="simple" ns0:href="../706/53706.xml">wage slaveri</link></activity></psychological_feature></act></event></practice><link ns0:type="simple" ns0:href="../690/1864690.xml">worker selfmanag</link></col></row><row style="height:2px" /><row><col style=";padding:0.35em 1.0em; line-height:1.1em;  background:white;;" class="navbox-group"><link ns0:type="simple" ns0:href="../696/6205696.xml">region</link></col><col style="text-align:left;border-left:2px solid #fdfdfd;width:100%;padding:0px;padding:0.25em 0; line-height:1.4em;;;" class="navbox-list navbox-odd"><link ns0:type="simple" ns0:href="../310/1433310.xml">africa</link><politics wordnetid="113840719" confidence="0.8"><social_relation wordnetid="100032823" confidence="0.8"><link ns0:type="simple" ns0:href="../653/7195653.xml">austria</link></social_relation></politics><politics wordnetid="113840719" confidence="0.8"><social_relation wordnetid="100032823" confidence="0.8"><link ns0:type="simple" ns0:href="../671/8874671.xml">brazil</link></social_relation></politics><event wordnetid="100029378" confidence="0.8"><change wordnetid="100191142" confidence="0.8"><action wordnetid="100037396" confidence="0.8"><motion wordnetid="100331950" confidence="0.8"><act wordnetid="100030358" confidence="0.8"><psychological_feature wordnetid="100023100" confidence="0.8"><link ns0:type="simple" ns0:href="../019/14603019.xml">canada</link></psychological_feature></act></motion></action></change></event><physical_entity wordnetid="100001930" confidence="0.8"><person wordnetid="100007846" confidence="0.8"><worker wordnetid="109632518" confidence="0.8"><causal_agent wordnetid="100007347" confidence="0.8"><anarchist wordnetid="109791816" confidence="0.8"><radical wordnetid="110503452" confidence="0.8"><link ns0:type="simple" ns0:href="../561/4977561.xml">china</link></radical></anarchist></causal_agent></worker></person></physical_entity><link ns0:type="simple" ns0:href="../176/8784176.xml">cuba</link><politics wordnetid="113840719" confidence="0.8"><social_relation wordnetid="100032823" confidence="0.8"><link ns0:type="simple" ns0:href="../063/673063.xml">england</link></social_relation></politics><link ns0:type="simple" ns0:href="../365/5658365.xml">franc</link><link ns0:type="simple" ns0:href="../745/6244745.xml">greec</link><politics wordnetid="113840719" confidence="0.8"><social_relation wordnetid="100032823" confidence="0.8"><link ns0:type="simple" ns0:href="../954/14526954.xml">india</link></social_relation></politics><link ns0:type="simple" ns0:href="../320/10403320.xml">ireland</link><link ns0:type="simple" ns0:href="../302/8360302.xml">israel</link><link ns0:type="simple" ns0:href="../567/10304567.xml">itali</link><politics wordnetid="113840719" confidence="0.8"><social_relation wordnetid="100032823" confidence="0.8"><link ns0:type="simple" ns0:href="../723/15481723.xml">japan</link></social_relation></politics><politics wordnetid="113840719" confidence="0.8"><social_relation wordnetid="100032823" confidence="0.8"><link ns0:type="simple" ns0:href="../159/15475159.xml">korea</link></social_relation></politics><physical_entity wordnetid="100001930" confidence="0.8"><politics wordnetid="113840719" confidence="0.8"><person wordnetid="100007846" confidence="0.8"><social_relation wordnetid="100032823" confidence="0.8"><causal_agent wordnetid="100007347" confidence="0.8"><anarchist wordnetid="109791816" confidence="0.8"><radical wordnetid="110503452" confidence="0.8"><link ns0:type="simple" ns0:href="../528/4117528.xml">mexico</link></radical></anarchist></causal_agent></social_relation></person></politics></physical_entity><politics wordnetid="113840719" confidence="0.8"><social_relation wordnetid="100032823" confidence="0.8"><link ns0:type="simple" ns0:href="../386/15499386.xml">poland</link></social_relation></politics><link ns0:type="simple" ns0:href="../769/7475769.xml">russia</link><link ns0:type="simple" ns0:href="../586/805586.xml">spain</link><politics wordnetid="113840719" confidence="0.8"><social_relation wordnetid="100032823" confidence="0.8"><link ns0:type="simple" ns0:href="../268/7080268.xml">sweden</link></social_relation></politics><politics wordnetid="113840719" confidence="0.8"><social_relation wordnetid="100032823" confidence="0.8"><link ns0:type="simple" ns0:href="../912/15484912.xml">turkey</link></social_relation></politics><link ns0:type="simple" ns0:href="../267/7066267.xml">ukrain</link><link ns0:type="simple" ns0:href="../182/2274182.xml">unit state</link><physical_entity wordnetid="100001930" confidence="0.8"><person wordnetid="100007846" confidence="0.8"><worker wordnetid="109632518" confidence="0.8"><causal_agent wordnetid="100007347" confidence="0.8"><link ns0:type="simple" ns0:href="../615/16032615.xml">vietnam</link></causal_agent></worker></person></physical_entity></col></row><row style="height:2px" /><row><col style=";padding:0.35em 1.0em; line-height:1.1em;  background:white;;" class="navbox-group"><link ns0:type="simple" ns0:href="../461/14946461.xml">list</link></col><col style="text-align:left;border-left:2px solid #fdfdfd;width:100%;padding:0px;padding:0.25em 0; line-height:1.4em;;;" class="navbox-list navbox-even"><link ns0:type="simple" ns0:href="../104/3786104.xml">book</link><link ns0:type="simple" ns0:href="../185/218185.xml">commun</link><link ns0:type="simple" ns0:href="../843/4507843.xml">fiction charact</link><link ns0:type="simple" ns0:href="../009/9465009.xml">jewish anarchist</link><link ns0:type="simple" ns0:href="../081/1548081.xml">musician</link><link ns0:type="simple" ns0:href="../696/6205696.xml">movement region</link><link ns0:type="simple" ns0:href="../960/773960.xml">organ</link><link ns0:type="simple" ns0:href="../080/11836080.xml">period</link><link ns0:type="simple" ns0:href="../989/4758989.xml">poet</link><link ns0:type="simple" ns0:href="../086/1121086.xml">anarchopunk band</link><link ns0:type="simple" ns0:href="../706/5225706.xml">russian anarchist</link></col></row><row style="height:2px" /><row><col style=";padding:0.35em 1.0em; line-height:1.1em;  background:white;;" class="navbox-group">relat topic</col><col style="text-align:left;border-left:2px solid #fdfdfd;width:100%;padding:0px;padding:0.25em 0; line-height:1.4em;;;" class="navbox-list navbox-odd"><link ns0:type="simple" ns0:href="../443/44443.xml">anticapit</link><link ns0:type="simple" ns0:href="../658/18940658.xml#xpointer(//*[./st=%22Anarchist+anti-communism%22])">anticommun</link><link ns0:type="simple" ns0:href="../109/3942109.xml">anticonsumer</link><link ns0:type="simple" ns0:href="../803/715803.xml">anticorporat</link><information wordnetid="105816287" confidence="0.8"><political_orientation wordnetid="106212839" confidence="0.8"><example wordnetid="105820620" confidence="0.8"><link ns0:type="simple" ns0:href="../816/93816.xml">antiglob</link></example></political_orientation></information><link ns0:type="simple" ns0:href="../698/3483698.xml">antimilitar</link><link ns0:type="simple" ns0:href="../771/2029771.xml">antistat</link><link ns0:type="simple" ns0:href="../091/214091.xml">antiwar</link><school wordnetid="108276720" confidence="0.8"><political_orientation wordnetid="106212839" confidence="0.8"><educational_institution wordnetid="108276342" confidence="0.8"><institution wordnetid="108053576" confidence="0.8"><link ns0:type="simple" ns0:href="../659/5170659.xml">autarch</link></institution></educational_institution></political_orientation></school><link ns0:type="simple" ns0:href="../264/4685264.xml">autonom</link><link ns0:type="simple" ns0:href="../687/19287687.xml">labour movement</link><link ns0:type="simple" ns0:href="../498/3225498.xml">libertarian</link><political_orientation wordnetid="106212839" confidence="0.8"><link ns0:type="simple" ns0:href="../048/18048.xml">libertarian social</link></political_orientation><group wordnetid="100031264" confidence="0.8"><link ns0:type="simple" ns0:href="../521/57521.xml">situationist intern</link></group></col></row><row style="height:2px;" /><row><col colspan="3" style=";background:white;" class="navbox-abovebelow"><image width="30px" src="BlackFlagSymbol.svg" />anarch portal philosophi portal polit portal</col></row></table></col></row></table></p></sec></bdy></publication></medium></periodical></instrumentality></artifact></press></creation></print_media></magazine></product></work></article>