<article xmlns:ns0="http://www.w3.org/1999/xlink"><school confidence="0.9511911446218017" wordnetid="108276720"><header><title>engin and scienc educ program</title><id /><revision><id /><timestamp /><contributor><username>boleyn</username><id /></contributor></revision><categories><category>educ the philippin</category><category>scienc high school the philippin</category></categories></header><bdy>the engin and scienc educ program esep<link ns0:type="simple" ns0:href="../700/26700.xml">scienc</link>and<link ns0:type="simple" ns0:href="../831/18831.xml">mathemat</link>orient<link ns0:type="simple" ns0:href="../983/479983.xml">curriculum</link>devis for<link ns0:type="simple" ns0:href="../556/42556.xml">high school</link>the<country wordnetid="108544813" confidence="0.9508927676800064"><link ns0:type="simple" ns0:href="../440/23440.xml">philippin</link></country>the esep program offer special high school whether public privat supervis the<generic wordnetid="107899976" confidence="0.9508927676800064"><link ns0:type="simple" ns0:href="../548/5464548.xml">depart educ</link></generic>current there are high school offer the esep program the major public<sec><st>comparison between the esep the rsh union and the psh system</st><p>all three type scienc high school the philippin esep high school high school the<school wordnetid="108276720" confidence="0.8"><educational_institution wordnetid="108276342" confidence="0.8"><institution wordnetid="108053576" confidence="0.8"><link ns0:type="simple" ns0:href="../894/6308894.xml">region scienc high school union</link></institution></educational_institution></school>and the<school wordnetid="108276720" confidence="0.9508927676800064"><link ns0:type="simple" ns0:href="../450/3450450.xml">philippin scienc high school system</link></school>offer curriculum place import mathemat and the scienc well research note though that the rsh union and the psh system have higher standard scienc and mathemat educ than esep high school likewis esep high school and the rsh union are oper depart educ while the psh system oper<link ns0:type="simple" ns0:href="../859/4701859.xml">depart scienc and technolog</link></p><p>esep high school transfer student are permit enrol provid the student come from anoth esep high school from rsh from the psh system the region scienc high school union and the psh system transfer are onli allow within their respect system for incom sophomor onli student who wish transfer from esep high school the rsh psh system will not admit although the revers permiss</p><p>all three type scienc high school also maintain differ grade system esep high school and the rsh union appli the standard grade system for high school the philippin while the psh system maintain uniqu grade system use the scale</p></sec><sec><st>academ programm</st><ss1><st>philippin scienc high school psh core curriculum</st><p><table class="wikitable"><row><header>curriculum year level</header><header>curriculum year level</header><header>curriculum year level</header><header>curriculum year level</header></row><row><col>integr scienc</col><col>introduct biolog biolog</col><col>advanc biolog biolog</col><col>advanc biolog biolog</col></row><row><col>elementari algebra mathemat</col><col>inorgan chemistri part chemistri</col><col>inorgan chemistri part chemistri</col><col>advanc chemistri chemistri</col></row><row><col>commun art english</col><col>gener physic physic</col><col>advanc physic physic</col><col>advanc physic physic</col></row><row><col>introduct comput scienc comput scienc</col><col>plane geometri mathemat</col><col>advanc algebra and trigonometri mathemat</col><col>elementari analysi mathemat</col></row><row><col>sine komunikasyon filipino</col><col>advanc algebra mathemat</col><col>softwar project plan comput scienc</col><col>special topic comput scienc comput scienc</col></row><row><col>philippin histori govern social scienc</col><col>introduct program comput scienc</col><col>commun art asian literatur english</col><col>commun art american and european literatur english</col></row><row><col>introduct valu educ valu educ</col><col>commun art english</col><col>malikha pagsulat filipino</col><col>panitikang pilipino filipino</col></row><row><col>introduct valu educ valu educ</col><col>pagsusuri pagpapahalagang pampanitikan filipino</col><col>world histori social scienc</col><col>panitikang pilipino filipino</col></row><row><col>physic health music pehm</col><col>asian studi social scienc</col><col>physic educ and health iii peh</col><col>econom social scienc</col></row><row><col>art draft one semest each</col><col>valu develop valu educ</col><col>principl sciencetechnolog research research</col><col>physic educ and health peh preparatori militari train pmt</col></row><row><col>earth scienc</col><col>health music pehm</col><col>experiment scienc technolog research research</col></row><row><col>technolog prepar</col><col>art draft</col><col>elect</col><col>elect</col></row><row><col>environment scienc technolog skill</col></row></table></p><ss2><st>elect</st><p><table class="wikitable"><row><header>curriculum year level</header><header>curriculum year level</header></row><row><col>laboratori techniqu</col><col>digit design</col></row><row><col>food scienc</col><col>visual commun</col></row><row><col>problembas physic</col><col>cell and molecular biolog</col></row><row><col>select topic number theori</col><col>journal filipino english</col></row><row><col>basic robot</col><col>select topic mathemat</col></row><row><col>data commun</col><col>theater art</col></row><row><col>popular law</col><col>advanc electron</col></row><row><col>creativ write</col><col>cisco network</col></row><row><col>english journal</col><col>embed system</col></row><row><col>filipino journal</col></row><row><col>scienc summer internship program summer</col></row><row><col>field biolog summer</col></row></table></p></ss2></ss1><ss1><st>region scienc high school curriculum</st><p><table class="wikitable"><row><header>subject area</header><header>curriculum year level</header><header>curriculum year level</header><header>curriculum year level</header><header>curriculum year level</header></row><row><col>scienc</col><col>earth and environment scienc natur scienc</col><col>basic biolog scienc advanc biolog scienc</col><col>chemistri basic chemistri physic basic physic</col><col>chemistri advanc chemistri physic advanc physic</col></row><row><col>mathemat</col><col>elementari algebra</col><col>mathemat iia advanc algebra mathemat iib geometri</col><col>mathemat iii precalculu and trigonometri analyt geometri advanc statist</col><col>calculu with linear algebra</col></row><row><col>english</col><col>grammar commun skill and literatur</col><col>grammar commun skill and afroasian literatur</col><col>grammar commun skill and asian literatur</col><col>grammar commun skill and world literatur</col></row><row><col>filipino</col><col>filipino ibong adarna</col><col>filipino florant laura</col><col>filipino iii noli tanger</col><col>filipino filibusterismo</col></row><row><col>social scienc</col><col>aral panlipunan philippin histori</col><col>aral panlipunan asian histori</col><col>aral panlipunan iii world histori</col><col>aral panlipunan econom</col></row><row><col>mapeh</col><col>music art physic educ and health</col><col>music art physic educ and health</col><col>music art physic educ and health iii</col><col>music art physic educ and health</col></row><row><col>comput educ</col><col>comput educ</col><col>comput educ</col><col>comput educ for thi curriculum</col><col>comput educ for thi curriculum</col></row><row><col>research</col><col>research technic write and basic statist</col><col>research advanc technic write</col><col>research iia intermedi research scienc</col><col>research iib advanc research scienc</col></row><row><col>elect</col><col>elect for thi year level</col><col>advanc technic write biotechnolog botani busi mathemat journal pamamahayag draft</col><col>speech and drama technic write journal pamamahayag</col><col>creativ write environment chemistri geolog meteorolog and astronomi linear algebra journal iii pamamahayag iii theater art french human electr</col></row></table></p></ss1><ss1><st>engin and scienc educ program esep curriculum</st><p><table class="wikitable"><row><header>subject area</header><header>curriculum year level</header><header>curriculum year level</header><header>curriculum year level</header><header>curriculum year level</header></row><row><col>scienc</col><col>integr scienc earth and environment scienc</col><col>biolog scienc</col><col>chemistri ibas chemistri physic ibas physic</col><col>chemistri iiadvanc chemistri physic iiadvanc physic</col></row><row><col>mathemat</col><col>elementari algebra</col><col>intermedi algebra geometri</col><col>advanc algebra</col><col>mathemat</col></row><row><col>english</col><col>grammar commun skill and literatur</col><col>grammar commun skill and afroasian literatur</col><col>grammar commun skill and asian literatur</col><col>grammar commun skill and world literatur</col></row><row><col>filipino</col><col>filipino</col><col>filipino</col><col>filipino iii</col><col>filipino</col></row><row><col>social scienc</col><col>aral panlipunan</col><col>aral panlipunan</col><col>aral panlipunan iii</col><col>aral panlipunan</col></row><row><col>technolog and livelihood educ</col><col>tle comput educ</col><col>tle inform and commun technolog agriculturefisheri civil technolog electronicselectr</col><col>tle iii inform and commun technolog agriculturefisheri civil technolog electronicselectr</col><col>tle inform and commun technolog agriculturefisheri civil technolog digit electronicsroboticselectr</col></row><row><col>mapeh</col><col>music art physic educ and health</col><col>music art physic educ and health</col><col>music art physic educ and health iii</col><col>music art physic educ and health</col></row><row><col>research</col><col>research basic statist and technic write</col><col>research engin for scienc and tech basic statist research</col><col>research curriculum</col><col>research iii research scienc</col></row><row><col>valu educ</col><col>valu educ</col><col>valu educ</col><col>valu educ iii</col><col>valu educ</col></row><row><col>development read</col><col>biotechnolog advanc statist</col></row></table></p></ss1></sec><sec><st>other program</st><ss1><st>the technicalvoc educ program techvoctvep</st><p>the techvoc program seek provid earli train for labor skill particularli machin work trade agricultur inform technolog among othersth program offer graduat high school student and main purpos either prepar them for colleg enabl them work variou industri</p><p>the technicalvoc area special which includ machin shop automot technolog weld electron technolog build construct furnitur and cabinet make plumb electr comput technolog food process anim product fish process fish captur fish cultur agricultur oper and technic draw</p><p>current there are techvoc high school the philippin which are prioriti techvoc high school</p></ss1><ss1><st>the special program for the art spa</st><p>the special program for the art nationwid program for student with potenti talent the art one pilot school everi region select pilot and implement thi program and now fourth year implement</p><p>the select school offer comprehens secondari educ program center the art cover rang art form and disciplin art educ integr compon balanc educ program all year level which also provid the background for postsecondari level work</p></ss1><ss1><st>special program for sportssp</st><p>the special program sport the line with effort the depe institution program that will identifi discov student with potenti sport talent and train them for higher level athlet competit</p><p>the special program for sport offer four year secondari curriculum pattern after that regular high school with special sport</p></ss1></sec><sec><st>special scienc grade school ssg</st><p>part the expans program the depart educ engin and scienc educ program the special scienc elementari school establish serv feeder school for scienc high school thi program envis develop filipino children who are equip with scientif and technolog knowledg skill and attitud creativ and have posit valu and lifelong learn skill becom product partner the develop the commun and societi and aim determin the qualiti that scienc inclin learner possess describ the characterist good special elementari school and determin the factor input into the that significantli contribut the improv perform the learner involv the studi</p><p>accord the guidelin should have state the art technolog that provid for standard size classroom meter meter with least two comput televis set cassett record player lcd projector ohp vhsvcddvd player for everi classroom the classroom should also have scienc laboratori comput laboratori with multimedia and internet facil speech laboratori music room and music instrument and gym with function sport facil<ref ns0:type="simple" ns0:href="#xpointer(//reflist/entry[@id=%221%22])" /></p><p><table style="text-align:center; font-size:87%; clear:both;" width="94%" align="center" class="toccolours"><header width="80px"><image width="25px" src="Nuvola_apps_kalzium.png" /></header><header style="background-color: #bce">scienc<link ns0:type="simple" ns0:href="../556/42556.xml">high school</link>the<country wordnetid="108544813" confidence="0.9508927676800064"><link ns0:type="simple" ns0:href="../440/23440.xml">philippin</link></country></header><row><header style="background-color: #bce"><school wordnetid="108276720" confidence="0.9508927676800064"><link ns0:type="simple" ns0:href="../450/3450450.xml">philippin scienc high school system</link></school></header><col colspan="2" align="left"><link ns0:type="simple" ns0:href="../916/3544916.xml">main</link><school wordnetid="108276720" confidence="0.8"><educational_institution wordnetid="108276342" confidence="0.8"><institution wordnetid="108053576" confidence="0.8"><link ns0:type="simple" ns0:href="../691/17243691.xml">iloco</link></institution></educational_institution></school><link>cagayan valley</link><link>bicol</link><school wordnetid="108276720" confidence="0.9508927676800064"><link ns0:type="simple" ns0:href="../130/4628130.xml">western visaya</link></school><school wordnetid="108276720" confidence="0.9508927676800064"><link ns0:type="simple" ns0:href="../570/5998570.xml">eastern visaya</link></school><school wordnetid="108276720" confidence="0.8"><educational_institution wordnetid="108276342" confidence="0.8"><institution wordnetid="108053576" confidence="0.8"><link ns0:type="simple" ns0:href="../736/17256736.xml">central visaya</link></institution></educational_institution></school><link ns0:type="simple" ns0:href="../965/3544965.xml">southern mindanao</link><link ns0:type="simple" ns0:href="../450/3450450.xml">central mindanao</link></col></row><row><header style="background-color: #bce"><school wordnetid="108276720" confidence="0.8"><educational_institution wordnetid="108276342" confidence="0.8"><institution wordnetid="108053576" confidence="0.8"><link ns0:type="simple" ns0:href="../894/6308894.xml">region scienc high school union</link></institution></educational_institution></school></header><col colspan="2" style="background-color: #eee" align="left">luzon<school wordnetid="108276720" confidence="0.9508927676800064"><link ns0:type="simple" ns0:href="../985/5004985.xml" /></school><school wordnetid="108276720" confidence="0.8"><senior_high_school wordnetid="108409617" confidence="0.8"><educational_institution wordnetid="108276342" confidence="0.8"><institution wordnetid="108053576" confidence="0.8"><link ns0:type="simple" ns0:href="../417/11080417.xml" /></institution></educational_institution></senior_high_school></school><link ns0:type="simple" ns0:href="../446/18764446.xml">iii</link><school wordnetid="108276720" confidence="0.8"><educational_institution wordnetid="108276342" confidence="0.8"><institution wordnetid="108053576" confidence="0.8"><link ns0:type="simple" ns0:href="../649/13965649.xml">iva</link></institution></educational_institution></school><link>ivb</link><link /><school wordnetid="108276720" confidence="0.8"><educational_institution wordnetid="108276342" confidence="0.8"><institution wordnetid="108053576" confidence="0.8"><link ns0:type="simple" ns0:href="../296/12790296.xml">car</link></institution></educational_institution></school><school wordnetid="108276720" confidence="0.9508927676800064"><link ns0:type="simple" ns0:href="../276/1433276.xml">ncr</link></school><p>visaya<link ns0:type="simple" ns0:href="../453/7403453.xml" /><school wordnetid="108276720" confidence="0.8"><educational_institution wordnetid="108276342" confidence="0.8"><institution wordnetid="108053576" confidence="0.8"><link ns0:type="simple" ns0:href="../671/13965671.xml">vii</link></institution></educational_institution></school><link>viii</link></p><p>mindanao<link /><link /><link /><school wordnetid="108276720" confidence="0.8"><educational_institution wordnetid="108276342" confidence="0.8"><institution wordnetid="108053576" confidence="0.8"><link ns0:type="simple" ns0:href="../194/13067194.xml">xii</link></institution></educational_institution></school><link>xiii</link><link>armm</link></p></col></row><row><header style="background-color: #bce"><link ns0:type="simple" ns0:href="../908/10194908.xml">engin and scienc educ program</link></header><col colspan="2" align="left">ncr public scienc high school<school wordnetid="108276720" confidence="0.9508927676800064"><link ns0:type="simple" ns0:href="../945/9499945.xml">caloocan</link></school><link>pia</link><school wordnetid="108276720" confidence="0.9508927676800064"><link ns0:type="simple" ns0:href="../606/9606606.xml">makati</link></school><school wordnetid="108276720" confidence="0.8"><educational_institution wordnetid="108276342" confidence="0.8"><institution wordnetid="108053576" confidence="0.8"><link ns0:type="simple" ns0:href="../352/13967352.xml">mandaluyong</link></institution></educational_institution></school><link ns0:type="simple" ns0:href="../029/13981029.xml">raja soliman manila</link><school wordnetid="108276720" confidence="0.9508927676800064"><link ns0:type="simple" ns0:href="../832/3514832.xml">manila</link></school><school wordnetid="108276720" confidence="0.9508927676800064"><link ns0:type="simple" ns0:href="../987/12507987.xml">marikina</link></school><school wordnetid="108276720" confidence="0.9508927676800064"><link ns0:type="simple" ns0:href="../043/5100043.xml">muntinlupa</link></school><link>paraaqu</link><link>pasay</link><school wordnetid="108276720" confidence="0.9508927676800064"><link ns0:type="simple" ns0:href="../320/13891320.xml">pasig</link></school><link>taguig</link><link>valenzuela</link><p>provinci public scienc high school<school wordnetid="108276720" confidence="0.8"><educational_institution wordnetid="108276342" confidence="0.8"><institution wordnetid="108053576" confidence="0.8"><link ns0:type="simple" ns0:href="../316/13965316.xml">angel citi</link></institution></educational_institution></school><school wordnetid="108276720" confidence="0.8"><educational_institution wordnetid="108276342" confidence="0.8"><institution wordnetid="108053576" confidence="0.8"><link ns0:type="simple" ns0:href="../559/13965559.xml">aurora</link></institution></educational_institution></school><school wordnetid="108276720" confidence="0.9508927676800064"><link ns0:type="simple" ns0:href="../675/17538675.xml">baguio citi nation</link></school><link ns0:type="simple" ns0:href="../480/162480.xml">baguio citi pine citi</link><school wordnetid="108276720" confidence="0.8"><educational_institution wordnetid="108276342" confidence="0.8"><institution wordnetid="108053576" confidence="0.8"><link ns0:type="simple" ns0:href="../602/13965602.xml">bai citi</link></institution></educational_institution></school><link>barotac nuevo iloilo</link><link ns0:type="simple" ns0:href="../613/13965613.xml">batan</link><school wordnetid="108276720" confidence="0.8"><educational_institution wordnetid="108276342" confidence="0.8"><institution wordnetid="108053576" confidence="0.8"><link ns0:type="simple" ns0:href="../630/13965630.xml">batanga</link></institution></educational_institution></school><link ns0:type="simple" ns0:href="../205/19126205.xml">bulacan</link><link>cabanatuan citi</link><school wordnetid="108276720" confidence="0.9508927676800064"><link ns0:type="simple" ns0:href="../009/9440009.xml">cagayan</link></school><school wordnetid="108276720" confidence="0.8"><senior_high_school wordnetid="108409617" confidence="0.8"><educational_institution wordnetid="108276342" confidence="0.8"><institution wordnetid="108053576" confidence="0.8"><link ns0:type="simple" ns0:href="../655/4510655.xml">cebu citi</link></institution></educational_institution></senior_high_school></school><link ns0:type="simple" ns0:href="../810/10232810.xml">dipolog citi</link><link ns0:type="simple" ns0:href="../726/13965726.xml">dumanga iloilo</link><link>ifugao</link><link ns0:type="simple" ns0:href="../756/13965756.xml">kabasalan zamboanga sibugay</link><link>union</link><school wordnetid="108276720" confidence="0.8"><educational_institution wordnetid="108276342" confidence="0.8"><institution wordnetid="108053576" confidence="0.8"><link ns0:type="simple" ns0:href="../786/13965786.xml">lipa citi</link></institution></educational_institution></school><link ns0:type="simple" ns0:href="../799/13965799.xml">medellin cebu</link><link ns0:type="simple" ns0:href="../810/13965810.xml">minglanilla cebu</link><link ns0:type="simple" ns0:href="../861/13965861.xml">misami occident</link><school wordnetid="108276720" confidence="0.8"><educational_institution wordnetid="108276342" confidence="0.8"><institution wordnetid="108053576" confidence="0.8"><link ns0:type="simple" ns0:href="../921/13965921.xml">naga citi</link></institution></educational_institution></school><school wordnetid="108276720" confidence="0.8"><educational_institution wordnetid="108276342" confidence="0.8"><institution wordnetid="108053576" confidence="0.8"><link ns0:type="simple" ns0:href="../239/13967239.xml">negro occident</link></institution></educational_institution></school><school wordnetid="108276720" confidence="0.8"><educational_institution wordnetid="108276342" confidence="0.8"><institution wordnetid="108053576" confidence="0.8"><link ns0:type="simple" ns0:href="../319/13967319.xml">puerto princesa citi</link></institution></educational_institution></school><school wordnetid="108276720" confidence="0.8"><senior_high_school wordnetid="108409617" confidence="0.8"><educational_institution wordnetid="108276342" confidence="0.8"><institution wordnetid="108053576" confidence="0.8"><link ns0:type="simple" ns0:href="../732/7217732.xml">rizal</link></institution></educational_institution></senior_high_school></school><school wordnetid="108276720" confidence="0.8"><educational_institution wordnetid="108276342" confidence="0.8"><institution wordnetid="108053576" confidence="0.8"><link ns0:type="simple" ns0:href="../337/13967337.xml">san pablo citi</link></institution></educational_institution></school><link ns0:type="simple" ns0:href="../882/13965882.xml">santa rosa citi</link><school wordnetid="108276720" confidence="0.8"><educational_institution wordnetid="108276342" confidence="0.8"><institution wordnetid="108053576" confidence="0.8"><link ns0:type="simple" ns0:href="../263/13967263.xml">siquijor</link></institution></educational_institution></school><school wordnetid="108276720" confidence="0.8"><educational_institution wordnetid="108276342" confidence="0.8"><institution wordnetid="108053576" confidence="0.8"><link ns0:type="simple" ns0:href="../595/13980595.xml">tagaytay citi</link></institution></educational_institution></school><school wordnetid="108276720" confidence="0.8"><educational_institution wordnetid="108276342" confidence="0.8"><institution wordnetid="108053576" confidence="0.8"><link>tagbilaran citi</link></institution></educational_institution></school><school wordnetid="108276720" confidence="0.8"><educational_institution wordnetid="108276342" confidence="0.8"><institution wordnetid="108053576" confidence="0.8"><link ns0:type="simple" ns0:href="../814/13980814.xml">talisay citi cebu</link></institution></educational_institution></school><school wordnetid="108276720" confidence="0.8"><educational_institution wordnetid="108276342" confidence="0.8"><institution wordnetid="108053576" confidence="0.8"><link ns0:type="simple" ns0:href="../826/13980826.xml">tandag citi</link></institution></educational_institution></school><school wordnetid="108276720" confidence="0.8"><educational_institution wordnetid="108276342" confidence="0.8"><institution wordnetid="108053576" confidence="0.8"><link ns0:type="simple" ns0:href="../837/13980837.xml">tanjay citi</link></institution></educational_institution></school><school wordnetid="108276720" confidence="0.8"><educational_institution wordnetid="108276342" confidence="0.8"><institution wordnetid="108053576" confidence="0.8"><link ns0:type="simple" ns0:href="../935/13980935.xml">toledo citi</link></institution></educational_institution></school><school wordnetid="108276720" confidence="0.9508927676800064"><link ns0:type="simple" ns0:href="../197/12101197.xml">ubay bohol</link></school></p><p>privat scienc high school<school wordnetid="108276720" confidence="0.8"><educational_institution wordnetid="108276342" confidence="0.8"><institution wordnetid="108053576" confidence="0.8"><link ns0:type="simple" ns0:href="../488/7646488.xml">batanga</link></institution></educational_institution></school><link>emilio aguinaldo colleg</link><link>lorma colleg</link><school wordnetid="108276720" confidence="0.9508927676800064"><link ns0:type="simple" ns0:href="../077/9385077.xml">malayan</link></school><link>pcuunion</link><link>slc</link><senior_high_school wordnetid="108409617" confidence="0.8"><link ns0:type="simple" ns0:href="../733/17017733.xml">roosevelt colleg</link></senior_high_school><link>univers baguio</link></p></col></row></table></p></sec></bdy></school></article>