<article xmlns:ns0="http://www.w3.org/1999/xlink"><gossip confidence="0.8" wordnetid="107223170"><scandal confidence="0.8" wordnetid="107223811"><event confidence="0.8" wordnetid="100029378"><informing confidence="0.8" wordnetid="107212190"><report confidence="0.8" wordnetid="107217924"><act confidence="0.8" wordnetid="100030358"><psychological_feature confidence="0.8" wordnetid="100023100"><speech_act confidence="0.8" wordnetid="107160883"><header><title>controversi surround royal dutch shell</title><id /><revision><id /><timestamp /><contributor><username>bozmo</username><id /></contributor></revision><categories><category>wikipedia refer cleanup</category><category>corpor scandal</category><category>royal dutch shell</category></categories></header><bdy><table class="metadata plainlinks ambox "><row><col>amboxstyl style</col></row><row><col class="mbox-image"><p><image width="40x40px" src="Ambox_style.png" /></p></col><col style="" class="mbox-text">the refer use thi articl may clearer with differ consist style</col></row></table><p><image location="right" width="350px" src="ShellToSeaLondon.jpg" type="thumb"><caption>you should asham yourself<language wordnetid="106282651" confidence="0.9508927676800064"><link ns0:type="simple" ns0:href="../105/15105.xml">irish</link></language>man erect banner the irish embassi<village wordnetid="108672738" confidence="0.9508927676800064"><link ns0:type="simple" ns0:href="../867/17867.xml">london</link></village>protest over the<link ns0:type="simple" ns0:href="../319/553319.xml">irish govern</link><link ns0:type="simple" ns0:href="../557/162557.xml">collus</link>with<region wordnetid="108630985" confidence="0.8"><field wordnetid="108569998" confidence="0.8"><politics wordnetid="113840719" confidence="0.8"><location wordnetid="100027167" confidence="0.8"><tract wordnetid="108673395" confidence="0.8"><social_relation wordnetid="100032823" confidence="0.8"><geographical_area wordnetid="108574314" confidence="0.8"><link ns0:type="simple" ns0:href="../600/2232600.xml">shell activ north west ireland</link></geographical_area></social_relation></tract></location></politics></field></region></caption></image></p><p>there have been concern over<company wordnetid="108058098" confidence="0.9508927676800064"><link ns0:type="simple" ns0:href="../417/59417.xml">royal dutch shell</link></company>over environment and health and safeti relat issu well respect busi practic and prioriti recent time shell manag acknowledg some these problem and promis take step repair damag done both the affect parti and own reput which involv tighten intern control between differ subsidiari ostens commit<link ns0:type="simple" ns0:href="../356/398356.xml">corpor social respons</link>extens global<link ns0:type="simple" ns0:href="../861/2861.xml">advertis</link>campaign and other initi the late see<physical_entity wordnetid="100001930" confidence="0.8"><disputant wordnetid="109615465" confidence="0.8"><communicator wordnetid="109610660" confidence="0.8"><person wordnetid="100007846" confidence="0.8"><reformer wordnetid="110515194" confidence="0.8"><militant wordnetid="110315837" confidence="0.8"><intellectual wordnetid="109621545" confidence="0.8"><causal_agent wordnetid="100007347" confidence="0.8"><writer wordnetid="110794014" confidence="0.8"><scholar wordnetid="110557854" confidence="0.8"><link ns0:type="simple" ns0:href="../970/330970.xml">ken sarowiwa</link></scholar></writer></causal_agent></intellectual></militant></reformer></person></communicator></disputant></physical_entity>and earli</p><p>there are two other main subsidiari articl about royal dutch shell</p><p><indent level="1">main articl<gossip wordnetid="107223170" confidence="0.8"><scandal wordnetid="107223811" confidence="0.8"><event wordnetid="100029378" confidence="0.8"><informing wordnetid="107212190" confidence="0.8"><report wordnetid="107217924" confidence="0.8"><act wordnetid="100030358" confidence="0.8"><psychological_feature wordnetid="100023100" confidence="0.8"><speech_act wordnetid="107160883" confidence="0.8"><link ns0:type="simple" ns0:href="../625/10441625.xml">royal dutch shell safeti concern</link></speech_act></psychological_feature></act></report></informing></event></scandal></gossip></indent><indent level="1">main articl<issue wordnetid="105814650" confidence="0.8"><link ns0:type="simple" ns0:href="../178/17384178.xml">royal dutch shell environment issu</link></issue></indent>the key inform about shell the articl</p><p><indent level="1">main articl<company wordnetid="108058098" confidence="0.9508927676800064"><link ns0:type="simple" ns0:href="../417/59417.xml">royal dutch shell</link></company></indent>thi articl focus controversi surround royal dutch shell</p><ss1><st>sanction bust rhodesia</st><p>the british<link ns0:type="simple" ns0:href="../114/207114.xml">crown coloni</link><country wordnetid="108544813" confidence="0.9508927676800064"><link ns0:type="simple" ns0:href="../219/26219.xml">rhodesia</link></country><link ns0:type="simple" ns0:href="../609/372609.xml">unilater declar independ</link>from<autocracy wordnetid="108361001" confidence="0.8"><system wordnetid="108435388" confidence="0.8"><social_group wordnetid="107950920" confidence="0.8"><political_orientation wordnetid="106212839" confidence="0.8"><monarchy wordnetid="108363812" confidence="0.8"><state wordnetid="108168978" confidence="0.8"><political_unit wordnetid="108359949" confidence="0.8"><political_system wordnetid="108367880" confidence="0.8"><economy wordnetid="108366753" confidence="0.8"><group wordnetid="100031264" confidence="0.8"><democracy wordnetid="106217103" confidence="0.8"><link ns0:type="simple" ns0:href="../717/31717.xml">britain</link></democracy></group></economy></political_system></political_unit></state></monarchy></political_orientation></social_group></system></autocracy>which led the imposit<link ns0:type="simple" ns0:href="../785/26785.xml">sanction</link>the<link ns0:type="simple" ns0:href="../769/31769.xml">unit nation</link>these sanction includ strict control oil and petroleum product sale the rebel coloni the<link>bingham report</link>into sanction bustingrev that shell local offic<link ns0:type="simple" ns0:href="../850/459850.xml">southern africa</link>along with those<company wordnetid="108058098" confidence="0.9508927676800064"><link ns0:type="simple" ns0:href="../720/18998720.xml" /></company>had been break the<link ns0:type="simple" ns0:href="../510/4207510.xml">oil</link><link ns0:type="simple" ns0:href="../660/61660.xml">embargo</link>from the moment impos thi conflict with letter the<link ns0:type="simple" ns0:href="../930/334930.xml">british govern</link>which had been written shell chairman sir<link>frank mcfadzean</link>june which said that compani which shell have interest suppli rhodesia the bingham report reveal that shipment rhodesia had arriv the old petroleum port lourenco marqu now<village wordnetid="108672738" confidence="0.9508927676800064"><link ns0:type="simple" ns0:href="../044/57044.xml">maputo</link></village>and from there the oil had been shepherd<link>shell mozambiqu</link>britishincorpor firm into the hand<country wordnetid="108544813" confidence="0.9508927676800064"><link ns0:type="simple" ns0:href="../221/17416221.xml">south africa</link></country>broker who sent north rail through mozambiqu rhodesia senior execut shell were criticis the report for fail monitor what local employe were centuri oil</p></ss1><ss1><st>corrupt itali</st><p>the earli shell decid dispos the heavili loss make busi shell italiana<link ns0:type="simple" ns0:href="../933/1977933.xml">downstream</link>oper itali asset were sold the italian state compani<company wordnetid="108058098" confidence="0.9508927676800064"><link ns0:type="simple" ns0:href="../612/2708612.xml">eni</link></company>subsequ the sale shell account and outsid auditor discov that the five year prior the sale<company wordnetid="108058098" confidence="0.9508927676800064"><link ns0:type="simple" ns0:href="../612/2708612.xml">eni</link></company>italian politician had receiv polit contribut total around million from shell italiana local manag these had been record the compani book advertis and public expens shell gener manag itali who had oper without author and who had misrecord the payment dismiss centuri oil page</p></ss1><ss1><st>shell sea</st><p><indent level="1">main articl<politics wordnetid="113840719" confidence="0.8"><social_relation wordnetid="100032823" confidence="0.8"><link ns0:type="simple" ns0:href="../027/7267027.xml">shell sea</link></social_relation></politics></indent><image location="right" width="150px" src="Owen_Saro-wiwa_at_Rossport_5_rally.JPG" type="thumb"><caption><physical_entity wordnetid="100001930" confidence="0.8"><disputant wordnetid="109615465" confidence="0.8"><person wordnetid="100007846" confidence="0.8"><reformer wordnetid="110515194" confidence="0.8"><militant wordnetid="110315837" confidence="0.8"><medical_practitioner wordnetid="110305802" confidence="0.8"><causal_agent wordnetid="100007347" confidence="0.8"><health_professional wordnetid="110165109" confidence="0.8"><adult wordnetid="109605289" confidence="0.8"><professional wordnetid="110480253" confidence="0.8"><doctor wordnetid="110020890" confidence="0.8"><link ns0:type="simple" ns0:href="../675/6215675.xml">owen wiwa</link></doctor></professional></adult></health_professional></causal_agent></medical_practitioner></militant></reformer></person></disputant></physical_entity>brother execut anti<company wordnetid="108058098" confidence="0.9508927676800064"><link ns0:type="simple" ns0:href="../417/59417.xml">shell</link></company>campaign<physical_entity wordnetid="100001930" confidence="0.8"><disputant wordnetid="109615465" confidence="0.8"><communicator wordnetid="109610660" confidence="0.8"><person wordnetid="100007846" confidence="0.8"><reformer wordnetid="110515194" confidence="0.8"><militant wordnetid="110315837" confidence="0.8"><intellectual wordnetid="109621545" confidence="0.8"><causal_agent wordnetid="100007347" confidence="0.8"><writer wordnetid="110794014" confidence="0.8"><scholar wordnetid="110557854" confidence="0.8"><link ns0:type="simple" ns0:href="../970/330970.xml">ken sarowiwa</link></scholar></writer></causal_agent></intellectual></militant></reformer></person></communicator></disputant></physical_entity>address<politics wordnetid="113840719" confidence="0.8"><social_relation wordnetid="100032823" confidence="0.8"><link ns0:type="simple" ns0:href="../027/7267027.xml">shell sea</link></social_relation></politics>ralli<site wordnetid="108651247" confidence="0.9508927676800064"><link ns0:type="simple" ns0:href="../504/8504.xml">dublin</link></site>after the<group_action wordnetid="101080366" confidence="0.8"><politics wordnetid="113840719" confidence="0.8"><event wordnetid="100029378" confidence="0.8"><social_relation wordnetid="100032823" confidence="0.8"><conflict wordnetid="100958896" confidence="0.8"><act wordnetid="100030358" confidence="0.8"><psychological_feature wordnetid="100023100" confidence="0.8"><link ns0:type="simple" ns0:href="../829/2827829.xml">rossport five</link></psychological_feature></act></conflict></social_relation></event></politics></group_action>are releas from prison</caption></image></p><p><island wordnetid="109316454" confidence="0.9508927676800064"><link ns0:type="simple" ns0:href="../575/147575.xml">ireland</link></island>shell been criticis along with<company wordnetid="108058098" confidence="0.9508927676800064"><link ns0:type="simple" ns0:href="../889/172889.xml">statoil</link></company>and<company wordnetid="108058098" confidence="0.9508927676800064"><link ns0:type="simple" ns0:href="../788/1448788.xml">marathon oil</link></company>for plan pipe unrefin from the<link ns0:type="simple" ns0:href="../600/2232600.xml">corrib field</link>onshor through pipelin that would pass close local resid rout refineri<link ns0:type="simple" ns0:href="../510/50510.xml" />inland northwest<site wordnetid="108651247" confidence="0.9508927676800064"><link ns0:type="simple" ns0:href="../830/5830.xml">counti mayo</link></site><ref ns0:type="simple" ns0:href="#xpointer(//reflist/entry[@id=%221%22])" />the plan were origin made<company wordnetid="108058098" confidence="0.8"><institution wordnetid="108053576" confidence="0.8"><link ns0:type="simple" ns0:href="../558/3062558.xml">enterpris oil</link></institution></company>and inherit shell when they acquir thi compani the summer five local men were sent prison for three month after refus abid injunct obtain the compani these men becam known the<group_action wordnetid="101080366" confidence="0.8"><politics wordnetid="113840719" confidence="0.8"><event wordnetid="100029378" confidence="0.8"><social_relation wordnetid="100032823" confidence="0.8"><conflict wordnetid="100958896" confidence="0.8"><act wordnetid="100030358" confidence="0.8"><psychological_feature wordnetid="100023100" confidence="0.8"><link ns0:type="simple" ns0:href="../829/2827829.xml">rossport five</link></psychological_feature></act></conflict></social_relation></event></politics></group_action>there current campaign local resid<link ns0:type="simple" ns0:href="../027/7267027.xml">shell sea</link>whose main aim have been persuad shell chang their plan for the pipelin and refineri april the<link ns0:type="simple" ns0:href="../651/1780651.xml">irish high court</link>rule that shell could not use their origin intend pipelin rout shell recent announc plan for bring the from the sea the site the refineri<link>bellinaboy</link>which again involv get the irish govern issu further<link>compulsori acquisit order</link>there also<objection wordnetid="107208338" confidence="0.8"><event wordnetid="100029378" confidence="0.8"><protest wordnetid="107210225" confidence="0.8"><act wordnetid="100030358" confidence="0.8"><psychological_feature wordnetid="100023100" confidence="0.8"><speech_act wordnetid="107160883" confidence="0.8"><link ns0:type="simple" ns0:href="../313/6555313.xml">solidar camp</link></speech_act></psychological_feature></act></protest></event></objection>where peopl from outsid the local who support the campaign have come live and help with the campaign shell claim that the develop welcom most the local popul that all plan regul are follow and that been respons local concern<ref ns0:type="simple" ns0:href="#xpointer(//reflist/entry[@id=%222%22])" />opinion poll are contrari thi</p></ss1><ss1><st>million damag for patent infring</st><p>octob<link ns0:type="simple" ns0:href="../228/70228.xml">feder appeal court</link><weblink ns0:type="simple" ns0:href="http://www.shell2004.com/2005%20docs/UnionCarbidevShell%20(2).pdf">upheld patent infring verdict</weblink>against<oil_company wordnetid="108069241" confidence="0.8"><name wordnetid="106333653" confidence="0.8"><company wordnetid="108058098" confidence="0.8"><trade_name wordnetid="106845599" confidence="0.8"><part wordnetid="113809207" confidence="0.8"><language_unit wordnetid="106284225" confidence="0.8"><institution wordnetid="108053576" confidence="0.8"><link ns0:type="simple" ns0:href="../593/468593.xml">shell oil compani</link></institution></language_unit></part></trade_name></company></name></oil_company>case brought<idea wordnetid="105833840" confidence="0.8"><concept wordnetid="105835747" confidence="0.8"><component wordnetid="105868954" confidence="0.8"><company wordnetid="108058098" confidence="0.8"><part wordnetid="105867413" confidence="0.8"><institution wordnetid="108053576" confidence="0.8"><link ns0:type="simple" ns0:href="../364/301364.xml">union carbid</link></institution></part></company></component></concept></idea>the feder court also told lower court consid increas the million damag alreadi award the case accord<weblink ns0:type="simple" ns0:href="http://www.shell2004.com/week40/muzi_daily_news4october2005.htm">news report</weblink>the court appeal for the feder circuit reject appeal shell and subsidiari shell chemic which sought overturn juri verdict that infring union carbid patent chemic process use make ethylen oxid the appeal court reportedli said there substanti evid support the juri verdict</p></ss1><ss1><st>jiffi lube intern</st><p>decemb oklahoma state judg approv class action settlement between royal dutch shell subsidiari<link>jiffi lube intern</link>and million plaintiff the agreement<weblink ns0:type="simple" ns0:href="http://query.nytimes.com/gst/fullpage.html?res=9A06EFD61E3EF931A35751C1A9629C8B63">report</weblink>the<link ns0:type="simple" ns0:href="../680/30680.xml">new york time</link>settl nine similar lawsuit from<country wordnetid="108544813" confidence="0.9508927676800064"><link ns0:type="simple" ns0:href="../407/5407.xml">california</link></country><country wordnetid="108544813" confidence="0.9508927676800064"><link ns0:type="simple" ns0:href="../648/21648.xml">new jersey</link></country>over environment surcharg<weblink ns0:type="simple" ns0:href="http://www.jiffylube.com/">jiffi lube</weblink>impos oil chang custom under the term the settlement jiffi lube provid more than seven million custom with coupon good for off oil chang earlier<weblink ns0:type="simple" ns0:href="http://www.shell2004.com/2004%20Documents/newyorktimes/new_york_timesjiffy19oct04.htm">report</weblink>the same newspap said that jiffi lube surcharg driver oilchang bill over the past five year the pretext environment surcharg attempt fool custom into think tax scott shepherd<region wordnetid="108630985" confidence="0.8"><administrative_district wordnetid="108491826" confidence="0.8"><location wordnetid="100027167" confidence="0.8"><district wordnetid="108552138" confidence="0.8"><country wordnetid="108544813" confidence="0.8"><link ns0:type="simple" ns0:href="../332/23332.xml">pennsylvania</link></country></district></location></administrative_district></region>attorney who the jiffi lube quot say just straight ripoff for everi time someon came</p></ss1><ss1><st>million fine for violat embargo against iraq</st><p>april<newspaper wordnetid="106267145" confidence="0.9508927676800064"><link ns0:type="simple" ns0:href="../680/30680.xml">the new york time</link></newspaper><weblink ns0:type="simple" ns0:href="http://query.nytimes.com/gst/fullpage.html?res=9E04E0D81330F935A15757C0A9669C8B63">report</weblink>that the<link ns0:type="simple" ns0:href="../769/31769.xml">unit nation</link>had fine the<company wordnetid="108058098" confidence="0.9508927676800064"><link ns0:type="simple" ns0:href="../417/59417.xml">royal dutch shell</link></company>group million for ship<link ns0:type="simple" ns0:href="../703/181703.xml">iraqi</link>oil april violat the then intern<link ns0:type="simple" ns0:href="../660/61660.xml">embargo</link>against iraq the tanker the akademik pustovoit board americanl naval forc the<ocean wordnetid="109376198" confidence="0.9508927676800064"><link ns0:type="simple" ns0:href="../761/24761.xml">persian gulf</link></ocean>royal dutchshel had maintain that the tanker carri onli<country wordnetid="108544813" confidence="0.9508927676800064"><link ns0:type="simple" ns0:href="../653/14653.xml">iran</link></country>ian oil load the port bandar mahshur howev spokesman for<structure wordnetid="104341686" confidence="0.9508927676800064"><link ns0:type="simple" ns0:href="../583/39583.xml">the pentagon</link></structure>kenneth bacon quot confirm that test the cargo had determin that percent the oil from iraq the articl report that with high price increas demand there had been sharp increas<link ns0:type="simple" ns0:href="../080/11170080.xml">illicit</link>oil shipment and iraqi offici were believ earn million from<link ns0:type="simple" ns0:href="../645/28645.xml">smuggl</link>oil</p></ss1><ss1><st>the vietnam war</st><p>between and the last three year the<conflict wordnetid="100958896" confidence="0.9508927676800064"><link ns0:type="simple" ns0:href="../611/32611.xml">vietnam war</link></conflict>shell vietnam the local oper compani the shell group control half vietnam oil suppli book<weblink ns0:type="simple" ns0:href="http://www.louiswesseling.com/">loui wessel</weblink>the presid shell vietnam dure that period reveal that shell fail properli control the oil shipment which flow through indirect channel the<link ns0:type="simple" ns0:href="../286/68286.xml">vietcong</link>accord book fuell the war reveal oil compani role vietnam<ref ns0:type="simple" ns0:href="#xpointer(//reflist/entry[@id=%223%22])" />shell knowingli employ manag notori former senior polic offici with fearsom and welldeserv reput who had alreadi shown inclin settl secur matter militari action with littl compunct about kill innoc along with suspect wessel later serv ceo shell compani<system wordnetid="108435388" confidence="0.8"><economy wordnetid="108366753" confidence="0.8"><group wordnetid="100031264" confidence="0.8"><link ns0:type="simple" ns0:href="../769/26769.xml">south america</link></group></economy></system>and the<system wordnetid="108435388" confidence="0.8"><economy wordnetid="108366753" confidence="0.8"><group wordnetid="100031264" confidence="0.8"><link ns0:type="simple" ns0:href="../323/19323.xml">middl east</link></group></economy></system>and collabor draft the shell group busi principl</p></ss1><ss1><st>nigeria</st><p><indent level="1">see also<misfortune wordnetid="114475405" confidence="0.8"><condition wordnetid="113920429" confidence="0.8"><state wordnetid="100024720" confidence="0.8"><catastrophe wordnetid="114476290" confidence="0.8"><adversity wordnetid="114475661" confidence="0.8"><fortune wordnetid="114473222" confidence="0.8"><link ns0:type="simple" ns0:href="../988/3542988.xml">petroleum nigeria</link></fortune></adversity></catastrophe></state></condition></misfortune></indent>shell oper<link ns0:type="simple" ns0:href="../782/538782.xml">joint ventur</link>with the govern nigeria under the name shell petroleum develop compani spdc the earli<physical_entity wordnetid="100001930" confidence="0.8"><disputant wordnetid="109615465" confidence="0.8"><communicator wordnetid="109610660" confidence="0.8"><person wordnetid="100007846" confidence="0.8"><reformer wordnetid="110515194" confidence="0.8"><militant wordnetid="110315837" confidence="0.8"><intellectual wordnetid="109621545" confidence="0.8"><causal_agent wordnetid="100007347" confidence="0.8"><writer wordnetid="110794014" confidence="0.8"><scholar wordnetid="110557854" confidence="0.8"><link ns0:type="simple" ns0:href="../970/330970.xml">ken sarowiwa</link></scholar></writer></causal_agent></intellectual></militant></reformer></person></communicator></disputant></physical_entity>presid the<link ns0:type="simple" ns0:href="../389/732389.xml">movement for the surviv the ogoni peopl</link>mosop led<link ns0:type="simple" ns0:href="../755/178755.xml">nonviol</link>campaign against environment damag associ with the oper multin oil compani includ shell and<link ns0:type="simple" ns0:href="../720/18998720.xml">british petroleum</link>the<link ns0:type="simple" ns0:href="../412/2055412.xml">ogoni</link>homeland the<link ns0:type="simple" ns0:href="../605/1844605.xml">niger delta</link>januari mosop organis peac march around ogoni peopl more than half the ogoni popul through four ogoni centr draw intern attent peopl plight that same year shell ceas oper the ogoni region shell involv<country wordnetid="108544813" confidence="0.9508927676800064"><link ns0:type="simple" ns0:href="../383/21383.xml">nigeria</link></country>came the fore again octob when peac protest<link>umeuchem</link>escal eighti peopl were kill the polic and home were destroy shell claim that mere ask for polic protect<physical_entity wordnetid="100001930" confidence="0.8"><disputant wordnetid="109615465" confidence="0.8"><communicator wordnetid="109610660" confidence="0.8"><person wordnetid="100007846" confidence="0.8"><reformer wordnetid="110515194" confidence="0.8"><militant wordnetid="110315837" confidence="0.8"><intellectual wordnetid="109621545" confidence="0.8"><causal_agent wordnetid="100007347" confidence="0.8"><writer wordnetid="110794014" confidence="0.8"><scholar wordnetid="110557854" confidence="0.8"><link ns0:type="simple" ns0:href="../970/330970.xml">ken sarowiwa</link></scholar></writer></causal_agent></intellectual></militant></reformer></person></communicator></disputant></physical_entity>and eight other were execut ken sarowiwa had implic shell dure treason trial say the ecolog war that shell wage will call question sooner than later and the crime the compani dirti war against the<link ns0:type="simple" ns0:href="../412/2055412.xml">ogoni</link>peopl will also punish shell also found provid money and suppli the nigerian militari<ref ns0:type="simple" ns0:href="#xpointer(//reflist/entry[@id=%224%22])" />when sarowiwa execut trumpedup charg much the worldwid condemn the act aim shell which implic associ with the nigerian govern activ</p><p>februari judg<weblink ns0:type="simple" ns0:href="http://www.shell2004.com/2004%20Documents/ogoni/ogoniwiwacourtdoc28feb02archive.htm">rule</weblink>that case brought against royal dutch shell close rel ken sarowiwa could proceed the<social_group wordnetid="107950920" confidence="0.8"><assembly wordnetid="108163792" confidence="0.8"><gathering wordnetid="107975026" confidence="0.8"><court wordnetid="108329453" confidence="0.8"><group wordnetid="100031264" confidence="0.8"><link ns0:type="simple" ns0:href="../093/747093.xml">unit state district court for the southern district new york</link></group></court></gathering></assembly></social_group>under the<link ns0:type="simple" ns0:href="../840/766840.xml">alien tort claim act</link>the<link ns0:type="simple" ns0:href="../150/1048150.xml">tortur victim protect act</link>and rico<link ns0:type="simple" ns0:href="../211/26211.xml">racket influenc and corrupt organ act</link>rico</p><p>shell continu condemn bodi such<financial_institution wordnetid="108054721" confidence="0.8"><foundation wordnetid="108406486" confidence="0.8"><charity wordnetid="108406619" confidence="0.8"><institution wordnetid="108053576" confidence="0.8"><link ns0:type="simple" ns0:href="../789/1295789.xml">christian aid</link></institution></charity></foundation></financial_institution>who report that despit shell claim honesti integr and respect for peopl had fail use consider interest nigeria bring about chang the niger delta<ref ns0:type="simple" ns0:href="#xpointer(//reflist/entry[@id=%225%22])" />the report also found evid failur clean oil spill pollut river and water cours and noncomplet promis project for commun improv studi into the commun project leak<newspaper wordnetid="106267145" confidence="0.9508927676800064"><link ns0:type="simple" ns0:href="../449/50449.xml">the economist</link></newspaper>report that claim project visit the review the scheme did not exist were partial success and onli were work</p></ss1><ss1><st>darfur region sudan</st><p>the board truste<weblink ns0:type="simple" ns0:href="http://www.amherst.edu/">amherst colleg</weblink>locat<village wordnetid="108672738" confidence="0.9508927676800064"><link ns0:type="simple" ns0:href="../813/49813.xml">amherst massachusett</link></village>pass resolut januari divest all invest multin compani identifi have direct busi tie the<link ns0:type="simple" ns0:href="../425/27425.xml">sudanes govern</link>compani whose busi activ are direct support these compani and the activ the govern the divest action taken base the govern atroc which were deem wholli inconsist with the moral and ethic valu<university wordnetid="108286163" confidence="0.9508927676800064"><link ns0:type="simple" ns0:href="../355/60355.xml">amherst colleg</link></university>and alleg evid genocid against the peopl the<region wordnetid="108630039" confidence="0.8"><location wordnetid="100027167" confidence="0.8"><link ns0:type="simple" ns0:href="../837/605837.xml">darfur</link></location></region>region allegedli commit the<country wordnetid="108544813" confidence="0.9508927676800064"><link ns0:type="simple" ns0:href="../421/27421.xml">sudan</link></country>ese govern royal dutch shell plc<weblink ns0:type="simple" ns0:href="http://www.amherst.edu/magazine/darfur/">identifi</weblink>one the multin ban for invest purpos becaus the natur busi oper<country wordnetid="108544813" confidence="0.9508927676800064"><link ns0:type="simple" ns0:href="../421/27421.xml">sudan</link></country></p></ss1><ss1><st>exchang control specul japan</st><p><image location="right" width="300px" src="GasStationHiroshima.jpg" type="thumb"><caption>shell showa shell<link ns0:type="simple" ns0:href="../260/61260.xml">petrol station</link>japan</caption></image><link>showa shell sekiyu</link><link ns0:type="simple" ns0:href="../782/538782.xml">joint ventur</link><link ns0:type="simple" ns0:href="../933/1977933.xml">downstream</link>oil compani japan which shell had share now and which market under the shell<link ns0:type="simple" ns0:href="../900/18950900.xml">brand</link>the compani sustain loss billion<link ns0:type="simple" ns0:href="../392/34392.xml">yen</link>approx usbillion from unauthoris forward<link ns0:type="simple" ns0:href="../665/5665.xml">currenc</link>transact the compani treasuri depart expect the dollar rise against the yen bought forward dollar futur market around yen unfortun the dollar decreas yen caus huge<link ns0:type="simple" ns0:href="../277/648277.xml">foreign exchang</link>loss for the firm the scandal prompt shell review intern control especi joint ventur and accord report<link ns0:type="simple" ns0:href="../955/163955.xml">the intern herald tribun</link>publish februari result the resign four top execut showa shell sekiyu and the fire fifth<link ns0:type="simple" ns0:href="../498/5670498.xml">john jen</link>then shell group manag director quot the<weblink ns0:type="simple" ns0:href="http://www.iht.com/articles/1993/02/26/shel_1.php">articl</weblink>say that the unauthoris currenc specul gross contravent establish rule and practic which deliber conceal</p></ss1><ss1><st>brent spar</st><p><indent level="1">see also<platform wordnetid="103961939" confidence="0.8"><artifact wordnetid="100021939" confidence="0.8"><surface wordnetid="104362025" confidence="0.8"><horizontal_surface wordnetid="103536348" confidence="0.8"><link ns0:type="simple" ns0:href="../494/1195494.xml">brent spar</link></horizontal_surface></surface></artifact></platform></indent>shell also challeng<link ns0:type="simple" ns0:href="../233/12233.xml">greenpeac</link>for plan for subsea dispos the brent spar old oil transport and hub station locat the<ocean wordnetid="109376198" confidence="0.9508927676800064"><link ns0:type="simple" ns0:href="../179/21179.xml">north sea</link></ocean>into the<link ns0:type="simple" ns0:href="../698/698.xml">north atlant</link>shell eventu agre disassembl onshor<system wordnetid="108435388" confidence="0.8"><economy wordnetid="108366753" confidence="0.8"><group wordnetid="100031264" confidence="0.8"><link ns0:type="simple" ns0:href="../241/21241.xml">norway</link></group></economy></system>although alway maintain that origin plan sink the platform safer and better for the environ</p><p>dispos transpir that the greenpeac estim for toxic content were inaccur<ref ns0:type="simple" ns0:href="#xpointer(//reflist/entry[@id=%226%22])" /></p></ss1><ss1><st>taint shell gasolin north america</st><p>may shell spokeswoman<weblink ns0:type="simple" ns0:href="http://query.nytimes.com/gst/fullpage.html?res=9D05E2DC1E3EF93AA15756C0A9629C8B63 n=Top%2fNews%2fBusiness%2fCompanies%2fShell%2c%20Royal%20Dutch%2c%20P%2eL%2eC%2e">confirm</weblink>that over shell and texaco servic station<region wordnetid="108630985" confidence="0.8"><administrative_district wordnetid="108491826" confidence="0.8"><location wordnetid="100027167" confidence="0.8"><district wordnetid="108552138" confidence="0.8"><country wordnetid="108544813" confidence="0.8"><link ns0:type="simple" ns0:href="../130/18130.xml">louisiana</link></country></district></location></administrative_district></region>and<symbol wordnetid="106806469" confidence="0.9508927676800064"><link ns0:type="simple" ns0:href="../066/18933066.xml">florida</link></symbol>had stop sell taint gasolin which caus fuel gaug malfunct shell<weblink ns0:type="simple" ns0:href="http://www.local10.com/news/3369117/detail.html">set hot line</weblink>for driver concern they might have purchas the taint gasolin there were number<weblink ns0:type="simple" ns0:href="http://www.sptimes.com/2004/05/29/Tampabay/Tainted_gas_gums_up_f.shtml">news report</weblink>about the<weblink ns0:type="simple" ns0:href="http://www.gcmonitor.org/article.php?id=257">taint fuel</weblink>alleg<weblink ns0:type="simple" ns0:href="http://www.nbc6.net/news/3396635/detail.html">inadequ respons shell</weblink>and the file lawsuit shell issu press statement extract from which were quot<weblink ns0:type="simple" ns0:href="http://www.ag.state.la.us/ViewPressRel.aspx?RelID=281">press releas</weblink>from the louisiana attorney gener offic june</p><p>april district judg seal the record how had divid million legal fee among lawyer repres plaintiff the feder class action lawsuit which aros from the fuel gaug damag the case brought behalf<region wordnetid="108630985" confidence="0.8"><administrative_district wordnetid="108491826" confidence="0.8"><location wordnetid="100027167" confidence="0.8"><district wordnetid="108552138" confidence="0.8"><country wordnetid="108544813" confidence="0.8"><link ns0:type="simple" ns0:href="../130/18130.xml">louisiana</link></country></district></location></administrative_district></region><country wordnetid="108544813" confidence="0.9508927676800064"><link ns0:type="simple" ns0:href="../861/16949861.xml">mississippi</link></country><region wordnetid="108630985" confidence="0.8"><administrative_district wordnetid="108491826" confidence="0.8"><location wordnetid="100027167" confidence="0.8"><district wordnetid="108552138" confidence="0.8"><country wordnetid="108544813" confidence="0.8"><link ns0:type="simple" ns0:href="../303/303.xml">alabama</link></country></district></location></administrative_district></region>and<symbol wordnetid="106806469" confidence="0.9508927676800064"><link ns0:type="simple" ns0:href="../066/18933066.xml">florida</link></symbol>resid whose fuel gaug broke after they purchas shell oil gasolin contain too much sulfur over sever week start may the taint gasolin had been produc the shellmotiva<link ns0:type="simple" ns0:href="../137/195137.xml">oil refineri</link><site wordnetid="108651247" confidence="0.8"><region wordnetid="108630985" confidence="0.8"><location wordnetid="100027167" confidence="0.8"><tract wordnetid="108673395" confidence="0.8"><geographical_area wordnetid="108574314" confidence="0.8"><link ns0:type="simple" ns0:href="../735/115735.xml">norco louisiana</link></geographical_area></tract></location></region></site><weblink ns0:type="simple" ns0:href="http://www.nola.com/news/t-p/metro/index.ssf?/base/news-20/117584024484240.xml coll=1 thispage=1">articl</weblink>publish<newspaper wordnetid="106267145" confidence="0.9508927676800064"><link ns0:type="simple" ns0:href="../833/2565833.xml">the timespicayun</link></newspaper>newspap state soon after the problem emerg shell volunt fix broken gaug ten thousand vehicl cost each depend the car model septemb shell had process about claim mean the firm that time could have spent ten million the repair the articl said that attorney for both side reach settlement that call for shell expand the repair program and provid million cover gener damag</p><p><region wordnetid="108630039" confidence="0.9508927676800064"><link ns0:type="simple" ns0:href="../916/5042916.xml">canada</link></region><company wordnetid="108058098" confidence="0.9508927676800064"><link ns0:type="simple" ns0:href="../518/867518.xml">shell canada</link></company>experienc similar problem also stem from sulfur contamin fuel which creat malfunct fuel gaug<weblink ns0:type="simple" ns0:href="http://www.shellnews.net/2004%20Documents/todds/toronto_star4june.htm">articl</weblink>publish<link ns0:type="simple" ns0:href="../010/141010.xml">the toronto star</link>june alleg that the reaction shell the unit state differ from how the compani handl custom the toronto region last spring and summer</p></ss1><ss1><st>poor fuel suppli problem manchest airport</st><p>april bbc news<weblink ns0:type="simple" ns0:href="http://news.bbc.co.uk/1/hi/england/manchester/7331296.stm">report</weblink>flight cancel<airport wordnetid="102692232" confidence="0.9508927676800064"><link ns0:type="simple" ns0:href="../959/266959.xml">manchest airport</link></airport>major airport locat the<link ns0:type="simple" ns0:href="../694/714694.xml">north england</link>after jet fuel from the shell<link ns0:type="simple" ns0:href="../720/3391720.xml">stanlow</link>refineri<site wordnetid="108651247" confidence="0.9508927676800064"><link ns0:type="simple" ns0:href="../674/311674.xml">ellesmer port</link></site>found poor standard the articl state there problem with the qualiti<link ns0:type="simple" ns0:href="../435/1205435.xml">jet fuel</link>the<link ns0:type="simple" ns0:href="../137/195137.xml">oil refineri</link></p></ss1><ss1><st>retir fund defici malaysia</st><p>septemb exemploye shell won lawsuit the miri high court<country wordnetid="108544813" confidence="0.9508927676800064"><link ns0:type="simple" ns0:href="../937/3607937.xml">malaysia</link></country>concern the administr the defend shell group compani shell employe retir fund the shell compani question<link ns0:type="simple" ns0:href="../258/28258.xml">sarawak</link>shell bhd and<link ns0:type="simple" ns0:href="../678/28678.xml">sabah</link>shell petroleum ltd were order pay nearli million the plaintiff former employe known project team who file their suit novemb alleg unlaw deduct from their retir fund accord<weblink ns0:type="simple" ns0:href="http://shell2004.com/2004%20Documents/rsodds/sarawak_news26sept04.htm">report</weblink>the hear counsel for the plaintiff object applic shell for stay the ground that major the plaintiff are well over the age and weak and declin health<weblink ns0:type="simple" ns0:href="http://shell2004.com/2004%20Documents/newassorted/new_straits_times7oct04.htm">stori</weblink>the<newspaper wordnetid="106267145" confidence="0.9508927676800064"><link ns0:type="simple" ns0:href="../949/410949.xml">new strait time</link></newspaper>publish octob report relat the former shell employe that some have die other are lose their memori and mani are ail accord anoth news report the suit said the first the legal histori malaysia involv the largest number exemploye their former employ and involv such big claim the defend file appeal against the decis</p><p>the malaysian court appeal<weblink ns0:type="simple" ns0:href="http://shell2004.com/week42/new_straits_times18october2005.htm">decid</weblink>octob that had jurisdict hear the appeal and<weblink ns0:type="simple" ns0:href="http://www.shellnews.net/sarawak/399_teama-2007.pdf">judgment</weblink>date march overturn the judgment accord one<weblink ns0:type="simple" ns0:href="http://royaldutchshellplc.com/2007/09/25/corruption-crisis-in-malaysian-judiciary-impacts-on-shell-litigation/">report</weblink>when announc the decis court one the three appeal court judg state ground for the decis dont believ compani like shell would anyth like thi employe paragraph page the judgment state refer shell deduct employ epf contribut from the lump sum would not onli expos them accus illeg action and fraud employe but would result employe get ani benefit from the rbf and the rbf becom futil exercis and inconceiv that those compani would embark such absurd pointless and peril undertak</p><p>novemb<weblink ns0:type="simple" ns0:href="http://royaldutchshellplc.com/2007/11/21/the-borneo-post-former-employees-allowed-to-appeal-over-pension-funds/" />articl publish the borneo post report the feder court here grant leav permiss former employe two major petroleum corpor appeal against their exemploy connect with their pension fund the yesterday agre that there merit their applic for leav</p></ss1><ss1><st>oil and reserv recategoris</st><p>the<weblink ns0:type="simple" ns0:href="http://www.telegraph.co.uk/money/main.jhtml?xml=/money/2004/01/10/cnshell10.xml menuId=242 sSheet=/portal/2004/01/10/ixportal.html">announc</weblink><link ns0:type="simple" ns0:href="../075/16075.xml">januari</link><link ns0:type="simple" ns0:href="../524/35524.xml" />the royal dutch shell group the downgrad hydrocarbon reserv drew fire from sharehold financi analyst the media<weblink ns0:type="simple" ns0:href="http://www.guardian.co.uk/oil/story/0,11319,1195725,00.html">news report april</weblink>and the<link ns0:type="simple" ns0:href="../097/55097.xml">secur and exchang commiss</link>sec after announc the recategoris<link ns0:type="simple" ns0:href="../440/2053440.xml">hydrocarbon reserv</link>admit that signific share reserv previous book proven did not fulfil the requir for proof under the regulatori provis accord the<weblink ns0:type="simple" ns0:href="http://www.sec.gov/litigation/admin/34-50233.pdf">sec ceas and desist order</weblink><link ns0:type="simple" ns0:href="../629/1629.xml">august</link><link ns0:type="simple" ns0:href="../524/35524.xml" />shell overst prove reserv report form billion barrel oil equival boe approxim the order further conclud that shell also overst the standardis measur futur cash flow report thi file approxim billion shell correct these overstat amend file<link ns0:type="simple" ns0:href="../846/15846.xml">juli</link><link ns0:type="simple" ns0:href="../524/35524.xml" />which reflect the degre shell overstat for the year the time announc the order against shell the sec simultan made known intent pin the reserv scandal individu<weblink ns0:type="simple" ns0:href="http://www.telegraph.co.uk/money/main.jhtml?xml=/money/2004/08/28/ccshell28.xml sSheet=/money/2004/08/28/ixcoms.html">reportedli</weblink>state that intend take action against peopl insid and outsid the compani</p><p>shell annual report and account restat proven reserv reduc usd and reduc usd thi correspond roughli the previou proven reserv base addit identifi that previou year lead manag bonu payment were link the proven reserv base thi practic sinc been discontinu the controversi over the exagger the oil and reserv shell result the resign the then chairman<person wordnetid="100007846" confidence="0.9638700866880419"><link ns0:type="simple" ns0:href="../694/2259694.xml">sir philip watt</link></person><weblink ns0:type="simple" ns0:href="http://www.shell.com/home/Framework?siteId=us-en FC2= FC3=/global/news_and_library/press_releases/2004/2_25062004_mediarelease_0910.html" />and the departur the head the explor and product busi<link>walter van der vijver</link>and the cfo<link>judi boynton</link></p><p>march the economist report that law firm berger montagu had claim that shell recklessli violat account rule and guidelin which result enorm and shock overstat oil and reserv the law firm then shell behalf sharehold claim that the overstat had harm sharehold they had sever overst the firm market valu the economist further report that berger onli one sever law firm launch case the articl went impli that the reserv recategoris the result activ long term problem call scam enron proport<weblink ns0:type="simple" ns0:href="http://www.economist.com/business/displaystory.cfm?story_id=E1_NVDNRVP" /></p><p>further consequ the reserv recategoris<link ns0:type="simple" ns0:href="../ury/22nd_century.xml">april</link><link ns0:type="simple" ns0:href="../524/35524.xml" />bloomberg<weblink ns0:type="simple" ns0:href="http://quote.bloomberg.com/apps/news?pid=10000085 sid=aFbPi7UycB5E refer=europe">report</weblink>that the royal dutchshel group had lost aaa credit rate with standard poor which had previous maintain for year</p><p><link ns0:type="simple" ns0:href="../629/1629.xml">august</link><link ns0:type="simple" ns0:href="../524/35524.xml" />the financi regul the financi servic author the fsa<weblink ns0:type="simple" ns0:href="http://www.fsa.gov.uk/pubs/final/shell_24aug04.pdf">announc</weblink>that had impos penalti million pound the shell transport and trade compani plc and the royal dutch petroleum compani the fsa consid that shell announc fals mislead prove reserv and reserv replac ratio the market throughout the period inclus the fsa also consid that shell misconduct amount market abus the basi that the market like have been given fals mislead impress the price valu list shell sharesp para the fsa further consid that shell action were particularli seriou merit substanti penalti howev the level penalti reflect the high degre cooper which shell had shown dure the fsa investig the same date the sec<weblink ns0:type="simple" ns0:href="http://business.timesonline.co.uk/tol/business/article474064.ece">announc</weblink>fine million usd shell make combin fine approxim<weblink ns0:type="simple" ns0:href="http://money.cnn.com/2004/08/24/news/international/royaldutchshell_sec/">million</weblink>usd the and financi regul</p><p>juli shell confirm<weblink ns0:type="simple" ns0:href="http://www.telegraph.co.uk/money/main.jhtml?xml=/money/2006/07/28/cnshell28.xml" />that the compani had set asid settl outstand class action litig respect the reserv misstat issu</p><p>januari shell also group dutch<link ns0:type="simple" ns0:href="../615/43615.xml">pension fund</link>allegedli hold about shell share<weblink ns0:type="simple" ns0:href="http://news.bbc.co.uk/1/hi/business/4596244.stm">httpnewsbbccoukhibusinessstm</weblink></p><p>section page<weblink ns0:type="simple" ns0:href="http://www.shell.com/static/investor-en/downloads/publications/2007/2006_annual_report.pdf">shell annual report and form for year end decemb</weblink>publish march deal with the recategoris<link ns0:type="simple" ns0:href="../257/13257.xml">hydrocarbon</link>reserv relat the consolid sharehold class action pend the<social_group wordnetid="107950920" confidence="0.8"><assembly wordnetid="108163792" confidence="0.8"><gathering wordnetid="107975026" confidence="0.8"><court wordnetid="108329453" confidence="0.8"><group wordnetid="100031264" confidence="0.8"><link ns0:type="simple" ns0:href="../070/914070.xml">unit state district court for the district new jersey</link></group></court></gathering></assembly></social_group>the lead plaintiff are the<region wordnetid="108630985" confidence="0.8"><administrative_district wordnetid="108491826" confidence="0.8"><location wordnetid="100027167" confidence="0.8"><district wordnetid="108552138" confidence="0.8"><country wordnetid="108544813" confidence="0.8"><link ns0:type="simple" ns0:href="../332/23332.xml">pennsylvania</link></country></district></location></administrative_district></region>state employe retir system and the pennsylvania public school employe retir system the remain defend the action are royal dutch petroleum compani merg into shell petroleum the shell transport and trade compani plc former shell director<link ns0:type="simple" ns0:href="../694/2259694.xml">sir philip watt</link>and judith boynton and shell auditor pricewaterhousecoop llp kpmg account and kpmg intern relat class action file januari dutch pension fund and german and luxembourg institut sharehold are consolid with the exist class action for pretrial purpos the preliminari stage the litig complet amend complaint been file and answer the defend discoveri commenc accord the same shell annual report the court will hold hear june variou legal issu includ plaintiff motion for class certif and whether feder secur law appli the claim nonu potenti class member who purchas shell secur foreign market the court will also decid variou summari judgement motion file shell</p></ss1><ss1><st>sakhalin</st><p><region wordnetid="108630985" confidence="0.8"><field wordnetid="108569998" confidence="0.8"><location wordnetid="100027167" confidence="0.8"><tract wordnetid="108673395" confidence="0.8"><geographical_area wordnetid="108574314" confidence="0.8"><link ns0:type="simple" ns0:href="../051/1894051.xml">sakhalinii</link></geographical_area></tract></location></field></region>oil and project led shell<link ns0:type="simple" ns0:href="../088/58088.xml">sakhalin island</link><country wordnetid="108544813" confidence="0.9508927676800064"><link ns0:type="simple" ns0:href="../391/25391.xml">russia</link></country>that involv the pipe oil and oil termin and the construct russia first liquefi natur<link ns0:type="simple" ns0:href="../128/832128.xml">lng</link>plant the project controversi from the start for cost environment and commun relat reason the summer sakhalin energi the project oper doubl estim capit cost around billion and lng product delay until shell express surpris thi huge increas environment reason account for part the budgetari error</p><p>the origin negoti contract product share agreement which gave the russian state revenu onli after shell and the other partner compani had recoup their cost and made substanti return their invest thu shell substanti protect from cost overrun which would lead lower and later incom for russia and for shell thi the main reason for the russian insist new deal involv<company wordnetid="108058098" confidence="0.9508927676800064"><link ns0:type="simple" ns0:href="../489/320489.xml">gazprom</link></company>and for the charg greed level shell mani independ observ the project<weblink ns0:type="simple" ns0:href="http://www.carbonweb.org/showitem.asp?article=144 parent=6 link=Y gp=3">parent linki</weblink></p><p>the environment and social concern came head the end novemb when the chief execut<financial_institution wordnetid="108054721" confidence="0.8"><foundation wordnetid="108406486" confidence="0.8"><charity wordnetid="108406619" confidence="0.8"><institution wordnetid="108053576" confidence="0.8"><link ns0:type="simple" ns0:href="../877/19005877.xml">wwf</link></institution></charity></foundation></financial_institution>said that would have neg impact sakhalin peopl and environ the time thi attack difficult for shell and the other consortium partner they were seek financ for the project from the<link ns0:type="simple" ns0:href="../963/37963.xml">european bank for reconstruct and develop</link>ebrd that time</p><p>the spiral project cost and other difficulti have continu undermin confid shell reput for good project manag octob articl the observ<weblink ns0:type="simple" ns0:href="http://business.guardian.co.uk/story/0,,1928280,00.html">report</weblink>that leak intern report the russian govern estim that the final cost would now reach billion</p><p>late shell and partner sakhalin energi reach agreement with gazprom for the kremlin control compani becom the major sharehold the ventur thi describ capitul<newspaper wordnetid="106267145" confidence="0.9508927676800064"><link ns0:type="simple" ns0:href="../449/50449.xml">the economist</link></newspaper><weblink ns0:type="simple" ns0:href="http://www.economist.com/business/displaystory.cfm?story_id=E1_RQTPDRJ" />russian presid putin attend the sign ceremoni moscow and indic that<weblink ns0:type="simple" ns0:href="http://business.guardian.co.uk/story/0,,1977430,00.html">environment issu had been resolv</weblink>news report decemb the sunday telegraph<weblink ns0:type="simple" ns0:href="http://www.telegraph.co.uk/news/main.jhtml?xml=/news/2006/12/24/noil24.xml">claim that shell had been bulli</weblink>into the deal the russian author</p></ss1><ss1><st>the shell foundat</st><p>septemb articl publish the guardian newspap alleg that attempt shell portray itself model corpor social respons undermin last night after<region wordnetid="108630985" confidence="0.8"><artifact wordnetid="100021939" confidence="0.8"><location wordnetid="100027167" confidence="0.8"><street wordnetid="104334599" confidence="0.8"><way wordnetid="104564698" confidence="0.8"><thoroughfare wordnetid="104426618" confidence="0.8"><road wordnetid="104096066" confidence="0.8"><district wordnetid="108552138" confidence="0.8"><link ns0:type="simple" ns0:href="../416/146416.xml">whitehal</link></district></road></thoroughfare></way></street></location></artifact></region>document show charit arm discuss key commerci project with british govern minist the articl entitl<weblink ns0:type="simple" ns0:href="http://business.guardian.co.uk/story/0,,1882372,00.html">campaign attack shell chariti arm over sakhalin talk</weblink>relat the<link ns0:type="simple" ns0:href="../422/8671422.xml">shell foundat</link>the chariti commiss subsequ conduct inquiri and accord<weblink ns0:type="simple" ns0:href="http://www.guardian.co.uk/frontpage/story/0,,1924170,00.html">articl publish the guardian</weblink>octob conclud that the shell foundat fallen short the good govern and decisionmak that expect from larg chariti</p></ss1><ss1><st>bonu scheme</st><p><artifact wordnetid="100021939" confidence="0.8"><street wordnetid="104334599" confidence="0.8"><way wordnetid="104564698" confidence="0.8"><thoroughfare wordnetid="104426618" confidence="0.8"><road wordnetid="104096066" confidence="0.8"><link ns0:type="simple" ns0:href="../274/37274.xml">wall street</link></road></thoroughfare></way></street></artifact>regul investig<weblink ns0:type="simple" ns0:href="http://thescotsman.scotsman.com/business.cfm?id=284882004" />whether member shell manag were encourag execut bonu scheme overst the oil giant reserv report that some per cent the perform<link ns0:type="simple" ns0:href="../230/522230.xml">scorecard</link>about execut shell explor and product unit tie the compani reserv replac ratio shell remuner polici chang significantli between and with senior execut all function substanti reward for achiev shortterm perform relat target when shell sakhalin deal unravel there comment that mani the senior manag who negoti the deal the first place had receiv bonus base the earn expect that deal they then appli although much less favour term were forc shell the renegoti not believ that ani return person bonus from these execut were request</p></ss1><ss1><st>domain name oversight</st><p>due oversight shell fail regist the top level internet domain name for the new compani<computer wordnetid="103082979" confidence="0.8"><scandal wordnetid="107223811" confidence="0.8"><informing wordnetid="107212190" confidence="0.8"><machine wordnetid="103699975" confidence="0.8"><speech_act wordnetid="107160883" confidence="0.8"><artifact wordnetid="100021939" confidence="0.8"><gossip wordnetid="107223170" confidence="0.8"><instrumentality wordnetid="103575240" confidence="0.8"><event wordnetid="100029378" confidence="0.8"><device wordnetid="103183080" confidence="0.8"><report wordnetid="107217924" confidence="0.8"><act wordnetid="100030358" confidence="0.8"><web_site wordnetid="106359193" confidence="0.8"><psychological_feature wordnetid="100023100" confidence="0.8"><link ns0:type="simple" ns0:href="../269/5564269.xml">royaldutchshellplccom</link></psychological_feature></web_site></act></report></device></event></instrumentality></gossip></artifact></speech_act></machine></informing></scandal></computer>may<weblink ns0:type="simple" ns0:href="http://shell2004.com/week22/shell_wages_legal_fight_over_web2june05.htm">launch proceed</weblink>request the transfer the domain name along with two other domain name relat shell includ<weblink ns0:type="simple" ns0:href="http://royaldutchshellgroup.com/">royaldutchshellgroupcom</weblink>from their holder alfr donovan longstand activist against shell shell<weblink ns0:type="simple" ns0:href="http://www.wipo.int/amc/en/domains/decisions/html/2005/d2005-0538.html">lost the case</weblink></p></ss1><ss1><st>tell shell forum</st><p>shell the first multin set onlin discuss facil for stakehold and the public engag open debat about activ known the tell shell forum shell said the time genuin welcom all comment posit and neg thi websit itself evid that are interest seek your view and will listen and respond shell criticis for withdraw the forum late replac the forum promis but not appear the discuss the shell forum have been archiv and are avail<weblink ns0:type="simple" ns0:href="http://www.shell.com/home/tellshell-en/html/iwgen/tell_shell/app_frame_tellshell.html" /></p></ss1><ss1><st>particip price fix cartel</st><p>septemb the<control wordnetid="105196375" confidence="0.8"><authority wordnetid="105196582" confidence="0.8"><power wordnetid="105190804" confidence="0.8"><link ns0:type="simple" ns0:href="../974/9974.xml">european commiss</link></power></authority></control>fine shell for their role cartel that fix the price bitumen accord<weblink ns0:type="simple" ns0:href="http://royaldutchshellplc.com/2006/09/13/houston-chronicle-eu-fines-14-companies-over-340-million/">report</weblink>publish the houston chronicl the commiss said the compani instig took the leadership the cartel and repeat offend the report went state that shell fine increas percent becaus involv previou cartel and anoth percent for instig and lead the cartel<weblink ns0:type="simple" ns0:href="http://news.bbc.co.uk/2/hi/business/5343378.stm">bbc news report</weblink>reveal that shell previous been fine the commiss for pricefix other market pvc and propylen articl the daili mail state that shell fine increas lopc for<weblink ns0:type="simple" ns0:href="http://royaldutchshellplc.com/2006/09/14/daily-mail-shell-fined-%c2%a373m-over-price-fixing/">obstruct the probe</weblink>novemb report that the european commiss impos secondlargest<link ns0:type="simple" ns0:href="../526/36526.xml">cartel</link>fine against shell dow chemic eni unipetrol and tradestomil the fine impos for fix price synthet rubber use mainli tyre product accord<weblink ns0:type="simple" ns0:href="http://business.timesonline.co.uk/article/0,,13130-2477205.html">articl</weblink>the time newspap shell fine well eni increas becaus repeat offend all three the featur quotat are from the time articl accord bbc news<weblink ns0:type="simple" ns0:href="http://news.bbc.co.uk/1/hi/business/6157261.stm">report</weblink>also publish novemb royal dutch shell plc fine million euro</p></ss1><ss1><st>fictiti trade</st><p>januari royal dutch shell plc agre<weblink ns0:type="simple" ns0:href="http://www.cftc.gov/newsroom/enforcementpressreleases/2006/pr5150-06.html">settlement</weblink>respect alleg that two subsidiari engag fictiti crude oil futur trade the new york mercantil exchang shell trade locat houston and londonbas shell intern trade and ship agre pay settl commod futur trade commiss case nigel catteral then head the futur desk for shell trade agre pay bloomberg<weblink ns0:type="simple" ns0:href="http://royaldutchshellplc.com/2006/01/05/bloomberg-news-shell-pays-300000-to-settle-case-houston-unit-one-of-two-accused-of-fictitious-deals/">report</weblink>that catteral and shell engag prearrang trade for oil futur least five time between novemb and march the cftc acknowledg that shell had cooper the investig accord the bloomberg stori one mani news report the case commiss spokesman denni holden would not comment how the trade violat came light</p></ss1><ss1><st>fals report fictiti sale manipul natur price</st><p>juli the<link ns0:type="simple" ns0:href="../680/30680.xml">new york time</link>publish<weblink ns0:type="simple" ns0:href="http://query.nytimes.com/gst/fullpage.html?res=9F06E6D8113DF933A05754C0A9629C8B63 sec= spon= pagewanted=all">articl</weblink>under the headlin shell pay million settlement reserv the last paragraph turn differ subject state separ the commod futur trade commiss said thursday that shell energi trade unit coral energi resourc had agre pay million settl accus that submit fals price data publish the case part the commiss industrywid investig into suspect manipul the energi market the previou day juli the<agency wordnetid="108337324" confidence="0.9508927676800064"><link ns0:type="simple" ns0:href="../171/479171.xml">commod futur trade commiss</link></agency>releas<weblink ns0:type="simple" ns0:href="http://www.cftc.gov/opa/enf04/opa4964-04.htm">press statement</weblink>headlin coral energi pay million settl commod futur trade commiss charg attempt manipul and fals report the open paragraph said the commod futur trade commiss cftc announc today the issuanc<weblink ns0:type="simple" ns0:href="http://www.cftc.gov/files/enf/04orders/enfcoral-order.pdf">administr order</weblink>order initi and simultan settl charg fals report and attempt manipul natur transact coral energi resourc coral the find the order includ from least januari through septemb coral report fals mislead knowingli inaccur natur trade inform includ price and volum inform certain price report firm such insid ferc market report and natur intellig and that coral attempt manipul natur price deliv trade inform the price report firm with the intent affect the market price natur the order find that coral report inform about trade that never occur alter price and volum inform for certain trade and fail report some actual trade all with the intent affect the market price natur</p><p>novemb bloomberg news<weblink ns0:type="simple" ns0:href="http://www.bloomberg.com/apps/news?pid=newsarchive sid=auwUaFAzR4wA">report</weblink>five current and former trader from coral energi resourc unit royal dutch shell plc agre pay million settl alleg that they report fals inform naturalga trade manipul price accord the bloomberg articl shell confirm that three the peopl name the settlement were employ the compani bloomberg quot shell spokeswoman rebecca elliott state email settl thi civil case the individu neither admit nor deni the alleg the complaint and sinc thi matter between the cftc and the individu not appropri for comment further the matter</p><p>januari the cftc issu enforc press releas under the headlin<weblink ns0:type="simple" ns0:href="http://www.cftc.gov/newsroom/enforcementpressreleases/2008/pr5435-08.html">cftc obtain verdict against former coral energi trader anthoni dizona for attempt manipul</weblink>the subheadlin state juri find defend violat the commod exchang act attempt manipul the natur market eight time summari entitl<weblink ns0:type="simple" ns0:href="http://66.102.9.104/search?q=cache:Zo6TC-CUyGUJ:www.cftc.gov/stellent/groups/public/%40newsroom/documents/file/enfenergyenforcementactions.pdf+Commodity+Futures+Trading+Commission+Shell+%2430+million hl=en ct=clnk cd=4">energi market enforc result</weblink>issu march the commod futur trade commiss reveal fine impos shell trade compani and shell intern trade and ship compani respect fictiti sale noncompetit trade and prearrang trade the time the offens dizona employe shell trade and power compani which provid servic for shell subsidiari coral energi resourc</p></ss1><ss1><st>alleg shell espionag</st><p>june<newspaper wordnetid="106267145" confidence="0.9508927676800064"><link ns0:type="simple" ns0:href="../472/2313472.xml">the sunday time</link></newspaper>publish articl headlin<weblink ns0:type="simple" ns0:href="http://www.shellnews.net/PDFs/Sunday%20Times%20MI6.pdf">firm spi green group</weblink>reveal that privat intellig firm<link ns0:type="simple" ns0:href="../692/6904692.xml">hakluyt compani</link>limit with close link<link ns0:type="simple" ns0:href="../079/164079.xml" />spi environment campaign group collect inform for the oil compani shell and<company wordnetid="108058098" confidence="0.9508927676800064"><link ns0:type="simple" ns0:href="../720/18998720.xml" /></company>the articl reveal that<link ns0:type="simple" ns0:href="../501/10501.xml">undercov agent</link>germanborn manfr schlickenried serv member the german secret servic infiltr and scupper environment campaign direct against the oil giant schlickenried said have pose leftw sympath and film maker</p><p>the nigerian connect accord the articl schlickenried tri dupe<name wordnetid="106333653" confidence="0.8"><company wordnetid="108058098" confidence="0.8"><trade_name wordnetid="106845599" confidence="0.8"><part wordnetid="113809207" confidence="0.8"><language_unit wordnetid="106284225" confidence="0.8"><institution wordnetid="108053576" confidence="0.8"><link ns0:type="simple" ns0:href="../447/972447.xml">the bodi shop</link></institution></language_unit></part></trade_name></company></name>group pass inform about opposit shell drill for oil nigerian tribal land the spi oper began when mike reynold director hakluyt and former head station<country wordnetid="108544813" confidence="0.9508927676800064"><link ns0:type="simple" ns0:href="../867/11867.xml">germani</link></country>ask shell find out who orchestr threat against petrol forecourt across europ the threat appar follow outcri over shell attempt dump the redund<platform wordnetid="103961939" confidence="0.8"><artifact wordnetid="100021939" confidence="0.8"><surface wordnetid="104362025" confidence="0.8"><horizontal_surface wordnetid="103536348" confidence="0.8"><link ns0:type="simple" ns0:href="../494/1195494.xml">brent spar</link></horizontal_surface></surface></artifact></platform>oil platform sea and alleg environment damag caus shell oil drill<link ns0:type="simple" ns0:href="../412/2055412.xml">ogoniland</link><country wordnetid="108544813" confidence="0.9508927676800064"><link ns0:type="simple" ns0:href="../383/21383.xml">nigeria</link></country>schlickenried made film shell nigeria call busi usual the arrog power use thi cover stori interview friend<physical_entity wordnetid="100001930" confidence="0.8"><disputant wordnetid="109615465" confidence="0.8"><communicator wordnetid="109610660" confidence="0.8"><person wordnetid="100007846" confidence="0.8"><reformer wordnetid="110515194" confidence="0.8"><militant wordnetid="110315837" confidence="0.8"><intellectual wordnetid="109621545" confidence="0.8"><causal_agent wordnetid="100007347" confidence="0.8"><writer wordnetid="110794014" confidence="0.8"><scholar wordnetid="110557854" confidence="0.8"><link ns0:type="simple" ns0:href="../970/330970.xml">ken sarowiwa</link></scholar></writer></causal_agent></intellectual></militant></reformer></person></communicator></disputant></physical_entity>the nobel prize nomine hang the militari regim after lead campaign against shell</p><p>schlickenried known the code name camu and had work for the german foreign intellig servic gather inform about terrorist group includ the<terrorist_organization wordnetid="108392137" confidence="0.9508927676800064"><link ns0:type="simple" ns0:href="../973/25973.xml">red armi faction</link></terrorist_organization>the sunday time also report that had seen document which confirm that the spi germanborn manfr schlickenried hire hakluyt agenc that oper from offic london west end confront the sunday time and shell admit hire hakluyt but said they were unawar the tactic use their behalf shell said had want protect employe against possibl attack one schlickenried spi mission gather inform about the movement the motor vessel greenpeac then oper the<link ns0:type="simple" ns0:href="../698/698.xml">north atlant</link><link ns0:type="simple" ns0:href="../233/12233.xml">greenpeac</link>alleg that the scandal had echo the<link ns0:type="simple" ns0:href="../966/217966.xml">rainbow warrior</link>affair when ship campaign against nuclear test the<link ns0:type="simple" ns0:href="../680/2924680.xml">south pacif</link>blown the french secret servic schlickenried hire mike reynold accord the sunday time report reynold and other execut left the intellig servic after the cold war end form hakluyt set with the bless sir david sped the then chief the articl state that christoph jame the manag director hakluyt had been head the section that liais with british firm the sunday time articl also reveal believ the affair pose seriou question about the blur the divis between the secret servic privat intellig compani and the interest big compani hakluyt refut claim some the intellig commun that start offic carri out deniabl oper sir william purv shell director chairman hakluyt compani former group chairman royal dutch shell sir peter holm presid the hakluyt foundat associ organis</p><p>there earlier exampl shell admit involv with undercov activ connect with<weblink ns0:type="simple" ns0:href="http://www.shellnews.net/2004%20Documents/letters/lettertorichchardwiseman23june98.pdf">letter date june</weblink>shell legal director richard wiseman<weblink ns0:type="simple" ns0:href="http://www.shellnews.net/2004%20Documents/letters/letterfromrichardwiseman9july1998.pdf">admit</weblink>that shell had use undercov activ involv christoph phillip the cours litig the letter from wiseman refer<weblink ns0:type="simple" ns0:href="http://www.shellnews.net/2004%20Documents/letters/lettertoofficeforsupervisionofsolicitors10july98.pdf">relat letter</weblink>the offic for supervis solicitor accord<weblink ns0:type="simple" ns0:href="http://www.telegraph.co.uk/htmlContent.jhtml?html=/archive/1999/06/06/ncard06.html">articl</weblink>publish the sunday telegraph although shell lawyer admit that they hire phillip they said onli carri out routin credit inquiri shell subsequ<weblink ns0:type="simple" ns0:href="http://www.prospect-magazine.co.uk/article_details.php?id=8209.">settl</weblink>the relev litig</p><p>septemb under the headlin<weblink ns0:type="simple" ns0:href="http://query.nytimes.com/gst/fullpage.html?res=9B0CE6D81538F931A2575AC0A9679C8B63 sec= spon= pagewanted=all">secret safe from these sharp eye</weblink><newspaper wordnetid="106267145" confidence="0.9508927676800064"><link ns0:type="simple" ns0:href="../680/30680.xml">the new york time</link></newspaper>publish articl focus corpor cloakanddagg escapad execut shell intern explor and product stephen wade reveal competit intellig analyst managementspeak for corpor america equival spi the report said that wade use everi trick the book and may even dish out erron inform wade quot comment isnt<physical_entity wordnetid="100001930" confidence="0.8"><person wordnetid="100007846" confidence="0.8"><player wordnetid="110439851" confidence="0.8"><contestant wordnetid="109613191" confidence="0.8"><creator wordnetid="109614315" confidence="0.8"><socialite wordnetid="110619409" confidence="0.8"><gambler wordnetid="110118844" confidence="0.8"><principal wordnetid="110474950" confidence="0.8"><criminal wordnetid="109977660" confidence="0.8"><lawman wordnetid="110249459" confidence="0.8"><artist wordnetid="109812338" confidence="0.8"><bad_person wordnetid="109831962" confidence="0.8"><important_person wordnetid="110200781" confidence="0.8"><policeman wordnetid="110448983" confidence="0.8"><preserver wordnetid="110466918" confidence="0.8"><adult wordnetid="109605289" confidence="0.8"><bodyguard wordnetid="109863031" confidence="0.8"><golfer wordnetid="110136959" confidence="0.8"><assassin wordnetid="109813696" confidence="0.8"><wrongdoer wordnetid="109633969" confidence="0.8"><defender wordnetid="109614684" confidence="0.8"><causal_agent wordnetid="100007347" confidence="0.8"><murderer wordnetid="110338707" confidence="0.8"><killer wordnetid="110231087" confidence="0.8"><detective wordnetid="110009276" confidence="0.8"><link ns0:type="simple" ns0:href="../604/15604.xml">jame bond</link></detective></killer></murderer></causal_agent></defender></wrongdoer></assassin></golfer></bodyguard></adult></preserver></policeman></important_person></bad_person></artist></lawman></criminal></principal></gambler></socialite></creator></contestant></player></person></physical_entity>the articl went say still like ani good spi wade declin give detail exampl inform glean thi way also point out that corpor spi sometim skirt ethic bound</p><p><weblink ns0:type="simple" ns0:href="http://royaldutchshellplc.com/2005/10/05/the-financial-times-oil-groups-face-rise-in-threats-to-security/">articl</weblink>publish the<newspaper wordnetid="106267145" confidence="0.9508927676800064"><link ns0:type="simple" ns0:href="../566/136566.xml">financi time</link></newspaper>octob reveal that ian mccredi septemb appoint shell vicepresid respons for secur mccredi describ head global secur servic shell intern the articl said mccredi had work for the foreign servic sinc secur and intellig thi believ refer the name ian forb mccredi obe former offic</p><p>juli the<link ns0:type="simple" ns0:href="../378/147378.xml">irish time</link>newspap publish articl under the headlin<weblink ns0:type="simple" ns0:href="http://www.irishtimes.com/newspaper/ireland/2008/0714/1215940876751.html">mayo famili complain over shell surveil</weblink>the articl reveal that north mayo famili live glengad landfal for the shell<region wordnetid="108630985" confidence="0.8"><field wordnetid="108569998" confidence="0.8"><politics wordnetid="113840719" confidence="0.8"><location wordnetid="100027167" confidence="0.8"><tract wordnetid="108673395" confidence="0.8"><social_relation wordnetid="100032823" confidence="0.8"><geographical_area wordnetid="108574314" confidence="0.8"><link ns0:type="simple" ns0:href="../600/2232600.xml">corrib project</link></geographical_area></social_relation></tract></location></politics></field></region>pipelin had complain the polic the garda about alleg constant surveil their movement secur staff attach the corrib project shell ireland reportedli confirm that surveil take place the basi that surveil need becaus crimin activ close the point where the will come ashor colm henri speak for famili quot say are not oppos the come ashor done safe way henri went say object our grandchildren film while walk and paddl and will seek have thi footag return</p></ss1><ss1><st>iran</st><p>shell court controversi januari when they announc that they had sign deal help<country wordnetid="108544813" confidence="0.9508927676800064"><link ns0:type="simple" ns0:href="../653/14653.xml">iran</link></country>develop major field defianc pressur from the<body wordnetid="107965085" confidence="0.8"><social_group wordnetid="107950920" confidence="0.8"><political_orientation wordnetid="106212839" confidence="0.8"><colony wordnetid="108374049" confidence="0.8"><state wordnetid="108168978" confidence="0.8"><political_unit wordnetid="108359949" confidence="0.8"><group wordnetid="100031264" confidence="0.8"><democracy wordnetid="106217103" confidence="0.8"><link ns0:type="simple" ns0:href="../750/3434750.xml">unit state</link></democracy></group></political_unit></state></colony></political_orientation></social_group></body><weblink ns0:type="simple" ns0:href="http://www.guardian.co.uk/oil/story/0,,2001824,00.html" /></p><p>shell been activ iran for mani year<link>shell iran</link>offic<village wordnetid="108672738" confidence="0.9508927676800064"><link ns0:type="simple" ns0:href="../654/57654.xml">tehran</link></village><weblink ns0:type="simple" ns0:href="http://www.shell.com/home/Framework?siteId=home FC2=/html/iwgen/contact/zzz_lhn.html FC3=/html/iwgen/contact/contact_iran.html" />from which variou<link ns0:type="simple" ns0:href="../933/1977933.xml">downstream</link>busi are manag and which also the centr for new explor and product and other project shell sign agreement with the<company wordnetid="108058098" confidence="0.9508927676800064"><link ns0:type="simple" ns0:href="../824/2023824.xml">nation iranian oil compani</link></company>redevelop the soroosh and nowrooz offshor oil field and shell execut made clear the time the sign how much the compani valu relationship with iran<weblink ns0:type="simple" ns0:href="http://www.shell-me.com/english/nov2000/profile2.htm" />drill commenc whilst american oil compani were prohibit<message wordnetid="106598915" confidence="0.8"><approval wordnetid="106686736" confidence="0.8"><sanction wordnetid="106687358" confidence="0.8"><link ns0:type="simple" ns0:href="../320/411320.xml">sanction</link></sanction></approval></message>from work iran shell along with some other european compani<link ns0:type="simple" ns0:href="../420/1076420.xml">repsol</link>continu oper and pursu new opportun the countri thi contrast with<company wordnetid="108058098" confidence="0.9508927676800064"><link ns0:type="simple" ns0:href="../720/18998720.xml" /></company>who decid not involv time when the iranian regim criticis for antiwestern stanc suspect nuclear weapon programm support for the insurg<region wordnetid="108630985" confidence="0.8"><region wordnetid="108630039" confidence="0.8"><center wordnetid="108523483" confidence="0.8"><area wordnetid="108497294" confidence="0.8"><see wordnetid="108586825" confidence="0.8"><seat wordnetid="108647945" confidence="0.8"><location wordnetid="100027167" confidence="0.8"><district wordnetid="108552138" confidence="0.8"><link ns0:type="simple" ns0:href="../732/1114732.xml">palestin</link></district></location></seat></see></area></center></region></region>and<country wordnetid="108544813" confidence="0.9508927676800064"><link ns0:type="simple" ns0:href="../928/7515928.xml">iraq</link></country>and institutionalis anti<country wordnetid="108544813" confidence="0.9508927676800064"><link ns0:type="simple" ns0:href="../173/9282173.xml">israel</link></country>and<link ns0:type="simple" ns0:href="../793/10396793.xml">holocaust</link>denial rhetor</p><p>juli<newspaper wordnetid="106267145" confidence="0.9508927676800064"><link ns0:type="simple" ns0:href="../985/172985.xml">the daili telegraph</link></newspaper>publish articl under the<weblink ns0:type="simple" ns0:href="http://www.telegraph.co.uk/money/main.jhtml?xml=/money/2007/07/27/cnshell127.xml">headlin</weblink>shell iran ventur continu report that royal dutch shell chief execut<person wordnetid="100007846" confidence="0.9508927676800064"><link ns0:type="simple" ns0:href="../007/3934007.xml">jeroen van der veer</link></person>said there were plan halt preparatori work possibl invest<country wordnetid="108544813" confidence="0.9508927676800064"><link ns0:type="simple" ns0:href="../653/14653.xml">iran</link></country>despit renew pressur about the risk oper countri where america impos<link ns0:type="simple" ns0:href="../320/411320.xml">econom sanction</link>the articl said that shell had sign initi agreement with the iranian govern develop two phase the south par field also reveal that number pension fund had warn shell about potenti consequ busi link with<link ns0:type="simple" ns0:href="../654/57654.xml">teheran</link>when worsen usiran relat could impact compani busi there septemb<newspaper wordnetid="106267145" confidence="0.9508927676800064"><link ns0:type="simple" ns0:href="../127/39127.xml">the time</link></newspaper>newspap<weblink ns0:type="simple" ns0:href="http://www.timesonline.co.uk/tol/news/world/us_and_americas/article2485358.ece">report</weblink>washington repeatedli press european bank and energi compani ceas invest state list state sponsor<link ns0:type="simple" ns0:href="../636/30636.xml">terror</link>firm that could hard hit includ the anglodutch oil giant shell which consid multibillion pound project<country wordnetid="108544813" confidence="0.9508927676800064"><link ns0:type="simple" ns0:href="../653/14653.xml">iran</link></country>produc<link ns0:type="simple" ns0:href="../131/22131.xml">natur</link>septemb the<newspaper wordnetid="106267145" confidence="0.9508927676800064"><link ns0:type="simple" ns0:href="../916/251916.xml">houston chronicl</link></newspaper>report<weblink ns0:type="simple" ns0:href="http://www.chron.com/disp/story.mpl/nation/5150211.html">florida drop billion iran sudan invest</weblink>said that florida largest invest million with royal dutch shell plc headquart<village wordnetid="108672738" confidence="0.9508927676800064"><link ns0:type="simple" ns0:href="../867/17867.xml">london</link></village>which oper iran but not sudan shell<link ns0:type="simple" ns0:href="../047/338047.xml">spokesperson</link>report say that shell monitor florida law and similar propos other state and congress assess their potenti affect the compani oper the<commercial_enterprise wordnetid="108065093" confidence="0.8"><cooperative wordnetid="101100877" confidence="0.8"><enterprise wordnetid="108056231" confidence="0.8"><link ns0:type="simple" ns0:href="../732/18935732.xml">associ press</link></enterprise></cooperative></commercial_enterprise><weblink ns0:type="simple" ns0:href="http://royaldutchshellplc.com/2007/09/18/canadianbusinesscom-royal-dutch-shell-paid-covington-burling-100000-to-lobby-against-sanctions/">report</weblink>septemb that royal dutch shell plc had paid<company wordnetid="108058098" confidence="0.9508927676800064"><link ns0:type="simple" ns0:href="../062/4759062.xml">covington burl</link></company>llp lobbi congress and the<link ns0:type="simple" ns0:href="../975/31975.xml">state depart</link>oppos<link ns0:type="simple" ns0:href="../320/411320.xml">econom sanction</link>against shell</p><p>may thomson financi news<weblink ns0:type="simple" ns0:href="http://www.forbes.com/markets/feeds/afx/2008/05/12/afx4995133.html">report</weblink>that royal dutch shell and<link ns0:type="simple" ns0:href="../420/1076420.xml">repsol</link>had withdrawn from the blnplu develop phase south par the world largest field but the basi that they might particip other phase the same date<newspaper wordnetid="106267145" confidence="0.9508927676800064"><link ns0:type="simple" ns0:href="../127/39127.xml">the time</link></newspaper>publish<weblink ns0:type="simple" ns0:href="http://business.timesonline.co.uk/tol/business/industry_sectors/natural_resources/article3915052.ece">articl</weblink>which said the open paragraph royal dutch shell appar cave into polit pressur from the back out billion project iran</p></ss1><ss1><st>nicaragua</st><p>million judgement made favour plaintiff nicaraguan court jointli against<oil_company wordnetid="108069241" confidence="0.8"><name wordnetid="106333653" confidence="0.8"><company wordnetid="108058098" confidence="0.8"><trade_name wordnetid="106845599" confidence="0.8"><part wordnetid="113809207" confidence="0.8"><language_unit wordnetid="106284225" confidence="0.8"><institution wordnetid="108053576" confidence="0.8"><link ns0:type="simple" ns0:href="../593/468593.xml">shell oil compani</link></institution></language_unit></part></trade_name></company></name></oil_company>soc and three other name defend not affili with soc for alleg injuri result from alleg exposur dibromochloropropan dbcp<link ns0:type="simple" ns0:href="../340/48340.xml">pesticid</link>manufactur soc accord inform page<weblink ns0:type="simple" ns0:href="http://www.shell.com/static/investor-en/downloads/publications/2007/2006_annual_report.pdf">shell annual report and form for year end decemb</weblink>the pesticid manufactur prior and not ship sold soc ani parti<country wordnetid="108544813" confidence="0.9508927676800064"><link ns0:type="simple" ns0:href="../362/21362.xml">nicaragua</link></country>the report state page that decemb nine addit nicaraguan judgement that have been enter the collect amount approxim billion favour plaintiff jointli against<link>shell chemic compani</link>and three other name defend shell claim that the nicaraguan dbcp judgement are<link ns0:type="simple" ns0:href="../154/4358154.xml">unenforc</link>court</p></ss1><ss1><st>alaska</st><p>shell major partner controversi oil explor project the<link ns0:type="simple" ns0:href="../071/492071.xml">beaufort sea</link>off the northern coast<symbol wordnetid="106806469" confidence="0.9508927676800064"><link ns0:type="simple" ns0:href="../624/624.xml">alaska</link></symbol>and kilometr from the protect<area wordnetid="108497294" confidence="0.9508927676800064"><link ns0:type="simple" ns0:href="../065/82065.xml">arctic nation wildlif refug</link></area>the project been oppos environment protest who have question the content<link ns0:type="simple" ns0:href="../800/2364800.xml">environment impact assess</link>state that the project been rush with inadequ consult and who have launch legal challeng against the scheme green group act halt shell plan<weblink ns0:type="simple" ns0:href="http://observer.guardian.co.uk/business/story/0,,2067654,00.html" /></p></ss1><ss1><st>safeti</st><p>number incid over the year led critic shell<link ns0:type="simple" ns0:href="../308/361308.xml">health and safeti</link>record</p><p><indent level="1">main articl<gossip wordnetid="107223170" confidence="0.8"><scandal wordnetid="107223811" confidence="0.8"><event wordnetid="100029378" confidence="0.8"><informing wordnetid="107212190" confidence="0.8"><report wordnetid="107217924" confidence="0.8"><act wordnetid="100030358" confidence="0.8"><psychological_feature wordnetid="100023100" confidence="0.8"><speech_act wordnetid="107160883" confidence="0.8"><link ns0:type="simple" ns0:href="../625/10441625.xml">royal dutch shell safeti concern</link></speech_act></psychological_feature></act></report></informing></event></scandal></gossip></indent></p></ss1><ss1><st>iraq</st><p>shell been criticis some<link ns0:type="simple" ns0:href="../ury/23rd_century.xml">activist</link>for seek benefit from the regim chang<country wordnetid="108544813" confidence="0.9508927676800064"><link ns0:type="simple" ns0:href="../928/7515928.xml">iraq</link></country>the<link ns0:type="simple" ns0:href="../142/3742142.xml">ngo</link>hand off iraqi oil charg that shell been work close with the occupi power creat framework that will allow multin compani take control iraq oil and that they lobbi shell and other<link ns0:type="simple" ns0:href="../285/6099285.xml">oil major</link>could result multin oil compani control and profit from most the countri oilfield for year<weblink ns0:type="simple" ns0:href="http://www.guardian.co.uk/Iraq/Story/0,,2079641,00.html" /></p></ss1><sec><st>chang earli retir scheme ethiopia</st><p>novemb<link>shell ethiopia</link><link>worker union</link>which claim repres around the total shell ethiopia workforc file law suit the feder first instanc court<country wordnetid="108544813" confidence="0.9508927676800064"><link ns0:type="simple" ns0:href="../749/187749.xml">ethiopia</link></country>alleg that shell illeg chang earli<link ns0:type="simple" ns0:href="../495/26495.xml">retir</link>polici order save money layoff ahead possibl closur oper ethiopia</p><p>the complain state that shell scrap special earli retir scheme which pay month salari employe who leav compani servic earlier than their retir date and replac with voluntari sever packag the new packag alleg reduc the amount money paid depart employe while manag member will get addit payment rang from</p><p>the<weblink ns0:type="simple" ns0:href="http://royaldutchshellplc.com/2007/12/03/shell-employees-statement-of-claim-against-shell-ethiopia/">statement claim</weblink>point out that few year ago shell took over<name wordnetid="106333653" confidence="0.8"><company wordnetid="108058098" confidence="0.8"><trade_name wordnetid="106845599" confidence="0.8"><part wordnetid="113809207" confidence="0.8"><language_unit wordnetid="106284225" confidence="0.8"><institution wordnetid="108053576" confidence="0.8"><link ns0:type="simple" ns0:href="../068/1302068.xml">agip</link></institution></language_unit></part></trade_name></company></name>ethiopia and accept employe whom opt avail themselv the special earli retir scheme therebi receiv month salari</p><p>decemb the addi fortun newspap ethiopia publish<weblink ns0:type="simple" ns0:href="http://royaldutchshellplc.com/2007/12/03/shell-employees-statement-of-claim-against-shell-ethiopia/">articl</weblink>entitl labour union sue shell over sever benefit</p><p>decemb<link ns0:type="simple" ns0:href="../749/187749.xml">ethiopian</link>newspap the<village wordnetid="108672738" confidence="0.9508927676800064"><link ns0:type="simple" ns0:href="../396/2139396.xml">jimma</link></village>time publish internet<weblink ns0:type="simple" ns0:href="http://www.jimmatimes.com/article.cfm?articleID=17518">articl</weblink>under the headlin ethiopian employe accus shell raid retir fund</p><p>the case schedul for hear decemb</p></sec><sec><st>see also</st><p><list><entry level="1" type="bullet"><politics wordnetid="113840719" confidence="0.8"><social_relation wordnetid="100032823" confidence="0.8"><link ns0:type="simple" ns0:href="../037/17803037.xml">sacr headwat</link></social_relation></politics>campaign against shell develop canada</entry></list></p></sec><sec><st>note</st><p><reflist><entry id="1" /><entry id="2" /><entry id="3"><cite id="Reference-Wesseling-2000" style="font-style:normal" class="book">wessel loui fuell the war reveal oil compani role vietnam london tauri ltd isbn</cite></entry><entry id="4"><group wordnetid="100031264" confidence="0.8"><link ns0:type="simple" ns0:href="../098/242098.xml">sierra club</link></group>defend those who give the earth voic</entry><entry id="5">christian aid behind the mask<weblink ns0:type="simple" ns0:href="http://www.christian-aid.org.uk/indepth/0401csr/csr_casestudy1nigeria.pdf" /></entry><entry id="6"><weblink ns0:type="simple" ns0:href="http://www.shell.com/home/Framework?siteId=uk-en FC2=/uk-en/html/iwgen/about_shell/brentspardossier/dnvinventoryreports/zzz_lhn.html FC3=/uk-en/html/iwgen/about_shell/brentspardossier/dnvinventoryreports/table42matsreleased_09111440.html">dnv inventori</weblink>content brent spar rel quantiti the north sea detail det norsk verita retriev<link ns0:type="simple" ns0:href="../196/20196.xml">march</link><link ns0:type="simple" ns0:href="../984/35984.xml" /></entry></reflist></p></sec><sec><st>extern link</st><p><list><entry level="1" type="bullet"><weblink ns0:type="simple" ns0:href="http://www.shelloiledwildlife.org.uk">shell oil wildlif</weblink></entry><entry level="1" type="bullet"><weblink ns0:type="simple" ns0:href="http://risingtide.org.uk/shell">rise tide climat chang activist</weblink></entry><entry level="1" type="bullet"><weblink ns0:type="simple" ns0:href="http://royaldutchshellplc.com/">royaldutchshellplccom</weblink></entry><entry level="1" type="bullet"><weblink ns0:type="simple" ns0:href="http://www.shellfacts.com/article.php?list=type type=11">ride the dragon shell fact</weblink></entry><entry level="1" type="bullet"><weblink ns0:type="simple" ns0:href="http://www.remembersarowiwa.com/">rememb ken sarowiwa</weblink></entry><entry level="1" type="bullet"><weblink ns0:type="simple" ns0:href="http://www.corribsos.com/">shell sea campaign</weblink>environ campaign ireland</entry><entry level="1" type="bullet"><weblink ns0:type="simple" ns0:href="http://seeitreal.com/default.aspx">seeitrealcom</weblink>environ campaign usa</entry></list></p><p><table style=";" class="navbox" cellspacing="0"><row><col style="padding:2px;"><table style="width:100%;background:transparent;color:inherit;;" class="nowraplinks collapsible autocollapse " cellspacing="0"><row><header colspan="2" style=";" class="navbox-title"><company wordnetid="108058098" confidence="0.9508927676800064"><link ns0:type="simple" ns0:href="../417/59417.xml">royal dutch shell</link></company></header></row><row style="height:2px;" /><row><col style=";;" class="navbox-group">subsidiari</col><col style="text-align:left;border-left:2px solid #fdfdfd;width:100%;padding:0px;;;" class="navbox-list navbox-odd"><p><oil_company wordnetid="108069241" confidence="0.8"><company wordnetid="108058098" confidence="0.8"><institution wordnetid="108053576" confidence="0.8"><link ns0:type="simple" ns0:href="../320/11560320.xml">aera energi llc</link></institution></company></oil_company><oil_company wordnetid="108069241" confidence="0.8"><company wordnetid="108058098" confidence="0.8"><institution wordnetid="108053576" confidence="0.8"><link ns0:type="simple" ns0:href="../991/15611991.xml">albian sand</link></institution></company></oil_company><plant wordnetid="103956922" confidence="0.8"><structure wordnetid="104341686" confidence="0.8"><artifact wordnetid="100021939" confidence="0.8"><building_complex wordnetid="102914991" confidence="0.8"><link ns0:type="simple" ns0:href="../201/12597201.xml">brunei lng</link></building_complex></artifact></structure></plant><plant wordnetid="103956922" confidence="0.8"><structure wordnetid="104341686" confidence="0.8"><artifact wordnetid="100021939" confidence="0.8"><building_complex wordnetid="102914991" confidence="0.8"><link ns0:type="simple" ns0:href="../426/12646426.xml">oman lng</link></building_complex></artifact></structure></plant><link ns0:type="simple" ns0:href="../818/16592818.xml">pearl gtl</link><oil_company wordnetid="108069241" confidence="0.8"><company wordnetid="108058098" confidence="0.8"><institution wordnetid="108053576" confidence="0.8"><link ns0:type="simple" ns0:href="../457/13937457.xml">sakhalin energi</link></institution></company></oil_company><company wordnetid="108058098" confidence="0.9508927676800064"><link ns0:type="simple" ns0:href="../518/867518.xml">shell canada</link></company><link ns0:type="simple" ns0:href="../477/3950477.xml">shell nigeria</link><oil_company wordnetid="108069241" confidence="0.8"><name wordnetid="106333653" confidence="0.8"><company wordnetid="108058098" confidence="0.8"><trade_name wordnetid="106845599" confidence="0.8"><part wordnetid="113809207" confidence="0.8"><language_unit wordnetid="106284225" confidence="0.8"><institution wordnetid="108053576" confidence="0.8"><link ns0:type="simple" ns0:href="../593/468593.xml">shell oil compani</link></institution></language_unit></part></trade_name></company></name></oil_company>usa</p></col></row><row style="height:2px" /><row><col style=";;" class="navbox-group">peopl</col><col style="text-align:left;border-left:2px solid #fdfdfd;width:100%;padding:0px;;;" class="navbox-list navbox-even"><p><person wordnetid="100007846" confidence="0.9508927676800064"><link ns0:type="simple" ns0:href="../810/15383810.xml">rob rout</link></person><physical_entity wordnetid="100001930" confidence="0.8"><person wordnetid="100007846" confidence="0.8"><geophysicist wordnetid="110128519" confidence="0.8"><causal_agent wordnetid="100007347" confidence="0.8"><scientist wordnetid="110560637" confidence="0.8"><geologist wordnetid="110127689" confidence="0.8"><link ns0:type="simple" ns0:href="../042/455042.xml">king hubbert</link></geologist></scientist></causal_agent></geophysicist></person></physical_entity><physical_entity wordnetid="100001930" confidence="0.8"><person wordnetid="100007846" confidence="0.8"><causal_agent wordnetid="100007347" confidence="0.8"><scientist wordnetid="110560637" confidence="0.8"><geologist wordnetid="110127689" confidence="0.8"><link ns0:type="simple" ns0:href="../240/14567240.xml">fred meissner</link></geologist></scientist></causal_agent></person></physical_entity><president wordnetid="110468962" confidence="0.9173553029164789"><celebrity wordnetid="109903153" confidence="0.9508927676800064"><person wordnetid="100007846" confidence="0.9508927676800064"><link ns0:type="simple" ns0:href="../924/1605924.xml">jorma ollila</link></person></celebrity></president></p></col></row><row style="height:2px" /><row><col style=";;" class="navbox-group">facil</col><col style="text-align:left;border-left:2px solid #fdfdfd;width:100%;padding:0px;;;" class="navbox-list navbox-odd"><p><platform wordnetid="103961939" confidence="0.8"><artifact wordnetid="100021939" confidence="0.8"><surface wordnetid="104362025" confidence="0.8"><horizontal_surface wordnetid="103536348" confidence="0.8"><link ns0:type="simple" ns0:href="../494/1195494.xml">brent spar</link></horizontal_surface></surface></artifact></platform><site wordnetid="108651247" confidence="0.8"><region wordnetid="108630985" confidence="0.8"><artifact wordnetid="100021939" confidence="0.8"><facility wordnetid="103315023" confidence="0.8"><location wordnetid="100027167" confidence="0.8"><tract wordnetid="108673395" confidence="0.8"><geographical_area wordnetid="108574314" confidence="0.8"><link ns0:type="simple" ns0:href="../560/1002560.xml">rocki mountain arsen</link></geographical_area></tract></location></facility></artifact></region></site><plant wordnetid="103956922" confidence="0.8"><refinery wordnetid="104068441" confidence="0.8"><structure wordnetid="104341686" confidence="0.8"><building wordnetid="102913152" confidence="0.8"><artifact wordnetid="100021939" confidence="0.8"><oil_refinery wordnetid="103844673" confidence="0.8"><building_complex wordnetid="102914991" confidence="0.8"><link ns0:type="simple" ns0:href="../619/15007619.xml">scotford upgrad</link></building_complex></oil_refinery></artifact></building></structure></refinery></plant><site wordnetid="108651247" confidence="0.9508927676800064"><link ns0:type="simple" ns0:href="../804/14280804.xml">shell haven</link></site><city wordnetid="108524735" confidence="0.9508927676800064"><link ns0:type="simple" ns0:href="../159/12432159.xml">shell mera</link></city><company wordnetid="108058098" confidence="0.8"><institution wordnetid="108053576" confidence="0.8"><link ns0:type="simple" ns0:href="../235/10545235.xml">shell develop emeryvil</link></institution></company></p></col></row><row style="height:2px" /><row><col style=";;" class="navbox-group"><gossip wordnetid="107223170" confidence="0.8"><scandal wordnetid="107223811" confidence="0.8"><event wordnetid="100029378" confidence="0.8"><informing wordnetid="107212190" confidence="0.8"><report wordnetid="107217924" confidence="0.8"><act wordnetid="100030358" confidence="0.8"><psychological_feature wordnetid="100023100" confidence="0.8"><speech_act wordnetid="107160883" confidence="0.8"><link ns0:type="simple" ns0:href="../225/10259225.xml">controversi</link></speech_act></psychological_feature></act></report></informing></event></scandal></gossip></col><col style="text-align:left;border-left:2px solid #fdfdfd;width:100%;padding:0px;;;" class="navbox-list navbox-even"><p><gossip wordnetid="107223170" confidence="0.8"><scandal wordnetid="107223811" confidence="0.8"><event wordnetid="100029378" confidence="0.8"><informing wordnetid="107212190" confidence="0.8"><report wordnetid="107217924" confidence="0.8"><act wordnetid="100030358" confidence="0.8"><psychological_feature wordnetid="100023100" confidence="0.8"><speech_act wordnetid="107160883" confidence="0.8"><link ns0:type="simple" ns0:href="../625/10441625.xml">safeti concern</link></speech_act></psychological_feature></act></report></informing></event></scandal></gossip><issue wordnetid="105814650" confidence="0.8"><link ns0:type="simple" ns0:href="../178/17384178.xml">environment issu</link></issue><region wordnetid="108630985" confidence="0.8"><field wordnetid="108569998" confidence="0.8"><politics wordnetid="113840719" confidence="0.8"><location wordnetid="100027167" confidence="0.8"><tract wordnetid="108673395" confidence="0.8"><social_relation wordnetid="100032823" confidence="0.8"><geographical_area wordnetid="108574314" confidence="0.8"><link ns0:type="simple" ns0:href="../600/2232600.xml">corrib project</link></geographical_area></social_relation></tract></location></politics></field></region></p></col></row><row style="height:2px" /><row><col style=";;" class="navbox-group">other</col><col style="text-align:left;border-left:2px solid #fdfdfd;width:100%;padding:0px;;;" class="navbox-list navbox-odd"><p><team wordnetid="108208560" confidence="0.9508927676800064"><link ns0:type="simple" ns0:href="../880/4092880.xml">shell turbo charger</link></team><site wordnetid="108651247" confidence="0.8"><region wordnetid="108630985" confidence="0.8"><location wordnetid="100027167" confidence="0.8"><tract wordnetid="108673395" confidence="0.8"><geographical_area wordnetid="108574314" confidence="0.8"><link ns0:type="simple" ns0:href="../414/17710414.xml">shell oil compani spectacular sign</link></geographical_area></tract></location></region></site></p></col></row><row style="height:2px;" /><row><col colspan="2" style=";" class="navbox-abovebelow">annual revenu employe</col></row></table></col></row></table></p></sec></bdy></speech_act></psychological_feature></act></report></informing></event></scandal></gossip></article>