<article xmlns:ns0="http://www.w3.org/1999/xlink"><header><title>acoust home</title><id /><revision><id /><timestamp /><contributor><username>zahid abdassabur</username><id /></contributor></revision><categories><category>weapon guidanc</category><category>torpedo</category></categories></header><bdy><image location="right" width="120px" src="Acoustic_Homing.JPG" type="thumb"><caption>illustr steer base sound volum</caption></image>acoust home system which util<link ns0:type="simple" ns0:href="../087/18994087.xml">sound</link>guid move object such<link ns0:type="simple" ns0:href="../424/31424.xml">torpedo</link>acoust home can either passiv activ natur use passiv the system design move either toward away from sound and may also design move onli toward certain type sound the exclus other while activ true<link ns0:type="simple" ns0:href="../438/29438.xml">sonar</link>the system emit sound puls that reflect off object and then back the system where the system process the echo determin the proper respons<sec><st>method</st><p>object can equip with two more acoust<link ns0:type="simple" ns0:href="../666/242666.xml">transduc</link>which function<link ns0:type="simple" ns0:href="../871/45871.xml">speaker</link>and<link ns0:type="simple" ns0:href="../886/65886.xml">microphon</link>transduc receiv sound louder than that receiv the other transduc the object turn the transduc direct the object manoeuvr threedimension space more than two transduc are need typic more than three transduc are use and array over are not unknown larg number transduc allow for more accur steer</p></sec><sec><st>use</st><p>acoust home use<link ns0:type="simple" ns0:href="../496/33496.xml">weapon</link>specif<link ns0:type="simple" ns0:href="../424/31424.xml">torpedo</link>torpedo can made move toward ship use acoust home<image location="right" width="300px" src="18_inch_Mk_30_Torpedo.jpg" type="thumb"><caption><link ns0:type="simple" ns0:href="../424/31424.xml">torpedo</link>use acoust home</caption></image></p></sec><sec><st>see also</st><p><list><entry level="1" type="bullet"><link ns0:type="simple" ns0:href="../341/319341.xml">guidanc system</link></entry></list></p></sec></bdy></article>