<article xmlns:ns0="http://www.w3.org/1999/xlink"><actor confidence="0.9508927676800064" wordnetid="109765278"><header><title>patsi palmer</title><id /><revision><id /><timestamp /><contributor><username>alexd</username><id /></contributor></revision><categories><category>english televis actor</category><category>birth</category><category>london actor</category><category>english stage actor</category><category>live peopl</category><category>strictli come danc particip</category><category>peopl from bethnal green</category><category>english soap opera actor</category></categories></header><bdy><template><name>infobox actor</name><parameters><image width="150px" src="Replace_this_image_female.svg"><caption>replac thi imag femalesvg</caption></image><location><site wordnetid="108651247" confidence="0.9508927676800064"><link ns0:type="simple" ns0:href="../886/93886.xml">bethnal green</link></site><village wordnetid="108672738" confidence="0.9508927676800064"><link ns0:type="simple" ns0:href="../867/17867.xml">london</link></village><country wordnetid="108544813" confidence="0.9508927676800064"><link ns0:type="simple" ns0:href="../316/9316.xml">england</link></country></location><imagesize /><spouse><physical_entity wordnetid="100001930" confidence="0.8"><person wordnetid="100007846" confidence="0.8"><leader wordnetid="109623038" confidence="0.8"><administrator wordnetid="109770949" confidence="0.8"><causal_agent wordnetid="100007347" confidence="0.8"><head wordnetid="110162991" confidence="0.8"><director wordnetid="110014939" confidence="0.8"><link ns0:type="simple" ns0:href="../377/10241377.xml">nick love</link></director></head></causal_agent></administrator></leader></person></physical_entity><link>richard merkel</link></spouse><name>patsi palmer</name><birthdate>may age</birthdate><notable_role><fictional_character wordnetid="109587565" confidence="0.8"><imaginary_being wordnetid="109483738" confidence="0.8"><link ns0:type="simple" ns0:href="../542/4163542.xml">bianca jackson</link></imaginary_being></fictional_character><series wordnetid="108457976" confidence="0.9508927676800064"><link ns0:type="simple" ns0:href="../995/9995.xml">eastend</link></series></notable_role><birthname>juli harri</birthname></parameters></template>patsi palmer born juli harri may<site wordnetid="108651247" confidence="0.9508927676800064"><link ns0:type="simple" ns0:href="../886/93886.xml">bethnal green</link></site><village wordnetid="108672738" confidence="0.9508927676800064"><link ns0:type="simple" ns0:href="../867/17867.xml">london</link></village><country wordnetid="108544813" confidence="0.9508927676800064"><link ns0:type="simple" ns0:href="../316/9316.xml">english</link></country><link ns0:type="simple" ns0:href="../753/753.xml">actress</link>and<link ns0:type="simple" ns0:href="../796/5796.xml">televis person</link>palmer made earli televis appear the children drama show<series wordnetid="108457976" confidence="0.9508927676800064"><link ns0:type="simple" ns0:href="../502/236502.xml">grang hill</link></series>but bestknown for play<fictional_character wordnetid="109587565" confidence="0.8"><imaginary_being wordnetid="109483738" confidence="0.8"><link ns0:type="simple" ns0:href="../542/4163542.xml">bianca jackson</link></imaginary_being></fictional_character>the popular british<link ns0:type="simple" ns0:href="../831/29831.xml">televis</link><link ns0:type="simple" ns0:href="../009/27009.xml">soap opera</link><series wordnetid="108457976" confidence="0.9508927676800064"><link ns0:type="simple" ns0:href="../995/9995.xml">eastend</link></series>origin the cast from palmer return eastend april she also appear number drama and releas<link ns0:type="simple" ns0:href="../ury/22nd_century.xml">autobiographi</link>all she live with her husband and three children<site wordnetid="108651247" confidence="0.9508927676800064"><link ns0:type="simple" ns0:href="../796/49796.xml">brighton</link></site>east sussex<sec><st>earli life</st><p>patsi palmer born juli harri and grew<region wordnetid="108630985" confidence="0.8"><location wordnetid="100027167" confidence="0.8"><district wordnetid="108552138" confidence="0.8"><link ns0:type="simple" ns0:href="../635/1429635.xml">east london</link></district></location></region>palmer mother dressmak<ref ns0:type="simple" ns0:href="#xpointer(//reflist/entry[@id=%221%22])" />her father separ from her mother when she eight year old<ref ns0:type="simple" ns0:href="#xpointer(//reflist/entry[@id=%222%22])" /></p><p>she brought along with her two elder brother albert and harri her mother pat her mother who first spot her act talent and encourag her<link ns0:type="simple" ns0:href="../918/17204918.xml">anna scher</link>famou act school london where mani other eastend star such<physical_entity wordnetid="100001930" confidence="0.8"><peer wordnetid="109626238" confidence="0.8"><person wordnetid="100007846" confidence="0.8"><performer wordnetid="110415638" confidence="0.8"><participant wordnetid="110401829" confidence="0.8"><causal_agent wordnetid="100007347" confidence="0.8"><actor wordnetid="109765278" confidence="0.8"><entertainer wordnetid="109616922" confidence="0.8"><associate wordnetid="109816771" confidence="0.8"><link ns0:type="simple" ns0:href="../306/3184306.xml">sid owen</link></associate></entertainer></actor></causal_agent></participant></performer></person></peer></physical_entity><actor wordnetid="109765278" confidence="0.9508927676800064"><link ns0:type="simple" ns0:href="../458/3153458.xml">gillian taylforth</link></actor><actor wordnetid="109765278" confidence="0.9508927676800064"><link ns0:type="simple" ns0:href="../455/1355455.xml">susan tulli</link></actor><actor wordnetid="109765278" confidence="0.9508927676800064"><link ns0:type="simple" ns0:href="../046/1430046.xml">phil daniel</link></actor>and<actor wordnetid="109765278" confidence="0.9508927676800064"><link ns0:type="simple" ns0:href="../022/1108022.xml">adam woodyatt</link></actor>also train<ref ns0:type="simple" ns0:href="#xpointer(//reflist/entry[@id=%222%22])" />palmer bulli school and said that act form escap<ref ns0:type="simple" ns0:href="#xpointer(//reflist/entry[@id=%223%22])" /></p><p>age six she star<event wordnetid="100029378" confidence="0.8"><social_event wordnetid="107288639" confidence="0.8"><show wordnetid="106619065" confidence="0.8"><psychological_feature wordnetid="100023100" confidence="0.8"><attraction wordnetid="106615561" confidence="0.8"><link ns0:type="simple" ns0:href="../952/1154952.xml">west end</link></attraction></psychological_feature></show></social_event></event>product<link ns0:type="simple" ns0:href="../091/213091.xml">joseph and the amaz technicolor dreamcoat</link>and the age she had written her own play about<link ns0:type="simple" ns0:href="../915/15157915.xml">prostitut</link>and won award the london festiv play</p></sec><sec><st>career</st><ss1><st>earli career</st><p>she made her screen debut the televis programm<series wordnetid="108457976" confidence="0.9508927676800064"><link ns0:type="simple" ns0:href="../141/2582141.xml">the gentl touch</link></series>like mani other eastend actor palmer appear the children drama show<link ns0:type="simple" ns0:href="../502/236502.xml">grang hill</link>and<ref ns0:type="simple" ns0:href="#xpointer(//reflist/entry[@id=%224%22])" />she went have small role bbc tricki busi<statement wordnetid="106722453" confidence="0.8"><message wordnetid="106598915" confidence="0.8"><announcement wordnetid="106746580" confidence="0.8"><program wordnetid="106748466" confidence="0.8"><link ns0:type="simple" ns0:href="../114/4523114.xml">make news</link></program></announcement></message></statement><literary_composition wordnetid="106364329" confidence="0.8"><written_communication wordnetid="106349220" confidence="0.8"><writing wordnetid="106362953" confidence="0.8"><fiction wordnetid="106367107" confidence="0.8"><novel wordnetid="106367879" confidence="0.8"><link ns0:type="simple" ns0:href="../504/1735504.xml">clarissa</link></novel></fiction></writing></written_communication></literary_composition>love hurt<series wordnetid="108457976" confidence="0.9508927676800064"><link ns0:type="simple" ns0:href="../353/208353.xml">drop the dead donkey</link></series><series wordnetid="108457976" confidence="0.9508927676800064"><link ns0:type="simple" ns0:href="../016/12319016.xml">the bill</link></series>and she also appear<link ns0:type="simple" ns0:href="../555/74555.xml">acn</link>ridden teenag<name wordnetid="106333653" confidence="0.8"><trade_name wordnetid="106845599" confidence="0.8"><part wordnetid="113809207" confidence="0.8"><language_unit wordnetid="106284225" confidence="0.8"><link ns0:type="simple" ns0:href="../527/1035527.xml">clearasil</link></language_unit></part></trade_name></name>advert<ref ns0:type="simple" ns0:href="#xpointer(//reflist/entry[@id=%225%22])" /></p></ss1><ss1><st>eastend</st><p>she cast the role feisti<fictional_character wordnetid="109587565" confidence="0.8"><imaginary_being wordnetid="109483738" confidence="0.8"><link ns0:type="simple" ns0:href="../542/4163542.xml">bianca jackson</link></imaginary_being></fictional_character>bbc flagship soap opera eastend popular charact bianca onoff romanc with<physical_entity wordnetid="100001930" confidence="0.8"><fictional_character wordnetid="109587565" confidence="0.8"><imaginary_being wordnetid="109483738" confidence="0.8"><driver wordnetid="110034906" confidence="0.8"><causal_agent wordnetid="100007347" confidence="0.8"><operator wordnetid="110378412" confidence="0.8"><link ns0:type="simple" ns0:href="../696/3627696.xml">ricki butcher</link></operator></causal_agent></driver></imaginary_being></fictional_character></physical_entity>sid owen captiv million fan and their onscreen marriag drew one the biggest soap audienc ever more than million<ref ns0:type="simple" ns0:href="#xpointer(//reflist/entry[@id=%226%22])" />she remain the role for six year but quit spend more time with her famili and concentr other project<ref ns0:type="simple" ns0:href="#xpointer(//reflist/entry[@id=%227%22])" />she repris the role may special spinoff entitl eastend ricki and bianca the two part hour long special film<village wordnetid="108672738" confidence="0.9508927676800064"><link ns0:type="simple" ns0:href="../206/20206.xml">manchest</link></village>and reuint bianca and ricki for the first time over two year<ref ns0:type="simple" ns0:href="#xpointer(//reflist/entry[@id=%228%22])" /></p><p>palmer publicli criticis eastend brand the storylin ridicul and unbeliev and state that she wouldnt back eastend<ref ns0:type="simple" ns0:href="#xpointer(//reflist/entry[@id=%229%22])" />howev<link ns0:type="simple" ns0:href="../435/22435.xml">octob</link><link ns0:type="simple" ns0:href="../165/36165.xml" />the bbc announc that palmer would return the soap fulltim charact and will make her comeback onscreen march<ref ns0:type="simple" ns0:href="#xpointer(//reflist/entry[@id=%2210%22])" />palmer comment cant wait explor what bianca been with her life and see what she get next and execut produc eastend<physical_entity wordnetid="100001930" confidence="0.8"><person wordnetid="100007846" confidence="0.8"><manufacturer wordnetid="110292316" confidence="0.8"><maker wordnetid="110284064" confidence="0.8"><causal_agent wordnetid="100007347" confidence="0.8"><creator wordnetid="109614315" confidence="0.8"><link ns0:type="simple" ns0:href="../590/5668590.xml">diederick santer</link></creator></causal_agent></maker></manufacturer></person></physical_entity>delight welcom patsi palmer home eastend bianca one the most popular charact the show ever had<ref ns0:type="simple" ns0:href="#xpointer(//reflist/entry[@id=%2211%22])" /></p></ss1><ss1><st>other work</st><p>palmer appear clare the<link ns0:type="simple" ns0:href="../576/118576.xml">detect</link>seri mccreadi and daughter which air for pilot and one seri between and she made appear knew right for the<network wordnetid="108434259" confidence="0.9508927676800064"><link ns0:type="simple" ns0:href="../654/19344654.xml">bbc</link></network>and she seen the televis miniseri die which air<channel wordnetid="106259898" confidence="0.9508927676800064"><link ns0:type="simple" ns0:href="../026/392026.xml">sky one</link></channel>palmer made cameo appear herself episod<person wordnetid="100007846" confidence="0.9508927676800064"><actor wordnetid="109765278" confidence="0.9508927676800064"><link ns0:type="simple" ns0:href="../277/600277.xml">kathi burk</link></actor></person>sitcom<series wordnetid="108457976" confidence="0.9508927676800064"><link ns0:type="simple" ns0:href="../647/1019647.xml">gim gim gim</link></series>made light her role bianca jackson</p><p>stage she star the onewoman music<link ns0:type="simple" ns0:href="../705/309705.xml">tell sunday</link>which tour the and play<event wordnetid="100029378" confidence="0.8"><social_event wordnetid="107288639" confidence="0.8"><show wordnetid="106619065" confidence="0.8"><psychological_feature wordnetid="100023100" confidence="0.8"><attraction wordnetid="106615561" confidence="0.8"><link ns0:type="simple" ns0:href="../952/1154952.xml">london west end</link></attraction></psychological_feature></show></social_event></event>she also had lead role tour the music steppin out appear the origin west end run mum the word and act happi few<link ns0:type="simple" ns0:href="../508/1199508.xml">imogen stubb</link>which play short run the<theater wordnetid="104417809" confidence="0.9508927676800064"><link ns0:type="simple" ns0:href="../075/597075.xml">gielgud theatr</link></theater></p><p>palmer stood for<link ns0:type="simple" ns0:href="../869/772869.xml">gmtv</link><celebrity wordnetid="109903153" confidence="0.9508927676800064"><person wordnetid="100007846" confidence="0.9508927676800064"><journalist wordnetid="110224578" confidence="0.9173553029164789"><presenter wordnetid="110466387" confidence="0.9173553029164789"><link ns0:type="simple" ns0:href="../521/1060521.xml">lorrain kelli</link></presenter></journalist></person></celebrity>present her lorrain live section for week report from miami fashion lifestyl health and fit<ref ns0:type="simple" ns0:href="#xpointer(//reflist/entry[@id=%2212%22])" />she also cohost<channel wordnetid="106259898" confidence="0.9508927676800064"><link ns0:type="simple" ns0:href="../321/6321.xml">channel</link></channel><link ns0:type="simple" ns0:href="../161/645161.xml">big breakfast</link>guest present for week palmer releas number hit fit video and dvd patsi palmer the club workout patsi palmer the urban workout and patsi palmer ibiza workout palmer made appear the allstar workout palmer film work includ the short anoth green world and love stori direct<physical_entity wordnetid="100001930" confidence="0.8"><person wordnetid="100007846" confidence="0.8"><leader wordnetid="109623038" confidence="0.8"><administrator wordnetid="109770949" confidence="0.8"><causal_agent wordnetid="100007347" confidence="0.8"><head wordnetid="110162991" confidence="0.8"><director wordnetid="110014939" confidence="0.8"><link ns0:type="simple" ns0:href="../377/10241377.xml">nick love</link></director></head></causal_agent></administrator></leader></person></physical_entity></p><p>palmer took part bbc<series wordnetid="108457976" confidence="0.9508927676800064"><link ns0:type="simple" ns0:href="../325/975325.xml">strictli come danc</link></series>show rais money for the<statement wordnetid="106722453" confidence="0.8"><message wordnetid="106598915" confidence="0.8"><announcement wordnetid="106746580" confidence="0.8"><program wordnetid="106748466" confidence="0.8"><financial_institution wordnetid="108054721" confidence="0.8"><foundation wordnetid="108406486" confidence="0.8"><charity wordnetid="108406619" confidence="0.8"><institution wordnetid="108053576" confidence="0.8"><link ns0:type="simple" ns0:href="../488/1073488.xml">children need</link></institution></charity></foundation></financial_institution></program></announcement></message></statement>fund she also made<link ns0:type="simple" ns0:href="../882/275882.xml">cameo appear</link>with<actor wordnetid="109765278" confidence="0.9173553029164789"><comedienne wordnetid="109940987" confidence="0.9173553029164789"><link ns0:type="simple" ns0:href="../114/1655114.xml">catherin tate</link></comedienne></actor><link ns0:type="simple" ns0:href="../610/51610.xml">sketch show</link><series wordnetid="108457976" confidence="0.9508927676800064"><link ns0:type="simple" ns0:href="../075/2032075.xml">the catherin tate show</link></series>februari she juri member the bbc programm<series wordnetid="108457976" confidence="0.9508927676800064"><link ns0:type="simple" ns0:href="../739/8958739.xml">the verdict</link></series>where variou celebr rule contemporari and controversi case base evid and exampl from real life</p><p>palmer autobiographi all releas the<link ns0:type="simple" ns0:href="../ury/22nd_century.xml">april</link><link ns0:type="simple" ns0:href="../165/36165.xml" />she describ her ascent fame her struggl with addict and how she battl overcom her problem addit act palmer set her own compani palmer cutler with friend sell beauti and selftan product<ref ns0:type="simple" ns0:href="#xpointer(//reflist/entry[@id=%2213%22])" /></p><p>short film stare palmer releas hous and homeless chariti shelter<ref ns0:type="simple" ns0:href="#xpointer(//reflist/entry[@id=%2214%22])" /></p></ss1><ss1><st>award</st><p><list><entry level="1" type="bullet">palmer becam the first ever soap actress nomin for best actress the<symbol wordnetid="106806469" confidence="0.8"><award wordnetid="106696483" confidence="0.8"><signal wordnetid="106791372" confidence="0.8"><link ns0:type="simple" ns0:href="../737/854737.xml">royal televis societi</link></signal></award></symbol>award</entry></list></p><p><list><entry level="1" type="bullet">won best actress the<work wordnetid="104599396" confidence="0.8"><product wordnetid="104007894" confidence="0.8"><magazine wordnetid="106595351" confidence="0.8"><print_media wordnetid="106263609" confidence="0.8"><creation wordnetid="103129123" confidence="0.8"><press wordnetid="106263369" confidence="0.8"><artifact wordnetid="100021939" confidence="0.8"><instrumentality wordnetid="103575240" confidence="0.8"><medium wordnetid="106254669" confidence="0.8"><publication wordnetid="106589574" confidence="0.8"><link ns0:type="simple" ns0:href="../622/7033622.xml">quick</link></publication></medium></instrumentality></artifact></press></creation></print_media></magazine></product></work>choic award</entry><entry level="1" type="bullet">won best actress the<symbol wordnetid="106806469" confidence="0.8"><award wordnetid="106696483" confidence="0.8"><signal wordnetid="106791372" confidence="0.8"><link ns0:type="simple" ns0:href="../389/9149389.xml">insid soap award</link></signal></award></symbol></entry><entry level="1" type="bullet">won best actress<award wordnetid="106696483" confidence="0.9508927676800064"><link ns0:type="simple" ns0:href="../682/3627682.xml">the british soap award</link></award></entry><entry level="1" type="bullet">won best onscreen partnership alongsd<physical_entity wordnetid="100001930" confidence="0.8"><peer wordnetid="109626238" confidence="0.8"><person wordnetid="100007846" confidence="0.8"><performer wordnetid="110415638" confidence="0.8"><participant wordnetid="110401829" confidence="0.8"><causal_agent wordnetid="100007347" confidence="0.8"><actor wordnetid="109765278" confidence="0.8"><entertainer wordnetid="109616922" confidence="0.8"><associate wordnetid="109816771" confidence="0.8"><link ns0:type="simple" ns0:href="../306/3184306.xml">sid owen</link></associate></entertainer></actor></causal_agent></participant></performer></person></peer></physical_entity><award wordnetid="106696483" confidence="0.9508927676800064"><link ns0:type="simple" ns0:href="../682/3627682.xml">the british soap award</link></award></entry></list></p></ss1></sec><sec><st>person life</st><p>patsi close link with<songwriter wordnetid="110624540" confidence="0.9173553029164789"><businesswoman wordnetid="109882615" confidence="0.9173553029164789"><singer wordnetid="110599806" confidence="0.9173553029164789"><artist wordnetid="109812338" confidence="0.9508927676800064"><link ns0:type="simple" ns0:href="../979/45979.xml">victoria beckham</link></artist></singer></businesswoman></songwriter>the earli accord beckham palmer gave her career advic befor she part<link ns0:type="simple" ns0:href="../480/28480.xml">the spice girl</link>palmer been marri twice she three children fenton born june and emilia born juli she anoth son call charli born from her previou relationship with boxer<link>alfi rothwel</link>she live with her husband and three children<site wordnetid="108651247" confidence="0.9508927676800064"><link ns0:type="simple" ns0:href="../796/49796.xml">brighton</link></site><county wordnetid="108546183" confidence="0.9508927676800064"><link ns0:type="simple" ns0:href="../923/67923.xml">east sussex</link></county><country wordnetid="108544813" confidence="0.9508927676800064"><link ns0:type="simple" ns0:href="../316/9316.xml">england</link></country>her brother<link ns0:type="simple" ns0:href="../903/16301903.xml">harri harri</link>marri<physical_entity wordnetid="100001930" confidence="0.8"><person wordnetid="100007846" confidence="0.8"><performer wordnetid="110415638" confidence="0.8"><causal_agent wordnetid="100007347" confidence="0.8"><actor wordnetid="109765278" confidence="0.8"><entertainer wordnetid="109616922" confidence="0.8"><link ns0:type="simple" ns0:href="../846/4934846.xml">lindsey coulson</link></entertainer></actor></causal_agent></performer></person></physical_entity>the actress who play her onscreen mother<fictional_character wordnetid="109587565" confidence="0.8"><imaginary_being wordnetid="109483738" confidence="0.8"><link ns0:type="simple" ns0:href="../279/4176279.xml">carol jackson</link></imaginary_being></fictional_character>eastend<ref ns0:type="simple" ns0:href="#xpointer(//reflist/entry[@id=%223%22])" /></p><p>palmer admit drug and alcohol addict and reveal that dure her earli stint eastend she frequent turn set either still high horribl hungov she said that she start experi with alcohol and drug from the age ten and her addict last for year she been clean drug and alcohol sinc septemb<ref ns0:type="simple" ns0:href="#xpointer(//reflist/entry[@id=%223%22])" /></p><p>palmer suffer from bulli dure her school year becaus thi she lent her support the depart for educ antibulli campaign<ref ns0:type="simple" ns0:href="#xpointer(//reflist/entry[@id=%2215%22])" /></p><p>she close friend with<physical_entity wordnetid="100001930" confidence="0.8"><peer wordnetid="109626238" confidence="0.8"><person wordnetid="100007846" confidence="0.8"><performer wordnetid="110415638" confidence="0.8"><participant wordnetid="110401829" confidence="0.8"><causal_agent wordnetid="100007347" confidence="0.8"><actor wordnetid="109765278" confidence="0.8"><entertainer wordnetid="109616922" confidence="0.8"><associate wordnetid="109816771" confidence="0.8"><link ns0:type="simple" ns0:href="../306/3184306.xml">sid owen</link></associate></entertainer></actor></causal_agent></participant></performer></person></peer></physical_entity><physical_entity wordnetid="100001930" confidence="0.8"><fictional_character wordnetid="109587565" confidence="0.8"><imaginary_being wordnetid="109483738" confidence="0.8"><driver wordnetid="110034906" confidence="0.8"><causal_agent wordnetid="100007347" confidence="0.8"><operator wordnetid="110378412" confidence="0.8"><link ns0:type="simple" ns0:href="../696/3627696.xml">ricki butcher</link></operator></causal_agent></driver></imaginary_being></fictional_character></physical_entity>interview march palmer said that somebodi shout rickaaaay her least three time day<ref ns0:type="simple" ns0:href="#xpointer(//reflist/entry[@id=%2216%22])" /></p><p>august she pictur drunk leav nightclub with costar<actor wordnetid="109765278" confidence="0.9508927676800064"><link ns0:type="simple" ns0:href="../811/2392811.xml">joyner</link></actor>she appear televis show such<series wordnetid="108457976" confidence="0.9508927676800064"><link ns0:type="simple" ns0:href="../722/1180722.xml">the paul ogradi show</link></series><series wordnetid="108457976" confidence="0.9508927676800064"><link ns0:type="simple" ns0:href="../296/1017296.xml">friday night with jonathan ross</link></series><series wordnetid="108457976" confidence="0.9508927676800064"><link ns0:type="simple" ns0:href="../405/6765405.xml">the charlott church show</link></series><link ns0:type="simple" ns0:href="../967/1590967.xml">the friday night project</link>and daytim show<series wordnetid="108457976" confidence="0.9508927676800064"><link ns0:type="simple" ns0:href="../593/1943593.xml">loos women</link></series>interview march she claim that<person wordnetid="100007846" confidence="0.9508927676800064"><actor wordnetid="109765278" confidence="0.9508927676800064"><link ns0:type="simple" ns0:href="../991/158991.xml">barbara windsor</link></actor></person>becom her second mum sinc meet<series wordnetid="108457976" confidence="0.9508927676800064"><link ns0:type="simple" ns0:href="../995/9995.xml">eastend</link></series>the earli</p></sec><sec><st>refer</st><p><reflist><entry id="1">rebecca armstrong<weblink ns0:type="simple" ns0:href="http://findarticles.com/p/articles/mi_qn4158/is_20070331/ai_n18785011">patsi palmer</weblink>the independ retriev<link /></entry><entry id="2">daphn lockyer<weblink ns0:type="simple" ns0:href="http://findarticles.com/p/articles/mi_qn4161/is_20000521/ai_n14505044">interview patsi palmer</weblink>sunday mirror retriev<link /></entry><entry id="3">hannah stephenson<link /><weblink ns0:type="simple" ns0:href="http://www.sundaylife.co.uk/features/article2411615.ece">young silli girl</weblink>belfast telegraph retriev<link /></entry><entry id="4"><weblink ns0:type="simple" ns0:href="http://open.bbc.co.uk/catalogue/infax/contributor/61094">patsi palmer</weblink>bbc retriev<link /></entry><entry id="5">fiona sturg<weblink ns0:type="simple" ns0:href="http://findarticles.com/p/articles/mi_qn4158/is_20000610/ai_n14302062">stay patsi palmer</weblink>the independ retriev<link /></entry><entry id="6"><weblink ns0:type="simple" ns0:href="http://news.bbc.co.uk/1/hi/entertainment/219572.stm">entertain patsi palmer leav eastend</weblink>bbc retriev<link /></entry><entry id="7"><weblink ns0:type="simple" ns0:href="http://news.bbc.co.uk/1/hi/entertainment/792150.stm">patsi earli babi</weblink>bbc retriev<link /></entry><entry id="8"><weblink ns0:type="simple" ns0:href="http://news.bbc.co.uk/1/hi/entertainment/tv_and_radio/1785761.stm">ricki and bianca film soap return</weblink>bbc retriev<link /></entry><entry id="9"><weblink ns0:type="simple" ns0:href="http://www.telegraph.co.uk/fashion/main.jhtml?xml=/fashion/2005/12/28/efpatsy28.xml">been seven year but guess ill alway bianca some peopl</weblink><newspaper wordnetid="106267145" confidence="0.9508927676800064"><link ns0:type="simple" ns0:href="../985/172985.xml">the telegraph</link></newspaper>retriev<link /></entry><entry id="10"><weblink ns0:type="simple" ns0:href="http://news.bbc.co.uk/1/hi/entertainment/7066949.stm">palmer make eastend comeback</weblink>bbc news websit retriev<link /></entry><entry id="11"><weblink ns0:type="simple" ns0:href="http://entertainment.timesonline.co.uk/tol/arts_and_entertainment/tv_and_radio/article2763163.ece">patsi palmer rejoin eastend</weblink><newspaper wordnetid="106267145" confidence="0.9508927676800064"><link ns0:type="simple" ns0:href="../127/39127.xml">the time</link></newspaper>retriev<link /></entry><entry id="12"><weblink ns0:type="simple" ns0:href="http://news.bbc.co.uk/1/hi/entertainment/441657.stm">eastend patsi join gmtv</weblink>bbc<link />retriev<link /></entry><entry id="13"><weblink ns0:type="simple" ns0:href="http://www.redandproud.com/The%20Red%20HotSeat%20-%20Patsy%20Palmer.htm">patsi palmer the red hot seat</weblink>red and proud retriev<link /></entry><entry id="14"><weblink ns0:type="simple" ns0:href="http://trapped.keystothefuture.org.uk/?r=hp2">trap interact short film seefood film</weblink></entry><entry id="15"><weblink ns0:type="simple" ns0:href="http://news.bbc.co.uk/1/hi/education/1068898.stm">bulli drove star steal</weblink>bbc<link />retriev<link /></entry><entry id="16"><weblink ns0:type="simple" ns0:href="http://www.digitalspy.co.uk/soaps/a92833/patsy-palmer-and-sid-owen.html">eastend interview patsi palmer and sid owen digit spi</weblink></entry></reflist></p></sec><sec><st>extern link</st><p><list><entry level="1" type="bullet"><weblink ns0:type="simple" ns0:href="http://www.imdb.com/name/nm0658405/">patsi palmer</weblink>the<web_site wordnetid="106359193" confidence="0.9508927676800064"><link ns0:type="simple" ns0:href="../554/2855554.xml">internet movi databas</link></web_site></entry></list></p></sec></bdy></actor></article>