<article xmlns:ns0="http://www.w3.org/1999/xlink"><header><title>applix</title><id /><revision><id /><timestamp /><contributor><username>cmdrobot</username><id /></contributor></revision><categories><category>microcomput</category></categories></header><bdy><image location="right" width="265px" src="Applix-1616-logo.png" /><p>the applix kit<link ns0:type="simple" ns0:href="../457/7878457.xml">comput</link>with<chip wordnetid="103020034" confidence="0.8"><artifact wordnetid="100021939" confidence="0.8"><instrumentality wordnetid="103575240" confidence="0.8"><microprocessor wordnetid="103760310" confidence="0.8"><conductor wordnetid="103088707" confidence="0.8"><device wordnetid="103183080" confidence="0.8"><semiconductor_device wordnetid="104171831" confidence="0.8"><link ns0:type="simple" ns0:href="../270/20270.xml">motorola</link></semiconductor_device></device></conductor></microprocessor></instrumentality></artifact></chip><link ns0:type="simple" ns0:href="../218/5218.xml">cpu</link>produc small compani call applix<link ns0:type="simple" ns0:href="../862/27862.xml">sydney australia</link>from the earli ran custom<link ns0:type="simple" ns0:href="../857/6857.xml">multitask</link><link ns0:type="simple" ns0:href="../751/39751.xml">multius</link><link ns0:type="simple" ns0:href="../194/22194.xml">oper system</link>that resid<link ns0:type="simple" ns0:href="../934/18934934.xml">rom</link>version<link ns0:type="simple" ns0:href="../977/18977.xml">minix</link>also port the the<link ns0:type="simple" ns0:href="../377/6056377.xml">mgr window system</link><person wordnetid="100007846" confidence="0.9508927676800064"><programmer wordnetid="110481268" confidence="0.9173553029164789"><link ns0:type="simple" ns0:href="../940/384940.xml">andrew morton</link></programmer></person>design the and one the founder applix later becam the maintain the version the<software wordnetid="106566077" confidence="0.9508927676800064"><link ns0:type="simple" ns0:href="../510/18510.xml">linux kernel</link></software></p><sec><st>histori</st><p>paul berger and andrew morton form the australian compani applix<link ns0:type="simple" ns0:href="../278/1988278.xml">pti ltd</link>approxim sell<link />card they had develop for the<computer wordnetid="103082979" confidence="0.8"><artifact wordnetid="100021939" confidence="0.8"><instrumentality wordnetid="103575240" confidence="0.8"><device wordnetid="103183080" confidence="0.8"><machine wordnetid="103699975" confidence="0.8"><link ns0:type="simple" ns0:href="../275/255275.xml">appl iic</link></machine></device></instrumentality></artifact></computer>that allow run<O wordnetid="106832680" confidence="0.9508927676800064"><link ns0:type="simple" ns0:href="../146/45146.xml">cpm</link></O>thi product not commerci success but paul later propos they develop<chip wordnetid="103020034" confidence="0.8"><artifact wordnetid="100021939" confidence="0.8"><instrumentality wordnetid="103575240" confidence="0.8"><microprocessor wordnetid="103760310" confidence="0.8"><conductor wordnetid="103088707" confidence="0.8"><device wordnetid="103183080" confidence="0.8"><semiconductor_device wordnetid="104171831" confidence="0.8"><link ns0:type="simple" ns0:href="../270/20270.xml">motorola</link></semiconductor_device></device></conductor></microprocessor></instrumentality></artifact></chip>base person comput for sale kit form</p><p>the project present jon fairal then editor the australia and new zealand electron magazin<link>electron today intern</link>and decemb the first four construct articl publish project with the seri conclud june octob and novemb disk control card also publish project</p><p>over the next decad about were sold<ref ns0:type="simple" ns0:href="#xpointer(//reflist/entry[@id=%221%22])" /></p><p>applix pti ltd way relat the north american compani the same name that produc<link>applixwar</link></p></sec><sec><st>hardwar</st><ss1><st>main board</st><p>the main board contain<list><entry level="1" type="bullet"><chip wordnetid="103020034" confidence="0.8"><artifact wordnetid="100021939" confidence="0.8"><instrumentality wordnetid="103575240" confidence="0.8"><microprocessor wordnetid="103760310" confidence="0.8"><conductor wordnetid="103088707" confidence="0.8"><device wordnetid="103183080" confidence="0.8"><semiconductor_device wordnetid="104171831" confidence="0.8"><link ns0:type="simple" ns0:href="../270/20270.xml">motorola</link></semiconductor_device></device></conductor></microprocessor></instrumentality></artifact></chip>run mhz<link ns0:type="simple" ns0:href="../863/38863.xml" />run mhz</entry><entry level="1" type="bullet"><link ns0:type="simple" ns0:href="../755/149755.xml">kibibyt</link><link ns0:type="simple" ns0:href="../567/74567.xml">dynam ram</link></entry><entry level="1" type="bullet">between<link ns0:type="simple" ns0:href="../755/149755.xml">kibibyt</link>and<link ns0:type="simple" ns0:href="../755/149755.xml">kibibyt</link><link ns0:type="simple" ns0:href="../934/18934934.xml">rom</link></entry><entry level="1" type="bullet">board<message wordnetid="106598915" confidence="0.8"><information wordnetid="106634376" confidence="0.8"><structure wordnetid="104341686" confidence="0.8"><artifact wordnetid="100021939" confidence="0.8"><format wordnetid="106636806" confidence="0.8"><link ns0:type="simple" ns0:href="../742/25742.xml">bit map</link></format></artifact></structure></information></message>colour graphic text mode with time provid<bit wordnetid="109222051" confidence="0.8"><artifact wordnetid="100021939" confidence="0.8"><merchandise wordnetid="103748886" confidence="0.8"><commodity wordnetid="103076708" confidence="0.8"><part wordnetid="109385911" confidence="0.8"><fragment wordnetid="109285254" confidence="0.8"><link ns0:type="simple" ns0:href="../665/1109665.xml">motorola</link></fragment></part></commodity></merchandise></artifact></bit>crt control the video could produc colour palett colour out with later modif provid monochrom mode the frame buffer resid system memori and video refresh provid dram refresh cycl the video output abl drive cga ega mga and multisync monitor</entry><entry level="1" type="bullet">dual<link ns0:type="simple" ns0:href="../023/26023.xml" /><link ns0:type="simple" ns0:href="../359/77359.xml">serial port</link>use<link>zilog</link></entry><entry level="1" type="bullet"><link ns0:type="simple" ns0:href="../616/100616.xml">parallel port</link>for centronicstyp printer gener purpos thi provid<link>rockwel</link>versatil interfac adaptor which also the sourc timer interrupt</entry><entry level="1" type="bullet">channel analogaudio output via bit<link ns0:type="simple" ns0:href="../943/92943.xml">dac</link>and multiplexor</entry><entry level="1" type="bullet">softwar audioanalogu input via the<link ns0:type="simple" ns0:href="../943/92943.xml">dac</link>and compar</entry><entry level="1" type="bullet">pcxt keyboard interfac</entry></list></p><p>the main board also had four pin<link ns0:type="simple" ns0:href="../022/75022.xml">expans slot</link>the share thi<link ns0:type="simple" ns0:href="../352/4352.xml">backplan</link>with platform develop andrew morton for keno comput system allow the use expans board develop for the keno comput system platform primarili the graphic coprocessor although the formfactor differ which left the card stick out the top the case</p></ss1><ss1><st>disk control card</st><p>the disk control card contain<list><entry level="1" type="bullet"><link ns0:type="simple" ns0:href="../461/34461.xml">zilog</link><link ns0:type="simple" ns0:href="../831/2172831.xml">processor</link>run mhz</entry><entry level="1" type="bullet"><link ns0:type="simple" ns0:href="../755/149755.xml">kibibyt</link><link ns0:type="simple" ns0:href="../934/18934934.xml">rom</link></entry><entry level="1" type="bullet"><link ns0:type="simple" ns0:href="../755/149755.xml">kibibyt</link><link ns0:type="simple" ns0:href="../915/63915.xml">static ram</link></entry><entry level="1" type="bullet"><link /><link ns0:type="simple" ns0:href="../891/10891.xml">floppi disk</link>control</entry><entry level="1" type="bullet">dual<link ns0:type="simple" ns0:href="../023/26023.xml" /><link ns0:type="simple" ns0:href="../359/77359.xml">serial port</link>use<link>zilog</link></entry><entry level="1" type="bullet"><link ns0:type="simple" ns0:href="../285/3645285.xml">ncr</link><link ns0:type="simple" ns0:href="../313/28313.xml">scsi</link>control</entry></list></p><p>the coprocessor abl run<link>zrdo</link><O wordnetid="106832680" confidence="0.9508927676800064"><link ns0:type="simple" ns0:href="../146/45146.xml">cpm</link></O>clone can act smart disk control</p></ss1><ss1><st>memori expans card</st><p>the memori card<list><entry level="1" type="bullet">accept between and<link ns0:type="simple" ns0:href="../727/60727.xml">mebibyt</link><link ns0:type="simple" ns0:href="../567/74567.xml">dynam ram</link>mebibyt increment</entry><entry level="1" type="bullet">option<link ns0:type="simple" ns0:href="../112/177112.xml">memori manag unit</link>implement fast<link ns0:type="simple" ns0:href="../915/63915.xml">static ram</link>and<arrangement wordnetid="107938773" confidence="0.8"><group wordnetid="100031264" confidence="0.8"><array wordnetid="107939382" confidence="0.8"><link ns0:type="simple" ns0:href="../693/578693.xml">pal</link></array></group></arrangement></entry><entry level="1" type="bullet">anoth<link ns0:type="simple" ns0:href="../285/3645285.xml">ncr</link><link ns0:type="simple" ns0:href="../313/28313.xml">scsi</link>hard disk interfac thi scsi control map into the address space and consider faster than the one the coprocessor card</entry></list></p></ss1><ss1><st>graphic coprocessor card</st><p>the<link ns0:type="simple" ns0:href="../740/3882740.xml" />card develop andrew morton for<link>keno comput system</link>the bitaddress<link ns0:type="simple" ns0:href="../214/390214.xml">graphic processor</link>with instruct for twodimension graphic primit and arbitrari width arithmet oper pixel data</p></ss1><ss1><st>user develop card</st><p><list><entry level="1" type="bullet">graham redwood develop<link ns0:type="simple" ns0:href="../499/9499.xml">ethernet</link>card<link ns0:type="simple" ns0:href="../897/65897.xml">wirewrap</link><link>speedwir</link>prototyp</entry><entry level="1" type="bullet">philip hutchison develop<chip wordnetid="103020034" confidence="0.8"><artifact wordnetid="100021939" confidence="0.8"><instrumentality wordnetid="103575240" confidence="0.8"><microprocessor wordnetid="103760310" confidence="0.8"><conductor wordnetid="103088707" confidence="0.8"><device wordnetid="103183080" confidence="0.8"><semiconductor_device wordnetid="104171831" confidence="0.8"><link ns0:type="simple" ns0:href="../322/20322.xml">motorola</link></semiconductor_device></device></conductor></microprocessor></instrumentality></artifact></chip><link ns0:type="simple" ns0:href="../193/378193.xml">coprocessor</link>card small run work doubl side<link ns0:type="simple" ns0:href="../910/65910.xml">pcb</link></entry></list></p><p>other oneoff interfac card were develop for specif project includ numer control sheet metal spin machin control<link ns0:type="simple" ns0:href="../858/87858.xml">transput</link>card sever eeprom programm etc</p></ss1></sec><sec><st>oper system</st><ss1><st /><p>initi littl more than power monitor with command for dump and modifi memori load and save tape and built macro assembl and full screen editor over time the oper system gain hierarch<link ns0:type="simple" ns0:href="../280/1010280.xml">file system</link><link ns0:type="simple" ns0:href="../566/2204566.xml">preemptiv multitask</link>support for multipl user with access control although memori protect lightweight thread messag pass primit and pipe ultim the oper system had around system call and command built into the shell the oper system had enough similar<family wordnetid="108078020" confidence="0.8"><link ns0:type="simple" ns0:href="../642/31642.xml">unix</link></family>that port unix sourc the rel painless</p></ss1><ss1><st>minix</st><p>colin mccormack port<link ns0:type="simple" ns0:href="../977/18977.xml">minix</link>the work around the lack<link ns0:type="simple" ns0:href="../112/177112.xml">memori manag unit</link>when fork copi bss heap and stack the child and parent process befor schedul each one the mmu the ram expans card develop support colin minix port although unclear ever use for thi purpos</p></ss1><ss1><st>zrdo</st><p><link>conal walsh</link>port the<O wordnetid="106832680" confidence="0.9508927676800064"><link ns0:type="simple" ns0:href="../146/45146.xml">cpm</link></O>clone<link>zrdo</link>the<link />base disk control card when oper thi mode the act consol for zrdo although still possibl suspend the connect zrdo and run program provid they didnt need disk</p></ss1><ss1><st>mgr</st><p>not strictli oper system the mgr window system run under but usurp the consol video and keyboard and virtual tti devic for each window the mgr port requir video hack add higher resolut but monochrom video mode thi done replac<arrangement wordnetid="107938773" confidence="0.8"><group wordnetid="100031264" confidence="0.8"><array wordnetid="107939382" confidence="0.8"><link ns0:type="simple" ns0:href="../693/578693.xml">pal</link></array></group></arrangement>the video circuit</p></ss1></sec><sec><st>applic</st><p>most unix and minix program were abl port port includ</p><p><indent level="1">advent arc cal cat chess gnu cmp comm compress conquest cron diff eroff grep head indent make<skilled_worker wordnetid="110605985" confidence="0.8"><physical_entity wordnetid="100001930" confidence="0.8"><person wordnetid="100007846" confidence="0.8"><editor wordnetid="110044879" confidence="0.8"><worker wordnetid="109632518" confidence="0.8"><causal_agent wordnetid="100007347" confidence="0.8"><link ns0:type="simple" ns0:href="../202/3727202.xml">microemac</link></causal_agent></worker></editor></person></physical_entity></skilled_worker>more nroff roff sed sort split stevi string sum tail tar tee ularn uniq wander xmodem ymodem zmodem zoo</indent>sever messag<link ns0:type="simple" ns0:href="../925/270925.xml">bulletin board</link>system were written includ<work wordnetid="100575741" confidence="0.8"><protocol wordnetid="106665108" confidence="0.8"><standard wordnetid="107260623" confidence="0.8"><direction wordnetid="106786629" confidence="0.8"><community wordnetid="108223802" confidence="0.8"><system_of_measurement wordnetid="113577171" confidence="0.8"><message wordnetid="106598915" confidence="0.8"><social_group wordnetid="107950920" confidence="0.8"><event wordnetid="100029378" confidence="0.8"><rule wordnetid="106652242" confidence="0.8"><gathering wordnetid="107975026" confidence="0.8"><service wordnetid="100577525" confidence="0.8"><act wordnetid="100030358" confidence="0.8"><group wordnetid="100031264" confidence="0.8"><psychological_feature wordnetid="100023100" confidence="0.8"><activity wordnetid="100407535" confidence="0.8"><link ns0:type="simple" ns0:href="../994/18588994.xml">usenet</link></activity></psychological_feature></group></act></service></gathering></rule></event></social_group></message></system_of_measurement></community></direction></standard></protocol></work>and<link ns0:type="simple" ns0:href="../442/11442.xml">fidonet</link>gateway and mani util allow safe shelllevel dialup access</p><p>sever comput languag were support includ</p><p><list><entry level="1" type="bullet"><link ns0:type="simple" ns0:href="../015/4015.xml">basic</link></entry><entry level="2" type="bullet"><link ns0:type="simple" ns0:href="../894/86894.xml">tini basic</link></entry><entry level="1" type="bullet"><programming_language wordnetid="106898352" confidence="0.9508927676800064"><link ns0:type="simple" ns0:href="../021/6021.xml" /></programming_language>hitech and later<physical_entity wordnetid="100001930" confidence="0.8"><communicator wordnetid="109610660" confidence="0.8"><person wordnetid="100007846" confidence="0.8"><compiler wordnetid="109946957" confidence="0.8"><causal_agent wordnetid="100007347" confidence="0.8"><writer wordnetid="110794014" confidence="0.8"><link ns0:type="simple" ns0:href="../323/12323.xml">gcc</link></writer></causal_agent></compiler></person></communicator></physical_entity></entry><entry level="2" type="bullet">cscript interpret clike script languag creat andrew morton later<link ns0:type="simple" ns0:href="../757/22757.xml">oop</link>featur and renam been port unix and the sourc free download from andrew morton site</entry><entry level="1" type="bullet"><link ns0:type="simple" ns0:href="../012/11012.xml">forth</link></entry><entry level="1" type="bullet"><programming_language wordnetid="106898352" confidence="0.9508927676800064"><link ns0:type="simple" ns0:href="../016/18016.xml">lisp</link></programming_language></entry><entry level="1" type="bullet"><link ns0:type="simple" ns0:href="../723/19723.xml">mump</link></entry><entry level="1" type="bullet"><link ns0:type="simple" ns0:href="../368/1368.xml">assembl languag</link></entry></list></p><p>the collect sharewar eventu grew seventeen floppi includ were innumer small util and port applic from other environ</p></sec><sec><st>the user group</st><p>applix<link ns0:type="simple" ns0:href="../278/1988278.xml">pti ltd</link>start hold inform user group meet their<site wordnetid="108651247" confidence="0.9508927676800064"><link ns0:type="simple" ns0:href="../862/27862.xml">sydney</link></site>store the meet were held the second saturday the month and often finish well after midnight after consumpt much<link ns0:type="simple" ns0:href="../768/24768.xml">pizza</link>user brought their latest relat creation demonstr and share and discuss rang from hardwar design oper system theori languag design polit and philosophi</p><p>when the morton sold the shop the meet move their hous<site wordnetid="108651247" confidence="0.9508927676800064"><link ns0:type="simple" ns0:href="../595/5619595.xml">yerrinbool</link></site>the southern highland<body wordnetid="107965085" confidence="0.8"><social_group wordnetid="107950920" confidence="0.8"><colony wordnetid="108374049" confidence="0.8"><group wordnetid="100031264" confidence="0.8"><link ns0:type="simple" ns0:href="../654/21654.xml">nsw</link></group></colony></social_group></body>when the morton again move<site wordnetid="108651247" confidence="0.9508927676800064"><link ns0:type="simple" ns0:href="../276/234276.xml">wollongong</link></site>the meet move with them not abl escap the user group move around nsw the morton move<village wordnetid="108672738" confidence="0.9508927676800064"><link ns0:type="simple" ns0:href="../445/53445.xml">palo alto california</link></village></p><p>the user group still meet the second saturday everi month although been mani year sinc applix been boot one and everyon older the meet tend end somewhat befor midnight and pizza consum moder</p></sec><sec><st>extern link</st><p><list><entry level="1" type="bullet"><weblink ns0:type="simple" ns0:href="http://www.zipworld.com.au/~akpm/1616.html">the applix project</weblink>andrew morton page the</entry><entry level="1" type="bullet"><weblink ns0:type="simple" ns0:href="http://www.ericlindsay.com/applix/index.htm">applix manual</weblink></entry></list></p></sec><sec><st>refer</st><p><reflist><entry id="1"><weblink ns0:type="simple" ns0:href="http://kerneltrap.org/node/10">kerneltraporg interview with andrew morton</weblink></entry></reflist></p></sec></bdy></article>