<article xmlns:ns0="http://www.w3.org/1999/xlink"><header><title>tachypsychia</title><id /><revision><id /><timestamp /><contributor><username>rjfjr</username><id /></contributor></revision><categories><category>psycholog</category></categories></header><bdy>tachypsychia neurolog condit that distort the<link ns0:type="simple" ns0:href="../639/296639.xml">percept time</link>usual induc<link ns0:type="simple" ns0:href="../037/189037.xml">physic exert</link><link ns0:type="simple" ns0:href="../887/87887.xml">drug use</link><link ns0:type="simple" ns0:href="../091/788091.xml">traumat event</link>sometim refer<link ns0:type="simple" ns0:href="../501/19501.xml">martial art</link>instructor and self defens expert the tachi psych effect for someon affect tachypsychia time perceiv the individu either lengthen make event appear slow down contract object appear move speed blur believ that tachypsychia induc combin high level<link ns0:type="simple" ns0:href="../548/48548.xml">dopamin</link>and<link ns0:type="simple" ns0:href="../342/9903342.xml">norepinephrin</link>usual dure period great physic stress andor violent confront<sec><st>physic respons</st><p>also call the fight flight respons the bodi event our mind consid life threaten tachypsychia believ includ numer physic chang</p><ss1><st>adrenalin respons</st><p>upon stimul fear anger the<link ns0:type="simple" ns0:href="../415/471415.xml">adren medulla</link>may automat produc the hormon epinephrin aka<link ns0:type="simple" ns0:href="../640/15548640.xml">adrenalin</link>directli into the blood stream thi can have variou effect variou bodili system includ</p><p><list><entry level="1" type="bullet">increas heart rate and blood pressur averag for person puls rais between and beat per minut<link ns0:type="simple" ns0:href="../083/99083.xml">bpm</link>increas<link ns0:type="simple" ns0:href="../942/304942.xml">heart rate</link>abov bpm can caus<link ns0:type="simple" ns0:href="../319/168319.xml">faint</link>ing and the bodi may constrict itself into fetal posit prepar for<link ns0:type="simple" ns0:href="../721/5721.xml">coma</link></entry><entry level="1" type="bullet">dilat the<link ns0:type="simple" ns0:href="../449/308449.xml">bronchial passag</link>permit higher absorpt oxygen</entry><entry level="1" type="bullet">dilat pupil allow more light enter and visual exclusiontunnel visionoccur allow greater focu but result the loss peripher vision</entry><entry level="1" type="bullet">releas glucos into the bloodstream gener extra energi rais the<link>blood sugar level</link></entry></list></p><p>common for individu experi auditori exclus enhanc also common for individu experi increas pain toler loss color vision short term memori loss decreas fine motor skill decreas commun skill decreas coordin</p></ss1><ss1><st>psycholog respons</st><p>the most common experi dure tachypsychia the feel that time either increas slow down brought the increas brain activ caus epinephrin the sever decreas brain activ caus the catecholamin washout occur after the event</p><p>common for individu experienc tachypsychia have seriou misinterpret their surround dure the event through combin their alter percept time well transient partial color blind and tunnel vision after the irregularli high level adrenalin consum dure sympathet nervou system activ individu may display sign and symptom<link ns0:type="simple" ns0:href="../974/82974.xml">posttraumat stress disord</link>and common for the person display extrem emot labil and fatigu regardless their actual physic exert</p><p>possibl manag the adrenalin dump still occur after the event and common for soldier and martial artist use tachypsychia order increas their perform dure stress situat the abil presag and then success exploit these natur phenomena distinguish characterist between the master and the skill amateur all inher stress profess</p></ss1></sec><sec><st>refer</st><p /></sec></bdy></article>