<article xmlns:ns0="http://www.w3.org/1999/xlink"><organization confidence="0.9511911446218017" wordnetid="108008335"><header><title>peac oil</title><id /><revision><id /><timestamp /><contributor><username>cydebot</username><id /></contributor></revision><categories><category>nongovernment organ involv the israelipalestinian peac process</category></categories></header><bdy>peac oil initi the chariti advisori trust<ref ns0:type="simple" ns0:href="#xpointer(//reflist/entry[@id=%221%22])" />ukbas regist chariti lead hilari blume<ref ns0:type="simple" ns0:href="#xpointer(//reflist/entry[@id=%222%22])" />which support fundrais other charit organis the chariti describ the oil produc israel jew arab druze and bedouin work togeth encourag cooper between commun<ref ns0:type="simple" ns0:href="#xpointer(//reflist/entry[@id=%223%22])" />the project been run sinc when the oil launch<weblink ns0:type="simple" ns0:href="http://www.doingzionism.org.il/about_us/activity.asp?id=353">israel expo day</weblink>organis the<weblink ns0:type="simple" ns0:href="http://www.zionist.org.uk/new/cms/?id=23">zionist feder great britain and ireland</weblink>which promot way support israel vibrant tradeto make differ the actual futur israel<ref ns0:type="simple" ns0:href="#xpointer(//reflist/entry[@id=%224%22])" /><p>accord the project own web site the oil produc<country wordnetid="108544813" confidence="0.9508927676800064"><link ns0:type="simple" ns0:href="../173/9282173.xml">israel</link></country><link ns0:type="simple" ns0:href="../684/6516684.xml">jew</link><link ns0:type="simple" ns0:href="../ury/22nd_century.xml">arab</link><group wordnetid="100031264" confidence="0.9508927676800064"><link ns0:type="simple" ns0:href="../632/8632.xml">druze</link></group>and<physical_entity wordnetid="100001930" confidence="0.8"><person wordnetid="100007846" confidence="0.8"><wanderer wordnetid="110765679" confidence="0.8"><traveler wordnetid="109629752" confidence="0.8"><causal_agent wordnetid="100007347" confidence="0.8"><nomad wordnetid="110359759" confidence="0.8"><link ns0:type="simple" ns0:href="../770/61770.xml">bedouin</link></nomad></causal_agent></traveler></wanderer></person></physical_entity>work togeth the oliv are grown the foothil the<link>carmel mountain</link>and press within hour pick produc prize win extra virgin<link ns0:type="simple" ns0:href="../478/22478.xml">oliv oil</link>the chariti claim that activ promot peac though thi been challeng campaign who<weblink ns0:type="simple" ns0:href="http://www.palestinecampaign.org/psc_news.asp?d=y id=202">accus</weblink>misleadingli attach peac label isra product which reli continu injustic suffer<link ns0:type="simple" ns0:href="../267/23267.xml">palestinian</link></p><sec><st>critic</st><p>critic argu that arab worker employ work for isra compani doe more promot peac resolut the israelpalestin conflict than black worker employ the product south african gold wine diamond did end<link ns0:type="simple" ns0:href="../527/2200527.xml">apartheid</link>under isra militari occup the<link ns0:type="simple" ns0:href="../209/33209.xml">west bank</link>palestinian oliv grove are regularli destroy and uproot farmer are deni access their own land while checkpoint and discriminatori regul routin disrupt palestinian econom life<link ns0:type="simple" ns0:href="../479/22479.xml">oliv</link>tree and oil have been central mani disput the occupi territori with<weblink ns0:type="simple" ns0:href="http://www.american.edu/ted/ice/olive-tree.htm">well document account the destruct palestinian oliv grove</weblink>both<weblink ns0:type="simple" ns0:href="http://www.haaretz.com/hasen/spages/873850.html">isra settler</weblink>and<weblink ns0:type="simple" ns0:href="http://www.guardian.co.uk/israel/Story/0,2763,473147,00.html">the isra armi</weblink></p><p>the chariti advisori trust been ask<ref ns0:type="simple" ns0:href="#xpointer(//reflist/entry[@id=%225%22])" /><ref ns0:type="simple" ns0:href="#xpointer(//reflist/entry[@id=%226%22])" />explain which disadvantag commun benefit from thi enterpris and justifi their claim about the benefit peac oil been suggest that the oil distract from<weblink ns0:type="simple" ns0:href="http://www.zaytoun.org/">fairli trade oil produc palestinian farmer the occupi territori</weblink></p><p>unrel product market the usa<weblink ns0:type="simple" ns0:href="http://www.peaceoil.net/">peac oil</weblink>produc from palestinian oliv and market cooper with isra and palestinian<link ns0:type="simple" ns0:href="../147/49147.xml">fair trade</link>group accord support unlik the london version mostli oliv oil from the west bank where econom assist most need<ref ns0:type="simple" ns0:href="#xpointer(//reflist/entry[@id=%227%22])" /></p></sec><sec><st>extern link</st><p><list><entry level="1" type="bullet"><weblink ns0:type="simple" ns0:href="http://www.peaceoil.org">peac oil websit</weblink></entry><entry level="1" type="bullet"><weblink ns0:type="simple" ns0:href="http://www.zaytoun.org/">fairli trade oliv oil from the occupi territori from zaytoun</weblink></entry><entry level="1" type="bullet"><weblink ns0:type="simple" ns0:href="http://www.charitiesadvisorytrust.org.uk">chariti advisori trust websit</weblink></entry><entry level="1" type="bullet"><weblink ns0:type="simple" ns0:href="http://www.american.edu/ted/ice/olive-tree.htm">uproot oliv tree palestin report from american univers washington</weblink></entry><entry level="1" type="bullet"><weblink ns0:type="simple" ns0:href="http://www.guardian.co.uk/g2/story/0,,2229936,00.html">guardian articl chariti peac oil realli the best way help the middl east</weblink></entry><entry level="1" type="bullet"><weblink ns0:type="simple" ns0:href="http://www.palestinecampaign.org/files/newsmagazines/PN_Autumn_Winter_2007.pdf">palestin solidar campaign newslett critic peac oil autumnwint</weblink></entry></list></p></sec><sec><st>refer</st><p><reflist><entry id="1"><weblink ns0:type="simple" ns0:href="http://www.charitiesadvisorytrust.org.uk/">chariti advisori trust</weblink></entry><entry id="2"><weblink ns0:type="simple" ns0:href="http://www.guardian.co.uk/society/2004/dec/08/charityfinance.guardiansocietysupplement">guardian articl hilari blume founder the chariti advisori trust keep faith hilari blume the brain behind good caus gift and greet card rais million pound for chariti whi doe she care littl for chariti alison benjamin find out guardian societi section wednesday decemb</weblink></entry><entry id="3"><weblink ns0:type="simple" ns0:href="http://www.peaceoil.org/peaceoil/">peac oil websit</weblink></entry><entry id="4"><weblink ns0:type="simple" ns0:href="http://www.somethingjewish.co.uk/articles/2074_israel_expo_day.htm">israel expo day</weblink>someth jewish novemb</entry><entry id="5"><weblink ns0:type="simple" ns0:href="http://www.guardian.co.uk/money/2007/dec/01/moneysupplement1">pleas join the battl against peac oil</weblink>debbi fink<newspaper wordnetid="106267145" confidence="0.9508927676800064"><link ns0:type="simple" ns0:href="../515/19344515.xml">the guardian</link></newspaper>decemb</entry><entry id="6"><weblink ns0:type="simple" ns0:href="http://www.guardian.co.uk/israel/Story/0,,2223925,00.html">war word over oil name peac</weblink>mark tran the guardian decemb</entry><entry id="7"><weblink ns0:type="simple" ns0:href="http://www.olives101.com/2007/04/01/peace-olive-oil-is-now-available-in-usa/Peace">oliv oil avail usa</weblink>oliv and oliv oil news from all around the world</entry></reflist></p></sec></bdy></organization></article>