<article xmlns:ns0="http://www.w3.org/1999/xlink"><physical_entity confidence="0.8" wordnetid="100001930"><skilled_worker confidence="0.8" wordnetid="110605985"><person confidence="0.8" wordnetid="100007846"><intellectual confidence="0.8" wordnetid="109621545"><adult confidence="0.8" wordnetid="109605289"><serviceman confidence="0.8" wordnetid="110582746"><professional confidence="0.8" wordnetid="110480253"><educator confidence="0.8" wordnetid="110045713"><military_officer confidence="0.8" wordnetid="110317007"><worker confidence="0.8" wordnetid="109632518"><alumnus confidence="0.8" wordnetid="109786338"><academician confidence="0.8" wordnetid="109759069"><causal_agent confidence="0.8" wordnetid="100007347"><scholar confidence="0.8" wordnetid="110557854"><header><title>alan gilbert</title><id /><revision><id /><timestamp /><contributor><username>gaiu corneliu</username><id /></contributor></revision><categories><category>all articl with dead extern link</category><category>all page need cleanup</category><category>all page need factual verif</category><category>birth</category><category>live peopl</category><category>australian nation univers alumni</category><category>wikipedia articl need factual verif sinc juli</category><category>univers tasmania faculti</category><category>offic the order australia</category><category>alumni nuffield colleg oxford</category><category>articl with invalid date paramet templat</category><category>academ the univers manchest</category><category>univers melbourn vicechancellor</category><category>articl with dead extern link sinc juli</category></categories></header><bdy>for the conductor see<physical_entity wordnetid="100001930" confidence="0.8"><person wordnetid="100007846" confidence="0.8"><conductor wordnetid="109952539" confidence="0.8"><performer wordnetid="110415638" confidence="0.8"><musician wordnetid="110340312" confidence="0.8"><musician wordnetid="110339966" confidence="0.8"><causal_agent wordnetid="100007347" confidence="0.8"><artist wordnetid="109812338" confidence="0.8"><entertainer wordnetid="109616922" confidence="0.8"><creator wordnetid="109614315" confidence="0.8"><link ns0:type="simple" ns0:href="../846/4760846.xml">alan gilbert conductor</link></creator></entertainer></artist></causal_agent></musician></musician></performer></conductor></person></physical_entity>professor alan david gilbert<order wordnetid="107168623" confidence="0.8"><event wordnetid="100029378" confidence="0.8"><command wordnetid="107168131" confidence="0.8"><act wordnetid="100030358" confidence="0.8"><psychological_feature wordnetid="100023100" confidence="0.8"><speech_act wordnetid="107160883" confidence="0.8"><link ns0:type="simple" ns0:href="../398/153398.xml" /></speech_act></psychological_feature></act></command></event></order>born<site wordnetid="108651247" confidence="0.9508927676800064"><link ns0:type="simple" ns0:href="../093/192093.xml">brisban</link></site>septemb onc historian now presid and<link ns0:type="simple" ns0:href="../129/480129.xml">vice chancellor</link>the<university wordnetid="108286163" confidence="0.9508927676800064"><link ns0:type="simple" ns0:href="../266/83266.xml">univers manchest</link></university><p>dure tenur vicechancellor the<university wordnetid="108286163" confidence="0.9508927676800064"><link ns0:type="simple" ns0:href="../594/363594.xml">univers melbourn</link></university>push for and establish<body wordnetid="107965085" confidence="0.8"><university wordnetid="108286163" confidence="0.8"><social_group wordnetid="107950920" confidence="0.8"><group wordnetid="100031264" confidence="0.8"><link ns0:type="simple" ns0:href="../014/1867014.xml">melbourn univers privat</link></group></social_group></university></body>privat univers offshoot which ultim fail thi and well known controversi view privat fund univers led richard davi dub him the doyen econom rationalist vicechancellor<ref ns0:type="simple" ns0:href="#xpointer(//reflist/entry[@id=%221%22])" /></p><sec><st>earli academ career</st><p>gilbert graduat with first class the<university wordnetid="108286163" confidence="0.9508927676800064"><link ns0:type="simple" ns0:href="../106/285106.xml">australian nation univers</link></university>then took histori and took post lectur the<university wordnetid="108286163" confidence="0.9508927676800064"><link ns0:type="simple" ns0:href="../507/2036507.xml">univers papua new guinea</link></university>gain scholarship<body wordnetid="107965085" confidence="0.8"><social_group wordnetid="107950920" confidence="0.8"><college wordnetid="108278169" confidence="0.8"><educational_institution wordnetid="108276342" confidence="0.8"><group wordnetid="100031264" confidence="0.8"><institution wordnetid="108053576" confidence="0.8"><link ns0:type="simple" ns0:href="../357/128357.xml">nuffield colleg oxford</link></institution></group></educational_institution></college></social_group></body>and award dphil</p><p>return australia lectur the<university wordnetid="108286163" confidence="0.9508927676800064"><link ns0:type="simple" ns0:href="../078/146078.xml">univers new south wale</link></university>where establish academ reput<link ns0:type="simple" ns0:href="../350/10772350.xml">historian</link>work the social socioeconom and religi histori modern britain and australia</p><p>appoint professor histori the faculti militari studi elect fellow the<link ns0:type="simple" ns0:href="../941/4463941.xml">academi social scienc australia</link><ref ns0:type="simple" ns0:href="#xpointer(//reflist/entry[@id=%222%22])" />develop aptitud inclin toward academ manag becam chair the faculti militari studi and later provic chancellor the univers new south wale becam vicechancellor and princip the<university wordnetid="108286163" confidence="0.9508927676800064"><link ns0:type="simple" ns0:href="../288/601288.xml">univers tasmania</link></university>the time the merger the univers with the<link>launceston cae</link></p></sec><sec><st>univers melbourn</st><p>gilbert appoint vicechancellor the<university wordnetid="108286163" confidence="0.9508927676800064"><link ns0:type="simple" ns0:href="../594/363594.xml">univers melbourn</link></university>play the key role establish and subsequ develop<body wordnetid="107965085" confidence="0.8"><university wordnetid="108286163" confidence="0.8"><social_group wordnetid="107950920" confidence="0.8"><group wordnetid="100031264" confidence="0.8"><link ns0:type="simple" ns0:href="../014/1867014.xml">melbourn univers privat</link></group></social_group></university></body>limit mup privat univers establish work alongsid with the univers melbourn circumv regul strictli limit the moneymak educ ventur australian univers the ventur financi disast and wide criticis academ politician and the media rescu mup the univers council borrow million from the nation australia bank and agre provid addit money from invest reserv the present univers melbourn glyn davi announc the closur mup may cite need for such ventur now that market ventur are permit the public univers sector and there plan integr most mup back into the public univers gilbert declin comment the action successor iron the build origin intend for mup and now part the public univers been name the alan gilbert build</p><p>over the cours tenur gilbert attract the ire both student and staff for exampl staff strike took place octob over lack clariti over pay and condit administr offic were occupi student protest introduct feepay place and again april when there were arrest<ref ns0:type="simple" ns0:href="#xpointer(//reflist/entry[@id=%223%22])" /></p><p>off cours from public place market place melbourn univers claim that professor gilbert left the univers quasiprivatis institut the corpor mould<ref ns0:type="simple" ns0:href="#xpointer(//reflist/entry[@id=%224%22])" /></p></sec><sec><st>univers manchest</st><p>gilbert left the univers melbourn appoint presid and vice chancellor the new<university wordnetid="108286163" confidence="0.9508927676800064"><link ns0:type="simple" ns0:href="../266/83266.xml">univers manchest</link></university><country wordnetid="108544813" confidence="0.9508927676800064"><link ns0:type="simple" ns0:href="../316/9316.xml">england</link></country>institut establish the merger the<body wordnetid="107965085" confidence="0.8"><university wordnetid="108286163" confidence="0.8"><social_group wordnetid="107950920" confidence="0.8"><educational_institution wordnetid="108276342" confidence="0.8"><group wordnetid="100031264" confidence="0.8"><institution wordnetid="108053576" confidence="0.8"><link ns0:type="simple" ns0:href="../250/83250.xml">victoria univers manchest</link></institution></group></educational_institution></social_group></university></body>and<link ns0:type="simple" ns0:href="../121/32121.xml">umist</link><ref ns0:type="simple" ns0:href="#xpointer(//reflist/entry[@id=%225%22])" />quot say plan for privat univers manchest<ref ns0:type="simple" ns0:href="#xpointer(//reflist/entry[@id=%226%22])" />although said advoc performancerel pay posit like put him conflict with the main univers lectur union the ucu<ref ns0:type="simple" ns0:href="#xpointer(//reflist/entry[@id=%226%22])" /></p><p>gilbert plan for the new univers are ambiti</p><p>our aim make the univers manchest one the top researchl univers the world will educ and research powerhous that home england northwest and commit region well nation and intern agenda without seek emul the social cachet<link ns0:type="simple" ns0:href="../490/22490.xml">oxbridg</link>america<conference wordnetid="108308497" confidence="0.9508927676800064"><link ns0:type="simple" ns0:href="../975/14975.xml">ivi leagu</link></conference>will take place confid alongsid those virtuoso institut research capabl and perform the qualiti the student and staff that attract and the reput for scholarli excel that secur</p><p>accord the univers strateg plan<ref ns0:type="simple" ns0:href="#xpointer(//reflist/entry[@id=%227%22])" />akin earlier melbourn agenda<ref ns0:type="simple" ns0:href="#xpointer(//reflist/entry[@id=%228%22])" />the univers aim have five<award wordnetid="106696483" confidence="0.9508927676800064"><link ns0:type="simple" ns0:href="../201/21201.xml">nobel laureat</link></award>staff least two whom will have fulltim appoint and three which intend secur the univers melbourn now four nobel winner work parttim campu</p><p>gilbert continu invest heavili world class peopl and offer them stateoftheart facil aim make the univers manchest destin prefer for mani the best student teacher research and scholar the world more than anyth els the success the manchest agenda will driven the impact intern preemin research and research cluster the scholarli cultur the univers gener</p><p>central project uniti the name given the plan merg the idea extend the golden triangl<university wordnetid="108286163" confidence="0.9508927676800064"><link ns0:type="simple" ns0:href="../797/31797.xml">oxford</link></university><university wordnetid="108286163" confidence="0.9508927676800064"><link ns0:type="simple" ns0:href="../796/31796.xml">cambridg</link></university>and the london univers<university wordnetid="108286163" confidence="0.9508927676800064"><link ns0:type="simple" ns0:href="../029/52029.xml">ucl</link></university>and<university wordnetid="108286163" confidence="0.9508927676800064"><link ns0:type="simple" ns0:href="../116/61116.xml">imperi</link></university>golden quadrilater</p><p>gilbert address the univers dure the inaugur ceremoni whitworth hall octob made veri clear that believ the plan achiev and list five key element the transit from<book wordnetid="106410904" confidence="0.9508927676800064"><link ns0:type="simple" ns0:href="../396/1553396.xml">good great</link></book>quot the book that titl jim collin</p><p>one the intent gilbert agenda improv manchest posit intern leagu tabl the univers rank the shanghai jiao tong<link ns0:type="simple" ns0:href="../184/959184.xml">academ rank world univers</link>thi improv steadili thi rank measur indic such nobel prize winner and<link ns0:type="simple" ns0:href="../251/12688251.xml">highli cite author</link>are list isi highlycitedcom for manchest<ref ns0:type="simple" ns0:href="#xpointer(//reflist/entry[@id=%229%22])" />and improv partli result the appoint such peopl glbert been quot interview<ref ns0:type="simple" ns0:href="#xpointer(//reflist/entry[@id=%2210%22])" />say that there onli one rank that matter the world rank global univers produc shanghai jiao tong univers</p><p>had been spent new build<ref ns0:type="simple" ns0:href="#xpointer(//reflist/entry[@id=%2211%22])" /><ref ns0:type="simple" ns0:href="#xpointer(//reflist/entry[@id=%2212%22])" />fund part govern grant and sale other asset howev gilbert announc that due increas salari cost energi bill and lower than expect revenu the univers about annual turnov deficit gilbert announc plan for redund<ref ns0:type="simple" ns0:href="#xpointer(//reflist/entry[@id=%2213%22])" />and and the univers manag criticis the<link ns0:type="simple" ns0:href="../408/3304408.xml">univers and colleg union</link><ref ns0:type="simple" ns0:href="#xpointer(//reflist/entry[@id=%2214%22])" />howev gilbert honour pledg achiev the staff reduct without compulsori redund and octob announc that the univers budget had been brought modest surplu result mainli voluntari redund scheme<ref ns0:type="simple" ns0:href="#xpointer(//reflist/entry[@id=%2215%22])" /><ref ns0:type="simple" ns0:href="#xpointer(//reflist/entry[@id=%2216%22])" /><ref ns0:type="simple" ns0:href="#xpointer(//reflist/entry[@id=%2217%22])" /><ref ns0:type="simple" ns0:href="#xpointer(//reflist/entry[@id=%2218%22])" /></p><p>gilbert announc rootandbranch review manchest teach qualiti that the univers strategi join the world elit univers will worthless unless staff can reinvent interact more with student<ref ns0:type="simple" ns0:href="#xpointer(//reflist/entry[@id=%2219%22])" /></p></sec><sec><st>refer</st><p><reflist><entry id="1"><cite id="CITEREFBiggsDavis2002" style="font-style:normal">bigg john davi richard<weblink ns0:type="simple" ns0:href="http://www.uow.edu.au/arts/sts/bmartin/dissent/documents/sau/">the subvers australian univers</weblink>wollongong fund for intellectu dissent</cite></entry><entry id="2"><cite id="CITEREF" style="font-style:normal"><weblink ns0:type="simple" ns0:href="http://www.assa.edu.au/directory/listsearch.asp?SN=gilbert Disc= Panel= KW= Op=AND Sort=S Order=A submit=Search">professor alan gilbert</weblink>directori fellow academi the social scienc australia</cite></entry><entry id="3">australian prime minist web site<weblink ns0:type="simple" ns0:href="http://www.pm.gov.au/news/interviews/2001/interview915.htm" /></entry><entry id="4"><cite id="CITEREF" style="font-style:normal"><weblink ns0:type="simple" ns0:href="http://education.guardian.co.uk/higher/news/story/0,,1149456,00.html">book target manchest corpor vicechancellor</weblink>the guardian onlin<link /></cite></entry><entry id="5"><cite id="CITEREF" style="font-style:normal"><weblink ns0:type="simple" ns0:href="http://education.independent.co.uk/higher/article80278.ece">the intern rescu</weblink>the independ<link /></cite></entry><entry id="6"><weblink ns0:type="simple" ns0:href="http://www.student-direct.co.uk/modules.php?op=modload name=News file=article sid=889">student direct</weblink></entry><entry id="7"><cite id="CITEREF" style="font-style:normal"><weblink ns0:type="simple" ns0:href="http://www.manchester.ac.uk/aboutus/facts/vision/2015goals/">goal</weblink>the univers manchest</cite></entry><entry id="8"><cite id="CITEREF" style="font-style:normal"><weblink ns0:type="simple" ns0:href="http://www.unimelb.edu.au/publications/docs/agenda2002.pdf">the melbourn agenda</weblink>the univers melbourn</cite></entry><entry id="9"><cite id="CITEREF" style="font-style:normal"><weblink ns0:type="simple" ns0:href="http://hcr3.isiknowledge.com/browse_author.pl?link1=Browse link2=Results value=University+of+Manchester submit=INSTITUTION page=0">isi web knowledg</weblink>retriev august</cite></entry><entry id="10"><cite id="CITEREFBoone" style="font-style:normal">boon jonathan<link /><weblink ns0:type="simple" ns0:href="http://us.ft.com/ftgateway/superpage.ft?news_id=fto042920072239244066">interview manchest univers presid alan gilbert</weblink>financi time</cite></entry><entry id="11"><cite id="CITEREFThame" style="font-style:normal">thame david<link /><weblink ns0:type="simple" ns0:href="http://www.manchestereveningnews.co.uk/news/business/s/1012/1012479_cashstrapped_uni_sells_assets.html">cashstrap uni sell asset</weblink>manchest even news</cite></entry><entry id="12"><cite id="CITEREF" style="font-style:normal"><weblink ns0:type="simple" ns0:href="http://news.bbc.co.uk/1/hi/england/manchester/6459359.stm">univers staff cut criticis</weblink>bbc news</cite></entry><entry id="13"><cite id="CITEREFQureshi" style="font-style:normal">qureshi yakub<link /><weblink ns0:type="simple" ns0:href="http://www.manchestereveningnews.co.uk/news/education/s/1001/1001469_400_university_jobs_could_go.html">univers job could</weblink>manchest even news</cite></entry><entry id="14"><cite id="CITEREFCarrothers" style="font-style:normal">carroth richi<link /><weblink ns0:type="simple" ns0:href="http://www.ucu.org.uk/index.cfm?articleid=2407">union slam manchest univers job cut</weblink>univers and colleg union</cite></entry><entry id="15">messag from the presid date octob circul univers staff listserv</entry><entry id="17"><cite id="CITEREF" style="font-style:normal"><weblink ns0:type="simple" ns0:href="http://www.theaustralian.news.com.au/story/0,25197,22402668-14981,00.html">blog</weblink>the australian<link /></cite></entry><entry id="16"><cite id="CITEREFLipsett" style="font-style:normal">lipsett anthea<link /><weblink ns0:type="simple" ns0:href="http://education.guardian.co.uk/universityfunding/story/0,,2162913,00.html">manchest break debt crisi</weblink>the guardian</cite></entry><entry id="19"><cite id="CITEREF2008" style="font-style:normal"><weblink ns0:type="simple" ns0:href="http://www.timeshighereducation.co.uk/story.asp?storycode=400520">elit must teach better say</weblink>time higher educ</cite></entry><entry id="18"><cite id="CITEREFQureshi" style="font-style:normal">qureshi yakub<link /><weblink ns0:type="simple" ns0:href="http://www.manchestereveningnews.co.uk/news/education/s/1021992_job_cuts_may_hit_world_class_bid">job cut may hit world class bid</weblink>manchest even news alan gilbert said they have manag balanc their book</cite></entry></reflist></p><p><list><entry level="1" type="bullet"><cite id="CITEREFCainHewitt2004" style="font-style:normal">cain john hewitt john off cours from public place marketplac melbourn univers scribe public isbn</cite></entry><entry level="1" type="bullet"><cite id="CITEREFCollins" style="font-style:normal">collin jim<book wordnetid="106410904" confidence="0.9508927676800064"><link ns0:type="simple" ns0:href="../396/1553396.xml">good great</link></book>random hous busi book isbn</cite></entry></list></p></sec></bdy></scholar></causal_agent></academician></alumnus></worker></military_officer></educator></professional></serviceman></adult></intellectual></person></skilled_worker></physical_entity></article>