<article xmlns:ns0="http://www.w3.org/1999/xlink"><person confidence="0.9638700866880419" wordnetid="100007846"><header><title>gernot heiser</title><id /><revision><id /><timestamp /><contributor><username>malcolmxl</username><id /></contributor></revision><categories><category>live peopl</category><category>birth</category><category>autobiograph articl</category></categories></header><bdy><table class="metadata plainlinks ambox "><row><col>amboxcont style</col></row><row><col class="mbox-image"><p><image width="40x40px" src="Ambox_content.png" /></p></col><col style="" class="mbox-text">thi articl section been extens edit the subject and may not conform wikipedia polici pleas see the relev discuss the</col></row></table>gernot heiser born professor for oper system the<university wordnetid="108286163" confidence="0.9508927676800064"><link ns0:type="simple" ns0:href="../078/146078.xml">univers new south wale</link></university>unsw also leader the embed realtim and oper system erto research program<company wordnetid="108058098" confidence="0.9508927676800064"><link ns0:type="simple" ns0:href="../384/2518384.xml">nicta</link></company>recent found compani call<weblink ns0:type="simple" ns0:href="http://www.ok-labs.com">open kernel lab</weblink>where serv<link ns0:type="simple" ns0:href="../193/579193.xml">chief technolog offic</link><p>research focus<link ns0:type="simple" ns0:href="../023/20023.xml">microkernel</link>and microkernelbas system well virtual machin group produc the mungi<link ns0:type="simple" ns0:href="../531/2968531.xml">singl address space oper system</link><ref ns0:type="simple" ns0:href="#xpointer(//reflist/entry[@id=%221%22])" />and implement the<link ns0:type="simple" ns0:href="../763/95763.xml">microkernel</link>with veri fast<link ns0:type="simple" ns0:href="../106/152106.xml">interprocess commun</link><ref ns0:type="simple" ns0:href="#xpointer(//reflist/entry[@id=%222%22])" /></p><p>the past also work<link ns0:type="simple" ns0:href="../709/27709.xml">semiconductor</link>devic<link ns0:type="simple" ns0:href="../444/43444.xml">simul</link>where pioneer the use multidimension model the optimis<link ns0:type="simple" ns0:href="../114/27114.xml">silicon</link>base<link ns0:type="simple" ns0:href="../373/29373.xml">solar cell</link></p><sec><st>operatingsystem project</st><p><list><entry level="1" type="bullet"><weblink ns0:type="simple" ns0:href="http://www.ertos.nicta.com.au/research/mungi/">mungi</weblink>and<weblink ns0:type="simple" ns0:href="http://www.ertos.nicta.com.au/iguana/">iguana</weblink><link ns0:type="simple" ns0:href="../531/2968531.xml">singl address space oper system</link></entry><entry level="1" type="bullet"><weblink ns0:type="simple" ns0:href="http://www.ertos.nicta.com.au/wombat/">wombat</weblink>portabl<O wordnetid="106832680" confidence="0.9508927676800064"><link ns0:type="simple" ns0:href="../297/6097297.xml">linux</link></O><link ns0:type="simple" ns0:href="../763/95763.xml">microkernel</link></entry><entry level="1" type="bullet"><weblink ns0:type="simple" ns0:href="http://gelato.unsw.edu.au/">gelatounsw</weblink>perform and scalabl<O wordnetid="106832680" confidence="0.9508927676800064"><link ns0:type="simple" ns0:href="../297/6097297.xml">linux</link></O><chip wordnetid="103020034" confidence="0.8"><artifact wordnetid="100021939" confidence="0.8"><instrumentality wordnetid="103575240" confidence="0.8"><microprocessor wordnetid="103760310" confidence="0.8"><conductor wordnetid="103088707" confidence="0.8"><device wordnetid="103183080" confidence="0.8"><semiconductor_device wordnetid="104171831" confidence="0.8"><link ns0:type="simple" ns0:href="../454/15454.xml">itanium</link></semiconductor_device></device></conductor></microprocessor></instrumentality></artifact></chip></entry></list></p></sec><sec><st>public note</st><p><reflist><entry id="1"><cite style="font-style:normal">heiser gernot elphinston kevin vochteloo jerri russel stephen<physical_entity wordnetid="100001930" confidence="0.8"><person wordnetid="100007846" confidence="0.8"><computer_user wordnetid="109951274" confidence="0.8"><programmer wordnetid="110481268" confidence="0.8"><engineer wordnetid="109615807" confidence="0.8"><causal_agent wordnetid="100007347" confidence="0.8"><scientist wordnetid="110560637" confidence="0.8"><research_worker wordnetid="110523076" confidence="0.8"><link ns0:type="simple" ns0:href="../112/1623112.xml">liedtk jochen</link></research_worker></scientist></causal_agent></engineer></programmer></computer_user></person></physical_entity>the mungi singleaddressspac oper system softwar practic and experi</cite></entry><entry id="2"><cite style="font-style:normal"><physical_entity wordnetid="100001930" confidence="0.8"><person wordnetid="100007846" confidence="0.8"><computer_user wordnetid="109951274" confidence="0.8"><programmer wordnetid="110481268" confidence="0.8"><engineer wordnetid="109615807" confidence="0.8"><causal_agent wordnetid="100007347" confidence="0.8"><scientist wordnetid="110560637" confidence="0.8"><research_worker wordnetid="110523076" confidence="0.8"><link ns0:type="simple" ns0:href="../112/1623112.xml">liedtk jochen</link></research_worker></scientist></causal_agent></engineer></programmer></computer_user></person></physical_entity>elphinston kevin schnberg sebastian hrtig hermann heiser gernot islam nayeem jaeger trent may<weblink ns0:type="simple" ns0:href="http://ieeexplore.ieee.org/xpl/RecentCon.jsp?punumber=4643">achiev ipc perform still the foundat for extens</weblink>workshop hot topic oper system cape cod usa ieee</cite></entry></reflist></p></sec><sec><st>extern link</st><p><list><entry level="1" type="bullet"><weblink ns0:type="simple" ns0:href="http://gernot.web.cse.unsw.edu.au">gernot heiser home page</weblink></entry><entry level="1" type="bullet"><weblink ns0:type="simple" ns0:href="http://www.nicta.com.au/ertos">embed realtim and oper system program</weblink><company wordnetid="108058098" confidence="0.9508927676800064"><link ns0:type="simple" ns0:href="../384/2518384.xml">nicta</link></company></entry><entry level="1" type="bullet"><weblink ns0:type="simple" ns0:href="http://www.ok-labs.com">open kernel lab</weblink></entry><entry level="1" type="bullet"><weblink ns0:type="simple" ns0:href="http://www.cse.unsw.edu.au/db/staff/info/gernot.html">staff page unsw</weblink></entry><entry level="1" type="bullet"><weblink ns0:type="simple" ns0:href="http://www.ok-labs.com/company/people/gernot_heiser">bio lab</weblink></entry><entry level="1" type="bullet"><weblink ns0:type="simple" ns0:href="http://www.ertos.nicta.com.au/">the erto page nicta</weblink></entry><entry level="1" type="bullet"><weblink ns0:type="simple" ns0:href="http://www.ertos.nicta.com.au/people/?cn=Gernot%20Heiser">bio nicta</weblink></entry><entry level="1" type="bullet"><weblink ns0:type="simple" ns0:href="http://i30www.ira.uka.de/aboutus/people/personal/heiser?lid=en publ=y">visit professor universitt karlsruh</weblink></entry></list></p></sec></bdy></person></article>