<article xmlns:ns0="http://www.w3.org/1999/xlink"><company confidence="0.8" wordnetid="108058098"><institution confidence="0.8" wordnetid="108053576"><header><title>dalmia</title><id /><revision><id /><timestamp /><contributor><username>merc</username><id /></contributor></revision><categories><category>famili busi</category><category>articl with invalid date paramet templat</category><category>wikifi from januari</category><category>all page need wikifi</category><category>compani india</category><category>articl lack reliabl refer from august</category><category>all articl lack sourc</category><category>marwar</category></categories></header><bdy><table class="metadata plainlinks ambox "><row><col>amboxcont style</col></row><row><col class="mbox-image"><p><image width="50px" src="Question_book-new.svg" /></p></col><col style="" class="mbox-text">thi articl section need that appear reliabl thirdparti public and sourc affili with the subject the articl are gener not suffici for wikipedia articl pleas includ more appropri from discuss the issu the talk page august</col></row></table><p><table class="metadata plainlinks ambox "><row><col>amboxstyl style</col></row><row><col class="mbox-image"><p><image width="50px" src="Wikitext.svg" /></p></col><col style="" class="mbox-text">pleas thi articl section help<weblink ns0:type="simple" ns0:href="http://localhost:18088/wiki/index.php?title=Dalmia action=edit">improv thi articl</weblink>januari</col></row></table></p><p>the dalmia compani came into exist<country wordnetid="108544813" confidence="0.9508927676800064"><link ns0:type="simple" ns0:href="../533/14533.xml">india</link></country>the earli the dalmia<link ns0:type="simple" ns0:href="../710/11508710.xml">jain</link>group found the late ramkrishna dalmia with the assist younger brother jaiday dalmia and soninlaw<link ns0:type="simple" ns0:href="../167/13559167.xml">sahu shanti prasad jain</link>the group activ includ bank and insur compani newspap and publish hous aviat and railway compani electr suppli compani collieri motor car compani biscuit cement chemic distilleri dairi product jute paper plywood paint refractori sugar textil and other</p><p>the group greatest contribut nation develop the emerg the indian cement industri enter thi area challeng the monopoli one power combin the acc ltd the group set sever cement factori reflect the geograph expans the group and presenc each corner the countri cement factori were set dalmianagar bihar east india dalmia dadri haryana north india dandot west punjab now central pakistan dalmiapuram tamil nadu south india karachi sind now south pakistan rajgangpur orissa east india and sawai madhopur rajasthan north india</p><p><link ns0:type="simple" ns0:href="../630/34630.xml" />the group establish the bharat bank ltd which the basi authoris capit becam the biggest bank time later acquir control interest the punjab nation bank and the time india group public the time the dalmia compani togeth rank third among india major industri group after the tata and the birla the automot sphere one compani the group allen berri limit purchas the entir lot american surplu dispos vehicl number about after<military_action wordnetid="100952963" confidence="0.8"><group_action wordnetid="101080366" confidence="0.8"><event wordnetid="100029378" confidence="0.8"><conflict wordnetid="100958896" confidence="0.8"><act wordnetid="100030358" confidence="0.8"><psychological_feature wordnetid="100023100" confidence="0.8"><war wordnetid="100973077" confidence="0.8"><link ns0:type="simple" ns0:href="../927/32927.xml">world war</link></war></psychological_feature></act></conflict></event></group_action></military_action>thi compani ran vast workshop variou part india till the when disband</p><p>the dalmia famili trace root town<legal_power wordnetid="105198427" confidence="0.9508927676800064"><link ns0:type="simple" ns0:href="../291/26291.xml">rajasthan</link></legal_power>known<legal_power wordnetid="105198427" confidence="0.9508927676800064"><link ns0:type="simple" ns0:href="../677/2651677.xml">chirawa</link></legal_power>today the famili and rel have interest among other publish industri explos cement magnesit sugar oliv oil leisur resort and hotel refractori cast cigarett soda ash textil rig and drill equip and servic such inbound tourism public relat busi process outsourc softwar develop and financi servic</p><p>total turnov these compani exce billion</p><sec><st>ramkrishna dalmia</st><p>ramkrishna dalmia april septemb pioneer industrialist and founder the dalmiajain group born the small villag chirawa jhunjhunu district rajasthan and start life with bare ani materi resourc shift calcutta earli age father die when onli year old leav behind properti fell upon ramkrishna dalmia support mother grandmoth wife and younger brother</p><p>matern uncl motil jhunjhunwala gave him job bullion busi which enabl him earn just enough support whole famili peopl met through thi form high regard for busi acumen and sought advic start brokerag busi own and soon through stroke luck and geniu made one lakh rupe singl transact thi the begin what would soon becom india thirdlargest busi empir</p><p>begin with sugar factori what now known dalmianagar the state bihar dalmia went set mani industri with the assist younger brother the late jaiday dalmia and soninlaw the late<link ns0:type="simple" ns0:href="../167/13559167.xml">sahu shanti prasad jain</link></p><p>ramkrishna dalmia gave huge financi support the nationalist movement against the british regim<link ns0:type="simple" ns0:href="../379/19379.xml">gandhi</link><link ns0:type="simple" ns0:href="../073/37073.xml">civil disobedi</link>movement start with the salt satyagraha fact financ almost entir him fact which nation leader like<link ns0:type="simple" ns0:href="../083/702083.xml">rajendra prasad</link>and shri hasan imam allud the futur</p><p>dalmia had contact with person all walk life among nation leader had direct contact with gandhi jamuna lal bajaj sardar patel rajendra prasad and<link ns0:type="simple" ns0:href="../989/400989.xml">jinnah</link>set cement factori the kingdom jind and jaipur the invit their rule princ</p><p>dalmia also great philanthropist and presid over number religi educ and social confer form the anti cowslaught leagu began worldwid campaign promot the idea oneworld govern author mani book spiritu and inspir</p><p>dalmia pass away the septemb the age after prolong ill</p></sec><sec><st>compani control the dalmia famili today</st><p>artech infosystem pvt ltd noida softwar product consult bpo</p><p>bharat explos ltd lalitpur uttar pradesh industri explos</p><p>colwel salmon noida public relat manag</p><p>dalmia cement bharat ltd incl dalmia electron corpn dalmia magnesit corp govan travel ramgarh sugar mill dalmiapuram tamil nadu cement refractori sugar magnesit iron ore travel agenc electron capacitor and resistor</p><p>dalmia centr for coimbator appli agricultur research</p><p>dalmia continent pvt ltd new delhi distribut and sale<link ns0:type="simple" ns0:href="../478/22478.xml">oliv oil</link>and relat product</p><p>dalmia healthcar ltd new delhi altern healthcar product and solut</p><p>dalmia resort intern pvt ltd new delhi timeshar vacat ownership hotel resort</p><p>dss mobil commun ltd radio page servic collabor with sunkyong korea and samsung korea bpo servic</p><p>electrosteel cast ltd calcutta cast</p><p>first capit india limit new delhi incl landmark hold financi servic privat equiti placement and ventur capit</p><p>gtc industri limit new delhi tobacco product</p><p>ghcl limit verav gujarat incl sree meenakshi mill madurai tamil nadu soda ash collabor with akzo zout chemi holland and klockner industri analgen germani textil bpo servic</p><p>hari machin ltd rajgangpur orissa industri ceram and engin product</p><p>grandeur travel pvt ltd new delhi agent travel agent</p><p>foundat ltd new delhi real estat develop merchant export invest</p><p>khammam granit ltd khammam granit mine and export</p><p>ocl india ltd rajgangpur orissa cement refractori chemic</p><p>revathi equip ltd coimbator tamil nadu rig and drill equip</p><p>shree ram plastic udyog noida plastic bottl and materi</p><p>sunshin tourism servic pvt ltd new delhi tour handl manag</p><p>trw limit chennai weld work</p><p>wgf secur limit new delhi merchant bank financi servic</p></sec><sec><st>link</st><p><weblink ns0:type="simple" ns0:href="http://www.time.com/time/magazine/article/0,9171,890731,00.html">time magazin articl</weblink></p><p><weblink ns0:type="simple" ns0:href="http://209.85.175.104/search?q=cache:-av5qzee0T8J:www.ccsindia.org/policy/hist/studies/wp0025.pdf+ramkrishna+dalmia hl=en ct=clnk cd=12">centr for civil societi research paper</weblink></p><p><weblink ns0:type="simple" ns0:href="http://www.dalmiabrothers.com">dalmia brother</weblink></p><p><weblink ns0:type="simple" ns0:href="http://www.oclindialtd.in">ocl india ltd</weblink></p><p><weblink ns0:type="simple" ns0:href="http://www.dalmiaglobal.com">dalmia continent</weblink></p><p><weblink ns0:type="simple" ns0:href="http://www.sunshineindia.com">sunshin tourism</weblink></p><p><weblink ns0:type="simple" ns0:href="http://www.revathi.co.in">revathi equip ltd</weblink></p><p><weblink ns0:type="simple" ns0:href="http://timesofindia.indiatimes.com">the time india</weblink></p><p><weblink ns0:type="simple" ns0:href="http://www.gtcil.com">gtc industri ltd</weblink></p><p><weblink ns0:type="simple" ns0:href="http://www.hindustantimes.com/StoryPage/StoryPage.aspx?id=894786b4-05d3-44ea-80b0-916b7c87d228">hindustan time articl</weblink></p><p><weblink ns0:type="simple" ns0:href="http://www.frontlineonnet.com/fl2423/stories/20071207506708100.htm">frontlin magazin fate year</weblink></p><p><weblink ns0:type="simple" ns0:href="http://www.milligazette.com/Archives/2004/01-15Sep04-Print-Edition/011509200404.htm">the milli gazett articl</weblink></p><p><weblink ns0:type="simple" ns0:href="http://www.thehindu.com/thehindu/fline/fl2022/stories/20031107000407500.htm">frontlin magazineth hous that jinnah built</weblink></p><p><weblink ns0:type="simple" ns0:href="http://www.dailytimes.com.pk/default.asp?page=story_8-8-2003_pg7_54">daili time articl</weblink></p></sec></bdy></institution></company></article>