<article xmlns:ns0="http://www.w3.org/1999/xlink"><header><title>encebollado</title><id /><revision><id /><timestamp /><contributor><username>mairi</username><id /></contributor></revision><categories><category>ecuadorian cuisin</category></categories></header><bdy>encebollado popular dish from<country wordnetid="108544813" confidence="0.9508927676800064"><link ns0:type="simple" ns0:href="../334/9334.xml">ecuador</link></country>while origin from the coast popular around the whole countri due restaur featur the region cuisin type soup made albacora type tuna<link ns0:type="simple" ns0:href="../465/56465.xml">yuca</link>tomato and onion and gener sprinkl with lemon juic the coast can found restaur call picantera<sec><st>encebollado histori</st><p>accord<link>rodolfo prez pimentel</link>nativ america prepar dish made with boil roast fish with salt the origin the encebollado began the centuri seamen jorg juan antonio ulloa attend meal host govern offici where version encebollado serv the men then start spread thi dish the rest the ingredi were later</p></sec><sec><st>trivia</st><p>lot peopl eat<link ns0:type="simple" ns0:href="../614/10464614.xml">encebollado</link>resist hangov</p></sec><sec><st>ingredi</st><p><list><entry level="1" type="bullet"><link ns0:type="simple" ns0:href="../465/56465.xml">yuca</link></entry><entry level="1" type="bullet">oliv oil</entry><entry level="1" type="bullet">white onion dice</entry><entry level="1" type="bullet">plum<link ns0:type="simple" ns0:href="../234/9940234.xml">tomato</link>dice</entry><entry level="1" type="bullet">clove garlic fine</entry><entry level="1" type="bullet">fish stock</entry><entry level="1" type="bullet"><link ns0:type="simple" ns0:href="../211/46211.xml">tuna</link>cut piec</entry><entry level="1" type="bullet">sprig parsley coars</entry><entry level="1" type="bullet"><link ns0:type="simple" ns0:href="../640/341640.xml">cilantro</link></entry><entry level="1" type="bullet">red onion thinli slice</entry><entry level="1" type="bullet">lime</entry></list></p></sec><sec><st>how cook</st><p>put yuca larg stockpot and add water cover bring boil and simmer for min heat oil separ pan add the onion and the tomato the oil and cook for min decreas the heat low add the fish stock and simmer for minut add the tuna and yuca the broth and cook for minut add the parsley and<link ns0:type="simple" ns0:href="../640/341640.xml">cilantro</link>and season tast with salt and pepper float some the red onion slice the surfac each bowl soup squeez lime juic over the onion and sprinkl the corn nut over the onion and tomato serv with the remain lime wedg the side</p></sec><sec><st>refer</st><p><weblink ns0:type="simple" ns0:href="http://www.gastronomiaperu.com/noticias/detalles.php?d=2534">encebollado plato que evolucion con marinero espaol antao</weblink></p></sec></bdy></article>