<article xmlns:ns0="http://www.w3.org/1999/xlink"><insurance_company confidence="0.9511911446218017" wordnetid="108070465"><company confidence="0.9508927676800064" wordnetid="108058098"><header><title>mutual omaha</title><id /><revision><id /><timestamp /><contributor><username>whatit apossworth</username><id /></contributor></revision><categories><category>insur compani the unit state</category><category>compani base omaha nebraska</category><category>mutual insur compani</category><category>establish</category></categories></header><bdy><template><name>infobox compani</name><parameters><net_income>million<currency wordnetid="113385913" confidence="0.9508927676800064"><link ns0:type="simple" ns0:href="../338/18717338.xml">usd</link></currency><ref ns0:type="simple" ns0:href="#xpointer(//reflist/entry[@id=%228%22])" /></net_income><type>privat</type><company_slogan>begin today</company_slogan><name>mutual omaha insur compani</name><foundation /><industry><link ns0:type="simple" ns0:href="../162/11162.xml">financ</link><link ns0:type="simple" ns0:href="../176/15176.xml">insur</link></industry><products><link ns0:type="simple" ns0:href="../367/383367.xml">life insur</link>medicar supplement insur<link ns0:type="simple" ns0:href="../148/159148.xml">annuiti</link>and retir plan<link>longterm care</link>insurancehealth accid and special coverag invest product disabl insurancedent insurancevoluntaryworksit product special market<ref ns0:type="simple" ns0:href="#xpointer(//reflist/entry[@id=%228%22])" /></products><revenue>billion<currency wordnetid="113385913" confidence="0.9508927676800064"><link ns0:type="simple" ns0:href="../338/18717338.xml">usd</link></currency><ref ns0:type="simple" ns0:href="#xpointer(//reflist/entry[@id=%228%22])" /></revenue><logo><image width="150px" src="Logo-mutualofomaha.jpg"><caption>mutual omaha logo</caption></image></logo><location_country><body wordnetid="107965085" confidence="0.8"><social_group wordnetid="107950920" confidence="0.8"><political_orientation wordnetid="106212839" confidence="0.8"><colony wordnetid="108374049" confidence="0.8"><state wordnetid="108168978" confidence="0.8"><political_unit wordnetid="108359949" confidence="0.8"><group wordnetid="100031264" confidence="0.8"><democracy wordnetid="106217103" confidence="0.8"><link ns0:type="simple" ns0:href="../750/3434750.xml">usa</link></democracy></group></political_unit></state></colony></political_orientation></social_group></body></location_country><location_city><village wordnetid="108672738" confidence="0.9508927676800064"><link ns0:type="simple" ns0:href="../159/46159.xml">omaha nebraska</link></village></location_city><homepage><weblink ns0:type="simple" ns0:href="http://www.mutualofomaha.com/">mutualofomahacom</weblink></homepage><key_people>daniel neari chairman and ceoharri weller found presid</key_people><num_employees>juli</num_employees><subsid>unit omaha life insur companycompanion life insur companyunit world life insur companymutu omaha investor servic inccontinuum worldwideomaha financi hold inc</subsid></parameters></template><p>mutual omaha<link ns0:type="simple" ns0:href="../360/284360.xml">fortun</link><link ns0:type="simple" ns0:href="../176/15176.xml">insur</link>and<link ns0:type="simple" ns0:href="../425/433425.xml">financi servic</link>compani base<village wordnetid="108672738" confidence="0.9508927676800064"><link ns0:type="simple" ns0:href="../159/46159.xml">omaha nebraska</link></village>the compani found mutual benefit health and accid associ<ref ns0:type="simple" ns0:href="#xpointer(//reflist/entry[@id=%221%22])" /><ref ns0:type="simple" ns0:href="#xpointer(//reflist/entry[@id=%222%22])" /></p><sec><st>histori</st><p>march mutual benefit health and accid associ file articl incorpor with the nebraska insur depart</p><p>premium incom exceed million for the year</p><p>mutual omaha rank comparison other insur compani</p><p>the subsidiari unit benefit life insur compani found</p><p>the compani found group insur depart</p><p>mutual benefit health accid associ chang name mutual omaha insur compani</p><p>mutual omaha wild kingdom air network televis for the first time the origin show ran until</p><p>unit benefit life insur compani becam unit omaha</p><p>the compani revit brand and began sponsor usa swim</p><p>new wild kingdom seri premier anim planet</p><p>continuum worldwid formerli oisc creat</p><p>omaha financi hold inc creat the parent compani mutual omaha bank initi<ref ns0:type="simple" ns0:href="#xpointer(//reflist/entry[@id=%221%22])" /></p></sec><sec><st>wild kingdom</st><p><indent level="1">main articl<idea wordnetid="105833840" confidence="0.8"><beginning wordnetid="100235435" confidence="0.8"><change wordnetid="100191142" confidence="0.8"><show wordnetid="100520257" confidence="0.8"><entertainment wordnetid="100429048" confidence="0.8"><morpheme wordnetid="106306233" confidence="0.8"><ending wordnetid="106308765" confidence="0.8"><change_of_state wordnetid="100199130" confidence="0.8"><plan wordnetid="105898568" confidence="0.8"><diversion wordnetid="100426928" confidence="0.8"><event wordnetid="100029378" confidence="0.8"><action wordnetid="100037396" confidence="0.8"><part wordnetid="113809207" confidence="0.8"><act wordnetid="100030358" confidence="0.8"><psychological_feature wordnetid="100023100" confidence="0.8"><activity wordnetid="100407535" confidence="0.8"><introduction wordnetid="100238022" confidence="0.8"><language_unit wordnetid="106284225" confidence="0.8"><link ns0:type="simple" ns0:href="../996/890996.xml">wild kingdom</link></language_unit></introduction></activity></psychological_feature></act></part></action></event></diversion></plan></change_of_state></ending></morpheme></entertainment></show></change></beginning></idea></indent>mutual omaha introduc the wildlif<link ns0:type="simple" ns0:href="../831/29831.xml">televis</link>program mutual omaha<idea wordnetid="105833840" confidence="0.8"><beginning wordnetid="100235435" confidence="0.8"><change wordnetid="100191142" confidence="0.8"><show wordnetid="100520257" confidence="0.8"><entertainment wordnetid="100429048" confidence="0.8"><morpheme wordnetid="106306233" confidence="0.8"><ending wordnetid="106308765" confidence="0.8"><change_of_state wordnetid="100199130" confidence="0.8"><plan wordnetid="105898568" confidence="0.8"><diversion wordnetid="100426928" confidence="0.8"><event wordnetid="100029378" confidence="0.8"><action wordnetid="100037396" confidence="0.8"><part wordnetid="113809207" confidence="0.8"><act wordnetid="100030358" confidence="0.8"><psychological_feature wordnetid="100023100" confidence="0.8"><activity wordnetid="100407535" confidence="0.8"><introduction wordnetid="100238022" confidence="0.8"><language_unit wordnetid="106284225" confidence="0.8"><link ns0:type="simple" ns0:href="../996/890996.xml">wild kingdom</link></language_unit></introduction></activity></psychological_feature></act></part></action></event></diversion></plan></change_of_state></ending></morpheme></entertainment></show></change></beginning></idea>the origin show ran from the show revit with new seri the cabl televis network<channel wordnetid="106259898" confidence="0.9508927676800064"><link ns0:type="simple" ns0:href="../672/406672.xml">anim planet</link></channel>mutual omaha recogn the import thi program mani the peopl who grew with the origin seri still recogn the compani associ with the program</p></sec><sec><st>subsidiari</st><p>mutual omaha multipl subsidiari includ</p><ss2><st>unit omaha life insur compani</st><p>found thi compani provid life insur pension and annuiti product for group and individu<ref ns0:type="simple" ns0:href="#xpointer(//reflist/entry[@id=%223%22])" /></p></ss2><ss2><st>companion life insur compani</st><p>found thi compani provid life insur and annuiti product for group and individu new york<ref ns0:type="simple" ns0:href="#xpointer(//reflist/entry[@id=%223%22])" /></p></ss2><ss2><st>unit world life insur compani</st><p>through direct market and independ agent network thi compani offer health and accid coverag and specialti life plan sinc<ref ns0:type="simple" ns0:href="#xpointer(//reflist/entry[@id=%223%22])" /></p></ss2><ss2><st>mutual omaha investor servic inc</st><p>mutual fund are offer individu through the compani agent and retir plan broker<ref ns0:type="simple" ns0:href="#xpointer(//reflist/entry[@id=%223%22])" /></p></ss2><ss2><st>continuum worldwid</st><p><weblink ns0:type="simple" ns0:href="http://www.continuumww.com/">continuum worldwid</weblink>start and special<link ns0:type="simple" ns0:href="../965/4240965.xml">oper risk manag</link>consult continuum servic includ enterpris secur solut investig and complianc solut busi partner assur ident and access manag and infrastructur solut</p></ss2><ss2><st>omaha financi hold inc</st><p>omaha financi hold inc hold compani for mutual omaha bank oper the subsidiari ceo jeff schmid<ref ns0:type="simple" ns0:href="#xpointer(//reflist/entry[@id=%224%22])" />sinc format acquir the follow bank nebraska state bank omaha neb secur feder bank lincoln neb and coloradobas peak nation bank<ref ns0:type="simple" ns0:href="#xpointer(//reflist/entry[@id=%225%22])" /></p></ss2></sec><sec><st>compani govern</st><ss1><st><link ns0:type="simple" ns0:href="../110/24110.xml">presid</link>mutual</st><p><table><row><col /><col><link>harri weller</link></col></row><row><col /><col><link>criss</link></col></row><row><col /><col><link>skutt</link></col></row><row><col /><col><link>dan neari</link></col></row></table></p></ss1><ss1><st><link ns0:type="simple" ns0:href="../234/52234.xml">chief execut offic</link>mutual</st><p><table><row><col /><col><link>skutt</link></col></row><row><col /><col><link>thoma skutt</link></col></row><row><col /><col><link>john weekli</link></col></row><row><col>present</col><col><link>dan neari</link></col></row></table></p></ss1><ss1><st><link ns0:type="simple" ns0:href="../243/3452243.xml">chairman the board</link>mutual</st><p><table><row><col /><col><link>criss</link></col></row><row><col /><col><link>skutt</link></col></row><row><col /><col><link>thoma skutt</link></col></row><row><col /><col><link>john weekli</link></col></row><row><col>present</col><col><link>dan neari</link></col></row></table></p></ss1></sec><sec><st>miscellan</st><p>the onli<company wordnetid="108058098" confidence="0.9508927676800064"><link ns0:type="simple" ns0:href="../754/461754.xml">chickfila</link></company>the state nebraska locat mutual omaha cafeteria<ref ns0:type="simple" ns0:href="#xpointer(//reflist/entry[@id=%226%22])" /></p><p>mutual omaha develop<link ns0:type="simple" ns0:href="../569/19669569.xml">midtown cross turner park</link>mixedus urban develop project just east campu<link ns0:type="simple" ns0:href="../108/11293108.xml">midtown omaha</link><ref ns0:type="simple" ns0:href="#xpointer(//reflist/entry[@id=%227%22])" /></p></sec><sec><st>see also</st><p><list><entry level="1" type="bullet"><link ns0:type="simple" ns0:href="../108/11293108.xml">midtown omaha</link></entry><entry level="1" type="bullet"><link ns0:type="simple" ns0:href="../566/12225566.xml">economi omaha nebraska</link></entry></list></p></sec><sec><st>refer</st><p><reflist><entry id="1"><weblink ns0:type="simple" ns0:href="http://www.mutualofomaha.com/about/history.html">mutual omaha compani histori</weblink></entry><entry id="2"><weblink ns0:type="simple" ns0:href="http://www.mutualofomaha.com/about/organization/index.html">our organ mutual omaha</weblink></entry><entry id="3"><weblink ns0:type="simple" ns0:href="http://www.mutualofomaha.com/about/organization/affiliates/index.html">affili compani mutual omaha</weblink></entry><entry id="4"><weblink ns0:type="simple" ns0:href="http://www.mutualofomaha.com/about/press/management/20070124.html">schmid name presid ceo new mutual omaha subsidiari</weblink></entry><entry id="5">httpwwwkptmcomnewslocalhtml</entry><entry id="6"><weblink ns0:type="simple" ns0:href="http://www.chick-fil-a.com/localsite.aspx?storeid=80395">store site</weblink></entry><entry id="7"><weblink ns0:type="simple" ns0:href="http://www.midtowncrossing.com/">midtown cross turner park</weblink></entry><entry id="8"><weblink ns0:type="simple" ns0:href="http://www.mutualofomaha.com/documents/about/annual_report.pdf">mutual omaha annual report move toward new tomorrow</weblink></entry></reflist></p></sec><sec><st>extern link</st><p><list><entry level="1" type="bullet"><weblink ns0:type="simple" ns0:href="http://www.mutualofomaha.com">offici compani site</weblink></entry><entry level="1" type="bullet"><weblink ns0:type="simple" ns0:href="http://www.wildkingdom.com">offici mutual omaha wild kingdom site</weblink></entry><entry level="1" type="bullet"><weblink ns0:type="simple" ns0:href="http://www.mutualmedicare.com/news/20050425_03.html">mutual omaha press releas</weblink></entry><entry level="1" type="bullet"><weblink ns0:type="simple" ns0:href="http://www.continuumww.com/">continuum worldwid</weblink></entry><entry level="1" type="bullet"><weblink ns0:type="simple" ns0:href="http://www.e-medigap.com/">mutual omaha medicar supplement</weblink></entry></list></p></sec></bdy></company></insurance_company></article>