<article xmlns:ns0="http://www.w3.org/1999/xlink"><solid confidence="0.8" wordnetid="113860793"><pyramid confidence="0.8" wordnetid="113914837"><shape confidence="0.8" wordnetid="100027807"><polyhedron confidence="0.8" wordnetid="113883885"><header><title>healthi eat pyramid</title><id /><revision><id /><timestamp /><contributor><username>portillo</username><id /></contributor></revision><categories><category>nutrit advic pyramid</category></categories></header><bdy>the healthi eat pyramid<link ns0:type="simple" ns0:href="../525/21525.xml">nutrit</link>guid develop the<university wordnetid="108286163" confidence="0.9508927676800064"><link ns0:type="simple" ns0:href="../949/1562949.xml">harvard school public health</link></university>suggest how much each food categori one should eat each day the healthi eat pyramid intend provid better eat guid than the widespread<link ns0:type="simple" ns0:href="../092/208092.xml">food guid pyramid</link>creat the<agency wordnetid="108337324" confidence="0.9508927676800064"><link ns0:type="simple" ns0:href="../896/70896.xml">usda</link></agency><p>the new pyramid aim includ the most current research dietari health not present the usda<link ns0:type="simple" ns0:href="../669/34669.xml" />guid the origin usda pyramid been critic for not differenti between<link ns0:type="simple" ns0:href="../791/9120791.xml">refin grain</link>and<link ns0:type="simple" ns0:href="../597/2052597.xml">whole grain</link>between<link ns0:type="simple" ns0:href="../746/264746.xml">satur fat</link>and<link ns0:type="simple" ns0:href="../748/264748.xml">unsatur fat</link>and for not put enough emphasi<link ns0:type="simple" ns0:href="../037/189037.xml">exercis</link>and<link ns0:type="simple" ns0:href="../199/400199.xml">weight control</link>also had been develop the depart agricultur not the depart health and human servic been alleg influenc lobbyist work for the agricultur meat and dairi industri thi accus somewhat substanti the often<solid wordnetid="113860793" confidence="0.8"><pyramid wordnetid="113914837" confidence="0.8"><shape wordnetid="100027807" confidence="0.8"><polyhedron wordnetid="113883885" confidence="0.8"><link ns0:type="simple" ns0:href="../377/4602377.xml">larger portion</link></polyhedron></shape></pyramid></solid>usda recommend rel<organization wordnetid="108008335" confidence="0.9508927676800064"><link ns0:type="simple" ns0:href="../583/33583.xml">world health organ</link></organization>and<link ns0:type="simple" ns0:href="../572/16462572.xml" />recommend</p><sec><st>food group</st><p>gener term the healthi eat pyramid recommend the follow intak differ food group each day although exact amount calori intak depend sex age and lifestyl</p><p><list><entry level="1" type="bullet">daili exercis and weight control</entry></list></p><p><list><entry level="1" type="bullet">most meal<link ns0:type="simple" ns0:href="../597/2052597.xml">whole grain</link>food includ<link ns0:type="simple" ns0:href="../310/193310.xml">oatmeal</link><link ns0:type="simple" ns0:href="../597/2052597.xml">wholewheat bread</link>and<link ns0:type="simple" ns0:href="../696/438696.xml">brown rice</link>piec</entry></list></p><p><list><entry level="1" type="bullet"><link ns0:type="simple" ns0:href="../331/192331.xml">plant oil</link>includ<link ns0:type="simple" ns0:href="../478/22478.xml">oliv oil</link><link ns0:type="simple" ns0:href="../190/86190.xml">canola oil</link><link>soybean oil</link><link ns0:type="simple" ns0:href="../452/2249452.xml">corn oil</link>and<link ns0:type="simple" ns0:href="../902/2921902.xml">sunflow seed oil</link>per day</entry></list></p><p><list><entry level="1" type="bullet"><link ns0:type="simple" ns0:href="../492/5791492.xml">veget</link>abund more each day each serv</entry></list></p><p><list><entry level="1" type="bullet">serv<link ns0:type="simple" ns0:href="../843/10843.xml">fruit</link>serv piec fruit</entry></list></p><p><list><entry level="1" type="bullet">serv<link ns0:type="simple" ns0:href="../647/251647.xml">nut</link><link ns0:type="simple" ns0:href="../286/305286.xml">legum</link>serv</entry></list></p><p><list><entry level="1" type="bullet">serv<link ns0:type="simple" ns0:href="../228/56228.xml">dairi</link><link ns0:type="simple" ns0:href="../668/5668.xml">calcium</link>supplement serv non fat whole</entry></list></p><p><list><entry level="1" type="bullet">serv<link ns0:type="simple" ns0:href="../197/23197.xml">poultri</link><link ns0:type="simple" ns0:href="../587/4699587.xml">fish</link><link ns0:type="simple" ns0:href="../010/19196010.xml">egg</link>serv egg</entry></list></p><p><list><entry level="1" type="bullet">spare use<link ns0:type="simple" ns0:href="../792/601792.xml">white rice</link><link ns0:type="simple" ns0:href="../199/811199.xml">white bread</link><link ns0:type="simple" ns0:href="../501/23501.xml">potato</link><link ns0:type="simple" ns0:href="../871/23871.xml">pasta</link>and<link ns0:type="simple" ns0:href="../760/44760.xml">sweet</link></entry></list></p><p><list><entry level="1" type="bullet">spare use<link ns0:type="simple" ns0:href="../200/1764200.xml">red meat</link>and<link ns0:type="simple" ns0:href="../183/46183.xml">butter</link></entry></list></p></sec><sec><st>see also</st><p><list><entry level="1" type="bullet"><link ns0:type="simple" ns0:href="../444/104444.xml">dietari supplement</link></entry><entry level="2" type="bullet"><link ns0:type="simple" ns0:href="../207/1207.xml">amino acid</link></entry><entry level="2" type="bullet"><link ns0:type="simple" ns0:href="../195/235195.xml">miner</link></entry><entry level="2" type="bullet"><link ns0:type="simple" ns0:href="../457/685457.xml">nootrop</link></entry><entry level="2" type="bullet"><link ns0:type="simple" ns0:href="../381/1221381.xml">nutraceut</link></entry><entry level="2" type="bullet"><link ns0:type="simple" ns0:href="../512/32512.xml">vitamin</link></entry><entry level="1" type="bullet"><link ns0:type="simple" ns0:href="../460/8460.xml">diet</link></entry><entry level="1" type="bullet"><link ns0:type="simple" ns0:href="../252/84252.xml">diet list</link></entry><entry level="1" type="bullet"><link ns0:type="simple" ns0:href="../818/212818.xml">eat</link></entry><entry level="1" type="bullet"><link ns0:type="simple" ns0:href="../854/529854.xml">essenti nutrient</link></entry><entry level="1" type="bullet"><link ns0:type="simple" ns0:href="../037/189037.xml">exercis</link></entry><entry level="1" type="bullet"><link ns0:type="simple" ns0:href="../646/10646.xml">food</link></entry><entry level="2" type="bullet">food portal</entry><entry level="2" type="bullet"><link ns0:type="simple" ns0:href="../424/1014424.xml">function food</link></entry><entry level="1" type="bullet"><link ns0:type="simple" ns0:href="../381/80381.xml">health</link></entry><entry level="2" type="bullet">health portal</entry><entry level="2" type="bullet"><link ns0:type="simple" ns0:href="../671/1581671.xml">healthi eat</link></entry><entry level="3" type="bullet"><solid wordnetid="113860793" confidence="0.8"><pyramid wordnetid="113914837" confidence="0.8"><shape wordnetid="100027807" confidence="0.8"><polyhedron wordnetid="113883885" confidence="0.8"><link ns0:type="simple" ns0:href="../092/208092.xml">food guid pyramid</link></polyhedron></shape></pyramid></solid></entry><entry level="3" type="bullet"><solid wordnetid="113860793" confidence="0.8"><pyramid wordnetid="113914837" confidence="0.8"><shape wordnetid="100027807" confidence="0.8"><polyhedron wordnetid="113883885" confidence="0.8"><link ns0:type="simple" ns0:href="../377/4602377.xml">day</link></polyhedron></shape></pyramid></solid></entry><entry level="3" type="bullet">healthi eat pyramid</entry><entry level="1" type="bullet"><link ns0:type="simple" ns0:href="../290/183290.xml">life extens</link></entry><entry level="1" type="bullet"><link ns0:type="simple" ns0:href="../525/21525.xml">nutrit</link></entry><entry level="1" type="bullet"><message wordnetid="106598915" confidence="0.8"><information wordnetid="106634376" confidence="0.8"><electronic_database wordnetid="106588511" confidence="0.8"><complex wordnetid="105870365" confidence="0.8"><lexical_database wordnetid="106638868" confidence="0.8"><syndrome wordnetid="105870790" confidence="0.8"><wordnet wordnetid="106639428" confidence="0.8"><database wordnetid="106637824" confidence="0.8"><link ns0:type="simple" ns0:href="../214/228214.xml">orthorexia nervosa</link></database></wordnet></syndrome></lexical_database></complex></electronic_database></information></message>obsess with healthi eat</entry><entry level="1" type="bullet"><link ns0:type="simple" ns0:href="../986/432986.xml">physic fit</link></entry><entry level="1" type="bullet"><link ns0:type="simple" ns0:href="../199/400199.xml">weight loss</link></entry></list></p></sec><sec><st>refer</st><p><list><entry level="1" type="bullet"><cite style="font-style:normal" class="book">willett walter eat drink and healthi the harvard medic school guid healthi eat free press isbn</cite></entry></list></p></sec><sec><st>extern link</st><p><list><entry level="1" type="bullet"><weblink ns0:type="simple" ns0:href="http://www.hsph.harvard.edu/nutritionsource/pyramids.html">food pyramid</weblink>harvard school public health nutrit sourc show the differ the healthi eat pyramid from the usda pyramid</entry><entry level="1" type="bullet"><weblink ns0:type="simple" ns0:href="http://www.npr.org/display_pages/features/feature_851835.html">the food pyramid obsolet</weblink>nprorg nov</entry><entry level="1" type="bullet"><weblink ns0:type="simple" ns0:href="http://www.harvard-magazine.com/on-line/050465.html">the way eat now</weblink>harvardmagazinecom mayjun</entry></list></p></sec></bdy></polyhedron></shape></pyramid></solid></article>