<article xmlns:ns0="http://www.w3.org/1999/xlink"><header><title>geomodellerd</title><id /><revision><id /><timestamp /><contributor><username>holgerk</username><id /></contributor></revision><categories><category>geolog softwar</category><category>methodolog</category></categories></header><bdy>geomodellerd old name dweg methodolgi and associ softwar tool for<link ns0:type="simple" ns0:href="../876/869876.xml">geolog model</link>develop brgm over the last year the softwar written use<software wordnetid="106566077" confidence="0.9508927676800064"><link ns0:type="simple" ns0:href="../667/3041667.xml">open cascad</link></software><programming_language wordnetid="106898352" confidence="0.9508927676800064"><link ns0:type="simple" ns0:href="../038/72038.xml" /></programming_language>for the engin geometri topolog viewer data manag<link ns0:type="simple" ns0:href="../446/4718446.xml">java</link>for the<link ns0:type="simple" ns0:href="../293/12293.xml">gui</link>and data are store extens markup languag<format wordnetid="106636806" confidence="0.9508927676800064"><link ns0:type="simple" ns0:href="../138/34138.xml">xml</link></format>geomodel start revolutionis the work practic data standard and product<link ns0:type="simple" ns0:href="../814/1750814.xml">geolog survey</link>whole the softwar take into account all<link ns0:type="simple" ns0:href="../637/27637.xml">structur geolog</link>data such dip dip direct strike hingelin and axialtrac build the geometri geolog unit<sec><st>brief outlin the methodolog</st><p>geomodellerd util digit terrain model surfac geolog linework crosssect geophys interpret and downhol<link ns0:type="simple" ns0:href="../902/235902.xml">borehol</link>data enabl the geologist construct cross section model<link ns0:type="simple" ns0:href="../531/51531.xml">geostatist</link>interpol cokrig use all the data locat interfac dip direct produc<link ns0:type="simple" ns0:href="../896/250896.xml">implicit function</link>repres solid model the model build may take account necessari network<link ns0:type="simple" ns0:href="../787/182787.xml">geolog fault</link>the model could repres<link ns0:type="simple" ns0:href="../174/207174.xml">triangul</link>object each correspond one the geolog unit present geologist can draw the model their section obtain fenc diagram the geologist can use their knowledg add inform the space until obtain right model</p></sec><sec><st>invers the model</st><p>geolog and mine oil explor applic<link ns0:type="simple" ns0:href="../830/89830.xml">seismic</link>profil well<link ns0:type="simple" ns0:href="../579/38579.xml">graviti</link>and<link ns0:type="simple" ns0:href="../716/19716.xml">magnet</link>data are often avail interpret seismic crosssect directli provid data that can process directli geometr constraint for model the other hand graviti and magnet data provid indirect constraint present geolog model consid the initi state constrain<link ns0:type="simple" ns0:href="../956/203956.xml">invers</link>model thi data that invers base iter method which appli discret version the domain under studi thi invers formul allow separ invers either graviti magnet data simultan invers both dataset and<link ns0:type="simple" ns0:href="../965/29965.xml">tensor</link>compon<link ns0:type="simple" ns0:href="../579/38579.xml">graviti</link>and<link ns0:type="simple" ns0:href="../563/36563.xml">magnet field</link>the final result probabilist geolog model</p></sec><sec><st>refer</st><p><list><entry level="1" type="bullet">lajauni courrioux manuel foliat field and cartographi geolog principl method base potenti interpol mathemat geolog</entry><entry level="1" type="bullet">halbwach courrioux renaud repusseau topolog and geometr character fault network use dimension gener map mathemat geolog best paper award mathemat geolog the intern associ for mathemat geolog</entry><entry level="1" type="bullet">bosch guillen ledru litholog tomographi applic geophys data from the cadomian belt northern brittani franc tectonophys</entry><entry level="1" type="bullet"><weblink ns0:type="simple" ns0:href="http://www.geomodeller.com/geo/index.php?lang=EN menu=GMLibrary-articles">other articl phd thesi</weblink></entry><entry level="1" type="bullet">mcinerney guillen courrioux calcagno and lee build geolog model directli from the data new approach appli broken hill australia</entry></list></p></sec><sec><st>extern link</st><p><list><entry level="1" type="bullet"><weblink ns0:type="simple" ns0:href="http://www.geomodeller.com">geomodel websit</weblink></entry><entry level="1" type="bullet"><weblink ns0:type="simple" ns0:href="http://3dweg.brgm.fr">old web site with model franc</weblink></entry></list></p></sec></bdy></article>