<article xmlns:ns0="http://www.w3.org/1999/xlink"><event confidence="0.8" wordnetid="100029378"><rule confidence="0.8" wordnetid="105846932"><act confidence="0.8" wordnetid="100030358"><psychological_feature confidence="0.8" wordnetid="100023100"><procedure confidence="0.8" wordnetid="101023820"><activity confidence="0.8" wordnetid="100407535"><algorithm confidence="0.8" wordnetid="105847438"><header><title>maximum subarray problem</title><id /><revision><id /><timestamp /><contributor><username>derek farn</username><id /></contributor></revision><categories><category>articl with exampl python code</category><category>optim algorithm</category><category>dynam program</category></categories></header><bdy><link ns0:type="simple" ns0:href="../323/5323.xml">comput scienc</link>the maximum subarray problem the task find the contigu subarray within onedimension<link ns0:type="simple" ns0:href="../052/2052.xml">array</link>number which the largest sum for exampl for the sequenc valu minu minu minu minu the contigu subarray with the largest sum minu with sum<p>the problem first pose<link>ulf grenand</link><university wordnetid="108286163" confidence="0.9508927676800064"><link ns0:type="simple" ns0:href="../157/4157.xml">brown univers</link></university>simplifi model for<link ns0:type="simple" ns0:href="../806/140806.xml">maximum likelihood</link>estim pattern digit imag<link ns0:type="simple" ns0:href="../258/754258.xml">linear time</link><link ns0:type="simple" ns0:href="../775/775.xml">algorithm</link>found soon afterward<link>jay kadan</link><link ns0:type="simple" ns0:href="../093/48093.xml">carnegiemellon univers</link><link ns0:type="simple" ns0:href="#xpointer(//cite[@id=%22CITEREFBentley1984%22])">bentley</link></p><sec><st>kadan algorithm</st><p>kadan algorithm consist scan through the array valu comput each posit the maximum subarray end that posit thi subarray either empti which case<link ns0:type="simple" ns0:href="../748/209748.xml">sum zero</link>consist one more element than the maximum subarray end the previou posit thu the problem can solv with the follow code express here<programming_language wordnetid="106898352" confidence="0.9508927676800064"><link ns0:type="simple" ns0:href="../862/23862.xml">python</link></programming_language></p><p>def for max return</p><p>becaus the way thi algorithm use optim substructur the maximum subarray end each posit calcul simpl way from relat but smaller and overlap subproblem the maximum subarray end the previou posit thi algorithm can view simpl exampl<link ns0:type="simple" ns0:href="../297/125297.xml">dynam program</link></p></sec><sec><st>gener</st><p>similar problem may pose for higher dimension array but their solut more complic see<link ns0:type="simple" ns0:href="#xpointer(//cite[@id=%22CITEREFTakaoka2002%22])">takaoka</link><link ns0:type="simple" ns0:href="#xpointer(//cite[@id=%22CITEREFBrodalJ=C3=B8rgensen2007%22])">brodal jrgensen</link>show how find the largest subarray sum onedimension array the optim time bound</p></sec><sec><st>refer</st><p><list><entry level="1" type="bullet"><cite id="CITEREFBentley1984" style="font-style:normal"><link>bentley jon</link>program pearl algorithm design techniqu<work wordnetid="104599396" confidence="0.8"><product wordnetid="104007894" confidence="0.8"><creation wordnetid="103129123" confidence="0.8"><artifact wordnetid="100021939" confidence="0.8"><periodical wordnetid="106593296" confidence="0.8"><publication wordnetid="106589574" confidence="0.8"><link ns0:type="simple" ns0:href="../161/291161.xml">commun the acm</link></publication></periodical></artifact></creation></product></work><document wordnetid="106470073" confidence="0.8"><written_communication wordnetid="106349220" confidence="0.8"><writing wordnetid="106362953" confidence="0.8"><link ns0:type="simple" ns0:href="../994/422994.xml">doi</link></writing></written_communication></document><weblink ns0:type="simple" ns0:href="http://dx.doi.org/10.1145%2F358234.381162" /></cite></entry></list></p><p><list><entry level="1" type="bullet"><cite id="CITEREFBrodalJ.C3.B8rgensen2007" style="font-style:normal">brodal gerth stlting jrgensen allan grnlund linear time algorithm for the maxim sum problem mathemat foundat comput scienc lectur note comput scienc springerverlag<document wordnetid="106470073" confidence="0.8"><written_communication wordnetid="106349220" confidence="0.8"><writing wordnetid="106362953" confidence="0.8"><link ns0:type="simple" ns0:href="../994/422994.xml">doi</link></writing></written_communication></document><weblink ns0:type="simple" ns0:href="http://dx.doi.org/10.1007%2F978-3-540-74456-6_40" /></cite></entry></list></p><p><list><entry level="1" type="bullet"><cite id="CITEREFTakaoka2002" style="font-style:normal">takaoka<weblink ns0:type="simple" ns0:href="http://www.cosc.canterbury.ac.nz/tad.takaoka/subarray.ps">effici algorithm for the maximum subarray problem distanc matrix multipl</weblink>electron note theoret computut scienc</cite></entry></list></p></sec><sec><st>extern link</st><p><list><entry level="1" type="bullet"><weblink ns0:type="simple" ns0:href="http://computationalthinking.googlepages.com/kadanealgorithm">kadan algorithm</weblink></entry><entry level="1" type="bullet"><weblink ns0:type="simple" ns0:href="http://www.algorithmist.com/index.php/Kadane's_Algorithm">wwwalgorithmistcom</weblink></entry><entry level="1" type="bullet"><weblink ns0:type="simple" ns0:href="http://alexeigor.wikidot.com/kadane">alexeigorwikidotcom</weblink></entry></list></p></sec></bdy></algorithm></activity></procedure></psychological_feature></act></rule></event></article>