<article xmlns:ns0="http://www.w3.org/1999/xlink"><header><title>ident score</title><id /><revision><id /><timestamp /><contributor><username>the anomebot</username><id /></contributor></revision><categories><category>internet privaci</category><category>ident manag</category><category>credit</category></categories></header><bdy><p>ident score system for tag and verifi the legitimaci individu public<link ns0:type="simple" ns0:href="../843/375843.xml">ident</link>ident score are increasingli adopt mean prevent<link ns0:type="simple" ns0:href="../790/58790.xml">fraud</link>busi and tool verifi and correct<link ns0:type="simple" ns0:href="../819/2539819.xml">public record</link></p><p>ident score incorpor broad set<link ns0:type="simple" ns0:href="../818/7818.xml">consum</link>data that gaug person legitimaci ident score compon can includ but are not limit<link ns0:type="simple" ns0:href="../556/9518556.xml">person identifi</link><link ns0:type="simple" ns0:href="../819/2539819.xml">public record</link><link ns0:type="simple" ns0:href="../539/14539.xml">internet</link><link ns0:type="simple" ns0:href="../040/18985040.xml">data</link><link ns0:type="simple" ns0:href="../229/12229.xml">govern</link>record<link ns0:type="simple" ns0:href="../485/7485.xml">corpor</link>data predict behavior pattern base empir data selfassess behavior pattern and<link ns0:type="simple" ns0:href="../274/1476274.xml">credit record</link></p><sec><st>busi and consum ident score</st><p>ident score origin develop for use financi servic firm measur the fraud risk for new custom open account typic extern credit and fraud check often fail detect erron background inform</p><p>ident score also test mean for financi institut compli with crimin investig and antiterror measur such the<transgression wordnetid="100745005" confidence="0.8"><event wordnetid="100029378" confidence="0.8"><crime wordnetid="100766234" confidence="0.8"><wrongdoing wordnetid="100732746" confidence="0.8"><act wordnetid="100030358" confidence="0.8"><psychological_feature wordnetid="100023100" confidence="0.8"><activity wordnetid="100407535" confidence="0.8"><link ns0:type="simple" ns0:href="../227/257227.xml">bank secreci act bsa</link></activity></psychological_feature></act></wrongdoing></crime></event></transgression>and the<law wordnetid="108441203" confidence="0.8"><collection wordnetid="107951464" confidence="0.8"><group wordnetid="100031264" confidence="0.8"><link ns0:type="simple" ns0:href="../191/32191.xml">usa patriot act</link></group></collection></law>usag fraud<link ns0:type="simple" ns0:href="../459/186459.xml">verif</link>tool and thirdparti<link ns0:type="simple" ns0:href="../967/47967.xml">authent</link>system verifi ident and red flag suspici activ greatli enhanc ident score</p><p>thi write there are ident score product avail directli the consum mostli due the new the concept</p></sec><sec><st>public record privat record and credit record ident score</st><p>ident score are built from collect inform from varieti sourc and analyz discern pattern from the total inform these record can gener broken down into three categori<link ns0:type="simple" ns0:href="../819/2539819.xml">public record</link>privat record and<link ns0:type="simple" ns0:href="../274/1476274.xml">credit record</link></p><p>public record can includ but are not limit ani the follow sourc<list><entry level="1" type="bullet">feder state and local govern record</entry><entry level="1" type="bullet">financi record like<link ns0:type="simple" ns0:href="../695/4695.xml">bankruptci</link><link ns0:type="simple" ns0:href="../409/247409.xml">lien</link>and judgment</entry><entry level="1" type="bullet">properti ownership record</entry><entry level="1" type="bullet"><weblink ns0:type="simple" ns0:href="http://www.e-merges.com">regist voter record</weblink></entry><entry level="1" type="bullet">law enforc record for<link ns0:type="simple" ns0:href="../293/11293.xml">feloni</link>and<link ns0:type="simple" ns0:href="../583/20583.xml">misdemeanor</link>convict</entry><entry level="1" type="bullet">privat noncredit record can includ but are not limit ani the follow sourc</entry><entry level="1" type="bullet"><document wordnetid="106470073" confidence="0.8"><written_communication wordnetid="106349220" confidence="0.8"><writing wordnetid="106362953" confidence="0.8"><link ns0:type="simple" ns0:href="../235/827235.xml">bill</link></writing></written_communication></document>and<link ns0:type="simple" ns0:href="../479/45479.xml">util</link>payment</entry><entry level="1" type="bullet">collect person inform from<link ns0:type="simple" ns0:href="../252/59252.xml">market</link>affili</entry><entry level="1" type="bullet">inform provid subscriptionbas internet servic</entry><entry level="1" type="bullet">bill inform from medic servic</entry><entry level="1" type="bullet">privat<link ns0:type="simple" ns0:href="../871/880871.xml">background check</link>conduct<link ns0:type="simple" ns0:href="../629/545629.xml">human resourc</link>depart</entry><entry level="1" type="bullet">privat credit record can includ but are not limit ani the follow sourc</entry><entry level="1" type="bullet">inform submit ani all<link ns0:type="simple" ns0:href="../612/2609612.xml">credit bureau</link>credit report agenc<company wordnetid="108058098" confidence="0.9508927676800064"><link ns0:type="simple" ns0:href="../263/961263.xml">equifax</link></company><company wordnetid="108058098" confidence="0.9508927676800064"><link ns0:type="simple" ns0:href="../978/545978.xml">experian</link></company><link ns0:type="simple" ns0:href="../237/961237.xml">tran union</link>innovi etc</entry><entry level="1" type="bullet"><link ns0:type="simple" ns0:href="../696/567696.xml">auto insur</link>underwrit score gener from credit record</entry></list></p></sec><sec><st>ident score compon</st><p>each ident score system use individu data compon gener their score mean that result can vari wildli even for the same individu</p><p>typic ident score compon can includ but are not limit</p><p>name compon person identifi inform such name address etc</p><p>behavior use pattern compon analyz pattern behavior from inform</p><p>internet compon person identifi inform found the internet such<link ns0:type="simple" ns0:href="../898/33898.xml">web site</link><link ns0:type="simple" ns0:href="../645/33645.xml">blog</link><link ns0:type="simple" ns0:href="../892/38892.xml">chat room</link>etc</p><p>hacker and fraud compon person identifi inform that been stolen data breach and may use recogniz pattern fraud such unexplain<link ns0:type="simple" ns0:href="../301/17182301.xml">credit card</link>purchas</p><p>synthet ident compon person identifi inform that use creat new fals<link ns0:type="simple" ns0:href="../403/446403.xml">synthet</link>ident</p><p>predict analyt ident score</p><p>ident score are sometim calcul use<link ns0:type="simple" ns0:href="../563/4141563.xml">predict analyt</link>the scienc take behavior data and compar against histor pattern identifi potenti riski fraudul activ</p><p>compil publicli avail inform and use predict analyt gaug the pattern how the inform use ident score system can measur the<link ns0:type="simple" ns0:href="../418/1201418.xml">authent</link>particular ident</p></sec><sec><st>usag ident score</st><p>ident score can use varieti way from ident verif and measur fraud risk the<link ns0:type="simple" ns0:href="../223/4918223.xml">enterpris</link>level prevent fraudul use ident and synthet<link ns0:type="simple" ns0:href="../609/180609.xml">ident theft</link>the consum level ident score can theoret provid much more definit proof ident legitimaci becaus the amount identifi data util virtual all public inform about individu can use data their ident score</p><ss1><st>ident score credit score</st><p><link ns0:type="simple" ns0:href="../655/3842655.xml">credit score</link>are compil from inform sourc relat credit such number credit account held balanc each account date collect activ and credit score not measur ani financi person activ that not relat credit and ident fraud that doe not involv credit will not appear your<link ns0:type="simple" ns0:href="../274/1476274.xml">credit report</link>affect your credit score credit score and the credit score system are also veri predictablether are specif step you follow improv your credit score disput error credit report etc</p><p>ident score are compil from much larger sourc inform includ crimin record properti record and ident score enabl grade pattern behavior via predict analyt from which ident monitor servic can track individu crimin group activ across sever enterpris instead confin monitor just one area</p><p>ident score are also much more mutabl and fuzzi than credit score becaus the sourc informationpubl record and person identifi informationi constantli chang everi time individu chang job buy sell properti encount with law enforc their public record are alter coordin the inform across mani differ sourc make veri difficult fix error one inform onc they occur</p><p>where credit score have gener accept model threedigitnumb use for the<link ns0:type="simple" ns0:href="../448/462448.xml">fico score</link>the new<work wordnetid="100575741" confidence="0.8"><event wordnetid="100029378" confidence="0.8"><service wordnetid="100577525" confidence="0.8"><act wordnetid="100030358" confidence="0.8"><psychological_feature wordnetid="100023100" confidence="0.8"><activity wordnetid="100407535" confidence="0.8"><link ns0:type="simple" ns0:href="../938/4477938.xml">vantagescor</link></activity></psychological_feature></act></service></event></work>and credit bureau proprietari score ident score model vari wildli from product product</p></ss1><ss1><st>ident score and ident theft</st><p>ident score work match the inform the user provid against billion record public<link ns0:type="simple" ns0:href="../377/8377.xml">databas</link>rang from properti and tax record internet<link ns0:type="simple" ns0:href="../023/4059023.xml">search engin</link>and calcul against pattern design recogn fraud ident theft</p><p>exampl wendi name and<amount wordnetid="105107765" confidence="0.8"><symbol wordnetid="106806469" confidence="0.8"><magnitude wordnetid="105090441" confidence="0.8"><signal wordnetid="106791372" confidence="0.8"><property wordnetid="104916342" confidence="0.8"><number wordnetid="105121418" confidence="0.8"><identifier wordnetid="107270601" confidence="0.8"><link ns0:type="simple" ns0:href="../702/48702.xml">social secur number</link></identifier></number></property></signal></magnitude></symbol></amount>were stolen ident thiev who hack stolen<link ns0:type="simple" ns0:href="../584/198584.xml">laptop</link>they take her social secur number and combin with anoth stolen name and use open seri new account includ credit card and retail<link ns0:type="simple" ns0:href="../068/743068.xml">gift card</link>ident protect system that use ident score would alert wendi that her social secur number had been compromis</p><p>becaus ident score includ much more accur inform and can predict behavior pattern more definit than credit score the<company wordnetid="108058098" confidence="0.9508927676800064"><link ns0:type="simple" ns0:href="../363/250363.xml">gartner</link></company>research firm predict that ident score will surpass credit monitor the lead ident theft prevent measur howev gartner research analyst avivah litan warn that ident score not foolproof system still reli the underli accuraci the inform use</p></ss1><ss1><st>ident score and breeder document</st><p>relianc breeder document document design verifi other document verifi ident flaw there standard mean verifi that inform contain breeder document legitim ident score can use tool authent ident independ level case employ hire and inform verif</p><p>current there standard mean verifi that inform provid<link ns0:type="simple" ns0:href="../739/1747739.xml" />work document legitim for exampl the desir for industri quickli hire cheap labor trump ani incent busi check the credenti their new hire lead gray market for stolen ident and contribut continu surg<link ns0:type="simple" ns0:href="../412/7124412.xml">illeg immigr</link>tool that employ ident score verifi that person name and social secur number match that their data correct could cut down the sale and misus person inform while enabl better enforc immigr law</p></ss1><ss1><st>ident score busi</st><p>the follow compani make use ident score product system their busi</p><p><list><entry level="1" type="bullet">experian experian fraud shield product crossrefer from their millionentri consum credit databas and provid risk manag and ident verif servic from subscrib busi well addit score product that combin inform from both credit and fraudrel sourc</entry><entry level="1" type="bullet">emergescom<weblink ns0:type="simple" ns0:href="http://www.e-merges.com">emergescom</weblink>emerg fraud prevent product elector authent self report data with implicit author access and valid through public record</entry><entry level="1" type="bullet">fair isaac<company wordnetid="108058098" confidence="0.9508927676800064"><link ns0:type="simple" ns0:href="../546/462546.xml">fair isaac</link></company>introduc the falcon score solut august falcon use predict analyt fraud verif process and enabl crossbusi inform share benefit fair isaac tout veri good news for busi mani industri that are work protect their custom from ident fraud and veri bad news for their common enemi the perpetr fraud</entry></list></p><p><list><entry level="1" type="bullet">analyt analyt the leader ondemand ident intellig provid unpreced realtim visibl into the risk individu protect both organ and consum analyt pioneer ident score technolog analyt combin three uniqu capabl assess risk and improv the custom experi across all consum touch point the networkth nation onli realtim crossindustri compil ident inform person topolog individu particular ident characterist and their connected each other and analyt proprietari advanc analyticssm lead commun and financi servic compani well major retail govern agenc and healthcar insur all trust analyt provid solut that drive new revenu opportun reduc financi loss and facilit complianc with feder regul analyt base san diego</entry></list></p><p><list><entry level="1" type="bullet">mypublicinfo ident protect compani base arlington mypublicinfo use ident score base for sever product the compani announc plan for other consum ident score product but not provid detail</entry></list></p></ss1></sec><sec><st>refer</st><p>fischetti mark score your ident new tactic root out the fals use person data scientif american march colid articleidccbefdfaa</p><p>hargreav steve mistaken ident can lead embarrass job loss worsehow avoid cnnmoneycom</p><p>kraft harold ident score the better defens against data breach ecommerc time</p><p>litan avivah limit fraud use score not credit monitor gartner research juli</p><p>pero jennif who are you govern secur</p><p>sullivan bob her atm card but her impostor pictur from the red tape chronicl</p><p>experian fraud shield</p><p>thwart fraud befor happen</p><p>fair isaac falcon deliv new level ident theft protect across industri minneapoli busi wire august pirolnewsarticl tregular</p></sec></bdy></article>