<article xmlns:ns0="http://www.w3.org/1999/xlink"><software confidence="0.9508927676800064" wordnetid="106566077"><header><title>avg softwar</title><id /><revision><id /><timestamp /><contributor><username>netohol</username><id /></contributor></revision><categories><category>window softwar</category><category>linux secur softwar</category><category>freewar</category><category>antiviru softwar</category></categories></header><bdy><template><name>infobox softwar</name><parameters><genre><link ns0:type="simple" ns0:href="../622/268622.xml">antiviru</link><link ns0:type="simple" ns0:href="../901/20901.xml">malwar remov</link><link>internet secur</link></genre><logo><image width="64px" src="Avglogo.PNG"><caption>avg logo</caption></image></logo><screenshot><image width="250px" src="AVG_Internet_Security.png" /></screenshot><website><weblink ns0:type="simple" ns0:href="http://www.avg.com/">wwwavgcom</weblink></website><latest_release_version /><developer><company wordnetid="108058098" confidence="0.9508927676800064"><link ns0:type="simple" ns0:href="../223/15880223.xml">avg technolog</link></company>sro</developer><name>avg internet secur</name><latest_release_date>day ago</latest_release_date><caption>avg internet secur version under<version wordnetid="107173585" confidence="0.9508927676800064"><link ns0:type="simple" ns0:href="../648/2289648.xml">window vista</link></version></caption><license><link ns0:type="simple" ns0:href="../886/18934886.xml">proprietari</link><link ns0:type="simple" ns0:href="../592/11592.xml">freewar</link>and<link ns0:type="simple" ns0:href="../208/39208.xml">commerci</link></license><operating_system><link ns0:type="simple" ns0:href="../890/18890.xml">microsoft window</link><O wordnetid="106832680" confidence="0.9508927676800064"><link ns0:type="simple" ns0:href="../297/6097297.xml">linux</link></O><platform wordnetid="103961939" confidence="0.8"><artifact wordnetid="100021939" confidence="0.8"><surface wordnetid="104362025" confidence="0.8"><horizontal_surface wordnetid="103536348" confidence="0.8"><link ns0:type="simple" ns0:href="../554/7580554.xml">freebsd</link></horizontal_surface></surface></artifact></platform></operating_system></parameters></template>for the intrus adwar program see<link ns0:type="simple" ns0:href="../875/3340875.xml">antiviru gold</link><p>avg<link ns0:type="simple" ns0:href="../388/1313388.xml">umbrella term</link>for rang<link ns0:type="simple" ns0:href="../622/268622.xml">antiviru</link>and<link ns0:type="simple" ns0:href="../095/863095.xml">internet secur</link>softwar for the<link ns0:type="simple" ns0:href="../890/18890.xml">microsoft window</link><O wordnetid="106832680" confidence="0.9508927676800064"><link ns0:type="simple" ns0:href="../297/6097297.xml">linux</link></O>and<platform wordnetid="103961939" confidence="0.8"><artifact wordnetid="100021939" confidence="0.8"><surface wordnetid="104362025" confidence="0.8"><horizontal_surface wordnetid="103536348" confidence="0.8"><link ns0:type="simple" ns0:href="../554/7580554.xml">freebsd</link></horizontal_surface></surface></artifact></platform>comput<link ns0:type="simple" ns0:href="../196/81196.xml">platform</link>develop<company wordnetid="108058098" confidence="0.9508927676800064"><link ns0:type="simple" ns0:href="../223/15880223.xml">avg technolog</link></company></p><sec><st>avg antiviru internet secur protect</st><ss1><st>histori</st><p>the brand name for avg technolog secur softwar avg which come from their first product antiviru guard<ref ns0:type="simple" ns0:href="#xpointer(//reflist/entry[@id=%221%22])" />avg technolog<link ns0:type="simple" ns0:href="../655/1499655.xml">privat held</link><country wordnetid="108544813" confidence="0.9508927676800064"><link ns0:type="simple" ns0:href="../321/5321.xml">czech</link></country>compani form<link ns0:type="simple" ns0:href="../703/34703.xml" />jan gritzbach and toma hofer earli septemb larg stake the compani bought<company wordnetid="108058098" confidence="0.9508927676800064"><link ns0:type="simple" ns0:href="../617/14617.xml">intel corpor</link></company><ref ns0:type="simple" ns0:href="#xpointer(//reflist/entry[@id=%222%22])" /><link ns0:type="simple" ns0:href="../ury/22nd_century.xml">april</link><link ns0:type="simple" ns0:href="../164/36164.xml" /><link ns0:type="simple" ns0:href="../017/6084017.xml">ewido network</link>becam part the avg technolog group<ref ns0:type="simple" ns0:href="#xpointer(//reflist/entry[@id=%223%22])" /></p><p><link ns0:type="simple" ns0:href="../758/21758.xml">novemb</link><link ns0:type="simple" ns0:href="../164/36164.xml" /><company wordnetid="108058098" confidence="0.9508927676800064"><link ns0:type="simple" ns0:href="../001/19001.xml">microsoft</link></company>announc that avg secur product would avail directli from the window secur center<version wordnetid="107173585" confidence="0.9508927676800064"><link ns0:type="simple" ns0:href="../648/2289648.xml">window vista</link></version><ref ns0:type="simple" ns0:href="#xpointer(//reflist/entry[@id=%224%22])" />sinc<link ns0:type="simple" ns0:href="../795/15795.xml">june</link><link ns0:type="simple" ns0:href="../164/36164.xml" />the avg softwar also been use option compon gfi mail secur produc<company wordnetid="108058098" confidence="0.9508927676800064"><link ns0:type="simple" ns0:href="../041/1904041.xml">gfi softwar</link></company><ref ns0:type="simple" ns0:href="#xpointer(//reflist/entry[@id=%225%22])" /><link ns0:type="simple" ns0:href="../353/8353.xml">decemb</link><link ns0:type="simple" ns0:href="../165/36165.xml" /><company wordnetid="108058098" confidence="0.9508927676800064"><link ns0:type="simple" ns0:href="../223/15880223.xml">avg technolog</link></company>announc the acquisit<weblink ns0:type="simple" ns0:href="http://www.explabs.com/">exploit prevent lab</weblink>develop the<weblink ns0:type="simple" ns0:href="http://www.avg.com/avg-security-software-components#linkscanner">linkscann</weblink>safe surf technolog<ref ns0:type="simple" ns0:href="#xpointer(//reflist/entry[@id=%226%22])" /><link ns0:type="simple" ns0:href="../360/11360.xml">februari</link><link ns0:type="simple" ns0:href="../825/35825.xml" /><link ns0:type="simple" ns0:href="../223/15880223.xml">grisoft</link>announc that they would chang the compani name from grisoft avg technolog thi chang made increas the effect their market activ</p></ss1><ss1><st>version for window client</st><p>avg technolog provid number product from the avg rang suitabl for<version wordnetid="107173585" confidence="0.9508927676800064"><link ns0:type="simple" ns0:href="../941/33941.xml">window</link></version>onward addit thi avg technolog also provid linux and freebsd version the softwar avg antiviru avail both free and commerci edit avg the commerci edit avg antiviru product includ the avg antiviru antispywar linkscann antirootkit web shield and secur toolbar protect technolog avg antiviru plu firewal add integr firewal protect</p><p>avg internet secur full suit solut which bring togeth the avg antiviru antispywar linkscann antirootkit web shield secur toolbar firewal antispam and system tool protect technolog</p><p>avg antiviru free edit includ the avg antiviru and antispywar protect plu the avg searchshield compon the patent pend linkscann technolog</p><p>all version the avg product are compat with the bit edit window all edit run<version wordnetid="107173585" confidence="0.9508927676800064"><link ns0:type="simple" ns0:href="../648/2289648.xml">window vista</link></version>all commerci version the avg softwar are avail trial basi each trial allow all user includ busi and institut day trial period after thi time fee requir which yield key that unlock the program for continu use</p></ss1><ss1><st>version for server</st><p>avg technolog also sell avg antiviru and internet secur solut for webfil server email server run either linux freebsd window</p><p>avg internet secur network edit provid central control comprehens protect for workstat and file server avg internet secur edit add email server and microsoft sharepoint server protect</p><p>avg antiviru network edit provid central control antiviru and antispywar protect for workstat and file server avg antiviru edit add email server and microsoft sharepoint server protect</p><p>avg file server edit provid antiviru and antispywar protect for file server</p><p>avg email server edit provid antiviru and antispywar protect for most popular email server</p></ss1><ss1><st>avg for linuxfreebsd</st><p>with version avg technolog provid solut for<platform wordnetid="103961939" confidence="0.8"><artifact wordnetid="100021939" confidence="0.8"><surface wordnetid="104362025" confidence="0.8"><horizontal_surface wordnetid="103536348" confidence="0.8"><link ns0:type="simple" ns0:href="../554/7580554.xml">freebsd</link></horizontal_surface></surface></artifact></platform>for the first time avg technolog incorpor spam detect addit viru detect for linuxfreebsd softwar</p></ss1></sec><sec><st>featur</st><p>avg featur most the common function avail modern antiviru and internet secur program includ period scan scan sent and receiv email includ footer the email indic thi the abil heal some virusinfect file and viru vault which infect file are held</p><ss1><st>linkscann</st><p>the patent pend linkscann technolog acquir from exploit prevent lab and built into all avg product provid realtim protect against exploit and drivebi download linkscann includ searchshield safe search compon that place safeti rate next each link googl yahoo and msn search result plu activ surfshield safe surf compon that scan the content web site realtim ensur safe open<ref ns0:type="simple" ns0:href="#xpointer(//reflist/entry[@id=%227%22])" /></p></ss1><ss1><st>linkscann concern</st><p>when avg first releas linkscann featur shown caus tenfold increas traffic web site that appear high search engin result page sinc linkscann disguis the scan come from internet explor browser when prescan each site list the result web site usag log show incorrect and overinfl site visitor statist the prescan everi link also caus web site transfer more data than usual result higher bandwidth usag for web site oper and slow perform for user<ref ns0:type="simple" ns0:href="#xpointer(//reflist/entry[@id=%228%22])" />avg initi said site administr would abl filter the linkscann traffic out their site statist leav the problem excess bandwidth usag still solv<ref ns0:type="simple" ns0:href="#xpointer(//reflist/entry[@id=%229%22])" />payperclick advertis not affect the increas traffic<ref ns0:type="simple" ns0:href="#xpointer(//reflist/entry[@id=%2210%22])" /></p><p>respons complaint avg announc that<link />searchshield will longer scan each search result onlin for new exploit which caus the spike that webmast address with<ref ns0:type="simple" ns0:href="#xpointer(//reflist/entry[@id=%2211%22])" />releas new build that date that appli local blacklist then prefetch and scan onli those link click the user<ref ns0:type="simple" ns0:href="#xpointer(//reflist/entry[@id=%2212%22])" /></p></ss1><ss1><st>avg antiviru free edit</st><p>accord avg technolog over million user have avg antiviru protect includ user the free edit<link ns0:type="simple" ns0:href="../734/2734.xml">april</link><link ns0:type="simple" ns0:href="../825/35825.xml" />avg releas avg antiviru free edit along with more color interfac the new program some new featur combin antiviru and antispywar protect engin linkscann searchshield safe search protect plu the avg secur toolbar which were previous onli avail avg commerci version</p><p>there are some limit with avg antiviru free edit compar the commerci version avg product these limit includ<list><entry level="1" type="bullet">less protect avg antiviru free edit provid onli base level protect against virus spywar and safe search doe not provid safe surf drivebi download protect nor protect from cracker keylogg spam phish attack and malici file download that can come through instant messag and attach from seemingli friendli sourc thi protect onli avail the commerci version avg product</entry><entry level="1" type="bullet">slower updat avg antiviru free edit receiv updat via lower prioriti servic prioriti updat via highspe server onli avail for the commerci version avg product</entry><entry level="1" type="bullet">telephon email technic support there telephon email technic support provid avg for user avg free edit product anywher the world avg free edit user have access support via the selfhelp<weblink ns0:type="simple" ns0:href="http://freeforum.avg.com/">avg free forum</weblink></entry><entry level="1" type="bullet">customis schedul option avg antiviru free edit are veri limit onli one schedul updat per day one schedul scan per day etc the avg resid shield configur limit with exclus set avg antiviru free edit doe not offer advanc test option passwordprotect archiv report adjust scan process prioriti and mani other featur</entry><entry level="1" type="bullet">server support avg antiviru free edit can not instal server oper system such window server nor can use for the scan network drive</entry></list></p><p>avg free edit onc respons for<link ns0:type="simple" ns0:href="../320/466320.xml">popup</link>advertis the nonfre version avg antiviru and avg internet secur which claim provid more comprehens level protect<ref ns0:type="simple" ns0:href="#xpointer(//reflist/entry[@id=%2213%22])" /><ref ns0:type="simple" ns0:href="#xpointer(//reflist/entry[@id=%2214%22])" />current free version display onli inprogram banner for the full edit not popup<image location="right" width="500px" src="AVG_Notification_Window.png" type="thumb"><caption>screenshot banner avg free edit</caption></image></p></ss1><ss1><st>resourc requir</st><p>one featur avg conserv resourc requir the avg antiviru profession edit requir ram and space the hard drive avg internet secur howev requir ram<ref ns0:type="simple" ns0:href="#xpointer(//reflist/entry[@id=%2215%22])" />the compar high use page physic ram led crash with some softwar such the half life seri<ref ns0:type="simple" ns0:href="#xpointer(//reflist/entry[@id=%2216%22])" /></p></ss1></sec><sec><st>avg antispywar</st><p><link ns0:type="simple" ns0:href="../ury/22nd_century.xml">april</link><link ns0:type="simple" ns0:href="../164/36164.xml" /><weblink ns0:type="simple" ns0:href="http://www.ewido.net/en/">announc</weblink>that avg technolog had acquir the german antimalwar compani<link ns0:type="simple" ns0:href="../017/6084017.xml">ewido network</link>ewido antispywar later renam avg antispywar profession edit freewar version avg antispywar free edit avail for privat noncommerci use onli and with lower speed updat avg avg antispywar integr into avg antiviru and longer avail standalon product</p></sec><sec><st>avg antirootkit</st><p>avg also had free anti<link ns0:type="simple" ns0:href="../942/223942.xml">rootkit</link>applic avg antirootkit but stop late<link ns0:type="simple" ns0:href="../164/36164.xml" />updat are now longer avail the new avg antirootkit scan built avg antiviru and longer avail standalon</p></sec><sec><st>avgadmin</st><p>avgadmin remot administr tool which allow the softwar manag central network</p></sec><sec><st>recept</st><p><list><entry level="1" type="bullet">avg antiviru certifi<link ns0:type="simple" ns0:href="../830/12764830.xml">icsa</link>lab<ref ns0:type="simple" ns0:href="#xpointer(//reflist/entry[@id=%2217%22])" /></entry><entry level="1" type="bullet">been test time from februari through april<link ns0:type="simple" ns0:href="../980/2204980.xml">viru bulletin</link>and fail time and pass time dure the period from june april test time pass time and fail time<ref ns0:type="simple" ns0:href="#xpointer(//reflist/entry[@id=%2218%22])" /></entry><entry level="1" type="bullet">cnetcom avg receiv review from cnet editor and review from consum<ref ns0:type="simple" ns0:href="#xpointer(//reflist/entry[@id=%2219%22])" /></entry><entry level="1" type="bullet">pcworldcom avg receiv<ref ns0:type="simple" ns0:href="#xpointer(//reflist/entry[@id=%2220%22])" /></entry></list></p></sec><sec><st>see also</st><p><table style="background:#f9f9f9; font-size:85%; line-height:110%; "><row><col><image width="32x28px" src="Portal.svg" /></col><col style="padding:0 0.2em;">comput secur portal</col></row></table></p><p><list><entry level="1" type="bullet"><link ns0:type="simple" ns0:href="../980/6729980.xml">list antiviru softwar</link></entry></list></p></sec><sec><st>refer</st><p><reflist><entry id="1"><weblink ns0:type="simple" ns0:href="http://www.avg.com/40965">avg technolog celebr year internet secur success</weblink></entry><entry id="2"><weblink ns0:type="simple" ns0:href="http://www.avg.com/314">intel buy part avg technolog</weblink></entry><entry id="3"><weblink ns0:type="simple" ns0:href="http://www.avg.co.uk/30868">avg technolog announc releas ewido antispywar</weblink></entry><entry id="4"><weblink ns0:type="simple" ns0:href="http://www.avg.co.uk/39275">microsoft incorpor avg into the vista secur center</weblink></entry><entry id="5"><weblink ns0:type="simple" ns0:href="http://kbase.gfi.com/showarticle.asp?id=KBID002652">gfi mail secur support for new antiviru engin grisoft avg</weblink></entry><entry id="6"><weblink ns0:type="simple" ns0:href="http://www.avg.com/80935">avg acquir exploit prevent lab develop linkscann safe surf technolog</weblink></entry><entry id="7"><weblink ns0:type="simple" ns0:href="http://www.avg.com/faq.num-1094">avg antiviru and internet secur faq</weblink></entry><entry id="8"><weblink ns0:type="simple" ns0:href="http://www.theregister.co.uk/2008/06/26/avg_disguises_fake_traffic_as_ie6/">avg disguis fake traffic</weblink></entry><entry id="9"><weblink ns0:type="simple" ns0:href="http://www.techspot.com/news/30641-avg-update-disguises-linkscanner-traffic-as-ie6.html">avg updat disguis linkscann traffic</weblink></entry><entry id="10"><weblink ns0:type="simple" ns0:href="http://www.virusbtn.com/news/2008/06_20a.xml">linkscann could behind surg web traffic</weblink></entry><entry id="11"><weblink ns0:type="simple" ns0:href="http://networkinstruments.wordpress.com/2008/07/05/avg-responds-to-fake-traffic-spikes/">avg respond fake traffic spike</weblink></entry><entry id="12"><weblink ns0:type="simple" ns0:href="http://news.cnet.com/8301-10789_3-9986453-57.html">grisoft modifi free avg product after complaint</weblink></entry><entry id="13"><weblink ns0:type="simple" ns0:href="http://www.bleepingcomputer.com/forums/topic144931.html#entry814134">avg constant pop window</weblink></entry><entry id="14"><weblink ns0:type="simple" ns0:href="http://www.dslreports.com/forum/r20400528-AVG-pro-75-annoying-popup-till-Decenber">avg pro annoy popup till decenb</weblink></entry><entry id="15"><weblink ns0:type="simple" ns0:href="http://www.avg.com/product-avg-internet-security">avg antiviru and internet secur avg internet secur</weblink></entry><entry id="17"><weblink ns0:type="simple" ns0:href="http://www.icsalabs.com/icsa/product.php?tid=dfgdf$gdhkkjk-kkkk">icsalabsantiviruscertifi product</weblink></entry><entry id="16"><weblink ns0:type="simple" ns0:href="http://support.steampowered.com/kb_article.php?ref=5034-EIPV-6426">game freez crash with loop sound page pool memori issu crash and error knowledg base steam support</weblink></entry><entry id="19"><weblink ns0:type="simple" ns0:href="http://reviews.cnet.com/internet-security-and-firewall/avg-antivirus-8/4505-3667_7-32887573.html?tag=prod.txt.2">avg cnet review</weblink></entry><entry id="18"><weblink ns0:type="simple" ns0:href="http://www.virusbtn.com/vb100/archive/results?vendor=VE10">viru bulletin independ malwar advic</weblink></entry><entry id="20"><weblink ns0:type="simple" ns0:href="http://www.pcworld.com/article/id,130911/article.html">world avg antiviru profession review</weblink></entry></reflist></p></sec><sec><st>extern link</st><p><list><entry level="1" type="bullet"><weblink ns0:type="simple" ns0:href="http://www.avg.com">avg technolog websit</weblink></entry><entry level="1" type="bullet"><weblink ns0:type="simple" ns0:href="http://free.avg.com">avg technolog site for freewar version avg antiviru with antispywar</weblink></entry></list></p></sec></bdy></software></article>