<article xmlns:ns0="http://www.w3.org/1999/xlink"><person confidence="0.9508927676800064" wordnetid="100007846"><philosopher confidence="0.9508927676800064" wordnetid="110423589"><sociologist confidence="0.9511911446218017" wordnetid="110620758"><header><title>georg simmel</title><id /><revision><id /><timestamp /><contributor><username>rjwilmsi</username><id /></contributor></revision><categories><category>death</category><category>peopl from berlin</category><category>humboldt univers berlin alumni</category><category>peopl from the provinc brandenburg</category><category>humboldt univers berlin faculti</category><category>sociologist religion</category><category>german sociologist</category><category>univers strasbourg faculti</category><category>birth</category></categories></header><bdy><template><name>infobox philosoph</name><parameters><image width="150px" src="Simmel_01.JPG"><caption>georg simmel</caption></image><region>western philosophi</region><birth>march<region wordnetid="108630985" confidence="0.8"><administrative_district wordnetid="108491826" confidence="0.8"><location wordnetid="100027167" confidence="0.8"><municipality wordnetid="108626283" confidence="0.8"><settlement wordnetid="108672562" confidence="0.8"><capital wordnetid="108518505" confidence="0.8"><city wordnetid="108524735" confidence="0.8"><country wordnetid="108544813" confidence="0.8"><center wordnetid="108523483" confidence="0.8"><area wordnetid="108497294" confidence="0.8"><village wordnetid="108672738" confidence="0.8"><seat wordnetid="108647945" confidence="0.8"><geographical_area wordnetid="108574314" confidence="0.8"><district wordnetid="108552138" confidence="0.8"><urban_area wordnetid="108675967" confidence="0.8"><link ns0:type="simple" ns0:href="../354/3354.xml">berlin</link></urban_area></district></geographical_area></seat></village></area></center></country></city></capital></settlement></municipality></location></administrative_district></region><country wordnetid="108544813" confidence="0.9508927676800064"><link ns0:type="simple" ns0:href="../701/242701.xml">kingdom prussia</link></country></birth><death>septemb age<country wordnetid="108544813" confidence="0.9508927676800064"><link ns0:type="simple" ns0:href="../407/37407.xml">strassburg</link></country><country wordnetid="108544813" confidence="0.9508927676800064"><link ns0:type="simple" ns0:href="../674/12674.xml">german empir</link></country></death><era><link ns0:type="simple" ns0:href="../565/209565.xml">thcenturi philosophi</link></era><color><list><entry level="1" type="number">bcde</entry></list></color><name>georg simmel</name></parameters></template><p>georg simmel march septemb one the first gener<country wordnetid="108544813" confidence="0.9508927676800064"><link ns0:type="simple" ns0:href="../867/11867.xml">german</link></country><link ns0:type="simple" ns0:href="../981/18717981.xml">sociologist</link>studi pioneer the concept<link ns0:type="simple" ns0:href="../444/634444.xml">social structur</link>and key precursor<link ns0:type="simple" ns0:href="../726/325726.xml">social network</link>analysi<ref ns0:type="simple" ns0:href="#xpointer(//reflist/entry[@id=%221%22])" />most famou work today are the philosophi money the stranger the web group affili and the metropoli and mental life</p><sec><st>life</st><p>simmel born<region wordnetid="108630985" confidence="0.8"><administrative_district wordnetid="108491826" confidence="0.8"><location wordnetid="100027167" confidence="0.8"><municipality wordnetid="108626283" confidence="0.8"><settlement wordnetid="108672562" confidence="0.8"><capital wordnetid="108518505" confidence="0.8"><city wordnetid="108524735" confidence="0.8"><country wordnetid="108544813" confidence="0.8"><center wordnetid="108523483" confidence="0.8"><area wordnetid="108497294" confidence="0.8"><village wordnetid="108672738" confidence="0.8"><seat wordnetid="108647945" confidence="0.8"><geographical_area wordnetid="108574314" confidence="0.8"><district wordnetid="108552138" confidence="0.8"><urban_area wordnetid="108675967" confidence="0.8"><link ns0:type="simple" ns0:href="../354/3354.xml">berlin</link></urban_area></district></geographical_area></seat></village></area></center></country></city></capital></settlement></municipality></location></administrative_district></region><country wordnetid="108544813" confidence="0.9508927676800064"><link ns0:type="simple" ns0:href="../867/11867.xml">germani</link></country>the youngest seven children father partner chocol factori when die juliu friedlnder the founder intern music publish hous adopt him and endow him with larg fortun enabl him becom scholar<ref ns0:type="simple" ns0:href="#xpointer(//reflist/entry[@id=%222%22])" /></p><p>religi background complic but german margin statu german academia born prosper<group wordnetid="100031264" confidence="0.8"><people wordnetid="107942152" confidence="0.8"><link ns0:type="simple" ns0:href="../913/15913.xml">jew</link></people></group>ish busi famili but father becam<link ns0:type="simple" ns0:href="../504/25504.xml">roman cathol</link>mother famili origin jewish but she<link ns0:type="simple" ns0:href="../503/18503.xml">lutheran</link>georg simmel himself<link ns0:type="simple" ns0:href="../298/4298.xml">baptiz</link><physical_entity wordnetid="100001930" confidence="0.8"><causal_agent wordnetid="100007347" confidence="0.8"><link ns0:type="simple" ns0:href="../249/23249.xml">protest</link></causal_agent></physical_entity>when child<ref ns0:type="simple" ns0:href="#xpointer(//reflist/entry[@id=%223%22])" /></p><p>simmel studi<link ns0:type="simple" ns0:href="../155/13692155.xml">philosophi</link>and<link ns0:type="simple" ns0:href="../350/10772350.xml">histori</link>but also studi<link ns0:type="simple" ns0:href="../990/26990.xml">social psycholog</link>and<link ns0:type="simple" ns0:href="../708/14708.xml">mediev italian</link>the<university wordnetid="108286163" confidence="0.9508927676800064"><link ns0:type="simple" ns0:href="../234/308234.xml">univers berlin</link></university>receiv doctor for thesi the natur matter accord kant physic monadolog becam<link ns0:type="simple" ns0:href="../540/220540.xml">privatdoz</link>the univers berlin offici lectur philosophi but also<link ns0:type="simple" ns0:href="../258/9258.xml">ethic</link><link ns0:type="simple" ns0:href="../225/3729225.xml">logic</link><link ns0:type="simple" ns0:href="../743/24743.xml">pessim</link><link ns0:type="simple" ns0:href="../752/752.xml">art</link><link ns0:type="simple" ns0:href="../921/22921.xml">psycholog</link>and<link ns0:type="simple" ns0:href="../981/18717981.xml">sociolog</link>lectur were not onli popular insid the univers but attract the intellectu elit berlin well</p><p>although applic for vacant chair german univers were support<person wordnetid="100007846" confidence="0.9508927676800064"><link ns0:type="simple" ns0:href="../455/19455.xml">max weber</link></person>simmel remain academ outsid onli elev the rank extraordinari professor full professor but without chair see the german section<link ns0:type="simple" ns0:href="../771/19360771.xml#xpointer(//*[./st=%22German+(Central+European)%22])">professor</link>that time wellknown throughout europ and america and seen man great emin</p><p>simmel nevertheless continu intellectu and academ work take part artist circl well cofound the<link ns0:type="simple" ns0:href="../165/9370165.xml">german societi for sociolog</link>togeth with<link>ferdinand tnni</link>and<person wordnetid="100007846" confidence="0.9508927676800064"><link ns0:type="simple" ns0:href="../455/19455.xml">max weber</link></person>thi life the meet point univers and societi art and philosophi possibl becaus simmel had been the heir fortun from appoint guardian</p><p>befriend mani wellknown men<person wordnetid="100007846" confidence="0.9508927676800064"><link ns0:type="simple" ns0:href="../455/19455.xml">max weber</link></person><person wordnetid="100007846" confidence="0.9508927676800064"><poet wordnetid="110444194" confidence="0.9173553029164789"><writer wordnetid="110794014" confidence="0.9508927676800064"><novelist wordnetid="110363573" confidence="0.9173553029164789"><link ns0:type="simple" ns0:href="../408/26408.xml">rainer maria rilk</link></novelist></writer></poet></person><physical_entity wordnetid="100001930" confidence="0.8"><communicator wordnetid="109610660" confidence="0.8"><person wordnetid="100007846" confidence="0.8"><poet wordnetid="110444194" confidence="0.8"><causal_agent wordnetid="100007347" confidence="0.8"><writer wordnetid="110794014" confidence="0.8"><link ns0:type="simple" ns0:href="../880/549880.xml">stefan georg</link></writer></causal_agent></poet></person></communicator></physical_entity>and<person wordnetid="100007846" confidence="0.9508927676800064"><philosopher wordnetid="110423589" confidence="0.9508927676800064"><link ns0:type="simple" ns0:href="../518/9518.xml">edmund husserl</link></philosopher></person></p><p>marri gertrud kinel philosoph her own right she publish under the<link ns0:type="simple" ns0:href="../594/40594.xml">pseudonym</link><link>marieluis enckendorf</link>they live shelter and bourgeoi life their home becom venu for cultiv gather the tradit the salon they bore one son han eugen</p><p>onli did simmel receiv ordinari professorship with chair the then german<link ns0:type="simple" ns0:href="../824/722824.xml">univers strassburg</link>becaus the outbreak<conflict wordnetid="100958896" confidence="0.9508927676800064"><link ns0:type="simple" ns0:href="../461/4764461.xml">world war</link></conflict>all academ activ and lectur were halt lectur hall were convert militari hospit appli without success for chair the<university wordnetid="108286163" confidence="0.9508927676800064"><link ns0:type="simple" ns0:href="../649/100649.xml">univers heidelberg</link></university></p><p>prior the outbreak world war simmel had not been veri interest contemporari histori but rather look the interact art and philosophi time howev after start interest unfold yet seem give conflict opinion event support germani inner transform more object the idea europ and critic the crisi cultur</p><p>eventu simmel appear have grown tire the war especi the year death stop read the paper and withdrew the black forest finish book shortli befor the end the war die from<link ns0:type="simple" ns0:href="../585/237585.xml">liver cancer</link>strassburg</p></sec><sec><st>simmel the metropoli</st><p>one simmel most wide read essay the metropoli and mental life die grostadt und geistesleben from which origin given one seri lectur all aspect citi life expert variou field rang from scienc and religion art the seri conduct alongsid the<location wordnetid="100027167" confidence="0.9508927676800064"><link ns0:type="simple" ns0:href="../410/37410.xml">dresden</link></location>citi exhibit simmel origin ask lectur the role intellectu scholarli life the big citi but effect revers the topic order analyz the effect the big citi the mind the individu result when the lectur were publish essay book fill the gap the seri editor had suppli essay the origin topic himself</p><p>unfortun for simmel the metropoli and mental life not particularli well receiv dure time the organ the exhibit were appal due neg toward citi life howev dure the twenti the essay influenti the think robert park and other american sociologist the univers chicago who collect becam known the chicago school gain wider circul the when translat into english and publish part kurt wolff edit collect the sociolog georg simmel and now appear regularli the read list cours urban studi and architectur histori howev import note that the notion the bla actual not the central final point the essay but part descript sequenc state irrevers transform the mind other word simmel doe not quit say that the big citi overal neg effect the mind the self even suggest that undergo perman chang perhap thi ambigu that gave the essay last place the discours the metropoli</p><p>thi essay requir much closer more care read not onli order properli understand simmel argument but also becaus over centuri sinc public still captur the imagin fascin ponder how simmel write about citi time when the popul onli few european citi top one million and the automobil still rarelysight slowmov object accur describ the intens effect that mechan brightlylit citi like new york tokyo would eventu have peopl percept mani decad after death</p></sec><sec><st>simmel sociabl</st><p>simmel refer all the form associ which mere sum separ individu are made into societi<ref ns0:type="simple" ns0:href="#xpointer(//reflist/entry[@id=%224%22])" />which describ higher uniti<ref ns0:type="simple" ns0:href="#xpointer(//reflist/entry[@id=%224%22])" />compos individu especi fascin seem the impuls sociabl man<ref ns0:type="simple" ns0:href="#xpointer(//reflist/entry[@id=%224%22])" />which describ associationsthrough which the solitari the individu resolv into togeth union with other<ref ns0:type="simple" ns0:href="#xpointer(//reflist/entry[@id=%225%22])" />process describ which the impuls sociabl distil were out the realiti social life the pure essenc associ<ref ns0:type="simple" ns0:href="#xpointer(//reflist/entry[@id=%225%22])" />and through which uniti made<ref ns0:type="simple" ns0:href="#xpointer(//reflist/entry[@id=%225%22])" />which also refer the freeplay interact interdepend individu<ref ns0:type="simple" ns0:href="#xpointer(//reflist/entry[@id=%225%22])" /></p><p>defin sociabl the playform associ<ref ns0:type="simple" ns0:href="#xpointer(//reflist/entry[@id=%225%22])" />driven amic breed cordial and attract all kind<ref ns0:type="simple" ns0:href="#xpointer(//reflist/entry[@id=%225%22])" />order for thi free associ occur say the person must not emphas themselv too individuallywith too much abandon and aggress<ref ns0:type="simple" ns0:href="#xpointer(//reflist/entry[@id=%225%22])" />also describ thi world sociabilitya democraci equalswithout friction long peopl blend togeth spirit fun and affect bring about among themselv pure interact free ani disturb materi accent<ref ns0:type="simple" ns0:href="#xpointer(//reflist/entry[@id=%226%22])" />mani social interact are entir thi sweet charact one conclud that simmel describ somewhat idealis view the best type human interact and mean the most typic averag type</p><p>the same can said simmel when say that the vital real individu their sensit and attract the full their impuls and convictionsi but symbol life show itself the flow lightli amus play<ref ns0:type="simple" ns0:href="#xpointer(//reflist/entry[@id=%227%22])" />when add symbol play whose aesthet charm all the finest and most highli sublim dynam social exist and rich are gather<ref ns0:type="simple" ns0:href="#xpointer(//reflist/entry[@id=%228%22])" />again one conclud that describ human interact their idealis best and not the more typic one which tend fall long way short descript</p><p>all abov quot are from simmel the sociolog sociabl<ref ns0:type="simple" ns0:href="#xpointer(//reflist/entry[@id=%229%22])" /></p></sec><sec><st>influenc american sociolog</st><p><physical_entity wordnetid="100001930" confidence="0.8"><person wordnetid="100007846" confidence="0.8"><sociologist wordnetid="110620758" confidence="0.8"><social_scientist wordnetid="110619642" confidence="0.8"><causal_agent wordnetid="100007347" confidence="0.8"><scientist wordnetid="110560637" confidence="0.8"><link ns0:type="simple" ns0:href="../088/2517088.xml">lewi coser</link></scientist></causal_agent></social_scientist></sociologist></person></physical_entity>drew heavili georg simmel sociolog theori treat<link ns0:type="simple" ns0:href="../375/2001375.xml">social conflict</link></p></sec><sec><st>the work simmel</st><p>simmel known<link ns0:type="simple" ns0:href="../623/53623.xml">essayist</link>well author sociolog and philosoph book some major monograph work includ</p><p><list><entry level="1" type="bullet">ber social differenzierung leipzig duncker humblot social differenti</entry><entry level="1" type="bullet">einleitung die moralwissenschaft vol berlin hertz introduct the scienc ethic</entry><entry level="1" type="bullet">die problem der geschichtphilosophi leipzig duncker humblot edn the problem the philosophi histori</entry><entry level="1" type="bullet">philosophi der geld leipzig duncker humblot edn the philosophi money</entry><entry level="1" type="bullet">die grosstdt und geistesleben dresden petermann the metropoli and mental life</entry><entry level="1" type="bullet">kant leipzig duncker humblot edn</entry><entry level="1" type="bullet">kant und goeth berlin marquardt</entry><entry level="1" type="bullet">die religion frankfurt main rtten loen edn</entry><entry level="1" type="bullet">schopenhau und nietzsch leipzig duncker humblot</entry><entry level="1" type="bullet">schopenhau and nietzsch univers illinoi press isbn</entry><entry level="1" type="bullet">soziologi leipzig duncker humblot sociolog investig the form sociat</entry><entry level="1" type="bullet">hauptproblem der philosophi leipzig gschen</entry><entry level="1" type="bullet">philosophisch kultur leipzig krner edn</entry><entry level="1" type="bullet">goeth leipzig klinkhardt</entry><entry level="1" type="bullet">grundfragen der soziologi berlin gschen fundament question sociolog</entry><entry level="1" type="bullet">rembrandt leipzig wolff</entry><entry level="1" type="bullet">lebensanschauung mnchen duncker humblot</entry><entry level="1" type="bullet">zur philosophi der kunst potsdam kiepenheur</entry><entry level="1" type="bullet">fragment und aufsz dem nachlass kantorowicz mnchen drei masken verlag</entry><entry level="1" type="bullet">brcke und landmann susman stuttgart koehler</entry></list></p></sec><sec><st>other work</st><p><list><entry level="1" type="bullet">rom ein sthetisch analys publish the viennes weekli paper die zeit wiener wochenschrift politik volkwirtschaft wissenschaft und kunst may the</entry><entry level="1" type="bullet">florenz publish the berlin magazin der tag march</entry><entry level="1" type="bullet">venedig publish the magazin from munich der kunstwart halbmonatsschau ber dichtung theater musik bildend und angewandt kunst june</entry></list></p></sec><sec><st>work about simmel and compil</st><p><list><entry level="1" type="bullet">hartmann aloi sinn und wert geld der philosophi von georg simmel und adam von mller<ref ns0:type="simple" ns0:href="#xpointer(//reflist/entry[@id=%2210%22])" />berlin isbn</entry><entry level="1" type="bullet">muller jerri the mind and the market capit western thought anchor book</entry><entry level="1" type="bullet">david kim georg simmel translat interdisciplinari bordercross cultur and modern cambridg scholar press cambridg isbn</entry><entry level="1" type="bullet">simmel georg conflict and the web group affili translat and edit kurt wolff glenco free press</entry><entry level="1" type="bullet">simmel georg the sociolog georg simmel compil and translat kurt wolff glenco free press</entry></list></p></sec><sec><st>refer</st><p><reflist><entry id="1">wellman barri structur analysi from method and metaphor theori and substanc social structur network approach edit barri wellman and berkowitz cambridg cambridg univers press linton freeman the develop social network analysi vancouv empir press</entry><entry id="2">httpsociochsimbiohtm sociolog switzerland georg simmel biograph inform</entry><entry id="3">simmel georg and kurt wolff the sociolog georg simmel glenco ill free press</entry><entry id="4">simmel</entry><entry id="5">simmel</entry><entry id="6">simmel</entry><entry id="7">simmel</entry><entry id="8">simmel</entry><entry id="9">georg simmel the sociolog sociabl tran everett hugh amer jnl sociol nov origin from soziologi der geselligkeit speech meet the german sociol societi reprint talcott parson theori societi page number shown refer the latter public</entry><entry id="10"><weblink ns0:type="simple" ns0:href="http://www.wiku-verlagsprogramm.de/6332/6467.html"><indent level="9">wikuverlagsprogramm</indent></weblink>wwwwikuverlagsprogrammd</entry></reflist></p></sec><sec><st>extern link</st><p><list><entry level="1" type="bullet"><weblink ns0:type="simple" ns0:href="http://ssr1.uchicago.edu/PRELIMS/Theory/simmel.html">detail overview extract and essay simmel univers chicago</weblink></entry></list></p><p><list><entry level="1" type="bullet"><weblink ns0:type="simple" ns0:href="http://www.socio.ch/sim/index_sim.htm">sociolog switzerland present georg simmel onlin</weblink></entry><entry level="1" type="bullet"><weblink ns0:type="simple" ns0:href="http://socsci.colorado.edu/SOC/SI/si-simmel-bio.htm">short biographi simmel</weblink></entry><entry level="1" type="bullet"><weblink ns0:type="simple" ns0:href="http://socio.ch/sim/bio.htm">detail biographi and appreci simmel</weblink></entry><entry level="1" type="bullet"><weblink ns0:type="simple" ns0:href="http://www2.pfeiffer.edu/~lridener/DSS/INDEX.HTML#simmel">about simmel and work</weblink></entry><entry level="1" type="bullet"><weblink ns0:type="simple" ns0:href="http://209.85.129.104/search?q=cache:LoQ-G1L32LEJ:www.socialeconomics.org/uploads/Mellor.doc+simmel+money+was+invented hl=fr ct=clnk cd=10 gl=fr">the social role money</weblink></entry><entry level="1" type="bullet"><weblink ns0:type="simple" ns0:href="http://www.altruists.org/static/files/The%20Metropolis%20and%20Mental%20Life%20%28Georg%20Simmel%29.htm">the metropoli and mental life</weblink></entry><entry level="1" type="bullet"><weblink ns0:type="simple" ns0:href="http://www.cas.sc.edu/socy/faculty/deflem/zsimhab.html">jurgen haberma georg simmel philosophi and cultur postscript collect essay translat mathieu deflem critic inquiri spring</weblink></entry></list></p><p><table id="persondata" class="persondata"><header colspan="2" /><row><col class="persondata-label">name</col><col>simmel georg</col></row><row><col class="persondata-label">altern name</col></row><row><col class="persondata-label">short descript</col><col><country wordnetid="108544813" confidence="0.9508927676800064"><link ns0:type="simple" ns0:href="../867/11867.xml">german</link></country><link ns0:type="simple" ns0:href="../981/18717981.xml">sociologist</link></col></row><row><col class="persondata-label">date birth</col><col>march</col></row><row><col class="persondata-label">place birth</col></row><row><col class="persondata-label">date death</col><col>septemb</col></row><row><col class="persondata-label">place death</col><col><region wordnetid="108630985" confidence="0.8"><administrative_district wordnetid="108491826" confidence="0.8"><location wordnetid="100027167" confidence="0.8"><municipality wordnetid="108626283" confidence="0.8"><settlement wordnetid="108672562" confidence="0.8"><capital wordnetid="108518505" confidence="0.8"><city wordnetid="108524735" confidence="0.8"><country wordnetid="108544813" confidence="0.8"><center wordnetid="108523483" confidence="0.8"><area wordnetid="108497294" confidence="0.8"><village wordnetid="108672738" confidence="0.8"><seat wordnetid="108647945" confidence="0.8"><geographical_area wordnetid="108574314" confidence="0.8"><district wordnetid="108552138" confidence="0.8"><urban_area wordnetid="108675967" confidence="0.8"><link ns0:type="simple" ns0:href="../354/3354.xml">berlin</link></urban_area></district></geographical_area></seat></village></area></center></country></city></capital></settlement></municipality></location></administrative_district></region><country wordnetid="108544813" confidence="0.9508927676800064"><link ns0:type="simple" ns0:href="../867/11867.xml">germani</link></country></col></row></table></p></sec></bdy></sociologist></philosopher></person></article>