<article xmlns:ns0="http://www.w3.org/1999/xlink"><hunter confidence="0.9511911446218017" wordnetid="110193026"><person confidence="0.9508927676800064" wordnetid="100007846"><republican confidence="0.9511911446218017" wordnetid="110522495"><entity confidence="0.9511911446218017" wordnetid="100001740"><actor confidence="0.9508927676800064" wordnetid="109765278"><header><title>gerald mcraney</title><id /><revision><id /><timestamp /><contributor><username>the epopt</username><id /></contributor></revision><categories><category>scottishamerican</category><category>american film actor</category><category>peopl from mississippi</category><category>mississippi actor</category><category>american televis actor</category><category>live peopl</category><category>birth</category><category>peopl from california</category><category>american hunter</category><category>california republican</category></categories></header><bdy><template><name>infobox actor</name><parameters><image width="150px" src="Gerald_McRaney.jpg"><caption>gerald mcraneyjpg</caption></image><birthplace><village wordnetid="108672738" confidence="0.9508927676800064"><link ns0:type="simple" ns0:href="../260/122260.xml">collin mississippi</link></village></birthplace><spouse><person wordnetid="100007846" confidence="0.9508927676800064"><actress wordnetid="109767700" confidence="0.9173553029164789"><actor wordnetid="109765278" confidence="0.9508927676800064"><link ns0:type="simple" ns0:href="../130/653130.xml">delta burk</link></actor></actress></person>presentpat moran divorc childbeverli root divorc children</spouse><name>gerald mcraney</name><birthdate>august age</birthdate><birthname>gerald lee mcraney</birthname></parameters></template><p>gerald lee mac mcraney born<link ns0:type="simple" ns0:href="../497/1497.xml">august</link><link ns0:type="simple" ns0:href="../584/34584.xml" /><link ns0:type="simple" ns0:href="../750/3434750.xml">american</link><link ns0:type="simple" ns0:href="../831/29831.xml">televis</link>and<link ns0:type="simple" ns0:href="../571/10571.xml">movi</link><link ns0:type="simple" ns0:href="../753/753.xml">actor</link></p><sec><st>biographi</st><ss1><st>earli life</st><p>mcraney pronounc mack rainey born<village wordnetid="108672738" confidence="0.9508927676800064"><link ns0:type="simple" ns0:href="../260/122260.xml">collin mississippi</link></village><country wordnetid="108544813" confidence="0.9508927676800064"><link ns0:type="simple" ns0:href="../994/26994.xml">scottish</link></country>and<ethnic_group wordnetid="107967382" confidence="0.9508927676800064"><link ns0:type="simple" ns0:href="../222/7222.xml">choctaw</link></ethnic_group>indian ancestri befor hit big actor mcraney work the louisiana oil field also star night bloodi horror lowbudget slasher film which play the lead charact wesley stuart wesley goe out kill spree while experienc the nightmar brother who murder year prior</p></ss1><ss1><st>career</st><p>hold the distinct the last guest star meet<fictional_character wordnetid="109587565" confidence="0.8"><imaginary_being wordnetid="109483738" confidence="0.8"><link ns0:type="simple" ns0:href="../667/2103667.xml">marshal matt dillon</link></imaginary_being></fictional_character>gunfight<series wordnetid="108457976" confidence="0.9508927676800064"><link ns0:type="simple" ns0:href="../220/174220.xml">gunsmok</link></series>the episod hard labor which first broadcast<link ns0:type="simple" ns0:href="../007/11007.xml">februari</link><link ns0:type="simple" ns0:href="../752/34752.xml" />lost also play derang polic chief episod<link ns0:type="simple" ns0:href="../407/1140407.xml">the incred hulk</link>receptionist two differ episod<series wordnetid="108457976" confidence="0.9508927676800064"><link ns0:type="simple" ns0:href="../362/288362.xml">the rockford file</link></series>well<link ns0:type="simple" ns0:href="../034/14034.xml">heroin</link>addict<conflict wordnetid="100958896" confidence="0.9508927676800064"><link ns0:type="simple" ns0:href="../611/32611.xml">vietnam</link></conflict>veteran one episod<link ns0:type="simple" ns0:href="../690/39690.xml">hawaii</link>mcraney perhap best known one the star the televis show<series wordnetid="108457976" confidence="0.9508927676800064"><link ns0:type="simple" ns0:href="../722/1783722.xml">simon simon</link></series>veteran actor televis also known for star role<series wordnetid="108457976" confidence="0.9508927676800064"><link ns0:type="simple" ns0:href="../166/1444166.xml">major dad</link></series>and<series wordnetid="108457976" confidence="0.9508927676800064"><link ns0:type="simple" ns0:href="../889/779889.xml">promis land</link></series>and recur role<series wordnetid="108457976" confidence="0.9508927676800064"><link ns0:type="simple" ns0:href="../225/180225.xml">design women</link></series>play promin role the second and third season<link ns0:type="simple" ns0:href="../530/4765530.xml">hbo</link>televis seri<series wordnetid="108457976" confidence="0.9508927676800064"><link ns0:type="simple" ns0:href="../893/762893.xml">deadwood</link></series>fame gold prospector<person wordnetid="100007846" confidence="0.9508927676800064"><link ns0:type="simple" ns0:href="../849/875849.xml">georg hearst</link></person>mcraney had star role the<network wordnetid="108434259" confidence="0.9508927676800064"><link ns0:type="simple" ns0:href="../653/37653.xml" /></network>postapocalypt seri<series wordnetid="108457976" confidence="0.9508927676800064"><link ns0:type="simple" ns0:href="../229/5478229.xml">jericho</link></series>mayor green addit act mani televis film such not our son for broke gener<link ns0:type="simple" ns0:href="../090/42090.xml">georg patton</link>and appear dan father season two<series wordnetid="108457976" confidence="0.9508927676800064"><link ns0:type="simple" ns0:href="../957/999957.xml">one tree hill</link></series></p><p>star the film<movie wordnetid="106613686" confidence="0.9508927676800064"><link ns0:type="simple" ns0:href="../850/9883850.xml">holiday romanc</link></movie>cal peterson</p></ss1><ss1><st>person life</st><p>marri actress<person wordnetid="100007846" confidence="0.9508927676800064"><actress wordnetid="109767700" confidence="0.9173553029164789"><actor wordnetid="109765278" confidence="0.9508927676800064"><link ns0:type="simple" ns0:href="../130/653130.xml">delta burk</link></actor></actress></person>whom met dure guest appear burk sitcom<series wordnetid="108457976" confidence="0.9508927676800064"><link ns0:type="simple" ns0:href="../225/180225.xml">design women</link></series><link ns0:type="simple" ns0:href="../672/19672.xml">may</link><link ns0:type="simple" ns0:href="../847/34847.xml" />she third wife they met earlier episod simon and simon although not veteran himself mcraney alway been veri support veteran made mani visit support the soldier<conflict wordnetid="100958896" confidence="0.9508927676800064"><link ns0:type="simple" ns0:href="../000/182000.xml">oper desert storm</link></conflict>person deliv messag that bless the troop win the war dure one<link ns0:type="simple" ns0:href="../307/188307.xml">uso</link>sponsor trip mcraney visit the sailor and marin board ship port<region wordnetid="108630985" confidence="0.8"><administrative_district wordnetid="108491826" confidence="0.8"><location wordnetid="100027167" confidence="0.8"><commune wordnetid="108541609" confidence="0.8"><district wordnetid="108552138" confidence="0.8"><link ns0:type="simple" ns0:href="../992/50992.xml">toulon</link></district></commune></location></administrative_district></region><country wordnetid="108544813" confidence="0.9508927676800064"><link ns0:type="simple" ns0:href="../419/5843419.xml">franc</link></country><link ns0:type="simple" ns0:href="../452/8948452.xml">thanksgiv</link>sign autograph for the men board the ship while board the<career wordnetid="100583246" confidence="0.9508927676800064"><image wordnetid="105928118" confidence="0.9508927676800064"><feature wordnetid="105849789" confidence="0.9508927676800064"><link ns0:type="simple" ns0:href="../002/1504002.xml">uss ashland</link></feature></image></career>even autograph one sailor cowboy hat</p><p>polit<link ns0:type="simple" ns0:href="../675/6675.xml">conserv</link><link ns0:type="simple" ns0:href="../070/32070.xml">republican</link><ref ns0:type="simple" ns0:href="#xpointer(//reflist/entry[@id=%221%22])" />member the<organization wordnetid="108008335" confidence="0.9508927676800064"><link ns0:type="simple" ns0:href="../101/70101.xml">nation rifl associ</link></organization>nra septemb mcraney treat appar complet success surgic for<link ns0:type="simple" ns0:href="../450/18450.xml">lung cancer</link><village wordnetid="108672738" confidence="0.9508927676800064"><link ns0:type="simple" ns0:href="../774/13774.xml">houston texa</link></village></p></ss1></sec><sec><st>extern link</st><p><list><entry level="1" type="bullet"><weblink ns0:type="simple" ns0:href="http://www.cbs.com/primetime/jericho/bio.php#gerald">gerald mcraney bio jericho</weblink></entry><entry level="1" type="bullet"><weblink ns0:type="simple" ns0:href="http://www.imdb.com/name/nm0574468/">gerald mcraney</weblink>the<web_site wordnetid="106359193" confidence="0.9508927676800064"><link ns0:type="simple" ns0:href="../554/2855554.xml">internet movi databas</link></web_site></entry></list></p></sec><sec><st>refer</st><p><reflist><entry id="1"><weblink ns0:type="simple" ns0:href="http://tv.yahoo.com/gerald-mcraney/contributor/711581/bio">gerald mcraney yahoo</weblink></entry></reflist></p><p><table id="persondata" class="persondata"><header colspan="2" /><row><col class="persondata-label">name</col><col>mcraney gerald</col></row><row><col class="persondata-label">altern name</col></row><row><col class="persondata-label">short descript</col><col>actor</col></row><row><col class="persondata-label">date birth</col><col><link ns0:type="simple" ns0:href="../497/1497.xml">august</link><link ns0:type="simple" ns0:href="../584/34584.xml" /></col></row><row><col class="persondata-label">place birth</col><col><village wordnetid="108672738" confidence="0.9508927676800064"><link ns0:type="simple" ns0:href="../260/122260.xml">collin mississippi</link></village></col></row><row><col class="persondata-label">date death</col></row><row><col class="persondata-label">place death</col></row></table></p></sec></bdy></actor></entity></republican></person></hunter></article>