<article xmlns:ns0="http://www.w3.org/1999/xlink"><surgeon confidence="0.9511911446218017" wordnetid="110679174"><fictional_character confidence="0.9508927676800064" wordnetid="109587565"><header><title>jac naylor</title><id /><revision><id /><timestamp /><contributor><username>raymondwinn</username><id /></contributor></revision><categories><category>televis articl that need differenti between fact and fiction</category><category>fiction surgeon</category><category>holbi citi charact</category></categories></header><bdy><template><name>infobox charact</name><parameters><image width="250px" src="JacNaylor.JPG" /><colour><list><entry level="1" type="number">ddff</entry></list></colour><occupation><link ns0:type="simple" ns0:href="../242/320242.xml">cardio</link><link ns0:type="simple" ns0:href="../601/262601.xml">thorac</link><link ns0:type="simple" ns0:href="../346/1431346.xml">registrar</link>prev gener surgic registrar</occupation><time>present</time><portrayer><actor wordnetid="109765278" confidence="0.9508927676800064"><link ns0:type="simple" ns0:href="../295/6766295.xml">rosi marcel</link></actor></portrayer><name>jac naylor</name><first><link ns0:type="simple" ns0:href="../984/35984.xml" /></first></parameters></template><table class="metadata plainlinks ambox "><row><col>amboxcont style</col></row><row><col class="mbox-image"><p><image width="40x40px" src="Ambox_content.png" /></p></col><col style="" class="mbox-text">thi relat articl section describ aspect the seri primarili style pleas<weblink ns0:type="simple" ns0:href="http://localhost:18088/wiki/index.php?title=Jac_Naylor action=edit">rewrit thi articl section</weblink></col></row></table><p>jacquelin jac naylor the name<link ns0:type="simple" ns0:href="../749/76749.xml">fiction charact</link>the bbc televis seri<series wordnetid="108457976" confidence="0.9508927676800064"><link ns0:type="simple" ns0:href="../298/1460298.xml">holbi citi</link></series>the charact portray actress<actor wordnetid="109765278" confidence="0.9508927676800064"><link ns0:type="simple" ns0:href="../295/6766295.xml">rosi marcel</link></actor><ref ns0:type="simple" ns0:href="#xpointer(//reflist/entry[@id=%221%22])" />the charact first appear onscreen<link ns0:type="simple" ns0:href="../526/21526.xml">novemb</link><link ns0:type="simple" ns0:href="../866/1108866.xml" />episod bird wire<link ns0:type="simple" ns0:href="../211/9451211.xml#xpointer(//*[./st=%22Series+Eight+(2005-2006)%22])">seri</link>episod the programm<ref ns0:type="simple" ns0:href="#xpointer(//reflist/entry[@id=%222%22])" /></p><sec><st>background</st><p>jac grew<link ns0:type="simple" ns0:href="../721/387721.xml">foster care</link>for reason current unknown beyond thi littl known her histori prior arriv holbi citi hospit although been reveal that she onc work alongsid gener surgic consult<link ns0:type="simple" ns0:href="../411/3838411.xml">nick jordan</link><link ns0:type="simple" ns0:href="../177/2251177.xml">sho</link>and that the two them were relationship until such time blame surgic error her much the same fashion would later damag<link>dian lloyd</link>career</p></sec><sec><st>overview</st><p>jac veri strongwil woman who believ speak bluntli and polit player she qualm about use peopl further her career constantli tri steal credit for herself from former colleagu dian lloyd success and enter relationship with both<fictional_character wordnetid="109587565" confidence="0.9508927676800064"><link ns0:type="simple" ns0:href="../656/11093656.xml">joseph byrn</link></fictional_character>and father<link ns0:type="simple" ns0:href="../377/5184377.xml#xpointer(//*[./st=%22Relatives+2%22])">lord charl byrn</link>order benefit from lord byrn influenc she also been seen manipul patient for the sake perform glamor surgeri put her own opportun befor patient care</p></sec><sec><st>charact histori</st><p>jac arriv holbi citi hospit episod bird wire she part larg team undertak<link ns0:type="simple" ns0:href="../817/612817.xml">hemicorporectomi</link>and use the opportun make impress gener surgic consult<fictional_character wordnetid="109587565" confidence="0.9508927676800064"><link ns0:type="simple" ns0:href="../830/10779830.xml">ric griffin</link></fictional_character>hope offer perman role holbi although she fail thi occas she not deter and sever week later arriv back the hospit determin work her way<link ns0:type="simple" ns0:href="../306/542306.xml">consult</link></p><p>when<fictional_character wordnetid="109587565" confidence="0.9508927676800064"><link ns0:type="simple" ns0:href="../832/9965832.xml">abra durant</link></fictional_character>termin consult posit earli jac hope promot fill role and disappoint when<link>dian lloyd</link>chosen instead dian promot<link>dan clifford</link>who replac ric when left take sabbat<country wordnetid="108544813" confidence="0.9508927676800064"><link ns0:type="simple" ns0:href="../816/31816.xml">uganda</link></country>jac relationship with dan notabl poor refer her the sardon nicknam oliv base comparison between her diminut statur and that<comic_strip wordnetid="107003352" confidence="0.9508927676800064"><link ns0:type="simple" ns0:href="../047/10215047.xml">popey</link></comic_strip>girlfriend<fictional_character wordnetid="109587565" confidence="0.8"><imaginary_being wordnetid="109483738" confidence="0.8"><link ns0:type="simple" ns0:href="../796/162796.xml">oliv oyl</link></imaginary_being></fictional_character>despit numer attempt impress him dan remain bemus jac aggress desir for promot and lack moral</p><p>these characterist can clearli seen jac deal with the byrn famili she began relationship with<fictional_character wordnetid="109587565" confidence="0.9508927676800064"><link ns0:type="simple" ns0:href="../656/11093656.xml">joseph byrn</link></fictional_character>hope benefit from father<link ns0:type="simple" ns0:href="../377/5184377.xml#xpointer(//*[./st=%22Relatives+2%22])">lord byrn</link>influenc although she did win her way onto medic trip dubai organis lord byrn when her desir reach consult went unmet she went far begin sexual relationship with him well son tire week deceit lord byrn eventu reveal the truth joseph and later began divorc proceed against wife<link ns0:type="simple" ns0:href="../377/5184377.xml#xpointer(//*[./st=%22Relatives%22])">annemari</link>made deal with ric that would support<link>thandi abeb</link><link ns0:type="simple" ns0:href="../613/25613.xml">racism</link>complaint against<fictional_character wordnetid="109587565" confidence="0.9508927676800064"><link ns0:type="simple" ns0:href="../028/10780028.xml">elliot hope</link></fictional_character>ric would consid jac for promot despit thi episod temporari insan not onli did ric turn jac down for promot but lord byrn die follow<link ns0:type="simple" ns0:href="../404/625404.xml">stroke</link>and<link ns0:type="simple" ns0:href="../165/207165.xml">pulmonari embol</link>with her chanc promot ruin jac went out her way hurt joseph further attend lord byrn funer against the famili wish prompt joseph fli into rage and verbal attack her jac threw nasti insult back joseph say that wasnt there when father need him joseph lash out and smack jac hard the face jac fell and hit her face the arm chair and lay the floor with her nose bleed and laugh front joseph who storm off</p><p>the august jac sure that she would get posit clifford specialist team but later anger when she discov joseph also appli for the role jac warn<fictional_character wordnetid="109587565" confidence="0.9508927676800064"><link ns0:type="simple" ns0:href="../656/11093656.xml">joseph</link></fictional_character>that she could make thing veri difficult for him joseph laugh thi off and jac slap him across the face twice state now were even just dan and louis clifford enter the corridor see the whole thing<link>dan</link>favour joseph but louis favour jac jac enter her offic with her makeup remov show louis clifford her bruis that joseph gave her louis later inform joseph that hadnt got the job but jac had</p><p>the septemb jac sexual assault patient alan clooney lola found her and hit alan clooney the head with piec scaffold howev jac decid not tell the polic becaus she did not want seen victim</p><p>march alan clooney made second visit when wife admit hospit later that day she charg for murder when stab death the hospit stairwel later that night she off the murder case when girl the scene the murder confess the polic that she stab alan clooney with pair scissor after rape her</p><p>after discov the exist fay first husband luca michael jac rush tell joseph and attempt warn him unfortun jac crash her motorbik the way back holbi and left unconsi the side the road fay howev had seen jac leav after her meet with luca</p></sec><sec><st>refer</st><p><reflist><entry id="1"><weblink ns0:type="simple" ns0:href="http://www.bbc.co.uk/drama/holbycity/characters/profiles/index.shtml?content/_jac/page1">bbc holbi citi charact</weblink><link ns0:type="simple" ns0:href="../514/638514.xml">bbccouk</link>retriev<link /></entry><entry id="2"><weblink ns0:type="simple" ns0:href="http://www.bbc.co.uk/drama/holbycity/storyupdates/index.shtml?20051122">episod updat tuesday novemb</weblink><link ns0:type="simple" ns0:href="../514/638514.xml">bbccouk</link><link ns0:type="simple" ns0:href="../526/21526.xml">novemb</link><link ns0:type="simple" ns0:href="../984/35984.xml" />retriev<link /></entry></reflist></p></sec><sec><st>extern link</st><p><list><entry level="1" type="bullet"><weblink ns0:type="simple" ns0:href="http://www.bbc.co.uk/drama/holbycity/characters/profiles/index.shtml?content/_jac/page1">charact page bbc holbi citi homepag</weblink></entry><entry level="1" type="bullet"><weblink ns0:type="simple" ns0:href="http://www.holby.tv/db/index.php?id=56,1600,0,0,1,0">profil holbytv fansit</weblink></entry></list></p><p><table style=";" class="navbox" cellspacing="0"><row><col style="padding:2px;"><table style="width:100%;background:transparent;color:inherit;;" class="nowraplinks collapsible autocollapse " cellspacing="0"><row><header colspan="2" style=";background: #ccddff;" class="navbox-title"><region wordnetid="108630985" confidence="0.8"><building wordnetid="102913152" confidence="0.8"><structure wordnetid="104341686" confidence="0.8"><administrative_district wordnetid="108491826" confidence="0.8"><location wordnetid="100027167" confidence="0.8"><municipality wordnetid="108626283" confidence="0.8"><medical_building wordnetid="103739518" confidence="0.8"><city wordnetid="108524735" confidence="0.8"><artifact wordnetid="100021939" confidence="0.8"><geographical_area wordnetid="108574314" confidence="0.8"><district wordnetid="108552138" confidence="0.8"><hospital wordnetid="103540595" confidence="0.8"><urban_area wordnetid="108675967" confidence="0.8"><link ns0:type="simple" ns0:href="../260/1470260.xml">holbi</link></urban_area></hospital></district></geographical_area></artifact></city></medical_building></municipality></location></administrative_district></structure></building></region></header></row><row style="height:2px;" /><row><col style=";background: #ccddff;;" class="navbox-group"><series wordnetid="108457976" confidence="0.9508927676800064"><link ns0:type="simple" ns0:href="../664/743664.xml">casualti</link></series></col><col style="text-align:left;border-left:2px solid #fdfdfd;width:100%;padding:0px;;;" class="navbox-list navbox-odd"><table style="width:100%;;;;" class="nowraplinks  navbox-subgroup" cellspacing="0"><row><col style=";padding-left:0em;padding-right:0em;;" class="navbox-group"><link ns0:type="simple" ns0:href="../515/11109515.xml">episod</link>seri</col><col style="text-align:left;border-left:2px solid #fdfdfd;width:100%;padding:0px;;;" class="navbox-list navbox-odd"><link /><link /><link /><link /><link /><link /><link /><link /><link /><link /><link /><link /><link /><link /><link /><link /><link /><link /><link /><link /><link /><link /><link /></col></row><row style="height:2px" /><row><col colspan="2" style="width:100%;padding:0px;;;" class="navbox-list navbox-even"><receptionist wordnetid="110511069" confidence="0.9173553029164789"><nurse wordnetid="110366966" confidence="0.9173553029164789"><registrar wordnetid="110517137" confidence="0.9173553029164789"><specialist wordnetid="110631941" confidence="0.9173553029164789"><adviser wordnetid="109774266" confidence="0.9173553029164789"><paramedic wordnetid="110398176" confidence="0.9173553029164789"><military_officer wordnetid="110317007" confidence="0.9173553029164789"><link ns0:type="simple" ns0:href="../002/16001002.xml#xpointer(//*[./st=%22Charlie+Fairhead%22])">charli fairhead</link></military_officer></paramedic></adviser></specialist></registrar></nurse></receptionist><receptionist wordnetid="110511069" confidence="0.9173553029164789"><nurse wordnetid="110366966" confidence="0.9173553029164789"><registrar wordnetid="110517137" confidence="0.9173553029164789"><specialist wordnetid="110631941" confidence="0.9173553029164789"><adviser wordnetid="109774266" confidence="0.9173553029164789"><paramedic wordnetid="110398176" confidence="0.9173553029164789"><military_officer wordnetid="110317007" confidence="0.9173553029164789"><link ns0:type="simple" ns0:href="../002/16001002.xml#xpointer(//*[./st=%22Tess+Bateman%22])">tess bateman</link></military_officer></paramedic></adviser></specialist></registrar></nurse></receptionist><receptionist wordnetid="110511069" confidence="0.9173553029164789"><nurse wordnetid="110366966" confidence="0.9173553029164789"><registrar wordnetid="110517137" confidence="0.9173553029164789"><specialist wordnetid="110631941" confidence="0.9173553029164789"><adviser wordnetid="109774266" confidence="0.9173553029164789"><paramedic wordnetid="110398176" confidence="0.9173553029164789"><military_officer wordnetid="110317007" confidence="0.9173553029164789"><link ns0:type="simple" ns0:href="../002/16001002.xml#xpointer(//*[./st=%22Abs+Denham%22])">denham</link></military_officer></paramedic></adviser></specialist></registrar></nurse></receptionist><receptionist wordnetid="110511069" confidence="0.9173553029164789"><nurse wordnetid="110366966" confidence="0.9173553029164789"><registrar wordnetid="110517137" confidence="0.9173553029164789"><specialist wordnetid="110631941" confidence="0.9173553029164789"><adviser wordnetid="109774266" confidence="0.9173553029164789"><paramedic wordnetid="110398176" confidence="0.9173553029164789"><military_officer wordnetid="110317007" confidence="0.9173553029164789"><link ns0:type="simple" ns0:href="../002/16001002.xml#xpointer(//*[./st=%22Kelsey+Phillips%22])">kelsey phillip</link></military_officer></paramedic></adviser></specialist></registrar></nurse></receptionist><receptionist wordnetid="110511069" confidence="0.9173553029164789"><nurse wordnetid="110366966" confidence="0.9173553029164789"><registrar wordnetid="110517137" confidence="0.9173553029164789"><specialist wordnetid="110631941" confidence="0.9173553029164789"><adviser wordnetid="109774266" confidence="0.9173553029164789"><paramedic wordnetid="110398176" confidence="0.9173553029164789"><military_officer wordnetid="110317007" confidence="0.9173553029164789"><link ns0:type="simple" ns0:href="../002/16001002.xml#xpointer(//*[./st=%22Alice+Chantrey%22])">alic chantrey</link></military_officer></paramedic></adviser></specialist></registrar></nurse></receptionist><receptionist wordnetid="110511069" confidence="0.9173553029164789"><nurse wordnetid="110366966" confidence="0.9173553029164789"><registrar wordnetid="110517137" confidence="0.9173553029164789"><specialist wordnetid="110631941" confidence="0.9173553029164789"><adviser wordnetid="109774266" confidence="0.9173553029164789"><paramedic wordnetid="110398176" confidence="0.9173553029164789"><military_officer wordnetid="110317007" confidence="0.9173553029164789"><link ns0:type="simple" ns0:href="../002/16001002.xml#xpointer(//*[./st=%22Dixie+Dixon%22])">dixi dixon</link></military_officer></paramedic></adviser></specialist></registrar></nurse></receptionist><receptionist wordnetid="110511069" confidence="0.9173553029164789"><nurse wordnetid="110366966" confidence="0.9173553029164789"><registrar wordnetid="110517137" confidence="0.9173553029164789"><specialist wordnetid="110631941" confidence="0.9173553029164789"><adviser wordnetid="109774266" confidence="0.9173553029164789"><paramedic wordnetid="110398176" confidence="0.9173553029164789"><military_officer wordnetid="110317007" confidence="0.9173553029164789"><link ns0:type="simple" ns0:href="../002/16001002.xml#xpointer(//*[./st=%22Jeff+Collier%22])">jeff collier</link></military_officer></paramedic></adviser></specialist></registrar></nurse></receptionist><receptionist wordnetid="110511069" confidence="0.9173553029164789"><nurse wordnetid="110366966" confidence="0.9173553029164789"><registrar wordnetid="110517137" confidence="0.9173553029164789"><specialist wordnetid="110631941" confidence="0.9173553029164789"><adviser wordnetid="109774266" confidence="0.9173553029164789"><paramedic wordnetid="110398176" confidence="0.9173553029164789"><military_officer wordnetid="110317007" confidence="0.9173553029164789"><link ns0:type="simple" ns0:href="../002/16001002.xml#xpointer(//*[./st=%22Toby+De+Silva%22])">tobi silva</link></military_officer></paramedic></adviser></specialist></registrar></nurse></receptionist><receptionist wordnetid="110511069" confidence="0.9173553029164789"><nurse wordnetid="110366966" confidence="0.9173553029164789"><registrar wordnetid="110517137" confidence="0.9173553029164789"><specialist wordnetid="110631941" confidence="0.9173553029164789"><adviser wordnetid="109774266" confidence="0.9173553029164789"><paramedic wordnetid="110398176" confidence="0.9173553029164789"><military_officer wordnetid="110317007" confidence="0.9173553029164789"><link ns0:type="simple" ns0:href="../002/16001002.xml#xpointer(//*[./st=%22Ruth+Winters%22])">ruth winter</link></military_officer></paramedic></adviser></specialist></registrar></nurse></receptionist><receptionist wordnetid="110511069" confidence="0.9173553029164789"><nurse wordnetid="110366966" confidence="0.9173553029164789"><registrar wordnetid="110517137" confidence="0.9173553029164789"><specialist wordnetid="110631941" confidence="0.9173553029164789"><adviser wordnetid="109774266" confidence="0.9173553029164789"><paramedic wordnetid="110398176" confidence="0.9173553029164789"><military_officer wordnetid="110317007" confidence="0.9173553029164789"><link ns0:type="simple" ns0:href="../002/16001002.xml#xpointer(//*[./st=%22Adam+Trueman%22])">adam trueman</link></military_officer></paramedic></adviser></specialist></registrar></nurse></receptionist><receptionist wordnetid="110511069" confidence="0.9173553029164789"><nurse wordnetid="110366966" confidence="0.9173553029164789"><registrar wordnetid="110517137" confidence="0.9173553029164789"><specialist wordnetid="110631941" confidence="0.9173553029164789"><adviser wordnetid="109774266" confidence="0.9173553029164789"><paramedic wordnetid="110398176" confidence="0.9173553029164789"><military_officer wordnetid="110317007" confidence="0.9173553029164789"><link ns0:type="simple" ns0:href="../002/16001002.xml#xpointer(//*[./st=%22Big+Mac%22])">big mac</link></military_officer></paramedic></adviser></specialist></registrar></nurse></receptionist><receptionist wordnetid="110511069" confidence="0.9173553029164789"><nurse wordnetid="110366966" confidence="0.9173553029164789"><registrar wordnetid="110517137" confidence="0.9173553029164789"><specialist wordnetid="110631941" confidence="0.9173553029164789"><adviser wordnetid="109774266" confidence="0.9173553029164789"><paramedic wordnetid="110398176" confidence="0.9173553029164789"><military_officer wordnetid="110317007" confidence="0.9173553029164789"><link ns0:type="simple" ns0:href="../002/16001002.xml#xpointer(//*[./st=%22Zoe+Hanna%22])">zoe hanna</link></military_officer></paramedic></adviser></specialist></registrar></nurse></receptionist><receptionist wordnetid="110511069" confidence="0.9173553029164789"><nurse wordnetid="110366966" confidence="0.9173553029164789"><registrar wordnetid="110517137" confidence="0.9173553029164789"><specialist wordnetid="110631941" confidence="0.9173553029164789"><adviser wordnetid="109774266" confidence="0.9173553029164789"><paramedic wordnetid="110398176" confidence="0.9173553029164789"><military_officer wordnetid="110317007" confidence="0.9173553029164789"><link ns0:type="simple" ns0:href="../002/16001002.xml#xpointer(//*[./st=%22Noel+Garcia%22])">noel garcia</link></military_officer></paramedic></adviser></specialist></registrar></nurse></receptionist><receptionist wordnetid="110511069" confidence="0.9173553029164789"><nurse wordnetid="110366966" confidence="0.9173553029164789"><registrar wordnetid="110517137" confidence="0.9173553029164789"><specialist wordnetid="110631941" confidence="0.9173553029164789"><adviser wordnetid="109774266" confidence="0.9173553029164789"><paramedic wordnetid="110398176" confidence="0.9173553029164789"><military_officer wordnetid="110317007" confidence="0.9173553029164789"><link ns0:type="simple" ns0:href="../002/16001002.xml#xpointer(//*[./st=%22Jessica+Harrison%22])">jessica harrison</link></military_officer></paramedic></adviser></specialist></registrar></nurse></receptionist><receptionist wordnetid="110511069" confidence="0.9173553029164789"><nurse wordnetid="110366966" confidence="0.9173553029164789"><registrar wordnetid="110517137" confidence="0.9173553029164789"><specialist wordnetid="110631941" confidence="0.9173553029164789"><adviser wordnetid="109774266" confidence="0.9173553029164789"><paramedic wordnetid="110398176" confidence="0.9173553029164789"><military_officer wordnetid="110317007" confidence="0.9173553029164789"><link ns0:type="simple" ns0:href="../002/16001002.xml#xpointer(//*[./st=%22Snezana+Lalovic%22])">snezana lalov</link></military_officer></paramedic></adviser></specialist></registrar></nurse></receptionist><receptionist wordnetid="110511069" confidence="0.9173553029164789"><nurse wordnetid="110366966" confidence="0.9173553029164789"><registrar wordnetid="110517137" confidence="0.9173553029164789"><specialist wordnetid="110631941" confidence="0.9173553029164789"><adviser wordnetid="109774266" confidence="0.9173553029164789"><paramedic wordnetid="110398176" confidence="0.9173553029164789"><military_officer wordnetid="110317007" confidence="0.9173553029164789"><link ns0:type="simple" ns0:href="../002/16001002.xml#xpointer(//*[./st=%22Curtis+Cooper%22])">curti cooper</link></military_officer></paramedic></adviser></specialist></registrar></nurse></receptionist><link ns0:type="simple" ns0:href="../411/3838411.xml">nick jordan</link></col></row><row style="height:2px" /><row><col colspan="2" style="width:100%;padding:0px;;;" class="navbox-list navbox-odd"><receptionist wordnetid="110511069" confidence="0.9173553029164789"><nurse wordnetid="110366966" confidence="0.9173553029164789"><registrar wordnetid="110517137" confidence="0.9173553029164789"><specialist wordnetid="110631941" confidence="0.9173553029164789"><adviser wordnetid="109774266" confidence="0.9173553029164789"><paramedic wordnetid="110398176" confidence="0.9173553029164789"><military_officer wordnetid="110317007" confidence="0.9173553029164789"><link ns0:type="simple" ns0:href="../002/16001002.xml">current cast</link></military_officer></paramedic></adviser></specialist></registrar></nurse></receptionist><fictional_character wordnetid="109587565" confidence="0.8"><imaginary_being wordnetid="109483738" confidence="0.8"><link ns0:type="simple" ns0:href="../263/12984263.xml">origin cast</link></imaginary_being></fictional_character><link ns0:type="simple" ns0:href="../397/3767397.xml#xpointer(//*[./st=%22Former+cast%22])">former cast</link></col></row></table></col></row><row style="height:2px" /><row><col style=";background: #ccddff;;" class="navbox-group"><series wordnetid="108457976" confidence="0.9508927676800064"><link ns0:type="simple" ns0:href="../298/1460298.xml">holbi citi</link></series></col><col style="text-align:left;border-left:2px solid #fdfdfd;width:100%;padding:0px;;;" class="navbox-list navbox-even"><table style="width:100%;;;;" class="nowraplinks  navbox-subgroup" cellspacing="0"><row><col style=";padding-left:0em;padding-right:0em;;" class="navbox-group"><link ns0:type="simple" ns0:href="../572/11109572.xml">episod</link>seri</col><col style="text-align:left;border-left:2px solid #fdfdfd;width:100%;padding:0px;;;" class="navbox-list navbox-odd"><link /><link /><link /><link ns0:type="simple" ns0:href="../601/9271601.xml#xpointer(//*[./st=%22Series+Four+(2001=E2=80=932002)%22])" /><link ns0:type="simple" ns0:href="../619/9271619.xml#xpointer(//*[./st=%22Series+Five+(2002=E2=80=932003)%22])" /><link ns0:type="simple" ns0:href="../806/9275806.xml#xpointer(//*[./st=%22Series+Six+(2003=E2=80=932004)%22])" /><link ns0:type="simple" ns0:href="../580/9369580.xml#xpointer(//*[./st=%22Series+Seven+(2004=E2=80=932005)%22])" /><link ns0:type="simple" ns0:href="../211/9451211.xml#xpointer(//*[./st=%22Series+Eight+(2005=E2=80=932006)%22])" /><link ns0:type="simple" ns0:href="../639/9597639.xml#xpointer(//*[./st=%22Series+Nine+(2006=E2=80=932007)%22])" /><link ns0:type="simple" ns0:href="../038/12976038.xml#xpointer(//*[./st=%22Series+Ten+(2007=E2=80=932008)%22])" /><link ns0:type="simple" ns0:href="../412/19440412.xml#xpointer(//*[./st=%22Series+Eleven+(2008=E2=80=932009)%22])" /></col></row><row style="height:2px" /><row><col colspan="2" style="width:100%;padding:0px;;;" class="navbox-list navbox-even"><fictional_character wordnetid="109587565" confidence="0.9508927676800064"><link ns0:type="simple" ns0:href="../192/4080192.xml">chrissi william</link></fictional_character><fictional_character wordnetid="109587565" confidence="0.9508927676800064"><link ns0:type="simple" ns0:href="../830/10779830.xml">ric griffin</link></fictional_character><fictional_character wordnetid="109587565" confidence="0.9508927676800064"><link ns0:type="simple" ns0:href="../605/11137605.xml">donna jackson</link></fictional_character><fictional_character wordnetid="109587565" confidence="0.9508927676800064"><link ns0:type="simple" ns0:href="../919/7287919.xml">conni beauchamp</link></fictional_character><fictional_character wordnetid="109587565" confidence="0.9508927676800064"><link ns0:type="simple" ns0:href="../056/11137056.xml">mark william</link></fictional_character><fictional_character wordnetid="109587565" confidence="0.9508927676800064"><link ns0:type="simple" ns0:href="../248/11067248.xml">lola griffin</link></fictional_character><fictional_character wordnetid="109587565" confidence="0.9508927676800064"><link ns0:type="simple" ns0:href="../832/9965832.xml">abra durant</link></fictional_character><fictional_character wordnetid="109587565" confidence="0.9508927676800064"><link ns0:type="simple" ns0:href="../028/10780028.xml">elliot hope</link></fictional_character><fictional_character wordnetid="109587565" confidence="0.9508927676800064"><link ns0:type="simple" ns0:href="../842/10735842.xml">jac naylor</link></fictional_character><fictional_character wordnetid="109587565" confidence="0.9508927676800064"><link ns0:type="simple" ns0:href="../207/11137207.xml">sam strachan</link></fictional_character><fictional_character wordnetid="109587565" confidence="0.9508927676800064"><link ns0:type="simple" ns0:href="../656/11093656.xml">joseph byrn</link></fictional_character><fictional_character wordnetid="109587565" confidence="0.9508927676800064"><link ns0:type="simple" ns0:href="../329/9865329.xml">kyla tyson</link></fictional_character><fictional_character wordnetid="109587565" confidence="0.9508927676800064"><link ns0:type="simple" ns0:href="../629/11144629.xml">maria kendal</link></fictional_character><fictional_character wordnetid="109587565" confidence="0.9508927676800064"><link ns0:type="simple" ns0:href="../536/11144536.xml">maddi young</link></fictional_character><fictional_character wordnetid="109587565" confidence="0.9508927676800064"><link ns0:type="simple" ns0:href="../738/10739738.xml">fay morton</link></fictional_character><fictional_character wordnetid="109587565" confidence="0.9508927676800064"><link ns0:type="simple" ns0:href="../399/12329399.xml">jayn grayson</link></fictional_character><fictional_character wordnetid="109587565" confidence="0.9508927676800064"><link ns0:type="simple" ns0:href="../023/14252023.xml">michael spenc</link></fictional_character><fictional_character wordnetid="109587565" confidence="0.9508927676800064"><link ns0:type="simple" ns0:href="../869/15506869.xml">linden cullen</link></fictional_character><fictional_character wordnetid="109587565" confidence="0.9508927676800064"><link ns0:type="simple" ns0:href="../885/17199885.xml">daisha anderson</link></fictional_character></col></row><row style="height:2px" /><row><col colspan="2" style="width:100%;padding:0px;;;" class="navbox-list navbox-odd"><link ns0:type="simple" ns0:href="../780/8960780.xml#xpointer(//*[./st=%22Current+cast%22])">current cast</link><cardiologist wordnetid="109894445" confidence="0.9173553029164789"><president wordnetid="110468962" confidence="0.9173553029164789"><assistant wordnetid="109815790" confidence="0.9173553029164789"><physical_therapist wordnetid="110427764" confidence="0.9173553029164789"><nurse wordnetid="110366966" confidence="0.9173553029164789"><registrar wordnetid="110517137" confidence="0.9173553029164789"><midwife wordnetid="110314836" confidence="0.9173553029164789"><locum_tenens wordnetid="110269289" confidence="0.9173553029164789"><head wordnetid="110162991" confidence="0.9173553029164789"><military_officer wordnetid="110317007" confidence="0.9173553029164789"><link ns0:type="simple" ns0:href="../001/12978001.xml">former cast</link></military_officer></head></locum_tenens></midwife></registrar></nurse></physical_therapist></assistant></president></cardiologist><social_worker wordnetid="110620027" confidence="0.9173553029164789"><anesthesiologist wordnetid="109793495" confidence="0.9173553029164789"><nurse wordnetid="110366966" confidence="0.9173553029164789"><psychiatrist wordnetid="110488016" confidence="0.9173553029164789"><link ns0:type="simple" ns0:href="../377/5184377.xml">recur cast</link></psychiatrist></nurse></anesthesiologist></social_worker></col></row></table></col></row><row style="height:2px" /><row><col style=";background: #ccddff;;" class="navbox-group"><series wordnetid="108457976" confidence="0.9508927676800064"><link ns0:type="simple" ns0:href="../014/9653014.xml">holbyblu</link></series></col><col style="text-align:left;border-left:2px solid #fdfdfd;width:100%;padding:0px;;;" class="navbox-list navbox-odd"><link ns0:type="simple" ns0:href="../018/12148018.xml">episod list</link><series wordnetid="108457976" confidence="0.9508927676800064"><link ns0:type="simple" ns0:href="../014/9653014.xml#xpointer(//*[./st=%22Characters%22])">charact list</link></series><policeman wordnetid="110448983" confidence="0.9173553029164789"><link ns0:type="simple" ns0:href="../496/16680496.xml">luke french</link></policeman><policeman wordnetid="110448983" confidence="0.9173553029164789"><link ns0:type="simple" ns0:href="../399/11453399.xml">john keenan</link></policeman></col></row><row style="height:2px" /><row><col style=";background: #ccddff;;" class="navbox-group"><series wordnetid="108457976" confidence="0.9508927676800064"><link ns0:type="simple" ns0:href="../649/8077649.xml">casualtyholbi citi</link></series></col><col style="text-align:left;border-left:2px solid #fdfdfd;width:100%;padding:0px;;;" class="navbox-list navbox-even"><episode wordnetid="106396330" confidence="0.9508927676800064"><link ns0:type="simple" ns0:href="../536/13192536.xml">christma</link></episode><episode wordnetid="106396330" confidence="0.9508927676800064"><link ns0:type="simple" ns0:href="../582/13192582.xml">interact</link></episode><episode wordnetid="106396330" confidence="0.9508927676800064"><link ns0:type="simple" ns0:href="../568/13192568.xml">halloween</link></episode><episode wordnetid="106396330" confidence="0.9508927676800064"><link ns0:type="simple" ns0:href="../553/13192553.xml">christma</link></episode></col></row><row style="height:2px" /><row><col style=";background: #ccddff;;" class="navbox-group">other</col><col style="text-align:left;border-left:2px solid #fdfdfd;width:100%;padding:0px;;;" class="navbox-list navbox-odd"><region wordnetid="108630985" confidence="0.8"><building wordnetid="102913152" confidence="0.8"><structure wordnetid="104341686" confidence="0.8"><administrative_district wordnetid="108491826" confidence="0.8"><location wordnetid="100027167" confidence="0.8"><municipality wordnetid="108626283" confidence="0.8"><medical_building wordnetid="103739518" confidence="0.8"><city wordnetid="108524735" confidence="0.8"><artifact wordnetid="100021939" confidence="0.8"><geographical_area wordnetid="108574314" confidence="0.8"><district wordnetid="108552138" confidence="0.8"><hospital wordnetid="103540595" confidence="0.8"><urban_area wordnetid="108675967" confidence="0.8"><link ns0:type="simple" ns0:href="../260/1470260.xml">holbi</link></urban_area></hospital></district></geographical_area></artifact></city></medical_building></municipality></location></administrative_district></structure></building></region><region wordnetid="108630985" confidence="0.8"><building wordnetid="102913152" confidence="0.8"><structure wordnetid="104341686" confidence="0.8"><administrative_district wordnetid="108491826" confidence="0.8"><location wordnetid="100027167" confidence="0.8"><municipality wordnetid="108626283" confidence="0.8"><medical_building wordnetid="103739518" confidence="0.8"><city wordnetid="108524735" confidence="0.8"><artifact wordnetid="100021939" confidence="0.8"><geographical_area wordnetid="108574314" confidence="0.8"><district wordnetid="108552138" confidence="0.8"><hospital wordnetid="103540595" confidence="0.8"><urban_area wordnetid="108675967" confidence="0.8"><link ns0:type="simple" ns0:href="../260/1470260.xml#xpointer(//*[./st=%22Holby+City+Hospital%22])">holbi citi hospit</link></urban_area></hospital></district></geographical_area></artifact></city></medical_building></municipality></location></administrative_district></structure></building></region><region wordnetid="108630985" confidence="0.8"><building wordnetid="102913152" confidence="0.8"><structure wordnetid="104341686" confidence="0.8"><administrative_district wordnetid="108491826" confidence="0.8"><location wordnetid="100027167" confidence="0.8"><municipality wordnetid="108626283" confidence="0.8"><medical_building wordnetid="103739518" confidence="0.8"><city wordnetid="108524735" confidence="0.8"><artifact wordnetid="100021939" confidence="0.8"><geographical_area wordnetid="108574314" confidence="0.8"><district wordnetid="108552138" confidence="0.8"><hospital wordnetid="103540595" confidence="0.8"><urban_area wordnetid="108675967" confidence="0.8"><link ns0:type="simple" ns0:href="../260/1470260.xml#xpointer(//*[./st=%22Holby+Ambulance+Service%22])">holbi ambul servic</link></urban_area></hospital></district></geographical_area></artifact></city></medical_building></municipality></location></administrative_district></structure></building></region><episode wordnetid="106396330" confidence="0.9508927676800064"><link ns0:type="simple" ns0:href="../076/13186076.xml">holbi fire</link></episode></col></row></table></col></row></table></p></sec></bdy></fictional_character></surgeon></article>