<article xmlns:ns0="http://www.w3.org/1999/xlink"><header><title>local weight regress</title><id /><revision><id /><timestamp /><contributor><username>rainbowcran</username><id /></contributor></revision><categories><category>wikipedia articl need context</category><category>wikipedia introduct cleanup</category><category>machin learn</category></categories></header><bdy><table class="metadata plainlinks ambox "><row><col>amboxstyl style</col></row><row><col class="mbox-image"><p><image width="40x40px" src="Ambox_style.png" /></p></col><col style="" class="mbox-text">the introduct thi articl provid insuffici context for those unfamiliar with the subject pleas help<weblink ns0:type="simple" ns0:href="http://localhost:18088/wiki/index.php?title=Locally_weighted_regression action=edit">improv the articl</weblink>with</col></row></table><link ns0:type="simple" ns0:href="../488/233488.xml">machin learn</link>local weight regress memorybas method that perform regress around point interest use onli train data that are local that point</bdy></article>