<article xmlns:ns0="http://www.w3.org/1999/xlink"><header><title>vegetarian nutrit</title><id /><revision><id /><timestamp /><contributor><username>javiermc</username><id /></contributor></revision><categories><category>vegetarian</category></categories></header><bdy><image location="right" width="150px" src="Vegetarian_diet.jpg" type="thumb"><caption>varieti vegetarian ingredi</caption></image>vegetarian<link ns0:type="simple" ns0:href="../525/21525.xml">nutrit</link>the set healthrel challeng and advantag<link ns0:type="simple" ns0:href="../591/32591.xml">vegetarian</link>diet<p>evid suggest that vegetarian are gener healthier and live longer than nonvegetarian they have lower rate<link ns0:type="simple" ns0:href="../735/5069735.xml">coronari heart diseas</link><link ns0:type="simple" ns0:href="../435/56435.xml">obes</link><link ns0:type="simple" ns0:href="../432/77432.xml">hypertens</link><link ns0:type="simple" ns0:href="../502/154502.xml">type diabet</link>and some form<link ns0:type="simple" ns0:href="../219/105219.xml">cancer</link>vegetarian diet tend rich<link ns0:type="simple" ns0:href="../932/5932.xml">carbohydr</link><link ns0:type="simple" ns0:href="../218/681218.xml">omega fatti acid</link><link ns0:type="simple" ns0:href="../554/66554.xml">dietari fibr</link><link ns0:type="simple" ns0:href="../943/294943.xml">carotenoid</link><link ns0:type="simple" ns0:href="../117/54117.xml">folic acid</link><link ns0:type="simple" ns0:href="../509/32509.xml">vitamin</link><link ns0:type="simple" ns0:href="../104/54104.xml">vitamin</link><link ns0:type="simple" ns0:href="../055/23055.xml">potassium</link>and<link ns0:type="simple" ns0:href="../909/18909.xml">magnesium</link>they are gener low<link ns0:type="simple" ns0:href="../746/264746.xml">satur fat</link><link ns0:type="simple" ns0:href="../437/6437.xml">cholesterol</link>and anim protein</p><p>howev vegetarian diet can sometim rel low<link ns0:type="simple" ns0:href="../634/23634.xml">protein</link><link ns0:type="simple" ns0:href="../734/14734.xml">iron</link><link ns0:type="simple" ns0:href="../420/34420.xml">zinc</link><link ns0:type="simple" ns0:href="../619/14538619.xml">vitamin</link><link ns0:type="simple" ns0:href="../668/5668.xml">calcium</link>and other nutrient nonetheless wellplan vegetarian and<link ns0:type="simple" ns0:href="../587/32587.xml">vegan</link>diet can meet all these nutrient requir and are appropri for all stage the life cycl includ dure pregnanc lactat infanc childhood and adolesc</p><sec><st>benefit vegetarian diet</st><p>vegetarian diet are usual rich<link ns0:type="simple" ns0:href="../932/5932.xml">carbohydr</link><link ns0:type="simple" ns0:href="../218/681218.xml">omega fatti acid</link><link ns0:type="simple" ns0:href="../554/66554.xml">dietari fibr</link><link ns0:type="simple" ns0:href="../943/294943.xml">carotenoid</link><link ns0:type="simple" ns0:href="../117/54117.xml">folic acid</link><link ns0:type="simple" ns0:href="../509/32509.xml">vitamin</link><link ns0:type="simple" ns0:href="../104/54104.xml">vitamin</link><link ns0:type="simple" ns0:href="../055/23055.xml">potassium</link>and<link ns0:type="simple" ns0:href="../909/18909.xml">magnesium</link><ref ns0:type="simple" ns0:href="#xpointer(//reflist/entry[@id=%221%22])" />they contain lower level<link ns0:type="simple" ns0:href="../746/264746.xml">satur fat</link><link ns0:type="simple" ns0:href="../437/6437.xml">cholesterol</link>and anim protein</p><p>studi show that the health vegetarian compar favour with that nonvegetarian<ref ns0:type="simple" ns0:href="#xpointer(//reflist/entry[@id=%222%22])" />british vegetarian have lower<link ns0:type="simple" ns0:href="../305/191305.xml">death rate</link>than nonvegetarian<ref ns0:type="simple" ns0:href="#xpointer(//reflist/entry[@id=%222%22])" /><ref ns0:type="simple" ns0:href="#xpointer(//reflist/entry[@id=%223%22])" />although thi least partli due nondietari lifestyl factor such low preval smoke and the gener high<link ns0:type="simple" ns0:href="../113/13059113.xml">socioeconom statu</link>vegetarian aspect the diet other than the avoid meat and fish<ref ns0:type="simple" ns0:href="#xpointer(//reflist/entry[@id=%224%22])" /></p><p>notabl vegetarian diet avoid the neg<link>health effect red meat</link>one review found that mortal from<link ns0:type="simple" ns0:href="../735/5069735.xml">coronari heart diseas</link>lower vegetarian than nonvegetarian<ref ns0:type="simple" ns0:href="#xpointer(//reflist/entry[@id=%225%22])" />studi cancer have not shown clear differ cancer rate between vegetarian and nonvegetarian<ref ns0:type="simple" ns0:href="#xpointer(//reflist/entry[@id=%221%22])" />there evid that vegetarian tend have lower<link ns0:type="simple" ns0:href="../788/4788.xml">bodi mass index</link><ref ns0:type="simple" ns0:href="#xpointer(//reflist/entry[@id=%226%22])" /><ref ns0:type="simple" ns0:href="#xpointer(//reflist/entry[@id=%221%22])" />lower risk<link ns0:type="simple" ns0:href="../435/56435.xml">obes</link><ref ns0:type="simple" ns0:href="#xpointer(//reflist/entry[@id=%227%22])" />lower blood<link ns0:type="simple" ns0:href="../437/6437.xml">cholesterol</link>level<ref ns0:type="simple" ns0:href="#xpointer(//reflist/entry[@id=%226%22])" /><ref ns0:type="simple" ns0:href="#xpointer(//reflist/entry[@id=%221%22])" />lower<link ns0:type="simple" ns0:href="../223/105223.xml">homocystein</link>level<ref ns0:type="simple" ns0:href="#xpointer(//reflist/entry[@id=%221%22])" />lower risk<link ns0:type="simple" ns0:href="../432/77432.xml">high blood pressur</link><ref ns0:type="simple" ns0:href="#xpointer(//reflist/entry[@id=%226%22])" /><ref ns0:type="simple" ns0:href="#xpointer(//reflist/entry[@id=%227%22])" />and lower risk<link ns0:type="simple" ns0:href="../502/154502.xml">type diabet</link><ref ns0:type="simple" ns0:href="#xpointer(//reflist/entry[@id=%226%22])" /><ref ns0:type="simple" ns0:href="#xpointer(//reflist/entry[@id=%227%22])" />one larg<link ns0:type="simple" ns0:href="../025/16107025.xml">prospect studi</link>found that nonmeateat had onli half the risk meat eater requir emerg<link ns0:type="simple" ns0:href="../240/158240.xml">appendectomi</link><ref ns0:type="simple" ns0:href="#xpointer(//reflist/entry[@id=%222%22])" /></p><p>vegetarian are less like die choke food sinc the most common food obstruct the airway fish which caus about accid year the meat poultri and bone were cite the next three most common caus choke follow sweet and nonfood object<ref ns0:type="simple" ns0:href="#xpointer(//reflist/entry[@id=%228%22])" />report from san diego the confirm that the most common caus choke meat product<ref ns0:type="simple" ns0:href="#xpointer(//reflist/entry[@id=%229%22])" /></p></sec><sec><st>potenti nutrient defici</st><p>poorli plan vegetarian diet can rel low<link ns0:type="simple" ns0:href="../634/23634.xml">protein</link><link ns0:type="simple" ns0:href="../734/14734.xml">iron</link><link ns0:type="simple" ns0:href="../420/34420.xml">zinc</link><link ns0:type="simple" ns0:href="../619/14538619.xml">vitamin</link><link ns0:type="simple" ns0:href="../668/5668.xml">calcium</link><link>omega fatti acid</link><link ns0:type="simple" ns0:href="../115/54115.xml">retinol</link><link ns0:type="simple" ns0:href="../114/54114.xml">vitamin</link><link ns0:type="simple" ns0:href="../106/54106.xml">vitamin</link><link ns0:type="simple" ns0:href="../229/26229.xml">riboflavin</link><link ns0:type="simple" ns0:href="../229/26229.xml">vitamin</link>and<link ns0:type="simple" ns0:href="../750/14750.xml">iodin</link><ref ns0:type="simple" ns0:href="#xpointer(//reflist/entry[@id=%226%22])" /><ref ns0:type="simple" ns0:href="#xpointer(//reflist/entry[@id=%221%22])" />vegan may have particularli low intak vitamin and<link ns0:type="simple" ns0:href="../668/5668.xml">calcium</link><ref ns0:type="simple" ns0:href="#xpointer(//reflist/entry[@id=%221%22])" />nonetheless wellbalanc vegetarian and vegan diet can meet all these nutrient requir and are appropri for all stage the life cycl includ dure<link ns0:type="simple" ns0:href="../587/1771587.xml">pregnanc</link><link ns0:type="simple" ns0:href="../279/250279.xml">lactat</link><link ns0:type="simple" ns0:href="../165/73165.xml">infanc</link><link ns0:type="simple" ns0:href="../331/167331.xml">childhood</link>and<link ns0:type="simple" ns0:href="../859/83859.xml">adolesc</link><ref ns0:type="simple" ns0:href="#xpointer(//reflist/entry[@id=%226%22])" /></p><ss1><st>protein</st><p>the typic vegetarian get adequ<link ns0:type="simple" ns0:href="../493/6531493.xml">protein</link>long calor intak adequ and varieti food eaten<ref ns0:type="simple" ns0:href="#xpointer(//reflist/entry[@id=%2210%22])" />vegetarian diet are usual rel low protein<ref ns0:type="simple" ns0:href="#xpointer(//reflist/entry[@id=%221%22])" />which may benefici<ref ns0:type="simple" ns0:href="#xpointer(//reflist/entry[@id=%2211%22])" /><ref ns0:type="simple" ns0:href="#xpointer(//reflist/entry[@id=%2212%22])" /></p><ss2><st>combin protein</st><p><indent level="1">main articl<link ns0:type="simple" ns0:href="../020/7092020.xml">protein combin</link></indent><table style="background-color:inherit;border-collapse:collapse;border-style:none;margin: .5em .75em;" align="right" width="33%" class="floatright"><row><col style="color:#B2B7F2;font-size:40px;font-family:'Times New Roman',serif;font-weight:bold;text-align:left;padding:2 2px;padding-top: 4px" width="20" valign="top" /><col style="padding:0 10px;" align="left" valign="top">virtual all plant food have all the essenti amino acid and not onli are the amino acid there they are present more than enough quantiti meet the need normal adult you are calor adequ diet<physical_entity wordnetid="100001930" confidence="0.8"><person wordnetid="100007846" confidence="0.8"><adult wordnetid="109605289" confidence="0.8"><consumer wordnetid="109612848" confidence="0.8"><disputant wordnetid="109615465" confidence="0.8"><vegan wordnetid="110747424" confidence="0.8"><reformer wordnetid="110515194" confidence="0.8"><militant wordnetid="110315837" confidence="0.8"><causal_agent wordnetid="100007347" confidence="0.8"><pacifist wordnetid="110390199" confidence="0.8"><vegetarian wordnetid="110747119" confidence="0.8"><eater wordnetid="110042300" confidence="0.8"><user wordnetid="110741590" confidence="0.8"><link ns0:type="simple" ns0:href="../871/1830871.xml">keith aker</link></user></eater></vegetarian></pacifist></causal_agent></militant></reformer></vegan></disputant></consumer></adult></person></physical_entity><ref ns0:type="simple" ns0:href="#xpointer(//reflist/entry[@id=%2210%22])" /></col><col style="color:#B2B7F2;font-size:40px;font-family:'Times New Roman',serif;font-weight:bold;text-align:right;padding:2 2px;padding: 4px;" width="20" valign="bottom" /></row><row><col colspan="3" style="padding-top: 10px" /></row></table>despit widespread belief that vegetarian must eat grain and bean within few hour each other order make complet protein which contain all<link ns0:type="simple" ns0:href="../213/102213.xml">essenti amino acid</link>thi never been substanti research the proteincombin theori brought popular attent<link>franc moor lapp</link>bestsel<link ns0:type="simple" ns0:href="../880/5992880.xml">diet for small planet</link><ref ns0:type="simple" ns0:href="#xpointer(//reflist/entry[@id=%2210%22])" />later edit the book earli lapp withdrew her content that protein combin necessari<ref ns0:type="simple" ns0:href="#xpointer(//reflist/entry[@id=%2213%22])" /></p></ss2></ss1><ss1><st>iron</st><p>meat fish and poultri are the onli sourc<link ns0:type="simple" ns0:href="../503/97503.xml">heme</link><link ns0:type="simple" ns0:href="../734/14734.xml">iron</link><link ns0:type="simple" ns0:href="../208/23208.xml">plant</link>contain onli nonhem iron which absorb less effici the human bodi howev cereal egg legum includ pea bean chickpea<link ns0:type="simple" ns0:href="../455/174455.xml">lentil</link>and soy food and nut are signific sourc iron<ref ns0:type="simple" ns0:href="#xpointer(//reflist/entry[@id=%2214%22])" />well plan vegetarian diet should not lead iron defici</p><p>studi the journal the american dietet associ found that while irondefici<link ns0:type="simple" ns0:href="../537/83537.xml">anemia</link>not more common among vegetarian vegetarian children had reduc level haemoglobin and iron compar omnivor due the absenc anim iron sourc with high utiliz<ref ns0:type="simple" ns0:href="#xpointer(//reflist/entry[@id=%2215%22])" /><image location="right" width="150px" src="Tofu-beijingchina.jpg" type="thumb" /></p></ss1><ss1><st>zinc</st><p>western vegetarian and vegan have not been found suffer from overt<link ns0:type="simple" ns0:href="../420/34420.xml">zinc</link>defici ani more than meateat<ref ns0:type="simple" ns0:href="#xpointer(//reflist/entry[@id=%2216%22])" />howev<link ns0:type="simple" ns0:href="../978/1479978.xml">phytat</link>mani wholegrain and fiber mani food may interfer with zinc absorpt and margin zinc intak poorli understood effect<ref ns0:type="simple" ns0:href="#xpointer(//reflist/entry[@id=%226%22])" /></p></ss1><ss1><st>vitamin</st><p><link ns0:type="simple" ns0:href="../619/14538619.xml">vitamin</link>defici potenti extrem seriou lead<link ns0:type="simple" ns0:href="../993/538993.xml">pernici anemia</link>nerv degener and irrevers neurolog damag regular sourc vitamin particularli import for those over the age year and pregnant and lactat women and for breastf infant the mother diet not supplement<ref ns0:type="simple" ns0:href="#xpointer(//reflist/entry[@id=%226%22])" /></p><p>evid suggest that vegetarian and vegan who are not take vitamin supplement bfortifi food not consum suffici serv and often have abnorm low blood concentr vitamin<ref ns0:type="simple" ns0:href="#xpointer(//reflist/entry[@id=%2217%22])" />thi becaus unless fortifi plant food not contain signific amount activ<link ns0:type="simple" ns0:href="../619/14538619.xml">vitamin</link><ref ns0:type="simple" ns0:href="#xpointer(//reflist/entry[@id=%226%22])" /></p><p>essenti therefor that vegetarian consum adequ amount<link ns0:type="simple" ns0:href="../097/8097.xml">dairi product</link>egg<link ns0:type="simple" ns0:href="../444/104444.xml">dietari supplement</link>food that have been fortifi with such certain<link ns0:type="simple" ns0:href="../281/34281.xml">yeast extract</link>veget<link ns0:type="simple" ns0:href="../129/657129.xml">stock</link><link ns0:type="simple" ns0:href="../148/824148.xml">veggi burger</link>mix<link ns0:type="simple" ns0:href="../975/276975.xml">textur veget protein</link><link ns0:type="simple" ns0:href="../943/474943.xml">soy milk</link>veget and sunflow<link ns0:type="simple" ns0:href="../276/193276.xml">margarin</link>and<link ns0:type="simple" ns0:href="../776/82776.xml">breakfast cereal</link><ref ns0:type="simple" ns0:href="#xpointer(//reflist/entry[@id=%2218%22])" /></p><p><link ns0:type="simple" ns0:href="../076/22076.xml">nori</link>seawe contain veri abundantli<ref ns0:type="simple" ns0:href="#xpointer(//reflist/entry[@id=%2219%22])" />howev plant sourc analogu have not yet been shown benefit human there patent for cultiv method mycelium enrich vitamin the veget<ref ns0:type="simple" ns0:href="#xpointer(//reflist/entry[@id=%2220%22])" /></p></ss1><ss1><st>omega fatti acid</st><p>vegetarian sourc<link ns0:type="simple" ns0:href="../594/22594.xml">omega fatti acid</link>includ<link ns0:type="simple" ns0:href="../869/38869.xml">flaxse and flaxse oil</link><link ns0:type="simple" ns0:href="../478/22478.xml">oliv oil</link><link ns0:type="simple" ns0:href="../140/165140.xml">walnut</link><link ns0:type="simple" ns0:href="../190/86190.xml">canola</link><link ns0:type="simple" ns0:href="../545/219545.xml">rapese</link>oil<link ns0:type="simple" ns0:href="../017/166017.xml">avocado</link>and<link ns0:type="simple" ns0:href="../010/19196010.xml">egg</link></p><p><image location="left" width="150px" src="English_Walnuts.jpg" type="thumb" />vegetarian sourc omega fatti acid are primarili the short chain varieti and like have lower concentr the particular<link ns0:type="simple" ns0:href="../948/105948.xml">essenti fatti acid</link>efa<link ns0:type="simple" ns0:href="../775/1593775.xml">eicosapentaeno acid</link>epa and<link ns0:type="simple" ns0:href="../318/1673318.xml">docosahexaeno acid</link>dha the bodi can synthes small quantiti epa and dha from other omega fatti acid such<link ns0:type="simple" ns0:href="../316/153316.xml">alphalinolen acid</link>which are present vegetarian sourc omega fatti acid the human bodi can also convert dha into epa dha supplement deriv from dharich<link ns0:type="simple" ns0:href="../633/633.xml">microalga</link>are avail whilst the human bodi can theori thi convers practic modern diet and lifestyl reduc the effect the convers system roughli ten time more the short chain omega must consum have the same effect the long chain form from<link ns0:type="simple" ns0:href="../306/999306.xml">fish oil</link><ref ns0:type="simple" ns0:href="#xpointer(//reflist/entry[@id=%2221%22])" /></p><p>while there<link ns0:type="simple" ns0:href="../727/423727.xml">scientif consensu</link>the role omega fatti acid gener believ that they may reduc the risk coronari<link ns0:type="simple" ns0:href="../276/69276.xml">heart diseas</link>lower<link ns0:type="simple" ns0:href="../525/56525.xml">triglycerid</link>stabil mood and help prevent<link ns0:type="simple" ns0:href="../389/8389.xml">depress</link>help reduc symptom<disease wordnetid="114070360" confidence="0.9508927676800064"><link ns0:type="simple" ns0:href="../976/64976.xml">add</link></disease>reduc joint pain and other<link ns0:type="simple" ns0:href="../499/593499.xml">rheumatoid</link>problem and reduc the risk<link ns0:type="simple" ns0:href="../390/38390.xml">dementia</link>older age</p></ss1><ss1><st>vitamin</st><p>the human bodi can<link ns0:type="simple" ns0:href="../338/330338.xml">synthes</link>vitamin when<link ns0:type="simple" ns0:href="../978/27978.xml">skin</link>expos<link ns0:type="simple" ns0:href="../990/31990.xml">ultraviolet radiat</link>from the<link ns0:type="simple" ns0:href="../751/26751.xml">sun</link>vegan who not eat food pill fortifi with synthet vitamin and with littl exposur the sun ultraviolet radiat those who dont expos their extrem for least minut per day those live<link ns0:type="simple" ns0:href="../616/17616.xml">latitud</link>close the<link ns0:type="simple" ns0:href="../696/455696.xml">pole</link>are vulner vitamin defici</p><p>vitamin act<link ns0:type="simple" ns0:href="../311/13311.xml">hormon</link>send messag the<link ns0:type="simple" ns0:href="../343/61343.xml">intestin</link>increas the absorpt<link ns0:type="simple" ns0:href="../668/5668.xml">calcium</link>and<link ns0:type="simple" ns0:href="../318/23318.xml">phosphoru</link>which produc strong<link ns0:type="simple" ns0:href="../099/4099.xml">bone</link>vitamin also work concert with number other<link ns0:type="simple" ns0:href="../512/32512.xml">vitamin</link><link ns0:type="simple" ns0:href="../053/19053.xml">miner</link>and hormon promot bone<link ns0:type="simple" ns0:href="../996/3230996.xml">miner</link>research also suggest that vitamin may help maintain healthi<link ns0:type="simple" ns0:href="../958/14958.xml">immun system</link>and help regul<link ns0:type="simple" ns0:href="../779/564779.xml">cell growth</link>and<link ns0:type="simple" ns0:href="../611/152611.xml">differenti</link></p></ss1><ss1><st>iodin</st><p>accord the british journal nutrit there potenti danger iodin defici disord due strict form vegetarian nutrit especi when fruit and veget grown soil with low iodin level are ingest<ref ns0:type="simple" ns0:href="#xpointer(//reflist/entry[@id=%2222%22])" />iodin howev usual suppli<link ns0:type="simple" ns0:href="../890/1232890.xml">iodiz salt</link>and other sourc<politics wordnetid="113840719" confidence="0.8"><grouping wordnetid="101012360" confidence="0.8"><event wordnetid="100029378" confidence="0.8"><social_relation wordnetid="100032823" confidence="0.8"><act wordnetid="100030358" confidence="0.8"><psychological_feature wordnetid="100023100" confidence="0.8"><activity wordnetid="100407535" confidence="0.8"><categorization wordnetid="101012712" confidence="0.8"><link ns0:type="simple" ns0:href="../353/160353.xml">first world countri</link></categorization></activity></psychological_feature></act></social_relation></event></grouping></politics>addit should note that ani iodin found anim product sourc from plant life see</p></ss1><ss1><st>riboflavin</st><p>accord the american dietet associ some studi have shown vegan have lower intak<link ns0:type="simple" ns0:href="../229/26229.xml">riboflavin</link>compar with nonvegetarian howev clinic riboflavin defici not been observ<ref ns0:type="simple" ns0:href="#xpointer(//reflist/entry[@id=%226%22])" /></p></ss1></sec><sec><st>refer</st><p><reflist><entry id="1">key applebi rosel health effect vegetarian and vegan diet<weblink ns0:type="simple" ns0:href="http://www.epic-oxford.org/publications/1368/key-et-al-2006-02-proc-nutr-soc">abstract</weblink>proceed the nutrit societi access januari</entry><entry id="2">applebi thorogood mann key the oxford vegetarian studi overview american journal clinic nutrit</entry><entry id="3">key applebi davey allen spencer travi mortal british vegetarian review and preliminari result from epicoxford<weblink ns0:type="simple" ns0:href="http://www.epic-oxford.org/publications/1280/key-et-al-2003-09-am-j-clin-nutr">abstract</weblink>american journal clinic nutrit access januari</entry><entry id="4">applebi key thorogood burr mann mortal british vegetarian public health nutrit</entry><entry id="5">key fraser thorogood applebi beral reev burr changclaud frentzelbeym kuzma mann mcpherson mortal vegetarian and nonvegetarian detail find from collabor analysi prospect studi american journal clinic nutrit</entry><entry id="6"><weblink ns0:type="simple" ns0:href="http://www.adajournal.org/article/PIIS0002822303002943/fulltext">posit the american dietet associ and dietitian canada vegetarian diet</weblink>journal the american dietet associ access januari</entry><entry id="7"><link ns0:type="simple" ns0:href="../673/581673.xml">american heart associ</link><weblink ns0:type="simple" ns0:href="http://www.americanheart.org/presenter.jhtml?identifier=4777">vegetarian diet</weblink>access januari</entry><entry id="8"><weblink ns0:type="simple" ns0:href="http://www.hassandlass.org.uk/query/reports/1998.pdf">home and leisur accid report summari data depart trade and industri</weblink></entry><entry id="9"><weblink ns0:type="simple" ns0:href="http://www.ingentaconnect.com/content/bsc/jfo/2007/00000052/00000001/art00032">death associ with choke san diego counti abstract</weblink></entry><entry id="10"><physical_entity wordnetid="100001930" confidence="0.8"><person wordnetid="100007846" confidence="0.8"><adult wordnetid="109605289" confidence="0.8"><consumer wordnetid="109612848" confidence="0.8"><disputant wordnetid="109615465" confidence="0.8"><vegan wordnetid="110747424" confidence="0.8"><reformer wordnetid="110515194" confidence="0.8"><militant wordnetid="110315837" confidence="0.8"><causal_agent wordnetid="100007347" confidence="0.8"><pacifist wordnetid="110390199" confidence="0.8"><vegetarian wordnetid="110747119" confidence="0.8"><eater wordnetid="110042300" confidence="0.8"><user wordnetid="110741590" confidence="0.8"><link ns0:type="simple" ns0:href="../871/1830871.xml">aker keith</link></user></eater></vegetarian></pacifist></causal_agent></militant></reformer></vegan></disputant></consumer></adult></person></physical_entity><weblink ns0:type="simple" ns0:href="http://www.vsc.org/protein.htm">but how you get enough protein</weblink>vegetarian societi colorado access april</entry><entry id="11">food navig usa<weblink ns0:type="simple" ns0:href="http://www.foodnavigator-usa.com/news/ng.asp?n=72611-protein-cancer">lowprotein diet could protect against cancer say new studi</weblink>decemb access januari</entry><entry id="12"><weblink ns0:type="simple" ns0:href="http://www.clinicalevidence.com/ceweb/conditions/dia/0606/0606_I8.jsp">diabet nephropathi</weblink></entry><entry id="13"><link>lapp franc moor</link><link ns0:type="simple" ns0:href="../880/5992880.xml">diet for small planet</link>isbn</entry><entry id="14">nutrit australia<weblink ns0:type="simple" ns0:href="http://www.nutritionaustralia.org/Food_Facts/FAQ/vegetarian_new_detailed_faq.asp">faq vegetarian diet</weblink>access april</entry><entry id="15">krajcovicovakudlackova simonc bederova grancicova magalova<weblink ns0:type="simple" ns0:href="http://www.adajournal.org/medline/record/MDLN.9399258">influenc vegetarian and mix nutrit select haematolog and biochem paramet children</weblink>nahrung octob</entry><entry id="17">see for exampl hokin and butler<weblink ns0:type="simple" ns0:href="http://www.ajcn.org/cgi/content/full/70/3/576S">cyanocobalamin vitamin statu seventhday adventist minist australia</weblink>american journal clinic nutrit septemb and krajcovicovakudlackova blazicek kopcova bederova and babinska<weblink ns0:type="simple" ns0:href="http://content.karger.com/produktedb/produkte.asp?typ=fulltext file=anm44135">homocystein level vegetarian versu omnivor</weblink>annal nutrit metabol and veganhealthorg<weblink ns0:type="simple" ns0:href="http://www.veganhealth.org/b12/hcy">and chronic diseas homocystein</weblink>access april</entry><entry id="16">freelandgrav bodzi epright zinc statu vegetarian journal the american dietet associ</entry><entry id="19"><weblink ns0:type="simple" ns0:href="http://www.mext.go.jp/b_menu/shingi/gijyutu/gijyutu3/toushin/05031802/002/009.pdf">alga</weblink>from<weblink ns0:type="simple" ns0:href="http://www.mext.go.jp/b_menu/shingi/gijyutu/gijyutu3/toushin/05031802.htm">standard tabl food composit japan fifth revis and enlarg edit</weblink></entry><entry id="18">the vegetarian societi<weblink ns0:type="simple" ns0:href="http://www.vegsoc.org/info/b12.html">inform sheet vitamin</weblink>access april</entry><entry id="21"><weblink ns0:type="simple" ns0:href="http://www.seafish.org/pdf.pl?file=seafish/file/consumerHealthInfo.pdf">revis seafood brief dococt</weblink></entry><entry id="20"><weblink ns0:type="simple" ns0:href="http://www.wikipatents.com/ca/2431442.html">seed and plant contain vitamin and method produc the same</weblink></entry><entry id="22">thoma remer annett neubert and friedrich manz<weblink ns0:type="simple" ns0:href="http://docstore.ingenta.com/cgi-bin/ds_deliver/1/u/d/ISIS/34393885.1/cabi/bjn/1999/00000081/00000001/art00009/3E55FC91FC3793AE1167931465C2FF219D4F166CC9.html?link=http://www.ingentaconnect.com/error/delivery%3Bjsessionid=1270sjtai37ar.henrietta format=html">increas risk iodin defici with vegetarian nutrit</weblink>british journal nutrit access januari</entry></reflist></p></sec><sec><st>see also</st><p><list><entry level="1" type="bullet"><link ns0:type="simple" ns0:href="../525/21525.xml">nutrit</link></entry><entry level="1" type="bullet"><link ns0:type="simple" ns0:href="../601/32601.xml">vegetarian cuisin</link></entry><entry level="1" type="bullet"><link ns0:type="simple" ns0:href="../591/32591.xml">vegetarian</link></entry><entry level="1" type="bullet"><right wordnetid="105174653" confidence="0.8"><link ns0:type="simple" ns0:href="../587/32587.xml">vegan</link></right></entry><entry level="1" type="bullet"><link>vegan cuisin</link></entry><entry level="1" type="bullet"><link ns0:type="simple" ns0:href="../742/3809742.xml">the china studi</link></entry></list></p></sec><sec><st>further read</st><p><list><entry level="1" type="bullet"><weblink ns0:type="simple" ns0:href="http://www.mayoclinic.com/invoke.cfm?id=HQ01596">mayo clinic synopsi</weblink></entry><entry level="1" type="bullet"><weblink ns0:type="simple" ns0:href="http://www.vrg.org">vegetarian resourc group</weblink></entry><entry level="1" type="bullet"><weblink ns0:type="simple" ns0:href="http://www.vegparadise.com/protein.html">protein basic chart</weblink></entry><entry level="1" type="bullet"><weblink ns0:type="simple" ns0:href="http://www.epic-oxford.org/gen_vegpapers.html">focu vegetarian</weblink>research from epicoxford</entry></list></p><p><list><entry level="1" type="bullet"><link ns0:type="simple" ns0:href="../742/3809742.xml">the china studi</link>the most comprehens studi nutrit ever conduct and the startl implic for diet weight loss and longterm health colin campbel isbn</entry><entry level="1" type="bullet"><weblink ns0:type="simple" ns0:href="http://www.earthtimes.org/articles/show/13988.html">becom veggi the smart move</weblink></entry><entry level="1" type="bullet"><weblink ns0:type="simple" ns0:href="http://www.nal.usda.gov/fnic/pubs/bibs/gen/vegetarian07.pdf">vegetarian nutrit resourc list usda nal food and nutrit inform center pdf</weblink></entry></list></p><p><table style=";" class="navbox" cellspacing="0"><row><col style="padding:2px;"><table style="width:100%;background:transparent;color:inherit;;" class="nowraplinks collapsible autocollapse " cellspacing="0"><row><header colspan="2" style=";" class="navbox-title"><link ns0:type="simple" ns0:href="../591/32591.xml">vegetarian</link></header></row><row style="height:2px;" /><row><col style=";;" class="navbox-group">vegetarian diet</col><col style="text-align:left;border-left:2px solid #fdfdfd;width:100%;padding:0px;;;" class="navbox-list navbox-odd"><link ns0:type="simple" ns0:href="../827/22827.xml">lactoovovegetarian</link><link ns0:type="simple" ns0:href="../246/3388246.xml">ovovegetarian</link><link ns0:type="simple" ns0:href="../729/495729.xml">lactovegetarian</link><link ns0:type="simple" ns0:href="../581/11003581.xml">sattvic diet</link><link ns0:type="simple" ns0:href="../313/185313.xml">freegan</link><right wordnetid="105174653" confidence="0.8"><link ns0:type="simple" ns0:href="../587/32587.xml">vegan</link></right><link ns0:type="simple" ns0:href="../278/2561278.xml">raw vegan</link><link ns0:type="simple" ns0:href="../286/11286.xml">fruitarian</link></col></row><row style="height:2px" /><row><col style=";;" class="navbox-group"><link ns0:type="simple" ns0:href="../624/13426624.xml">semivegetarian</link>diet</col><col style="text-align:left;border-left:2px solid #fdfdfd;width:100%;padding:0px;;;" class="navbox-list navbox-even"><link ns0:type="simple" ns0:href="../188/603188.xml">flexitarian</link><link ns0:type="simple" ns0:href="../458/11191458.xml">pescetarian</link><link ns0:type="simple" ns0:href="../462/369462.xml">pollotarian</link></col></row><row style="height:2px" /><row><col style=";;" class="navbox-group">inform</col><col style="text-align:left;border-left:2px solid #fdfdfd;width:100%;padding:0px;;;" class="navbox-list navbox-odd"><p><link ns0:type="simple" ns0:href="../357/12639357.xml">histori</link><link ns0:type="simple" ns0:href="../102/6946102.xml">vegetarian specif countri</link><link ns0:type="simple" ns0:href="../205/1074205.xml">vegetarian nutrit</link><link ns0:type="simple" ns0:href="../926/16190926.xml">list vegetarian</link><link ns0:type="simple" ns0:href="../328/17086328.xml">the netherland</link></p></col></row><row style="height:2px" /><row><col style=";;" class="navbox-group">issu</col><col style="text-align:left;border-left:2px solid #fdfdfd;width:100%;padding:0px;;;" class="navbox-list navbox-even"><p><link ns0:type="simple" ns0:href="../505/2858505.xml">environment</link><link ns0:type="simple" ns0:href="../595/1005595.xml">econom</link><issue wordnetid="105814650" confidence="0.8"><right wordnetid="105174653" confidence="0.8"><link ns0:type="simple" ns0:href="../195/2857195.xml">ethic</link></right></issue></p></col></row><row style="height:2px" /><row><col style=";;" class="navbox-group">food</col><col style="text-align:left;border-left:2px solid #fdfdfd;width:100%;padding:0px;;;" class="navbox-list navbox-odd"><link ns0:type="simple" ns0:href="../601/32601.xml">vegetarian cuisin</link><link>vegan cuisin</link><link ns0:type="simple" ns0:href="../403/369403.xml">meat analogu</link><equivalent wordnetid="105695554" confidence="0.8"><substitute wordnetid="105696425" confidence="0.8"><link ns0:type="simple" ns0:href="../571/1790571.xml">tofurkey</link></substitute></equivalent><snack_food wordnetid="107712382" confidence="0.8"><dish wordnetid="107557434" confidence="0.8"><substance wordnetid="100020090" confidence="0.8"><equivalent wordnetid="105695554" confidence="0.8"><sandwich wordnetid="107695965" confidence="0.8"><food wordnetid="100021265" confidence="0.8"><substitute wordnetid="105696425" confidence="0.8"><nutriment wordnetid="107570720" confidence="0.8"><link ns0:type="simple" ns0:href="../148/824148.xml">veggi burger</link></nutriment></substitute></food></sandwich></equivalent></substance></dish></snack_food><link ns0:type="simple" ns0:href="../232/2519232.xml">chrees</link></col></row><row style="height:2px" /><row><col style=";;" class="navbox-group">beverag</col><col style="text-align:left;border-left:2px solid #fdfdfd;width:100%;padding:0px;;;" class="navbox-list navbox-even"><property wordnetid="104916342" confidence="0.8"><manner wordnetid="104928903" confidence="0.8"><link ns0:type="simple" ns0:href="../784/3276784.xml">vegan wine</link></manner></property><equivalent wordnetid="105695554" confidence="0.8"><substitute wordnetid="105696425" confidence="0.8"><link ns0:type="simple" ns0:href="../554/2520554.xml">plant milk</link></substitute></equivalent><equivalent wordnetid="105695554" confidence="0.8"><substitute wordnetid="105696425" confidence="0.8"><link ns0:type="simple" ns0:href="../943/474943.xml">soy milk</link></substitute></equivalent></col></row><row style="height:2px" /><row><col style=";;" class="navbox-group">organ</col><col style="text-align:left;border-left:2px solid #fdfdfd;width:100%;padding:0px;;;" class="navbox-list navbox-odd"><party wordnetid="108256968" confidence="0.8"><link ns0:type="simple" ns0:href="../838/1216838.xml">american vegetarian parti</link></party><controversy wordnetid="107183151" confidence="0.8"><event wordnetid="100029378" confidence="0.8"><dispute wordnetid="107181935" confidence="0.8"><disagreement wordnetid="107180787" confidence="0.8"><act wordnetid="100030358" confidence="0.8"><psychological_feature wordnetid="100023100" confidence="0.8"><speech_act wordnetid="107160883" confidence="0.8"><link ns0:type="simple" ns0:href="../232/1786232.xml">christian vegetarian associ</link></speech_act></psychological_feature></act></disagreement></dispute></event></controversy><link ns0:type="simple" ns0:href="../597/2094597.xml">european vegetarian union</link><financial_institution wordnetid="108054721" confidence="0.8"><foundation wordnetid="108406486" confidence="0.8"><charity wordnetid="108406619" confidence="0.8"><institution wordnetid="108053576" confidence="0.8"><link ns0:type="simple" ns0:href="../599/3481599.xml">food for life</link></institution></charity></foundation></financial_institution><link ns0:type="simple" ns0:href="../527/2094527.xml">intern vegetarian union</link><link ns0:type="simple" ns0:href="../124/2994124.xml">massachusett anim right coalit</link><link ns0:type="simple" ns0:href="../857/60857.xml">peta</link><link ns0:type="simple" ns0:href="../794/929794.xml">physician committe for respons medicin</link><financial_institution wordnetid="108054721" confidence="0.8"><foundation wordnetid="108406486" confidence="0.8"><charity wordnetid="108406619" confidence="0.8"><institution wordnetid="108053576" confidence="0.8"><link ns0:type="simple" ns0:href="../657/6693657.xml">tibetan volunt for anim</link></institution></charity></foundation></financial_institution><link ns0:type="simple" ns0:href="../700/6229700.xml">toronto vegetarian associ</link><link ns0:type="simple" ns0:href="../668/1002668.xml">vegan societi</link><body wordnetid="107965085" confidence="0.8"><social_group wordnetid="107950920" confidence="0.8"><group wordnetid="100031264" confidence="0.8"><administration wordnetid="108164585" confidence="0.8"><link ns0:type="simple" ns0:href="../986/689986.xml">vegan societi australia</link></administration></group></social_group></body><body wordnetid="107965085" confidence="0.8"><social_group wordnetid="107950920" confidence="0.8"><group wordnetid="100031264" confidence="0.8"><administration wordnetid="108164585" confidence="0.8"><link ns0:type="simple" ns0:href="../834/12951834.xml">vegetarian network victoria</link></administration></group></social_group></body><link ns0:type="simple" ns0:href="../275/636275.xml">vegetarian societi</link><link ns0:type="simple" ns0:href="../768/8437768.xml">veggi</link></col></row><row style="height:2px" /><row><col style=";;" class="navbox-group">literatur</col><col style="text-align:left;border-left:2px solid #fdfdfd;width:100%;padding:0px;;;" class="navbox-list navbox-even"><work wordnetid="104599396" confidence="0.8"><product wordnetid="104007894" confidence="0.8"><magazine wordnetid="106595351" confidence="0.8"><print_media wordnetid="106263609" confidence="0.8"><creation wordnetid="103129123" confidence="0.8"><press wordnetid="106263369" confidence="0.8"><artifact wordnetid="100021939" confidence="0.8"><instrumentality wordnetid="103575240" confidence="0.8"><medium wordnetid="106254669" confidence="0.8"><publication wordnetid="106589574" confidence="0.8"><link ns0:type="simple" ns0:href="../532/15911532.xml">arkangel</link></publication></medium></instrumentality></artifact></press></creation></print_media></magazine></product></work><link ns0:type="simple" ns0:href="../742/3809742.xml">the china studi</link><work wordnetid="104599396" confidence="0.8"><product wordnetid="104007894" confidence="0.8"><magazine wordnetid="106595351" confidence="0.8"><print_media wordnetid="106263609" confidence="0.8"><creation wordnetid="103129123" confidence="0.8"><press wordnetid="106263369" confidence="0.8"><artifact wordnetid="100021939" confidence="0.8"><instrumentality wordnetid="103575240" confidence="0.8"><medium wordnetid="106254669" confidence="0.8"><publication wordnetid="106589574" confidence="0.8"><link ns0:type="simple" ns0:href="../718/11118718.xml">compromis</link></publication></medium></instrumentality></artifact></press></creation></print_media></magazine></product></work><link ns0:type="simple" ns0:href="../074/451074.xml">the vegan sourcebook</link><work wordnetid="104599396" confidence="0.8"><product wordnetid="104007894" confidence="0.8"><magazine wordnetid="106595351" confidence="0.8"><print_media wordnetid="106263609" confidence="0.8"><creation wordnetid="103129123" confidence="0.8"><press wordnetid="106263369" confidence="0.8"><artifact wordnetid="100021939" confidence="0.8"><instrumentality wordnetid="103575240" confidence="0.8"><medium wordnetid="106254669" confidence="0.8"><publication wordnetid="106589574" confidence="0.8"><link ns0:type="simple" ns0:href="../261/2686261.xml">vegnew</link></publication></medium></instrumentality></artifact></press></creation></print_media></magazine></product></work></col></row><row style="height:2px" /><row><col style=";;" class="navbox-group">event</col><col style="text-align:left;border-left:2px solid #fdfdfd;width:100%;padding:0px;;;" class="navbox-list navbox-odd"><fundamental_quantity wordnetid="113575869" confidence="0.8"><time_period wordnetid="115113229" confidence="0.8"><festival wordnetid="115162388" confidence="0.8"><link ns0:type="simple" ns0:href="../666/1021666.xml">christma without cruelti fayr</link></festival></time_period></fundamental_quantity><look wordnetid="100877127" confidence="0.8"><time_off wordnetid="115118453" confidence="0.8"><observation wordnetid="100879759" confidence="0.8"><leisure wordnetid="115137676" confidence="0.8"><sensory_activity wordnetid="100876737" confidence="0.8"><sensing wordnetid="100876874" confidence="0.8"><fundamental_quantity wordnetid="113575869" confidence="0.8"><time_period wordnetid="115113229" confidence="0.8"><vacation wordnetid="115137890" confidence="0.8"><event wordnetid="100029378" confidence="0.8"><act wordnetid="100030358" confidence="0.8"><psychological_feature wordnetid="100023100" confidence="0.8"><activity wordnetid="100407535" confidence="0.8"><link ns0:type="simple" ns0:href="../627/1067627.xml">world vegan day</link></activity></psychological_feature></act></event></vacation></time_period></fundamental_quantity></sensing></sensory_activity></leisure></observation></time_off></look><look wordnetid="100877127" confidence="0.8"><observation wordnetid="100879759" confidence="0.8"><event wordnetid="100029378" confidence="0.8"><sensory_activity wordnetid="100876737" confidence="0.8"><act wordnetid="100030358" confidence="0.8"><psychological_feature wordnetid="100023100" confidence="0.8"><activity wordnetid="100407535" confidence="0.8"><sensing wordnetid="100876874" confidence="0.8"><link ns0:type="simple" ns0:href="../141/4986141.xml">world vegetarian day</link></sensing></activity></psychological_feature></act></sensory_activity></event></observation></look></col></row><row style="height:2px" /><row><col style=";;" class="navbox-group"><link ns0:type="simple" ns0:href="../273/2843273.xml">religion</link></col><col style="text-align:left;border-left:2px solid #fdfdfd;width:100%;padding:0px;;;" class="navbox-list navbox-even"><practice wordnetid="100410247" confidence="0.8"><event wordnetid="100029378" confidence="0.8"><act wordnetid="100030358" confidence="0.8"><psychological_feature wordnetid="100023100" confidence="0.8"><activity wordnetid="100407535" confidence="0.8"><link ns0:type="simple" ns0:href="../327/3602327.xml">buddhism</link></activity></psychological_feature></act></event></practice><school wordnetid="108276720" confidence="0.8"><educational_institution wordnetid="108276342" confidence="0.8"><institution wordnetid="108053576" confidence="0.8"><link ns0:type="simple" ns0:href="../630/7630.xml">cathar</link></institution></educational_institution></school><position wordnetid="106196284" confidence="0.8"><controversy wordnetid="107183151" confidence="0.8"><event wordnetid="100029378" confidence="0.8"><dispute wordnetid="107181935" confidence="0.8"><point_of_view wordnetid="106210363" confidence="0.8"><disagreement wordnetid="107180787" confidence="0.8"><act wordnetid="100030358" confidence="0.8"><psychological_feature wordnetid="100023100" confidence="0.8"><speech_act wordnetid="107160883" confidence="0.8"><link ns0:type="simple" ns0:href="../571/1886571.xml">christian</link></speech_act></psychological_feature></act></disagreement></point_of_view></dispute></event></controversy></position><tradition wordnetid="105809745" confidence="0.8"><link ns0:type="simple" ns0:href="../587/17258587.xml">hinduism</link></tradition><link ns0:type="simple" ns0:href="../235/3587235.xml">jainism</link><link ns0:type="simple" ns0:href="../948/18982948.xml">sikhism</link><link ns0:type="simple" ns0:href="../489/218489.xml">tolstoyan</link></col></row><row style="height:2px" /><row><col style=";;" class="navbox-group">other</col><col style="text-align:left;border-left:2px solid #fdfdfd;width:100%;padding:0px;;;" class="navbox-list navbox-odd"><link ns0:type="simple" ns0:href="../105/409105.xml">vegan organ garden</link></col></row></table></col></row></table></p></sec></bdy></article>