<article xmlns:ns0="http://www.w3.org/1999/xlink"><header><title>lazi learn</title><id /><revision><id /><timestamp /><contributor><username>mailer diablo</username><id /></contributor></revision><categories><category>machin learn</category></categories></header><bdy><link ns0:type="simple" ns0:href="../164/1164.xml">artifici intellig</link>lazi learn learn method which gener beyond the train data delay until queri made the system oppos<link ns0:type="simple" ns0:href="../995/10747995.xml">eager learn</link>where the system tri gener the train data befor receiv queri<p>the main advantag gain employ lazi learn method such<link ns0:type="simple" ns0:href="../333/170333.xml">case base reason</link>that the target function will approxim local such the<link ns0:type="simple" ns0:href="../388/1775388.xml">knearest neighbor algorithm</link>becaus the target function approxim local for each queri the system lazi learn system can simultan solv multipl problem and deal success with chang the problem domain</p><p>the disadvantag with lazi learn includ the larg space requir store the entir train dataset particularli noisi train data increas the case base unnecessarili becaus abstract made dure the train phase anoth disadvantag that lazi learn method are usual slower evalu though thi coupl with faster train phase</p><sec><st>refer</st><p>lazi learn for local regress public gianluca bontempi httpiridiaulbacbelazi the lazi learn packag</p></sec></bdy></article>