<article xmlns:ns0="http://www.w3.org/1999/xlink"><organization confidence="0.9511911446218017" wordnetid="108008335"><header><title>extend care health option</title><id /><revision><id /><timestamp /><contributor><username>russbot</username><id /></contributor></revision><categories><category>militari medic organ</category><category>healthcar the unit state</category><category>disabl</category><category>unit state depart defens</category></categories></header><bdy><image location="right" width="500px" src="7505_ECHO_2.jpg" />the extend care health option echo supplement coverag program offer<link ns0:type="simple" ns0:href="../627/2996627.xml">tricar</link>depend member the<link ns0:type="simple" ns0:href="../307/147307.xml">uniform servic the unit state</link>with qualifi<link ns0:type="simple" ns0:href="../285/56285.xml">disabl</link><sec><st>elig</st><p>echo benefit are avail with qualifi condit<link ns0:type="simple" ns0:href="../627/2996627.xml">tricar</link>elig child spous activ duti<link ns0:type="simple" ns0:href="../307/147307.xml">uniform servic</link>member</p><p>the follow are qualifi condit under echo<list><entry level="1" type="bullet">moder sever mental retard</entry><entry level="1" type="bullet">seriou physic disabl</entry><entry level="1" type="bullet">extraordinari physic psycholog condit such complex that the beneficiari homebound</entry></list></p><ss1><st>echo enrollmentregistr</st><p>tricar echo requir all elig beneficiari the follow</p><p><list><entry level="1" type="bullet">present evid that the sponsor activ duti servic member one the uniform servic</entry><entry level="1" type="bullet">enrol the<link ns0:type="simple" ns0:href="../320/6821320.xml">except famili member program</link>efmp that avail through their servic branch</entry><entry level="1" type="bullet">submit the requir enrol form form except famili member medic summari form except famili member special educationearli intervent</entry><entry level="1" type="bullet">regist with their region contractor obtain echo benefit author</entry></list></p><p>for more inform about the efmp<agency wordnetid="108337324" confidence="0.9508927676800064"><link ns0:type="simple" ns0:href="../897/7279897.xml">depart defens</link></agency>beneficiari may visit the militari homefront websit<link ns0:type="simple" ns0:href="../223/32223.xml">coast guard</link>beneficiari should contact the worklif staff their nearest integr support command inquir about the coast guard special need program</p></ss1></sec><sec><st>coverag</st><p>addit coverag receiv via the primari tricar plan tricar echo benefit may includ</p><p><list><entry level="1" type="bullet">medic and rehabilit servic</entry><entry level="1" type="bullet">train use assist technolog devic</entry><entry level="1" type="bullet">special educ</entry><entry level="1" type="bullet">institut care when residenti environ requir</entry><entry level="1" type="bullet">transport under certain circumst</entry><entry level="1" type="bullet">assist servic such those from qualifi interpret translat for beneficiari whose visual hear impair qualifi them for echo benefit</entry><entry level="1" type="bullet">durabl equip includ adapt and mainten</entry><entry level="1" type="bullet">inhom medic servic through tricar echo extend home health care ehhc</entry><entry level="1" type="bullet">inhom respit care servic note onli one the follow respit care benefit may use calendar month</entry><entry level="2" type="bullet">echo respit care hour per month when receiv other author echo benefit</entry><entry level="2" type="bullet">ehhc respit careup hour per week eight hour per day five day per week homebound</entry></list></p></sec><sec><st>coverag limit</st><p>the echo benefit provid govern costshar limit per month per elig famili member addit other tricar echo benefit beneficiari who are homebound may qualifi for extend inhom health care servic the cost share doe not appli the echo home health care ehhc there benefit cap</p><p>for certain benefit echo requir recipi first use public fund and facil the extent that they are avail and adequ</p><p>under echo sponsor must pay part the monthlyauthor expens for their famili member base their pay grade rang from month for all enlist and most offic</p></sec><sec><st>program author regul</st><p>the program origin author section the nation defens author act for fiscal year public law and codifi law usc through depart defens regul for the echo program are found<weblink ns0:type="simple" ns0:href="http://a257.g.akamaitech.net/7/257/2422/22jul20061500/edocket.access.gpo.gov/cfr_2006/julqtr/32cfr199.5.htm">cfr</weblink>after publish the august feder regist</p></sec><sec><st>refer</st><p><weblink ns0:type="simple" ns0:href="http://a257.g.akamaitech.net/7/257/2422/22jul20061500/edocket.access.gpo.gov/cfr_2006/julqtr/32cfr199.5.htm">cfr</weblink></p></sec><sec><st>extern link</st><p><list><entry level="1" type="bullet"><weblink ns0:type="simple" ns0:href="http://www.tricare.mil/echo/default.cfm">offici tricar echo inform websit</weblink></entry><entry level="1" type="bullet"><weblink ns0:type="simple" ns0:href="http://www.military.com/benefits/tricare/tricare-extended-care-health-option">militarycom echo page</weblink></entry></list></p></sec></bdy></organization></article>