<article xmlns:ns0="http://www.w3.org/1999/xlink"><physical_entity confidence="0.8" wordnetid="100001930"><automaton confidence="0.8" wordnetid="109825519"><person confidence="0.8" wordnetid="100007846"><causal_agent confidence="0.8" wordnetid="100007347"><anomaly confidence="0.8" wordnetid="109606527"><header><title>quantum cellular automata</title><id /><revision><id /><timestamp /><contributor><username>alleborgobot</username><id /></contributor></revision><categories><category>cellular automata</category><category>quantum inform scienc</category></categories></header><bdy>quantum cellular automata qca refer ani one sever model<link ns0:type="simple" ns0:href="../220/25220.xml">quantum comput</link>which have been devis analog convent model<link ns0:type="simple" ns0:href="../342/54342.xml">cellular automata</link>introduc<link ns0:type="simple" ns0:href="../942/15942.xml">von neumann</link>may also refer<link ns0:type="simple" ns0:href="../212/8411212.xml">quantum dot cellular automata</link>which propos physic implement classic cellular automata exploit<link ns0:type="simple" ns0:href="../202/25202.xml">quantum mechan</link>phenomena<sec><st>usag the term</st><p>the context model comput physic system quantum cellular automaton term current without singl agreedupon mean howev model quantum cellular automata tend attempt merg borrow element both the studi cellular automata convent<link ns0:type="simple" ns0:href="../323/5323.xml">comput scienc</link>and the studi<link ns0:type="simple" ns0:href="../094/659094.xml">quantum inform process</link>particular the follow are common featur model quantum cellular automata<list><entry level="1" type="bullet">the comput consid come about parallel oper multipl comput devic cell the cell are usual taken ident finitedimension quantum system each cell<link ns0:type="simple" ns0:href="../284/25284.xml">qubit</link></entry><entry level="1" type="bullet">each cell neighborhood other cell altogeth these form network cell which usual taken regular the cell are arrang lattic with without period boundari condit</entry><entry level="1" type="bullet">the evolut all the cell number physicslik symmetri local one the next state cell depend onli current state and that neighbour homogen anoth the evolut act the same everywher and independ time</entry><entry level="1" type="bullet">the state space the cell and the oper perform them should motiv principl quantum mechan</entry></list>one featur that often consid import for model quantum cellular automata that should univers for quantum comput that can effici simul quantum ture machin<ref ns0:type="simple" ns0:href="#xpointer(//reflist/entry[@id=%221%22])" /><ref ns0:type="simple" ns0:href="#xpointer(//reflist/entry[@id=%222%22])" />some arbitrari<link ns0:type="simple" ns0:href="../404/707404.xml">quantum circuit</link><ref ns0:type="simple" ns0:href="#xpointer(//reflist/entry[@id=%223%22])" />simpli all other quantum cellular automata<ref ns0:type="simple" ns0:href="#xpointer(//reflist/entry[@id=%224%22])" />model which have been propos recent impos further condit that quantum cellular automata should revers andor local unitari and have easili determin global transit function from the rule for updat individu cell<ref ns0:type="simple" ns0:href="#xpointer(//reflist/entry[@id=%222%22])" />recent result show that these properti can deriv axiomat from the symmetri the global evolut<ref ns0:type="simple" ns0:href="#xpointer(//reflist/entry[@id=%225%22])" /><ref ns0:type="simple" ns0:href="#xpointer(//reflist/entry[@id=%226%22])" /><ref ns0:type="simple" ns0:href="#xpointer(//reflist/entry[@id=%227%22])" /></p></sec><sec><st>model qca</st><ss1><st>earli propos</st><p>the concept cellular automaton oper quantum mechan principl date back least<person wordnetid="100007846" confidence="0.9508927676800064"><scientist wordnetid="110560637" confidence="0.9508927676800064"><link ns0:type="simple" ns0:href="../523/25523.xml">richard feynman</link></scientist></person>who suggest initi approach quantiz model cellular automata<ref ns0:type="simple" ns0:href="#xpointer(//reflist/entry[@id=%228%22])" />gerhard grssing and<scientist wordnetid="110560637" confidence="0.9508927676800064"><link ns0:type="simple" ns0:href="../635/918635.xml">anton zeiling</link></scientist>introduc the term quantum cellular automata refer model they defin<ref ns0:type="simple" ns0:href="#xpointer(//reflist/entry[@id=%229%22])" />howev their model veri littl common with the concept develop quantum comput after david deutsch formal develop that subject<ref ns0:type="simple" ns0:href="#xpointer(//reflist/entry[@id=%2210%22])" />and not been develop significantli model comput</p></ss1><ss1><st>model univers quantum comput</st><p>the first formal model quantum cellular automata research depth that introduc john watrou<ref ns0:type="simple" ns0:href="#xpointer(//reflist/entry[@id=%221%22])" />thi model develop further wim van dam<ref ns0:type="simple" ns0:href="#xpointer(//reflist/entry[@id=%2211%22])" />well christoph drr huong lthanh and miklo santha<ref ns0:type="simple" ns0:href="#xpointer(//reflist/entry[@id=%2212%22])" /><ref ns0:type="simple" ns0:href="#xpointer(//reflist/entry[@id=%2213%22])" />josef gruska<ref ns0:type="simple" ns0:href="#xpointer(//reflist/entry[@id=%2214%22])" />and pablo arrighi<ref ns0:type="simple" ns0:href="#xpointer(//reflist/entry[@id=%2215%22])" />howev later realis that thi definit too loos the sens that some instanc allow superlumin signal<ref ns0:type="simple" ns0:href="#xpointer(//reflist/entry[@id=%225%22])" /><ref ns0:type="simple" ns0:href="#xpointer(//reflist/entry[@id=%226%22])" />second wave model includ those susann richter and reinhard werner<ref ns0:type="simple" ns0:href="#xpointer(//reflist/entry[@id=%2216%22])" />benjamin schumach and reinhard werner<ref ns0:type="simple" ns0:href="#xpointer(//reflist/entry[@id=%225%22])" />carlo prezdelgado and donni cheung<ref ns0:type="simple" ns0:href="#xpointer(//reflist/entry[@id=%222%22])" />and pablo arrighi vincent nesm and reinhard werner<ref ns0:type="simple" ns0:href="#xpointer(//reflist/entry[@id=%226%22])" /><ref ns0:type="simple" ns0:href="#xpointer(//reflist/entry[@id=%227%22])" />these are all close relat and not suffer ani such local issu the end one can say that they all agre pictur quantum cellular automata just some larg quantum circuit infinit repeat across time and space</p></ss1><ss1><st>model physic system</st><p>model quantum cellular automata have been propos david meyer<ref ns0:type="simple" ns0:href="#xpointer(//reflist/entry[@id=%2217%22])" /><ref ns0:type="simple" ns0:href="#xpointer(//reflist/entry[@id=%2218%22])" />bruce bogosian and washington taylor<ref ns0:type="simple" ns0:href="#xpointer(//reflist/entry[@id=%2219%22])" />and peter love and bruce bogosian<ref ns0:type="simple" ns0:href="#xpointer(//reflist/entry[@id=%2220%22])" />mean simul quantum lattic gase motiv the use classic cellular automata model classic physic phenomena such dispers<ref ns0:type="simple" ns0:href="#xpointer(//reflist/entry[@id=%2221%22])" /></p></ss1><ss1><st>quantum dot cellular automata</st><p>propos for implement classic cellular automata system design with<link ns0:type="simple" ns0:href="../547/511547.xml">quantum dot</link>been propos under the name quantum cellular automata<physical_entity wordnetid="100001930" confidence="0.8"><person wordnetid="100007846" confidence="0.8"><intellectual wordnetid="109621545" confidence="0.8"><alumnus wordnetid="109786338" confidence="0.8"><causal_agent wordnetid="100007347" confidence="0.8"><scholar wordnetid="110557854" confidence="0.8"><link ns0:type="simple" ns0:href="../395/12269395.xml">paul tougaw</link></scholar></causal_agent></alumnus></intellectual></person></physical_entity>and craig lent<ref ns0:type="simple" ns0:href="#xpointer(//reflist/entry[@id=%2222%22])" />replac for classic comput use cmo technolog order better differenti between thi propos and model cellular automata which perform quantum comput mani author work thi subject now refer thi<link ns0:type="simple" ns0:href="../212/8411212.xml">quantum dot cellular automaton</link></p></ss1></sec><sec><st>refer</st><p><reflist><entry id="1">watrou onedimension quantum cellular automata proc foc</entry><entry id="2">prezdelgado and cheung local unitari quantum cellular automata phi rev see also<weblink ns0:type="simple" ns0:href="http://www.arxiv.org/abs/0709.0006">arxiv quantph</weblink></entry><entry id="3">shepherd franz werner univers programm quantum cellular automaton phi rev lett</entry><entry id="4">arrighi fargetton intrins univers onedimension quantum cellular automata dcm see also<weblink ns0:type="simple" ns0:href="http://arxiv.org/abs/0704.3961">quantph</weblink></entry><entry id="5">schumach and werner revers quantum cellular automata<weblink ns0:type="simple" ns0:href="http://www.arxiv.org/abs/quant-ph/0405174">quantph</weblink></entry><entry id="6">pablo arrighi vincent nesm reinhard werner onedimension quantum cellular automata over finit unbound configur see also<weblink ns0:type="simple" ns0:href="http://arxiv.org/abs/0711.3517">quantph</weblink></entry><entry id="7">pablo arrighi vincent nesm reinhard werner ndimension quantum cellular automata see also<weblink ns0:type="simple" ns0:href="http://arxiv.org/abs/0711.3975">quantph</weblink></entry><entry id="8">feynman simul physic with comput int theor phi</entry><entry id="9">gross and zeiling quantum cellular automata complex system and</entry><entry id="10">deutsch quantum theori the churchtur principl and the univers quantum comput proceed the royal societi london</entry><entry id="11">van dam quantum cellular automata master thesi comput scienc nijmegen summer</entry><entry id="12">drr and santha decis procedur for unitari linear quantum cellular automata<weblink ns0:type="simple" ns0:href="http://www.arxiv.org/abs/quant-ph/9604007">quantph</weblink></entry><entry id="13">drr ltanh santha decis procedur for wellform linear quantum cellular automata rand struct algorithm see also<weblink ns0:type="simple" ns0:href="http://www.arxiv.org/abs/cs.DS/9906024">csd</weblink></entry><entry id="14">gruska quantum comput mcgrawhil cambridg section</entry><entry id="15">pablo arrighi algebra studi unitari one dimension quantum cellular automata proceed mfc lnc see also<weblink ns0:type="simple" ns0:href="http://arxiv.org/abs/quant-ph/0512040">quantph</weblink></entry><entry id="17">meyer from quantum cellular automata quantum lattic gase journal statist physic see also<weblink ns0:type="simple" ns0:href="http://www.arxiv.org/abs/quant-ph/9604003">quantph</weblink></entry><entry id="16">richter and werner ergod quantum cellular automata stat phi see also<weblink ns0:type="simple" ns0:href="http://www.arxiv.org/abs/cond-mat/9504001">condmat</weblink></entry><entry id="19">bogosian and taylor quantum latticega model for the manyparticl schrdinger equat dimens physic review</entry><entry id="18">meyer the absenc homogen scalar unitari cellular automata physic letter see also<weblink ns0:type="simple" ns0:href="http://www.arxiv.org/abs/quant-ph/9604011">quantph</weblink></entry><entry id="21">chophard and droz cellular automata model physic system cambridg universitri press</entry><entry id="20">love and bogosian from dirac diffus decoher quantum lattic gase quantum inform process</entry><entry id="22">tougaw lent logic devic implement use quantum cellular automata appl phi</entry></reflist></p></sec></bdy></anomaly></causal_agent></person></automaton></physical_entity></article>