<article xmlns:ns0="http://www.w3.org/1999/xlink"><application confidence="0.9511911446218017" wordnetid="106570110"><software confidence="0.9508927676800064" wordnetid="106566077"><header><title>aerotext</title><id /><revision><id /><timestamp /><contributor><username>fairusebot</username><id /></contributor></revision><categories><category>artifici intellig applic</category></categories></header><bdy><template><name /><parameters><genre><link ns0:type="simple" ns0:href="../253/42253.xml">data mine</link></genre><website><weblink ns0:type="simple" ns0:href="http://www.lockheedmartin.com/products/AeroText/index.html">lockhe martin aerotext</weblink></website><latest_release_version /><developer><company wordnetid="108058098" confidence="0.9508927676800064"><link ns0:type="simple" ns0:href="../527/66527.xml">lockhe martin</link></company></developer><name>aerotexttm</name><license><link ns0:type="simple" ns0:href="../886/18934886.xml">proprietari</link></license><operating_system><link ns0:type="simple" ns0:href="../890/18890.xml">window</link><message wordnetid="106598915" confidence="0.8"><information wordnetid="106634376" confidence="0.8"><electronic_database wordnetid="106588511" confidence="0.8"><lexical_database wordnetid="106638868" confidence="0.8"><wordnet wordnetid="106639428" confidence="0.8"><database wordnetid="106637824" confidence="0.8"><link ns0:type="simple" ns0:href="../145/46145.xml">solari</link></database></wordnet></lexical_database></electronic_database></information></message><O wordnetid="106832680" confidence="0.9508927676800064"><link ns0:type="simple" ns0:href="../297/6097297.xml">linux</link></O></operating_system></parameters></template>aerotext suit<link ns0:type="simple" ns0:href="../439/318439.xml">text mine</link>applic that are use for<link ns0:type="simple" ns0:href="../317/473317.xml">content analysi</link>content use can multipl languag<p>aerotext solut develop the integr system and solut divis<link ns0:type="simple" ns0:href="../527/66527.xml">lockhe martin corpor</link>lead defens contractor origin develop for the<link ns0:type="simple" ns0:href="../244/501244.xml">intellig commun</link><agency wordnetid="108337324" confidence="0.9508927676800064"><link ns0:type="simple" ns0:href="../897/7279897.xml">depart defens</link></agency>the solut becom one the lead solut avail and often integr into other solut aerotext solut provid both<link ns0:type="simple" ns0:href="../162/383162.xml">inform extract</link>and<link ns0:type="simple" ns0:href="../587/1039587.xml">link analysi</link>capabl</p><p>aerotext convert unstructur inform into structur inform the user the capabl defin the paramet both</p><p>aerotext output normal and store within the solut cach templat howev the inform can output varieti way use the run time integr toolkit rit integr the output into exist system through the use rit modul wrapper for<format wordnetid="106636806" confidence="0.9508927676800064"><link ns0:type="simple" ns0:href="../138/34138.xml">xml</link></format>and the<link ns0:type="simple" ns0:href="../832/53832.xml">darpa agent markup languag</link>daml and also provid thu make the solut flexibl enough util other domain for instanc the solut present the<link>nation institut health biomed comput interest group</link>bcig april and demonstr excel applic the biomed domain</p><p>aerotext dataindepend which mean doe not reli have bia toward particular domain document type document sourc natur languag haser and child sampl target applic includ automat databas gener document rout brows summar enhanc full text search and target document search addit link analysi the solut multilingu util also strength the technolog also flexibl enough abl support format standard such daml kogut and holm which aid law enforc activ</p><p>the current releas exist set variou compon that are use carri out integr and data mine task the<link>integr develop environ</link>ide perhap the most import compon provid the rule develop modif and coordin capabl complet environ build test and analyz linguist knowledg base kogut and holm thi<link ns0:type="simple" ns0:href="../293/12293.xml">graphic interfac</link>includ not onli object orient editor and rule wizard but also allow visual tool for analyz extract data debug linguist data and analyz perform aerotext result custom logic domain are avail</p><p>the instanc base runtim engin actual carri out the extract input document appli<link ns0:type="simple" ns0:href="../497/239497.xml">knowledg base</link>see below accord the compani instanc defin the creation singl document object the aerotext applic program interfac api the engin avail<message wordnetid="106598915" confidence="0.8"><request wordnetid="106513366" confidence="0.8"><link ns0:type="simple" ns0:href="../881/15881.xml">java</link></request></message><programming_language wordnetid="106898352" confidence="0.9508927676800064"><link ns0:type="simple" ns0:href="../021/6021.xml" /></programming_language><physical_entity wordnetid="100001930" confidence="0.8"><person wordnetid="100007846" confidence="0.8"><model wordnetid="110324560" confidence="0.8"><idea wordnetid="105833840" confidence="0.8"><concept wordnetid="105835747" confidence="0.8"><assistant wordnetid="109815790" confidence="0.8"><component wordnetid="105868954" confidence="0.8"><worker wordnetid="109632518" confidence="0.8"><causal_agent wordnetid="100007347" confidence="0.8"><part wordnetid="105867413" confidence="0.8"><link ns0:type="simple" ns0:href="../007/17058007.xml">com</link></part></causal_agent></worker></component></assistant></concept></idea></model></person></physical_entity>api and wrapper for<format wordnetid="106636806" confidence="0.9508927676800064"><link ns0:type="simple" ns0:href="../138/34138.xml">xml</link></format>and daml</p><p>the run time integr toolkit rit help deploy aerotext minim the need for integr code and provid for the integr aerotext output into exist system through the use rit modul</p><p>the corpu analyz cluster document base entiti and conceptu similar between document</p><p>the answer key editor creat inform store for score assign answer key that correspond specif collect document aerotext thi key object measur the accuraci the extract process the score capabl integr into the develop environ enabl the develop identifi and analyz extract error larg set data dure the develop process</p><p>much the solut technolog provid within the compani<link ns0:type="simple" ns0:href="../497/239497.xml">knowledg base</link>english serv the key core and provid linguisticdriven rule which approach entiti type use extract text are also avail for the<link ns0:type="simple" ns0:href="../803/803.xml">arab</link><language wordnetid="106282651" confidence="0.9508927676800064"><link ns0:type="simple" ns0:href="../751/5751.xml">chines</link></language>simplifi and tradit<link ns0:type="simple" ns0:href="../803/803.xml">arab</link><language wordnetid="106282651" confidence="0.9508927676800064"><link ns0:type="simple" ns0:href="../825/26825.xml">spanish</link></language>and<language wordnetid="106282651" confidence="0.9508927676800064"><link ns0:type="simple" ns0:href="../042/37042.xml">indonesian</link></language>includ melagu languag compil use convert linguist data file into effici runtim knowledg base kogut and holm aerotext solut compon are avail separ one two product bundl the standard bundl includ the ide instancebas runtim engin core english knowledg base and the custom tool the profession bundl includ the standard compon well the corpu analyz and the answer key editor</p><p>aerotext can handl ani textual input the instanc base runtim engin support both ascii and unicod text</p><p>aerotext main focu inform extract which includ both name<link ns0:type="simple" ns0:href="../608/1906608.xml">entiti extract</link>and intrasourc link analysi aerotext inform extract technolog design for natur languag text aerotext the compani organ capabl into sever group specif for inform extract entiti person organ place etc key phrase time express money amount etc and grammat phrase verb phrase etc can all extract term link analysi the solut provid entiti corefer resolut multipl mention the same entiti entiti associ identifi relationship event extract who what when where topic categor subject matter determin tempor resolut resolut time express etc and locat resolut identif particular place which can tie addit the compani blockfind can use understand textual tabl haser and child</p><p>the solut gain flexibl and broad rang applic from the fact that the system base the use manual craft rule these rule are use perform both<link ns0:type="simple" ns0:href="../608/1906608.xml">entiti extract</link>and intrasourc link analysi while differ modul develop will extens subjectmatt specif the solut can easili modifi handl the requir differ domain therefor order use the solut aerotext specialist must gener set extract rule these rule describ for aerotext how identifi and structur the inform extract effect they creat fairli abstract templat that describ all the differ way concept can express the target languag nobl these rule not onli extract the inform from the text but also specifi how the inform should structur within event record nobl haser and child explain that the fundament compon the solut includ featur element templat packag rulebas and cach</p><p>these term are explain use the follow exampl feb aaa corpor will acquir tampabas zzz inc within day featur list term that repres common idea base mean grammar inc and corp are busi design corpdesign element set regular express that allow bind inform match text for instanc feb and februari both refer the second month month templat frame with slot use hold extract text and sometim relat inform time templat for exampl would includ text field well startdat and enddat field packag set rule similar element but with associ action that fill templat slot with extract inform the exampl abov would have time organ and locat templat into which extract inform could organ rulebas collect packag that are activ the appropri time dure process sequenc thi exampl would have the time and organ templat feed into acquisit templat cach provid virtual bin for store extract inform</p><p>entiti cach store time organ and other such inform while event cach can store event inform such acquisit highlevel overview how the solut set provid the adjac figur given test document knowledg engin produc the answer key suppos output while the knowledg base engin use prepackag and userdevelop rule extract the entiti and relationship from the text these two output are compar and score chang need made the knowledg engin creat addit rule make other enhanc the knowledg base which turn updat the knowledg base engin</p><sec><st>further read</st><p>haser tom and child loi drug discoveri through inform extract technolog present nih bcig april onlin and access januari</p><p>hill ryan lockhe martin sign netmap analyt author distributor aerotexttm inform extract softwar august onlin access januari</p><p>kmworld kmworld buyer guid lockhe martin corpor onlin companyid</p><p>kogut paul and holm william aerodaml appli inform extract gener daml annot from web page onlin</p><p>mordoff keith lockhe martin new aerotexttm version help user tackl data overload pinpoint critic inform april onlin</p><p>nobl david fusion open sourc inform onlin</p><p>nobl david structur open sourc inform support intellig analysi onlin</p><p>robert gregori aerotexttm product execut summari inform onlin</p><p>taylor sarah inform extract tool deciph human languag profession vol page novemberdecemb onlin httpieeexploreieeeorgielpdftp arnumb isnumb</p></sec><sec><st>extern link</st><p><list><entry level="1" type="bullet"><weblink ns0:type="simple" ns0:href="http://www.lockheedmartin.com/products/AeroText/index.html">aerotext homepag lockhe martin</weblink></entry><entry level="1" type="bullet"><weblink ns0:type="simple" ns0:href="http://www.lockheedmartin.com/news/press_releases/2007/AeroTextTMNowRunsOnOpenSourcePlatfo.html">aerotext for linux</weblink></entry><entry level="1" type="bullet"><weblink ns0:type="simple" ns0:href="http://www.nist.gov/speech/tests/ace/ace07/doc/ace07_eval_official_results_20070402.htm">aerotext mace result</weblink></entry><entry level="1" type="bullet"><weblink ns0:type="simple" ns0:href="http://www.lockheedmartin.com/wms/findPage.do?dsp=fec ci=15902 rsbci=0 fti=0 ti=0 sc=400">press releas success arab extract</weblink></entry><entry level="1" type="bullet"><weblink ns0:type="simple" ns0:href="http://www.cmdsolutions.com/Solutions/text_extraction.shtml">cmd solut appar resellerprovid</weblink></entry><entry level="1" type="bullet"><weblink ns0:type="simple" ns0:href="http://www.daml.org/meetings/2004/05/pi/pdf/LM2004May.pdf">daml present</weblink></entry><entry level="1" type="bullet"><weblink ns0:type="simple" ns0:href="http://www.informationweek.com/news/showArticle.jhtml?articleID=198500124">defens intellig agenc boost search firepow</weblink></entry></list></p></sec><sec><st>see also</st><p><list><entry level="1" type="bullet"><link ns0:type="simple" ns0:href="../253/42253.xml">data mine</link></entry><entry level="1" type="bullet"><link ns0:type="simple" ns0:href="../251/81251.xml">lexic analysi</link></entry><entry level="1" type="bullet"><link ns0:type="simple" ns0:href="../832/53832.xml">daml</link></entry></list></p><p><table style=";" class="navbox" cellspacing="0"><row><col style="padding:2px;"><table style="width:100%;background:transparent;color:inherit;;" class="nowraplinks collapsible autocollapse " cellspacing="0"><row><header colspan="2" style=";background:lightsteelblue;" class="navbox-title"><company wordnetid="108058098" confidence="0.9508927676800064"><link ns0:type="simple" ns0:href="../527/66527.xml">lockhe martin</link></company></header></row><row style="height:2px;" /><row><col colspan="2" style="width:100%;padding:0px;;;" class="navbox-list navbox-odd"><table style="width:100%;;;;" class="nowraplinks collapsible autocollapse navbox-subgroup" cellspacing="0"><row><header colspan="2" style=";background:#bbcce3;" class="navbox-title">compani and partnership</header></row><row style="height:2px;" /><row><col colspan="2" style="width:100%;padding:0px;;;" class="navbox-list navbox-odd"><p><manufacturer wordnetid="108060446" confidence="0.8"><company wordnetid="108058098" confidence="0.8"><enterprise wordnetid="108056231" confidence="0.8"><business wordnetid="108061042" confidence="0.8"><institution wordnetid="108053576" confidence="0.8"><link ns0:type="simple" ns0:href="../237/1393237.xml">aeronaut</link></institution></business></enterprise></company></manufacturer><link ns0:type="simple" ns0:href="../167/18626167.xml">canada</link><link ns0:type="simple" ns0:href="../252/4707252.xml">inform technolog</link><link ns0:type="simple" ns0:href="../970/6475970.xml">maritim system and sensor</link><link ns0:type="simple" ns0:href="../601/5976601.xml">missil and fire control</link><company wordnetid="108058098" confidence="0.9508927676800064"><link ns0:type="simple" ns0:href="../271/3290271.xml">orincon</link></company><link ns0:type="simple" ns0:href="../793/3153793.xml">simul train support</link><manufacturer wordnetid="108060446" confidence="0.8"><company wordnetid="108058098" confidence="0.8"><enterprise wordnetid="108056231" confidence="0.8"><business wordnetid="108061042" confidence="0.8"><institution wordnetid="108053576" confidence="0.8"><link ns0:type="simple" ns0:href="../625/1391625.xml">space system</link></institution></business></enterprise></company></manufacturer><link ns0:type="simple" ns0:href="../617/6707617.xml">system integr owego</link><link>transport secur solut</link><company wordnetid="108058098" confidence="0.8"><institution wordnetid="108053576" confidence="0.8"><link ns0:type="simple" ns0:href="../055/923055.xml" /></institution></company><link ns0:type="simple" ns0:href="../455/995455.xml">savi technolog</link><company wordnetid="108058098" confidence="0.9508927676800064"><link ns0:type="simple" ns0:href="../579/3575579.xml">unit space allianc</link></company><company wordnetid="108058098" confidence="0.9508927676800064"><link ns0:type="simple" ns0:href="../089/4164089.xml">unit launch allianc</link></company></p></col></row></table></col></row><row style="height:2px" /><row><col colspan="2" style="width:100%;padding:0px;;;" class="navbox-list navbox-even"><table style="width:100%;;;;" class="nowraplinks collapsible autocollapse navbox-subgroup" cellspacing="0"><row><header colspan="2" style=";background:#bbcce3;" class="navbox-title">facil</header></row><row style="height:2px;" /><row><col colspan="2" style="width:100%;padding:0px;;;" class="navbox-list navbox-odd"><p><conveyance wordnetid="103100490" confidence="0.8"><airship wordnetid="102692877" confidence="0.8"><structure wordnetid="104341686" confidence="0.8"><craft wordnetid="103125870" confidence="0.8"><building wordnetid="102913152" confidence="0.8"><artifact wordnetid="100021939" confidence="0.8"><instrumentality wordnetid="103575240" confidence="0.8"><lighter-than-air_craft wordnetid="103666917" confidence="0.8"><vehicle wordnetid="104524313" confidence="0.8"><aircraft wordnetid="102686568" confidence="0.8"><link ns0:type="simple" ns0:href="../875/4432875.xml">goodyear airdock</link></aircraft></vehicle></lighter-than-air_craft></instrumentality></artifact></building></craft></structure></airship></conveyance><structure wordnetid="104341686" confidence="0.8"><building wordnetid="102913152" confidence="0.8"><artifact wordnetid="100021939" confidence="0.8"><link ns0:type="simple" ns0:href="../308/4897308.xml">knoll atom power laboratori</link></artifact></building></structure><link ns0:type="simple" ns0:href="../315/2914315.xml">space applic laboratori</link><structure wordnetid="104341686" confidence="0.8"><building wordnetid="102913152" confidence="0.8"><artifact wordnetid="100021939" confidence="0.8"><facility wordnetid="103315023" confidence="0.8"><link ns0:type="simple" ns0:href="../115/1247115.xml">michoud assembl facil</link></facility></artifact></building></structure><site wordnetid="108651247" confidence="0.8"><region wordnetid="108630985" confidence="0.8"><artifact wordnetid="100021939" confidence="0.8"><instrumentality wordnetid="103575240" confidence="0.8"><location wordnetid="100027167" confidence="0.8"><tract wordnetid="108673395" confidence="0.8"><weapon wordnetid="104565375" confidence="0.8"><device wordnetid="103183080" confidence="0.8"><geographical_area wordnetid="108574314" confidence="0.8"><instrument wordnetid="103574816" confidence="0.8"><link ns0:type="simple" ns0:href="../558/155558.xml">sandia nation laboratori</link></instrument></geographical_area></device></weapon></tract></location></instrumentality></artifact></region></site><link ns0:type="simple" ns0:href="../249/55249.xml#xpointer(//*[./st=%22Lockheed's+Skunk+Works%22])">skunk work</link></p></col></row></table></col></row><row style="height:2px" /><row><col colspan="2" style="width:100%;padding:0px;;;" class="navbox-list navbox-odd"><table style="width:100%;;;;" class="nowraplinks collapsible autocollapse navbox-subgroup" cellspacing="0"><row><header colspan="2" style=";" class="navbox-title">activ product</header></row><row style="height:2px;" /><row><col colspan="2" style="width:100%;padding:0px;;;" class="navbox-list navbox-odd"><p><computer wordnetid="103082979" confidence="0.8"><artifact wordnetid="100021939" confidence="0.8"><instrumentality wordnetid="103575240" confidence="0.8"><measuring_instrument wordnetid="103733925" confidence="0.8"><weapon wordnetid="104565375" confidence="0.8"><device wordnetid="103183080" confidence="0.8"><radar wordnetid="104039848" confidence="0.8"><instrument wordnetid="103574816" confidence="0.8"><machine wordnetid="103699975" confidence="0.8"><link>aegi</link></machine></instrument></radar></device></weapon></measuring_instrument></instrumentality></artifact></computer><software wordnetid="106566077" confidence="0.9508927676800064"><link ns0:type="simple" ns0:href="../222/10804222.xml">aerotext</link></software><link ns0:type="simple" ns0:href="../070/788070.xml">asroc</link><link ns0:type="simple" ns0:href="../015/147015.xml">atacm</link><rocket wordnetid="104099429" confidence="0.9508927676800064"><link ns0:type="simple" ns0:href="../778/1824778.xml">atla rocket</link></rocket><aircraft wordnetid="102686568" confidence="0.9508927676800064"><link ns0:type="simple" ns0:href="../434/160434.xml" /></aircraft><aircraft wordnetid="102686568" confidence="0.9508927676800064"><link ns0:type="simple" ns0:href="../697/7697.xml" /></aircraft><idea wordnetid="105833840" confidence="0.8"><concept wordnetid="105835747" confidence="0.8"><artifact wordnetid="100021939" confidence="0.8"><instrumentality wordnetid="103575240" confidence="0.8"><component wordnetid="105868954" confidence="0.8"><container wordnetid="103094503" confidence="0.8"><part wordnetid="105867413" confidence="0.8"><link ns0:type="simple" ns0:href="../937/679937.xml">space shuttl extern fuel tank</link></part></container></component></instrumentality></artifact></concept></idea><link ns0:type="simple" ns0:href="../715/3684715.xml">forc hawk</link><aircraft wordnetid="102686568" confidence="0.9508927676800064"><link ns0:type="simple" ns0:href="../813/11813.xml" /></aircraft><aircraft wordnetid="102686568" confidence="0.9508927676800064"><link ns0:type="simple" ns0:href="../299/66299.xml" /></aircraft><aircraft wordnetid="102686568" confidence="0.9508927676800064"><link ns0:type="simple" ns0:href="../812/11812.xml" /></aircraft><conveyance wordnetid="103100490" confidence="0.8"><artifact wordnetid="100021939" confidence="0.8"><instrumentality wordnetid="103575240" confidence="0.8"><missile wordnetid="103773504" confidence="0.8"><rocket wordnetid="104099429" confidence="0.8"><weapon wordnetid="104565375" confidence="0.8"><vehicle wordnetid="104524313" confidence="0.8"><device wordnetid="103183080" confidence="0.8"><instrument wordnetid="103574816" confidence="0.8"><air-to-ground_missile wordnetid="102693540" confidence="0.8"><link ns0:type="simple" ns0:href="../314/3377314.xml">jassm</link></air-to-ground_missile></instrument></device></vehicle></weapon></rocket></missile></instrumentality></artifact></conveyance><weapon wordnetid="104565375" confidence="0.9508927676800064"><link ns0:type="simple" ns0:href="../575/315575.xml">javelin</link></weapon><link ns0:type="simple" ns0:href="../572/3718572.xml">jcm</link><weapon wordnetid="104565375" confidence="0.9508927676800064"><link ns0:type="simple" ns0:href="../151/38151.xml">hellfir</link></weapon><link ns0:type="simple" ns0:href="../011/147011.xml">himar</link><conveyance wordnetid="103100490" confidence="0.8"><artifact wordnetid="100021939" confidence="0.8"><instrumentality wordnetid="103575240" confidence="0.8"><missile wordnetid="103773504" confidence="0.8"><rocket wordnetid="104099429" confidence="0.8"><weapon wordnetid="104565375" confidence="0.8"><vehicle wordnetid="104524313" confidence="0.8"><surface-to-air_missile wordnetid="104363210" confidence="0.8"><device wordnetid="103183080" confidence="0.8"><guided_missile wordnetid="103466162" confidence="0.8"><instrument wordnetid="103574816" confidence="0.8"><link ns0:type="simple" ns0:href="../730/1034730.xml">mead</link></instrument></guided_missile></device></surface-to-air_missile></vehicle></weapon></rocket></missile></instrumentality></artifact></conveyance><link ns0:type="simple" ns0:href="../202/1167202.xml">milstar</link><weapon wordnetid="104565375" confidence="0.9508927676800064"><link ns0:type="simple" ns0:href="../976/932976.xml">mlr</link></weapon><link ns0:type="simple" ns0:href="../185/2088185.xml">muo</link><satellite wordnetid="104137444" confidence="0.8"><artifact wordnetid="100021939" confidence="0.8"><instrumentality wordnetid="103575240" confidence="0.8"><equipment wordnetid="103294048" confidence="0.8"><link ns0:type="simple" ns0:href="../970/2516970.xml">nimiq</link></equipment></instrumentality></artifact></satellite><link ns0:type="simple" ns0:href="../291/454291.xml">orion spacecraft</link>under develop<aircraft wordnetid="102686568" confidence="0.9508927676800064"><link ns0:type="simple" ns0:href="../863/162863.xml" /></aircraft><conveyance wordnetid="103100490" confidence="0.8"><artifact wordnetid="100021939" confidence="0.8"><instrumentality wordnetid="103575240" confidence="0.8"><missile wordnetid="103773504" confidence="0.8"><rocket wordnetid="104099429" confidence="0.8"><weapon wordnetid="104565375" confidence="0.8"><vehicle wordnetid="104524313" confidence="0.8"><device wordnetid="103183080" confidence="0.8"><instrument wordnetid="103574816" confidence="0.8"><link ns0:type="simple" ns0:href="../960/3777960.xml">predat missil</link></instrument></device></vehicle></weapon></rocket></missile></instrumentality></artifact></conveyance><satellite wordnetid="104137444" confidence="0.8"><artifact wordnetid="100021939" confidence="0.8"><instrumentality wordnetid="103575240" confidence="0.8"><equipment wordnetid="103294048" confidence="0.8"><link ns0:type="simple" ns0:href="../132/934132.xml">sbir</link></equipment></instrumentality></artifact></satellite><conveyance wordnetid="103100490" confidence="0.8"><artifact wordnetid="100021939" confidence="0.8"><instrumentality wordnetid="103575240" confidence="0.8"><missile wordnetid="103773504" confidence="0.8"><rocket wordnetid="104099429" confidence="0.8"><weapon wordnetid="104565375" confidence="0.8"><vehicle wordnetid="104524313" confidence="0.8"><device wordnetid="103183080" confidence="0.8"><instrument wordnetid="103574816" confidence="0.8"><link ns0:type="simple" ns0:href="../696/1034696.xml">thaad</link></instrument></device></vehicle></weapon></rocket></missile></instrumentality></artifact></conveyance><sheath wordnetid="105238036" confidence="0.8"><natural_object wordnetid="100019128" confidence="0.8"><covering wordnetid="109257949" confidence="0.8"><husk wordnetid="113139647" confidence="0.8"><pod wordnetid="113140049" confidence="0.8"><link ns0:type="simple" ns0:href="../460/1087460.xml">sniper</link></pod></husk></covering></natural_object></sheath><link /><weapon wordnetid="104565375" confidence="0.9508927676800064"><link ns0:type="simple" ns0:href="../158/31158.xml">trident missil</link></weapon><link ns0:type="simple" ns0:href="../903/4838903.xml">vhu</link><aircraft wordnetid="102686568" confidence="0.9508927676800064"><link ns0:type="simple" ns0:href="../310/32310.xml" /></aircraft></p></col></row></table></col></row><row style="height:2px" /><row><col colspan="2" style="width:100%;padding:0px;;;" class="navbox-list navbox-even"><table style="width:100%;;;;" class="nowraplinks collapsible autocollapse navbox-subgroup" cellspacing="0"><row><header colspan="2" style=";" class="navbox-title">statist</header></row><row style="height:2px;" /><row><col colspan="2" style="width:100%;padding:0px;;;" class="navbox-list navbox-odd"><p>annual revenu billion<link ns0:type="simple" ns0:href="../338/18717338.xml">usd</link><link ns0:type="simple" ns0:href="../099/5752099.xml" />employe stock symbol<site wordnetid="108651247" confidence="0.8"><region wordnetid="108630985" confidence="0.8"><position wordnetid="108621598" confidence="0.8"><point wordnetid="108620061" confidence="0.8"><landmark wordnetid="108624891" confidence="0.8"><geographic_point wordnetid="108578706" confidence="0.8"><location wordnetid="100027167" confidence="0.8"><tract wordnetid="108673395" confidence="0.8"><workplace wordnetid="104602044" confidence="0.8"><geographical_area wordnetid="108574314" confidence="0.8"><stock_exchange wordnetid="104323026" confidence="0.8"><exchange wordnetid="103302487" confidence="0.8"><link ns0:type="simple" ns0:href="../560/21560.xml">nyse</link></exchange></stock_exchange></geographical_area></workplace></tract></location></geographic_point></landmark></point></position></region></site><weblink ns0:type="simple" ns0:href="http://www.nyse.com/about/listed/lcddata.html?ticker=LMT">lmt</weblink>ceo<physical_entity wordnetid="100001930" confidence="0.8"><executive wordnetid="110069645" confidence="0.8"><person wordnetid="100007846" confidence="0.8"><leader wordnetid="109623038" confidence="0.8"><administrator wordnetid="109770949" confidence="0.8"><causal_agent wordnetid="100007347" confidence="0.8"><head wordnetid="110162991" confidence="0.8"><link ns0:type="simple" ns0:href="../646/2219646.xml">robert steven</link></head></causal_agent></administrator></leader></person></executive></physical_entity>websit<weblink ns0:type="simple" ns0:href="http://www.lockheedmartin.com/">wwwlockheedmartincom</weblink></p></col></row></table></col></row></table></col></row></table></p></sec></bdy></software></application></article>