<article xmlns:ns0="http://www.w3.org/1999/xlink"><header><title>web analyt softwar</title><id /><revision><id /><timestamp /><contributor><username>jaraalb</username><id /></contributor></revision></header><bdy>web analyt softwar form<link ns0:type="simple" ns0:href="../573/2062573.xml">analyt softwar</link>that compris applic and system featur that provid<link>websit analysi</link>thi analysi cover paramet includ visit page view visit time first pagelast page access visitor track countri origin hardwar configur key word and search engin and browser analysi<p>there are two type web analyt softwar the initi offer such earli version webtrend were base analys the http log file the relev web server the log which automat updat the web server everytim page hit display unfortun rel littl inform about the user collect thi log which meant that not possibl learn much about the type user more recent product requir the insert report code into each page the site and thi code can requir record addit item about the user page element more sophist report then possibl</p><p>recent analyt supplier will host your stat log well provid report function</p><p>lead analyt supplier includ nedstat omnitur sagemetr and webtrend googl recent entrant thi market googl analyt free and reason sophist but googl then doe reserv the right utilis your stat</p></bdy></article>