<article xmlns:ns0="http://www.w3.org/1999/xlink"><header><title>compat mode</title><id /><revision><id /><timestamp /><contributor><username>kathleenwright</username><id /></contributor></revision><categories><category>window softwar</category><category>mac softwar</category></categories></header><bdy>compat mode softwar mechan which comput<link ns0:type="simple" ns0:href="../194/22194.xml">oper system</link><link ns0:type="simple" ns0:href="../937/18943937.xml">emul</link>older<link ns0:type="simple" ns0:href="../218/5218.xml">processor</link>oper system andor<link ns0:type="simple" ns0:href="../196/81196.xml">hardwar platform</link>order allow<link ns0:type="simple" ns0:href="../563/241563.xml">obsolet</link><link ns0:type="simple" ns0:href="../309/5309.xml">softwar</link>remain compat with the comput newer<link ns0:type="simple" ns0:href="../615/13615.xml">hardwar</link>softwar<p>thi differ from fullfledg<link ns0:type="simple" ns0:href="../937/18943937.xml">emul</link>that emul typic creat virtual hardwar architectur the host system rather than simpli translat the older system function call into call that the host system can understand</p><p>exampl includ classic mode<link ns0:type="simple" ns0:href="../640/20640.xml">mac</link>and<version wordnetid="107173585" confidence="0.9508927676800064"><link ns0:type="simple" ns0:href="../879/33879.xml">window</link></version>compat mode which both allow applic design for older version the oper system run</p></bdy></article>