<article xmlns:ns0="http://www.w3.org/1999/xlink"><group_action confidence="0.8" wordnetid="101080366"><election confidence="0.8" wordnetid="100181781"><vote confidence="0.8" wordnetid="100182213"><event confidence="0.8" wordnetid="100029378"><act confidence="0.8" wordnetid="100030358"><psychological_feature confidence="0.8" wordnetid="100023100"><header><title>venetian region elect</title><id /><revision><id /><timestamp /><contributor><username>checco</username><id /></contributor></revision><categories><category>elect veneto</category></categories></header><bdy><p>the venetian region elect took place<link ns0:type="simple" ns0:href="../ury/23rd_century.xml" /><link ns0:type="simple" ns0:href="../826/18951826.xml">april</link><link ns0:type="simple" ns0:href="../984/35984.xml" /><chancellor wordnetid="109906986" confidence="0.9508927676800064"><link ns0:type="simple" ns0:href="../582/4519582.xml">giancarlo galan</link></chancellor><party wordnetid="108256968" confidence="0.9508927676800064"><link ns0:type="simple" ns0:href="../677/385677.xml">forza italia</link></party><alliance wordnetid="108293982" confidence="0.9508927676800064"><link ns0:type="simple" ns0:href="../257/170257.xml">hous freedom</link></alliance>reelect for the third time presid the region but the support for him diminish the presenc third candid<physical_entity wordnetid="100001930" confidence="0.8"><unfortunate wordnetid="109630641" confidence="0.8"><politician wordnetid="110451263" confidence="0.8"><person wordnetid="100007846" confidence="0.8"><victim wordnetid="110752093" confidence="0.8"><leader wordnetid="109623038" confidence="0.8"><libertarian wordnetid="110257524" confidence="0.8"><causal_agent wordnetid="100007347" confidence="0.8"><advocate wordnetid="109774783" confidence="0.8"><link ns0:type="simple" ns0:href="../475/5325475.xml">giorgio panto</link></advocate></causal_agent></libertarian></leader></victim></person></politician></unfortunate></physical_entity>who pick vote both from the centreright camp and from the<politics wordnetid="113840719" confidence="0.8"><event wordnetid="100029378" confidence="0.8"><change wordnetid="100191142" confidence="0.8"><social_relation wordnetid="100032823" confidence="0.8"><action wordnetid="100037396" confidence="0.8"><motion wordnetid="100331950" confidence="0.8"><act wordnetid="100030358" confidence="0.8"><psychological_feature wordnetid="100023100" confidence="0.8"><link ns0:type="simple" ns0:href="../198/4520198.xml">venetist</link></psychological_feature></act></motion></action></social_relation></change></event></politics>one and fourth candid repres the<link ns0:type="simple" ns0:href="../220/221220.xml">far right</link><physical_entity wordnetid="100001930" confidence="0.8"><driver wordnetid="110034906" confidence="0.8"><causal_agent wordnetid="100007347" confidence="0.8"><operator wordnetid="110378412" confidence="0.8"><link ns0:type="simple" ns0:href="../593/1235593.xml">roberto bussinello</link></operator></causal_agent></driver></physical_entity></p><p>although<party wordnetid="108256968" confidence="0.9508927676800064"><link ns0:type="simple" ns0:href="../677/385677.xml">forza italia</link></party>remain the largest parti the council and also the region whole the<party wordnetid="108256968" confidence="0.9508927676800064"><link ns0:type="simple" ns0:href="../899/725899.xml">the oliv tree</link></party>onli elector allianc the time and the three parti which were part form separ group the council suffer seriou declin term vote from<group_action wordnetid="101080366" confidence="0.8"><election wordnetid="100181781" confidence="0.8"><vote wordnetid="100182213" confidence="0.8"><event wordnetid="100029378" confidence="0.8"><act wordnetid="100030358" confidence="0.8"><psychological_feature wordnetid="100023100" confidence="0.8"><link ns0:type="simple" ns0:href="../027/10909027.xml" /></psychological_feature></act></event></vote></election></group_action></p><p><politics wordnetid="113840719" confidence="0.8"><event wordnetid="100029378" confidence="0.8"><change wordnetid="100191142" confidence="0.8"><social_relation wordnetid="100032823" confidence="0.8"><action wordnetid="100037396" confidence="0.8"><motion wordnetid="100331950" confidence="0.8"><act wordnetid="100030358" confidence="0.8"><psychological_feature wordnetid="100023100" confidence="0.8"><link ns0:type="simple" ns0:href="../198/4520198.xml">venetist</link></psychological_feature></act></motion></action></social_relation></change></event></politics>parti had veri good result the combin score<party wordnetid="108256968" confidence="0.9508927676800064"><link ns0:type="simple" ns0:href="../092/4161092.xml">liga veneta</link></party><party wordnetid="108256968" confidence="0.9508927676800064"><link ns0:type="simple" ns0:href="../469/4341469.xml">northeast project</link></party>and<link ns0:type="simple" ns0:href="../731/4160731.xml">liga front veneto</link>from the liga veneta<link ns0:type="simple" ns0:href="../731/4160731.xml">veneti deuropa</link>and<party wordnetid="108256968" confidence="0.8"><link ns0:type="simple" ns0:href="../109/4520109.xml">front marco polo</link></party></p><sec><st>result</st><p><table style="margin: 1em 1em 1em 0; background: #f9f9f9; border: 1px #aaa solid; text-align:right; border-collapse: collapse; font-size: 95%;" cellpadding="4" border="1" cellspacing="1"><caption>summari the april venetian region council elect result</caption><row bgcolor="#E9E9E9"><header align="left" rowspan="1" valign="top">candid</header><header align="center" rowspan="1" valign="top">vote</header><header align="center" rowspan="1" valign="top" /><header align="left" rowspan="1" valign="top">parti</header><header align="center" rowspan="1" valign="top">vote</header><header align="center" rowspan="1" valign="top" /><header align="center" rowspan="1" valign="top">seat</header></row><row><header align="left" rowspan="5" valign="top"><chancellor wordnetid="109906986" confidence="0.9508927676800064"><link ns0:type="simple" ns0:href="../582/4519582.xml">giancarlo galan</link></chancellor></header><col rowspan="5" valign="top" /><col rowspan="5" valign="top" /><col align="left"><party wordnetid="108256968" confidence="0.9508927676800064"><link ns0:type="simple" ns0:href="../677/385677.xml">forza italia</link></party></col><col valign="top" /><col valign="top" /><col valign="top" /></row><row><col align="left"><party wordnetid="108256968" confidence="0.9508927676800064"><link ns0:type="simple" ns0:href="../092/4161092.xml">liga veneta</link></party><party wordnetid="108256968" confidence="0.9508927676800064"><link ns0:type="simple" ns0:href="../391/357391.xml">lega nord</link></party></col><col valign="top" /><col valign="top" /><col valign="top" /></row><row><col align="left"><party wordnetid="108256968" confidence="0.9508927676800064"><link ns0:type="simple" ns0:href="../237/3237.xml">nation allianc</link></party></col><col valign="top" /><col valign="top" /><col valign="top" /></row><row><col align="left"><link ns0:type="simple" ns0:href="../857/787857.xml">union christian and centr democrat</link></col><col valign="top" /><col valign="top" /><col valign="top" /></row><row><col align="left"><party wordnetid="108256968" confidence="0.9508927676800064"><link ns0:type="simple" ns0:href="../807/787807.xml">new italian socialist parti</link></party></col><col valign="top" /><col valign="top" /><col valign="top" /></row><row><header align="left" rowspan="9" valign="top"><link>massimo carraro</link></header><col rowspan="9" valign="top" /><col rowspan="9" valign="top" /><col align="left"><party wordnetid="108256968" confidence="0.9508927676800064"><link ns0:type="simple" ns0:href="../899/725899.xml">the oliv tree</link></party><list><entry level="1" type="bullet"><link>democraci freedom daisi</link></entry><entry level="1" type="bullet"><party wordnetid="108256968" confidence="0.9508927676800064"><link ns0:type="simple" ns0:href="../190/403190.xml">democrat the left</link></party></entry><entry level="1" type="bullet"><party wordnetid="108256968" confidence="0.9508927676800064"><link ns0:type="simple" ns0:href="../711/788711.xml">italian democrat socialist</link></party>independ</entry></list></col><col valign="top" /><col valign="top" /><col valign="top"><indent level="1" /><indent level="1" /></col></row><row><col align="left"><link>for veneto with carraro</link></col><col valign="top" /><col valign="top" /><col valign="top" /></row><row><col align="left"><party wordnetid="108256968" confidence="0.9508927676800064"><link ns0:type="simple" ns0:href="../497/356497.xml">communist refound parti</link></party></col><col valign="top" /><col valign="top" /><col valign="top" /></row><row><col align="left"><party wordnetid="108256968" confidence="0.9508927676800064"><link ns0:type="simple" ns0:href="../307/792307.xml">feder the green</link></party></col><col valign="top" /><col valign="top" /><col valign="top" /></row><row><col align="left"><party wordnetid="108256968" confidence="0.9508927676800064"><link ns0:type="simple" ns0:href="../386/1558386.xml">parti italian communist</link></party></col><col valign="top" /><col valign="top" /><col valign="top" /></row><row><col align="left"><party wordnetid="108256968" confidence="0.9508927676800064"><link ns0:type="simple" ns0:href="../606/859606.xml">itali valu</link></party></col><col valign="top" /><col valign="top" /><col>valigntop</col></row><row><col align="left"><link ns0:type="simple" ns0:href="../731/4160731.xml">liga front veneto</link></col><col valign="top" /><col valign="top" /><col>valigntop</col></row><row><col align="left"><party wordnetid="108256968" confidence="0.8"><link ns0:type="simple" ns0:href="../603/4710603.xml">consum list</link></party></col><col valign="top" /><col valign="top" /><col>valigntop</col></row><row><col align="left"><party wordnetid="108256968" confidence="0.9508927676800064"><link ns0:type="simple" ns0:href="../873/2222873.xml">udeur popular</link></party></col><col valign="top" /><col valign="top" /><col>valigntop</col></row><row><header align="left" rowspan="1" valign="top"><physical_entity wordnetid="100001930" confidence="0.8"><unfortunate wordnetid="109630641" confidence="0.8"><politician wordnetid="110451263" confidence="0.8"><person wordnetid="100007846" confidence="0.8"><victim wordnetid="110752093" confidence="0.8"><leader wordnetid="109623038" confidence="0.8"><libertarian wordnetid="110257524" confidence="0.8"><causal_agent wordnetid="100007347" confidence="0.8"><advocate wordnetid="109774783" confidence="0.8"><link ns0:type="simple" ns0:href="../475/5325475.xml">giorgio panto</link></advocate></causal_agent></libertarian></leader></victim></person></politician></unfortunate></physical_entity></header><col rowspan="1" valign="top" /><col rowspan="1" valign="top" /><col align="left"><party wordnetid="108256968" confidence="0.9508927676800064"><link ns0:type="simple" ns0:href="../469/4341469.xml">northeast project</link></party></col><col valign="top" /><col valign="top" /><col valign="top" /></row><row><header align="left" rowspan="1" valign="top"><link>roberto bussinello</link></header><col rowspan="1" valign="top" /><col rowspan="1" valign="top" /><col align="left"><alliance wordnetid="108293982" confidence="0.9508927676800064"><link ns0:type="simple" ns0:href="../230/794230.xml">social altern</link></alliance><list><entry level="1" type="bullet"><party wordnetid="108256968" confidence="0.9508927676800064"><link ns0:type="simple" ns0:href="../056/1108056.xml">new forc</link></party></entry><entry level="1" type="bullet"><link ns0:type="simple" ns0:href="../192/2136192.xml">social action</link></entry></list></col><col valign="top" /><col valign="top" /><col>valigntop</col></row></table></p><ss1><st>council composit</st><p><indent level="1">see also<link>member the region council veneto</link></indent></p><p><table class="wikitable"><row><header colspan="4">distribut seat the region council</header></row><row><header align="left" width="50%">polit group</header><header align="left" width="30%">leader</header><header align="center" width="10%" /><header align="center" width="10%">now</header></row><row><col align="left" width="50%"><party wordnetid="108256968" confidence="0.9508927676800064"><link ns0:type="simple" ns0:href="../677/385677.xml">forza italia</link></party></col><col align="left" width="30%"><physical_entity wordnetid="100001930" confidence="0.8"><politician wordnetid="110451263" confidence="0.8"><person wordnetid="100007846" confidence="0.8"><leader wordnetid="109623038" confidence="0.8"><causal_agent wordnetid="100007347" confidence="0.8"><link ns0:type="simple" ns0:href="../978/17566978.xml">remo sernagiotto</link></causal_agent></leader></person></politician></physical_entity></col><col align="center" width="10%" /><col align="center" width="10%" /></row><row><col align="left" width="50%"><link>the oliv tree venetian democrat parti</link></col><col align="left" width="30%"><link>giovanni gallo</link></col><col>width aligncent</col></row><row><col align="center" width="10%" /></row><row><col align="left" width="50%"><party wordnetid="108256968" confidence="0.9508927676800064"><link ns0:type="simple" ns0:href="../092/4161092.xml">liga veneta</link></party><party wordnetid="108256968" confidence="0.9508927676800064"><link ns0:type="simple" ns0:href="../391/357391.xml">lega nord</link></party></col><col align="left" width="30%"><link>gianpaolo bottacin</link></col><col align="center" width="10%" /><col align="center" width="10%" /></row><row><col align="left" width="50%"><party wordnetid="108256968" confidence="0.9508927676800064"><link ns0:type="simple" ns0:href="../237/3237.xml">nation allianc</link></party></col><col align="left" width="30%"><link>piergiorgio cortelazzo</link></col><col align="center" width="10%" /><col align="center" width="10%" /></row><row><col align="left" width="50%"><link ns0:type="simple" ns0:href="../857/787857.xml">union christian and centr democrat</link></col><col align="left" width="30%"><link>onorio boni</link></col><col align="center" width="10%" /><col align="center" width="10%" /></row><row><col align="left" width="50%"><party wordnetid="108256968" confidence="0.9508927676800064"><link ns0:type="simple" ns0:href="../469/4341469.xml">northeast project</link></party></col><col align="left" width="30%"><physical_entity wordnetid="100001930" confidence="0.8"><politician wordnetid="110451263" confidence="0.8"><person wordnetid="100007846" confidence="0.8"><leader wordnetid="109623038" confidence="0.8"><causal_agent wordnetid="100007347" confidence="0.8"><link ns0:type="simple" ns0:href="../432/4521432.xml">mariangelo foggiato</link></causal_agent></leader></person></politician></physical_entity></col><col align="center" width="10%" /><col align="center" width="10%" /></row><row><col align="left" width="50%"><party wordnetid="108256968" confidence="0.9508927676800064"><link ns0:type="simple" ns0:href="../606/859606.xml">itali valu</link></party></col><col align="left" width="30%"><link>damiano rossato</link></col><col>width aligncent</col></row><row><col align="center" width="10%" /></row><row><col align="left" width="50%"><link>for veneto with carraro</link></col><col align="left" width="30%"><link>marco zabotti</link></col><col align="center" width="10%" /><col align="center" width="10%" /></row><row><col align="left" width="50%"><party wordnetid="108256968" confidence="0.9508927676800064"><link ns0:type="simple" ns0:href="../497/356497.xml">communist refound parti</link></party></col><col align="left" width="30%"><link>pietrangelo petten</link></col><col align="center" width="10%" /><col align="center" width="10%" /></row><row><col align="left" width="50%"><party wordnetid="108256968" confidence="0.9508927676800064"><link ns0:type="simple" ns0:href="../307/792307.xml">feder the green</link></party></col><col align="left" width="30%"><link>gianfranco bettin</link></col><col align="center" width="10%" /><col align="center" width="10%" /></row><row><col align="left" width="50%"><party wordnetid="108256968" confidence="0.9508927676800064"><link ns0:type="simple" ns0:href="../807/787807.xml">new italian socialist parti</link></party></col><col align="left" width="30%"><physical_entity wordnetid="100001930" confidence="0.8"><politician wordnetid="110451263" confidence="0.8"><person wordnetid="100007846" confidence="0.8"><leader wordnetid="109623038" confidence="0.8"><causal_agent wordnetid="100007347" confidence="0.8"><link ns0:type="simple" ns0:href="../402/17652402.xml">nereo laroni</link></causal_agent></leader></person></politician></physical_entity></col><col align="center" width="10%" /><col align="center" width="10%" /></row><row><col align="left" width="50%"><party wordnetid="108256968" confidence="0.9508927676800064"><link ns0:type="simple" ns0:href="../386/1558386.xml">parti italian communist</link></party></col><col align="left" width="30%"><link>nicola atalmi</link></col><col align="center" width="10%" /><col align="center" width="10%" /></row><row><col align="left" width="50%"><party wordnetid="108256968" confidence="0.9508927676800064"><link ns0:type="simple" ns0:href="../068/10811068.xml">veneto for the european peopl parti</link></party></col><col align="left" width="30%"><physical_entity wordnetid="100001930" confidence="0.8"><politician wordnetid="110451263" confidence="0.8"><person wordnetid="100007846" confidence="0.8"><leader wordnetid="109623038" confidence="0.8"><causal_agent wordnetid="100007347" confidence="0.8"><link ns0:type="simple" ns0:href="../206/17574206.xml">raffael grazia</link></causal_agent></leader></person></politician></physical_entity></col><col>width aligncent</col></row><row><col align="center" width="10%" /></row><row><col align="left" width="50%"><party wordnetid="108256968" confidence="0.8"><link ns0:type="simple" ns0:href="../610/17075610.xml">venetian agreement</link></party></col><col align="left" width="30%"><link>carlo covi</link></col><col>width aligncent</col></row><row><col align="center" width="10%" /></row><row><col align="left" width="50%"><party wordnetid="108256968" confidence="0.8"><link ns0:type="simple" ns0:href="../558/16682558.xml">venetian peopl movement</link></party></col><col align="left" width="30%"><link>francesco piccolo</link></col><col>width aligncent</col></row><row><col align="center" width="10%" /></row><row><col align="left" width="50%"><link>democraci freedom the daisi</link></col><col align="left" width="30%"><physical_entity wordnetid="100001930" confidence="0.8"><politician wordnetid="110451263" confidence="0.8"><person wordnetid="100007846" confidence="0.8"><leader wordnetid="109623038" confidence="0.8"><causal_agent wordnetid="100007347" confidence="0.8"><link ns0:type="simple" ns0:href="../132/17567132.xml">achil variati</link></causal_agent></leader></person></politician></physical_entity></col><col align="center" width="10%" /><col>width aligncent</col></row><row><col align="left" width="50%"><party wordnetid="108256968" confidence="0.9508927676800064"><link ns0:type="simple" ns0:href="../190/403190.xml">democrat the left</link></party></col><col align="left" width="30%"><link>giovanni gallo</link></col><col align="center" width="10%" /><col>width aligncent</col></row><row><col align="left" width="50%"><party wordnetid="108256968" confidence="0.9508927676800064"><link ns0:type="simple" ns0:href="../711/788711.xml">italian democrat socialist</link></party></col><col align="left" width="30%"><link>carlo covi</link></col><col align="center" width="10%" /><col>width aligncent</col></row><row><col align="left" width="50%"><link>unit for carraro</link></col><col align="left" width="30%"><link>massimo carraro</link></col><col align="center" width="10%" /><col>width aligncent</col></row></table></p><p>sourc<weblink ns0:type="simple" ns0:href="http://www.consiglioveneto.it/crvportal/pageContainer.jsp?n=27 p=27 c=1 e=27 t=0 ">region council veneto group</weblink>and<weblink ns0:type="simple" ns0:href="http://www.consiglioveneto.it/crvportal/pageContainer.jsp?n=5 p=5 c=1 e=11 t=0 ">region council veneto member</weblink></p></ss1></sec><sec><st>aftermath</st><p>after the elect<chancellor wordnetid="109906986" confidence="0.9508927676800064"><link ns0:type="simple" ns0:href="../582/4519582.xml">giancarlo galan</link></chancellor>form<polity wordnetid="108050385" confidence="0.8"><government wordnetid="108050678" confidence="0.8"><link ns0:type="simple" ns0:href="../378/10748378.xml">third govern</link></government></polity>due the new strength liga veneta which receiv about the vote for forza italia the coalit balanc clearli chang favour liga veneta thi parti had both the post presid the region council for<physical_entity wordnetid="100001930" confidence="0.8"><politician wordnetid="110451263" confidence="0.8"><person wordnetid="100007846" confidence="0.8"><leader wordnetid="109623038" confidence="0.8"><causal_agent wordnetid="100007347" confidence="0.8"><link ns0:type="simple" ns0:href="../899/17566899.xml">marino finozzi</link></causal_agent></leader></person></politician></physical_entity>and the most import ministri the health ministri for<mayor wordnetid="110303814" confidence="0.9508927676800064"><link ns0:type="simple" ns0:href="../143/4521143.xml">flavio tosi</link></mayor>who replac<physical_entity wordnetid="100001930" confidence="0.8"><politician wordnetid="110451263" confidence="0.8"><person wordnetid="100007846" confidence="0.8"><leader wordnetid="109623038" confidence="0.8"><causal_agent wordnetid="100007347" confidence="0.8"><link ns0:type="simple" ns0:href="../253/17566253.xml">francesca martini</link></causal_agent></leader></person></politician></physical_entity><link ns0:type="simple" ns0:href="../165/36165.xml" /></p><p>also the post vice presid veneto went lighista<physical_entity wordnetid="100001930" confidence="0.8"><politician wordnetid="110451263" confidence="0.8"><person wordnetid="100007846" confidence="0.8"><leader wordnetid="109623038" confidence="0.8"><causal_agent wordnetid="100007347" confidence="0.8"><link ns0:type="simple" ns0:href="../042/4520042.xml">luca zaia</link></causal_agent></leader></person></politician></physical_entity>place<physical_entity wordnetid="100001930" confidence="0.8"><politician wordnetid="110451263" confidence="0.8"><person wordnetid="100007846" confidence="0.8"><leader wordnetid="109623038" confidence="0.8"><causal_agent wordnetid="100007347" confidence="0.8"><link ns0:type="simple" ns0:href="../794/17567794.xml">fabio gava</link></causal_agent></leader></person></politician></physical_entity>forza italia who had been also minist health<polity wordnetid="108050385" confidence="0.8"><government wordnetid="108050678" confidence="0.8"><link ns0:type="simple" ns0:href="../563/16825563.xml">second term</link></government></polity>forza italia inde far less strong than<group_action wordnetid="101080366" confidence="0.8"><election wordnetid="100181781" confidence="0.8"><vote wordnetid="100182213" confidence="0.8"><event wordnetid="100029378" confidence="0.8"><act wordnetid="100030358" confidence="0.8"><psychological_feature wordnetid="100023100" confidence="0.8"><link ns0:type="simple" ns0:href="../027/10909027.xml" /></psychological_feature></act></event></vote></election></group_action>when won the vote comparison with forza italia lost three region deputi while liga veneta had net gain four</p><p><table class="wikitable"><row><header colspan="3">galan iii govern</header></row><row><header>ministri</header><header>minist</header><header>parti</header></row><row><col align="left" width="48%">presidentundersecretari</col><col align="left" width="42%"><chancellor wordnetid="109906986" confidence="0.9508927676800064"><link ns0:type="simple" ns0:href="../582/4519582.xml">giancarlo galan</link></chancellor><physical_entity wordnetid="100001930" confidence="0.8"><politician wordnetid="110451263" confidence="0.8"><person wordnetid="100007846" confidence="0.8"><leader wordnetid="109623038" confidence="0.8"><causal_agent wordnetid="100007347" confidence="0.8"><link ns0:type="simple" ns0:href="../038/17567038.xml">leonardo padrin</link></causal_agent></leader></person></politician></physical_entity>sinc<link ns0:type="simple" ns0:href="../806/15806.xml">june</link><link ns0:type="simple" ns0:href="../165/36165.xml" /><ref ns0:type="simple" ns0:href="#xpointer(//reflist/entry[@id=%221%22])" /></col><col align="center" width="10%"><party wordnetid="108256968" confidence="0.9508927676800064"><link ns0:type="simple" ns0:href="../677/385677.xml" /></party><party wordnetid="108256968" confidence="0.9508927676800064"><link ns0:type="simple" ns0:href="../677/385677.xml" /></party></col></row><row><col align="left" width="47%">vice presid</col><col align="left" width="26%"><physical_entity wordnetid="100001930" confidence="0.8"><politician wordnetid="110451263" confidence="0.8"><person wordnetid="100007846" confidence="0.8"><leader wordnetid="109623038" confidence="0.8"><causal_agent wordnetid="100007347" confidence="0.8"><link ns0:type="simple" ns0:href="../042/4520042.xml">luca zaia</link></causal_agent></leader></person></politician></physical_entity>until<link ns0:type="simple" ns0:href="../794/15794.xml">june</link><link ns0:type="simple" ns0:href="../825/35825.xml" /><physical_entity wordnetid="100001930" confidence="0.8"><politician wordnetid="110451263" confidence="0.8"><person wordnetid="100007846" confidence="0.8"><leader wordnetid="109623038" confidence="0.8"><causal_agent wordnetid="100007347" confidence="0.8"><link ns0:type="simple" ns0:href="../411/17565411.xml">franco manzato</link></causal_agent></leader></person></politician></physical_entity>sinc<link ns0:type="simple" ns0:href="../794/15794.xml">june</link><link ns0:type="simple" ns0:href="../825/35825.xml" /></col><col align="center" width="27%"><party wordnetid="108256968" confidence="0.9508927676800064"><link ns0:type="simple" ns0:href="../092/4161092.xml" /></party></col></row><row><col align="left" width="47%">minist economi develop and innov</col><col align="left" width="26%"><physical_entity wordnetid="100001930" confidence="0.8"><politician wordnetid="110451263" confidence="0.8"><person wordnetid="100007846" confidence="0.8"><leader wordnetid="109623038" confidence="0.8"><causal_agent wordnetid="100007347" confidence="0.8"><link ns0:type="simple" ns0:href="../794/17567794.xml">fabio gava</link></causal_agent></leader></person></politician></physical_entity>until<link ns0:type="simple" ns0:href="../883/15883.xml">juli</link><link ns0:type="simple" ns0:href="../825/35825.xml" /><link>vendemiano sartor</link>sinc<link ns0:type="simple" ns0:href="../883/15883.xml">juli</link><link ns0:type="simple" ns0:href="../825/35825.xml" /></col><col align="center" width="27%"><party wordnetid="108256968" confidence="0.9508927676800064"><link ns0:type="simple" ns0:href="../677/385677.xml" /></party></col></row><row><col align="left" width="47%">minist budget</col><col align="left" width="26%"><physical_entity wordnetid="100001930" confidence="0.8"><politician wordnetid="110451263" confidence="0.8"><person wordnetid="100007846" confidence="0.8"><leader wordnetid="109623038" confidence="0.8"><causal_agent wordnetid="100007347" confidence="0.8"><link ns0:type="simple" ns0:href="../476/17573476.xml">maria luisa coppola</link></causal_agent></leader></person></politician></physical_entity></col><col align="center" width="27%"><party wordnetid="108256968" confidence="0.9508927676800064"><link ns0:type="simple" ns0:href="../237/3237.xml" /></party></col></row><row><col align="left" width="47%">minist health</col><col align="left" width="26%"><mayor wordnetid="110303814" confidence="0.9508927676800064"><link ns0:type="simple" ns0:href="../143/4521143.xml">flavio tosi</link></mayor>until<link ns0:type="simple" ns0:href="../800/15800.xml">june</link><link ns0:type="simple" ns0:href="../165/36165.xml" /><physical_entity wordnetid="100001930" confidence="0.8"><politician wordnetid="110451263" confidence="0.8"><person wordnetid="100007846" confidence="0.8"><leader wordnetid="109623038" confidence="0.8"><causal_agent wordnetid="100007347" confidence="0.8"><link ns0:type="simple" ns0:href="../253/17566253.xml">francesca martini</link></causal_agent></leader></person></politician></physical_entity><link ns0:type="simple" ns0:href="../800/15800.xml">june</link><link ns0:type="simple" ns0:href="../165/36165.xml" /><link ns0:type="simple" ns0:href="../794/15794.xml">june</link><link ns0:type="simple" ns0:href="../825/35825.xml" /><physical_entity wordnetid="100001930" confidence="0.8"><politician wordnetid="110451263" confidence="0.8"><person wordnetid="100007846" confidence="0.8"><leader wordnetid="109623038" confidence="0.8"><causal_agent wordnetid="100007347" confidence="0.8"><link ns0:type="simple" ns0:href="../309/17812309.xml">sandro sandri</link></causal_agent></leader></person></politician></physical_entity>sinc<link ns0:type="simple" ns0:href="../794/15794.xml">june</link><link ns0:type="simple" ns0:href="../825/35825.xml" /></col><col align="center" width="27%"><party wordnetid="108256968" confidence="0.9508927676800064"><link ns0:type="simple" ns0:href="../092/4161092.xml" /></party></col></row><row><col align="left" width="47%">minist secur and public work</col><col align="left" width="26%"><physical_entity wordnetid="100001930" confidence="0.8"><politician wordnetid="110451263" confidence="0.8"><person wordnetid="100007846" confidence="0.8"><leader wordnetid="109623038" confidence="0.8"><causal_agent wordnetid="100007347" confidence="0.8"><link ns0:type="simple" ns0:href="../630/17573630.xml">massimo giorgetti</link></causal_agent></leader></person></politician></physical_entity></col><col align="center" width="27%"><party wordnetid="108256968" confidence="0.9508927676800064"><link ns0:type="simple" ns0:href="../237/3237.xml" /></party></col></row><row><col align="left" width="47%">minist social affair</col><col align="left" width="26%"><person wordnetid="100007846" confidence="0.9638700866880419"><link ns0:type="simple" ns0:href="../419/1765419.xml">antonio poli</link></person>until<link ns0:type="simple" ns0:href="../040/16040.xml">juli</link><link ns0:type="simple" ns0:href="../164/36164.xml" /><link>stefano valdegamberi</link>sinc<link ns0:type="simple" ns0:href="../446/21446.xml">novemb</link><link ns0:type="simple" ns0:href="../164/36164.xml" /></col><col align="center" width="27%"><link ns0:type="simple" ns0:href="../857/787857.xml">udc</link></col></row><row><col align="left" width="47%">minist educ</col><col align="left" width="26%"><physical_entity wordnetid="100001930" confidence="0.8"><politician wordnetid="110451263" confidence="0.8"><person wordnetid="100007846" confidence="0.8"><leader wordnetid="109623038" confidence="0.8"><causal_agent wordnetid="100007347" confidence="0.8"><link ns0:type="simple" ns0:href="../557/17573557.xml">elena donazzan</link></causal_agent></leader></person></politician></physical_entity></col><col align="center" width="27%"><party wordnetid="108256968" confidence="0.9508927676800064"><link ns0:type="simple" ns0:href="../237/3237.xml" /></party></col></row><row><col align="left" width="47%">minist transport and infrastructur</col><col align="left" width="26%"><physical_entity wordnetid="100001930" confidence="0.8"><politician wordnetid="110451263" confidence="0.8"><person wordnetid="100007846" confidence="0.8"><leader wordnetid="109623038" confidence="0.8"><causal_agent wordnetid="100007347" confidence="0.8"><link ns0:type="simple" ns0:href="../935/17567935.xml">renato chisso</link></causal_agent></leader></person></politician></physical_entity></col><col align="center" width="27%"><party wordnetid="108256968" confidence="0.9508927676800064"><link ns0:type="simple" ns0:href="../677/385677.xml" /></party></col></row><row><col align="left" width="47%">minist agricultur and tourism</col><col align="left" width="26%"><physical_entity wordnetid="100001930" confidence="0.8"><politician wordnetid="110451263" confidence="0.8"><person wordnetid="100007846" confidence="0.8"><leader wordnetid="109623038" confidence="0.8"><causal_agent wordnetid="100007347" confidence="0.8"><link ns0:type="simple" ns0:href="../042/4520042.xml">luca zaia</link></causal_agent></leader></person></politician></physical_entity>until<link ns0:type="simple" ns0:href="../794/15794.xml">june</link><link ns0:type="simple" ns0:href="../825/35825.xml" /><physical_entity wordnetid="100001930" confidence="0.8"><politician wordnetid="110451263" confidence="0.8"><person wordnetid="100007846" confidence="0.8"><leader wordnetid="109623038" confidence="0.8"><causal_agent wordnetid="100007347" confidence="0.8"><link ns0:type="simple" ns0:href="../411/17565411.xml">franco manzato</link></causal_agent></leader></person></politician></physical_entity>sinc<link ns0:type="simple" ns0:href="../794/15794.xml">june</link><link ns0:type="simple" ns0:href="../825/35825.xml" /></col><col align="center" width="27%"><party wordnetid="108256968" confidence="0.9508927676800064"><link ns0:type="simple" ns0:href="../092/4161092.xml" /></party></col></row><row><col align="left" width="47%">minist environ</col><col align="left" width="26%"><physical_entity wordnetid="100001930" confidence="0.8"><politician wordnetid="110451263" confidence="0.8"><person wordnetid="100007846" confidence="0.8"><leader wordnetid="109623038" confidence="0.8"><causal_agent wordnetid="100007347" confidence="0.8"><link ns0:type="simple" ns0:href="../379/17573379.xml">giancarlo conta</link></causal_agent></leader></person></politician></physical_entity></col><col align="center" width="27%"><party wordnetid="108256968" confidence="0.9508927676800064"><link ns0:type="simple" ns0:href="../677/385677.xml" /></party></col></row><row><col align="left" width="47%">minist immigr</col><col align="left" width="26%"><physical_entity wordnetid="100001930" confidence="0.8"><politician wordnetid="110451263" confidence="0.8"><person wordnetid="100007846" confidence="0.8"><leader wordnetid="109623038" confidence="0.8"><causal_agent wordnetid="100007347" confidence="0.8"><link ns0:type="simple" ns0:href="../979/17573979.xml">oscar bona</link></causal_agent></leader></person></politician></physical_entity></col><col align="center" width="27%"><party wordnetid="108256968" confidence="0.9508927676800064"><link ns0:type="simple" ns0:href="../807/787807.xml">npsi</link></party></col></row><row><col align="left" width="47%">minist territori affair</col><col align="left" width="26%"><physical_entity wordnetid="100001930" confidence="0.8"><politician wordnetid="110451263" confidence="0.8"><person wordnetid="100007846" confidence="0.8"><leader wordnetid="109623038" confidence="0.8"><causal_agent wordnetid="100007347" confidence="0.8"><link ns0:type="simple" ns0:href="../812/17573812.xml">renzo marangon</link></causal_agent></leader></person></politician></physical_entity></col><col align="center" width="27%"><party wordnetid="108256968" confidence="0.9508927676800064"><link ns0:type="simple" ns0:href="../677/385677.xml" /></party></col></row><row><col align="left" width="47%">minist local affair</col><col align="left" width="26%"><link>stefano valdegamberi</link>until<link ns0:type="simple" ns0:href="../446/21446.xml">novemb</link><link ns0:type="simple" ns0:href="../164/36164.xml" /><link>flavio silvestrin</link>sinc<link ns0:type="simple" ns0:href="../446/21446.xml">novemb</link><link ns0:type="simple" ns0:href="../164/36164.xml" /></col><col align="center" width="27%"><link ns0:type="simple" ns0:href="../857/787857.xml">udc</link></col></row></table></p><p>sourc<weblink ns0:type="simple" ns0:href="http://www.regione.veneto.it/La+Regione/Giunta/Giunta1970/">veneto region</weblink></p><p><table style=";" class="navbox" cellspacing="0"><row><col style="padding:2px;"><table style="width:100%;background:transparent;color:inherit;;" class="nowraplinks  " cellspacing="0"><row><header colspan="2" style=";" class="navbox-title"><image width="25px" src="Venedig.png" /><politics wordnetid="113840719" confidence="0.8"><social_relation wordnetid="100032823" confidence="0.8"><link ns0:type="simple" ns0:href="../251/10869251.xml">elect veneto</link></social_relation></politics></header></row><row style="height:2px;" /><row><col colspan="2" style="width:100%;padding:0px;;;" class="navbox-list navbox-odd">region elect<group_action wordnetid="101080366" confidence="0.8"><election wordnetid="100181781" confidence="0.8"><vote wordnetid="100182213" confidence="0.8"><event wordnetid="100029378" confidence="0.8"><act wordnetid="100030358" confidence="0.8"><psychological_feature wordnetid="100023100" confidence="0.8"><link ns0:type="simple" ns0:href="../917/10997917.xml" /></psychological_feature></act></event></vote></election></group_action><group_action wordnetid="101080366" confidence="0.8"><election wordnetid="100181781" confidence="0.8"><vote wordnetid="100182213" confidence="0.8"><event wordnetid="100029378" confidence="0.8"><act wordnetid="100030358" confidence="0.8"><psychological_feature wordnetid="100023100" confidence="0.8"><link ns0:type="simple" ns0:href="../418/11222418.xml" /></psychological_feature></act></event></vote></election></group_action><group_action wordnetid="101080366" confidence="0.8"><election wordnetid="100181781" confidence="0.8"><vote wordnetid="100182213" confidence="0.8"><event wordnetid="100029378" confidence="0.8"><act wordnetid="100030358" confidence="0.8"><psychological_feature wordnetid="100023100" confidence="0.8"><link ns0:type="simple" ns0:href="../518/11222518.xml" /></psychological_feature></act></event></vote></election></group_action><group_action wordnetid="101080366" confidence="0.8"><election wordnetid="100181781" confidence="0.8"><vote wordnetid="100182213" confidence="0.8"><event wordnetid="100029378" confidence="0.8"><act wordnetid="100030358" confidence="0.8"><psychological_feature wordnetid="100023100" confidence="0.8"><link ns0:type="simple" ns0:href="../725/11222725.xml" /></psychological_feature></act></event></vote></election></group_action><group_action wordnetid="101080366" confidence="0.8"><election wordnetid="100181781" confidence="0.8"><vote wordnetid="100182213" confidence="0.8"><event wordnetid="100029378" confidence="0.8"><act wordnetid="100030358" confidence="0.8"><psychological_feature wordnetid="100023100" confidence="0.8"><link ns0:type="simple" ns0:href="../576/10997576.xml" /></psychological_feature></act></event></vote></election></group_action><group_action wordnetid="101080366" confidence="0.8"><election wordnetid="100181781" confidence="0.8"><vote wordnetid="100182213" confidence="0.8"><event wordnetid="100029378" confidence="0.8"><act wordnetid="100030358" confidence="0.8"><psychological_feature wordnetid="100023100" confidence="0.8"><link ns0:type="simple" ns0:href="../845/10997845.xml" /></psychological_feature></act></event></vote></election></group_action><group_action wordnetid="101080366" confidence="0.8"><election wordnetid="100181781" confidence="0.8"><vote wordnetid="100182213" confidence="0.8"><event wordnetid="100029378" confidence="0.8"><act wordnetid="100030358" confidence="0.8"><psychological_feature wordnetid="100023100" confidence="0.8"><link ns0:type="simple" ns0:href="../027/10909027.xml" /></psychological_feature></act></event></vote></election></group_action><group_action wordnetid="101080366" confidence="0.8"><election wordnetid="100181781" confidence="0.8"><vote wordnetid="100182213" confidence="0.8"><event wordnetid="100029378" confidence="0.8"><act wordnetid="100030358" confidence="0.8"><psychological_feature wordnetid="100023100" confidence="0.8"><link ns0:type="simple" ns0:href="../212/10869212.xml" /></psychological_feature></act></event></vote></election></group_action><link />gener elect<link /><link /><link /><link /><link /><link /><link /><link /><link /><link /><link /><link /><link /><group_action wordnetid="101080366" confidence="0.8"><election wordnetid="100181781" confidence="0.8"><vote wordnetid="100182213" confidence="0.8"><event wordnetid="100029378" confidence="0.8"><act wordnetid="100030358" confidence="0.8"><psychological_feature wordnetid="100023100" confidence="0.8"><link ns0:type="simple" ns0:href="../114/16829114.xml" /></psychological_feature></act></event></vote></election></group_action><group_action wordnetid="101080366" confidence="0.8"><election wordnetid="100181781" confidence="0.8"><vote wordnetid="100182213" confidence="0.8"><event wordnetid="100029378" confidence="0.8"><act wordnetid="100030358" confidence="0.8"><psychological_feature wordnetid="100023100" confidence="0.8"><link ns0:type="simple" ns0:href="../278/11218278.xml" /></psychological_feature></act></event></vote></election></group_action><group_action wordnetid="101080366" confidence="0.8"><election wordnetid="100181781" confidence="0.8"><vote wordnetid="100182213" confidence="0.8"><event wordnetid="100029378" confidence="0.8"><act wordnetid="100030358" confidence="0.8"><psychological_feature wordnetid="100023100" confidence="0.8"><link ns0:type="simple" ns0:href="../608/10926608.xml" /></psychological_feature></act></event></vote></election></group_action><group_action wordnetid="101080366" confidence="0.8"><election wordnetid="100181781" confidence="0.8"><vote wordnetid="100182213" confidence="0.8"><event wordnetid="100029378" confidence="0.8"><act wordnetid="100030358" confidence="0.8"><psychological_feature wordnetid="100023100" confidence="0.8"><link ns0:type="simple" ns0:href="../648/16940648.xml" /></psychological_feature></act></event></vote></election></group_action><link />european parliament elect<link /><link /><link /><link /><group_action wordnetid="101080366" confidence="0.8"><election wordnetid="100181781" confidence="0.8"><vote wordnetid="100182213" confidence="0.8"><event wordnetid="100029378" confidence="0.8"><act wordnetid="100030358" confidence="0.8"><psychological_feature wordnetid="100023100" confidence="0.8"><link ns0:type="simple" ns0:href="../274/11220274.xml" /></psychological_feature></act></event></vote></election></group_action><group_action wordnetid="101080366" confidence="0.8"><election wordnetid="100181781" confidence="0.8"><vote wordnetid="100182213" confidence="0.8"><event wordnetid="100029378" confidence="0.8"><act wordnetid="100030358" confidence="0.8"><psychological_feature wordnetid="100023100" confidence="0.8"><link ns0:type="simple" ns0:href="../879/10926879.xml" /></psychological_feature></act></event></vote></election></group_action><link /></col></row></table></col></row></table></p></sec></bdy></psychological_feature></act></event></vote></election></group_action></article>