<article xmlns:ns0="http://www.w3.org/1999/xlink"><header><title>obix</title><id /><revision><id /><timestamp /><contributor><username>jayzraptorz</username><id /></contributor></revision><categories><category>standard</category></categories></header><bdy>obix for open build inform exchang standard for web servicesbas interfac build control system build control system includ those electr and mechan system that oper insid build includ heat and cool secur power manag and lifesafeti alarm that are nearli all build well the myriad special purpos system that may tie particular build such event manag theatr light medic distribut fume hood and mani other<p>obix web servic interfac becaus doe not necessarili allow deep interact with the underli control system thi interfac can enabl commun between enterpris applic and embed build system well between two embed build system facil and their oper manag full particip knowledgebas busi</p><p>obix develop within<work wordnetid="100575741" confidence="0.8"><event wordnetid="100029378" confidence="0.8"><service wordnetid="100577525" confidence="0.8"><act wordnetid="100030358" confidence="0.8"><psychological_feature wordnetid="100023100" confidence="0.8"><activity wordnetid="100407535" confidence="0.8"><link ns0:type="simple" ns0:href="../842/177842.xml">oasi</link></activity></psychological_feature></act></service></event></work><weblink ns0:type="simple" ns0:href="http://www.oasis-open.org">httpwwwoasisopenorg</weblink>the organ for the advanc structur inform standard version complet committe standard decemb</p><ss1><st>background</st><p>present most mechan and electr system are provid with embed digit control ddc most these devic are low cost and not enabl for tcpip they are instal with dedic commun wire larger ddc control provid network commun for these dedic control there are mani well establish binari protocol bacnet lontalk modbu dali that are use these dedic network addit numer proprietari protocol while these binari protocol can use over tcpip network they have challeng with router firewal secur and compat with other network applic there challeng that the industri split between sever larg incompat protocol</p><p>becaus obix integr with the enterpris enabl mechan and electr control system provid continu visibl oper statu and perform expos these oper use web servic enabl owner and tenant use the full array standard databas and olap tool analys their perform obix enabl facil oper owner and tenant make decis base fulli integr consider all lifecycl environment cost and perform factor</p></ss1><ss1><st>scope</st><p>obix provid publicli avail web servic interfac specif that can use obtain data simpl and secur manner from hvac access control util and other build autom system and provid data exchang between facil system and enterpris applic releas provid normal represent for three element common control system</p><p><list><entry level="1" type="bullet">point repres singl scalar valu and statu typic these map sensor actuat configur variabl like setpoint</entry></list></p><p><list><entry level="1" type="bullet">alarm model rout and acknowledg alarm alarm indic condit which requir notif either user anoth applic</entry></list></p><p><list><entry level="1" type="bullet">histori model and queri time sampl point data typic edg devic collect time stamp histori point valu which can fed into higher level applic for analysi</entry></list></p><p>obix provid low level object model which can extend dure implement while point are directli address and therebi settabl direct interact with the point requir too much knowledg the underli control system for the enterpris develop the underlyingpoint can aggreg the result name alarm level set and histori begun use the obix contract obix expos low level object model for control system obix contract creat the higher level type librari that most programm actual want work with</p></ss1><sec><st>use obix</st><ss1><st>tenant interact</st><p>keep public space open the even may requir rang call differ organ within build each initi interact with separ build control system schedul public meet tonight from the organ may have</p><p><list><entry level="1" type="bullet">call secur warn the guard and keep the access control system work daytim mode until the guard may also need disabl the intrus detect system dure that period</entry></list></p><p><list><entry level="1" type="bullet">call mainten make sure the room environment control are set properli for the event thi may includ overcool heat the room advanc make sure that the room will comfort hen fill with the anticip number caller</entry></list></p><p><list><entry level="1" type="bullet">call the media support group make sure the event manag system properli warm befor the event</entry></list></p><p>obixen build these featur are accomplish instead send<link ns0:type="simple" ns0:href="../736/301736.xml">icalendar</link>meet invit the room andor support system</p></ss1><ss1><st>emerg respons</st><p>the<link ns0:type="simple" ns0:href="../657/827657.xml">common alert protocol</link>cap standard increasingli use for relay inform from variou agenc the public and polic and first respond one challeng that public notif face that the tradit<link ns0:type="simple" ns0:href="../687/77687.xml">emerg broadcast system</link>for transmit inform over the radio now much less effect now that the public tune instead person media player such the<link ns0:type="simple" ns0:href="../847/89847.xml">ipod</link>new version these protocol anticip for exampl direct text all cell phone rang given cell tower set cell tower</p><p>similar manner current propos suggest direct messag intellig build invok name obix contract with effect rang from temporari user secur elev initi process shut down notifi inbuild warn system read messag aloud</p><p>the<link ns0:type="simple" ns0:href="../855/1043855.xml">open geospati consortium</link>anticip emerg respond abl access certain class geotag sensor inform from build from within their map improv situat awar</p></ss1><ss1><st>emerg power market</st><p>the<weblink ns0:type="simple" ns0:href="http://www.gridwiseac.org">gridwis architectur council</weblink>envis open market power provid transmiss distribut and custom agent negoti freeli for live power contract base instantan demandrespons the ongo instal across the electr meter abl provid timeofdaymet one step enabl thi anoth the develop<link ns0:type="simple" ns0:href="../444/2893444.xml">intellig build</link>abl negoti with the grid</p><p>these grid negoti are like two form intellig agent resid the build and negoti with the build tenant and their busi process negoti set build system oper postur extern agent hire the build tenant aggreg demand across multipl build and buy power their behalf market base these interact are consid key creat market condit drive rapid innov onsit power storag and gener technolog</p></ss1></sec><sec><st>base level control protocol</st><p><list><entry level="1" type="bullet"><message wordnetid="106598915" confidence="0.8"><protocol wordnetid="106665108" confidence="0.8"><direction wordnetid="106786629" confidence="0.8"><rule wordnetid="106652242" confidence="0.8"><link ns0:type="simple" ns0:href="../718/793718.xml">bacnet</link></rule></direction></protocol></message>build autom control network</entry><entry level="1" type="bullet"><link ns0:type="simple" ns0:href="../863/185863.xml">knxeib</link></entry><entry level="1" type="bullet"><link ns0:type="simple" ns0:href="../223/654223.xml">modbu</link></entry><entry level="1" type="bullet"><link ns0:type="simple" ns0:href="../133/518133.xml">lonwork</link></entry><entry level="1" type="bullet"><link ns0:type="simple" ns0:href="../184/5882184.xml">cbu protocol</link></entry><entry level="1" type="bullet"><company wordnetid="108058098" confidence="0.9508927676800064"><link ns0:type="simple" ns0:href="../053/5563053.xml">dynet</link></company></entry><entry level="1" type="bullet"><link>metasi</link></entry><entry level="1" type="bullet"><link ns0:type="simple" ns0:href="../856/740856.xml">dali</link>digit address light interfac</entry></list></p></sec><sec><st>other standard interact with obix</st><p><list><entry level="1" type="bullet"><link ns0:type="simple" ns0:href="../855/1043855.xml">open geospati consortium</link>ogc</entry><entry level="1" type="bullet"><weblink ns0:type="simple" ns0:href="http://www.facilityinformationcouncil.org/bim/">nation build inform standard</weblink>nbim</entry><entry level="1" type="bullet"><link>buildingsmart</link></entry></list></p></sec><sec><st>extern link</st><p><list><entry level="1" type="bullet"><weblink ns0:type="simple" ns0:href="http://www.oasis-open.org/committees/tc_home.php?wg_abbrev=obix">oasi committe site for obix</weblink></entry><entry level="1" type="bullet"><weblink ns0:type="simple" ns0:href="http://www.obix.org">obix organiz site</weblink></entry><entry level="1" type="bullet"><weblink ns0:type="simple" ns0:href="http://www.automatedbuildings.com/news/dec03/interviews/obix.htm">interview with paul ehrlich origin chair obix committe</weblink></entry><entry level="1" type="bullet"><weblink ns0:type="simple" ns0:href="http://sourceforge.net/projects/obix">sourceforg repositori for obix toolkit</weblink></entry><entry level="1" type="bullet"><weblink ns0:type="simple" ns0:href="http://www.caba.org">caba the continent autom build associ</weblink></entry><entry level="1" type="bullet"><weblink ns0:type="simple" ns0:href="http://www.gridwiseac.org">gridwis architectur council</weblink></entry></list></p></sec></bdy></article>