<article xmlns:ns0="http://www.w3.org/1999/xlink"><software confidence="0.9508927676800064" wordnetid="106566077"><web_site confidence="0.9511911446218017" wordnetid="106359193"><header><title>project elliott</title><id /><revision><id /><timestamp /><contributor><username>smackbot</username><id /></contributor></revision><categories><category>defunct websit</category></categories></header><bdy><template><name>infobox softwar</name><parameters><frequently_updated /><genre>job search internet</genre><operating_system>internet</operating_system><caption>project elliott logo</caption><released /><name>project elliott</name><programming_language /><language /><license><link ns0:type="simple" ns0:href="../592/11592.xml">freewar</link></license></parameters></template>project elliott the code name for silicon valleybas global startup enterpris engag next gener web servic launch april wwwprojectelliottcom viral market websit whose intent creat interest forthcom new product within the domain onlin job search the websit contain inform about upcom new product the team global engin market and design expert run the enterpris viral video founder blog and beta test subscript program for user<p>viral market refer market techniqu that use preexist social network produc increas brand awar through selfrepl viral process analog the spread patholog and comput virus can often wordofmouth deliv and enhanc onlin can har the network effect the internet and can veri use reach larg number peopl rapidli</p><sec><st>mission</st><p>for the job seeker the mission project elliott remov pain from job search improv the way job seeker search negoti and secur job util the increas power the internet and peopl for the employ the mission improv the process find bestfit candid</p></sec><sec><st>the team</st><p>the project elliott team consist serial entrepreneur with advanc degre from stanford india institut technolog univers chicago carnegi mellon berkeley and ucla the board advisor includ univers research and scientist phd from stanford ventur capitalist patent attorney and industri thought leader function the team consist engin from silicon valley and india with market and design profession from the san francisco bay area the midwest and the east coast usa</p></sec><sec><st>avail</st><p>current project elliott defunct project</p></sec><sec><st>technolog</st><p>machin learn proprietari algorithm and converg other technolog were use develop the product offer thu transform manual job board paradigm into dynam enabl for job candid and employ</p></sec><sec><st>histori</st><ss1><st>timelin</st><p><list><entry level="1" type="bullet">august the idea revolut job search born the founder with the birth son elliott</entry><entry level="1" type="bullet">april wwwprojectelliottcom launch</entry><entry level="1" type="bullet">wwwprojectelliottcom now defunct</entry></list></p></ss1></sec><sec><st>see also</st><p><list><entry level="1" type="bullet">viral market</entry></list></p></sec><sec><st>refer</st></sec><sec><st>further read</st></sec><sec><st>extern link</st></sec></bdy></web_site></software></article>