<article xmlns:ns0="http://www.w3.org/1999/xlink"><structure confidence="0.8" wordnetid="104341686"><building confidence="0.8" wordnetid="102913152"><artifact confidence="0.8" wordnetid="100021939"><grapevine confidence="0.9511911446218017" wordnetid="107223635"><header><title>south wale pipelin</title><id /><revision><id /><timestamp /><contributor><username /><id /></contributor></revision><categories><category>environ pembrokeshir</category><category>build and structur wale</category><category>environ brecknock</category><category>natur pipelin europ</category><category>build and structur pembrokeshir</category><category>environ wale</category><category>infrastructur the unit kingdom</category></categories></header><bdy>the south wale pipelin also known the milford haven pipelin the largest highpressur pipelin the mile pipelin pass through wale built for the<link ns0:type="simple" ns0:href="../053/867053.xml">nation grid</link>and will link<link ns0:type="simple" ns0:href="../128/832128.xml">liquid natur</link>lng termin<site wordnetid="108651247" confidence="0.9508927676800064"><link ns0:type="simple" ns0:href="../847/634847.xml">milford haven</link></site><region wordnetid="108630985" confidence="0.8"><region wordnetid="108630039" confidence="0.8"><area wordnetid="108497294" confidence="0.8"><location wordnetid="100027167" confidence="0.8"><county wordnetid="108546183" confidence="0.8"><link ns0:type="simple" ns0:href="../250/113250.xml">pembrokeshir</link></county></location></area></region></region>with the nation network<link>tirley</link><link ns0:type="simple" ns0:href="../751/47751.xml">gloucestershir</link><p>expect cost around million the pipelin will accord the nation grid expect transport around the need meet consumpt futur construct the pipelin estim take approxim three year aim end octob<ref ns0:type="simple" ns0:href="#xpointer(//reflist/entry[@id=%221%22])" />environment controversi surround the decis build especi through the brecon beacon where the nation park author call huge blow<ref ns0:type="simple" ns0:href="#xpointer(//reflist/entry[@id=%222%22])" /></p><p><village wordnetid="108672738" confidence="0.9508927676800064"><link ns0:type="simple" ns0:href="../394/46394.xml">swansea</link></village><link>studio</link>parodi<network wordnetid="108434259" confidence="0.9508927676800064"><link ns0:type="simple" ns0:href="../654/19344654.xml">bbc</link></network>panorama report entitl pipelin paranoia accus the pipelin vessel for transport french citizen wale<weblink ns0:type="simple" ns0:href="http://www.youtube.com/watch?v=SXLD0WSGIE0">studio video</weblink></p><sec><st>plan and signific</st><p>rule nation energi secur issu the govern the pipelin signific lie the move from net export net import energi the<ocean wordnetid="109376198" confidence="0.9508927676800064"><link ns0:type="simple" ns0:href="../179/21179.xml">north sea</link></ocean>oil and field are use nation grid state the realiti that the offshor field are decreas output and demand for from home and busi grow such rate that analysi show that the will becom increasingli depend upon import over the come year<ref ns0:type="simple" ns0:href="#xpointer(//reflist/entry[@id=%223%22])" />thi deplet predict<link ns0:type="simple" ns0:href="../621/601621.xml">hubbert peak theori</link>result the<link ns0:type="simple" ns0:href="../777/5327777.xml">energi polici the unit kingdom</link>like becom increasingli import issu and import liquid natur from the middl east will help diversifi energi suppli otherwis depend few supplier such<country wordnetid="108544813" confidence="0.9508927676800064"><link ns0:type="simple" ns0:href="../391/25391.xml">russia</link></country></p><p>thi energi secur concern account for the great rapid plan the pipelin rout start exist south wale pipelin were too small transport the need from the plan termin altern subsea rout use similar technolog the<gossip wordnetid="107223170" confidence="0.8"><grapevine wordnetid="107223635" confidence="0.8"><event wordnetid="100029378" confidence="0.8"><informing wordnetid="107212190" confidence="0.8"><report wordnetid="107217924" confidence="0.8"><act wordnetid="100030358" confidence="0.8"><psychological_feature wordnetid="100023100" confidence="0.8"><speech_act wordnetid="107160883" confidence="0.8"><link ns0:type="simple" ns0:href="../490/7069490.xml">langel pipelin</link></speech_act></psychological_feature></act></report></informing></event></grapevine></gossip>which plan and built the same time rule out for expens reason critic have suggest that the money the pipelin and termin would better spent renew energi sourc which will provid perman energi secur and will also prevent<link ns0:type="simple" ns0:href="../951/5042951.xml">global warm</link><ref ns0:type="simple" ns0:href="#xpointer(//reflist/entry[@id=%224%22])" /></p><p>nation grid claim that the project also signific benefit for the welsh economi the pipelin mean for the first time south wale will the front end rather than the tail end the transmiss network present flow west into wale from england also state that the project will secur wale energi suppli for mani year come and will allow further econom develop south wale<ref ns0:type="simple" ns0:href="#xpointer(//reflist/entry[@id=%225%22])" /></p><p>immedi benefit accru farmer over whose land the pipelin been construct they have receiv compens often amount these day low incom especi for hill farmer sever year net incom</p><ss1><st>environment concern</st><p>milford haven concern have focus the possibl collis between lng tanker and oil tanker one the busiest port well the danger that the termin will target for terror<ref ns0:type="simple" ns0:href="#xpointer(//reflist/entry[@id=%226%22])" />mile section the pipelin will pass through part the<link ns0:type="simple" ns0:href="../814/91814.xml">brecon beacon nation park</link>south wale despit repeat object from the nation park author<ref ns0:type="simple" ns0:href="#xpointer(//reflist/entry[@id=%227%22])" /><ref ns0:type="simple" ns0:href="#xpointer(//reflist/entry[@id=%228%22])" />the park contain some the most sensit environment area the includ fforest fawr geopark award world heritag statu unesco and special area conserv like the usk and wye valley allow within the brecon beacon nation park rule critic part futur energi need<link ns0:type="simple" ns0:href="../063/11063.xml">februari</link><link ns0:type="simple" ns0:href="../165/36165.xml" />the<link ns0:type="simple" ns0:href="../272/304272.xml">depart trade and industri</link><ref ns0:type="simple" ns0:href="#xpointer(//reflist/entry[@id=%229%22])" /></p><p>the rout includ unstabl area such<site wordnetid="108651247" confidence="0.9508927676800064"><link ns0:type="simple" ns0:href="../410/5783410.xml">trebano</link></site>liabl landslid and earthquak due extens histor minework which are deem too danger for main pipe local home origin the pipelin area clear use explos despit the fact that govern regul requir author for ani blast such geolog sensit area local peopl rais concern and permiss deni novemb but the pipelin still laid thi uncertain area one local said there shift landslip again fear that the pipe would fractur and wed get enorm leak nation grid claim that the pipelin will secur<ref ns0:type="simple" ns0:href="#xpointer(//reflist/entry[@id=%2210%22])" />undiscov<link ns0:type="simple" ns0:href="../898/25898.xml">roman road</link>found dure the build the pipelin near brecon and partial destroy result<ref ns0:type="simple" ns0:href="#xpointer(//reflist/entry[@id=%2211%22])" /></p></ss1><ss1><st>protest</st><p>the environment consequ the pipelin and the perceiv lack local consult have led consider protest protest are organis local group along with<link>safe haven network</link>support climat chang action group<link>rise tide</link>work delay protest novemb<site wordnetid="108651247" confidence="0.9508927676800064"><link ns0:type="simple" ns0:href="../410/5783410.xml">trebano</link></site>other protest and camp have occur<site wordnetid="108651247" confidence="0.9508927676800064"><link ns0:type="simple" ns0:href="../847/634847.xml">milford haven</link></site><link>cilfrew</link><ward wordnetid="110767020" confidence="0.9508927676800064"><link ns0:type="simple" ns0:href="../481/5642481.xml">alltwen</link></ward>and<site wordnetid="108651247" confidence="0.9508927676800064"><link ns0:type="simple" ns0:href="../631/250631.xml">brecon</link></site>with local and activist regularli disrupt work there are strong similar the concern rais the antipipelin protest movement<site wordnetid="108651247" confidence="0.9508927676800064"><link ns0:type="simple" ns0:href="../830/5830.xml">counti mayo</link></site><island wordnetid="109316454" confidence="0.9508927676800064"><link ns0:type="simple" ns0:href="../575/147575.xml">ireland</link></island>organ<link ns0:type="simple" ns0:href="../027/7267027.xml">shell sea</link>the tactic use are similar those use similar<body wordnetid="107965085" confidence="0.8"><social_group wordnetid="107950920" confidence="0.8"><objection wordnetid="107208338" confidence="0.8"><event wordnetid="100029378" confidence="0.8"><protest wordnetid="107210225" confidence="0.8"><group wordnetid="100031264" confidence="0.8"><act wordnetid="100030358" confidence="0.8"><psychological_feature wordnetid="100023100" confidence="0.8"><speech_act wordnetid="107160883" confidence="0.8"><administration wordnetid="108164585" confidence="0.8"><link ns0:type="simple" ns0:href="../197/4105197.xml">environment direct action</link></administration></speech_act></psychological_feature></act></group></protest></event></objection></social_group></body>protest<ref ns0:type="simple" ns0:href="#xpointer(//reflist/entry[@id=%2212%22])" /></p><p>the opposit also support percept local welsh peopl that pipelin like thi would not permit england rais echo the infam drown<region wordnetid="108630985" confidence="0.8"><administrative_district wordnetid="108491826" confidence="0.8"><village wordnetid="108672738" confidence="0.8"><location wordnetid="100027167" confidence="0.8"><municipality wordnetid="108626283" confidence="0.8"><settlement wordnetid="108672562" confidence="0.8"><geographical_area wordnetid="108574314" confidence="0.8"><district wordnetid="108552138" confidence="0.8"><urban_area wordnetid="108675967" confidence="0.8"><city wordnetid="108524735" confidence="0.8"><link ns0:type="simple" ns0:href="../778/2884778.xml">capel celyn</link></city></urban_area></district></geographical_area></settlement></municipality></location></village></administrative_district></region>for reservoir local council such<local_authority wordnetid="108482577" confidence="0.8"><administrative_unit wordnetid="108077292" confidence="0.8"><agency wordnetid="108337324" confidence="0.8"><link ns0:type="simple" ns0:href="../384/4903384.xml">neath port talbot counti borough council</link></agency></administrative_unit></local_authority>have been pressur speed plan permiss plan decis were push through the case the cilfrew pressur reduct instal which approv onli exclud certain protest councillor from the vote process deem illeg high court judg say wonder that anybodi vote anyth<ref ns0:type="simple" ns0:href="#xpointer(//reflist/entry[@id=%2213%22])" />the result thi decis led the nation grid declar<link ns0:type="simple" ns0:href="../128/709128.xml">forc majeur</link>notic april avoid ani respons for ani delay deliveri<ref ns0:type="simple" ns0:href="#xpointer(//reflist/entry[@id=%2214%22])" />june high court rule meant the brecon protest camp featur tree hous and tunnel open sinc januari close down with number protestor arrest and substanti local disrupt road<ref ns0:type="simple" ns0:href="#xpointer(//reflist/entry[@id=%2215%22])" /><link>peterstow</link><control wordnetid="105196375" confidence="0.8"><authority wordnetid="105196582" confidence="0.8"><power wordnetid="105190804" confidence="0.8"><link ns0:type="simple" ns0:href="../837/399837.xml">herefordshir</link></power></authority></control>protestor manag forc the nation grid choos anoth site that more expens but more enviromentali friendli for their instal<ref ns0:type="simple" ns0:href="#xpointer(//reflist/entry[@id=%2216%22])" /></p></ss1></sec><sec><st>technic descript and rout</st><p>the pipelin will oper higher pressur than all other pipelin the<link ns0:type="simple" ns0:href="../631/362631.xml">barg</link>psi instead barg psi thi pressur higher than most standard pipelin worldwid and will increas the chanc pipe leak and corros though other such highpressur pipelin have been success run germani for exampl<ref ns0:type="simple" ns0:href="#xpointer(//reflist/entry[@id=%2217%22])" />buri metr underground for most the rout nation grid state that after the pipe buri the larg amount veget subsoil and topsoil remov cover the width dual carriageway will replac level and cultiv restor the land origin condit they consult and use wide rang environment expert help restor the environ<ref ns0:type="simple" ns0:href="#xpointer(//reflist/entry[@id=%2218%22])" /></p><ss1><st>milford haven termin</st><p>begin<link>herbrandston</link>west<site wordnetid="108651247" confidence="0.9508927676800064"><link ns0:type="simple" ns0:href="../847/634847.xml">milford haven</link></site>the pipelin connect<link>south hook lng</link>which will the biggest lng termin the world and joint project between<company wordnetid="108058098" confidence="0.9508927676800064"><link ns0:type="simple" ns0:href="../570/11292570.xml">qatar petroleum</link></company>and<company wordnetid="108058098" confidence="0.9508927676800064"><link ns0:type="simple" ns0:href="../197/18848197.xml">exxonmobil</link></company>then run near waterston the site second smaller termin<link>dragon lng</link>which run consortium which<company wordnetid="108058098" confidence="0.9508927676800064"><link ns0:type="simple" ns0:href="../772/1771772.xml">group</link></company>the major partner<ref ns0:type="simple" ns0:href="#xpointer(//reflist/entry[@id=%2219%22])" /></p></ss1><ss1><st>milford haven aberdulai section</st><p>pipelin rout plan januari march while consent and land acquisit took from march spring construct began thi mile section march the pipelin diamet inch run<ward wordnetid="110767020" confidence="0.9508927676800064"><link ns0:type="simple" ns0:href="../945/679945.xml">aberdulai</link></ward>where the<link>cilfrew</link>pressur reduct instal pressur will reduc that can flow into the exist pipelin network serv south wale the contractor nacap land marin joint ventur<ref ns0:type="simple" ns0:href="#xpointer(//reflist/entry[@id=%2220%22])" /></p></ss1><ss1><st>felindr tirley section</st><p>start from new compressor station<region wordnetid="108630985" confidence="0.8"><village wordnetid="108672738" confidence="0.8"><location wordnetid="100027167" confidence="0.8"><settlement wordnetid="108672562" confidence="0.8"><geographical_area wordnetid="108574314" confidence="0.8"><link ns0:type="simple" ns0:href="../455/2592455.xml">felindr</link></geographical_area></settlement></location></village></region>near<village wordnetid="108672738" confidence="0.9508927676800064"><link ns0:type="simple" ns0:href="../394/46394.xml">swansea</link></village>the pipelin run new pressur reduct instal cors near<link>tirley</link><link ns0:type="simple" ns0:href="../751/47751.xml">gloucestershir</link>where connect with the exist pipelin network thi mile section will pass through mile the<link ns0:type="simple" ns0:href="../814/91814.xml">brecon beacon nation park</link>pipelin rout and environment impact assess took place from octob summer while consent and land acquisit took from winter februari the pipelin diamet inch construct began thi section februari the contactor for the felindr brecon section nacap land marin joint ventur and for brecon tirley section<link>murphi pipelin ltd</link></p><p>the contenti natur thi section led consult with key statutori bodi such the<body wordnetid="105216365" confidence="0.8"><natural_object wordnetid="100019128" confidence="0.8"><link ns0:type="simple" ns0:href="../247/113247.xml">countrysid council for wale</link></natural_object></body><body wordnetid="105216365" confidence="0.8"><natural_object wordnetid="100019128" confidence="0.8"><link ns0:type="simple" ns0:href="../339/103339.xml">english natur</link></natural_object></body>the<link ns0:type="simple" ns0:href="../814/91814.xml">brecon beacon nation park</link>the<body wordnetid="107965085" confidence="0.8"><social_group wordnetid="107950920" confidence="0.8"><administrative_unit wordnetid="108077292" confidence="0.8"><agency wordnetid="108337324" confidence="0.8"><group wordnetid="100031264" confidence="0.8"><administration wordnetid="108164585" confidence="0.8"><link ns0:type="simple" ns0:href="../059/529059.xml">environ agenc</link></administration></group></agency></administrative_unit></social_group></body>the<link ns0:type="simple" ns0:href="../316/330316.xml">welsh assembl govern</link>and<link>blaenavon world heritag partnership</link><ref ns0:type="simple" ns0:href="#xpointer(//reflist/entry[@id=%2221%22])" /></p></ss1></sec><sec><st>see also</st><p><list><entry level="1" type="bullet"><invention wordnetid="105633385" confidence="0.8"><gossip wordnetid="107223170" confidence="0.8"><grapevine wordnetid="107223635" confidence="0.8"><event wordnetid="100029378" confidence="0.8"><informing wordnetid="107212190" confidence="0.8"><report wordnetid="107217924" confidence="0.8"><act wordnetid="100030358" confidence="0.8"><psychological_feature wordnetid="100023100" confidence="0.8"><speech_act wordnetid="107160883" confidence="0.8"><link ns0:type="simple" ns0:href="../111/51111.xml">pipelin transport</link></speech_act></psychological_feature></act></report></informing></event></grapevine></gossip></invention></entry><entry level="1" type="bullet"><link ns0:type="simple" ns0:href="../131/22131.xml">natur</link></entry><entry level="1" type="bullet"><link ns0:type="simple" ns0:href="../545/5213545.xml">energi use and conserv the unit kingdom</link></entry><entry level="1" type="bullet"><company wordnetid="108058098" confidence="0.9508927676800064"><link ns0:type="simple" ns0:href="../679/2654679.xml">transco</link></company></entry></list></p></sec><sec><st>refer</st><p><reflist><entry id="1"><weblink ns0:type="simple" ns0:href="http://icwales.icnetwork.co.uk/0100news/features/tm_headline=we-know-what-the-pipeline-protesters-are-thinking--but-how-about-everybody-else- method=full objectid=18094790 siteid=50082-name_page.html">western mail differ opinion over pipelin</weblink></entry><entry id="2"><weblink ns0:type="simple" ns0:href="http://www.breconbeacons.org/Pipeline%20Consent">controversi nation grid pipelin given the ahead</weblink>brecon beacon nation park author</entry><entry id="3"><weblink ns0:type="simple" ns0:href="http://www.nationalgrid.com/uk/Gas/Pipelines/milfordhaven">nation grid milford haven pipelin</weblink></entry><entry id="4"><weblink ns0:type="simple" ns0:href="http://www.indymedia.org.uk/en/2007/01/360463.html">indymedia resist build against welsh pipelin</weblink></entry><entry id="5"><weblink ns0:type="simple" ns0:href="http://icwales.icnetwork.co.uk/0100news/features/tm_headline=we-know-what-the-pipeline-protesters-are-thinking--but-how-about-everybody-else- method=full objectid=18094790 siteid=50082-name_page.html">western mail differ opinion over pipelin</weblink></entry><entry id="6"><weblink ns0:type="simple" ns0:href="http://www.guardian.co.uk/country/article/0,,2066759,00.html">the guardian how green valley</weblink></entry><entry id="7"><weblink ns0:type="simple" ns0:href="http://www.breconbeacons.org/Pipeline%20Consent">controversi nation grid pipelin given the ahead</weblink></entry><entry id="8"><weblink ns0:type="simple" ns0:href="http://www.breconbeacons.org/final%20es_response%20BBNPA_October%2030.pdf">brecon beacon nation park author respons grid environment statement octob</weblink></entry><entry id="9"><weblink ns0:type="simple" ns0:href="http://www.gnn.gov.uk/environment/fullDetail.asp?ReleaseID=262409 NewsAreaID=2 NavigatedFromDepartment=False">dti environment condit place south wale pipelin</weblink></entry><entry id="10"><weblink ns0:type="simple" ns0:href="http://www.guardian.co.uk/country/article/0,,2066759,00.html">the guardian how green valley</weblink></entry><entry id="11"><weblink ns0:type="simple" ns0:href="http://news.bbc.co.uk/1/hi/wales/south_west/6727937.stm">bbc news roman road found pipelin</weblink></entry><entry id="12"><weblink ns0:type="simple" ns0:href="http://www.indymedia.org.uk/en/2007/01/360463.html">indymedia resist build against welsh pipelin</weblink></entry><entry id="13"><weblink ns0:type="simple" ns0:href="http://www.guardian.co.uk/country/article/0,,2066759,00.html">the guardian how green valley</weblink></entry><entry id="14"><weblink ns0:type="simple" ns0:href="http://www.nationalgrid.com/uk/Media+Centre/PressReleases/10_04_07.htm">nation grid forc majeur press releas</weblink></entry><entry id="15"><weblink ns0:type="simple" ns0:href="http://news.bbc.co.uk/1/hi/wales/6766861.stm">bbc news six arrest pipe evict</weblink></entry><entry id="17"><weblink ns0:type="simple" ns0:href="http://www.platts.com/Natural%20Gas/News/8002630.xml?S=printer src=rssheadlines0">health and safeti execut review welsh pipelin safeti</weblink></entry><entry id="16"><weblink ns0:type="simple" ns0:href="http://www.herefordtimes.com/news/herefordnewslatest/display.var.1470232.0.protest_pays_off.php">hereford time protest pay off</weblink></entry><entry id="19"><weblink ns0:type="simple" ns0:href="http://www.nationalgrid.com/uk/Gas/Pipelines/milfordhaven/fs2/">nation grid milford haven aberdulai section</weblink></entry><entry id="18"><weblink ns0:type="simple" ns0:href="http://www.nationalgrid.com/uk/Gas/Pipelines/milfordhaven/fs3/">nation grid environment plan</weblink></entry><entry id="21"><weblink ns0:type="simple" ns0:href="http://www.nationalgrid.com/uk/Gas/Pipelines/milfordhaven/fs5/">nation grid felindr tirley section</weblink></entry><entry id="20"><weblink ns0:type="simple" ns0:href="http://www.nationalgrid.com/uk/Gas/Pipelines/milfordhaven/fs2/">nation grid milford haven aberdulai section</weblink></entry></reflist></p></sec><sec><st>extern link</st><p><list><entry level="1" type="bullet"><weblink ns0:type="simple" ns0:href="http://www.nationalgrid.com/uk/Gas/Pipelines/milfordhaven">nation grid milford haven connect project</weblink></entry><entry level="1" type="bullet"><weblink ns0:type="simple" ns0:href="http://www.breconbeacons.org/final%20es_response%20BBNPA_October%2030.pdf">brecon beacon nation park author respons nation grid environment statement pipelin octob</weblink></entry><entry level="1" type="bullet">bbc<weblink ns0:type="simple" ns0:href="http://nnews.bbc.co.uk/1/hi/wales/south_west/5181336.stm">new pipelin will aid industri</weblink></entry><entry level="1" type="bullet"><weblink ns0:type="simple" ns0:href="http://www.fightthepipe.co.uk/">fight the pipe the main protest web page base brecon lot detail</weblink></entry><entry level="1" type="bullet"><weblink ns0:type="simple" ns0:href="http://www.indymedia.org.uk/en/2007/01/360463.html">indymedia resist build against welsh pipelin pictur pipelin work</weblink></entry><entry level="1" type="bullet"><weblink ns0:type="simple" ns0:href="http://icwales.icnetwork.co.uk/0100news/features/tm_headline=we-know-what-the-pipeline-protesters-are-thinking--but-how-about-everybody-else- method=full objectid=18094790 siteid=50082-name_page.html">western mail differ opinion over pipelin includ project timelin</weblink></entry><entry level="1" type="bullet"><weblink ns0:type="simple" ns0:href="http://www.youtube.com/watch?v=SXLD0WSGIE0">studio pipelin paranoia</weblink></entry></list></p></sec></bdy></grapevine></artifact></building></structure></article>