<article xmlns:ns0="http://www.w3.org/1999/xlink"><header><title>approxim theori</title><id /><revision><id /><timestamp /><contributor><username>thijsbot</username><id /></contributor></revision><categories><category>numer analysi</category><category>approxim theori</category></categories></header><bdy><link ns0:type="simple" ns0:href="../831/18831.xml">mathemat</link>approxim theori concern with how<link ns0:type="simple" ns0:href="../427/185427.xml">function</link>can best<link ns0:type="simple" ns0:href="../271/336271.xml">approxim</link>with simpler<link ns0:type="simple" ns0:href="../427/185427.xml">function</link>and with<link ns0:type="simple" ns0:href="../437/861437.xml">quantit</link><link ns0:type="simple" ns0:href="../886/780886.xml">character</link>the<link ns0:type="simple" ns0:href="../422/640422.xml">error</link>introduc therebi note that what meant best and simpler will depend the applic<p>close relat topic the approxim function<link ns0:type="simple" ns0:href="../530/245530.xml">gener fourier seri</link>that approxim base upon summat seri term base upon<link ns0:type="simple" ns0:href="../568/336568.xml">orthogon polynomi</link></p><p>one problem particular interest that approxim function<link ns0:type="simple" ns0:href="../457/7878457.xml">comput</link>mathemat librari use oper that can perform the comput calcul addit and multipl such that the result close the actual function possibl thi typic done with<link ns0:type="simple" ns0:href="../000/23000.xml">polynomi</link><assortment wordnetid="108398773" confidence="0.8"><collection wordnetid="107951464" confidence="0.8"><group wordnetid="100031264" confidence="0.8"><link ns0:type="simple" ns0:href="../210/361210.xml">ration</link></group></collection></assortment>ratio polynomi approxim</p><p>the object make the approxim close possibl the actual function typic with accuraci close that the underli comput<link ns0:type="simple" ns0:href="../376/11376.xml">float point</link>arithmet thi accomplish use polynomi high degre andor narrow the domain over which the polynomi approxim the function narrow the domain can often done though the use variou addit scale formula for the function approxim modern mathemat librari often reduc the domain into mani tini segment and use lowdegre polynomi for each segment</p><p>onc the domain and degre the polynomi are chosen the polynomi itself chosen such way minim the worstcas error that the goal minim the maximum valu<math>mid pxfxmid</math>where the approxim polynomi and the actual function for wellbehav function the optimum nth degre polynomi will lead error curv that oscil back and forth between<math>epsilon</math>and<math>epsilon</math>total time give worstcas error<math>epsilon</math>possibl make contriv function for which thi properti doe not hold but practic gener true exampl graph for show the error approxim logx and expx are shown below</p><p><image location="left" width="300px" src="Logerror.png" type="thumb"><caption>error between optim polynomi and logx red and chebyshev approxim and logx blue over the interv vertic divis are maximum error for the optim polynomi</caption></image></p><p><image location="center" width="300px" src="Experror.png" type="thumb"><caption>error between optim polynomi and expx red and chebyshev approxim and expx blue over the interv vertic divis are maximum error for the optim polynomi</caption></image></p><p>note that each case the number maxima that two the maxima are the end point the red curv for the optim polynomi are level that they oscil between<math>epsilon</math>and<math>epsilon</math>exactli</p><p>nth degre polynomi lead error function that oscil between maxima<math>epsilon</math>and<math>epsilon</math>time that polynomi optim<link ns0:type="simple" ns0:href="../947/4558947.xml">proof</link></p><sec><st>chebyshev approxim</st><p>one can obtain polynomi veri close the optim one expand the given function term<mathematical_relation wordnetid="113783581" confidence="0.8"><polynomial wordnetid="105861855" confidence="0.8"><function wordnetid="113783816" confidence="0.8"><link ns0:type="simple" ns0:href="../539/184539.xml">chebyshev polynomi</link></function></polynomial></mathematical_relation>and then cut off the expans the desir degre thi similar the<link ns0:type="simple" ns0:href="../147/14147.xml">fourier analysi</link>the function use the chebyshev polynomi instead the usual trigonometr function</p><p>one calcul the coeffici the chebyshev expans for function</p><p><indent level="1"><math>sim</math></indent>and then cut off the seri after the<math />term one get nth degre polynomi approxim</p><p>the reason thi polynomi nearli optim that for function with rapidli converg power seri the seri cut off after some term the total error aris from the cutoff close the first term after the cutoff that the first term after the cutoff domin all later term the same true the expans term chebyshev polynomi chebyshev expans cut off after<math />the error will take form close multipl<math />the chebyshev polynomi have the properti that they are level they oscil between and the interv<math />level maxima thi mean that the error between and chebyshev expans out<math />close level function with maxima close the optim nth degre polynomi</p><p>the graph abov note that the blue error function sometim better than insid the red function but sometim wors mean that not quit the optim polynomi note also that the discrep rel less seriou for the exp function which extrem rapidli converg power seri than for the log function</p><p>chebyshev approxim the basi for<link>clenshawcurti quadratur</link><link ns0:type="simple" ns0:href="../089/170089.xml">numer integr</link>techniqu</p></sec><sec><st>remez algorithm</st><p>the<link ns0:type="simple" ns0:href="../514/4882514.xml">remez algorithm</link>sometim spell reme use produc optim polynomi approxim given function over given interv iter algorithm that converg polynomi that error function with level extrema the theorem abov that polynomi optim</p><p>remez algorithm use the fact that one can construct nth degre polynomi that lead level and altern error valu given test point</p><p>given test point<math /><math /><math />where<math />and<math />are presum the end point the interv approxim these equat need solv</p><p><indent level="1"><math>epsilon</math></indent><math>epsilon</math><indent level="1"><math>epsilon</math></indent><math>vdot</math><indent level="1"><math>epsilon</math></indent>the righthandsid altern sign</p><p>that</p><p><indent level="1"><math>epsilon</math></indent><math>epsilon</math><indent level="1"><math>vdot</math></indent>sinc<math /><math />were given all their power are known and<math /><math />are also known that mean that the abov equat are just linear equat the variabl<math /><math /><math />and<math>epsilon</math>given the test point<math /><math />one can solv thi system get the polynomi and the number<math>epsilon</math></p><p>the graph below show exampl thi produc degre polynomi approxim<math />over the test point were set and those valu are shown green the result valu<math>epsilon</math></p><p><image location="center" width="300px" src="Remesdemo.png" type="thumb"><caption>error the polynomi produc the first step remez algorithm approxim over the interv vertic divis are</caption></image></p><p>note that the error graph doe inde take the valu<math>epsilon</math>the test point includ the end point but that those point are not extrema the interior test point had been extrema that the function pxfx had maxima minima there the polynomi would optim</p><p>the second step remez algorithm consist move the test point the approxim locat where the error function had actual local minima maxima for exampl one can tell from look the graph that the point should have been about the way thi the algorithm use singl round<event wordnetid="100029378" confidence="0.8"><rule wordnetid="105846932" confidence="0.8"><act wordnetid="100030358" confidence="0.8"><psychological_feature wordnetid="100023100" confidence="0.8"><procedure wordnetid="101023820" confidence="0.8"><activity wordnetid="100407535" confidence="0.8"><algorithm wordnetid="105847438" confidence="0.8"><link ns0:type="simple" ns0:href="../145/22145.xml">newton method</link></algorithm></activity></procedure></psychological_feature></act></rule></event>sinc one know the first and second deriv pxfx one can calcul approxim how far test point move that the deriv will zero</p><p><indent level="1">calcul the deriv polynomi straightforward one must also abl calcul the first and second deriv remez algorithm requir abil calcul<math /><math />and<math />extrem high precis the entir algorithm must carri out higher precis than the desir precis the result</indent>after move the test point the linear equat part repeat get new polynomi and newton method use again move the test point again thi sequenc continu until the result converg the desir accuraci the algorithm converg veri rapidli converg quadrat for wellbehav function the test point are within<math />the correct result they will approxim within<math />the correct result after the next round</p><p>remez algorithm typic start choos the maxima the chebyshev polynomi<math />the initi point sinc the final error function will similar that polynomi</p></sec><sec><st>main journal</st><p><list><entry level="1" type="bullet"><periodical wordnetid="106593296" confidence="0.9508927676800064"><link ns0:type="simple" ns0:href="../430/10986430.xml">journal approxim theori</link></periodical></entry><entry level="1" type="bullet"><periodical wordnetid="106593296" confidence="0.9508927676800064"><link ns0:type="simple" ns0:href="../233/10986233.xml">construct approxim</link></periodical></entry><entry level="1" type="bullet"><periodical wordnetid="106593296" confidence="0.9508927676800064"><link ns0:type="simple" ns0:href="../849/10986849.xml">east journal approxim</link></periodical></entry></list></p></sec><sec><st>see also</st><p><list><entry level="1" type="bullet"><mathematical_relation wordnetid="113783581" confidence="0.8"><polynomial wordnetid="105861855" confidence="0.8"><function wordnetid="113783816" confidence="0.8"><link ns0:type="simple" ns0:href="../539/184539.xml">chebyshev polynomi</link></function></polynomial></mathematical_relation></entry><entry level="1" type="bullet"><link ns0:type="simple" ns0:href="../530/245530.xml">gener fourier seri</link></entry><entry level="1" type="bullet"><link ns0:type="simple" ns0:href="../568/336568.xml">orthogon polynomi</link></entry><entry level="1" type="bullet"><link ns0:type="simple" ns0:href="../063/195063.xml">orthonorm basi</link></entry><entry level="1" type="bullet"><link ns0:type="simple" ns0:href="../038/59038.xml">fourier seri</link></entry><entry level="1" type="bullet"><space wordnetid="100028651" confidence="0.8"><link ns0:type="simple" ns0:href="../662/3460662.xml">schauder basi</link></space></entry><entry level="1" type="bullet"><link>pad approxim</link></entry></list></p></sec><sec><st>link</st><p><list><entry level="1" type="bullet"><weblink ns0:type="simple" ns0:href="http://www.math.technion.ac.il/hat/">histori approxim theori hat</weblink></entry><entry level="1" type="bullet"><weblink ns0:type="simple" ns0:href="http://www.emis.de/journals/SAT/">survey approxim theori sat</weblink></entry></list></p></sec><sec><st>refer</st><p><list><entry level="1" type="bullet">niachiez akhiez theori approxim translat charl hyman frederick ungar publish new york</entry></list></p><p><list><entry level="1" type="bullet">aftiman theori approxim function real variabl isbn</entry></list></p><p><list><entry level="1" type="bullet">hast approxim for digit comput princeton univers press</entry></list></p><p><list><entry level="1" type="bullet">hart cheney lawson maehli mesztenyi rice thacher witzgal comput approxim wiley lib cong</entry></list></p><p><list><entry level="1" type="bullet">fox and parker chebyshev polynomi numer analysi oxford univers press london</entry></list></p><p><list><entry level="1" type="bullet">codi wait softwar manual for the elementari function prenticehal isbn</entry></list></p><p><list><entry level="1" type="bullet">reme remez sur calcul effectif polynom dapproxim tschebyscheff acad sci pari</entry></list></p><p><list><entry level="1" type="bullet">steffen the histori approxim theori from euler bernstein birkhaus boston isbn</entry></list></p></sec></bdy></article>