<article xmlns:ns0="http://www.w3.org/1999/xlink"><bus confidence="0.9508927676800064" wordnetid="102924116"><bus_route confidence="0.9511911446218017" wordnetid="108517554"><header><title>london buse rout</title><id /><revision><id /><timestamp /><contributor><username>mapsman</username><id /></contributor></revision><categories><category>transport kensington chelsea</category><category>transport brent</category><category>transport camden</category><category>transport wandsworth</category><category>rout london</category></categories></header><bdy><template><name>infobox london</name><parameters><image width="150px" src="" /><pvr /><via>chalk farmharrow roadwestbourn parkkensingtonfulham</via><garage><mathematical_relation wordnetid="113783581" confidence="0.8"><operator wordnetid="113786413" confidence="0.8"><function wordnetid="113783816" confidence="0.8"><link ns0:type="simple" ns0:href="../334/2193334.xml#xpointer(//*[./st=%22Westbourne+Park%22])">westbourn park</link></function></operator></mathematical_relation></garage><vehicle><conveyance wordnetid="103100490" confidence="0.8"><artifact wordnetid="100021939" confidence="0.8"><instrumentality wordnetid="103575240" confidence="0.8"><bus wordnetid="102924116" confidence="0.8"><public_transport wordnetid="104019101" confidence="0.8"><link ns0:type="simple" ns0:href="../751/1709751.xml">volvo btl</link></public_transport></bus></instrumentality></artifact></conveyance><conveyance wordnetid="103100490" confidence="0.8"><artifact wordnetid="100021939" confidence="0.8"><instrumentality wordnetid="103575240" confidence="0.8"><bus wordnetid="102924116" confidence="0.8"><public_transport wordnetid="104019101" confidence="0.8"><link ns0:type="simple" ns0:href="../887/2444887.xml">wright eclips gemini</link></public_transport></bus></instrumentality></artifact></conveyance></vehicle><number /><frequency>weeknight about everi minutesweekend about everi minut</frequency><operator><mathematical_relation wordnetid="113783581" confidence="0.8"><operator wordnetid="113786413" confidence="0.8"><function wordnetid="113783816" confidence="0.8"><link ns0:type="simple" ns0:href="../334/2193334.xml">first london</link></function></operator></mathematical_relation></operator><time>minut</time><level>night</level><ibus /><start><site wordnetid="108651247" confidence="0.9508927676800064"><link ns0:type="simple" ns0:href="../813/95813.xml">camden town</link></site></start><length>mile</length><night>until</night><day><bus wordnetid="102924116" confidence="0.9508927676800064"><link ns0:type="simple" ns0:href="../358/8579358.xml">rout</link></bus><bus wordnetid="102924116" confidence="0.9508927676800064"><link ns0:type="simple" ns0:href="../720/7185720.xml">rout</link></bus></day><end><site wordnetid="108651247" confidence="0.9508927676800064"><link ns0:type="simple" ns0:href="../365/94365.xml">wandsworth</link></site></end></parameters></template><p>london buse rout<company wordnetid="108058098" confidence="0.9508927676800064"><link ns0:type="simple" ns0:href="../145/31145.xml">transport for london</link></company>contract rout<village wordnetid="108672738" confidence="0.9508927676800064"><link ns0:type="simple" ns0:href="../867/17867.xml">london</link></village><autocracy wordnetid="108361001" confidence="0.8"><system wordnetid="108435388" confidence="0.8"><social_group wordnetid="107950920" confidence="0.8"><political_orientation wordnetid="106212839" confidence="0.8"><monarchy wordnetid="108363812" confidence="0.8"><state wordnetid="108168978" confidence="0.8"><political_unit wordnetid="108359949" confidence="0.8"><political_system wordnetid="108367880" confidence="0.8"><economy wordnetid="108366753" confidence="0.8"><group wordnetid="100031264" confidence="0.8"><democracy wordnetid="106217103" confidence="0.8"><link ns0:type="simple" ns0:href="../717/31717.xml">unit kingdom</link></democracy></group></economy></political_system></political_unit></state></monarchy></political_orientation></social_group></system></autocracy>the servic current contract<mathematical_relation wordnetid="113783581" confidence="0.8"><operator wordnetid="113786413" confidence="0.8"><function wordnetid="113783816" confidence="0.8"><link ns0:type="simple" ns0:href="../334/2193334.xml">first london</link></function></operator></mathematical_relation></p><sec><st>histori</st><p>night run the night servic for<bus wordnetid="102924116" confidence="0.9508927676800064"><link ns0:type="simple" ns0:href="../358/8579358.xml">rout</link></bus>between wandsworth harrow road rout togeth with<bus wordnetid="102924116" confidence="0.9508927676800064"><link ns0:type="simple" ns0:href="../541/11094541.xml">rout</link></bus>run the night servic for<bus wordnetid="102924116" confidence="0.9508927676800064"><link ns0:type="simple" ns0:href="../720/7185720.xml" /></bus>between not hill gate camden town station</p><p>the rout start out the night the<link ns0:type="simple" ns0:href="../355/19355.xml">may</link><link ns0:type="simple" ns0:href="../553/34553.xml" />singledeck rout but convert along with the day rout doubledeck use brand new volvo btl wright eclips gemini late</p></sec><sec><st>current rout</st><p><table style="background:transparent; width:100%;" cellpadding="0" class=" multicol" cellspacing="0"><row><col align="left" width="50%" valign="top"><ss1><st>rout depart camden</st><p><list><entry level="1" type="bullet"><site wordnetid="108651247" confidence="0.9508927676800064"><link ns0:type="simple" ns0:href="../813/95813.xml">camden town</link></site>bayham street</entry><entry level="1" type="bullet">bayham street</entry><entry level="1" type="bullet">crowndal road</entry><entry level="1" type="bullet"><structure wordnetid="104341686" confidence="0.8"><building wordnetid="102913152" confidence="0.8"><artifact wordnetid="100021939" confidence="0.8"><facility wordnetid="103315023" confidence="0.8"><station wordnetid="104306080" confidence="0.8"><link ns0:type="simple" ns0:href="../803/95803.xml">mornington crescent station</link></station></facility></artifact></building></structure></entry><entry level="1" type="bullet">camden high street</entry><entry level="1" type="bullet"><process wordnetid="105701363" confidence="0.8"><artifact wordnetid="100021939" confidence="0.8"><inquiry wordnetid="105797597" confidence="0.8"><facility wordnetid="103315023" confidence="0.8"><thinking wordnetid="105770926" confidence="0.8"><station wordnetid="104306080" confidence="0.8"><problem_solving wordnetid="105796750" confidence="0.8"><higher_cognitive_process wordnetid="105770664" confidence="0.8"><link ns0:type="simple" ns0:href="../853/251853.xml">camden town station</link></higher_cognitive_process></problem_solving></station></thinking></facility></inquiry></artifact></process></entry><entry level="1" type="bullet"><artifact wordnetid="100021939" confidence="0.8"><street wordnetid="104334599" confidence="0.8"><way wordnetid="104564698" confidence="0.8"><thoroughfare wordnetid="104426618" confidence="0.8"><road wordnetid="104096066" confidence="0.8"><link ns0:type="simple" ns0:href="../673/3179673.xml">chalk farm road</link></road></thoroughfare></way></street></artifact></entry><entry level="1" type="bullet"><artifact wordnetid="100021939" confidence="0.8"><facility wordnetid="103315023" confidence="0.8"><station wordnetid="104306080" confidence="0.8"><link ns0:type="simple" ns0:href="../205/1060205.xml">chalk farm station</link></station></facility></artifact></entry><entry level="1" type="bullet">adelaid road</entry><entry level="1" type="bullet"><artifact wordnetid="100021939" confidence="0.8"><facility wordnetid="103315023" confidence="0.8"><station wordnetid="104306080" confidence="0.8"><link ns0:type="simple" ns0:href="../045/370045.xml">swiss cottag station</link></station></facility></artifact></entry><entry level="1" type="bullet"><artifact wordnetid="100021939" confidence="0.8"><street wordnetid="104334599" confidence="0.8"><way wordnetid="104564698" confidence="0.8"><thoroughfare wordnetid="104426618" confidence="0.8"><road wordnetid="104096066" confidence="0.8"><link ns0:type="simple" ns0:href="../281/1347281.xml">finchley road</link></road></thoroughfare></way></street></artifact></entry><entry level="1" type="bullet">fairfax road</entry><entry level="1" type="bullet"><station wordnetid="104306080" confidence="0.9508927676800064"><link ns0:type="simple" ns0:href="../444/1709444.xml">south hampstead station</link></station></entry><entry level="1" type="bullet">belsiz road</entry><entry level="1" type="bullet"><station wordnetid="104306080" confidence="0.9508927676800064"><link ns0:type="simple" ns0:href="../472/1709472.xml">kilburn high road station</link></station></entry><entry level="1" type="bullet"><artifact wordnetid="100021939" confidence="0.8"><street wordnetid="104334599" confidence="0.8"><way wordnetid="104564698" confidence="0.8"><thoroughfare wordnetid="104426618" confidence="0.8"><road wordnetid="104096066" confidence="0.8"><link ns0:type="simple" ns0:href="../644/3322644.xml">kilburn high road</link></road></thoroughfare></way></street></artifact></entry><entry level="1" type="bullet">cambridg avenu</entry><entry level="1" type="bullet"><artifact wordnetid="100021939" confidence="0.8"><facility wordnetid="103315023" confidence="0.8"><station wordnetid="104306080" confidence="0.8"><link ns0:type="simple" ns0:href="../082/370082.xml">kilburn park station</link></station></facility></artifact></entry><entry level="1" type="bullet">cambridg garden</entry><entry level="1" type="bullet">rudolph road</entry><entry level="1" type="bullet">kilburn park road</entry><entry level="1" type="bullet">shirland road</entry><entry level="1" type="bullet">maida hill the chippenham</entry><entry level="1" type="bullet">chippenham road</entry><entry level="1" type="bullet">elgin avenu</entry><entry level="1" type="bullet">great western road</entry><entry level="1" type="bullet"><artifact wordnetid="100021939" confidence="0.8"><facility wordnetid="103315023" confidence="0.8"><station wordnetid="104306080" confidence="0.8"><link ns0:type="simple" ns0:href="../439/1083439.xml">westbourn park station</link></station></facility></artifact></entry><entry level="1" type="bullet">great western road</entry><entry level="1" type="bullet">westbourn park road</entry><entry level="1" type="bullet">chepstow road</entry><entry level="1" type="bullet">pembridg villa</entry><entry level="1" type="bullet">pembridg road</entry><entry level="1" type="bullet"><artifact wordnetid="100021939" confidence="0.8"><facility wordnetid="103315023" confidence="0.8"><station wordnetid="104306080" confidence="0.8"><link ns0:type="simple" ns0:href="../581/181581.xml">not hill gate station</link></station></facility></artifact></entry><entry level="1" type="bullet">palac garden terrac</entry><entry level="1" type="bullet">kensington mall</entry><entry level="1" type="bullet">kensington church street</entry><entry level="1" type="bullet"><artifact wordnetid="100021939" confidence="0.8"><street wordnetid="104334599" confidence="0.8"><way wordnetid="104564698" confidence="0.8"><thoroughfare wordnetid="104426618" confidence="0.8"><road wordnetid="104096066" confidence="0.8"><link ns0:type="simple" ns0:href="../889/422889.xml">kensington high street</link></road></thoroughfare></way></street></artifact></entry><entry level="1" type="bullet"><artifact wordnetid="100021939" confidence="0.8"><facility wordnetid="103315023" confidence="0.8"><station wordnetid="104306080" confidence="0.8"><link ns0:type="simple" ns0:href="../510/373510.xml">high street kensington station</link></station></facility></artifact></entry><entry level="1" type="bullet"><artifact wordnetid="100021939" confidence="0.8"><street wordnetid="104334599" confidence="0.8"><way wordnetid="104564698" confidence="0.8"><thoroughfare wordnetid="104426618" confidence="0.8"><road wordnetid="104096066" confidence="0.8"><link ns0:type="simple" ns0:href="../889/422889.xml">kensington high street</link></road></thoroughfare></way></street></artifact></entry><entry level="1" type="bullet">hammersmith road</entry><entry level="1" type="bullet"><link ns0:type="simple" ns0:href="../567/592567.xml">olympia station</link></entry><entry level="1" type="bullet">hammersmith road</entry><entry level="1" type="bullet">north end road</entry><entry level="1" type="bullet"><artifact wordnetid="100021939" confidence="0.8"><facility wordnetid="103315023" confidence="0.8"><station wordnetid="104306080" confidence="0.8"><link ns0:type="simple" ns0:href="../077/1705077.xml">west kensington station</link></station></facility></artifact></entry><entry level="1" type="bullet">north end road</entry><entry level="1" type="bullet">fulham road</entry><entry level="1" type="bullet">fulham broadway</entry><entry level="1" type="bullet"><artifact wordnetid="100021939" confidence="0.8"><facility wordnetid="103315023" confidence="0.8"><station wordnetid="104306080" confidence="0.8"><link ns0:type="simple" ns0:href="../068/1705068.xml">fulham broadway station</link></station></facility></artifact></entry><entry level="1" type="bullet">harwood street</entry><entry level="1" type="bullet">new king road</entry><entry level="1" type="bullet">wandsworth bridg road</entry><entry level="1" type="bullet"><bridge wordnetid="102898711" confidence="0.9508927676800064"><link ns0:type="simple" ns0:href="../088/3064088.xml">wandsworth bridg</link></bridge></entry><entry level="1" type="bullet">bridgend road</entry><entry level="1" type="bullet">swandon way</entry><entry level="1" type="bullet"><station wordnetid="104306080" confidence="0.9508927676800064"><link ns0:type="simple" ns0:href="../551/1678551.xml">wandsworth town station</link></station></entry><entry level="1" type="bullet">old york road</entry><entry level="1" type="bullet">fairfield street</entry><entry level="1" type="bullet">wandsworth high street</entry><entry level="1" type="bullet">garratt lane</entry><entry level="1" type="bullet"><site wordnetid="108651247" confidence="0.9508927676800064"><link ns0:type="simple" ns0:href="../365/94365.xml">wandsworth</link></site><link ns0:type="simple" ns0:href="../760/1986760.xml">southsid shop centr</link></entry></list></p></ss1></col><col align="left" width="" valign="top"><ss1><st>rout depart wandsworth</st><p><list><entry level="1" type="bullet"><site wordnetid="108651247" confidence="0.9508927676800064"><link ns0:type="simple" ns0:href="../365/94365.xml">wandsworth</link></site><link ns0:type="simple" ns0:href="../760/1986760.xml">southsid shop centr</link></entry><entry level="1" type="bullet">garratt lane</entry><entry level="1" type="bullet">ram street</entry><entry level="1" type="bullet">armouri way</entry><entry level="1" type="bullet">old york road</entry><entry level="1" type="bullet"><station wordnetid="104306080" confidence="0.9508927676800064"><link ns0:type="simple" ns0:href="../551/1678551.xml">wandsworth town station</link></station></entry><entry level="1" type="bullet">swandon way</entry><entry level="1" type="bullet">bridgend road</entry><entry level="1" type="bullet"><bridge wordnetid="102898711" confidence="0.9508927676800064"><link ns0:type="simple" ns0:href="../088/3064088.xml">wandsworth bridg</link></bridge></entry><entry level="1" type="bullet">wandsworth bridg road</entry><entry level="1" type="bullet">new king road</entry><entry level="1" type="bullet">harwood street</entry><entry level="1" type="bullet"><artifact wordnetid="100021939" confidence="0.8"><facility wordnetid="103315023" confidence="0.8"><station wordnetid="104306080" confidence="0.8"><link ns0:type="simple" ns0:href="../068/1705068.xml">fulham broadway station</link></station></facility></artifact></entry><entry level="1" type="bullet"><artifact wordnetid="100021939" confidence="0.8"><street wordnetid="104334599" confidence="0.8"><way wordnetid="104564698" confidence="0.8"><thoroughfare wordnetid="104426618" confidence="0.8"><road wordnetid="104096066" confidence="0.8"><link ns0:type="simple" ns0:href="../559/3130559.xml">fulham road</link></road></thoroughfare></way></street></artifact></entry><entry level="1" type="bullet">north end road</entry><entry level="1" type="bullet"><artifact wordnetid="100021939" confidence="0.8"><facility wordnetid="103315023" confidence="0.8"><station wordnetid="104306080" confidence="0.8"><link ns0:type="simple" ns0:href="../077/1705077.xml">west kensington station</link></station></facility></artifact></entry><entry level="1" type="bullet">north end road</entry><entry level="1" type="bullet">hammersmith road</entry><entry level="1" type="bullet"><link ns0:type="simple" ns0:href="../567/592567.xml">olympia station</link></entry><entry level="1" type="bullet"><artifact wordnetid="100021939" confidence="0.8"><street wordnetid="104334599" confidence="0.8"><way wordnetid="104564698" confidence="0.8"><thoroughfare wordnetid="104426618" confidence="0.8"><road wordnetid="104096066" confidence="0.8"><link ns0:type="simple" ns0:href="../889/422889.xml">kensington high street</link></road></thoroughfare></way></street></artifact></entry><entry level="1" type="bullet"><artifact wordnetid="100021939" confidence="0.8"><facility wordnetid="103315023" confidence="0.8"><station wordnetid="104306080" confidence="0.8"><link ns0:type="simple" ns0:href="../510/373510.xml">high street kensington station</link></station></facility></artifact></entry><entry level="1" type="bullet"><artifact wordnetid="100021939" confidence="0.8"><street wordnetid="104334599" confidence="0.8"><way wordnetid="104564698" confidence="0.8"><thoroughfare wordnetid="104426618" confidence="0.8"><road wordnetid="104096066" confidence="0.8"><link ns0:type="simple" ns0:href="../889/422889.xml">kensington high street</link></road></thoroughfare></way></street></artifact></entry><entry level="1" type="bullet">kensington church street</entry><entry level="1" type="bullet"><artifact wordnetid="100021939" confidence="0.8"><street wordnetid="104334599" confidence="0.8"><way wordnetid="104564698" confidence="0.8"><thoroughfare wordnetid="104426618" confidence="0.8"><road wordnetid="104096066" confidence="0.8"><link ns0:type="simple" ns0:href="../325/1150325.xml">not hill gate</link></road></thoroughfare></way></street></artifact></entry><entry level="1" type="bullet"><artifact wordnetid="100021939" confidence="0.8"><facility wordnetid="103315023" confidence="0.8"><station wordnetid="104306080" confidence="0.8"><link ns0:type="simple" ns0:href="../581/181581.xml">not hill gate station</link></station></facility></artifact></entry><entry level="1" type="bullet">pembridg road</entry><entry level="1" type="bullet">pembridg villa</entry><entry level="1" type="bullet">chepstow road</entry><entry level="1" type="bullet">westbourn park road</entry><entry level="1" type="bullet">great western road</entry><entry level="1" type="bullet"><artifact wordnetid="100021939" confidence="0.8"><facility wordnetid="103315023" confidence="0.8"><station wordnetid="104306080" confidence="0.8"><link ns0:type="simple" ns0:href="../439/1083439.xml">westbourn park station</link></station></facility></artifact></entry><entry level="1" type="bullet">great western road</entry><entry level="1" type="bullet">elgin avenu</entry><entry level="1" type="bullet">chippenham road</entry><entry level="1" type="bullet">maida hill the chippenham</entry><entry level="1" type="bullet">shirland road</entry><entry level="1" type="bullet">kilburn park road</entry><entry level="1" type="bullet">rudolph road</entry><entry level="1" type="bullet">cambridg garden</entry><entry level="1" type="bullet">cambridg avenu</entry><entry level="1" type="bullet"><artifact wordnetid="100021939" confidence="0.8"><facility wordnetid="103315023" confidence="0.8"><station wordnetid="104306080" confidence="0.8"><link ns0:type="simple" ns0:href="../082/370082.xml">kilburn park station</link></station></facility></artifact></entry><entry level="1" type="bullet"><artifact wordnetid="100021939" confidence="0.8"><street wordnetid="104334599" confidence="0.8"><way wordnetid="104564698" confidence="0.8"><thoroughfare wordnetid="104426618" confidence="0.8"><road wordnetid="104096066" confidence="0.8"><link ns0:type="simple" ns0:href="../644/3322644.xml">kilburn high road</link></road></thoroughfare></way></street></artifact></entry><entry level="1" type="bullet"><station wordnetid="104306080" confidence="0.9508927676800064"><link ns0:type="simple" ns0:href="../472/1709472.xml">kilburn high road station</link></station></entry><entry level="1" type="bullet">belsiz road</entry><entry level="1" type="bullet"><station wordnetid="104306080" confidence="0.9508927676800064"><link ns0:type="simple" ns0:href="../444/1709444.xml">south hampstead station</link></station></entry><entry level="1" type="bullet">hilgrov road</entry><entry level="1" type="bullet"><artifact wordnetid="100021939" confidence="0.8"><street wordnetid="104334599" confidence="0.8"><way wordnetid="104564698" confidence="0.8"><thoroughfare wordnetid="104426618" confidence="0.8"><road wordnetid="104096066" confidence="0.8"><link ns0:type="simple" ns0:href="../281/1347281.xml">finchley road</link></road></thoroughfare></way></street></artifact></entry><entry level="1" type="bullet"><artifact wordnetid="100021939" confidence="0.8"><facility wordnetid="103315023" confidence="0.8"><station wordnetid="104306080" confidence="0.8"><link ns0:type="simple" ns0:href="../045/370045.xml">swiss cottag station</link></station></facility></artifact></entry><entry level="1" type="bullet"><artifact wordnetid="100021939" confidence="0.8"><street wordnetid="104334599" confidence="0.8"><way wordnetid="104564698" confidence="0.8"><thoroughfare wordnetid="104426618" confidence="0.8"><road wordnetid="104096066" confidence="0.8"><link ns0:type="simple" ns0:href="../659/1761659.xml">avenu road</link></road></thoroughfare></way></street></artifact></entry><entry level="1" type="bullet">adelaid road</entry><entry level="1" type="bullet"><artifact wordnetid="100021939" confidence="0.8"><facility wordnetid="103315023" confidence="0.8"><station wordnetid="104306080" confidence="0.8"><link ns0:type="simple" ns0:href="../205/1060205.xml">chalk farm station</link></station></facility></artifact></entry><entry level="1" type="bullet"><artifact wordnetid="100021939" confidence="0.8"><street wordnetid="104334599" confidence="0.8"><way wordnetid="104564698" confidence="0.8"><thoroughfare wordnetid="104426618" confidence="0.8"><road wordnetid="104096066" confidence="0.8"><link ns0:type="simple" ns0:href="../673/3179673.xml">chalk farm road</link></road></thoroughfare></way></street></artifact></entry><entry level="1" type="bullet">castlehaven road</entry><entry level="1" type="bullet">hawley road</entry><entry level="1" type="bullet">camden street</entry><entry level="1" type="bullet">camden road</entry><entry level="1" type="bullet"><process wordnetid="105701363" confidence="0.8"><artifact wordnetid="100021939" confidence="0.8"><inquiry wordnetid="105797597" confidence="0.8"><facility wordnetid="103315023" confidence="0.8"><thinking wordnetid="105770926" confidence="0.8"><station wordnetid="104306080" confidence="0.8"><problem_solving wordnetid="105796750" confidence="0.8"><higher_cognitive_process wordnetid="105770664" confidence="0.8"><link ns0:type="simple" ns0:href="../853/251853.xml">camden town station</link></higher_cognitive_process></problem_solving></station></thinking></facility></inquiry></artifact></process>bayham street</entry></list></p></ss1></col></row></table></p></sec><sec><st>see also</st><p><list><entry level="1" type="bullet"><link ns0:type="simple" ns0:href="../207/5179207.xml">list rout london</link></entry><entry level="1" type="bullet"><mathematical_relation wordnetid="113783581" confidence="0.8"><operator wordnetid="113786413" confidence="0.8"><function wordnetid="113783816" confidence="0.8"><link ns0:type="simple" ns0:href="../334/2193334.xml">first london</link></function></operator></mathematical_relation></entry><entry level="1" type="bullet"><bus wordnetid="102924116" confidence="0.9508927676800064"><link ns0:type="simple" ns0:href="../358/8579358.xml">london buse rout</link></bus></entry><entry level="1" type="bullet"><bus wordnetid="102924116" confidence="0.9508927676800064"><link ns0:type="simple" ns0:href="../720/7185720.xml">london buse rout</link></bus></entry></list></p></sec><sec><st>extern link</st><p><list><entry level="1" type="bullet"><weblink ns0:type="simple" ns0:href="http://www.tfl.gov.uk">transport for london</weblink></entry><entry level="1" type="bullet"><weblink ns0:type="simple" ns0:href="http://www.londonbusesbyadam.fotopic.net">london rout fotop</weblink></entry><entry level="1" type="bullet"><weblink ns0:type="simple" ns0:href="http://www.busesatwork.co.uk">london rout</weblink></entry><entry level="1" type="bullet"><weblink ns0:type="simple" ns0:href="http://www.busmap.org/tt4/N028.pdf">full timet pdf</weblink></entry></list></p><p><table style="margin: 0 auto; border-collapse: collapse;" cellpadding="3" class="toccolours" border="1" cellspacing="0"><row><header align="center" bgcolor="#efefef"><link ns0:type="simple" ns0:href="../207/5179207.xml">list rout london</link></header></row><row><col style="font-size: 90%;" align="center"><link ns0:type="simple" ns0:href="../207/5179207.xml#xpointer(//*[./st=%221-99%22])" /><link ns0:type="simple" ns0:href="../207/5179207.xml#xpointer(//*[./st=%22100-199%22])" /><link ns0:type="simple" ns0:href="../207/5179207.xml#xpointer(//*[./st=%22200-299%22])" /><link ns0:type="simple" ns0:href="../207/5179207.xml#xpointer(//*[./st=%22300-399%22])" /><link ns0:type="simple" ns0:href="../207/5179207.xml#xpointer(//*[./st=%22400-499%22])" /><link ns0:type="simple" ns0:href="../207/5179207.xml#xpointer(//*[./st=%22500-599%22])" /><link ns0:type="simple" ns0:href="../207/5179207.xml#xpointer(//*[./st=%22600-699%22])" /><link ns0:type="simple" ns0:href="../207/5179207.xml#xpointer(//*[./st=%22Letter+prefixed%22])">letter prefix</link><link ns0:type="simple" ns0:href="../207/5179207.xml#xpointer(//*[./st=%22Routes+which+only+run+at+night+(N+prefixed)%22])">night onli</link></col></row></table></p></sec></bdy></bus_route></bus></article>