<article xmlns:ns0="http://www.w3.org/1999/xlink"><header><title>social semant web</title><id /><revision><id /><timestamp /><contributor><username>mdd</username><id /></contributor></revision><categories><category>web</category><category>semant web</category><category>world wide web</category></categories></header><bdy>the concept the social semant web subsum develop which social interact the<link ns0:type="simple" ns0:href="../139/33139.xml">web</link>lead the creation explicit and semant rich knowledg represent the social semant web can seen web collect knowledg system which are abl provid use inform base human contribut and which get better more peopl particip<ref ns0:type="simple" ns0:href="#xpointer(//reflist/entry[@id=%221%22])" />the social semant web combin technolog strategi and methodolog from the<work wordnetid="100575741" confidence="0.8"><event wordnetid="100029378" confidence="0.8"><service wordnetid="100577525" confidence="0.8"><act wordnetid="100030358" confidence="0.8"><psychological_feature wordnetid="100023100" confidence="0.8"><activity wordnetid="100407535" confidence="0.8"><link ns0:type="simple" ns0:href="../123/29123.xml">semant web</link></activity></psychological_feature></act></service></event></work><link ns0:type="simple" ns0:href="../980/1186980.xml">social softwar</link>and the<work wordnetid="100575741" confidence="0.8"><event wordnetid="100029378" confidence="0.8"><service wordnetid="100577525" confidence="0.8"><act wordnetid="100030358" confidence="0.8"><psychological_feature wordnetid="100023100" confidence="0.8"><meme wordnetid="105985126" confidence="0.8"><activity wordnetid="100407535" confidence="0.8"><acculturation wordnetid="105984936" confidence="0.8"><link ns0:type="simple" ns0:href="../022/1555022.xml">web</link></acculturation></activity></meme></psychological_feature></act></service></event></work><sec><st>overview</st><p>the sociosemant web aim complement the formal semant web vision pragmat approach reli<link ns0:type="simple" ns0:href="../586/140586.xml">descript languag</link>for semant brows use<link ns0:type="simple" ns0:href="../509/846509.xml">heurist</link>classif and semiot<link ns0:type="simple" ns0:href="../681/49681.xml">ontolog</link>sociosemant system continu process elicit crucial knowledg domain through semiform ontolog<link ns0:type="simple" ns0:href="../463/30463.xml">taxonomi</link><link ns0:type="simple" ns0:href="../913/1145913.xml">folksonomi</link>emphas the import humanli creat loos semant mean fulfil the vision the semant web instead reli entir autom semant with formal ontolog process and inferenc human are collabor build semant aid sociosemant inform system while the semant web enabl integr busi process with precis automat logic infer comput cross domain the sociosemant web open for more social interfac the semant busi allow interoper between busi object action and their user</p><p>sociosemant web coin manuel zacklad and jeanpierr cahier and use the field<link ns0:type="simple" ns0:href="../991/293991.xml">comput support cooper work</link>cscw recent gain wider appeal after the releas<physical_entity wordnetid="100001930" confidence="0.8"><architect wordnetid="109805475" confidence="0.8"><person wordnetid="100007846" confidence="0.8"><causal_agent wordnetid="100007347" confidence="0.8"><creator wordnetid="109614315" confidence="0.8"><link ns0:type="simple" ns0:href="../227/1040227.xml">peter morvil</link></creator></causal_agent></person></architect></physical_entity>book ambient findabl<ref ns0:type="simple" ns0:href="#xpointer(//reflist/entry[@id=%222%22])" />chapter defin the sociosemant web reli the pacelay ontolog taxonomi and folksonomi learn and adapt well teach and rememb are see increas use folksonomi the web and correspond decreas the use hierarch taxonomi morvil the recogn librarian and inform architect write ill take the ancient tree knowledg over the transient leav popular ani day<ref ns0:type="simple" ns0:href="#xpointer(//reflist/entry[@id=%223%22])" />there undoubtedli sceptic toward the widespread and bushfir like adopt folksonomi the sociosemant web may seen middl way between the topdown monolith taxonomi approach like the<web_site wordnetid="106359193" confidence="0.9508927676800064"><link ns0:type="simple" ns0:href="../563/3359563.xml">yahoo directori</link></web_site>and the more recent collabor tag folksonomi approach</p><p>the sociosemant web differ from the semant web that the semant web often regard system that will solv the epistem interoper issu have day while the semant web will provid way for busi interoper across domain the sociosemant web will enabl user share knowledg</p><p>morvil vagu definit the sociosemant web and not lay out ani propos model have identifi three possibl social approach for solv the problem user driven ontolog evolut for the semant web first user could creat folksonomi flat taxonomi with<link ns0:type="simple" ns0:href="../726/325726.xml">social network analysi</link>sna conjunct with autom parser the ontolog could extract from the tag and thi ontolog could enter into<link ns0:type="simple" ns0:href="../777/167777.xml">topic map</link><link>tmcl</link><ref ns0:type="simple" ns0:href="#xpointer(//reflist/entry[@id=%224%22])" /><format wordnetid="106636806" confidence="0.9508927676800064"><link ns0:type="simple" ns0:href="../847/53847.xml">rdf</link></format><link ns0:type="simple" ns0:href="../780/4577780.xml">owl</link>ontolog store secondli set ontolog engin ontologist could manual analyz the tag creat the user and use thi data creat more sound ontolog the third approach creat system for self govern where the user themselv creat the ontolog over time organ fashion all these approach could start out with empti ontolog seed manual with exist ontolog for exampl the<link ns0:type="simple" ns0:href="../955/33955.xml">wordnet</link>ontolog<ref ns0:type="simple" ns0:href="#xpointer(//reflist/entry[@id=%225%22])" /></p></sec><sec><st>exampl</st><p><list><entry level="1" type="bullet"><weblink ns0:type="simple" ns0:href="http://dbpedia.org">dbpedia</weblink>commun effort extract structur inform from<web_site wordnetid="106359193" confidence="0.9508927676800064"><link ns0:type="simple" ns0:href="../734/5043734.xml">wikipedia</link></web_site>and make thi inform avail the web<software wordnetid="106566077" confidence="0.9508927676800064"><link ns0:type="simple" ns0:href="../154/11865154.xml">dbpedia</link></software>allow you ask sophist queri against wikipedia and link other dataset the web wikipedia data</entry><entry level="1" type="bullet"><link ns0:type="simple" ns0:href="../869/7739869.xml">sioc</link>provid method for interconnect discuss method such<link ns0:type="simple" ns0:href="../645/33645.xml">blog</link>forum and<link ns0:type="simple" ns0:href="../483/52483.xml">mail list</link>each other consist the sioc<link ns0:type="simple" ns0:href="../261/22261.xml">ontolog</link>openstandard machin readabl format for express the inform contain both explicitli and implicitli internet discuss method sioc metadata produc for number popular blog platform and content manag system and storag and brows search system for leverag thi sioc data</entry><entry level="1" type="bullet"><weblink ns0:type="simple" ns0:href="http://www.stumpedia.com">stumpedia</weblink>social project and commun effort that reli human particip and<link ns0:type="simple" ns0:href="../913/1145913.xml">folksonomi</link>index organ and review the<link ns0:type="simple" ns0:href="../139/33139.xml">world wide web</link>the aim help build<link ns0:type="simple" ns0:href="../652/21652.xml">natur languag process</link>and the<work wordnetid="100575741" confidence="0.8"><event wordnetid="100029378" confidence="0.8"><service wordnetid="100577525" confidence="0.8"><act wordnetid="100030358" confidence="0.8"><psychological_feature wordnetid="100023100" confidence="0.8"><activity wordnetid="100407535" confidence="0.8"><link ns0:type="simple" ns0:href="../123/29123.xml">semant web</link></activity></psychological_feature></act></service></event></work></entry></list></p></sec><sec><st>refer</st><p><reflist><entry id="1"><link ns0:type="simple" ns0:href="../280/19627280.xml">tom gruber</link><weblink ns0:type="simple" ns0:href="http://tomgruber.org/writing/social-web-meets-semantic-web.pdf">where the social web meet the semant web</weblink>keynot present iswc the intern semant web confer novemb</entry><entry id="2"><cite style="font-style:normal" class="book"><physical_entity wordnetid="100001930" confidence="0.8"><architect wordnetid="109805475" confidence="0.8"><person wordnetid="100007846" confidence="0.8"><causal_agent wordnetid="100007347" confidence="0.8"><creator wordnetid="109614315" confidence="0.8"><link ns0:type="simple" ns0:href="../227/1040227.xml">peter morvil</link></creator></causal_agent></person></architect></physical_entity><link ns0:type="simple" ns0:href="../178/28178.xml">septemb</link><link ns0:type="simple" ns0:href="../984/35984.xml" />ambient findabl<company wordnetid="108058098" confidence="0.9508927676800064"><link ns0:type="simple" ns0:href="../827/216827.xml">oreilli media</link></company>isbn</cite></entry><entry id="3"><cite class="inline"><link ns0:type="simple" ns0:href="#xpointer(//cite[@id=%22CITEREF_Morville__2005%22])">morvil</link></cite></entry><entry id="4"><weblink ns0:type="simple" ns0:href="http://www.isotopicmaps.org/tmcl/">the topic map constraint languag</weblink></entry><entry id="5"><weblink ns0:type="simple" ns0:href="http://www.w3.org/2001/sw/BestPractices/WNET/wordnet-sw-20040713.html">wordnet rdf and owl</weblink></entry></reflist></p></sec><sec><st>extern link</st><p><list><entry level="1" type="bullet"><weblink ns0:type="simple" ns0:href="http://aksw.org/SocialSemanticWebConference">confer social semant web cssw</weblink></entry><entry level="1" type="bullet"><weblink ns0:type="simple" ns0:href="http://www.i-semantics.at">isemant introduc the social semant web</weblink></entry><entry level="1" type="bullet"><company wordnetid="108058098" confidence="0.9508927676800064"><link ns0:type="simple" ns0:href="../820/12728820.xml">metaweb</link></company>develop the onlin semant databas<link ns0:type="simple" ns0:href="../571/12730571.xml">freebas</link></entry><entry level="1" type="bullet"><company wordnetid="108058098" confidence="0.9508927676800064"><link ns0:type="simple" ns0:href="../278/12726278.xml">radar network</link></company>develop semant web applic for the gener public</entry><entry level="1" type="bullet"><weblink ns0:type="simple" ns0:href="http://blog.eturner.net/?p=22">mashup the middl bridg the gap the semant web</weblink></entry><entry level="1" type="bullet"><weblink ns0:type="simple" ns0:href="http://www.win.tue.nl/SW-EL/2006/camera-ready/02-bateman_brooks_mccalla_SWEL2006_final.pdf">collabor tag approach for ontolog metadata adapt elearn system pdf</weblink></entry><entry level="1" type="bullet"><weblink ns0:type="simple" ns0:href="http://zaher.tech-cico.fr/publi/zaher-et-al-setit-07-106.pdf">digit ident and manag identifi for sociosemant web</weblink></entry><entry level="1" type="bullet"><weblink ns0:type="simple" ns0:href="http://arantxa.ii.uam.es/~rcarro/AHCW04/Lewkowicz.pdf">webbas annot system for improv cooper care network</weblink></entry></list></p></sec></bdy></article>