<article xmlns:ns0="http://www.w3.org/1999/xlink"><accomplishment confidence="0.8" wordnetid="100035189"><event confidence="0.8" wordnetid="100029378"><action confidence="0.8" wordnetid="100037396"><act confidence="0.8" wordnetid="100030358"><psychological_feature confidence="0.8" wordnetid="100023100"><feat confidence="0.8" wordnetid="100036762"><header><title>evil twin wireless network</title><id /><revision><id /><timestamp /><contributor><username>brookmil</username><id /></contributor></revision><categories><category /></categories></header><bdy>for other use see<link ns0:type="simple" ns0:href="../715/12954715.xml">evil twin disambigu</link>evil twin term for rogu<link ns0:type="simple" ns0:href="../973/63973.xml">wifi</link>access point that appear legitim one offer the premis but actual been set hacker eavesdrop wireless commun among internet surfer<ref ns0:type="simple" ns0:href="#xpointer(//reflist/entry[@id=%221%22])" /><p>thi type evil twin attack may use hacker steal the password unsuspect user either snoop the commun link phish which involv set fraudul web site and lure peopl there<ref ns0:type="simple" ns0:href="#xpointer(//reflist/entry[@id=%222%22])" /></p><p>rogu wifi connect can set laptop with bit simpl program and wireless card that act access point the access point are hard trace sinc they can suddenli shut off and are easi build hacker can make their own wireless network that appear legitim simpli give their access point similar name the wifi network the premis sinc the hacker may physic closer the victim than the real access point their signal will stronger potenti draw more victim the hacker comput can configur pass the person through the legitim access point while monitor the traffic the victim can simpli say the system temporarili unavail after obtain user and password<ref ns0:type="simple" ns0:href="#xpointer(//reflist/entry[@id=%223%22])" /></p><p>sever free program avail the internet can decod packet reveal cleartext login and password use evil twin attack hacker abl harvest web applic such email that could send password clear text</p><p>one way that corpor user can protect themselv from evil twin attack use vpn<link ns0:type="simple" ns0:href="../130/147130.xml">virtual privat network</link>when log into compani server they should not send sensit inform such bank account inform corpor user and password over wireless network<ref ns0:type="simple" ns0:href="#xpointer(//reflist/entry[@id=%224%22])" /></p><p>hacker typic setup evil twin attack near free hotspot such airport cafe hotel librari<ref ns0:type="simple" ns0:href="#xpointer(//reflist/entry[@id=%225%22])" /></p><p /><sec><st>refer</st><p><reflist><entry id="1">strang wifi spot may harbor hacker thiev may lurk behind hot spot with friendli name andrew smith the dalla morn news knight ridder tribun busi news washington may sourc type wire feed proquest document text word count document url<weblink ns0:type="simple" ns0:href="http://proquest.umi.com/pqdweb?did=1267536891 sid=1 Fmt=3 clientId=76566 RQT=309 VName=PQD">httpproquestumicompqdwebdid sid fmt clientid rqt vnamepqd</weblink>subscript retriev june</entry><entry id="2">secur watch daniel wolf american banker new york feb vol iss secur firm use evil twin test obtain password from attende rsa secur confer sourc type newspap issn proquest document text word count document url<weblink ns0:type="simple" ns0:href="http://proquest.umi.com/pqdweb?did=1219496681 sid=1 Fmt=3 clientId=76566 RQT=309 VName=PQD">httpproquestumicompqdwebdid sid fmt clientid rqt vnamepqd</weblink>subscript retriev june</entry><entry id="3">comput column craig crossman knight ridder tribun busi news washington aug sourc type wire feed proquest document text word count document url<weblink ns0:type="simple" ns0:href="http://proquest.umi.com/pqdweb?did=886418531 sid=1 Fmt=3 clientId=76566 RQT=309 VName=PQD">httpproquestumicompqdwebdid sid fmt clientid rqt vnamepqd</weblink>subscript retriev june</entry><entry id="4">attorney gener madigan warn comput user about evil twin attack wireless hotspot fed news servic includ state news washington jan news releas illinoi attorney gener sourc type wire feed proquest document text word count document url<weblink ns0:type="simple" ns0:href="http://proquest.umi.com/pqdweb?did=975720601 sid=1 Fmt=3 clientId=76566 RQT=309 VName=PQD">httpproquestumicompqdwebdid sid fmt clientid rqt vnamepqd</weblink>subscript retriev june</entry><entry id="5">access without authentif how and whi let anyon surf our wirelessdonna watkin comput librari westport mar vol iss sourc type period issn proquest document text word count document url<weblink ns0:type="simple" ns0:href="http://proquest.umi.com/pqdweb?did=1000365471 sid=1 Fmt=4 clientId=76566 RQT=309 VName=PQD">httpproquestumicompqdwebdid sid fmt clientid rqt vnamepqd</weblink>subscript retriev june</entry></reflist><list><entry level="1" type="bullet">jeremi kirk evil twin hotspot prolifer idg news servic apr</entry></list></p></sec><sec><st>relat</st><p><list><entry level="1" type="bullet"><weblink ns0:type="simple" ns0:href="http://fr3dc3rv.blogspot.com/2007/04/evil-twin.html">frdcrv evil twin paper</weblink></entry><entry level="1" type="bullet"><weblink ns0:type="simple" ns0:href="http://airsnarf.shmoo.com/">airsnarf</weblink></entry></list></p></sec></bdy></feat></psychological_feature></act></action></event></accomplishment></article>