<article xmlns:ns0="http://www.w3.org/1999/xlink"><physical_entity confidence="0.8" wordnetid="100001930"><automaton confidence="0.8" wordnetid="109825519"><person confidence="0.8" wordnetid="100007846"><causal_agent confidence="0.8" wordnetid="100007347"><anomaly confidence="0.8" wordnetid="109606527"><header><title>hashlif</title><id /><revision><id /><timestamp /><contributor><username>lightbot</username><id /></contributor></revision><categories><category>cellular automata</category></categories></header><bdy>hashlif<link ns0:type="simple" ns0:href="../775/775.xml">algorithm</link>for comput the longterm fate given start configur<link ns0:type="simple" ns0:href="../342/54342.xml">variou life rule</link>the algorithm invent<person wordnetid="100007846" confidence="0.9508927676800064"><programmer wordnetid="110481268" confidence="0.9173553029164789"><link ns0:type="simple" ns0:href="../528/505528.xml">bill gosper</link></programmer></person>the earli while engag research the<link ns0:type="simple" ns0:href="../164/34164.xml">xerox</link><village wordnetid="108672738" confidence="0.9508927676800064"><link ns0:type="simple" ns0:href="../445/53445.xml">palo alto</link></village>research center hashlif origin implement<computer wordnetid="103082979" confidence="0.8"><artifact wordnetid="100021939" confidence="0.8"><instrumentality wordnetid="103575240" confidence="0.8"><company wordnetid="108058098" confidence="0.8"><device wordnetid="103183080" confidence="0.8"><machine wordnetid="103699975" confidence="0.8"><digital_computer wordnetid="103196324" confidence="0.8"><workstation wordnetid="104603399" confidence="0.8"><institution wordnetid="108053576" confidence="0.8"><link ns0:type="simple" ns0:href="../195/28195.xml">symbol</link></institution></workstation></digital_computer></machine></device></company></instrumentality></artifact></computer><computer wordnetid="103082979" confidence="0.8"><artifact wordnetid="100021939" confidence="0.8"><instrumentality wordnetid="103575240" confidence="0.8"><device wordnetid="103183080" confidence="0.8"><machine wordnetid="103699975" confidence="0.8"><digital_computer wordnetid="103196324" confidence="0.8"><workstation wordnetid="104603399" confidence="0.8"><link ns0:type="simple" ns0:href="../123/18123.xml">lisp machin</link></workstation></digital_computer></machine></device></instrumentality></artifact></computer>with the aid the<link ns0:type="simple" ns0:href="../640/1332640.xml">flavor</link>extens<sec><st>hashlif</st><p>hashlif design exploit larg amount spatial and tempor<link ns0:type="simple" ns0:href="../582/1953582.xml">redund</link>most life rule for exampl<idea wordnetid="105833840" confidence="0.8"><concept wordnetid="105835747" confidence="0.8"><rule wordnetid="105846054" confidence="0.8"><link ns0:type="simple" ns0:href="../035/37035.xml">conway life</link></rule></concept></idea>the maximum densiti live cell region onli and mani seemingli random pattern end collect simpl<link ns0:type="simple" ns0:href="../362/3132362.xml">still life</link>and<link ns0:type="simple" ns0:href="../941/1001941.xml">oscil</link></p><ss1><st>represent</st><p>the field typic treat theoret<link ns0:type="simple" ns0:href="../455/15455.xml">infinit</link>grid with the<link>pattern</link>question center near the<link ns0:type="simple" ns0:href="../432/1313432.xml">origin</link><link ns0:type="simple" ns0:href="../097/577097.xml">quadtre</link>use repres the field updat oper take the squar cell side the kth level the tree and comput the next gener the kbyk squar cell the center</p></ss1><ss1><st>hash</st><p>while quadtre trivial far more<link ns0:type="simple" ns0:href="../671/2554671.xml">overhead</link>than other simpler represent such use<link ns0:type="simple" ns0:href="../728/19008728.xml">matrix</link><link ns0:type="simple" ns0:href="../364/3364.xml">bit</link>allow for variou optim the name suggest use<link ns0:type="simple" ns0:href="../833/13833.xml">hash tabl</link>store the node the quadtre mani subpattern the tree are usual ident each other for exampl the pattern studi may contain mani copi the same<link ns0:type="simple" ns0:href="../233/796233.xml">spaceship</link>even larg swath empti space these subpattern will all<link ns0:type="simple" ns0:href="../790/13790.xml">hash</link>the same posit the hash tabl and thu mani copi the same subpattern can store use the same hash tabl entri addit these subpattern onli need evalu onc not onc per copi other life algorithm</p><p>thi itself lead signific improv resourc requir for exampl gener the variou<link>breeder</link>and<link>spacefil</link>which grow<link ns0:type="simple" ns0:href="../000/23000.xml">polynomi</link>speed can evalu hashlif use<link ns0:type="simple" ns0:href="../300/4001300.xml">logarithm</link>space and time</p></ss1><ss1><st>superspe and cach</st><p>further speedup for mani pattern can further achiev evolv differ node differ speed for exampl one could comput twice the number gener forward for node the kth level compar one the kth for spars repetit pattern such the classic<link ns0:type="simple" ns0:href="../984/1158984.xml">glider gun</link>thi can result tremend speedup paradox allow one comput bigger pattern higher gener faster sometim<link ns0:type="simple" ns0:href="../933/191933.xml">exponenti</link>take full advantag thi featur subpattern from past gener should<link ns0:type="simple" ns0:href="../829/6829.xml">save</link>well</p><p>sinc differ pattern are allow run differ speed some implement like gosper own hlife program not have interact display but simpli comput preset end result for start pattern usual run from the<link ns0:type="simple" ns0:href="../707/6707.xml">command line</link>more recent program such golli howev have graphic interfac that can driven hashlifebas engin</p><p>the typic behavior hashlif program conduc pattern follow first the algorithm run slower compar other algorithm becaus the constant overhead associ with<link ns0:type="simple" ns0:href="../790/13790.xml">hash</link>and build the<link ns0:type="simple" ns0:href="../097/577097.xml">tree</link>but later enough data will gather and speed will increas tremend the rapid increas speed often describ<link ns0:type="simple" ns0:href="../933/191933.xml">explod</link></p></ss1></sec><sec><st>drawback</st><p>hashlif can consum significantli more<link ns0:type="simple" ns0:href="../847/25847.xml">memori</link>than other algorithm especi moderates pattern with lot entropi which contain subpattern poorli align the bound the quadtre node poweroftwo size the cach vulner compon can also consum more time than other algorithm these pattern golli among other life simul have option for toggl between hashlif and convent algorithm</p><p>hashlif also significantli more complex<link ns0:type="simple" ns0:href="../311/5311.xml">implement</link>for exampl need dedic<link ns0:type="simple" ns0:href="../734/6734.xml">garbag collector</link>remov unus node from the cach while amateur programm might abl write simpl life player over afternoon few hashlif implement exist</p></sec><sec><st>see also</st><p><list><entry level="1" type="bullet"><idea wordnetid="105833840" confidence="0.8"><concept wordnetid="105835747" confidence="0.8"><rule wordnetid="105846054" confidence="0.8"><link ns0:type="simple" ns0:href="../035/37035.xml">conway game life</link></rule></concept></idea></entry><entry level="1" type="bullet"><link ns0:type="simple" ns0:href="../779/225779.xml">optim</link></entry><entry level="1" type="bullet"><link ns0:type="simple" ns0:href="../375/468375.xml">function data structur</link>which the hash quadtre one</entry></list></p></sec><sec><st>refer</st><p><list><entry level="1" type="bullet">exploit regular larg cellular space bill gosper from volum physica nonlinear phenomena</entry></list></p></sec><sec><st>extern link</st><p><list><entry level="1" type="bullet"><weblink ns0:type="simple" ns0:href="http://www.ericweisstein.com/encyclopedias/life/HashLife.html">hashlif from eric weisstein treasur trove life</weblink></entry><entry level="1" type="bullet"><weblink ns0:type="simple" ns0:href="http://tomas.rokicki.com/hlife/">toma rokicki implement hashlif</weblink></entry><entry level="2" type="bullet"><weblink ns0:type="simple" ns0:href="http://golly.sourceforge.net/">golli</weblink>crossplatform windowslinuxmac successor program</entry><entry level="1" type="bullet"><weblink ns0:type="simple" ns0:href="http://www.argentum.freeserve.co.uk/lex_h.htm#hashlife">entri</weblink>the<weblink ns0:type="simple" ns0:href="http://www.argentum.freeserve.co.uk/lex_home.htm">life lexicon</weblink></entry><entry level="1" type="bullet"><weblink ns0:type="simple" ns0:href="http://www.ddj.com/dept/ai/184406478">explan the algorithm</weblink>from<link ns0:type="simple" ns0:href="../768/173768.xml">dobb journal</link></entry></list></p></sec></bdy></anomaly></causal_agent></person></automaton></physical_entity></article>