<article xmlns:ns0="http://www.w3.org/1999/xlink"><header><title>bien logic</title><id /><revision><id /><timestamp /><contributor><username>gych</username><id /></contributor></revision><categories><category>inform technolog manag</category></categories></header><bdy>bien logic inc one the first interact market agenc base<link ns0:type="simple" ns0:href="../504/28504.xml">san diego</link><country wordnetid="108544813" confidence="0.9508927676800064"><link ns0:type="simple" ns0:href="../407/5407.xml">california</link></country>the mid also the largest such compani pioneer sever innov web develop and internet softwar industri throughout the year over profession work bien logic san diego orang counti and angel mani these design programm account and sale execut manag went start other compani that continu exist and thrive today especi sitelab and netric<sec><st>earli year</st><p>bien logic found februari<link ns0:type="simple" ns0:href="../598/34598.xml" />freder bien collabor with michel delori georg geller and dina tsouka peter yianilo the first angel investor the compani the initi plan creat<link ns0:type="simple" ns0:href="../786/290786.xml">educ softwar</link>for handheld<link ns0:type="simple" ns0:href="../814/192814.xml">digit book</link>and<link ns0:type="simple" ns0:href="../304/23304.xml">person digit assist</link>bien logic deliv two prototyp product matchcoach for<company wordnetid="108058098" confidence="0.8"><subsidiary_company wordnetid="108003935" confidence="0.8"><institution wordnetid="108053576" confidence="0.8"><link ns0:type="simple" ns0:href="../882/1001882.xml">simon schuster</link></institution></subsidiary_company></company>and<company wordnetid="108058098" confidence="0.8"><institution wordnetid="108053576" confidence="0.8"><link ns0:type="simple" ns0:href="../103/1115103.xml">franklin electron publish</link></institution></company>ebook<weblink ns0:type="simple" ns0:href="http://www.franklin.com">httpwwwfranklincom</weblink>and spanishcoach for<physical_entity wordnetid="100001930" confidence="0.8"><person wordnetid="100007846" confidence="0.8"><assistant wordnetid="109815790" confidence="0.8"><worker wordnetid="109632518" confidence="0.8"><causal_agent wordnetid="100007347" confidence="0.8"><link ns0:type="simple" ns0:href="../887/887.xml">appl newton</link></causal_agent></worker></assistant></person></physical_entity><weblink ns0:type="simple" ns0:href="http://www.apple.com">httpwwwapplecom</weblink>face with the low consum adopt these earli<link ns0:type="simple" ns0:href="../814/192814.xml">digit book</link>bien logic chang direct<link ns0:type="simple" ns0:href="../337/18948337.xml" />and start develop<link ns0:type="simple" ns0:href="../898/33898.xml">websit</link>and interact market program for variou client</p></sec><sec><st>web develop</st><p>first commerci success the launch the<link ns0:type="simple" ns0:href="../898/33898.xml">websit</link>for univers town center then call shoputccom see now<weblink ns0:type="simple" ns0:href="http://westfield.com/utc/">differ site</weblink>thi websit inaugur may<link ns0:type="simple" ns0:href="../658/34658.xml" /><link ns0:type="simple" ns0:href="../504/28504.xml">san diego</link>thenmayor<mayor wordnetid="110303814" confidence="0.9508927676800064"><link ns0:type="simple" ns0:href="../237/3277237.xml">susan gold</link></mayor>who call the largest expans histori for thi major shop center stage<physical_entity wordnetid="100001930" confidence="0.8"><disputant wordnetid="109615465" confidence="0.8"><person wordnetid="100007846" confidence="0.8"><environmentalist wordnetid="110060621" confidence="0.8"><reformer wordnetid="110515194" confidence="0.8"><biologist wordnetid="109855630" confidence="0.8"><causal_agent wordnetid="100007347" confidence="0.8"><scientist wordnetid="110560637" confidence="0.8"><zoologist wordnetid="110806222" confidence="0.8"><link>joan emberi</link></zoologist></scientist></causal_agent></biologist></reformer></environmentalist></person></disputant></physical_entity><weblink ns0:type="simple" ns0:href="http://www.joanembery.com">httpwwwjoanemberycom</weblink>who then host popular show about anim hold parrot her hand which press the enter key comput keyboard and pull the utc home page for the first time the web thi project won the award for best overal market campaign for shop center over million squar feet from the intern council shop center icsc staci armstrong receiv the award for utc</p><p>follow shoputccom were number noteworthi websit for<musical_organization wordnetid="108246613" confidence="0.8"><group wordnetid="100031264" confidence="0.8"><link ns0:type="simple" ns0:href="../852/5068852.xml">pearl jam</link></group></musical_organization>rock band<law_firm wordnetid="108064039" confidence="0.9508927676800064"><link ns0:type="simple" ns0:href="../019/1019019.xml">baker mckenzi</link></law_firm>law firm and first virtual hold emailbas secur onlin payment system bien logic initi key staff were<link>ucsd</link>student and friend uyen nguyen marc northov mike zeman talent teresa shaw and the unstopp bob adam later join execut kevin mcdermott mgt charl gillespi propos jack abbott sale bien logic establish welldefin step process design produc and launch websit and interact market campaign thi process the core commerci success</p><p>the firm continu grow develop larger project for<firm wordnetid="108059870" confidence="0.8"><enterprise wordnetid="108056231" confidence="0.8"><business wordnetid="108061042" confidence="0.8"><link>trizechahn compani</link></business></enterprise></firm>shop center<menagerie wordnetid="103745146" confidence="0.9508927676800064"><link ns0:type="simple" ns0:href="../392/317392.xml">san diego zoo</link></menagerie><company wordnetid="108058098" confidence="0.9508927676800064"><link ns0:type="simple" ns0:href="../442/4047442.xml">sempra energi</link></company>then call sdg<company wordnetid="108058098" confidence="0.9508927676800064"><link ns0:type="simple" ns0:href="../157/18157.xml">lucent technolog</link></company><company wordnetid="108058098" confidence="0.9508927676800064"><link>saturn car</link></company><link>californiamart</link><weblink ns0:type="simple" ns0:href="http://www.procopio.com">procopio</weblink>law firm<weblink ns0:type="simple" ns0:href="http://www.avocado.org">california avocado commiss</weblink><weblink ns0:type="simple" ns0:href="http://www.apparelnews.com">apparel news</weblink>for mnm publish and mani other</p><p>meanwhil addit peopl join the compani includ marlen matheson sale dana todd and joe eibert account exec lane sharman cto victor spindler creativ director<weblink ns0:type="simple" ns0:href="http://internetideals.com/">httpinternetidealscom</weblink>victoria battison becki savel editori marc koob and adrian stewart mgt troy troxler project mgr and other import peopl</p></sec><sec><st>traffic analysi softwar</st><p>bien logic develop and market<weblink ns0:type="simple" ns0:href="http://www.accessmylibrary.com/comsite5/bin/pdinventory.pl?pdlanding=1 referid=2930 purchase_type=ITM item_id=0286-9382504">referid</weblink>two softwar applic that were among the first commercialgrad<link>web traffic analyz</link><list><entry level="1" type="bullet">surfreport<weblink ns0:type="simple" ns0:href="http://findarticles.com/p/articles/mi_m0EIN/is_1997_March_12/ai_19198294" />devt led rick mcgilli and michel delori base graphic routin from matchcoach and</entry><entry level="1" type="bullet">proxyreport<weblink ns0:type="simple" ns0:href="http://www.careerknowhow.com/surfing.htm" />devt michel delori</entry></list></p><p>besid gener<link>web traffic</link>report surfreport<link ns0:type="simple" ns0:href="../636/34636.xml" />provid innov and strateg market inform name list keyword search web user<link ns0:type="simple" ns0:href="../023/4059023.xml">search engin</link>that had led these user visit the websit where surfreport instal that time major search engin were<company wordnetid="108058098" confidence="0.9508927676800064"><link ns0:type="simple" ns0:href="../979/21979.xml">netscap</link></company><link ns0:type="simple" ns0:href="../213/188213.xml">yahoo</link><link ns0:type="simple" ns0:href="../024/366024.xml">altavista</link><link ns0:type="simple" ns0:href="../513/1101513.xml">infoseek</link>and<web_site wordnetid="106359193" confidence="0.9508927676800064"><link ns0:type="simple" ns0:href="../846/536846.xml">excit</link></web_site>and none them offer buy keyword yet<link ns0:type="simple" ns0:href="../601/34601.xml" />surfreport the first web traffic analyz abl analyz over gygabyt data less than hour use<company wordnetid="108058098" confidence="0.9508927676800064"><link ns0:type="simple" ns0:href="../979/21979.xml">netscap</link></company><weblink ns0:type="simple" ns0:href="http://www.netscape.com">httpwwwnetscapecom</weblink>analyz some log file which were among the largest the time freder bien michel delori and rick mcgilli contribut articl about<link ns0:type="simple" ns0:href="../065/27065.xml">standard</link><link ns0:type="simple" ns0:href="../455/33455.xml">web server</link><link>log file</link>and analysi their content<weblink ns0:type="simple" ns0:href="http://www.drdobbs.com/dept/architect/184410090" />correct date thi articl<link>oracl</link>market surfreport for network comput architectur<weblink ns0:type="simple" ns0:href="http://findarticles.com/p/articles/mi_m0EIN/is_1997_March_12/ai_19198294" />john logan softwar sale manag</p></sec><sec><st>web publish</st><p>addit bien logic develop and publish origin websit that continu today<list><entry level="1" type="bullet">one the veri first onlin date site<weblink ns0:type="simple" ns0:href="http://www.flirt.com">flirtcom</weblink>launch februari<link ns0:type="simple" ns0:href="../658/34658.xml" />expand simpl<link ns0:type="simple" ns0:href="../063/34063.xml">webpag</link>name flirt onlin dec</entry><entry level="1" type="bullet">web directori<weblink ns0:type="simple" ns0:href="http://www.planetearth.net">planet earth page</weblink>origin start richard bocher the<link>san diego navi</link><link ns0:type="simple" ns0:href="../337/18948337.xml" />the most visit websit the internet accord wire magazin rank</entry></list></p></sec><sec><st>other team member</st><p>addit angel investor the compani were lenni and julia baum and sandor strau<weblink ns0:type="simple" ns0:href="http://www.firedoll.org/firedoll_about.html" />jacob reinbolt<weblink ns0:type="simple" ns0:href="http://procopio.com/profiles/attorney_detail.cfm?id=190" />gener counsel and becam prolif writer the subject intellectu properti protect the internet ken king cfo nazanin berenjian control and eric boldt tax handl bien logic financ</p></sec><sec><st>compani sale sitelab and netric</st><p>bien logic sold the end form<weblink ns0:type="simple" ns0:href="http://www.sitelab.com/Interactive_Web_Agency/index_seo_web_developer.html">sitelab llc</weblink>and<weblink ns0:type="simple" ns0:href="http://www.netrics.com/">netric inc</weblink>sitelab now top interact agenc<weblink ns0:type="simple" ns0:href="http://www.sitelab.com/Interactive_Web_Agency/Online_Marketing_Releases/pr_sitelab_top50_agencies.asp" />led former bien logic employe marlen matheson<weblink ns0:type="simple" ns0:href="http://sitelab.com/Interactive_Web_Agency/sli_team_web_development.html" />dana todd presid board<link ns0:type="simple" ns0:href="../347/4739347.xml">sempo</link><weblink ns0:type="simple" ns0:href="http://www.searchenginestrategies.com/sew/chicago06/dtodd.html" />and mike zeman netric innov compani<weblink ns0:type="simple" ns0:href="http://www.netrics.com/news_article.psp?newsID=6" />provid highend and intellig search solut for enterpris databas peter yianilo now chairman netric<weblink ns0:type="simple" ns0:href="http://www.netrics.com/index.php/Management/Management.html" /></p></sec></bdy></article>