<article xmlns:ns0="http://www.w3.org/1999/xlink"><entity confidence="0.9511911446218017" wordnetid="100001740"><header><title>strong pseudoprim</title><id /><revision><id /><timestamp /><contributor><username>david cook</username><id /></contributor></revision><categories><category>pseudoprim</category></categories></header><bdy><link ns0:type="simple" ns0:href="../527/21527.xml">number theori</link>strong pseudoprim<link ns0:type="simple" ns0:href="../289/82289.xml">composit number</link>that pass pseudoprim test all prime pass thi test but small fraction composit pass well make them<link ns0:type="simple" ns0:href="../891/45891.xml">fals prime</link>unlik the<link ns0:type="simple" ns0:href="../891/45891.xml">fermat pseudoprim</link>for which there exist number that are<link ns0:type="simple" ns0:href="../891/45891.xml">pseudoprim</link>all base the<link ns0:type="simple" ns0:href="../723/7723.xml">carmichael number</link>there are composit that are strong pseudoprim all base<sec><st>formal definit</st><p>formal composit number call strong pseudoprim<link ns0:type="simple" ns0:href="../556/6556.xml">rel prime</link>base<link ns0:type="simple" ns0:href="../922/14922.xml">iff</link>one the follow condit hold</p><p><indent level="1"><math>adequiv mod</math></indent><indent level="1"><math>adcdot requiv mod nquadmbox for some leq rleq</math></indent>the definit strong pseudoprim depend the base use differ base have differ strong pseudoprim</p><p>should note howev that<physical_entity wordnetid="100001930" confidence="0.8"><person wordnetid="100007846" confidence="0.8"><causal_agent wordnetid="100007347" confidence="0.8"><scientist wordnetid="110560637" confidence="0.8"><mathematician wordnetid="110301261" confidence="0.8"><link ns0:type="simple" ns0:href="../308/816308.xml">guy</link></mathematician></scientist></causal_agent></person></physical_entity>use definit with onli the first condit<ref ns0:type="simple" ns0:href="#xpointer(//reflist/entry[@id=%221%22])" />becaus not all prime pass that condit thi definit strong pseudoprim resembl the prime less close</p></sec><sec><st>properti strong pseudoprim</st><p>strong pseudoprim base alway<link ns0:type="simple" ns0:href="../261/225261.xml">euler pseudoprim</link><ref ns0:type="simple" ns0:href="#xpointer(//reflist/entry[@id=%222%22])" />and<link ns0:type="simple" ns0:href="../891/45891.xml">fermat pseudoprim</link>that base but not all euler and fermat pseudoprim are strong pseudoprim some<series wordnetid="108457976" confidence="0.8"><arrangement wordnetid="107938773" confidence="0.8"><sequence wordnetid="108459252" confidence="0.8"><ordering wordnetid="108456993" confidence="0.8"><group wordnetid="100031264" confidence="0.8"><link ns0:type="simple" ns0:href="../723/7723.xml">carmichael number</link></group></ordering></sequence></arrangement></series>are also strong pseudoprim</p><p>composit number strong pseudoprim most one quarter all base below<ref ns0:type="simple" ns0:href="#xpointer(//reflist/entry[@id=%223%22])" /><ref ns0:type="simple" ns0:href="#xpointer(//reflist/entry[@id=%224%22])" />thu there are strong carmichael number number that are strong pseudoprim all base thu given random base the probabl that number strong pseudoprim that base less than form the basi the widelyus<region wordnetid="108630985" confidence="0.8"><process wordnetid="105701363" confidence="0.8"><field wordnetid="108569998" confidence="0.8"><inquiry wordnetid="105797597" confidence="0.8"><thinking wordnetid="105770926" confidence="0.8"><location wordnetid="100027167" confidence="0.8"><tract wordnetid="108673395" confidence="0.8"><problem_solving wordnetid="105796750" confidence="0.8"><experiment wordnetid="105798043" confidence="0.8"><geographical_area wordnetid="108574314" confidence="0.8"><trial wordnetid="105799212" confidence="0.8"><higher_cognitive_process wordnetid="105770664" confidence="0.8"><link ns0:type="simple" ns0:href="../999/188999.xml">millerrabin primal test</link></higher_cognitive_process></trial></geographical_area></experiment></problem_solving></tract></location></thinking></inquiry></field></process></region>howev there are still infinit mani strong pseudoprim ani base<ref ns0:type="simple" ns0:href="#xpointer(//reflist/entry[@id=%222%22])" /></p></sec><sec><st>exampl</st><p>the first strong pseudoprim base are<indent level="1">sequenc<weblink ns0:type="simple" ns0:href="http://www.research.att.com/cgi-bin/access.cgi/as/njas/sequences/eisA.cgi?Anum=A001262" /><series wordnetid="108457976" confidence="0.8"><arrangement wordnetid="107938773" confidence="0.8"><sequence wordnetid="108459252" confidence="0.8"><ordering wordnetid="108456993" confidence="0.8"><group wordnetid="100031264" confidence="0.8"><link ns0:type="simple" ns0:href="../004/500004.xml">oei</link></group></ordering></sequence></arrangement></series></indent>the first base are<indent level="1"><weblink ns0:type="simple" ns0:href="http://www.research.att.com/cgi-bin/access.cgi/as/njas/sequences/eisA.cgi?Anum=A020229" /></indent>the first base are<indent level="1"><weblink ns0:type="simple" ns0:href="http://www.research.att.com/cgi-bin/access.cgi/as/njas/sequences/eisA.cgi?Anum=A020231" /></indent></p></sec><sec><st>refer</st><p><reflist><entry id="1"><physical_entity wordnetid="100001930" confidence="0.8"><person wordnetid="100007846" confidence="0.8"><causal_agent wordnetid="100007347" confidence="0.8"><scientist wordnetid="110560637" confidence="0.8"><mathematician wordnetid="110301261" confidence="0.8"><link ns0:type="simple" ns0:href="../308/816308.xml">guy</link></mathematician></scientist></causal_agent></person></physical_entity>pseudoprim euler pseudoprim strong pseudoprim unsolv problem number theori new york springerverlag</entry><entry id="2"><physical_entity wordnetid="100001930" confidence="0.8"><person wordnetid="100007846" confidence="0.8"><causal_agent wordnetid="100007347" confidence="0.8"><scientist wordnetid="110560637" confidence="0.8"><mathematician wordnetid="110301261" confidence="0.8"><link ns0:type="simple" ns0:href="../159/2134159.xml">pomer</link></mathematician></scientist></causal_agent></person></physical_entity><physical_entity wordnetid="100001930" confidence="0.8"><person wordnetid="100007846" confidence="0.8"><causal_agent wordnetid="100007347" confidence="0.8"><scientist wordnetid="110560637" confidence="0.8"><mathematician wordnetid="110301261" confidence="0.8"><link ns0:type="simple" ns0:href="../084/995084.xml">selfridg</link></mathematician></scientist></causal_agent></person></physical_entity>and<physical_entity wordnetid="100001930" confidence="0.8"><person wordnetid="100007846" confidence="0.8"><intellectual wordnetid="109621545" confidence="0.8"><alumnus wordnetid="109786338" confidence="0.8"><causal_agent wordnetid="100007347" confidence="0.8"><scholar wordnetid="110557854" confidence="0.8"><link ns0:type="simple" ns0:href="../685/1583685.xml">wagstaff</link></scholar></causal_agent></alumnus></intellectual></person></physical_entity>the pseudoprim mathemat comput</entry><entry id="3"><physical_entity wordnetid="100001930" confidence="0.8"><person wordnetid="100007846" confidence="0.8"><worker wordnetid="109632518" confidence="0.8"><causal_agent wordnetid="100007347" confidence="0.8"><employee wordnetid="110053808" confidence="0.8"><link ns0:type="simple" ns0:href="../930/2468930.xml">monier</link></employee></causal_agent></worker></person></physical_entity>evalu and comparison two effici probabilist primal test algorithm theoret comput scienc</entry><entry id="4"><person wordnetid="100007846" confidence="0.9508927676800064"><scientist wordnetid="110560637" confidence="0.9508927676800064"><link ns0:type="simple" ns0:href="../404/298404.xml">rabin</link></scientist></person>probabilist algorithm for test primal journal number theori</entry></reflist></p></sec></bdy></entity></article>