<article xmlns:ns0="http://www.w3.org/1999/xlink"><cricketer confidence="0.9508927676800064" wordnetid="109977326"><header><title>akash chopra</title><id /><revision><id /><timestamp /><contributor><username>jpeel</username><id /></contributor></revision><categories><category>delhi cricket</category><category>live peopl</category><category>north zone cricket</category><category>peopl from agra</category><category>kolkata cricket</category><category>indian test cricket</category><category>birth</category></categories></header><bdy><template><name>infobox histor cricket</name><parameters><test_catches_stumpings /><last_year /><FC_top_score /><test_bat_avg /><bowling_style>rightarm medium</bowling_style><country_abbrev>ind</country_abbrev><debut_year /><tests /><FC_wickets /><last_date>octob</last_date><FC_catches_stumpings /><FC_best_bowling /><name>akash chopra</name><test_balls /><test_wickets /><test_runs /><test_bowl_avg /><FC_5s /><FC_balls /><test_best_bowling /><FC_runs /><batting_style>righthand batsman rhb</batting_style><FCs /><FC_bat_avg /><FC_100s_50s /><FC_bowl_avg /><country>india</country><picture>cricket picpng</picture><test_5s /><test_10s /><nationality>indian</nationality><flag>flag indiasvg</flag><source>cricinfo</source><test_top_score /><FC_10s /><debut_date>octob</debut_date><test_100s_50s /></parameters></template><p>akash chopra<image width="150px" src="Akash_Chopra.ogg"><caption>info</caption></image>born<link ns0:type="simple" ns0:href="../147/28147.xml">septemb</link><link ns0:type="simple" ns0:href="../549/34549.xml" /><site wordnetid="108651247" confidence="0.8"><region wordnetid="108630985" confidence="0.8"><administrative_district wordnetid="108491826" confidence="0.8"><village wordnetid="108672738" confidence="0.8"><location wordnetid="100027167" confidence="0.8"><tract wordnetid="108673395" confidence="0.8"><municipality wordnetid="108626283" confidence="0.8"><settlement wordnetid="108672562" confidence="0.8"><geographical_area wordnetid="108574314" confidence="0.8"><district wordnetid="108552138" confidence="0.8"><urban_area wordnetid="108675967" confidence="0.8"><city wordnetid="108524735" confidence="0.8"><link ns0:type="simple" ns0:href="../275/356275.xml">agra</link></city></urban_area></district></geographical_area></settlement></municipality></tract></location></village></administrative_district></region></site><legal_power wordnetid="105198427" confidence="0.9508927676800064"><link ns0:type="simple" ns0:href="../623/231623.xml">uttar pradesh</link></legal_power><country wordnetid="108544813" confidence="0.9508927676800064"><link ns0:type="simple" ns0:href="../533/14533.xml">india</link></country><link ns0:type="simple" ns0:href="../806/39806.xml">cricket</link>who play for the<link ns0:type="simple" ns0:href="../754/407754.xml">indian cricket team</link>from late until late defens open batsman and close catcher<link ns0:type="simple" ns0:href="../863/30863.xml">test match</link>who evok comparison with<cricketer wordnetid="109977326" confidence="0.9508927676800064"><link ns0:type="simple" ns0:href="../891/2174891.xml">eknath solkar</link></cricketer>note for calm demeanour and jovial approach cricket<ref ns0:type="simple" ns0:href="#xpointer(//reflist/entry[@id=%221%22])" /></p><sec><st>earli year</st><p>classic style open batsman chopra known more for solid techniqu and defenc than for flamboy strokeplay typic tri wait for the new ball lose shine rather than hit the shine off the ball open state team<team wordnetid="108208560" confidence="0.8"><link ns0:type="simple" ns0:href="../356/3767356.xml">delhi</link></team>chopra made domest limit over debut the season befor debut the follow season the<event wordnetid="100029378" confidence="0.8"><social_event wordnetid="107288639" confidence="0.8"><contest wordnetid="107456188" confidence="0.8"><psychological_feature wordnetid="100023100" confidence="0.8"><link ns0:type="simple" ns0:href="../223/1307223.xml">ranji trophi</link></psychological_feature></contest></social_event></event>bat product first season compil run includ two centuri<ref ns0:type="simple" ns0:href="#xpointer(//reflist/entry[@id=%222%22])" />reward with select for<team wordnetid="108208560" confidence="0.8"><link ns0:type="simple" ns0:href="../486/4212486.xml">north zone</link></team>first year play their onli<event wordnetid="100029378" confidence="0.8"><social_event wordnetid="107288639" confidence="0.8"><contest wordnetid="107456188" confidence="0.8"><psychological_feature wordnetid="100023100" confidence="0.8"><link ns0:type="simple" ns0:href="../393/1953393.xml">duleep trophi</link></psychological_feature></contest></social_event></event>match and compil halfcenturi both inning<ref ns0:type="simple" ns0:href="#xpointer(//reflist/entry[@id=%223%22])" />second season howev poor compil onli run averag<ref ns0:type="simple" ns0:href="#xpointer(//reflist/entry[@id=%224%22])" />result omiss from the north zone team<ref ns0:type="simple" ns0:href="#xpointer(//reflist/entry[@id=%225%22])" />chopra recov third ranji season score run includ one centuri<ref ns0:type="simple" ns0:href="#xpointer(//reflist/entry[@id=%226%22])" />but again overlook north zone went claim the duleep trophi<ref ns0:type="simple" ns0:href="#xpointer(//reflist/entry[@id=%227%22])" />continu form the follow season with run includ two centuri includ doubl centuri<ref ns0:type="simple" ns0:href="#xpointer(//reflist/entry[@id=%228%22])" />chopra bounc back from omiss from the previou season duleep win north zone team score two centuri and averag they complet consecut titl<ref ns0:type="simple" ns0:href="#xpointer(//reflist/entry[@id=%229%22])" />chopra compil with one centuri the follow ranji campaign<ref ns0:type="simple" ns0:href="#xpointer(//reflist/entry[@id=%2210%22])" />duleep trophi perform were better compil run includ two centuri four match rank him fourth the run score list but unabl secur hattrick duleep titl for north zone<ref ns0:type="simple" ns0:href="#xpointer(//reflist/entry[@id=%2211%22])" />chopra continu consist form the ranji trophi with run<ref ns0:type="simple" ns0:href="#xpointer(//reflist/entry[@id=%2212%22])" />but forc miss the duleep campaign due injuri</p></sec><sec><st>intern career</st><p>chopra made test debut<region wordnetid="108630985" confidence="0.8"><administrative_district wordnetid="108491826" confidence="0.8"><village wordnetid="108672738" confidence="0.8"><location wordnetid="100027167" confidence="0.8"><municipality wordnetid="108626283" confidence="0.8"><settlement wordnetid="108672562" confidence="0.8"><geographical_area wordnetid="108574314" confidence="0.8"><district wordnetid="108552138" confidence="0.8"><urban_area wordnetid="108675967" confidence="0.8"><city wordnetid="108524735" confidence="0.8"><link ns0:type="simple" ns0:href="../337/206337.xml">ahmedabad</link></city></urban_area></district></geographical_area></settlement></municipality></location></village></administrative_district></region>against<link ns0:type="simple" ns0:href="../115/478115.xml">new zealand</link>late india sought find open partner for delhi teammat<cricketer wordnetid="109977326" confidence="0.9508927676800064"><link ns0:type="simple" ns0:href="../768/486768.xml">virend sehwag</link></cricketer><ref ns0:type="simple" ns0:href="#xpointer(//reflist/entry[@id=%221%22])" />chopra intern career start well enough score two halfcenturi against<link ns0:type="simple" ns0:href="../115/478115.xml">new zealand</link>dure the second test<region wordnetid="108630985" confidence="0.8"><administrative_district wordnetid="108491826" confidence="0.8"><location wordnetid="100027167" confidence="0.8"><municipality wordnetid="108626283" confidence="0.8"><geographical_area wordnetid="108574314" confidence="0.8"><district wordnetid="108552138" confidence="0.8"><urban_area wordnetid="108675967" confidence="0.8"><city wordnetid="108524735" confidence="0.8"><link ns0:type="simple" ns0:href="../327/1329327.xml">mohali</link></city></urban_area></district></geographical_area></municipality></location></administrative_district></region>the tour australia featur mani solid partnership with<cricketer wordnetid="109977326" confidence="0.9508927676800064"><link ns0:type="simple" ns0:href="../768/486768.xml">virend sehwag</link></cricketer>includ two centuri open partnership<site wordnetid="108651247" confidence="0.9508927676800064"><link ns0:type="simple" ns0:href="../237/17306237.xml">melbourn</link></site>and<site wordnetid="108651247" confidence="0.9508927676800064"><link ns0:type="simple" ns0:href="../862/27862.xml">sydney</link></site>chopra work see off the new ball saw him credit with the larg score that india accumul that seri when middleord batsmen<cricketer wordnetid="109977326" confidence="0.8"><physical_entity wordnetid="100001930" confidence="0.8"><skilled_worker wordnetid="110605985" confidence="0.8"><commissioned_officer wordnetid="109942970" confidence="0.8"><person wordnetid="100007846" confidence="0.8"><contestant wordnetid="109613191" confidence="0.8"><serviceman wordnetid="110582746" confidence="0.8"><captain wordnetid="109893191" confidence="0.8"><military_officer wordnetid="110317007" confidence="0.8"><commissioned_military_officer wordnetid="109943239" confidence="0.8"><wicket-keeper wordnetid="110780185" confidence="0.8"><worker wordnetid="109632518" confidence="0.8"><causal_agent wordnetid="100007347" confidence="0.8"><athlete wordnetid="109820263" confidence="0.8"><link ns0:type="simple" ns0:href="../735/252735.xml">rahul dravid</link></athlete></causal_agent></worker></wicket-keeper></commissioned_military_officer></military_officer></captain></serviceman></contestant></person></commissioned_officer></skilled_worker></physical_entity></cricketer><physical_entity wordnetid="100001930" confidence="0.8"><cricketer wordnetid="109977326" confidence="0.8"><person wordnetid="100007846" confidence="0.8"><contestant wordnetid="109613191" confidence="0.8"><causal_agent wordnetid="100007347" confidence="0.8"><athlete wordnetid="109820263" confidence="0.8"><link ns0:type="simple" ns0:href="../502/305502.xml">laxman</link></athlete></causal_agent></contestant></person></cricketer></physical_entity>and<cricketer wordnetid="109977326" confidence="0.8"><physical_entity wordnetid="100001930" confidence="0.8"><skilled_worker wordnetid="110605985" confidence="0.8"><commissioned_officer wordnetid="109942970" confidence="0.8"><person wordnetid="100007846" confidence="0.8"><contestant wordnetid="109613191" confidence="0.8"><serviceman wordnetid="110582746" confidence="0.8"><captain wordnetid="109893191" confidence="0.8"><military_officer wordnetid="110317007" confidence="0.8"><commissioned_military_officer wordnetid="109943239" confidence="0.8"><worker wordnetid="109632518" confidence="0.8"><causal_agent wordnetid="100007347" confidence="0.8"><athlete wordnetid="109820263" confidence="0.8"><link ns0:type="simple" ns0:href="../570/57570.xml">sachin tendulkar</link></athlete></causal_agent></worker></commissioned_military_officer></military_officer></captain></serviceman></contestant></person></commissioned_officer></skilled_worker></physical_entity></cricketer>regularli compil larg centuri<ref ns0:type="simple" ns0:href="#xpointer(//reflist/entry[@id=%221%22])" /></p><p>the subsequ tour pakistan combin with anoth centuri stand with sehwag india pass the first inning set larg inning defeat archriv<link ns0:type="simple" ns0:href="../295/759295.xml">pakistan</link>the first test<region wordnetid="108630985" confidence="0.8"><area wordnetid="108497294" confidence="0.8"><location wordnetid="100027167" confidence="0.8"><link ns0:type="simple" ns0:href="../843/433843.xml">multan</link></location></area></region>howev the second test the indian batsmen fail lose effort apart from centuri from<cricketer wordnetid="109977326" confidence="0.9508927676800064"><link ns0:type="simple" ns0:href="../714/438714.xml">yuvraj singh</link></cricketer>who play place injur captain<cricketer wordnetid="109977326" confidence="0.9508927676800064"><link ns0:type="simple" ns0:href="../681/529681.xml">sourav ganguli</link></cricketer><ref ns0:type="simple" ns0:href="#xpointer(//reflist/entry[@id=%2213%22])" />when ganguli return for the final test chopra who axe and yuvraj retain</p><p>chopra reintroduc sehwag partner the<trophy wordnetid="106709442" confidence="0.8"><symbol wordnetid="106806469" confidence="0.8"><event wordnetid="100029378" confidence="0.8"><social_event wordnetid="107288639" confidence="0.8"><contest wordnetid="107456188" confidence="0.8"><award wordnetid="106696483" confidence="0.8"><signal wordnetid="106791372" confidence="0.8"><psychological_feature wordnetid="100023100" confidence="0.8"><link ns0:type="simple" ns0:href="../370/694370.xml">bordergavaskar trophi</link></psychological_feature></signal></award></contest></social_event></event></symbol></trophy>after tendulkar injur for the first test<legal_power wordnetid="105198427" confidence="0.9508927676800064"><link ns0:type="simple" ns0:href="../516/37516.xml">bangalor</link></legal_power>howev heavi loss saw chopra axe for the follow match<legal_power wordnetid="105198427" confidence="0.9508927676800064"><link ns0:type="simple" ns0:href="../139/45139.xml">chennai</link></legal_power>upon tendulkar return with yuvraj elev open the inning yuvraj also struggl and chopra recal for the third test<legal_power wordnetid="105198427" confidence="0.9508927676800064"><link ns0:type="simple" ns0:href="../979/460979.xml">nagpur</link></legal_power>howev doubl failur chopra australia won seri india for the first time year saw him drop for the last time after career averag gradual decreas howev from onli chopra replac delhi teammat<cricketer wordnetid="109977326" confidence="0.9508927676800064"><link ns0:type="simple" ns0:href="../559/1292559.xml">gautam gambhir</link></cricketer>and sinc been overtaken gambhir and<cricketer wordnetid="109977326" confidence="0.9508927676800064"><link ns0:type="simple" ns0:href="../812/3050812.xml">wasim jaffer</link></cricketer>the race partner sehwag the test side due low score rate not been consid for<link ns0:type="simple" ns0:href="../447/381447.xml">one day intern</link></p><p>chopra current play staffordshir column are also regularli appear<newspaper wordnetid="106267145" confidence="0.9508927676800064"><link ns0:type="simple" ns0:href="../629/1690629.xml">hindustan time</link></newspaper>and<computer wordnetid="103082979" confidence="0.8"><artifact wordnetid="100021939" confidence="0.8"><instrumentality wordnetid="103575240" confidence="0.8"><device wordnetid="103183080" confidence="0.8"><machine wordnetid="103699975" confidence="0.8"><web_site wordnetid="106359193" confidence="0.8"><link ns0:type="simple" ns0:href="../947/1147947.xml">cricinfo</link></web_site></machine></device></instrumentality></artifact></computer></p><p><table style=";" class="navbox" cellspacing="0"><row><col style="padding:2px;"><table style="width:100%;background:transparent;color:inherit;;" class="nowraplinks collapsible autocollapse " cellspacing="0"><row><header colspan="2" style=";background:black; color:#D4AF37; border:1px solid gold; width:87%;" class="navbox-title"><team wordnetid="108208560" confidence="0.9508927676800064"><link ns0:type="simple" ns0:href="../092/15860092.xml">kolkata knight rider</link></team>current squad</header></row><row style="height:2px;" /><row><col colspan="2" style="width:100%;padding:0px;;;" class="navbox-list navbox-odd"><p><physical_entity wordnetid="100001930" confidence="0.8"><cricketer wordnetid="109977326" confidence="0.8"><person wordnetid="100007846" confidence="0.8"><contestant wordnetid="109613191" confidence="0.8"><causal_agent wordnetid="100007347" confidence="0.8"><athlete wordnetid="109820263" confidence="0.8"><link ns0:type="simple" ns0:href="../915/3098915.xml">butt</link></athlete></causal_agent></contestant></person></cricketer></physical_entity><cricketer wordnetid="109977326" confidence="0.9508927676800064"><link ns0:type="simple" ns0:href="../681/529681.xml">ganguli</link></cricketer><skilled_worker wordnetid="110605985" confidence="0.8"><physical_entity wordnetid="100001930" confidence="0.8"><person wordnetid="100007846" confidence="0.8"><commissioned_officer wordnetid="109942970" confidence="0.8"><commissioned_military_officer wordnetid="109943239" confidence="0.8"><worker wordnetid="109632518" confidence="0.8"><causal_agent wordnetid="100007347" confidence="0.8"><serviceman wordnetid="110582746" confidence="0.8"><military_officer wordnetid="110317007" confidence="0.8"><captain wordnetid="109893191" confidence="0.8"><link ns0:type="simple" ns0:href="../020/896020.xml" /></captain></military_officer></serviceman></causal_agent></worker></commissioned_military_officer></commissioned_officer></person></physical_entity></skilled_worker><physical_entity wordnetid="100001930" confidence="0.8"><cricketer wordnetid="109977326" confidence="0.8"><person wordnetid="100007846" confidence="0.8"><contestant wordnetid="109613191" confidence="0.8"><causal_agent wordnetid="100007347" confidence="0.8"><athlete wordnetid="109820263" confidence="0.8"><link ns0:type="simple" ns0:href="../247/17282247.xml">dinda</link></athlete></causal_agent></contestant></person></cricketer></physical_entity><cricketer wordnetid="109977326" confidence="0.9508927676800064"><link ns0:type="simple" ns0:href="../917/3095917.xml">hafeez</link></cricketer><physical_entity wordnetid="100001930" confidence="0.8"><cricketer wordnetid="109977326" confidence="0.8"><person wordnetid="100007846" confidence="0.8"><contestant wordnetid="109613191" confidence="0.8"><causal_agent wordnetid="100007347" confidence="0.8"><athlete wordnetid="109820263" confidence="0.8"><link ns0:type="simple" ns0:href="../079/16822079.xml">saha</link></athlete></causal_agent></contestant></person></cricketer></physical_entity><cricketer wordnetid="109977326" confidence="0.9508927676800064"><link ns0:type="simple" ns0:href="../619/3064619.xml">shukla</link></cricketer><physical_entity wordnetid="100001930" confidence="0.8"><cricketer wordnetid="109977326" confidence="0.8"><person wordnetid="100007846" confidence="0.8"><contestant wordnetid="109613191" confidence="0.8"><causal_agent wordnetid="100007347" confidence="0.8"><athlete wordnetid="109820263" confidence="0.8"><link ns0:type="simple" ns0:href="../789/3576789.xml">dhussey</link></athlete></causal_agent></contestant></person></cricketer></physical_entity><cricketer wordnetid="109977326" confidence="0.9508927676800064"><link ns0:type="simple" ns0:href="../087/1101087.xml">chopra</link></cricketer><cricketer wordnetid="109977326" confidence="0.8"><physical_entity wordnetid="100001930" confidence="0.8"><skilled_worker wordnetid="110605985" confidence="0.8"><commissioned_officer wordnetid="109942970" confidence="0.8"><person wordnetid="100007846" confidence="0.8"><contestant wordnetid="109613191" confidence="0.8"><serviceman wordnetid="110582746" confidence="0.8"><captain wordnetid="109893191" confidence="0.8"><military_officer wordnetid="110317007" confidence="0.8"><commissioned_military_officer wordnetid="109943239" confidence="0.8"><wicket-keeper wordnetid="110780185" confidence="0.8"><worker wordnetid="109632518" confidence="0.8"><causal_agent wordnetid="100007347" confidence="0.8"><athlete wordnetid="109820263" confidence="0.8"><link ns0:type="simple" ns0:href="../197/897197.xml">taibu</link></athlete></causal_agent></worker></wicket-keeper></commissioned_military_officer></military_officer></captain></serviceman></contestant></person></commissioned_officer></skilled_worker></physical_entity></cricketer><physical_entity wordnetid="100001930" confidence="0.8"><cricketer wordnetid="109977326" confidence="0.8"><person wordnetid="100007846" confidence="0.8"><contestant wordnetid="109613191" confidence="0.8"><causal_agent wordnetid="100007347" confidence="0.8"><athlete wordnetid="109820263" confidence="0.8"><link ns0:type="simple" ns0:href="../467/533467.xml">akhtar</link></athlete></causal_agent></contestant></person></cricketer></physical_entity><cricketer wordnetid="109977326" confidence="0.9508927676800064"><person wordnetid="100007846" confidence="0.9508927676800064"><link ns0:type="simple" ns0:href="../932/1389932.xml">kartik</link></person></cricketer><cricketer wordnetid="109977326" confidence="0.9508927676800064"><link ns0:type="simple" ns0:href="../566/8621566.xml">isharma</link></cricketer><cricketer wordnetid="109977326" confidence="0.8"><physical_entity wordnetid="100001930" confidence="0.8"><skilled_worker wordnetid="110605985" confidence="0.8"><commissioned_officer wordnetid="109942970" confidence="0.8"><person wordnetid="100007846" confidence="0.8"><contestant wordnetid="109613191" confidence="0.8"><serviceman wordnetid="110582746" confidence="0.8"><captain wordnetid="109893191" confidence="0.8"><military_officer wordnetid="110317007" confidence="0.8"><commissioned_military_officer wordnetid="109943239" confidence="0.8"><wicket-keeper wordnetid="110780185" confidence="0.8"><worker wordnetid="109632518" confidence="0.8"><causal_agent wordnetid="100007347" confidence="0.8"><athlete wordnetid="109820263" confidence="0.8"><link ns0:type="simple" ns0:href="../247/2283247.xml">mccullum</link></athlete></causal_agent></worker></wicket-keeper></commissioned_military_officer></military_officer></captain></serviceman></contestant></person></commissioned_officer></skilled_worker></physical_entity></cricketer><cricketer wordnetid="109977326" confidence="0.9508927676800064"><person wordnetid="100007846" confidence="0.9508927676800064"><link ns0:type="simple" ns0:href="../423/894423.xml">agarkar</link></person></cricketer>abdulla bannerje<physical_entity wordnetid="100001930" confidence="0.8"><cricketer wordnetid="109977326" confidence="0.8"><person wordnetid="100007846" confidence="0.8"><contestant wordnetid="109613191" confidence="0.8"><causal_agent wordnetid="100007347" confidence="0.8"><athlete wordnetid="109820263" confidence="0.8"><link ns0:type="simple" ns0:href="../404/9318404.xml">bose</link></athlete></causal_agent></contestant></person></cricketer></physical_entity><biography wordnetid="106515827" confidence="0.9508927676800064"><link ns0:type="simple" ns0:href="../039/17284039.xml" /></biography><cricketer wordnetid="109977326" confidence="0.9508927676800064"><link ns0:type="simple" ns0:href="../177/897177.xml">gayl</link></cricketer><cricketer wordnetid="109977326" confidence="0.9508927676800064"><link ns0:type="simple" ns0:href="../200/899200.xml">gul</link></cricketer><cricketer wordnetid="109977326" confidence="0.9508927676800064"><person wordnetid="100007846" confidence="0.9508927676800064"><link ns0:type="simple" ns0:href="../266/16962266.xml">mendi</link></person></cricketer><physical_entity wordnetid="100001930" confidence="0.8"><cricketer wordnetid="109977326" confidence="0.8"><person wordnetid="100007846" confidence="0.8"><contestant wordnetid="109613191" confidence="0.8"><causal_agent wordnetid="100007347" confidence="0.8"><athlete wordnetid="109820263" confidence="0.8"><link ns0:type="simple" ns0:href="../594/2834594.xml">hodg</link></athlete></causal_agent></contestant></person></cricketer></physical_entity><person wordnetid="100007846" confidence="0.9508927676800064"><link ns0:type="simple" ns0:href="../007/16250007.xml">kaul</link></person>lahiri<person wordnetid="100007846" confidence="0.9508927676800064"><link ns0:type="simple" ns0:href="../001/462001.xml">pont</link></person><physical_entity wordnetid="100001930" confidence="0.8"><cricketer wordnetid="109977326" confidence="0.8"><person wordnetid="100007846" confidence="0.8"><contestant wordnetid="109613191" confidence="0.8"><causal_agent wordnetid="100007347" confidence="0.8"><athlete wordnetid="109820263" confidence="0.8"><link ns0:type="simple" ns0:href="../836/4073836.xml">pujara</link></athlete></causal_agent></contestant></person></cricketer></physical_entity><physical_entity wordnetid="100001930" confidence="0.8"><cricketer wordnetid="109977326" confidence="0.8"><person wordnetid="100007846" confidence="0.8"><contestant wordnetid="109613191" confidence="0.8"><causal_agent wordnetid="100007347" confidence="0.8"><athlete wordnetid="109820263" confidence="0.8"><link ns0:type="simple" ns0:href="../047/8703047.xml">yashpal singh</link></athlete></causal_agent></contestant></person></cricketer></physical_entity>coach<physical_entity wordnetid="100001930" confidence="0.8"><cricketer wordnetid="109977326" confidence="0.8"><person wordnetid="100007846" confidence="0.8"><contestant wordnetid="109613191" confidence="0.8"><coach wordnetid="109931640" confidence="0.8"><leader wordnetid="109623038" confidence="0.8"><causal_agent wordnetid="100007347" confidence="0.8"><athlete wordnetid="109820263" confidence="0.8"><trainer wordnetid="110722575" confidence="0.8"><link ns0:type="simple" ns0:href="../208/2426208.xml">buchanan</link></trainer></athlete></causal_agent></leader></coach></contestant></person></cricketer></physical_entity></p></col></row></table></col></row></table></p></sec><sec><st>refer</st><p><reflist><entry id="1"><weblink ns0:type="simple" ns0:href="http://content-aus.cricinfo.com/ci/content/player/27639.html">aakash chopra</weblink><computer wordnetid="103082979" confidence="0.8"><artifact wordnetid="100021939" confidence="0.8"><instrumentality wordnetid="103575240" confidence="0.8"><device wordnetid="103183080" confidence="0.8"><machine wordnetid="103699975" confidence="0.8"><web_site wordnetid="106359193" confidence="0.8"><link ns0:type="simple" ns0:href="../947/1147947.xml">cricinfo</link></web_site></machine></device></instrumentality></artifact></computer>retriev<link /></entry><entry id="2"><weblink ns0:type="simple" ns0:href="http://www1.cricinfo.com/db/ARCHIVE/1997-98/IND_LOCAL/RANJI/STATS/IND_LOCAL_RANJI_AVS_BAT_HIGHEST_AVS.html">highest bat averag</weblink><computer wordnetid="103082979" confidence="0.8"><artifact wordnetid="100021939" confidence="0.8"><instrumentality wordnetid="103575240" confidence="0.8"><device wordnetid="103183080" confidence="0.8"><machine wordnetid="103699975" confidence="0.8"><web_site wordnetid="106359193" confidence="0.8"><link ns0:type="simple" ns0:href="../947/1147947.xml">cricinfo</link></web_site></machine></device></instrumentality></artifact></computer>retriev<link /></entry><entry id="3"><weblink ns0:type="simple" ns0:href="http://www1.cricinfo.com/db/ARCHIVE/1997-98/IND_LOCAL/DULEEP/EAST_NORTH_DULEEP_01-05DEC1997.html">east zone north zone hyderabad dec</weblink><computer wordnetid="103082979" confidence="0.8"><artifact wordnetid="100021939" confidence="0.8"><instrumentality wordnetid="103575240" confidence="0.8"><device wordnetid="103183080" confidence="0.8"><machine wordnetid="103699975" confidence="0.8"><web_site wordnetid="106359193" confidence="0.8"><link ns0:type="simple" ns0:href="../947/1147947.xml">cricinfo</link></web_site></machine></device></instrumentality></artifact></computer>retriev<link /></entry><entry id="4"><weblink ns0:type="simple" ns0:href="http://www1.cricinfo.com/db/ARCHIVE/1998-99/IND_LOCAL/RANJI/STATS/IND_LOCAL_RANJI_AVS_BAT_HIGHEST_AVS.html">highest bat averag</weblink><computer wordnetid="103082979" confidence="0.8"><artifact wordnetid="100021939" confidence="0.8"><instrumentality wordnetid="103575240" confidence="0.8"><device wordnetid="103183080" confidence="0.8"><machine wordnetid="103699975" confidence="0.8"><web_site wordnetid="106359193" confidence="0.8"><link ns0:type="simple" ns0:href="../947/1147947.xml">cricinfo</link></web_site></machine></device></instrumentality></artifact></computer>retriev<link /></entry><entry id="5"><weblink ns0:type="simple" ns0:href="http://www1.cricinfo.com/db/ARCHIVE/1998-99/IND_LOCAL/DULEEP/DULEEP_1998-99_NORTH-SQUAD.html">duleep trophi north zone squad</weblink><computer wordnetid="103082979" confidence="0.8"><artifact wordnetid="100021939" confidence="0.8"><instrumentality wordnetid="103575240" confidence="0.8"><device wordnetid="103183080" confidence="0.8"><machine wordnetid="103699975" confidence="0.8"><web_site wordnetid="106359193" confidence="0.8"><link ns0:type="simple" ns0:href="../947/1147947.xml">cricinfo</link></web_site></machine></device></instrumentality></artifact></computer>retriev<link /></entry><entry id="6"><weblink ns0:type="simple" ns0:href="http://www1.cricinfo.com/db/ARCHIVE/1999-2000/IND_LOCAL/RANJI/STATS/IND_LOCAL_RANJI_AVS_BAT_HIGHEST_AVS.html">highest bat averag</weblink><computer wordnetid="103082979" confidence="0.8"><artifact wordnetid="100021939" confidence="0.8"><instrumentality wordnetid="103575240" confidence="0.8"><device wordnetid="103183080" confidence="0.8"><machine wordnetid="103699975" confidence="0.8"><web_site wordnetid="106359193" confidence="0.8"><link ns0:type="simple" ns0:href="../947/1147947.xml">cricinfo</link></web_site></machine></device></instrumentality></artifact></computer>retriev<link /></entry><entry id="7"><weblink ns0:type="simple" ns0:href="http://www1.cricinfo.com/db/ARCHIVE/1999-2000/IND_LOCAL/DULEEP/SQUADS/DULEEP_1999-2000_NORTH-SQUAD.html">north zone squad</weblink><computer wordnetid="103082979" confidence="0.8"><artifact wordnetid="100021939" confidence="0.8"><instrumentality wordnetid="103575240" confidence="0.8"><device wordnetid="103183080" confidence="0.8"><machine wordnetid="103699975" confidence="0.8"><web_site wordnetid="106359193" confidence="0.8"><link ns0:type="simple" ns0:href="../947/1147947.xml">cricinfo</link></web_site></machine></device></instrumentality></artifact></computer>retriev<link /></entry><entry id="8"><weblink ns0:type="simple" ns0:href="http://www1.cricinfo.com/link_to_database/ARCHIVE/2000-01/IND_LOCAL/RANJI/STATS/IND_LOCAL_RJI_AVS_BAT_MOST_RUNS.html">bat most run</weblink><computer wordnetid="103082979" confidence="0.8"><artifact wordnetid="100021939" confidence="0.8"><instrumentality wordnetid="103575240" confidence="0.8"><device wordnetid="103183080" confidence="0.8"><machine wordnetid="103699975" confidence="0.8"><web_site wordnetid="106359193" confidence="0.8"><link ns0:type="simple" ns0:href="../947/1147947.xml">cricinfo</link></web_site></machine></device></instrumentality></artifact></computer>retriev<link /></entry><entry id="9"><weblink ns0:type="simple" ns0:href="http://www1.cricinfo.com/link_to_database/ARCHIVE/2000-01/IND_LOCAL/DULEEP/STATS/IND_LOCAL_DULEEP_AVS_BAT_MOST_RUNS.html">bat most run</weblink><computer wordnetid="103082979" confidence="0.8"><artifact wordnetid="100021939" confidence="0.8"><instrumentality wordnetid="103575240" confidence="0.8"><device wordnetid="103183080" confidence="0.8"><machine wordnetid="103699975" confidence="0.8"><web_site wordnetid="106359193" confidence="0.8"><link ns0:type="simple" ns0:href="../947/1147947.xml">cricinfo</link></web_site></machine></device></instrumentality></artifact></computer>retriev<link /></entry><entry id="10"><weblink ns0:type="simple" ns0:href="http://www1.cricinfo.com/db/ARCHIVE/2001-02/IND_LOCAL/RANJI/STATS/IND_LOCAL_RANJI_AVS_BAT_MOST_RUNS.html">bat most run</weblink><computer wordnetid="103082979" confidence="0.8"><artifact wordnetid="100021939" confidence="0.8"><instrumentality wordnetid="103575240" confidence="0.8"><device wordnetid="103183080" confidence="0.8"><machine wordnetid="103699975" confidence="0.8"><web_site wordnetid="106359193" confidence="0.8"><link ns0:type="simple" ns0:href="../947/1147947.xml">cricinfo</link></web_site></machine></device></instrumentality></artifact></computer>retriev<link /></entry><entry id="11"><weblink ns0:type="simple" ns0:href="http://www1.cricinfo.com/db/ARCHIVE/2001-02/IND_LOCAL/DULEEP/STATS/IND_LOCAL_DULEEP_AVS_BAT_MOST_RUNS.html">bat most run</weblink><computer wordnetid="103082979" confidence="0.8"><artifact wordnetid="100021939" confidence="0.8"><instrumentality wordnetid="103575240" confidence="0.8"><device wordnetid="103183080" confidence="0.8"><machine wordnetid="103699975" confidence="0.8"><web_site wordnetid="106359193" confidence="0.8"><link ns0:type="simple" ns0:href="../947/1147947.xml">cricinfo</link></web_site></machine></device></instrumentality></artifact></computer>retriev<link /></entry><entry id="12"><weblink ns0:type="simple" ns0:href="http://www1.cricinfo.com/db/ARCHIVE/2002-03/IND_LOCAL/RANJI/STATS/IND_LOCAL_RANJI_AVS_BAT_MOST_RUNS.html">bat most run</weblink><computer wordnetid="103082979" confidence="0.8"><artifact wordnetid="100021939" confidence="0.8"><instrumentality wordnetid="103575240" confidence="0.8"><device wordnetid="103183080" confidence="0.8"><machine wordnetid="103699975" confidence="0.8"><web_site wordnetid="106359193" confidence="0.8"><link ns0:type="simple" ns0:href="../947/1147947.xml">cricinfo</link></web_site></machine></device></instrumentality></artifact></computer>retriev<link /></entry><entry id="13">vasu anand<link /><weblink ns0:type="simple" ns0:href="http://content-aus.cricinfo.com/ci/content/story/134262.html">yuvraj chopra india selectori dilemma</weblink><computer wordnetid="103082979" confidence="0.8"><artifact wordnetid="100021939" confidence="0.8"><instrumentality wordnetid="103575240" confidence="0.8"><device wordnetid="103183080" confidence="0.8"><machine wordnetid="103699975" confidence="0.8"><web_site wordnetid="106359193" confidence="0.8"><link ns0:type="simple" ns0:href="../947/1147947.xml">cricinfo</link></web_site></machine></device></instrumentality></artifact></computer></entry></reflist></p></sec></bdy></cricketer></article>