<article xmlns:ns0="http://www.w3.org/1999/xlink"><computer confidence="0.8" wordnetid="103082979"><artifact confidence="0.8" wordnetid="100021939"><instrumentality confidence="0.8" wordnetid="103575240"><device confidence="0.8" wordnetid="103183080"><machine confidence="0.8" wordnetid="103699975"><web_site confidence="0.8" wordnetid="106359193"><header><title>sploofu</title><id /><revision><id /><timestamp /><contributor><username>closedmouth</username><id /></contributor></revision><categories><category>entertain websit</category></categories></header><bdy><image location="right" width="300px" src="Sploofuslogo.jpg" type="thumb"><caption>the logo for the sploofu web site</caption></image><p>sploofu web site featur<link ns0:type="simple" ns0:href="../736/1690736.xml">trivia</link>quizz and other<link ns0:type="simple" ns0:href="../944/1050944.xml">onlin game</link></p><p>trivia quizz are submit site member and check one site editor befor live wordpuzzl similar the game<link ns0:type="simple" ns0:href="../462/14462.xml">hangman</link>and the trivia question the day select randomli for each user from larg databas question submit the editor are creat the editori staff wordround and wordmatch are design test vocabulari knowledg and dexter and were creat independ third parti for the webmast</p><p>contest can challeng other member directli abov them the totalpoint rank showdown that allow the challeng win lose point while the person challeng will breakeven lose the showdown win point from the challeng victori the showdown</p><p>addit wager allow everi contest bet ani number point predetermin maximum base each player total point success wager win that number loser forfeit that number</p><p>the sploofu site creat justin morton and grown membership more than member</p><sec><st>refer</st><p><list><entry level="1" type="bullet"><weblink ns0:type="simple" ns0:href="http://www.toledoblade.com/apps/pbcs.dll/article?AID=/20060507/NEWS19/605070310/-1/NEWS|">site attract global fan base</weblink>georg tanber<link ns0:type="simple" ns0:href="../719/1458719.xml">toledo blade</link>may</entry><entry level="1" type="bullet"><weblink ns0:type="simple" ns0:href="http://news.google.com/news/url?sa=t ct=us/0-0 fp=4646822e8320b690 ei=gYJGRvmRJo-soAKC3di-Bw url=http%3A//www.courierpress.com/news/2007/apr/24/sploofuscom-its-the-answer-for-trivia-fans/ cid=0|">the answer for trivia fan</weblink>rebecca coudret<newspaper wordnetid="106267145" confidence="0.9508927676800064"><link ns0:type="simple" ns0:href="../923/3452923.xml">evansvil courier press</link></newspaper>april</entry><entry level="1" type="bullet"><weblink ns0:type="simple" ns0:href="http://www.southbendtribune.com/apps/pbcs.dll/article?AID=/20060214/News01/602140503/-1/NEWS01/CAT=News01|">trivia knowledg power</weblink>dave frownfeld<newspaper wordnetid="106267145" confidence="0.9508927676800064"><link ns0:type="simple" ns0:href="../222/4791222.xml">south bend tribun</link></newspaper>februari</entry></list></p></sec><sec><st>extern link</st><p><list><entry level="1" type="bullet"><weblink ns0:type="simple" ns0:href="http://www.sploofus.com">sploofu trivia system web site</weblink></entry></list></p></sec></bdy></web_site></machine></device></instrumentality></artifact></computer></article>