<article xmlns:ns0="http://www.w3.org/1999/xlink"><header><title>inform need</title><id /><revision><id /><timestamp /><contributor><username>banazir</username><id /></contributor></revision><categories><category>inform retriev</category><category>search</category></categories></header><bdy>inform need individu group desir locat and obtain<link ns0:type="simple" ns0:href="../062/18985062.xml">inform</link>satisfi consciou unconsci<link ns0:type="simple" ns0:href="../545/622545.xml">need</link>the inform and need inform need are insepar interconnect need and interest call forth inform the object studi inform need are<list><entry level="1" type="number">the explan observ phenomena inform use express need</entry><entry level="1" type="number">the predict instanc inform use</entry><entry level="1" type="number">the control and therebi improv the util inform manipul essenti condit</entry></list><sec><st>background</st><p>the concept inform need coin american inform scientist<weblink ns0:type="simple" ns0:href="http://www.libsci.sc.edu/BOB/ISP/taylor2.htm">robert taylor</weblink>articl<weblink ns0:type="simple" ns0:href="http://doi.wiley.com/10.1002/asi.5090130405">the process ask question</weblink>publish american document now journal the american societi inform scienc and technolog</p><p>thi paper taylor attempt describ how inquir obtain answer from<link ns0:type="simple" ns0:href="../495/237495.xml">inform system</link>perform the process conscious unconsci also studi the reciproc influenc between the inquir and given system</p><p>accord taylor inform need four level<list><entry level="1" type="number">the consciou and unconsci need for inform not exist the rememb experi the investig term the queri rang thi level might call the ideal question the question which would bring from the ideal system exactli what the inquir could state need the actual but unexpress need for inform</entry><entry level="1" type="number">the consciou mental descript illdefin area decis thi level the inquir might talk someon els the field get answer</entry><entry level="1" type="number">research form ration statement question thi statement ration and unambigu descript the inquir doubt</entry><entry level="1" type="number">the question present the inform system</entry></list></p><p>there are variabl within system that influent the question and format taylor divid them into five group gener aspect physic and geograph factor system input what type materi put into the system and what the unit item intern organ classif index subject head and similar access scheme question input what part human oper play the total system output interim feedback</p><p>herbert menzel prefer demand studi prefer studi request for inform document that were actual made scientist the cours their activ form the data for demand studi data may the form record order place for bibliograph call for book from interlibrari loan system inquir address inform center servic menzel also investig user studi and defin inform seek behaviour from three angl<list><entry level="1" type="number">when approach from the point view the scientist technologist these are studi scientist commun behaviour</entry><entry level="1" type="number">when approach from the point view ani commun medium they are use studi</entry><entry level="1" type="number">when approach from the scienc commun system they are studi the flow inform among scientist and technologist</entry></list></p><p>william paisley move from inform needsus toward strong guidelin for inform system studi the theori informationprocess behavior that will gener proposit concern channel select amount seek effect product inform qualiti quantiti currenc and divers the role motiv and person factor etc investig concentr conceptu framework for user research the framework place the inform user the centr ten system which are<list><entry level="1" type="number">the scientist within cultur</entry><entry level="1" type="number">the scientist within polit system</entry><entry level="1" type="number">the scientist within membership group</entry><entry level="1" type="number">the scientist within refer group</entry><entry level="1" type="number">the scientist within invis colleg</entry><entry level="1" type="number">the scientist within formal organ</entry><entry level="1" type="number">the scientist within work team</entry><entry level="1" type="number">the scientist within own head</entry><entry level="1" type="number">the scientist within legaleconom system</entry><entry level="1" type="number">the scientist within formal</entry></list></p><p>fjdevadason and prataplingam have propos methodolog for identif inform need<weblink ns0:type="simple" ns0:href="http://www.ifla.org/IV/ifla62/62-devf.htm">httpwwwiflaorgivifladevfhtm</weblink><weblink ns0:type="simple" ns0:href="http://www.kansaslibraryassociation.org/associations/8255/files/KLCIdenInfnNeed.pdf" />accord them the inform need identifi should studi prepar and equip himherself thoroughli perform the task identifi inform need they have suggest formal step step procedur which can adopt studi the inform need major user applic major situat the major step are follow</p><p><list><entry level="1" type="bullet">studi subject interest the organ client</entry><entry level="1" type="bullet">studi the organ and environ</entry><entry level="1" type="bullet">studi the immedi environ the client</entry><entry level="1" type="bullet">studi the client</entry><entry level="1" type="bullet">formal interview</entry><entry level="1" type="bullet">identif and record inform need</entry><entry level="1" type="bullet">analysi and refin the identifi inform need</entry></list></p></sec><sec><st>refer</st><p><list><entry level="1" type="bullet">menzel herbert inform need and use scienc and technolog annual review inform scienc and technolog vol intersci publish</entry><entry level="1" type="bullet">paisley william inform need and use annual review inform scienc and technolog vol encyclopaedia britannica inc chicago</entry><entry level="1" type="bullet">singh and satija review research inform seek behaviour agricultur scientist intern perspect desidoc bulletin inform technolog vol march</entry><entry level="1" type="bullet">taylor robert process ask question american document vol octob</entry><entry level="1" type="bullet">wilson user studi and inform need journal document vol</entry><entry level="1" type="bullet">devadason and prataplingam methodolog for the identif inform need user ifla gener confer confer proceed august</entry></list></p></sec><sec><st>see also</st><p><list><entry level="1" type="bullet"><link ns0:type="simple" ns0:href="../271/15271.xml">inform retriev</link></entry></list></p></sec></bdy></article>