<article xmlns:ns0="http://www.w3.org/1999/xlink"><header><title>divideandconqu eigenvalu algorithm</title><id /><revision><id /><timestamp /><contributor><username>giftlit</username><id /></contributor></revision><categories><category>numer linear algebra</category></categories></header><bdy>divideandconqu eigenvalu algorithm are class<link ns0:type="simple" ns0:href="../560/516560.xml">eigenvalu algorithm</link>for<link ns0:type="simple" ns0:href="../682/189682.xml">hermitian</link><link ns0:type="simple" ns0:href="../491/19725491.xml">real</link><link ns0:type="simple" ns0:href="../474/126474.xml">symmetr matric</link>that have recent circa becom competit term<link ns0:type="simple" ns0:href="../807/233807.xml">stabil</link>and<link ns0:type="simple" ns0:href="../543/7543.xml">effici</link>with more tradit algorithm such the<link ns0:type="simple" ns0:href="../072/594072.xml">algorithm</link>the basic concept behind these algorithm cours the famou<link ns0:type="simple" ns0:href="../154/201154.xml">divideandconqu</link>approach from<link ns0:type="simple" ns0:href="../323/5323.xml">comput scienc</link><link ns0:type="simple" ns0:href="../429/2161429.xml">eigenvalu</link>problem divid into two problem roughli half the size each these are solv<link ns0:type="simple" ns0:href="../407/25407.xml">recurs</link>and the eigenvalu the origin problem are comput from the result these smaller problem<p>here present the simplest version divideandconqu algorithm similar the one origin propos cuppen mani detail that lie outsid the scope thi articl will omit should note howev that without consid these detail the algorithm not fulli stabl</p><sec><st>background</st><p>with most eigenvalu algorithm for hermitian matric divideandconqu begin with reduct<link ns0:type="simple" ns0:href="../218/519218.xml">tridiagon</link>form for<math>time</math>matrix the standard method for thi via<link ns0:type="simple" ns0:href="../424/485424.xml">household reflect</link>take<math>fracm</math><link ns0:type="simple" ns0:href="../930/82930.xml">flop</link><math>fracm</math><link ns0:type="simple" ns0:href="../429/2161429.xml">eigenvector</link>are need well there are other algorithm such the<link ns0:type="simple" ns0:href="../614/1134614.xml">arnoldi iter</link>which may better for certain class matric will not consid thi further here</p><p>certain case possibl deflat eigenvalu problem into smaller problem consid<link ns0:type="simple" ns0:href="../464/457464.xml">block diagon matrix</link><indent level="1"><math>beginbmatrix</math></indent>the eigenvalu and eigenvector<math />are simpli those<math />and<math />and will almost alway faster solv these two smaller problem than solv the origin problem all onc thi techniqu can use improv the effici mani eigenvalu algorithm but special signific divideandconqu</p><p>for the rest thi articl will assum the input the divideandconqu algorithm<math>time</math>real symmetr tridiagon matrix<math />although the algorithm can modifi for hermitian matric not give the detail here</p></sec><sec><st>divid</st><p>the divid part the divideandconqu algorithm come from the realiz that tridiagon matrix almost block diagon</p><p><indent level="1"><image width="150px" src="Almost_block_diagonal.png"><caption>almost block diagonalpng</caption></image></indent>the size submatrix<math />will call<math>time</math>and then<math /><math>time</math>note that the remark about<math />almost block diagon true regardless how<math />chosen there are mani way decompos the matrix howev make sens from effici standpoint choos<math>approx</math></p><p>write<math />block diagon matrix plu<link ns0:type="simple" ns0:href="../561/26561.xml">rank</link>correct</p><p><indent level="1"><image width="150px" src="Block_diagonal_plus_correction.png"><caption>block diagon plu correctionpng</caption></image></indent>the onli differ between<math />and<math />that the lower right entri<math /><math />been replac with<math>beta</math>and similarli<math />the top left entri<math />been replac with<math>beta</math></p><p>the remaind the divid step solv for the eigenvalu and desir the eigenvector<math />and<math />that find the<link ns0:type="simple" ns0:href="../672/59672.xml">diagon</link><math />and<math />thi can accomplish with recurs call the divideandconqu algorithm although practic implement often switch the algorithm for small enough submatric</p></sec><sec><st>conquer</st><p>the conquer part the algorithm the unintuit part given the diagon the submatric calcul abov how find the diagon the origin matrix</p><p>first defin<math />where<math />the last row<math />and<math />the first row<math />now elementari show that<indent level="1"><math>beginbmatrix endbmatrix left beginbmatrix endbmatrix beta right beginbmatrix endbmatrix</math></indent>the remain task been reduc find the eigenvalu diagon matrix plu rankon correct befor show how thi let simplifi the notat are look for the eigenvalu the matrix<math />where<math />diagon and<math />ani vector</p><p><math>lambda</math>eigenvalu have<indent level="1"><math>wtq lambda</math></indent>where<math />the correspond eigenvector now<indent level="1"><math>lambda wwtq</math></indent><math>lambda wwtq</math><indent level="1"><math>wtq wtd lambda wwtq</math></indent>keep mind that<math>wtq</math>nonzero scalar neither<math />nor<math />are zero<math>wtq</math>were zero<math />would eigenvector<math /><math>wtq lambda</math>that were the case<math />would contain onli one nonzero posit sinc<math />diagon and thu the inner product<math>wtq</math>can not zero after all therefor have<indent level="1"><math>wtd lambda</math></indent>written scalar equat<indent level="1"><math>lambda</math></indent>thi equat known the secular equat the problem therefor been reduc find the root the<link ns0:type="simple" ns0:href="../210/361210.xml">ration function</link>defin the lefthand side thi equat</p><p>all gener eigenvalu algorithm must iter and the divideandconqu algorithm differ solv the<link ns0:type="simple" ns0:href="../103/146103.xml">nonlinear</link>secular equat requir iter techniqu such the<event wordnetid="100029378" confidence="0.8"><rule wordnetid="105846932" confidence="0.8"><act wordnetid="100030358" confidence="0.8"><psychological_feature wordnetid="100023100" confidence="0.8"><procedure wordnetid="101023820" confidence="0.8"><activity wordnetid="100407535" confidence="0.8"><algorithm wordnetid="105847438" confidence="0.8"><link ns0:type="simple" ns0:href="../145/22145.xml">newtonraphson method</link></algorithm></activity></procedure></psychological_feature></act></rule></event>howev each root can found<link ns0:type="simple" ns0:href="../578/44578.xml" />iter each which requir<math>thetam</math>flop for<math />degre ration function make the cost the iter part thi algorithm<math>thetam</math></p></sec><sec><st>analysi</st><p>common for divid and conquer algorithm will use the<statement wordnetid="106722453" confidence="0.8"><message wordnetid="106598915" confidence="0.8"><theorem wordnetid="106752293" confidence="0.8"><proposition wordnetid="106750804" confidence="0.8"><link ns0:type="simple" ns0:href="../585/561585.xml">master theorem</link></proposition></theorem></message></statement>analyz the run time rememb that abov state choos<math>approx</math>can write the<link ns0:type="simple" ns0:href="../806/146806.xml">recurr relat</link><indent level="1"><math>time tleftfracmright thetam</math></indent>the notat the master theorem<math />and thu<math />clearli<math>thetam omegam</math>have<indent level="1"><math>thetam</math></indent>rememb that abov point out that reduc hermitian matrix tridiagon form take<math>fracm</math>flop thi dwarf the run time the divideandconqu part and thi point not clear what advantag the divideandconqu algorithm offer over the algorithm which also take<math>thetam</math>flop for tridiagon matric</p><p>the advantag divideandconqu come when eigenvector are need well thi the case reduct tridiagon form take<math>fracm</math>but the second part the algorithm take<math>thetam</math>well for the algorithm with reason target precis thi<math>approx</math>wherea for divideandconqu<math>approx fracm</math>the reason for thi improv that divideandconqu the<math>thetam</math>part the algorithm multipli<math />matric separ from the iter wherea thi must occur everi iter step the<math>fracm</math>flop for the reduct the total improv from<math>approx</math><math>approx</math>flop</p><p>practic use the divideandconqu algorithm shown that most realist eigenvalu problem the algorithm actual doe better than thi the reason that veri often the matric<math />and the vector<math />tend numer spars mean that they have mani entri with valu smaller than the<link ns0:type="simple" ns0:href="../376/11376.xml">float point</link>precis allow for numer deflat break the problem into uncoupl subproblem</p></sec><sec><st>variant and implement</st><p>the algorithm present here the simplest version mani practic implement more complic rank correct are use guarante stabil some variant even use rank correct</p><p>there exist special rootfind techniqu for ration function that may better than the newtonraphson method term both perform and stabil these can use improv the iter part the divideandconqu algorithm</p><p>the divideandconqu algorithm readili<event wordnetid="100029378" confidence="0.8"><rule wordnetid="105846932" confidence="0.8"><act wordnetid="100030358" confidence="0.8"><psychological_feature wordnetid="100023100" confidence="0.8"><procedure wordnetid="101023820" confidence="0.8"><activity wordnetid="100407535" confidence="0.8"><algorithm wordnetid="105847438" confidence="0.8"><link ns0:type="simple" ns0:href="../840/148840.xml">parallel</link></algorithm></activity></procedure></psychological_feature></act></rule></event>and<link ns0:type="simple" ns0:href="../422/18422.xml">linear algebra</link>comput packag such<link ns0:type="simple" ns0:href="../768/1013768.xml">lapack</link>contain highqual parallel implement</p></sec></bdy></article>