<article xmlns:ns0="http://www.w3.org/1999/xlink"><entity confidence="0.9511911446218017" wordnetid="100001740"><header><title>score function for dock</title><id /><revision><id /><timestamp /><contributor><username>malcolma</username><id /></contributor></revision><categories><category>protein structur</category><category>molecular model</category><category>bioinformat</category><category>comput chemistri</category></categories></header><bdy><table style="margin-left:0.5em;" width="500" align="right" cellpadding="2" class="toccolours" border="0" cellspacing="0"><header style="background:#EE9900" align="center">dock glossari</header><row><col><link ns0:type="simple" ns0:href="../480/569480.xml">receptor</link>host the receiv molecul most commonli<link ns0:type="simple" ns0:href="../634/23634.xml">protein</link>other<link ns0:type="simple" ns0:href="../974/3974.xml">biopolym</link></col></row><row><col><link ns0:type="simple" ns0:href="../422/2202422.xml">ligand</link>guest the complementari partner molecul which<link ns0:type="simple" ns0:href="../016/11489016.xml">bind</link>the receptor ligand are most often<link ns0:type="simple" ns0:href="../588/477588.xml">small molecul</link>but could also anoth biopolym</col></row><row><col><link ns0:type="simple" ns0:href="../623/2292623.xml">dock</link>comput simul candid ligand bind receptor</col></row><row><col>bind mode the orient the ligand rel the receptor well the<link ns0:type="simple" ns0:href="../574/1527574.xml">conform</link>the ligand and receptor when bound each other</col></row><row><col>pose candid bind mode</col></row><row><col><link ns0:type="simple" ns0:href="../649/11044649.xml">score</link>the process evalu particular pose count the number favor<link ns0:type="simple" ns0:href="../417/15417.xml">intermolecular interact</link>such<link ns0:type="simple" ns0:href="../609/13609.xml">hydrogen bond</link>and<link ns0:type="simple" ns0:href="../643/1020643.xml">hydrophob</link>contact</col></row><row><col>rank the process classifi which ligand are most like interact favor particular receptor base the predict<link ns0:type="simple" ns0:href="../221/39221.xml">freeenergi</link>bind</col></row><row><col align="right"><weblink ns0:type="simple" ns0:href="http://localhost:18088/wiki/index.php?title=Template:Docking_glossary action=edit">edit</weblink></col></row></table>the field<link ns0:type="simple" ns0:href="../019/6019.xml">comput chemistri</link>and<link ns0:type="simple" ns0:href="../256/734256.xml">molecular model</link>score function are fast approxim mathemat method use predict the strength the<link ns0:type="simple" ns0:href="../027/2485027.xml">noncoval</link>interact also refer<link ns0:type="simple" ns0:href="../016/11489016.xml">bind</link><link>affin</link>between two molecul after they have been<link ns0:type="simple" ns0:href="../623/2292623.xml">dock</link>most commonli one the molecul small organ compound such<link ns0:type="simple" ns0:href="../172/9311172.xml">drug</link>and the second the drug biolog target such<link ns0:type="simple" ns0:href="../634/23634.xml">protein</link><link ns0:type="simple" ns0:href="../480/569480.xml">receptor</link><ref ns0:type="simple" ns0:href="#xpointer(//reflist/entry[@id=%221%22])" />score function have also been develop predict the strength other type<link ns0:type="simple" ns0:href="../417/15417.xml">intermolecular</link>interact for exampl between two protein<ref ns0:type="simple" ns0:href="#xpointer(//reflist/entry[@id=%222%22])" />between protein and<link ns0:type="simple" ns0:href="../955/7955.xml">dna</link><ref ns0:type="simple" ns0:href="#xpointer(//reflist/entry[@id=%223%22])" /><sec><st>util</st><p>score function are particularli use for<link ns0:type="simple" ns0:href="../414/579414.xml">drug</link>and other type molecular design where speed more import than high accuraci these applic includ<ref ns0:type="simple" ns0:href="#xpointer(//reflist/entry[@id=%224%22])" /><list><entry level="1" type="bullet"><link ns0:type="simple" ns0:href="../575/5703575.xml">virtual screen</link>small molecul databas candid ligand identifi novel small molecul that bind protein target interest and therefor are use start point for<link ns0:type="simple" ns0:href="../274/571274.xml">drug discoveri</link><ref ns0:type="simple" ns0:href="#xpointer(//reflist/entry[@id=%225%22])" /></entry><entry level="1" type="bullet">novo design design from scratch novel small molecul that bind protein target<ref ns0:type="simple" ns0:href="#xpointer(//reflist/entry[@id=%226%22])" /></entry><entry level="1" type="bullet"><link ns0:type="simple" ns0:href="../783/3218783.xml">lead optim</link>screen hit optim their affin and select<ref ns0:type="simple" ns0:href="#xpointer(//reflist/entry[@id=%227%22])" /></entry></list></p><p>potenti more reliabl but much more comput demand altern score function are<link ns0:type="simple" ns0:href="../324/11085324.xml">free energi perturb</link>calcul<ref ns0:type="simple" ns0:href="#xpointer(//reflist/entry[@id=%228%22])" /></p></sec><sec><st>prerequisit</st><p>score function are normal parameter train against data set consist experiment determin bind affin between molecular speci similar the speci that one wish predict</p><p>for predict affin<link ns0:type="simple" ns0:href="../422/2202422.xml">ligand</link>for protein the follow must first known predict<list><entry level="1" type="bullet">protein<link ns0:type="simple" ns0:href="../032/31032.xml">tertiari structur</link>arrang the protein atom three dimension space protein structur may determin experiment techniqu such<technique wordnetid="105665146" confidence="0.8"><know-how wordnetid="105616786" confidence="0.8"><method wordnetid="105660268" confidence="0.8"><link ns0:type="simple" ns0:href="../151/34151.xml">xray crystallographi</link></method></know-how></technique>solut phase<link ns0:type="simple" ns0:href="../525/9820525.xml">nmr</link>method predict<link ns0:type="simple" ns0:href="../278/7026278.xml">homolog model</link></entry><entry level="1" type="bullet">ligand activ<link ns0:type="simple" ns0:href="../574/1527574.xml">conform</link>three dimension shape the ligand when bound the protein</entry><entry level="1" type="bullet">bindingmod orient the two bind partner rel each other the complex</entry></list></p><p>the abov inform yield the three dimension structur the complex base thi structur the score function can then estim the strength the associ between the two molecul the complex use one the method outlin below final the score function itself may use help predict both the bind mode and the activ conform the small molecul the complex</p></sec><sec><st>class</st><p>there are three gener class score function</p><p><list><entry level="1" type="bullet"><power wordnetid="105190804" confidence="0.8"><influence wordnetid="105194151" confidence="0.8"><force wordnetid="105194578" confidence="0.8"><link ns0:type="simple" ns0:href="../615/2916615.xml">forc field</link></force></influence></power>affin are estim sum the strength intermolecular<link ns0:type="simple" ns0:href="../657/70657.xml">van der waal</link>and<link ns0:type="simple" ns0:href="../328/368328.xml">electrostat</link>interact between all atom the two molecul the complex the intramolecular energi also refer<link ns0:type="simple" ns0:href="../643/1620643.xml">strain energi</link>the two bind partner are also frequent includ final sinc the bind normal take place the presenc water the<link ns0:type="simple" ns0:href="../041/44041.xml">desolv</link>energi the ligand and the protein are sometim taken into account use<link ns0:type="simple" ns0:href="../239/7479239.xml">implicit solvat</link>method such gbsa pbsa</entry><entry level="1" type="bullet">empir base count the number off variou type interact between the two bind partner<ref ns0:type="simple" ns0:href="#xpointer(//reflist/entry[@id=%226%22])" />count may base the number ligand and receptor atom contact with each other calcul the chang<link ns0:type="simple" ns0:href="../888/5799888.xml">solvent access surfac area</link>sasa the complex compar the uncomplex ligand and protein the coeffici the score function are usual fit use<link ns0:type="simple" ns0:href="../903/17903.xml">multipl linear regress</link>method these interact term the function may includ for exampl</entry><entry level="2" type="bullet">number<link ns0:type="simple" ns0:href="../609/13609.xml">hydrogen bond</link>favor electrostat contribut affin</entry><entry level="2" type="bullet"><link ns0:type="simple" ns0:href="../136/14136.xml">hydrophob</link>hydrophob contact favor</entry><entry level="2" type="bullet"><link ns0:type="simple" ns0:href="../293/79293.xml">hydrophil</link>hydrophob contact unfavor</entry><entry level="2" type="bullet">number rotat bond immobil complex format unfavor<link ns0:type="simple" ns0:href="../891/9891.xml">entrop</link>contribut</entry><entry level="1" type="bullet">knowledg base statist observ intermolecular close contact larg databas such the<link ns0:type="simple" ns0:href="../573/12799573.xml">cambridg structur databas</link><link ns0:type="simple" ns0:href="../505/102505.xml">protein data bank</link>which are use deriv<link ns0:type="simple" ns0:href="../179/7297179.xml">potenti mean forc</link>thi method found the assumpt that close intermolecular interact between certain type atom function group that occur more frequent than one would expect random distribut are like energet favor and therefor contribut favor bind affin<ref ns0:type="simple" ns0:href="#xpointer(//reflist/entry[@id=%229%22])" /></entry></list></p><p>final hybrid score function have also been develop which the compon from two more the abov score function are combin into one function</p></sec><sec><st>refer</st><p><reflist><entry id="1"><cite style="font-style:normal">jain score function for proteinligand dock curr protein pept sci<document wordnetid="106470073" confidence="0.8"><written_communication wordnetid="106349220" confidence="0.8"><writing wordnetid="106362953" confidence="0.8"><link ns0:type="simple" ns0:href="../994/422994.xml">doi</link></writing></written_communication></document><weblink ns0:type="simple" ns0:href="http://dx.doi.org/10.2174%2F138920306778559395" />pmid</cite></entry><entry id="2"><cite style="font-style:normal">lensink mndez wodak dock and score protein complex capri edit protein structur function and bioinformat<document wordnetid="106470073" confidence="0.8"><written_communication wordnetid="106349220" confidence="0.8"><writing wordnetid="106362953" confidence="0.8"><link ns0:type="simple" ns0:href="../994/422994.xml">doi</link></writing></written_communication></document><weblink ns0:type="simple" ns0:href="http://dx.doi.org/10.1002%2Fprot.21804">prot</weblink>pmid</cite></entry><entry id="3"><cite style="font-style:normal">robertson varani allatom distancedepend score function for the predict proteindna interact from structur protein<document wordnetid="106470073" confidence="0.8"><written_communication wordnetid="106349220" confidence="0.8"><writing wordnetid="106362953" confidence="0.8"><link ns0:type="simple" ns0:href="../994/422994.xml">doi</link></writing></written_communication></document><weblink ns0:type="simple" ns0:href="http://dx.doi.org/10.1002%2Fprot.21162">prot</weblink>pmid</cite></entry><entry id="4"><cite style="font-style:normal">rajamani good rank pose structurebas lead discoveri and optim current trend score function develop current opinion drug discoveri develop pmid</cite></entry><entry id="5"><cite style="font-style:normal">seifert krau kramer virtual highthroughput screen molecular databas current opinion drug discoveri develop pmid</cite></entry><entry id="6"><cite style="font-style:normal">bhm predict bind constant protein ligand fast method for the priorit hit obtain from novo design databas search program comput aid mol<document wordnetid="106470073" confidence="0.8"><written_communication wordnetid="106349220" confidence="0.8"><writing wordnetid="106362953" confidence="0.8"><link ns0:type="simple" ns0:href="../994/422994.xml">doi</link></writing></written_communication></document><weblink ns0:type="simple" ns0:href="http://dx.doi.org/10.1023%2FA%3A1007999920146" />pmid</cite></entry><entry id="7"><cite style="font-style:normal">josephmccarthi baber feyfant thompson humblet lead optim via highthroughput molecular dock current opinion drug discoveri develop pmid</cite></entry><entry id="8"><cite style="font-style:normal">folopp hubbard toward predict ligand design with freeenergi base comput method curr med chem<document wordnetid="106470073" confidence="0.8"><written_communication wordnetid="106349220" confidence="0.8"><writing wordnetid="106362953" confidence="0.8"><link ns0:type="simple" ns0:href="../994/422994.xml">doi</link></writing></written_communication></document><weblink ns0:type="simple" ns0:href="http://dx.doi.org/10.2174%2F092986706779026165" />pmid</cite></entry><entry id="9"><cite style="font-style:normal">muegg pmf score revisit med chem<document wordnetid="106470073" confidence="0.8"><written_communication wordnetid="106349220" confidence="0.8"><writing wordnetid="106362953" confidence="0.8"><link ns0:type="simple" ns0:href="../994/422994.xml">doi</link></writing></written_communication></document><weblink ns0:type="simple" ns0:href="http://dx.doi.org/10.1021%2Fjm050038s" />pmid</cite></entry></reflist></p></sec></bdy></entity></article>