<article xmlns:ns0="http://www.w3.org/1999/xlink"><software confidence="0.9508927676800064" wordnetid="106566077"><entity confidence="0.9511911446218017" wordnetid="100001740"><header><title>awstat</title><id /><revision><id /><timestamp /><contributor><username>wongm</username><id /></contributor></revision><categories><category>web analyt</category><category>web technolog</category><category>free web analyt softwar</category><category>free softwar program perl</category></categories></header><bdy><template><name>infobox softwar</name><parameters><genre><link ns0:type="simple" ns0:href="../872/2475872.xml">web analyt</link></genre><logo><image width="150px" src="Awstats_logo.png"><caption>awstat logo</caption></image></logo><website><weblink ns0:type="simple" ns0:href="http://awstats.sourceforge.net">awstatssourceforgenet</weblink></website><latest_release_version><weblink ns0:type="simple" ns0:href="http://sourceforge.net/project/showfiles.php?group_id13764" /></latest_release_version><latest_release_date><link ns0:type="simple" ns0:href="../803/15803.xml">juli</link><link ns0:type="simple" ns0:href="../825/35825.xml" /></latest_release_date><author><weblink ns0:type="simple" ns0:href="http://www.destailleur.fr/">laurent destailleur</weblink></author><name>awstat</name><programming_language><programming_language wordnetid="106898352" confidence="0.9508927676800064"><link ns0:type="simple" ns0:href="../939/23939.xml">perl</link></programming_language></programming_language><license><link ns0:type="simple" ns0:href="../683/18938683.xml">gnu gener public licens</link></license><operating_system><platform wordnetid="103961939" confidence="0.8"><artifact wordnetid="100021939" confidence="0.8"><surface wordnetid="104362025" confidence="0.8"><horizontal_surface wordnetid="103536348" confidence="0.8"><link ns0:type="simple" ns0:href="../193/81193.xml">crossplatform</link></horizontal_surface></surface></artifact></platform></operating_system></parameters></template><p>awstat<link ns0:type="simple" ns0:href="../758/18938758.xml">open sourc</link><link ns0:type="simple" ns0:href="../872/2475872.xml">web analyt</link>report tool suitabl for analyz<link ns0:type="simple" ns0:href="../381/320381.xml">data</link>from<link ns0:type="simple" ns0:href="../539/14539.xml">internet</link>servic such<link ns0:type="simple" ns0:href="../455/33455.xml">web</link><link ns0:type="simple" ns0:href="../682/28682.xml">stream media</link><link ns0:type="simple" ns0:href="../624/20624.xml">mail</link>and<link ns0:type="simple" ns0:href="../289/53289.xml">ftp</link>server awstat<link ns0:type="simple" ns0:href="../015/310015.xml">pars</link>and analyz server log file produc<format wordnetid="106636806" confidence="0.9508927676800064"><link ns0:type="simple" ns0:href="../191/13191.xml">html</link></format>report data visual present within report tabl and bar graph static report can creat through command line interfac and ondemand report support through web browser<link ns0:type="simple" ns0:href="../220/7220.xml">cgi</link>program</p><p>awstat support most major web server log file format includ<company wordnetid="108058098" confidence="0.8"><institution wordnetid="108053576" confidence="0.8"><link ns0:type="simple" ns0:href="../336/1336.xml">apach</link></institution></company>ncsa combinedxlfelf log format commonclf log format webstar<software wordnetid="106566077" confidence="0.9508927676800064"><link ns0:type="simple" ns0:href="../050/209050.xml" /></software><company wordnetid="108058098" confidence="0.9508927676800064"><link ns0:type="simple" ns0:href="../149/33149.xml" /></company>log format and mani other common web server log format develop can contribut the awstat project through<web_site wordnetid="106359193" confidence="0.9508927676800064"><link ns0:type="simple" ns0:href="../227/52227.xml">sourceforgenet</link></web_site></p><sec><st>crossplatform avail</st><p>written<programming_language wordnetid="106898352" confidence="0.9508927676800064"><link ns0:type="simple" ns0:href="../939/23939.xml">perl</link></programming_language>awstat can deploy almost ani<link ns0:type="simple" ns0:href="../194/22194.xml">oper system</link>veri popular server administr tool with packag avail for most<link ns0:type="simple" ns0:href="../212/18212.xml">linux distribut</link>awstat can instal workstat such<link ns0:type="simple" ns0:href="../890/18890.xml">window</link>for local use situat where log file can download from remot server</p></sec><sec><st>licens</st><p>awstat licens under the<link ns0:type="simple" ns0:href="../683/18938683.xml">gnu gener public licens</link>gpl</p></sec><sec><st>support</st><p>proper web log analysi tool configur and report interpret requir bit technic and busi knowledg awstat support resourc includ<weblink ns0:type="simple" ns0:href="http://awstats.sourceforge.net/docs/">document</weblink>and<weblink ns0:type="simple" ns0:href="http://sourceforge.net/forum/forum.php?forum_id=43428">user commun forum</weblink></p></sec><sec><st>secur consider</st><p>the ondemand<link ns0:type="simple" ns0:href="../220/7220.xml">cgi</link>program been the object secur exploit the case mani<link ns0:type="simple" ns0:href="../220/7220.xml">cgi</link>program organ wish provid public access their web analyt report should consid gener static<format wordnetid="106636806" confidence="0.9508927676800064"><link ns0:type="simple" ns0:href="../191/13191.xml">html</link></format>report the ondemand facil can still use restrict use intern user precaut should taken against<link ns0:type="simple" ns0:href="../814/1376814.xml">referr spam</link><weblink ns0:type="simple" ns0:href="http://www.antezeta.com/awstats.html#exref">referr spam filter function</weblink>version</p></sec><sec><st>altern</st><p>there are three primari<link ns0:type="simple" ns0:href="../758/18938758.xml">open sourc</link>altern awstat<list><entry level="1" type="bullet"><link ns0:type="simple" ns0:href="../339/10790339.xml">analog</link>offer wealth report option for technic audienc doe not support the concept visitor usual desir for busi analysi develop and support appear have stop with last version</entry><entry level="1" type="bullet"><link ns0:type="simple" ns0:href="../860/1635860.xml">webal</link>offer mani<link ns0:type="simple" ns0:href="../245/100245.xml">isp</link>fast and simpl smaller function set compar awstat develop and support appear have stop thi lead issu such<link ns0:type="simple" ns0:href="../892/210892.xml">firefox</link>browser count<company wordnetid="108058098" confidence="0.9508927676800064"><link ns0:type="simple" ns0:href="../979/21979.xml">netscap</link></company></entry><entry level="1" type="bullet"><software wordnetid="106566077" confidence="0.9508927676800064"><link ns0:type="simple" ns0:href="../161/8217161.xml">wperl</link></software>power altern which featur similar awstat</entry></list></p><p>there are also number minor<link ns0:type="simple" ns0:href="../758/18938758.xml">open sourc</link>altern awstat</p><p><list><entry level="1" type="bullet"><link ns0:type="simple" ns0:href="../051/2780051.xml">visitor program</link></entry><entry level="1" type="bullet">phpmyvisit</entry><entry level="1" type="bullet"><link>obsess websit statist</link></entry></list></p><p>the awstat project provid<weblink ns0:type="simple" ns0:href="http://awstats.sourceforge.net/docs/awstats_compare.html">detail comparison chart</weblink></p></sec><sec><st>see also</st><p><table style="background:#f9f9f9; font-size:85%; line-height:110%; "><row><col><image width="32x28px" src="Free_Software_Portal_Logo.svg" /></col><col style="padding:0 0.2em;">free softwar portal</col></row></table></p><p><list><entry level="1" type="bullet"><link ns0:type="simple" ns0:href="../872/2475872.xml">web analyt</link></entry><entry level="1" type="bullet"><link ns0:type="simple" ns0:href="../162/2110162.xml">web log analysi softwar</link></entry><entry level="1" type="bullet"><link ns0:type="simple" ns0:href="../381/320381.xml">server log</link></entry><entry level="1" type="bullet"><system wordnetid="104377057" confidence="0.8"><artifact wordnetid="100021939" confidence="0.8"><instrumentality wordnetid="103575240" confidence="0.8"><link ns0:type="simple" ns0:href="../098/70098.xml">data log</link></instrumentality></artifact></system></entry><entry level="1" type="bullet"><link ns0:type="simple" ns0:href="../758/18938758.xml">open sourc</link></entry></list></p></sec><sec><st>refer</st><p><list><entry level="1" type="bullet"><weblink ns0:type="simple" ns0:href="http://awstats.sourceforge.net/docs/">awstat document set</weblink></entry></list></p></sec><sec><st>extern link</st><p><list><entry level="1" type="bullet"><weblink ns0:type="simple" ns0:href="http://awstats.sourceforge.net/">awstat offici web site</weblink>includ document news softwar download and commun support forum</entry><entry level="1" type="bullet"><weblink ns0:type="simple" ns0:href="http://www.antezeta.com/awstats.html">antezeta awstat resourc center</weblink>includ custom report extra section and function extens</entry><entry level="1" type="bullet"><weblink ns0:type="simple" ns0:href="http://www.internetofficer.com/awstats/">internetoffic awstat librari</weblink>with awstat referr addon awsxl util mani extra section and awstat forum</entry><entry level="1" type="bullet">analyz web log with awstat<weblink ns0:type="simple" ns0:href="http://www.onlamp.com/lpt/a/6346">part</weblink>and<weblink ns0:type="simple" ns0:href="http://www.onlamp.com/lpt/a/6395">part</weblink>are stepbystep awstat guid instal configur and interpret report includ linux and window exampl</entry><entry level="1" type="bullet"><weblink ns0:type="simple" ns0:href="http://www.g-loaded.eu/2005/12/04/configure-awstats/">quick awstat guid</weblink>custom awstat instal the user home directori configur tip and creation static html report with extra section</entry><entry level="1" type="bullet"><weblink ns0:type="simple" ns0:href="http://betterawstats.com/">betterawstat</weblink>php frontend show you awstat data file differ</entry><entry level="1" type="bullet"><weblink ns0:type="simple" ns0:href="http://www.jawstats.com/">jawstat</weblink>ajax awstat wrapper with minim instal that provid fresh view awstat data</entry><entry level="1" type="bullet">view how<weblink ns0:type="simple" ns0:href="http://www.stereo.org.ua/2007/eliminate-spam-bots-from-web-stats/">elimin spam bot from awstat for good</weblink></entry><entry level="1" type="bullet"><weblink ns0:type="simple" ns0:href="http://davelozier.com/2008/06/20/awstats-vlogger/">awstat with vlogger</weblink>explain with exampl code</entry><entry level="1" type="bullet"><weblink ns0:type="simple" ns0:href="http://www.maxmind.com/app/perl?rId=awstats">maxmind geoip</weblink>perl api use awstat report countri region isp</entry></list></p></sec></bdy></entity></software></article>