<article xmlns:ns0="http://www.w3.org/1999/xlink"><physical_entity confidence="0.8" wordnetid="100001930"><person confidence="0.8" wordnetid="100007846"><entity confidence="0.9511911446218017" wordnetid="100001740"><performer confidence="0.8" wordnetid="110415638"><causal_agent confidence="0.8" wordnetid="100007347"><actor confidence="0.8" wordnetid="109765278"><entertainer confidence="0.8" wordnetid="109616922"><header><title>gari file</title><id /><revision><id /><timestamp /><contributor><username>tweeti bui</username><id /></contributor></revision><categories><category>canadian stage actor</category><category>live peopl</category><category>year birth miss live peopl</category><category>australian stage actor</category><category>australian televis actor</category><category>australian film actor</category><category>australian canadian descent</category><category>canadian film actor</category></categories></header><bdy>gari file australiancanadian actor writer and director who resid<country wordnetid="108544813" confidence="0.9508927676800064"><link ns0:type="simple" ns0:href="../264/4689264.xml">australia</link></country><region wordnetid="108630039" confidence="0.9508927676800064"><link ns0:type="simple" ns0:href="../916/5042916.xml">canada</link></region>and the<autocracy wordnetid="108361001" confidence="0.8"><system wordnetid="108435388" confidence="0.8"><social_group wordnetid="107950920" confidence="0.8"><political_orientation wordnetid="106212839" confidence="0.8"><monarchy wordnetid="108363812" confidence="0.8"><state wordnetid="108168978" confidence="0.8"><political_unit wordnetid="108359949" confidence="0.8"><political_system wordnetid="108367880" confidence="0.8"><economy wordnetid="108366753" confidence="0.8"><group wordnetid="100031264" confidence="0.8"><democracy wordnetid="106217103" confidence="0.8"><link ns0:type="simple" ns0:href="../717/31717.xml">unit kingdom</link></democracy></group></economy></political_system></political_unit></state></monarchy></political_orientation></social_group></system></autocracy>chosen live australia sinc<sec><st>earli life</st><p>file start career earli australian televis and semiprofession theatr and left for canada onc there attend the<university wordnetid="108286163" confidence="0.9508927676800064"><link ns0:type="simple" ns0:href="../819/2372819.xml">nation theatr school canada</link></university>both<village wordnetid="108672738" confidence="0.9508927676800064"><link ns0:type="simple" ns0:href="../681/7954681.xml">montreal</link></village>and stratford<district wordnetid="108552138" confidence="0.9508927676800064"><link ns0:type="simple" ns0:href="../218/22218.xml">ontario</link></district>join the second act year the school and graduat three year later almost immedi join john hirsch manitoba theatr compani for season dure which appear<comedy wordnetid="107015510" confidence="0.8"><writing_style wordnetid="107092158" confidence="0.8"><dramatic_composition wordnetid="107007684" confidence="0.8"><play wordnetid="107007945" confidence="0.8"><written_communication wordnetid="106349220" confidence="0.8"><writing wordnetid="106362953" confidence="0.8"><drama wordnetid="106376154" confidence="0.8"><expressive_style wordnetid="107066659" confidence="0.8"><link ns0:type="simple" ns0:href="../654/62654.xml">the tame the shrew</link></expressive_style></drama></writing></written_communication></play></dramatic_composition></writing_style></comedy>star len cariou and semin product<fictional_character wordnetid="109587565" confidence="0.8"><imaginary_being wordnetid="109483738" confidence="0.8"><link ns0:type="simple" ns0:href="../764/3728764.xml">mother courag</link></imaginary_being></fictional_character>star the australian actress<actor wordnetid="109765278" confidence="0.9508927676800064"><link ns0:type="simple" ns0:href="../904/5688904.xml">zoe caldwel</link></actor>return toronto play lead<link ns0:type="simple" ns0:href="../167/1047167.xml">the provokd wife</link>and<movie wordnetid="106613686" confidence="0.9508927676800064"><link ns0:type="simple" ns0:href="../437/174437.xml">what love war</link></movie>the crest theatr win telegram award for the most promis newcom for the latter then left canada pursu career the unit kingdom</p><p>whilst theatr school file did numer televis product for shoestr theatr cbc montreal start work cbc radio drama with sever product for<link>rupert kaplan</link>who one the first<writer wordnetid="110794014" confidence="0.9508927676800064"><dramatist wordnetid="110030277" confidence="0.9173553029164789"><link ns0:type="simple" ns0:href="../018/67018.xml">eugen oneil</link></dramatist></writer>play radio also appear two film for the<firm wordnetid="108059870" confidence="0.8"><company wordnetid="108058098" confidence="0.8"><enterprise wordnetid="108056231" confidence="0.8"><corporation wordnetid="108059412" confidence="0.8"><business wordnetid="108061042" confidence="0.8"><institution wordnetid="108053576" confidence="0.8"><link ns0:type="simple" ns0:href="../732/156732.xml">nation film board canada</link></institution></business></corporation></enterprise></company></firm>henri hudson and the selkirk settler</p></sec><sec><st>london</st><p>onc london file join the<company wordnetid="108058098" confidence="0.8"><institution wordnetid="108053576" confidence="0.8"><link ns0:type="simple" ns0:href="../853/342853.xml">theatr workshop</link></institution></company>london tour<movie wordnetid="106613686" confidence="0.9508927676800064"><link ns0:type="simple" ns0:href="../437/174437.xml">what love war</link></movie><country wordnetid="108544813" confidence="0.9508927676800064"><link ns0:type="simple" ns0:href="../058/13058.xml">east germani</link></country>for the berlin fest<country wordnetid="108544813" confidence="0.9508927676800064"><link ns0:type="simple" ns0:href="../166/33166.xml">west germani</link></country>and<country wordnetid="108544813" confidence="0.9508927676800064"><link ns0:type="simple" ns0:href="../343/3343.xml">belgium</link></country>return from europ ask join the compani the<building wordnetid="102913152" confidence="0.9508927676800064"><link ns0:type="simple" ns0:href="../802/728802.xml">bristol old vic</link></building>stay there for season and half lead and support<dramatic_composition wordnetid="107007684" confidence="0.8"><play wordnetid="107007945" confidence="0.8"><written_communication wordnetid="106349220" confidence="0.8"><writing wordnetid="106362953" confidence="0.8"><link ns0:type="simple" ns0:href="../043/5001043.xml">serjeant musgrav danc</link></writing></written_communication></play></dramatic_composition><link ns0:type="simple" ns0:href="../164/878164.xml">man and superman</link><dramatic_composition wordnetid="107007684" confidence="0.8"><play wordnetid="107007945" confidence="0.8"><written_communication wordnetid="106349220" confidence="0.8"><writing wordnetid="106362953" confidence="0.8"><link ns0:type="simple" ns0:href="../374/1135374.xml">bartholomew fair</link></writing></written_communication></play></dramatic_composition>andorra the creeper and final<link ns0:type="simple" ns0:href="../040/3433040.xml">the tale two citi</link>back london work for the intern theatr club the mercuri theatr not hill gate clope and the guy and final went the<link ns0:type="simple" ns0:href="../673/144673.xml">edinburgh festiv</link>with their product sanctic which done the<structure wordnetid="104341686" confidence="0.8"><building wordnetid="102913152" confidence="0.8"><artifact wordnetid="100021939" confidence="0.8"><theater wordnetid="104417809" confidence="0.8"><link ns0:type="simple" ns0:href="../844/6353844.xml">travers theatr</link></theater></artifact></building></structure>also work colchest rep for sever product play marat the promis for the liverpool rep and final appear the west end the rock music your veri own thing the comedi theatr befor head back canada</p><p>dure thi period gari also did televis for the bbc play mauric bruno konstantin<link ns0:type="simple" ns0:href="../723/1781723.xml">the young visit</link>and joseph warr<series wordnetid="108457976" confidence="0.9508927676800064"><link ns0:type="simple" ns0:href="../009/2113009.xml">softli softli</link></series>also play igor gouzenko the docudrama the spi well did lot radio work for the bbc the best stoney jackson<physical_entity wordnetid="100001930" confidence="0.8"><peer wordnetid="109626238" confidence="0.8"><communicator wordnetid="109610660" confidence="0.8"><person wordnetid="100007846" confidence="0.8"><colleague wordnetid="109935990" confidence="0.8"><causal_agent wordnetid="100007347" confidence="0.8"><writer wordnetid="110794014" confidence="0.8"><dramatist wordnetid="110030277" confidence="0.8"><associate wordnetid="109816771" confidence="0.8"><link ns0:type="simple" ns0:href="../936/456936.xml">arnold wesker</link></associate></dramatist></writer></causal_agent></colleague></person></communicator></peer></physical_entity>their veri own and golden citi also the mgm movi<movie wordnetid="106613686" confidence="0.9508927676800064"><link ns0:type="simple" ns0:href="../070/309070.xml">the dirti dozen</link></movie>abil with accent prove veri use when invit join the team actor voic<physical_entity wordnetid="100001930" confidence="0.8"><person wordnetid="100007846" confidence="0.8"><traveler wordnetid="109629752" confidence="0.8"><guest wordnetid="110150940" confidence="0.8"><causal_agent wordnetid="100007347" confidence="0.8"><visitor wordnetid="110757193" confidence="0.8"><link ns0:type="simple" ns0:href="../831/166831.xml">gerri anderson</link></visitor></causal_agent></guest></traveler></person></physical_entity>supermarion featur and seri centuri product start with the movi thunderbird then went voic for<link ns0:type="simple" ns0:href="../858/166858.xml">captain scarlet and the mysteron</link><series wordnetid="108457976" confidence="0.9508927676800064"><link ns0:type="simple" ns0:href="../992/426992.xml">joe</link></series>and final one the lead the secret servic also appear anderson liveact seri ufo</p></sec><sec><st>canada</st><p>return canada file join the compani the<company wordnetid="108058098" confidence="0.8"><institution wordnetid="108053576" confidence="0.8"><link ns0:type="simple" ns0:href="../623/1880623.xml">manitoba theatr centr</link></institution></company>for three play hail skrawdyk harri noon and night and the snow queen then join the<link>stratford nation theatr</link>the<region wordnetid="108630985" confidence="0.8"><center wordnetid="108523483" confidence="0.8"><area wordnetid="108497294" confidence="0.8"><location wordnetid="100027167" confidence="0.8"><scene wordnetid="108645963" confidence="0.8"><venue wordnetid="108677628" confidence="0.8"><link ns0:type="simple" ns0:href="../005/487005.xml">nation art centr</link></venue></scene></location></area></center></region><village wordnetid="108672738" confidence="0.9508927676800064"><link ns0:type="simple" ns0:href="../219/22219.xml">ottawa</link></village>play the hostag the hostag and three play<link ns0:type="simple" ns0:href="../557/1429557.xml">mrozek</link></p><p>from there went the<link>calgari theatr compani</link>for season the knack the father<comedy wordnetid="107015510" confidence="0.8"><writing_style wordnetid="107092158" confidence="0.8"><dramatic_composition wordnetid="107007684" confidence="0.8"><play wordnetid="107007945" confidence="0.8"><written_communication wordnetid="106349220" confidence="0.8"><writing wordnetid="106362953" confidence="0.8"><drama wordnetid="106376154" confidence="0.8"><expressive_style wordnetid="107066659" confidence="0.8"><link ns0:type="simple" ns0:href="../654/62654.xml">the tame the shrew</link></expressive_style></drama></writing></written_communication></play></dramatic_composition></writing_style></comedy>trip dracula and<dramatic_composition wordnetid="107007684" confidence="0.8"><play wordnetid="107007945" confidence="0.8"><written_communication wordnetid="106349220" confidence="0.8"><writing wordnetid="106362953" confidence="0.8"><link ns0:type="simple" ns0:href="../923/2767923.xml">the birthday parti</link></writing></written_communication></play></dramatic_composition>then join the stratford festiv compani for<link ns0:type="simple" ns0:href="../253/10010253.xml">the italian straw hat</link>and there one everi marriag for the next sever year play lead and support mani canadian compani start with philadelphia here come for theatr new brunswick then<dramatic_composition wordnetid="107007684" confidence="0.8"><play wordnetid="107007945" confidence="0.8"><written_communication wordnetid="106349220" confidence="0.8"><writing wordnetid="106362953" confidence="0.8"><link ns0:type="simple" ns0:href="../248/1052248.xml">loot</link></writing></written_communication></play></dramatic_composition>for the saidy bronfmann centr the trial and<comedy wordnetid="107015510" confidence="0.8"><writing_style wordnetid="107092158" confidence="0.8"><dramatic_composition wordnetid="107007684" confidence="0.8"><play wordnetid="107007945" confidence="0.8"><written_communication wordnetid="106349220" confidence="0.8"><writing wordnetid="106362953" confidence="0.8"><drama wordnetid="106376154" confidence="0.8"><expressive_style wordnetid="107066659" confidence="0.8"><link ns0:type="simple" ns0:href="../812/652812.xml">twelfth night</link></expressive_style></drama></writing></written_communication></play></dramatic_composition></writing_style></comedy>for toronto art theatr quiet day belfast for the tarragon theatr loot again for theatr plu acdc for the new theatr twelfth night again for the nation art centr ottawa<link ns0:type="simple" ns0:href="../830/25830.xml">rosencrantz and guildenstern are dead</link>for the press theatr butley<product wordnetid="104007894" confidence="0.8"><creation wordnetid="103129123" confidence="0.8"><artifact wordnetid="100021939" confidence="0.8"><event wordnetid="100029378" confidence="0.8"><social_event wordnetid="107288639" confidence="0.8"><movie wordnetid="106613686" confidence="0.8"><show wordnetid="106619065" confidence="0.8"><psychological_feature wordnetid="100023100" confidence="0.8"><link ns0:type="simple" ns0:href="../017/5339017.xml">butley</link></psychological_feature></show></movie></social_event></event></artifact></creation></product>for the bastion theatr<diversion wordnetid="100426928" confidence="0.8"><event wordnetid="100029378" confidence="0.8"><social_event wordnetid="107288639" confidence="0.8"><contest wordnetid="107456188" confidence="0.8"><show wordnetid="100520257" confidence="0.8"><game wordnetid="100456199" confidence="0.8"><act wordnetid="100030358" confidence="0.8"><psychological_feature wordnetid="100023100" confidence="0.8"><entertainment wordnetid="100429048" confidence="0.8"><activity wordnetid="100407535" confidence="0.8"><link ns0:type="simple" ns0:href="../150/5748150.xml">rel speak</link></activity></entertainment></psychological_feature></act></game></show></contest></social_event></event></diversion>for theatr calgari and final review the best jest for the teller cage restaur toronto befor head off back australia</p><p>dure thi time canada file also did radio drama for cbc radio well the children televis show<beginning wordnetid="100235435" confidence="0.8"><change wordnetid="100191142" confidence="0.8"><broadcast wordnetid="106619428" confidence="0.8"><social_event wordnetid="107288639" confidence="0.8"><show wordnetid="106619065" confidence="0.8"><show wordnetid="100520257" confidence="0.8"><entertainment wordnetid="100429048" confidence="0.8"><morpheme wordnetid="106306233" confidence="0.8"><ending wordnetid="106308765" confidence="0.8"><change_of_state wordnetid="100199130" confidence="0.8"><diversion wordnetid="100426928" confidence="0.8"><event wordnetid="100029378" confidence="0.8"><action wordnetid="100037396" confidence="0.8"><television_program wordnetid="106620579" confidence="0.8"><part wordnetid="113809207" confidence="0.8"><act wordnetid="100030358" confidence="0.8"><psychological_feature wordnetid="100023100" confidence="0.8"><activity wordnetid="100407535" confidence="0.8"><introduction wordnetid="100238022" confidence="0.8"><language_unit wordnetid="106284225" confidence="0.8"><link ns0:type="simple" ns0:href="../020/485020.xml">polka dot door</link></language_unit></introduction></activity></psychological_feature></act></part></television_program></action></event></diversion></change_of_state></ending></morpheme></entertainment></show></show></social_event></broadcast></change></beginning>for<link>oeca</link>also propheci for them then angi veri quiet street for sterno product and final hardin the seri the franki howerd show for cbc also began write career with cbc radio begin with sever programm the seri the age eleg then three programm the bush and the salon seri well adapt the scifi classic mask and tomorrow child episod seri the mani face music and ongo satir skit for happen with don cullen</p></sec><sec><st>australia</st><p>return melbourn file play the lead citi sugar for the<position wordnetid="108621598" confidence="0.8"><point wordnetid="108620061" confidence="0.8"><landmark wordnetid="108624891" confidence="0.8"><location wordnetid="100027167" confidence="0.8"><company wordnetid="108058098" confidence="0.8"><institution wordnetid="108053576" confidence="0.8"><link ns0:type="simple" ns0:href="../231/1784231.xml">melbourn theatr compani</link></institution></company></location></landmark></point></position>befor join the<link>south australian theatr compani</link>adelaid for citi sugar again then<history wordnetid="115121406" confidence="0.8"><time wordnetid="100028270" confidence="0.8"><dramatic_composition wordnetid="107007684" confidence="0.8"><play wordnetid="107007945" confidence="0.8"><written_communication wordnetid="106349220" confidence="0.8"><writing wordnetid="106362953" confidence="0.8"><past wordnetid="115120823" confidence="0.8"><link ns0:type="simple" ns0:href="../407/288407.xml">henri</link></past></writing></written_communication></play></dramatic_composition></time></history>and<movie wordnetid="106613686" confidence="0.9508927676800064"><link ns0:type="simple" ns0:href="../776/217776.xml">they shoot hors dont they</link></movie>sydney and the opera hous were next the ladi from maxim for the<company wordnetid="108058098" confidence="0.8"><institution wordnetid="108053576" confidence="0.8"><link ns0:type="simple" ns0:href="../309/10788309.xml">old tote theatr compani</link></institution></company>back melbourn for the playbox theatr edgar the danc death then buri child and the curs the starv class which went the adelaid festiv well<play wordnetid="107007945" confidence="0.9508927676800064"><link ns0:type="simple" ns0:href="../731/206731.xml">long day journey into night</link></play>for playbox follow crime the heart for the mtc woodworm and<link ns0:type="simple" ns0:href="../095/3615095.xml">insignific</link>for the playbox the latter tour the festiv sydney and anoth appear the opera hous which return month later play harri brock born yesterday for the sydney theatr</p><p>over the next sever year file continu play lead and support theatr start with short the wharf for the stc then mickey hurley burley for the mtc stalin master class for the hvtc georg coppin occup comedian for the writer theatr gerald<play wordnetid="107007945" confidence="0.9508927676800064"><link ns0:type="simple" ns0:href="../099/3207099.xml">woman mind</link></play>for the mtc then hard god for netc<person wordnetid="100007846" confidence="0.9508927676800064"><poet wordnetid="110444194" confidence="0.9173553029164789"><writer wordnetid="110794014" confidence="0.9508927676800064"><novelist wordnetid="110363573" confidence="0.9173553029164789"><dramatist wordnetid="110030277" confidence="0.9173553029164789"><link ns0:type="simple" ns0:href="../614/22614.xml">oscar wild</link></dramatist></novelist></writer></poet></person>oscar wild the cafe royal for the melbourn intern festiv for better for wors for chapel off chapel aliv williamstown pier the beckett theatr mysteri for the keenetaylor compani tight for mama father smyth the australian music eureka her majesti theatr sweet bug for red stitch theatr and uncl konrad the revisionist for summersblackman</p></sec><sec><st>film and televis</st><p>file appear sever australian film the money mover the club evil angel mull and dead end well two anim featur the littlest convict and abracadabra also manipul and voic the lead muppet simon smedley and aunt matilda the arcad show and smedley weekli two seri for children for the abc appear over televis seri and featur for australian televis the most memor desert fox corp andi edward rusti bugl punish fred ferguson prison slasher grey the great booki robberi tom ramsay the seri<link ns0:type="simple" ns0:href="../861/4732861.xml">neighbour</link>fred dali the true believ franki rafferti rule zeke russo insid run sam mcheath skirt henri barn correlli kevin howard two seri pig breakfast and fergu marshal the seri mda also play raymon radley the anim seri dogstar other anim seri appear have been quad and ocean girl</p></sec><sec><st>director</st><p>file start direct when cofound the period piec compani effort reviv classic theatr melbourn should experienc thi compani melbourn finest actor often lock into televis seri who did perform read the classic with complet cast irrespect the number part call for match the right actor the age the charact thu actor all age and experi work togeth someth that prove immens fulfil for cast audienc and director direct there one everi marriag the mediev mysteri play<product wordnetid="104007894" confidence="0.8"><creation wordnetid="103129123" confidence="0.8"><artifact wordnetid="100021939" confidence="0.8"><event wordnetid="100029378" confidence="0.8"><social_event wordnetid="107288639" confidence="0.8"><movie wordnetid="106613686" confidence="0.8"><show wordnetid="106619065" confidence="0.8"><psychological_feature wordnetid="100023100" confidence="0.8"><link ns0:type="simple" ns0:href="../901/12945901.xml">flea her ear</link></psychological_feature></show></movie></social_event></event></artifact></creation></product><dramatic_composition wordnetid="107007684" confidence="0.8"><play wordnetid="107007945" confidence="0.8"><written_communication wordnetid="106349220" confidence="0.8"><writing wordnetid="106362953" confidence="0.8"><link ns0:type="simple" ns0:href="../234/18372234.xml">trelawni the well</link></writing></written_communication></play></dramatic_composition><link ns0:type="simple" ns0:href="../253/87253.xml">when are marri</link><link ns0:type="simple" ns0:href="../500/764500.xml">rookeri nook</link>the devil ass and the one act opera sposo deluso mozart all for period piec</p><p>file artist director cross the line perform read play screenwrit the melbourn writer festiv the malthous for that direct snoop and gossam also direct the play allison rub for mama and the<fundamental_quantity wordnetid="113575869" confidence="0.8"><time_period wordnetid="115113229" confidence="0.8"><event wordnetid="100029378" confidence="0.8"><social_event wordnetid="107288639" confidence="0.8"><show wordnetid="106619065" confidence="0.8"><festival wordnetid="115162388" confidence="0.8"><psychological_feature wordnetid="100023100" confidence="0.8"><attraction wordnetid="106615561" confidence="0.8"><link ns0:type="simple" ns0:href="../992/762992.xml">melbourn intern comedi festiv</link></attraction></psychological_feature></festival></show></social_event></event></time_period></fundamental_quantity>and sinc direct dorothi parker say for michel stayner the chapel off chapel</p></sec><sec><st>writer</st><p>file write career continu apac australia wrote the four part comedi serial uncl vinni wireless for abc radio which won him awgi from the australian writer guild also written part produc and perform the comedi seri bruce roxon the all australian time travel for abc radio adapt and read air the scifi classic the man the maze and adapt tomorrow child seri for abc radio school wrote and perform two programm for the nation galleri victoria wedgewood centuri first and the spirit art</p></sec><sec><st>famili</st><p>file daughter the canadian actress<link>elva mai hoover</link>horror writer<physical_entity wordnetid="100001930" confidence="0.8"><communicator wordnetid="109610660" confidence="0.8"><person wordnetid="100007846" confidence="0.8"><causal_agent wordnetid="100007347" confidence="0.8"><writer wordnetid="110794014" confidence="0.8"><link ns0:type="simple" ns0:href="../262/3767262.xml">gemma file</link></writer></causal_agent></person></communicator></physical_entity></p></sec><sec><st>extern link</st><p><list><entry level="1" type="bullet"><weblink ns0:type="simple" ns0:href="http://www.imdb.com/name/nm0276872/">gari file</weblink>the<web_site wordnetid="106359193" confidence="0.9508927676800064"><link ns0:type="simple" ns0:href="../554/2855554.xml">internet movi databas</link></web_site></entry></list></p></sec></bdy></entertainer></actor></causal_agent></performer></entity></person></physical_entity></article>