<article xmlns:ns0="http://www.w3.org/1999/xlink"><company confidence="0.9508927676800064" wordnetid="108058098"><header><title>dunde wealth manag</title><id /><revision><id /><timestamp /><contributor><username>botijo</username><id /></contributor></revision><categories><category>compani list the toronto stock exchang</category></categories></header><bdy><template><name /><parameters><location>toronto ontario canada</location><company_name>dunde wealth manag</company_name><company_type>public compani<exchange wordnetid="111409538" confidence="0.9508927676800064"><link ns0:type="simple" ns0:href="../584/205584.xml">tsx</link></exchange><weblink ns0:type="simple" ns0:href="http://cxa.marketwatch.com/TSX/en/Market/quote.aspx?symbDW" />parent dunde corpor<exchange wordnetid="111409538" confidence="0.9508927676800064"><link ns0:type="simple" ns0:href="../584/205584.xml">tsx</link></exchange><weblink ns0:type="simple" ns0:href="http://cxa.marketwatch.com/TSX/en/Market/quote.aspx?symbDC" /></company_type><foundation>parent dunde corp found</foundation><industry>financi servic</industry><homepage>httpwwwdundeewealthcom</homepage><num_employees>and advisor</num_employees><revenue>cdn million fiscal asset cdn billion april</revenue><key_people>ned goodman founder</key_people></parameters></template>dunde wealth manag toronto canada base financi servic firm the parent compani dunde wealth manag dunde corpor<p>dunde wealth manag oper number differ whollyown subsidiari shown the section below dunde place storey build adelaid street east the downtown toronto financi district and home dunde wealth manag head offic</p><sec><st>origin the compani name</st><p>dunde wealth manag and parent dunde corpor are acknowledg compani literatur have been name after the town dunde scotland<link ns0:type="simple" ns0:href="../397/28397.xml">scottish gaelic</link>dagh which mean fort the river tay scottish gaelic the tay the longest river scotland while compani literatur explain the origin the compani name unclear whi the compani name after the citi dunde</p></sec><sec><st>parent compani</st><p>dunde wealth manag own subsidiari dunde corpor which oper three major busi</p><p><list><entry level="1" type="bullet">dunde resourc</entry><entry level="1" type="bullet">dunde wealth manag</entry><entry level="1" type="bullet">dunde realti</entry></list></p></sec><sec><st>dunde wealth manag busi</st><p><image location="right" width="600px" src="Dundee_org.JPG" /></p><p>dunde wealth manag oper subsidiari are group into major type busi</p><p><list><entry level="1" type="bullet">brokerag</entry><entry level="2" type="bullet">dunde secur</entry><entry level="2" type="bullet">dunde privat investor</entry><entry level="2" type="bullet">dunde insur agenc</entry><entry level="2" type="bullet">dunde mortgag servic</entry></list></p><p><list><entry level="1" type="bullet">invest manag</entry><entry level="2" type="bullet">goodman compani invest counsel</entry><entry level="2" type="bullet">dynam fund httpwwwdynamicca</entry><entry level="2" type="bullet">goodman privat wealth</entry></list></p><p><list><entry level="1" type="bullet">bank</entry><entry level="2" type="bullet">dunde bank canada httpwwwdbcca</entry></list></p></sec><sec><st>brokerag</st><p>dunde brokerag busi made dunde secur dunde privat investor dunde insur agenc and dunde mortgag</p><p>these oper includ full servic invest dealer engag wealth manag financi advisori servic retail brokerag institut sale trade equiti research and invest bank financi plan mutual fund dealership full servic manag gener agenc insur and mortgag servic</p><p>dunde secur over financi advisor deal with the public</p><p>dunde secur oper sellsid instituion sale trade floor and one tsx group member particip organ and one tsx group market maker april</p></sec><sec><st>invest manag</st><p>dunde invest manag busi run goodman compani invest counsel whose dynam fund divis perhap the more commonli known busi dunde invest manag busi</p><p>dynam fund mutual fund compani compet with the like fidel aim trimark aic fund and mani other see the<link ns0:type="simple" ns0:href="../156/9262156.xml">mutual fund compani canada</link>page for more inform</p></sec><sec><st>dunde bank canada httpwwwdbcca</st><p>dunde bank canada schedul canadian charter bank septemb scotiabank one canada lead financi institut purchas dunde bank for million also purchas further interest the parent compani dundeewealth for million some consid thi move scotiabank carri full fledg taker over dundeewealth time come</p><p>canada big five bank royal bank canada scotiabank cibc canada trust bank montreal are the major canadian charter bank classifi schedul see httpwwwcbacaensectionaspfl docid for more inform</p></sec><sec><st>sourc</st><p /><p /><p /><p>httpwwwcbacaensectionaspfl docid</p><p /></sec></bdy></company></article>