<article xmlns:ns0="http://www.w3.org/1999/xlink"><exile confidence="0.9511911446218017" wordnetid="110071332"><actor confidence="0.9173553029164789" wordnetid="109765278"><header><title>richard harrison actor</title><id /><revision><id /><timestamp /><contributor><username>lightbot</username><id /></contributor></revision><categories><category>american bmovi actor</category><category>american film actor</category><category>articl lack intext citat</category><category>american expatri itali</category><category>articl that includ imag for delet</category><category>spaghetti western actor</category><category>live peopl</category><category>utah actor</category><category>birth</category></categories></header><bdy><template><name>infobox actor</name><parameters><image width="150px" src="Eliminator.jpg"><caption>richard harrison<product wordnetid="104007894" confidence="0.8"><creation wordnetid="103129123" confidence="0.8"><artifact wordnetid="100021939" confidence="0.8"><event wordnetid="100029378" confidence="0.8"><social_event wordnetid="107288639" confidence="0.8"><movie wordnetid="106613686" confidence="0.8"><show wordnetid="106619065" confidence="0.8"><psychological_feature wordnetid="100023100" confidence="0.8"><link ns0:type="simple" ns0:href="../161/1704161.xml">blood debt</link></psychological_feature></show></movie></social_event></event></artifact></creation></product></caption></image><occupation><link ns0:type="simple" ns0:href="../753/753.xml">film actor</link></occupation><birthplace><village wordnetid="108672738" confidence="0.9508927676800064"><link ns0:type="simple" ns0:href="../837/53837.xml">salt lake citi utah</link></village></birthplace><name>richard harrison</name><birthdate>may age</birthdate></parameters></template><p><table class="metadata plainlinks ambox "><row><col>amboxstyl style</col></row><row><col class="mbox-image"><p><image width="50px" src="Text_document_with_red_question_mark.svg" /></p></col><col style="" class="mbox-text">thi articl includ but sourc remain unclear becaus lack you can thi articl introduc more precis citat</col></row></table></p><p>richard harrison<body wordnetid="107965085" confidence="0.8"><social_group wordnetid="107950920" confidence="0.8"><political_orientation wordnetid="106212839" confidence="0.8"><colony wordnetid="108374049" confidence="0.8"><state wordnetid="108168978" confidence="0.8"><political_unit wordnetid="108359949" confidence="0.8"><group wordnetid="100031264" confidence="0.8"><democracy wordnetid="106217103" confidence="0.8"><link ns0:type="simple" ns0:href="../750/3434750.xml">american</link></democracy></group></political_unit></state></colony></political_orientation></social_group></body><link ns0:type="simple" ns0:href="../391/105391.xml">bmovi</link>actor and occasion writerdirectorproduc born may<village wordnetid="108672738" confidence="0.9508927676800064"><link ns0:type="simple" ns0:href="../837/53837.xml">salt lake citi utah</link></village></p><p>harrison veri prolif and work with most the betterknown name european bmovi dure the and branch out<link ns0:type="simple" ns0:href="../922/101922.xml">exploit</link>film shot all over the world the earli work with director rang from establish name like<physical_entity wordnetid="100001930" confidence="0.8"><person wordnetid="100007846" confidence="0.8"><maker wordnetid="110284064" confidence="0.8"><scriptwriter wordnetid="110564905" confidence="0.8"><director wordnetid="110014939" confidence="0.8"><creator wordnetid="109614315" confidence="0.8"><communicator wordnetid="109610660" confidence="0.8"><manufacturer wordnetid="110292316" confidence="0.8"><administrator wordnetid="109770949" confidence="0.8"><leader wordnetid="109623038" confidence="0.8"><causal_agent wordnetid="100007347" confidence="0.8"><screenwriter wordnetid="110564400" confidence="0.8"><writer wordnetid="110794014" confidence="0.8"><head wordnetid="110162991" confidence="0.8"><link ns0:type="simple" ns0:href="../645/144645.xml">antonio margher</link></head></writer></screenwriter></causal_agent></leader></administrator></manufacturer></communicator></creator></director></scriptwriter></maker></person></physical_entity>and marino girolami infam<link ns0:type="simple" ns0:href="../320/8773320.xml">zmovi</link>director like<link ns0:type="simple" ns0:href="../436/2632436.xml">paolo solvay</link>and<physical_entity wordnetid="100001930" confidence="0.8"><person wordnetid="100007846" confidence="0.8"><leader wordnetid="109623038" confidence="0.8"><administrator wordnetid="109770949" confidence="0.8"><causal_agent wordnetid="100007347" confidence="0.8"><head wordnetid="110162991" confidence="0.8"><director wordnetid="110014939" confidence="0.8"><link ns0:type="simple" ns0:href="../328/3962328.xml">alfonso brescia</link></director></head></causal_agent></administrator></leader></person></physical_entity>harrison costar rang from major and minor star the time like<physical_entity wordnetid="100001930" confidence="0.8"><person wordnetid="100007846" confidence="0.8"><model wordnetid="110324560" confidence="0.8"><assistant wordnetid="109815790" confidence="0.8"><contestant wordnetid="109613191" confidence="0.8"><worker wordnetid="109632518" confidence="0.8"><performer wordnetid="110415638" confidence="0.8"><causal_agent wordnetid="100007347" confidence="0.8"><actor wordnetid="109765278" confidence="0.8"><entertainer wordnetid="109616922" confidence="0.8"><link ns0:type="simple" ns0:href="../640/904640.xml">anita ekberg</link></entertainer></actor></causal_agent></performer></worker></contestant></assistant></model></person></physical_entity><person wordnetid="100007846" confidence="0.9508927676800064"><actor wordnetid="109765278" confidence="0.9508927676800064"><link ns0:type="simple" ns0:href="../233/211233.xml">klau kinski</link></actor></person><physical_entity wordnetid="100001930" confidence="0.8"><person wordnetid="100007846" confidence="0.8"><performer wordnetid="110415638" confidence="0.8"><causal_agent wordnetid="100007347" confidence="0.8"><actor wordnetid="109765278" confidence="0.8"><entertainer wordnetid="109616922" confidence="0.8"><link ns0:type="simple" ns0:href="../339/1141339.xml">fernando sancho</link></entertainer></actor></causal_agent></performer></person></physical_entity>and<physical_entity wordnetid="100001930" confidence="0.8"><person wordnetid="100007846" confidence="0.8"><performer wordnetid="110415638" confidence="0.8"><causal_agent wordnetid="100007347" confidence="0.8"><actor wordnetid="109765278" confidence="0.8"><entertainer wordnetid="109616922" confidence="0.8"><link ns0:type="simple" ns0:href="../469/2583469.xml">helmut berger</link></entertainer></actor></causal_agent></performer></person></physical_entity>obscur cult actor such<actor wordnetid="109765278" confidence="0.9173553029164789"><link ns0:type="simple" ns0:href="../253/2342253.xml">mike monti</link></actor><physical_entity wordnetid="100001930" confidence="0.8"><person wordnetid="100007846" confidence="0.8"><traveler wordnetid="109629752" confidence="0.8"><performer wordnetid="110415638" confidence="0.8"><causal_agent wordnetid="100007347" confidence="0.8"><exile wordnetid="110071332" confidence="0.8"><actor wordnetid="109765278" confidence="0.8"><absentee wordnetid="109757653" confidence="0.8"><entertainer wordnetid="109616922" confidence="0.8"><link ns0:type="simple" ns0:href="../446/2342446.xml">romano kristoff</link></entertainer></absentee></actor></exile></causal_agent></performer></traveler></person></physical_entity>and<physical_entity wordnetid="100001930" confidence="0.8"><person wordnetid="100007846" confidence="0.8"><traveler wordnetid="109629752" confidence="0.8"><performer wordnetid="110415638" confidence="0.8"><causal_agent wordnetid="100007347" confidence="0.8"><exile wordnetid="110071332" confidence="0.8"><actor wordnetid="109765278" confidence="0.8"><absentee wordnetid="109757653" confidence="0.8"><entertainer wordnetid="109616922" confidence="0.8"><link ns0:type="simple" ns0:href="../291/2343291.xml">mike cohen</link></entertainer></absentee></actor></exile></causal_agent></performer></traveler></person></physical_entity></p><p>also famou for refus the titl role<actor wordnetid="109765278" confidence="0.9508927676800064"><link ns0:type="simple" ns0:href="../772/38772.xml">sergio leon</link></actor><movie wordnetid="106613686" confidence="0.9508927676800064"><link ns0:type="simple" ns0:href="../926/441926.xml">fist dollar</link></movie>and suggest the name colleagu<person wordnetid="100007846" confidence="0.9508927676800064"><actor wordnetid="109765278" confidence="0.9508927676800064"><link ns0:type="simple" ns0:href="../373/43373.xml">clint eastwood</link></actor></person>instead fact that guarante him footnot most book eastwood</p><sec><st>earli life</st><p>harrison left salt lake citi for<link ns0:type="simple" ns0:href="../110/18110.xml">angel</link>where found work first the vic tanni and bert goodrich gym mani peopl work the film industri train the gym and these encount led harrison studi act</p><p>appear<link ns0:type="simple" ns0:href="../208/28208.xml">santa monica</link>stage product then then small part featur film harrison work<link ns0:type="simple" ns0:href="../318/170318.xml">twentieth centuri fox</link>under act coach sandi meiser eventu sign three film deal with<company wordnetid="108058098" confidence="0.9508927676800064"><link ns0:type="simple" ns0:href="../231/203231.xml">american intern pictur</link></company>which led him itali where remain for almost three decad make name for himself first<link ns0:type="simple" ns0:href="../655/253655.xml">peplum</link>then<genre wordnetid="105845332" confidence="0.8"><idea wordnetid="105833840" confidence="0.8"><concept wordnetid="105835747" confidence="0.8"><category wordnetid="105838765" confidence="0.8"><kind wordnetid="105839024" confidence="0.8"><link ns0:type="simple" ns0:href="../399/15013399.xml">eurospi film</link></kind></category></concept></idea></genre>and<link ns0:type="simple" ns0:href="../177/29177.xml">spaghetti western</link>formal act studi set harrison apart from other muscular american actor work itali the earli such<actor wordnetid="109765278" confidence="0.9173553029164789"><link ns0:type="simple" ns0:href="../043/15427043.xml">brad harri</link></actor>and<actor wordnetid="109765278" confidence="0.9508927676800064"><link ns0:type="simple" ns0:href="../761/1038761.xml">steve reev</link></actor>with whom often group</p></sec><sec><st>bmovi</st><p>dure the harrison appear mostli bmovi mani which are now consid cult film</p><p>harrison reloc<system wordnetid="108435388" confidence="0.8"><economy wordnetid="108366753" confidence="0.8"><group wordnetid="100031264" confidence="0.8"><link ns0:type="simple" ns0:href="../532/14532.xml">itali</link></group></economy></system>the earli with first wife loretta and becam minor star<link ns0:type="simple" ns0:href="../655/253655.xml">peplum</link>spi film and<link ns0:type="simple" ns0:href="../177/29177.xml">spaghetti western</link>first italian film and first star role the invinc gladiat direct alberto martino and antonio momplet arguabl harrison most well known film from earli career the western gunfight red sand aka duello nel texa direct ricardo blasco gunfight red sand also noteworthi for the first italian western featur<composer wordnetid="109947232" confidence="0.9173553029164789"><person wordnetid="100007846" confidence="0.9508927676800064"><organizer wordnetid="110383237" confidence="0.9173553029164789"><artist wordnetid="109812338" confidence="0.9508927676800064"><link ns0:type="simple" ns0:href="../277/10277.xml">ennio morricon</link></artist></organizer></person></composer>score the film joko invoca dioi muori aka vengeanc direct<physical_entity wordnetid="100001930" confidence="0.8"><person wordnetid="100007846" confidence="0.8"><maker wordnetid="110284064" confidence="0.8"><scriptwriter wordnetid="110564905" confidence="0.8"><director wordnetid="110014939" confidence="0.8"><creator wordnetid="109614315" confidence="0.8"><communicator wordnetid="109610660" confidence="0.8"><manufacturer wordnetid="110292316" confidence="0.8"><administrator wordnetid="109770949" confidence="0.8"><leader wordnetid="109623038" confidence="0.8"><causal_agent wordnetid="100007347" confidence="0.8"><screenwriter wordnetid="110564400" confidence="0.8"><writer wordnetid="110794014" confidence="0.8"><head wordnetid="110162991" confidence="0.8"><link ns0:type="simple" ns0:href="../645/144645.xml">antonio margher</link></head></writer></screenwriter></causal_agent></leader></administrator></manufacturer></communicator></creator></director></scriptwriter></maker></person></physical_entity>anoth favorit among spaghetti western fan luciano martino movi secret agent firebal harrison first<link ns0:type="simple" ns0:href="../399/15013399.xml">eurospi</link>film also often cite best film the genr and one better earlier film</p></sec><sec><st>exploit film</st><p>dure thi time that richard harrison start show more and more lowbudget featur all over the globe harrison start sport moustach which becam someth trademark for him the come year although the gener qualiti filmographi somewhat low some film from the time have gone cult statu</p><p><image location="left" width="150px" src="7women.jpg" type="thumb"><caption>cover finnish rental video you can lot with women from the late the titl translat drug courier</caption></image>harrison career dwindl slowli the the same rate the spaghetti western die began appear lowbudget movi shot all over the world<country wordnetid="108544813" confidence="0.9508927676800064"><link ns0:type="simple" ns0:href="../628/8087628.xml">egypt</link></country>you can lot with women with the<link ns0:type="simple" ns0:href="../020/192020.xml">shaw brother</link><country wordnetid="108544813" confidence="0.9508927676800064"><link ns0:type="simple" ns0:href="../404/13404.xml">hong kong</link></country>marco polo and<link ns0:type="simple" ns0:href="../639/11125639.xml">turkey</link>the godfath friend<physical_entity wordnetid="100001930" confidence="0.8"><person wordnetid="100007846" confidence="0.8"><maker wordnetid="110284064" confidence="0.8"><scriptwriter wordnetid="110564905" confidence="0.8"><director wordnetid="110014939" confidence="0.8"><creator wordnetid="109614315" confidence="0.8"><communicator wordnetid="109610660" confidence="0.8"><manufacturer wordnetid="110292316" confidence="0.8"><administrator wordnetid="109770949" confidence="0.8"><leader wordnetid="109623038" confidence="0.8"><causal_agent wordnetid="100007347" confidence="0.8"><screenwriter wordnetid="110564400" confidence="0.8"><writer wordnetid="110794014" confidence="0.8"><head wordnetid="110162991" confidence="0.8"><link ns0:type="simple" ns0:href="../492/8848492.xml">farouk frank agrama</link></head></writer></screenwriter></causal_agent></leader></administrator></manufacturer></communicator></creator></director></scriptwriter></maker></person></physical_entity>harrison even appear<country wordnetid="108544813" confidence="0.9508927676800064"><link ns0:type="simple" ns0:href="../809/297809.xml">yugoslavian</link></country>war film the effort pakleni otok direct vladimir tadej</p><p>made most better qualiti film dure the earlier half the decad like the comic spaghetti western due fratelli aka two brother triniti which also direct costar due fratelli the irishamerican actor donald obrien anoth veteran italian bfilm harrison and obrien play two estrang brother rejoin after receiv inherit harrison lovabl rogu obrien piou<physical_entity wordnetid="100001930" confidence="0.8"><person wordnetid="100007846" confidence="0.8"><good_person wordnetid="110138767" confidence="0.8"><causal_agent wordnetid="100007347" confidence="0.8"><saint wordnetid="110546850" confidence="0.8"><link ns0:type="simple" ns0:href="../035/19035.xml">mormon</link></saint></causal_agent></good_person></person></physical_entity>harrison want spend money build<link ns0:type="simple" ns0:href="../013/206013.xml">bordello</link>and comic adventur the spirit the<person wordnetid="100007846" confidence="0.9508927676800064"><actor wordnetid="109765278" confidence="0.9508927676800064"><link ns0:type="simple" ns0:href="../278/30278.xml">terenc hill</link></actor></person><person wordnetid="100007846" confidence="0.9508927676800064"><actor wordnetid="109765278" confidence="0.9508927676800064"><link ns0:type="simple" ns0:href="../841/3841.xml">bud spencer</link></actor></person>hit<link>name triniti</link>follow</p><p>other notabl earli film were churchil leopard direct maurizio pradeaux and also star giacomo rossistuart and<person wordnetid="100007846" confidence="0.9508927676800064"><actor wordnetid="109765278" confidence="0.9508927676800064"><link ns0:type="simple" ns0:href="../233/211233.xml">klau kinski</link></actor></person>which harrison got play doubl role acquasanta joe direct mario gariazzo and star<physical_entity wordnetid="100001930" confidence="0.8"><person wordnetid="100007846" confidence="0.8"><intellectual wordnetid="109621545" confidence="0.8"><performer wordnetid="110415638" confidence="0.8"><alumnus wordnetid="109786338" confidence="0.8"><causal_agent wordnetid="100007347" confidence="0.8"><actor wordnetid="109765278" confidence="0.8"><scholar wordnetid="110557854" confidence="0.8"><entertainer wordnetid="109616922" confidence="0.8"><link ns0:type="simple" ns0:href="../480/2190480.xml">hardin</link></entertainer></scholar></actor></causal_agent></alumnus></performer></intellectual></person></physical_entity>and lincoln tate otherwis mediocr western worth mention for have harrison cast against type villain and dig your grave friendsabata come direct juan bosch western liven the presenc spanish actor<physical_entity wordnetid="100001930" confidence="0.8"><person wordnetid="100007846" confidence="0.8"><performer wordnetid="110415638" confidence="0.8"><causal_agent wordnetid="100007347" confidence="0.8"><actor wordnetid="109765278" confidence="0.8"><entertainer wordnetid="109616922" confidence="0.8"><link ns0:type="simple" ns0:href="../339/1141339.xml">fernando sancho</link></entertainer></actor></causal_agent></performer></person></physical_entity>harrison act sever film with sancho the archetyp mexican bandit paella and spaghetti western most which were produc andor direct<physical_entity wordnetid="100001930" confidence="0.8"><person wordnetid="100007846" confidence="0.8"><leader wordnetid="109623038" confidence="0.8"><administrator wordnetid="109770949" confidence="0.8"><causal_agent wordnetid="100007347" confidence="0.8"><head wordnetid="110162991" confidence="0.8"><director wordnetid="110014939" confidence="0.8"><link ns0:type="simple" ns0:href="../591/2640591.xml">ignacio iquino</link></director></head></causal_agent></administrator></leader></person></physical_entity></p><p><image location="right" width="150px" src="Belvacolmitra.jpg" type="thumb"><caption>cover finnish rental video belva col mitra from the earli the titl translat death know law harrison can seen hold gun the photo the bottom right</caption></image>some the arguabl most dubiou film harrison made dure the decad were achtung the desert tiger for<link ns0:type="simple" ns0:href="../436/2632436.xml">paolo solvay</link>black gold dossier also solvay and voodoo babi aka black orgasm notori italian director aristid massaccessi also known<physical_entity wordnetid="100001930" confidence="0.8"><person wordnetid="100007846" confidence="0.8"><leader wordnetid="109623038" confidence="0.8"><administrator wordnetid="109770949" confidence="0.8"><causal_agent wordnetid="100007347" confidence="0.8"><head wordnetid="110162991" confidence="0.8"><director wordnetid="110014939" confidence="0.8"><link ns0:type="simple" ns0:href="../697/653697.xml">joe damato</link></director></head></causal_agent></administrator></leader></person></physical_entity>achtung the desert tiger also star harrison friend and frequent costar<bodybuilder wordnetid="109862845" confidence="0.9173553029164789"><actor wordnetid="109765278" confidence="0.9173553029164789"><link ns0:type="simple" ns0:href="../999/2347999.xml">gordon mitchel</link></actor></bodybuilder>and featur<actor wordnetid="109765278" confidence="0.9173553029164789"><link ns0:type="simple" ns0:href="../253/2342253.xml">mike monti</link></actor>small role collag footag from solvay previou<military_action wordnetid="100952963" confidence="0.8"><group_action wordnetid="101080366" confidence="0.8"><event wordnetid="100029378" confidence="0.8"><conflict wordnetid="100958896" confidence="0.8"><act wordnetid="100030358" confidence="0.8"><psychological_feature wordnetid="100023100" confidence="0.8"><war wordnetid="100973077" confidence="0.8"><link ns0:type="simple" ns0:href="../927/32927.xml">world war</link></war></psychological_feature></act></conflict></event></group_action></military_action>film mix with new prison camp and war action scene includ somewhat tasteless tortur footag black gold dossier again costar<bodybuilder wordnetid="109862845" confidence="0.9173553029164789"><actor wordnetid="109765278" confidence="0.9173553029164789"><link ns0:type="simple" ns0:href="../999/2347999.xml">gordon mitchel</link></actor></bodybuilder><link ns0:type="simple" ns0:href="../501/10501.xml">spi</link>epic set unnam<link ns0:type="simple" ns0:href="../323/19323.xml">middl eastern</link>countri spice liber use<link ns0:type="simple" ns0:href="../082/965082.xml">stock footag</link>and femal lead florenc cayrol who spend the major the film differ stage undress voodoo babi<link ns0:type="simple" ns0:href="../173/1972173.xml">sexploit</link>film that massaccessi<link ns0:type="simple" ns0:href="../245/285245.xml">hardcor</link><link ns0:type="simple" ns0:href="../507/5710507.xml">porno</link>scene without harrison knowledg and much disgust</p><p>one the more success harrison film from the latter half the the<product wordnetid="104007894" confidence="0.8"><creation wordnetid="103129123" confidence="0.8"><artifact wordnetid="100021939" confidence="0.8"><event wordnetid="100029378" confidence="0.8"><social_event wordnetid="107288639" confidence="0.8"><movie wordnetid="106613686" confidence="0.8"><show wordnetid="106619065" confidence="0.8"><psychological_feature wordnetid="100023100" confidence="0.8"><link ns0:type="simple" ns0:href="../300/6484300.xml">italian crime thriller</link></psychological_feature></show></movie></social_event></event></artifact></creation></product>belva col mitra aka beast with gun direct sergio grieco also star<physical_entity wordnetid="100001930" confidence="0.8"><person wordnetid="100007846" confidence="0.8"><performer wordnetid="110415638" confidence="0.8"><causal_agent wordnetid="100007347" confidence="0.8"><actor wordnetid="109765278" confidence="0.8"><entertainer wordnetid="109616922" confidence="0.8"><link ns0:type="simple" ns0:href="../469/2583469.xml">helmut berger</link></entertainer></actor></causal_agent></performer></person></physical_entity>and<physical_entity wordnetid="100001930" confidence="0.8"><person wordnetid="100007846" confidence="0.8"><performer wordnetid="110415638" confidence="0.8"><causal_agent wordnetid="100007347" confidence="0.8"><actor wordnetid="109765278" confidence="0.8"><entertainer wordnetid="109616922" confidence="0.8"><link ns0:type="simple" ns0:href="../522/1134522.xml">marisa mell</link></entertainer></actor></causal_agent></performer></person></physical_entity>harrison play the part polic commission giulio santini with topbil berger psychot crimin nanni vitali out kill santini and everyon els who testifi against him court although belva col mitra classic welldirect movi and the contrast between harrison underplay style and berger manic perform work favor howev belva col mitra not without some controversi appar berger request harrison scene were cut down the film for addit trivia scene from belva col mitra show the<person wordnetid="100007846" confidence="0.9508927676800064"><actor wordnetid="109765278" confidence="0.9508927676800064"><link ns0:type="simple" ns0:href="../169/25169.xml">quentin tarantino</link></actor></person>film<link ns0:type="simple" ns0:href="../792/394792.xml">jacki brown</link></p><p>probabl the most interest curio harrison filmographi the film lexplos direct marc simenon the son<physical_entity wordnetid="100001930" confidence="0.8"><communicator wordnetid="109610660" confidence="0.8"><person wordnetid="100007846" confidence="0.8"><causal_agent wordnetid="100007347" confidence="0.8"><writer wordnetid="110794014" confidence="0.8"><link ns0:type="simple" ns0:href="../032/182032.xml">georg simenon</link></writer></causal_agent></person></communicator></physical_entity>and costar myln demongeot the<link ns0:type="simple" ns0:href="../501/19501.xml">martial art</link>spi film gymkata killer also curio interest onli for the presenc<person wordnetid="100007846" confidence="0.9508927676800064"><actor wordnetid="109765278" confidence="0.9508927676800064"><link ns0:type="simple" ns0:href="../313/37313.xml">bruce lee</link></actor></person>imit<physical_entity wordnetid="100001930" confidence="0.8"><person wordnetid="100007846" confidence="0.8"><performer wordnetid="110415638" confidence="0.8"><causal_agent wordnetid="100007347" confidence="0.8"><actor wordnetid="109765278" confidence="0.8"><entertainer wordnetid="109616922" confidence="0.8"><link ns0:type="simple" ns0:href="../174/7228174.xml">bruce</link></entertainer></actor></causal_agent></performer></person></physical_entity>who also direct the film with uncredit help from<link ns0:type="simple" ns0:href="../436/2632436.xml">paolo solvay</link>european<link ns0:type="simple" ns0:href="../902/344902.xml">softcor</link>star nadiuska and harrison son sebastian</p></sec><sec><st>oversea for zmovi</st><p>the found himself mostli strand bmovi action film made the<country wordnetid="108544813" confidence="0.9508927676800064"><link ns0:type="simple" ns0:href="../440/23440.xml">philippin</link></country>and<country wordnetid="108544813" confidence="0.9508927676800064"><link ns0:type="simple" ns0:href="../404/13404.xml">hong kong</link></country>although gener consid the lowest point harrison career some film have gain cult audienc their own<image location="right" width="150px" src="Fireback3.jpg" type="thumb"><caption>richard harrison action<product wordnetid="104007894" confidence="0.8"><creation wordnetid="103129123" confidence="0.8"><artifact wordnetid="100021939" confidence="0.8"><event wordnetid="100029378" confidence="0.8"><social_event wordnetid="107288639" confidence="0.8"><movie wordnetid="106613686" confidence="0.8"><show wordnetid="106619065" confidence="0.8"><psychological_feature wordnetid="100023100" confidence="0.8"><link ns0:type="simple" ns0:href="../448/2347448.xml">fireback</link></psychological_feature></show></movie></social_event></event></artifact></creation></product>note the custom weapon recur element the film teddi pagethi imag may delet after seven day from the date nomin</caption></image></p><p>the philippin harrison act five ultralowbudget action best classifi<link ns0:type="simple" ns0:href="../320/8773320.xml">zmovi</link>produc<link>lim</link>for silver star film compani call kinavesa the philippin three<product wordnetid="104007894" confidence="0.8"><creation wordnetid="103129123" confidence="0.8"><artifact wordnetid="100021939" confidence="0.8"><event wordnetid="100029378" confidence="0.8"><social_event wordnetid="107288639" confidence="0.8"><movie wordnetid="106613686" confidence="0.8"><show wordnetid="106619065" confidence="0.8"><psychological_feature wordnetid="100023100" confidence="0.8"><link ns0:type="simple" ns0:href="../448/2347448.xml">fireback</link></psychological_feature></show></movie></social_event></event></artifact></creation></product>hunter cross and<product wordnetid="104007894" confidence="0.8"><creation wordnetid="103129123" confidence="0.8"><artifact wordnetid="100021939" confidence="0.8"><event wordnetid="100029378" confidence="0.8"><social_event wordnetid="107288639" confidence="0.8"><movie wordnetid="106613686" confidence="0.8"><show wordnetid="106619065" confidence="0.8"><psychological_feature wordnetid="100023100" confidence="0.8"><link ns0:type="simple" ns0:href="../161/1704161.xml">blood debt</link></psychological_feature></show></movie></social_event></event></artifact></creation></product>were direct<physical_entity wordnetid="100001930" confidence="0.8"><person wordnetid="100007846" confidence="0.8"><leader wordnetid="109623038" confidence="0.8"><administrator wordnetid="109770949" confidence="0.8"><causal_agent wordnetid="100007347" confidence="0.8"><head wordnetid="110162991" confidence="0.8"><director wordnetid="110014939" confidence="0.8"><link ns0:type="simple" ns0:href="../311/1915311.xml">teddi page</link></director></head></causal_agent></administrator></leader></person></physical_entity>and two intrus cambodia and rescu team<physical_entity wordnetid="100001930" confidence="0.8"><person wordnetid="100007846" confidence="0.8"><leader wordnetid="109623038" confidence="0.8"><administrator wordnetid="109770949" confidence="0.8"><causal_agent wordnetid="100007347" confidence="0.8"><head wordnetid="110162991" confidence="0.8"><director wordnetid="110014939" confidence="0.8"><link ns0:type="simple" ns0:href="../435/4161435.xml">john gale</link></director></head></causal_agent></administrator></leader></person></physical_entity>all were bad but the three page film except mix nearsadist violenc with childlik enthusiast naiveti reminisc the film<link ns0:type="simple" ns0:href="../520/10520.xml">wood</link>the book<link ns0:type="simple" ns0:href="../902/2465902.xml">god polyest</link>and god spandex harrison state that wrote some the screenplay for the filipino film practic overnight use<link ns0:type="simple" ns0:href="../594/40594.xml">pseudonym</link>the fireback screenplay harrison wrote credit timothi jorg pseudonym usual use don gordon bell one the expatri american actor work for silver star harrison also mention that the silver star film act didnt have complet shoot script and mani scene were improvis the spot which contribut their disjoint narr</p><p>silver star recycl the same group american and european<link ns0:type="simple" ns0:href="../078/287078.xml">expatri</link>actor from film film all whom appear the harrison vehicl<actor wordnetid="109765278" confidence="0.9173553029164789"><link ns0:type="simple" ns0:href="../253/2342253.xml">mike monti</link></actor>old acquaint harrison from the italian day who had migrat the archipelago<actor wordnetid="109765278" confidence="0.9173553029164789"><link ns0:type="simple" ns0:href="../739/2342739.xml">jame gain</link></actor><physical_entity wordnetid="100001930" confidence="0.8"><person wordnetid="100007846" confidence="0.8"><traveler wordnetid="109629752" confidence="0.8"><performer wordnetid="110415638" confidence="0.8"><causal_agent wordnetid="100007347" confidence="0.8"><exile wordnetid="110071332" confidence="0.8"><actor wordnetid="109765278" confidence="0.8"><absentee wordnetid="109757653" confidence="0.8"><entertainer wordnetid="109616922" confidence="0.8"><link ns0:type="simple" ns0:href="../446/2342446.xml">romano kristoff</link></entertainer></absentee></actor></exile></causal_agent></performer></traveler></person></physical_entity><actor wordnetid="109765278" confidence="0.9173553029164789"><link ns0:type="simple" ns0:href="../064/1904064.xml">bruce baron</link></actor><physical_entity wordnetid="100001930" confidence="0.8"><person wordnetid="100007846" confidence="0.8"><performer wordnetid="110415638" confidence="0.8"><causal_agent wordnetid="100007347" confidence="0.8"><actor wordnetid="109765278" confidence="0.8"><entertainer wordnetid="109616922" confidence="0.8"><link ns0:type="simple" ns0:href="../154/2343154.xml">ann milhench</link></entertainer></actor></causal_agent></performer></person></physical_entity>and other harrison struck friendship with kristoff one the lead silver star actor and later invit him<system wordnetid="108435388" confidence="0.8"><economy wordnetid="108366753" confidence="0.8"><group wordnetid="100031264" confidence="0.8"><link ns0:type="simple" ns0:href="../532/14532.xml">itali</link></group></economy></system>act film produc and direct three men fire</p><p>the time they were made the poor qualiti the filipino film hurt harrison reput over the year they have attract some cult interest bad movi fandom although rememb teddi page fondli harrison doesnt have too mani kind word for lim and work for silver star</p><p>hong kong harrison star what suppos small number lowbudget martial art ninja film direct chines filmmak<physical_entity wordnetid="100001930" confidence="0.8"><person wordnetid="100007846" confidence="0.8"><leader wordnetid="109623038" confidence="0.8"><administrator wordnetid="109770949" confidence="0.8"><causal_agent wordnetid="100007347" confidence="0.8"><head wordnetid="110162991" confidence="0.8"><director wordnetid="110014939" confidence="0.8"><link ns0:type="simple" ns0:href="../101/1505101.xml">godfrey</link></director></head></causal_agent></administrator></leader></person></physical_entity>whom alreadi familiar with from work for the<link ns0:type="simple" ns0:href="../020/192020.xml">shaw brother</link>the howev later reedit scene into sever more film cutandpast style filmmak that sinc made him infam harrison found himself the unwil star almost dozen differ movi with titl like cobra ninja golden ninja warrior and diamond nnja forc like the silver star product the ninja film have sinc becom<link ns0:type="simple" ns0:href="../645/5645.xml">cult film</link></p><p>disgust with that outcom harrison return the unit state slow down film work and quit act the earli nineti last film date were the erot thriller angel eye direct the prolif cinematographerdirector<cameraman wordnetid="109889539" confidence="0.9173553029164789"><actor wordnetid="109765278" confidence="0.9508927676800064"><link ns0:type="simple" ns0:href="../056/8251056.xml">gari graver</link></actor></cameraman>and star<orator wordnetid="110380672" confidence="0.9173553029164789"><actor wordnetid="109765278" confidence="0.9173553029164789"><link ns0:type="simple" ns0:href="../864/142864.xml">erik estrada</link></actor></orator><actor wordnetid="109765278" confidence="0.9173553029164789"><link ns0:type="simple" ns0:href="../712/2234712.xml">john phillip law</link></actor>and<person wordnetid="100007846" confidence="0.9508927676800064"><actor wordnetid="109765278" confidence="0.9508927676800064"><link ns0:type="simple" ns0:href="../982/5876982.xml">moniqu gabriel</link></actor></person>and the film jerk</p><p>some the more noteworthi movi harrison later career were the<link ns0:type="simple" ns0:href="../291/19291.xml">moroccan</link>film amok and dark mission the both love and hate<system wordnetid="108435388" confidence="0.8"><economy wordnetid="108366753" confidence="0.8"><group wordnetid="100031264" confidence="0.8"><link ns0:type="simple" ns0:href="../667/26667.xml">spanish</link></group></economy></system>director<link ns0:type="simple" ns0:href="../169/1176169.xml">jesu franco</link>the latter might not much better than harrison filipino film term qualiti but did have moreinterestingthanusu cast featur<person wordnetid="100007846" confidence="0.9508927676800064"><actor wordnetid="109765278" confidence="0.9508927676800064"><link ns0:type="simple" ns0:href="../494/53494.xml">christoph lee</link></actor></person><actor wordnetid="109765278" confidence="0.9173553029164789"><link ns0:type="simple" ns0:href="../273/1204273.xml">christoph mitchum</link></actor>and<country wordnetid="108544813" confidence="0.9508927676800064"><link ns0:type="simple" ns0:href="../419/5843419.xml">french</link></country>adult film star<natural_object wordnetid="100019128" confidence="0.8"><celestial_body wordnetid="109239740" confidence="0.8"><star wordnetid="109444100" confidence="0.8"><link ns0:type="simple" ns0:href="../317/849317.xml">brigitt lahai</link></star></celestial_body></natural_object>also known from the horror film<physical_entity wordnetid="100001930" confidence="0.8"><person wordnetid="100007846" confidence="0.8"><leader wordnetid="109623038" confidence="0.8"><administrator wordnetid="109770949" confidence="0.8"><causal_agent wordnetid="100007347" confidence="0.8"><head wordnetid="110162991" confidence="0.8"><director wordnetid="110014939" confidence="0.8"><link ns0:type="simple" ns0:href="../706/653706.xml">jean rollin</link></director></head></causal_agent></administrator></leader></person></physical_entity></p><p>one few seriou role that harrison portray the that american presid<president wordnetid="110468559" confidence="0.9508927676800064"><person wordnetid="100007846" confidence="0.9508927676800064"><tailor wordnetid="110689564" confidence="0.9173553029164789"><link ns0:type="simple" ns0:href="../624/1624.xml">andrew johnson</link></tailor></person></president><actor wordnetid="109765278" confidence="0.9508927676800064"><link ns0:type="simple" ns0:href="../704/4780704.xml">ali hatami</link></actor>iranian product<movie wordnetid="106613686" confidence="0.9508927676800064"><link ns0:type="simple" ns0:href="../510/10299510.xml">hajji washington</link></movie>the film complet but not screen iran until</p><p>although harrison remain littl known the englishspeak world cult figur among bmovi peplum and eurospi fan name for european usual italian spi movi fan the recent resurg spaghetti western fandom also gener new interest harrison work the genr despit that still often somewhat unfairli label<link ns0:type="simple" ns0:href="../987/83987.xml">camp</link>zactor probabl due the fact that harrison worst movi are the easiest find today mani the<physical_entity wordnetid="100001930" confidence="0.8"><person wordnetid="100007846" confidence="0.8"><leader wordnetid="109623038" confidence="0.8"><administrator wordnetid="109770949" confidence="0.8"><causal_agent wordnetid="100007347" confidence="0.8"><head wordnetid="110162991" confidence="0.8"><director wordnetid="110014939" confidence="0.8"><link ns0:type="simple" ns0:href="../101/1505101.xml">godfrey</link></director></head></causal_agent></administrator></leader></person></physical_entity>ninja film are avail midpric<link ns0:type="simple" ns0:href="../431/1692431.xml">region</link>and<link ns0:type="simple" ns0:href="../431/1692431.xml">region</link><medium wordnetid="106254669" confidence="0.9508927676800064"><link ns0:type="simple" ns0:href="../498/11014498.xml">dvd</link></medium>while most harrison spaghetti western are avail onli exrent<link ns0:type="simple" ns0:href="../952/147952.xml">video tape</link>usual european<link ns0:type="simple" ns0:href="../438/24438.xml">pal</link>format onli often not english found fleamarket second hand movi store and<link ns0:type="simple" ns0:href="../495/130495.xml">ebay</link>all befor the damag done reput the<link ns0:type="simple" ns0:href="../320/8773320.xml">zmovi</link>era the harrison had long solid career european bmovi which often overlook fan weaker film</p><p>now found multisystem electron compani name gladiat electron with son sebastian</p></sec><sec><st>memor quot</st><p>opinion death wish for actor too mani should say movi mayb greatest contribut cinema not<movie wordnetid="106613686" confidence="0.9508927676800064"><link ns0:type="simple" ns0:href="../926/441926.xml">fist dollar</link></movie>and recommend clint for the part</p><p>sad way make film<product wordnetid="104007894" confidence="0.8"><creation wordnetid="103129123" confidence="0.8"><artifact wordnetid="100021939" confidence="0.8"><event wordnetid="100029378" confidence="0.8"><social_event wordnetid="107288639" confidence="0.8"><movie wordnetid="106613686" confidence="0.8"><show wordnetid="106619065" confidence="0.8"><psychological_feature wordnetid="100023100" confidence="0.8"><link ns0:type="simple" ns0:href="../448/2347448.xml">fireback</link></psychological_feature></show></movie></social_event></event></artifact></creation></product>and the filipino action film</p></sec><sec><st>partial filmographi</st><p><list><entry level="1" type="bullet">south pacif</entry><entry level="1" type="bullet"><movie wordnetid="106613686" confidence="0.9508927676800064"><link ns0:type="simple" ns0:href="../420/8901420.xml">master the world</link></movie></entry><entry level="1" type="bullet">sett gladiatori aka gladiat</entry><entry level="1" type="bullet">duello nel texa aka gunfight red sand</entry><entry level="1" type="bullet">secret agent firebal</entry><entry level="1" type="bullet"><link ns0:type="simple" ns0:href="../927/19090927.xml">fantabul inc</link></entry><entry level="1" type="bullet"><link ns0:type="simple" ns0:href="../236/19091236.xml">master stroke</link></entry><entry level="1" type="bullet">rojo</entry><entry level="1" type="bullet">joko invoca dioi muori aka vengeanc</entry><entry level="1" type="bullet">churchil leopard</entry><entry level="1" type="bullet">you can lot with women</entry><entry level="1" type="bullet">chiamovano king aka name king</entry><entry level="1" type="bullet">lexplos</entry><entry level="1" type="bullet">reverendo colt</entry><entry level="1" type="bullet">due fratelli</entry><entry level="1" type="bullet">the godfath friend</entry><entry level="1" type="bullet">marco polo</entry><entry level="1" type="bullet">achtung the desert tiger</entry><entry level="1" type="bullet">belva col mitra aka beast with gun</entry><entry level="1" type="bullet">gymkata killer</entry><entry level="1" type="bullet"><product wordnetid="104007894" confidence="0.8"><creation wordnetid="103129123" confidence="0.8"><artifact wordnetid="100021939" confidence="0.8"><event wordnetid="100029378" confidence="0.8"><social_event wordnetid="107288639" confidence="0.8"><movie wordnetid="106613686" confidence="0.8"><show wordnetid="106619065" confidence="0.8"><psychological_feature wordnetid="100023100" confidence="0.8"><link ns0:type="simple" ns0:href="../448/2347448.xml">fireback</link></psychological_feature></show></movie></social_event></event></artifact></creation></product>credit film imdb probabl incorrectli</entry></list></p><p><indent level="1">nanarlandcom interview<actor wordnetid="109765278" confidence="0.9173553029164789"><link ns0:type="simple" ns0:href="../064/1904064.xml">bruce baron</link></actor>who act fireback say that made filipino film befor the the book god polyest richard harrison credit fireback film doe the<link ns0:type="simple" ns0:href="../876/14876.xml">imdb</link>differ video edit the film credit differ year with harrison other filipino film there final word which the multipl year fireback credit under correct all likelihood all filipino film were made sometim between and</indent>black gold dossier<list><entry level="1" type="bullet">voodoo babi aka orgasmo nero</entry><entry level="1" type="bullet"><movie wordnetid="106613686" confidence="0.9508927676800064"><link ns0:type="simple" ns0:href="../510/10299510.xml">hajji washington</link></movie></entry><entry level="1" type="bullet">amok</entry><entry level="1" type="bullet"><product wordnetid="104007894" confidence="0.8"><creation wordnetid="103129123" confidence="0.8"><artifact wordnetid="100021939" confidence="0.8"><event wordnetid="100029378" confidence="0.8"><social_event wordnetid="107288639" confidence="0.8"><movie wordnetid="106613686" confidence="0.8"><show wordnetid="106619065" confidence="0.8"><psychological_feature wordnetid="100023100" confidence="0.8"><link ns0:type="simple" ns0:href="../161/1704161.xml">blood debt</link></psychological_feature></show></movie></social_event></event></artifact></creation></product>aka elimin</entry><entry level="1" type="bullet">intrus cambodia aka rescu team</entry><entry level="1" type="bullet">ninja termin</entry><entry level="1" type="bullet">ninja holocaust</entry><entry level="1" type="bullet"><movie wordnetid="106613686" confidence="0.9508927676800064"><link ns0:type="simple" ns0:href="../187/1670187.xml">ninja champion</link></movie></entry><entry level="1" type="bullet">ninja thunderbolt</entry><entry level="1" type="bullet">diamond ninja forc</entry><entry level="1" type="bullet">ninja hunt</entry><entry level="1" type="bullet">ninja dragon</entry><entry level="1" type="bullet">golden ninja warrior</entry><entry level="1" type="bullet">ninja squad</entry><entry level="1" type="bullet">ninja the protector</entry><entry level="1" type="bullet">cobra ninja</entry><entry level="1" type="bullet">ninja kill</entry><entry level="1" type="bullet">ninja command</entry><entry level="1" type="bullet">ninja oper licens termin</entry><entry level="1" type="bullet">ninja silent assassin</entry><entry level="1" type="bullet">ninja aveng</entry><entry level="1" type="bullet"><movie wordnetid="106613686" confidence="0.9508927676800064"><link ns0:type="simple" ns0:href="../504/1579504.xml">ninja strike forc</link></movie></entry><entry level="1" type="bullet">ninja powerforc</entry><entry level="1" type="bullet">three men fire</entry><entry level="1" type="bullet">oper vega</entry><entry level="1" type="bullet">dark mission</entry><entry level="1" type="bullet">angel eye</entry><entry level="1" type="bullet">jerk</entry></list></p></sec><sec><st>bibliographi</st><p>harrison contribut piec and film two compil<list><entry level="1" type="bullet"><link ns0:type="simple" ns0:href="../902/2465902.xml">god polyest</link>survivor account cinema obscura</entry><entry level="1" type="bullet">god spandex survivor account cinema obscura</entry></list></p></sec><sec><st>extern link</st><p>indepth interview video<list><entry level="1" type="bullet"><weblink ns0:type="simple" ns0:href="http://nanarland.com/nanarland_tv.php?vid=2">frenchmad documentari about richard harrison</weblink></entry></list>richard harrison and movi<list><entry level="1" type="bullet"><weblink ns0:type="simple" ns0:href="http://www.imdb.com/name/nm0365835/">richard harrison</weblink>the<web_site wordnetid="106359193" confidence="0.9508927676800064"><link ns0:type="simple" ns0:href="../554/2855554.xml">internet movi databas</link></web_site></entry><entry level="1" type="bullet"><weblink ns0:type="simple" ns0:href="http://www.allmovie.com/cg/avg.dll?p=avg sql=2:93574">richard harrison</weblink><web_site wordnetid="106359193" confidence="0.9508927676800064"><link ns0:type="simple" ns0:href="../027/1135027.xml">allmovi</link></web_site></entry><entry level="1" type="bullet"><weblink ns0:type="simple" ns0:href="http://members.fortunecity.com/jdulaney/rh.html">semioffici richard harrison site</weblink>john dulaney</entry><entry level="1" type="bullet"><weblink ns0:type="simple" ns0:href="http://www.nanarland.com/interview/interview.php?id_interview=richardharrisonvo vo=1">interview</weblink>nanarlandcom interview richard harrison about career</entry><entry level="1" type="bullet"><weblink ns0:type="simple" ns0:href="http://www.briansdriveintheater.com/">brian drivein theater</weblink>bmovi websit with section richard harrison</entry><entry level="1" type="bullet"><weblink ns0:type="simple" ns0:href="http://www.gladiatorelectronics.com/">gladiat electron</weblink>harrison compani websit</entry><entry level="1" type="bullet"><weblink ns0:type="simple" ns0:href="http://www.searchmytrash.com/articles/richardharrison(5-06).shtml">richard harrison biographi</weblink>research trash</entry></list></p><p>miscellan<list><entry level="1" type="bullet"><weblink ns0:type="simple" ns0:href="http://www.dighkmovies.com/v3/188/188.html">interview</weblink>kent will<weblink ns0:type="simple" ns0:href="http://www.dighkmovies.com/">wwwdighkmoviescom</weblink>featur lot inform godfrey and the seedier side the hong kong film industri</entry><entry level="1" type="bullet"><weblink ns0:type="simple" ns0:href="http://www.spaghetti-western.net/index.php/Main_Page">the spaghetti western databas</weblink></entry><entry level="1" type="bullet"><weblink ns0:type="simple" ns0:href="http://www.wildeast.net/spaghettiwestern.htm">articl spaghetti western</weblink><weblink ns0:type="simple" ns0:href="http://www.wildeast.net/">wwwwildeastnet</weblink></entry><entry level="1" type="bullet"><weblink ns0:type="simple" ns0:href="http://disc.server.com/Indices/160642.html">the spaghetti western web board</weblink>discuss forum for all thing spaghetti western relat</entry><entry level="1" type="bullet"><weblink ns0:type="simple" ns0:href="http://website.lineone.net/~braithwaitej/mainsite/mainpage.htm">fist western</weblink>spaghetti western site with basic profil some actor gener inform and interest imag galleri featur vintag poster art</entry><entry level="1" type="bullet"><weblink ns0:type="simple" ns0:href="http://www.cultmovies.dk/peplum/peplum.htm">galleri</weblink>cover scan from vintag peplum video</entry></list></p></sec></bdy></actor></exile></article>