<article xmlns:ns0="http://www.w3.org/1999/xlink"><computer confidence="0.8" wordnetid="103082979"><artifact confidence="0.8" wordnetid="100021939"><instrumentality confidence="0.8" wordnetid="103575240"><device confidence="0.8" wordnetid="103183080"><machine confidence="0.8" wordnetid="103699975"><header><title>english electr kdf</title><id /><revision><id /><timestamp /><contributor><username>clarkk</username><id /></contributor></revision><categories><category>earli comput</category></categories></header><bdy>kdf earli british comput design and built<company wordnetid="108058098" confidence="0.9508927676800064"><link ns0:type="simple" ns0:href="../889/390889.xml">english electr</link></company>later<link>english electr leo marconi eelm</link>later still incorpor into<company wordnetid="108058098" confidence="0.8"><institution wordnetid="108053576" confidence="0.8"><link ns0:type="simple" ns0:href="../789/515789.xml">icl</link></institution></company>first came into servic<link ns0:type="simple" ns0:href="../550/34550.xml" />and still use<link ns0:type="simple" ns0:href="../640/34640.xml" />least one instal the present articl present synopt overview the architectur the kdf for more complet account see the architectur the kdf comput and kdf usercod program manual the link below<sec><st>architectur</st><p>the logic circuit the kdf were entir solidst the kdf use transformercoupl<link ns0:type="simple" ns0:href="../752/417752.xml">diodetransistor logic</link>built from germanium diod about transistor and about toroid puls transform<ref ns0:type="simple" ns0:href="#xpointer(//reflist/entry[@id=%221%22])" />they ran mhz twophas clock the maximum configur incorpor word bit core storag byte with cycl time microsecond each word could hold bit integ floatingpoint number two bit integ floatingpoint number six bit instruct syllabl eight bit charact there also provis for effici handl doubleword bit number both integ and float point format howev there facil for byte charact address that nonnumer work suffer comparison moreov there standard charact set each devic type had own more less similar charact code not everi charact that could read from paper tape could success print for exampl</p><ss1><st>regist</st><p>the cpu architectur featur three regist set the nest deep pushdown stack arithmet regist the sjn subroutin jump nest store similar stack return address the store set index regist each bit divid into counter increment and modifi part bit each flag memoryrefer instruct specifi whether the address should modifi the part store and whether the part should decrement and the part increment the content the part thi made the code count loop veri effici</p></ss1><ss1><st>instruct set</st><p>instruct were syllabl most arithmet took place the top the nest and use zeroaddress syllabl instruct although address arithmet and index updat were handl separ the store store handl and some memori refer instruct use syllabl memori refer instruct with bit address offset most jump instruct and bit liter load instruct all use syllabl</p><p>dens instruct code and extens use the regist set meant that rel few store access were need for common scientif code such scalar product and polynomi inner loop thi did much offset the rel slow core cycl time give the kdf about half the speed more famou but much more expens and much less commerci success contemporari the manchest<company wordnetid="108058098" confidence="0.9508927676800064"><link ns0:type="simple" ns0:href="../059/1124059.xml">ferranti</link></company><link ns0:type="simple" ns0:href="../548/19278548.xml">atla comput</link></p></ss1><ss1><st>multiprogram timeshar</st><p>the kdf one the earliest fulli hardwaresecur multiprogram system four program could run onc under the control elegantli simpl oper system the timeshar director each lock into own core area base address and nol number locat regist each program had own set stack and store regist which were activ when that program dispatch that context switch veri effici each program could drive hardwar devic directli but limit hardwar check those that the director had alloc ani attempt use unalloc devic caus error interrupt similar interrupt result from overfil overempti the nest sjn attempt access storag address abov that given the nol regist somewhat differ the lockout interrupt which result from tri access area store that current use devic that there hardwar mutual exclus access dma buffer when program block lockout voluntarili wait for transfer termin interrupt and director switch the program highest prioriti that not itself block when lockout clear await transfer termin and the newli unblock program higher prioriti than the program current run interrupt director allow for immedi context switch</p><p>later oper system includ<link ns0:type="simple" ns0:href="../027/1319027.xml">eldon</link>the univers leed and<link>egdoncotan</link>develop collabor culham laboratori the univers glasgow and other were fulli interact multiaccess system usual with<link ns0:type="simple" ns0:href="../364/24364.xml">pdp</link>front end handl the termin</p><p>the kidsgrov and whetston<link ns0:type="simple" ns0:href="../453/1453.xml">algol</link>compil were among the first their class the kidsgrov compil stress optim the whetston compil produc interpret object code aim debug instrument the latter that brian wichmann obtain the statist program behaviour that led him devis the<standard wordnetid="107260623" confidence="0.8"><benchmark wordnetid="107261143" confidence="0.8"><system_of_measurement wordnetid="113577171" confidence="0.8"><link ns0:type="simple" ns0:href="../978/1012978.xml">whetston</link></system_of_measurement></benchmark></standard>benchmark for scientif comput which inspir turn the<standard wordnetid="107260623" confidence="0.8"><benchmark wordnetid="107261143" confidence="0.8"><system_of_measurement wordnetid="113577171" confidence="0.8"><link ns0:type="simple" ns0:href="../709/8709.xml">dhryston</link></system_of_measurement></benchmark></standard>benchmark for nonnumer workload</p></ss1></sec><sec><st>reminisc</st><p>machin code program use unusu form octal known local bastardis octal repres bit with three octal digit but the first repres onli two bit whilst the other the usual three</p><p>within english electr predecessor<computer wordnetid="103082979" confidence="0.8"><artifact wordnetid="100021939" confidence="0.8"><instrumentality wordnetid="103575240" confidence="0.8"><device wordnetid="103183080" confidence="0.8"><machine wordnetid="103699975" confidence="0.8"><link ns0:type="simple" ns0:href="../722/988722.xml">deuc</link></machine></device></instrumentality></artifact></computer>had wellus matrix packag the unreli valv machin led the inclus sumcheck mechan detect singl error matrix oper the packag use fixedpoint arithmet which the sumcheck were precis howev when the correspond packag implement kdf use float point new concept that had onli limit mathemat analysi quickli becam clear that sum check were longer precis and project establish attempt provid usabl check float point abc not necessarili the same abc the oper not associ befor long howev recognis that error rate with transistor machin not issu they either work did not consequ the idea sum check abandon the initi matrix packag prove veri use system test tool abl gener lengthi perform check well befor more formal test packag which were subsequ develop</p><p>legend that the kdf develop project kidsgrov develop and that the design contribut the then chairman after long and tediou discuss what name the machin launch dont care you call the see also<link ns0:type="simple" ns0:href="../348/4995348.xml">kdf</link>for the parallel develop and use commerciallyori comput</p><p>the egdon oper system name becaus one<link ns0:type="simple" ns0:href="../042/601042.xml">ukaea</link><reactor wordnetid="104057846" confidence="0.8"><artifact wordnetid="100021939" confidence="0.8"><instrumentality wordnetid="103575240" confidence="0.8"><facility wordnetid="103315023" confidence="0.8"><station wordnetid="104306080" confidence="0.8"><electrical_device wordnetid="103269401" confidence="0.8"><device wordnetid="103183080" confidence="0.8"><link ns0:type="simple" ns0:href="../127/5485127.xml">winfrith</link></device></electrical_device></station></facility></instrumentality></artifact></reactor>thoma hardi book the return the nativ winfrith heath call egdon heath their fortran call egtran eldon name becaus leed univers comput locat convert eldon chapel</p><p>dure the foot and mouth trauma the grand nation run english electr bureau kdf hartre hous queensway london with raymond glendin lean over the back the line printer read the printout the world bbc radio</p></sec><sec><st>extern link</st><p><reflist><entry id="1"><weblink ns0:type="simple" ns0:href="http://www.cs.man.ac.uk/CCS/res/res18.htm#c">the kdf comput year</weblink></entry></reflist><list><entry level="1" type="bullet"><weblink ns0:type="simple" ns0:href="http://www.findlayw.plus.com/KDF9/KDF9%20Lectures%20by%20JWP.pdf">the architectur the kdf comput</weblink>pdf</entry><entry level="1" type="bullet"><weblink ns0:type="simple" ns0:href="http://frink.ucg.ie/~bfoley/edhist/kdf9pm/kdf9pm.html">kdf usercod program manual</weblink></entry><entry level="1" type="bullet"><weblink ns0:type="simple" ns0:href="http://www.cs.ncl.ac.uk/research/pubs/articles/papers/427.pdf">histori kdf algol compil</weblink></entry><entry level="1" type="bullet"><weblink ns0:type="simple" ns0:href="http://www.cs.ncl.ac.uk/research/pubs/books/papers/124.pdf">the whetston kdf algol translat</weblink></entry><entry level="1" type="bullet"><weblink ns0:type="simple" ns0:href="http://www.cs.ncl.ac.uk/research/pubs/trNN/papers/38.pdf">whetston compil</weblink>pdf</entry><entry level="1" type="bullet"><weblink ns0:type="simple" ns0:href="http://www.cs.man.ac.uk/CCS/res/res04.htm#d">some kdf algol compil anecdot</weblink></entry><entry level="1" type="bullet"><weblink ns0:type="simple" ns0:href="http://www.cs.ncl.ac.uk/research/pubs/trNN/papers/34.pdf">present kdf algol visit from dijkstra</weblink></entry><entry level="1" type="bullet"><weblink ns0:type="simple" ns0:href="http://homepages.cwi.nl/~dik/english/codes/8tape.html#kdf">kdf level papertap format</weblink></entry><entry level="1" type="bullet"><weblink ns0:type="simple" ns0:href="http://themotionstore.com/leeedavison/kdf9/">kdf nest</weblink>imag</entry><entry level="1" type="bullet"><weblink ns0:type="simple" ns0:href="http://history.dcs.ed.ac.uk/archive/languages/atlas-autocode/imp9.imp.txt">sourc code for kdf port atla autocod compil</weblink></entry></list></p></sec></bdy></machine></device></instrumentality></artifact></computer></article>