<article xmlns:ns0="http://www.w3.org/1999/xlink"><actor confidence="0.9508927676800064" wordnetid="109765278"><header><title>todd carti</title><id /><revision><id /><timestamp /><contributor><username>jeremi</username><id /></contributor></revision><categories><category>birth</category><category>irish stage actor</category><category>irish film actor</category><category>live peopl</category><category>peopl from kilburn</category><category>irish televis actor</category><category>irish soap opera actor</category></categories></header><bdy><template><name>infobox actor</name><parameters><image width="150px" src="Replace_this_image_male.svg"><caption>replac thi imag malesvg</caption></image><location><link ns0:type="simple" ns0:href="../885/56885.xml">limerick citi</link><site wordnetid="108651247" confidence="0.9508927676800064"><link ns0:type="simple" ns0:href="../864/56864.xml">munster</link></site><country wordnetid="108544813" confidence="0.9508927676800064"><link ns0:type="simple" ns0:href="../560/14560.xml">ireland</link></country></location><name>todd carti</name><birthdate>august age</birthdate><imagesize /><notable_role>tucker jenkin<series wordnetid="108457976" confidence="0.9508927676800064"><link ns0:type="simple" ns0:href="../502/236502.xml">grang hill</link></series>and<series wordnetid="108457976" confidence="0.9508927676800064"><link ns0:type="simple" ns0:href="../922/2730922.xml">tucker luck</link></series><fictional_character wordnetid="109587565" confidence="0.8"><imaginary_being wordnetid="109483738" confidence="0.8"><link ns0:type="simple" ns0:href="../654/1963654.xml">mark fowler</link></imaginary_being></fictional_character><series wordnetid="108457976" confidence="0.9508927676800064"><link ns0:type="simple" ns0:href="../995/9995.xml">eastend</link></series><policeman wordnetid="110448983" confidence="0.9173553029164789"><link ns0:type="simple" ns0:href="../417/1247417.xml">gabriel kent</link></policeman><series wordnetid="108457976" confidence="0.9508927676800064"><link ns0:type="simple" ns0:href="../016/12319016.xml">the bill</link></series></notable_role></parameters></template>todd carti born<link ns0:type="simple" ns0:href="../711/1711.xml">august</link><link ns0:type="simple" ns0:href="../648/34648.xml" /><link ns0:type="simple" ns0:href="../885/56885.xml">limerick citi</link><site wordnetid="108651247" confidence="0.9508927676800064"><link ns0:type="simple" ns0:href="../864/56864.xml">munster</link></site><country wordnetid="108544813" confidence="0.9508927676800064"><link ns0:type="simple" ns0:href="../560/14560.xml">ireland</link></country><ref ns0:type="simple" ns0:href="#xpointer(//reflist/entry[@id=%221%22])" />irishborn<link ns0:type="simple" ns0:href="../927/1048927.xml">british</link>base actor and director who grown televis screen varieti role the stage work vari from pantomim seriou drama well radio play voic over commerci and narrat<p>best known for role schoolboy peter<link ns0:type="simple" ns0:href="../668/1505668.xml">tucker</link>jenkin<series wordnetid="108457976" confidence="0.9508927676800064"><link ns0:type="simple" ns0:href="../502/236502.xml">grang hill</link></series>market trader<fictional_character wordnetid="109587565" confidence="0.8"><imaginary_being wordnetid="109483738" confidence="0.8"><link ns0:type="simple" ns0:href="../654/1963654.xml">mark fowler</link></imaginary_being></fictional_character><series wordnetid="108457976" confidence="0.9508927676800064"><link ns0:type="simple" ns0:href="../995/9995.xml">eastend</link></series>and villain policeman<policeman wordnetid="110448983" confidence="0.9173553029164789"><link ns0:type="simple" ns0:href="../417/1247417.xml">gabriel kent</link></policeman><series wordnetid="108457976" confidence="0.9508927676800064"><link ns0:type="simple" ns0:href="../016/12319016.xml">the bill</link></series></p><sec><st>person life</st><p>born<link ns0:type="simple" ns0:href="../885/56885.xml">limerick citi</link><site wordnetid="108651247" confidence="0.9508927676800064"><link ns0:type="simple" ns0:href="../864/56864.xml">munster</link></site><country wordnetid="108544813" confidence="0.9508927676800064"><link ns0:type="simple" ns0:href="../560/14560.xml">ireland</link></country>famili emigr<country wordnetid="108544813" confidence="0.9508927676800064"><link ns0:type="simple" ns0:href="../316/9316.xml">england</link></country>carti spent earli year<site wordnetid="108651247" confidence="0.9508927676800064"><link ns0:type="simple" ns0:href="../149/94149.xml">kilburn</link></site><region wordnetid="108630985" confidence="0.8"><location wordnetid="100027167" confidence="0.8"><district wordnetid="108552138" confidence="0.8"><link ns0:type="simple" ns0:href="../308/380308.xml">north london</link></district></location></region>befor move<site wordnetid="108651247" confidence="0.9508927676800064"><link ns0:type="simple" ns0:href="../233/452233.xml">harrow</link></site>london when year old<ref ns0:type="simple" ns0:href="#xpointer(//reflist/entry[@id=%222%22])" />carti live<site wordnetid="108651247" confidence="0.9508927676800064"><link ns0:type="simple" ns0:href="../184/94184.xml">muswel hill</link></site>north london<ref ns0:type="simple" ns0:href="#xpointer(//reflist/entry[@id=%223%22])" />been relationship sinc<link ns0:type="simple" ns0:href="../669/34669.xml" />with childhood sweetheart and busi partner actresswrit and film produc dina clarkin the daughter irish actor<actor wordnetid="109765278" confidence="0.9508927676800064"><link ns0:type="simple" ns0:href="../868/13953868.xml">toni clarkin</link></actor>the coupl have two son jame and thoma interview with the<newspaper wordnetid="106267145" confidence="0.9508927676800064"><link ns0:type="simple" ns0:href="../688/235688.xml">daili mirror</link></newspaper>carti explain how first met clarkin when she yearold child actress and him yearold through their parent carti describ dina soul mate<ref ns0:type="simple" ns0:href="#xpointer(//reflist/entry[@id=%224%22])" /></p><p><link ns0:type="simple" ns0:href="../417/46417.xml">west ham unit</link>support the west ham team appear guest the<link ns0:type="simple" ns0:href="../377/426377.xml">thi your life</link>tribut todd carti the year todd follow the fortun the<team wordnetid="108208560" confidence="0.9508927676800064"><link ns0:type="simple" ns0:href="../510/578510.xml">republ ireland</link></team>along with the<team wordnetid="108208560" confidence="0.9508927676800064"><link ns0:type="simple" ns0:href="../500/955500.xml">ireland rugbi team</link></team>and the<association wordnetid="108049401" confidence="0.8"><club wordnetid="108227214" confidence="0.8"><team wordnetid="108208560" confidence="0.8"><link ns0:type="simple" ns0:href="../954/985954.xml">munster rugbi</link></team></club></association>team</p><p>report<channel wordnetid="106259898" confidence="0.9508927676800064"><link ns0:type="simple" ns0:href="../613/37613.xml">bbc world news</link></channel><link ns0:type="simple" ns0:href="../362/11362.xml">februari</link><link ns0:type="simple" ns0:href="../825/35825.xml" />that todd carti had collaps stage while perform the busi murder the gordon craig theatr stevenag<ref ns0:type="simple" ns0:href="#xpointer(//reflist/entry[@id=%225%22])" />some newspap claim that carti had suffer heart attack though agent strenuous deni thi<statement wordnetid="106722453" confidence="0.8"><message wordnetid="106598915" confidence="0.8"><announcement wordnetid="106746580" confidence="0.8"><program wordnetid="106748466" confidence="0.8"><link ns0:type="simple" ns0:href="../893/1139893.xml">bbc news</link></program></announcement></message></statement>claim the collaps caus middl ear infect and that the actor had run out medic<ref ns0:type="simple" ns0:href="#xpointer(//reflist/entry[@id=%226%22])" />carti confirm thi while interview itv<series wordnetid="108457976" confidence="0.9508927676800064"><link ns0:type="simple" ns0:href="../593/1943593.xml">loos women</link></series>shortli after the event</p></sec><sec><st>career</st><ss1><st>earli career</st><p>first televis appear the advertis for<link ns0:type="simple" ns0:href="../637/1063637.xml">woolworth</link>the age four also had other advertis role includ one with<series wordnetid="108457976" confidence="0.9508927676800064"><link ns0:type="simple" ns0:href="../209/8209.xml">doctor who</link></series>actor<person wordnetid="100007846" confidence="0.9508927676800064"><actor wordnetid="109765278" confidence="0.9508927676800064"><link ns0:type="simple" ns0:href="../601/51601.xml">jon pertwe</link></actor></person>and the<product wordnetid="104007894" confidence="0.8"><creation wordnetid="103129123" confidence="0.8"><artifact wordnetid="100021939" confidence="0.8"><event wordnetid="100029378" confidence="0.8"><written_communication wordnetid="106349220" confidence="0.8"><social_event wordnetid="107288639" confidence="0.8"><movie wordnetid="106613686" confidence="0.8"><show wordnetid="106619065" confidence="0.8"><code wordnetid="106667317" confidence="0.8"><psychological_feature wordnetid="100023100" confidence="0.8"><link ns0:type="simple" ns0:href="../780/1701780.xml">green cross code</link></psychological_feature></code></show></movie></social_event></written_communication></event></artifact></creation></product></p><p>made first stage appear the new london theatr druri lane the young lionel<composer wordnetid="109947232" confidence="0.9173553029164789"><person wordnetid="100007846" confidence="0.9508927676800064"><actor wordnetid="109765278" confidence="0.9508927676800064"><link ns0:type="simple" ns0:href="../463/163463.xml">lionel bart</link></actor></person></composer>autobiograph music<link ns0:type="simple" ns0:href="../811/283811.xml">lionel</link>howev televis career youth mostli defin role tucker jenkin<skilled_worker wordnetid="110605985" confidence="0.8"><physical_entity wordnetid="100001930" confidence="0.8"><person wordnetid="100007846" confidence="0.8"><maker wordnetid="110284064" confidence="0.8"><serviceman wordnetid="110582746" confidence="0.8"><adult wordnetid="109605289" confidence="0.8"><professional wordnetid="110480253" confidence="0.8"><commanding_officer wordnetid="109941964" confidence="0.8"><educator wordnetid="110045713" confidence="0.8"><creator wordnetid="109614315" confidence="0.8"><military_officer wordnetid="110317007" confidence="0.8"><communicator wordnetid="109610660" confidence="0.8"><manufacturer wordnetid="110292316" confidence="0.8"><worker wordnetid="109632518" confidence="0.8"><academician wordnetid="109759069" confidence="0.8"><causal_agent wordnetid="100007347" confidence="0.8"><writer wordnetid="110794014" confidence="0.8"><link ns0:type="simple" ns0:href="../698/2782698.xml">phil redmond</link></writer></causal_agent></academician></worker></manufacturer></communicator></military_officer></creator></educator></commanding_officer></professional></adult></serviceman></maker></person></physical_entity></skilled_worker>popular<network wordnetid="108434259" confidence="0.9508927676800064"><link ns0:type="simple" ns0:href="../654/19344654.xml">bbc</link></network>drama<link ns0:type="simple" ns0:href="../502/236502.xml">grang hill</link>and the subsequ spin off seri<series wordnetid="108457976" confidence="0.9508927676800064"><link ns0:type="simple" ns0:href="../922/2730922.xml">tucker luck</link></series></p><p>dure the and carti also appear<link ns0:type="simple" ns0:href="../087/865087.xml">car</link><literary_composition wordnetid="106364329" confidence="0.8"><written_communication wordnetid="106349220" confidence="0.8"><writing wordnetid="106362953" confidence="0.8"><fiction wordnetid="106367107" confidence="0.8"><novel wordnetid="106367879" confidence="0.8"><link ns0:type="simple" ns0:href="../282/664282.xml">our mutual friend</link></novel></fiction></writing></written_communication></literary_composition>drummer and headmast all for the bbc and for german focu britain and the idl bunch film work the time includ professor popper problem and<situation_comedy wordnetid="107017733" confidence="0.8"><comedy wordnetid="107015510" confidence="0.8"><writing_style wordnetid="107092158" confidence="0.8"><drama wordnetid="106376154" confidence="0.8"><expressive_style wordnetid="107066659" confidence="0.8"><link ns0:type="simple" ns0:href="../247/4250247.xml">pleas sir</link></expressive_style></drama></writing_style></comedy></situation_comedy>land the role oswyn the fantasi film<movie wordnetid="106613686" confidence="0.9508927676800064"><link ns0:type="simple" ns0:href="../896/4622896.xml">krull</link></movie>opposit ken marshal lysett anthoni liam neeson and alun armstrong amongst other</p></ss1><ss1><st>eastend</st><p>carti took over the role origin charact<fictional_character wordnetid="109587565" confidence="0.8"><imaginary_being wordnetid="109483738" confidence="0.8"><link ns0:type="simple" ns0:href="../654/1963654.xml">mark fowler</link></imaginary_being></fictional_character>bbc<series wordnetid="108457976" confidence="0.9508927676800064"><link ns0:type="simple" ns0:href="../995/9995.xml">eastend</link></series>follow the death the origin actor<physical_entity wordnetid="100001930" confidence="0.8"><person wordnetid="100007846" confidence="0.8"><performer wordnetid="110415638" confidence="0.8"><causal_agent wordnetid="100007347" confidence="0.8"><actor wordnetid="109765278" confidence="0.8"><entertainer wordnetid="109616922" confidence="0.8"><link ns0:type="simple" ns0:href="../000/2636000.xml">david scarboro</link></entertainer></actor></causal_agent></performer></person></physical_entity>carti charact notabl for the first mainstream soap protagonist diagnos hivposit carti play the role for year becom one the longestrun male castmemb juli the bbc announc that mark fowler written out the serial mutual decis between the produc and carti execut produc<physical_entity wordnetid="100001930" confidence="0.8"><person wordnetid="100007846" confidence="0.8"><manufacturer wordnetid="110292316" confidence="0.8"><maker wordnetid="110284064" confidence="0.8"><causal_agent wordnetid="100007347" confidence="0.8"><creator wordnetid="109614315" confidence="0.8"><link ns0:type="simple" ns0:href="../383/2500383.xml">louis berridg</link></creator></causal_agent></maker></manufacturer></person></physical_entity>said that carti had made fantast contribut the soap and mark had been pivot figur but the charact had final run cours todd and have discuss thi some length and agre that time for mark hang leather jacket for the last time will all miss todd who one our bestlov actor and wish him everi success the futur<ref ns0:type="simple" ns0:href="#xpointer(//reflist/entry[@id=%227%22])" />carti made final appear mark februari the charact subsequ kill offscreen die aidsrel ill carti sinc reveal that broke eastend contract year earlier than plan take anoth role which result mark offscreen death<ref ns0:type="simple" ns0:href="#xpointer(//reflist/entry[@id=%228%22])" /></p></ss1><ss1><st>other televis and film appear</st><p>whilst still eastend carti appear with friend and former eastend costar<actor wordnetid="109765278" confidence="0.9508927676800064"><link ns0:type="simple" ns0:href="../330/1465330.xml">nick berri</link></actor>the<link ns0:type="simple" ns0:href="../798/32798.xml">victorian</link>period adventur film the black velvet band<link ns0:type="simple" ns0:href="../177/29177.xml">spaghetti western</link>style drama carti the subject<diversion wordnetid="100426928" confidence="0.8"><event wordnetid="100029378" confidence="0.8"><show wordnetid="100520257" confidence="0.8"><act wordnetid="100030358" confidence="0.8"><psychological_feature wordnetid="100023100" confidence="0.8"><entertainment wordnetid="100429048" confidence="0.8"><activity wordnetid="100407535" confidence="0.8"><link ns0:type="simple" ns0:href="../377/426377.xml">thi your life</link></activity></entertainment></psychological_feature></act></show></event></diversion>tribut guest includ<person wordnetid="100007846" confidence="0.9508927676800064"><actor wordnetid="109765278" confidence="0.9508927676800064"><link ns0:type="simple" ns0:href="../890/613890.xml">wendi richard</link></actor></person><comedian wordnetid="109940146" confidence="0.9173553029164789"><person wordnetid="100007846" confidence="0.9508927676800064"><singer wordnetid="110599806" confidence="0.9173553029164789"><actor wordnetid="109765278" confidence="0.9173553029164789"><link ns0:type="simple" ns0:href="../532/151532.xml">norman wisdom</link></actor></singer></person></comedian><actor wordnetid="109765278" confidence="0.9508927676800064"><link ns0:type="simple" ns0:href="../330/1465330.xml">nick berri</link></actor>partner dina clarkin son jame and thoma and fatherinlaw actor<actor wordnetid="109765278" confidence="0.9508927676800064"><link ns0:type="simple" ns0:href="../868/13953868.xml">toni clarkin</link></actor></p><p>after leav eastend carti went play bent copper<link ns0:type="simple" ns0:href="../928/153928.xml" /><policeman wordnetid="110448983" confidence="0.9173553029164789"><link ns0:type="simple" ns0:href="../417/1247417.xml">gabriel kent</link></policeman><channel wordnetid="106259898" confidence="0.9508927676800064"><link ns0:type="simple" ns0:href="../089/58089.xml">itv</link></channel><series wordnetid="108457976" confidence="0.9508927676800064"><link ns0:type="simple" ns0:href="../016/12319016.xml">the bill</link></series>after leav the bill return the big screen the aristocrat harvey van bollingbrok the movi the treasur albion carti act the school that roar the eccentr haig for which also second unit director</p><p>gueststar ray hallam the christma special the seri<series wordnetid="108457976" confidence="0.9508927676800064"><link ns0:type="simple" ns0:href="../125/868125.xml">heartbeat</link></series>and bbc<series wordnetid="108457976" confidence="0.9508927676800064"><link ns0:type="simple" ns0:href="../298/1460298.xml">holbi citi</link></series>villain cameron cook gueststar bbc<link ns0:type="simple" ns0:href="../307/146307.xml">doctor</link>play the part kev blake</p><p>carti repris the role tucker jenkin grang hill the uncl one the pupil patrick togger johnson<ref ns0:type="simple" ns0:href="#xpointer(//reflist/entry[@id=%229%22])" />appear just thi one episod but brought back onc again film for grang hill last ever seri broadcast oneoff special episod celebr the birthday the longrun bbc show movi grang hill which will star todd carti been announc and the earli stage develop<ref ns0:type="simple" ns0:href="#xpointer(//reflist/entry[@id=%2210%22])" /></p><p>carti guest the bbc show<series wordnetid="108457976" confidence="0.9508927676800064"><link ns0:type="simple" ns0:href="../756/14830756.xml">anyth</link></series>may with<link ns0:type="simple" ns0:href="../183/263183.xml">cameron mackintosh</link>help choos one the select boy play<literary_composition wordnetid="106364329" confidence="0.8"><written_communication wordnetid="106349220" confidence="0.8"><writing wordnetid="106362953" confidence="0.8"><fiction wordnetid="106367107" confidence="0.8"><novel wordnetid="106367879" confidence="0.8"><link ns0:type="simple" ns0:href="../301/161301.xml">oliv twist</link></novel></fiction></writing></written_communication></literary_composition>for the new west end product<musical wordnetid="107019172" confidence="0.9508927676800064"><link ns0:type="simple" ns0:href="../017/99017.xml">oliv</link></musical></p></ss1><ss1><st>radio present and stage</st><p>carti radio work includ such drama<link>misrabl</link>the three love ida bliss are happi wavelength midweek jellybonesth london particular and the chocol frigat narrat work includ<link ns0:type="simple" ns0:href="../095/2323095.xml">paddington green</link>the stori new york subway guardian angelsscen new york the fame game drive mum crazi snapshoteddi kidd the jungl creatur and mani more</p><p>carti play ali baba the bbc christma pantomim<fictional_character wordnetid="109587565" confidence="0.8"><imaginary_being wordnetid="109483738" confidence="0.8"><link ns0:type="simple" ns0:href="../604/166604.xml">aladdin</link></imaginary_being></fictional_character>and later star with<person wordnetid="100007846" confidence="0.9508927676800064"><actor wordnetid="109765278" confidence="0.9508927676800064"><link ns0:type="simple" ns0:href="../991/158991.xml">barbara windsor</link></actor></person>the captain mate<link>dick whittington</link>the orchard theatr dartford also appear king rat with<event wordnetid="100029378" confidence="0.8"><broadcast wordnetid="106619428" confidence="0.8"><social_event wordnetid="107288639" confidence="0.8"><television_program wordnetid="106620579" confidence="0.8"><show wordnetid="106619065" confidence="0.8"><psychological_feature wordnetid="100023100" confidence="0.8"><link ns0:type="simple" ns0:href="../386/323386.xml">basil brush</link></psychological_feature></show></television_program></social_event></broadcast></event>the pantomim<link>dick whittington</link>the wycomb swan theatr between and<ref ns0:type="simple" ns0:href="#xpointer(//reflist/entry[@id=%2211%22])" />repris the role king rat new version dick whittington the capit theatr<site wordnetid="108651247" confidence="0.9508927676800064"><link ns0:type="simple" ns0:href="../050/7386050.xml">horsham</link></site>which ran from<link ns0:type="simple" ns0:href="../852/8852.xml">decemb</link><link ns0:type="simple" ns0:href="../165/36165.xml" /><link ns0:type="simple" ns0:href="../986/15986.xml">januari</link><link ns0:type="simple" ns0:href="../825/35825.xml" /></p><p>carti repris the role tucker the music stage version the seri grang hill grang hill tucker return the queen theatr hornchurch between and tour the with the<person wordnetid="100007846" confidence="0.9508927676800064"><actor wordnetid="109765278" confidence="0.9508927676800064"><link ns0:type="simple" ns0:href="../483/138483.xml">richard harri</link></actor></person>stage play the busi murder polic detect hallett</p><p>todd carti and<person wordnetid="100007846" confidence="0.9508927676800064"><actor wordnetid="109765278" confidence="0.9508927676800064"><link ns0:type="simple" ns0:href="../890/613890.xml">wendi richard</link></actor></person>who famous play screen mother<twin wordnetid="110734394" confidence="0.8"><physical_entity wordnetid="100001930" confidence="0.8"><person wordnetid="100007846" confidence="0.8"><sibling wordnetid="110595164" confidence="0.8"><fictional_character wordnetid="109587565" confidence="0.8"><imaginary_being wordnetid="109483738" confidence="0.8"><causal_agent wordnetid="100007347" confidence="0.8"><relative wordnetid="110235549" confidence="0.8"><link ns0:type="simple" ns0:href="../680/1963680.xml">paulin</link></relative></causal_agent></imaginary_being></fictional_character></sibling></person></physical_entity></twin>eastend present greatest famili<channel wordnetid="106259898" confidence="0.9508927676800064"><link ns0:type="simple" ns0:href="../026/392026.xml">sky one</link></channel>march</p><p>most recent todd carti interview<statement wordnetid="106722453" confidence="0.8"><message wordnetid="106598915" confidence="0.8"><announcement wordnetid="106746580" confidence="0.8"><program wordnetid="106748466" confidence="0.8"><link ns0:type="simple" ns0:href="../893/1139893.xml">bbc news</link></program></announcement></message></statement>and variou radio show well newspap talk about gueststar appear the legendari<link ns0:type="simple" ns0:href="../668/1505668.xml">tucker</link>the last ever televis episod<series wordnetid="108457976" confidence="0.9508927676800064"><link ns0:type="simple" ns0:href="../502/236502.xml">grang hill</link></series>which screen monday septemb<link ns0:type="simple" ns0:href="../157/212157.xml">bbc</link></p><p>todd will soon seen with eldest son yearold jame carti factual televis seri for<link ns0:type="simple" ns0:href="../890/175890.xml">channel five</link>danger adventur for boy base the book written<writer wordnetid="110794014" confidence="0.9173553029164789"><link ns0:type="simple" ns0:href="../710/1528710.xml">conn</link></writer>and hal iggulden<book wordnetid="106410904" confidence="0.9508927676800064"><link ns0:type="simple" ns0:href="../297/8706297.xml">the danger book for boy</link></book></p></ss1><ss1><st>direct and produc</st><p>carti and partner actresswrit and film produc dina clarkin set film product compani swordfish product<ref ns0:type="simple" ns0:href="#xpointer(//reflist/entry[@id=%2212%22])" />juli carti made directori debut director sever episod the bbc daytim soap opera<link ns0:type="simple" ns0:href="../307/146307.xml">doctor</link></p></ss1></sec><sec><st>refer</st><p><reflist><entry id="1"><weblink ns0:type="simple" ns0:href="http://www.highbeam.com/doc/1G1-97359622.html">celeb todd carti</weblink></entry><entry id="2"><weblink ns0:type="simple" ns0:href="http://www.irishabroad.com/news/irishpost/news/IrishIdentityImportant211107.ASP">irish ident import todd</weblink></entry><entry id="3"><weblink ns0:type="simple" ns0:href="http://www.thisislondon.co.uk/home/article-911247-details/Mackenzie+takes+the+Highbury+road/article.do">mackenzi take the highburi road</weblink></entry><entry id="4"><weblink ns0:type="simple" ns0:href="http://www.mirror.co.uk/news/tm_objectid=16233726 method=full siteid=94762 headline=todd-carty--day-2--dina-was-five-when-we-met--we-re-soul-mates--name_page.html">todd carti day dina five when metwer soul mate</weblink></entry><entry id="5"><weblink ns0:type="simple" ns0:href="http://news.bbc.co.uk/1/hi/entertainment/7249040.stm">actor carti collaps dure play</weblink></entry><entry id="6"><weblink ns0:type="simple" ns0:href="http://news.bbc.co.uk/1/hi/entertainment/7250585.stm">actor carti rest after collaps</weblink></entry><entry id="7"><weblink ns0:type="simple" ns0:href="http://news.bbc.co.uk/1/hi/entertainment/tv_and_radio/2091882.stm">eastend mark axe from squar</weblink></entry><entry id="8"><weblink ns0:type="simple" ns0:href="http://www.mirror.co.uk/news/tm_objectid=16233726 method=full siteid=94762 headline=todd-carty--day-2--dina-was-five-when-we-met--we-re-soul-mates--name_page.html">dina five when metwer soul mate</weblink></entry><entry id="9"><weblink ns0:type="simple" ns0:href="http://news.bbc.co.uk/1/hi/entertainment/tv_and_radio/2144505.stm">tucker goe back grang hill</weblink></entry><entry id="10"><weblink ns0:type="simple" ns0:href="http://www.timeout.com/film/news/883/">grang hill the movi</weblink></entry><entry id="11"><weblink ns0:type="simple" ns0:href="http://www.bbc.co.uk/threecounties/content/articles/2005/11/16/todd_carty_interview_feature.shtml">what king rat</weblink></entry><entry id="12"><weblink ns0:type="simple" ns0:href="http://www.mirror.co.uk/showbiz/2007/12/03/todd-s-back-as-tucker-89520-20194758/">grang hill todd carti return kid show tucker jenkin</weblink></entry></reflist></p></sec><sec><st>extern link</st><p><list><entry level="1" type="bullet"><weblink ns0:type="simple" ns0:href="http://www.imdb.com/name/nm0142227/">todd carti</weblink>the<web_site wordnetid="106359193" confidence="0.9508927676800064"><link ns0:type="simple" ns0:href="../554/2855554.xml">internet movi databas</link></web_site></entry></list></p></sec></bdy></actor></article>