<article xmlns:ns0="http://www.w3.org/1999/xlink"><know-how confidence="0.8" wordnetid="105616786"><method confidence="0.8" wordnetid="105660268"><header><title>mont carlo integr</title><id /><revision><id /><timestamp /><contributor><username>lightbot</username><id /></contributor></revision><categories><category>mont carlo method</category></categories></header><bdy><link ns0:type="simple" ns0:href="../831/18831.xml">mathemat</link>mont carlo integr<link ns0:type="simple" ns0:href="../089/170089.xml">numer quadratur</link>use<link ns0:type="simple" ns0:href="../210/23210.xml">pseudorandom number</link>that mont carlo integr method are<link ns0:type="simple" ns0:href="../775/775.xml">algorithm</link>for the approxim evalu<link ns0:type="simple" ns0:href="../532/15532.xml">definit integr</link>usual multidimension one the usual algorithm evalu the integrand regular grid<link ns0:type="simple" ns0:href="../098/56098.xml">mont carlo method</link>howev randomli choos the point which the integrand evalu<p>inform estim the area domain first pick simpl domain whose area easili calcul and which contain now pick sequenc random point that fall within some fraction these point will also fall within the area then estim thi fraction multipli the area</p><p>the tradit mont carlo algorithm distribut the evalu point<link ns0:type="simple" ns0:href="../835/5509835.xml">uniformli</link>over the integr region adapt algorithm such vega and miser use<link ns0:type="simple" ns0:href="../671/867671.xml">import sampl</link>and<link ns0:type="simple" ns0:href="../596/27596.xml">stratifi sampl</link>techniqu get better result</p><sec><st>the tradit algorithm</st><p>the algorithm comput estim multidimension definit integr the form</p><p><indent level="1"><math>ldot ldot ldot ldot</math></indent>over the<link ns0:type="simple" ns0:href="../783/39783.xml">hypercub</link>with volum<math />defin hellip hellip</p><p>the plain mont carlo algorithm sampl point uniformli from the integr region estim the integr and error suppos that the sampl size and denot the point the sampl hellip then the estim for the integr given<indent level="1"><math>efn cdot langl rangl vfracn</math></indent>where<math>langl rangl</math>denot the<link ns0:type="simple" ns0:href="../612/612.xml">sampl mean</link>the integrand</p><p>the<link ns0:type="simple" ns0:href="../344/32344.xml">varianc</link>the function can estim use<indent level="1"><math>sigmaen fracn langl rangl</math></indent>the varianc the estim the integr can estim use<indent level="1"><math>sigmaen fracvn langl rangl</math></indent>for larg thi varianc decreas asymptot varf where varf the true varianc the function over the integr region the error estim itself decreas sigmaf radicn the familiar law error decreas radicn appli reduc the error factor requir fold increas the number sampl point</p><p>the abov express provid statist estim the error the result thi error estim not strict error bound random sampl the region may not uncov all the import featur the function result underestim the error</p><p><table class="metadata plainlinks ambox "><row><col>amboxcont style</col></row><row><col class="mbox-image"><p><image width="40x40px" src="Ambox_content.png" /></p></col><col style="" class="mbox-text">the follow section should rewritten becaus their explan the algorithm are too depend the specif implement the<structure wordnetid="104341686" confidence="0.8"><artifact wordnetid="100021939" confidence="0.8"><area wordnetid="102735688" confidence="0.8"><library wordnetid="103660909" confidence="0.8"><room wordnetid="104105893" confidence="0.8"><link ns0:type="simple" ns0:href="../067/1113067.xml">gnu scientif librari</link></room></library></area></artifact></structure>see the discuss the</col></row></table></p></sec><sec><st>miser mont carlo</st><p>the miser algorithm press and farrar base recurs stratifi sampl thi techniqu aim reduc the overal integr error concentr integr point the region highest varianc</p><p>the idea stratifi sampl begin with the observ that for two disjoint region and with mont carlo estim the integr<math />and<math />and varianc<math />and<math />the varianc<math>varf</math>the combin estim<math />given</p><p><indent level="1"><math>mathrmvarf</math></indent>can shown that thi varianc minim distribut the point such that</p><p><indent level="1"><math /></indent>henc the smallest error estim obtain alloc sampl point proport the standard deviat the function each subregion</p><p>the miser algorithm proce bisect the integr region along one coordin axi give two subregion each step the direct chosen examin all possibl bisect and select the one which will minim the combin varianc the two subregion the varianc the subregion estim sampl with fraction the total number point avail the current step the same procedur then repeat recurs for each the two halfspac from the best bisect the remain sampl point are alloc the subregion use the formula for and thi recurs alloc integr point continu down userspecifi depth where each subregion integr use plain mont carlo estim these individu valu and their error estim are then combin upward give overal result and estim error</p><p>thi routin use the miser mont carlo algorithm integr the function over the dimdimension hypercub region defin the lower and upper limit the array and each size dim the integr use fix number function call and obtain random sampl point use the random number gener previous alloc workspac must suppli the result the integr return result with estim absolut error abserr</p><ss1><st>configur paramet</st><p>the miser algorithm sever configur paramet</p><ss2><st /><p>thi paramet specifi the fraction the current avail number function call which are alloc estim the varianc each recurs step the<structure wordnetid="104341686" confidence="0.8"><artifact wordnetid="100021939" confidence="0.8"><area wordnetid="102735688" confidence="0.8"><library wordnetid="103660909" confidence="0.8"><room wordnetid="104105893" confidence="0.8"><link ns0:type="simple" ns0:href="../067/1113067.xml">gnu scientif librari</link></room></library></area></artifact></structure>gsl implement the default valu</p></ss2><ss2><st /><p>thi paramet specifi the minimum number function call requir for each estim the varianc the number function call alloc the estim use fall below then are use instead thi ensur that each estim maintain reason level accuraci the<structure wordnetid="104341686" confidence="0.8"><artifact wordnetid="100021939" confidence="0.8"><area wordnetid="102735688" confidence="0.8"><library wordnetid="103660909" confidence="0.8"><room wordnetid="104105893" confidence="0.8"><link ns0:type="simple" ns0:href="../067/1113067.xml">gnu scientif librari</link></room></library></area></artifact></structure>implement the default valu dim</p></ss2><ss2><st /><p>thi paramet specifi the minimum number function call requir proceed with bisect step when recurs step fewer call avail than perform plain mont carlo estim the current subregion and termin branch the recurs the<structure wordnetid="104341686" confidence="0.8"><artifact wordnetid="100021939" confidence="0.8"><area wordnetid="102735688" confidence="0.8"><library wordnetid="103660909" confidence="0.8"><room wordnetid="104105893" confidence="0.8"><link ns0:type="simple" ns0:href="../067/1113067.xml">gnu scientif librari</link></room></library></area></artifact></structure>implement the default valu thi paramet</p></ss2><ss2><st>alpha</st><p>thi paramet control how the estim varianc for the two subregion bisect are combin when alloc point with recurs sampl the overal varianc should scale better than sinc the valu from the subregion will obtain use procedur which explicitli minim their varianc accommod thi behavior the miser algorithm allow the total varianc depend scale paramet alpha</p><p><indent level="1"><math>mathrmvarf over over</math></indent>the author the origin paper describ miser recommend the valu<math>alpha</math>good choic obtain from numer experi and thi use the default valu the<structure wordnetid="104341686" confidence="0.8"><artifact wordnetid="100021939" confidence="0.8"><area wordnetid="102735688" confidence="0.8"><library wordnetid="103660909" confidence="0.8"><room wordnetid="104105893" confidence="0.8"><link ns0:type="simple" ns0:href="../067/1113067.xml">gnu scientif librari</link></room></library></area></artifact></structure>implement</p></ss2><ss2><st>dither</st><p>thi paramet introduc random fraction variat size dither into each bisect which can use break the symmetri integrand which are concentr near the exact center the hypercub integr region the<structure wordnetid="104341686" confidence="0.8"><artifact wordnetid="100021939" confidence="0.8"><area wordnetid="102735688" confidence="0.8"><library wordnetid="103660909" confidence="0.8"><room wordnetid="104105893" confidence="0.8"><link ns0:type="simple" ns0:href="../067/1113067.xml">gnu scientif librari</link></room></library></area></artifact></structure>implement the default valu dither zero variat introduc need typic valu dither around</p></ss2></ss1></sec><sec><st>vega mont carlo</st><p>the<know-how wordnetid="105616786" confidence="0.8"><method wordnetid="105660268" confidence="0.8"><link ns0:type="simple" ns0:href="../188/345188.xml">vega algorithm</link></method></know-how>gplepag base import sampl sampl point from the probabl distribut describ the function<math />that the point are concentr the region that make the largest contribut the integr</p><p>gener the mont carlo integr<math />sampl with point distribut accord probabl distribut describ the function<math />obtain estim<math /></p><p><math>efg</math></p><p>with correspond varianc</p><p><math>varfg</math></p><p>the probabl distribut chosen<math>fif</math>then can shown that the varianc<math />vanish and the error the estim will zero practic not possibl sampl from the exact distribut<math />for arbitrari function import sampl algorithm aim produc effici approxim the desir distribut</p><p>the vega algorithm approxim the exact distribut make number pass over the integr region while histogram the function<math />each histogram use defin sampl distribut for the next pass asymptot thi procedur converg the desir distribut order avoid the number histogram bin grow like<math />the probabl distribut approxim separ function<math>ldot ldot</math>that the number bin requir onli<math />thi equival locat the peak the function from the project the integrand onto the coordin axe the effici vega depend the valid thi assumpt most effici when the peak the integrand are wellloc integrand can rewritten form which approxim separ thi will increas the effici integr with vega</p><p>vega incorpor number addit featur and combin both stratifi sampl and import sampl the integr region divid into number box with each box get fix number point the goal each box can then have fraction number bin but binsbox less than two vega switch kind varianc reduct rather than import sampl</p><p>thi routin use the vega mont carlo algorithm integr the function<math />over the dimdimension hypercub region defin the lower and upper limit the array<math />and<math />each size<math>dim</math>the integr use fix number function call call and obtain random sampl point use the random number gener<math />previous alloc workspac<math />must suppli the result the integr return<math>result</math>with estim absolut error<math>abserr</math>the result and error estim are base weight averag independ sampl the chisquar per degre freedom for the weight averag return via the state struct compon<math>sto chisq</math>and must consist with for the weight averag reliabl</p><p>the vega algorithm comput number independ estim the integr intern accord the iter paramet describ below and return their weight averag random sampl the integrand can occasion produc estim where the error zero particularli the function constant some region estim with zero error caus the weight averag break down and must handl separ the origin fortran implement vega the error estim made nonzero substitut small valu typic the implement gsl differ from thi and avoid the use arbitrari constant either assign the valu weight which the averag weight the preced estim discard accord the follow procedur</p><p><list><entry level="1" type="bullet">current estim zero error weight averag finit errorth current estim assign weight which the averag weight the preced estim</entry><entry level="1" type="bullet">current estim finit error previou estim had zero errorth previou estim are discard and the weight averag procedur begin with the current estim</entry><entry level="1" type="bullet">current estim zero error previou estim had zero errorth estim are averag use the arithmet mean but error comput</entry></list></p><ss1><st>configur paramet</st><p>the vega algorithm configur</p><ss2><st>chisq</st><p>thi paramet give the chisquar per degre freedom for the weight estim the integr the valu chisq should close valu chisq which differ significantli from indic that the valu from differ iter are inconsist thi case the weight error will underestim and further iter the algorithm are need obtain reliabl result</p></ss2><ss2><st>alpha</st><p>the paramet alpha control the stiff the rebin algorithm typic set between one and two valu zero prevent rebin the grid the<structure wordnetid="104341686" confidence="0.8"><artifact wordnetid="100021939" confidence="0.8"><area wordnetid="102735688" confidence="0.8"><library wordnetid="103660909" confidence="0.8"><room wordnetid="104105893" confidence="0.8"><link ns0:type="simple" ns0:href="../067/1113067.xml">gnu scientif librari</link></room></library></area></artifact></structure>implement the default valu</p></ss2><ss2><st>iter</st><p>the number iter perform for each call the routin the<structure wordnetid="104341686" confidence="0.8"><artifact wordnetid="100021939" confidence="0.8"><area wordnetid="102735688" confidence="0.8"><library wordnetid="103660909" confidence="0.8"><room wordnetid="104105893" confidence="0.8"><link ns0:type="simple" ns0:href="../067/1113067.xml">gnu scientif librari</link></room></library></area></artifact></structure>implement the default valu iter</p></ss2><ss2><st>stage</st><p>set thi determin the stage the calcul normal stage which begin with new uniform grid and empti weight averag call vega with stage retain the grid from the previou run but discard the weight averag that one can tune the grid use rel small number point and then larg run with stage the optim grid set stage keep the grid and the weight averag from the previou run but may increas decreas the number histogram bin the grid depend the number call avail choos stage enter the main loop that noth chang and equival perform addit iter previou call</p></ss2><ss2><st>mode</st><p>the possibl choic are thi determin whether vega will use import sampl stratifi sampl whether can pick own low dimens vega use strict stratifi sampl more precis stratifi sampl chosen there are fewer than bin per box</p></ss2></ss1></sec><sec><st>refer and further read</st><p>the follow refer about mont carlo and quasimont carlo method gener with descript the varianc reduct techniqu excel start with<list><entry level="1" type="bullet">caflisch mont carlo and quasimont carlo method acta numerica vol cambridg univers press</entry></list></p><p>nice survey arxiv base lectur for graduat student high energi physic<list><entry level="1" type="bullet">weinzierl<weblink ns0:type="simple" ns0:href="http://arxiv.org/abs/hep-ph/0006269/">introduct mont carlo method</weblink></entry></list></p><p>the miser algorithm describ the follow articl</p><p><list><entry level="1" type="bullet">press farrar recurs stratifi sampl for multidimension mont carlo integr comput physic</entry></list></p><p>the vega algorithm describ the follow paper</p><p><list><entry level="1" type="bullet">lepag new algorithm for adapt multidimension integr journal comput physic</entry><entry level="1" type="bullet">lepag vega adapt multidimension integr program cornel preprint cln march</entry></list>base the<structure wordnetid="104341686" confidence="0.8"><artifact wordnetid="100021939" confidence="0.8"><area wordnetid="102735688" confidence="0.8"><library wordnetid="103660909" confidence="0.8"><room wordnetid="104105893" confidence="0.8"><link ns0:type="simple" ns0:href="../067/1113067.xml">gnu scientif librari</link></room></library></area></artifact></structure>manual which publish under the gfdl and henc free use for wikipedia origin avail<weblink ns0:type="simple" ns0:href="http://www.gnu.org/software/gsl/manual/gsl-ref_23.html">here</weblink></p></sec><sec><st>see also</st><p><list><entry level="1" type="bullet"><know-how wordnetid="105616786" confidence="0.8"><method wordnetid="105660268" confidence="0.8"><link ns0:type="simple" ns0:href="../018/5474018.xml">auxiliari field mont carlo</link></method></know-how></entry></list></p></sec><sec><st>extern link</st><p><list><entry level="1" type="bullet"><weblink ns0:type="simple" ns0:href="http://math.fullerton.edu/mathews/n2003/MonteCarloMod.html">modul for mont carlo integr</weblink></entry><entry level="1" type="bullet"><weblink ns0:type="simple" ns0:href="http://math.fullerton.edu/mathews/n2003/montecarlo/MonteCarloBib/Links/MonteCarloBib_lnk_1.html">internet resourc for mont carlo integr</weblink></entry></list></p></sec></bdy></method></know-how></article>