<article xmlns:ns0="http://www.w3.org/1999/xlink"><skilled_worker confidence="0.8" wordnetid="110605985"><physical_entity confidence="0.8" wordnetid="100001930"><person confidence="0.8" wordnetid="100007846"><intellectual confidence="0.8" wordnetid="109621545"><worker confidence="0.8" wordnetid="109632518"><alumnus confidence="0.8" wordnetid="109786338"><causal_agent confidence="0.8" wordnetid="100007347"><serviceman confidence="0.8" wordnetid="110582746"><artist confidence="0.8" wordnetid="109812338"><scholar confidence="0.8" wordnetid="110557854"><military_officer confidence="0.8" wordnetid="110317007"><creator confidence="0.8" wordnetid="109614315"><header><title>arthur hill gilbert</title><id /><revision><id /><timestamp /><contributor><username>lightbot</username><id /></contributor></revision><categories><category>painter</category><category>oti alumni</category><category>birth</category><category>california artist</category><category>american militari personnel world war</category><category>unit state navi offic</category><category>peopl from chicago illinoi</category><category>death</category></categories></header><bdy>arthur hill gilbert<link ns0:type="simple" ns0:href="../638/383638.xml">american impressionist</link>painter notabl one the practition the<country wordnetid="108544813" confidence="0.9508927676800064"><link ns0:type="simple" ns0:href="../407/5407.xml">california</link></country>style today rememb for larg color canvasa depict meadow and grove tree along the state fame<link ns0:type="simple" ns0:href="../181/487181.xml">mile drive</link>gilbert part the group american impressionist artist who live and paint the<link ns0:type="simple" ns0:href="../098/66098.xml">artist coloni</link>scene california<village wordnetid="108672738" confidence="0.9508927676800064"><link ns0:type="simple" ns0:href="../769/107769.xml">carmel</link></village>and<village wordnetid="108672738" confidence="0.9508927676800064"><link ns0:type="simple" ns0:href="../817/107817.xml">laguna beach</link></village>dure the and<sec><st>biographi</st><ss1><st>earli life</st><p>born<link ns0:type="simple" ns0:href="../886/6886.xml">chicago illinoi</link>some sourc cite more specif<link ns0:type="simple" ns0:href="../338/111338.xml">vernon illinoi</link>gilbert graduat from evanston academi sourc wwwcomenosfineartscom then studi<university wordnetid="108286163" confidence="0.9508927676800064"><ranking wordnetid="114429484" confidence="0.9508927676800064"><link ns0:type="simple" ns0:href="../216/174216.xml">northwestern univers</link></ranking></university>and after stint<link ns0:type="simple" ns0:href="../839/57839.xml">annapoli</link>serv<link ns0:type="simple" ns0:href="../567/145567.xml">ensign</link>the navi<conflict wordnetid="100958896" confidence="0.9508927676800064"><link ns0:type="simple" ns0:href="../461/4764461.xml">world war</link></conflict>after the war gilbert enjoy long await sojourn<region wordnetid="108630985" confidence="0.8"><administrative_district wordnetid="108491826" confidence="0.8"><location wordnetid="100027167" confidence="0.8"><commune wordnetid="108541609" confidence="0.8"><municipality wordnetid="108626283" confidence="0.8"><geographical_area wordnetid="108574314" confidence="0.8"><town wordnetid="108665504" confidence="0.8"><district wordnetid="108552138" confidence="0.8"><urban_area wordnetid="108675967" confidence="0.8"><city wordnetid="108524735" confidence="0.8"><link ns0:type="simple" ns0:href="../370/3174370.xml">concarneau</link></city></urban_area></district></town></geographical_area></municipality></commune></location></administrative_district></region><country wordnetid="108544813" confidence="0.9508927676800064"><link ns0:type="simple" ns0:href="../419/5843419.xml">franc</link></country>where decid studi paint futur career accord reminisc fellow artist and close friend abel warshawski sourc wwwfadacom profil gilbert rememb warshawski referenc later gilbert attend the<link ns0:type="simple" ns0:href="../828/1577828.xml">oti art institut</link>now known<link ns0:type="simple" ns0:href="../828/1577828.xml">oti colleg art and design</link>and the<link ns0:type="simple" ns0:href="../450/8758450.xml">chicago art institut</link></p></ss1><ss1><st>the impressionist emerg</st><p>accord the biographi about him the websit wwwtfaoicom gilbert spent sever year paint and exhibit<link ns0:type="simple" ns0:href="../110/18110.xml">angel</link>move monterey where becam wide known for paint the california landscap mostli the local area</p></ss1><ss1><st>person life</st><p>gilbert and wife audin own and live ranch home near<village wordnetid="108672738" confidence="0.9508927676800064"><link ns0:type="simple" ns0:href="../302/99302.xml">stockton california</link></village>dure lifetim gilbert activ both profession and person with art and cultur associ includ the<association wordnetid="108049401" confidence="0.8"><club wordnetid="108227214" confidence="0.8"><link ns0:type="simple" ns0:href="../311/637311.xml">bohemian club</link></club></association>and the<link ns0:type="simple" ns0:href="../281/88281.xml">carmel</link>art associ for which pioneer member</p></ss1></sec><sec><st>gilbert legaci</st><p>articl entitl california impression wwweppraisalscom which discuss the resurg interest the thi style earli centuri art victoria shawwilliamson correspond the time for wwwkeencom wrote notabl the attent garner big name such<physical_entity wordnetid="100001930" confidence="0.8"><person wordnetid="100007846" confidence="0.8"><causal_agent wordnetid="100007347" confidence="0.8"><painter wordnetid="110391653" confidence="0.8"><artist wordnetid="109812338" confidence="0.8"><creator wordnetid="109614315" confidence="0.8"><link ns0:type="simple" ns0:href="../244/8229244.xml">guy rose</link></creator></artist></painter></causal_agent></person></physical_entity>filter down other artist well paint artist such<link ns0:type="simple" ns0:href="../832/3028832.xml">john gambl</link>arthur hill gilbert and mari denil morgan are now bring higher than expect price shawwilliamson continu accord patrick kraft galleri carmel and angel artist that were consid second tier year ago are now more sought after and their paint are bring stronger and stronger price price climb for the guy rose paint collector are gravit toward other artist the school</p><p>essay entitl impression postimpression and the eucalyptu school southern california art author nanci dustin wall mour wrote that gilbert simplifi landscap the point poetic sourc page essay with endnot post tradit fine art onlin websit address wwwtfaoicom per origin which appar courtesi westpahl publish irvin california</p></sec><sec><st>past notabl exhibit alphabet order</st><p>accord biographi gilbert the websit wwwtfaoicom work were shown dure lifetim the follow locat<list><entry level="1" type="bullet"><artifact wordnetid="100021939" confidence="0.8"><facility wordnetid="103315023" confidence="0.8"><depository wordnetid="103177349" confidence="0.8"><museum wordnetid="103800563" confidence="0.8"><link ns0:type="simple" ns0:href="../162/384162.xml">california palac the legion honor</link></museum></depository></facility></artifact></entry><entry level="1" type="bullet"><link ns0:type="simple" ns0:href="../450/8758450.xml">chicago art institut</link></entry><entry level="1" type="bullet"><structure wordnetid="104341686" confidence="0.8"><conservatory wordnetid="103092314" confidence="0.8"><building wordnetid="102913152" confidence="0.8"><artifact wordnetid="100021939" confidence="0.8"><school wordnetid="104146050" confidence="0.8"><facility wordnetid="103315023" confidence="0.8"><depository wordnetid="103177349" confidence="0.8"><art_school wordnetid="102746978" confidence="0.8"><museum wordnetid="103800563" confidence="0.8"><link ns0:type="simple" ns0:href="../199/1127199.xml">nation academi design</link></museum></art_school></depository></facility></school></artifact></building></conservatory></structure></entry><entry level="1" type="bullet">pennsylvania academi art</entry></list></p></sec><sec><st>honor and award</st><p><list><entry level="1" type="bullet">gilbert award the covet hallgarten prize for monterey oak exhibit the<structure wordnetid="104341686" confidence="0.8"><conservatory wordnetid="103092314" confidence="0.8"><building wordnetid="102913152" confidence="0.8"><artifact wordnetid="100021939" confidence="0.8"><school wordnetid="104146050" confidence="0.8"><facility wordnetid="103315023" confidence="0.8"><depository wordnetid="103177349" confidence="0.8"><art_school wordnetid="102746978" confidence="0.8"><museum wordnetid="103800563" confidence="0.8"><link ns0:type="simple" ns0:href="../199/1127199.xml">nation academi design</link></museum></art_school></depository></facility></school></artifact></building></conservatory></structure><region wordnetid="108630985" confidence="0.8"><administrative_district wordnetid="108491826" confidence="0.8"><location wordnetid="100027167" confidence="0.8"><district wordnetid="108552138" confidence="0.8"><country wordnetid="108544813" confidence="0.8"><link ns0:type="simple" ns0:href="../131/8210131.xml">new york</link></country></district></location></administrative_district></region><ref ns0:type="simple" ns0:href="#xpointer(//reflist/entry[@id=%221%22])" /></entry><entry level="1" type="bullet">gilbert went win both the henri ranger and the franci murphi memori prize<ref ns0:type="simple" ns0:href="#xpointer(//reflist/entry[@id=%222%22])" /></entry><entry level="1" type="bullet">accord fada fine art dealer associ onlin gilbert one the veri few california impressionist elect into the prestigi membership the nation academi design</entry><entry level="1" type="bullet">today when auction mani gilbert work are list catalog with full name the artist and the profession design ana follow</entry></list></p></sec><sec><st>museum collect</st><p>accord the ask art websit referenc and the<link ns0:type="simple" ns0:href="../828/65828.xml">smithsonian</link>art archiv museum that today includ arthur hill gilbert their collect includ<list><entry level="1" type="bullet"><university wordnetid="108286163" confidence="0.9508927676800064"><link ns0:type="simple" ns0:href="../058/82058.xml">brigham young univers</link></university>museum art</entry><entry level="1" type="bullet"><link ns0:type="simple" ns0:href="../548/50548.xml">oakland</link>museum california</entry><entry level="1" type="bullet"><link ns0:type="simple" ns0:href="../777/398777.xml">springvil</link>museum art</entry><entry level="1" type="bullet"><museum wordnetid="103800563" confidence="0.9508927676800064"><link ns0:type="simple" ns0:href="../615/373615.xml">angel counti museum art</link></museum></entry><entry level="1" type="bullet"><link ns0:type="simple" ns0:href="../444/40444.xml">monterey</link>museum artpacif</entry><entry level="1" type="bullet"><artifact wordnetid="100021939" confidence="0.8"><facility wordnetid="103315023" confidence="0.8"><depository wordnetid="103177349" confidence="0.8"><museum wordnetid="103800563" confidence="0.8"><link ns0:type="simple" ns0:href="../162/384162.xml">california palac the legion honor</link></museum></depository></facility></artifact></entry><entry level="1" type="bullet"><structure wordnetid="104341686" confidence="0.8"><conservatory wordnetid="103092314" confidence="0.8"><building wordnetid="102913152" confidence="0.8"><artifact wordnetid="100021939" confidence="0.8"><school wordnetid="104146050" confidence="0.8"><facility wordnetid="103315023" confidence="0.8"><depository wordnetid="103177349" confidence="0.8"><art_school wordnetid="102746978" confidence="0.8"><museum wordnetid="103800563" confidence="0.8"><link ns0:type="simple" ns0:href="../199/1127199.xml">nation academi design</link></museum></art_school></depository></facility></school></artifact></building></conservatory></structure></entry></list></p></sec><sec><st>select work alphabet order</st><p><list><entry level="1" type="bullet"><link ns0:type="simple" ns0:href="../453/59453.xml">california mission</link>oil canva sold galleri northern california late earli<ref ns0:type="simple" ns0:href="#xpointer(//reflist/entry[@id=%223%22])" /></entry><entry level="1" type="bullet"><plant wordnetid="100017222" confidence="0.8"><tree wordnetid="113104059" confidence="0.8"><vascular_plant wordnetid="113083586" confidence="0.8"><woody_plant wordnetid="113103136" confidence="0.8"><link ns0:type="simple" ns0:href="../734/428734.xml">california sycamor</link></woody_plant></vascular_plant></tree></plant>oil canva approx last display privat home southern california from the until</entry><entry level="1" type="bullet">cloudi day the sein oil canva paul bagley collect per gerdt and south california impression page plate</entry><entry level="1" type="bullet">the cove lobo circa oil canva</entry><entry level="1" type="bullet">duneland<link ns0:type="simple" ns0:href="../444/40444.xml">monterey</link>oil canva sold altadenabas john moran auction the pasadena convent center june price paid the buyer ndhighest record for thi artist sourc wwwnewsantiquecom per jsla media press releas refer lot presal estim</entry><entry level="1" type="bullet">green hill oil canva sold for auction decemb<link ns0:type="simple" ns0:href="../513/8530513.xml">butterfield and butterfield</link>sourc wwwbohnhamscom sale lot</entry><entry level="1" type="bullet">green hill seasid oil canva sold for auction<link ns0:type="simple" ns0:href="../864/15864.xml">june</link><link ns0:type="simple" ns0:href="../164/36164.xml" /><link ns0:type="simple" ns0:href="../513/8530513.xml">butterfield and butterfield</link>sourc wwwbohnhamscom sale lot proven properti from the baird collect sold benefit the monterey museum art exhibit program note there landscap studi paint the revers bonham catalogu</entry><entry level="1" type="bullet">glimps hollywood hill oil canva panel the perman collect the<university wordnetid="108286163" confidence="0.9508927676800064"><link ns0:type="simple" ns0:href="../058/82058.xml">brigham young univers</link></university>museum art<symbol wordnetid="106806469" confidence="0.9508927676800064"><link ns0:type="simple" ns0:href="../716/31716.xml">utah</link></symbol></entry><entry level="1" type="bullet"><body_of_water wordnetid="109225146" confidence="0.8"><bay wordnetid="109215664" confidence="0.8"><link ns0:type="simple" ns0:href="../570/98570.xml">monterey bay</link></bay></body_of_water>circa oil canvasboard sold galleri northern california late earli sourc wwwfadacomtrotterhtml</entry><entry level="1" type="bullet">doud<region wordnetid="108630039" confidence="0.8"><location wordnetid="100027167" confidence="0.8"><link ns0:type="simple" ns0:href="../894/240894.xml">big sur</link></location></region>oil canva also sold altadenabas john moran auction the pasadena convent center june the buyer trotter galleri carmel paid record note smaller paint the artist with the same titl though vari color sold bonham butterfield august for report sourc wwwnewsantiquecom per jsla media press releas refer lot presal estim</entry><entry level="1" type="bullet">summer<link ns0:type="simple" ns0:href="../331/19331.xml">moon</link>oil canva last display galleri california juli sourc wwwknathangallerycom</entry><entry level="1" type="bullet">summer path oil canva board auction<link ns0:type="simple" ns0:href="../513/8530513.xml">butterfield and butterfield</link>may with bid estim sourc wwwbohnhamscom sale lot</entry><entry level="1" type="bullet">tall tree oil canva last display galleri southern california februari sourc wwwbinggallerycom</entry><entry level="1" type="bullet">view<link ns0:type="simple" ns0:href="../181/487181.xml">mile drive</link>oil canva last display galleri southern california juli sourc wwwknathangallerycom</entry></list></p></sec><sec><st>trivia</st><p><list><entry level="1" type="bullet">gilbert love paint the california mission especi<site wordnetid="108651247" confidence="0.8"><region wordnetid="108630985" confidence="0.8"><position wordnetid="108621598" confidence="0.8"><point wordnetid="108620061" confidence="0.8"><landmark wordnetid="108624891" confidence="0.8"><location wordnetid="100027167" confidence="0.8"><tract wordnetid="108673395" confidence="0.8"><geographical_area wordnetid="108574314" confidence="0.8"><link ns0:type="simple" ns0:href="../068/60068.xml">mission san juan bautista</link></geographical_area></tract></location></landmark></point></position></region></site>whose bell tower accord fadacom receiv notorieti the film<movie wordnetid="106613686" confidence="0.9508927676800064"><link ns0:type="simple" ns0:href="../617/76617.xml">vertigo</link></movie>direct<person wordnetid="100007846" confidence="0.9508927676800064"><actor wordnetid="109765278" confidence="0.9508927676800064"><link ns0:type="simple" ns0:href="../808/808.xml">alfr hitchcock</link></actor></person>gilbert also paint the<link ns0:type="simple" ns0:href="../ond/11th_millennium_and_beyond.xml">santa barbara mission</link></entry></list></p></sec><sec><st>see also</st><p><table style="background:#f9f9f9; font-size:85%; line-height:110%; "><row><col><image width="32x28px" src="United_States_Department_of_the_Navy_Seal.svg" /></col><col style="padding:0 0.2em;">unit state navi portal</col></row></table></p></sec><sec><st>refer</st><p><reflist><entry id="1">wwwtfaoicom</entry><entry id="2">wwwtfaoicom</entry><entry id="3">wwwfadacomtrotterhtml</entry></reflist><list><entry level="1" type="bullet">artist california edan milton hugh</entry><entry level="1" type="bullet">california impression william gerdt will south abbevil press new york london</entry><entry level="1" type="bullet">impression postimpression and the eucalyptu school southern california nanci dustin wall mour westpahl publish irvin california post tradit fine art onlin wwwtfaoicomimagejpq referenc<link ns0:type="simple" ns0:href="../025/11025.xml">februari</link><link ns0:type="simple" ns0:href="../551/34551.xml" />and see also public southern california art vol and nanci dustin wall mour</entry></list></p></sec><sec><st>extern link</st><p><list><entry level="1" type="bullet"><weblink ns0:type="simple" ns0:href="http://bennion.byu.edu/code/emuseum.asp?rawsearch=QuickSearch/,/contains/,/arthur%20Hill%20gilbert/,/false/,/false emu_action=advsearch newsearchdesc=arthur%20Hill%20gilbert currentstate=rawsearch=QuickSearch/,/contains/,/arthur%20Hill%20gilbert/,/false/,/false profile=objects">glimps hollywood hill arthur hill gilbert the byu musueum art perman collect</weblink></entry><entry level="1" type="bullet"><weblink ns0:type="simple" ns0:href="http://www.askart.com/askart/g/arthur_hill_gilbert/arthur_hill_gilbert.aspx">entri about gilbert ask artcom</weblink></entry><entry level="1" type="bullet"><weblink ns0:type="simple" ns0:href="http://trottergalleries.com/Inventory/Inventory_by_Artist/Artist_Pages/gilbert_arthur_hill.htm">trotter galleri websit carmel</weblink></entry></list></p></sec><sec><st>see also</st><p><list><entry level="1" type="bullet"><cite style="font-style:normal" class="book">westphal ruth lilli editor<link ns0:type="simple" ns0:href="../621/24621.xml">plein air</link>painter california the north irvin calif westphal publish isbn</cite></entry><entry level="1" type="bullet"><cite style="font-style:normal" class="book">westphal ruth lilli editor plein air painter california the southland irvin calif westphal publish isbn</cite></entry><entry level="1" type="bullet" /></list></p></sec></bdy></creator></military_officer></scholar></artist></serviceman></causal_agent></alumnus></worker></intellectual></person></physical_entity></skilled_worker></article>