<article xmlns:ns0="http://www.w3.org/1999/xlink"><politics confidence="0.8" wordnetid="113840719"><idea confidence="0.8" wordnetid="105833840"><plan confidence="0.8" wordnetid="105898568"><social_relation confidence="0.8" wordnetid="100032823"><header><title>social secur australia</title><id /><revision><id /><timestamp /><contributor><username>gimmebot</username><id /></contributor></revision><categories><category>polit australia</category><category>retir australia</category><category>welfar econom</category><category>social program</category><category>economi australia</category><category>welfar</category><category>retir</category></categories></header><bdy>social secur<country wordnetid="108544813" confidence="0.9508927676800064"><link ns0:type="simple" ns0:href="../264/4689264.xml">australia</link></country>refer system<link ns0:type="simple" ns0:href="../250/3332250.xml">social welfar</link>payment provid<link ns0:type="simple" ns0:href="../540/1222540.xml">commonwealth govern australia</link>these payment are administ govern bodi name<link ns0:type="simple" ns0:href="../169/962169.xml">centrelink</link>australia most benefit are subject<link ns0:type="simple" ns0:href="../905/1157905.xml">mean test</link><sec><st>legal framework</st><p>social secur payment and other benefit are current made avail under the follow act parliament</p><p>social secur act new tax system famili assist act student assist act</p><p>social secur payment australia</p></sec><sec><st>payment made under the social secur act and the student assist act</st><p><list><entry level="1" type="bullet">abstudi offer rang allow assist indigen student and new apprentic</entry><entry level="1" type="bullet">age pension for peopl plan for retir who are alreadi retir</entry><entry level="1" type="bullet">assist for isol children for famili with child who can not attend school local becaus distanc special need</entry><entry level="1" type="bullet">austudi payment for fulltim student and new apprentic age year over</entry><entry level="1" type="bullet">carer allow for peopl who care for minor and adult over year with disabl</entry><entry level="1" type="bullet">carer allow child for peopl who care for child under year with disabl</entry><entry level="1" type="bullet">carer payment for peopl who provid fulltim care for someon with disabl</entry><entry level="1" type="bullet">disabl support pension for peopl unabl work for year due ill injuri disabl</entry><entry level="1" type="bullet">doubl orphan pension for peopl who are rais children who have lost both parent</entry><entry level="1" type="bullet">newstart allow for peopl who are look for employ</entry><entry level="1" type="bullet">matern payment for help with those extra cost after the birth new babi</entry><entry level="1" type="bullet">parent payment for parent guardian help with the cost rais children</entry><entry level="1" type="bullet">pension educ supplement for peopl pension with educ expens</entry><entry level="1" type="bullet">special benefit for peopl who are financi hardship have way support themselv and are not entitl anoth payment normal due resid requir</entry><entry level="1" type="bullet">youth allow for fulltim student new apprentic age and peopl age under who are undertak job search combin approv activ</entry></list></p><ss1><st>incom support</st><p>all centrelink incom support payment are payabl fortnightli usual direct deposit into the recipi bank account they are also subject mean test which calcul the recipi and their partner fortnightli incom and asset and affect the rate their payment accordingli such peopl lower incom may entitl partpay their allow subject other qualif requir the assess incom and asset veri similar between differ social secur payment but the effect that incom and asset have each payment differ that they have differ incom threshold how much incom one can earn befor affect their payment and differ taper rate the amount the payment drop per dollar abov these threshold</p><ss2><st>age pension</st><p>the age pension the first payment issu from the commonwealth govern and date back avail men age year and over the age for women becom elig progress phase upward from year line with male women current becom elig for the age pension unlik pension payment mani other countri worker not contribut pension insur within australia and the payment avail subject mean test thi ensur that onli those that requir assist receiv</p></ss2><ss2><st>newstart allow</st><p>newstart allow<link ns0:type="simple" ns0:href="../430/378430.xml">unemploy benefit</link>paid the form payment for peopl between and made when they find themselv unemploy and are seek work paid the basi mutual agreement between the custom and centrelink where centrelink will continu pay fortnightli payment the custom for long the custom attempt find employ custom period unemploy lengthen the requir centrelink becom more oner custom are requir make depend local labor market job search contact per fortnight and record the detail these job within particip contact recordthey are requir appli for job within differ sector the custom oblig contact job network provid spend one day week with them the custom remain unemploy then they are subject more intens voluntari work job network provid may requir newstart recipi voluntari work between hour and appli for posit the same time meet their mutual oblig</p></ss2><ss2><st>youth allow</st><p>youth allow incom support payment young australian fulltim studi australian<link ns0:type="simple" ns0:href="../619/162619.xml">apprentic</link>ship activ look for employ undertak combin activ lead employ</p><p>youth defin for fulltim student for job seeker the payment onli avail depend children lowincom earner young peopl who have met specifi independ criteria some the criteria consid independ for youth allow purpos includ young peopl who</p><p>have self support themselv through paid work are have been marriag like relationship have have had depend child are orphan refuge without parent australia are unabl live with parent due relationship breakdown becaus the parent incarcer miss</p><p>young peopl can gain independ through other criteria and each criteria specif condit that are requir met befor the independ statu can gain</p><p>the underli philosophi youth allow that parent are respons for support their children where they have the mean and the young person not live independ from them year old can onli receiv youth allow they are defin independ and are over the<link ns0:type="simple" ns0:href="../259/11029259.xml">school leav age</link>the state resid the school leav age<body wordnetid="107965085" confidence="0.8"><social_group wordnetid="107950920" confidence="0.8"><colony wordnetid="108374049" confidence="0.8"><group wordnetid="100031264" confidence="0.8"><link ns0:type="simple" ns0:href="../654/21654.xml">new south wale</link></group></colony></social_group></body><region wordnetid="108630985" confidence="0.8"><location wordnetid="100027167" confidence="0.8"><district wordnetid="108552138" confidence="0.8"><link ns0:type="simple" ns0:href="../944/1944.xml">act</link></district></location></region>and<region wordnetid="108630985" confidence="0.8"><administrative_district wordnetid="108491826" confidence="0.8"><location wordnetid="100027167" confidence="0.8"><district wordnetid="108552138" confidence="0.8"><country wordnetid="108544813" confidence="0.8"><link ns0:type="simple" ns0:href="../638/21638.xml" /></country></district></location></administrative_district></region><link ns0:type="simple" ns0:href="../460/4689460.xml">victoria</link>and other state<ref ns0:type="simple" ns0:href="#xpointer(//reflist/entry[@id=%221%22])" /></p><p>youth allow subject number<link ns0:type="simple" ns0:href="../905/1157905.xml">mean test</link>independ youth allow recipi are subject onli the person and partner where applic incom and asset test depend youth allow recipi are subject the person incom test depend youth allow recipi can never member coupl although marri member facto coupl for period usual month will make the person independ partner mean will not affect entitl they are also subject the parent incom test and famili asset test unless parent receipt specifi incom support payment themselv they may also subject the famili actual mean test famt which appli where the parent self employ involv<volition wordnetid="105652593" confidence="0.8"><faculty wordnetid="105650329" confidence="0.8"><link ns0:type="simple" ns0:href="../043/31043.xml">trust</link></faculty></volition><link ns0:type="simple" ns0:href="../223/4918223.xml">compani</link>sever other categori the rational behind the famt that the<link ns0:type="simple" ns0:href="../513/3147513.xml">taxabl incom</link>which youth allow normal base may not accur reflect the true financi mean parent these categori ask for detail the famili spend live expens dure the relev tax year and extrapol equival notion taxabl incom from thi<link ns0:type="simple" ns0:href="../326/668326.xml">sole trader</link>involv<link ns0:type="simple" ns0:href="../303/208303.xml">primari product</link>and parent receiv drought assist such except circumst relief payment are exempt</p><p>youth allow introduc from juli<link ns0:type="simple" ns0:href="../647/34647.xml" />and replac youth train allow and newstart allow for job seeker under and<link ns0:type="simple" ns0:href="../165/10009165.xml">austudi</link>for student under</p></ss2><ss2><st>austudi payment</st><p><link>austudi payment</link>origin known the<link ns0:type="simple" ns0:href="../165/10009165.xml">austudi</link>scheme allag studi allow but sinc the introduct youth allow see abov been reserv for the over qualifi one must australian resid over and studi full time approv educ institut howev student who were receiv youth allow prior turn and are still pursu the same cours studi continu receiv youth allow until they finish otherwis termin their cours</p><p>unlik youth allow austudi custom are consid independ and are not subject the parent incom test famili asset test and the famili actual mean test part the feder budget announc may<link>austudi payment</link>recipi are elig for rent assist from the<link ns0:type="simple" ns0:href="../787/15787.xml">januari</link><link ns0:type="simple" ns0:href="../825/35825.xml" />prior the<link ns0:type="simple" ns0:href="../787/15787.xml">januari</link><link ns0:type="simple" ns0:href="../825/35825.xml" />rent assist not payabl with austudi like most centrelink payment austudi payment subject person andor partner incom and asset test</p></ss2><ss2><st>abstudi</st><p><link>abstudi</link>the<group wordnetid="100031264" confidence="0.8"><people wordnetid="107942152" confidence="0.8"><link ns0:type="simple" ns0:href="../742/12598742.xml">aborigin</link></people></group>and<ethnic_group wordnetid="107967382" confidence="0.9508927676800064"><link ns0:type="simple" ns0:href="../809/595809.xml">torr strait island</link></ethnic_group>studi assist scheme welfar payment for<link ns0:type="simple" ns0:href="../594/2912594.xml">indigen australian</link>undergo some form studi all indigen student secondari tertiari institut well those studi correspond and primari student who turn prior januari their current year studi qualifi indigen student must aborigin<link ns0:type="simple" ns0:href="../809/595809.xml">torr strait island</link>descent centrelink standard and current australian citizen<link>abstudi</link>tailor accord incom test and the statu partner guardian and depend children</p><p>whilst thi payment administ through<link ns0:type="simple" ns0:href="../169/962169.xml">centrelink</link>the payment made under<link>abstudi</link>polici the respons for<link>abstudi</link>polici rest with the<link ns0:type="simple" ns0:href="../971/4978971.xml">minist educ scienc and train</link>and the<link ns0:type="simple" ns0:href="../581/5427581.xml">minist depart</link>and not contain within the<link ns0:type="simple" ns0:href="../645/10008645.xml">social secur act</link></p></ss2><ss2><st>disabl support pension</st><p>provid incom support for peopl who suffer longterm disabl which the opinion assessor they will not recov from the next two year and which will render themselv unabl work particip train activ enabl them work more than you get newstart and incom and assetstest howev you are perman blind you can receiv dsp without incom and asset test and without need prove ani inabl work etc dsp can take while process temporari measur claimant are place anoth payment newstart with medic certif cover the activ test while the payment assess onc grant backdat the claim date the higher dsp rate</p></ss2><ss2><st>sick allow</st><p>payment for those who are current suffer ill injuri disabl short term less than year are employ and have access leav have use all their leav paid under the newstart system without activ test</p></ss2><ss2><st>carer payment</st><p>payment for those provid full time care someon who ill injur disabl</p></ss2><ss2><st>parent payment</st><p>payment for those who are princip carer depend children under the age for partner custom and children under the age for singl custom grant payment after juli those custom grant parent payment prior juli are elig remain the parent payment until their youngest child turn with compulsori particip requir from juli when their youngest child turn whichev occur later parent payment partner classifi allow and parent payment singl classifi pension</p><p>parent payment partner use individu and partner incom test determin the rate payment with benefit withdraw rate cent the dollar juli incom over the legisl limit partner gross earn are assess share regardless individu tax alreadi paid for exampl the breadwinn current pay per cent person tax the<link ns0:type="simple" ns0:href="../824/782824.xml">effect margin tax rate</link>emtr after benefit withdraw percent earn abov the legisl limit the emtr prior juli the benefit withdraw rate the partner earn abov the legisl incom limit</p></ss2></ss1><ss1><st>addit and supplementari payment</st><ss2><st>rent assist</st><p>incom support recipi who are class nonhomeown and pay more than requir amount board rent for accommod are elig for<link>rent assist</link>payment thi payment paid part the incom support payment verif the rent detail are requir either leas complet rent certif everi six month</p></ss2><ss2><st>pharmaceut allow</st><p>veri small payment for those receiv centrelink payment help cover the cost prescript medicin thi payment from part the pharmaceut benefit scheme and effect give health care card holder free access medicin the</p></ss2><ss2><st>telephon allow</st><p>payment issu quarterli elig custom receiv pension payment help cover the cost telephon bill elig custom must have telephon servic subscrib their name elig for telephon allow</p></ss2><ss2><st>pension educ supplement</st><p>addit payment for those pension who are studi help cover the cost studi onli appli approv cours studi bachelor degre and mani<link ns0:type="simple" ns0:href="../386/31386.xml">tafe</link>cours are approv cours studi but gener postgradu studi not you are still elig for for studi even you have complet previou studi</p></ss2></ss1></sec><sec><st>payment made under the new tax system famili assist act</st><p><list><entry level="1" type="bullet">famili tax benefit part for parent carer help with the cost rais children</entry><entry level="1" type="bullet">famili tax benefit part for singl incom famili sole parent</entry><entry level="1" type="bullet">matern immunis allow for fulli immunis children those exempt from immunis</entry><entry level="1" type="bullet">child care benefit for famili help with the cost child care</entry></list></p><ss1><st>famili tax benefit</st><p>famili tax benefit payment made through the tax system the caretak children entitl thi benefit base the famili taxabl incom the given financi year payment can made after person lodg tax return advanc base estim taxabl incom dure the financi year payment are receiv advanc they are reconcil the end the financi year when the amount receiv compar the amount that should have been receiv base actual incom accord tax return</p><p>famili tax benefit part paid base the combin taxabl incom the recipi and their partner applic famili tax benefit part paid base the lower the recipi and their partner incom for singl parent the highest rate</p></ss1><ss1><st>matern immunis allow</st><p>matern immunis allow paid parent whose children who have receiv all immunis specifi the nation immunis schedul the time they are year old altern the parent object immunis ani ground and inform<link ns0:type="simple" ns0:href="../169/962169.xml">centrelink</link>thi they may also receiv thi allow</p></ss1><ss1><st>child care benefit</st><p>child care benefit paid australian who use and are charg for child care servic thi payment can made either directli the child care centr who then discount the recipi fee directli the parent when they lodg their tax return mean test payment and base the recipi taxabl incom</p></ss1></sec><sec><st>concess card</st><p>the follow concess card are issu centrelink<list><entry level="1" type="bullet"><link ns0:type="simple" ns0:href="../760/2792760.xml">health care card</link>primarili entitl holder<link ns0:type="simple" ns0:href="../990/772990.xml" />medic the concess rate most recipi payment are entitl thi well peopl receiv the maximum rate famili tax benefit part thi card secondari benefit includ cheaper<link ns0:type="simple" ns0:href="../894/23894.xml">public transport</link>some state</entry><entry level="1" type="bullet"><link>commonwealth senior health card</link>hcc issu senior citizen</entry><entry level="1" type="bullet"><link>pension concess card</link>thi offer addit benefit the pension includ pension transport fare some area and certain number free countri rail journey within the holder state</entry></list></p></sec><sec><st>prison and psychiatr hospit</st><p>person imprison admit psychiatr institut are not elig receiv benefit for the durat imprison admiss howev may payabl psychiatr stay class rehabilit the benefit resum upon releas discharg howev upon releas discharg from imprison psychiatr hospitalis more than two week the claimant entitl addit payment equal seven day their regular payment help with adjust</p></sec><sec><st>review social secur decis</st><p>everi decis made under social secur law write and given suffici notic usual letter<ref ns0:type="simple" ns0:href="#xpointer(//reflist/entry[@id=%222%22])" />applic for review such decis may lodg ani time but depend the decis remedi action may onli taken the review receiv within week receiv notic for decis made under the social secur act week for decis made under famili assist law the bottom each letter inform custom centrelink decis your right box inform individu potenti avenu for review</p><ss1><st>intern review</st><p>legisl ultim govern the decis make process and centrelink polici guidelin provid the len through which legisl interpret centrelink custom servic advis csa howev notwithstand legisl and polici there are still mani area which signific discret afford the decis maker which may subject intern and extern review</p><ss2><st>origin decis maker odm review</st><p>centrelink possess prescrib twotier system intern review the initi stage the odm review where the matter brought back the csa for reconsider<ref ns0:type="simple" ns0:href="#xpointer(//reflist/entry[@id=%223%22])" />thi wholli intraoffic process and function initi check the decis and the appeal progress further from the odm onli necessari mani review are due legisl chang administr error provis new custom document custom disagr with the decis there also the opportun for the custom make formal written complaint howev mani individu may not wish have the same csa make anoth decis which may even lead confus whether intern review actual taken place</p><p>onc the odm review been complet should contain the relev legisl provis ani new inform consid and determin state whether the origin decis been set asid affirm vari</p></ss2><ss2><st>authoris review offic aro review</st><p>the individu not satisfi authoris review offic aro offic deleg review power from the secretari for the purpos social secur law may affirm vari set asid the origin decis<ref ns0:type="simple" ns0:href="#xpointer(//reflist/entry[@id=%224%22])" />although employe the centrelink aro not defend odm decis strong principl that the aro independ the situat and previou involv the case nevertheless aro also look legisl with the same polici guidelin csa</p></ss2><ss2><st>the social secur appeal tribun ssat</st><p>custom dissatisfi with intern review decis may appli the social secur appeal tribun ssat<ref ns0:type="simple" ns0:href="#xpointer(//reflist/entry[@id=%225%22])" />review decis affirm vari set asid intern review subject some except the ssat gener the same power the secretari and may affirm vari set asid and substitut decis return the matter centrelink with recommend ssat hear are gener inform confidenti and not bound the law evid</p><p>experi indic that the ssat more weight goe toward the legisl oppos polici guidelin welfar advocaci group such the welfar right centr are often involv provid legal help individu affect centrelink decis</p></ss2></ss1><ss1><st>extern review</st><ss2><st>the aat and the court</st><p>further appeal question law onli are avail the feder court and high court<ref ns0:type="simple" ns0:href="#xpointer(//reflist/entry[@id=%226%22])" />decis must have been review the ssat befor can heard the aat howev the secretari deleg person behalf the secretari may appeal decis from the ssat onli decis are overturn the aat further appeal avail the feder court and high court but question law onli</p></ss2><ss2><st>the<link ns0:type="simple" ns0:href="../583/202583.xml#xpointer(//*[./st=%22Australia%22])">ombudsman</link></st><p>the<link ns0:type="simple" ns0:href="../583/202583.xml#xpointer(//*[./st=%22Australia%22])">commonwealth ombudsman</link>doe not conduct merit review would the aro ssat but consid the administr decis make process employ centrelink reach the decis carri out the action complain</p><p>where the ombudsman conclud that there been defici centrelink action for exampl<ref ns0:type="simple" ns0:href="#xpointer(//reflist/entry[@id=%227%22])" />the ombudsman may make recommend centrelink for remedi action thi may result centrelink chang their decis provid better explan their decis</p><p>investig the ombudsman are usual result from complaint about decis action centrelink and the process investig the ombudsman entitl view centrelink record and ask question centrelink staff while the ombudsman doe not have coerciv power make centrelink chang decis act certain way recommend made the ombudsman are rare reject</p></ss2></ss1></sec><sec><st>refer</st><p><reflist><entry id="1"><weblink ns0:type="simple" ns0:href="http://www.education.vic.gov.au/about/directions/reviewleg_minimumage.htm">victorian minimum school leav age</weblink></entry><entry id="2">social secur administr act cth</entry><entry id="3">centrelink inform guid payment and servic chapter review and appeal</entry><entry id="4">social secur administr act cth</entry><entry id="5">social secur administr act cth</entry><entry id="6">administr appeal tribun act cth</entry><entry id="7">ombudsman act cth</entry></reflist></p></sec><sec><st>see also</st><p><list><entry level="1" type="bullet"><link ns0:type="simple" ns0:href="../645/10008645.xml">social secur act</link></entry><entry level="1" type="bullet"><idea wordnetid="105833840" confidence="0.8"><plan wordnetid="105898568" confidence="0.8"><link ns0:type="simple" ns0:href="../691/27691.xml">social secur</link></plan></idea></entry><entry level="1" type="bullet"><link ns0:type="simple" ns0:href="../868/19477868.xml">social secur</link>disambigu</entry><entry level="1" type="bullet"><link ns0:type="simple" ns0:href="../826/1550826.xml">social insur</link></entry><entry level="1" type="bullet"><link ns0:type="simple" ns0:href="../250/3332250.xml">social welfar</link></entry><entry level="1" type="bullet"><idea wordnetid="105833840" confidence="0.8"><plan wordnetid="105898568" confidence="0.8"><link ns0:type="simple" ns0:href="../564/19287564.xml">social safeti net</link></plan></idea></entry><entry level="1" type="bullet"><link ns0:type="simple" ns0:href="../078/3271078.xml">superannu australia</link></entry><entry level="1" type="bullet"><link ns0:type="simple" ns0:href="../024/3186024.xml">welfar financi aid</link></entry><entry level="1" type="bullet"><link ns0:type="simple" ns0:href="../839/222839.xml">welfar state</link></entry><entry level="1" type="bullet"><link ns0:type="simple" ns0:href="../875/401875.xml">welfar reform</link></entry></list></p></sec><sec><st>australian govern extern link</st><p><list><entry level="1" type="bullet"><weblink ns0:type="simple" ns0:href="http://www.centrelink.gov.au/">centrelink</weblink></entry><entry level="1" type="bullet"><weblink ns0:type="simple" ns0:href="http://www.familyassist.gov.au/">famili assist offic</weblink></entry><entry level="1" type="bullet"><weblink ns0:type="simple" ns0:href="http://www.ombudsman.gov.au/">commonwealth ombudsman</weblink></entry><entry level="1" type="bullet"><weblink ns0:type="simple" ns0:href="http://www.ssat.gov.au/">social secur appeal tribun ssat</weblink></entry><entry level="1" type="bullet"><weblink ns0:type="simple" ns0:href="http://www.aat.gov.au/">the administr appeal tribun aat</weblink></entry></list></p></sec><sec><st>other extern link</st><p><list><entry level="1" type="bullet"><weblink ns0:type="simple" ns0:href="http://www.unistudent.com.au/news/1120528475_26847.html">austudi student should receiv rent assist</weblink>nation union student news articl</entry></list></p></sec></bdy></social_relation></plan></idea></politics></article>