<article xmlns:ns0="http://www.w3.org/1999/xlink"><header><title>geo target</title><id /><revision><id /><timestamp /><contributor><username>mediaexpert</username><id /></contributor></revision><categories><category>advertis</category><category>search engin optim</category><category>internet advertis and promot</category></categories></header><bdy>geo target<link ns0:type="simple" ns0:href="../177/1618177.xml">internet market</link>the method determin the physic locat websit visitor and deliv differ content that visitor base her locat such countri regionst citi metro code<link ns0:type="simple" ns0:href="../550/51550.xml">zip code</link>organ<link ns0:type="simple" ns0:href="../245/100245.xml">isp</link>other criteria<sec><st>geograph inform provid the visitor</st><p>geo target also done base geograph and other person inform that were provid the visitor himself typic exampl for thi type geo target the fedex websit fedexcom where user have select their countri locat first and are then present with differ site content depend their select</p><p>the autom discoveri user citylevel inform base address trace rout ping and combin other tool and method far more advanc depend the preanalysi the entir address space there are more than billion possibl address and detail analysi each them herculean task especi light the fact that address are constantli assign alloc realloc move and chang due router move enterpris assign address move and network built chang order keep with these chang complex algorithm bandwidth measur and map technolog and fine tune deliveri mechan are necessari onc all the space analyz each address must period updat reflect chang the address inform thi process analog internet search engin spider enorm yet requir far deeper layer intellig keep the inform about the constantli chang billionplu address current</p></sec><sec><st>deliveri seo</st><p><indent level="1">main articl<link ns0:type="simple" ns0:href="../364/418364.xml">cloak</link></indent>deliveri for<link ns0:type="simple" ns0:href="../946/187946.xml">search engin optim</link>the method deliv differ content search engin spider also known robot and crawler than human visitor the determin the visitor known search engin spider done base the address seo compar the visitor address with their list address which are known server that are own search engin and use run their crawler applic spider the deliveri differ content search engin spider than human visitor call<link ns0:type="simple" ns0:href="../364/418364.xml">cloak</link>and against most search engin webmast guidelin<ref ns0:type="simple" ns0:href="#xpointer(//reflist/entry[@id=%221%22])" /><ref ns0:type="simple" ns0:href="#xpointer(//reflist/entry[@id=%222%22])" /><ref ns0:type="simple" ns0:href="#xpointer(//reflist/entry[@id=%223%22])" /></p><p>although the search engin guidelin seem impli that ani type cloak bad are there case where cloak might legitim the subject veri controversi and seo expert continu debat about when cloak might accept and when not<ref ns0:type="simple" ns0:href="#xpointer(//reflist/entry[@id=%224%22])" /></p><p>cloak via deliveri work differ than cloak via<link ns0:type="simple" ns0:href="../303/487303.xml">user agent</link>while the<link ns0:type="simple" ns0:href="../284/41284.xml">address spoof</link>harder than<link ns0:type="simple" ns0:href="../303/487303.xml#xpointer(//*[./st=%22User_agent_spoofing%22])">userag spoof</link>and thu more reliabl also harder keep the list address use search engin for their crawler uptod outdat list with activ crawler address miss enabl the search engin detect the cloak and may result remov the site from the search engin index</p></sec><sec><st>common usag geo target</st><p><list><entry level="1" type="bullet">webmast who want serv local content global domain<ref ns0:type="simple" ns0:href="#xpointer(//reflist/entry[@id=%225%22])" /><ref ns0:type="simple" ns0:href="#xpointer(//reflist/entry[@id=%226%22])" /></entry><entry level="1" type="bullet">content owner and deliveri network restrict stream base the geograph inform</entry><entry level="1" type="bullet"><link ns0:type="simple" ns0:href="../207/1027207.xml">pay per click</link>advertis have appear onli user who live select locat</entry><entry level="1" type="bullet"><link ns0:type="simple" ns0:href="../870/1083870.xml">display advertis</link>where banner other multimedia are select display base the visitor locat the use connect speed data correl address tailor content</entry><entry level="1" type="bullet">onlin analyt identifi live the correl citylevel geographi connect speed data and certain demograph data address</entry><entry level="1" type="bullet">enhanc perform network provid superior custom target advertis</entry><entry level="1" type="bullet">fraud prevent identifi suspici payment transact live correl between address and addit inform bill record email header</entry><entry level="1" type="bullet">citi advertis<ref ns0:type="simple" ns0:href="#xpointer(//reflist/entry[@id=%227%22])" />advertis web site with extens content relat particular citi such web site can connect larg citi audienc with productsservic for sale those citi surfer search for inform about particular citi find advert such web site result citi name relat search rather than productservic keyword search thi way busi shop restaur can advertis and reach out consum locat the realworld local their productservic offer</entry></list></p></sec><sec><st>refer</st><p><reflist><entry id="1"><weblink ns0:type="simple" ns0:href="http://www.google.com/support/webmasters/bin/answer.py?answer=35769">googl webmast guidelin</weblink></entry><entry id="2"><weblink ns0:type="simple" ns0:href="http://help.yahoo.com/help/us/ysearch/indexing/indexing-14.html">yahoo search content qualiti guidelin</weblink></entry><entry id="3"><weblink ns0:type="simple" ns0:href="http://search.msn.com/docs/siteowner.aspx?t=SEARCH_WEBMASTER_REF_GuidelinesforOptimizingSite.htm">search guidelin for success index</weblink></entry><entry id="4">chri sherman juli<weblink ns0:type="simple" ns0:href="http://searchenginewatch.com/showPage.html?page=2157341">search engin cloak the controversi continu</weblink>search engin watch retriev decemb</entry><entry id="5"><weblink ns0:type="simple" ns0:href="http://www.ipligence.com/worldmap/">internet world map</weblink>studi show the geograph distribut the internet across the entir world</entry><entry id="6"><weblink ns0:type="simple" ns0:href="http://www.ip2location.com/ip2location-internet-ip-address-2008-report.aspx">internet address alloc countri report</weblink>studi show the address distribut the internet</entry><entry id="7">search engin optim for dummi edit peter kent chapter find traffic via geotarget</entry></reflist></p><p><table style=";" class="navbox" cellspacing="0"><row><col style="padding:2px;"><table style="width:100%;background:transparent;color:inherit;;" class="nowraplinks collapsible autocollapse " cellspacing="0"><row><header colspan="2" style=";" class="navbox-title"><link ns0:type="simple" ns0:href="../946/187946.xml">search engin optim</link></header></row><row style="height:2px;" /><row><col style=";;" class="navbox-group">exclus standard</col><col style="text-align:left;border-left:2px solid #fdfdfd;width:100%;padding:0px;;;" class="navbox-list navbox-odd"><link ns0:type="simple" ns0:href="../673/101673.xml">robot exclus standard</link><link ns0:type="simple" ns0:href="../556/20556.xml">meta tag</link><link ns0:type="simple" ns0:href="../084/3766084.xml">nofollow</link></col></row><row style="height:2px" /><row><col style=";;" class="navbox-group">relat market topic</col><col style="text-align:left;border-left:2px solid #fdfdfd;width:100%;padding:0px;;;" class="navbox-list navbox-even"><link ns0:type="simple" ns0:href="../177/1618177.xml">internet market</link><physical_entity wordnetid="100001930" confidence="0.8"><person wordnetid="100007846" confidence="0.8"><model wordnetid="110324560" confidence="0.8"><assistant wordnetid="109815790" confidence="0.8"><worker wordnetid="109632518" confidence="0.8"><causal_agent wordnetid="100007347" confidence="0.8"><link ns0:type="simple" ns0:href="../758/703758.xml">affili market</link></causal_agent></worker></assistant></model></person></physical_entity><link ns0:type="simple" ns0:href="../759/1101759.xml">email market</link><link ns0:type="simple" ns0:href="../645/646645.xml">display advertis</link><link ns0:type="simple" ns0:href="../872/2475872.xml">web analyt</link></col></row><row style="height:2px" /><row><col style=";;" class="navbox-group">search market relat topic</col><col style="text-align:left;border-left:2px solid #fdfdfd;width:100%;padding:0px;;;" class="navbox-list navbox-odd"><link ns0:type="simple" ns0:href="../074/2111074.xml">search engin market</link><link ns0:type="simple" ns0:href="../316/6559316.xml">social media optim</link><link ns0:type="simple" ns0:href="../470/15883470.xml">onlin ident manag</link><link ns0:type="simple" ns0:href="../170/501170.xml">paid inclus</link><link ns0:type="simple" ns0:href="../207/1027207.xml">pay per click ppc</link><technique wordnetid="105665146" confidence="0.8"><know-how wordnetid="105616786" confidence="0.8"><method wordnetid="105660268" confidence="0.8"><link ns0:type="simple" ns0:href="../747/286747.xml">googl bomb</link></method></know-how></technique></col></row><row style="height:2px" /><row><col style=";;" class="navbox-group">search engin spam</col><col style="text-align:left;border-left:2px solid #fdfdfd;width:100%;padding:0px;;;" class="navbox-list navbox-even"><link ns0:type="simple" ns0:href="../651/43651.xml">spamdex</link><link ns0:type="simple" ns0:href="../619/2696619.xml">web scrape</link><computer wordnetid="103082979" confidence="0.8"><artifact wordnetid="100021939" confidence="0.8"><instrumentality wordnetid="103575240" confidence="0.8"><device wordnetid="103183080" confidence="0.8"><machine wordnetid="103699975" confidence="0.8"><web_site wordnetid="106359193" confidence="0.8"><link ns0:type="simple" ns0:href="../572/3152572.xml">scraper site</link></web_site></machine></device></instrumentality></artifact></computer><link ns0:type="simple" ns0:href="../213/270213.xml">link farm</link><link ns0:type="simple" ns0:href="../292/14489292.xml#xpointer(//*[./st=%22Free+for+all+linking%22])">free for all link</link></col></row><row style="height:2px" /><row><col style=";;" class="navbox-group">link</col><col style="text-align:left;border-left:2px solid #fdfdfd;width:100%;padding:0px;;;" class="navbox-list navbox-odd"><link ns0:type="simple" ns0:href="../490/7065490.xml">offpag optim</link><link ns0:type="simple" ns0:href="../292/14489292.xml">method websit link</link><link ns0:type="simple" ns0:href="../433/1395433.xml">link exchang</link><link ns0:type="simple" ns0:href="../494/580494.xml">backlink</link></col></row><row style="height:2px" /><row><col style=";;" class="navbox-group">other</col><col style="text-align:left;border-left:2px solid #fdfdfd;width:100%;padding:0px;;;" class="navbox-list navbox-even"><link ns0:type="simple" ns0:href="../866/2789866.xml">land page</link><link ns0:type="simple" ns0:href="../029/11170029.xml">deliveri</link><link ns0:type="simple" ns0:href="../827/11996827.xml">land page optim</link><artifact wordnetid="100021939" confidence="0.8"><instrumentality wordnetid="103575240" confidence="0.8"><engine wordnetid="103287733" confidence="0.8"><motor wordnetid="103789946" confidence="0.8"><device wordnetid="103183080" confidence="0.8"><machine wordnetid="103699975" confidence="0.8"><link ns0:type="simple" ns0:href="../064/7059064.xml">human search engin</link></machine></device></motor></engine></instrumentality></artifact><link ns0:type="simple" ns0:href="../600/1015600.xml">stop word</link><link ns0:type="simple" ns0:href="../974/14484974.xml">poison word</link></col></row></table></col></row></table></p></sec></bdy></article>