<article xmlns:ns0="http://www.w3.org/1999/xlink"><header><title>pescetarian</title><id /><revision><id /><timestamp /><contributor><username>ninetycharact</username><id /></contributor></revision><categories><category>diet</category><category>semivegetarian</category><category>pescetarian</category><category>vegetarian</category><category>neolog</category></categories></header><bdy>pescetarian<link ns0:type="simple" ns0:href="../924/639924.xml">dietari</link>choic which person known pescetarian eat ani combin<link ns0:type="simple" ns0:href="../492/5791492.xml">veget</link><link ns0:type="simple" ns0:href="../843/10843.xml">fruit</link><link ns0:type="simple" ns0:href="../253/51253.xml">nut</link><link ns0:type="simple" ns0:href="../487/4487.xml">bean</link>and<link ns0:type="simple" ns0:href="../587/4699587.xml">fish</link>invertebr<link ns0:type="simple" ns0:href="../866/26866.xml">seafood</link>but will not eat mammal bird some anim product like egg and dairi may may not part pescetarian diet plan<p>term like pescovegetarian are sometim use describ pescetarian emphas that pescetarian eat veget fruit and grain well fish howev thi term controversi and less use part becaus impli that pescetarian type<link ns0:type="simple" ns0:href="../591/32591.xml">vegetarian</link>and some vegetarian group not want align with fish eater the<link ns0:type="simple" ns0:href="../275/636275.xml">vegetarian societi</link>which initi popular use the term vegetarian earli doe not consid pescetarian valid vegetarian diet<ref ns0:type="simple" ns0:href="#xpointer(//reflist/entry[@id=%221%22])" />the definit vegetarian authorit mainstream dictionari vari<ref ns0:type="simple" ns0:href="#xpointer(//reflist/entry[@id=%222%22])" /></p><p>juli<link ns0:type="simple" ns0:href="../732/18935732.xml">the associ press</link>report that<company wordnetid="108058098" confidence="0.8"><institution wordnetid="108053576" confidence="0.8"><link ns0:type="simple" ns0:href="../377/253377.xml">merriamwebst</link></institution></company>inc more than new entri new edit the collegi dictionari one those word pescetarian<ref ns0:type="simple" ns0:href="#xpointer(//reflist/entry[@id=%223%22])" />the definit the word accord that dictionari vegetarian whose diet includ fish</p><sec><st>terminolog</st><p>the root pesco ultim from pisci the<language wordnetid="106282651" confidence="0.9508927676800064"><link ns0:type="simple" ns0:href="../730/17730.xml">latin</link></language>for<link ns0:type="simple" ns0:href="../587/4699587.xml">fish</link>howev the vowel suggest that been taken via other romanc languag such italian pesc</p><p>pescetarian the onli term for thi diet while the italian pesc pronounc pee the english term usual pronounc with hard pesketarian<link ns0:type="simple" ns0:href="../173/6755173.xml">piscivor</link>not pescetarian becaus piscivor diet reli onli fish form analog with<link ns0:type="simple" ns0:href="../543/6543.xml">carnivor</link></p></sec><sec><st>rational</st><p>pescetarian frequent give one more the follow reason for their dietari choic</p><ss1><st>transit vegetarian</st><p>for some becom either<link ns0:type="simple" ns0:href="../587/32587.xml">vegan</link><link ns0:type="simple" ns0:href="../591/32591.xml">vegetarian</link>longterm goal for variou health environment and ethic reason and the pescetarian diet sometim seen way transit toward that longterm goal without have switch overnight from the<link ns0:type="simple" ns0:href="../055/14791055.xml">western pattern diet</link>vegan vegetarian diet</p></ss1><ss1><st>health benefit</st><p>one the most commonli cite reason that<link ns0:type="simple" ns0:href="../381/80381.xml">health</link>base find that<link ns0:type="simple" ns0:href="../200/1764200.xml">red meat</link>detriment health mani case due nonlean red meat contain high amount<link ns0:type="simple" ns0:href="../746/264746.xml">satur fat</link><ref ns0:type="simple" ns0:href="#xpointer(//reflist/entry[@id=%224%22])" /><ref ns0:type="simple" ns0:href="#xpointer(//reflist/entry[@id=%225%22])" />furthermor eat certain kind<link ns0:type="simple" ns0:href="../587/4699587.xml">fish</link>rais<link ns0:type="simple" ns0:href="../885/13885.xml">hdl</link>level<ref ns0:type="simple" ns0:href="#xpointer(//reflist/entry[@id=%226%22])" /><ref ns0:type="simple" ns0:href="#xpointer(//reflist/entry[@id=%227%22])" />and some fish are conveni sourc<link ns0:type="simple" ns0:href="../594/22594.xml">omega fatti acid</link><ref ns0:type="simple" ns0:href="#xpointer(//reflist/entry[@id=%228%22])" />and have numer health benefit one food varieti<ref ns0:type="simple" ns0:href="#xpointer(//reflist/entry[@id=%229%22])" /></p><p>can claim convers that fish also contain<link ns0:type="simple" ns0:href="../740/23740.xml">toxin</link>such mercuri and<link ns0:type="simple" ns0:href="../230/48230.xml">pcb</link><ref ns0:type="simple" ns0:href="#xpointer(//reflist/entry[@id=%2210%22])" />though care select fish can ensur lowrisk toxinfre product<ref ns0:type="simple" ns0:href="#xpointer(//reflist/entry[@id=%2211%22])" /><ref ns0:type="simple" ns0:href="#xpointer(//reflist/entry[@id=%2212%22])" /></p></ss1><ss1><st>differenti seafood from other anim food sourc</st><p>pescetarian may believ that seafood more accept consum while kill landdwel anim less accept gener these argument fall into two categori the belief that the ethic slaughter and consum anim fall into spectrum from microb cockroach and until chimp and neanderth put more primit nonmammalian sea creatur nearer the begin the spectrum that the environment impact farm seadwel creatur smaller</p><ss2><st>abil feel pain</st><p><indent level="1">further inform<link ns0:type="simple" ns0:href="../373/24373.xml#xpointer(//*[./st=%22In_other_species%22])">pain and nocicept other speci</link><link ns0:type="simple" ns0:href="../587/4699587.xml#xpointer(//*[./st=%22Pain+reception+in+fish%22])">pain recept fish</link>and<link ns0:type="simple" ns0:href="../310/46310.xml#xpointer(//*[./st=%22Capacity_for_pain%22])" /></indent>some pescetarian believ that eat mammal and bird more uneth than eat fish reason includ both cognit differ and abil feel pain scientif studi seek answer the question whether fish feel pain have yield mix conclus</p></ss2><ss2><st>environment ethic</st><p>some pescetarian view red meat ineffici food sourc most cattl pig and chicken<ref ns0:type="simple" ns0:href="#xpointer(//reflist/entry[@id=%2213%22])" />that suppli the unit state meat market are not<link ns0:type="simple" ns0:href="../441/1423441.xml">free rang</link>instead they are fed grain that are grown for the sole purpos anim feed the amount calori the grain need feed cow pig chicken lesser extent greatli exce the nutrit valu the meat these anim provid were thi grain use for human consumpt instead far more food could provid</p><p>thi view complic the fact that farm carnivor fish speci requir larger input wild fish for feed than noncarnivor fish demand for wild caught fish may reflect thi concern well broader ethic posit reject the farm anim and the perceiv health benefit avoid farm varieti some speci such salmon wild caught sealif howev subject contamin from whatev toxin are the water such pcb and mercuri</p><p>report the food and agricultur organ the<link ns0:type="simple" ns0:href="../769/31769.xml">unit nation</link><book wordnetid="106410904" confidence="0.9508927676800064"><link ns0:type="simple" ns0:href="../917/13641917.xml">livestock long shadow</link></book>estim that livestock are respons for roughli percent the global warm effect<ref ns0:type="simple" ns0:href="#xpointer(//reflist/entry[@id=%2214%22])" />outstrip even the contribut transport the main greenhous gase produc livestock are methan the natur result digest and the nitrogen emit manur well nitrou oxid furthermor the deforest need for graze land also contribut global warm elimin the sink that forest provid thu some pescetarian choos their diet attempt reduc livestock long shadow</p></ss2></ss1></sec><sec><st>comparison other diet</st><p>pescetarian similar tradit<link ns0:type="simple" ns0:href="../499/460499.xml">mediterranean diet</link>which focus seafood grain fruit and veget howev the mediterranean diet doe not entir exclud meat from land anim pescetarian doe while pescetarian and vegetarian often cite similar reason select their dietari choic pescetarian not type<link ns0:type="simple" ns0:href="../591/32591.xml">vegetarian</link>diet<ref ns0:type="simple" ns0:href="#xpointer(//reflist/entry[@id=%2215%22])" />vegetarian not consum the flesh ani anim includ sea anim ani diet that includ fish other sea anim not vegetarian diet howev sinc pescetarian not eat mammalmeat birdmeat they experi mani the same social pressur vegetarian that the two group may sometim seemingli have common interest occasion and controversi term such pescovegetarian and semivegetarian have been use place the term pescetarian</p><p>while both group often cite environment issu rational behind their diet pescetarian and vegetarian diet can each environment imperfect precaut are not taken due the problem<link ns0:type="simple" ns0:href="../962/478962.xml">overfish</link><link ns0:type="simple" ns0:href="../336/363336.xml">bycatch</link>and both diet<link ns0:type="simple" ns0:href="../053/1707053.xml">habitat destruct</link>through arabl farm</p></sec><sec><st>refer</st><p><reflist><entry id="1"><weblink ns0:type="simple" ns0:href="http://www.vegsoc.org/fish/">vegetarian not eat fish</weblink>the fish campaign webpag the<link ns0:type="simple" ns0:href="../275/636275.xml">vegetarian societi</link></entry><entry id="2"><cite id="CITEREF2007" style="font-style:normal"><work wordnetid="104599396" confidence="0.8"><product wordnetid="104007894" confidence="0.8"><creation wordnetid="103129123" confidence="0.8"><artifact wordnetid="100021939" confidence="0.8"><wordbook wordnetid="106418693" confidence="0.8"><book wordnetid="106410904" confidence="0.8"><dictionary wordnetid="106418901" confidence="0.8"><reference_book wordnetid="106417598" confidence="0.8"><publication wordnetid="106589574" confidence="0.8"><link ns0:type="simple" ns0:href="../203/932203.xml">shorter oxford english dictionari</link></publication></reference_book></dictionary></book></wordbook></artifact></creation></product></work>oxford<company wordnetid="108058098" confidence="0.9508927676800064"><link ns0:type="simple" ns0:href="../518/48518.xml">oxford univers press</link></company></cite>defin vegetarian noun person who principl abstain from anim food esp one who avoid meat but will consum dairi produc and egg and sometim also fish vegan noun<cite id="CITEREF2002" style="font-style:normal"><work wordnetid="104599396" confidence="0.8"><product wordnetid="104007894" confidence="0.8"><creation wordnetid="103129123" confidence="0.8"><artifact wordnetid="100021939" confidence="0.8"><wordbook wordnetid="106418693" confidence="0.8"><book wordnetid="106410904" confidence="0.8"><dictionary wordnetid="106418901" confidence="0.8"><reference_book wordnetid="106417598" confidence="0.8"><publication wordnetid="106589574" confidence="0.8"><link ns0:type="simple" ns0:href="../203/932203.xml">shorter oxford english dictionari</link></publication></reference_book></dictionary></book></wordbook></artifact></creation></product></work>oxford<company wordnetid="108058098" confidence="0.9508927676800064"><link ns0:type="simple" ns0:href="../518/48518.xml">oxford univers press</link></company></cite>the same definit</entry><entry id="3"><weblink ns0:type="simple" ns0:href="http://ap.google.com/article/ALeqM5h_PeP6nlDFC5XsSVjMv3fkVkgMjQD91P6AFG0">merriamwebst unveil new dictionari word</weblink>the associ press stephani reitz jul</entry><entry id="4">giovannucci rimm stampfer colditz ascherio and willett<weblink ns0:type="simple" ns0:href="http://cancerres.aacrjournals.org/cgi/content/abstract/54/9/2390">intak fat meat and fiber relat risk colon cancer men</weblink>cancer research may</entry><entry id="5">frank phd joann manson drph and walter willett drph<weblink ns0:type="simple" ns0:href="http://www.jacn.org/cgi/content/abstract/20/1/5">type dietari fat and risk coronari heart diseas critic review</weblink>journal the american colleg nutrit vol</entry><entry id="6">paul nestel<weblink ns0:type="simple" ns0:href="http://www.ajcn.org/cgi/content/abstract/71/1/228S">fish oil and cardiovascular diseas lipid and arteri function</weblink>american journal clinic nutrit vol januari</entry><entry id="7">sack hebert appel borhani appleg cohen cutler kirchner kuller roth<weblink ns0:type="simple" ns0:href="http://www.ajcn.org/cgi/content/abstract/71/1/228S">short report the effect fish oil blood pressur and highdens lipoproteincholesterol level phase the trial hypertens prevent</weblink>journal hypertens feb</entry><entry id="8">frank lesli bronner walter willett meir stampfer kathryn rexrod christin albert david hunter joann manson<weblink ns0:type="simple" ns0:href="http://jama.highwire.org/cgi/content/abstract/287/14/1815">fish and omega fatti acid intak and risk coronari heart diseas women</weblink>jama</entry><entry id="9"><weblink ns0:type="simple" ns0:href="http://health.ivillage.com/eating/ewmeat/0,,79sxz0k6,00.html">get hook fish sue gilbert nutritioni</weblink></entry><entry id="10">committe the toxicolog effect methylmercuri board environment studi and toxicolog nation research council<weblink ns0:type="simple" ns0:href="http://www.nap.edu/catalog/9899.html">toxicolog effect methylmercuri</weblink>isbn</entry><entry id="11"><weblink ns0:type="simple" ns0:href="http://www.sciencedaily.com/releases/2003/02/030210080251.htm">expert say consum can eat around toxin fish</weblink>scienc daili</entry><entry id="12"><weblink ns0:type="simple" ns0:href="http://www.healthcastle.com/fish-safe-eat.shtml">mercuri are fish safe eat gloria tsang</weblink></entry><entry id="13">unit egg produc<weblink ns0:type="simple" ns0:href="http://animalcarecertified.com/docs/2005_UEPanimal_welfare_guidelines.pdf">unit egg produc anim husbandri guidelin</weblink></entry><entry id="14">food and agricultur organ<weblink ns0:type="simple" ns0:href="http://www.virtualcentre.org/en/library/key_pub/longshad/A0701E00.pdf">livestock long shadow environment issu and option</weblink></entry><entry id="15"><weblink ns0:type="simple" ns0:href="http://www.vegsoc.org/fish/">the vegetarian societi vegetarian dont eat fish index page</weblink></entry></reflist></p></sec><sec><st>extern link</st><p><list><entry level="1" type="bullet"><weblink ns0:type="simple" ns0:href="http://vegetarian.about.com/od/glossary/g/Pescatarian.htm">what pescetarian</weblink></entry><entry level="1" type="bullet"><weblink ns0:type="simple" ns0:href="http://pescetarianlife.com">pescetarian life</weblink></entry></list></p><p><table style=";" class="navbox" cellspacing="0"><row><col style="padding:2px;"><table style="width:100%;background:transparent;color:inherit;;" class="nowraplinks collapsible autocollapse " cellspacing="0"><row><header colspan="2" style=";" class="navbox-title"><link ns0:type="simple" ns0:href="../591/32591.xml">vegetarian</link></header></row><row style="height:2px;" /><row><col style=";;" class="navbox-group">vegetarian diet</col><col style="text-align:left;border-left:2px solid #fdfdfd;width:100%;padding:0px;;;" class="navbox-list navbox-odd"><link ns0:type="simple" ns0:href="../827/22827.xml">lactoovovegetarian</link><link ns0:type="simple" ns0:href="../246/3388246.xml">ovovegetarian</link><link ns0:type="simple" ns0:href="../729/495729.xml">lactovegetarian</link><link ns0:type="simple" ns0:href="../581/11003581.xml">sattvic diet</link><link ns0:type="simple" ns0:href="../313/185313.xml">freegan</link><right wordnetid="105174653" confidence="0.8"><link ns0:type="simple" ns0:href="../587/32587.xml">vegan</link></right><link ns0:type="simple" ns0:href="../278/2561278.xml">raw vegan</link><link ns0:type="simple" ns0:href="../286/11286.xml">fruitarian</link></col></row><row style="height:2px" /><row><col style=";;" class="navbox-group"><link ns0:type="simple" ns0:href="../624/13426624.xml">semivegetarian</link>diet</col><col style="text-align:left;border-left:2px solid #fdfdfd;width:100%;padding:0px;;;" class="navbox-list navbox-even"><link ns0:type="simple" ns0:href="../188/603188.xml">flexitarian</link><link ns0:type="simple" ns0:href="../458/11191458.xml">pescetarian</link><link ns0:type="simple" ns0:href="../462/369462.xml">pollotarian</link></col></row><row style="height:2px" /><row><col style=";;" class="navbox-group">inform</col><col style="text-align:left;border-left:2px solid #fdfdfd;width:100%;padding:0px;;;" class="navbox-list navbox-odd"><p><link ns0:type="simple" ns0:href="../357/12639357.xml">histori</link><link ns0:type="simple" ns0:href="../102/6946102.xml">vegetarian specif countri</link><link ns0:type="simple" ns0:href="../205/1074205.xml">vegetarian nutrit</link><link ns0:type="simple" ns0:href="../926/16190926.xml">list vegetarian</link><link ns0:type="simple" ns0:href="../328/17086328.xml">the netherland</link></p></col></row><row style="height:2px" /><row><col style=";;" class="navbox-group">issu</col><col style="text-align:left;border-left:2px solid #fdfdfd;width:100%;padding:0px;;;" class="navbox-list navbox-even"><p><link ns0:type="simple" ns0:href="../505/2858505.xml">environment</link><link ns0:type="simple" ns0:href="../595/1005595.xml">econom</link><issue wordnetid="105814650" confidence="0.8"><right wordnetid="105174653" confidence="0.8"><link ns0:type="simple" ns0:href="../195/2857195.xml">ethic</link></right></issue></p></col></row><row style="height:2px" /><row><col style=";;" class="navbox-group">food</col><col style="text-align:left;border-left:2px solid #fdfdfd;width:100%;padding:0px;;;" class="navbox-list navbox-odd"><link ns0:type="simple" ns0:href="../601/32601.xml">vegetarian cuisin</link><link>vegan cuisin</link><link ns0:type="simple" ns0:href="../403/369403.xml">meat analogu</link><equivalent wordnetid="105695554" confidence="0.8"><substitute wordnetid="105696425" confidence="0.8"><link ns0:type="simple" ns0:href="../571/1790571.xml">tofurkey</link></substitute></equivalent><snack_food wordnetid="107712382" confidence="0.8"><dish wordnetid="107557434" confidence="0.8"><substance wordnetid="100020090" confidence="0.8"><equivalent wordnetid="105695554" confidence="0.8"><sandwich wordnetid="107695965" confidence="0.8"><food wordnetid="100021265" confidence="0.8"><substitute wordnetid="105696425" confidence="0.8"><nutriment wordnetid="107570720" confidence="0.8"><link ns0:type="simple" ns0:href="../148/824148.xml">veggi burger</link></nutriment></substitute></food></sandwich></equivalent></substance></dish></snack_food><link ns0:type="simple" ns0:href="../232/2519232.xml">chrees</link></col></row><row style="height:2px" /><row><col style=";;" class="navbox-group">beverag</col><col style="text-align:left;border-left:2px solid #fdfdfd;width:100%;padding:0px;;;" class="navbox-list navbox-even"><property wordnetid="104916342" confidence="0.8"><manner wordnetid="104928903" confidence="0.8"><link ns0:type="simple" ns0:href="../784/3276784.xml">vegan wine</link></manner></property><equivalent wordnetid="105695554" confidence="0.8"><substitute wordnetid="105696425" confidence="0.8"><link ns0:type="simple" ns0:href="../554/2520554.xml">plant milk</link></substitute></equivalent><equivalent wordnetid="105695554" confidence="0.8"><substitute wordnetid="105696425" confidence="0.8"><link ns0:type="simple" ns0:href="../943/474943.xml">soy milk</link></substitute></equivalent></col></row><row style="height:2px" /><row><col style=";;" class="navbox-group">organ</col><col style="text-align:left;border-left:2px solid #fdfdfd;width:100%;padding:0px;;;" class="navbox-list navbox-odd"><party wordnetid="108256968" confidence="0.8"><link ns0:type="simple" ns0:href="../838/1216838.xml">american vegetarian parti</link></party><controversy wordnetid="107183151" confidence="0.8"><event wordnetid="100029378" confidence="0.8"><dispute wordnetid="107181935" confidence="0.8"><disagreement wordnetid="107180787" confidence="0.8"><act wordnetid="100030358" confidence="0.8"><psychological_feature wordnetid="100023100" confidence="0.8"><speech_act wordnetid="107160883" confidence="0.8"><link ns0:type="simple" ns0:href="../232/1786232.xml">christian vegetarian associ</link></speech_act></psychological_feature></act></disagreement></dispute></event></controversy><link ns0:type="simple" ns0:href="../597/2094597.xml">european vegetarian union</link><financial_institution wordnetid="108054721" confidence="0.8"><foundation wordnetid="108406486" confidence="0.8"><charity wordnetid="108406619" confidence="0.8"><institution wordnetid="108053576" confidence="0.8"><link ns0:type="simple" ns0:href="../599/3481599.xml">food for life</link></institution></charity></foundation></financial_institution><link ns0:type="simple" ns0:href="../527/2094527.xml">intern vegetarian union</link><link ns0:type="simple" ns0:href="../124/2994124.xml">massachusett anim right coalit</link><link ns0:type="simple" ns0:href="../857/60857.xml">peta</link><link ns0:type="simple" ns0:href="../794/929794.xml">physician committe for respons medicin</link><financial_institution wordnetid="108054721" confidence="0.8"><foundation wordnetid="108406486" confidence="0.8"><charity wordnetid="108406619" confidence="0.8"><institution wordnetid="108053576" confidence="0.8"><link ns0:type="simple" ns0:href="../657/6693657.xml">tibetan volunt for anim</link></institution></charity></foundation></financial_institution><link ns0:type="simple" ns0:href="../700/6229700.xml">toronto vegetarian associ</link><link ns0:type="simple" ns0:href="../668/1002668.xml">vegan societi</link><body wordnetid="107965085" confidence="0.8"><social_group wordnetid="107950920" confidence="0.8"><group wordnetid="100031264" confidence="0.8"><administration wordnetid="108164585" confidence="0.8"><link ns0:type="simple" ns0:href="../986/689986.xml">vegan societi australia</link></administration></group></social_group></body><body wordnetid="107965085" confidence="0.8"><social_group wordnetid="107950920" confidence="0.8"><group wordnetid="100031264" confidence="0.8"><administration wordnetid="108164585" confidence="0.8"><link ns0:type="simple" ns0:href="../834/12951834.xml">vegetarian network victoria</link></administration></group></social_group></body><link ns0:type="simple" ns0:href="../275/636275.xml">vegetarian societi</link><link ns0:type="simple" ns0:href="../768/8437768.xml">veggi</link></col></row><row style="height:2px" /><row><col style=";;" class="navbox-group">literatur</col><col style="text-align:left;border-left:2px solid #fdfdfd;width:100%;padding:0px;;;" class="navbox-list navbox-even"><work wordnetid="104599396" confidence="0.8"><product wordnetid="104007894" confidence="0.8"><magazine wordnetid="106595351" confidence="0.8"><print_media wordnetid="106263609" confidence="0.8"><creation wordnetid="103129123" confidence="0.8"><press wordnetid="106263369" confidence="0.8"><artifact wordnetid="100021939" confidence="0.8"><instrumentality wordnetid="103575240" confidence="0.8"><medium wordnetid="106254669" confidence="0.8"><publication wordnetid="106589574" confidence="0.8"><link ns0:type="simple" ns0:href="../532/15911532.xml">arkangel</link></publication></medium></instrumentality></artifact></press></creation></print_media></magazine></product></work><link ns0:type="simple" ns0:href="../742/3809742.xml">the china studi</link><work wordnetid="104599396" confidence="0.8"><product wordnetid="104007894" confidence="0.8"><magazine wordnetid="106595351" confidence="0.8"><print_media wordnetid="106263609" confidence="0.8"><creation wordnetid="103129123" confidence="0.8"><press wordnetid="106263369" confidence="0.8"><artifact wordnetid="100021939" confidence="0.8"><instrumentality wordnetid="103575240" confidence="0.8"><medium wordnetid="106254669" confidence="0.8"><publication wordnetid="106589574" confidence="0.8"><link ns0:type="simple" ns0:href="../718/11118718.xml">compromis</link></publication></medium></instrumentality></artifact></press></creation></print_media></magazine></product></work><link ns0:type="simple" ns0:href="../074/451074.xml">the vegan sourcebook</link><work wordnetid="104599396" confidence="0.8"><product wordnetid="104007894" confidence="0.8"><magazine wordnetid="106595351" confidence="0.8"><print_media wordnetid="106263609" confidence="0.8"><creation wordnetid="103129123" confidence="0.8"><press wordnetid="106263369" confidence="0.8"><artifact wordnetid="100021939" confidence="0.8"><instrumentality wordnetid="103575240" confidence="0.8"><medium wordnetid="106254669" confidence="0.8"><publication wordnetid="106589574" confidence="0.8"><link ns0:type="simple" ns0:href="../261/2686261.xml">vegnew</link></publication></medium></instrumentality></artifact></press></creation></print_media></magazine></product></work></col></row><row style="height:2px" /><row><col style=";;" class="navbox-group">event</col><col style="text-align:left;border-left:2px solid #fdfdfd;width:100%;padding:0px;;;" class="navbox-list navbox-odd"><fundamental_quantity wordnetid="113575869" confidence="0.8"><time_period wordnetid="115113229" confidence="0.8"><festival wordnetid="115162388" confidence="0.8"><link ns0:type="simple" ns0:href="../666/1021666.xml">christma without cruelti fayr</link></festival></time_period></fundamental_quantity><look wordnetid="100877127" confidence="0.8"><time_off wordnetid="115118453" confidence="0.8"><observation wordnetid="100879759" confidence="0.8"><leisure wordnetid="115137676" confidence="0.8"><sensory_activity wordnetid="100876737" confidence="0.8"><sensing wordnetid="100876874" confidence="0.8"><fundamental_quantity wordnetid="113575869" confidence="0.8"><time_period wordnetid="115113229" confidence="0.8"><vacation wordnetid="115137890" confidence="0.8"><event wordnetid="100029378" confidence="0.8"><act wordnetid="100030358" confidence="0.8"><psychological_feature wordnetid="100023100" confidence="0.8"><activity wordnetid="100407535" confidence="0.8"><link ns0:type="simple" ns0:href="../627/1067627.xml">world vegan day</link></activity></psychological_feature></act></event></vacation></time_period></fundamental_quantity></sensing></sensory_activity></leisure></observation></time_off></look><look wordnetid="100877127" confidence="0.8"><observation wordnetid="100879759" confidence="0.8"><event wordnetid="100029378" confidence="0.8"><sensory_activity wordnetid="100876737" confidence="0.8"><act wordnetid="100030358" confidence="0.8"><psychological_feature wordnetid="100023100" confidence="0.8"><activity wordnetid="100407535" confidence="0.8"><sensing wordnetid="100876874" confidence="0.8"><link ns0:type="simple" ns0:href="../141/4986141.xml">world vegetarian day</link></sensing></activity></psychological_feature></act></sensory_activity></event></observation></look></col></row><row style="height:2px" /><row><col style=";;" class="navbox-group"><link ns0:type="simple" ns0:href="../273/2843273.xml">religion</link></col><col style="text-align:left;border-left:2px solid #fdfdfd;width:100%;padding:0px;;;" class="navbox-list navbox-even"><practice wordnetid="100410247" confidence="0.8"><event wordnetid="100029378" confidence="0.8"><act wordnetid="100030358" confidence="0.8"><psychological_feature wordnetid="100023100" confidence="0.8"><activity wordnetid="100407535" confidence="0.8"><link ns0:type="simple" ns0:href="../327/3602327.xml">buddhism</link></activity></psychological_feature></act></event></practice><school wordnetid="108276720" confidence="0.8"><educational_institution wordnetid="108276342" confidence="0.8"><institution wordnetid="108053576" confidence="0.8"><link ns0:type="simple" ns0:href="../630/7630.xml">cathar</link></institution></educational_institution></school><position wordnetid="106196284" confidence="0.8"><controversy wordnetid="107183151" confidence="0.8"><event wordnetid="100029378" confidence="0.8"><dispute wordnetid="107181935" confidence="0.8"><point_of_view wordnetid="106210363" confidence="0.8"><disagreement wordnetid="107180787" confidence="0.8"><act wordnetid="100030358" confidence="0.8"><psychological_feature wordnetid="100023100" confidence="0.8"><speech_act wordnetid="107160883" confidence="0.8"><link ns0:type="simple" ns0:href="../571/1886571.xml">christian</link></speech_act></psychological_feature></act></disagreement></point_of_view></dispute></event></controversy></position><tradition wordnetid="105809745" confidence="0.8"><link ns0:type="simple" ns0:href="../587/17258587.xml">hinduism</link></tradition><link ns0:type="simple" ns0:href="../235/3587235.xml">jainism</link><link ns0:type="simple" ns0:href="../948/18982948.xml">sikhism</link><link ns0:type="simple" ns0:href="../489/218489.xml">tolstoyan</link></col></row><row style="height:2px" /><row><col style=";;" class="navbox-group">other</col><col style="text-align:left;border-left:2px solid #fdfdfd;width:100%;padding:0px;;;" class="navbox-list navbox-odd"><link ns0:type="simple" ns0:href="../105/409105.xml">vegan organ garden</link></col></row></table></col></row></table></p></sec></bdy></article>