<article xmlns:ns0="http://www.w3.org/1999/xlink"><header><title>wildlif track</title><id /><revision><id /><timestamp /><contributor><username /><id /></contributor></revision><categories><category>need cleanup</category><category>cleanup decemb</category><category>wildlif</category><category>conserv</category><category /><category>articl lack reliabl refer decemb</category></categories></header><bdy><table class="metadata plainlinks ambox "><row><col>amboxcont style</col></row><row><col class="mbox-image"><p><image width="40x40px" src="Ambox_content.png" /></p></col><col style="" class="mbox-text"><p>articl multipl issu help<weblink ns0:type="simple" ns0:href="http://localhost:18088/wiki/index.php?title=GPS_wildlife_tracking action=edit">improv articl</weblink>discuss issu<list><entry level="1" type="bullet">addit tag decemb</entry><entry level="1" type="bullet">requir gener meet wikipedia tag decemb</entry></list></p></col></row></table><p>wildlif track process<link ns0:type="simple" ns0:href="../522/2537522.xml">biologist</link>scientif research conserv agenc remot observ movement<link>migratori</link>pattern wild anim<system wordnetid="104377057" confidence="0.8"><artifact wordnetid="100021939" confidence="0.8"><instrumentality wordnetid="103575240" confidence="0.8"><link ns0:type="simple" ns0:href="../866/11866.xml">global posit system</link></instrumentality></artifact></system>option environment sensor autom technolog<satellite wordnetid="104137444" confidence="0.8"><artifact wordnetid="100021939" confidence="0.8"><instrumentality wordnetid="103575240" confidence="0.8"><equipment wordnetid="103294048" confidence="0.8"><link ns0:type="simple" ns0:href="../517/1388517.xml">argo</link></equipment></instrumentality></artifact></satellite>satellit uplink<standard wordnetid="107260623" confidence="0.8"><system_of_measurement wordnetid="113577171" confidence="0.8"><link ns0:type="simple" ns0:href="../943/959943.xml">mobil data telephoni</link></system_of_measurement></standard><link ns0:type="simple" ns0:href="../920/12920.xml">gpr</link>rang analyt softwar tool<ref ns0:type="simple" ns0:href="#xpointer(//reflist/entry[@id=%221%22])" /></p><p>devic will record store locat data predetermin interv<link ns0:type="simple" ns0:href="../289/15289.xml">interrupt</link>environment sensor data store pend recoveri devic relay central data store comput embed<link ns0:type="simple" ns0:href="../672/735672.xml">cellular</link><link ns0:type="simple" ns0:href="../920/12920.xml">gpr</link><link ns0:type="simple" ns0:href="../428/15368428.xml">radio</link><link ns0:type="simple" ns0:href="../683/27683.xml">satellit</link>modem anim locat plot map chart realtim analys track<link ns0:type="simple" ns0:href="../398/12398.xml" />packag custom softwar</p><p>track devic attach<link ns0:type="simple" ns0:href="../203/209203.xml">domest anim</link><link ns0:type="simple" ns0:href="../079/25079.xml">pet</link><link ns0:type="simple" ns0:href="../332/825332.xml">pedigre</link><link ns0:type="simple" ns0:href="../103/46103.xml">livestock</link><link ns0:type="simple" ns0:href="../819/491819.xml">work dog</link>system<link ns0:type="simple" ns0:href="../730/2926730.xml">fleet manag</link>vehicl wildlif track place addit constraint size weight allow recharg replac<substance wordnetid="100019613" confidence="0.8"><part wordnetid="113809207" confidence="0.8"><material wordnetid="114580897" confidence="0.8"><link ns0:type="simple" ns0:href="../720/19174720.xml">batteri</link></material></part></substance>correct attach</p><p>well allow indepth studi anim behaviour migrat<link ns0:type="simple" ns0:href="../184/1191184.xml">highresolut</link>track system allow tighter control<link ns0:type="simple" ns0:href="../795/14795.xml">communic diseas</link><link ns0:type="simple" ns0:href="../908/1019908.xml" />strain<link ns0:type="simple" ns0:href="../916/442916.xml">avian influenza</link><ref ns0:type="simple" ns0:href="#xpointer(//reflist/entry[@id=%222%22])" /></p><sec><st>attach</st><ss1><st>collar attach</st><p>collar attach primari attach techniqu subject suitabl bodi type behaviour collar anim neck assum head larger circumfer neck<ref ns0:type="simple" ns0:href="#xpointer(//reflist/entry[@id=%223%22])" />limb ankl suitabl anim neck attach includ primat larg cat bear limb attach work well anim<link ns0:type="simple" ns0:href="../362/17362.xml">kiwi</link>foot larger ankl</p></ss1><ss1><st>har attach</st><p>har attach situat collar attach suitabl anim neck diamet exceed head exampl type anim includ pig<link ns0:type="simple" ns0:href="../392/31392.xml">tasmanian devil</link>larg longneck bird<link ns0:type="simple" ns0:href="../766/198766.xml">goos</link>fit har prevent remov tag subject<ref ns0:type="simple" ns0:href="#xpointer(//reflist/entry[@id=%224%22])" /></p></ss1><ss1><st>direct attach</st><p>direct attach anim collar bird reptil<link ns0:type="simple" ns0:href="../257/60257.xml">marin mammal</link></p><p>case bird unit lightweight avoid interf bird abil fli swim devic attach glu bird unit will natur fall bird</p><p>case reptil<link ns0:type="simple" ns0:href="../882/37882.xml">crocodil</link><link ns0:type="simple" ns0:href="../751/37751.xml">turtl</link>glu unit anim skin<link ns0:type="simple" ns0:href="../510/603510.xml">carapac</link><link ns0:type="simple" ns0:href="../724/211724.xml">epoxi</link>materi common method minimis discomfort<ref ns0:type="simple" ns0:href="#xpointer(//reflist/entry[@id=%225%22])" /></p><p>deploy marin mammal<link ns0:type="simple" ns0:href="../500/10500.xml" /><link ns0:type="simple" ns0:href="../086/46086.xml" />devic glu fur fall annual<link ns0:type="simple" ns0:href="../695/317695.xml" />unit turtl marin anim resist corros effect sea water waterproof pressur bar</p></ss1><ss1><st>attach method</st><p>applic includ<link ns0:type="simple" ns0:href="../146/802146.xml">rhinocero</link>track hole drill anim horn devic implant compar method implant transmitt suffer reduc rang larg mass anim bodi absorb transmit power</p></ss1></sec><sec><st>softwar</st><ss1><st>embed</st><p><link ns0:type="simple" ns0:href="../078/41078.xml">duti cycl</link>schedul devic typic record data anim exact locat store read preset interv set interv read research determin lifespan devic frequent read drain batteri power rapidli longer interv read provid lower resolut longer deploy</p><p>releas timer devic program drop set requir recaptur manual retriev fit lowpow radio receiv allow remot signal trigger automat releas</p></ss1><ss1><st>analyt</st><p>locat data provid devic display packag<link ns0:type="simple" ns0:href="../758/18938758.xml">opensourc</link><software wordnetid="106566077" confidence="0.9508927676800064"><link ns0:type="simple" ns0:href="../892/549892.xml">grass</link></software>plot prepar display wide web packag<link ns0:type="simple" ns0:href="../625/1744625.xml">gener map tool gmt</link><weblink ns0:type="simple" ns0:href="http://www.seaturtle.org/maptool/" /></p><p>statist softwar<programming_language wordnetid="106898352" confidence="0.9508927676800064"><link ns0:type="simple" ns0:href="../707/376707.xml" /></programming_language>display examin data reveal behaviour pattern trend</p></ss1></sec><sec><st>data retriev</st><ss1><st>manual</st><p>devic function simpli<link ns0:type="simple" ns0:href="../114/988114.xml">data logger</link>manual recov order data download devic type equip<link ns0:type="simple" ns0:href="../480/69480.xml">vhf</link><link ns0:type="simple" ns0:href="../501/160501.xml">uhf</link>transmitt allow locat recaptur andor recoveri</p></ss1><ss1><st>argo</st><p>track devic link argo platform transmitt termin ptt enabl transmit data<satellite wordnetid="104137444" confidence="0.8"><artifact wordnetid="100021939" confidence="0.8"><instrumentality wordnetid="103575240" confidence="0.8"><equipment wordnetid="103294048" confidence="0.8"><link ns0:type="simple" ns0:href="../517/1388517.xml">argo system</link></equipment></instrumentality></artifact></satellite>scientif satellit system user download data directli argo<link ns0:type="simple" ns0:href="../062/31062.xml">telnet</link>process raw data extract transmit inform</p><p>satellit uplink fail antenna damag intercept underpow transmiss local satellit uplink receiv<ref ns0:type="simple" ns0:href="#xpointer(//reflist/entry[@id=%226%22])" /></p></ss1><ss1><st>gsm</st><p>locat data transmit<standard wordnetid="107260623" confidence="0.8"><system_of_measurement wordnetid="113577171" confidence="0.8"><link ns0:type="simple" ns0:href="../808/12808.xml">gsm</link></system_of_measurement></standard>phone network<link ns0:type="simple" ns0:href="../207/28207.xml" />messag<link ns0:type="simple" ns0:href="../476/15476.xml">internet protocol</link><link ns0:type="simple" ns0:href="../920/12920.xml">gpr</link>session<ref ns0:type="simple" ns0:href="#xpointer(//reflist/entry[@id=%227%22])" /></p></ss1><ss1><st /><p>data transmit shortrang radio signal decod custom receiv</p></ss1></sec><sec><st /><p><list><entry level="1" type="bullet"><satellite wordnetid="104137444" confidence="0.8"><artifact wordnetid="100021939" confidence="0.8"><instrumentality wordnetid="103575240" confidence="0.8"><equipment wordnetid="103294048" confidence="0.8"><link ns0:type="simple" ns0:href="../517/1388517.xml">argo system</link></equipment></instrumentality></artifact></satellite></entry><entry level="1" type="bullet"><link ns0:type="simple" ns0:href="../450/489450.xml">automat posit report system</link></entry><entry level="1" type="bullet"><link ns0:type="simple" ns0:href="../233/87233.xml">electron tag</link></entry><entry level="1" type="bullet"><link ns0:type="simple" ns0:href="../398/12398.xml">geograph inform system</link></entry><entry level="1" type="bullet"><link ns0:type="simple" ns0:href="../231/87231.xml">surveil</link></entry><entry level="1" type="bullet"><link ns0:type="simple" ns0:href="../641/865641.xml">telemat</link></entry><entry level="1" type="bullet"><link ns0:type="simple" ns0:href="../256/46256.xml">telemetri</link></entry></list></p></sec><sec><st>refer</st><p><reflist><entry id="1">schofield gail novel track sea turtl tool conserv manag journal experiment marin biolog ecolog</entry><entry id="2"><weblink ns0:type="simple" ns0:href="http://www.usgs.gov/newsroom/article.asp?ID=1547">usg releas satellit help scientist track migratori bird latest tool fight avian influenza</weblink></entry><entry id="3"><weblink ns0:type="simple" ns0:href="http://news.bbc.co.uk/2/hi/technology/6188482.stm">bbc news technolog snow leopard fit tag</weblink></entry><entry id="4"><weblink ns0:type="simple" ns0:href="http://www.csl.gov.uk/aboutCsl/scienceGroupsAndTeams/ebg/gooseProject/tagging.cfm">csl goos project</weblink></entry><entry id="5">movement submerg pattern marin turtl mediterranean assess satellit track journal experiment marin biolog ecolog</entry><entry id="6"><weblink ns0:type="simple" ns0:href="http://news.bbc.co.uk/2/hi/technology/6159767.stm">bbc news technolog snow leopard diari</weblink></entry><entry id="7">mcconnel phone gsm mobil phone telemetri system collect data marin mammal scienc</entry></reflist></p></sec></bdy></article>