<article xmlns:ns0="http://www.w3.org/1999/xlink"><header><title>bibsonomi</title><id /><revision><id /><timestamp /><contributor><username /><id /></contributor></revision><categories><category>refer manag softwar</category><category>social bookmark</category><category>librari</category><category>bibtex</category></categories></header><bdy>bibsonomi<link ns0:type="simple" ns0:href="../581/1257581.xml">social bookmark</link><link ns0:type="simple" ns0:href="../691/226691.xml">public</link>share system aim integr featur bookmark system well public manag bibsonomi offer user abil store organ<link ns0:type="simple" ns0:href="../555/5826555.xml">bookmark</link>public entri support integr commun peopl offer social platform literatur exchang<p>bookmark public entri<link ns0:type="simple" ns0:href="../086/1707086.xml">tag</link>help structur inform descript term freeli chosen assign tag user creat spontan uncontrol vocabulari<link ns0:type="simple" ns0:href="../913/1145913.xml">folksonomi</link>bibsonomi folksonomi evolv particip group learn commun individu user organ inform</p><p>public post bibsonomi store<message wordnetid="106598915" confidence="0.8"><information wordnetid="106634376" confidence="0.8"><format wordnetid="106636806" confidence="0.8"><link ns0:type="simple" ns0:href="../392/239392.xml">bibtex</link></format></information></message>format export format<software wordnetid="106566077" confidence="0.9508927676800064"><link ns0:type="simple" ns0:href="../689/6664689.xml">endnot</link></software><format wordnetid="106636806" confidence="0.9508927676800064"><link ns0:type="simple" ns0:href="../191/13191.xml">html</link></format>public list creation</p><p>servic develop team student scientist work<weblink ns0:type="simple" ns0:href="http://www.kde.cs.uni-kassel.de/">institut knowledg data engin</weblink>host univers<location wordnetid="100027167" confidence="0.9508927676800064"><link ns0:type="simple" ns0:href="../108/42108.xml">kassel</link></location></p><sec><st /><p><list><entry level="1" type="bullet"><link>list social bookmark site</link></entry><entry level="1" type="bullet"><link ns0:type="simple" ns0:href="../495/9922495.xml">comparison refer manag softwar</link></entry></list></p></sec><sec><st>refer</st><p><list><entry level="1" type="bullet">robert andrea christoph schmitz gerd<weblink ns0:type="simple" ns0:href="http://www.springerlink.com/content/mq68202840487751/">analysi public share behaviour bibsonomi</weblink>proc conceptu structur knowledg architectur smart applic springer</entry><entry level="1" type="bullet">andrea robert christoph schmitz gerd<weblink ns0:type="simple" ns0:href="http://www.springerlink.com/content/r8313654k80v7231">inform retriev folksonomi search rank</weblink>proceed european semant web confer montenegro</entry></list></p></sec><sec><st>extern link</st><p><list><entry level="1" type="bullet"><weblink ns0:type="simple" ns0:href="http://www.bibsonomy.org/">offici site</weblink></entry></list></p></sec></bdy></article>