<article xmlns:ns0="http://www.w3.org/1999/xlink"><entrant confidence="0.9511911446218017" wordnetid="103291243"><singer confidence="0.9511911446218017" wordnetid="110599806"><header><title>sabrina portugues singer</title><id /><revision><id /><timestamp /><contributor><username /><id /></contributor></revision><categories><category>portugues eurovis song contest entrant</category><category>birth</category><category>live peopl</category><category>eurovis song contest entrant</category><category>portugues femal singer</category></categories></header><bdy><template><name>infobox music artist</name><parameters><Born>age</Born><Years_active>solo</Years_active><Background /><Origin><link>setbal</link><country wordnetid="108544813" confidence="0.9508927676800064"><link ns0:type="simple" ns0:href="../033/23033.xml">portug</link></country></Origin><Name>sabrina</Name><Alias>sabrina</Alias><Associated_acts>teenag</Associated_acts><Occupation><link ns0:type="simple" ns0:href="../707/162707.xml">singer</link></Occupation><Img_capt>promot photo<link>rtp</link><link>festiv cano</link></Img_capt><Genre><link ns0:type="simple" ns0:href="../624/24624.xml">pop</link></Genre><Birth_name>teresa</Birth_name></parameters></template><p>sabrina born<link ns0:type="simple" ns0:href="../412/53412.xml">stage</link>teresa<country wordnetid="108544813" confidence="0.9508927676800064"><link ns0:type="simple" ns0:href="../033/23033.xml">portugues</link></country><link ns0:type="simple" ns0:href="../707/162707.xml">singer</link><link>setbal</link>repres countri nation broadcast<link>rtp</link><symbol wordnetid="106806469" confidence="0.8"><award wordnetid="106696483" confidence="0.8"><signal wordnetid="106791372" confidence="0.8"><link ns0:type="simple" ns0:href="../881/4461881.xml">eurovis song contest</link></signal></award></symbol><village wordnetid="108672738" confidence="0.9508927676800064"><link ns0:type="simple" ns0:href="../696/13696.xml">helsinki</link></village><country wordnetid="108544813" confidence="0.9508927676800064"><link ns0:type="simple" ns0:href="../577/10577.xml">finland</link></country>win<link>festiv cano</link>nation select portug final sabrina perform semifin finish fail qualifi</p><sec><st>biographi</st><p>sabrina start sing school famili parti age won<link ns0:type="simple" ns0:href="../080/17080.xml">karaok</link>competit major hobbi play<link ns0:type="simple" ns0:href="../197/188197.xml">futsal</link>grupo bairro achiev championship runnerup place local club<link>setbal</link></p><p>profession third lineup<country wordnetid="108544813" confidence="0.9508927676800064"><link ns0:type="simple" ns0:href="../033/23033.xml">portugues</link></country><link ns0:type="simple" ns0:href="../777/10256777.xml" />teenag plan start<musical_organization wordnetid="108246613" confidence="0.8"><link ns0:type="simple" ns0:href="../234/377234.xml">solo</link></musical_organization>career earli year select<link ns0:type="simple" ns0:href="../601/53601.xml">cast</link>particip<link>rtp</link><link>festiv cano</link>produc popular artist<link ns0:type="simple" ns0:href="../233/1312233.xml">emanuel</link>propos perform<link ns0:type="simple" ns0:href="../594/40594.xml">alia</link>sabrina<link ns0:type="simple" ns0:href="../196/20196.xml">march</link>won vote runnerup<ref ns0:type="simple" ns0:href="#xpointer(//reflist/entry[@id=%221%22])" />song call<link>dana ser feliz</link>repres<country wordnetid="108544813" confidence="0.9508927676800064"><link ns0:type="simple" ns0:href="../033/23033.xml">portug</link></country><symbol wordnetid="106806469" confidence="0.8"><award wordnetid="106696483" confidence="0.8"><signal wordnetid="106791372" confidence="0.8"><link ns0:type="simple" ns0:href="../881/4461881.xml">eurovis song contest</link></signal></award></symbol><village wordnetid="108672738" confidence="0.9508927676800064"><link ns0:type="simple" ns0:href="../696/13696.xml">helsinki</link></village><country wordnetid="108544813" confidence="0.9508927676800064"><link ns0:type="simple" ns0:href="../577/10577.xml">finland</link></country>song consid typic portugues<link ns0:type="simple" ns0:href="../409/299409.xml" />nicknam<link ns0:type="simple" ns0:href="../750/1277750.xml" />portug</p><p>sabrina perform posit number eurovis song contest semifin back mix pair dancer three femal singer eurovis version<link ns0:type="simple" ns0:href="../895/58895.xml">latino</link>influenc version won festiv cano<link ns0:type="simple" ns0:href="../730/317730.xml">choru</link>sang<language wordnetid="106282651" confidence="0.8"><link ns0:type="simple" ns0:href="../597/10597.xml">french</link></language><language wordnetid="106282651" confidence="0.9508927676800064"><link ns0:type="simple" ns0:href="../825/26825.xml">spanish</link></language><language wordnetid="106282651" confidence="0.8"><link ns0:type="simple" ns0:href="../916/8569916.xml">english</link></language><language wordnetid="106282651" confidence="0.9508927676800064"><link ns0:type="simple" ns0:href="../915/23915.xml">portugues</link></language>danc routin elabor sabrina end point short qualif<region wordnetid="108630985" confidence="0.8"><administrative_district wordnetid="108491826" confidence="0.8"><location wordnetid="100027167" confidence="0.8"><district wordnetid="108552138" confidence="0.8"><country wordnetid="108544813" confidence="0.8"><link ns0:type="simple" ns0:href="../507/8596507.xml">moldova</link></country></district></location></administrative_district></region>incident portug maximum point song final rank countri make dana success portugues entri<link />second highest portugues scorer point point<link ns0:type="simple" ns0:href="../360/18994360.xml" />point western european countri point neighbour<system wordnetid="108435388" confidence="0.8"><economy wordnetid="108366753" confidence="0.8"><group wordnetid="100031264" confidence="0.8"><link ns0:type="simple" ns0:href="../667/26667.xml">spain</link></group></economy></system>point eastern europ highest western score song semifin<link ns0:type="simple" ns0:href="../692/11173692.xml">esc</link>will spokesperson rtp</p><p>sabrina current marri<physical_entity wordnetid="100001930" confidence="0.8"><person wordnetid="100007846" confidence="0.8"><football_player wordnetid="110101634" confidence="0.8"><player wordnetid="110439851" confidence="0.8"><preserver wordnetid="110466918" confidence="0.8"><contestant wordnetid="109613191" confidence="0.8"><defender wordnetid="109614684" confidence="0.8"><causal_agent wordnetid="100007347" confidence="0.8"><athlete wordnetid="109820263" confidence="0.8"><link ns0:type="simple" ns0:href="../989/8748989.xml" /></athlete></causal_agent></defender></contestant></preserver></player></football_player></person></physical_entity>portugues<link ns0:type="simple" ns0:href="../568/10568.xml">footbal player</link>captain<link>setbal</link>eurovis song contest prepar work debut album produc<physical_entity wordnetid="100001930" confidence="0.8"><person wordnetid="100007846" confidence="0.8"><performer wordnetid="110415638" confidence="0.8"><singer wordnetid="110599806" confidence="0.8"><musician wordnetid="110340312" confidence="0.8"><causal_agent wordnetid="100007347" confidence="0.8"><entertainer wordnetid="109616922" confidence="0.8"><link ns0:type="simple" ns0:href="../251/14211251.xml">emanuel</link></entertainer></causal_agent></musician></singer></performer></person></physical_entity></p></sec><sec><st>note</st><p><reflist><entry id="1"><weblink ns0:type="simple" ns0:href="http://www.rtp.pt/wportal/sites/tv/festival_cancao07/index.php">festiv cano</weblink>rtp retriev<link /></entry></reflist></p></sec><sec><st /><p><list><entry level="1" type="bullet"><region wordnetid="108630985" confidence="0.8"><administrative_district wordnetid="108491826" confidence="0.8"><location wordnetid="100027167" confidence="0.8"><district wordnetid="108552138" confidence="0.8"><country wordnetid="108544813" confidence="0.8"><link ns0:type="simple" ns0:href="../335/8287335.xml">portug eurovis song contest</link></country></district></location></administrative_district></region></entry></list></p></sec><sec><st>extern link</st><p><list><entry level="1" type="bullet"><weblink ns0:type="simple" ns0:href="http://sabrinaportugal2007.pt.vu/">sabrina portugues fansit</weblink>portugues</entry><entry level="1" type="bullet"><weblink ns0:type="simple" ns0:href="http://www.youtube.com/watch?v=14hDWaqPsjU">video song dana</weblink></entry><entry level="1" type="bullet"><weblink ns0:type="simple" ns0:href="http://www.eurovisao.web.pt">portug</weblink>portugues</entry><entry level="1" type="bullet"><weblink ns0:type="simple" ns0:href="http://www.rtp.pt/wportal/sites/tv/festival_cancao07/index.php">festiv cano offici websit</weblink>portugues</entry><entry level="1" type="bullet"><weblink ns0:type="simple" ns0:href="http://www.oikotimes.com/v2/index.php?file=articles id=50">interview report</weblink></entry></list></p><p><table style="margin:0.5em auto; font-size:95%;clear:both;" class="wikitable"><row style="text-align: center;" /><row style="text-align:center;"><col align="center" width="30%" rowspan="1">preced<link ns0:type="simple" ns0:href="../029/4686029.xml">nonstop</link></col><col style="text-align: center;" width="40%" rowspan="1"><link>festiv cano winner</link><link ns0:type="simple" ns0:href="../165/36165.xml" /></col><col align="center" width="30%" rowspan="1">succeed<link>fernand</link></col></row></table></p><p><table style="margin:0.5em auto; font-size:95%;clear:both;" class="wikitable"><row style="text-align: center;" /><row style="text-align:center;"><col align="center" width="30%" rowspan="1">preced<link ns0:type="simple" ns0:href="../029/4686029.xml">nonstop</link></col><col style="text-align: center;" width="40%" rowspan="1"><country wordnetid="108544813" confidence="0.9508927676800064"><link ns0:type="simple" ns0:href="../925/4760925.xml">portug eurovis song contest</link></country><link ns0:type="simple" ns0:href="../165/36165.xml" /></col><col align="center" width="30%" rowspan="1">succeed<link>fernand</link></col></row></table></p></sec></bdy></singer></entrant></article>