<article xmlns:ns0="http://www.w3.org/1999/xlink"><event confidence="0.8" wordnetid="100029378"><rule confidence="0.8" wordnetid="105846932"><act confidence="0.8" wordnetid="100030358"><psychological_feature confidence="0.8" wordnetid="100023100"><procedure confidence="0.8" wordnetid="101023820"><activity confidence="0.8" wordnetid="100407535"><algorithm confidence="0.8" wordnetid="105847438"><header><title>hirschberg algorithm</title><id /><revision><id /><timestamp /><contributor><username>bot</username><id /></contributor></revision><categories><category>bioinformat algorithm</category><category>algorithm string</category><category>dynam program</category></categories></header><bdy>hirschberg algorithm name inventor<physical_entity wordnetid="100001930" confidence="0.8"><person wordnetid="100007846" confidence="0.8"><causal_agent wordnetid="100007347" confidence="0.8"><scientist wordnetid="110560637" confidence="0.8"><link ns0:type="simple" ns0:href="../958/7816958.xml">dan hirschberg</link></scientist></causal_agent></person></physical_entity><link ns0:type="simple" ns0:href="../297/125297.xml">dynam program</link><link ns0:type="simple" ns0:href="../775/775.xml">algorithm</link>find cost sequenc align<link ns0:type="simple" ns0:href="../701/27701.xml">string</link>cost measur<event wordnetid="100029378" confidence="0.8"><rule wordnetid="105846932" confidence="0.8"><act wordnetid="100030358" confidence="0.8"><psychological_feature wordnetid="100023100" confidence="0.8"><procedure wordnetid="101023820" confidence="0.8"><activity wordnetid="100407535" confidence="0.8"><algorithm wordnetid="105847438" confidence="0.8"><link ns0:type="simple" ns0:href="../418/406418.xml">levenshtein edit distanc</link></algorithm></activity></procedure></psychological_feature></act></rule></event>defin sum cost insert replac delet null action need chang string hirschberg algorithm simpli describ<link ns0:type="simple" ns0:href="../154/201154.xml">divid conquer</link>version<event wordnetid="100029378" confidence="0.8"><rule wordnetid="105846932" confidence="0.8"><act wordnetid="100030358" confidence="0.8"><psychological_feature wordnetid="100023100" confidence="0.8"><procedure wordnetid="101023820" confidence="0.8"><activity wordnetid="100407535" confidence="0.8"><algorithm wordnetid="105847438" confidence="0.8"><link ns0:type="simple" ns0:href="../679/1004679.xml">needlemanwunsch algorithm</link></algorithm></activity></procedure></psychological_feature></act></rule></event><ref ns0:type="simple" ns0:href="#xpointer(//reflist/entry[@id=%221%22])" />hirschberg algorithm commonli<link ns0:type="simple" ns0:href="../353/149353.xml">comput biolog</link>find maxim global align<link ns0:type="simple" ns0:href="../955/7955.xml">dna</link><link ns0:type="simple" ns0:href="../634/23634.xml">protein</link>sequenc<sec><st>algorithm inform</st><p>hirschberg algorithm gener applic algorithm find optim sequenc align<link ns0:type="simple" ns0:href="../695/363695.xml">blast</link><link ns0:type="simple" ns0:href="../996/1009996.xml">fasta</link>suboptim heurist string<event wordnetid="100029378" confidence="0.8"><rule wordnetid="105846932" confidence="0.8"><act wordnetid="100030358" confidence="0.8"><psychological_feature wordnetid="100023100" confidence="0.8"><procedure wordnetid="101023820" confidence="0.8"><activity wordnetid="100407535" confidence="0.8"><algorithm wordnetid="105847438" confidence="0.8"><link ns0:type="simple" ns0:href="../679/1004679.xml">needlemanwunsch algorithm</link></algorithm></activity></procedure></psychological_feature></act></rule></event>find optim align<link ns0:type="simple" ns0:href="../578/44578.xml">onm</link>time onm space hirschberg algorithm clever modif needlemanwunsch algorithm take onm time space</p><p>applic algorithm find sequenc align dna protein sequenc</p></sec><sec><st>comput<event wordnetid="100029378" confidence="0.8"><rule wordnetid="105846932" confidence="0.8"><act wordnetid="100030358" confidence="0.8"><psychological_feature wordnetid="100023100" confidence="0.8"><procedure wordnetid="101023820" confidence="0.8"><activity wordnetid="100407535" confidence="0.8"><algorithm wordnetid="105847438" confidence="0.8"><link ns0:type="simple" ns0:href="../418/406418.xml">levenshtein edit distanc</link></algorithm></activity></procedure></psychological_feature></act></rule></event>linear space</st><p>edit distanc cost chang oper insert substitut delet cost kind oper write insa cost insert symbol string cost substitut symbol string cost delet symbol string standard choic cost insa symbol equal needlemanwunsch algorithm comput comput editprefxiprefyj dynam denot prefix length algorithm requir onm time onm space</p></sec><sec><st>algorithm organ</st><p>understand hirschberg algorithm understand edit distanc comput linear space</p><p>call forward subprogram comput valu editprefxiprefyj needlemanwunsch return array backward subprogram dynam program opposit direct start end string return array suffix length</p><p>forward backward subprogram comput valu matrix comput valu save space eras valu will longer need execut subprogram eras valu will recomput hirschberg algorithm take roughli time needlemanwunsch</p></sec><sec><st>pseudocod</st><p>highlevel descript forward subprogram execut step editprefxiprefyj editprefxiprefyj editprefxiprefyj eras editprefxiprefyj eras editprefxiprefyj return array length</p><p>highlevel descript backward subprogram eras eras return array length</p><p>high level descript hirschberg algorithm output needlemanwunsch mid xright array length array length cut</p></sec><sec><st /><p><list><entry level="1" type="bullet"><event wordnetid="100029378" confidence="0.8"><rule wordnetid="105846932" confidence="0.8"><act wordnetid="100030358" confidence="0.8"><psychological_feature wordnetid="100023100" confidence="0.8"><procedure wordnetid="101023820" confidence="0.8"><activity wordnetid="100407535" confidence="0.8"><algorithm wordnetid="105847438" confidence="0.8"><link ns0:type="simple" ns0:href="../679/1004679.xml">needlemanwunsch algorithm</link></algorithm></activity></procedure></psychological_feature></act></rule></event></entry><entry level="1" type="bullet"><link ns0:type="simple" ns0:href="../195/1606195.xml">smith waterman algorithm</link></entry><entry level="1" type="bullet"><event wordnetid="100029378" confidence="0.8"><rule wordnetid="105846932" confidence="0.8"><act wordnetid="100030358" confidence="0.8"><psychological_feature wordnetid="100023100" confidence="0.8"><procedure wordnetid="101023820" confidence="0.8"><activity wordnetid="100407535" confidence="0.8"><algorithm wordnetid="105847438" confidence="0.8"><link ns0:type="simple" ns0:href="../418/406418.xml">levenshtein distanc</link></algorithm></activity></procedure></psychological_feature></act></rule></event></entry></list></p></sec><sec><st>refer</st><p><reflist><entry id="1"><weblink ns0:type="simple" ns0:href="http://www.csse.monash.edu.au/~lloyd/tildeAlgDS/Dynamic/Hirsch/">hirschberg algorithm</weblink></entry></reflist></p></sec></bdy></algorithm></activity></procedure></psychological_feature></act></rule></event></article>