<article xmlns:ns0="http://www.w3.org/1999/xlink"><school confidence="0.9511911446218017" wordnetid="108276720"><header><title>engin scienc educ program</title><id /><revision><id /><timestamp /><contributor><username>boleyn</username><id /></contributor></revision><categories><category>educ philippin</category><category>scienc high school philippin</category></categories></header><bdy>engin scienc educ program esep<link ns0:type="simple" ns0:href="../700/26700.xml">scienc</link><link ns0:type="simple" ns0:href="../831/18831.xml">mathemat</link>orient<link ns0:type="simple" ns0:href="../983/479983.xml">curriculum</link>devis<link ns0:type="simple" ns0:href="../556/42556.xml">high school</link><country wordnetid="108544813" confidence="0.9508927676800064"><link ns0:type="simple" ns0:href="../440/23440.xml">philippin</link></country>esep program offer special high school public privat supervis<generic wordnetid="107899976" confidence="0.9508927676800064"><link ns0:type="simple" ns0:href="../548/5464548.xml">depart educ</link></generic>current high school offer esep program major public<sec><st>comparison esep rsh union psh system</st><p>three type scienc high school philippin esep high school high school<school wordnetid="108276720" confidence="0.8"><educational_institution wordnetid="108276342" confidence="0.8"><institution wordnetid="108053576" confidence="0.8"><link ns0:type="simple" ns0:href="../894/6308894.xml">region scienc high school union</link></institution></educational_institution></school><school wordnetid="108276720" confidence="0.9508927676800064"><link ns0:type="simple" ns0:href="../450/3450450.xml">philippin scienc high school system</link></school>offer curriculum place mathemat scienc well rsh union psh system higher standard scienc mathemat educ esep high school likewis esep high school rsh union oper depart educ psh system oper<link ns0:type="simple" ns0:href="../859/4701859.xml">depart scienc technolog</link></p><p>esep high school transfer student permit enrol provid student come esep high school rsh psh system region scienc high school union psh system transfer allow respect system incom sophomor student transfer esep high school rsh psh system will admit revers permiss</p><p>three type scienc high school maintain grade system esep high school rsh union appli standard grade system high school philippin psh system maintain uniqu grade system scale</p></sec><sec><st>academ programm</st><ss1><st>philippin scienc high school psh core curriculum</st><p><table class="wikitable"><row><header>curriculum year level</header><header>curriculum year level</header><header>curriculum year level</header><header>curriculum year level</header></row><row><col>integr scienc</col><col>introduct biolog biolog</col><col>advanc biolog biolog</col><col>advanc biolog biolog</col></row><row><col>elementari algebra mathemat</col><col>inorgan chemistri chemistri</col><col>inorgan chemistri chemistri</col><col>advanc chemistri chemistri</col></row><row><col>commun art english</col><col>gener physic physic</col><col>advanc physic physic</col><col>advanc physic physic</col></row><row><col>introduct comput scienc comput scienc</col><col>plane geometri mathemat</col><col>advanc algebra trigonometri mathemat</col><col>elementari analysi mathemat</col></row><row><col>sine filipino</col><col>advanc algebra mathemat</col><col>softwar project plan comput scienc</col><col>special topic comput scienc comput scienc</col></row><row><col>philippin histori govern social scienc</col><col>introduct program comput scienc</col><col>commun art asian literatur english</col><col>commun art american european literatur english</col></row><row><col>introduct valu educ valu educ</col><col>commun art english</col><col>filipino</col><col>pilipino filipino</col></row><row><col>introduct valu educ valu educ</col><col>filipino</col><col>histori social scienc</col><col>pilipino filipino</col></row><row><col>physic health music</col><col>asian studi social scienc</col><col>physic educ health iii peh</col><col>econom social scienc</col></row><row><col>art draft semest</col><col>valu develop valu educ</col><col>principl</col><col>physic educ health peh preparatori militari train pmt</col></row><row><col>earth scienc</col><col>health music</col><col>experiment scienc technolog</col></row><row><col>technolog prepar</col><col>art draft</col><col>elect</col><col>elect</col></row><row><col>environment scienc technolog skill</col></row></table></p><ss2><st>elect</st><p><table class="wikitable"><row><header>curriculum year level</header><header>curriculum year level</header></row><row><col>laboratori techniqu</col><col>digit design</col></row><row><col>food scienc</col><col>visual commun</col></row><row><col>problembas physic</col><col>cell molecular biolog</col></row><row><col>select topic number theori</col><col>journal filipino english</col></row><row><col>basic robot</col><col>select topic mathemat</col></row><row><col>data commun</col><col>theater art</col></row><row><col>popular law</col><col>advanc electron</col></row><row><col>creativ write</col><col>cisco network</col></row><row><col>english journal</col><col>embed system</col></row><row><col>filipino journal</col></row><row><col>scienc summer internship program summer</col></row><row><col>field biolog summer</col></row></table></p></ss2></ss1><ss1><st>region scienc high school curriculum</st><p><table class="wikitable"><row><header>subject area</header><header>curriculum year level</header><header>curriculum year level</header><header>curriculum year level</header><header>curriculum year level</header></row><row><col>scienc</col><col>earth environment scienc natur scienc</col><col>basic biolog scienc advanc biolog scienc</col><col>chemistri basic chemistri physic basic physic</col><col>chemistri advanc chemistri physic advanc physic</col></row><row><col>mathemat</col><col>elementari algebra</col><col>mathemat iia advanc algebra mathemat geometri</col><col>mathemat iii trigonometri analyt geometri advanc statist</col><col>calculu linear algebra</col></row><row><col>english</col><col>grammar commun skill literatur</col><col>grammar commun skill literatur</col><col>grammar commun skill asian literatur</col><col>grammar commun skill literatur</col></row><row><col>filipino</col><col>filipino</col><col>filipino laura</col><col>filipino iii</col><col>filipino</col></row><row><col>social scienc</col><col>aral panlipunan philippin histori</col><col>aral panlipunan asian histori</col><col>aral panlipunan iii histori</col><col>aral panlipunan econom</col></row><row><col /><col>music art physic educ health</col><col>music art physic educ health</col><col>music art physic educ health iii</col><col>music art physic educ health</col></row><row><col>comput educ</col><col>comput educ</col><col>comput educ</col><col>comput educ curriculum</col><col>comput educ curriculum</col></row><row><col /><col>technic write basic statist</col><col>advanc technic write</col><col>iia intermedi scienc</col><col>advanc scienc</col></row><row><col>elect</col><col>elect year level</col><col>advanc technic write biotechnolog botani busi mathemat journal draft</col><col>speech drama technic write journal</col><col>creativ write environment chemistri geolog meteorolog astronomi linear algebra journal iii iii theater art french human electr</col></row></table></p></ss1><ss1><st>engin scienc educ program esep curriculum</st><p><table class="wikitable"><row><header>subject area</header><header>curriculum year level</header><header>curriculum year level</header><header>curriculum year level</header><header>curriculum year level</header></row><row><col>scienc</col><col>integr scienc earth environment scienc</col><col>biolog scienc</col><col>chemistri chemistri physic physic</col><col>chemistri chemistri physic physic</col></row><row><col>mathemat</col><col>elementari algebra</col><col>intermedi algebra geometri</col><col>advanc algebra</col><col>mathemat</col></row><row><col>english</col><col>grammar commun skill literatur</col><col>grammar commun skill literatur</col><col>grammar commun skill asian literatur</col><col>grammar commun skill literatur</col></row><row><col>filipino</col><col>filipino</col><col>filipino</col><col>filipino iii</col><col>filipino</col></row><row><col>social scienc</col><col>aral panlipunan</col><col>aral panlipunan</col><col>aral panlipunan iii</col><col>aral panlipunan</col></row><row><col>technolog livelihood educ</col><col>tle comput educ</col><col>tle inform commun technolog civil technolog</col><col>tle iii inform commun technolog civil technolog</col><col>tle inform commun technolog civil technolog digit</col></row><row><col /><col>music art physic educ health</col><col>music art physic educ health</col><col>music art physic educ health iii</col><col>music art physic educ health</col></row><row><col /><col>basic statist technic write</col><col>engin scienc tech basic statist</col><col>curriculum</col><col>iii scienc</col></row><row><col>valu educ</col><col>valu educ</col><col>valu educ</col><col>valu educ iii</col><col>valu educ</col></row><row><col>development read</col><col>biotechnolog advanc statist</col></row></table></p></ss1></sec><sec><st>program</st><ss1><st>educ program</st><p>program seek provid earli train labor skill machin work trade agricultur inform technolog program offer graduat high school student main purpos prepar colleg enabl work industri</p><p>area special includ machin shop automot technolog weld electron technolog build construct furnitur cabinet make plumb electr comput technolog food process anim product fish process fish captur fish cultur agricultur oper technic draw</p><p>current high school philippin prioriti high school</p></ss1><ss1><st>special program art spa</st><p>special program art nationwid program student potenti talent art pilot school region select pilot implement program fourth year implement</p><p>select school offer comprehens secondari educ program center art cover rang art form disciplin art educ integr compon balanc educ program year level background postsecondari level work</p></ss1><ss1><st>special program</st><p>special program sport effort institution program will identifi discov student potenti sport talent train higher level athlet competit</p><p>special program sport offer year secondari curriculum pattern regular high school special sport</p></ss1></sec><sec><st>special scienc grade school ssg</st><p>expans program depart educ engin scienc educ program special scienc elementari school establish serv feeder school scienc high school program envis develop filipino children equip scientif technolog knowledg skill attitud creativ posit valu lifelong learn skill product partner develop commun societi aim determin qualiti scienc inclin learner possess describ characterist good special elementari school determin factor input contribut improv perform learner involv studi</p><p>guidelin art technolog standard size classroom meter meter comput televis set cassett record player lcd projector ohp player classroom classroom scienc laboratori comput laboratori multimedia internet facil speech laboratori music room music instrument gym function sport facil<ref ns0:type="simple" ns0:href="#xpointer(//reflist/entry[@id=%221%22])" /></p><p><table style="text-align:center; font-size:87%; clear:both;" width="94%" align="center" class="toccolours"><header width="80px"><image width="25px" src="Nuvola_apps_kalzium.png" /></header><header style="background-color: #bce">scienc<link ns0:type="simple" ns0:href="../556/42556.xml">high school</link><country wordnetid="108544813" confidence="0.9508927676800064"><link ns0:type="simple" ns0:href="../440/23440.xml">philippin</link></country></header><row><header style="background-color: #bce"><school wordnetid="108276720" confidence="0.9508927676800064"><link ns0:type="simple" ns0:href="../450/3450450.xml">philippin scienc high school system</link></school></header><col colspan="2" align="left"><link ns0:type="simple" ns0:href="../916/3544916.xml">main</link><school wordnetid="108276720" confidence="0.8"><educational_institution wordnetid="108276342" confidence="0.8"><institution wordnetid="108053576" confidence="0.8"><link ns0:type="simple" ns0:href="../691/17243691.xml" /></institution></educational_institution></school><link>valley</link><link /><school wordnetid="108276720" confidence="0.9508927676800064"><link ns0:type="simple" ns0:href="../130/4628130.xml">western visaya</link></school><school wordnetid="108276720" confidence="0.9508927676800064"><link ns0:type="simple" ns0:href="../570/5998570.xml">eastern visaya</link></school><school wordnetid="108276720" confidence="0.8"><educational_institution wordnetid="108276342" confidence="0.8"><institution wordnetid="108053576" confidence="0.8"><link ns0:type="simple" ns0:href="../736/17256736.xml">central visaya</link></institution></educational_institution></school><link ns0:type="simple" ns0:href="../965/3544965.xml">southern mindanao</link><link ns0:type="simple" ns0:href="../450/3450450.xml">central mindanao</link></col></row><row><header style="background-color: #bce"><school wordnetid="108276720" confidence="0.8"><educational_institution wordnetid="108276342" confidence="0.8"><institution wordnetid="108053576" confidence="0.8"><link ns0:type="simple" ns0:href="../894/6308894.xml">region scienc high school union</link></institution></educational_institution></school></header><col colspan="2" style="background-color: #eee" align="left"><school wordnetid="108276720" confidence="0.9508927676800064"><link ns0:type="simple" ns0:href="../985/5004985.xml" /></school><school wordnetid="108276720" confidence="0.8"><senior_high_school wordnetid="108409617" confidence="0.8"><educational_institution wordnetid="108276342" confidence="0.8"><institution wordnetid="108053576" confidence="0.8"><link ns0:type="simple" ns0:href="../417/11080417.xml" /></institution></educational_institution></senior_high_school></school><link ns0:type="simple" ns0:href="../446/18764446.xml">iii</link><school wordnetid="108276720" confidence="0.8"><educational_institution wordnetid="108276342" confidence="0.8"><institution wordnetid="108053576" confidence="0.8"><link ns0:type="simple" ns0:href="../649/13965649.xml">iva</link></institution></educational_institution></school><link /><link /><school wordnetid="108276720" confidence="0.8"><educational_institution wordnetid="108276342" confidence="0.8"><institution wordnetid="108053576" confidence="0.8"><link ns0:type="simple" ns0:href="../296/12790296.xml">car</link></institution></educational_institution></school><school wordnetid="108276720" confidence="0.9508927676800064"><link ns0:type="simple" ns0:href="../276/1433276.xml">ncr</link></school><p>visaya<link ns0:type="simple" ns0:href="../453/7403453.xml" /><school wordnetid="108276720" confidence="0.8"><educational_institution wordnetid="108276342" confidence="0.8"><institution wordnetid="108053576" confidence="0.8"><link ns0:type="simple" ns0:href="../671/13965671.xml">vii</link></institution></educational_institution></school><link>viii</link></p><p>mindanao<link /><link /><link /><school wordnetid="108276720" confidence="0.8"><educational_institution wordnetid="108276342" confidence="0.8"><institution wordnetid="108053576" confidence="0.8"><link ns0:type="simple" ns0:href="../194/13067194.xml">xii</link></institution></educational_institution></school><link>xiii</link><link /></p></col></row><row><header style="background-color: #bce"><link ns0:type="simple" ns0:href="../908/10194908.xml">engin scienc educ program</link></header><col colspan="2" align="left">ncr public scienc high school<school wordnetid="108276720" confidence="0.9508927676800064"><link ns0:type="simple" ns0:href="../945/9499945.xml" /></school><link>pia</link><school wordnetid="108276720" confidence="0.9508927676800064"><link ns0:type="simple" ns0:href="../606/9606606.xml" /></school><school wordnetid="108276720" confidence="0.8"><educational_institution wordnetid="108276342" confidence="0.8"><institution wordnetid="108053576" confidence="0.8"><link ns0:type="simple" ns0:href="../352/13967352.xml" /></institution></educational_institution></school><link ns0:type="simple" ns0:href="../029/13981029.xml">raja manila</link><school wordnetid="108276720" confidence="0.9508927676800064"><link ns0:type="simple" ns0:href="../832/3514832.xml">manila</link></school><school wordnetid="108276720" confidence="0.9508927676800064"><link ns0:type="simple" ns0:href="../987/12507987.xml" /></school><school wordnetid="108276720" confidence="0.9508927676800064"><link ns0:type="simple" ns0:href="../043/5100043.xml" /></school><link /><link /><school wordnetid="108276720" confidence="0.9508927676800064"><link ns0:type="simple" ns0:href="../320/13891320.xml" /></school><link /><link /><p>provinci public scienc high school<school wordnetid="108276720" confidence="0.8"><educational_institution wordnetid="108276342" confidence="0.8"><institution wordnetid="108053576" confidence="0.8"><link ns0:type="simple" ns0:href="../316/13965316.xml">angel citi</link></institution></educational_institution></school><school wordnetid="108276720" confidence="0.8"><educational_institution wordnetid="108276342" confidence="0.8"><institution wordnetid="108053576" confidence="0.8"><link ns0:type="simple" ns0:href="../559/13965559.xml">aurora</link></institution></educational_institution></school><school wordnetid="108276720" confidence="0.9508927676800064"><link ns0:type="simple" ns0:href="../675/17538675.xml">citi nation</link></school><link ns0:type="simple" ns0:href="../480/162480.xml">citi pine citi</link><school wordnetid="108276720" confidence="0.8"><educational_institution wordnetid="108276342" confidence="0.8"><institution wordnetid="108053576" confidence="0.8"><link ns0:type="simple" ns0:href="../602/13965602.xml">bai citi</link></institution></educational_institution></school><link>nuevo iloilo</link><link ns0:type="simple" ns0:href="../613/13965613.xml" /><school wordnetid="108276720" confidence="0.8"><educational_institution wordnetid="108276342" confidence="0.8"><institution wordnetid="108053576" confidence="0.8"><link ns0:type="simple" ns0:href="../630/13965630.xml">batanga</link></institution></educational_institution></school><link ns0:type="simple" ns0:href="../205/19126205.xml" /><link>citi</link><school wordnetid="108276720" confidence="0.9508927676800064"><link ns0:type="simple" ns0:href="../009/9440009.xml" /></school><school wordnetid="108276720" confidence="0.8"><senior_high_school wordnetid="108409617" confidence="0.8"><educational_institution wordnetid="108276342" confidence="0.8"><institution wordnetid="108053576" confidence="0.8"><link ns0:type="simple" ns0:href="../655/4510655.xml">cebu citi</link></institution></educational_institution></senior_high_school></school><link ns0:type="simple" ns0:href="../810/10232810.xml">citi</link><link ns0:type="simple" ns0:href="../726/13965726.xml">iloilo</link><link /><link ns0:type="simple" ns0:href="../756/13965756.xml" /><link>union</link><school wordnetid="108276720" confidence="0.8"><educational_institution wordnetid="108276342" confidence="0.8"><institution wordnetid="108053576" confidence="0.8"><link ns0:type="simple" ns0:href="../786/13965786.xml">citi</link></institution></educational_institution></school><link ns0:type="simple" ns0:href="../799/13965799.xml">cebu</link><link ns0:type="simple" ns0:href="../810/13965810.xml">cebu</link><link ns0:type="simple" ns0:href="../861/13965861.xml">occident</link><school wordnetid="108276720" confidence="0.8"><educational_institution wordnetid="108276342" confidence="0.8"><institution wordnetid="108053576" confidence="0.8"><link ns0:type="simple" ns0:href="../921/13965921.xml">citi</link></institution></educational_institution></school><school wordnetid="108276720" confidence="0.8"><educational_institution wordnetid="108276342" confidence="0.8"><institution wordnetid="108053576" confidence="0.8"><link ns0:type="simple" ns0:href="../239/13967239.xml">negro occident</link></institution></educational_institution></school><school wordnetid="108276720" confidence="0.8"><educational_institution wordnetid="108276342" confidence="0.8"><institution wordnetid="108053576" confidence="0.8"><link ns0:type="simple" ns0:href="../319/13967319.xml">puerto citi</link></institution></educational_institution></school><school wordnetid="108276720" confidence="0.8"><senior_high_school wordnetid="108409617" confidence="0.8"><educational_institution wordnetid="108276342" confidence="0.8"><institution wordnetid="108053576" confidence="0.8"><link ns0:type="simple" ns0:href="../732/7217732.xml" /></institution></educational_institution></senior_high_school></school><school wordnetid="108276720" confidence="0.8"><educational_institution wordnetid="108276342" confidence="0.8"><institution wordnetid="108053576" confidence="0.8"><link ns0:type="simple" ns0:href="../337/13967337.xml">san pablo citi</link></institution></educational_institution></school><link ns0:type="simple" ns0:href="../882/13965882.xml">santa rosa citi</link><school wordnetid="108276720" confidence="0.8"><educational_institution wordnetid="108276342" confidence="0.8"><institution wordnetid="108053576" confidence="0.8"><link ns0:type="simple" ns0:href="../263/13967263.xml" /></institution></educational_institution></school><school wordnetid="108276720" confidence="0.8"><educational_institution wordnetid="108276342" confidence="0.8"><institution wordnetid="108053576" confidence="0.8"><link ns0:type="simple" ns0:href="../595/13980595.xml">citi</link></institution></educational_institution></school><school wordnetid="108276720" confidence="0.8"><educational_institution wordnetid="108276342" confidence="0.8"><institution wordnetid="108053576" confidence="0.8"><link>citi</link></institution></educational_institution></school><school wordnetid="108276720" confidence="0.8"><educational_institution wordnetid="108276342" confidence="0.8"><institution wordnetid="108053576" confidence="0.8"><link ns0:type="simple" ns0:href="../814/13980814.xml">citi cebu</link></institution></educational_institution></school><school wordnetid="108276720" confidence="0.8"><educational_institution wordnetid="108276342" confidence="0.8"><institution wordnetid="108053576" confidence="0.8"><link ns0:type="simple" ns0:href="../826/13980826.xml">citi</link></institution></educational_institution></school><school wordnetid="108276720" confidence="0.8"><educational_institution wordnetid="108276342" confidence="0.8"><institution wordnetid="108053576" confidence="0.8"><link ns0:type="simple" ns0:href="../837/13980837.xml">citi</link></institution></educational_institution></school><school wordnetid="108276720" confidence="0.8"><educational_institution wordnetid="108276342" confidence="0.8"><institution wordnetid="108053576" confidence="0.8"><link ns0:type="simple" ns0:href="../935/13980935.xml">toledo citi</link></institution></educational_institution></school><school wordnetid="108276720" confidence="0.9508927676800064"><link ns0:type="simple" ns0:href="../197/12101197.xml" /></school></p><p>privat scienc high school<school wordnetid="108276720" confidence="0.8"><educational_institution wordnetid="108276342" confidence="0.8"><institution wordnetid="108053576" confidence="0.8"><link ns0:type="simple" ns0:href="../488/7646488.xml">batanga</link></institution></educational_institution></school><link>emilio colleg</link><link>colleg</link><school wordnetid="108276720" confidence="0.9508927676800064"><link ns0:type="simple" ns0:href="../077/9385077.xml" /></school><link /><link /><senior_high_school wordnetid="108409617" confidence="0.8"><link ns0:type="simple" ns0:href="../733/17017733.xml">roosevelt colleg</link></senior_high_school><link>univers</link></p></col></row></table></p></sec></bdy></school></article>