<article xmlns:ns0="http://www.w3.org/1999/xlink"><company confidence="0.8" wordnetid="108058098"><institution confidence="0.8" wordnetid="108053576"><header><title>meiko scientif</title><id /><revision><id /><timestamp /><contributor><username>lightbot</username><id /></contributor></revision><categories><category>parallel comput</category><category>supercomput</category><category>defunct technolog compani unit kingdom</category></categories></header><bdy>meiko scientif<autocracy wordnetid="108361001" confidence="0.8"><system wordnetid="108435388" confidence="0.8"><social_group wordnetid="107950920" confidence="0.8"><political_orientation wordnetid="106212839" confidence="0.8"><monarchy wordnetid="108363812" confidence="0.8"><state wordnetid="108168978" confidence="0.8"><political_unit wordnetid="108359949" confidence="0.8"><political_system wordnetid="108367880" confidence="0.8"><economy wordnetid="108366753" confidence="0.8"><group wordnetid="100031264" confidence="0.8"><democracy wordnetid="106217103" confidence="0.8"><link ns0:type="simple" ns0:href="../717/31717.xml">british</link></democracy></group></economy></political_system></political_unit></state></monarchy></political_orientation></social_group></system></autocracy><link ns0:type="simple" ns0:href="../153/37153.xml">supercomput</link>compani base<village wordnetid="108672738" confidence="0.9508927676800064"><link ns0:type="simple" ns0:href="../741/36741.xml">bristol</link></village>found member design team work<link ns0:type="simple" ns0:href="../858/87858.xml">inmo transput</link><link ns0:type="simple" ns0:href="../553/19553.xml">microprocessor</link><sec><st>histori</st><p><company wordnetid="108058098" confidence="0.8"><institution wordnetid="108053576" confidence="0.8"><link ns0:type="simple" ns0:href="../146/1064146.xml">inmo</link></institution></company>manag suggest releas transput delay mile chesney david alden eric barton roy jame gerri talbot resign form meiko<language wordnetid="106282651" confidence="0.9508927676800064"><link ns0:type="simple" ns0:href="../606/15606.xml">japanes</link></language>start work<link ns0:type="simple" ns0:href="../979/994979.xml">massiv parallel</link>machin base processor week demonstr transput system base experiment bit transput<social_group wordnetid="107950920" confidence="0.8"><meeting wordnetid="108307589" confidence="0.8"><gathering wordnetid="107975026" confidence="0.8"><group wordnetid="100031264" confidence="0.8"><conference wordnetid="108308497" confidence="0.8"><link ns0:type="simple" ns0:href="../279/29279.xml">siggraph</link></conference></group></gathering></meeting></social_group>san francisco juli system base bit transput launch meiko comput surfac meiko sold system grown employe meiko launch secondgener meiko system meiko financi difficulti mid meiko technic team technolog transfer joint ventur compani call<link ns0:type="simple" ns0:href="../109/259109.xml">quadric supercomput</link>form<link ns0:type="simple" ns0:href="../662/560662.xml" />itali mid quadric interconnect technolog develop<link ns0:type="simple" ns0:href="../890/471890.xml" />meiko websit exist</p></sec><sec><st>comput surfac</st><p>meiko comput surfac retrospect refer<link ns0:type="simple" ns0:href="../979/994979.xml">massiv parallel</link><link ns0:type="simple" ns0:href="../153/37153.xml">supercomput</link>system base<company wordnetid="108058098" confidence="0.8"><institution wordnetid="108053576" confidence="0.8"><link ns0:type="simple" ns0:href="../146/1064146.xml">inmo</link></institution></company><link ns0:type="simple" ns0:href="../858/87858.xml">transput</link><link ns0:type="simple" ns0:href="../553/19553.xml">microprocessor</link><link ns0:type="simple" ns0:href="../954/36954.xml">sparc</link><chip wordnetid="103020034" confidence="0.8"><artifact wordnetid="100021939" confidence="0.8"><instrumentality wordnetid="103575240" confidence="0.8"><microprocessor wordnetid="103760310" confidence="0.8"><conductor wordnetid="103088707" confidence="0.8"><device wordnetid="103183080" confidence="0.8"><semiconductor_device wordnetid="104171831" confidence="0.8"><link ns0:type="simple" ns0:href="../208/129208.xml">intel</link></semiconductor_device></device></conductor></microprocessor></instrumentality></artifact></chip>processor</p><p>comput surfac architectur compris multipl board transput connect commun link link switch chip varieti board produc transput variant ram capac peripher</p><p>initi softwar environ provid comput surfac<link ns0:type="simple" ns0:href="../660/22660.xml">occam</link>program system meiko version transput develop system supersed<link ns0:type="simple" ns0:href="../751/39751.xml">multius</link>version meiko introduc mvc meiko multipl virtual comput surfac multius resourc manag system allow processor comput surfac partit domain size domain alloc mvc individu user allow simultan user access virtual comput surfac mvc conjunct meiko<family wordnetid="108078020" confidence="0.8"><link ns0:type="simple" ns0:href="../815/31815.xml">unixlik</link></family>singleprocessor<link ns0:type="simple" ns0:href="../194/22194.xml">oper system</link></p><p>meiko launch comput surfac repackag comput surfac<standard wordnetid="107260623" confidence="0.8"><system_of_measurement wordnetid="113577171" confidence="0.8"><link ns0:type="simple" ns0:href="../281/148281.xml" /></system_of_measurement></standard>board design seri suitabl instal larger<computer wordnetid="103082979" confidence="0.8"><artifact wordnetid="100021939" confidence="0.8"><instrumentality wordnetid="103575240" confidence="0.8"><device wordnetid="103183080" confidence="0.8"><machine wordnetid="103699975" confidence="0.8"><digital_computer wordnetid="103196324" confidence="0.8"><workstation wordnetid="104603399" confidence="0.8"><link ns0:type="simple" ns0:href="../743/3984743.xml">sun</link></workstation></digital_computer></machine></device></instrumentality></artifact></computer><computer wordnetid="103082979" confidence="0.8"><artifact wordnetid="100021939" confidence="0.8"><instrumentality wordnetid="103575240" confidence="0.8"><device wordnetid="103183080" confidence="0.8"><machine wordnetid="103699975" confidence="0.8"><digital_computer wordnetid="103196324" confidence="0.8"><workstation wordnetid="104603399" confidence="0.8"><link ns0:type="simple" ns0:href="../293/3973293.xml">sun</link></workstation></digital_computer></machine></device></instrumentality></artifact></computer>system sun act frontend host system manag transput run develop tool provid mass storag version mvc run<O wordnetid="106832680" confidence="0.9508927676800064"><link ns0:type="simple" ns0:href="../071/29071.xml">suno</link></O><link ns0:type="simple" ns0:href="../986/458986.xml">daemon</link>call svc sun virtual comput surfac provid access transput network sun host</p><p>perform transput competit followon transput beset delay meiko abil supplement transput intel processor board contain ram provid interprocessor commun simpli comput surfac system limit success</p><p>meiko produc sparc processor board allow integr<O wordnetid="106832680" confidence="0.9508927676800064"><link ns0:type="simple" ns0:href="../071/29071.xml">suno</link></O>oper system comput surfac architectur comput surfac frontend host processor transput comput surfac svc improv version call simpli manag transput resourc comput surfac configur multipl board</p><p>major drawback comput surfac architectur poor<link ns0:type="simple" ns0:href="../558/14558.xml" /><link ns0:type="simple" ns0:href="../827/15612827.xml">bandwidth</link>gener data shuffl aggreg bandwidth special case data shuffl high gener case poor perform rel comput bandwidth meiko comput surfac uneconom applic</p><ss1><st>meiko</st><p>meiko written meiko meiko<family wordnetid="108078020" confidence="0.8"><link ns0:type="simple" ns0:href="../815/31815.xml">unixlik</link></family>transput<link ns0:type="simple" ns0:href="../194/22194.xml">oper system</link>develop comput surfac late</p><p>meiko deriv earli version<O wordnetid="106832680" confidence="0.9508927676800064"><link ns0:type="simple" ns0:href="../977/18977.xml">minix</link></O>extens modifi comput surfac architectur<O wordnetid="106832680" confidence="0.9508927676800064"><link ns0:type="simple" ns0:href="../771/1249771.xml">helio</link></O>unixlik transput oper system meiko essenti singleprocessor oper system distribut<link ns0:type="simple" ns0:href="../280/1010280.xml">filesystem</link>meiko conjunct mvc meiko multipl virtual comput surfac resourc manag softwar partit processor comput surfac domain manag user access domain provid interdomain commun</p><p>meiko diskless fileserv variant run seat processor mvc domain provid<link ns0:type="simple" ns0:href="../707/6707.xml">command</link>user interfac user run processor attach<link ns0:type="simple" ns0:href="../313/28313.xml">scsi</link>hard disk provid remot file servic call surfac file system instanc diskless meiko commun mvc</p><p>meiko obsolet introduct comput surfac meiko<link ns0:type="simple" ns0:href="../954/36954.xml">sparc</link>processor board allow<O wordnetid="106832680" confidence="0.9508927676800064"><link ns0:type="simple" ns0:href="../071/29071.xml">suno</link></O>svc sun virtual comput surfac develop role meiko mvc meiko releas meiko earli</p></ss1></sec><sec><st /><p>launch meiko secondgener system architectur supersed earlier comput surfac</p><p>allnew modular architectur base<link ns0:type="simple" ns0:href="../954/36954.xml" />processor option<company wordnetid="108058098" confidence="0.9508927676800064"><link ns0:type="simple" ns0:href="../222/58222.xml">fujitsu</link></company><link ns0:type="simple" ns0:href="../205/58205.xml">vector processor</link>implement instruct set<link ns0:type="simple" ns0:href="../425/1195425.xml">fujitsu</link>vector supercomput nomin perform<link ns0:type="simple" ns0:href="../930/82930.xml" /><link ns0:type="simple" ns0:href="../734/53734.xml">doubl precis</link>arithmet doubl<link ns0:type="simple" ns0:href="../250/143250.xml">singl precis</link>processor mhz initi increas mhz subsequ processor introduc mhz intend scale processor largest system built processor system instal<lab wordnetid="103629986" confidence="0.9508927676800064"><link ns0:type="simple" ns0:href="../039/39039.xml">lawrenc livermor nation laboratori</link></lab><weblink ns0:type="simple" ns0:href="http://www.top500.org/system/1607" /></p><p>custom version<link ns0:type="simple" ns0:href="../145/46145.xml">solari oper system</link>initi solari</p><p>processor connect multistag packetswitch<link ns0:type="simple" ns0:href="../503/596503.xml">fat tree</link>network implement custom silicon compris devic codenam elit process element includ chip commun coprocessor base sparc architectur access sun interfac provid bidirect link elit chip link<link ns0:type="simple" ns0:href="../456/45456.xml">crossbar switch</link>form packetswitch network meiko technolog acquir<link ns0:type="simple" ns0:href="../109/259109.xml">quadric</link>interconnect technolog develop<link ns0:type="simple" ns0:href="../890/471890.xml" /></p></sec><sec><st>extern link</st><p><list><entry level="1" type="bullet"><weblink ns0:type="simple" ns0:href="http://www.meiko.com/">meiko websit</weblink></entry><entry level="1" type="bullet"><weblink ns0:type="simple" ns0:href="http://www.npac.syr.edu/nse/hpccsurvey/orgs/meiko/meiko.html">meiko survey high perform comput system</weblink></entry><entry level="1" type="bullet"><weblink ns0:type="simple" ns0:href="http://web.archive.org/web/20001005071237/www.meiko.com/info/CorporateOverview.html">meiko corpor overview internet archiv</weblink></entry></list></p></sec><sec><st>refer</st><p /><p><list><entry level="1" type="bullet">arthur greg wilson parallel survey parallel comput system york springerverlag isbn</entry><entry level="1" type="bullet"><weblink ns0:type="simple" ns0:href="http://www.top500.org/orsc/1998/cs-2.html">top descript</weblink></entry><entry level="1" type="bullet"><weblink ns0:type="simple" ns0:href="http://gpmimd2.web.cern.ch/GPMIMD2/papers/hepix96/hepix.html">mcintosh parallel process cern present rome octob</weblink></entry><entry level="1" type="bullet">predatori comput perform meiko</entry><entry level="1" type="bullet">product descript meiko</entry></list></p><p><table style=";" class="navbox" cellspacing="0"><row><col style="padding:2px;"><table style="width:100%;background:transparent;color:inherit;;" class="nowraplinks collapsible autocollapse " cellspacing="0"><row><header colspan="2" style=";" class="navbox-title"><family wordnetid="108078020" confidence="0.8"><link ns0:type="simple" ns0:href="../642/31642.xml">unix</link></family><family wordnetid="108078020" confidence="0.8"><link ns0:type="simple" ns0:href="../815/31815.xml">unixlik</link></family><link ns0:type="simple" ns0:href="../194/22194.xml">oper system</link></header></row><row style="height:2px;" /><row><col colspan="2" style="width:100%;padding:0px;;;" class="navbox-list navbox-odd"><O wordnetid="106832680" confidence="0.9508927676800064"><link ns0:type="simple" ns0:href="../ury/22nd_century.xml">aix</link></O><O wordnetid="106832680" confidence="0.9508927676800064"><link ns0:type="simple" ns0:href="../622/18932622.xml">bsd</link></O><O wordnetid="106832680" confidence="0.9508927676800064"><link ns0:type="simple" ns0:href="../229/294229.xml">dragonfli bsd</link></O><platform wordnetid="103961939" confidence="0.8"><artifact wordnetid="100021939" confidence="0.8"><surface wordnetid="104362025" confidence="0.8"><horizontal_surface wordnetid="103536348" confidence="0.8"><link ns0:type="simple" ns0:href="../554/7580554.xml">freebsd</link></horizontal_surface></surface></artifact></platform><link ns0:type="simple" ns0:href="../875/11875.xml">gnu</link><O wordnetid="106832680" confidence="0.9508927676800064"><link ns0:type="simple" ns0:href="../704/36704.xml">hpux</link></O><link ns0:type="simple" ns0:href="../537/14537.xml">irix</link><O wordnetid="106832680" confidence="0.9508927676800064"><link ns0:type="simple" ns0:href="../297/6097297.xml">linux</link></O><O wordnetid="106832680" confidence="0.9508927676800064"><link ns0:type="simple" ns0:href="../980/867980.xml">lynxo</link></O><link ns0:type="simple" ns0:href="../640/20640.xml">mac</link><O wordnetid="106832680" confidence="0.9508927676800064"><link ns0:type="simple" ns0:href="../977/18977.xml">minix</link></O><link ns0:type="simple" ns0:href="../495/21495.xml">netbsd</link><O wordnetid="106832680" confidence="0.9508927676800064"><link ns0:type="simple" ns0:href="../571/18949571.xml">openbsd</link></O><O wordnetid="106832680" confidence="0.9508927676800064"><link ns0:type="simple" ns0:href="../226/24226.xml">plan</link></O><O wordnetid="106832680" confidence="0.9508927676800064"><link ns0:type="simple" ns0:href="../184/65184.xml">qnx</link></O><platform wordnetid="103961939" confidence="0.8"><artifact wordnetid="100021939" confidence="0.8"><surface wordnetid="104362025" confidence="0.8"><horizontal_surface wordnetid="103536348" confidence="0.8"><link ns0:type="simple" ns0:href="../245/2901245.xml">unix</link></horizontal_surface></surface></artifact></platform><O wordnetid="106832680" confidence="0.9508927676800064"><link ns0:type="simple" ns0:href="../906/1579906.xml">sco openserv</link></O><message wordnetid="106598915" confidence="0.8"><information wordnetid="106634376" confidence="0.8"><electronic_database wordnetid="106588511" confidence="0.8"><lexical_database wordnetid="106638868" confidence="0.8"><wordnet wordnetid="106639428" confidence="0.8"><database wordnetid="106637824" confidence="0.8"><link ns0:type="simple" ns0:href="../145/46145.xml">solari</link></database></wordnet></lexical_database></electronic_database></information></message><link>system</link><O wordnetid="106832680" confidence="0.9508927676800064"><link ns0:type="simple" ns0:href="../275/38275.xml">tru</link></O><O wordnetid="106832680" confidence="0.9508927676800064"><link ns0:type="simple" ns0:href="../105/157105.xml">vxwork</link></O>unix variantsmor</col></row></table></col></row></table></p></sec></bdy></institution></company></article>