<article xmlns:ns0="http://www.w3.org/1999/xlink"><drugstore confidence="0.9511911446218017" wordnetid="103249342"><company confidence="0.9508927676800064" wordnetid="108058098"><header><title>caremark</title><id /><revision><id /><timestamp /><contributor><username>lightbot</username><id /></contributor></revision><categories><category>compani list york stock exchang</category><category>pharmaci unit</category><category>compani establish</category><category>provid counti rhode island</category><category>economi nashvil tennesse</category><category>compani base rhode island</category><category>portalcompaniestot</category></categories></header><bdy><template><name /><parameters><net_income>billion<currency wordnetid="113385913" confidence="0.9508927676800064"><link ns0:type="simple" ns0:href="../338/18717338.xml">usd</link></currency></net_income><location><village wordnetid="108672738" confidence="0.9508927676800064"><link ns0:type="simple" ns0:href="../338/134338.xml" /></village><symbol wordnetid="106806469" confidence="0.9508927676800064"><link ns0:type="simple" ns0:href="../410/25410.xml">rhode island</link></symbol><body wordnetid="107965085" confidence="0.8"><social_group wordnetid="107950920" confidence="0.8"><political_orientation wordnetid="106212839" confidence="0.8"><colony wordnetid="108374049" confidence="0.8"><state wordnetid="108168978" confidence="0.8"><political_unit wordnetid="108359949" confidence="0.8"><group wordnetid="100031264" confidence="0.8"><democracy wordnetid="106217103" confidence="0.8"><link ns0:type="simple" ns0:href="../750/3434750.xml">unit</link></democracy></group></political_unit></state></colony></political_orientation></social_group></body></location><company_logo><image width="226px" src="CVS_Caremark.gif"><caption>caremark corpor logo</caption></image></company_logo><company_name>caremark corpor</company_name><company_slogan>way care</company_slogan><company_type><idea wordnetid="105833840" confidence="0.8"><concept wordnetid="105835747" confidence="0.8"><category wordnetid="105838765" confidence="0.8"><company wordnetid="108058098" confidence="0.8"><type wordnetid="105840188" confidence="0.8"><kind wordnetid="105839024" confidence="0.8"><institution wordnetid="108053576" confidence="0.8"><link ns0:type="simple" ns0:href="../293/262293.xml">public</link></institution></kind></type></company></category></concept></idea><link ns0:type="simple" ns0:href="../560/21560.xml">nyse</link><weblink ns0:type="simple" ns0:href="http://www.nyse.com/about/listed/lcddata.html?tickerCVS" /></company_type><operating_income>billion<currency wordnetid="113385913" confidence="0.9508927676800064"><link ns0:type="simple" ns0:href="../338/18717338.xml">usd</link></currency></operating_income><foundation>merger<company wordnetid="108058098" confidence="0.9508927676800064"><link ns0:type="simple" ns0:href="../892/577892.xml">cvspharmaci</link></company><link ns0:type="simple" ns0:href="../072/3902072.xml">caremark</link></foundation><products><link ns0:type="simple" ns0:href="../515/183515.xml">retail</link><link ns0:type="simple" ns0:href="../350/297350.xml">pharmaci</link><link ns0:type="simple" ns0:href="../534/7855534.xml">pharmaci benefit manag</link></products><homepage /><revenue>billion<currency wordnetid="113385913" confidence="0.9508927676800064"><link ns0:type="simple" ns0:href="../338/18717338.xml">usd</link></currency></revenue><num_employees /></parameters></template><p>caremark corpor<site wordnetid="108651247" confidence="0.8"><region wordnetid="108630985" confidence="0.8"><position wordnetid="108621598" confidence="0.8"><point wordnetid="108620061" confidence="0.8"><landmark wordnetid="108624891" confidence="0.8"><geographic_point wordnetid="108578706" confidence="0.8"><location wordnetid="100027167" confidence="0.8"><tract wordnetid="108673395" confidence="0.8"><workplace wordnetid="104602044" confidence="0.8"><geographical_area wordnetid="108574314" confidence="0.8"><stock_exchange wordnetid="104323026" confidence="0.8"><exchange wordnetid="103302487" confidence="0.8"><link ns0:type="simple" ns0:href="../560/21560.xml">nyse</link></exchange></stock_exchange></geographical_area></workplace></tract></location></geographic_point></landmark></point></position></region></site><weblink ns0:type="simple" ns0:href="http://www.nyse.com/about/listed/cvs.html" />integr pharmaci servic provid combin<body wordnetid="107965085" confidence="0.8"><social_group wordnetid="107950920" confidence="0.8"><political_orientation wordnetid="106212839" confidence="0.8"><colony wordnetid="108374049" confidence="0.8"><state wordnetid="108168978" confidence="0.8"><political_unit wordnetid="108359949" confidence="0.8"><group wordnetid="100031264" confidence="0.8"><democracy wordnetid="106217103" confidence="0.8"><link ns0:type="simple" ns0:href="../750/3434750.xml">unit</link></democracy></group></political_unit></state></colony></political_orientation></social_group></body>pharmaceut servic compani pharmaci chain caremark pharmaci servic cvspharmaci store pharmaci benefit manag mail order specialti pharmaci divis caremark pharmaci servic health clinic subsidiari minuteclin onlin pharmaci caremark corpor charter delawar headquart<village wordnetid="108672738" confidence="0.9508927676800064"><link ns0:type="simple" ns0:href="../338/134338.xml">rhode island</link></village>pharmaci busi headquart pharmaci servic busi headquart<village wordnetid="108672738" confidence="0.9508927676800064"><link ns0:type="simple" ns0:href="../018/22018.xml">nashvil tennesse</link></village></p><p>caremark oper segment<company wordnetid="108058098" confidence="0.9508927676800064"><link ns0:type="simple" ns0:href="../892/577892.xml">cvspharmaci</link></company><link ns0:type="simple" ns0:href="../072/3902072.xml">caremark pharmaci servic</link></p><p><list><entry level="1" type="bullet"><company wordnetid="108058098" confidence="0.9508927676800064"><link ns0:type="simple" ns0:href="../892/577892.xml">cvspharmaci</link></company>nation largest retail pharmaci chain store year retail pharmaci industri cvspharmaci gener revenu pharmaci busi cvspharmaci fill retail prescript america market program boast cardhold make largest retail loyalti program countri</entry></list></p><p><list><entry level="1" type="bullet"><link ns0:type="simple" ns0:href="../072/3902072.xml">caremark pharmaci servic</link>nation lead pharmaci benefit manag pbm compani comprehens prescript benefit manag servic health plan includ corpor manag care organ insur compani union govern entiti net revenu billion includ billion retail copay largest pbm caremark oper nation retail pharmaci network particip pharmaci well mail servic pharmaci call center recogn custom satisfact excel<link ns0:type="simple" ns0:href="../609/1654609.xml">power associ</link>caremark oper specialti pharmaci specialti pharmaci accredit joint commiss accredit healthcar organ diseas manag program accredit nation committe qualiti assur</entry></list></p><sec><st /><p>lineag caremark corpor trace<company wordnetid="108058098" confidence="0.8"><institution wordnetid="108053576" confidence="0.8"><link ns0:type="simple" ns0:href="../795/2213795.xml">melvil corpor</link></institution></company>base rye york melvil larg retail hold corpor incorpor melvil shoe compani chang corpor march corpor complet acquisit caremark chang caremark corpor</p><ss1><st /><p>stood consum store<link ns0:type="simple" ns0:href="../039/1835039.xml">thoma ryan</link>caremark<link ns0:type="simple" ns0:href="../234/52234.xml">ceo</link>consid stand conveni servic<ref ns0:type="simple" ns0:href="#xpointer(//reflist/entry[@id=%221%22])" />pharmaci store chain day region northeastern chain oper<link ns0:type="simple" ns0:href="../419/47419.xml">conveni store</link>type store pharmaci pharmaci indic store pharmaci longer build store pharmaci store store pharmaci phase remain<region wordnetid="108630039" confidence="0.8"><location wordnetid="100027167" confidence="0.8"><link ns0:type="simple" ns0:href="../177/447177.xml">england</link></location></region><region wordnetid="108630985" confidence="0.8"><administrative_district wordnetid="108491826" confidence="0.8"><location wordnetid="100027167" confidence="0.8"><district wordnetid="108552138" confidence="0.8"><country wordnetid="108544813" confidence="0.8"><link ns0:type="simple" ns0:href="../131/8210131.xml">york</link></country></district></location></administrative_district></region><village wordnetid="108672738" confidence="0.9508927676800064"><link ns0:type="simple" ns0:href="../956/108956.xml">washington</link></village>shop mall</p></ss1><ss1><st><link ns0:type="simple" ns0:href="../072/3902072.xml">caremark</link></st><p>caremark establish health care america chang caremark caremark acquir subsidiari<company wordnetid="108058098" confidence="0.9508927676800064"><link ns0:type="simple" ns0:href="../238/2432238.xml">baxter intern</link></company>baxter spun caremark public compani caremark merg combin compani call<link ns0:type="simple" ns0:href="../072/3902072.xml">medpartn</link><link ns0:type="simple" ns0:href="../072/3902072.xml">medpartn</link>chang<company wordnetid="108058098" confidence="0.9508927676800064"><link ns0:type="simple" ns0:href="../072/3902072.xml">caremark</link></company><ref ns0:type="simple" ns0:href="#xpointer(//reflist/entry[@id=%222%22])" /></p></ss1></sec><sec><st>acquisit growth</st><p><list><entry level="1" type="bullet">store sell health beauti product found lowel mass brother stanley sidney goldstein partner ralph</entry></list></p><p><list><entry level="1" type="bullet">store sell health beauti product<ref ns0:type="simple" ns0:href="#xpointer(//reflist/entry[@id=%223%22])" /></entry></list></p><p><list><entry level="1" type="bullet">oper store pharmaci depart open locat warwick cumberland</entry></list></p><p><list><entry level="1" type="bullet">sold melvil corpor</entry></list></p><p><list><entry level="1" type="bullet">oper store england northeast</entry></list></p><p><list><entry level="1" type="bullet">doubl size acquisit clinton drug discount store purchas introduc midwest store indiana</entry></list></p><p><list><entry level="1" type="bullet">acquir store mack drug chain</entry></list></p><p><list><entry level="1" type="bullet">largest pharmaci chain store sale</entry></list></p><p><list><entry level="1" type="bullet">celebr anniversari finish year store sale billion</entry></list></p><p><list><entry level="1" type="bullet">rapidli grow order nation drug store chain</entry></list></p><p><list><entry level="1" type="bullet">acquir store<company wordnetid="108058098" confidence="0.9508927676800064"><link ns0:type="simple" ns0:href="../874/5829874.xml">peopl drug</link></company>establish compani midatlant market includ washington pennsylvania maryland virginia peopl drug store convert store</entry></list></p><p><list><entry level="1" type="bullet">launch pharmaci benefit manag pbm compani provid wide rang servic employ manag care organ insur compani union govern agenc</entry></list></p><p><list><entry level="1" type="bullet">divis<company wordnetid="108058098" confidence="0.8"><institution wordnetid="108053576" confidence="0.8"><link ns0:type="simple" ns0:href="../795/2213795.xml">melvil corpor</link></institution></company>year melvil corpor divest retail compani<link ns0:type="simple" ns0:href="../311/18865311.xml">linen thing</link><company wordnetid="108058098" confidence="0.9508927676800064"><link ns0:type="simple" ns0:href="../274/3434274.xml">toy</link></company><link ns0:type="simple" ns0:href="../403/212403.xml">marshal</link>divest melvil chang corpor trade york stock exchang symbol</entry></list></p><p><list><entry level="1" type="bullet">store doubl size purchas larger<company wordnetid="108058098" confidence="0.8"><institution wordnetid="108053576" confidence="0.8"><link ns0:type="simple" ns0:href="../267/2210267.xml" /></institution></company>drug store store brought<link ns0:type="simple" ns0:href="../388/22388.xml">ohio valley</link><region wordnetid="108630985" confidence="0.8"><region wordnetid="108630039" confidence="0.8"><administrative_district wordnetid="108491826" confidence="0.8"><location wordnetid="100027167" confidence="0.8"><district wordnetid="108552138" confidence="0.8"><country wordnetid="108544813" confidence="0.8"><link ns0:type="simple" ns0:href="../925/816925.xml">southeastern</link></country></district></location></administrative_district></region></region>footprint south<village wordnetid="108672738" confidence="0.9508927676800064"><link ns0:type="simple" ns0:href="../956/108956.xml">washington</link></village>afford larg purchas melvil</entry></list></p><p><list><entry level="1" type="bullet">establish specialti pharmaci subsidiari</entry></list></p><p><list><entry level="1" type="bullet">acquir store<company wordnetid="108058098" confidence="0.8"><institution wordnetid="108053576" confidence="0.8"><link ns0:type="simple" ns0:href="../070/10203070.xml">arbor drug</link></institution></company>bring store total transact store michigan instant lead highli competit detroit market</entry></list></p><p><list><entry level="1" type="bullet">acquir<link ns0:type="simple" ns0:href="../184/5828184.xml">onlin pharmaci</link>renam onlin pharmaci offer consum</entry></list></p><p><list><entry level="1" type="bullet">acquir pharmaci make largest specialti pharmaci time</entry></list></p><p><list><entry level="1" type="bullet">expand store base store open enter<village wordnetid="108672738" confidence="0.9508927676800064"><link ns0:type="simple" ns0:href="../886/6886.xml">chicago</link></village>market time domin walgreen enter<country wordnetid="108544813" confidence="0.9508927676800064"><link ns0:type="simple" ns0:href="../407/5407.xml">california</link></country>market current domin<company wordnetid="108058098" confidence="0.9508927676800064"><link ns0:type="simple" ns0:href="../802/2865802.xml">long drug</link></company><company wordnetid="108058098" confidence="0.9508927676800064"><link ns0:type="simple" ns0:href="../617/1662617.xml">rite aid</link></company><company wordnetid="108058098" confidence="0.9508927676800064"><link ns0:type="simple" ns0:href="../897/577897.xml">walgreen</link></company>year open store<village wordnetid="108672738" confidence="0.9508927676800064"><link ns0:type="simple" ns0:href="../737/47737.xml">vega nevada</link></village><village wordnetid="108672738" confidence="0.9508927676800064"><link ns0:type="simple" ns0:href="../774/13774.xml">houston texa</link></village><link ns0:type="simple" ns0:href="../838/53838.xml">dalla texa</link>purchas<link ns0:type="simple" ns0:href="../330/8836330.xml">eckerd</link>begun open store<symbol wordnetid="106806469" confidence="0.9508927676800064"><link ns0:type="simple" ns0:href="../961/1961.xml">arizona</link></symbol></entry></list></p><p><list><entry level="1" type="bullet">purchas<link ns0:type="simple" ns0:href="../330/8836330.xml">eckerd</link>drug store eckerd health servic eckerd pharmaci busi<link ns0:type="simple" ns0:href="../246/421246.xml" />eckerd store purchas convert store<symbol wordnetid="106806469" confidence="0.9508927676800064"><link ns0:type="simple" ns0:href="../066/18933066.xml">florida</link></symbol><physical_entity wordnetid="100001930" confidence="0.8"><causal_agent wordnetid="100007347" confidence="0.8"><link ns0:type="simple" ns0:href="../810/29810.xml">texa</link></causal_agent></physical_entity>credit card accept eckerd drug store continu</entry></list></p><p><list><entry level="1" type="bullet">store rebrand store</entry></list></p><p><list><entry level="1" type="bullet"><link ns0:type="simple" ns0:href="../990/15990.xml">januari</link><link ns0:type="simple" ns0:href="../164/36164.xml" />announc agre acquir freestand drug store oper supermarket chain<link ns0:type="simple" ns0:href="../955/11774955.xml">albertson</link>deal includ acquisit drug store trade<company wordnetid="108058098" confidence="0.9508927676800064"><link ns0:type="simple" ns0:href="../860/51860.xml">drug</link></company><link ns0:type="simple" ns0:href="../860/51860.xml">savon drug</link>banner midwest southwestern unit primari concentr store southern california formal complet<link ns0:type="simple" ns0:href="../855/15855.xml">june</link><link ns0:type="simple" ns0:href="../164/36164.xml" />transit savon store brand began shortli complet decemb domin southern california market includ<link ns0:type="simple" ns0:href="../955/11774955.xml">albertson</link>health durabl medic equip store health locat arizona california kansa citi area repres ventur special dme market</entry></list></p><p><indent level="1">oper store southern california complet withdrew market sold virtual locat savon drug owner american store compani oper drug store divis american drug store store southern california acquir oper oper savon express store express savon help custom identifi store carri line merchandis compar larger tradit savon drug locat savon express result acquisit chain oper store district columbia<ref ns0:type="simple" ns0:href="#xpointer(//reflist/entry[@id=%224%22])" /></indent><list><entry level="1" type="bullet"><link ns0:type="simple" ns0:href="../878/15878.xml">juli</link><link ns0:type="simple" ns0:href="../164/36164.xml" />announc enter definit agreement acquir<link>minuteclin</link>pioneer largest provid health clinic minuteclin oper whollyown subsidiari corpor minuteclin health care center staf nurs practition physician assist train diagnos treat provid prescript clinic appropri common famili ill throat ear eye sinu bladder infect minuteclin offer common vaccin flu shot hepat clinic support physician collabor nurs practition assur highest qualiti care plan minuteclin cvspharmaci locat target total<ref ns0:type="simple" ns0:href="#xpointer(//reflist/entry[@id=%225%22])" /></entry></list></p><p><list><entry level="1" type="bullet"><link ns0:type="simple" ns0:href="../211/20211.xml">march</link><link ns0:type="simple" ns0:href="../165/36165.xml" />formal close acquisit nashvil base<company wordnetid="108058098" confidence="0.9508927676800064"><link ns0:type="simple" ns0:href="../072/3902072.xml">caremark</link></company>pharmaci benefit manag compani renam caremark corp corpor headquart remain pharmaci servic busi includ combin pharmaci benefit manag pbm specialti pharmaci diseas manag busi headquart nashvil tom ryan chairman ceo remain presid ceo caremark corpor caremark edwin crawford chairman board<link ns0:type="simple" ns0:href="../667/21667.xml">novemb</link><link ns0:type="simple" ns0:href="../165/36165.xml" />edwin crawford retir posit tom ryan name chairman board</entry></list></p><p><list><entry level="1" type="bullet"><time_off wordnetid="115118453" confidence="0.8"><fundamental_quantity wordnetid="113575869" confidence="0.8"><time_period wordnetid="115113229" confidence="0.8"><vacation wordnetid="115137890" confidence="0.8"><leisure wordnetid="115137676" confidence="0.8"><link ns0:type="simple" ns0:href="../491/1491.xml">august</link></leisure></vacation></time_period></fundamental_quantity></time_off><link ns0:type="simple" ns0:href="../825/35825.xml" />announc acquir long drug store corp billion deal long oper store western unit heavi concentr california will strengthen acquisit savon drug california oper brand will enter hawaiian market oper deal will bring year cost save combin compani</entry></list></p></sec><sec><st>commun involv</st><p><list><entry level="1" type="bullet">caremark charit trust establish provid fund health care educ commun involv initi commun cvspharmaci store locat<ref ns0:type="simple" ns0:href="#xpointer(//reflist/entry[@id=%226%22])" /></entry></list></p><p><list><entry level="1" type="bullet">samaritan van provid free roadsid assist motorist commun numer citi emerg respons vehicl patrol select major freeway chicago charlott cincinnati cleveland boston detroit indianapoli provid washington search motorist driver multitud talent certif nation certifi auto mechan certifi emerg medic technician emt paramed nation certifi anim control offic capabl make numer onsit auto repair administ medic help calm tens situat commun equip summon polic assist year samaritan van travel mile check assist peopl respond roadway incid</entry></list></p><p><list><entry level="1" type="bullet">play rhode island countri club<tournament wordnetid="107464725" confidence="0.8"><diversion wordnetid="100426928" confidence="0.8"><event wordnetid="100029378" confidence="0.8"><sport wordnetid="100523513" confidence="0.8"><social_event wordnetid="107288639" confidence="0.8"><contest wordnetid="107456188" confidence="0.8"><act wordnetid="100030358" confidence="0.8"><psychological_feature wordnetid="100023100" confidence="0.8"><activity wordnetid="100407535" confidence="0.8"><link ns0:type="simple" ns0:href="../187/6407187.xml">caremark chariti classic</link></activity></psychological_feature></act></contest></social_event></sport></event></diversion></tournament>establish rais money support nonprofit agenc england rais chariti event featur golf legend arnold palmer jack nicklau hale irwin gari player today top star david duval chri davi love iii scott<ref ns0:type="simple" ns0:href="#xpointer(//reflist/entry[@id=%227%22])" /></entry></list></p></sec><sec><st>privat label</st><p>extens assort privat label proprietari brand addit brand carri exclus store brand name essenc beauti gold emblem absolut divin blade earth essenti life fit hold exclus contract sell proprietari brand christoph skin effect european brand lumen exclus<company wordnetid="108058098" confidence="0.9508927676800064"><link ns0:type="simple" ns0:href="../757/1664757.xml" /></company>babi care store sell singleus digit camera pure digit</p></sec><sec><st>controversi</st><ss1><st>elensi</st><p><link ns0:type="simple" ns0:href="../226/102226.xml">washington post</link>report corpor appear share<link ns0:type="simple" ns0:href="../238/359238.xml">prescript drug</link>inform<village wordnetid="108672738" confidence="0.9508927676800064"><link ns0:type="simple" ns0:href="../868/116868.xml">woburn</link></village>base market compani<link>elensi</link>post elensi receiv inform specif prescript drug individu custom purchas inform send target direct mail urg custom renew prescript promot product interest elensi argu privaci issu elensi act sole<link ns0:type="simple" ns0:href="../973/789973.xml">contractor</link>purpos mail educ consum claim share custom<link ns0:type="simple" ns0:href="../002/1616002.xml">medic histori</link>elensi despit washington post indirect evid georg lundberg editor<periodical wordnetid="106593296" confidence="0.9508927676800064"><link ns0:type="simple" ns0:href="../941/541941.xml">journal american medic associ</link></periodical>call practic gross invas<link ns0:type="simple" ns0:href="../009/25009.xml">privaci</link>critic complaint consum discontinu practic</p></ss1><ss1><st>boston prescript</st><p>rash prescript mistak light corpor<village wordnetid="108672738" confidence="0.9508927676800064"><link ns0:type="simple" ns0:href="../309/4309.xml">boston</link></village>area store investig confirm error qualiti problem februari board pharmaci announc nonprofit institut safe medic practic monitor massachusett store year<ref ns0:type="simple" ns0:href="#xpointer(//reflist/entry[@id=%228%22])" /></p></ss1><ss1><st>health medicar fraud</st><p>late earli caremark involv number health fraud<link ns0:type="simple" ns0:href="../353/58353.xml">medicar</link>fraud scandal<ref ns0:type="simple" ns0:href="#xpointer(//reflist/entry[@id=%229%22])" /><ref ns0:type="simple" ns0:href="#xpointer(//reflist/entry[@id=%2210%22])" /></p></ss1><ss1><st>pharmaceut kickback</st><p>caremark paid settl feder lawsuit file whistleblow accus compani acquir improp deal pharmaceut manufactur</p><p>lawsuit acquir compani accept kickback drug maker promot product rival contract govern program includ feder employe health benefit program mail handler health benefit program medicar health mainten plan</p><p>admiss wrongdo caremark</p></ss1><ss1><st>decept busi practic</st><p>februari caremark settl larg civil lawsuit decept busi practic<link ns0:type="simple" ns0:href="../394/4423394.xml">kaiser famili foundat</link>report<ref ns0:type="simple" ns0:href="#xpointer(//reflist/entry[@id=%2211%22])" /></p><p>caremark agre settlement multist civil lawsuit pharmaci benefit manag caremark file attorney gener<newspaper wordnetid="106267145" confidence="0.9508927676800064"><link ns0:type="simple" ns0:href="../961/60961.xml">chicago tribun</link></newspaper>report<ref ns0:type="simple" ns0:href="#xpointer(//reflist/entry[@id=%2212%22])" />attorney gener led lisa madigan illinoi dougla maryland alleg caremark engag decept busi practic inform physician patient health plan save money patient switch brandnam prescript drug miller chicago tribun<ref ns0:type="simple" ns0:href="#xpointer(//reflist/entry[@id=%2212%22])" /></p><p>switch save patient health plan small amount increas cost increas caremark profit connecticut attorney gener richard<link>hartford courant</link><ref ns0:type="simple" ns0:href="#xpointer(//reflist/entry[@id=%2213%22])" />pennsylvania attorney gener tom corbett pbm discount rebat pass employ patient levi<commercial_enterprise wordnetid="108065093" confidence="0.8"><cooperative wordnetid="101100877" confidence="0.8"><enterprise wordnetid="108056231" confidence="0.8"><link ns0:type="simple" ns0:href="../732/18935732.xml" /></enterprise></cooperative></commercial_enterprise><newspaper wordnetid="106267145" confidence="0.9508927676800064"><link ns0:type="simple" ns0:href="../442/319442.xml">san francisco chronicl</link></newspaper><ref ns0:type="simple" ns0:href="#xpointer(//reflist/entry[@id=%2214%22])" />addit caremark adequ inform doctor full financi switch disclos switch increas caremark profit lawsuit alleg chicago tribun<ref ns0:type="simple" ns0:href="#xpointer(//reflist/entry[@id=%2212%22])" /></p><p>settlement prohibit caremark request prescript drug switch case cost patient higher prescript drug origin prescript drug patent will expir month patient switch prescript drug previou year hartford courant<ref ns0:type="simple" ns0:href="#xpointer(//reflist/entry[@id=%2213%22])" />patient abil declin switch prescrib treatment prescript offer pharmaci settlement madigan<link ns0:type="simple" ns0:href="../777/1974777.xml">bloomberg news</link><link ns0:type="simple" ns0:href="../952/102952.xml">philadelphia inquir</link><ref ns0:type="simple" ns0:href="#xpointer(//reflist/entry[@id=%2214%22])" /></p></ss1></sec><sec><st>refer</st><p><reflist><entry id="1">berlinski peter januaryfebruari<weblink ns0:type="simple" ns0:href="http://privatelabelmag.com/pdf/jan_2006/Ryan-Preaches-PL-to-CVS-Team.cfm">ryan preach team</weblink>privat label magazin retriev<link /></entry><entry id="2"><weblink ns0:type="simple" ns0:href="http://www.answers.com/topic/caremark-rx-inc">hoover profil caremark pharmaci servic</weblink>retriev<link /></entry><entry id="3"><weblink ns0:type="simple" ns0:href="http://www.cvs.com/corpInfo/about/history.html">histori</weblink>caremark retriev<link /></entry><entry id="4">caremark<weblink ns0:type="simple" ns0:href="http://phx.corporate-ir.net/phoenix.zhtml?c=183405 p=irol-newsArticle ID=962787">postpon sharehold meet vote caremark merger</weblink><link ns0:type="simple" ns0:href="../097/304097.xml">press releas</link>retriev<link /></entry><entry id="5">brad<weblink ns0:type="simple" ns0:href="http://www.reuters.com/article/consumerproducts-SP/idUSN1423535420071115">focus integr merger</weblink><company wordnetid="108058098" confidence="0.9508927676800064"><link ns0:type="simple" ns0:href="../750/18998750.xml">reuter</link></company>retriev<link /></entry><entry id="6"><weblink ns0:type="simple" ns0:href="http://www.cvs.com/corpInfo/community/charitable_mission.html">caremark charit trust</weblink>caremark retriev<link /></entry><entry id="7"><weblink ns0:type="simple" ns0:href="http://www.cvscharityclassic.com/">caremark chariti classic</weblink>caremark retriev<link /></entry><entry id="8">rowland christoph<weblink ns0:type="simple" ns0:href="http://www.boston.com/business/healthcare/articles/2006/02/10/cvs_faces_pharmacy_reviews/">face pharmaci review</weblink><link ns0:type="simple" ns0:href="../068/30068.xml">boston globe</link>retriev<link /></entry><entry id="9"><link ns0:type="simple" ns0:href="../563/52563.xml">depart justic</link><weblink ns0:type="simple" ns0:href="http://www.usdoj.gov/opa/pr/Pre_96/June95/342.txt.html">caremark pay fraud kickback case</weblink><link ns0:type="simple" ns0:href="../097/304097.xml">press releas</link>retriev<link /></entry><entry id="10"><weblink ns0:type="simple" ns0:href="http://www.bizjournals.com/nashville/stories/2005/05/23/daily36.html">report caremark doj near settlement</weblink>nashvil busi journal retriev<link /></entry><entry id="11"><weblink ns0:type="simple" ns0:href="http://www.kaisernetwork.org/daily_reports/rep_index.cfm?DR_ID=50454">caremark agre pay settl alleg pass rebat discount patient employ</weblink>kaiser daili health polici report<link ns0:type="simple" ns0:href="../394/4423394.xml">kaiser famili foundat</link>retriev<link /></entry><entry id="12">miller jame<weblink ns0:type="simple" ns0:href="http://www.chicagotribune.com/business/chi--cvs-carmark-settlement-feb14,0,7852078.story">caremark settl complaint</weblink><newspaper wordnetid="106267145" confidence="0.9508927676800064"><link ns0:type="simple" ns0:href="../961/60961.xml">chicago tribun</link></newspaper>retriev<link /></entry><entry id="13">dian<weblink ns0:type="simple" ns0:href="http://www.courant.com/business/hc-caremark0215.artfeb15,0,3595370.story">caremark settl probe</weblink><link>hartford courant</link>retriev<link /></entry><entry id="14">harri andrew<weblink ns0:type="simple" ns0:href="http://www.philly.com/philly/business/15659572.html">pay million settl case</weblink><link ns0:type="simple" ns0:href="../777/1974777.xml">bloomberg news</link><link ns0:type="simple" ns0:href="../952/102952.xml">philadelphia inquir</link>retriev<link /></entry></reflist></p></sec><sec><st>extern link</st><p><list><entry level="1" type="bullet"><weblink ns0:type="simple" ns0:href="http://www.cvs.com/">cvspharmaci ecommerc site</weblink></entry><entry level="1" type="bullet"><weblink ns0:type="simple" ns0:href="http://www.cvscaremark.com/">caremark corpor site</weblink></entry><entry level="1" type="bullet"><weblink ns0:type="simple" ns0:href="http://www.caremark.com/">caremark</weblink></entry><entry level="1" type="bullet"><weblink ns0:type="simple" ns0:href="http://www.minuteclinic.com/">minuteclin</weblink></entry><entry level="1" type="bullet"><weblink ns0:type="simple" ns0:href="http://www.forallthewaysyoucare.com/">way care cvspharmaci public</weblink></entry></list></p><p><table style="background:#f9f9f9; font-size:85%; line-height:110%; "><row><col><image width="32x28px" src="Factory_1b.svg" /></col><col style="padding:0 0.2em;">compani portal</col></row></table></p></sec></bdy></company></drugstore></article>