<article xmlns:ns0="http://www.w3.org/1999/xlink"><technique confidence="0.8" wordnetid="105665146"><system confidence="0.8" wordnetid="108435388"><know-how confidence="0.8" wordnetid="105616786"><method confidence="0.8" wordnetid="105660268"><group confidence="0.8" wordnetid="100031264"><network confidence="0.8" wordnetid="108434259"><header><title>network analysi</title><id /><revision><id /><timestamp /><contributor><username /><id /></contributor></revision></header><bdy>network analysi refer<p><list><entry level="1" type="bullet">analysi gener network<link ns0:type="simple" ns0:href="../409/766409.xml">network theori</link></entry></list></p><p><list><entry level="1" type="bullet">electr network analysi<link ns0:type="simple" ns0:href="../611/735611.xml">network analysi electron</link></entry></list></p><p><list><entry level="1" type="bullet"><link ns0:type="simple" ns0:href="../726/325726.xml">social network analysi</link></entry></list></p></bdy></network></group></method></know-how></system></technique></article>