<article xmlns:ns0="http://www.w3.org/1999/xlink"><header><title>dietari supplement</title><id /><revision><id /><timestamp /><contributor><username /><id /></contributor></revision><categories><category>dietari supplement</category></categories></header><bdy>food supplement redirect food addit alter flavor color longev food<link ns0:type="simple" ns0:href="../815/11815.xml">food addit</link><link ns0:type="simple" ns0:href="../985/2383985.xml">bodybuild supplement</link>dietari supplement food supplement nutrit supplement prepar intend suppli<link ns0:type="simple" ns0:href="../575/66575.xml">nutrient</link><link ns0:type="simple" ns0:href="../512/32512.xml">vitamin</link><link ns0:type="simple" ns0:href="../195/235195.xml">miner</link><link ns0:type="simple" ns0:href="../975/10975.xml">fatti acid</link><link ns0:type="simple" ns0:href="../207/1207.xml">amino acid</link>miss consum suffici quantiti person<link ns0:type="simple" ns0:href="../924/639924.xml">diet</link>countri defin dietari supplement food defin drug<p>supplement<link ns0:type="simple" ns0:href="../512/32512.xml">vitamin</link><link ns0:type="simple" ns0:href="../195/235195.xml">dietari miner</link>recognis<link ns0:type="simple" ns0:href="../939/1151939.xml">codex alimentariu commiss</link><link ns0:type="simple" ns0:href="../769/31769.xml">unit nation</link>highest author food standard categori<link ns0:type="simple" ns0:href="../646/10646.xml">food</link><ref ns0:type="simple" ns0:href="#xpointer(//reflist/entry[@id=%221%22])" /></p><sec><st>regul</st><ss1><st>unit</st><p><body wordnetid="107965085" confidence="0.8"><social_group wordnetid="107950920" confidence="0.8"><political_orientation wordnetid="106212839" confidence="0.8"><colony wordnetid="108374049" confidence="0.8"><state wordnetid="108168978" confidence="0.8"><political_unit wordnetid="108359949" confidence="0.8"><group wordnetid="100031264" confidence="0.8"><democracy wordnetid="106217103" confidence="0.8"><link ns0:type="simple" ns0:href="../750/3434750.xml">unit</link></democracy></group></political_unit></state></colony></political_orientation></social_group></body>dietari supplement defin dietari supplement health educ<ref ns0:type="simple" ns0:href="#xpointer(//reflist/entry[@id=%222%22])" />dshea product intend supplement<link ns0:type="simple" ns0:href="../924/639924.xml">diet</link>dietari ingredi<list><entry level="1" type="bullet"><link ns0:type="simple" ns0:href="../512/32512.xml">vitamin</link></entry><entry level="1" type="bullet"><link ns0:type="simple" ns0:href="../195/235195.xml">miner</link></entry><entry level="1" type="bullet"><link ns0:type="simple" ns0:href="../296/13296.xml">herb</link><link ns0:type="simple" ns0:href="../183/4183.xml">botan</link>exclud tobacco</entry><entry level="1" type="bullet"><link ns0:type="simple" ns0:href="../207/1207.xml">amino acid</link></entry><entry level="1" type="bullet">dietari substanc peopl supplement diet increas total dietari intak</entry><entry level="1" type="bullet">concentr metabolit constitu extract combin</entry></list></p><p>conform criteria<list><entry level="1" type="bullet">intend ingest pill capsul tablet powder liquid form</entry><entry level="1" type="bullet">repres convent food sole item meal diet</entry><entry level="1" type="bullet">label dietari supplement</entry></list></p><p>hormon<link ns0:type="simple" ns0:href="../807/8807.xml">dhea</link><link ns0:type="simple" ns0:href="../922/141922.xml">steroid</link><link ns0:type="simple" ns0:href="../714/2182714.xml" />steroid<link ns0:type="simple" ns0:href="../152/285152.xml" />hormon<link ns0:type="simple" ns0:href="../157/285157.xml">melatonin</link>market dietari supplement<ref ns0:type="simple" ns0:href="#xpointer(//reflist/entry[@id=%223%22])" /><ref ns0:type="simple" ns0:href="#xpointer(//reflist/entry[@id=%224%22])" /></p><ss2><st>regul</st><p>pursuant dshea<link ns0:type="simple" ns0:href="../632/11632.xml">food drug administr</link>fda regul dietari supplement food<link ns0:type="simple" ns0:href="../121/180121.xml">drug</link>pharmaceut compani requir prove safeti effect product supplement manufactur fda action dietari supplement proven harm<ref ns0:type="simple" ns0:href="#xpointer(//reflist/entry[@id=%225%22])" />fda rule will june ensur product dietari supplement compli current<link ns0:type="simple" ns0:href="../085/614085.xml">good manufactur practic</link>manufactur control result consist product free contamin accur label<ref ns0:type="simple" ns0:href="#xpointer(//reflist/entry[@id=%226%22])" />addit industri requir report fda seriou dietari supplement advers event</p><p>dshea pass subject<link ns0:type="simple" ns0:href="../934/48934.xml">lobbi</link>effort manufactur dietari supplement<ref ns0:type="simple" ns0:href="#xpointer(//reflist/entry[@id=%227%22])" /><ref ns0:type="simple" ns0:href="#xpointer(//reflist/entry[@id=%228%22])" />time passag dshea receiv strong support consum grassroot organ member congress recognit presid<president wordnetid="110468559" confidence="0.9508927676800064"><person wordnetid="100007846" confidence="0.9508927676800064"><lawyer wordnetid="110249950" confidence="0.9173553029164789"><link ns0:type="simple" ns0:href="../356/3356.xml">bill clinton</link></lawyer></person></president>sign dshea law state year intens effort manufactur expert nutrit legisl act conscienti allianc consum grassroot level move bring common sens treatment dietari supplement regul law passag dshea speak dilig unoffici armi nutrit consciou peopl work democrat chang law area deepli era greater conscious peopl impact eat live long live appropri final reform govern treat consum supplement encourag good health<ref ns0:type="simple" ns0:href="#xpointer(//reflist/entry[@id=%229%22])" /></p><p>popular support base misunderstand situat deregul supplement industri larg survey<company wordnetid="108058098" confidence="0.8"><group wordnetid="100031264" confidence="0.8"><institution wordnetid="108053576" confidence="0.8"><link ns0:type="simple" ns0:href="../072/402072.xml">aarp</link></institution></group></company>exampl respond includ user nonus supplement believ feder govern review safeti dietari supplement approv market consum<ref ns0:type="simple" ns0:href="#xpointer(//reflist/entry[@id=%2210%22])" />octob nationwid harri poll respond believ supplement approv govern agenc market believ supplement list potenti side effect label believ supplement label claim safeti scientif evid belief incorrect result provis dshea<ref ns0:type="simple" ns0:href="#xpointer(//reflist/entry[@id=%2211%22])" /></p><p>studi publish<work wordnetid="104599396" confidence="0.8"><product wordnetid="104007894" confidence="0.8"><creation wordnetid="103129123" confidence="0.8"><artifact wordnetid="100021939" confidence="0.8"><periodical wordnetid="106593296" confidence="0.8"><publication wordnetid="106589574" confidence="0.8"><link ns0:type="simple" ns0:href="../457/3433457.xml">archiv intern medicin</link></publication></periodical></artifact></creation></product></work>broad public support greater government regul dietari supplement current permit dshea research major american support approv fda increas oversight harm supplement greater scrutini truth supplement label claim<ref ns0:type="simple" ns0:href="#xpointer(//reflist/entry[@id=%2212%22])" /></p></ss2><ss2><st>permiss claim</st><p>claim dietari supplement essenti classif dietari supplement claim cure mitig treat diseas consid unauthor drug violat applic regul statut fda respons question<work wordnetid="104599396" confidence="0.8"><product wordnetid="104007894" confidence="0.8"><encyclopedia wordnetid="106427387" confidence="0.8"><creation wordnetid="103129123" confidence="0.8"><artifact wordnetid="100021939" confidence="0.8"><book wordnetid="106410904" confidence="0.8"><reference_book wordnetid="106417598" confidence="0.8"><publication wordnetid="106589574" confidence="0.8"><link ns0:type="simple" ns0:href="../916/10916.xml">faq</link></publication></reference_book></book></artifact></creation></encyclopedia></product></work></p><p>legal market dietari supplement product treatment cure specif diseas condit</p><p>product sold dietari supplement promot label label treatment prevent cure specif diseas condit consid maintain product statu dietari supplement label label consist provis dietari supplement health educ dshea</p><p><list><entry level="1" type="bullet">label refer label well accompani materi manufactur promot market specif product</entry></list></p><p>dietari supplement permit structurefunct claim broad claim product support structur function bodi glucosamin help support healthi joint hormon melatonin help establish normal sleep pattern fda notifi claim day requir claim substanti</p><p>claim requir approv fda includ health claim qualifi health claim health claim permit meet requir claim applic regul qualifi health claim petit process includ scientif inform fda approv prior petit</p></ss2></ss1><ss1><st>european union</st><p>food supplement direct<ref ns0:type="simple" ns0:href="#xpointer(//reflist/entry[@id=%2213%22])" />requir supplement demonstr safe quantiti qualiti vitamin essenti small quantiti danger larg quantiti<link ns0:type="simple" ns0:href="../264/2941264.xml">notabl vitamin</link>consequ supplement proven safe sold prescript practic appear risk supplement user experienc advers side effect excess intak micronutri<ref ns0:type="simple" ns0:href="#xpointer(//reflist/entry[@id=%2214%22])" /></p><p>europ establish view food supplement label drug claim bear<link ns0:type="simple" ns0:href="../229/265229.xml">health claim</link>degre differ member</p><ss2><st>legal challeng</st><p>dietari supplement industri countri<economy wordnetid="108366753" confidence="0.9508927676800064"><link ns0:type="simple" ns0:href="../317/9317.xml">european union</link></economy>oppos direct addit larg number consum europ includ doctor scientist sign petit view petition restrict consum choic<ref ns0:type="simple" ns0:href="#xpointer(//reflist/entry[@id=%2215%22])" />british trade associ<group wordnetid="100031264" confidence="0.8"><link ns0:type="simple" ns0:href="../501/11049501.xml">allianc natur health</link></group>legal challeng european union food supplement direct<ref ns0:type="simple" ns0:href="#xpointer(//reflist/entry[@id=%2216%22])" />refer<supreme_court wordnetid="108336188" confidence="0.9508927676800064"><link ns0:type="simple" ns0:href="../187/87187.xml">european court justic</link></supreme_court>high court london<ref ns0:type="simple" ns0:href="#xpointer(//reflist/entry[@id=%2217%22])" />european court justic advoc gener subsequ plan tighten rule sale<link ns0:type="simple" ns0:href="../512/32512.xml">vitamin</link><link ns0:type="simple" ns0:href="../760/1130760.xml">food supplement</link>scrap<ref ns0:type="simple" ns0:href="#xpointer(//reflist/entry[@id=%2218%22])" />eventu overrul european court decid measur question appropri purpos protect<link ns0:type="simple" ns0:href="../734/463734.xml">public health</link>interpret ban appli synthet produc supplement vitamin miner consum diet<ref ns0:type="simple" ns0:href="#xpointer(//reflist/entry[@id=%2219%22])" />european judg acknowledg advoc gener concern state clear procedur allow substanc permit list base scientif evid refus add product list open challeng court<ref ns0:type="simple" ns0:href="#xpointer(//reflist/entry[@id=%2220%22])" /></p></ss2></ss1><ss1><st>russia</st><p>russian legisl ministri health order number date<link ns0:type="simple" ns0:href="../010/1010.xml">april</link><link ns0:type="simple" ns0:href="../601/34601.xml" />titl concern procedur examin health certif biolog activ dietari supplement usag terminolog</p><p><indent level="1">rule foodstuff clinic proven effect recommend prophylact includ complex therapi prevent pharmaceut therapi side effect achiev complet remiss</indent>develop applic fast move origin consid dietari supplement peopl heighten requir normal dietari compon exampl sportsmen employ prevent medicin chronic diseas</p></ss1></sec><sec><st /><p><list><entry level="1" type="bullet"><link ns0:type="simple" ns0:href="../480/1757480.xml" /></entry><entry level="1" type="bullet"><link ns0:type="simple" ns0:href="../854/529854.xml">essenti nutrient</link></entry><entry level="1" type="bullet"><group wordnetid="100031264" confidence="0.8"><link ns0:type="simple" ns0:href="../724/6386724.xml">health freedom movement</link></group></entry><entry level="1" type="bullet"><work wordnetid="100575741" confidence="0.8"><treatment wordnetid="100658082" confidence="0.8"><event wordnetid="100029378" confidence="0.8"><care wordnetid="100654885" confidence="0.8"><medical_care wordnetid="100657604" confidence="0.8"><act wordnetid="100030358" confidence="0.8"><therapy wordnetid="100661091" confidence="0.8"><psychological_feature wordnetid="100023100" confidence="0.8"><activity wordnetid="100407535" confidence="0.8"><link ns0:type="simple" ns0:href="../973/439973.xml">herbal</link></activity></psychological_feature></therapy></act></medical_care></care></event></treatment></work></entry><entry level="1" type="bullet"><link ns0:type="simple" ns0:href="../719/3261719.xml">therapi</link></entry><entry level="1" type="bullet"><link ns0:type="simple" ns0:href="../759/622759.xml">multivitamin</link></entry><entry level="1" type="bullet"><link ns0:type="simple" ns0:href="../821/19273821.xml">nutrit label educ</link></entry><entry level="1" type="bullet"><link ns0:type="simple" ns0:href="../196/1843196.xml">nutrit genom</link></entry><entry level="1" type="bullet"><pseudoscience wordnetid="105778954" confidence="0.9508927676800064"><link ns0:type="simple" ns0:href="../995/327995.xml">orthomolecular medicin</link></pseudoscience></entry><entry level="1" type="bullet"><system wordnetid="104377057" confidence="0.8"><artifact wordnetid="100021939" confidence="0.8"><instrumentality wordnetid="103575240" confidence="0.8"><link ns0:type="simple" ns0:href="../819/68819.xml">naturopath medicin</link></instrumentality></artifact></system></entry><entry level="1" type="bullet"><link ns0:type="simple" ns0:href="../760/1130760.xml">food supplement</link></entry><entry level="1" type="bullet"><link ns0:type="simple" ns0:href="../815/11815.xml">food addit</link></entry><entry level="1" type="bullet"><link ns0:type="simple" ns0:href="../367/4597367.xml">food fortif</link></entry><entry level="1" type="bullet"><link ns0:type="simple" ns0:href="../960/602960.xml">food process</link></entry><entry level="1" type="bullet"><link ns0:type="simple" ns0:href="../381/1221381.xml">nutraceut</link></entry><entry level="1" type="bullet"><link ns0:type="simple" ns0:href="../665/13386665.xml" />aka food enrich fortif</entry></list></p></sec><sec><st>note</st><p><reflist><entry id="1"><weblink ns0:type="simple" ns0:href="http://www.codexalimentarius.net/download/standards/10206/cxg_055e.pdf">codex guidelin vitamin miner food supplement</weblink>access decemb</entry><entry id="2"><weblink ns0:type="simple" ns0:href="http://www.fda.gov/opacom/laws/dshea.html">dietari supplement health educ</weblink></entry><entry id="3"><weblink ns0:type="simple" ns0:href="http://www.news-medical.net/?id=7657">overthecount dhea hormon therapi effect treatment depress</weblink>februari retriev<link />dhea dehydroepiandrosteron adren androgen supplement</entry><entry id="4"><weblink ns0:type="simple" ns0:href="http://www.medicinenet.com/sleep_aids_and_stimulants/page3.htm">sleep aid stimul</weblink>retriev<link />melatonin hormon otc insomnia melatonin sold dietari supplement regul fda</entry><entry id="5"><cite style="font-style:normal">goldman herbal medicin today root modern pharmacolog ann intern med pmid</cite></entry><entry id="6">food drug administr<weblink ns0:type="simple" ns0:href="http://www.fda.gov/bbs/topics/NEWS/2007/NEW01657.html">fda issu dietari supplement final rule</weblink><link ns0:type="simple" ns0:href="../097/304097.xml">press releas</link>retriev<link /></entry><entry id="7"><weblink ns0:type="simple" ns0:href="http://www.consumerreports.org/mg/free-highlights/manage-your-health/supplements_questions.htm?AFFID=HNARSIC5">nutrit supplement question answer</weblink><magazine wordnetid="106595351" confidence="0.9508927676800064"><link ns0:type="simple" ns0:href="../317/286317.xml">consum report</link></magazine>magazin publish june access februari</entry><entry id="8"><weblink ns0:type="simple" ns0:href="http://www.time.com/time/printout/0,8816,589533,00.html">ephedra leon</weblink>publish<magazine wordnetid="106595351" confidence="0.9508927676800064"><link ns0:type="simple" ns0:href="../600/31600.xml">time</link></magazine>magazin februari access februari</entry><entry id="9"><weblink ns0:type="simple" ns0:href="http://www.presidency.ucsb.edu/ws/index.php?pid=49370">american presid project univers california santa barbara william clinton statement sign dietari supplement health educ octob</weblink>websit american presid project univers california santa barbara access februari</entry><entry id="10"><weblink ns0:type="simple" ns0:href="http://assets.aarp.org/rgcenter/consume/dd66_diet.pdf">dietari supplement older consum</weblink>aarp websit publish decemb access februari</entry><entry id="11"><weblink ns0:type="simple" ns0:href="http://www.consumerreports.org/cro/health-fitness/drugs-supplements/dangerous-supplements-504/overview/index.htm">danger supplement larg</weblink><magazine wordnetid="106595351" confidence="0.9508927676800064"><link ns0:type="simple" ns0:href="../317/286317.xml">consum report</link></magazine>magazin publish access februari</entry><entry id="12"><cite style="font-style:normal">benson brodi altman american view regul dietari supplement arch intern med<document wordnetid="106470073" confidence="0.8"><written_communication wordnetid="106349220" confidence="0.8"><writing wordnetid="106362953" confidence="0.8"><link ns0:type="simple" ns0:href="../994/422994.xml">doi</link></writing></written_communication></document><weblink ns0:type="simple" ns0:href="http://dx.doi.org/10.1001%2Farchinte.161.6.805">archint</weblink>pmid</cite></entry><entry id="13"><weblink ns0:type="simple" ns0:href="http://eur-lex.europa.eu/LexUriServ/LexUriServ.do?uri=CELEX:32002L0046:EN:HTML">direct european parliament council june approxim law member relat food supplement</weblink></entry><entry id="14"><weblink ns0:type="simple" ns0:href="http://www.ingentaconnect.com/content/cabi/phn/2001/00000004/I05A0s5a/art00010;jsessionid=38fr07phpkgjq.alice?">efficaci safeti nutrit supplement repres sampl adult northsouth ireland food consumpt survey</weblink>public health nutrit volum special issu octob publish octob access decemb</entry><entry id="15"><weblink ns0:type="simple" ns0:href="http://www.timesonline.co.uk/article/0,,13509-1690686,00.html">controversi vitamin ban ahead time juli</weblink></entry><entry id="17"><weblink ns0:type="simple" ns0:href="http://news.bbc.co.uk/1/hi/health/3445503.stm">court victori vitamin firm bbc news</weblink>publish januari access april</entry><entry id="16"><weblink ns0:type="simple" ns0:href="http://europa.eu.int/eur-lex/pri/en/oj/dat/2002/l_183/l_18320020712en00510057.pdf">food supplement direct</weblink></entry><entry id="19"><weblink ns0:type="simple" ns0:href="http://news.bbc.co.uk/1/hi/health/4670971.stm">vitamin control back europ bbc news</weblink>publish juli access april</entry><entry id="18"><weblink ns0:type="simple" ns0:href="http://news.bbc.co.uk/1/hi/health/4411929.stm">health food crackdown wrong bbc news</weblink>publish april access april</entry><entry id="20"><weblink ns0:type="simple" ns0:href="http://www.guardian.co.uk/uk_news/story/0,,1526892,00.html">court back health supplement ban guardian</weblink>publish juli access octob</entry></reflist></p></sec><sec><st>extern link</st><p><list><entry level="1" type="bullet"><weblink ns0:type="simple" ns0:href="http://ods.od.nih.gov/Health_Information/IBIDS.aspx">intern bibliograph inform dietari supplement databas</weblink><institute wordnetid="108407330" confidence="0.8"><association wordnetid="108049401" confidence="0.8"><link ns0:type="simple" ns0:href="../174/46174.xml">nation institut health</link></association></institute>offic dietari supplement<link ns0:type="simple" ns0:href="../896/70896.xml">usda</link><link ns0:type="simple" ns0:href="../741/1263741.xml">nation agricultur librari</link></entry><entry level="1" type="bullet"><weblink ns0:type="simple" ns0:href="http://www.cfsan.fda.gov/~dms/supplmnt.html">dietari supplement inform</weblink>food drug administr</entry><entry level="1" type="bullet"><weblink ns0:type="simple" ns0:href="http://nccam.nih.gov/health/bottle/">bottl introduct dietari supplement</weblink><link ns0:type="simple" ns0:href="../043/391043.xml">nation center complementari altern medicin</link></entry><entry level="1" type="bullet"><weblink ns0:type="simple" ns0:href="http://nccam.nih.gov/health/supplement-safety/">safeti inform herbal supplement</weblink><institute wordnetid="108407330" confidence="0.8"><association wordnetid="108049401" confidence="0.8"><link ns0:type="simple" ns0:href="../174/46174.xml">nation institut health</link></association></institute></entry><entry level="1" type="bullet"><weblink ns0:type="simple" ns0:href="http://www.iom.edu/?id=4829 redirect=0">complementari altern medicin cam american public</weblink>report<institution wordnetid="108053576" confidence="0.8"><academy wordnetid="108279298" confidence="0.8"><link ns0:type="simple" ns0:href="../259/431259.xml">institut medicin</link></academy></institution></entry><entry level="1" type="bullet"><weblink ns0:type="simple" ns0:href="http://content.nejm.org/cgi/content/full/347/25/2073">botan medicin regul</weblink><periodical wordnetid="106593296" confidence="0.9508927676800064"><link ns0:type="simple" ns0:href="../492/486492.xml">england journal medicin</link></periodical></entry></list></p><p><table style=";" class="navbox" cellspacing="0"><row><col style="padding:2px;"><table style="width:100%;background:transparent;color:inherit;;" class="nowraplinks collapsible autocollapse " cellspacing="0"><row><header colspan="2" style=";" class="navbox-title"><link ns0:type="simple" ns0:href="../444/104444.xml">dietari supplement</link></header></row><row style="height:2px;" /><row><col style=";;" class="navbox-group">type</col><col style="text-align:left;border-left:2px solid #fdfdfd;width:100%;padding:0px;;;" class="navbox-list navbox-odd"><link ns0:type="simple" ns0:href="../213/102213.xml">amino acid</link>bull<link ns0:type="simple" ns0:href="../985/2383985.xml">bodybuild supplement</link>bull<link ns0:type="simple" ns0:href="../453/367453.xml">energi drink</link>bull<link ns0:type="simple" ns0:href="../955/491955.xml">energi bar</link>bull<link ns0:type="simple" ns0:href="../948/105948.xml">fatti acid</link>bull<work wordnetid="100575741" confidence="0.8"><treatment wordnetid="100658082" confidence="0.8"><event wordnetid="100029378" confidence="0.8"><care wordnetid="100654885" confidence="0.8"><medical_care wordnetid="100657604" confidence="0.8"><act wordnetid="100030358" confidence="0.8"><therapy wordnetid="100661091" confidence="0.8"><psychological_feature wordnetid="100023100" confidence="0.8"><activity wordnetid="100407535" confidence="0.8"><link ns0:type="simple" ns0:href="../973/439973.xml">herbal supplement</link></activity></psychological_feature></therapy></act></medical_care></care></event></treatment></work>bull<link ns0:type="simple" ns0:href="../195/235195.xml">miner</link>bull<link ns0:type="simple" ns0:href="../531/1365531.xml">prebiot</link>bull<link ns0:type="simple" ns0:href="../740/731740.xml">probiot</link><link ns0:type="simple" ns0:href="../371/189371.xml">lactobacillu</link><link ns0:type="simple" ns0:href="../330/3170330.xml">bifidobacterium</link>bull<link ns0:type="simple" ns0:href="../512/32512.xml">vitamin</link>bull<link ns0:type="simple" ns0:href="../444/104444.xml">food supplement</link><link ns0:type="simple" ns0:href="../397/253397.xml">effervesc</link></col></row><row style="height:2px" /><row><col style=";;" class="navbox-group"><link ns0:type="simple" ns0:href="../512/32512.xml">vitamin</link><link ns0:type="simple" ns0:href="../195/235195.xml">miner</link></col><col style="text-align:left;border-left:2px solid #fdfdfd;width:100%;padding:0px;;;" class="navbox-list navbox-even"><link ns0:type="simple" ns0:href="../114/54114.xml">retinol vitamin</link>bull<link ns0:type="simple" ns0:href="../926/457926.xml">vitamin</link><link ns0:type="simple" ns0:href="../500/30500.xml">thiamin</link>bull<link ns0:type="simple" ns0:href="../229/26229.xml">riboflavin</link>bull<link ns0:type="simple" ns0:href="../996/37996.xml">niacin</link>bull<link ns0:type="simple" ns0:href="../099/54099.xml">pantothen acid</link>bull<link ns0:type="simple" ns0:href="../110/54110.xml">pyridoxin</link>bull<link ns0:type="simple" ns0:href="../118/54118.xml">biotin</link>bull<link ns0:type="simple" ns0:href="../117/54117.xml">folic acid</link>bull<link ns0:type="simple" ns0:href="../634/14538634.xml">cyanocobalamin</link>bull<link ns0:type="simple" ns0:href="../509/32509.xml">ascorb acid vitamin</link>bull<link ns0:type="simple" ns0:href="../106/54106.xml">ergocalciferol cholecalciferol vitamin</link>bull<link ns0:type="simple" ns0:href="../104/54104.xml">tocopherol vitamin</link>bull<link ns0:type="simple" ns0:href="../541/32541.xml">naphthoquinon vitamin</link>bull<link ns0:type="simple" ns0:href="../668/5668.xml">calcium</link>bull<link ns0:type="simple" ns0:href="../799/158799.xml">cholin</link>bull<link ns0:type="simple" ns0:href="../667/5667.xml">chlorin</link>bull<link ns0:type="simple" ns0:href="../669/5669.xml">chromium</link>bull<link ns0:type="simple" ns0:href="../ium/6th_millennium.xml">cobalt</link>bull<link ns0:type="simple" ns0:href="../293/125293.xml">copper</link>bull<link ns0:type="simple" ns0:href="../271/17481271.xml">fluorin</link>bull<link ns0:type="simple" ns0:href="../750/14750.xml">iodin</link>bull<link ns0:type="simple" ns0:href="../734/14734.xml">iron</link>bull<link ns0:type="simple" ns0:href="../909/18909.xml">magnesium</link>bull<link ns0:type="simple" ns0:href="../051/19051.xml">manganes</link>bull<link ns0:type="simple" ns0:href="../052/19052.xml">molybdenum</link>bull<link ns0:type="simple" ns0:href="../318/23318.xml">phosphoru</link>bull<link ns0:type="simple" ns0:href="../055/23055.xml">potassium</link>bull<link ns0:type="simple" ns0:href="../117/27117.xml">selenium</link>bull<link ns0:type="simple" ns0:href="../826/26826.xml">sodium</link>bull<link ns0:type="simple" ns0:href="../127/27127.xml">sulfur</link>bull<link ns0:type="simple" ns0:href="../420/34420.xml">zinc</link></col></row><row style="height:2px" /><row><col style=";;" class="navbox-group">common ingredi</col><col style="text-align:left;border-left:2px solid #fdfdfd;width:100%;padding:0px;;;" class="navbox-list navbox-odd"><link ns0:type="simple" ns0:href="../056/271056.xml">carnitin</link>bull<link ns0:type="simple" ns0:href="../825/504825.xml">chondroitin sulfat</link>bull<link ns0:type="simple" ns0:href="../514/212514.xml">cod liver oil</link>bull<link ns0:type="simple" ns0:href="../697/3115697.xml">copper glucon</link>bull<link ns0:type="simple" ns0:href="../221/331221.xml">creatin</link><link ns0:type="simple" ns0:href="../511/9430511.xml">creatin supplement</link>bull<link ns0:type="simple" ns0:href="../554/66554.xml">dietari fiber</link>bull<link ns0:type="simple" ns0:href="../264/5119264.xml">element calcium</link>bull<link ns0:type="simple" ns0:href="../878/245878.xml">ephedra</link>bull<link ns0:type="simple" ns0:href="../306/999306.xml">fish oil</link>bull<link ns0:type="simple" ns0:href="../117/54117.xml">folic acid</link>bull<link ns0:type="simple" ns0:href="../023/450023.xml">ginseng</link>bull<link ns0:type="simple" ns0:href="../915/792915.xml">glucosamin</link>bull<link ns0:type="simple" ns0:href="../549/63549.xml">glutamin</link>bull<link ns0:type="simple" ns0:href="../621/4840621.xml">iron supplement</link>bull<plant wordnetid="103956922" confidence="0.8"><structure wordnetid="104341686" confidence="0.8"><artifact wordnetid="100021939" confidence="0.8"><building_complex wordnetid="102914991" confidence="0.8"><link ns0:type="simple" ns0:href="../430/488430.xml">japanes honeysuckl</link></building_complex></artifact></structure></plant>bull<link ns0:type="simple" ns0:href="../265/866265.xml">krill oil</link>bull<link ns0:type="simple" ns0:href="../628/625628.xml">lingzhi</link>bull<link ns0:type="simple" ns0:href="../711/295711.xml">linse oil</link>bull<link ns0:type="simple" ns0:href="../157/285157.xml">melatonin</link>bull<message wordnetid="106598915" confidence="0.8"><information wordnetid="106634376" confidence="0.8"><electronic_database wordnetid="106588511" confidence="0.8"><lexical_database wordnetid="106638868" confidence="0.8"><wordnet wordnetid="106639428" confidence="0.8"><database wordnetid="106637824" confidence="0.8"><link ns0:type="simple" ns0:href="../188/4050188.xml">red yeast rice</link></database></wordnet></lexical_database></electronic_database></information></message>bull<link ns0:type="simple" ns0:href="../151/418151.xml">royal jelli</link>bull<plant wordnetid="103956922" confidence="0.8"><structure wordnetid="104341686" confidence="0.8"><artifact wordnetid="100021939" confidence="0.8"><building_complex wordnetid="102914991" confidence="0.8"><link ns0:type="simple" ns0:href="../069/10896069.xml">palmetto</link></building_complex></artifact></structure></plant>bull<link ns0:type="simple" ns0:href="../626/460626.xml">spirulina</link>bull<link ns0:type="simple" ns0:href="../162/61162.xml">taurin</link>bull<link ns0:type="simple" ns0:href="../531/1639531.xml">wheatgrass</link>bull<link ns0:type="simple" ns0:href="../329/1147329.xml">wolfberri</link>bull<plant wordnetid="103956922" confidence="0.8"><structure wordnetid="104341686" confidence="0.8"><artifact wordnetid="100021939" confidence="0.8"><building_complex wordnetid="102914991" confidence="0.8"><link ns0:type="simple" ns0:href="../845/780845.xml">yohimbin</link></building_complex></artifact></structure></plant>bull<link ns0:type="simple" ns0:href="../878/3263878.xml">zinc glucon</link></col></row><row style="height:2px" /><row><col style=";;" class="navbox-group">articl</col><col style="text-align:left;border-left:2px solid #fdfdfd;width:100%;padding:0px;;;" class="navbox-list navbox-even"><link ns0:type="simple" ns0:href="../939/1151939.xml">codex alimentariu</link>bull<link ns0:type="simple" ns0:href="../032/784032.xml">enzyt</link>bull<gossip wordnetid="107223170" confidence="0.8"><scandal wordnetid="107223811" confidence="0.8"><event wordnetid="100029378" confidence="0.8"><informing wordnetid="107212190" confidence="0.8"><company wordnetid="108058098" confidence="0.8"><report wordnetid="107217924" confidence="0.8"><act wordnetid="100030358" confidence="0.8"><psychological_feature wordnetid="100023100" confidence="0.8"><speech_act wordnetid="107160883" confidence="0.8"><institution wordnetid="108053576" confidence="0.8"><link ns0:type="simple" ns0:href="../320/10601320.xml">metabolif</link></institution></speech_act></psychological_feature></act></report></company></informing></event></scandal></gossip>bull<link ns0:type="simple" ns0:href="../671/3079671.xml">hadacol</link>bull<link ns0:type="simple" ns0:href="../381/1221381.xml">nutraceut</link>bull<link ns0:type="simple" ns0:href="../759/622759.xml">multivitamin</link>bull<link ns0:type="simple" ns0:href="../525/21525.xml">nutrit</link></col></row></table></col></row></table></p></sec></bdy></article>