<article xmlns:ns0="http://www.w3.org/1999/xlink"><header><title>nonlinear regress</title><id /><revision><id /><timestamp /><contributor><username /><id /></contributor></revision><categories><category>regress analysi</category><category>statist articl link portal</category><category>statist articl navig templat</category></categories></header><bdy><image width="300 px" src="Michaelis-Menten_saturation_curve_of_an_enzyme_reaction.svg" type="thumb"><caption><statement wordnetid="106722453" confidence="0.8"><message wordnetid="106598915" confidence="0.8"><equation wordnetid="106669864" confidence="0.8"><mathematical_statement wordnetid="106732169" confidence="0.8"><link ns0:type="simple" ns0:href="../272/253272.xml">kinet</link></mathematical_statement></equation></message></statement>detail</caption></image>statist nonlinear regress form<link ns0:type="simple" ns0:href="../997/826997.xml">regress analysi</link>observ data model function nonlinear combin model paramet depend independ variabl data fit method success approxim<sec><st>gener</st><p>data consist valu observ depend<link ns0:type="simple" ns0:href="../701/437701.xml">respons variabl</link>depend variabl subject error error assum<link ns0:type="simple" ns0:href="../685/25685.xml">random variabl</link><link ns0:type="simple" ns0:href="../192/19192.xml" /><link ns0:type="simple" ns0:href="../769/1385769.xml">systemat error</link>treatment scope regress analysi independ variabl<link ns0:type="simple" ns0:href="../701/437701.xml">explanatori variabl</link>errorfre model<link ns0:type="simple" ns0:href="../117/15874117.xml">model</link>techniqu independ variabl call exogen variabl input variabl predictor variabl nonlinear model calcul<math /><link ns0:type="simple" ns0:href="../103/146103.xml">nonlinear</link>function paramet<math>boldsymbolbeta</math>exampl<link ns0:type="simple" ns0:href="../272/253272.xml" />model enzym kinet</p><p><indent level="1"><math>mbox</math></indent>written</p><p><indent level="1"><math /></indent><math />paramet<math /><math />paramet<math />independ variabl function nonlinear paramet occur<link ns0:type="simple" ns0:href="../632/55632.xml">linear combin</link>exampl nonlinear function includ<link ns0:type="simple" ns0:href="../678/9678.xml">exponenti function</link><link ns0:type="simple" ns0:href="../300/4001300.xml">logarithm function</link><link ns0:type="simple" ns0:href="../367/30367.xml">trigonometr function</link><link ns0:type="simple" ns0:href="../491/99491.xml">power function</link><link ns0:type="simple" ns0:href="../552/245552.xml">gaussian function</link><link ns0:type="simple" ns0:href="../003/7003.xml" />curv larg class function exponenti logarithm function transform domain linear shift respect domain standard linear regress perform appli caution<link ns0:type="simple" ns0:href="#xpointer(//*[./st=%22Linearization%22])">linear</link>detail</p><p>gener closedform express bestfit paramet<link ns0:type="simple" ns0:href="../903/17903.xml">linear regress</link>numer<link ns0:type="simple" ns0:href="../033/52033.xml">optim</link>algorithm appli determin bestfit paramet contrast linear regress<link ns0:type="simple" ns0:href="../420/298420.xml">local minima</link>function optim practic<link ns0:type="simple" ns0:href="../653/2712653.xml">estim valu</link>paramet conjunct optim algorithm attempt find global minimum sum squar</p><p>detail concern nonlinear data model<link ns0:type="simple" ns0:href="../359/82359.xml">squar</link><link ns0:type="simple" ns0:href="../764/15652764.xml">nonlinear squar</link></p></sec><sec><st>regress statist</st><p>assumpt underli procedur model approxim linear function<indent level="1"><math /></indent><math />squar estim<indent level="1"><math>approx mathbf</math></indent>nonlinear regress statist comput<link ns0:type="simple" ns0:href="../903/17903.xml#xpointer(//*[./st=%22regression+statistics%22])">linear regress</link>statist place formula linear approxim introduc<link ns0:type="simple" ns0:href="../786/40786.xml">bia</link>statist caution usual requir interpret statist deriv nonlinear model</p></sec><sec><st>ordinari weight squar</st><p>bestfit curv assum minim sum squar<link ns0:type="simple" ns0:href="../509/461509.xml">residu</link>ordinari<link ns0:type="simple" ns0:href="../359/82359.xml">squar</link>approach case depend variabl constant varianc sum weight squar residu minim<link>weight squar</link>weight ideal equal reciproc varianc observ weight recomput iter iter weight squar algorithm</p></sec><sec><st>linear</st><p>nonlinear regress problem move linear domain suitabl transform model formul</p><p>exampl consid nonlinear regress problem ignor error</p><p><indent level="1"><math /></indent>logarithm side</p><p><indent level="1"><math>lni</math></indent>suggest estim unknown paramet linear regress lni comput requir iter optim<link ns0:type="simple" ns0:href="../102/18102.xml">linear transform</link>requir caution influenc data valu will chang will error structur model interpret inferenti desir effect hand depend largest sourc error<link ns0:type="simple" ns0:href="../102/18102.xml">linear transform</link>distribut error normal fashion choic perform<link ns0:type="simple" ns0:href="../102/18102.xml">linear transform</link>inform model consider</p><p>kinet linear<link>plot</link></p><p><indent level="1"><math /></indent>sensit data error bias fit data rang independ variabl deprec</p></sec><sec><st /><p><table style="background:#f9f9f9; font-size:85%; line-height:110%; "><row><col><image width="75x28px" src="Fisher_iris_versicolor_sepalwidth.svg" /></col><col style="padding:0 0.2em;">statist portal</col></row></table></p><p><list><entry level="1" type="bullet"><link ns0:type="simple" ns0:href="../764/15652764.xml">nonlinear squar</link></entry></list></p></sec><sec><st>refer</st><p><list><entry level="1" type="bullet">wild nonlinear regress york john wiley son</entry><entry level="1" type="bullet">duran statist method engin scientist york marcel dekker isbn</entry></list></p></sec><sec><st>extern link</st><p><list><entry level="1" type="bullet"><weblink ns0:type="simple" ns0:href="http://www1.webng.com/economics" />nonlinear squar differenti evolut method global optim fortran program</entry><entry level="1" type="bullet"><weblink ns0:type="simple" ns0:href="http://www.hedengren.net/research/isat.htm" />nonlinear regress explicit error control</entry><entry level="1" type="bullet"><weblink ns0:type="simple" ns0:href="http://zunzun.com" />onlin curv surfac fit applic</entry><entry level="1" type="bullet"><weblink ns0:type="simple" ns0:href="http://www.nlreg.com" />proprietari program</entry><entry level="1" type="bullet"><weblink ns0:type="simple" ns0:href="http://www.mathtools.net/MATLAB/Statistics/">matlab statist</weblink></entry><entry level="1" type="bullet"><weblink ns0:type="simple" ns0:href="http://www.gepsoft.com/">softwar nonlinear regress</weblink></entry><entry level="1" type="bullet"><weblink ns0:type="simple" ns0:href="http://simplemax.net" />onlin optim servic</entry><entry level="1" type="bullet"><weblink ns0:type="simple" ns0:href="http://sumo.intec.ugent.be/?q=SUMO_toolbox">matlab surrog model toolbox sumo toolbox</weblink>matlab code activ learn model select surrog model regress</entry><entry level="1" type="bullet"><weblink ns0:type="simple" ns0:href="http://octave.sourceforge.net/doc/f/leasqr.html">octav forg</weblink>open sourc implement<software wordnetid="106566077" confidence="0.9508927676800064"><link ns0:type="simple" ns0:href="../707/48707.xml">gnu octav</link></software></entry></list></p><p><table style=";" class="navbox" cellspacing="0"><row><col style="padding:2px;"><table style="width:100%;background:transparent;color:inherit;;" class="nowraplinks collapsible autocollapse " cellspacing="0"><row><header colspan="2" style=";" class="navbox-title"><link ns0:type="simple" ns0:href="../685/26685.xml">statist</link></header></row><row style="height:2px;" /><row><col style=";;" class="navbox-group"><link ns0:type="simple" ns0:href="../541/9541.xml">design experi</link></col><col style="text-align:left;border-left:2px solid #fdfdfd;width:100%;padding:0px;;;" class="navbox-list navbox-odd"><link ns0:type="simple" ns0:href="../585/27585.xml">popul</link>bull<link ns0:type="simple" ns0:href="../361/160361.xml">sampl</link>bull<link ns0:type="simple" ns0:href="../596/27596.xml">stratifi sampl</link>bull<link ns0:type="simple" ns0:href="../262/10306262.xml">replic</link>bull<link ns0:type="simple" ns0:href="../339/1822339.xml">block</link></col></row><row style="height:2px" /><row><col style=";;" class="navbox-group"><link ns0:type="simple" ns0:href="../839/1776839.xml">sampl size estim</link></col><col style="text-align:left;border-left:2px solid #fdfdfd;width:100%;padding:0px;;;" class="navbox-list navbox-even"><link ns0:type="simple" ns0:href="../673/226673.xml">null hypothesi</link>bull<link ns0:type="simple" ns0:href="../892/645892.xml">altern hypothesi</link>bull<link ns0:type="simple" ns0:href="../877/5657877.xml">type type error</link>bull<link ns0:type="simple" ns0:href="../695/238695.xml">statist power</link>bull<know-how wordnetid="105616786" confidence="0.8"><method wordnetid="105660268" confidence="0.8"><link ns0:type="simple" ns0:href="../276/437276.xml">size</link></method></know-how></col></row><row style="height:2px" /><row><col style=";;" class="navbox-group"><link ns0:type="simple" ns0:href="../187/8187.xml">descript statist</link></col><col style="text-align:left;border-left:2px solid #fdfdfd;width:100%;padding:0px;;;" class="navbox-list navbox-odd"><table style="width:100%;;;;" class="nowraplinks  navbox-subgroup" cellspacing="0"><row><col style=";padding-left:0em;padding-right:0em;;" class="navbox-group"><structure wordnetid="105726345" confidence="0.8"><idea wordnetid="105833840" confidence="0.8"><concept wordnetid="105835747" confidence="0.8"><category wordnetid="105838765" confidence="0.8"><arrangement wordnetid="105726596" confidence="0.8"><type wordnetid="105840188" confidence="0.8"><distribution wordnetid="105729036" confidence="0.8"><kind wordnetid="105839024" confidence="0.8"><link ns0:type="simple" ns0:href="../792/5792.xml">continu data</link></kind></distribution></type></arrangement></category></concept></idea></structure></col><col style="text-align:left;border-left:2px solid #fdfdfd;width:100%;padding:0px;;;" class="navbox-list navbox-odd"><table style="width:100%;;;;" class="nowraplinks  navbox-subgroup" cellspacing="0"><row><col style=";padding-left:0em;padding-right:0em;;" class="navbox-group"><link ns0:type="simple" ns0:href="../516/17516.xml">locat</link></col><col style="text-align:left;border-left:2px solid #fdfdfd;width:100%;padding:0px;;;" class="navbox-list navbox-odd"><link ns0:type="simple" ns0:href="../192/19192.xml" /><link ns0:type="simple" ns0:href="../612/612.xml">arithmet</link><link ns0:type="simple" ns0:href="../046/13046.xml">geometr</link><link ns0:type="simple" ns0:href="../463/14463.xml">harmon</link>bull<link ns0:type="simple" ns0:href="../837/18837.xml">median</link>bull<link ns0:type="simple" ns0:href="../127/1432127.xml">mode</link></col></row><row style="height:2px" /><row><col style=";padding-left:0em;padding-right:0em;;" class="navbox-group"><link ns0:type="simple" ns0:href="../589/27589.xml">dispers</link></col><col style="text-align:left;border-left:2px solid #fdfdfd;width:100%;padding:0px;;;" class="navbox-list navbox-even"><link ns0:type="simple" ns0:href="../588/27588.xml">rang</link>bull<link ns0:type="simple" ns0:href="../590/27590.xml">standard deviat</link>bull<link ns0:type="simple" ns0:href="../687/1012687.xml">coeffici variat</link>bull<link ns0:type="simple" ns0:href="../907/354907.xml">percentil</link></col></row><row style="height:2px" /><row><col style=";padding-left:0em;padding-right:0em;;" class="navbox-group"><link ns0:type="simple" ns0:href="../684/368684.xml">moment</link></col><col style="text-align:left;border-left:2px solid #fdfdfd;width:100%;padding:0px;;;" class="navbox-list navbox-odd"><link ns0:type="simple" ns0:href="../344/32344.xml">varianc</link>bull<link ns0:type="simple" ns0:href="../212/28212.xml">skew</link>bull<link ns0:type="simple" ns0:href="../848/16848.xml">kurtosi</link></col></row></table></col></row><row style="height:2px" /><row><col style=";padding-left:0em;padding-right:0em;;" class="navbox-group"><idea wordnetid="105833840" confidence="0.8"><concept wordnetid="105835747" confidence="0.8"><category wordnetid="105838765" confidence="0.8"><type wordnetid="105840188" confidence="0.8"><kind wordnetid="105839024" confidence="0.8"><link ns0:type="simple" ns0:href="../188/8188.xml">categor data</link></kind></type></category></concept></idea></col><col style="text-align:left;border-left:2px solid #fdfdfd;width:100%;padding:0px;;;" class="navbox-list navbox-even"><link ns0:type="simple" ns0:href="../019/4839019.xml">frequenc</link>bull<information wordnetid="105816287" confidence="0.8"><datum wordnetid="105816622" confidence="0.8"><link ns0:type="simple" ns0:href="../515/935515.xml">conting tabl</link></datum></information></col></row></table></col></row><row style="height:2px" /><row><col style=";;" class="navbox-group"><link ns0:type="simple" ns0:href="../577/27577.xml">inferenti statist</link></col><col style="text-align:left;border-left:2px solid #fdfdfd;width:100%;padding:0px;;;" class="navbox-list navbox-even"><link ns0:type="simple" ns0:href="../571/49571.xml">bayesian infer</link>bull<link ns0:type="simple" ns0:href="../284/30284.xml">hypothesi test</link>bull<link ns0:type="simple" ns0:href="../995/160995.xml">signific</link>bull<process wordnetid="105701363" confidence="0.8"><inquiry wordnetid="105797597" confidence="0.8"><thinking wordnetid="105770926" confidence="0.8"><problem_solving wordnetid="105796750" confidence="0.8"><experiment wordnetid="105798043" confidence="0.8"><trial wordnetid="105799212" confidence="0.8"><higher_cognitive_process wordnetid="105770664" confidence="0.8"><link ns0:type="simple" ns0:href="../213/332213.xml">ztest</link></higher_cognitive_process></trial></experiment></problem_solving></thinking></inquiry></process>bull<process wordnetid="105701363" confidence="0.8"><inquiry wordnetid="105797597" confidence="0.8"><thinking wordnetid="105770926" confidence="0.8"><problem_solving wordnetid="105796750" confidence="0.8"><experiment wordnetid="105798043" confidence="0.8"><trial wordnetid="105799212" confidence="0.8"><higher_cognitive_process wordnetid="105770664" confidence="0.8"><link ns0:type="simple" ns0:href="../080/536080.xml">student ttest</link></higher_cognitive_process></trial></experiment></problem_solving></thinking></inquiry></process>bull<process wordnetid="105701363" confidence="0.8"><information wordnetid="105816287" confidence="0.8"><inquiry wordnetid="105797597" confidence="0.8"><thinking wordnetid="105770926" confidence="0.8"><problem_solving wordnetid="105796750" confidence="0.8"><experiment wordnetid="105798043" confidence="0.8"><datum wordnetid="105816622" confidence="0.8"><trial wordnetid="105799212" confidence="0.8"><higher_cognitive_process wordnetid="105770664" confidence="0.8"><link ns0:type="simple" ns0:href="../680/226680.xml">chisquar test</link></higher_cognitive_process></trial></datum></experiment></problem_solving></thinking></inquiry></information></process>bull<process wordnetid="105701363" confidence="0.8"><inquiry wordnetid="105797597" confidence="0.8"><thinking wordnetid="105770926" confidence="0.8"><problem_solving wordnetid="105796750" confidence="0.8"><experiment wordnetid="105798043" confidence="0.8"><trial wordnetid="105799212" confidence="0.8"><higher_cognitive_process wordnetid="105770664" confidence="0.8"><link ns0:type="simple" ns0:href="../976/318976.xml">ftest</link></higher_cognitive_process></trial></experiment></problem_solving></thinking></inquiry></process>bull<link ns0:type="simple" ns0:href="../994/554994.xml">pvalu</link>bull<link ns0:type="simple" ns0:href="../381/160381.xml">interv estim</link>bull<link ns0:type="simple" ns0:href="../806/140806.xml">maximum likelihood</link>bull<link ns0:type="simple" ns0:href="../533/19456533.xml">minimum distanc</link>bull<know-how wordnetid="105616786" confidence="0.8"><method wordnetid="105660268" confidence="0.8"><link ns0:type="simple" ns0:href="../329/62329.xml">metaanalysi</link></method></know-how>bull<link ns0:type="simple" ns0:href="../911/280911.xml">confid interv</link></col></row><row style="height:2px" /><row><col style=";;" class="navbox-group"><link ns0:type="simple" ns0:href="../259/419259.xml">surviv analysi</link></col><col style="text-align:left;border-left:2px solid #fdfdfd;width:100%;padding:0px;;;" class="navbox-list navbox-odd"><link ns0:type="simple" ns0:href="../178/4649178.xml">surviv function</link>bull<link ns0:type="simple" ns0:href="../650/3168650.xml">kaplanmei</link>bull<process wordnetid="105701363" confidence="0.8"><inquiry wordnetid="105797597" confidence="0.8"><thinking wordnetid="105770926" confidence="0.8"><problem_solving wordnetid="105796750" confidence="0.8"><experiment wordnetid="105798043" confidence="0.8"><trial wordnetid="105799212" confidence="0.8"><higher_cognitive_process wordnetid="105770664" confidence="0.8"><link ns0:type="simple" ns0:href="../026/11871026.xml">logrank test</link></higher_cognitive_process></trial></experiment></problem_solving></thinking></inquiry></process>bull<link ns0:type="simple" ns0:href="../960/1336960.xml">failur rate</link>bull<physical_entity wordnetid="100001930" confidence="0.8"><person wordnetid="100007846" confidence="0.8"><model wordnetid="110324560" confidence="0.8"><assistant wordnetid="109815790" confidence="0.8"><worker wordnetid="109632518" confidence="0.8"><causal_agent wordnetid="100007347" confidence="0.8"><link ns0:type="simple" ns0:href="../267/5352267.xml">proport hazard model</link></causal_agent></worker></assistant></model></person></physical_entity></col></row><row style="height:2px" /><row><col style=";;" class="navbox-group"><link ns0:type="simple" ns0:href="../057/157057.xml">correl</link></col><col style="text-align:left;border-left:2px solid #fdfdfd;width:100%;padding:0px;;;" class="navbox-list navbox-even"><link ns0:type="simple" ns0:href="../999/3105999.xml">confound variabl</link>bull<link ns0:type="simple" ns0:href="../708/221708.xml">pearson productmo correl coeffici</link>bull<link ns0:type="simple" ns0:href="../627/3316627.xml">rank correl</link><process wordnetid="105701363" confidence="0.8"><inquiry wordnetid="105797597" confidence="0.8"><thinking wordnetid="105770926" confidence="0.8"><problem_solving wordnetid="105796750" confidence="0.8"><experiment wordnetid="105798043" confidence="0.8"><trial wordnetid="105799212" confidence="0.8"><higher_cognitive_process wordnetid="105770664" confidence="0.8"><link ns0:type="simple" ns0:href="../623/235623.xml">spearman rank correl coeffici</link></higher_cognitive_process></trial></experiment></problem_solving></thinking></inquiry></process><process wordnetid="105701363" confidence="0.8"><inquiry wordnetid="105797597" confidence="0.8"><thinking wordnetid="105770926" confidence="0.8"><problem_solving wordnetid="105796750" confidence="0.8"><experiment wordnetid="105798043" confidence="0.8"><trial wordnetid="105799212" confidence="0.8"><higher_cognitive_process wordnetid="105770664" confidence="0.8"><link ns0:type="simple" ns0:href="../830/7287830.xml">kendal tau rank correl coeffici</link></higher_cognitive_process></trial></experiment></problem_solving></thinking></inquiry></process></col></row><row style="height:2px" /><row><col style=";;" class="navbox-group"><physical_entity wordnetid="100001930" confidence="0.8"><person wordnetid="100007846" confidence="0.8"><model wordnetid="110324560" confidence="0.8"><assistant wordnetid="109815790" confidence="0.8"><worker wordnetid="109632518" confidence="0.8"><causal_agent wordnetid="100007347" confidence="0.8"><link ns0:type="simple" ns0:href="../904/17904.xml">linear model</link></causal_agent></worker></assistant></model></person></physical_entity></col><col style="text-align:left;border-left:2px solid #fdfdfd;width:100%;padding:0px;;;" class="navbox-list navbox-odd"><link ns0:type="simple" ns0:href="../698/877698.xml">gener linear model</link>bull<link ns0:type="simple" ns0:href="../122/747122.xml">gener linear model</link>bull<process wordnetid="105701363" confidence="0.8"><inquiry wordnetid="105797597" confidence="0.8"><thinking wordnetid="105770926" confidence="0.8"><problem_solving wordnetid="105796750" confidence="0.8"><experiment wordnetid="105798043" confidence="0.8"><trial wordnetid="105799212" confidence="0.8"><higher_cognitive_process wordnetid="105770664" confidence="0.8"><link ns0:type="simple" ns0:href="../634/634.xml">analysi varianc</link></higher_cognitive_process></trial></experiment></problem_solving></thinking></inquiry></process>bull<link ns0:type="simple" ns0:href="../926/404926.xml">analysi covari</link></col></row><row style="height:2px" /><row><col style=";;" class="navbox-group"><link ns0:type="simple" ns0:href="../997/826997.xml">regress analysi</link></col><col style="text-align:left;border-left:2px solid #fdfdfd;width:100%;padding:0px;;;" class="navbox-list navbox-even"><link ns0:type="simple" ns0:href="../903/17903.xml">linear regress</link>bull<link ns0:type="simple" ns0:href="../012/1045012.xml">nonlinear regress</link>bull<information wordnetid="105816287" confidence="0.8"><datum wordnetid="105816622" confidence="0.8"><link ns0:type="simple" ns0:href="../631/226631.xml">logist regress</link></datum></information></col></row><row style="height:2px" /><row><col style=";;" class="navbox-group"><chart wordnetid="106999802" confidence="0.8"><visual_communication wordnetid="106873252" confidence="0.8"><link ns0:type="simple" ns0:href="../463/15934463.xml">statist graphic</link></visual_communication></chart></col><col style="text-align:left;border-left:2px solid #fdfdfd;width:100%;padding:0px;;;" class="navbox-list navbox-odd"><link ns0:type="simple" ns0:href="../311/393311.xml">bar chart</link>bull<chart wordnetid="106999802" confidence="0.8"><visual_communication wordnetid="106873252" confidence="0.8"><link ns0:type="simple" ns0:href="../166/14306166.xml">biplot</link></visual_communication></chart>bull<chart wordnetid="106999802" confidence="0.8"><visual_communication wordnetid="106873252" confidence="0.8"><link ns0:type="simple" ns0:href="../960/160960.xml">box plot</link></visual_communication></chart>bull<artifact wordnetid="100021939" confidence="0.8"><instrumentality wordnetid="103575240" confidence="0.8"><tool wordnetid="104451818" confidence="0.8"><chart wordnetid="106999802" confidence="0.8"><implement wordnetid="103563967" confidence="0.8"><visual_communication wordnetid="106873252" confidence="0.8"><link ns0:type="simple" ns0:href="../754/435754.xml">control chart</link></visual_communication></implement></chart></tool></instrumentality></artifact>bull<know-how wordnetid="105616786" confidence="0.8"><chart wordnetid="106999802" confidence="0.8"><method wordnetid="105660268" confidence="0.8"><visual_communication wordnetid="106873252" confidence="0.8"><link ns0:type="simple" ns0:href="../359/11394359.xml">forest plot</link></visual_communication></method></chart></know-how>bull<link ns0:type="simple" ns0:href="../266/13266.xml">histogram</link>bull<chart wordnetid="106999802" confidence="0.8"><visual_communication wordnetid="106873252" confidence="0.8"><link ns0:type="simple" ns0:href="../859/4031859.xml">plot</link></visual_communication></chart>bull<link ns0:type="simple" ns0:href="../749/6392749.xml">chart</link>bull<artifact wordnetid="100021939" confidence="0.8"><instrumentality wordnetid="103575240" confidence="0.8"><tool wordnetid="104451818" confidence="0.8"><chart wordnetid="106999802" confidence="0.8"><implement wordnetid="103563967" confidence="0.8"><visual_communication wordnetid="106873252" confidence="0.8"><link ns0:type="simple" ns0:href="../544/412544.xml">scatterplot</link></visual_communication></implement></chart></tool></instrumentality></artifact>bull<chart wordnetid="106999802" confidence="0.8"><visual_communication wordnetid="106873252" confidence="0.8"><link ns0:type="simple" ns0:href="../649/977649.xml">stemplot</link></visual_communication></chart></col></row><row style="height:2px" /><row><col style=";;" class="navbox-group"><link ns0:type="simple" ns0:href="../442/14986442.xml">histori</link></col><col style="text-align:left;border-left:2px solid #fdfdfd;width:100%;padding:0px;;;" class="navbox-list navbox-even"><link ns0:type="simple" ns0:href="../442/14986442.xml">histori statist</link>bull<link ns0:type="simple" ns0:href="../208/19095208.xml">founder statist</link>bull<link ns0:type="simple" ns0:href="../692/19373692.xml">timelin probabl statist</link></col></row><row style="height:2px" /><row><col style=";;" class="navbox-group">public</col><col style="text-align:left;border-left:2px solid #fdfdfd;width:100%;padding:0px;;;" class="navbox-list navbox-odd"><link ns0:type="simple" ns0:href="../827/18753827.xml">journal statist</link>bull<link ns0:type="simple" ns0:href="../879/708879.xml">public</link></col></row><row style="height:2px;" /><row><col colspan="2" style=";" class="navbox-abovebelow">statisticscategori bull portal bull<link ns0:type="simple" ns0:href="../457/191457.xml">list topic</link></col></row></table></col></row></table></p><p><table style=";" class="navbox" cellspacing="0"><row><col style="padding:2px;"><table style="width:100%;background:transparent;color:inherit;;" class="nowraplinks collapsible autocollapse " cellspacing="0"><row><header colspan="2" style=";" class="navbox-title">squar regress analysi</header></row><row style="height:2px;" /><row><col style=";;" class="navbox-group"><link ns0:type="simple" ns0:href="../359/82359.xml">squar</link></col><col style="text-align:left;border-left:2px solid #fdfdfd;width:100%;padding:0px;;;" class="navbox-list navbox-odd"><link ns0:type="simple" ns0:href="../872/484872.xml">linear squar</link><link ns0:type="simple" ns0:href="../764/15652764.xml">nonlinear squar</link><link ns0:type="simple" ns0:href="../736/1046736.xml">partial squar</link><physical_entity wordnetid="100001930" confidence="0.8"><person wordnetid="100007846" confidence="0.8"><model wordnetid="110324560" confidence="0.8"><assistant wordnetid="109815790" confidence="0.8"><worker wordnetid="109632518" confidence="0.8"><causal_agent wordnetid="100007347" confidence="0.8"><link ns0:type="simple" ns0:href="../437/971437.xml">total squar</link></causal_agent></worker></assistant></model></person></physical_entity><link>gaussnewton algorithm</link><link>levenbergmarquardt algorithm</link></col></row><row style="height:2px" /><row><col style=";;" class="navbox-group"><link ns0:type="simple" ns0:href="../997/826997.xml">regress analysi</link></col><col style="text-align:left;border-left:2px solid #fdfdfd;width:100%;padding:0px;;;" class="navbox-list navbox-even"><link ns0:type="simple" ns0:href="../903/17903.xml">linear regress</link><link ns0:type="simple" ns0:href="../012/1045012.xml">nonlinear regress</link><physical_entity wordnetid="100001930" confidence="0.8"><person wordnetid="100007846" confidence="0.8"><model wordnetid="110324560" confidence="0.8"><assistant wordnetid="109815790" confidence="0.8"><worker wordnetid="109632518" confidence="0.8"><causal_agent wordnetid="100007347" confidence="0.8"><link ns0:type="simple" ns0:href="../904/17904.xml">linear model</link></causal_agent></worker></assistant></model></person></physical_entity><link ns0:type="simple" ns0:href="../122/747122.xml">gener linear model</link><link ns0:type="simple" ns0:href="../327/2713327.xml">robust regress</link><link ns0:type="simple" ns0:href="../324/3675324.xml">leastsquar estim linear regress coeffici</link><link ns0:type="simple" ns0:href="../740/16234740.xml">predict respons</link><information wordnetid="105816287" confidence="0.8"><datum wordnetid="105816622" confidence="0.8"><link ns0:type="simple" ns0:href="../102/2708102.xml">poisson regress</link></datum></information><information wordnetid="105816287" confidence="0.8"><datum wordnetid="105816622" confidence="0.8"><link ns0:type="simple" ns0:href="../631/226631.xml">logist regress</link></datum></information><link ns0:type="simple" ns0:href="../143/2836143.xml">isoton regress</link><link ns0:type="simple" ns0:href="../328/954328.xml">ridg regress</link><physical_entity wordnetid="100001930" confidence="0.8"><person wordnetid="100007846" confidence="0.8"><model wordnetid="110324560" confidence="0.8"><assistant wordnetid="109815790" confidence="0.8"><worker wordnetid="109632518" confidence="0.8"><causal_agent wordnetid="100007347" confidence="0.8"><link ns0:type="simple" ns0:href="../021/11683021.xml">segment regress</link></causal_agent></worker></assistant></model></person></physical_entity><link ns0:type="simple" ns0:href="../068/4536068.xml">nonparametr regress</link><link ns0:type="simple" ns0:href="../187/16722187.xml">regress discontinu</link></col></row><row style="height:2px" /><row><col style=";;" class="navbox-group">statist</col><col style="text-align:left;border-left:2px solid #fdfdfd;width:100%;padding:0px;;;" class="navbox-list navbox-odd"><link>gaussmarkov theorem</link><link ns0:type="simple" ns0:href="../509/461509.xml">error residu statist</link><process wordnetid="105701363" confidence="0.8"><inquiry wordnetid="105797597" confidence="0.8"><thinking wordnetid="105770926" confidence="0.8"><problem_solving wordnetid="105796750" confidence="0.8"><experiment wordnetid="105798043" confidence="0.8"><trial wordnetid="105799212" confidence="0.8"><higher_cognitive_process wordnetid="105770664" confidence="0.8"><link ns0:type="simple" ns0:href="../821/2474821.xml">good fit</link></higher_cognitive_process></trial></experiment></problem_solving></thinking></inquiry></process><link ns0:type="simple" ns0:href="../197/609197.xml">student residu</link><link ns0:type="simple" ns0:href="../816/201816.xml">squar error</link><link ns0:type="simple" ns0:href="../559/6004559.xml">crystallographi</link><link ns0:type="simple" ns0:href="../288/3244288.xml">squar predict error</link><link ns0:type="simple" ns0:href="../545/1761545.xml">minimum error</link><link ns0:type="simple" ns0:href="../608/8648608.xml">root squar deviat</link><link ns0:type="simple" ns0:href="../367/9830367.xml">squar deviat</link><link ns0:type="simple" ns0:href="../388/4225388.xml" /></col></row><row style="height:2px" /><row><col style=";;" class="navbox-group">applic</col><col style="text-align:left;border-left:2px solid #fdfdfd;width:100%;padding:0px;;;" class="navbox-list navbox-even"><link ns0:type="simple" ns0:href="../425/555425.xml">curv fit</link><link ns0:type="simple" ns0:href="../787/532787.xml">calibr curv</link><link ns0:type="simple" ns0:href="../617/10684617.xml">numer smooth differenti</link><link ns0:type="simple" ns0:href="../311/2017311.xml">squar filter</link><link ns0:type="simple" ns0:href="../338/2017338.xml">recurs squar filter</link><link ns0:type="simple" ns0:href="../659/6582659.xml">move squar</link><link ns0:type="simple" ns0:href="../002/4229002.xml">algorithm</link></col></row></table></col></row></table></p></sec></bdy></article>