<article xmlns:ns0="http://www.w3.org/1999/xlink"><header><title>applic deliveri network</title><id /><revision><id /><timestamp /><contributor><username /><id /></contributor></revision><categories><category>network</category></categories></header><bdy>applic deliveri network adn suit technolog deploy provid applic avail secur acceler core adn applic deliveri control adc advanc traffic manag devic refer web switch content switch multilay switch purpos distribut traffic number server geograph disloc site base applic specif criterion<p>adn evolv<link ns0:type="simple" ns0:href="../110/235110.xml">layer switch</link>late<link ns0:type="simple" ns0:href="../635/34635.xml" />appar tradit load balanc techniqu robust handl increasingli complex mix applic traffic deliv wider varieti network connect option</p><sec><st>applic deliveri techniqu</st><p>internet design endtoend principl<ref ns0:type="simple" ns0:href="#xpointer(//reflist/entry[@id=%221%22])" />principl core network simpl move intellig network endpoint host client applic deliveri network adn enhanc deliveri applic internet employ number optim techniqu techniqu base establish bestpractic employ effici rout traffic network layer includ redund load balanc<ref ns0:type="simple" ns0:href="#xpointer(//reflist/entry[@id=%222%22])" /></p><p>theori applic deliveri network adn close<link ns0:type="simple" ns0:href="../860/880860.xml">content deliveri network</link>differ deliveri network lie intellig adn understand optim applic refer applic fluenci<ref ns0:type="simple" ns0:href="#xpointer(//reflist/entry[@id=%223%22])" /></p><p>applic deliveri<link ns0:type="simple" ns0:href="../110/235110.xml">layer switch</link>web switch content switch multilay switch intellig distribut traffic pool cluster farm server applic deliveri control adc assign singl virtual address vip repres pool server traffic arriv adc direct real<link ns0:type="simple" ns0:href="../455/33455.xml">web server</link>base number factor includ applic specif data valu applic transport protocol avail server current perform metric paramet adn advantag load distribut increas capac server improv scalabl secur increas reliabl applic specif health check</p><p>increasingli adn compris redund pair adc integr number featur set design provid secur avail reliabl acceler function case devic separ entiti deploy network devic applic traffic deliv provid specif function enhanc deliveri applic</p></sec><sec><st>adn optim techniqu</st><ss1><st>tcp multiplex</st><p>tcp multiplex loos base establish<link ns0:type="simple" ns0:href="../352/2231352.xml">connect pool</link>techniqu util applic server platform optim execut databas queri applic adc establish number connect server pool connect open request receiv adc client request evalu direct server exist connect reduc overhead impos establish tear<link ns0:type="simple" ns0:href="../538/30538.xml">tcp</link>connect server improv respons applic</p><p>adn implement techniqu step multiplex http applic request benefit execut request parallel enhanc perform applic</p></ss1><ss1><st>tcp optim</st><p>number rfc describ mechan improv perform tcp adn implement rfc order provid enhanc deliveri applic effici tcp</p><p>rfc commonli implement</p><p><list><entry level="1" type="bullet">delay acknowledg<ref ns0:type="simple" ns0:href="#xpointer(//reflist/entry[@id=%224%22])" /></entry><entry level="1" type="bullet">nagl algorithm<ref ns0:type="simple" ns0:href="#xpointer(//reflist/entry[@id=%225%22])" /></entry><entry level="1" type="bullet">select acknowledg<ref ns0:type="simple" ns0:href="#xpointer(//reflist/entry[@id=%226%22])" /><ref ns0:type="simple" ns0:href="#xpointer(//reflist/entry[@id=%227%22])" /></entry><entry level="1" type="bullet">explicit congest notif ecn<ref ns0:type="simple" ns0:href="#xpointer(//reflist/entry[@id=%228%22])" /><ref ns0:type="simple" ns0:href="#xpointer(//reflist/entry[@id=%229%22])" /></entry><entry level="1" type="bullet">limit fast retransmit<ref ns0:type="simple" ns0:href="#xpointer(//reflist/entry[@id=%2210%22])" /><ref ns0:type="simple" ns0:href="#xpointer(//reflist/entry[@id=%2211%22])" /></entry><entry level="1" type="bullet">adapt initi congest window<ref ns0:type="simple" ns0:href="#xpointer(//reflist/entry[@id=%2212%22])" /></entry></list></p></ss1><ss1><st>data compress cach</st><p>adn provid optim applic data cach compress techniqu type compress adn today industri standard http compress proprietari data reduct algorithm note cost cpu cycl compress data travers lan result neg perform impact best practic util compress deliv applic wan congest highspe data link</p><p><link ns0:type="simple" ns0:href="../757/4954757.xml">http compress</link>asymmetr transpar client support http compress built<link ns0:type="simple" ns0:href="../455/33455.xml">web server</link>web browser commerci adn product current support http compress</p><p>second compress techniqu achiev data reduct algorithm algorithm proprietari modifi applic traffic symmetr requir devic reassembl applic traffic client receiv separ class devic wan optim control provid function technolog slowli adn portfolio year class devic continu applic awar provid addit featur specif applic<link ns0:type="simple" ns0:href="../873/349873.xml">cif samba</link></p></ss1></sec><sec><st>adn reliabl avail techniqu</st><ss1><st>advanc health check</st><p>advanc health check abil adn determin server applic host statu applic deliv advanc health check techniqu allow adc intellig determin content return server correct deliv client</p><p>featur enabl reliabl featur adn resend request server content return origin server erron</p></ss1><ss1><st>load balanc algorithm</st><p>load balanc algorithm today adn advanc simplist roundrobin connect algorithm earli<link ns0:type="simple" ns0:href="../635/34635.xml" />algorithm origin loos base oper system schedul algorithm evolv factor condit peculiar network applic environ accur describ today load balanc algorithm applic rout algorithm adn employ applic awar determin applic respond request includ abil adn determin applic applic respond request paramet refer<link ns0:type="simple" ns0:href="../021/775021.xml">servic level agreement</link></p><p>typic industri standard load balanc algorithm today includ</p><p><list><entry level="1" type="bullet">round robin</entry><entry level="1" type="bullet">connect</entry><entry level="1" type="bullet">fastest respons time</entry><entry level="1" type="bullet">weight round robin</entry><entry level="1" type="bullet">weight connect</entry><entry level="1" type="bullet">custom valu assign individu server pool base snmp commun mechan</entry></list></p></ss1><ss1><st>fault toler</st><p>adn fault toler server level pool farm accomplish design specif server backup activ automat adn event primari server pool fail<ref ns0:type="simple" ns0:href="#xpointer(//reflist/entry[@id=%2213%22])" /></p><p>adn ensur applic avail reliabl abil seamlessli failov secondari devic event hardwar softwar failur ensur traffic continu flow event failur devic provid fault toler applic fault toler implement adn network serial base connect</p><ss2><st>network base failov</st><p>virtual address vip share devic heartbeat daemon secondari devic verifi primari devic activ event heartbeat lost secondari devic assum share vip servic request process adn replic session primari secondari guarante session initi time take secondari assum vip manag traffic will maintain</p></ss2><ss2><st>serial base failov</st><p>serial connect base failov configur adn devic commun standard<link ns0:type="simple" ns0:href="../023/26023.xml" />connect network share session inform statu exchang connect failov instantan suffer constraint session initi primari devic fail network base failov</p></ss2></ss1></sec><sec><st>adn secur</st><ss1><st>transport layer secur</st><p>erron assign applic layer<message wordnetid="106598915" confidence="0.8"><protocol wordnetid="106665108" confidence="0.8"><standard wordnetid="107260623" confidence="0.8"><direction wordnetid="106786629" confidence="0.8"><rule wordnetid="106652242" confidence="0.8"><system_of_measurement wordnetid="113577171" confidence="0.8"><link ns0:type="simple" ns0:href="../813/187813.xml">ssl</link></system_of_measurement></rule></direction></standard></protocol></message>common method secur applic traffic adn today ssl<link ns0:type="simple" ns0:href="../112/194112.xml">pki</link>establish secur connect client adn make imposs attack decrypt data transit hijack session</p></ss1><ss1><st>applic layer secur</st><ss2><st>resourc cloak</st><p>virtual address vip posit adn network resourc cloak hidden client adn design understand applic applic protocol<link ns0:type="simple" ns0:href="../104/2701104.xml">http</link>manipul aspect protocol cloak server pool prevent inform softwar hardwar infrastructur expos</p><p>typic function hide oper system server softwar host applic accomplish rewrit server field http respons<ref ns0:type="simple" ns0:href="#xpointer(//reflist/entry[@id=%2214%22])" /></p><p>second typic function exploit adn abil rewrit<standard wordnetid="107260623" confidence="0.8"><system_of_measurement wordnetid="113577171" confidence="0.8"><link ns0:type="simple" ns0:href="../146/32146.xml">uri</link></system_of_measurement></standard>portion http request client present uri vip adn receiv request adn rewrit uri send redirect<ref ns0:type="simple" ns0:href="#xpointer(//reflist/entry[@id=%2215%22])" />transpar translat uri respond client uri place</p></ss2><ss2><st>applic firewal</st><p>year commerci adn begun includ<link ns0:type="simple" ns0:href="../717/2268717.xml">applic firewal</link>function secur applic deliveri process hotli debat subject secur profession argu function includ applic firewal unnecessari handl applic consid employ secur posit deliveri network best practic commerci adn compani acquir integr function featur<event wordnetid="100029378" confidence="0.8"><act wordnetid="100030358" confidence="0.8"><psychological_feature wordnetid="100023100" confidence="0.8"><procedure wordnetid="101023820" confidence="0.8"><activity wordnetid="100407535" confidence="0.8"><link ns0:type="simple" ns0:href="../195/7991195.xml">defens depth</link></activity></procedure></psychological_feature></act></event>strategi cite secur profession</p></ss2></ss1><ss1><st>network layer secur</st><p>adn deploy edg network exposur potenti network layer attack includ<link ns0:type="simple" ns0:href="../776/39776.xml">denial servic</link>icmp syn flood result adn protect applic deliv succumb attack adn gener employ number protect typic network layer attack implement full secur offer<link ns0:type="simple" ns0:href="../059/269059.xml" />network layer secur technolog employ adn devic includ</p><ss2><st>delay bind</st><p>delay bind call tcp splice postpon connect client server order suffici inform rout decis applic switch router delay bind client session server proper handshak complet prevent denial servic attack</p></ss2><ss2><st>filter</st><p>adn abil filter traffic base<link ns0:type="simple" ns0:href="../589/61589.xml">access control list</link>acl bogu rang filter deep inspect pattern match case threshold rate limit address rang address employ</p></ss2></ss1></sec><sec><st>traffic manag</st><p>adn increasingli advanc traffic manag function deep packet inspect capabl product identifi identifi traffic applic type analyz block shape priorit traffic</p></sec><sec><st /><ss1><st>commerci adn</st><p><list><entry level="1" type="bullet"><company wordnetid="108058098" confidence="0.9508927676800064"><link ns0:type="simple" ns0:href="../477/481477.xml">akamai technolog</link></company></entry><entry level="1" type="bullet"><company wordnetid="108058098" confidence="0.9508927676800064"><link ns0:type="simple" ns0:href="../579/5650579.xml">blue coat system</link></company></entry><entry level="1" type="bullet"><company wordnetid="108058098" confidence="0.9508927676800064"><link ns0:type="simple" ns0:href="../045/16258045.xml" /></company></entry><entry level="1" type="bullet"><link ns0:type="simple" ns0:href="../948/309948.xml">citrix</link></entry><entry level="1" type="bullet"><company wordnetid="108058098" confidence="0.9508927676800064"><link ns0:type="simple" ns0:href="../746/51746.xml">cisco system</link></company></entry><entry level="1" type="bullet"><company wordnetid="108058098" confidence="0.9508927676800064"><link ns0:type="simple" ns0:href="../811/7633811.xml">network</link></company></entry><entry level="1" type="bullet"><company wordnetid="108058098" confidence="0.9508927676800064"><link ns0:type="simple" ns0:href="../455/2570455.xml">network</link></company></entry><entry level="1" type="bullet"><company wordnetid="108058098" confidence="0.9508927676800064"><link ns0:type="simple" ns0:href="../051/997051.xml">foundri network</link></company></entry><entry level="1" type="bullet"><company wordnetid="108058098" confidence="0.9508927676800064"><link ns0:type="simple" ns0:href="../426/675426.xml">junip network</link></company></entry><entry level="1" type="bullet"><company wordnetid="108058098" confidence="0.9508927676800064"><link ns0:type="simple" ns0:href="../667/6868667.xml">netqo</link></company></entry><entry level="1" type="bullet"><company wordnetid="108058098" confidence="0.9508927676800064"><link ns0:type="simple" ns0:href="../243/21243.xml">nortel</link></company></entry><entry level="1" type="bullet"><company wordnetid="108058098" confidence="0.9508927676800064"><link ns0:type="simple" ns0:href="../533/3401533.xml">radwar</link></company></entry><entry level="1" type="bullet"><company wordnetid="108058098" confidence="0.8"><institution wordnetid="108053576" confidence="0.8"><link ns0:type="simple" ns0:href="../980/26980.xml">sun microsystem</link></institution></company></entry></list></p></ss1></sec><sec><st>note</st><p><reflist><entry id="1"><weblink ns0:type="simple" ns0:href="http://web.mit.edu/Saltzer/www/publications/endtoend/endtoend.pdf">saltzer reed clark endtoend argument system design acm transact commun</weblink></entry><entry id="2">internet rout architectur rider publish</entry><entry id="3">erlang leon build intellig network infoworld juli</entry><entry id="4"><weblink ns0:type="simple" ns0:href="http://www.faqs.org/rfcs/rfc896.html">rfc congest control internetwork</weblink></entry><entry id="5"><weblink ns0:type="simple" ns0:href="http://www.faqs.org/rfcs/rfc1122.html">rfc requir internet host commun layer</weblink></entry><entry id="6"><weblink ns0:type="simple" ns0:href="http://www.faqs.org/rfcs/rfc2018.html">rfc tcp select acknowledg option</weblink></entry><entry id="7"><weblink ns0:type="simple" ns0:href="http://www.faqs.org/rfcs/rfc2883.html">rfc extens select acknowledg sack option tcp</weblink></entry><entry id="8"><weblink ns0:type="simple" ns0:href="http://www.faqs.org/rfcs/rfc3168.html">rfc addit explicit congest notif tcp</weblink></entry><entry id="9"><weblink ns0:type="simple" ns0:href="http://www.faqs.org/rfcs/rfc2481.html">rfc propos add explicit congest notif ecn</weblink></entry><entry id="10"><weblink ns0:type="simple" ns0:href="http://www.faqs.org/rfcs/rfc3042.html">rfc enhanc tcp loss recoveri limit transmit</weblink></entry><entry id="11"><weblink ns0:type="simple" ns0:href="http://www.faqs.org/rfcs/rfc2582.html">rfc modif tcp fast recoveri algorithm</weblink></entry><entry id="12"><weblink ns0:type="simple" ns0:href="http://www.ietf.org/rfc/rfc3390.txt">rfc increas tcp initi window</weblink></entry><entry id="13"><weblink ns0:type="simple" ns0:href="http://www.networkcomputing.com/1219/1219buyers2.html">lori content switch network comput juli</weblink></entry><entry id="14"><weblink ns0:type="simple" ns0:href="http://www.w3.org/Protocols/rfc2616/rfc2616-sec6.html#sec6.2">rfc hypertext transport protocol respons header field</weblink></entry><entry id="15"><weblink ns0:type="simple" ns0:href="http://www.w3.org/Protocols/rfc2616/rfc2616-sec10.html#sec10.3.3">rfc hypertext transport protocol respons code</weblink></entry></reflist></p></sec><sec><st>extern link</st><p><list><entry level="1" type="bullet"><weblink ns0:type="simple" ns0:href="http://safari.oreilly.com/0131014684">optim network perform content switch server firewal cach load balanc</weblink></entry><entry level="1" type="bullet"><weblink ns0:type="simple" ns0:href="http://www.networkcomputing.com/1403/1403ws1.html">make layer work</weblink></entry><entry level="1" type="bullet"><weblink ns0:type="simple" ns0:href="http://btquarterly.com/?mc=get-everybody-boat page=ad-viewresearch">applic deliveri network boat</weblink></entry><entry level="1" type="bullet"><weblink ns0:type="simple" ns0:href="http://www.jetnexus.com/ADC_Market_growth.html">applic deliveri control market growth</weblink></entry></list></p></sec></bdy></article>