<article xmlns:ns0="http://www.w3.org/1999/xlink"><header><title>evolutionari robot</title><id /><revision><id /><timestamp /><contributor><username>andrea kaufmann</username><id /></contributor></revision><categories><category>robot</category><category>evolutionari comput</category></categories></header><bdy>evolutionari robot methodolog<link ns0:type="simple" ns0:href="../020/268020.xml">evolutionari comput</link>develop<link ns0:type="simple" ns0:href="../183/1714183.xml">control</link><link ns0:type="simple" ns0:href="../049/48049.xml">autonom robot</link><link ns0:type="simple" ns0:href="../775/775.xml">algorithm</link>frequent oper popul candid<link ns0:type="simple" ns0:href="../183/1714183.xml">control</link>initi select<link ns0:type="simple" ns0:href="../543/23543.xml">distribut</link>popul repeatedli modifi<link ns0:type="simple" ns0:href="../285/412285.xml">fit function</link>case<link ns0:type="simple" ns0:href="../254/40254.xml">genet algorithm</link>common method<link ns0:type="simple" ns0:href="../020/268020.xml">evolutionari comput</link>popul candid control repeatedli grown crossov mutat<link ns0:type="simple" ns0:href="../254/40254.xml" />oper cull<link ns0:type="simple" ns0:href="../285/412285.xml">fit function</link>candid control applic drawn subset set<link ns0:type="simple" ns0:href="../523/21523.xml">artifici neural network</link>applic includ samuel develop<link>naval center appli artifici intellig</link>collect rule constitu part individu<link ns0:type="simple" ns0:href="../183/1714183.xml">control</link>theoret set symbol formul<link>control law</link>call<link ns0:type="simple" ns0:href="../091/375091.xml">polici</link><link ns0:type="simple" ns0:href="../488/233488.xml">machin learn</link>commun space candid control worth note<link ns0:type="simple" ns0:href="../523/21523.xml">artifici neural network</link><link ns0:type="simple" ns0:href="../880/3290880.xml">robot learn</link>context evolutionari robot form<link ns0:type="simple" ns0:href="../294/66294.xml">reinforc learn</link>learn robot<link ns0:type="simple" ns0:href="../183/1714183.xml">control</link><p><link ns0:type="simple" ns0:href="../176/1422176.xml">development robot</link>differ evolutionari robot popul robot evolv time interest organ singl robot control system develop experi time</p><sec><st>histori</st><p>foundat laid work nation council rome initi idea encod robot control system genom<link ns0:type="simple" ns0:href="../837/190837.xml">artifici evolut</link>improv date late</p><p>term evolutionari robot introduc<physical_entity wordnetid="100001930" confidence="0.8"><person wordnetid="100007846" confidence="0.8"><guitarist wordnetid="110151760" confidence="0.8"><performer wordnetid="110415638" confidence="0.8"><musician wordnetid="110340312" confidence="0.8"><causal_agent wordnetid="100007347" confidence="0.8"><entertainer wordnetid="109616922" confidence="0.8"><link ns0:type="simple" ns0:href="../062/4275062.xml">cliff</link></entertainer></causal_agent></musician></performer></guitarist></person></physical_entity><physical_entity wordnetid="100001930" confidence="0.8"><person wordnetid="100007846" confidence="0.8"><causal_agent wordnetid="100007347" confidence="0.8"><academician wordnetid="109759069" confidence="0.8"><scientist wordnetid="110560637" confidence="0.8"><adult wordnetid="109605289" confidence="0.8"><professional wordnetid="110480253" confidence="0.8"><educator wordnetid="110045713" confidence="0.8"><link ns0:type="simple" ns0:href="../961/2457961.xml">harvey</link></educator></professional></adult></scientist></academician></causal_agent></person></physical_entity><link ns0:type="simple" ns0:href="../028/2458028.xml">husband</link><university wordnetid="108286163" confidence="0.9508927676800064"><link ns0:type="simple" ns0:href="../045/32045.xml">univers sussex</link></university>team team surround<link ns0:type="simple" ns0:href="../932/1034932.xml" /><person wordnetid="100007846" confidence="0.9638700866880419"><link ns0:type="simple" ns0:href="../803/937803.xml" /></person><link ns0:type="simple" ns0:href="../968/71968.xml">epfl</link><town wordnetid="108665504" confidence="0.9508927676800064"><link ns0:type="simple" ns0:href="../623/18623.xml">lausann</link></town>group cog<university wordnetid="108286163" confidence="0.9508927676800064"><link ns0:type="simple" ns0:href="../045/32045.xml">univers sussex</link></university>report experi artifici evolut autonom robot success earli trigger wave activ lab har potenti approach</p><p>difficulti scale complex robot task shift attent theoret field engin</p></sec><sec><st>evolutionari robot</st><p>evolutionari robot object time includ creat control realworld robot task explor evolutionari theori<link ns0:type="simple" ns0:href="../185/1022185.xml">baldwin</link>reproduc psycholog phenomena find biolog neural network studi artifici creat control artifici evolut requir larg number evalu larg popul time consum reason control evolut softwar initi random control exhibit harm behaviour repeatedli crash wall damag robot transfer control evolv simul physic robot difficult major challeng approach reason evolut free explor possibl high fit includ inaccuraci simul larg number evalu requir fast accur comput simul limit factor approach</p><p>rare case evolutionari comput design physic structur robot addit control notabl exampl<physical_entity wordnetid="100001930" confidence="0.8"><peer wordnetid="109626238" confidence="0.8"><person wordnetid="100007846" confidence="0.8"><colleague wordnetid="109935990" confidence="0.8"><causal_agent wordnetid="100007347" confidence="0.8"><artist wordnetid="109812338" confidence="0.8"><adult wordnetid="109605289" confidence="0.8"><professional wordnetid="110480253" confidence="0.8"><creator wordnetid="109614315" confidence="0.8"><associate wordnetid="109816771" confidence="0.8"><link ns0:type="simple" ns0:href="../665/767665.xml">karl sim</link></associate></creator></professional></adult></artist></causal_agent></colleague></person></peer></physical_entity>demo<company wordnetid="108058098" confidence="0.8"><institution wordnetid="108053576" confidence="0.8"><link ns0:type="simple" ns0:href="../646/81646.xml">think machin</link></institution></company>corpor</p></sec><sec><st>motiv evolutionari robot</st><p>commonli<link ns0:type="simple" ns0:href="../488/233488.xml">machin learn</link>algorithm requir set<link ns0:type="simple" ns0:href="../228/1817228.xml">train exampl</link>consist hypothet input desir answer<link ns0:type="simple" ns0:href="../880/3290880.xml">robot learn</link>applic desir answer action robot action explicitli priori<link ns0:type="simple" ns0:href="../781/25781.xml">robot</link>best receiv indic success failur action evolutionari algorithm natur solut sort problem framework fit function encod success failur control precis action control altern evolutionari comput<link ns0:type="simple" ns0:href="../880/3290880.xml">robot learn</link>form<link ns0:type="simple" ns0:href="../294/66294.xml">reinforc learn</link><link ns0:type="simple" ns0:href="../850/1281850.xml">qlearn</link>learn fit action predict fit valu indirectli creat control</p></sec><sec><st>confer institut</st><ss1><st>main confer</st><p><list><entry level="1" type="bullet">evolutionari robot</entry><entry level="1" type="bullet"><link>gecco</link></entry><entry level="1" type="bullet"><link ns0:type="simple" ns0:href="../084/4483084.xml">ieee congress evolutionari comput</link></entry><entry level="1" type="bullet"><link>european confer artifici life</link></entry><entry level="1" type="bullet"><link ns0:type="simple" ns0:href="../656/58656.xml">alif</link></entry></list></p></ss1><ss1><st>academ institut research</st><p><list><entry level="1" type="bullet"><university wordnetid="108286163" confidence="0.9508927676800064"><link ns0:type="simple" ns0:href="../690/5690.xml">chalmer univers technolog</link></university><person wordnetid="100007846" confidence="0.9508927676800064"><scientist wordnetid="110560637" confidence="0.9508927676800064"><link ns0:type="simple" ns0:href="../663/11651663.xml">peter nordin</link></scientist></person><weblink ns0:type="simple" ns0:href="http://humanoid.fy.chalmers.se/">humanoid project</weblink></entry><entry level="1" type="bullet"><university wordnetid="108286163" confidence="0.9508927676800064"><link ns0:type="simple" ns0:href="../045/32045.xml">univers sussex</link></university><physical_entity wordnetid="100001930" confidence="0.8"><person wordnetid="100007846" confidence="0.8"><causal_agent wordnetid="100007347" confidence="0.8"><academician wordnetid="109759069" confidence="0.8"><scientist wordnetid="110560637" confidence="0.8"><adult wordnetid="109605289" confidence="0.8"><professional wordnetid="110480253" confidence="0.8"><educator wordnetid="110045713" confidence="0.8"><link ns0:type="simple" ns0:href="../961/2457961.xml">inman harvey</link></educator></professional></adult></scientist></academician></causal_agent></person></physical_entity><link ns0:type="simple" ns0:href="../028/2458028.xml">phil husband</link><link>paolo</link><link ns0:type="simple" ns0:href="../923/2457923.xml">eric vaughan</link><link>thoma</link></entry><entry level="1" type="bullet"><link ns0:type="simple" ns0:href="../946/1819946.xml">cnr</link><link ns0:type="simple" ns0:href="../805/3948805.xml">stefano</link><link /></entry><entry level="1" type="bullet"><link ns0:type="simple" ns0:href="../968/71968.xml">epfl</link><link ns0:type="simple" ns0:href="../932/1034932.xml">dario</link></entry><entry level="1" type="bullet"><link>univers zrich</link><physical_entity wordnetid="100001930" confidence="0.8"><person wordnetid="100007846" confidence="0.8"><causal_agent wordnetid="100007347" confidence="0.8"><scientist wordnetid="110560637" confidence="0.8"><research_worker wordnetid="110523076" confidence="0.8"><link ns0:type="simple" ns0:href="../817/2718817.xml">rolf pfeifer</link></research_worker></scientist></causal_agent></person></physical_entity></entry><entry level="1" type="bullet"><university wordnetid="108286163" confidence="0.9508927676800064"><link ns0:type="simple" ns0:href="../422/7954422.xml">cornel univers</link></university><link /><physical_entity wordnetid="100001930" confidence="0.8"><person wordnetid="100007846" confidence="0.8"><causal_agent wordnetid="100007347" confidence="0.8"><scientist wordnetid="110560637" confidence="0.8"><research_worker wordnetid="110523076" confidence="0.8"><link ns0:type="simple" ns0:href="../454/2922454.xml">josh bongard</link></research_worker></scientist></causal_agent></person></physical_entity></entry><entry level="1" type="bullet"><link ns0:type="simple" ns0:href="../242/292242.xml">indiana univers</link><link ns0:type="simple" ns0:href="../216/3079216.xml">randal beer</link></entry><entry level="1" type="bullet"><weblink ns0:type="simple" ns0:href="http://crim.ece.ncsu.edu/index.php">center robot intellig machin</weblink><university wordnetid="108286163" confidence="0.9508927676800064"><link ns0:type="simple" ns0:href="../544/72544.xml">north carolina univers</link></university><link ns0:type="simple" ns0:href="../514/728514.xml">eddi grant</link><weblink ns0:type="simple" ns0:href="http://www.nelsonrobotics.org/">andrew nelson</weblink></entry><entry level="1" type="bullet"><university wordnetid="108286163" confidence="0.9508927676800064"><link ns0:type="simple" ns0:href="../029/52029.xml">univers colleg london</link></university><link ns0:type="simple" ns0:href="../677/3936677.xml">peter bentley</link><link>mahdavi</link></entry><entry level="1" type="bullet"><university wordnetid="108286163" confidence="0.9508927676800064"><link ns0:type="simple" ns0:href="../810/331810.xml">univers essex</link></university><link>simon luca</link></entry><entry level="1" type="bullet"><university wordnetid="108286163" confidence="0.9508927676800064"><link ns0:type="simple" ns0:href="../223/81223.xml">brandei univers</link></university><link>jordan pollack</link></entry><entry level="1" type="bullet"><point wordnetid="108620061" confidence="0.8"><institute wordnetid="108407330" confidence="0.8"><geographic_point wordnetid="108578706" confidence="0.8"><location wordnetid="100027167" confidence="0.8"><association wordnetid="108049401" confidence="0.8"><workplace wordnetid="104602044" confidence="0.8"><lab wordnetid="103629986" confidence="0.8"><link ns0:type="simple" ns0:href="../607/4103607.xml">idsia</link></lab></workplace></association></location></geographic_point></institute></point><university wordnetid="108286163" confidence="0.9508927676800064"><link ns0:type="simple" ns0:href="../679/349679.xml">technic univers munich</link></university><link>juergen schmidhub</link><weblink ns0:type="simple" ns0:href="http://www.idsia.ch/~juergen/cogbotlab.html">robot lab</weblink></entry><entry level="1" type="bullet"><link>univers colleg</link><link>tom</link></entry><entry level="1" type="bullet"><link ns0:type="simple" ns0:href="../893/411893.xml">naval laboratori</link><weblink ns0:type="simple" ns0:href="http://www.nrl.navy.mil/aic/iss/aas/">navi center appli artifici intellig</weblink><link>alan schultz</link><link>mitchel potter</link><link>kenneth jong</link></entry><entry level="1" type="bullet"><weblink ns0:type="simple" ns0:href="http://www.ais.fraunhofer.de/INDY">fraunhof intellig dynam dep</weblink><weblink ns0:type="simple" ns0:href="http://www.ais.fraunhofer.de/INDY/fpas/index_empty.html">frank</weblink></entry><entry level="1" type="bullet"><weblink ns0:type="simple" ns0:href="http://www.genarts.com/karl/evolved-virtual-creatures.html">evolv virtual creatur</weblink><physical_entity wordnetid="100001930" confidence="0.8"><peer wordnetid="109626238" confidence="0.8"><person wordnetid="100007846" confidence="0.8"><colleague wordnetid="109935990" confidence="0.8"><causal_agent wordnetid="100007347" confidence="0.8"><artist wordnetid="109812338" confidence="0.8"><adult wordnetid="109605289" confidence="0.8"><professional wordnetid="110480253" confidence="0.8"><creator wordnetid="109614315" confidence="0.8"><associate wordnetid="109816771" confidence="0.8"><link ns0:type="simple" ns0:href="../665/767665.xml">karl sim</link></associate></creator></professional></adult></artist></causal_agent></colleague></person></peer></physical_entity><link /></entry><entry level="1" type="bullet"><weblink ns0:type="simple" ns0:href="http://www.kenrinaldo.com">ken artifici life robot</weblink></entry><entry level="1" type="bullet"><weblink ns0:type="simple" ns0:href="http://lsi.vc.ehu.es/pablogn/">univers basqu countri pablo spanish</weblink><weblink ns0:type="simple" ns0:href="http://lsi.vc.ehu.es/pablogn/topos/investig/ficheros/NeurocompTopos.pdf">pdf english</weblink></entry></list></p></ss1></sec><sec><st /><p><table style="background:#f9f9f9; font-size:85%; line-height:110%; "><row><col><image width="32x28px" src="Animation2.gif" /></col><col style="padding:0 0.2em;">robot portal</col></row></table></p><p><list><entry level="1" type="bullet"><link ns0:type="simple" ns0:href="../164/1164.xml">artifici intellig</link></entry><entry level="1" type="bullet"><link ns0:type="simple" ns0:href="../904/5904.xml">cybernet</link></entry><entry level="1" type="bullet"><link ns0:type="simple" ns0:href="../910/2934910.xml">cognit robot</link></entry><entry level="1" type="bullet"><link ns0:type="simple" ns0:href="../020/268020.xml">evolutionari comput</link></entry><entry level="1" type="bullet"><link ns0:type="simple" ns0:href="../962/907962.xml">roboticist</link></entry><entry level="1" type="bullet"><link ns0:type="simple" ns0:href="../673/46673.xml">robot</link></entry><entry level="1" type="bullet"><link ns0:type="simple" ns0:href="../671/3750671.xml">robot kit</link></entry></list></p></sec><sec><st>refer</st><p><list><entry level="1" type="bullet">evolutionari robot<link ns0:type="simple" ns0:href="../805/3948805.xml">stefano</link><link ns0:type="simple" ns0:href="../932/1034932.xml">dario</link>isbn</entry><entry level="1" type="bullet">advanc evolutionari synthesi intellig agent patel<skilled_worker wordnetid="110605985" confidence="0.8"><physical_entity wordnetid="100001930" confidence="0.8"><person wordnetid="100007846" confidence="0.8"><editor wordnetid="110044879" confidence="0.8"><worker wordnetid="109632518" confidence="0.8"><causal_agent wordnetid="100007347" confidence="0.8"><scientist wordnetid="110560637" confidence="0.8"><research_worker wordnetid="110523076" confidence="0.8"><link ns0:type="simple" ns0:href="../029/3487029.xml">vasant honavar</link></research_worker></scientist></causal_agent></worker></editor></person></physical_entity></skilled_worker>balakrishnan cambridg mit press isbn</entry></list></p></sec><sec><st>extern link</st><p><list><entry level="1" type="bullet"><weblink ns0:type="simple" ns0:href="http://mensnewsdaily.com/2007/05/16/robobusiness-robots-with-imagination/">robot dream better</weblink></entry><entry level="1" type="bullet"><weblink ns0:type="simple" ns0:href="http://www.irobis.com/">institut robot scandinavia irobi</weblink></entry><entry level="1" type="bullet"><weblink ns0:type="simple" ns0:href="http://humanoid.fy.chalmers.se/text/cuba.pdf">evolutionari architectur humanoid robot</weblink></entry><entry level="1" type="bullet"><weblink ns0:type="simple" ns0:href="http://www.evolutionaryrobotics.org/">introduct evolutionari robot annot bibliographi</weblink></entry><entry level="1" type="bullet"><weblink ns0:type="simple" ns0:href="http://laral.istc.cnr.it/evorobot/">evolutionari robot homepag</weblink></entry><entry level="1" type="bullet"><weblink ns0:type="simple" ns0:href="http://lis.epfl.ch/resources/documentation/EvolutionaryRobotics/index.php">gentl introduct</weblink></entry></list></p><p><link>rahul</link></p></sec></bdy></article>