<article xmlns:ns0="http://www.w3.org/1999/xlink"><service confidence="0.9511911446218017" wordnetid="100577525"><header><title>fund</title><id /><revision><id /><timestamp /><contributor><username /><id /></contributor></revision><categories><category>fund</category><category>financi servic</category><category>invest</category></categories></header><bdy>fund tracker<link ns0:type="simple" ns0:href="../066/3061066.xml">collect invest scheme</link><link ns0:type="simple" ns0:href="../597/226597.xml">mutual fund</link><link ns0:type="simple" ns0:href="../170/538170.xml">exchangetrad fund</link>aim replic movement<link ns0:type="simple" ns0:href="../423/47423.xml" />specif financi market set rule ownership held constant market condit<p>track achiev hold<link ns0:type="simple" ns0:href="../162/42162.xml">secur</link>proport method includ statist sampl market hold repres secur fund reli comput model human input decis secur purchas sold form<link ns0:type="simple" ns0:href="../118/24118.xml">passiv manag</link></p><p>lack<link ns0:type="simple" ns0:href="../570/1645570.xml">activ manag</link>stock pick market time advantag lower fee lower tax taxabl account fee will gener reduc return investor rel addit imposs precis mirror model sampl mirror natur accur differ perform fund perform track error inform jitter</p><p>fund<link ns0:type="simple" ns0:href="../851/1557851.xml">invest manag</link>common indic includ<message wordnetid="106598915" confidence="0.8"><information wordnetid="106634376" confidence="0.8"><index wordnetid="106639674" confidence="0.8"><fact wordnetid="106636259" confidence="0.8"><stock_index wordnetid="106641924" confidence="0.8"><link ns0:type="simple" ns0:href="../992/170992.xml" /></stock_index></fact></index></information></message><message wordnetid="106598915" confidence="0.8"><information wordnetid="106634376" confidence="0.8"><index wordnetid="106639674" confidence="0.8"><fact wordnetid="106636259" confidence="0.8"><stock_index wordnetid="106641924" confidence="0.8"><link ns0:type="simple" ns0:href="../646/1039646.xml">wilshir</link></stock_index></fact></index></information></message><link ns0:type="simple" ns0:href="../717/497717.xml">ftse</link><message wordnetid="106598915" confidence="0.8"><information wordnetid="106634376" confidence="0.8"><index wordnetid="106639674" confidence="0.8"><fact wordnetid="106636259" confidence="0.8"><stock_index wordnetid="106641924" confidence="0.8"><link ns0:type="simple" ns0:href="../859/3266859.xml">ftse</link></stock_index></fact></index></information></message>common index academ<scientist wordnetid="110560637" confidence="0.9508927676800064"><link ns0:type="simple" ns0:href="../227/301227.xml">eugen fama</link></scientist><physical_entity wordnetid="100001930" confidence="0.8"><economist wordnetid="110043643" confidence="0.8"><person wordnetid="100007846" confidence="0.8"><intellectual wordnetid="109621545" confidence="0.8"><alumnus wordnetid="109786338" confidence="0.8"><social_scientist wordnetid="110619642" confidence="0.8"><causal_agent wordnetid="100007347" confidence="0.8"><scientist wordnetid="110560637" confidence="0.8"><scholar wordnetid="110557854" confidence="0.8"><link ns0:type="simple" ns0:href="../877/2667877.xml">kenneth french</link></scholar></scientist></causal_agent></social_scientist></alumnus></intellectual></person></economist></physical_entity>creat index order develop asset price model three factor model<scientist wordnetid="110560637" confidence="0.9508927676800064"><link ns0:type="simple" ns0:href="../227/301227.xml#xpointer(//*[./st=%22Fama+and+French+Three+Factor+Model%22])">fama french three factor model</link></scientist><company wordnetid="108058098" confidence="0.9508927676800064"><link ns0:type="simple" ns0:href="../780/10753780.xml">dimension fund advisor</link></company>design fund<link ns0:type="simple" ns0:href="../899/8841899.xml">robert</link>professor<physical_entity wordnetid="100001930" confidence="0.8"><economist wordnetid="110043643" confidence="0.8"><person wordnetid="100007846" confidence="0.8"><social_scientist wordnetid="110619642" confidence="0.8"><causal_agent wordnetid="100007347" confidence="0.8"><scientist wordnetid="110560637" confidence="0.8"><link ns0:type="simple" ns0:href="../270/2409270.xml">jeremi siegel</link></scientist></causal_agent></social_scientist></person></economist></physical_entity>creat compet<link ns0:type="simple" ns0:href="../700/8842700.xml">fundament base index</link>base criteria<link ns0:type="simple" ns0:href="../930/41930.xml">dividend</link><link ns0:type="simple" ns0:href="../037/15037.xml">earn</link><link ns0:type="simple" ns0:href="../292/265292.xml">book</link><link ns0:type="simple" ns0:href="../698/155698.xml">sale</link>compani dow jone publish varieti global index well data onlin<weblink ns0:type="simple" ns0:href="http://www.djindexes.com" /></p><sec><st>origin fund</st><p><physical_entity wordnetid="100001930" confidence="0.8"><economist wordnetid="110043643" confidence="0.8"><person wordnetid="100007846" confidence="0.8"><intellectual wordnetid="109621545" confidence="0.8"><alumnus wordnetid="109786338" confidence="0.8"><social_scientist wordnetid="110619642" confidence="0.8"><causal_agent wordnetid="100007347" confidence="0.8"><scientist wordnetid="110560637" confidence="0.8"><scholar wordnetid="110557854" confidence="0.8"><link ns0:type="simple" ns0:href="../839/695839.xml">burton malkiel</link></scholar></scientist></causal_agent></social_scientist></alumnus></intellectual></person></economist></physical_entity>publish book<book wordnetid="106410904" confidence="0.9508927676800064"><link ns0:type="simple" ns0:href="../408/5715408.xml">random walk wall street</link></book>present academ find lay public wellknown lay financi press mutual fund beat market indic standard repli cours cant buy malkiel time public</p><p><physical_entity wordnetid="100001930" confidence="0.8"><person wordnetid="100007846" confidence="0.8"><intellectual wordnetid="109621545" confidence="0.8"><alumnus wordnetid="109786338" confidence="0.8"><causal_agent wordnetid="100007347" confidence="0.8"><scholar wordnetid="110557854" confidence="0.8"><link ns0:type="simple" ns0:href="../795/1542795.xml">john bogl</link></scholar></causal_agent></alumnus></intellectual></person></physical_entity>graduat<university wordnetid="108286163" confidence="0.9508927676800064"><link ns0:type="simple" ns0:href="../922/23922.xml">princeton univers</link></university>senior thesi titl mutual fund claim superior market averag bogl wrote inspir start fund three sourc confirm<person wordnetid="100007846" confidence="0.9508927676800064"><scientist wordnetid="110560637" confidence="0.9508927676800064"><link ns0:type="simple" ns0:href="../669/216669.xml">paul samuelson</link></scientist></person>paper challeng judgment<physical_entity wordnetid="100001930" confidence="0.8"><person wordnetid="100007846" confidence="0.8"><player wordnetid="110439851" confidence="0.8"><contestant wordnetid="109613191" confidence="0.8"><causal_agent wordnetid="100007347" confidence="0.8"><link ns0:type="simple" ns0:href="../791/11940791.xml">charl elli</link></causal_agent></contestant></player></person></physical_entity>studi<link>loser game</link>fortun magazin articl index bogl found<company wordnetid="108058098" confidence="0.9508927676800064"><link ns0:type="simple" ns0:href="../374/692374.xml">vanguard group</link></company>secondlargest mutual fund compani unit</p><p>bogl start invest trust<link ns0:type="simple" ns0:href="../204/8204.xml">decemb</link><link ns0:type="simple" ns0:href="../752/34752.xml" />time heavili derid competitor fund bogl folli<ref ns0:type="simple" ns0:href="#xpointer(//reflist/entry[@id=%221%22])" /><company wordnetid="108058098" confidence="0.9508927676800064"><link ns0:type="simple" ns0:href="../738/439738.xml">fidel invest</link></company>chairman edward johnson quot great mass investor satisfi receiv averag return<ref ns0:type="simple" ns0:href="#xpointer(//reflist/entry[@id=%222%22])" />bogl fund renam vanguard fund track<message wordnetid="106598915" confidence="0.8"><information wordnetid="106634376" confidence="0.8"><index wordnetid="106639674" confidence="0.8"><fact wordnetid="106636259" confidence="0.8"><stock_index wordnetid="106641924" confidence="0.8"><link ns0:type="simple" ns0:href="../992/170992.xml">standard poor</link></stock_index></fact></index></information></message>start compar meager asset cross billion mileston novemb astonish increas fund market increas willing invest product bogl predict januari surpass<link ns0:type="simple" ns0:href="../813/3030813.xml">magellan fund</link></p><p><link>john</link>david booth<company wordnetid="108058098" confidence="0.9508927676800064"><link ns0:type="simple" ns0:href="../487/16597487.xml">well fargo</link></company><person wordnetid="100007846" confidence="0.9508927676800064"><link ns0:type="simple" ns0:href="../008/7841008.xml">rex</link></person><link ns0:type="simple" ns0:href="../100/1919100.xml">american nation bank</link>chicago establish standard poor composit fund fund establish institut client individu investor exclud well fargo start pension fund illinoi bell pension fund american nation bank</p><p>david booth rex start<company wordnetid="108058098" confidence="0.9508927676800064"><link ns0:type="simple" ns0:href="../780/10753780.xml">dimension fund advisor</link></company>dfa year join board director dfa develop index base invest strategi current billion manag oct</p><p>well fargo sold index oper barclay bank london oper<company wordnetid="108058098" confidence="0.8"><institution wordnetid="108053576" confidence="0.8"><link ns0:type="simple" ns0:href="../255/2178255.xml">barclay global investor</link></institution></company>world largest money manag trillion manag<link ns0:type="simple" ns0:href="../251/891251.xml" /></p></sec><sec><st>econom theori</st><p>economist<scientist wordnetid="110560637" confidence="0.9508927676800064"><link ns0:type="simple" ns0:href="../227/301227.xml">eugen fama</link></scientist>market effici hypothesi simpl statement secur price fulli reflect inform precondit strong version hypothesi inform trade cost cost price reflect inform grossman stiglitz weaker econom sensibl version effici hypothesi price reflect inform point margin benefit act inform profit exceed margin cost jensen economist cite<link ns0:type="simple" ns0:href="../602/164602.xml">effici market hypothesi</link>fundament premis justifi creation fund hypothesi impli<link ns0:type="simple" ns0:href="../851/1557851.xml">fund manag</link>stock analyst constantli secur outperform market competit effect inform fortun compani will rapidli incorpor stock price postul difficult ahead time stock will outperform market<ref ns0:type="simple" ns0:href="#xpointer(//reflist/entry[@id=%223%22])" />creat fund mirror market ineffici stock select avoid</p><p>econom profit stock pick stock picker achiev superior return excess return will exceed cost win includ salari inform cost trade cost conclus investor better buy cheap fund</p></sec><sec><st>index method</st><ss1><st>tradit index</st><p>index tradit practic own repres collect<link ns0:type="simple" ns0:href="../162/42162.xml">secur</link>ratio target modif secur hold compani period enter leav target</p></ss1><ss1><st>synthet index</st><p>synthet index modern techniqu combin equiti futur contract invest low risk bond replic perform invest equiti make maintain futur posit higher cost structur tradit passiv sampl synthet index result favour tax treatment intern investor subject dividend withhold tax bond portion hold higher yield instrument tradeoff correspond higher risk techniqu refer enhanc index</p></ss1><ss1><st>enhanc index</st><p><link ns0:type="simple" ns0:href="../913/4956913.xml">enhanc index</link>catchal term refer improv fund manag emphas perform<link ns0:type="simple" ns0:href="../570/1645570.xml">activ manag</link>enhanc fund employ varieti enhanc techniqu includ custom index reli commerci index trade strategi exclus rule time strategi cost advantag index reduc elimin employ<link ns0:type="simple" ns0:href="../570/1645570.xml">activ manag</link></p></ss1></sec><sec><st>advantag</st><ss1><st>low cost</st><p>composit target quantiti cost fund highli paid stock picker analyst need typic expens ratio fund rang larg compani index emerg market index expens ratio averag larg cap activ manag mutual fund mutual fund produc return expens account expens ratio differ result expens return larg cap fund versu activ manag larg cap fund</p></ss1><ss1><st>simplic</st><p>invest object fund easi understand investor target fund secur fund will hold determin directli manag fund hold easi rebalanc month year</p></ss1><ss1><st>lower turnov</st><p><link>turnov</link>refer sell buy secur fund manag sell secur jurisdict result<link ns0:type="simple" ns0:href="../878/505878.xml">capit gain tax</link>charg pass fund investor fund passiv invest turnov lower activ manag fund studi conduct<physical_entity wordnetid="100001930" confidence="0.8"><person wordnetid="100007846" confidence="0.8"><intellectual wordnetid="109621545" confidence="0.8"><alumnus wordnetid="109786338" confidence="0.8"><causal_agent wordnetid="100007347" confidence="0.8"><scholar wordnetid="110557854" confidence="0.8"><link ns0:type="simple" ns0:href="../795/1542795.xml">john bogl</link></scholar></causal_agent></alumnus></intellectual></person></physical_entity>period investor cumul return averag activ manag mutual fund market fund invest fund grew averag activ manag stock mutual fund gain reduct silent partner</p></ss1><ss1><st>style drift</st><p>style drift occur activ manag mutual fund describ style midcap larg cap incom increas return drift hurt portfolio built diversif high prioriti drift style reduc portfolio divers subsequ increas risk fund drift accur diversif portfolio increas</p></ss1></sec><sec><st>disadvantag</st><ss1><st>track error</st><p>fund aim match market return compar market consid track error exampl ineffici fund gener posit track error fall market hold cash hold compar market</p><p><company wordnetid="108058098" confidence="0.9508927676800064"><link ns0:type="simple" ns0:href="../374/692374.xml">vanguard group</link></company>well fund track error<link ns0:type="simple" ns0:href="../963/1289963.xml">basi point</link>morningstar survey averag basi point fund<ref ns0:type="simple" ns0:href="#xpointer(//reflist/entry[@id=%224%22])" /></p></ss1><ss1><st>outperform target</st><p>design fund seek match outperform target good fund low track error will gener outperform produc<link ns0:type="simple" ns0:href="../956/3440956.xml">rate return</link>minu fund cost</p></ss1><ss1><st>immun market bubbl</st><p>own<link ns0:type="simple" ns0:href="../683/4706683.xml">diversifi</link>stock fund investor immun<link ns0:type="simple" ns0:href="../769/1013769.xml">systemat risk</link><link ns0:type="simple" ns0:href="../077/63077.xml">stock market bubbl</link><ref ns0:type="simple" ns0:href="#xpointer(//reflist/entry[@id=%225%22])" />technolog sector bubbl burst<message wordnetid="106598915" confidence="0.8"><information wordnetid="106634376" confidence="0.8"><index wordnetid="106639674" confidence="0.8"><fact wordnetid="106636259" confidence="0.8"><stock_index wordnetid="106641924" confidence="0.8"><link ns0:type="simple" ns0:href="../992/170992.xml" /></stock_index></fact></index></information></message>drop</p></ss1><ss1><st>composit chang reduc return</st><p>chang fund face prospect sell stock remov purchas stock typic turnov year<ref ns0:type="simple" ns0:href="#xpointer(//reflist/entry[@id=%226%22])" /></p><p>consequ fund track announc ahead time trade plan result price stock remov driven price stock driven fund suffer<link ns0:type="simple" ns0:href="../527/321527.xml">market impact</link>cost sell stock price depress buy stock price inflat loss small rel fund advantag gain low cost</p></ss1></sec><sec><st>diversif</st><p><indent level="1">main articl<link ns0:type="simple" ns0:href="../683/4706683.xml">diversif financ</link></indent><link ns0:type="simple" ns0:href="../683/4706683.xml">diversif</link>refer number secur fund fund secur better diversifi fund smaller number secur own secur reduc volatil decreas impact larg price swing averag return singl secur<message wordnetid="106598915" confidence="0.8"><information wordnetid="106634376" confidence="0.8"><index wordnetid="106639674" confidence="0.8"><fact wordnetid="106636259" confidence="0.8"><stock_index wordnetid="106641924" confidence="0.8"><link ns0:type="simple" ns0:href="../646/1039646.xml">wilshir</link></stock_index></fact></index></information></message>consid diversifi biotech<work wordnetid="100575741" confidence="0.8"><event wordnetid="100029378" confidence="0.8"><service wordnetid="100577525" confidence="0.8"><act wordnetid="100030358" confidence="0.8"><psychological_feature wordnetid="100023100" confidence="0.8"><activity wordnetid="100407535" confidence="0.8"><link ns0:type="simple" ns0:href="../170/538170.xml">etf</link></activity></psychological_feature></act></service></event></work><ref ns0:type="simple" ns0:href="#xpointer(//reflist/entry[@id=%227%22])" /></p><p>indic<message wordnetid="106598915" confidence="0.8"><information wordnetid="106634376" confidence="0.8"><index wordnetid="106639674" confidence="0.8"><fact wordnetid="106636259" confidence="0.8"><stock_index wordnetid="106641924" confidence="0.8"><link ns0:type="simple" ns0:href="../992/170992.xml" /></stock_index></fact></index></information></message><link ns0:type="simple" ns0:href="../717/497717.xml">ftse</link>domin larg compani stock fund high percentag fund concentr larg compani posit repres reduct divers lead increas<link ns0:type="simple" ns0:href="../108/11930108.xml">volatil</link><link ns0:type="simple" ns0:href="../365/3711365.xml">invest risk</link>investor seek diversifi fund</p><p>advoc adopt strategi invest secur proport market capit gener invest collect etf proport countri market capit<ref ns0:type="simple" ns0:href="#xpointer(//reflist/entry[@id=%228%22])" />global index strategi outperform base market index correl return compani oper market compani oper market</p></sec><sec><st>asset alloc achiev balanc</st><p><indent level="1">main articl<link ns0:type="simple" ns0:href="../889/2168889.xml">asset alloc</link></indent><link ns0:type="simple" ns0:href="../889/2168889.xml">asset alloc</link>process determin mix<link ns0:type="simple" ns0:href="../096/294096.xml">stock</link><link ns0:type="simple" ns0:href="../737/60737.xml">bond</link>class invest asset match investor risk capac includ attitud risk net incom net worth knowledg invest concept time horizon fund captur asset class low cost tax effici manner design balanc portfolio</p><p>combin mutual fund<work wordnetid="100575741" confidence="0.8"><event wordnetid="100029378" confidence="0.8"><service wordnetid="100577525" confidence="0.8"><act wordnetid="100030358" confidence="0.8"><psychological_feature wordnetid="100023100" confidence="0.8"><activity wordnetid="100407535" confidence="0.8"><link ns0:type="simple" ns0:href="../170/538170.xml">etf</link></activity></psychological_feature></act></service></event></work>implement full rang invest polici low risk high risk</p></sec><sec><st>comparison fund etf</st><p>mutual fund price day<work wordnetid="100575741" confidence="0.8"><event wordnetid="100029378" confidence="0.8"><service wordnetid="100577525" confidence="0.8"><act wordnetid="100030358" confidence="0.8"><psychological_feature wordnetid="100023100" confidence="0.8"><activity wordnetid="100407535" confidence="0.8"><link ns0:type="simple" ns0:href="../170/538170.xml">etf</link></activity></psychological_feature></act></service></event></work>intraday price</p><p><work wordnetid="100575741" confidence="0.8"><event wordnetid="100029378" confidence="0.8"><service wordnetid="100577525" confidence="0.8"><act wordnetid="100030358" confidence="0.8"><psychological_feature wordnetid="100023100" confidence="0.8"><activity wordnetid="100407535" confidence="0.8"><link ns0:type="simple" ns0:href="../170/538170.xml">etf</link></activity></psychological_feature></act></service></event></work>lower expens ratio compar regular fund histor etf subject high brokerag fee onlin broker begun reduc elimin fee<weblink ns0:type="simple" ns0:href="http://www.marketwatch.com/news/story/lower-etf-fees-seen-boon/story.aspx?guid=%7B845DCAA9-D455-4FC3-A697-D41154722403%7D" /></p><p>investor purchas base etf base mutual fund mutual fund market expens base etf purchas etf cheaper option current case canadian investor<weblink ns0:type="simple" ns0:href="http://www.efficientmarket.ca/article/ETF_Investing" />exampl</p></sec><sec><st>capit gain tax consider</st><p>mutual fund requir law distribut realiz capit gain sharehold mutual fund sell secur gain capit gain taxabl year realiz capit loss offset realiz capit gain</p><p>scenario investor enter mutual fund middl year experienc loss month mutual fund sold secur gain year declar capit gain distribut<agency wordnetid="108337324" confidence="0.9508927676800064"><link ns0:type="simple" ns0:href="../375/15375.xml" /></agency>requir investor pay tax capit gain distribut loss</p><p>small investor sell<work wordnetid="100575741" confidence="0.8"><event wordnetid="100029378" confidence="0.8"><service wordnetid="100577525" confidence="0.8"><act wordnetid="100030358" confidence="0.8"><psychological_feature wordnetid="100023100" confidence="0.8"><activity wordnetid="100407535" confidence="0.8"><link ns0:type="simple" ns0:href="../170/538170.xml">etf</link></activity></psychological_feature></act></service></event></work>investor redempt<work wordnetid="100575741" confidence="0.8"><event wordnetid="100029378" confidence="0.8"><service wordnetid="100577525" confidence="0.8"><act wordnetid="100030358" confidence="0.8"><psychological_feature wordnetid="100023100" confidence="0.8"><activity wordnetid="100407535" confidence="0.8"><link ns0:type="simple" ns0:href="../170/538170.xml">etf</link></activity></psychological_feature></act></service></event></work><work wordnetid="100575741" confidence="0.8"><event wordnetid="100029378" confidence="0.8"><service wordnetid="100577525" confidence="0.8"><act wordnetid="100030358" confidence="0.8"><psychological_feature wordnetid="100023100" confidence="0.8"><activity wordnetid="100407535" confidence="0.8"><link ns0:type="simple" ns0:href="../170/538170.xml">etf</link></activity></psychological_feature></act></service></event></work>immun forc redempt caus realiz capit gain</p></sec><sec><st /><p><list><entry level="1" type="bullet"><work wordnetid="100575741" confidence="0.8"><event wordnetid="100029378" confidence="0.8"><service wordnetid="100577525" confidence="0.8"><act wordnetid="100030358" confidence="0.8"><psychological_feature wordnetid="100023100" confidence="0.8"><activity wordnetid="100407535" confidence="0.8"><link ns0:type="simple" ns0:href="../570/1645570.xml">activ manag</link></activity></psychological_feature></act></service></event></work></entry><entry level="1" type="bullet"><work wordnetid="100575741" confidence="0.8"><event wordnetid="100029378" confidence="0.8"><service wordnetid="100577525" confidence="0.8"><act wordnetid="100030358" confidence="0.8"><psychological_feature wordnetid="100023100" confidence="0.8"><activity wordnetid="100407535" confidence="0.8"><link ns0:type="simple" ns0:href="../170/538170.xml">exchangetrad fund</link></activity></psychological_feature></act></service></event></work></entry><entry level="1" type="bullet"><link ns0:type="simple" ns0:href="../845/253845.xml">list financ topic</link></entry><entry level="1" type="bullet"><work wordnetid="100575741" confidence="0.8"><event wordnetid="100029378" confidence="0.8"><service wordnetid="100577525" confidence="0.8"><act wordnetid="100030358" confidence="0.8"><psychological_feature wordnetid="100023100" confidence="0.8"><activity wordnetid="100407535" confidence="0.8"><link ns0:type="simple" ns0:href="../118/24118.xml">passiv manag</link></activity></psychological_feature></act></service></event></work></entry><entry level="1" type="bullet"><link ns0:type="simple" ns0:href="../423/47423.xml">stock market</link></entry><entry level="1" type="bullet"><link ns0:type="simple" ns0:href="../913/4956913.xml">enhanc index</link></entry><entry level="1" type="bullet"><process wordnetid="105701363" confidence="0.8"><market wordnetid="101097292" confidence="0.8"><thinking wordnetid="105770926" confidence="0.8"><event wordnetid="100029378" confidence="0.8"><explanation wordnetid="105793000" confidence="0.8"><theory wordnetid="105989479" confidence="0.8"><act wordnetid="100030358" confidence="0.8"><psychological_feature wordnetid="100023100" confidence="0.8"><activity wordnetid="100407535" confidence="0.8"><higher_cognitive_process wordnetid="105770664" confidence="0.8"><link ns0:type="simple" ns0:href="../242/1011242.xml">invest</link></higher_cognitive_process></activity></psychological_feature></act></theory></explanation></event></thinking></market></process></entry></list></p></sec><sec><st>refer</st><p><reflist><entry id="1">bogl john<weblink ns0:type="simple" ns0:href="http://www.vanguard.com/bogle_site/lib/sp19970401.html">mutual fund histori vanguard trust vanguard strategi</weblink><link>bogl financi center</link></entry><entry id="2">ferri richard<link /><weblink ns0:type="simple" ns0:href="http://books.google.com/books?id=wuTWFNXuNw8C pg=PA38 lpg=PA38 dq=index+fund+unamerican source=web ots=9JuonIA0u4 sig=_ni97KfBlBoyPjhyLBiQh--9RxE#PPA37,M1">fund</weblink><company wordnetid="108058098" confidence="0.9508927676800064"><link ns0:type="simple" ns0:href="../269/651269.xml">mcgrawhil</link></company></entry><entry id="3">burton malkiel random walk wall street norton isbn</entry><entry id="4">ann young lauren<link /><weblink ns0:type="simple" ns0:href="http://www.businessweek.com/magazine/content/04_16/b3879125_mz070.htm">fund equal</weblink><newspaper wordnetid="106267145" confidence="0.9508927676800064"><link ns0:type="simple" ns0:href="../157/945157.xml">businessweek</link></newspaper><link ns0:type="simple" ns0:href="../269/651269.xml">mcgrawhil compani</link>retriev<link /></entry><entry id="5">gregg<link /><weblink ns0:type="simple" ns0:href="http://news.morningstar.com/article/article.asp?id=156794">hidden drawback index</weblink><company wordnetid="108058098" confidence="0.9508927676800064"><link ns0:type="simple" ns0:href="../542/1373542.xml">morningstar</link></company>retriev<link /></entry><entry id="6"><weblink ns0:type="simple" ns0:href="http://www2.standardandpoors.com/portal/site/sp/en/au/page.topic/indices_500/2,3,2,2,0,0,0,0,0,5,13,0,0,0,0,0.html">turnov data</weblink><company wordnetid="108058098" confidence="0.9508927676800064"><link ns0:type="simple" ns0:href="../386/164386.xml">standard poor</link></company><link ns0:type="simple" ns0:href="../269/651269.xml">mcgrawhil compani</link>retriev<link /></entry><entry id="7"><physical_entity wordnetid="100001930" confidence="0.8"><person wordnetid="100007846" confidence="0.8"><intellectual wordnetid="109621545" confidence="0.8"><alumnus wordnetid="109786338" confidence="0.8"><causal_agent wordnetid="100007347" confidence="0.8"><scholar wordnetid="110557854" confidence="0.8"><link ns0:type="simple" ns0:href="../795/1542795.xml">bogl john</link></scholar></causal_agent></alumnus></intellectual></person></physical_entity><link /><weblink ns0:type="simple" ns0:href="http://www.vanguard.com/bogle_site/sp20040413.html">fund move dogma</weblink>gari distinguish lectur bogl financi center retriev<link /></entry><entry id="8"><link>gale martin</link><weblink ns0:type="simple" ns0:href="http://www.efficientmarket.ca/article/Globally_Efficient_Equity_Portfolio">build global effici equiti portfolio exchang trade fund</weblink>retriev<link /></entry></reflist></p><p><list><entry level="1" type="bullet">john bogl bogl mutual fund perspect intellig investor dell isbn</entry><entry level="1" type="bullet">mark fund step program activ investor ifa publish isbn</entry><entry level="1" type="bullet">taylor mel michael guid invest wiley isbn</entry><entry level="1" type="bullet"><company wordnetid="108058098" confidence="0.9508927676800064"><link ns0:type="simple" ns0:href="../333/314333.xml">berkshir hathaway</link></company>annual report<weblink ns0:type="simple" ns0:href="http://en.wikiquote.org/wiki/Warren_Buffett">wikiquot</weblink>text</entry></list></p></sec><sec><st>extern link</st><p><list><entry level="1" type="bullet"><weblink ns0:type="simple" ns0:href="http://www.sanfranmag.com/story/best-investment-advice-youll-never-get">best invest advic youll</weblink>san francisco magazin articl histori practic fund commentari<link ns0:type="simple" ns0:href="../597/226597.xml">mutual fund</link></entry><entry level="1" type="bullet"><weblink ns0:type="simple" ns0:href="http://papers.ssrn.com/sol3/papers.cfm?abstract_id=849627">stock pick declin</weblink>articl argu move index</entry><entry level="1" type="bullet"><weblink ns0:type="simple" ns0:href="http://www.fool.com/60second/indexfund.htm?terms=index+funds vstest=search_042607_linkdefault">second guid fund invest</weblink>fool invest</entry><entry level="1" type="bullet"><weblink ns0:type="simple" ns0:href="http://www.investopedia.com/articles/basics/03/032803.asp">fund</weblink>introduct fund</entry></list></p><p><table style=";" class="navbox" cellspacing="0"><row><col style="padding:2px;"><table style="width:100%;background:transparent;color:inherit;;" class="nowraplinks collapsible autocollapse " cellspacing="0"><row><header colspan="2" style=";" class="navbox-title"><work wordnetid="100575741" confidence="0.8"><event wordnetid="100029378" confidence="0.8"><service wordnetid="100577525" confidence="0.8"><act wordnetid="100030358" confidence="0.8"><psychological_feature wordnetid="100023100" confidence="0.8"><activity wordnetid="100407535" confidence="0.8"><link ns0:type="simple" ns0:href="../851/1557851.xml">invest manag</link></activity></psychological_feature></act></service></event></work></header></row><row style="height:2px;" /><row><col style=";;" class="navbox-group"><work wordnetid="100575741" confidence="0.8"><event wordnetid="100029378" confidence="0.8"><service wordnetid="100577525" confidence="0.8"><act wordnetid="100030358" confidence="0.8"><psychological_feature wordnetid="100023100" confidence="0.8"><activity wordnetid="100407535" confidence="0.8"><link ns0:type="simple" ns0:href="../066/3061066.xml">collect invest scheme structur</link></activity></psychological_feature></act></service></event></work></col><col style="text-align:left;border-left:2px solid #fdfdfd;width:100%;padding:0px;;;" class="navbox-list navbox-odd"><work wordnetid="100575741" confidence="0.8"><event wordnetid="100029378" confidence="0.8"><service wordnetid="100577525" confidence="0.8"><act wordnetid="100030358" confidence="0.8"><psychological_feature wordnetid="100023100" confidence="0.8"><activity wordnetid="100407535" confidence="0.8"><link ns0:type="simple" ns0:href="../571/3490571.xml">common contractu fund</link></activity></psychological_feature></act></service></event></work><work wordnetid="100575741" confidence="0.8"><event wordnetid="100029378" confidence="0.8"><service wordnetid="100577525" confidence="0.8"><act wordnetid="100030358" confidence="0.8"><psychological_feature wordnetid="100023100" confidence="0.8"><activity wordnetid="100407535" confidence="0.8"><link ns0:type="simple" ns0:href="../909/4019909.xml">fond commun placement</link></activity></psychological_feature></act></service></event></work><link ns0:type="simple" ns0:href="../675/851675.xml">invest trust</link><link ns0:type="simple" ns0:href="../907/2286907.xml">unit trust</link><link ns0:type="simple" ns0:href="../597/226597.xml">mutual fund</link><work wordnetid="100575741" confidence="0.8"><event wordnetid="100029378" confidence="0.8"><service wordnetid="100577525" confidence="0.8"><act wordnetid="100030358" confidence="0.8"><psychological_feature wordnetid="100023100" confidence="0.8"><activity wordnetid="100407535" confidence="0.8"><link ns0:type="simple" ns0:href="../649/3049649.xml" /></activity></psychological_feature></act></service></event></work><work wordnetid="100575741" confidence="0.8"><event wordnetid="100029378" confidence="0.8"><service wordnetid="100577525" confidence="0.8"><act wordnetid="100030358" confidence="0.8"><psychological_feature wordnetid="100023100" confidence="0.8"><activity wordnetid="100407535" confidence="0.8"><link ns0:type="simple" ns0:href="../888/3133888.xml">sicav</link></activity></psychological_feature></act></service></event></work><link ns0:type="simple" ns0:href="../889/3052889.xml">unit invest trust</link><work wordnetid="100575741" confidence="0.8"><event wordnetid="100029378" confidence="0.8"><service wordnetid="100577525" confidence="0.8"><act wordnetid="100030358" confidence="0.8"><psychological_feature wordnetid="100023100" confidence="0.8"><activity wordnetid="100407535" confidence="0.8"><link ns0:type="simple" ns0:href="../170/538170.xml">exchangetrad fund</link></activity></psychological_feature></act></service></event></work><work wordnetid="100575741" confidence="0.8"><event wordnetid="100029378" confidence="0.8"><service wordnetid="100577525" confidence="0.8"><act wordnetid="100030358" confidence="0.8"><psychological_feature wordnetid="100023100" confidence="0.8"><activity wordnetid="100407535" confidence="0.8"><link ns0:type="simple" ns0:href="../744/2529744.xml">offshor fund</link></activity></psychological_feature></act></service></event></work><work wordnetid="100575741" confidence="0.8"><event wordnetid="100029378" confidence="0.8"><service wordnetid="100577525" confidence="0.8"><act wordnetid="100030358" confidence="0.8"><psychological_feature wordnetid="100023100" confidence="0.8"><activity wordnetid="100407535" confidence="0.8"><link ns0:type="simple" ns0:href="../863/3104863.xml">insur fund</link></activity></psychological_feature></act></service></event></work></col></row><row style="height:2px" /><row><col style=";;" class="navbox-group">invest style</col><col style="text-align:left;border-left:2px solid #fdfdfd;width:100%;padding:0px;;;" class="navbox-list navbox-even"><work wordnetid="100575741" confidence="0.8"><event wordnetid="100029378" confidence="0.8"><service wordnetid="100577525" confidence="0.8"><act wordnetid="100030358" confidence="0.8"><psychological_feature wordnetid="100023100" confidence="0.8"><activity wordnetid="100407535" confidence="0.8"><link ns0:type="simple" ns0:href="../570/1645570.xml">activ</link></activity></psychological_feature></act></service></event></work><work wordnetid="100575741" confidence="0.8"><event wordnetid="100029378" confidence="0.8"><service wordnetid="100577525" confidence="0.8"><act wordnetid="100030358" confidence="0.8"><psychological_feature wordnetid="100023100" confidence="0.8"><activity wordnetid="100407535" confidence="0.8"><link ns0:type="simple" ns0:href="../118/24118.xml">passiv manag</link></activity></psychological_feature></act></service></event></work><process wordnetid="105701363" confidence="0.8"><market wordnetid="101097292" confidence="0.8"><thinking wordnetid="105770926" confidence="0.8"><event wordnetid="100029378" confidence="0.8"><explanation wordnetid="105793000" confidence="0.8"><theory wordnetid="105989479" confidence="0.8"><act wordnetid="100030358" confidence="0.8"><psychological_feature wordnetid="100023100" confidence="0.8"><activity wordnetid="100407535" confidence="0.8"><higher_cognitive_process wordnetid="105770664" confidence="0.8"><link ns0:type="simple" ns0:href="../242/1011242.xml" /></higher_cognitive_process></activity></psychological_feature></act></theory></explanation></event></thinking></market></process><link ns0:type="simple" ns0:href="../834/3304834.xml">growth invest</link><link ns0:type="simple" ns0:href="../412/14412.xml">hedg fund</link><work wordnetid="100575741" confidence="0.8"><event wordnetid="100029378" confidence="0.8"><service wordnetid="100577525" confidence="0.8"><act wordnetid="100030358" confidence="0.8"><psychological_feature wordnetid="100023100" confidence="0.8"><activity wordnetid="100407535" confidence="0.8"><link ns0:type="simple" ns0:href="../490/9547490.xml">social respons invest</link></activity></psychological_feature></act></service></event></work><work wordnetid="100575741" confidence="0.8"><event wordnetid="100029378" confidence="0.8"><service wordnetid="100577525" confidence="0.8"><act wordnetid="100030358" confidence="0.8"><psychological_feature wordnetid="100023100" confidence="0.8"><activity wordnetid="100407535" confidence="0.8"><link ns0:type="simple" ns0:href="../620/2107620.xml">fund fund</link></activity></psychological_feature></act></service></event></work><link ns0:type="simple" ns0:href="../187/5466187.xml">manag manag</link><link ns0:type="simple" ns0:href="../012/106012.xml">fund</link></col></row><row style="height:2px" /><row><col style=";;" class="navbox-group">theori terminolog</col><col style="text-align:left;border-left:2px solid #fdfdfd;width:100%;padding:0px;;;" class="navbox-list navbox-odd"><market wordnetid="101097292" confidence="0.8"><event wordnetid="100029378" confidence="0.8"><act wordnetid="100030358" confidence="0.8"><psychological_feature wordnetid="100023100" confidence="0.8"><activity wordnetid="100407535" confidence="0.8"><link ns0:type="simple" ns0:href="../602/164602.xml">effici market hypothesi</link></activity></psychological_feature></act></event></market><work wordnetid="100575741" confidence="0.8"><event wordnetid="100029378" confidence="0.8"><service wordnetid="100577525" confidence="0.8"><act wordnetid="100030358" confidence="0.8"><psychological_feature wordnetid="100023100" confidence="0.8"><activity wordnetid="100407535" confidence="0.8"><link ns0:type="simple" ns0:href="../368/1259368.xml">net asset</link></activity></psychological_feature></act></service></event></work><link ns0:type="simple" ns0:href="../069/163069.xml">openend fund</link><link ns0:type="simple" ns0:href="../072/163072.xml">closedend fund</link></col></row><row style="height:2px" /><row><col style=";;" class="navbox-group">topic</col><col style="text-align:left;border-left:2px solid #fdfdfd;width:100%;padding:0px;;;" class="navbox-list navbox-even"><link ns0:type="simple" ns0:href="../436/2152436.xml">list asset manag firm</link><work wordnetid="100575741" confidence="0.8"><event wordnetid="100029378" confidence="0.8"><service wordnetid="100577525" confidence="0.8"><act wordnetid="100030358" confidence="0.8"><psychological_feature wordnetid="100023100" confidence="0.8"><activity wordnetid="100407535" confidence="0.8"><link ns0:type="simple" ns0:href="../224/5073224.xml">umbrella fund</link></activity></psychological_feature></act></service></event></work><link ns0:type="simple" ns0:href="../504/3371504.xml" /></col></row></table></col></row></table></p></sec></bdy></service></article>