<article xmlns:ns0="http://www.w3.org/1999/xlink"><company confidence="0.9508927676800064" wordnetid="108058098"><header><title>proxicom</title><id /><revision><id /><timestamp /><contributor><username /><id /></contributor></revision><categories><category>compani establish</category><category>dotcom consult firm</category><category>northern virginia</category><category>compani base reston virginia</category></categories></header><bdy><template><name /><parameters><location><image width="20px" src="Flag_of_the_United_States.svg" /><village wordnetid="108672738" confidence="0.9508927676800064"><link ns0:type="simple" ns0:href="../589/137589.xml">reston virginia</link></village><body wordnetid="107965085" confidence="0.8"><social_group wordnetid="107950920" confidence="0.8"><political_orientation wordnetid="106212839" confidence="0.8"><colony wordnetid="108374049" confidence="0.8"><state wordnetid="108168978" confidence="0.8"><political_unit wordnetid="108359949" confidence="0.8"><group wordnetid="100031264" confidence="0.8"><democracy wordnetid="106217103" confidence="0.8"><link ns0:type="simple" ns0:href="../750/3434750.xml">unit</link></democracy></group></political_unit></state></colony></political_orientation></social_group></body></location><company_logo><image width="147px" src="Proxicom-logo.JPG‎"><caption>proxicom</caption></image></company_logo><company_name>proxicom</company_name><company_type>privat</company_type><foundation><link ns0:type="simple" ns0:href="../703/34703.xml" /></foundation><industry>automot financi servic retail consum good healthcar technolog media govern energi util industri materi good</industry><products>interact strategi optim creativ design user experi market servic technolog develop system integr</products><homepage><weblink ns0:type="simple" ns0:href="http://www.proxicom.com/" /></homepage><key_people>paul cooley murray van dyke evp sale evp svp corp strategi</key_people></parameters></template><p>proxicom<link ns0:type="simple" ns0:href="../607/7306607.xml">interact agenc</link>develop interact weben solut global organ found<body wordnetid="107965085" confidence="0.8"><social_group wordnetid="107950920" confidence="0.8"><political_orientation wordnetid="106212839" confidence="0.8"><colony wordnetid="108374049" confidence="0.8"><state wordnetid="108168978" confidence="0.8"><political_unit wordnetid="108359949" confidence="0.8"><group wordnetid="100031264" confidence="0.8"><democracy wordnetid="106217103" confidence="0.8"><link ns0:type="simple" ns0:href="../750/3434750.xml">american</link></democracy></group></political_unit></state></colony></political_orientation></social_group></body><link ns0:type="simple" ns0:href="../862/39862.xml" /><physical_entity wordnetid="100001930" confidence="0.8"><mystic wordnetid="110343554" confidence="0.8"><expert wordnetid="109617867" confidence="0.8"><executive wordnetid="110069645" confidence="0.8"><person wordnetid="100007846" confidence="0.8"><leader wordnetid="109623038" confidence="0.8"><administrator wordnetid="109770949" confidence="0.8"><causal_agent wordnetid="100007347" confidence="0.8"><religious_person wordnetid="109628382" confidence="0.8"><head wordnetid="110162991" confidence="0.8"><believer wordnetid="109847727" confidence="0.8"><ace wordnetid="109762509" confidence="0.8"><link ns0:type="simple" ns0:href="../958/10206958.xml">raul fernandez entrepreneur</link></ace></believer></head></religious_person></causal_agent></administrator></leader></person></executive></expert></mystic></physical_entity>proxicom consid origin interact profession servic organ<link ns0:type="simple" ns0:href="../045/4796045.xml">dot</link>era proxicom creativ strateg technic analyt market solut number select industri includ<link ns0:type="simple" ns0:href="../352/337352.xml">automot</link><link ns0:type="simple" ns0:href="../425/433425.xml">financi servic</link>retail consum good<link ns0:type="simple" ns0:href="../708/1614708.xml">cpg</link><link ns0:type="simple" ns0:href="../925/261925.xml">healthcar</link><link ns0:type="simple" ns0:href="../816/29816.xml">technolog</link><link ns0:type="simple" ns0:href="../641/19641.xml">media</link><link ns0:type="simple" ns0:href="../229/12229.xml">govern</link><link ns0:type="simple" ns0:href="../649/9649.xml">energi</link><link ns0:type="simple" ns0:href="../136/171136.xml">util</link>industri materi good</p><sec><st>histori proxicom</st><ss1><st>overview</st><p>proxicom origin conceiv system integr base<village wordnetid="108672738" confidence="0.9508927676800064"><link ns0:type="simple" ns0:href="../589/137589.xml">reston virginia</link></village>mid late nineti proxicom grew dramat focus design develop websit compani includ<company wordnetid="108058098" confidence="0.8"><institution wordnetid="108053576" confidence="0.8"><link ns0:type="simple" ns0:href="../482/187482.xml">mci</link></institution></company><link ns0:type="simple" ns0:href="../397/1397.xml">america onlin</link><link ns0:type="simple" ns0:href="../992/1352992.xml">marriott</link><link ns0:type="simple" ns0:href="../937/1211937.xml">prudenti</link><company wordnetid="108058098" confidence="0.9508927676800064"><link ns0:type="simple" ns0:href="../384/74384.xml">morgan stanley</link></company><company wordnetid="108058098" confidence="0.9508927676800064"><link ns0:type="simple" ns0:href="../197/18848197.xml">exxonmobil</link></company></p><p>proxicom expand rapidli purchas organ base west coast unit acquisit technic integr firm locat<village wordnetid="108672738" confidence="0.9508927676800064"><link ns0:type="simple" ns0:href="../728/49728.xml">san francisco california</link></village>name ibi consult second purchas user experi creativ design boutiqu entitl hoc base<village wordnetid="108672738" confidence="0.9508927676800064"><link ns0:type="simple" ns0:href="../735/107735.xml">california</link></village>addit proxicom establish nationwid presenc offic locat greater staff personnel</p><p>april proxicom publicli trade organ list<company wordnetid="108058098" confidence="0.8"><institution wordnetid="108053576" confidence="0.8"><link ns0:type="simple" ns0:href="../559/21559.xml">nasdaq</link></institution></company>stock exchang trade symbol ipo net proxicom investor proxicom like<company wordnetid="108058098" confidence="0.9508927676800064"><link ns0:type="simple" ns0:href="../245/10391245.xml" /></company><company wordnetid="108058098" confidence="0.9508927676800064"><link ns0:type="simple" ns0:href="../573/538573.xml" /></company><company wordnetid="108058098" confidence="0.8"><institution wordnetid="108053576" confidence="0.8"><link ns0:type="simple" ns0:href="../517/7848517.xml" /></institution></company><company wordnetid="108058098" confidence="0.9508927676800064"><link ns0:type="simple" ns0:href="../090/9492090.xml" /></company>interact consult arena</p><p>conclus proxicom gener revenu consult</p></ss1><ss1><st>dot bubbl</st><p>april proxicom purchas dimens data south african base network servic compani dimens data focus design develop construct network system global organ goal proxicom purchas establish servic practic brand presenc<body wordnetid="107965085" confidence="0.8"><social_group wordnetid="107950920" confidence="0.8"><political_orientation wordnetid="106212839" confidence="0.8"><colony wordnetid="108374049" confidence="0.8"><state wordnetid="108168978" confidence="0.8"><political_unit wordnetid="108359949" confidence="0.8"><group wordnetid="100031264" confidence="0.8"><democracy wordnetid="106217103" confidence="0.8"><link ns0:type="simple" ns0:href="../750/3434750.xml">unit</link></democracy></group></political_unit></state></colony></political_orientation></social_group></body></p></ss1><ss1><st>rebirth</st><p>year brought life proxicom gore group llc<weblink ns0:type="simple" ns0:href="http://www.gores.com">gore web site</weblink>privat held invest firm base<village wordnetid="108672738" confidence="0.9508927676800064"><link ns0:type="simple" ns0:href="../110/18110.xml">angel california</link></village>purchas proxicom dimens data proxicom expand industri offer purchas healthcar servic firm system dilig manag financi oversight proxicom leadership gore group navig hurdl era reestablish proxicom interact agenc space</p></ss1><ss1><st>today</st><p>proxicom acquir icross mid<ref ns0:type="simple" ns0:href="#xpointer(//reflist/entry[@id=%221%22])" />proxicom brand retir</p></ss1></sec><sec><st>servic</st><ss2><st>interact strategi optim</st><p>proxicom comprehens suit strateg servic design maxim onlin busi combin<link ns0:type="simple" ns0:href="../252/59252.xml">market</link>industri insight endus scenario test priorit busi requir measur<link ns0:type="simple" ns0:href="../132/487132.xml">analyt</link>proxicom partner client creat achiev roadmap meet specif busi object optim deepen custom engag</p></ss2><ss2><st>creativ design user experi</st><p>proxicom offer number creativ user experi servic focus brand strategi brand<link ns0:type="simple" ns0:href="../560/8560.xml">design</link>develop<link ns0:type="simple" ns0:href="../035/34035.xml">web design</link><link ns0:type="simple" ns0:href="../591/1141591.xml">rich internet applic</link><software wordnetid="106566077" confidence="0.9508927676800064"><link ns0:type="simple" ns0:href="../947/20947.xml">flash</link></software>design<link ns0:type="simple" ns0:href="../945/185945.xml">inform architectur</link>interfac<link ns0:type="simple" ns0:href="../276/288276.xml">usabl</link>analysi test onlin design market integr</p></ss2><ss2><st>market servic</st><p>proxicom enhanc brand power servic<link ns0:type="simple" ns0:href="../946/187946.xml">search engin optim</link>seo<link ns0:type="simple" ns0:href="../074/2111074.xml">search engin market</link>sem onlin media plan buy emerg technolog develop execut<link ns0:type="simple" ns0:href="../758/703758.xml">affili program</link>develop<link ns0:type="simple" ns0:href="../738/9738.xml">email</link>campaign</p></ss2><ss2><st>technolog develop system integr</st><p>proxicom design build integr maintain robust internet applic solut develop cut edg technolog encompass latest<link ns0:type="simple" ns0:href="../669/1669669.xml">technic architectur</link>code techniqu<link ns0:type="simple" ns0:href="../885/75885.xml">content manag system</link><link ns0:type="simple" ns0:href="../377/8377.xml">databas</link>secur protocol<link ns0:type="simple" ns0:href="../615/13615.xml">hardwar</link>third parti tool</p></ss2></sec><sec><st>sampl client</st><p><table><row><col><list><entry level="1" type="definition">automot</entry><entry level="1" type="bullet"><company wordnetid="108058098" confidence="0.9508927676800064"><link ns0:type="simple" ns0:href="../370/19370.xml">mazda</link></company><weblink ns0:type="simple" ns0:href="http://www.mazdausa.com">mazda usa web site</weblink></entry><entry level="1" type="bullet"><company wordnetid="108058098" confidence="0.9508927676800064"><link ns0:type="simple" ns0:href="../984/30984.xml">toyota</link></company><weblink ns0:type="simple" ns0:href="http://www.toyota.com">toyota motor sale usa web site</weblink></entry><entry level="1" type="bullet"><company wordnetid="108058098" confidence="0.9508927676800064"><link ns0:type="simple" ns0:href="../413/32413.xml">volkswagen</link></company><weblink ns0:type="simple" ns0:href="http://www.vw.com">volkswagen america web site</weblink></entry><entry level="1" type="bullet"><link>volkswagen canada</link><weblink ns0:type="simple" ns0:href="http://www.vw.ca">volkswagen canada web site</weblink></entry><entry level="1" type="bullet"><link ns0:type="simple" ns0:href="../240/21240.xml">nissan</link><weblink ns0:type="simple" ns0:href="http://www.nissanusa.com">nissan north america web site</weblink></entry><entry level="1" type="bullet"><company wordnetid="108058098" confidence="0.9508927676800064"><link ns0:type="simple" ns0:href="../149/241149.xml">subaru</link></company></entry><entry level="1" type="bullet"><link ns0:type="simple" ns0:href="../912/203912.xml" /></entry><entry level="1" type="definition">financi servic</entry><entry level="1" type="bullet"><company wordnetid="108058098" confidence="0.9508927676800064"><link ns0:type="simple" ns0:href="../001/231001.xml">jpmorgan chase</link></company></entry><entry level="1" type="bullet"><company wordnetid="108058098" confidence="0.9508927676800064"><link ns0:type="simple" ns0:href="../806/2007806.xml">gmac</link></company><weblink ns0:type="simple" ns0:href="http://www.gmacfs.com">gmac web site</weblink></entry><entry level="1" type="bullet"><company wordnetid="108058098" confidence="0.9508927676800064"><link ns0:type="simple" ns0:href="../928/3915928.xml">american corpor</link></company></entry><entry level="1" type="definition">retail consum good</entry><entry level="1" type="bullet"><company wordnetid="108058098" confidence="0.9508927676800064"><link ns0:type="simple" ns0:href="../784/1082784.xml">epson</link></company></entry><entry level="1" type="bullet"><company wordnetid="108058098" confidence="0.8"><advertising_agency wordnetid="108353912" confidence="0.8"><enterprise wordnetid="108056231" confidence="0.8"><agency wordnetid="108057206" confidence="0.8"><business wordnetid="108061042" confidence="0.8"><institution wordnetid="108053576" confidence="0.8"><link ns0:type="simple" ns0:href="../370/1011370.xml">leo burnett worldwid</link></institution></business></agency></enterprise></advertising_agency></company></entry><entry level="1" type="bullet"><link>advertis</link></entry><entry level="1" type="bullet"><link /></entry><entry level="1" type="definition">healthcar</entry><entry level="1" type="bullet"><link ns0:type="simple" ns0:href="../395/3462395.xml">blue cross blue shield associ</link>kansa citi</entry><entry level="1" type="bullet"><link>michigan</link></entry></list></col><col><list><entry level="1" type="definition">technolog media</entry><entry level="1" type="bullet"><company wordnetid="108058098" confidence="0.9508927676800064"><link ns0:type="simple" ns0:href="../955/1955.xml">adob system</link></company></entry><entry level="1" type="bullet"><company wordnetid="108058098" confidence="0.8"><institution wordnetid="108053576" confidence="0.8"><link ns0:type="simple" ns0:href="../313/140313.xml">media</link></institution></company>car driver</entry><entry level="1" type="definition">govern</entry><entry level="1" type="bullet"><village wordnetid="108672738" confidence="0.9508927676800064"><link ns0:type="simple" ns0:href="../042/645042.xml">york citi</link></village>depart health</entry><entry level="1" type="bullet"><link ns0:type="simple" ns0:href="../716/16716.xml">kansa</link>depart health environ</entry><entry level="1" type="bullet"><link ns0:type="simple" ns0:href="../716/31716.xml">utah</link></entry><entry level="1" type="bullet"><link ns0:type="simple" ns0:href="../651/21651.xml">north dakota</link></entry><entry level="1" type="bullet"><link ns0:type="simple" ns0:href="../861/16949861.xml">mississippi</link></entry><entry level="1" type="bullet"><link ns0:type="simple" ns0:href="../956/27956.xml">south carolina</link></entry><entry level="1" type="definition">energi util</entry><entry level="1" type="bullet"><company wordnetid="108058098" confidence="0.9508927676800064"><link ns0:type="simple" ns0:href="../749/284749.xml">chevron corpor</link></company></entry><entry level="1" type="bullet"><link ns0:type="simple" ns0:href="../722/692722.xml">pacif electr</link></entry><entry level="1" type="bullet"><company wordnetid="108058098" confidence="0.9508927676800064"><link ns0:type="simple" ns0:href="../197/18848197.xml">exxonmobil</link></company></entry><entry level="1" type="definition">industri materi good</entry><entry level="1" type="bullet"><company wordnetid="108058098" confidence="0.9508927676800064"><link ns0:type="simple" ns0:href="../829/201829.xml">dupont</link></company><weblink ns0:type="simple" ns0:href="http://www.dupont.com">dupont web site</weblink></entry><entry level="1" type="bullet"><link>saint group</link><weblink ns0:type="simple" ns0:href="http://www.Saint-Gobain.com">saint web site</weblink></entry></list></col></row></table></p></sec><sec><st>develop</st><p>icross acquir proxicom<weblink ns0:type="simple" ns0:href="http://www.icrossing.com/">icross</weblink></p><p>proxicom put zoom zoom mazda mobil web site</p><p>interact agenc overcom interoper hurdl deliv market channel<weblink ns0:type="simple" ns0:href="http://www.proxicom.com/index.aspx?pageId=news">full stori</weblink></p><p><weblink ns0:type="simple" ns0:href="http://www.proxicom.com/index.aspx?pageId=news">proxicom press releas</weblink></p></sec><sec><st>extern link</st><p><list><entry level="1" type="bullet"><weblink ns0:type="simple" ns0:href="http://www.daou.com" /></entry><entry level="1" type="bullet"><weblink ns0:type="simple" ns0:href="http://www.gores.com">gore group</weblink>gore group</entry></list></p></sec><sec><st>refer</st><p><list><entry level="1" type="bullet">mazda north america oper<weblink ns0:type="simple" ns0:href="http://mazdanews.com/node/view/421">mazda choos proxicom zoom zoom mobil web site</weblink>march</entry><entry level="1" type="bullet">philadelphia busi journal<weblink ns0:type="simple" ns0:href="http://philadelphia.bizjournals.com/philadelphia/stories/2005/08/08/daily30.html">proxicom will buy</weblink>august</entry><entry level="1" type="bullet">econt digit content strategi resourc<weblink ns0:type="simple" ns0:href="http://www.econtentmag.com/Articles/ArticleReader.aspx?ArticleID=6907">veriti proxicom partner health plan provid portal</weblink>juli</entry><entry level="1" type="bullet">clickz network<weblink ns0:type="simple" ns0:href="http://www.clickz.com/showPage.html?page=1440461">proxicom compani profil</weblink>august</entry><entry level="1" type="bullet">microsoft news<weblink ns0:type="simple" ns0:href="http://www.microsoft.com/Presspass/press/2000/feb00/proxicompr.mspx">proxicom microsoft form strateg allianc</weblink>februari</entry><entry level="1" type="bullet">nasdaq<weblink ns0:type="simple" ns0:href="http://ipo.nasdaq.com/Fundamentals.asp?cikid=8156 fnid=5415 coname=PROXICOM+INC selected=PXCM market=Nasdaq+National+Market">nasdaq compani profil</weblink>april</entry><entry level="1" type="bullet">smartmoney<weblink ns0:type="simple" ns0:href="http://www.smartmoney.com/stockscreen/index.cfm?story=19990901intro">better internet neighborhood</weblink>septemb</entry></list></p><p><list><entry level="1" type="definition">footnot</entry></list></p><p><reflist><entry id="1">icross press releas<weblink ns0:type="simple" ns0:href="http://news.icrossing.com/press_releases_2007.php?press_release=icrossing-acquires-web-development-leader-proxicom">icross acquir web develop leader proxicom</weblink></entry></reflist></p></sec></bdy></company></article>