<article xmlns:ns0="http://www.w3.org/1999/xlink"><know-how confidence="0.8" wordnetid="105616786"><method confidence="0.8" wordnetid="105660268"><header><title>digit watermark</title><id /><revision><id /><timestamp /><contributor><username>jdelanoy</username><id /></contributor></revision><categories><category>articl merg januari</category><category>authent method</category><category>watermark</category><category>digit photographi</category><category>articl merg</category></categories></header><bdy><table class="metadata plainlinks ambox "><row><col>amboxmov style</col></row><row><col class="mbox-image"><p><image width="50px" src="Merge-arrow.svg"><caption>merg arrow</caption></image></p></col><col style="" class="mbox-text">suggest articl</col></row></table><image location="right" width="150px" src="Visible_digital_watermarking.jpg" type="thumb"><caption>imag visibl digit watermark text brian kell center imag</caption></image>digit watermark process embed inform digit signal signal audio pictur video exampl signal copi inform carri copi<p>visibl watermark inform visibl pictur video typic inform text logo identifi owner media imag visibl watermark televis broadcast add logo corner transmit video visibl watermark</p><p>invis watermark inform digit data audio pictur video perceiv applic invis watermark copyright protect system intend prevent deter unauthor copi digit media<link ns0:type="simple" ns0:href="../733/28733.xml">steganographi</link>applic digit watermark parti commun secret messag embed digit signal annot digit photograph descript inform applic invis watermark file format digit media addit inform call<link ns0:type="simple" ns0:href="../632/18933632.xml">metadata</link>digit watermark distinct data carri signal</p><p>word watermark deriv older notion place visibl<link ns0:type="simple" ns0:href="../921/32921.xml">watermark</link>paper</p><sec><st>instanc digit watermark scheme</st><p>gener watermark scheme defin</p><p><math>omega</math></p><p>defin embed function detect function retriev function messag embed paramet<math />defin paramet set watermark embed<math />defin detect paramet<math />retriev paramet watermark scheme<math>omega</math>instanc valu paramet adopt instanc<math>omega</math>watermark scheme<math>omega</math>paramet vector</p></sec><sec><st>watermark lifecycl phase</st><p>gener usag digit watermark simplifi unmark origin signal<math /><math />sourc signal watermark<math />embed embed function<math />result mark signal<math />defin process secur environ step exampl distribut<math />internet storag provid authent integr check process insecur attack<math />occur<math />distribut<math />signal defin<math />potenti attack destroy watermark detect function<math />detect watermark<math />retriev function<math />retriev embed messag<math />secur insecur environ depend applic watermark algorithm</p><p>complet scenario defin life cycl watermark embed end figur expect secur insecur part</p><p><image location="center" width="550px" src="watermark_life_cycle.png" type="thumb"><caption>gener watermark lifecycl phase embed attack function</caption></image></p><p>inform embed call digit watermark context phrase digit watermark differ watermark signal cover signal signal watermark embed call host signal watermark system divid three distinct step embed attack detect embed algorithm accept host data embed produc watermark signal</p><p>watermark signal transmit store transmit person person modif call attack modif malici term attack aris copyright protect applic pirat attempt remov digit watermark modif modif exampl lossi compress data crop imag video intent nois</p><p>detect call extract algorithm appli attack signal attempt extract watermark signal unmodifi transmiss watermark extract robust watermark applic extract algorithm correctli produc watermark modif strong fragil watermark extract algorithm fail chang signal</p></sec><sec><st>watermark paramet</st><p>gener fundament watermark paramet classifi watermark properti capac complex invert transpar robust secur verif alphabet order</p><ss1><st>capac</st><p>capac gener divid embed retriev capac</p><ss2><st>embed capac</st><p>embed capac<math />watermark scheme defin amount inform embed cover object mark object simpl definit capac measur<math />size embed messag<math />addit capac rel size cover object</p><p><math /></p><p>note measur take account inform embed inform retriev note measur consid possibl repeat code mark replic time need prior insert issu retriev capac defin retriev function</p></ss2><ss2><st>retriev capac</st><p>definit retriev capac defin capac respect retriev messag<math />zerobit watermark scheme transmit messag watermark<math />detect messag<math />retriev case retriev capac scheme</p><p>zerobit watermark scheme retriev capac consid data extract retriev capac function defin<math /><math>dot</math><math>dot</math><math>oplu</math>depict exclus oper equat count number correctli transmit bit equal side commun channel assum<math /><math />exactli length<math /><math />pad cut manner</p><p>case repeat code retriev messag time longer embed messag<math>dot dot dot dot</math>situat retriev capac consid repetit<math>oplu</math><math />count number maxim retriev<math />sequel repeat code assum notat simplic formula easili extend case watermark embed multipl time<math /></p><p>relev comment definit rel capac kind measur term size cover object<math /><math />assum size<math /><math />second definit measur bit second bit transmit inform bit mark object interv<math />transmit bit messag best case capac concern second comment<math />rel pair<math /><math />absolut measur provid</p><p>capac measur defin term ratio correctli recov bit normal<math /><math />unknown measur<math />result highest normal valu<math /></p></ss2></ss1><ss1><st>complex</st><p>function<math />complex measur effort invest need emb attack detect retriev watermark defin complex measur function<math />defin<math />measur complex<math />adapt exampl embed function<math>omega</math>embed complex comput<math />depend<math />exampl comput cost time need memori oper line code measur rel complex watermark scheme<math>omega</math>object<math />defin<math />definit complex depend signal<math />normal need provid independ<math />normal signal length size embed capac length size signal normal length time size need stream file size storag exactli defin function<math />normal embed capac measur need effort emb singl bit note normal usabl nbit watermark scheme normal formal<math />note case linear complex depend length<math />assum nonlinear function measur complex normal depend exampl embed capac introduc<math />definit complex object<math />watermark properti definit absolut valu appli definit</p><p><list><entry level="1" type="bullet">averag complex base signal capac normal<math /><math /></entry><entry level="1" type="bullet">maximum complex audio signal capac normal<math /><math /></entry><entry level="1" type="bullet">minimum complex audio signal capac normal<math /><math /></entry></list></p></ss1><ss1><st>invert</st><p>refer properti watermark scheme possibl remov watermark<math />mark signal<math />complet receiv signal<math /><math>omega</math>invert<math />provid featur watermark algorithm provid special embed techniqu secret protect origin content unauthor access measur invert watermark scheme<math>omega</math>boolean<math /><math>omega</math>remov<math />mark object<math>omega</math>remov<math />complet<math /><math />return<math>begincas rightarrow wedg rightarrow wedg endcas</math></p></ss1><ss1><st>robust</st><p>robust digit watermark scheme describ introduc robust detect success need introduc</p><ss2><st>detect success</st><p>measur success detect retriev function detect success function introduc connect zerobit nbit watermark scheme introduc zerobit watermark scheme<math />return<math />watermark success detect<math />detect function detect watermark equat<math>begincas success detect neg success detect posit endcas</math>measur embed rate test set<math>mathbb</math>averag<math />comput<math />nbit watermark scheme watermark detect case multipl embed exampl watermark scheme emb messag<math />multipl time<math />retriev function<math />return posit retriev unknown<math />defin success detect embed messag retriev posit introduc equat<math>begincas exist oplu endcas</math>note definit detect function case repeat code exampl definit<math>begincas textif geq tau endcas</math>detect report ratio correctli recov bit threshold<math>tau</math>equal close</p></ss2><ss2><st>watermark robust</st><p>robust measur<math />watermark scheme close interv<math />worst scheme robust signal best method robust signal differ exampl depend bit error rate ber byte error rate measur robust robust measur base byte error rate<math />watermark scheme classifi robust byte embed massag charact correctli retriev measur distanc work measur distanc string applic scenario determin string robust measur function base bit error rate<math />return percentag robust watermark scheme measur attack test set base bit chang retriev messag measur ham distanc base bitstr watermark scheme classifi robust<math />number retriev bit destroy transpar attack higher<math>tau</math>zerobit watermark scheme retriev function exist classif base bit byte error rate simplifi matter robust measur zerobit watermark scheme classifi<math /></p><p>exampl motiv distinct robust measur base bit byte error rate messag<math />byte bit embed attack bit destroy incorrectli retriev byte error rate return byte correct fals<math />bit error rate return bit correct bit fals<math>frac</math>bit destroy byte error rate return byte charact fals result<math>frac</math>byte destroy contrast bit error rate return bit correct retriev bit wrong<math>frac</math>bit error rate chang exampl differ appar byte error equat introduc robust nbit watermark scheme divid<math /><math />zerobit watermark scheme<math />robust measur<math /><math />return complet robust valu introduc approach depend test goal choic select measur function measur method measur robust base<math />relat attack transpar</p><p>function relat robust base byte error rate transpar zerobit nbit watermark scheme<math /><math />nbit watermark scheme<math /></p><p>robust base bit error rate transpar nbit watermark scheme<math>begincas left tau wedg left endcas</math></p><p>mark object<math />attack attack watermark optim embed detect paramet<math />produc distort mark object<math />determin robust scheme attack famili<math />eras embed mark measur definit equal best</p><p>function measur robust worst case sens secur system assess consid system weak weakest compon equat establish worst attack sens mark eras attack signal preserv good qualiti famili determin robust watermark scheme<math>omega</math>best maximum transpar attack destroy mark<math />robust method<math /></p><p>function equat introduc object<math />subindex rel defin robust watermark scheme inher properti object famili collect object refer absolut robust<math />defin way famili<math>mathbb</math>cover object correspond mark object<math />embed absolut robust base bit byte error rate defin criteria exampl<list><entry level="1" type="bullet">averag robust base byte error rate<math />minimum robust worst case approach base byte error rate<math /></entry><entry level="1" type="bullet">probabilist approach base byte error rate<math>ltr</math><math />stand probabl<math />threshold exampl<math /><math />object<math>mathbb</math>provid rel robust greater equal<math />scheme<math>omega</math>maximum robust measur defin applic worst averag case report robust concern</entry></list></p></ss2></ss1><ss1><st>secur</st><p>describ secur embed watermark specif secur attack defin requir secur measur<math>mathcal</math>collus subspac secur rel total secur<math />comput cover signal<math /><math />defin rel secur measur provid<math>mathcal</math>exampl subspac secur<math />collus secur<math />secur measur defin secur set<math>mathcal</math>averag total secur<math />maximum<math />minimum<math />measur definit<list><entry level="1" type="bullet">averag total secur<math /></entry><entry level="1" type="bullet">maximum total secur<math /></entry><entry level="1" type="bullet">minimum total secur<math /></entry></list></p></ss1><ss1><st>transpar</st><p>refer object<math />test object<math />transpar function measur percept distort<math /><math />loss gener function valu close interv worst case signal<math /><math /><math />recogn version<math />best case observ perceiv differ<math /><math /><math>rightarrow</math>rel transpar watermark scheme<math>omega</math>object defin<math />definit transpar object<math />better provid absolut transpar object<math />definit absolut transpar famili<math>mathbb</math>object mark appli definit averag transpar</p><p><math /></p><p><list><entry level="1" type="bullet">maximum transpar</entry></list><math /></p><p><list><entry level="1" type="bullet">minimum transpar</entry></list><math /></p></ss1><ss1><st>verif</st><p>describ type function<math />requir inform three classif</p><p>watermark scheme requir cover object<math />associ watermark scheme type watermark scheme refer inform watermark scheme watermark usabl defin group peopl hide watermark detector requir origin signal<math /></p><p>inform watermark scheme requir embed messag<math />embed paramet<math />addit inform origin signal<math />detect retriev watermark scheme associ group watermark scheme embed function creat data file need associ type verif</p><p>blind watermark scheme requir origin signal addit inform<math /><math />watermark scheme associ group verif<math />defin list<math /><math />associ<math />inform<math />blind formal introduc equat<math>begincas texti texti inform texti blind endcas</math></p></ss1></sec><sec><st>classif</st><p>digit watermark call robust respect class transform embed inform reliabl detect mark signal degrad transform typic imag degrad jpeg compress rotat crop addit nois quantiz video content tempor modif mpeg compress list watermark call impercept cover signal mark signal indistinguish respect appropri perceptu metric gener easi creat robust watermark impercept watermark creation robust impercept watermark proven challeng<ref ns0:type="simple" ns0:href="#xpointer(//reflist/entry[@id=%221%22])" />robust impercept watermark propos tool protect digit content exampl embed flag profession video content<ref ns0:type="simple" ns0:href="#xpointer(//reflist/entry[@id=%222%22])" /></p><p>digit watermark techniqu classifi way</p><ss1><st>robust</st><p>watermark call fragil fail detect slightest modif fragil watermark commonli tamper detect integr proof modif origin work clearli notic commonli refer watermark refer gener<link ns0:type="simple" ns0:href="../600/60600.xml">barcod</link></p><p>watermark call resist benign transform fail detect malign transform watermark commonli detect malign transform</p><p>watermark call robust resist design class transform robust watermark commonli copyright applic carri ownership forens inform copi protect applic carri copi access control inform</p></ss1><ss1><st>percept</st><p>watermark call impercept origin cover signal mark signal close perceptu indistinguish</p><p>watermark call percept presenc mark signal notic nonintrus</p></ss1><ss1><st>capac</st><p>length embed messag<math />determin main class watermark scheme</p><p><list><entry level="1" type="bullet"><math />messag<math />conceptu zerobit long system design order detect presenc absenc watermark<math />mark object<math />kind watermark scheme refer ital zerobit ital presenc watermark scheme type watermark scheme call bit watermark denot presenc absenc watermark</entry><entry level="1" type="bullet"><math />messag<math />nbit long stream<math /><math /><math />modul<math />kind scheme refer multipl bit watermark zerobit watermark scheme</entry></list></p></ss1><ss1><st>embed method</st><p>watermark method refer<link />mark signal addit modif watermark robust low inform capac host<link>interfer</link></p><p>watermark method refer<link>quantiz</link>type mark signal quantiz quantiz watermark suffer low robust high inform capac reject host interfer</p><p>watermark method refer<link>amplitud modul</link>mark signal embed addit modif method spread spectrum method method embed spatial domain</p></ss1></sec><sec><st>applic</st><p>digit watermark wide rang applic<list><entry level="1" type="bullet">copyright protect</entry><entry level="1" type="bullet">fingerprint recipi differ watermark content</entry><entry level="1" type="bullet">broadcast monitor televis news watermark video intern agenc</entry><entry level="1" type="bullet">covert commun steganographi</entry></list></p></sec><sec><st>evalu benchmark</st><p>evalu digit watermark scheme provid detail inform watermark design user evalu strategi exist watermark design evalu singl properti exampl improv user interest detail inform digit watermark algorithm applic scenario paramet set best</p></sec><sec><st /><p><list><entry level="1" type="bullet"><know-how wordnetid="105616786" confidence="0.8"><method wordnetid="105660268" confidence="0.8"><link ns0:type="simple" ns0:href="../410/3146410.xml">copi attack</link></method></know-how></entry><entry level="1" type="bullet"><know-how wordnetid="105616786" confidence="0.8"><method wordnetid="105660268" confidence="0.8"><link ns0:type="simple" ns0:href="../812/3015812.xml">watermark data file</link></method></know-how></entry></list></p></sec><sec><st>extern link</st><p><list><entry level="1" type="bullet"><weblink ns0:type="simple" ns0:href="http://www.digitalwatermarkingalliance.org/">digit watermark allianc further adopt digit watermark</weblink></entry><entry level="1" type="bullet"><weblink ns0:type="simple" ns0:href="http://www.forensics.nl/digital-watermarking">digit watermark data hide paper</weblink></entry><entry level="1" type="bullet"><weblink ns0:type="simple" ns0:href="http://www.cl.cam.ac.uk/~mgk25/stirmark.html">imag</weblink>watermark robust test develop<person wordnetid="100007846" confidence="0.9508927676800064"><link ns0:type="simple" ns0:href="../703/1082703.xml">marku kuhn</link></person></entry><entry level="1" type="bullet"><weblink ns0:type="simple" ns0:href="http://wwwiti.cs.uni-magdeburg.de/~alang/smba.php#smba_LA">audio</weblink>watermark robust fragil test develop andrea lang</entry><entry level="1" type="bullet"><weblink ns0:type="simple" ns0:href="http://knowledgebase.aegisdrm.com/knowledgebase_digital_watermarking_drm.htm">directori book journal confer digit watermark digit watermark assess tool</weblink></entry><entry level="1" type="bullet"><weblink ns0:type="simple" ns0:href="http://slashdot.org/articles/04/11/13/0036243.shtml">slashdot articl</weblink>warez file window media player</entry><entry level="1" type="bullet"><weblink ns0:type="simple" ns0:href="http://www.petitcolas.net/fabien/steganography/">inform hide homepag</weblink><weblink ns0:type="simple" ns0:href="http://watermarker.com/how-to-ptotect-digital-images.aspx">comparison watermark method</weblink></entry><entry level="1" type="bullet"><weblink ns0:type="simple" ns0:href="http://www.business-sites.philips.com/contentidentification/about/Index.html">watermark monitor televis broadcast</weblink></entry><entry level="1" type="bullet"><weblink ns0:type="simple" ns0:href="http://www.cs.princeton.edu/gfx/proj/meshwm/">robust mesh watermark</weblink></entry><entry level="1" type="bullet"><weblink ns0:type="simple" ns0:href="http://www.smirnov.sp.ru/watermark/cards/card_eng.html">technolog holograph approach</weblink></entry></list></p></sec><sec><st>refer</st><p><reflist><entry id="1">cox miller bloom fridrich digit watermark steganographi second edit morgan kaufmann</entry><entry id="2"><weblink ns0:type="simple" ns0:href="http://www.cptwg.org">copi protect technic work group</weblink></entry></reflist><list><entry level="1" type="bullet"><weblink ns0:type="simple" ns0:href="http://omen.cs.uni-magdeburg.de/ecrypt/deliverables/D.WVL.10-1.1.pdf">report audio benchmark tool steganalysi</weblink></entry><entry level="1" type="bullet"><weblink ns0:type="simple" ns0:href="http://omen.cs.uni-magdeburg.de/ecrypt/deliverables/DWVL16_final.pdf">report watermark benchmark</weblink></entry><entry level="1" type="bullet">jana david andrea lang theoret framework practic evalu comparison audio watermark scheme triangl robust transpar capac transact data hide multimedia secur springer lnc editor yun shi isbn<weblink ns0:type="simple" ns0:href="http://wwwiti.cs.uni-magdeburg.de/~alang/paper/dittmann_magias_lang_joan-eval_audio_WM_triangle-journal.pdf">pdf</weblink></entry></list></p><p><list><entry level="1" type="bullet"><weblink ns0:type="simple" ns0:href="http://jot.osa.org/abstract.cfm?id=85832">holograph approach embed hidden watermark photograph imag journal optic technolog issu</weblink></entry></list></p></sec></bdy></method></know-how></article>