<article xmlns:ns0="http://www.w3.org/1999/xlink"><software confidence="0.9508927676800064" wordnetid="106566077"><simulator confidence="0.9511911446218017" wordnetid="104221823"><format confidence="0.9511911446218017" wordnetid="106636806"><header><title>circuitlogix</title><id /><revision><id /><timestamp /><contributor><username /><id /></contributor></revision><categories><category>electron circuit simul</category><category>simul program languag</category><category>simul softwar</category><category>cad file format</category><category>electron design autom softwar</category></categories></header><bdy><template><name>infobox softwar</name><parameters><genre>electron circuit simul</genre><website><weblink ns0:type="simple" ns0:href="http://www.CircuitLogix.com" /></website><latest_release_version /><developer>logic design</developer><name>circuitlogix</name><latest_release_date>januari</latest_release_date><caption>version interfac</caption><license><link ns0:type="simple" ns0:href="../886/18934886.xml">proprietari</link></license><operating_system><link ns0:type="simple" ns0:href="../890/18890.xml">window</link>vista</operating_system></parameters></template><p>circuitlogix<link ns0:type="simple" ns0:href="../720/10900720.xml">electron circuit simul</link>util<artifact wordnetid="100021939" confidence="0.8"><instrumentality wordnetid="103575240" confidence="0.8"><simulator wordnetid="104221823" confidence="0.8"><device wordnetid="103183080" confidence="0.8"><machine wordnetid="103699975" confidence="0.8"><link ns0:type="simple" ns0:href="../486/2888486.xml" /></machine></device></simulator></instrumentality></artifact>allow simul thousand<link ns0:type="simple" ns0:href="../663/9663.xml">electron devic</link>model circuit student version circuitlogix free charg<link ns0:type="simple" ns0:href="../390/7801390.xml">registr</link><ref ns0:type="simple" ns0:href="#xpointer(//reflist/entry[@id=%221%22])" />circuitlogix support<artifact wordnetid="100021939" confidence="0.8"><instrumentality wordnetid="103575240" confidence="0.8"><electrical_device wordnetid="103269401" confidence="0.8"><device wordnetid="103183080" confidence="0.8"><circuit wordnetid="103033362" confidence="0.8"><link ns0:type="simple" ns0:href="../993/993.xml">analog</link></circuit></device></electrical_device></instrumentality></artifact><link ns0:type="simple" ns0:href="../276/8276.xml">digit</link>circuit spice simul accur realworld<link ns0:type="simple" ns0:href="../293/12293.xml">graphic user interfac</link>allow student easili draw modifi combin analog digit circuit diagram</p><p>circuitlogix develop<link ns0:type="simple" ns0:href="../874/10774874.xml">colin simpson</link>electron professor<university wordnetid="108286163" confidence="0.9508927676800064"><link ns0:type="simple" ns0:href="../448/637448.xml">georg brown colleg</link></university><village wordnetid="108672738" confidence="0.9508927676800064"><link ns0:type="simple" ns0:href="../646/64646.xml">toronto</link></village><region wordnetid="108630039" confidence="0.9508927676800064"><link ns0:type="simple" ns0:href="../916/5042916.xml">canada</link></region>john bud skinner<link ns0:type="simple" ns0:href="../716/23716.xml">comput programm</link>electron program won award includ award excel<link ns0:type="simple" ns0:href="../910/10939910.xml">associ canadian commun colleg</link><ref ns0:type="simple" ns0:href="#xpointer(//reflist/entry[@id=%222%22])" />circuitlogix exclus electron circuit simul tool georg brown colleg<link ns0:type="simple" ns0:href="../394/10943394.xml">electron technician distanc educ program</link>largest electron program student countri</p><p>profession version circuitlogix circuitlogix pro includ devic model well virtual instrument includ softwar product combin interact dimension learn environ electron devic tool enhanc user comprehens electron virtual compon includ<substance wordnetid="100019613" confidence="0.8"><part wordnetid="113809207" confidence="0.8"><material wordnetid="114580897" confidence="0.8"><link ns0:type="simple" ns0:href="../720/19174720.xml">batteri</link></material></part></substance><link ns0:type="simple" ns0:href="../284/28284.xml">switch</link><link ns0:type="simple" ns0:href="../437/58437.xml">motor</link><link ns0:type="simple" ns0:href="../407/2999407.xml">lamp</link><link ns0:type="simple" ns0:href="../754/25754.xml">resistor</link><link ns0:type="simple" ns0:href="../896/14896.xml">inductor</link><link ns0:type="simple" ns0:href="../111/4932111.xml">capacitor</link>instrument includ<link ns0:type="simple" ns0:href="../791/15361791.xml">oscilloscop</link><link ns0:type="simple" ns0:href="../927/41927.xml">signal gener</link><link ns0:type="simple" ns0:href="../666/578666.xml">frequenc counter</link></p><sec><st>overview</st><p><image width="150px" src="CircuitLogix3.jpg"><caption>circuitlogix simul circuit<link ns0:type="simple" ns0:href="../986/42986.xml" />power</caption></image>fast accur simul electron circuit essenti inform need perform accur analysi circuit behavior<link ns0:type="simple" ns0:href="../251/180251.xml">spice</link>simul verifi analog circuit will yield expect output schemat netlist file circuit input valu fed spice softwar simul circuit behavior length time circuitlogix allow observ voltag current level circuit node chang frequenc time allow obtain accur simul complex circuit hierarch block reus circuitlogix simul engin base berkeley spice<link ns0:type="simple" ns0:href="../293/12293.xml">gui</link>circuit design easier effici</p><p>oper batch mode circuitlogix bit spice engin allow direct interact circuit simul process determin effect chang exampl chang<link ns0:type="simple" ns0:href="../779/10779.xml">frequenc</link>sourc adjust<link ns0:type="simple" ns0:href="../084/76084.xml" />flick<link ns0:type="simple" ns0:href="../284/28284.xml">switch</link>simul abil simul behavior numer design configur perform whatif scenario easili addit circuitlogix spice engin fulli integr schemat captur<link ns0:type="simple" ns0:href="../592/47592.xml">waveform</link>tool integr speed setup manag time circuitlogix pass schemat edit simul automat run compon<link ns0:type="simple" ns0:href="../202/41202.xml">fuse</link><link ns0:type="simple" ns0:href="../290/18290.xml">led</link>control switch automat updat schemat simul run</p><p>circuitlogix simul<artifact wordnetid="100021939" confidence="0.8"><instrumentality wordnetid="103575240" confidence="0.8"><electrical_device wordnetid="103269401" confidence="0.8"><device wordnetid="103183080" confidence="0.8"><circuit wordnetid="103033362" confidence="0.8"><link ns0:type="simple" ns0:href="../993/993.xml">analog</link></circuit></device></electrical_device></instrumentality></artifact><link ns0:type="simple" ns0:href="../276/8276.xml">digit</link>mix circuit consequ extra work involv simul design simul handl aspect divid circuit analog digit portion analog circuitri simul timestep driven spice engin digit part simul separ eventdriven simul engin greater speed circuitlogix digit engin nativ mode mean develop directli<link ns0:type="simple" ns0:href="../164/3582164.xml">net</link>slow spice<link ns0:type="simple" ns0:href="../089/4638089.xml">macro</link>simul will automat perform signal convers connect analog digit addit system model librari hybrid part convers</p></sec><sec><st>mixedmod simul</st><p><image location="left" width="150px" src="3DLab.jpg" type="thumb"><caption>featur circuitlogix pro</caption></image>circuitlogix mixedmod<link ns0:type="simple" ns0:href="../132/893132.xml">schemat editor</link>includ analog eventdriven simul capabl simul compon analog event driven digit combin entir mix<link ns0:type="simple" ns0:href="../324/29324.xml">signal analysi</link>driven integr schemat digit model circuitlogix provid accur specif propag time time delay</p><p>event driven<link ns0:type="simple" ns0:href="../775/775.xml">algorithm</link>circuitlogix gener purpos support nondigit type data exampl element real<link ns0:type="simple" ns0:href="../563/14563.xml">integ</link>valu simul dsp function sampl data filter event driven algorithm faster standard spice matrix simul time greatli reduc circuit event driven model place analog model</p><p>mixedmod simul handl three level circuitlogix primit digit element time model builtin digit logic simul model actual transistor<link ns0:type="simple" ns0:href="../954/29954.xml">topolog</link><link ns0:type="simple" ns0:href="../150/15150.xml">integr circuit</link>final inlin<link ns0:type="simple" ns0:href="../124/12351124.xml">boolean logic</link>express model techniqu spice solv problem third method digit primit mixedmod capabl</p></sec><sec><st>compon librari</st><p>compon librari includ<list><entry level="1" type="definition"><link ns0:type="simple" ns0:href="../709/27709.xml">semiconductor</link>semiconductor resistor<link ns0:type="simple" ns0:href="../111/4932111.xml">capacitor</link><link ns0:type="simple" ns0:href="../989/1384989.xml">diod</link>schottki<link ns0:type="simple" ns0:href="../835/97835.xml">zener diod</link><link ns0:type="simple" ns0:href="../964/176964.xml">bridg rectifi</link><link ns0:type="simple" ns0:href="../506/231506.xml" /></entry><entry level="1" type="definition"><link ns0:type="simple" ns0:href="../703/450703.xml">display</link>indic<link ns0:type="simple" ns0:href="../284/28284.xml">switch</link><link ns0:type="simple" ns0:href="../290/18290.xml">led</link>segment led hex display hex key logic display<link ns0:type="simple" ns0:href="../335/662335.xml" /><link ns0:type="simple" ns0:href="../243/1508243.xml" /><link ns0:type="simple" ns0:href="../338/662338.xml" />push button piezo buzzer pulser latch coil polar latch rocket scope stepper window</entry><entry level="1" type="definition">digit primit gate<link ns0:type="simple" ns0:href="../289/18949289.xml" />symbol gate buffer invert flipflop</entry><entry level="1" type="definition">digit ram prom complet select xxx</entry><entry level="1" type="definition">linear<link ns0:type="simple" ns0:href="../804/22804.xml">amp</link><artifact wordnetid="100021939" confidence="0.8"><instrumentality wordnetid="103575240" confidence="0.8"><electrical_device wordnetid="103269401" confidence="0.8"><device wordnetid="103183080" confidence="0.8"><circuit wordnetid="103033362" confidence="0.8"><link ns0:type="simple" ns0:href="../929/40929.xml">compar</link></circuit></device></electrical_device></instrumentality></artifact>timer buffer cda<link ns0:type="simple" ns0:href="../637/20637.xml">modul</link><link ns0:type="simple" ns0:href="../367/40367.xml">convert</link><link ns0:type="simple" ns0:href="../943/92943.xml">convert</link><link ns0:type="simple" ns0:href="../548/41548.xml" /><link ns0:type="simple" ns0:href="../329/232329.xml" /></entry><entry level="1" type="definition"><link ns0:type="simple" ns0:href="../011/30011.xml">transistor</link><link ns0:type="simple" ns0:href="../030/11030.xml">fet</link><link ns0:type="simple" ns0:href="../338/49338.xml" /><link ns0:type="simple" ns0:href="../053/109053.xml" /><link ns0:type="simple" ns0:href="../824/108824.xml" /><idea wordnetid="105833840" confidence="0.8"><concept wordnetid="105835747" confidence="0.8"><category wordnetid="105838765" confidence="0.8"><type wordnetid="105840188" confidence="0.8"><kind wordnetid="105839024" confidence="0.8"><link ns0:type="simple" ns0:href="../485/842485.xml" /></kind></type></category></concept></idea><idea wordnetid="105833840" confidence="0.8"><concept wordnetid="105835747" confidence="0.8"><category wordnetid="105838765" confidence="0.8"><type wordnetid="105840188" confidence="0.8"><kind wordnetid="105839024" confidence="0.8"><link ns0:type="simple" ns0:href="../345/40345.xml">mosfet</link></kind></type></category></concept></idea><idea wordnetid="105833840" confidence="0.8"><concept wordnetid="105835747" confidence="0.8"><category wordnetid="105838765" confidence="0.8"><artifact wordnetid="100021939" confidence="0.8"><instrumentality wordnetid="103575240" confidence="0.8"><equipment wordnetid="103294048" confidence="0.8"><type wordnetid="105840188" confidence="0.8"><kind wordnetid="105839024" confidence="0.8"><electronic_equipment wordnetid="103278248" confidence="0.8"><amplifier wordnetid="102705944" confidence="0.8"><link ns0:type="simple" ns0:href="../122/109122.xml">darlington transistor</link></amplifier></electronic_equipment></kind></type></equipment></instrumentality></artifact></category></concept></idea></entry><entry level="1" type="definition"><link ns0:type="simple" ns0:href="../590/26590.xml">relay</link><idea wordnetid="105833840" confidence="0.8"><concept wordnetid="105835747" confidence="0.8"><component wordnetid="105868954" confidence="0.8"><part wordnetid="105867413" confidence="0.8"><link ns0:type="simple" ns0:href="../538/11026538.xml">control relay</link></part></component></concept></idea>individu contact coil enabl creation relay</entry><entry level="1" type="definition">suppli sourc<substance wordnetid="100019613" confidence="0.8"><part wordnetid="113809207" confidence="0.8"><material wordnetid="114580897" confidence="0.8"><link ns0:type="simple" ns0:href="../720/19174720.xml">batteri</link></material></part></substance>voltag termin<link ns0:type="simple" ns0:href="../927/41927.xml">signal gener</link>sourc sourc gti sourc gti sourc sourc sourc</entry><entry level="1" type="definition">math devic wide varieti devic manipul quantiti</entry><entry level="1" type="definition">miscellan devic crystal<idea wordnetid="105833840" confidence="0.8"><concept wordnetid="105835747" confidence="0.8"><component wordnetid="105868954" confidence="0.8"><part wordnetid="105867413" confidence="0.8"><link ns0:type="simple" ns0:href="../342/683342.xml">fuse</link></part></component></concept></idea><link ns0:type="simple" ns0:href="../906/30906.xml">transform</link><link ns0:type="simple" ns0:href="../697/759697.xml">motor</link>convert</entry><entry level="1" type="definition"><link ns0:type="simple" ns0:href="../811/41811.xml">transmiss line</link>lossless lossi uniform distribut</entry><entry level="1" type="definition"><link ns0:type="simple" ns0:href="../496/32496.xml">vacuum tube</link></entry><entry level="1" type="definition">instrument<link ns0:type="simple" ns0:href="../791/15361791.xml">oscilloscop</link>digit<artifact wordnetid="100021939" confidence="0.8"><instrumentality wordnetid="103575240" confidence="0.8"><tool wordnetid="104451818" confidence="0.8"><implement wordnetid="103563967" confidence="0.8"><link ns0:type="simple" ns0:href="../623/40623.xml" /></implement></tool></instrumentality></artifact><link ns0:type="simple" ns0:href="../562/155562.xml">bode plotter</link><link ns0:type="simple" ns0:href="../208/7313208.xml">curv tracer</link>data sequenc signal gener<system wordnetid="104377057" confidence="0.8"><artifact wordnetid="100021939" confidence="0.8"><instrumentality wordnetid="103575240" confidence="0.8"><link ns0:type="simple" ns0:href="../613/40613.xml">logic analyz</link></instrumentality></artifact></system><link ns0:type="simple" ns0:href="../413/6713413.xml">logic probe</link>logic pulser</entry><entry level="1" type="definition">simul control initi condit devic</entry><entry level="1" type="definition">miscellan<link ns0:type="simple" ns0:href="../393/465393.xml" /><link ns0:type="simple" ns0:href="../937/42937.xml">photodiod</link><link ns0:type="simple" ns0:href="../231/624231.xml">voltag regul</link>refer scr</entry></list></p></sec><sec><st>refer</st><p><reflist><entry id="1"><weblink ns0:type="simple" ns0:href="http://www.circuitlogix.com/student_version.html">web student version circuitlogix</weblink></entry><entry id="2"><weblink ns0:type="simple" ns0:href="http://www.accc.ca/ftp/pubs/CollegeCanada/CollegeCanada-v3-2.pdf">document articl electron technician distanc educ program</weblink></entry></reflist></p></sec><sec><st>extern link</st><p><list><entry level="1" type="bullet"><weblink ns0:type="simple" ns0:href="http://www.CircuitLogix.com">circuitlogix websit</weblink></entry><entry level="1" type="bullet"><weblink ns0:type="simple" ns0:href="http://www.ETcourse.com">electron technician distanc educ program websit</weblink></entry></list></p></sec></bdy></format></simulator></software></article>