<article xmlns:ns0="http://www.w3.org/1999/xlink"><physical_entity confidence="0.8" wordnetid="100001930"><person confidence="0.8" wordnetid="100007846"><causal_agent confidence="0.8" wordnetid="100007347"><scientist confidence="0.8" wordnetid="110560637"><research_worker confidence="0.8" wordnetid="110523076"><header><title>roger schank</title><id /><revision><id /><timestamp /><contributor><username /><id /></contributor></revision><categories><category>artifici intellig research</category><category>live peopl</category><category>histori artifici intellig</category></categories></header><bdy>roger schank presid ceo<link>socrat art</link>lead visionari<link ns0:type="simple" ns0:href="../164/1164.xml">artifici intellig</link><sec><st>career</st><p>schank professor comput scienc<link ns0:type="simple" ns0:href="../921/22921.xml">psycholog</link><university wordnetid="108286163" confidence="0.9508927676800064"><link ns0:type="simple" ns0:href="../273/34273.xml">yale univers</link></university>director yale artifici intellig project hire<university wordnetid="108286163" confidence="0.9508927676800064"><ranking wordnetid="114429484" confidence="0.9508927676800064"><link ns0:type="simple" ns0:href="../216/174216.xml">northwestern univers</link></ranking></university>institut learn scienc absorb school educ separ depart help center learn scienc<university wordnetid="108286163" confidence="0.9508927676800064"><link ns0:type="simple" ns0:href="../093/48093.xml">carnegi mellon univers</link></university>found learn scienc corpor<link>cognit art</link>commerci arm led sold schank appoint chief learn offic<chief_executive_officer wordnetid="109916348" confidence="0.9173553029164789"><celebrity wordnetid="109903153" confidence="0.9508927676800064"><link ns0:type="simple" ns0:href="../272/4848272.xml">donald trump</link></celebrity></chief_executive_officer><institution wordnetid="108053576" confidence="0.8"><link ns0:type="simple" ns0:href="../520/1982520.xml">trump univers</link></institution><ref ns0:type="simple" ns0:href="#xpointer(//reflist/entry[@id=%221%22])" /></p></sec><sec><st>influenc</st><p>schank influenti earli contributor<link ns0:type="simple" ns0:href="../164/1164.xml">artifici intellig</link><link ns0:type="simple" ns0:href="../961/5961.xml">cognit psycholog</link>schank major innov field concept<link ns0:type="simple" ns0:href="../333/170333.xml">case base reason</link>dynam memori oppos tradit view memori reason field classic<link ns0:type="simple" ns0:href="../646/7646.xml" />view cognit popular time view cognit rule<link ns0:type="simple" ns0:href="../775/775.xml">algorithm</link>bound manipul<link ns0:type="simple" ns0:href="../673/37673.xml">symbol</link>schank hand state memori form meaning stori inert inform problem solv progress case exampl store memori exampl classic view walk store accomplish access store algorithm tell step open door step step street schank view hand accomplish access store schema base previou experi walk store dont rule describ schank student yale initi appli idea problem comput recognit english call<link ns0:type="simple" ns0:href="../778/98778.xml">natur languag understand</link>late earli progress eventu stall method fell disus</p></sec><sec><st>work</st><p><list><entry level="1" type="bullet">roger schank robert abelson script plan goal understand inquiri human knowledg structur hillsdal isbn</entry><entry level="1" type="bullet">roger schank stori real artifici memori scribner peopl learn easili stori easili taught firmli thing true schank note pass</entry><entry level="1" type="bullet">roger schank connoisseur guid mind learn intellig summit book tour forc explain gener idea learn memori understand specif context schank culinari adventur gourmet wine dine french weather order good wine cheap restaur wine list late</entry><entry level="1" type="bullet">roger schank chip cleari engin educ lawrenc erlbaum associ publish hillsdal jersey specif exampl softwar built implement schank idea casebas exploratori learn</entry><entry level="1" type="bullet">schank roger scroog meet dick jane mahwah lawrenc erlbaum isbn</entry></list></p></sec><sec><st /><p><physical_entity wordnetid="100001930" confidence="0.8"><peer wordnetid="109626238" confidence="0.8"><person wordnetid="100007846" confidence="0.8"><colleague wordnetid="109935990" confidence="0.8"><causal_agent wordnetid="100007347" confidence="0.8"><scientist wordnetid="110560637" confidence="0.8"><psychologist wordnetid="110488865" confidence="0.8"><associate wordnetid="109816771" confidence="0.8"><link ns0:type="simple" ns0:href="../278/7720278.xml">robert abelson</link></associate></psychologist></scientist></causal_agent></colleague></person></peer></physical_entity></p></sec><sec><st>refer</st><p><reflist><entry id="1">associ press<link /><weblink ns0:type="simple" ns0:href="http://deming.eng.clemson.edu/den/archive/2005.06/msg00001.html">trump unveil launch trump univers</weblink>yahoocom retriev<link /></entry></reflist></p></sec><sec><st>extern link</st><p><list><entry level="1" type="bullet"><weblink ns0:type="simple" ns0:href="http://west.cmu.edu/masters/ls/">cmu center learn scienc</weblink></entry><entry level="1" type="bullet"><weblink ns0:type="simple" ns0:href="http://www.cognitivearts.com/">cognit art</weblink></entry><entry level="1" type="bullet"><weblink ns0:type="simple" ns0:href="http://socraticarts.com/">socrat art</weblink></entry><entry level="1" type="bullet"><weblink ns0:type="simple" ns0:href="http://www.grandparentgames.com/">grandpar game</weblink></entry><entry level="1" type="bullet"><weblink ns0:type="simple" ns0:href="http://www.edge.org/3rd_culture/schank/schank_index.html">edg magazin interview roger schank</weblink></entry><entry level="1" type="bullet"><weblink ns0:type="simple" ns0:href="http://www.rogerschank.com/">roger schank homepag</weblink></entry></list></p></sec></bdy></research_worker></scientist></causal_agent></person></physical_entity></article>