<article xmlns:ns0="http://www.w3.org/1999/xlink"><O confidence="0.9508927676800064" wordnetid="106832680"><kernel confidence="0.9511911446218017" wordnetid="113137010"><header><title>oper system</title><id /><revision><id /><timestamp /><contributor><username /><id /></contributor></revision><categories><category>free softwar oper system</category><category>java virtual machin</category><category>oper system kernel</category></categories></header><bdy><template><name /><parameters><website><weblink ns0:type="simple" ns0:href="http://www4.informatik.uni-erlangen.de/Projects/JX/index.html">project</weblink></website><latest_release_version /><latest_release_date>day ago</latest_release_date><kernel_type><link ns0:type="simple" ns0:href="../023/20023.xml">microkernel</link></kernel_type><working_state>current</working_state><developer><link ns0:type="simple" ns0:href="../351/1776351.xml">univers erlangen</link></developer><name /><source_model><link ns0:type="simple" ns0:href="../758/18938758.xml">open sourc</link></source_model><license><link ns0:type="simple" ns0:href="../683/18938683.xml">gnu gener public licens</link></license></parameters></template><p><table style="background:#f9f9f9; font-size:85%; line-height:110%; "><row><col><image width="32x28px" src="Free_Software_Portal_Logo.svg" /></col><col style="padding:0 0.2em;">free softwar portal</col></row></table></p><p><link ns0:type="simple" ns0:href="../023/20023.xml">microkernel</link><link ns0:type="simple" ns0:href="../194/22194.xml">oper system</link><link ns0:type="simple" ns0:href="../394/50394.xml">kernel</link>applic implement<message wordnetid="106598915" confidence="0.8"><request wordnetid="106513366" confidence="0.8"><link ns0:type="simple" ns0:href="../881/15881.xml">java</link></request></message><link ns0:type="simple" ns0:href="../015/23015.xml">program languag</link><ref ns0:type="simple" ns0:href="#xpointer(//reflist/entry[@id=%221%22])" /></p><sec><st>overview</st><p>implement extend<message wordnetid="106598915" confidence="0.8"><artifact wordnetid="100021939" confidence="0.8"><instrumentality wordnetid="103575240" confidence="0.8"><request wordnetid="106513366" confidence="0.8"><device wordnetid="103183080" confidence="0.8"><machine wordnetid="103699975" confidence="0.8"><link ns0:type="simple" ns0:href="../389/16389.xml">java virtual machin</link></machine></device></request></instrumentality></artifact></message>core support java system featur protect domain hardwar access number compon written java provid kernel facil applic run comput java<link ns0:type="simple" ns0:href="../650/602650.xml">typesaf</link>languag provid isol run applic need hardwar memori protect techniqu<plant_part wordnetid="113086908" confidence="0.8"><natural_object wordnetid="100019128" confidence="0.8"><kernel wordnetid="113137010" confidence="0.8"><link>languagebas protect</link></kernel></natural_object></plant_part>system call<link ns0:type="simple" ns0:href="../106/152106.xml">interprocess commun</link>memori space switch oper slow comput run standard support limit rang common hardwar element open sourc softwar develop<link ns0:type="simple" ns0:href="../351/1776351.xml">univers erlangen</link><ref ns0:type="simple" ns0:href="#xpointer(//reflist/entry[@id=%222%22])" /><ref ns0:type="simple" ns0:href="#xpointer(//reflist/entry[@id=%223%22])" /></p><p>primari benefit includ<list><entry level="1" type="bullet">small<link ns0:type="simple" ns0:href="../826/41826.xml">trust comput base</link>allow high confid secur</entry><entry level="1" type="bullet">lack memori space switch enabl high perform compar microkernel system</entry></list></p></sec><sec><st>refer</st><p><reflist><entry id="1">michael christian klein<weblink ns0:type="simple" ns0:href="http://www4.informatik.uni-erlangen.de/Projects/JX/poster/jx-poster.jpg">flexibl java oper system poster</weblink>univers erlangen retriev<link /></entry><entry id="2"><weblink ns0:type="simple" ns0:href="http://www4.informatik.uni-erlangen.de/Projects/JX/index.html">fast flexibl java</weblink>univers erlangen retriev<link /></entry><entry id="3"><cite style="font-style:normal">michael christian jrgen june<weblink ns0:type="simple" ns0:href="http://www.usenix.org/events/usenix02/golm.html">oper system</weblink>proceed usenix annual technic confer monterey usenix retriev<link /></cite></entry></reflist></p></sec><sec><st>extern link</st><p><list><entry level="1" type="bullet"><weblink ns0:type="simple" ns0:href="http://www.jxos.org">project</weblink></entry><entry level="1" type="bullet"><weblink ns0:type="simple" ns0:href="http://www4.informatik.uni-erlangen.de/Projects/JX/poster/jx-poster.pdf">poster</weblink></entry><entry level="1" type="bullet"><weblink ns0:type="simple" ns0:href="http://www4.informatik.uni-erlangen.de/Projects/JX/publications/jx-usenix.pdf">oper system</weblink></entry><entry level="1" type="bullet"><weblink ns0:type="simple" ns0:href="http://www4.informatik.uni-erlangen.de/Projects/JX/publications/sigopsew02.pdf">execut time limit interrupt handler java oper system</weblink></entry><entry level="1" type="bullet"><weblink ns0:type="simple" ns0:href="http://www4.informatik.uni-erlangen.de/Projects/JX/publications/ubitools01.pdf">ubiquit comput oper system architectur</weblink></entry><entry level="1" type="bullet"><weblink ns0:type="simple" ns0:href="http://www4.informatik.uni-erlangen.de/Projects/JX/publications/diss.pdf">structur typesaf oper system</weblink></entry><entry level="1" type="bullet"><weblink ns0:type="simple" ns0:href="http://www4.informatik.uni-erlangen.de/Projects/JX/publications/jx-sec.pdf">java oper system foundat secur network oper system</weblink></entry></list></p><p><table style=";" class="navbox" cellspacing="0"><row><col style="padding:2px;"><table style="width:100%;background:transparent;color:inherit;;" class="nowraplinks collapsible autocollapse " cellspacing="0"><row><header colspan="2" style=";" class="navbox-title"><message wordnetid="106598915" confidence="0.8"><artifact wordnetid="100021939" confidence="0.8"><instrumentality wordnetid="103575240" confidence="0.8"><request wordnetid="106513366" confidence="0.8"><device wordnetid="103183080" confidence="0.8"><machine wordnetid="103699975" confidence="0.8"><link ns0:type="simple" ns0:href="../389/16389.xml">java virtual machin</link></machine></device></request></instrumentality></artifact></message></header></row><row style="height:2px;" /><row><col style=";;" class="navbox-group">sun</col><col style="text-align:left;border-left:2px solid #fdfdfd;width:100%;padding:0px;;;" class="navbox-list navbox-odd"><message wordnetid="106598915" confidence="0.8"><artifact wordnetid="100021939" confidence="0.8"><instrumentality wordnetid="103575240" confidence="0.8"><request wordnetid="106513366" confidence="0.8"><device wordnetid="103183080" confidence="0.8"><machine wordnetid="103699975" confidence="0.8"><link ns0:type="simple" ns0:href="../389/16389.xml">jvm</link></machine></device></request></instrumentality></artifact></message><link ns0:type="simple" ns0:href="../920/1800920.xml">hotspot</link><structure wordnetid="104341686" confidence="0.8"><artifact wordnetid="100021939" confidence="0.8"><area wordnetid="102735688" confidence="0.8"><library wordnetid="103660909" confidence="0.8"><room wordnetid="104105893" confidence="0.8"><link ns0:type="simple" ns0:href="../236/8232236.xml">openjdk</link></room></library></area></artifact></structure></col></row><row style="height:2px" /><row><col style=";;" class="navbox-group">foundat major</col><col style="text-align:left;border-left:2px solid #fdfdfd;width:100%;padding:0px;;;" class="navbox-list navbox-even">apach<structure wordnetid="104341686" confidence="0.8"><artifact wordnetid="100021939" confidence="0.8"><area wordnetid="102735688" confidence="0.8"><library wordnetid="103660909" confidence="0.8"><room wordnetid="104105893" confidence="0.8"><link ns0:type="simple" ns0:href="../247/1894247.xml">harmoni</link></room></library></area></artifact></structure>gnu<physical_entity wordnetid="100001930" confidence="0.8"><communicator wordnetid="109610660" confidence="0.8"><person wordnetid="100007846" confidence="0.8"><artifact wordnetid="100021939" confidence="0.8"><instrumentality wordnetid="103575240" confidence="0.8"><tool wordnetid="104451818" confidence="0.8"><compiler wordnetid="109946957" confidence="0.8"><implement wordnetid="103563967" confidence="0.8"><causal_agent wordnetid="100007347" confidence="0.8"><writer wordnetid="110794014" confidence="0.8"><link ns0:type="simple" ns0:href="../939/162939.xml" /></writer></causal_agent></implement></compiler></tool></instrumentality></artifact></person></communicator></physical_entity><physical_entity wordnetid="100001930" confidence="0.8"><communicator wordnetid="109610660" confidence="0.8"><person wordnetid="100007846" confidence="0.8"><compiler wordnetid="109946957" confidence="0.8"><causal_agent wordnetid="100007347" confidence="0.8"><writer wordnetid="110794014" confidence="0.8"><link ns0:type="simple" ns0:href="../108/1922108.xml" /></writer></causal_agent></compiler></person></communicator></physical_entity><software wordnetid="106566077" confidence="0.9508927676800064"><link ns0:type="simple" ns0:href="../411/2078411.xml" /></software><link ns0:type="simple" ns0:href="../584/7967584.xml" /><link ns0:type="simple" ns0:href="../458/2078458.xml">jupit</link><physical_entity wordnetid="100001930" confidence="0.8"><communicator wordnetid="109610660" confidence="0.8"><person wordnetid="100007846" confidence="0.8"><compiler wordnetid="109946957" confidence="0.8"><causal_agent wordnetid="100007347" confidence="0.8"><writer wordnetid="110794014" confidence="0.8"><link ns0:type="simple" ns0:href="../348/401348.xml" /></writer></causal_agent></compiler></person></communicator></physical_entity></col></row><row style="height:2px" /><row><col style=";;" class="navbox-group">implement</col><col style="text-align:left;border-left:2px solid #fdfdfd;width:100%;padding:0px;;;" class="navbox-list navbox-odd">net<artifact wordnetid="100021939" confidence="0.8"><instrumentality wordnetid="103575240" confidence="0.8"><tool wordnetid="104451818" confidence="0.8"><implement wordnetid="103563967" confidence="0.8"><link ns0:type="simple" ns0:href="../784/4889784.xml">excelsior jet</link></implement></tool></instrumentality></artifact><link ns0:type="simple" ns0:href="../351/14910351.xml">microsoft jvm</link><link ns0:type="simple" ns0:href="../369/2078369.xml" />webspher<software wordnetid="106566077" confidence="0.9508927676800064"><link ns0:type="simple" ns0:href="../635/11932635.xml" /></software></col></row><row style="height:2px" /><row><col style=";;" class="navbox-group">embed</col><col style="text-align:left;border-left:2px solid #fdfdfd;width:100%;padding:0px;;;" class="navbox-list navbox-even"><link ns0:type="simple" ns0:href="../558/16973558.xml" /><link ns0:type="simple" ns0:href="../976/1907976.xml">perc</link><link ns0:type="simple" ns0:href="../091/7585091.xml">squawk sun</link></col></row><row style="height:2px" /><row><col style=";;" class="navbox-group" /><col style="text-align:left;border-left:2px solid #fdfdfd;width:100%;padding:0px;;;" class="navbox-list navbox-odd"><link ns0:type="simple" ns0:href="../655/3247655.xml">cacao</link><software wordnetid="106566077" confidence="0.9508927676800064"><link ns0:type="simple" ns0:href="../929/11677929.xml" /></software><system wordnetid="104377057" confidence="0.8"><artifact wordnetid="100021939" confidence="0.8"><instrumentality wordnetid="103575240" confidence="0.8"><link ns0:type="simple" ns0:href="../784/2227784.xml">bea</link></instrumentality></artifact></system><O wordnetid="106832680" confidence="0.9508927676800064"><link /></O><link ns0:type="simple" ns0:href="../258/385258.xml" /><link ns0:type="simple" ns0:href="../441/2078441.xml">jnode</link><link ns0:type="simple" ns0:href="../178/4674178.xml" /></col></row></table></col></row></table></p></sec></bdy></kernel></O></article>