<article xmlns:ns0="http://www.w3.org/1999/xlink"><header><title>downhol safeti valv</title><id /><revision><id /><timestamp /><contributor><username /><id /></contributor></revision><categories><category>oil well</category></categories></header><bdy>downhol safeti valv refer compon<link>oil well</link>act<link ns0:type="simple" ns0:href="../136/41136.xml">failsaf</link>prevent uncontrol releas<link>reservoir</link>fluid event worst case scenario surfac disast instal vital compon<link ns0:type="simple" ns0:href="../184/13892184.xml">complet</link><sec><st>oper</st><p>valv commonli unidirect flapper valv open flow<link>wellbor fluid</link>push shut pressur surfac push open close will isol reservoir fluid surfac</p><p>downhol safeti valv control hydraul surfac mean open hydraul connect link directli well control panel hydraul pressur appli control hydraul pressur forc sleev valv slide movement compress larg spring push flapper open valv hydraul pressur remov spring push sleev flapper shut failsaf will isol wellbor event loss<link ns0:type="simple" ns0:href="../823/3187823.xml">wellhead</link>full design typic valv tube retriev surfac control subsurfac safeti valv abbrevi</p></sec><sec><st>posit</st><p>locat downhol safeti valv<link>complet</link>precis determin paramet intend optimis safeti argument high low<link>well</link>final depth compromis factor</p><ss1><st>reason high</st><p><link>well</link>dhsv locat greater potenti inventori<link ns0:type="simple" ns0:href="../257/13257.xml">hydrocarbon</link>close event loss contain surfac fluid spill caus environment damag worst case fuel fire place valv higher limit hazard</p><p>reason relat hydraul control hydraul pressur requir valv open<link ns0:type="simple" ns0:href="../136/41136.xml">failsaf</link>design valv<link>well</link>portion control surfac larger larg weight hydraul fluid appli suffici pressur valv open loss surfac pressuris</p></ss1><ss1><st>reason low</st><p>role dhsv isol surfac wellbor fluid valv posit well harm impli subsurfac circumst offshor well seab risk crater event catastroph loss facil valv maximum depth crater expect risk</p></ss1></sec><sec><st>deploy retriev</st><p>downhol safeti valv instal<link>complet</link>design class tube retriev instal compon complet string complet retriev valv malfunct requir<link ns0:type="simple" ns0:href="../713/10867713.xml" />full common type downhol safeti valv tube retriev surfac control subsurfac valv shorten complet diagram</p><p>tube retriev valv fail expens wirelin retriev valv type valv fit insid<link ns0:type="simple" ns0:href="../603/3181603.xml">product tube</link>deploy<link ns0:type="simple" ns0:href="../882/307882.xml">wirelin</link>valv straddl open</p></sec><sec><st>legal requir</st><p>dhsv undisput graphic imag<link ns0:type="simple" ns0:href="../570/198570.xml">oil well</link><country wordnetid="108544813" confidence="0.9508927676800064"><link ns0:type="simple" ns0:href="../890/7515890.xml">kuwait</link></country>fire<link ns0:type="simple" ns0:href="../000/182000.xml">gulf war</link><link ns0:type="simple" ns0:href="../823/3187823.xml">wellhead</link>remov demonstr peril compon time deem unnecessari onshor well direct legal requir place<autocracy wordnetid="108361001" confidence="0.8"><system wordnetid="108435388" confidence="0.8"><social_group wordnetid="107950920" confidence="0.8"><political_orientation wordnetid="106212839" confidence="0.8"><monarchy wordnetid="108363812" confidence="0.8"><state wordnetid="108168978" confidence="0.8"><political_unit wordnetid="108359949" confidence="0.8"><political_system wordnetid="108367880" confidence="0.8"><economy wordnetid="108366753" confidence="0.8"><group wordnetid="100031264" confidence="0.8"><democracy wordnetid="106217103" confidence="0.8"><link ns0:type="simple" ns0:href="../717/31717.xml">unit kingdom</link></democracy></group></economy></political_system></political_unit></state></monarchy></political_orientation></social_group></system></autocracy>law mandat dhsv<link ns0:type="simple" ns0:href="../830/4389830.xml">health safeti work</link>requir measur ensur uncontrol releas wellbor fluid prevent worst case brillianc issu prescript guidelin achiev goal health safeti set requir goal achiev<link ns0:type="simple" ns0:href="../887/994887.xml">oil compani</link>decid achiev dhsv compon decis legal requir compani polici oper<link ns0:type="simple" ns0:href="../265/11168265.xml" /></p></sec><sec><st>issu</st><p>dhsv isol<link ns0:type="simple" ns0:href="../603/3181603.xml">product tube</link>loss integr allow wellbor fluid bypass valv escap surfac<link>annulu</link><link>well</link><link ns0:type="simple" ns0:href="../282/980282.xml">lift</link>requir instal safeti valv<link>annulu</link>well ensur surfac protect loss annulu contain valv common instal posit well mean fluid snake valv surfac</p></sec><sec><st /><p><list><entry level="1" type="bullet"><link>complet</link></entry><entry level="1" type="bullet"><link ns0:type="simple" ns0:href="../570/198570.xml">oil well</link></entry></list></p></sec></bdy></article>