<article xmlns:ns0="http://www.w3.org/1999/xlink"><header><title>obix</title><id /><revision><id /><timestamp /><contributor><username /><id /></contributor></revision><categories><category>standard</category></categories></header><bdy>obix open build inform exchang standard web interfac build control system build control system includ electr mechan system oper insid build includ heat cool secur power manag alarm build well myriad special purpos system tie build event manag theatr light medic distribut hood<p>obix web servic interfac allow deep interact underli control system interfac enabl commun enterpris applic embed build system well embed build system facil oper manag full particip knowledgebas busi</p><p>obix develop<work wordnetid="100575741" confidence="0.8"><event wordnetid="100029378" confidence="0.8"><service wordnetid="100577525" confidence="0.8"><act wordnetid="100030358" confidence="0.8"><psychological_feature wordnetid="100023100" confidence="0.8"><activity wordnetid="100407535" confidence="0.8"><link ns0:type="simple" ns0:href="../842/177842.xml">oasi</link></activity></psychological_feature></act></service></event></work><weblink ns0:type="simple" ns0:href="http://www.oasis-open.org" />organ advanc structur inform standard version complet committe standard decemb</p><ss1><st>background</st><p>present mechan electr system provid embed digit control ddc devic low cost enabl tcpip instal dedic commun wire larger ddc control provid network commun dedic control well establish binari protocol modbu dali dedic network addit numer proprietari protocol binari protocol tcpip network challeng router firewal secur compat network applic challeng industri split incompat protocol</p><p>obix integr enterpris enabl mechan electr control system provid continu visibl oper statu perform expos oper web servic enabl owner tenant full array standard databas olap tool analys perform obix enabl facil oper owner tenant decis base fulli integr consider lifecycl environment cost perform factor</p></ss1><ss1><st>scope</st><p>obix publicli web servic interfac specif data simpl secur manner hvac access control util build autom system provid data exchang facil system enterpris applic releas normal represent three element common control system</p><p><list><entry level="1" type="bullet">point repres singl scalar statu typic map sensor actuat configur variabl</entry></list></p><p><list><entry level="1" type="bullet">alarm model rout acknowledg alarm alarm indic condit requir notif user applic</entry></list></p><p><list><entry level="1" type="bullet">histori model queri time sampl point data typic edg devic collect time stamp histori point valu fed higher level applic analysi</entry></list></p><p>obix low level object model extend implement point directli address direct interact point requir knowledg underli control system enterpris develop aggreg name alarm level set histori begun obix contract obix expos low level object model control system obix contract creat higher level type librari programm work</p></ss1><sec><st>obix</st><ss1><st>tenant interact</st><p>public space open even requir rang call organ build initi interact separ build control system schedul public meet tonight organ</p><p><list><entry level="1" type="bullet">call secur warn guard access control system work daytim mode guard disabl intrus detect system period</entry></list></p><p><list><entry level="1" type="bullet">call mainten room environment control set properli event includ heat room advanc room will comfort hen fill anticip number caller</entry></list></p><p><list><entry level="1" type="bullet">call media support group event manag system properli warm event</entry></list></p><p>build featur accomplish send<link ns0:type="simple" ns0:href="../736/301736.xml">icalendar</link>meet invit room andor support system</p></ss1><ss1><st>emerg respons</st><p><link ns0:type="simple" ns0:href="../657/827657.xml">common alert protocol</link>cap standard increasingli relay inform agenc public polic respond challeng public notif face tradit<link ns0:type="simple" ns0:href="../687/77687.xml">emerg broadcast system</link>transmit inform radio effect public tune person media player<link ns0:type="simple" ns0:href="../847/89847.xml">ipod</link>version protocol anticip exampl direct text cell phone rang cell tower set cell tower</p><p>manner current propos direct messag intellig build invok name obix contract effect rang temporari user secur elev initi process shut notifi warn system read messag aloud</p><p><link ns0:type="simple" ns0:href="../855/1043855.xml">open geospati consortium</link>anticip emerg respond access class geotag sensor inform build map improv situat awar</p></ss1><ss1><st>emerg power market</st><p><weblink ns0:type="simple" ns0:href="http://www.gridwiseac.org">architectur council</weblink>envis open market power provid transmiss distribut custom agent negoti freeli live power contract base instantan ongo instal electr meter provid step enabl develop<link ns0:type="simple" ns0:href="../444/2893444.xml">intellig build</link>negoti grid</p><p>grid negoti form intellig agent resid build negoti build tenant busi process negoti set build system oper postur extern agent hire build tenant aggreg demand multipl build buy power behalf market base interact consid key creat market condit drive rapid innov onsit power storag gener technolog</p></ss1></sec><sec><st>base level control protocol</st><p><list><entry level="1" type="bullet"><message wordnetid="106598915" confidence="0.8"><protocol wordnetid="106665108" confidence="0.8"><direction wordnetid="106786629" confidence="0.8"><rule wordnetid="106652242" confidence="0.8"><link ns0:type="simple" ns0:href="../718/793718.xml" /></rule></direction></protocol></message>build autom control network</entry><entry level="1" type="bullet"><link ns0:type="simple" ns0:href="../863/185863.xml" /></entry><entry level="1" type="bullet"><link ns0:type="simple" ns0:href="../223/654223.xml">modbu</link></entry><entry level="1" type="bullet"><link ns0:type="simple" ns0:href="../133/518133.xml" /></entry><entry level="1" type="bullet"><link ns0:type="simple" ns0:href="../184/5882184.xml">protocol</link></entry><entry level="1" type="bullet"><company wordnetid="108058098" confidence="0.9508927676800064"><link ns0:type="simple" ns0:href="../053/5563053.xml">dynet</link></company></entry><entry level="1" type="bullet"><link /></entry><entry level="1" type="bullet"><link ns0:type="simple" ns0:href="../856/740856.xml">dali</link>digit address light interfac</entry></list></p></sec><sec><st>standard interact obix</st><p><list><entry level="1" type="bullet"><link ns0:type="simple" ns0:href="../855/1043855.xml">open geospati consortium</link>ogc</entry><entry level="1" type="bullet"><weblink ns0:type="simple" ns0:href="http://www.facilityinformationcouncil.org/bim/">nation build inform standard</weblink></entry><entry level="1" type="bullet"><link /></entry></list></p></sec><sec><st>extern link</st><p><list><entry level="1" type="bullet"><weblink ns0:type="simple" ns0:href="http://www.oasis-open.org/committees/tc_home.php?wg_abbrev=obix">oasi committe site obix</weblink></entry><entry level="1" type="bullet"><weblink ns0:type="simple" ns0:href="http://www.obix.org">obix organiz site</weblink></entry><entry level="1" type="bullet"><weblink ns0:type="simple" ns0:href="http://www.automatedbuildings.com/news/dec03/interviews/obix.htm">interview paul origin chair obix committe</weblink></entry><entry level="1" type="bullet"><weblink ns0:type="simple" ns0:href="http://sourceforge.net/projects/obix">sourceforg repositori obix toolkit</weblink></entry><entry level="1" type="bullet"><weblink ns0:type="simple" ns0:href="http://www.caba.org">continent autom build associ</weblink></entry><entry level="1" type="bullet"><weblink ns0:type="simple" ns0:href="http://www.gridwiseac.org">architectur council</weblink></entry></list></p></sec></bdy></article>