<article xmlns:ns0="http://www.w3.org/1999/xlink"><header><title>anoint sick cathol church</title><id /><revision><id /><timestamp /><contributor><username>anthoni desert</username><id /></contributor></revision><categories><category>sacrament cathol church</category></categories></header><bdy><table style="clear: right; margin-bottom: .5em; float: right; padding: .5em 0 .8em 1.4em; background: none; width: auto;" cellpadding="0" cellspacing="0"><row><col /></row></table>anoint sick ritual anoint sick person<link ns0:type="simple" ns0:href="../894/6894.xml">sacrament cathol church</link>describ archaic synonym unction place<link ns0:type="simple" ns0:href="../676/68676.xml">anoint</link>unction sick extrem unction<ref ns0:type="simple" ns0:href="#xpointer(//reflist/entry[@id=%221%22])" />common sacrament refer administr sick commun<ref ns0:type="simple" ns0:href="#xpointer(//reflist/entry[@id=%222%22])" /><p><weblink ns0:type="simple" ns0:href="http://www.newadvent.org/cathen/05716a.htm">cathol encyclopedia</weblink>previou age sacrament varieti name holi oil unction sick unction bless consecr oil unction god offic unction<link ns0:type="simple" ns0:href="../207/42207.xml">eastern church</link>technic name holi consecr</p><p>written offici sacrament<link ns0:type="simple" ns0:href="../458/104458.xml">latin rite</link><link ns0:type="simple" ns0:href="../848/606848.xml">cathol church</link>extrem unction mean final anoint attach administ rite peopl danger<link ns0:type="simple" ns0:href="../221/8221.xml">death</link>reflect restor disciplin latin church ancient christian church sacrament confer danger ill<ref ns0:type="simple" ns0:href="#xpointer(//reflist/entry[@id=%223%22])" />church anoint sick extrem unction natur continu popular prefer terminolog customari<link ns0:type="simple" ns0:href="../134/28134.xml">second vatican council</link><social_group wordnetid="107950920" confidence="0.8"><group wordnetid="100031264" confidence="0.8"><subculture wordnetid="108288753" confidence="0.8"><link ns0:type="simple" ns0:href="../211/218211.xml">traditionalist cathol</link></subculture></group></social_group></p><p>term rite equival anoint sick refer distinct rite<link ns0:type="simple" ns0:href="../718/5589718.xml">penanc</link><link ns0:type="simple" ns0:href="../767/9767.xml">eucharist</link>administ die<love wordnetid="107543288" confidence="0.8"><feeling wordnetid="100026192" confidence="0.8"><state wordnetid="100024720" confidence="0.8"><devotion wordnetid="107544491" confidence="0.8"><emotion wordnetid="107480068" confidence="0.8"><link ns0:type="simple" ns0:href="../477/67477.xml" /></emotion></devotion></state></feeling></love>word origin mean<language wordnetid="106282651" confidence="0.9508927676800064"><link ns0:type="simple" ns0:href="../730/17730.xml">latin</link></language>provis journey normal order administr penanc die person physic unabl confess absolut condit exist anoint</p><sec><st>biblic text</st><p>chief<link ns0:type="simple" ns0:href="../390/3390.xml">biblic</link>text concern anoint sick<weblink ns0:type="simple" ns0:href="http://php.ug.cs.usyd.edu.au/~jnot4610/bibref.php?book=%20James verse=5:14-15 src=!">jame</weblink>sick call elder church pray anoint oil lord prayer offer faith will heal sick lord will well commit sin will forgiven</p><p><weblink ns0:type="simple" ns0:href="http://php.ug.cs.usyd.edu.au/~jnot4610/bibref.php?book=%20Matthew verse=10:8 src=!">matthew</weblink><weblink ns0:type="simple" ns0:href="http://php.ug.cs.usyd.edu.au/~jnot4610/bibref.php?book=%20Luke verse=10:8-9 src=!">luke</weblink><weblink ns0:type="simple" ns0:href="http://php.ug.cs.usyd.edu.au/~jnot4610/bibref.php?book=%20Mark verse=6:13 src=!">mark</weblink>quot regard</p><p>extens account teach cathol church anoint sick<weblink ns0:type="simple" ns0:href="http://www.usccb.org/catechism/text/pt2sect2chpt2art5.htm">catech cathol church</weblink></p></sec><sec><st>administr</st><p>anoint sick<link ns0:type="simple" ns0:href="../894/6894.xml">sacrament</link><link ns0:type="simple" ns0:href="../707/23707.xml">priest</link><link ns0:type="simple" ns0:href="../092/4092.xml">bishop</link><link ns0:type="simple" ns0:href="../222/74222.xml" />administ<ref ns0:type="simple" ns0:href="#xpointer(//reflist/entry[@id=%224%22])" />relationship forgiv sin canon<link ns0:type="simple" ns0:href="../532/5131532.xml">code canon law</link>indic succinctli receiv sacrament anoint sick administ member faith reach reason danger reason ill age ill renew worsen ill enabl person receiv sacrament time case person chronic ill elderli weaken condit sacrament anoint repeat pastor judgment priest condit sick person warrant repetit sacrament rite anoint sick</p><p>text rite sacrament anoint administ individu hospit institut church sick person anoint rite celebr take place church hospit celebr place<sacrament wordnetid="101034925" confidence="0.8"><rite wordnetid="101029406" confidence="0.8"><event wordnetid="100029378" confidence="0.8"><religious_ceremony wordnetid="101028082" confidence="0.8"><ceremony wordnetid="101027379" confidence="0.8"><act wordnetid="100030358" confidence="0.8"><psychological_feature wordnetid="100023100" confidence="0.8"><activity wordnetid="100407535" confidence="0.8"><link ns0:type="simple" ns0:href="../371/56371.xml">mass</link></activity></psychological_feature></act></ceremony></religious_ceremony></event></rite></sacrament></p><p>indic code canon law illicit administ indiscrimin sick healthi sacrament intend benefit serious ill</p></sec><sec><st>effect sacrament</st><p>cathol church see effect sacrament sacrament marriag grace marri sacrament anoint sick grace peopl enter sick sacrament gift holi spirit renew confid faith god strengthen temptat discourag anguish thought death struggl death lead spiritu heal forgiv sin bodili heal well</p></sec><sec><st>establish form</st><p>oil sacrament oliv oil veget oil catech cathol church bless bishop dioces<link ns0:type="simple" ns0:href="../295/891295.xml">chrism mass</link>celebr<link ns0:type="simple" ns0:href="../389/170389.xml">holi thursday</link>day close case necess priest administ sacrament bless oil framework celebr code canon law canon</p><p><rite wordnetid="101029406" confidence="0.8"><event wordnetid="100029378" confidence="0.8"><religious_ceremony wordnetid="101028082" confidence="0.8"><ceremony wordnetid="101027379" confidence="0.8"><act wordnetid="100030358" confidence="0.8"><psychological_feature wordnetid="100023100" confidence="0.8"><activity wordnetid="100407535" confidence="0.8"><link ns0:type="simple" ns0:href="../448/2493448.xml">roman rite</link></activity></psychological_feature></act></ceremony></religious_ceremony></event></rite><link ns0:type="simple" ns0:href="../458/104458.xml">cathol church</link>priest anoint sick person forehead oil form cross holi anoint lord love merci help grace holi spirit anoint hand lord free sin save rais local cultur tradit sick person anoint part bodi repeat sacrament formula</p><p>form establish roman rite papal document form roman rite preced period includ anoint part bodi loin gener englishspeak countri<language wordnetid="106282651" confidence="0.9508927676800064"><link ns0:type="simple" ns0:href="../730/17730.xml">latin</link></language>holi anoint lord pardon commit sens question mention sight hear smell tast touch walk</p><p>liturg rite cathol church western eastern roman varieti form celebr sacrament</p></sec><sec><st>popular cultur</st><p><movie wordnetid="106613686" confidence="0.9508927676800064"><link ns0:type="simple" ns0:href="../303/1210303.xml">constantin film</link></movie>john constantin read rite stop moment</p><p><person wordnetid="100007846" confidence="0.9508927676800064"><link ns0:type="simple" ns0:href="../750/12750.xml">giacomo</link></person>opera<music wordnetid="107020895" confidence="0.8"><classical_music wordnetid="107025900" confidence="0.8"><auditory_communication wordnetid="107109019" confidence="0.8"><opera wordnetid="107026352" confidence="0.8"><music_genre wordnetid="107071942" confidence="0.8"><expressive_style wordnetid="107066659" confidence="0.8"><link ns0:type="simple" ns0:href="../245/38245.xml" /></expressive_style></music_genre></opera></auditory_communication></classical_music></music>secret policeman speak excerpt ritual order increas pressur titl charact lover tortur</p><p><musical_organization wordnetid="108246613" confidence="0.8"><group wordnetid="100031264" confidence="0.8"><link ns0:type="simple" ns0:href="../488/887488.xml">sens fail</link></group></musical_organization>song<link ns0:type="simple" ns0:href="../847/9671847.xml">priest</link>includ lyric singer die suicid attempt rite priest singer refus sacrament</p><p>death metal band<musical_organization wordnetid="108246613" confidence="0.8"><group wordnetid="100031264" confidence="0.8"><link ns0:type="simple" ns0:href="../184/1088184.xml" /></group></musical_organization>song call extrem unction</p><p>priest read condemn man rite stapl prison film<movie wordnetid="106613686" confidence="0.9508927676800064"><link ns0:type="simple" ns0:href="../425/2093425.xml">johnni danger</link></movie>priest brought assist johnni escap<movie wordnetid="106613686" confidence="0.9508927676800064"><link ns0:type="simple" ns0:href="../849/983849.xml">top secret</link></movie>priest read rite includ<message wordnetid="106253690" confidence="0.8"><event wordnetid="100029378" confidence="0.8"><social_event wordnetid="107288639" confidence="0.8"><contest wordnetid="107456188" confidence="0.8"><cipher wordnetid="106254239" confidence="0.8"><game wordnetid="100456199" confidence="0.8"><psychological_feature wordnetid="100023100" confidence="0.8"><link ns0:type="simple" ns0:href="../973/22973.xml">pig latin</link></psychological_feature></game></cipher></contest></social_event></event></message>execut</p></sec><sec><st>refer</st><p><reflist><entry id="1">council trent xiv cap english translat quot<weblink ns0:type="simple" ns0:href="http://www.newadvent.org/cathen/05716a.htm">cathol encyclopedia</weblink><link ns0:type="simple" ns0:href="../601/7601.xml">coptic church</link><weblink ns0:type="simple" ns0:href="http://www.copticchurch.net/topics/thecopticchurch/sacraments/5_unction_sick.html">sacrament unction sick</weblink><link ns0:type="simple" ns0:href="../370/22370.xml">cathol church</link><weblink ns0:type="simple" ns0:href="http://anglicanhistory.org/liturgy/old_catholic_ritual/unction.html">unction sick</weblink></entry><entry id="2"><weblink ns0:type="simple" ns0:href="http://www.cofchrist.org/sacraments/default.asp">commun christ sacrament</weblink></entry><entry id="3"><weblink ns0:type="simple" ns0:href="http://www.vatican.va/archive/ENG1104/__P3J.HTM">canon</weblink>code canon law apostol constitut<weblink ns0:type="simple" ns0:href="http://www.vatican.va/holy_father/paul_vi/apost_constitutions/documents/hf_p-vi_apc_19721130_sacram-unctionem_en.html" /><link ns0:type="simple" ns0:href="../577/21577.xml">novemb</link><link ns0:type="simple" ns0:href="../671/34671.xml" /><weblink ns0:type="simple" ns0:href="http://www.usccb.org/catechism/text/pt2sect2chpt2art5.htm">catech cathol church</weblink></entry><entry id="4"><weblink ns0:type="simple" ns0:href="http://www.usccb.org/catechism/text/pt2sect2chpt2art5.htm">catech cathol church</weblink>retriev<link /></entry></reflist></p><p><table style=";" class="navbox" cellspacing="0"><row><col style="padding:2px;"><table style="width:100%;background:transparent;color:inherit;;" class="nowraplinks collapsible autocollapse " cellspacing="0"><row><header colspan="3" style=";" class="navbox-title"><link ns0:type="simple" ns0:href="../894/6894.xml">sacrament</link>rite liturgi<link ns0:type="simple" ns0:href="../848/606848.xml">cathol church</link></header></row><row style="height:2px;" /><row><col style=";;" class="navbox-group">sacrament</col><col style="text-align:left;border-left:2px solid #fdfdfd;width:100%;padding:0px;;;" class="navbox-list navbox-odd"><link ns0:type="simple" ns0:href="../298/4298.xml#xpointer(//*[./st=%22Catholic+baptism+and+salvation%22])">baptism</link><link ns0:type="simple" ns0:href="../718/5589718.xml">reconcili</link><link ns0:type="simple" ns0:href="../673/5581673.xml">eucharist</link><link ns0:type="simple" ns0:href="../517/5581517.xml">confirm</link><link ns0:type="simple" ns0:href="../673/395673.xml">matrimoni</link><office wordnetid="103841666" confidence="0.8"><structure wordnetid="104341686" confidence="0.8"><artifact wordnetid="100021939" confidence="0.8"><place_of_business wordnetid="103953020" confidence="0.8"><establishment wordnetid="103297735" confidence="0.8"><link ns0:type="simple" ns0:href="../005/8655005.xml">holi order</link></establishment></place_of_business></artifact></structure></office><link ns0:type="simple" ns0:href="../740/10904740.xml">anoint sick</link></col><col style="width:0%;padding:0px 0px 0px 2px;" rowspan="5"><image width="100px" src="Emblem_of_the_Papacy_SE.svg" /></col></row><row style="height:2px" /><row><col style=";;" class="navbox-group">rite liturgi</col><col style="text-align:left;border-left:2px solid #fdfdfd;width:100%;padding:0px;;;" class="navbox-list navbox-even"><sacrament wordnetid="101034925" confidence="0.8"><rite wordnetid="101029406" confidence="0.8"><event wordnetid="100029378" confidence="0.8"><religious_ceremony wordnetid="101028082" confidence="0.8"><ceremony wordnetid="101027379" confidence="0.8"><act wordnetid="100030358" confidence="0.8"><psychological_feature wordnetid="100023100" confidence="0.8"><activity wordnetid="100407535" confidence="0.8"><link ns0:type="simple" ns0:href="../371/56371.xml">mass</link></activity></psychological_feature></act></ceremony></religious_ceremony></event></rite></sacrament><rite wordnetid="101029406" confidence="0.8"><event wordnetid="100029378" confidence="0.8"><religious_ceremony wordnetid="101028082" confidence="0.8"><ceremony wordnetid="101027379" confidence="0.8"><act wordnetid="100030358" confidence="0.8"><psychological_feature wordnetid="100023100" confidence="0.8"><activity wordnetid="100407535" confidence="0.8"><link ns0:type="simple" ns0:href="../013/1140013.xml">papal mass</link></activity></psychological_feature></act></ceremony></religious_ceremony></event></rite><link ns0:type="simple" ns0:href="../038/424038.xml">pontif mass</link><link ns0:type="simple" ns0:href="../047/3387047.xml">solemn mass</link><link ns0:type="simple" ns0:href="../884/2494884.xml">sung mass</link><link ns0:type="simple" ns0:href="../175/500175.xml">low mass</link><link ns0:type="simple" ns0:href="../842/147842.xml">mass</link><love wordnetid="107543288" confidence="0.8"><feeling wordnetid="100026192" confidence="0.8"><state wordnetid="100024720" confidence="0.8"><devotion wordnetid="107544491" confidence="0.8"><emotion wordnetid="107480068" confidence="0.8"><link ns0:type="simple" ns0:href="../796/3594796.xml">benedict bless sacrament</link></emotion></devotion></state></feeling></love><work wordnetid="104599396" confidence="0.8"><product wordnetid="104007894" confidence="0.8"><creation wordnetid="103129123" confidence="0.8"><artifact wordnetid="100021939" confidence="0.8"><book wordnetid="106410904" confidence="0.8"><publication wordnetid="106589574" confidence="0.8"><link ns0:type="simple" ns0:href="../124/1951124.xml">liturgi hour</link></publication></book></artifact></creation></product></work><rite wordnetid="101029406" confidence="0.8"><event wordnetid="100029378" confidence="0.8"><religious_ceremony wordnetid="101028082" confidence="0.8"><ceremony wordnetid="101027379" confidence="0.8"><act wordnetid="100030358" confidence="0.8"><psychological_feature wordnetid="100023100" confidence="0.8"><activity wordnetid="100407535" confidence="0.8"><link ns0:type="simple" ns0:href="../240/343240.xml">rite</link></activity></psychological_feature></act></ceremony></religious_ceremony></event></rite><rite wordnetid="101029406" confidence="0.8"><event wordnetid="100029378" confidence="0.8"><religious_ceremony wordnetid="101028082" confidence="0.8"><ceremony wordnetid="101027379" confidence="0.8"><act wordnetid="100030358" confidence="0.8"><psychological_feature wordnetid="100023100" confidence="0.8"><activity wordnetid="100407535" confidence="0.8"><link ns0:type="simple" ns0:href="../045/4543045.xml">rite</link></activity></psychological_feature></act></ceremony></religious_ceremony></event></rite><rite wordnetid="101029406" confidence="0.8"><event wordnetid="100029378" confidence="0.8"><religious_ceremony wordnetid="101028082" confidence="0.8"><ceremony wordnetid="101027379" confidence="0.8"><act wordnetid="100030358" confidence="0.8"><psychological_feature wordnetid="100023100" confidence="0.8"><activity wordnetid="100407535" confidence="0.8"><link ns0:type="simple" ns0:href="../318/588318.xml">byzantin rite</link></activity></psychological_feature></act></ceremony></religious_ceremony></event></rite><order wordnetid="107168623" confidence="0.8"><event wordnetid="100029378" confidence="0.8"><command wordnetid="107168131" confidence="0.8"><act wordnetid="100030358" confidence="0.8"><psychological_feature wordnetid="100023100" confidence="0.8"><speech_act wordnetid="107160883" confidence="0.8"><link ns0:type="simple" ns0:href="../120/49120.xml#xpointer(//*[./st=%22Liturgy%22])">rite</link></speech_act></psychological_feature></act></command></event></order><rite wordnetid="101029406" confidence="0.8"><event wordnetid="100029378" confidence="0.8"><religious_ceremony wordnetid="101028082" confidence="0.8"><ceremony wordnetid="101027379" confidence="0.8"><act wordnetid="100030358" confidence="0.8"><psychological_feature wordnetid="100023100" confidence="0.8"><activity wordnetid="100407535" confidence="0.8"><link ns0:type="simple" ns0:href="../789/729789.xml">rite</link></activity></psychological_feature></act></ceremony></religious_ceremony></event></rite><link ns0:type="simple" ns0:href="../818/4686818.xml">rite</link><rite wordnetid="101029406" confidence="0.8"><event wordnetid="100029378" confidence="0.8"><religious_ceremony wordnetid="101028082" confidence="0.8"><ceremony wordnetid="101027379" confidence="0.8"><act wordnetid="100030358" confidence="0.8"><psychological_feature wordnetid="100023100" confidence="0.8"><activity wordnetid="100407535" confidence="0.8"><link ns0:type="simple" ns0:href="../448/2493448.xml">roman rite</link></activity></psychological_feature></act></ceremony></religious_ceremony></event></rite><sacrament wordnetid="101034925" confidence="0.8"><rite wordnetid="101029406" confidence="0.8"><event wordnetid="100029378" confidence="0.8"><religious_ceremony wordnetid="101028082" confidence="0.8"><ceremony wordnetid="101027379" confidence="0.8"><act wordnetid="100030358" confidence="0.8"><psychological_feature wordnetid="100023100" confidence="0.8"><activity wordnetid="100407535" confidence="0.8"><link ns0:type="simple" ns0:href="../755/1294755.xml">rite</link></activity></psychological_feature></act></ceremony></religious_ceremony></event></rite></sacrament><rite wordnetid="101029406" confidence="0.8"><event wordnetid="100029378" confidence="0.8"><religious_ceremony wordnetid="101028082" confidence="0.8"><ceremony wordnetid="101027379" confidence="0.8"><act wordnetid="100030358" confidence="0.8"><psychological_feature wordnetid="100023100" confidence="0.8"><activity wordnetid="100407535" confidence="0.8"><link ns0:type="simple" ns0:href="../158/4543158.xml">east syrian rite</link></activity></psychological_feature></act></ceremony></religious_ceremony></event></rite><link ns0:type="simple" ns0:href="../994/4542994.xml">west syrian rite</link><rite wordnetid="101029406" confidence="0.8"><event wordnetid="100029378" confidence="0.8"><religious_ceremony wordnetid="101028082" confidence="0.8"><ceremony wordnetid="101027379" confidence="0.8"><act wordnetid="100030358" confidence="0.8"><psychological_feature wordnetid="100023100" confidence="0.8"><activity wordnetid="100407535" confidence="0.8"><link ns0:type="simple" ns0:href="../673/671673.xml">anglican</link></activity></psychological_feature></act></ceremony></religious_ceremony></event></rite><link ns0:type="simple" ns0:href="../578/2622578.xml">asperg</link><link ns0:type="simple" ns0:href="../127/3700127.xml#xpointer(//*[./st=%22Roman+Catholicism%22])" /><continuance wordnetid="101017987" confidence="0.8"><practice wordnetid="100410247" confidence="0.8"><event wordnetid="100029378" confidence="0.8"><survival wordnetid="101022178" confidence="0.8"><act wordnetid="100030358" confidence="0.8"><psychological_feature wordnetid="100023100" confidence="0.8"><activity wordnetid="100407535" confidence="0.8"><custom wordnetid="100413239" confidence="0.8"><link ns0:type="simple" ns0:href="../165/12422165.xml">funer</link></custom></activity></psychological_feature></act></survival></event></practice></continuance><link ns0:type="simple" ns0:href="../798/184798.xml">requiem</link></col></row><row style="height:2px" /><row><col style=";;" class="navbox-group">defunct rite liturgi</col><col style="text-align:left;border-left:2px solid #fdfdfd;width:100%;padding:0px;;;" class="navbox-list navbox-odd"><link ns0:type="simple" ns0:href="../423/4867423.xml">rite</link><link ns0:type="simple" ns0:href="../412/4686412.xml">rite</link><link ns0:type="simple" ns0:href="../419/4686419.xml">rite</link><rite wordnetid="101029406" confidence="0.8"><event wordnetid="100029378" confidence="0.8"><religious_ceremony wordnetid="101028082" confidence="0.8"><ceremony wordnetid="101027379" confidence="0.8"><act wordnetid="100030358" confidence="0.8"><psychological_feature wordnetid="100023100" confidence="0.8"><activity wordnetid="100407535" confidence="0.8"><link ns0:type="simple" ns0:href="../741/6718741.xml">durham rite</link></activity></psychological_feature></act></ceremony></religious_ceremony></event></rite><rite wordnetid="101029406" confidence="0.8"><event wordnetid="100029378" confidence="0.8"><religious_ceremony wordnetid="101028082" confidence="0.8"><ceremony wordnetid="101027379" confidence="0.8"><act wordnetid="100030358" confidence="0.8"><psychological_feature wordnetid="100023100" confidence="0.8"><activity wordnetid="100407535" confidence="0.8"><link ns0:type="simple" ns0:href="../866/3853866.xml">mass</link></activity></psychological_feature></act></ceremony></religious_ceremony></event></rite><rite wordnetid="101029406" confidence="0.8"><event wordnetid="100029378" confidence="0.8"><religious_ceremony wordnetid="101028082" confidence="0.8"><ceremony wordnetid="101027379" confidence="0.8"><act wordnetid="100030358" confidence="0.8"><psychological_feature wordnetid="100023100" confidence="0.8"><activity wordnetid="100407535" confidence="0.8"><link ns0:type="simple" ns0:href="../051/3729051.xml">african rite</link></activity></psychological_feature></act></ceremony></religious_ceremony></event></rite><rite wordnetid="101029406" confidence="0.8"><event wordnetid="100029378" confidence="0.8"><religious_ceremony wordnetid="101028082" confidence="0.8"><ceremony wordnetid="101027379" confidence="0.8"><act wordnetid="100030358" confidence="0.8"><psychological_feature wordnetid="100023100" confidence="0.8"><activity wordnetid="100407535" confidence="0.8"><link ns0:type="simple" ns0:href="../540/5150540.xml">rite</link></activity></psychological_feature></act></ceremony></religious_ceremony></event></rite><rite wordnetid="101029406" confidence="0.8"><event wordnetid="100029378" confidence="0.8"><religious_ceremony wordnetid="101028082" confidence="0.8"><ceremony wordnetid="101027379" confidence="0.8"><act wordnetid="100030358" confidence="0.8"><psychological_feature wordnetid="100023100" confidence="0.8"><activity wordnetid="100407535" confidence="0.8"><link ns0:type="simple" ns0:href="../727/3074727.xml">celtic rite</link></activity></psychological_feature></act></ceremony></religious_ceremony></event></rite><link ns0:type="simple" ns0:href="../822/2187822.xml">rite</link><rite wordnetid="101029406" confidence="0.8"><event wordnetid="100029378" confidence="0.8"><religious_ceremony wordnetid="101028082" confidence="0.8"><ceremony wordnetid="101027379" confidence="0.8"><act wordnetid="100030358" confidence="0.8"><psychological_feature wordnetid="100023100" confidence="0.8"><activity wordnetid="100407535" confidence="0.8"><link ns0:type="simple" ns0:href="../367/9728367.xml">missa</link></activity></psychological_feature></act></ceremony></religious_ceremony></event></rite><rite wordnetid="101029406" confidence="0.8"><event wordnetid="100029378" confidence="0.8"><religious_ceremony wordnetid="101028082" confidence="0.8"><ceremony wordnetid="101027379" confidence="0.8"><act wordnetid="100030358" confidence="0.8"><psychological_feature wordnetid="100023100" confidence="0.8"><activity wordnetid="100407535" confidence="0.8"><link ns0:type="simple" ns0:href="../367/9728367.xml">missa</link></activity></psychological_feature></act></ceremony></religious_ceremony></event></rite><rite wordnetid="101029406" confidence="0.8"><event wordnetid="100029378" confidence="0.8"><religious_ceremony wordnetid="101028082" confidence="0.8"><ceremony wordnetid="101027379" confidence="0.8"><act wordnetid="100030358" confidence="0.8"><psychological_feature wordnetid="100023100" confidence="0.8"><activity wordnetid="100407535" confidence="0.8"><link ns0:type="simple" ns0:href="../367/9728367.xml">missa</link></activity></psychological_feature></act></ceremony></religious_ceremony></event></rite></col></row></table></col></row></table></p><p><table style=";" class="navbox" cellspacing="0"><row><col style="padding:2px;"><table style="width:100%;background:transparent;color:inherit;;" class="nowraplinks collapsible autocollapse " cellspacing="0"><row><header colspan="3" style="background-color:#FFFF66;background-color:#FFFF66" class="navbox-title"><link ns0:type="simple" ns0:href="../848/606848.xml">cathol church</link></header></row><row style="height:2px;" /><row><col colspan="3" style="background-color:#FFFF66;" class="navbox-abovebelow">organ papaci teach liturg tradit</col></row><row style="height:2px;" /><row><col style="background-color:#FFFF66;background-color:#FFFF66;" class="navbox-group"><link ns0:type="simple" ns0:href="../484/18266484.xml">histori</link></col><col style="text-align:left;border-left:2px solid #fdfdfd;width:100%;padding:0px;;;" class="navbox-list navbox-odd"><information wordnetid="105816287" confidence="0.8"><inflammation wordnetid="114336539" confidence="0.8"><punishment wordnetid="101160342" confidence="0.8"><appearance wordnetid="107321772" confidence="0.8"><belief wordnetid="105941423" confidence="0.8"><laminitis wordnetid="114348895" confidence="0.8"><happening wordnetid="107283608" confidence="0.8"><evidence wordnetid="105823932" confidence="0.8"><corporal_punishment wordnetid="101161161" confidence="0.8"><execution wordnetid="101163779" confidence="0.8"><group_action wordnetid="101080366" confidence="0.8"><event wordnetid="100029378" confidence="0.8"><social_control wordnetid="101123598" confidence="0.8"><deity wordnetid="109505418" confidence="0.8"><spiritual_being wordnetid="109504135" confidence="0.8"><act wordnetid="100030358" confidence="0.8"><psychological_feature wordnetid="100023100" confidence="0.8"><symptom wordnetid="114299637" confidence="0.8"><manifestation wordnetid="107323231" confidence="0.8"><link ns0:type="simple" ns0:href="../706/1095706.xml">jesu</link></manifestation></symptom></psychological_feature></act></spiritual_being></deity></social_control></event></group_action></execution></corporal_punishment></evidence></happening></laminitis></belief></appearance></punishment></inflammation></information><physical_entity wordnetid="100001930" confidence="0.8"><person wordnetid="100007846" confidence="0.8"><follower wordnetid="110099375" confidence="0.8"><supporter wordnetid="110677713" confidence="0.8"><leader wordnetid="109623038" confidence="0.8"><causal_agent wordnetid="100007347" confidence="0.8"><advocate wordnetid="109774783" confidence="0.8"><believer wordnetid="109848489" confidence="0.8"><apostle wordnetid="109799461" confidence="0.8"><link ns0:type="simple" ns0:href="../398/3595398.xml">twelv apostl</link></apostle></believer></advocate></causal_agent></leader></supporter></follower></person></physical_entity><message wordnetid="106598915" confidence="0.8"><subject wordnetid="106599788" confidence="0.8"><link ns0:type="simple" ns0:href="../957/1027957.xml">earli christian</link></subject></message><link ns0:type="simple" ns0:href="../430/3349430.xml">histori papaci</link><link ns0:type="simple" ns0:href="../762/9762.xml">council</link><link ns0:type="simple" ns0:href="../145/4412145.xml">crusad</link><mission wordnetid="108403225" confidence="0.8"><nongovernmental_organization wordnetid="108009834" confidence="0.8"><link ns0:type="simple" ns0:href="../270/666270.xml">mission</link></nongovernmental_organization></mission><change wordnetid="100191142" confidence="0.8"><dispute wordnetid="107181935" confidence="0.8"><separation wordnetid="100383606" confidence="0.8"><speech_act wordnetid="107160883" confidence="0.8"><schism wordnetid="100386676" confidence="0.8"><division wordnetid="100385791" confidence="0.8"><controversy wordnetid="107183151" confidence="0.8"><change_of_integrity wordnetid="100376063" confidence="0.8"><event wordnetid="100029378" confidence="0.8"><action wordnetid="100037396" confidence="0.8"><disagreement wordnetid="107180787" confidence="0.8"><act wordnetid="100030358" confidence="0.8"><psychological_feature wordnetid="100023100" confidence="0.8"><link ns0:type="simple" ns0:href="../935/543935.xml">great schism east</link></psychological_feature></act></disagreement></action></event></change_of_integrity></controversy></division></schism></speech_act></separation></dispute></change><link ns0:type="simple" ns0:href="../939/543939.xml">great schism west</link><change wordnetid="100191142" confidence="0.8"><dispute wordnetid="107181935" confidence="0.8"><separation wordnetid="100383606" confidence="0.8"><speech_act wordnetid="107160883" confidence="0.8"><schism wordnetid="100386676" confidence="0.8"><division wordnetid="100385791" confidence="0.8"><controversy wordnetid="107183151" confidence="0.8"><change_of_integrity wordnetid="100376063" confidence="0.8"><event wordnetid="100029378" confidence="0.8"><action wordnetid="100037396" confidence="0.8"><disagreement wordnetid="107180787" confidence="0.8"><act wordnetid="100030358" confidence="0.8"><psychological_feature wordnetid="100023100" confidence="0.8"><link ns0:type="simple" ns0:href="../857/37857.xml">reform</link></psychological_feature></act></disagreement></action></event></change_of_integrity></controversy></division></schism></speech_act></separation></dispute></change><link /><link ns0:type="simple" ns0:href="../343/1364343.xml">roman catholic countri</link></col><col style="width:0%;padding:0px 0px 0px 2px;" rowspan="21"><image width="150px" src="Kruis_san_damiano.gif" /></col></row><row style="height:2px" /><row><col style="background-color:#FFFF66;background-color:#FFFF66;" class="navbox-group"><link ns0:type="simple" ns0:href="../063/1714063.xml">hierarchi</link></col><col style="text-align:left;border-left:2px solid #fdfdfd;width:100%;padding:0px;;background:#FFFFBB;;" class="navbox-list navbox-even"><work wordnetid="100575741" confidence="0.8"><duty wordnetid="100719494" confidence="0.8"><event wordnetid="100029378" confidence="0.8"><act wordnetid="100030358" confidence="0.8"><psychological_feature wordnetid="100023100" confidence="0.8"><activity wordnetid="100407535" confidence="0.8"><function wordnetid="100720565" confidence="0.8"><link ns0:type="simple" ns0:href="../056/23056.xml">pope</link></function></activity></psychological_feature></act></event></duty></work><physical_entity wordnetid="100001930" confidence="0.8"><priest wordnetid="110470779" confidence="0.8"><person wordnetid="100007846" confidence="0.8"><clergyman wordnetid="109927451" confidence="0.8"><bishop wordnetid="109857200" confidence="0.8"><leader wordnetid="109623038" confidence="0.8"><spiritual_leader wordnetid="109505153" confidence="0.8"><causal_agent wordnetid="100007347" confidence="0.8"><link ns0:type="simple" ns0:href="../221/6221.xml">cardin</link></causal_agent></spiritual_leader></leader></bishop></clergyman></person></priest></physical_entity><link ns0:type="simple" ns0:href="../409/175409.xml">patriarch</link><link ns0:type="simple" ns0:href="../351/2431351.xml">major archbishop</link><physical_entity wordnetid="100001930" confidence="0.8"><office wordnetid="103841666" confidence="0.8"><structure wordnetid="104341686" confidence="0.8"><person wordnetid="100007846" confidence="0.8"><artifact wordnetid="100021939" confidence="0.8"><place_of_business wordnetid="103953020" confidence="0.8"><establishment wordnetid="103297735" confidence="0.8"><leader wordnetid="109623038" confidence="0.8"><causal_agent wordnetid="100007347" confidence="0.8"><link ns0:type="simple" ns0:href="../672/24672.xml">primat</link></causal_agent></leader></establishment></place_of_business></artifact></person></structure></office></physical_entity><office wordnetid="103841666" confidence="0.8"><physical_entity wordnetid="100001930" confidence="0.8"><person wordnetid="100007846" confidence="0.8"><priest wordnetid="110470779" confidence="0.8"><structure wordnetid="104341686" confidence="0.8"><bishop wordnetid="109857200" confidence="0.8"><establishment wordnetid="103297735" confidence="0.8"><artifact wordnetid="100021939" confidence="0.8"><clergyman wordnetid="109927451" confidence="0.8"><place_of_business wordnetid="103953020" confidence="0.8"><leader wordnetid="109623038" confidence="0.8"><spiritual_leader wordnetid="109505153" confidence="0.8"><causal_agent wordnetid="100007347" confidence="0.8"><link ns0:type="simple" ns0:href="../048/336048.xml">metropolitan</link></causal_agent></spiritual_leader></leader></place_of_business></clergyman></artifact></establishment></bishop></structure></priest></person></physical_entity></office><link ns0:type="simple" ns0:href="../557/48557.xml">archbishop</link><work wordnetid="100575741" confidence="0.8"><occupation wordnetid="100582388" confidence="0.8"><duty wordnetid="100719494" confidence="0.8"><event wordnetid="100029378" confidence="0.8"><act wordnetid="100030358" confidence="0.8"><psychological_feature wordnetid="100023100" confidence="0.8"><activity wordnetid="100407535" confidence="0.8"><function wordnetid="100720565" confidence="0.8"><link ns0:type="simple" ns0:href="../424/8799424.xml">diocesan bishop</link></function></activity></psychological_feature></act></event></duty></occupation></work></col></row><row style="height:2px" /><row><col style="background-color:#FFFF66;background-color:#FFFF66;" class="navbox-group"><document wordnetid="106470073" confidence="0.8"><written_communication wordnetid="106349220" confidence="0.8"><writing wordnetid="106362953" confidence="0.8"><link ns0:type="simple" ns0:href="../260/194260.xml">theolog</link></writing></written_communication></document></col><col style="text-align:left;border-left:2px solid #fdfdfd;width:100%;padding:0px;;;" class="navbox-list navbox-odd"><link ns0:type="simple" ns0:href="../511/30511.xml">triniti</link><link ns0:type="simple" ns0:href="../735/22735.xml">origin sin</link><link ns0:type="simple" ns0:href="../112/13687112.xml">holi cathol apostol church</link><link ns0:type="simple" ns0:href="../963/1680963.xml">worship</link><link ns0:type="simple" ns0:href="../756/191756.xml">divin grace</link><link ns0:type="simple" ns0:href="../473/29473.xml">salvat</link><music wordnetid="107020895" confidence="0.8"><message wordnetid="106598915" confidence="0.8"><episode wordnetid="106396330" confidence="0.8"><belief wordnetid="105941423" confidence="0.8"><subject wordnetid="106599788" confidence="0.8"><auditory_communication wordnetid="107109019" confidence="0.8"><written_communication wordnetid="106349220" confidence="0.8"><writing wordnetid="106362953" confidence="0.8"><doctrine wordnetid="105943300" confidence="0.8"><section wordnetid="106392001" confidence="0.8"><link ns0:type="simple" ns0:href="../372/44372.xml">sermon mount</link></section></doctrine></writing></written_communication></auditory_communication></subject></belief></episode></message></music><link ns0:type="simple" ns0:href="../671/2539671.xml">ten command</link><belief wordnetid="105941423" confidence="0.8"><doctrine wordnetid="105943300" confidence="0.8"><link ns0:type="simple" ns0:href="../345/17596345.xml">dogma</link></doctrine></belief><link ns0:type="simple" ns0:href="../239/18021239.xml">bodi soul</link></col></row><row style="height:2px" /><row><col style="background-color:#FFFF66;background-color:#FFFF66;" class="navbox-group"><link ns0:type="simple" ns0:href="../894/6894.xml">sacrament</link></col><col style="text-align:left;border-left:2px solid #fdfdfd;width:100%;padding:0px;;background:#FFFFBB;;" class="navbox-list navbox-even"><link ns0:type="simple" ns0:href="../298/4298.xml#xpointer(//*[./st=%22Catholic+baptism+and+salvation%22])">baptism</link><link ns0:type="simple" ns0:href="../517/5581517.xml">confirm</link><link ns0:type="simple" ns0:href="../673/5581673.xml">eucharist</link><link ns0:type="simple" ns0:href="../718/5589718.xml">penanc</link><link ns0:type="simple" ns0:href="../740/10904740.xml">anoint sick</link><office wordnetid="103841666" confidence="0.8"><structure wordnetid="104341686" confidence="0.8"><artifact wordnetid="100021939" confidence="0.8"><place_of_business wordnetid="103953020" confidence="0.8"><establishment wordnetid="103297735" confidence="0.8"><link ns0:type="simple" ns0:href="../005/8655005.xml">holi order</link></establishment></place_of_business></artifact></structure></office><link ns0:type="simple" ns0:href="../673/395673.xml">matrimoni</link></col></row><row style="height:2px" /><row><col style="background-color:#FFFF66;background-color:#FFFF66;" class="navbox-group"><link ns0:type="simple" ns0:href="../765/16961765.xml" /></col><col style="text-align:left;border-left:2px solid #fdfdfd;width:100%;padding:0px;;;" class="navbox-list navbox-odd"><link ns0:type="simple" ns0:href="../593/1843593.xml" /><link ns0:type="simple" ns0:href="../208/17424208.xml">vener</link><link ns0:type="simple" ns0:href="../071/17321071.xml">histori</link><link ns0:type="simple" ns0:href="../279/17369279.xml">saint</link><link ns0:type="simple" ns0:href="../397/17377397.xml">pope</link><link ns0:type="simple" ns0:href="../750/14499750.xml">marian doctrin</link><link ns0:type="simple" ns0:href="../916/36916.xml">mother god</link><link ns0:type="simple" ns0:href="../178/715178.xml">perpetu virgin</link><look wordnetid="100877127" confidence="0.8"><observation wordnetid="100879759" confidence="0.8"><belief wordnetid="105941423" confidence="0.8"><religious_doctrine wordnetid="106789411" confidence="0.8"><dogma wordnetid="106790042" confidence="0.8"><state wordnetid="100024720" confidence="0.8"><sensory_activity wordnetid="100876737" confidence="0.8"><sensing wordnetid="100876874" confidence="0.8"><emotion wordnetid="107480068" confidence="0.8"><love wordnetid="107543288" confidence="0.8"><fundamental_quantity wordnetid="113575869" confidence="0.8"><time_period wordnetid="115113229" confidence="0.8"><time wordnetid="115122231" confidence="0.8"><event wordnetid="100029378" confidence="0.8"><feeling wordnetid="100026192" confidence="0.8"><day wordnetid="115123115" confidence="0.8"><devotion wordnetid="107544491" confidence="0.8"><doctrine wordnetid="105943300" confidence="0.8"><act wordnetid="100030358" confidence="0.8"><psychological_feature wordnetid="100023100" confidence="0.8"><activity wordnetid="100407535" confidence="0.8"><link ns0:type="simple" ns0:href="../256/15256.xml">immacul concept</link></activity></psychological_feature></act></doctrine></devotion></day></feeling></event></time></time_period></fundamental_quantity></love></emotion></sensing></sensory_activity></state></dogma></religious_doctrine></belief></observation></look><belief wordnetid="105941423" confidence="0.8"><dogma wordnetid="106790042" confidence="0.8"><mystery wordnetid="105685538" confidence="0.8"><religious_doctrine wordnetid="106789411" confidence="0.8"><condition wordnetid="113920835" confidence="0.8"><state wordnetid="100024720" confidence="0.8"><cognitive_state wordnetid="105669934" confidence="0.8"><perplexity wordnetid="105685363" confidence="0.8"><fundamental_quantity wordnetid="113575869" confidence="0.8"><psychological_state wordnetid="114373582" confidence="0.8"><time_period wordnetid="115113229" confidence="0.8"><time wordnetid="115122231" confidence="0.8"><festival wordnetid="115162388" confidence="0.8"><day wordnetid="115123115" confidence="0.8"><doctrine wordnetid="105943300" confidence="0.8"><confusion wordnetid="105683582" confidence="0.8"><link ns0:type="simple" ns0:href="../335/259335.xml">assumpt</link></confusion></doctrine></day></festival></time></time_period></psychological_state></fundamental_quantity></perplexity></cognitive_state></state></condition></religious_doctrine></mystery></dogma></belief></col></row><row style="height:2px" /><row><col style="background-color:#FFFF66;background-color:#FFFF66;" class="navbox-group"><link ns0:type="simple" ns0:href="../345/340345.xml">doctor church</link></col><col style="text-align:left;border-left:2px solid #fdfdfd;width:100%;padding:0px;;background:#FFFFBB;;" class="navbox-list navbox-even"><person wordnetid="100007846" confidence="0.9508927676800064"><saint wordnetid="110546850" confidence="0.9508927676800064"><link ns0:type="simple" ns0:href="../573/1573.xml">magnu</link></saint></person><person wordnetid="100007846" confidence="0.9508927676800064"><saint wordnetid="110546850" confidence="0.9508927676800064"><link ns0:type="simple" ns0:href="../370/1370.xml">ambros</link></saint></person><person wordnetid="100007846" confidence="0.9508927676800064"><philosopher wordnetid="110423589" confidence="0.9508927676800064"><archbishop wordnetid="109805151" confidence="0.9508927676800064"><saint wordnetid="110546850" confidence="0.9508927676800064"><link ns0:type="simple" ns0:href="../ury/22nd_century.xml">canterburi</link></saint></archbishop></philosopher></person><saint wordnetid="110546850" confidence="0.9508927676800064"><link ns0:type="simple" ns0:href="../895/86895.xml">anthoni padua</link></saint><person wordnetid="100007846" confidence="0.9508927676800064"><philosopher wordnetid="110423589" confidence="0.9508927676800064"><saint wordnetid="110546850" confidence="0.9508927676800064"><link ns0:type="simple" ns0:href="../716/30716.xml">thoma aquina</link></saint></philosopher></person><saint wordnetid="110546850" confidence="0.9508927676800064"><link ns0:type="simple" ns0:href="../225/3225.xml">alexandria</link></saint><person wordnetid="100007846" confidence="0.9508927676800064"><philosopher wordnetid="110423589" confidence="0.9508927676800064"><saint wordnetid="110546850" confidence="0.9508927676800064"><link ns0:type="simple" ns0:href="../030/2030.xml">augustin hippo</link></saint></philosopher></person><person wordnetid="100007846" confidence="0.9508927676800064"><saint wordnetid="110546850" confidence="0.9508927676800064"><link ns0:type="simple" ns0:href="../143/175143.xml">basil caesarea</link></saint></person><saint wordnetid="110546850" confidence="0.9508927676800064"><link ns0:type="simple" ns0:href="../041/4041.xml">bede</link></saint><saint wordnetid="110546850" confidence="0.9508927676800064"><link ns0:type="simple" ns0:href="../878/4878.xml">robert</link></saint><person wordnetid="100007846" confidence="0.9508927676800064"><saint wordnetid="110546850" confidence="0.9508927676800064"><link ns0:type="simple" ns0:href="../552/4552.xml">bernard</link></saint></person><saint wordnetid="110546850" confidence="0.9508927676800064"><link ns0:type="simple" ns0:href="../429/95429.xml">bonaventur</link></saint><saint wordnetid="110546850" confidence="0.9508927676800064"><link ns0:type="simple" ns0:href="../907/642907.xml">petru</link></saint><saint wordnetid="110546850" confidence="0.9508927676800064"><link ns0:type="simple" ns0:href="../471/7471.xml">catherin siena</link></saint><physical_entity wordnetid="100001930" confidence="0.8"><priest wordnetid="110470779" confidence="0.8"><person wordnetid="100007846" confidence="0.8"><bishop wordnetid="109857200" confidence="0.8"><genitor wordnetid="110126708" confidence="0.8"><good_person wordnetid="110138767" confidence="0.8"><parent wordnetid="110399491" confidence="0.8"><adult wordnetid="109605289" confidence="0.8"><health_professional wordnetid="110165109" confidence="0.8"><saint wordnetid="110546850" confidence="0.8"><relative wordnetid="110235549" confidence="0.8"><professional wordnetid="110480253" confidence="0.8"><doctor wordnetid="110020890" confidence="0.8"><father wordnetid="110080869" confidence="0.8"><clergyman wordnetid="109927451" confidence="0.8"><medical_practitioner wordnetid="110305802" confidence="0.8"><leader wordnetid="109623038" confidence="0.8"><spiritual_leader wordnetid="109505153" confidence="0.8"><progenitor wordnetid="110126806" confidence="0.8"><causal_agent wordnetid="100007347" confidence="0.8"><ancestor wordnetid="109792555" confidence="0.8"><link ns0:type="simple" ns0:href="../526/1823526.xml">peter</link></ancestor></causal_agent></progenitor></spiritual_leader></leader></medical_practitioner></clergyman></father></doctor></professional></relative></saint></health_professional></adult></parent></good_person></genitor></bishop></person></priest></physical_entity><person wordnetid="100007846" confidence="0.9508927676800064"><saint wordnetid="110546850" confidence="0.9508927676800064"><link ns0:type="simple" ns0:href="../329/16329.xml">john</link></saint></person><saint wordnetid="110546850" confidence="0.9508927676800064"><link ns0:type="simple" ns0:href="../383/7383.xml">cyril alexandria</link></saint><saint wordnetid="110546850" confidence="0.9508927676800064"><link ns0:type="simple" ns0:href="../387/7387.xml">cyril jerusalem</link></saint><saint wordnetid="110546850" confidence="0.9508927676800064"><link ns0:type="simple" ns0:href="../690/1569690.xml">peter damian</link></saint><saint wordnetid="110546850" confidence="0.9508927676800064"><link ns0:type="simple" ns0:href="../358/10358.xml">syrian</link></saint><saint wordnetid="110546850" confidence="0.9508927676800064"><link ns0:type="simple" ns0:href="../420/1539420.xml">franci sale</link></saint><physical_entity wordnetid="100001930" confidence="0.8"><person wordnetid="100007846" confidence="0.8"><genitor wordnetid="110126708" confidence="0.8"><father wordnetid="110080869" confidence="0.8"><doctor wordnetid="110020890" confidence="0.8"><communicator wordnetid="109610660" confidence="0.8"><leader wordnetid="109623038" confidence="0.8"><spiritual_leader wordnetid="109505153" confidence="0.8"><worker wordnetid="109632518" confidence="0.8"><official wordnetid="110372373" confidence="0.8"><progenitor wordnetid="110126806" confidence="0.8"><writer wordnetid="110794014" confidence="0.8"><ancestor wordnetid="109792555" confidence="0.8"><visionary wordnetid="110756641" confidence="0.8"><skilled_worker wordnetid="110605985" confidence="0.8"><priest wordnetid="110470779" confidence="0.8"><bishop wordnetid="109857200" confidence="0.8"><good_person wordnetid="110138767" confidence="0.8"><parent wordnetid="110399491" confidence="0.8"><health_professional wordnetid="110165109" confidence="0.8"><archbishop wordnetid="109805151" confidence="0.8"><adult wordnetid="109605289" confidence="0.8"><professional wordnetid="110480253" confidence="0.8"><relative wordnetid="110235549" confidence="0.8"><saint wordnetid="110546850" confidence="0.8"><clergyman wordnetid="109927451" confidence="0.8"><medical_practitioner wordnetid="110305802" confidence="0.8"><causal_agent wordnetid="100007347" confidence="0.8"><diplomat wordnetid="110013927" confidence="0.8"><link ns0:type="simple" ns0:href="../768/36768.xml">gregori great</link></diplomat></causal_agent></medical_practitioner></clergyman></saint></relative></professional></adult></archbishop></health_professional></parent></good_person></bishop></priest></skilled_worker></visionary></ancestor></writer></progenitor></official></worker></spiritual_leader></leader></communicator></doctor></father></genitor></person></physical_entity><person wordnetid="100007846" confidence="0.9508927676800064"><saint wordnetid="110546850" confidence="0.9508927676800064"><link ns0:type="simple" ns0:href="../172/13172.xml">gregori</link></saint></person><saint wordnetid="110546850" confidence="0.9508927676800064"><link ns0:type="simple" ns0:href="../384/87384.xml">hilari poitier</link></saint><saint wordnetid="110546850" confidence="0.9508927676800064"><link ns0:type="simple" ns0:href="../506/15506.xml">isidor sevil</link></saint><saint wordnetid="110546850" confidence="0.9508927676800064"><link ns0:type="simple" ns0:href="../005/16005.xml">jerom</link></saint><saint wordnetid="110546850" confidence="0.9508927676800064"><link ns0:type="simple" ns0:href="../927/42927.xml">john damascu</link></saint><saint wordnetid="110546850" confidence="0.9508927676800064"><link ns0:type="simple" ns0:href="../582/44582.xml">john cross</link></saint><saint wordnetid="110546850" confidence="0.9508927676800064"><link ns0:type="simple" ns0:href="../862/2518862.xml">lawrenc brindisi</link></saint><physical_entity wordnetid="100001930" confidence="0.8"><person wordnetid="100007846" confidence="0.8"><genitor wordnetid="110126708" confidence="0.8"><father wordnetid="110080869" confidence="0.8"><doctor wordnetid="110020890" confidence="0.8"><leader wordnetid="109623038" confidence="0.8"><spiritual_leader wordnetid="109505153" confidence="0.8"><progenitor wordnetid="110126806" confidence="0.8"><ancestor wordnetid="109792555" confidence="0.8"><priest wordnetid="110470779" confidence="0.8"><bishop wordnetid="109857200" confidence="0.8"><good_person wordnetid="110138767" confidence="0.8"><intellectual wordnetid="109621545" confidence="0.8"><parent wordnetid="110399491" confidence="0.8"><health_professional wordnetid="110165109" confidence="0.8"><archbishop wordnetid="109805151" confidence="0.8"><adult wordnetid="109605289" confidence="0.8"><theologian wordnetid="110705615" confidence="0.8"><professional wordnetid="110480253" confidence="0.8"><relative wordnetid="110235549" confidence="0.8"><saint wordnetid="110546850" confidence="0.8"><clergyman wordnetid="109927451" confidence="0.8"><medical_practitioner wordnetid="110305802" confidence="0.8"><causal_agent wordnetid="100007347" confidence="0.8"><scholar wordnetid="110557854" confidence="0.8"><link ns0:type="simple" ns0:href="../692/44692.xml">leo great</link></scholar></causal_agent></medical_practitioner></clergyman></saint></relative></professional></theologian></adult></archbishop></health_professional></parent></intellectual></good_person></bishop></priest></ancestor></progenitor></spiritual_leader></leader></doctor></father></genitor></person></physical_entity><saint wordnetid="110546850" confidence="0.9508927676800064"><link ns0:type="simple" ns0:href="../671/1545671.xml" /></saint><link /><link>teresa vila</link></col></row><row style="height:2px" /><row><col style="background-color:#FFFF66;background-color:#FFFF66;" class="navbox-group"><person wordnetid="100007846" confidence="0.9508927676800064"><link ns0:type="simple" ns0:href="../660/39660.xml">pope benedict xvi</link></person></col><col style="text-align:left;border-left:2px solid #fdfdfd;width:100%;padding:0px;;;" class="navbox-list navbox-odd"><social_group wordnetid="107950920" confidence="0.8"><meeting wordnetid="108307589" confidence="0.8"><gathering wordnetid="107975026" confidence="0.8"><conclave wordnetid="108308410" confidence="0.8"><group wordnetid="100031264" confidence="0.8"><link ns0:type="simple" ns0:href="../225/1678225.xml">conclav</link></group></conclave></gathering></meeting></social_group><link ns0:type="simple" ns0:href="../072/1813072.xml">theolog</link><link ns0:type="simple" ns0:href="../958/1774958.xml">work</link><creation wordnetid="103129123" confidence="0.8"><text wordnetid="106387980" confidence="0.8"><document wordnetid="103217458" confidence="0.8"><artifact wordnetid="100021939" confidence="0.8"><letter wordnetid="106624161" confidence="0.8"><representation wordnetid="104076846" confidence="0.8"><encyclical wordnetid="106625062" confidence="0.8"><link ns0:type="simple" ns0:href="../645/3592645.xml">deu est</link></encyclical></representation></letter></artifact></document></text></creation><exhortation wordnetid="107139700" confidence="0.8"><link ns0:type="simple" ns0:href="../564/10072564.xml" /></exhortation><product wordnetid="104007894" confidence="0.8"><creation wordnetid="103129123" confidence="0.8"><document wordnetid="106470073" confidence="0.8"><artifact wordnetid="100021939" confidence="0.8"><oeuvre wordnetid="103841417" confidence="0.8"><written_communication wordnetid="106349220" confidence="0.8"><writing wordnetid="106362953" confidence="0.8"><end_product wordnetid="103287178" confidence="0.8"><link ns0:type="simple" ns0:href="../735/12087735.xml" /></end_product></writing></written_communication></oeuvre></artifact></document></creation></product><product wordnetid="104007894" confidence="0.8"><creation wordnetid="103129123" confidence="0.8"><text wordnetid="106387980" confidence="0.8"><document wordnetid="103217458" confidence="0.8"><artifact wordnetid="100021939" confidence="0.8"><letter wordnetid="106624161" confidence="0.8"><representation wordnetid="104076846" confidence="0.8"><oeuvre wordnetid="103841417" confidence="0.8"><end_product wordnetid="103287178" confidence="0.8"><encyclical wordnetid="106625062" confidence="0.8"><link ns0:type="simple" ns0:href="../770/14463770.xml">spe</link></encyclical></end_product></oeuvre></representation></letter></artifact></document></text></creation></product></col></row><row style="height:2px" /><row><col style="background-color:#FFFF66;background-color:#FFFF66;" class="navbox-group"><link ns0:type="simple" ns0:href="../502/61502.xml">preced pope</link></col><col style="text-align:left;border-left:2px solid #fdfdfd;width:100%;padding:0px;;background:#FFFFBB;;" class="navbox-list navbox-even"><person wordnetid="100007846" confidence="0.9508927676800064"><link ns0:type="simple" ns0:href="../805/23805.xml">pope john paul</link></person><person wordnetid="100007846" confidence="0.9508927676800064"><link ns0:type="simple" ns0:href="../028/24028.xml">pope paul</link></person><person wordnetid="100007846" confidence="0.9508927676800064"><link ns0:type="simple" ns0:href="../807/23807.xml">pope john xxiii</link></person><person wordnetid="100007846" confidence="0.9508927676800064"><link ns0:type="simple" ns0:href="../808/23808.xml">pope piu xii</link></person><person wordnetid="100007846" confidence="0.9508927676800064"><link ns0:type="simple" ns0:href="../858/147858.xml">pope piu</link></person><physical_entity wordnetid="100001930" confidence="0.8"><priest wordnetid="110470779" confidence="0.8"><person wordnetid="100007846" confidence="0.8"><clergyman wordnetid="109927451" confidence="0.8"><bishop wordnetid="109857200" confidence="0.8"><leader wordnetid="109623038" confidence="0.8"><spiritual_leader wordnetid="109505153" confidence="0.8"><causal_agent wordnetid="100007347" confidence="0.8"><archbishop wordnetid="109805151" confidence="0.8"><link ns0:type="simple" ns0:href="../855/147855.xml">pope benedict</link></archbishop></causal_agent></spiritual_leader></leader></bishop></clergyman></person></priest></physical_entity><saint wordnetid="110546850" confidence="0.9508927676800064"><link ns0:type="simple" ns0:href="../205/59205.xml">pope piu</link></saint><link ns0:type="simple" ns0:href="../614/50614.xml">pope leo xiii</link><link ns0:type="simple" ns0:href="../161/54161.xml">pope piu</link></col></row><row style="height:2px" /><row><col style="background-color:#FFFF66;background-color:#FFFF66;" class="navbox-group"><order wordnetid="107168623" confidence="0.8"><event wordnetid="100029378" confidence="0.8"><command wordnetid="107168131" confidence="0.8"><act wordnetid="100030358" confidence="0.8"><psychological_feature wordnetid="100023100" confidence="0.8"><speech_act wordnetid="107160883" confidence="0.8"><link ns0:type="simple" ns0:href="../817/1088817.xml">order societi</link></speech_act></psychological_feature></act></command></event></order></col><col style="text-align:left;border-left:2px solid #fdfdfd;width:100%;padding:0px;;;" class="navbox-list navbox-odd"><order wordnetid="107168623" confidence="0.8"><event wordnetid="100029378" confidence="0.8"><command wordnetid="107168131" confidence="0.8"><act wordnetid="100030358" confidence="0.8"><psychological_feature wordnetid="100023100" confidence="0.8"><speech_act wordnetid="107160883" confidence="0.8"><link ns0:type="simple" ns0:href="../987/3867987.xml" /></speech_act></psychological_feature></act></command></event></order><link>order</link><link /><link>order</link><link ns0:type="simple" ns0:href="../577/43577.xml" /><link ns0:type="simple" ns0:href="../120/49120.xml" /><link>congreg holi cross</link><order wordnetid="107168623" confidence="0.8"><event wordnetid="100029378" confidence="0.8"><command wordnetid="107168131" confidence="0.8"><act wordnetid="100030358" confidence="0.8"><psychological_feature wordnetid="100023100" confidence="0.8"><speech_act wordnetid="107160883" confidence="0.8"><link ns0:type="simple" ns0:href="../973/8973.xml">dominican order</link></speech_act></psychological_feature></act></command></event></order><link ns0:type="simple" ns0:href="../176/64176.xml">franciscan order</link><link ns0:type="simple" ns0:href="../083/16083.xml">jesuit</link><social_group wordnetid="107950920" confidence="0.8"><gathering wordnetid="107975026" confidence="0.8"><community wordnetid="108223802" confidence="0.8"><group wordnetid="100031264" confidence="0.8"><link ns0:type="simple" ns0:href="../700/1172700.xml">oratori saint philip neri</link></group></community></gathering></social_group></col></row><row style="height:2px" /><row><col style="background-color:#FFFF66;background-color:#FFFF66;" class="navbox-group"><link ns0:type="simple" ns0:href="../134/28134.xml">vatican</link></col><col style="text-align:left;border-left:2px solid #fdfdfd;width:100%;padding:0px;;background:#FFFFBB;;" class="navbox-list navbox-even"><link ns0:type="simple" ns0:href="../134/28134.xml">second vatican council</link><link>definit church</link><document wordnetid="106470073" confidence="0.8"><written_communication wordnetid="106349220" confidence="0.8"><writing wordnetid="106362953" confidence="0.8"><link ns0:type="simple" ns0:href="../352/40352.xml">spe</link></writing></written_communication></document><document wordnetid="106470073" confidence="0.8"><written_communication wordnetid="106349220" confidence="0.8"><writing wordnetid="106362953" confidence="0.8"><link ns0:type="simple" ns0:href="../135/40135.xml">lumen</link></writing></written_communication></document><document wordnetid="106470073" confidence="0.8"><written_communication wordnetid="106349220" confidence="0.8"><writing wordnetid="106362953" confidence="0.8"><link ns0:type="simple" ns0:href="../283/42283.xml">nostra</link></writing></written_communication></document></col></row><row style="height:2px" /><row><col style="background-color:#FFFF66;background-color:#FFFF66;" class="navbox-group"><link ns0:type="simple" ns0:href="../655/671655.xml">church</link>sort<link ns0:type="simple" ns0:href="../364/86364.xml">liturg tradit</link></col><col style="text-align:left;border-left:2px solid #fdfdfd;width:100%;padding:0px;;;" class="navbox-list navbox-odd"><link ns0:type="simple" ns0:href="../640/5435640.xml" /><link ns0:type="simple" ns0:href="../220/277220.xml">coptic</link><link ns0:type="simple" ns0:href="../516/5167516.xml" /><rite wordnetid="101029406" confidence="0.8"><event wordnetid="100029378" confidence="0.8"><religious_ceremony wordnetid="101028082" confidence="0.8"><ceremony wordnetid="101027379" confidence="0.8"><act wordnetid="100030358" confidence="0.8"><psychological_feature wordnetid="100023100" confidence="0.8"><activity wordnetid="100407535" confidence="0.8"><link ns0:type="simple" ns0:href="../045/4543045.xml" /></activity></psychological_feature></act></ceremony></religious_ceremony></event></rite><group wordnetid="100031264" confidence="0.9508927676800064"><link ns0:type="simple" ns0:href="../373/1812373.xml">maronit</link></group><church wordnetid="103028079" confidence="0.9508927676800064"><link ns0:type="simple" ns0:href="../405/219405.xml" /></church><church wordnetid="103028079" confidence="0.9508927676800064"><link ns0:type="simple" ns0:href="../996/489996.xml" /></church><link ns0:type="simple" ns0:href="../028/1659028.xml">armenian</link><link ns0:type="simple" ns0:href="../385/523385.xml">armenian</link><rite wordnetid="101029406" confidence="0.8"><event wordnetid="100029378" confidence="0.8"><religious_ceremony wordnetid="101028082" confidence="0.8"><ceremony wordnetid="101027379" confidence="0.8"><act wordnetid="100030358" confidence="0.8"><psychological_feature wordnetid="100023100" confidence="0.8"><activity wordnetid="100407535" confidence="0.8"><link ns0:type="simple" ns0:href="../318/588318.xml">byzantin</link></activity></psychological_feature></act></ceremony></religious_ceremony></event></rite><link ns0:type="simple" ns0:href="../387/894387.xml">albanian</link><link ns0:type="simple" ns0:href="../185/3686185.xml">belarusian</link><link ns0:type="simple" ns0:href="../027/5263027.xml">bulgarian</link><link ns0:type="simple" ns0:href="../452/3280452.xml">croatian</link><link ns0:type="simple" ns0:href="../695/3666695.xml">greek</link><link ns0:type="simple" ns0:href="../367/5261367.xml">hungarian</link><link ns0:type="simple" ns0:href="../519/291519.xml" /><link ns0:type="simple" ns0:href="../761/5513761.xml">macedonian</link><link ns0:type="simple" ns0:href="../713/1361713.xml" /><church wordnetid="103028079" confidence="0.9508927676800064"><link ns0:type="simple" ns0:href="../193/638193.xml">romanian</link></church><link ns0:type="simple" ns0:href="../927/1795927.xml">russian</link><link ns0:type="simple" ns0:href="../553/676553.xml" /><link ns0:type="simple" ns0:href="../748/5516748.xml">slovak</link><structure wordnetid="104341686" confidence="0.8"><building wordnetid="102913152" confidence="0.8"><artifact wordnetid="100021939" confidence="0.8"><church wordnetid="103028079" confidence="0.8"><place_of_worship wordnetid="103953416" confidence="0.8"><link ns0:type="simple" ns0:href="../856/461856.xml">ukrainian</link></place_of_worship></church></artifact></building></structure><rite wordnetid="101029406" confidence="0.8"><event wordnetid="100029378" confidence="0.8"><religious_ceremony wordnetid="101028082" confidence="0.8"><ceremony wordnetid="101027379" confidence="0.8"><act wordnetid="100030358" confidence="0.8"><psychological_feature wordnetid="100023100" confidence="0.8"><activity wordnetid="100407535" confidence="0.8"><link ns0:type="simple" ns0:href="../158/4543158.xml">east syrian</link></activity></psychological_feature></act></ceremony></religious_ceremony></event></rite><link ns0:type="simple" ns0:href="../821/698821.xml" /><group wordnetid="100031264" confidence="0.9508927676800064"><link ns0:type="simple" ns0:href="../298/541298.xml" /></group><rite wordnetid="101029406" confidence="0.8"><event wordnetid="100029378" confidence="0.8"><religious_ceremony wordnetid="101028082" confidence="0.8"><ceremony wordnetid="101027379" confidence="0.8"><act wordnetid="100030358" confidence="0.8"><psychological_feature wordnetid="100023100" confidence="0.8"><activity wordnetid="100407535" confidence="0.8"><link ns0:type="simple" ns0:href="../448/2493448.xml">roman</link></activity></psychological_feature></act></ceremony></religious_ceremony></event></rite><rite wordnetid="101029406" confidence="0.8"><event wordnetid="100029378" confidence="0.8"><religious_ceremony wordnetid="101028082" confidence="0.8"><ceremony wordnetid="101027379" confidence="0.8"><act wordnetid="100030358" confidence="0.8"><psychological_feature wordnetid="100023100" confidence="0.8"><activity wordnetid="100407535" confidence="0.8"><link ns0:type="simple" ns0:href="../240/343240.xml" /></activity></psychological_feature></act></ceremony></religious_ceremony></event></rite><sacrament wordnetid="101034925" confidence="0.8"><rite wordnetid="101029406" confidence="0.8"><event wordnetid="100029378" confidence="0.8"><religious_ceremony wordnetid="101028082" confidence="0.8"><ceremony wordnetid="101027379" confidence="0.8"><act wordnetid="100030358" confidence="0.8"><psychological_feature wordnetid="100023100" confidence="0.8"><activity wordnetid="100407535" confidence="0.8"><link ns0:type="simple" ns0:href="../755/1294755.xml" /></activity></psychological_feature></act></ceremony></religious_ceremony></event></rite></sacrament><rite wordnetid="101029406" confidence="0.8"><event wordnetid="100029378" confidence="0.8"><religious_ceremony wordnetid="101028082" confidence="0.8"><ceremony wordnetid="101027379" confidence="0.8"><act wordnetid="100030358" confidence="0.8"><psychological_feature wordnetid="100023100" confidence="0.8"><activity wordnetid="100407535" confidence="0.8"><link ns0:type="simple" ns0:href="../789/729789.xml" /></activity></psychological_feature></act></ceremony></religious_ceremony></event></rite><rite wordnetid="101029406" confidence="0.8"><event wordnetid="100029378" confidence="0.8"><religious_ceremony wordnetid="101028082" confidence="0.8"><ceremony wordnetid="101027379" confidence="0.8"><act wordnetid="100030358" confidence="0.8"><psychological_feature wordnetid="100023100" confidence="0.8"><activity wordnetid="100407535" confidence="0.8"><link ns0:type="simple" ns0:href="../673/671673.xml">anglican</link></activity></psychological_feature></act></ceremony></religious_ceremony></event></rite><link ns0:type="simple" ns0:href="../458/104458.xml">latin</link><social_group wordnetid="107950920" confidence="0.8"><order wordnetid="107168623" confidence="0.8"><society wordnetid="107966140" confidence="0.8"><event wordnetid="100029378" confidence="0.8"><command wordnetid="107168131" confidence="0.8"><group wordnetid="100031264" confidence="0.8"><act wordnetid="100030358" confidence="0.8"><psychological_feature wordnetid="100023100" confidence="0.8"><speech_act wordnetid="107160883" confidence="0.8"><link ns0:type="simple" ns0:href="../437/1253437.xml">priestli fratern peter</link></speech_act></psychological_feature></act></group></command></event></society></order></social_group></col></row><row style="height:2px;" /><row><col colspan="3" style="background-color:#FFFF66;" class="navbox-abovebelow"><image width="20px" src="Coat_of_arms_of_the_Holy_See.svg" />pope portal<image width="25px" src="046CupolaSPietro.jpg" />catholic portal</col></row></table></col></row></table></p></sec></bdy></article>