<article xmlns:ns0="http://www.w3.org/1999/xlink"><physical_entity confidence="0.8" wordnetid="100001930"><communicator confidence="0.8" wordnetid="109610660"><person confidence="0.8" wordnetid="100007846"><causal_agent confidence="0.8" wordnetid="100007347"><academician confidence="0.8" wordnetid="109759069"><scientist confidence="0.8" wordnetid="110560637"><adult confidence="0.8" wordnetid="109605289"><writer confidence="0.8" wordnetid="110794014"><inventor confidence="0.8" wordnetid="110214637"><professional confidence="0.8" wordnetid="110480253"><educator confidence="0.8" wordnetid="110045713"><creator confidence="0.8" wordnetid="109614315"><header><title>christoph</title><id /><revision><id /><timestamp /><contributor><username>smackbot</username><id /></contributor></revision><categories><category>german inventor</category><category>live peopl</category><category>german comput scientist</category><category>german academ</category><category>german writer</category></categories></header><bdy>nat christoph born<link ns0:type="simple" ns0:href="../862/1862.xml">april</link><link ns0:type="simple" ns0:href="../982/34982.xml" /><location wordnetid="100027167" confidence="0.9508927676800064"><link ns0:type="simple" ns0:href="../674/40674.xml" /></location>germani german scientist univers professor presid ceo<link ns0:type="simple" ns0:href="../936/10919936.xml">institut</link>hpi system engin<university wordnetid="108286163" confidence="0.9508927676800064"><link ns0:type="simple" ns0:href="../448/4039448.xml">univers potsdam</link></university>germani rank top depart comput scienc germani<p>studi mathemat comput scienc<link ns0:type="simple" ns0:href="../234/308234.xml" />berlin receiv phd degre defens doctor institut mathemat academi scienc berlin visit posit univers saarbrcken appoint full professor comput scienc<university wordnetid="108286163" confidence="0.9508927676800064"><link ns0:type="simple" ns0:href="../696/541696.xml">univers trier</link></university>germani time activ concentr<link ns0:type="simple" ns0:href="../132/6132.xml">complex theori</link>effici<link ns0:type="simple" ns0:href="../519/8519.xml">data structur</link>esp<link ns0:type="simple" ns0:href="../855/576855.xml">binari decis diagram</link>bdd chip design extend focu internet appli develop time found institut supervis fraunhof societi appli invent technolog<link ns0:type="simple" ns0:href="../839/10961839.xml" /><link ns0:type="simple" ns0:href="../690/10916690.xml" />appoint scientif director hpi continu work field licens<company wordnetid="108058098" confidence="0.9508927676800064"><link ns0:type="simple" ns0:href="../632/168632.xml">siemen</link></company>regularli record lectur hpi univers professorship potsdam visit professor univers luxembourg school comput scienc technic univers beij china</p><p>author coauthor text book monograph confer proceed publish scientif paper wellknown intern scientif journal confer actual interest activ focu appli engin internet technolog system field trust<link ns0:type="simple" ns0:href="../730/28730.xml">secur engin</link>elearn<work wordnetid="100575741" confidence="0.8"><event wordnetid="100029378" confidence="0.8"><service wordnetid="100577525" confidence="0.8"><act wordnetid="100030358" confidence="0.8"><psychological_feature wordnetid="100023100" confidence="0.8"><activity wordnetid="100407535" confidence="0.8"><link ns0:type="simple" ns0:href="../123/29123.xml">semant web</link></activity></psychological_feature></act></service></event></work>secur<work wordnetid="100575741" confidence="0.8"><event wordnetid="100029378" confidence="0.8"><service wordnetid="100577525" confidence="0.8"><act wordnetid="100030358" confidence="0.8"><psychological_feature wordnetid="100023100" confidence="0.8"><activity wordnetid="100407535" confidence="0.8"><link ns0:type="simple" ns0:href="../446/774446.xml">telemedicin</link></activity></psychological_feature></act></service></event></work>highsecur solut intern patent licens<company wordnetid="108058098" confidence="0.9508927676800064"><link ns0:type="simple" ns0:href="../632/168632.xml">siemen</link></company>initi foundat scientif electron journal electron colloquium comput complex chief editor well activ ongo blog ict germani member scientif board<institute wordnetid="108407330" confidence="0.8"><social_group wordnetid="107950920" confidence="0.8"><association wordnetid="108049401" confidence="0.8"><meeting wordnetid="108307589" confidence="0.8"><gathering wordnetid="107975026" confidence="0.8"><group wordnetid="100031264" confidence="0.8"><conference wordnetid="108308497" confidence="0.8"><link ns0:type="simple" ns0:href="../386/1367386.xml" /></conference></group></gathering></meeting></association></social_group></institute>speaker special interest group complex german comput scienc societi gesellschaft informatik member intern scientif board program committe organis symposia confer chairman german<message wordnetid="106598915" confidence="0.8"><protocol wordnetid="106665108" confidence="0.8"><direction wordnetid="106786629" confidence="0.8"><rule wordnetid="106652242" confidence="0.8"><link ns0:type="simple" ns0:href="../318/15318.xml">ipv</link></rule></direction></protocol></message>council</p><sec><st>extern link</st><p><list><entry level="1" type="bullet"><weblink ns0:type="simple" ns0:href="http://www.hpi-web.de">potsdam germani</weblink></entry><entry level="1" type="bullet"><weblink ns0:type="simple" ns0:href="http://www.hpi-web.de/meinel/">person homepag</weblink></entry><entry level="1" type="bullet"><weblink ns0:type="simple" ns0:href="http://www.informatik.uni-trier.de/~ley/db/indices/a-tree/m/Meinel:Christoph.html">list public</weblink></entry><entry level="1" type="bullet"><weblink ns0:type="simple" ns0:href="http://www.tele-task.de">archiv lectur</weblink></entry><entry level="1" type="bullet"><weblink ns0:type="simple" ns0:href="http://www.hpi-web.de/meinel/projects/lockkeeper.html">highsecur network solut</weblink></entry><entry level="1" type="bullet"><weblink ns0:type="simple" ns0:href="http://eccc.hpi-web.de">electron comput complex</weblink></entry><entry level="1" type="bullet"><weblink ns0:type="simple" ns0:href="http://www.it-gipfelblog.de">blog ict germani</weblink></entry><entry level="1" type="bullet"><weblink ns0:type="simple" ns0:href="http://ipv6council.de">german ipv council</weblink></entry></list></p></sec></bdy></creator></educator></professional></inventor></writer></adult></scientist></academician></causal_agent></person></communicator></physical_entity></article>