<article xmlns:ns0="http://www.w3.org/1999/xlink"><event confidence="0.8" wordnetid="100029378"><act confidence="0.8" wordnetid="100030358"><psychological_feature confidence="0.8" wordnetid="100023100"><procedure confidence="0.8" wordnetid="101023820"><activity confidence="0.8" wordnetid="100407535"><header><title>storag memori</title><id /><revision><id /><timestamp /><contributor><username>abf</username><id /></contributor></revision><categories><category>memori process</category></categories></header><bdy>human<link ns0:type="simple" ns0:href="../844/18844.xml">memori</link>three process memori storag includ<link ns0:type="simple" ns0:href="../182/5128182.xml">encod</link>storag<link ns0:type="simple" ns0:href="../809/236809.xml">retriev</link>storag inform retain<link ns0:type="simple" ns0:href="../236/338236.xml">sensori memori</link><link ns0:type="simple" ns0:href="../944/28944.xml">shortterm memori</link>perman<link ns0:type="simple" ns0:href="../995/17995.xml">longterm memori</link></bdy></activity></procedure></psychological_feature></act></event></article>