<article xmlns:ns0="http://www.w3.org/1999/xlink"><system confidence="0.8" wordnetid="104377057"><artifact confidence="0.8" wordnetid="100021939"><instrumentality confidence="0.8" wordnetid="103575240"><entity confidence="0.9511911446218017" wordnetid="100001740"><header><title>databas storag structur</title><id /><revision><id /><timestamp /><contributor><username>smackbot</username><id /></contributor></revision><categories><category>databas</category><category>articl expand june</category><category>databas manag system</category><category>articl expand</category><category>databas theori</category></categories></header><bdy>databas typic store memori hard disk form<link ns0:type="simple" ns0:href="../973/573973.xml">flat file</link><system wordnetid="104377057" confidence="0.8"><artifact wordnetid="100021939" confidence="0.8"><instrumentality wordnetid="103575240" confidence="0.8"><link ns0:type="simple" ns0:href="../763/252763.xml">isam</link></instrumentality></artifact></system><link ns0:type="simple" ns0:href="../996/13996.xml">heap</link><event wordnetid="100029378" confidence="0.8"><rule wordnetid="105846932" confidence="0.8"><act wordnetid="100030358" confidence="0.8"><psychological_feature wordnetid="100023100" confidence="0.8"><procedure wordnetid="101023820" confidence="0.8"><activity wordnetid="100407535" confidence="0.8"><algorithm wordnetid="105847438" confidence="0.8"><link ns0:type="simple" ns0:href="../833/13833.xml">hash bucket</link></algorithm></activity></procedure></psychological_feature></act></rule></event><link ns0:type="simple" ns0:href="../443/1326443.xml">tree</link>advantag disadvantag discuss topic commonli btree isam<sec><st>method</st><ss1><st>flat file</st><p><indent level="1">main articl<link ns0:type="simple" ns0:href="../973/573973.xml">flat file databas</link></indent>flat file databas describ encod<link ns0:type="simple" ns0:href="../871/82871.xml">data model</link>commonli<link ns0:type="simple" ns0:href="../163/1701163.xml">tabl</link><link ns0:type="simple" ns0:href="../030/25030.xml">plain text</link>file</p><ss2><st>unord</st><p><table class="metadata plainlinks ambox "><row><col>amboxnotic style</col></row><row><col class="mbox-image"><p><image width="36px" src="Wiki_letter_w.svg" /></p></col><col style="" class="mbox-text">help<weblink ns0:type="simple" ns0:href="http://localhost:18088/wiki/index.php?title=Database_storage_structures action=edit">improv</weblink>expand inform june</col></row></table>unord storag typic store record order insert good insert effici ineffici retriev time case databas<link ns0:type="simple" ns0:href="../076/1711076.xml">index</link>primari effici retriev time</p></ss2><ss2><st>order</st><p><table class="metadata plainlinks ambox "><row><col>amboxnotic style</col></row><row><col class="mbox-image"><p><image width="36px" src="Wiki_letter_w.svg" /></p></col><col style="" class="mbox-text">help<weblink ns0:type="simple" ns0:href="http://localhost:18088/wiki/index.php?title=Database_storage_structures action=edit">improv</weblink>expand inform june</col></row></table>order<link ns0:type="simple" ns0:href="../167/18167.xml">link list</link>storag typic store record order rearrang increas file size case record insert ineffici better retriev record complex ologn</p></ss2></ss1><ss1><st>structur file</st><ss2><st>heap</st><p><list><entry level="1" type="bullet">simplest basic method</entry><entry level="2" type="bullet">insert effici record file chronolog order</entry><entry level="2" type="bullet">retriev ineffici search linear</entry><entry level="2" type="bullet">delet delet record mark</entry></list>requir period reorgan file volatil<list><entry level="1" type="bullet">advantag</entry><entry level="2" type="bullet">good bulk load data</entry><entry level="2" type="bullet">good small relat index overhead avoid</entry><entry level="2" type="bullet">good retriev involv larg proport record</entry><entry level="1" type="bullet">disadvantag</entry><entry level="2" type="bullet">effici select retriev key valu larg</entry><entry level="2" type="bullet">sort timeconsum</entry><entry level="1" type="bullet">suitabl volatil tabl</entry></list></p></ss2><ss2><st>hash bucket</st><p><list><entry level="1" type="bullet">hash function calcul address record store base field record</entry><entry level="2" type="bullet">hash function chosen ensur address spread evenli address space</entry><entry level="2" type="bullet">occup gener total file size</entry><entry level="2" type="bullet">uniqu address guarante collis detect collis resolut mechan requir</entry><entry level="1" type="bullet">open address</entry><entry level="1" type="bullet">overflow</entry><entry level="1" type="bullet">pro con</entry><entry level="2" type="bullet">effici exact match key field</entry><entry level="2" type="bullet">suitabl rang retriev requir sequenti storag</entry><entry level="2" type="bullet">calcul record store base field record</entry><entry level="2" type="bullet">hash function ensur spread data</entry><entry level="2" type="bullet">collis collis detect restor requir</entry></list></p></ss2><ss2><st>tree</st><p>practic<list><entry level="1" type="bullet">time access tupl number node search</entry><entry level="1" type="bullet">full data file order</entry><entry level="1" type="bullet">pro con</entry><entry level="2" type="bullet">versatil data structur sequenti well random access</entry><entry level="2" type="bullet">access fast</entry><entry level="2" type="bullet">support exact rang key pattern match effici</entry><entry level="2" type="bullet">volatil file handl effici dynam expand contract tabl grow shrink</entry><entry level="2" type="bullet">well suit stabl file case isam effici</entry></list></p></ss2><ss2><st>isam</st><p><table class="metadata plainlinks ambox "><row><col>amboxnotic style</col></row><row><col class="mbox-image"><p><image width="36px" src="Wiki_letter_w.svg" /></p></col><col style="" class="mbox-text">help<weblink ns0:type="simple" ns0:href="http://localhost:18088/wiki/index.php?title=Database_storage_structures action=edit">improv</weblink>expand inform june</col></row></table></p></ss2></ss1></sec><sec><st /><p><list><entry level="1" type="bullet"><system wordnetid="104377057" confidence="0.8"><artifact wordnetid="100021939" confidence="0.8"><instrumentality wordnetid="103575240" confidence="0.8"><link ns0:type="simple" ns0:href="../763/252763.xml">isam</link></instrumentality></artifact></system></entry><entry level="1" type="bullet"><link ns0:type="simple" ns0:href="../443/1326443.xml">btree</link></entry><entry level="1" type="bullet"><link ns0:type="simple" ns0:href="../973/573973.xml">flat file databas</link></entry><entry level="1" type="bullet"><link ns0:type="simple" ns0:href="../833/13833.xml">hash tabl</link></entry><entry level="1" type="bullet"><link ns0:type="simple" ns0:href="../996/13996.xml">heap</link></entry></list></p><p><table style=";" class="navbox" cellspacing="0"><row><col style="padding:2px;"><table style="width:100%;background:transparent;color:inherit;;" class="nowraplinks collapsible autocollapse " cellspacing="0"><row><header colspan="2" style=";" class="navbox-title"><link ns0:type="simple" ns0:href="../513/8513.xml">databas manag system</link></header></row><row style="height:2px;" /><row><col colspan="2" style=";" class="navbox-abovebelow"><system wordnetid="104377057" confidence="0.8"><artifact wordnetid="100021939" confidence="0.8"><instrumentality wordnetid="103575240" confidence="0.8"><link ns0:type="simple" ns0:href="../520/10973520.xml">databas model</link></instrumentality></artifact></system><relationship wordnetid="113928668" confidence="0.8"><confinement wordnetid="113998576" confidence="0.8"><state wordnetid="100024720" confidence="0.8"><subjugation wordnetid="113996300" confidence="0.8"><constraint wordnetid="113998781" confidence="0.8"><link ns0:type="simple" ns0:href="../640/8640.xml">databas normal</link></constraint></subjugation></state></confinement></relationship><system wordnetid="104377057" confidence="0.8"><artifact wordnetid="100021939" confidence="0.8"><instrumentality wordnetid="103575240" confidence="0.8"><link ns0:type="simple" ns0:href="../365/10983365.xml">databas storag</link></instrumentality></artifact></system><system wordnetid="104377057" confidence="0.8"><artifact wordnetid="100021939" confidence="0.8"><instrumentality wordnetid="103575240" confidence="0.8"><link ns0:type="simple" ns0:href="../515/1990515.xml">distribut dbm</link></instrumentality></artifact></system><link ns0:type="simple" ns0:href="../718/445718.xml">referenti integr</link><link ns0:type="simple" ns0:href="../285/175285.xml">relat algebra</link><link ns0:type="simple" ns0:href="../769/175769.xml">relat calculu</link><link ns0:type="simple" ns0:href="../873/25873.xml">relat databas</link><link ns0:type="simple" ns0:href="../743/98743.xml">relat dbm</link><link ns0:type="simple" ns0:href="../220/26220.xml">relat model</link><system wordnetid="104377057" confidence="0.8"><artifact wordnetid="100021939" confidence="0.8"><instrumentality wordnetid="103575240" confidence="0.8"><link ns0:type="simple" ns0:href="../960/68960.xml">objectrel databas</link></instrumentality></artifact></system><link ns0:type="simple" ns0:href="../409/212409.xml">transact process</link></col></row><row style="height:2px;" /><row><col style=";;" class="navbox-group">concept</col><col style="text-align:left;border-left:2px solid #fdfdfd;width:100%;padding:0px;;;" class="navbox-list navbox-odd"><link ns0:type="simple" ns0:href="../377/8377.xml">databas</link><link ns0:type="simple" ns0:href="../776/60776.xml">acid</link><link ns0:type="simple" ns0:href="../180/287180.xml">crud</link><link ns0:type="simple" ns0:href="../540/2002540.xml">null</link><link ns0:type="simple" ns0:href="../975/336975.xml">candid key</link><link ns0:type="simple" ns0:href="../065/259065.xml">foreign key</link><link ns0:type="simple" ns0:href="../099/6850099.xml">primari key</link><link ns0:type="simple" ns0:href="../952/1137952.xml">superkey</link><link ns0:type="simple" ns0:href="../950/472950.xml">surrog key</link></col></row><row style="height:2px" /><row><col style=";;" class="navbox-group">object</col><col style="text-align:left;border-left:2px solid #fdfdfd;width:100%;padding:0px;;;" class="navbox-list navbox-even"><system wordnetid="104377057" confidence="0.8"><artifact wordnetid="100021939" confidence="0.8"><instrumentality wordnetid="103575240" confidence="0.8"><link ns0:type="simple" ns0:href="../316/1384316.xml">trigger</link></instrumentality></artifact></system><system wordnetid="104377057" confidence="0.8"><artifact wordnetid="100021939" confidence="0.8"><instrumentality wordnetid="103575240" confidence="0.8"><link ns0:type="simple" ns0:href="../226/1960226.xml">view</link></instrumentality></artifact></system><link ns0:type="simple" ns0:href="../163/1701163.xml">tabl</link><system wordnetid="104377057" confidence="0.8"><artifact wordnetid="100021939" confidence="0.8"><instrumentality wordnetid="103575240" confidence="0.8"><link ns0:type="simple" ns0:href="../836/2104836.xml">cursor</link></instrumentality></artifact></system><system wordnetid="104377057" confidence="0.8"><artifact wordnetid="100021939" confidence="0.8"><instrumentality wordnetid="103575240" confidence="0.8"><link ns0:type="simple" ns0:href="../974/245974.xml">log</link></instrumentality></artifact></system><link ns0:type="simple" ns0:href="../953/233953.xml">transact</link><link ns0:type="simple" ns0:href="../076/1711076.xml" /><system wordnetid="104377057" confidence="0.8"><artifact wordnetid="100021939" confidence="0.8"><instrumentality wordnetid="103575240" confidence="0.8"><link ns0:type="simple" ns0:href="../251/277251.xml">store procedur</link></instrumentality></artifact></system><system wordnetid="104377057" confidence="0.8"><artifact wordnetid="100021939" confidence="0.8"><instrumentality wordnetid="103575240" confidence="0.8"><link ns0:type="simple" ns0:href="../101/1983101.xml">partit</link></instrumentality></artifact></system></col></row><row style="height:2px" /><row><col style=";;" class="navbox-group"><programming_language wordnetid="106898352" confidence="0.9508927676800064"><link ns0:type="simple" ns0:href="../004/29004.xml">sql</link></programming_language></col><col style="text-align:left;border-left:2px solid #fdfdfd;width:100%;padding:0px;;;" class="navbox-list navbox-odd"><link ns0:type="simple" ns0:href="../285/665285.xml">select</link><link ns0:type="simple" ns0:href="../237/903237.xml">insert</link><link ns0:type="simple" ns0:href="../573/1220573.xml">updat</link><link ns0:type="simple" ns0:href="../931/4347931.xml">merg</link><link ns0:type="simple" ns0:href="../216/1701216.xml">delet</link><link ns0:type="simple" ns0:href="../204/665204.xml">join</link><link ns0:type="simple" ns0:href="../258/11308258.xml">union</link><link ns0:type="simple" ns0:href="../018/452018.xml">creat</link><link ns0:type="simple" ns0:href="../018/452018.xml">drop</link><link ns0:type="simple" ns0:href="../953/233953.xml#xpointer(//*[./st=%22In+SQL%22])">work</link><link ns0:type="simple" ns0:href="../958/1626958.xml">commit</link><link ns0:type="simple" ns0:href="../240/1015240.xml">rollback</link><link ns0:type="simple" ns0:href="../664/2554664.xml">truncat</link><link ns0:type="simple" ns0:href="../018/452018.xml">alter</link><link ns0:type="simple" ns0:href="../499/19041499.xml">xsql</link></col></row><row style="height:2px" /><row><col style=";;" class="navbox-group">implement</col><col style="text-align:left;border-left:2px solid #fdfdfd;width:100%;padding:0px;;;" class="navbox-list navbox-even"><link ns0:type="simple" ns0:href="../873/25873.xml">relat</link><link ns0:type="simple" ns0:href="../973/573973.xml">flat file</link><link ns0:type="simple" ns0:href="../069/1971069.xml">deduct</link><link ns0:type="simple" ns0:href="../079/12321079.xml">dimension</link><link ns0:type="simple" ns0:href="../075/247075.xml">hierarch</link><link ns0:type="simple" ns0:href="../098/185098.xml">network</link><system wordnetid="104377057" confidence="0.8"><artifact wordnetid="100021939" confidence="0.8"><instrumentality wordnetid="103575240" confidence="0.8"><link ns0:type="simple" ns0:href="../414/15002414.xml">documentori</link></instrumentality></artifact></system><system wordnetid="104377057" confidence="0.8"><artifact wordnetid="100021939" confidence="0.8"><instrumentality wordnetid="103575240" confidence="0.8"><link ns0:type="simple" ns0:href="../826/22826.xml">objectori</link></instrumentality></artifact></system><system wordnetid="104377057" confidence="0.8"><artifact wordnetid="100021939" confidence="0.8"><instrumentality wordnetid="103575240" confidence="0.8"><link ns0:type="simple" ns0:href="../960/68960.xml">objectrel</link></instrumentality></artifact></system><system wordnetid="104377057" confidence="0.8"><artifact wordnetid="100021939" confidence="0.8"><instrumentality wordnetid="103575240" confidence="0.8"><link ns0:type="simple" ns0:href="../471/1252471.xml">tempor</link></instrumentality></artifact></system><link ns0:type="simple" ns0:href="../351/1442351.xml">xml data store</link><link ns0:type="simple" ns0:href="../386/16727386.xml">tripl store</link></col></row><row style="height:2px" /><row><col style=";;" class="navbox-group">compon</col><col style="text-align:left;border-left:2px solid #fdfdfd;width:100%;padding:0px;;;" class="navbox-list navbox-odd"><link ns0:type="simple" ns0:href="../356/217356.xml">concurr control</link><link ns0:type="simple" ns0:href="../139/645139.xml">data dictionari</link><link ns0:type="simple" ns0:href="../755/42755.xml">jdbc</link><link ns0:type="simple" ns0:href="../701/168701.xml">odbc</link><link ns0:type="simple" ns0:href="../528/494528.xml">queri languag</link><system wordnetid="104377057" confidence="0.8"><artifact wordnetid="100021939" confidence="0.8"><instrumentality wordnetid="103575240" confidence="0.8"><event wordnetid="100029378" confidence="0.8"><rule wordnetid="105846932" confidence="0.8"><act wordnetid="100030358" confidence="0.8"><psychological_feature wordnetid="100023100" confidence="0.8"><procedure wordnetid="101023820" confidence="0.8"><activity wordnetid="100407535" confidence="0.8"><algorithm wordnetid="105847438" confidence="0.8"><link ns0:type="simple" ns0:href="../441/1732441.xml">queri optim</link></algorithm></activity></procedure></psychological_feature></act></rule></event></instrumentality></artifact></system><system wordnetid="104377057" confidence="0.8"><artifact wordnetid="100021939" confidence="0.8"><instrumentality wordnetid="103575240" confidence="0.8"><link ns0:type="simple" ns0:href="../792/1710792.xml">queri plan</link></instrumentality></artifact></system></col></row><row style="height:2px;" /><row><col colspan="2" style=";" class="navbox-abovebelow">databas product<link ns0:type="simple" ns0:href="../860/1568860.xml">objectori</link><link ns0:type="simple" ns0:href="../534/1593534.xml">comparison</link><link ns0:type="simple" ns0:href="../820/1568820.xml">relat</link><link ns0:type="simple" ns0:href="../036/1569036.xml">comparison</link><system wordnetid="104377057" confidence="0.8"><artifact wordnetid="100021939" confidence="0.8"><instrumentality wordnetid="103575240" confidence="0.8"><link ns0:type="simple" ns0:href="../414/15002414.xml">documentori</link></instrumentality></artifact></system></col></row></table></col></row></table></p></sec></bdy></entity></instrumentality></artifact></system></article>