<article xmlns:ns0="http://www.w3.org/1999/xlink"><property confidence="0.9511911446218017" wordnetid="113244109"><web_site confidence="0.9508927676800064" wordnetid="106359193"><header><title>digg</title><id /><revision><id /><timestamp /><contributor><username /><id /></contributor></revision><categories><category>web</category><category>social bookmark</category><category>social inform process</category><category>internet properti establish</category><category>commun websit</category><category>blog</category><category>news websit</category></categories></header><bdy><template><name>infobox websit</name><parameters><logo><image location="center" width="125px" src="Digg_new.svg"><caption>digg</caption></image></logo><caption>digg main<link ns0:type="simple" ns0:href="../530/27530.xml">septemb</link><link ns0:type="simple" ns0:href="../165/36165.xml" /></caption><type>news content websit</type><registration>free</registration><url><weblink ns0:type="simple" ns0:href="http://www.digg.com/" /></url><launch_date><link ns0:type="simple" ns0:href="../354/8354.xml">decemb</link><link ns0:type="simple" ns0:href="../524/35524.xml" /></launch_date><author><celebrity wordnetid="109903153" confidence="0.9508927676800064"><link ns0:type="simple" ns0:href="../396/11015396.xml">kevin rose</link></celebrity></author><name>digg<image width="25px" src="Digg_logo.png"><caption>digg logo</caption></image></name><owner>digg</owner><commercial /><current_version /><employees /></parameters></template>articl websit word dig<link ns0:type="simple" ns0:href="../160/2118160.xml">dig</link><p>digg<link ns0:type="simple" ns0:href="../898/33898.xml">websit</link>peopl discov share content<link ns0:type="simple" ns0:href="../539/14539.xml">internet</link>submit link stori vote comment submit link stori vote stori site cornerston function call dig buri stori submit day stori appear front</p><p>digg popular prompt creation<link ns0:type="simple" ns0:href="../117/2041117.xml">social network</link>site stori submiss vote system<ref ns0:type="simple" ns0:href="#xpointer(//reflist/entry[@id=%221%22])" /></p><sec><st>histori descript</st><p><image location="left" width="200px" src="Digg1.6.png" type="thumb"><caption>digg version</caption></image>digg start experi novemb<celebrity wordnetid="109903153" confidence="0.9508927676800064"><link ns0:type="simple" ns0:href="../396/11015396.xml">kevin rose</link></celebrity>owen byrn ron<physical_entity wordnetid="100001930" confidence="0.8"><executive wordnetid="110069645" confidence="0.8"><person wordnetid="100007846" confidence="0.8"><leader wordnetid="109623038" confidence="0.8"><administrator wordnetid="109770949" confidence="0.8"><engineer wordnetid="109615807" confidence="0.8"><causal_agent wordnetid="100007347" confidence="0.8"><head wordnetid="110162991" confidence="0.8"><link ns0:type="simple" ns0:href="../341/11015341.xml">jay adelson</link></head></causal_agent></engineer></administrator></leader></person></executive></physical_entity>owen byrn current play activ role manag site</p><p>start work develop site octob kevin rose told<web_site wordnetid="106359193" confidence="0.9508927676800064"><link ns0:type="simple" ns0:href="../858/435858.xml">zdnet</link></web_site><ref ns0:type="simple" ns0:href="#xpointer(//reflist/entry[@id=%222%22])" />start toy idea coupl month prior earli octob start creat beta version digg site launch decemb</p><p>kevin rose friend<person wordnetid="100007846" confidence="0.9508927676800064"><manufacturer wordnetid="110292316" confidence="0.9173553029164789"><link ns0:type="simple" ns0:href="../986/3976986.xml">david</link></manufacturer></person><series wordnetid="108457976" confidence="0.9508927676800064"><link ns0:type="simple" ns0:href="../162/209162.xml">screen saver</link></series><link ns0:type="simple" ns0:href="../255/1831255.xml">week tech</link>origin want call site kevin want simpler chose digg user dig stori submit front site call digg dig domain regist<link ns0:type="simple" ns0:href="../435/17809435.xml">walt disney internet group</link><link ns0:type="simple" ns0:href="../879/2192879.xml" />eventu titl<celebrity wordnetid="109903153" confidence="0.9508927676800064"><link ns0:type="simple" ns0:href="../396/11015396.xml">kevin rose</link></celebrity><celebrity wordnetid="109903153" confidence="0.9508927676800064"><actor wordnetid="109765278" confidence="0.9173553029164789"><link ns0:type="simple" ns0:href="../228/1143228.xml">alex albrecht</link></actor></celebrity>weekli podcast discuss popular stori digg</p><p>origin design free advertis design dan digg popular googl<software wordnetid="106566077" confidence="0.9508927676800064"><link ns0:type="simple" ns0:href="../238/736238.xml">adsens</link></software>websit juli site updat version version featur friend list abil digg stori redirect success interfac design web design compani<ref ns0:type="simple" ns0:href="#xpointer(//reflist/entry[@id=%223%22])" />site develop state futur version minimalist design will employ monday june version digg releas specif categori technolog scienc busi video entertain game well view categori merg</p><p>digg grown larg submiss creat sudden increas traffic websit refer digg user<link>digg</link>site death case stori link simultan popular bookmark site case impact digg difficult isol assess<link ns0:type="simple" ns0:href="../856/605856.xml">wordpress</link>tendenc crash increas traffic<ref ns0:type="simple" ns0:href="#xpointer(//reflist/entry[@id=%224%22])" /></p><p><link ns0:type="simple" ns0:href="../013/1013.xml">august</link><link ns0:type="simple" ns0:href="../165/36165.xml" />digg alter main interfac profil area domain attract<weblink ns0:type="simple" ns0:href="http://siteanalytics.compete.com/digg.com?metric=uv">visitor</weblink>annual<company wordnetid="108058098" confidence="0.9508927676800064"><link ns0:type="simple" ns0:href="../070/16186070.xml">competecom</link></company>survey</p><ss1><st>potenti sale</st><p>report forward claim digg sell larger compani earli<ref ns0:type="simple" ns0:href="#xpointer(//reflist/entry[@id=%225%22])" />adelson claim digg will meet potenti buyer deni will activ talk sale sale talk googl juli dollar juli<link ns0:type="simple" ns0:href="../610/299610.xml">dilig</link>potenti sale googl inform digg interest purchas<ref ns0:type="simple" ns0:href="#xpointer(//reflist/entry[@id=%226%22])" /></p><p>result<company wordnetid="108058098" confidence="0.9508927676800064"><link ns0:type="simple" ns0:href="../923/1092923.xml">googl</link></company>decis digg enter second round fund receiv<link ns0:type="simple" ns0:href="../730/332730.xml">investor</link><link ns0:type="simple" ns0:href="../830/18774830.xml">highland capit partner</link>fund compani plan move current offic accommod bigger staff base<ref ns0:type="simple" ns0:href="#xpointer(//reflist/entry[@id=%227%22])" />report time<link ns0:type="simple" ns0:href="../234/52234.xml">ceo</link><physical_entity wordnetid="100001930" confidence="0.8"><executive wordnetid="110069645" confidence="0.8"><person wordnetid="100007846" confidence="0.8"><leader wordnetid="109623038" confidence="0.8"><administrator wordnetid="109770949" confidence="0.8"><engineer wordnetid="109615807" confidence="0.8"><causal_agent wordnetid="100007347" confidence="0.8"><head wordnetid="110162991" confidence="0.8"><link ns0:type="simple" ns0:href="../341/11015341.xml">jay adelson</link></head></causal_agent></engineer></administrator></leader></person></executive></physical_entity>founder<celebrity wordnetid="109903153" confidence="0.9508927676800064"><link ns0:type="simple" ns0:href="../396/11015396.xml">kevin rose</link></celebrity>sold stock reportedli make</p></ss1></sec><sec><st>critic</st><p>digg critic vari reason disparag center site form user control content allow<link ns0:type="simple" ns0:href="../659/311659.xml" />misinform thrive<ref ns0:type="simple" ns0:href="#xpointer(//reflist/entry[@id=%228%22])" /><ref ns0:type="simple" ns0:href="#xpointer(//reflist/entry[@id=%229%22])" />site suffer risk compani pay stori submit site<ref ns0:type="simple" ns0:href="#xpointer(//reflist/entry[@id=%2210%22])" /><ref ns0:type="simple" ns0:href="#xpointer(//reflist/entry[@id=%2211%22])" /><ref ns0:type="simple" ns0:href="#xpointer(//reflist/entry[@id=%2212%22])" /><ref ns0:type="simple" ns0:href="#xpointer(//reflist/entry[@id=%2213%22])" />phenomenon<link ns0:type="simple" ns0:href="../747/286747.xml">googl bomb</link></p><p>critic feel site oper exercis control articl appear front well comment digg forum<ref ns0:type="simple" ns0:href="#xpointer(//reflist/entry[@id=%2214%22])" /><ref ns0:type="simple" ns0:href="#xpointer(//reflist/entry[@id=%2215%22])" />user complain block post account disabl make comment forum conflict person interest digg oper<ref ns0:type="simple" ns0:href="#xpointer(//reflist/entry[@id=%2216%22])" />exist buri option critic anonym natur<ref ns0:type="simple" ns0:href="#xpointer(//reflist/entry[@id=%2217%22])" />lead critic topic mesh prevail view commun critic area<ref ns0:type="simple" ns0:href="#xpointer(//reflist/entry[@id=%2218%22])" />faulti mislead<structure wordnetid="104341686" confidence="0.8"><artifact wordnetid="100021939" confidence="0.8"><link ns0:type="simple" ns0:href="../667/2633667.xml">articl</link></artifact></structure>reach user blow proport unsupport claim accus<link ns0:type="simple" ns0:href="../888/408888.xml">mob mental</link></p><p>digg user accus oper buri brigad tag articl disagre<practice wordnetid="100410247" confidence="0.8"><event wordnetid="100029378" confidence="0.8"><act wordnetid="100030358" confidence="0.8"><psychological_feature wordnetid="100023100" confidence="0.8"><activity wordnetid="100407535" confidence="0.8"><link ns0:type="simple" ns0:href="../368/28368.xml">spam</link></activity></psychological_feature></act></event></practice><ref ns0:type="simple" ns0:href="#xpointer(//reflist/entry[@id=%229%22])" /><ref ns0:type="simple" ns0:href="#xpointer(//reflist/entry[@id=%2219%22])" /><ref ns0:type="simple" ns0:href="#xpointer(//reflist/entry[@id=%2220%22])" />attempt buri stori critic digg comment site major problem</p><p><indent level="1">abil small number user buri stori account buri news meant help separ spam inaccur stori gener ordinari viabl stuff long suspicion plenti user rid stori thing dont polit parti corpor buri stori power simpli vote<ref ns0:type="simple" ns0:href="#xpointer(//reflist/entry[@id=%2221%22])" /></indent>report top digg user post digg frontpag content<link>nich group</link>twenti individu submit frontpag content<ref ns0:type="simple" ns0:href="#xpointer(//reflist/entry[@id=%2222%22])" /><ref ns0:type="simple" ns0:href="#xpointer(//reflist/entry[@id=%2214%22])" />site<ref ns0:type="simple" ns0:href="#xpointer(//reflist/entry[@id=%229%22])" />rais problem<link ns0:type="simple" ns0:href="../257/62257.xml" />possibl site manipul speak respons question site founder kevin rose announc upcom chang site<link ns0:type="simple" ns0:href="../775/775.xml">algorithm</link><ref ns0:type="simple" ns0:href="#xpointer(//reflist/entry[@id=%2223%22])" /></p><p>dont disclos exactli stori promot work prevent game system key updat come algorithm updat will uniqu dig divers individu dig stori user follow game pattern will promot weight doesnt stori wont promot divers pool individu will need deem stori<ref ns0:type="simple" ns0:href="#xpointer(//reflist/entry[@id=%2224%22])" /></p><ss1><st>aac encrypt key controversi</st><p><image location="left" width="45px" src="Wikinews-logo.svg" /><work wordnetid="100575741" confidence="0.8"><social_group wordnetid="107950920" confidence="0.8"><possession wordnetid="100032613" confidence="0.8"><event wordnetid="100029378" confidence="0.8"><gathering wordnetid="107975026" confidence="0.8"><community wordnetid="108223802" confidence="0.8"><undertaking wordnetid="100795720" confidence="0.8"><property wordnetid="113244109" confidence="0.8"><group wordnetid="100031264" confidence="0.8"><act wordnetid="100030358" confidence="0.8"><psychological_feature wordnetid="100023100" confidence="0.8"><activity wordnetid="100407535" confidence="0.8"><link ns0:type="simple" ns0:href="../018/1173018.xml">wikinew</link></activity></psychological_feature></act></group></property></undertaking></community></gathering></event></possession></social_group></work>news</p><p><indent level="1">main articl<meme wordnetid="105985126" confidence="0.8"><acculturation wordnetid="105984936" confidence="0.8"><link ns0:type="simple" ns0:href="../277/19682277.xml">aac encrypt key controversi</link></acculturation></meme></indent><link ns0:type="simple" ns0:href="../348/19348.xml" /><link ns0:type="simple" ns0:href="../165/36165.xml" />articl appear digg homepag contain<link ns0:type="simple" ns0:href="../294/10294.xml">encrypt key</link><link ns0:type="simple" ns0:href="../249/11010249.xml">aac</link><link ns0:type="simple" ns0:href="../226/18938226.xml">digit right manag</link>protect<medium wordnetid="106254669" confidence="0.9508927676800064"><link ns0:type="simple" ns0:href="../091/11065091.xml">dvd</link></medium><medium wordnetid="106254669" confidence="0.9508927676800064"><link ns0:type="simple" ns0:href="../826/11015826.xml">bluray disc</link></medium>digg act advic lawyer remov post submiss secret number databas ban user submit remov digg user capitul corpor interest assault free speech<ref ns0:type="simple" ns0:href="#xpointer(//reflist/entry[@id=%2225%22])" />statement<physical_entity wordnetid="100001930" confidence="0.8"><executive wordnetid="110069645" confidence="0.8"><person wordnetid="100007846" confidence="0.8"><leader wordnetid="109623038" confidence="0.8"><administrator wordnetid="109770949" confidence="0.8"><engineer wordnetid="109615807" confidence="0.8"><causal_agent wordnetid="100007347" confidence="0.8"><head wordnetid="110162991" confidence="0.8"><link ns0:type="simple" ns0:href="../341/11015341.xml">jay adelson</link></head></causal_agent></engineer></administrator></leader></person></executive></physical_entity>attribut articl takedown attempt compli<link ns0:type="simple" ns0:href="../954/477954.xml">ceas desist</link>letter<link ns0:type="simple" ns0:href="../249/11010249.xml">advanc access content system</link>consortium cite digg<link ns0:type="simple" ns0:href="../580/839580.xml">term</link>justif articl<ref ns0:type="simple" ns0:href="#xpointer(//reflist/entry[@id=%2226%22])" /></p><p>user defend digg action<ref ns0:type="simple" ns0:href="#xpointer(//reflist/entry[@id=%2227%22])" /><ref ns0:type="simple" ns0:href="#xpointer(//reflist/entry[@id=%2228%22])" /><ref ns0:type="simple" ns0:href="#xpointer(//reflist/entry[@id=%2229%22])" />commun stage widespread revolt numer articl comment encrypt key<ref ns0:type="simple" ns0:href="#xpointer(//reflist/entry[@id=%2230%22])" /><ref ns0:type="simple" ns0:href="#xpointer(//reflist/entry[@id=%2231%22])" />scope user respons great digg user refer digit<group_action wordnetid="101080366" confidence="0.8"><aggression wordnetid="100964569" confidence="0.8"><violence wordnetid="100965404" confidence="0.8"><event wordnetid="100029378" confidence="0.8"><action wordnetid="100037396" confidence="0.8"><resistance wordnetid="101169317" confidence="0.8"><riot wordnetid="101170502" confidence="0.8"><rebellion wordnetid="101177327" confidence="0.8"><act wordnetid="100030358" confidence="0.8"><psychological_feature wordnetid="100023100" confidence="0.8"><link ns0:type="simple" ns0:href="../353/4608353.xml">boston tea parti</link></psychological_feature></act></rebellion></riot></resistance></action></event></violence></aggression></group_action><ref ns0:type="simple" ns0:href="#xpointer(//reflist/entry[@id=%2232%22])" />respons directli respons digg revers polici state<table style="margin:auto; border-collapse:collapse; border-style:none; background-color:transparent; " class="cquote"><row><col style="color:#B2B7F2;font-size:35px;font-family:'Times New Roman',serif;font-weight:bold;text-align:left;padding:10px 10px;" width="20" valign="top" /><col style="padding:4px 10px;" valign="top">hundr stori read thousand comment youv clear digg fight bow bigger compani hear effect wont delet stori comment code will deal consequ<ref ns0:type="simple" ns0:href="#xpointer(//reflist/entry[@id=%2233%22])" /></col><col style="color:#B2B7F2;font-size:36px;font-family:'Times New Roman',serif;font-weight:bold;text-align:right;padding:10px 10px;" width="20" valign="bottom" /></row><row><col colspan="3" style="padding-right: 4%"><cite style="font-style:normal;">kevin rose</cite></col></row></table></p></ss1></sec><sec><st /><p><list><entry level="1" type="bullet"><work wordnetid="100575741" confidence="0.8"><event wordnetid="100029378" confidence="0.8"><service wordnetid="100577525" confidence="0.8"><act wordnetid="100030358" confidence="0.8"><psychological_feature wordnetid="100023100" confidence="0.8"><meme wordnetid="105985126" confidence="0.8"><activity wordnetid="100407535" confidence="0.8"><acculturation wordnetid="105984936" confidence="0.8"><link ns0:type="simple" ns0:href="../022/1555022.xml">web</link></acculturation></activity></meme></psychological_feature></act></service></event></work></entry><entry level="1" type="bullet"><link ns0:type="simple" ns0:href="../581/1257581.xml">social bookmark</link></entry></list></p></sec><sec><st>refer</st><p><reflist><entry id="1"><weblink ns0:type="simple" ns0:href="http://www.conversionrater.com/index.php/2006/09/10/revisiting-top-10-web-predictions-of-2006/">revisit top web predict</weblink></entry><entry id="2">richard<weblink ns0:type="simple" ns0:href="http://blogs.zdnet.com/web2explorer/index.php?p=108">interview digg founder kevin rose</weblink>zdnet retriev<link /></entry><entry id="3"><weblink ns0:type="simple" ns0:href="http://www.silverorange.com/a/portfolio/digg">digg</weblink></entry><entry id="4"><weblink ns0:type="simple" ns0:href="http://blog.circlesixdesign.com/2007/01/22/diggproof/">wordpress</weblink>circl design retriev<link /></entry><entry id="5" /><entry id="6" /><entry id="7" /><entry id="8"><weblink ns0:type="simple" ns0:href="http://radar.oreilly.com/archives/2006/01/digging_the_madness_of_crowds.html">dig mad crowd</weblink></entry><entry id="9"><weblink ns0:type="simple" ns0:href="http://www.kuro5hin.org/story/2007/2/14/131127/709">digg fail</weblink></entry><entry id="10"><weblink ns0:type="simple" ns0:href="http://www.searchsiren.com/?p=98">digg script bot</weblink></entry><entry id="11"><weblink ns0:type="simple" ns0:href="http://news.com.com/Digg+continues+to+battle+phony+stories/2100-1025_3-6144652.html">digg continu battl phoni stori</weblink></entry><entry id="12"><weblink ns0:type="simple" ns0:href="http://www.lostremote.com/2006/07/25/paying-users-for-creating-content">pay user creat content</weblink></entry><entry id="13"><weblink ns0:type="simple" ns0:href="http://www.techcrunch.com/2006/03/18/the-power-of-digg/">power digg</weblink></entry><entry id="14"><weblink ns0:type="simple" ns0:href="http://www.deepjiveinterests.com/2006/08/25/a-brief-history-of-digg-controversy/">histori digg controversi</weblink></entry><entry id="15"><weblink ns0:type="simple" ns0:href="http://jesusphreak.infogami.com/blog/what_happened_to_digg">democrat userdriven describ digg</weblink></entry><entry id="17"><weblink ns0:type="simple" ns0:href="http://www.starttherevolution.org/archives/2006/200611/IsDiggCloserToExtinctionThanWeRealise.htm">digg closer extinct realis</weblink></entry><entry id="16"><weblink ns0:type="simple" ns0:href="http://technology.guardian.co.uk/weekly/story/0,,1761697,00.html">digg subvert sort spam</weblink></entry><entry id="19"><weblink ns0:type="simple" ns0:href="http://www.deepjiveinterests.com/2006/12/09/zdnet-not-immune-to-the-bury-brigade/">zdnet immun buri brigad</weblink></entry><entry id="18"><weblink ns0:type="simple" ns0:href="http://mashable.com/2006/01/10/digg-and-the-so-called-wisdom-of-mobs/">digg socal wisdom mob</weblink></entry><entry id="21"><weblink ns0:type="simple" ns0:href="http://blogs.guardian.co.uk/technology/archives/2007/02/28/watching_diggs_bury_brigade.html">watch digg buri brigad</weblink></entry><entry id="20"><weblink ns0:type="simple" ns0:href="http://www.techipedia.com/2007/an-open-letter-to-kevin-rose/">open letter kevin rose</weblink></entry><entry id="23"><weblink ns0:type="simple" ns0:href="http://www.lostremote.com/2006/09/06/digg-to-tweak-its-algorithm/">digg tweak algorithm</weblink></entry><entry id="22"><weblink ns0:type="simple" ns0:href="http://www.seomoz.org/blogdetail.php?ID=1228">top digg user control digg homepag content</weblink></entry><entry id="25">stone brad<link /><weblink ns0:type="simple" ns0:href="http://www.nytimes.com/2007/05/03/technology/03code.html">web uproar antipiraci code spread wildli</weblink><newspaper wordnetid="106267145" confidence="0.9508927676800064"><link ns0:type="simple" ns0:href="../680/30680.xml">york time</link></newspaper>retriev<link /></entry><entry id="24"><weblink ns0:type="simple" ns0:href="http://diggtheblog.blogspot.com/2006/09/digg-friends.html">digg friend</weblink></entry><entry id="27"><weblink ns0:type="simple" ns0:href="http://www.tgdaily.com/content/view/31859/97/">ceas desist letter backfir horribl aac</weblink></entry><entry id="26">jay adelson<weblink ns0:type="simple" ns0:href="http://blog.digg.com/?p=73">digg blog happen stori</weblink></entry><entry id="29"><weblink ns0:type="simple" ns0:href="http://www.computing.co.uk/vnunet/news/2188970/drm-lobby-tries-hd-dvd-genie">drm lobbi dvd geni bottl</weblink></entry><entry id="28"><weblink ns0:type="simple" ns0:href="http://weblog.infoworld.com/railsback/archives/2007/05/digg_losing_con.html">digg lose control site</weblink></entry><entry id="31"><weblink ns0:type="simple" ns0:href="http://news.bbc.co.uk/2/hi/technology/6615047.stm">bbc news dvd drm row spark user rebellion</weblink>retriev<link /></entry><entry id="30">marcu yam<weblink ns0:type="simple" ns0:href="http://www.dailytech.com/article.aspx?newsid=7129">aac key censorship lead internet riot</weblink>retriev<link /></entry><entry id="32"><weblink ns0:type="simple" ns0:href="http://www.forbes.com/technology/2007/05/02/digital-rights-management-tech-cx_ag_0502digg.html" />digg drm revolt</entry><entry id="33"><celebrity wordnetid="109903153" confidence="0.9508927676800064"><link ns0:type="simple" ns0:href="../396/11015396.xml">kevin rose</link></celebrity><weblink ns0:type="simple" ns0:href="http://blog.digg.com/?p=74">digg</weblink>digg blog digg retriev<link /></entry></reflist></p></sec><sec><st>extern link</st><p><list><entry level="1" type="bullet"><weblink ns0:type="simple" ns0:href="http://digg.com/">offici site</weblink></entry><entry level="1" type="bullet"><weblink ns0:type="simple" ns0:href="http://blog.digg.com/">offici blog</weblink></entry></list></p></sec></bdy></web_site></property></article>