<article xmlns:ns0="http://www.w3.org/1999/xlink"><suburb confidence="0.9511911446218017" wordnetid="108554440"><header><title>syndal victoria</title><id /><revision><id /><timestamp /><contributor><username>smackbot</username><id /></contributor></revision><categories><category>suburb melbourn</category></categories></header><bdy>area<site wordnetid="108651247" confidence="0.9508927676800064"><link ns0:type="simple" ns0:href="../237/17306237.xml">melbourn</link></site>suburb<link ns0:type="simple" ns0:href="../192/617192.xml">mount waverley</link><link ns0:type="simple" ns0:href="../189/617189.xml">glen waverley</link><body wordnetid="107965085" confidence="0.8"><social_group wordnetid="107950920" confidence="0.8"><colony wordnetid="108374049" confidence="0.8"><group wordnetid="100031264" confidence="0.8"><link ns0:type="simple" ns0:href="../460/4689460.xml">victoria</link></group></colony></social_group></body><country wordnetid="108544813" confidence="0.9508927676800064"><link ns0:type="simple" ns0:href="../264/4689264.xml">australia</link></country>intersect high street road blackburn road syndal intersect<artifact wordnetid="100021939" confidence="0.8"><terminal wordnetid="104412901" confidence="0.8"><facility wordnetid="103315023" confidence="0.8"><station wordnetid="104306080" confidence="0.8"><railway_station wordnetid="104049098" confidence="0.8"><link ns0:type="simple" ns0:href="../975/707975.xml">syndal railway station</link></railway_station></station></facility></terminal></artifact>coleman parad syndal shop centr strip highli popul commerci area encompass number divers local interest store includ takeaway food shop video librari<p>commerci area renown long establish specialist busi syndal music specialist music instrument store establish oper ownership tanner swiss receiv award fine pastri cake oper area mid hair popular hairdress salon oper syndal busi includ post offic aqua citi pool spa center reloc strip achiev desir locat commerci tenant intersect three servic station bank today area attract notic larger franchis store oldest<link ns0:type="simple" ns0:href="../805/292805.xml">blockbust video</link>corner blackburn road high street road addit<link ns0:type="simple" ns0:href="../581/54581.xml">subway</link>store video store close vacant</p><p>notabl syndal<company wordnetid="108058098" confidence="0.9508927676800064"><link ns0:type="simple" ns0:href="../402/622402.xml">australia post</link></company>post offic syndal greater<link ns0:type="simple" ns0:href="../192/617192.xml">mount waverley</link><link ns0:type="simple" ns0:href="../189/617189.xml">glen waverley</link>suburb share<link ns0:type="simple" ns0:href="../549/51549.xml">postal code</link>mount waverley glen waverley</p><p>syndal origin acr farm own<skilled_worker wordnetid="110605985" confidence="0.8"><physical_entity wordnetid="100001930" confidence="0.8"><adjudicator wordnetid="109769636" confidence="0.8"><person wordnetid="100007846" confidence="0.8"><judge wordnetid="110225219" confidence="0.8"><worker wordnetid="109632518" confidence="0.8"><official wordnetid="110372373" confidence="0.8"><causal_agent wordnetid="100007347" confidence="0.8"><link ns0:type="simple" ns0:href="../086/161086.xml">sir redmond barri</link></causal_agent></official></worker></judge></person></adjudicator></physical_entity></skilled_worker>high street road local reclaim railway<link ns0:type="simple" ns0:href="../976/707976.xml">glen waverley station</link>open<artifact wordnetid="100021939" confidence="0.8"><terminal wordnetid="104412901" confidence="0.8"><facility wordnetid="103315023" confidence="0.8"><station wordnetid="104306080" confidence="0.8"><railway_station wordnetid="104049098" confidence="0.8"><link ns0:type="simple" ns0:href="../975/707975.xml">station</link></railway_station></station></facility></terminal></artifact>blackburn road coleman parad decid centr syndal local high street road west blackburn road intersect</p><p><table id="toc" align="center" cellpadding="5" cellspacing="0"><row><col colspan="3" style="background:#F9E2D2" align="center">syndal local locat<site wordnetid="108651247" confidence="0.9508927676800064"><link ns0:type="simple" ns0:href="../192/617192.xml">mount waverley</link></site><site wordnetid="108651247" confidence="0.9508927676800064"><link ns0:type="simple" ns0:href="../780/466780.xml">citi monash</link></site></col></row><row><col colspan="3" align="center"><site wordnetid="108651247" confidence="0.9508927676800064"><link ns0:type="simple" ns0:href="../192/617192.xml">mount waverley victoria</link></site>inform mount waverley local locat area</col></row></table></p><p><table style=";" class="navbox" cellspacing="0"><row><col style="padding:2px;"><table style="width:100%;background:transparent;color:inherit;;" class="nowraplinks collapsible autocollapse " cellspacing="0"><row><header colspan="2" style=";" class="navbox-title">suburb<site wordnetid="108651247" confidence="0.9508927676800064"><link ns0:type="simple" ns0:href="../780/466780.xml">citi monash</link></site><site wordnetid="108651247" confidence="0.9508927676800064"><link ns0:type="simple" ns0:href="../237/17306237.xml">melbourn</link></site><body wordnetid="107965085" confidence="0.8"><social_group wordnetid="107950920" confidence="0.8"><colony wordnetid="108374049" confidence="0.8"><group wordnetid="100031264" confidence="0.8"><link ns0:type="simple" ns0:href="../460/4689460.xml">victoria</link></group></colony></social_group></body></header></row><row style="height:2px;" /><row><col colspan="2" style="width:100%;padding:0px;;;" class="navbox-list navbox-odd"><p><site wordnetid="108651247" confidence="0.9508927676800064"><link ns0:type="simple" ns0:href="../965/581965.xml">ashwood</link></site><site wordnetid="108651247" confidence="0.9508927676800064"><link ns0:type="simple" ns0:href="../184/617184.xml">chadston</link></site><site wordnetid="108651247" confidence="0.9508927676800064"><link ns0:type="simple" ns0:href="../187/617187.xml">clayton</link></site><site wordnetid="108651247" confidence="0.9508927676800064"><link ns0:type="simple" ns0:href="../189/617189.xml">glen waverley</link></site><site wordnetid="108651247" confidence="0.9508927676800064"><link ns0:type="simple" ns0:href="../892/1778892.xml">hughesdal</link></site><site wordnetid="108651247" confidence="0.9508927676800064"><link ns0:type="simple" ns0:href="../897/1778897.xml">huntingdal</link></site><site wordnetid="108651247" confidence="0.9508927676800064"><link ns0:type="simple" ns0:href="../192/617192.xml">mount waverley</link></site><site wordnetid="108651247" confidence="0.9508927676800064"><link ns0:type="simple" ns0:href="../197/617197.xml">mulgrav</link></site><site wordnetid="108651247" confidence="0.9508927676800064"><link ns0:type="simple" ns0:href="../202/617202.xml">not hill</link></site><site wordnetid="108651247" confidence="0.9508927676800064"><link ns0:type="simple" ns0:href="../207/617207.xml">oakleigh</link></site><site wordnetid="108651247" confidence="0.9508927676800064"><link ns0:type="simple" ns0:href="../901/1778901.xml">oakleigh east</link></site><site wordnetid="108651247" confidence="0.9508927676800064"><link ns0:type="simple" ns0:href="../904/1778904.xml">oakleigh south</link></site><site wordnetid="108651247" confidence="0.9508927676800064"><link ns0:type="simple" ns0:href="../211/617211.xml">wheeler hill</link></site></p></col></row></table></col></row></table></p><p><list><entry level="1" type="bullet">syndal victoria coordin<weblink ns0:type="simple" ns0:href="http://stable.toolserver.org/geohack/geohack.php?pagename=Syndal%2C_Victoria params=-37.8723_N_145.1484_E_type:landmark_region:AU" /><link ns0:type="simple" ns0:href="../361/48361.xml">coordin</link><weblink ns0:type="simple" ns0:href="http://stable.toolserver.org/geohack/geohack.php?pagename=Syndal%2C_Victoria params=-37.8723_N_145.1484_E_type:landmark_region:AU" /></entry></list></p></bdy></suburb></article>