<article xmlns:ns0="http://www.w3.org/1999/xlink"><physical_entity confidence="0.8" wordnetid="100001930"><person confidence="0.8" wordnetid="100007846"><intellectual confidence="0.8" wordnetid="109621545"><alumnus confidence="0.8" wordnetid="109786338"><causal_agent confidence="0.8" wordnetid="100007347"><scholar confidence="0.8" wordnetid="110557854"><header><title>kevin ryan</title><id /><revision><id /><timestamp /><contributor><username>rjwilmsi</username><id /></contributor></revision><categories><category>doubleclick</category><category>live peopl</category><category>american businesspeopl</category><category>yale univers alumni</category></categories></header><bdy>kevin ryan internet execut entrepreneur york citi<region wordnetid="108630985" confidence="0.8"><location wordnetid="100027167" confidence="0.8"><district wordnetid="108552138" confidence="0.8"><link ns0:type="simple" ns0:href="../663/970663.xml">silicon alley</link></district></location></region>best ceo<company wordnetid="108058098" confidence="0.9508927676800064"><link ns0:type="simple" ns0:href="../498/744498.xml">doubleclick</link></company>cofound year built multibillion dollar global industri leader direct doubleclick award titl york compani year silicon alley report ryan name influenti busi peopl crain york busi<p>doubleclick sold billion hellman friedman llc ryan step ceo shortli doubleclick acquir googl billion march</p><p>leav doubleclick ryan doubleclick cto cofound<link>dwight</link>found<weblink ns0:type="simple" ns0:href="http://www.alleycorp.com" />network affili internet compani chairman ceo</p><sec><st /><p>headquart york citi silicon alley network affili internet compani found kevin ryan dwight ceo cto doubleclick</p><p>current compani network includ</p><p><link>alley insid</link>onlin busi news analysi site news commentari discuss technolog media commun industri</p><p>gilt group onlin commun offer member exclus access covet fashion luxuri lifestyl sampl sale event brand</p><p>music nation onlin music commun band musician resourc better connect interact fan fan uniqu outlet discov music</p><p><company wordnetid="108058098" confidence="0.9508927676800064"><link ns0:type="simple" ns0:href="../437/15994437.xml">panther express</link></company>content deliveri network ensur rapid reliabl content load perform internet site visitor worldwid</p><p><work wordnetid="100575741" confidence="0.8"><artifact wordnetid="100021939" confidence="0.8"><instrumentality wordnetid="103575240" confidence="0.8"><engine wordnetid="103287733" confidence="0.8"><motor wordnetid="103789946" confidence="0.8"><event wordnetid="100029378" confidence="0.8"><service wordnetid="100577525" confidence="0.8"><device wordnetid="103183080" confidence="0.8"><machine wordnetid="103699975" confidence="0.8"><act wordnetid="100030358" confidence="0.8"><psychological_feature wordnetid="100023100" confidence="0.8"><activity wordnetid="100407535" confidence="0.8"><link ns0:type="simple" ns0:href="../613/4108613.xml" /></activity></psychological_feature></act></machine></device></service></event></motor></engine></instrumentality></artifact></work>intern shop search engin advanc web crawl technolog help shopper find product inform buy decis</p><p>gen platform design help develop easili build complex scalabl web applic</p></sec><sec><st>doubleclick</st><p>ryan join<company wordnetid="108058098" confidence="0.9508927676800064"><link ns0:type="simple" ns0:href="../498/744498.xml">doubleclick</link></company>presid ceo ryan doubleclick grew startup peopl worldwid entiti employe</p></sec><sec><st>compani invest</st><p>ryan investor<weblink ns0:type="simple" ns0:href="http://theladders.com" /><ref ns0:type="simple" ns0:href="#xpointer(//reflist/entry[@id=%221%22])" />earli investor board member<link ns0:type="simple" ns0:href="../769/2945769.xml">hotjob</link>sold<company wordnetid="108058098" confidence="0.9508927676800064"><link ns0:type="simple" ns0:href="../213/188213.xml">yahoo</link></company></p></sec><sec><st>earli career</st><p>work<company wordnetid="108058098" confidence="0.8"><institution wordnetid="108053576" confidence="0.8"><link ns0:type="simple" ns0:href="../246/1918246.xml">unit media</link></institution></company>ryan launch<comic_strip wordnetid="107003352" confidence="0.9508927676800064"><link ns0:type="simple" ns0:href="../127/8127.xml" /></comic_strip>web site base popular comic strip creat scott adam<ref ns0:type="simple" ns0:href="#xpointer(//reflist/entry[@id=%222%22])" />serv senior busi financ help lead restructur effort increas unit media profit fivefold<ref ns0:type="simple" ns0:href="#xpointer(//reflist/entry[@id=%223%22])" /></p><p>addit ryan spent time euro disney franc invest banker prudenti invest corpor<ref ns0:type="simple" ns0:href="#xpointer(//reflist/entry[@id=%224%22])" /></p></sec><sec><st /><p>ryan current serv board director human right watch member insead intern council yale intern council council foreign relat</p><p>board direct market associ council nyc advisori board doctor border</p></sec><sec><st>person</st><p>ryan receiv<university wordnetid="108286163" confidence="0.9508927676800064"><link ns0:type="simple" ns0:href="../273/34273.xml">yale univers</link></university>mba<university wordnetid="108286163" confidence="0.9508927676800064"><link ns0:type="simple" ns0:href="../363/286363.xml">insead</link></university>busi school</p><p>middl brother sean ryan founder ceo<web_site wordnetid="106359193" confidence="0.9508927676800064"><link ns0:type="simple" ns0:href="../756/5118756.xml" /></web_site>social entertain network built avatar casual game virtual item ceo rhapsodi music servic acquir</p><p>youngest brother conor kennedi ryan founder presid success boutiqu model agenc</p></sec><sec><st>quot</st><p><link ns0:type="simple" ns0:href="../165/36165.xml" />interview ventur voic<ref ns0:type="simple" ns0:href="#xpointer(//reflist/entry[@id=%225%22])" /></p><p>rememb week stock price compani billion dollar thought</p><p>close quit knew fundament internet win</p></sec><sec><st /><p><list><entry level="1" type="bullet"><company wordnetid="108058098" confidence="0.9508927676800064"><link ns0:type="simple" ns0:href="../498/744498.xml">doubleclick</link></company></entry><entry level="1" type="bullet"><company wordnetid="108058098" confidence="0.9508927676800064"><link ns0:type="simple" ns0:href="../437/15994437.xml">panther express</link></company></entry><entry level="1" type="bullet"><work wordnetid="100575741" confidence="0.8"><artifact wordnetid="100021939" confidence="0.8"><instrumentality wordnetid="103575240" confidence="0.8"><engine wordnetid="103287733" confidence="0.8"><motor wordnetid="103789946" confidence="0.8"><event wordnetid="100029378" confidence="0.8"><service wordnetid="100577525" confidence="0.8"><device wordnetid="103183080" confidence="0.8"><machine wordnetid="103699975" confidence="0.8"><act wordnetid="100030358" confidence="0.8"><psychological_feature wordnetid="100023100" confidence="0.8"><activity wordnetid="100407535" confidence="0.8"><link ns0:type="simple" ns0:href="../613/4108613.xml" /></activity></psychological_feature></act></machine></device></service></event></motor></engine></instrumentality></artifact></work></entry><entry level="1" type="bullet"><computer wordnetid="103082979" confidence="0.8"><artifact wordnetid="100021939" confidence="0.8"><instrumentality wordnetid="103575240" confidence="0.8"><event wordnetid="100029378" confidence="0.8"><device wordnetid="103183080" confidence="0.8"><social_event wordnetid="107288639" confidence="0.8"><contest wordnetid="107456188" confidence="0.8"><machine wordnetid="103699975" confidence="0.8"><web_site wordnetid="106359193" confidence="0.8"><psychological_feature wordnetid="100023100" confidence="0.8"><link ns0:type="simple" ns0:href="../365/8829365.xml">music nation</link></psychological_feature></web_site></machine></contest></social_event></device></event></instrumentality></artifact></computer></entry><entry level="1" type="bullet"><link>silicon alley insid</link></entry><entry level="1" type="bullet"><link>gen</link></entry></list></p></sec><sec><st>note</st><p><reflist><entry id="1"><weblink ns0:type="simple" ns0:href="http://www.theladders.com/press/abouttheladderspressdetail_042004">secur fund</weblink></entry><entry id="2"><weblink ns0:type="simple" ns0:href="http://www.venturevoice.com/2007/04/kevin_ryan-doubleclick.html">ventur voic kevin ryan panther express music nation</weblink></entry><entry id="3"><weblink ns0:type="simple" ns0:href="http://www.newyorkbusiness-risingstars.com/profile.php?pageNum_profile_detail=30 year=6 pid=293">kevin ryan crain york busi york rise star</weblink></entry><entry id="4"><weblink ns0:type="simple" ns0:href="http://www.atnewyork.com/news/article.php/423421">doubleclick name kevin ryan ceo</weblink></entry><entry id="5"><weblink ns0:type="simple" ns0:href="http://www.venturevoice.com/2007/04/kevin_ryan-doubleclick.html">ventur voic kevin ryan panther express music nation</weblink></entry></reflist></p></sec><sec><st>extern link</st><p><list><entry level="1" type="bullet"><weblink ns0:type="simple" ns0:href="http://www.shopwiki.com">main</weblink></entry><entry level="1" type="bullet"><weblink ns0:type="simple" ns0:href="http://www.pantherexpress.com">main</weblink></entry><entry level="1" type="bullet"><weblink ns0:type="simple" ns0:href="http://www.musicnation.com">main</weblink></entry><entry level="1" type="bullet"><weblink ns0:type="simple" ns0:href="http://www.alleyinsider.com">silicon alley insid main</weblink></entry><entry level="1" type="bullet"><weblink ns0:type="simple" ns0:href="http://www.venturevoice.com/2007/04/kevin_ryan-doubleclick.htm">ventur voic interview kevin ryan</weblink></entry><entry level="1" type="bullet"><weblink ns0:type="simple" ns0:href="http://www.newyorkbusiness-risingstars.com/profile.php?pageNum_profile_detail=30 year=6 pid=293">crain york articl kevin ryan</weblink></entry><entry level="1" type="bullet"><weblink ns0:type="simple" ns0:href="http://www.sourcewatch.org/index.php?title=Kevin_Ryan">kevin ryan sourcewatch</weblink></entry></list></p></sec></bdy></scholar></causal_agent></alumnus></intellectual></person></physical_entity></article>