<article xmlns:ns0="http://www.w3.org/1999/xlink"><O confidence="0.9508927676800064" wordnetid="106832680"><header><title>aro oper system</title><id /><revision><id /><timestamp /><contributor><username>ghettoblast</username><id /></contributor></revision><categories><category>commodor amiga</category><category>free softwar oper system</category><category>oper system</category></categories></header><bdy><template><name>infobox</name><parameters><screenshot><image width="250px" src="Arosrus.jpeg" /></screenshot><supported_platforms><artifact wordnetid="100021939" confidence="0.8"><merchandise wordnetid="103748886" confidence="0.8"><commodity wordnetid="103076708" confidence="0.8"><link ns0:type="simple" ns0:href="../374/244374.xml" /></commodity></merchandise></artifact><link ns0:type="simple" ns0:href="../198/34198.xml" /><link ns0:type="simple" ns0:href="../281/24281.xml">ppc</link></supported_platforms><website /><caption>aro show cyril support</caption><latest_release_date><link ns0:type="simple" ns0:href="../777/1777.xml">april</link><link ns0:type="simple" ns0:href="../165/36165.xml" /></latest_release_date><developer>aro develop team</developer><family><link ns0:type="simple" ns0:href="../304/18933304.xml">amiga</link></family><name>aro oper system</name><source_model><link ns0:type="simple" ns0:href="../758/18938758.xml">open sourc</link></source_model><license><weblink ns0:type="simple" ns0:href="http://aros.sourceforge.net/license.html">aro public licens</weblink></license></parameters></template><image location="right" width="150px" src="AmigaOS.svg" type="thumb"><caption>aro tree</caption></image>aro oper system aro<link ns0:type="simple" ns0:href="../635/10635.xml">free softwar</link><link ns0:type="simple" ns0:href="../663/277663.xml">open sourc</link>implement<O wordnetid="106832680" confidence="0.9508927676800064"><link ns0:type="simple" ns0:href="../304/18933304.xml">amigao</link></O><link ns0:type="simple" ns0:href="../ury/24th_century.xml">api</link>design portabl flexibl<link ns0:type="simple" ns0:href="../804/214804.xml">port</link>current<link ns0:type="simple" ns0:href="../198/34198.xml" /><link ns0:type="simple" ns0:href="../281/24281.xml">powerpc</link>base<link ns0:type="simple" ns0:href="../137/18457137.xml" /><link ns0:type="simple" ns0:href="../638/581638.xml">nativ</link>host flavor architectur develop<sec><st /><p>aro amiga oper system avoid trademark issu<link ns0:type="simple" ns0:href="../980/1980.xml">amiga</link><ref ns0:type="simple" ns0:href="#xpointer(//reflist/entry[@id=%221%22])" />chang<link ns0:type="simple" ns0:href="../983/36983.xml">recurs acronym</link>aro oper system<ref ns0:type="simple" ns0:href="#xpointer(//reflist/entry[@id=%222%22])" /></p></sec><sec><st>current statu</st><p>project start<link ns0:type="simple" ns0:href="../658/34658.xml" />year featur complet implement amigao current march lack area function achiev effort small team develop</p><p>current instal<link ns0:type="simple" ns0:href="../803/49803.xml">ibm compat</link>featur nativ graphic driver video card<substance wordnetid="100019613" confidence="0.8"><paper wordnetid="114974264" confidence="0.8"><card wordnetid="102962545" confidence="0.8"><part wordnetid="113809207" confidence="0.8"><material wordnetid="114580897" confidence="0.8"><link ns0:type="simple" ns0:href="../742/148742.xml" /></material></part></card></paper></substance>rang<link ns0:type="simple" ns0:href="../120/39120.xml">nvidia</link>usb keyboard mice support aro plan<link ns0:type="simple" ns0:href="../281/24281.xml">powerpc</link>board<link ns0:type="simple" ns0:href="../152/8570152.xml" />samantha</p><p>lack applic port includ<link ns0:type="simple" ns0:href="../312/80312.xml" />emul program allow amigao applic major amigao applic written aro<link ns0:type="simple" ns0:href="../476/15476.xml">tcpip</link>network support experiment version<software wordnetid="106566077" confidence="0.9508927676800064"><link ns0:type="simple" ns0:href="../707/1179707.xml" /></software>web browser test purpos<link ns0:type="simple" ns0:href="../539/14539.xml">internet</link>applic</p><p>aro design<link ns0:type="simple" ns0:href="../164/335164.xml" />amigao binari compat sourc code will compil amigao compil aro binari compil amigao will compil famili cpu<O wordnetid="106832680" confidence="0.9508927676800064"><link ns0:type="simple" ns0:href="../521/263521.xml">morpho</link></O><link>amigao</link>aro capabl run legaci softwar directli applic compil aro plan integr amiga emul<link ns0:type="simple" ns0:href="../312/80312.xml" />directli aro amigao applic bounti morpho softwar<link ns0:type="simple" ns0:href="../281/24281.xml">powerpc</link>build aro januari object remain elus</p><p>aim aro remain legal polit spat plagu amigao implement independ hardwar central control defacto motto aro schedul rock lampoon infam claim<company wordnetid="108058098" confidence="0.9508927676800064"><link ns0:type="simple" ns0:href="../877/3193877.xml">amiga</link></company>ceo bill<link>amigao</link>schedul rock despit exist time declar lack formal deadlin tradit broken amigao clone</p></sec><sec><st>program</st><p><indent level="1">main articl<link ns0:type="simple" ns0:href="../057/8785057.xml">aro program</link></indent></p></sec><sec><st /><p><list><entry level="1" type="bullet"><weblink ns0:type="simple" ns0:href="http://en.wikibooks.org/wiki/Aros/User/Docs">aro user document</weblink></entry><entry level="1" type="bullet"><weblink ns0:type="simple" ns0:href="http://en.wikibooks.org/wiki/Aros/Developer/Docs">aro develop document</weblink></entry></list></p><p><list><entry level="1" type="bullet"><link>wander aro</link></entry><entry level="1" type="bullet"><link ns0:type="simple" ns0:href="../708/10968708.xml">zune gui toolkit</link></entry><entry level="1" type="bullet"><link ns0:type="simple" ns0:href="../937/18943937.xml">emul</link></entry><entry level="1" type="bullet"><link ns0:type="simple" ns0:href="../353/32353.xml">virtual machin</link></entry><entry level="1" type="bullet"><link ns0:type="simple" ns0:href="../804/214804.xml">port</link></entry><entry level="1" type="bullet"><link ns0:type="simple" ns0:href="../471/60471.xml">binari compat</link></entry><entry level="1" type="bullet"><link ns0:type="simple" ns0:href="../663/277663.xml">open sourc softwar</link></entry></list></p></sec><sec><st>refer</st><p><reflist><entry id="1"><weblink ns0:type="simple" ns0:href="http://amigann.com/?id=3309">amiga news network</weblink></entry><entry id="2" /></reflist></p></sec><sec><st>extern link</st><p><table style="background:#f9f9f9; font-size:85%; line-height:110%; "><row><col><image width="32x28px" src="Free_Software_Portal_Logo.svg" /></col><col style="padding:0 0.2em;">free softwar portal</col></row></table></p><p><image location="none" width="50px" src="Wikibooks-logo-en.svg"><caption>wikibook</caption></image>wikibook subject</p><p><list><entry level="1" type="bullet"><weblink ns0:type="simple" ns0:href="http://www.aros.org/">aro aro oper system</weblink></entry><entry level="1" type="bullet"><weblink ns0:type="simple" ns0:href="http://www.aros-exec.org" />discuss forum aro</entry><entry level="1" type="bullet"><weblink ns0:type="simple" ns0:href="http://www.aros.bbs.pl">aro polish team</weblink>polish translat aro</entry><entry level="1" type="bullet"><weblink ns0:type="simple" ns0:href="http://www.thenostromo.com/teamaros2/">bounti</weblink></entry><entry level="1" type="bullet"><weblink ns0:type="simple" ns0:href="http://www.aros.ppa.pl" />polish aro commun</entry><entry level="1" type="bullet"><weblink ns0:type="simple" ns0:href="http://archives.aros-exec.org">aro archiv aro softwar repositori aminet</weblink></entry><entry level="1" type="bullet"><weblink ns0:type="simple" ns0:href="http://aros.aminet.net">aro aminet</weblink></entry><entry level="1" type="bullet"><weblink ns0:type="simple" ns0:href="http://www.arosworld.org">commun</weblink></entry><entry level="1" type="bullet"><weblink ns0:type="simple" ns0:href="http://members.shaw.ca/guis/aros.html">aro bootabl screenshot</weblink></entry><entry level="1" type="bullet"><weblink ns0:type="simple" ns0:href="http://arosshow.blogspot.com">aro</weblink>news inform aro</entry></list></p><p><table style=";" class="navbox" cellspacing="0"><row><col style="padding:2px;"><table style="width:100%;background:transparent;color:inherit;;" class="nowraplinks collapsible autocollapse " cellspacing="0"><row><header colspan="2" style=";" class="navbox-title"><O wordnetid="106832680" confidence="0.9508927676800064"><link ns0:type="simple" ns0:href="../304/18933304.xml">amigao</link></O></header></row><row style="height:2px;" /><row><col style=";;" class="navbox-group"><link ns0:type="simple" ns0:href="../223/4918223.xml">compani</link></col><col style="text-align:left;border-left:2px solid #fdfdfd;width:100%;padding:0px;;;" class="navbox-list navbox-odd"><company wordnetid="108058098" confidence="0.9508927676800064"><link ns0:type="simple" ns0:href="../580/7580.xml">commodor intern</link></company>bull<company wordnetid="108058098" confidence="0.9508927676800064"><link ns0:type="simple" ns0:href="../072/713072.xml">hyperion entertain</link></company></col></row><row style="height:2px" /><row><col style=";;" class="navbox-group"><link ns0:type="simple" ns0:href="../457/7878457.xml">comput</link></col><col style="text-align:left;border-left:2px solid #fdfdfd;width:100%;padding:0px;;;" class="navbox-list navbox-even"><link ns0:type="simple" ns0:href="../980/1980.xml">amiga</link></col></row><row style="height:2px" /><row><col style=";;" class="navbox-group"><link ns0:type="simple" ns0:href="../816/29816.xml">technolog</link></col><col style="text-align:left;border-left:2px solid #fdfdfd;width:100%;padding:0px;;;" class="navbox-list navbox-odd"><link ns0:type="simple" ns0:href="../699/7494699.xml">workbench</link>bull<link ns0:type="simple" ns0:href="../139/7495139.xml">intuit</link>bull<link ns0:type="simple" ns0:href="../823/88823.xml">amigado</link>bull<link ns0:type="simple" ns0:href="../505/1858505.xml">arexx</link>bull<link ns0:type="simple" ns0:href="../001/1451001.xml" />bull<message wordnetid="106598915" confidence="0.8"><information wordnetid="106634376" confidence="0.8"><format wordnetid="106636806" confidence="0.8"><link ns0:type="simple" ns0:href="../329/78329.xml" /></format></information></message>bull<link ns0:type="simple" ns0:href="../877/4334877.xml">softwar</link>bull<link ns0:type="simple" ns0:href="../647/66647.xml">game</link>bull<link ns0:type="simple" ns0:href="../155/42155.xml">demo</link></col></row><row style="height:2px" /><row><col style=";;" class="navbox-group"><link ns0:type="simple" ns0:href="../194/22194.xml">oper system</link></col><col style="text-align:left;border-left:2px solid #fdfdfd;width:100%;padding:0px;;;" class="navbox-list navbox-even"><O wordnetid="106832680" confidence="0.9508927676800064"><link ns0:type="simple" ns0:href="../304/18933304.xml">amigao</link></O><link ns0:type="simple" ns0:href="../722/4905722.xml">version</link>bull<link ns0:type="simple" ns0:href="../614/11193614.xml">aro</link>bull<O wordnetid="106832680" confidence="0.9508927676800064"><link ns0:type="simple" ns0:href="../521/263521.xml">morpho</link></O></col></row></table></col></row></table></p></sec></bdy></O></article>