<article xmlns:ns0="http://www.w3.org/1999/xlink"><header><title>gaussian network model</title><id /><revision><id /><timestamp /><contributor><username>stag</username><id /></contributor></revision><categories><category>molecular model</category></categories></header><bdy>gaussian network model gnm thing name<link ns0:type="simple" ns0:href="../125/6125.xml">carl gauss</link>represent biolog<link ns0:type="simple" ns0:href="../231/106231.xml">macromolecul</link>elast<link ns0:type="simple" ns0:href="../617/316617.xml">spring</link>network studi understand character mechan aspect<link ns0:type="simple" ns0:href="../386/8386.xml">dynam</link>model wide rang applic small protein enzym compos singl<link ns0:type="simple" ns0:href="../725/10130725.xml">domain</link>larg macromolecular assembl<link ns0:type="simple" ns0:href="../766/25766.xml">ribosom</link>viral<link ns0:type="simple" ns0:href="../344/6344.xml" /><p>gaussian network model minimalist coarsegrain approach studi biolog molecul model protein repres node correspond alpha carbon amino acid residu dna rna structur repres three node<link ns0:type="simple" ns0:href="../505/21505.xml">nucleotid</link>model harmon approxim model interact spatial interact node amino acid nucleotid model uniform harmon spring coarsegrain represent calcul comput inexpens</p><p>molecular level biolog phenomena catalyt activ<link ns0:type="simple" ns0:href="../257/9257.xml">enzym</link>occur rang nano millisecond timescal atom simul techniqu<link ns0:type="simple" ns0:href="../608/198608.xml">molecular dynam</link>rare reach microsecond trajectori length depend size system access comput resourc normal mode analysi context gnm elast network model gener insight function behavior macromolecul model captur nativ function motion biomolecul cost atom detail infer model complementari atom detail simul techniqu</p><sec><st>gaussian network model theori</st><p><image width="400px" src="MassSpringNetwork.jpg" type="thumb"><caption>figur schemat represent node elast network gnm node connect spatial neighbor uniform spring distanc vector node arrow label rij equilibrium posit ith jth node xyz coordin system rij equilibrium distanc node instantan fluctuat vector instantan distanc vector rij dash arrow</caption></image></p><p>gaussian network model propos bahar erman<ref ns0:type="simple" ns0:href="#xpointer(//reflist/entry[@id=%221%22])" /><ref ns0:type="simple" ns0:href="#xpointer(//reflist/entry[@id=%222%22])" />model influenc work flori polym network<ref ns0:type="simple" ns0:href="#xpointer(//reflist/entry[@id=%223%22])" />work util normal mode analysi simplifi harmon potenti studi dynam protein<ref ns0:type="simple" ns0:href="#xpointer(//reflist/entry[@id=%224%22])" /><ref ns0:type="simple" ns0:href="#xpointer(//reflist/entry[@id=%225%22])" /></p><ss1><st>elast network</st><p>figur schemat view elast network studi gnm metal bead repres node gaussian network residu protein spring repres connect node network coval interact residu node equilibrium posit vector equilibrium distanc vector rij instantan fluctuat vector instantan distanc vector rij figur instantan posit vector node defin differ equilibrium posit vector instantan posit vector residu instantan fluctuat vector instantan fluctuat vector node express rij rij rij</p></ss1><ss1><st>potenti gaussian network</st><p>harmon potenti approxim potenti energi network term</p><p><indent level="1"><math>delta delta</math></indent>forc constant uniform spring element<link ns0:type="simple" ns0:href="../472/1448472.xml">kirchhoff</link>connect matrix contact defin</p><p><indent level="1"><math>leftbeginmatrix mboxif mboxif mboxif endmatrixright</math></indent>cutoff distanc spatial interact protein</p><p>express term compon</p><p><indent level="1"><math>delta delta delta</math></indent>express compon fluctuat vector equat simplifi</p><p><indent level="1"><math>delta delta delta delta delta delta</math></indent></p></ss1><ss1><st>statist mechan foundat</st><p>gnm probabl distribut fluctuat isotrop</p><p><indent level="1"><math>pdelta</math></indent>gaussian</p><p><indent level="1"><math>pdelta expleft delta delta frac tgamma gamma delta</math></indent>boltzmann constant absolut temperatur express ndimension gaussian probabl densiti function random variabl vector vector covari matrix</p><p><indent level="1"><math>sigma sigma expleft frac mut sigma</math></indent><math>sigma</math>normal distribut determin covari matrix</p><p>gaussian distribut normal distribut equilibrium posit express</p><p><indent level="1"><math>pdelta tgamma gamma expleft frac tgamma gamma delta</math></indent>normal constant partit function</p><p><indent level="1"><math>expleft frac tgamma gamma delta</math></indent><math>tgamma gamma</math>covari matrix case express formul requir invers kirchhoff matrix gnm determin kirchhoff matrix calcul invers requir<statement wordnetid="106722453" confidence="0.8"><message wordnetid="106598915" confidence="0.8"><theorem wordnetid="106752293" confidence="0.8"><proposition wordnetid="106750804" confidence="0.8"><link ns0:type="simple" ns0:href="../495/123495.xml">eigenvalu decomposit</link></proposition></theorem></message></statement>construct nonzero eigenvalu associ eigenvector express probabl distribut fluctuat gnm</p><p><indent level="1"><math>pdelta pdelta pdelta pdelta tgamma gamma expleft frac tgamma gamma delta</math></indent>mass spring system normal constant preced express gnm partit function</p><p><indent level="1"><math>tgamma gamma</math></indent></p></ss1><ss1><st>expect valu fluctuat correl</st><p>base statist mechan foundat gnm expect valu residu fluctuat correl calcul covari matrix</p><p><indent level="1"><math>ltdelta cdot delta int delta cdot delta pdelta</math></indent></p><p><indent level="1"><math>ltdelta cdot delta ltdelta cdot delta ltdelta cdot delta frac ltdelta cdot delta</math></indent></p><p /><p><indent level="1"><math>ltdelta</math></indent><math>ltdelta cdot delta</math></p></ss1><ss1><st>mode decomposit</st><p>gnm normal mode diagon kirchhoff matrix unitari matrix eigenvector diagon matrix eigenvalu frequenc shape mode repres eigenvalu eigenvector kirchhoff matrix posit semidefinit eigenvalu correspond eigenvector element equal network model translat invari</p><p>crosscorrel residu fluctuat written sum nonzero mode</p><p><indent level="1"><math>ltdelta cdot delta frac</math></indent>contribut individu mode express</p><p><indent level="1"><math>delta cdot delta frac</math></indent>uki ith element</p></ss1><ss1><st>influenc local pack densiti</st><p>definit diagon element kirchhoff matrix equal degre node gnm repres correspond residu coordin number number measur local pack densiti residu influenc local pack densiti assess seri expans matrix written sum matric diagon element element</p><p><indent level="1">dod</indent>express local pack densiti contribut expect fluctuat residu<ref ns0:type="simple" ns0:href="#xpointer(//reflist/entry[@id=%226%22])" />term follow invers diagon matrix contribut posit correl expect fluctuat</p></ss1></sec><sec><st>gnm applic</st><p><image width="400px" src="EQFluct.jpg" type="thumb"><caption>figur exampl theoret predict expect residu fluctuat catalyt domain protein cdcb cell divis cycl phosphatas comparison factor xray structur yellow theoret calcul red structur catalyt domain cdcb color theoret motil region light blue region topmost catalyt site protein expect mobil rest domain crosscorrel map normal valu region correspond collect residu motion region correspond uncorrel motion retriev server pdb cdcb</caption></image></p><ss1><st>equilibrium fluctuat</st><p>equilibrium fluctuat biolog molecul experiment measur<technique wordnetid="105665146" confidence="0.8"><know-how wordnetid="105616786" confidence="0.8"><method wordnetid="105660268" confidence="0.8"><link ns0:type="simple" ns0:href="../151/34151.xml">xray crystallographi</link></method></know-how></technique>factor temperatur factor atom measur fluctuat nativ structur nmr experi measur calcul differ model applic public includ origin articl expect residu fluctuat gnm good agreement experiment measur nativ fluctuat<ref ns0:type="simple" ns0:href="#xpointer(//reflist/entry[@id=%227%22])" /><ref ns0:type="simple" ns0:href="#xpointer(//reflist/entry[@id=%228%22])" />relat factor exampl expect residu fluctuat gnm</p><p><indent level="1"><math>fracpi delta cdot delta fracpi</math></indent>figur exampl gnm calcul catalyt domain protein cdcb<link ns0:type="simple" ns0:href="../252/7252.xml">cell divis cycl</link>phosphatas<image width="400px" src="SlowestMode.jpg" type="thumb"><caption>figur slow mode gnm calcul depict cdcb catalyt domain plot slowest mode map amplitud motion slowest mode protein structur nearbi catalyt site domain mobil region protein slowest mode expect valu fluctuat highest region figur retriev server pdb cdcb</caption></image></p></ss1><ss1><st>physic mean slow fast mode</st><p>diagon kirchhoff matrix decompos normal mode collect motion gaussian network model biomolecul expect valu fluctuat crosscorrel linear combin fluctuat normal mode contribut mode scale invers mode frequenc slow low frequenc mode contribut expect fluctuat slowest mode motion collect global relev function biomolecul fast high frequenc mode hand describ uncorrel motion induc notabl chang structur</p></ss1><ss1><st>specif applic</st><p>major area gaussian network model elast network model appli<ref ns0:type="simple" ns0:href="#xpointer(//reflist/entry[@id=%229%22])" />includ<list><entry level="1" type="bullet">decomposit region domain protein<ref ns0:type="simple" ns0:href="#xpointer(//reflist/entry[@id=%2210%22])" /><ref ns0:type="simple" ns0:href="#xpointer(//reflist/entry[@id=%2211%22])" /></entry><entry level="1" type="bullet">character function motion function protein enzym larg macromolecular assembl<ref ns0:type="simple" ns0:href="#xpointer(//reflist/entry[@id=%2212%22])" /><ref ns0:type="simple" ns0:href="#xpointer(//reflist/entry[@id=%2213%22])" /><ref ns0:type="simple" ns0:href="#xpointer(//reflist/entry[@id=%2214%22])" /><ref ns0:type="simple" ns0:href="#xpointer(//reflist/entry[@id=%2215%22])" /><ref ns0:type="simple" ns0:href="#xpointer(//reflist/entry[@id=%2216%22])" /><ref ns0:type="simple" ns0:href="#xpointer(//reflist/entry[@id=%2217%22])" /><ref ns0:type="simple" ns0:href="#xpointer(//reflist/entry[@id=%2218%22])" /><ref ns0:type="simple" ns0:href="#xpointer(//reflist/entry[@id=%2219%22])" /><ref ns0:type="simple" ns0:href="#xpointer(//reflist/entry[@id=%2220%22])" /></entry><entry level="1" type="bullet">refin dynam lowresolut structur data<link ns0:type="simple" ns0:href="../991/2235991.xml">microscopi</link><ref ns0:type="simple" ns0:href="#xpointer(//reflist/entry[@id=%2221%22])" /><ref ns0:type="simple" ns0:href="#xpointer(//reflist/entry[@id=%2222%22])" /><ref ns0:type="simple" ns0:href="#xpointer(//reflist/entry[@id=%2223%22])" /><ref ns0:type="simple" ns0:href="#xpointer(//reflist/entry[@id=%2224%22])" /></entry><entry level="1" type="bullet">integr atomist model simul<ref ns0:type="simple" ns0:href="#xpointer(//reflist/entry[@id=%2225%22])" /><ref ns0:type="simple" ns0:href="#xpointer(//reflist/entry[@id=%2226%22])" /></entry><entry level="1" type="bullet">investig pathway kinet<ref ns0:type="simple" ns0:href="#xpointer(//reflist/entry[@id=%2227%22])" /><ref ns0:type="simple" ns0:href="#xpointer(//reflist/entry[@id=%2228%22])" /></entry></list></p></ss1></sec><sec><st>web server</st><ss1><st>gnm server</st><p><list><entry level="1" type="bullet">databas protein function motion base gnm</entry><entry level="1" type="bullet">onlin calcul structur dynam gnm</entry><entry level="1" type="bullet">gnm server</entry></list></p></ss1><ss1><st>server</st><p><list><entry level="1" type="bullet">anisotrop network model web server<ref ns0:type="simple" ns0:href="#xpointer(//reflist/entry[@id=%2229%22])" /></entry><entry level="1" type="bullet">server</entry></list></p></ss1><ss1><st>server</st><p><list><entry level="1" type="bullet">elast network model</entry><entry level="1" type="bullet">analysi dynam elast network model</entry></list></p></ss1><ss1><st>relev server</st><p><list><entry level="1" type="bullet">databas normal mode analysi protein</entry><entry level="1" type="bullet">algorithm protein hing predict elast network model</entry></list><list><entry level="1" type="bullet"><link />databas macromolecular motion</entry><entry level="1" type="bullet"><link ns0:type="simple" ns0:href="../505/102505.xml">protein data bank</link>pdb</entry></list></p></ss1></sec><sec><st /><p><list><entry level="1" type="bullet"><link ns0:type="simple" ns0:href="../462/21462.xml">gaussian distribut</link></entry><entry level="1" type="bullet"><statement wordnetid="106722453" confidence="0.8"><message wordnetid="106598915" confidence="0.8"><equation wordnetid="106669864" confidence="0.8"><event wordnetid="100029378" confidence="0.8"><change wordnetid="100191142" confidence="0.8"><action wordnetid="100037396" confidence="0.8"><vibration wordnetid="100345926" confidence="0.8"><motion wordnetid="100331950" confidence="0.8"><act wordnetid="100030358" confidence="0.8"><psychological_feature wordnetid="100023100" confidence="0.8"><mathematical_statement wordnetid="106732169" confidence="0.8"><link ns0:type="simple" ns0:href="../899/13899.xml">harmon oscil</link></mathematical_statement></psychological_feature></act></motion></vibration></action></change></event></equation></message></statement></entry><entry level="1" type="bullet"><link ns0:type="simple" ns0:href="../553/229553.xml">hook law</link></entry><entry level="1" type="bullet"><link ns0:type="simple" ns0:href="../608/198608.xml">molecular dynam</link></entry><entry level="1" type="bullet"><statement wordnetid="106722453" confidence="0.8"><message wordnetid="106598915" confidence="0.8"><equation wordnetid="106669864" confidence="0.8"><mathematical_statement wordnetid="106732169" confidence="0.8"><link ns0:type="simple" ns0:href="../195/478195.xml">normal mode</link></mathematical_statement></equation></message></statement></entry><entry level="1" type="bullet"><link ns0:type="simple" ns0:href="../340/76340.xml">princip compon analysi</link></entry><entry level="1" type="bullet"><link ns0:type="simple" ns0:href="../862/7623862.xml">rubber elast</link></entry><entry level="1" type="bullet"><link ns0:type="simple" ns0:href="../481/28481.xml">statist mechan</link></entry></list></p></sec><sec><st>refer</st><ss1><st>primari sourc</st><p><list><entry level="1" type="bullet">direct evalu thermal fluctuat protein singl paramet harmon potenti bahar erman fold design</entry><entry level="1" type="bullet">gaussian dynam fold protein bahar erman phi rev lett</entry><entry level="1" type="bullet">cui bahar normal mode analysi theori applic biolog chemic system chapman hallcrc london</entry></list></p></ss1><ss1><st>specif citat</st><p><reflist><entry id="1">direct evalu thermal fluctuat protein singl paramet harmon potenti bahar erman fold design</entry><entry id="2">gaussian dynam fold protein bahar erman phi rev lett</entry><entry id="3">flori statist thermodynam random network proc roy soc lond</entry><entry id="4">nishikawa dynam small globular protein term lowfrequ vibrat mode proc natl acad sci usa</entry><entry id="5">larg amplitud elast motion protein atom analysi phi rev lett</entry><entry id="6">hall flexibl pack protein proc natl acad sci usa</entry><entry id="7">correl nativ hydrogen exchang cooper residu fluctuat simpl model bahar biochemistri</entry><entry id="8">vibrat dynam protein signific slow fast mode relat function stabil bahar erman phi rev lett</entry><entry id="9">rader yang bahar elast network model understand biomolecular machineri enzym assembl phi pmid</entry><entry id="10">identif core amino acid stabil rhodopsin rader anderson isin bahar proc natl acad sci usa</entry><entry id="11">automat domain decomposit protein gaussian network model sorensen phillip protein</entry><entry id="12">relat molecular flexibl function case studi tubulin biophi</entry><entry id="13">inhibitor bind alter direct domain motion hiv revers bahar protein structur function genet</entry><entry id="14">tobi bahar chang protein structur comput simpl mechan model hemoglobin transit mol</entry><entry id="15">structur chang involv protein bind correl intrins motion protein unbound dror tobi bahar proc natl acad sci usa</entry><entry id="17">yang bahar coupl catalyt site collect dynam requir activ enzym structur pmid</entry><entry id="16">common mechan pore open share potassium channel indira bahar biophi</entry><entry id="19">global ribosom motion reveal elast network model wang rader bahar struct</entry><entry id="18">markov method hierarch coarsegrain larg protein dynam chakra bahar lectur note comput scienc</entry><entry id="21">ming describ protein motion amino acid sequenc atom coordin proc natl acad sci usa</entry><entry id="20">matur dynam bacteriophag rader daniel bahar structur</entry><entry id="23">duma lowfrequ normal mode enforc collect movement refin macromolecular structur model proc natl acad sci usa</entry><entry id="22">tama brook iii explor global distort biolog macromolecul assembl lowresolut structur inform elast network theori mol</entry><entry id="25">zhang shi liu molecular dynam simul peptid protein amplifi collect motion</entry><entry id="24">accur effici descript protein vibrat dynam compar molecular dynam gaussian model protein</entry><entry id="27">crucial stage protein fold solvabl model predict target site drug prot sci</entry><entry id="26">elast properti protein insight fold process evolutionari select nativ structur mol</entry><entry id="29">anisotropi fluctuat dynam protein elast network model bahar biophi</entry><entry id="28">portman takada microscop theori protein fold rate fine structur free energi profil fold rout variat approach chem phi</entry></reflist></p></ss1></sec></bdy></article>