<?xml version="1.0" encoding="UTF-8"?>
<!-- generated by CLiX/Wiki2XML [MPI-Inf, MMCI@UdS] $LastChangedRevision: 92 $ on 16.04.2009 17:58:33[mciao0825] -->
<!DOCTYPE article SYSTEM "../article.dtd">
<article xmlns:xlink="http://www.w3.org/1999/xlink">
<engine  confidence="0.9511911446218017" wordnetid="103287733">
<entity  confidence="0.9511911446218017" wordnetid="100001740">
<header>
<title>List of academic databases and search engines</title>
<id>1005923</id>
<revision>
<id>234140684</id>
<timestamp>2008-08-25T14:28:37Z</timestamp>
<contributor>
<username>Finn-Zoltan</username>
<id>48904</id>
</contributor>
</revision>
<categories>
<category>Internet search engines</category>
<category>Library and information science</category>
<category>Databases</category>
<category>Academic publishing</category>
<category>Internet-related lists</category>
</categories>
</header>
<bdy>

This page contains a partial list of representative major databases and search engines useful in an academic setting for finding and accessing articles in <link xlink:type="simple" xlink:href="../572/324572.xml">
academic journal</link>s, or  in <link xlink:type="simple" xlink:href="../483/663483.xml">
repositories</link>, archives, or other collections of <link xlink:type="simple" xlink:href="../316/37316.xml">
scientific</link> and <link xlink:type="simple" xlink:href="../572/324572.xml">
other</link> articles.
As the distinction between a <link xlink:type="simple" xlink:href="../377/8377.xml">
database</link> and a <link xlink:type="simple" xlink:href="../023/4059023.xml">
search engine</link> is unclear for these complex <link xlink:type="simple" xlink:href="../640/731640.xml">
document retrieval system</link>s, see:
<list>
<entry level="1" type="bullet">

 the general <link xlink:type="simple" xlink:href="../700/429700.xml">
list of search engines</link> for all-purpose search engines that can be used for academic purposes</entry>
<entry level="1" type="bullet">

 <link xlink:type="simple" xlink:href="../929/4629929.xml">
bibliographic database</link>s for information about databases giving bibliographic information about finding books and journal articles.</entry>
</list>

<p>

Note that "free" or "subscription" can refer  both to the availability of the 
database or of  the journal articles included. This has been indicated as precisely as possible in the lists below. </p>

<sec>
<st>
General</st>
<p>

<list>
<entry level="1" type="bullet">

<artifact wordnetid="100021939" confidence="0.8">
<instrumentality wordnetid="103575240" confidence="0.8">
<engine wordnetid="103287733" confidence="0.8">
<motor wordnetid="103789946" confidence="0.8">
<device wordnetid="103183080" confidence="0.8">
<machine wordnetid="103699975" confidence="0.8">
<link xlink:type="simple" xlink:href="../805/11253805.xml">
BASE</link></machine>
</device>
</motor>
</engine>
</instrumentality>
</artifact>
 <weblink xlink:type="simple" xlink:href="http://www.base-search.net/">
http://www.base-search.net/</weblink> (free index to academic content, mainly free)</entry>
<entry level="1" type="bullet">

<company wordnetid="108058098" confidence="0.8">
<institution wordnetid="108053576" confidence="0.8">
<link xlink:type="simple" xlink:href="../223/8626223.xml">
Cambridge Scientific Abstracts</link></institution>
</company>
 <weblink xlink:type="simple" xlink:href="http://www.csa.com/">
http://www.csa.com/</weblink> (subscription-based database aggregator)</entry>
<entry level="1" type="bullet">

<link>
EBSCO</link> (subscription index to subscription articles in a variety of fields)</entry>
<entry level="1" type="bullet">

<work wordnetid="100575741" confidence="0.8">
<event wordnetid="100029378" confidence="0.8">
<service wordnetid="100577525" confidence="0.8">
<act wordnetid="100030358" confidence="0.8">
<psychological_feature wordnetid="100023100" confidence="0.8">
<activity wordnetid="100407535" confidence="0.8">
<link xlink:type="simple" xlink:href="../204/1520204.xml">
Google Scholar</link></activity>
</psychological_feature>
</act>
</service>
</event>
</work>
 (free index to mostly subscription articles)</entry>
<entry level="1" type="bullet">

<artifact wordnetid="100021939" confidence="0.8">
<instrumentality wordnetid="103575240" confidence="0.8">
<engine wordnetid="103287733" confidence="0.8">
<motor wordnetid="103789946" confidence="0.8">
<device wordnetid="103183080" confidence="0.8">
<machine wordnetid="103699975" confidence="0.8">
<link xlink:type="simple" xlink:href="../008/8283008.xml">
GoPubMed</link></machine>
</device>
</motor>
</engine>
</instrumentality>
</artifact>
 <weblink xlink:type="simple" xlink:href="http://www.GoPubMed.org">
http://www.GoPubMed.org</weblink> (It is a knowledge-based search engine for biomedical texts with social networking)</entry>
<entry level="1" type="bullet">

<software wordnetid="106566077" confidence="0.9508927676800064">
<link xlink:type="simple" xlink:href="../506/5032506.xml">
Live Search Academic</link></software>
 (Closed by Microsoft as of May 23, 2008, results integrated into regular Search)</entry>
<entry level="1" type="bullet">

<link xlink:type="simple" xlink:href="../951/7145951.xml">
Ovid Technologies</link> (subscription-based collections and indexes)</entry>
<entry level="1" type="bullet">

<firm wordnetid="108059870" confidence="0.8">
<company wordnetid="108058098" confidence="0.8">
<enterprise wordnetid="108056231" confidence="0.8">
<business wordnetid="108061042" confidence="0.8">
<publisher wordnetid="108062623" confidence="0.8">
<institution wordnetid="108053576" confidence="0.8">
<link xlink:type="simple" xlink:href="../672/218672.xml">
ProQuest</link></institution>
</publisher>
</business>
</enterprise>
</company>
</firm>
 (subscription index to subscription articles)</entry>
<entry level="1" type="bullet">

<link>
Sens Public</link> <weblink xlink:type="simple" xlink:href="http://www.sens-public.org/">
http://www.sens-public.org/</weblink> (databases, journals, other web content in social sciences, art and philosophy (several languages))</entry>
<entry level="1" type="bullet">

<link xlink:type="simple" xlink:href="../100/2875100.xml">
Scirus</link> (free index to academic web content)</entry>
<entry level="1" type="bullet">

<link xlink:type="simple" xlink:href="../311/582311.xml">
Scopus</link> (subscription-based index to journal articles, web content, patents, etc.)</entry>
<entry level="1" type="bullet">

<link>
Thomson Scientific WebPlus</link> <weblink xlink:type="simple" xlink:href="http://isiwebofknowledge.com/currentuser_wokhome/cu_productspecs/tswebplus/">
http://isiwebofknowledge.com/currentuser_wokhome/cu_productspecs/tswebplus/</weblink></entry>
<entry level="1" type="bullet">

<link xlink:type="simple" xlink:href="../429/13227429.xml">
Web of Science</link> (subscription-based database aggregator)</entry>
<entry level="1" type="bullet">

<link>
PubFocus</link> performs statistical analysis of the MEDLINE/PubMed search queries enriched with the additional information gathered from journal rank database and forward referencing database.</entry>
</list>
</p>

</sec>
<sec>
<st>
Publisher or platform-specific</st>
<p>

(including groups of specific publishers)</p>
<p>

<list>
<entry level="1" type="bullet">

<link xlink:type="simple" xlink:href="../622/14497622.xml">
AJOL</link> <weblink xlink:type="simple" xlink:href="http://www.ajol.info">
http://www.ajol.info</weblink> (free database of abstracts from peer-reviewed African-published scholarly journals and progressively charged access to full text)</entry>
<entry level="1" type="bullet">

<link>
Atypon Link</link> <weblink xlink:type="simple" xlink:href="http://www.atypon-link.com">
http://www.atypon-link.com</weblink> (Platform for various publishers: subscription-based collection)</entry>
<entry level="1" type="bullet">

<link xlink:type="simple" xlink:href="../268/4694268.xml">
Blackwell Synergy</link> <weblink xlink:type="simple" xlink:href="http://www.blackwell-synergy.com">
http://www.blackwell-synergy.com</weblink> (subscription-based collection)</entry>
<entry level="1" type="bullet">

<link xlink:type="simple" xlink:href="../744/5542744.xml">
HighWire</link> (Platform for various publishers: subscription-based and free collection)</entry>
<entry level="1" type="bullet">

<link xlink:type="simple" xlink:href="../201/5937201.xml">
IngentaConnect</link> <weblink xlink:type="simple" xlink:href="http://www.ingentaconnect.com/">
http://www.ingentaconnect.com/</weblink> (Platform for various publishers: subscription-based collection)</entry>
<entry level="1" type="bullet">

<web_site wordnetid="106359193" confidence="0.9508927676800064">
<link xlink:type="simple" xlink:href="../262/216262.xml">
JSTOR</link></web_site>
 (Backfiles of many major journals; subscription-based collection)</entry>
<entry level="1" type="bullet">

<link xlink:type="simple" xlink:href="../557/4425557.xml">
MetaPress</link> <weblink xlink:type="simple" xlink:href="http://www.metapress.com">
http://www.metapress.com</weblink> (Platform for various publishers: subscription-based and free collection)</entry>
<entry level="1" type="bullet">

<web_site wordnetid="106359193" confidence="0.9508927676800064">
<link xlink:type="simple" xlink:href="../517/18233517.xml">
Scitopia</link></web_site>
 (Free federated vertical search from society Publishers: subscription-based and free collection)</entry>
<entry level="1" type="bullet">

<link xlink:type="simple" xlink:href="../949/1418949.xml">
SpringerLink</link> <weblink xlink:type="simple" xlink:href="http://www.springerlink.com">
http://www.springerlink.com</weblink> (subscription-based and free collection)</entry>
<entry level="1" type="bullet">

<structure wordnetid="104341686" confidence="0.8">
<artifact wordnetid="100021939" confidence="0.8">
<area wordnetid="102735688" confidence="0.8">
<library wordnetid="103660909" confidence="0.8">
<room wordnetid="104105893" confidence="0.8">
<link xlink:type="simple" xlink:href="../381/2123381.xml">
ScienceDirect</link></room>
</library>
</area>
</artifact>
</structure>
 (index to subscription articles, mainly from <company wordnetid="108058098" confidence="0.9508927676800064">
<link xlink:type="simple" xlink:href="../561/420561.xml">
Elsevier</link></company>
; subscription based)</entry>
<entry level="1" type="bullet">

<link>
Scitation</link> (<link>
American Insitute of Physics</link>)</entry>
</list>
</p>

</sec>
<sec>
<st>
Non-English language</st>
<p>

<list>
<entry level="1" type="bullet">

Chinese databases:</entry>
<entry level="2" type="bullet">

<company wordnetid="108058098" confidence="0.9508927676800064">
<link xlink:type="simple" xlink:href="../072/17856072.xml">
Airiti Inc</link></company>
 <weblink xlink:type="simple" xlink:href="http://www.airiti.com">
http://www.airiti.com</weblink> (Platform for various publishers: subscription-based collection)</entry>
<entry level="2" type="bullet">

CEPS (<link>
Chinese Electronic Periodical Services</link>) <weblink xlink:type="simple" xlink:href="http://www.ceps.com.tw">
CEPS in Chinese</weblink> <weblink xlink:type="simple" xlink:href="http://www.airiti.com/ceps/ec_en/">
CEPS in English</weblink>- Covers Chinese Publishers and journals</entry>
<entry level="2" type="bullet">

TEPS (<link>
Taiwan Electronic Periodical Services</link>) <weblink xlink:type="simple" xlink:href="http://www.taiwanclassic.com/teps/ec/">
TEPS in Chinese</weblink> <weblink xlink:type="simple" xlink:href="http://www.taiwanclassic.com/teps/ec_en/">
TEPS in English</weblink> - Covers Taiwan Publishers and journals</entry>
<entry level="1" type="bullet">

Japanese databases:</entry>
<entry level="2" type="bullet">

CiNii (Japanese National Scholarly and Academic Information Navigator) <weblink xlink:type="simple" xlink:href="http://ci.nii.ac.jp">
CiNii in Japanese</weblink> <weblink xlink:type="simple" xlink:href="http://ci.nii.ac.jp/en">
CiNii in English</weblink> </entry>
<entry level="2" type="bullet">

J-Stage (Japan Science and Technology Information Aggregator, Electronic) <weblink xlink:type="simple" xlink:href="http://www.jstage.jst.go.jp/browse/-char/ja">
Jstage in Japanese</weblink> <weblink xlink:type="simple" xlink:href="http://www.jstage.jst.go.jp/browse/">
Jstage in English</weblink> </entry>
<entry level="2" type="bullet">

<link xlink:type="simple" xlink:href="../750/3087750.xml">
NDL</link> (Japanese National Diet Library Collection) <weblink xlink:type="simple" xlink:href="http://opac.ndl.go.jp/index.html">
NDL in Japanese</weblink> <weblink xlink:type="simple" xlink:href="http://opac.ndl.go.jp/index_e.html">
NDL in English</weblink> - mainly covers the best-known Japanese publishers and journals</entry>
<entry level="2" type="bullet">

<structure wordnetid="104341686" confidence="0.8">
<artifact wordnetid="100021939" confidence="0.8">
<area wordnetid="102735688" confidence="0.8">
<library wordnetid="103660909" confidence="0.8">
<room wordnetid="104105893" confidence="0.8">
<link xlink:type="simple" xlink:href="../853/2909853.xml">
Zasshi Kiji Sakuin</link></room>
</library>
</area>
</artifact>
</structure>
 (Japanese Periodicals Index)</entry>
</list>
</p>

</sec>
<sec>
<st>
Open access journals</st>
<p>

<list>
<entry level="1" type="bullet">

<work wordnetid="104599396" confidence="0.8">
<product wordnetid="104007894" confidence="0.8">
<creation wordnetid="103129123" confidence="0.8">
<artifact wordnetid="100021939" confidence="0.8">
<periodical wordnetid="106593296" confidence="0.8">
<publication wordnetid="106589574" confidence="0.8">
<link xlink:type="simple" xlink:href="../822/2241822.xml">
Directory of Open Access Journals</link></publication>
</periodical>
</artifact>
</creation>
</product>
</work>
 (free collection and index)</entry>
<entry level="1" type="bullet">

<link>
LivRe!</link> <weblink xlink:type="simple" xlink:href="http://livre.cnen.gov.br">
http://livre.cnen.gov.br</weblink> (free list of journals)</entry>
<entry level="1" type="bullet">

<work wordnetid="104599396" confidence="0.8">
<product wordnetid="104007894" confidence="0.8">
<creation wordnetid="103129123" confidence="0.8">
<artifact wordnetid="100021939" confidence="0.8">
<periodical wordnetid="106593296" confidence="0.8">
<publication wordnetid="106589574" confidence="0.8">
<link xlink:type="simple" xlink:href="../153/7132153.xml">
Open J-Gate</link></publication>
</periodical>
</artifact>
</creation>
</product>
</work>
 (free collection of articles)</entry>
</list>
</p>

</sec>
<sec>
<st>
Specific subjects</st>

<ss1>
<st>
Agriculture</st>
<p>

<list>
<entry level="1" type="bullet">

<link>
CAB Direct</link> <weblink xlink:type="simple" xlink:href="http://www.cabdirect.org/">
http://www.cabdirect.org/</weblink> (platform hosting <link>
CAB Abstracts</link> and Global Health, subscription-based databases for agriculture and environment), produced by <link xlink:type="simple" xlink:href="../465/11763465.xml">
CABI</link>.</entry>
</list>
</p>

</ss1>
<ss1>
<st>
Technology</st>

<p>

<list>
<entry level="1" type="bullet">

<organization wordnetid="108008335" confidence="0.9508927676800064">
<link xlink:type="simple" xlink:href="../ury/30th_century.xml">
ACM</link></organization>
 (Computer science and engineering) <weblink xlink:type="simple" xlink:href="http://portal.acm.org/">
http://portal.acm.org/</weblink></entry>
<entry level="1" type="bullet">

<link xlink:type="simple" xlink:href="../938/56938.xml">
IEEE</link> <link>
IEEE Xplore</link> (electrical engineering, computer science, and electronics) <weblink xlink:type="simple" xlink:href="http://ieeexplore.ieee.org">
http://ieeexplore.ieee.org</weblink></entry>
<entry level="1" type="bullet">

<link xlink:type="simple" xlink:href="../187/1963187.xml">
IET</link> <link xlink:type="simple" xlink:href="../034/10591034.xml">
Inspec</link> (physics, electrical engineering, electronics, communications, control engineering, computers, computing, information technology, manufacturing, production and mechanical engineering) <weblink xlink:type="simple" xlink:href="http://www.iee.org/publish/inspec/">
http://www.iee.org/publish/inspec/</weblink></entry>
<entry level="1" type="bullet">

 NSSN <link>
Search Engine for Standards</link> - international standards search engine from the American National Standards Institute<weblink xlink:type="simple" xlink:href="http://www.nssn.org">
http://www.nssn.org</weblink></entry>
<entry level="1" type="bullet">

 U.S. <link xlink:type="simple" xlink:href="../815/62815.xml">
DOE</link> - Energy Citation Database <weblink xlink:type="simple" xlink:href="http://www.osti.gov/energycitations/index.jsp">
http://www.osti.gov/energycitations/index.jsp</weblink></entry>
</list>
</p>

</ss1>
<ss1>
<st>
Natural sciences, mathematics and computer science</st>
<p>

<list>
<entry level="1" type="bullet">

 ADS (<structure wordnetid="104341686" confidence="0.8">
<artifact wordnetid="100021939" confidence="0.8">
<area wordnetid="102735688" confidence="0.8">
<library wordnetid="103660909" confidence="0.8">
<room wordnetid="104105893" confidence="0.8">
<link xlink:type="simple" xlink:href="../527/486527.xml">
Astrophysics Data System</link></room>
</library>
</area>
</artifact>
</structure>
) (free index to <link xlink:type="simple" xlink:href="../897/361897.xml">
astrophysics</link>, <link xlink:type="simple" xlink:href="../962/54962.xml">
geophysics</link> and <link xlink:type="simple" xlink:href="../939/22939.xml">
physics</link> journals and conference proceedings)</entry>
<entry level="1" type="bullet">

<link xlink:type="simple" xlink:href="../751/38751.xml">
arXiv</link> (free index to free articles, but it also indexes subscription journals and conferences)</entry>
<entry level="1" type="bullet">

<artifact wordnetid="100021939" confidence="0.8">
<instrumentality wordnetid="103575240" confidence="0.8">
<facility wordnetid="103315023" confidence="0.8">
<engine wordnetid="103287733" confidence="0.8">
<motor wordnetid="103789946" confidence="0.8">
<device wordnetid="103183080" confidence="0.8">
<depository wordnetid="103177349" confidence="0.8">
<archive wordnetid="102735086" confidence="0.8">
<machine wordnetid="103699975" confidence="0.8">
<link xlink:type="simple" xlink:href="../678/16380678.xml">
ChemXSeer</link></machine>
</archive>
</depository>
</device>
</motor>
</engine>
</facility>
</instrumentality>
</artifact>
 (free index of chemistry documents that links to publishers)</entry>
<entry level="1" type="bullet">

<artifact wordnetid="100021939" confidence="0.8">
<instrumentality wordnetid="103575240" confidence="0.8">
<engine wordnetid="103287733" confidence="0.8">
<motor wordnetid="103789946" confidence="0.8">
<device wordnetid="103183080" confidence="0.8">
<machine wordnetid="103699975" confidence="0.8">
<link xlink:type="simple" xlink:href="../933/17062933.xml">
CiteSeerX</link></machine>
</device>
</motor>
</engine>
</instrumentality>
</artifact>
 (free index to free and subscription-based articles with a focus on computer and information science)</entry>
<entry level="1" type="bullet">

<link xlink:type="simple" xlink:href="../910/13958910.xml">
Current Index to Statistics</link><weblink xlink:type="simple" xlink:href="http://www.statindex.org">
http://www.statindex.org</weblink></entry>
<entry level="1" type="bullet">

<link xlink:type="simple" xlink:href="../537/11461537.xml">
Libra (Academic Search)</link><weblink xlink:type="simple" xlink:href="http://libra.msra.cn">
http://libra.msra.cn</weblink> (object level search engine, more reasonable ranking)</entry>
<entry level="1" type="bullet">

<link xlink:type="simple" xlink:href="../646/1485646.xml">
MathSciNet</link> (a nearly complete index of mathematical journals maintained by the <organization wordnetid="108008335" confidence="0.9508927676800064">
<link xlink:type="simple" xlink:href="../822/198822.xml">
American Mathematical Society</link></organization>
)</entry>
<entry level="1" type="bullet">

<link xlink:type="simple" xlink:href="../960/15981960.xml">
Science-advisor.net</link> (free search engine and online forum, mainly physics, free alerts)</entry>
<entry level="1" type="bullet">

<link xlink:type="simple" xlink:href="../784/3781784.xml">
SPIRES</link> (free index to all the literature of particle physics - most articles are free via </entry>
<entry level="1" type="bullet">

<substance wordnetid="100019613" confidence="0.8">
<paper wordnetid="114974264" confidence="0.8">
<part wordnetid="113809207" confidence="0.8">
<material wordnetid="114580897" confidence="0.8">
<link xlink:type="simple" xlink:href="../050/3300050.xml">
The Collection of Computer Science Bibliographies</link></material>
</part>
</paper>
</substance>
 (free)</entry>
<entry level="1" type="bullet">

<link xlink:type="simple" xlink:href="../791/6853791.xml">
ISI Web of Knowledge</link>, scientific journal publications search engine (subscription required)</entry>
<entry level="1" type="bullet">

<link xlink:type="simple" xlink:href="../429/13227429.xml">
Web of Science</link>, scientific journal publications search engine (subscription required)</entry>
</list>
</p>

</ss1>
<ss1>
<st>
Social sciences</st>

<p>

<list>
<entry level="1" type="bullet">

<link xlink:type="simple" xlink:href="../708/2205708.xml">
ATLA</link> The ATLA Religion Database is a subscription database in religion. It is updated quarterly by the American Theological Library Association. </entry>
<entry level="1" type="bullet">

<link xlink:type="simple" xlink:href="../099/1958099.xml">
ERIC</link> (Educational Resource Information Center) (free index to subscription articles on education)</entry>
<entry level="1" type="bullet">

LISA (Library and Information Science Abstracts)</entry>
<entry level="1" type="bullet">

<link xlink:type="simple" xlink:href="../777/897777.xml">
NBER</link> (free index to subscription articles in economics)</entry>
<entry level="1" type="bullet">

<link xlink:type="simple" xlink:href="../308/4510308.xml">
RePEc</link> (free index to partly free articles in economics)</entry>
<entry level="1" type="bullet">

<link xlink:type="simple" xlink:href="../991/1393991.xml">
SSRN</link> (free index to mostly free articles in the social sciences)</entry>
<entry level="1" type="bullet">

<link>
SSRRN</link> (free index to mostly free datasets and statistical codes in the social sciences)</entry>
</list>
</p>

</ss1>
<ss1>
<st>
Medicine</st>

<p>

<list>
<entry level="1" type="bullet">

<link xlink:type="simple" xlink:href="../274/11038274.xml">
EMBASE</link> (Biomedical and pharmacological database)</entry>
<entry level="1" type="bullet">

<artifact wordnetid="100021939" confidence="0.8">
<instrumentality wordnetid="103575240" confidence="0.8">
<engine wordnetid="103287733" confidence="0.8">
<motor wordnetid="103789946" confidence="0.8">
<device wordnetid="103183080" confidence="0.8">
<machine wordnetid="103699975" confidence="0.8">
<link xlink:type="simple" xlink:href="../770/3302770.xml">
HubMed</link></machine>
</device>
</motor>
</engine>
</instrumentality>
</artifact>
 (free alternative interface to PubMed)</entry>
<entry level="1" type="bullet">

<computer wordnetid="103082979" confidence="0.8">
<artifact wordnetid="100021939" confidence="0.8">
<instrumentality wordnetid="103575240" confidence="0.8">
<engine wordnetid="103287733" confidence="0.8">
<motor wordnetid="103789946" confidence="0.8">
<device wordnetid="103183080" confidence="0.8">
<machine wordnetid="103699975" confidence="0.8">
<web_site wordnetid="106359193" confidence="0.8">
<link xlink:type="simple" xlink:href="../009/503009.xml">
PubMed</link></web_site>
</machine>
</device>
</motor>
</engine>
</instrumentality>
</artifact>
</computer>
 (free index to free and subscription articles</entry>
</list>
</p>

</ss1>
</sec>
</bdy>
</entity>
</engine>
</article>
