<?xml version="1.0" encoding="UTF-8"?>
<!-- generated by CLiX/Wiki2XML [MPI-Inf, MMCI@UdS] $LastChangedRevision: 92 $ on 17.04.2009 00:12:42[mciao0827] -->
<!DOCTYPE article SYSTEM "../article.dtd">
<article xmlns:xlink="http://www.w3.org/1999/xlink">
<movie  confidence="0.9508927676800064" wordnetid="106613686">
<header>
<title>Body of Lies (film)</title>
<id>10061978</id>
<revision>
<id>244693235</id>
<timestamp>2008-10-12T02:09:28Z</timestamp>
<contributor>
<username>Erik</username>
<id>138144</id>
</contributor>
</revision>
<categories>
<category>Films based on thriller novels</category>
<category>Warner Bros. films</category>
<category>English-language films</category>
<category>Films directed by Ridley Scott</category>
<category>Spy films</category>
<category>American films</category>
<category>2008 films</category>
<category>Films about terrorism</category>
</categories>
</header>
<bdy>
<template>
<name>Infobox Film</name>
<parameters>

<image width="150px" src="Body_of_lies_poster.jpg">
<caption>

Theatrical release poster
</caption>
</image>
<music>
<physical_entity wordnetid="100001930" confidence="0.8">
<composer wordnetid="109947232" confidence="0.8">
<person wordnetid="100007846" confidence="0.8">
<musician wordnetid="110339966" confidence="0.8">
<causal_agent wordnetid="100007347" confidence="0.8">
<artist wordnetid="109812338" confidence="0.8">
<creator wordnetid="109614315" confidence="0.8">
<link xlink:type="simple" xlink:href="../784/18528784.xml">
Marc Streitenfeld</link></creator>
</artist>
</causal_agent>
</musician>
</person>
</composer>
</physical_entity>
</music>
<budget>
US$70,000,000</budget>
<gross>
US$4,350,000</gross>
<website>
http://www.body-of-lies.com/</website>
<editing>
<actor wordnetid="109765278" confidence="0.9508927676800064">
<link xlink:type="simple" xlink:href="../537/4173537.xml">
Pietro Scalia</link></actor>
</editing>
<runtime>
128 min</runtime>
<amg_id>
1:393933</amg_id>
<director>
<film_director wordnetid="110088200" confidence="0.9173553029164789">
<person wordnetid="100007846" confidence="0.9508927676800064">
<film_maker wordnetid="110088390" confidence="0.9173553029164789">
<actor wordnetid="109765278" confidence="0.9508927676800064">
<link xlink:type="simple" xlink:href="../493/25493.xml">
Ridley Scott</link></actor>
</film_maker>
</person>
</film_director>
</director>
<country>
<body wordnetid="107965085" confidence="0.8">
<social_group wordnetid="107950920" confidence="0.8">
<political_orientation wordnetid="106212839" confidence="0.8">
<colony wordnetid="108374049" confidence="0.8">
<state wordnetid="108168978" confidence="0.8">
<political_unit wordnetid="108359949" confidence="0.8">
<group wordnetid="100031264" confidence="0.8">
<democracy wordnetid="106217103" confidence="0.8">
<link xlink:type="simple" xlink:href="../750/3434750.xml">
United States</link></democracy>
</group>
</political_unit>
</state>
</colony>
</political_orientation>
</social_group>
</body>
</country>
<released>
<b>Australia:</b>October 9, 2008<b><system wordnetid="108435388" confidence="0.8">
<economy wordnetid="108366753" confidence="0.8">
<group wordnetid="100031264" confidence="0.8">
<link xlink:type="simple" xlink:href="../139/21139.xml">
North America</link></group>
</economy>
</system>
:</b>October 10, 2008</released>
<imdb_id>
0758774</imdb_id>
<name>
Body of Lies</name>
<producer>
Ridley ScottDonald De Line</producer>
<cinematography>
<cameraman wordnetid="109889539" confidence="0.9173553029164789">
<film_director wordnetid="110088200" confidence="0.9173553029164789">
<celebrity wordnetid="109903153" confidence="0.9508927676800064">
<link xlink:type="simple" xlink:href="../176/1241176.xml">
Alexander Witt</link></celebrity>
</film_director>
</cameraman>
</cinematography>
<distributor>
<company wordnetid="108058098" confidence="0.8">
<subsidiary_company wordnetid="108003935" confidence="0.8">
<institution wordnetid="108053576" confidence="0.8">
<link xlink:type="simple" xlink:href="../052/34052.xml">
Warner Bros.</link></institution>
</subsidiary_company>
</company>
</distributor>
<language>
English</language>
<writer>
<b>Novel:</b><physical_entity wordnetid="100001930" confidence="0.8">
<communicator wordnetid="109610660" confidence="0.8">
<columnist wordnetid="109939154" confidence="0.8">
<person wordnetid="100007846" confidence="0.8">
<intellectual wordnetid="109621545" confidence="0.8">
<alumnus wordnetid="109786338" confidence="0.8">
<causal_agent wordnetid="100007347" confidence="0.8">
<writer wordnetid="110794014" confidence="0.8">
<novelist wordnetid="110363573" confidence="0.8">
<scholar wordnetid="110557854" confidence="0.8">
<journalist wordnetid="110224578" confidence="0.8">
<link xlink:type="simple" xlink:href="../628/3420628.xml">
David Ignatius</link></journalist>
</scholar>
</novelist>
</writer>
</causal_agent>
</alumnus>
</intellectual>
</person>
</columnist>
</communicator>
</physical_entity>
<b>Screenplay:</b><person wordnetid="100007846" confidence="0.9508927676800064">
<writer wordnetid="110794014" confidence="0.9508927676800064">
<critic wordnetid="109979321" confidence="0.9173553029164789">
<link xlink:type="simple" xlink:href="../702/1852702.xml">
William Monahan</link></critic>
</writer>
</person>
</writer>
<starring>
<actor wordnetid="109765278" confidence="0.9508927676800064">
<link xlink:type="simple" xlink:href="../711/52711.xml">
Leonardo DiCaprio</link></actor>
<actor wordnetid="109765278" confidence="0.9508927676800064">
<link xlink:type="simple" xlink:href="../695/25695.xml">
Russell Crowe</link></actor>
<physical_entity wordnetid="100001930" confidence="0.8">
<person wordnetid="100007846" confidence="0.8">
<performer wordnetid="110415638" confidence="0.8">
<causal_agent wordnetid="100007347" confidence="0.8">
<actor wordnetid="109765278" confidence="0.8">
<entertainer wordnetid="109616922" confidence="0.8">
<link xlink:type="simple" xlink:href="../689/4779689.xml">
Golshifteh Farahani</link></entertainer>
</actor>
</causal_agent>
</performer>
</person>
</physical_entity>
<person wordnetid="100007846" confidence="0.9508927676800064">
<actor wordnetid="109765278" confidence="0.9173553029164789">
<link xlink:type="simple" xlink:href="../858/3884858.xml">
Carice van Houten</link></actor>
</person>
<actor wordnetid="109765278" confidence="0.9508927676800064">
<link xlink:type="simple" xlink:href="../612/3919612.xml">
Vince Colosimo</link></actor>
</starring>
</parameters>
</template>


<b><it>Body of Lies</it></b> is a <fundamental_quantity wordnetid="113575869" confidence="0.8">
<time_period wordnetid="115113229" confidence="0.8">
<year wordnetid="115203791" confidence="0.8">
<link xlink:type="simple" xlink:href="../113/1463113.xml">
2008</link></year>
</time_period>
</fundamental_quantity>
 <link xlink:type="simple" xlink:href="../334/418334.xml">
American</link> <link xlink:type="simple" xlink:href="../274/237274.xml">
thriller</link> <link xlink:type="simple" xlink:href="../712/1851712.xml">
film adaptation</link> of the <literary_composition wordnetid="106364329" confidence="0.8">
<written_communication wordnetid="106349220" confidence="0.8">
<writing wordnetid="106362953" confidence="0.8">
<fiction wordnetid="106367107" confidence="0.8">
<novel wordnetid="106367879" confidence="0.8">
<link xlink:type="simple" xlink:href="../825/14503825.xml">
novel of the same name</link></novel>
</fiction>
</writing>
</written_communication>
</literary_composition>
 by <physical_entity wordnetid="100001930" confidence="0.8">
<communicator wordnetid="109610660" confidence="0.8">
<columnist wordnetid="109939154" confidence="0.8">
<person wordnetid="100007846" confidence="0.8">
<intellectual wordnetid="109621545" confidence="0.8">
<alumnus wordnetid="109786338" confidence="0.8">
<causal_agent wordnetid="100007347" confidence="0.8">
<writer wordnetid="110794014" confidence="0.8">
<novelist wordnetid="110363573" confidence="0.8">
<scholar wordnetid="110557854" confidence="0.8">
<journalist wordnetid="110224578" confidence="0.8">
<link xlink:type="simple" xlink:href="../628/3420628.xml">
David Ignatius</link></journalist>
</scholar>
</novelist>
</writer>
</causal_agent>
</alumnus>
</intellectual>
</person>
</columnist>
</communicator>
</physical_entity>
 about a CIA operative who goes to Jordan to track a high-ranking terrorist.  The film is directed by <film_director wordnetid="110088200" confidence="0.9173553029164789">
<person wordnetid="100007846" confidence="0.9508927676800064">
<film_maker wordnetid="110088390" confidence="0.9173553029164789">
<actor wordnetid="109765278" confidence="0.9508927676800064">
<link xlink:type="simple" xlink:href="../493/25493.xml">
Ridley Scott</link></actor>
</film_maker>
</person>
</film_director>
, director of <it><album wordnetid="106591815" confidence="0.9508927676800064">
<movie wordnetid="106613686" confidence="0.9508927676800064">
<link xlink:type="simple" xlink:href="../604/5017604.xml">
American Gangster</link></movie>
</album>
</it> and <it><movie wordnetid="106613686" confidence="0.9508927676800064">
<link xlink:type="simple" xlink:href="../328/106328.xml">
Black Hawk Down</link></movie>
</it>, written by <person wordnetid="100007846" confidence="0.9508927676800064">
<writer wordnetid="110794014" confidence="0.9508927676800064">
<critic wordnetid="109979321" confidence="0.9173553029164789">
<link xlink:type="simple" xlink:href="../702/1852702.xml">
William Monahan</link></critic>
</writer>
</person>
, and stars <actor wordnetid="109765278" confidence="0.9508927676800064">
<link xlink:type="simple" xlink:href="../711/52711.xml">
Leonardo DiCaprio</link></actor>
, <actor wordnetid="109765278" confidence="0.9508927676800064">
<link xlink:type="simple" xlink:href="../695/25695.xml">
Russell Crowe</link></actor>
, Iranian actress <physical_entity wordnetid="100001930" confidence="0.8">
<person wordnetid="100007846" confidence="0.8">
<performer wordnetid="110415638" confidence="0.8">
<causal_agent wordnetid="100007347" confidence="0.8">
<actor wordnetid="109765278" confidence="0.8">
<entertainer wordnetid="109616922" confidence="0.8">
<link xlink:type="simple" xlink:href="../689/4779689.xml">
Golshifteh Farahani</link></entertainer>
</actor>
</causal_agent>
</performer>
</person>
</physical_entity>
 and Australian actor <actor wordnetid="109765278" confidence="0.9508927676800064">
<link xlink:type="simple" xlink:href="../612/3919612.xml">
Vince Colosimo</link></actor>
.  Production took place in Washington D.C. and <link xlink:type="simple" xlink:href="../291/19291.xml">
Morocco</link>.  <it>Body of Lies</it> was released in the United States on October&nbsp;10, 2008.
<sec>
<st>
Premise</st>
<p>

A CIA operative (<actor wordnetid="109765278" confidence="0.9508927676800064">
<link xlink:type="simple" xlink:href="../711/52711.xml">
Leonardo DiCaprio</link></actor>
) is sent by his manipulative boss (<actor wordnetid="109765278" confidence="0.9508927676800064">
<link xlink:type="simple" xlink:href="../695/25695.xml">
Russell Crowe</link></actor>
) to <country wordnetid="108544813" confidence="0.9508927676800064">
<link xlink:type="simple" xlink:href="../964/7515964.xml">
Jordan</link></country>
 to find a high-ranking terrorist.  While in Jordan, the operative forms an uneasy alliance with the head of Jordan's covert operations.</p>

</sec>
<sec>
<st>
Cast</st>
<p>

<list>
<entry level="1" type="bullet">

<actor wordnetid="109765278" confidence="0.9508927676800064">
<link xlink:type="simple" xlink:href="../711/52711.xml">
Leonardo DiCaprio</link></actor>
 as <b>Roger Ferris</b>, a CIA operative who is sent to Jordan.  DiCaprio chose to pursue the role because he considered it a throwback to political films in the 1970s such as <it><movie wordnetid="106613686" confidence="0.9508927676800064">
<link xlink:type="simple" xlink:href="../469/192469.xml">
The Parallax View</link></movie>
</it> (1974) and <it><movie wordnetid="106613686" confidence="0.9508927676800064">
<link xlink:type="simple" xlink:href="../185/470185.xml">
Three Days of the Condor</link></movie>
</it> (1975).<ref xlink:type="simple" xlink:href="#xpointer(//reflist/entry[@id=%221%22])">1</ref></entry>
<entry level="1" type="bullet">

<actor wordnetid="109765278" confidence="0.9508927676800064">
<link xlink:type="simple" xlink:href="../695/25695.xml">
Russell Crowe</link></actor>
 as <b>Edward "Ed" Hoffman</b>, a manipulative CIA boss who teams with Ferris.  Crowe gained 63 pounds to suit his role.<ref xlink:type="simple" xlink:href="#xpointer(//reflist/entry[@id=%222%22])">2</ref>  The actor said as a result of the film's exploration of the American government and foreign policy, "I don't think it will be very popular, but that’s never been part of my project choice process."<ref xlink:type="simple" xlink:href="#xpointer(//reflist/entry[@id=%223%22])">3</ref></entry>
<entry level="1" type="bullet">

<physical_entity wordnetid="100001930" confidence="0.8">
<person wordnetid="100007846" confidence="0.8">
<performer wordnetid="110415638" confidence="0.8">
<causal_agent wordnetid="100007347" confidence="0.8">
<actor wordnetid="109765278" confidence="0.8">
<entertainer wordnetid="109616922" confidence="0.8">
<link xlink:type="simple" xlink:href="../689/4779689.xml">
Golshifteh Farahani</link></entertainer>
</actor>
</causal_agent>
</performer>
</person>
</physical_entity>
 as <b>Aisha</b>, Ferris' nurse in Jordan.</entry>
</list>
</p>
<p>

<list>
<entry level="1" type="bullet">

<actor wordnetid="109765278" confidence="0.9508927676800064">
<link xlink:type="simple" xlink:href="../850/850850.xml">
Mark Strong</link></actor>
 as <b>Hani Salaam</b>, head of the <country wordnetid="108544813" confidence="0.9508927676800064">
<link xlink:type="simple" xlink:href="../964/7515964.xml">
Jordanian</link></country>
 General Intelligence Department {GID).<ref xlink:type="simple" xlink:href="#xpointer(//reflist/entry[@id=%224%22])">4</ref> Strong ascribed his acquisition of the role to his performances in the 2005 films <it><movie wordnetid="106613686" confidence="0.9508927676800064">
<link xlink:type="simple" xlink:href="../280/2392280.xml">
Syriana</link></movie>
</it> and <it><movie wordnetid="106613686" confidence="0.9508927676800064">
<link xlink:type="simple" xlink:href="../687/2507687.xml">
Oliver Twist</link></movie>
</it>.<ref xlink:type="simple" xlink:href="#xpointer(//reflist/entry[@id=%225%22])">5</ref></entry>
<entry level="1" type="bullet">

<actor wordnetid="109765278" confidence="0.9508927676800064">
<link xlink:type="simple" xlink:href="../612/3919612.xml">
Vince Colosimo</link></actor>
 as <b>Skip</b>, Ferris aide-de-camp in Jordan.</entry>
<entry level="1" type="bullet">

<link xlink:type="simple" xlink:href="../125/5013125.xml">
Oscar Isaac</link><ref xlink:type="simple" xlink:href="#xpointer(//reflist/entry[@id=%226%22])">6</ref> as Bassam, Ferris' translator and partner in <village wordnetid="108672738" confidence="0.9508927676800064">
<link xlink:type="simple" xlink:href="../332/201332.xml">
Samarra</link></village>
, <country wordnetid="108544813" confidence="0.9508927676800064">
<link xlink:type="simple" xlink:href="../928/7515928.xml">
Iraq</link></country>
.<ref xlink:type="simple" xlink:href="#xpointer(//reflist/entry[@id=%227%22])">7</ref></entry>
<entry level="1" type="bullet">

<actor wordnetid="109765278" confidence="0.9508927676800064">
<link xlink:type="simple" xlink:href="../312/3151312.xml">
Simon McBurney</link></actor>
 as <b>Garland</b>, an eccentric CIA computer whiz.<ref xlink:type="simple" xlink:href="#xpointer(//reflist/entry[@id=%228%22])">8</ref></entry>
<entry level="1" type="bullet">

<actor wordnetid="109765278" confidence="0.9508927676800064">
<link xlink:type="simple" xlink:href="../514/5348514.xml">
Ali Suliman</link></actor>
 as <b>Omar Sadiki</b>, an innocent <link xlink:type="simple" xlink:href="../170/1170.xml">
architect</link> used by Ferris as a pawn.<ref xlink:type="simple" xlink:href="#xpointer(//reflist/entry[@id=%227%22])">7</ref></entry>
</list>
</p>

</sec>
<sec>
<st>
Production</st>

<p>

<table style="background-color:inherit;border-collapse:collapse;border-style:none;margin: .5em .75em;" align="right" width="33%" class="floatright">
<row>
<col style="color:#B2B7F2;font-size:40px;font-family:'Times New Roman',serif;font-weight:bold;text-align:left;padding:2 2px;padding-top: 4px" width="20" valign="top">
“</col>
<col style="padding:0 10px;" align="left" valign="top">
It's about Islam, where we are and where we're not, and it's a very interesting, proactive, internalized view of that whole subject.</col>
<col style="color:#B2B7F2;font-size:40px;font-family:'Times New Roman',serif;font-weight:bold;text-align:right;padding:2 2px;padding: 4px;" width="20" valign="bottom">
”</col>
</row>
<row>
<col colspan="3" style="padding-top: 10px">
  <cite style="font-style:normal;">&mdash;<film_director wordnetid="110088200" confidence="0.9173553029164789">
<person wordnetid="100007846" confidence="0.9508927676800064">
<film_maker wordnetid="110088390" confidence="0.9173553029164789">
<actor wordnetid="109765278" confidence="0.9508927676800064">
<link xlink:type="simple" xlink:href="../493/25493.xml">
Ridley Scott</link></actor>
</film_maker>
</person>
</film_director>
<ref xlink:type="simple" xlink:href="#xpointer(//reflist/entry[@id=%229%22])">9</ref></cite></col>
</row>
</table>

In March 2006, <company wordnetid="108058098" confidence="0.8">
<subsidiary_company wordnetid="108003935" confidence="0.8">
<institution wordnetid="108053576" confidence="0.8">
<link xlink:type="simple" xlink:href="../052/34052.xml">
Warner Bros.</link></institution>
</subsidiary_company>
</company>
 hired screenwriter <person wordnetid="100007846" confidence="0.9508927676800064">
<writer wordnetid="110794014" confidence="0.9508927676800064">
<critic wordnetid="109979321" confidence="0.9173553029164789">
<link xlink:type="simple" xlink:href="../702/1852702.xml">
William Monahan</link></critic>
</writer>
</person>
 to adapt the novel <it>Penetration</it> by <physical_entity wordnetid="100001930" confidence="0.8">
<communicator wordnetid="109610660" confidence="0.8">
<columnist wordnetid="109939154" confidence="0.8">
<person wordnetid="100007846" confidence="0.8">
<intellectual wordnetid="109621545" confidence="0.8">
<alumnus wordnetid="109786338" confidence="0.8">
<causal_agent wordnetid="100007347" confidence="0.8">
<writer wordnetid="110794014" confidence="0.8">
<novelist wordnetid="110363573" confidence="0.8">
<scholar wordnetid="110557854" confidence="0.8">
<journalist wordnetid="110224578" confidence="0.8">
<link xlink:type="simple" xlink:href="../628/3420628.xml">
David Ignatius</link></journalist>
</scholar>
</novelist>
</writer>
</causal_agent>
</alumnus>
</intellectual>
</person>
</columnist>
</communicator>
</physical_entity>
 into a feature film, which would be directed by <film_director wordnetid="110088200" confidence="0.9173553029164789">
<person wordnetid="100007846" confidence="0.9508927676800064">
<film_maker wordnetid="110088390" confidence="0.9173553029164789">
<actor wordnetid="109765278" confidence="0.9508927676800064">
<link xlink:type="simple" xlink:href="../493/25493.xml">
Ridley Scott</link></actor>
</film_maker>
</person>
</film_director>
.<ref xlink:type="simple" xlink:href="#xpointer(//reflist/entry[@id=%2210%22])">10</ref>  In April 2007, with the novel re-titled <it><literary_composition wordnetid="106364329" confidence="0.8">
<written_communication wordnetid="106349220" confidence="0.8">
<writing wordnetid="106362953" confidence="0.8">
<fiction wordnetid="106367107" confidence="0.8">
<novel wordnetid="106367879" confidence="0.8">
<link xlink:type="simple" xlink:href="../825/14503825.xml">
Body of Lies</link></novel>
</fiction>
</writing>
</written_communication>
</literary_composition>
</it> and the film similarly re-titled, actor <actor wordnetid="109765278" confidence="0.9508927676800064">
<link xlink:type="simple" xlink:href="../711/52711.xml">
Leonardo DiCaprio</link></actor>
 was cast in the lead role.<ref xlink:type="simple" xlink:href="#xpointer(//reflist/entry[@id=%2211%22])">11</ref>  After DiCaprio was cast, <actor wordnetid="109765278" confidence="0.9508927676800064">
<link xlink:type="simple" xlink:href="../695/25695.xml">
Russell Crowe</link></actor>
 was courted for a supporting role, to which he formally committed after Monahan's script was revised by <link xlink:type="simple" xlink:href="../698/2620698.xml">
Steve Zaillian</link>, who scripted Scott and Crowe's <it><album wordnetid="106591815" confidence="0.9508927676800064">
<movie wordnetid="106613686" confidence="0.9508927676800064">
<link xlink:type="simple" xlink:href="../604/5017604.xml">
American Gangster</link></movie>
</album>
</it>.<ref xlink:type="simple" xlink:href="#xpointer(//reflist/entry[@id=%2212%22])">12</ref></p>
<p>

Production took place in Washington D.C., Europe, and the Middle East.<ref xlink:type="simple" xlink:href="#xpointer(//reflist/entry[@id=%2211%22])">11</ref>  Scott sought to film in <village wordnetid="108672738" confidence="0.9508927676800064">
<link xlink:type="simple" xlink:href="../583/211583.xml">
Dubai</link></village>
 in the <country wordnetid="108544813" confidence="0.9508927676800064">
<link xlink:type="simple" xlink:href="../328/69328.xml">
United Arab Emirates</link></country>
, but the federation's National Media Council denied the director permission due to the script's politically sensitive nature.  As a result, scenes set in <country wordnetid="108544813" confidence="0.9508927676800064">
<link xlink:type="simple" xlink:href="../964/7515964.xml">
Jordan</link></country>
 were instead filmed in <link xlink:type="simple" xlink:href="../291/19291.xml">
Morocco</link>.<ref xlink:type="simple" xlink:href="#xpointer(//reflist/entry[@id=%2213%22])">13</ref>  Filming began on September&nbsp;5, 2007 at the <site wordnetid="108651247" confidence="0.8">
<region wordnetid="108630985" confidence="0.8">
<position wordnetid="108621598" confidence="0.8">
<point wordnetid="108620061" confidence="0.8">
<landmark wordnetid="108624891" confidence="0.8">
<location wordnetid="100027167" confidence="0.8">
<tract wordnetid="108673395" confidence="0.8">
<geographical_area wordnetid="108574314" confidence="0.8">
<link xlink:type="simple" xlink:href="../914/898914.xml">
Eastern Market, Washington, D.C.</link></geographical_area>
</tract>
</location>
</landmark>
</point>
</position>
</region>
</site>
<ref xlink:type="simple" xlink:href="#xpointer(//reflist/entry[@id=%2214%22])">14</ref>  Part of <site wordnetid="108651247" confidence="0.8">
<region wordnetid="108630985" confidence="0.8">
<vicinity wordnetid="108641113" confidence="0.8">
<area wordnetid="108497294" confidence="0.8">
<location wordnetid="100027167" confidence="0.8">
<tract wordnetid="108673395" confidence="0.8">
<geographical_area wordnetid="108574314" confidence="0.8">
<district wordnetid="108552138" confidence="0.8">
<section wordnetid="108648322" confidence="0.8">
<link xlink:type="simple" xlink:href="../678/555678.xml">
Capitol Hill</link></section>
</district>
</geographical_area>
</tract>
</location>
</area>
</vicinity>
</region>
</site>
 neighborhood was converted to resemble a wintry <village wordnetid="108672738" confidence="0.9508927676800064">
<link xlink:type="simple" xlink:href="../844/844.xml">
Amsterdam</link></village>
 to film ten to fifteen seconds of a <link xlink:type="simple" xlink:href="../282/155282.xml">
car bombing</link>.<ref xlink:type="simple" xlink:href="#xpointer(//reflist/entry[@id=%2215%22])">15</ref>  Filming took place in <village wordnetid="108672738" confidence="0.9508927676800064">
<link xlink:type="simple" xlink:href="../261/53261.xml">
Gaithersburg, Maryland</link></village>
 to stand in for <region wordnetid="108630039" confidence="0.8">
<location wordnetid="100027167" confidence="0.8">
<link xlink:type="simple" xlink:href="../712/673712.xml">
Northern Virginia</link></location>
</region>
.<ref xlink:type="simple" xlink:href="#xpointer(//reflist/entry[@id=%2216%22])">16</ref>  Locations in <link xlink:type="simple" xlink:href="../582/36582.xml">
Baltimore</link> also stood in for <village wordnetid="108672738" confidence="0.9508927676800064">
<link xlink:type="simple" xlink:href="../206/20206.xml">
Manchester, England</link></village>
 and <location wordnetid="100027167" confidence="0.9508927676800064">
<link xlink:type="simple" xlink:href="../058/19058.xml">
Munich, Germany</link></location>
.  Production moved to Morocco afterward,<ref xlink:type="simple" xlink:href="#xpointer(//reflist/entry[@id=%2217%22])">17</ref> where a nine-week shoot took place at CLA Studios in the city of <region wordnetid="108630985" confidence="0.8">
<administrative_district wordnetid="108491826" confidence="0.8">
<location wordnetid="100027167" confidence="0.8">
<municipality wordnetid="108626283" confidence="0.8">
<geographical_area wordnetid="108574314" confidence="0.8">
<town wordnetid="108665504" confidence="0.8">
<district wordnetid="108552138" confidence="0.8">
<urban_area wordnetid="108675967" confidence="0.8">
<link xlink:type="simple" xlink:href="../608/482608.xml">
Ouarzazate</link></urban_area>
</district>
</town>
</geographical_area>
</municipality>
</location>
</administrative_district>
</region>
.<ref xlink:type="simple" xlink:href="#xpointer(//reflist/entry[@id=%2218%22])">18</ref> Filming wrapped in December 2007.<ref xlink:type="simple" xlink:href="#xpointer(//reflist/entry[@id=%2219%22])">19</ref></p>

</sec>
<sec>
<st>
Music</st>

<p>

<indent level="1">

<it>Main article: <link xlink:type="simple" xlink:href="../347/19725347.xml">
Body of Lies (soundtrack)</link></it>
</indent>
The film score was composed by composer <physical_entity wordnetid="100001930" confidence="0.8">
<composer wordnetid="109947232" confidence="0.8">
<person wordnetid="100007846" confidence="0.8">
<musician wordnetid="110339966" confidence="0.8">
<causal_agent wordnetid="100007347" confidence="0.8">
<artist wordnetid="109812338" confidence="0.8">
<creator wordnetid="109614315" confidence="0.8">
<link xlink:type="simple" xlink:href="../784/18528784.xml">
Marc Streitenfeld</link></creator>
</artist>
</causal_agent>
</musician>
</person>
</composer>
</physical_entity>
, who has now composed music for Ridley Scott for three features.  He recorded the orchestral portions of his score at the Eastwood Scoring Stage at Warner Brothers Studios.<ref xlink:type="simple" xlink:href="#xpointer(//reflist/entry[@id=%2220%22])">20</ref>
Of interesting note is the presence of a song in the film named "If The World," performed by <link xlink:type="simple" xlink:href="../076/2773076.xml">
Guns N Roses</link>, and taken off of their long-delayed <album wordnetid="106591815" confidence="0.9508927676800064">
<link xlink:type="simple" xlink:href="../007/967007.xml">
Chinese Democracy</link></album>
 album. The track plays over the beginning of the end credits, but is not included on the official film soundtrack.</p>

</sec>
<sec>
<st>
Release</st>
<p>

<it>Body of Lies</it> has been reported as a film to screen out of competition at the <link xlink:type="simple" xlink:href="../029/17163029.xml">
65th Venice International Film Festival</link> in August-September 2008.<ref xlink:type="simple" xlink:href="#xpointer(//reflist/entry[@id=%2221%22])">21</ref>  The film is scheduled to be commercially released in theaters in the United States on <link xlink:type="simple" xlink:href="../367/22367.xml">
October 10</link> <link xlink:type="simple" xlink:href="../825/35825.xml">
2008</link>.<ref xlink:type="simple" xlink:href="#xpointer(//reflist/entry[@id=%2222%22])">22</ref>  The film has also been purchased by <company wordnetid="108058098" confidence="0.8">
<broadcasting_company wordnetid="108002015" confidence="0.8">
<group wordnetid="100031264" confidence="0.8">
<institution wordnetid="108053576" confidence="0.8">
<link xlink:type="simple" xlink:href="../695/332695.xml">
Turner Broadcasting System</link></institution>
</group>
</broadcasting_company>
</company>
 to screen on the television networks <link xlink:type="simple" xlink:href="../219/193219.xml">
TBS</link> and <channel wordnetid="106259898" confidence="0.9508927676800064">
<link xlink:type="simple" xlink:href="../825/77825.xml">
Turner Network Television</link></channel>
.<ref xlink:type="simple" xlink:href="#xpointer(//reflist/entry[@id=%2223%22])">23</ref>
There is also a track on the soundtrack feature Serj Tankian and Mike Patton, a new song by Guns N' Roses "If The World" plays over the end credits.</p>
<p>

The film was pre-screened on September 30, 2008 at Michigan Technological University,<ref xlink:type="simple" xlink:href="#xpointer(//reflist/entry[@id=%2224%22])">24</ref> and October 2, 2008 at the Duke University, University of Maryland and University of Virginia. It was also pre-screened on October 3rd, at <university wordnetid="108286163" confidence="0.9508927676800064">
<link xlink:type="simple" xlink:href="../123/288123.xml">
Worcester Polytechnic Institute</link></university>
, at Michigan State University, at the University of Michigan, the University of Kansas, East Carolina University, and the <university wordnetid="108286163" confidence="0.9508927676800064">
<link xlink:type="simple" xlink:href="../127/32127.xml">
University of Chicago</link></university>
 on October 7th, and at Carnegie Mellon University, Cornell University, <university wordnetid="108286163" confidence="0.9508927676800064">
<link xlink:type="simple" xlink:href="../026/194026.xml">
Rensselaer Polytechnic Institute</link></university>
, The University at Buffalo, Columbia University, James Madison University, Syracuse University, the <university wordnetid="108286163" confidence="0.9508927676800064">
<link xlink:type="simple" xlink:href="../776/31776.xml">
University of Washington</link></university>
, and <university wordnetid="108286163" confidence="0.9508927676800064">
<link xlink:type="simple" xlink:href="../760/782760.xml">
Georgia Southern University</link></university>
 on October 9th.</p>

</sec>
<sec>
<st>
Critical Reception</st>

<p>

The film has a rating of 54% on rotten tomatoes with the consensus that the film relies too heavily on the performances of DiCaprio and Crowe to lift it above the average espionage thriller.</p>

</sec>
<sec>
<st>
References</st>

<p>

<reflist>
<entry id="1">
Carroll, Larry&#32;(2007-08-15).&#32;"<weblink xlink:type="simple" xlink:href="http://www.mtv.com/movies/news/articles/1567106/story.jhtml">
Leonardo DiCaprio And Russell Crowe Will Be A Good 'Fit' In CIA Flick, Ridley Scott Hopes</weblink>", <it>MTV.com</it>, <channel wordnetid="106259898" confidence="0.9508927676800064">
<link xlink:type="simple" xlink:href="../856/18856.xml">
MTV</link></channel>
.&#32;Retrieved on <link>
2007-11-30</link>.&nbsp;</entry>
<entry id="2">
Grover, Sally&#32;(2007-10-31).&#32;"<weblink xlink:type="simple" xlink:href="http://www.allheadlinenews.com/articles/7009005325">
No Lies On Russell Crowe's Body</weblink>", <it>allheadlinenews.com</it>, Celebrity News Service.&#32;Retrieved on <link>
2007-11-30</link>.&nbsp;</entry>
<entry id="3">
Carroll, Larry&#32;(2007-08-24).&#32;"<weblink xlink:type="simple" xlink:href="http://moviesblog.mtv.com/2007/08/24/russell-crowe-says-body-of-lies-probably-wont-be-popular/">
Russell Crowe Says ‘Body Of Lies’ Probably Won’t Be Popular</weblink>", <it>MTV.com</it>, <channel wordnetid="106259898" confidence="0.9508927676800064">
<link xlink:type="simple" xlink:href="../856/18856.xml">
MTV</link></channel>
.&#32;Retrieved on <link>
2007-11-30</link>.&nbsp;</entry>
<entry id="4">
Warner Bros., <it>Body of Lies</it> production notes, p. 7</entry>
<entry id="5">
"Accidental anti-hero", <it><newspaper wordnetid="106267145" confidence="0.9508927676800064">
<link xlink:type="simple" xlink:href="../958/103958.xml">
The Independent</link></newspaper>
</it>, <company wordnetid="108058098" confidence="0.9508927676800064">
<link xlink:type="simple" xlink:href="../435/896435.xml">
Independent News &amp; Media</link></company>
&#32;(2007-10-19).&nbsp;</entry>
<entry id="6">
 <cite style="font-style:normal">Jaafar, Ali&#32;(<link>
2008-07-01</link>).&#32;"<weblink xlink:type="simple" xlink:href="http://www.variety.com/article/VR1117988350.html?categoryid=19&amp;cs=1">
Oscar Isaac joins 'Balibo'</weblink>". <it><work wordnetid="104599396" confidence="0.8">
<product wordnetid="104007894" confidence="0.8">
<magazine wordnetid="106595351" confidence="0.8">
<print_media wordnetid="106263609" confidence="0.8">
<creation wordnetid="103129123" confidence="0.8">
<press wordnetid="106263369" confidence="0.8">
<artifact wordnetid="100021939" confidence="0.8">
<instrumentality wordnetid="103575240" confidence="0.8">
<medium wordnetid="106254669" confidence="0.8">
<publication wordnetid="106589574" confidence="0.8">
<link xlink:type="simple" xlink:href="../751/254751.xml">
Variety</link></publication>
</medium>
</instrumentality>
</artifact>
</press>
</creation>
</print_media>
</magazine>
</product>
</work>
</it>.&#32;<company wordnetid="108058098" confidence="0.8">
<institution wordnetid="108053576" confidence="0.8">
<link xlink:type="simple" xlink:href="../710/2526710.xml">
Reed Business Information</link></institution>
</company>
. Retrieved on <link>
2008-07-15</link>.</cite>&nbsp;</entry>
<entry id="7">
Production notes, p. 9</entry>
<entry id="8">
Production notes, p. 10</entry>
<entry id="9">
"Ridley Scott, the man who brought us Blade Runner, Alien and Gladiator -- to name a few -- is back, this time with American Gangster", <it><newspaper wordnetid="106267145" confidence="0.9508927676800064">
<link xlink:type="simple" xlink:href="../544/169544.xml">
Irish Independent</link></newspaper>
</it>, <company wordnetid="108058098" confidence="0.9508927676800064">
<link xlink:type="simple" xlink:href="../435/896435.xml">
Independent News &amp; Media</link></company>
&#32;(2007-11-16).&nbsp;</entry>
<entry id="10">
 <cite style="font-style:normal">Fleming, Michael&#32;(<link>
2006-03-12</link>).&#32;"<weblink xlink:type="simple" xlink:href="http://www.variety.com/article/VR1117939610.html?categoryid=1972&amp;cs=1">
Warner sets spy team</weblink>". <it><work wordnetid="104599396" confidence="0.8">
<product wordnetid="104007894" confidence="0.8">
<magazine wordnetid="106595351" confidence="0.8">
<print_media wordnetid="106263609" confidence="0.8">
<creation wordnetid="103129123" confidence="0.8">
<press wordnetid="106263369" confidence="0.8">
<artifact wordnetid="100021939" confidence="0.8">
<instrumentality wordnetid="103575240" confidence="0.8">
<medium wordnetid="106254669" confidence="0.8">
<publication wordnetid="106589574" confidence="0.8">
<link xlink:type="simple" xlink:href="../751/254751.xml">
Variety</link></publication>
</medium>
</instrumentality>
</artifact>
</press>
</creation>
</print_media>
</magazine>
</product>
</work>
</it>.&#32;<company wordnetid="108058098" confidence="0.8">
<institution wordnetid="108053576" confidence="0.8">
<link xlink:type="simple" xlink:href="../710/2526710.xml">
Reed Business Information</link></institution>
</company>
. Retrieved on <link>
2007-04-29</link>.</cite>&nbsp;</entry>
<entry id="11">
 <cite style="font-style:normal">Fleming, Michael&#32;(<link>
2007-04-08</link>).&#32;"<weblink xlink:type="simple" xlink:href="http://www.variety.com/article/VR1117962692.html?categoryid=13&amp;cs=1">
DiCaprio to star in 'Body of Lies'</weblink>". <it><work wordnetid="104599396" confidence="0.8">
<product wordnetid="104007894" confidence="0.8">
<magazine wordnetid="106595351" confidence="0.8">
<print_media wordnetid="106263609" confidence="0.8">
<creation wordnetid="103129123" confidence="0.8">
<press wordnetid="106263369" confidence="0.8">
<artifact wordnetid="100021939" confidence="0.8">
<instrumentality wordnetid="103575240" confidence="0.8">
<medium wordnetid="106254669" confidence="0.8">
<publication wordnetid="106589574" confidence="0.8">
<link xlink:type="simple" xlink:href="../751/254751.xml">
Variety</link></publication>
</medium>
</instrumentality>
</artifact>
</press>
</creation>
</print_media>
</magazine>
</product>
</work>
</it>.&#32;<company wordnetid="108058098" confidence="0.8">
<institution wordnetid="108053576" confidence="0.8">
<link xlink:type="simple" xlink:href="../710/2526710.xml">
Reed Business Information</link></institution>
</company>
. Retrieved on <link>
2007-04-29</link>.</cite>&nbsp;</entry>
<entry id="12">
 <cite style="font-style:normal">Fleming, Michael&#32;(<link>
2007-06-27</link>).&#32;"<weblink xlink:type="simple" xlink:href="http://www.variety.com/article/VR1117967795.html?categoryid=13&amp;cs=1">
Crowe 'Lies' with DiCaprio</weblink>". <it><work wordnetid="104599396" confidence="0.8">
<product wordnetid="104007894" confidence="0.8">
<magazine wordnetid="106595351" confidence="0.8">
<print_media wordnetid="106263609" confidence="0.8">
<creation wordnetid="103129123" confidence="0.8">
<press wordnetid="106263369" confidence="0.8">
<artifact wordnetid="100021939" confidence="0.8">
<instrumentality wordnetid="103575240" confidence="0.8">
<medium wordnetid="106254669" confidence="0.8">
<publication wordnetid="106589574" confidence="0.8">
<link xlink:type="simple" xlink:href="../751/254751.xml">
Variety</link></publication>
</medium>
</instrumentality>
</artifact>
</press>
</creation>
</print_media>
</magazine>
</product>
</work>
</it>.&#32;<company wordnetid="108058098" confidence="0.8">
<institution wordnetid="108053576" confidence="0.8">
<link xlink:type="simple" xlink:href="../710/2526710.xml">
Reed Business Information</link></institution>
</company>
. Retrieved on <link>
2007-06-28</link>.</cite>&nbsp;</entry>
<entry id="13">
 <cite style="font-style:normal">Jaafar, Ali&#32;(<link>
2007-08-03</link>).&#32;"<weblink xlink:type="simple" xlink:href="http://www.variety.com/article/VR1117969700.html?categoryId=2523&amp;cs=1">
Dubai rejects Scott's 'Lies'</weblink>". <it><work wordnetid="104599396" confidence="0.8">
<product wordnetid="104007894" confidence="0.8">
<magazine wordnetid="106595351" confidence="0.8">
<print_media wordnetid="106263609" confidence="0.8">
<creation wordnetid="103129123" confidence="0.8">
<press wordnetid="106263369" confidence="0.8">
<artifact wordnetid="100021939" confidence="0.8">
<instrumentality wordnetid="103575240" confidence="0.8">
<medium wordnetid="106254669" confidence="0.8">
<publication wordnetid="106589574" confidence="0.8">
<link xlink:type="simple" xlink:href="../751/254751.xml">
Variety</link></publication>
</medium>
</instrumentality>
</artifact>
</press>
</creation>
</print_media>
</magazine>
</product>
</work>
</it>.&#32;<company wordnetid="108058098" confidence="0.8">
<institution wordnetid="108053576" confidence="0.8">
<link xlink:type="simple" xlink:href="../710/2526710.xml">
Reed Business Information</link></institution>
</company>
. Retrieved on <link>
2007-11-30</link>.</cite>&nbsp;</entry>
<entry id="14">
Argetsinger, Amy&#59;&#32;Roxanne Roberts&#32;(2007-09-06).&#32;"<weblink xlink:type="simple" xlink:href="http://www.washingtonpost.com/wp-dyn/content/article/2007/09/05/AR2007090502416.html">
Reel Thrills in the Neighborhood</weblink>", <it><newspaper wordnetid="106267145" confidence="0.9508927676800064">
<link xlink:type="simple" xlink:href="../226/102226.xml">
The Washington Post</link></newspaper>
</it>, <link xlink:type="simple" xlink:href="../863/654863.xml">
Washington Post Company</link>.&#32;Retrieved on <link>
2007-11-30</link>.&nbsp;</entry>
<entry id="15">
Weingarten, Gene&#32;(2007-09-30).&#32;"<weblink xlink:type="simple" xlink:href="http://www.washingtonpost.com/wp-dyn/content/article/2007/09/25/AR2007092501980.html">
Boom Town</weblink>", <it><newspaper wordnetid="106267145" confidence="0.9508927676800064">
<link xlink:type="simple" xlink:href="../226/102226.xml">
The Washington Post</link></newspaper>
</it>, <link xlink:type="simple" xlink:href="../863/654863.xml">
Washington Post Company</link>.&#32;Retrieved on <link>
2007-11-30</link>.&nbsp;</entry>
<entry id="17">
"<weblink xlink:type="simple" xlink:href="http://www.usatoday.com/life/movies/2007-09-08-487934708_x.htm">
Russell Crowe filming in Maryland</weblink>", <it><newspaper wordnetid="106267145" confidence="0.9508927676800064">
<link xlink:type="simple" xlink:href="../463/208463.xml">
USA Today</link></newspaper>
</it>, <company wordnetid="108058098" confidence="0.9508927676800064">
<link xlink:type="simple" xlink:href="../611/418611.xml">
Gannett Company</link></company>
&#32;(2007-09-08).&#32;Retrieved on <link>
2007-11-30</link>.&nbsp;</entry>
<entry id="16">
Childers, Andrew&#32;(2007-09-08).&#32;"Crowe, crew film here", <it><print_media wordnetid="106263609" confidence="0.8">
<press wordnetid="106263369" confidence="0.8">
<artifact wordnetid="100021939" confidence="0.8">
<instrumentality wordnetid="103575240" confidence="0.8">
<medium wordnetid="106254669" confidence="0.8">
<newspaper wordnetid="106267145" confidence="0.8">
<link xlink:type="simple" xlink:href="../048/3257048.xml">
The Capital</link></newspaper>
</medium>
</instrumentality>
</artifact>
</press>
</print_media>
</it>, <company wordnetid="108058098" confidence="0.9508927676800064">
<link xlink:type="simple" xlink:href="../622/2406622.xml">
Landmark Communications</link></company>
.&nbsp;</entry>
<entry id="19">
 <cite style="font-style:normal">Ferris, Glen&#32;(<link>
2008-02-11</link>).&#32;"<weblink xlink:type="simple" xlink:href="http://www.empireonline.com/news/story.asp?NID=21970">
Scott On His Upcoming Slate</weblink>". <it><magazine wordnetid="106595351" confidence="0.9508927676800064">
<link xlink:type="simple" xlink:href="../017/898017.xml">
Empire</link></magazine>
</it>.&#32;<company wordnetid="108058098" confidence="0.9508927676800064">
<link xlink:type="simple" xlink:href="../883/14599883.xml">
Bauer Verlagsgruppe</link></company>
. Retrieved on <link>
2008-02-11</link>.</cite>&nbsp;</entry>
<entry id="18">
 <cite style="font-style:normal">Jaafar, Ali&#32;(<link>
2007-11-09</link>).&#32;"<weblink xlink:type="simple" xlink:href="http://www.variety.com/article/VR1117975732.html?categoryId=1445&amp;cs=1">
Moroccan studios having a mixed year</weblink>". <it><work wordnetid="104599396" confidence="0.8">
<product wordnetid="104007894" confidence="0.8">
<magazine wordnetid="106595351" confidence="0.8">
<print_media wordnetid="106263609" confidence="0.8">
<creation wordnetid="103129123" confidence="0.8">
<press wordnetid="106263369" confidence="0.8">
<artifact wordnetid="100021939" confidence="0.8">
<instrumentality wordnetid="103575240" confidence="0.8">
<medium wordnetid="106254669" confidence="0.8">
<publication wordnetid="106589574" confidence="0.8">
<link xlink:type="simple" xlink:href="../751/254751.xml">
Variety</link></publication>
</medium>
</instrumentality>
</artifact>
</press>
</creation>
</print_media>
</magazine>
</product>
</work>
</it>.&#32;<company wordnetid="108058098" confidence="0.8">
<institution wordnetid="108053576" confidence="0.8">
<link xlink:type="simple" xlink:href="../710/2526710.xml">
Reed Business Information</link></institution>
</company>
. Retrieved on <link>
2007-11-30</link>.</cite>&nbsp;</entry>
<entry id="21">
 <cite style="font-style:normal">Lyman, Eric J&#32;(<link>
2008-05-21</link>).&#32;"<weblink xlink:type="simple" xlink:href="http://www.hollywoodreporter.com/hr/content_display/awards_festivals/news/e3iac5edbea24551b65634e3ed00c01d7eb">
As Cannes closes, eyes turn to Venice</weblink>". <it><work wordnetid="104599396" confidence="0.8">
<product wordnetid="104007894" confidence="0.8">
<magazine wordnetid="106595351" confidence="0.8">
<print_media wordnetid="106263609" confidence="0.8">
<creation wordnetid="103129123" confidence="0.8">
<press wordnetid="106263369" confidence="0.8">
<artifact wordnetid="100021939" confidence="0.8">
<instrumentality wordnetid="103575240" confidence="0.8">
<medium wordnetid="106254669" confidence="0.8">
<publication wordnetid="106589574" confidence="0.8">
<link xlink:type="simple" xlink:href="../422/791422.xml">
The Hollywood Reporter</link></publication>
</medium>
</instrumentality>
</artifact>
</press>
</creation>
</print_media>
</magazine>
</product>
</work>
</it>.&#32;<company wordnetid="108058098" confidence="0.9508927676800064">
<link xlink:type="simple" xlink:href="../435/1074435.xml">
Nielsen Company</link></company>
. Retrieved on <link>
2008-07-15</link>.</cite>&nbsp;</entry>
<entry id="20">
Goldwasser, Dan&#32;(2008-06-19).&#32;"<weblink xlink:type="simple" xlink:href="http://www.scoringsessions.com/news/141">
Marc Streitenfeld scores Ridley Scott's House of Lies</weblink>", <it>ScoringSessions.com</it>.&#32;Retrieved on <link>
2008-06-19</link>.&nbsp;</entry>
<entry id="23">
 <cite style="font-style:normal">Dempsey, John&#32;(<link>
2008-03-27</link>).&#32;"<weblink xlink:type="simple" xlink:href="http://www.variety.com/article/VR1117981555.html?categoryid=13&amp;cs=1&amp;nid=2562">
TNT, TBS nab pack of WB films</weblink>". <it><work wordnetid="104599396" confidence="0.8">
<product wordnetid="104007894" confidence="0.8">
<magazine wordnetid="106595351" confidence="0.8">
<print_media wordnetid="106263609" confidence="0.8">
<creation wordnetid="103129123" confidence="0.8">
<press wordnetid="106263369" confidence="0.8">
<artifact wordnetid="100021939" confidence="0.8">
<instrumentality wordnetid="103575240" confidence="0.8">
<medium wordnetid="106254669" confidence="0.8">
<publication wordnetid="106589574" confidence="0.8">
<link xlink:type="simple" xlink:href="../751/254751.xml">
Variety</link></publication>
</medium>
</instrumentality>
</artifact>
</press>
</creation>
</print_media>
</magazine>
</product>
</work>
</it>.&#32;<company wordnetid="108058098" confidence="0.8">
<institution wordnetid="108053576" confidence="0.8">
<link xlink:type="simple" xlink:href="../710/2526710.xml">
Reed Business Information</link></institution>
</company>
. Retrieved on <link>
2008-03-11</link>.</cite>&nbsp;</entry>
<entry id="22">
"<weblink xlink:type="simple" xlink:href="http://www.comingsoon.net/films.php?id=21588">
Body of Lies</weblink>".&#32;<it>ComingSoon.net</it>.&#32;  Coming Soon Media, L.P.&#32;Retrieved on <link>
2007-12-24</link>.</entry>
<entry id="24">
http://filmbrd.students.mtu.edu/term.php</entry>
</reflist>
</p>

</sec>
<sec>
<st>
External links</st>
<p>

<list>
<entry level="1" type="bullet">

<weblink xlink:type="simple" xlink:href="http://www.body-of-lies.com/">
Official site and trailer</weblink></entry>
<entry level="1" type="bullet">

<weblink xlink:type="simple" xlink:href="http://www.imdb.com/title/tt0758774/">
<it>Body of Lies</it> </weblink> at the <web_site wordnetid="106359193" confidence="0.9508927676800064">
<link xlink:type="simple" xlink:href="../554/2855554.xml">
Internet Movie Database</link></web_site>
</entry>
<entry level="1" type="bullet">

<weblink xlink:type="simple" xlink:href="http://www.allmovie.com/cg/avg.dll?p=avg&amp;sql=1:393933">
<it>Body of Lies''</it></weblink> at <web_site wordnetid="106359193" confidence="0.9508927676800064">
<link xlink:type="simple" xlink:href="../027/1135027.xml">
Allmovie</link></web_site>
</entry>
<entry level="1" type="bullet">

<weblink xlink:type="simple" xlink:href="http://www.rottentomatoes.com/m/10009225-body_of_lies/">
<it>Body of Lies''</it></weblink> at <web_site wordnetid="106359193" confidence="0.9508927676800064">
<link xlink:type="simple" xlink:href="../482/832482.xml">
Rotten Tomatoes</link></web_site>
</entry>
<entry level="1" type="bullet">

<weblink xlink:type="simple" xlink:href="http://www.metacritic.com/film/titles/bodyoflies">
<it>Body of Lies''</it></weblink> at <web_site wordnetid="106359193" confidence="0.9508927676800064">
<link xlink:type="simple" xlink:href="../870/805870.xml">
Metacritic</link></web_site>
</entry>
<entry level="1" type="bullet">

<weblink xlink:type="simple" xlink:href="http://www.boxofficemojo.com/movies/?id=bodyoflies.htm">
<it>Body of Lies''</it></weblink> at <web_site wordnetid="106359193" confidence="0.9508927676800064">
<link xlink:type="simple" xlink:href="../966/3386966.xml">
Box Office Mojo</link></web_site>
</entry>
<entry level="1" type="bullet">

<weblink xlink:type="simple" xlink:href="http://www.scoringsessions.com/sessions/29803">
Scoring Session Photo Gallery at ScoringSessions.com</weblink></entry>
<entry level="1" type="bullet">

<weblink xlink:type="simple" xlink:href="http://www.ascmag.com/magazine_dynamic/October2008/BodyofLies/page1.php">
Middle East Intrigue</weblink> at <it><work wordnetid="104599396" confidence="0.8">
<product wordnetid="104007894" confidence="0.8">
<magazine wordnetid="106595351" confidence="0.8">
<print_media wordnetid="106263609" confidence="0.8">
<creation wordnetid="103129123" confidence="0.8">
<press wordnetid="106263369" confidence="0.8">
<artifact wordnetid="100021939" confidence="0.8">
<instrumentality wordnetid="103575240" confidence="0.8">
<medium wordnetid="106254669" confidence="0.8">
<publication wordnetid="106589574" confidence="0.8">
<link xlink:type="simple" xlink:href="../661/1465661.xml">
American Cinematographer</link></publication>
</medium>
</instrumentality>
</artifact>
</press>
</creation>
</print_media>
</magazine>
</product>
</work>
''</it></entry>
</list>
</p>

<p>

<table style=";" class="navbox" cellspacing="0">
<row>
<col style="padding:2px;">
<table style="width:100%;background:transparent;color:inherit;;" class="nowraplinks collapsible autocollapse " cellspacing="0">
<row>
<header colspan="2" style=";" class="navbox-title">
Films directed by <film_director wordnetid="110088200" confidence="0.9173553029164789">
<person wordnetid="100007846" confidence="0.9508927676800064">
<film_maker wordnetid="110088390" confidence="0.9173553029164789">
<actor wordnetid="109765278" confidence="0.9508927676800064">
<link xlink:type="simple" xlink:href="../493/25493.xml">
Ridley Scott</link></actor>
</film_maker>
</person>
</film_director>
</header>
</row>
<row style="height:2px;">

</row>
<row>
<col colspan="2" style="width:100%;padding:0px;;;" class="navbox-list navbox-odd">
<it><movie wordnetid="106613686" confidence="0.9508927676800064">
<link xlink:type="simple" xlink:href="../296/2663296.xml">
The Duellists</link></movie>
</it>&nbsp;(1977)&nbsp;·  <it><movie wordnetid="106613686" confidence="0.9508927676800064">
<link xlink:type="simple" xlink:href="../693/1937693.xml">
Alien</link></movie>
</it>&nbsp;(1979)&nbsp;·  <it><movie wordnetid="106613686" confidence="0.9508927676800064">
<link xlink:type="simple" xlink:href="../745/IB$M$_3745.xml">
Blade Runner</link></movie>
</it>&nbsp;(1982)&nbsp;·  <it><movie wordnetid="106613686" confidence="0.9508927676800064">
<link xlink:type="simple" xlink:href="../084/922084.xml">
Legend</link></movie>
</it>&nbsp;(1985)&nbsp;·  <it><link xlink:type="simple" xlink:href="../116/7235116.xml">
Someone to Watch Over Me</link></it>&nbsp;(1987)&nbsp;·  <it><movie wordnetid="106613686" confidence="0.9508927676800064">
<link xlink:type="simple" xlink:href="../964/3529964.xml">
Black Rain</link></movie>
</it>&nbsp;(1989)&nbsp;·  <it><movie wordnetid="106613686" confidence="0.9508927676800064">
<link xlink:type="simple" xlink:href="../117/106117.xml">
Thelma &amp; Louise</link></movie>
</it>&nbsp;(1991)&nbsp;·  &nbsp;(1992)&nbsp;·  <it><movie wordnetid="106613686" confidence="0.9508927676800064">
<link xlink:type="simple" xlink:href="../261/2430261.xml">
White Squall</link></movie>
</it>&nbsp;(1995)&nbsp;·  <it><movie wordnetid="106613686" confidence="0.9508927676800064">
<link xlink:type="simple" xlink:href="../803/706803.xml">
G.I. Jane</link></movie>
</it>&nbsp;(1997)&nbsp;·  <it><movie wordnetid="106613686" confidence="0.9508927676800064">
<link xlink:type="simple" xlink:href="../797/3616797.xml">
Gladiator</link></movie>
</it>&nbsp;(2000)&nbsp;·  <it><movie wordnetid="106613686" confidence="0.9508927676800064">
<link xlink:type="simple" xlink:href="../452/623452.xml">
Hannibal</link></movie>
</it>&nbsp;(2001)&nbsp;·  <it><movie wordnetid="106613686" confidence="0.9508927676800064">
<link xlink:type="simple" xlink:href="../328/106328.xml">
Black Hawk Down</link></movie>
</it>&nbsp;(2001)&nbsp;·  <it><movie wordnetid="106613686" confidence="0.9508927676800064">
<link xlink:type="simple" xlink:href="../571/4354571.xml">
Matchstick Men</link></movie>
</it>&nbsp;(2003)&nbsp;·  <it><movie wordnetid="106613686" confidence="0.9508927676800064">
<link xlink:type="simple" xlink:href="../186/357186.xml">
Kingdom of Heaven</link></movie>
</it>&nbsp;(2005) &nbsp;·  <it><movie wordnetid="106613686" confidence="0.9508927676800064">
<link xlink:type="simple" xlink:href="../411/3894411.xml">
A Good Year</link></movie>
</it>&nbsp;(2006) &nbsp;·  <it><album wordnetid="106591815" confidence="0.9508927676800064">
<movie wordnetid="106613686" confidence="0.9508927676800064">
<link xlink:type="simple" xlink:href="../604/5017604.xml">
American Gangster</link></movie>
</album>
</it>&nbsp;(2007)&nbsp;·  <it><movie wordnetid="106613686" confidence="0.9508927676800064">
<link xlink:type="simple" xlink:href="../978/10061978.xml">
Body of Lies</link></movie>
</it>&nbsp;(2008)</col>
</row>
</table>
</col>
</row>
</table>
</p>



</sec>
</bdy>
</movie>
</article>
