<?xml version="1.0" encoding="UTF-8"?>
<!-- generated by CLiX/Wiki2XML [MPI-Inf, MMCI@UdS] $LastChangedRevision: 92 $ on 16.04.2009 18:01:21[mciao0828] -->
<!DOCTYPE article SYSTEM "../article.dtd">
<article xmlns:xlink="http://www.w3.org/1999/xlink">
<entity  confidence="0.9511911446218017" wordnetid="100001740">
<actor  confidence="0.9508927676800064" wordnetid="109765278">
<header>
<title>Brittany Snow</title>
<id>1007928</id>
<revision>
<id>244033728</id>
<timestamp>2008-10-09T00:51:00Z</timestamp>
<contributor>
<username>SmackBot</username>
<id>433328</id>
</contributor>
</revision>
<categories>
<category>American film actors</category>
<category>1986 births</category>
<category>People from Tampa, Florida</category>
<category>American television actors</category>
<category>Living people</category>
<category>American child actors</category>
<category>Florida actors</category>
<category>American Roman Catholics</category>
</categories>
</header>
<bdy>
<template>
<name>Infobox actor</name>
<parameters>

<image width="150px" src="">
</image>
<birthplace>
<link xlink:type="simple" xlink:href="../995/92995.xml">
Tampa</link>, <symbol wordnetid="106806469" confidence="0.9508927676800064">
<link xlink:type="simple" xlink:href="../066/18933066.xml">
Florida</link></symbol>
</birthplace>
<name>
Brittany Snow</name>
<birthdate>
March 9, 1986 (1986-03-09) (age&nbsp;23)</birthdate>
<yearsactive>
1995–present</yearsactive>
<birthname>
Brittany Anne Snow</birthname>
</parameters>
</template>

<p>

<b>Brittany Anne Snow</b> (born <link xlink:type="simple" xlink:href="../054/20054.xml">
March 9</link>, <link xlink:type="simple" xlink:href="../761/34761.xml">
1986</link>) is an <body wordnetid="107965085" confidence="0.8">
<social_group wordnetid="107950920" confidence="0.8">
<political_orientation wordnetid="106212839" confidence="0.8">
<colony wordnetid="108374049" confidence="0.8">
<state wordnetid="108168978" confidence="0.8">
<political_unit wordnetid="108359949" confidence="0.8">
<group wordnetid="100031264" confidence="0.8">
<democracy wordnetid="106217103" confidence="0.8">
<link xlink:type="simple" xlink:href="../750/3434750.xml">
American</link></democracy>
</group>
</political_unit>
</state>
</colony>
</political_orientation>
</social_group>
</body>
 television and film actress most known for <it><movie wordnetid="106613686" confidence="0.9508927676800064">
<link xlink:type="simple" xlink:href="../082/1519082.xml">
The Pacifier</link></movie>
</it>, <it><movie wordnetid="106613686" confidence="0.9508927676800064">
<link xlink:type="simple" xlink:href="../233/5095233.xml">
John Tucker Must Die</link></movie>
</it>, <it><movie wordnetid="106613686" confidence="0.9508927676800064">
<link xlink:type="simple" xlink:href="../347/4265347.xml">
Hairspray</link></movie>
</it> and <it><movie wordnetid="106613686" confidence="0.9508927676800064">
<link xlink:type="simple" xlink:href="../104/11901104.xml">
Prom Night</link></movie>
</it>. </p>

<sec>
<st>
 Biography </st>

<ss1>
<st>
 Personal life </st>
<p>

Brittany Snow was born and grew up in <village wordnetid="108672738" confidence="0.9508927676800064">
<link xlink:type="simple" xlink:href="../995/92995.xml">
Tampa, Florida</link></village>
. She is the daughter of Cynthia, who works for <link xlink:type="simple" xlink:href="../050/5421050.xml">
Prentice Hall</link>, and John Snow, Sr, who ran an <link xlink:type="simple" xlink:href="../176/15176.xml">
insurance</link> agency<ref xlink:type="simple" xlink:href="#xpointer(//reflist/entry[@id=%221%22])">1</ref><ref xlink:type="simple" xlink:href="#xpointer(//reflist/entry[@id=%222%22])">2</ref> until retiring to organize Brittany's schedule. She has one half-brother, John Jr., and a half-sister; both of them live in Ohio. She is a good friend of <actor wordnetid="109765278" confidence="0.9508927676800064">
<link xlink:type="simple" xlink:href="../733/4019733.xml">
Bethany Joy Galeotti</link></actor>
, <actor wordnetid="109765278" confidence="0.9508927676800064">
<link xlink:type="simple" xlink:href="../409/2364409.xml">
Vanessa Lengies</link></actor>
, <actor wordnetid="109765278" confidence="0.9508927676800064">
<link xlink:type="simple" xlink:href="../050/1640050.xml">
Sophia Bush</link></actor>
, <person wordnetid="100007846" confidence="0.9508927676800064">
<actor wordnetid="109765278" confidence="0.9173553029164789">
<artist wordnetid="109812338" confidence="0.9508927676800064">
<link xlink:type="simple" xlink:href="../438/2190438.xml">
Ashley Tisdale</link></artist>
</actor>
</person>
, <singer wordnetid="110599806" confidence="0.9173553029164789">
<actor wordnetid="109765278" confidence="0.9173553029164789">
<link xlink:type="simple" xlink:href="../421/203421.xml">
Amanda Bynes</link></actor>
</singer>
, <person wordnetid="100007846" confidence="0.9508927676800064">
<singer wordnetid="110599806" confidence="0.9173553029164789">
<actor wordnetid="109765278" confidence="0.9173553029164789">
<link xlink:type="simple" xlink:href="../483/16705483.xml">
Zac Efron</link></actor>
</singer>
</person>
 and <actor wordnetid="109765278" confidence="0.9508927676800064">
<link xlink:type="simple" xlink:href="../847/3134847.xml">
Arielle Kebbel</link></actor>
. She attended Carrollwood Day School in Tampa, Florida, for her early education (kindergarten through second grade). For middle school, she attended Ben Hill. Brittany is a 2004 graduate of <school wordnetid="108276720" confidence="0.9508927676800064">
<link xlink:type="simple" xlink:href="../084/3000084.xml">
Gaither High School</link></school>
 in <village wordnetid="108672738" confidence="0.9508927676800064">
<link xlink:type="simple" xlink:href="../995/92995.xml">
Tampa, Florida</link></village>
. She enjoys spending time with friends and family, often visiting her hometown of Tampa, Florida. Brittany is <physical_entity wordnetid="100001930" confidence="0.8">
<causal_agent wordnetid="100007347" confidence="0.8">
<link xlink:type="simple" xlink:href="../610/7610.xml">
Catholic</link></causal_agent>
</physical_entity>
.<ref xlink:type="simple" xlink:href="#xpointer(//reflist/entry[@id=%223%22])">3</ref></p>
<p>

Brittany has also recently revealed that she struggled with <link xlink:type="simple" xlink:href="../193/37193.xml">
anorexia nervosa</link> during her teenage years. She has since then joined various causes to promote and try to help other youth struggling with this issue.</p>

</ss1>
<ss1>
<st>
 Career </st>
<p>

Brittany began modeling at the age of three and a half in a print ad for <company wordnetid="108058098" confidence="0.9508927676800064">
<link xlink:type="simple" xlink:href="../052/1686052.xml">
Burdines</link></company>
. She had a popular role at age twelve as troubled teen Susan LeMay on the soap opera <it><link xlink:type="simple" xlink:href="../599/191599.xml">
Guiding Light</link></it> from 1998 to 2001. She is perhaps best known for playing <link>
Meg Pryor</link> on <link xlink:type="simple" xlink:href="../780/21780.xml">
NBC's</link> <it><series wordnetid="108457976" confidence="0.9508927676800064">
<link xlink:type="simple" xlink:href="../613/1023613.xml">
American Dreams</link></series>
</it> and <fictional_character wordnetid="109587565" confidence="0.9508927676800064">
<link xlink:type="simple" xlink:href="../403/3469403.xml">
Ariel Alderman</link></fictional_character>
, a <link xlink:type="simple" xlink:href="../361/54361.xml">
neo-Nazi</link> high school student on the third season of <it><series wordnetid="108457976" confidence="0.9508927676800064">
<link xlink:type="simple" xlink:href="../955/339955.xml">
Nip/Tuck</link></series>
</it>. In 2005, she appeared in <it><movie wordnetid="106613686" confidence="0.9508927676800064">
<link xlink:type="simple" xlink:href="../082/1519082.xml">
The Pacifier</link></movie>
</it> with action star <person wordnetid="100007846" confidence="0.9508927676800064">
<screenwriter wordnetid="110564400" confidence="0.9173553029164789">
<film_maker wordnetid="110088390" confidence="0.9173553029164789">
<actor wordnetid="109765278" confidence="0.9173553029164789">
<link xlink:type="simple" xlink:href="../175/415175.xml">
Vin Diesel</link></actor>
</film_maker>
</screenwriter>
</person>
. In 2006, she was in the film <it><movie wordnetid="106613686" confidence="0.9508927676800064">
<link xlink:type="simple" xlink:href="../233/5095233.xml">
John Tucker Must Die</link></movie>
</it> and voiced <link>
Naminé</link> in the video game <it><result wordnetid="107292694" confidence="0.8">
<idea wordnetid="105833840" confidence="0.8">
<heart wordnetid="105919263" confidence="0.8">
<happening wordnetid="107283608" confidence="0.8">
<impression wordnetid="105916739" confidence="0.8">
<contest wordnetid="107456188" confidence="0.8">
<social_event wordnetid="107288639" confidence="0.8">
<game wordnetid="100456199" confidence="0.8">
<sequel wordnetid="107295507" confidence="0.8">
<ending wordnetid="107291312" confidence="0.8">
<event wordnetid="100029378" confidence="0.8">
<intuition wordnetid="105919034" confidence="0.8">
<psychological_feature wordnetid="100023100" confidence="0.8">
<link xlink:type="simple" xlink:href="../270/1745270.xml">
Kingdom Hearts II</link></psychological_feature>
</intuition>
</event>
</ending>
</sequel>
</game>
</social_event>
</contest>
</impression>
</happening>
</heart>
</idea>
</result>
</it> as well as Shizuku Tsukishima in the <company wordnetid="108058098" confidence="0.9508927676800064">
<link xlink:type="simple" xlink:href="../415/148415.xml">
Studio Ghibli</link></company>
 film, "<product wordnetid="104007894" confidence="0.8">
<creation wordnetid="103129123" confidence="0.8">
<artifact wordnetid="100021939" confidence="0.8">
<event wordnetid="100029378" confidence="0.8">
<social_event wordnetid="107288639" confidence="0.8">
<movie wordnetid="106613686" confidence="0.8">
<show wordnetid="106619065" confidence="0.8">
<psychological_feature wordnetid="100023100" confidence="0.8">
<link xlink:type="simple" xlink:href="../464/571464.xml">
Whisper of the Heart</link></psychological_feature>
</show>
</movie>
</social_event>
</event>
</artifact>
</creation>
</product>
." She more recently appeared in <it><movie wordnetid="106613686" confidence="0.9508927676800064">
<link xlink:type="simple" xlink:href="../347/4265347.xml">
Hairspray</link></movie>
</it>, a film adaptation of the Broadway musical, playing Amber Von Tussle alongside <actor wordnetid="109765278" confidence="0.9508927676800064">
<link xlink:type="simple" xlink:href="../666/62666.xml">
Michelle Pfeiffer</link></actor>
, <actor wordnetid="109765278" confidence="0.9508927676800064">
<link xlink:type="simple" xlink:href="../378/1061378.xml">
James Marsden</link></actor>
, <actor wordnetid="109765278" confidence="0.9508927676800064">
<link xlink:type="simple" xlink:href="../965/5501965.xml">
Nikki Blonsky</link></actor>
, <singer wordnetid="110599806" confidence="0.9173553029164789">
<actor wordnetid="109765278" confidence="0.9173553029164789">
<link xlink:type="simple" xlink:href="../421/203421.xml">
Amanda Bynes</link></actor>
</singer>
, and <person wordnetid="100007846" confidence="0.9508927676800064">
<singer wordnetid="110599806" confidence="0.9173553029164789">
<actor wordnetid="109765278" confidence="0.9173553029164789">
<link xlink:type="simple" xlink:href="../483/16705483.xml">
Zac Efron</link></actor>
</singer>
</person>
. With her role in <it>Hairspray</it>, her musical side is shown in numerous numbers including a solo entitled, "The New Girl In Town", a song previously cut from the Broadway musical version. She played the lead role in <it><movie wordnetid="106613686" confidence="0.9508927676800064">
<link xlink:type="simple" xlink:href="../104/11901104.xml">
Prom Night</link></movie>
</it>, which was released in April 2008.</p>

</ss1>
</sec>
<sec>
<st>
 Filmography </st>
<p>

<table class="wikitable">
<row>
<header>
Year</header>
<header>
Title</header>
<header>
Role</header>
</row>
<row>
<col>
1995</col>
<col>
 <it><product wordnetid="104007894" confidence="0.8">
<creation wordnetid="103129123" confidence="0.8">
<artifact wordnetid="100021939" confidence="0.8">
<event wordnetid="100029378" confidence="0.8">
<social_event wordnetid="107288639" confidence="0.8">
<movie wordnetid="106613686" confidence="0.8">
<show wordnetid="106619065" confidence="0.8">
<psychological_feature wordnetid="100023100" confidence="0.8">
<link xlink:type="simple" xlink:href="../464/571464.xml">
Whisper of the Heart</link></psychological_feature>
</show>
</movie>
</social_event>
</event>
</artifact>
</creation>
</product>
''</it></col>
<col>
Shizuku Tsukishima</col>
</row>
<row>
<col rowspan="1">
2005</col>
<col>
 <it><movie wordnetid="106613686" confidence="0.9508927676800064">
<link xlink:type="simple" xlink:href="../082/1519082.xml">
The Pacifier</link></movie>
''</it></col>
<col>
Zoe Plummer</col>
</row>
<row>
<col rowspan="1">
2006</col>
<col>
 <it><movie wordnetid="106613686" confidence="0.9508927676800064">
<link xlink:type="simple" xlink:href="../233/5095233.xml">
John Tucker Must Die</link></movie>
''</it></col>
<col>
Kate Spencer</col>
</row>
<row>
<col rowspan="2">
2007</col>
<col>
 <it><movie wordnetid="106613686" confidence="0.9508927676800064">
<link xlink:type="simple" xlink:href="../347/4265347.xml">
Hairspray</link></movie>
''</it></col>
<col>
Amber Von Tussle</col>
</row>
<row>
<col>
 <it><product wordnetid="104007894" confidence="0.8">
<creation wordnetid="103129123" confidence="0.8">
<artifact wordnetid="100021939" confidence="0.8">
<event wordnetid="100029378" confidence="0.8">
<social_event wordnetid="107288639" confidence="0.8">
<movie wordnetid="106613686" confidence="0.8">
<show wordnetid="106619065" confidence="0.8">
<psychological_feature wordnetid="100023100" confidence="0.8">
<link xlink:type="simple" xlink:href="../173/17705173.xml">
On the Doll</link></psychological_feature>
</show>
</movie>
</social_event>
</event>
</artifact>
</creation>
</product>
''</it></col>
<col>
Balery</col>
</row>
<row>
<col rowspan="3">
2008</col>
<col>
 <it><movie wordnetid="106613686" confidence="0.9508927676800064">
<link xlink:type="simple" xlink:href="../104/11901104.xml">
Prom Night</link></movie>
''</it></col>
<col>
Donna Keppel</col>
</row>
<row>
<col>
 <it><movie wordnetid="106613686" confidence="0.9508927676800064">
<link xlink:type="simple" xlink:href="../771/16457771.xml">
Finding Amanda</link></movie>
''</it></col>
<col>
Amanda King</col>
</row>
<row>
<col>
 <it><link>
Black Water TSex</link>''</it></col>
<col>
Sardoonah</col>
</row>
<row>
<col rowspan="2">
2009</col>
<col>
 <it><movie wordnetid="106613686" confidence="0.9508927676800064">
<link xlink:type="simple" xlink:href="../840/16279840.xml">
The Vicious Kind</link></movie>
''</it></col>
<col>
Emma</col>
</row>
<row>
<col>
 <it><event wordnetid="100029378" confidence="0.8">
<social_event wordnetid="107288639" confidence="0.8">
<contest wordnetid="107456188" confidence="0.8">
<game wordnetid="100456199" confidence="0.8">
<psychological_feature wordnetid="100023100" confidence="0.8">
<link xlink:type="simple" xlink:href="../370/2367370.xml">
Clock Tower</link></psychological_feature>
</game>
</contest>
</social_event>
</event>
''</it></col>
<col>
Alyssa Hale</col>
</row>
</table>
</p>

<ss1>
<st>
Television</st>
<p>

<list>
<entry level="1" type="bullet">

 <it><link xlink:type="simple" xlink:href="../432/516432.xml">
From the Earth to the Moon</link></it> (1998)</entry>
<entry level="1" type="bullet">

 <it><link xlink:type="simple" xlink:href="../599/191599.xml">
Guiding Light</link></it> (1998-2001), as Susan LeMay #2</entry>
<entry level="1" type="bullet">

 <it><link>
Murphy's Dozen</link></it> (2001)</entry>
<entry level="1" type="bullet">

 <it><series wordnetid="108457976" confidence="0.9508927676800064">
<link xlink:type="simple" xlink:href="../613/1023613.xml">
American Dreams</link></series>
</it> (2002-2005), as Meg Pryor</entry>
<entry level="1" type="bullet">

 <it><series wordnetid="108457976" confidence="0.9508927676800064">
<link xlink:type="simple" xlink:href="../728/291728.xml">
Punk'd</link></series>
</it> (2005)</entry>
<entry level="1" type="bullet">

 <it><series wordnetid="108457976" confidence="0.9508927676800064">
<link xlink:type="simple" xlink:href="../955/339955.xml">
Nip/Tuck</link></series>
</it> (2005) - <fictional_character wordnetid="109587565" confidence="0.9508927676800064">
<link xlink:type="simple" xlink:href="../403/3469403.xml">
Ariel Alderman</link></fictional_character>
 (5 episodes)</entry>
<entry level="1" type="bullet">

  (2006) - "Influence", as Jamie Hoskins</entry>
<entry level="1" type="bullet">

 <it><link xlink:type="simple" xlink:href="../177/41177.xml">
Framed</link></it> (2008) - "Number 5", as Herself</entry>
</list>
</p>

</ss1>
<ss1>
<st>
Other</st>
<p>

<list>
<entry level="1" type="bullet">

 <it><result wordnetid="107292694" confidence="0.8">
<idea wordnetid="105833840" confidence="0.8">
<heart wordnetid="105919263" confidence="0.8">
<happening wordnetid="107283608" confidence="0.8">
<impression wordnetid="105916739" confidence="0.8">
<contest wordnetid="107456188" confidence="0.8">
<social_event wordnetid="107288639" confidence="0.8">
<game wordnetid="100456199" confidence="0.8">
<sequel wordnetid="107295507" confidence="0.8">
<ending wordnetid="107291312" confidence="0.8">
<event wordnetid="100029378" confidence="0.8">
<intuition wordnetid="105919034" confidence="0.8">
<psychological_feature wordnetid="100023100" confidence="0.8">
<link xlink:type="simple" xlink:href="../270/1745270.xml">
Kingdom Hearts II</link></psychological_feature>
</intuition>
</event>
</ending>
</sequel>
</game>
</social_event>
</contest>
</impression>
</happening>
</heart>
</idea>
</result>
</it> (2006) (video game) - as <link>
Naminé</link></entry>
<entry level="1" type="bullet">

 "<product wordnetid="104007894" confidence="0.8">
<creation wordnetid="103129123" confidence="0.8">
<artifact wordnetid="100021939" confidence="0.8">
<event wordnetid="100029378" confidence="0.8">
<social_event wordnetid="107288639" confidence="0.8">
<movie wordnetid="106613686" confidence="0.8">
<show wordnetid="106619065" confidence="0.8">
<psychological_feature wordnetid="100023100" confidence="0.8">
<link xlink:type="simple" xlink:href="../464/571464.xml">
Whisper of the Heart</link></psychological_feature>
</show>
</movie>
</social_event>
</event>
</artifact>
</creation>
</product>
" (2006) (anime feature movie) - as Shizuku Tsukishima</entry>
<entry level="1" type="bullet">

 "<link>
My Girl, My Boo</link>" - Nu Ground (2000) (music video) - as Love Interest</entry>
<entry level="1" type="bullet">

 "<medium wordnetid="106254669" confidence="0.9508927676800064">
<link xlink:type="simple" xlink:href="../384/7434384.xml">
The Phrase That Pays</link></medium>
" - <musical_organization wordnetid="108246613" confidence="0.8">
<group wordnetid="100031264" confidence="0.8">
<link xlink:type="simple" xlink:href="../076/1981076.xml">
The Academy Is...</link></group>
</musical_organization>
 (2006) (music video) - as Nurse</entry>
<entry level="1" type="bullet">

 "<weblink xlink:type="simple" xlink:href="http://www.vh1.com/video/play.jhtml?artist=1233090&amp;vid=220185">
Sing Along</weblink>" - <group wordnetid="100031264" confidence="0.8">
<link xlink:type="simple" xlink:href="../668/3525668.xml">
Virginia Coalition</link></group>
 (2008) (music video)</entry>
<entry level="1" type="bullet">

 "<link xlink:type="simple" xlink:href="../521/238521.xml">
Ride</link>" - <artist wordnetid="109812338" confidence="0.9508927676800064">
<link xlink:type="simple" xlink:href="../846/1837846.xml">
Cary Brothers</link></artist>
 (<link xlink:type="simple" xlink:href="../372/892372.xml">
Tiesto</link> Remix) (2008) (music video)</entry>
<entry level="1" type="bullet">

 "<link xlink:type="simple" xlink:href="../225/149225.xml">
ACDC</link>- <link>
Adam/Chu Dance Crew</link> (2008) (YouTube)</entry>
</list>
</p>

</ss1>
</sec>
<sec>
<st>
Discography</st>

<ss1>
<st>
Soundtracks</st>
<p>

<list>
<entry level="1" type="bullet">

 2007: <album wordnetid="106591815" confidence="0.9508927676800064">
<link xlink:type="simple" xlink:href="../049/10608049.xml">
<it>Hairspray</it> Soundtrack</link></album>
 - <link xlink:type="simple" xlink:href="../809/15809.xml">
July 10</link>, <link xlink:type="simple" xlink:href="../165/36165.xml">
2007</link></entry>
</list>
</p>

</ss1>
</sec>
<sec>
<st>
References</st>

<p>

<reflist>
<entry id="1">
<weblink xlink:type="simple" xlink:href="http://nl.newsbank.com/nl-search/we/Archives?p_product=DDNB&amp;p_theme=ddnb&amp;p_action=search&amp;p_maxdocs=200&amp;p_topdoc=1&amp;p_text_direct-0=100C7328547BE4C4&amp;p_field_direct-0=document_id&amp;p_perpage=10&amp;p_sort=YMD_date:D&amp;s_trackval=GooglePM">
Dayton Daily News Archive of Past Articles</weblink></entry>
<entry id="2">
<weblink xlink:type="simple" xlink:href="http://www.sptimes.com/2007/07/19/Movies/Snow_focuses_on_work_.shtml">
Movies: Snow focuses on work, not image</weblink></entry>
<entry id="3">
<weblink xlink:type="simple" xlink:href="http://web.archive.org/web/20061114091849/http://www.brittany-snow.com/Interviews/exclusive.htm">
Exclusive Interview</weblink></entry>
</reflist>
</p>

</sec>
<sec>
<st>
 External links </st>
<p>

<list>
<entry level="1" type="bullet">

 <weblink xlink:type="simple" xlink:href="http://www.imdb.com/name/nm0811242/">
Brittany Snow</weblink> at the <web_site wordnetid="106359193" confidence="0.9508927676800064">
<link xlink:type="simple" xlink:href="../554/2855554.xml">
Internet Movie Database</link></web_site>
</entry>
<entry level="1" type="bullet">

 <weblink xlink:type="simple" xlink:href="http://www.tv.com/person/16126/summary.html">
Brittany Snow</weblink> at <web_site wordnetid="106359193" confidence="0.9508927676800064">
<link xlink:type="simple" xlink:href="../055/2026055.xml">
TV.com</link></web_site>
</entry>
</list>
</p>



</sec>
</bdy>
</actor>
</entity>
</article>
