<?xml version="1.0" encoding="UTF-8"?>
<!-- generated by CLiX/Wiki2XML [MPI-Inf, MMCI@UdS] $LastChangedRevision: 92 $ on 17.04.2009 00:08:56[mciao0826] -->
<!DOCTYPE article SYSTEM "../article.dtd">
<article xmlns:xlink="http://www.w3.org/1999/xlink">
<region  confidence="0.8" wordnetid="108630985">
<vicinity  confidence="0.8" wordnetid="108641113">
<area  confidence="0.8" wordnetid="108497294">
<location  confidence="0.8" wordnetid="100027167">
<section  confidence="0.8" wordnetid="108648322">
<header>
<title>Dosti Acres</title>
<id>10073799</id>
<revision>
<id>242379360</id>
<timestamp>2008-10-02T00:26:41Z</timestamp>
<contributor>
<username>The Anomebot2</username>
<id>1979668</id>
</contributor>
</revision>
<categories>
<category>Neighbourhoods in Mumbai</category>
<category>India articles missing geocoordinate data</category>
</categories>
</header>
<bdy>

<b>Dosti Acres</b> is a large residential complex constructed by the Dosti Group of <legal_power wordnetid="105198427" confidence="0.9508927676800064">
<link xlink:type="simple" xlink:href="../189/19189.xml">
Mumbai</link></legal_power>
, housing more than 1200 families. It is located at New Wadala, <legal_power wordnetid="105198427" confidence="0.9508927676800064">
<link xlink:type="simple" xlink:href="../189/19189.xml">
Mumbai</link></legal_power>
, which is the name given to that area in <link xlink:type="simple" xlink:href="../391/946391.xml">
Wadala</link>, which is predominantly residential.


<sec>
<st>
 History and Location </st>
<p>

Wadala East was known to be a slum infested area with a scattering of oil tanks, warehouses, salt pans and burial grounds. However, starting from 2000, many real estate developers started purchasing land from the government and transformed parts of the area into lower to upper middle class residential areas. The construction of the <company wordnetid="108058098" confidence="0.9508927676800064">
<link xlink:type="simple" xlink:href="../255/15505255.xml">
Adlabs Cinemas</link></company>
 <message wordnetid="106598915" confidence="0.8">
<invention wordnetid="105633385" confidence="0.8">
<information wordnetid="106634376" confidence="0.8">
<format wordnetid="106636806" confidence="0.8">
<link xlink:type="simple" xlink:href="../787/173787.xml">
IMAX</link></format>
</information>
</invention>
</message>
 theatre and dome complex has also helped in starting the trend of residential apartment blocks at <link xlink:type="simple" xlink:href="../391/946391.xml">
Wadala</link>. Among the major residential complexes here are Bhakti Park, Dosti Estates, Dosti Acres and the two Lloyds' towers. Dosti Acres is located almost exactly at the infamous <region wordnetid="108630985" confidence="0.8">
<vicinity wordnetid="108641113" confidence="0.8">
<area wordnetid="108497294" confidence="0.8">
<location wordnetid="100027167" confidence="0.8">
<section wordnetid="108648322" confidence="0.8">
<link xlink:type="simple" xlink:href="../027/3480027.xml">
Antop Hill</link></section>
</location>
</area>
</vicinity>
</region>
 area. Coming from the <region wordnetid="108630985" confidence="0.8">
<residential_district wordnetid="108553535" confidence="0.8">
<suburb wordnetid="108554440" confidence="0.8">
<location wordnetid="100027167" confidence="0.8">
<district wordnetid="108552138" confidence="0.8">
<link xlink:type="simple" xlink:href="../308/570308.xml">
Dadar</link></district>
</location>
</suburb>
</residential_district>
</region>
 or <ethnic_group wordnetid="107967382" confidence="0.9508927676800064">
<link xlink:type="simple" xlink:href="../712/43712.xml">
Parsi</link></ethnic_group>
 Colony (5 gardens) side, one would pass the <company wordnetid="108058098" confidence="0.9508927676800064">
<link xlink:type="simple" xlink:href="../634/7971634.xml">
Indian Oil Corporation</link></company>
 tank and the <link xlink:type="simple" xlink:href="../891/1340891.xml">
Bombay Port Trust</link> apartment block, then the Dosti Estates apartment block and finally reach this complex after climbing the Uphill Link road. The other gate of the complex opens out towards the <link xlink:type="simple" xlink:href="../498/533498.xml">
Sion</link> area.</p>

</sec>
<sec>
<st>
 Accessibility and public transport </st>

<p>

The complex is 5 minutes away by car from both <region wordnetid="108630985" confidence="0.8">
<residential_district wordnetid="108553535" confidence="0.8">
<suburb wordnetid="108554440" confidence="0.8">
<location wordnetid="100027167" confidence="0.8">
<district wordnetid="108552138" confidence="0.8">
<link xlink:type="simple" xlink:href="../308/570308.xml">
Dadar</link></district>
</location>
</suburb>
</residential_district>
</region>
 and <link xlink:type="simple" xlink:href="../498/533498.xml">
Sion</link>. There are many buses which ply along the wadala route - <region wordnetid="108630985" confidence="0.8">
<vicinity wordnetid="108641113" confidence="0.8">
<area wordnetid="108497294" confidence="0.8">
<location wordnetid="100027167" confidence="0.8">
<section wordnetid="108648322" confidence="0.8">
<link xlink:type="simple" xlink:href="../027/3480027.xml">
Antop Hill</link></section>
</location>
</area>
</vicinity>
</region>
 being a major bus stop. The harbour line also passes through Wadala, and is also 5 minutes away by vehicle from this complex.</p>
<p>

The following bus routes can be used to commute to and from <b>Dosti Acres</b>.</p>
<p>

9 ,67, 76, 88, 14, 15, 110 , 172, 341, 180, 181</p>

</sec>
<sec>
<st>
 Buildings </st>
<p>

Lily</p>
<p>

Carnation</p>
<p>

Iris</p>
<p>

Aster</p>
<p>

Clover</p>
<p>

Erica</p>
<p>

Olive</p>
<p>

Daisy</p>
<p>

Lotus</p>
<p>

Tulip</p>
<p>

Orchid</p>
<p>

Blossom</p>

</sec>
<sec>
<st>
 Facilities </st>

<p>

Dosti Acres has a podium structure. There is a Club House at the centre of the complex. The Club House also opens out into the podium. A swimming and a landscaped garden complete with a strolling path dominated the podium. 7 residential towers overlook the Club House and the podium.</p>
<p>

There is a jogging track inside another landscaped garden near the Uphill Link road entrance.</p>

</sec>
<sec>
<st>
External links</st>

<p>

1. <weblink xlink:type="simple" xlink:href="http://www.dostigroup.com">
The Dosti Group website</weblink>
2. <weblink xlink:type="simple" xlink:href="http://www.adlabscinemas.com">
Adlabs website</weblink></p>
<p>

Coordinates needed: </p>

</sec>
</bdy>
</section>
</location>
</area>
</vicinity>
</region>
</article>
