<?xml version="1.0" encoding="UTF-8"?>
<!-- generated by CLiX/Wiki2XML [MPI-Inf, MMCI@UdS] $LastChangedRevision: 92 $ on 17.04.2009 00:09:14[mciao0825] -->
<!DOCTYPE article SYSTEM "../article.dtd">
<article xmlns:xlink="http://www.w3.org/1999/xlink">
<header>
<title>Buchli drive</title>
<id>10119206</id>
<revision>
<id>241843466</id>
<timestamp>2008-09-29T19:54:14Z</timestamp>
<contributor>
<username>Skipweasel</username>
<id>3936824</id>
</contributor>
</revision>
<categories>
<category>Miscellaneous articles needing expert attention</category>
<category>Rail transport in Switzerland</category>
<category>Trains articles needing expert attention</category>
<category>Rolling stock</category>
<category>Rail technologies</category>
<category>Articles needing expert attention</category>
<category>Pages needing expert attention</category>
</categories>
</header>
<bdy>

<table class="metadata plainlinks ambox ">
<row>
<col>

ambox-content" style=""</col>
</row>
<row>
<col class="mbox-image"><p>

<image width="40x40px" src="Ambox_content.png">
</image>
</p>
</col>
<col style="" class="mbox-text">
 <b>This article or section is in need of attention from an expert on the subject.</b><p>

  may be able to help recruit one.
If a more appropriate  or 
portalexists, please adjust this template accordingly.</p>
</col>
</row>
</table>

<p>

<image width="150px" src="Buchli-Gelenkhebelantrieb.jpg" type="thumb">
<caption>

Buchli-Toggle drive with inner frame
</caption>
</image>
</p>
<p>

The <b>Buchli drive</b> is a transmission system used in <link xlink:type="simple" xlink:href="../883/390883.xml">
electric locomotive</link>s. It was named after its inventor, Swiss engineer <link>
Jakob Buchli</link> . The drive is a fully spring-loaded <link xlink:type="simple" xlink:href="../812/7965812.xml">
drive</link>, in which each floating axle has an individual motor, that is placed in the spring mounted <link xlink:type="simple" xlink:href="../921/1240921.xml">
locomotive frame</link>.  The weight of the driving <link xlink:type="simple" xlink:href="../086/76086.xml">
motors</link> is completely disconnected from the driving wheels, which are exposed to movement of the rails.</p>
<p>

First used in electric locomotives from the 1920s, the Buchli drive made possible the construction of faster and more powerful locomotives that required larger and heavier <link xlink:type="simple" xlink:href="../613/1081613.xml">
traction motors</link>. The system minimising the impact on <link xlink:type="simple" xlink:href="../365/321365.xml">
rail track</link>s due to the reduction in the overall <link xlink:type="simple" xlink:href="../944/230944.xml">
unsprung weight</link>. Although the drive was very successful though the 1930s, it is little used in modern locomotives, having been replaced with smaller, simpler drives that exhibit less <link xlink:type="simple" xlink:href="../011/5011.xml">
imbalance</link> and allow higher speeds.</p>

<sec>
<st>
Construction</st>
<p>

<image width="150px" src="Buchli-Antrieb-de.jpg" type="thumb">
<caption>

Buchli-Toggle-drive
</caption>
</image>
</p>
<p>

In a Buchli drive a driven <link xlink:type="simple" xlink:href="../916/82916.xml">
gear wheel</link> is securely fixed to the locomotive <link xlink:type="simple" xlink:href="../921/1240921.xml">
locomotive frame</link>. Inside this gear wheel are two levels, coupled to gear segments that mesh with one another. The other end of the levers is are coupled via <link xlink:type="simple" xlink:href="../948/144948.xml">
universal joint</link>s to tension bars, which are then coupled via more universal joints to the driving rail wheel.<ref xlink:type="simple" xlink:href="#xpointer(//reflist/entry[@id=%221%22])">1</ref></p>
<p>

Vertical movement of the driving wheel results in the the gear segments moving due to the internal mechanism, and the driving wheel can move in a horizontal or vertical direction with respect to the gear wheel, while still transferring the momentum of the gear wheel.<ref xlink:type="simple" xlink:href="#xpointer(//reflist/entry[@id=%221%22])">1</ref></p>
<p>

A disadvantage of the drive was the large number of moving parts, which demanded frequent <link xlink:type="simple" xlink:href="../221/309221.xml">
lubrication</link> and careful maintenance. As a result the Buchli drive system was mainly used on express train locomotives, as there were no other drive systems that gave the same performance at high speeds. However, at higher speeds the drive components became  unbalanced, causing issues at speeds over 140 km per hour.</p>

</sec>
<sec>
<st>
Standard design</st>
<p>

The Buchli drive was exported to other rail companies as one sided separate <link xlink:type="simple" xlink:href="../613/1081613.xml">
traction motor</link> drive, usually with an inside frame.</p>
<p>

The motor framework with the wheelset bearing is located between the wheel disks of the driving wheels. The gear wheel, which is housed in an auxiliary frame outside the driving wheels and is surrounded by a protective casing, is on one side of the driving wheels.  Each gear wheel is driven by an individual traction motor, which is located above the gear wheel in the locomotive body. </p>
<p>

With this implementation, a strongly one-sided weight distribution occurs in the underframe through the remote gear wheels. In order to maintain stability of the locomotive on the longitudinal axis, heavy equipment inside the locomotive body must be arranged on the opposite side of the drive equipment.  </p>
<p>

Locomotives with a Buchli drive also typically have an asymmetrical appearance: on one side, the bearings of the drive wheels are visible, on the other side, they are almost completely covered by the wheel cover box of the gear wheels. </p>

</sec>
<sec>
<st>
Other designs</st>
<p>

<image width="150px" src="Ae_4-7_Testfahrt_r4c.jpg" type="thumb">
<caption>

Two Ae 4/7 on a trial run in 2007. Note the difference in appearance; both sides can be seen
</caption>
</image>
</p>
<p>

In addition to the standard implementation, there were also the following variations:</p>

<ss1>
<st>
Outside frame</st>
<p>

The engine framework with the driving wheel housing is outside the wheel disks of the driving wheels.  The driving wheel is enclosed by a quill camped in the locomotive cabinet, on which the gear wheel sits.  Examples included the <car wordnetid="102958343" confidence="0.9508927676800064">
<link xlink:type="simple" xlink:href="../079/3624079.xml">
Pennsylvania Railroad O1b</link></car>
, and the <company wordnetid="108058098" confidence="0.8">
<institution wordnetid="108053576" confidence="0.8">
<link xlink:type="simple" xlink:href="../599/1162599.xml">
Deutsche Reichsbahn</link></institution>
</company>
 ET11.01.</p>

</ss1>
<ss1>
<st>
Group drive</st>
<p>

The motor is arranged between the floating axles. A common pinion or a pinion on both motor end drives the gear wheels of the neighbouring axes.  <weblink xlink:type="simple" xlink:href="http://patft.uspto.gov/netacgi/nph-Parser?patentnumber=1683674">
U.S. Patent 1,683,674</weblink><weblink xlink:type="simple" xlink:href="http://www.pat2pdf.org/pat2pdf/foo.pl?number=1683674">
&nbsp;</weblink> described this design,  but vehicles implementing it are not known.  </p>

</ss1>
<ss1>
<st>
Bilateral drive</st>
<p>

The driving wheel is coupled with two gear wheels, and the motor has a pinion on both sides.<ref xlink:type="simple" xlink:href="#xpointer(//reflist/entry[@id=%222%22])">2</ref> The taps in the wheel disk are warped about 90 degrees against each other so that the drive imbalance can be reduced. This version of the driver was used for greater driving power.</p>
<p>

However with this arrangement, there is the danger of mechanical stress in the drive components. About these of the driving engine waves distant, to hold, was molted the pinions executed. Examples included the French express train locomotives:  SNCF 2D2 5400, SNCF 2D2 5500, SNCF 2D2 9100.</p>

</ss1>
<ss1>
<st>
Two motors per axis</st>
<p>

Two driving motors work on one common gear wheel, which is interconnected with a driving wheel. Examples include the  Pennsylvania Railroad O1b.</p>

</ss1>
</sec>
<sec>
<st>
Locomotive with Buchli drive</st>
<p>

<image width="150px" src="Ae4-7.jpg" type="thumb">
<caption>

SBB-CFF-FFS Ae 4/7 class locomotive
</caption>
</image>
</p>
<p>

Nearly 240 locomotives of the SBB with Buchli drive were in use for over sixty years.  The SBB Ae 3/6I class locomotives were in operation from 1921 to 1994.  French tracks had 100 express train locomotives using the Buchli drive, in service for fifty years.  </p>
<p>

<list>
<entry level="1" type="bullet">

<company wordnetid="108058098" confidence="0.8">
<institution wordnetid="108053576" confidence="0.8">
<link xlink:type="simple" xlink:href="../227/224227.xml">
SBB-CFF-FFS</link></institution>
</company>
, Switzerland</entry>
<entry level="2" type="bullet">

<link>
SBB Be 2/5</link> (Prototype locomotive) ()</entry>
<entry level="2" type="bullet">

<link>
SBB Ae 4/8</link> (Prototype locomotive) ()</entry>
<entry level="2" type="bullet">

<link>
SBB Ae 3/6 I</link> ()</entry>
<entry level="2" type="bullet">

<link xlink:type="simple" xlink:href="../343/18270343.xml">
SBB Ae 4/7</link></entry>
<entry level="2" type="bullet">

<link>
SBB Ae 8/14</link> (11801)()</entry>
</list>
</p>
<p>

<list>
<entry level="1" type="bullet">

<company wordnetid="108058098" confidence="0.8">
<institution wordnetid="108053576" confidence="0.8">
<link xlink:type="simple" xlink:href="../599/1162599.xml">
Deutsche Reichsbahn</link></institution>
</company>
, Germany</entry>
<entry level="2" type="bullet">

<link xlink:type="simple" xlink:href="../637/3932637.xml">
E 16</link> (116) ()</entry>
<entry level="2" type="bullet">

<link>
ET 11.01</link> double railcars Bo'2'+2'Bo'. Constructed in 1938, implementation without frame. The vehicle was rebuilt in the 1960s and the Buchli drive system was removed</entry>
</list>
</p>
<p>

<list>
<entry level="1" type="bullet">

<company wordnetid="108058098" confidence="0.8">
<institution wordnetid="108053576" confidence="0.8">
<link xlink:type="simple" xlink:href="../110/87110.xml">
SNCF</link></institution>
</company>
</entry>
<entry level="2" type="bullet">

<link>
SNCF Class 2D2 5400</link> (mutual drive) ()</entry>
<entry level="2" type="bullet">

<link>
SNCF Class 2D2 5500</link> (mutual drive) ()</entry>
<entry level="2" type="bullet">

<link>
SNCF Class 2D2 9100</link> (mutual drive) ()</entry>
</list>
</p>
<p>

<list>
<entry level="1" type="bullet">

<company wordnetid="108058098" confidence="0.8">
<institution wordnetid="108053576" confidence="0.8">
<link xlink:type="simple" xlink:href="../423/3223423.xml">
Indonesian national railway</link></institution>
</company>
</entry>
<entry level="2" type="bullet">

3000 - 4 Stk 1'Do1' locomotives for the 1.5 kV <link>
electrification</link> system, manufactured by Werkspoor in the Netherlands in 1924, scrapped 1976 or thereabouts. At this locomotive was placed on the <link xlink:type="simple" xlink:href="../336/69336.xml">
Java</link> <link xlink:type="simple" xlink:href="../945/143945.xml">
rack railway</link> for the first time.<weblink xlink:type="simple" xlink:href="http://irps.or.id/images/elok5.jpg">
image</weblink></entry>
</list>
</p>
<p>

<list>
<entry level="1" type="bullet">

<company wordnetid="108058098" confidence="0.8">
<institution wordnetid="108053576" confidence="0.8">
<link xlink:type="simple" xlink:href="../008/12613008.xml">
Japanese Government Railways</link></institution>
</company>
</entry>
<entry level="2" type="bullet">

7000 - (1A)Bo(A1), constructed in 1926, later renumbered as the ED54 class ()</entry>
</list>
</p>
<p>

<list>
<entry level="1" type="bullet">

<company wordnetid="108058098" confidence="0.9508927676800064">
<link xlink:type="simple" xlink:href="../887/655887.xml">
Indian Railways</link></company>
</entry>
<entry level="2" type="bullet">

 EC/1 4002 - 2'Co2' - constructed in 1927.</entry>
</list>
</p>
<p>

<list>
<entry level="1" type="bullet">

<company wordnetid="108058098" confidence="0.8">
<institution wordnetid="108053576" confidence="0.8">
<link xlink:type="simple" xlink:href="../225/224225.xml">
RENFE</link></institution>
</company>
</entry>
<entry level="2" type="bullet">

RENFE series 272, ordered by predecessor company NORTE, 12 constructed in 1928 as the Stk 2'Co'Co'2' for a 1.5 kV supply voltage.</entry>
</list>
</p>
<p>

<list>
<entry level="1" type="bullet">

<link>
Paulista-Railway</link>, Brazil </entry>
<entry level="2" type="bullet">

 320, 1'Do1', constructed in 1932. </entry>
</list>
</p>
<p>

<list>
<entry level="1" type="bullet">

<company wordnetid="108058098" confidence="0.8">
<institution wordnetid="108053576" confidence="0.8">
<link xlink:type="simple" xlink:href="../791/6929791.xml">
Czechoslovak State Railways</link></institution>
</company>
</entry>
<entry level="2" type="bullet">

<link>
E 465.0</link> - 2 Stk 1'Do1' locomotive for 1.5 kV supply voltage. Built in 1927 and scrapped in 1962</entry>
</list>
</p>
<p>

<list>
<entry level="1" type="bullet">

<railway wordnetid="104048568" confidence="0.8">
<company wordnetid="108058098" confidence="0.8">
<enterprise wordnetid="108056231" confidence="0.8">
<carrier wordnetid="108057633" confidence="0.8">
<business wordnetid="108061042" confidence="0.8">
<institution wordnetid="108053576" confidence="0.8">
<link xlink:type="simple" xlink:href="../965/320965.xml">
Pennsylvania Railroad</link></institution>
</business>
</carrier>
</enterprise>
</company>
</railway>
, <body wordnetid="107965085" confidence="0.8">
<social_group wordnetid="107950920" confidence="0.8">
<political_orientation wordnetid="106212839" confidence="0.8">
<colony wordnetid="108374049" confidence="0.8">
<state wordnetid="108168978" confidence="0.8">
<political_unit wordnetid="108359949" confidence="0.8">
<group wordnetid="100031264" confidence="0.8">
<democracy wordnetid="106217103" confidence="0.8">
<link xlink:type="simple" xlink:href="../750/3434750.xml">
United States</link></democracy>
</group>
</political_unit>
</state>
</colony>
</political_orientation>
</social_group>
</body>
</entry>
<entry level="2" type="bullet">

<car wordnetid="102958343" confidence="0.9508927676800064">
<link xlink:type="simple" xlink:href="../079/3624079.xml">
Pennsylvania Railroad O1b</link></car>
 - 2 Stk 2'Bo2' locomotives. Built with inside frame and two driving motors per axle.</entry>
</list>
</p>
<p>

<list>
<entry level="1" type="bullet">

<railway wordnetid="104048568" confidence="0.8">
<company wordnetid="108058098" confidence="0.8">
<enterprise wordnetid="108056231" confidence="0.8">
<carrier wordnetid="108057633" confidence="0.8">
<business wordnetid="108061042" confidence="0.8">
<institution wordnetid="108053576" confidence="0.8">
<link xlink:type="simple" xlink:href="../460/2385460.xml">
Circumvesuviana</link></institution>
</business>
</carrier>
</enterprise>
</company>
</railway>
, Italy</entry>
<entry level="2" type="bullet">

1'Do1' locomotive, type and number unknown.</entry>
</list>
</p>

</sec>
<sec>
<st>
See also</st>
<p>

<list>
<entry level="1" type="bullet">

 <link xlink:type="simple" xlink:href="../644/1081644.xml">
Quill drive</link></entry>
</list>
</p>

</sec>
<sec>
<st>
Sources</st>
<p>

<it>This article was mostly translated from the  of March 2007.</it></p>

</sec>
<sec>
<st>
References</st>


<p>

<reflist>
<entry id="1">
P. Ransome-Wallis&#32;(2001).&#32;"<weblink xlink:type="simple" xlink:href="http://books.google.com/books?id=rsOYinjYGCkC&amp;pg=PA179&amp;lpg=PA179&amp;dq=Buchli+drive&amp;source=web&amp;ots=zWItvH6gzs&amp;sig=-h_oMtPVqx8_LgMHPLUev4Z0dQQ&amp;hl=en&amp;sa=X&amp;oi=book_result&amp;resnum=6&amp;ct=result#PPA179,M1">
Illustrated Encyclopedia of World Railway Locomotives</weblink>".&#32;  Courier Dover Publications.&#32;Retrieved on <link>
2008-07-06</link>.</entry>
<entry id="2">
"<weblink xlink:type="simple" xlink:href="http://std.iec.ch/iev/iev.nsf/display?openform&amp;ievref=811-15-08">
Electric traction: Axles drives: bilateral transmission</weblink>".&#32;<it>IEC 60050 - International Electrotechnical Vocabulary</it>.&#32;  std.iec.ch.&#32;Retrieved on <link>
2008-07-06</link>.</entry>
</reflist>
</p>

</sec>
<sec>
<st>
Further reading</st>
<p>

<list>
<entry level="1" type="bullet">

 Gustav Nagel: <it>Hierzulande ein Exot. Der Buchli-Antrieb</it>. In: <it>LOK MAGAZIN</it>. Nr. 253/Jahrgang 41/2002. GeraNova Zeitschriftenverlag GmbH München, <symbol wordnetid="106806469" confidence="0.8">
<standard wordnetid="107260623" confidence="0.8">
<signal wordnetid="106791372" confidence="0.8">
<identifier wordnetid="107270601" confidence="0.8">
<system_of_measurement wordnetid="113577171" confidence="0.8">
<link xlink:type="simple" xlink:href="../930/234930.xml">
ISSN</link></system_of_measurement>
</identifier>
</signal>
</standard>
</symbol>
 <weblink xlink:type="simple" xlink:href="http://worldcat.org/issn/0458-1822">
0458-1822</weblink>, S. 64-65.</entry>
<entry level="1" type="bullet">

 Werner Nef: <it>Buchli-Oldtimer der Schweiz</it>, 2003, ISBN 3-765-47125-9</entry>
<entry level="1" type="bullet">

 Karl Sachs: <it>Elektrische Treibfahrzeuge</it>, 1953, Band I, S. 298-301</entry>
</list>
</p>
<p>

<list>
<entry level="1" type="bullet">

 <weblink xlink:type="simple" xlink:href="http://patft.uspto.gov/netacgi/nph-Parser?patentnumber=1298881">
U.S. Patent 1,298,881</weblink><weblink xlink:type="simple" xlink:href="http://www.pat2pdf.org/pat2pdf/foo.pl?number=1298881">
&nbsp;</weblink></entry>
<entry level="1" type="bullet">

 German Patent 304997</entry>
</list>
</p>



</sec>
</bdy>
</article>
