<?xml version="1.0" encoding="UTF-8"?>
<!-- generated by CLiX/Wiki2XML [MPI-Inf, MMCI@UdS] $LastChangedRevision: 92 $ on 17.04.2009 00:03:07[mciao0828] -->
<!DOCTYPE article SYSTEM "../article.dtd">
<article xmlns:xlink="http://www.w3.org/1999/xlink">
<school  confidence="0.9508927676800064" wordnetid="108276720">
<mathematics  confidence="0.9511911446218017" wordnetid="106000644">
<header>
<title>Christleton High School</title>
<id>10143509</id>
<revision>
<id>244105787</id>
<timestamp>2008-10-09T11:17:32Z</timestamp>
<contributor>
<username>Keith D</username>
<id>2278355</id>
</contributor>
</revision>
<categories>
<category>Comprehensive schools in Cheshire</category>
<category>Business and Enterprise Colleges in England</category>
<category>Mathematics and Computing Colleges in England</category>
</categories>
</header>
<bdy>
<template>
<name>Infobox UK school</name>
<parameters>

<image width="150px" src="CHS_logo.gif">
<caption>

CHS_logo.gif
</caption>
</image>
<ofsted>
111421</ofsted>
<street>
Village Road</street>
<specialist>
<link xlink:type="simple" xlink:href="../954/3359954.xml">
Business and Enterprise College</link>, <link xlink:type="simple" xlink:href="../917/9932917.xml">
Maths and Computing College</link></specialist>
<dms>
dms</dms>
<type>
<link xlink:type="simple" xlink:href="../350/699350.xml">
Comprehensive</link> <link xlink:type="simple" xlink:href="../442/555442.xml">
community school</link></type>
<chair_label>
Chair</chair_label>
<upper_age>
18</upper_age>
<city>
<site wordnetid="108651247" confidence="0.9508927676800064">
<link xlink:type="simple" xlink:href="../928/4415928.xml">
Christleton</link></site>
</city>
<staff>
140</staff>
<name>
Christleton High School</name>
<gender>
<link xlink:type="simple" xlink:href="../118/364118.xml">
Coeducational</link></gender>
<enrollment>
1,276</enrollment>
<longitude>
-2.83320</longitude>
<head>
Mr. Tony Lamberton</head>
<lower_age>
11</lower_age>
<head_label>
Headteacher</head_label>
<website>
http://www.christletonhigh.co.uk/</website>
<established>
September 1958</established>
<postcode>
CH3 7AD</postcode>
<LEA>
<county wordnetid="108546183" confidence="0.9508927676800064">
<link xlink:type="simple" xlink:href="../406/7406.xml">
Cheshire</link></county>
</LEA>
<publication>
The Swan<ref xlink:type="simple" xlink:href="#xpointer(//reflist/entry[@id=%226%22])">6</ref></publication>
<country>
<country wordnetid="108544813" confidence="0.9508927676800064">
<link xlink:type="simple" xlink:href="../316/9316.xml">
England</link></country>
</country>
<size>
100px</size>
<chair>
Mrs S Leake</chair>
<county>
<county wordnetid="108546183" confidence="0.9508927676800064">
<link xlink:type="simple" xlink:href="../406/7406.xml">
Cheshire</link></county>
</county>
<specialist_pl>
true</specialist_pl>
<motto>
<it>We strive to be a happy, hardworking and courteous school</it><ref xlink:type="simple" xlink:href="#xpointer(//reflist/entry[@id=%225%22])">5</ref></motto>
<latitude>
53.18316</latitude>
</parameters>
</template>

<p>

<b>Christleton High School</b> is a large comprehensive school located in the small village of <site wordnetid="108651247" confidence="0.9508927676800064">
<link xlink:type="simple" xlink:href="../928/4415928.xml">
Christleton</link></site>
 on the outskirts of <site wordnetid="108651247" confidence="0.9508927676800064">
<link xlink:type="simple" xlink:href="../718/153718.xml">
Chester</link></site>
. Its current headmaster is Mr Tony Lamberton. The school has Specialist status in Maths and Computing with Business and Enterprise. It has its own <link xlink:type="simple" xlink:href="../641/163641.xml">
Sixth Form</link> and so offers <link xlink:type="simple" xlink:href="../238/164238.xml">
A-Levels</link>, amongst many other qualifications.</p>

<sec>
<st>
 School uniform </st>
<p>

The current <link xlink:type="simple" xlink:href="../237/38237.xml">
uniform</link> for the school consists of a white <link xlink:type="simple" xlink:href="../117/264117.xml">
shirt</link> (or polo shirt during the summer term), grey or black <link xlink:type="simple" xlink:href="../105/19150105.xml">
trousers</link> or <link xlink:type="simple" xlink:href="../676/231676.xml">
skirt</link>, a tie (optional during the summer term) and a blue <link xlink:type="simple" xlink:href="../337/185337.xml">
sweatshirt</link>. The sixth form have a more relaxed <link xlink:type="simple" xlink:href="../237/38237.xml">
uniform</link>, consisting of - for males - a top with collar (<link xlink:type="simple" xlink:href="../117/264117.xml">
shirt</link> or <link xlink:type="simple" xlink:href="../916/151916.xml">
t-shirt</link>) and any <link xlink:type="simple" xlink:href="../105/19150105.xml">
trousers</link> excluding <link xlink:type="simple" xlink:href="../165/1503165.xml">
tracksuit bottoms</link>, and for females - a sleeved top (that covers the shoulders) and any <link xlink:type="simple" xlink:href="../105/19150105.xml">
trousers</link> or <link xlink:type="simple" xlink:href="../676/231676.xml">
skirt</link> again excluding <link xlink:type="simple" xlink:href="../165/1503165.xml">
tracksuit bottoms</link>. Both sexes cannot wear tops with large logos or writing, or clothing that is obtrusive or impractical.</p>

</sec>
<sec>
<st>
 Sports facilities </st>
<p>

On site is <link>
Christleton Sports Centre</link>, run by <link>
CADSART</link>, the Chester And District Sports And Recreation Trust. The facilities include a sports hall, <link xlink:type="simple" xlink:href="../008/171008.xml">
gym</link>, <diversion wordnetid="100426928" confidence="0.8">
<event wordnetid="100029378" confidence="0.8">
<sport wordnetid="100523513" confidence="0.8">
<act wordnetid="100030358" confidence="0.8">
<psychological_feature wordnetid="100023100" confidence="0.8">
<activity wordnetid="100407535" confidence="0.8">
<link xlink:type="simple" xlink:href="../653/52653.xml">
squash</link></activity>
</psychological_feature>
</act>
</sport>
</event>
</diversion>
 court, dance room and a large outdoor floodlit court (suitable for <link xlink:type="simple" xlink:href="../773/29773.xml">
tennis</link> and <link xlink:type="simple" xlink:href="../435/185435.xml">
football</link>)<ref xlink:type="simple" xlink:href="#xpointer(//reflist/entry[@id=%221%22])">1</ref>. A new <link xlink:type="simple" xlink:href="../681/18582681.xml">
swimming pool</link> has recently been built. Students at the school are free to use these facilities either as part of their <link xlink:type="simple" xlink:href="../324/217324.xml">
Physical education</link> lessons or during breaks in lessons.</p>

</sec>
<sec>
<st>
 The school in the news </st>
<p>

The school first made headlines in 2002 when former headteacher Geoff Lawson introduced an experiment aimed at helping nicotine-addicted pupils quit <link xlink:type="simple" xlink:href="../052/12254052.xml">
smoking</link><ref xlink:type="simple" xlink:href="#xpointer(//reflist/entry[@id=%222%22])">2</ref>. Fifteen-year-old pupils from the school were permitted two <link xlink:type="simple" xlink:href="../327/38327.xml">
cigarette</link> breaks a day under strict supervision of teachers.</p>
<p>

The school has been in the news numerous times for good exam results - both at <link xlink:type="simple" xlink:href="../712/151712.xml">
GCSE</link> level and <link xlink:type="simple" xlink:href="../238/164238.xml">
A level</link> - nearly always achieving above national average<ref xlink:type="simple" xlink:href="#xpointer(//reflist/entry[@id=%223%22])">3</ref>. In 2007 72% of <link xlink:type="simple" xlink:href="../712/151712.xml">
GCSE</link> grades were A*-C and 55% of <link xlink:type="simple" xlink:href="../238/164238.xml">
A level</link> grades were A or B.</p>

</sec>
<sec>
<st>
 OFSTED </st>
<p>

The school's last <link xlink:type="simple" xlink:href="../482/301482.xml">
OFSTED</link> inspection was in June 2007, and was a follow-up from a previous inspection (February 2006) in which the school was given <it>notice to improve</it>. In the first inspection the school was given the lowest possible grade (grade 4 - inadequate) for the overall effectiveness of the school. The Sixth Form was given a grade 3 (satisfactory).<ref xlink:type="simple" xlink:href="#xpointer(//reflist/entry[@id=%224%22])">4</ref></p>
<p>

In the re-inspection Ofsted found the school to have significantly improved, and gave it a grade 3 for overall effectiveness of the school, and grade 2 (good) for the Sixth Form.<ref xlink:type="simple" xlink:href="#xpointer(//reflist/entry[@id=%224%22])">4</ref></p>

</sec>
<sec>
<st>
Recent improvements</st>
<p>

Building work was recently completed on a large new block housing the maths department, connected to the school by a covered area (for use by junior students at break and lunch, etc) and the swimming pool, described above. The library was also renovated, a number of new ICT facilities added and lots of the old furniture replaced.</p>

</sec>
<sec>
<st>
 References </st>

<p>

<reflist>
<entry id="1">
<weblink xlink:type="simple" xlink:href="http://www.cadsart.co.uk/html/chris.htm">
Christleton Sports Centre's official website.</weblink> Retrieval Date: 20 September, 2007.</entry>
<entry id="2">
<weblink xlink:type="simple" xlink:href="http://news.bbc.co.uk/1/hi/england/1770453.stm">
BBC News article on smoking at the school.</weblink> Retrieval Date: 20 September, 2007.</entry>
<entry id="3">
<weblink xlink:type="simple" xlink:href="http://schoolsfinder.direct.gov.uk/8754149/overview/">
The school's results statistics.</weblink> Government Schoolfinder website. Rewtrieval Date: 20 September, 2007.</entry>
<entry id="4">
<weblink xlink:type="simple" xlink:href="http://www.ofsted.gov.uk/reports/index.cfm?fuseaction=summary&amp;id=111421">
Ofsted reports for the school.</weblink> Official Offsted website. Retrieval Date: 20 September, 2007.</entry>
<entry id="5">
<weblink xlink:type="simple" xlink:href="http://www.christletonhigh.co.uk">
Christleton High School's official website.</weblink> Retrieval date: 20 September, 2007.</entry>
<entry id="6">
<weblink xlink:type="simple" xlink:href="http://www.christletonhigh.co.uk/C5/The%20Swan%20Newsletter/default.aspx">
The Swan.</weblink> Christleton High School's Magazine. Retrieval Date: 20 September, 2007.</entry>
</reflist>
</p>

</sec>
<sec>
<st>
 External links </st>
<p>

<list>
<entry level="1" type="bullet">

<weblink xlink:type="simple" xlink:href="http://www.christletonhigh.co.uk">
Christleton High School's official website</weblink></entry>
<entry level="1" type="bullet">

<weblink xlink:type="simple" xlink:href="http://www.cadsart.co.uk/html/chris.htm">
Christleton Sports Centre's official website</weblink></entry>
</list>
</p>

<p>

<table style=";" class="navbox" cellspacing="0">
<row>
<col style="padding:2px;">
<table style="width:100%;background:transparent;color:inherit;;" class="nowraplinks collapsible autocollapse " cellspacing="0">
<row>
<header colspan="2" style=";" class="navbox-title">
<link xlink:type="simple" xlink:href="../022/28022.xml">
School</link>s in <county wordnetid="108546183" confidence="0.9508927676800064">
<link xlink:type="simple" xlink:href="../406/7406.xml">
Cheshire</link></county>
</header>
</row>
<row style="height:2px;">

</row>
<row>
<col style=";;" class="navbox-group">
Primary</col>
<col style="text-align:left;border-left:2px solid #fdfdfd;width:100%;padding:0px;;;" class="navbox-list navbox-odd">
<school wordnetid="108276720" confidence="0.8">
<educational_institution wordnetid="108276342" confidence="0.8">
<institution wordnetid="108053576" confidence="0.8">
<link xlink:type="simple" xlink:href="../680/11964680.xml">
Brereton Church of England Primary School</link></institution>
</educational_institution>
</school>
 &nbsp;·  <school wordnetid="108276720" confidence="0.8">
<educational_institution wordnetid="108276342" confidence="0.8">
<institution wordnetid="108053576" confidence="0.8">
<link xlink:type="simple" xlink:href="../399/16577399.xml">
The Quinta Primary School</link></institution>
</educational_institution>
</school>
 &nbsp;·  <school wordnetid="108276720" confidence="0.8">
<educational_institution wordnetid="108276342" confidence="0.8">
<institution wordnetid="108053576" confidence="0.8">
<link xlink:type="simple" xlink:href="../354/14249354.xml">
St Clare's Catholic Primary School</link></institution>
</educational_institution>
</school>
 &nbsp;·  <school wordnetid="108276720" confidence="0.8">
<educational_institution wordnetid="108276342" confidence="0.8">
<grade_school wordnetid="108412749" confidence="0.8">
<institution wordnetid="108053576" confidence="0.8">
<link xlink:type="simple" xlink:href="../176/3941176.xml">
Thomas Wedge Church of England Primary School</link></institution>
</grade_school>
</educational_institution>
</school>
 &nbsp;·  <school wordnetid="108276720" confidence="0.9508927676800064">
<link xlink:type="simple" xlink:href="../429/11501429.xml">
Wistaston Church Lane Primary School</link></school>
 &nbsp;·  <school wordnetid="108276720" confidence="0.8">
<educational_institution wordnetid="108276342" confidence="0.8">
<grade_school wordnetid="108412749" confidence="0.8">
<institution wordnetid="108053576" confidence="0.8">
<link xlink:type="simple" xlink:href="../684/8353684.xml">
Wistaston Junior School</link></institution>
</grade_school>
</educational_institution>
</school>
</col>
</row>
<row style="height:2px">

</row>
<row>
<col style=";;" class="navbox-group">
Comprehensive</col>
<col style="text-align:left;border-left:2px solid #fdfdfd;width:100%;padding:0px;;;" class="navbox-list navbox-even">
<school wordnetid="108276720" confidence="0.9508927676800064">
<link xlink:type="simple" xlink:href="../523/14017523.xml">
All Hallows Catholic College, Macclesfield</link></school>
 &nbsp;·  <school wordnetid="108276720" confidence="0.9508927676800064">
<link xlink:type="simple" xlink:href="../836/17913836.xml">
Alsager School</link></school>
 &nbsp;· <school wordnetid="108276720" confidence="0.9508927676800064">
<link xlink:type="simple" xlink:href="../713/11928713.xml">
Bishop Heber High School</link></school>
 &nbsp;·  <link xlink:type="simple" xlink:href="../873/9356873.xml">
The Bishops' Blue Coat Church of England High School</link> &nbsp;·  <school wordnetid="108276720" confidence="0.8">
<educational_institution wordnetid="108276342" confidence="0.8">
<institution wordnetid="108053576" confidence="0.8">
<link xlink:type="simple" xlink:href="../122/5235122.xml">
Cardinal Newman Catholic High School</link></institution>
</educational_institution>
</school>
 &nbsp;·  <school wordnetid="108276720" confidence="0.9508927676800064">
<link xlink:type="simple" xlink:href="../509/10143509.xml">
Christleton High School</link></school>
 &nbsp;·  <school wordnetid="108276720" confidence="0.9508927676800064">
<link xlink:type="simple" xlink:href="../640/5235640.xml">
County High School Leftwich</link></school>
 &nbsp;·  <school wordnetid="108276720" confidence="0.9508927676800064">
<link xlink:type="simple" xlink:href="../569/14543569.xml">
Eaton Bank School</link></school>
 &nbsp;·  <school wordnetid="108276720" confidence="0.9508927676800064">
<link xlink:type="simple" xlink:href="../977/9592977.xml">
Ellesmere Port Specialist School of Performing Arts</link></school>
 &nbsp;·  <school wordnetid="108276720" confidence="0.9508927676800064">
<link xlink:type="simple" xlink:href="../884/4605884.xml">
Fallibroome High School</link></school>
 &nbsp;·  <school wordnetid="108276720" confidence="0.9508927676800064">
<link xlink:type="simple" xlink:href="../918/5748918.xml">
Frodsham School</link></school>
 &nbsp;·  <school wordnetid="108276720" confidence="0.8">
<educational_institution wordnetid="108276342" confidence="0.8">
<institution wordnetid="108053576" confidence="0.8">
<link xlink:type="simple" xlink:href="../884/3167884.xml">
Golborne High School</link></institution>
</educational_institution>
</school>
 &nbsp;·  <school wordnetid="108276720" confidence="0.9508927676800064">
<link xlink:type="simple" xlink:href="../748/3660748.xml">
Great Sankey High School</link></school>
 &nbsp;·  <school wordnetid="108276720" confidence="0.8">
<educational_institution wordnetid="108276342" confidence="0.8">
<institution wordnetid="108053576" confidence="0.8">
<link xlink:type="simple" xlink:href="../985/15753985.xml">
Halton schools</link></institution>
</educational_institution>
</school>
 &nbsp;·  <school wordnetid="108276720" confidence="0.9508927676800064">
<link xlink:type="simple" xlink:href="../488/9483488.xml">
Hartford High School</link></school>
 &nbsp;·  <school wordnetid="108276720" confidence="0.9508927676800064">
<link xlink:type="simple" xlink:href="../824/5230824.xml">
Helsby High School</link></school>
 &nbsp;·  <school wordnetid="108276720" confidence="0.9508927676800064">
<link xlink:type="simple" xlink:href="../127/4263127.xml">
Holmes Chapel Comprehensive School</link></school>
 &nbsp;·  <school wordnetid="108276720" confidence="0.9508927676800064">
<link xlink:type="simple" xlink:href="../720/10890720.xml">
King's Grove High School</link></school>
 &nbsp;·  <body wordnetid="107965085" confidence="0.8">
<social_group wordnetid="107950920" confidence="0.8">
<school wordnetid="108276720" confidence="0.8">
<college wordnetid="108278169" confidence="0.8">
<educational_institution wordnetid="108276342" confidence="0.8">
<group wordnetid="100031264" confidence="0.8">
<institution wordnetid="108053576" confidence="0.8">
<link xlink:type="simple" xlink:href="../713/7726713.xml">
Knutsford High School</link></institution>
</group>
</educational_institution>
</college>
</school>
</social_group>
</body>
 &nbsp;·  <school wordnetid="108276720" confidence="0.9508927676800064">
<link xlink:type="simple" xlink:href="../983/3644983.xml">
Lymm High School</link></school>
 &nbsp;·  <school wordnetid="108276720" confidence="0.9508927676800064">
<link xlink:type="simple" xlink:href="../411/4788411.xml">
Middlewich High School</link></school>
  &nbsp;·  <body wordnetid="107965085" confidence="0.8">
<social_group wordnetid="107950920" confidence="0.8">
<school wordnetid="108276720" confidence="0.8">
<college wordnetid="108278169" confidence="0.8">
<educational_institution wordnetid="108276342" confidence="0.8">
<group wordnetid="100031264" confidence="0.8">
<institution wordnetid="108053576" confidence="0.8">
<link xlink:type="simple" xlink:href="../185/7742185.xml">
Penketh High School</link></institution>
</group>
</educational_institution>
</college>
</school>
</social_group>
</body>
  &nbsp;·  <body wordnetid="107965085" confidence="0.8">
<social_group wordnetid="107950920" confidence="0.8">
<school wordnetid="108276720" confidence="0.8">
<college wordnetid="108278169" confidence="0.8">
<educational_institution wordnetid="108276342" confidence="0.8">
<group wordnetid="100031264" confidence="0.8">
<institution wordnetid="108053576" confidence="0.8">
<link xlink:type="simple" xlink:href="../597/4479597.xml">
Poynton High School</link></institution>
</group>
</educational_institution>
</college>
</school>
</social_group>
</body>
 &nbsp;·  <school wordnetid="108276720" confidence="0.9508927676800064">
<link xlink:type="simple" xlink:href="../573/2921573.xml">
Queens Park High School</link></school>
 &nbsp;·  <body wordnetid="107965085" confidence="0.8">
<social_group wordnetid="107950920" confidence="0.8">
<school wordnetid="108276720" confidence="0.8">
<college wordnetid="108278169" confidence="0.8">
<educational_institution wordnetid="108276342" confidence="0.8">
<group wordnetid="100031264" confidence="0.8">
<institution wordnetid="108053576" confidence="0.8">
<link xlink:type="simple" xlink:href="../265/14024265.xml">
Rudheath Community High School</link></institution>
</group>
</educational_institution>
</college>
</school>
</social_group>
</body>
 &nbsp;·  <school wordnetid="108276720" confidence="0.9508927676800064">
<link xlink:type="simple" xlink:href="../835/12039835.xml">
Ruskin Sports College</link></school>
 &nbsp;·  <body wordnetid="107965085" confidence="0.8">
<social_group wordnetid="107950920" confidence="0.8">
<school wordnetid="108276720" confidence="0.8">
<college wordnetid="108278169" confidence="0.8">
<educational_institution wordnetid="108276342" confidence="0.8">
<group wordnetid="100031264" confidence="0.8">
<institution wordnetid="108053576" confidence="0.8">
<link xlink:type="simple" xlink:href="../430/5235430.xml">
St Gregory's Catholic High School</link></institution>
</group>
</educational_institution>
</college>
</school>
</social_group>
</body>
 &nbsp;·  <school wordnetid="108276720" confidence="0.9508927676800064">
<link xlink:type="simple" xlink:href="../114/5354114.xml">
St Nicholas Catholic High School</link></school>
 &nbsp;·  <school wordnetid="108276720" confidence="0.9508927676800064">
<link xlink:type="simple" xlink:href="../780/8032780.xml">
St Thomas More School, Crewe</link></school>
 &nbsp;·  <school wordnetid="108276720" confidence="0.9508927676800064">
<link xlink:type="simple" xlink:href="../121/3768121.xml">
Sandbach School</link></school>
 &nbsp;·  <school wordnetid="108276720" confidence="0.9508927676800064">
<link xlink:type="simple" xlink:href="../660/14417660.xml">
Sir William Stanier Community School</link></school>
 &nbsp;·  <school wordnetid="108276720" confidence="0.9508927676800064">
<link xlink:type="simple" xlink:href="../206/8844206.xml">
Tarporley Community High School</link></school>
 &nbsp;·  <school wordnetid="108276720" confidence="0.9508927676800064">
<link xlink:type="simple" xlink:href="../548/9132548.xml">
Tytherington High School</link></school>
 &nbsp;·  <school wordnetid="108276720" confidence="0.9508927676800064">
<link xlink:type="simple" xlink:href="../087/11952087.xml">
Upton-by-Chester High School</link></school>
 &nbsp;·  <school wordnetid="108276720" confidence="0.9508927676800064">
<link xlink:type="simple" xlink:href="../357/7970357.xml">
The Whitby High School</link></school>
 &nbsp;·  <body wordnetid="107965085" confidence="0.8">
<social_group wordnetid="107950920" confidence="0.8">
<school wordnetid="108276720" confidence="0.8">
<college wordnetid="108278169" confidence="0.8">
<educational_institution wordnetid="108276342" confidence="0.8">
<group wordnetid="100031264" confidence="0.8">
<institution wordnetid="108053576" confidence="0.8">
<link xlink:type="simple" xlink:href="../299/9609299.xml">
Wilmslow High School</link></institution>
</group>
</educational_institution>
</college>
</school>
</social_group>
</body>
</col>
</row>
<row style="height:2px">

</row>
<row>
<col style=";;" class="navbox-group">
Sixth form colleges</col>
<col style="text-align:left;border-left:2px solid #fdfdfd;width:100%;padding:0px;;;" class="navbox-list navbox-even">
<school wordnetid="108276720" confidence="0.9508927676800064">
<link xlink:type="simple" xlink:href="../697/1476697.xml">
Sir John Deane's College</link></school>
</col>
</row>
<row style="height:2px">

</row>
<row>
<col style=";;" class="navbox-group">
Further education &amp; 
sixth form colleges</col>
<col style="text-align:left;border-left:2px solid #fdfdfd;width:100%;padding:0px;;;" class="navbox-list navbox-odd">
<body wordnetid="107965085" confidence="0.8">
<social_group wordnetid="107950920" confidence="0.8">
<school wordnetid="108276720" confidence="0.8">
<college wordnetid="108278169" confidence="0.8">
<educational_institution wordnetid="108276342" confidence="0.8">
<group wordnetid="100031264" confidence="0.8">
<institution wordnetid="108053576" confidence="0.8">
<link xlink:type="simple" xlink:href="../967/14527967.xml">
Macclesfield College</link></institution>
</group>
</educational_institution>
</college>
</school>
</social_group>
</body>
</col>
</row>
<row style="height:2px">

</row>
<row>
<col style=";;" class="navbox-group">
Independent (senior)</col>
<col style="text-align:left;border-left:2px solid #fdfdfd;width:100%;padding:0px;;;" class="navbox-list navbox-odd">
<school wordnetid="108276720" confidence="0.9508927676800064">
<link xlink:type="simple" xlink:href="../379/2455379.xml">
The King's School, Chester</link></school>
 &nbsp;·  <school wordnetid="108276720" confidence="0.9508927676800064">
<link xlink:type="simple" xlink:href="../032/1009032.xml">
The King's School, Macclesfield</link></school>
</col>
</row>
<row style="height:2px">

</row>
<row>
<col style=";;" class="navbox-group">
Independent (all ages)</col>
<col style="text-align:left;border-left:2px solid #fdfdfd;width:100%;padding:0px;;;" class="navbox-list navbox-even">
<school wordnetid="108276720" confidence="0.8">
<educational_institution wordnetid="108276342" confidence="0.8">
<institution wordnetid="108053576" confidence="0.8">
<link xlink:type="simple" xlink:href="../996/13125996.xml">
Hulme Hall Grammar School</link></institution>
</educational_institution>
</school>
</col>
</row>
<row style="height:2px">

</row>
<row>
<col style=";;" class="navbox-group">
Former</col>
<col style="text-align:left;border-left:2px solid #fdfdfd;width:100%;padding:0px;;;" class="navbox-list navbox-odd">
<school wordnetid="108276720" confidence="0.9508927676800064">
<link xlink:type="simple" xlink:href="../200/5235200.xml">
Coppenhall High School</link></school>
 &nbsp;·  <body wordnetid="107965085" confidence="0.8">
<social_group wordnetid="107950920" confidence="0.8">
<school wordnetid="108276720" confidence="0.8">
<college wordnetid="108278169" confidence="0.8">
<educational_institution wordnetid="108276342" confidence="0.8">
<group wordnetid="100031264" confidence="0.8">
<institution wordnetid="108053576" confidence="0.8">
<link xlink:type="simple" xlink:href="../993/3957993.xml">
Henbury High School</link></institution>
</group>
</educational_institution>
</college>
</school>
</social_group>
</body>
</col>
</row>
</table>
</col>
</row>
</table>
</p>

<p>

<table style=";" class="navbox" cellspacing="0">
<row>
<col style="padding:2px;">
<table style="width:100%;background:transparent;color:inherit;;" class="nowraplinks collapsible autocollapse " cellspacing="0">
<row>
<header colspan="2" style=";" class="navbox-title">
<link xlink:type="simple" xlink:href="../484/4052484.xml">
Cheshire County Council</link> maintained <link xlink:type="simple" xlink:href="../992/554992.xml">
secondary school</link>s of <county wordnetid="108546183" confidence="0.9508927676800064">
<link xlink:type="simple" xlink:href="../406/7406.xml">
Cheshire</link></county>
, <country wordnetid="108544813" confidence="0.9508927676800064">
<link xlink:type="simple" xlink:href="../316/9316.xml">
England</link></country>
</header>
</row>
<row style="height:2px;">

</row>
<row>
<col colspan="2" style=";" class="navbox-abovebelow">
<image width="20px" src="portal.svg">
</image>

<it>
Cheshire Portal''</it></col>
</row>
<row style="height:2px;">

</row>
<row>
<col style=";;" class="navbox-group">
<site wordnetid="108651247" confidence="0.9508927676800064">
<link xlink:type="simple" xlink:href="../718/153718.xml">
Chester</link></site>
</col>
<col style="text-align:left;border-left:2px solid #fdfdfd;width:100%;padding:0px;;;" class="navbox-list navbox-odd">
<school wordnetid="108276720" confidence="0.9508927676800064">
<link xlink:type="simple" xlink:href="../713/11928713.xml">
Bishop Heber High School</link></school>
 &nbsp;• <link>
Blacon High School</link> &nbsp;• <school wordnetid="108276720" confidence="0.9508927676800064">
<link xlink:type="simple" xlink:href="../509/10143509.xml">
Christleton High School</link></school>
 &nbsp;• <link>
Queen's Park High School</link> &nbsp;• <link xlink:type="simple" xlink:href="../873/9356873.xml">
The Bishops' Blue Coat Church of England High School</link> &nbsp;• <link>
 The Catholic High School, Chester</link>&nbsp;• <school wordnetid="108276720" confidence="0.9508927676800064">
<link xlink:type="simple" xlink:href="../087/11952087.xml">
Upton-by-Chester High School</link></school>
</col>
</row>
<row style="height:2px">

</row>
<row>
<col style=";;" class="navbox-group">
<link xlink:type="simple" xlink:href="../775/632775.xml">
Congleton</link></col>
<col style="text-align:left;border-left:2px solid #fdfdfd;width:100%;padding:0px;;;" class="navbox-list navbox-even">
<school wordnetid="108276720" confidence="0.9508927676800064">
<link xlink:type="simple" xlink:href="../836/17913836.xml">
Alsager School</link></school>
&nbsp;• <link>
Congleton High School</link>&nbsp;• <school wordnetid="108276720" confidence="0.9508927676800064">
<link xlink:type="simple" xlink:href="../569/14543569.xml">
Eaton Bank School</link></school>
&nbsp;• <school wordnetid="108276720" confidence="0.9508927676800064">
<link xlink:type="simple" xlink:href="../127/4263127.xml">
Holmes Chapel Comprehensive School</link></school>
&nbsp;• <school wordnetid="108276720" confidence="0.9508927676800064">
<link xlink:type="simple" xlink:href="../411/4788411.xml">
Middlewich High School</link></school>
&nbsp;• <link xlink:type="simple" xlink:href="../915/17571915.xml">
Sandbach High School and Sixth Form College</link>&nbsp;• <school wordnetid="108276720" confidence="0.9508927676800064">
<link xlink:type="simple" xlink:href="../121/3768121.xml">
Sandbach School</link></school>
</col>
</row>
<row style="height:2px">

</row>
<row>
<col style=";;" class="navbox-group">
<link xlink:type="simple" xlink:href="../882/186882.xml">
Crewe and Nantwich</link></col>
<col style="text-align:left;border-left:2px solid #fdfdfd;width:100%;padding:0px;;;" class="navbox-list navbox-odd">
<link>
Brine Leas High School</link>&nbsp;• <school wordnetid="108276720" confidence="0.9508927676800064">
<link xlink:type="simple" xlink:href="../200/5235200.xml">
Coppenhall High School</link></school>
&nbsp;• <link xlink:type="simple" xlink:href="../720/10890720.xml">
Kings Grove School</link>&nbsp;• <link>
Malbank School and Sixth Form College</link>&nbsp;• <school wordnetid="108276720" confidence="0.9508927676800064">
<link xlink:type="simple" xlink:href="../835/12039835.xml">
Ruskin Sports College</link></school>
&nbsp;• <link>
Shavington High School</link>&nbsp;• <school wordnetid="108276720" confidence="0.9508927676800064">
<link xlink:type="simple" xlink:href="../780/8032780.xml">
St Thomas More Catholic High School</link></school>
&nbsp;• <link>
Victoria Community Technology School</link></col>
</row>
<row style="height:2px">

</row>
<row>
<col style=";;" class="navbox-group">
<link xlink:type="simple" xlink:href="../446/314446.xml">
Ellesmere Port and Neston</link></col>
<col style="text-align:left;border-left:2px solid #fdfdfd;width:100%;padding:0px;;;" class="navbox-list navbox-even">
<link>
Cheshire Oaks High School</link>&nbsp;• <link>
Ellesmere Port Catholic High School</link>&nbsp;• <school wordnetid="108276720" confidence="0.9508927676800064">
<link xlink:type="simple" xlink:href="../977/9592977.xml">
Ellesmere Port Specialist School of Performing Arts</link></school>
&nbsp;• <link>
Neston High School</link>&nbsp;• <school wordnetid="108276720" confidence="0.9508927676800064">
<link xlink:type="simple" xlink:href="../357/7970357.xml">
The Whitby High School</link></school>
</col>
</row>
<row style="height:2px">

</row>
<row>
<col style=";;" class="navbox-group">
<village wordnetid="108672738" confidence="0.9508927676800064">
<link xlink:type="simple" xlink:href="../718/396718.xml">
Halton</link></village>
</col>
<col style="text-align:left;border-left:2px solid #fdfdfd;width:100%;padding:0px;;;" class="navbox-list navbox-odd">
<school wordnetid="108276720" confidence="0.8">
<educational_institution wordnetid="108276342" confidence="0.8">
<institution wordnetid="108053576" confidence="0.8">
<link xlink:type="simple" xlink:href="../993/11510993.xml">
Fairfield High School</link></institution>
</educational_institution>
</school>
&nbsp;• <school wordnetid="108276720" confidence="0.8">
<educational_institution wordnetid="108276342" confidence="0.8">
<institution wordnetid="108053576" confidence="0.8">
<link xlink:type="simple" xlink:href="../479/14432479.xml">
Halton High School</link></institution>
</educational_institution>
</school>
&nbsp;• <link xlink:type="simple" xlink:href="../733/14431733.xml">
Saints Peter and Paul Catholic College</link>&nbsp;• <school wordnetid="108276720" confidence="0.8">
<educational_institution wordnetid="108276342" confidence="0.8">
<institution wordnetid="108053576" confidence="0.8">
<link xlink:type="simple" xlink:href="../143/14432143.xml">
St Chad's Catholic High School</link></institution>
</educational_institution>
</school>
&nbsp;• <school wordnetid="108276720" confidence="0.8">
<educational_institution wordnetid="108276342" confidence="0.8">
<institution wordnetid="108053576" confidence="0.8">
<link xlink:type="simple" xlink:href="../257/14432257.xml">
The Bankfield School</link></institution>
</educational_institution>
</school>
&nbsp;• <school wordnetid="108276720" confidence="0.8">
<educational_institution wordnetid="108276342" confidence="0.8">
<institution wordnetid="108053576" confidence="0.8">
<link xlink:type="simple" xlink:href="../510/14432510.xml">
The Grange Comprehensive School</link></institution>
</educational_institution>
</school>
&nbsp;• <school wordnetid="108276720" confidence="0.8">
<educational_institution wordnetid="108276342" confidence="0.8">
<institution wordnetid="108053576" confidence="0.8">
<link xlink:type="simple" xlink:href="../673/5692673.xml">
The Heath School</link></institution>
</educational_institution>
</school>
&nbsp;• <school wordnetid="108276720" confidence="0.8">
<educational_institution wordnetid="108276342" confidence="0.8">
<institution wordnetid="108053576" confidence="0.8">
<link xlink:type="simple" xlink:href="../412/14432412.xml">
Wade Deacon High School</link></institution>
</educational_institution>
</school>
</col>
</row>
<row style="height:2px">

</row>
<row>
<col style=";;" class="navbox-group">
<link xlink:type="simple" xlink:href="../923/621923.xml">
Macclesfield</link></col>
<col style="text-align:left;border-left:2px solid #fdfdfd;width:100%;padding:0px;;;" class="navbox-list navbox-even">
<link xlink:type="simple" xlink:href="../523/14017523.xml">
All Hallows Catholic High School</link>&nbsp;• <school wordnetid="108276720" confidence="0.9508927676800064">
<link xlink:type="simple" xlink:href="../884/4605884.xml">
Fallibroome High School</link></school>
&nbsp;• <body wordnetid="107965085" confidence="0.8">
<social_group wordnetid="107950920" confidence="0.8">
<school wordnetid="108276720" confidence="0.8">
<college wordnetid="108278169" confidence="0.8">
<educational_institution wordnetid="108276342" confidence="0.8">
<group wordnetid="100031264" confidence="0.8">
<institution wordnetid="108053576" confidence="0.8">
<link xlink:type="simple" xlink:href="../993/3957993.xml">
Henbury High School</link></institution>
</group>
</educational_institution>
</college>
</school>
</social_group>
</body>
&nbsp;• <body wordnetid="107965085" confidence="0.8">
<social_group wordnetid="107950920" confidence="0.8">
<school wordnetid="108276720" confidence="0.8">
<college wordnetid="108278169" confidence="0.8">
<educational_institution wordnetid="108276342" confidence="0.8">
<group wordnetid="100031264" confidence="0.8">
<institution wordnetid="108053576" confidence="0.8">
<link xlink:type="simple" xlink:href="../713/7726713.xml">
Knutsford High School</link></institution>
</group>
</educational_institution>
</college>
</school>
</social_group>
</body>
&nbsp;• <link xlink:type="simple" xlink:href="../816/19454816.xml">
Macclesfield High School</link>&nbsp;• <body wordnetid="107965085" confidence="0.8">
<social_group wordnetid="107950920" confidence="0.8">
<school wordnetid="108276720" confidence="0.8">
<college wordnetid="108278169" confidence="0.8">
<educational_institution wordnetid="108276342" confidence="0.8">
<group wordnetid="100031264" confidence="0.8">
<institution wordnetid="108053576" confidence="0.8">
<link xlink:type="simple" xlink:href="../597/4479597.xml">
Poynton High School</link></institution>
</group>
</educational_institution>
</college>
</school>
</social_group>
</body>
&nbsp;• <school wordnetid="108276720" confidence="0.9508927676800064">
<link xlink:type="simple" xlink:href="../548/9132548.xml">
Tytherington High School</link></school>
&nbsp;• <body wordnetid="107965085" confidence="0.8">
<social_group wordnetid="107950920" confidence="0.8">
<school wordnetid="108276720" confidence="0.8">
<college wordnetid="108278169" confidence="0.8">
<educational_institution wordnetid="108276342" confidence="0.8">
<group wordnetid="100031264" confidence="0.8">
<institution wordnetid="108053576" confidence="0.8">
<link xlink:type="simple" xlink:href="../299/9609299.xml">
Wilmslow High School</link></institution>
</group>
</educational_institution>
</college>
</school>
</social_group>
</body>
</col>
</row>
<row style="height:2px">

</row>
<row>
<col style=";;" class="navbox-group">
<district wordnetid="108552138" confidence="0.9508927676800064">
<link xlink:type="simple" xlink:href="../222/442222.xml">
Vale Royal</link></district>
</col>
<col style="text-align:left;border-left:2px solid #fdfdfd;width:100%;padding:0px;;;" class="navbox-list navbox-odd">
<school wordnetid="108276720" confidence="0.9508927676800064">
<link xlink:type="simple" xlink:href="../918/5748918.xml">
Frodsham School</link></school>
&nbsp;• <school wordnetid="108276720" confidence="0.9508927676800064">
<link xlink:type="simple" xlink:href="../488/9483488.xml">
Hartford High School</link></school>
&nbsp;• <school wordnetid="108276720" confidence="0.9508927676800064">
<link xlink:type="simple" xlink:href="../824/5230824.xml">
Helsby High School</link></school>
&nbsp;• <link xlink:type="simple" xlink:href="../265/14024265.xml">
Rudheath Community High School</link>&nbsp;• <school wordnetid="108276720" confidence="0.9508927676800064">
<link xlink:type="simple" xlink:href="../114/5354114.xml">
St. Nicholas Catholic High School</link></school>
&nbsp;• <school wordnetid="108276720" confidence="0.9508927676800064">
<link xlink:type="simple" xlink:href="../206/8844206.xml">
Tarporley Community High School</link></school>
&nbsp;• <school wordnetid="108276720" confidence="0.9508927676800064">
<link xlink:type="simple" xlink:href="../640/5235640.xml">
The County High School, Leftwich</link></school>
&nbsp;• <link>
The Verdin High School</link>&nbsp;• <link>
Weaverham High School</link>&nbsp;• <link>
Woodford Lodge High School</link></col>
</row>
<row style="height:2px">

</row>
<row>
<col style=";;" class="navbox-group">
<link xlink:type="simple" xlink:href="../738/411738.xml">
Warrington</link></col>
<col style="text-align:left;border-left:2px solid #fdfdfd;width:100%;padding:0px;;;" class="navbox-list navbox-even">
<link>
Bridgewater High School</link>&nbsp;• <link>
Birchwood Community High School</link>&nbsp;• <link>
Culcheth High School</link>&nbsp;• <school wordnetid="108276720" confidence="0.8">
<educational_institution wordnetid="108276342" confidence="0.8">
<institution wordnetid="108053576" confidence="0.8">
<link xlink:type="simple" xlink:href="../122/5235122.xml">
Cardinal Newman Catholic High School</link></institution>
</educational_institution>
</school>
&nbsp;• <school wordnetid="108276720" confidence="0.8">
<educational_institution wordnetid="108276342" confidence="0.8">
<institution wordnetid="108053576" confidence="0.8">
<link xlink:type="simple" xlink:href="../884/3167884.xml">
Golborne High School</link></institution>
</educational_institution>
</school>
&nbsp;• <school wordnetid="108276720" confidence="0.9508927676800064">
<link xlink:type="simple" xlink:href="../748/3660748.xml">
Great Sankey High School</link></school>
&nbsp;• <link>
Lowton Community High School</link>&nbsp;• <school wordnetid="108276720" confidence="0.9508927676800064">
<link xlink:type="simple" xlink:href="../983/3644983.xml">
Lymm High School</link></school>
&nbsp;• <school wordnetid="108276720" confidence="0.9508927676800064">
<link xlink:type="simple" xlink:href="../517/17606517.xml">
Padgate High School</link></school>
&nbsp;• <body wordnetid="107965085" confidence="0.8">
<social_group wordnetid="107950920" confidence="0.8">
<school wordnetid="108276720" confidence="0.8">
<college wordnetid="108278169" confidence="0.8">
<educational_institution wordnetid="108276342" confidence="0.8">
<group wordnetid="100031264" confidence="0.8">
<institution wordnetid="108053576" confidence="0.8">
<link xlink:type="simple" xlink:href="../185/7742185.xml">
Penketh High School</link></institution>
</group>
</educational_institution>
</college>
</school>
</social_group>
</body>
&nbsp;• <body wordnetid="107965085" confidence="0.8">
<social_group wordnetid="107950920" confidence="0.8">
<school wordnetid="108276720" confidence="0.8">
<college wordnetid="108278169" confidence="0.8">
<educational_institution wordnetid="108276342" confidence="0.8">
<group wordnetid="100031264" confidence="0.8">
<institution wordnetid="108053576" confidence="0.8">
<link xlink:type="simple" xlink:href="../430/5235430.xml">
St Gregory's Catholic High School</link></institution>
</group>
</educational_institution>
</college>
</school>
</social_group>
</body>
&nbsp;• <link>
Sir Thomas Boteler High School</link> &nbsp;• <link>
William Beamont Community High School</link>&nbsp;• <link>
Woolston Community High School</link></col>
</row>
<row style="height:2px;">

</row>
<row>
<col colspan="2" style=";" class="navbox-abovebelow">
<it>See also <link xlink:type="simple" xlink:href="../454/9467454.xml">
List of schools in Cheshire</link>''</it></col>
</row>
</table>
</col>
</row>
</table>
</p>


</sec>
</bdy>
</mathematics>
</school>
</article>
