<?xml version="1.0" encoding="UTF-8"?>
<!-- generated by CLiX/Wiki2XML [MPI-Inf, MMCI@UdS] $LastChangedRevision: 92 $ on 17.04.2009 00:03:48[mciao0828] -->
<!DOCTYPE article SYSTEM "../article.dtd">
<article xmlns:xlink="http://www.w3.org/1999/xlink">
<physical_entity  confidence="0.8" wordnetid="100001930">
<politician  confidence="0.8" wordnetid="110450303">
<communicator  confidence="0.8" wordnetid="109610660">
<person  confidence="0.8" wordnetid="100007846">
<communist  confidence="0.8" wordnetid="109945319">
<entity  confidence="0.9511911446218017" wordnetid="100001740">
<socialist  confidence="0.8" wordnetid="110618848">
<leader  confidence="0.8" wordnetid="109623038">
<causal_agent  confidence="0.8" wordnetid="100007347">
<agnostic  confidence="0.8" wordnetid="109779124">
<writer  confidence="0.8" wordnetid="110794014">
<journalist  confidence="0.8" wordnetid="110224578">
<header>
<title>Seema Mustafa</title>
<id>10177217</id>
<revision>
<id>240152766</id>
<timestamp>2008-09-22T03:40:58Z</timestamp>
<contributor>
<username>Roltz</username>
<id>7545865</id>
</contributor>
</revision>
<categories>
<category>All pages needing cleanup</category>
<category>All articles with dead external links</category>
<category>Indian women writers</category>
<category>Former Muslims</category>
<category>Indian journalists</category>
<category>Living people</category>
<category>Indian writers</category>
<category>Indian women journalists</category>
<category>1955 births</category>
<category>Marxist journalists</category>
<category>Articles with dead external links since August 2008</category>
<category>Indian agnostics</category>
<category>Articles with invalid date parameter in template</category>
<category>Indian communists</category>
<category>Cleanup from August 2008</category>
<category>Articles with unsourced statements since August 2008</category>
</categories>
</header>
<bdy>

<image location="right" width="250px" src="Seemamustafa.JPG" type="thumb">
<caption>

Seema Mustafa on board the Prime Minister's Aircraft in April 2005. (c) Anthony D'Costa. Used with permission
</caption>
</image>
<b>Seema Mustafa</b> (b 20 April 1955)<ref xlink:type="simple" xlink:href="#xpointer(//reflist/entry[@id=%221%22])">1</ref> is an <country wordnetid="108544813" confidence="0.9508927676800064">
<link xlink:type="simple" xlink:href="../533/14533.xml">
India</link></country>
n <link xlink:type="simple" xlink:href="../100/50100.xml">
journalist</link>. She is the former<ref xlink:type="simple" xlink:href="#xpointer(//reflist/entry[@id=%222%22])">2</ref> <link xlink:type="simple" xlink:href="../944/3269944.xml">
Political Editor</link> and <region wordnetid="108630985" confidence="0.8">
<site wordnetid="108651247" confidence="0.8">
<administrative_district wordnetid="108491826" confidence="0.8">
<location wordnetid="100027167" confidence="0.8">
<municipality wordnetid="108626283" confidence="0.8">
<capital wordnetid="108518505" confidence="0.8">
<city wordnetid="108524735" confidence="0.8">
<center wordnetid="108523483" confidence="0.8">
<area wordnetid="108497294" confidence="0.8">
<seat wordnetid="108647945" confidence="0.8">
<tract wordnetid="108673395" confidence="0.8">
<geographical_area wordnetid="108574314" confidence="0.8">
<district wordnetid="108552138" confidence="0.8">
<urban_area wordnetid="108675967" confidence="0.8">
<link xlink:type="simple" xlink:href="../756/37756.xml">
Delhi</link></urban_area>
</district>
</geographical_area>
</tract>
</seat>
</area>
</center>
</city>
</capital>
</municipality>
</location>
</administrative_district>
</site>
</region>
 Bureau Chief of <it>The <print_media wordnetid="106263609" confidence="0.8">
<press wordnetid="106263369" confidence="0.8">
<artifact wordnetid="100021939" confidence="0.8">
<instrumentality wordnetid="103575240" confidence="0.8">
<medium wordnetid="106254669" confidence="0.8">
<newspaper wordnetid="106267145" confidence="0.8">
<link xlink:type="simple" xlink:href="../396/1587396.xml">
Asian Age</link></newspaper>
</medium>
</instrumentality>
</artifact>
</press>
</print_media>
</it> newspaper published in India. Her <link xlink:type="simple" xlink:href="../478/534478.xml">
op-ed</link> column appeared on Saturdays. These were syndicated to several newspapers, including <it><newspaper wordnetid="106267145" confidence="0.9508927676800064">
<link xlink:type="simple" xlink:href="../560/2367560.xml">
The Deccan Chronicle</link></newspaper>
</it> from <legal_power wordnetid="105198427" confidence="0.9508927676800064">
<link xlink:type="simple" xlink:href="../516/37516.xml">
Bangalore</link></legal_power>
, India and <it><link xlink:type="simple" xlink:href="../793/758793.xml">
The Dawn</link></it> newspaper of <country wordnetid="108544813" confidence="0.9508927676800064">
<link xlink:type="simple" xlink:href="../235/23235.xml">
Pakistan</link></country>
. With the sacking of Asian Age editor <link xlink:type="simple" xlink:href="../422/616422.xml">
M.J. Akbar</link> over the defence of an anti-Congress, anti-Indo-US Nuclear Deal op-ed written by Seema, Seema resigned from the Asian Age as well.<ref xlink:type="simple" xlink:href="#xpointer(//reflist/entry[@id=%222%22])">2</ref>
<sec>
<st>
Biography</st>
<p>

Seema Mustafa was born in <region wordnetid="108630985" confidence="0.8">
<site wordnetid="108651247" confidence="0.8">
<administrative_district wordnetid="108491826" confidence="0.8">
<location wordnetid="100027167" confidence="0.8">
<municipality wordnetid="108626283" confidence="0.8">
<capital wordnetid="108518505" confidence="0.8">
<city wordnetid="108524735" confidence="0.8">
<center wordnetid="108523483" confidence="0.8">
<area wordnetid="108497294" confidence="0.8">
<seat wordnetid="108647945" confidence="0.8">
<tract wordnetid="108673395" confidence="0.8">
<geographical_area wordnetid="108574314" confidence="0.8">
<district wordnetid="108552138" confidence="0.8">
<urban_area wordnetid="108675967" confidence="0.8">
<link xlink:type="simple" xlink:href="../756/37756.xml">
Delhi</link></urban_area>
</district>
</geographical_area>
</tract>
</seat>
</area>
</center>
</city>
</capital>
</municipality>
</location>
</administrative_district>
</site>
</region>
 on April 20th, 1955. She graduated with a <link xlink:type="simple" xlink:href="../874/188874.xml">
BA</link> in <link xlink:type="simple" xlink:href="../388/24388.xml">
Political Science</link> from <link xlink:type="simple" xlink:href="../808/10020808.xml">
Lucknow University</link> in <legal_power wordnetid="105198427" confidence="0.9508927676800064">
<link xlink:type="simple" xlink:href="../623/231623.xml">
Uttar Pradesh</link></legal_power>
.<ref xlink:type="simple" xlink:href="#xpointer(//reflist/entry[@id=%223%22])">3</ref> Seema's father Lt Col Syed Mustafa was in the <link xlink:type="simple" xlink:href="../949/343949.xml">
Indian Army</link> and she is related to the socialist freedom fighter <physical_entity wordnetid="100001930" confidence="0.8">
<person wordnetid="100007846" confidence="0.8">
<socialist wordnetid="110618848" confidence="0.8">
<intellectual wordnetid="109621545" confidence="0.8">
<disputant wordnetid="109615465" confidence="0.8">
<politician wordnetid="110450303" confidence="0.8">
<politician wordnetid="110451263" confidence="0.8">
<reformer wordnetid="110515194" confidence="0.8">
<militant wordnetid="110315837" confidence="0.8">
<leader wordnetid="109623038" confidence="0.8">
<alumnus wordnetid="109786338" confidence="0.8">
<causal_agent wordnetid="100007347" confidence="0.8">
<scholar wordnetid="110557854" confidence="0.8">
<link xlink:type="simple" xlink:href="../818/3616818.xml">
Rafi Ahmed Kidwai</link></scholar>
</causal_agent>
</alumnus>
</leader>
</militant>
</reformer>
</politician>
</politician>
</disputant>
</intellectual>
</socialist>
</person>
</physical_entity>
 from her mother's side. <parliament wordnetid="108319198" confidence="0.9508927676800064">
<link xlink:type="simple" xlink:href="../210/232210.xml">
Rajya Sabha</link></parliament>
 MP Anis Kidwai was her grandmother from her mother's side. Seema has two elder brothers, SP 'Bobby' Mustafa, <company wordnetid="108058098" confidence="0.9508927676800064">
<link xlink:type="simple" xlink:href="../001/403001.xml">
Hindustan Unilever</link></company>
 Ltd’s group treasurer and head of M&amp;A , <ref xlink:type="simple" xlink:href="#xpointer(//reflist/entry[@id=%224%22])">4</ref>, and Kamal Mustafa, now retired but once the Managing Director &amp; Head of Global Mergers and Acquisitions for <link xlink:type="simple" xlink:href="../026/231026.xml">
Citybank</link>. <ref xlink:type="simple" xlink:href="#xpointer(//reflist/entry[@id=%225%22])">5</ref>
She was married to a businessman from Delhi, and is now divorced with two children, both attending college. </p>
<p>

Seema is <link xlink:type="simple" xlink:href="../359/54359.xml">
agnostic</link>.<ref xlink:type="simple" xlink:href="#xpointer(//reflist/entry[@id=%226%22])">6</ref></p>

</sec>
<sec>
<st>
Career</st>
<p>

Seema Mustafa began her journalist career in Lucknow with the <it>Pioneer</it> before becoming the only woman journalist with the <it>Patriot</it> in 1979. Later she also worked for many major newspapers, including <it><newspaper wordnetid="106267145" confidence="0.9508927676800064">
<link xlink:type="simple" xlink:href="../320/436320.xml">
The Telegraph</link></newspaper>
</it> and <it><link xlink:type="simple" xlink:href="../239/407239.xml">
Indian Express</link></it> before joining <it>The <print_media wordnetid="106263609" confidence="0.8">
<press wordnetid="106263369" confidence="0.8">
<artifact wordnetid="100021939" confidence="0.8">
<instrumentality wordnetid="103575240" confidence="0.8">
<medium wordnetid="106254669" confidence="0.8">
<newspaper wordnetid="106267145" confidence="0.8">
<link xlink:type="simple" xlink:href="../396/1587396.xml">
Asian Age</link></newspaper>
</medium>
</instrumentality>
</artifact>
</press>
</print_media>
</it> in 1997.<ref xlink:type="simple" xlink:href="#xpointer(//reflist/entry[@id=%227%22])">7</ref></p>
<p>

She has received several journalistic awards, including the prestigious "Prem Bhatia Award for Excellence in Political Reporting and Analysis" in 1999 for her coverage of the <link xlink:type="simple" xlink:href="../735/803735.xml">
Kargil</link> war in May–July 1999.<ref xlink:type="simple" xlink:href="#xpointer(//reflist/entry[@id=%228%22])">8</ref></p>
<p>

Seema Mustafa left the Asian Age in 2008 and is currently Editor of <link>
COVERT</link>, a fortnightly political magazine.</p>

</sec>
<sec>
<st>
Writing style</st>
<p>
  
Seema has been noted to have a characteristic <link xlink:type="simple" xlink:href="../499/18499.xml">
leftist</link> and <link xlink:type="simple" xlink:href="../847/26847.xml">
socialist</link> view point.<ref xlink:type="simple" xlink:href="#xpointer(//reflist/entry[@id=%228%22])">8</ref> Many of her articles criticise government policy, and generally reflect pro-minority, secular and <link xlink:type="simple" xlink:href="../185/11185.xml">
feminist</link> slants.<ref xlink:type="simple" xlink:href="#xpointer(//reflist/entry[@id=%228%22])">8</ref> She has lashed out at many influential sections of the political spectrum. She has defended Indian Muslims against the charge of being anti-national and pro-Pakistani.<ref xlink:type="simple" xlink:href="#xpointer(//reflist/entry[@id=%229%22])">9</ref><ref xlink:type="simple" xlink:href="#xpointer(//reflist/entry[@id=%2210%22])">10</ref></p>

</sec>
<sec>
<st>
Involvement in politics</st>
<p>

Seema was a member of <link xlink:type="simple" xlink:href="../733/373733.xml">
VP Singh</link>'s <party wordnetid="108256968" confidence="0.8">
<link xlink:type="simple" xlink:href="../581/435581.xml">
Janata Dal</link></party>
 party and is said to be closely associated with him.<ref xlink:type="simple" xlink:href="#xpointer(//reflist/entry[@id=%2211%22])">11</ref><ref xlink:type="simple" xlink:href="#xpointer(//reflist/entry[@id=%2212%22])">12</ref> The fact that she wrote his biography seems to strengthen this assertion. She has apparently contested UP Assembly Elections under the Janata Dal Ticket.<ref xlink:type="simple" xlink:href="#xpointer(//reflist/entry[@id=%2213%22])">13</ref></p>
<p>

She contested the <parliament wordnetid="108319198" confidence="0.9508927676800064">
<link xlink:type="simple" xlink:href="../456/275456.xml">
Lok Sabha</link></parliament>
 General elections twice from <region wordnetid="108630985" confidence="0.8">
<village wordnetid="108672738" confidence="0.8">
<location wordnetid="100027167" confidence="0.8">
<settlement wordnetid="108672562" confidence="0.8">
<geographical_area wordnetid="108574314" confidence="0.8">
<link xlink:type="simple" xlink:href="../666/16750666.xml">
Domariaganj</link></geographical_area>
</settlement>
</location>
</village>
</region>
 in <legal_power wordnetid="105198427" confidence="0.9508927676800064">
<link xlink:type="simple" xlink:href="../623/231623.xml">
Uttar Pradesh</link></legal_power>
, once as an Independent in 1996 and previously as a member of <party wordnetid="108256968" confidence="0.8">
<link xlink:type="simple" xlink:href="../825/10276825.xml">
ICS(SCS)</link></party>
 (a break away faction of the <party wordnetid="108256968" confidence="0.8">
<link xlink:type="simple" xlink:href="../462/1086462.xml">
Congress(S)</link></party>
) in 1991 and lost both times, coming 10th and 4th respectively.<ref xlink:type="simple" xlink:href="#xpointer(//reflist/entry[@id=%2214%22])">14</ref><ref xlink:type="simple" xlink:href="#xpointer(//reflist/entry[@id=%2215%22])">15</ref><ref xlink:type="simple" xlink:href="#xpointer(//reflist/entry[@id=%2216%22])">16</ref><ref xlink:type="simple" xlink:href="#xpointer(//reflist/entry[@id=%2217%22])">17</ref></p>
<p>

Lately, she has been linked to an Indian <link xlink:type="simple" xlink:href="../053/1904053.xml">
Marxist</link> <link xlink:type="simple" xlink:href="../651/9209651.xml">
Communist</link> Party, the <link xlink:type="simple" xlink:href="../206/408206.xml">
CPI(M)</link> on the issue of opposing the Government of India's stance on the anti-Iran vote in the <organization wordnetid="108008335" confidence="0.9508927676800064">
<link xlink:type="simple" xlink:href="../984/14984.xml">
International Atomic Energy Agency</link></organization>
 to appease the USA. She is part of the CPI(M) <it>Committee to Campaign for an Independent Foreign Policy</it>.<ref xlink:type="simple" xlink:href="#xpointer(//reflist/entry[@id=%2218%22])">18</ref><ref xlink:type="simple" xlink:href="#xpointer(//reflist/entry[@id=%2219%22])">19</ref></p>
<p>

Of late, she has written actively in opposition to the Indo-US Nuclear Agreement.</p>

</sec>
<sec>
<st>
Publications</st>
<p>

<list>
<entry level="1" type="bullet">

 <cite id="Reference-Mustafa-1995" style="font-style:normal" class="book">Mustafa, Seema&#32;(1995). The Lonely Prophet: V.P. Singh, a Political Biography.&#32;<legal_power wordnetid="105198427" confidence="0.9508927676800064">
<link xlink:type="simple" xlink:href="../585/51585.xml">
New Delhi</link></legal_power>
:&#32;New Age International. ISBN 9788122408096. <commercial_enterprise wordnetid="108065093" confidence="0.8">
<company wordnetid="108058098" confidence="0.8">
<cooperative wordnetid="101100877" confidence="0.8">
<enterprise wordnetid="108056231" confidence="0.8">
<institution wordnetid="108053576" confidence="0.8">
<link xlink:type="simple" xlink:href="../885/883885.xml">
OCLC</link></institution>
</enterprise>
</cooperative>
</company>
</commercial_enterprise>
 <weblink xlink:type="simple" xlink:href="http://worldcat.org/oclc/33664491">
33664491</weblink>.</cite>&nbsp;</entry>
<entry level="1" type="bullet">

 <cite id="Reference-Mustafa-1995" style="font-style:normal" class="book">Mustafa, Seema;&#32;Anuradha M. Chenoy and Initiative for National Renewal and Empowerment of the People&#32;(1995). The Scam: The Cover-up and Compromise.&#32;<legal_power wordnetid="105198427" confidence="0.9508927676800064">
<link xlink:type="simple" xlink:href="../585/51585.xml">
New Delhi</link></legal_power>
:&#32;Wiley Eastern. ISBN 9788122407136. <commercial_enterprise wordnetid="108065093" confidence="0.8">
<company wordnetid="108058098" confidence="0.8">
<cooperative wordnetid="101100877" confidence="0.8">
<enterprise wordnetid="108056231" confidence="0.8">
<institution wordnetid="108053576" confidence="0.8">
<link xlink:type="simple" xlink:href="../885/883885.xml">
OCLC</link></institution>
</enterprise>
</cooperative>
</company>
</commercial_enterprise>
 <weblink xlink:type="simple" xlink:href="http://worldcat.org/oclc/32698384">
32698384</weblink>.</cite>&nbsp;</entry>
</list>
</p>

</sec>
<sec>
<st>
References</st>

<p>

<table class="metadata plainlinks ambox ">
<row>
<col>

ambox-style" style=""</col>
</row>
<row>
<col class="mbox-image"><p>

<image width="40x40px" src="Ambox_style.png">
</image>
</p>
</col>
<col style="" class="mbox-text">
 
<b>This article uses bare URLs for , which are susceptible to <link xlink:type="simple" xlink:href="../511/365511.xml">
link rot</link>.</b> Please help <weblink xlink:type="simple" xlink:href="http://localhost:18088/wiki/index.php?title=Seema_Mustafa&amp;action=edit">
improve this article</weblink> by changing bare URLs into  with titles, dates, and authors, so that the article remains  in the future.Also consider using <artifact wordnetid="100021939" confidence="0.8">
<facility wordnetid="103315023" confidence="0.8">
<depository wordnetid="103177349" confidence="0.8">
<archive wordnetid="102735086" confidence="0.8">
<link xlink:type="simple" xlink:href="../011/6391011.xml">
WebCite</link></archive>
</depository>
</facility>
</artifact>
to archive the links.</col>
</row>
</table>

</p>
<p>

<reflist>
<entry id="1">
Mustafa, Seema;&#32;Iqbal Ahmed Khan Al-Khobar&#32;(1999-07-24).&#32;"<weblink xlink:type="simple" xlink:href="http://www.contactpakistan.com/kashmir/article3.htm">
The Communalisation of Kargil</weblink>".&#32;<it>Asian Age</it>.&#32;  ContactPakistan.com.&#32;Retrieved on <link>
2008-08-11</link>.</entry>
<entry id="2">
http://etalaat.net/english/?p=740&#91;&#93;</entry>
<entry id="3">
"<weblink xlink:type="simple" xlink:href="http://timesofindia.indiatimes.com/articleshow/929624.cms">
Play on thumri queen Begum Akhtar</weblink>", <it><newspaper wordnetid="106267145" confidence="0.9508927676800064">
<link xlink:type="simple" xlink:href="../804/226804.xml">
The Times of India</link></newspaper>
</it>&#32;(2004-11-21).&#32;Retrieved on <link>
2008-08-11</link>.&nbsp;</entry>
<entry id="4">
"<weblink xlink:type="simple" xlink:href="http://www.financialexpress.com/news/Mustafa-Appointed-HLL-Treasurer-M&amp;A-Head/48617/">
Financial Express, Mustafa Appointed Treasure M&amp;A Head</weblink>".&#32;<it>mailing list</it>.</entry>
<entry id="5">
"<weblink xlink:type="simple" xlink:href="http://www.business.uconn.edu/cms/p566/a59">
Kamal Mustafa Biography</weblink>".&#32;<it>mailing list</it>.</entry>
<entry id="6">
Harsh, Kapoor&#32;(<link>
2006-09-13</link>).&#32;"<weblink xlink:type="simple" xlink:href="http://www.mail-archive.com/sacw@insaf.net/msg00495.html">
SACW &#124; Sep 14, 2006 &#124; Pakistan: Appeasing the Mullahs; India: Vande Mataram controversy; Malegaon on the brink</weblink>".&#32;<it>South Asia Citizens Wire mailing list</it>.&#32;Retrieved on <link>
2008-08-11</link>.&#91;&#93;</entry>
<entry id="7">
100336.3...@compuserve.com (Mo)&#32;(<link>
1999-08-12</link>).&#32;"<it>Seema Mustafa becomes a lakhpati</it>".&#32;[news:soc.culture.pakistan soc.culture.pakistan].&#32;<weblink xlink:type="simple" xlink:href="http://groups.google.com.au/group/soc.culture.pakistan/msg/a790c3067b790fb4?dmode=source">
(Web link)</weblink>.&#32;Retrieved on <link>
2008-08-11</link>.&#91;&#93;</entry>
<entry id="8">
http://www.xignite.com/xWorldNews.aspx?articleid=SAF20060630083001&#91;&#93;</entry>
<entry id="9">
"JoeB" &#32;(<link>
2000-04-29</link>).&#32;"<it>Minorities do not deserve this</it>".&#32;[news:soc.culture.indian soc.culture.indian].&#32;<weblink xlink:type="simple" xlink:href="http://groups.google.com.au/group/soc.culture.indian/msg/98783bb5f6ba6a72?dmode=source&amp;output=gplain">
(Web link)</weblink>.&#32;Retrieved on <link>
2008-08-11</link>.&#91;&#93;</entry>
<entry id="10">
100336.3...@compuserve.com (Mo)&#32;(<link>
1999-07-23</link>).&#32;"<it>Kargil communalisation</it>".&#32;[news:soc.culture.pakistan soc.culture.pakistan].&#32;<weblink xlink:type="simple" xlink:href="http://groups.google.com.au/group/soc.culture.pakistan/msg/215de39542a93d6d?dmode=source">
(Web link)</weblink>.&#32;Retrieved on <link>
2008-08-11</link>.&#91;&#93;</entry>
<entry id="11">
"<weblink xlink:type="simple" xlink:href="http://timesofindia.indiatimes.com/articleshow/35348926.cms">
Do Indian writers tell it as it is?</weblink>", <it><newspaper wordnetid="106267145" confidence="0.9508927676800064">
<link xlink:type="simple" xlink:href="../804/226804.xml">
The Times of India</link></newspaper>
</it>&#32;(2001-03-25).&#32;Retrieved on <link>
2008-08-11</link>.&nbsp;</entry>
<entry id="12">
"Dilip N. Deodhar" &#32;(1996-07-12).&#32;"<it>With the "secularists" we have, Hindutva need not worry</it>".&#32;[news:soc.culture.indian soc.culture.indian].&#32;<weblink xlink:type="simple" xlink:href="http://groups.google.com.au/group/soc.culture.indian/msg/8a21a6166675b63d?dmode=source">
(Web link)</weblink>.&#32;Retrieved on <link>
2008-08-11</link>.&#91;&#93;</entry>
<entry id="13">
"<weblink xlink:type="simple" xlink:href="http://hindustan.net/discus/messages/53/395.html?918164538">
Christians in India, Sonia Gandhi BJP The world? Vol. 1</weblink>".&#32;  Hindustan.org.&#32;Retrieved on <link>
2008-08-11</link>.&#91;&#93;</entry>
<entry id="14">
http://www.google.com/search?q=cache:AeQhKBSg3TMJ:www.zeenews.com/spesial_art.asp%3Faid%3D155230%26sid%3DZNS+seema-mustafa+janata-dal&amp;hl=en&amp;ct=clnk&amp;cd=30&amp;gl=au&#91;&#93;</entry>
<entry id="15">
"<weblink xlink:type="simple" xlink:href="http://www.rediff.com/news/1998/feb/up35.htm">
Polling Booth: Election' 96: Uttar Pradesh/Domariaganj</weblink>".&#32;  Rediff.com.&#32;Retrieved on <link>
2008-08-11</link>.</entry>
<entry id="17">
 <cite style="font-style:normal" class="book">&#32;"List of Participating Political Parties", <weblink xlink:type="simple" xlink:href="http://www.eci.gov.in/StatisticalReports/LS_1996/Vol_I_LS_96.pdf">
Statistical Report on General Elections, 1996 to the Eleventh Lok Sabha</weblink>.&#32;<link xlink:type="simple" xlink:href="../585/51585.xml">
New Dehli</link>:&#32;Election Commission of India,&#32;1–6. Retrieved on <link>
2008-08-11</link>.</cite>&nbsp;</entry>
<entry id="16">
 <cite style="font-style:normal" class="book">&#32;(1992)&#32;"List of Participating Political Parties", <weblink xlink:type="simple" xlink:href="http://www.eci.gov.in/SR_KeyHighLights/LS_1991/VOL_I_LS_91.pdf">
Statistical Report on General Elections, 1991 to the Tenth Lok Sabha</weblink>.&#32;<link xlink:type="simple" xlink:href="../585/51585.xml">
New Dehli</link>:&#32;Election Commission of India,&#32;1–4. Retrieved on <link>
2008-08-11</link>.</cite>&nbsp;</entry>
<entry id="19">
"<weblink xlink:type="simple" xlink:href="http://www.tribuneindia.com/2005/20051011/main6.htm">
Left to woo UPA allies on Iran issue</weblink>", <it><work wordnetid="104599396" confidence="0.8">
<product wordnetid="104007894" confidence="0.8">
<print_media wordnetid="106263609" confidence="0.8">
<creation wordnetid="103129123" confidence="0.8">
<press wordnetid="106263369" confidence="0.8">
<artifact wordnetid="100021939" confidence="0.8">
<instrumentality wordnetid="103575240" confidence="0.8">
<medium wordnetid="106254669" confidence="0.8">
<publication wordnetid="106589574" confidence="0.8">
<newspaper wordnetid="106267145" confidence="0.8">
<link xlink:type="simple" xlink:href="../596/2412596.xml">
The Tribune</link></newspaper>
</publication>
</medium>
</instrumentality>
</artifact>
</press>
</creation>
</print_media>
</product>
</work>
</it>&#32;(2005-10-11).&#32;Retrieved on <link>
2008-08-11</link>.&nbsp;</entry>
<entry id="18">
<party wordnetid="108256968" confidence="0.9508927676800064">
<link xlink:type="simple" xlink:href="../206/408206.xml">
Communist Party of India (Marxist)</link></party>
&#32;(2005-10-10).&#32;"<weblink xlink:type="simple" xlink:href="http://www.cpim.org/statement/2005/10102005_foreign%20policy.htm">
Committee to Campaign for an Independent Foreign Policy</weblink>". <link xlink:type="simple" xlink:href="../097/304097.xml">
Press release</link>. &#32;Retrieved on <link>
2008-08-11</link>.</entry>
</reflist>
</p>

</sec>
<sec>
<st>
External links</st>
<p>

<list>
<entry level="1" type="bullet">

http://www.asianage.com/presentation/columnisthome/seema-mustafa.aspx&#91;&#93;</entry>
<entry level="1" type="bullet">

<image width="150px" src="DSC00185.JPG">
<caption>

DSC00185.JPG
</caption>
</image>
</entry>
</list>
</p>


</sec>
</bdy>
</journalist>
</writer>
</agnostic>
</causal_agent>
</leader>
</socialist>
</entity>
</communist>
</person>
</communicator>
</politician>
</physical_entity>
</article>
