<?xml version="1.0" encoding="UTF-8"?>
<!-- generated by CLiX/Wiki2XML [MPI-Inf, MMCI@UdS] $LastChangedRevision: 92 $ on 16.04.2009 17:59:48[mciao0825] -->
<!DOCTYPE article SYSTEM "../article.dtd">
<article xmlns:xlink="http://www.w3.org/1999/xlink">
<site  confidence="0.8" wordnetid="108651247">
<region  confidence="0.8" wordnetid="108630985">
<location  confidence="0.8" wordnetid="100027167">
<tract  confidence="0.8" wordnetid="108673395">
<entity  confidence="0.9511911446218017" wordnetid="100001740">
<geographical_area  confidence="0.8" wordnetid="108574314">
<city  confidence="0.9511911446218017" wordnetid="108524735">
<header>
<title>Trevi</title>
<id>1017564</id>
<revision>
<id>241776933</id>
<timestamp>2008-09-29T14:38:22Z</timestamp>
<contributor>
<username>D6</username>
<id>75561</id>
</contributor>
</revision>
<categories>
<category>Roman sites of Umbria</category>
<category>Hilltowns in Umbria</category>
<category>Cittaslow</category>
<category>Communes of the Province of Perugia</category>
<category>Cities and towns in Umbria</category>
<category>Trevi</category>
<category>Romanesque sites of Umbria</category>
</categories>
</header>
<bdy>
<template>
<name>Infobox CityIT</name>
<parameters>
<region>
<region wordnetid="108630039" confidence="0.9508927676800064">
<link xlink:type="simple" xlink:href="../590/51590.xml">
Umbria</link></region>
</region>
<postalcode>
06039 (hillside) and 06032 (valley)</postalcode>
<website>
<weblink xlink:type="simple" xlink:href="http://www.comune.trevi.pg.it/">
www.comune.trevi.pg.it</weblink></website>
<mayor>
Giuliano Nalli</mayor>
<population_as_of>
Dec. 2004</population_as_of>
<saint>
St. Emilian</saint>
<population_density_km2>
112</population_density_km2>
<frazioni>
Borgo, <site wordnetid="108651247" confidence="0.8">
<region wordnetid="108630985" confidence="0.8">
<location wordnetid="100027167" confidence="0.8">
<tract wordnetid="108673395" confidence="0.8">
<geographical_area wordnetid="108574314" confidence="0.8">
<link xlink:type="simple" xlink:href="../683/1024683.xml">
Bovara</link></geographical_area>
</tract>
</location>
</region>
</site>
, <region wordnetid="108630985" confidence="0.8">
<administrative_district wordnetid="108491826" confidence="0.8">
<location wordnetid="100027167" confidence="0.8">
<municipality wordnetid="108626283" confidence="0.8">
<geographical_area wordnetid="108574314" confidence="0.8">
<district wordnetid="108552138" confidence="0.8">
<urban_area wordnetid="108675967" confidence="0.8">
<city wordnetid="108524735" confidence="0.8">
<link xlink:type="simple" xlink:href="../218/1040218.xml">
Cannaiola</link></city>
</urban_area>
</district>
</geographical_area>
</municipality>
</location>
</administrative_district>
</region>
, Coste, <site wordnetid="108651247" confidence="0.8">
<region wordnetid="108630985" confidence="0.8">
<location wordnetid="100027167" confidence="0.8">
<tract wordnetid="108673395" confidence="0.8">
<geographical_area wordnetid="108574314" confidence="0.8">
<link xlink:type="simple" xlink:href="../346/1074346.xml">
Lapigge</link></geographical_area>
</tract>
</location>
</region>
</site>
, <site wordnetid="108651247" confidence="0.8">
<region wordnetid="108630985" confidence="0.8">
<location wordnetid="100027167" confidence="0.8">
<tract wordnetid="108673395" confidence="0.8">
<geographical_area wordnetid="108574314" confidence="0.8">
<link xlink:type="simple" xlink:href="../579/1041579.xml">
Manciano</link></geographical_area>
</tract>
</location>
</region>
</site>
, <site wordnetid="108651247" confidence="0.8">
<region wordnetid="108630985" confidence="0.8">
<administrative_district wordnetid="108491826" confidence="0.8">
<location wordnetid="100027167" confidence="0.8">
<tract wordnetid="108673395" confidence="0.8">
<municipality wordnetid="108626283" confidence="0.8">
<geographical_area wordnetid="108574314" confidence="0.8">
<district wordnetid="108552138" confidence="0.8">
<urban_area wordnetid="108675967" confidence="0.8">
<city wordnetid="108524735" confidence="0.8">
<link xlink:type="simple" xlink:href="../107/1061107.xml">
Matigge</link></city>
</urban_area>
</district>
</geographical_area>
</municipality>
</tract>
</location>
</administrative_district>
</region>
</site>
, Parrano, Picciche, San Lorenzo, Santa Maria in Valle</frazioni>
<timezone>
<link xlink:type="simple" xlink:href="../730/525730.xml">
CET</link>, <link xlink:type="simple" xlink:href="../276/143276.xml">
UTC</link>+1</timezone>
<population_total>
8007</population_total>
<gentilic>
Trevani</gentilic>
<area_total_km2>
71.2</area_total_km2>
<img_coa>
trevi-Stemma.gif</img_coa>
<name>
Trevi</name>
<province>
<region wordnetid="108630985" confidence="0.8">
<administrative_district wordnetid="108491826" confidence="0.8">
<location wordnetid="100027167" confidence="0.8">
<state wordnetid="108654360" confidence="0.8">
<district wordnetid="108552138" confidence="0.8">
<link xlink:type="simple" xlink:href="../244/990244.xml">
Perugia</link></district>
</state>
</location>
</administrative_district>
</region>
 (PG)</province>
<day>
<link xlink:type="simple" xlink:href="../792/15792.xml">
January 28</link></day>
<telephone>
0742</telephone>
<elevation_m>
412</elevation_m>
<mapx>
42.8833</mapx>
<coordinates>
<weblink xlink:type="simple" xlink:href="http://stable.toolserver.org/geohack/geohack.php?pagenameTrevi&amp;params42_53_N_12_45_E_type:city(8,007)_region:IT">
42°53′N 12°45′E﻿ / ﻿42.883, 12.75</weblink></coordinates>
<mapy>
12.7500</mapy>
<official_name>
Comune di Trevi</official_name>
</parameters>
</template>


For other places with the same name, see <link xlink:type="simple" xlink:href="../684/1089684.xml">
Trevi (disambiguation)</link>.<p>

<b>Trevi</b> (Latin: <link xlink:type="simple" xlink:href="../564/1017564.xml">
Trebiae</link>) is an ancient town and <it><link xlink:type="simple" xlink:href="../055/457055.xml">
comune</link> </it>in <region wordnetid="108630039" confidence="0.9508927676800064">
<link xlink:type="simple" xlink:href="../590/51590.xml">
Umbria</link></region>
, <system wordnetid="108435388" confidence="0.8">
<economy wordnetid="108366753" confidence="0.8">
<group wordnetid="100031264" confidence="0.8">
<link xlink:type="simple" xlink:href="../532/14532.xml">
Italy</link></group>
</economy>
</system>
, on the lower flank of <link>
Monte Serano</link> overlooking the wide plain of the <link xlink:type="simple" xlink:href="../217/1993217.xml">
Clitunno</link> river system. It is 10&nbsp;km (6&nbsp;mi) SSE of <site wordnetid="108651247" confidence="0.8">
<region wordnetid="108630985" confidence="0.8">
<administrative_district wordnetid="108491826" confidence="0.8">
<location wordnetid="100027167" confidence="0.8">
<tract wordnetid="108673395" confidence="0.8">
<municipality wordnetid="108626283" confidence="0.8">
<geographical_area wordnetid="108574314" confidence="0.8">
<district wordnetid="108552138" confidence="0.8">
<urban_area wordnetid="108675967" confidence="0.8">
<city wordnetid="108524735" confidence="0.8">
<link xlink:type="simple" xlink:href="../282/1019282.xml">
Foligno</link></city>
</urban_area>
</district>
</geographical_area>
</municipality>
</tract>
</location>
</administrative_district>
</region>
</site>
 and 20&nbsp;km (12&nbsp;mi) north of <site wordnetid="108651247" confidence="0.8">
<region wordnetid="108630985" confidence="0.8">
<location wordnetid="100027167" confidence="0.8">
<tract wordnetid="108673395" confidence="0.8">
<geographical_area wordnetid="108574314" confidence="0.8">
<link xlink:type="simple" xlink:href="../954/282954.xml">
Spoleto</link></geographical_area>
</tract>
</location>
</region>
</site>
.
<image location="left" width="150px" src="Trevi_z20.JPG" type="thumb">
<caption>

View of Trevi.
</caption>
</image>

The population of the <it>comune</it> was c. 8,000 in 2004, with the town proper accounting for about half of that; the rest lives in the <it><link xlink:type="simple" xlink:href="../430/1990430.xml">
frazioni</link></it> of Borgo, <site wordnetid="108651247" confidence="0.8">
<region wordnetid="108630985" confidence="0.8">
<location wordnetid="100027167" confidence="0.8">
<tract wordnetid="108673395" confidence="0.8">
<geographical_area wordnetid="108574314" confidence="0.8">
<link xlink:type="simple" xlink:href="../683/1024683.xml">
Bovara</link></geographical_area>
</tract>
</location>
</region>
</site>
, <region wordnetid="108630985" confidence="0.8">
<administrative_district wordnetid="108491826" confidence="0.8">
<location wordnetid="100027167" confidence="0.8">
<municipality wordnetid="108626283" confidence="0.8">
<geographical_area wordnetid="108574314" confidence="0.8">
<district wordnetid="108552138" confidence="0.8">
<urban_area wordnetid="108675967" confidence="0.8">
<city wordnetid="108524735" confidence="0.8">
<link xlink:type="simple" xlink:href="../218/1040218.xml">
Cannaiola</link></city>
</urban_area>
</district>
</geographical_area>
</municipality>
</location>
</administrative_district>
</region>
, Coste, <site wordnetid="108651247" confidence="0.8">
<region wordnetid="108630985" confidence="0.8">
<location wordnetid="100027167" confidence="0.8">
<tract wordnetid="108673395" confidence="0.8">
<geographical_area wordnetid="108574314" confidence="0.8">
<link xlink:type="simple" xlink:href="../346/1074346.xml">
Pigge</link></geographical_area>
</tract>
</location>
</region>
</site>
, <site wordnetid="108651247" confidence="0.8">
<region wordnetid="108630985" confidence="0.8">
<location wordnetid="100027167" confidence="0.8">
<tract wordnetid="108673395" confidence="0.8">
<geographical_area wordnetid="108574314" confidence="0.8">
<link xlink:type="simple" xlink:href="../579/1041579.xml">
 Manciano</link></geographical_area>
</tract>
</location>
</region>
</site>
, <site wordnetid="108651247" confidence="0.8">
<region wordnetid="108630985" confidence="0.8">
<administrative_district wordnetid="108491826" confidence="0.8">
<location wordnetid="100027167" confidence="0.8">
<tract wordnetid="108673395" confidence="0.8">
<municipality wordnetid="108626283" confidence="0.8">
<geographical_area wordnetid="108574314" confidence="0.8">
<district wordnetid="108552138" confidence="0.8">
<urban_area wordnetid="108675967" confidence="0.8">
<city wordnetid="108524735" confidence="0.8">
<link xlink:type="simple" xlink:href="../107/1061107.xml">
Matigge</link></city>
</urban_area>
</district>
</geographical_area>
</municipality>
</tract>
</location>
</administrative_district>
</region>
</site>
, Parrano, Picciche, San Lorenzo and Santa Maria in Valle. The historical subdivisions of Trevi proper are the <link xlink:type="simple" xlink:href="../525/2207525.xml">
terzieri</link> of Castello, Matiggia e Piano; they come into play only for the <tradition wordnetid="105809745" confidence="0.8">
<link xlink:type="simple" xlink:href="../114/854114.xml">
Palio</link></tradition>
.</p>
<p>

Most of the town, densely inhabited and of decidedly medieval aspect, lies on sharply sloping terrain, only the very center being more or less flat. It commands one of the best views in Umbria, extending over 50&nbsp;km (30&nbsp;mi) in most westerly directions. Trevi is served by the main rail line from <site wordnetid="108651247" confidence="0.9508927676800064">
<village wordnetid="108672738" confidence="0.9508927676800064">
<link xlink:type="simple" xlink:href="../458/25458.xml">
Rome</link></village>
</site>
 to <region wordnetid="108630985" confidence="0.8">
<administrative_district wordnetid="108491826" confidence="0.8">
<village wordnetid="108672738" confidence="0.8">
<location wordnetid="100027167" confidence="0.8">
<municipality wordnetid="108626283" confidence="0.8">
<settlement wordnetid="108672562" confidence="0.8">
<geographical_area wordnetid="108574314" confidence="0.8">
<district wordnetid="108552138" confidence="0.8">
<urban_area wordnetid="108675967" confidence="0.8">
<city wordnetid="108524735" confidence="0.8">
<link xlink:type="simple" xlink:href="../612/52612.xml">
Ancona</link></city>
</urban_area>
</district>
</geographical_area>
</settlement>
</municipality>
</location>
</village>
</administrative_district>
</region>
 as well as the line from <site wordnetid="108651247" confidence="0.9508927676800064">
<link xlink:type="simple" xlink:href="../525/11525.xml">
Florence</link></site>
 to Rome via Perugia.</p>

<sec>
<st>
Geography</st>

<p>

The territory of the <it>comune</it>, extends over 71&nbsp;sq.&nbsp;km (27.7&nbsp;sq.&nbsp;mi.) from the valley (210&nbsp;m) to Mts.&nbsp;Brunette (1422&nbsp;m/4665&nbsp;feet) and Serano (1429&nbsp;m/4688&nbsp;feet) and can be divided into three more or less equal zones: plain, hills, and mountain; each with its own characteristic vegetation. In the plain, the very fertile land is well irrigated by many watercourses, heirs for the most part to the "<link>
Lacus Clitorius</link>" of Antiquity, and is suited to annual crops. The hills, of a very loose alkaline limestone with excellent drainage, are an ideal terrain for the intensive and highly specialized cultivation of olive trees, that produce a very characteristic and highly prized oil. Finally, the mountains are clothed in meadows and forests, primarily deciduous.</p>
<p>

The natural environment of the territory as a whole remains largely unspoiled, this despite being significantly populated for millennia. The mountainous area is now witnessing a considerable depopulation &mdash; as elsewhere in Italy, in the second half of the 20th century settlements at the highest elevations have been rapidly losing their inhabitants to the plains. The most important growth areas since the period following World War&nbsp;II have been Borgo Trevi (commercial, residential and offices), Pietrarossa (industrial) and Matigge (light and medium industry, commercial).</p>
<p>

Many rivers and canals, none of them very large, run in a general South-to-North direction, converging into a single river near <site wordnetid="108651247" confidence="0.8">
<region wordnetid="108630985" confidence="0.8">
<location wordnetid="100027167" confidence="0.8">
<tract wordnetid="108673395" confidence="0.8">
<geographical_area wordnetid="108574314" confidence="0.8">
<link xlink:type="simple" xlink:href="../513/322513.xml">
Bevagna</link></geographical_area>
</tract>
</location>
</region>
</site>
. Their courses are by now highly artificial, the result of land and water management projects undertaken over many centuries, since they are recorded at least as early as the time of <sovereign wordnetid="110628644" confidence="0.8">
<physical_entity wordnetid="100001930" confidence="0.8">
<skilled_worker wordnetid="110605985" confidence="0.8">
<person wordnetid="100007846" confidence="0.8">
<king wordnetid="110231515" confidence="0.8">
<ruler wordnetid="110541229" confidence="0.8">
<communicator wordnetid="109610660" confidence="0.8">
<consul wordnetid="109959797" confidence="0.8">
<representative wordnetid="110522035" confidence="0.8">
<worker wordnetid="109632518" confidence="0.8">
<official wordnetid="110372373" confidence="0.8">
<causal_agent wordnetid="100007347" confidence="0.8">
<diplomat wordnetid="110013927" confidence="0.8">
<head_of_state wordnetid="110164747" confidence="0.8">
<negotiator wordnetid="110351874" confidence="0.8">
<link xlink:type="simple" xlink:href="../222/31222.xml">
Theodoric the Great</link></negotiator>
</head_of_state>
</diplomat>
</causal_agent>
</official>
</worker>
</representative>
</consul>
</communicator>
</ruler>
</king>
</person>
</skilled_worker>
</physical_entity>
</sovereign>
 (6th century) and have continued down to our own time with the construction of dams and works to regularize the seasonal waters of the <link>
Marroggia</link> that had been subject to frequent torrential overflows with sudden and disastrous results.</p>
<p>

The most important of the year-round watercourses is the Clitunno River, celebrated in Antiquity as the <link xlink:type="simple" xlink:href="../407/3708407.xml">
Clitumnus</link> whose deified waters were reputed to have miraculous properties, and which have been lauded in prose and verse by <visionary wordnetid="110756433" confidence="0.8">
<physical_entity wordnetid="100001930" confidence="0.8">
<prophet wordnetid="110483530" confidence="0.8">
<communicator wordnetid="109610660" confidence="0.8">
<person wordnetid="100007846" confidence="0.8">
<augur wordnetid="109823287" confidence="0.8">
<intellectual wordnetid="109621545" confidence="0.8">
<causal_agent wordnetid="100007347" confidence="0.8">
<writer wordnetid="110794014" confidence="0.8">
<diviner wordnetid="110020031" confidence="0.8">
<link xlink:type="simple" xlink:href="../407/49407.xml">
Pliny the Younger</link></diviner>
</writer>
</causal_agent>
</intellectual>
</augur>
</person>
</communicator>
</prophet>
</physical_entity>
</visionary>
, <physical_entity wordnetid="100001930" confidence="0.8">
<communicator wordnetid="109610660" confidence="0.8">
<person wordnetid="100007846" confidence="0.8">
<poet wordnetid="110444194" confidence="0.8">
<causal_agent wordnetid="100007347" confidence="0.8">
<writer wordnetid="110794014" confidence="0.8">
<link xlink:type="simple" xlink:href="../387/769387.xml">
Propertius</link></writer>
</causal_agent>
</poet>
</person>
</communicator>
</physical_entity>
, <physical_entity wordnetid="100001930" confidence="0.8">
<communicator wordnetid="109610660" confidence="0.8">
<person wordnetid="100007846" confidence="0.8">
<poet wordnetid="110444194" confidence="0.8">
<causal_agent wordnetid="100007347" confidence="0.8">
<writer wordnetid="110794014" confidence="0.8">
<link xlink:type="simple" xlink:href="../752/144752.xml">
Claudian</link></writer>
</causal_agent>
</poet>
</person>
</communicator>
</physical_entity>
, <peer wordnetid="109626238" confidence="0.8">
<physical_entity wordnetid="100001930" confidence="0.8">
<skilled_worker wordnetid="110605985" confidence="0.8">
<person wordnetid="100007846" confidence="0.8">
<colleague wordnetid="109935990" confidence="0.8">
<dramatist wordnetid="110030277" confidence="0.8">
<associate wordnetid="109816771" confidence="0.8">
<communicator wordnetid="109610660" confidence="0.8">
<editor wordnetid="110044879" confidence="0.8">
<worker wordnetid="109632518" confidence="0.8">
<causal_agent wordnetid="100007347" confidence="0.8">
<writer wordnetid="110794014" confidence="0.8">
<essayist wordnetid="110064405" confidence="0.8">
<link xlink:type="simple" xlink:href="../645/163645.xml">
Addison</link></essayist>
</writer>
</causal_agent>
</worker>
</editor>
</communicator>
</associate>
</dramatist>
</colleague>
</person>
</skilled_worker>
</physical_entity>
</peer>
, <person wordnetid="100007846" confidence="0.9508927676800064">
<poet wordnetid="110444194" confidence="0.9173553029164789">
<writer wordnetid="110794014" confidence="0.9508927676800064">
<revolutionist wordnetid="110527334" confidence="0.9173553029164789">
<link xlink:type="simple" xlink:href="../665/17566665.xml">
Byron</link></revolutionist>
</writer>
</poet>
</person>
 and <link>
Carducci</link>.</p>
<p>

Trevi borders the following municipalities: <region wordnetid="108630985" confidence="0.8">
<administrative_district wordnetid="108491826" confidence="0.8">
<location wordnetid="100027167" confidence="0.8">
<municipality wordnetid="108626283" confidence="0.8">
<geographical_area wordnetid="108574314" confidence="0.8">
<district wordnetid="108552138" confidence="0.8">
<urban_area wordnetid="108675967" confidence="0.8">
<city wordnetid="108524735" confidence="0.8">
<link xlink:type="simple" xlink:href="../384/6751384.xml">
Campello sul Clitunno</link></city>
</urban_area>
</district>
</geographical_area>
</municipality>
</location>
</administrative_district>
</region>
, <region wordnetid="108630985" confidence="0.8">
<administrative_district wordnetid="108491826" confidence="0.8">
<location wordnetid="100027167" confidence="0.8">
<municipality wordnetid="108626283" confidence="0.8">
<geographical_area wordnetid="108574314" confidence="0.8">
<district wordnetid="108552138" confidence="0.8">
<urban_area wordnetid="108675967" confidence="0.8">
<city wordnetid="108524735" confidence="0.8">
<link xlink:type="simple" xlink:href="../393/6751393.xml">
Castel Ritaldi</link></city>
</urban_area>
</district>
</geographical_area>
</municipality>
</location>
</administrative_district>
</region>
, <site wordnetid="108651247" confidence="0.8">
<region wordnetid="108630985" confidence="0.8">
<administrative_district wordnetid="108491826" confidence="0.8">
<location wordnetid="100027167" confidence="0.8">
<tract wordnetid="108673395" confidence="0.8">
<municipality wordnetid="108626283" confidence="0.8">
<geographical_area wordnetid="108574314" confidence="0.8">
<district wordnetid="108552138" confidence="0.8">
<urban_area wordnetid="108675967" confidence="0.8">
<city wordnetid="108524735" confidence="0.8">
<link xlink:type="simple" xlink:href="../282/1019282.xml">
Foligno</link></city>
</urban_area>
</district>
</geographical_area>
</municipality>
</tract>
</location>
</administrative_district>
</region>
</site>
, <link xlink:type="simple" xlink:href="../192/1058192.xml">
Montefalco</link>, <region wordnetid="108630985" confidence="0.8">
<administrative_district wordnetid="108491826" confidence="0.8">
<location wordnetid="100027167" confidence="0.8">
<municipality wordnetid="108626283" confidence="0.8">
<geographical_area wordnetid="108574314" confidence="0.8">
<district wordnetid="108552138" confidence="0.8">
<urban_area wordnetid="108675967" confidence="0.8">
<city wordnetid="108524735" confidence="0.8">
<link xlink:type="simple" xlink:href="../809/6751809.xml">
Sellano</link></city>
</urban_area>
</district>
</geographical_area>
</municipality>
</location>
</administrative_district>
</region>
, <site wordnetid="108651247" confidence="0.8">
<region wordnetid="108630985" confidence="0.8">
<location wordnetid="100027167" confidence="0.8">
<tract wordnetid="108673395" confidence="0.8">
<geographical_area wordnetid="108574314" confidence="0.8">
<link xlink:type="simple" xlink:href="../954/282954.xml">
Spoleto</link></geographical_area>
</tract>
</location>
</region>
</site>
.</p>

</sec>
<sec>
<st>
History</st>

<p>

In Antiquity, <skilled_worker wordnetid="110605985" confidence="0.8">
<physical_entity wordnetid="100001930" confidence="0.8">
<commissioned_naval_officer wordnetid="109943541" confidence="0.8">
<flag_officer wordnetid="110094584" confidence="0.8">
<commissioned_officer wordnetid="109942970" confidence="0.8">
<person wordnetid="100007846" confidence="0.8">
<philosopher wordnetid="110423589" confidence="0.8">
<botanist wordnetid="109868270" confidence="0.8">
<intellectual wordnetid="109621545" confidence="0.8">
<admiral wordnetid="109771204" confidence="0.8">
<serviceman wordnetid="110582746" confidence="0.8">
<scientist wordnetid="110560637" confidence="0.8">
<enlisted_person wordnetid="110058777" confidence="0.8">
<military_officer wordnetid="110317007" confidence="0.8">
<soldier wordnetid="110622053" confidence="0.8">
<communicator wordnetid="109610660" confidence="0.8">
<biologist wordnetid="109855630" confidence="0.8">
<worker wordnetid="109632518" confidence="0.8">
<causal_agent wordnetid="100007347" confidence="0.8">
<writer wordnetid="110794014" confidence="0.8">
<scholar wordnetid="110557854" confidence="0.8">
<link xlink:type="simple" xlink:href="../920/44920.xml">
Pliny the Elder</link></scholar>
</writer>
</causal_agent>
</worker>
</biologist>
</communicator>
</soldier>
</military_officer>
</enlisted_person>
</scientist>
</serviceman>
</admiral>
</intellectual>
</botanist>
</philosopher>
</person>
</commissioned_officer>
</flag_officer>
</commissioned_naval_officer>
</physical_entity>
</skilled_worker>
 mentioned Trevi as a city of the ancient Umbrians, which has been confirmed by the find of an Umbrian inscription within the territory of the comune, at <site wordnetid="108651247" confidence="0.8">
<region wordnetid="108630985" confidence="0.8">
<location wordnetid="100027167" confidence="0.8">
<tract wordnetid="108673395" confidence="0.8">
<geographical_area wordnetid="108574314" confidence="0.8">
<link xlink:type="simple" xlink:href="../683/1024683.xml">
Bovara</link></geographical_area>
</tract>
</location>
</region>
</site>
, in the 1950s. <it>"Treviae"</it> is also mentioned in the <link xlink:type="simple" xlink:href="../742/34742.xml">
5th‑century</link> <link>
Bordeaux Itinerary</link>. After the earliest period, the history of which is essentially unknown, but to which the walls in the core hill portion of the town attest, dated to the 1st century BC, the first stage of the development of Trevi beyond the hill took place under the <country wordnetid="108544813" confidence="0.9508927676800064">
<link xlink:type="simple" xlink:href="../507/25507.xml">
Empire</link></country>
, when <emperor wordnetid="110053004" confidence="0.9508927676800064">
<link xlink:type="simple" xlink:href="../621/13621.xml">
Hadrian</link></emperor>
 restored the main road through the territory, the <artifact wordnetid="100021939" confidence="0.8">
<way wordnetid="104564698" confidence="0.8">
<road wordnetid="104096066" confidence="0.8">
<link xlink:type="simple" xlink:href="../578/284578.xml">
Via Flaminia</link></road>
</way>
</artifact>
, thus spurring the growth of a suburb in the plain at the place now called Pietrarossa, where sporadic excavations over several centuries have brought to light many remains: among them Roman baths that appear to have been still more or less in use in the time of <person wordnetid="100007846" confidence="0.9508927676800064">
<saint wordnetid="110546850" confidence="0.9508927676800064">
<link xlink:type="simple" xlink:href="../638/11638.xml">
St. Francis</link></saint>
</person>
, who is known to have visited the area and to have advised people to bathe there.</p>
<p>

In antiquity Trevi is said to have had jurisdiction over much of the valley below, all the way to the <link>
Monti Martani</link> that form the central backbone of Umbria. The seat of a bishop until the 11th century, Trevi was a <group wordnetid="100031264" confidence="0.8">
<people wordnetid="107942152" confidence="0.8">
<link xlink:type="simple" xlink:href="../011/18011.xml">
Lombard</link></people>
</group>
 viceroyalty (it. <it>gastaldato</it>), then, in the early 13th century, freed itself of outside rulership to become a free commune. It generally allied itself with Perugia in order to defend itself from nearby Spoleto, and fought several wars with other neighboring communes, with varying outcomes, including invasion by Spoleto in the 14th century and a brief but unhappy rule of the Trinci warlords of Foligno. In 1438 Trevi passed under the temporal rule of the Church as part of the legation of Perugia, and thenceforth its history merges first with that of the <country wordnetid="108544813" confidence="0.9508927676800064">
<link xlink:type="simple" xlink:href="../534/59534.xml">
States of the Church</link></country>
, then (1860) with the united <system wordnetid="108435388" confidence="0.8">
<economy wordnetid="108366753" confidence="0.8">
<group wordnetid="100031264" confidence="0.8">
<link xlink:type="simple" xlink:href="../532/14532.xml">
Kingdom of Italy</link></group>
</economy>
</system>
.</p>
<p>

Trevi's best fortunes were in the 15th century, when its commercial importance was such that it was called "il porto secco" &mdash; the dry port. In 1470, along with Foligno, Trevi became the fourth town in Italy to have a <link xlink:type="simple" xlink:href="../295/23295.xml">
printing press</link>, managed by the first known printing company. The wealth of this period can still be seen in a number of <link xlink:type="simple" xlink:href="../532/25532.xml">
Renaissance</link> mansions in town.</p>

</sec>
<sec>
<st>
Main sights</st>
<p>

<image location="right" width="250px" src="Perugino_z001.JPG" type="thumb">
<caption>

Adoration of the Magi by Perugino
</caption>
</image>

Trevi is enclosed in two circuits of medieval walls; in the late 20th century, the inner circuit was shown to be of Roman origin.</p>
<p>

Trevi has about twenty old churches, several of which are of note:
<list>
<entry level="1" type="bullet">

The <it><link xlink:type="simple" xlink:href="../765/51765.xml">
Duomo</link> </it>of <it>Sant'&nbsp;Emiliano </it>is a <link xlink:type="simple" xlink:href="../686/52686.xml">
Romanesque</link> building with a carved door and an <link xlink:type="simple" xlink:href="../695/474695.xml">
apse</link> with carved <link xlink:type="simple" xlink:href="../978/354978.xml">
corbel</link>s, the interior of which was significantly reworked in the 18th century.</entry>
<entry level="1" type="bullet">

The <it>Madonna delle Lacrime</it> is a medieval conventual church with large votive frescoes, including an <link xlink:type="simple" xlink:href="../664/473664.xml">
Adoration of the Magi</link> by <physical_entity wordnetid="100001930" confidence="0.8">
<person wordnetid="100007846" confidence="0.8">
<causal_agent wordnetid="100007347" confidence="0.8">
<painter wordnetid="110391653" confidence="0.8">
<artist wordnetid="109812338" confidence="0.8">
<creator wordnetid="109614315" confidence="0.8">
<link xlink:type="simple" xlink:href="../200/871200.xml">
Pietro Perugino</link></creator>
</artist>
</painter>
</causal_agent>
</person>
</physical_entity>
, his last known signed and dated work. The chapel of Saint Francis was frescoed by <physical_entity wordnetid="100001930" confidence="0.8">
<person wordnetid="100007846" confidence="0.8">
<causal_agent wordnetid="100007347" confidence="0.8">
<painter wordnetid="110391653" confidence="0.8">
<artist wordnetid="109812338" confidence="0.8">
<creator wordnetid="109614315" confidence="0.8">
<link xlink:type="simple" xlink:href="../307/871307.xml">
Lo Spagna</link></creator>
</artist>
</painter>
</causal_agent>
</person>
</physical_entity>
, on of Perugino's pupils.</entry>
<entry level="1" type="bullet">

S.&nbsp;Martino, with <group wordnetid="100031264" confidence="0.8">
<people wordnetid="107942152" confidence="0.8">
<link xlink:type="simple" xlink:href="../011/18011.xml">
Lombard</link></people>
</group>
 lapidary remains and good paintings by <physical_entity wordnetid="100001930" confidence="0.8">
<person wordnetid="100007846" confidence="0.8">
<causal_agent wordnetid="100007347" confidence="0.8">
<painter wordnetid="110391653" confidence="0.8">
<artist wordnetid="109812338" confidence="0.8">
<creator wordnetid="109614315" confidence="0.8">
<link xlink:type="simple" xlink:href="../072/1028072.xml">
Mezzastris</link></creator>
</artist>
</painter>
</causal_agent>
</person>
</physical_entity>
. </entry>
<entry level="1" type="bullet">

S.&nbsp;Francesco, a large Gothic building, now housing a museum.</entry>
</list>
</p>
<p>

The territory of the <it>comune</it> is particularly rich in Romanesque churches: some of those in the plain, erected on the Roman <artifact wordnetid="100021939" confidence="0.8">
<way wordnetid="104564698" confidence="0.8">
<road wordnetid="104096066" confidence="0.8">
<link xlink:type="simple" xlink:href="../578/284578.xml">
Via Flaminia</link></road>
</way>
</artifact>
 when that road was in use, and incorporating a fair amount of Roman spolia, remain as markers of the road's course.</p>

</sec>
<sec>
<st>
Museums</st>

<p>

Trevi's main museum is the Museo S.&nbsp;Francesco, attached to the Gothic church of that name, now secularized; it contains some slight Roman lapidary material, but a more important collection of Umbrian painting from the late Middle Ages through the 17th&nbsp;century: the main work is the <it>Coronation of the Virgin</it> altarpiece by <physical_entity wordnetid="100001930" confidence="0.8">
<person wordnetid="100007846" confidence="0.8">
<causal_agent wordnetid="100007347" confidence="0.8">
<painter wordnetid="110391653" confidence="0.8">
<artist wordnetid="109812338" confidence="0.8">
<creator wordnetid="109614315" confidence="0.8">
<link xlink:type="simple" xlink:href="../307/871307.xml">
Lo&nbsp;Spagna</link></creator>
</artist>
</painter>
</causal_agent>
</person>
</physical_entity>
, originally in San Martino. Particularly notable are a group of ex-votos representative of 16th‑ through 18th‑century folk art.</p>
<p>

The Museo della Civiltà dell'&nbsp;Olivo provides an educational look at the olive industry, from the planting of the olive through its processing into oil; the Flash Art Museum houses contemporary art exhibits.</p>

</sec>
<sec>
<st>
Economy</st>

<p>

The mainstays of Trevi's economy are <link xlink:type="simple" xlink:href="../478/22478.xml">
olive oil</link> and <link xlink:type="simple" xlink:href="../789/29789.xml">
tourism</link>.</p>
<p>

The <it>comuni</it> of Trevi and Spoleto are known for the quality of their oil, a result of near-ideal calcareous soil with excellent drainage, just the right altitude for the cultivation of olive trees, and favourable climatic conditions on the west-facing lower slopes of the Apennine mountain range.</p>
<p>

Trevi's good train and highway access has made the town the most convenient base for visiting central Umbria for those who rely on public transportation; the unusual number of good restaurants in the <it>comune</it> is partly the cause, partly the result of increased tourism.</p>
<p>

Trevi also has some light industry and food processing other than olive oil.</p>

<ss1>
<st>
 Demographic evolution </st>



</ss1>
</sec>
<sec>
<st>
Holidays and local events</st>
<p>

Trevi's patron saint is St. Emiliano; his feast is celebrated on <link xlink:type="simple" xlink:href="../866/15866.xml">
January 27</link> with a night-time procession of the <it>Illuminata</it>, in which his statue is carried out of the Duomo around the city along the line of the earliest medieval walls.</p>
<p>

<fundamental_quantity wordnetid="113575869" confidence="0.8">
<time_period wordnetid="115113229" confidence="0.8">
<festival wordnetid="115162388" confidence="0.8">
<link xlink:type="simple" xlink:href="../604/158604.xml">
Shrove Tuesday</link></festival>
</time_period>
</fundamental_quantity>
 sees a public celebration in the main <link xlink:type="simple" xlink:href="../718/291718.xml">
piazza</link>, and August a 3‑week-long music festival; but the main annual festivals take place in October: the Palio on the first Sunday, the Celery and Sausage Fair (<it>Sagra del Sedano Nero e della Salsiccia</it>) on the third Sunday, and a historical pageant on the fourth Sunday.</p>

</sec>
<sec>
<st>
References</st>
<p>

<it>(Portions translated and adapted from Pro Trevi, by permission.)</it></p>
<p>



</p>
</sec>
<sec>
<st>
External links</st>

<p>

<list>
<entry level="1" type="bullet">

<weblink xlink:type="simple" xlink:href="http://www.comune.trevi.pg.it/">
Official webite</weblink></entry>
<entry level="1" type="bullet">

<weblink xlink:type="simple" xlink:href="http://www.protrevi.com/protrevi/">
Trevi Tourist Office (Pro Trevi)</weblink> </entry>
<entry level="1" type="bullet">

<weblink xlink:type="simple" xlink:href="http://www.treviflashartmuseum.org/">
Trevi Flash Art Museum</weblink></entry>
<entry level="1" type="bullet">

<weblink xlink:type="simple" xlink:href="http://www.protagonistaslow.it/museum_of_the_olive_civilization.htm">
Trevi Olive Oil Museum</weblink></entry>
<entry level="1" type="bullet">

<weblink xlink:type="simple" xlink:href="http://penelope.uchicago.edu/Thayer/E/Gazetteer/Places/Europe/Italy/Umbria/Perugia/Trevi/Trevi/home.html">
Bill Thayer's site</weblink></entry>
</list>
</p>


<p>

<table style=";" class="navbox" cellspacing="0">
<row>
<col style="padding:2px;">
<table style="width:100%;background:transparent;color:inherit;;" class="nowraplinks collapsible autocollapse " cellspacing="0">
<row>
<header colspan="3" style=";" class="navbox-title">
<region wordnetid="108630039" confidence="0.9508927676800064">
<link xlink:type="simple" xlink:href="../590/51590.xml">
Umbria</link></region>
 &middot; <it><link xlink:type="simple" xlink:href="../055/457055.xml">
Comuni</link></it> of the <region wordnetid="108630985" confidence="0.8">
<administrative_district wordnetid="108491826" confidence="0.8">
<location wordnetid="100027167" confidence="0.8">
<state wordnetid="108654360" confidence="0.8">
<district wordnetid="108552138" confidence="0.8">
<link xlink:type="simple" xlink:href="../244/990244.xml">
Province of Perugia</link></district>
</state>
</location>
</administrative_district>
</region>
</header>
</row>
<row style="height:2px;">

</row>
<row>
<col style="width:0%;padding:0px 2px 0px 0px;" rowspan="1">
<image width="55px" src="Regione-Umbria-Stemma.svg">
<caption>

Umbria
</caption>
</image>
</col>
<col colspan="2" style="width:100%;padding:0px;;;" class="navbox-list navbox-odd">
<link xlink:type="simple" xlink:href="../705/81705.xml">
Assisi</link> · <region wordnetid="108630985" confidence="0.8">
<administrative_district wordnetid="108491826" confidence="0.8">
<location wordnetid="100027167" confidence="0.8">
<municipality wordnetid="108626283" confidence="0.8">
<geographical_area wordnetid="108574314" confidence="0.8">
<district wordnetid="108552138" confidence="0.8">
<urban_area wordnetid="108675967" confidence="0.8">
<city wordnetid="108524735" confidence="0.8">
<link xlink:type="simple" xlink:href="../366/6751366.xml">
Bastia Umbra</link></city>
</urban_area>
</district>
</geographical_area>
</municipality>
</location>
</administrative_district>
</region>
 · <link xlink:type="simple" xlink:href="../439/2175439.xml">
Bettona</link> · <site wordnetid="108651247" confidence="0.8">
<region wordnetid="108630985" confidence="0.8">
<location wordnetid="100027167" confidence="0.8">
<tract wordnetid="108673395" confidence="0.8">
<geographical_area wordnetid="108574314" confidence="0.8">
<link xlink:type="simple" xlink:href="../513/322513.xml">
Bevagna</link></geographical_area>
</tract>
</location>
</region>
</site>
 · <region wordnetid="108630985" confidence="0.8">
<administrative_district wordnetid="108491826" confidence="0.8">
<location wordnetid="100027167" confidence="0.8">
<municipality wordnetid="108626283" confidence="0.8">
<geographical_area wordnetid="108574314" confidence="0.8">
<district wordnetid="108552138" confidence="0.8">
<urban_area wordnetid="108675967" confidence="0.8">
<city wordnetid="108524735" confidence="0.8">
<link xlink:type="simple" xlink:href="../384/6751384.xml">
Campello sul Clitunno</link></city>
</urban_area>
</district>
</geographical_area>
</municipality>
</location>
</administrative_district>
</region>
 · <region wordnetid="108630985" confidence="0.8">
<administrative_district wordnetid="108491826" confidence="0.8">
<location wordnetid="100027167" confidence="0.8">
<municipality wordnetid="108626283" confidence="0.8">
<geographical_area wordnetid="108574314" confidence="0.8">
<district wordnetid="108552138" confidence="0.8">
<urban_area wordnetid="108675967" confidence="0.8">
<city wordnetid="108524735" confidence="0.8">
<link xlink:type="simple" xlink:href="../857/2289857.xml">
Cannara</link></city>
</urban_area>
</district>
</geographical_area>
</municipality>
</location>
</administrative_district>
</region>
 · <region wordnetid="108630985" confidence="0.8">
<administrative_district wordnetid="108491826" confidence="0.8">
<location wordnetid="100027167" confidence="0.8">
<municipality wordnetid="108626283" confidence="0.8">
<geographical_area wordnetid="108574314" confidence="0.8">
<district wordnetid="108552138" confidence="0.8">
<urban_area wordnetid="108675967" confidence="0.8">
<city wordnetid="108524735" confidence="0.8">
<link xlink:type="simple" xlink:href="../835/1052835.xml">
Cascia</link></city>
</urban_area>
</district>
</geographical_area>
</municipality>
</location>
</administrative_district>
</region>
 · <region wordnetid="108630985" confidence="0.8">
<administrative_district wordnetid="108491826" confidence="0.8">
<location wordnetid="100027167" confidence="0.8">
<municipality wordnetid="108626283" confidence="0.8">
<geographical_area wordnetid="108574314" confidence="0.8">
<district wordnetid="108552138" confidence="0.8">
<urban_area wordnetid="108675967" confidence="0.8">
<city wordnetid="108524735" confidence="0.8">
<link xlink:type="simple" xlink:href="../393/6751393.xml">
Castel Ritaldi</link></city>
</urban_area>
</district>
</geographical_area>
</municipality>
</location>
</administrative_district>
</region>
 · <region wordnetid="108630985" confidence="0.8">
<structure wordnetid="104341686" confidence="0.8">
<building wordnetid="102913152" confidence="0.8">
<administrative_district wordnetid="108491826" confidence="0.8">
<mansion wordnetid="103719053" confidence="0.8">
<housing wordnetid="103546340" confidence="0.8">
<location wordnetid="100027167" confidence="0.8">
<municipality wordnetid="108626283" confidence="0.8">
<house wordnetid="103544360" confidence="0.8">
<city wordnetid="108524735" confidence="0.8">
<artifact wordnetid="100021939" confidence="0.8">
<dwelling wordnetid="103259505" confidence="0.8">
<geographical_area wordnetid="108574314" confidence="0.8">
<district wordnetid="108552138" confidence="0.8">
<palace wordnetid="103878066" confidence="0.8">
<urban_area wordnetid="108675967" confidence="0.8">
<link xlink:type="simple" xlink:href="../990/3283990.xml">
Castiglione del Lago</link></urban_area>
</palace>
</district>
</geographical_area>
</dwelling>
</artifact>
</city>
</house>
</municipality>
</location>
</housing>
</mansion>
</administrative_district>
</building>
</structure>
</region>
 · <site wordnetid="108651247" confidence="0.8">
<region wordnetid="108630985" confidence="0.8">
<administrative_district wordnetid="108491826" confidence="0.8">
<location wordnetid="100027167" confidence="0.8">
<tract wordnetid="108673395" confidence="0.8">
<municipality wordnetid="108626283" confidence="0.8">
<geographical_area wordnetid="108574314" confidence="0.8">
<district wordnetid="108552138" confidence="0.8">
<urban_area wordnetid="108675967" confidence="0.8">
<city wordnetid="108524735" confidence="0.8">
<link xlink:type="simple" xlink:href="../726/3331726.xml">
Cerreto di Spoleto</link></city>
</urban_area>
</district>
</geographical_area>
</municipality>
</tract>
</location>
</administrative_district>
</region>
</site>
 · <region wordnetid="108630985" confidence="0.8">
<administrative_district wordnetid="108491826" confidence="0.8">
<location wordnetid="100027167" confidence="0.8">
<municipality wordnetid="108626283" confidence="0.8">
<geographical_area wordnetid="108574314" confidence="0.8">
<district wordnetid="108552138" confidence="0.8">
<urban_area wordnetid="108675967" confidence="0.8">
<city wordnetid="108524735" confidence="0.8">
<link xlink:type="simple" xlink:href="../404/6751404.xml">
Citerna</link></city>
</urban_area>
</district>
</geographical_area>
</municipality>
</location>
</administrative_district>
</region>
 · <link>
Città della Pieve</link> · <link>
Città di Castello</link> · <region wordnetid="108630985" confidence="0.8">
<administrative_district wordnetid="108491826" confidence="0.8">
<location wordnetid="100027167" confidence="0.8">
<municipality wordnetid="108626283" confidence="0.8">
<geographical_area wordnetid="108574314" confidence="0.8">
<district wordnetid="108552138" confidence="0.8">
<urban_area wordnetid="108675967" confidence="0.8">
<city wordnetid="108524735" confidence="0.8">
<link xlink:type="simple" xlink:href="../436/6751436.xml">
Collazzone</link></city>
</urban_area>
</district>
</geographical_area>
</municipality>
</location>
</administrative_district>
</region>
 · <region wordnetid="108630985" confidence="0.8">
<administrative_district wordnetid="108491826" confidence="0.8">
<location wordnetid="100027167" confidence="0.8">
<municipality wordnetid="108626283" confidence="0.8">
<geographical_area wordnetid="108574314" confidence="0.8">
<district wordnetid="108552138" confidence="0.8">
<urban_area wordnetid="108675967" confidence="0.8">
<city wordnetid="108524735" confidence="0.8">
<link xlink:type="simple" xlink:href="../449/6751449.xml">
Corciano</link></city>
</urban_area>
</district>
</geographical_area>
</municipality>
</location>
</administrative_district>
</region>
 · <region wordnetid="108630985" confidence="0.8">
<administrative_district wordnetid="108491826" confidence="0.8">
<location wordnetid="100027167" confidence="0.8">
<municipality wordnetid="108626283" confidence="0.8">
<geographical_area wordnetid="108574314" confidence="0.8">
<district wordnetid="108552138" confidence="0.8">
<urban_area wordnetid="108675967" confidence="0.8">
<city wordnetid="108524735" confidence="0.8">
<link xlink:type="simple" xlink:href="../542/6751542.xml">
Costacciaro</link></city>
</urban_area>
</district>
</geographical_area>
</municipality>
</location>
</administrative_district>
</region>
 · <region wordnetid="108630985" confidence="0.8">
<administrative_district wordnetid="108491826" confidence="0.8">
<location wordnetid="100027167" confidence="0.8">
<municipality wordnetid="108626283" confidence="0.8">
<geographical_area wordnetid="108574314" confidence="0.8">
<district wordnetid="108552138" confidence="0.8">
<urban_area wordnetid="108675967" confidence="0.8">
<city wordnetid="108524735" confidence="0.8">
<link xlink:type="simple" xlink:href="../268/2203268.xml">
Deruta</link></city>
</urban_area>
</district>
</geographical_area>
</municipality>
</location>
</administrative_district>
</region>
 · <site wordnetid="108651247" confidence="0.8">
<region wordnetid="108630985" confidence="0.8">
<administrative_district wordnetid="108491826" confidence="0.8">
<location wordnetid="100027167" confidence="0.8">
<tract wordnetid="108673395" confidence="0.8">
<municipality wordnetid="108626283" confidence="0.8">
<geographical_area wordnetid="108574314" confidence="0.8">
<district wordnetid="108552138" confidence="0.8">
<urban_area wordnetid="108675967" confidence="0.8">
<city wordnetid="108524735" confidence="0.8">
<link xlink:type="simple" xlink:href="../282/1019282.xml">
Foligno</link></city>
</urban_area>
</district>
</geographical_area>
</municipality>
</tract>
</location>
</administrative_district>
</region>
</site>
 · <link xlink:type="simple" xlink:href="../149/2334149.xml">
Fossato di Vico</link> · <region wordnetid="108630985" confidence="0.8">
<administrative_district wordnetid="108491826" confidence="0.8">
<location wordnetid="100027167" confidence="0.8">
<municipality wordnetid="108626283" confidence="0.8">
<geographical_area wordnetid="108574314" confidence="0.8">
<district wordnetid="108552138" confidence="0.8">
<urban_area wordnetid="108675967" confidence="0.8">
<city wordnetid="108524735" confidence="0.8">
<link xlink:type="simple" xlink:href="../551/6751551.xml">
Fratta Todina</link></city>
</urban_area>
</district>
</geographical_area>
</municipality>
</location>
</administrative_district>
</region>
 · <region wordnetid="108630985" confidence="0.8">
<administrative_district wordnetid="108491826" confidence="0.8">
<location wordnetid="100027167" confidence="0.8">
<municipality wordnetid="108626283" confidence="0.8">
<geographical_area wordnetid="108574314" confidence="0.8">
<district wordnetid="108552138" confidence="0.8">
<urban_area wordnetid="108675967" confidence="0.8">
<city wordnetid="108524735" confidence="0.8">
<link xlink:type="simple" xlink:href="../558/6751558.xml">
Giano dell'Umbria</link></city>
</urban_area>
</district>
</geographical_area>
</municipality>
</location>
</administrative_district>
</region>
 · <region wordnetid="108630985" confidence="0.8">
<administrative_district wordnetid="108491826" confidence="0.8">
<location wordnetid="100027167" confidence="0.8">
<municipality wordnetid="108626283" confidence="0.8">
<geographical_area wordnetid="108574314" confidence="0.8">
<district wordnetid="108552138" confidence="0.8">
<urban_area wordnetid="108675967" confidence="0.8">
<city wordnetid="108524735" confidence="0.8">
<link xlink:type="simple" xlink:href="../574/6751574.xml">
Gualdo Cattaneo</link></city>
</urban_area>
</district>
</geographical_area>
</municipality>
</location>
</administrative_district>
</region>
 · <site wordnetid="108651247" confidence="0.8">
<region wordnetid="108630985" confidence="0.8">
<location wordnetid="100027167" confidence="0.8">
<tract wordnetid="108673395" confidence="0.8">
<geographical_area wordnetid="108574314" confidence="0.8">
<link xlink:type="simple" xlink:href="../724/188724.xml">
Gualdo Tadino</link></geographical_area>
</tract>
</location>
</region>
</site>
 · <link xlink:type="simple" xlink:href="../945/1017945.xml">
Gubbio</link> · <region wordnetid="108630985" confidence="0.8">
<administrative_district wordnetid="108491826" confidence="0.8">
<location wordnetid="100027167" confidence="0.8">
<municipality wordnetid="108626283" confidence="0.8">
<geographical_area wordnetid="108574314" confidence="0.8">
<district wordnetid="108552138" confidence="0.8">
<urban_area wordnetid="108675967" confidence="0.8">
<city wordnetid="108524735" confidence="0.8">
<link xlink:type="simple" xlink:href="../592/6751592.xml">
Lisciano Niccone</link></city>
</urban_area>
</district>
</geographical_area>
</municipality>
</location>
</administrative_district>
</region>
 · <region wordnetid="108630985" confidence="0.8">
<administrative_district wordnetid="108491826" confidence="0.8">
<location wordnetid="100027167" confidence="0.8">
<municipality wordnetid="108626283" confidence="0.8">
<geographical_area wordnetid="108574314" confidence="0.8">
<district wordnetid="108552138" confidence="0.8">
<urban_area wordnetid="108675967" confidence="0.8">
<city wordnetid="108524735" confidence="0.8">
<link xlink:type="simple" xlink:href="../601/6751601.xml">
Magione</link></city>
</urban_area>
</district>
</geographical_area>
</municipality>
</location>
</administrative_district>
</region>
 · <region wordnetid="108630985" confidence="0.8">
<administrative_district wordnetid="108491826" confidence="0.8">
<location wordnetid="100027167" confidence="0.8">
<municipality wordnetid="108626283" confidence="0.8">
<geographical_area wordnetid="108574314" confidence="0.8">
<district wordnetid="108552138" confidence="0.8">
<urban_area wordnetid="108675967" confidence="0.8">
<city wordnetid="108524735" confidence="0.8">
<link xlink:type="simple" xlink:href="../612/6751612.xml">
Marsciano</link></city>
</urban_area>
</district>
</geographical_area>
</municipality>
</location>
</administrative_district>
</region>
 · <site wordnetid="108651247" confidence="0.8">
<region wordnetid="108630985" confidence="0.8">
<administrative_district wordnetid="108491826" confidence="0.8">
<location wordnetid="100027167" confidence="0.8">
<tract wordnetid="108673395" confidence="0.8">
<municipality wordnetid="108626283" confidence="0.8">
<geographical_area wordnetid="108574314" confidence="0.8">
<district wordnetid="108552138" confidence="0.8">
<urban_area wordnetid="108675967" confidence="0.8">
<city wordnetid="108524735" confidence="0.8">
<link xlink:type="simple" xlink:href="../424/2287424.xml">
Massa Martana</link></city>
</urban_area>
</district>
</geographical_area>
</municipality>
</tract>
</location>
</administrative_district>
</region>
</site>
 · <region wordnetid="108630985" confidence="0.8">
<administrative_district wordnetid="108491826" confidence="0.8">
<location wordnetid="100027167" confidence="0.8">
<municipality wordnetid="108626283" confidence="0.8">
<geographical_area wordnetid="108574314" confidence="0.8">
<district wordnetid="108552138" confidence="0.8">
<urban_area wordnetid="108675967" confidence="0.8">
<city wordnetid="108524735" confidence="0.8">
<link xlink:type="simple" xlink:href="../625/6751625.xml">
Monte Castello di Vibio</link></city>
</urban_area>
</district>
</geographical_area>
</municipality>
</location>
</administrative_district>
</region>
 · <region wordnetid="108630985" confidence="0.8">
<administrative_district wordnetid="108491826" confidence="0.8">
<location wordnetid="100027167" confidence="0.8">
<municipality wordnetid="108626283" confidence="0.8">
<geographical_area wordnetid="108574314" confidence="0.8">
<district wordnetid="108552138" confidence="0.8">
<urban_area wordnetid="108675967" confidence="0.8">
<city wordnetid="108524735" confidence="0.8">
<link xlink:type="simple" xlink:href="../639/6751639.xml">
Monte Santa Maria Tiberina</link></city>
</urban_area>
</district>
</geographical_area>
</municipality>
</location>
</administrative_district>
</region>
 · <link xlink:type="simple" xlink:href="../192/1058192.xml">
Montefalco</link> · <link xlink:type="simple" xlink:href="../175/2086175.xml">
Monteleone di Spoleto</link> · <region wordnetid="108630985" confidence="0.8">
<administrative_district wordnetid="108491826" confidence="0.8">
<location wordnetid="100027167" confidence="0.8">
<municipality wordnetid="108626283" confidence="0.8">
<geographical_area wordnetid="108574314" confidence="0.8">
<district wordnetid="108552138" confidence="0.8">
<urban_area wordnetid="108675967" confidence="0.8">
<city wordnetid="108524735" confidence="0.8">
<link xlink:type="simple" xlink:href="../657/6751657.xml">
Montone</link></city>
</urban_area>
</district>
</geographical_area>
</municipality>
</location>
</administrative_district>
</region>
 · <link xlink:type="simple" xlink:href="../121/2341121.xml">
Nocera Umbra</link> · <site wordnetid="108651247" confidence="0.8">
<region wordnetid="108630985" confidence="0.8">
<administrative_district wordnetid="108491826" confidence="0.8">
<location wordnetid="100027167" confidence="0.8">
<tract wordnetid="108673395" confidence="0.8">
<municipality wordnetid="108626283" confidence="0.8">
<geographical_area wordnetid="108574314" confidence="0.8">
<district wordnetid="108552138" confidence="0.8">
<urban_area wordnetid="108675967" confidence="0.8">
<city wordnetid="108524735" confidence="0.8">
<link xlink:type="simple" xlink:href="../393/638393.xml">
Norcia</link></city>
</urban_area>
</district>
</geographical_area>
</municipality>
</tract>
</location>
</administrative_district>
</region>
</site>
 · <region wordnetid="108630985" confidence="0.8">
<administrative_district wordnetid="108491826" confidence="0.8">
<location wordnetid="100027167" confidence="0.8">
<municipality wordnetid="108626283" confidence="0.8">
<geographical_area wordnetid="108574314" confidence="0.8">
<district wordnetid="108552138" confidence="0.8">
<urban_area wordnetid="108675967" confidence="0.8">
<city wordnetid="108524735" confidence="0.8">
<link xlink:type="simple" xlink:href="../669/6751669.xml">
Paciano</link></city>
</urban_area>
</district>
</geographical_area>
</municipality>
</location>
</administrative_district>
</region>
 · <region wordnetid="108630985" confidence="0.8">
<administrative_district wordnetid="108491826" confidence="0.8">
<location wordnetid="100027167" confidence="0.8">
<municipality wordnetid="108626283" confidence="0.8">
<geographical_area wordnetid="108574314" confidence="0.8">
<district wordnetid="108552138" confidence="0.8">
<urban_area wordnetid="108675967" confidence="0.8">
<city wordnetid="108524735" confidence="0.8">
<link xlink:type="simple" xlink:href="../687/6751687.xml">
Panicale</link></city>
</urban_area>
</district>
</geographical_area>
</municipality>
</location>
</administrative_district>
</region>
 · <region wordnetid="108630985" confidence="0.8">
<administrative_district wordnetid="108491826" confidence="0.8">
<location wordnetid="100027167" confidence="0.8">
<municipality wordnetid="108626283" confidence="0.8">
<geographical_area wordnetid="108574314" confidence="0.8">
<district wordnetid="108552138" confidence="0.8">
<urban_area wordnetid="108675967" confidence="0.8">
<city wordnetid="108524735" confidence="0.8">
<link xlink:type="simple" xlink:href="../697/6751697.xml">
Passignano sul Trasimeno</link></city>
</urban_area>
</district>
</geographical_area>
</municipality>
</location>
</administrative_district>
</region>
 · <site wordnetid="108651247" confidence="0.8">
<region wordnetid="108630985" confidence="0.8">
<location wordnetid="100027167" confidence="0.8">
<tract wordnetid="108673395" confidence="0.8">
<geographical_area wordnetid="108574314" confidence="0.8">
<link xlink:type="simple" xlink:href="../594/51594.xml">
Perugia</link></geographical_area>
</tract>
</location>
</region>
</site>
 · <region wordnetid="108630985" confidence="0.8">
<administrative_district wordnetid="108491826" confidence="0.8">
<location wordnetid="100027167" confidence="0.8">
<municipality wordnetid="108626283" confidence="0.8">
<geographical_area wordnetid="108574314" confidence="0.8">
<district wordnetid="108552138" confidence="0.8">
<urban_area wordnetid="108675967" confidence="0.8">
<city wordnetid="108524735" confidence="0.8">
<link xlink:type="simple" xlink:href="../712/6751712.xml">
Piegaro</link></city>
</urban_area>
</district>
</geographical_area>
</municipality>
</location>
</administrative_district>
</region>
 · <region wordnetid="108630985" confidence="0.8">
<administrative_district wordnetid="108491826" confidence="0.8">
<location wordnetid="100027167" confidence="0.8">
<municipality wordnetid="108626283" confidence="0.8">
<geographical_area wordnetid="108574314" confidence="0.8">
<district wordnetid="108552138" confidence="0.8">
<urban_area wordnetid="108675967" confidence="0.8">
<city wordnetid="108524735" confidence="0.8">
<link xlink:type="simple" xlink:href="../721/6751721.xml">
Pietralunga</link></city>
</urban_area>
</district>
</geographical_area>
</municipality>
</location>
</administrative_district>
</region>
 · <region wordnetid="108630985" confidence="0.8">
<administrative_district wordnetid="108491826" confidence="0.8">
<location wordnetid="100027167" confidence="0.8">
<municipality wordnetid="108626283" confidence="0.8">
<geographical_area wordnetid="108574314" confidence="0.8">
<district wordnetid="108552138" confidence="0.8">
<urban_area wordnetid="108675967" confidence="0.8">
<city wordnetid="108524735" confidence="0.8">
<link xlink:type="simple" xlink:href="../732/6751732.xml">
Poggiodomo</link></city>
</urban_area>
</district>
</geographical_area>
</municipality>
</location>
</administrative_district>
</region>
 · <region wordnetid="108630985" confidence="0.8">
<administrative_district wordnetid="108491826" confidence="0.8">
<location wordnetid="100027167" confidence="0.8">
<municipality wordnetid="108626283" confidence="0.8">
<geographical_area wordnetid="108574314" confidence="0.8">
<district wordnetid="108552138" confidence="0.8">
<urban_area wordnetid="108675967" confidence="0.8">
<city wordnetid="108524735" confidence="0.8">
<link xlink:type="simple" xlink:href="../744/6751744.xml">
Preci</link></city>
</urban_area>
</district>
</geographical_area>
</municipality>
</location>
</administrative_district>
</region>
 · <region wordnetid="108630985" confidence="0.8">
<administrative_district wordnetid="108491826" confidence="0.8">
<location wordnetid="100027167" confidence="0.8">
<municipality wordnetid="108626283" confidence="0.8">
<geographical_area wordnetid="108574314" confidence="0.8">
<district wordnetid="108552138" confidence="0.8">
<urban_area wordnetid="108675967" confidence="0.8">
<city wordnetid="108524735" confidence="0.8">
<link xlink:type="simple" xlink:href="../756/6751756.xml">
San Giustino</link></city>
</urban_area>
</district>
</geographical_area>
</municipality>
</location>
</administrative_district>
</region>
 · <region wordnetid="108630985" confidence="0.8">
<administrative_district wordnetid="108491826" confidence="0.8">
<location wordnetid="100027167" confidence="0.8">
<municipality wordnetid="108626283" confidence="0.8">
<geographical_area wordnetid="108574314" confidence="0.8">
<district wordnetid="108552138" confidence="0.8">
<urban_area wordnetid="108675967" confidence="0.8">
<city wordnetid="108524735" confidence="0.8">
<link xlink:type="simple" xlink:href="../769/6751769.xml">
Sant'Anatolia di Narco</link></city>
</urban_area>
</district>
</geographical_area>
</municipality>
</location>
</administrative_district>
</region>
 · <region wordnetid="108630985" confidence="0.8">
<administrative_district wordnetid="108491826" confidence="0.8">
<location wordnetid="100027167" confidence="0.8">
<municipality wordnetid="108626283" confidence="0.8">
<geographical_area wordnetid="108574314" confidence="0.8">
<district wordnetid="108552138" confidence="0.8">
<urban_area wordnetid="108675967" confidence="0.8">
<city wordnetid="108524735" confidence="0.8">
<link xlink:type="simple" xlink:href="../782/6751782.xml">
Scheggia e Pascelupo</link></city>
</urban_area>
</district>
</geographical_area>
</municipality>
</location>
</administrative_district>
</region>
 · <region wordnetid="108630985" confidence="0.8">
<administrative_district wordnetid="108491826" confidence="0.8">
<location wordnetid="100027167" confidence="0.8">
<municipality wordnetid="108626283" confidence="0.8">
<geographical_area wordnetid="108574314" confidence="0.8">
<district wordnetid="108552138" confidence="0.8">
<urban_area wordnetid="108675967" confidence="0.8">
<city wordnetid="108524735" confidence="0.8">
<link xlink:type="simple" xlink:href="../795/6751795.xml">
Scheggino</link></city>
</urban_area>
</district>
</geographical_area>
</municipality>
</location>
</administrative_district>
</region>
 · <region wordnetid="108630985" confidence="0.8">
<administrative_district wordnetid="108491826" confidence="0.8">
<location wordnetid="100027167" confidence="0.8">
<municipality wordnetid="108626283" confidence="0.8">
<geographical_area wordnetid="108574314" confidence="0.8">
<district wordnetid="108552138" confidence="0.8">
<urban_area wordnetid="108675967" confidence="0.8">
<city wordnetid="108524735" confidence="0.8">
<link xlink:type="simple" xlink:href="../809/6751809.xml">
Sellano</link></city>
</urban_area>
</district>
</geographical_area>
</municipality>
</location>
</administrative_district>
</region>
 · <region wordnetid="108630985" confidence="0.8">
<administrative_district wordnetid="108491826" confidence="0.8">
<location wordnetid="100027167" confidence="0.8">
<municipality wordnetid="108626283" confidence="0.8">
<geographical_area wordnetid="108574314" confidence="0.8">
<district wordnetid="108552138" confidence="0.8">
<urban_area wordnetid="108675967" confidence="0.8">
<city wordnetid="108524735" confidence="0.8">
<link xlink:type="simple" xlink:href="../820/6751820.xml">
Sigillo</link></city>
</urban_area>
</district>
</geographical_area>
</municipality>
</location>
</administrative_district>
</region>
 · <link xlink:type="simple" xlink:href="../663/1032663.xml">
Spello</link> · <site wordnetid="108651247" confidence="0.8">
<region wordnetid="108630985" confidence="0.8">
<location wordnetid="100027167" confidence="0.8">
<tract wordnetid="108673395" confidence="0.8">
<geographical_area wordnetid="108574314" confidence="0.8">
<link xlink:type="simple" xlink:href="../954/282954.xml">
Spoleto</link></geographical_area>
</tract>
</location>
</region>
</site>
 · <site wordnetid="108651247" confidence="0.8">
<region wordnetid="108630985" confidence="0.8">
<location wordnetid="100027167" confidence="0.8">
<tract wordnetid="108673395" confidence="0.8">
<geographical_area wordnetid="108574314" confidence="0.8">
<link xlink:type="simple" xlink:href="../994/317994.xml">
Todi</link></geographical_area>
</tract>
</location>
</region>
</site>
 · <region wordnetid="108630985" confidence="0.8">
<administrative_district wordnetid="108491826" confidence="0.8">
<location wordnetid="100027167" confidence="0.8">
<municipality wordnetid="108626283" confidence="0.8">
<geographical_area wordnetid="108574314" confidence="0.8">
<district wordnetid="108552138" confidence="0.8">
<urban_area wordnetid="108675967" confidence="0.8">
<city wordnetid="108524735" confidence="0.8">
<link xlink:type="simple" xlink:href="../843/6751843.xml">
Torgiano</link></city>
</urban_area>
</district>
</geographical_area>
</municipality>
</location>
</administrative_district>
</region>
 · <site wordnetid="108651247" confidence="0.8">
<region wordnetid="108630985" confidence="0.8">
<location wordnetid="100027167" confidence="0.8">
<tract wordnetid="108673395" confidence="0.8">
<geographical_area wordnetid="108574314" confidence="0.8">
<link xlink:type="simple" xlink:href="../564/1017564.xml">
Trevi</link></geographical_area>
</tract>
</location>
</region>
</site>
 · <region wordnetid="108630985" confidence="0.8">
<administrative_district wordnetid="108491826" confidence="0.8">
<location wordnetid="100027167" confidence="0.8">
<municipality wordnetid="108626283" confidence="0.8">
<geographical_area wordnetid="108574314" confidence="0.8">
<district wordnetid="108552138" confidence="0.8">
<urban_area wordnetid="108675967" confidence="0.8">
<city wordnetid="108524735" confidence="0.8">
<link xlink:type="simple" xlink:href="../879/6751879.xml">
Tuoro sul Trasimeno</link></city>
</urban_area>
</district>
</geographical_area>
</municipality>
</location>
</administrative_district>
</region>
 · <site wordnetid="108651247" confidence="0.8">
<region wordnetid="108630985" confidence="0.8">
<administrative_district wordnetid="108491826" confidence="0.8">
<location wordnetid="100027167" confidence="0.8">
<tract wordnetid="108673395" confidence="0.8">
<municipality wordnetid="108626283" confidence="0.8">
<geographical_area wordnetid="108574314" confidence="0.8">
<district wordnetid="108552138" confidence="0.8">
<urban_area wordnetid="108675967" confidence="0.8">
<city wordnetid="108524735" confidence="0.8">
<link xlink:type="simple" xlink:href="../087/1023087.xml">
Umbertide</link></city>
</urban_area>
</district>
</geographical_area>
</municipality>
</tract>
</location>
</administrative_district>
</region>
</site>
 · <region wordnetid="108630985" confidence="0.8">
<administrative_district wordnetid="108491826" confidence="0.8">
<location wordnetid="100027167" confidence="0.8">
<municipality wordnetid="108626283" confidence="0.8">
<geographical_area wordnetid="108574314" confidence="0.8">
<district wordnetid="108552138" confidence="0.8">
<urban_area wordnetid="108675967" confidence="0.8">
<city wordnetid="108524735" confidence="0.8">
<link xlink:type="simple" xlink:href="../893/6751893.xml">
Valfabbrica</link></city>
</urban_area>
</district>
</geographical_area>
</municipality>
</location>
</administrative_district>
</region>
 · <region wordnetid="108630985" confidence="0.8">
<administrative_district wordnetid="108491826" confidence="0.8">
<location wordnetid="100027167" confidence="0.8">
<municipality wordnetid="108626283" confidence="0.8">
<geographical_area wordnetid="108574314" confidence="0.8">
<district wordnetid="108552138" confidence="0.8">
<urban_area wordnetid="108675967" confidence="0.8">
<city wordnetid="108524735" confidence="0.8">
<link xlink:type="simple" xlink:href="../903/6751903.xml">
Vallo di Nera</link></city>
</urban_area>
</district>
</geographical_area>
</municipality>
</location>
</administrative_district>
</region>
 ·&#32; <region wordnetid="108630985" confidence="0.8">
<administrative_district wordnetid="108491826" confidence="0.8">
<location wordnetid="100027167" confidence="0.8">
<municipality wordnetid="108626283" confidence="0.8">
<geographical_area wordnetid="108574314" confidence="0.8">
<district wordnetid="108552138" confidence="0.8">
<urban_area wordnetid="108675967" confidence="0.8">
<city wordnetid="108524735" confidence="0.8">
<link xlink:type="simple" xlink:href="../921/6751921.xml">
Valtopina</link></city>
</urban_area>
</district>
</geographical_area>
</municipality>
</location>
</administrative_district>
</region>
&#32;&#32;&#32;&#32;&#32;&#32;&#32;&#32;&#32;&#32;&#32;&#32;&#32;&#32;&#32;&#32;&#32;&#32;&#32;&#32;&#32;&#32;&#32;&#32;&#32;&#32;&#32;&#32;&#32;&#32;&#32;&#32;&#32;&#32;&#32;&#32;&#32;&#32;&#32;&#32;&#32;&#32;&#32;&#32;&#32;&#32;&#32;&#32;&#32;&#32;&#32;&#32;&#32;&#32;&#32;&#32;&#32;&#32;&#32;&#32;&#32;&#32;&#32;&#32;&#32;&#32;&#32;&#32;&#32;&#32;&#32;&#32;&#32;&#32;&#32;&#32;&#32;&#32;&#32;&#32;&#32;&#32;&#32;&#32;&#32;&#32;&#32;&#32;&#32;&#32;&#32;&#32;&#32;&#32;&#32;&#32;&#32;&#32;&#32;&#32;&#32;&#32;&#32;&#32;&#32;&#32;&#32;&#32;&#32;&#32;&#32;&#32;&#32;&#32;&#32;&#32;&#32;&#32;&#32;&#32;&#32;&#32;&#32;&#32;&#32;&#32;&#32;&#32;&#32;&#32;&#32;&#32;&#32;&#32;&#32;&#32;&#32;&#32;&#32;&#32;&#32;&#32;&#32;&#32;&#32;&#32;&#32;&#32;&#32;&#32;&#32;&#32;&#32;&#32;&#32;&#32;&#32;&#32;&#32;&#32;&#32;&#32;&#32;&#32;&#32;&#32;&#32;&#32;&#32;&#32;&#32;&#32;&#32;&#32;&#32;&#32;&#32;&#32;&#32;&#32;&#32;&#32;&#32;&#32;&#32;&#32;&#32;&#32;&#32;&#32;&#32;&#32;&#32;&#32;&#32;&#32;&#32;&#32;&#32;&#32;&#32;&#32;&#32;&#32;&#32;&#32;&#32;&#32;&#32;&#32;&#32;&#32;&#32;&#32;&#32;&#32;&#32;&#32;&#32;&#32;&#32;&#32;&#32;&#32;&#32;&#32;&#32;&#32;&#32;&#32;&#32;&#32;&#32;&#32;&#32;&#32;&#32;&#32;&#32;&#32;&#32;&#32;&#32;&#32;&#32;&#32;&#32;&#32;&#32;&#32;&#32;&#32;&#32;&#32;&#32;&#32;&#32;&#32;&#32;&#32;&#32;&#32;&#32;&#32;&#32;&#32;&#32;&#32;&#32;&#32;&#32;&#32;&#32;&#32;&#32;&#32;&#32;&#32;&#32;&#32;&#32;&#32;&#32;&#32;&#32;&#32;&#32;&#32;&#32;&#32;&#32;&#32;&#32;&#32;&#32;&#32;&#32;&#32;&#32;&#32;&#32;&#32;&#32;&#32;&#32;&#32;&#32;&#32;&#32;&#32;&#32;&#32;&#32;&#32;&#32;&#32;&#32;&#32;&#32;&#32;&#32;&#32;&#32;&#32;&#32;&#32;&#32;&#32;&#32;&#32;&#32;&#32;&#32;&#32;&#32;&#32;&#32;&#32;&#32;&#32;&#32;&#32;</col>
</row>
</table>
</col>
</row>
</table>
</p>



</sec>
</bdy>
</city>
</geographical_area>
</entity>
</tract>
</location>
</region>
</site>
</article>
