<?xml version="1.0" encoding="UTF-8"?>
<!-- generated by CLiX/Wiki2XML [MPI-Inf, MMCI@UdS] $LastChangedRevision: 92 $ on 16.04.2009 15:57:17[mciao0828] -->
<!DOCTYPE article SYSTEM "../article.dtd">
<article xmlns:xlink="http://www.w3.org/1999/xlink">
<statement  confidence="0.8" wordnetid="106722453">
<message  confidence="0.8" wordnetid="106598915">
<equation  confidence="0.8" wordnetid="106669864">
<problem  confidence="0.9511911446218017" wordnetid="114410605">
<mathematical_statement  confidence="0.8" wordnetid="106732169">
<header>
<title>Hilbert&apos;s tenth problem</title>
<id>101851</id>
<revision>
<id>233016868</id>
<timestamp>2008-08-20T00:50:37Z</timestamp>
<contributor>
<username>Peak</username>
<id>28439</id>
</contributor>
</revision>
<categories>
<category>Hilbert&apos;s problems</category>
<category>Diophantine equations</category>
</categories>
</header>
<bdy>

<b>Hilbert's tenth problem</b> is the tenth on the list of <condition wordnetid="113920835" confidence="0.8">
<state wordnetid="100024720" confidence="0.8">
<problem wordnetid="114410605" confidence="0.8">
<difficulty wordnetid="114408086" confidence="0.8">
<link xlink:type="simple" xlink:href="../584/154584.xml">
Hilbert's problems</link></difficulty>
</problem>
</state>
</condition>
 of 1900. Its statement is as follows:<p>

Given a Diophantine equation with any number of unknown quantities and with rational integral numerical coefficients: <it>To devise a process according to which it can be determined in a finite number of operations whether the equation is solvable in rational integers</it>.</p>

<sec>
<st>
Formulation</st>

<p>

The words "process" and "finite number of operations" have been taken to mean that Hilbert was asking for an <link xlink:type="simple" xlink:href="../775/775.xml">
algorithm</link>. The term "rational integer" simply refers to the integers, positive, negative or zero: <math> 0,\pm 1,\pm 2, \ldots </math>. So Hilbert was asking for a general algorithm to decide whether a given polynomial <link xlink:type="simple" xlink:href="../109/9109.xml">
Diophantine equation</link> with integer coefficients has a solution in integers. The answer to the problem is now known to be in the negative: <b>no such general algorithm can exist</b>. Although it is unlikely that Hilbert had conceived of such a possibility, before going on to list the problems, he did presciently remark: </p>
<p>

"Occasionally it happens that we seek the solution under insufficient hypotheses
or in an incorrect sense, and for this reason do not succeed. The problem then arises: to show the impossibility of the solution under the given hypotheses or in the sense contemplated." </p>
<p>

The work on the problem has been in terms of solutions in natural numbers<ref xlink:type="simple" xlink:href="#xpointer(//reflist/entry[@id=%221%22])">1</ref> rather than arbitrary integers. But it is easy to see that an algorithm in either case could be used to obtain one for the other. If one possessed an algorithm to determine solvability in natural numbers, it could be used to determine whether an equation in <math>n</math> unknowns, </p>
<p>

<indent level="1">

<math> p(x_1,x_2,\ldots,x_n)=0,\,  </math>  
</indent>

has an integer solution by applying the supposed algorithm to the <math> 2^n </math> equations  </p>
<p>

<indent level="1">

<math> p(\pm x_1, \pm x_2,\ldots,\pm x_n)=0. \,</math>
</indent>

Conversely, an algorithm to test for solvability in arbitrary integers could be used to test a given equation for solvability in natural numbers by applying that supposed algorithm to the equation obtained from the given equation by replacing each unknown by the sum of the squares of four new unknowns. This works because of <statement wordnetid="106722453" confidence="0.8">
<message wordnetid="106598915" confidence="0.8">
<theorem wordnetid="106752293" confidence="0.8">
<proposition wordnetid="106750804" confidence="0.8">
<link xlink:type="simple" xlink:href="../395/326395.xml">
Lagrange's four-square theorem</link></proposition>
</theorem>
</message>
</statement>
, to the effect that every natural number can be written as the sum of four squares.</p>

</sec>
<sec>
<st>
 Diophantine sets </st>

<p>

<indent level="1">

<it>Main article: <statement wordnetid="106722453" confidence="0.8">
<message wordnetid="106598915" confidence="0.8">
<equation wordnetid="106669864" confidence="0.8">
<condition wordnetid="113920835" confidence="0.8">
<state wordnetid="100024720" confidence="0.8">
<problem wordnetid="114410605" confidence="0.8">
<difficulty wordnetid="114408086" confidence="0.8">
<mathematical_statement wordnetid="106732169" confidence="0.8">
<link xlink:type="simple" xlink:href="../700/101700.xml">
Diophantine set</link></mathematical_statement>
</difficulty>
</problem>
</state>
</condition>
</equation>
</message>
</statement>
</it>
</indent>

Sets of natural numbers, of pairs of natural numbers (or even of <math>n</math>-tuples of natural numbers) that have Diophantine definitions are called <it><statement wordnetid="106722453" confidence="0.8">
<message wordnetid="106598915" confidence="0.8">
<equation wordnetid="106669864" confidence="0.8">
<condition wordnetid="113920835" confidence="0.8">
<state wordnetid="100024720" confidence="0.8">
<problem wordnetid="114410605" confidence="0.8">
<difficulty wordnetid="114408086" confidence="0.8">
<mathematical_statement wordnetid="106732169" confidence="0.8">
<link xlink:type="simple" xlink:href="../700/101700.xml">
Diophantine set</link></mathematical_statement>
</difficulty>
</problem>
</state>
</condition>
</equation>
</message>
</statement>
s</it>.
Diophantine definitions can be provided by simultaneous systems of equations as well as by individual equations because the system </p>
<p>

<indent level="1">

<math>p_1=0,\ldots,p_k=0\,</math> 
</indent>

is equivalent to the single equation </p>
<p>

<indent level="1">

<math>p_1^2+\ldots+p_k^2=0.\,</math>
</indent>

A <link xlink:type="simple" xlink:href="../090/332090.xml">
recursively enumerable set</link> can be characterized as one for which there exists an <link xlink:type="simple" xlink:href="../775/775.xml">
algorithm</link> that will ultimately halt when a member of the set is provided as input, but will continue indefinitely when the input is a non member. It was the development of <link xlink:type="simple" xlink:href="../084/3244084.xml">
computability theory</link> (also known as <link xlink:type="simple" xlink:href="../414/155414.xml">
recursion theory</link>) that provided a precise explication of the intutitive notion of algorithmic computability, thus making the notion of recursive enumerability perfectly rigorous. It is evident that Diophantine sets are recursively enumerable. This is because one can arrange all possible tuples of values of the unknowns in a sequence and then, for a given value of the parameter(s), test these tuples, one after another, to see whether they are solutions of the corresponding equation. The unsolvability of Hilbert's tenth problem is a consequence of the surprising fact that the 
converse is true:
<it>Every recursively enumerable set is Diophantine.</it>
This result is variously known as <statement wordnetid="106722453" confidence="0.8">
<message wordnetid="106598915" confidence="0.8">
<theorem wordnetid="106752293" confidence="0.8">
<proposition wordnetid="106750804" confidence="0.8">
<link xlink:type="simple" xlink:href="../853/101853.xml">
Matiyasevich's theorem</link></proposition>
</theorem>
</message>
</statement>
 (because he provided the crucial step that completed the proof) and the <link xlink:type="simple" xlink:href="../700/101700.xml">
MRDP theorem</link> (for <scientist wordnetid="110560637" confidence="0.9508927676800064">
<link xlink:type="simple" xlink:href="../712/2627712.xml">
Yuri Matiyasevich</link></scientist>
, <person wordnetid="100007846" confidence="0.9508927676800064">
<scientist wordnetid="110560637" confidence="0.9508927676800064">
<link xlink:type="simple" xlink:href="../987/952987.xml">
Julia Robinson</link></scientist>
</person>
, <physical_entity wordnetid="100001930" confidence="0.8">
<person wordnetid="100007846" confidence="0.8">
<intellectual wordnetid="109621545" confidence="0.8">
<alumnus wordnetid="109786338" confidence="0.8">
<causal_agent wordnetid="100007347" confidence="0.8">
<scientist wordnetid="110560637" confidence="0.8">
<mathematician wordnetid="110301261" confidence="0.8">
<scholar wordnetid="110557854" confidence="0.8">
<link xlink:type="simple" xlink:href="../041/953041.xml">
Martin Davis</link></scholar>
</mathematician>
</scientist>
</causal_agent>
</alumnus>
</intellectual>
</person>
</physical_entity>
, and <person wordnetid="100007846" confidence="0.9508927676800064">
<philosopher wordnetid="110423589" confidence="0.9508927676800064">
<link xlink:type="simple" xlink:href="../233/75233.xml">
Hilary Putnam</link></philosopher>
</person>
). Because <it>there exists a recursively enumerable set that is not computable,</it> the unsolvability of Hilbert's tenth problem is an immediate consequence. In fact, more can be said: there is a polynomial 
<indent level="1">

<math>p(a,x_1,\ldots,x_n)</math>
</indent>
with integer coefficients such that the set of values of <math>a</math> for which the equation
<indent level="1">

<math>p(a,x_1,\ldots,x_n)=0</math>
</indent>
has solutions in natural numbers is not computable. So, not only is there no general algorithm for testing Diophantine equations for solvability, even for this one parameter family of equations, there is no algorithm .</p>

</sec>
<sec>
<st>
History</st>
<p>

<table class="wikitable">
<header>
Year</header>
<header>
Events</header>
<row>
<col>
1944</col>
<col>
<scientist wordnetid="110560637" confidence="0.9508927676800064">
<link xlink:type="simple" xlink:href="../382/362382.xml">
Emil Leon Post</link></scientist>
declares that Hilbert's tenth problem "begs for an unsolvability proof".</col>
</row>
<row>
<col>
1949</col>
<col>
Martin Davis uses <link>
Kurt Gödel</link>'s method for applying the <link>
Chinese Remainder Theorem</link>as a coding trick to obtain his normal form for recursively enumerable sets:
<indent level="1">

<math> \{\,a \mid \exists y \,\forall k \!\le y\, \exists x_1,\ldots , x_n [p(a,k,y,x_1,\ldots ,x_n)=0]\,\}</math>
</indent>
where <math>p</math> is a polynomial with integer coefficients. Purely formally, it is only the bounded universal quantifier that stands in the way of this being a Diophantine definition. Using a non-constructive but quite easy proof, he notes that there is a Diophantine set whose complement is not Diophantine. Because the recursively enumerable sets also are not closed under complementation, he was led to conjecture that the two classes are identical.</col>
</row>
<row>
<col>
1950</col>
<col>
<person wordnetid="100007846" confidence="0.9508927676800064">
<scientist wordnetid="110560637" confidence="0.9508927676800064">
<link xlink:type="simple" xlink:href="../987/952987.xml">
Julia Robinson</link></scientist>
</person>
, unaware of Davis's work, but grasping the key importance of the exponential function, attempts to prove that EXP, the set of triplets 
<indent level="1">

<math>(a,b,c)</math> for which <math>a=b^c</math>
</indent>
is Diophantine. Not succeeding, she is led to her <it>hypothesis</it> (later called J.R.): <it>There is a Diophantine set</it> <math>D</math> <it>of pairs</it> <math>(a,b)</math> <it>such that</it>
<indent level="1">

<math>(a,b)\in D \Rightarrow b &amp;lt; a^a</math>
</indent>
<it>but for every</it> <math>k&amp;gt;0</math>,
<indent level="1">

<math>\exists (a,b)\in D</math> <it>such that</it> <math>b&amp;gt;a^k.</math>
</indent>
Using properties of the Pell equation, she proves that J.R. implies that EXP is Diophantine.
Finally she shows, that if EXP is Diophantine so are the binomial coefficients, the factorial, and the primes.</col>
</row>
<row>
<col>
1959</col>
<col>
Working together Davis and Putnam study <it>exponential Diophantine sets</it>, that is, sets definable by Diophantine equations in which some of the exponents may be unknowns. Using the Davis normal form together with Robinson's methods, but <it>assuming the then unproved conjecture that there are arbitrarily long arithmetic progressions consisting of prime numbers</it>,<ref xlink:type="simple" xlink:href="#xpointer(//reflist/entry[@id=%222%22])">2</ref> they prove that every recursively enumerable set is exponential Diophantine, and as a consequence, that J.R. implies that every recursively enumerable set is Diophantine, and that Hilbert's tenth problem is unsolvable.</col>
</row>
<row>
<col>
1960</col>
<col>
Robinson shows how to avoid the unproved conjecture about primes in arithmetic progression and then greatly simplifies the proof. J.R. is revealed as the key to further progress, though many doubt that it is true.<ref xlink:type="simple" xlink:href="#xpointer(//reflist/entry[@id=%223%22])">3</ref></col>
</row>
<row>
<col>
1961-1969</col>
<col>
Davis and Putnam find various propositions that imply J.R. <scientist wordnetid="110560637" confidence="0.9508927676800064">
<link xlink:type="simple" xlink:href="../712/2627712.xml">
Matiyasevich</link></scientist>
publishes some reductions of Hilbert's tenth problem. Robinson shows that the existence of an infinite Diophantine set of primes would suffice to establish J.R.</col>
</row>
<row>
<col>
1970</col>
<col>
<scientist wordnetid="110560637" confidence="0.9508927676800064">
<link xlink:type="simple" xlink:href="../712/2627712.xml">
Matiyasevich</link></scientist>
 exhibits a system of 10 simultaneous first and second degree equations which provide a Diophantine definition of the set of pairs <math>(a,b)</math> such that
<indent level="1">

<math> b = F_{2a}</math> where <math>\,F_n</math> is the <it>n</it>th <link xlink:type="simple" xlink:href="../918/10918.xml">
Fibonacci number</link>.
</indent>
This proves J.R. and thus completes the proof that all recursively enumerable sets are Diophantine, and that therefore Hilbert's tenth problem is unsolvable.</col>
</row>
</table>
</p>

</sec>
<sec>
<st>
Applications</st>

<p>

The Matiyasevich/MRDP Theorem relates two notions &mdash; one from computability theory, the other from number theory &mdash; and has some surprising consequences. Perhaps the most surprising is the existence of a <it>universal</it> Diophantine equation:</p>
<p>

<indent level="1">

<it>There exists a polynomial</it> <math>p(a,n,x_1,\ldots,x_k)</math> <it>such that, given any Diophantine set</it> <math>S</math> <it>there is a number</it> <math>n_0</math> <it>such that</it>
</indent>
::<math> S = \{\,a \mid \exists x_1, \ldots, x_k[p(a,n_0,x_1,\ldots,x_k)=0]\,\}</math></p>
<p>

This can be seen to be true simply because there are <link xlink:type="simple" xlink:href="../435/71435.xml">
universal Turing machine</link>s, capable of executing any algorithm. This implication of J.R. had made it seem implausible.</p>
<p>

Hilary Putnam has pointed out that for any Diophantine set <math>S</math> of positive integers, there is a polynomial </p>
<p>

<indent level="1">

<math>q(x_0,x_1,\ldots,x_n)\,</math> 
</indent>

such that <math>S</math> consists of exactly the positive numbers among the values assumed by <math>q</math> as
the variables </p>
<p>

<indent level="1">

<math>x_0,x_1,\ldots,x_n\,</math> 
</indent>

range over all natural numbers. This can be seen as follows: If </p>
<p>

<indent level="1">

<math>p(a,y_1,\ldots,y_n)=0\,</math> 
</indent>

provides a Diophantine definition of <math>S</math>, then it suffices to set</p>
<p>

<indent level="1">

<math>q(x_0,x_1,\ldots,x_n)= x_0[1- p(x_0,x_1,\ldots,x_n)^2].\,</math>
</indent>

So, for example, there is a polynomial for which the positive part of its range is exactly the prime numbers. (On the other hand no polynomial can only take on prime values.)</p>
<p>

Other applications concern what logicians refer to as <math>\Pi^{0}_1</math> propositions, sometimes also called propositions of <it>Goldbach type</it>.<ref xlink:type="simple" xlink:href="#xpointer(//reflist/entry[@id=%224%22])">4</ref> These are like the <link xlink:type="simple" xlink:href="../758/44758.xml">
Goldbach Conjecture</link>, in stating that all natural numbers possess a certain property that is algorithmically checkable for each particular number.<ref xlink:type="simple" xlink:href="#xpointer(//reflist/entry[@id=%225%22])">5</ref> The Matiyasevich/MRDP Theorem implies that each such proposition is equivalent to a statement that asserts that some particular Diophantine equation has no solutions in natural numbers.<ref xlink:type="simple" xlink:href="#xpointer(//reflist/entry[@id=%226%22])">6</ref> A number of important and celebrated problems are of this form: in particular, <statement wordnetid="106722453" confidence="0.8">
<message wordnetid="106598915" confidence="0.8">
<theorem wordnetid="106752293" confidence="0.8">
<proposition wordnetid="106750804" confidence="0.8">
<link xlink:type="simple" xlink:href="../953/19021953.xml">
Fermat's Last Theorem</link></proposition>
</theorem>
</message>
</statement>
, the <link xlink:type="simple" xlink:href="../125/19344125.xml">
Riemann Hypothesis</link>, and the <link xlink:type="simple" xlink:href="../949/10949.xml">
Four Color Theorem</link>. In addition the assertion that particular <link xlink:type="simple" xlink:href="../102/396102.xml">
formal system</link>s such as Peano Arithmetic or <link xlink:type="simple" xlink:href="../214/152214.xml">
ZFC</link> are consistent can be expressed as <math>\Pi^{0}_1</math> sentences. The idea is to follow <link>
Kurt Gödel</link> in coding proofs by natural numbers in such a way that the property of being the number representing a proof is algorithmically checkable. </p>
<p>

<math>\Pi^{0}_1</math> sentences have the special property that if they are false, that fact will be provable in any of the usual formal systems. This is because the falsity amounts to the existence of a counter-example which can be verified by simple arithmetic. So if a <math>\Pi^{0}_1</math> sentence is such that neither it nor its negation is provable in one of these systems, that sentence must be true.</p>
<p>

A particularly striking form of <link>
Gödel's incompleteness theorem</link> is also a consequence of the Matiyasevich/MRDP Theorem:</p>
<p>

<it>Let</it></p>
<p>

<indent level="1">

<math>p(a,x_1,\ldots,x_k)=0\,</math> 
</indent>

<it>provide a Diophantine definition of a non-computable set. Let</it> <math>A</math> <it>be an algorithm that outputs a sequence of natural numbers</it> <math>n</math> <it>such that the corresponding equation</it></p>
<p>

<indent level="1">

<math>p(n,x_1,\ldots,x_k)=0\,</math>
</indent>

<it>has no solutions in natural numbers. Then there is a number</it> <math>n_0</math> <it>which is not output by</it> <math>A</math> <it>while in fact the equation</it></p>
<p>

<indent level="1">

<math>p(n_0,x_1,\ldots,x_k)=0\,</math>
</indent>

<it>has no solutions in natural numbers.</it></p>
<p>

To see that the theorem is true, it suffices to notice that if there were no such number <math>n_0</math>, one could algorithmically test membership of a number <math>n</math> in this non-computable set by simultaneously running the algorithm <math>A</math> to see whether <math>n</math> is output while also checking all possible <math>k</math>-tuples of natural numbers seeking a solution of the equation
<indent level="1">

<math>p(n,x_1,\ldots,x_k)=0.</math>
</indent>

We may associate an algorithm <math>A</math> with any of the usual formal systems such as <link>
Peano Arithmetic</link> or <link xlink:type="simple" xlink:href="../214/152214.xml">
ZFC</link> by letting it systematically generate consequences of the axioms and then output a number <math>n</math> whenever a sentence of the form</p>
<p>

<indent level="1">

<math>\neg \exists x_1,\ldots , x_k [p(n,x_1,\ldots,x_k)=0]\,</math>
</indent>

is generated. Then the theorem tells us that either a false statement of this form is proved or a true one remains unproved in the system in question.</p>

</sec>
<sec>
<st>
Further results</st>

<p>

We may speak of the <it>degree</it> of a Diophantine set as being the least degree of a polynomial in an equation defining that set. Similarly, we can call the <it>dimension</it> of such a set the least number of unknowns in a defining equation. Because of the existence of a universal Diophantine equation, it is clear that there are absolute upper bounds to both of these quantities, and there has been much interest in determining these bounds.</p>
<p>

Already in the 1920s <person wordnetid="100007846" confidence="0.9508927676800064">
<scientist wordnetid="110560637" confidence="0.9508927676800064">
<link xlink:type="simple" xlink:href="../765/453765.xml">
Thoralf Skolem</link></scientist>
</person>
 showed that any Diophantine equation is equivalent to one of degree 4 or less. His trick was to introduce new unknowns by equations setting them equal to the square of an unknown or the product of two unknowns. Repetition of this process results in a system of second degree equations; then an equation of degree 4 is obtained by summing the squares. So every Diophantine set is trivially of degree 4 or less. It is not known whether this result is best possible.</p>
<p>

Julia Robinson and Yuri Matiyasevich showed that every Diophantine set has dimension no greater than 13. Later, Matiyasevich sharpened their methods to show that 9 unknowns suffice. Although no one imagines that this striking result is the best possible, there has been no further progress.<ref xlink:type="simple" xlink:href="#xpointer(//reflist/entry[@id=%227%22])">7</ref> So, in particular, there is no algorithm for testing Diophantine equations with 9 or fewer unknowns for solvability in natural numbers. For the case of rational integer solutions (as Hilbert had originally posed it), the 4 squares trick shows that there is no algorithm for equations with no more than 36 unknowns. But <link xlink:type="simple" xlink:href="../994/1059994.xml">
Zhi Wei Sun</link> showed that the problem for integers is unsolvable even for equations with no more than 11 unknowns.</p>
<p>

Martin Davis studied algorithmic questions involving the number of solutions of a Diophantine equation. Hilbert's tenth problem asks whether or not that number is 0. Let
<math>A=\{0,1,2,3,\ldots,\aleph_0\}</math> and let <math>C</math> be a proper non-empty subset of <math>A</math>. Davis proved that there is no algorithm to test a given Diophantine equation to determine whether the number of its solutions is a member of the set <math>C</math>. Thus there is no algorithm to determine whether the number of solutions of a Diophantine equation
is finite, odd, a perfect square, a prime, etc.</p>

</sec>
<sec>
<st>
Extensions of Hilbert's Tenth Problem</st>

<p>

Although Hilbert posed the problem for the rational integers, it can obviously be just as well asked for many <link xlink:type="simple" xlink:href="../404/48404.xml">
ring</link>s. Obvious examples are the rings of integers of <link xlink:type="simple" xlink:href="../788/223788.xml">
algebraic number field</link>s as well as the rational numbers. As Hilbert was surely aware, an algorithm such as he was requesting could have been extended to cover these other domains. For example, the equation</p>
<p>

<indent level="1">

<math>p(x_1,\ldots,x_k)=0\,</math>
</indent>

where <math>p</math> is a polynomial of degree <math>d</math> is solvable in non-negative rational numbers <link xlink:type="simple" xlink:href="../922/14922.xml">
if and only if</link></p>
<p>

<indent level="1">

<math>(z+1)^{d}\;p\left(\frac{x_1}{z+1},\ldots,\frac{x_k}{z+1}\right)=0</math>
</indent>

is solvable in natural numbers. (If one possessed an algorithm to determine solvability in non-negative rational numbers, it could easily be used to determine solvability in the rationals.) However, knowing that there is no such algorithm as Hilbert had desired says nothing about these other domains.</p>
<p>

There has been much work on Hilbert's tenth problem for the rings of integers of algebraic number fields. Basing themselves on earlier work by <physical_entity wordnetid="100001930" confidence="0.8">
<person wordnetid="100007846" confidence="0.8">
<causal_agent wordnetid="100007347" confidence="0.8">
<scientist wordnetid="110560637" confidence="0.8">
<mathematician wordnetid="110301261" confidence="0.8">
<link xlink:type="simple" xlink:href="../784/6837784.xml">
Jan Denef</link></mathematician>
</scientist>
</causal_agent>
</person>
</physical_entity>
 and Leonard Lipschitz and using class field theory, Harold N. Shapiro and Alexandra Shlapentokh were able to prove:
<it>Hilbert's tenth problem is unsolvable for the ring of integers of any algebraic number field whose Galois group over the rationals is abelian.</it></p>
<p>

Shlapentokh and Thanases Pheidas (independently of one another) obtained the same result for algebraic number fields admitting exactly one pair of complex conjugate embeddings. </p>
<p>

The problem for the ring of integers of algebraic number fields other than those covered by the results above remains open. Likewise, despite much interest, the problem for equations over the rationals remains open.</p>

<ss1>
<st>
 Footnotes </st>
<p>

<reflist>
<entry id="1">
Following the tradition in mathematical logic, <math>0</math> is considered to be a natural number in this article.</entry>
<entry id="2">
That conjecture became the <link xlink:type="simple" xlink:href="../166/7006166.xml">
Green-Tao theorem</link> in 2004 with a proof by <link xlink:type="simple" xlink:href="../952/1927952.xml">
Ben Green</link> and <person wordnetid="100007846" confidence="0.9508927676800064">
<scientist wordnetid="110560637" confidence="0.9508927676800064">
<link xlink:type="simple" xlink:href="../498/1118498.xml">
Terence Tao</link></scientist>
</person>
. </entry>
<entry id="3">
A review of the joint publication by Davis, Putnam, and Robinson in <work wordnetid="104599396" confidence="0.8">
<product wordnetid="104007894" confidence="0.8">
<creation wordnetid="103129123" confidence="0.8">
<artifact wordnetid="100021939" confidence="0.8">
<periodical wordnetid="106593296" confidence="0.8">
<publication wordnetid="106589574" confidence="0.8">
<link xlink:type="simple" xlink:href="../646/1485646.xml">
Mathematical Reviews</link></publication>
</periodical>
</artifact>
</creation>
</product>
</work>
 (<work wordnetid="104599396" confidence="0.8">
<product wordnetid="104007894" confidence="0.8">
<creation wordnetid="103129123" confidence="0.8">
<artifact wordnetid="100021939" confidence="0.8">
<periodical wordnetid="106593296" confidence="0.8">
<publication wordnetid="106589574" confidence="0.8">
<link xlink:type="simple" xlink:href="../646/1485646.xml">
MR</link></publication>
</periodical>
</artifact>
</creation>
</product>
</work>
<weblink xlink:type="simple" xlink:href="http://www.ams.org/mathscinet-getitem?mr=0133227">
0133227</weblink>) conjectured, in effect, that J.R. was false.</entry>
<entry id="4">
<math>\Pi^{0}_1</math> sentences are at one of the lowest levels of the so-called <link xlink:type="simple" xlink:href="../475/186475.xml">
arithmetical hierarchy</link>.</entry>
<entry id="5">
Thus, the Goldbach Conjecture itself can be expressed as saying that for each natural number <math>n</math> the number <math>2n+4</math> is the sum of two prime numbers. Of course there is a simple algorithm to test a given number for being the sum of two primes.</entry>
<entry id="6">
In fact the equivalence is provable in <link>
Peano Arithmetic</link>.
</entry>
<entry id="7">
At this point, even 3 cannot be excluded as an absolute upper bound.</entry>
</reflist>
</p>

</ss1>
</sec>
<sec>
<st>
 References </st>
<p>

<list>
<entry level="1" type="bullet">

 Yuri V. Matiyasevich, <it>Hilbert's Tenth Problem</it>, MIT Press, Cambridge, Massachusetts, 1993.</entry>
<entry level="1" type="bullet">

 Martin Davis, Yuri Matiyasevich, and Julia Robinson, "Hilbert's Tenth Problem: Diophantine Equations: Positive Aspects of a Negative Solution," <it>Proceedings of Symposia in Pure Mathematics</it>, vol.28(1976), pp. 323-378; reprinted in <it>The Collected Works of Julia Robinson</it>, <physical_entity wordnetid="100001930" confidence="0.8">
<expert wordnetid="109617867" confidence="0.8">
<person wordnetid="100007846" confidence="0.8">
<honoree wordnetid="110183757" confidence="0.8">
<laureate wordnetid="110249011" confidence="0.8">
<causal_agent wordnetid="100007347" confidence="0.8">
<acquirer wordnetid="109764201" confidence="0.8">
<scientist wordnetid="110560637" confidence="0.8">
<mathematician wordnetid="110301261" confidence="0.8">
<logician wordnetid="110269785" confidence="0.8">
<recipient wordnetid="109627906" confidence="0.8">
<link xlink:type="simple" xlink:href="../401/355401.xml">
Solomon Feferman</link></recipient>
</logician>
</mathematician>
</scientist>
</acquirer>
</causal_agent>
</laureate>
</honoree>
</person>
</expert>
</physical_entity>
, editor, pp.269-378, American Mathematical Society 1996.</entry>
<entry level="1" type="bullet">

 Martin Davis, "Hilbert's Tenth Problem is Unsolvable," <it>American Mathematical Monthly</it>, vol.80(1973), pp. 233-269; reprinted as an appendix in Martin Davis, <it>Computability and Unsolvability</it>, Dover reprint 1982.</entry>
<entry level="1" type="bullet">

 <physical_entity wordnetid="100001930" confidence="0.8">
<person wordnetid="100007846" confidence="0.8">
<causal_agent wordnetid="100007347" confidence="0.8">
<scientist wordnetid="110560637" confidence="0.8">
<mathematician wordnetid="110301261" confidence="0.8">
<link xlink:type="simple" xlink:href="../784/6837784.xml">
Jan Denef</link></mathematician>
</scientist>
</causal_agent>
</person>
</physical_entity>
, Leonard Lipschitz, Thanases Pheidas, Jan van Geel, editors, "Hilbert's Tenth Problem: Workshop at Ghent University, Belgium, November 2-5, 1999." <it>Contemporary Mathematics</it> vol. 270(2000), American Mathematical Society.</entry>
</list>
</p>

</sec>
<sec>
<st>
 External links </st>
<p>

<list>
<entry level="1" type="bullet">

 <weblink xlink:type="simple" xlink:href="http://www.goldenmuseum.com/1612Hilbert_engl.html">
Hilbert's Tenth Problem: a History of Mathematical Discovery</weblink></entry>
<entry level="1" type="bullet">

 <weblink xlink:type="simple" xlink:href="http://logic.pdmi.ras.ru/Hilbert10">
Hilbert's Tenth Problem page!</weblink></entry>
<entry level="1" type="bullet">

 <weblink xlink:type="simple" xlink:href="http://math.nju.edu.cn/~zwsun/htp.pdf">
Zhi Wei Sun: On Hilbert's Tenth Problem and Related Topics</weblink></entry>
</list>
</p>

<p>

<table style=";" class="navbox" cellspacing="0">
<row>
<col style="padding:2px;">
<table style="width:100%;background:transparent;color:inherit;;" class="nowraplinks collapsible autocollapse " cellspacing="0">
<row>
<header colspan="2" style=";" class="navbox-title">
<condition wordnetid="113920835" confidence="0.8">
<state wordnetid="100024720" confidence="0.8">
<problem wordnetid="114410605" confidence="0.8">
<difficulty wordnetid="114408086" confidence="0.8">
<link xlink:type="simple" xlink:href="../584/154584.xml">
Hilbert's problems</link></difficulty>
</problem>
</state>
</condition>
</header>
</row>
<row style="height:2px;">

</row>
<row>
<col colspan="2" style="width:100%;padding:0px;;;" class="navbox-list navbox-odd">
<idea wordnetid="105833840" confidence="0.8">
<concept wordnetid="105835747" confidence="0.8">
<condition wordnetid="113920835" confidence="0.8">
<state wordnetid="100024720" confidence="0.8">
<problem wordnetid="114410605" confidence="0.8">
<difficulty wordnetid="114408086" confidence="0.8">
<link xlink:type="simple" xlink:href="../705/5705.xml">
I</link></difficulty>
</problem>
</state>
</condition>
</concept>
</idea>
&nbsp;·  <link xlink:type="simple" xlink:href="../759/152759.xml">
II</link>&nbsp;·  <link xlink:type="simple" xlink:href="../703/152703.xml">
III</link>&nbsp;·  <link xlink:type="simple" xlink:href="../991/1573991.xml">
IV</link>&nbsp;·  <structure wordnetid="104341686" confidence="0.8">
<artifact wordnetid="100021939" confidence="0.8">
<group wordnetid="100031264" confidence="0.8">
<link xlink:type="simple" xlink:href="../760/152760.xml">
V</link></group>
</artifact>
</structure>
&nbsp;·  <link xlink:type="simple" xlink:href="../778/639778.xml">
VI</link>&nbsp;·  <link xlink:type="simple" xlink:href="../579/392579.xml">
VII</link>&nbsp;·  <link xlink:type="simple" xlink:href="../390/527390.xml">
VIII</link>&nbsp;·  <condition wordnetid="113920835" confidence="0.8">
<state wordnetid="100024720" confidence="0.8">
<problem wordnetid="114410605" confidence="0.8">
<difficulty wordnetid="114408086" confidence="0.8">
<link xlink:type="simple" xlink:href="../214/1695214.xml">
IX</link></difficulty>
</problem>
</state>
</condition>
&nbsp;·  <statement wordnetid="106722453" confidence="0.8">
<message wordnetid="106598915" confidence="0.8">
<equation wordnetid="106669864" confidence="0.8">
<mathematical_statement wordnetid="106732169" confidence="0.8">
<link xlink:type="simple" xlink:href="../851/101851.xml">
X</link></mathematical_statement>
</equation>
</message>
</statement>
&nbsp;·  <form wordnetid="106290637" confidence="0.8">
<word wordnetid="106286395" confidence="0.8">
<part wordnetid="113809207" confidence="0.8">
<language_unit wordnetid="106284225" confidence="0.8">
<link xlink:type="simple" xlink:href="../646/1821646.xml">
XI</link></language_unit>
</part>
</word>
</form>
&nbsp;·  <condition wordnetid="113920835" confidence="0.8">
<state wordnetid="100024720" confidence="0.8">
<problem wordnetid="114410605" confidence="0.8">
<difficulty wordnetid="114408086" confidence="0.8">
<link xlink:type="simple" xlink:href="../726/2164726.xml">
XII</link></difficulty>
</problem>
</state>
</condition>
&nbsp;·  <link xlink:type="simple" xlink:href="../190/2336190.xml">
XIII</link>&nbsp;·  <link xlink:type="simple" xlink:href="../231/1695231.xml">
XIV</link>&nbsp;·  <link xlink:type="simple" xlink:href="../205/2336205.xml">
XV</link>&nbsp;·  <condition wordnetid="113920835" confidence="0.8">
<state wordnetid="100024720" confidence="0.8">
<problem wordnetid="114410605" confidence="0.8">
<difficulty wordnetid="114408086" confidence="0.8">
<link xlink:type="simple" xlink:href="../750/381750.xml">
XVI</link></difficulty>
</problem>
</state>
</condition>
&nbsp;·  <link xlink:type="simple" xlink:href="../214/2336214.xml">
XVII</link>&nbsp;·  <link xlink:type="simple" xlink:href="../224/2336224.xml">
XVIII</link>&nbsp;·  <link xlink:type="simple" xlink:href="../226/2336226.xml">
XIX</link>&nbsp;·  <link xlink:type="simple" xlink:href="../235/2336235.xml">
XX</link>&nbsp;·  <statement wordnetid="106722453" confidence="0.8">
<message wordnetid="106598915" confidence="0.8">
<curve wordnetid="113867641" confidence="0.8">
<equation wordnetid="106669864" confidence="0.8">
<line wordnetid="113863771" confidence="0.8">
<shape wordnetid="100027807" confidence="0.8">
<mathematical_statement wordnetid="106732169" confidence="0.8">
<link xlink:type="simple" xlink:href="../023/1965023.xml">
XXI</link></mathematical_statement>
</shape>
</line>
</equation>
</curve>
</message>
</statement>
&nbsp;·  <form wordnetid="106290637" confidence="0.8">
<word wordnetid="106286395" confidence="0.8">
<part wordnetid="113809207" confidence="0.8">
<language_unit wordnetid="106284225" confidence="0.8">
<link xlink:type="simple" xlink:href="../114/2336114.xml">
XXII</link></language_unit>
</part>
</word>
</form>
&nbsp;·  <link xlink:type="simple" xlink:href="../108/2336108.xml">
XXIII</link></col>
</row>
</table>
</col>
</row>
</table>
</p>



</sec>
</bdy>
</mathematical_statement>
</problem>
</equation>
</message>
</statement>
</article>
