<?xml version="1.0" encoding="UTF-8"?>
<!-- generated by CLiX/Wiki2XML [MPI-Inf, MMCI@UdS] $LastChangedRevision: 92 $ on 16.04.2009 18:00:26[mciao0827] -->
<!DOCTYPE article SYSTEM "../article.dtd">
<article xmlns:xlink="http://www.w3.org/1999/xlink">
<actor  confidence="0.9173553029164789" wordnetid="109765278">
<header>
<title>Raelee Hill</title>
<id>1020613</id>
<revision>
<id>238341310</id>
<timestamp>2008-09-14T11:28:34Z</timestamp>
<contributor>
<username>Lightbot</username>
<id>7178666</id>
</contributor>
</revision>
<categories>
<category>1972 births</category>
<category>Living people</category>
<category>Australian television actors</category>
</categories>
</header>
<bdy>
<template>
<name>Infobox actor</name>
<parameters>

<image width="150px" src="Raelee_Hill,_2005_convention.jpg">
<caption>

Raelee Hill
</caption>
</image>
<occupation>
<link xlink:type="simple" xlink:href="../753/753.xml">
Television actor</link></occupation>
<birthplace>
<site wordnetid="108651247" confidence="0.9508927676800064">
<link xlink:type="simple" xlink:href="../093/192093.xml">
Brisbane</link></site>
</birthplace>
<name>
Raelee Hill</name>
<birthdate>
October 24, 1972 (1972-10-24) (age&nbsp;36)</birthdate>
</parameters>
</template>

<p>

<b>Raelee Hill</b> (born <time_off wordnetid="115118453" confidence="0.8">
<fundamental_quantity wordnetid="113575869" confidence="0.8">
<time_period wordnetid="115113229" confidence="0.8">
<vacation wordnetid="115137890" confidence="0.8">
<leisure wordnetid="115137676" confidence="0.8">
<link xlink:type="simple" xlink:href="../345/22345.xml">
October 24</link></leisure>
</vacation>
</time_period>
</fundamental_quantity>
</time_off>
, <link xlink:type="simple" xlink:href="../671/34671.xml">
1972</link>) is an <country wordnetid="108544813" confidence="0.9508927676800064">
<link xlink:type="simple" xlink:href="../264/4689264.xml">
Australia</link></country>
n <link xlink:type="simple" xlink:href="../753/753.xml">
actress</link> best-known for her roles in some of her country's most successful television series. Her first major role was as Loretta Taylor in <it><music wordnetid="107020895" confidence="0.8">
<beginning wordnetid="100235435" confidence="0.8">
<change wordnetid="100191142" confidence="0.8">
<show wordnetid="100520257" confidence="0.8">
<music_genre wordnetid="107071942" confidence="0.8">
<entertainment wordnetid="100429048" confidence="0.8">
<morpheme wordnetid="106306233" confidence="0.8">
<ending wordnetid="106308765" confidence="0.8">
<change_of_state wordnetid="100199130" confidence="0.8">
<classical_music wordnetid="107025900" confidence="0.8">
<diversion wordnetid="100426928" confidence="0.8">
<auditory_communication wordnetid="107109019" confidence="0.8">
<event wordnetid="100029378" confidence="0.8">
<action wordnetid="100037396" confidence="0.8">
<opera wordnetid="107026352" confidence="0.8">
<part wordnetid="113809207" confidence="0.8">
<act wordnetid="100030358" confidence="0.8">
<psychological_feature wordnetid="100023100" confidence="0.8">
<introduction wordnetid="100238022" confidence="0.8">
<activity wordnetid="100407535" confidence="0.8">
<expressive_style wordnetid="107066659" confidence="0.8">
<language_unit wordnetid="106284225" confidence="0.8">
<link xlink:type="simple" xlink:href="../309/2596309.xml">
Paradise Beach</link></language_unit>
</expressive_style>
</activity>
</introduction>
</psychological_feature>
</act>
</part>
</opera>
</action>
</event>
</auditory_communication>
</diversion>
</classical_music>
</change_of_state>
</ending>
</morpheme>
</entertainment>
</music_genre>
</show>
</change>
</beginning>
</music>
</it>, which was followed shortly afterwards with the characters <fictional_character wordnetid="109587565" confidence="0.9508927676800064">
<link xlink:type="simple" xlink:href="../325/6155325.xml">
Serendipity Gottlieb</link></fictional_character>
 in <it><link xlink:type="simple" xlink:href="../861/4732861.xml">
Neighbours</link></it> and Constable Tayler Johnson in <it><series wordnetid="108457976" confidence="0.9508927676800064">
<link xlink:type="simple" xlink:href="../297/2316297.xml">
Water Rats</link></series>
</it>.</p>
<p>

Raelee was born in <site wordnetid="108651247" confidence="0.9508927676800064">
<link xlink:type="simple" xlink:href="../093/192093.xml">
Brisbane</link></site>
, <country wordnetid="108544813" confidence="0.9508927676800064">
<link xlink:type="simple" xlink:href="../264/4689264.xml">
Australia</link></country>
. She is most widely-known internationally though for her part as <link>
Sikozu Svala Shanti Sugaysi Shanu</link> in the <link>
sci-fi television</link> series <it><series wordnetid="108457976" confidence="0.9508927676800064">
<link xlink:type="simple" xlink:href="../070/66070.xml">
Farscape</link></series>
</it>. Having originally auditioned for the part of Commandant <link>
Mele-On Grayza</link> she was considered "too likeable" for a villain and the role of Sikozu was created especially for her by <link xlink:type="simple" xlink:href="../413/46413.xml">
Executive Producer</link> <physical_entity wordnetid="100001930" confidence="0.8">
<person wordnetid="100007846" confidence="0.8">
<drummer wordnetid="110036929" confidence="0.8">
<performer wordnetid="110415638" confidence="0.8">
<musician wordnetid="110340312" confidence="0.8">
<causal_agent wordnetid="100007347" confidence="0.8">
<entertainer wordnetid="109616922" confidence="0.8">
<percussionist wordnetid="110415037" confidence="0.8">
<link xlink:type="simple" xlink:href="../161/6713161.xml">
David Kemper</link></percussionist>
</entertainer>
</causal_agent>
</musician>
</performer>
</drummer>
</person>
</physical_entity>
.</p>
<p>

She made her film début in the 1996 <link xlink:type="simple" xlink:href="../807/51807.xml">
romantic comedy</link> <it><link>
Hotel de Love</link></it>, and her theatre credits include the role of Wendy in <it><fictional_character wordnetid="109587565" confidence="0.8">
<imaginary_being wordnetid="109483738" confidence="0.8">
<link xlink:type="simple" xlink:href="../956/7640956.xml">
Pan</link></imaginary_being>
</fictional_character>
</it> for <company wordnetid="108058098" confidence="0.9508927676800064">
<link xlink:type="simple" xlink:href="../298/851298.xml">
The Jim Henson Company</link></company>
, as well as <it>Tasting Sugar Lake</it> for Budinskis Theatre. She had a role in the 2005 Indonesian film about the <link xlink:type="simple" xlink:href="../098/103098.xml">
2002 Bali bombing</link>, <it><movie wordnetid="106613686" confidence="0.9508927676800064">
<link xlink:type="simple" xlink:href="../786/9224786.xml">
Long Road to Heaven</link></movie>
</it>.</p>
<p>

Her recent film role is in 2007, appearing in <movie wordnetid="106613686" confidence="0.9508927676800064">
<link xlink:type="simple" xlink:href="../927/13003927.xml">
The Final Winter</link></movie>
. </p>

<sec>
<st>
External links</st>
<p>

<list>
<entry level="1" type="bullet">

<weblink xlink:type="simple" xlink:href="http://www.imdb.com/name/nm0384584/">
Raelee Hill</weblink> at the <web_site wordnetid="106359193" confidence="0.9508927676800064">
<link xlink:type="simple" xlink:href="../554/2855554.xml">
Internet Movie Database</link></web_site>
</entry>
</list>
</p>


</sec>
</bdy>
</actor>
</article>
