<?xml version="1.0" encoding="UTF-8"?>
<!-- generated by CLiX/Wiki2XML [MPI-Inf, MMCI@UdS] $LastChangedRevision: 92 $ on 17.04.2009 00:11:22[mciao0825] -->
<!DOCTYPE article SYSTEM "../article.dtd">
<article xmlns:xlink="http://www.w3.org/1999/xlink">
<movie  confidence="0.9508927676800064" wordnetid="106613686">
<serial  confidence="0.9511911446218017" wordnetid="106621447">
<header>
<title>The Scarlet Horseman</title>
<id>10203043</id>
<revision>
<id>220938123</id>
<timestamp>2008-06-22T08:52:36Z</timestamp>
<contributor>
<username>Lugnuts</username>
<id>1276024</id>
</contributor>
</revision>
<categories>
<category>Films directed by Lewis D. Collins</category>
<category>Adventure films</category>
<category>English-language films</category>
<category>Universal Pictures films</category>
<category>Black and white films</category>
<category>Film serials</category>
<category>1946 films</category>
<category>American films</category>
<category>Films directed by Ray Taylor</category>
<category>Western films</category>
<category>Action films</category>
</categories>
</header>
<bdy>
<template>
<name>Infobox Film</name>
<parameters>

<image width="150px" src="">
</image>
<runtime>
13 chapters (221 min)</runtime>
<amg_id>
1:146737</amg_id>
<director>
<physical_entity wordnetid="100001930" confidence="0.8">
<person wordnetid="100007846" confidence="0.8">
<leader wordnetid="109623038" confidence="0.8">
<administrator wordnetid="109770949" confidence="0.8">
<causal_agent wordnetid="100007347" confidence="0.8">
<head wordnetid="110162991" confidence="0.8">
<director wordnetid="110014939" confidence="0.8">
<link xlink:type="simple" xlink:href="../132/8692132.xml">
Lewis D. Collins</link></director>
</head>
</causal_agent>
</administrator>
</leader>
</person>
</physical_entity>
<film_director wordnetid="110088200" confidence="0.9173553029164789">
<actor wordnetid="109765278" confidence="0.9508927676800064">
<link xlink:type="simple" xlink:href="../471/14246471.xml">
Ray Taylor</link></actor>
</film_director>
</director>
<country>
<image width="25px" src="Flag_of_the_United_States.svg">
</image>
 <body wordnetid="107965085" confidence="0.8">
<social_group wordnetid="107950920" confidence="0.8">
<political_orientation wordnetid="106212839" confidence="0.8">
<colony wordnetid="108374049" confidence="0.8">
<state wordnetid="108168978" confidence="0.8">
<political_unit wordnetid="108359949" confidence="0.8">
<group wordnetid="100031264" confidence="0.8">
<democracy wordnetid="106217103" confidence="0.8">
<link xlink:type="simple" xlink:href="../750/3434750.xml">
United States</link></democracy>
</group>
</political_unit>
</state>
</colony>
</political_orientation>
</social_group>
</body>
</country>
<released>
<link xlink:type="simple" xlink:href="../631/34631.xml">
1946</link></released>
<imdb_id>
0038909</imdb_id>
<name>
The Scarlet Horseman</name>
<distributor>
<link xlink:type="simple" xlink:href="../326/170326.xml">
Universal Pictures</link></distributor>
<language>
<language wordnetid="106282651" confidence="0.8">
<link xlink:type="simple" xlink:href="../916/8569916.xml">
English</link></language>
</language>
</parameters>
</template>

<p>

<b>The Scarlet Horseman</b> (<fundamental_quantity wordnetid="113575869" confidence="0.8">
<time_period wordnetid="115113229" confidence="0.8">
<year wordnetid="115203791" confidence="0.8">
<link xlink:type="simple" xlink:href="../405/172405.xml">
1946</link></year>
</time_period>
</fundamental_quantity>
) is a <link xlink:type="simple" xlink:href="../326/170326.xml">
Universal</link> <event wordnetid="100029378" confidence="0.8">
<broadcast wordnetid="106619428" confidence="0.8">
<social_event wordnetid="107288639" confidence="0.8">
<show wordnetid="106619065" confidence="0.8">
<serial wordnetid="106621447" confidence="0.8">
<psychological_feature wordnetid="100023100" confidence="0.8">
<link xlink:type="simple" xlink:href="../445/9647445.xml">
movie serial</link></psychological_feature>
</serial>
</show>
</social_event>
</broadcast>
</event>
.</p>

<sec>
<st>
Chapter titles</st>

<p>

<list>
<entry level="1" type="number">

Scarlet for a Champion </entry>
<entry level="1" type="number">

Dry Grass Danger </entry>
<entry level="1" type="number">

Railroad Rescue </entry>
<entry level="1" type="number">

Staked Plains Stampede </entry>
<entry level="1" type="number">

Death Shifts Passengers </entry>
<entry level="1" type="number">

Stop that Stage </entry>
<entry level="1" type="number">

Blunderbuss Broadside </entry>
<entry level="1" type="number">

Scarlet Doublecross </entry>
<entry level="1" type="number">

Doom Beyond the Door </entry>
<entry level="1" type="number">

The Edge of Danger </entry>
<entry level="1" type="number">

Comanche Avalanche </entry>
<entry level="1" type="number">

Staked Plains Massacre </entry>
<entry level="1" type="number">

Scarlet Showdown </entry>
</list>
</p>

</sec>
<sec>
<st>
External links</st>
<p>

<list>
<entry level="1" type="bullet">

<weblink xlink:type="simple" xlink:href="http://www.imdb.com/title/tt0038909/">
<it>The Scarlet Horseman</it> </weblink> at the <web_site wordnetid="106359193" confidence="0.9508927676800064">
<link xlink:type="simple" xlink:href="../554/2855554.xml">
Internet Movie Database</link></web_site>
</entry>
</list>
</p>

<p>

<table style="margin:0.5em auto; font-size:95%;clear:both;" class="wikitable">
<row style="text-align: center;">
</row>
<row style="text-align:center;">
<col align="center" width="30%" rowspan="1">
Preceded&nbsp;by<b><link>
The Royal Mounted Rides Again </link> (<link xlink:type="simple" xlink:href="../624/34624.xml">
1945</link>)</b></col>
<col style="text-align: center;" width="40%" rowspan="1">
<b><link xlink:type="simple" xlink:href="../326/170326.xml">
Universal</link> <event wordnetid="100029378" confidence="0.8">
<broadcast wordnetid="106619428" confidence="0.8">
<social_event wordnetid="107288639" confidence="0.8">
<show wordnetid="106619065" confidence="0.8">
<serial wordnetid="106621447" confidence="0.8">
<psychological_feature wordnetid="100023100" confidence="0.8">
<link xlink:type="simple" xlink:href="../445/9647445.xml">
Serial</link></psychological_feature>
</serial>
</show>
</social_event>
</broadcast>
</event>
</b>The Scarlet Horseman (<link xlink:type="simple" xlink:href="../631/34631.xml">
1946</link>)</col>
<col align="center" width="30%" rowspan="1">
 Succeeded&nbsp;by<b><movie wordnetid="106613686" confidence="0.9508927676800064">
<link xlink:type="simple" xlink:href="../123/10203123.xml">
Lost City of the Jungle</link></movie>
 (<link xlink:type="simple" xlink:href="../631/34631.xml">
1946</link>)</b></col>
</row>
</table>
</p>

<p>

<table style=";" class="navbox" cellspacing="0">
<row>
<col style="padding:2px;">
<table style="width:100%;background:transparent;color:inherit;;" class="nowraplinks collapsible collapsed " cellspacing="0">
<row>
<header colspan="2" style=";" class="navbox-title">
<company wordnetid="108058098" confidence="0.9508927676800064">
<link xlink:type="simple" xlink:href="../326/170326.xml">
Universal</link></company>
 <event wordnetid="100029378" confidence="0.8">
<broadcast wordnetid="106619428" confidence="0.8">
<social_event wordnetid="107288639" confidence="0.8">
<show wordnetid="106619065" confidence="0.8">
<serial wordnetid="106621447" confidence="0.8">
<psychological_feature wordnetid="100023100" confidence="0.8">
<link xlink:type="simple" xlink:href="../445/9647445.xml">
serials</link></psychological_feature>
</serial>
</show>
</social_event>
</broadcast>
</event>
</header>
</row>
<row style="height:2px;">

</row>
<row>
<col colspan="2" style="width:100%;padding:0px;;;" class="navbox-list navbox-odd">
<table style="width:100%;;;;" class="nowraplinks collapsible collapsed navbox-subgroup" cellspacing="0">
<row>
<header colspan="2" style=";;" class="navbox-title">
&nbsp;Serials</header>
</row>
<row style="height:2px;">

</row>
<row>
<col colspan="2" style="width:100%;padding:0px;;;" class="navbox-list navbox-odd">
<table style="width:100%;;;;" class="nowraplinks  navbox-subgroup" cellspacing="0">
<row>
<col style=";padding-left:0em;padding-right:0em;width:13em;;" class="navbox-group">
Silent Serials(1914-1929)</col>
<col style="text-align:left;border-left:2px solid #fdfdfd;width:100%;padding:0px;width:auto;;;" class="navbox-list navbox-odd">
<it><movie wordnetid="106613686" confidence="0.9508927676800064">
<link xlink:type="simple" xlink:href="../157/15451157.xml">
Lucille Love, Girl of Mystery</link></movie>
</it> • <it><movie wordnetid="106613686" confidence="0.9508927676800064">
<link xlink:type="simple" xlink:href="../129/15452129.xml">
The Master Key</link></movie>
</it> • <it><movie wordnetid="106613686" confidence="0.9508927676800064">
<link xlink:type="simple" xlink:href="../336/15452336.xml">
The Trey o' Hearts</link></movie>
</it> • <it><movie wordnetid="106613686" confidence="0.9508927676800064">
<link xlink:type="simple" xlink:href="../363/15468363.xml">
The Black Box</link></movie>
</it> • <it><movie wordnetid="106613686" confidence="0.9508927676800064">
<link xlink:type="simple" xlink:href="../016/15485016.xml">
The Broken Coin</link></movie>
</it> • <it><movie wordnetid="106613686" confidence="0.9508927676800064">
<link xlink:type="simple" xlink:href="../810/13462810.xml">
Graft</link></movie>
</it> • <it><movie wordnetid="106613686" confidence="0.9508927676800064">
<link xlink:type="simple" xlink:href="../299/15485299.xml">
Under the Crescent</link></movie>
</it> • <it><movie wordnetid="106613686" confidence="0.9508927676800064">
<link xlink:type="simple" xlink:href="../976/15485976.xml">
The Adventures of Peg o' the Ring</link></movie>
</it> • <it><movie wordnetid="106613686" confidence="0.9508927676800064">
<link xlink:type="simple" xlink:href="../188/15502188.xml">
Liberty</link></movie>
</it> • <it><movie wordnetid="106613686" confidence="0.9508927676800064">
<link xlink:type="simple" xlink:href="../906/15502906.xml">
The Mystery Ship</link></movie>
</it> • <it><movie wordnetid="106613686" confidence="0.9508927676800064">
<link xlink:type="simple" xlink:href="../250/15503250.xml">
The Red Ace</link></movie>
</it> • <it><movie wordnetid="106613686" confidence="0.9508927676800064">
<link xlink:type="simple" xlink:href="../552/15503552.xml">
The Gray Ghost</link></movie>
</it> • <it><movie wordnetid="106613686" confidence="0.9508927676800064">
<link xlink:type="simple" xlink:href="../189/15022189.xml">
The Voice on the Wire</link></movie>
</it> • <it><movie wordnetid="106613686" confidence="0.9508927676800064">
<link xlink:type="simple" xlink:href="../276/15521276.xml">
The Brass Bullet</link></movie>
</it> • <it><movie wordnetid="106613686" confidence="0.9508927676800064">
<link xlink:type="simple" xlink:href="../824/15521824.xml">
Bull's Eye</link></movie>
</it> • <it><movie wordnetid="106613686" confidence="0.9508927676800064">
<link xlink:type="simple" xlink:href="../257/15539257.xml">
The Lion's Claws</link></movie>
</it> • <it><movie wordnetid="106613686" confidence="0.9508927676800064">
<link xlink:type="simple" xlink:href="../662/15539662.xml">
Lure of the Circus</link></movie>
</it> • <it><movie wordnetid="106613686" confidence="0.9508927676800064">
<link xlink:type="simple" xlink:href="../165/15540165.xml">
The Red Glove</link></movie>
</it> • <it><movie wordnetid="106613686" confidence="0.9508927676800064">
<link xlink:type="simple" xlink:href="../613/15540613.xml">
The Great Radium Mystery</link></movie>
</it> • <it><movie wordnetid="106613686" confidence="0.9508927676800064">
<link xlink:type="simple" xlink:href="../961/15540961.xml">
The Lion Man</link></movie>
</it> • <it><movie wordnetid="106613686" confidence="0.9508927676800064">
<link xlink:type="simple" xlink:href="../861/15551861.xml">
The Midnight Man</link></movie>
</it> • <it><movie wordnetid="106613686" confidence="0.9508927676800064">
<link xlink:type="simple" xlink:href="../087/15552087.xml">
The Flaming Disc</link></movie>
</it> • <it><movie wordnetid="106613686" confidence="0.9508927676800064">
<link xlink:type="simple" xlink:href="../271/15552271.xml">
The Moon Riders</link></movie>
</it> • <it><movie wordnetid="106613686" confidence="0.9508927676800064">
<link xlink:type="simple" xlink:href="../221/15553221.xml">
King of the Circus</link></movie>
</it> • <it><movie wordnetid="106613686" confidence="0.9508927676800064">
<link xlink:type="simple" xlink:href="../326/15553326.xml">
The Vanishing Dagger</link></movie>
</it> • <it><movie wordnetid="106613686" confidence="0.9508927676800064">
<link xlink:type="simple" xlink:href="../439/15553439.xml">
The Dragon's Net</link></movie>
</it> • <it><movie wordnetid="106613686" confidence="0.9508927676800064">
<link xlink:type="simple" xlink:href="../557/15553557.xml">
The Diamond Queen</link></movie>
</it> • <it><movie wordnetid="106613686" confidence="0.9508927676800064">
<link xlink:type="simple" xlink:href="../691/15553691.xml">
Do or Die</link></movie>
</it> • <it><movie wordnetid="106613686" confidence="0.9508927676800064">
<link xlink:type="simple" xlink:href="../222/15554222.xml">
The Secret Four</link></movie>
</it> • <it><movie wordnetid="106613686" confidence="0.9508927676800064">
<link xlink:type="simple" xlink:href="../498/15554498.xml">
Terror Trail</link></movie>
</it> • <it><movie wordnetid="106613686" confidence="0.9508927676800064">
<link xlink:type="simple" xlink:href="../399/15557399.xml">
The White Horseman</link></movie>
</it> • <it><movie wordnetid="106613686" confidence="0.9508927676800064">
<link xlink:type="simple" xlink:href="../536/15557536.xml">
Winners of the West</link></movie>
</it> • <it><movie wordnetid="106613686" confidence="0.9508927676800064">
<link xlink:type="simple" xlink:href="../915/15566915.xml">
The Adventures of Robinson Crusoe</link></movie>
</it> • <it><movie wordnetid="106613686" confidence="0.9508927676800064">
<link xlink:type="simple" xlink:href="../100/15567100.xml">
In the Days of Buffalo Bill</link></movie>
</it> • <it><movie wordnetid="106613686" confidence="0.9508927676800064">
<link xlink:type="simple" xlink:href="../336/15567336.xml">
Perils of the Yukon</link></movie>
</it> • <it><movie wordnetid="106613686" confidence="0.9508927676800064">
<link xlink:type="simple" xlink:href="../422/15569422.xml">
The Radio King</link></movie>
</it> • <it><movie wordnetid="106613686" confidence="0.9508927676800064">
<link xlink:type="simple" xlink:href="../689/15569689.xml">
With Stanley in Africa</link></movie>
</it> • <it><movie wordnetid="106613686" confidence="0.9508927676800064">
<link xlink:type="simple" xlink:href="../065/15570065.xml">
Around the World in Eighteen Days</link></movie>
</it> • <it><movie wordnetid="106613686" confidence="0.9508927676800064">
<link xlink:type="simple" xlink:href="../784/15572784.xml">
Beasts of Paradise</link></movie>
</it> • <it><movie wordnetid="106613686" confidence="0.9508927676800064">
<link xlink:type="simple" xlink:href="../444/15573444.xml">
The Eagle's Talons</link></movie>
</it> • <it><movie wordnetid="106613686" confidence="0.9508927676800064">
<link xlink:type="simple" xlink:href="../998/15573998.xml">
The Ghost City</link></movie>
</it> • <it><movie wordnetid="106613686" confidence="0.9508927676800064">
<link xlink:type="simple" xlink:href="../273/15574273.xml">
In the Days of Daniel Boone</link></movie>
</it> • <it><movie wordnetid="106613686" confidence="0.9508927676800064">
<link xlink:type="simple" xlink:href="../861/15574861.xml">
The Oregon Trail</link></movie>
</it> • <it><movie wordnetid="106613686" confidence="0.9508927676800064">
<link xlink:type="simple" xlink:href="../495/15591495.xml">
The Phantom Fortune</link></movie>
</it> • <it><movie wordnetid="106613686" confidence="0.9508927676800064">
<link xlink:type="simple" xlink:href="../033/15592033.xml">
The Social Buccaneer</link></movie>
</it> • <it><movie wordnetid="106613686" confidence="0.9508927676800064">
<link xlink:type="simple" xlink:href="../492/15592492.xml">
The Steel Trail</link></movie>
</it> • <it><movie wordnetid="106613686" confidence="0.9508927676800064">
<link xlink:type="simple" xlink:href="../801/15592801.xml">
The Fast Express</link></movie>
</it> • <it><movie wordnetid="106613686" confidence="0.9508927676800064">
<link xlink:type="simple" xlink:href="../228/15593228.xml">
The Fighting Ranger</link></movie>
</it> • <it><movie wordnetid="106613686" confidence="0.9508927676800064">
<link xlink:type="simple" xlink:href="../575/15610575.xml">
The Iron Man</link></movie>
</it> • <it><movie wordnetid="106613686" confidence="0.9508927676800064">
<link xlink:type="simple" xlink:href="../896/15610896.xml">
The Riddle Rider</link></movie>
</it> • <it><movie wordnetid="106613686" confidence="0.9508927676800064">
<link xlink:type="simple" xlink:href="../153/15611153.xml">
Wolves of the North</link></movie>
</it> • <it><movie wordnetid="106613686" confidence="0.9508927676800064">
<link xlink:type="simple" xlink:href="../010/15627010.xml">
Ace of Spades</link></movie>
</it> • <it><movie wordnetid="106613686" confidence="0.9508927676800064">
<link xlink:type="simple" xlink:href="../990/15642990.xml">
The Great Circus Mystery</link></movie>
</it> • <it><movie wordnetid="106613686" confidence="0.9508927676800064">
<link xlink:type="simple" xlink:href="../769/15658769.xml">
The Scarlet Streak</link></movie>
</it> • <it><movie wordnetid="106613686" confidence="0.9508927676800064">
<link xlink:type="simple" xlink:href="../922/15658922.xml">
Fighting with Buffalo Bill</link></movie>
</it> • <it><movie wordnetid="106613686" confidence="0.9508927676800064">
<link xlink:type="simple" xlink:href="../424/15668424.xml">
Strings of Steel</link></movie>
</it> • <it><movie wordnetid="106613686" confidence="0.9508927676800064">
<link xlink:type="simple" xlink:href="../492/15668492.xml">
The Winking Idol</link></movie>
</it> • <it><movie wordnetid="106613686" confidence="0.9508927676800064">
<link xlink:type="simple" xlink:href="../683/15668683.xml">
Blake of Scotland Yard</link></movie>
</it> • <it><movie wordnetid="106613686" confidence="0.9508927676800064">
<link xlink:type="simple" xlink:href="../842/15668842.xml">
The Fire Fighters</link></movie>
</it> • <it><movie wordnetid="106613686" confidence="0.9508927676800064">
<link xlink:type="simple" xlink:href="../932/15668932.xml">
The Return of the Riddle Rider</link></movie>
</it> • <it><movie wordnetid="106613686" confidence="0.9508927676800064">
<link xlink:type="simple" xlink:href="../017/15669017.xml">
The Trail of the Tiger</link></movie>
</it> • <it><movie wordnetid="106613686" confidence="0.9508927676800064">
<link xlink:type="simple" xlink:href="../605/15669605.xml">
Whispering Smith Rides</link></movie>
</it> • <it><movie wordnetid="106613686" confidence="0.9508927676800064">
<link xlink:type="simple" xlink:href="../036/15670036.xml">
Haunted Island</link></movie>
</it> • <it><movie wordnetid="106613686" confidence="0.9508927676800064">
<link xlink:type="simple" xlink:href="../271/15670271.xml">
Tarzan the Mighty</link></movie>
</it> • <it><movie wordnetid="106613686" confidence="0.9508927676800064">
<link xlink:type="simple" xlink:href="../472/15670472.xml">
The Vanishing Rider</link></movie>
</it> • <it><movie wordnetid="106613686" confidence="0.9508927676800064">
<link xlink:type="simple" xlink:href="../545/15670545.xml">
The Diamond Master</link></movie>
</it> • <it><movie wordnetid="106613686" confidence="0.9508927676800064">
<link xlink:type="simple" xlink:href="../656/15670656.xml">
A Final Reckoning</link></movie>
</it> • <it><movie wordnetid="106613686" confidence="0.9508927676800064">
<link xlink:type="simple" xlink:href="../804/15670804.xml">
The Pirate of Panama</link></movie>
''</it></col>
</row>
<row style="height:2px">

</row>
<row>
<col style=";padding-left:0em;padding-right:0em;width:13em;;" class="navbox-group">
Part-sound Serials(1929-1930)</col>
<col style="text-align:left;border-left:2px solid #fdfdfd;width:100%;padding:0px;width:auto;;;" class="navbox-list navbox-even">
<it><movie wordnetid="106613686" confidence="0.9508927676800064">
<link xlink:type="simple" xlink:href="../369/9595369.xml">
The Ace of Scotland Yard</link></movie>
</it> • <it><movie wordnetid="106613686" confidence="0.9508927676800064">
<link xlink:type="simple" xlink:href="../212/9877212.xml">
Tarzan the Tiger</link></movie>
</it> • <it><movie wordnetid="106613686" confidence="0.9508927676800064">
<link xlink:type="simple" xlink:href="../310/9877310.xml">
The Jade Box</link></movie>
</it> • <it><movie wordnetid="106613686" confidence="0.9508927676800064">
<link xlink:type="simple" xlink:href="../373/9877373.xml">
The Lightning Express</link></movie>
</it> • <it><movie wordnetid="106613686" confidence="0.9508927676800064">
<link xlink:type="simple" xlink:href="../595/9877595.xml">
Terry of the Times</link></movie>
</it> • <it><movie wordnetid="106613686" confidence="0.9508927676800064">
<link xlink:type="simple" xlink:href="../839/9877839.xml">
The Indians Are Coming</link></movie>
''</it></col>
</row>
<row style="height:2px">

</row>
<row>
<col style=";padding-left:0em;padding-right:0em;width:13em;;" class="navbox-group">
Pre-war Sound Serials(1931-1942)</col>
<col style="text-align:left;border-left:2px solid #fdfdfd;width:100%;padding:0px;width:auto;;;" class="navbox-list navbox-odd">
<it><movie wordnetid="106613686" confidence="0.9508927676800064">
<link xlink:type="simple" xlink:href="../930/9877930.xml">
Finger Prints</link></movie>
</it> • <it><movie wordnetid="106613686" confidence="0.9508927676800064">
<link xlink:type="simple" xlink:href="../064/9878064.xml">
Heroes of the Flames</link></movie>
</it> • <it><movie wordnetid="106613686" confidence="0.9508927676800064">
<link xlink:type="simple" xlink:href="../541/4570541.xml">
Danger Island</link></movie>
</it> • <it><movie wordnetid="106613686" confidence="0.9508927676800064">
<link xlink:type="simple" xlink:href="../550/9916550.xml">
Battling with Buffalo Bill</link></movie>
</it> • <it><movie wordnetid="106613686" confidence="0.9508927676800064">
<link xlink:type="simple" xlink:href="../623/9916623.xml">
The Spell of the Circus</link></movie>
</it> • <it><movie wordnetid="106613686" confidence="0.9508927676800064">
<link xlink:type="simple" xlink:href="../906/9916906.xml">
Detective Lloyd</link></movie>
</it> • <it><movie wordnetid="106613686" confidence="0.9508927676800064">
<link xlink:type="simple" xlink:href="../995/9916995.xml">
The Airmail Mystery</link></movie>
</it> • <it><movie wordnetid="106613686" confidence="0.9508927676800064">
<link xlink:type="simple" xlink:href="../044/9917044.xml">
Heroes of the West</link></movie>
</it> • <it><movie wordnetid="106613686" confidence="0.9508927676800064">
<link xlink:type="simple" xlink:href="../194/9917194.xml">
The Jungle Mystery</link></movie>
</it> • <it><movie wordnetid="106613686" confidence="0.9508927676800064">
<link xlink:type="simple" xlink:href="../327/9917327.xml">
The Lost Special</link></movie>
</it> • <it><movie wordnetid="106613686" confidence="0.9508927676800064">
<link xlink:type="simple" xlink:href="../462/9917462.xml">
Clancy of the Mounted</link></movie>
</it> • <it><movie wordnetid="106613686" confidence="0.9508927676800064">
<link xlink:type="simple" xlink:href="../264/9936264.xml">
The Phantom of the Air</link></movie>
</it> • <it><movie wordnetid="106613686" confidence="0.9508927676800064">
<link xlink:type="simple" xlink:href="../436/9936436.xml">
Gordon of Ghost City</link></movie>
</it> • <it><movie wordnetid="106613686" confidence="0.9508927676800064">
<link xlink:type="simple" xlink:href="../797/15672797.xml">
The Perils of Pauline</link></movie>
</it> • <it><movie wordnetid="106613686" confidence="0.9508927676800064">
<link xlink:type="simple" xlink:href="../509/9936509.xml">
Pirate Treasure</link></movie>
</it> • <it><movie wordnetid="106613686" confidence="0.9508927676800064">
<link xlink:type="simple" xlink:href="../760/9952760.xml">
The Vanishing Shadow</link></movie>
</it> • <it><movie wordnetid="106613686" confidence="0.9508927676800064">
<link xlink:type="simple" xlink:href="../851/9952851.xml">
The Red Rider</link></movie>
</it> • <it><movie wordnetid="106613686" confidence="0.9508927676800064">
<link xlink:type="simple" xlink:href="../965/9952965.xml">
Tailspin Tommy</link></movie>
</it> • <it><movie wordnetid="106613686" confidence="0.9508927676800064">
<link xlink:type="simple" xlink:href="../734/9959734.xml">
Rustlers of Red Dog</link></movie>
</it> • <it><movie wordnetid="106613686" confidence="0.9508927676800064">
<link xlink:type="simple" xlink:href="../860/9959860.xml">
The Call of the Savage</link></movie>
</it> • <it><movie wordnetid="106613686" confidence="0.9508927676800064">
<link xlink:type="simple" xlink:href="../947/9959947.xml">
The Roaring West</link></movie>
</it> • <it><movie wordnetid="106613686" confidence="0.9508927676800064">
<link xlink:type="simple" xlink:href="../044/9960044.xml">
Tailspin Tommy in the Great Air Mystery</link></movie>
</it> • <it><movie wordnetid="106613686" confidence="0.9508927676800064">
<link xlink:type="simple" xlink:href="../186/9960186.xml">
The Adventures of Frank Merriwell</link></movie>
</it> • <it><movie wordnetid="106613686" confidence="0.9508927676800064">
<link xlink:type="simple" xlink:href="../471/73471.xml">
Flash Gordon</link></movie>
</it> • <it><movie wordnetid="106613686" confidence="0.9508927676800064">
<link xlink:type="simple" xlink:href="../009/10017009.xml">
The Phantom Rider</link></movie>
</it> • <it><movie wordnetid="106613686" confidence="0.9508927676800064">
<link xlink:type="simple" xlink:href="../182/5627182.xml">
Ace Drummond</link></movie>
</it> • <it><movie wordnetid="106613686" confidence="0.9508927676800064">
<link xlink:type="simple" xlink:href="../712/10056712.xml">
Jungle Jim</link></movie>
</it> • <it><movie wordnetid="106613686" confidence="0.9508927676800064">
<link xlink:type="simple" xlink:href="../858/10056858.xml">
Secret Agent X-9</link></movie>
</it> • <it><movie wordnetid="106613686" confidence="0.9508927676800064">
<link xlink:type="simple" xlink:href="../983/10069983.xml">
Wild West Days</link></movie>
</it> • <it><movie wordnetid="106613686" confidence="0.9508927676800064">
<link xlink:type="simple" xlink:href="../316/10072316.xml">
Radio Patrol</link></movie>
</it> • <it><movie wordnetid="106613686" confidence="0.9508927676800064">
<link xlink:type="simple" xlink:href="../466/10072466.xml">
Tim Tyler's Luck</link></movie>
</it> • <it><movie wordnetid="106613686" confidence="0.9508927676800064">
<link xlink:type="simple" xlink:href="../087/1029087.xml">
Flash Gordon's Trip to Mars</link></movie>
</it> • <it><movie wordnetid="106613686" confidence="0.9508927676800064">
<link xlink:type="simple" xlink:href="../671/10072671.xml">
Flaming Frontiers</link></movie>
</it> • <it><movie wordnetid="106613686" confidence="0.9508927676800064">
<link xlink:type="simple" xlink:href="../803/10072803.xml">
 Red Barry</link></movie>
</it> • <it><movie wordnetid="106613686" confidence="0.9508927676800064">
<link xlink:type="simple" xlink:href="../963/10072963.xml">
Scouts to the Rescue</link></movie>
</it> • <it><movie wordnetid="106613686" confidence="0.9508927676800064">
<link xlink:type="simple" xlink:href="../763/10090763.xml">
Buck Rogers</link></movie>
</it> • <it><movie wordnetid="106613686" confidence="0.9508927676800064">
<link xlink:type="simple" xlink:href="../939/10090939.xml">
The Oregon Trail</link></movie>
</it> • <it><movie wordnetid="106613686" confidence="0.9508927676800064">
<link xlink:type="simple" xlink:href="../441/6365441.xml">
The Phantom Creeps</link></movie>
</it> • <it><movie wordnetid="106613686" confidence="0.9508927676800064">
<link xlink:type="simple" xlink:href="../427/10091427.xml">
The Green Hornet</link></movie>
</it> • <it><movie wordnetid="106613686" confidence="0.9508927676800064">
<link xlink:type="simple" xlink:href="../242/770242.xml">
Flash Gordon Conquers the Universe</link></movie>
</it> • <it><movie wordnetid="106613686" confidence="0.9508927676800064">
<link xlink:type="simple" xlink:href="../436/10140436.xml">
Winners of the West</link></movie>
</it> • <it><movie wordnetid="106613686" confidence="0.9508927676800064">
<link xlink:type="simple" xlink:href="../541/10140541.xml">
Junior G-Men</link></movie>
</it> • <it><link xlink:type="simple" xlink:href="../793/10140793.xml">
The Green Hornet Strikes Again!</link></it> • <it><movie wordnetid="106613686" confidence="0.9508927676800064">
<link xlink:type="simple" xlink:href="../847/10140847.xml">
Sky Raiders</link></movie>
</it> • <it><movie wordnetid="106613686" confidence="0.9508927676800064">
<link xlink:type="simple" xlink:href="../543/10160543.xml">
Riders of Death Valley</link></movie>
</it> • <it><movie wordnetid="106613686" confidence="0.9508927676800064">
<link xlink:type="simple" xlink:href="../615/10160615.xml">
Sea Raiders</link></movie>
''</it></col>
</row>
<row style="height:2px">

</row>
<row>
<col style=";padding-left:0em;padding-right:0em;width:13em;;" class="navbox-group">
War-time Serials(1942-1945)</col>
<col style="text-align:left;border-left:2px solid #fdfdfd;width:100%;padding:0px;width:auto;;;" class="navbox-list navbox-even">
<it><movie wordnetid="106613686" confidence="0.9508927676800064">
<link xlink:type="simple" xlink:href="../677/10160677.xml">
Don Winslow of the Navy</link></movie>
</it> • <it><movie wordnetid="106613686" confidence="0.9508927676800064">
<link xlink:type="simple" xlink:href="../220/10166220.xml">
Gang Busters</link></movie>
</it> • <it><movie wordnetid="106613686" confidence="0.9508927676800064">
<link xlink:type="simple" xlink:href="../595/10100595.xml">
Junior G-Men of the Air</link></movie>
</it> • <it><movie wordnetid="106613686" confidence="0.9508927676800064">
<link xlink:type="simple" xlink:href="../432/10166432.xml">
Overland Mail</link></movie>
</it> • <it><movie wordnetid="106613686" confidence="0.9508927676800064">
<link xlink:type="simple" xlink:href="../709/10166709.xml">
The Adventures of Smilin' Jack</link></movie>
</it> • <it><movie wordnetid="106613686" confidence="0.9508927676800064">
<link xlink:type="simple" xlink:href="../506/10182506.xml">
Don Winslow of the Coast Guard</link></movie>
</it> • <it><movie wordnetid="106613686" confidence="0.9508927676800064">
<link xlink:type="simple" xlink:href="../619/10182619.xml">
Adventures of the Flying Cadets</link></movie>
</it> • <it><movie wordnetid="106613686" confidence="0.9508927676800064">
<link xlink:type="simple" xlink:href="../905/5926905.xml">
The Great Alaskan Mystery</link></movie>
</it> • <it><movie wordnetid="106613686" confidence="0.9508927676800064">
<link xlink:type="simple" xlink:href="../553/10198553.xml">
Raiders of Ghost City</link></movie>
</it> • <it><movie wordnetid="106613686" confidence="0.9508927676800064">
<link xlink:type="simple" xlink:href="../387/10202387.xml">
Mystery of the River Boat</link></movie>
</it> • <it><movie wordnetid="106613686" confidence="0.9508927676800064">
<link xlink:type="simple" xlink:href="../522/10202522.xml">
Jungle Queen</link></movie>
</it> • <it><movie wordnetid="106613686" confidence="0.9508927676800064">
<link xlink:type="simple" xlink:href="../660/10202660.xml">
The Master Key</link></movie>
</it> • <it><movie wordnetid="106613686" confidence="0.9508927676800064">
<link xlink:type="simple" xlink:href="../862/10202862.xml">
Secret Agent X-9</link></movie>
''</it></col>
</row>
<row style="height:2px">

</row>
<row>
<col style=";padding-left:0em;padding-right:0em;width:13em;;" class="navbox-group">
Post-war Serials(1945-1946)</col>
<col style="text-align:left;border-left:2px solid #fdfdfd;width:100%;padding:0px;width:auto;;;" class="navbox-list navbox-odd">
<it><movie wordnetid="106613686" confidence="0.9508927676800064">
<link xlink:type="simple" xlink:href="../962/10202962.xml">
The Royal Mounted Rides Again</link></movie>
</it> • <it><movie wordnetid="106613686" confidence="0.9508927676800064">
<link xlink:type="simple" xlink:href="../043/10203043.xml">
The Scarlet Horseman</link></movie>
</it> • <it><movie wordnetid="106613686" confidence="0.9508927676800064">
<link xlink:type="simple" xlink:href="../123/10203123.xml">
Lost City of the Jungle</link></movie>
</it> • <it><movie wordnetid="106613686" confidence="0.9508927676800064">
<link xlink:type="simple" xlink:href="../219/10203219.xml">
The Mysterious Mr. M</link></movie>
''</it></col>
</row>
</table>
</col>
</row>
</table>
</col>
</row>
<row style="height:2px">

</row>
<row>
<col colspan="2" style="width:100%;padding:0px;;;" class="navbox-list navbox-even">
<table style="width:100%;;;;" class="nowraplinks collapsible collapsed navbox-subgroup" cellspacing="0">
<row>
<header colspan="2" style=";;" class="navbox-title">
&nbsp;People</header>
</row>
<row style="height:2px;">

</row>
<row>
<col colspan="2" style="width:100%;padding:0px;;;" class="navbox-list navbox-odd">
<table style="width:100%;;;;" class="nowraplinks  navbox-subgroup" cellspacing="0">
<row>
<col style=";padding-left:0em;padding-right:0em;width:13em;;" class="navbox-group">
Actors and Actresses</col>
<col style="text-align:left;border-left:2px solid #fdfdfd;width:100%;padding:0px;width:auto;;;" class="navbox-list navbox-odd">
<physical_entity wordnetid="100001930" confidence="0.8">
<person wordnetid="100007846" confidence="0.8">
<contestant wordnetid="109613191" confidence="0.8">
<intellectual wordnetid="109621545" confidence="0.8">
<winner wordnetid="110782940" confidence="0.8">
<actor wordnetid="109765278" confidence="0.8">
<swimmer wordnetid="110683349" confidence="0.8">
<alumnus wordnetid="109786338" confidence="0.8">
<performer wordnetid="110415638" confidence="0.8">
<causal_agent wordnetid="100007347" confidence="0.8">
<athlete wordnetid="109820263" confidence="0.8">
<entertainer wordnetid="109616922" confidence="0.8">
<medalist wordnetid="110305062" confidence="0.8">
<scholar wordnetid="110557854" confidence="0.8">
<link xlink:type="simple" xlink:href="../021/177021.xml">
Buster Crabbe</link></scholar>
</medalist>
</entertainer>
</athlete>
</causal_agent>
</performer>
</alumnus>
</swimmer>
</actor>
</winner>
</intellectual>
</contestant>
</person>
</physical_entity>
 • <physical_entity wordnetid="100001930" confidence="0.8">
<person wordnetid="100007846" confidence="0.8">
<performer wordnetid="110415638" confidence="0.8">
<causal_agent wordnetid="100007347" confidence="0.8">
<actor wordnetid="109765278" confidence="0.8">
<entertainer wordnetid="109616922" confidence="0.8">
<link xlink:type="simple" xlink:href="../048/4459048.xml">
Priscilla Lawson</link></entertainer>
</actor>
</causal_agent>
</performer>
</person>
</physical_entity>
 • <link>
Béla Lugosi</link> • <physical_entity wordnetid="100001930" confidence="0.8">
<person wordnetid="100007846" confidence="0.8">
<performer wordnetid="110415638" confidence="0.8">
<causal_agent wordnetid="100007347" confidence="0.8">
<actor wordnetid="109765278" confidence="0.8">
<entertainer wordnetid="109616922" confidence="0.8">
<link xlink:type="simple" xlink:href="../141/7453141.xml">
Frank Merrill</link></entertainer>
</actor>
</causal_agent>
</performer>
</person>
</physical_entity>
 • <actor wordnetid="109765278" confidence="0.9508927676800064">
<link xlink:type="simple" xlink:href="../146/2634146.xml">
Charles B. Middleton</link></actor>
 • <person wordnetid="100007846" confidence="0.9508927676800064">
<actor wordnetid="109765278" confidence="0.9508927676800064">
<link xlink:type="simple" xlink:href="../244/2453244.xml">
Jean Rogers</link></actor>
</person>
 • <actor wordnetid="109765278" confidence="0.9173553029164789">
<link xlink:type="simple" xlink:href="../570/9089570.xml">
Frank Shannon</link></actor>
</col>
</row>
<row style="height:2px">

</row>
<row>
<col style=";padding-left:0em;padding-right:0em;width:13em;;" class="navbox-group">
Production crew</col>
<col style="text-align:left;border-left:2px solid #fdfdfd;width:100%;padding:0px;width:auto;;;" class="navbox-list navbox-even">
<film_director wordnetid="110088200" confidence="0.9173553029164789">
<person wordnetid="100007846" confidence="0.9508927676800064">
<actor wordnetid="109765278" confidence="0.9508927676800064">
<link xlink:type="simple" xlink:href="../735/4327735.xml">
Ford Beebe</link></actor>
</person>
</film_director>
 • <physical_entity wordnetid="100001930" confidence="0.8">
<person wordnetid="100007846" confidence="0.8">
<leader wordnetid="109623038" confidence="0.8">
<administrator wordnetid="109770949" confidence="0.8">
<causal_agent wordnetid="100007347" confidence="0.8">
<head wordnetid="110162991" confidence="0.8">
<director wordnetid="110014939" confidence="0.8">
<link xlink:type="simple" xlink:href="../132/8692132.xml">
Lewis D. Collins</link></director>
</head>
</causal_agent>
</administrator>
</leader>
</person>
</physical_entity>
 • <person wordnetid="100007846" confidence="0.9508927676800064">
<screenwriter wordnetid="110564400" confidence="0.9173553029164789">
<actor wordnetid="109765278" confidence="0.9508927676800064">
<link xlink:type="simple" xlink:href="../326/8775326.xml">
Robert F. Hill</link></actor>
</screenwriter>
</person>
 • <physical_entity wordnetid="100001930" confidence="0.8">
<person wordnetid="100007846" confidence="0.8">
<leader wordnetid="109623038" confidence="0.8">
<administrator wordnetid="109770949" confidence="0.8">
<causal_agent wordnetid="100007347" confidence="0.8">
<head wordnetid="110162991" confidence="0.8">
<director wordnetid="110014939" confidence="0.8">
<link xlink:type="simple" xlink:href="../046/3173046.xml">
Lew Landers</link></director>
</head>
</causal_agent>
</administrator>
</leader>
</person>
</physical_entity>
 • <physical_entity wordnetid="100001930" confidence="0.8">
<person wordnetid="100007846" confidence="0.8">
<pioneer wordnetid="110434725" confidence="0.8">
<leader wordnetid="109623038" confidence="0.8">
<administrator wordnetid="109770949" confidence="0.8">
<causal_agent wordnetid="100007347" confidence="0.8">
<head wordnetid="110162991" confidence="0.8">
<director wordnetid="110014939" confidence="0.8">
<originator wordnetid="110383816" confidence="0.8">
<creator wordnetid="109614315" confidence="0.8">
<link xlink:type="simple" xlink:href="../721/4499721.xml">
Henry MacRae</link></creator>
</originator>
</director>
</head>
</causal_agent>
</administrator>
</leader>
</pioneer>
</person>
</physical_entity>
 • <physical_entity wordnetid="100001930" confidence="0.8">
<person wordnetid="100007846" confidence="0.8">
<actor wordnetid="109765278" confidence="0.8">
<scriptwriter wordnetid="110564905" confidence="0.8">
<director wordnetid="110014939" confidence="0.8">
<communicator wordnetid="109610660" confidence="0.8">
<administrator wordnetid="109770949" confidence="0.8">
<leader wordnetid="109623038" confidence="0.8">
<performer wordnetid="110415638" confidence="0.8">
<causal_agent wordnetid="100007347" confidence="0.8">
<screenwriter wordnetid="110564400" confidence="0.8">
<writer wordnetid="110794014" confidence="0.8">
<head wordnetid="110162991" confidence="0.8">
<entertainer wordnetid="109616922" confidence="0.8">
<link xlink:type="simple" xlink:href="../353/2649353.xml">
J. P. McGowan</link></entertainer>
</head>
</writer>
</screenwriter>
</causal_agent>
</performer>
</leader>
</administrator>
</communicator>
</director>
</scriptwriter>
</actor>
</person>
</physical_entity>
 • <person wordnetid="100007846" confidence="0.9508927676800064">
<screenwriter wordnetid="110564400" confidence="0.9173553029164789">
<actor wordnetid="109765278" confidence="0.9508927676800064">
<link xlink:type="simple" xlink:href="../160/9092160.xml">
George H. Plympton</link></actor>
</screenwriter>
</person>
 • <link>
Clifford Smith</link> • <film_director wordnetid="110088200" confidence="0.9173553029164789">
<actor wordnetid="109765278" confidence="0.9508927676800064">
<link xlink:type="simple" xlink:href="../471/14246471.xml">
Ray Taylor</link></actor>
</film_director>
</col>
</row>
</table>
</col>
</row>
</table>
</col>
</row>
<row style="height:2px">

</row>
<row>
<col colspan="2" style="width:100%;padding:0px;;;" class="navbox-list navbox-odd">
<table style="width:100%;;;;" class="nowraplinks collapsible collapsed navbox-subgroup" cellspacing="0">
<row>
<header colspan="2" style=";;" class="navbox-title">
&nbsp;See also</header>
</row>
<row style="height:2px;">

</row>
<row>
<col colspan="2" style="width:100%;padding:0px;;;" class="navbox-list navbox-odd">
<event wordnetid="100029378" confidence="0.8">
<broadcast wordnetid="106619428" confidence="0.8">
<social_event wordnetid="107288639" confidence="0.8">
<show wordnetid="106619065" confidence="0.8">
<serial wordnetid="106621447" confidence="0.8">
<psychological_feature wordnetid="100023100" confidence="0.8">
<link xlink:type="simple" xlink:href="../445/9647445.xml">
Film serials</link></psychological_feature>
</serial>
</show>
</social_event>
</broadcast>
</event>
<link xlink:type="simple" xlink:href="../248/5848248.xml">
List of film serials</link> • <link xlink:type="simple" xlink:href="../920/10966920.xml">
List of film serials by studio</link></col>
</row>
</table>
</col>
</row>
</table>
</col>
</row>
</table>
</p>

<p>

<table style=";" class="navbox" cellspacing="0">
<row>
<col style="padding:2px;">
<table style="width:100%;background:transparent;color:inherit;;" class="nowraplinks collapsible collapsed " cellspacing="0">
<row>
<header colspan="2" style=";" class="navbox-title">
<image width="16px" src="United_States_film.png">
</image>
 <link xlink:type="simple" xlink:href="../199/8312199.xml">
American films by year</link></header>
</row>
<row style="height:2px;">

</row>
<row>
<col colspan="2" style=";" class="navbox-abovebelow">

American actors|Actors
&nbsp;·  
American film directors|Directors&nbsp;·  
American animation|Animation&nbsp;·  
American cinematographers|Cinematographers&nbsp;·  
American film score composers|Composers &nbsp;· 
American film editors|Editors&nbsp;·  
American films|Films A–Z&nbsp;·  
American film producers|Producers&nbsp;·   
American screenwriters|Screenwriters</col>
</row>
<row style="height:2px;">

</row>
<row>
<col colspan="2" style="width:100%;padding:0px;;;" class="navbox-list navbox-odd">
<link xlink:type="simple" xlink:href="../140/11720140.xml">
1890s</link>&nbsp;·  <link xlink:type="simple" xlink:href="../114/11858114.xml">
1900</link>&nbsp;·  <link xlink:type="simple" xlink:href="../126/11858126.xml">
1901</link>&nbsp;·  <link xlink:type="simple" xlink:href="../129/11858129.xml">
1902</link>&nbsp;·  <link xlink:type="simple" xlink:href="../319/14527319.xml">
1903</link>&nbsp;·  <link xlink:type="simple" xlink:href="../338/14527338.xml">
1904</link>&nbsp;·  <link xlink:type="simple" xlink:href="../139/11858139.xml">
1905</link>&nbsp;·  <link xlink:type="simple" xlink:href="../143/11858143.xml">
1906</link>&nbsp;·  <link xlink:type="simple" xlink:href="../146/11858146.xml">
1907</link>&nbsp;·  <link xlink:type="simple" xlink:href="../150/11858150.xml">
1908</link>&nbsp;·  <link xlink:type="simple" xlink:href="../153/11858153.xml">
1909</link>&nbsp;·  <link xlink:type="simple" xlink:href="../157/11858157.xml">
1910</link>&nbsp;·  <link xlink:type="simple" xlink:href="../158/11858158.xml">
1911</link>&nbsp;·  <link xlink:type="simple" xlink:href="../160/11858160.xml">
1912</link>&nbsp;·  <link xlink:type="simple" xlink:href="../163/11858163.xml">
1913</link>&nbsp;·  <link xlink:type="simple" xlink:href="../165/11858165.xml">
1914</link>&nbsp;·  <link xlink:type="simple" xlink:href="../171/11858171.xml">
1915</link>&nbsp;·  <link xlink:type="simple" xlink:href="../173/11858173.xml">
1916</link>&nbsp;·  <link xlink:type="simple" xlink:href="../706/11393706.xml">
1917</link>&nbsp;·  <link xlink:type="simple" xlink:href="../674/11393674.xml">
1918</link>&nbsp;·  <link xlink:type="simple" xlink:href="../619/11393619.xml">
1919</link>&nbsp;·  <link xlink:type="simple" xlink:href="../135/11393135.xml">
1920</link>&nbsp;·  <link xlink:type="simple" xlink:href="../160/11393160.xml">
1921</link>&nbsp;·  <link xlink:type="simple" xlink:href="../197/11393197.xml">
1922</link>&nbsp;·  <link xlink:type="simple" xlink:href="../245/11393245.xml">
1923</link>&nbsp;·  <link xlink:type="simple" xlink:href="../279/11393279.xml">
1924</link>&nbsp;·  <link xlink:type="simple" xlink:href="../316/11393316.xml">
1925</link>&nbsp;·  <link xlink:type="simple" xlink:href="../384/11393384.xml">
1926</link>&nbsp;·  <link xlink:type="simple" xlink:href="../422/11393422.xml">
1927</link>&nbsp;·  <link xlink:type="simple" xlink:href="../460/11393460.xml">
1928</link>&nbsp;·  <link xlink:type="simple" xlink:href="../501/11393501.xml">
1929</link>&nbsp;·  <link xlink:type="simple" xlink:href="../323/11359323.xml">
1930</link>&nbsp;·  <link xlink:type="simple" xlink:href="../240/11360240.xml">
1931</link>&nbsp;·  <link xlink:type="simple" xlink:href="../560/11360560.xml">
1932</link>&nbsp;·  <link xlink:type="simple" xlink:href="../651/11360651.xml">
1933</link>&nbsp;·  <link xlink:type="simple" xlink:href="../772/11360772.xml">
1934</link>&nbsp;·  <link xlink:type="simple" xlink:href="../834/11360834.xml">
1935</link>&nbsp;·  <link xlink:type="simple" xlink:href="../277/11363277.xml">
1936</link>&nbsp;·  <link xlink:type="simple" xlink:href="../353/11363353.xml">
1937</link>&nbsp;·  <link xlink:type="simple" xlink:href="../383/11363383.xml">
1938</link>&nbsp;·  <link xlink:type="simple" xlink:href="../439/11363439.xml">
1939</link>&nbsp;·  <link xlink:type="simple" xlink:href="../420/11394420.xml">
1940</link>&nbsp;·  <link xlink:type="simple" xlink:href="../265/11572265.xml">
1941</link>&nbsp;·  <link xlink:type="simple" xlink:href="../739/11572739.xml">
1942</link>&nbsp;·  <link xlink:type="simple" xlink:href="../281/11573281.xml">
1943</link>&nbsp;·  <link xlink:type="simple" xlink:href="../404/11715404.xml">
1944</link>&nbsp;·  <link xlink:type="simple" xlink:href="../056/11716056.xml">
1945</link>&nbsp;·  <link xlink:type="simple" xlink:href="../610/11716610.xml">
1946</link>&nbsp;·  <link xlink:type="simple" xlink:href="../174/11717174.xml">
1947</link>&nbsp;·  <link xlink:type="simple" xlink:href="../433/11717433.xml">
1948</link>&nbsp;·  <link xlink:type="simple" xlink:href="../666/11717666.xml">
1949</link>&nbsp;·  <link xlink:type="simple" xlink:href="../184/11718184.xml">
1950</link>&nbsp;·  <link xlink:type="simple" xlink:href="../471/11718471.xml">
1951</link>&nbsp;·  <link xlink:type="simple" xlink:href="../628/11718628.xml">
1952</link>&nbsp;·  <link xlink:type="simple" xlink:href="../147/11719147.xml">
1953</link>&nbsp;·  <link xlink:type="simple" xlink:href="../423/11719423.xml">
1954</link>&nbsp;·  <link xlink:type="simple" xlink:href="../528/11858528.xml">
1955</link>&nbsp;·  <link xlink:type="simple" xlink:href="../311/11729311.xml">
1956</link>&nbsp;·  <link xlink:type="simple" xlink:href="../985/11727985.xml">
1957</link>&nbsp;·  <link xlink:type="simple" xlink:href="../979/11729979.xml">
1958</link>&nbsp;·  <link xlink:type="simple" xlink:href="../751/11719751.xml">
1959</link>&nbsp;·  <link xlink:type="simple" xlink:href="../177/11728177.xml">
1960</link>&nbsp;·  <link xlink:type="simple" xlink:href="../519/11858519.xml">
1961</link>&nbsp;·  <link xlink:type="simple" xlink:href="../701/11727701.xml">
1962</link>&nbsp;·  <link xlink:type="simple" xlink:href="../520/11858520.xml">
1963</link>&nbsp;·  <link xlink:type="simple" xlink:href="../730/11729730.xml">
1964</link>&nbsp;·  <link xlink:type="simple" xlink:href="../957/11721957.xml">
1965</link>&nbsp;·  <link xlink:type="simple" xlink:href="../380/11728380.xml">
1966</link>&nbsp;·  <link xlink:type="simple" xlink:href="../811/11727811.xml">
1967</link>&nbsp;·  <link xlink:type="simple" xlink:href="../630/11728630.xml">
1968</link>&nbsp;·  <link xlink:type="simple" xlink:href="../316/11721316.xml">
1969</link>&nbsp;·  <link xlink:type="simple" xlink:href="../496/11858496.xml">
1970</link>&nbsp;·  <link xlink:type="simple" xlink:href="../606/11729606.xml">
1971</link>&nbsp;·  <link xlink:type="simple" xlink:href="../333/11727333.xml">
1972</link>&nbsp;·  <link xlink:type="simple" xlink:href="../665/11730665.xml">
1973</link>&nbsp;·  <link xlink:type="simple" xlink:href="../212/11729212.xml">
1974</link>&nbsp;·  <link xlink:type="simple" xlink:href="../101/11728101.xml">
1975</link>&nbsp;·  <link xlink:type="simple" xlink:href="../524/11858524.xml">
1976</link>&nbsp;·  <link xlink:type="simple" xlink:href="../923/11729923.xml">
1977</link>&nbsp;·  <link xlink:type="simple" xlink:href="../527/11858527.xml">
1978</link>&nbsp;·  <link xlink:type="simple" xlink:href="../262/11728262.xml">
1979</link>&nbsp;·  <link xlink:type="simple" xlink:href="../517/11858517.xml">
1980</link>&nbsp;·  <link xlink:type="simple" xlink:href="../513/11858513.xml">
1981</link>&nbsp;·  <link xlink:type="simple" xlink:href="../476/11729476.xml">
1982</link>&nbsp;·  <link xlink:type="simple" xlink:href="../511/11858511.xml">
1983</link>&nbsp;·  <link xlink:type="simple" xlink:href="../508/11858508.xml">
1984</link>&nbsp;·  <link xlink:type="simple" xlink:href="../920/11726920.xml">
1985</link>&nbsp;·  <link xlink:type="simple" xlink:href="../578/11730578.xml">
1986</link>&nbsp;·  <link xlink:type="simple" xlink:href="../858/11727858.xml">
1987</link>&nbsp;·  <link xlink:type="simple" xlink:href="../537/11728537.xml">
1988</link>&nbsp;·  <link xlink:type="simple" xlink:href="../563/11727563.xml">
1989</link>&nbsp;·  <link xlink:type="simple" xlink:href="../182/11858182.xml">
1990</link>&nbsp;·  <link xlink:type="simple" xlink:href="../184/11858184.xml">
1991</link>&nbsp;·  <link xlink:type="simple" xlink:href="../188/11858188.xml">
1992</link>&nbsp;·  <link xlink:type="simple" xlink:href="../194/11858194.xml">
1993</link>&nbsp;·  <link xlink:type="simple" xlink:href="../196/11858196.xml">
1994</link>&nbsp;·  <link xlink:type="simple" xlink:href="../805/11730805.xml">
1995</link>&nbsp;·  <link xlink:type="simple" xlink:href="../505/11858505.xml">
1996</link>&nbsp;·  <link xlink:type="simple" xlink:href="../078/11729078.xml">
1997</link>&nbsp;·  <link xlink:type="simple" xlink:href="../504/11858504.xml">
1998</link>&nbsp;·  <link xlink:type="simple" xlink:href="../501/11858501.xml">
1999</link>&nbsp;·  <link xlink:type="simple" xlink:href="../198/11858198.xml">
2000</link>&nbsp;·  <link xlink:type="simple" xlink:href="../201/11858201.xml">
2001</link>&nbsp;·  <link xlink:type="simple" xlink:href="../204/11858204.xml">
2002</link>&nbsp;·  <link xlink:type="simple" xlink:href="../206/11858206.xml">
2003</link>&nbsp;·  <link xlink:type="simple" xlink:href="../210/11858210.xml">
2004</link>&nbsp;·  <link xlink:type="simple" xlink:href="../212/11858212.xml">
2005</link>&nbsp;·  <link xlink:type="simple" xlink:href="../215/11858215.xml">
2006</link>&nbsp;·  <link xlink:type="simple" xlink:href="../219/11858219.xml">
2007</link>&nbsp;·  <link xlink:type="simple" xlink:href="../230/11858230.xml">
2008</link></col>
</row>
</table>
</col>
</row>
</table>
</p>



</sec>
</bdy>
</serial>
</movie>
</article>
