<?xml version="1.0" encoding="UTF-8"?>
<!-- generated by CLiX/Wiki2XML [MPI-Inf, MMCI@UdS] $LastChangedRevision: 92 $ on 17.04.2009 00:16:38[mciao0827] -->
<!DOCTYPE article SYSTEM "../article.dtd">
<article xmlns:xlink="http://www.w3.org/1999/xlink">
<partisan  confidence="0.9511911446218017" wordnetid="110402086">
<header>
<title>Soviet partisan brigade 1941–1944</title>
<id>10226135</id>
<revision>
<id>236749939</id>
<timestamp>2008-09-06T23:29:51Z</timestamp>
<contributor>
<username>Koavf</username>
<id>205121</id>
</contributor>
</revision>
<categories>
<category>Soviet partisans</category>
</categories>
</header>
<bdy>

<b>Soviet partisan brigade</b> (1941—1944) (<language wordnetid="106282651" confidence="0.8">
<link xlink:type="simple" xlink:href="../213/45213.xml">
Belarusian</link></language>
: партызанская брыгада), was the organisational form of the <link xlink:type="simple" xlink:href="../430/1994430.xml">
Soviet partisan</link> units, the principal organisational form of the units operating on the territory of <link xlink:type="simple" xlink:href="../937/194937.xml">
BSSR</link><ref xlink:type="simple" xlink:href="#xpointer(//reflist/entry[@id=%221%22])">1</ref>.<p>

On the BSSR territory, the first brigade-like unit («Pavlovskiy harrison») was created in January 1942 (Aktsyabrski dist. of Palesye province).</p>
<p>

The brigade comprised from several hundred to several thousand fighting persons in 3—7 <physical_entity wordnetid="100001930" confidence="0.8">
<person wordnetid="100007846" confidence="0.8">
<partisan wordnetid="110402086" confidence="0.8">
<causal_agent wordnetid="100007347" confidence="0.8">
<advocate wordnetid="109774783" confidence="0.8">
<link xlink:type="simple" xlink:href="../253/10226253.xml">
detachments</link></advocate>
</causal_agent>
</partisan>
</person>
</physical_entity>
 (rarely called battalions). </p>
<p>

The emphasis on the brigades was put in order to enhance the offensive capabilituies of the partisan units, to facilitate their cooperation, mutual coordination of activities, more effective radio communications and logistical support.</p>
<p>

----
<reflist>
<entry id="1">
As in the 1941 borders.</entry>
</reflist>

</p>
<sec>
<st>
Sources</st>
<p>

<list>
<entry level="1" type="bullet">

А.Л. Манаенкаў. Партызанская брыгада ў Вялікую Айчынную вайну // Беларуская энцыклапедыя: У 18 т. Т. 12. — Мінск: БелЭн, 2001. — 560 с. p. 114. ISBN 985-11-0198-2 (т.12). The source references: Беларусь у Вялікай Айчыннай вайне 1941—1945: Энцыкл. Мн., 1990. С. 398—452.</entry>
</list>
</p>


</sec>
</bdy>
</partisan>
</article>
