<?xml version="1.0" encoding="UTF-8"?>
<!-- generated by CLiX/Wiki2XML [MPI-Inf, MMCI@UdS] $LastChangedRevision: 92 $ on 17.04.2009 00:12:04[mciao0825] -->
<!DOCTYPE article SYSTEM "../article.dtd">
<article xmlns:xlink="http://www.w3.org/1999/xlink">
<header>
<title>London water supply infrastructure</title>
<id>10233495</id>
<revision>
<id>243274617</id>
<timestamp>2008-10-05T21:44:57Z</timestamp>
<contributor>
<username>Motmit</username>
<id>3567866</id>
</contributor>
</revision>
<categories>
<category>London water infrastructure</category>
<category>Drinking water</category>
</categories>
</header>
<bdy>

<b>London's Water Supply Infrastructure</b> has developed over the centuries in line with the expansion of <village wordnetid="108672738" confidence="0.9508927676800064">
<link xlink:type="simple" xlink:href="../867/17867.xml">
London</link></village>
 and now represents a sizeable infrastructure investment. For much of London's history, private companies supplied fresh water to various parts of London from the <stream wordnetid="109448361" confidence="0.8">
<body_of_water wordnetid="109225146" confidence="0.8">
<river wordnetid="109411430" confidence="0.8">
<link xlink:type="simple" xlink:href="../031/49031.xml">
River Thames</link></river>
</body_of_water>
</stream>
 and the <link xlink:type="simple" xlink:href="../258/361258.xml">
River Lea</link>. A crisis point was reached in the mid 19th century with outbreaks of cholera and general problems arising from extraction of water from the polluted <link xlink:type="simple" xlink:href="../504/3944504.xml">
Tideway</link>, and major new facilities were built up river at Hampton and Molesey.  After merger and nationalization into the <control wordnetid="105196375" confidence="0.8">
<body wordnetid="107965085" confidence="0.8">
<authority wordnetid="105196582" confidence="0.8">
<social_group wordnetid="107950920" confidence="0.8">
<commercial_enterprise wordnetid="108065093" confidence="0.8">
<power wordnetid="105190804" confidence="0.8">
<enterprise wordnetid="108056231" confidence="0.8">
<industry wordnetid="108065234" confidence="0.8">
<group wordnetid="100031264" confidence="0.8">
<administration wordnetid="108164585" confidence="0.8">
<link xlink:type="simple" xlink:href="../241/3010241.xml">
Metropolitan Water Board</link></administration>
</group>
</industry>
</enterprise>
</power>
</commercial_enterprise>
</social_group>
</authority>
</body>
</control>
, and later reprivatization, their modern descendent <company wordnetid="108058098" confidence="0.9508927676800064">
<link xlink:type="simple" xlink:href="../273/3010273.xml">
Thames Water</link></company>
 still runs London's water supply infrastructure.
<sec>
<st>
Early London water supply</st>
<p>

Until the late 16th century, London citizens were reliant for their water supplies on water from either the River Thames, its tributaries, or one of around a dozen natural springs, including the spring at <link xlink:type="simple" xlink:href="../624/2166624.xml">
Tyburn</link> which was connected by <link xlink:type="simple" xlink:href="../747/17747.xml">
lead</link> pipe to a large cistern or tank (then known as a Conduit): the <link xlink:type="simple" xlink:href="../260/7874260.xml">
Great Conduit</link> in <artifact wordnetid="100021939" confidence="0.8">
<street wordnetid="104334599" confidence="0.8">
<way wordnetid="104564698" confidence="0.8">
<thoroughfare wordnetid="104426618" confidence="0.8">
<road wordnetid="104096066" confidence="0.8">
<link xlink:type="simple" xlink:href="../722/383722.xml">
Cheapside</link></road>
</thoroughfare>
</way>
</street>
</artifact>
.<ref xlink:type="simple" xlink:href="#xpointer(//reflist/entry[@id=%221%22])">1</ref>
<ref xlink:type="simple" xlink:href="#xpointer(//reflist/entry[@id=%222%22])">2</ref> So that water was not abstracted for unauthorised commercial or industrial purposes, the city authorities appointed keepers of the conduits who would ensure that users such as <link xlink:type="simple" xlink:href="../410/4410.xml">
brewers</link>, cooks and <link xlink:type="simple" xlink:href="../043/2543043.xml">
fishmonger</link>s would pay for the water they used. Wealthy Londoners living near the a conduit pipe could obtain permission for a connection to their homes, but this did not prevent unauthorised tapping of conduits. Otherwise - particularly for households which could not take a gravity-feed - water from the conduits was provided to individual households by water carriers, or "cobs",<ref xlink:type="simple" xlink:href="#xpointer(//reflist/entry[@id=%222%22])">2</ref> or was abstracted from the Thames or nearby streams running into the Thames.</p>

</sec>
<sec>
<st>
Sixteenth century</st>
<p>

In 1582, Dutchman <link xlink:type="simple" xlink:href="../699/14994699.xml">
Peter Morice</link> (died 1588) developed one of the first pumped water supply systems for the <village wordnetid="108672738" confidence="0.9508927676800064">
<link xlink:type="simple" xlink:href="../883/6883.xml">
City of London</link></village>
, powered by undershot <link xlink:type="simple" xlink:href="../248/150248.xml">
waterwheel</link>s housed in the northernmost arches of <bridge wordnetid="102898711" confidence="0.9508927676800064">
<link xlink:type="simple" xlink:href="../370/98370.xml">
London Bridge</link></bridge>
 spanning the <stream wordnetid="109448361" confidence="0.8">
<body_of_water wordnetid="109225146" confidence="0.8">
<river wordnetid="109411430" confidence="0.8">
<link xlink:type="simple" xlink:href="../031/49031.xml">
River Thames</link></river>
</body_of_water>
</stream>
. The machinery was largely destroyed in the <misfortune wordnetid="114475405" confidence="0.8">
<condition wordnetid="113920429" confidence="0.8">
<happening wordnetid="107283608" confidence="0.8">
<event wordnetid="100029378" confidence="0.8">
<state wordnetid="100024720" confidence="0.8">
<catastrophe wordnetid="114476290" confidence="0.8">
<adversity wordnetid="114475661" confidence="0.8">
<fortune wordnetid="114473222" confidence="0.8">
<psychological_feature wordnetid="100023100" confidence="0.8">
<fire wordnetid="107302836" confidence="0.8">
<link xlink:type="simple" xlink:href="../549/7669549.xml">
Great Fire of London</link></fire>
</psychological_feature>
</fortune>
</adversity>
</catastrophe>
</state>
</event>
</happening>
</condition>
</misfortune>
 in 1666 but replacements engineered by his grandson remained under the bridge until the early 19th century.</p>

</sec>
<sec>
<st>
 Seventeenth century </st>
<p>

<image width="150px" src="London_-_Richard_Blome's_map_of_1673.JPG" type="thumb">
<caption>

Richard Blome's map of London (1673). The development of the West End had recently begun to accelerate.
</caption>
</image>

<link xlink:type="simple" xlink:href="../136/3354136.xml">
Hugh Myddleton</link> was the driving force behind the construction of the <region wordnetid="108630985" confidence="0.8">
<park wordnetid="108615149" confidence="0.8">
<location wordnetid="100027167" confidence="0.8">
<tract wordnetid="108673395" confidence="0.8">
<geographical_area wordnetid="108574314" confidence="0.8">
<link xlink:type="simple" xlink:href="../471/372471.xml">
New River</link></geographical_area>
</tract>
</location>
</park>
</region>
, an ambitious engineering project to being fresh water from <county wordnetid="108546183" confidence="0.9508927676800064">
<link xlink:type="simple" xlink:href="../986/13986.xml">
Hertfordshire</link></county>
 to 17th century <village wordnetid="108672738" confidence="0.9508927676800064">
<link xlink:type="simple" xlink:href="../867/17867.xml">
London</link></village>
. After the initial project encountered financial difficulties, Myddleton helped fund the project through to completion. The New River was constructed between 1609 and 1613 (being officially opened on <link xlink:type="simple" xlink:href="../204/28204.xml">
29 September</link> that year), and was originally some 38 miles (60km) long. It was not initially a financial success, and cost Myddleton substantial sums, although in 1612 he was successful in securing monetary assistance from <sovereign wordnetid="110628644" confidence="0.9508927676800064">
<person wordnetid="100007846" confidence="0.9508927676800064">
<link xlink:type="simple" xlink:href="../055/269055.xml">
King James I</link></person>
</sovereign>
.  The <link xlink:type="simple" xlink:href="../471/372471.xml">
New River Company</link> became one of the largest private water companies, supplying the <village wordnetid="108672738" confidence="0.9508927676800064">
<link xlink:type="simple" xlink:href="../883/6883.xml">
City of London</link></village>
 and other central areas.<ref xlink:type="simple" xlink:href="#xpointer(//reflist/entry[@id=%222%22])">2</ref></p>
<p>

The construction of London's current water distribution infrastructure dates back to the <misfortune wordnetid="114475405" confidence="0.8">
<condition wordnetid="113920429" confidence="0.8">
<happening wordnetid="107283608" confidence="0.8">
<event wordnetid="100029378" confidence="0.8">
<state wordnetid="100024720" confidence="0.8">
<catastrophe wordnetid="114476290" confidence="0.8">
<adversity wordnetid="114475661" confidence="0.8">
<fortune wordnetid="114473222" confidence="0.8">
<psychological_feature wordnetid="100023100" confidence="0.8">
<fire wordnetid="107302836" confidence="0.8">
<link xlink:type="simple" xlink:href="../549/7669549.xml">
Great Fire of London</link></fire>
</psychological_feature>
</fortune>
</adversity>
</catastrophe>
</state>
</event>
</happening>
</condition>
</misfortune>
 in 1666, which destroyed most of the city's previous water infrastructure, most of which was made of wood and lead. <ref xlink:type="simple" xlink:href="#xpointer(//reflist/entry[@id=%222%22])">2</ref> One waterworks not affected by the fire was at <site wordnetid="108651247" confidence="0.9508927676800064">
<link xlink:type="simple" xlink:href="../694/390694.xml">
Shadwell</link></site>
 which dated from 1660. 
The city's water supply and distribution infrastructure has been continuously updated and upgraded since then.</p>

</sec>
<sec>
<st>
 Eighteenth century </st>

<p>

The <company wordnetid="108058098" confidence="0.8">
<institution wordnetid="108053576" confidence="0.8">
<link xlink:type="simple" xlink:href="../102/11693102.xml">
Chelsea Waterworks Company</link></institution>
</company>
 was established in 1723 "for the better supplying the <region wordnetid="108630985" confidence="0.8">
<administrative_district wordnetid="108491826" confidence="0.8">
<location wordnetid="100027167" confidence="0.8">
<municipality wordnetid="108626283" confidence="0.8">
<geographical_area wordnetid="108574314" confidence="0.8">
<district wordnetid="108552138" confidence="0.8">
<urban_area wordnetid="108675967" confidence="0.8">
<city wordnetid="108524735" confidence="0.8">
<link xlink:type="simple" xlink:href="../060/54060.xml">
City</link></city>
</urban_area>
</district>
</geographical_area>
</municipality>
</location>
</administrative_district>
</region>
 and <subdivision wordnetid="108674251" confidence="0.9508927676800064">
<link xlink:type="simple" xlink:href="../279/4165279.xml">
Liberties</link></subdivision>
 of <site wordnetid="108651247" confidence="0.9508927676800064">
<link xlink:type="simple" xlink:href="../432/37432.xml">
Westminster</link></site>
 and parts adjacent with water".<ref xlink:type="simple" xlink:href="#xpointer(//reflist/entry[@id=%223%22])">3</ref> The company received a <link xlink:type="simple" xlink:href="../943/100943.xml">
Royal Charter</link> on <link xlink:type="simple" xlink:href="../053/20053.xml">
8 March</link> <link xlink:type="simple" xlink:href="../808/35808.xml">
1723</link>.<ref xlink:type="simple" xlink:href="#xpointer(//reflist/entry[@id=%224%22])">4</ref> </p>
<p>

Waterworks were established in East London, at <site wordnetid="108651247" confidence="0.9508927676800064">
<link xlink:type="simple" xlink:href="../380/94380.xml">
West Ham</link></site>
 in 1743 and at <site wordnetid="108651247" confidence="0.9508927676800064">
<link xlink:type="simple" xlink:href="../793/558793.xml">
Lea Bridge</link></site>
 before 1767.</p>
<p>

The Borough Waterworks Company was formed in 1770, originally supplying water to a brewery and the surrounding area, which spanned the distance between <bridge wordnetid="102898711" confidence="0.9508927676800064">
<link xlink:type="simple" xlink:href="../370/98370.xml">
London</link></bridge>
 and <bridge wordnetid="102898711" confidence="0.9508927676800064">
<link xlink:type="simple" xlink:href="../325/360325.xml">
Southwark Bridge</link></bridge>
s. The adjacent area was supplied by the London Bridge Waterworks Company. </p>
<p>

The <link xlink:type="simple" xlink:href="../859/19426859.xml">
Lambeth Waterworks Company</link> was founded in 1785 to supply water to south and west London. It was established on the south bank of the <stream wordnetid="109448361" confidence="0.8">
<body_of_water wordnetid="109225146" confidence="0.8">
<river wordnetid="109411430" confidence="0.8">
<link xlink:type="simple" xlink:href="../031/49031.xml">
River Thames</link></river>
</body_of_water>
</stream>
 close to the present site of <bridge wordnetid="102898711" confidence="0.9508927676800064">
<link xlink:type="simple" xlink:href="../889/380889.xml">
Hungerford Bridge</link></bridge>
 where the <passageway wordnetid="103895585" confidence="0.8">
<structure wordnetid="104341686" confidence="0.8">
<building wordnetid="102913152" confidence="0.8">
<artifact wordnetid="100021939" confidence="0.8">
<hall wordnetid="103478907" confidence="0.8">
<area wordnetid="102735688" confidence="0.8">
<passage wordnetid="103895293" confidence="0.8">
<corridor wordnetid="103112099" confidence="0.8">
<way wordnetid="104564698" confidence="0.8">
<concert_hall wordnetid="103086580" confidence="0.8">
<hallway wordnetid="103479952" confidence="0.8">
<room wordnetid="104105893" confidence="0.8">
<link xlink:type="simple" xlink:href="../195/392195.xml">
Royal Festival Hall</link></room>
</hallway>
</concert_hall>
</way>
</corridor>
</passage>
</area>
</hall>
</artifact>
</building>
</structure>
</passageway>
 now stands.  The first water intake of the company was on the south side of the river and supplied directly from the river. After complaints that the water was foul, the intake was moved to the middle of the river.<ref xlink:type="simple" xlink:href="#xpointer(//reflist/entry[@id=%225%22])">5</ref> </p>

</sec>
<sec>
<st>
 Nineteenth century </st>


<ss1>
<st>
New companies</st>
<p>

<image width="150px" src="London_engraved_by_J._&amp;_C._Walker_in_1845_from_a_map_by_R_Creighton.JPG" type="thumb">
<caption>

London as engraved by J. &amp; C. Walker in 1845 from a map by R Creighton
</caption>
</image>

As London spread in the 19th century, new facilities were needed to service the increasing population in newly developed areas. Several new water supply companies were established leading to an arrangement of up to nine private water companies each with a geographic <link xlink:type="simple" xlink:href="../878/18878.xml">
monopoly</link>. </p>
<p>

The Lambeth Waterworks company expanded in 1802 to supply <site wordnetid="108651247" confidence="0.9508927676800064">
<link xlink:type="simple" xlink:href="../128/94128.xml">
Kennington</link></site>
 and about this time replaced its wooden pipes with iron ones.<ref xlink:type="simple" xlink:href="#xpointer(//reflist/entry[@id=%226%22])">6</ref></p>
<p>

The South London Waterworks Company was established by private <link xlink:type="simple" xlink:href="../166/145166.xml">
act of parliament</link> in 1805. The company extracted water from the Thames beside <bridge wordnetid="102898711" confidence="0.9508927676800064">
<link xlink:type="simple" xlink:href="../496/341496.xml">
Vauxhall Bridge</link></bridge>
. </p>
<p>

The <link xlink:type="simple" xlink:href="../360/19427360.xml">
West Middlesex Waterworks Company</link> was founded in 1806 to supply water to the <site wordnetid="108651247" confidence="0.9508927676800064">
<link xlink:type="simple" xlink:href="../165/94165.xml">
Marylebone</link></site>
 and <site wordnetid="108651247" confidence="0.9508927676800064">
<link xlink:type="simple" xlink:href="../211/94211.xml">
Paddington</link></site>
 areas of London. In 1808 the company installed cast iron pipes to supply water from its intakes at Hammersmith.<ref xlink:type="simple" xlink:href="#xpointer(//reflist/entry[@id=%227%22])">7</ref></p>
<p>

The <structure wordnetid="104341686" confidence="0.8">
<building wordnetid="102913152" confidence="0.8">
<artifact wordnetid="100021939" confidence="0.8">
<link xlink:type="simple" xlink:href="../540/13525540.xml">
East London Waterworks Company</link></artifact>
</building>
</structure>
 was founded by <link xlink:type="simple" xlink:href="../166/145166.xml">
Act of Parliament</link> in 1806, and also acquired existing waterworks at Shadwell, Lea Bridge and West Ham. </p>
<p>

The <link xlink:type="simple" xlink:href="../233/19423233.xml">
Grand Junction Waterworks Company</link> was created in 1811 to take advantage of a clause in the <body_of_water wordnetid="109225146" confidence="0.8">
<channel wordnetid="109241247" confidence="0.8">
<canal wordnetid="109232317" confidence="0.8">
<link xlink:type="simple" xlink:href="../171/968171.xml">
Grand Junction Canal</link></canal>
</channel>
</body_of_water>
 Company's Act which allowed them to supply water brought by the canal from the <stream wordnetid="109448361" confidence="0.8">
<body_of_water wordnetid="109225146" confidence="0.8">
<branch wordnetid="109228324" confidence="0.8">
<river wordnetid="109411430" confidence="0.8">
<feeder wordnetid="109278997" confidence="0.8">
<link xlink:type="simple" xlink:href="../510/939510.xml">
River Colne</link></feeder>
</river>
</branch>
</body_of_water>
</stream>
 and <stream wordnetid="109448361" confidence="0.8">
<body_of_water wordnetid="109225146" confidence="0.8">
<branch wordnetid="109228324" confidence="0.8">
<river wordnetid="109411430" confidence="0.8">
<feeder wordnetid="109278997" confidence="0.8">
<link xlink:type="simple" xlink:href="../793/922793.xml">
River Brent</link></feeder>
</river>
</branch>
</body_of_water>
</stream>
, and from a reservoir in the north-west Middlesex supplied by land drainage. It was thought that these waters would be better than those of the Thames, but in fact they were found to be of poor quality and insufficient to meet demand. After trying to resolve these problems the company resorted to taking their supply from the <stream wordnetid="109448361" confidence="0.8">
<body_of_water wordnetid="109225146" confidence="0.8">
<river wordnetid="109411430" confidence="0.8">
<link xlink:type="simple" xlink:href="../031/49031.xml">
River Thames</link></river>
</body_of_water>
</stream>
 at a point near <link xlink:type="simple" xlink:href="../658/715658.xml">
Chelsea Hospital</link><ref xlink:type="simple" xlink:href="#xpointer(//reflist/entry[@id=%228%22])">8</ref></p>

</ss1>
<ss1>
<st>
Expansion</st>
<p>

<image upright="upright" location="right" width="150px" src="Standpipe_Tower,_Kew_Waterworks.jpg" type="thumb">
<caption>

Standpipe Tower at Brentford
</caption>
</image>

Although the legislation that established the London water companies intended that they would compete for customers, in 1815 the East London company drew up a legal agreement with the <region wordnetid="108630985" confidence="0.8">
<park wordnetid="108615149" confidence="0.8">
<location wordnetid="100027167" confidence="0.8">
<tract wordnetid="108673395" confidence="0.8">
<geographical_area wordnetid="108574314" confidence="0.8">
<link xlink:type="simple" xlink:href="../471/372471.xml">
New River Company</link></geographical_area>
</tract>
</location>
</park>
</region>
 defining a boundary between their areas of supply.</p>
<p>

The London Bridge Waterworks Company was dissolved in 1822, and its water supply licence was purchased by the <link xlink:type="simple" xlink:href="../471/372471.xml">
New River Company</link>. Later that same year, the Borough Waterworks Company purchased the London Bridge licence from the New River Company, and it was renamed the Southwark Water Company. The company extracted water from the <stream wordnetid="109448361" confidence="0.8">
<body_of_water wordnetid="109225146" confidence="0.8">
<river wordnetid="109411430" confidence="0.8">
<link xlink:type="simple" xlink:href="../031/49031.xml">
River Thames</link></river>
</body_of_water>
</stream>
 using steam engines to pump it to a cistern at the top of a sixty foot high tower.<ref xlink:type="simple" xlink:href="#xpointer(//reflist/entry[@id=%229%22])">9</ref></p>
<p>

The West Middlesex Waterworks Company established a 3.5 million gallon reservoir at <link xlink:type="simple" xlink:href="../792/19427792.xml">
Campden Hill</link> near <site wordnetid="108651247" confidence="0.9508927676800064">
<link xlink:type="simple" xlink:href="../200/94200.xml">
Notting Hill</link></site>
.  In 1825 the company built a new reservoir at Barrow Hill next to <site wordnetid="108651247" confidence="0.9508927676800064">
<link xlink:type="simple" xlink:href="../451/382451.xml">
Primrose Hill</link></site>
 in North London. </p>
<p>

In 1829, the East London Waterworks Company moved their source of water further up river to <site wordnetid="108651247" confidence="0.9508927676800064">
<link xlink:type="simple" xlink:href="../793/558793.xml">
Lea Bridge</link></site>
 as a result of pollution caused by population growth. Clean water was now abstracted from the natural channel which had been by-passed by the <structure wordnetid="104341686" confidence="0.8">
<building wordnetid="102913152" confidence="0.8">
<artifact wordnetid="100021939" confidence="0.8">
<link xlink:type="simple" xlink:href="../884/18564884.xml">
Hackney Cut</link></artifact>
</building>
</structure>
, to a new <link xlink:type="simple" xlink:href="../675/3292675.xml">
reservoir</link> at Old Ford.<ref xlink:type="simple" xlink:href="#xpointer(//reflist/entry[@id=%2210%22])">10</ref> In 1830 the company gained a lease on the existing reservoir at <link xlink:type="simple" xlink:href="../485/2443485.xml">
Clapton</link>. </p>
<p>

In 1832 the Lambeth Waterworks Company built a reservoir at Streatham Hill, and in 1834 obtained an <link xlink:type="simple" xlink:href="../166/145166.xml">
Act of Parliament</link> to extend its area of supply. In the same year, the Company purchased 16 acres of land in <site wordnetid="108651247" confidence="0.9508927676800064">
<link xlink:type="simple" xlink:href="../901/93901.xml">
Brixton</link></site>
 and built a reservoir and works on Brixton Hill adjacent to <link xlink:type="simple" xlink:href="../946/7975946.xml">
Brixton Prison</link>. <ref xlink:type="simple" xlink:href="#xpointer(//reflist/entry[@id=%2211%22])">11</ref> </p>
<p>

In 1833 the South London Waterworks Company was supplying 12,046 houses with approximately 12,000 gallons of water.<ref xlink:type="simple" xlink:href="#xpointer(//reflist/entry[@id=%2212%22])">12</ref> In 1834, the company was renamed the Vauxhall Water Company.<ref xlink:type="simple" xlink:href="#xpointer(//reflist/entry[@id=%229%22])">9</ref></p>
<p>

The Grand Junction Waterworks Company built a pumping station near <structure wordnetid="104341686" confidence="0.8">
<artifact wordnetid="100021939" confidence="0.8">
<bridge wordnetid="102898711" confidence="0.8">
<link xlink:type="simple" xlink:href="../305/360305.xml">
Kew Bridge</link></bridge>
</artifact>
</structure>
 at <site wordnetid="108651247" confidence="0.9508927676800064">
<link xlink:type="simple" xlink:href="../899/93899.xml">
Brentford</link></site>
 in 1838 to house its new steam pump and two similar pumps purchased from Boulton, Watt and Company in 1820. The water was taken from the middle of the river and pumped into filtering reservoirs and to a 200 ft high water tower to provide gravity feed to the area. A six to seven mile main took the water to a reservoir on <link xlink:type="simple" xlink:href="../792/19427792.xml">
Campden Hill</link> near <site wordnetid="108651247" confidence="0.9508927676800064">
<link xlink:type="simple" xlink:href="../200/94200.xml">
Notting Hill</link></site>
  capable of containing 6 million gallons.</p>
<p>

In 1841 the East London Waterworks Company was supplying 36,916 houses.<ref xlink:type="simple" xlink:href="#xpointer(//reflist/entry[@id=%2212%22])">12</ref> </p>
<p>

On 10 January 1845 the Southwark Waterworks Company, and the Vauxhall Waterworks Company submitted a memorial to the <link>
Health of Towns Commissioner</link>s proposing <link xlink:type="simple" xlink:href="../938/360938.xml">
amalgamation</link>. The bill promoted by the two companies successfully passed through parliament, and the <link xlink:type="simple" xlink:href="../360/16132360.xml">
Southwark and Vauxhall Waterworks Company</link> was formed later that year.<ref xlink:type="simple" xlink:href="#xpointer(//reflist/entry[@id=%229%22])">9</ref> The area supplied by the SVWC was centred on the Borough of <site wordnetid="108651247" confidence="0.9508927676800064">
<link xlink:type="simple" xlink:href="../062/54062.xml">
Southwark</link></site>
, reaching east to <site wordnetid="108651247" confidence="0.9508927676800064">
<link xlink:type="simple" xlink:href="../266/94266.xml">
Rotherhithe</link></site>
, south to <site wordnetid="108651247" confidence="0.9508927676800064">
<link xlink:type="simple" xlink:href="../907/93907.xml">
Camberwell</link></site>
 and in the west including <site wordnetid="108651247" confidence="0.9508927676800064">
<link xlink:type="simple" xlink:href="../865/93865.xml">
Battersea</link></site>
 and parts of <site wordnetid="108651247" confidence="0.9508927676800064">
<link xlink:type="simple" xlink:href="../933/93933.xml">
Clapham</link></site>
 and <site wordnetid="108651247" confidence="0.9508927676800064">
<link xlink:type="simple" xlink:href="../747/298747.xml">
Lambeth</link></site>
.<ref xlink:type="simple" xlink:href="#xpointer(//reflist/entry[@id=%2213%22])">13</ref>  The amalgamated company established waterworks at Battersea Fields with two depositing reservoirs with a capacity of 32 million gallons; and two filtering reservoirs holding 11 million gallons.<ref xlink:type="simple" xlink:href="#xpointer(//reflist/entry[@id=%2213%22])">13</ref> In 1850 the company's water was described by the <link xlink:type="simple" xlink:href="../909/19909.xml">
microbiologist</link> Arthur Hassall as "the most disgusting which I have ever examined".<ref xlink:type="simple" xlink:href="#xpointer(//reflist/entry[@id=%229%22])">9</ref> </p>
<p>

In 1845 the limits of supply of the East London Waterworks Company were described as <it>"all those portions of the Metropolis, and its suburbs, which lie to the east of the <village wordnetid="108672738" confidence="0.9508927676800064">
<link xlink:type="simple" xlink:href="../883/6883.xml">
city</link></village>
, <site wordnetid="108651247" confidence="0.9508927676800064">
<link xlink:type="simple" xlink:href="../278/94278.xml">
Shoreditch</link></site>
, the Kingsland Road, and <site wordnetid="108651247" confidence="0.9508927676800064">
<link xlink:type="simple" xlink:href="../970/93970.xml">
Dalston</link></site>
; extending their mains even across the <link xlink:type="simple" xlink:href="../258/361258.xml">
river Lea</link> into <county wordnetid="108546183" confidence="0.9508927676800064">
<link xlink:type="simple" xlink:href="../568/9568.xml">
Essex</link></county>
, as far as <site wordnetid="108651247" confidence="0.9508927676800064">
<link xlink:type="simple" xlink:href="../380/94380.xml">
West Ham</link></site>
."</it><ref xlink:type="simple" xlink:href="#xpointer(//reflist/entry[@id=%2212%22])">12</ref> The water supplied by the company was taken from the Lea, with waterworks on 30&nbsp;acres (0.12&nbsp;km2) of land at <site wordnetid="108651247" confidence="0.9508927676800064">
<link xlink:type="simple" xlink:href="../431/2982431.xml">
Old Ford</link></site>
. </p>


</ss1>
<ss1>
<st>
Metropolis Water Act</st>
<p>

<image location="right" width="150px" src="HWTW01.JPG" type="thumb">
<caption>

The waterworks buildings at Hampton
</caption>
</image>

The companies often provided inadequate quantities of water which was often contaminated, as was famously discovered by <link xlink:type="simple" xlink:href="../623/1160623.xml">
John Snow</link> during the 1854 <link xlink:type="simple" xlink:href="../591/7591.xml">
cholera</link> epidemic. Population growth in London had been very rapid (more than doubling between 1800 and 1850) without an increase in infrastructure investment. The <link>
Metropolis Water Act 1852</link> was enacted in order to "make provision for securing the supply to the Metropolis of pure and wholesome water. Under the Act, it became unlawful for any water company to extract water for domestic use from the <link xlink:type="simple" xlink:href="../504/3944504.xml">
tidal reaches of the Thames</link> after 31 August 1855, and from 31 December 1855 all such water was required to be "effectually filtered".<ref xlink:type="simple" xlink:href="#xpointer(//reflist/entry[@id=%2214%22])">14</ref> The <link xlink:type="simple" xlink:href="../689/1732689.xml">
Metropolitan Commission of Sewers</link> was formed, water filtration was made compulsory, and new water intakes on the <link xlink:type="simple" xlink:href="../031/49031.xml">
Thames</link> were established above <obstruction wordnetid="103839993" confidence="0.8">
<structure wordnetid="104341686" confidence="0.8">
<barrier wordnetid="102796623" confidence="0.8">
<artifact wordnetid="100021939" confidence="0.8">
<instrumentality wordnetid="103575240" confidence="0.8">
<dam wordnetid="103160309" confidence="0.8">
<weir wordnetid="104571566" confidence="0.8">
<restraint wordnetid="104081844" confidence="0.8">
<lock wordnetid="103682487" confidence="0.8">
<device wordnetid="103183080" confidence="0.8">
<fastener wordnetid="103323703" confidence="0.8">
<link xlink:type="simple" xlink:href="../445/1017445.xml">
Teddington Lock</link></fastener>
</device>
</lock>
</restraint>
</weir>
</dam>
</instrumentality>
</artifact>
</barrier>
</structure>
</obstruction>
.</p>
<p>

The Chelsea Waterworks Company and the Lambeth Waterworks Company, who shared the services of <engineer wordnetid="109615807" confidence="0.9508927676800064">
<link xlink:type="simple" xlink:href="../147/13930147.xml">
James Simpson</link></engineer>
, established facilities at <link xlink:type="simple" xlink:href="../139/1785139.xml">
Seething Wells</link> between <site wordnetid="108651247" confidence="0.9508927676800064">
<link xlink:type="simple" xlink:href="../393/1183393.xml">
Thames Ditton</link></site>
 and <site wordnetid="108651247" confidence="0.9508927676800064">
<link xlink:type="simple" xlink:href="../309/94309.xml">
Surbiton</link></site>
. The Grand Junction, West Middlesex and Southwark and Vauxhall Waterworks Companies set up facilities above <artifact wordnetid="100021939" confidence="0.8">
<instrumentality wordnetid="103575240" confidence="0.8">
<restraint wordnetid="104081844" confidence="0.8">
<lock wordnetid="103682487" confidence="0.8">
<device wordnetid="103183080" confidence="0.8">
<fastener wordnetid="103323703" confidence="0.8">
<link xlink:type="simple" xlink:href="../981/7358981.xml">
Molesey Lock</link></fastener>
</device>
</lock>
</restraint>
</instrumentality>
</artifact>
 at <site wordnetid="108651247" confidence="0.9508927676800064">
<link xlink:type="simple" xlink:href="../036/94036.xml">
Hampton</link></site>
 designed by <physical_entity wordnetid="100001930" confidence="0.8">
<person wordnetid="100007846" confidence="0.8">
<engineer wordnetid="109615807" confidence="0.8">
<causal_agent wordnetid="100007347" confidence="0.8">
<link xlink:type="simple" xlink:href="../588/14765588.xml">
Joseph Quick</link></causal_agent>
</engineer>
</person>
</physical_entity>
. The <reservoir wordnetid="113776854" confidence="0.8">
<supply wordnetid="113777344" confidence="0.8">
<indefinite_quantity wordnetid="113576355" confidence="0.8">
<link xlink:type="simple" xlink:href="../900/10225900.xml">
Stain Hill Reservoirs</link></indefinite_quantity>
</supply>
</reservoir>
 and <reservoir wordnetid="113776854" confidence="0.8">
<supply wordnetid="113777344" confidence="0.8">
<indefinite_quantity wordnetid="113576355" confidence="0.8">
<link xlink:type="simple" xlink:href="../485/10226485.xml">
Sunnyside Reservoir</link></indefinite_quantity>
</supply>
</reservoir>
 were constructed in <site wordnetid="108651247" confidence="0.9508927676800064">
<link xlink:type="simple" xlink:href="../036/94036.xml">
Hampton</link></site>
 by the SVWC in 1855, with a 36-inch diameter main to <site wordnetid="108651247" confidence="0.9508927676800064">
<link xlink:type="simple" xlink:href="../865/93865.xml">
Battersea</link></site>
. A third reservoir was opened later in the year between <site wordnetid="108651247" confidence="0.9508927676800064">
<link xlink:type="simple" xlink:href="../057/749057.xml">
Nunhead</link></site>
 Cemetery and <region wordnetid="108630985" confidence="0.8">
<vicinity wordnetid="108641113" confidence="0.8">
<area wordnetid="108497294" confidence="0.8">
<park wordnetid="108615149" confidence="0.8">
<location wordnetid="100027167" confidence="0.8">
<tract wordnetid="108673395" confidence="0.8">
<geographical_area wordnetid="108574314" confidence="0.8">
<section wordnetid="108648322" confidence="0.8">
<link xlink:type="simple" xlink:href="../167/6440167.xml">
Peckham Rye</link></section>
</geographical_area>
</tract>
</location>
</park>
</area>
</vicinity>
</region>
.<ref xlink:type="simple" xlink:href="#xpointer(//reflist/entry[@id=%229%22])">9</ref> 
<image location="right" width="250px" src="Coppermills,_Walthamstow.jpg" type="thumb">
<caption>

 The Coppermill, Walthamstow
</caption>
</image>

In the mid 19th century the East London Waterworks Company purchased the <stream wordnetid="109448361" confidence="0.8">
<body_of_water wordnetid="109225146" confidence="0.8">
<river wordnetid="109411430" confidence="0.8">
<link xlink:type="simple" xlink:href="../627/14703627.xml">
Coppermill</link></river>
</body_of_water>
</stream>
 at <site wordnetid="108651247" confidence="0.9508927676800064">
<link xlink:type="simple" xlink:href="../358/94358.xml">
Walthamstow</link></site>
 and modified it to drive a <link xlink:type="simple" xlink:href="../617/23617.xml">
water pump</link> to assist in the building of <link xlink:type="simple" xlink:href="../675/3292675.xml">
reservoirs</link> on nearby <link xlink:type="simple" xlink:href="../208/169208.xml">
marshland</link> in the <link xlink:type="simple" xlink:href="../138/2558138.xml">
Lea Valley</link> . <ref xlink:type="simple" xlink:href="#xpointer(//reflist/entry[@id=%2215%22])">15</ref> The company built a series of reservoirs which were <reservoir wordnetid="113776854" confidence="0.8">
<supply wordnetid="113777344" confidence="0.8">
<indefinite_quantity wordnetid="113576355" confidence="0.8">
<link xlink:type="simple" xlink:href="../686/14378686.xml">
High Maynard Reservoir</link></indefinite_quantity>
</supply>
</reservoir>
, <reservoir wordnetid="113776854" confidence="0.8">
<supply wordnetid="113777344" confidence="0.8">
<indefinite_quantity wordnetid="113576355" confidence="0.8">
<link xlink:type="simple" xlink:href="../296/14449296.xml">
Low Maynard Reservoir</link></indefinite_quantity>
</supply>
</reservoir>
, five linked numbered reservoirs making the <reservoir wordnetid="113776854" confidence="0.8">
<supply wordnetid="113777344" confidence="0.8">
<indefinite_quantity wordnetid="113576355" confidence="0.8">
<link xlink:type="simple" xlink:href="../534/14642534.xml">
Walthamstow Reservoirs</link></indefinite_quantity>
</supply>
</reservoir>
, the <reservoir wordnetid="113776854" confidence="0.8">
<supply wordnetid="113777344" confidence="0.8">
<indefinite_quantity wordnetid="113576355" confidence="0.8">
<link xlink:type="simple" xlink:href="../799/14584799.xml">
East Warwick Reservoir</link></indefinite_quantity>
</supply>
</reservoir>
 and the <reservoir wordnetid="113776854" confidence="0.8">
<supply wordnetid="113777344" confidence="0.8">
<indefinite_quantity wordnetid="113576355" confidence="0.8">
<link xlink:type="simple" xlink:href="../005/14600005.xml">
West Warwick Reservoir</link></indefinite_quantity>
</supply>
</reservoir>
. </p>
<p>

In 1872 the Lambeth Waterworks Company moved upstream on the Thames to <site wordnetid="108651247" confidence="0.9508927676800064">
<link xlink:type="simple" xlink:href="../370/2919370.xml">
Molesey</link></site>
, followed by the Chelsea Waterworks Company. They built the <reservoir wordnetid="113776854" confidence="0.8">
<supply wordnetid="113777344" confidence="0.8">
<indefinite_quantity wordnetid="113576355" confidence="0.8">
<link xlink:type="simple" xlink:href="../722/10225722.xml">
Molesey Reservoirs</link></indefinite_quantity>
</supply>
</reservoir>
 there in 1872.</p>
<p>

The East London Waterworks Company replaced their reservoir at Clapton by a new reservoir at <site wordnetid="108651247" confidence="0.9508927676800064">
<link xlink:type="simple" xlink:href="../293/94293.xml">
Stamford Hill</link></site>
 in 1891.<ref xlink:type="simple" xlink:href="#xpointer(//reflist/entry[@id=%2216%22])">16</ref></p>
<p>

In 1897 the New River Company started developing the treatment works at <link xlink:type="simple" xlink:href="../958/12933958.xml">
Kempton Park</link> to supply additional water to their facilities at Cricklewood.</p>
<p>

In 1898 the SVWC started work on the <reservoir wordnetid="113776854" confidence="0.8">
<supply wordnetid="113777344" confidence="0.8">
<indefinite_quantity wordnetid="113576355" confidence="0.8">
<link xlink:type="simple" xlink:href="../015/10226015.xml">
Bessborough Reservoir</link></indefinite_quantity>
</supply>
</reservoir>
 and the <reservoir wordnetid="113776854" confidence="0.8">
<supply wordnetid="113777344" confidence="0.8">
<indefinite_quantity wordnetid="113576355" confidence="0.8">
<link xlink:type="simple" xlink:href="../055/10226055.xml">
Knight Reservoir</link></indefinite_quantity>
</supply>
</reservoir>
 which were across the river from Hampton at Molesey. By 1903 the SVWC supplied a population of 860,173 in 128,871 houses of which 122,728 (95.3%) had a constant supply.<ref xlink:type="simple" xlink:href="#xpointer(//reflist/entry[@id=%2217%22])">17</ref> The Lambeth Waterworks company started work on <lake wordnetid="109328904" confidence="0.9508927676800064">
<link xlink:type="simple" xlink:href="../228/10226228.xml">
Island Barn Reservoir</link></lake>
 at Molesey in 1900.</p>


</ss1>
</sec>
<sec>
<st>
 Twentieth century </st>
<p>

The private water companies were nationalised at the beginning of the 20th century. The Metropolis Water Act 1902 (2 Edw.7, c.41) created the <control wordnetid="105196375" confidence="0.8">
<body wordnetid="107965085" confidence="0.8">
<authority wordnetid="105196582" confidence="0.8">
<social_group wordnetid="107950920" confidence="0.8">
<commercial_enterprise wordnetid="108065093" confidence="0.8">
<power wordnetid="105190804" confidence="0.8">
<enterprise wordnetid="108056231" confidence="0.8">
<industry wordnetid="108065234" confidence="0.8">
<group wordnetid="100031264" confidence="0.8">
<administration wordnetid="108164585" confidence="0.8">
<link xlink:type="simple" xlink:href="../241/3010241.xml">
Metropolitan Water Board</link></administration>
</group>
</industry>
</enterprise>
</power>
</commercial_enterprise>
</social_group>
</authority>
</body>
</control>
. It was founded in 1903 and as originally constituted in the Act had 67 members; 65 of these were nominated by local authorities, who appointed a paid chairman and vice-chairman. The board compulsorily acquired the following water companies:
<list>
<entry level="1" type="bullet">

 The <region wordnetid="108630985" confidence="0.8">
<park wordnetid="108615149" confidence="0.8">
<location wordnetid="100027167" confidence="0.8">
<tract wordnetid="108673395" confidence="0.8">
<geographical_area wordnetid="108574314" confidence="0.8">
<link xlink:type="simple" xlink:href="../471/372471.xml">
New River</link></geographical_area>
</tract>
</location>
</park>
</region>
 Company</entry>
<entry level="1" type="bullet">

 The <structure wordnetid="104341686" confidence="0.8">
<building wordnetid="102913152" confidence="0.8">
<artifact wordnetid="100021939" confidence="0.8">
<link xlink:type="simple" xlink:href="../540/13525540.xml">
East London Waterworks Company</link></artifact>
</building>
</structure>
</entry>
<entry level="1" type="bullet">

 The <link xlink:type="simple" xlink:href="../360/16132360.xml">
Southwark and Vauxhall Waterworks Company</link></entry>
<entry level="1" type="bullet">

 The <link xlink:type="simple" xlink:href="../360/19427360.xml">
West Middlesex Waterworks Company</link></entry>
<entry level="1" type="bullet">

 The <link xlink:type="simple" xlink:href="../859/19426859.xml">
Lambeth Waterworks Company</link></entry>
<entry level="1" type="bullet">

 The <company wordnetid="108058098" confidence="0.8">
<institution wordnetid="108053576" confidence="0.8">
<link xlink:type="simple" xlink:href="../102/11693102.xml">
Chelsea Waterworks Company</link></institution>
</company>
</entry>
<entry level="1" type="bullet">

 The <link xlink:type="simple" xlink:href="../233/19423233.xml">
Grand Junction Waterworks Company</link></entry>
<entry level="1" type="bullet">

 The <lake wordnetid="109328904" confidence="0.9508927676800064">
<link xlink:type="simple" xlink:href="../216/10225216.xml">
Staines Reservoirs</link></lake>
 Joint Committee</entry>
</list>

Also acquired at no cost were the water undertakings of <site wordnetid="108651247" confidence="0.9508927676800064">
<link xlink:type="simple" xlink:href="../957/18253957.xml">
Tottenham</link></site>
 and <link xlink:type="simple" xlink:href="../255/97255.xml">
Enfield</link> Urban District Councils.
<image location="right" width="150px" src="HytheEndWW01.JPG" type="thumb">
<caption>

Water extract plant buildings at Hythe End
</caption>
</image>

The MWB opened the East London Waterworks reservoirs <lake wordnetid="109328904" confidence="0.9508927676800064">
<link xlink:type="simple" xlink:href="../340/14208340.xml">
Banbury Reservoir</link></lake>
 and <reservoir wordnetid="113776854" confidence="0.8">
<supply wordnetid="113777344" confidence="0.8">
<indefinite_quantity wordnetid="113576355" confidence="0.8">
<link xlink:type="simple" xlink:href="../081/14272081.xml">
Lockwood Reservoir</link></indefinite_quantity>
</supply>
</reservoir>
, and the Bessborough Reservoir, Knight Reservoir and Island Barn Reservoirs at Molesey. It also opened the <site wordnetid="108651247" confidence="0.8">
<region wordnetid="108630985" confidence="0.8">
<reservoir wordnetid="113776854" confidence="0.8">
<location wordnetid="100027167" confidence="0.8">
<tract wordnetid="108673395" confidence="0.8">
<supply wordnetid="113777344" confidence="0.8">
<geographical_area wordnetid="108574314" confidence="0.8">
<indefinite_quantity wordnetid="113576355" confidence="0.8">
<link xlink:type="simple" xlink:href="../561/16598561.xml">
Kempton Park Reservoirs</link></indefinite_quantity>
</geographical_area>
</supply>
</tract>
</location>
</reservoir>
</region>
</site>
 in around 1907. </p>
<p>

In 1910, extraction facilities were opened at <region wordnetid="108630985" confidence="0.8">
<administrative_district wordnetid="108491826" confidence="0.8">
<location wordnetid="100027167" confidence="0.8">
<municipality wordnetid="108626283" confidence="0.8">
<geographical_area wordnetid="108574314" confidence="0.8">
<town wordnetid="108665504" confidence="0.8">
<district wordnetid="108552138" confidence="0.8">
<urban_area wordnetid="108675967" confidence="0.8">
<link xlink:type="simple" xlink:href="../323/18287323.xml">
Hythe End</link></urban_area>
</district>
</town>
</geographical_area>
</municipality>
</location>
</administrative_district>
</region>
 and the Staines Reservoir Aqueduct was built to supply water to Hampton. The <railway wordnetid="104048568" confidence="0.8">
<enterprise wordnetid="108056231" confidence="0.8">
<carrier wordnetid="108057633" confidence="0.8">
<business wordnetid="108061042" confidence="0.8">
<link xlink:type="simple" xlink:href="../976/6980976.xml">
Metropolitan Water Board Railway</link></business>
</carrier>
</enterprise>
</railway>
 was opened in 1916 to carry coal from the river at Hampton to Kempton Park. An engine house with powerful steam engines was opened at Kempton Park in 1929, which has now become <artifact wordnetid="100021939" confidence="0.8">
<facility wordnetid="103315023" confidence="0.8">
<depository wordnetid="103177349" confidence="0.8">
<museum wordnetid="103800563" confidence="0.8">
<link xlink:type="simple" xlink:href="../891/4654891.xml">
Kempton Park Steam Engines</link></museum>
</depository>
</facility>
</artifact>
 museum.</p>
<p>

The MWB opened a succession of reservoirs - <reservoir wordnetid="113776854" confidence="0.8">
<supply wordnetid="113777344" confidence="0.8">
<indefinite_quantity wordnetid="113576355" confidence="0.8">
<link xlink:type="simple" xlink:href="../689/8281689.xml">
King George V Reservoir</link></indefinite_quantity>
</supply>
</reservoir>
, (Lea Valley) in 1912, <lake wordnetid="109328904" confidence="0.9508927676800064">
<link xlink:type="simple" xlink:href="../467/10225467.xml">
Queen Mary Reservoir</link></lake>
 (Ashford) in 1925, <lake wordnetid="109328904" confidence="0.9508927676800064">
<link xlink:type="simple" xlink:href="../184/15604184.xml">
King George VI Reservoir</link></lake>
 (Stanwellmoor) in 1947 <reservoir wordnetid="113776854" confidence="0.8">
<supply wordnetid="113777344" confidence="0.8">
<indefinite_quantity wordnetid="113576355" confidence="0.8">
<link xlink:type="simple" xlink:href="../731/8066731.xml">
William Girling Reservoir</link></indefinite_quantity>
</supply>
</reservoir>
 (Lea Valley) in 1951, <lake wordnetid="109328904" confidence="0.9508927676800064">
<link xlink:type="simple" xlink:href="../385/10226385.xml">
Queen Elizabeth II Reservoir</link></lake>
 (Molesey) 1962, <reservoir wordnetid="113776854" confidence="0.8">
<supply wordnetid="113777344" confidence="0.8">
<indefinite_quantity wordnetid="113576355" confidence="0.8">
<link xlink:type="simple" xlink:href="../065/10225065.xml">
Wraysbury Reservoir</link></indefinite_quantity>
</supply>
</reservoir>
 1967, and <lake wordnetid="109328904" confidence="0.9508927676800064">
<link xlink:type="simple" xlink:href="../610/10225610.xml">
Queen Mother Reservoir</link></lake>
 (Staines) 1976.</p>
<p>

The Metropolitan Water Board and other local Water Boards were later combined into the <link xlink:type="simple" xlink:href="../273/3010273.xml">
Thames Water Authority</link>, which was later <link xlink:type="simple" xlink:href="../661/24661.xml">
privatized</link> as <company wordnetid="108058098" confidence="0.9508927676800064">
<link xlink:type="simple" xlink:href="../273/3010273.xml">
Thames Water</link></company>
, a state-regulated private company which currently provides London's water supply.</p>

</sec>
<sec>
<st>
 Present day </st>

<p>

Most of London's water still comes from the <stream wordnetid="109448361" confidence="0.8">
<body_of_water wordnetid="109225146" confidence="0.8">
<river wordnetid="109411430" confidence="0.8">
<link xlink:type="simple" xlink:href="../031/49031.xml">
River Thames</link></river>
</body_of_water>
</stream>
 and <link xlink:type="simple" xlink:href="../258/361258.xml">
River Lea</link>, with the remainder being abstracted from underground sources.<ref xlink:type="simple" xlink:href="#xpointer(//reflist/entry[@id=%2218%22])">18</ref></p>
<p>

Much of the water piping in London is still <link xlink:type="simple" xlink:href="../784/132784.xml">
cast iron</link> piping which dates back to the nineteenth century and is slowly deteriorating. This has led to widespread criticism of Thames Water for the amount of water lost to leaks in its distribution network.<ref xlink:type="simple" xlink:href="#xpointer(//reflist/entry[@id=%2219%22])">19</ref> As of 2007, Thames Water is still in the process of a rolling program of upgrading the water supply network to use modern plastic piping.<ref xlink:type="simple" xlink:href="#xpointer(//reflist/entry[@id=%2220%22])">20</ref></p>
<p>

The single largest infrastructure project in recent years has been the creation of the <passageway wordnetid="103895585" confidence="0.8">
<artifact wordnetid="100021939" confidence="0.8">
<passage wordnetid="103895293" confidence="0.8">
<way wordnetid="104564698" confidence="0.8">
<tunnel wordnetid="104497962" confidence="0.8">
<link xlink:type="simple" xlink:href="../023/3214023.xml">
Thames Water Ring Main</link></tunnel>
</way>
</passage>
</artifact>
</passageway>
, a "backbone network" for London's water supply.<ref xlink:type="simple" xlink:href="#xpointer(//reflist/entry[@id=%2221%22])">21</ref> This connects all the waterworks, and pumping stations,</p>

<ss1>
<st>
Water Treatment Works</st>
<p>

The <link xlink:type="simple" xlink:href="../926/239926.xml">
Water treatment</link> works on the Ring Main are as follows.
<list>
<entry level="1" type="bullet">

<site wordnetid="108651247" confidence="0.9508927676800064">
<link xlink:type="simple" xlink:href="../086/12769086.xml">
Ashford Common</link></site>
 </entry>
<entry level="1" type="bullet">

<link xlink:type="simple" xlink:href="../258/2255258.xml">
Kempton Park</link> </entry>
<entry level="1" type="bullet">

<region wordnetid="108630985" confidence="0.8">
<park wordnetid="108615149" confidence="0.8">
<location wordnetid="100027167" confidence="0.8">
<tract wordnetid="108673395" confidence="0.8">
<land wordnetid="109334396" confidence="0.8">
<geographical_area wordnetid="108574314" confidence="0.8">
<island wordnetid="109316454" confidence="0.8">
<link xlink:type="simple" xlink:href="../950/10206950.xml">
Walton</link></island>
</geographical_area>
</land>
</tract>
</location>
</park>
</region>
</entry>
<entry level="1" type="bullet">

<site wordnetid="108651247" confidence="0.9508927676800064">
<link xlink:type="simple" xlink:href="../036/94036.xml">
Hampton</link></site>
 </entry>
<entry level="1" type="bullet">

<stream wordnetid="109448361" confidence="0.8">
<body_of_water wordnetid="109225146" confidence="0.8">
<river wordnetid="109411430" confidence="0.8">
<link xlink:type="simple" xlink:href="../627/14703627.xml">
Coppermills</link></river>
</body_of_water>
</stream>
</entry>
</list>
</p>

</ss1>
<ss1>
<st>
Pumping stations</st>
<p>

The <link xlink:type="simple" xlink:href="../965/851965.xml">
pumping station</link>s on the ring main are as follows.</p>
<p>

<list>
<entry level="1" type="bullet">

<site wordnetid="108651247" confidence="0.9508927676800064">
<link xlink:type="simple" xlink:href="../309/94309.xml">
Surbiton</link></site>
 — PS</entry>
<entry level="1" type="bullet">

<link xlink:type="simple" xlink:href="../112/3545112.xml">
Merton</link> — PS</entry>
<entry level="1" type="bullet">

<site wordnetid="108651247" confidence="0.9508927676800064">
<link xlink:type="simple" xlink:href="../307/94307.xml">
Streatham</link></site>
 — PS</entry>
<entry level="1" type="bullet">

<site wordnetid="108651247" confidence="0.9508927676800064">
<link xlink:type="simple" xlink:href="../901/93901.xml">
Brixton</link></site>
 — PS</entry>
<entry level="1" type="bullet">

<site wordnetid="108651247" confidence="0.9508927676800064">
<link xlink:type="simple" xlink:href="../865/93865.xml">
Battersea</link></site>
 — PS</entry>
<entry level="1" type="bullet">

<link>
Park Lane</link> — PS</entry>
<entry level="1" type="bullet">

<site wordnetid="108651247" confidence="0.9508927676800064">
<link xlink:type="simple" xlink:href="../142/94142.xml">
Kew</link></site>
 — PS</entry>
<entry level="1" type="bullet">

<site wordnetid="108651247" confidence="0.9508927676800064">
<link xlink:type="simple" xlink:href="../779/593779.xml">
Holland Park</link></site>
 Avenue — PS</entry>
<entry level="1" type="bullet">

<link>
Barrow Hill</link> — PS</entry>
<entry level="1" type="bullet">

<link xlink:type="simple" xlink:href="../071/512071.xml">
New River</link> Head — PS</entry>
<entry level="1" type="bullet">

<site wordnetid="108651247" confidence="0.9508927676800064">
<link xlink:type="simple" xlink:href="../303/94303.xml">
Stoke Newington</link></site>
 — PS</entry>
</list>
</p>

</ss1>
<ss1>
<st>
Access</st>
<p>

<list>
<entry level="1" type="bullet">

<link xlink:type="simple" xlink:href="../412/1187412.xml">
Hogsmill</link> — Access</entry>
<entry level="1" type="bullet">

<site wordnetid="108651247" confidence="0.9508927676800064">
<link xlink:type="simple" xlink:href="../389/1115389.xml">
Raynes Park</link></site>
 — Access</entry>
<entry level="1" type="bullet">

<link>
Mogden</link> — Access</entry>
</list>
</p>

</ss1>
<ss1>
<st>
Storage</st>

<p>

<list>
<entry level="1" type="bullet">

<site wordnetid="108651247" confidence="0.9508927676800064">
<link xlink:type="simple" xlink:href="../148/943148.xml">
Honor Oak</link></site>
 — Underground Storage</entry>
<entry level="1" type="bullet">

<site wordnetid="108651247" confidence="0.9508927676800064">
<link xlink:type="simple" xlink:href="../860/93860.xml">
Barnes</link></site>
 — balancing storage</entry>
</list>
</p>

</ss1>
</sec>
<sec>
<st>
 See also </st>
<p>

<list>
<entry level="1" type="bullet">

 <link xlink:type="simple" xlink:href="../020/14020.xml">
History of London</link></entry>
<entry level="1" type="bullet">

 <link xlink:type="simple" xlink:href="../918/164918.xml">
List of reservoirs and dams in the United Kingdom</link></entry>
<entry level="1" type="bullet">

 <link xlink:type="simple" xlink:href="../423/2915423.xml">
Metropolitan Drinking Fountain and Cattle Trough Association</link></entry>
<entry level="1" type="bullet">

 <museum wordnetid="103800563" confidence="0.9508927676800064">
<link xlink:type="simple" xlink:href="../399/4655399.xml">
Kew Bridge Steam Museum</link></museum>
</entry>
<entry level="1" type="bullet">

 <link xlink:type="simple" xlink:href="../405/494405.xml">
London sewer system</link></entry>
</list>
</p>

</sec>
<sec>
<st>
 References </st>
<p>

<reflist>
<entry id="1">
From: 'Great Conduit (The) in Westcheap', A Dictionary of London (1918). URL: http://www.british-history.ac.uk/report.asp?compid=9249. Date accessed: 10 November 2006.</entry>
<entry id="2">
"<weblink xlink:type="simple" xlink:href="http://www.waterhistory.org/histories/london/">
Water-related Infrastructure in Medieval London</weblink>".&#32;  waterhistory.org.&#32;Retrieved on <link>
2007-03-24</link>.</entry>
<entry id="3">
<it>The London Encyclopaedia</it>, Ben Weinreb &amp; Christopher Hibbert, Macmillan, 1995, ISBN 0-333-57688-8</entry>
<entry id="4">
<weblink xlink:type="simple" xlink:href="http://www.privy-council.org.uk/output/page44.asp">
Royal Charters, Privy Council website</weblink></entry>
<entry id="5">
<weblink xlink:type="simple" xlink:href="http://www.ph.ucla.edu/epi/snow/1859map/lambeth_waterworks_a2.html">
UCLA Department of Epidemiology <it>Lambeth Waterwork history''</it></weblink></entry>
<entry id="6">
<weblink xlink:type="simple" xlink:href="http://www.ph.ucla.edu/epi/snow/1859map/lambeth_waterworks_a2.html">
UCLA Department of Epidemiology <it>Lambeth Waterwork history''</it></weblink></entry>
<entry id="7">
<weblink xlink:type="simple" xlink:href="http://www.ph.ucla.edu/epi/snow/1859map/westmiddlesex_waterworks_a2.html">
UCLA Department of Epidemiology <it>West Middlesex Waterworks history''</it></weblink></entry>
<entry id="8">
<weblink xlink:type="simple" xlink:href="http://www.british-history.ac.uk/report.aspx?compid=45230">
<it>Notting Hill and Bayswater</it>, Old and New London: Volume 5 (1878), pp. 177-188. Date accessed: 22 September 2008</weblink></entry>
<entry id="9">
<it>Southwark &amp; Vauxhall Water Company - Brief History during the Snow era</it>, UCLA Department of Epidemiolgy</entry>
<entry id="10">
<weblink xlink:type="simple" xlink:href="http://www.ph.ucla.edu/epi/snow/1859map/eastlondon_waterworks.html">
<it>East London Waterworks Company, Brief history during the Snow era, 1813 - 1858''</it></weblink> (UCLA Epidemiology), accessed <link xlink:type="simple" xlink:href="../340/22340.xml">
October 1</link> <link xlink:type="simple" xlink:href="../165/36165.xml">
2007</link></entry>
<entry id="11">
<weblink xlink:type="simple" xlink:href="http://www.british-history.ac.uk/report.aspx?compid=49767">
<it>Stockwell: Brixton Hill area</it>, Survey of London: volume 26: Lambeth: Southern area (1956), pp. 100-105. Date accessed: 22 September 2008</weblink></entry>
<entry id="12">
Joseph Fletcher, <it>Historical and Statistical Account of the present System of Supplying the Metropolis with Water</it>, Journal of the Statistical Society of London, Vol. 8, No. 2. (June, 1845)</entry>
<entry id="13">
John Weale, <it>The Pictorial Handbook of London</it>, London, 1854</entry>
<entry id="14">
<it>An Act to make better Provision respecting the Supply of Water to the Metropolis</it>, (15 &amp; 16 Vict. C.84)</entry>
<entry id="15">
<weblink xlink:type="simple" xlink:href="http://www.shadyoldlady.com/location.php?loc=450">
 The Coppermill</weblink> Retrieved <link xlink:type="simple" xlink:href="../851/8851.xml">
December 14</link> <link xlink:type="simple" xlink:href="../165/36165.xml">
2007</link></entry>
<entry id="17">
Percy Ashley, <it>The Water, Gas, and Electric Light Supply of London</it>, <it>Annals of the American Academy of Political and Social Science, Vol. 27, Municipal Ownership and Municipal Franchises</it> (January 1906), pp. 20-36</entry>
<entry id="16">
<weblink xlink:type="simple" xlink:href="http://www.british-history.ac.uk/report.asp?compid=22710#s2">
<it>Hackney: Public services</it>, A History of the County of Middlesex: Volume 10: Hackney (1995), pp. 108-15</weblink> (British History Online) accessed <link xlink:type="simple" xlink:href="../340/22340.xml">
October 1</link> <link xlink:type="simple" xlink:href="../165/36165.xml">
2007</link></entry>
<entry id="19">
"<weblink xlink:type="simple" xlink:href="http://business.guardian.co.uk/story/0,,1802686,00.html">
Thames Water fails to plug leaks but profits rise 31%</weblink>".&#32;  The Guardian&#32;(June 21, 2006).&#32;Retrieved on <link>
2007-03-25</link>.</entry>
<entry id="18">
"<weblink xlink:type="simple" xlink:href="http://news.bbc.co.uk/1/hi/england/london/3732540.stm">
London's water supply 'to dry up'</weblink>".&#32;  BBC News&#32;(October 11 2004).&#32;Retrieved on <link>
2007-03-24</link>.</entry>
<entry id="21">
"<weblink xlink:type="simple" xlink:href="http://www.thameswateruk.co.uk/UK/region/en_gb/content/news/news_000982.jsp">
Thames Water Ring Main Extensions</weblink>".&#32;  Thames Water&#32;(September 13 2005).&#32;Retrieved on <link>
2007-03-24</link>.</entry>
<entry id="20">
"<weblink xlink:type="simple" xlink:href="http://www.thameswater.co.uk/UK/region/en_gb/content/Section_Homepages/Section_Homepage_000514.jsp">
Replacing London's Victorian water mains</weblink>".&#32;  Thames Water.&#32;Retrieved on <link>
2007-03-24</link>.</entry>
</reflist>
</p>

</sec>
<sec>
<st>
 External links </st>
<p>

<list>
<entry level="1" type="bullet">

 <weblink xlink:type="simple" xlink:href="http://www.thameswater.co.uk/UK/region/en_gb/content/Section_Homepages/Section_Homepage_000563.jsp">
History of Thames Water</weblink> </entry>
<entry level="1" type="bullet">

 <weblink xlink:type="simple" xlink:href="http://createyourself.co.uk/modules/smartsection/item.php?itemid=54">
Is London water safe to drink?</weblink></entry>
</list>
</p>

</sec>
</bdy>
</article>
