<?xml version="1.0" encoding="UTF-8"?>
<!-- generated by CLiX/Wiki2XML [MPI-Inf, MMCI@UdS] $LastChangedRevision: 92 $ on 17.04.2009 00:06:05[mciao0828] -->
<!DOCTYPE article SYSTEM "../article.dtd">
<article xmlns:xlink="http://www.w3.org/1999/xlink">
<header>
<title>Crisp (disambiguation)</title>
<id>10266288</id>
<revision>
<id>239203266</id>
<timestamp>2008-09-18T05:50:56Z</timestamp>
<contributor>
<username>Edward Vielmetti</username>
<id>1107924</id>
</contributor>
</revision>
<categories>
<category>All disambiguation pages</category>
<category>Disambiguation pages</category>
</categories>
</header>
<bdy>

A <b>crisp</b> (<speech wordnetid="107109196" confidence="0.8">
<dialect wordnetid="107155661" confidence="0.8">
<auditory_communication wordnetid="107109019" confidence="0.8">
<language wordnetid="106282651" confidence="0.8">
<non-standard_speech wordnetid="107155081" confidence="0.8">
<link xlink:type="simple" xlink:href="../179/4179.xml">
British English</link></non-standard_speech>
</language>
</auditory_communication>
</dialect>
</speech>
) or <b><link xlink:type="simple" xlink:href="../851/24851.xml">
potato chip</link></b> (<speech wordnetid="107109196" confidence="0.8">
<dialect wordnetid="107155661" confidence="0.8">
<auditory_communication wordnetid="107109019" confidence="0.8">
<language wordnetid="106282651" confidence="0.8">
<non-standard_speech wordnetid="107155081" confidence="0.8">
<link xlink:type="simple" xlink:href="../890/1890.xml">
American English</link></non-standard_speech>
</language>
</auditory_communication>
</dialect>
</speech>
) is a thin slice of a potato, deep fried or baked until crisp.<p>

<b>Crisp</b> may also refer to:</p>
<p>

<list>
<entry level="1" type="bullet">

 <course wordnetid="107556970" confidence="0.8">
<substance wordnetid="100020090" confidence="0.8">
<food wordnetid="100021265" confidence="0.8">
<nutriment wordnetid="107570720" confidence="0.8">
<dessert wordnetid="107609840" confidence="0.8">
<link xlink:type="simple" xlink:href="../274/229274.xml">
Crisp</link></dessert>
</nutriment>
</food>
</substance>
</course>
, a regional term for a baked fruit dessert.  Generally preceded by the name of fruit used, e.g. Rhubarb Crisp.</entry>
<entry level="1" type="bullet">

 <link xlink:type="simple" xlink:href="../298/7001298.xml">
Crisp (surname)</link>, people named Crisp</entry>
<entry level="1" type="bullet">

 <link>
Crispiness</link>, the quality of being crisp</entry>
<entry level="1" type="bullet">

 <county wordnetid="108546183" confidence="0.9508927676800064">
<link xlink:type="simple" xlink:href="../795/96795.xml">
Crisp County, Georgia</link></county>
</entry>
</list>
</p>

<ss1>
<st>
Acronym CRISP:</st>
<p>

<list>
<entry level="1" type="bullet">

<message wordnetid="106598915" confidence="0.8">
<protocol wordnetid="106665108" confidence="0.8">
<standard wordnetid="107260623" confidence="0.8">
<direction wordnetid="106786629" confidence="0.8">
<rule wordnetid="106652242" confidence="0.8">
<system_of_measurement wordnetid="113577171" confidence="0.8">
<link xlink:type="simple" xlink:href="../747/5128747.xml">
Cross Registry Information Service Protocol</link></system_of_measurement>
</rule>
</direction>
</standard>
</protocol>
</message>
</entry>
<entry level="1" type="bullet">

<link xlink:type="simple" xlink:href="../098/2228098.xml">
Computer Retrieval of Information on Scientific Projects</link></entry>
<entry level="1" type="bullet">

<link xlink:type="simple" xlink:href="../470/15279470.xml">
Clinical Research Investigative Studies Program</link></entry>
<entry level="1" type="bullet">

<link xlink:type="simple" xlink:href="../838/1344838.xml">
C-language Reduced Instruction Set Processor</link></entry>
<entry level="1" type="bullet">

<link>
Computer Registration Involving Student Participation</link>, online course registration system designed by <peer wordnetid="109626238" confidence="0.8">
<physical_entity wordnetid="100001930" confidence="0.8">
<person wordnetid="100007846" confidence="0.8">
<colleague wordnetid="109935990" confidence="0.8">
<scientist wordnetid="110560637" confidence="0.8">
<adult wordnetid="109605289" confidence="0.8">
<professional wordnetid="110480253" confidence="0.8">
<educator wordnetid="110045713" confidence="0.8">
<associate wordnetid="109816771" confidence="0.8">
<disputant wordnetid="109615465" confidence="0.8">
<reformer wordnetid="110515194" confidence="0.8">
<militant wordnetid="110315837" confidence="0.8">
<causal_agent wordnetid="100007347" confidence="0.8">
<mathematician wordnetid="110301261" confidence="0.8">
<link xlink:type="simple" xlink:href="../145/6879145.xml">
Bernard Galler</link></mathematician>
</causal_agent>
</militant>
</reformer>
</disputant>
</associate>
</educator>
</professional>
</adult>
</scientist>
</colleague>
</person>
</physical_entity>
</peer>
</entry>
</list>
</p>


<p>

<table style="background:none">
<row>
<col style="vertical-align:middle;">
<image width="30px" src="Disambig_gray.svg">
</image>
</col>
<col style="vertical-align:middle;">
<it>This  page lists articles associated with the same title. If an <weblink xlink:type="simple" xlink:href="http://localhost:18088/wiki/index.php?title=Special:Whatlinkshere/Crisp_%28disambiguation%29&amp;namespace=0">
internal link</weblink>led you here, you may wish to change the link to point directly to the intended article.''</it></col>
</row>
</table>

</p>

</ss1>
</bdy>
</article>
