<?xml version="1.0" encoding="UTF-8"?>
<!-- generated by CLiX/Wiki2XML [MPI-Inf, MMCI@UdS] $LastChangedRevision: 92 $ on 17.04.2009 00:15:04[mciao0826] -->
<!DOCTYPE article SYSTEM "../article.dtd">
<article xmlns:xlink="http://www.w3.org/1999/xlink">
<relation  confidence="0.9511911446218017" wordnetid="100031921">
<header>
<title>Jamaican diaspora</title>
<id>10309115</id>
<revision>
<id>243932460</id>
<timestamp>2008-10-08T17:19:04Z</timestamp>
<contributor>
<username>Cj1340</username>
<id>3924377</id>
</contributor>
</revision>
<categories>
<category>Articles contradicting other articles</category>
<category>Foreign relations of Jamaica</category>
<category>Articles to be merged since September 2008</category>
<category>All articles to be merged</category>
<category>Jamaican society</category>
</categories>
</header>
<bdy>

<table class="metadata plainlinks ambox ">
<row>
<col>

ambox-move" style=""</col>
</row>
<row>
<col class="mbox-image"><p>

<image width="50px" src="Merge-arrow.svg">
<caption>

Merge arrow
</caption>
</image>
</p>
</col>
<col style="" class="mbox-text">
 It has been suggested that this article or section be  into . ()</col>
</row>
</table>

<p>

__NOTOC__
The <b>Jamaican diaspora</b> refers to Jamaicans who are forced or induced to leave their traditional homelands, the dispersal of such Jamaicans, and the ensuing developments in their culture.</p>
<p>

The Jamaican diaspora exists in the <body wordnetid="107965085" confidence="0.8">
<social_group wordnetid="107950920" confidence="0.8">
<political_orientation wordnetid="106212839" confidence="0.8">
<colony wordnetid="108374049" confidence="0.8">
<state wordnetid="108168978" confidence="0.8">
<political_unit wordnetid="108359949" confidence="0.8">
<group wordnetid="100031264" confidence="0.8">
<democracy wordnetid="106217103" confidence="0.8">
<link xlink:type="simple" xlink:href="../750/3434750.xml">
United States</link></democracy>
</group>
</political_unit>
</state>
</colony>
</political_orientation>
</social_group>
</body>
, <autocracy wordnetid="108361001" confidence="0.8">
<system wordnetid="108435388" confidence="0.8">
<social_group wordnetid="107950920" confidence="0.8">
<political_orientation wordnetid="106212839" confidence="0.8">
<monarchy wordnetid="108363812" confidence="0.8">
<state wordnetid="108168978" confidence="0.8">
<political_unit wordnetid="108359949" confidence="0.8">
<political_system wordnetid="108367880" confidence="0.8">
<economy wordnetid="108366753" confidence="0.8">
<group wordnetid="100031264" confidence="0.8">
<democracy wordnetid="106217103" confidence="0.8">
<link xlink:type="simple" xlink:href="../717/31717.xml">
United Kingdom</link></democracy>
</group>
</economy>
</political_system>
</political_unit>
</state>
</monarchy>
</political_orientation>
</social_group>
</system>
</autocracy>
, <region wordnetid="108630039" confidence="0.9508927676800064">
<link xlink:type="simple" xlink:href="../916/5042916.xml">
Canada</link></region>
, and other <region wordnetid="108630985" confidence="0.8">
<region wordnetid="108630039" confidence="0.8">
<location wordnetid="100027167" confidence="0.8">
<hot_spot wordnetid="108586330" confidence="0.8">
<geographical_area wordnetid="108574314" confidence="0.8">
<link xlink:type="simple" xlink:href="../035/18956035.xml">
Caribbean</link></geographical_area>
</hot_spot>
</location>
</region>
</region>
 islands, but Jamaicans can be found in even the far corners 
of the world.</p>
<p>

Over the past several decades, close to a million Jamaicans have <link xlink:type="simple" xlink:href="../911/161911.xml">
emigrated</link>, especially to the <body wordnetid="107965085" confidence="0.8">
<social_group wordnetid="107950920" confidence="0.8">
<political_orientation wordnetid="106212839" confidence="0.8">
<colony wordnetid="108374049" confidence="0.8">
<state wordnetid="108168978" confidence="0.8">
<political_unit wordnetid="108359949" confidence="0.8">
<group wordnetid="100031264" confidence="0.8">
<democracy wordnetid="106217103" confidence="0.8">
<link xlink:type="simple" xlink:href="../750/3434750.xml">
United States</link></democracy>
</group>
</political_unit>
</state>
</colony>
</political_orientation>
</social_group>
</body>
, the <autocracy wordnetid="108361001" confidence="0.8">
<system wordnetid="108435388" confidence="0.8">
<social_group wordnetid="107950920" confidence="0.8">
<political_orientation wordnetid="106212839" confidence="0.8">
<monarchy wordnetid="108363812" confidence="0.8">
<state wordnetid="108168978" confidence="0.8">
<political_unit wordnetid="108359949" confidence="0.8">
<political_system wordnetid="108367880" confidence="0.8">
<economy wordnetid="108366753" confidence="0.8">
<group wordnetid="100031264" confidence="0.8">
<democracy wordnetid="106217103" confidence="0.8">
<link xlink:type="simple" xlink:href="../717/31717.xml">
United Kingdom</link></democracy>
</group>
</economy>
</political_system>
</political_unit>
</state>
</monarchy>
</political_orientation>
</social_group>
</system>
</autocracy>
 and <region wordnetid="108630039" confidence="0.9508927676800064">
<link xlink:type="simple" xlink:href="../916/5042916.xml">
Canada</link></region>
. This emigration appears to have been tapering off somewhat in recent years, however the great number of Jamaicans living abroad has become known as the "Jamaican diaspora". Due to Commonwealth law and Jamaica's history with Great Britain, most Jamaican emigrants have followed a path first to the UK, and then if they do not remain in the UK, on to other Commonwealth countries such as Canada. Today that trend has changed with more Jamaican emigrants going directly to the United States, Canada, other <region wordnetid="108630985" confidence="0.8">
<region wordnetid="108630039" confidence="0.8">
<location wordnetid="100027167" confidence="0.8">
<hot_spot wordnetid="108586330" confidence="0.8">
<geographical_area wordnetid="108574314" confidence="0.8">
<link xlink:type="simple" xlink:href="../035/18956035.xml">
Caribbean</link></geographical_area>
</hot_spot>
</location>
</region>
</region>
 nations, <link xlink:type="simple" xlink:href="../121/6121.xml">
Central</link> &amp; <system wordnetid="108435388" confidence="0.8">
<economy wordnetid="108366753" confidence="0.8">
<group wordnetid="100031264" confidence="0.8">
<link xlink:type="simple" xlink:href="../769/26769.xml">
South America</link></group>
</economy>
</system>
 (mainly in <country wordnetid="108544813" confidence="0.9508927676800064">
<link xlink:type="simple" xlink:href="../997/22997.xml">
Panama</link></country>
 and <country wordnetid="108544813" confidence="0.9508927676800064">
<link xlink:type="simple" xlink:href="../222/5222.xml">
Colombia</link></country>
), and even <region wordnetid="108630985" confidence="0.8">
<center wordnetid="108523483" confidence="0.8">
<area wordnetid="108497294" confidence="0.8">
<see wordnetid="108586825" confidence="0.8">
<seat wordnetid="108647945" confidence="0.8">
<location wordnetid="100027167" confidence="0.8">
<link xlink:type="simple" xlink:href="../607/5334607.xml">
Africa</link></location>
</seat>
</see>
</area>
</center>
</region>
 (most notably <country wordnetid="108544813" confidence="0.9508927676800064">
<link xlink:type="simple" xlink:href="../628/8087628.xml">
Egypt</link></country>
 and <country wordnetid="108544813" confidence="0.9508927676800064">
<link xlink:type="simple" xlink:href="../749/187749.xml">
Ethiopia</link></country>
) without having to pass through the UK first.  There has also been emigration of Jamaicans to <country wordnetid="108544813" confidence="0.9508927676800064">
<link xlink:type="simple" xlink:href="../481/5042481.xml">
Cuba</link></country>
<ref xlink:type="simple" xlink:href="#xpointer(//reflist/entry[@id=%221%22])">1</ref> and to <country wordnetid="108544813" confidence="0.9508927676800064">
<link xlink:type="simple" xlink:href="../362/21362.xml">
Nicaragua</link></country>
.<ref xlink:type="simple" xlink:href="#xpointer(//reflist/entry[@id=%222%22])">2</ref></p>
<p>

Concentrations of <link xlink:type="simple" xlink:href="../078/287078.xml">
expatriate</link> Jamaicans are large in a number of cities in the United States, including <village wordnetid="108672738" confidence="0.9508927676800064">
<link xlink:type="simple" xlink:href="../042/645042.xml">
New York City</link></village>
, <village wordnetid="108672738" confidence="0.9508927676800064">
<link xlink:type="simple" xlink:href="../985/3985.xml">
Buffalo</link></village>
, the <link xlink:type="simple" xlink:href="../921/995921.xml">
Miami</link> metro area, <village wordnetid="108672738" confidence="0.9508927676800064">
<link xlink:type="simple" xlink:href="../138/3138.xml">
Atlanta</link></village>
, <village wordnetid="108672738" confidence="0.9508927676800064">
<link xlink:type="simple" xlink:href="../582/100582.xml">
Orlando</link></village>
, <village wordnetid="108672738" confidence="0.9508927676800064">
<link xlink:type="simple" xlink:href="../995/92995.xml">
Tampa</link></village>
, <village wordnetid="108672738" confidence="0.9508927676800064">
<link xlink:type="simple" xlink:href="../582/36582.xml">
Baltimore</link></village>
, <link xlink:type="simple" xlink:href="../956/108956.xml">
Washington, D.C</link>, <village wordnetid="108672738" confidence="0.9508927676800064">
<link xlink:type="simple" xlink:href="../585/50585.xml">
Philadelphia</link></village>
, <village wordnetid="108672738" confidence="0.9508927676800064">
<link xlink:type="simple" xlink:href="../678/53678.xml">
Hartford</link></village>
, and <village wordnetid="108672738" confidence="0.9508927676800064">
<link xlink:type="simple" xlink:href="../110/18110.xml">
Los Angeles</link></village>
. In Canada, the Jamaican population is centred in <village wordnetid="108672738" confidence="0.9508927676800064">
<link xlink:type="simple" xlink:href="../646/64646.xml">
Toronto</link></village>
, and there are smaller communities in cities such as <village wordnetid="108672738" confidence="0.9508927676800064">
<link xlink:type="simple" xlink:href="../288/14288.xml">
Hamilton</link></village>
, <village wordnetid="108672738" confidence="0.9508927676800064">
<link xlink:type="simple" xlink:href="../681/7954681.xml">
Montreal</link></village>
 and <village wordnetid="108672738" confidence="0.9508927676800064">
<link xlink:type="simple" xlink:href="../219/22219.xml">
Ottawa</link></village>
. In the <autocracy wordnetid="108361001" confidence="0.8">
<system wordnetid="108435388" confidence="0.8">
<social_group wordnetid="107950920" confidence="0.8">
<political_orientation wordnetid="106212839" confidence="0.8">
<monarchy wordnetid="108363812" confidence="0.8">
<state wordnetid="108168978" confidence="0.8">
<political_unit wordnetid="108359949" confidence="0.8">
<political_system wordnetid="108367880" confidence="0.8">
<economy wordnetid="108366753" confidence="0.8">
<group wordnetid="100031264" confidence="0.8">
<democracy wordnetid="106217103" confidence="0.8">
<link xlink:type="simple" xlink:href="../717/31717.xml">
United Kingdom</link></democracy>
</group>
</economy>
</political_system>
</political_unit>
</state>
</monarchy>
</political_orientation>
</social_group>
</system>
</autocracy>
, Jamaican communities exist in most large cities where they make up the larger part of the <ethnic_group wordnetid="107967382" confidence="0.9508927676800064">
<link xlink:type="simple" xlink:href="../773/5579773.xml">
British-Caribbean community</link></ethnic_group>
.</p>
<p>

The United Kingdom has a much higher percentage of Jamaicans than Canada and the United States, however population wise, the UK and USA are pretty much equal. An overwhelming amount of <ethnic_group wordnetid="107967382" confidence="0.9508927676800064">
<link xlink:type="simple" xlink:href="../589/9297589.xml">
Jamaican American</link></ethnic_group>
s reside in New York City, whilst <ethnic_group wordnetid="107967382" confidence="0.8">
<group wordnetid="100031264" confidence="0.8">
<people wordnetid="107942152" confidence="0.8">
<link xlink:type="simple" xlink:href="../212/11214212.xml">
Jamaican Briton</link></people>
</group>
</ethnic_group>
s are much more widespread across the UK. </p>
<p>

<village wordnetid="108672738" confidence="0.9508927676800064">
<link xlink:type="simple" xlink:href="../042/645042.xml">
New York City</link></village>
 is home to a large Jamaican diaspora community, with communities along Flatbush, Nostrand and Utica Avenues in <village wordnetid="108672738" confidence="0.9508927676800064">
<link xlink:type="simple" xlink:href="../384/47384.xml">
Brooklyn</link></village>
&mdash;centred around the neighbourhoods of <region wordnetid="108630985" confidence="0.8">
<vicinity wordnetid="108641113" confidence="0.8">
<area wordnetid="108497294" confidence="0.8">
<location wordnetid="100027167" confidence="0.8">
<section wordnetid="108648322" confidence="0.8">
<link xlink:type="simple" xlink:href="../247/1044247.xml">
Prospect Heights</link></section>
</location>
</area>
</vicinity>
</region>
, <region wordnetid="108630985" confidence="0.8">
<vicinity wordnetid="108641113" confidence="0.8">
<area wordnetid="108497294" confidence="0.8">
<location wordnetid="100027167" confidence="0.8">
<section wordnetid="108648322" confidence="0.8">
<link xlink:type="simple" xlink:href="../830/7911830.xml">
Lefferts Gardens</link></section>
</location>
</area>
</vicinity>
</region>
, <site wordnetid="108651247" confidence="0.8">
<region wordnetid="108630985" confidence="0.8">
<vicinity wordnetid="108641113" confidence="0.8">
<area wordnetid="108497294" confidence="0.8">
<location wordnetid="100027167" confidence="0.8">
<tract wordnetid="108673395" confidence="0.8">
<geographical_area wordnetid="108574314" confidence="0.8">
<section wordnetid="108648322" confidence="0.8">
<link xlink:type="simple" xlink:href="../242/626242.xml">
Flatbush</link></section>
</geographical_area>
</tract>
</location>
</area>
</vicinity>
</region>
</site>
, <social_group wordnetid="107950920" confidence="0.8">
<gathering wordnetid="107975026" confidence="0.8">
<community wordnetid="108223802" confidence="0.8">
<group wordnetid="100031264" confidence="0.8">
<link xlink:type="simple" xlink:href="../235/872235.xml">
East Flatbush</link></group>
</community>
</gathering>
</social_group>
, <link xlink:type="simple" xlink:href="../985/4789985.xml">
Crown Heights</link>, <link xlink:type="simple" xlink:href="../896/731896.xml">
Canarsie</link>, and <region wordnetid="108630985" confidence="0.8">
<vicinity wordnetid="108641113" confidence="0.8">
<area wordnetid="108497294" confidence="0.8">
<location wordnetid="100027167" confidence="0.8">
<section wordnetid="108648322" confidence="0.8">
<link xlink:type="simple" xlink:href="../551/452551.xml">
Flatlands</link></section>
</location>
</area>
</vicinity>
</region>
. <village wordnetid="108672738" confidence="0.9508927676800064">
<link xlink:type="simple" xlink:href="../338/3338.xml">
The Bronx</link></village>
, neighbourhoods such as <site wordnetid="108651247" confidence="0.9508927676800064">
<link xlink:type="simple" xlink:href="../098/152098.xml">
Wakefield</link></site>
, <link xlink:type="simple" xlink:href="../177/260177.xml">
Eastchester</link>, <link xlink:type="simple" xlink:href="../473/1088473.xml">
Baychester</link>, <link xlink:type="simple" xlink:href="../394/4994394.xml">
Queens</link>, <county wordnetid="108546183" confidence="0.9508927676800064">
<link xlink:type="simple" xlink:href="../367/48367.xml">
Westchester County</link></county>
 and nearby <village wordnetid="108672738" confidence="0.9508927676800064">
<link xlink:type="simple" xlink:href="../925/256925.xml">
Stamford, Connecticut</link></village>
 also have significant Jamaican ex-pat communities. Flatbush, Nostrand, and Utica Avenues feature miles of Jamaican cuisine, food markets and other businesses, nightlife and residential enclaves.</p>
<p>

In <village wordnetid="108672738" confidence="0.9508927676800064">
<link xlink:type="simple" xlink:href="../646/64646.xml">
Toronto</link></village>
, the Jamaican community is also large. Caribbean areas of the city are located in parts of <region wordnetid="108630985" confidence="0.8">
<vicinity wordnetid="108641113" confidence="0.8">
<area wordnetid="108497294" confidence="0.8">
<location wordnetid="100027167" confidence="0.8">
<section wordnetid="108648322" confidence="0.8">
<link xlink:type="simple" xlink:href="../504/653504.xml">
Rexdale</link></section>
</location>
</area>
</vicinity>
</region>
, <village wordnetid="108672738" confidence="0.9508927676800064">
<link xlink:type="simple" xlink:href="../479/310479.xml">
Scarborough</link></village>
, <link xlink:type="simple" xlink:href="../267/1019267.xml">
Jane and Finch</link>, <region wordnetid="108630985" confidence="0.8">
<vicinity wordnetid="108641113" confidence="0.8">
<area wordnetid="108497294" confidence="0.8">
<location wordnetid="100027167" confidence="0.8">
<section wordnetid="108648322" confidence="0.8">
<link xlink:type="simple" xlink:href="../559/1137559.xml">
Lawrence Heights</link></section>
</location>
</area>
</vicinity>
</region>
, <link xlink:type="simple" xlink:href="../812/643812.xml">
Weston</link>, sections of <region wordnetid="108630985" confidence="0.8">
<vicinity wordnetid="108641113" confidence="0.8">
<area wordnetid="108497294" confidence="0.8">
<location wordnetid="100027167" confidence="0.8">
<district wordnetid="108552138" confidence="0.8">
<section wordnetid="108648322" confidence="0.8">
<link xlink:type="simple" xlink:href="../380/5835380.xml">
Downtown Toronto</link></section>
</district>
</location>
</area>
</vicinity>
</region>
, and <city wordnetid="108524735" confidence="0.9508927676800064">
<link xlink:type="simple" xlink:href="../749/488749.xml">
York</link></city>
, which also includes a <link xlink:type="simple" xlink:href="../668/7981668.xml">
Little Jamaica</link> neighbourhood that is identifiable along <artifact wordnetid="100021939" confidence="0.8">
<street wordnetid="104334599" confidence="0.8">
<way wordnetid="104564698" confidence="0.8">
<thoroughfare wordnetid="104426618" confidence="0.8">
<road wordnetid="104096066" confidence="0.8">
<link xlink:type="simple" xlink:href="../363/1648363.xml">
Eglinton Avenue West</link></road>
</thoroughfare>
</way>
</street>
</artifact>
. Though in recent times most Jamaicans have been moving out to suburbs such as <village wordnetid="108672738" confidence="0.9508927676800064">
<link xlink:type="simple" xlink:href="../089/160089.xml">
Mississauga</link></village>
 and <village wordnetid="108672738" confidence="0.9508927676800064">
<link xlink:type="simple" xlink:href="../084/160084.xml">
Brampton</link></village>
. The Jamaican community has had an influence on Toronto's culture. <link xlink:type="simple" xlink:href="../643/841643.xml">
Caribana</link> (the celebration of Caribbean culture) is an annual event in the city. Jamaica Day is in July and the Jesus in the City Parade attracts many Jamaican Christians. This festival is held downtown every September, shutting down <region wordnetid="108630985" confidence="0.8">
<artifact wordnetid="100021939" confidence="0.8">
<location wordnetid="100027167" confidence="0.8">
<street wordnetid="104334599" confidence="0.8">
<way wordnetid="104564698" confidence="0.8">
<thoroughfare wordnetid="104426618" confidence="0.8">
<road wordnetid="104096066" confidence="0.8">
<district wordnetid="108552138" confidence="0.8">
<link xlink:type="simple" xlink:href="../327/285327.xml">
Yonge Street</link></district>
</road>
</thoroughfare>
</way>
</street>
</location>
</artifact>
</region>
 - the busiest main street in Downtown Toronto. Reggae and dancehall are popular among Toronto's youth.  </p>
<p>

<village wordnetid="108672738" confidence="0.9508927676800064">
<link xlink:type="simple" xlink:href="../867/17867.xml">
London</link></village>
 has a strong Jamaican diaspora. An estimated 7% of Londoners are of Jamaican heritage. Many are now at least second-, if not third- or fourth-generation Black British Caribbeans. Also a further 2% of people in London are of mixed Jamaican and British origin, the largest mixed-race group of the country and the fastest-growing.</p>
<p>

One of the largest and most famous Jamaican expatriate communities is in <site wordnetid="108651247" confidence="0.9508927676800064">
<link xlink:type="simple" xlink:href="../901/93901.xml">
Brixton</link></site>
, <region wordnetid="108630985" confidence="0.8">
<location wordnetid="100027167" confidence="0.8">
<district wordnetid="108552138" confidence="0.8">
<link xlink:type="simple" xlink:href="../622/373622.xml">
South London</link></district>
</location>
</region>
. More large Jamaican communities in London are <site wordnetid="108651247" confidence="0.9508927676800064">
<link xlink:type="simple" xlink:href="../957/18253957.xml">
Tottenham</link></site>
 and <region wordnetid="108630985" confidence="0.8">
<location wordnetid="100027167" confidence="0.8">
<district wordnetid="108552138" confidence="0.8">
<link xlink:type="simple" xlink:href="../937/93937.xml">
Hackney</link></district>
</location>
</region>
 in North London, <site wordnetid="108651247" confidence="0.9508927676800064">
<link xlink:type="simple" xlink:href="../058/94058.xml">
Harlesden</link></site>
 in North-West London, and <site wordnetid="108651247" confidence="0.9508927676800064">
<link xlink:type="simple" xlink:href="../414/253414.xml">
Lewisham</link></site>
 in South-East London. The highest concentration of Jamaicans are in the Inner-city South London boroughs. </p>
<p>

On the last bank holiday of the year during late August the Annual <fundamental_quantity wordnetid="113575869" confidence="0.8">
<time_period wordnetid="115113229" confidence="0.8">
<event wordnetid="100029378" confidence="0.8">
<festival wordnetid="115162388" confidence="0.8">
<psychological_feature wordnetid="100023100" confidence="0.8">
<link xlink:type="simple" xlink:href="../103/241103.xml">
Notting Hill Carnival</link></psychological_feature>
</festival>
</event>
</time_period>
</fundamental_quantity>
 takes place in <region wordnetid="108630985" confidence="0.8">
<location wordnetid="100027167" confidence="0.8">
<district wordnetid="108552138" confidence="0.8">
<link xlink:type="simple" xlink:href="../819/1493819.xml">
West London</link></district>
</location>
</region>
 which is the second biggest street party in the world after <link xlink:type="simple" xlink:href="../023/4213023.xml">
Rio Carnival</link>. It spans areas of <region wordnetid="108630985" confidence="0.8">
<location wordnetid="100027167" confidence="0.8">
<district wordnetid="108552138" confidence="0.8">
<link xlink:type="simple" xlink:href="../819/1493819.xml">
West London</link></district>
</location>
</region>
 such as <site wordnetid="108651247" confidence="0.9508927676800064">
<link xlink:type="simple" xlink:href="../275/234275.xml">
Shepherd's Bush</link></site>
, <link>
Ladbroke Grove</link>, <site wordnetid="108651247" confidence="0.9508927676800064">
<link xlink:type="simple" xlink:href="../385/94385.xml">
White City</link></site>
 and of course <site wordnetid="108651247" confidence="0.9508927676800064">
<link xlink:type="simple" xlink:href="../200/94200.xml">
Notting Hill</link></site>
. Many other Caribbean nations have large communities in this part of London such as <link xlink:type="simple" xlink:href="../457/3565457.xml">
Trinidad and Tobago</link>, <system wordnetid="108435388" confidence="0.8">
<economy wordnetid="108366753" confidence="0.8">
<group wordnetid="100031264" confidence="0.8">
<link xlink:type="simple" xlink:href="../455/3455.xml">
Barbados</link></group>
</economy>
</system>
 and <link xlink:type="simple" xlink:href="../554/1967554.xml">
Antigua</link>. The <ethnic_group wordnetid="107967382" confidence="0.9508927676800064">
<link xlink:type="simple" xlink:href="../773/5579773.xml">
Caribbean community</link></ethnic_group>
 including many Jamaicans are involved in the Carnival which starts on Saturday and finishes late on Monday. Jamaicans have many food stalls, soundsystems and floats involved in the procession. Well over a million londoners come to Notting Hill on the Monday. There is also a much smaller carnival called the <link>
Tottenham Carnival</link> which takes place in <site wordnetid="108651247" confidence="0.9508927676800064">
<link xlink:type="simple" xlink:href="../957/18253957.xml">
Tottenham</link></site>
 during June, approximately 40,000 people attend.  </p>
<p>

Other Jamaican communities include the areas of <site wordnetid="108651247" confidence="0.9508927676800064">
<link xlink:type="simple" xlink:href="../342/1333342.xml">
St Pauls</link></site>
 in <village wordnetid="108672738" confidence="0.9508927676800064">
<link xlink:type="simple" xlink:href="../741/36741.xml">
Bristol</link></village>
, <site wordnetid="108651247" confidence="0.9508927676800064">
<link xlink:type="simple" xlink:href="../732/925732.xml">
Chapeltown</link></site>
 in <site wordnetid="108651247" confidence="0.9508927676800064">
<link xlink:type="simple" xlink:href="../427/8262427.xml">
Leeds</link></site>
, <site wordnetid="108651247" confidence="0.9508927676800064">
<link xlink:type="simple" xlink:href="../803/569803.xml">
Moss Side</link></site>
, <site wordnetid="108651247" confidence="0.9508927676800064">
<link xlink:type="simple" xlink:href="../244/1274244.xml">
Longsight</link></site>
 and <site wordnetid="108651247" confidence="0.9508927676800064">
<link xlink:type="simple" xlink:href="../728/1040728.xml">
Hulme</link></site>
 in <village wordnetid="108672738" confidence="0.9508927676800064">
<link xlink:type="simple" xlink:href="../206/20206.xml">
Manchester</link></village>
, <site wordnetid="108651247" confidence="0.9508927676800064">
<link xlink:type="simple" xlink:href="../016/439016.xml">
Toxteth</link></site>
 in <village wordnetid="108672738" confidence="0.9508927676800064">
<link xlink:type="simple" xlink:href="../081/18081.xml">
Liverpool</link></village>
,<region wordnetid="108630985" confidence="0.8">
<physical_entity wordnetid="100001930" confidence="0.8">
<person wordnetid="100007846" confidence="0.8">
<ward wordnetid="110767020" confidence="0.8">
<location wordnetid="100027167" confidence="0.8">
<causal_agent wordnetid="100007347" confidence="0.8">
<district wordnetid="108552138" confidence="0.8">
<link xlink:type="simple" xlink:href="../168/1751168.xml">
Burngreave</link></district>
</causal_agent>
</location>
</ward>
</person>
</physical_entity>
</region>
 in <village wordnetid="108672738" confidence="0.9508927676800064">
<link xlink:type="simple" xlink:href="../885/88885.xml">
Sheffield</link></village>
, <region wordnetid="108630985" confidence="0.8">
<area wordnetid="108497294" confidence="0.8">
<location wordnetid="100027167" confidence="0.8">
<link xlink:type="simple" xlink:href="../312/608312.xml">
Handsworth</link></location>
</area>
</region>
, <region wordnetid="108630985" confidence="0.8">
<area wordnetid="108497294" confidence="0.8">
<location wordnetid="100027167" confidence="0.8">
<link xlink:type="simple" xlink:href="../273/1881273.xml">
Lozells</link></location>
</area>
</region>
, and <site wordnetid="108651247" confidence="0.9508927676800064">
<link xlink:type="simple" xlink:href="../997/342997.xml">
Aston</link></site>
 in <village wordnetid="108672738" confidence="0.9508927676800064">
<link xlink:type="simple" xlink:href="../056/13882056.xml">
Birmingham</link></village>
, and <region wordnetid="108630985" confidence="0.8">
<structure wordnetid="104341686" confidence="0.8">
<building wordnetid="102913152" confidence="0.8">
<artifact wordnetid="100021939" confidence="0.8">
<location wordnetid="100027167" confidence="0.8">
<district wordnetid="108552138" confidence="0.8">
<link xlink:type="simple" xlink:href="../825/2853825.xml">
St Ann's</link></district>
</location>
</artifact>
</building>
</structure>
</region>
, <village wordnetid="108672738" confidence="0.9508927676800064">
<link xlink:type="simple" xlink:href="../470/39470.xml">
Nottingham</link></village>
. More recently many resort and wild-life management skilled Jamaicans have been trending emigration toward such far-flung nations as <country wordnetid="108544813" confidence="0.9508927676800064">
<link xlink:type="simple" xlink:href="../264/4689264.xml">
Australia</link></country>
, <autocracy wordnetid="108361001" confidence="0.8">
<body wordnetid="107965085" confidence="0.8">
<social_group wordnetid="107950920" confidence="0.8">
<political_orientation wordnetid="106212839" confidence="0.8">
<monarchy wordnetid="108363812" confidence="0.8">
<colony wordnetid="108374049" confidence="0.8">
<political_system wordnetid="108367880" confidence="0.8">
<group wordnetid="100031264" confidence="0.8">
<democracy wordnetid="106217103" confidence="0.8">
<link xlink:type="simple" xlink:href="../064/4913064.xml">
New Zealand</link></democracy>
</group>
</political_system>
</colony>
</monarchy>
</political_orientation>
</social_group>
</body>
</autocracy>
 and <country wordnetid="108544813" confidence="0.9508927676800064">
<link xlink:type="simple" xlink:href="../579/14579.xml">
Indonesia</link></country>
. The nation continues to have a severe problem with <link xlink:type="simple" xlink:href="../896/7709896.xml">
barrel children</link>--those left on their own by parents seeking a better life abroad.</p>

<sec>
<st>
Crime</st>

<p>

Jamaican immigration in Toronto has come under scrutiny recently following a rash of cross-border crime and the Toronto police are investigating links between gang violence in Toronto and deadly clashes in Jamaica<weblink xlink:type="simple" xlink:href="http://www.cbc.ca/world/story/2003/02/09/jamaica_fantino030209.html">
http://www.cbc.ca/world/story/2003/02/09/jamaica_fantino030209.html</weblink>. A further source of friction with other Torontonians is the perceived prevalence of Jamaican illegal immigration. The fall of 2002 stands out in particular when nine young men were killed in a series of shootings in Toronto. One of the suspects, who was later murdered, turned out to be a Jamaican who was living in Canada illegally.<weblink xlink:type="simple" xlink:href="http://www.cbc.ca/world/story/2003/02/09/jamaica_fantino030209.html">
http://www.cbc.ca/world/story/2003/02/09/jamaica_fantino030209.html</weblink> The consequences of this immigration has often been deportations, costly to the Canadian taxpayer; Canada deports about 200 people back to Jamaica every year. In dozens of cases, the men and women are being sent back because they've been convicted of crimes.<weblink xlink:type="simple" xlink:href="http://www.cbc.ca/world/story/2003/02/09/jamaica_fantino030209.html">
http://www.cbc.ca/world/story/2003/02/09/jamaica_fantino030209.html</weblink></p>

</sec>
<sec>
<st>
Locations</st>

<ss1>
<st>
United Kingdom</st>

<p>

<indent level="1">

<it>Main article: <link xlink:type="simple" xlink:href="../212/11214212.xml">
Jamaican British</link></it>
</indent>

<table class="metadata plainlinks ambox ">
<row>
<col>

ambox-content" style=""</col>
</row>
<row>
<col class="mbox-image"><p>

<image width="39px" src="Ambox_contradict.svg">
<caption>

Accuracy dispute
</caption>
</image>
</p>
</col>
<col style="" class="mbox-text">
 This article appears to <b>contradict</b> the  article <autocracy wordnetid="108361001" confidence="0.8">
<system wordnetid="108435388" confidence="0.8">
<social_group wordnetid="107950920" confidence="0.8">
<political_orientation wordnetid="106212839" confidence="0.8">
<monarchy wordnetid="108363812" confidence="0.8">
<state wordnetid="108168978" confidence="0.8">
<political_unit wordnetid="108359949" confidence="0.8">
<political_system wordnetid="108367880" confidence="0.8">
<economy wordnetid="108366753" confidence="0.8">
<group wordnetid="100031264" confidence="0.8">
<democracy wordnetid="106217103" confidence="0.8">
<link>
United_Kingdom#Ethnic_groups</link></democracy>
</group>
</economy>
</political_system>
</political_unit>
</state>
</monarchy>
</political_orientation>
</social_group>
</system>
</autocracy>
.
Please see discussion on the linked . Please do not remove this message until the contradictions are resolved.</col>
</row>
</table>


UK - around 420,000 especially in <village wordnetid="108672738" confidence="0.9508927676800064">
<link xlink:type="simple" xlink:href="../867/17867.xml">
London</link></village>
, <village wordnetid="108672738" confidence="0.9508927676800064">
<link xlink:type="simple" xlink:href="../056/13882056.xml">
Birmingham</link></village>
, <village wordnetid="108672738" confidence="0.9508927676800064">
<link xlink:type="simple" xlink:href="../470/39470.xml">
Nottingham</link></village>
, <village wordnetid="108672738" confidence="0.9508927676800064">
<link xlink:type="simple" xlink:href="../081/18081.xml">
Liverpool</link></village>
, <village wordnetid="108672738" confidence="0.9508927676800064">
<link xlink:type="simple" xlink:href="../206/20206.xml">
Manchester</link></village>
, <village wordnetid="108672738" confidence="0.9508927676800064">
<link xlink:type="simple" xlink:href="../885/88885.xml">
Sheffield</link></village>
 and <site wordnetid="108651247" confidence="0.9508927676800064">
<link xlink:type="simple" xlink:href="../427/8262427.xml">
Leeds</link></site>
.</p>

</ss1>
<ss1>
<st>
United States</st>

<p>

<indent level="1">

<it>Main article: <ethnic_group wordnetid="107967382" confidence="0.9508927676800064">
<link xlink:type="simple" xlink:href="../589/9297589.xml">
Jamaican American</link></ethnic_group>
</it>
</indent>
US - around 737,000<ref xlink:type="simple" xlink:href="#xpointer(//reflist/entry[@id=%223%22])">3</ref> especially in <village wordnetid="108672738" confidence="0.9508927676800064">
<link xlink:type="simple" xlink:href="../042/645042.xml">
New York City</link></village>
 (416,000), <link xlink:type="simple" xlink:href="../921/995921.xml">
South Florida</link> and elsewhere.</p>

</ss1>
<ss1>
<st>
Canada</st>

<p>

<indent level="1">

<it>Main article: <ethnic_group wordnetid="107967382" confidence="0.8">
<group wordnetid="100031264" confidence="0.8">
<link xlink:type="simple" xlink:href="../903/10788903.xml">
Jamaican Canadian</link></group>
</ethnic_group>
</it>
</indent>
Canada - around 231,000<ref xlink:type="simple" xlink:href="#xpointer(//reflist/entry[@id=%224%22])">4</ref> especially in the <village wordnetid="108672738" confidence="0.9508927676800064">
<link xlink:type="simple" xlink:href="../646/64646.xml">
Toronto</link></village>
 metropolitan area (around 160,000)<ref xlink:type="simple" xlink:href="#xpointer(//reflist/entry[@id=%225%22])">5</ref> and <village wordnetid="108672738" confidence="0.9508927676800064">
<link xlink:type="simple" xlink:href="../084/160084.xml">
Brampton</link></village>
 (around 31,000).<ref xlink:type="simple" xlink:href="#xpointer(//reflist/entry[@id=%226%22])">6</ref></p>

</ss1>
</sec>
<sec>
<st>
References</st>

<p>

<reflist>
<entry id="1">
"<weblink xlink:type="simple" xlink:href="http://encarta.msn.com/encyclopedia_761569844_2/Cuba.html">
Cuba</weblink>".&#32;  Microsoft Encarta.&#32;Retrieved on <link>
2008-08-31</link>.</entry>
<entry id="2">
"<weblink xlink:type="simple" xlink:href="http://encarta.msn.com/encyclopedia_761577584_3/Nicaragua.html">
Nicaragua</weblink>".&#32;  Microsoft Encarta.&#32;Retrieved on <link>
2008-08-31</link>.</entry>
<entry id="3">
"<weblink xlink:type="simple" xlink:href="http://factfinder.census.gov/servlet/DTTable?_bm=y&amp;-context=dt&amp;-ds_name=DEC_2000_SF3_U&amp;-mt_name=DEC_2000_SF3_U_PCT018&amp;-CONTEXT=dt&amp;-tree_id=403&amp;-redoLog=true&amp;-all_geo_types=N&amp;-geo_id=01000US&amp;-search_results=01000US&amp;-format=&amp;-_lang=en&amp;-SubjectID=14595646">
Census 2000 Detailed Tables: Ancestry</weblink>".&#32;  US Census Bureau.&#32;Retrieved on <link>
2008-08-31</link>.</entry>
<entry id="4">
"<weblink xlink:type="simple" xlink:href="http://www12.statcan.ca/english/census06/data/highlights/ethnic/pages/Page.cfm?Lang=E&amp;Geo=PR&amp;Code=01&amp;Data=Count&amp;Table=2&amp;StartRec=1&amp;Sort=3&amp;Display=All&amp;CSDFilter=5000">
Ethnological Portrait of Canada, 2006 Census</weblink>".&#32;  Statistics Canada.&#32;Retrieved on <link>
2008-08-31</link>.</entry>
<entry id="5">
"<weblink xlink:type="simple" xlink:href="http://www12.statcan.ca/english/census06/data/highlights/ethnic/pages/Page.cfm?Lang=E&amp;Geo=CMA&amp;Code=535__&amp;Data=Count&amp;Table=2&amp;StartRec=1&amp;Sort=3&amp;Display=All&amp;CSDFilter=5000">
Ethnological Portrait of Canada, 2006 Census</weblink>".&#32;  Statistics Canada.&#32;Retrieved on <link>
2008-08-31</link>.</entry>
<entry id="6">
"<weblink xlink:type="simple" xlink:href="http://www12.statcan.ca/english/census06/data/highlights/ethnic/pages/Page.cfm?Lang=E&amp;Geo=CSD&amp;Code=3521010&amp;Table=2&amp;Data=Count&amp;StartRec=1&amp;Sort=3&amp;Display=All&amp;CSDFilter=5000">
Ethnological Portrait of Canada, 2006 Census</weblink>".&#32;  Statistics Canada.&#32;Retrieved on <link>
2008-08-31</link>.</entry>
</reflist>
</p>


</sec>
</bdy>
</relation>
</article>
