<?xml version="1.0" encoding="UTF-8"?>
<!-- generated by CLiX/Wiki2XML [MPI-Inf, MMCI@UdS] $LastChangedRevision: 92 $ on 16.04.2009 18:01:04[mciao0825] -->
<!DOCTYPE article SYSTEM "../article.dtd">
<article xmlns:xlink="http://www.w3.org/1999/xlink">
<header>
<title>Probabilistic relational model</title>
<id>1030028</id>
<revision>
<id>243885634</id>
<timestamp>2008-10-08T13:39:39Z</timestamp>
<contributor>
<username>Infrogmation</username>
<id>4444</id>
</contributor>
</revision>
</header>
<bdy>

A <b>Probabilistic relational model</b> (PRM) is the counterpart of a <physical_entity wordnetid="100001930" confidence="0.8">
<person wordnetid="100007846" confidence="0.8">
<model wordnetid="110324560" confidence="0.8">
<assistant wordnetid="109815790" confidence="0.8">
<worker wordnetid="109632518" confidence="0.8">
<causal_agent wordnetid="100007347" confidence="0.8">
<link xlink:type="simple" xlink:href="../996/203996.xml">
Bayesian network</link></causal_agent>
</worker>
</assistant>
</model>
</person>
</physical_entity>
 in <link xlink:type="simple" xlink:href="../111/19667111.xml">
statistical relational learning</link>. 
<sec>
<st>
External links</st>
<p>

<list>
<entry level="1" type="bullet">

 <weblink xlink:type="simple" xlink:href="http://forum.stanford.edu/research/project.php?id=164">
A description of PRMs</weblink></entry>
</list>


</p>
</sec>
</bdy>
</article>
