<?xml version="1.0" encoding="UTF-8"?>
<!-- generated by CLiX/Wiki2XML [MPI-Inf, MMCI@UdS] $LastChangedRevision: 92 $ on 17.04.2009 00:15:31[mciao0826] -->
<!DOCTYPE article SYSTEM "../article.dtd">
<article xmlns:xlink="http://www.w3.org/1999/xlink">
<organization  confidence="0.9511911446218017" wordnetid="108008335">
<header>
<title>Peace Oil</title>
<id>10323757</id>
<revision>
<id>237165478</id>
<timestamp>2008-09-08T23:19:36Z</timestamp>
<contributor>
<username>Cydebot</username>
<id>1215485</id>
</contributor>
</revision>
<categories>
<category>Non-governmental organizations involved in the Israeli-Palestinian peace process</category>
</categories>
</header>
<bdy>

<b>Peace Oil</b> is an initiative of the Charities Advisory Trust <ref xlink:type="simple" xlink:href="#xpointer(//reflist/entry[@id=%221%22])">1</ref>, a UK-based registered charity, lead by Hilary Blume <ref xlink:type="simple" xlink:href="#xpointer(//reflist/entry[@id=%222%22])">2</ref> which supports fund-raising by other charitable organisations. The charity describes the oil as "is produced in Israel by Jews, Arabs, Druze and Bedouin working together ...(it) encourages co-operation between communities".<ref xlink:type="simple" xlink:href="#xpointer(//reflist/entry[@id=%223%22])">3</ref> The project has been running since 2006 when the oil was launched at an <weblink xlink:type="simple" xlink:href="http://www.doingzionism.org.il/about_us/activity.asp?id=353">
Israel Expo Day</weblink> organised by the <weblink xlink:type="simple" xlink:href="http://www.zionist.org.uk/new/cms/?id=23">
 Zionist Federation of Great Britain and Ireland</weblink>, which promoted it as  a way "to support Israel’s vibrant trade...to make a difference to the actual future of Israel."<ref xlink:type="simple" xlink:href="#xpointer(//reflist/entry[@id=%224%22])">4</ref><p>

According to the project's own web site, the oil is produced in <country wordnetid="108544813" confidence="0.9508927676800064">
<link xlink:type="simple" xlink:href="../173/9282173.xml">
Israel</link></country>
 by <link xlink:type="simple" xlink:href="../684/6516684.xml">
Jews</link>, <link xlink:type="simple" xlink:href="../ury/22nd_century.xml">
Arabs</link>, <group wordnetid="100031264" confidence="0.9508927676800064">
<link xlink:type="simple" xlink:href="../632/8632.xml">
Druze</link></group>
 and <physical_entity wordnetid="100001930" confidence="0.8">
<person wordnetid="100007846" confidence="0.8">
<wanderer wordnetid="110765679" confidence="0.8">
<traveler wordnetid="109629752" confidence="0.8">
<causal_agent wordnetid="100007347" confidence="0.8">
<nomad wordnetid="110359759" confidence="0.8">
<link xlink:type="simple" xlink:href="../770/61770.xml">
Bedouin</link></nomad>
</causal_agent>
</traveler>
</wanderer>
</person>
</physical_entity>
 working together. The olives are grown in the foothills of the <link>
Carmel Mountains</link> and pressed within hours of picking to produce a prize winning extra virgin <link xlink:type="simple" xlink:href="../478/22478.xml">
olive oil</link>. The charity claims that its activities promote peace, though this has been challenged by campaigners, who <weblink xlink:type="simple" xlink:href="http://www.palestinecampaign.org/psc_news.asp?d=y&amp;id=202">
accuse it</weblink> of misleadingly attaching a "peace" label to an Israeli product which relies on continuing injustices suffered by <link xlink:type="simple" xlink:href="../267/23267.xml">
Palestinians</link>.</p>

<sec>
<st>
Criticism</st>

<p>

Critics argue that Arab workers being employed to work for an Israeli company does no more to promote a peaceful resolution of the Israel/Palestine conflict than Black workers being employed in the production of South African gold, wine or diamonds did to end <link xlink:type="simple" xlink:href="../527/2200527.xml">
Apartheid</link>. Under Israeli military occupation in the <link xlink:type="simple" xlink:href="../209/33209.xml">
West Bank</link>, Palestinian olive groves are regularly destroyed and uprooted, farmers are denied access to their own land while checkpoints and discriminatory regulations routinely disrupt Palestinian economic life. <link xlink:type="simple" xlink:href="../479/22479.xml">
Olive</link> trees and oil have been central to many disputes in the occupied territories with <weblink xlink:type="simple" xlink:href="http://www.american.edu/ted/ice/olive-tree.htm">
well documented accounts of the destruction of Palestinian olive groves</weblink> by both <weblink xlink:type="simple" xlink:href="http://www.haaretz.com/hasen/spages/873850.html">
Israeli settlers</weblink> and <weblink xlink:type="simple" xlink:href="http://www.guardian.co.uk/israel/Story/0,2763,473147,00.html">
the Israeli Army</weblink>. </p>
<p>

The Charities Advisory Trust has been asked <ref xlink:type="simple" xlink:href="#xpointer(//reflist/entry[@id=%225%22])">5</ref> <ref xlink:type="simple" xlink:href="#xpointer(//reflist/entry[@id=%226%22])">6</ref> to explain which disadvantaged communities benefit from this enterprise and to justify their claims about the benefits of Peace Oil. It has been suggested that the oil is a distraction from <weblink xlink:type="simple" xlink:href="http://www.zaytoun.org/">
fairly traded oil being being produced by Palestinian farmers in the occupied territories</weblink>. </p>
<p>

An unrelated product, marketed in the USA as <weblink xlink:type="simple" xlink:href="http://www.peaceoil.net/">
Peace Oil</weblink>, is produced from Palestinian olives, and marketed in cooperation with Israeli and Palestinian <link xlink:type="simple" xlink:href="../147/49147.xml">
Fair Trade</link> groups. According to supporters, "Unlike the London version, it is mostly olive oil from the West Bank where economic assistance is most needed".<ref xlink:type="simple" xlink:href="#xpointer(//reflist/entry[@id=%227%22])">7</ref></p>



</sec>
<sec>
<st>
External links</st>
<p>

<list>
<entry level="1" type="bullet">

<weblink xlink:type="simple" xlink:href="http://www.peaceoil.org">
Peace Oil website</weblink></entry>
<entry level="1" type="bullet">

<weblink xlink:type="simple" xlink:href="http://www.zaytoun.org/">
Fairly traded olive oil from the occupied territories from Zaytoun</weblink></entry>
<entry level="1" type="bullet">

<weblink xlink:type="simple" xlink:href="http://www.charitiesadvisorytrust.org.uk">
Charities Advisory Trust website</weblink></entry>
<entry level="1" type="bullet">

<weblink xlink:type="simple" xlink:href="http://www.american.edu/ted/ice/olive-tree.htm">
Uprooting Olive Trees in Palestine, report from American University, Washington DC</weblink></entry>
<entry level="1" type="bullet">

<weblink xlink:type="simple" xlink:href="http://www.guardian.co.uk/g2/story/0,,2229936,00.html">
Guardian article:  Is charity Peace Oil really the best way to help the Middle East? 20/12/2007</weblink></entry>
<entry level="1" type="bullet">

<weblink xlink:type="simple" xlink:href="http://www.palestinecampaign.org/files/newsmagazines/PN_Autumn_Winter_2007.pdf">
Palestine Solidarity Campaign newsletter- criticism of "Peace Oil", Autumn/Winter 2007</weblink></entry>
</list>
</p>

</sec>
<sec>
<st>
References</st>
<p>

<reflist>
<entry id="1">
<weblink xlink:type="simple" xlink:href="http://www.charitiesadvisorytrust.org.uk/">
Charities Advisory Trust</weblink></entry>
<entry id="2">
<weblink xlink:type="simple" xlink:href="http://www.guardian.co.uk/society/2004/dec/08/charityfinance.guardiansocietysupplement">
<it>Guardian</it> article on Hilary Blume, founder of the Charities Advisory Trust: "Keeping faith - Hilary Blume, the brains behind good cause gifts and greetings cards, has raised millions of pounds for charity. So why does she care so little for charities? Alison Benjamin finds out" <it>Guardian</it> Society section, Wednesday 8 December  2004</weblink>.</entry>
<entry id="3">
<weblink xlink:type="simple" xlink:href="http://www.peaceoil.org/peaceoil/">
Peace Oil website</weblink></entry>
<entry id="4">
<weblink xlink:type="simple" xlink:href="http://www.somethingjewish.co.uk/articles/2074_israel_expo_day.htm">
Israel Expo Day</weblink> Something Jewish,  22 November 2006 </entry>
<entry id="5">
<weblink xlink:type="simple" xlink:href="http://www.guardian.co.uk/money/2007/dec/01/moneysupplement1">
Please join the battle against 'Peace Oil'</weblink> Debbie Fink, <newspaper wordnetid="106267145" confidence="0.9508927676800064">
<link xlink:type="simple" xlink:href="../515/19344515.xml">
The Guardian</link></newspaper>
, 1 December 2007</entry>
<entry id="6">
<weblink xlink:type="simple" xlink:href="http://www.guardian.co.uk/israel/Story/0,,2223925,00.html">
War of words over an oil named Peace</weblink> Mark Tran, The Guardian, 7 December 2007</entry>
<entry id="7">
<weblink xlink:type="simple" xlink:href="http://www.olives101.com/2007/04/01/peace-olive-oil-is-now-available-in-usa/Peace">
Olive Oil available in USA</weblink> Olives and Olive Oil News From All Around The World</entry>
</reflist>
</p>

</sec>
</bdy>
</organization>
</article>
