<?xml version="1.0" encoding="UTF-8"?>
<!-- generated by CLiX/Wiki2XML [MPI-Inf, MMCI@UdS] $LastChangedRevision: 92 $ on 16.04.2009 18:01:43[mciao0827] -->
<!DOCTYPE article SYSTEM "../article.dtd">
<article xmlns:xlink="http://www.w3.org/1999/xlink">
<structure  confidence="0.8" wordnetid="105726345">
<arrangement  confidence="0.8" wordnetid="105726596">
<distribution  confidence="0.8" wordnetid="105729036">
<header>
<title>Puppy Linux</title>
<id>1033505</id>
<revision>
<id>244124662</id>
<timestamp>2008-10-09T13:26:29Z</timestamp>
<contributor>
<username>Afgs</username>
<id>7936595</id>
</contributor>
</revision>
<categories>
<category>Linux distributions</category>
<category>Mini Linux distributions</category>
<category>USB-bootable Linux distributions</category>
<category>Live CD</category>
</categories>
</header>
<bdy>
<template>
<name>infobox OS</name>
<parameters>
<ui>
<software wordnetid="106566077" confidence="0.9508927676800064">
<link xlink:type="simple" xlink:href="../207/3178207.xml">
JWM</link></software>
</ui>
<logo>
<image width="250px" src="Puppylogo.png">
</image>
</logo>
<screenshot>
<image width="250px" src="Puppy_Linux_4.00_Screenshot.png">
</image>
</screenshot>
<website>
<weblink xlink:type="simple" xlink:href="http://www.puppylinux.org/">
www.puppylinux.org</weblink></website>
<latest_release_version>
4.1</latest_release_version>
<package_manager>
PetGet</package_manager>
<marketing_target>
Live CD and aged systems</marketing_target>
<caption>
Puppy Linux 4.00 with applications running</caption>
<latest_release_date>
2008-10-05; 193 days ago</latest_release_date>
<kernel_type>
<link xlink:type="simple" xlink:href="../825/20825.xml">
Monolithic kernel</link> (<software wordnetid="106566077" confidence="0.9508927676800064">
<link xlink:type="simple" xlink:href="../510/18510.xml">
Linux</link></software>
)</kernel_type>
<working_state>
Current</working_state>
<developer>
Barry Kauler, et al.</developer>
<family>
<O wordnetid="106832680" confidence="0.9508927676800064">
<link xlink:type="simple" xlink:href="../297/6097297.xml">
Linux</link></O>
</family>
<name>
Puppy Linux</name>
<source_model>
<link xlink:type="simple" xlink:href="../758/18938758.xml">
Open source</link></source_model>
<license>
various</license>
</parameters>
</template>

<p>

<b>Puppy Linux</b> is a <structure wordnetid="105726345" confidence="0.8">
<arrangement wordnetid="105726596" confidence="0.8">
<distribution wordnetid="105729036" confidence="0.8">
<link xlink:type="simple" xlink:href="../137/331137.xml">
Live CD</link></distribution>
</arrangement>
</structure>
 <link xlink:type="simple" xlink:href="../212/18212.xml">
Linux distribution</link> that is very small and focuses on <link xlink:type="simple" xlink:href="../276/288276.xml">
ease of use</link>. If the computer has at least 256 MB of RAM, the entire operating system and all the applications will run from <link xlink:type="simple" xlink:href="../847/25847.xml">
RAM</link>, allowing the boot medium to be removed after the <link xlink:type="simple" xlink:href="../194/22194.xml">
operating system</link> starts. Applications such as <software wordnetid="106566077" confidence="0.9508927676800064">
<link xlink:type="simple" xlink:href="../193/1590193.xml">
SeaMonkey</link></software>
, <software wordnetid="106566077" confidence="0.9508927676800064">
<link xlink:type="simple" xlink:href="../764/2764.xml">
AbiWord</link></software>
,  <software wordnetid="106566077" confidence="0.9508927676800064">
<link xlink:type="simple" xlink:href="../051/13051.xml">
Gnumeric</link></software>
, and Gxine/<link xlink:type="simple" xlink:href="../658/289658.xml">
xine</link> are included. The distribution is actively developed by Barry Kauler and other active members of the community.</p>
<p>

The latest release is 4.1, released on <link>
2008-10-06</link>.<ref xlink:type="simple" xlink:href="#xpointer(//reflist/entry[@id=%221%22])">1</ref></p>

<sec>
<st>
 Features </st>

<p>

Puppy can be useful for working on old computers, as an emergency rescue system, as a Linux demonstration system, or as a complete general purpose operating system. It can boot from:</p>
<p>

<list>
<entry level="1" type="bullet">

 A <artifact wordnetid="100021939" confidence="0.8">
<instrumentality wordnetid="103575240" confidence="0.8">
<device wordnetid="103183080" confidence="0.8">
<medium wordnetid="106254669" confidence="0.8">
<link xlink:type="simple" xlink:href="../414/400414.xml">
USB flash drive</link></medium>
</device>
</instrumentality>
</artifact>
/keydrive or any other bootable <link>
USB</link> storage device (flash-Puppy)</entry>
<entry level="1" type="bullet">

 A <recording wordnetid="104063868" confidence="0.8">
<artifact wordnetid="100021939" confidence="0.8">
<instrumentality wordnetid="103575240" confidence="0.8">
<sound_recording wordnetid="104262678" confidence="0.8">
<memory_device wordnetid="103744840" confidence="0.8">
<device wordnetid="103183080" confidence="0.8">
<phonograph_record wordnetid="103924069" confidence="0.8">
<medium wordnetid="106254669" confidence="0.8">
<link xlink:type="simple" xlink:href="../902/18959902.xml">
CD-ROM</link></medium>
</phonograph_record>
</device>
</memory_device>
</sound_recording>
</instrumentality>
</artifact>
</recording>
 (live-Puppy), with six flavours to choose from.</entry>
<entry level="1" type="bullet">

 A <link xlink:type="simple" xlink:href="../025/278025.xml">
Zip drive</link> or LS-120/240 <artifact wordnetid="100021939" confidence="0.8">
<instrumentality wordnetid="103575240" confidence="0.8">
<medium wordnetid="106254669" confidence="0.8">
<link xlink:type="simple" xlink:href="../759/271759.xml">
SuperDisk</link></medium>
</instrumentality>
</artifact>
 (zippy-Puppy)</entry>
<entry level="1" type="bullet">

 An internal <link xlink:type="simple" xlink:href="../777/13777.xml">
hard drive</link> (hard-Puppy)</entry>
<entry level="1" type="bullet">

 A <link xlink:type="simple" xlink:href="../592/4122592.xml">
computer network</link> (thin-Puppy)</entry>
<entry level="1" type="bullet">

 An <link xlink:type="simple" xlink:href="../937/18943937.xml">
emulator</link> (emulated-puppy)</entry>
<entry level="1" type="bullet">

 A floppy <link xlink:type="simple" xlink:href="../361/304361.xml">
boot disk</link> that loads the rest of the operating system from a USB drive, CD-ROM, or internal hard drive</entry>
</list>
</p>
<p>

Installing a version of Puppy on hard disk, USB disk, Zip disk, etc. can be done from live-Puppy or another existing installation.
<image width="150px" src="PuppyLinux-ScreenShot-070216-1.png" type="thumb">
<caption>

SeaMonkey, AbiWord and MineSweeper on Puppy Linux 2.13
</caption>
</image>

A unique feature that sets Puppy Linux apart from other Linux distributions is the ability to run a normal working environment on a write-once CD. (It does not require a rewritable CD.) Puppy automatically detects changes in the file system and saves them incrementally on the CD. When the CD is full, users can easily switch to a new CD while carrying over all their files and desktop environment. While other distributions offer Live CD versions of the operating system, they do not allow the programs to be permanently added nor do they allow files to be written to the CD.</p>
<p>

Puppy Linux also features sophisticated write-caching system designed to extend the life of USB flash drives that Puppy Linux runs from.</p>
<p>

A <structure wordnetid="105726345" confidence="0.8">
<arrangement wordnetid="105726596" confidence="0.8">
<distribution wordnetid="105729036" confidence="0.8">
<link xlink:type="simple" xlink:href="../416/5321416.xml">
Live USB</link></distribution>
</arrangement>
</structure>
 of Puppy Linux can be created manually or with <software wordnetid="106566077" confidence="0.9508927676800064">
<link xlink:type="simple" xlink:href="../958/13587958.xml">
UNetbootin</link></software>
 <ref xlink:type="simple" xlink:href="#xpointer(//reflist/entry[@id=%222%22])">2</ref>.</p>

</sec>
<sec>
<st>
GUI</st>
<p>

<image width="150px" src="Puppylinux-215ce2.jpg" type="thumb">
<caption>

Desktop with one of multiple integrated themes with XMMS, mtPaint and gxine running plus an opened text file under Puppy Linux 2.15 CE Viz (with default WM: IceWM)
</caption>
</image>

Puppy comes with a choice of 2 graphical servers: <link xlink:type="simple" xlink:href="../995/534995.xml">
X.org</link> (full-featured) and <link xlink:type="simple" xlink:href="../533/5185533.xml">
Xvesa</link> (lightweight). A wizard during the start-up process guides the user through setting up a graphical server appropriate for their video card &amp; monitor. At the end of the wizard the user will be presented with a desktop and <link xlink:type="simple" xlink:href="../217/876217.xml">
window manager</link>; the default WM in most Puppy releases is <software wordnetid="106566077" confidence="0.9508927676800064">
<link xlink:type="simple" xlink:href="../207/3178207.xml">
JWM</link></software>
. The 2.15 Community Edition provides the <software wordnetid="106566077" confidence="0.9508927676800064">
<link xlink:type="simple" xlink:href="../977/79977.xml">
IceWM</link></software>
 manager by default.</p>
<p>

DotPup packages of the IceWM desktop, <software wordnetid="106566077" confidence="0.9508927676800064">
<link xlink:type="simple" xlink:href="../364/169364.xml">
Fluxbox</link></software>
 and <software wordnetid="106566077" confidence="0.9508927676800064">
<link xlink:type="simple" xlink:href="../969/79969.xml">
Enlightenment</link></software>
 are also available via a link on the Puppy Linux Wiki.</p>
<p>

When the operating system boots, everything in the Puppy package uncompresses into a RAM area, the "<link xlink:type="simple" xlink:href="../349/55349.xml">
ramdisk</link>". The PC needs to have at least 128 MB of RAM (with no more than 8 MB shared video) for all of Puppy to load into the ramdisk. However, it is possible for it to run on a PC with only about 48 MB of RAM because part of the system can be kept on the hard drive, or in the worst case, left on the CD.</p>
<p>

Puppy is fairly full-featured for a system that runs entirely in a ramdisk; applications were chosen that met various constraints, size in particular. Because one of the aims of the distribution is to be extremely easy to set up, there are a number of <link xlink:type="simple" xlink:href="../833/624833.xml">
wizard</link>s that take the user through the process of a range of common tasks.<ref xlink:type="simple" xlink:href="#xpointer(//reflist/entry[@id=%223%22])">3</ref></p>

</sec>
<sec>
<st>
Package management and distribution management</st>
<p>

<image width="150px" src="WNOP02_EeePC_1.jpg" type="thumb">
<caption>

wNOP v0.2 on EeePC: Puppy 3.01 &amp; Compiz-Fusion
</caption>
</image>

Puppy Linux comes with a specific <link xlink:type="simple" xlink:href="../017/47017.xml">
package manager</link> called PetGet. An older kind of packages, DotPup, were used in previous versions of the system and are still compatible.</p>
<p>

Puppy Unleashed is available for creating a custom live CD. It consists of more than 500 packages that are put together according to the user's needs.</p>
<p>

Puppy also comes with a remaster tool that takes a snapshot of the current system and creates a remastered live-CD from it.</p>
<p>

Puppy Linux uses the <structure wordnetid="105726345" confidence="0.8">
<arrangement wordnetid="105726596" confidence="0.8">
<distribution wordnetid="105729036" confidence="0.8">
<link xlink:type="simple" xlink:href="../952/8001952.xml">
T2 SDE</link></distribution>
</arrangement>
</structure>
 build scripts to build the base binary packages.</p>

</sec>
<sec>
<st>
 History </st>
<p>

<image width="150px" src="Puppy301screenshot.png" type="thumb">
<caption>

SeaMonkey, mtPaint, Gnumeric, AbiWord, Gxine running under Puppy Linux 3.01
</caption>
</image>
</p>
<p>

Puppy Linux 3 features <structure wordnetid="105726345" confidence="0.8">
<arrangement wordnetid="105726596" confidence="0.8">
<distribution wordnetid="105729036" confidence="0.8">
<link xlink:type="simple" xlink:href="../290/28290.xml">
Slackware</link></distribution>
</arrangement>
</structure>
 12 compatibility.<ref xlink:type="simple" xlink:href="#xpointer(//reflist/entry[@id=%224%22])">4</ref> This is accomplished by the inclusion of almost all the dependencies needed for the installation of Slackware packages. However, this does not mean that Puppy Linux is now a <link xlink:type="simple" xlink:href="../709/620709.xml#xpointer(//*[./st=%22Slackware-based%22])">
Slackware-based distribution</link>.<ref xlink:type="simple" xlink:href="#xpointer(//reflist/entry[@id=%225%22])">5</ref></p>
<p>

Puppy version 2.14 (86.5 MB) uses the Mozilla-based SeaMonkey as its <work wordnetid="100575741" confidence="0.8">
<examination wordnetid="100635850" confidence="0.8">
<event wordnetid="100029378" confidence="0.8">
<investigation wordnetid="100633864" confidence="0.8">
<act wordnetid="100030358" confidence="0.8">
<psychological_feature wordnetid="100023100" confidence="0.8">
<comparison wordnetid="100142665" confidence="0.8">
<activity wordnetid="100407535" confidence="0.8">
<link xlink:type="simple" xlink:href="../223/396223.xml">
Internet suite</link></activity>
</comparison>
</psychological_feature>
</act>
</investigation>
</event>
</examination>
</work>
 (primarily a <link xlink:type="simple" xlink:href="../173/33173.xml">
web browser</link> and e-mail client). It comes in different sized editions.
<list>
<entry level="1" type="bullet">

The standard edition uses <software wordnetid="106566077" confidence="0.9508927676800064">
<link xlink:type="simple" xlink:href="../764/2764.xml">
AbiWord</link></software>
 as the <link xlink:type="simple" xlink:href="../236/33236.xml">
word processor</link> and is 68 <link xlink:type="simple" xlink:href="../918/19918.xml">
MB</link>; a live-CD ISO file with Mozilla Firefox is 52.4 MB; with the full <link xlink:type="simple" xlink:href="../151/2096151.xml">
Mozilla suite</link> it is 55.3 MB; with <software wordnetid="106566077" confidence="0.9508927676800064">
<link xlink:type="simple" xlink:href="../620/18996620.xml">
Opera</link></software>
 it is 49.6 MB.</entry>
<entry level="1" type="bullet">

A 96.1 MB " Puppy" version includes the <software wordnetid="106566077" confidence="0.9508927676800064">
<link xlink:type="simple" xlink:href="../227/68227.xml">
OpenOffice.org</link></software>
 suite as well.</entry>
<entry level="1" type="bullet">

A 39.9 MB "<link xlink:type="simple" xlink:href="../273/2891273.xml">
BareBone</link>s Puppy" version contains no <link xlink:type="simple" xlink:href="../293/12293.xml">
GUI</link>,</entry>
<entry level="1" type="bullet">

and an 83 MB "zdrv" standard edition, which contains more kernel drivers and firmware.</entry>
</list>
</p>
<p>

Along with <link xlink:type="simple" xlink:href="../745/351745.xml">
Morphix</link>, Puppy Linux is one of the few Linux Live CD distributions able to save files to the Live CD itself (<link xlink:type="simple" xlink:href="../795/421795.xml">
multisession</link>), allowing users to carry data, and more importantly, added programs and customized settings, along with them in the CD. Puppy-multisession is 55.7 MB.
<image width="150px" src="Capture_puppy_linux_jwm.jpg" type="thumb">
<caption>

Menu, Mozilla, Gaim, Gxine on Puppy Linux 1.05
</caption>
</image>

Puppy 1 series will run comfortably on very dated hardware, such as a Pentium computer with at least 32 MB RAM. For newer systems, the USB keydrive version might be better (although if USB device booting is not directly supported in the <generic wordnetid="107899976" confidence="0.9508927676800064">
<link xlink:type="simple" xlink:href="../473/Form_4473.xml">
BIOS</link></generic>
, the Puppy floppy boot disk can be used to kick-start it). It is possible to run Puppy Linux with <O wordnetid="106832680" confidence="0.9508927676800064">
<link xlink:type="simple" xlink:href="../486/454486.xml">
Windows 9x</link></O>
/<version wordnetid="107173585" confidence="0.9508927676800064">
<link xlink:type="simple" xlink:href="../458/75458.xml">
Windows Me</link></version>
. It is also possible, if the BIOS does not support booting from USB drive, to boot from the CD and keep user state on a USB keydrive; this will be saved on shutdown and read from the USB device on bootup.</p>

</sec>
<sec>
<st>
 See also </st>

<p>

<table style="background:#f9f9f9; font-size:85%; line-height:110%; ">
<row>
<col>
 <image width="32x28px" src="Free_Software_Portal_Logo.svg">
</image>
</col>
<col style="padding:0 0.2em;">
 <b><it>
Free software&#32;portal</it></b></col>
</row>
</table>
</p>
<p>

<list>
<entry level="1" type="bullet">

 <link xlink:type="simple" xlink:href="../019/593019.xml">
Mini Linux</link></entry>
</list>
</p>

</sec>
<sec>
<st>
 References </st>

<p>

<reflist>
<entry id="1">
Kauler, Barry.&#32;"<weblink xlink:type="simple" xlink:href="http://www.puppylinux.com/blog/?viewDetailed=00401">
Puppy Dingo 4.1 released</weblink>".</entry>
<entry id="2">
<weblink xlink:type="simple" xlink:href="http://unetbootin.sourceforge.net/">
http://unetbootin.sourceforge.net/</weblink></entry>
<entry id="3">
"<weblink xlink:type="simple" xlink:href="http://www.puppylinux.org/home/overview">
AboutPuppy - Puppy Linux</weblink>".&#32;Retrieved on <link>
2008-08-02</link>.</entry>
<entry id="4">
Kauler, Barry.&#32;"<weblink xlink:type="simple" xlink:href="http://puppylinux.org/user/news.php?readmore=50">
Puppy 3.00 Released (Updated to 3.01)</weblink>".</entry>
<entry id="5">
Kauler, Barry.&#32;"<weblink xlink:type="simple" xlink:href="http://www.puppylinux.com/download/release-3.01.htm">
Puppy Linux release notes v3.00</weblink>".</entry>
</reflist>
</p>

</sec>
<sec>
<st>
 External links </st>

<p>

<list>
<entry level="1" type="bullet">

<weblink xlink:type="simple" xlink:href="http://www.puppylinux.com">
Official website</weblink></entry>
<entry level="1" type="bullet">

<weblink xlink:type="simple" xlink:href="http://www.puppylinux.org">
Community website</weblink></entry>
<entry level="1" type="bullet">

<weblink xlink:type="simple" xlink:href="http://www.murga-linux.com/puppy/">
Official (?) Forum</weblink></entry>
<entry level="1" type="bullet">

<weblink xlink:type="simple" xlink:href="http://distrowatch.com/table.php?distribution=puppy">
<it>Puppy Linux</it> at DistroWatch</weblink></entry>
<entry level="1" type="bullet">

<weblink xlink:type="simple" xlink:href="http://junauza.blogspot.com/2007/10/is-puppy-linux-more-than-just-distro.html">
<it>Puppy Linux Review''</it></weblink></entry>
<entry level="1" type="bullet">

<weblink xlink:type="simple" xlink:href="http://www.desktoplinux.com/articles/AT6545156120.html">
<it>Getting to know Puppy Linux''</it></weblink></entry>
<entry level="1" type="bullet">

<weblink xlink:type="simple" xlink:href="http://www.desktoplinux.com/articles/AT7455536044.html">
<it>An In-Depth Look at Puppy Linux''</it></weblink></entry>
<entry level="1" type="bullet">

<weblink xlink:type="simple" xlink:href="http://distrowatch.com/weekly.php?issue=20070625#feature">
<it>One year with Puppy Linux</it> - DistroWatch Featured Story</weblink></entry>
<entry level="1" type="bullet">

<weblink xlink:type="simple" xlink:href="http://www.hackszine.com/blog/archive/2007/10/running_puppy_linux_inside_os.html">
<it>Running Puppy Linux inside Mac OS X''</it></weblink>, - A tutorial on running Puppy Linux using <software wordnetid="106566077" confidence="0.9508927676800064">
<link xlink:type="simple" xlink:href="../641/4466641.xml">
Q</link></software>
 to emulate it, before transferring it to a 256MB+ USB memory stick.</entry>
<entry level="1" type="bullet">

<weblink xlink:type="simple" xlink:href="http://www.reviewlinux.com/?m=show&amp;id=7424">
<it>ReviewLinux.Com: Puppy Meet My USB Key''</it></weblink></entry>
</list>
</p>


<p>

<table style=";" class="navbox" cellspacing="0">
<row>
<col style="padding:2px;">
<table style="width:100%;background:transparent;color:inherit;;" class="nowraplinks collapsible autocollapse " cellspacing="0">
<row>
<header colspan="2" style=";" class="navbox-title">
<link xlink:type="simple" xlink:href="../212/18212.xml">
Linux distribution</link>s</header>
</row>
<row style="height:2px;">

</row>
<row>
<col colspan="2" style="width:100%;padding:0px;;;" class="navbox-list navbox-odd">
<structure wordnetid="105726345" confidence="0.8">
<arrangement wordnetid="105726596" confidence="0.8">
<distribution wordnetid="105729036" confidence="0.8">
<link xlink:type="simple" xlink:href="../891/674891.xml">
Arch Linux</link></distribution>
</arrangement>
</structure>
&nbsp;·  <O wordnetid="106832680" confidence="0.9508927676800064">
<link xlink:type="simple" xlink:href="../890/998890.xml">
CentOS</link></O>
&nbsp;·  <structure wordnetid="105726345" confidence="0.8">
<arrangement wordnetid="105726596" confidence="0.8">
<distribution wordnetid="105729036" confidence="0.8">
<link xlink:type="simple" xlink:href="../242/8242.xml">
Debian</link></distribution>
</arrangement>
</structure>
&nbsp;·  <structure wordnetid="105726345" confidence="0.8">
<arrangement wordnetid="105726596" confidence="0.8">
<distribution wordnetid="105729036" confidence="0.8">
<link xlink:type="simple" xlink:href="../070/9951070.xml">
Fedora</link></distribution>
</arrangement>
</structure>
&nbsp;·  <O wordnetid="106832680" confidence="0.9508927676800064">
<link xlink:type="simple" xlink:href="../419/94419.xml">
Gentoo</link></O>
&nbsp;·  <structure wordnetid="105726345" confidence="0.8">
<arrangement wordnetid="105726596" confidence="0.8">
<distribution wordnetid="105729036" confidence="0.8">
<link xlink:type="simple" xlink:href="../368/19368.xml">
Mandriva Linux</link></distribution>
</arrangement>
</structure>
&nbsp;·  <O wordnetid="106832680" confidence="0.9508927676800064">
<link xlink:type="simple" xlink:href="../778/556778.xml">
Red Hat Enterprise Linux</link></O>
&nbsp;·  <structure wordnetid="105726345" confidence="0.8">
<arrangement wordnetid="105726596" confidence="0.8">
<distribution wordnetid="105729036" confidence="0.8">
<link xlink:type="simple" xlink:href="../290/28290.xml">
Slackware</link></distribution>
</arrangement>
</structure>
&nbsp;·  <link xlink:type="simple" xlink:href="../875/7612875.xml">
SUSE</link>&nbsp;·  <O wordnetid="106832680" confidence="0.9508927676800064">
<link xlink:type="simple" xlink:href="../298/990298.xml">
Ubuntu</link></O>
&nbsp;·  <it><link xlink:type="simple" xlink:href="../709/620709.xml">
more…</link>''</it></col>
</row>
</table>
</col>
</row>
</table>

</p>


</sec>
</bdy>
</distribution>
</arrangement>
</structure>
</article>
