<?xml version="1.0" encoding="UTF-8"?>
<!-- generated by CLiX/Wiki2XML [MPI-Inf, MMCI@UdS] $LastChangedRevision: 92 $ on 16.04.2009 18:02:13[mciao0826] -->
<!DOCTYPE article SYSTEM "../article.dtd">
<article xmlns:xlink="http://www.w3.org/1999/xlink">
<header>
<title>Greek salad</title>
<id>1034458</id>
<revision>
<id>244074591</id>
<timestamp>2008-10-09T05:55:46Z</timestamp>
<contributor>
<username>Jd2718</username>
<id>1436622</id>
</contributor>
</revision>
<categories>
<category>Greek cuisine</category>
<category>Salads</category>
</categories>
</header>
<bdy>

<image width="150px" src="GreekSalad.jpg" type="thumb">
<caption>

Greek salad, χωριάτικη σαλάτα (with additional ingredients).
</caption>
</image>
<p>

<b>Greek salad</b> (<link xlink:type="simple" xlink:href="../887/11887.xml">
Greek</link>: <it>χωριάτικη σαλάτα</it>, IPA:&nbsp;), 'country/village salad', is a common component of a traditional Greek meal. It is one of the most popular salads, especially during the summer months, in <country wordnetid="108544813" confidence="0.9508927676800064">
<link xlink:type="simple" xlink:href="../108/12108.xml">
Greece</link></country>
 and <body wordnetid="107965085" confidence="0.8">
<system wordnetid="108435388" confidence="0.8">
<social_group wordnetid="107950920" confidence="0.8">
<political_orientation wordnetid="106212839" confidence="0.8">
<colony wordnetid="108374049" confidence="0.8">
<economy wordnetid="108366753" confidence="0.8">
<group wordnetid="100031264" confidence="0.8">
<democracy wordnetid="106217103" confidence="0.8">
<link xlink:type="simple" xlink:href="../593/5593.xml">
Cyprus</link></democracy>
</group>
</economy>
</colony>
</political_orientation>
</social_group>
</system>
</body>
 as it is light, refreshing, and easy to make. True Greek salad is essentially a tomato salad made of sliced or chopped <link xlink:type="simple" xlink:href="../234/9940234.xml">
tomatoes</link> with a few slices of <link xlink:type="simple" xlink:href="../491/164491.xml">
cucumber</link>, <link xlink:type="simple" xlink:href="../808/4955808.xml">
red onion</link>,<link xlink:type="simple" xlink:href="../892/277892.xml">
feta</link> cheese, and kalamata <link xlink:type="simple" xlink:href="../479/22479.xml">
olive</link>s, seasoned with <link xlink:type="simple" xlink:href="../200/1605200.xml">
salt</link>, <link xlink:type="simple" xlink:href="../116/150116.xml">
black pepper</link>, <link xlink:type="simple" xlink:href="../266/22266.xml">
oregano</link>, and <link xlink:type="simple" xlink:href="../865/346865.xml">
basil</link> and dressed with <link xlink:type="simple" xlink:href="../478/22478.xml">
olive oil</link>. Common additions include  <link xlink:type="simple" xlink:href="../940/71940.xml">
bell peppers</link>, <link xlink:type="simple" xlink:href="../317/309317.xml">
capers</link>, <link xlink:type="simple" xlink:href="../741/234741.xml">
anchovies</link>, and <link xlink:type="simple" xlink:href="../436/235436.xml">
sardines</link>. <link xlink:type="simple" xlink:href="../079/57079.xml">
Lettuce</link> and <link xlink:type="simple" xlink:href="../762/32762.xml">
vinegar</link> are also used but not the main ingredient. </p>
<p>

A lettuce salad (called μαρούλι, "lettuce") is a distinct salad, also popular, especially in the autumn and spring, consisting of finely sliced lettuce, <link xlink:type="simple" xlink:href="../433/453433.xml">
scallion</link>s, and fresh <link xlink:type="simple" xlink:href="../985/7985.xml">
dill</link>, and dressed with salt, black pepper, olive oil and <link xlink:type="simple" xlink:href="../762/32762.xml">
red wine vinegar</link> or <link xlink:type="simple" xlink:href="../288/214288.xml">
lemon juice</link>.</p>

<sec>
<st>
Other usage</st>
<p>

The term "Greek salad" is also used in <system wordnetid="108435388" confidence="0.8">
<economy wordnetid="108366753" confidence="0.8">
<group wordnetid="100031264" confidence="0.8">
<link xlink:type="simple" xlink:href="../139/21139.xml">
North America</link></group>
</economy>
</system>
, <country wordnetid="108544813" confidence="0.9508927676800064">
<link xlink:type="simple" xlink:href="../264/4689264.xml">
Australia</link></country>
, <country wordnetid="108544813" confidence="0.9508927676800064">
<link xlink:type="simple" xlink:href="../221/17416221.xml">
South Africa</link></country>
, and the <autocracy wordnetid="108361001" confidence="0.8">
<system wordnetid="108435388" confidence="0.8">
<social_group wordnetid="107950920" confidence="0.8">
<political_orientation wordnetid="106212839" confidence="0.8">
<monarchy wordnetid="108363812" confidence="0.8">
<state wordnetid="108168978" confidence="0.8">
<political_unit wordnetid="108359949" confidence="0.8">
<political_system wordnetid="108367880" confidence="0.8">
<economy wordnetid="108366753" confidence="0.8">
<group wordnetid="100031264" confidence="0.8">
<democracy wordnetid="106217103" confidence="0.8">
<link xlink:type="simple" xlink:href="../717/31717.xml">
United Kingdom</link></democracy>
</group>
</economy>
</political_system>
</political_unit>
</state>
</monarchy>
</political_orientation>
</social_group>
</system>
</autocracy>
 to refer to a lettuce salad with Greek-inspired ingredients, dressed with <link xlink:type="simple" xlink:href="../762/32762.xml">
vinegar</link> and oil.  Lettuce, tomatoes, feta, and olives are the most standard elements in an American "Greek" salad, but cucumbers, bell peppers, onions, <link xlink:type="simple" xlink:href="../497/164497.xml">
radish</link>es, dolmades, anchovies/sardines and pickled hot peppers are common. In the Detroit, Michigan area, for example, a "Greek salad" also includes <link xlink:type="simple" xlink:href="../516/199516.xml">
beet</link>s. Rather than simple olive oil and vinegar, as in a μαρούλι - lettuce salad, prepared dressings containing various herbs and seasonings are frequently employed. This style of "Greek salad" is rarely encountered in Greece except in the homes of American Greeks or restaurants that cater to tourists. In these countries, the true Greek salad, when encountered, may be called by the Greek term horiatiki—pronounced [hɔːriː'ætɪkiː]—or by such terms as "country salad", "peasant salad", or "village salad", to avoid confusion. </p>
<p>

Greek salad is also found in other European countries e.g. Germany (where it is often called Bauernsalat), France (salade à la Grecque), Hungary (görög saláta) and Spain (ensalada griega).</p>
<p>

Various other salads have also been called "Greek" in the English language in the last century, including some with a very old connection to Greek cuisine. For example, one <link xlink:type="simple" xlink:href="../852/19283852.xml">
1938</link> American <link xlink:type="simple" xlink:href="../845/97845.xml">
recipe</link> called for a <link xlink:type="simple" xlink:href="../933/61933.xml">
mayonnaise</link>-dressed lettuce salad with shredded <link xlink:type="simple" xlink:href="../115/55115.xml">
cabbage</link>, <link xlink:type="simple" xlink:href="../739/5985739.xml">
carrots</link>, and diced smoked <link xlink:type="simple" xlink:href="../890/49890.xml">
herring</link> (rega/renga).<ref xlink:type="simple" xlink:href="#xpointer(//reflist/entry[@id=%221%22])">1</ref></p>
<p>

The salads of <link xlink:type="simple" xlink:href="../486/12486.xml">
Greek cuisine</link> are wide and varied. Each region of Greece has or has had a salad specific to the village or area. The most common, described above, start most meals today in Greece at home or when dining out. Other salads of <link xlink:type="simple" xlink:href="../486/12486.xml">
Greek cuisine</link> include cabbage salad ("slaw") (<link>
Lahanosalata</link>), dressed with olive oil and <link xlink:type="simple" xlink:href="../288/214288.xml">
lemon juice</link> and garlic. Beetroot salad (<link>
Pantzarosalata</link>), sliced beetroots, sometimes with beet greens as well, dressed with olive oil and <link xlink:type="simple" xlink:href="../762/32762.xml">
red wine vinegar</link>. Rocket salad, <link xlink:type="simple" xlink:href="../422/92422.xml">
arugula</link> dressed with olive oil and <link xlink:type="simple" xlink:href="../762/32762.xml">
red wine vinegar</link> or <link xlink:type="simple" xlink:href="../288/214288.xml">
lemon juice</link>, can include anchovies. Patata salata: Potato salad with olive oil, finely sliced onions, lemon juice or vinegar. <link>
Revithosalata</link>, <link xlink:type="simple" xlink:href="../146/57146.xml">
chickpea</link> salad. "Maintanouri", parsley salad, usually used as a condiment. <link>
Cypriot salad</link>, native to the island of <body wordnetid="107965085" confidence="0.8">
<system wordnetid="108435388" confidence="0.8">
<social_group wordnetid="107950920" confidence="0.8">
<political_orientation wordnetid="106212839" confidence="0.8">
<colony wordnetid="108374049" confidence="0.8">
<economy wordnetid="108366753" confidence="0.8">
<group wordnetid="100031264" confidence="0.8">
<democracy wordnetid="106217103" confidence="0.8">
<link xlink:type="simple" xlink:href="../593/5593.xml">
Cyprus</link></democracy>
</group>
</economy>
</colony>
</political_orientation>
</social_group>
</system>
</body>
, consists of finely chopped tomatoes, cucumbers, onions, green bell peppers and flat-leaf parsley, and most closely resembles the 'Greek salad' of Greece.</p>
<p>

Some spreads and dips found in the <link xlink:type="simple" xlink:href="../015/351015.xml">
meze</link> of <link xlink:type="simple" xlink:href="../486/12486.xml">
Greek cuisine</link> are also affectionately called 'salad' in Greek. <link>
Melitzanosalata</link> (Greek: μελιτζανοσαλάτα), is an eggplant 'puree' that includes olive oil, red wine vinegar, flat-leaf parsley and garlic (with regional variations). <link xlink:type="simple" xlink:href="../890/1088890.xml">
Taramosalata</link> (Greek: ταραμοσαλάτα) is fish roe mixed with lemon juice, onions, and olive oil, and breadcrumbs or mashed potato.</p>

</sec>
<sec>
<st>
See also</st>
<p>

<list>
<entry level="1" type="bullet">

<link xlink:type="simple" xlink:href="../486/12486.xml">
Greek cuisine</link></entry>
<entry level="1" type="bullet">

<link xlink:type="simple" xlink:href="../022/2582022.xml">
Cuisine of Cyprus</link></entry>
<entry level="1" type="bullet">

<link xlink:type="simple" xlink:href="../911/3620911.xml">
Greek food products</link></entry>
<entry level="1" type="bullet">

<link xlink:type="simple" xlink:href="../325/7794325.xml">
Greek Macedonian cuisine</link></entry>
<entry level="1" type="bullet">

<link xlink:type="simple" xlink:href="../015/351015.xml">
Meze</link></entry>
</list>
</p>


</sec>
<sec>
<st>
References</st>
<p>

<reflist>
<entry id="1">
<person wordnetid="100007846" confidence="0.9508927676800064">
<link xlink:type="simple" xlink:href="../690/3090690.xml">
Barry Popik</link></person>
.&#32;"<weblink xlink:type="simple" xlink:href="http://www.barrypopik.com/index.php/new_york_city/entry/greek_salad/">
Greek Salad</weblink>".&#32;  The Big Apple.&#32;Retrieved on <link>
2006-07-22</link>.</entry>
</reflist>
</p>



</sec>
<sec>
<st>
External Links</st>
<p>

<list>
<entry level="1" type="bullet">

<weblink xlink:type="simple" xlink:href="http://www.riceoflife.com/2008/07/recipe-greek-salad-with-feta-and-olives.html">
Greek salad recipe</weblink></entry>
</list>
</p>
</sec>
</bdy>
</article>
