<?xml version="1.0" encoding="UTF-8"?>
<!-- generated by CLiX/Wiki2XML [MPI-Inf, MMCI@UdS] $LastChangedRevision: 92 $ on 16.04.2009 18:02:16[mciao0826] -->
<!DOCTYPE article SYSTEM "../article.dtd">
<article xmlns:xlink="http://www.w3.org/1999/xlink">
<process  confidence="0.8" wordnetid="105701363">
<inquiry  confidence="0.8" wordnetid="105797597">
<thinking  confidence="0.8" wordnetid="105770926">
<problem_solving  confidence="0.8" wordnetid="105796750">
<experiment  confidence="0.8" wordnetid="105798043">
<trial  confidence="0.8" wordnetid="105799212">
<higher_cognitive_process  confidence="0.8" wordnetid="105770664">
<header>
<title>Gunning fog index</title>
<id>1035054</id>
<revision>
<id>243166374</id>
<timestamp>2008-10-05T12:36:15Z</timestamp>
<contributor>
<username>Sjschen</username>
<id>125119</id>
</contributor>
</revision>
<categories>
<category>Readability tests</category>
</categories>
</header>
<bdy>

In <link xlink:type="simple" xlink:href="../526/17526.xml">
linguistics</link>, the <b>Gunning fog index</b> is a test designed to measure the <link xlink:type="simple" xlink:href="../291/355291.xml">
readability</link> of a sample of <language wordnetid="106282651" confidence="0.8">
<link xlink:type="simple" xlink:href="../916/8569916.xml">
English</link></language>
 <link xlink:type="simple" xlink:href="../977/32977.xml">
writing</link>. The resulting number is an indication of the number of years of formal education that a person requires in order to easily understand the text on the first reading. That is, if a passage has a fog index of 12, it has the reading level of a <body wordnetid="107965085" confidence="0.8">
<social_group wordnetid="107950920" confidence="0.8">
<political_orientation wordnetid="106212839" confidence="0.8">
<colony wordnetid="108374049" confidence="0.8">
<state wordnetid="108168978" confidence="0.8">
<political_unit wordnetid="108359949" confidence="0.8">
<group wordnetid="100031264" confidence="0.8">
<democracy wordnetid="106217103" confidence="0.8">
<link xlink:type="simple" xlink:href="../750/3434750.xml">
U.S.</link></democracy>
</group>
</political_unit>
</state>
</colony>
</political_orientation>
</social_group>
</body>
 <link xlink:type="simple" xlink:href="../556/42556.xml">
high school</link> senior. The test was developed by <link xlink:type="simple" xlink:href="../971/1269971.xml">
Robert Gunning</link>, an <body wordnetid="107965085" confidence="0.8">
<social_group wordnetid="107950920" confidence="0.8">
<political_orientation wordnetid="106212839" confidence="0.8">
<colony wordnetid="108374049" confidence="0.8">
<state wordnetid="108168978" confidence="0.8">
<political_unit wordnetid="108359949" confidence="0.8">
<group wordnetid="100031264" confidence="0.8">
<democracy wordnetid="106217103" confidence="0.8">
<link xlink:type="simple" xlink:href="../750/3434750.xml">
American</link></democracy>
</group>
</political_unit>
</state>
</colony>
</political_orientation>
</social_group>
</body>
 businessman, in 1952.<ref xlink:type="simple" xlink:href="#xpointer(//reflist/entry[@id=%221%22])">1</ref><p>

The fog index is generally used by people who want their writing to be read easily by a large segment of the population. Texts that are designed for a wide audience generally require a fog index of less than 12. </p>

<ss1>
<st>
Typical Gunning fog indices of selected magazines</st>

<p>

<list>
<entry level="1" type="bullet">

12 &mdash; <it><link xlink:type="simple" xlink:href="../743/149743.xml">
Atlantic Monthly</link>''</it></entry>
<entry level="1" type="bullet">

11 &mdash; <it><link xlink:type="simple" xlink:href="../600/31600.xml">
TIME</link></it>, <it><link xlink:type="simple" xlink:href="../078/297078.xml">
Harper's</link>''</it></entry>
<entry level="1" type="bullet">

10 &mdash; <it><magazine wordnetid="106595351" confidence="0.9508927676800064">
<link xlink:type="simple" xlink:href="../169/214169.xml">
Newsweek</link></magazine>
''</it></entry>
<entry level="1" type="bullet">

9 &mdash; <it><work wordnetid="104599396" confidence="0.8">
<product wordnetid="104007894" confidence="0.8">
<magazine wordnetid="106595351" confidence="0.8">
<print_media wordnetid="106263609" confidence="0.8">
<creation wordnetid="103129123" confidence="0.8">
<press wordnetid="106263369" confidence="0.8">
<artifact wordnetid="100021939" confidence="0.8">
<instrumentality wordnetid="103575240" confidence="0.8">
<medium wordnetid="106254669" confidence="0.8">
<publication wordnetid="106589574" confidence="0.8">
<link xlink:type="simple" xlink:href="../434/465434.xml">
Reader's Digest</link></publication>
</medium>
</instrumentality>
</artifact>
</press>
</creation>
</print_media>
</magazine>
</product>
</work>
''</it></entry>
<entry level="1" type="bullet">

8 &mdash; <it><work wordnetid="104599396" confidence="0.8">
<product wordnetid="104007894" confidence="0.8">
<magazine wordnetid="106595351" confidence="0.8">
<print_media wordnetid="106263609" confidence="0.8">
<creation wordnetid="103129123" confidence="0.8">
<press wordnetid="106263369" confidence="0.8">
<artifact wordnetid="100021939" confidence="0.8">
<instrumentality wordnetid="103575240" confidence="0.8">
<medium wordnetid="106254669" confidence="0.8">
<publication wordnetid="106589574" confidence="0.8">
<link xlink:type="simple" xlink:href="../058/392058.xml">
Ladies' Home Journal</link></publication>
</medium>
</instrumentality>
</artifact>
</press>
</creation>
</print_media>
</magazine>
</product>
</work>
''</it></entry>
<entry level="1" type="bullet">

7 &mdash; <it><work wordnetid="104599396" confidence="0.8">
<product wordnetid="104007894" confidence="0.8">
<magazine wordnetid="106595351" confidence="0.8">
<print_media wordnetid="106263609" confidence="0.8">
<creation wordnetid="103129123" confidence="0.8">
<press wordnetid="106263369" confidence="0.8">
<artifact wordnetid="100021939" confidence="0.8">
<instrumentality wordnetid="103575240" confidence="0.8">
<medium wordnetid="106254669" confidence="0.8">
<publication wordnetid="106589574" confidence="0.8">
<link xlink:type="simple" xlink:href="../367/3863367.xml">
True Confessions</link></publication>
</medium>
</instrumentality>
</artifact>
</press>
</creation>
</print_media>
</magazine>
</product>
</work>
''</it></entry>
<entry level="1" type="bullet">

6 &mdash; <link xlink:type="simple" xlink:href="../231/6231.xml">
Comic books</link></entry>
</list>
</p>

</ss1>
<ss1>
<st>
Calculating the Gunning fog index</st>

<p>

The Gunning fog index can be calculated with the following <link xlink:type="simple" xlink:href="../775/775.xml">
algorithm</link>:</p>
<p>

<list>
<entry level="1" type="number">

Take a full passage that is around 100 words (do not omit any sentences).</entry>
<entry level="1" type="number">

Find the average sentence length (divide the number of words by the number of sentences).</entry>
<entry level="1" type="number">

Count words with three or more syllables (complex words), not including proper nouns (for example, Djibouti), compound words, or common suffixes such as -es, -ed, or -ing as a syllable, or familiar jargon.</entry>
<entry level="1" type="number">

Add the average sentence length and the percentage of complex words (ex., +13.37%, not simply + 0.1337)</entry>
<entry level="1" type="number">

Multiply the result by 0.4</entry>
</list>
</p>
<p>

The complete formula is as follows:</p>
<p>

<indent level="1">

<math>
0.4*\left( \left(\frac{\mbox{words}}{\mbox{sentence}}\right) + 100\left(\frac{\mbox{complex words}}{\mbox{words}}\right) \right )
</math>
</indent>

While the index is a good indication of reading difficulty, it still has limitations. Not all multisyllabic words are difficult. For example, the word "asparagus" is generally not considered to be a difficult word, even though it has four syllables.</p>
<p>

In the late 1960's this index was calculated differently. (<it>The technique of clear writing</it> by Gunning, R.  McGraw-Hill International Book Co; New York, NY 1952.) The original formula demanded  independent clauses to be counted as separate sentences.  The logic was that readers perceive independent clauses as distinct ideas, as they are cognitively synonymous with sentences, and thus measured clarity of ideation within sentence elements as part of the score. Obviously, this would change the sentence count for some writers more than others. In the 1980's, though, it was decided by others that this grammatical distinction was beyond the ability of computers and was of little value.</p>
<p>

There is much writing, "The Rise and Fall of the Roman Empire" by Gibbon for example, where the difference between a score using the modern algorithm shown above and a hand-done score using the original formula would vary greatly. </p>
<p>

The Gunning Fog Index was changed  to make it computer-friendly but counting independent clauses to follow the original Gunning-Fog formula remains an option.</p>

</ss1>
<ss1>
<st>
Example</st>
<p>

The following paragraph, from the Wikipedia article on "<link xlink:type="simple" xlink:href="../595/217595.xml">
logorrhea</link>", has a Gunning-Fog Index of <b>16.6</b>.</p>
<p>

<indent level="1">

The word logorrhoea is often used pejoratively to describe prose that is highly abstract and contains little concrete language. Since abstract writing is hard to visualize, it often seems as though it makes no sense and all the words are excessive. Writers in academic fields that concern themselves mostly with the abstract, such as philosophy and especially postmodernism, often fail to include extensive concrete examples of their ideas, and so a superficial examination of their work might lead one to believe that it is all nonsense.
</indent>

</p>
</ss1>
<sec>
<st>
References</st>
<p>

<reflist>
<entry id="1">
Plain Language At Work Newsletter, <link xlink:type="simple" xlink:href="../210/20210.xml">
23 March</link> <link xlink:type="simple" xlink:href="../524/35524.xml">
2004</link>, http://www.impact-information.com/impactinfo/newsletter/plwork08.htm</entry>
</reflist>
</p>

</sec>
<sec>
<st>
External links</st>
<p>

<list>
<entry level="1" type="bullet">

<weblink xlink:type="simple" xlink:href="http://simbon.madpage.com/Fog/">
Fog Index Calculator</weblink>- a simple web page to cut-and-paste text and then calculate Fog Index</entry>
<entry level="1" type="bullet">

<weblink xlink:type="simple" xlink:href="http://www.online-utility.org/english/readability_test_and_improve.jsp">
Online Fog Index calculator</weblink> - suggestions how to improve readability, different measurements</entry>
<entry level="1" type="bullet">

<weblink xlink:type="simple" xlink:href="http://www.sigmalist.com/SigmaMathTool/FogIndex.aspx">
Readability Calculator</weblink> - Clear and Easy. </entry>
<entry level="1" type="bullet">

<weblink xlink:type="simple" xlink:href="http://www.editcentral.com">
Readability calculators</weblink> - six readability statistics</entry>
<entry level="1" type="bullet">

<weblink xlink:type="simple" xlink:href="http://www.nlpmax.com/Tests/FogIndex.aspx">
Fog Index Calculator</weblink>- See results and recommendations.</entry>
</list>

</p>

</sec>
</bdy>
</higher_cognitive_process>
</trial>
</experiment>
</problem_solving>
</thinking>
</inquiry>
</process>
</article>
