<?xml version="1.0" encoding="UTF-8"?>
<!-- generated by CLiX/Wiki2XML [MPI-Inf, MMCI@UdS] $LastChangedRevision: 92 $ on 17.04.2009 00:15:16[mciao0825] -->
<!DOCTYPE article SYSTEM "../article.dtd">
<article xmlns:xlink="http://www.w3.org/1999/xlink">
<physical_entity  confidence="0.8" wordnetid="100001930">
<person  confidence="0.8" wordnetid="100007846">
<causal_agent  confidence="0.8" wordnetid="100007347">
<scientist  confidence="0.8" wordnetid="110560637">
<research_worker  confidence="0.8" wordnetid="110523076">
<header>
<title>Peter Flach</title>
<id>10371071</id>
<revision>
<id>188572183</id>
<timestamp>2008-02-02T10:20:34Z</timestamp>
<contributor>
<username>Zeno Gantner</username>
<id>6435</id>
</contributor>
</revision>
<categories>
<category>Artificial intelligence researchers</category>
<category>British computer scientists</category>
<category>Dutch computer scientists</category>
<category>Machine learning researchers</category>
</categories>
</header>
<bdy>

<b>Pieter Adriaan Flach</b> (born April 8,1961) is a Dutch computer scientist.<p>

He is one of the leading researchers in the field of <link xlink:type="simple" xlink:href="../253/42253.xml">
data mining</link> and <link xlink:type="simple" xlink:href="../488/233488.xml">
machine learning</link>. He is presently Professor of Artificial Intelligence at the Department of Computer Science at the <university wordnetid="108286163" confidence="0.9508927676800064">
<link xlink:type="simple" xlink:href="../991/60991.xml">
University of Bristol</link></university>
.</p>

<sec>
<st>
Education</st>

<p>

Flach received an MSc Electrical Engineering from <link xlink:type="simple" xlink:href="../629/101629.xml">
Universiteit Twente</link> in 1987 and a <link xlink:type="simple" xlink:href="../775/8775.xml">
PhD</link> in Computer Science from <university wordnetid="108286163" confidence="0.9508927676800064">
<link>
Tilburg University</link></university>
 in 1995.</p>

</sec>
<sec>
<st>
External links</st>
<p>

<list>
<entry level="1" type="bullet">

<weblink xlink:type="simple" xlink:href="http://www.cs.bris.ac.uk/~flach">
Flach's official home page</weblink> at <link xlink:type="simple" xlink:href="../991/60991.xml">
Bristol University</link></entry>
</list>
</p>


</sec>
</bdy>
</research_worker>
</scientist>
</causal_agent>
</person>
</physical_entity>
</article>
