<?xml version="1.0" encoding="UTF-8"?>
<!-- generated by CLiX/Wiki2XML [MPI-Inf, MMCI@UdS] $LastChangedRevision: 92 $ on 16.04.2009 18:02:43[mciao0826] -->
<!DOCTYPE article SYSTEM "../article.dtd">
<article xmlns:xlink="http://www.w3.org/1999/xlink">
<information  confidence="0.8" wordnetid="105816287">
<datum  confidence="0.8" wordnetid="105816622">
<header>
<title>Data corruption</title>
<id>1040512</id>
<revision>
<id>235481649</id>
<timestamp>2008-09-01T00:11:32Z</timestamp>
<contributor>
<username>D1m3b4g</username>
<id>6324576</id>
</contributor>
</revision>
<categories>
<category>Computer data</category>
</categories>
</header>
<bdy>

<b>Data corruption</b> refers to errors in <link xlink:type="simple" xlink:href="../457/7878457.xml">
computer</link> <link xlink:type="simple" xlink:href="../040/18985040.xml">
data</link> that occur during transmission or retrieval, introducing unintended changes to the original data. Computer storage and transmission systems use a number of measures to provide <link xlink:type="simple" xlink:href="../995/40995.xml">
data integrity</link>, the lack of errors.<p>

Data corruption during transmission has a variety of causes. Interruption of data transmission causes <information wordnetid="105816287" confidence="0.8">
<datum wordnetid="105816622" confidence="0.8">
<link xlink:type="simple" xlink:href="../282/1381282.xml">
information loss</link></datum>
</information>
. Environmental conditions can interfere with data transmission, especially when dealing with wireless transmission methods. Heavy clouds can block satellite transmissions. Wireless networks are susceptible to interference from devices such as microwave ovens.</p>
<p>

<information wordnetid="105816287" confidence="0.8">
<datum wordnetid="105816622" confidence="0.8">
<link xlink:type="simple" xlink:href="../282/1381282.xml">
Data loss</link></datum>
</information>
 during storage has two broad causes: hardware and software failure. <link xlink:type="simple" xlink:href="../076/844076.xml">
Head crash</link>es and general wear and tear of media fall into the former category, while software failure typically occurs due to <invertebrate wordnetid="101905661" confidence="0.8">
<arthropod wordnetid="101767661" confidence="0.8">
<bug wordnetid="102236355" confidence="0.8">
<insect wordnetid="102159955" confidence="0.8">
<animal wordnetid="100015388" confidence="0.8">
<link xlink:type="simple" xlink:href="../085/37085.xml">
bugs</link></animal>
</insect>
</bug>
</arthropod>
</invertebrate>
 in the code.</p>
<p>

When data corruption behaves as a <link xlink:type="simple" xlink:href="../660/102660.xml">
Poisson process</link>, where each <link xlink:type="simple" xlink:href="../364/3364.xml">
bit</link> of data has an independently low probability of being changed, data corruption can generally be detected by the use of <link xlink:type="simple" xlink:href="../538/7538.xml">
checksum</link>s, and can often be corrected by the use of <link xlink:type="simple" xlink:href="../375/10375.xml">
error correcting code</link>s.</p>
<p>

If an uncorrectable data corruption is detected, procedures such as automatic retransmission or restoration from <link xlink:type="simple" xlink:href="../867/533867.xml">
backup</link>s can be applied. Certain levels of <link xlink:type="simple" xlink:href="../695/54695.xml">
RAID</link> disk arrays have the ability to store and evaluate parity bits for data across a set of hard disks and can reconstruct corrupted data upon of the failure of a single or multiple disks, dependant on the level of <link xlink:type="simple" xlink:href="../695/54695.xml">
RAID</link> implemented.</p>
<p>

If appropriate mechanisms are employed to detect and remedy data corruption, data integrity can be maintained. This is particularly important in <link xlink:type="simple" xlink:href="../669/19360669.xml">
banking</link>, where an undetected error can drastically affect an account balance, and in the use of <link xlink:type="simple" xlink:href="../294/10294.xml">
encrypted</link> or <link xlink:type="simple" xlink:href="../013/8013.xml">
compressed</link> data, where a small error can make an extensive dataset unusable.</p>


</bdy>
</datum>
</information>
</article>
