<?xml version="1.0" encoding="UTF-8"?>
<!-- generated by CLiX/Wiki2XML [MPI-Inf, MMCI@UdS] $LastChangedRevision: 92 $ on 17.04.2009 00:17:47[mciao0826] -->
<!DOCTYPE article SYSTEM "../article.dtd">
<article xmlns:xlink="http://www.w3.org/1999/xlink">
<written_communication  confidence="0.8" wordnetid="106349220">
<code  confidence="0.8" wordnetid="106667317">
<header>
<title>6S (radiative transfer code)</title>
<id>10414589</id>
<revision>
<id>241902874</id>
<timestamp>2008-09-30T00:46:55Z</timestamp>
<contributor>
<username>II MusLiM HyBRiD II</username>
<id>7383430</id>
</contributor>
</revision>
<categories>
<category>Articles with invalid date parameter in template</category>
<category>Wikify from September 2008</category>
<category>All pages needing to be wikified</category>
<category>Atmospheric radiative transfer codes</category>
</categories>
</header>
<bdy>

<table class="metadata plainlinks ambox ">
<row>
<col>

ambox-style" style=""</col>
</row>
<row>
<col class="mbox-image"><p>

<image width="50px" src="Wikitext.svg">
</image>
</p>
</col>
<col style="" class="mbox-text">
 <b>Please  this article or section.</b>
Help <weblink xlink:type="simple" xlink:href="http://localhost:18088/wiki/index.php?title=6S_%28radiative_transfer_code%29&amp;action=edit">
improve this article</weblink> by adding  . <it>(September 2008)''</it></col>
</row>
</table>

<p>

<b>6SV1</b> (<b>S</b>econd <b>S</b>imulation of a <b>S</b>atellite <b>S</b>ignal in the <b>S</b>olar <b>S</b>pectrum, <b>V</b>ector, version <b>1</b>) is an advanced radiative transfer code designed to simulate the reflection of solar radiation by a coupled atmosphere-surface system for a wide range of atmospheric, spectral and geometrical conditions. The code operates on the basis of an SOS (successive orders of scattering) method and accounts for the polarization of radiation in the atmosphere through the calculation of the Q and U components of the Stokes vector. It is a basic code for the calculation of look-up tables in the MODIS atmospheric correction algorithm.</p>

<sec>
<st>
See also</st>
<p>

<list>
<entry level="1" type="bullet">

<link xlink:type="simple" xlink:href="../762/10396762.xml">
List of atmospheric radiative transfer codes</link></entry>
</list>
</p>

</sec>
<sec>
<st>
External links</st>
<p>

<list>
<entry level="1" type="bullet">

<weblink xlink:type="simple" xlink:href="http://6S.ltdri.org">
http://6S.ltdri.org</weblink> - 6SV1 Web site</entry>
<entry level="1" type="bullet">

<weblink xlink:type="simple" xlink:href="http://rtcodes.ltdri.org">
http://rtcodes.ltdri.org</weblink> - Joint code comparison project</entry>
<entry level="1" type="bullet">

<weblink xlink:type="simple" xlink:href="http://modis-sr.ltdri.org">
http://modis-sr.ltdri.org</weblink> - MODIS atmospheric correction group</entry>
</list>
</p>

</sec>
<sec>
<st>
References</st>
<p>

•	S.Y. Kotchenova, E.F. Vermote, R. Matarrese, &amp; F.J. Klemm, Jr., Validation of a vector version of the 6S radiative transfer code for atmospheric correction of satellite data. Part I: Path Radiance, Applied Optics, 45(26), 6726-6774, 2006.</p>
<p>

•	S.Y. Kotchenova &amp; E.F. Vermote, Validation of a vector version of the 6S radiative transfer code for atmospheric correction of satellite data. Part II: Homogeneous Lambertian and anisotropic surfaces, Applied Optics, in press, 2007.</p>

</sec>
</bdy>
</code>
</written_communication>
</article>
