<?xml version="1.0" encoding="UTF-8"?>
<!-- generated by CLiX/Wiki2XML [MPI-Inf, MMCI@UdS] $LastChangedRevision: 92 $ on 17.04.2009 00:16:49[mciao0825] -->
<!DOCTYPE article SYSTEM "../article.dtd">
<article xmlns:xlink="http://www.w3.org/1999/xlink">
<musician  confidence="0.9173553029164789" wordnetid="110340312">
<actress  confidence="0.9173553029164789" wordnetid="109767700">
<actor  confidence="0.9508927676800064" wordnetid="109765278">
<header>
<title>Andrew Schofield</title>
<id>10422415</id>
<revision>
<id>244686392</id>
<timestamp>2008-10-12T01:24:54Z</timestamp>
<contributor>
<username>Cydebot</username>
<id>1215485</id>
</contributor>
</revision>
<categories>
<category>English television actors</category>
<category>English stage actors</category>
<category>People from Liverpool</category>
<category>People from Kirkby</category>
<category>English film actors</category>
<category>English actors</category>
</categories>
</header>
<bdy>
<template>
<name>Infobox actor</name>
<parameters>

<image width="150px" src="Jessica_Schofield_in_2007.jpg‎">
<caption>

Jessica Schofield in August 2007
</caption>
</image>
<occupation>
Actress</occupation>
<parents>
Andrew and Angela</parents>
<othername>
Jess Schofield</othername>
<birthplace>
<site wordnetid="108651247" confidence="0.9508927676800064">
<link xlink:type="simple" xlink:href="../799/300799.xml">
Kirkby</link></site>
, <village wordnetid="108672738" confidence="0.9508927676800064">
<link xlink:type="simple" xlink:href="../081/18081.xml">
Liverpool</link></village>
, <county wordnetid="108546183" confidence="0.9508927676800064">
<link xlink:type="simple" xlink:href="../325/151325.xml">
Merseyside</link></county>
, <country wordnetid="108544813" confidence="0.9508927676800064">
<link xlink:type="simple" xlink:href="../316/9316.xml">
England</link></country>
, <link xlink:type="simple" xlink:href="../927/1048927.xml">
UK</link></birthplace>
<name>
Jessica Schofield</name>
<birthdate>
6th March 1986</birthdate>
<birthname>
Jessica Schofield</birthname>
<yearsactive>
2006 - present</yearsactive>
</parameters>
</template>
<template>
<name>Infobox actor</name>
<parameters>

<image width="150px" src="Andrew_Schofield_in_August_2007.jpg">
<caption>

Andrew Schofield in August 2007
</caption>
</image>
<occupation>
Actor, Musician</occupation>
<parents>
Joseph and Josephine</parents>
<website>
http://www.drewschofield.com</website>
<children>
Jessica, Laura, Bob and Drew</children>
<othername>
Drew Schofield</othername>
<birthplace>
<site wordnetid="108651247" confidence="0.9508927676800064">
<link xlink:type="simple" xlink:href="../799/300799.xml">
Kirkby</link></site>
 <village wordnetid="108672738" confidence="0.9508927676800064">
<link xlink:type="simple" xlink:href="../081/18081.xml">
Liverpool</link></village>
, <country wordnetid="108544813" confidence="0.9508927676800064">
<link xlink:type="simple" xlink:href="../316/9316.xml">
England</link></country>
</birthplace>
<awards>
2008 Scouseology Award for Theatre</awards>
<imdb_id>
0774508</imdb_id>
<spouse>
Angela Schofield</spouse>
<name>
Andrew Schofield</name>
<birthdate>
1958</birthdate>
<birthname>
Andrew Schofield</birthname>
<yearsactive>
1974 - present</yearsactive>
</parameters>
</template>


<b>Andrew Schofield</b> born in <site wordnetid="108651247" confidence="0.9508927676800064">
<link xlink:type="simple" xlink:href="../799/300799.xml">
Kirkby</link></site>
, <village wordnetid="108672738" confidence="0.9508927676800064">
<link xlink:type="simple" xlink:href="../081/18081.xml">
Liverpool</link></village>
 in 1958 is a <autocracy wordnetid="108361001" confidence="0.8">
<system wordnetid="108435388" confidence="0.8">
<social_group wordnetid="107950920" confidence="0.8">
<political_orientation wordnetid="106212839" confidence="0.8">
<monarchy wordnetid="108363812" confidence="0.8">
<state wordnetid="108168978" confidence="0.8">
<political_unit wordnetid="108359949" confidence="0.8">
<political_system wordnetid="108367880" confidence="0.8">
<economy wordnetid="108366753" confidence="0.8">
<group wordnetid="100031264" confidence="0.8">
<democracy wordnetid="106217103" confidence="0.8">
<link xlink:type="simple" xlink:href="../717/31717.xml">
British</link></democracy>
</group>
</economy>
</political_system>
</political_unit>
</state>
</monarchy>
</political_orientation>
</social_group>
</system>
</autocracy>
 <link xlink:type="simple" xlink:href="../753/753.xml">
actor</link>.
<sec>
<st>
Early Life</st>

<p>

Andrew attended St Kevin's RC Comprehensive School along with the likes of Dave Kirby and Nicky Allt.  At 15 he was cast in <physical_entity wordnetid="100001930" confidence="0.8">
<composer wordnetid="109947232" confidence="0.8">
<communicator wordnetid="109610660" confidence="0.8">
<person wordnetid="100007846" confidence="0.8">
<musician wordnetid="110339966" confidence="0.8">
<causal_agent wordnetid="100007347" confidence="0.8">
<artist wordnetid="109812338" confidence="0.8">
<writer wordnetid="110794014" confidence="0.8">
<dramatist wordnetid="110030277" confidence="0.8">
<creator wordnetid="109614315" confidence="0.8">
<link xlink:type="simple" xlink:href="../657/244657.xml">
Willy Russell</link></creator>
</dramatist>
</writer>
</artist>
</causal_agent>
</musician>
</person>
</communicator>
</composer>
</physical_entity>
's first <dramatic_composition wordnetid="107007684" confidence="0.8">
<play wordnetid="107007945" confidence="0.8">
<written_communication wordnetid="106349220" confidence="0.8">
<writing wordnetid="106362953" confidence="0.8">
<link xlink:type="simple" xlink:href="../622/904622.xml">
Play for Today</link></writing>
</written_communication>
</play>
</dramatic_composition>
 Death of a Young, Young Man.</p>

</sec>
<sec>
<st>
Stage</st>

<p>

His stage credits include starring as the Narrator in Willy Russell's original production of <link xlink:type="simple" xlink:href="../683/1216683.xml">
Blood Brothers</link> in 1983 at the <building wordnetid="102913152" confidence="0.9508927676800064">
<link xlink:type="simple" xlink:href="../205/1172205.xml">
Liverpool Playhouse</link></building>
 and in the subsequent transfer to the <theater wordnetid="104417809" confidence="0.9508927676800064">
<link xlink:type="simple" xlink:href="../976/5530976.xml">
Lyric Theatre</link></theater>
 in London's West End.  He also appeared as George in <link xlink:type="simple" xlink:href="../120/62120.xml">
Of Mice and Men</link> at the <theater wordnetid="104417809" confidence="0.9508927676800064">
<link xlink:type="simple" xlink:href="../824/589824.xml">
Old Vic</link></theater>
, London in 2005.</p>
<p>

More recently Andrew has appeared in all three runs in 2006, 2007 and 2008 of <link>
Brick Up the Mersey Tunnels</link> playing the role of Dickie Lewis, Smigger in <link xlink:type="simple" xlink:href="../131/1567131.xml">
Lost Soul</link> in 2007 and 2008, Brian in Good Golly Miss Molly, Moey in the <physical_entity wordnetid="100001930" confidence="0.8">
<communicator wordnetid="109610660" confidence="0.8">
<person wordnetid="100007846" confidence="0.8">
<causal_agent wordnetid="100007347" confidence="0.8">
<writer wordnetid="110794014" confidence="0.8">
<link xlink:type="simple" xlink:href="../000/838000.xml">
Alan Bleasdale</link></writer>
</causal_agent>
</person>
</communicator>
</physical_entity>
 comedy On the Ledge, Paul Sheldon in Misery and the Traveller in Eight Miles High all at the <theater wordnetid="104417809" confidence="0.9508927676800064">
<link xlink:type="simple" xlink:href="../842/1691842.xml">
Royal Court Theatre</link></theater>
, <village wordnetid="108672738" confidence="0.9508927676800064">
<link xlink:type="simple" xlink:href="../081/18081.xml">
Liverpool</link></village>
.</p>
<p>

He won the 2008 Scouseology Award for Theatre on April 25th 2008 for his versatility and contribution to Liverpool theatre.<ref xlink:type="simple" xlink:href="#xpointer(//reflist/entry[@id=%221%22])">1</ref></p>

</sec>
<sec>
<st>
Film</st>

<p>

Andrew's best known film role is that of <link xlink:type="simple" xlink:href="../933/177933.xml">
Johnny Rotten</link> in Alex Cox's 1986 film <link xlink:type="simple" xlink:href="../975/265975.xml">
Sid and Nancy</link>.  He appeared as Les in Terence Davies' <movie wordnetid="106613686" confidence="0.9508927676800064">
<link xlink:type="simple" xlink:href="../049/1430049.xml">
Distant Voices, Still Lives</link></movie>
, made a small cameo as a hotel receptionist in <product wordnetid="104007894" confidence="0.8">
<creation wordnetid="103129123" confidence="0.8">
<artifact wordnetid="100021939" confidence="0.8">
<event wordnetid="100029378" confidence="0.8">
<social_event wordnetid="107288639" confidence="0.8">
<movie wordnetid="106613686" confidence="0.8">
<show wordnetid="106619065" confidence="0.8">
<psychological_feature wordnetid="100023100" confidence="0.8">
<link xlink:type="simple" xlink:href="../825/779825.xml">
Three Businessmen</link></psychological_feature>
</show>
</movie>
</social_event>
</event>
</artifact>
</creation>
</product>
 and played Carlo in <movie wordnetid="106613686" confidence="0.9508927676800064">
<link xlink:type="simple" xlink:href="../837/250837.xml">
Revengers Tragedy</link></movie>
.</p>

</sec>
<sec>
<st>
TV</st>

<p>

Andrew's biggest TV role was as Francis (Frannie) Scully in <physical_entity wordnetid="100001930" confidence="0.8">
<communicator wordnetid="109610660" confidence="0.8">
<person wordnetid="100007846" confidence="0.8">
<causal_agent wordnetid="100007347" confidence="0.8">
<writer wordnetid="110794014" confidence="0.8">
<link xlink:type="simple" xlink:href="../000/838000.xml">
Alan Bleasdale</link></writer>
</causal_agent>
</person>
</communicator>
</physical_entity>
's 1984 Granada series Scully.  He has also appeared in three more Bleasdale series, as Peter Grenville in GBH in 1991, Jake's Progress in 1995 and as Charlton Ffoulkes in Melissa in 1997.  Other TV credits include Maisie Raine with Pauline Quirke, Murphy's Law with James Nesbitt and Thief Takers. Andrew also played a policeman in the Boys from the Blackstuff episode, Yosser's story in which Bernard Hill as the unfortunate 'yosser' was ordered by Schofield, " don't you but me" To which Yosser promptly did - right on the nose!</p>
<p>

Most recently he played a shepherd in Liverpool Nativity for BBC Three where he sang the <person wordnetid="100007846" confidence="0.9508927676800064">
<artist wordnetid="109812338" confidence="0.9508927676800064">
<link xlink:type="simple" xlink:href="../852/15852.xml">
John Lennon</link></artist>
</person>
 song <link xlink:type="simple" xlink:href="../320/149320.xml">
Imagine</link>.</p>

</sec>
<sec>
<st>
Recordings</st>

<p>

Andrew can be heard on the original cast recording of Blood Brothers and also as a featured vocalist on the <artist wordnetid="109812338" confidence="0.9508927676800064">
<link xlink:type="simple" xlink:href="../115/606115.xml">
Barbara Dickson</link></artist>
 album The 7 Ages of Woman.</p>

</sec>
<sec>
<st>
Private Life</st>

<p>

Andrew still lives in Kirkby near to his parents Joseph and Josie, he is married to Angela who is known as Angie and they have 4 children Jessica, Laura, Bob and Drew.</p>

</sec>
<sec>
<st>
Future Plans</st>

<p>

He will be appearing in Dave Kirby's new play Council Depot Blues at the Royal Court Theatre, Liverpool from 1st - 29th November 2008.</p>

</sec>
<sec>
<st>
Misc Information</st>

<p>

Can also be credited on TV, Stage and Film as Drew Schofield.</p>
<p>

Andrew is also a talented musician who plays both electric and acoustic guitar, banjo and ukulele.</p>
<p>

Featured as a caricature in John Minnion's book Pool of Life.</p>
<p>

Andrew is one of the paintings which makes up Anthony Brown's 100 Heads Exhibition.</p>
<p>

In the 80's Andrew was once a jazz dj on a Merseyside pirate radio station called KGW.</p>


</sec>
<sec>
<st>
 Bob Schofield </st>

<p>

Bob Schofield attended All Saints Catholic High School in 2008. Bob Schofield grusomely slaughtered 8 pupils from his Engineering Kirkby College with the tools of Hack Saw, 1 Pound Hammer and a Screw Driver for asking "Do you like Beowulf?" the victims included Matthew Byrne, Daniel Curley, Dyllon Jones, Stephen Mcinerney, Francis Newall, Dean Kelly, Bradley Hilditch and Patrick Murphy. Bob also cannibalized Stephen Mcinerney, Patrick Murphy and scalped Matthew Byrne full face and stated that "his acne was disturbing". After the Kirkby College Massacare Bob Schofield burnt the college down after his 3rd day of attending.</p>


</sec>
<sec>
<st>
 Jessica Schofield </st>



<p>

Drew's eldest daughter Jessica is an actress and appeared with him in Lost Soul in 2007 after appearing in the premiere of the show in 2006 at the Unity Theatre in Liverpool.  She was born March 6th 1986 in Liverpool and trained at Liverpool Theatre College.</p>
<p>

Jessica is currently appearing as Natalie in Lost Soul at the Royal Court in Liverpool.</p>

</sec>
<sec>
<st>
External links</st>
<p>

<list>
<entry level="1" type="bullet">

 http://www.drewschofield.com</entry>
<entry level="1" type="bullet">

<weblink xlink:type="simple" xlink:href="http://www.imdb.com/name/nm0774508/">
Andrew Schofield</weblink> at the <web_site wordnetid="106359193" confidence="0.9508927676800064">
<link xlink:type="simple" xlink:href="../554/2855554.xml">
Internet Movie Database</link></web_site>
</entry>
<entry level="1" type="bullet">

 http://andrewschofield.org.uk</entry>
<entry level="1" type="bullet">

 http://www.checkmatebooks.com/schofield.htm</entry>
<entry level="1" type="bullet">

 http://www.facebook.com/pages/Andrew-Schofield/8470338118</entry>
<entry level="1" type="bullet">

 <weblink xlink:type="simple" xlink:href="http://www.youtube.com/watch?v=oXBMd_brohI">
See extracts of Misery and an interview with Drew Schofield on YouTube</weblink></entry>
<entry level="1" type="bullet">

 <weblink xlink:type="simple" xlink:href="http://www.whatsonstage.com/blogs/liverpool/?p=155">
Read an interview with Drew Schofield on the What's On Stage Liverpool Blog</weblink></entry>
</list>
</p>

</sec>
<sec>
<st>
References</st>
<p>

<reflist>
<entry id="1">
<weblink xlink:type="simple" xlink:href="http://andrewschofield.org.uk/misc/scouseologyawards08.htm">
<indent level="2">

 Andrew Schofield ::</indent>
</weblink></entry>
</reflist>
</p>


</sec>
</bdy>
</actor>
</actress>
</musician>
</article>
