<?xml version="1.0" encoding="UTF-8"?>
<!-- generated by CLiX/Wiki2XML [MPI-Inf, MMCI@UdS] $LastChangedRevision: 92 $ on 17.04.2009 00:10:21[mciao0828] -->
<!DOCTYPE article SYSTEM "../article.dtd">
<article xmlns:xlink="http://www.w3.org/1999/xlink">
<class  confidence="0.8" wordnetid="107997703">
<collection  confidence="0.8" wordnetid="107951464">
<group  confidence="0.8" wordnetid="100031264">
<header>
<title>Computer appliance</title>
<id>10429990</id>
<revision>
<id>244067898</id>
<timestamp>2008-10-09T04:47:01Z</timestamp>
<contributor>
<username>Nvrijn</username>
<id>4782528</id>
</contributor>
</revision>
<categories>
<category>Classes of computers</category>
</categories>
</header>
<bdy>

A <b>Computer Appliance</b> is generally a separate and discrete hardware component specifically designed to provide a specific compute resource, and which often resides on a dedicated <link xlink:type="simple" xlink:href="../196/81196.xml">
hardware platform</link>.<p>

The term "appliance" came to be applied to these devices because of their similarity to home appliances, which are generally "closed and sealed" -- not serviceable by the owner. In Computer Appliances also, the hardware box is usually sealed and not repairable or upgradeable by the user.</p>

<sec>
<st>
Background</st>
<p>

Traditionally, <link xlink:type="simple" xlink:href="../746/454746.xml">
software applications</link> run on top of a general-purpose <link xlink:type="simple" xlink:href="../194/22194.xml">
operating system</link>, which uses the hardware resources of the local commodity server (primarily memory, disk storage, CPUs and networking bandwidth) to meet the computing needs of the hosted application set. If the local resources in any of these areas are insufficient, performance suffers. Traditionally either one or more applications must then be:
<list>
<entry level="1" type="bullet">

<it>Rehosted on a larger system (vertical <link xlink:type="simple" xlink:href="../529/185529.xml">
scalability</link>).  This approach often leverages <artifact wordnetid="100021939" confidence="0.8">
<instrumentality wordnetid="103575240" confidence="0.8">
<device wordnetid="103183080" confidence="0.8">
<machine wordnetid="103699975" confidence="0.8">
<link xlink:type="simple" xlink:href="../819/646819.xml">
Platform virtualization</link></machine>
</device>
</instrumentality>
</artifact>
 techniques in an attempt to optimally allocate computing resources among multiple "virtual systems" on the new server.</it></entry>
</list>
</p>
<p>

<list>
<entry level="1" type="bullet">

<it>Broken into many separate instances, each of which is then deployed on a different inexpensive commodity server (horizontal <link xlink:type="simple" xlink:href="../529/185529.xml">
scalability</link>). Aside from often requiring changes to the application, and a refactoring of associated data, this approach can also lead to "server sprawl."<ref xlink:type="simple" xlink:href="#xpointer(//reflist/entry[@id=%221%22])">1</ref></it></entry>
</list>
</p>
<p>

Using the Computer Appliance model<ref xlink:type="simple" xlink:href="#xpointer(//reflist/entry[@id=%222%22])">2</ref> the application set can remain deployed on the original host system, since the external appliance supplies (typically massive amounts of) the computing resource the applications are contending for.</p>

</sec>
<sec>
<st>
Tradeoffs of the Computer Appliance Approach</st>

<p>

The major downside of deploying a Computer Appliance is that since they are designed to supply a specific resource, they often include a customized operating system running over specialized hardware, neither of which are likely to be compatible with the other systems previously deployed in the typical data center.</p>
<p>

On the upside, such a Computer Appliance "decouples" the resource it supplies from the systems where the applications using that resource reside.  Once such a resource is decoupled and centralized, it can theoretically be shared among many systems, vastly expanded, centrally managed, and optimized, all without requiring changes to any other system in the data center.<ref xlink:type="simple" xlink:href="#xpointer(//reflist/entry[@id=%223%22])">3</ref><ref xlink:type="simple" xlink:href="#xpointer(//reflist/entry[@id=%224%22])">4</ref></p>

</sec>
<sec>
<st>
Types of Appliances</st>
<p>

The variety of Computer Appliances reflects the wide range of computing resources they provide to applications.  Some examples:
<list>
<entry level="1" type="number">

 Storage Computing Appliances provide massive amounts of storage and additional higher level functionality (ex: <link xlink:type="simple" xlink:href="../823/3118823.xml">
Disk mirroring</link> and <link xlink:type="simple" xlink:href="../567/474567.xml">
Data striping</link>) for multiple attached systems using the transparent local <link xlink:type="simple" xlink:href="../593/266593.xml">
Storage area networks</link> paradigm.<ref xlink:type="simple" xlink:href="#xpointer(//reflist/entry[@id=%225%22])">5</ref></entry>
<entry level="1" type="number">

 Java Computing Appliances<ref xlink:type="simple" xlink:href="#xpointer(//reflist/entry[@id=%226%22])">6</ref> transparently rehost Java applications, using techniques like pauseless <link xlink:type="simple" xlink:href="../734/6734.xml">
Garbage Collecton</link> and Optimistic <link xlink:type="simple" xlink:href="../303/45303.xml">
Thread</link> Concurrency to provide massive amounts of usable memory and <link xlink:type="simple" xlink:href="../218/5218.xml">
CPU</link>s.</entry>
<entry level="1" type="number">

 Network Computing (Internet) Appliances are general purpose <link xlink:type="simple" xlink:href="../748/25748.xml">
router</link>s<ref xlink:type="simple" xlink:href="#xpointer(//reflist/entry[@id=%227%22])">7</ref> which provide <link xlink:type="simple" xlink:href="../296/1362296.xml">
Firewall</link> protection, <message wordnetid="106598915" confidence="0.8">
<protocol wordnetid="106665108" confidence="0.8">
<standard wordnetid="107260623" confidence="0.8">
<direction wordnetid="106786629" confidence="0.8">
<rule wordnetid="106652242" confidence="0.8">
<system_of_measurement wordnetid="113577171" confidence="0.8">
<link xlink:type="simple" xlink:href="../813/187813.xml">
Transport Layer Security</link></system_of_measurement>
</rule>
</direction>
</standard>
</protocol>
</message>
, access to specialized networking protocols (like the <link xlink:type="simple" xlink:href="../996/176996.xml">
ebXML</link> Message Service) and bandwidth <link xlink:type="simple" xlink:href="../389/41389.xml">
multiplexing</link> for the multiple systems they front-end.</entry>
</list>
</p>

</sec>
<sec>
<st>
Internal Structure</st>
<p>

There are several design patterns adopted by Computer Appliance vendors, a few of which are shown below.  Since the whole concept of an appliance rests on keeping such implementation details away from the end user, it is difficult to match these patterns to specific appliances, particularly since they can and do change without affecting external capabilities or performance.
<list>
<entry level="1" type="number">

 Special Chip The vendor builds an <arrangement wordnetid="107938773" confidence="0.8">
<group wordnetid="100031264" confidence="0.8">
<array wordnetid="107939382" confidence="0.8">
<link xlink:type="simple" xlink:href="../845/147845.xml">
ASIC</link></array>
</group>
</arrangement>
, without any separate "software" or operating system.  The appliance has a limited interface, usually terminal console or web-based, to allow some basic configuration by the IT staff.  The manufacturer often provides some way of accessing deeper configuration mechanisms. <company wordnetid="108058098" confidence="0.9508927676800064">
<link xlink:type="simple" xlink:href="../790/14437790.xml">
Azul Systems</link></company>
' Vega 3 Java Compute Appliance is an example; special hardware modifications to the chip enable Java application scaling.</entry>
<entry level="1" type="number">

 Special Software Kernel The vendor uses or creates a general-purpose computer, and designs a new operating system that integrates the application into the operating system. <company wordnetid="108058098" confidence="0.9508927676800064">
<link xlink:type="simple" xlink:href="../746/51746.xml">
Cisco's</link></company>
 <system wordnetid="104377057" confidence="0.8">
<artifact wordnetid="100021939" confidence="0.8">
<instrumentality wordnetid="103575240" confidence="0.8">
<merchandise wordnetid="103748886" confidence="0.8">
<commodity wordnetid="103076708" confidence="0.8">
<link xlink:type="simple" xlink:href="../398/187398.xml">
IOS</link></commodity>
</merchandise>
</instrumentality>
</artifact>
</system>
 is an example; the Unix-like operating system has firewall functions and network/firewall configuration commands built into it. Sometimes, the device is also sealed, so the consumer has no access to reinstall the operating system or replace it with another operating system. The consumer may also be restricted to a small group of configuration commands, while the more detailed and lower level functions of the operating system are only available to the vendor. The more this "locked down" approach is carried out, the closer this type of device comes to appearing like an ASIC device.</entry>
<entry level="1" type="number">

 Specialized Application Off the shelf computers and operating systems are used, but the user interface and "box" are designed so the user cannot access anything on the computer, except for the application interface that the vendor has created. Since the underlying computing architecture is locked down and essentially invisible, it becomes difficult to discern that the device really functions on top of general purpose hardware and operating systems. Linux, and <O wordnetid="106832680" confidence="0.9508927676800064">
<link xlink:type="simple" xlink:href="../622/18932622.xml">
BSD</link></O>
 to a lesser degree, has become the operating system of choice for this type of appliance. Recently the term <link xlink:type="simple" xlink:href="../473/3402473.xml">
software appliance</link> has also been used to describe such a pre-packaged, black-box combination.</entry>
<entry level="1" type="number">

 Virtual Appliance Here the hardware itself has disappeared entirely and become a so-called <link xlink:type="simple" xlink:href="../098/4540098.xml">
virtual appliance</link> (also known as a virtual software appliance) using any one of a number of <link xlink:type="simple" xlink:href="../353/32353.xml">
virtual machine</link> technologies. Within this virtual machine is essentially the same stack of software plus the operating system as in the Specialized Application alternative above).</entry>
</list>
</p>
<p>

Sometimes, these techniques are mixed. For example, a <link xlink:type="simple" xlink:href="../130/147130.xml">
VPN</link> Appliance might contain a limited access software firewall running on Linux, with an encryption ASIC to speed up <link xlink:type="simple" xlink:href="../130/147130.xml">
VPN</link> access.</p>
<p>

Some Computer Appliances are solid state, while others use a hard drive to load an operating system. Again, the two methods might be mixed -- an ASIC print server might allow an optional hard drive for job queueing, or a Linux-based device may encode Linux in <link xlink:type="simple" xlink:href="../155/41155.xml">
firmware</link>, so that a hard drive is not needed to load the operating system.<ref xlink:type="simple" xlink:href="#xpointer(//reflist/entry[@id=%228%22])">8</ref></p>

</sec>
<sec>
<st>
The Consumer Computer Appliances</st>
<p>

Aside from its deployment within the data center, many additional varieties of Computer Appliances are directly used by the general public.  These include:</p>
<p>

<list>
<entry level="1" type="bullet">

<artifact wordnetid="100021939" confidence="0.8">
<instrumentality wordnetid="103575240" confidence="0.8">
<medium wordnetid="106254669" confidence="0.8">
<link xlink:type="simple" xlink:href="../300/348300.xml">
Digital video recorder</link></medium>
</instrumentality>
</artifact>
</entry>
<entry level="1" type="bullet">

<system wordnetid="104377057" confidence="0.9508927676800064">
<link xlink:type="simple" xlink:href="../342/17416342.xml">
Xbox</link></system>
</entry>
<entry level="1" type="bullet">

<link xlink:type="simple" xlink:href="../822/655822.xml">
Information appliance</link></entry>
<entry level="1" type="bullet">

<link xlink:type="simple" xlink:href="../304/23304.xml">
PDA</link> Some consider this to be a form of appliance, since they are not general purpose computing platforms.</entry>
<entry level="2" type="bullet">

<link xlink:type="simple" xlink:href="../866/11866.xml">
GPS</link> map/driving direction devices, especially when <link xlink:type="simple" xlink:href="../706/1445706.xml">
installed in a car</link></entry>
<entry level="2" type="bullet">

<link xlink:type="simple" xlink:href="../079/167079.xml">
Smartphone</link></entry>
<entry level="2" type="bullet">

<link xlink:type="simple" xlink:href="../447/3178447.xml">
e-Mail filter</link> for <link xlink:type="simple" xlink:href="../847/459847.xml">
spam</link> and <link xlink:type="simple" xlink:href="../196/18994196.xml">
viruses</link>, or <message wordnetid="106598915" confidence="0.8">
<protocol wordnetid="106665108" confidence="0.8">
<direction wordnetid="106786629" confidence="0.8">
<rule wordnetid="106652242" confidence="0.8">
<link xlink:type="simple" xlink:href="../737/593737.xml">
S/MIME</link></rule>
</direction>
</protocol>
</message>
 message management</entry>
</list>
</p>

</sec>
<sec>
<st>
See also</st>
<p>

<list>
<entry level="1" type="bullet">

<link xlink:type="simple" xlink:href="../528/1762528.xml">
Linux devices</link></entry>
<entry level="1" type="bullet">

<computer wordnetid="103082979" confidence="0.8">
<application wordnetid="100949134" confidence="0.8">
<occupation wordnetid="100582388" confidence="0.8">
<technology wordnetid="100949619" confidence="0.8">
<profession wordnetid="100609953" confidence="0.8">
<use wordnetid="100947128" confidence="0.8">
<machine wordnetid="103699975" confidence="0.8">
<artifact wordnetid="100021939" confidence="0.8">
<instrumentality wordnetid="103575240" confidence="0.8">
<event wordnetid="100029378" confidence="0.8">
<device wordnetid="103183080" confidence="0.8">
<act wordnetid="100030358" confidence="0.8">
<psychological_feature wordnetid="100023100" confidence="0.8">
<activity wordnetid="100407535" confidence="0.8">
<link xlink:type="simple" xlink:href="../475/1661475.xml">
Green computing</link></activity>
</psychological_feature>
</act>
</device>
</event>
</instrumentality>
</artifact>
</machine>
</use>
</profession>
</technology>
</occupation>
</application>
</computer>
</entry>
<entry level="1" type="bullet">

<link xlink:type="simple" xlink:href="../045/2031045.xml">
Hardware acceleration</link></entry>
</list>
</p>

</sec>
<sec>
<st>
References</st>

<p>

<reflist>
<entry id="1">
<it><weblink xlink:type="simple" xlink:href="http://www.sqlmag.com/Article/ArticleID/94062/sql_server_94062.html">
Server Sprawl</weblink></it>- The High Cost of Server Sprawl, SQL Server Magazine Nov. 2006</entry>
<entry id="2">
<it><weblink xlink:type="simple" xlink:href="http://www.computerweekly.com/Articles/2007/06/05/224539/the-rise-of-the-computing-appliance.htm">
The rise of the Computing Appliance</weblink></it> - Computer Weekly, June 2007</entry>
<entry id="3">
<it><weblink xlink:type="simple" xlink:href="http://www.networkworld.com/columnists/2007/012907-monash.html">
Network Appliances</weblink></it> - Network World, Jan 2007</entry>
<entry id="4">
<it><weblink xlink:type="simple" xlink:href="http://www.monashreport.com/2006/12/27/appliances-barracuda-network-stream-processing/">
Computing Appliances</weblink></it> - The Monash Report, Dec 2006</entry>
<entry id="5">
<it><weblink xlink:type="simple" xlink:href="http://www.networkworld.com/topics/sans.html">
SAN Data Center</weblink></it>- Network World</entry>
<entry id="6">
<it><weblink xlink:type="simple" xlink:href="http://java.sys-con.com/node/590747">
Java Compute Appliance</weblink></it>- JDJ Magazine</entry>
<entry id="7">
<it><weblink xlink:type="simple" xlink:href="http://compnetworking.about.com/cs/routers/g/bldef_router.htm">
Routers</weblink></it>- About.com</entry>
<entry id="8">
 <cite style="font-style:normal" class="book">Smith, Bob; Hardin, John A; Phillips, Graham; Pierce, Bill. <weblink xlink:type="simple" xlink:href="http://books.google.com/books?id=uVu0ax6C3uIC&amp;pg=PA81&amp;dq=%22network+appliance%22+date:2003-2009&amp;lr=&amp;num=100&amp;as_brr=3&amp;sig=QE5mXmjxjbgmQtw11DsRYlnewnE#PPR17,M1">
Linux Appliance Design: A Hands-On Guide to Building Linux Appliances</weblink>.&#32;No Starch Press,&#32;pp. xvii. ISBN 1-59327-140-9. Retrieved on <link>
2008-05-06</link>.</cite>&nbsp;</entry>
</reflist>
</p>

</sec>
</bdy>
</group>
</collection>
</class>
</article>
